CONCESSIE;QUAYCODE;NAME;TOWN;INSTAP_WERK;UITSTAP_WERK;INSTAP_ZA;UITSTAP_ZA;INSTAP_ZO;UITSTAP_ZO
17;NL:Q:16000080;Station;Meppel;11,4;8,8;3,0;2,4;0,0;0,0
17;NL:Q:16000260;Medisch Centrum;Meppel;1,9;2,6;0,4;0,5;0,0;0,0
17;NL:Q:16000280;Gemeenteweg;Halfweg;0,0;0,0;0,0;0,0;0,0;0,0
17;NL:Q:16000290;Gemeenteweg;Halfweg;0,3;0,1;0,1;0,0;0,0;0,0
17;NL:Q:16000480;Station;Meppel;16,2;133,4;0,0;14,6;0,0;0,0
17;NL:Q:16000600;Burg. Knopperslaan;Meppel;0,8;1,7;0,0;0,0;0,0;0,0
17;NL:Q:16000610;Burg. Knopperslaan;Meppel;0,9;1,0;0,0;0,0;0,0;0,0
17;NL:Q:16000710;Steenwijkerstraatweg;Meppel;0,2;0,4;0,0;0,0;0,0;0,0
17;NL:Q:16000720;Steenwijkerstraatweg;Meppel;0,4;0,2;0,0;0,0;0,0;0,0
17;NL:Q:16000770;Reestplantsoen;Meppel;1,2;3,6;0,1;0,3;0,0;0,0
17;NL:Q:16000780;Reestplantsoen;Meppel;3,2;0,9;0,0;0,1;0,0;0,0
17;NL:Q:16000800;De Stouwe;Meppel;20,3;11,2;0,0;0,5;0,0;0,0
17;NL:Q:16000810;De Stouwe;Meppel;11,0;34,4;0,7;0,6;0,0;0,0
17;NL:Q:16000870;Station;Meppel;168,7;23,1;19,6;0,1;0,0;0,0
17;NL:Q:16000910;Leonard Springerlaan;Meppel;0,2;0,3;0,0;0,0;0,0;0,0
17;NL:Q:16000920;Leonard Springerlaan;Meppel;0,1;0,5;0,0;0,1;0,0;0,0
17;NL:Q:16000931;Prinsengracht;Meppel;2,1;2,4;0,8;1,2;0,0;0,0
17;NL:Q:16001010;Hugo de Grootstraat;Meppel;0,9;1,6;0,0;0,0;0,0;0,0
17;NL:Q:16001020;Hugo de Grootstraat;Meppel;1,1;1,7;0,0;0,0;0,0;0,0
17;NL:Q:16110060;Heerenweg;IJhorst;2,9;3,2;0,7;0,5;0,0;0,0
17;NL:Q:16110081;Havixhorst;De Schiphorst;0,1;0,4;0,1;0,2;0,0;0,0
17;NL:Q:16110090;Wiltenweg;De Wijk;0,2;2,7;0,5;0,9;0,0;0,0
17;NL:Q:16110220;Willem Koopsweg;De Wolden;0,4;1,9;0,1;0,5;0,0;0,0
17;NL:Q:16110230;Oosterakker;De Wolden;0,1;0,3;0,0;0,2;0,0;0,0
17;NL:Q:16110240;Verzorgingstehuis;De Wijk;2,1;1,1;1,2;0,6;0,0;0,0
17;NL:Q:16110260;Sparrenlaan;IJhorst;3,4;0,4;0,6;0,1;0,0;0,0
17;NL:Q:16180100;Vlakkenweg;Staphorst;1,3;6,3;0,3;0,1;0,0;0,0
17;NL:Q:16180110;Vlakkenweg;Staphorst;6,5;1,3;0,3;0,4;0,0;0,0
17;NL:Q:16180120;Geerligsland;Staphorst;0,8;3,4;0,0;0,0;0,0;0,0
17;NL:Q:16180130;Geerligsland;Staphorst;3,5;0,9;0,2;0,2;0,0;0,0
17;NL:Q:16180140;Jan Arendsland;Staphorst;1,3;7,7;0,1;0,8;0,0;0,0
17;NL:Q:16180150;Jan Arendsland;Staphorst;5,6;1,5;0,2;0,2;0,0;0,0
17;NL:Q:16180160;Snelweg;Staphorst;0,7;1,4;0,1;0,1;0,0;0,0
17;NL:Q:16180170;Snelweg;Staphorst;2,1;0,7;0,5;0,1;0,0;0,0
17;NL:Q:16180180;Achthoevenweg;Staphorst;7,4;12,4;0,9;1,0;0,0;0,0
17;NL:Q:16180190;Achthoevenweg;Staphorst;9,7;7,7;0,6;0,8;0,0;0,0
17;NL:Q:16180200;Hoogeweg;Staphorst;11,2;25,9;1,3;1,8;0,0;0,0
17;NL:Q:16180210;Hoogeweg;Staphorst;27,3;11,7;3,0;1,4;0,0;0,0
17;NL:Q:16180220;Bergerslag;Staphorst;18,3;21,8;2,6;3,1;0,0;0,0
17;NL:Q:16180230;Bergerslag;Staphorst;19,9;19,2;3,7;3,4;0,0;0,0
17;NL:Q:16180240;Gemeentehuis;Staphorst;10,9;22,2;1,7;1,8;0,0;0,0
17;NL:Q:16180250;Gemeentehuis;Staphorst;24,3;13,0;3,3;1,6;0,0;0,0
17;NL:Q:16180260;Lindenlaan;Staphorst;6,6;8,1;0,8;0,9;0,0;0,0
17;NL:Q:16180270;Lindenlaan;Staphorst;6,7;6,6;0,6;1,4;0,0;0,0
17;NL:Q:16180280;Bejaardenhuis;Staphorst;6,2;3,1;1,0;0,6;0,0;0,0
17;NL:Q:16180290;Bejaardenhuis;Staphorst;4,1;7,2;0,5;1,1;0,0;0,0
17;NL:Q:16180300;Prinses Beatrixstraat;Staphorst;6,3;4,8;2,6;1,1;0,0;0,0
17;NL:Q:16180310;Prinses Beatrixstraat;Staphorst;5,9;6,3;0,8;2,9;0,0;0,0
17;NL:Q:16180320;Boldewijnhuizen;Staphorst;0,3;0,9;0,0;0,0;0,0;0,0
17;NL:Q:16180330;Boldewijnhuizen;Staphorst;1,0;0,4;0,1;0,4;0,0;0,0
17;NL:Q:16280100;Oostermenneweg;Rouveen;0,6;3,0;0,1;0,4;0,0;0,0
17;NL:Q:16280110;Oostermenneweg;Rouveen;2,8;0,6;0,7;0,2;0,0;0,0
17;NL:Q:16280120;Zuideindigerweg;Rouveen;0,9;3,2;0,1;0,3;0,0;0,0
17;NL:Q:16280130;Zuideindigerweg;Rouveen;3,3;0,7;0,2;0,1;0,0;0,0
17;NL:Q:16280140;Stadsweg;Rouveen;1,3;1,2;0,0;0,1;0,0;0,0
17;NL:Q:16280150;Stadsweg;Rouveen;0,9;1,6;0,1;0,2;0,0;0,0
17;NL:Q:16280160;Oude Rijksweg 485;Rouveen;0,8;2,4;0,1;0,4;0,0;0,0
17;NL:Q:16280170;Oude Rijksweg 485;Rouveen;2,1;1,0;0,2;0,2;0,0;0,0
17;NL:Q:16280180;Hervormde Kerk;Rouveen;9,2;34,8;1,3;3,5;0,0;0,0
17;NL:Q:16280190;Hervormde Kerk;Rouveen;33,7;8,2;3,7;1,3;0,0;0,0
17;NL:Q:16280200;Oude Rijksweg 415;Rouveen;1,0;3,1;0,1;0,1;0,0;0,0
17;NL:Q:16280210;Oude Rijksweg 415;Rouveen;3,0;0,9;0,3;0,1;0,0;0,0
17;NL:Q:16280220;Oud Gereformeerde Kerk;Rouveen;0,1;2,1;0,1;0,0;0,0;0,0
17;NL:Q:16280230;Oud Gereformeerde Kerk;Rouveen;1,7;0,2;0,0;0,1;0,0;0,0
17;NL:Q:16280240;Conradsweg;Rouveen;0,7;4,0;0,0;0,2;0,0;0,0
17;NL:Q:16280250;Conradsweg;Rouveen;3,5;0,8;0,3;0,1;0,0;0,0
17;NL:Q:16280260;Schoolwijksweg;Rouveen;1,8;7,2;0,2;0,8;0,0;0,0
17;NL:Q:16280270;Schoolwijksweg;Rouveen;7,6;2,1;1,3;0,1;0,0;0,0
17;NL:Q:16280280;Dekkersweg;Rouveen;1,4;5,2;0,2;0,3;0,0;0,0
17;NL:Q:16280290;Dekkersweg;Rouveen;4,8;1,0;0,5;0,1;0,0;0,0
17;NL:Q:16301020;Station;Steenwijk;0,1;9,1;0,0;0,0;0,0;0,0
17;NL:Q:16380100;Markteweg;Lichtmis;1,0;2,0;0,2;0,2;0,0;0,0
17;NL:Q:16380110;Markteweg;Lichtmis;0,9;1,1;0,2;0,0;0,0;0,0
17;NL:Q:16380120;Steenwetering;Lichtmis;0,1;1,2;0,0;0,3;0,0;0,0
17;NL:Q:16380130;Steenwetering;Lichtmis;0,7;0,1;0,3;0,0;0,0;0,0
17;NL:Q:16380140;Meeleweg;Lichtmis;0,2;2,6;0,0;0,5;0,0;0,0
17;NL:Q:16380150;Meeleweg;Lichtmis;2,3;0,2;0,2;0,0;0,0;0,0
17;NL:Q:16380190;Busstation;Lichtmis;68,5;73,6;2,5;4,1;0,0;0,0
17;NL:Q:16580010;Noordeinde;Zwolle;0,1;1,6;0,1;0,5;0,1;0,1
17;NL:Q:16580020;Noordeinde;Zwolle;1,4;0,2;0,3;0,0;0,1;0,1
17;NL:Q:16580030;Westeinde;Zwolle;0,0;0,1;0,0;0,1;0,0;0,1
17;NL:Q:16580040;Westeinde;Zwolle;0,1;0,2;0,1;0,0;0,0;0,0
17;NL:Q:16580050;Markteweg;Zwolle;0,9;4,8;0,0;1,1;0,1;1,4
17;NL:Q:16580060;Markteweg;Zwolle;3,9;3,6;0,7;0,2;0,9;0,1
17;NL:Q:16580070;Kleefstraat;Zwolle;6,0;12,4;0,3;2,2;0,1;0,4
17;NL:Q:16580080;Kleefstraat;Zwolle;11,8;5,5;2,5;0,8;0,5;0,3
17;NL:Q:16680010;Dedemsweg;Ruitenveen;0,8;4,7;0,2;2,1;0,0;0,6
17;NL:Q:16680020;Dedemsweg;Ruitenveen;4,6;0,7;1,3;0,2;0,7;0,1
17;NL:Q:16680030;Kuitermansweg;Ruitenveen;0,7;7,0;0,2;1,4;0,1;1,3
17;NL:Q:16680040;Kuitermansweg;Ruitenveen;7,4;0,7;1,8;0,2;1,0;0,1
17;NL:Q:16680050;Nieuwe Kreuleweg;Ruitenveen;0,3;4,4;0,1;1,0;0,0;0,8
17;NL:Q:16680060;Nieuwe Kreuleweg;Ruitenveen;3,7;0,3;0,9;0,2;0,5;0,0
17;NL:Q:16680070;Hoevenweg;Ruitenveen;0,2;5,1;0,0;1,4;0,1;1,4
17;NL:Q:16680080;Hoevenweg;Ruitenveen;4,9;0,4;1,8;0,1;0,7;0,0
17;NL:Q:16680090;Middenweg;Ruitenveen;0,0;1,3;0,3;0,5;0,0;0,1
17;NL:Q:16680100;Middenweg;Ruitenveen;1,3;0,2;0,4;0,1;0,3;0,0
17;NL:Q:16680110;Nieuwendijk;Ruitenveen;0,1;1,4;0,0;0,2;0,0;0,0
17;NL:Q:16680120;Nieuwendijk;Ruitenveen;1,2;0,2;0,1;0,1;0,2;0,1
17;NL:Q:16780001;Schuilhut;Nieuwleusen;1,5;1,3;0,3;0,1;0,0;0,0
17;NL:Q:16780010;De Vlijt;Nieuwleusen;1,2;8,7;0,5;2,2;0,4;1,1
17;NL:Q:16780020;De Vlijt;Nieuwleusen;8,0;0,6;2,3;0,4;1,2;0,4
17;NL:Q:16780030;Oosterhulst;Nieuwleusen;0,2;2,2;0,0;0,8;0,0;0,4
17;NL:Q:16780040;Oosterhulst;Nieuwleusen;1,7;0,1;0,8;0,0;0,6;0,0
17;NL:Q:16780050;Den Hulst;Nieuwleusen;15,7;83,1;2,7;9,5;1,0;4,4
17;NL:Q:16780060;Den Hulst;Nieuwleusen;70,8;15,7;6,0;2,0;2,9;0,9
17;NL:Q:16780070;Bejaardencentrum;Nieuwleusen;4,5;24,5;1,7;9,5;0,7;4,8
17;NL:Q:16780080;Baron van Dedemstraat;Nieuwleusen;8,7;1,0;3,5;0,2;2,0;0,1
17;NL:Q:16780090;Gereformeerde Kerk;Nieuwleusen;4,8;27,6;1,2;8,5;0,4;4,8
17;NL:Q:16780100;Bejaardencentrum;Nieuwleusen;23,1;6,0;9,3;2,4;3,9;0,6
17;NL:Q:16780110;Zwembad;Nieuwleusen;3,8;38,9;1,6;8,0;0,7;4,3
17;NL:Q:16780120;Gereformeerde Kerk;Nieuwleusen;27,8;5,1;10,3;1,9;3,9;0,6
17;NL:Q:16780130;Centrum;Nieuwleusen;7,1;71,6;3,2;20,7;0,9;11,6
17;NL:Q:16780140;Zwembad;Nieuwleusen;41,2;3,7;8,8;1,7;6,6;0,7
17;NL:Q:16780150;Westeinde;Nieuwleusen;2,0;24,2;0,4;4,6;0,2;2,7
17;NL:Q:16780160;Centrum;Nieuwleusen;68,8;7,2;24,0;3,2;11,1;1,8
17;NL:Q:16780170;Bouwhuisweg;Nieuwleusen;0,3;9,8;0,1;2,7;0,1;1,7
17;NL:Q:16780180;Westeinde;Nieuwleusen;23,3;2,0;5,1;0,4;2,8;0,5
17;NL:Q:16780190;Molen;Nieuwleusen;0,5;5,7;0,3;1,3;0,0;0,7
17;NL:Q:16780200;Bouwhuisweg;Nieuwleusen;10,6;0,4;3,0;0,1;1,5;0,1
17;NL:Q:16780220;Molen;Nieuwleusen;5,1;0,5;1,4;0,2;0,4;0,1
17;NL:Q:16780300;Grote Markt;Nieuwleusen;3,0;0,1;0,7;0,0;0,0;0,0
17;NL:Q:16780310;Grote Markt;Nieuwleusen;0,0;2,0;0,0;0,5;0,0;0,0
17;NL:Q:16780560;Rollecater Brug;Nieuwleusen;13,7;1,7;0,0;0,0;0,0;0,0
17;NL:Q:16780570;Rollecater Brug;Nieuwleusen;1,2;11,4;0,0;0,0;0,0;0,0
17;NL:Q:17000040;Station;Hoogeveen;160,4;138,4;25,3;21,6;17,7;18,3
17;NL:Q:17000210;Buizerdlaan;Hoogeveen;17,0;11,3;2,1;1,1;1,5;2,2
17;NL:Q:17000220;Buizerdlaan;Hoogeveen;12,4;14,9;2,0;1,6;1,3;1,2
17;NL:Q:17000710;Mr. Cramerweg P+R;Hoogeveen;2,1;6,4;0,4;1,7;0,2;1,8
17;NL:Q:17000730;Mr. Cramerweg P+R;Hoogeveen;10,4;2,5;2,8;0,5;1,4;0,5
17;NL:Q:17001650;Willemskade;Hoogeveen;0,5;2,2;0,0;0,2;0,0;0,3
17;NL:Q:17001660;Willemskade;Hoogeveen;1,5;1,4;0,1;0,1;0,1;0,1
17;NL:Q:17003020;Industrieweg;Hoogeveen;9,5;0,7;0,1;0,0;0,0;0,0
17;NL:Q:17003030;Industrieweg;Hoogeveen;0,3;22,6;0,0;0,2;0,0;0,0
17;NL:Q:17003040;Tamboerpassage;Hoogeveen;19,2;7,0;5,9;0,5;1,5;0,4
17;NL:Q:17003050;Tamboerpassage;Hoogeveen;3,7;16,3;0,7;5,2;0,3;1,8
17;NL:Q:17003120;Wolfsbosstraat;Hoogeveen;5,3;8,1;1,1;2,1;0,7;0,7
17;NL:Q:17003130;Wolfsbosstraat;Hoogeveen;8,2;5,7;1,2;1,3;0,6;0,8
17;NL:Q:17003140;Valkenlaan;Hoogeveen;4,2;6,2;0,1;1,1;0,1;0,8
17;NL:Q:17003150;Valkenlaan;Hoogeveen;8,3;4,5;1,1;0,2;0,7;0,2
17;NL:Q:17003200;'t Haagje;Hoogeveen;12,1;8,7;2,1;0,9;1,3;0,5
17;NL:Q:17003210;'t Haagje;Hoogeveen;6,1;14,4;0,8;4,5;0,4;1,3
17;NL:Q:17190010;Buitenvaart;Hollandscheveld;2,7;2,9;0,1;0,2;0,0;0,1
17;NL:Q:17190020;Buitenvaart;Hollandscheveld;2,3;2,8;0,2;0,2;0,1;0,0
17;NL:Q:17190030;Opgaande 71;Hollandscheveld;0,4;2,2;0,2;0,2;0,2;0,2
17;NL:Q:17190040;Opgaande 71;Hollandscheveld;2,0;0,4;0,1;0,2;0,2;0,1
17;NL:Q:17190050;'t Hoekje;Hollandscheveld;6,6;15,2;0,4;2,1;0,2;0,7
17;NL:Q:17190060;'t Hoekje;Hollandscheveld;14,5;6,3;1,4;0,4;0,7;0,4
17;NL:Q:17190150;Carstensdijk;Zuideropgaande;3,4;6,7;0,1;0,7;0,3;0,4
17;NL:Q:17190160;Carstensdijk;Zuideropgaande;6,1;3,3;0,8;0,3;0,3;0,2
17;NL:Q:17190190;Schooldijkje;Zuideropgaande;0,0;0,2;0,0;0,0;0,0;0,0
17;NL:Q:17190200;Schooldijkje;Zuideropgaande;0,1;0,1;0,0;0,0;0,0;0,0
17;NL:Q:17290010;Riegshoogtendijk;Kerkenveld;0,0;0,3;0,0;0,0;0,0;0,0
17;NL:Q:17290020;Riegshoogtendijk;Kerkenveld;0,2;0,0;0,0;0,0;0,0;0,0
17;NL:Q:17290030;Gedempte Wijde Wijk;Kerkenveld;2,5;4,5;0,5;0,2;0,2;0,1
17;NL:Q:17290040;Gedempte Wijde Wijk;Kerkenveld;4,6;2,7;0,4;0,5;0,2;0,2
17;NL:Q:17290050;Ritmeesterweg;Kerkenveld;0,4;1,2;0,0;0,0;0,0;0,0
17;NL:Q:17290060;Ritmeesterweg;Kerkenveld;1,0;0,4;0,1;0,0;0,0;0,0
17;NL:Q:17290070;Riegshoogtendijk 3;Kerkenveld;0,0;0,1;0,0;0,0;0,0;0,0
17;NL:Q:17290080;Riegshoogtendijk 3;Kerkenveld;0,1;0,1;0,0;0,0;0,0;0,0
17;NL:Q:17290090;Hoogeveenseweg 33;Kerkenveld;0,5;0,4;0,0;0,0;0,0;0,0
17;NL:Q:17290100;Hoogeveenseweg 33;Kerkenveld;0,5;0,6;0,0;0,0;0,1;0,0
17;NL:Q:17290110;Braambergerweg;Kerkenveld;1,1;1,9;0,2;0,6;0,3;0,2
17;NL:Q:17290120;Braambergerweg;Kerkenveld;1,7;1,1;0,4;0,1;0,1;0,3
17;NL:Q:17290130;Hoogeveenseweg 11;Kerkenveld;1,0;0,2;0,3;0,0;0,0;0,0
17;NL:Q:17290140;Hoogeveenseweg 11;Kerkenveld;0,1;1,0;0,0;0,4;0,0;0,0
17;NL:Q:17350030;Riegshoogtendijk;Hollandscheveld;2,2;10,2;0,4;1,1;0,3;0,5
17;NL:Q:17350040;Riegshoogtendijk;Hollandscheveld;11,6;2,2;1,4;0,2;0,6;0,1
17;NL:Q:17350050;Jan Wintersdijkje;Zuideropgaande;0,2;1,2;0,1;0,2;0,0;0,1
17;NL:Q:17350060;Jan Wintersdijkje;Zuideropgaande;1,3;0,3;0,1;0,1;0,0;0,1
17;NL:Q:17480010;Centrum;Balkbrug;34,1;119,6;7,2;18,4;1,8;10,1
17;NL:Q:17480020;Centrum;Balkbrug;131,3;36,7;20,4;7,5;11,0;2,7
17;NL:Q:17480030;Zwolseweg;Balkbrug;1,3;2,3;0,4;2,3;0,2;0,9
17;NL:Q:17480040;Zwolseweg;Balkbrug;1,4;1,2;1,0;0,4;0,5;0,2
17;NL:Q:17480050;d 'Olde Heerd;Balkbrug;3,9;10,6;1,5;3,5;0,2;3,1
17;NL:Q:17480060;d 'Olde Heerd;Balkbrug;11,3;3,5;5,2;1,1;2,4;0,4
17;NL:Q:17480070;Zelhorstweg;Balkbrug;0,7;3,8;0,3;1,5;0,1;0,7
17;NL:Q:17480080;Zelhorstweg;Balkbrug;3,2;0,9;1,0;0,2;0,8;0,1
17;NL:Q:17480090;Nieuweweg (Sluis 4);Balkbrug;1,0;3,9;0,1;0,4;0,2;0,2
17;NL:Q:17480100;Nieuweweg (Sluis 4);Balkbrug;3,3;1,2;0,4;0,1;0,2;0,3
17;NL:Q:19000320;Trageldijk;Coevorden;1,6;0,2;0,0;0,0;0,0;0,0
17;NL:Q:19000330;Trageldijk;Coevorden;0,1;1,8;0,0;0,0;0,0;0,0
17;NL:Q:19001420;;;23,9;25,3;0,0;0,0;0,0;0,0
17;NL:Q:19180200;Scheidijk;De Krim;0,1;0,1;0,0;0,0;0,0;0,0
17;NL:Q:19180210;Scheidijk;De Krim;0,2;0,0;0,0;0,0;0,0;0,0
17;NL:Q:19180220;Dommerskanaal;De Krim;0,3;0,5;0,0;0,0;0,0;0,0
17;NL:Q:19180230;Dommerskanaal;De Krim;0,4;0,5;0,0;0,0;0,0;0,0
17;NL:Q:19180260;Nieuwlandseweg;De Krim;1,3;0,5;0,0;0,0;0,0;0,0
17;NL:Q:19180270;Nieuwlandseweg;De Krim;0,6;0,9;0,0;0,0;0,0;0,0
17;NL:Q:19180280;N.H. Kerk;De Krim;3,1;2,6;0,0;0,0;0,0;0,0
17;NL:Q:19180290;N.H. Kerk;De Krim;3,7;3,1;0,0;0,0;0,0;0,0
17;NL:Q:19180300;Horstra's Wijk;De Krim;3,3;2,1;0,0;0,0;0,0;0,0
17;NL:Q:19180330;Horstra's Wijk;De Krim;2,5;2,8;0,0;0,0;0,0;0,0
17;NL:Q:19180332;Horstra's Wijk/Marsstraat;De Krim;0,0;0,0;0,0;0,0;0,0;0,0
17;NL:Q:19180335;Horstra's Wijk/Marsstraat;De Krim;0,0;0,0;0,0;0,0;0,0;0,0
17;NL:Q:19180350;Marsstraat;De Krim;0,1;0,0;0,0;0,0;0,0;0,0
17;NL:Q:19180450;Slagenweg/Lutteresweg;Ane;0,0;0,0;0,0;0,0;0,0;0,0
17;NL:Q:19280010;Molenweg;De Krim;0,2;0,4;0,0;0,0;0,0;0,0
17;NL:Q:19280020;Molenweg;De Krim;0,6;0,1;0,0;0,0;0,0;0,0
17;NL:Q:19280030;Coevorderweg 171;De Krim;0,3;0,2;0,0;0,0;0,0;0,0
17;NL:Q:19280040;Coevorderweg 171;De Krim;0,3;0,2;0,0;0,0;0,0;0,0
17;NL:Q:19280050;Drukkerij Seinen;De Krim;0,2;0,1;0,0;0,0;0,0;0,0
17;NL:Q:19280060;Drukkerij Seinen;De Krim;0,2;0,2;0,0;0,0;0,0;0,0
17;NL:Q:19280070;Coevorderweg 105;De Krim;0,0;0,0;0,0;0,0;0,0;0,0
17;NL:Q:19380010;Schuineslootweg;Slagharen;9,3;5,8;0,5;1,0;0,4;0,7
17;NL:Q:19380020;Schuineslootweg;Slagharen;5,5;9,2;0,5;0,3;1,1;0,1
17;NL:Q:19380030;Herenstraat 108;Slagharen;0,6;0,2;0,1;0,1;0,0;0,1
17;NL:Q:19380040;Herenstraat 108;Slagharen;0,1;0,7;0,0;0,0;0,0;0,1
17;NL:Q:19380050;Witmanweg;Slagharen;3,2;1,8;0,6;0,8;0,1;0,2
17;NL:Q:19380060;Witmanweg;Slagharen;0,8;2,5;0,2;0,3;0,6;0,2
17;NL:Q:19380070;Vergouwlaan;Slagharen;22,4;11,1;2,7;1,9;2,1;0,9
17;NL:Q:19380080;Vergouwlaan;Slagharen;12,5;20,8;2,2;2,1;1,6;1,4
17;NL:Q:19380151;Centrum;Lutten;164,4;25,0;17,6;2,3;7,8;1,3
17;NL:Q:19380162;Centrum;Lutten;26,3;169,1;4,5;20,4;2,8;9,6
17;NL:Q:19380191;Viaduct;Lutten;17,1;2,7;2,5;0,3;1,1;0,2
17;NL:Q:19380202;Viaduct;Lutten;3,0;16,9;0,2;2,5;0,1;1,4
17;NL:Q:19380280;Coevorderweg 89;Slagharen;0,2;0,1;0,0;0,0;0,0;0,0
17;NL:Q:19380290;Coevorderweg 89;Slagharen;0,0;0,1;0,0;0,0;0,0;0,0
17;NL:Q:19380301;Centrum;Slagharen;15,1;11,8;4,1;2,8;1,2;0,7
17;NL:Q:19380312;Centrum;Slagharen;8,8;19,6;2,2;4,5;1,3;0,7
17;NL:Q:19380313;Centrum;Slagharen;21,2;6,4;5,4;0,0;3,7;0,0
17;NL:Q:19380314;Centrum;Slagharen;5,7;17,6;0,3;5,6;0,0;3,4
17;NL:Q:19380320;Attractiepark;Slagharen;23,2;18,9;17,4;9,4;19,2;7,8
17;NL:Q:19380330;Attractiepark;Slagharen;16,2;20,6;9,8;20,3;8,3;12,2
17;NL:Q:19380340;Dedemsvaartseweg 84;Lutten;1,8;0,3;0,2;0,0;0,1;0,0
17;NL:Q:19380350;Dedemsvaartseweg 84;Lutten;0,1;1,4;0,0;0,2;0,0;0,2
17;NL:Q:19380360;Coevorderweg;Lutten;0,6;1,1;0,2;0,0;0,2;0,0
17;NL:Q:19380370;Coevorderweg;Lutten;0,9;0,7;0,0;0,3;0,0;0,1
17;NL:Q:19380380;Tottenhamstraat/Proatkoele;Lutten;2,4;0,3;0,4;0,1;0,2;0,1
17;NL:Q:19380390;Tottenhamstraat/Proatkoele;Lutten;0,3;2,0;0,2;0,3;0,1;1,6
17;NL:Q:19380400;Ongelukkige Wijk;Lutten;3,2;1,1;0,6;0,2;0,5;0,1
17;NL:Q:19380410;Ongelukkige Wijk;Lutten;0,8;2,7;0,1;0,3;1,5;0,5
17;NL:Q:19480010;Rheezerend 162;Dedemsvaart;0,7;1,8;0,1;0,2;0,1;0,1
17;NL:Q:19480020;Rheezerend 162;Dedemsvaart;1,2;0,6;0,2;0,0;0,2;0,0
17;NL:Q:19480030;Rheezerend;Dedemsvaart;1,9;2,0;0,1;0,2;0,1;0,1
17;NL:Q:19480040;Rheezerend;Dedemsvaart;2,0;1,0;0,2;0,1;0,2;0,1
17;NL:Q:19480050;Rheezerend 60;Dedemsvaart;1,1;1,8;0,3;0,3;0,1;0,2
17;NL:Q:19480060;Rheezerend 60;Dedemsvaart;1,4;1,4;0,2;0,3;0,4;0,1
17;NL:Q:19480070;Industrieweg;Dedemsvaart;3,2;2,4;0,2;0,3;0,0;0,2
17;NL:Q:19480080;Industrieweg;Dedemsvaart;2,7;4,2;0,2;0,2;0,3;0,0
17;NL:Q:19480090;Celsiusstraat;Dedemsvaart;4,0;2,4;0,2;0,4;0,1;0,3
17;NL:Q:19480100;Celsiusstraat;Dedemsvaart;2,6;5,2;0,5;0,3;0,7;0,1
17;NL:Q:19480110;Van Haeringenstraat;Dedemsvaart;2,6;1,6;0,3;0,4;0,3;0,3
17;NL:Q:19480120;Van Haeringenstraat;Dedemsvaart;0,9;3,3;0,5;0,5;0,3;0,2
17;NL:Q:19480130;De Magnolia;Dedemsvaart;9,4;28,2;1,8;7,0;0,6;2,5
17;NL:Q:19480140;De Magnolia;Dedemsvaart;38,1;17,5;4,9;2,0;3,4;0,9
17;NL:Q:19480150;Hazelaar;Dedemsvaart;6,4;26,1;1,6;4,2;0,4;1,7
17;NL:Q:19480160;Hazelaar;Dedemsvaart;26,2;7,0;4,2;1,1;1,7;0,5
17;NL:Q:19480170;Krikkenstraat;Dedemsvaart;3,5;8,7;1,5;2,8;0,8;1,3
17;NL:Q:19480180;Krikkenstraat;Dedemsvaart;6,4;6,4;2,4;1,4;1,0;1,6
17;NL:Q:19480190;Haitjema;Dedemsvaart;20,9;41,3;4,9;10,5;2,9;4,8
17;NL:Q:19480200;Haitjema;Dedemsvaart;47,3;21,8;11,2;4,1;5,4;2,1
17;NL:Q:19480230;Adelaarweg;Dedemsvaart;15,3;72,7;2,8;11,4;1,6;7,2
17;NL:Q:19480240;Adelaarweg;Dedemsvaart;77,0;17,2;12,6;1,6;7,4;1,3
17;NL:Q:19480250;Sportlaan;Dedemsvaart;13,0;35,2;1,4;6,3;1,0;5,0
17;NL:Q:19480260;Sportlaan;Dedemsvaart;39,1;14,5;6,7;2,2;5,4;1,0
17;NL:Q:19480280;Busstation;Dedemsvaart;77,2;14,5;17,7;1,1;12,0;1,0
17;NL:Q:19480290;Busstation;Dedemsvaart;13,8;91,9;2,1;17,8;1,3;9,8
17;NL:Q:19480300;Hoofdvaart 115;Dedemsvaart;2,6;0,6;0,3;0,1;0,2;0,1
17;NL:Q:19480310;Hoofdvaart 115;Dedemsvaart;0,6;1,9;0,0;0,4;0,1;0,2
17;NL:Q:19480320;Hoofdvaart 207;Dedemsvaart;2,0;0,3;0,2;0,0;0,1;0,0
17;NL:Q:19480330;Hoofdvaart 207;Dedemsvaart;0,1;2,0;0,1;0,3;0,0;0,2
17;NL:Q:19480340;Het Rak;Dedemsvaart;2,5;0,6;0,6;0,1;0,3;0,0
17;NL:Q:19480350;Het Rak;Dedemsvaart;0,5;2,2;0,0;0,7;0,0;0,2
17;NL:Q:19480360;De Pol;Dedemsvaart;1,2;0,8;0,3;0,0;0,3;0,0
17;NL:Q:19480370;De Pol;Dedemsvaart;0,5;1,2;0,0;0,5;0,0;0,3
17;NL:Q:19481990;S.G. van der Capellen;Dedemsvaart;5,1;5,1;0,0;0,0;0,0;0,0
17;NL:Q:19580000;Station;Gramsbergen;0,0;0,0;0,0;0,0;0,0;0,0
17;NL:Q:19580040;Aner Molen;Ane;0,0;0,0;0,0;0,0;0,0;0,0
17;NL:Q:19580060;De Viersprong;Ane;0,0;0,0;0,0;0,0;0,0;0,0
17;NL:Q:19580080;Slagenweg/Haarweg;Ane;0,0;0,0;0,0;0,0;0,0;0,0
17;NL:Q:19580100;Slagenweg/Schansweg;Ane;0,0;0,0;0,0;0,0;0,0;0,0
17;NL:Q:24550090;Onnaseveld;Steenwijk;0,2;0,0;0,0;0,0;0,0;0,0
17;NL:Q:24550100;Onnaseveld;Steenwijk;0,1;0,0;0,0;0,0;0,0;0,0
17;NL:Q:24550122;Bedelaarspad;Steenwijk;1,1;0,6;0,0;0,0;0,0;0,0
17;NL:Q:24550130;Bedelaarspad;Steenwijk;1,0;0,8;0,0;0,0;0,0;0,0
17;NL:Q:24550220;Westercluft;Steenwijk;0,4;0,5;0,0;0,0;0,0;0,0
17;NL:Q:24550230;Westercluft;Steenwijk;1,2;0,3;0,0;0,0;0,0;0,0
17;NL:Q:24550260;Station;Steenwijk;14,2;1,1;0,0;0,0;0,0;0,0
17;NL:Q:24550360;Kallenkoterallee;Steenwijk;0,2;0,7;0,0;0,0;0,0;0,0
17;NL:Q:24550370;Kallenkoterallee;Steenwijk;1,0;0,3;0,0;0,0;0,0;0,0
17;NL:Q:24550380;Gagelsweg;Steenwijk;0,3;0,2;0,0;0,0;0,0;0,0
17;NL:Q:24550390;Gagelsweg;Steenwijk;0,6;0,2;0,0;0,0;0,0;0,0
17;NL:Q:24550400;Oostercluft;Steenwijk;0,6;0,9;0,0;0,0;0,0;0,0
17;NL:Q:24550410;Oostercluft;Steenwijk;1,1;0,3;0,0;0,0;0,0;0,0
17;NL:Q:24550420;'t Schar;Steenwijk;0,5;1,1;0,0;0,0;0,0;0,0
17;NL:Q:24550430;'t Schar;Steenwijk;1,6;0,4;0,0;0,0;0,0;0,0
17;NL:Q:24650010;Veendijk;Veendijk;0,4;0,2;0,0;0,0;0,0;0,0
17;NL:Q:24650020;Veendijk;Veendijk;0,0;0,2;0,0;0,0;0,0;0,0
17;NL:Q:24650030;Bovenboer;Veendijk;0,2;0,0;0,0;0,0;0,0;0,0
17;NL:Q:24650040;Bovenboer;Veendijk;0,0;0,1;0,0;0,0;0,0;0,0
17;NL:Q:24650050;Havelterberg;Havelterberg;0,9;0,3;0,0;0,0;0,0;0,0
17;NL:Q:24650060;Havelterberg;Havelterberg;0,3;0,5;0,0;0,0;0,0;0,0
17;NL:Q:24650070;Rotonde;Havelterberg;0,1;0,2;0,0;0,0;0,0;0,0
17;NL:Q:24650080;Rotonde;Havelterberg;0,0;0,1;0,0;0,0;0,0;0,0
17;NL:Q:24750100;Nijeveenseweg;Meppel;0,3;0,5;0,0;0,0;0,0;0,0
17;NL:Q:24750110;Nijeveenseweg;Meppel;0,2;0,7;0,0;0,0;0,0;0,0
17;NL:Q:24750120;De Schalle;Nijeveen;0,6;2,6;0,0;0,0;0,0;0,0
17;NL:Q:24750130;De Schalle;Nijeveen;4,8;0,6;0,0;0,0;0,0;0,0
17;NL:Q:24750140;Molenweg;Nijeveen;0,5;4,3;0,0;0,0;0,0;0,0
17;NL:Q:24750150;Molenweg;Nijeveen;6,4;0,4;0,0;0,0;0,0;0,0
17;NL:Q:24750160;Gemeentehuis;Nijeveen;1,0;7,2;0,0;0,0;0,0;0,0
17;NL:Q:24750170;Gemeentehuis;Nijeveen;14,2;1,4;0,0;0,0;0,0;0,0
17;NL:Q:24750180;Kerkweg;Nijeveen;0,0;0,2;0,0;0,0;0,0;0,0
17;NL:Q:24750190;Kerkweg;Nijeveen;0,7;0,2;0,0;0,0;0,0;0,0
17;NL:Q:24750200;Zonneberg;Nijeveen;0,1;0,2;0,0;0,0;0,0;0,0
17;NL:Q:24750210;Zonneberg;Nijeveen;0,7;0,0;0,0;0,0;0,0;0,0
17;NL:Q:25770020;Mannagras;Zwolle;26,2;38,0;16,5;20,7;6,8;11,5
17;NL:Q:25770030;Klokkengieterlaan;Zwolle;40,7;22,1;24,5;14,0;15,2;8,6
17;NL:Q:25770050;Karveelschipperstraat;Zwolle;32,1;33,2;17,4;19,3;9,9;13,9
17;NL:Q:25770060;Veldbeemdgras;Zwolle;63,5;20,1;37,0;12,1;17,0;4,6
17;NL:Q:25770070;Goudsmidstraat;Zwolle;41,6;34,9;27,4;19,8;13,2;11,4
17;NL:Q:25770110;Fioringras;Zwolle;69,5;78,2;33,6;44,0;19,4;26,2
17;NL:Q:25770230;Bandijklaan;Zwolle;2,1;46,1;0,8;25,3;0,3;13,3
17;NL:Q:25770240;Bandijklaan;Zwolle;48,3;3,7;25,9;1,3;10,5;0,4
17;NL:Q:42124690;Kerkweg;Zwolle;4,4;5,5;4,0;5,4;2,8;3,4
17;NL:Q:43470010;Rabobank;Lettele;3,3;2,9;1,2;1,5;0,0;0,0
17;NL:Q:43470030;Heihoeve;Heeten;1,9;0,1;0,0;0,0;0,0;0,0
17;NL:Q:43470035;Heihoeve;Heeten;0,0;1,9;0,0;0,0;0,0;0,0
17;NL:Q:43470050;'t Reterink;Heeten;0,1;0,0;0,0;0,0;0,0;0,0
17;NL:Q:43470070;Zandbelterbrug;Schalkhaar;0,8;0,0;0,1;0,0;0,0;0,0
17;NL:Q:43470080;Zandbelterbrug;Schalkhaar;0,0;1,0;0,0;0,2;0,0;0,0
17;NL:Q:43470090;Spikker;Schalkhaar;0,2;0,0;0,2;0,0;0,0;0,0
17;NL:Q:43470100;Spikker;Schalkhaar;0,0;0,3;0,0;0,2;0,0;0,0
17;NL:Q:43470110;Garderegimentsweg;Schalkhaar;2,8;2,9;1,1;2,0;0,6;0,6
17;NL:Q:43470170;ten Havesweg;Okkenbroek;0,4;0,5;0,1;0,1;0,0;0,0
17;NL:Q:43470190;De Grote Brander;Okkenbroek;0,9;0,7;0,3;0,4;0,0;0,0
17;NL:Q:43479030;Doldermansweg;Lettele;0,0;0,1;0,0;0,0;0,0;0,0
17;NL:Q:43480010;'t Dijkhuis;Bathmen;10,8;0,4;6,0;0,0;2,1;0,0
17;NL:Q:43480020;'t Dijkhuis;Bathmen;1,4;10,4;0,4;7,5;0,1;3,0
17;NL:Q:43480050;Bannink;Deventer;0,5;0,1;0,6;0,1;0,1;0,0
17;NL:Q:43480060;Bannink;Deventer;0,6;1,1;0,0;0,3;0,0;0,1
17;NL:Q:43480070;Peppelerdijk;Deventer;0,1;0,0;0,1;0,0;0,0;0,0
17;NL:Q:43480080;Peppelerdijk;Deventer;0,0;0,2;0,0;0,2;0,0;0,1
17;NL:Q:43480100;Enklaan;Bathmen;0,7;19,4;0,0;9,0;0,2;6,1
17;NL:Q:43480150;Gemeentewerken;Bathmen;0,3;0,0;0,0;0,0;0,0;0,0
17;NL:Q:43480160;Gemeentewerken;Bathmen;0,0;0,4;0,0;0,0;0,0;0,0
17;NL:Q:43480180;Oude Molen;Bathmen;0,0;0,2;0,0;0,0;0,0;0,0
17;NL:Q:43480190;Polakstraat;Bathmen;6,8;0,7;3,2;0,0;1,2;0,0
17;NL:Q:43480200;Polakstraat;Bathmen;0,5;7,6;0,1;3,9;0,1;1,1
17;NL:Q:43480210;Vegerinkskamp;Bathmen;10,6;0,8;4,7;0,1;1,9;0,0
17;NL:Q:43480220;Vegerinkskamp;Bathmen;1,1;16,9;0,5;7,7;0,1;2,5
17;NL:Q:43480230;Looweg Kuiperij;Bathmen;3,7;10,6;2,3;5,1;0,8;3,9
17;NL:Q:43480240;Looweg Kuiperij;Bathmen;0,1;0,0;0,0;0,0;0,0;0,0
17;NL:Q:43480250;Schipbeeksweg;Bathmen;1,3;0,1;0,0;0,0;0,0;0,0
17;NL:Q:43480260;Schipbeeksweg;Bathmen;67,7;46,3;21,3;15,9;10,4;7,8
17;NL:Q:43480270;Enklaan;Bathmen;19,6;0,3;9,4;0,0;6,4;0,1
17;NL:Q:43570010;Zonnenbergerdijk;Heeten;1,9;0,1;0,2;0,0;0,0;0,0
17;NL:Q:43570030;Bathmenseweg;Heeten;2,3;0,1;0,1;0,0;0,0;0,0
17;NL:Q:43570040;Bathmenseweg;Heeten;0,0;2,3;0,0;0,4;0,0;0,0
17;NL:Q:43570050;Militair Complex;Heeten;0,0;0,0;0,1;0,0;0,0;0,0
17;NL:Q:43570060;Militair Complex;Heeten;0,0;0,1;0,0;0,1;0,0;0,0
17;NL:Q:43570080;'t Reterink;Heeten;0,0;0,1;0,0;0,2;0,0;0,0
17;NL:Q:43580010;Oude Molen;Bathmen;0,2;0,0;0,0;0,0;0,0;0,0
17;NL:Q:43580030;Wilmink;Bathmen;0,0;0,0;0,0;0,0;0,0;0,0
17;NL:Q:43580100;Wagenvoorde;Bathmen;0,0;0,1;0,0;0,0;0,0;0,0
17;NL:Q:43640010;Handelsstraat;Hardenberg;0,1;0,0;0,0;0,0;0,0;0,0
17;NL:Q:43640020;Handelsstraat;Hardenberg;0,0;0,1;0,0;0,0;0,0;0,0
17;NL:Q:43640030;Wavin;Hardenberg;0,1;0,0;0,0;0,0;0,0;0,0
17;NL:Q:43640040;Wavin;Hardenberg;0,0;0,0;0,0;0,0;0,0;0,0
17;NL:Q:43640060;Ziekenhuis;Hardenberg;0,0;0,0;0,0;0,1;0,0;0,0
17;NL:Q:43640070;Station;Hardenberg;163,4;133,8;23,8;21,6;15,0;16,7
17;NL:Q:43640085;Station;Hardenberg;4,7;1,4;1,2;0,6;0,0;0,0
17;NL:Q:43640090;Kanaaldijk;Gramsbergen;0,0;0,0;0,0;0,0;0,0;0,0
17;NL:Q:43640110;Hattemattestraat;Gramsbergen;0,0;0,0;0,0;0,0;0,0;0,0
17;NL:Q:43640130;Welgelegen;Gramsbergen;0,0;0,0;0,0;0,0;0,0;0,0
17;NL:Q:43640150;Ziekenhuis;Hardenberg;0,1;0,1;0,1;0,0;0,0;0,0
17;NL:Q:43640190;Clara Feyoenaheem;Hardenberg;6,0;7,0;0,0;0,0;0,0;0,0
17;NL:Q:43640195;Clara Feyoenaheem;Hardenberg;0,0;0,0;0,1;0,1;0,0;0,0
17;NL:Q:43640210;Meteoorlaan;Hardenberg;0,0;0,0;0,0;0,0;0,0;0,0
17;NL:Q:43640211;Meteoorlaan;Hardenberg;10,5;10,3;0,1;0,0;0,0;0,0
17;NL:Q:43640230;Rheezerweg;Hardenberg;2,2;3,5;0,0;0,1;0,0;0,0
17;NL:Q:43640240;Rheezerweg;Hardenberg;0,0;0,0;0,0;0,0;0,0;0,0
17;NL:Q:43640250;Haarmolen;Heemserveen;18,5;23,0;3,0;5,1;1,4;2,8
17;NL:Q:43640260;Haarmolen;Heemserveen;21,2;18,3;5,0;4,3;2,2;1,6
17;NL:Q:43640310;Middenweg;Heemserveen;0,7;0,5;0,0;0,2;0,0;0,1
17;NL:Q:43640320;Middenweg;Heemserveen;0,2;0,8;0,1;0,1;0,0;0,0
17;NL:Q:43640330;Roelofsmulderweg;Heemserveen;0,0;0,1;0,0;0,0;0,0;0,0
17;NL:Q:43640340;Roelofsmulderweg;Heemserveen;0,1;0,0;0,0;0,0;0,0;0,0
17;NL:Q:43640350;Elfde Wijk;Heemserveen;0,3;0,5;0,0;0,1;0,0;0,0
17;NL:Q:43640360;Elfde Wijk;Heemserveen;0,3;0,9;0,0;0,1;0,0;0,1
17;NL:Q:43640370;De Nieuwe Haven;Hardenberg;0,1;2,1;0,1;0,4;0,0;0,0
17;NL:Q:43640380;De Nieuwe Haven;Hardenberg;0,3;0,1;0,2;0,0;0,0;0,0
17;NL:Q:43640390;Waterinkschool;Hardenberg;5,8;5,3;0,9;0,2;0,6;0,0
17;NL:Q:43640395;Waterinkschool;Hardenberg;0,0;0,0;0,0;0,0;0,0;0,0
17;NL:Q:43640397;Centrum;Hardenberg;41,9;15,9;3,5;0,3;1,0;0,0
17;NL:Q:43640410;Dwarsweg;Bruchterveld;0,1;0,2;0,0;0,0;0,0;0,0
17;NL:Q:43640430;Breeslootdijk;Bruchterveld;0,2;0,1;0,0;0,1;0,0;0,0
17;NL:Q:43640450;School;Ebbenbroek;0,6;0,1;0,0;0,0;0,0;0,0
17;NL:Q:43640520;Dorpshuis;Bruchterveld;0,9;1,1;0,2;0,1;0,0;0,0
17;NL:Q:43640530;Gemeentehuis;Hardenberg;14,4;75,8;0,5;10,6;0,1;2,3
17;NL:Q:43640540;Gemeentehuis;Hardenberg;37,6;1,4;7,7;0,4;1,7;0,1
17;NL:Q:43640600;PKN Kerk;Bruchterveld;2,2;0,1;0,1;0,0;0,0;0,0
17;NL:Q:43640670;Broeklanderweg;Bruchterveld;0,1;0,1;0,0;0,0;0,0;0,0
17;NL:Q:43640710;Molenplein;Hardenberg;6,8;1,4;3,4;0,5;2,0;0,6
17;NL:Q:43640720;Molenplein;Hardenberg;1,2;3,8;0,3;2,6;0,3;1,6
17;NL:Q:43640740;Parkweg 57;Hardenberg;0,1;0,0;0,0;0,0;0,0;0,0
17;NL:Q:43640750;De Brink;Hardenberg;0,6;0,5;0,1;0,1;0,0;0,0
17;NL:Q:43640760;Merelstraat;Hardenberg;0,0;0,0;0,0;0,0;0,0;0,0
17;NL:Q:43641000;Station;Hardenberg;0,8;4,4;0,2;0,5;0,0;0,0
17;NL:Q:43670030;Stellingmolen;Heeten;5,3;0,1;0,5;0,0;0,0;0,0
17;NL:Q:43670040;Stellingmolen;Heeten;0,0;5,6;0,0;1,0;0,0;0,0
17;NL:Q:43670060;Zonnenbergerdijk;Heeten;0,0;1,9;0,0;0,2;0,0;0,0
17;NL:Q:43670100;'t Pleintie;Nieuw-Heeten;4,2;3,3;0,5;0,5;0,0;0,0
17;NL:Q:43670120;Bijvanksweg;Nieuw-Heeten;0,4;0,5;0,1;0,1;0,0;0,0
17;NL:Q:43679030;Centrum;Heeten;8,7;7,0;1,4;1,5;0,0;0,0
17;NL:Q:43679035;Centrum;Heeten;0,3;1,2;0,1;0,2;0,0;0,0
17;NL:Q:43679040;Centrum;Heeten;1,3;0,4;0,0;0,1;0,0;0,0
17;NL:Q:43680010;Wagenvoorde;Bathmen;0,0;0,0;0,0;0,0;0,0;0,0
17;NL:Q:43680030;De Smid;Dijkerhoek;0,0;0,0;0,0;0,0;0,0;0,0
17;NL:Q:43680040;De Smid;Dijkerhoek;0,0;0,0;0,0;0,0;0,0;0,0
17;NL:Q:43680080;Wegstapel;Dijkerhoek;0,0;0,0;0,0;0,0;0,0;0,0
17;NL:Q:43680120;Aaltinksweg;Holten;0,0;0,0;0,0;0,0;0,0;0,0
17;NL:Q:43770150;Koerselmansweg;Okkenbroek;0,1;0,2;0,0;0,0;0,0;0,0
17;NL:Q:43770170;Okkenbroekerveldweg;Okkenbroek;0,1;0,0;0,0;0,0;0,0;0,0
17;NL:Q:43770180;Okkenbroekerveldweg;Okkenbroek;0,0;1,1;0,0;0,5;0,0;0,0
17;NL:Q:43770210;Oostermaatsdijk;Okkenbroek;0,1;0,2;0,1;0,1;0,0;0,0
17;NL:Q:43770230;Vlessendijk;Nieuw-Heeten;0,5;0,2;0,1;0,0;0,0;0,0
17;NL:Q:43779010;Kerk;Okkenbroek;1,3;0,4;0,1;0,2;0,0;0,0
17;NL:Q:43780090;Scholengemeenschap;Holten;0,0;8,9;0,0;0,0;0,0;0,0
17;NL:Q:43780100;Scholengemeenschap;Holten;6,6;0,0;0,0;0,0;0,0;0,0
17;NL:Q:43780150;Aaltinksweg;Holten;0,0;0,0;0,0;0,0;0,0;0,0
17;NL:Q:43890190;Dorpsstraat;Kloosterhaar;0,3;0,1;0,2;0,1;0,0;0,0
17;NL:Q:43890200;Verlengde Broekdijk;Kloosterhaar;1,6;1,1;0,2;0,2;0,0;0,0
17;NL:Q:43929030;Oude Deventerweg;Holten;0,2;0,1;0,0;0,0;0,0;0,0
17;NL:Q:43929040;Oude Deventerweg;Holten;0,0;0,0;0,0;0,0;0,0;0,0
17;NL:Q:43990002;Stationsweg;Mariënberg;0,0;0,0;0,0;0,0;0,0;0,0
17;NL:Q:43990070;Kanaalbrug;Bergentheim;0,0;0,1;0,0;0,0;0,0;0,0
17;NL:Q:43990080;Kanaalbrug;Bergentheim;0,0;0,0;0,0;0,0;0,0;0,0
17;NL:Q:43990101;Station;Marienberg;0,8;0,5;0,8;0,5;0,0;0,0
17;NL:Q:43990110;Cafe;Beerzerveld;0,7;0,4;0,5;0,4;0,0;0,0
17;NL:Q:43990130;Schuurmanstraat;Beerzerveld;0,1;0,1;0,0;0,0;0,0;0,0
17;NL:Q:43990155;Van Alewijkstraat;Beerzerveld;0,0;0,0;0,0;0,0;0,0;0,0
17;NL:Q:43990160;Kloosterdijk;Marienberg;0,0;0,0;0,0;0,0;0,0;0,0
17;NL:Q:43990200;De Pallegarste;Marienberg;0,0;0,0;0,0;0,0;0,0;0,0
17;NL:Q:43990210;Camping Kleine Belties;Rheeze;0,0;0,0;0,0;0,1;0,0;0,0
17;NL:Q:43990220;Camping Kleine Belties;Rheeze;0,0;0,0;0,0;0,0;0,0;0,0
17;NL:Q:43990230;De Gloepe;Diffelen;0,0;0,0;0,0;0,0;0,0;0,0
17;NL:Q:43990240;De Gloepe;Diffelen;0,1;0,0;0,0;0,0;0,0;0,0
17;NL:Q:43990250;Rheezerkamp/Overweg;Rheeze;0,0;0,0;0,0;0,0;0,0;0,0
17;NL:Q:43990260;Rheezerkamp/Overweg;Rheeze;0,0;0,0;0,0;0,0;0,0;0,0
17;NL:Q:43990270;Ringweg;Rheeze;0,1;0,1;0,0;0,1;0,0;0,0
17;NL:Q:43990280;Ringweg;Rheeze;0,1;0,1;0,1;0,1;0,0;0,0
17;NL:Q:43990290;Haarweg;Bergentheim;0,0;0,0;0,0;0,0;0,0;0,0
17;NL:Q:43990310;J.H.C. Bastingplein;Bergentheim;0,2;0,1;0,1;0,0;0,0;0,0
17;NL:Q:43990320;J.H.C. Bastingplein;Bergentheim;0,1;0,3;0,1;0,2;0,0;0,0
17;NL:Q:43990350;Kanaalweg West;Bergentheim;0,0;0,0;0,0;0,0;0,0;0,0
17;NL:Q:43990360;Kanaalweg West;Bergentheim;0,0;0,0;0,0;0,0;0,0;0,0
17;NL:Q:43990440;Oud Bergentheim;Bergentheim;0,0;0,1;0,0;0,0;0,0;0,0
17;NL:Q:43990530;Waaijerinkweg;Beerzerhaar;0,2;0,1;0,0;0,0;0,0;0,0
17;NL:Q:43990535;Beerzerweg;Beerze;0,1;0,5;0,1;0,2;0,0;0,0
17;NL:Q:43990540;Oude Beerzerweg;Ommen;0,0;0,1;0,0;0,1;0,0;0,0
17;NL:Q:43990550;Beerzerpoort;Ommen;0,1;0,1;0,0;0,1;0,0;0,0
17;NL:Q:43991100;Station;Marienberg;0,5;0,2;0,2;0,2;0,0;0,0
17;NL:Q:43992001;Camping De Oldemeijer;Rheeze;0,0;0,1;0,0;0,0;0,0;0,0
17;NL:Q:43992002;Camping De Oldemeijer;Rheeze;0,1;0,0;0,0;0,1;0,0;0,0
17;NL:Q:43992003;Camp. De Vechtstr./'t Veld;Rheeze;0,1;0,2;0,1;0,0;0,0;0,0
17;NL:Q:43992004;Camp. De Vechtstr./'t Veld;Rheeze;0,3;0,1;0,1;0,1;0,0;0,0
17;NL:Q:43992005;Camping De Zandstuve;Rheeze;0,0;0,1;0,0;0,1;0,0;0,0
17;NL:Q:43992006;Camping De Zandstuve;Rheeze;0,1;0,0;0,1;0,1;0,0;0,0
17;NL:Q:43992007;Junglecamping;Rheeze;0,0;0,1;0,0;0,0;0,0;0,0
17;NL:Q:43992008;Junglecamping;Rheeze;0,1;0,0;0,0;0,0;0,0;0,0
17;NL:Q:45940500;Beerzerhooiweg;Beerze;0,1;0,1;0,0;0,0;0,0;0,0
17;NL:Q:46000040;Brekken;Zwolle;37,2;40,1;11,0;11,5;4,8;5,4
17;NL:Q:46000050;Händellaan;Zwolle;25,0;18,5;16,0;12,0;7,4;4,4
17;NL:Q:46000070;Diasporalaan;Zwolle;2,3;9,0;1,5;5,2;0,8;3,1
17;NL:Q:46000100;Diasporalaan;Zwolle;11,3;2,3;6,0;1,5;2,2;0,7
17;NL:Q:46000110;Van der Schuerenmarke;Zwolle;2,0;24,5;1,4;13,5;0,9;8,5
17;NL:Q:46000120;Van der Schuerenmarke;Zwolle;25,3;5,3;14,8;3,3;8,2;1,8
17;NL:Q:46000130;Van Nispensingel;Zwolle;4,4;34,7;1,5;24,1;0,9;13,2
17;NL:Q:46000140;Van Nispensingel;Zwolle;34,6;3,4;23,6;2,5;13,9;1,2
17;NL:Q:46000150;Van Hasseltmarke;Zwolle;0,6;13,3;0,3;8,3;0,2;6,7
17;NL:Q:46000160;Van Hasseltmarke;Zwolle;13,2;0,5;8,5;0,3;5,9;0,2
17;NL:Q:46000170;Molenweg;Zwolle;105,7;3,9;0,0;0,0;0,0;0,0
17;NL:Q:46000190;Zwartewaterallee;Zwolle;17,0;0,7;0,0;0,0;0,0;0,0
17;NL:Q:46000200;Zwartewaterallee;Zwolle;0,2;26,9;0,0;0,0;0,0;0,0
17;NL:Q:46000230;Klimopstraat;Zwolle;2,8;4,9;2,3;3,8;0,9;2,4
17;NL:Q:46000240;Lindestraat;Zwolle;1,5;2,6;0,2;0,0;0,2;0,0
17;NL:Q:46000330;Muijdermanstraat;Zwolle;1,2;9,6;0,5;3,0;0,1;1,1
17;NL:Q:46000340;Muijdermanstraat;Zwolle;9,6;1,0;3,0;0,6;1,3;0,2
17;NL:Q:46000430;Hollewandsweg;Zwolle;1,8;20,6;0,9;11,8;0,4;6,6
17;NL:Q:46000440;Hollewandsweg;Zwolle;26,3;1,2;13,8;0,7;7,6;0,7
17;NL:Q:46000550;Eekwal/Centrum;Zwolle;135,3;39,9;60,7;21,3;22,2;11,4
17;NL:Q:46000570;Dokter Hengeveldweg;Zwolle;90,0;149,1;3,3;10,3;2,0;8,4
17;NL:Q:46000800;Groot Wezenland;Zwolle;21,4;17,4;8,6;11,5;3,2;1,3
17;NL:Q:46000810;Nw. Deventerw./Ittersumall.;Zwolle;2,5;26,0;1,8;14,5;0,5;9,2
17;NL:Q:46000820;Nw. Deventerw./Ittersumall.;Zwolle;26,5;3,0;14,6;1,6;8,2;0,6
17;NL:Q:46000830;Troelstralaan;Zwolle;0,9;50,2;0,6;32,4;0,2;21,8
17;NL:Q:46000860;Troelstralaan;Zwolle;43,2;1,1;31,8;4,4;17,4;0,3
17;NL:Q:46000950;Groot Wezenland;Zwolle;12,9;20,2;4,4;9,8;1,8;3,1
17;NL:Q:46000955;Groot Wezenland;Zwolle;1,5;13,7;1,5;4,5;0,3;4,9
17;NL:Q:46001000;Park de Wezenlanden;Zwolle;56,4;147,4;5,4;2,8;2,0;1,4
17;NL:Q:46001010;Zuster van de Kolkstraat;Zwolle;0,7;6,1;0,7;5,1;1,4;3,3
17;NL:Q:46001020;Zuster van de Kolkstraat;Zwolle;5,9;1,0;3,7;0,8;2,4;0,2
17;NL:Q:46001030;Zwarteweg;Zwolle;2,8;14,2;0,5;6,4;0,2;6,0
17;NL:Q:46001040;Zwarteweg;Zwolle;11,2;0,9;5,1;0,4;4,2;0,3
17;NL:Q:46001100;Assendorperdijk;Zwolle;91,3;279,6;5,6;8,3;3,0;4,3
17;NL:Q:46001130;Roelingsbeek;Zwolle;24,6;10,6;20,3;11,2;7,5;4,9
17;NL:Q:46001170;Eemlaan;Zwolle;1,4;87,4;0,6;41,2;0,6;24,4
17;NL:Q:46001180;Eemlaan;Zwolle;75,6;1,9;36,9;0,8;15,6;0,5
17;NL:Q:46001200;Ittersumallee;Zwolle;2,4;17,8;0,0;0,0;0,0;0,0
17;NL:Q:46001300;Caspar Fagelstraat;Zwolle;32,6;2,6;18,8;0,7;12,1;0,4
17;NL:Q:46001320;Paulus Buysstraat;Zwolle;19,9;1,0;14,8;0,4;8,3;0,1
17;NL:Q:46001340;Celebesstraat;Zwolle;14,8;0,7;12,6;0,4;7,4;0,2
17;NL:Q:46001360;Thomas a Kempisstraat;Zwolle;33,6;5,7;24,1;2,2;12,9;0,7
17;NL:Q:46001380;Wkc Diezerpoort;Zwolle;23,1;8,8;7,2;7,5;2,9;3,4
17;NL:Q:46001542;Dokter Hengeveldweg;Zwolle;82,5;25,9;7,1;1,0;3,3;0,3
17;NL:Q:46001560;Isala ziekenhuis;Zwolle;162,3;196,9;16,9;9,4;8,0;3,6
17;NL:Q:46001610;Dijkstraat;Zwolle;67,7;105,8;56,5;52,9;15,8;28,4
17;NL:Q:46001630;Rodetorenplein;Zwolle;67,9;166,0;64,6;98,3;23,6;42,9
17;NL:Q:46001650;IJsselcentraleweg;Zwolle;2,8;19,8;0,4;6,2;0,2;2,0
17;NL:Q:46001660;Dijkstraat;Zwolle;84,9;72,2;35,0;68,7;15,1;15,8
17;NL:Q:46001670;Eekwal/Centrum;Zwolle;27,8;133,2;23,5;69,8;8,2;28,1
17;NL:Q:46001680;Rodetorenplein;Zwolle;135,3;90,5;68,9;63,2;22,5;25,0
17;NL:Q:46001710;van Karnebeektunnel;Zwolle;5,8;42,9;2,2;10,3;1,0;4,9
17;NL:Q:46001730;Lubeckplein;Zwolle;61,9;276,2;1,5;28,6;0,4;20,0
17;NL:Q:46001740;van Karnebeektunnel;Zwolle;13,1;7,8;6,2;3,7;3,5;2,0
17;NL:Q:46001750;Provinciehuis;Zwolle;17,5;2,3;7,7;0,7;4,4;0,2
17;NL:Q:46001760;Lubeckplein;Zwolle;38,5;6,1;7,0;1,4;4,4;0,6
17;NL:Q:46001770;Koggelaan;Zwolle;8,0;14,4;1,2;1,9;0,3;1,3
17;NL:Q:46001780;Koggelaan;Zwolle;5,2;9,8;0,9;0,9;0,3;0,5
17;NL:Q:46001790;Burg. van Walsumlaan;Zwolle;456,4;17,1;4,5;1,1;0,8;0,2
17;NL:Q:46001800;Burg. van Walsumlaan;Zwolle;16,0;343,6;0,7;5,2;0,2;0,7
17;NL:Q:46001830;Wkc Diezerpoort;Zwolle;5,6;29,5;6,9;13,8;2,9;10,8
17;NL:Q:46001870;Thomas a Kempisstraat;Zwolle;4,3;40,6;2,7;31,1;0,8;23,5
17;NL:Q:46001890;Celebesstraat;Zwolle;1,0;17,3;0,7;14,1;0,4;12,7
17;NL:Q:46001910;Paulus Buysstraat;Zwolle;1,0;22,2;0,6;16,2;0,3;13,0
17;NL:Q:46001930;Caspar Fagelstraat;Zwolle;4,1;40,7;1,8;20,9;1,2;15,5
17;NL:Q:46001970;Sassenpoort;Zwolle;21,6;34,7;19,7;31,4;8,9;10,6
17;NL:Q:46001990;Kerkbrugje;Zwolle;45,1;77,4;52,8;46,5;15,1;17,4
17;NL:Q:46002000;Kerkbrugje;Zwolle;69,6;54,7;37,7;74,1;9,2;18,2
17;NL:Q:46002010;Isala ziekenhuis;Zwolle;128,0;122,9;0,0;0,0;0,0;0,0
17;NL:Q:46002040;Sassenpoort;Zwolle;18,8;31,6;15,3;29,5;5,6;12,4
17;NL:Q:46002560;Kuyerhuislaan;Zwolle;1,7;1,8;0,0;0,0;0,0;0,0
17;NL:Q:46002620;Wkc Zuid;Zwolle;0,8;0,6;0,0;0,0;0,0;0,0
17;NL:Q:46002700;Gedeputeerdenlaan;Zwolle;14,3;16,1;8,1;12,7;4,6;10,3
17;NL:Q:46002710;Gedeputeerdenlaan;Zwolle;13,4;17,0;13,2;12,6;10,1;6,3
17;NL:Q:46002960;Blaloweg/Hasselterweg;Zwolle;8,5;0,9;3,9;0,2;1,1;0,3
17;NL:Q:46003000;Otterveld;Zwolle;3,5;14,9;1,9;9,5;1,3;4,6
17;NL:Q:46003050;Otterveld;Zwolle;16,5;4,3;10,7;1,9;4,5;1,4
17;NL:Q:46003110;Wkc Forelkolk;Zwolle;5,7;19,3;3,1;11,3;0,8;3,7
17;NL:Q:46003120;Wkc Forelkolk;Zwolle;18,0;4,0;10,7;2,0;3,9;1,0
17;NL:Q:46003130;Brasemkolk;Zwolle;1,2;6,0;0,5;3,9;0,1;1,7
17;NL:Q:46003140;Brasemkolk;Zwolle;5,8;2,6;3,4;1,5;1,3;0,3
17;NL:Q:46003150;Marsweg;Zwolle;1,6;0,6;0,0;0,0;0,0;0,0
17;NL:Q:46003170;Hazenveld;Zwolle;0,7;12,5;0,4;6,0;0,1;3,6
17;NL:Q:46003180;Hazenveld;Zwolle;14,1;1,2;7,1;0,7;3,8;0,4
17;NL:Q:46003200;Van Leeuwtemarke;Zwolle;2,6;19,6;2,8;13,7;1,2;6,6
17;NL:Q:46003240;Herenweg;Zwolle;18,7;8,6;6,4;2,6;3,2;0,8
17;NL:Q:46003250;Van Leeuwtemarke;Zwolle;21,1;2,8;16,1;2,5;9,3;1,4
17;NL:Q:46003290;Heerkensmarke;Zwolle;1,1;17,6;0,6;10,4;0,2;5,1
17;NL:Q:46003310;Heerkensmarke;Zwolle;20,3;1,5;12,4;0,7;6,2;0,4
17;NL:Q:46003800;Oldeneelallee;Zwolle;2,0;17,7;0,0;0,0;0,0;0,0
17;NL:Q:46003850;Oldeneelallee;Zwolle;14,2;2,8;0,0;0,0;0,0;0,0
17;NL:Q:46003900;Nieuwe Deventerweg/KWS;Zwolle;4,8;4,4;0,0;0,0;0,0;0,0
17;NL:Q:46003950;Nieuwe Deventerweg/KWS;Zwolle;2,6;3,9;0,0;0,0;0,0;0,0
17;NL:Q:46004180;De Ruyterplein;Zwolle;0,3;7,5;0,2;5,9;0,1;3,9
17;NL:Q:46004190;Corn. Houtmanstraat;Zwolle;3,3;12,6;2,4;8,4;0,8;5,4
17;NL:Q:46004210;Herenweg;Zwolle;13,8;22,6;3,7;12,0;1,2;5,9
17;NL:Q:46004270;Tesselschadestraat;Zwolle;28,4;14,0;17,4;7,6;10,4;4,8
17;NL:Q:46004310;Jacob Catsstraat;Zwolle;18,1;1,8;8,3;0,9;5,1;0,1
17;NL:Q:46004410;Schuurmanstraat;Zwolle;79,0;106,6;12,6;50,1;4,1;11,1
17;NL:Q:46004450;Schuurmanstraat;Zwolle;85,4;50,1;29,1;7,4;10,8;3,9
17;NL:Q:46004500;Trompstraat;Zwolle;49,6;4,2;23,9;1,7;9,7;0,5
17;NL:Q:46004530;Stadion;Zwolle;3,2;155,9;1,4;70,1;0,5;32,8
17;NL:Q:46004670;Deltion Campus;Zwolle;844,7;1340,5;3,1;38,6;1,4;26,4
17;NL:Q:46004680;Deltion Campus;Zwolle;2142,7;1412,5;28,6;3,3;14,0;3,6
17;NL:Q:46004720;Hanzelanden Oost;Zwolle;2,8;5,2;0,2;2,8;0,1;2,2
17;NL:Q:46004721;Hanzelanden Oost;Zwolle;2,6;6,9;1,1;0,3;1,1;0,2
17;NL:Q:46004740;Park de Wezenlanden;Zwolle;121,9;53,3;3,7;5,9;0,7;3,4
17;NL:Q:46004760;Assendorperdijk;Zwolle;267,1;120,5;10,1;13,2;3,4;3,2
17;NL:Q:46004780;Ittersumallee;Zwolle;11,9;2,9;0,0;0,0;0,0;0,0
17;NL:Q:46004790;Nieuwe Deventerweg;Zwolle;1,4;29,4;0,9;20,9;0,3;13,9
17;NL:Q:46005335;Klooienberglaan;Zwolle;23,1;2,2;13,8;1,2;8,8;0,9
17;NL:Q:46005370;Wkc Diezerpoort;Zwolle;42,7;141,4;43,6;50,1;13,1;26,8
17;NL:Q:46005380;Wkc Diezerpoort;Zwolle;119,8;32,2;52,6;31,5;18,2;6,7
17;NL:Q:46005410;Frans Halsstraat;Zwolle;5,1;35,1;3,8;13,2;1,7;9,8
17;NL:Q:46005420;Frans Halsstraat;Zwolle;29,7;7,0;15,6;7,1;8,5;2,7
17;NL:Q:46005550;Pergolesisstraat;Zwolle;73,3;47,1;28,1;23,9;12,9;13,1
17;NL:Q:46005570;Buxtehudestraat;Zwolle;45,0;31,7;22,3;15,7;10,8;7,9
17;NL:Q:46005590;Bellinistraat;Zwolle;49,6;39,4;39,6;31,0;21,3;18,6
17;NL:Q:46005625;Klooienberglaan;Zwolle;3,2;21,7;1,6;13,3;1,0;10,9
17;NL:Q:46005850;Bachlaan;Zwolle;4,8;0,1;0,0;0,0;0,0;0,0
17;NL:Q:46005860;Bachlaan;Zwolle;0,0;4,1;0,0;0,0;0,0;0,0
17;NL:Q:46005880;Bachlaan;Zwolle;20,6;60,3;7,8;15,0;3,7;7,6
17;NL:Q:46005920;Hunzelaan;Zwolle;11,0;13,0;11,1;19,8;3,6;5,6
17;NL:Q:46006030;Dahliastraat;Zwolle;4,6;2,3;1,5;0,3;0,7;0,1
17;NL:Q:46006110;Hortensiastraat;Zwolle;21,8;13,0;8,2;8,8;5,9;8,6
17;NL:Q:46006130;Molenweg;Zwolle;33,5;135,5;0,0;0,0;0,0;0,0
17;NL:Q:46006150;Irisstraat;Zwolle;3,6;9,6;2,7;6,2;1,3;5,1
17;NL:Q:46006190;Klaasboerstraat;Zwolle;3,3;19,8;1,7;6,9;0,6;2,3
17;NL:Q:46006255;Isala ziekenhuis;Zwolle;353,6;311,4;42,0;58,2;23,0;25,4
17;NL:Q:46006530;Burgemeester Roelenweg;Zwolle;41,6;170,0;5,0;5,5;2,1;2,5
17;NL:Q:46006540;Burgemeester Roelenweg;Zwolle;81,1;88,2;3,8;13,1;2,3;6,8
17;NL:Q:46006600;Blaloweg/Rieteweg;Zwolle;1,2;15,2;0,5;3,9;0,4;5,4
17;NL:Q:46006650;Blaloweg/Rieteweg;Zwolle;10,6;0,7;1,8;0,7;1,4;0,3
17;NL:Q:46006820;Wkc De Dobbe;Zwolle;11,5;148,9;8,6;78,0;3,6;43,0
17;NL:Q:46006830;Wkc De Dobbe;Zwolle;10,6;0,6;0,0;0,0;0,0;0,0
17;NL:Q:46006840;De Zoom;Zwolle;0,2;8,9;0,0;0,0;0,0;0,0
17;NL:Q:46006850;De Zoom;Zwolle;12,6;0,4;0,0;0,0;0,0;0,0
17;NL:Q:46007000;Vrolijkheid;Zwolle;26,9;89,7;3,7;5,3;1,4;2,2
17;NL:Q:46007010;Vrolijkheid;Zwolle;46,8;22,0;3,6;3,6;1,5;0,7
17;NL:Q:46007020;Meppelerstraatweg;Zwolle;22,4;16,0;3,9;8,1;2,0;5,1
17;NL:Q:46007030;Meppelerstraatweg;Zwolle;35,1;34,2;7,5;3,0;5,1;0,7
17;NL:Q:46008050;Wkc Zuid/Democratenlaan;Zwolle;10,5;40,0;8,2;26,2;1,2;8,7
17;NL:Q:46008080;Wkc Zuid/Democratenlaan;Zwolle;48,6;7,8;34,0;5,0;13,3;0,7
17;NL:Q:46008110;Esdoornstraat;Zwolle;291,7;10,8;13,9;2,3;8,2;0,5
17;NL:Q:46008120;Esdoornstraat;Zwolle;29,0;312,7;2,5;13,2;1,2;7,2
17;NL:Q:46008160;Gombertstraat;Zwolle;75,6;9,4;42,1;5,5;21,5;1,5
17;NL:Q:46008180;Bachplein;Zwolle;33,8;209,1;17,4;65,0;7,8;49,2
17;NL:Q:46008220;Bachplein;Zwolle;278,6;90,6;104,0;60,0;47,1;26,1
17;NL:Q:46008240;Welle;Zwolle;19,0;19,8;13,5;13,6;5,4;6,7
17;NL:Q:46008250;Oosterdiep;Zwolle;36,6;37,8;30,9;30,2;13,5;21,0
17;NL:Q:46008260;Morra;Zwolle;21,2;7,3;16,6;6,5;7,5;2,4
17;NL:Q:46008270;Zijpe;Zwolle;31,2;14,1;18,5;8,6;10,7;6,5
17;NL:Q:46008290;Maaslaan;Zwolle;12,9;18,0;8,6;11,4;4,9;7,1
17;NL:Q:46008300;Volterbeek;Zwolle;38,5;37,7;25,1;25,5;11,1;15,8
17;NL:Q:46008320;Elsbeek;Zwolle;14,5;15,5;11,9;11,6;6,2;6,1
17;NL:Q:46008330;Volkerak;Zwolle;9,9;1,4;5,5;0,6;2,6;0,4
17;NL:Q:46008360;Wkc De Dobbe;Zwolle;134,5;8,7;64,2;7,6;31,3;2,4
17;NL:Q:46008380;Provinciehuis;Zwolle;2,4;17,4;0,7;7,6;0,6;3,8
17;NL:Q:46008390;Trompstraat;Zwolle;4,0;57,3;1,8;23,6;0,5;14,3
17;NL:Q:46008410;Hogenkampsweg;Zwolle;97,4;12,8;54,4;8,3;31,7;2,6
17;NL:Q:46008420;Jofferenlaan;Zwolle;0,7;6,2;0,5;3,1;0,3;2,0
17;NL:Q:46008430;Jofferenlaan;Zwolle;6,1;0,8;3,0;0,5;1,6;0,4
17;NL:Q:46008440;Wkc Zuid/Patriottenlaan;Zwolle;58,8;43,2;62,3;45,5;44,1;30,3
17;NL:Q:46008450;Wkc Zuid/Patriottenlaan;Zwolle;32,6;67,2;28,5;62,2;17,3;38,7
17;NL:Q:46008460;Hogenkampsweg;Zwolle;13,6;100,7;8,5;57,3;2,3;40,4
17;NL:Q:46008580;Stadion;Zwolle;530,2;333,6;47,0;2,8;25,2;0,2
17;NL:Q:46040010;Kasteel Rechteren;Dalfsen;0,0;0,0;0,0;0,0;0,0;0,0
17;NL:Q:46050010;Cafe Restaurant Madrid;Hessum;0,0;0,2;0,0;0,0;0,0;0,0
17;NL:Q:46050020;Cafe Restaurant Madrid;Hessum;0,1;0,0;0,0;0,0;0,0;0,0
17;NL:Q:46050030;Huize Vilsteren;Vilsteren;0,0;0,2;0,0;0,0;0,0;0,0
17;NL:Q:46050040;Huize Vilsteren;Vilsteren;0,2;0,0;0,0;0,0;0,0;0,0
17;NL:Q:46050050;Gasunie;Vilsteren;0,1;0,0;0,0;0,0;0,0;0,0
17;NL:Q:46050060;Gasunie;Vilsteren;0,0;0,1;0,0;0,0;0,0;0,0
17;NL:Q:46050070;Kaasboerderij Heileuver;Dalmsholte;0,1;0,1;0,0;0,0;0,0;0,0
17;NL:Q:46050090;De Marshoeve;Dalmsholte;0,1;0,1;0,0;0,0;0,0;0,0
17;NL:Q:46050100;De Marshoeve;Dalmsholte;0,0;0,1;0,0;0,0;0,0;0,0
17;NL:Q:46060010;Camping Bergzicht;Giethmen;0,0;0,0;0,0;0,0;0,0;0,0
17;NL:Q:46060020;Camping Bergzicht;Giethmen;0,0;0,0;0,0;0,0;0,0;0,0
17;NL:Q:46060030;Camping Nieuwe Brug;Nieuwe Brug;0,0;0,2;0,0;0,0;0,0;0,0
17;NL:Q:46060040;Camping Nieuwe Brug;Nieuwe Brug;0,0;0,0;0,0;0,0;0,0;0,0
17;NL:Q:46100000;Frankhuizerallee;Zwolle;58,8;0,6;33,1;0,4;18,4;0,1
17;NL:Q:46100010;Frankhuizerallee;Zwolle;1,4;62,8;0,9;38,4;0,2;21,4
17;NL:Q:46100020;Twistvlietbrug;Zwolle;26,3;0,6;13,5;0,3;7,1;0,1
17;NL:Q:46100030;Twistvlietbrug;Zwolle;0,8;36,5;0,4;21,0;0,2;11,7
17;NL:Q:46100040;Katerdijk;zwolle;3,6;21,7;0,5;2,3;0,4;1,4
17;NL:Q:46100050;Katerdijk;zwolle;8,2;4,1;2,4;0,5;2,3;0,3
17;NL:Q:46100060;Belvederelaan;Zwolle;64,8;1,3;39,7;0,7;20,6;0,5
17;NL:Q:46100070;Belvederelaan;Zwolle;2,4;126,6;1,5;81,1;0,6;39,0
17;NL:Q:46100080;Wkc Stadshagen;Zwolle;58,5;9,0;41,4;6,1;17,8;2,6
17;NL:Q:46100130;Rozentunnel;Zwolle;9,6;14,3;1,2;7,9;0,3;3,5
17;NL:Q:46100135;;;1,2;0,5;0,0;0,0;0,0;0,0
17;NL:Q:46100150;Havezathentunnel;Zwolle;30,7;34,4;10,5;18,4;6,3;10,1
17;NL:Q:46100170;Nijenhuislaan;Zwolle;48,6;61,3;21,2;20,7;12,0;13,9
17;NL:Q:46104021;Katwolderplein/centrum;Zwolle;440,3;254,4;190,6;74,3;67,5;39,0
17;NL:Q:46104022;Katwolderplein/centrum;Zwolle;289,8;604,8;64,1;201,4;36,0;67,9
17;NL:Q:46104031;Griegstraat;Zwolle;6,9;52,1;4,2;33,2;1,7;15,1
17;NL:Q:46104033;Waallaan;Zwolle;9,5;30,7;4,3;19,1;1,1;10,3
17;NL:Q:46110010;Kuyerhuislaan;Zwolle;2,3;1,0;0,0;0,0;0,0;0,0
17;NL:Q:46110200;De Zon;Wijthmen;0,4;0,6;0,0;0,0;0,0;0,0
17;NL:Q:46110250;De Zon;Wijthmen;0,5;0,3;0,0;0,0;0,0;0,0
17;NL:Q:46110400;De Marslanden;Wijthmen;4,6;12,7;0,0;0,0;0,0;0,0
17;NL:Q:46110750;School De Ambelt;Herfte;0,1;5,2;0,0;0,0;0,0;0,0
17;NL:Q:46112650;De Marslanden;Wijthmen;7,5;4,1;0,0;0,0;0,0;0,0
17;NL:Q:46120050;Bedrijvenpark Hessenpoort;Zwolle;27,8;5,1;0,0;0,0;0,0;0,0
17;NL:Q:46120060;Bedrijvenpark Hessenpoort;Zwolle;4,6;27,5;0,0;0,0;0,0;0,0
17;NL:Q:46120090;Bergkloosterweg;Zwolle;6,4;4,7;1,8;2,3;0,7;1,3
17;NL:Q:46120100;Bentheimstraat;Zwolle;33,3;4,8;33,4;3,4;10,6;1,2
17;NL:Q:46120110;Bentheimstraat;Zwolle;5,6;43,2;4,0;32,9;2,2;10,6
17;NL:Q:46120120;Vechtbrug;Zwolle;3,4;1,2;0,9;3,0;0,8;0,1
17;NL:Q:46120130;Vechtbrug;Zwolle;1,6;6,9;0,3;1,8;0,2;1,2
17;NL:Q:46120140;Bergkloosterweg;Zwolle;5,9;3,9;3,0;1,2;1,3;0,3
17;NL:Q:46120160;Campherbeeklaan;Zwolle;15,8;10,2;2,8;1,1;1,2;0,4
17;NL:Q:46120200;Campherbeeklaan;Zwolle;5,5;8,8;1,2;2,7;0,4;0,4
17;NL:Q:46120270;Nieuwleusenerdijk;Zwolle;3,5;3,4;0,0;0,0;0,0;0,0
17;NL:Q:46120280;Nieuwleusenerdijk;Zwolle;1,9;6,4;0,0;0,0;0,0;0,0
17;NL:Q:46124590;Hazelaarlaan;Zwolle;1,3;16,4;0,7;13,7;0,5;7,3
17;NL:Q:46124600;Hazelaarlaan;Zwolle;13,0;0,2;10,3;0,1;6,2;0,0
17;NL:Q:46124610;Wkc Berkum;Zwolle;3,0;25,6;2,5;19,9;0,9;11,1
17;NL:Q:46124620;Wkc Berkum;Zwolle;15,2;0,2;10,8;0,3;5,6;0,0
17;NL:Q:46124640;Vossiuslaan;Zwolle;3,8;7,5;2,4;6,2;1,4;3,6
17;NL:Q:46124650;Grotiuslaan;Zwolle;3,2;3,5;3,2;4,1;1,7;1,7
17;NL:Q:46124670;Hugo de Vrieslaan;Zwolle;5,6;6,9;7,1;7,7;3,5;4,1
17;NL:Q:46124710;Erasmuslaan;Zwolle;17,6;8,4;13,4;6,0;8,6;3,4
17;NL:Q:46200030;Koelmansstraat;Lenthe;3,2;1,7;0,0;0,0;0,0;0,0
17;NL:Q:46200050;Jonkman;Heino;9,6;1,2;0,0;0,0;0,0;0,0
17;NL:Q:46200070;Hagenweg;Lenthe;1,1;0,0;0,0;0,0;0,0;0,0
17;NL:Q:46200080;Hagenweg;Lenthe;0,1;1,3;0,0;0,0;0,0;0,0
17;NL:Q:46200100;De Gunne;Lenthe;0,0;0,1;0,0;0,0;0,0;0,0
17;NL:Q:46200110;De Gunne;Lenthe;0,0;0,0;0,0;0,0;0,0;0,0
17;NL:Q:46200120;De Jong;Lenthe;0,2;0,1;0,0;0,0;0,0;0,0
17;NL:Q:46200130;De Jong;Lenthe;0,1;0,1;0,0;0,0;0,0;0,0
17;NL:Q:46200400;Koelmansstraat;Lenthe;0,7;0,9;0,0;0,0;0,0;0,0
17;NL:Q:46200600;Koelmansstraat;Lenthe;0,2;0,8;0,0;0,0;0,0;0,0
17;NL:Q:46204010;Molenhoek;Hoonhorst;0,7;0,2;0,0;0,0;0,0;0,0
17;NL:Q:46210020;Marsweg;Hoonhorst;0,1;1,2;0,0;0,0;0,0;0,0
17;NL:Q:46210030;Marsweg;Hoonhorst;0,4;0,1;0,0;0,0;0,0;0,0
17;NL:Q:46210060;Klapvoortweg;Hoonhorst;0,0;0,1;0,0;0,0;0,0;0,0
17;NL:Q:46210070;Klapvoortweg;Hoonhorst;0,0;0,0;0,0;0,0;0,0;0,0
17;NL:Q:46210080;Oudeweg;Emmen;0,1;0,2;0,0;0,0;0,0;0,0
17;NL:Q:46210090;Oudeweg;Emmen;0,2;0,0;0,0;0,0;0,0;0,0
17;NL:Q:46210110;Emmerweg;Emmen;0,3;0,2;0,0;0,0;0,0;0,0
17;NL:Q:46210120;Emmerweg;Emmen;0,2;0,2;0,0;0,0;0,0;0,0
17;NL:Q:46210130;Overweg NS;Dalfsen;0,1;0,2;0,0;0,0;0,0;0,0
17;NL:Q:46210140;Centrum;Hoonhorst;4,2;1,2;0,0;0,0;0,0;0,0
17;NL:Q:46210150;Centrum;Hoonhorst;1,3;3,7;0,0;0,0;0,0;0,0
17;NL:Q:46214000;Molenhoek;Hoonhorst;0,2;0,4;0,0;0,0;0,0;0,0
17;NL:Q:46291002;Broekdijk;Brucht;0,0;0,1;0,0;0,0;0,0;0,0
17;NL:Q:46300050;'t Reelaer;Heino;0,3;1,3;0,0;0,0;0,0;0,0
17;NL:Q:46300110;School;Lierderholthuis;0,4;0,9;0,0;0,0;0,0;0,0
17;NL:Q:46300130;Brug;Lierderholthuis;0,5;0,6;0,0;0,0;0,0;0,0
17;NL:Q:46300150;Kappert;Lierderholthuis;0,2;0,2;0,0;0,0;0,0;0,0
17;NL:Q:46300180;Kastanje;Heino;0,1;0,4;0,0;0,0;0,0;0,0
17;NL:Q:46300200;Wolfkamp;Heino;1,0;1,5;0,0;0,0;0,0;0,0
17;NL:Q:46300210;Station;Heino;6,5;3,0;0,0;0,0;0,0;0,0
17;NL:Q:46300230;Kiezebos;Heino;0,2;0,3;0,0;0,0;0,0;0,0
17;NL:Q:46300250;Wolfkamp;Heino;1,3;0,3;0,0;0,0;0,0;0,0
17;NL:Q:46300270;Brinkzicht;Heino;0,4;1,3;0,0;0,0;0,0;0,0
17;NL:Q:46300300;Klaproos;Heino;0,8;6,6;0,0;0,0;0,0;0,0
17;NL:Q:46300350;Klaproos;Heino;5,6;0,6;0,0;0,0;0,0;0,0
17;NL:Q:46300390;Marktplein;Heino;0,7;0,5;0,0;0,0;0,0;0,0
17;NL:Q:46300400;Marktplein;Heino;5,8;13,5;0,0;0,0;0,0;0,0
17;NL:Q:46300450;Marktplein;Heino;11,6;4,8;0,0;0,0;0,0;0,0
17;NL:Q:46300500;Van der Capellenweg;Heino;1,0;7,9;0,0;0,0;0,0;0,0
17;NL:Q:46300550;Van der Capellenweg;Heino;5,5;1,4;0,0;0,0;0,0;0,0
17;NL:Q:46300600;Jonkman;Heino;1,1;11,5;0,0;0,0;0,0;0,0
17;NL:Q:46300900;Bibliotheek;Heino;0,0;0,0;0,0;0,0;0,0;0,0
17;NL:Q:46300950;Bibliotheek;Heino;0,5;2,4;0,0;0,0;0,0;0,0
17;NL:Q:46301000;Pastorielaan;Heino;0,2;0,1;0,0;0,0;0,0;0,0
17;NL:Q:46301050;Pastorielaan;Heino;0,1;0,2;0,0;0,0;0,0;0,0
17;NL:Q:46310100;Overweg NS;Dalfsen;0,1;0,0;0,0;0,0;0,0;0,0
17;NL:Q:46310150;Gemeentehuis;Dalfsen;3,4;1,8;0,1;0,4;0,0;0,0
17;NL:Q:46310300;Gemeentehuis;Dalfsen;3,1;4,4;0,6;0,1;0,0;0,0
17;NL:Q:46310350;Pleijendal;Dalfsen;3,1;1,1;0,0;0,0;0,0;0,0
17;NL:Q:46310450;De Trefkoele;Dalfsen;8,5;3,7;0,0;0,0;0,0;0,0
17;NL:Q:46310500;Pleijendal;Dalfsen;0,8;3,3;0,0;0,0;0,0;0,0
17;NL:Q:46310600;De Trefkoele;Dalfsen;4,3;6,6;0,0;0,0;0,0;0,0
17;NL:Q:46310610;De Trefkoele;Dalfsen;2,0;3,2;0,3;0,5;0,0;0,0
17;NL:Q:46310620;De Trefkoele;Dalfsen;0,7;2,3;0,1;0,3;0,0;0,0
17;NL:Q:46310750;Bontekamp;Dalfsen;4,3;1,1;0,0;0,0;0,0;0,0
17;NL:Q:46310760;Bontekamp;Dalfsen;3,2;3,3;0,0;0,0;0,0;0,0
17;NL:Q:46310900;Bontekamp;Dalfsen;1,8;4,5;0,0;0,0;0,0;0,0
17;NL:Q:46311005;Station;Dalfsen;89,9;78,1;5,2;2,6;0,0;0,0
17;NL:Q:46311010;Foreco;Dalfsen;0,1;0,4;0,0;0,0;0,0;0,0
17;NL:Q:46311011;Foreco;Dalfsen;0,1;0,1;0,0;0,0;0,0;0,0
17;NL:Q:46311013;Kortersweg;Dalfsen;0,2;0,1;0,0;0,0;0,0;0,0
17;NL:Q:46311014;Kortersweg;Dalfsen;0,1;0,3;0,0;0,0;0,0;0,0
17;NL:Q:46311050;Polhaarweg;Dalfsen;4,2;14,9;0,4;1,3;0,0;0,0
17;NL:Q:46311100;Polhaarweg;Dalfsen;13,2;2,9;0,8;0,0;0,0;0,0
17;NL:Q:46311130;Haersolteweg;Dalfsen;0,0;0,5;0,0;0,3;0,0;0,0
17;NL:Q:46311140;Haersolteweg;Dalfsen;0,3;0,0;0,2;0,0;0,0;0,0
17;NL:Q:46311150;Gernerslag;Ankum;0,4;0,0;0,0;0,0;0,0;0,0
17;NL:Q:46311155;Huize Gerner;Dalfsen;0,5;1,0;0,1;0,6;0,0;0,0
17;NL:Q:46311160;Huize Gerner;Dalfsen;0,7;0,6;0,6;0,2;0,0;0,0
17;NL:Q:46311170;Langkamp;Dalfsen;0,6;1,2;0,3;0,3;0,0;0,0
17;NL:Q:46311180;Langkamp;Dalfsen;0,6;1,3;0,1;0,4;0,0;0,0
17;NL:Q:46311190;WZC Rosengaerde;Dalfsen;2,5;2,2;0,5;0,7;0,0;0,0
17;NL:Q:46311200;WZC Rosengaerde;Dalfsen;0,9;3,3;0,1;1,0;0,0;0,0
17;NL:Q:46311500;Kievitsbloem;Dalfsen;2,2;5,2;0,0;0,5;0,0;0,0
17;NL:Q:46311550;Kievitsbloem;Dalfsen;5,7;2,3;0,2;0,0;0,0;0,0
17;NL:Q:46330010;Noorderpark;Nieuwleusen;3,2;3,3;0,4;0,5;0,0;0,0
17;NL:Q:46400054;Station;Raalte;120,8;1,7;31,2;0,4;22,7;0,1
17;NL:Q:46400055;Station;Raalte;2,6;159,6;0,9;29,4;0,3;19,2
17;NL:Q:46400100;Station;Raalte;52,0;5,1;0,5;0,6;0,0;0,0
17;NL:Q:46400152;Kruisstraat;Raalte;15,0;0,9;5,9;0,2;3,4;0,0
17;NL:Q:46400200;Kruisstraat;Raalte;0,3;14,0;0,1;5,8;0,0;2,9
17;NL:Q:46400250;Westdorplaan;Raalte;32,6;3,3;10,3;0,5;7,2;0,5
17;NL:Q:46400300;Westdorplaan;Raalte;2,3;34,1;0,2;12,5;0,1;7,7
17;NL:Q:46400550;Postkantoor;Raalte;26,2;1,6;5,9;0,3;4,1;0,4
17;NL:Q:46400700;Postkantoor;Raalte;0,6;28,0;0,4;6,9;0,1;3,6
17;NL:Q:46401150;Pauluskerk;Raalte;34,7;7,9;13,5;2,1;10,5;1,2
17;NL:Q:46401250;De Haar;Raalte;6,0;1,2;0,0;0,1;0,0;0,0
17;NL:Q:46401350;Langkampweg;Raalte;4,4;0,9;0,0;0,1;0,0;0,0
17;NL:Q:46401400;De Hoven;Raalte;3,9;21,2;1,0;10,0;0,6;6,6
17;NL:Q:46401470;Carpoolplaats;Raalte;10,2;0,7;0,0;0,0;0,0;0,0
17;NL:Q:46401500;Pauluskerk;Raalte;6,9;32,8;1,7;12,4;0,4;10,4
17;NL:Q:46401550;Peelsbos;Raalte;0,2;0,0;0,0;0,0;0,0;0,0
17;NL:Q:46401600;De Haar;Raalte;1,9;6,1;0,0;0,0;0,0;0,0
17;NL:Q:46401700;Langkampweg;Raalte;0,2;4,8;0,0;0,0;0,0;0,0
17;NL:Q:46401820;Carpoolplaats;Raalte;0,3;12,9;0,0;0,0;0,0;0,0
17;NL:Q:46401900;Peelsbos;Raalte;0,0;0,1;0,0;0,0;0,0;0,0
17;NL:Q:46402010;Merel;Raalte;1,3;0,5;0,0;0,0;0,0;0,0
17;NL:Q:46402040;Merel;Raalte;0,1;1,4;0,0;0,0;0,0;0,0
17;NL:Q:46402050;Dumbarstraat;Raalte;6,2;0,8;0,0;0,0;0,0;0,0
17;NL:Q:46402060;Dumbarstraat;Raalte;0,8;7,6;0,1;0,0;0,0;0,0
17;NL:Q:46410050;Kloosterman;Oudleusen;0,4;0,0;0,0;0,0;0,0;0,0
17;NL:Q:46410100;Gernerslag;Ankum;0,1;0,4;0,0;0,0;0,0;0,0
17;NL:Q:46410150;De Stokte;Oudleusen;0,6;0,5;0,0;0,0;0,0;0,0
17;NL:Q:46410200;Kloosterman;Oudleusen;0,1;0,8;0,0;0,0;0,0;0,0
17;NL:Q:46410250;Wolfkamp;Oudleusen;3,3;0,8;0,0;0,0;0,0;0,0
17;NL:Q:46410300;De Stokte;Oudleusen;0,6;2,5;0,0;0,0;0,0;0,0
17;NL:Q:46410350;Mooirivier;Oudleusen;2,0;0,7;0,0;0,0;0,0;0,0
17;NL:Q:46410400;Wolfkamp;Oudleusen;1,0;1,6;0,0;0,0;0,0;0,0
17;NL:Q:46419003;De Stokte;Oudleusen;0,8;0,0;0,1;0,0;0,0;0,0
17;NL:Q:46419004;De Stokte;Oudleusen;0,0;0,6;0,0;0,2;0,0;0,0
17;NL:Q:46419005;Dennenkamp;Dalfsen;1,7;0,3;0,3;0,1;0,0;0,0
17;NL:Q:46419006;Dennenkamp;Oudleusen;0,3;3,0;0,1;0,8;0,0;0,0
17;NL:Q:46430150;Doktersbrug;Lemelerveld;1,2;0,2;0,0;0,0;0,0;0,0
17;NL:Q:46430250;Dwarsweg;Lemelerveld;1,1;0,5;0,0;0,0;0,0;0,0
17;NL:Q:46430300;Doktersbrug;Lemelerveld;0,2;1,0;0,0;0,0;0,0;0,0
17;NL:Q:46430350;Klipperstraat;Lemelerveld;47,6;10,5;0,0;0,0;0,0;0,0
17;NL:Q:46430400;Dwarsweg;Lemelerveld;0,6;1,5;0,0;0,0;0,0;0,0
17;NL:Q:46430450;Posthoornweg;Lemelerveld;0,5;2,4;0,0;0,0;0,0;0,0
17;NL:Q:46430500;Klipperstraat;Lemelerveld;10,5;40,1;0,0;0,0;0,0;0,0
17;NL:Q:46430550;Parallelstraat;Lemelerveld;2,6;4,0;0,0;0,0;0,0;0,0
17;NL:Q:46430600;Posthoornweg;Lemelerveld;2,6;1,0;0,0;0,0;0,0;0,0
17;NL:Q:46430700;Parallelstraat;Lemelerveld;5,0;3,0;0,0;0,0;0,0;0,0
17;NL:Q:46431800;Bekking;Lemelerveld;0,0;0,1;0,0;0,0;0,0;0,0
17;NL:Q:46510050;Jutten;Varsen;2,2;0,4;0,0;0,0;0,0;0,0
17;NL:Q:46510100;Mooirivier;Oudleusen;1,1;2,5;0,0;0,0;0,0;0,0
17;NL:Q:46510150;Hessenweg West;Varsen;0,1;0,1;0,0;0,0;0,0;0,0
17;NL:Q:46510200;Jutten;Varsen;0,4;2,3;0,0;0,0;0,0;0,0
17;NL:Q:46510260;Varsenerdijk;Varsen;1,5;0,4;0,0;0,0;0,0;0,0
17;NL:Q:46510300;Hessenweg West;Varsen;0,2;0,9;0,0;0,0;0,0;0,0
17;NL:Q:46530050;Bekking;Lemelerveld;0,1;0,1;0,0;0,0;0,0;0,0
17;NL:Q:46530100;Cafe De Posthoorn;Raalte;1,6;0,9;0,0;0,0;0,0;0,0
17;NL:Q:46530150;Cafe De Posthoorn;Raalte;0,9;1,6;0,0;0,0;0,0;0,0
17;NL:Q:46530200;Dijkman;Raalte;0,1;0,1;0,0;0,0;0,0;0,0
17;NL:Q:46530250;Dijkman;Raalte;0,1;0,1;0,0;0,0;0,0;0,0
17;NL:Q:46530400;De Hofstee;Raalte;0,0;0,0;0,0;0,0;0,0;0,0
17;NL:Q:46530450;De Hofstee;Raalte;0,0;0,0;0,0;0,0;0,0;0,0
17;NL:Q:46540050;Pleegsterhalte;Pleegste;1,3;0,3;1,8;0,1;0,3;0,1
17;NL:Q:46540100;De Heuvel;Pleegste;0,6;3,3;0,2;0,8;0,3;0,6
17;NL:Q:46540150;Van Rossum;Pleegste;0,3;0,1;0,2;0,0;0,5;0,1
17;NL:Q:46540200;Hoogspanningsgebouw;Pleegste;0,2;0,3;0,0;0,1;0,0;0,1
17;NL:Q:46540250;Hoogspanningsgebouw;Pleegste;0,2;0,3;0,1;0,0;0,1;0,1
17;NL:Q:46540300;Van Rossum;Pleegste;0,1;0,4;0,0;0,2;0,1;0,3
17;NL:Q:46540350;De Heuvel;Pleegste;3,3;0,6;0,4;0,1;0,3;0,2
17;NL:Q:46540400;Pleegsterhalte;Pleegste;0,2;1,2;0,1;0,5;0,1;0,4
17;NL:Q:46540450;De Hoven;Raalte;21,4;3,7;7,7;1,4;8,8;0,6
17;NL:Q:46540500;Broeklanderweg;Wesepe;0,9;4,2;0,2;1,9;0,1;0,8
17;NL:Q:46600100;Giethemer Kerkpad;Ommen;0,0;0,0;0,0;0,0;0,0;0,0
17;NL:Q:46600150;Giethemer Kerkpad;Ommen;0,0;0,0;0,0;0,0;0,0;0,0
17;NL:Q:46610110;Varsenerdijk;Varsen;0,0;1,2;0,0;0,0;0,0;0,0
17;NL:Q:46610650;Station;Ommen;8,1;2,0;0,0;0,0;0,0;0,0
17;NL:Q:46611210;Markt;Ommen;0,1;0,1;0,0;0,0;0,0;0,0
17;NL:Q:46611250;Chevalleraustraat;Ommen;8,1;15,5;0,0;0,0;0,0;0,0
17;NL:Q:46611350;Strangeweg;Ommen;1,2;8,3;0,0;0,0;0,0;0,0
17;NL:Q:46611400;Chevalleraustraat;Ommen;16,0;16,1;0,0;0,0;0,0;0,0
17;NL:Q:46611500;Strangeweg;Ommen;8,3;0,5;0,0;0,0;0,0;0,0
17;NL:Q:46613020;Danteweg;Ommen;8,2;1,3;0,0;0,0;0,0;0,0
17;NL:Q:46613030;Danteweg;Ommen;0,7;8,3;0,0;0,0;0,0;0,0
17;NL:Q:46613040;Sogenbosstraat;Ommen;7,8;5,8;0,0;0,0;0,0;0,0
17;NL:Q:46613050;Centrum;Ommen;0,2;0,7;0,0;0,0;0,0;0,0
17;NL:Q:46613060;Centrum;Ommen;0,8;0,2;0,0;0,0;0,0;0,0
17;NL:Q:46640050;Boxbergerweg;Wesepe;4,4;2,1;1,8;0,7;0,7;0,6
17;NL:Q:46640070;Boxbergerweg;Wesepe;0,0;0,0;0,0;0,0;0,0;0,0
17;NL:Q:46640100;Velsdijk;Wesepe;14,0;14,4;2,7;6,2;1,5;4,1
17;NL:Q:46640250;Velsdijk;Wesepe;13,6;12,3;4,9;2,3;3,4;1,6
17;NL:Q:46640300;Boxbergerweg;Wesepe;2,2;4,4;0,7;1,8;0,6;1,2
17;NL:Q:46640350;Broeklanderweg;Wesepe;4,4;1,0;1,7;1,8;1,1;0,1
17;NL:Q:46640400;Abdij Sion;Schalkhaar;2,2;2,9;0,6;1,7;0,7;1,6
17;NL:Q:46740010;De Wesenberg;Tongeren;0,1;0,1;0,0;0,0;0,0;0,0
17;NL:Q:46740020;De Wesenberg;Tongeren;0,0;1,3;0,0;0,1;0,0;0,0
17;NL:Q:46740100;Begraafplaats;Schalkhaar;0,8;1,0;0,1;0,5;0,2;0,3
17;NL:Q:46740150;Frieswijk;Schalkhaar;0,1;0,5;0,0;0,0;0,1;0,0
17;NL:Q:46740160;Crematorium;Schalkhaar;0,8;1,4;0,2;0,4;0,2;0,2
17;NL:Q:46740250;Frieswijkerweg;Schalkhaar;1,5;0,3;0,5;0,0;0,3;0,0
17;NL:Q:46740260;Crematorium;Schalkhaar;1,6;1,4;0,5;0,3;0,2;0,2
17;NL:Q:46740300;Frieswijk;Schalkhaar;0,5;0,2;0,1;0,1;0,0;0,0
17;NL:Q:46740350;Abdij Sion;Schalkhaar;2,0;2,7;1,4;0,8;1,0;0,6
17;NL:Q:46740400;Frieswijkerweg;Schalkhaar;0,6;1,5;0,0;0,3;0,0;0,4
17;NL:Q:46776310;Broekland;Broekland;1,8;1,3;0,1;0,1;0,0;0,0
17;NL:Q:46776320;Broekland;Broekland;2,3;1,1;0,2;0,1;0,0;0,0
17;NL:Q:46780010;Zonnenbergerweg;Wesepe;0,0;0,0;0,0;0,0;0,0;0,0
17;NL:Q:46780020;Zonnenbergerweg;Wesepe;0,0;0,0;0,0;0,0;0,0;0,0
17;NL:Q:46780030;Kerk;Wesepe;0,1;0,1;0,0;0,0;0,0;0,0
17;NL:Q:46780040;Kerk;Wesepe;0,0;0,1;0,0;0,0;0,0;0,0
17;NL:Q:46840010;Hartkampweg;Raalte;0,0;0,1;0,0;0,0;0,0;0,0
17;NL:Q:46840020;Hartkampweg;Raalte;0,1;0,0;0,0;0,0;0,0;0,0
17;NL:Q:46840030;Gemeentehuis;Raalte;0,0;0,0;0,0;0,0;0,0;0,0
17;NL:Q:46840040;Gemeentehuis;Raalte;0,0;0,0;0,0;0,0;0,0;0,0
17;NL:Q:46841001;Ceintuurbaan;Raalte;0,1;0,3;0,0;0,0;0,0;0,0
17;NL:Q:46841002;Ceintuurbaan;Raalte;0,4;0,3;0,0;0,0;0,0;0,0
17;NL:Q:46970010;Stevenskamp;Heeten;0,0;0,0;0,0;0,0;0,0;0,0
17;NL:Q:46970020;Stevenskamp;Heeten;0,0;0,0;0,0;0,0;0,0;0,0
17;NL:Q:47132520;Blaloweg/Hasselterweg;Zwolle;2,8;16,5;1,5;7,3;0,7;2,5
17;NL:Q:47132620;Veronicaweg;Zwolle;16,3;28,7;9,1;18,1;5,1;12,4
17;NL:Q:47132750;Petuniaplein;Zwolle;41,7;42,6;29,5;26,9;17,4;20,6
17;NL:Q:47132800;Tesjeslaan;Zwolle;23,7;19,6;15,8;16,3;9,1;9,7
17;NL:Q:47132850;Melissepad;Zwolle;6,7;6,3;7,8;6,6;3,5;4,3
17;NL:Q:47132900;Loggerweg;Zwolle;13,2;16,2;1,6;1,3;0,8;0,6
17;NL:Q:47132950;Vogelmelkweg;Zwolle;16,9;14,1;14,3;12,0;6,8;7,1
17;NL:Q:47133000;Westenholterallee;Zwolle;36,7;21,6;1,3;0,6;0,6;0,2
17;NL:Q:47140010;Staatssecretarislaan;Zwolle;6,7;25,8;3,6;13,9;2,2;9,6
17;NL:Q:47140020;Staatssecretarislaan;Zwolle;30,0;8,5;13,4;3,7;8,0;2,0
17;NL:Q:47140030;Kamerledenlaan;Zwolle;7,3;13,3;5,8;12,0;3,2;8,8
17;NL:Q:47140040;Kamerledenlaan;Zwolle;16,0;10,5;12,8;7,0;9,1;2,9
17;NL:Q:47140050;Herxen;Wijhe;0,1;1,1;0,0;0,0;0,0;0,0
17;NL:Q:47140060;Rommestraat;Zwolle;20,2;29,6;12,5;18,1;6,0;7,1
17;NL:Q:47140070;Rommestraat;Zwolle;23,5;16,1;14,2;11,4;15,1;11,4
17;NL:Q:47140100;Zuidberg;Wijhe;0,6;0,1;0,0;0,0;0,0;0,0
17;NL:Q:47140110;Kerk;Laag Zuthem;0,9;0,4;0,0;0,0;0,0;0,0
17;NL:Q:47140150;Herxerenk;Wijhe;0,2;0,5;0,0;0,0;0,0;0,0
17;NL:Q:47140200;Herxen;Wijhe;0,7;0,0;0,0;0,0;0,0;0,0
17;NL:Q:47140250;Brug;Windesheim;0,7;5,4;0,0;0,0;0,0;0,0
17;NL:Q:47140300;Herxerenk;Wijhe;0,6;0,2;0,0;0,0;0,0;0,0
17;NL:Q:47140350;Zuthemerweg;Windesheim;0,1;0,8;0,0;0,0;0,0;0,0
17;NL:Q:47140400;Brug;Windesheim;4,6;0,8;0,0;0,0;0,0;0,0
17;NL:Q:47140450;Rommestraat;Zwolle;1,1;1,8;0,0;0,0;0,0;0,0
17;NL:Q:47140500;Zuthemerweg;Windesheim;0,3;0,0;0,0;0,0;0,0;0,0
17;NL:Q:47140550;IJsselcentraleweg;Zwolle;20,3;3,7;5,7;0,8;3,1;0,8
17;NL:Q:47140600;Rommestraat;Zwolle;1,8;2,7;0,0;0,0;0,0;0,0
17;NL:Q:47240050;Overweg NS;Wijhe;0,1;0,1;0,0;0,0;0,0;0,0
17;NL:Q:47240100;Oprit Dijk;Wijhe;0,1;0,1;0,0;0,0;0,0;0,0
17;NL:Q:47240150;Zuidberg;Wijhe;0,1;0,2;0,0;0,0;0,0;0,0
17;NL:Q:47240200;Overweg NS;Wijhe;0,3;0,0;0,0;0,0;0,0;0,0
17;NL:Q:47340100;Bezoekerscentrum;Den Nul;1,1;2,0;0,0;0,0;0,0;0,0
17;NL:Q:47340510;Langstraat;Wijhe;4,0;6,5;0,0;0,0;0,0;0,0
17;NL:Q:47340520;Langstraat;Wijhe;0,4;0,2;0,1;0,0;0,0;0,0
17;NL:Q:47340550;Oprit Dijk;Wijhe;0,1;0,0;0,0;0,0;0,0;0,0
17;NL:Q:47340600;Het Weytendaal;Wijhe;4,3;2,4;0,0;0,0;0,0;0,0
17;NL:Q:47340650;Raalterweg;Wijhe;4,4;3,4;0,0;0,1;0,0;0,0
17;NL:Q:47340700;Raalterweg;Wijhe;4,2;2,9;0,0;0,0;0,0;0,0
17;NL:Q:47340710;De Enk;Wijhe;1,0;1,0;0,0;0,0;0,0;0,0
17;NL:Q:47340720;De Enk;Wijhe;0,7;0,2;0,0;0,0;0,0;0,0
17;NL:Q:47340730;Zandhuisweg;Wijhe;1,5;1,7;0,0;0,0;0,0;0,0
17;NL:Q:47340740;Zandhuisweg;Wijhe;2,2;1,4;0,0;0,0;0,0;0,0
17;NL:Q:47340750;Boerhaar;Wijhe;1,4;0,5;0,0;0,0;0,0;0,0
17;NL:Q:47340760;Boerhaar;Wijhe;0,5;1,5;0,0;0,0;0,0;0,0
17;NL:Q:47340770;Peperkamp;Wijhe;5,2;2,0;0,0;0,0;0,0;0,0
17;NL:Q:47340780;Peperkamp;Wijhe;3,7;4,5;0,1;0,0;0,0;0,0
17;NL:Q:47340901;de Lange Slagen;Wijhe;0,3;14,7;0,0;0,0;0,0;0,0
17;NL:Q:47340902;de Lange Slagen;Wijhe;12,1;0,2;0,0;0,0;0,0;0,0
17;NL:Q:47440050;Puinweg 1;Boskamp;0,0;0,0;0,0;0,0;0,0;0,0
17;NL:Q:47440100;Hengforderweg;Boskamp;0,2;0,3;0,0;0,0;0,0;0,0
17;NL:Q:47440150;Puinweg 2;Boskamp;0,1;0,0;0,0;0,0;0,0;0,0
17;NL:Q:47440200;Puinweg 1;Boskamp;0,0;0,0;0,0;0,0;0,0;0,0
17;NL:Q:47440250;Hoenlo;Boskamp;0,2;0,2;0,0;0,0;0,0;0,0
17;NL:Q:47440300;Puinweg 2;Boskamp;0,1;0,1;0,0;0,0;0,0;0,0
17;NL:Q:47440400;Hoenlo;Boskamp;0,3;0,3;0,0;0,0;0,0;0,0
17;NL:Q:47440550;Jan Hooglandstraat;Olst;3,2;0,7;0,0;0,0;0,0;0,0
17;NL:Q:47440700;Jan Hooglandstraat;Olst;0,4;3,3;0,0;0,0;0,0;0,0
17;NL:Q:47440800;Station;Olst;0,5;1,1;0,0;0,0;0,0;0,0
17;NL:Q:47440810;Station;Olst;2,1;1,3;0,1;0,1;0,0;0,0
17;NL:Q:47440910;Wethouder A.G. Dekkerlaan;Olst;2,9;4,3;0,0;0,0;0,0;0,0
17;NL:Q:47440920;Wethouder A.G. Dekkerlaan;Olst;3,6;2,4;0,0;0,0;0,0;0,0
17;NL:Q:47440930;Veerweg;Olst;1,8;1,2;0,0;0,0;0,0;0,0
17;NL:Q:47440940;Veerweg;Olst;0,3;2,5;0,0;0,0;0,0;0,0
17;NL:Q:47440950;Holstweg;Den Nul;1,8;1,7;0,0;0,0;0,0;0,0
17;NL:Q:47441001;Scherpenzeelseweg;Den Nul;0,0;0,0;0,0;0,0;0,0;0,0
17;NL:Q:47441002;Scherpenzeelseweg;Den Nul;0,1;0,0;0,0;0,0;0,0;0,0
17;NL:Q:47441020;Centrum;Olst;3,1;5,3;0,0;0,0;0,0;0,0
17;NL:Q:47441040;Centrum;Olst;3,4;3,1;0,0;0,0;0,0;0,0
17;NL:Q:47441050;Bezoekerscentrum;Den Nul;2,1;1,4;0,0;0,0;0,0;0,0
17;NL:Q:47441100;Holstweg;Den Nul;1,4;1,9;0,0;0,0;0,0;0,0
17;NL:Q:47441200;Overkempe;Boskamp;1,2;3,9;0,0;0,0;0,0;0,0
17;NL:Q:47441250;Overkempe;Boskamp;3,1;1,5;0,0;0,0;0,0;0,0
17;NL:Q:47540050;Wetermansweg;Diepenveen;7,6;3,8;0,0;0,0;0,0;0,0
17;NL:Q:47540200;Wetermansweg;Diepenveen;4,3;7,0;0,0;0,0;0,0;0,0
17;NL:Q:47540210;Centrum;Diepenveen;4,3;3,5;0,0;0,0;0,0;0,0
17;NL:Q:47540220;Centrum;Diepenveen;4,4;4,3;0,0;0,0;0,0;0,0
17;NL:Q:47540250;Sallandsweg;Diepenveen;1,0;0,5;0,0;0,0;0,0;0,0
17;NL:Q:47540350;Baerselmansweg;Diepenveen;1,4;1,0;0,0;0,0;0,0;0,0
17;NL:Q:47540400;Sallandsweg;Diepenveen;0,4;1,3;0,0;0,0;0,0;0,0
17;NL:Q:47540450;Molenveldsweg;Diepenveen;0,4;0,2;0,0;0,0;0,0;0,0
17;NL:Q:47540500;Baerselmansweg;Diepenveen;1,2;1,2;0,0;0,0;0,0;0,0
17;NL:Q:47540550;Randerstraat;Boskamp;0,3;0,4;0,0;0,0;0,0;0,0
17;NL:Q:47540600;Molenveldsweg;Diepenveen;0,1;0,4;0,0;0,0;0,0;0,0
17;NL:Q:47540650;Langedijk;Boskamp;0,2;0,1;0,0;0,0;0,0;0,0
17;NL:Q:47540700;Randerstraat;Boskamp;0,4;0,5;0,0;0,0;0,0;0,0
17;NL:Q:47540750;Hengforderweg;Boskamp;0,2;0,3;0,0;0,0;0,0;0,0
17;NL:Q:47540800;Langedijk;Boskamp;0,2;0,1;0,0;0,0;0,0;0,0
17;NL:Q:47640030;Saxion Hogeschool;Deventer;52,4;88,8;14,0;43,3;0,8;17,8
17;NL:Q:47640050;Munsterstraat;Deventer;4,8;0,0;0,0;0,0;0,0;0,0
17;NL:Q:47640060;Munsterstraat;Deventer;0,1;5,5;0,0;0,0;0,0;0,0
17;NL:Q:47640070;Keulenstraat 1;Deventer;14,4;0,7;0,0;0,0;0,0;0,0
17;NL:Q:47640080;Keulenstraat 1;Deventer;0,3;14,8;0,0;0,0;0,0;0,0
17;NL:Q:47640090;Keulenstraat 2;Deventer;14,7;2,6;0,0;0,0;0,0;0,0
17;NL:Q:47640100;Keulenstraat 2;Deventer;0,1;17,4;0,0;0,0;0,0;0,0
17;NL:Q:47640110;Rigastraat;Deventer;2,3;0,2;0,0;0,0;0,0;0,0
17;NL:Q:47640120;Rigastraat;Deventer;0,0;2,3;0,0;0,0;0,0;0,0
17;NL:Q:47640130;Industrieweg;Deventer;0,0;2,4;0,0;0,0;0,0;0,0
17;NL:Q:47640140;Industrieweg;Deventer;1,5;0,1;0,0;0,0;0,0;0,0
17;NL:Q:47640150;Herfordstraat;Deventer;1,2;0,1;0,0;0,0;0,0;0,0
17;NL:Q:47640160;Herfordstraat;Deventer;0,2;1,6;0,0;0,0;0,0;0,0
17;NL:Q:47640190;Dortmundstraat;Deventer;1,0;0,5;0,0;0,0;0,0;0,0
17;NL:Q:47640200;Dortmundstraat;Deventer;0,4;1,6;0,0;0,0;0,0;0,0
17;NL:Q:47640230;Willem Witsenstraat;Deventer;63,6;4,0;29,0;1,9;14,0;1,0
17;NL:Q:47640240;Willem Witsenstraat;Deventer;4,0;56,2;2,7;30,1;1,6;16,8
17;NL:Q:47640290;Cröddenbrug;Deventer;0,2;0,2;0,1;0,0;0,0;0,0
17;NL:Q:47640370;De Bekkumer;Deventer;5,5;19,3;1,7;8,7;1,3;6,0
17;NL:Q:47640380;De Bekkumer;Deventer;17,1;5,2;9,8;1,4;3,4;1,1
17;NL:Q:47640390;Saxion Hogeschool;Deventer;60,7;58,9;20,6;3,7;12,2;2,6
17;NL:Q:47640410;Snippeling;Deventer;0,4;6,7;0,2;1,2;0,0;1,5
17;NL:Q:47640540;Verpl. P.W. Janssen;Deventer;4,2;4,7;3,6;4,8;1,8;4,8
17;NL:Q:47640550;Rostockstraat;Deventer;1,0;0,3;0,0;0,0;0,0;0,0
17;NL:Q:47640560;Rostockstraat;Deventer;0,7;1,3;0,0;0,0;0,0;0,0
17;NL:Q:47640570;Koningsbergenstraat;Deventer;5,0;0,2;0,0;0,0;0,0;0,0
17;NL:Q:47640580;Koningsbergenstraat;Deventer;0,1;7,1;0,0;0,0;0,0;0,0
17;NL:Q:47640590;Arnsbergstraat;Deventer;6,4;0,2;0,0;0,0;0,0;0,0
17;NL:Q:47640600;Arnsbergstraat;Deventer;0,1;8,0;0,0;0,0;0,0;0,0
17;NL:Q:47640680;Runshoppingcentre;Deventer;8,6;1,8;5,4;0,9;2,4;0,9
17;NL:Q:47640690;Runshoppingcentre;Deventer;1,9;8,5;0,8;6,7;0,6;3,3
17;NL:Q:47640710;David Wijnveldtweg;Deventer;12,8;0,9;6,3;0,9;3,7;0,1
17;NL:Q:47640720;David Wijnveldtweg;Deventer;1,6;13,6;1,7;9,5;0,5;5,3
17;NL:Q:47640730;Albertus van Leusenweg;Deventer;57,0;3,4;24,1;1,9;14,1;0,6
17;NL:Q:47640740;Albertus van Leusenweg;Deventer;4,0;56,8;2,0;27,7;1,4;17,2
17;NL:Q:47640750;Alphons Diepenbrocklaan;Deventer;10,6;128,2;4,7;63,9;2,8;31,1
17;NL:Q:47640760;Alphons Diepenbrocklaan;Deventer;121,9;9,8;56,2;3,5;26,4;2,1
17;NL:Q:47640830;De Knoop;Deventer;40,5;7,9;25,5;3,3;12,9;0,5
17;NL:Q:47640835;De Knoop;Deventer;2,3;44,1;0,9;26,1;0,6;12,2
17;NL:Q:47640900;St. Jozef verpleeghuis;Deventer;9,4;7,9;2,1;2,2;2,8;1,9
17;NL:Q:47640910;St. Jozef verpleeghuis;Deventer;9,6;10,9;3,4;3,2;2,2;2,2
17;NL:Q:47640920;Wezenland;Deventer;5,4;10,9;3,4;2,4;3,6;2,3
17;NL:Q:47640930;Wezenland;Deventer;8,8;8,3;2,1;4,0;1,6;2,7
17;NL:Q:47640940;Begraafplaats;Schalkhaar;0,9;0,7;0,3;0,2;0,3;0,2
17;NL:Q:47641000;Station;Deventer;397,2;372,2;201,3;153,9;99,9;79,9
17;NL:Q:47641016;Station;Deventer;290,0;280,2;75,6;79,2;31,3;37,5
17;NL:Q:47641026;Station;Deventer;368,5;433,9;158,8;147,0;93,3;91,1
17;NL:Q:47641039;Station;Deventer;32,1;37,6;8,0;6,2;0,0;0,0
17;NL:Q:47641040;Station;Deventer;757,6;545,6;365,8;304,5;241,2;148,2
17;NL:Q:47641130;Deltaplein;Deventer;2,6;25,0;1,6;12,1;0,8;14,1
17;NL:Q:47641140;Deltaplein;Deventer;28,8;2,6;15,0;2,4;11,5;1,1
17;NL:Q:47641150;Douwelerwetering;Deventer;1,3;21,0;0,7;8,2;0,7;7,8
17;NL:Q:47641160;Douwelerwetering;Deventer;26,7;1,9;9,5;0,9;6,0;1,3
17;NL:Q:47641170;Biesboschlaan;Deventer;1,2;13,4;0,8;6,1;0,3;6,1
17;NL:Q:47641180;Biesboschlaan;Deventer;17,9;1,4;7,7;0,3;4,7;0,3
17;NL:Q:47641190;Amstellaan;Deventer;5,4;26,4;0,8;4,7;0,5;2,8
17;NL:Q:47641200;Snippeling;Deventer;46,8;6,7;11,4;2,4;6,5;1,2
17;NL:Q:47641240;Kleine Vos;Deventer;2,8;1,5;1,7;1,0;2,4;0,8
17;NL:Q:47641280;Zwaluwenburg;Deventer;24,3;15,2;13,4;11,8;6,4;6,1
17;NL:Q:47641300;Toutenburg;Deventer;10,4;9,5;7,2;5,6;2,4;4,7
17;NL:Q:47641320;Slangenburg;Deventer;3,6;2,1;1,4;1,7;0,8;1,7
17;NL:Q:47641370;Fonteinkruid;Deventer;21,6;4,1;15,5;2,1;7,6;0,6
17;NL:Q:47641380;Fonteinkruid;Deventer;1,2;6,9;0,8;7,9;0,7;6,2
17;NL:Q:47641410;Dovenetel;Deventer;1,2;7,1;0,5;5,6;0,9;4,3
17;NL:Q:47641420;Dovenetel;Deventer;9,4;0,7;8,2;0,6;3,2;0,2
17;NL:Q:47641430;Wkc Colmschate;Deventer;27,4;22,0;20,2;16,0;6,9;9,0
17;NL:Q:47641440;Wkc Colmschate;Deventer;4,3;6,8;4,0;6,4;2,4;5,7
17;NL:Q:47641450;Roessinksweg;Deventer;4,5;1,1;1,5;0,1;0,8;0,0
17;NL:Q:47641470;Oxersteeg;Deventer;7,6;3,4;4,8;2,4;1,5;1,1
17;NL:Q:47641490;Magnolia;Deventer;12,8;4,6;6,3;2,2;3,4;1,6
17;NL:Q:47641530;Hondsroos;Deventer;4,9;5,9;2,3;3,6;0,9;2,2
17;NL:Q:47641550;Siemelinksweg;Deventer;0,2;4,0;0,0;2,8;0,0;2,6
17;NL:Q:47641560;Siemelinksweg;Deventer;6,0;0,3;4,0;0,3;1,2;0,1
17;NL:Q:47641610;Bonenkamp;Deventer;6,8;7,9;5,3;6,3;2,0;2,3
17;NL:Q:47641630;Hannie Schaftpad;Deventer;10,3;10,0;5,6;6,8;3,2;3,8
17;NL:Q:47641670;J. Naberstraat;Deventer;19,6;17,2;10,6;10,1;4,7;4,2
17;NL:Q:47641730;Solingenstraat;Deventer;7,0;6,8;1,0;0,8;0,2;0,2
17;NL:Q:47641750;Sallcon;Deventer;5,8;0,1;0,0;0,0;0,0;0,0
17;NL:Q:47641760;Sallcon;Deventer;0,1;8,7;0,0;0,0;0,0;0,0
17;NL:Q:47641790;Maagdenburg;Deventer;6,3;8,7;0,2;0,5;0,2;0,2
17;NL:Q:47641940;Teugseplein;Deventer;0,6;0,6;0,0;0,0;0,0;0,0
17;NL:Q:47641950;Teugseplein;Deventer;1,6;0,7;0,0;0,0;0,0;0,0
17;NL:Q:47642030;Schurenstraat;Deventer;23,1;20,2;8,8;4,9;4,5;1,2
17;NL:Q:47642040;Schurenstraat;Deventer;16,0;24,4;1,8;8,4;0,8;4,7
17;NL:Q:47642050;Oude Begraafplaats;Deventer;2,6;1,1;1,0;0,3;0,5;0,2
17;NL:Q:47642060;Oude Begraafplaats;Deventer;0,7;2,7;0,1;1,1;0,1;1,1
17;NL:Q:47642072;IJ. de Schepperstraat;Deventer;5,0;4,6;1,6;1,3;1,2;0,9
17;NL:Q:47642081;IJ. de Schepperstraat;Deventer;4,9;6,3;2,3;1,6;0,7;1,6
17;NL:Q:47642090;Dapperstraat;Deventer;4,8;13,7;1,8;8,3;1,0;2,9
17;NL:Q:47642100;Dapperstraat;Deventer;13,2;5,5;9,3;2,5;2,8;1,8
17;NL:Q:47642110;Van Marckelplein;Deventer;1,5;7,7;0,6;5,7;0,3;1,8
17;NL:Q:47642120;Van Marckelplein;Deventer;12,6;1,9;7,7;0,9;1,9;0,4
17;NL:Q:47642150;Wkc Keizerslanden;Deventer;6,3;43,0;3,7;30,0;1,1;12,9
17;NL:Q:47642160;Wkc Keizerslanden;Deventer;47,1;7,2;31,2;4,0;12,4;2,6
17;NL:Q:47642170;Balderikstraat;Deventer;24,7;13,1;9,2;6,6;6,7;3,1
17;NL:Q:47642180;Balderikstraat;Deventer;15,1;21,8;6,7;10,3;4,6;3,6
17;NL:Q:47642190;Ludgerstraat;Deventer;3,2;13,0;1,6;7,7;0,9;2,1
17;NL:Q:47642200;Ludgerstraat;Deventer;14,6;2,5;5,0;1,1;2,6;1,1
17;NL:Q:47642210;Beeckestein;Deventer;2,6;13,5;0,7;9,1;0,1;2,0
17;NL:Q:47642220;Beeckestein;Deventer;10,1;4,4;5,4;1,2;1,6;1,0
17;NL:Q:47642230;Wkc Borgele;Deventer;4,6;21,0;0,2;5,2;1,6;6,9
17;NL:Q:47642240;Wkc Borgele;Deventer;39,8;13,7;29,2;15,4;9,0;3,4
17;NL:Q:47642250;Beugelskamp;Deventer;1,3;5,7;0,2;2,0;0,5;2,3
17;NL:Q:47642260;Beugelskamp;Deventer;9,8;3,4;8,2;3,4;2,8;1,1
17;NL:Q:47642270;Het Vlier;Deventer;1,9;14,0;0,3;4,5;1,7;4,5
17;NL:Q:47642280;Het Vlier;Deventer;22,9;11,5;15,2;14,6;3,9;2,7
17;NL:Q:47642290;Thomas Wildey;Deventer;0,1;0,4;0,1;0,4;0,7;2,0
17;NL:Q:47642300;Thomas Wildey;Deventer;4,4;9,8;3,7;10,5;2,5;1,7
17;NL:Q:47642320;Platvoet;Deventer;44,5;44,2;23,5;23,1;11,8;16,4
17;NL:Q:47643050;Nijverheidstraat;Deventer;1,6;3,6;0,7;1,1;0,6;0,5
17;NL:Q:47643060;Nijverheidstraat;Deventer;5,2;1,8;0,2;0,8;0,1;0,3
17;NL:Q:47643070;Rijsterborgherweg;Deventer;5,8;6,9;3,7;3,2;0,8;1,1
17;NL:Q:47643080;Rijsterborgherweg;Deventer;5,6;6,8;2,4;4,8;0,6;0,9
17;NL:Q:47643110;Radstakeweg;Deventer;0,8;12,3;0,5;6,4;0,2;2,7
17;NL:Q:47643120;Radstakeweg;Deventer;14,4;1,0;6,2;0,7;2,2;0,6
17;NL:Q:47643150;Erasmusstraat;Deventer;0,4;45,7;0,2;3,9;0,1;1,5
17;NL:Q:47643160;Erasmusstraat;Deventer;3,7;0,2;1,6;0,2;1,1;0,1
17;NL:Q:47643170;Zamenhofplein;Deventer;4,3;27,9;3,8;13,4;0,8;6,5
17;NL:Q:47643180;Zamenhofplein;Deventer;61,6;3,9;17,9;4,5;8,2;1,3
17;NL:Q:47643190;Vermeerstraat;Deventer;1,2;24,9;0,9;11,7;0,7;4,7
17;NL:Q:47643200;Vermeerstraat;Deventer;25,1;1,6;12,2;0,8;3,9;1,3
17;NL:Q:47643210;Moreelsestraat;Deventer;1,0;13,1;0,7;9,3;0,7;3,2
17;NL:Q:47643220;Moreelsestraat;Deventer;15,9;1,0;9,8;0,8;3,1;1,3
17;NL:Q:47643230;Rubensstraat;Deventer;1,3;14,3;0,5;8,9;1,5;2,1
17;NL:Q:47643240;Rubensstraat;Deventer;15,0;0,6;10,8;0,6;1,9;1,4
17;NL:Q:47643250;Sportveldenlaan;Deventer;1,3;8,9;0,1;3,6;0,2;1,2
17;NL:Q:47643260;Sportveldenlaan;Deventer;4,9;0,5;3,2;0,3;2,0;0,8
17;NL:Q:47643270;Verpleeghuis St. Jurrien;Deventer;1,2;7,4;0,4;5,7;0,9;2,4
17;NL:Q:47643280;Verpleeghuis St. Jurrien;Deventer;8,7;1,0;7,1;0,5;3,3;1,2
17;NL:Q:47643290;Joost van de Vondellaan;Deventer;0,5;6,2;0,3;3,8;0,8;1,7
17;NL:Q:47643300;Joost van de Vondellaan;Deventer;7,9;0,6;4,5;0,6;1,6;1,5
17;NL:Q:47643310;Lookersdijk;Deventer;0,4;2,3;0,1;2,6;0,2;0,8
17;NL:Q:47643320;Lookersdijk;Deventer;2,6;0,3;2,5;0,2;0,8;0,5
17;NL:Q:47643960;Beestenmarkt;Deventer;0,7;26,6;0,4;8,5;0,1;4,0
17;NL:Q:47643970;Beestenmarkt;Deventer;12,0;1,4;4,2;0,3;1,8;0,1
17;NL:Q:47643990;Bleekstraat;Deventer;1,7;0,8;0,9;0,3;0,6;0,1
17;NL:Q:47644000;Veenweg;Deventer;0,8;3,6;0,2;1,1;0,1;0,9
17;NL:Q:47644010;Veenweg;Deventer;5,6;4,9;1,7;1,9;0,9;0,9
17;NL:Q:47644040;Amstellaan;Deventer;23,5;7,3;4,4;1,3;2,6;0,9
17;NL:Q:47644050;Snippeling;Deventer;2,9;32,5;1,6;7,5;0,7;4,2
17;NL:Q:47644060;Hunneperweg;Deventer;1,1;9,7;0,2;3,2;0,1;0,7
17;NL:Q:47644080;Fesevurstraat;Deventer;7,7;8,5;3,5;2,8;2,3;1,7
17;NL:Q:47644090;Fesevurstraat;Deventer;5,9;7,2;1,9;5,0;1,6;3,4
17;NL:Q:47644110;Cornelis Lelylaan;Deventer;3,0;64,9;1,8;31,5;0,8;15,9
17;NL:Q:47644120;Cornelis Lelylaan;Deventer;65,0;3,2;29,6;1,2;14,4;1,3
17;NL:Q:47644150;Mecklenburgstraat;Deventer;12,6;0,3;8,6;0,1;4,1;0,1
17;NL:Q:47644160;Mecklenburgstraat;Deventer;0,3;8,5;0,1;5,1;0,1;3,5
17;NL:Q:47644170;Keizer Karellaan;Deventer;7,9;0,3;1,8;0,0;0,9;0,0
17;NL:Q:47644180;Keizer Karellaan;Deventer;0,6;7,2;0,3;2,2;0,1;1,3
17;NL:Q:47644230;Kon. Wilhelminalaan;Deventer;9,3;0,9;4,6;0,1;2,0;0,2
17;NL:Q:47644240;Kon. Wilhelminalaan;Deventer;1,1;8,7;0,2;2,8;0,1;2,1
17;NL:Q:47644290;Europaplein;Deventer;7,3;0,9;4,2;0,4;1,5;0,3
17;NL:Q:47644300;Europaplein;Deventer;0,8;16,7;0,3;3,3;0,2;1,7
17;NL:Q:47644310;Papenblik;Deventer;1,3;0,9;0,7;0,5;0,1;0,1
17;NL:Q:47644320;Papenblik;Deventer;0,4;1,8;0,2;1,1;0,2;0,4
17;NL:Q:47644370;Visbystraat;Deventer;11,3;11,3;0,0;0,0;0,0;0,0
17;NL:Q:47645001;Splithofstraat;Deventer;10,5;1,2;10,3;0,6;3,3;0,3
17;NL:Q:47645002;Splithofstraat;Deventer;0,9;11,7;0,5;10,4;0,3;2,1
17;NL:Q:47645020;Prinses Margrietstraat;Deventer;9,3;0,6;7,6;0,2;3,1;0,2
17;NL:Q:47645030;Prinses Margrietstraat;Deventer;0,9;7,7;0,1;6,0;0,2;3,8
17;NL:Q:47645083;Ziekenhuis;Deventer;118,0;120,7;19,6;21,8;12,8;16,1
17;NL:Q:47645090;Prins Bernhardweg;Schalkhaar;5,8;0,0;2,7;0,0;1,5;0,0
17;NL:Q:47645100;Prins Bernhardweg;Schalkhaar;0,2;5,8;0,1;2,8;0,1;1,7
17;NL:Q:47645110;Oerdijk;Schalkhaar;2,6;0,0;1,8;0,0;0,8;0,0
17;NL:Q:47645120;Oerdijk;Schalkhaar;0,1;2,8;0,0;1,7;0,0;0,8
17;NL:Q:47645150;Westenberg;Schalkhaar;20,5;0,2;11,6;0,1;6,5;0,2
17;NL:Q:47645160;Westenberg;Schalkhaar;0,5;22,8;0,2;14,0;0,3;11,2
17;NL:Q:47645170;Kerkweg;Schalkhaar;11,2;0,1;7,8;0,1;4,7;0,0
17;NL:Q:47645180;Kerkweg;Schalkhaar;0,3;9,0;0,1;6,2;0,0;3,3
17;NL:Q:47648050;Schooldijk;Lettele;0,2;0,2;0,0;0,1;0,0;0,0
17;NL:Q:47649001;Station Colmschate;Deventer;1,3;16,9;0,9;8,6;0,4;8,2
17;NL:Q:47649002;Station Colmschate;Deventer;14,9;3,2;7,2;2,8;4,7;2,9
17;NL:Q:47649010;Westfalenstraat;Deventer;15,5;3,3;1,0;0,1;0,3;0,0
17;NL:Q:47649020;Westfalenstraat;Deventer;2,4;13,7;0,0;1,8;0,0;0,6
17;NL:Q:47649040;Wijtenhorst;Deventer;9,1;1,6;4,4;0,8;2,4;0,3
17;NL:Q:47649050;Wijtenhorst;Deventer;1,7;10,7;0,7;5,6;0,4;2,8
17;NL:Q:47649170;Radboudlaan;Deventer;0,4;6,8;0,1;2,2;0,0;0,9
17;NL:Q:47649180;Radboudlaan;Deventer;8,7;0,5;2,9;0,1;1,2;0,0
17;NL:Q:47831503;Boerhaar;Boerhaar;0,3;0,1;0,0;0,1;0,0;0,0
17;NL:Q:47831611;Station;Wijhe;2,1;3,1;0,3;0,3;0,0;0,0
17;NL:Q:47839001;Havenpoort;Wijhe;0,2;0,1;0,0;0,0;0,0;0,0
17;NL:Q:47850010;Kerk;Boskamp;0,1;0,0;0,0;0,0;0,0;0,0
17;NL:Q:47850020;Kerk;Boskamp;0,0;0,1;0,0;0,1;0,0;0,0
17;NL:Q:47850030;Stenen Kruis;Eikelhof;0,0;0,0;0,0;0,0;0,0;0,0
17;NL:Q:47850040;Stenen Kruis;Eikelhof;0,0;0,0;0,0;0,0;0,0;0,0
17;NL:Q:47890001;Osnabruckstraat;Deventer;0,0;0,1;0,0;0,0;0,0;0,0
17;NL:Q:47890002;Osnabruckstraat;Deventer;0,1;0,0;0,0;0,0;0,0;0,0
17;NL:Q:47892001;Schouwburg/Centrum;Deventer;19,7;1,6;21,0;0,7;8,0;0,2
17;NL:Q:47892002;Schouwburg/Centrum;Deventer;5,9;36,0;6,0;42,3;0,0;17,9
17;NL:Q:47899001;Syntus/Van Wijnen;Deventer;0,2;2,4;0,0;0,0;0,0;0,0
17;NL:Q:47899002;Syntus/Van Wijnen;Deventer;3,6;0,2;0,0;0,0;0,0;0,0
17;NL:Q:47899901;Cröddendijk;Deventer;0,2;0,0;0,1;0,0;0,0;0,0
17;NL:Q:47899902;Cröddendijk;Deventer;0,0;0,5;0,0;0,1;0,0;0,0
17;NL:Q:47899903;De Scheg;Deventer;20,7;120,5;10,9;69,0;4,5;29,6
17;NL:Q:47899904;De Scheg;Deventer;44,2;12,3;26,2;5,1;7,6;1,6
17;NL:Q:47899905;De Scheg;Deventer;9,8;4,9;4,2;5,2;3,3;4,8
17;NL:Q:47899909;Huize Salland;Deventer;5,9;35,2;1,0;13,7;1,1;6,6
17;NL:Q:47899910;Huize Salland;Deventer;22,8;3,1;7,3;0,8;4,2;0,3
17;NL:Q:47899913;Brandweerdam;Deventer;1,8;12,2;0,8;2,0;0,6;1,0
17;NL:Q:47899914;Brandweerdam;Deventer;12,1;3,7;1,2;1,3;0,4;0,7
17;NL:Q:47908350;Nieuwe Deventerweg;Zwolle;28,0;3,6;17,0;1,2;10,9;0,6
17;NL:Q:47909001;Oostriklaan;Deventer;2,1;17,4;1,0;10,6;0,8;7,8
17;NL:Q:47909002;Oostriklaan;Deventer;8,4;0,4;5,8;0,2;2,8;0,0
17;NL:Q:58610010;Busstation 't Oor;Almere Stad;0,0;0,0;0,0;0,0;0,0;0,0
17;NL:Q:58650200;Stedenwijk Zuid;Almere Stad;0,0;0,0;0,0;0,0;0,0;0,0
17;NL:Q:58650360;Passage;Almere Stad;0,0;0,0;0,0;0,0;0,0;0,0
17;NL:Q:58650440;Stadhuisplein;Almere Stad;0,0;0,0;0,0;0,0;0,0;0,0
18;NL:Q:40451075;Kapelmeestershoeve;Apeldoorn;7,4;4,0;4,6;3,0;2,3;3,0
18;NL:Q:40451076;Kapelmeestershoeve;Apeldoorn;7,5;11,7;4,8;8,3;2,6;5,8
18;NL:Q:40451077;De Eglantier;Apeldoorn;71,5;12,8;61,5;17,1;30,9;8,8
18;NL:Q:40451078;De Eglantier;Apeldoorn;8,0;69,2;9,2;52,5;4,3;26,2
18;NL:Q:40451096;Laan van Erica;Apeldoorn;2,2;9,1;1,0;6,5;1,0;4,2
18;NL:Q:40451097;Jaromirgaarde;Apeldoorn;15,8;1,8;10,1;2,0;4,5;0,9
18;NL:Q:40451098;Jaromirgaarde;Apeldoorn;0,6;16,7;0,6;9,0;0,3;5,8
18;NL:Q:40451099;Rademakersdonk;Apeldoorn;16,3;1,2;10,3;1,7;7,9;0,9
18;NL:Q:40451100;Rademakersdonk;Apeldoorn;0,7;15,6;0,7;12,3;0,6;8,8
18;NL:Q:40451101;Valkeniersdonk;Apeldoorn;18,2;4,5;7,8;5,0;5,0;3,4
18;NL:Q:40451103;Turfstekershoeve;Apeldoorn;26,5;7,9;12,8;7,7;5,9;3,5
18;NL:Q:40451129;Burgersveld;Apeldoorn;3,0;14,8;1,4;7,6;1,5;4,0
18;NL:Q:40451143;Soldeniersveld;Apeldoorn;9,9;6,9;6,8;6,1;3,8;3,6
18;NL:Q:40451145;Schepenenveld;Apeldoorn;8,6;10,3;5,0;5,8;2,6;3,1
18;NL:Q:40451153;Griffiersveld;Apeldoorn;4,3;6,3;1,7;2,3;1,6;1,6
18;NL:Q:40451161;Pottenbakkersdonk;Apeldoorn;12,3;12,4;6,3;8,4;2,7;4,1
18;NL:Q:40451163;Raadsherenveld;Apeldoorn;10,3;9,9;5,3;5,5;3,3;2,9
18;NL:Q:40451165;Rentmeestersveld;Apeldoorn;13,0;10,0;10,3;7,7;5,6;3,5
18;NL:Q:40451169;Zilversmidshoeve;Apeldoorn;4,8;7,2;2,6;4,5;2,2;2,4
18;NL:Q:40451173;Marskramersdonk;Apeldoorn;3,3;8,7;2,8;6,3;1,4;4,0
18;NL:Q:40451181;Ferguutgaarde;Apeldoorn;16,5;5,4;8,2;4,2;6,4;3,0
18;NL:Q:40451183;De Heemgaard;Apeldoorn;19,2;7,7;4,0;3,6;4,0;2,5
18;NL:Q:40451252;Kooikersdreef;Apeldoorn;1,6;13,5;0,6;8,9;0,4;5,1
18;NL:Q:40451259;Parlevinkershoeve;Apeldoorn;8,5;14,6;6,5;9,4;3,5;4,3
18;NL:Q:40451305;Minden;Apeldoorn;4,1;4,9;2,4;2,8;0,6;1,2
18;NL:Q:40451333;Ekro;Apeldoorn;13,0;14,3;0,0;0,0;0,0;0,0
18;NL:Q:40451343;Waagmeestershoeve;Apeldoorn;8,8;13,6;4,8;7,3;2,9;4,8
18;NL:Q:40451347;Boswachtersveld;Apeldoorn;14,2;12,5;7,2;6,2;4,6;4,2
18;NL:Q:40451351;Eglantierlaan;Apeldoorn;10,7;6,1;6,2;6,8;2,5;3,9
18;NL:Q:40471126;Beeklustweg;Apeldoorn;2,7;0,0;1,1;0,1;0,5;0,0
18;NL:Q:40471131;De Ugchelse Kei;Apeldoorn;11,9;2,9;8,4;2,5;3,0;1,1
18;NL:Q:40471152;Randerode;Apeldoorn;12,8;7,4;6,4;4,2;5,3;4,3
18;NL:Q:40471170;Middachten;Apeldoorn;12,4;0,1;5,5;0,1;3,0;0,0
18;NL:Q:40471171;Middachten;Apeldoorn;0,8;11,3;2,7;7,6;0,2;3,6
18;NL:Q:40471175;Vlietweg;Apeldoorn;1,4;18,4;0,2;6,0;0,1;3,3
18;NL:Q:40471295;Ugchelse Grensweg;Apeldoorn;7,8;0,9;5,7;0,6;2,2;0,1
18;NL:Q:40471301;Richtersweg;Apeldoorn;4,7;14,2;2,7;11,9;1,2;3,6
18;NL:Q:40471319;Hulkestein;Apeldoorn;1,9;5,3;2,8;4,3;0,4;1,0
18;NL:Q:40471327;G.P. Duuringlaan;Apeldoorn;6,6;11,3;5,3;9,8;1,9;3,4
18;NL:Q:40471338;Derk Kamphuisweg;Apeldoorn;8,9;0,0;4,5;0,1;1,3;0,0
18;NL:Q:40471339;Derk Kamphuisweg;Apeldoorn;0,6;12,0;0,4;6,1;0,1;3,3
18;NL:Q:40471434;Heidehof;Apeldoorn;3,3;3,7;3,2;3,8;2,3;2,6
18;NL:Q:40471467;Gelre Ziekenhuis;Apeldoorn;145,3;151,2;23,8;24,3;17,7;17,3
18;NL:Q:40551003;Marktplein;Apeldoorn;209,0;74,0;219,1;71,3;48,2;15,0
18;NL:Q:40551004;Marktplein;Apeldoorn;54,5;183,3;50,4;173,3;8,9;38,4
18;NL:Q:40551005;Oranjepark;Apeldoorn;4,3;19,6;2,9;3,7;1,8;3,6
18;NL:Q:40551006;Oranjepark;Apeldoorn;10,6;5,9;6,5;5,3;2,9;2,0
18;NL:Q:40551013;De Jagershuizen;Apeldoorn;11,8;11,0;9,1;8,0;3,6;3,0
18;NL:Q:40551015;Station;Apeldoorn;371,6;371,7;258,4;221,7;158,7;138,8
18;NL:Q:40551019;Hoofdstraat;Apeldoorn;103,1;34,1;79,7;45,8;23,8;7,0
18;NL:Q:40551020;Hoofdstraat;Apeldoorn;55,1;225,3;31,1;192,3;10,7;50,4
18;NL:Q:40551021;Amaliapark;Apeldoorn;37,6;6,3;19,2;3,2;8,6;1,4
18;NL:Q:40551022;Amaliapark;Apeldoorn;4,8;31,8;1,8;20,2;1,1;11,8
18;NL:Q:40551023;Zichtweg;Apeldoorn;5,5;11,6;1,1;7,1;0,7;3,7
18;NL:Q:40551024;Zichtweg;Apeldoorn;18,5;5,9;7,7;1,8;3,7;1,2
18;NL:Q:40551025;Eendrachtstraat;Apeldoorn;4,4;19,9;1,2;9,0;0,8;4,5
18;NL:Q:40551026;Eendrachtstraat;Apeldoorn;7,4;3,8;3,4;0,7;0,7;0,3
18;NL:Q:40551027;Aluminiumweg;Apeldoorn;8,5;28,4;2,4;16,9;1,1;7,8
18;NL:Q:40551028;Aluminiumweg;Apeldoorn;18,7;7,5;8,8;1,6;1,7;1,2
18;NL:Q:40551029;Sebastiaanplein;Apeldoorn;0,8;15,1;0,5;4,3;0,2;3,1
18;NL:Q:40551031;Chopinlaan;Apeldoorn;3,5;13,6;1,2;2,3;0,6;1,4
18;NL:Q:40551033;Laan van Westenenk;Apeldoorn;10,9;49,7;0,0;0,0;0,0;0,0
18;NL:Q:40551039;Bosweg;Apeldoorn;0,9;10,3;0,7;3,8;0,1;1,5
18;NL:Q:40551044;Bilderdijklaan;Apeldoorn;7,4;4,2;4,1;2,4;3,0;1,2
18;NL:Q:40551045;Grote Kerk;Apeldoorn;1,2;14,6;1,5;9,5;0,2;1,8
18;NL:Q:40551047;Gedenknaald;Apeldoorn;2,3;7,9;1,5;7,4;1,2;2,1
18;NL:Q:40551049;Station;Apeldoorn;181,7;130,3;0,0;0,0;0,0;0,0
18;NL:Q:40551051;Oosterlaan;Apeldoorn;3,4;0,5;0,7;0,2;0,9;0,1
18;NL:Q:40551052;Oosterlaan;Apeldoorn;1,2;3,3;0,8;1,7;0,5;0,7
18;NL:Q:40551053;Pinksterbloem;Apeldoorn;23,6;1,2;13,9;0,4;6,4;0,1
18;NL:Q:40551054;Pinksterbloem;Apeldoorn;1,2;19,3;0,5;12,5;0,3;5,9
18;NL:Q:40551057;Fauststraat;Apeldoorn;1,3;26,3;1,2;21,1;0,5;11,7
18;NL:Q:40551058;Fauststraat;Apeldoorn;22,8;1,7;21,5;1,2;12,4;0,2
18;NL:Q:40551063;Brug Deventerstraat;Apeldoorn;3,3;6,0;1,0;1,3;0,8;1,3
18;NL:Q:40551064;Brug Deventerstraat;Apeldoorn;6,9;6,5;2,2;2,7;1,6;1,9
18;NL:Q:40551065;Julianakerk;Apeldoorn;4,3;2,4;1,9;0,6;1,2;0,9
18;NL:Q:40551066;Julianakerk;Apeldoorn;1,1;5,7;0,2;2,6;0,4;1,7
18;NL:Q:40551072;GGNet;Apeldoorn;2,1;8,2;0,5;0,4;0,6;4,0
18;NL:Q:40551079;Gijsbrechtgaarde;Apeldoorn;12,7;1,6;9,8;1,2;6,2;0,4
18;NL:Q:40551080;Gijsbrechtgaarde;Apeldoorn;1,9;16,0;1,1;11,8;0,4;8,6
18;NL:Q:40551081;Welgelegenbrug;Apeldoorn;8,6;20,8;2,5;7,7;1,1;4,6
18;NL:Q:40551082;Welgelegenbrug;Apeldoorn;11,5;6,6;6,6;2,6;3,1;1,2
18;NL:Q:40551084;Station;Apeldoorn;0,0;0,1;0,0;0,0;0,0;0,0
18;NL:Q:40551087;Apenheul;Apeldoorn;42,2;40,2;46,1;38,4;40,9;32,7
18;NL:Q:40551089;J. Fruytierschool;Apeldoorn;90,0;45,5;20,4;18,3;9,4;9,3
18;NL:Q:40551091;Wagenmakershoek;Apeldoorn;8,8;3,3;8,4;1,6;3,9;1,0
18;NL:Q:40551092;Wagenmakershoek;Apeldoorn;1,8;12,7;1,6;10,4;0,7;4,7
18;NL:Q:40551093;Glazeniershorst;Apeldoorn;30,1;4,0;31,5;2,7;20,6;2,5
18;NL:Q:40551094;Glazeniershorst;Apeldoorn;3,2;38,8;2,2;31,5;1,7;19,7
18;NL:Q:40551095;Laan van Erica;Apeldoorn;9,8;2,3;6,0;2,2;3,8;1,7
18;NL:Q:40551109;Balustrade;Apeldoorn;29,3;23,8;11,0;10,2;5,6;8,1
18;NL:Q:40551110;Hoofdstraat;Apeldoorn;47,1;14,8;28,5;1,5;11,2;1,2
18;NL:Q:40551111;Houttuinen Noord;Apeldoorn;24,3;22,1;11,3;12,6;7,2;7,9
18;NL:Q:40551113;Belastingkantoor;Apeldoorn;133,9;195,2;8,5;24,5;4,3;14,6
18;NL:Q:40551115;Station;Apeldoorn;658,9;631,1;313,9;297,1;206,4;175,9
18;NL:Q:40551119;IJsselstraat;Apeldoorn;22,9;16,0;9,8;7,5;6,1;4,1
18;NL:Q:40551120;Aristotelesstraat;Apeldoorn;22,2;32,9;7,6;15,5;4,0;8,1
18;NL:Q:40551122;Station;Apeldoorn;727,5;742,8;245,1;195,0;202,2;141,2
18;NL:Q:40551123;Station;Apeldoorn;550,7;493,2;154,3;149,0;110,4;108,5
18;NL:Q:40551124;Bibliotheek;Apeldoorn;15,3;9,3;4,3;5,9;3,3;4,6
18;NL:Q:40551125;Bibliotheek;Apeldoorn;4,6;20,2;4,0;8,7;1,9;5,6
18;NL:Q:40551127;Beeklustweg;Apeldoorn;0,2;3,9;0,3;2,4;0,2;0,8
18;NL:Q:40551130;Station;Apeldoorn;235,0;206,5;73,0;73,6;49,9;44,0
18;NL:Q:40551133;Blekersweg;Apeldoorn;0,4;3,8;0,1;1,7;0,1;0,9
18;NL:Q:40551134;Blekersweg;Apeldoorn;5,2;0,7;2,2;0,3;1,5;0,2
18;NL:Q:40551135;Dianalaan;Apeldoorn;2,5;0,8;1,5;0,5;0,7;0,1
18;NL:Q:40551136;Dianalaan;Apeldoorn;0,7;3,6;0,2;2,1;0,2;1,2
18;NL:Q:40551137;Eburonenstraat;Apeldoorn;6,4;13,6;3,8;11,4;3,3;5,6
18;NL:Q:40551139;De Tol;Apeldoorn;24,2;2,9;12,3;3,3;6,0;0,6
18;NL:Q:40551140;De Tol;Apeldoorn;1,9;24,6;1,4;16,5;0,3;7,6
18;NL:Q:40551141;Georg Hegelstraat;Apeldoorn;36,2;8,5;18,5;7,2;11,2;1,8
18;NL:Q:40551142;Georg Hegelstraat;Apeldoorn;4,1;18,7;1,2;10,8;1,5;9,7
18;NL:Q:40551146;Burg. des Tombeplein;Apeldoorn;7,8;1,6;3,9;0,5;2,1;0,6
18;NL:Q:40551147;Burg. des Tombeplein;Apeldoorn;1,1;8,2;0,2;3,8;0,2;2,2
18;NL:Q:40551154;Leienplein;Apeldoorn;19,0;24,8;18,7;22,7;4,2;6,4
18;NL:Q:40551156;Oranjerie;Apeldoorn;2,2;4,3;1,1;3,0;0,4;1,5
18;NL:Q:40551157;Oranjerie;Apeldoorn;3,0;4,4;1,9;2,5;1,5;1,9
18;NL:Q:40551158;Politiebureau;Apeldoorn;10,9;1,3;7,8;0,6;3,4;0,6
18;NL:Q:40551159;Politiebureau;Apeldoorn;1,1;9,5;1,0;6,0;0,9;2,7
18;NL:Q:40551162;Staringlaan;Apeldoorn;15,2;3,4;10,2;5,0;4,1;1,2
18;NL:Q:40551166;Schuttersweg;Apeldoorn;22,6;2,8;6,4;1,0;3,6;0,3
18;NL:Q:40551167;Schuttersweg;Apeldoorn;1,2;15,6;0,2;5,8;0,2;3,3
18;NL:Q:40551174;Vlietweg;Apeldoorn;20,2;0,4;6,6;0,8;4,5;0,0
18;NL:Q:40551176;Laan v/d Mensenrechten;Apeldoorn;4,3;2,0;2,2;0,8;1,0;0,7
18;NL:Q:40551177;Imkersdreef;Apeldoorn;19,0;3,5;8,2;1,8;4,5;1,1
18;NL:Q:40551178;Imkersdreef;Apeldoorn;2,3;18,7;0,9;7,5;0,6;5,6
18;NL:Q:40551179;Hoenderparkweg;Apeldoorn;1,7;28,4;0,4;16,9;1,0;8,3
18;NL:Q:40551180;Hoenderparkweg;Apeldoorn;29,8;1,1;17,4;0,2;9,3;0,3
18;NL:Q:40551185;Het Schip;Apeldoorn;13,5;11,6;8,0;8,5;2,9;3,4
18;NL:Q:40551187;Het Firmament;Apeldoorn;20,5;9,5;11,1;6,0;4,5;2,7
18;NL:Q:40551189;Linie;Apeldoorn;25,2;4,4;19,8;1,9;7,2;0,5
18;NL:Q:40551190;Linie;Apeldoorn;5,2;42,4;3,5;27,9;1,4;12,8
18;NL:Q:40551191;Dennenkamp;Apeldoorn;22,8;1,9;10,3;0,9;4,9;0,5
18;NL:Q:40551192;Dennenkamp;Apeldoorn;3,0;18,3;0,4;7,2;0,4;4,3
18;NL:Q:40551193;Wildernislaan;Apeldoorn;2,0;2,6;1,1;1,2;0,5;0,6
18;NL:Q:40551195;Zonnewende;Apeldoorn;10,7;10,3;4,2;4,2;1,9;1,9
18;NL:Q:40551197;Top Naeffstraat;Apeldoorn;21,5;1,6;10,2;0,3;5,3;0,7
18;NL:Q:40551198;Top Naeffstraat;Apeldoorn;1,2;20,3;0,2;8,6;0,2;6,1
18;NL:Q:40551200;Ritbroekstraat;Apeldoorn;5,2;0,9;1,4;0,2;1,2;0,3
18;NL:Q:40551201;Ritbroekstraat;Apeldoorn;1,0;8,1;0,5;2,7;0,3;1,6
18;NL:Q:40551204;Pr. W. Alexanderlaan;Apeldoorn;8,4;0,3;2,7;0,2;1,5;0,0
18;NL:Q:40551205;Pr. W. Alexanderlaan;Apeldoorn;0,7;11,0;0,0;4,5;0,0;2,3
18;NL:Q:40551212;Schopenhauerstraat;Apeldoorn;13,9;12,9;7,9;7,9;4,0;4,3
18;NL:Q:40551213;Mandala/Kazerne;Apeldoorn;30,0;40,3;11,2;21,3;6,5;32,4
18;NL:Q:40551218;Christiaan Geurtsweg;Apeldoorn;0,8;0,5;0,4;0,2;0,1;0,3
18;NL:Q:40551222;Asselsestraat;Apeldoorn;7,2;1,4;2,9;0,8;2,3;0,4
18;NL:Q:40551223;Asselsestraat;Apeldoorn;1,0;9,3;0,4;5,3;0,2;4,1
18;NL:Q:40551224;Driehuizerweg;Apeldoorn;14,6;5,7;8,5;2,8;4,4;0,9
18;NL:Q:40551225;Driehuizerweg;Apeldoorn;5,3;6,3;2,4;5,5;1,1;3,7
18;NL:Q:40551238;Winkelc. De Mheen;Apeldoorn;5,8;37,7;3,0;22,6;1,3;11,5
18;NL:Q:40551239;Winkelc. De Mheen;Apeldoorn;29,6;5,6;20,0;5,2;9,2;0,3
18;NL:Q:40551240;Kruizemuntstraat;Apeldoorn;0,4;8,7;0,3;6,4;0,3;3,3
18;NL:Q:40551241;Kruizemuntstraat;Apeldoorn;7,9;0,7;4,7;0,6;2,9;0,4
18;NL:Q:40551244;Beethovenlaan;Apeldoorn;27,0;17,8;14,4;7,7;6,3;4,2
18;NL:Q:40551246;Condorweg;Apeldoorn;0,8;1,0;0,1;0,2;0,2;0,2
18;NL:Q:40551247;Condorweg;Apeldoorn;0,4;5,5;0,1;0,3;0,1;0,5
18;NL:Q:40551249;Goeman Borgesiusstraat;Apeldoorn;7,2;4,0;2,6;1,5;1,5;0,8
18;NL:Q:40551253;Kooikersdreef;Apeldoorn;16,0;3,6;11,5;2,7;5,9;1,4
18;NL:Q:40551257;Maasstraat;Apeldoorn;6,9;5,9;3,2;3,6;2,6;2,0
18;NL:Q:40551266;Ravenweg;Apeldoorn;13,1;6,8;10,1;3,6;4,0;2,0
18;NL:Q:40551267;Salomonszegel;Apeldoorn;1,7;70,0;0,5;40,1;0,6;21,4
18;NL:Q:40551268;Salomonszegel;Apeldoorn;57,2;1,3;37,9;0,8;14,0;0,1
18;NL:Q:40551270;Schaperstraat;Apeldoorn;1,3;5,8;0,8;1,8;0,4;1,7
18;NL:Q:40551271;Sporthal Zuiderpark;Apeldoorn;30,6;21,8;9,5;4,9;5,5;2,9
18;NL:Q:40551275;Treubstraat;Apeldoorn;12,7;9,6;6,2;4,5;3,4;3,1
18;NL:Q:40551276;Vaartse Rijn;Apeldoorn;8,4;8,1;5,7;3,2;2,1;2,5
18;NL:Q:40551277;Vaartse Rijn;Apeldoorn;6,4;8,0;2,8;5,0;2,0;1,9
18;NL:Q:40551281;Vonderlaan;Apeldoorn;2,2;6,9;1,3;4,4;1,0;3,2
18;NL:Q:40551284;Zevenhuizenseweg;Apeldoorn;0,4;9,0;0,2;6,2;0,1;3,3
18;NL:Q:40551285;Zevenhuizenseweg;Apeldoorn;7,5;0,3;4,8;0,2;3,2;0,1
18;NL:Q:40551286;Zonnedauw;Apeldoorn;1,3;11,2;0,7;9,4;0,3;5,0
18;NL:Q:40551287;Zonnedauw;Apeldoorn;10,4;1,4;8,3;0,5;3,8;0,2
18;NL:Q:40551288;Wilhelminapark;Apeldoorn;0,8;4,4;0,4;1,3;0,3;0,8
18;NL:Q:40551290;Zwitsal;Apeldoorn;6,2;0,7;0,0;0,0;0,0;0,0
18;NL:Q:40551291;Zwitsal;Apeldoorn;0,7;7,9;0,0;0,0;0,0;0,0
18;NL:Q:40551293;Waltersingel;Apeldoorn;76,8;79,5;9,1;26,4;6,1;16,8
18;NL:Q:40551298;Ruimzichtlaan;Apeldoorn;5,8;0,5;5,0;0,3;1,2;0,2
18;NL:Q:40551299;Ruimzichtlaan;Apeldoorn;0,6;6,9;0,9;6,2;0,1;1,9
18;NL:Q:40551302;Prinsenweide;Apeldoorn;9,2;0,0;0,0;0,0;0,0;0,0
18;NL:Q:40551303;Prinsenweide;Apeldoorn;1,3;9,2;0,0;0,0;0,0;0,0
18;NL:Q:40551309;Lage Brink;Apeldoorn;1,8;2,0;0,0;0,0;0,0;0,0
18;NL:Q:40551311;Lage Kamp;Apeldoorn;0,5;6,2;0,0;0,0;0,0;0,0
18;NL:Q:40551312;Lage Kamp;Apeldoorn;8,9;0,0;0,0;0,0;0,0;0,0
18;NL:Q:40551315;Kathage;Apeldoorn;2,2;6,0;0,0;0,0;0,0;0,0
18;NL:Q:40551317;Johan Steenbergenstraat;Apeldoorn;0,2;2,4;0,0;0,0;0,0;0,0
18;NL:Q:40551318;Johan Steenbergenstraat;Apeldoorn;1,5;0,3;0,0;0,0;0,0;0,0
18;NL:Q:40551320;Jachtlaan;Apeldoorn;16,2;13,5;4,2;3,7;4,4;2,8
18;NL:Q:40551321;Hogekampweg;Apeldoorn;0,5;4,2;0,0;0,0;0,0;0,0
18;NL:Q:40551322;Hogekampweg;Apeldoorn;1,0;0,0;0,0;0,0;0,0;0,0
18;NL:Q:40551323;Hezeweg;Apeldoorn;0,5;8,2;0,8;7,2;0,3;2,5
18;NL:Q:40551324;Hezeweg;Apeldoorn;6,0;0,4;5,3;0,5;2,1;0,2
18;NL:Q:40551325;Hattemseweg;Apeldoorn;0,2;8,1;0,0;1,0;0,0;0,3
18;NL:Q:40551326;Hattemseweg;Apeldoorn;9,5;0,1;0,8;0,1;0,3;0,1
18;NL:Q:40551330;Erasmusstraat;Apeldoorn;186,0;3,4;0,0;0,0;0,0;0,0
18;NL:Q:40551331;Erasmusstraat;Apeldoorn;1,7;131,6;0,0;0,0;0,0;0,0
18;NL:Q:40551334;Elleboogweg;Apeldoorn;5,2;0,2;2,8;0,0;1,5;0,0
18;NL:Q:40551335;Elleboogweg;Apeldoorn;0,2;4,5;0,0;3,6;0,1;1,4
18;NL:Q:40551336;Einsteinlaan;Apeldoorn;5,2;0,4;0,0;0,0;0,0;0,0
18;NL:Q:40551337;Einsteinlaan;Apeldoorn;0,7;7,8;0,0;0,0;0,0;0,0
18;NL:Q:40551340;Curiestraat;Apeldoorn;18,0;0,1;0,0;0,0;0,0;0,0
18;NL:Q:40551341;Curiestraat;Apeldoorn;13,5;26,3;8,9;14,5;6,2;7,7
18;NL:Q:40551345;2e Beukenlaan;Apeldoorn;2,0;3,4;2,6;3,4;0,6;1,2
18;NL:Q:40551354;Kraaienweg;Apeldoorn;6,9;6,3;4,9;3,9;2,8;2,6
18;NL:Q:40551362;Auroralaan;Apeldoorn;1,0;13,0;0,6;7,6;0,2;3,2
18;NL:Q:40551370;Kinderboerderij Laag Buurlo;Apeldoorn;22,9;24,7;11,0;14,7;5,8;8,3
18;NL:Q:40551373;Station;Apeldoorn;0,0;0,0;0,0;0,0;0,0;0,0
18;NL:Q:40551377;Schaperstraat;Apeldoorn;2,6;1,3;1,0;0,2;0,6;0,2
18;NL:Q:40551385;Dubbelbeek;Apeldoorn;9,6;7,6;5,1;4,4;2,4;3,3
18;NL:Q:40551388;Ordenplein;Apeldoorn;35,7;46,2;17,8;20,7;8,5;9,8
18;NL:Q:40551390;Mandala/Kazerne;Apeldoorn;24,0;15,3;8,6;5,9;6,9;6,6
18;NL:Q:40551422;Tangostraat;Apeldoorn;0,5;17,6;0,5;12,6;0,3;7,2
18;NL:Q:40551423;Tangostraat;Apeldoorn;15,4;0,1;10,8;0,0;4,8;0,1
18;NL:Q:40551424;Citroenvlinder;Apeldoorn;1,4;47,9;0,6;23,1;0,5;10,4
18;NL:Q:40551425;Citroenvlinder;Apeldoorn;51,1;0,1;22,9;0,0;10,0;0,0
18;NL:Q:40551428;Zuidbroek;Apeldoorn;3,2;2,5;4,4;1,7;0,4;0,4
18;NL:Q:40551430;De Spinozastraat;Apeldoorn;22,2;18,9;12,5;10,5;6,9;7,6
18;NL:Q:40551451;Beatrixlaan;Apeldoorn;1,1;8,1;0,1;2,4;0,0;0,8
18;NL:Q:40551452;Beatrixlaan;Apeldoorn;7,1;0,6;1,9;0,2;0,8;0,1
18;NL:Q:40551455;Lekstraat;Apeldoorn;12,0;9,6;4,9;7,1;3,5;3,0
18;NL:Q:40551456;Lekstraat;Apeldoorn;14,0;16,9;11,4;8,4;4,8;5,8
18;NL:Q:40551469;Bartelsweg;Apeldoorn;0,9;9,1;0,1;2,7;0,2;2,1
18;NL:Q:40551470;Bartelsweg;Apeldoorn;9,1;1,0;1,9;0,5;1,8;0,1
18;NL:Q:40551473;Aidastraat;Apeldoorn;1,0;25,8;0,8;25,2;0,8;16,4
18;NL:Q:40551474;Aidastraat;Apeldoorn;33,4;1,0;32,5;0,8;20,6;0,6
18;NL:Q:40551476;De Veenkamp;Apeldoorn;43,3;5,0;33,2;2,5;13,9;0,9
18;NL:Q:40551477;Bas Backerlaan;Apeldoorn;13,0;3,8;5,6;1,7;3,0;0,4
18;NL:Q:40551503;De Bovenkruier;Apeldoorn;16,2;0,5;9,3;0,1;5,5;0,5
18;NL:Q:40551504;De Bovenkruier;Apeldoorn;0,6;17,7;0,2;11,2;0,3;7,9
18;NL:Q:40551505;Wilhelm Tellstraat;Apeldoorn;12,2;1,8;7,0;0,6;5,1;0,2
18;NL:Q:40551506;Wilhelm Tellstraat;Apeldoorn;0,5;13,8;0,4;8,7;0,3;4,9
18;NL:Q:40551509;Hoenderloseweg;Apeldoorn;4,0;6,4;1,9;3,5;0,9;1,7
18;NL:Q:40551513;Oesterzwam;Apeldoorn;2,7;24,0;1,6;14,2;0,7;7,5
18;NL:Q:40551514;Oesterzwam;Apeldoorn;24,2;0,1;13,4;0,0;5,8;0,0
18;NL:Q:40551515;Saba;Apeldoorn;12,8;14,2;0,0;0,0;0,0;0,0
18;NL:Q:40551994;Arendsburght;Apeldoorn;7,2;7,9;8,4;11,2;2,5;2,7
18;NL:Q:41601071;GGNet;Apeldoorn;5,9;1,7;0,3;0,5;0,3;0,5
18;NL:Q:41601073;Drostendijk;Apeldoorn;0,6;0,1;0,1;0,0;0,0;0,0
18;NL:Q:41601074;Drostendijk;Apeldoorn;0,5;1,0;0,0;0,1;0,0;0,1
18;NL:Q:41607001;Woudweg;Teuge;1,1;0,1;0,3;0,1;0,0;0,0
18;NL:Q:41607002;Woudweg;Teuge;0,1;1,1;0,0;0,1;0,0;0,0
18;NL:Q:41607003;De Wacht;Teuge;0,4;1,8;0,1;0,7;0,1;0,1
18;NL:Q:41607004;De Wacht;Teuge;1,3;0,2;0,6;0,0;0,1;0,0
18;NL:Q:41607011;'t Wezeveld;Twello;0,0;0,6;0,0;0,1;0,0;0,1
18;NL:Q:41607013;Rijksstraatweg;Teuge;3,1;0,2;1,4;0,0;0,4;0,0
18;NL:Q:41607014;Rijksstraatweg;Teuge;0,6;4,3;0,1;1,8;0,0;0,6
18;NL:Q:41706003;Gemeentehuis;Twello;8,6;9,5;1,0;1,4;0,6;0,7
18;NL:Q:41706006;M. de Ruyterstraat;Twello;2,4;1,7;0,3;0,3;0,1;0,2
18;NL:Q:41706008;Piet Heinstraat;Twello;6,7;6,1;0,1;0,0;0,0;0,0
18;NL:Q:41706012;Beethovenlaan;Twello;0,5;0,3;0,0;0,1;0,0;0,0
18;NL:Q:41706013;Station;Twello;2,3;13,1;0,4;1,9;0,1;0,6
18;NL:Q:41706014;Bachstraat;Twello;3,0;2,1;0,2;0,1;0,1;0,1
18;NL:Q:41706018;Molenstraat;Twello;2,8;2,3;0,1;0,0;0,0;0,0
18;NL:Q:41706020;Oude Rijksstraatweg;Twello;1,6;1,1;0,2;0,0;0,0;0,0
18;NL:Q:41706027;Stationsstraat;Twello;0,1;0,6;0,0;0,1;0,0;0,1
18;NL:Q:41707012;'t Wezeveld;Teuge;0,2;0,0;0,0;0,0;0,0;0,0
18;NL:Q:60000094;Aalbert Cuyplaan;Apeldoorn;16,0;22,3;10,0;15,1;6,1;7,2
18;NL:Q:60000096;Auroralaan;Apeldoorn;12,6;1,3;5,6;0,5;2,4;0,4
18;NL:Q:60000102;Burg. Rosmalen Nepveulaan;Apeldoorn;3,2;3,5;2,5;3,6;1,5;1,9
18;NL:Q:60000108;De Cloese;Apeldoorn;17,7;13,7;8,7;8,6;4,1;3,0
18;NL:Q:60000111;Edelweisslaan;Apeldoorn;1,4;6,9;1,1;4,3;0,4;1,2
18;NL:Q:60000113;Emmaplein;Apeldoorn;1,3;6,9;0,6;3,9;0,7;2,2
18;NL:Q:60000115;Ferd. Bollaan;Apeldoorn;18,4;10,6;10,9;7,4;4,6;3,1
18;NL:Q:60000125;Het Kasteel;Apeldoorn;11,8;15,2;9,2;9,6;3,7;5,2
18;NL:Q:60000126;Hoge Dries;Apeldoorn;3,7;16,7;0,8;6,5;0,8;3,9
18;NL:Q:60000127;Hoofdstraat;Apeldoorn;74,1;20,9;70,0;7,2;16,2;3,1
18;NL:Q:60000134;Koning Lodewijklaan;Apeldoorn;11,6;6,9;9,2;6,7;3,9;2,1
18;NL:Q:60000142;L. Biesterfeldstraat;Apeldoorn;20,5;20,7;8,5;9,9;2,9;3,6
18;NL:Q:60000145;Marechausseekazerne;Apeldoorn;8,5;24,1;8,2;4,9;5,2;2,4
18;NL:Q:60000148;Mauvestraat;Apeldoorn;32,6;19,9;19,7;12,9;11,0;8,4
18;NL:Q:60000149;Marchantstraat;Apeldoorn;11,0;27,4;5,4;10,0;2,9;7,6
18;NL:Q:60000153;Orderparkweg;Apeldoorn;7,8;3,1;4,2;1,9;2,1;0,6
18;NL:Q:60000155;Orpheus;Apeldoorn;5,9;0,9;3,5;1,5;2,3;0,3
18;NL:Q:60000158;FizzionParc;Apeldoorn;9,6;11,9;0,0;0,0;0,0;0,0
18;NL:Q:60000159;Paulus Potterlaan;Apeldoorn;15,2;21,1;6,2;9,1;2,9;5,8
18;NL:Q:60000160;Achmea;Apeldoorn;82,1;104,8;0,0;0,0;0,0;0,0
18;NL:Q:60000161;Ptolemaeusstraat;Apeldoorn;0,3;8,7;0,2;5,7;0,0;0,0
18;NL:Q:60000162;Pythagorasstraat;Apeldoorn;0,5;14,4;0,3;5,9;0,0;0,0
18;NL:Q:60000167;Reigersweg;Apeldoorn;5,7;2,6;3,8;2,1;1,3;0,7
18;NL:Q:60000168;Rembrandtlaan;Apeldoorn;30,6;25,3;16,4;15,7;8,1;7,8
18;NL:Q:60000171;Robijnstraat;Apeldoorn;17,5;12,2;11,7;10,1;5,5;4,0
18;NL:Q:60000172;De Savornin Lohmanstraat;Apeldoorn;2,2;12,9;1,7;5,8;0,8;3,7
18;NL:Q:60000173;De Savornin Lohmanstraat;Apeldoorn;7,7;3,6;0,0;0,0;0,0;0,0
18;NL:Q:60000183;Stephensonstraat;Apeldoorn;19,1;65,2;12,6;16,9;5,7;7,8
18;NL:Q:60000185;Talingweg;Apeldoorn;18,5;9,6;14,6;6,3;6,1;2,8
18;NL:Q:60000186;Talma Borgh;Apeldoorn;16,6;27,1;12,1;17,0;6,2;9,1
18;NL:Q:60000191;Treverilaan;Apeldoorn;7,7;4,1;4,2;2,4;4,2;1,3
18;NL:Q:60000192;Tuinmanslaan;Apeldoorn;7,4;7,1;8,6;9,1;4,6;3,6
18;NL:Q:60000195;Valeriuslaan;Apeldoorn;13,4;12,2;6,2;5,3;4,3;4,7
18;NL:Q:60000196;Veenhuizerweg;Apeldoorn;5,6;0,5;4,5;0,3;1,8;0,0
18;NL:Q:60000203;Zuster Meyboomlaan;Apeldoorn;5,8;14,2;4,9;10,1;2,5;5,9
18;NL:Q:60001150;Mercatorplein;Apeldoorn;11,9;50,8;9,0;37,4;3,5;18,9
18;NL:Q:60002204;Wulpenlaan;Apeldoorn;0,6;0,6;0,4;0,2;0,2;0,1
18;NL:Q:60002205;Zanderijweg;Apeldoorn;16,0;5,0;11,3;3,1;5,3;1,8
18;NL:Q:60002208;Ptolemaeusstraat;Apeldoorn;12,8;0,5;6,2;0,5;0,0;0,0
19;NL:Q:25839175;GSG Pieter Zandt;Kampen;24,7;30,5;0,0;0,0;0,0;0,0
19;NL:Q:40001230;Landgoed Rosorum;Arnhem;2,7;21,9;1,3;4,7;0,6;3,3
19;NL:Q:40001240;Landgoed Rosorum;Arnhem;6,7;2,6;1,4;0,4;0,8;0,3
19;NL:Q:40001250;Schelmseweg;Arnhem;11,8;4,2;10,2;0,4;6,4;0,8
19;NL:Q:40001260;Amsterdamseweg/Het Dorp;Arnhem;20,7;1,2;7,0;0,2;4,7;0,4
19;NL:Q:40001270;Amsterdamseweg/Het Dorp;Arnhem;2,1;37,7;1,2;7,8;0,3;8,6
19;NL:Q:40001530;Roermondsplein;Arnhem;1,9;2,8;1,3;1,1;0,2;0,6
19;NL:Q:40001740;Middenweg;Arnhem;0,3;0,3;0,0;0,0;0,0;0,0
19;NL:Q:40001750;Marktplein (Geitenkamp);Arnhem;9,8;0,5;0,0;0,0;0,0;0,0
19;NL:Q:40001760;Marktplein (Geitenkamp);Arnhem;1,3;15,5;0,0;0,0;0,0;0,0
19;NL:Q:40001770;Zaslaan;Arnhem;0,0;0,0;0,0;0,0;0,0;0,0
19;NL:Q:40001780;Zaslaan;Arnhem;0,2;0,4;0,0;0,0;0,0;0,0
19;NL:Q:40002901;Monnikensteeg;Arnhem;0,3;0,2;0,0;0,0;0,0;0,0
19;NL:Q:40003030;Rozet;Arnhem;10,8;3,7;9,5;1,7;2,9;0,4
19;NL:Q:40003040;Rozet;Arnhem;3,9;24,3;1,7;20,8;0,9;7,0
19;NL:Q:40003070;Eusebiuskerk;Arnhem;16,2;16,0;17,3;2,6;6,1;0,2
19;NL:Q:40003080;Eusebiuskerk;Arnhem;8,4;38,2;2,1;32,9;0,3;9,1
19;NL:Q:40003570;Sonsbeek;Arnhem;35,7;94,4;9,5;17,4;7,0;20,9
19;NL:Q:40003580;Sonsbeek;Arnhem;87,8;33,7;5,0;10,7;5,7;10,2
19;NL:Q:40003650;Wielewaalstraat/Hoogte80;Arnhem;0,3;0,8;0,0;0,0;0,0;0,0
19;NL:Q:40003660;Wielewaalstraat/Hoogte80;Arnhem;1,1;0,1;0,0;0,0;0,0;0,0
19;NL:Q:40003670;Dominee Bechtlaan;Arnhem;0,2;0,1;0,0;0,0;0,0;0,0
19;NL:Q:40003680;Dominee Bechtlaan;Arnhem;0,2;0,3;0,0;0,0;0,0;0,0
19;NL:Q:40004009;Centraal Station;Arnhem;1175,2;40,7;371,6;14,5;255,6;16,1
19;NL:Q:40004011;Centraal Station;Arnhem;4,1;737,0;1,9;244,6;0,4;166,2
19;NL:Q:40004018;Willemsplein;Arnhem;423,9;8,1;195,1;1,6;116,8;1,8
19;NL:Q:40004020;Willemsplein;Arnhem;10,7;469,1;3,7;191,2;2,6;107,8
19;NL:Q:40004730;Keulse Slag;Arnhem;39,8;20,5;11,8;12,0;3,1;5,6
19;NL:Q:40004740;Keulse Slag;Arnhem;44,0;45,9;20,3;18,1;5,3;4,0
19;NL:Q:40004750;Zuilesteinlaan/HTS;Arnhem;7,9;0,1;0,0;0,0;0,0;0,0
19;NL:Q:40004760;Zuilesteinlaan/HTS;Arnhem;0,1;28,0;0,0;0,0;0,0;0,0
19;NL:Q:40005230;Kloosterstraat;Arnhem;0,1;0,3;0,0;0,0;0,0;0,0
19;NL:Q:40005240;Middenweg;Arnhem;1,0;0,1;0,0;0,0;0,0;0,0
19;NL:Q:40005260;Kloosterstraat;Arnhem;1,8;0,1;0,0;0,0;0,0;0,0
19;NL:Q:40005270;Brederostraat;Arnhem;0,0;0,1;0,0;0,0;0,0;0,0
19;NL:Q:40005280;Brederostraat;Arnhem;0,6;0,1;0,0;0,0;0,0;0,0
19;NL:Q:40005290;Couperusstraat;Arnhem;0,0;1,6;0,0;0,0;0,0;0,0
19;NL:Q:40005300;Couperusstraat;Arnhem;0,7;0,2;0,0;0,0;0,0;0,0
19;NL:Q:40005500;Stadskantoor;Arnhem;4,6;14,7;0,7;5,4;0,1;1,4
19;NL:Q:40006570;Badhuisstraat;Arnhem;5,2;7,1;2,6;4,7;0,7;0,7
19;NL:Q:40006580;Badhuisstraat;Arnhem;7,1;3,8;4,4;2,1;0,7;0,3
19;NL:Q:40006590;Stadskantoor;Arnhem;17,1;9,4;3,1;1,4;1,4;0,9
19;NL:Q:40006650;Van Oldenbarneveldtstraat;Arnhem;1,1;16,6;0,4;1,2;0,1;0,3
19;NL:Q:40006660;Van Oldenbarneveldtstraat;Arnhem;8,5;4,0;1,6;0,4;0,8;0,1
19;NL:Q:40006670;Haven;Arnhem;1,5;8,8;0,6;2,5;0,3;1,4
19;NL:Q:40006680;Haven;Arnhem;6,6;1,2;2,2;0,3;0,4;0,0
19;NL:Q:40006690;Dr. C. Lelyweg Zuid;Arnhem;1,3;13,7;0,9;1,9;0,1;0,2
19;NL:Q:40006700;Dr. C. Lelyweg Zuid;Arnhem;7,1;2,3;3,5;1,6;1,1;0,2
19;NL:Q:40006710;Kleefse Waard;Arnhem;14,7;40,5;0,8;2,2;0,2;1,0
19;NL:Q:40006720;Kleefse Waard;Arnhem;22,0;19,4;2,2;0,7;0,2;0,0
19;NL:Q:40006731;Bruningweg;Arnhem;4,6;27,1;0,1;0,6;0,0;0,1
19;NL:Q:40006741;Bruningweg;Arnhem;20,9;6,6;1,0;0,5;0,2;0,0
19;NL:Q:40006750;P. Calandweg;Arnhem;3,7;4,4;1,2;1,4;0,3;0,6
19;NL:Q:40006760;P. Calandweg;Arnhem;4,7;4,0;2,0;1,2;0,5;0,3
19;NL:Q:40006770;Slaakweg;Arnhem;2,4;4,3;0,8;2,5;0,2;0,9
19;NL:Q:40006780;Slaakweg;Arnhem;5,6;4,7;2,4;1,6;0,6;0,7
19;NL:Q:40006790;Lange Wal;Arnhem;11,9;11,6;4,9;6,5;1,1;2,3
19;NL:Q:40008550;Centraal Station (Sonsbeek);Arnhem;91,4;2,4;29,0;0,5;25,7;0,4
19;NL:Q:40008560;Centraal Station (Sonsbeek);Arnhem;1,4;96,5;0,7;41,6;0,2;30,9
19;NL:Q:40008570;Burg. Weertsstraat;Arnhem;7,3;24,5;4,1;12,3;3,3;8,4
19;NL:Q:40008580;Burg. Weertsstraat;Arnhem;9,0;5,7;5,6;4,2;1,1;3,5
19;NL:Q:40008840;Brekelenkampstraat;Arnhem;5,6;5,5;3,7;2,0;1,6;0,8
19;NL:Q:40009043;Saksen Weimar Kazerne;Arnhem;0,3;12,6;0,0;0,0;0,0;0,0
19;NL:Q:40009065;Dalweg;Arnhem;11,3;16,1;4,6;3,5;3,3;2,9
19;NL:Q:40009066;Dalweg;Arnhem;10,9;19,5;4,1;9,7;2,4;7,8
19;NL:Q:40009067;De Braamberg;Arnhem;49,5;11,1;9,2;2,9;7,0;1,8
19;NL:Q:40009068;De Braamberg;Arnhem;7,3;72,9;1,3;13,6;1,1;12,2
19;NL:Q:40009069;Moscowa;Arnhem;46,4;45,0;16,9;3,6;12,1;4,2
19;NL:Q:40009107;Elsweide/HAN;Arnhem;11,3;0,2;0,0;0,0;0,0;0,0
19;NL:Q:40009581;CIOS;Arnhem;3,9;0,2;0,0;0,0;0,0;0,0
19;NL:Q:40059041;Golflinks;Arnhem;16,1;15,0;12,3;2,9;7,5;2,2
19;NL:Q:40059042;Golflinks;Arnhem;10,1;17,3;2,2;13,9;1,9;6,8
19;NL:Q:40059070;Moscowa;Arnhem;47,4;61,4;3,5;24,4;2,9;15,9
19;NL:Q:40120030;Hotel De Roskam;Rheden;3,4;2,0;1,9;1,8;1,2;0,2
19;NL:Q:40120050;Beekhuizenseweg;Velp;3,8;31,2;1,8;12,1;1,0;2,5
19;NL:Q:40120060;Beekhuizenseweg;Velp;26,7;2,9;8,9;1,4;1,9;1,0
19;NL:Q:40120070;A.G. Hofkeslaan;Velp;1,8;3,7;1,9;2,5;0,8;1,2
19;NL:Q:40120080;A.G. Hofkeslaan;Velp;6,9;1,8;2,4;1,0;1,1;0,6
19;NL:Q:40120090;Oosterwolde;Velp;1,8;1,0;1,5;0,4;0,5;0,2
19;NL:Q:40120100;Oosterwolde;Velp;1,9;1,9;0,5;0,9;0,2;0,4
19;NL:Q:40120110;Gasthuislaan;Velp;7,3;4,7;8,8;1,4;2,7;0,4
19;NL:Q:40120140;Reigerstraat;Velp;1,9;3,7;0,5;3,0;0,3;1,0
19;NL:Q:40120150;Gruttostraat;Velp;17,1;31,4;9,1;2,5;2,4;0,8
19;NL:Q:40120160;Gruttostraat;Velp;28,3;20,1;1,9;6,8;1,1;2,8
19;NL:Q:40123990;Ziekenhuis/Waterstraat;Velp;14,3;17,0;3,9;14,4;1,4;5,7
19;NL:Q:40124000;Ziekenhuis/Waterstraat;Velp;13,8;5,6;15,5;1,9;3,7;0,9
19;NL:Q:40124030;Haverland;Velp;4,4;4,2;3,0;4,9;1,1;2,2
19;NL:Q:40124040;Haverland;Velp;6,6;2,9;9,7;2,2;2,2;0,8
19;NL:Q:40124050;Graaf Ottostraat;Velp;5,3;7,7;2,4;7,1;0,6;3,0
19;NL:Q:40124060;Graaf Ottostraat;Velp;9,2;3,6;12,7;2,0;3,3;1,3
19;NL:Q:40124070;Graaf Gerhardstraat;Velp;6,6;11,5;1,9;4,6;0,9;1,9
19;NL:Q:40124080;Graaf Gerhardstraat;Velp;16,9;6,3;7,5;1,7;2,2;0,9
19;NL:Q:40124090;Brekelenkampstraat;Arnhem;5,2;5,3;2,1;2,7;0,6;1,6
19;NL:Q:40153001;Groenendaal;Terlet;0,0;0,0;0,0;0,0;0,0;0,0
19;NL:Q:40153002;Groenendaal;Terlet;0,0;0,0;0,0;0,1;0,0;0,2
19;NL:Q:40153003;Terlet;Terlet;0,1;0,0;0,0;0,0;0,1;0,0
19;NL:Q:40153004;Terlet;Arnhem;0,0;0,1;0,0;0,0;0,0;0,1
19;NL:Q:40158004;Woeste Hoeve;Woeste Hoeve;0,1;0,1;0,0;0,2;0,0;0,0
19;NL:Q:40160030;Schelmseweg;Arnhem;3,1;21,2;0,9;10,1;0,6;8,7
19;NL:Q:40160070;Maasbergseweg;Arnhem;0,3;16,4;0,1;5,5;0,1;4,1
19;NL:Q:40160080;De Leeren Doedel;Arnhem;1,5;0,7;1,7;0,4;1,1;0,2
19;NL:Q:40160090;De Leeren Doedel;Arnhem;0,1;2,0;0,3;1,7;0,2;1,2
19;NL:Q:40160110;De Vijverberg;Arnhem;0,3;0,4;0,1;0,4;0,2;0,6
19;NL:Q:40160120;De Vijverberg;Arnhem;0,2;0,2;0,3;0,0;0,2;0,1
19;NL:Q:40160130;Klein Warnsborn;Arnhem;1,3;3,0;0,4;1,4;0,2;2,6
19;NL:Q:40160140;Klein Warnsborn;Arnhem;1,9;0,7;1,2;0,4;0,9;0,2
19;NL:Q:40169091;Van der Valk Hotel Arnhem;Arnhem;42,2;6,5;32,3;1,7;16,0;1,3
19;NL:Q:40169092;Van der Valk Hotel Arnhem;Arnhem;4,0;88,0;1,3;36,5;0,5;27,0
19;NL:Q:40169093;Revalidatie Centrum BIO;Arnhem;2,6;0,5;1,0;0,1;1,0;0,0
19;NL:Q:40169094;Revalidatie Centrum BIO;Arnhem;0,2;3,0;0,1;1,7;0,1;1,2
19;NL:Q:40169095;Grijsoord;Arnhem;0,5;0,1;0,7;0,1;0,5;0,1
19;NL:Q:40169096;Grijsoord;Arnhem;0,1;0,2;0,0;0,1;0,0;0,1
19;NL:Q:40169098;'s-Koonings Jaght;Arnhem;1,2;45,1;0,2;14,9;0,1;9,7
19;NL:Q:40258001;Schalterdalweg;Woeste Hoeve;4,1;3,9;4,3;3,5;3,8;2,0
19;NL:Q:40258003;Woeste Hoeve;Woeste Hoeve;0,3;0,1;0,3;0,0;0,4;0,1
19;NL:Q:40269001;Oud Reemsterweg;Oud Reemst;1,8;0,1;1,6;0,2;0,8;0,1
19;NL:Q:40269002;Oud Reemsterweg;Oud Reemst;0,1;1,4;0,2;1,1;0,1;0,5
19;NL:Q:40269003;Huize Jeekel;Oud Reemst;0,2;0,1;0,3;0,2;0,1;0,1
19;NL:Q:40269004;Huize Jeekel;Oud Reemst;0,1;0,1;0,1;0,4;0,0;0,0
19;NL:Q:40269097;'s-Koonings Jaght;Arnhem;35,3;1,0;12,1;0,5;8,1;0,3
19;NL:Q:40300170;Telefoonweg;Renkum;2,4;1,1;0,0;0,0;0,0;0,0
19;NL:Q:40344001;Apeldoornseweg;'s Heeren Loo;20,5;5,4;5,7;1,8;4,6;0,9
19;NL:Q:40344002;Apeldoornseweg;'s Heeren Loo;4,4;24,1;1,1;6,8;1,3;5,6
19;NL:Q:40351001;Stoppelbergweg;Beekbergen;2,3;4,3;1,7;4,1;1,6;2,7
19;NL:Q:40351002;Stoppelbergweg;Beekbergen;3,8;3,1;3,1;2,5;2,5;2,0
19;NL:Q:40351003;Vossenfarm;Beekbergen;0,8;2,8;0,9;2,5;0,7;0,7
19;NL:Q:40351004;Vossenfarm;Beekbergen;1,8;0,9;2,2;0,7;0,4;0,6
19;NL:Q:40351006;Berg en Dalweg;Beekbergen;2,1;3,2;1,3;2,4;0,8;1,7
19;NL:Q:40358002;Schalterdalweg;Woeste Hoeve;3,1;4,8;2,3;4,9;1,9;4,0
19;NL:Q:40358005;Schalterdalweg;Woeste Hoeve;0,1;0,1;0,2;0,0;0,1;0,1
19;NL:Q:40360001;'t Lage Veld;Otterlo;2,4;1,5;1,9;1,0;2,4;0,4
19;NL:Q:40360002;'t Lage Veld;Otterlo;0,9;2,4;1,1;2,4;0,6;1,9
19;NL:Q:40360003;De Zanding;Otterlo;7,1;3,0;3,6;1,8;3,8;1,4
19;NL:Q:40360004;De Zanding;Otterlo;2,2;7,3;1,0;3,4;1,3;2,4
19;NL:Q:40360005;Onderlangs;Otterlo;10,8;3,1;4,9;1,2;4,0;0,8
19;NL:Q:40360006;Onderlangs;Otterlo;2,0;10,7;1,5;5,3;0,5;2,9
19;NL:Q:40360007;Centrum;Otterlo;26,6;3,2;27,8;1,5;23,7;0,8
19;NL:Q:40360008;Centrum;Otterlo;3,9;24,8;2,2;25,0;1,8;20,6
19;NL:Q:40360009;Rotonde;Otterlo;74,8;71,9;52,8;36,0;42,0;29,4
19;NL:Q:40360010;Rotonde;Otterlo;72,4;78,8;51,2;55,5;43,6;37,7
19;NL:Q:40360013;Rotonde;Otterlo;37,2;48,2;15,4;12,8;12,8;7,1
19;NL:Q:40360014;Rotonde;Otterlo;50,3;29,8;10,9;15,2;5,9;12,9
19;NL:Q:40360019;Begraafplaats;Otterlo;0,3;0,2;0,3;0,3;0,4;0,7
19;NL:Q:40360020;Begraafplaats;Otterlo;0,2;0,1;0,2;0,4;0,2;0,1
19;NL:Q:40361002;Museum Schietkamp;Harskamp;1,3;5,5;0,2;0,9;0,1;0,9
19;NL:Q:40362008;Ingang Otterlo;De Hoge Veluwe;0,8;10,7;1,6;24,6;1,3;19,9
19;NL:Q:40372001;Uitgang Hoenderloo;De Hoge Veluwe;0,1;0,0;0,8;0,1;0,9;0,1
19;NL:Q:40372019;Elisabethweg;Hoenderloo;0,0;0,1;0,0;0,0;0,0;0,1
19;NL:Q:40374001;Centrum;Hoenderloo;11,2;16,3;9,0;11,6;8,5;8,4
19;NL:Q:40374002;Centrum;Hoenderloo;20,0;10,7;14,4;9,2;10,0;6,2
19;NL:Q:40374005;Krimweg Dorp;Hoenderloo;2,4;6,6;1,5;4,0;1,5;2,6
19;NL:Q:40374006;Krimweg Dorp;Hoenderloo;4,3;3,4;3,9;2,3;3,1;1,3
19;NL:Q:40374010;Bungalow Park;Hoenderloo;0,1;0,1;0,3;0,4;0,4;0,3
19;NL:Q:40374011;Hoenderloo Groep;Hoenderloo;5,6;4,2;2,3;1,4;1,6;4,5
19;NL:Q:40374012;Hoenderloo Groep;Hoenderloo;6,0;4,7;2,1;1,9;2,0;5,4
19;NL:Q:40374013;Miggelenbergweg;Hoenderloo;4,1;17,0;2,1;14,5;3,1;12,7
19;NL:Q:40374014;Miggelenbergweg;Hoenderloo;17,1;5,5;11,5;3,1;8,1;1,6
19;NL:Q:40400080;Arboretumlaan;Wageningen;1,0;10,0;1,4;9,1;2,0;13,9
19;NL:Q:40400085;Arboretumlaan;Wageningen;0,1;0,2;0,1;0,0;0,1;0,0
19;NL:Q:40402017;Bosweg;Bennekom;9,4;3,0;5,8;2,2;4,3;1,4
19;NL:Q:40406007;Dolderstraat;Wageningen;24,3;4,8;16,5;3,8;11,8;2,8
19;NL:Q:40406008;Dolderstraat;Wageningen;4,5;16,6;3,8;10,5;1,5;13,5
19;NL:Q:40406009;Nobelweg;Wageningen;85,9;10,8;70,4;6,2;40,8;5,1
19;NL:Q:40406010;Nobelweg;Wageningen;14,6;51,8;4,8;33,2;3,9;73,7
19;NL:Q:40406011;Mansholtlaan;Wageningen;14,4;1,5;6,3;0,4;4,2;0,9
19;NL:Q:40406012;Mansholtlaan;Wageningen;1,4;21,2;2,4;3,5;0,4;7,7
19;NL:Q:40406013;Buissteeg;Wageningen;5,5;2,0;5,0;2,1;4,7;0,9
19;NL:Q:40406014;Buissteeg;Wageningen;1,5;5,3;1,8;4,2;0,4;5,4
19;NL:Q:40406019;Haagsteeg;Wageningen;455,8;69,0;299,7;12,8;156,8;20,9
19;NL:Q:40406020;Haagsteeg;Wageningen;66,9;418,3;18,8;230,1;7,5;423,1
19;NL:Q:40406021;Business- en Science Park;Wageningen;145,9;24,8;76,1;11,8;51,1;11,8
19;NL:Q:40406022;Business- en Science Park;Wageningen;24,2;134,2;10,4;60,8;8,9;85,6
19;NL:Q:40406023;Dijkgraaf;Wageningen;115,0;12,8;144,2;18,5;88,5;12,6
19;NL:Q:40406024;Dijkgraaf;Wageningen;10,9;90,9;16,9;129,5;9,9;138,8
19;NL:Q:40406025;Bornsesteeg;Wageningen;114,2;46,7;183,0;44,9;100,7;24,1
19;NL:Q:40406026;Bornsesteeg;Wageningen;34,9;98,9;44,2;162,2;24,3;181,7
19;NL:Q:40406027;Hoevestein;Wageningen;176,6;27,6;120,2;13,2;68,4;9,7
19;NL:Q:40406028;Hoevestein;Wageningen;21,4;154,8;9,5;134,4;7,7;195,7
19;NL:Q:40406029;Campus/Atlas;Wageningen;406,1;38,8;71,3;12,7;32,9;8,7
19;NL:Q:40406030;Campus/Atlas;Wageningen;41,7;468,2;15,4;72,1;8,8;74,3
19;NL:Q:40406035;Busstation;Wageningen;878,5;827,9;663,8;562,3;391,9;586,7
19;NL:Q:40406051;Geertjesweg;Wageningen;26,7;2,0;18,5;1,5;13,6;0,7
19;NL:Q:40406052;Geertjesweg;Wageningen;1,6;16,7;0,7;9,9;0,2;12,7
19;NL:Q:40407021;Mondriaanlaan;Wageningen;85,7;13,9;0,0;0,0;3,7;0,8
19;NL:Q:40407022;Mondriaanlaan;Wageningen;12,3;85,9;0,0;0,0;0,6;41,4
19;NL:Q:40407023;Campus/Forum;Wageningen;344,9;103,8;0,0;0,0;1,4;1,7
19;NL:Q:40407024;Campus/Forum;Wageningen;119,0;309,9;0,0;0,0;1,0;60,6
19;NL:Q:40432001;De Harmonie;Laag-Soeren;10,7;2,3;5,3;0,8;1,8;0,7
19;NL:Q:40432002;De Harmonie;Laag-Soeren;1,8;10,9;1,2;6,2;0,3;2,0
19;NL:Q:40433002;'t Veentje;Eerbeek;0,4;1,3;0,1;0,5;0,1;0,3
19;NL:Q:40441001;Harderwijkerweg;Loenen;1,9;4,7;5,0;1,2;0,2;0,3
19;NL:Q:40441003;Bergakkerweg;Loenen;2,1;8,3;1,4;1,4;0,6;0,7
19;NL:Q:40441004;Bergakkerweg;Loenen;6,6;2,2;2,5;1,4;0,7;0,4
19;NL:Q:40441005;Bruisbeek;Loenen;8,8;20,2;3,7;6,6;1,0;2,7
19;NL:Q:40441006;Bruisbeek;Loenen;21,8;7,6;9,0;3,5;3,2;1,2
19;NL:Q:40441007;Leeuwenbergweg;Loenen;4,5;16,0;1,2;6,3;0,3;1,2
19;NL:Q:40441008;Leeuwenbergweg;Loenen;14,0;5,3;5,8;1,8;1,8;0,7
19;NL:Q:40441009;Hoge Bergweg;Loenen;4,0;13,1;1,5;5,9;0,9;1,5
19;NL:Q:40441010;Hoge Bergweg;Loenen;10,5;3,1;6,9;1,9;3,0;0,5
19;NL:Q:40441011;Hoofdweg;Lieren;0,7;0,1;0,0;0,0;0,0;0,0
19;NL:Q:40441014;Voorsterweg;Lieren;3,4;3,5;0,0;0,0;0,0;0,0
19;NL:Q:40451005;Berg en Dalweg;Beekbergen;2,4;2,5;1,5;2,1;1,2;2,0
19;NL:Q:40451007;De Smittenberg;Beekbergen;31,6;26,9;17,8;17,1;12,6;16,2
19;NL:Q:40451008;De Smittenberg;Beekbergen;16,1;32,1;10,9;17,2;9,1;12,3
19;NL:Q:40451009;Hagenbrug;Beekbergen;21,5;28,4;8,9;16,2;5,9;8,3
19;NL:Q:40451010;Hagenbrug;Beekbergen;24,2;19,8;13,5;8,9;6,3;4,9
19;NL:Q:40451011;Engelanderweg;Beekbergen;1,6;2,5;0,7;1,1;0,5;0,7
19;NL:Q:40451012;Engelanderweg;Beekbergen;2,6;2,4;0,8;0,9;0,5;0,5
19;NL:Q:40451013;De Wipselberg;Beekbergen;0,6;4,3;0,5;3,4;0,3;0,8
19;NL:Q:40451014;De Wipselberg;Beekbergen;3,6;0,6;3,5;0,5;1,3;0,2
19;NL:Q:40451015;Hulleweg;Beekbergen;0,8;3,4;0,4;3,5;0,2;0,6
19;NL:Q:40451016;Hulleweg;Beekbergen;3,8;1,1;4,9;0,5;0,7;0,2
19;NL:Q:40451017;Zonnehuis;Beekbergen;1,6;5,7;0,8;2,8;0,4;1,2
19;NL:Q:40451018;Zonnehuis;Beekbergen;4,9;3,0;2,5;1,0;0,8;0,2
19;NL:Q:40451019;Kerkweg;Beekbergen;6,5;8,2;3,9;7,7;1,9;1,6
19;NL:Q:40451020;Kerkweg;Beekbergen;12,7;3,3;8,8;2,9;1,6;0,6
19;NL:Q:40451021;Koningsweg;Beekbergen;1,0;2,5;0,4;1,3;0,2;0,6
19;NL:Q:40451022;Koningsweg;Beekbergen;3,0;1,6;1,9;0,5;0,4;0,4
19;NL:Q:40451034;Laan van Westenenk;Apeldoorn;20,8;10,4;1,5;1,2;0,7;0,9
19;NL:Q:40451075;Kapelmeestershoeve;Apeldoorn;3,8;14,1;0,0;0,0;0,0;0,0
19;NL:Q:40451076;Kapelmeestershoeve;Apeldoorn;17,5;4,5;0,0;0,0;0,0;0,0
19;NL:Q:40451077;De Eglantier;Apeldoorn;33,9;30,0;0,0;0,0;0,0;0,0
19;NL:Q:40451078;De Eglantier;Apeldoorn;35,8;40,4;0,0;0,0;0,0;0,0
19;NL:Q:40451096;Laan van Erica;Apeldoorn;13,8;6,3;0,0;0,0;0,0;0,0
19;NL:Q:40451097;Jaromirgaarde;Apeldoorn;8,2;7,3;0,0;0,0;0,0;0,0
19;NL:Q:40451098;Jaromirgaarde;Apeldoorn;6,5;8,6;0,0;0,0;0,0;0,0
19;NL:Q:40451099;Rademakersdonk;Apeldoorn;6,6;3,7;0,0;0,0;0,0;0,0
19;NL:Q:40451100;Rademakersdonk;Apeldoorn;4,8;7,7;0,0;0,0;0,0;0,0
19;NL:Q:40451101;Valkeniersdonk;Apeldoorn;7,2;9,8;0,0;0,0;0,0;0,0
19;NL:Q:40451102;Valkeniersdonk;Apeldoorn;8,1;9,5;0,0;0,0;0,0;0,0
19;NL:Q:40451103;Turfstekershoeve;Apeldoorn;8,9;13,6;0,0;0,0;0,0;0,0
19;NL:Q:40451105;Landdrostlaan;Apeldoorn;4,9;29,9;0,0;0,0;0,0;0,0
19;NL:Q:40451106;Landdrostlaan;Apeldoorn;24,7;9,9;0,0;0,0;0,0;0,0
19;NL:Q:40451143;Soldeniersveld;Apeldoorn;0,9;0,0;0,0;0,0;0,0;0,0
19;NL:Q:40451181;Ferguutgaarde;Apeldoorn;5,2;0,9;0,0;0,0;0,0;0,0
19;NL:Q:40451182;De Heemgaard;Apeldoorn;31,6;10,4;0,0;0,0;0,0;0,0
19;NL:Q:40451183;De Heemgaard;Apeldoorn;9,1;42,8;0,0;0,0;0,0;0,0
19;NL:Q:40451210;Ferguutgaarde;Apeldoorn;1,8;6,2;0,0;0,0;0,0;0,0
19;NL:Q:40451252;Kooikersdreef;Apeldoorn;7,9;5,2;0,0;0,0;0,0;0,0
19;NL:Q:40451259;Parlevinkershoeve;Apeldoorn;17,5;13,8;0,0;0,0;0,0;0,0
19;NL:Q:40451351;Eglantierlaan;Apeldoorn;1,5;0,9;0,0;0,0;0,0;0,0
19;NL:Q:40451402;Veldbrugweg;Lieren;0,0;1,0;0,0;0,0;0,0;0,0
19;NL:Q:40451403;Veldbrugweg;Lieren;1,0;0,2;0,0;0,0;0,0;0,0
19;NL:Q:40451404;Tullekensmolenweg;Lieren;0,0;0,6;0,0;0,0;0,0;0,0
19;NL:Q:40451405;Tullekensmolenweg;Lieren;0,8;0,0;0,0;0,0;0,0;0,0
19;NL:Q:40451406;Molenberg;Lieren;0,0;1,1;0,0;0,0;0,0;0,0
19;NL:Q:40451407;Molenberg;Lieren;0,2;0,0;0,0;0,0;0,0;0,0
19;NL:Q:40451408;Dorpshuis;Oosterhuizen;0,0;0,7;0,0;0,0;0,0;0,0
19;NL:Q:40451409;Dorpshuis;Oosterhuizen;1,3;0,0;0,0;0,0;0,0;0,0
19;NL:Q:40451412;Wittekruisweg;Oosterhuizen;0,0;0,8;0,0;0,0;0,0;0,0
19;NL:Q:40451413;Wittekruisweg;Oosterhuizen;0,6;0,0;0,0;0,0;0,0;0,0
19;NL:Q:40451414;Vinkenkamp;Oosterhuizen;0,0;0,2;0,0;0,0;0,0;0,0
19;NL:Q:40451415;Vinkenkamp;Oosterhuizen;0,2;0,0;0,0;0,0;0,0;0,0
19;NL:Q:40451416;Veendijk;Oosterhuizen;0,1;1,4;0,0;0,0;0,0;0,0
19;NL:Q:40451417;Veendijk;Oosterhuizen;1,0;0,1;0,0;0,0;0,0;0,0
19;NL:Q:40451418;Camping Bosgraaf;Oosterhuizen;0,1;0,2;0,0;0,0;0,0;0,0
19;NL:Q:40451459;Achterste Kerkweg;Oosterhuizen;0,4;0,0;0,0;0,0;0,0;0,0
19;NL:Q:40451461;Wilmersdorf;Apeldoorn;0,7;0,1;0,0;0,0;0,0;0,0
19;NL:Q:40451462;Wilmersdorf;Apeldoorn;0,0;1,5;0,0;0,0;0,0;0,0
19;NL:Q:40451501;Laan van Malkenschoten;Apeldoorn;81,7;49,6;10,8;5,8;8,7;0,7
19;NL:Q:40451502;Laan van Malkenschoten;Apeldoorn;91,1;99,7;4,9;12,4;0,7;6,3
19;NL:Q:40459001;Aventurijn;Loenen;1,0;0,2;0,0;0,0;0,0;0,0
19;NL:Q:40461001;Museum Schietkamp;Harskamp;4,9;1,7;0,9;0,3;0,2;0,1
19;NL:Q:40461003;Centrum;Harskamp;7,7;6,3;2,3;1,8;1,8;0,4
19;NL:Q:40461004;Centrum;Harskamp;3,8;10,0;1,5;2,8;0,3;1,4
19;NL:Q:40461005;De Spil;Harskamp;20,2;3,4;2,4;1,2;0,9;0,2
19;NL:Q:40461006;De Spil;Harskamp;4,7;17,6;1,5;2,6;0,5;1,2
19;NL:Q:40461007;Kraatsweg;Harskamp;20,7;17,4;7,2;1,9;3,1;0,9
19;NL:Q:40461008;Kraatsweg;Harskamp;15,2;17,1;1,7;6,9;0,6;3,4
19;NL:Q:40461009;Radioweg;Harskamp;0,1;6,3;0,1;0,2;0,0;0,1
19;NL:Q:40461010;Radioweg;Harskamp;6,5;4,4;0,4;1,1;0,0;0,8
19;NL:Q:40461011;Kraaikamperweg;Harskamp;5,1;0,8;1,8;0,0;0,8;0,0
19;NL:Q:40461012;Kraaikamperweg;Harskamp;0,8;0,6;0,2;0,4;0,0;0,3
19;NL:Q:40461013;Hoog Buurloseweg;Harskamp;3,3;4,6;1,3;0,5;1,1;0,2
19;NL:Q:40461014;Hoog Buurloseweg;Harskamp;6,0;4,4;0,7;1,6;0,2;0,7
19;NL:Q:40461015;Westenengerdijk;Harskamp;2,1;16,9;0,3;0,1;0,1;0,0
19;NL:Q:40461017;Harscamp;Harskamp;9,3;4,5;4,3;0,3;2,2;0,1
19;NL:Q:40461018;Harscamp;Harskamp;5,5;9,7;0,2;4,7;0,1;1,1
19;NL:Q:40463001;Hazendonkweg;Stroe;1,2;1,2;0,2;0,1;0,3;0,0
19;NL:Q:40463002;Hazendonkweg;Stroe;0,1;0,3;0,1;0,4;0,0;0,2
19;NL:Q:40463004;Heetweg;Stroe;3,3;6,6;0,5;1,9;0,1;1,1
19;NL:Q:40471170;Middachten;Apeldoorn;0,2;0,2;0,2;0,1;0,2;0,1
19;NL:Q:40471171;Middachten;Apeldoorn;0,1;1,0;0,1;0,5;0,2;0,5
19;NL:Q:40471175;Vlietweg;Apeldoorn;0,3;0,9;0,2;0,7;0,1;0,4
19;NL:Q:40471228;Laan van Spitsbergen;Apeldoorn;16,7;8,7;5,2;2,5;3,0;2,1
19;NL:Q:40471463;Hoog Buurloseweg;Hoenderloo;3,6;3,1;1,9;1,9;1,6;1,6
19;NL:Q:40471464;Hoog Buurloseweg;Hoenderloo;1,8;3,4;1,1;2,1;0,7;0,8
19;NL:Q:40471465;Van der Valk/De Cantharel;Apeldoorn;4,4;12,5;3,3;8,5;3,4;6,8
19;NL:Q:40471466;Van der Valk/De Cantharel;Apeldoorn;7,7;3,9;7,0;3,2;4,6;5,4
19;NL:Q:40471467;Gelre Ziekenhuis;Apeldoorn;2,2;2,4;1,7;1,5;1,5;1,1
19;NL:Q:40480015;Kronkelweg;Hoenderloo;3,3;0,5;0,8;0,2;1,2;0,3
19;NL:Q:40480016;Kronkelweg;Hoenderloo;0,8;2,6;0,3;0,1;0,3;0,9
19;NL:Q:40482002;Uitgang Hoenderloo;De Hoge Veluwe;0,0;0,1;0,0;1,1;0,1;0,8
19;NL:Q:40482003;Bezoekerscentrum;De Hoge Veluwe;1,9;0,1;3,4;0,3;2,9;0,4
19;NL:Q:40482004;Bezoekerscentrum;De Hoge Veluwe;0,1;1,8;0,6;2,7;0,7;2,4
19;NL:Q:40482005;Krol. Muller Museum;De Hoge Veluwe;15,4;0,8;21,8;0,7;21,3;1,1
19;NL:Q:40482006;Krol. Muller Museum;De Hoge Veluwe;0,6;10,8;1,2;15,2;1,0;13,0
19;NL:Q:40482007;Ingang Otterlo;De Hoge Veluwe;0,8;0,6;0,5;1,0;1,0;1,8
19;NL:Q:40512001;Station Ede-Wageningen;Ede;7,9;1563,7;4,1;739,2;2,1;478,2
19;NL:Q:40512002;Station Ede-Wageningen;Ede;371,9;3,5;69,7;1,2;46,1;0,5
19;NL:Q:40512003;Moreelsestraat;Ede;10,6;2,9;2,9;1,8;1,2;0,4
19;NL:Q:40512004;Moreelsestraat;Ede;2,9;9,8;1,8;3,0;0,6;0,6
19;NL:Q:40512005;Vossenweg;Bennekom;25,9;3,9;15,4;2,9;10,0;2,5
19;NL:Q:40512006;Vossenweg;Bennekom;4,6;20,2;3,7;12,8;2,4;15,7
19;NL:Q:40512007;Ziekenhuis Gelderse Vallei;Ede;0,0;0,3;0,0;0,1;0,0;0,0
19;NL:Q:40512008;Ziekenhuis Gelderse Vallei;Ede;0,2;0,0;0,0;0,0;0,0;0,0
19;NL:Q:40512009;Strooyweg;Bennekom;22,2;5,5;12,0;2,7;7,7;2,1
19;NL:Q:40512010;Strooyweg;Bennekom;3,0;20,2;2,3;14,7;1,2;11,6
19;NL:Q:40512011;Molenstraat;Bennekom;26,2;4,3;12,4;4,3;7,5;2,0
19;NL:Q:40512012;Molenstraat;Bennekom;5,0;19,9;3,6;10,7;2,3;10,7
19;NL:Q:40512013;Hof van St. Pieter;Bennekom;13,9;2,9;7,3;2,7;5,0;2,1
19;NL:Q:40512014;Hof van St. Pieter;Bennekom;2,3;11,7;2,9;8,2;2,7;8,1
19;NL:Q:40512015;Bart van Elstplantsoen;Bennekom;19,4;9,8;11,8;7,9;6,9;3,7
19;NL:Q:40512016;Bart van Elstplantsoen;Bennekom;9,2;17,4;7,2;9,3;3,0;9,7
19;NL:Q:40512018;Bosweg;Bennekom;2,3;8,9;1,8;6,1;1,1;5,7
19;NL:Q:40512019;Horalaan;Ede;4,9;23,1;1,0;3,8;0,9;2,8
19;NL:Q:40512020;Horalaan;Ede;19,7;9,9;4,3;2,4;2,3;2,1
19;NL:Q:40512021;De Reehorst;Ede;7,1;5,6;0,3;3,2;0,4;1,7
19;NL:Q:40512022;De Reehorst;Ede;4,8;5,8;2,2;1,6;1,6;0,5
19;NL:Q:40512023;Bovenbuurtweg;Ede;147,3;270,8;22,1;23,4;15,9;17,1
19;NL:Q:40512024;Bovenbuurtweg;Ede;245,6;138,8;25,5;23,8;18,9;21,9
19;NL:Q:40512025;Jan Vermeerstraat;Ede;13,7;4,2;3,9;1,8;1,1;1,6
19;NL:Q:40512026;Jan Vermeerstraat;Ede;3,9;10,8;1,9;2,7;1,2;1,4
19;NL:Q:40512027;Stadspoort;Ede;87,1;100,0;37,6;51,5;24,8;32,5
19;NL:Q:40512028;Stadspoort;Ede;79,9;69,7;39,7;29,1;31,6;26,0
19;NL:Q:40512030;Ziekenhuis Gelderse Vallei;Ede;224,1;183,6;45,9;50,4;31,8;39,1
19;NL:Q:40512031;Van Steenbergenweg;Ede;0,4;1,1;0,1;0,7;0,1;0,1
19;NL:Q:40512033;Prof. Oudpark;Ede;3,9;2,7;1,5;1,5;0,8;1,0
19;NL:Q:40512035;Coornhertstate;Ede;26,3;7,7;7,2;6,3;3,1;2,1
19;NL:Q:40512036;Coornhertstate;Ede;7,3;26,0;6,1;7,4;1,7;3,3
19;NL:Q:40512037;'t Riet;Ede;40,8;7,8;7,2;3,3;2,4;1,6
19;NL:Q:40512039;Ben Goerionsingel;Ede;5,3;3,2;1,4;0,8;0,8;0,5
19;NL:Q:40512040;Ben Goerionsingel;Ede;1,1;4,4;0,5;2,2;0,4;0,6
19;NL:Q:40512131;Kenniscampus;Ede;162,0;42,8;4,4;2,1;0,9;0,9
19;NL:Q:40512132;Kenniscampus;Ede;39,1;194,5;2,3;5,0;1,1;3,1
19;NL:Q:40512153;De Gelderhorst;Ede;7,2;11,0;2,8;6,7;1,1;2,0
19;NL:Q:40512154;De Gelderhorst;Ede;0,4;0,5;0,5;0,5;0,0;0,0
19;NL:Q:40512201;Halderbrink;Bennekom;32,9;14,9;20,5;7,5;11,1;5,2
19;NL:Q:40512202;Halderbrink;Bennekom;14,2;40,9;6,7;23,3;5,3;18,4
19;NL:Q:40512203;Hoekelumse Brinkweg;Bennekom;9,3;3,2;4,8;2,3;4,2;1,9
19;NL:Q:40512204;Hoekelumse Brinkweg;Bennekom;2,7;10,0;3,0;5,7;1,7;4,1
19;NL:Q:40512207;Heidelaan;Bennekom;5,8;1,8;3,3;1,7;2,2;1,1
19;NL:Q:40512208;Heidelaan;Bennekom;4,7;14,9;3,0;7,2;1,7;6,6
19;NL:Q:40512999;Ziekenhuis Gelderse Vallei;Ede;310,4;373,2;79,4;80,9;45,0;48,1
19;NL:Q:40513001;Cultura;Ede;0,0;0,0;0,0;0,0;0,0;0,0
19;NL:Q:40513002;Cultura;Ede;0,0;0,1;0,0;0,0;0,0;0,0
19;NL:Q:40513003;Mausoleum;Ede;0,0;0,0;0,0;0,0;0,0;0,0
19;NL:Q:40513004;Mausoleum;Ede;0,0;0,0;0,0;0,0;0,0;0,0
19;NL:Q:40513010;De Klinkenberg;Ede;0,4;0,3;0,1;0,1;0,0;0,0
19;NL:Q:40513012;Bethanie;Ede;0,0;0,2;0,0;0,1;0,0;0,0
19;NL:Q:40513014;Maanderzand;Ede;0,3;0,3;0,3;0,1;0,0;0,0
19;NL:Q:40513015;Beatrixpark;Ede;0,2;0,1;0,0;0,1;0,0;0,0
19;NL:Q:40513016;Beatrixpark;Ede;0,1;0,2;0,0;0,0;0,0;0,0
19;NL:Q:40513019;Zuiderkroon;Ede;0,1;0,3;0,0;0,2;0,0;0,0
19;NL:Q:40513020;Zuiderkroon;Ede;0,4;0,0;0,1;0,0;0,0;0,0
19;NL:Q:40513021;Albert Heijn XL;Ede;0,0;0,7;0,0;0,1;0,0;0,0
19;NL:Q:40513022;Albert Heijn XL;Ede;0,1;0,0;0,0;0,0;0,0;0,0
19;NL:Q:40513027;Billitonlaan/Timorlaan;Ede;6,3;15,2;2,2;7,9;2,8;6,5
19;NL:Q:40513028;Billitonlaan/Timorlaan;Ede;17,8;6,8;8,5;2,1;7,0;2,3
19;NL:Q:40513029;Kerkweg;Ede;0,0;0,2;0,0;0,0;0,0;0,0
19;NL:Q:40513030;Kerkweg;Ede;0,1;0,0;0,0;0,0;0,0;0,0
19;NL:Q:40513031;Koekeltse Boslaan;Ede;9,1;15,7;4,5;5,6;1,7;3,3
19;NL:Q:40513032;Koekeltse Boslaan;Ede;16,0;8,8;4,3;4,2;1,6;3,0
19;NL:Q:40513033;Langenberg;Ede;0,1;0,1;0,0;0,0;0,0;0,0
19;NL:Q:40513034;Langenberg;Ede;0,0;0,1;0,0;0,0;0,0;0,0
19;NL:Q:40513035;Paasberg;Ede;0,0;0,0;0,0;0,0;0,0;0,0
19;NL:Q:40513036;Paasberg;Ede;0,0;0,1;0,0;0,0;0,0;0,0
19;NL:Q:40513037;Prof. Oudpark;Ede;3,0;3,0;1,4;1,5;1,0;0,7
19;NL:Q:40513038;'t Riet;Ede;9,9;40,0;2,9;7,3;1,7;2,9
19;NL:Q:40513039;Belvedere;Ede;0,8;0,5;0,9;0,7;0,0;0,0
19;NL:Q:40522125;La Vendula;Ede;0,5;0,2;0,5;0,0;0,3;0,1
19;NL:Q:40528001;Roekelseweg;Wekerom;5,6;2,1;1,7;0,5;0,9;0,2
19;NL:Q:40528002;Roekelseweg;Wekerom;1,8;4,7;0,5;1,8;0,0;1,1
19;NL:Q:40528003;Wekeromse Buurtweg;Wekerom;4,9;2,6;1,4;0,7;1,0;0,3
19;NL:Q:40528004;Wekeromse Buurtweg;Wekerom;4,1;6,5;0,6;2,4;0,2;1,5
19;NL:Q:40528006;Garage Veldhuizen;De Valk;0,1;0,6;0,0;0,0;0,0;0,0
19;NL:Q:40528007;Kruispunt;Wekerom;12,1;19,8;4,1;1,1;1,1;0,4
19;NL:Q:40528008;Kruispunt;Wekerom;22,1;11,0;1,5;3,6;0,6;1,4
19;NL:Q:40528009;A.G. Wijersweg;Wekerom;5,1;0,1;0,0;0,1;0,0;0,0
19;NL:Q:40528010;A.G. Wijersweg;Wekerom;0,1;1,0;0,0;0,0;0,0;0,0
19;NL:Q:40528011;Dorpsplein;Wekerom;0,5;0,5;0,1;0,0;0,0;0,0
19;NL:Q:40528026;Westenengerdijk;Harskamp;8,7;2,3;0,2;0,4;0,0;0,1
19;NL:Q:40541002;Harderwijkerweg;Loenen;3,4;1,6;1,7;1,2;0,2;0,1
19;NL:Q:40542001;Hallsebrug;Hall;0,8;0,1;0,2;0,0;0,0;0,0
19;NL:Q:40542002;Hallsebrug;Hall;0,0;0,6;0,0;0,0;0,0;0,0
19;NL:Q:40543001;'t Veentje;Eerbeek;0,9;0,5;0,8;0,6;0,4;0,1
19;NL:Q:40543003;Coldenhovenseweg;Eerbeek;5,8;7,4;1,6;1,1;0,8;0,8
19;NL:Q:40543004;Coldenhovenseweg;Eerbeek;8,0;6,8;1,5;2,5;0,4;0,9
19;NL:Q:40543005;Loubergweg;Eerbeek;11,4;13,8;2,5;2,0;1,5;0,5
19;NL:Q:40543006;Loubergweg;Eerbeek;13,5;9,5;3,1;2,9;1,1;1,2
19;NL:Q:40543007;Centrum;Eerbeek;21,6;18,2;6,0;4,1;3,3;1,9
19;NL:Q:40543008;Centrum;Eerbeek;16,9;14,3;5,0;5,0;1,3;2,7
19;NL:Q:40543009;Offenbachstraat;Eerbeek;35,9;49,8;13,0;14,0;3,3;4,2
19;NL:Q:40543010;Offenbachstraat;Eerbeek;59,6;40,1;15,9;14,4;4,2;4,5
19;NL:Q:40543011;Ringlaan;Eerbeek;20,8;63,8;6,3;15,4;2,3;3,9
19;NL:Q:40543012;Ringlaan;Eerbeek;43,8;16,0;11,2;5,9;2,1;2,3
19;NL:Q:40543013;Vondellaan;Eerbeek;11,5;25,8;3,9;6,0;1,6;1,3
19;NL:Q:40543014;Vondellaan;Eerbeek;30,8;10,3;8,2;4,0;1,7;1,9
19;NL:Q:40543015;'t Hungeling;Eerbeek;0,5;0,0;0,0;0,0;0,0;0,0
19;NL:Q:40543016;'t Hungeling;Eerbeek;0,0;0,5;0,0;0,3;0,0;0,0
19;NL:Q:40543021;De Beekwal;Eerbeek;0,2;2,3;0,0;0,7;0,0;0,0
19;NL:Q:40543027;Loenenseweg;Eerbeek;0,5;0,1;0,0;0,0;0,0;0,0
19;NL:Q:40543028;Bijenkorf;Eerbeek;0,0;1,3;0,0;0,0;0,0;0,0
19;NL:Q:40543029;Bijenkorf;Eerbeek;2,4;0,0;0,0;0,0;0,0;0,0
19;NL:Q:40543030;Blekerserf;Eerbeek;0,0;1,1;0,0;0,0;0,0;0,0
19;NL:Q:40543031;Blekerserf;Eerbeek;0,5;0,0;0,0;0,0;0,0;0,0
19;NL:Q:40543032;Ydinkerf;Eerbeek;0,0;0,7;0,0;0,0;0,0;0,0
19;NL:Q:40543033;Ydinkerf;Eerbeek;0,8;0,0;0,0;0,0;0,0;0,0
19;NL:Q:40543034;Odinkerf;Eerbeek;0,0;0,5;0,0;0,0;0,0;0,0
19;NL:Q:40543035;Odinkerf;Eerbeek;0,7;0,0;0,0;0,0;0,0;0,0
19;NL:Q:40543036;Loenenseweg;Eerbeek;0,0;0,5;0,0;0,0;0,0;0,0
19;NL:Q:40543051;Landal Coldenhove;Eerbeek;2,9;3,1;0,0;0,0;0,0;0,0
19;NL:Q:40543061;Zwembad;Eerbeek;0,3;0,1;0,0;0,0;0,0;0,0
19;NL:Q:40543062;Zwembad;Eerbeek;0,0;0,6;0,0;0,0;0,0;0,0
19;NL:Q:40543077;Kloosterstraat;Eerbeek;0,3;0,1;0,0;0,0;0,0;0,0
19;NL:Q:40543081;Boerhavenlaan;Eerbeek;1,0;1,1;0,5;0,5;0,0;0,0
19;NL:Q:40548076;Dierenseweg;Eerbeek;0,1;0,9;0,0;0,0;0,0;0,0
19;NL:Q:40550001;Van Haeftenkazerne;Apeldoorn;16,2;14,8;6,7;8,8;5,7;4,6
19;NL:Q:40550002;Van Haeftenkazerne;Apeldoorn;7,8;16,4;4,8;7,4;3,3;4,9
19;NL:Q:40551001;Station;Apeldoorn;13,8;13,7;0,0;0,0;0,0;0,0
19;NL:Q:40551003;Marktplein;Apeldoorn;213,7;29,9;92,0;6,8;34,3;1,8
19;NL:Q:40551004;Marktplein;Apeldoorn;38,6;281,1;17,4;131,1;5,1;45,0
19;NL:Q:40551005;Oranjepark;Apeldoorn;37,6;7,9;9,3;2,0;5,9;2,8
19;NL:Q:40551006;Oranjepark;Apeldoorn;9,4;43,2;2,5;20,3;2,0;7,5
19;NL:Q:40551015;Station;Apeldoorn;389,0;357,2;0,0;0,0;0,0;0,0
19;NL:Q:40551020;Hoofdstraat;Apeldoorn;15,4;194,7;12,5;140,7;3,3;46,7
19;NL:Q:40551021;Amaliapark;Apeldoorn;54,6;1,2;29,0;0,2;19,8;0,2
19;NL:Q:40551022;Amaliapark;Apeldoorn;2,4;75,7;1,1;37,6;0,7;22,4
19;NL:Q:40551023;Zichtweg;Apeldoorn;31,8;11,1;10,9;6,6;7,2;4,2
19;NL:Q:40551024;Zichtweg;Apeldoorn;10,0;31,3;7,3;11,8;4,1;6,9
19;NL:Q:40551025;Eendrachtstraat;Apeldoorn;27,3;14,0;10,4;7,1;8,6;4,6
19;NL:Q:40551026;Eendrachtstraat;Apeldoorn;10,0;26,2;4,3;12,3;2,8;6,2
19;NL:Q:40551027;Aluminiumweg;Apeldoorn;33,2;16,3;10,7;12,3;8,7;5,9
19;NL:Q:40551028;Aluminiumweg;Apeldoorn;14,8;27,1;10,1;9,6;6,2;7,1
19;NL:Q:40551029;Sebastiaanplein;Apeldoorn;19,0;27,4;6,9;8,3;4,7;4,0
19;NL:Q:40551030;Sebastiaanplein;Apeldoorn;11,4;19,1;4,1;7,8;3,8;4,4
19;NL:Q:40551031;Chopinlaan;Apeldoorn;32,7;45,5;8,8;10,1;6,4;6,1
19;NL:Q:40551032;Chopinlaan;Apeldoorn;59,8;36,5;7,2;9,2;2,9;7,2
19;NL:Q:40551033;Laan van Westenenk;Apeldoorn;22,7;23,4;2,1;2,6;1,3;1,2
19;NL:Q:40551036;Koningin Julianatoren;Apeldoorn;7,7;2,5;15,6;1,5;9,7;0,9
19;NL:Q:40551037;Paleis Het Loo;Apeldoorn;27,2;3,0;4,1;2,0;1,5;1,9
19;NL:Q:40551038;Paleis Het Loo;Apeldoorn;3,9;11,0;3,5;3,7;3,6;1,4
19;NL:Q:40551039;Bosweg;Apeldoorn;3,1;8,6;0,4;0,8;0,7;0,3
19;NL:Q:40551040;Bosweg;Apeldoorn;9,2;1,6;3,2;0,6;1,6;0,6
19;NL:Q:40551041;Marktplein;Apeldoorn;60,9;3,1;18,1;1,5;5,2;0,4
19;NL:Q:40551045;Grote Kerk;Apeldoorn;34,0;33,9;18,2;19,8;8,6;13,6
19;NL:Q:40551046;Grote Kerk;Apeldoorn;23,4;24,1;10,9;12,9;6,9;7,2
19;NL:Q:40551047;Gedenknaald;Apeldoorn;40,7;31,4;11,6;20,3;9,7;17,2
19;NL:Q:40551048;Gedenknaald;Apeldoorn;46,5;31,7;23,8;12,2;17,9;9,8
19;NL:Q:40551049;Station;Apeldoorn;493,5;480,7;247,9;222,6;160,2;133,8
19;NL:Q:40551051;Oosterlaan;Apeldoorn;1,8;12,6;0,0;0,0;0,0;0,0
19;NL:Q:40551052;Oosterlaan;Apeldoorn;11,4;3,2;0,0;0,0;0,0;0,0
19;NL:Q:40551053;Pinksterbloem;Apeldoorn;11,8;23,9;0,0;0,0;0,0;0,0
19;NL:Q:40551054;Pinksterbloem;Apeldoorn;25,5;13,1;0,0;0,0;0,0;0,0
19;NL:Q:40551057;Fauststraat;Apeldoorn;33,9;31,0;0,0;0,0;0,0;0,0
19;NL:Q:40551058;Fauststraat;Apeldoorn;37,1;37,3;0,0;0,0;0,0;0,0
19;NL:Q:40551060;Laan van de Dierenriem;Apeldoorn;25,3;46,8;0,0;0,0;0,0;0,0
19;NL:Q:40551061;Laan v/d Leeuw;Apeldoorn;9,8;32,4;0,0;0,0;0,0;0,0
19;NL:Q:40551062;Laan v/d Leeuw;Apeldoorn;27,0;12,2;0,0;0,0;0,0;0,0
19;NL:Q:40551079;Gijsbrechtgaarde;Apeldoorn;5,2;13,2;0,0;0,0;0,0;0,0
19;NL:Q:40551080;Gijsbrechtgaarde;Apeldoorn;15,8;7,2;0,0;0,0;0,0;0,0
19;NL:Q:40551081;Welgelegenbrug;Apeldoorn;2,8;23,1;0,0;0,0;0,0;0,0
19;NL:Q:40551082;Welgelegenbrug;Apeldoorn;24,7;4,5;0,0;0,0;0,0;0,0
19;NL:Q:40551084;Station;Apeldoorn;200,2;184,2;57,7;53,5;31,9;42,6
19;NL:Q:40551089;J. Fruytierschool;Apeldoorn;215,2;258,8;0,0;0,0;0,0;0,0
19;NL:Q:40551091;Wagenmakershoek;Apeldoorn;6,8;10,1;0,0;0,0;0,0;0,0
19;NL:Q:40551092;Wagenmakershoek;Apeldoorn;11,7;8,4;0,0;0,0;0,0;0,0
19;NL:Q:40551093;Glazeniershorst;Apeldoorn;22,6;14,3;0,0;0,0;0,0;0,0
19;NL:Q:40551094;Glazeniershorst;Apeldoorn;15,9;14,6;0,0;0,0;0,0;0,0
19;NL:Q:40551095;Laan van Erica;Apeldoorn;4,3;12,4;0,0;0,0;0,0;0,0
19;NL:Q:40551110;Hoofdstraat;Apeldoorn;159,5;9,2;103,8;2,3;35,0;1,0
19;NL:Q:40551115;Station;Apeldoorn;0,0;0,0;0,0;0,0;0,0;0,0
19;NL:Q:40551122;Station;Apeldoorn;0,0;0,0;0,0;0,0;0,0;0,0
19;NL:Q:40551123;Station;Apeldoorn;0,0;0,1;0,0;0,0;0,0;0,0
19;NL:Q:40551130;Station;Apeldoorn;160,5;147,4;57,5;50,8;61,0;43,3
19;NL:Q:40551174;Vlietweg;Apeldoorn;0,5;0,3;0,5;0,4;0,3;0,2
19;NL:Q:40551177;Imkersdreef;Apeldoorn;7,9;5,7;0,0;0,0;0,0;0,0
19;NL:Q:40551178;Imkersdreef;Apeldoorn;6,5;6,9;0,0;0,0;0,0;0,0
19;NL:Q:40551179;Hoenderparkweg;Apeldoorn;0,3;2,5;0,3;1,9;0,2;1,9
19;NL:Q:40551180;Hoenderparkweg;Apeldoorn;1,1;0,7;0,8;0,9;0,7;0,6
19;NL:Q:40551213;Mandala/Kazerne;Apeldoorn;0,4;0,2;0,0;0,0;0,0;0,0
19;NL:Q:40551218;Christiaan Geurtsweg;Apeldoorn;0,3;4,9;0,2;1,5;0,2;0,8
19;NL:Q:40551219;Christiaan Geurtsweg;Apeldoorn;4,4;0,7;1,6;0,3;2,3;0,1
19;NL:Q:40551226;Jean Monnetpark;Apeldoorn;4,4;7,3;0,7;1,8;0,5;0,8
19;NL:Q:40551227;Jean Monnetpark;Apeldoorn;7,1;5,1;1,3;0,7;1,6;1,0
19;NL:Q:40551229;Laan van Spitsbergen;Apeldoorn;8,0;14,7;2,0;4,5;2,2;3,9
19;NL:Q:40551234;Schumanpark;Apeldoorn;8,3;2,9;0,4;0,5;0,4;0,4
19;NL:Q:40551235;Schumanpark;Apeldoorn;3,1;10,5;0,5;0,6;0,8;1,2
19;NL:Q:40551253;Kooikersdreef;Apeldoorn;3,7;0,6;0,0;0,0;0,0;0,0
19;NL:Q:40551330;Erasmusstraat;Apeldoorn;0,0;32,3;0,0;0,0;0,0;0,0
19;NL:Q:40551331;Erasmusstraat;Apeldoorn;20,7;0,0;0,0;0,0;0,0;0,0
19;NL:Q:40551373;Station;Apeldoorn;820,3;768,7;218,7;170,9;168,0;145,8
19;NL:Q:40551390;Mandala/Kazerne;Apeldoorn;0,6;0,1;0,0;0,0;0,0;0,0
19;NL:Q:40551445;Omnisport;Apeldoorn;0,5;0,5;0,0;0,0;0,0;0,0
19;NL:Q:40551446;Omnisport;Apeldoorn;0,5;1,2;0,0;0,0;0,0;0,0
19;NL:Q:40551473;Aidastraat;Apeldoorn;47,3;29,4;0,0;0,0;0,0;0,0
19;NL:Q:40551474;Aidastraat;Apeldoorn;44,0;44,2;0,0;0,0;0,0;0,0
19;NL:Q:40559001;Lange Amerikaweg;Apeldoorn;1,6;0,0;0,0;0,0;0,0;0,0
19;NL:Q:40559002;Lange Amerikaweg;Apeldoorn;0,0;1,9;0,0;0,0;0,0;0,0
19;NL:Q:40559003;Wkc Musketiersveld;Apeldoorn;0,3;0,1;0,0;0,0;0,0;0,0
19;NL:Q:40559004;Wkc Musketiersveld;Apeldoorn;0,1;1,8;0,0;0,0;0,0;0,0
19;NL:Q:40563003;Heetweg;Stroe;5,8;2,8;1,1;0,7;1,8;0,6
19;NL:Q:40563005;Topperweg;Stroe;3,7;2,2;1,0;0,3;0,4;0,1
19;NL:Q:40563006;Topperweg;Stroe;2,2;2,2;0,4;0,5;0,0;0,2
19;NL:Q:40563007;Kootwijkerdijk;Stroe;0,2;0,9;0,1;0,2;0,1;0,2
19;NL:Q:40563008;Kootwijkerdijk;Stroe;0,7;0,2;0,2;0,0;0,0;0,1
19;NL:Q:40563009;Ravenweg;Stroe;11,5;50,3;1,8;7,4;1,1;3,1
19;NL:Q:40563010;Ravenweg;Stroe;3,3;0,0;0,0;0,0;0,0;0,0
19;NL:Q:40563011;Centrum;Stroe;6,0;7,1;1,9;0,9;0,9;0,6
19;NL:Q:40563012;Centrum;Stroe;9,2;6,4;1,0;1,9;1,1;1,2
19;NL:Q:40563013;De Drie Musketiers;Stroe;1,1;1,3;0,7;0,5;0,3;0,5
19;NL:Q:40563014;De Drie Musketiers;Stroe;1,2;0,8;0,4;0,7;0,2;0,1
19;NL:Q:40563015;Majoor Mulder Kazerne;Stroe;0,2;0,6;0,1;0,0;0,0;0,0
19;NL:Q:40563016;Majoor Mulder Kazerne;Stroe;0,1;0,5;0,1;0,2;0,0;0,1
19;NL:Q:40563017;Ravenweg;Stroe;0,1;2,0;0,0;0,0;0,0;0,0
19;NL:Q:40563018;Ravenweg;Stroe;44,5;9,6;7,2;1,9;3,0;1,2
19;NL:Q:40569008;Militair tehuis;Wittenberg;0,2;0,3;0,0;0,1;0,0;0,0
19;NL:Q:40612043;Tolhuislaan;Ede;6,9;5,9;1,1;3,1;1,2;1,7
19;NL:Q:40612044;Tolhuislaan;Ede;8,2;8,2;4,2;2,3;1,3;1,2
19;NL:Q:40612045;Ericalaan;Ede;12,7;11,1;3,9;5,2;2,1;2,1
19;NL:Q:40612046;Ericalaan;Ede;7,1;16,5;1,6;6,5;1,3;3,2
19;NL:Q:40612047;Maanderweg;Ede;5,5;16,3;2,7;6,6;1,8;6,2
19;NL:Q:40612048;Maanderweg;Ede;10,1;4,6;3,3;3,0;5,3;1,6
19;NL:Q:40612050;Station Ede Centrum;Ede;15,6;14,2;8,3;8,5;7,2;4,3
19;NL:Q:40612051;Jadestraat;Ede;10,3;7,1;5,9;3,4;2,5;2,4
19;NL:Q:40612052;Jadestraat;Ede;5,2;10,5;2,2;9,1;1,9;3,4
19;NL:Q:40612053;Schaapsweg/Veenderweg;Ede;3,8;5,1;1,1;2,0;1,3;1,8
19;NL:Q:40612054;Schaapsweg/Veenderweg;Ede;5,0;3,6;1,7;1,4;1,5;1,4
19;NL:Q:40612055;Ganzeweide;Ede;5,1;13,0;1,7;6,9;1,2;5,5
19;NL:Q:40612056;Ganzeweide;Ede;14,2;4,8;6,4;2,0;6,2;1,1
19;NL:Q:40612059;Mariendaal;Ede;28,8;46,0;18,0;13,8;5,2;10,1
19;NL:Q:40612060;Mariendaal;Ede;34,8;21,7;9,6;14,7;5,3;3,7
19;NL:Q:40612061;Durendaal;Ede;3,4;4,4;1,7;1,8;1,1;1,3
19;NL:Q:40612062;Durendaal;Ede;4,3;5,9;1,7;3,8;1,1;2,0
19;NL:Q:40612063;Middelbeek;Ede;7,1;7,1;4,7;3,2;1,6;1,8
19;NL:Q:40612064;Middelbeek;Ede;7,6;6,5;3,2;6,3;1,9;2,1
19;NL:Q:40612065;Schoutenhof;Ede;6,9;8,9;4,5;3,2;1,9;2,3
19;NL:Q:40612067;Aalbeek;Ede;25,9;13,3;19,1;5,2;7,5;3,7
19;NL:Q:40612068;Aalbeek;Ede;16,0;24,3;5,5;18,0;3,3;6,9
19;NL:Q:40612069;Nienhof;Ede;13,7;8,3;9,2;2,8;4,4;2,9
19;NL:Q:40612070;Nienhof;Ede;7,3;10,5;2,1;7,6;1,8;3,5
19;NL:Q:40612071;Binnenhof;Ede;16,8;1,3;10,3;0,4;3,7;0,2
19;NL:Q:40612072;Binnenhof;Ede;8,8;10,8;1,9;8,3;1,6;3,2
19;NL:Q:40612073;Hogerhorst;Ede;30,6;21,9;16,7;6,0;7,4;6,2
19;NL:Q:40612074;Hogerhorst;Ede;13,5;27,1;3,7;16,8;1,9;7,9
19;NL:Q:40612075;Hoekenburg;Ede;26,0;13,4;14,1;2,9;5,6;4,1
19;NL:Q:40612076;Hoekenburg;Ede;11,6;22,5;2,4;10,0;1,5;2,9
19;NL:Q:40612077;Kranenburg;Ede;40,6;8,1;22,5;2,5;10,6;3,0
19;NL:Q:40612078;Kranenburg;Ede;9,5;35,8;1,5;21,3;2,2;7,7
19;NL:Q:40612079;Proosdijerveldweg;Ede;4,2;2,3;2,4;1,0;0,9;1,0
19;NL:Q:40612080;Proosdijerveldweg;Ede;1,1;8,1;0,4;3,4;0,4;0,8
19;NL:Q:40612081;Piet Heinstraat;Ede;10,5;21,8;4,2;28,5;0,9;3,8
19;NL:Q:40612082;Piet Heinstraat;Ede;11,7;12,7;9,3;5,2;1,4;0,7
19;NL:Q:40612083;Grotestraat;Ede;30,9;32,8;20,0;33,4;4,9;7,4
19;NL:Q:40612084;Grotestraat;Ede;43,5;36,3;50,3;20,1;6,0;5,8
19;NL:Q:40612085;Raadhuis;Ede;46,4;64,4;10,7;19,8;7,7;8,8
19;NL:Q:40612086;Raadhuis;Ede;66,2;42,8;19,8;11,1;10,2;9,0
19;NL:Q:40612087;Doelenstraat;Ede;59,3;39,5;33,8;30,3;9,3;10,3
19;NL:Q:40612088;Doelenstraat;Ede;41,0;70,6;25,4;38,1;8,5;10,5
19;NL:Q:40612089;Politiebureau;Ede;50,4;22,8;35,1;14,1;9,6;6,7
19;NL:Q:40612090;Politiebureau;Ede;24,7;57,1;12,7;35,2;6,2;10,6
19;NL:Q:40612092;Hogewoud;Ede;11,2;13,9;2,6;3,6;1,2;2,7
19;NL:Q:40612095;N224/Veldhuizen;Ede;8,9;3,2;1,9;1,8;2,6;0,8
19;NL:Q:40612096;N224/Veldhuizen;Ede;6,1;9,2;1,5;3,5;1,1;2,8
19;NL:Q:40612097;Stakenberg;Ede;15,6;12,3;5,7;2,6;5,1;2,4
19;NL:Q:40612098;Stakenberg;Ede;11,5;16,1;3,2;5,2;3,3;4,1
19;NL:Q:40612101;Schaapsweg/Molenstraat;Ede;9,2;3,7;2,9;1,9;1,9;0,6
19;NL:Q:40612103;Schaapsweg/Molenstraat;Ede;5,9;11,4;2,1;4,2;0,7;1,0
19;NL:Q:40612105;Station Ede Centrum;Ede;25,8;27,6;12,0;16,9;6,1;7,2
19;NL:Q:40612109;Schralenhouw;Ede;0,0;0,0;0,0;0,0;0,0;0,0
19;NL:Q:40612110;Schralenhouw;Ede;0,0;0,0;0,1;0,0;0,0;0,0
19;NL:Q:40612111;Sweelincklaan;Ede;0,1;0,2;0,0;0,3;0,0;0,0
19;NL:Q:40612112;Sweelincklaan;Ede;0,0;0,0;0,0;0,0;0,0;0,0
19;NL:Q:40612113;Van Pabstlaan;Ede;0,1;0,0;0,0;0,0;0,0;0,0
19;NL:Q:40612114;Van Pabstlaan;Ede;0,0;0,1;0,1;0,0;0,0;0,0
19;NL:Q:40612115;Eikenlaan;Ede;0,0;0,0;0,0;0,0;0,0;0,0
19;NL:Q:40612116;Eikenlaan;Ede;0,0;0,0;0,0;0,0;0,0;0,0
19;NL:Q:40612118;De Bosrand;Ede;2,7;5,1;1,7;2,8;1,4;3,4
19;NL:Q:40612119;Schutterweg;Ede;2,7;1,5;0,1;0,0;0,1;0,0
19;NL:Q:40612120;Schutterweg;Ede;2,5;3,3;1,0;0,2;0,3;0,0
19;NL:Q:40612121;Cannenburgerbos;Ede;9,7;7,7;1,4;2,6;1,2;2,1
19;NL:Q:40612123;Lagewoud;Ede;9,1;9,1;1,8;3,5;1,9;2,8
19;NL:Q:40612124;Lagewoud;Ede;7,8;7,0;2,7;1,1;2,4;1,5
19;NL:Q:40612125;Dalerveen;Ede;8,4;4,5;2,3;1,7;2,4;1,4
19;NL:Q:40612126;Dalerveen;Ede;4,1;9,2;1,2;2,7;1,0;2,4
19;NL:Q:40612127;Darwinstraat;Ede;11,9;3,4;0,5;0,2;0,1;0,2
19;NL:Q:40612128;Darwinstraat;Ede;2,4;13,1;0,3;0,7;0,1;0,3
19;NL:Q:40612151;Station Ede-Wageningen;Ede;302,3;3,7;153,2;2,1;45,3;0,6
19;NL:Q:40612161;Station Ede-Wageningen;Ede;208,8;1,4;38,1;0,3;26,0;0,3
19;NL:Q:40612162;Station Ede-Wageningen;Ede;264,2;2,1;193,3;0,9;302,4;2,2
19;NL:Q:40612163;Station Ede-Wageningen;Ede;117,0;0,9;44,8;0,2;24,0;0,3
19;NL:Q:40612164;Station Ede-Wageningen;Ede;176,6;1,4;93,7;1,7;84,1;0,8
19;NL:Q:40612166;Station Ede-Wageningen;Ede;140,7;2,3;57,5;2,3;41,9;0,9
19;NL:Q:40612167;Station Ede-Wageningen;Ede;2178,5;2124,9;1172,5;1186,6;1650,0;680,0
19;NL:Q:40612180;Sijsselt;Ede;0,0;0,0;0,0;0,0;0,0;0,0
19;NL:Q:40612190;Sijsselt;Ede;0,0;0,0;0,0;0,0;0,0;0,0
19;NL:Q:40612200;Station Ede Centrum;Ede;0,1;0,1;0,2;0,0;0,0;0,0
19;NL:Q:40622091;Hogewoud;Ede;22,5;15,0;6,5;2,5;4,3;2,1
19;NL:Q:40622117;De Bosrand;Ede;3,5;1,9;1,5;1,7;2,0;0,7
19;NL:Q:40622119;Driesprong;Ede;6,2;9,3;3,4;0,9;2,4;0,9
19;NL:Q:40622120;Driesprong;Ede;7,8;7,7;1,0;4,6;0,9;3,6
19;NL:Q:40622121;Hoge Valksedijk;Ede;0,4;0,3;0,4;0,1;0,2;0,0
19;NL:Q:40622122;Hoge Valksedijk;Ede;0,2;1,0;0,1;1,0;0,0;0,3
19;NL:Q:40622123;De Valouwe;Ede;0,1;0,1;0,3;0,1;0,3;0,0
19;NL:Q:40622124;De Valouwe;Ede;0,2;0,2;0,0;0,2;0,1;0,2
19;NL:Q:40622126;La Vendula;Ede;0,4;1,0;0,0;0,4;0,1;0,3
19;NL:Q:40631001;School met de Bijbel;De Valk;7,1;0,4;0,1;0,1;0,0;0,0
19;NL:Q:40631002;School met de Bijbel;De Valk;0,3;5,8;0,1;0,0;0,0;0,0
19;NL:Q:40631003;Geref. Gemeente;De Valk;5,9;0,9;0,0;0,0;0,0;0,0
19;NL:Q:40631004;Geref. Gemeente;De Valk;0,1;3,8;0,0;0,0;0,0;0,0
19;NL:Q:40631005;Garage Veldhuizen;De Valk;0,3;0,1;0,0;0,0;0,0;0,0
19;NL:Q:40631009;Cooperatie;De Valk;2,5;1,1;0,0;0,0;0,0;0,0
19;NL:Q:40631010;Cooperatie;De Valk;0,0;0,1;0,0;0,0;0,0;0,0
19;NL:Q:40643008;Hoeve Oud Milligen;Nieuw Milligen;2,9;2,2;2,0;1,0;2,0;0,5
19;NL:Q:40649001;Busstation;Wittenberg;75,1;24,9;12,4;7,8;8,6;4,2
19;NL:Q:40649002;Busstation;Wittenberg;29,9;93,0;9,0;27,8;4,9;12,7
19;NL:Q:40649003;Busstation;Wittenberg;33,2;50,4;11,7;14,9;5,9;5,1
19;NL:Q:40649004;Busstation;Wittenberg;70,9;57,0;25,0;22,6;2,4;4,1
19;NL:Q:40649005;Busstation;Wittenberg;64,5;43,4;24,1;7,1;8,6;6,5
19;NL:Q:40649009;Militair tehuis;Wittenberg;0,1;6,0;0,1;1,4;0,0;1,0
19;NL:Q:40649011;Tolnegenweg;Wittenberg;1,5;2,6;1,1;1,2;1,2;0,6
19;NL:Q:40650001;Wieselseweg;Wenum;5,1;12,9;2,1;6,7;2,0;4,7
19;NL:Q:40650002;Wieselseweg;Wenum;13,3;4,3;5,2;2,1;4,2;1,1
19;NL:Q:40650003;Papegaaiweg;Wenum;5,1;15,6;1,5;6,6;1,4;4,3
19;NL:Q:40650004;Papegaaiweg;Wenum;13,4;5,6;4,2;1,7;4,3;1,1
19;NL:Q:40650006;De Haere;Wenum;4,0;1,9;2,4;0,9;1,8;0,4
19;NL:Q:40651059;Laan van de Dierenriem;Apeldoorn;46,3;30,4;0,0;0,0;0,0;0,0
19;NL:Q:40664001;Oosterbrinkweg;Kootwijkerbroek;0,4;0,3;0,1;0,7;0,0;0,1
19;NL:Q:40664002;Oosterbrinkweg;Kootwijkerbroek;0,3;0,3;0,7;0,2;0,1;0,0
19;NL:Q:40664003;Garderbroekerweg;Kootwijkerbroek;5,8;5,7;0,3;1,3;0,1;0,3
19;NL:Q:40664004;Garderbroekerweg;Kootwijkerbroek;5,2;4,8;1,0;0,5;0,1;0,2
19;NL:Q:40664007;Kosterijweg;Kootwijkerbroek;14,8;9,4;3,0;2,5;0,9;0,7
19;NL:Q:40664008;Kosterijweg;Kootwijkerbroek;7,5;12,9;1,5;2,4;0,6;1,3
19;NL:Q:40664009;Essenerweg;Kootwijkerbroek;12,6;16,2;0,9;2,1;0,2;1,2
19;NL:Q:40664010;Essenerweg;Kootwijkerbroek;16,1;12,7;2,2;1,4;0,7;0,2
19;NL:Q:40664011;Nachtegaalweg;Kootwijkerbroek;1,5;3,9;0,3;1,2;0,0;0,1
19;NL:Q:40664012;Nachtegaalweg;Kootwijkerbroek;1,9;1,6;0,5;0,1;0,0;0,0
19;NL:Q:40664013;Wencopperweg;Kootwijkerbroek;3,1;1,8;0,2;0,4;0,1;0,1
19;NL:Q:40664014;Wencopperweg;Kootwijkerbroek;1,7;2,6;0,4;0,2;0,1;0,0
19;NL:Q:40664015;Gereformeerde Kerk;Kootwijkerbroek;1,3;1,6;0,1;0,5;0,0;0,4
19;NL:Q:40664016;Gereformeerde Kerk;Kootwijkerbroek;1,3;1,0;0,5;0,2;0,2;0,0
19;NL:Q:40665002;Esvelderweg;Barneveld;0,5;1,1;0,2;0,2;0,0;0,0
19;NL:Q:40671035;Koningin Julianatoren;Apeldoorn;2,4;10,4;3,1;16,3;1,3;9,7
19;NL:Q:40679006;Echoput;Hoog Soeren;4,8;0,8;3,7;0,3;3,1;0,3
19;NL:Q:40680001;Huis Voorstonden;Voorstonden;0,1;0,2;0,0;0,1;0,0;0,0
19;NL:Q:40680002;Huis Voorstonden;Voorstonden;0,0;0,2;0,0;0,2;0,0;0,0
19;NL:Q:40680003;Halte de Molen;Voorstonden;0,3;0,5;0,1;0,1;0,0;0,0
19;NL:Q:40680004;Halte de Molen;Voorstonden;0,2;0,5;0,0;0,0;0,0;0,0
19;NL:Q:40682001;School met de Bijbel;Tonden;0,1;0,0;0,0;0,0;0,0;0,0
19;NL:Q:40682002;School met de Bijbel;Tonden;0,0;0,7;0,0;0,1;0,0;0,0
19;NL:Q:40682003;ABK huis;Hall;0,4;0,2;0,3;0,2;0,0;0,0
19;NL:Q:40682004;ABK huis;Hall;0,1;0,6;0,1;0,6;0,0;0,0
19;NL:Q:40682005;Hogestraat;Hall;1,8;1,6;0,2;0,2;0,0;0,0
19;NL:Q:40682007;School;Hall;2,7;0,5;0,3;0,0;0,0;0,0
19;NL:Q:40682008;School;Hall;0,1;2,0;0,0;0,2;0,0;0,0
19;NL:Q:40685001;Buurtweg;Oeken;0,6;0,1;0,1;0,0;0,0;0,0
19;NL:Q:40685002;Buurtweg;Oeken;0,0;0,9;0,0;0,3;0,0;0,0
19;NL:Q:40712009;Pascalstraat;Ede;36,8;33,4;5,2;11,6;2,7;6,9
19;NL:Q:40712010;Pascalstraat;Ede;33,2;47,1;11,0;4,1;6,7;2,6
19;NL:Q:40712011;Lumierestraat;Ede;10,0;6,4;0,9;0,6;0,6;0,5
19;NL:Q:40712012;Lumierestraat;Ede;5,0;10,0;1,5;0,9;0,2;0,6
19;NL:Q:40712013;Niels Bohrstraat;Ede;24,1;6,8;0,7;1,0;0,5;0,6
19;NL:Q:40712014;Niels Bohrstraat;Ede;7,5;32,6;0,9;1,6;0,5;0,9
19;NL:Q:40712019;Pakhuisweg;Ede;3,9;1,7;1,1;1,1;0,5;0,6
19;NL:Q:40712020;Pakhuisweg;Ede;0,4;3,8;0,1;1,5;0,0;1,3
19;NL:Q:40712021;Kievitsmeent;Ede;4,4;4,3;0,9;0,8;0,1;0,2
19;NL:Q:40712022;Kievitsmeent;Ede;3,3;4,7;0,3;0,2;0,2;0,1
19;NL:Q:40712137;Einsteinstraat;Ede;4,3;14,5;1,8;6,4;0,5;1,7
19;NL:Q:40712138;Einsteinstraat;Ede;10,1;7,4;5,2;2,6;1,9;1,2
19;NL:Q:40712159;Amperestraat;Ede;23,5;10,4;1,6;0,8;0,2;0,1
19;NL:Q:40712160;Amperestraat;Ede;7,7;31,3;0,3;2,1;0,1;0,6
19;NL:Q:40715013;Buurtlaan-Oost;Veenendaal;6,3;2,5;0,8;0,3;0,2;0,1
19;NL:Q:40726001;Hooiweg;Garderen;3,1;5,4;2,9;4,2;0,5;1,0
19;NL:Q:40726002;Hooiweg;Garderen;4,9;3,0;4,4;2,9;0,8;0,1
19;NL:Q:40726003;Bakkerstraat;Garderen;17,2;33,8;4,3;11,4;2,3;5,4
19;NL:Q:40726004;Bakkerstraat;Garderen;38,2;20,5;11,8;7,8;4,3;2,5
19;NL:Q:40726005;West-end;Garderen;2,3;6,3;0,9;1,8;0,7;0,6
19;NL:Q:40726006;West-end;Garderen;6,7;2,8;1,0;0,9;1,1;0,3
19;NL:Q:40726007;Heideheuvel;Garderen;0,6;3,8;0,7;1,4;0,7;0,7
19;NL:Q:40726008;Heideheuvel;Garderen;3,4;0,8;1,0;1,3;1,3;0,3
19;NL:Q:40726009;De Hertshoorn;Garderen;1,2;1,9;0,9;1,6;0,2;1,1
19;NL:Q:40726010;De Hertshoorn;Garderen;1,6;1,1;0,7;0,8;0,9;0,3
19;NL:Q:40726011;Veluw Hul;Garderen;0,1;1,0;0,1;0,9;0,2;0,4
19;NL:Q:40726012;Veluw Hul;Garderen;0,6;0,3;0,8;0,1;0,5;0,1
19;NL:Q:40726013;Kastelenhof;Garderen;0,6;0,7;0,2;0,5;0,0;0,0
19;NL:Q:40726015;Houtdorp;Garderen;0,0;0,0;0,1;0,0;0,0;0,0
19;NL:Q:40726016;Houtdorp;Garderen;0,0;0,1;0,0;0,1;0,0;0,0
19;NL:Q:40746011;Bosweg;Voorthuizen;3,7;0,9;1,9;1,0;1,9;0,4
19;NL:Q:40746013;Hunnenweg;Voorthuizen;0,8;2,6;0,3;0,5;0,5;0,1
19;NL:Q:40746014;Hunnenweg;Voorthuizen;2,7;1,3;0,5;0,4;0,3;0,2
19;NL:Q:40746015;De Zanderij;Voorthuizen;8,3;5,4;4,8;2,1;3,5;1,2
19;NL:Q:40746016;De Zanderij;Voorthuizen;5,6;8,5;2,3;5,7;1,4;2,4
19;NL:Q:40746017;De IJsvogel;Voorthuizen;5,3;1,6;4,8;1,1;2,3;0,5
19;NL:Q:40746018;De IJsvogel;Voorthuizen;2,1;6,0;1,2;5,6;0,7;3,4
19;NL:Q:40749006;Tolnegenweg;Wittenberg;1,4;0,9;1,0;0,6;0,3;0,4
19;NL:Q:40750001;Station;Lunteren;15,5;3,1;3,0;0,7;0,0;0,0
19;NL:Q:40750003;Roskammersteeg;Lunteren;0,1;0,6;0,0;0,2;0,0;0,0
19;NL:Q:40750004;Roskammersteeg;Lunteren;0,5;0,0;0,1;0,0;0,0;0,0
19;NL:Q:40750005;Hertenlaan;Lunteren;0,0;0,5;0,0;0,1;0,0;0,0
19;NL:Q:40750006;Hertenlaan;Lunteren;0,2;0,0;0,1;0,0;0,0;0,0
19;NL:Q:40750007;Everlaan;Lunteren;0,7;0,4;0,1;0,3;0,0;0,0
19;NL:Q:40750009;Viaduct;Lunteren;0,0;0,2;0,0;0,2;0,0;0,0
19;NL:Q:40750010;Viaduct;Lunteren;0,1;0,1;0,0;0,1;0,0;0,0
19;NL:Q:40750013;De Molen;Lunteren;0,1;0,2;0,0;0,1;0,0;0,0
19;NL:Q:40750014;De Molen;Lunteren;0,2;0,0;0,1;0,1;0,0;0,0
19;NL:Q:40750015;De Wormshoef;Lunteren;13,2;0,2;0,0;0,3;0,0;0,0
19;NL:Q:40750016;De Wormshoef;Lunteren;0,1;9,1;0,1;0,0;0,0;0,0
19;NL:Q:40751003;Rehoboth;Meulunteren;0,8;0,1;0,0;0,1;0,0;0,0
19;NL:Q:40751004;Rehoboth;Meulunteren;0,1;0,8;0,0;0,0;0,0;0,0
19;NL:Q:40751005;Bijweg;Meulunteren;0,3;0,2;0,0;0,1;0,0;0,0
19;NL:Q:40751006;Bijweg;Meulunteren;0,1;0,0;0,1;0,0;0,0;0,0
19;NL:Q:40751011;Hessenweg;Meulunteren;0,8;0,5;0,0;0,2;0,0;0,0
19;NL:Q:40751012;Hessenweg;Meulunteren;0,3;0,6;0,2;0,1;0,0;0,0
19;NL:Q:40755075;Schaffelaartheater;Barneveld;0,0;1,0;0,0;0,5;0,0;0,0
19;NL:Q:40755085;Schaffelaartheater;Barneveld;0,5;0,0;0,3;0,0;0,0;0,0
19;NL:Q:40765001;Esvelderweg;Barneveld;0,7;1,1;0,2;0,2;0,0;0,0
19;NL:Q:40765005;Norschoterweg;Barneveld;0,2;0,4;0,0;0,1;0,0;0,0
19;NL:Q:40765006;Norschoterweg;Barneveld;0,7;0,4;0,0;0,0;0,0;0,0
19;NL:Q:40765007;Praktijkschool Barneveld;Barneveld;54,7;57,4;1,4;0,6;0,6;0,2
19;NL:Q:40765008;Praktijkschool Barneveld;Barneveld;36,0;54,2;0,3;1,2;0,3;1,2
19;NL:Q:40765009;Julianaplein;Barneveld;5,2;3,7;0,8;0,3;0,4;0,0
19;NL:Q:40765010;Julianaplein;Barneveld;2,9;6,2;0,1;0,9;0,3;0,4
19;NL:Q:40765011;Van Dompselaerstraat;Barneveld;3,3;1,4;1,0;0,3;0,6;0,3
19;NL:Q:40765012;Van Dompselaerstraat;Barneveld;2,0;5,9;0,7;1,6;0,5;0,6
19;NL:Q:40765013;Station Barneveld Centrum;Barneveld;130,2;78,3;46,2;22,6;19,3;8,0
19;NL:Q:40765014;Station Barneveld Centrum;Barneveld;118,2;113,8;27,3;37,2;13,5;19,2
19;NL:Q:40765016;Vliegersvelderlaan;Barneveld;0,0;0,0;0,0;0,0;0,0;0,0
19;NL:Q:40765023;Torenplein;Barneveld;0,7;0,1;0,2;0,0;0,0;0,0
19;NL:Q:40765024;Torenplein;Barneveld;0,0;1,3;0,0;0,6;0,0;0,0
19;NL:Q:40765029;Narcissenstraat;Barneveld;1,9;1,3;0,4;0,2;0,0;0,0
19;NL:Q:40765030;Narcissenstraat;Barneveld;2,0;1,8;0,5;0,5;0,0;0,0
19;NL:Q:40765031;Begraafplaats De Plantage;Barneveld;0,9;0,8;0,3;0,1;0,0;0,0
19;NL:Q:40765032;Begraafplaats De Plantage;Barneveld;0,6;0,8;0,0;0,3;0,0;0,0
19;NL:Q:40765041;Nijkerkerweg;Barneveld;7,2;5,1;0,2;0,2;0,0;0,1
19;NL:Q:40765042;Nijkerkerweg;Barneveld;4,6;8,0;0,4;0,1;0,0;0,2
19;NL:Q:40765045;Evenementenhal;Barneveld;5,7;2,9;1,8;0,7;0,6;1,8
19;NL:Q:40765046;Evenementenhal;Barneveld;2,1;6,2;0,8;2,7;1,2;0,8
19;NL:Q:40765047;Troelstralaan;Barneveld;2,2;19,4;0,3;3,6;0,1;1,3
19;NL:Q:40765048;Troelstralaan;Barneveld;18,6;4,9;2,6;1,0;2,2;0,2
19;NL:Q:40765055;De Meerwaarde;Barneveld;0,3;0,5;0,0;0,0;0,0;0,0
19;NL:Q:40765061;Churchillstraat;Barneveld;0,1;0,1;0,0;0,1;0,0;0,0
19;NL:Q:40765062;Churchillstraat;Barneveld;0,2;0,3;0,0;0,6;0,0;0,0
19;NL:Q:40765068;Nieuwe Markt;Barneveld;0,5;0,5;0,5;0,5;0,0;0,0
19;NL:Q:40765073;Vellerselaan;Barneveld;0,0;1,0;0,0;0,0;0,0;0,0
19;NL:Q:40765074;;;0,9;0,0;0,0;0,0;0,0;0,0
19;NL:Q:40779002;Het Aardhuis;Hoog Soeren;0,5;0,7;0,3;0,1;0,1;0,2
19;NL:Q:40779003;Oranjeoord;Hoog Soeren;0,3;0,9;0,2;0,9;0,2;0,8
19;NL:Q:40779004;Oranjeoord;Hoog Soeren;0,8;0,6;0,5;0,2;0,7;0,0
19;NL:Q:40779005;Echoput;Hoog Soeren;0,5;5,1;0,5;4,4;0,3;3,2
19;NL:Q:40783001;Kruispunt;Nieuw Millingen;4,7;15,0;2,5;12,9;1,4;6,6
19;NL:Q:40783002;Kruispunt;Nieuw Millingen;11,8;6,5;7,1;4,0;6,7;1,2
19;NL:Q:40783003;Kon. Luchtmacht;Nieuw Milligen;0,6;2,0;0,0;0,3;0,0;0,2
19;NL:Q:40783004;Kon. Luchtmacht;Nieuw Milligen;1,8;0,3;0,4;0,1;0,3;0,2
19;NL:Q:40783005;Ouwendorperweg;Nieuw Milligen;0,5;2,3;0,2;0,3;0,2;0,2
19;NL:Q:40783006;Ouwendorperweg;Nieuw Milligen;2,4;0,6;0,3;0,2;0,1;0,1
19;NL:Q:40783007;Hoeve Oud Milligen;Nieuw Milligen;1,6;3,7;0,8;1,1;0,7;0,3
19;NL:Q:40783010;Bos en Heide;Nieuw Milligen;1,9;0,1;0,0;0,0;0,0;0,0
19;NL:Q:40783011;Meerveld;Nieuw Milligen;0,0;2,8;0,0;0,0;0,0;0,0
19;NL:Q:40783012;Meerveld;Nieuw Milligen;2,7;0,8;0,0;0,0;0,0;0,0
19;NL:Q:40789001;Het Aardhuis;Hoog Soeren;2,4;5,7;0,9;0,5;0,6;0,2
19;NL:Q:40800325;Stationsstraat;Veenendaal;0,2;1,5;0,1;0,4;0,0;0,0
19;NL:Q:40800326;Stationsstraat;Veenendaal;0,2;0,2;0,1;0,0;0,0;0,0
19;NL:Q:40800390;De Grote Pekken;Veenendaal;32,1;2,0;5,4;0,5;3,1;0,1
19;NL:Q:40800400;De Grote Pekken;Veenendaal;2,0;24,8;0,3;4,9;0,3;3,2
19;NL:Q:40800410;Rembrandtpark;Veenendaal;9,8;3,7;2,3;1,0;0,0;0,0
19;NL:Q:40800420;Rembrandtpark;Veenendaal;3,9;6,7;1,2;2,5;0,0;0,0
19;NL:Q:40800430;Rossiniweg;Veenendaal;2,2;4,3;0,1;0,8;0,0;0,0
19;NL:Q:40800440;Jan Vermeerstraat;Veenendaal;1,1;3,5;0,4;2,0;0,0;0,0
19;NL:Q:40800450;Jan Vermeerstraat;Veenendaal;2,1;1,0;0,1;1,0;0,0;0,0
19;NL:Q:40800470;Station West;Veenendaal;9,3;6,3;1,1;3,2;0,0;0,0
19;NL:Q:40800480;Station West;Veenendaal;6,3;6,9;1,9;0,7;0,0;0,0
19;NL:Q:40800490;Boekvink;Veenendaal;2,2;6,0;0,2;1,0;0,0;0,0
19;NL:Q:40800500;Boekvink;Veenendaal;6,2;1,5;0,5;0,3;0,0;0,0
19;NL:Q:40800510;Tuinfluiter;Veenendaal;2,4;5,5;0,3;0,5;0,0;0,0
19;NL:Q:40800520;Tuinfluiter;Veenendaal;6,8;1,5;0,5;0,2;0,0;0,0
19;NL:Q:40800610;Spitsbergenweg;Veenendaal;2,4;13,3;0,8;2,4;0,7;1,3
19;NL:Q:40800620;Spitsbergenweg;Veenendaal;14,7;2,9;2,2;1,3;1,6;0,3
19;NL:Q:40800630;De Meent;Veenendaal;2,9;17,5;0,4;2,0;0,4;1,3
19;NL:Q:40800640;De Meent;Veenendaal;19,2;2,7;1,6;0,6;1,7;0,3
19;NL:Q:40800700;'t Kofschip;Veenendaal;3,4;3,4;0,4;0,5;0,0;0,0
19;NL:Q:40800710;'t Kofschip;Veenendaal;3,7;2,9;0,4;0,5;0,0;0,0
19;NL:Q:40800800;Rossiniweg;Veenendaal;5,1;1,7;0,8;0,2;0,0;0,0
19;NL:Q:40800820;Zwaaiplein;Veenendaal;1,1;0,5;0,8;0,3;0,0;0,0
19;NL:Q:40800830;Zwaaiplein;Veenendaal;0,8;1,7;0,6;0,6;0,0;0,0
19;NL:Q:40800960;Händellaan;Veenendaal;2,9;2,0;0,6;0,4;0,0;0,0
19;NL:Q:40800970;Händellaan;Veenendaal;2,4;2,0;0,2;0,4;0,0;0,0
19;NL:Q:40800980;Smetanadreef;Veenendaal;3,7;1,8;0,3;0,2;0,0;0,0
19;NL:Q:40800990;Smetanadreef;Veenendaal;2,3;5,1;0,2;0,8;0,0;0,0
19;NL:Q:40801300;Landjuweel;Veenendaal;1,4;11,3;0,4;1,4;0,0;0,0
19;NL:Q:40801310;Landjuweel;Veenendaal;9,3;2,0;0,8;0,7;0,0;0,0
19;NL:Q:40801320;Klovenier;Veenendaal;0,5;3,3;0,1;0,5;0,0;0,0
19;NL:Q:40801330;Klovenier;Veenendaal;2,9;0,7;0,1;0,3;0,0;0,0
19;NL:Q:40801350;De Schutterij;Veenendaal;3,2;1,6;0,6;0,2;0,0;0,0
19;NL:Q:40801410;Regge;Veenendaal;4,0;4,4;0,9;0,3;0,0;0,0
19;NL:Q:40801420;Regge;Veenendaal;5,6;3,7;0,7;1,1;0,0;0,0
19;NL:Q:40801480;Stat. Centrum/Kerkew.;Veenendaal;8,3;71,8;2,5;14,5;0,0;0,0
19;NL:Q:40801510;Munnikenweg;Veenendaal;3,2;13,2;0,4;1,1;0,0;0,0
19;NL:Q:40801520;Munnikenweg;Veenendaal;13,4;2,9;0,7;0,5;0,0;0,0
19;NL:Q:40801530;De Schutterij;Veenendaal;1,3;4,9;0,4;1,4;0,0;0,0
19;NL:Q:40801540;Stat. Centrum/Rembrandtln;Veenendaal;4,4;2,4;0,7;1,1;0,0;0,0
19;NL:Q:40802001;Heuvelsesteeg;Overberg;0,8;0,8;0,1;0,2;0,0;0,0
19;NL:Q:40802003;Bergweg;Overberg;0,1;0,4;0,0;0,3;0,0;0,0
19;NL:Q:40802005;De Ossenberg;Overberg;1,1;0,6;0,9;0,5;0,0;0,0
19;NL:Q:40802007;Rijksinrichting de Overberg;Overberg;0,3;0,1;0,1;0,0;0,0;0,0
19;NL:Q:40802009;Driesprong;Overberg;0,6;0,5;0,6;0,7;0,0;0,0
19;NL:Q:40802011;Slaperdijk;Overberg;0,2;0,0;0,2;0,0;0,0;0,0
19;NL:Q:40802014;Haarweg School;Overberg;0,1;0,1;0,0;0,1;0,0;0,0
19;NL:Q:40802016;Haspel;Overberg;0,0;0,1;0,0;0,0;0,0;0,0
19;NL:Q:40802018;Overweg;Overberg;0,0;0,1;0,0;0,1;0,0;0,0
19;NL:Q:40805005;Prins Clauslaan;Veenendaal;10,0;3,9;1,5;1,9;1,2;0,9
19;NL:Q:40805006;Prins Clauslaan;Veenendaal;4,0;8,5;1,2;2,2;1,2;1,2
19;NL:Q:40805007;Sirius;Veenendaal;34,1;11,5;6,4;2,7;5,7;2,5
19;NL:Q:40805008;Sirius;Veenendaal;11,4;32,8;3,2;7,6;2,2;4,6
19;NL:Q:40805014;Buurtlaan-Oost;Veenendaal;1,6;8,9;0,1;0,9;0,1;0,7
19;NL:Q:40805015;Van Veldekelaan;Veenendaal;0,6;0,0;0,0;0,0;0,0;0,0
19;NL:Q:40805016;Van Veldekelaan;Veenendaal;0,0;1,0;0,0;0,2;0,0;0,0
19;NL:Q:40805017;Station West;Veenendaal;0,5;1,2;0,3;0,8;0,0;0,0
19;NL:Q:40805018;Station West;Veenendaal;1,1;0,8;1,0;0,3;0,0;0,0
19;NL:Q:40805027;Politiebureau;Veenendaal;55,7;10,7;18,7;3,1;7,7;1,6
19;NL:Q:40805028;Politiebureau;Veenendaal;4,7;59,0;1,2;21,5;0,4;9,7
19;NL:Q:40805037;'t Boveneind;Veenendaal;0,2;0,2;0,2;0,0;0,0;0,0
19;NL:Q:40805038;'t Boveneind;Veenendaal;0,1;0,2;0,0;0,1;0,0;0,0
19;NL:Q:40805120;Stat. Centrum/Plein;Veenendaal;148,5;72,1;26,1;8,8;19,2;17,9
19;NL:Q:40806010;Centrum/ Wolweg;Veenendaal;1,0;1,6;0,9;0,3;0,0;0,0
19;NL:Q:40806020;Centrum/ Wolweg;Veenendaal;1,0;1,0;0,2;1,5;0,0;0,0
19;NL:Q:40829001;De Rusthoeve;Koudhoorn;0,7;2,6;0,4;0,3;0,2;0,3
19;NL:Q:40829002;De Rusthoeve;Koudhoorn;2,6;0,4;0,3;0,3;0,3;0,1
19;NL:Q:40829003;Mooi Veluwe;Koudhoorn;1,8;6,3;0,9;4,1;1,1;1,7
19;NL:Q:40829004;Mooi Veluwe;Koudhoorn;5,8;1,7;3,9;0,5;3,1;0,5
19;NL:Q:40829005;Landgoed Groot Spriel;Koudhoorn;0,0;0,1;0,0;0,1;0,0;0,1
19;NL:Q:40829006;Landgoed Groot Spriel;Koudhoorn;0,1;0,2;0,1;0,0;0,0;0,0
19;NL:Q:40829007;School Schovenhorst;Koudhoorn;1,0;1,3;0,4;0,5;1,6;0,4
19;NL:Q:40829010;Landgoed Schovenhorst;Koudhoorn;1,2;0,4;0,5;0,4;0,7;0,2
19;NL:Q:40883009;Bos en Heide;Nieuw Milligen;0,2;2,0;0,0;0,0;0,0;0,0
19;NL:Q:40885006;Openbare Basisschool;Oeken;0,2;0,0;0,1;0,0;0,0;0,0
19;NL:Q:40885007;Openbare Basisschool;Oeken;0,0;0,7;0,0;0,1;0,0;0,0
19;NL:Q:40887001;Garderenseweg;Uddel;0,5;0,3;0,0;0,0;0,0;0,0
19;NL:Q:40887002;Garderenseweg;Uddel;0,2;0,5;0,0;0,0;0,0;0,0
19;NL:Q:40887003;Cafe Uddelermeer;Uddel;1,7;4,4;1,5;2,2;0,4;0,4
19;NL:Q:40887004;Cafe Uddelermeer;Uddel;4,6;2,9;2,0;1,7;0,3;0,3
19;NL:Q:40887005;Bleeke Hoeve;Uddel;1,7;2,2;0,5;0,6;0,0;0,3
19;NL:Q:40887006;Bleeke Hoeve;Uddel;2,1;1,7;0,9;0,5;0,3;0,0
19;NL:Q:40887007;Uttilochweg;Uddel;18,4;28,0;3,5;5,4;0,0;0,3
19;NL:Q:40887008;Uttilochweg;Uddel;28,5;16,4;4,7;3,3;0,4;0,2
19;NL:Q:40887009;Markveldweg;Uddel;8,8;15,7;1,6;2,6;0,1;0,1
19;NL:Q:40887010;Markveldweg;Uddel;24,6;11,0;2,8;1,7;0,1;0,2
19;NL:Q:40887012;Noord Riezen;Uddel;1,4;2,2;0,5;1,5;0,0;0,1
19;NL:Q:40982002;Hooiweg/Middenweg;Elspeet;0,9;1,1;0,0;0,1;0,0;0,1
19;NL:Q:40982003;Veenweg;Elspeet;2,1;4,6;0,2;0,0;0,0;0,0
19;NL:Q:40982004;Veenweg;Elspeet;5,7;1,9;0,1;0,2;0,0;0,0
19;NL:Q:40982005;Gerrit Mouwweg;Elspeet;2,2;1,0;0,3;0,0;0,0;0,0
19;NL:Q:40982006;Gerrit Mouwweg;Elspeet;3,9;2,8;0,0;0,1;0,0;0,0
19;NL:Q:40982007;Centrum;Elspeet;22,1;32,9;7,8;4,7;0,8;0,3
19;NL:Q:40982008;Centrum;Elspeet;31,8;20,2;4,6;5,8;0,2;0,4
19;NL:Q:40982009;Kleine Kolonieweg;Elspeet;5,8;10,5;2,2;1,2;0,3;0,1
19;NL:Q:40982010;Kleine Kolonieweg;Elspeet;8,5;5,7;0,9;2,2;0,1;0,1
19;NL:Q:40982011;Bosrand;Elspeet;1,0;0,2;0,3;0,1;0,1;0,0
19;NL:Q:40982012;Bosrand;Elspeet;0,2;0,8;0,1;0,3;0,0;0,1
19;NL:Q:40982021;Landgoed Noorderheide;Elspeet;0,2;0,1;0,1;0,0;0,1;0,0
19;NL:Q:40982025;Sluiterweg;Elspeet;6,1;0,9;2,0;0,4;0,1;0,0
19;NL:Q:40982026;Sluiterweg;Elspeet;1,0;5,9;0,3;1,4;0,0;0,2
19;NL:Q:40982027;Vierhouterweg;Elspeet;9,8;3,8;2,3;1,2;0,2;0,0
19;NL:Q:40982028;Vierhouterweg;Elspeet;2,9;9,1;0,9;2,7;0,1;0,2
19;NL:Q:40987011;Noord Riezen;Uddel;0,7;1,4;1,5;0,5;0,1;0,1
19;NL:Q:41220010;Avegoor;Ellecom;3,4;2,6;1,8;3,1;0,9;0,6
19;NL:Q:41220030;Oprijlaan Middachten;De Steeg;0,9;0,7;0,3;0,5;0,0;0,2
19;NL:Q:41220040;Oprijlaan Middachten;De Steeg;0,6;1,3;0,1;0,4;0,1;0,2
19;NL:Q:41220050;Smidsallee;De Steeg;1,0;0,9;0,7;0,2;0,3;0,3
19;NL:Q:41220060;Smidsallee;De Steeg;1,1;1,0;0,5;0,9;0,2;0,2
19;NL:Q:41220070;Brantsenpark;De Steeg;15,6;10,1;7,0;3,2;2,0;1,1
19;NL:Q:41220080;Brantsenpark;De Steeg;8,7;14,8;2,8;7,5;0,8;2,3
19;NL:Q:41220090;Viaduct;De Steeg;1,4;0,5;0,8;0,2;0,2;0,0
19;NL:Q:41220100;Viaduct;De Steeg;0,4;1,6;0,2;0,5;0,1;0,5
19;NL:Q:41220110;Rozenbos;Rheden;2,7;0,6;1,1;0,3;0,4;0,2
19;NL:Q:41220120;Rozenbos;Rheden;0,6;2,3;0,1;1,2;0,2;0,4
19;NL:Q:41220130;Pinkelseweg;Rheden;0,4;0,5;0,2;0,2;0,0;0,0
19;NL:Q:41220140;Pinkelseweg;Rheden;0,5;0,7;0,2;0,4;0,1;0,2
19;NL:Q:41220150;Groenestraat;Rheden;14,7;10,5;10,2;6,0;4,2;1,9
19;NL:Q:41220160;Groenestraat;Rheden;13,0;14,7;6,6;9,9;1,8;4,9
19;NL:Q:41220170;Holtbankseweg;Rheden;4,0;1,9;1,9;0,7;1,2;0,3
19;NL:Q:41220180;Holtbankseweg;Rheden;2,0;6,1;0,3;2,9;0,3;1,5
19;NL:Q:41220190;Rhederhof;Rheden;7,0;4,4;10,9;1,9;4,7;0,8
19;NL:Q:41220200;Rhederhof;Rheden;5,1;9,6;1,7;11,1;0,5;4,8
19;NL:Q:41220220;Hotel De Roskam;Rheden;1,4;2,6;1,2;4,3;0,4;0,9
19;NL:Q:41320111;Station Dieren;Dieren;53,0;77,8;22,0;30,9;6,5;12,5
19;NL:Q:41320112;Station Dieren;Dieren;72,2;50,3;34,8;17,4;13,0;4,6
19;NL:Q:41320150;Hofstetten;Ellecom;2,0;2,7;0,9;2,3;0,4;0,7
19;NL:Q:41320160;Hofstetten;Ellecom;2,7;2,2;1,9;0,9;0,5;0,1
19;NL:Q:41320170;Dorp;Ellecom;8,8;4,3;3,8;2,4;1,5;0,9
19;NL:Q:41320180;Dorp;Ellecom;5,5;8,9;2,5;3,9;0,8;1,9
19;NL:Q:41320200;Avegoor;Ellecom;2,1;3,2;1,8;2,3;0,6;0,9
19;NL:Q:41327003;Callunaplein;Dieren;16,1;6,7;8,2;5,9;1,8;0,9
19;NL:Q:41327004;Callunaplein;Dieren;10,4;25,0;5,2;11,0;0,8;3,1
19;NL:Q:41327005;Rode Kruislaan;Dieren;18,7;6,1;6,1;3,2;2,1;0,6
19;NL:Q:41327006;Rode Kruislaan;Dieren;5,7;15,5;1,9;4,5;0,7;2,0
19;NL:Q:41327007;Geitenbergweg;Dieren;24,2;6,5;9,9;3,0;3,8;1,1
19;NL:Q:41327008;Geitenbergweg;Dieren;6,3;23,6;3,4;9,7;0,9;4,1
19;NL:Q:41327009;Crematorium;Dieren;6,4;2,4;3,3;2,2;1,2;0,7
19;NL:Q:41327010;Crematorium;Dieren;2,3;7,1;1,8;4,8;0,8;1,1
19;NL:Q:41327011;Cederlaan;Dieren;20,9;5,6;8,9;2,0;3,6;0,9
19;NL:Q:41327012;Cederlaan;Dieren;4,4;22,4;2,5;9,0;0,8;3,4
19;NL:Q:41448023;Hazenberg;Brummen;0,0;0,5;0,0;0,0;0,0;0,0
19;NL:Q:41448024;Hazenberg;Brummen;0,5;0,0;0,0;0,0;0,0;0,0
19;NL:Q:41448027;Arnhemsestraat;Leuvenheim;1,5;1,2;0,3;0,2;0,0;0,0
19;NL:Q:41448031;Hoofdstraat;Leuvenheim;0,5;0,2;0,1;0,1;0,0;0,0
19;NL:Q:41448033;School;Leuvenheim;0,6;0,3;0,1;0,1;0,0;0,0
19;NL:Q:41448035;Spankerenseweg;Leuvenheim;0,3;0,2;0,4;0,1;0,0;0,0
19;NL:Q:41448037;Het Bret;Brummen;0,3;0,0;0,3;0,0;0,0;0,0
19;NL:Q:41448038;Het Bret;Brummen;0,0;0,9;0,0;0,3;0,0;0,0
19;NL:Q:41448039;De Pothof;Brummen;0,0;0,0;0,0;0,0;0,0;0,0
19;NL:Q:41448040;De Pothof;Brummen;0,0;0,1;0,0;0,1;0,0;0,0
19;NL:Q:41448043;Tolzicht;Brummen;0,2;0,0;0,2;0,0;0,0;0,0
19;NL:Q:41448044;Tolzicht;Brummen;0,0;0,1;0,0;0,1;0,0;0,0
19;NL:Q:41448045;Centrum;Brummen;4,0;3,7;1,1;1,1;0,0;0,0
19;NL:Q:41448047;Cortenoeverseweg;Brummen;1,2;0,0;0,4;0,0;0,0;0,0
19;NL:Q:41448048;Cortenoeverseweg;Brummen;0,0;0,4;0,0;0,3;0,0;0,0
19;NL:Q:41448049;Kampweg;Brummen;8,7;0,2;3,4;0,0;0,0;0,0
19;NL:Q:41448050;Kampweg;Brummen;0,2;7,1;0,1;2,1;0,0;0,0
19;NL:Q:41448051;Meengatstraat;Brummen;1,0;0,0;0,5;0,0;0,0;0,0
19;NL:Q:41448052;Meengatstraat;Brummen;0,0;1,0;0,0;0,3;0,0;0,0
19;NL:Q:41448053;Berkelder;Brummen;0,8;0,1;0,6;0,0;0,0;0,0
19;NL:Q:41448054;Berkelder;Brummen;0,0;1,0;0,0;0,4;0,0;0,0
19;NL:Q:41448055;Elzenbosweg;Brummen;3,8;0,6;1,7;0,2;0,0;0,0
19;NL:Q:41448056;Elzenbosweg;Brummen;0,6;3,3;0,2;1,3;0,0;0,0
19;NL:Q:41448057;Michaelshoeve;Brummen;1,9;0,2;0,2;0,0;0,0;0,0
19;NL:Q:41448058;Michaelshoeve;Brummen;0,1;2,1;0,0;0,1;0,0;0,0
19;NL:Q:41448061;Station;Brummen;14,6;1,1;0,5;0,2;0,0;0,0
19;NL:Q:41448062;Station;Brummen;1,2;13,1;0,3;0,4;0,0;0,0
19;NL:Q:41448066;De Hulsthoeve;Brummen;0,0;0,2;0,0;0,0;0,0;0,0
19;NL:Q:41448067;De Hulsthoeve;Brummen;0,0;0,1;0,0;0,0;0,0;0,0
19;NL:Q:41448069;Dierenseweg;Eerbeek;0,4;0,1;0,0;0,0;0,0;0,0
19;NL:Q:41448072;Plein Vijf;Brummen;0,6;0,0;0,0;0,0;0,0;0,0
19;NL:Q:41448073;Plein Vijf;Brummen;0,0;1,0;0,0;0,0;0,0;0,0
19;NL:Q:41448074;Tuinstraat;Brummen;0,2;0,0;0,0;0,0;0,0;0,0
19;NL:Q:41448075;Tuinstraat;Brummen;0,0;0,5;0,0;0,0;0,0;0,0
19;NL:Q:41448077;Gemeentehuis;Brummen;0,0;0,2;0,0;0,0;0,0;0,0
19;NL:Q:41448078;Gemeentehuis;Brummen;0,2;0,0;0,0;0,0;0,0;0,0
19;NL:Q:41448079;Reuvershoeve;Brummen;0,1;0,2;0,1;0,2;0,0;0,0
19;NL:Q:41448080;Reuvershoeve;Brummen;0,1;0,1;0,2;0,1;0,0;0,0
19;NL:Q:41635003;Broekstraat;Klarenbeek;0,0;0,2;0,1;0,0;0,0;0,0
19;NL:Q:41635004;Broekstraat;Klarenbeek;0,3;0,4;0,0;0,0;0,0;0,0
19;NL:Q:41635011;Elsbosweg;Klarenbeek;1,0;0,6;0,6;0,0;0,0;0,0
19;NL:Q:41635012;Elsbosweg;Klarenbeek;0,7;0,7;0,0;0,4;0,0;0,0
19;NL:Q:41640170;Busstation;Zutphen;40,6;43,9;12,9;14,2;0,0;0,0
19;NL:Q:41648003;IJsselbrug;Zutphen (Hoven);0,2;0,4;0,0;0,2;0,0;0,0
19;NL:Q:41648004;IJsselbrug;Zutphen (Hoven);0,2;0,2;0,0;0,1;0,0;0,0
19;NL:Q:41648005;Achterhoven;Zutphen (Hoven);0,2;0,1;0,2;0,0;0,0;0,0
19;NL:Q:41648006;Achterhoven;Zutphen (Hoven);0,2;0,6;0,0;0,3;0,0;0,0
19;NL:Q:41648014;IJsselbrug;Zutphen;0,3;0,7;0,1;0,2;0,0;0,0
19;NL:Q:41665001;Station;Klarenbeek;3,6;2,0;4,0;1,5;0,0;0,0
19;NL:Q:41668005;Thermen Bussloo;Bussloo;7,0;9,4;4,6;6,4;3,8;3,3
19;NL:Q:41670002;Ecofactorij;Apeldoorn;1,1;0,4;0,0;0,0;0,0;0,0
19;NL:Q:41676030;IJsseldijk;Apeldoorn;0,6;1,7;0,0;0,0;0,0;0,0
19;NL:Q:41676040;IJsseldijk;Apeldoorn;0,7;1,0;0,0;0,0;0,0;0,0
19;NL:Q:41676057;;;1,0;0,5;0,0;0,0;0,0;0,0
19;NL:Q:41676058;Wilp Achterhoek;Wilp-Achterhoek;0,1;0,6;0,0;0,0;0,0;0,0
19;NL:Q:41676059;Wilp Achterhoek;Wilp;0,5;0,1;0,0;0,0;0,0;0,0
19;NL:Q:41706001;Station;Twello;25,8;16,9;7,2;5,9;3,9;4,3
19;NL:Q:41706002;Station;Twello;20,2;19,2;2,0;1,5;0,9;0,7
19;NL:Q:41706003;Gemeentehuis;Twello;4,3;0,5;0,4;0,1;0,1;0,1
19;NL:Q:41706004;Gemeentehuis;Twello;0,2;4,1;0,0;0,5;0,0;0,0
19;NL:Q:41706005;M. de Ruyterstraat;Twello;0,0;0,2;0,0;0,0;0,0;0,0
19;NL:Q:41706006;M. de Ruyterstraat;Twello;0,4;0,1;0,0;0,0;0,0;0,0
19;NL:Q:41706007;Piet Heinstraat;Twello;0,0;0,1;0,0;0,0;0,0;0,0
19;NL:Q:41706008;Piet Heinstraat;Twello;0,2;0,1;0,0;0,0;0,0;0,0
19;NL:Q:41706009;Troelstralaan;Twello;0,7;0,2;0,1;0,1;0,0;0,0
19;NL:Q:41706010;Troelstralaan;Twello;0,1;0,5;0,0;0,0;0,0;0,0
19;NL:Q:41706011;Beethovenlaan;Twello;0,1;0,2;0,0;0,0;0,0;0,0
19;NL:Q:41706012;Beethovenlaan;Twello;0,3;0,7;0,0;0,1;0,0;0,0
19;NL:Q:41706021;Lindelaan;Twello;0,0;0,0;0,0;0,0;0,0;0,0
19;NL:Q:41706022;Lindelaan;Twello;0,0;0,1;0,0;0,0;0,0;0,0
19;NL:Q:41706023;Overmars;Twello;0,0;0,0;0,0;0,3;0,0;0,1
19;NL:Q:41706024;Overmars;Twello;0,2;0,1;0,0;0,0;0,0;0,0
19;NL:Q:41706025;Terwoldseweg;Twello;0,1;0,4;0,0;0,0;0,0;0,0
19;NL:Q:41706026;Terwoldseweg;Twello;0,3;0,1;0,0;0,0;0,0;0,0
19;NL:Q:41706027;Stationsstraat;Twello;0,0;0,2;0,0;0,0;0,0;0,0
19;NL:Q:41706028;Stationsstraat;Twello;0,1;0,1;0,0;0,0;0,0;0,0
19;NL:Q:41706029;Burg. van der Feltzweg;Twello;0,1;0,0;0,0;0,0;0,0;0,0
19;NL:Q:41706030;Burg. van der Feltzweg;Twello;0,0;0,1;0,0;0,0;0,0;0,0
19;NL:Q:41706031;Oude Binnenweg;Twello;0,8;0,1;0,0;0,0;0,0;0,0
19;NL:Q:41706032;Oude Binnenweg;Twello;0,1;1,0;0,0;0,0;0,0;0,0
19;NL:Q:41706033;Holthuizerstraat;Twello;1,2;1,5;0,0;0,0;0,0;0,0
19;NL:Q:41706035;Het Grotenhuis;Twello;0,4;1,1;0,0;0,0;0,0;0,0
19;NL:Q:41706037;Derk Brouwerstraat;Twello;0,5;0,2;0,0;0,0;0,0;0,0
19;NL:Q:41706038;Derk Brouwerstraat;Twello;0,1;0,6;0,0;0,0;0,0;0,0
19;NL:Q:41706039;Stinzenlaan;Twello;0,6;0,1;0,0;0,0;0,0;0,0
19;NL:Q:41706040;Stinzenlaan;Twello;0,1;0,8;0,0;0,0;0,0;0,0
19;NL:Q:41706051;Engelenburgstraat;Twello;0,9;0,3;0,1;0,1;0,0;0,0
19;NL:Q:41706052;Engelenburgstraat;Twello;0,2;3,0;0,0;0,2;0,0;0,0
19;NL:Q:41706053;Martinushof;Twello;0,4;0,5;0,0;0,5;0,0;0,0
19;NL:Q:41706054;Martinushof;Twello;0,3;1,8;0,2;0,2;0,0;0,0
19;NL:Q:41707003;Wilpsedijk;Steenenkamer;2,0;0,1;0,0;0,0;0,0;0,0
19;NL:Q:41710001;Begraafplaats;Wilp;0,2;0,1;0,0;0,1;0,0;0,0
19;NL:Q:41710002;Begraafplaats;Wilp;0,1;0,7;0,1;0,1;0,0;0,1
19;NL:Q:41710003;De Lathmer;Wilp;1,9;1,9;0,8;0,6;0,6;0,1
19;NL:Q:41710004;De Lathmer;Wilp;1,9;3,5;0,5;0,7;0,2;0,6
19;NL:Q:41710005;Molenallee;Wilp;4,4;1,6;1,3;0,4;0,4;0,1
19;NL:Q:41710006;Molenallee;Wilp;1,9;4,7;0,7;1,5;0,1;0,6
19;NL:Q:41710007;Carpoolplaats;Wilp;0,2;0,0;0,0;0,0;0,0;0,0
19;NL:Q:41716001;Wilper Korenmolen;Posterenk;2,5;2,5;0,3;1,3;0,0;0,0
19;NL:Q:41716002;Wilper Korenmolen;Posterenk;1,5;1,5;0,7;0,3;0,1;0,0
19;NL:Q:41718001;Bussloselaan;Bussloo;2,5;0,5;0,2;0,5;0,0;0,0
19;NL:Q:41718002;De Nieuwenhof;Gietelo;0,4;1,6;0,4;0,2;0,1;0,1
19;NL:Q:41718022;Bussloselaan;Bussloo;0,4;2,3;0,1;0,2;0,0;0,0
19;NL:Q:41761001;Klarenbeekseweg;Voorst;0,4;0,2;0,1;0,1;0,0;0,0
19;NL:Q:41761002;Klarenbeekseweg;Voorst;0,1;0,7;0,1;0,2;0,1;0,0
19;NL:Q:41761003;Huize Enkstein;Voorst;3,2;1,3;0,8;0,2;0,0;0,1
19;NL:Q:41761004;Huize Enkstein;Voorst;1,7;4,1;0,3;0,4;0,1;0,1
19;NL:Q:41761005;Huize de Beele;Voorst;0,1;1,0;0,1;0,1;0,0;0,0
19;NL:Q:41761006;Huize de Beele;Voorst;1,3;0,6;0,2;1,0;0,1;0,0
19;NL:Q:41761007;Station Voorst-Empe;Voorst;22,6;19,2;4,8;4,6;1,4;1,1
19;NL:Q:41768001;De Nieuwenhof;Gietelo;1,2;0,4;0,3;0,5;0,1;0,2
19;NL:Q:46000550;Eekwal/Centrum;Zwolle;124,3;209,2;32,1;208,6;8,1;59,8
19;NL:Q:46001670;Eekwal/Centrum;Zwolle;235,0;21,0;158,9;4,4;56,0;1,5
19;NL:Q:46004670;Deltion Campus;Zwolle;0,0;46,2;0,0;0,0;0,0;0,0
19;NL:Q:46004680;Deltion Campus;Zwolle;3,2;2,2;0,0;0,0;0,0;0,0
19;NL:Q:46100040;Katerdijk;zwolle;149,5;40,8;0,0;0,0;0,0;0,0
19;NL:Q:46100050;Katerdijk;zwolle;11,4;195,7;0,0;0,0;0,0;0,0
19;NL:Q:46104001;Het Engelse Werk;Zwolle;7,8;8,3;6,2;4,1;3,7;2,4
19;NL:Q:46104002;Het Engelse Werk;Zwolle;9,0;9,5;4,2;7,8;4,7;3,8
19;NL:Q:46104003;Oranje Nassaulaan;Zwolle;10,6;123,2;7,6;6,8;4,5;3,3
19;NL:Q:46104004;Oranje Nassaulaan;Zwolle;60,4;10,6;5,1;7,2;3,0;5,1
19;NL:Q:46104005;Koningin Wilhelminastraat;Zwolle;6,6;27,4;3,8;13,7;1,5;4,8
19;NL:Q:46104006;Koningin Wilhelminastraat;Zwolle;30,7;9,7;8,8;3,4;4,4;3,5
19;NL:Q:46104021;Katwolderplein/centrum;Zwolle;194,5;15,3;9,6;0,3;6,5;0,3
19;NL:Q:46104022;Katwolderplein/centrum;Zwolle;72,0;182,9;1,5;11,9;1,9;7,7
19;NL:Q:46104027;Voorsterpoort;Zwolle;46,4;14,8;0,0;0,0;0,0;0,0
19;NL:Q:46104028;Voorsterpoort;Zwolle;14,1;59,5;0,0;0,0;0,0;0,0
19;NL:Q:47151001;Centrum;Hattemerbroek;19,2;3,6;7,3;1,7;3,5;1,2
19;NL:Q:47151002;Centrum;Hattemerbroek;4,2;17,8;1,8;6,5;1,1;3,3
19;NL:Q:47155001;Pompstation;Hattem;10,7;2,8;8,4;2,0;4,8;1,7
19;NL:Q:47155003;Zuid;Hattem;39,0;8,9;20,0;3,6;9,6;1,9
19;NL:Q:47155004;Zuid;Hattem;8,6;39,3;4,2;20,3;2,6;11,7
19;NL:Q:47155005;Centrum;Hattem;64,8;8,8;44,6;6,4;19,0;2,6
19;NL:Q:47155006;Centrum;Hattem;9,8;68,1;5,4;41,8;1,6;19,0
19;NL:Q:47155007;Noord;Hattem;75,0;8,8;42,6;4,4;22,5;1,6
19;NL:Q:47155008;Noord;Hattem;10,3;77,5;5,0;40,3;1,7;25,8
19;NL:Q:47155009;IJsselbrug;Hattem;3,3;7,8;1,8;4,4;0,9;2,6
19;NL:Q:47155010;IJsselbrug;Hattem;3,3;2,5;2,4;1,6;0,7;2,6
19;NL:Q:47155012;IJsselbrug;Hattem;3,5;1,4;1,8;0,2;0,6;0,1
19;NL:Q:47155037;Carpoolplaats A50;Hattem;8,3;14,6;0,0;0,0;0,0;0,0
19;NL:Q:47155038;Carpoolplaats A50;Hattem;15,0;8,6;0,0;0,0;0,0;0,0
19;NL:Q:47210003;Cafe Rest. Coelenhage;Wezep;25,4;15,6;10,3;6,4;3,9;1,4
19;NL:Q:47210004;Cafe Rest. Coelenhage;Wezep;15,6;26,8;6,1;9,5;2,0;4,7
19;NL:Q:47210005;Veluwelaan;Wezep;55,8;7,4;19,6;2,6;8,5;1,5
19;NL:Q:47210006;Veluwelaan;Wezep;7,9;50,9;2,5;15,2;1,8;8,9
19;NL:Q:47210007;W. de Zwijgerkazerne;Hattemerbroek;22,0;3,1;14,3;1,7;5,9;0,6
19;NL:Q:47210008;W. de Zwijgerkazerne;hattemerbroek;3,8;26,2;1,4;12,4;0,5;5,3
19;NL:Q:47210009;A28/IJsselvliedt;Wezep;9,2;1,3;0,0;0,0;0,0;0,0
19;NL:Q:47210010;A28/IJsselvliedt;Wezep;0,2;6,5;0,0;0,0;0,0;0,0
19;NL:Q:47210011;Begraafplaats;Wezep;0,1;0,2;0,0;0,0;0,0;0,0
19;NL:Q:47210012;Begraafplaats;Wezep;0,0;1,3;0,0;0,0;0,0;0,0
19;NL:Q:47210013;Meidoornplein;Wezep;0,0;0,1;0,0;0,0;0,0;0,0
19;NL:Q:47210014;Meidoornplein;Wezep;0,1;0,0;0,0;0,0;0,0;0,0
19;NL:Q:47210015;Station;Wezep;18,5;14,7;1,9;1,9;0,0;0,0
19;NL:Q:47210030;Cotoneasterstraat;Wezep;0,1;1,2;0,0;0,0;0,0;0,0
19;NL:Q:47210040;Cotoneasterstraat;Wezep;1,4;0,2;0,0;0,0;0,0;0,0
19;NL:Q:47210050;Meidoornstraat;Wezep;0,1;0,2;0,0;0,0;0,0;0,0
19;NL:Q:47210060;Meidoornstraat;Wezep;0,0;0,2;0,0;0,0;0,0;0,0
19;NL:Q:47254001;Nachtegaalweg;Wapenveld;63,7;17,8;22,0;6,2;11,4;4,5
19;NL:Q:47254003;Molenweg;Wapenveld;47,5;12,3;21,7;3,9;11,3;1,5
19;NL:Q:47254004;Molenweg;Wapenveld;13,9;49,1;4,9;20,1;1,4;12,2
19;NL:Q:47254005;Parkweg;Wapenveld;15,9;2,0;6,0;1,5;3,0;1,2
19;NL:Q:47254006;Parkweg;Wapenveld;2,0;16,3;1,1;5,2;0,9;3,4
19;NL:Q:47254007;Ir R.R. v/d Zeelaan;Wapenveld;5,4;1,4;2,8;0,3;4,1;0,1
19;NL:Q:47254008;Ir R.R. v/d Zeelaan;Wapenveld;1,0;8,2;0,2;3,6;0,2;2,0
19;NL:Q:47255002;Pompstation;Hattem;2,8;12,6;1,3;11,1;1,2;6,9
19;NL:Q:47310010;Begraafplaats;Oosterwolde;0,2;0,1;0,0;0,0;0,0;0,0
19;NL:Q:47310020;Begraafplaats;Oosterwolde;0,0;0,2;0,0;0,0;0,0;0,0
19;NL:Q:47312001;Mullegenweg;'t Loo;0,1;0,0;0,0;0,0;0,0;0,0
19;NL:Q:47312002;Mullegenweg;'t Loo;0,0;0,2;0,0;0,0;0,0;0,0
19;NL:Q:47312003;Putstraat;t Loo;0,2;0,1;0,0;0,0;0,0;0,0
19;NL:Q:47312004;Putstraat;t Loo;0,2;0,1;0,0;0,0;0,0;0,0
19;NL:Q:47312005;Landal Landgoed 't Loo;'t Loo;2,9;3,5;0,0;0,0;0,0;0,0
19;NL:Q:47312008;Harm Aartsweg;'t Loo;1,0;0,5;0,0;0,0;0,0;0,0
19;NL:Q:47312009;Sportlaan;t Loo;1,0;0,0;0,0;0,0;0,0;0,0
19;NL:Q:47312010;Sportlaan;t Loo;0,0;0,2;0,0;0,0;0,0;0,0
19;NL:Q:47312011;D'olde Dreiput;t Loo;0,6;0,2;0,0;0,0;0,0;0,0
19;NL:Q:47312012;D'olde Dreiput;t Loo;0,2;1,3;0,0;0,0;0,0;0,0
19;NL:Q:47319001;Rustenburgsweg;Oldebroek;32,1;4,8;4,5;2,3;2,1;0,4
19;NL:Q:47319002;Rustenburgsweg;Oldebroek;5,6;28,8;1,8;4,1;0,6;3,3
19;NL:Q:47319003;Centrum;Oldebroek;83,7;14,9;21,5;6,5;8,2;2,9
19;NL:Q:47319004;Centrum;Oldebroek;15,4;82,3;7,6;20,3;3,7;7,9
19;NL:Q:47319005;Cafe 't Wissel;Oldebroek;33,3;2,9;6,6;1,7;1,7;0,7
19;NL:Q:47319006;Cafe 't Wissel;Oldebroek;2,5;32,4;1,2;5,1;0,4;1,9
19;NL:Q:47319007;Verlengde Looweg;Oldebroek;13,3;2,3;2,6;0,8;0,7;0,6
19;NL:Q:47319008;Verlengde Looweg;Oldebroek;2,2;12,8;0,5;2,3;0,5;0,9
19;NL:Q:47319009;Hogenbrinkweg;Oldebroek;11,6;1,9;3,4;0,6;1,4;0,1
19;NL:Q:47319010;Hogenbrinkweg;Oldebroek;1,8;12,1;0,5;2,8;0,3;1,4
19;NL:Q:47319011;De Molen;Oldebroek;9,4;1,3;2,8;0,4;0,7;0,1
19;NL:Q:47319012;De Molen;Oldebroek;1,1;9,1;0,5;2,1;0,1;0,8
19;NL:Q:47319013;De Hullen;Oldebroek;0,5;0,1;0,0;0,0;0,0;0,0
19;NL:Q:47319014;De Hullen;Oldebroek;0,1;0,2;0,0;0,0;0,0;0,0
19;NL:Q:47319015;Gemeentehuis;Oldebroek;0,6;0,1;0,0;0,0;0,0;0,0
19;NL:Q:47319016;Gemeentehuis;Oldebroek;0,1;0,5;0,0;0,0;0,0;0,0
19;NL:Q:47319017;Boerderijmuseum;Oldebroek;0,8;0,1;0,0;0,0;0,0;0,0
19;NL:Q:47319018;Boerderijmuseum;Oldebroek;0,3;1,4;0,0;0,0;0,0;0,0
19;NL:Q:47319173;Schiksweg;Oosterwolde;0,8;0,8;0,0;0,0;0,0;0,0
19;NL:Q:47319990;Centrum;Oosterwolde;0,3;0,3;0,0;0,0;0,0;0,0
19;NL:Q:47350001;Zwolseweg;Heerde;22,5;6,3;8,9;1,8;6,3;0,9
19;NL:Q:47350002;Zwolseweg;Heerde;6,9;25,0;1,7;10,0;1,2;6,1
19;NL:Q:47353011;Dreefseweg;Heerde;24,3;4,6;6,8;1,2;4,1;1,0
19;NL:Q:47354002;Nachtegaalweg;Wapenveld;17,3;63,6;6,6;21,5;4,9;12,3
19;NL:Q:47354012;Dreefseweg;Heerde;4,1;24,6;1,2;7,9;0,7;7,2
19;NL:Q:47366999;Dorp;Vorchten;0,8;0,7;0,1;0,2;0,0;0,0
19;NL:Q:47369001;Kerkstraat;Veessen;0,1;0,9;0,0;0,2;0,0;0,0
19;NL:Q:47369003;IJsseldijk;Veessen;0,1;0,5;0,1;0,1;0,0;0,0
19;NL:Q:47369005;De Zaaier;Veessen;0,7;0,2;0,0;0,0;0,0;0,0
19;NL:Q:47369007;Zijmarsweg;Veessen;0,0;0,0;0,0;0,0;0,0;0,0
19;NL:Q:47369011;Ned. Herv. Kerk;Veessen;1,4;0,1;0,3;0,0;0,0;0,0
19;NL:Q:47369015;Kloosterakkers;Veessen;0,2;0,2;0,0;0,0;0,0;0,0
19;NL:Q:47369020;Veerweg;Veessen;0,1;0,1;0,0;0,0;0,0;0,0
19;NL:Q:47413001;Dorpshuis;Hoge Enk;0,2;0,4;0,0;0,0;0,0;0,0
19;NL:Q:47413002;Dorpshuis;Hoge Enk;1,2;0,4;0,0;0,0;0,0;0,0
19;NL:Q:47417003;Begraafplaats;Doornspijk;8,1;3,2;0,7;1,1;0,4;0,4
19;NL:Q:47418001;Molendorp;Elburg;16,3;9,5;2,7;3,1;1,2;1,4
19;NL:Q:47418002;Molendorp;Elburg;10,5;15,5;3,2;3,0;0,9;1,7
19;NL:Q:47418003;Het Nieuwe Feithenhof;Elburg;9,5;3,4;2,4;1,8;1,1;0,6
19;NL:Q:47418004;Het Nieuwe Feithenhof;Elburg;2,6;8,3;1,2;1,2;0,2;0,7
19;NL:Q:47418005;Centrum;Elburg;39,1;21,7;19,4;15,2;7,1;5,0
19;NL:Q:47418006;Centrum;Elburg;24,6;40,0;15,4;19,2;8,0;5,5
19;NL:Q:47418007;Hellenbeekstraat;Elburg;67,2;31,9;15,1;11,6;6,5;4,7
19;NL:Q:47418008;Hellenbeekstraat;Elburg;33,5;46,0;10,6;12,2;4,9;6,2
19;NL:Q:47418009;Coragestraat;Elburg;53,5;19,3;12,1;4,8;4,3;1,9
19;NL:Q:47418010;Coragestraat;Elburg;24,9;64,2;4,6;13,5;2,6;5,9
19;NL:Q:47418011;Klaverplein;Elburg;32,9;9,9;7,2;2,5;3,7;1,1
19;NL:Q:47418012;Klaverplein;Elburg;9,3;36,2;3,0;8,3;1,1;3,6
19;NL:Q:47418013;Zilverschoon;Elburg;52,8;31,9;10,8;5,8;5,8;2,5
19;NL:Q:47418014;Zilverschoon;Elburg;31,6;50,1;6,4;11,0;2,2;5,1
19;NL:Q:47418021;Eperweg;Elburg;13,2;3,4;2,8;0,7;0,4;0,1
19;NL:Q:47418022;Eperweg;Elburg;3,3;12,6;0,5;3,2;0,1;0,2
19;NL:Q:47453003;Wendhorst;Heerde;59,6;22,1;13,0;5,6;8,3;3,5
19;NL:Q:47453004;Wendhorst;Heerde;21,4;58,8;5,5;14,3;3,0;6,9
19;NL:Q:47453005;Brinklaan;Heerde;139,9;46,5;41,9;17,0;24,2;8,4
19;NL:Q:47453006;Brinklaan;Heerde;47,6;140,2;15,8;41,4;8,0;20,1
19;NL:Q:47453007;Centrum Groene Hart;Heerde;0,4;0,8;0,2;0,2;0,0;0,0
19;NL:Q:47453013;Molenkampweg;Heerde;74,9;14,1;19,7;6,8;10,7;3,7
19;NL:Q:47453014;Molenkampweg;Heerde;12,6;81,2;5,5;20,7;3,1;11,4
19;NL:Q:47453017;Ingang Wendhorst;Heerde;0,1;0,0;0,0;0,0;0,0;0,0
19;NL:Q:47453018;Ingang Wendhorst;Heerde;0,0;0,1;0,0;0,0;0,0;0,0
19;NL:Q:47453020;Keuterstraat;Heerde;0,0;0,5;0,0;0,0;0,0;0,0
19;NL:Q:47453021;Keuterstraat;Heerde;0,6;0,3;0,2;0,0;0,0;0,0
19;NL:Q:47453029;Heerderstrand;Heerde;0,2;0,1;0,1;0,3;0,0;0,0
19;NL:Q:47453030;Heerderstrand;Heerde;0,1;0,6;0,1;0,3;0,0;0,0
19;NL:Q:47453053;Transferium Horsthoek;Heerde;49,7;60,4;11,3;25,7;9,7;16,5
19;NL:Q:47453054;Transferium Horsthoek;Heerde;26,3;43,6;7,9;14,3;6,8;7,9
19;NL:Q:47516015;Elburgerweg;Nunspeet;12,7;7,2;2,3;1,1;2,1;0,4
19;NL:Q:47517001;Centrum;Doornspijk;37,0;24,0;4,2;10,3;1,4;2,5
19;NL:Q:47517002;Centrum;Doornspijk;21,6;35,9;8,6;3,6;2,3;2,3
19;NL:Q:47517004;Begraafplaats;Doornspijk;2,8;7,1;1,2;0,7;0,3;0,6
19;NL:Q:47552005;Centrum;Epe;41,2;52,1;14,5;13,6;7,7;7,3
19;NL:Q:47552006;Centrum;Epe;39,5;26,8;13,2;11,5;7,7;7,4
19;NL:Q:47552009;Diepenweg;Epe;1,1;0,0;0,0;0,0;0,0;0,0
19;NL:Q:47552010;Diepenweg;Epe;0,1;1,7;0,0;0,0;0,0;0,0
19;NL:Q:47552011;Hammerstraat;Epe;0,0;0,0;0,0;0,0;0,0;0,0
19;NL:Q:47552012;Hammerstraat;Epe;0,0;0,1;0,0;0,0;0,0;0,0
19;NL:Q:47552013;Sportpark;Epe;1,3;0,0;0,0;0,0;0,0;0,0
19;NL:Q:47552014;Sportpark;Epe;0,0;0,9;0,0;0,0;0,0;0,0
19;NL:Q:47552015;Apeldoorns Kanaal;Epe;0,4;0,1;0,0;0,0;0,1;0,0
19;NL:Q:47552016;Apeldoorns Kanaal;Epe;0,3;0,4;0,0;0,0;0,0;0,0
19;NL:Q:47552017;Politiebureau;Epe;4,8;2,3;2,0;1,9;1,8;1,4
19;NL:Q:47552018;Politiebureau;Epe;2,6;5,4;1,7;1,9;1,1;1,7
19;NL:Q:47552019;Sint Jorisweg;Epe;7,6;14,4;1,6;6,7;1,5;2,9
19;NL:Q:47552021;Lohuizerweg ;Epe;8,7;8,2;1,9;2,0;1,6;1,3
19;NL:Q:47552023;Klaarbeek;Epe;179,1;151,6;48,4;55,1;28,1;34,1
19;NL:Q:47552024;Klaarbeek;Epe;193,8;162,5;64,4;39,4;50,4;19,8
19;NL:Q:47561001;Station;t Harde;10,4;8,9;0,0;0,0;0,0;0,0
19;NL:Q:47561003;Centrum;t Harde;0,1;0,1;0,0;0,0;0,0;0,0
19;NL:Q:47561004;Centrum;t Harde;0,3;0,2;0,0;0,0;0,0;0,0
19;NL:Q:47561005;Sportlaan;t Harde;0,6;0,3;0,0;0,0;0,0;0,0
19;NL:Q:47561006;Sportlaan;t Harde;0,2;0,4;0,0;0,0;0,0;0,0
19;NL:Q:47561007;Munnikenweg;t Harde;1,1;0,7;0,0;0,0;0,0;0,0
19;NL:Q:47561008;Munnikenweg;t Harde;0,4;0,7;0,0;0,0;0,0;0,0
19;NL:Q:47561009;De Hokseberg;t Harde;0,3;1,2;0,0;0,0;0,0;0,0
19;NL:Q:47561010;De Hokseberg;t Harde;0,3;0,8;0,0;0,0;0,0;0,0
19;NL:Q:47616001;Vreeweg;Nunspeet;8,1;4,7;1,5;0,5;0,7;0,2
19;NL:Q:47616005;Berenbosweg;Nunspeet;0,7;0,2;0,2;0,0;0,2;0,1
19;NL:Q:47616006;Berenbosweg;Nunspeet;0,0;0,6;0,0;0,0;0,0;0,0
19;NL:Q:47616007;Station;Nunspeet;111,9;101,0;38,6;37,4;16,5;5,1
19;NL:Q:47616008;Station;Nunspeet;122,7;119,0;58,3;41,4;19,4;31,1
19;NL:Q:47616009;Centrum;Nunspeet;53,4;11,5;22,8;4,1;5,9;0,1
19;NL:Q:47616010;Centrum;Nunspeet;5,5;56,6;2,8;28,9;0,1;6,4
19;NL:Q:47616013;Oenenburgweg;Nunspeet;8,9;8,4;2,1;2,8;1,1;0,7
19;NL:Q:47616014;Oenenburgweg;Nunspeet;8,2;8,2;2,2;2,2;1,7;1,3
19;NL:Q:47616019;Elspeterweg;Nunspeet;0,3;1,4;0,1;0,3;0,0;0,2
19;NL:Q:47616020;Elspeterweg;Nunspeet;0,8;0,2;0,2;0,0;0,1;0,0
19;NL:Q:47616022;Camping de Tol;Nunspeet;0,1;0,3;0,0;0,1;0,0;0,0
19;NL:Q:47616025;Gemeentehuis;Nunspeet;0,3;0,1;0,0;0,0;0,0;0,0
19;NL:Q:47616026;Gemeentehuis;Nunspeet;0,2;1,0;0,1;1,4;0,1;0,4
19;NL:Q:47616027;Verzorgingstehuis Bunterhoek;Nunspeet;0,7;0,6;0,0;0,0;0,0;0,0
19;NL:Q:47616028;Verzorgingstehuis Bunterhoek;Nunspeet;0,5;0,9;0,4;0,6;0,4;0,4
19;NL:Q:47616029;De Bunte;Nunspeet;3,6;3,9;0,0;0,0;0,0;0,0
19;NL:Q:47616030;De Bunte;Nunspeet;6,4;4,2;0,5;0,8;0,3;0,6
19;NL:Q:47616031;'t Hul;Nunspeet;1,7;1,3;0,0;0,0;0,0;0,0
19;NL:Q:47616032;'t Hul;Nunspeet;2,3;1,1;0,2;0,5;0,2;0,3
19;NL:Q:47616034;Elburgerweg;Nunspeet;9,0;12,2;1,2;2,4;0,3;1,6
19;NL:Q:47616041;Waterweg;Nunspeet;8,5;2,9;1,5;0,3;0,5;0,1
19;NL:Q:47616042;Waterweg;Nunspeet;4,4;9,4;0,2;1,4;0,1;0,5
19;NL:Q:47616043;Oosterlaan;Nunspeet;4,6;5,2;1,2;1,0;0,8;0,2
19;NL:Q:47616044;Oosterlaan;Nunspeet;4,4;6,0;1,1;1,5;0,5;0,6
19;NL:Q:47616045;De Sparrenhorst;Nunspeet;1,8;0,9;0,6;0,3;0,4;0,1
19;NL:Q:47616046;De Sparrenhorst;Nunspeet;0,7;1,6;0,4;0,7;0,1;0,1
19;NL:Q:47616047;Gruppendelerweg;Nunspeet;0,8;0,4;0,0;0,0;0,0;0,0
19;NL:Q:47616048;Gruppendelerweg;Nunspeet;1,6;1,1;0,1;0,5;0,0;0,1
19;NL:Q:47625001;Boshoekerweg;Oene;0,6;0,4;0,0;0,0;0,0;0,0
19;NL:Q:47625002;Boshoekerweg;Oene;0,3;0,5;0,0;0,0;0,0;0,0
19;NL:Q:47625003;Dorpsstraat;Oene;5,5;2,5;0,2;0,1;0,1;0,0
19;NL:Q:47625004;Dorpsstraat;Oene;3,3;6,2;0,1;0,3;0,0;0,1
19;NL:Q:47625005;Kuiperkampseweg;Oene;0,7;0,9;0,0;0,1;0,0;0,1
19;NL:Q:47625006;Kuiperkampseweg;Oene;0,6;0,8;0,0;0,1;0,1;0,0
19;NL:Q:47641039;Station;Deventer;27,3;16,0;0,0;0,0;0,0;0,0
19;NL:Q:47650001;Vaassen-Zuid;Vaassen;62,5;168,0;17,1;78,5;9,2;48,1
19;NL:Q:47650002;Vaassen-Zuid;Vaassen;172,9;58,6;84,9;16,1;41,6;10,8
19;NL:Q:47650003;Oosterhof;Vaassen;35,9;66,4;8,1;32,6;4,7;20,8
19;NL:Q:47650004;Oosterhof;Vaassen;67,9;33,2;31,2;7,2;17,2;4,9
19;NL:Q:47650005;De Haere;Wenum;1,8;4,5;0,7;3,0;0,5;1,3
19;NL:Q:47650006;Centrum;Vaassen;49,4;36,6;27,4;10,4;14,5;6,3
19;NL:Q:47650007;Vaassen-Noord;Vaassen;17,3;21,4;5,0;8,0;3,9;6,0
19;NL:Q:47650008;Vaassen-Noord;Vaassen;22,9;18,0;8,9;5,0;5,6;3,3
19;NL:Q:47650009;Centrum;Vaassen;35,2;49,2;10,7;25,7;7,7;15,1
19;NL:Q:47651001;Handelsebrug;Emst;10,1;12,7;2,1;2,4;2,2;1,7
19;NL:Q:47651002;Handelsebrug;Emst;10,3;10,7;1,7;2,2;1,9;1,5
19;NL:Q:47651003;Hezeplein;Emst;21,4;20,1;5,9;7,3;4,5;5,9
19;NL:Q:47651004;Hezeplein;Emst;19,6;19,8;6,5;5,2;6,4;2,1
19;NL:Q:47651005;Oranjeweg;Emst;9,0;9,8;1,8;4,4;1,5;2,4
19;NL:Q:47651006;Oranjeweg;Emst;11,4;22,6;2,9;6,3;2,9;4,0
19;NL:Q:47713001;Landgoed Hulshorst;Hulshorst;3,2;2,8;2,2;2,8;1,9;1,1
19;NL:Q:47713003;Oudeweg;Hulshorst;3,7;3,5;2,0;2,7;1,7;1,4
19;NL:Q:47713004;Oudeweg;Hulshorst;3,5;4,1;1,5;3,1;1,4;1,2
19;NL:Q:47713005;Varelseweg;Hulshorst;3,3;2,1;1,5;0,5;1,2;0,2
19;NL:Q:47713006;Varelseweg;Hulshorst;2,4;3,6;1,1;1,0;0,6;1,3
19;NL:Q:47713007;School Hulshorst;Hulshorst;3,1;2,8;1,1;0,8;2,4;0,4
19;NL:Q:47713008;School Hulshorst;Hulshorst;2,8;3,5;1,3;1,5;1,3;0,5
19;NL:Q:47713009;Onder de Bos;Hulshorst;1,8;1,1;0,5;0,5;0,2;0,1
19;NL:Q:47713010;Onder de Bos;Hulshorst;0,8;1,8;0,6;0,5;0,3;0,2
19;NL:Q:47716002;Vreeweg;Nunspeet;6,7;7,8;0,4;1,6;0,1;0,9
19;NL:Q:47724001;Dorpsplein;Nijbroek;2,1;2,6;0,1;0,0;0,0;0,0
19;NL:Q:47724002;Dorpsplein;Nijbroek;1,9;2,1;0,1;0,2;0,0;0,0
19;NL:Q:47730001;Emstermate;Terwolde;0,3;0,2;0,0;0,0;0,0;0,0
19;NL:Q:47730002;Emstermate;Terwolde;0,2;0,3;0,0;0,0;0,0;0,0
19;NL:Q:47730003;Twelloseweg;Terwolde;0,9;0,1;0,1;0,0;0,0;0,0
19;NL:Q:47730004;Twelloseweg;Terwolde;0,0;1,5;0,0;0,1;0,0;0,1
19;NL:Q:47730005;Molenweg;Terwolde;8,1;0,5;0,6;0,0;0,2;0,0
19;NL:Q:47730006;Molenweg;Terwolde;0,4;7,4;0,0;0,5;0,0;0,2
19;NL:Q:47730007;Molen De Ooievaar;Terwolde;1,7;0,1;0,1;0,0;0,1;0,0
19;NL:Q:47730008;Molen De Ooievaar;Terwolde;0,2;1,6;0,0;0,1;0,0;0,0
19;NL:Q:47786021;Camping de Tol;Nunspeet;0,2;0,1;0,2;0,1;0,0;0,0
19;NL:Q:47786023;Halfweg;Nunspeet;5,2;1,9;1,4;0,3;0,3;0,0
19;NL:Q:47786024;Halfweg;Nunspeet;1,4;7,3;0,5;1,7;0,1;0,3
19;NL:Q:47788004;De Mallejan;Vierhouten;0,3;1,7;0,2;1,6;0,1;0,4
19;NL:Q:47882022;Landgoed Noorderheide;Elspeet;0,2;0,4;0,1;0,3;0,0;0,1
19;NL:Q:47888001;Centrum;Vierhouten;11,2;2,2;7,5;2,6;2,3;0,2
19;NL:Q:47888002;Centrum;Vierhouten;2,1;11,3;1,5;10,1;0,4;2,2
19;NL:Q:47888003;De Mallejan;Vierhouten;1,3;0,4;1,1;0,2;0,2;0,2
19;NL:Q:47888005;Noordkampen;Vierhouten;2,0;0,2;1,0;0,2;0,3;0,1
19;NL:Q:47888006;Noordkampen;Vierhouten;0,2;4,7;0,1;2,8;0,1;0,3
19;NL:Q:47888007;'t Frusselt;Vierhouten;0,4;0,4;0,5;0,2;0,1;0,1
19;NL:Q:47888008;'t Frusselt;Vierhouten;0,1;1,2;0,5;0,9;0,0;0,1
19;NL:Q:47888009;Elspeterbosweg;Vierhouten;1,4;0,1;0,5;0,0;0,0;0,0
19;NL:Q:47888010;Elspeterbosweg;Vierhouten;0,0;1,6;0,0;0,6;0,0;0,1
19;NL:Q:47892001;Schouwburg/Centrum;Deventer;0,0;0,0;0,0;0,0;0,0;0,0
19;NL:Q:47892002;Schouwburg/Centrum;Deventer;0,0;0,0;0,0;0,0;0,0;0,0
19;NL:Q:47894001;Buitensocieteit;De Worp;2,1;0,9;0,0;0,0;0,0;0,0
19;NL:Q:47894002;Buitensocieteit;De Worp;0,7;1,9;0,0;0,0;0,0;0,0
19;NL:Q:47894003;Spaarpotstraat;De Worp;0,0;0,1;0,0;0,0;0,0;0,0
19;NL:Q:47894004;Spaarpotstraat;De Worp;0,0;0,0;0,0;0,0;0,0;0,0
19;NL:Q:47897004;Wilpsedijk;Steenenkamer;0,2;2,1;0,0;0,0;0,0;0,0
19;NL:Q:47899003;Cultureel Centrum;Deventer;0,0;0,2;0,0;0,0;0,0;0,0
19;NL:Q:47899004;Cultureel Centrum;Deventer;0,2;0,2;0,0;0,0;0,0;0,0
19;NL:Q:47899005;Pikeursbaan;Deventer;0,0;6,1;0,0;0,0;0,0;0,0
19;NL:Q:47899006;Pikeursbaan;Deventer;0,6;0,1;0,0;0,0;0,0;0,0
19;NL:Q:47899007;Boreelkazerne;Deventer;0,1;10,8;0,0;0,0;0,0;0,0
19;NL:Q:47899008;Boreelkazerne;Deventer;6,2;0,2;0,0;0,0;0,0;0,0
19;NL:Q:49610015;Fokko Kortlanglaan;Ermelo;2,5;3,1;0,8;0,9;0,5;0,4
19;NL:Q:49610021;Bouw en Infrapark;Harderwijk;7,0;8,7;0,0;0,0;0,0;0,0
19;NL:Q:49613003;Zkh. Sint Jansdal;Harderwijk;1,9;14,5;0,7;6,5;0,1;2,9
19;NL:Q:49613010;Selhorstweg;Harderwijk;13,6;16,2;4,9;3,3;1,0;1,1
19;NL:Q:49613017;Mecklenburglaan;Harderwijk;0,2;29,6;0,0;1,8;0,0;1,3
19;NL:Q:49613018;Mecklenburglaan;Harderwijk;22,2;0,6;1,2;0,1;1,6;0,0
19;NL:Q:49613019;Voorste Wei;Harderwijk;0,1;1,4;0,0;0,0;0,0;0,0
19;NL:Q:49613020;Voorste Wei;Harderwijk;1,5;0,5;0,0;0,0;0,0;0,0
19;NL:Q:49613021;Stadswei;Harderwijk;2,2;1,3;0,8;0,5;0,8;0,3
19;NL:Q:49613022;Stadswei;Harderwijk;0,7;1,9;0,1;0,8;0,0;0,5
19;NL:Q:49613023;Couperuslaan;Harderwijk;2,3;1,4;0,0;0,1;0,1;0,1
19;NL:Q:49613024;Couperuslaan;Harderwijk;0,8;2,4;0,0;0,0;0,0;0,0
19;NL:Q:49613025;RK Kerk;Harderwijk;0,7;1,6;0,2;0,1;0,0;0,1
19;NL:Q:49613026;RK Kerk;Harderwijk;0,5;0,7;0,0;0,0;0,0;0,0
19;NL:Q:49613027;Deventerweg;Harderwijk;8,1;6,6;0,3;0,0;0,1;0,1
19;NL:Q:49613028;Deventerweg;Harderwijk;4,1;10,8;0,0;0,1;0,1;0,1
19;NL:Q:49613029;Strokel;Harderwijk;0,0;0,6;0,0;0,0;0,0;0,0
19;NL:Q:49613030;Strokel;Harderwijk;2,5;2,7;0,0;0,1;0,0;0,0
19;NL:Q:49613033;Salentijnerhout;Harderwijk;4,9;12,2;1,8;4,0;1,2;2,0
19;NL:Q:49613034;Salentijnerhout;Harderwijk;9,5;3,6;2,8;1,6;1,1;0,8
19;NL:Q:49613035;Triasplein;Harderwijk;32,6;7,1;11,2;3,1;4,6;1,2
19;NL:Q:49613036;Triasplein;Harderwijk;8,3;33,8;3,9;11,8;2,6;4,4
19;NL:Q:49613037;Ragtimedreef;Harderwijk;2,2;7,8;1,3;3,8;1,1;2,3
19;NL:Q:49613038;Ragtimedreef;Harderwijk;7,3;1,8;2,8;0,8;1,3;0,7
19;NL:Q:49613039;IJsselmeerpad;Harderwijk;1,9;4,7;0,8;3,2;0,6;1,1
19;NL:Q:49613040;IJsselmeerpad;Harderwijk;4,4;2,1;2,8;1,0;0,8;0,5
19;NL:Q:49613041;De Roef;Harderwijk;3,2;10,9;1,4;1,1;0,6;0,3
19;NL:Q:49613042;De Roef;Harderwijk;5,1;3,2;1,5;1,8;0,3;0,8
19;NL:Q:49613046;Anne Franklaan;Harderwijk;9,6;8,8;2,2;2,5;0,2;0,3
19;NL:Q:49613048;De Aanleg;Harderwijk;2,9;2,3;2,0;1,3;0,0;0,0
19;NL:Q:49613052;Doornekamp;Harderwijk;1,5;2,4;0,9;0,7;0,1;0,1
19;NL:Q:49613054;Frankenskamp;Harderwijk;2,1;3,4;0,6;1,2;0,0;0,2
19;NL:Q:49613056;Karel Doormanlaan;Harderwijk;0,9;2,0;0,3;1,1;0,0;0,1
19;NL:Q:49613058;Kiekmure;Harderwijk;22,1;18,1;6,7;6,3;0,4;0,8
19;NL:Q:49613060;Lammertkamp;Harderwijk;1,6;2,0;0,5;0,5;0,1;0,1
19;NL:Q:49613062;Hazelaarlaan;Harderwijk;7,4;0,8;0,3;0,2;0,0;0,1
19;NL:Q:49613064;Tinnegieter;Harderwijk;7,0;4,8;3,8;3,9;0,2;0,3
19;NL:Q:49613066;Veldkamp;Harderwijk;1,5;1,1;0,7;0,6;0,0;0,0
19;NL:Q:49613068;Walstein;Harderwijk;4,2;4,5;1,1;1,9;0,1;0,4
19;NL:Q:49613070;Welkoop;Harderwijk;4,0;4,9;1,3;1,5;0,0;0,3
19;NL:Q:49613072;Zuiderzeestraatweg;Harderwijk;2,5;2,7;0,5;0,7;0,0;0,1
19;NL:Q:49613074;De Wittenhagen;Harderwijk;8,8;6,6;3,5;3,2;0,0;0,2
19;NL:Q:49613075;Burg. de Meesterstraat;Harderwijk;8,1;9,1;3,3;1,5;1,4;0,4
19;NL:Q:49613076;Burg. de Meesterstraat;Harderwijk;6,6;7,1;1,2;2,7;1,6;1,9
19;NL:Q:49613077;Dolfinarium;Harderwijk;15,6;10,9;8,6;8,1;3,7;5,2
19;NL:Q:49613078;Dolfinarium;Harderwijk;14,7;14,3;11,0;10,5;8,3;5,3
19;NL:Q:49613091;Zkh. Sint Jansdal;Harderwijk;1,0;3,2;0,0;0,1;0,0;0,1
19;NL:Q:49613095;Zkh. Sint Jansdal;Harderwijk;15,7;4,3;7,4;1,4;2,2;0,8
19;NL:Q:49613100;Zkh. Sint Jansdal;Harderwijk;1,9;1,3;0,0;0,0;0,0;0,0
19;NL:Q:49613405;Plantage;Harderwijk;2,0;5,7;0,7;3,0;0,1;0,3
19;NL:Q:49613406;Plantage;Harderwijk;0,9;1,5;0,0;0,0;0,0;0,0
19;NL:Q:49613407;Centrum;Harderwijk;10,9;7,6;0,1;0,6;0,0;0,1
19;NL:Q:49613408;Centrum;Harderwijk;14,5;33,5;13,7;32,0;0,2;2,0
19;NL:Q:49613409;Selhorstweg;Harderwijk;11,1;10,3;2,0;3,1;1,1;1,1
19;NL:Q:49613412;Alberdink Thijmlaan;Harderwijk;3,7;5,2;0,9;2,4;0,1;0,7
19;NL:Q:49613501;Westermeenweg;Harderwijk;0,5;16,6;0,3;4,6;0,0;3,3
19;NL:Q:49613502;Westermeenweg;Harderwijk;10,5;0,7;1,3;0,0;1,3;0,3
19;NL:Q:49613901;Station;Harderwijk;94,3;122,9;33,2;28,5;19,2;18,9
19;NL:Q:49613904;Station;Harderwijk;133,3;110,4;41,2;18,1;6,9;1,8
19;NL:Q:49613905;Station;Harderwijk;250,7;178,3;66,5;59,4;38,8;37,4
19;NL:Q:49619001;Buitenbrinkweg;Horst;0,1;0,5;0,0;0,8;0,0;0,0
19;NL:Q:49619002;Buitenbrinkweg;Horst;0,5;0,0;0,2;0,1;0,0;0,0
19;NL:Q:49712001;Grevenhofsweg;Hierden;1,0;0,6;0,4;0,3;0,3;0,2
19;NL:Q:49712002;Grevenhofsweg;Hierden;0,5;1,2;0,1;0,9;0,1;0,3
19;NL:Q:49712003;Molenweg;Hierden;22,4;8,2;12,5;6,5;9,1;4,6
19;NL:Q:49712004;Molenweg;Hierden;6,3;21,6;4,7;12,1;3,3;7,4
19;NL:Q:49712005;Wijtgraaf;Hierden;3,6;1,2;3,1;1,0;2,6;0,8
19;NL:Q:49712006;Wijtgraaf;Hierden;1,7;3,9;1,2;1,3;1,3;1,5
19;NL:Q:49713002;Landgoed Hulshorst;Hulshorst;3,5;3,5;3,2;1,8;1,6;1,4
19;NL:Q:49713084;Voltastraat;Harderwijk;3,9;1,8;0,5;0,2;0,0;0,0
19;NL:Q:49713085;Voltastraat;Harderwijk;1,7;4,2;0,3;0,4;0,2;0,1
19;NL:Q:49713086;Celsiusstraat;Harderwijk;9,2;4,5;0,2;0,2;0,0;0,1
19;NL:Q:49713087;Celsiusstraat;Harderwijk;4,5;11,1;0,2;0,4;0,1;0,1
19;NL:Q:49713088;Kelvinstraat;Harderwijk;7,7;2,6;1,3;0,1;0,1;0,0
19;NL:Q:49713089;Kelvinstraat;Harderwijk;1,1;11,9;0,1;0,4;0,0;0,1
19;NL:Q:49720001;Sonneheerdt;Ermelo;30,1;16,8;1,3;0,6;1,2;0,2
19;NL:Q:49720003;Hamburgerweg;Ermelo;29,5;15,7;11,5;5,2;4,9;3,1
19;NL:Q:49720004;Hamburgerweg;Ermelo;15,9;27,0;4,7;10,8;2,8;4,9
19;NL:Q:49720005;'t Weitje;Ermelo;0,6;11,7;0,3;0,8;0,0;0,0
19;NL:Q:49720006;'t Weitje;Ermelo;8,4;1,1;0,5;0,3;0,0;0,0
19;NL:Q:49720007;Eendenparkweg;Ermelo;5,4;8,0;1,1;1,2;0,6;0,2
19;NL:Q:49720008;Eendenparkweg;Ermelo;6,5;6,3;1,7;1,8;0,5;0,5
19;NL:Q:49720009;Nassaulaan;Ermelo;3,2;2,0;2,3;0,7;1,9;0,7
19;NL:Q:49720010;Nassaulaan;Ermelo;1,7;2,8;0,6;1,3;0,8;1,0
19;NL:Q:49720011;Fazantlaan;Ermelo;2,2;2,5;1,1;1,4;1,6;0,7
19;NL:Q:49720012;Fazantlaan;Ermelo;2,1;2,1;1,3;0,6;0,4;0,6
19;NL:Q:49720016;Fokko Kortlanglaan;Ermelo;3,3;3,2;0,8;1,2;0,9;0,1
19;NL:Q:49720023;Varenhof;Ermelo;0,1;0,0;0,1;0,0;0,0;0,0
19;NL:Q:49720024;Varenhof;Ermelo;0,1;0,1;0,0;0,2;0,0;0,0
19;NL:Q:49720027;Dirk Staalweg;Ermelo;5,5;6,4;2,4;2,6;1,2;1,2
19;NL:Q:49720028;Dirk Staalweg;Ermelo;5,9;8,7;2,0;3,4;1,4;1,5
19;NL:Q:49720037;Station;Ermelo;5,5;4,0;1,5;2,3;0,0;0,0
19;NL:Q:49720038;Station;Ermelo;5,0;3,9;3,8;0,5;0,0;0,0
19;NL:Q:49720049;Lange Haeg;Ermelo;1,7;2,5;0,3;0,5;0,1;0,2
19;NL:Q:49720050;Lange Haeg;Ermelo;2,5;1,4;0,4;0,3;0,1;0,3
19;NL:Q:49720051;Veldwijkerweg;Ermelo;3,0;3,1;1,1;1,7;1,0;0,8
19;NL:Q:49720052;Veldwijkerweg;Ermelo;3,4;2,9;1,5;0,8;0,6;0,8
19;NL:Q:49720053;Dr. van Dalelaan;Ermelo;2,0;3,0;1,1;1,4;0,8;1,0
19;NL:Q:49720054;Dr. van Dalelaan;Ermelo;2,6;2,9;1,1;1,6;0,9;0,7
19;NL:Q:49720055;Generaal Spoorkazerne;Ermelo;0,4;0,7;0,0;0,0;0,0;0,0
19;NL:Q:49720056;Generaal Spoorkazerne;Ermelo;0,5;0,9;0,0;0,0;0,0;0,0
19;NL:Q:49720057;Triade;Ermelo;0,2;0,3;0,1;0,2;0,0;0,0
19;NL:Q:49720058;Triade;Ermelo;0,7;0,4;0,5;0,3;0,0;0,0
19;NL:Q:49720059;Gemeentehuis;Ermelo;0,1;0,4;0,1;0,4;0,0;0,0
19;NL:Q:49720060;Gemeentehuis;Ermelo;0,5;0,3;0,7;0,3;0,0;0,0
19;NL:Q:49720061;De Meerkanten;Ermelo;0,0;0,1;0,0;0,1;0,0;0,0
19;NL:Q:49720062;De Meerkanten;Ermelo;0,0;0,0;0,0;0,0;0,0;0,0
19;NL:Q:49720063;'t Weitje;Ermelo;13,6;13,9;3,8;5,6;1,9;1,7
19;NL:Q:49720064;'t Weitje;Ermelo;14,6;14,1;5,2;3,7;1,9;1,8
19;NL:Q:49720150;Kolbaanweg;Ermelo;0,9;0,8;0,1;0,5;0,2;0,3
19;NL:Q:49720160;Kolbaanweg;Ermelo;0,8;0,8;0,2;0,4;0,3;0,1
19;NL:Q:49726005;Horsterhoeve;Horst;0,0;0,4;0,0;0,3;0,0;0,0
19;NL:Q:49726006;Horsterhoeve;Horst;0,2;0,0;0,1;0,0;0,0;0,0
19;NL:Q:49726007;Groot Horloo;Horst;0,8;0,6;0,3;0,3;0,0;0,0
19;NL:Q:49726017;Zeeweg;Horst;0,0;1,9;0,0;0,8;0,0;0,0
19;NL:Q:49726018;Zeeweg;Horst;1,4;0,0;0,7;0,0;0,0;0,0
19;NL:Q:49729001;Burg. Vitringalaan;Ermelo;0,1;0,6;0,3;0,3;0,0;0,0
19;NL:Q:49729002;Burg. Vitringalaan;Ermelo;0,6;0,2;0,4;0,2;0,0;0,0
19;NL:Q:49783031;Sonnevanck;Harderwijk;2,9;2,8;0,1;0,1;0,1;0,1
19;NL:Q:49787007;Ullerberg;Leuvenum;4,3;5,1;0,0;0,0;0,0;0,0
19;NL:Q:49787008;Ullerberg;Leuvenum;1,4;0,4;0,0;0,0;0,0;0,0
19;NL:Q:49804001;Boshuis;Drie;0,4;0,1;0,8;0,0;0,0;0,0
19;NL:Q:49804002;Boshuis;Drie;0,1;1,0;0,1;1,5;0,0;0,0
19;NL:Q:49804003;Schaapskooi;Drie;0,1;0,0;0,2;0,0;0,0;0,0
19;NL:Q:49804004;Schaapskooi;Drie;0,0;0,2;0,0;0,3;0,0;0,0
19;NL:Q:49804005;Paalberg;Drie;0,4;0,0;0,4;0,0;0,0;0,0
19;NL:Q:49804006;Paalberg;Drie;0,1;0,2;0,1;0,3;0,0;0,0
19;NL:Q:49805003;Kriemelberg;Drie;0,4;0,2;0,2;0,2;0,0;0,0
19;NL:Q:49805004;Kriemelberg;Drie;0,0;0,7;0,0;0,6;0,0;0,0
19;NL:Q:49808001;Abri;Speuld;0,2;0,0;0,3;0,0;0,0;0,0
19;NL:Q:49808002;Abri;Speuld;0,0;0,3;0,1;0,3;0,0;0,0
19;NL:Q:49808003;Garderenseweg;Speuld;0,7;0,2;0,2;0,0;0,0;0,0
19;NL:Q:49808004;Garderenseweg;Speuld;0,3;1,1;0,0;0,3;0,0;0,0
19;NL:Q:49808005;Buurtweg;Speuld;0,1;0,1;0,0;0,0;0,0;0,0
19;NL:Q:49808006;Buurtweg;Speuld;0,0;0,0;0,0;0,1;0,0;0,0
19;NL:Q:49808011;De Bosrand;Speuld;0,4;0,1;0,2;0,1;0,0;0,0
19;NL:Q:49808012;De Bosrand;Speuld;0,1;0,3;0,0;0,2;0,0;0,0
19;NL:Q:49820002;Sonneheerdt;Ermelo;17,1;31,0;0,5;1,5;0,3;1,3
19;NL:Q:49821001;Station;Putten;86,3;0,6;35,2;0,0;23,8;0,1
19;NL:Q:49821002;Station;Putten;0,3;78,9;0,2;25,7;0,0;21,9
19;NL:Q:49821003;Stationsstraat;Putten;3,1;0,8;0,5;0,2;0,5;0,0
19;NL:Q:49821004;Stationsstraat;Putten;0,3;2,7;0,1;0,4;0,0;0,1
19;NL:Q:49821005;Oude Rijksweg;Putten;0,6;0,0;0,0;0,0;0,0;0,0
19;NL:Q:49821006;Oude Rijksweg;Putten;0,0;1,6;0,0;0,0;0,0;0,0
19;NL:Q:49821007;Zuiderveldweg;Putten;4,3;4,5;1,8;1,8;0,9;1,4
19;NL:Q:49821008;Zuiderveldweg;Putten;4,1;4,0;2,3;2,6;1,0;0,9
19;NL:Q:49821009;Brinkstraat;Putten;15,9;25,1;5,0;7,7;3,6;3,7
19;NL:Q:49821010;Brinkstraat;Putten;17,7;16,3;7,4;3,9;2,8;2,8
19;NL:Q:49821011;Centrum;Putten;46,7;72,9;16,5;22,2;8,3;12,5
19;NL:Q:49821012;Centrum;Putten;81,9;43,5;23,7;15,5;14,9;9,2
19;NL:Q:49821013;Bosrand;Putten;4,0;2,0;0,7;1,5;0,5;0,6
19;NL:Q:49821014;Bosrand;Putten;1,6;3,4;0,7;0,7;1,0;0,4
19;NL:Q:49821023;Bijsterenseweg;Putten;11,6;4,1;0,8;1,3;0,6;0,5
19;NL:Q:49821024;Bijsterenseweg;Putten;3,9;11,1;0,8;1,3;0,4;0,7
19;NL:Q:49821025;Heihaas;Putten;2,7;8,6;1,2;6,6;0,6;1,2
19;NL:Q:49821027;Dorpsstraat;Putten;14,7;21,7;4,9;6,9;1,6;2,9
19;NL:Q:49821028;Dorpsstraat;Putten;21,3;12,0;5,7;4,1;3,2;2,4
19;NL:Q:49821029;Kerkstraat;Putten;9,7;21,3;3,7;7,4;2,1;3,1
19;NL:Q:49821030;Kerkstraat;Putten;20,7;9,8;4,9;2,6;3,4;1,1
19;NL:Q:49821037;Welkoop;Putten;19,1;12,3;7,8;1,6;2,3;0,9
19;NL:Q:49821038;Welkoop;Putten;12,5;17,9;2,2;3,6;1,3;1,9
19;NL:Q:49829009;Landgoed Schovenhorst;Koudhoorn;0,2;1,3;0,2;0,8;0,3;0,4
19;NL:Q:49882001;Hooiweg/Middenweg;Elspeet;1,2;0,6;0,1;0,0;0,0;0,0
19;NL:Q:49887001;School;Leuvenum;0,2;0,1;0,0;0,0;0,0;0,0
19;NL:Q:49887002;School;Leuvenum;0,2;0,1;0,0;0,0;0,0;0,0
19;NL:Q:49887003;De Zwarte Boer;Leuvenum;0,8;0,7;0,3;0,2;0,2;0,0
19;NL:Q:49887004;De Zwarte Boer;Leuvenum;0,5;0,6;0,1;0,4;0,0;0,3
19;NL:Q:49887005;Het Roode Koper;Leuvenum;0,1;0,1;0,0;0,0;0,0;0,0
19;NL:Q:49887006;Het Roode Koper;Leuvenum;0,1;0,4;0,0;0,0;0,0;0,0
19;NL:Q:49889001;Kasteel Staverden;Staverden;0,5;0,4;0,0;0,0;0,1;0,1
19;NL:Q:49889002;Kasteel Staverden;Staverden;0,4;0,7;0,0;0,3;0,0;0,3
19;NL:Q:49889003;Navobi;Staverden;0,2;0,2;0,0;0,0;0,0;0,0
19;NL:Q:49889004;Navobi;Staverden;0,1;0,2;0,0;0,0;0,0;0,0
19;NL:Q:50420131;Centrum;Amersfoort;28,1;21,0;16,4;11,8;9,4;9,1
19;NL:Q:50420143;Centrum;Amersfoort;26,6;26,5;13,3;13,6;11,2;7,6
19;NL:Q:50420351;Blekerseiland;Amersfoort;6,4;11,7;4,6;7,0;2,3;7,2
19;NL:Q:50420400;Blekerseiland;Amersfoort;14,5;11,5;6,5;5,2;7,4;2,6
19;NL:Q:50420511;Hendrik van Viandenstraat;Amersfoort;4,5;7,3;3,0;2,9;2,0;2,9
19;NL:Q:50420520;Hendrik van Viandenstraat;Amersfoort;8,0;4,8;1,5;2,1;3,8;1,6
19;NL:Q:50420540;De Kei;Amersfoort;13,3;17,0;4,4;9,8;4,2;5,6
19;NL:Q:50420660;Station Schothorst;Amersfoort;6,7;61,9;0,0;0,0;0,0;0,0
19;NL:Q:50420671;Oudegein;Amersfoort;3,4;0,0;0,0;0,0;0,0;0,0
19;NL:Q:50420680;Oudegein;Amersfoort;0,2;2,2;0,0;0,0;0,0;0,0
19;NL:Q:50420931;Silverstein;Amersfoort;1,2;0,1;0,0;0,0;0,0;0,0
19;NL:Q:50420940;Silverstein;Amersfoort;0,1;1,2;0,0;0,0;0,0;0,0
19;NL:Q:50420970;Paladijnenweg;Amersfoort;20,4;11,3;0,0;0,0;0,0;0,0
19;NL:Q:50421210;Eemplein;Amersfoort;0,5;0,0;0,0;0,0;0,0;0,0
19;NL:Q:50421220;Eemplein;Amersfoort;0,0;0,1;0,0;0,0;0,0;0,0
19;NL:Q:50422160;Snouckaertlaan;Amersfoort;0,6;3,0;0,3;1,2;0,1;0,9
19;NL:Q:50422540;De Kei;Amersfoort;18,2;10,2;7,2;6,5;4,8;5,4
19;NL:Q:50423020;GSG Arnhemseweg;Amersfoort;0,7;0,2;0,0;0,0;0,0;0,0
19;NL:Q:50423040;GSG Paladijnenweg;Amersfoort;2,1;0,2;0,0;0,0;0,0;0,0
19;NL:Q:50423050;GSG Paladijnenweg;Amersfoort;0,0;3,7;0,0;0,0;0,0;0,0
19;NL:Q:50423320;GSG Arnhemseweg;Amersfoort;0,0;0,1;0,0;0,0;0,0;0,0
19;NL:Q:50423410;Hoornbeeck/Van Lodenstein;Amersfoort;37,8;62,9;0,0;0,0;0,0;0,0
19;NL:Q:50425050;Centraal Station;Amersfoort;188,4;1,1;80,1;0,2;62,4;0,1
19;NL:Q:50425090;Centraal Station;Amersfoort;1,3;184,7;0,7;65,9;0,0;61,3
19;NL:Q:50428009;Hogeweg;Amersfoort;15,7;4,2;1,7;1,7;1,4;0,7
19;NL:Q:50428010;Hogeweg;Amersfoort;2,8;28,2;2,0;3,5;0,7;3,6
19;NL:Q:50428011;Amerena;Amersfoort;33,4;5,1;13,3;1,4;8,8;1,1
19;NL:Q:50428012;Amerena;Amersfoort;3,4;27,2;1,3;12,0;1,2;7,9
19;NL:Q:50428014;Barneveldseweg;Amersfoort;1,1;15,6;0,6;2,1;0,3;2,0
19;NL:Q:50428050;De Stuwdam;Amersfoort;9,9;1,2;1,0;0,6;0,3;0,2
19;NL:Q:50428051;De Stuwdam;Amersfoort;1,5;9,6;0,6;1,6;0,1;0,5
19;NL:Q:50450161;Geertrudishof;Leusden;1,7;1,6;0,6;0,5;0,0;0,1
19;NL:Q:50450170;Geertrudishof;Leusden;3,6;1,0;0,7;0,5;0,0;0,0
19;NL:Q:50450281;Middenweg;Leusden;0,0;0,2;0,1;0,1;0,0;0,0
19;NL:Q:50450330;Bohemen;Leusden;0,3;1,6;0,1;0,5;0,0;0,1
19;NL:Q:50450332;Bohemen;Leusden;2,5;0,3;0,6;0,1;0,0;0,0
19;NL:Q:50450360;Beekridder;Leusden;0,3;0,1;0,1;0,0;0,0;0,0
19;NL:Q:50450380;Bosveld;Leusden;0,1;0,2;0,0;0,1;0,0;0,0
19;NL:Q:50450390;Beekridder;Leusden;0,0;0,3;0,0;0,2;0,0;0,0
19;NL:Q:50450400;Bosveld;Leusden;0,2;0,1;0,0;0,0;0,0;0,0
19;NL:Q:50450410;Munnikhove;Leusden;0,1;0,1;0,0;0,0;0,0;0,0
19;NL:Q:50450420;Munnikhove;Leusden;0,1;0,0;0,0;0,0;0,0;0,0
19;NL:Q:50450440;Hamershof;Leusden;0,2;0,3;0,0;0,2;0,0;0,0
19;NL:Q:50450450;Hamershof;Leusden;0,2;0,2;0,0;0,0;0,0;0,0
19;NL:Q:50450530;Rossenberglaan;Leusden;0,2;0,1;0,2;0,0;0,0;0,0
19;NL:Q:50450541;Rossenberglaan;Leusden;0,2;0,2;0,0;0,1;0,0;0,0
19;NL:Q:50450730;Groene Zoom;Leusden;1,8;0,6;0,6;0,4;0,0;0,0
19;NL:Q:50450733;Groene Zoom;Leusden;1,2;1,5;0,1;0,4;0,0;0,0
19;NL:Q:50450740;Walenburg;Leusden;0,5;0,1;0,2;0,0;0,0;0,0
19;NL:Q:50450770;Walenburg;Leusden;0,1;0,1;0,0;0,0;0,0;0,0
19;NL:Q:50456019;Storkstraat;Leusden;4,1;1,3;0,2;0,6;0,0;0,0
19;NL:Q:50456020;Storkstraat;Leusden;1,0;4,0;0,5;0,4;0,0;0,0
19;NL:Q:50456021;Wederik;Leusden;0,2;4,3;0,0;0,7;0,0;0,0
19;NL:Q:50456022;Wederik;Leusden;1,0;0,1;0,2;0,1;0,1;0,0
19;NL:Q:50457003;Stoutenburgerlaan;Stoutenburg;0,0;0,1;0,0;0,1;0,0;0,0
19;NL:Q:50457004;Stoutenburgerlaan;Stoutenburg;0,0;0,1;0,1;0,1;0,0;0,0
19;NL:Q:50457005;Driesprong;Stoutenburg;0,7;0,1;0,1;0,1;0,0;0,0
19;NL:Q:50457006;Driesprong;Stoutenburg;0,1;2,0;0,1;0,3;0,0;0,0
19;NL:Q:50520231;Station Schothorst;Amersfoort;63,3;8,5;25,3;19,8;16,6;15,0
19;NL:Q:50520240;Trompetstraat;Amersfoort;0,4;2,2;0,1;0,6;0,1;0,3
19;NL:Q:50520251;Trompetstraat;Amersfoort;3,1;0,3;0,9;0,0;0,4;0,0
19;NL:Q:50520260;Piccolopad;Amersfoort;0,2;0,7;0,2;0,3;0,0;0,1
19;NL:Q:50520271;Piccolopad;Amersfoort;0,6;0,5;0,1;0,4;0,1;0,1
19;NL:Q:50520280;Curiestraat;Amersfoort;3,6;1,1;0,6;0,2;0,3;0,2
19;NL:Q:50520291;Curiestraat;Amersfoort;1,1;3,8;0,2;0,6;0,2;0,6
19;NL:Q:50520310;Hermelijnvlinder;Amersfoort;3,0;1,0;0,4;0,1;0,3;0,2
19;NL:Q:50520311;Hermelijnvlinder;Amersfoort;1,1;3,3;0,4;1,0;0,3;0,9
19;NL:Q:50520320;Apollovlinder;Amersfoort;3,9;3,1;0,7;1,8;0,8;0,8
19;NL:Q:50520331;Apollovlinder;Amersfoort;2,6;5,4;1,3;1,5;0,9;1,1
19;NL:Q:50520340;De Brand;Amersfoort;3,2;3,1;1,2;1,2;1,0;0,7
19;NL:Q:50520350;De Brand;Amersfoort;3,1;3,8;1,8;1,2;0,9;0,9
19;NL:Q:50521160;Heideweg ;Amersfoort;5,0;8,2;1,6;2,2;1,2;2,0
19;NL:Q:50521170;Heideweg ;Amersfoort;5,2;7,0;1,0;1,7;0,8;1,1
19;NL:Q:50529003;Houtrust;Hooglanderveen;0,9;1,1;0,3;0,4;0,3;0,6
19;NL:Q:50529004;Houtrust;Hooglanderveen;0,7;1,7;0,4;0,9;0,3;0,6
19;NL:Q:50529005;Van Zuilenlaan;Hooglanderveen;0,8;1,6;1,2;0,8;0,1;0,1
19;NL:Q:50529006;Van Zuilenlaan;Hooglanderveen;1,6;1,8;0,4;0,9;0,3;0,5
19;NL:Q:50529007;Van Beeklaan;Hooglanderveen;0,2;0,4;0,1;0,4;0,1;0,2
19;NL:Q:50529008;Van Beeklaan;Hooglanderveen;0,5;0,7;0,2;0,1;0,2;0,2
19;NL:Q:50529011;Holleweg;Hooglanderveen;0,8;0,8;0,1;0,2;0,1;0,1
19;NL:Q:50531001;Oude Lageweg;Amersfoort;13,8;1,7;1,2;1,2;1,1;0,7
19;NL:Q:50531002;Oude Lageweg;Amersfoort;3,2;2,1;0,5;1,5;0,1;0,8
19;NL:Q:50531005;Klaarwater;Hoevelaken;0,2;0,3;0,0;0,0;0,1;0,1
19;NL:Q:50531006;Klaarwater;Hoevelaken;0,1;0,3;0,1;0,7;0,0;0,1
19;NL:Q:50531007;Hofweg;Hoevelaken;3,8;0,5;1,0;0,2;0,8;0,2
19;NL:Q:50531008;Hofweg;Hoevelaken;0,4;3,7;0,2;1,5;0,2;1,0
19;NL:Q:50531009;Julianalaan;Hoevelaken;13,6;2,9;5,8;0,8;3,0;0,5
19;NL:Q:50531010;Julianalaan;Hoevelaken;2,9;12,9;1,2;6,0;0,2;2,9
19;NL:Q:50531011;Gemeentehuis;Hoevelaken;11,4;4,1;8,9;1,5;5,1;0,9
19;NL:Q:50531012;Gemeentehuis;Hoevelaken;4,6;11,4;1,7;8,7;0,8;5,0
19;NL:Q:50531013;Stoutenburgerlaan;Hoevelaken;5,6;2,2;4,4;0,6;2,4;0,6
19;NL:Q:50531014;Stoutenburgerlaan;Hoevelaken;2,3;5,6;0,8;4,5;0,4;2,1
19;NL:Q:50531015;Koninginneweg;Hoevelaken;7,8;10,8;2,0;0,3;1,5;0,0
19;NL:Q:50531016;Koninginneweg;Hoevelaken;10,7;6,6;0,2;2,4;0,3;1,6
19;NL:Q:50531017;Huize Hoevelaken;Hoevelaken;8,2;0,7;2,2;0,5;0,6;0,2
19;NL:Q:50531018;Huize Hoevelaken;Hoevelaken;4,2;2,6;0,4;1,2;0,2;0,4
19;NL:Q:50531021;Bedr. terr. Hogenbrink;Hoevelaken;0,9;0,4;0,4;0,1;0,0;0,0
19;NL:Q:50531022;Bedr. terr. Hogenbrink;Hoevelaken;0,3;1,1;0,0;0,1;0,0;0,0
19;NL:Q:50531031;Station;Hoevelaken;28,7;42,5;9,2;8,9;4,4;4,2
19;NL:Q:50531032;Station;Hoevelaken;3,4;2,1;0,6;0,3;0,0;0,0
19;NL:Q:50532002;Ravengoedseweg;Zwartebroek;0,2;1,2;0,0;0,5;0,0;0,5
19;NL:Q:50538013;Barneveldseweg;Amersfoort;13,9;1,8;0,9;1,2;0,9;0,4
19;NL:Q:50543001;Bulderweg;Driedorp;0,0;0,1;0,0;0,0;0,0;0,0
19;NL:Q:50543003;Peerweg;Driedorp;0,0;0,0;0,0;0,0;0,0;0,0
19;NL:Q:50543005;Slichtenhorsterweg;Driedorp;0,3;0,0;0,0;0,0;0,0;0,0
19;NL:Q:50543006;Slichtenhorsterweg;Driedorp;0,1;0,3;0,0;0,0;0,0;0,0
19;NL:Q:50549001;Appelsestraat;Appel;0,2;0,0;0,0;0,0;0,0;0,0
19;NL:Q:50549002;Appelsestraat;Appel;0,1;0,1;0,0;0,0;0,0;0,0
19;NL:Q:50549004;Akkerweg;Appel;0,0;0,0;0,0;0,0;0,0;0,0
19;NL:Q:50610050;De Molen;Scherpenzeel;0,0;0,0;0,0;0,0;0,0;0,0
19;NL:Q:50610060;Pluimenweg;Scherpenzeel;0,0;0,1;0,0;0,0;0,0;0,0
19;NL:Q:50610070;Pluimenweg;Scherpenzeel;0,2;0,0;0,0;0,0;0,0;0,0
19;NL:Q:50610080;Holevoetplein;Scherpenzeel;0,1;0,6;0,0;0,0;0,0;0,0
19;NL:Q:50610090;Holevoetplein;Scherpenzeel;3,5;0,9;1,2;0,6;0,0;0,0
19;NL:Q:50610100;Kerk;Scherpenzeel;0,1;0,4;0,0;0,0;0,0;0,0
19;NL:Q:50610110;Kerk;Scherpenzeel;0,4;0,0;0,0;0,0;0,0;0,0
19;NL:Q:50617003;Vijverlaan;Scherpenzeel;0,9;0,1;0,3;0,0;0,0;0,0
19;NL:Q:50617004;Vijverlaan;Scherpenzeel;0,0;0,6;0,0;0,1;0,0;0,0
19;NL:Q:50617005;Kerk;Scherpenzeel;1,7;0,0;1,1;0,0;0,0;0,0
19;NL:Q:50617006;Kerk;Scherpenzeel;0,0;3,2;0,0;1,0;0,0;0,0
19;NL:Q:50617007;Eikenlaan;Scherpenzeel;2,7;0,2;0,5;0,0;0,0;0,0
19;NL:Q:50617008;Eikenlaan;Scherpenzeel;0,1;2,3;0,0;0,5;0,0;0,0
19;NL:Q:50617009;De Haar;Scherpenzeel;0,1;0,0;0,1;0,0;0,0;0,0
19;NL:Q:50617010;De Haar;Scherpenzeel;0,0;0,2;0,0;0,2;0,0;0,0
19;NL:Q:50617011;Huigenbosch;Scherpenzeel;0,5;0,1;0,0;0,0;0,0;0,0
19;NL:Q:50617012;Huigenbosch;Scherpenzeel;0,0;0,0;0,0;0,0;0,0;0,0
19;NL:Q:50630001;Centrum;Nijkerkerveen;5,8;3,4;1,5;1,2;1,3;0,6
19;NL:Q:50630002;Centrum;Nijkerkerveen;3,0;5,7;1,0;2,2;0,8;0,9
19;NL:Q:50630003;v/d Brandhof;Nijkerkerveen;0,3;0,6;0,2;0,1;0,0;0,0
19;NL:Q:50630004;v/d Brandhof;Nijkerkerveen;0,4;0,3;0,1;0,3;0,0;0,0
19;NL:Q:50630005;Laakweg;Nijkerkerveen;0,0;0,1;0,0;0,0;0,0;0,0
19;NL:Q:50630006;Laakweg;Nijkerkerveen;0,1;0,1;0,0;0,0;0,0;0,0
19;NL:Q:50630007;Dorp;Nijkerkerveen;0,5;0,2;0,5;0,2;0,0;0,0
19;NL:Q:50630008;Dorp;Nijkerkerveen;0,3;0,4;0,1;0,3;0,0;0,0
19;NL:Q:50630009;D. Ruitenbeekstraat;Nijkerkerveen;0,4;1,2;0,4;0,1;0,0;0,0
19;NL:Q:50630010;D. Ruitenbeekstraat;Nijkerkerveen;1,8;0,4;0,1;0,3;0,0;0,0
19;NL:Q:50630280;Berencamperweg;Nijkerk;0,0;0,1;0,0;0,0;0,0;0,0
19;NL:Q:50631016;School Diermen;Putten;1,2;0,6;0,1;0,2;0,0;0,1
19;NL:Q:50637001;De Salentijn;Nijkerk;0,9;0,7;0,3;0,1;0,3;0,2
19;NL:Q:50637002;De Salentijn;Nijkerk;0,3;2,1;0,1;0,9;0,1;0,6
19;NL:Q:50637003;Tinbergenlaan;Nijkerk;9,3;5,7;2,6;1,4;1,4;1,2
19;NL:Q:50637004;Tinbergenlaan;Nijkerk;6,4;8,8;1,4;2,4;0,7;1,5
19;NL:Q:50637005;Van Rensselaerstraat;Nijkerk;12,0;7,6;4,1;3,2;2,9;2,7
19;NL:Q:50637006;Van Rensselaerstraat;Nijkerk;7,0;12,8;2,1;4,2;2,2;2,6
19;NL:Q:50637007;Station;Nijkerk;45,1;28,3;13,5;11,9;8,7;8,8
19;NL:Q:50637008;Station;Nijkerk;45,7;42,2;17,7;11,4;6,7;6,7
19;NL:Q:50637011;Zilverschoon;Nijkerk;7,3;10,4;1,5;2,4;1,1;2,9
19;NL:Q:50637012;Zilverschoon;Nijkerk;8,8;8,3;1,8;3,8;2,2;1,8
19;NL:Q:50637013;Sparrenlaan;Nijkerk;1,3;0,4;0,4;0,2;0,4;0,3
19;NL:Q:50637014;Sparrenlaan;Nijkerk;0,6;1,1;0,3;0,1;0,5;0,3
19;NL:Q:50637015;Callenbachstraat;Nijkerk;4,4;4,2;1,6;0,6;1,3;0,3
19;NL:Q:50637016;Callenbachstraat;Nijkerk;3,7;5,6;0,7;1,5;0,7;1,8
19;NL:Q:50637025;Torenstraat;Nijkerk;0,1;3,2;0,0;0,9;0,0;0,0
19;NL:Q:50637026;Torenstraat;Nijkerk;2,7;0,6;0,4;0,1;0,0;0,0
19;NL:Q:50637045;Kievitslaan;Nijkerk;0,2;0,0;0,0;0,0;0,0;0,0
19;NL:Q:50637046;Kievitslaan;Nijkerk;0,1;0,2;0,0;0,0;0,0;0,0
19;NL:Q:50637053;Corlaer College;Nijkerk;27,8;35,7;6,8;9,5;4,1;5,1
19;NL:Q:50637054;Corlaer College;Nijkerk;30,6;24,0;7,5;6,2;4,4;4,1
19;NL:Q:50639009;Holleweg;Hooglanderveen;0,8;0,6;0,1;0,1;0,0;0,1
19;NL:Q:50642001;Ravengoedseweg;Zwartebroek;1,1;0,2;0,5;0,0;0,6;0,2
19;NL:Q:50642003;School;Zwartebroek;11,0;4,2;3,7;0,7;2,1;0,2
19;NL:Q:50642004;School;Zwartebroek;1,7;9,6;0,6;3,5;0,2;1,9
19;NL:Q:50642005;Ned. Herv. Kerk;Zwartebroek;3,8;0,3;0,7;0,1;0,2;0,0
19;NL:Q:50642006;Ned. Herv. Kerk;Zwartebroek;0,2;1,7;0,3;0,5;0,1;0,3
19;NL:Q:50645001;De Tolboom;Terschuur;9,4;4,1;3,2;1,4;1,9;0,6
19;NL:Q:50645002;De Tolboom;Terschuur;4,1;8,5;1,2;3,9;0,7;1,9
19;NL:Q:50645003;Leemweg;Terschuur;0,8;1,0;0,3;0,2;0,2;0,0
19;NL:Q:50645004;Leemweg;Terschuur;0,6;0,7;0,1;0,5;0,0;0,1
19;NL:Q:50645005;De Palmpol;Terschuur;0,7;0,5;0,2;0,0;0,1;0,0
19;NL:Q:50645006;De Palmpol;Terschuur;0,2;0,6;0,0;0,3;0,0;0,2
19;NL:Q:50645007;Van Beek;Terschuur;0,8;0,7;0,2;0,2;0,3;0,3
19;NL:Q:50645008;Van Beek;Terschuur;0,7;1,0;0,3;0,6;0,4;0,2
19;NL:Q:50645010;Oude Ambachten Museum;Terschuur;2,3;1,9;0,8;2,2;0,9;0,9
19;NL:Q:50664001;Helweg;Achterveld;0,1;0,1;0,0;0,1;0,0;0,0
19;NL:Q:50664003;Klettersteeg;Achterveld;0,1;0,5;0,0;0,1;0,0;0,0
19;NL:Q:50664004;Klettersteeg;Achterveld;0,3;0,1;0,0;0,2;0,0;0,0
19;NL:Q:50664005;Kerkdijk;Achterveld;0,3;0,3;0,1;0,1;0,0;0,0
19;NL:Q:50664006;Kerkdijk;Achterveld;0,2;0,4;0,1;0,1;0,0;0,0
19;NL:Q:50664007;Huize St. Joseph;Achterveld;1,5;0,9;0,3;0,5;0,0;0,0
19;NL:Q:50664008;Huize St. Joseph;Achterveld;1,0;1,1;0,2;0,3;0,0;0,0
19;NL:Q:50664009;De Hessenkar;Achterveld;2,5;0,5;0,6;0,2;0,1;0,0
19;NL:Q:50664010;De Hessenkar;Achterveld;0,5;2,4;0,2;0,3;0,0;0,0
19;NL:Q:50664019;RK Kerk;Achterveld;0,8;0,5;0,5;0,5;0,0;0,0
19;NL:Q:50664020;RK Kerk;Achterveld;0,4;0,5;0,3;0,3;0,0;0,0
19;NL:Q:50664023;Postweg;Achterveld;0,1;0,2;0,2;0,2;0,0;0,0
19;NL:Q:50664024;Postweg;Achterveld;0,1;0,2;0,0;0,1;0,0;0,0
19;NL:Q:50731015;School Diermen;Putten;0,5;1,3;0,2;0,1;0,1;0,0
19;NL:Q:50731017;School Hoef;Putten;2,7;2,2;0,6;0,9;0,8;0,2
19;NL:Q:50731018;School Hoef;Putten;2,2;2,8;0,5;1,0;0,5;0,6
19;NL:Q:50731043;Henslare;Putten;1,2;0,3;0,1;0,3;0,1;0,1
19;NL:Q:50731044;Henslare;Putten;0,3;1,8;0,1;0,3;0,0;0,3
19;NL:Q:50745009;Oude Ambachten Museum;Terschuur;1,5;2,4;2,0;0,9;0,4;0,6
19;NL:Q:50745011;Kruispunt Harselaar;Terschuur;0,0;0,0;0,0;0,0;0,0;0,0
19;NL:Q:50745012;Kruispunt Harselaar;Terschuur;0,0;0,0;0,0;0,0;0,0;0,0
19;NL:Q:50745021;Zeumerseweg;Barneveld;0,0;0,0;0,0;0,0;0,0;0,0
19;NL:Q:50746001;Lankerenseweg;Voorthuizen;5,1;1,7;0,4;0,2;0,1;0,1
19;NL:Q:50746002;Lankerenseweg;Voorthuizen;1,7;5,3;0,3;0,8;0,1;0,2
19;NL:Q:50746003;Verbindingsweg;Voorthuizen;2,9;4,1;0,7;1,1;0,5;1,1
19;NL:Q:50746004;Verbindingsweg;Voorthuizen;2,5;3,0;0,4;0,8;0,3;0,5
19;NL:Q:50746005;Buitenlust;Voorthuizen;13,1;5,4;3,7;1,2;2,2;0,6
19;NL:Q:50746006;Buitenlust;Voorthuizen;7,9;13,7;1,1;4,9;0,8;2,6
19;NL:Q:50746007;De Punt;Voorthuizen;103,3;124,8;33,8;28,2;21,3;13,6
19;NL:Q:50746008;De Punt;Voorthuizen;119,0;93,3;28,0;35,6;13,8;19,1
19;NL:Q:50746009;Roelenengweg;Voorthuizen;3,8;11,9;3,4;3,5;3,4;1,9
19;NL:Q:50746010;Roelenengweg;Voorthuizen;12,7;4,5;3,5;3,8;1,6;1,3
19;NL:Q:50746012;Bosweg;Voorthuizen;0,7;3,8;1,1;2,4;0,4;1,5
19;NL:Q:50747002;Struik;Nijkerk;6,6;4,3;1,1;1,0;0,8;0,6
19;NL:Q:50763001;Licht en Ruimte;De Glind;0,0;0,1;0,0;0,0;0,0;0,0
19;NL:Q:50763002;Licht en Ruimte;De Glind;0,0;0,1;0,0;0,0;0,0;0,0
19;NL:Q:50763003;Pr. Beatrixschool;De Glind;0,2;0,0;0,0;0,0;0,0;0,0
19;NL:Q:50763004;Pr. Beatrixschool;De Glind;0,0;0,3;0,0;0,1;0,0;0,0
19;NL:Q:50763005;De Glind;De Glind;1,5;0,1;0,4;0,0;0,0;0,0
19;NL:Q:50763006;De Glind;De Glind;0,0;1,5;0,0;0,4;0,0;0,0
19;NL:Q:50763007;Schoonderbekerweg;De Glind;3,5;0,5;1,2;0,2;0,0;0,0
19;NL:Q:50763008;Schoonderbekerweg;De Glind;0,6;3,9;0,2;1,0;0,0;0,0
19;NL:Q:50765033;De Pelmolen;Barneveld;0,0;0,1;0,0;0,0;0,0;0,0
19;NL:Q:50765034;De Pelmolen;Barneveld;0,0;0,4;0,0;0,1;0,0;0,0
19;NL:Q:50765035;De Nieuwe Eshof;Barneveld;0,0;0,1;0,0;0,0;0,0;0,0
19;NL:Q:50765036;De Nieuwe Eshof;Barneveld;0,0;0,0;0,2;0,0;0,0;0,0
19;NL:Q:50765037;De Eshof;Barneveld;0,0;0,0;0,0;0,0;0,0;0,0
19;NL:Q:50765038;De Eshof;Barneveld;0,0;0,0;0,0;0,3;0,0;0,0
19;NL:Q:50765039;Boerderij Veerman;Barneveld;0,1;0,1;0,0;0,1;0,0;0,0
19;NL:Q:50765040;Boerderij Veerman;Barneveld;0,0;0,1;0,1;0,2;0,0;0,0
19;NL:Q:50765067;Anthonie Fokkerstraat;Barneveld;1,8;0,5;0,2;0,1;0,0;0,0
19;NL:Q:50765068;Anthonie Fokkerstraat;Barneveld;0,5;3,2;0,1;0,3;0,0;0,0
19;NL:Q:50767013;Kolfschoten;Scherpenzeel;0,1;0,0;0,0;0,1;0,0;0,0
19;NL:Q:50767014;Kolfschoten;Scherpenzeel;0,1;0,4;0,1;0,0;0,0;0,0
19;NL:Q:50769001;Klein Moorst;De Glind;0,4;0,1;0,1;0,0;0,0;0,0
19;NL:Q:50769002;Klein Moorst;De Glind;0,0;0,3;0,0;0,1;0,0;0,0
19;NL:Q:50812001;Stat. V'daal-de Klomp;De Klomp;71,3;67,0;17,9;8,9;0,0;0,0
19;NL:Q:50812002;Stat. V'daal-de Klomp;De Klomp;86,1;98,1;24,1;26,5;18,9;23,1
19;NL:Q:50812003;Stat. V'daal-de Klomp;De Klomp;10,5;10,0;1,9;2,2;0,0;0,0
19;NL:Q:50814001;Scheivoor;De Klomp;0,1;0,1;0,0;0,0;0,0;0,0
19;NL:Q:50814002;Scheivoor;De Klomp;0,1;0,1;0,1;0,0;0,0;0,0
19;NL:Q:50814003;School;Ederveen;0,1;0,6;0,0;0,2;0,0;0,0
19;NL:Q:50814004;School;Ederveen;0,5;0,3;0,2;0,1;0,0;0,0
19;NL:Q:50814005;Rabobank;Ederveen;0,4;0,5;0,0;0,3;0,0;0,0
19;NL:Q:50814006;Rabobank;Ederveen;0,5;1,1;0,2;0,2;0,0;0,0
19;NL:Q:50814007;Luntersekade;Ederveen;0,3;0,7;0,0;0,1;0,0;0,0
19;NL:Q:50814011;Kruisbeekweg;Ederveen;0,5;5,4;0,0;0,0;0,0;0,0
19;NL:Q:50814012;Kruisbeekweg;Ederveen;3,1;1,3;0,0;0,0;0,0;0,0
19;NL:Q:50814013;Drieenhuizerweg;Ederveen;0,0;0,1;0,0;0,0;0,0;0,0
19;NL:Q:50814014;Drieenhuizerweg;Ederveen;0,0;0,0;0,0;0,0;0,0;0,0
19;NL:Q:50841026;Heihaas;Putten;8,6;3,1;6,4;1,0;2,1;0,3
19;NL:Q:50847001;Struik;Nijkerk;3,7;6,1;0,7;0,9;0,3;0,8
19;NL:Q:50848001;Veenhuizerveldweg;Huinen;6,3;7,0;2,9;2,5;1,4;1,6
19;NL:Q:50848002;Veenhuizerveldweg;Huinen;6,8;6,8;2,8;3,9;2,0;1,4
19;NL:Q:50848003;Oude Garderenseweg;Huinen;3,3;5,5;1,0;1,9;1,2;1,0
19;NL:Q:50848004;Oude Garderenseweg;Huinen;5,6;3,8;1,5;1,0;1,6;0,5
19;NL:Q:60000021;Helweg;Barneveld;0,2;0,1;0,0;0,0;0,0;0,0
19;NL:Q:60000127;Hoofdstraat;Apeldoorn;36,1;1,9;20,0;0,4;11,1;0,1
19;NL:Q:60000203;Zuster Meyboomlaan;Apeldoorn;0,3;1,4;0,2;0,7;0,8;0,6
19;NL:Q:60000225;Valkenhuizen;Arnhem;0,4;1,1;0,3;0,6;0,3;0,4
20;NL:Q:10254;;;4,1;1,1;2,8;0,4;0,0;0,0
20;NL:Q:10273;;;0,0;0,1;0,0;0,0;0,0;0,0
20;NL:Q:40000090;Station Velperpoort;Arnhem;41,4;33,7;21,7;17,5;13,0;13,8
20;NL:Q:40000110;Hoflaan;Arnhem;20,5;14,6;8,5;5,5;4,7;4,3
20;NL:Q:40000130;Raapopseweg;Arnhem;13,8;10,6;5,2;4,5;4,1;3,5
20;NL:Q:40000150;Huyghenslaan;Arnhem;6,3;5,5;2,8;2,8;2,8;1,4
20;NL:Q:40000190;Vondellaan;Arnhem;5,2;6,7;0,2;0,2;0,0;0,0
20;NL:Q:40000200;Vondellaan;Arnhem;7,0;2,9;0,1;0,0;0,1;0,0
20;NL:Q:40004007;Centraal Station;Arnhem;92,3;0,3;64,1;0,1;38,2;0,2
20;NL:Q:40004017;Willemsplein;Arnhem;31,0;1,3;25,1;0,3;13,4;0,6
20;NL:Q:40004020;Willemsplein;Arnhem;0,6;30,0;0,4;24,3;0,3;13,8
20;NL:Q:40004022;Velperplein;Arnhem;27,9;2,7;22,7;1,5;13,3;1,4
20;NL:Q:40004023;Velperplein;Arnhem;4,6;38,5;1,7;28,8;1,4;16,5
20;NL:Q:40004416;Centraal Station;Arnhem;0,0;79,5;0,0;48,1;0,0;38,1
20;NL:Q:40004700;Lange Wal;Arnhem;8,0;1,9;5,3;0,6;3,4;0,7
20;NL:Q:40004730;Keulse Slag;Arnhem;7,6;12,6;4,7;10,5;1,9;8,6
20;NL:Q:40004740;Keulse Slag;Arnhem;17,7;9,2;10,4;4,7;8,0;2,5
20;NL:Q:40005330;Station Presikhaaf;Arnhem;3,0;10,4;2,3;5,6;0,9;3,1
20;NL:Q:40005340;Station Presikhaaf;Arnhem;8,0;2,1;5,5;1,4;5,2;1,3
20;NL:Q:40005350;Dongestraat;Arnhem;1,1;2,5;0,3;2,2;0,3;1,3
20;NL:Q:40005360;Dongestraat;Arnhem;1,8;2,0;1,0;0,8;0,8;0,5
20;NL:Q:40006790;Lange Wal;Arnhem;4,3;6,9;2,0;6,5;1,4;4,8
20;NL:Q:40008840;Brekelenkampstraat;Arnhem;1,2;4,0;1,2;0,6;1,8;0,2
20;NL:Q:40120010;Aansluiting A12;Duiven;3,2;1,6;8,5;3,2;6,1;1,2
20;NL:Q:40120030;Hotel De Roskam;Rheden;1,0;0,1;0,0;0,0;0,0;0,0
20;NL:Q:40120050;Beekhuizenseweg;Velp;1,9;2,0;0,0;0,0;0,0;0,0
20;NL:Q:40120060;Beekhuizenseweg;Velp;3,1;1,9;0,2;0,1;0,0;0,0
20;NL:Q:40120250;Nordlaan;Velp;1,2;5,0;0,0;0,2;0,0;0,0
20;NL:Q:40120260;Nordlaan;Velp;6,1;1,4;0,2;0,0;0,1;0,0
20;NL:Q:40120290;Emmastraat;Velp;4,0;8,6;0,1;0,2;0,1;0,1
20;NL:Q:40120300;Emmastraat;Velp;4,8;5,0;0,0;0,2;0,0;0,1
20;NL:Q:40123950;Velperbroek;Velp;4,0;3,8;1,7;4,7;1,3;2,2
20;NL:Q:40123960;Velperbroek;Velp;3,2;15,4;5,3;2,7;3,8;1,9
20;NL:Q:40123990;Ziekenhuis/Waterstraat;Velp;5,5;6,9;1,8;7,7;0,8;3,1
20;NL:Q:40124000;Ziekenhuis/Waterstraat;Velp;2,9;0,8;3,1;0,6;3,2;0,6
20;NL:Q:40124030;Haverland;Velp;0,5;4,2;0,5;5,2;0,3;2,8
20;NL:Q:40124040;Haverland;Velp;2,5;0,9;3,7;0,5;2,7;0,3
20;NL:Q:40124050;Graaf Ottostraat;Velp;0,5;3,9;1,3;4,4;0,7;2,3
20;NL:Q:40124060;Graaf Ottostraat;Velp;2,1;0,5;3,0;0,9;2,3;0,6
20;NL:Q:40124070;Graaf Gerhardstraat;Velp;2,0;5,6;0,7;4,2;0,7;1,8
20;NL:Q:40124080;Graaf Gerhardstraat;Velp;3,9;1,7;1,4;0,8;1,6;0,8
20;NL:Q:40124090;Brekelenkampstraat;Arnhem;2,3;1,7;0,8;3,1;0,1;1,3
20;NL:Q:40551089;J. Fruytierschool;Apeldoorn;25,8;37,0;0,2;0,4;0,0;0,0
20;NL:Q:41220220;Hotel De Roskam;Rheden;0,3;0,8;0,0;0,1;0,0;0,0
20;NL:Q:41220550;NH Kerk;Rheden;3,2;0,9;0,1;0,0;0,0;0,0
20;NL:Q:41220560;NH Kerk;Rheden;1,1;3,7;0,1;0,2;0,0;0,0
20;NL:Q:41220570;Oranjeweg;Rheden;7,7;1,0;0,3;0,0;0,2;0,0
20;NL:Q:41220580;Oranjeweg;Rheden;0,9;7,8;0,0;0,4;0,0;0,1
20;NL:Q:41220590;v. Heerdtplein;Rheden;7,2;0,5;0,3;0,0;0,1;0,0
20;NL:Q:41220600;v. Heerdtplein;Rheden;0,5;6,6;0,0;0,2;0,0;0,0
20;NL:Q:41220650;Overweg;Rheden;2,1;2,9;0,0;0,1;0,0;0,0
20;NL:Q:41230010;Groenestraat;Giesbeek;3,9;0,7;2,4;1,2;1,8;0,7
20;NL:Q:41230030;Kerkstraat;Lathum;3,1;0,7;2,1;0,3;1,9;0,2
20;NL:Q:41230040;Kerkstraat;Lathum;0,3;3,1;0,2;2,8;0,4;1,3
20;NL:Q:41230050;Rijderbosweg;Lathum;0,1;0,1;0,1;0,1;0,0;0,1
20;NL:Q:41230060;Rijderbosweg;Lathum;0,2;0,2;0,1;0,2;0,0;0,0
20;NL:Q:41230080;Aansluiting A12;Duiven;1,4;4,3;1,8;11,7;1,0;6,4
20;NL:Q:41310020;Raadhuisstraat;Vorden;0,0;0,4;0,0;0,0;0,0;0,0
20;NL:Q:41310030;Centrum;Vorden;1,1;3,5;0,0;0,1;0,0;0,1
20;NL:Q:41310040;Centrum;Vorden;3,3;0,7;0,0;0,0;0,0;0,0
20;NL:Q:41310050;De Horsterkamp Zuid;Vorden;0,8;7,5;0,2;1,1;0,2;0,9
20;NL:Q:41310060;De Horsterkamp Zuid;Vorden;7,8;1,6;1,5;0,4;0,7;0,3
20;NL:Q:41310070;Villa Nuova;Vorden;0,9;1,6;0,0;0,0;0,0;0,0
20;NL:Q:41310080;Villa Nuova;Vorden;1,6;0,9;0,1;0,0;0,0;0,0
20;NL:Q:41310090;Raadhuisstraat;Vorden;0,2;0,0;0,0;0,0;0,0;0,0
20;NL:Q:41310290;Station;Vorden;252,6;223,3;53,2;41,8;33,7;42,4
20;NL:Q:41310293;Station;Vorden;0,0;0,0;0,0;0,0;0,0;0,0
20;NL:Q:41310330;De Bleek;Vorden;0,4;8,4;0,1;3,2;0,0;1,5
20;NL:Q:41310340;De Bleek;Vorden;5,2;1,0;2,2;0,4;1,1;0,2
20;NL:Q:41310350;De Wehme;Vorden;0,1;0,1;0,0;0,0;0,0;0,0
20;NL:Q:41310360;De Wehme;Vorden;0,0;0,1;0,0;0,0;0,0;0,0
20;NL:Q:41330030;Wielbergen;Angerlo;0,0;0,6;0,0;0,0;0,0;0,1
20;NL:Q:41330040;Wielbergen;Angerlo;0,5;0,1;0,0;0,3;0,0;0,1
20;NL:Q:41330050;Bingerdenseweg;Angerlo;0,1;0,1;0,2;0,1;0,2;0,1
20;NL:Q:41330060;Bingerdenseweg;Angerlo;0,0;0,2;0,1;0,4;0,0;0,2
20;NL:Q:41330070;Tutenburgsestraat;Giesbeek;1,0;0,3;0,6;0,2;0,4;0,1
20;NL:Q:41330080;Tutenburgsestraat;Giesbeek;0,3;0,8;0,2;0,4;0,1;0,2
20;NL:Q:41330090;Zwalmstraat;Giesbeek;23,2;19,7;11,8;11,2;6,2;6,2
20;NL:Q:41330120;Groenestraat;Giesbeek;0,6;3,4;0,5;4,3;1,1;2,4
20;NL:Q:41330170;Beumerskamp;Doesburg;14,4;6,5;13,4;2,8;7,2;1,6
20;NL:Q:41400010;De Boggelaar;Warnsveld;0,3;0,7;0,0;0,0;0,0;0,0
20;NL:Q:41400020;De Boggelaar;Warnsveld;0,6;0,5;0,0;0,0;0,0;0,0
20;NL:Q:41400110;Kasteel Hackfort;Vorden;0,1;0,2;0,0;0,0;0,0;0,0
20;NL:Q:41400120;Kasteel Hackfort;Vorden;0,1;0,2;0,0;0,0;0,0;0,0
20;NL:Q:41410030;Gemeentehuis;Hengelo;0,0;0,3;0,0;0,0;0,0;0,0
20;NL:Q:41410040;Gemeentehuis;Hengelo;59,8;62,7;16,7;17,2;11,5;10,6
20;NL:Q:41410150;Van Neck;Hengelo;1,1;2,2;0,2;0,4;0,2;0,3
20;NL:Q:41410160;Van Neck;Hengelo;2,4;1,3;0,3;0,9;0,2;0,2
20;NL:Q:41410190;Vordenseweg;Hengelo;15,7;18,2;6,0;4,7;4,4;3,5
20;NL:Q:41410210;Banninkstraat;Hengelo;22,8;26,2;6,2;10,1;6,9;6,7
20;NL:Q:41410230;Vordenseweg;Hengelo;18,7;17,0;3,9;5,7;4,5;3,9
20;NL:Q:41410250;Banninkstraat;Hengelo;25,4;23,9;9,0;8,5;6,9;6,1
20;NL:Q:41420010;NH Kerk;Drempt;3,5;3,3;2,8;2,5;1,4;1,5
20;NL:Q:41420110;Beinum;Doesburg;2,1;2,2;2,2;1,2;1,4;0,7
20;NL:Q:41420120;Beinum;Doesburg;3,2;2,9;1,1;2,1;0,6;1,5
20;NL:Q:41420130;Potsmaat;Doesburg;2,4;3,6;2,7;1,2;1,6;0,6
20;NL:Q:41420140;Potsmaat;Doesburg;6,4;3,5;1,9;2,5;0,6;1,3
20;NL:Q:41420150;tunnel Angerlo;Doesburg;4,9;4,0;2,7;1,2;1,9;0,7
20;NL:Q:41420160;tunnel Angerlo;Doesburg;8,1;4,2;2,0;2,9;0,6;2,4
20;NL:Q:41420180;Beumerskamp;Doesburg;14,6;13,2;2,8;12,3;1,3;6,3
20;NL:Q:41420210;Kraakselaan;Doesburg;38,4;13,7;9,3;7,4;5,3;4,3
20;NL:Q:41420220;Kraakselaan;Doesburg;11,6;58,4;7,8;10,8;4,3;5,2
20;NL:Q:41420230;Meipoort;Doesburg;11,5;14,4;10,7;3,4;6,4;1,8
20;NL:Q:41420240;Meipoort;Doesburg;18,4;9,0;5,3;8,5;2,0;4,1
20;NL:Q:41420250;Karel Doormansingel;Doesburg;1,9;9,5;0,0;0,4;0,0;0,0
20;NL:Q:41420260;Karel Doormansingel;Doesburg;4,6;3,3;0,2;0,0;0,1;0,0
20;NL:Q:41420270;Koepoortwal;Doesburg;5,2;6,8;0,2;0,4;0,0;0,1
20;NL:Q:41420290;Haven;Doesburg;1,7;0,9;3,2;0,6;1,8;0,2
20;NL:Q:41420300;Haven;Doesburg;0,9;2,6;0,5;3,8;0,1;2,0
20;NL:Q:41430070;Cafe Den Bremer;Toldijk;5,0;3,1;2,0;1,4;1,5;0,4
20;NL:Q:41430110;Zuivelfabriek;Steenderen;1,7;0,5;0,2;0,2;0,1;0,0
20;NL:Q:41430120;Zuivelfabriek;Steenderen;0,4;1,9;0,1;0,3;0,1;0,2
20;NL:Q:41430130;Gemeentehuis;Steenderen;2,6;2,6;0,8;0,5;0,8;0,8
20;NL:Q:41430140;Gemeentehuis;Steenderen;1,8;3,3;0,3;1,5;0,4;1,1
20;NL:Q:41430150;Dorp;Steenderen;15,3;13,7;6,6;4,4;6,4;2,5
20;NL:Q:41430160;Dorp;Steenderen;15,3;14,3;5,2;7,3;3,3;4,4
20;NL:Q:41430170;Aviko;Steenderen;11,4;6,0;4,7;2,1;3,4;1,2
20;NL:Q:41430180;Aviko;Steenderen;7,4;13,1;2,3;6,1;0,9;3,3
20;NL:Q:41470010;Station;Didam;4,3;4,4;0,2;0,2;0,0;0,1
20;NL:Q:41470050;Raadhuisstraat;Didam;0,6;0,3;0,0;0,0;0,0;0,0
20;NL:Q:41470060;Raadhuisstraat;Didam;0,1;0,5;0,0;0,0;0,0;0,0
20;NL:Q:41470070;De Hoevert;Didam;0,5;0,8;0,0;0,0;0,0;0,0
20;NL:Q:41470080;De Hoevert;Didam;1,4;0,6;0,1;0,0;0,0;0,0
20;NL:Q:41470110;Gemeentehuis;Didam;0,1;0,0;0,0;0,0;0,0;0,0
20;NL:Q:41470120;Gemeentehuis;Didam;0,0;0,3;0,0;0,0;0,0;0,0
20;NL:Q:41470130;De Linde;Didam;0,5;0,6;0,0;0,0;0,0;0,0
20;NL:Q:41470140;De Linde;Didam;0,8;0,2;0,1;0,0;0,0;0,0
20;NL:Q:41470210;Kapelstraat;Loil;0,1;0,1;0,0;0,0;0,0;0,0
20;NL:Q:41470220;Kapelstraat;Loil;0,1;0,0;0,0;0,0;0,0;0,0
20;NL:Q:41471130;Kerk;Didam;1,0;0,7;0,0;0,0;0,0;0,0
20;NL:Q:41471140;Kerk;Didam;0,7;0,5;0,0;0,0;0,1;0,0
20;NL:Q:41480010;Elver;Nieuw-Wehl;1,0;4,3;0,0;0,1;0,0;0,1
20;NL:Q:41480020;Elver;Nieuw-Wehl;2,7;1,2;0,1;0,0;0,1;0,0
20;NL:Q:41490030;Centrum;Wehl;0,1;0,1;0,0;0,0;0,0;0,0
20;NL:Q:41490040;Centrum;Wehl;0,2;0,1;0,0;0,0;0,0;0,0
20;NL:Q:41490050;Station;Wehl;10,1;15,0;0,3;0,6;0,1;0,1
20;NL:Q:41490070;Brandweerkazerne;Wehl;0,1;0,2;0,0;0,0;0,0;0,0
20;NL:Q:41490080;Brandweerkazerne;Wehl;0,1;0,1;0,0;0,0;0,0;0,0
20;NL:Q:41500010;Gelre ziekenhuizen;Zutphen;31,5;24,2;4,4;3,5;2,1;2,7
20;NL:Q:41500020;Gelre ziekenhuizen;Zutphen;17,7;31,7;3,7;5,5;2,8;3,6
20;NL:Q:41500030;Bieshorstlaan;Warnsveld;2,7;4,5;0,8;2,1;0,4;1,8
20;NL:Q:41500050;'t Horseler;Warnsveld;36,8;34,2;12,5;13,1;8,5;8,9
20;NL:Q:41500060;'t Horseler;Warnsveld;2,4;1,3;0,1;0,1;0,0;0,0
20;NL:Q:41500070;GGNet;Warnsveld;2,7;3,4;0,2;0,4;0,2;0,1
20;NL:Q:41500080;GGNet;Warnsveld;4,7;2,3;0,2;0,1;0,1;0,0
20;NL:Q:41500090;Winkelcentrum Dreiumme;Warnsveld;13,0;31,7;4,1;17,5;3,0;10,4
20;NL:Q:41500150;;;0,0;0,1;0,0;0,0;0,0;0,0
20;NL:Q:41500151;Havepad;Warnsveld;4,3;8,5;2,5;5,1;1,3;5,1
20;NL:Q:41500160;Overkamp;Warnsveld;69,4;64,5;32,2;31,9;21,8;20,6
20;NL:Q:41500170;Overkamp;Warnsveld;1,8;1,8;0,0;0,1;0,0;0,0
20;NL:Q:41500190;Ooyerhoekseweg;Warnsveld;4,7;6,6;1,0;2,6;0,6;1,6
20;NL:Q:41500200;Ooyerhoekseweg;Warnsveld;6,3;5,1;2,8;1,2;1,6;0,7
20;NL:Q:41500251;Rhienderinklaan;Warnsveld;2,8;3,2;1,5;2,2;0,0;0,0
20;NL:Q:41500261;Rhienderinklaan;Warnsveld;0,1;0,1;0,1;0,0;0,0;0,0
20;NL:Q:41500270;Den Bouw;Warnsveld;1,1;0,1;0,3;0,0;0,0;0,0
20;NL:Q:41500280;Den Bouw;Warnsveld;0,2;1,2;0,0;0,5;0,0;0,0
20;NL:Q:41500310;Martinuskerk;Warnsveld;0,8;0,2;0,2;0,0;0,0;0,0
20;NL:Q:41500320;Martinuskerk;Warnsveld;0,3;1,8;0,0;0,5;0,0;0,0
20;NL:Q:41500470;Welgelegen;Warnsveld;24,0;30,2;7,8;10,3;4,5;7,4
20;NL:Q:41500550;Kerkpad;Warnsveld;1,4;5,4;0,5;3,9;0,0;0,1
20;NL:Q:41500560;Kerkpad;Warnsveld;0,3;0,1;0,2;0,0;0,1;0,1
20;NL:Q:41501010;De Groene Jager;Wichmond;0,6;0,1;0,3;0,1;0,2;0,0
20;NL:Q:41501100;De Vlieg;Vierakker;0,1;1,6;0,0;0,3;0,0;0,0
20;NL:Q:41501410;Leesten Oost;Warnsveld;0,5;0,7;0,0;0,0;0,0;0,0
20;NL:Q:41501420;Leesten Oost;Warnsveld;0,5;0,3;0,0;0,0;0,0;0,0
20;NL:Q:41501430;Winkelcentrum Dreiumme;Warnsveld;0,6;0,3;0,4;0,0;0,1;0,0
20;NL:Q:41501440;Winkelcentrum Dreiumme;Warnsveld;25,2;10,0;12,5;3,2;8,4;2,6
20;NL:Q:41501450;Klooster;Warnsveld;8,3;11,2;0,9;6,9;0,7;4,6
20;NL:Q:41501460;Klooster;Warnsveld;26,3;10,5;13,8;4,6;11,2;3,3
20;NL:Q:41501470;Leesten;Warnsveld;19,5;22,3;2,9;10,0;1,5;5,8
20;NL:Q:41501480;Leesten;Warnsveld;19,8;16,9;10,1;2,5;6,2;1,6
20;NL:Q:41503001;Gelderhorst;Zutphen;0,6;0,1;0,3;0,0;0,0;0,0
20;NL:Q:41503010;Den Elter;Zutphen;0,4;1,5;0,3;0,2;0,3;0,2
20;NL:Q:41504001;Gelderhorst;Zutphen;0,2;2,1;0,0;0,5;0,0;0,0
20;NL:Q:41504060;Den Elter;Zutphen;1,5;0,6;0,1;0,6;0,1;0,3
20;NL:Q:41504070;Bronsbergen;Zutphen;2,7;1,0;2,0;0,3;1,3;0,3
20;NL:Q:41504080;Bronsbergen;Zutphen;1,2;4,0;0,3;2,3;0,2;1,4
20;NL:Q:41504090;Revelhorst;Zutphen;2,0;5,3;0,7;2,4;0,8;2,4
20;NL:Q:41504100;Revelhorst;Zutphen;4,0;2,3;1,6;0,7;1,8;1,0
20;NL:Q:41509030;Prins Bernhardlaan;Zutphen;2,3;2,3;1,8;2,0;0,0;0,0
20;NL:Q:41509040;Prins Bernhardlaan;Zutphen;0,0;0,1;0,0;0,0;0,0;0,0
20;NL:Q:41510140;Kerkstraat;Keijenborg;7,7;18,4;3,4;4,4;3,1;2,1
20;NL:Q:41510170;Kerkstraat;Keijenborg;17,6;8,0;4,6;3,5;2,3;1,9
20;NL:Q:41510180;Kroezerijweg;Bronckhorst;0,5;0,1;0,2;0,0;0,4;0,0
20;NL:Q:41510190;Kroezerijweg;Bronckhorst;0,1;0,5;0,0;0,1;0,0;0,4
20;NL:Q:41520010;Manege;Laag Keppel;0,9;0,3;0,3;0,4;0,5;0,1
20;NL:Q:41520030;Gouden Leeuw;Laag Keppel;4,6;2,7;1,2;1,0;0,7;0,4
20;NL:Q:41520040;Gouden Leeuw;Laag Keppel;1,6;4,0;0,9;0,9;0,4;0,8
20;NL:Q:41520050;Brede school;Hummelo;2,1;1,8;1,2;1,3;1,0;0,8
20;NL:Q:41520060;Brede school;Hummelo;1,8;2,2;1,0;1,3;0,9;1,0
20;NL:Q:41520110;Zelhemseweg;Hummelo;8,3;3,0;5,1;2,0;3,4;2,3
20;NL:Q:41520120;Zelhemseweg;Hummelo;2,6;7,9;2,0;4,4;2,3;2,9
20;NL:Q:41520210;'t Smaaleke;Laag Keppel;0,8;0,3;0,2;0,2;0,1;0,1
20;NL:Q:41520220;'t Smaaleke;Laag Keppel;0,6;1,3;0,3;0,7;0,1;0,2
20;NL:Q:41520230;Weg naar Hoog-Keppel;Hoog Keppel;0,4;0,7;0,1;0,1;0,1;0,1
20;NL:Q:41520240;Weg naar Hoog-Keppel;Hoog Keppel;0,6;0,5;0,2;0,2;0,0;0,1
20;NL:Q:41520250;Burg. Vrijlandweg;Hoog Keppel;1,3;0,3;0,2;0,1;0,2;0,0
20;NL:Q:41520260;Burg. Vrijlandweg;Hoog Keppel;0,2;1,0;0,1;0,2;0,0;0,3
20;NL:Q:41520270;De Braamberg;Drempt;6,2;4,8;1,6;1,0;1,2;0,7
20;NL:Q:41520280;De Braamberg;Drempt;5,1;4,4;1,8;1,8;0,7;0,6
20;NL:Q:41530030;Covik;Baak;1,3;0,5;1,6;0,4;1,3;0,0
20;NL:Q:41530040;Covik;Baak;0,5;1,6;0,1;2,3;0,0;1,4
20;NL:Q:41530070;Dorp;Baak;15,2;5,4;6,9;1,7;5,7;1,1
20;NL:Q:41530080;Dorp;Baak;6,0;15,6;1,4;8,7;1,5;5,0
20;NL:Q:41530120;De Groene Jager;Zutphen;0,1;0,4;0,4;0,3;0,0;0,1
20;NL:Q:41530150;Hackforterweg;Wichmond;0,4;1,0;0,0;0,0;0,0;0,0
20;NL:Q:41530160;Hackforterweg;Wichmond;1,9;0,2;0,0;0,0;0,0;0,0
20;NL:Q:41530170;De Vlieg;Vierakker;1,3;0,1;0,5;0,0;0,0;0,0
20;NL:Q:41530180;Van den Brink;Wichmond;0,0;0,0;0,0;0,0;0,0;0,0
20;NL:Q:41530200;Dorpsstraat;Wichmond;3,2;0,4;0,4;0,0;0,0;0,0
20;NL:Q:41530210;Dorpsstraat;Wichmond;0,4;2,4;0,1;0,8;0,0;0,0
20;NL:Q:41580001;Pater Smitsstraat;Didam;1,1;0,3;0,0;0,0;0,0;0,0
20;NL:Q:41580002;Pater Smitsstraat;Didam;0,5;0,9;0,1;0,1;0,0;0,0
20;NL:Q:41610070;Waarlo;Zelhem;9,1;2,3;1,1;0,5;1,7;0,4
20;NL:Q:41610080;Waarlo;Zelhem;2,3;9,5;0,6;1,9;0,4;0,9
20;NL:Q:41610090;Suselbeek;Velswijk;2,9;5,9;0,9;1,7;1,0;1,1
20;NL:Q:41610100;Suselbeek;Velswijk;6,3;3,8;1,7;1,1;1,0;0,8
20;NL:Q:41620010;Den Ooiman;Doetinchem;7,0;22,8;1,3;1,8;0,7;0,8
20;NL:Q:41620030;IJzergieterij;Langerak;0,7;1,1;0,2;0,3;0,3;0,5
20;NL:Q:41620040;IJzergieterij;Langerak;0,9;0,9;1,0;0,2;0,3;0,2
20;NL:Q:41620060;Manege;Laag Keppel;0,1;1,1;0,2;0,6;0,1;0,4
20;NL:Q:41640030;v.d. Capellenlaan;Zutphen;5,9;14,4;2,8;6,1;1,6;4,7
20;NL:Q:41640040;v.d. Capellenlaan;Zutphen;11,2;7,1;4,2;4,0;2,2;2,5
20;NL:Q:41640050;Weg naar Laren;Zutphen;2,0;4,3;1,7;1,3;0,7;1,3
20;NL:Q:41640060;Weg naar Laren;Zutphen;7,6;2,8;3,1;2,1;3,5;1,3
20;NL:Q:41640070;Coehoornsingel;Zutphen;0,5;2,2;0,0;0,7;0,1;0,9
20;NL:Q:41640080;Coehoornsingel;Zutphen;1,4;0,9;1,2;0,2;0,7;0,1
20;NL:Q:41640090;'s-Heerensteen;Zutphen;5,9;1,9;2,5;0,7;1,1;0,2
20;NL:Q:41640091;'s-Heerensteen;Zutphen;1,9;9,0;0,6;4,2;0,3;1,7
20;NL:Q:41640110;Berkelsingel;Zutphen;0,1;1,4;0,0;0,7;0,0;1,0
20;NL:Q:41640120;Berkelsingel;Zutphen;9,3;22,3;5,3;11,0;2,4;5,5
20;NL:Q:41640130;Rijkenhage;Zutphen;0,0;8,0;0,0;10,0;0,0;7,3
20;NL:Q:41640140;Rijkenhage;Zutphen;60,1;76,2;51,5;64,3;17,1;19,5
20;NL:Q:41640170;Busstation;Zutphen;208,2;1,5;89,9;0,7;64,1;0,4
20;NL:Q:41640171;Busstation;Zutphen;54,4;0,7;35,2;0,6;4,0;0,1
20;NL:Q:41640172;Busstation;Zutphen;138,6;1,1;61,2;0,5;45,6;0,9
20;NL:Q:41640173;Busstation;Zutphen;16,3;75,8;5,9;45,8;0,3;35,2
20;NL:Q:41640174;Busstation;Zutphen;2,7;503,6;1,1;178,5;0,2;116,1
20;NL:Q:41640176;Busstation;Zutphen;249,3;1,9;118,9;1,0;79,5;0,4
20;NL:Q:41640200;Dr. Bosstraat;Zutphen;37,7;42,7;10,1;14,2;8,0;9,5
20;NL:Q:41640221;Thorbeckesingel;Zutphen;1,9;8,5;0,1;1,0;0,1;1,1
20;NL:Q:41640231;Thorbeckesingel;Zutphen;20,6;6,8;7,1;4,2;4,8;2,9
20;NL:Q:41640320;IJsselflat;Zutphen;0,5;12,9;0,1;0,5;0,1;0,3
20;NL:Q:41640330;IJsselflat;Zutphen;13,2;3,2;4,1;3,4;2,2;1,3
20;NL:Q:41640340;De Waarden;Zutphen;0,7;4,6;0,0;0,8;0,0;0,6
20;NL:Q:41640350;De Waarden;Zutphen;8,8;5,5;3,9;4,4;2,8;3,3
20;NL:Q:41640360;Weerdslag 100-193;Zutphen;1,4;8,9;0,0;1,1;0,1;1,2
20;NL:Q:41640370;Weerdslag 100-193;Zutphen;20,4;10,1;9,5;7,8;6,2;5,7
20;NL:Q:41640380;De Brink;Zutphen;1,4;8,5;0,1;1,1;0,1;0,7
20;NL:Q:41640390;De Brink;Zutphen;17,9;13,2;14,5;16,8;7,5;7,4
20;NL:Q:41640400;Braamkamp;Zutphen;1,0;7,7;0,0;1,2;0,0;0,6
20;NL:Q:41640410;Braamkamp;Zutphen;16,0;16,0;6,7;12,7;3,9;7,7
20;NL:Q:41640430;Tichelkuilen;Zutphen;46,0;40,8;37,5;33,5;22,1;20,4
20;NL:Q:41640570;Arnold Kaldenbachtstraat;Zutphen;13,0;18,8;6,9;11,5;4,3;9,3
20;NL:Q:41642010;Oude Begraafplaats;Zutphen;14,8;19,3;7,5;7,2;5,1;6,6
20;NL:Q:41642030;Watertoren;Zutphen;14,8;19,5;8,5;13,9;5,1;6,9
20;NL:Q:41644610;Van Heemstrastraat;Zutphen;8,4;1,5;0,4;0,1;0,1;0,0
20;NL:Q:41644620;Van Heemstrastraat;Zutphen;1,6;7,5;0,0;0,2;0,0;0,1
20;NL:Q:41644650;Bornhof;Zutphen;3,3;1,6;0,1;0,1;0,0;0,0
20;NL:Q:41644660;Bornhof;Zutphen;1,7;3,7;0,1;0,2;0,0;0,1
20;NL:Q:41644670;Graaf Ottosingel;Zutphen;0,5;5,3;0,0;0,1;0,0;0,1
20;NL:Q:41645680;Polsbroek;Zutphen;1,9;1,5;0,0;0,0;0,0;0,0
20;NL:Q:41648013;IJsselbrug;Zutphen (Hoven);0,0;0,0;0,0;0,0;0,0;0,0
20;NL:Q:41648015;Weg naar Voorst;Zutphen;0,0;0,0;0,0;0,0;0,0;0,0
20;NL:Q:41680010;Didamseweg;Beek;0,4;0,1;0,0;0,0;0,0;0,0
20;NL:Q:41680020;Didamseweg;Beek;0,0;0,6;0,0;0,0;0,0;0,0
20;NL:Q:41680030;'t Heuveltje;Beek;0,1;0,2;0,0;0,0;0,0;0,0
20;NL:Q:41680040;'t Heuveltje;Beek;0,1;0,1;0,0;0,0;0,0;0,0
20;NL:Q:41680050;Kerk;Beek;3,1;2,3;0,2;0,1;0,0;0,0
20;NL:Q:41680070;'t Peeske;Beek;0,1;0,2;0,0;0,0;0,0;0,0
20;NL:Q:41680080;'t Peeske;Beek;0,2;0,3;0,1;0,0;0,0;0,0
20;NL:Q:41718002;De Nieuwenhof;Gietelo;0,0;0,0;0,0;0,0;0,0;0,0
20;NL:Q:41720030;Zelhemseweg;Doetinchem;4,7;12,7;4,0;8,0;4,0;4,2
20;NL:Q:41720040;Zelhemseweg;Doetinchem;15,1;4,4;9,4;4,6;4,9;3,0
20;NL:Q:41720070;Karel Doormanstraat;Doetinchem;1,3;1,9;0,0;0,1;0,0;0,0
20;NL:Q:41720090;Van Starkenborghstraat;Doetinchem;0,8;0,9;0,1;0,0;0,0;0,0
20;NL:Q:41720110;Churchillstraat;Doetinchem;1,9;1,2;0,1;0,1;0,0;0,0
20;NL:Q:41720130;Plein 40-45;Doetinchem;2,1;1,8;0,1;0,0;0,0;0,0
20;NL:Q:41720150;Sportcentrum Rozengaarde;Doetinchem;0,6;0,7;0,0;0,0;0,0;0,0
20;NL:Q:41720190;Rozengaardseweg;Doetinchem;78,2;87,0;9,4;7,3;5,7;3,7
20;NL:Q:41720200;Rozengaardseweg;Doetinchem;48,3;78,8;4,2;9,2;2,5;4,6
20;NL:Q:41720210;Raadhuisstraat;Doetinchem;101,9;21,7;18,9;5,2;9,4;3,3
20;NL:Q:41720220;Raadhuisstraat;Doetinchem;20,1;96,1;5,3;24,7;3,5;10,1
20;NL:Q:41720230;Centrum;Doetinchem;90,3;26,3;27,4;5,9;15,1;2,9
20;NL:Q:41720240;Centrum;Doetinchem;11,6;81,8;3,3;35,7;2,3;16,8
20;NL:Q:41720252;Station;Doetinchem;23,1;1625,1;1,5;394,4;0,5;247,5
20;NL:Q:41720280;Gruitpoort;Doetinchem;1,1;1,7;0,0;0,0;0,0;0,0
20;NL:Q:41720290;Het Weerdje;Doetinchem;0,6;1,0;0,0;0,0;0,0;0,0
20;NL:Q:41720310;Wolborgenmate;Doetinchem;0,4;0,6;0,1;0,1;0,0;0,0
20;NL:Q:41720330;Bastinglaan;Doetinchem;0,0;0,0;0,0;0,0;0,0;0,0
20;NL:Q:41720340;Bastinglaan;Doetinchem;0,0;0,6;0,0;0,0;0,0;0,0
20;NL:Q:41720350;Boekweitdreef;Doetinchem;0,0;0,0;0,0;0,0;0,0;0,0
20;NL:Q:41720360;Boekweitdreef;Doetinchem;0,6;0,4;0,0;0,0;0,0;0,0
20;NL:Q:41720380;Amphionstraat;Doetinchem;0,6;0,2;0,1;0,1;0,0;0,0
20;NL:Q:41720390;Wannedreef;Doetinchem;5,7;6,2;0,1;0,1;0,0;0,0
20;NL:Q:41720400;Roggedreef;Doetinchem;1,9;1,8;0,1;0,0;0,0;0,0
20;NL:Q:41720410;Eduard Schilderinkstraat;Doetinchem;23,1;9,1;15,5;3,1;8,1;1,7
20;NL:Q:41720420;Eduard Schilderinkstraat;Doetinchem;6,6;20,4;3,0;13,2;2,1;6,3
20;NL:Q:41720430;Burg. Kehrerstraat;Doetinchem;19,4;9,6;1,8;1,1;0,7;0,5
20;NL:Q:41720440;Burg. Kehrerstraat;Doetinchem;11,4;15,9;1,8;1,3;0,8;0,6
20;NL:Q:41720450;Klompenfabriek;Doetinchem;16,3;12,8;3,0;1,7;2,1;0,7
20;NL:Q:41720460;Klompenfabriek;Doetinchem;12,3;21,6;2,2;3,7;0,8;1,6
20;NL:Q:41720470;Graafschap College;Doetinchem;151,0;187,8;9,0;5,5;3,9;0,3
20;NL:Q:41720480;Graafschap College;Doetinchem;174,8;183,5;4,8;9,5;0,2;2,1
20;NL:Q:41720490;Hof van Oxford;Doetinchem;2,2;1,5;0,1;0,1;0,0;0,1
20;NL:Q:41720500;Alfred Mozerplein;Doetinchem;1,0;1,8;0,1;0,1;0,0;0,0
20;NL:Q:41720520;Willy Brandtplein;Doetinchem;3,4;3,7;0,0;0,1;0,0;0,0
20;NL:Q:41720540;Gezellenlaan;Doetinchem;0,0;0,0;0,0;0,0;0,0;0,0
20;NL:Q:41720570;;;0,0;0,0;0,0;0,0;0,0;0,0
20;NL:Q:41720580;Wijnbergsebrug;Doetinchem;1,5;3,0;0,2;0,4;0,1;0,5
20;NL:Q:41720590;Wijnbergsebrug;Doetinchem;2,7;2,5;0,4;0,4;0,3;0,2
20;NL:Q:41720600;De Hoop;Doetinchem;1,1;1,5;0,0;0,1;0,0;0,0
20;NL:Q:41720650;;;7,6;7,9;0,0;0,0;0,0;0,0
20;NL:Q:41720670;Zuivelweg;Doetinchem;20,9;4,4;0,2;0,0;0,0;0,1
20;NL:Q:41720680;Zuivelweg;Doetinchem;4,1;20,0;0,1;0,4;0,0;0,0
20;NL:Q:41720690;Slotlaan;Doetinchem;0,4;0,0;0,0;0,0;0,0;0,0
20;NL:Q:41720830;Schavenweide;Doetinchem;1,1;1,2;0,0;0,0;0,0;0,0
20;NL:Q:41720840;Schavenweide;Doetinchem;0,0;0,0;0,0;0,0;0,0;0,0
20;NL:Q:41720850;Jindo;Doetinchem;0,2;0,2;0,0;0,0;0,0;0,0
20;NL:Q:41720860;Jindo;Doetinchem;0,0;0,0;0,0;0,0;0,0;0,0
20;NL:Q:41720870;Zuivelweg/Mackaylaan;Doetinchem;0,4;0,5;0,1;0,0;0,0;0,0
20;NL:Q:41720880;Zuivelweg/Mackaylaan;Doetinchem;0,0;0,0;0,0;0,0;0,0;0,0
20;NL:Q:41721050;Watertoren;Doetinchem;25,6;12,5;4,8;6,9;3,0;3,9
20;NL:Q:41721060;Watertoren;Doetinchem;11,3;28,3;6,2;5,0;2,9;2,7
20;NL:Q:41721100;Station;Doetinchem;359,3;1,1;67,3;0,2;46,7;0,2
20;NL:Q:41721101;Station;Doetinchem;1086,1;61,5;301,0;21,0;182,3;11,2
20;NL:Q:41721102;Station;Doetinchem;311,1;3,1;57,5;0,2;45,9;0,0
20;NL:Q:41721103;Station;Doetinchem;32,4;0,2;0,6;0,0;0,0;0,0
20;NL:Q:41721110;Gemeentehuis;Doetinchem;109,7;23,0;30,1;7,7;12,0;4,3
20;NL:Q:41721120;Gemeentehuis;Doetinchem;30,5;105,4;10,9;35,9;2,7;10,8
20;NL:Q:41721130;2e Loolaan;Doetinchem;57,0;88,9;6,7;3,9;4,3;0,8
20;NL:Q:41721140;2e Loolaan;Doetinchem;63,9;79,3;2,1;5,6;0,5;4,8
20;NL:Q:41721160;Den Ooiman;Doetinchem;19,9;10,2;1,5;2,0;0,7;0,9
20;NL:Q:41723030;Loolaan;Doetinchem;34,8;76,1;2,1;4,3;1,1;2,1
20;NL:Q:41723040;Loolaan;Doetinchem;68,6;39,8;3,5;2,9;1,2;1,7
20;NL:Q:41723050;Slingeland Ziekenhuis;Doetinchem;24,3;35,9;5,3;7,0;4,9;5,2
20;NL:Q:41723060;Slingeland Ziekenhuis;Doetinchem;40,1;24,2;7,9;4,9;5,1;3,4
20;NL:Q:41723070;Slingeland Zkh. Hoofdingang;Doetinchem;13,6;18,2;0,3;0,7;0,1;0,1
20;NL:Q:41723080;'t Anker;Doetinchem;1,3;1,2;0,1;0,0;0,0;0,0
20;NL:Q:41723110;Kruisberg;Doetinchem;37,3;7,3;3,2;3,3;3,4;1,9
20;NL:Q:41723120;Kruisberg;Doetinchem;5,8;37,2;2,3;4,6;1,2;2,9
20;NL:Q:41723160;Bunderhorst;Doetinchem;4,7;4,4;0,2;0,3;0,0;0,0
20;NL:Q:41723170;Bunderhorst;Doetinchem;0,0;0,0;0,0;0,0;0,0;0,0
20;NL:Q:41723530;Station De Huet;Doetinchem;6,6;7,3;0,2;0,3;0,1;0,0
20;NL:Q:41723550;De Bongerd;Doetinchem;0,0;0,0;0,0;0,0;0,0;0,0
20;NL:Q:41723560;De Bongerd;Doetinchem;0,2;0,3;0,0;0,0;0,0;0,0
20;NL:Q:41723570;Kersenbloesem;Doetinchem;0,0;0,0;0,0;0,0;0,0;0,0
20;NL:Q:41723580;Kersenbloesem;Doetinchem;0,4;0,0;0,0;0,0;0,0;0,0
20;NL:Q:41723590;Kruidenlaan;Doetinchem;0,0;0,1;0,0;0,0;0,0;0,0
20;NL:Q:41723600;Kruidenlaan;Doetinchem;0,3;0,1;0,0;0,0;0,0;0,0
20;NL:Q:41723630;Bedrijventerrein;Doetinchem;1,5;16,9;0,3;1,2;0,2;0,1
20;NL:Q:41723640;Bedrijventerrein;Doetinchem;12,1;1,0;0,5;0,4;0,0;0,2
20;NL:Q:41723650;Woonboulevard;Doetinchem;4,4;14,4;1,3;2,5;0,9;0,3
20;NL:Q:41723660;Woonboulevard;Doetinchem;11,4;3,6;1,6;1,4;0,3;0,6
20;NL:Q:41730030;Tolbrug;Toldijk;0,9;1,6;1,3;0,5;0,4;0,2
20;NL:Q:41730040;Tolbrug;Toldijk;1,6;1,0;0,3;1,4;0,1;0,5
20;NL:Q:41730050;Lamstraat;Toldijk;0,1;0,2;0,1;0,2;0,1;0,1
20;NL:Q:41730060;Lamstraat;Toldijk;0,1;0,2;0,0;0,4;0,1;0,4
20;NL:Q:41730070;Zonnebrug;Toldijk;0,8;0,3;0,2;0,0;0,3;0,0
20;NL:Q:41730080;Zonnebrug;Toldijk;0,2;1,1;0,0;0,5;0,0;0,3
20;NL:Q:41730100;Cafe Den Bremer;Toldijk;3,2;5,0;1,7;2,2;0,6;1,6
20;NL:Q:41740010;Rustoordlaan;Eefde;3,7;3,9;3,7;2,5;1,8;1,2
20;NL:Q:41740020;Rustoordlaan;Eefde;4,0;6,1;2,4;5,8;1,8;3,5
20;NL:Q:41740030;Het Spijk;Eefde;12,1;11,8;5,1;6,8;2,4;3,4
20;NL:Q:41740031;Het Spijk;Eefde;14,7;11,7;8,7;4,7;3,8;2,8
20;NL:Q:41740050;Het Hart;Eefde;12,7;15,0;8,5;7,9;4,4;4,5
20;NL:Q:41740060;Het Hart;Eefde;16,4;13,7;8,1;9,3;5,6;4,8
20;NL:Q:41740070;Teenkweg;Eefde;7,0;5,6;3,4;3,2;1,7;1,9
20;NL:Q:41740080;Teenkweg;Eefde;4,9;6,2;2,8;3,9;1,5;2,0
20;NL:Q:41740090;Scheuterdijk;Eefde;0,7;1,2;0,2;1,1;0,4;0,1
20;NL:Q:41740100;Scheuterdijk;Eefde;1,0;1,1;0,9;0,9;0,4;0,3
20;NL:Q:41740110;Vredenhof;Eefde;0,7;0,4;0,2;0,6;0,1;0,2
20;NL:Q:41740120;Vredenhof;Eefde;0,5;0,8;0,6;0,2;0,2;0,1
20;NL:Q:41740130;Quatre Bras;Eefde;4,6;5,8;1,8;2,6;1,1;1,4
20;NL:Q:41740140;Quatre Bras;Eefde;5,7;4,3;1,8;2,5;1,7;1,5
20;NL:Q:41740150;Kerkhof;Gorssel;1,3;1,5;1,4;2,2;1,4;1,0
20;NL:Q:41761003;Huize Enkstein;Voorst;0,0;0,0;0,0;0,0;0,0;0,0
20;NL:Q:41761004;Huize Enkstein;Voorst;0,1;0,0;0,0;0,0;0,0;0,0
20;NL:Q:41761005;Huize de Beele;Voorst;0,0;0,0;0,0;0,0;0,0;0,0
20;NL:Q:41761006;Huize de Beele;Voorst;0,0;0,0;0,0;0,0;0,0;0,0
20;NL:Q:41761009;Station Voorst-Empe;Voorst;0,0;0,1;0,0;0,0;0,0;0,0
20;NL:Q:41761010;Station Voorst-Empe;Voorst;0,0;0,0;0,0;0,0;0,0;0,0
20;NL:Q:41770010;Vunderingweg;Almen;0,1;0,0;0,1;0,0;0,0;0,0
20;NL:Q:41770030;Almense Brug;Almen;0,3;0,0;0,0;0,0;0,0;0,0
20;NL:Q:41770040;Almense Brug;Almen;3,4;4,4;1,4;2,4;0,0;0,1
20;NL:Q:41770050;Keyenbeltsweg;Almen;0,0;0,0;0,0;0,0;0,0;0,0
20;NL:Q:41770060;Keyenbeltsweg;Almen;0,4;0,6;0,5;0,5;0,0;0,0
20;NL:Q:41770070;Het Mastler;Eefde;0,1;0,0;0,1;0,0;0,1;0,0
20;NL:Q:41770080;Het Mastler;Eefde;2,9;3,4;1,7;2,3;0,0;0,1
20;NL:Q:41770090;De Uitrusting;Eefde;0,0;0,0;0,0;0,0;0,0;0,0
20;NL:Q:41770100;De Uitrusting;Eefde;1,3;2,2;0,8;1,5;0,0;0,0
20;NL:Q:41770110;Crematorium;Warnsveld;0,0;0,2;0,1;0,2;0,0;0,0
20;NL:Q:41770120;Crematorium;Warnsveld;0,0;0,0;0,0;0,0;0,0;0,0
20;NL:Q:41780010;Hoofdstraat;Kilder;0,0;0,5;0,0;0,0;0,0;0,0
20;NL:Q:41780020;Hoofdstraat;Kilder;0,5;0,1;0,0;0,0;0,0;0,0
20;NL:Q:41780030;Dorp;Kilder;0,0;0,2;0,0;0,0;0,0;0,0
20;NL:Q:41780040;Dorp;Kilder;0,1;0,1;0,0;0,0;0,0;0,0
20;NL:Q:41790030;Busstation;'S-Heerenberg;144,6;153,1;60,9;54,1;36,7;34,4
20;NL:Q:41790070;Busstation;'s-Heerenberg;12,4;1,6;0,5;0,0;0,2;0,0
20;NL:Q:41790080;Maria van Nassaulaan;'S-Heerenberg;44,9;44,2;20,1;20,9;12,7;16,6
20;NL:Q:41790100;Hangaarts;'S-Heerenberg;65,8;71,6;18,3;21,2;10,3;13,9
20;NL:Q:41790110;;;0,0;0,0;0,0;0,0;0,0;0,0
20;NL:Q:41790130;Tolhuis;Zeddam;1,2;4,4;0,5;2,1;0,5;1,6
20;NL:Q:41790140;Tolhuis;Zeddam;6,1;0,9;2,4;0,7;2,0;0,5
20;NL:Q:41790150;Hertenkamp;Zeddam;3,2;21,4;2,0;10,8;0,6;4,7
20;NL:Q:41790160;Hertenkamp;Zeddam;21,6;1,8;11,6;1,6;4,7;0,7
20;NL:Q:41790190;Kilderseweg;Zeddam;0,3;4,4;0,2;2,7;0,0;1,7
20;NL:Q:41790200;Kilderseweg;Zeddam;2,6;0,3;1,2;0,1;1,1;0,1
20;NL:Q:41796010;Dorp;Stokkum;1,1;0,5;0,0;0,0;0,0;0,0
20;NL:Q:41796020;Dorp;Stokkum;2,4;1,6;0,0;0,0;0,0;0,0
20;NL:Q:41796030;Slotlaan;'S-Heerenberg;1,4;0,9;0,1;0,0;0,0;0,0
20;NL:Q:41796040;Slotlaan;'S-Heerenberg;1,0;1,4;0,0;0,1;0,0;0,0
20;NL:Q:41796050;'t Goor;'S-Heerenberg;2,2;0,1;0,0;0,0;0,0;0,0
20;NL:Q:41796060;'t Goor;'S-Heerenberg;0,1;2,5;0,0;0,0;0,0;0,0
20;NL:Q:41796070;De Kapelhoek;'S-Heerenberg;4,7;0,5;0,1;0,0;0,0;0,0
20;NL:Q:41796080;De Kapelhoek;'S-Heerenberg;0,7;4,7;0,0;0,1;0,1;0,0
20;NL:Q:41796110;Lange Heg;Stokkum;0,5;0,0;0,0;0,0;0,0;0,0
20;NL:Q:41796120;Lange Heg;Stokkum;0,5;1,3;0,0;0,1;0,0;0,0
20;NL:Q:41800070;Kasteel Slangenburg;Slangenburg;1,8;1,3;0,1;0,1;0,0;0,0
20;NL:Q:41800080;Kasteel Slangenburg;Slangenburg;0,8;2,8;0,1;0,3;0,0;0,0
20;NL:Q:41820010;De Hamaker;Terborg;1,0;4,9;1,1;4,0;0,5;3,9
20;NL:Q:41820030;Cafe Hartjes;Gaanderen;0,9;3,0;0,2;1,8;0,1;1,3
20;NL:Q:41820040;Cafe Hartjes;Gaanderen;1,9;0,8;1,2;0,2;0,7;0,1
20;NL:Q:41820050;Winkelcentrum;Gaanderen;1,9;8,8;1,5;6,3;1,1;5,1
20;NL:Q:41820060;Winkelcentrum;Gaanderen;5,4;1,9;4,2;2,0;2,7;0,8
20;NL:Q:41820070;Slakweg;Gaanderen;1,9;0,3;1,1;0,1;0,3;0,1
20;NL:Q:41820080;Slakweg;Gaanderen;0,0;1,9;0,0;1,2;0,0;0,6
20;NL:Q:41820090;De Pol;Doetinchem;0,6;0,2;1,0;0,4;0,7;0,3
20;NL:Q:41820100;De Pol;Doetinchem;0,5;1,1;0,4;0,6;0,4;0,2
20;NL:Q:41820130;McDonald's;Doetinchem;13,3;6,3;3,7;3,2;2,6;1,6
20;NL:Q:41820140;McDonald's;Doetinchem;8,9;14,9;2,9;3,7;2,0;2,2
20;NL:Q:41870010;Voormalig Station;Almen;0,1;0,0;0,0;0,0;0,0;0,0
20;NL:Q:41870030;Hogenkampsweg;Almen;0,1;0,0;0,2;0,0;0,0;0,0
20;NL:Q:41870040;Hogenkampsweg;Almen;3,4;4,3;4,3;5,4;0,0;0,0
20;NL:Q:41870050;De Ehze;Almen;0,0;0,0;0,0;0,0;0,0;0,0
20;NL:Q:41870060;De Ehze;Almen;0,6;1,0;1,2;1,4;0,0;0,0
20;NL:Q:41870070;Groot Have;Almen;0,1;0,0;0,0;0,0;0,0;0,0
20;NL:Q:41870080;Groot Have;Almen;0,8;1,0;0,9;0,9;0,0;0,1
20;NL:Q:41870100;De Hoofdige Boer;Almen;8,6;7,3;6,6;5,4;0,1;0,1
20;NL:Q:41870110;Van Wassenaerlaan;Almen;0,7;0,0;0,4;0,0;0,1;0,0
20;NL:Q:41870120;Van Wassenaerlaan;Almen;9,9;12,8;4,8;7,2;0,0;0,3
20;NL:Q:41870140;Vunderingweg;Almen;2,9;2,4;1,3;1,3;0,0;0,0
20;NL:Q:41880010;Laakweg;Azewijn;0,6;0,7;0,0;0,0;0,0;0,0
20;NL:Q:41880020;Laakweg;Azewijn;0,5;1,0;0,0;0,0;0,0;0,0
20;NL:Q:41890050;Buiting;Braamt;2,5;10,3;2,4;9,0;0,8;4,8
20;NL:Q:41890060;Buiting;Braamt;9,9;2,4;10,5;1,1;8,5;0,6
20;NL:Q:41890090;Stroombroek;Braamt;1,3;9,8;1,2;6,7;1,0;4,0
20;NL:Q:41890100;Stroombroek;Wijnbergen;8,6;1,3;5,5;0,8;3,9;0,8
20;NL:Q:41900050;Boesvelderdijk;Westendorp;7,9;3,9;0,2;0,2;0,1;0,0
20;NL:Q:41900060;Boesvelderdijk;Westendorp;4,9;9,0;0,1;0,3;0,0;0,0
20;NL:Q:41910070;Markt;Zelhem;53,4;23,7;21,1;7,6;12,6;3,5
20;NL:Q:41910080;Markt;Zelhem;23,8;52,4;11,1;23,6;5,4;13,4
20;NL:Q:41910110;Stikkenweg;Zelhem;11,9;25,3;1,4;6,4;2,8;3,5
20;NL:Q:41910120;Stikkenweg;Zelhem;24,1;10,9;6,9;2,2;3,9;1,1
20;NL:Q:41910150;Schildersoord;Zelhem;7,0;10,4;1,2;3,8;2,2;2,6
20;NL:Q:41910160;Schildersoord;Zelhem;11,5;7,1;4,7;1,5;2,4;0,7
20;NL:Q:41911010;Kerkwijk;Zelhem;0,4;0,0;0,0;0,0;0,0;0,0
20;NL:Q:41911020;Kerkwijk;Zelhem;0,0;0,8;0,0;0,0;0,0;0,0
20;NL:Q:41911090;Dennenhoeve;Zelhem;0,0;0,1;0,0;0,0;0,0;0,0
20;NL:Q:41911100;Dennenhoeve;Zelhem;0,0;0,2;0,0;0,0;0,0;0,0
20;NL:Q:41911110;De Betteld;Zelhem;0,0;0,1;0,0;0,0;0,0;0,0
20;NL:Q:41911120;De Betteld;Zelhem;0,0;0,1;0,0;0,0;0,0;0,0
20;NL:Q:41920010;;;0,0;0,1;0,0;0,0;0,0;0,0
20;NL:Q:41920050;Slingerparallel;Etten;19,3;2,9;6,3;1,1;3,6;0,9
20;NL:Q:41920060;Slingerparallel;Etten;2,8;19,2;1,3;7,1;1,0;4,4
20;NL:Q:41920090;Ulftsestraat;Terborg/Silvolde;0,1;0,4;0,0;0,0;0,0;0,0
20;NL:Q:41920100;Ulftsestraat;Terborg/Silvolde;0,3;0,4;0,0;0,0;0,0;0,0
20;NL:Q:41920210;De Schuylenburgh;Silvolde;0,7;0,7;0,0;0,0;0,0;0,0
20;NL:Q:41920250;Galgenberg;Silvolde;0,3;0,9;0,0;0,0;0,0;0,0
20;NL:Q:41920260;Galgenberg;Silvolde;0,9;0,6;0,1;0,0;0,0;0,1
20;NL:Q:41920270;Roomberg;Silvolde;0,3;0,6;0,0;0,0;0,0;0,0
20;NL:Q:41920280;Roomberg;Silvolde;0,2;0,6;0,0;0,1;0,0;0,0
20;NL:Q:41920290;Markt;Silvolde;1,2;1,1;0,1;0,1;0,0;0,0
20;NL:Q:41920300;Markt;Silvolde;0,9;0,6;0,1;0,0;0,0;0,0
20;NL:Q:41920310;De Lovink;Terborg;2,4;1,7;0,4;0,9;0,2;0,5
20;NL:Q:41920320;De Lovink;Terborg;2,3;2,3;0,7;0,4;0,3;0,3
20;NL:Q:41920330;Politiebureau;Terborg;0,5;0,8;0,2;0,1;0,0;0,0
20;NL:Q:41920340;Politiebureau;Terborg;0,5;0,8;0,0;0,2;0,1;0,3
20;NL:Q:41920350;Station;Terborg;18,9;29,4;5,3;5,4;3,9;2,7
20;NL:Q:41920352;Station;Terborg;27,8;15,7;7,8;6,1;3,5;5,1
20;NL:Q:41920360;Kerk;Terborg;0,6;0,0;0,1;0,0;0,0;0,0
20;NL:Q:41920370;Kerk;Terborg;0,1;0,5;0,0;0,0;0,0;0,0
20;NL:Q:41920380;Antonia;Terborg;1,1;1,5;0,0;0,0;0,0;0,0
20;NL:Q:41920400;De Kameleon;Terborg;0,6;0,1;0,0;0,0;0,0;0,0
20;NL:Q:41920410;De Kameleon;Terborg;0,0;0,7;0,0;0,0;0,0;0,0
20;NL:Q:41920420;De Hamaker;Terborg;3,7;1,4;1,5;1,4;2,0;0,5
20;NL:Q:41920470;De Belterman;Silvolde;2,2;31,1;0,9;8,0;0,5;5,2
20;NL:Q:41920480;De Belterman;Silvolde;34,2;1,7;8,1;0,5;4,8;0,5
20;NL:Q:41920500;Doctor Dreesstraat;Silvolde;10,1;1,4;2,6;0,7;1,9;0,5
20;NL:Q:41920520;Doctor Dreesstraat;Silvolde;1,5;9,8;0,7;3,5;0,3;1,7
20;NL:Q:41970050;Dorpsstraat;Laren;65,3;65,3;27,3;31,7;16,4;13,0
20;NL:Q:41970060;Dorpsstraat;Laren;1,7;2,0;0,6;0,8;0,5;0,8
20;NL:Q:41970090;Maalderij Jansen;Laren;6,8;1,4;1,3;0,7;1,2;0,4
20;NL:Q:41970100;Maalderij Jansen;Laren;3,3;11,6;1,4;3,1;0,8;1,4
20;NL:Q:41970110;Slootsmid;Laren;0,1;0,0;0,0;0,0;0,0;0,0
20;NL:Q:41970120;Slootsmid;Laren;1,3;1,8;0,1;0,5;0,0;0,0
20;NL:Q:41970140;Lindenbergsedijk;Laren;0,1;0,2;0,1;0,2;0,0;0,0
20;NL:Q:41970150;Rossweg;Laren;0,1;0,0;0,0;0,0;0,0;0,0
20;NL:Q:41970160;Rossweg;Laren;0,3;0,5;0,2;0,7;0,0;0,0
20;NL:Q:41970170;Markeloseweg;Laren;3,5;0,9;1,8;1,1;0,0;0,0
20;NL:Q:41970180;Voormalig Station;Almen;1,0;1,2;0,3;0,8;0,0;0,0
20;NL:Q:41972000;Markeloseweg;Laren;0,2;0,0;0,2;0,0;0,0;0,0
20;NL:Q:42020030;Almende College;Ulft;5,6;7,1;0,0;0,0;0,0;0,0
20;NL:Q:42020050;Berghseweg;Ulft;79,1;0,5;20,9;0,1;13,3;0,1
20;NL:Q:42020060;Berghseweg;Ulft;1,2;61,8;0,4;16,0;0,4;8,5
20;NL:Q:42020070;Debbeshoek;Ulft;35,5;2,9;12,4;1,4;6,6;0,7
20;NL:Q:42020080;Debbeshoek;Ulft;2,0;43,0;1,1;16,5;0,5;7,9
20;NL:Q:42020090;DRU Industriepark;Ulft;1,6;56,9;0,3;16,1;0,5;8,0
20;NL:Q:42020100;DRU Industriepark;Ulft;53,6;1,4;13,7;0,7;9,8;0,3
20;NL:Q:42020110;Thorbeckestraat;Ulft;19,4;0,8;5,0;0,1;3,2;0,1
20;NL:Q:42020120;Thorbeckestraat;Ulft;0,8;22,2;0,1;5,8;0,2;2,3
20;NL:Q:42020130;Kerk Ulft Noord;Ulft;33,7;0,8;8,6;0,2;4,1;0,1
20;NL:Q:42020140;Kerk Ulft Noord;Ulft;0,6;32,3;0,1;8,8;0,2;4,8
20;NL:Q:42020160;Riezenweg;Ulft;0,6;13,6;0,1;1,4;0,0;0,6
20;NL:Q:42020210;Riezenweg;Ulft;13,5;0,9;1,6;0,1;0,7;0,1
20;NL:Q:42020220;Ulftseweg;Bontebrug;0,0;1,4;0,0;0,1;0,0;0,0
20;NL:Q:42020230;Ulftseweg;Bontebrug;0,1;0,1;0,0;0,0;0,0;0,0
20;NL:Q:42021010;Rijnweg;Gendringen;37,7;4,7;10,3;2,4;5,8;1,5
20;NL:Q:42021020;Rijnweg;Gendringen;1,0;69,1;0,8;19,8;0,2;11,2
20;NL:Q:42021030;Wesenthorstlaan;Ulft;38,0;0,2;8,4;0,1;5,0;0,0
20;NL:Q:42021040;Wesenthorstlaan;Ulft;0,2;34,5;0,0;7,7;0,1;4,1
20;NL:Q:42021120;Weg achter de Blenk;Oude IJsselstreek;3,8;4,3;0,2;0,2;0,0;0,1
20;NL:Q:42021150;Weg achter de Blenk;Oude IJsselstreek;5,3;2,8;0,1;0,2;0,1;0,1
20;NL:Q:42026030;Dorp;Varsselder;0,5;0,6;0,0;0,0;0,0;0,0
20;NL:Q:42026040;Dorp;Varsselder;0,3;1,4;0,0;0,0;0,0;0,0
20;NL:Q:42026050;Ter Voert;Megchelen;2,5;1,9;0,1;0,1;0,0;0,0
20;NL:Q:42026070;Kerkplein;Gendringen;93,3;50,7;29,8;15,5;17,1;8,7
20;NL:Q:42210010;Brokkenstraat;Breedenbroek;1,2;0,2;0,4;0,0;0,1;0,0
20;NL:Q:42210030;Hebinck;Breedenbroek;7,5;0,4;1,7;0,1;1,0;0,0
20;NL:Q:42210040;Hebinck;Breedenbroek;0,7;8,6;0,0;1,7;0,0;1,4
20;NL:Q:42210050;Weg naar De Heurne;Dinxperlo;16,3;1,5;4,5;0,2;3,4;0,0
20;NL:Q:42210051;Weg naar De Heurne;Dinxperlo;1,4;20,8;0,3;6,0;0,0;3,7
20;NL:Q:42210060;Weg naar De Heurne;Dinxperlo;6,4;4,3;0,0;0,0;0,1;0,1
20;NL:Q:42210070;Groene Kruis;Dinxperlo;23,8;0,4;5,2;0,2;3,8;0,1
20;NL:Q:42210071;Groene Kruis;Dinxperlo;2,3;28,8;0,2;5,7;0,0;3,9
20;NL:Q:42210090;;;0,0;0,5;0,0;0,3;0,0;0,2
20;NL:Q:42210091;Willem van Oranjeplein;Dinxperlo;97,0;87,9;20,0;19,1;12,4;10,6
20;NL:Q:42210290;De Prins;Breedenbroek;0,0;0,0;0,0;0,0;0,0;0,0
20;NL:Q:42210300;De Prins;Breedenbroek;0,1;0,0;0,0;0,0;0,0;0,0
20;NL:Q:42211310;De Kroeze;Breedenbroek;0,0;0,1;0,0;0,0;0,0;0,0
20;NL:Q:42211320;De Kroeze;Breedenbroek;0,1;0,0;0,0;0,0;0,0;0,0
20;NL:Q:42213010;Bohnenweide;Breedenbroek;2,8;0,4;0,3;0,0;0,8;0,0
20;NL:Q:42213020;Bohnenweide;Breedenbroek;0,5;3,2;0,0;0,9;0,1;0,5
20;NL:Q:42213110;Kerk;De Heurne;0,4;1,5;0,0;0,0;0,0;0,0
20;NL:Q:42213120;Kerk;De Heurne;1,3;0,4;0,1;0,0;0,0;0,0
20;NL:Q:42213160;Bruggink;De Heurne;1,9;1,4;0,1;0,0;0,0;0,0
20;NL:Q:42213170;Bruggink;De Heurne;1,0;1,3;0,0;0,1;0,0;0,0
20;NL:Q:42220017;Centrum;Aalten;0,8;0,4;0,1;0,0;0,0;0,0
20;NL:Q:42220018;Centrum;Aalten;0,0;1,0;0,0;0,1;0,0;0,0
20;NL:Q:42220019;Zonneheuvel;Aalten;0,5;0,4;0,0;0,0;0,0;0,0
20;NL:Q:42220020;Zonneheuvel;Aalten;0,2;0,9;0,0;0,0;0,0;0,0
20;NL:Q:42220021;'t Walfort;Aalten;0,4;1,1;0,0;0,0;0,0;0,0
20;NL:Q:42220022;'t Walfort;Aalten;0,3;0,4;0,0;0,0;0,0;0,0
20;NL:Q:42220023;Tramstraat;Breedevoort;2,1;4,5;0,1;0,2;0,0;0,0
20;NL:Q:42220024;Tramstraat;Breedevoort;5,0;1,9;0,2;0,1;0,1;0,0
20;NL:Q:42220110;De Pol;Aalten;1,3;0,3;0,0;0,0;0,0;0,0
20;NL:Q:42220120;De Pol;Aalten;0,1;1,1;0,0;0,0;0,0;0,0
20;NL:Q:42220130;Ludgerstraat;Aalten;0,2;1,6;0,0;0,1;0,0;0,0
20;NL:Q:42220140;Ludgerstraat;Aalten;0,0;0,1;0,0;0,0;0,0;0,0
20;NL:Q:42220150;Station;Aalten;39,8;36,8;1,2;1,0;0,3;0,2
20;NL:Q:42220170;Admiraal de Ruyterstraat;Aalten;0,1;3,6;0,0;0,1;0,0;0,0
20;NL:Q:42220180;Admiraal de Ruyterstraat;Aalten;0,8;0,1;0,0;0,0;0,0;0,0
20;NL:Q:42220290;Dijkstraat;Aalten;0,7;0,1;0,0;0,0;0,0;0,1
20;NL:Q:42340010;Domme Aanleg;Barlo;0,6;0,3;0,0;0,0;0,0;0,0
20;NL:Q:42340020;Domme Aanleg;Barlo;0,2;0,8;0,0;0,0;0,0;0,0
20;NL:Q:42340030;AZC Groot Deunk;Barlo;0,0;0,1;0,0;0,0;0,0;0,0
20;NL:Q:42340040;AZC Groot Deunk;Barlo;0,1;0,0;0,0;0,0;0,0;0,0
20;NL:Q:42400010;Kwekerij Gelria;Winterswijk;0,1;0,4;0,1;0,1;0,0;0,0
20;NL:Q:42400090;De Harmonie;Winterswijk;24,6;1,4;2,7;0,3;0,1;0,0
20;NL:Q:42400100;De Harmonie;Winterswijk;1,0;26,4;0,2;2,5;0,0;0,1
20;NL:Q:42400110;De Peperbus;Winterswijk;1,3;33,3;0,1;8,0;0,0;0,3
20;NL:Q:42400120;De Peperbus;Winterswijk;31,3;2,0;6,6;0,4;0,2;0,0
20;NL:Q:42400130;Ziekenhuis;Winterswijk;19,3;2,8;2,2;0,2;0,2;0,0
20;NL:Q:42400140;Ziekenhuis;Winterswijk;2,1;26,0;0,3;2,5;0,0;0,1
20;NL:Q:42400190;Busstation;Winterswijk;102,9;0,3;11,8;0,1;0,2;0,0
20;NL:Q:42400470;De Driemark;Winterswijk;6,5;5,3;1,0;0,4;0,0;0,0
20;NL:Q:42400480;De Driemark;Winterswijk;0,8;10,5;0,0;1,4;0,0;0,0
20;NL:Q:42400590;Pelkwijk;Winterswijk;12,3;8,6;0,8;0,3;0,1;0,0
20;NL:Q:42400600;Pelkwijk;Winterswijk;5,9;12,8;0,2;1,3;0,0;0,1
20;NL:Q:42400630;Kloetenseweg;Winterswijk;16,6;7,3;1,6;0,7;0,0;0,0
20;NL:Q:42400640;Kloetenseweg;Winterswijk;6,9;17,8;0,2;1,3;0,0;0,1
20;NL:Q:42400650;Vredensehof;Winterswijk;16,7;9,4;2,0;0,8;0,1;0,1
20;NL:Q:42400660;Vredensehof;Winterswijk;8,3;14,6;0,8;1,9;0,1;0,1
20;NL:Q:42400692;Jaspersweg;Winterswijk;0,4;11,4;0,3;1,9;0,0;0,0
20;NL:Q:42400693;Jaspersweg;Winterswijk;11,8;0,8;1,8;0,3;0,0;0,0
20;NL:Q:42500070;Weg naar Meddo;Meddo;0,2;12,3;0,0;0,3;0,0;0,0
20;NL:Q:42500080;Weg naar Meddo;Meddo;2,5;0,3;0,1;0,1;0,0;0,0
20;NL:Q:42500120;Kwekerij Gelria;Winterswijk;0,2;0,1;0,0;0,1;0,0;0,0
20;NL:Q:42510010;Kroezenhoek;Kroezenhoek;0,1;0,6;0,0;0,4;0,1;0,2
20;NL:Q:42510030;Marmelhorst;Kroezenhoek;0,1;1,5;0,0;0,4;0,0;0,2
20;NL:Q:42510040;Marmelhorst;Kroezenhoek;1,8;0,1;0,2;0,0;0,1;0,0
20;NL:Q:42510060;Brokkenstraat;Breedenbroek;0,0;0,3;0,0;0,5;0,1;0,2
20;NL:Q:42510230;Keurhorsterweg;Sinderen;0,0;0,5;0,0;0,0;0,0;0,0
20;NL:Q:42510240;Keurhorsterweg;Sinderen;0,0;0,1;0,0;0,0;0,0;0,0
20;NL:Q:42510270;Luimesweg;Sinderen;0,0;0,1;0,0;0,0;0,0;0,0
20;NL:Q:42510280;Luimesweg;Sinderen;0,2;0,1;0,0;0,0;0,0;0,0
20;NL:Q:42510310;Klok;Sinderen;0,2;1,2;0,0;0,0;0,0;0,0
20;NL:Q:42510320;Klok;Sinderen;1,6;0,0;0,0;0,0;0,0;0,0
20;NL:Q:42610060;Kroezenhoek;Kroezenhoek;0,4;0,1;0,0;0,0;0,2;0,1
20;NL:Q:43000010;Centraal Station;Enschede;291,0;351,5;7,2;10,6;0,8;1,5
20;NL:Q:43000011;Centraal Station;Enschede;219,8;0,4;5,2;0,0;0,9;0,0
20;NL:Q:43000040;Van Heekplein;Enschede;75,7;11,4;3,8;0,4;0,9;0,1
20;NL:Q:43000045;Van Heekplein;Enschede;4,4;173,7;0,2;3,8;0,0;1,3
20;NL:Q:43000050;MST Haaksbergerstraat;Enschede;31,5;48,1;1,0;1,3;0,1;0,1
20;NL:Q:43001830;Rabobank;Enschede;5,5;2,5;0,3;0,0;0,0;0,0
20;NL:Q:43001840;Rabobank;Enschede;6,0;5,7;0,2;0,2;0,1;0,1
20;NL:Q:43001850;P+R Zuiderval;Enschede;46,4;7,4;1,1;0,4;0,1;0,1
20;NL:Q:43001860;P+R Zuiderval;Enschede;15,1;51,2;0,5;1,3;0,2;0,1
20;NL:Q:43130010;Platinastraat;Hengelo;0,1;0,7;0,0;0,0;0,1;0,2
20;NL:Q:43130030;Bellersweg;Beckum;0,0;0,0;0,0;0,0;0,0;0,0
20;NL:Q:43130040;Bellersweg;Beckum;0,0;0,0;0,0;0,0;0,0;0,0
20;NL:Q:43130080;Wolfkaterweg;Beckum;0,2;0,0;0,0;0,0;0,0;0,0
20;NL:Q:43130090;R.K. Kerk;Beckum;0,0;0,3;0,0;0,0;0,0;0,1
20;NL:Q:43130100;R.K. Kerk;Beckum;0,1;0,0;0,0;0,0;0,3;0,0
20;NL:Q:43130140;Bentelerweg;Beckum;0,0;0,0;0,0;0,0;0,0;0,0
20;NL:Q:43210850;Lansinkesweg;Hengelo;0,6;0,3;0,0;0,0;0,0;0,0
20;NL:Q:43211019;Centraal Station;Hengelo;4,9;0,0;0,0;0,0;1,2;0,0
20;NL:Q:43211021;Centraal Station;Hengelo;0,0;2,9;0,0;0,0;0,0;2,3
20;NL:Q:43212810;Buitenweg;Hengelo;0,1;0,1;0,0;0,0;0,0;0,0
20;NL:Q:43212830;Geerdinksweg;Hengelo;0,1;0,1;0,0;0,0;0,0;0,0
20;NL:Q:43212840;Geerdinksweg;Hengelo;0,1;0,0;0,0;0,0;0,0;0,0
20;NL:Q:43212850;IJsselstraat;Hengelo;0,0;0,1;0,0;0,0;0,0;0,0
20;NL:Q:43212860;IJsselstraat;Hengelo;0,1;0,0;0,0;0,0;0,0;0,0
20;NL:Q:43212870;Vockersweg;Hengelo;0,0;0,4;0,0;0,0;0,0;0,0
20;NL:Q:43212880;Vockersweg;Hengelo;0,2;0,1;0,0;0,0;0,0;0,0
20;NL:Q:43212900;Platinastraat;Hengelo;0,2;0,1;0,0;0,0;0,1;0,0
20;NL:Q:43212910;Dieselstraat;Hengelo;0,1;0,0;0,0;0,0;0,1;0,0
20;NL:Q:43212920;Dieselstraat;Hengelo;0,0;0,1;0,0;0,0;0,0;0,0
20;NL:Q:43230010;Bentelerweg;Stepelo;0,0;0,0;0,0;0,0;0,0;0,0
20;NL:Q:43230030;Beckummerweg;Stepelo;0,0;0,0;0,0;0,0;0,0;0,0
20;NL:Q:43230040;Beckummerweg;Stepelo;0,0;0,0;0,0;0,0;0,0;0,0
20;NL:Q:43230050;Deelweg;Stepelo;0,0;0,0;0,0;0,0;0,0;0,0
20;NL:Q:43230060;Deelweg;Stepelo;0,0;0,0;0,0;0,0;0,0;0,0
20;NL:Q:43230070;Hulstweg;Stepelo;0,0;0,0;0,0;0,0;0,0;0,0
20;NL:Q:43230080;Hulstweg;Stepelo;0,0;0,0;0,0;0,0;0,0;0,0
20;NL:Q:43230110;Metaalstraat;Haaksbergen;0,0;0,1;0,0;0,0;0,0;0,0
20;NL:Q:43230120;Metaalstraat;Haaksbergen;0,0;0,1;0,0;0,0;0,0;0,0
20;NL:Q:43230140;Veldmaterstraat;Haaksbergen;0,0;0,4;0,0;0,0;0,0;0,1
20;NL:Q:44010050;Wolfersveen;Zelhem;3,7;5,8;0,4;2,1;0,9;0,9
20;NL:Q:44010060;Wolfersveen;Zelhem;5,6;3,5;1,5;0,8;1,1;0,2
20;NL:Q:44010090;Het Zonnetje;Zelhem;1,9;3,0;0,6;2,3;0,2;0,6
20;NL:Q:44010100;Het Zonnetje;Wolfersveen;2,8;1,5;1,5;0,9;1,6;0,6
20;NL:Q:44020030;Generaalsweg;Heelweg;0,0;0,1;0,0;0,0;0,0;0,0
20;NL:Q:44020040;Generaalsweg;Heelweg;0,0;0,0;0,0;0,0;0,0;0,0
20;NL:Q:44020110;Aaltenseweg;Varsseveld;7,5;8,6;11,5;2,1;13,3;1,1
20;NL:Q:44020120;Aaltenseweg;Varsseveld;7,1;4,9;0,9;1,3;0,1;0,5
20;NL:Q:44020130;Den Es;Varsseveld;32,8;38,2;1,1;1,0;0,0;0,0
20;NL:Q:44020141;Den Es;Varsseveld;31,7;29,3;0,8;0,5;0,0;0,0
20;NL:Q:44020151;Prinsenhof;Varsseveld;0,5;0,1;0,0;0,0;0,0;0,0
20;NL:Q:44020161;Prinsenhof;Varsseveld;0,1;0,5;0,0;0,0;0,0;0,0
20;NL:Q:44020310;Duthler;Varsseveld;0,4;0,8;0,0;0,0;0,0;0,0
20;NL:Q:44020320;Duthler;Varsseveld;0,5;0,3;0,0;0,0;0,0;0,0
20;NL:Q:44021050;Station;Varsseveld;29,5;96,8;0,9;52,1;0,3;37,2
20;NL:Q:44021060;;;93,6;24,2;39,0;1,5;50,2;0,4
20;NL:Q:44022030;Twenteroute;Varsseveld;0,0;0,1;0,0;0,0;0,0;0,0
20;NL:Q:44022040;Twenteroute;Varsseveld;0,0;0,0;0,0;0,0;0,0;0,0
20;NL:Q:44030010;Sluiskes;Lintelo;0,4;0,5;0,0;0,0;0,0;0,0
20;NL:Q:44030020;Sluiskes;Lintelo;0,3;0,6;0,0;0,0;0,0;0,0
20;NL:Q:44100070;Crematorium;Usselo;2,1;2,2;0,0;0,1;0,0;0,0
20;NL:Q:44100080;Crematorium;Enschede;2,0;2,9;0,1;0,1;0,0;0,0
20;NL:Q:44300050;Weg naar Veldmaat;Haaksbergen;10,9;61,1;0,7;2,5;0,0;0,0
20;NL:Q:44300060;Weg naar Veldmaat;Haaksbergen;47,4;9,8;1,6;0,8;0,0;0,0
20;NL:Q:44300070;Blanckenborgh;Haaksbergen;4,8;17,1;0,0;0,1;0,0;0,0
20;NL:Q:44300080;Blanckenborgh;Haaksbergen;9,5;3,6;0,0;0,0;0,0;0,0
20;NL:Q:44300110;Busstation;Haaksbergen;94,3;79,5;108,1;0,4;77,7;1,2
20;NL:Q:44300111;Busstation;Haaksbergen;34,9;17,9;0,1;0,1;0,0;0,0
20;NL:Q:44300112;Busstation;Haaksbergen;26,1;39,3;0,3;43,2;0,3;41,1
20;NL:Q:44300130;Lansinkstraat;Haaksbergen;0,0;0,9;0,0;4,5;0,0;6,2
20;NL:Q:44300140;Lansinkstraat;Haaksbergen;0,0;0,1;0,0;0,0;0,2;0,0
20;NL:Q:44300150;Scholtenhage;Haaksbergen;13,0;42,3;17,3;36,7;10,4;35,8
20;NL:Q:44300160;Scholtenhage;Haaksbergen;8,8;32,1;0,6;39,3;0,3;37,8
20;NL:Q:44300270;Wiedenbroeksingel;Haaksbergen;1,1;1,4;0,0;0,0;0,7;0,3
20;NL:Q:44300280;Wiedenbroeksingel;Haaksbergen;0,0;0,2;0,0;0,0;0,0;0,1
20;NL:Q:44300310;Mr. Eenhuisstraat;Haaksbergen;0,3;0,3;0,0;0,0;0,1;0,0
20;NL:Q:44300320;Mr. Eenhuisstraat;Haaksbergen;0,2;0,2;0,0;0,0;0,0;0,1
20;NL:Q:44301050;Veldmaterstraat;Haaksbergen;0,3;0,0;0,0;0,0;0,2;0,0
20;NL:Q:44340030;Staring College;Lochem;22,7;29,0;5,6;2,3;4,1;0,8
20;NL:Q:44340040;Staring College;Lochem;26,5;18,2;2,1;7,0;0,9;3,4
20;NL:Q:44340090;Vakantiepark Ruighenrode;Lochem;1,7;2,8;0,0;0,1;0,0;0,0
20;NL:Q:44400110;Rietmolen;Rietmolen;0,1;0,0;0,0;0,0;0,0;0,0
20;NL:Q:44400120;Rietmolen;Rietmolen;0,0;0,1;0,0;0,0;0,0;0,0
20;NL:Q:44400140;Kerk;Rietmolen;0,3;0,0;0,0;0,0;0,0;0,0
20;NL:Q:44400150;Kerk;Rietmolen;0,1;0,4;0,0;0,0;0,0;0,0
20;NL:Q:44410010;Kerkemeijer;Rekken;1,8;2,0;0,0;0,0;0,0;0,1
20;NL:Q:44410030;Lindevoort;Rekken;4,2;2,2;0,1;0,0;0,0;0,0
20;NL:Q:44410070;Doctor Slotlaan;Rekken;0,9;1,0;0,0;0,0;0,0;0,0
20;NL:Q:44410090;Camping Den Borg;Rekken;1,2;1,4;0,0;0,0;0,0;0,0
20;NL:Q:44410110;Cafe Rotering;Rekken;0,2;0,7;0,0;0,0;0,0;0,0
20;NL:Q:44500175;Busstation;Neede;0,0;0,0;0,0;0,0;0,0;0,0
20;NL:Q:44500177;Busstation;Neede;0,1;73,2;0,3;25,7;0,0;18,2
20;NL:Q:44500210;De Valkhof;Neede;0,3;0,1;0,0;0,0;0,0;0,0
20;NL:Q:44500220;De Valkhof;Neede;0,1;0,2;0,0;0,0;0,0;0,0
20;NL:Q:44500230;De Huikert;Neede;0,1;0,0;0,0;0,0;0,0;0,0
20;NL:Q:44500240;De Huikert;Neede;0,0;0,4;0,0;0,0;0,0;0,0
20;NL:Q:44500250;Christelijke School;Neede;0,4;0,1;0,1;0,0;0,0;0,0
20;NL:Q:44500260;Christelijke School;Neede;0,2;0,5;0,0;0,0;0,0;0,0
20;NL:Q:44500310;Diekmaatschool;Neede;14,8;1,1;2,4;0,3;1,4;0,1
20;NL:Q:44500320;Diekmaatschool;Neede;0,3;17,8;0,1;3,0;0,0;2,5
20;NL:Q:44500330;Rozenboom;Neede;0,1;1,2;0,0;0,2;0,2;0,2
20;NL:Q:44500340;Rozenboom;Neede;0,8;0,1;0,1;0,0;0,1;0,1
20;NL:Q:44500350;Hulshof;Eibergen;0,1;0,1;0,2;0,1;0,1;0,0
20;NL:Q:44500360;Hulshof;Eibergen;0,1;0,3;0,0;0,2;0,0;0,1
20;NL:Q:44500370;Transformator;Eibergen;0,1;0,0;0,0;0,0;0,0;0,0
20;NL:Q:44500380;Transformator;Eibergen;0,0;0,1;0,0;0,0;0,0;0,0
20;NL:Q:44500390;Peppeldijk;Eibergen;0,5;0,3;0,1;0,1;0,0;0,0
20;NL:Q:44500400;Peppeldijk;Eibergen;0,4;0,5;0,2;0,0;0,1;0,2
20;NL:Q:44500430;Garage Grooters;Eibergen;77,8;121,0;24,6;38,1;16,1;21,2
20;NL:Q:44500440;Garage Grooters;Eibergen;136,9;74,3;46,6;26,5;23,5;16,3
20;NL:Q:44500450;Viersprong;Eibergen;102,3;82,4;21,9;22,3;13,8;14,4
20;NL:Q:44500460;Viersprong;Eibergen;83,5;94,9;17,2;19,5;16,5;12,6
20;NL:Q:44500510;Industrieweg;Neede;4,2;14,3;0,5;3,1;0,3;1,7
20;NL:Q:44500520;Industrieweg;Neede;3,3;12,3;0,9;1,6;0,3;0,9
20;NL:Q:44500550;De Meergaarden;Eibergen;0,9;0,6;0,0;0,1;0,1;0,0
20;NL:Q:44500570;Bartelinksgang;Eibergen;0,6;1,1;0,0;0,0;0,0;0,0
20;NL:Q:44500590;Hassink;Noordijk;0,5;1,6;0,0;0,0;0,0;0,0
20;NL:Q:44500600;Hassink;Noordijk;0,9;0,2;0,0;0,0;0,0;0,0
20;NL:Q:44501190;Meijersweg;Neede;0,0;0,0;0,0;0,0;0,0;0,0
20;NL:Q:44501200;Meijersweg;Neede;0,0;0,1;0,0;0,0;0,0;0,0
20;NL:Q:44501210;Busstation;Neede;0,3;2,7;0,0;0,2;0,0;0,0
20;NL:Q:44501220;Busstation;Neede;76,4;1,5;23,9;0,5;15,7;0,6
20;NL:Q:44501230;Oude Politiebureau;Neede;0,0;0,0;0,0;0,0;0,0;0,0
20;NL:Q:44501240;Oude Politiebureau;Neede;0,0;0,0;0,0;0,0;0,0;0,0
20;NL:Q:44600030;Cafe De Keet;Hupsel;0,8;0,5;0,1;0,1;0,1;0,0
20;NL:Q:44600040;Cafe De Keet;Hupsel;0,6;0,9;0,2;0,2;0,0;0,1
20;NL:Q:44600090;Den Sliem;Groenlo;1,8;1,5;0,2;0,2;0,1;0,1
20;NL:Q:44600100;Den Sliem;Groenlo;1,1;1,8;0,1;0,3;0,2;0,1
20;NL:Q:44600131;Busstation;Groenlo;183,8;217,7;43,4;38,9;29,8;10,8
20;NL:Q:44600132;Busstation;Groenlo;47,7;94,1;9,5;36,1;6,3;26,5
20;NL:Q:44600133;Busstation;Groenlo;114,0;79,5;17,1;38,9;10,0;22,8
20;NL:Q:44600134;Busstation;Groenlo;102,8;73,6;23,2;2,4;0,3;0,4
20;NL:Q:44600135;Busstation;Groenlo;83,5;47,0;29,5;8,0;28,4;4,8
20;NL:Q:44600136;Busstation;Groenlo;11,0;0,8;0,2;0,1;0,2;0,1
20;NL:Q:44600200;Het Blik;Groenlo;0,2;0,6;0,0;0,0;0,0;0,0
20;NL:Q:44600210;Het Blik;Groenlo;0,5;0,9;0,0;0,0;0,0;0,0
20;NL:Q:44600220;De Molenberg;Groenlo;0,1;4,4;0,0;0,1;0,0;0,0
20;NL:Q:44600230;De Molenberg;Groenlo;1,5;0,3;0,0;0,0;0,0;0,0
20;NL:Q:44600240;Gezondheidscentrum;Groenlo;0,6;1,0;0,0;0,0;0,0;0,0
20;NL:Q:44600390;Hartreize;Groenlo;41,5;12,1;17,0;3,4;12,7;2,2
20;NL:Q:44600400;Hartreize;Groenlo;6,9;43,6;2,4;18,6;1,7;13,6
20;NL:Q:44600410;;;0,0;0,1;0,0;0,0;0,0;0,0
20;NL:Q:44600430;;;0,0;0,0;0,0;0,0;0,0;0,0
20;NL:Q:44610010;Ellenkamp;Haarlo;1,0;1,6;0,1;0,1;0,0;0,0
20;NL:Q:44610020;Ellenkamp;Haarlo;1,5;1,6;0,0;0,0;0,0;0,0
20;NL:Q:44700050;Erve Kots;Lievelde;0,2;0,7;0,1;0,3;0,1;0,3
20;NL:Q:44700060;Erve Kots;Lievelde;0,1;0,2;0,1;0,2;0,1;0,4
20;NL:Q:44700070;Station;Lievelde;181,1;105,0;71,0;32,4;53,4;28,0
20;NL:Q:44710050;Busstation;Borculo;284,7;249,8;91,6;78,5;57,7;64,8
20;NL:Q:44710052;Busstation;Borculo;21,9;21,2;3,2;1,6;2,7;2,2
20;NL:Q:44710070;Cycloonpark;Borculo;0,9;42,2;0,4;13,8;0,2;8,6
20;NL:Q:44710080;Cycloonpark;Borculo;34,6;1,9;12,5;0,8;8,4;0,9
20;NL:Q:44710110;Snofhutte;Borculo;6,9;16,8;0,5;4,0;0,4;2,1
20;NL:Q:44710120;Snofhutte;Borculo;13,5;5,2;3,0;0,2;1,9;0,4
20;NL:Q:44710160;Leostichting;Borculo;20,0;24,6;0,6;0,6;0,0;0,0
20;NL:Q:44710210;'t Hof;Borculo;1,6;2,0;0,1;0,0;0,0;0,0
20;NL:Q:44710220;'t Hof;Borculo;0,0;0,8;0,0;0,0;0,0;0,0
20;NL:Q:44710410;Graaf Wichmanstraat;Borculo;0,6;11,2;0,2;2,0;0,1;3,0
20;NL:Q:44710420;Graaf Wichmanstraat;Borculo;0,2;0,7;0,0;0,8;0,0;0,2
20;NL:Q:44710450;Bejaardencentrum;Borculo;6,6;3,1;3,3;0,8;1,5;0,6
20;NL:Q:44710460;Bejaardencentrum;Borculo;1,9;13,3;0,6;5,5;0,3;3,1
20;NL:Q:44710470;Berkellaan;Borculo;17,5;7,8;4,6;1,6;5,3;1,3
20;NL:Q:44710480;Berkellaan;Borculo;9,6;13,4;1,0;4,5;1,1;2,9
20;NL:Q:44710490;De Prikke;Borculo;0,2;0,7;0,3;0,3;0,3;0,1
20;NL:Q:44710500;De Prikke;Borculo;0,6;0,4;0,0;0,3;0,1;0,4
20;NL:Q:44710520;Beekvliet;Barchem;0,7;0,3;0,1;0,1;0,1;0,2
20;NL:Q:44710550;Kamerlingh Onnesstraat;Borculo;0,2;0,2;0,0;0,0;0,0;0,0
20;NL:Q:44710560;Kamerlingh Onnesstraat;Borculo;0,2;0,3;0,0;0,0;0,0;0,0
20;NL:Q:44730010;Dute;Beltrum;2,1;1,1;0,0;0,1;0,1;0,0
20;NL:Q:44730020;Dute;Beltrum;1,3;2,5;0,1;0,0;0,0;0,1
20;NL:Q:44740041;De Pessink;Epse;11,7;10,8;5,0;7,0;5,5;3,4
20;NL:Q:44740042;De Pessink;Epse;1,5;6,2;0,9;2,7;0,3;0,8
20;NL:Q:44800023;Driehoek;Lichtenvoorde;0,0;0,3;0,0;0,0;0,0;0,0
20;NL:Q:44800024;Driehoek;Lichtenvoorde;18,0;48,9;6,6;21,9;5,1;13,6
20;NL:Q:44800030;Mercatorstraat;Lichtenvoorde;3,1;2,6;0,1;0,1;0,0;0,0
20;NL:Q:44800040;Mercatorstraat;Lichtenvoorde;2,5;3,4;0,1;0,0;0,0;0,0
20;NL:Q:44800050;Richterslaan;Lichtenvoorde;0,5;0,7;0,0;0,1;0,0;0,0
20;NL:Q:44800060;Richterslaan;Lichtenvoorde;0,7;0,6;0,0;0,0;0,0;0,0
20;NL:Q:44800070;Galileistraat;Lichtenvoorde;7,4;2,4;0,2;0,1;0,0;0,0
20;NL:Q:44800080;Galileistraat;Lichtenvoorde;19,8;25,7;1,1;3,4;0,3;3,8
20;NL:Q:44800110;Edisonstraat;Lichtenvoorde;0,9;0,8;0,0;0,0;0,0;0,0
20;NL:Q:44800120;Edisonstraat;Lichtenvoorde;0,8;0,4;0,0;0,0;0,0;0,0
20;NL:Q:44800130;Hagenstraat;Lichtenvoorde;0,2;1,7;0,0;0,0;0,0;0,0
20;NL:Q:44800140;Hagenstraat;Lichtenvoorde;1,8;0,6;0,1;0,0;0,0;0,0
20;NL:Q:44800170;Twenteroute;Lichtenvoorde;275,9;270,5;59,8;57,1;49,5;36,1
20;NL:Q:44800220;Wentholtpark;Lichtenvoorde;0,0;0,1;0,0;0,0;0,0;0,0
20;NL:Q:44800250;Zuid;Lichtenvoorde;15,4;0,7;2,0;0,5;2,0;0,4
20;NL:Q:44800260;Zuid;Lichtenvoorde;6,9;15,9;0,9;2,6;1,3;1,6
20;NL:Q:44802230;Wentholtpark;Lichtenvoorde;37,0;37,9;11,1;13,6;8,8;8,0
20;NL:Q:44802240;Meidoornstraat;Lichtenvoorde;47,0;47,0;11,4;11,4;9,3;9,2
20;NL:Q:44802270;;;41,0;33,8;12,2;11,9;9,9;7,5
20;NL:Q:44810050;Weg naar Vosheuvel;Ruurlo;0,5;3,1;0,2;1,0;0,1;0,4
20;NL:Q:44810060;Weg naar Vosheuvel;Ruurlo;2,6;0,4;0,6;0,1;0,8;0,1
20;NL:Q:44810090;Haarskamp;Ruurlo;18,6;20,2;4,2;5,2;2,8;2,9
20;NL:Q:44810100;Haarskamp;Ruurlo;3,1;0,0;0,1;0,0;0,0;0,0
20;NL:Q:44810170;Station;Ruurlo;87,1;87,0;33,1;18,8;23,9;10,8
20;NL:Q:44810180;Station;Ruurlo;78,5;86,0;19,1;28,6;8,4;24,1
20;NL:Q:44811070;Leostichting;Borculo;13,4;9,6;0,2;0,1;0,0;0,0
20;NL:Q:44811110;'t Rikkelder;Ruurlo;13,2;15,4;6,8;3,4;4,0;1,9
20;NL:Q:44811120;'t Rikkelder;Ruurlo;15,4;11,5;3,0;7,8;1,1;3,5
20;NL:Q:44811140;Nijenhuis;Ruurlo;0,0;0,1;0,0;0,0;0,0;0,0
20;NL:Q:44811150;Nijenhuis;Ruurlo;0,1;0,1;0,0;0,0;0,0;0,0
20;NL:Q:44813100;De Bundeling;Ruurlo;1,7;1,2;0,1;0,1;0,0;0,0
20;NL:Q:44850010;Beekvliet;Barchem;0,2;0,6;0,1;0,2;0,6;0,1
20;NL:Q:44850030;Viersprong;Barchem;0,2;0,4;0,1;0,0;0,3;0,1
20;NL:Q:44850040;Viersprong;Barchem;0,2;0,2;0,0;0,0;0,1;0,2
20;NL:Q:44850070;Centrum;Barchem;8,1;9,5;4,2;3,1;3,7;1,1
20;NL:Q:44850080;Centrum;Barchem;10,1;8,0;2,1;5,7;1,4;2,6
20;NL:Q:44850090;Woodbrookers;Barchem;1,2;0,9;0,7;0,5;1,2;0,3
20;NL:Q:44850100;Woodbrookers;Barchem;0,4;1,3;0,4;1,6;0,4;0,8
20;NL:Q:44850130;Dollehoedsdijk;Barchem;4,4;1,0;1,5;0,8;1,4;0,4
20;NL:Q:44850140;Dollehoedsdijk;Barchem;1,0;4,9;0,5;1,9;0,3;0,7
20;NL:Q:44900050;Harreveld;Harreveld;18,3;26,4;4,1;6,2;3,6;11,3
20;NL:Q:44900060;Harreveld;Harreveld;28,2;23,2;9,3;7,3;4,3;7,1
20;NL:Q:44900090;Radstake;Heelweg;5,1;5,7;1,4;1,7;1,3;0,6
20;NL:Q:44900100;Radstake;Heelweg;5,8;5,5;0,8;1,5;0,8;0,9
20;NL:Q:44910030;'t Sikkeler;Ruurlo;2,8;2,3;0,6;0,6;0,3;0,2
20;NL:Q:44910040;'t Sikkeler;Ruurlo;1,6;2,4;0,3;0,8;0,2;0,2
20;NL:Q:44910070;Cafe Wentink;Veldhoek;3,1;6,8;1,3;2,1;1,0;1,0
20;NL:Q:44910080;Cafe Wentink;Veldhoek;6,0;3,3;2,2;2,2;1,8;0,7
20;NL:Q:44930010;R.K. Kerk;Zieuwent;0,8;1,3;0,1;0,0;0,0;0,0
20;NL:Q:44930020;R.K. Kerk;Zieuwent;3,1;1,2;0,0;0,1;0,0;0,0
20;NL:Q:44930030;R.K. Kerk;Marienvelde;2,7;0,5;0,1;0,0;0,0;0,0
20;NL:Q:44930040;R.K. Kerk;Marienvelde;0,5;2,8;0,1;0,1;0,0;0,0
20;NL:Q:44930050;Waalderweg;Marienvelde;0,0;1,1;0,0;0,0;0,0;0,0
20;NL:Q:44930060;Waalderweg;Marienvelde;1,0;0,8;0,0;0,0;0,0;0,0
20;NL:Q:44930110;Cuppers;Zieuwent;0,4;1,4;0,0;0,0;0,0;0,0
20;NL:Q:44930120;Cuppers;Zieuwent;1,0;0,1;0,0;0,0;0,0;0,0
20;NL:Q:44931170;Cafe De Tolhut;Marienvelde;0,4;0,1;0,0;0,0;0,0;0,0
20;NL:Q:44931171;Cafe De Tolhut;Marienvelde;0,0;0,4;0,0;0,0;0,0;0,0
20;NL:Q:44940010;Dorpsstraat;Halle;1,0;0,5;0,0;0,0;0,0;0,0
20;NL:Q:44940020;Nijhof;Halle;1,2;1,0;0,1;0,0;0,0;0,0
20;NL:Q:44940210;Nijhof;Halle;1,2;1,1;0,0;0,0;0,0;0,0
20;NL:Q:44940530;Dorpsstraat;Halle;0,5;0,9;0,0;0,0;0,0;0,0
20;NL:Q:44950030;Hoog Langen;Lochem;2,4;1,7;1,1;0,9;1,4;0,5
20;NL:Q:44950040;Hoog Langen;Lochem;1,8;2,1;0,5;1,5;0,3;0,9
20;NL:Q:44950050;Hof van Gelre;Lochem;0,0;0,0;0,0;0,0;0,0;0,0
20;NL:Q:44950070;St. Jozef Rusthuis;Lochem;7,2;8,5;4,3;2,5;3,0;1,4
20;NL:Q:44950080;St. Jozef Rusthuis;Lochem;7,1;7,9;2,4;4,1;1,4;2,9
20;NL:Q:44950090;;;0,0;0,0;0,0;0,0;0,0;0,0
20;NL:Q:44950110;;;0,0;0,0;0,0;0,0;0,0;0,0
20;NL:Q:44950130;De Graafschap;Lochem;2,0;1,3;0,1;0,0;0,0;0,0
20;NL:Q:44950140;De Graafschap;Lochem;1,3;2,1;0,0;0,1;0,0;0,0
20;NL:Q:44950150;Noorderwal;Lochem;0,2;3,8;0,0;0,1;0,0;0,0
20;NL:Q:44950180;;;0,1;0,0;0,0;0,0;0,0;0,0
20;NL:Q:44950190;;;0,0;0,0;0,0;0,0;0,0;0,0
20;NL:Q:44950200;;;0,0;0,2;0,0;0,0;0,0;0,0
20;NL:Q:44950210;Exel Tol;Lochem;13,9;2,2;2,3;0,3;1,7;0,4
20;NL:Q:44950220;Exel Tol;Lochem;2,0;12,7;0,3;1,5;0,1;1,8
20;NL:Q:44950330;Greutink;Lochem;47,4;28,8;16,9;12,2;9,1;5,3
20;NL:Q:44950340;Greutink;Lochem;28,7;44,5;11,7;17,1;5,2;8,3
20;NL:Q:44950370;De Luchte;Lochem;43,7;20,0;10,1;3,7;6,6;2,0
20;NL:Q:44950380;De Luchte;Lochem;19,0;39,9;3,7;11,9;2,0;6,1
20;NL:Q:44950390;Kerkhof;Lochem;0,0;0,3;0,0;0,0;0,0;0,0
20;NL:Q:44950400;Kerkhof;Lochem;0,1;0,1;0,0;0,0;0,0;0,0
20;NL:Q:44950410;Station;Lochem;28,8;28,0;0,8;0,7;0,2;0,0
20;NL:Q:44950470;Tramstraat;Lochem;0,2;1,5;0,0;0,1;0,0;0,0
20;NL:Q:44950480;Tramstraat;Lochem;1,0;0,5;0,1;0,0;0,0;0,0
20;NL:Q:44950490;Graaf Hendriklaan;Lochem;0,1;7,9;0,0;0,3;0,0;0,1
20;NL:Q:44950500;Graaf Hendriklaan;Lochem;8,2;0,2;0,2;0,1;0,0;0,0
20;NL:Q:44950510;Albert Hahnweg;Lochem;0,2;8,0;0,0;0,2;0,0;0,0
20;NL:Q:44950520;Albert Hahnweg;Lochem;9,7;0,3;0,3;0,0;0,0;0,0
20;NL:Q:44951600;Noorderwal;Lochem;4,6;0,6;0,1;0,1;0,0;0,0
20;NL:Q:45120020;;;0,3;1,4;0,0;0,0;0,0;0,1
20;NL:Q:45120040;;;0,1;0,0;0,0;0,0;0,0;0,0
20;NL:Q:47640030;Saxion Hogeschool;Deventer;15,9;141,3;0,8;26,9;0,3;11,9
20;NL:Q:47640040;Saxion Hogeschool;Deventer;99,8;35,7;18,3;1,5;7,4;0,2
20;NL:Q:47640140;Industrieweg;Deventer;2,6;7,5;0,7;2,4;0,2;0,7
20;NL:Q:47641010;Station;Deventer;471,1;384,0;206,7;166,4;105,6;121,3
20;NL:Q:47641070;Gotlandstraat;Deventer;5,3;32,1;0,7;2,1;0,2;0,3
20;NL:Q:47641080;Gotlandstraat;Deventer;13,9;6,9;0,7;1,2;0,2;0,5
20;NL:Q:47641870;Zweedsestraat;Deventer;22,1;67,6;3,8;16,4;1,7;5,3
20;NL:Q:47641880;Zweedsestraat;Deventer;59,1;22,8;14,2;5,7;5,6;1,8
20;NL:Q:47641890;Hanzeweg;Deventer;1,6;5,6;0,3;0,2;0,0;0,1
20;NL:Q:47641900;Hanzeweg;Deventer;9,5;1,9;0,5;0,3;0,2;0,0
20;NL:Q:47641920;Mr. De Boerplein;Deventer;11,0;8,6;5,8;5,1;2,5;2,1
20;NL:Q:47641930;Teugseplein;Deventer;3,8;3,1;1,3;2,6;0,4;1,6
20;NL:Q:47646030;Industrieweg;Deventer;1,0;6,3;0,1;2,8;0,0;0,6
20;NL:Q:47740040;De Pessink;Epse;12,3;14,1;6,8;6,2;3,2;6,7
20;NL:Q:47740050;Bloemenkamp;Gorssel;19,1;40,1;10,0;22,7;4,8;11,0
20;NL:Q:47740060;Bloemenkamp;Gorssel;40,5;19,1;22,6;11,3;11,3;6,7
20;NL:Q:47740090;Museum MORE;Gorssel;22,5;28,6;20,0;23,5;10,9;12,5
20;NL:Q:47740100;Museum MORE;Gorssel;30,1;24,3;21,6;20,1;12,3;13,0
20;NL:Q:47740160;Kerkhof;Gorssel;1,1;1,8;1,0;1,5;0,9;1,6
20;NL:Q:47740230;Larikshoeve;Epse;1,3;0,1;0,9;0,0;1,2;0,1
20;NL:Q:47740240;Larikshoeve;Epse;0,1;1,5;0,1;2,1;0,0;0,7
20;NL:Q:47740270;Viersprong;Epse;16,9;2,4;8,8;1,4;4,6;0,9
20;NL:Q:47740280;Viersprong;Epse;2,1;14,0;1,2;8,8;1,0;4,3
20;NL:Q:47870030;Oesterschelp;Hassink;2,1;0,2;0,9;0,0;0,7;0,0
20;NL:Q:47870040;Oesterschelp;Hassink;0,1;2,3;0,1;1,0;0,0;0,5
20;NL:Q:47870050;De Drie Kieften;Hassink;2,1;0,2;1,0;0,1;0,7;0,0
20;NL:Q:47870060;De Drie Kieften;Hassink;0,2;2,5;0,1;1,6;0,1;0,4
20;NL:Q:47870090;'t Joppe;Joppe;4,2;0,4;2,5;0,3;2,6;0,1
20;NL:Q:47870100;'t Joppe;Joppe;0,4;4,8;0,2;3,2;0,1;1,6
20;NL:Q:47970050;De Vennink;Harfsen;2,8;0,3;0,9;0,2;0,9;0,2
20;NL:Q:47970060;De Vennink;Harfsen;0,3;2,7;0,4;1,2;0,1;0,4
20;NL:Q:47970090;School;Harfsen;30,4;7,0;11,3;2,4;8,0;0,9
20;NL:Q:47970100;School;Harfsen;6,6;29,2;2,3;12,9;0,9;6,4
20;NL:Q:47970110;Maalderij Goldstein;Harfsen;2,5;0,9;2,0;0,3;1,2;0,2
20;NL:Q:47970120;Maalderij Goldstein;Harfsen;1,0;2,6;0,3;2,0;0,3;1,1
20;NL:Q:91000114;;;138,5;172,0;48,0;59,8;32,1;51,2
20;NL:Q:91000140;;;1,6;90,6;0,2;7,6;0,0;0,5
21;NL:Q:18500010;Noordikslaan;Almelo;15,6;18,0;0,0;0,0;0,0;0,0
21;NL:Q:18500120;Sliepersdijk;Hoge Hexel;0,9;0,0;0,0;0,0;0,0;0,0
21;NL:Q:18500130;Sliepersdijk;Hoge Hexel;0,0;0,6;0,0;0,0;0,0;0,0
21;NL:Q:18500140;Hammerweg;Vriezenveen;0,1;0,0;0,0;0,0;0,0;0,0
21;NL:Q:43000010;Centraal Station;Enschede;453,4;641,3;232,1;180,1;192,8;98,4
21;NL:Q:43000011;Centraal Station;Enschede;820,8;462,2;227,4;133,0;70,5;72,8
21;NL:Q:43000012;Centraal Station;Enschede;793,4;527,9;191,2;237,4;130,3;117,0
21;NL:Q:43000014;Centraal Station;Enschede;494,9;483,3;179,2;165,2;104,8;78,5
21;NL:Q:43000015;Centraal Station;Enschede;569,9;929,9;187,9;271,7;121,1;78,4
21;NL:Q:43000016;Centraal Station;Enschede;420,5;376,1;119,8;139,4;75,3;57,6
21;NL:Q:43000017;Centraal Station;Enschede;378,0;394,9;167,0;111,7;120,6;59,6
21;NL:Q:43000018;Centraal Station;Enschede;433,8;448,0;158,1;177,9;114,2;93,8
21;NL:Q:43000019;Centraal Station;Enschede;368,1;422,6;185,6;133,0;113,3;81,8
21;NL:Q:43000020;Centraal Station;Enschede;439,3;10,7;123,1;6,4;71,3;3,6
21;NL:Q:43000031;Van Heekplein;Enschede;180,6;98,5;171,4;83,6;47,5;19,2
21;NL:Q:43000032;Van Heekplein;Enschede;271,4;92,9;224,8;53,9;68,7;13,1
21;NL:Q:43000034;Van Heekplein;Enschede;98,4;27,7;126,3;36,5;43,0;2,9
21;NL:Q:43000039;Van Heekplein;Enschede;115,1;127,1;44,2;152,4;10,6;68,8
21;NL:Q:43000040;Van Heekplein;Enschede;147,7;289,7;165,8;311,0;28,7;92,5
21;NL:Q:43000045;Van Heekplein;Enschede;230,0;373,3;204,7;321,5;61,8;96,2
21;NL:Q:43000050;MST Haaksbergerstraat;Enschede;31,2;103,4;7,8;36,3;3,0;23,6
21;NL:Q:43000051;MST Haaksbergerstraat;Enschede;80,9;30,2;35,9;9,6;19,6;6,5
21;NL:Q:43000130;Spinnerplein;Enschede;8,8;23,1;3,2;12,3;2,6;6,0
21;NL:Q:43000140;Spinnerplein;Enschede;26,0;8,7;15,7;2,4;7,7;3,9
21;NL:Q:43000150;B.W. ter Kuilestraat;Enschede;0,2;2,6;0,1;1,0;0,0;0,0
21;NL:Q:43000160;B.W. ter Kuilestraat;Enschede;4,0;0,9;2,2;0,3;1,2;0,7
21;NL:Q:43000170;Wicher Nijkampstraat;Enschede;0,2;2,9;0,0;1,2;0,0;0,0
21;NL:Q:43000180;Wicher Nijkampstraat;Enschede;4,9;0,8;3,2;0,4;2,0;0,6
21;NL:Q:43000190;Wkc Stadsveld;Enschede;1,0;8,2;0,3;5,2;0,0;0,0
21;NL:Q:43000195;Wkc Stadsveld;Enschede;2,8;1,3;1,0;0,9;0,3;0,4
21;NL:Q:43000200;Wkc Stadsveld;Enschede;72,4;17,9;45,6;10,4;19,9;4,7
21;NL:Q:43000220;Deurningerstraat;Enschede;22,0;17,1;9,6;9,5;2,6;5,3
21;NL:Q:43000230;Deurningerstraat;Enschede;16,0;27,7;9,2;11,4;4,6;4,8
21;NL:Q:43000240;Station Kennispark;Enschede;86,6;105,0;26,4;23,9;15,6;2,9
21;NL:Q:43000250;Roombeek;Enschede;40,2;152,4;13,6;48,4;7,1;24,0
21;NL:Q:43000260;Roombeek;Enschede;144,5;36,3;49,1;11,2;19,0;6,4
21;NL:Q:43000270;Hulsmaatstraat;Enschede;45,4;74,4;8,7;22,8;4,9;11,6
21;NL:Q:43000280;Hulsmaatstraat;Enschede;92,1;56,7;30,1;8,7;10,9;5,2
21;NL:Q:43000300;Horstlindelaan;Enschede;3,9;6,8;3,5;4,1;1,4;2,0
21;NL:Q:43000320;Handellaan;Enschede;11,1;10,3;9,7;9,2;4,2;4,3
21;NL:Q:43000340;Slagman;Enschede;9,3;7,7;3,7;2,1;1,5;1,7
21;NL:Q:43000350;Stroinksbleekweg;Enschede;2,2;58,2;1,1;23,0;0,9;12,7
21;NL:Q:43000360;Stroinksbleekweg;Enschede;38,0;1,2;17,2;0,6;7,7;0,7
21;NL:Q:43000370;Buizerdstraat;Enschede;7,9;40,6;3,6;18,3;1,6;10,7
21;NL:Q:43000380;Spechtstraat;Enschede;70,4;25,8;23,4;11,9;8,9;4,0
21;NL:Q:43000490;G.J. van Heekstraat;Enschede;3,1;18,4;1,8;10,9;1,2;12,3
21;NL:Q:43000510;Lambertus Buddestraat;Enschede;6,0;47,1;3,6;17,8;1,5;11,3
21;NL:Q:43000520;Lambertus Buddestraat;Enschede;45,1;5,0;21,6;1,8;7,1;1,3
21;NL:Q:43000530;Volkspark;Enschede;16,7;23,8;6,7;8,2;5,2;4,6
21;NL:Q:43000540;Volkspark;Enschede;13,3;22,3;6,0;7,8;2,7;5,6
21;NL:Q:43000610;Toekomststraat;Enschede;7,6;30,5;3,2;17,6;3,0;18,0
21;NL:Q:43000620;Toekomststraat;Enschede;46,3;6,0;28,7;1,2;11,4;3,9
21;NL:Q:43000630;Weegschaalstraat;Enschede;8,5;63,7;2,9;40,0;1,6;22,8
21;NL:Q:43000640;Weegschaalstraat;Enschede;56,0;4,0;34,4;1,1;16,5;1,4
21;NL:Q:43000650;Wkc Twekkelerveld;Enschede;31,6;79,5;24,5;53,6;14,0;33,8
21;NL:Q:43000660;Wkc Twekkelerveld;Enschede;76,6;24,6;50,8;16,0;22,4;10,8
21;NL:Q:43000670;Olieslagweg;Enschede;3,0;15,1;1,8;10,8;1,6;9,0
21;NL:Q:43000680;Olieslagweg;Enschede;19,2;2,0;12,9;0,5;5,9;0,8
21;NL:Q:43000690;Jupiterstraat;Enschede;4,2;44,3;2,2;41,3;1,9;20,4
21;NL:Q:43000700;Jupiterstraat;Enschede;49,1;1,9;36,5;0,7;15,8;0,4
21;NL:Q:43000711;Capitool;Enschede;1,9;16,7;0,4;2,9;0,2;2,0
21;NL:Q:43000720;Capitool;Enschede;14,1;2,8;1,3;0,8;1,1;0,1
21;NL:Q:43000810;Beethovenlaan;Enschede;14,5;8,4;9,2;3,8;3,3;1,5
21;NL:Q:43001000;Centraal Station;Enschede;644,9;370,3;152,4;150,0;79,0;130,9
21;NL:Q:43001001;Centraal Station;Enschede;7,7;746,4;0,8;160,5;0,9;82,5
21;NL:Q:43001050;Boddenkamp;Enschede;24,5;16,9;4,1;4,8;3,1;4,1
21;NL:Q:43001060;Boddenkamp;Enschede;65,8;40,0;20,5;9,6;10,9;3,3
21;NL:Q:43001090;Dr. J. van Damstraat;Enschede;21,0;8,8;9,2;5,1;3,1;2,2
21;NL:Q:43001110;Fazantplein;Enschede;26,6;3,2;11,7;0,9;5,9;0,4
21;NL:Q:43001180;Waalstraat;Enschede;61,9;50,0;30,5;26,5;14,1;15,3
21;NL:Q:43001190;Deppenbroekstraat;Enschede;2,9;17,9;3,5;8,3;0,7;2,4
21;NL:Q:43001200;Het Achtervoort;Enschede;22,2;24,6;9,2;10,8;5,9;8,0
21;NL:Q:43001210;Het Voortman;Enschede;7,0;12,2;7,8;12,2;2,5;4,2
21;NL:Q:43001310;Wkc Deppenbroek;Enschede;53,0;54,9;26,6;28,7;11,9;15,7
21;NL:Q:43001340;Vanekerstraat;Enschede;25,3;18,8;20,0;15,6;8,9;11,2
21;NL:Q:43001360;P.A. van Deldenstraat;Enschede;19,7;19,6;8,8;7,8;4,8;6,4
21;NL:Q:43001430;Sparrendaal;Enschede;43,0;4,4;25,9;2,7;9,9;0,2
21;NL:Q:43001440;Sparrendaal;Enschede;3,4;37,2;2,0;21,0;0,2;9,1
21;NL:Q:43001450;Gelderlandstraat;Enschede;5,4;52,7;3,6;33,1;1,3;18,1
21;NL:Q:43001460;Gelderlandstraat;Enschede;56,3;6,2;36,8;4,3;17,1;1,5
21;NL:Q:43001470;Utrechtlaan;Enschede;35,8;250,4;2,0;10,3;1,1;6,4
21;NL:Q:43001480;Utrechtlaan;Enschede;237,7;39,2;9,8;2,6;4,6;1,1
21;NL:Q:43001490;Zuid Hollandlaan;Enschede;1,7;19,3;0,6;6,9;0,4;4,6
21;NL:Q:43001500;Zuid Hollandlaan;Enschede;17,3;2,0;5,7;0,8;3,2;0,4
21;NL:Q:43001550;Wkc Boswinkel;Enschede;23,5;112,1;14,6;56,8;5,7;33,2
21;NL:Q:43001560;Wkc Boswinkel;Enschede;109,3;17,6;58,7;10,5;25,5;3,8
21;NL:Q:43001570;Tuindorp Broekheurne;Enschede;2,6;60,7;1,6;34,5;0,5;15,7
21;NL:Q:43001580;Tuindorp Broekheurne;Enschede;64,1;2,7;30,8;1,5;12,2;0,5
21;NL:Q:43001600;Het Lang;Enschede;0,2;0,2;0,1;0,2;0,0;0,0
21;NL:Q:43001620;Het Riet;Enschede;0,0;0,1;0,0;0,0;0,0;0,0
21;NL:Q:43001630;Verrijzeniskerk;Enschede;1,9;61,9;0,4;24,5;0,2;12,9
21;NL:Q:43001640;Lintveldebrink;Enschede;23,3;0,3;11,9;0,0;4,8;0,1
21;NL:Q:43001650;Hazendijk;Enschede;0,9;23,1;0,7;11,9;0,2;3,5
21;NL:Q:43001660;Verrijzeniskerk;Enschede;68,4;3,9;29,0;0,2;12,6;0,1
21;NL:Q:43001670;Broekheurnerborg;Enschede;0,5;0,5;0,9;0,8;0,0;0,0
21;NL:Q:43001671;Broekheurnerplein;Enschede;0,9;0,6;1,3;1,1;0,0;0,0
21;NL:Q:43001690;De Kiepe;Enschede;0,8;10,9;0,6;5,6;0,0;2,2
21;NL:Q:43001700;Broekheurne-Ring;Enschede;16,4;0,6;8,6;0,1;3,9;0,0
21;NL:Q:43001710;Lintveldebrink;Enschede;1,2;26,6;0,2;18,4;0,2;8,4
21;NL:Q:43001720;De Kiepe;Enschede;8,8;1,8;3,7;0,1;1,4;0,0
21;NL:Q:43001730;Hertmebrink;Enschede;15,8;40,8;9,8;25,4;3,6;12,0
21;NL:Q:43001740;Hertmebrink;Enschede;55,3;11,7;37,5;6,8;17,2;2,5
21;NL:Q:43001750;Wkc Het Bijvank;Enschede;24,8;1,4;10,4;0,5;5,6;0,1
21;NL:Q:43001760;Wkc Het Bijvank;Enschede;1,5;27,1;1,3;13,0;0,3;5,9
21;NL:Q:43001770;Vlierstraat;Enschede;7,5;56,5;2,2;16,9;0,7;10,8
21;NL:Q:43001780;Vlierstraat;Enschede;34,5;3,1;12,4;0,9;6,4;0,6
21;NL:Q:43001790;Het Oosterveld;Enschede;6,8;76,8;1,2;36,4;0,7;15,8
21;NL:Q:43001800;Het Oosterveld;Enschede;75,6;3,6;35,8;1,0;16,7;0,5
21;NL:Q:43001810;Saasveldbrink;Enschede;0,0;0,1;0,0;0,0;0,0;0,0
21;NL:Q:43001820;Herikebrink;Enschede;40,3;2,1;15,5;0,2;4,7;0,2
21;NL:Q:43001830;Rabobank;Enschede;11,8;30,3;4,2;11,6;2,1;5,3
21;NL:Q:43001840;Rabobank;Enschede;29,6;16,9;12,5;7,2;3,1;3,9
21;NL:Q:43001850;P+R Zuiderval;Enschede;41,4;48,1;13,3;29,6;4,3;8,4
21;NL:Q:43001860;P+R Zuiderval;Enschede;44,6;44,3;27,4;11,7;8,8;3,0
21;NL:Q:43001870;Het Leunenberg;Enschede;1,4;51,3;0,9;29,8;0,3;10,3
21;NL:Q:43001880;Het Leunenberg;Enschede;48,4;1,2;29,3;0,8;11,2;0,2
21;NL:Q:43001900;De Posten;Enschede;94,4;73,2;35,2;26,6;17,4;16,6
21;NL:Q:43001910;Wkc Zuid;Enschede;21,2;74,4;14,4;45,1;2,9;14,8
21;NL:Q:43001918;Wkc Zuid;Enschede;1,8;1,2;2,1;0,8;0,0;0,0
21;NL:Q:43001920;Wkc Zuid;Enschede;56,2;18,2;36,5;12,3;12,5;2,8
21;NL:Q:43001930;De Reulver;Enschede;4,3;36,6;1,2;15,3;0,7;11,7
21;NL:Q:43001940;De Reulver;Enschede;33,8;3,7;14,5;1,1;6,1;0,4
21;NL:Q:43001950;Ypelobrink;Enschede;43,9;1,3;16,9;0,6;8,4;0,2
21;NL:Q:43001960;Ypelobrink;Enschede;1,2;46,2;0,3;16,6;0,2;10,0
21;NL:Q:43001970;Zunabrink;Enschede;40,8;2,6;18,1;1,6;8,7;0,3
21;NL:Q:43001980;Zunabrink;Enschede;2,2;34,4;1,4;16,2;0,9;7,5
21;NL:Q:43002000;Hengeveldebrink;Enschede;36,2;4,9;16,2;2,2;5,8;0,5
21;NL:Q:43002030;Rozenstraat;Enschede;0,3;2,7;0,1;1,2;0,0;0,7
21;NL:Q:43002040;Rozenstraat;Enschede;2,2;0,2;0,9;0,1;0,3;0,0
21;NL:Q:43002050;Ribbeltsweg;Enschede;0,4;10,9;0,2;3,9;0,0;3,4
21;NL:Q:43002070;Laaressingel;Enschede;0,9;15,5;0,5;5,6;0,2;2,2
21;NL:Q:43002080;Laaressingel;Enschede;19,4;0,2;6,8;0,0;2,6;0,0
21;NL:Q:43002090;Asterstraat;Enschede;1,2;14,0;0,4;7,6;0,1;3,4
21;NL:Q:43002100;Asterstraat;Enschede;6,7;0,2;4,2;0,1;1,0;0,0
21;NL:Q:43002110;Hyacintstraat;Enschede;0,8;3,6;0,4;1,5;0,1;0,9
21;NL:Q:43002120;Hyacintstraat;Enschede;12,2;0,4;6,4;0,1;2,0;0,0
21;NL:Q:43002130;Gladiolenstraat;Enschede;7,1;31,8;3,3;11,4;0,6;3,3
21;NL:Q:43002140;Gladiolenstraat;Enschede;10,3;0,5;5,2;1,2;1,1;0,1
21;NL:Q:43002220;Wkc Stroinkslanden;Enschede;9,9;74,5;6,1;37,5;12,3;27,8
21;NL:Q:43002250;Oosterstraat;Enschede;3,3;6,2;1,4;1,3;0,3;1,0
21;NL:Q:43002260;Oosterstraat;Enschede;4,7;3,2;0,9;1,4;0,4;0,6
21;NL:Q:43002290;Sportpark;Enschede;37,1;1,1;12,4;0,5;7,5;0,3
21;NL:Q:43002300;Sportpark;Enschede;0,9;34,6;0,4;13,2;0,2;7,1
21;NL:Q:43002310;Mariendaal;Enschede;20,1;1,5;6,9;0,5;2,8;0,4
21;NL:Q:43002320;Mariendaal;Enschede;1,1;19,4;0,4;7,4;0,2;3,6
21;NL:Q:43002500;Bonhoeffer Bruggert;Enschede;32,7;33,0;16,4;11,4;8,0;9,6
21;NL:Q:43002510;Soendastraat;Enschede;6,4;10,3;4,1;4,8;2,4;4,3
21;NL:Q:43002520;Soendastraat;Enschede;8,7;5,1;5,2;6,2;3,3;1,9
21;NL:Q:43002530;Bankastraat;Enschede;4,7;24,6;1,8;8,6;0,8;8,0
21;NL:Q:43002540;Bankastraat;Enschede;19,8;4,0;5,6;1,5;2,4;0,5
21;NL:Q:43002570;Madioenstraat;Enschede;0,9;0,7;0,3;0,2;0,0;0,0
21;NL:Q:43002600;Aquadrome;Enschede;65,6;10,7;18,1;1,9;9,9;0,8
21;NL:Q:43002601;Aquadrome;Enschede;8,7;78,2;5,5;25,8;1,3;11,2
21;NL:Q:43002610;Brinkstraat;Enschede;2,0;1,9;0,4;0,3;0,0;0,0
21;NL:Q:43002630;J.P. Coenstraat;Enschede;1,4;1,7;0,4;0,3;0,0;0,0
21;NL:Q:43002650;Padangstraat;Enschede;2,0;1,6;1,0;0,6;0,0;0,0
21;NL:Q:43002790;Rembrandtlaan;Enschede;9,0;10,3;5,1;6,3;2,0;5,4
21;NL:Q:43002820;De Hatteler;Enschede;7,0;2,9;1,4;1,1;0,0;0,0
21;NL:Q:43002830;De Hatteler;Enschede;18,3;28,5;11,4;15,8;4,6;7,7
21;NL:Q:43002840;Albert Cuypstraat;Enschede;3,7;0,7;0,8;0,4;0,0;0,0
21;NL:Q:43002850;Albert Cuypstraat;Enschede;8,8;45,1;4,8;21,2;2,5;20,2
21;NL:Q:43002860;Zuivelstraat;Enschede;11,0;0,7;4,2;0,5;2,5;0,0
21;NL:Q:43002870;Zuivelstraat;Enschede;4,1;63,5;3,9;35,6;1,4;28,1
21;NL:Q:43003070;Pathmossingel;Enschede;0,0;0,1;0,0;0,1;0,0;0,1
21;NL:Q:43003080;Pathmossingel;Enschede;0,0;0,0;0,0;0,0;0,0;0,0
21;NL:Q:43003090;Poolmansweg;Enschede;4,2;61,2;2,8;29,5;2,6;25,8
21;NL:Q:43003100;Poolmansweg;Enschede;55,2;3,2;25,3;1,5;12,3;0,4
21;NL:Q:43003110;Lindenstraat;Enschede;0,9;14,4;1,3;7,2;0,5;5,7
21;NL:Q:43003120;Lindenstraat;Enschede;31,7;1,5;14,9;0,4;5,8;0,2
21;NL:Q:43003180;Bruggertstraat;Enschede;4,8;7,0;1,2;1,3;0,7;0,8
21;NL:Q:43003200;C. Troostlaan;Enschede;9,7;7,0;4,1;3,2;1,5;0,9
21;NL:Q:43003210;E. de Wittestraat;Enschede;12,5;12,0;4,8;5,2;2,6;2,9
21;NL:Q:43003220;Henriette Ronnerlaan;Enschede;1,8;1,6;0,1;0,2;0,0;0,0
21;NL:Q:43003250;Fre Cohenlaan;Enschede;15,6;10,7;7,0;5,6;2,9;2,5
21;NL:Q:43003260;Fre Cohenlaan;Enschede;1,7;1,3;0,4;0,6;0,0;0,0
21;NL:Q:43003270;Ferdinand Bolstraat;Enschede;0,7;1,8;0,2;0,8;0,0;0,0
21;NL:Q:43003280;Ferdinand Bolstraat;Enschede;46,1;14,6;26,2;8,9;10,7;4,5
21;NL:Q:43003400;Wkc Stroinkslanden;Enschede;1,8;1,5;1,3;1,1;0,0;0,0
21;NL:Q:43003440;Hanenberglanden;Enschede;58,0;52,8;25,4;21,8;11,9;14,6
21;NL:Q:43003460;Hesselinklanden;Enschede;57,3;37,5;25,3;18,2;10,7;8,3
21;NL:Q:43003480;Auskamplanden;Enschede;42,6;37,3;19,3;16,2;8,9;9,3
21;NL:Q:43003500;Hasmanlanden;Enschede;46,7;47,8;21,8;26,1;10,5;14,3
21;NL:Q:43003530;Tiemeister;Enschede;4,8;57,1;1,7;4,3;0,3;2,6
21;NL:Q:43003540;Tiemeister;Enschede;62,5;4,4;3,4;1,5;1,2;0,5
21;NL:Q:43003570;Schabbinklanden;Enschede;0,8;30,9;1,2;17,8;0,8;9,5
21;NL:Q:43003580;Schabbinklanden;Enschede;22,3;0,3;13,6;0,1;5,6;0,1
21;NL:Q:43003600;Bekmanlanden;Enschede;24,9;13,8;12,7;6,9;5,4;4,3
21;NL:Q:43003620;Vrielinklanden;Enschede;45,6;33,9;16,7;12,6;8,7;6,1
21;NL:Q:43003640;Verwooldslanden;Enschede;42,2;4,4;21,4;1,1;8,1;0,4
21;NL:Q:43003680;Wkc De Posten;Enschede;0,2;0,2;0,1;0,1;0,0;0,0
21;NL:Q:43003700;Verzorgingshuis De Posten;Enschede;0,4;0,3;0,4;0,5;0,0;0,0
21;NL:Q:43003870;Buurserstraat;Enschede;3,1;48,5;0,8;19,6;0,4;10,7
21;NL:Q:43003880;Buurserstraat;Enschede;62,8;3,7;26,1;1,4;12,9;1,1
21;NL:Q:43003900;Stadsdeelkant. Zuid;Enschede;0,4;1,1;0,1;1,7;0,0;0,0
21;NL:Q:43004010;Borstelweg;Enschede;8,0;16,9;2,9;7,0;2,5;5,6
21;NL:Q:43004020;Borstelweg;Enschede;15,4;7,4;6,8;2,5;3,1;1,7
21;NL:Q:43004050;Lonnekerbrugstraat;Enschede;0,0;1,4;0,0;0,0;0,0;0,0
21;NL:Q:43004060;Lonnekerbrugstraat;Enschede;1,0;0,2;0,0;0,0;0,0;0,0
21;NL:Q:43004090;Orion;Enschede;0,1;0,1;0,0;0,0;0,0;0,0
21;NL:Q:43004100;Orion;Enschede;0,0;0,1;0,0;0,0;0,0;0,0
21;NL:Q:43004170;Twekkeler Es;Enschede;1,9;5,2;0,0;0,0;0,0;0,0
21;NL:Q:43004180;Twekkeler Es;Enschede;5,7;3,2;0,0;0,0;0,0;0,0
21;NL:Q:43004310;De Hoeveler;Enschede;0,8;3,8;0,0;0,0;0,0;0,0
21;NL:Q:43004320;De Hoeveler;Enschede;3,7;1,7;0,0;0,0;0,0;0,0
21;NL:Q:43004340;Scansped;Enschede;0,0;1,0;0,0;0,0;0,0;0,0
21;NL:Q:43004350;Scansped;Enschede;0,4;0,0;0,0;0,0;0,0;0,0
21;NL:Q:43004370;Dr. J. Wagenaarstraat;Enschede;7,3;0,1;1,4;0,0;0,0;0,0
21;NL:Q:43004410;Transportcentrum;Enschede;3,0;5,2;0,0;0,0;0,0;0,0
21;NL:Q:43004420;Transportcentrum;Enschede;4,7;2,7;0,0;0,0;0,0;0,0
21;NL:Q:43004450;Kanaalstraat;Enschede;0,4;0,5;0,0;0,0;0,0;0,0
21;NL:Q:43004460;Kanaalstraat;Enschede;0,8;0,8;0,0;0,0;0,0;0,0
21;NL:Q:43004550;Olympialaan;Enschede;1,9;1,4;0,5;0,2;0,0;0,0
21;NL:Q:43004590;Hendrik Smeltweg;Enschede;1,1;3,3;0,4;1,1;0,0;0,0
21;NL:Q:43005030;C.F. Klaarstraat;Enschede;37,8;66,1;24,0;23,2;10,7;20,7
21;NL:Q:43005040;C.F. Klaarstraat;Enschede;66,1;31,1;24,3;21,6;10,4;9,6
21;NL:Q:43005190;Wooldrik;Enschede;10,3;102,2;4,1;35,4;2,3;23,3
21;NL:Q:43005440;Meubelboulevard;Enschede;27,8;39,7;9,0;11,6;1,6;3,5
21;NL:Q:43005450;Meubelboulevard;Enschede;30,2;30,4;7,6;7,9;2,2;2,9
21;NL:Q:43005530;Goolkatenweg;Enschede;50,6;52,2;12,3;13,6;4,6;5,8
21;NL:Q:43005540;Goolkatenweg;Enschede;45,2;45,7;12,8;9,7;3,0;5,0
21;NL:Q:43005570;Ledeboerpark;Enschede;37,2;19,0;15,4;8,0;5,7;8,1
21;NL:Q:43005580;Ledeboerpark;Enschede;22,0;36,2;11,0;11,6;3,0;14,2
21;NL:Q:43005590;Uranusstraat;Enschede;36,8;32,3;13,8;9,6;4,4;4,8
21;NL:Q:43005600;Uranusstraat;Enschede;32,4;33,9;10,0;10,3;3,2;8,3
21;NL:Q:43005630;Westerbegraafplaats/UT;Enschede;165,9;155,5;5,1;7,7;0,9;2,4
21;NL:Q:43005640;Westerbegraafplaats/UT;Enschede;158,4;184,3;6,5;5,1;2,7;3,2
21;NL:Q:43005710;Kennispark/UT;Enschede;78,1;207,3;34,5;24,2;8,8;5,4
21;NL:Q:43006030;De Klomp;Enschede;9,7;4,6;11,3;1,5;2,4;1,4
21;NL:Q:43006040;De Klomp;Enschede;2,2;10,2;1,3;16,1;0,2;3,1
21;NL:Q:43006090;Voortmansweg;Enschede;0,8;3,3;1,1;1,0;0,3;0,4
21;NL:Q:43006100;Voortmansweg;Enschede;3,4;2,0;0,6;0,9;0,4;0,6
21;NL:Q:43006140;Driesprong;Lonneker;0,2;0,5;0,2;0,0;0,4;0,0
21;NL:Q:43006160;Kotkampweg;Enschede;15,2;24,5;8,2;4,5;3,8;2,9
21;NL:Q:43006170;Kotkampweg;Enschede;17,5;21,0;6,4;8,3;3,6;5,3
21;NL:Q:43006980;Veldkampstraat;Enschede;5,5;13,3;5,0;7,3;2,4;1,9
21;NL:Q:43006990;Veldkampstraat;Enschede;12,8;4,8;7,7;4,5;2,6;5,9
21;NL:Q:43007120;Getfertsingel;Enschede;12,4;2,3;7,5;2,2;2,3;2,2
21;NL:Q:43007130;Getfertsingel;Enschede;3,1;14,1;1,6;7,4;0,6;2,5
21;NL:Q:43007140;Stevenfennestraat;Enschede;22,6;6,1;14,0;4,4;7,1;6,4
21;NL:Q:43007150;Stevenfennestraat;Enschede;6,6;20,2;6,1;15,8;3,6;7,2
21;NL:Q:43007160;Dr. v.d. Zandestraat;Enschede;31,8;5,5;21,3;5,3;9,9;6,1
21;NL:Q:43007170;Dr. v.d. Zandestraat;Enschede;6,7;31,6;5,1;23,2;5,1;10,9
21;NL:Q:43007180;Borgbos;Enschede;6,1;3,7;3,0;3,3;1,4;2,7
21;NL:Q:43007190;Borgbos;Enschede;5,2;6,0;2,7;2,8;2,5;1,6
21;NL:Q:43007200;Usseler Esch;Usselo;0,5;0,8;0,2;0,3;0,2;0,1
21;NL:Q:43008030;Floraparkstraat;Enschede;5,6;10,3;2,8;5,3;1,7;2,9
21;NL:Q:43008050;Onlandhorst;Enschede;5,3;3,9;2,2;1,7;0,5;0,7
21;NL:Q:43008070;Wkc Stokhorst;Enschede;16,2;18,8;10,9;13,4;2,7;3,8
21;NL:Q:43008090;Hoge Boekelerweg;Enschede;14,2;10,3;7,5;5,1;2,9;2,3
21;NL:Q:43008110;Wkc 't Ribbelt;Enschede;15,4;9,5;6,3;4,4;3,4;2,8
21;NL:Q:43008130;Dotterbloemstraat;Enschede;37,2;8,1;6,4;0,4;2,6;0,2
21;NL:Q:43008200;Lindenhof;Enschede;58,7;18,0;40,6;11,4;11,7;3,1
21;NL:Q:43008220;Wooldrik;Enschede;100,4;11,4;32,7;3,4;15,7;1,8
21;NL:Q:43008230;Marie de Roodelaan;Enschede;0,7;1,3;0,0;0,3;0,0;0,0
21;NL:Q:43008240;Marie de Roodelaan;Enschede;13,6;5,4;5,5;1,5;2,5;1,8
21;NL:Q:43008390;Auke Vleerstraat;Enschede;0,1;0,4;0,0;0,0;0,0;0,0
21;NL:Q:43008400;Auke Vleerstraat;Enschede;0,3;0,6;0,0;0,0;0,0;0,0
21;NL:Q:43008410;Usselerrondweg;Enschede;0,4;0,2;0,0;0,0;0,0;0,0
21;NL:Q:43008420;Usselerrondweg;Enschede;0,3;0,4;0,0;0,0;0,0;0,0
21;NL:Q:43010010;Lindenhof;Enschede;20,2;60,1;11,8;38,8;3,3;14,3
21;NL:Q:43010030;Winterweg;Enschede;2,0;26,9;0,5;10,5;0,3;5,2
21;NL:Q:43010050;Dolphia;Enschede;2,2;59,0;0,9;23,4;0,6;11,3
21;NL:Q:43010070;Esmarkelaan;Enschede;5,8;55,9;2,1;26,1;0,6;10,1
21;NL:Q:43010110;Oikos;Glanerbrug;86,0;76,9;36,1;33,5;14,1;14,7
21;NL:Q:43010140;Schoolstraat;Glanerbrug;75,6;49,2;41,2;24,1;14,0;7,4
21;NL:Q:43010220;Tolstraat;Glanerbrug;49,9;55,7;21,8;27,3;9,4;12,0
21;NL:Q:43010240;Symfoniestraat;Glanerbrug;61,4;56,1;22,6;21,5;11,9;12,2
21;NL:Q:43010330;Ekersdijk;Glanerbrug;13,1;80,7;3,9;36,0;6,0;20,1
21;NL:Q:43010350;Eilermarke;Glanerbrug;63,8;76,0;21,5;26,2;9,3;13,7
21;NL:Q:43010370;Schipholtstraat;Glanerbrug;59,1;70,7;21,1;26,2;10,6;13,6
21;NL:Q:43011040;Winterweg;Enschede;26,6;1,9;12,9;0,9;4,3;0,2
21;NL:Q:43011060;Dolphia;Enschede;56,4;2,1;20,8;1,1;8,8;0,3
21;NL:Q:43011080;Esmarkelaan;Enschede;57,1;4,8;27,2;2,1;11,6;0,9
21;NL:Q:43011120;Zwarteweg;Glanerbrug;77,1;13,8;35,3;5,6;17,0;3,9
21;NL:Q:43021790;Boskamphoek;Enschede;2,1;24,1;0,4;14,0;0,2;4,5
21;NL:Q:43021800;Boskamphoek;Enschede;21,6;1,2;13,0;0,3;4,2;0,1
21;NL:Q:43021810;Herikebrink;Enschede;2,9;35,9;0,3;15,1;0,3;6,4
21;NL:Q:43021830;Beekwoudehoek;Enschede;3,3;34,4;0,1;17,5;0,1;8,3
21;NL:Q:43021840;Beekwoudehoek;Enschede;37,8;2,2;18,3;0,2;7,5;0,1
21;NL:Q:43021850;Honinglohoek;Enschede;5,2;68,1;0,5;37,9;0,2;19,8
21;NL:Q:43021860;Honinglohoek;Enschede;70,3;2,2;40,2;0,1;18,5;0,0
21;NL:Q:43021870;Wkc Helmerhoek;Enschede;6,6;66,8;0,3;36,2;0,2;15,2
21;NL:Q:43021880;Wkc Helmerhoek;Enschede;63,9;3,4;38,5;0,2;13,5;0,1
21;NL:Q:43021970;Graeshoek;Enschede;2,6;27,1;0,2;18,3;0,3;8,2
21;NL:Q:43021980;Graeshoek;Enschede;25,9;0,9;16,0;0,0;6,9;0,0
21;NL:Q:43021990;Hengeveldebrink;Enschede;2,9;23,8;0,6;11,5;0,2;4,7
21;NL:Q:43022000;Disselhoek;Enschede;44,7;43,6;21,2;20,2;9,4;10,2
21;NL:Q:43022010;Dubbelinckhoek;Enschede;4,7;24,8;0,2;11,5;0,8;6,4
21;NL:Q:43022020;Dubbelinckhoek;Enschede;28,5;2,3;12,6;0,0;5,6;0,0
21;NL:Q:43100080;Tinsteden;Enschede;5,8;6,8;0,0;0,0;0,0;0,0
21;NL:Q:43100090;Meester de Wolfstraat;Boekelo;0,0;1,1;0,0;0,6;0,0;0,0
21;NL:Q:43100350;Windmolenweg/Centrum;Boekelo;1,5;0,1;0,8;0,1;0,0;0,0
21;NL:Q:43100360;Smaragdstraat;Boekelo;0,0;0,5;0,0;0,2;0,0;0,0
21;NL:Q:43100370;Smaragdstraat;Boekelo;0,2;0,0;0,0;0,0;0,0;0,0
21;NL:Q:43100410;R.K. Kerk;Boekelo;2,3;2,2;0,3;0,3;0,0;0,0
21;NL:Q:43100600;De Blekerij;Boekelo;2,9;0,1;0,5;0,0;0,0;0,0
21;NL:Q:43100780;Henri Dunantlaan;Boekelo;0,2;0,8;0,0;0,3;0,0;0,0
21;NL:Q:43100800;Weleweg;Boekelo;0,7;2,7;0,2;0,9;0,0;0,0
21;NL:Q:43100970;Marssteden;Enschede;6,5;6,0;0,0;0,0;0,0;0,0
21;NL:Q:43101010;Kopersteden;Enschede;5,5;6,9;0,0;0,0;0,0;0,0
21;NL:Q:43110010;Oude Grensweg;Hengelo;21,4;25,5;7,9;14,5;3,3;3,2
21;NL:Q:43110070;De Broeierd;Enschede;52,8;89,0;32,7;37,5;7,9;23,4
21;NL:Q:43110080;De Broeierd;Enschede;77,3;48,4;47,0;19,2;8,8;5,1
21;NL:Q:43110120;UT/Drienerbeeklaan;Enschede;13,0;5,0;9,0;0,5;9,3;0,5
21;NL:Q:43110130;UT/Drienerbeeklaan;Enschede;4,6;18,1;0,7;10,5;1,1;19,7
21;NL:Q:43110140;UT/Hoofdingang;Enschede;11,9;4,8;1,1;0,9;1,2;0,7
21;NL:Q:43110150;UT/Hoofdingang;Enschede;3,0;12,5;0,0;0,0;0,0;0,0
21;NL:Q:43110160;Kennispark/UT;Enschede;180,1;59,8;20,6;25,8;4,3;4,9
21;NL:Q:43110170;Kettingbrug;Hengelo;3,9;2,3;1,5;1,1;0,5;0,9
21;NL:Q:43110180;Kettingbrug;Hengelo;2,2;5,2;0,8;1,2;0,3;0,7
21;NL:Q:43110190;Station Kennispark;Enschede;84,4;112,8;5,6;41,5;6,5;23,4
21;NL:Q:43110210;UT/De Hems;Enschede;1,3;74,1;0,3;24,9;0,6;67,6
21;NL:Q:43110211;UT/De Hems;Enschede;77,5;1,2;28,6;0,7;16,2;0,2
21;NL:Q:43110230;UT/Calslaan;Enschede;0,1;0,0;7,5;0,2;5,7;0,5
21;NL:Q:43110240;UT/Calslaan;Enschede;0,7;5,1;2,3;17,9;4,1;45,5
21;NL:Q:43110250;UT/Reelaan;Enschede;0,6;11,7;0,1;6,4;0,1;10,4
21;NL:Q:43110260;UT/Reelaan;Enschede;14,8;0,5;8,5;0,0;2,5;0,1
21;NL:Q:43110270;UT/Langenkampweg;Enschede;46,1;33,7;29,4;16,2;8,8;56,3
21;NL:Q:43110280;UT/Sportcentrum;Enschede;5,8;7,5;12,8;21,4;9,6;12,9
21;NL:Q:43110310;UT/Hallenweg;Enschede;2,7;57,7;0,0;0,0;0,0;0,0
21;NL:Q:43110320;UT/Hallenweg;Enschede;58,3;6,0;0,0;0,0;0,0;0,0
21;NL:Q:43110330;UT/Bastille;Enschede;0,5;33,3;0,0;0,0;0,0;0,0
21;NL:Q:43110340;UT/Bastille;Enschede;41,8;1,9;12,8;3,6;6,4;3,9
21;NL:Q:43111290;UT/De Zul;Enschede;1,6;20,4;0,0;0,0;0,0;0,0
21;NL:Q:43111300;UT/De Zul;Enschede;19,1;2,5;0,0;0,0;0,0;0,0
21;NL:Q:43130010;Platinastraat;Hengelo;11,0;53,8;3,2;5,2;0,7;1,5
21;NL:Q:43130030;Bellersweg;Beckum;0,5;3,9;0,3;0,8;0,1;0,4
21;NL:Q:43130040;Bellersweg;Beckum;3,8;0,4;0,5;0,2;0,2;0,1
21;NL:Q:43130050;Sluitersdijk;Beckum;0,0;0,7;0,0;0,2;0,0;0,1
21;NL:Q:43130060;Sluitersdijk;Beckum;0,2;0,2;0,1;0,1;0,1;0,1
21;NL:Q:43130070;Wolfkaterweg;Beckum;1,4;19,2;0,4;4,9;0,2;3,3
21;NL:Q:43130080;Wolfkaterweg;Beckum;19,1;1,1;4,3;1,0;2,3;0,4
21;NL:Q:43130090;R.K. Kerk;Beckum;1,5;9,4;0,9;3,7;0,4;2,7
21;NL:Q:43130100;R.K. Kerk;Beckum;10,1;2,0;6,6;0,7;4,0;0,9
21;NL:Q:43130140;Bentelerweg;Beckum;1,0;0,2;0,3;0,0;0,1;0,0
21;NL:Q:43150010;Grens;Buurse;0,8;0,0;0,0;0,0;0,0;0,0
21;NL:Q:43150020;Grens;Buurse;0,0;0,8;0,0;0,0;0,0;0,0
21;NL:Q:43150030;Braambrug;Buurse;0,5;0,0;0,0;0,0;0,0;0,0
21;NL:Q:43150040;Braambrug;Buurse;0,2;0,6;0,0;0,0;0,0;0,0
21;NL:Q:43150050;Garage De Posten;Buurse;0,7;0,0;0,0;0,0;0,0;0,0
21;NL:Q:43150060;Garage De Posten;Buurse;0,0;0,6;0,0;0,0;0,0;0,0
21;NL:Q:43150090;Zendvelderweg;Buurse;0,4;0,0;0,0;0,0;0,0;0,0
21;NL:Q:43150100;Zendvelderweg;Buurse;0,0;0,8;0,0;0,0;0,0;0,0
21;NL:Q:43150110;Hofweg;Buurse;0,7;0,0;0,0;0,0;0,0;0,0
21;NL:Q:43150120;Hofweg;Buurse;0,0;0,1;0,0;0,0;0,0;0,0
21;NL:Q:43150130;Koekkoeksbrug;Buurse;0,0;0,0;0,0;0,0;0,0;0,0
21;NL:Q:43150140;Koekkoeksbrug;Buurse;0,0;0,6;0,0;0,0;0,0;0,0
21;NL:Q:43150150;Cafe Winkelman;Buurse;3,8;3,7;0,0;0,0;0,0;0,0
21;NL:Q:43160150;Cafe De Witte;Hengevelde;3,7;1,7;0,1;0,2;0,0;0,0
21;NL:Q:43160152;Cafe De Witte;Hengevelde;2,1;3,0;0,1;0,2;0,0;0,0
21;NL:Q:43160160;Cafe De Witte;Hengevelde;1,5;2,8;0,0;0,0;0,0;0,0
21;NL:Q:43160162;Cafe De Witte;Hengevelde;2,2;2,5;0,1;0,5;0,0;0,0
21;NL:Q:43160210;Cafe Roesscher;Hengevelde;0,9;0,0;0,1;0,0;0,0;0,0
21;NL:Q:43160220;Cafe Roesscher;Hengevelde;0,0;0,8;0,0;0,0;0,0;0,0
21;NL:Q:43160250;Kerk;Hengevelde;7,2;28,0;0,7;2,9;0,0;0,0
21;NL:Q:43160260;Kerk;Hengevelde;28,8;6,6;2,7;0,7;0,0;0,0
21;NL:Q:43160310;Transformatorhuis;Hengevelde;0,6;0,8;0,0;0,1;0,0;0,0
21;NL:Q:43160320;Transformatorhuis;Hengevelde;0,8;0,4;0,0;0,0;0,0;0,0
21;NL:Q:43160370;Centrum;St. Isidorushoeve;2,3;2,6;0,5;0,7;0,0;0,0
21;NL:Q:43160382;Centrum;St. Isidorushoeve;3,0;2,4;0,2;0,6;0,0;0,0
21;NL:Q:43160390;Weg naar Rietmolen;St. Isidorushoeve;0,4;1,3;0,0;0,2;0,0;0,0
21;NL:Q:43160400;Weg naar Rietmolen;St. Isidorushoeve;1,2;0,5;0,1;0,0;0,0;0,0
21;NL:Q:43170010;Driesprong;Lonneker;0,2;0,4;0,1;0,2;0,1;0,0
21;NL:Q:43170030;Lonnekermolenweg;Losser;0,5;0,9;0,2;1,3;0,3;0,3
21;NL:Q:43170040;Lonnekermolenweg;Losser;0,4;0,5;0,8;0,4;0,3;0,3
21;NL:Q:43170050;Oude Losserseweg;Losser;0,0;0,2;0,0;0,0;0,0;0,1
21;NL:Q:43170060;Oude Losserseweg;Losser;0,1;0,0;0,0;0,0;0,0;0,0
21;NL:Q:43170070;Landweerweg;Losser;0,4;1,9;0,1;0,3;0,1;0,2
21;NL:Q:43170080;Landweerweg;Losser;1,8;0,1;0,2;0,0;0,3;1,1
21;NL:Q:43170100;Pompstation;Losser;0,8;0,1;0,2;0,0;1,1;0,1
21;NL:Q:43180030;Dorpsstraat;Lonneker;0,8;8,0;0,2;4,0;0,2;2,2
21;NL:Q:43180040;Dorpsstraat;Lonneker;5,7;1,1;2,1;0,3;1,0;0,2
21;NL:Q:43180050;Scholten Reimerstraat;Lonneker;4,5;18,4;1,5;7,0;0,8;3,5
21;NL:Q:43180060;Scholten Reimerstraat;Lonneker;19,9;4,1;7,4;1,3;3,3;0,6
21;NL:Q:43180070;Beukerweg;Lonneker;0,5;2,7;0,1;1,2;0,1;0,6
21;NL:Q:43180080;Beukerweg;Lonneker;3,2;1,1;0,8;0,2;0,5;0,3
21;NL:Q:43180090;Landweerweg;Lonneker;0,3;1,3;0,2;0,7;0,0;0,2
21;NL:Q:43180100;Landweerweg;Lonneker;1,1;0,5;0,7;0,2;0,3;0,1
21;NL:Q:43180110;Prins Bernhardpark;Lonneker;0,2;0,8;0,0;0,2;0,0;0,1
21;NL:Q:43180120;Prins Bernhardpark;Lonneker;0,6;0,1;0,2;0,1;0,0;0,0
21;NL:Q:43180130;Veendijk;Lonneker;0,1;0,6;0,1;0,3;0,0;0,1
21;NL:Q:43180140;Veendijk;Lonneker;0,8;0,4;0,4;0,0;0,1;0,0
21;NL:Q:43180160;Hanzepoort;Oldenzaal;15,6;7,2;1,8;0,9;1,2;0,6
21;NL:Q:43210020;Berfloplein;Hengelo;8,8;0,4;2,1;0,1;0,0;0,0
21;NL:Q:43210040;Brouwerijstraat;Hengelo;0,8;0,2;0,6;0,2;0,0;0,0
21;NL:Q:43210050;Brouwerijstraat;Hengelo;0,3;1,8;0,3;1,0;0,0;0,0
21;NL:Q:43210060;Twekkelerplein;Hengelo;5,3;0,5;2,3;0,2;0,0;0,0
21;NL:Q:43210070;Twekkelerplein;Hengelo;0,6;6,0;0,2;2,8;0,0;0,0
21;NL:Q:43210080;Athenestraat;Hengelo;2,4;0,5;0,7;0,0;0,0;0,0
21;NL:Q:43210090;Athenestraat;Hengelo;0,2;2,9;0,0;0,7;0,0;0,0
21;NL:Q:43210100;Berfloplein;Hengelo;0,7;9,8;0,2;3,1;0,0;0,0
21;NL:Q:43210110;Berfloweg;Hengelo;0,6;3,8;0,9;1,7;0,0;0,0
21;NL:Q:43210120;Berfloweg;Hengelo;2,1;0,0;0,5;0,0;0,0;0,0
21;NL:Q:43210130;Pruisische Veldweg;Hengelo;0,7;3,1;0,2;1,2;0,0;0,0
21;NL:Q:43210140;Pruisische Veldweg;Hengelo;2,6;0,0;0,5;0,0;0,0;0,0
21;NL:Q:43210150;Vuurdoornplein;Hengelo;13,2;28,3;2,6;5,4;0,0;0,0
21;NL:Q:43210160;Vuurdoornplein;Hengelo;15,6;0,1;3,5;0,0;0,0;0,0
21;NL:Q:43210170;Goudenregenstraat;Hengelo;0,6;2,2;0,3;1,1;0,0;0,0
21;NL:Q:43210180;Jasmijnstraat;Hengelo;11,6;8,6;2,1;1,1;0,0;0,0
21;NL:Q:43210190;Heraklesstraat;Hengelo;0,9;11,2;0,1;2,0;0,0;0,0
21;NL:Q:43210200;Heraklesstraat;Hengelo;11,4;0,5;3,4;0,0;0,0;0,0
21;NL:Q:43210290;Gerardus Majella;Hengelo;7,8;18,2;4,5;7,8;1,9;4,3
21;NL:Q:43210300;Gerardus Majella;Hengelo;13,8;8,2;5,9;5,5;2,4;2,8
21;NL:Q:43210380;Wkc Hengelose Es;Hengelo;57,4;9,5;19,0;3,2;0,0;0,0
21;NL:Q:43210390;Wkc Hengelose Es;Hengelo;11,4;62,3;5,8;27,0;5,7;13,3
21;NL:Q:43210430;Achterhoek;Hengelo;13,0;1,5;2,5;0,4;0,0;0,0
21;NL:Q:43210440;Achterhoek;Hengelo;1,7;13,0;0,6;3,7;0,4;2,2
21;NL:Q:43210520;Steenmeijerstraat;Hengelo;6,2;2,1;4,3;2,1;0,8;0,1
21;NL:Q:43210580;Pasteurstraat;Hengelo;7,3;8,1;4,9;5,3;1,1;1,4
21;NL:Q:43210590;Twickelcollege;Hengelo;10,7;7,9;4,6;3,4;1,5;1,3
21;NL:Q:43210610;Narcisstraat;Hengelo;2,7;3,4;1,1;1,5;0,4;0,7
21;NL:Q:43210645;Industriestraat;Hengelo;0,8;4,3;1,0;1,9;0,3;0,7
21;NL:Q:43210650;Nijverheidsstraat;Hengelo;1,2;1,5;0,9;1,2;0,4;0,3
21;NL:Q:43210655;Industriestraat;Hengelo;0,5;1,6;0,0;0,0;0,0;0,0
21;NL:Q:43210670;Krabbenbosplein;Hengelo;4,2;5,1;4,1;5,0;1,0;1,1
21;NL:Q:43210690;Catharinastraat;Hengelo;3,7;5,2;2,3;3,7;1,0;1,9
21;NL:Q:43210710;Gezinastraat;Hengelo;3,5;5,4;3,8;4,9;0,5;0,9
21;NL:Q:43210730;Laurastraat;Hengelo;2,0;3,2;1,6;2,9;0,2;0,9
21;NL:Q:43210750;Babcockstraat;Hengelo;1,4;3,6;1,2;2,2;0,3;0,9
21;NL:Q:43210770;Zernikestraat;Hengelo;2,7;5,5;2,4;3,2;0,4;1,0
21;NL:Q:43210790;Meijersweg;Hengelo;0,8;1,7;0,5;1,4;0,2;0,5
21;NL:Q:43210820;Willem de Clerqstraat;Hengelo;14,5;8,9;0,4;2,8;0,1;0,3
21;NL:Q:43210830;Willem de Clerqstraat;Hengelo;0,7;26,6;0,0;0,0;0,0;0,0
21;NL:Q:43210850;Lansinkesweg;Hengelo;45,4;13,4;2,1;0,2;0,6;0,1
21;NL:Q:43210860;Lansinkesweg;Hengelo;5,0;91,0;0,4;3,0;0,3;1,5
21;NL:Q:43210890;GOLS-straat;Hengelo;0,1;1,1;0,1;0,0;0,0;0,0
21;NL:Q:43210940;Griegstraat;Hengelo;4,9;4,4;4,0;3,5;0,5;1,0
21;NL:Q:43210960;Kasbah;Hengelo;11,3;12,3;6,5;6,9;0,8;1,4
21;NL:Q:43210980;Paganinistraat;Hengelo;8,3;9,2;5,7;5,4;0,5;1,0
21;NL:Q:43211011;Centraal Station;Hengelo;653,0;3,7;248,0;2,2;145,5;1,0
21;NL:Q:43211012;Centraal Station;Hengelo;100,3;40,0;37,5;2,5;4,4;0,9
21;NL:Q:43211016;Centraal Station;Hengelo;77,8;139,4;46,3;66,0;12,9;12,7
21;NL:Q:43211017;Centraal Station;Hengelo;78,0;73,5;20,4;20,2;0,0;0,0
21;NL:Q:43211019;Centraal Station;Hengelo;421,8;37,4;121,0;12,2;70,5;0,4
21;NL:Q:43211020;Centraal Station;Hengelo;981,6;816,9;243,9;233,4;213,7;64,3
21;NL:Q:43211021;Centraal Station;Hengelo;2,9;0,1;0,0;0,0;23,4;1,8
21;NL:Q:43211022;Centraal Station;Hengelo;7,6;0,0;2,6;0,0;2,1;0,0
21;NL:Q:43211023;Centraal Station;Hengelo;143,4;22,7;46,3;0,6;17,2;0,1
21;NL:Q:43211024;Centraal Station;Hengelo;248,7;1234,3;50,9;382,9;12,1;199,8
21;NL:Q:43211030;Grundellaan;Hengelo;0,7;1,3;0,4;0,3;0,2;0,1
21;NL:Q:43211040;Grundellaan;Hengelo;1,3;2,6;0,1;1,0;0,1;0,3
21;NL:Q:43211060;Staringstraat;Hengelo;9,1;4,3;3,3;1,7;0,7;0,4
21;NL:Q:43211070;Klaverstraat;Hengelo;3,5;1,7;1,7;1,3;0,3;0,0
21;NL:Q:43211080;Klaverstraat;Hengelo;1,3;3,0;0,9;2,1;0,1;0,3
21;NL:Q:43211090;Van Koetsveldstraat;Hengelo;6,0;0,4;4,2;0,1;0,3;0,3
21;NL:Q:43211100;Van Koetsveldstraat;Hengelo;0,5;6,8;0,1;5,3;0,4;1,9
21;NL:Q:43211110;Rhijnvis Feithstraat;Hengelo;18,5;0,5;5,3;0,2;1,6;0,2
21;NL:Q:43211120;Rhijnvis Feithstraat;Hengelo;0,6;17,6;0,2;6,4;0,1;1,5
21;NL:Q:43211130;Jan Prinsstraat;Hengelo;13,3;0,5;6,0;0,1;1,3;0,0
21;NL:Q:43211140;Jan Prinsstraat;Hengelo;2,2;47,8;1,1;19,2;0,3;3,9
21;NL:Q:43211150;Willem de Merodestraat;Hengelo;12,7;3,7;4,8;2,6;1,3;0,4
21;NL:Q:43211170;'t Swafert;Hengelo;10,3;7,4;7,8;5,1;1,8;1,6
21;NL:Q:43211190;Wkc Groot Driene;Hengelo;28,1;3,0;14,1;2,9;3,6;0,2
21;NL:Q:43211200;Boomgaard;Hengelo;18,7;10,1;8,8;4,8;1,5;1,2
21;NL:Q:43211230;Sportlaan Driene;Hengelo;8,9;19,9;3,6;6,6;1,1;1,3
21;NL:Q:43211240;IKEA;Hengelo;7,7;32,4;6,5;23,7;3,0;11,0
21;NL:Q:43211250;IKEA;Hengelo;30,1;11,4;22,2;6,3;10,3;1,9
21;NL:Q:43211260;Vosboer;Hengelo;4,6;16,5;0,8;2,3;0,3;1,0
21;NL:Q:43211270;Vosboer;Hengelo;13,3;4,5;0,9;0,6;0,7;0,4
21;NL:Q:43211280;Wkc Groot Driene;Hengelo;7,9;1,1;0,0;0,0;0,0;0,0
21;NL:Q:43211290;Wkc Groot Driene;Hengelo;0,5;5,7;0,0;0,0;0,0;0,0
21;NL:Q:43211350;Wkc Hasselo;Hengelo;65,1;8,8;36,3;4,6;16,0;0,4
21;NL:Q:43211360;Wkc Hasselo;Hengelo;6,1;52,9;3,1;22,3;0,0;0,0
21;NL:Q:43211370;Wkc Hasselo;Hengelo;0,2;11,8;0,4;12,3;0,8;18,9
21;NL:Q:43211380;Robert Stolzstraat;Hengelo;1,1;5,0;1,1;4,5;2,7;6,3
21;NL:Q:43211410;Middelhoek;Hengelo;40,3;17,5;16,1;9,4;8,8;8,7
21;NL:Q:43211420;Middelhoek;Hengelo;4,8;22,7;1,1;5,8;0,0;0,0
21;NL:Q:43211450;Molendijkhoek;Hengelo;39,5;15,0;18,6;8,9;7,9;9,9
21;NL:Q:43211460;Molendijkhoek;Hengelo;2,3;24,0;0,3;7,6;0,0;0,0
21;NL:Q:43211490;Bovenhoek;Hengelo;85,5;24,4;37,5;14,8;16,1;15,7
21;NL:Q:43211500;Bovenhoek;Hengelo;4,3;57,9;0,9;19,0;0,0;0,0
21;NL:Q:43211510;Bruninkshoek;Hengelo;49,3;12,0;16,2;5,7;7,5;4,8
21;NL:Q:43211520;Bruninkshoek;Hengelo;2,1;33,3;0,4;11,4;0,0;0,0
21;NL:Q:43211530;Schothorsthoek;Hengelo;21,4;0,8;8,8;0,5;4,5;0,1
21;NL:Q:43211540;Schothorsthoek;Hengelo;0,3;21,8;0,2;10,6;0,1;6,4
21;NL:Q:43211570;Tijertshoek;Hengelo;13,4;16,3;3,4;4,5;0,0;0,0
21;NL:Q:43211580;Tijertshoek;Hengelo;22,1;17,5;5,3;4,6;0,0;0,0
21;NL:Q:43211590;Plein;Hengelo;5,7;1,6;3,8;0,8;2,2;0,1
21;NL:Q:43211600;Plein;Hengelo;2,4;5,8;1,1;4,1;0,7;1,7
21;NL:Q:43211610;Campus West;Hengelo;18,6;5,4;0,8;0,3;0,4;0,1
21;NL:Q:43211620;Campus West;Hengelo;5,4;14,6;0,2;0,6;0,0;0,2
21;NL:Q:43211630;Holec;Hengelo;15,2;2,6;0,4;0,3;0,0;0,0
21;NL:Q:43211640;Holec;Hengelo;2,5;15,9;0,8;0,7;0,8;0,3
21;NL:Q:43211670;Stadskantoor;Hengelo;41,3;5,4;2,5;0,4;0,0;0,0
21;NL:Q:43211680;Stadskantoor;Hengelo;4,9;45,7;1,0;4,5;1,7;3,8
21;NL:Q:43211710;Roershoek;Hengelo;26,2;25,8;6,0;10,5;4,6;7,4
21;NL:Q:43211720;Roershoek;Hengelo;21,8;19,9;4,0;3,2;0,0;0,0
21;NL:Q:43211730;Kristenbos;Hengelo;33,9;6,8;10,1;0,8;0,0;0,0
21;NL:Q:43211740;Kristenbos;Hengelo;6,2;32,9;3,4;15,0;4,8;6,6
21;NL:Q:43211750;Beekpark;Hengelo;9,2;28,5;3,2;9,6;4,4;6,2
21;NL:Q:43211760;Beekpark;Hengelo;31,5;10,0;6,5;1,1;0,0;0,0
21;NL:Q:43211870;Wkc Slangenbeek;Hengelo;31,0;59,8;11,8;26,2;13,9;14,2
21;NL:Q:43211880;Wkc Slangenbeek;Hengelo;62,0;31,4;20,5;6,1;0,0;0,0
21;NL:Q:43212010;Grundellaan;Hengelo;42,6;9,3;7,7;1,5;2,3;0,7
21;NL:Q:43212020;Grundellaan;Hengelo;12,7;44,8;0,9;7,9;0,6;2,3
21;NL:Q:43212030;Haverweg;Hengelo;55,7;2,2;19,3;0,9;5,6;0,3
21;NL:Q:43212040;Haverweg;Hengelo;0,2;61,5;0,1;23,2;0,0;5,7
21;NL:Q:43212050;Henriette Roland Holststraat;Hengelo;5,1;0,2;0,0;0,0;0,0;0,0
21;NL:Q:43212060;Oude Grensweg;Hengelo;24,5;21,9;11,1;8,1;3,4;3,4
21;NL:Q:43212080;Henriette Roland Holststraat;Hengelo;0,3;4,2;0,0;0,0;0,0;0,0
21;NL:Q:43212100;De Brink;Hengelo;25,9;4,6;17,5;1,0;6,4;0,7
21;NL:Q:43212110;De Brink;Hengelo;1,2;53,2;0,4;63,3;0,9;14,4
21;NL:Q:43212120;Essent;Hengelo;11,8;3,1;1,0;0,8;0,4;0,2
21;NL:Q:43212130;Essent;Hengelo;2,2;16,3;0,5;1,8;0,2;0,3
21;NL:Q:43212140;Twente Milieu;Hengelo;6,0;0,7;0,6;0,2;0,2;0,0
21;NL:Q:43212150;Twente Milieu;Hengelo;1,0;7,3;0,2;1,1;0,1;0,1
21;NL:Q:43212180;Expo Westermaat;Hengelo;0,4;0,1;0,1;0,1;0,1;0,0
21;NL:Q:43212190;Expo Westermaat;Hengelo;0,2;0,8;0,0;0,1;0,0;0,2
21;NL:Q:43212260;Thiemsbrug;Hengelo;30,9;9,2;18,9;2,8;8,0;2,5
21;NL:Q:43212270;'t Wilbert West;Hengelo;2,2;2,5;1,2;2,8;0,4;0,3
21;NL:Q:43212280;'t Wilbert West;Hengelo;1,2;1,7;0,6;1,2;0,2;0,3
21;NL:Q:43212290;'t Wilbert Oost;Hengelo;17,4;1,8;3,7;0,6;0,0;0,0
21;NL:Q:43212300;'t Wilbert Oost;Hengelo;2,6;18,4;0,9;7,5;0,4;4,6
21;NL:Q:43212410;'t Loo;Hengelo;0,7;2,3;0,0;0,0;0,0;0,0
21;NL:Q:43212420;'t Loo;Hengelo;1,1;0,8;0,0;0,0;0,0;0,0
21;NL:Q:43212430;Havenstraat;Hengelo;0,0;0,0;0,0;0,0;0,0;0,0
21;NL:Q:43212480;Boldershoekweg;Hengelo;0,1;0,0;0,0;0,0;0,0;0,0
21;NL:Q:43212540;Onyxstraat;Hengelo;0,0;0,0;0,0;0,0;0,0;0,0
21;NL:Q:43212550;Makro;Hengelo;0,0;0,0;0,0;0,0;0,0;0,0
21;NL:Q:43212560;Makro;Hengelo;0,3;0,0;0,0;0,0;0,0;0,0
21;NL:Q:43212590;Thiemsbrug;Hengelo;48,7;8,3;40,7;2,7;13,8;1,3
21;NL:Q:43212600;Thiemsbrug;Hengelo;9,7;66,8;3,6;53,0;2,4;22,2
21;NL:Q:43212610;Campus Oost;Hengelo;8,1;0,6;0,4;0,2;0,0;0,0
21;NL:Q:43212620;Campus Oost;Hengelo;0,6;11,5;0,1;1,0;0,4;0,8
21;NL:Q:43212750;Europalaan;Hengelo;2,8;0,2;0,0;0,0;0,0;0,0
21;NL:Q:43212760;Europalaan;Hengelo;0,0;2,5;0,0;0,0;0,0;0,0
21;NL:Q:43212810;Buitenweg;Hengelo;3,9;7,5;1,3;2,8;1,7;1,2
21;NL:Q:43212820;Buitenweg;Hengelo;6,7;5,0;2,1;0,9;0,8;0,8
21;NL:Q:43212830;Geerdinksweg;Hengelo;3,7;8,0;0,9;4,9;1,2;1,4
21;NL:Q:43212840;Geerdinksweg;Hengelo;5,0;3,9;4,5;1,2;1,4;0,4
21;NL:Q:43212850;IJsselstraat;Hengelo;2,8;10,4;4,2;2,7;0,5;0,8
21;NL:Q:43212860;IJsselstraat;Hengelo;12,2;10,8;2,8;1,2;0,6;0,6
21;NL:Q:43212870;Vockersweg;Hengelo;2,9;44,0;0,2;3,9;0,2;0,2
21;NL:Q:43212880;Vockersweg;Hengelo;37,0;3,2;0,7;0,1;0,2;0,1
21;NL:Q:43212900;Platinastraat;Hengelo;39,3;8,1;3,8;2,1;0,9;1,1
21;NL:Q:43212910;Dieselstraat;Hengelo;11,3;1,9;7,4;1,4;2,6;1,2
21;NL:Q:43212920;Dieselstraat;Hengelo;1,4;7,0;1,1;4,7;0,8;1,7
21;NL:Q:43212930;Platinastraat;Hengelo;6,4;1,1;0,0;0,0;0,0;0,0
21;NL:Q:43213010;M.A. de Ruyterstraat;Hengelo;1,6;10,5;0,2;0,5;0,0;0,0
21;NL:Q:43213020;M.A. de Ruyterstraat;Hengelo;9,6;0,6;0,5;0,3;0,5;0,4
21;NL:Q:43213050;Backenhagenlaan;Hengelo;1,0;12,1;0,3;2,2;0,0;0,0
21;NL:Q:43213060;Backenhagenlaan;Hengelo;12,7;1,9;3,4;0,5;2,6;1,0
21;NL:Q:43213070;Hamerstraat;Hengelo;0,6;7,8;0,2;1,0;0,0;0,0
21;NL:Q:43213080;Hamerstraat;Hengelo;8,9;1,2;2,4;0,3;1,8;0,5
21;NL:Q:43213090;Klaas de Rookstraat;Hengelo;0,3;10,3;0,2;2,6;0,0;0,0
21;NL:Q:43213100;Klaas de Rookstraat;Hengelo;12,8;2,3;4,5;1,5;6,4;3,4
21;NL:Q:43213150;Westelijke Esweg;Hengelo;5,8;2,4;1,9;0,4;0,0;0,0
21;NL:Q:43213170;Westelijke Esweg;Hengelo;2,2;6,6;0,4;1,8;0,0;0,0
21;NL:Q:43213300;ZGT Hoofdingang;Hengelo;21,0;15,9;2,8;1,6;1,1;0,8
21;NL:Q:43213320;Aletta Jacobslaan;Hengelo;3,7;3,2;1,7;1,8;0,9;0,9
21;NL:Q:43213340;Sabina Klinkhamerweg;Hengelo;5,1;4,2;2,0;1,8;0,5;0,4
21;NL:Q:43214030;Het Broek;Hengelo;27,7;45,4;7,2;14,9;9,9;9,2
21;NL:Q:43214040;Het Broek;Hengelo;43,8;24,1;9,6;3,6;0,0;0,0
21;NL:Q:43214050;Akzo Poort 1;Hengelo;0,0;0,1;0,0;0,0;0,0;0,0
21;NL:Q:43214060;Akzo Poort 1;Hengelo;0,0;0,0;0,0;0,0;0,0;0,0
21;NL:Q:43214070;Willem de Kooningstraat;Hengelo;19,7;1,4;3,4;0,1;0,0;0,0
21;NL:Q:43214080;Willem de Kooningstraat;Hengelo;1,1;19,8;0,6;4,2;0,9;2,0
21;NL:Q:43214990;Station Hengelo Oost;Hengelo;1,1;5,0;0,0;0,0;0,0;0,0
21;NL:Q:43215000;Station Hengelo Oost;Hengelo;11,3;8,2;2,7;3,4;0,5;0,7
21;NL:Q:43215010;Klein Driene;Hengelo;36,0;6,7;17,0;3,4;8,7;2,2
21;NL:Q:43215020;Klein Driene;Hengelo;5,9;36,0;3,0;17,2;1,6;8,9
21;NL:Q:43215030;De Noork;Hengelo;45,4;5,9;17,5;3,8;10,1;1,9
21;NL:Q:43215040;De Noork;Hengelo;5,3;49,6;3,6;20,3;2,3;16,6
21;NL:Q:43218090;Sabastraat;Hengelo;8,3;5,0;4,1;3,5;0,9;0,3
21;NL:Q:43218110;Balistraat;Hengelo;2,1;0,8;1,2;0,7;0,2;0,2
21;NL:Q:43218130;Mitchamplein;Hengelo;0,9;1,4;0,4;1,0;0,1;1,1
21;NL:Q:43220011;Molkenboer;Oldenzaal;19,2;7,3;1,3;2,8;0,0;0,0
21;NL:Q:43220012;Molkenboer;Oldenzaal;6,4;20,9;3,0;1,7;0,0;0,0
21;NL:Q:43220100;Kalheupinklaan;Oldenzaal;0,1;0,3;0,0;0,0;0,0;0,0
21;NL:Q:43220110;Kalheupinklaan;Oldenzaal;0,0;0,3;0,0;0,1;0,0;0,0
21;NL:Q:43220120;Guido Gezellestraat;Oldenzaal;6,8;5,3;0,0;0,0;0,0;0,0
21;NL:Q:43220150;Johanna van Burenlaan;Oldenzaal;6,1;7,2;2,3;3,3;0,0;0,0
21;NL:Q:43220170;Wkc De Thij;Oldenzaal;81,5;80,2;9,5;9,2;0,0;0,0
21;NL:Q:43220190;Cato Elderinklaan;Oldenzaal;12,5;14,6;3,1;2,7;0,0;0,0
21;NL:Q:43220195;Fr. van Eedenstraat;Oldenzaal;21,1;12,6;0,0;0,0;0,0;0,0
21;NL:Q:43220260;Saasvelderlaan;Oldenzaal;10,8;9,2;2,2;2,6;0,0;0,0
21;NL:Q:43220270;Oude Postweg;Oldenzaal;1,3;1,5;0,4;0,6;0,5;0,5
21;NL:Q:43220280;Oude Postweg;Oldenzaal;0,9;3,5;0,4;0,4;0,3;0,4
21;NL:Q:43220290;Nardusboer;Oldenzaal;5,1;4,3;2,1;1,8;0,0;0,0
21;NL:Q:43220400;Griekenlandlaan;Oldenzaal;5,0;0,1;0,6;0,0;0,0;0,0
21;NL:Q:43220410;Ziekenhuis;Oldenzaal;24,7;21,5;4,6;12,9;1,3;6,7
21;NL:Q:43220411;Ziekenhuis;Oldenzaal;14,4;35,1;5,6;6,3;2,4;1,8
21;NL:Q:43220430;Hofmeijerstraat;Oldenzaal;8,5;23,4;3,6;5,5;1,2;2,4
21;NL:Q:43220440;Hofmeijerstraat;Oldenzaal;11,4;9,1;3,9;5,7;1,4;1,2
21;NL:Q:43220450;Vos de Waelstraat;Oldenzaal;44,6;27,8;11,9;9,5;3,9;3,8
21;NL:Q:43220460;Vos de Waelstraat;Oldenzaal;38,3;43,8;10,5;15,4;4,8;3,9
21;NL:Q:43220470;Richter Bosstraat;Oldenzaal;9,7;19,8;4,0;9,6;2,2;3,8
21;NL:Q:43220490;Thijsniederweg;Oldenzaal;13,6;5,6;4,5;1,6;0,0;0,0
21;NL:Q:43220500;Koksweg;Oldenzaal;1,8;0,9;0,3;0,1;0,2;0,3
21;NL:Q:43220511;Tijgaardenstraat;Oldenzaal;2,1;9,9;1,0;3,2;0,0;0,0
21;NL:Q:43220521;Tijgaardenstraat;Oldenzaal;9,2;1,3;3,6;0,8;0,0;0,0
21;NL:Q:43220531;Viaduct Graven Es;Oldenzaal;1,0;9,4;0,2;2,1;0,0;0,0
21;NL:Q:43220541;Viaduct Graven Es;Oldenzaal;9,6;0,6;2,1;0,1;0,0;0,0
21;NL:Q:43220551;Engelbertinklaan;Oldenzaal;0,4;13,7;0,0;3,8;0,0;0,0
21;NL:Q:43220561;Engelbertinklaan;Oldenzaal;13,7;0,2;3,2;0,2;0,0;0,0
21;NL:Q:43220570;Hunenveldweg;Oldenzaal;0,7;28,4;0,1;5,3;0,0;0,0
21;NL:Q:43220580;Hunenveldweg;Oldenzaal;23,6;0,4;3,9;0,0;0,0;0,0
21;NL:Q:43220590;Griekenlandlaan;Oldenzaal;0,9;3,5;0,1;1,4;0,0;0,0
21;NL:Q:43220690;Wkc De Essen;Oldenzaal;10,1;3,7;0,5;1,7;0,0;0,0
21;NL:Q:43220700;Wkc De Essen;Oldenzaal;4,6;9,3;1,1;1,0;0,0;0,0
21;NL:Q:43220710;Nachtschade;Oldenzaal;2,9;3,3;0,2;0,2;0,0;0,0
21;NL:Q:43220720;Nachtschade;Oldenzaal;3,8;2,5;0,3;0,4;0,0;0,0
21;NL:Q:43220730;Zevenblad;Oldenzaal;6,2;3,3;0,6;0,9;0,0;0,0
21;NL:Q:43220740;Zevenblad;Oldenzaal;6,9;5,7;0,9;0,8;0,0;0,0
21;NL:Q:43220760;Bentheimergraven;Oldenzaal;3,4;3,0;0,3;0,2;0,0;0,0
21;NL:Q:43220761;Bentheimergraven;Oldenzaal;3,1;2,4;0,1;0,2;0,0;0,0
21;NL:Q:43220790;Thijlaan;Oldenzaal;3,8;4,4;0,3;0,5;0,0;0,0
21;NL:Q:43220841;Station;Oldenzaal;203,8;192,4;30,0;26,1;11,0;14,2
21;NL:Q:43220842;Station;Oldenzaal;129,4;170,5;28,0;79,8;9,8;34,3
21;NL:Q:43220843;Station;Oldenzaal;46,1;53,0;7,6;6,3;0,0;0,0
21;NL:Q:43220851;Hyacintstraat;Oldenzaal;1,5;5,4;0,7;2,1;0,0;0,0
21;NL:Q:43220861;Hyacintstraat;Oldenzaal;5,7;2,5;1,2;1,9;0,0;0,0
21;NL:Q:43220900;Station;Oldenzaal;310,8;160,7;91,3;30,9;39,3;15,2
21;NL:Q:43220910;Station;Oldenzaal;164,4;292,9;39,9;35,5;0,0;0,0
21;NL:Q:43220930;Vondellaan;Oldenzaal;10,1;11,2;0,0;0,0;0,0;0,0
21;NL:Q:43221040;Loweg;Oldenzaal;0,6;0,7;0,2;0,6;0,1;0,9
21;NL:Q:43221210;Wkc Zuid Berghuizen;Oldenzaal;54,9;10,0;22,1;3,3;6,6;0,4
21;NL:Q:43221220;Wkc Zuid Berghuizen;Oldenzaal;12,9;50,6;4,9;19,0;0,6;5,3
21;NL:Q:43221250;Schapendijk;Oldenzaal;10,0;2,9;2,3;0,7;0,9;0,2
21;NL:Q:43221260;Schapendijk;Oldenzaal;3,2;16,4;1,2;5,2;0,0;1,8
21;NL:Q:43221270;Lossersestraat;Oldenzaal;1,6;1,1;0,2;0,1;0,0;0,0
21;NL:Q:43221280;Lossersestraat;Oldenzaal;0,3;2,0;0,0;0,7;0,0;0,0
21;NL:Q:43221290;Postweg;Losser;0,5;0,6;0,1;0,2;0,0;0,0
21;NL:Q:43221300;Postweg;Losser;0,5;0,8;0,1;0,2;0,0;0,0
21;NL:Q:43221450;J.H. Nieuwenhuisstraat;Oldenzaal;28,3;4,8;5,9;1,3;3,1;0,2
21;NL:Q:43221460;J.H. Nieuwenhuisstraat;Oldenzaal;6,3;30,3;1,3;6,7;0,4;2,6
21;NL:Q:43221470;Elsmors;Oldenzaal;12,8;1,1;1,4;0,4;0,5;0,1
21;NL:Q:43221480;Elsmors;Oldenzaal;0,8;12,9;0,0;1,6;0,1;0,4
21;NL:Q:43221500;Hanzepoort;Oldenzaal;6,3;19,0;0,9;2,4;0,3;1,1
21;NL:Q:43221510;Zandhorstlaan;Oldenzaal;12,2;10,7;4,1;2,8;0,0;0,0
21;NL:Q:43221530;Hunenveldlaan;Oldenzaal;11,0;3,5;2,1;1,1;0,0;0,0
21;NL:Q:43222010;Ganzenmarkt;Oldenzaal;0,3;0,2;0,2;0,0;0,0;0,0
21;NL:Q:43222020;Ganzenmarkt;Oldenzaal;0,1;0,6;0,0;0,2;0,0;0,0
21;NL:Q:43222030;De Molenkamp;Oldenzaal;0,2;0,6;0,0;0,0;0,0;0,0
21;NL:Q:43222040;De Molenkamp;Oldenzaal;0,1;0,4;0,2;0,1;0,0;0,0
21;NL:Q:43222060;De Grote Zwaan;De Lutte;0,0;0,2;0,0;0,1;0,0;0,0
21;NL:Q:43222070;Begraafplaats;Oldenzaal;0,5;10,6;0,0;0,0;0,0;0,0
21;NL:Q:43222080;Begraafplaats;Oldenzaal;13,0;0,3;0,0;0,0;0,0;0,0
21;NL:Q:43222650;Oliemolenstraat;Oldenzaal;30,1;27,0;7,8;6,1;4,0;5,4
21;NL:Q:43222660;Oliemolenstraat;Oldenzaal;17,4;9,7;2,1;0,9;0,8;0,2
21;NL:Q:43230010;Bentelerweg;Stepelo;0,0;0,9;0,0;0,5;0,0;0,4
21;NL:Q:43230030;Beckummerweg;Stepelo;0,7;2,1;0,1;0,4;0,1;0,2
21;NL:Q:43230040;Beckummerweg;Stepelo;1,6;0,6;0,5;0,2;0,3;0,0
21;NL:Q:43230050;Deelweg;Stepelo;0,3;1,7;0,2;0,7;0,2;0,4
21;NL:Q:43230060;Deelweg;Stepelo;1,3;0,4;0,6;0,3;0,2;0,3
21;NL:Q:43230070;Hulstweg;Stepelo;0,3;2,2;0,0;0,2;0,0;0,3
21;NL:Q:43230080;Hulstweg;Stepelo;2,1;0,7;0,2;0,0;0,2;0,0
21;NL:Q:43230110;Metaalstraat;Haaksbergen;2,3;10,8;0,3;1,2;0,1;0,3
21;NL:Q:43230120;Metaalstraat;Haaksbergen;9,2;2,9;0,5;0,3;0,3;0,1
21;NL:Q:43230140;Veldmaterstraat;Haaksbergen;1,6;49,3;0,5;13,4;0,3;8,9
21;NL:Q:43240010;De Grote Zwaan;De Lutte;0,4;0,0;0,2;0,0;0,0;0,0
21;NL:Q:43240030;Hanhofweg;De Lutte;0,0;1,0;0,0;0,3;0,0;0,0
21;NL:Q:43240040;Hanhofweg;De Lutte;0,2;0,0;0,0;0,1;0,0;0,0
21;NL:Q:43240050;R.K. Kerk;De Lutte;3,9;8,4;0,4;0,8;0,0;0,0
21;NL:Q:43240100;Sporthal;De Lutte;1,0;0,2;0,1;0,0;0,0;0,0
21;NL:Q:43250050;Losserhof;Losser;1,5;4,6;0,1;1,6;0,0;0,0
21;NL:Q:43250060;Losserhof;Losser;3,8;2,0;1,1;0,2;0,0;0,0
21;NL:Q:43250090;Snippertweg;Losser;0,1;0,8;0,0;0,3;0,0;0,0
21;NL:Q:43250100;Snippertweg;Losser;0,8;0,2;0,4;0,0;0,0;0,0
21;NL:Q:43250110;Irisstraat;Losser;1,1;10,7;0,2;2,2;0,0;0,0
21;NL:Q:43250120;Irisstraat;Losser;13,0;1,1;2,3;0,3;0,0;0,0
21;NL:Q:43250130;R.K. Kerk;Losser;7,7;155,7;3,0;47,1;1,4;20,4
21;NL:Q:43250140;R.K. Kerk;Losser;152,4;8,1;49,3;3,9;20,8;1,4
21;NL:Q:43250150;Langenkamp;Losser;8,0;59,5;4,2;19,2;1,6;9,8
21;NL:Q:43250160;Langenkamp;Losser;64,7;7,3;22,2;5,3;9,9;2,0
21;NL:Q:43250170;Arendstraat;Losser;3,3;63,7;1,7;18,0;0,9;11,7
21;NL:Q:43250180;Arendstraat;Losser;71,0;3,2;20,8;2,7;10,4;2,3
21;NL:Q:43250190;Schorfhaar;Losser;0,0;0,2;0,0;0,0;0,0;0,0
21;NL:Q:43250200;Schorfhaar;Losser;0,0;0,0;0,0;0,0;0,0;0,0
21;NL:Q:43250370;Prins Bernhardstraat;Overdinkel;0,4;32,1;0,3;10,9;0,2;5,8
21;NL:Q:43250380;Prins Bernhardstraat;Overdinkel;32,5;0,4;11,5;0,1;5,2;0,0
21;NL:Q:43250390;Tjibbe Knolstraat;Overdinkel;0,5;30,5;0,4;10,8;0,2;4,3
21;NL:Q:43250400;Schoolstraat;Overdinkel;95,3;72,0;29,8;19,6;14,1;10,6
21;NL:Q:43250440;Tjibbe Knolstraat;Overdinkel;15,4;0,1;5,9;0,4;2,7;0,0
21;NL:Q:43250510;Pompstation;Losser;0,1;1,1;0,0;0,2;0,1;0,2
21;NL:Q:43250520;R.K. Kerk;Overdinkel;23,2;0,1;8,8;0,0;5,5;0,0
21;NL:Q:43250530;Kranengoorweg;Losser;0,0;1,3;0,1;2,3;0,0;0,5
21;NL:Q:43250540;Kranengoorweg;Losser;1,0;0,1;0,9;0,0;0,3;0,0
21;NL:Q:43250550;Broekhoekweg;Losser;0,2;4,5;0,0;2,9;0,0;1,1
21;NL:Q:43250560;Broekhoekweg;Losser;3,6;0,2;3,0;0,0;1,3;0,1
21;NL:Q:43250570;St. Martinusschool;Losser;0,5;16,9;0,2;6,5;0,0;4,4
21;NL:Q:43250580;St. Martinusschool;Losser;15,4;0,6;6,4;0,3;3,9;0,2
21;NL:Q:43250590;Dinkelbrug;Losser;0,9;2,9;0,1;0,4;0,0;0,2
21;NL:Q:43250600;Dinkelbrug;Overdinkel;2,3;0,0;0,5;0,1;0,3;0,0
21;NL:Q:43250610;Strootsweg;Losser;0,0;2,6;1,6;0,2;0,0;0,1
21;NL:Q:43250620;Strootsweg;Overdinkel;2,3;0,0;0,2;0,0;0,1;0,0
21;NL:Q:43250630;Kerkhofweg;Overdinkel;0,1;5,6;0,2;3,8;0,0;0,8
21;NL:Q:43250640;Kerkhofweg;Overdinkel;5,0;0,1;1,2;0,0;0,7;0,0
21;NL:Q:43250650;Haydnstraat;Losser;0,9;70,2;0,3;16,6;0,2;8,9
21;NL:Q:43250660;Haydnstraat;Losser;70,0;1,1;19,5;0,5;10,6;0,5
21;NL:Q:43250710;R.K. Kerk;Overdinkel;0,5;21,9;0,3;8,1;0,6;5,4
21;NL:Q:43251230;De Pol Noord;Losser;2,8;45,0;1,8;6,2;1,3;3,5
21;NL:Q:43251240;De Pol Noord;Losser;46,1;2,4;7,7;2,2;3,0;1,2
21;NL:Q:43310030;Dikkerslaan;Borne;1,5;1,1;1,2;0,2;0,3;0,0
21;NL:Q:43310040;Dikkerslaan;Borne;1,1;1,3;0,3;0,6;0,0;0,4
21;NL:Q:43310050;De Bieffel;Borne;2,8;2,9;0,8;0,5;0,2;0,1
21;NL:Q:43310090;Station;Borne;38,8;42,6;9,4;9,6;3,7;4,2
21;NL:Q:43310110;Europastraat;Borne;4,7;2,4;1,5;0,3;0,7;0,2
21;NL:Q:43310120;Europastraat;Borne;2,3;0,2;0,3;0,1;0,2;0,0
21;NL:Q:43310130;Grotestraat;Borne;7,9;3,8;1,2;0,6;0,6;0,3
21;NL:Q:43310140;Grotestraat;Borne;2,8;6,6;0,4;1,3;0,2;0,7
21;NL:Q:43310230;Paardebloem;Borne;0,1;0,0;0,0;0,0;0,0;0,0
21;NL:Q:43310240;Paardebloem;Borne;0,0;0,1;0,0;0,0;0,0;0,0
21;NL:Q:43310250;Wkc Stroom Esch;Borne;0,4;1,1;0,0;0,0;0,0;0,0
21;NL:Q:43310260;Wkc Stroom Esch;Borne;0,7;0,6;0,0;0,0;0,0;0,0
21;NL:Q:43310270;'t Dijkhuis;Borne;0,1;0,1;0,0;0,0;0,0;0,0
21;NL:Q:43310280;'t Dijkhuis;Borne;0,2;0,1;0,0;0,0;0,0;0,0
21;NL:Q:43310290;Het Witte Huis;Borne;1,1;1,8;0,6;0,8;0,3;0,5
21;NL:Q:43310300;Het Witte Huis;Borne;1,4;2,5;0,7;1,0;0,2;0,6
21;NL:Q:43310330;Hazelaarstraat;Borne;0,1;0,0;0,0;0,1;0,0;0,0
21;NL:Q:43310340;Hazelaarstraat;Borne;0,0;0,1;0,1;0,1;0,0;0,0
21;NL:Q:43310350;Wkc Letterveld;Borne;0,7;0,4;0,1;0,1;0,0;0,0
21;NL:Q:43310360;Wkc Letterveld;Borne;0,3;0,6;0,1;0,1;0,0;0,0
21;NL:Q:43310370;Seringenstraat;Borne;0,3;0,2;0,0;0,1;0,0;0,0
21;NL:Q:43310380;Seringenstraat;Borne;0,3;0,2;0,1;0,0;0,0;0,0
21;NL:Q:43310390;Dreef;Borne;0,4;0,1;0,1;0,0;0,0;0,0
21;NL:Q:43310400;Dreef;Borne;0,2;0,3;0,0;0,1;0,0;0,0
21;NL:Q:43310410;Grotestraat;Borne;0,0;0,1;0,0;0,0;0,0;0,0
21;NL:Q:43310420;Grotestraat;Borne;0,0;0,0;0,0;0,0;0,0;0,0
21;NL:Q:43311010;R.K. Kerk;Hertme;0,2;0,0;0,0;0,0;0,0;0,0
21;NL:Q:43311020;R.K. Kerk;Hertme;0,0;0,8;0,0;0,0;0,0;0,0
21;NL:Q:43311030;Dorsetplein;Borne;0,0;0,4;0,0;0,0;0,0;0,0
21;NL:Q:43311040;Dorsetplein;Borne;0,2;0,1;0,0;0,0;0,0;0,0
21;NL:Q:43320010;Koksweg;Beuningen;0,2;1,4;0,1;0,4;0,0;0,3
21;NL:Q:43320090;Saron;Beuningen;0,5;6,4;0,6;2,0;0,2;1,2
21;NL:Q:43320100;Saron;Beuningen;6,6;0,8;2,0;0,6;2,2;0,2
21;NL:Q:43320140;Beuningen;Beuningen;18,0;0,2;3,2;0,2;1,4;0,0
21;NL:Q:43330010;'t Laantje;Rossum;1,1;0,0;0,2;0,0;0,0;0,0
21;NL:Q:43330030;Paalmaatsdijk;Rossum;0,4;0,0;0,1;0,0;0,0;0,0
21;NL:Q:43330040;Paalmaatsdijk;Rossum;0,0;0,5;0,0;0,1;0,0;0,0
21;NL:Q:43330070;Grotestraat;Rossum;23,1;4,0;1,5;0,5;0,7;0,4
21;NL:Q:43330080;Grotestraat;Rossum;5,1;21,9;0,6;0,8;0,4;0,7
21;NL:Q:43330090;De Weeldbaan;Rossum;8,3;1,1;1,1;0,1;0,5;0,1
21;NL:Q:43330100;De Weeldbaan;Rossum;1,5;9,1;0,3;0,8;0,2;0,3
21;NL:Q:43330110;Tramweg;Rossum;2,0;0,3;0,0;0,0;0,0;0,0
21;NL:Q:43330120;Tramweg;Rossum;0,3;2,1;0,0;0,1;0,0;0,0
21;NL:Q:43330130;Boschweg;Rossum;0,3;0,1;0,1;0,1;0,0;0,0
21;NL:Q:43330140;Boschweg;Rossum;0,1;0,5;0,1;0,0;0,1;0,0
21;NL:Q:43330150;Bibliotheek;Rossum;0,1;0,1;0,0;0,0;0,0;0,0
21;NL:Q:43330160;Loweg;Oldenzaal;0,6;1,8;0,7;0,4;0,4;0,3
21;NL:Q:43330170;De Hersmole;Rossum;0,0;0,0;0,0;0,0;0,0;0,0
21;NL:Q:43330180;De Hersmole;Rossum;0,0;0,0;0,0;0,0;0,0;0,0
21;NL:Q:43340040;R.K. Kerk;Deurningen;10,4;1,0;3,2;0,2;0,0;0,0
21;NL:Q:43340050;R.K. Kerk;Deurningen;0,6;11,4;0,1;2,3;0,0;0,0
21;NL:Q:43340100;Grootsweg;Gammelke;1,0;0,1;0,4;0,0;0,0;0,0
21;NL:Q:43340110;Grootsweg;Gammelke;0,1;1,3;0,1;0,6;0,0;0,0
21;NL:Q:43340120;Wiefferweg;Gammelke;4,4;0,1;0,3;0,1;0,0;0,0
21;NL:Q:43340130;Wiefferweg;Gammelke;0,1;4,3;0,0;0,6;0,0;0,0
21;NL:Q:43340140;Veldzijde;Deurningen;9,8;0,4;2,2;0,1;0,0;0,0
21;NL:Q:43340150;Veldzijde;Deurningen;0,6;7,5;0,0;0,9;0,0;0,0
21;NL:Q:43350010;Bornsestraat;Weerselo;0,1;0,2;0,1;0,3;0,0;0,0
21;NL:Q:43350040;Het Stift;Weerselo;0,3;0,0;0,0;0,0;0,0;0,0
21;NL:Q:43350060;Gemeentehuis;Weerselo;0,6;0,5;0,0;0,0;0,0;0,0
21;NL:Q:43350070;Holtwijkerstraat;Weerselo;1,6;0,4;0,2;0,1;0,0;0,0
21;NL:Q:43350080;Holtwijkerstraat;Weerselo;0,2;2,5;0,0;1,0;0,0;0,0
21;NL:Q:43350090;Deurningerstraat;Weerselo;0,3;0,2;0,0;0,0;0,0;0,0
21;NL:Q:43350100;Deurningerstraat;Weerselo;0,0;0,2;0,0;0,0;0,0;0,0
21;NL:Q:43350110;Oude Weerseloseweg;Lemselo;0,0;0,2;0,0;0,2;0,0;0,0
21;NL:Q:43350120;Oude Weerseloseweg;Lemselo;0,0;0,1;0,1;0,0;0,0;0,0
21;NL:Q:43350130;Morsweg;Lemselo;0,1;0,8;0,2;0,1;0,0;0,0
21;NL:Q:43350140;Morsweg;Lemselo;0,8;0,2;0,1;0,2;0,0;0,0
21;NL:Q:43350170;Ittersbergstraat;Weerselo;25,1;13,9;3,4;2,6;0,0;0,0
21;NL:Q:43350180;Ittersbergstraat;Weerselo;15,6;24,6;2,2;3,2;0,0;0,0
21;NL:Q:43350190;Het Hoikinck;Weerselo;23,1;6,0;4,8;0,5;0,0;0,0
21;NL:Q:43350200;Het Hoikinck;Weerselo;7,8;22,7;0,6;3,6;0,0;0,0
21;NL:Q:43350210;Sporthal;Weerselo;0,0;1,2;0,0;0,0;0,0;0,0
21;NL:Q:43350220;Sporthal;Weerselo;0,2;0,0;0,0;0,0;0,0;0,0
21;NL:Q:43350230;Cafe Bruins;Saasveld;3,5;0,7;0,0;0,0;0,0;0,0
21;NL:Q:43350240;Cafe Bruins;Saasveld;0,4;3,2;0,0;0,0;0,0;0,0
21;NL:Q:43350250;Echelpoelweg;Gammelke;0,0;1,2;0,0;0,1;0,0;0,0
21;NL:Q:43350260;Echelpoelweg;Gammelke;0,3;0,0;0,0;0,0;0,0;0,0
21;NL:Q:43350270;Gammelkerstraat;Gammelke;0,0;1,3;0,0;0,1;0,0;0,0
21;NL:Q:43350280;Gammelkerstraat;Gammelke;1,4;0,1;0,1;0,1;0,0;0,0
21;NL:Q:43350290;Ootmarsumsedijk;Lemselo;0,4;8,8;0,0;0,3;0,0;0,0
21;NL:Q:43350300;Ootmarsumsedijk;Lemselo;9,8;0,7;0,2;0,1;0,0;0,0
21;NL:Q:43350330;Oude Deurningerstraat;Gammelke;1,0;0,0;0,1;0,0;0,0;0,0
21;NL:Q:43350340;Oude Deurningerstraat;Gammelke;0,0;0,2;0,0;0,0;0,0;0,0
21;NL:Q:43350350;Voortmorsstraat;Weerselo;4,6;1,4;0,6;1,0;0,0;0,0
21;NL:Q:43350360;Voortmorsstraat;Weerselo;1,9;5,1;0,4;0,8;0,0;0,0
21;NL:Q:43360131;Mozartstraat;Almelo;1,0;1,1;0,6;0,5;0,0;0,0
21;NL:Q:43380010;Hondorp;Gelselaar;5,6;5,6;0,4;1,1;0,0;0,0
21;NL:Q:43380020;Hondorp;Gelselaar;5,4;5,0;1,2;0,5;0,0;0,0
21;NL:Q:43380070;School;Geesteren;0,1;0,6;0,0;0,0;0,0;0,0
21;NL:Q:43380080;School;Geesteren;0,5;0,1;0,0;0,0;0,0;0,0
21;NL:Q:43380110;Baan;Geesteren;0,8;10,4;0,2;1,0;0,0;0,0
21;NL:Q:43380120;Baan;Geesteren;11,5;1,3;0,6;0,2;0,0;0,0
21;NL:Q:43380150;Bouwhuis;Geesteren;0,4;0,3;0,0;0,1;0,0;0,0
21;NL:Q:43380160;Bouwhuis;Geesteren;0,3;0,0;0,1;0,0;0,0;0,0
21;NL:Q:43400010;Kerkweg;Tilligte;0,0;0,1;0,0;0,0;0,0;0,0
21;NL:Q:43400020;Kerkweg;Tilligte;0,1;0,1;0,0;0,0;0,0;0,0
21;NL:Q:43400040;Wiemselweg;Tilligte;0,0;0,0;0,0;0,0;0,0;0,0
21;NL:Q:43400090;Dusinksweg;Tilligte;0,0;0,0;0,0;0,0;0,0;0,0
21;NL:Q:43400100;Dusinksweg;Tilligte;0,0;0,0;0,0;0,0;0,0;0,0
21;NL:Q:43400120;Cafe Arends;Lattrop;0,7;0,2;0,0;0,0;0,0;0,0
21;NL:Q:43400130;R.K. Kerk;Lattrop;0,2;0,2;0,0;0,0;0,0;0,0
21;NL:Q:43400140;R.K. Kerk;Lattrop;0,6;0,1;0,0;0,0;0,0;0,0
21;NL:Q:43400170;Viersprong;Lattrop;0,0;0,2;0,0;0,0;0,0;0,0
21;NL:Q:43400180;Viersprong;Lattrop;0,1;0,1;0,0;0,0;0,0;0,0
21;NL:Q:43400190;Cafe Arends;Lattrop;0,4;1,3;0,0;0,0;0,0;0,0
21;NL:Q:43400210;Viersprong De Holtweijde;Lattrop;0,3;0,4;0,0;0,0;0,0;0,0
21;NL:Q:43400220;Viersprong De Holtweijde;Lattrop;0,3;0,1;0,0;0,0;0,0;0,0
21;NL:Q:43410010;Mastboersweg;Zenderen;0,6;2,3;0,0;0,1;0,0;0,3
21;NL:Q:43410050;Old Coopers Hall;Zenderen;7,2;4,8;2,1;1,5;1,0;1,0
21;NL:Q:43410060;Old Coopers Hall;Zenderen;4,7;6,9;1,5;1,9;0,9;0,8
21;NL:Q:43410090;Reefsweg;Zenderen;2,2;3,9;0,4;1,5;0,2;1,2
21;NL:Q:43410100;Reefsweg;Zenderen;4,0;2,2;0,7;0,5;1,1;0,4
21;NL:Q:43410120;De Bieffel;Borne;2,4;3,4;0,4;0,4;0,4;0,0
21;NL:Q:43420010;Beuningen;Beuningen;0,1;17,4;0,0;3,4;0,1;1,0
21;NL:Q:43420030;Dinkeloord;Denekamp;0,2;1,5;0,3;2,1;0,1;0,5
21;NL:Q:43420040;Dinkeloord;Denekamp;1,3;0,5;1,3;0,5;1,2;0,2
21;NL:Q:43420110;Julianastraat;Denekamp;0,1;0,0;0,0;0,0;0,0;0,0
21;NL:Q:43420150;Churchillstraat;Denekamp;0,5;39,7;0,4;9,1;0,2;4,7
21;NL:Q:43420160;Churchillstraat;Denekamp;38,8;0,1;8,8;0,0;5,4;0,2
21;NL:Q:43420170;Onder de Linden;Denekamp;114,0;96,5;15,0;14,2;10,0;7,8
21;NL:Q:43420210;Veldkampsweg;Denekamp;0,4;62,9;0,0;12,3;0,1;6,5
21;NL:Q:43420220;Veldkampsweg;Denekamp;61,8;0,4;14,2;0,0;7,7;0,0
21;NL:Q:43420230;St. Nicolaasstichting;Denekamp;0,1;0,1;0,0;0,0;0,0;0,0
21;NL:Q:43420240;St. Nicolaasstichting;Denekamp;0,0;0,0;0,0;0,0;0,0;0,0
21;NL:Q:43420270;De Borghert;Denekamp;0,2;15,4;0,1;3,3;0,1;2,1
21;NL:Q:43420280;De Borghert;Denekamp;14,3;0,1;2,4;0,0;1,7;0,0
21;NL:Q:43420290;De Volharding;Denekamp;0,2;12,8;0,1;5,0;0,0;3,2
21;NL:Q:43420300;De Volharding;Denekamp;13,4;0,2;5,3;0,0;3,8;0,0
21;NL:Q:43420310;Den Alerdink;Denekamp;0,0;0,0;0,0;0,0;0,0;0,0
21;NL:Q:43420320;Den Alerdink;Denekamp;0,0;0,0;0,0;0,0;0,0;0,0
21;NL:Q:43420330;Israelisch Kerkhof;Denekamp;0,2;0,0;0,0;0,0;0,0;0,0
21;NL:Q:43420340;Israelisch Kerkhof;Denekamp;0,0;0,2;0,0;0,0;0,0;0,0
21;NL:Q:43420370;Oranjestraat;Denekamp;0,8;65,3;0,5;26,1;0,0;10,0
21;NL:Q:43420380;Oranjestraat;Denekamp;59,2;0,4;24,6;0,1;12,2;0,4
21;NL:Q:43420390;Wilhelminastraat;Denekamp;0,1;0,2;0,0;0,0;0,0;0,0
21;NL:Q:43420400;Gerardus Majella;Denekamp;0,1;0,2;0,0;0,0;0,0;0,0
21;NL:Q:43430010;Oosterveldsweg;Vasse;0,2;1,2;0,0;0,1;0,0;0,1
21;NL:Q:43430030;De Roezenberg;Vasse;0,2;0,3;0,2;0,2;0,0;0,1
21;NL:Q:43430040;De Roezenberg;Vasse;0,2;0,3;0,1;0,2;0,1;0,0
21;NL:Q:43430050;Nutterseweg;Ootmarsum;1,4;1,7;0,9;0,2;2,5;0,1
21;NL:Q:43430060;Nutterseweg;Ootmarsum;1,4;2,1;0,1;0,4;1,7;0,0
21;NL:Q:43430070;Bielebelt;Ootmarsum;0,6;0,6;0,2;0,0;0,1;0,0
21;NL:Q:43430080;Bielebelt;Ootmarsum;0,6;0,7;0,0;0,1;0,1;0,1
21;NL:Q:43430090;Denekamperstraat;Ootmarsum;63,0;60,2;11,3;11,5;6,8;5,6
21;NL:Q:43430110;Molenstraat;Ootmarsum;1,1;0,9;0,0;0,0;0,0;0,0
21;NL:Q:43430130;Almelosestraat;Ootmarsum;5,8;2,1;1,7;0,7;1,2;0,5
21;NL:Q:43430140;Almelosestraat;Ootmarsum;2,0;8,2;0,8;1,7;0,5;1,1
21;NL:Q:43430330;Bovenesweg;Vasse;0,0;0,1;0,1;0,0;0,1;0,0
21;NL:Q:43430340;Bovenesweg;Vasse;0,0;0,2;0,0;0,1;1,1;0,0
21;NL:Q:43430350;Vasserweg;Ootmarsum;1,5;3,5;0,4;1,0;0,1;1,3
21;NL:Q:43430360;Vasserweg;Ootmarsum;0,7;0,4;0,6;0,0;0,6;0,0
21;NL:Q:43430510;Laagsestraat;Ootmarsum;0,0;1,0;0,0;0,0;0,0;0,0
21;NL:Q:43430520;Laagsestraat;Ootmarsum;0,2;0,0;0,0;0,0;0,0;0,0
21;NL:Q:43430530;Winhofflaan;Ootmarsum;0,0;0,1;0,0;0,0;0,0;0,0
21;NL:Q:43430540;Winhofflaan;Ootmarsum;0,2;0,0;0,0;0,0;0,0;0,0
21;NL:Q:43430810;Stobbenkamp;Ootmarsum;13,1;5,1;4,5;2,0;4,7;1,2
21;NL:Q:43430820;Stobbenkamp;Ootmarsum;6,4;14,5;1,8;4,5;2,1;3,1
21;NL:Q:43430830;Wolfsbree;Ootmarsum;20,5;11,6;1,8;1,2;1,4;0,5
21;NL:Q:43430840;Wolfsbree;Ootmarsum;12,3;22,1;0,4;2,0;0,9;0,9
21;NL:Q:43430850;Kleinesweg;Ootmarsum;10,2;1,8;1,1;0,8;0,5;0,6
21;NL:Q:43430860;Kleinesweg;Ootmarsum;2,3;11,2;0,8;1,7;0,5;0,8
21;NL:Q:43430870;Enktermorsweg;Ootmarsum;0,4;0,0;0,0;0,0;0,0;0,0
21;NL:Q:43430880;Enktermorsweg;Ootmarsum;0,1;0,5;0,0;0,1;0,0;0,0
21;NL:Q:43430890;Groot Agelo;Ootmarsum;0,7;0,3;0,1;0,1;0,1;0,0
21;NL:Q:43430900;Groot Agelo;Ootmarsum;0,3;0,8;0,1;0,1;0,0;0,1
21;NL:Q:43430910;Voortsweg;Ootmarsum;1,3;0,5;0,2;0,2;0,1;0,1
21;NL:Q:43430920;Voortsweg;Ootmarsum;0,5;1,5;0,0;0,1;0,0;0,1
21;NL:Q:43430930;Agelerbrug;Ootmarsum;0,2;0,0;0,2;0,0;0,1;0,0
21;NL:Q:43430940;Agelerbrug;Ootmarsum;0,1;0,2;0,2;0,2;0,1;0,0
21;NL:Q:43430960;'t Laantje;Ootmarsum;0,0;0,8;0,0;0,0;0,0;0,0
21;NL:Q:43430970;Cafe Groot Agelo;Agelo;0,2;0,0;0,0;0,0;0,0;0,0
21;NL:Q:43430980;Cafe Groot Agelo;Agelo;0,0;0,1;0,0;0,0;0,0;0,0
21;NL:Q:43440070;Businesspark Twente;Almelo;0,2;1,1;0,0;0,1;0,0;0,0
21;NL:Q:43440080;Businesspark Twente;Almelo;0,6;0,3;0,0;0,0;0,0;0,0
21;NL:Q:43450010;Gemeentehuis;Diepenheim;2,2;27,7;1,0;5,0;0,0;0,0
21;NL:Q:43450020;Gemeentehuis;Diepenheim;30,1;2,0;4,6;0,8;0,0;0,0
21;NL:Q:43450030;Warmelo;Diepenheim;0,1;1,1;0,0;0,3;0,0;0,0
21;NL:Q:43450040;Warmelo;Diepenheim;1,1;0,2;0,2;0,0;0,0;0,0
21;NL:Q:43450050;Boszicht;Diepenheim;0,0;0,8;0,0;0,2;0,0;0,0
21;NL:Q:43450090;Lindelaan;Diepenheim;0,6;13,5;0,2;2,4;0,0;0,0
21;NL:Q:43450100;Lindelaan;Diepenheim;15,3;0,6;2,4;0,1;0,0;0,0
21;NL:Q:43450110;Schipbeekbrug;Diepenheim;0,1;1,4;0,1;0,9;0,0;0,0
21;NL:Q:43450120;Schipbeekbrug;Diepenheim;1,2;0,1;0,9;0,1;0,0;0,0
21;NL:Q:43450130;Roesink;Diepenheim;0,2;0,7;0,0;0,2;0,0;0,0
21;NL:Q:43450140;Roesink;Diepenheim;0,8;0,2;0,1;0,0;0,0;0,0
21;NL:Q:43510010;Centraal Station;Almelo;49,1;376,7;7,1;53,2;0,0;20,6
21;NL:Q:43510011;Centraal Station;Almelo;6,1;6,1;0,6;0,5;0,0;0,0
21;NL:Q:43510013;Centraal Station;Almelo;234,0;256,6;36,6;34,1;18,3;11,2
21;NL:Q:43510014;Centraal Station;Almelo;497,1;478,5;101,4;91,8;45,8;39,4
21;NL:Q:43510017;Centraal Station;Almelo;432,7;216,8;90,7;46,4;65,7;31,9
21;NL:Q:43510018;Centraal Station;Almelo;658,5;406,1;89,6;48,2;44,5;41,4
21;NL:Q:43510031;Centrumplein;Almelo;6,6;1,1;2,4;0,7;0,0;0,0
21;NL:Q:43510032;Centrumplein;Almelo;0,8;5,9;0,5;6,2;0,0;0,0
21;NL:Q:43510033;Centrumplein;Almelo;2,0;23,0;1,2;12,0;0,0;0,0
21;NL:Q:43510034;Centrumplein;Almelo;15,2;20,1;9,6;13,8;0,0;0,0
21;NL:Q:43510035;Centrumplein;Almelo;49,0;34,0;38,3;15,3;9,0;4,7
21;NL:Q:43510039;Centrumplein;Almelo;19,1;39,8;17,9;36,1;2,9;10,9
21;NL:Q:43510040;Centrumplein;Almelo;13,1;1,0;9,5;0,2;1,4;0,2
21;NL:Q:43510041;Centrumplein;Almelo;11,9;8,2;4,2;2,4;0,0;0,0
21;NL:Q:43510051;Boddenstraat;Almelo;36,5;6,3;29,0;1,4;5,2;0,6
21;NL:Q:43510052;Boddenstraat;Almelo;2,6;47,9;0,6;38,8;0,1;6,5
21;NL:Q:43510071;Brugstraat;Almelo;5,1;5,6;0,8;0,7;0,3;0,4
21;NL:Q:43510081;Tijhofslaan;Almelo;7,0;8,6;0,8;0,7;1,2;1,3
21;NL:Q:43510091;Vriezebrug;Almelo;5,1;5,1;2,3;1,6;0,8;0,7
21;NL:Q:43510100;Vredeveld;Almelo;30,6;14,6;7,6;2,4;0,0;0,0
21;NL:Q:43510110;De Klokkenbelt;Almelo;1,5;6,3;0,6;3,1;0,6;3,6
21;NL:Q:43510121;De Klokkenbelt;Almelo;12,1;10,5;2,5;1,3;1,6;0,8
21;NL:Q:43510123;De Klokkenbelt;Almelo;3,6;1,5;1,1;0,4;0,0;0,0
21;NL:Q:43510130;Brandersweg;Almelo;1,6;8,4;0,5;4,2;0,4;4,1
21;NL:Q:43510140;Brandersweg;Almelo;6,3;1,4;2,5;0,5;0,0;0,0
21;NL:Q:43510150;St. Josephstraat;Almelo;7,4;23,3;4,6;10,8;2,1;6,1
21;NL:Q:43510160;St. Josephstraat;Almelo;19,9;5,5;7,2;2,0;0,0;0,0
21;NL:Q:43510190;Baniersweg;Almelo;2,4;11,5;0,8;4,0;1,4;3,0
21;NL:Q:43510200;Baniersweg;Almelo;11,0;2,8;4,1;1,0;0,0;0,0
21;NL:Q:43510210;Bevrijdingslaan;Almelo;6,5;12,7;2,4;5,3;3,5;3,7
21;NL:Q:43510220;Bevrijdingslaan;Almelo;11,0;4,3;2,8;1,3;0,0;0,0
21;NL:Q:43510230;Koningshoek;Almelo;9,1;5,5;1,2;0,3;0,0;0,0
21;NL:Q:43510240;Keppel;Almelo;10,4;17,4;2,4;5,4;2,7;3,1
21;NL:Q:43510250;Keppel;Almelo;14,5;6,9;2,5;1,0;0,0;0,0
21;NL:Q:43510260;Vredeveld;Almelo;24,3;33,7;7,5;11,2;7,2;8,2
21;NL:Q:43510270;De Eik;Almelo;22,5;12,3;5,0;2,2;0,0;0,0
21;NL:Q:43510280;De Eik;Almelo;21,5;29,4;5,9;9,6;4,3;6,4
21;NL:Q:43510290;De Haere;Almelo;24,6;14,0;7,0;4,7;0,0;0,0
21;NL:Q:43510300;De Haere;Almelo;27,3;31,3;11,4;12,6;6,3;7,6
21;NL:Q:43510310;Wkc Schelfhorst;Almelo;18,7;17,9;4,6;6,8;0,0;0,0
21;NL:Q:43510320;Wkc Schelfhorst;Almelo;31,2;31,3;13,4;14,6;8,2;8,3
21;NL:Q:43510330;Wickenburg;Almelo;10,1;12,9;1,6;4,0;0,0;0,0
21;NL:Q:43510340;Wickenburg;Almelo;18,2;16,7;6,8;7,3;3,0;4,3
21;NL:Q:43510350;Sandenburg;Almelo;7,7;9,3;1,4;2,2;0,0;0,0
21;NL:Q:43510360;Sandenburg;Almelo;18,8;13,3;10,5;6,2;4,3;3,3
21;NL:Q:43510370;Blikkenburg;Almelo;2,5;5,6;0,9;1,7;0,0;0,0
21;NL:Q:43510380;Blikkenburg;Almelo;12,3;7,7;6,2;3,7;2,2;2,0
21;NL:Q:43510390;Rustweg;Almelo;2,5;1,4;1,2;0,6;1,0;0,4
21;NL:Q:43510400;Rustweg;Almelo;1,3;7,7;0,4;1,8;0,0;0,0
21;NL:Q:43510410;Heetveldsweg;Almelo;14,2;5,9;5,0;1,5;3,7;0,7
21;NL:Q:43510411;Heetveldsweg;Almelo;3,6;5,2;0,5;1,9;0,4;1,1
21;NL:Q:43510420;Schelfhorstpark;Almelo;12,7;2,3;6,7;1,0;6,6;1,1
21;NL:Q:43510421;Schelfhorstpark;Almelo;3,2;15,5;0,9;5,0;0,5;1,6
21;NL:Q:43510430;Stadion;Almelo;0,7;18,0;0,2;3,2;0,0;0,0
21;NL:Q:43510440;Stadion;Almelo;14,5;0,9;6,7;0,4;7,7;0,3
21;NL:Q:43510470;Ziekenhuisgroep Twente;Almelo;66,2;50,7;12,4;11,7;6,6;5,5
21;NL:Q:43510480;Ziekenhuisgroep Twente;Almelo;8,9;30,1;1,1;4,0;0,0;0,0
21;NL:Q:43510485;Kalverstraat;Almelo;0,4;0,5;0,0;0,0;0,0;0,0
21;NL:Q:43510495;Kalverstraat;Almelo;0,4;1,1;0,0;0,1;0,0;0,0
21;NL:Q:43510750;Sporthal Rembrandtlaan;Almelo;3,9;21,3;1,8;8,4;0,9;11,0
21;NL:Q:43510751;Sporthal Rembrandtlaan;Almelo;0,6;4,9;0,3;1,7;0,0;0,0
21;NL:Q:43510760;Sporthal Rembrandtlaan;Almelo;19,9;4,1;7,4;1,8;5,3;0,7
21;NL:Q:43510770;Frederik van Eedenstraat;Almelo;4,9;12,0;1,3;2,1;0,6;1,1
21;NL:Q:43510780;Frederik van Eedenstraat;Almelo;13,7;7,2;2,9;1,6;1,2;0,7
21;NL:Q:43510790;Jacob van Ruysdaelstraat;Almelo;2,3;11,3;0,1;4,6;0,0;0,0
21;NL:Q:43510800;Jacob van Ruysdaelstraat;Almelo;13,7;0,7;4,3;0,1;0,0;0,0
21;NL:Q:43510870;Groot Bokhove;Almelo;6,4;1,9;2,2;1,7;1,6;0,8
21;NL:Q:43510880;Groot Bokhove;Almelo;1,6;5,3;1,4;1,1;0,0;0,0
21;NL:Q:43510890;De Wingerd;Almelo;7,6;15,6;4,1;4,2;1,7;1,7
21;NL:Q:43510900;De Wingerd;Almelo;8,0;9,5;3,4;3,4;1,1;2,0
21;NL:Q:43510910;De Koppel;Almelo;6,7;9,0;1,0;3,8;0,7;1,4
21;NL:Q:43510920;De Koppel;Almelo;7,1;6,9;3,7;2,4;0,9;1,0
21;NL:Q:43510960;Koningshoek;Almelo;4,3;13,0;0,6;2,6;2,1;3,2
21;NL:Q:43510970;KSG Canisius;Almelo;5,5;5,1;0,4;0,2;0,0;0,0
21;NL:Q:43511010;Appelstraat;Almelo;1,9;0,2;0,3;0,2;0,0;0,0
21;NL:Q:43511020;Appelstraat;Almelo;0,1;8,6;0,0;0,8;0,0;0,0
21;NL:Q:43511030;Groen v. Prinstererstr.;Almelo;0,2;0,0;0,0;0,0;0,0;0,0
21;NL:Q:43511040;Groen v. Prinstererstr.;Almelo;0,3;0,3;0,1;0,0;0,0;0,0
21;NL:Q:43511050;Sweelincklaan;Almelo;0,1;1,2;0,0;0,6;0,0;0,0
21;NL:Q:43511060;Sweelincklaan;Almelo;0,6;0,1;0,3;0,0;0,0;0,0
21;NL:Q:43511070;Obrechtstraat;Almelo;0,3;1,4;0,2;0,5;0,0;0,0
21;NL:Q:43511080;Obrechtstraat;Almelo;0,9;0,1;0,3;0,0;0,0;0,0
21;NL:Q:43511090;C. van Renneslaan;Almelo;0,6;5,4;0,3;2,3;0,0;0,0
21;NL:Q:43511100;Paganinistraat;Almelo;4,0;2,2;1,1;0,6;0,0;0,0
21;NL:Q:43511120;Tsjaikowskystraat;Almelo;4,6;4,0;0,9;1,1;0,0;0,0
21;NL:Q:43511140;Haydnlaan;Almelo;4,1;3,5;2,4;1,6;0,0;0,0
21;NL:Q:43511160;Hoog Schuilenburg;Almelo;2,5;2,0;1,6;1,0;0,0;0,0
21;NL:Q:43511200;Sibeliusstraat;Almelo;3,1;2,6;0,8;0,8;0,0;0,0
21;NL:Q:43511210;Nico Werkmanlaan;Almelo;13,6;2,8;0,0;1,1;0,0;0,0
21;NL:Q:43511220;Nico Werkmanlaan;Almelo;2,3;0,4;1,2;0,0;0,0;0,0
21;NL:Q:43511230;Nieuw Witvoet;Almelo;1,1;21,5;0,5;9,0;0,9;11,2
21;NL:Q:43511240;De Taling;Almelo;2,7;13,6;1,1;5,2;1,8;3,6
21;NL:Q:43511270;Vincent van Goghplein;Almelo;32,0;29,1;2,0;10,3;0,0;0,0
21;NL:Q:43511280;Vincent van Goghplein;Almelo;22,5;3,3;8,8;0,6;0,0;0,0
21;NL:Q:43511290;ROC De Sumpel;Almelo;0,8;137,1;0,0;1,3;0,0;0,0
21;NL:Q:43511300;ROC De Sumpel;Almelo;116,0;0,8;1,1;0,0;0,0;0,0
21;NL:Q:43511310;De Ara;Almelo;15,1;11,3;6,6;3,5;3,9;4,1
21;NL:Q:43511320;De Ara;Almelo;10,4;9,6;1,4;2,8;0,0;0,0
21;NL:Q:43511330;De Taling;Almelo;15,6;2,8;3,8;0,5;0,0;0,0
21;NL:Q:43511340;De Boerenzwaluw;Almelo;13,2;10,2;2,4;1,9;0,0;0,0
21;NL:Q:43511350;De Boerenzwaluw;Almelo;16,0;13,2;6,9;5,2;3,6;4,3
21;NL:Q:43511360;Wkc Windmolenbroek;Almelo;20,0;19,6;6,0;6,9;0,0;0,0
21;NL:Q:43511370;Wkc Windmolenbroek;Almelo;24,1;26,3;13,9;12,4;7,3;7,8
21;NL:Q:43511380;De Hop;Almelo;20,0;10,9;4,6;3,4;0,0;0,0
21;NL:Q:43511390;De Hop;Almelo;14,4;19,3;9,1;9,4;5,4;6,3
21;NL:Q:43511400;De Kolibrie;Almelo;7,1;9,3;3,2;3,3;3,4;3,7
21;NL:Q:43511410;De Kolibrie;Almelo;9,5;5,8;2,4;1,7;0,0;0,0
21;NL:Q:43511460;Nieuw Witvoet;Almelo;15,1;0,7;1,9;0,2;0,0;0,0
21;NL:Q:43511480;Betuining;Almelo;18,8;16,6;1,1;0,2;0,0;0,0
21;NL:Q:43511490;Betuining;Almelo;12,9;20,1;0,1;1,2;0,0;0,0
21;NL:Q:43511500;Grand Canal;Almelo;5,6;0,7;1,0;0,3;0,0;0,0
21;NL:Q:43511510;Grand Canal;Almelo;0,4;5,7;0,1;0,9;0,0;0,0
21;NL:Q:43511530;De Specht;Almelo;2,6;9,2;0,8;1,6;0,8;0,9
21;NL:Q:43511531;De Specht;Almelo;9,8;3,9;1,6;0,6;0,0;0,0
21;NL:Q:43511550;De Mees;Almelo;7,3;10,1;3,0;3,0;1,9;2,7
21;NL:Q:43511560;De Mees;Almelo;11,6;6,2;2,1;1,2;0,0;0,0
21;NL:Q:43511570;De Putter;Almelo;8,1;15,7;3,1;4,9;3,5;3,9
21;NL:Q:43511580;De Putter;Almelo;16,9;8,0;3,1;1,6;0,0;0,0
21;NL:Q:43511591;Buurstede;Almelo;10,0;16,8;2,9;8,0;0,9;0,6
21;NL:Q:43511593;Buurstede;Almelo;5,4;2,2;0,9;0,6;0,2;0,3
21;NL:Q:43511602;Buurstede;Almelo;17,3;14,4;8,1;3,9;5,2;1,6
21;NL:Q:43511610;De Patrijs;Almelo;5,9;11,2;1,8;4,0;1,4;2,1
21;NL:Q:43511620;De Patrijs;Almelo;17,8;9,5;4,0;1,3;0,0;0,0
21;NL:Q:43511640;Woonboulevard;Almelo;21,8;9,5;5,2;3,5;2,9;2,4
21;NL:Q:43511650;Woonboulevard;Almelo;3,2;59,1;0,7;2,5;0,0;0,0
21;NL:Q:43511670;Zwaluwenstraat;Almelo;1,9;0,4;0,2;0,0;0,0;0,0
21;NL:Q:43511680;Zwaluwenstraat;Almelo;0,4;2,9;0,4;1,5;0,0;0,0
21;NL:Q:43511690;Wondestraat;Almelo;4,5;1,8;1,1;0,1;0,0;0,0
21;NL:Q:43511700;Wondestraat;Almelo;1,1;4,4;0,0;0,8;0,0;0,0
21;NL:Q:43511710;Frans Halsstraat;Almelo;1,4;13,8;0,2;4,1;0,0;0,0
21;NL:Q:43511720;Frans Halsstraat;Almelo;18,3;1,1;5,1;0,1;0,0;0,0
21;NL:Q:43511730;Ten Dam;Almelo;5,1;4,0;0,1;0,2;0,0;0,0
21;NL:Q:43511740;Ten Dam;Almelo;2,9;5,7;0,1;0,4;0,0;0,0
21;NL:Q:43511750;Pergola;Almelo;3,0;0,5;0,4;0,0;0,0;0,0
21;NL:Q:43511760;Pergola;Almelo;0,4;3,0;0,0;0,4;0,0;0,0
21;NL:Q:43512051;De Klokkenbelt;Almelo;7,6;11,2;0,8;2,2;0,4;0,5
21;NL:Q:43512060;Viaduct;Almelo;4,9;2,0;0,0;0,6;0,0;0,0
21;NL:Q:43512070;Elsboerlaan;Almelo;26,1;5,5;0,4;1,0;0,3;1,5
21;NL:Q:43512080;Elsboerlaan;Almelo;5,9;20,3;1,4;0,5;0,3;0,6
21;NL:Q:43512090;Meulenbeldlaan;Almelo;0,4;2,9;0,0;0,8;0,0;1,2
21;NL:Q:43512100;Meulenbeldlaan;Almelo;3,2;0,6;1,5;0,1;0,6;0,1
21;NL:Q:43512110;Huize Alexandra;Almelo;0,9;10,5;0,3;2,6;0,1;3,3
21;NL:Q:43512120;Huize Alexandra;Almelo;12,9;1,0;4,7;0,1;3,0;0,1
21;NL:Q:43512130;Het Meulenbelt;Almelo;3,7;4,5;0,3;1,4;0,2;1,4
21;NL:Q:43512140;Het Meulenbelt;Almelo;15,7;4,0;3,2;0,1;2,2;0,1
21;NL:Q:43512160;Oostermaatweg;Vriezenveen;0,2;0,7;0,1;0,0;0,2;0,0
21;NL:Q:43512170;Markgraven;Almelo;1,3;10,4;0,3;1,5;0,2;0,5
21;NL:Q:43512180;Markgraven;Almelo;10,7;1,2;1,6;0,4;0,6;0,1
21;NL:Q:43512190;Karelskamp;Almelo;3,7;2,4;0,2;0,0;0,1;1,0
21;NL:Q:43512200;Karelskamp;Almelo;2,2;3,9;0,1;0,1;0,1;0,2
21;NL:Q:43512210;Oude Veemarkt;Almelo;5,6;2,9;1,4;0,9;0,6;0,4
21;NL:Q:43512220;Oude Veemarkt;Almelo;2,5;4,8;0,9;1,8;0,3;1,3
21;NL:Q:43512230;Violierstraat;Almelo;4,8;15,2;2,3;8,5;0,9;8,1
21;NL:Q:43512240;Violierstraat;Almelo;12,1;4,4;6,2;2,5;5,2;1,3
21;NL:Q:43512250;De Kei;Almelo;2,9;2,6;0,4;0,5;0,3;0,3
21;NL:Q:43512260;De Kei;Almelo;3,6;2,6;0,5;0,5;0,2;0,2
21;NL:Q:43512270;Planthofsweg;Almelo;1,3;1,8;0,1;0,1;0,1;0,1
21;NL:Q:43512280;Planthofsweg;Almelo;1,8;1,8;0,1;0,2;0,1;0,2
21;NL:Q:43512310;De Niendure;Almelo;0,1;0,5;0,0;0,0;0,0;0,3
21;NL:Q:43512320;De Niendure;Almelo;0,2;0,2;0,0;0,0;0,0;0,0
21;NL:Q:43512340;Mastboersweg;Almelo;2,0;0,6;0,2;0,1;0,3;0,1
21;NL:Q:43512410;Koningshoek;Almelo;10,4;10,1;1,8;2,7;0,6;0,7
21;NL:Q:43512420;Koningshoek;Almelo;11,9;8,0;2,1;1,6;1,3;0,5
21;NL:Q:43512430;Robbenhaarsweg;Almelo;0,2;5,5;0,3;1,5;0,4;0,3
21;NL:Q:43512440;Robbenhaarsweg;Almelo;7,2;0,3;0,6;0,4;0,3;0,8
21;NL:Q:43512450;Mariaparochie;Almelo;0,3;4,3;0,3;0,8;0,1;0,6
21;NL:Q:43512460;Mariaparochie;Almelo;2,5;0,4;0,3;0,3;0,2;0,1
21;NL:Q:43512470;Kampkuiper;Harbrinkhoek;0,7;10,8;0,3;1,3;0,1;0,5
21;NL:Q:43512480;Kampkuiper;Harbrinkhoek;11,7;0,5;0,8;0,2;0,6;0,1
21;NL:Q:43512490;Frielinkstraat;Harbrinkhoek;0,5;11,0;0,2;0,3;0,1;0,2
21;NL:Q:43512500;Frielinkstraat;Harbrinkhoek;12,4;0,8;0,3;0,2;0,4;0,1
21;NL:Q:43512510;Mariaparochie;Almelo;1,6;10,3;0,1;1,2;0,0;0,0
21;NL:Q:43512520;Mariaparochie;Almelo;9,7;1,3;0,5;0,2;0,0;0,0
21;NL:Q:43512540;Mekkelenberg;Albergen;1,7;0,4;0,2;0,1;0,0;0,0
21;NL:Q:43512550;Leuvinksveld;Harbrinkhoek;0,3;5,3;0,1;0,3;0,0;0,2
21;NL:Q:43512560;Leuvinksveld;Harbrinkhoek;5,5;0,2;0,2;0,0;0,3;0,0
21;NL:Q:43512610;Bellavistastraat;Almelo;0,5;28,7;0,0;0,5;0,0;0,0
21;NL:Q:43512611;Bellavistastraat;Almelo;8,3;1,0;0,1;0,2;0,0;0,0
21;NL:Q:43512670;Bavinkelsweg;Almelo;0,2;0,7;0,0;0,0;0,1;0,0
21;NL:Q:43512680;Bavinkelsweg;Almelo;0,8;0,2;0,0;0,0;0,0;0,0
21;NL:Q:43512790;Sluisweg;Almelo;0,7;0,1;0,0;0,0;0,0;0,0
21;NL:Q:43512810;Noordikslaan;Almelo;0,0;8,6;0,0;0,0;0,0;0,0
21;NL:Q:43512830;Van Riemsdijkweg;Almelo;0,2;0,8;0,0;0,1;0,0;0,0
21;NL:Q:43512840;Van Riemsdijkweg;Almelo;0,6;0,3;0,0;0,2;0,0;0,0
21;NL:Q:43512850;Van den Broekeweg;Almelo;0,5;19,3;0,1;0,3;0,0;0,0
21;NL:Q:43512860;Van den Broekeweg;Almelo;17,1;0,6;0,3;0,1;0,0;0,0
21;NL:Q:43512870;Beatrix de Rijkweg;Almelo;1,1;7,1;0,1;0,2;0,0;0,0
21;NL:Q:43512880;Beatrix de Rijkweg;Almelo;5,2;1,6;0,1;0,1;0,0;0,0
21;NL:Q:43512950;Valeriusstraat;Almelo;3,2;1,2;0,2;0,0;0,0;0,0
21;NL:Q:43514010;Egbert ten Catelaan;Almelo;1,9;32,2;0,1;0,8;0,0;0,0
21;NL:Q:43514020;Egbert ten Catelaan;Almelo;21,6;2,1;1,1;0,2;0,0;0,0
21;NL:Q:43530010;De Viersprong;Tubbergen;0,3;1,8;0,2;0,4;0,0;0,3
21;NL:Q:43530030;Boakenkampsweg;Vasse;0,2;1,1;0,1;0,2;0,1;0,1
21;NL:Q:43530040;Boakenkampsweg;Vasse;1,3;0,4;0,1;0,1;0,1;0,1
21;NL:Q:43530050;Bolscher;Vasse;3,3;9,8;0,6;1,2;0,9;0,5
21;NL:Q:43530060;Bolscher;Vasse;10,4;2,9;1,0;0,7;0,7;0,2
21;NL:Q:43530070;R.K. Kerk;Vasse;9,9;9,6;1,1;2,7;0,9;2,0
21;NL:Q:43530080;R.K. Kerk;Vasse;9,2;8,0;2,3;1,2;3,0;0,7
21;NL:Q:43530100;Oosterveldsweg;Vasse;1,2;0,5;0,2;0,0;0,1;0,0
21;NL:Q:43550280;R.K. Kerk;Reutum;1,2;0,9;0,0;0,0;0,0;0,0
21;NL:Q:43550310;Agelerweg;Reutum;0,0;0,1;0,0;0,0;0,0;0,0
21;NL:Q:43550320;Agelerweg;Reutum;0,0;0,2;0,0;0,0;0,0;0,0
21;NL:Q:43560011;Herman Heijermansstraat;Goor;0,0;0,3;0,0;0,0;0,0;0,0
21;NL:Q:43560012;Herman Heijermansstraat;Goor;13,5;4,4;1,8;0,2;0,0;0,0
21;NL:Q:43560014;Herman Heijermansstraat;Goor;4,1;12,2;0,1;3,4;0,0;0,0
21;NL:Q:43560020;Station;Goor;89,9;100,9;16,4;10,5;0,0;0,0
21;NL:Q:43560050;School;Elsenerbroek;0,0;0,9;0,0;0,0;0,0;0,0
21;NL:Q:43560060;School;Elsenerbroek;0,5;0,1;0,0;0,0;0,0;0,0
21;NL:Q:43560070;Korte Dijk;Goor;1,6;5,2;0,0;0,3;0,0;0,0
21;NL:Q:43560080;Korte Dijk;Goor;6,1;2,6;0,7;0,2;0,0;0,0
21;NL:Q:43560121;Station;Goor;94,7;76,1;13,7;11,3;0,0;0,0
21;NL:Q:43560125;Station;Goor;103,4;67,8;15,6;11,5;0,0;0,0
21;NL:Q:43560126;Station;Goor;69,3;96,6;13,7;12,0;0,0;0,0
21;NL:Q:43560130;Oad garage;Goor;7,2;4,7;0,5;0,4;0,0;0,0
21;NL:Q:43560140;Oad garage;Goor;4,5;7,6;0,3;0,7;0,0;0,0
21;NL:Q:43560160;Gemeentewerken;Goor;0,0;0,0;0,0;0,0;0,0;0,0
21;NL:Q:43560210;Hazenkamp;Herikerberg;0,5;0,6;0,2;0,0;0,0;0,0
21;NL:Q:43560230;Jachtlust;Goor;8,1;19,7;0,8;0,7;0,0;0,0
21;NL:Q:43560240;Jachtlust;Goor;19,4;8,7;0,9;0,9;0,0;0,0
21;NL:Q:43560250;Huishoudschool;Goor;1,9;11,0;0,2;1,1;0,0;0,0
21;NL:Q:43560260;Huishoudschool;Goor;9,8;2,6;1,1;0,5;0,0;0,0
21;NL:Q:43560270;De Waerdenborch;Goor;0,1;0,1;0,0;0,0;0,0;0,0
21;NL:Q:43560350;Reggebrug;Elsenerbroek;0,2;0,1;0,0;0,0;0,0;0,0
21;NL:Q:43560360;Reggebrug;Elsenerbroek;0,1;0,2;0,0;0,0;0,0;0,0
21;NL:Q:43560370;Zomerweg;Goor;1,8;1,5;0,1;0,1;0,0;0,0
21;NL:Q:43560380;Zomerweg;Goor;1,9;2,4;0,1;0,2;0,0;0,0
21;NL:Q:43560490;Kevelhamlaan;Goor;0,0;0,3;0,4;0,5;0,0;0,0
21;NL:Q:43560500;Kevelhamlaan;Goor;0,1;0,5;0,1;0,0;0,0;0,0
21;NL:Q:43560510;Ripperda;Goor;0,0;0,2;0,2;0,1;0,0;0,0
21;NL:Q:43560520;Ripperda;Goor;0,2;0,0;0,0;0,0;0,0;0,0
21;NL:Q:43560540;Boszicht;Diepenheim;0,5;0,1;0,0;0,0;0,0;0,0
21;NL:Q:43560610;Wiener Bentelerscheidingsweg;Goor;0,4;2,2;0,0;0,5;0,0;0,0
21;NL:Q:43560620;Wiener Bentelerscheidingsweg;Goor;2,0;0,4;0,2;0,1;0,0;0,0
21;NL:Q:43560650;Nijverheidsweg;Goor;0,2;0,1;0,0;0,1;0,0;0,0
21;NL:Q:43590010;Oostermaatweg;Vriezenveen;0,9;11,3;0,0;1,8;0,0;2,6
21;NL:Q:43590030;De Zuivering;Vriezenveen;0,2;1,7;0,2;0,2;0,0;0,0
21;NL:Q:43590040;De Zuivering;Vriezenveen;0,8;0,2;0,5;0,2;0,0;0,0
21;NL:Q:43590050;Zuivelfabriek;Vriezenveen;4,0;10,5;0,2;1,0;0,0;1,1
21;NL:Q:43590060;Zuivelfabriek;Vriezenveen;7,7;4,5;1,5;0,5;0,5;0,0
21;NL:Q:43590070;'t Midden;Vriezenveen;16,1;22,2;1,0;2,8;0,5;2,7
21;NL:Q:43590080;'t Midden;Vriezenveen;22,9;16,1;3,3;1,5;1,9;0,3
21;NL:Q:43590100;Westerveenweg;Vriezenveen;0,1;0,6;0,0;0,0;0,0;0,0
21;NL:Q:43590210;Sluisweg;Almelo;0,1;0,8;0,0;0,0;0,0;0,0
21;NL:Q:43590230;Albardastraat;Aadorp;0,2;9,9;0,1;0,8;0,0;0,0
21;NL:Q:43590240;Albardastraat;Aadorp;10,4;0,2;1,0;0,1;0,0;0,0
21;NL:Q:43590250;Berkenlaan;Aadorp;0,1;3,1;0,1;0,5;0,0;0,0
21;NL:Q:43590260;Berkenlaan;Aadorp;3,3;0,2;0,3;0,0;0,0;0,0
21;NL:Q:43590270;Peppellaan;Aadorp;0,3;4,7;0,0;1,8;0,0;0,0
21;NL:Q:43590280;Peppellaan;Aadorp;6,2;0,4;2,1;0,1;0,0;0,0
21;NL:Q:43590300;De Merel;Vriezenveen;11,9;0,0;1,5;0,0;0,0;0,0
21;NL:Q:43590310;Westerweilandweg;Vriezenveen;0,1;8,9;0,0;1,4;0,0;0,0
21;NL:Q:43590320;Westerweilandweg;Vriezenveen;10,1;0,0;1,7;0,0;0,0;0,0
21;NL:Q:43590330;De Nachtegaal;Vriezenveen;0,1;15,1;0,0;2,2;0,0;0,0
21;NL:Q:43590340;De Nachtegaal;Vriezenveen;19,1;0,1;2,8;0,0;0,0;0,0
21;NL:Q:43590540;Prinsenweg;Vriezenveen;4,4;0,0;0,6;0,0;0,0;0,0
21;NL:Q:43590550;Prinsenweg;Vriezenveen;0,0;2,8;0,0;0,5;0,0;0,0
21;NL:Q:43590700;Nw. Daarlerveenseweg;Vriezenveen;10,8;8,8;1,5;0,8;0,0;0,0
21;NL:Q:43590740;Karel Schaapstraat;Vriezenveen;20,6;0,0;2,2;0,0;0,0;0,0
21;NL:Q:43590750;Karel Schaapstraat;Vriezenveen;0,1;18,0;0,0;1,8;0,0;0,0
21;NL:Q:43590760;Broekland;Vriezenveen;9,2;0,0;1,2;0,0;0,0;0,0
21;NL:Q:43590770;Broekland;Vriezenveen;0,1;7,6;0,0;0,7;0,0;0,0
21;NL:Q:43590800;Petersburgstraat;Vriezenveen;19,7;0,0;2,3;0,0;0,0;0,0
21;NL:Q:43590810;Petersburgstraat;Vriezenveen;0,3;20,7;0,0;3,6;0,0;0,0
21;NL:Q:43598290;De Merel;Vriezenveen;0,0;10,4;0,0;1,3;0,0;0,0
21;NL:Q:43621010;N.H. Kerk;Wierden;4,4;4,0;1,8;1,1;0,0;0,0
21;NL:Q:43621020;N.H. Kerk;Wierden;0,1;5,2;0,0;1,6;0,0;0,0
21;NL:Q:43621030;Nijstad;Notter;1,1;0,2;0,2;0,0;0,0;0,0
21;NL:Q:43621040;Nijstad;Notter;0,1;0,8;0,1;0,1;0,0;0,0
21;NL:Q:43621050;Klokkendijk;Rijssen;1,0;4,5;0,1;0,8;0,0;0,0
21;NL:Q:43621070;Grimberg;Nijstad;0,1;0,1;0,2;0,2;0,0;0,0
21;NL:Q:43621080;Grimberg;Nijstad;0,1;0,1;0,2;0,2;0,0;0,0
21;NL:Q:43621130;Enterweg;Wierden;1,6;0,4;0,2;0,6;0,0;0,0
21;NL:Q:43621140;Enterweg;Wierden;0,7;1,1;0,6;0,1;0,0;0,0
21;NL:Q:43621170;Smeijerskampstraat;Wierden;3,0;4,2;0,2;0,7;0,0;0,0
21;NL:Q:43621180;Smeijerskampstraat;Wierden;3,9;3,2;1,0;0,4;0,0;0,0
21;NL:Q:43621190;Akeleistraat;Wierden;2,4;1,2;0,6;0,3;0,0;0,0
21;NL:Q:43621200;Akeleistraat;Wierden;3,8;2,3;0,9;0,4;0,0;0,0
21;NL:Q:43621210;Aadorpsweg;Wierden;4,8;2,3;0,2;0,2;0,0;0,0
21;NL:Q:43621220;Aadorpsweg;Wierden;3,3;5,2;0,7;0,3;0,0;0,0
21;NL:Q:43630010;Manderveenseweg;Tubbergen;0,1;3,2;0,0;0,2;0,0;0,1
21;NL:Q:43630060;Bruno van Ommenstraat;Tubbergen;19,4;10,4;2,1;1,6;1,2;0,3
21;NL:Q:43630070;Julianastraat;Tubbergen;4,3;12,9;1,1;2,8;0,7;1,9
21;NL:Q:43630080;Julianastraat;Tubbergen;27,6;16,4;4,2;1,8;2,3;0,4
21;NL:Q:43630090;Binnenveldsweg;Tubbergen;4,1;28,2;0,7;4,1;0,8;3,0
21;NL:Q:43630100;Binnenveldsweg;Tubbergen;32,0;3,3;4,2;0,6;2,9;0,5
21;NL:Q:43630110;Haarboersweg;Tubbergen;0,1;1,2;0,0;0,5;0,0;0,3
21;NL:Q:43630120;Haarboersweg;Tubbergen;1,2;0,2;0,5;0,1;0,9;0,0
21;NL:Q:43630140;De Viersprong;Tubbergen;1,8;0,6;0,2;0,6;0,2;0,5
21;NL:Q:43630150;Almeloseweg;Tubbergen;2,5;28,2;1,1;4,5;0,9;2,8
21;NL:Q:43630160;Almeloseweg;Tubbergen;40,9;11,9;6,4;1,5;3,6;0,6
21;NL:Q:43630410;Veendijk;Manderveen;0,0;0,0;0,0;0,0;0,0;0,0
21;NL:Q:43630420;Veendijk;Manderveen;0,0;0,1;0,0;0,0;0,0;0,0
21;NL:Q:43630430;Broekdijk;Manderveen;0,0;0,0;0,0;0,0;0,0;0,0
21;NL:Q:43630530;Driesprong;Bruinehaar;0,7;0,4;0,0;0,0;0,0;0,0
21;NL:Q:43630570;Wiekslag;Tubbergen;27,6;27,9;1,6;2,8;0,0;0,0
21;NL:Q:43630680;Slutkeboer;Manderveen;0,0;0,0;0,0;0,0;0,0;0,0
21;NL:Q:43630690;Slutkeboer;Manderveen;0,0;0,1;0,0;0,0;0,0;0,0
21;NL:Q:43630700;Bruno van Ommenstraat;Tubbergen;1,7;12,6;0,5;1,5;0,5;1,2
21;NL:Q:43630710;Nijverheidsstraat;Tubbergen;0,3;1,2;0,0;0,2;0,0;0,0
21;NL:Q:43630720;Marconistraat;Tubbergen;0,1;0,2;0,0;0,0;0,0;0,0
21;NL:Q:43640010;Handelsstraat;Hardenberg;4,6;1,8;0,0;0,0;0,0;0,0
21;NL:Q:43640020;Handelsstraat;Hardenberg;0,4;3,7;0,0;0,0;0,0;0,0
21;NL:Q:43640030;Wavin;Hardenberg;0,2;0,4;0,0;0,0;0,0;0,0
21;NL:Q:43640040;Wavin;Hardenberg;0,1;0,4;0,0;0,0;0,0;0,0
21;NL:Q:43640050;Ziekenhuis;Hardenberg;3,0;4,3;0,0;0,0;0,0;0,0
21;NL:Q:43640060;Ziekenhuis;Hardenberg;2,8;2,1;0,0;0,0;0,0;0,0
21;NL:Q:43640070;Station;Hardenberg;56,7;57,4;0,0;0,0;0,0;0,0
21;NL:Q:43640085;Station;Hardenberg;24,8;9,0;0,0;0,0;0,0;0,0
21;NL:Q:43640180;Bruchterbeekweg;Hardenberg;0,0;0,2;0,0;0,0;0,0;0,0
21;NL:Q:43640370;De Nieuwe Haven;Hardenberg;0,9;2,2;0,0;0,0;0,0;0,0
21;NL:Q:43640380;De Nieuwe Haven;Hardenberg;1,9;1,5;0,0;0,0;0,0;0,0
21;NL:Q:43640390;Waterinkschool;Hardenberg;2,0;2,1;0,0;0,0;0,0;0,0
21;NL:Q:43640397;Centrum;Hardenberg;43,7;43,3;0,0;0,0;0,0;0,0
21;NL:Q:43640540;Gemeentehuis;Hardenberg;0,0;0,1;0,0;0,0;0,0;0,0
21;NL:Q:43650010;Viersprong;Fleringen;50,4;49,1;3,8;5,1;0,0;0,0
21;NL:Q:43650210;Hagveldsweg;Fleringen;0,1;0,2;0,0;0,1;0,0;0,0
21;NL:Q:43650220;Hagveldsweg;Fleringen;0,2;0,2;0,0;0,0;0,0;0,0
21;NL:Q:43650230;Kanaal;Fleringen;1,8;0,7;0,0;0,1;0,0;0,0
21;NL:Q:43650240;Kanaal;Fleringen;0,9;1,7;0,1;0,1;0,0;0,0
21;NL:Q:43650250;Oude Almelosedijk;Fleringen;0,3;0,6;0,2;0,2;0,0;0,0
21;NL:Q:43650260;Oude Almelosedijk;Fleringen;0,5;0,1;0,2;0,2;0,0;0,0
21;NL:Q:43650280;Bornsestraat;Weerselo;0,3;0,6;0,1;0,2;0,0;0,0
21;NL:Q:43650290;Herinckhaveweg;Fleringen;0,1;0,4;0,0;0,1;0,0;0,0
21;NL:Q:43660010;Herikerberg;Herikerberg;0,3;0,5;0,6;0,4;0,0;0,0
21;NL:Q:43660020;Herikerberg;Herikerberg;0,3;0,8;0,3;0,6;0,0;0,0
21;NL:Q:43660030;Burg. de Beaufortplein;Markelo;19,7;10,1;4,4;1,2;0,0;0,0
21;NL:Q:43660040;Burg. de Beaufortplein;Markelo;10,2;21,1;1,1;5,7;0,0;0,0
21;NL:Q:43660050;Hessenheem;Herikerberg;5,0;1,9;0,9;0,3;0,0;0,0
21;NL:Q:43660060;Hessenheem;Herikerberg;1,7;6,5;0,2;1,6;0,0;0,0
21;NL:Q:43660070;Cafe De Poppe;Markelo;3,1;1,6;1,7;0,9;0,0;0,0
21;NL:Q:43660090;Krabbenbos;Markelo;0,2;0,4;0,2;0,2;0,0;0,0
21;NL:Q:43660100;Krabbenbos;Markelo;0,3;0,4;0,1;0,1;0,0;0,0
21;NL:Q:43660110;Larenseweg;Markelo;7,0;9,0;0,7;0,9;0,0;0,0
21;NL:Q:43660120;Larenseweg;Markelo;8,2;5,2;0,7;1,0;0,0;0,0
21;NL:Q:43660130;De Koekoek;Markelo;33,6;10,9;3,0;1,8;0,0;0,0
21;NL:Q:43660140;De Koekoek;Markelo;10,8;31,9;0,9;3,5;0,0;0,0
21;NL:Q:43660160;Hazenkamp;Herikerberg;0,6;0,7;0,0;0,2;0,0;0,0
21;NL:Q:43690450;Haarakkersweg;Langeveen;0,0;0,1;0,0;0,0;0,0;0,0
21;NL:Q:43690460;Haarakkersweg;Langeveen;0,6;0,1;0,0;0,0;0,0;0,0
21;NL:Q:43690480;Dwarsstraat;Langeveen;0,0;0,0;0,0;0,0;0,0;0,0
21;NL:Q:43690490;Dwarsstraat;Langeveen;0,0;0,2;0,0;0,0;0,0;0,0
21;NL:Q:43690500;Cafe Nobbenhuis;Langeveen;1,4;0,0;0,0;0,0;0,0;0,0
21;NL:Q:43690510;R.K. Kerk;Langeveen;2,2;0,0;0,0;0,0;0,0;0,0
21;NL:Q:43690520;R.K. Kerk;Langeveen;0,0;1,1;0,0;0,0;0,0;0,0
21;NL:Q:43690530;Cafe Nobbenhuis;Langeveen;0,0;1,4;0,0;0,0;0,0;0,0
21;NL:Q:43720260;Station;Nijverdal;16,2;15,6;4,5;2,8;0,0;0,0
21;NL:Q:43720261;Station;Nijverdal;61,2;45,2;6,4;4,4;0,0;0,0
21;NL:Q:43720263;Station;Nijverdal;1,5;12,7;0,5;1,2;0,0;0,0
21;NL:Q:43720270;Spoorstraat;Nijverdal;0,1;2,9;0,0;0,8;0,0;0,0
21;NL:Q:43720280;Spoorstraat;Nijverdal;2,5;0,1;0,5;0,0;0,0;0,0
21;NL:Q:43720290;Gemeentehuis;Nijverdal;3,8;0,2;2,2;0,1;0,0;0,0
21;NL:Q:43720300;Gemeentehuis;Nijverdal;0,1;3,3;0,1;1,9;0,0;0,0
21;NL:Q:43720310;Molenweg;Nijverdal;1,6;0,1;0,1;0,1;0,0;0,0
21;NL:Q:43720320;Molenweg;Nijverdal;0,1;2,2;0,0;0,3;0,0;0,0
21;NL:Q:43720490;Ereprijs;Nijverdal;5,8;0,1;1,5;0,1;0,0;0,0
21;NL:Q:43720500;Ereprijs;Nijverdal;0,2;5,4;0,0;1,2;0,0;0,0
21;NL:Q:43720570;Helmkruidlaan;Nijverdal;0,2;0,0;0,0;0,0;0,0;0,0
21;NL:Q:43720580;Helmkruidlaan;Nijverdal;0,0;0,2;0,0;0,1;0,0;0,0
21;NL:Q:43720630;Polhaarweg;Nijverdal;1,6;0,1;0,3;0,0;0,0;0,0
21;NL:Q:43720640;Polhaarweg;Nijverdal;0,1;1,6;0,0;0,1;0,0;0,0
21;NL:Q:43720810;Sporthal;Nijverdal;2,0;0,4;0,2;0,2;0,0;0,0
21;NL:Q:43720820;Sporthal;Nijverdal;0,1;1,8;0,1;0,2;0,0;0,0
21;NL:Q:43720830;Helmerink;Nijverdal;6,1;3,1;0,1;0,5;0,0;0,0
21;NL:Q:43720840;Helmerink;Nijverdal;3,2;5,7;0,3;0,3;0,0;0,0
21;NL:Q:43720850;Potgieterstraat;Nijverdal;1,2;2,7;0,4;0,8;0,0;0,0
21;NL:Q:43720860;Potgieterstraat;Nijverdal;2,6;1,3;0,4;0,3;0,0;0,0
21;NL:Q:43720870;Genestetstraat;Nijverdal;2,8;4,8;0,5;1,5;0,0;0,0
21;NL:Q:43720880;Genestetstraat;Nijverdal;4,8;2,2;1,2;0,6;0,0;0,0
21;NL:Q:43720890;Willem Kloosstraat;Nijverdal;0,6;0,8;0,0;0,1;0,0;0,0
21;NL:Q:43720900;Willem Kloosstraat;Nijverdal;1,0;1,0;0,2;0,1;0,0;0,0
21;NL:Q:43720920;Bolink;Nijverdal;0,3;0,5;0,0;0,1;0,0;0,0
21;NL:Q:43720930;Willem de Clerqstraat;Nijverdal;0,1;0,0;0,0;0,0;0,0;0,0
21;NL:Q:43720940;Willem de Clerqstraat;Nijverdal;0,0;0,2;0,0;0,0;0,0;0,0
21;NL:Q:43720950;Meester Ponsteenlaan;Nijverdal;0,0;0,0;0,0;0,0;0,0;0,0
21;NL:Q:43720960;Meester Ponsteenlaan;Nijverdal;0,0;0,0;0,0;0,0;0,0;0,0
21;NL:Q:43720970;Centrum;Nijverdal;1,0;0,9;0,6;0,5;0,0;0,0
21;NL:Q:43721050;Bergleidingweg;Nijverdal;1,5;1,9;0,2;0,3;0,0;0,0
21;NL:Q:43721060;Bergleidingweg;Nijverdal;1,6;1,0;0,3;0,1;0,0;0,0
21;NL:Q:43721070;Buitencentrum;Nijverdal;0,3;0,5;0,0;0,0;0,0;0,0
21;NL:Q:43730050;Veeneggeweg;Harbrinkhoek;0,0;1,3;0,0;0,1;0,0;0,0
21;NL:Q:43730060;Veeneggeweg;Harbrinkhoek;1,2;0,1;0,0;0,0;0,0;0,0
21;NL:Q:43730070;Landriteweg;Geesteren;0,1;0,6;0,0;0,4;0,0;0,0
21;NL:Q:43730080;Landriteweg;Geesteren;0,5;0,0;0,0;0,0;0,0;0,0
21;NL:Q:43730090;Geesterseveldweg;Geesteren;0,0;2,7;0,1;0,2;0,1;0,1
21;NL:Q:43730100;Geesterseveldweg;Geesteren;2,5;0,2;0,0;0,0;0,1;0,1
21;NL:Q:43730110;Poolsweg;Geesteren;0,1;1,6;0,0;0,2;0,0;0,1
21;NL:Q:43730120;Poolsweg;Geesteren;1,6;0,0;0,1;0,0;0,3;0,0
21;NL:Q:43730130;Lutkeberg;Geesteren;2,6;27,8;0,5;2,8;0,3;1,3
21;NL:Q:43730140;Lutkeberg;Geesteren;27,8;3,2;2,0;0,2;2,3;0,2
21;NL:Q:43730150;Dorpsstraat;Geesteren;1,7;17,7;0,2;2,1;0,2;1,5
21;NL:Q:43730160;Dorpsstraat;Geesteren;18,4;3,4;1,5;0,7;1,7;0,7
21;NL:Q:43730170;Mensinkkamp;Geesteren;1,9;8,7;0,6;0,9;0,3;0,6
21;NL:Q:43730180;Mensinkkamp;Geesteren;10,0;2,0;0,9;0,7;1,4;0,2
21;NL:Q:43730190;Volmersweg;Geesteren;0,2;3,1;0,0;0,2;0,1;0,1
21;NL:Q:43730200;Volmersweg;Geesteren;3,7;0,7;0,4;0,0;0,2;0,1
21;NL:Q:43730210;Knoefbakker;Geesteren;0,6;17,2;0,1;1,3;0,0;1,0
21;NL:Q:43730212;Knoefbakker;Geesteren;2,0;0,2;0,0;0,0;0,0;0,0
21;NL:Q:43730220;Knoefbakker;Geesteren;18,0;3,8;0,8;0,2;0,9;0,1
21;NL:Q:43730240;Manderveenseweg;Tubbergen;2,9;0,5;0,1;0,0;0,5;0,0
21;NL:Q:43730250;Voshaarweg;Harbrinkhoek;0,0;1,7;0,0;0,1;0,1;0,2
21;NL:Q:43730260;Voshaarweg;Harbrinkhoek;1,8;0,1;0,3;0,0;0,1;0,0
21;NL:Q:43740010;Hammerdijk;Vroomshoop;0,1;0,1;0,0;0,0;0,0;0,0
21;NL:Q:43740020;Pres. Kennedystraat;Vroomshoop;10,3;7,6;1,1;0,5;0,0;0,0
21;NL:Q:43740030;Pres. Kennedystraat;Vroomshoop;13,1;14,7;0,4;1,2;0,0;0,0
21;NL:Q:43740050;Sallandia;Vroomshoop;0,5;0,7;0,0;0,0;0,0;0,0
21;NL:Q:43740060;Sallandia;Vroomshoop;0,6;0,2;0,1;0,0;0,0;0,0
21;NL:Q:43740070;Dalvoorderslag;Vroomshoop;0,7;1,5;0,0;0,0;0,0;0,0
21;NL:Q:43740080;Dalvoorderslag;Vroomshoop;1,5;0,9;0,0;0,0;0,0;0,0
21;NL:Q:43740090;Tonnendijk;Vroomshoop;5,1;9,2;0,3;0,9;0,0;0,0
21;NL:Q:43740100;Tonnendijk;Vroomshoop;9,7;5,0;0,2;0,3;0,0;0,0
21;NL:Q:43740130;Beatrixstraat;Vroomshoop;10,5;9,3;0,9;0,7;0,0;0,0
21;NL:Q:43740140;Beatrixstraat;Vroomshoop;6,2;9,5;0,8;1,1;0,0;0,0
21;NL:Q:43740180;Zwembad;Vroomshoop;0,7;0,3;0,0;0,1;0,0;0,0
21;NL:Q:43750010;Mekkelenberg;Albergen;0,2;1,4;0,2;0,3;0,0;0,0
21;NL:Q:43750020;Herinckhaveweg;Albergen;0,4;0,0;0,1;0,0;0,0;0,0
21;NL:Q:43750030;Hofmaatsweg;Albergen;0,0;0,4;0,0;0,0;0,0;0,0
21;NL:Q:43750040;Hofmaatsweg;Albergen;0,5;0,0;0,0;0,0;0,0;0,0
21;NL:Q:43750050;Gravendijk;Albergen;0,2;1,9;0,0;0,2;0,0;0,0
21;NL:Q:43750060;Gravendijk;Albergen;2,0;0,2;0,2;0,0;0,0;0,0
21;NL:Q:43750070;Assinkshoekweg;Albergen;0,2;1,7;0,0;0,2;0,0;0,0
21;NL:Q:43750080;Assinkshoekweg;Albergen;1,5;0,1;0,0;0,0;0,0;0,0
21;NL:Q:43750090;Van Koersveldweg;Albergen;0,5;3,0;0,1;0,8;0,0;0,0
21;NL:Q:43750100;Van Koersveldweg;Albergen;2,8;0,4;0,7;0,1;0,0;0,0
21;NL:Q:43750130;Zenderseweg;Albergen;5,2;28,7;0,7;2,4;0,0;0,0
21;NL:Q:43750140;Zenderseweg;Albergen;29,0;3,7;2,2;0,4;0,0;0,0
21;NL:Q:43750150;Molenbinnenweg;Albergen;0,8;3,2;0,1;0,3;0,0;0,0
21;NL:Q:43750160;Molenbinnenweg;Albergen;3,5;0,7;0,2;0,1;0,0;0,0
21;NL:Q:43750170;Kloosteresweg;Albergen;1,7;3,9;0,0;0,2;0,0;0,0
21;NL:Q:43750180;Kloosteresweg;Albergen;5,2;1,3;0,2;0,0;0,0;0,0
21;NL:Q:43750190;Brakenweg;Albergen;0,5;1,2;0,0;0,2;0,0;0,0
21;NL:Q:43750200;Brakenweg;Albergen;1,0;0,4;0,2;0,0;0,0;0,0
21;NL:Q:43760010;Handwijzer;Marle;0,0;0,7;0,0;0,0;0,0;0,0
21;NL:Q:43760020;Handwijzer;Marle;0,5;0,1;0,0;0,0;0,0;0,0
21;NL:Q:43760070;Kerkstraat;Daarlerveen;1,8;1,1;0,0;0,1;0,0;0,0
21;NL:Q:43760080;Station;Daarlerveen;0,3;0,1;0,0;0,0;0,0;0,0
21;NL:Q:43760100;'n Tip;Daarle;0,0;1,6;0,0;0,4;0,0;0,0
21;NL:Q:43760110;'n Tip;Daarle;2,0;0,0;0,0;0,0;0,0;0,0
21;NL:Q:43780040;Centrum;Holten;4,3;3,0;0,1;0,6;0,0;0,0
21;NL:Q:43780050;Station;Holten;53,0;42,8;8,7;8,0;0,0;0,0
21;NL:Q:43780100;Scholengemeenschap;Holten;10,0;4,5;0,4;0,6;0,0;0,0
21;NL:Q:43780110;Borkeld;Holten;2,1;0,7;0,2;0,4;0,0;0,0
21;NL:Q:43780120;Borkeld;Holten;0,5;2,2;0,4;0,3;0,0;0,0
21;NL:Q:43780140;Cafe De Poppe;Markelo;1,3;3,1;0,7;1,0;0,0;0,0
21;NL:Q:43780170;De Driesprong;Holten;1,8;0,2;0,4;0,0;0,0;0,0
21;NL:Q:43780180;De Driesprong;Holten;0,3;1,6;0,0;0,2;0,0;0,0
21;NL:Q:43780220;Diessenplas;Holten;32,3;56,3;0,3;0,3;0,0;0,0
21;NL:Q:43780240;Kon. Wilhelminastraat;Holten;7,9;2,3;0,8;0,9;0,0;0,0
21;NL:Q:43780310;Kerkhofsweg;Holten;2,0;0,1;0,6;0,1;0,0;0,0
21;NL:Q:43780320;Kerkhofsweg;Holten;3,2;2,8;0,2;0,7;0,0;0,0
21;NL:Q:43790010;Sluiskade;Westerhaar;3,0;12,4;0,2;0,9;0,0;1,1
21;NL:Q:43790020;Sluiskade;Westerhaar;13,7;3,1;1,3;0,1;0,9;0,0
21;NL:Q:43790030;De Klaampe;Westerhaar;0,2;4,4;0,0;0,5;0,0;0,3
21;NL:Q:43790040;De Klaampe;Westerhaar;3,6;0,4;0,4;0,1;0,4;0,0
21;NL:Q:43790050;Leidijk;Westerhaar;2,5;8,6;0,0;0,9;0,0;1,2
21;NL:Q:43790060;Leidijk;Westerhaar;4,5;1,1;0,8;0,0;0,3;0,0
21;NL:Q:43790070;Wollegrasstraat;Westerhaar;6,8;4,5;1,0;0,7;0,0;0,0
21;NL:Q:43790080;Wollegrasstraat;Westerhaar;8,2;7,7;0,1;0,8;0,0;0,0
21;NL:Q:43790090;Westerveenweg;Vriezenveen;0,0;0,5;0,0;0,0;0,0;0,0
21;NL:Q:43790100;Schapenweg;Westerhaar;8,1;4,0;0,0;0,0;0,0;0,0
21;NL:Q:43790110;Vroomshoopseweg;Westerhaar;1,3;0,3;0,5;0,0;0,0;0,0
21;NL:Q:43790120;Vroomshoopseweg;Westerhaar;0,3;1,2;0,0;0,4;0,0;0,0
21;NL:Q:43790130;Dalweg;Westerhaar;1,9;4,7;0,0;0,5;0,0;0,3
21;NL:Q:43790140;Dalweg;Westerhaar;5,2;1,8;0,7;0,0;0,3;0,0
21;NL:Q:43790150;Busstation;Westerhaar;48,7;21,0;5,2;0,1;2,8;0,0
21;NL:Q:43790160;Busstation;Westerhaar;33,0;51,8;0,0;3,2;0,0;3,1
21;NL:Q:43790170;Busstation;Westerhaar;45,4;50,5;1,5;1,7;0,0;0,3
21;NL:Q:43790190;Hammerdijk;Westerhaar;0,2;0,1;0,0;0,0;0,0;0,0
21;NL:Q:43820010;Vrugteveensweg;Hellendoorn;0,0;0,1;0,0;0,0;0,0;0,0
21;NL:Q:43820020;Vrugteveensweg;Hellendoorn;0,1;0,0;0,0;0,0;0,0;0,0
21;NL:Q:43820030;Kluversweg;Hellendoorn;0,0;0,6;0,0;0,1;0,0;0,0
21;NL:Q:43820040;Kluversweg;Hellendoorn;0,6;0,0;0,1;0,0;0,0;0,0
21;NL:Q:43820070;Schapenmarkt;Hellendoorn;0,5;0,7;0,2;1,0;0,0;0,0
21;NL:Q:43820080;Schapenmarkt;Hellendoorn;0,7;0,6;0,8;0,7;0,0;0,0
21;NL:Q:43820230;De Blenke;Hellendoorn;0,7;0,0;0,5;0,0;0,0;0,0
21;NL:Q:43820240;De Blenke;Hellendoorn;0,3;1,4;0,6;1,7;0,0;0,0
21;NL:Q:43820270;Avonturenpark;Hellendoorn;0,5;0,5;0,1;0,1;0,0;0,0
21;NL:Q:43820310;Looweg;Hellendoorn;0,0;0,0;0,0;0,0;0,0;0,0
21;NL:Q:43820320;Looweg;Hellendoorn;0,0;0,0;0,0;0,0;0,0;0,0
21;NL:Q:43820330;Krönnenzommer;Hellendoorn;0,1;0,2;0,2;0,1;0,0;0,0
21;NL:Q:43820410;Reggeweg;Hellendoorn;0,3;0,7;0,1;0,2;0,0;0,0
21;NL:Q:43820450;Schuilenburgweg;Hellendoorn;0,1;0,5;0,0;0,1;0,0;0,0
21;NL:Q:43820470;Collenstaartweg;Hulsen;0,2;0,1;0,0;0,0;0,0;0,0
21;NL:Q:43820480;Collenstaartweg;Hulsen;0,0;0,4;0,1;0,1;0,0;0,0
21;NL:Q:43840010;Zwembad;Vroomshoop;0,2;0,5;0,1;0,0;0,0;0,0
21;NL:Q:43840030;De Kooyen;Den Ham;2,3;0,1;0,2;0,1;0,0;0,0
21;NL:Q:43840040;De Kooyen;Den Ham;0,1;2,3;0,0;0,1;0,0;0,0
21;NL:Q:43840050;Middenweg;Den Ham;3,6;0,9;0,3;0,1;0,0;0,0
21;NL:Q:43840060;Middenweg;Den Ham;1,0;3,5;0,1;0,5;0,0;0,0
21;NL:Q:43840070;Driesprong;Den Ham;11,7;8,2;2,2;0,7;0,0;0,0
21;NL:Q:43840080;Driesprong;Den Ham;9,2;9,7;0,4;1,0;0,0;0,0
21;NL:Q:43840090;Geref. Kerk;Den Ham;21,7;7,5;2,3;0,6;0,0;0,0
21;NL:Q:43840100;Geref. Kerk;Den Ham;7,7;20,8;0,6;2,3;0,0;0,0
21;NL:Q:43840110;Zuivelfabriek;Den Ham;9,6;5,1;0,3;0,7;0,0;0,0
21;NL:Q:43840120;Zuivelfabriek;Den Ham;3,7;10,3;0,9;0,8;0,0;0,0
21;NL:Q:43840130;Smitstraat;Den Ham;26,1;14,7;1,4;1,1;0,0;0,0
21;NL:Q:43840140;Smitstraat;Den Ham;14,5;25,2;0,8;2,8;0,0;0,0
21;NL:Q:43840170;Noordmeer;Den Ham;0,0;0,0;0,0;0,0;0,0;0,0
21;NL:Q:43840240;Het Liefferdinck;Den Ham;0,0;0,0;0,0;0,0;0,0;0,0
21;NL:Q:43840260;Brink;Den Ham;0,3;0,2;0,0;0,0;0,0;0,0
21;NL:Q:43860010;Kapoene;Enter;0,1;1,4;0,2;0,2;0,0;0,0
21;NL:Q:43860030;R.K. Kerk;Enter;11,6;18,4;0,9;1,4;0,0;0,0
21;NL:Q:43860040;R.K. Kerk;Enter;21,0;11,9;1,2;1,6;0,0;0,0
21;NL:Q:43860070;Rohaan;Enter;0,7;2,5;0,0;0,3;0,0;0,0
21;NL:Q:43860080;Rohaan;Enter;1,5;0,7;0,1;0,1;0,0;0,0
21;NL:Q:43860090;Stationsweg;Enter;5,0;9,6;0,7;0,8;0,0;0,0
21;NL:Q:43860100;Stationsweg;Enter;8,5;3,5;0,4;0,4;0,0;0,0
21;NL:Q:43860110;Brandput;Enter;11,9;26,1;1,0;3,9;0,0;0,0
21;NL:Q:43860120;Brandput;Enter;25,5;11,8;2,6;1,4;0,0;0,0
21;NL:Q:43860130;Braamhaar;Enter;12,5;9,1;0,4;0,5;0,0;0,0
21;NL:Q:43860140;Braamhaar;Enter;8,9;11,6;0,2;0,6;0,0;0,0
21;NL:Q:43860150;Heerink;Enter;0,9;1,0;0,0;0,1;0,0;0,0
21;NL:Q:43860160;Heerink;Enter;1,2;1,0;0,1;0,1;0,0;0,0
21;NL:Q:43860180;Jagersweg;Enter;0,2;0,5;0,0;0,0;0,0;0,0
21;NL:Q:43860190;Jagersweg;Enter;1,0;0,4;0,0;0,1;0,0;0,0
21;NL:Q:43870010;Bolink;Nijverdal;0,2;0,7;0,1;0,1;0,0;0,0
21;NL:Q:43870050;Blokkendijk;Zuna;0,7;1,8;0,1;0,1;0,0;0,0
21;NL:Q:43870060;Blokkendijk;Zuna;2,0;0,8;0,1;0,2;0,0;0,0
21;NL:Q:43870130;Spoelerstraat;Rijssen;1,0;4,7;0,0;0,2;0,0;0,0
21;NL:Q:43870140;Spoelerstraat;Rijssen;3,8;2,4;0,4;0,2;0,0;0,0
21;NL:Q:43880030;Oude Veemarkt;Rijssen;0,3;5,6;0,1;2,1;0,0;0,0
21;NL:Q:43880031;Oude Veemarkt;Rijssen;5,0;3,0;1,7;0,3;0,0;0,0
21;NL:Q:43880050;Eltheto;Rijssen;2,4;1,5;0,1;0,3;0,0;0,0
21;NL:Q:43880070;Station;Rijssen;0,1;0,3;0,4;0,2;0,0;0,0
21;NL:Q:43880073;Station;Rijssen;33,5;27,9;7,0;4,8;0,0;0,0
21;NL:Q:43880075;Station;Rijssen;9,7;14,6;2,0;1,8;0,0;0,0
21;NL:Q:43880110;Roelf Bosmastraat;Rijssen;7,9;5,0;0,5;0,2;0,0;0,0
21;NL:Q:43880130;Huize Maranatha;Rijssen;2,0;1,4;0,2;0,2;0,0;0,0
21;NL:Q:43880150;Koninginneweg;Rijssen;1,1;0,7;0,1;0,2;0,0;0,0
21;NL:Q:43880170;Vermeerstraat;Rijssen;5,1;2,6;0,1;0,4;0,0;0,0
21;NL:Q:43880190;Wellehof;Rijssen;1,9;1,2;0,2;0,1;0,0;0,0
21;NL:Q:43880210;Scholengemeenschap;Rijssen;10,5;10,3;0,7;0,7;0,0;0,0
21;NL:Q:43880220;Scholengemeenschap;Rijssen;10,4;7,5;0,9;0,4;0,0;0,0
21;NL:Q:43880230;Stationsdwarsweg;Rijssen;1,7;2,1;0,5;0,4;0,0;0,0
21;NL:Q:43880240;Stationsdwarsweg;Rijssen;0,3;4,6;0,0;0,6;0,0;0,0
21;NL:Q:43880260;Klokkendijk;Rijssen;0,5;1,0;0,3;0,2;0,0;0,0
21;NL:Q:43880270;Waterhoen;Rijssen;5,0;10,6;0,4;0,8;0,0;0,0
21;NL:Q:43880280;Waterhoen;Rijssen;11,0;3,3;0,7;0,2;0,0;0,0
21;NL:Q:43880310;Kryptonstraat;Rijssen;1,2;2,9;0,1;0,0;0,0;0,0
21;NL:Q:43880320;Kryptonstraat;Rijssen;2,6;1,3;0,0;0,1;0,0;0,0
21;NL:Q:43880330;Schapendijk;Rijssen;0,5;1,3;0,2;0,3;0,0;0,0
21;NL:Q:43880340;Schapendijk;Rijssen;1,1;0,4;0,4;0,6;0,0;0,0
21;NL:Q:43880350;Reggesteyn/Cattelaar;Rijssen;5,9;9,5;0,4;0,4;0,0;0,0
21;NL:Q:43880360;Reggesteyn/Cattelaar;Rijssen;9,2;6,1;0,5;0,5;0,0;0,0
21;NL:Q:43880380;Kapoene;Rijssen;1,3;0,1;0,0;0,1;0,0;0,0
21;NL:Q:43880430;Overweg;Rijssen;0,1;0,0;0,0;0,0;0,0;0,0
21;NL:Q:43880450;Holterweg/Banisweg;Rijssen;0,9;1,3;0,0;0,2;0,0;0,0
21;NL:Q:43880460;Holterweg/Banisweg;Rijssen;1,6;0,9;0,2;0,1;0,0;0,0
21;NL:Q:43880510;Molenstalweg;Rijssen;0,0;0,1;0,0;0,0;0,0;0,0
21;NL:Q:43880520;Molenstalweg;Rijssen;0,3;0,0;0,1;0,0;0,0;0,0
21;NL:Q:43880530;Hagslagen;Rijssen;3,7;2,2;0,2;0,1;0,0;0,0
21;NL:Q:43880540;Hagslagen;Rijssen;2,5;3,5;0,1;0,5;0,0;0,0
21;NL:Q:43880570;Scholekster;Rijssen;2,2;2,1;0,3;0,0;0,0;0,0
21;NL:Q:43880580;Scholekster;Rijssen;2,5;2,2;0,2;0,5;0,0;0,0
21;NL:Q:43880600;Parkstede;Rijssen;1,8;3,2;0,2;1,2;0,0;0,0
21;NL:Q:43880610;Parkstede;Rijssen;2,9;1,6;1,1;0,6;0,0;0,0
21;NL:Q:43880630;R.K. Kerkhof;Rijssen;0,9;1,0;0,2;0,3;0,0;0,0
21;NL:Q:43890010;Schapenweg;Westerhaar;4,4;6,3;0,0;0,0;0,0;0,0
21;NL:Q:43890030;Meijerboersweg;Westerhaar;1,4;1,1;0,0;0,0;0,0;0,0
21;NL:Q:43890040;Meijerboersweg;Westerhaar;1,0;1,6;0,0;0,0;0,0;0,0
21;NL:Q:43890050;Driesprong;Sibculo;12,7;6,6;0,0;0,0;0,0;0,0
21;NL:Q:43890060;Driesprong;Sibculo;8,2;12,4;0,0;0,0;0,0;0,0
21;NL:Q:43890070;Bergweg;Sibculo;1,2;0,3;0,0;0,0;0,0;0,0
21;NL:Q:43890080;Bergweg;Sibculo;0,6;1,1;0,0;0,0;0,0;0,0
21;NL:Q:43890090;Schoolstraat;Kloosterhaar;5,9;3,8;0,0;0,0;0,0;0,0
21;NL:Q:43890100;Schoolstraat;Kloosterhaar;3,7;6,3;0,0;0,0;0,0;0,0
21;NL:Q:43890110;Viersprong;Kloosterhaar;7,2;3,7;0,0;0,0;0,0;0,0
21;NL:Q:43890120;Viersprong;Kloosterhaar;4,8;8,3;0,0;0,0;0,0;0,0
21;NL:Q:43890130;Oude Vaart;Kloosterhaar;0,0;0,1;0,0;0,0;0,0;0,0
21;NL:Q:43890140;Oude Vaart;Kloosterhaar;0,2;0,1;0,0;0,0;0,0;0,0
21;NL:Q:43890150;Post;Kloosterhaar;0,0;0,0;0,0;0,0;0,0;0,0
21;NL:Q:43890160;Post;Kloosterhaar;0,0;0,0;0,0;0,0;0,0;0,0
21;NL:Q:43890170;Horstra;Kloosterhaar;0,1;0,4;0,0;0,0;0,0;0,0
21;NL:Q:43890180;Horstra;Kloosterhaar;0,5;0,1;0,0;0,0;0,0;0,0
21;NL:Q:43990030;Pannemansbos;Bergentheim;0,0;0,0;0,0;0,0;0,0;0,0
21;NL:Q:43990040;Pannemansbos;Bergentheim;0,0;0,1;0,0;0,0;0,0;0,0
21;NL:Q:43990050;Veenlust;Bergentheim;0,2;0,2;0,0;0,0;0,0;0,0
21;NL:Q:43990060;Veenlust;Bergentheim;0,2;0,4;0,0;0,0;0,0;0,0
21;NL:Q:43990070;Kanaalbrug;Bergentheim;1,5;1,5;0,0;0,0;0,0;0,0
21;NL:Q:43990080;Kanaalbrug;Bergentheim;4,2;3,6;0,0;0,0;0,0;0,0
21;NL:Q:43990090;Geref. Kerk;Bergentheim;24,7;22,2;0,0;0,0;0,0;0,0
21;NL:Q:43990170;Bruchterbeekweg;Bergentheim;0,1;0,0;0,0;0,0;0,0;0,0
21;NL:Q:44100010;Usseler Esch;Usselo;0,5;0,9;0,2;0,3;0,1;0,1
21;NL:Q:44100030;Kerk;Usselo;2,9;5,6;8,7;11,6;1,3;1,7
21;NL:Q:44100040;Kerk;Usselo;6,3;6,8;4,1;3,1;1,4;2,9
21;NL:Q:44100050;Helmerstraat;Usselo;0,5;0,0;0,6;0,0;0,1;0,0
21;NL:Q:44100060;Helmerstraat;Usselo;0,4;1,5;0,1;1,4;0,0;0,4
21;NL:Q:44100070;Crematorium;Usselo;0,5;1,3;0,3;1,1;0,2;0,6
21;NL:Q:44100080;Crematorium;Enschede;2,0;0,7;1,9;0,3;0,7;0,5
21;NL:Q:44100090;Teesinklanderweg;Usselo;0,2;0,7;0,0;0,6;0,1;0,6
21;NL:Q:44100100;Teesinklanderweg;Usselo;0,7;0,3;0,9;0,6;0,5;0,5
21;NL:Q:44100120;Badweg;Usselo;2,2;0,2;1,3;0,1;0,6;0,2
21;NL:Q:44105010;Usselerhofweg;Enschede;0,1;0,2;0,0;0,0;0,0;0,0
21;NL:Q:44105020;Usselerhofweg;Usselo;0,3;0,1;0,0;0,0;0,0;0,0
21;NL:Q:44105030;Landsteinerlaan;Boekelo;0,0;0,9;0,0;0,1;0,0;0,0
21;NL:Q:44105040;Landsteinerlaan;Boekelo;1,1;0,0;0,2;0,0;0,0;0,0
21;NL:Q:44200010;Badweg;Usselo;0,1;2,8;0,2;1,4;0,1;0,6
21;NL:Q:44200030;Zonnebeekweg;Usselo;0,2;0,4;0,1;0,1;0,1;0,1
21;NL:Q:44200040;Zonnebeekweg;Usselo;0,2;0,1;0,1;0,1;0,1;0,1
21;NL:Q:44200050;Rutbeekweg;Usselo;0,9;4,0;0,5;1,9;0,2;1,1
21;NL:Q:44200060;Rutbeekweg;Usselo;3,7;0,4;1,5;0,5;0,9;0,2
21;NL:Q:44200070;Hazenweg;Usselo;0,3;2,0;0,2;0,6;0,1;0,4
21;NL:Q:44200080;Hazenweg;Usselo;1,0;0,8;0,4;0,2;0,3;0,1
21;NL:Q:44200100;Wittepalenweg;Haaksbergen;0,2;0,4;0,2;0,3;0,1;0,0
21;NL:Q:44220010;Camping Westerholt;Delden;1,4;1,8;0,2;1,1;0,0;0,0
21;NL:Q:44220020;Camping Westerholt;Delden;1,9;1,7;0,7;0,3;0,0;0,0
21;NL:Q:44220030;Carelshaven;Delden;0,0;0,1;0,0;0,0;0,0;0,0
21;NL:Q:44220040;Carelshaven;Delden;0,2;0,1;0,1;0,0;0,0;0,0
21;NL:Q:44220050;Villapark;Delden;0,0;0,2;0,0;0,0;0,0;0,0
21;NL:Q:44220060;Villapark;Delden;0,2;0,1;0,0;0,1;0,0;0,0
21;NL:Q:44220070;Station;Delden;11,7;12,2;0,5;0,5;0,0;0,0
21;NL:Q:44220080;Station;Delden;30,8;28,2;3,9;2,4;0,0;0,0
21;NL:Q:44220090;R.K. Kerk;Delden;1,5;1,1;0,0;0,1;0,0;0,0
21;NL:Q:44220100;R.K. Kerk;Delden;1,5;3,4;0,3;0,7;0,0;0,0
21;NL:Q:44220110;Europalaan;Delden;0,8;0,3;0,0;0,0;0,0;0,0
21;NL:Q:44220120;Europalaan;Delden;0,3;0,5;0,0;0,0;0,0;0,0
21;NL:Q:44220140;Nijlandsweg;Bentelo;0,0;0,0;0,0;0,0;0,0;0,0
21;NL:Q:44220150;S.G. Twickel;Delden;0,1;1,9;0,0;0,1;0,0;0,0
21;NL:Q:44229030;Politiebureau;Delden;5,3;3,3;0,5;1,0;0,0;0,0
21;NL:Q:44229040;Politiebureau;Delden;0,6;1,2;0,1;0,0;0,0;0,0
21;NL:Q:44230010;'t Schaafje;Bornerbroek;0,6;0,4;0,1;0,2;0,0;0,0
21;NL:Q:44230020;'t Schaafje;Bornerbroek;1,2;0,5;0,1;0,2;0,0;0,0
21;NL:Q:44259010;Spreeuwenstraat;Goor;0,4;0,5;0,2;0,1;0,0;0,0
21;NL:Q:44300010;Wittepalenweg;Haaksbergen;0,3;0,5;0,0;0,5;0,0;0,1
21;NL:Q:44300050;Weg naar Veldmaat;Haaksbergen;39,9;68,2;8,8;75,7;4,7;35,2
21;NL:Q:44300060;Weg naar Veldmaat;Haaksbergen;56,7;19,7;44,3;5,6;20,2;3,1
21;NL:Q:44300070;Blanckenborgh;Haaksbergen;5,8;14,7;0,5;8,5;0,6;4,9
21;NL:Q:44300080;Blanckenborgh;Haaksbergen;20,3;7,3;9,0;0,5;4,9;0,4
21;NL:Q:44300090;Fazantstraat;Haaksbergen;2,3;10,2;1,5;6,7;0,6;2,9
21;NL:Q:44300100;Fazantstraat;Haaksbergen;10,9;2,0;4,4;0,6;2,4;0,4
21;NL:Q:44300110;Busstation;Haaksbergen;146,6;129,9;40,9;35,1;26,8;20,2
21;NL:Q:44300111;Busstation;Haaksbergen;2,7;4,4;0,0;2,5;0,0;3,2
21;NL:Q:44300112;Busstation;Haaksbergen;13,2;5,4;8,4;1,2;10,1;1,6
21;NL:Q:44300114;Busstation;Haaksbergen;107,7;82,9;89,2;16,7;67,1;7,7
21;NL:Q:44300115;Busstation;Haaksbergen;71,6;95,2;15,0;98,2;11,7;51,0
21;NL:Q:44300130;Lansinkstraat;Haaksbergen;9,2;6,7;1,2;4,8;0,8;3,5
21;NL:Q:44300140;Lansinkstraat;Haaksbergen;5,3;6,4;2,8;1,5;2,2;1,0
21;NL:Q:44300150;Scholtenhage;Haaksbergen;5,6;7,4;2,0;4,2;0,6;1,7
21;NL:Q:44300160;Scholtenhage;Haaksbergen;9,2;7,8;5,1;1,9;3,1;0,8
21;NL:Q:44300180;Weerninksweg;Brammelo;0,8;0,4;0,6;0,5;0,8;0,2
21;NL:Q:44300185;Weerninksweg;Brammelo;0,1;2,0;0,0;0,7;0,0;0,3
21;NL:Q:44300270;Wiedenbroeksingel;Haaksbergen;28,7;7,1;7,0;1,4;5,6;0,2
21;NL:Q:44300280;Wiedenbroeksingel;Haaksbergen;6,7;28,0;1,6;7,3;0,1;4,8
21;NL:Q:44300310;Mr. Eenhuisstraat;Haaksbergen;19,1;1,7;7,8;0,3;4,6;0,1
21;NL:Q:44300320;Mr. Eenhuisstraat;Haaksbergen;1,9;22,9;0,3;11,4;0,1;5,6
21;NL:Q:44300350;Het Wiedenbroek;Haaksbergen;0,2;3,4;0,1;1,1;0,0;0,0
21;NL:Q:44300360;Het Wiedenbroek;Haaksbergen;2,1;0,1;0,7;0,0;0,0;0,0
21;NL:Q:44300450;Richterstraat;Haaksbergen;7,8;2,7;2,5;1,7;2,5;0,3
21;NL:Q:44300460;Richterstraat;Haaksbergen;3,4;6,8;0,8;4,1;0,2;2,3
21;NL:Q:44300470;H. v.d. Haarstraat;Haaksbergen;24,6;7,8;9,2;4,3;5,5;0,8
21;NL:Q:44300480;H. v.d. Haarstraat;Haaksbergen;7,8;21,4;4,2;10,1;0,5;4,5
21;NL:Q:44300490;Van Limborgstraat;Haaksbergen;8,0;4,8;2,9;1,6;1,6;0,5
21;NL:Q:44300500;Van Limborgstraat;Haaksbergen;4,4;7,9;1,7;2,6;0,3;1,7
21;NL:Q:44300570;Industriestraat;Haaksbergen;1,0;0,2;0,0;0,0;0,0;0,0
21;NL:Q:44300580;Industriestraat;Haaksbergen;0,1;1,2;0,0;0,0;0,0;0,0
21;NL:Q:44300610;De Volmer;Haaksbergen;12,6;0,9;0,0;0,0;0,0;0,0
21;NL:Q:44300620;De Volmer;Haaksbergen;1,2;10,5;0,0;0,0;0,0;0,0
21;NL:Q:44300690;Twijnerstraat;Haaksbergen;2,4;0,4;0,0;0,0;0,0;0,0
21;NL:Q:44300700;Twijnerstraat;Haaksbergen;0,1;1,6;0,0;0,0;0,0;0,0
21;NL:Q:44301030;Eykenhof;Haaksbergen;102,8;15,1;18,5;2,2;12,5;0,7
21;NL:Q:44301040;Eykenhof;Haaksbergen;11,9;101,3;2,3;16,8;0,5;10,5
21;NL:Q:44301050;Veldmaterstraat;Haaksbergen;47,1;2,2;13,7;0,6;9,5;0,2
21;NL:Q:44301080;Huurnerhof;Haaksbergen;0,0;0,0;0,0;0,0;0,0;0,0
21;NL:Q:44330010;Nijlandsweg;Bentelo;0,0;0,1;0,0;0,0;0,0;0,0
21;NL:Q:44330020;Dissel;Bentelo;0,3;0,0;0,0;0,0;0,0;0,0
21;NL:Q:44330030;De Rustende Jager;Bentelo;0,0;0,7;0,0;0,1;0,0;0,0
21;NL:Q:44330040;De Rustende Jager;Bentelo;0,7;0,1;0,0;0,1;0,0;0,0
21;NL:Q:44350010;Groothuis;Hengevelde;0,0;0,1;0,0;0,0;0,0;0,0
21;NL:Q:44350020;Groothuis;Hengevelde;0,0;0,0;0,0;0,0;0,0;0,0
21;NL:Q:44350030;Nijhuis;Hengevelde;0,0;0,6;0,0;0,1;0,0;0,0
21;NL:Q:44350040;Nijhuis;Hengevelde;0,3;0,0;0,0;0,0;0,0;0,0
21;NL:Q:44350050;Scholten;Hengevelde;0,0;1,1;0,0;0,0;0,0;0,0
21;NL:Q:44350060;Scholten;Hengevelde;1,8;0,0;0,0;0,0;0,0;0,0
21;NL:Q:44350070;Ten Dam;Markvelde;0,1;0,2;0,0;0,0;0,0;0,0
21;NL:Q:44350080;Ten Dam;Markvelde;0,4;0,1;0,0;0,0;0,0;0,0
21;NL:Q:44390010;Dissel;Bentelo;0,0;0,0;0,0;0,0;0,0;0,0
21;NL:Q:44390030;Smeenk;Bentelo;0,1;0,3;0,1;0,0;0,0;0,0
21;NL:Q:44390040;Smeenk;Bentelo;0,3;0,0;0,0;0,0;0,0;0,0
21;NL:Q:44390050;Rupert;Bentelo;0,1;0,6;0,0;0,0;0,0;0,0
21;NL:Q:44390060;Rupert;Bentelo;0,7;0,1;0,0;0,0;0,0;0,0
21;NL:Q:44390070;R.K. Kerk;Bentelo;0,7;9,0;0,0;0,3;0,0;0,0
21;NL:Q:44390080;R.K. Kerk;Bentelo;10,2;0,6;0,2;0,1;0,0;0,0
21;NL:Q:44400030;Poort Diaconie;Brammelo;2,1;7,4;1,1;5,7;0,2;3,1
21;NL:Q:44400040;Poort Diaconie;Brammelo;32,2;22,2;39,8;5,6;36,4;2,6
21;NL:Q:44400050;Kerkweg;Brammelo;0,6;0,4;0,0;0,1;0,0;0,1
21;NL:Q:44400060;Kerkweg;Brammelo;0,3;0,2;0,1;0,1;0,1;0,0
21;NL:Q:44400070;Roerink;Brammelo;1,3;3,7;0,1;0,6;0,1;0,4
21;NL:Q:44400080;Roerink;Brammelo;2,6;0,8;0,2;0,2;0,2;0,1
21;NL:Q:44400100;Vloedsteegweg;Rietmolen;1,1;0,3;0,5;0,3;0,1;0,1
21;NL:Q:44400110;Rietmolen;Rietmolen;2,8;10,9;0,5;2,7;0,2;1,5
21;NL:Q:44490010;De Bonkert;Markvelde;0,0;0,0;0,0;0,0;0,0;0,0
21;NL:Q:44490020;De Bonkert;Markvelde;0,1;0,0;0,0;0,0;0,0;0,0
21;NL:Q:44499010;School;Markvelde;0,0;0,0;0,0;0,0;0,0;0,0
21;NL:Q:44499020;School;Markvelde;0,2;0,0;0,0;0,0;0,0;0,0
21;NL:Q:44500010;Vloedsteegweg;Rietmolen;0,3;1,5;0,2;0,4;0,1;0,1
21;NL:Q:44500060;Rietmolen;Rietmolen;12,6;4,0;3,1;0,9;1,6;0,3
21;NL:Q:44500150;Wheemergaarden;Neede;3,9;20,4;0,8;4,3;0,6;3,4
21;NL:Q:44500160;Wheemergaarden;Neede;20,6;3,5;4,5;1,2;2,7;0,4
21;NL:Q:44500173;Parallelweg;Neede;12,6;36,6;0,2;4,1;0,2;1,8
21;NL:Q:44500174;Parallelweg;Neede;23,8;12,9;2,8;0,2;1,5;0,2
21;NL:Q:44500210;De Valkhof;Neede;8,9;11,6;3,6;5,5;3,9;3,8
21;NL:Q:44500220;De Valkhof;Neede;9,2;13,5;3,6;5,7;2,4;3,2
21;NL:Q:44500230;De Huikert;Neede;13,8;16,1;5,4;5,1;4,1;3,5
21;NL:Q:44500240;De Huikert;Neede;16,6;13,7;4,7;5,3;2,7;3,8
21;NL:Q:44500250;Christelijke School;Neede;11,8;25,0;3,5;4,5;3,3;2,4
21;NL:Q:44500260;Christelijke School;Neede;27,2;11,1;5,1;4,0;2,9;2,9
21;NL:Q:44500310;Diekmaatschool;Neede;29,5;5,9;2,6;0,8;1,5;0,6
21;NL:Q:44500320;Diekmaatschool;Neede;5,6;20,0;0,9;2,4;0,9;1,7
21;NL:Q:44500430;Garage Grooters;Eibergen;0,0;2,2;0,0;0,0;0,0;0,0
21;NL:Q:44500440;Garage Grooters;Eibergen;1,6;0,0;0,0;0,0;0,0;0,0
21;NL:Q:44500450;Viersprong;Eibergen;0,0;2,0;0,0;0,0;0,0;0,0
21;NL:Q:44500460;Viersprong;Eibergen;2,3;0,0;0,0;0,0;0,0;0,0
21;NL:Q:44500530;;;1,7;3,7;0,5;0,5;0,2;0,6
21;NL:Q:44500540;;;2,7;2,3;0,3;0,7;0,2;0,5
21;NL:Q:44500610;Hilhorst;Neede;0,4;0,2;0,0;0,0;0,0;0,0
21;NL:Q:44500620;Hilhorst;Neede;0,2;0,4;0,0;0,0;0,0;0,0
21;NL:Q:44500630;'t Roodland;Neede;0,4;2,6;0,0;0,1;0,0;0,0
21;NL:Q:44500640;'t Roodland;Neede;3,7;1,1;0,2;0,0;0,0;0,0
21;NL:Q:44501210;Busstation;Neede;100,8;118,3;21,2;34,9;14,7;21,7
21;NL:Q:44501220;Busstation;Neede;108,3;65,9;46,1;17,2;28,0;12,0
21;NL:Q:44509010;'t Klumpke;Neede;1,6;0,2;0,0;0,1;0,0;0,0
21;NL:Q:44509020;'t Klumpke;Neede;0,2;1,3;0,1;0,1;0,0;0,0
21;NL:Q:44610030;Transformator;Neede;1,4;3,6;0,5;0,5;0,4;0,3
21;NL:Q:44610040;Transformator;Neede;3,9;1,9;0,6;0,2;0,1;0,2
21;NL:Q:44710050;Busstation;Borculo;217,6;223,7;64,2;70,5;67,8;45,4
21;NL:Q:44710051;Busstation;Borculo;25,2;24,7;3,7;4,7;0,0;0,0
21;NL:Q:44710531;Keizer Ottostraat;Borculo;0,6;5,2;0,0;1,7;0,0;0,0
21;NL:Q:44710533;Keizer Ottostraat;Borculo;5,6;0,2;1,2;0,0;0,0;0,0
21;NL:Q:44710541;Nettelhorsterweg;Borculo;6,5;2,1;1,1;0,5;1,3;0,4
21;NL:Q:44710542;Nettelhorsterweg;Borculo;2,4;7,8;0,6;1,3;0,5;2,2
21;NL:Q:45120010;;;0,2;0,1;0,0;0,0;0,0;0,0
21;NL:Q:45120020;;;0,0;0,9;0,0;0,0;0,0;0,0
21;NL:Q:45160010;Viaduct;Almelo;1,3;5,9;0,2;0,1;0,0;0,0
21;NL:Q:45160030;Eierbaan;Bornerbroek;0,8;2,9;0,0;0,3;0,0;0,0
21;NL:Q:45160040;Eierbaan;Bornerbroek;3,1;1,1;0,3;0,1;0,0;0,0
21;NL:Q:45160050;Goorsedijk;Bornerbroek;0,5;0,1;0,0;0,2;0,0;0,0
21;NL:Q:45160060;Goorsedijk;Bornerbroek;0,4;1,5;0,0;0,1;0,0;0,0
21;NL:Q:45169010;R.K. Kerk;Bornerbroek;2,1;2,1;0,1;0,3;0,0;0,0
21;NL:Q:45169020;R.K. Kerk;Bornerbroek;2,1;2,4;0,3;0,1;0,0;0,0
21;NL:Q:45210011;Boekweit;Borne;0,1;0,0;0,0;0,0;0,0;0,0
21;NL:Q:45210012;Boekweit;Borne;0,0;0,2;0,0;0,0;0,0;0,0
21;NL:Q:45210017;Rogge;Borne;0,2;0,0;0,0;0,0;0,0;0,0
21;NL:Q:45210018;Rogge;Borne;0,0;0,2;0,0;0,0;0,0;0,0
21;NL:Q:45210019;Bornsebeek;Borne;0,2;0,3;0,0;0,0;0,0;0,0
21;NL:Q:45210021;Blauwgras;Borne;0,4;0,0;0,0;0,0;0,0;0,0
21;NL:Q:45210022;Blauwgras;Borne;0,0;0,3;0,0;0,0;0,0;0,0
21;NL:Q:45210023;Hesselerbeek;Borne;0,0;0,0;0,0;0,0;0,0;0,0
21;NL:Q:45210024;Hesselerbeek;Borne;0,2;0,2;0,0;0,0;0,0;0,0
21;NL:Q:45210025;De Veste;Borne;0,1;0,1;0,0;0,0;0,0;0,0
21;NL:Q:45210026;De Veste;Borne;0,1;0,3;0,0;0,0;0,0;0,0
21;NL:Q:45210027;Bongerd;Borne;0,1;0,0;0,0;0,0;0,0;0,0
21;NL:Q:45210028;Bongerd;Borne;0,0;0,2;0,0;0,0;0,0;0,0
21;NL:Q:45210110;Fleminghof;Borne;0,0;0,0;0,0;0,0;0,0;0,0
21;NL:Q:45210130;Sancta Maria;Borne;0,0;0,0;0,0;0,0;0,0;0,0
21;NL:Q:45210135;Sancta Maria;Borne;0,0;0,0;0,0;0,0;0,0;0,0
21;NL:Q:45210140;Vedergras;Borne;0,0;0,0;0,0;0,0;0,0;0,0
21;NL:Q:45210150;Struisgras;Borne;0,0;0,0;0,0;0,0;0,0;0,0
21;NL:Q:45210170;Het Wooldrik;Borne;0,0;0,0;0,0;0,0;0,0;0,0
21;NL:Q:45210180;Ridderspoor;Borne;0,0;0,0;0,0;0,0;0,0;0,0
21;NL:Q:45331001;Leeuwerikstraat;De Lutte;3,2;0,0;0,2;0,0;0,0;0,0
21;NL:Q:45331003;Spechtstraat;De Lutte;2,9;0,1;0,1;0,0;0,0;0,0
21;NL:Q:45391001;De Hagen;Saasveld;2,3;2,0;0,0;0,0;0,0;0,0
21;NL:Q:45510050;Nieuwland;Almelo;3,6;2,9;1,4;0,5;0,2;0,4
21;NL:Q:45510060;Nieuwland;Almelo;0,0;4,6;0,0;1,2;0,0;0,1
21;NL:Q:45510070;Nijreessingel;Almelo;0,5;1,3;0,0;0,4;0,0;0,2
21;NL:Q:45510080;Nijreessingel;Almelo;2,7;0,3;0,5;0,0;0,3;0,0
21;NL:Q:45551001;Paadje;Reutum;0,1;0,3;0,0;0,0;0,0;0,0
21;NL:Q:45551002;;;0,8;0,6;0,0;0,0;0,0;0,0
21;NL:Q:45641001;De Amanshoeve;Manderveen;0,0;0,1;0,0;0,0;0,0;0,0
21;NL:Q:45770001;Gereformeerde Kerk;Daarle;7,7;0,5;0,0;0,0;0,0;0,0
21;NL:Q:45770002;Gereformeerde Kerk;Daarle;0,1;4,7;0,0;0,0;0,0;0,0
21;NL:Q:45801001;Keizerserf;Nijverdal;0,1;0,1;0,0;0,0;0,0;0,0
21;NL:Q:45850010;Avonturenpark;Hellendoorn;0,1;0,1;0,0;0,0;0,0;0,0
21;NL:Q:45980001;'t Kruuspunt;Haarle;3,5;3,1;0,0;0,0;0,0;0,0
21;NL:Q:45980002;'t Kruuspunt;Haarle;3,2;2,0;0,0;0,0;0,0;0,0
21;NL:Q:45980003;Molenweg;Haarle;0,6;1,6;0,0;0,0;0,0;0,0
21;NL:Q:45980005;Stationsweg;Haarle;0,0;0,0;0,0;0,0;0,0;0,0
21;NL:Q:45980006;;;0,1;0,4;0,0;0,0;0,0;0,0
21;NL:Q:46290001;Vechtdalcollege;Hardenberg;0,7;6,8;0,0;0,0;0,0;0,0
21;NL:Q:46400055;Station;Raalte;8,1;5,4;0,0;0,0;0,0;0,0
21;NL:Q:46400200;Kruisstraat;Raalte;0,0;0,1;0,0;0,0;0,0;0,0
21;NL:Q:46400300;Westdorplaan;Raalte;0,0;0,1;0,0;0,0;0,0;0,0
21;NL:Q:46400700;Postkantoor;Raalte;0,0;0,1;0,0;0,0;0,0;0,0
21;NL:Q:46401500;Pauluskerk;Raalte;0,3;0,1;0,0;0,0;0,0;0,0
21;NL:Q:46402010;Merel;Raalte;0,1;0,1;0,0;0,0;0,0;0,0
21;NL:Q:46409003;Zwolsestraat;Raalte;1,2;3,6;0,0;0,0;0,0;0,0
21;NL:Q:46600100;Giethemer Kerkpad;Ommen;0,2;0,4;0,1;0,0;0,0;0,0
21;NL:Q:46600130;De Groene Jager;Den Ham;2,0;0,2;0,6;0,0;0,0;0,0
21;NL:Q:46600140;De Groene Jager;Den Ham;0,2;2,4;0,0;0,7;0,0;0,0
21;NL:Q:46600150;Giethemer Kerkpad;Ommen;0,2;0,2;0,0;0,0;0,0;0,0
21;NL:Q:46600180;Noordmeer;Den Ham;0,1;0,1;0,0;0,0;0,0;0,0
21;NL:Q:46600200;Besthmen;Ommen;0,1;0,1;0,0;0,0;0,0;0,0
21;NL:Q:46601010;Kasteel Eerde;Eerde;2,9;0,8;0,9;0,1;0,0;0,0
21;NL:Q:46601020;Kasteel Eerde;Eerde;0,6;5,1;0,1;1,1;0,0;0,0
21;NL:Q:46601050;Steile Oever;Ommen;0,3;0,1;0,2;0,1;0,0;0,0
21;NL:Q:46601060;Steile Oever;Ommen;0,1;0,3;0,1;0,5;0,0;0,0
21;NL:Q:46601080;Besthmen;Ommen;0,1;0,2;0,1;0,2;0,0;0,0
21;NL:Q:46610650;Station;Ommen;106,0;95,7;13,3;11,1;0,0;0,0
21;NL:Q:46611350;Strangeweg;Ommen;0,3;7,9;0,0;0,0;0,0;0,0
21;NL:Q:46611500;Strangeweg;Ommen;6,9;1,7;0,1;0,1;0,0;0,0
21;NL:Q:46613040;Sogenbosstraat;Ommen;4,4;2,9;0,0;0,0;0,0;0,0
21;NL:Q:46613050;Centrum;Ommen;2,8;0,5;0,1;0,0;0,0;0,0
21;NL:Q:46613060;Centrum;Ommen;0,6;5,1;0,0;0,1;0,0;0,0
21;NL:Q:46851001;Nijverdalseweg;Marienheem;0,1;0,1;0,0;0,0;0,0;0,0
21;NL:Q:46851002;Nijverdalseweg;Marienheem;0,1;0,2;0,0;0,0;0,0;0,0
21;NL:Q:47644061;Schuilenburgweg;Hellendoorn;0,4;0,1;0,0;0,0;0,0;0,0
21;NL:Q:47644062;Reggeweg;Hellendoorn;0,8;0,3;0,3;0,1;0,0;0,0
21;NL:Q:90110031;;;0,0;0,0;0,0;0,0;0,0;0,0
21;NL:Q:90110042;;;0,0;0,0;0,0;0,0;0,0;0,0
21;NL:Q:90110051;;;0,0;0,0;0,0;0,0;0,0;0,0
21;NL:Q:90110052;;;0,0;0,1;0,0;0,0;0,0;0,0
21;NL:Q:90110071;;;0,2;0,0;0,0;0,0;0,0;0,0
23;NL:Q:40320040;Liefkenshoek;Heteren;0,0;0,9;0,0;0,0;0,0;0,0
23;NL:Q:40320130;Nachtegaalstraat;Heteren;0,0;1,1;0,0;0,1;0,0;0,0
23;NL:Q:40320131;Nachtegaalstraat;Heteren;0,9;0,0;0,0;0,0;0,0;0,0
23;NL:Q:40320160;Elzenpas;Heteren;0,0;0,4;0,0;0,0;0,0;0,0
23;NL:Q:40320170;Elzenpas;Heteren;0,5;0,1;0,0;0,0;0,0;0,0
23;NL:Q:40320210;Beemdhof;Heteren;2,4;0,1;0,1;0,0;0,0;0,0
23;NL:Q:40322011;Beemdhof;Heteren;0,2;1,4;0,0;0,1;0,0;0,0
23;NL:Q:40400060;Costerweg;Wageningen;1,4;43,2;0,3;8,4;0,1;8,6
23;NL:Q:40400070;Costerweg;Wageningen;33,2;2,4;8,2;0,8;3,7;1,2
23;NL:Q:40405000;Busstation;Wageningen;0,1;104,1;0,1;28,6;0,1;18,3
23;NL:Q:40405011;Busstation;Wageningen;105,0;0,5;39,5;0,3;20,0;0,1
23;NL:Q:40420030;Nijburgsestraat;Randwijk;0,0;0,0;0,0;0,0;0,0;0,0
23;NL:Q:40420040;Nijburgsestraat;Randwijk;0,0;0,1;0,0;0,0;0,0;0,0
23;NL:Q:40420050;Bredeweg;Randwijk;0,0;0,1;0,0;0,0;0,0;0,0
23;NL:Q:40420060;Bredeweg;Randwijk;0,0;0,0;0,0;0,0;0,0;0,0
23;NL:Q:40420070;Prins Bernhardstraat;Randwijk;2,2;0,4;0,1;0,1;0,0;0,0
23;NL:Q:40420080;Prins Bernhardstraat;Randwijk;0,5;1,4;0,0;0,1;0,0;0,0
23;NL:Q:40420090;NUON huisje;Randwijk;0,0;0,0;0,0;0,0;0,0;0,0
23;NL:Q:40420100;NUON huisje;Randwijk;0,0;0,2;0,0;0,0;0,0;0,0
23;NL:Q:40420130;Kerk;Indoornik;0,0;0,0;0,0;0,0;0,0;0,0
23;NL:Q:40420140;Kerk;Randwijk;0,0;0,1;0,0;0,0;0,0;0,0
23;NL:Q:40500010;Militaire Begraafplaats;Rhenen;0,4;0,2;0,2;0,1;0,2;0,1
23;NL:Q:40500020;Grebbesluis;Rhenen;1,5;1,9;0,7;0,9;0,7;0,5
23;NL:Q:40500030;Grebbesluis;Rhenen;2,9;1,9;1,0;0,6;0,3;0,6
23;NL:Q:40500080;Nudenoord;Wageningen;6,4;6,0;3,0;1,4;1,3;0,8
23;NL:Q:40500090;Nudenoord;Wageningen;6,4;7,2;0,7;2,2;0,3;4,3
23;NL:Q:40600100;Station/Tuinlaan;Rhenen;99,7;94,9;27,0;31,9;13,3;15,0
23;NL:Q:40600120;Ouwehands Dierenpark;Rhenen;4,9;5,2;5,5;6,9;3,2;3,8
23;NL:Q:40600130;Ouwehands Dierenpark;Rhenen;7,1;4,9;4,7;5,7;1,9;4,0
23;NL:Q:40600140;Militaire Begraafplaats;Rhenen;0,2;0,6;0,1;0,3;0,1;0,3
23;NL:Q:40600151;;;29,9;37,9;1,1;2,6;0,1;0,1
23;NL:Q:51340010;Hotel Vianen;Vianen;4,4;0,1;1,1;0,2;0,9;0,1
23;NL:Q:51340170;Prinses Julianastraat;Vianen;2,4;1,7;1,3;0,9;0,6;0,5
23;NL:Q:51340232;Busstation Lekbrug (west);Vianen;0,0;1,2;0,1;0,6;0,3;0,6
23;NL:Q:51340234;Busstation Lekbrug (west);Vianen;22,0;0,1;7,0;0,1;4,6;0,0
23;NL:Q:51340243;Busstation Lekbrug (Oost);Vianen;0,0;1,2;0,0;0,1;0,0;0,0
23;NL:Q:51340244;Busstation Lekbrug (Oost);Vianen;0,2;20,5;0,1;5,2;0,0;3,8
23;NL:Q:51340250;Formido;Vianen;0,7;1,5;0,3;0,9;0,3;0,3
23;NL:Q:51340260;Formido;Vianen;1,2;1,2;0,9;0,4;0,1;0,4
23;NL:Q:51340290;Centrum;Vianen;6,5;6,7;2,5;3,0;1,1;2,2
23;NL:Q:51340411;Hagenweg;Vianen;5,2;1,3;0,2;0,5;0,2;0,3
23;NL:Q:51341260;Hotel Vianen;Vianen;0,1;4,8;0,0;1,3;0,0;1,4
23;NL:Q:51341570;Lange Dreef;Vianen;0,8;6,2;0,2;0,4;0,2;0,2
23;NL:Q:51341580;Lange Dreef;Vianen;4,4;4,2;0,2;0,4;0,2;0,1
23;NL:Q:51470010;Tienhovenseweg;Hagestein;0,6;0,3;0,1;0,0;0,1;0,1
23;NL:Q:51470020;Tienhovenseweg;Hagestein;0,3;0,5;0,0;0,2;0,0;0,2
23;NL:Q:51470030;Kortenoever;Hagestein;0,2;0,0;0,5;0,3;0,0;0,1
23;NL:Q:51470040;Kortenoever;Hagestein;0,0;0,0;0,0;0,6;0,0;0,1
23;NL:Q:51470050;Autenasekade;Hagestein;0,1;0,1;0,0;0,0;0,0;0,1
23;NL:Q:51470060;Autenasekade;Hagestein;0,1;0,1;0,0;0,3;0,0;0,0
23;NL:Q:51470070;Nijensteinseweg;Hagestein;2,5;3,5;1,0;0,8;0,6;0,7
23;NL:Q:51470080;Nijensteinseweg;Hagestein;4,3;2,1;1,2;1,0;0,8;0,8
23;NL:Q:51470090;Stuwstraat;Hagestein;1,6;1,9;1,2;0,4;0,5;0,4
23;NL:Q:51470100;Stuwstraat;Hagestein;2,3;1,5;0,4;1,1;0,3;0,4
23;NL:Q:51470130;Biezenweg;Hagestein;0,7;1,6;0,2;0,3;0,1;0,1
23;NL:Q:51470140;Biezenweg;Hagestein;2,4;0,5;0,1;0,2;0,1;0,1
23;NL:Q:51470150;;;1,1;0,8;0,4;0,3;0,5;0,3
23;NL:Q:51471020;Hoefslag;Hagestein;0,1;1,2;0,2;0,5;0,2;0,6
23;NL:Q:51570030;Diefdijk;Everdingen;0,1;0,1;0,1;0,1;0,1;0,2
23;NL:Q:51570040;Diefdijk;Everdingen;0,4;0,1;0,3;0,1;0,1;0,0
23;NL:Q:51570150;;;0,0;0,3;0,0;0,0;0,0;0,0
23;NL:Q:51570170;De Hommel;Everdingen;4,2;5,8;0,9;1,4;0,5;0,9
23;NL:Q:51570180;De Hommel;Everdingen;6,4;3,0;1,2;1,0;0,8;0,6
23;NL:Q:51670010;Hamseweg;Culemborg;0,1;0,1;0,1;0,0;0,1;0,0
23;NL:Q:51670020;Hamseweg;Culemborg;0,2;0,3;0,1;0,3;0,0;0,1
23;NL:Q:51670030;Beukeboom;Culemborg;4,0;4,5;3,0;1,7;2,1;1,3
23;NL:Q:51670040;Guido Gezelleweg;Culemborg;0,4;5,5;0,0;0,0;0,0;0,0
23;NL:Q:51670050;Guido Gezelleweg;Culemborg;0,0;1,0;0,0;0,0;0,0;0,0
23;NL:Q:51670120;Beukeboom;Culemborg;3,9;4,1;1,7;3,5;2,0;2,3
23;NL:Q:51670130;Station;Culemborg;34,5;68,5;10,2;27,1;6,8;20,4
23;NL:Q:51670140;Station;Culemborg;67,8;33,8;36,3;8,7;24,9;6,5
23;NL:Q:51670200;Vicarystraat;Culemborg;0,1;0,7;0,1;0,3;0,0;0,0
23;NL:Q:51670530;SG Lek en Linge;Culemborg;8,2;19,8;0,0;0,0;0,0;0,0
23;NL:Q:51670550;SG Lek en Linge;Culemborg;9,1;0,0;0,0;0,0;0,0;0,0
23;NL:Q:51670650;Jan van Riebeeckstraat;Culemborg;1,7;0,4;0,5;0,2;0,5;0,0
23;NL:Q:51670660;Jan van Riebeeckstraat;Culemborg;0,3;1,6;0,0;0,6;0,1;0,4
23;NL:Q:51670680;Prijsseweg;Culemborg;4,1;3,7;1,9;1,7;1,2;0,6
23;NL:Q:51670690;Vicarystraat;Culemborg;0,5;0,3;0,7;0,6;0,4;0,1
23;NL:Q:51670710;Prijsseweg;Culemborg;3,0;3,5;1,7;2,0;0,8;1,4
23;NL:Q:51670720;Weidsteeg;Culemborg;5,0;2,9;2,1;1,8;2,2;1,5
23;NL:Q:51670730;Weidsteeg;Culemborg;2,2;4,7;1,1;1,7;0,7;1,2
23;NL:Q:51670750;Weidsteeg/Zandstraat;Culemborg;1,3;12,8;0,7;4,9;0,2;1,5
23;NL:Q:51670760;Weidsteeg/Zandstraat;Culemborg;13,2;2,3;4,4;1,8;2,1;0,9
23;NL:Q:51670780;Kon. Wilhelmina College;Culemborg;5,7;1,6;0,0;0,0;0,0;0,0
23;NL:Q:51670790;Kon. Wilhelmina College;Culemborg;0,0;7,8;0,0;0,0;0,0;0,0
23;NL:Q:51670800;Molenwindsingel;Culemborg;0,9;0,7;0,3;0,2;0,3;0,1
23;NL:Q:51670810;Molenwindsingel;Culemborg;0,8;0,7;0,1;0,4;0,0;0,1
23;NL:Q:51670820;Stationssingel;Culemborg;0,4;0,2;0,2;0,0;0,1;0,1
23;NL:Q:51670830;Stationssingel;Culemborg;0,0;1,0;0,1;0,7;0,0;0,5
23;NL:Q:51671280;Schootsveldpad;Culemborg;0,6;0,3;0,2;0,2;0,0;0,0
23;NL:Q:51671290;Schootsveldpad;Culemborg;0,1;0,5;0,2;0,3;0,0;0,0
23;NL:Q:51671300;;;0,1;0,2;0,0;0,2;0,2;0,1
23;NL:Q:51671310;;;0,1;0,1;0,0;0,0;0,0;0,0
23;NL:Q:51671320;;;0,2;0,4;0,0;0,0;0,1;0,1
23;NL:Q:51671330;;;0,3;0,3;0,1;0,3;0,1;0,0
23;NL:Q:51671340;;;1,7;1,9;0,6;0,6;0,4;0,4
23;NL:Q:51671350;;;1,7;1,2;0,8;0,3;0,5;0,2
23;NL:Q:51750040;Walstraat;Gorinchem;20,7;4,9;17,3;1,2;7,0;0,3
23;NL:Q:51750070;Station;Gorinchem;0,4;120,3;0,1;20,3;0,1;12,0
23;NL:Q:51750071;Station;Gorinchem;119,1;0,5;20,7;0,2;7,0;0,1
23;NL:Q:51750077;Station;Gorinchem;6,5;0,0;2,5;0,0;1,1;0,0
23;NL:Q:51750110;Walstraat;Gorinchem;6,0;18,9;1,5;17,7;1,1;6,8
23;NL:Q:51750120;Fortes Lyceum;Gorinchem;10,1;10,9;1,1;1,7;0,7;0,6
23;NL:Q:51750190;Muzenlaan;Gorinchem;4,9;21,2;2,1;4,5;2,1;0,7
23;NL:Q:51750240;Fortes Lyceum;Gorinchem;9,2;9,1;1,6;1,4;0,9;0,3
23;NL:Q:51750280;Flank;Gorinchem;0,0;0,1;0,0;0,0;0,0;0,0
23;NL:Q:51750410;Merwedekanaal;Gorinchem;12,7;0,8;1,4;0,0;0,8;0,1
23;NL:Q:51750420;Merwedekanaal;Gorinchem;1,1;18,2;0,1;0,9;0,0;0,7
23;NL:Q:51751200;Muzenlaan;Gorinchem;16,9;5,1;3,0;4,0;1,7;1,3
23;NL:Q:51752010;Nieuwe Hoven;Gorinchem;18,4;0,8;0,2;0,0;0,0;0,0
23;NL:Q:51752020;Nieuwe Hoven;Gorinchem;0,1;6,1;0,0;0,0;0,0;0,0
23;NL:Q:51752130;Viaduct A15/Gomarus;Gorinchem;52,9;63,7;0,5;0,0;0,0;0,0
23;NL:Q:51753080;Beatrixlaan;Dalem;3,0;8,2;1,3;2,2;1,2;1,0
23;NL:Q:51753090;Beatrixlaan;Dalem;8,6;3,1;2,3;1,5;2,6;0,8
23;NL:Q:51760060;Recht van ter Leede;Leerdam;0,9;0,0;0,2;0,0;0,0;0,0
23;NL:Q:51760090;Station;Leerdam;3,7;7,3;2,0;0,1;0,0;0,1
23;NL:Q:51760120;Station;Leerdam;10,6;4,4;0,3;2,3;0,2;0,1
23;NL:Q:51760130;Recht van ter Leede;Leerdam;0,0;0,4;0,0;0,2;0,0;0,0
23;NL:Q:51760230;Lingepolikliniek;Leerdam;0,9;1,0;0,0;0,0;0,0;0,0
23;NL:Q:51760250;Dr. C. Voogdplein;Leerdam;1,1;0,1;0,0;0,0;0,0;0,0
23;NL:Q:51760260;Dr. C. Voogdplein;Leerdam;0,0;0,7;0,0;0,0;0,0;0,0
23;NL:Q:51760270;Prinses Marijkestraat;Leerdam;0,2;0,1;0,1;0,0;0,0;0,0
23;NL:Q:51760280;Prinses Marijkestraat;Leerdam;0,0;0,1;0,0;0,0;0,0;0,0
23;NL:Q:51760360;Lingepolikliniek;Leerdam;0,1;0,1;0,0;0,0;0,0;0,0
23;NL:Q:51760370;Gemeentehuis;Asperen;1,3;0,3;0,6;0,1;0,0;0,0
23;NL:Q:51760380;Gemeentehuis;Asperen;0,3;0,5;0,0;0,2;0,0;0,0
23;NL:Q:51760400;Kerkweg;Asperen;0,0;0,0;0,0;0,0;0,0;0,0
23;NL:Q:51760410;Gruttersdam;Asperen;0,1;0,1;0,0;0,1;0,0;0,0
23;NL:Q:51760420;Gruttersdam;Asperen;0,3;0,2;0,0;0,1;0,0;0,0
23;NL:Q:51760430;Raadhuisplein;Asperen;0,2;0,0;0,0;0,0;0,0;0,0
23;NL:Q:51760440;Raadhuisplein;Asperen;0,1;0,2;0,0;0,0;0,0;0,0
23;NL:Q:51760450;Baronie;Asperen;0,0;0,0;0,0;0,0;0,0;0,0
23;NL:Q:51760460;Baronie;Asperen;0,0;0,0;0,0;0,0;0,0;0,0
23;NL:Q:51760470;Drostlaan;Asperen;0,1;0,0;0,0;0,0;0,0;0,0
23;NL:Q:51760480;Drostlaan;Asperen;0,0;0,1;0,0;0,0;0,0;0,0
23;NL:Q:51760550;Brandweer;Asperen;0,2;0,1;0,2;0,0;0,0;0,0
23;NL:Q:51760560;Brandweer;Asperen;0,1;0,2;0,1;0,3;0,0;0,0
23;NL:Q:51760570;Stardam;Asperen;0,3;0,7;0,5;0,0;0,0;0,0
23;NL:Q:51760580;Stardam;Asperen;0,1;0,1;0,0;0,0;0,0;0,0
23;NL:Q:51760590;Schildkamp;Asperen;1,0;1,9;0,3;0,4;0,0;0,0
23;NL:Q:51760600;Schildkamp;Asperen;1,0;0,9;0,1;0,8;0,0;0,0
23;NL:Q:51769070;De Schakel;Acquoy;0,6;0,3;0,4;0,1;0,0;0,0
23;NL:Q:51769080;De Schakel;Acquoy;0,2;0,4;0,1;0,4;0,0;0,0
23;NL:Q:51769110;Achterweg;Acquoy;0,0;0,3;0,0;0,2;0,0;0,0
23;NL:Q:51769120;Achterweg;Acquoy;0,2;0,0;0,2;0,0;0,0;0,0
23;NL:Q:60000280;Joris Ivensplein;Nijmegen;1,8;17,3;1,7;12,5;1,5;12,6
23;NL:Q:60000610;Joris Ivensplein;Nijmegen;14,6;2,3;11,0;1,1;12,4;2,8
23;NL:Q:60000630;Havenweg;Nijmegen;1,2;8,6;1,0;4,2;1,5;7,7
23;NL:Q:60000690;Hatertseweg/Grootstalseln;Nijmegen;0,0;0,1;0,0;0,0;0,0;0,0
23;NL:Q:60000970;Sluis Weurt;Nijmegen;1,3;1,8;0,6;1,3;0,9;1,6
23;NL:Q:60000990;Sluis Weurt;Nijmegen;1,9;1,6;1,4;1,0;1,7;1,4
23;NL:Q:60001000;;;0,0;4,3;0,0;1,7;0,0;2,5
23;NL:Q:60001002;Centraal Station;Nijmegen;148,0;0,5;89,3;0,2;122,1;0,8
23;NL:Q:60001003;Centraal Station;Nijmegen;1,7;108,1;0,0;69,1;0,3;89,1
23;NL:Q:60001010;Centraal Station;Nijmegen;0,0;2,4;0,0;0,6;0,0;0,8
23;NL:Q:60001050;Havenweg;Nijmegen;5,5;1,3;3,5;0,8;3,7;1,3
23;NL:Q:60001200;Smetiusstraat;Nijmegen;7,5;3,8;4,2;1,4;5,2;2,7
23;NL:Q:60001700;Smetiusstraat;Nijmegen;1,3;3,5;0,8;1,8;0,9;1,9
23;NL:Q:60002005;Plein 1944;Nijmegen;49,9;14,1;43,5;7,0;45,8;12,3
23;NL:Q:60002006;Plein 1944;Nijmegen;2,8;42,2;2,7;46,3;3,8;41,6
23;NL:Q:60003370;Merwedestraat;Nijmegen;0,9;8,3;0,7;7,7;0,4;9,5
23;NL:Q:60003450;Vlietstraat;Nijmegen;3,1;2,7;3,1;1,8;2,8;3,6
23;NL:Q:60003490;Biezenstraat;Nijmegen;6,2;1,4;4,2;0,9;3,8;1,6
23;NL:Q:60003580;Vlietstraat;Nijmegen;4,8;4,7;4,2;2,5;4,5;5,4
23;NL:Q:60003660;Biezenstraat;Nijmegen;1,3;8,2;0,9;3,8;1,3;8,0
23;NL:Q:60003720;Merwedestraat;Nijmegen;5,4;0,7;5,3;1,4;4,7;0,7
23;NL:Q:60003880;Industrieweg;Nijmegen;0,6;11,3;0,8;3,1;0,3;3,5
23;NL:Q:60003960;Industrieweg;Nijmegen;10,0;2,2;3,1;1,5;2,1;0,6
23;NL:Q:61120010;Kerkstraat;Weurt;0,1;9,7;0,0;6,2;0,5;11,0
23;NL:Q:61120020;Hommelstraat;Beuningen;4,4;1,5;4,6;1,0;4,1;1,4
23;NL:Q:61120040;Kerk;Beuningen;10,0;1,8;9,0;0,7;8,8;0,7
23;NL:Q:61120050;Distelakkerstraat;Beuningen;0,1;1,4;0,1;0,8;0,1;1,4
23;NL:Q:61120060;Distelakkerstraat;Beuningen;1,2;0,1;0,7;0,1;0,6;0,2
23;NL:Q:61120070;Kerk;Beuningen;6,9;16,1;4,3;10,3;4,8;14,4
23;NL:Q:61120090;Hommelstraat;Beuningen;1,1;5,5;1,4;3,6;1,4;4,3
23;NL:Q:61120100;Kerkstraat;Weurt;6,0;0,5;5,5;0,4;4,6;0,4
23;NL:Q:61120470;Gemeentehuis;Beuningen;0,8;5,0;0,8;2,7;0,8;5,1
23;NL:Q:61120480;Gemeentehuis;Beuningen;3,7;6,4;2,3;5,6;2,9;4,1
23;NL:Q:61220010;Julianastraat;Ewijk;4,3;21,5;2,2;12,7;1,6;13,6
23;NL:Q:61220020;Deijnschestraat;Winssen;0,4;0,2;0,3;0,1;0,1;0,0
23;NL:Q:61220030;Molenweg;Ewijk;0,2;1,5;0,1;1,0;0,1;1,3
23;NL:Q:61220040;Geerstraat;Winssen;2,1;0,4;0,8;0,1;0,8;0,2
23;NL:Q:61220060;Leegstraat;Winssen;10,0;1,4;5,1;0,5;5,9;0,4
23;NL:Q:61220070;Leegstraat;Winssen;0,6;9,0;0,6;5,9;0,4;4,6
23;NL:Q:61220090;Geerstraat;Winssen;0,6;1,9;0,2;0,9;0,2;0,8
23;NL:Q:61220100;Molenweg;Ewijk;1,4;0,3;0,8;0,1;1,0;0,1
23;NL:Q:61220110;Deijnschestraat;Winssen;0,0;0,7;0,0;0,4;0,0;0,4
23;NL:Q:61220120;Julianastraat;Ewijk;21,5;5,3;13,1;2,5;12,8;1,9
23;NL:Q:61220170;Keizershoeve;Ewijk;1,1;6,9;0,6;5,3;0,3;4,5
23;NL:Q:61220180;Keizershoeve;Ewijk;6,1;1,3;5,1;0,5;4,3;0,7
23;NL:Q:61220190;Plakstraat;Winssen;0,3;5,1;0,2;3,9;0,3;3,8
23;NL:Q:61220200;Plakstraat;Winssen;4,2;0,5;4,1;0,2;4,2;0,2
23;NL:Q:61280010;Achterstraat;Varik;0,3;0,4;0,0;0,1;0,0;0,0
23;NL:Q:61280020;Esterwegsestoep;Heesselt;0,0;0,0;0,0;0,0;0,0;0,0
23;NL:Q:61280030;Kerkstraat 3;Varik;0,1;0,3;0,0;0,0;0,0;0,0
23;NL:Q:61280040;Van Riemsdijk;Heesselt;0,0;0,0;0,0;0,0;0,0;0,0
23;NL:Q:61280060;Gemeneweg;Heesselt;0,0;0,1;0,0;0,0;0,0;0,0
23;NL:Q:61280070;Kerkstraat 38;Varik;0,2;1,3;0,0;0,1;0,0;0,0
23;NL:Q:61280080;Kerklaan;Heesselt;0,2;0,1;0,0;0,0;0,0;0,0
23;NL:Q:61280090;Postkantoor;Varik;0,7;0,8;0,0;0,0;0,0;0,0
23;NL:Q:61280100;Gerestraat 40;Heesselt;0,2;0,0;0,0;0,0;0,0;0,0
23;NL:Q:61280110;Toevershof;Varik;0,2;1,2;0,0;0,0;0,0;0,0
23;NL:Q:61280120;Heesselt;Heesselt;0,1;0,1;0,0;0,0;0,0;0,0
23;NL:Q:61280130;Walgtsestraat;Varik;0,3;0,3;0,0;0,0;0,0;0,0
23;NL:Q:61280140;Sportterrein;Varik;0,1;0,6;0,0;0,0;0,0;0,0
23;NL:Q:61280150;Sportterrein;Varik;0,1;0,0;0,0;0,0;0,0;0,0
23;NL:Q:61280160;Walgtsestraat;Varik;0,2;0,3;0,0;0,0;0,0;0,0
23;NL:Q:61280170;Heesselt;Heesselt;0,1;0,1;0,0;0,0;0,0;0,0
23;NL:Q:61280180;Toevershof;Varik;1,0;0,4;0,0;0,0;0,0;0,0
23;NL:Q:61280190;Gerestraat 40;Heesselt;0,0;0,2;0,0;0,0;0,0;0,0
23;NL:Q:61280200;Postkantoor;Varik;0,9;0,3;0,0;0,0;0,0;0,0
23;NL:Q:61280210;Kerklaan;Heesselt;0,2;0,2;0,0;0,0;0,0;0,0
23;NL:Q:61280220;Kerkstraat 38;Varik;0,7;0,1;0,0;0,0;0,0;0,0
23;NL:Q:61280230;Gemeneweg;Heesselt;0,0;0,3;0,0;0,0;0,0;0,0
23;NL:Q:61280240;Kerkstraat 3;Varik;0,3;0,1;0,0;0,0;0,0;0,0
23;NL:Q:61280250;Van Riemsdijk;Heesselt;0,0;0,1;0,0;0,0;0,0;0,0
23;NL:Q:61280260;Achterstraat;Varik;0,2;0,7;0,0;0,0;0,0;0,0
23;NL:Q:61280270;Esterwegsestoep;Heesselt;0,0;0,1;0,0;0,0;0,0;0,0
23;NL:Q:61311020;Passewaaij;Tiel;6,6;0,0;0,1;0,0;0,1;0,0
23;NL:Q:61311030;Passewaaij;Tiel;0,1;7,8;0,0;0,2;0,0;0,1
23;NL:Q:61320010;;;0,0;0,2;0,0;0,0;0,0;0,0
23;NL:Q:61320020;Klapstraat;Afferden;1,9;0,6;3,1;0,2;2,0;0,2
23;NL:Q:61320031;Koningstraat;Afferden;0,1;0,8;0,1;0,5;0,0;0,7
23;NL:Q:61320041;Pas;Afferden;7,7;0,6;3,6;0,2;4,7;0,3
23;NL:Q:61320051;Pas;Afferden;0,5;7,0;0,3;3,9;0,4;4,5
23;NL:Q:61320061;Koningstraat;Afferden;0,9;0,1;0,5;0,0;0,9;0,1
23;NL:Q:61320070;Klapstraat;Afferden;0,1;0,8;0,2;0,7;1,0;1,3
23;NL:Q:61320080;Grotestraat;Deest;10,0;2,7;6,2;1,2;5,5;1,3
23;NL:Q:61320110;Grotestraat;Deest;2,1;9,1;1,2;4,7;1,1;5,4
23;NL:Q:61350010;Esterweg;Opijnen;0,1;0,0;0,0;0,0;0,0;0,0
23;NL:Q:61350020;PGEM Station;Neerijnen;0,0;0,1;0,0;0,0;0,0;0,0
23;NL:Q:61350030;Zandstraat 59;Opijnen;0,4;0,3;0,0;0,0;0,0;0,0
23;NL:Q:61350040;School;Neerijnen;0,0;0,1;0,0;0,0;0,0;0,0
23;NL:Q:61350050;Nieuwe Stoep;Opijnen;0,2;0,3;0,0;0,0;0,0;0,0
23;NL:Q:61350060;De Vor;Neerijnen;0,0;0,0;0,0;0,0;0,0;0,0
23;NL:Q:61350070;Smid van Empel;Opijnen;0,2;0,2;0,0;0,0;0,0;0,0
23;NL:Q:61350080;Repelsestraat;Opijnen;0,1;1,0;0,0;0,0;0,0;0,0
23;NL:Q:61350090;Gemeentehuis;Opijnen;2,7;2,0;0,1;0,0;0,1;0,0
23;NL:Q:61350100;Gemeentehuis;Opijnen;2,6;0,9;0,1;0,0;0,0;0,0
23;NL:Q:61350110;Repelsestraat;Opijnen;0,0;0,0;0,0;0,0;0,0;0,0
23;NL:Q:61350120;Smid van Empel;Opijnen;0,2;0,3;0,0;0,0;0,0;0,0
23;NL:Q:61350130;De Vor;Neerijnen;0,1;0,0;0,0;0,0;0,0;0,0
23;NL:Q:61350140;Nieuwe Stoep;Opijnen;0,1;0,2;0,0;0,0;0,0;0,0
23;NL:Q:61350150;School;Neerijnen;0,1;0,1;0,0;0,0;0,0;0,0
23;NL:Q:61350160;Zandstraat 59;Opijnen;0,4;0,3;0,0;0,0;0,0;0,0
23;NL:Q:61350170;PGEM Station;Neerijnen;0,0;0,2;0,0;0,0;0,0;0,0
23;NL:Q:61350180;Esterweg;Opijnen;0,0;0,1;0,0;0,0;0,0;0,0
23;NL:Q:61360010;Burg. Verweijlaan;Geldermalsen;1,4;0,1;0,5;0,0;0,0;0,0
23;NL:Q:61360030;Prinses Marijkeweg;Geldermalsen;2,2;0,7;0,0;0,7;0,0;0,0
23;NL:Q:61360040;Prinses Marijkeweg;Geldermalsen;0,9;7,2;0,4;0,0;0,0;0,0
23;NL:Q:61360060;Zorgcentrum;Geldermalsen;1,5;2,5;0,7;1,2;0,8;1,2
23;NL:Q:61360080;Poppenbouwing;Geldermalsen;9,8;8,9;0,0;0,0;0,0;0,0
23;NL:Q:61360110;Centrum;Geldermalsen;9,6;0,9;1,5;1,7;0,3;0,3
23;NL:Q:61360120;Kostverlorenkade;Geldermalsen;0,2;0,1;0,1;0,0;0,0;0,0
23;NL:Q:61360130;Gemeentehuis;Geldermalsen;0,6;0,2;0,2;0,1;0,0;0,0
23;NL:Q:61360140;Gemeentehuis;Geldermalsen;0,1;1,0;0,2;0,3;0,0;0,0
23;NL:Q:61360180;Burg. Verweijlaan;Geldermalsen;0,0;1,4;0,0;0,8;0,0;0,0
23;NL:Q:61360190;;;0,0;0,0;0,0;0,0;0,0;0,0
23;NL:Q:61360220;Tunnelweg;Geldermalsen;0,5;28,3;0,6;0,0;0,0;0,0
23;NL:Q:61360230;Tunnelweg;Geldermalsen;0,3;0,1;0,0;0,1;0,0;0,1
23;NL:Q:61360270;Centrum;Geldermalsen;1,1;6,7;1,6;4,0;0,3;0,6
23;NL:Q:61360290;Kalenberg;Meteren;15,8;3,9;2,8;1,0;0,4;0,4
23;NL:Q:61360300;Kalenberg;Meteren;2,3;22,0;0,7;2,7;0,6;0,4
23;NL:Q:61360310;Landbouwhuis;Meteren;6,9;1,1;0,6;1,1;0,3;0,2
23;NL:Q:61360320;Landbouwhuis;Meteren;0,8;9,0;0,5;0,7;0,1;0,2
23;NL:Q:61360330;Rode Kruis Gebouw;Geldermalsen;0,1;6,2;0,0;0,0;0,0;0,0
23;NL:Q:61360350;Station;Geldermalsen;76,4;20,4;27,6;4,5;12,9;0,3
23;NL:Q:61360360;Station;Geldermalsen;32,0;57,8;3,6;19,9;0,1;12,6
23;NL:Q:61360370;Station;Geldermalsen;7,3;0,3;1,7;0,1;0,0;0,0
23;NL:Q:61360380;Rode Kruis Gebouw;Geldermalsen;1,4;0,1;0,0;0,0;0,0;0,0
23;NL:Q:61360510;Voetbalveld;Geldermalsen;8,2;2,4;0,0;0,0;0,0;0,0
23;NL:Q:61360550;Rijnstraat;Geldermalsen;0,0;0,2;0,0;0,1;0,0;0,0
23;NL:Q:61360640;Poppenbouwing/Blokker;Geldermalsen;0,7;1,1;0,1;0,1;0,0;0,0
23;NL:Q:61361050;Poppenbouwing/Albert Heijn;Geldermalsen;21,2;0,7;0,5;0,0;0,0;0,0
23;NL:Q:61361060;Poppenbouwing/Albert Heijn;Geldermalsen;11,7;35,4;0,3;0,8;0,0;0,0
23;NL:Q:61361310;Groeneweg;Buurmalsen;0,0;0,0;0,0;0,0;0,0;0,0
23;NL:Q:61361330;J.F. Kennedylaan;Geldermalsen;0,2;1,8;0,0;0,1;0,0;0,0
23;NL:Q:61361340;J.F. Kennedylaan;Geldermalsen;1,6;0,6;0,0;0,0;0,0;0,0
23;NL:Q:61361350;Rijksstraatweg;Buurmalsen;0,2;0,0;0,5;0,0;0,0;0,0
23;NL:Q:61361360;Rooimond;Buurmalsen;0,1;0,1;0,0;0,2;0,0;0,0
23;NL:Q:61361370;Rooimond;Buurmalsen;0,3;0,0;0,2;0,0;0,0;0,0
23;NL:Q:61361380;Rijksstraatweg;Buurmalsen;0,1;0,5;0,0;0,1;0,0;0,0
23;NL:Q:61362010;Hondsgemet;Est;1,7;2,9;0,2;0,3;0,0;0,0
23;NL:Q:61362020;Kerk;Est;1,4;0,8;0,4;0,3;0,0;0,0
23;NL:Q:61363010;Dorpshuis;Tricht;0,2;0,2;0,1;0,1;0,0;0,0
23;NL:Q:61368120;Verlengde Bredestraat;Meteren;0,3;0,0;0,1;0,0;0,0;0,0
23;NL:Q:61368130;De Plantage;Meteren;0,0;0,2;0,0;0,0;0,0;0,0
23;NL:Q:61368296;;;0,0;0,0;0,0;0,0;0,0;0,0
23;NL:Q:61369060;Groeneweg;Buurmalsen;0,0;0,1;0,0;0,0;0,0;0,0
23;NL:Q:61369180;Dorpsstraat;Meteren;0,9;0,5;0,5;0,0;0,0;0,0
23;NL:Q:61369410;Kostverlorenkade;Geldermalsen;0,1;0,2;0,0;0,1;0,0;0,0
23;NL:Q:61369430;Rijnstraat;Geldermalsen;0,3;0,0;0,2;0,0;0,0;0,0
23;NL:Q:61369530;Oudenhof;Deil;0,0;0,1;0,0;0,0;0,0;0,0
23;NL:Q:61369540;Oudenhof;Deil;0,0;0,0;0,1;0,1;0,0;0,0
23;NL:Q:61369550;Lokhorstschool;Deil;2,3;1,5;0,0;0,2;0,0;0,0
23;NL:Q:61369560;Lokhorstschool;Deil;0,2;0,0;0,1;0,0;0,0;0,0
23;NL:Q:61369570;Schoresteynstraat;Deil;0,1;0,3;0,0;0,1;0,0;0,0
23;NL:Q:61369580;Schoresteynstraat;Deil;0,6;0,0;0,1;0,0;0,0;0,0
23;NL:Q:61370020;Klepperheide;Kerk-Avezaath;0,4;0,2;0,1;0,2;0,0;0,1
23;NL:Q:61370110;Klepperheide;Kerk-Avezaath;0,2;0,7;0,4;0,1;0,0;0,1
23;NL:Q:61370210;N834/Daver;Kerk-Avezaath;1,4;1,8;1,0;0,8;0,8;0,4
23;NL:Q:61370220;N834/Daver;Kapel Avezaath Buren;1,7;1,4;1,0;1,1;0,5;0,6
23;NL:Q:61380010;Ophemertsedijk;Tiel;0,0;0,0;0,0;0,0;0,0;0,0
23;NL:Q:61380020;Kloppenhof;Ophemert;0,0;0,0;0,0;0,0;0,0;0,0
23;NL:Q:61380030;Steenfabriek;Ophemert;0,0;0,0;0,0;0,0;0,0;0,0
23;NL:Q:61380040;Van Beesd;Ophemert;0,7;0,0;0,0;0,0;0,0;0,0
23;NL:Q:61380050;Rode Molen;Ophemert;0,0;0,0;0,0;0,0;0,0;0,0
23;NL:Q:61380060;Griedesteeg;Ophemert;2,1;0,2;0,1;0,0;0,0;0,0
23;NL:Q:61380070;Hermoesestraat;Ophemert;0,0;0,0;0,0;0,0;0,0;0,0
23;NL:Q:61380080;Vivo;Ophemert;0,6;0,1;0,0;0,0;0,0;0,0
23;NL:Q:61380090;Waalbandijk;Ophemert;0,0;0,0;0,0;0,0;0,0;0,0
23;NL:Q:61380100;Goossen Janssenstraat;Ophemert;0,1;0,0;0,0;0,0;0,0;0,0
23;NL:Q:61380110;Molenstraat;Ophemert;0,0;0,1;0,0;0,0;0,0;0,0
23;NL:Q:61380120;Molenstraat;Ophemert;0,1;0,0;0,0;0,0;0,0;0,0
23;NL:Q:61380130;Goossen Janssenstraat;Ophemert;0,0;0,2;0,0;0,0;0,0;0,0
23;NL:Q:61380140;Waalbandijk;Ophemert;0,0;0,0;0,0;0,0;0,0;0,0
23;NL:Q:61380150;Vivo;Ophemert;0,1;0,5;0,0;0,0;0,0;0,0
23;NL:Q:61380160;Hermoesestraat;Ophemert;0,1;0,0;0,0;0,0;0,0;0,0
23;NL:Q:61380170;Griedesteeg;Ophemert;0,2;2,5;0,1;0,1;0,0;0,0
23;NL:Q:61380180;Rode Molen;Ophemert;0,0;0,0;0,0;0,0;0,0;0,0
23;NL:Q:61380190;Van Beesd;Ophemert;0,1;0,3;0,0;0,0;0,0;0,0
23;NL:Q:61380200;Steenfabriek;Ophemert;0,0;0,0;0,0;0,0;0,0;0,0
23;NL:Q:61380210;Kloppenhof;Ophemert;0,0;0,0;0,0;0,0;0,0;0,0
23;NL:Q:61380220;Ophemertsedijk;Tiel;0,0;0,0;0,0;0,0;0,0;0,0
23;NL:Q:61400010;Lingebrug;Zetten;0,0;0,1;0,0;0,0;0,0;0,0
23;NL:Q:61400030;Molenstraat;Zetten;0,0;0,0;0,0;0,0;0,0;0,0
23;NL:Q:61400120;Molenstraat;Zetten;0,0;0,1;0,0;0,0;0,0;0,0
23;NL:Q:61400140;Lingebrug;Zetten;0,1;0,1;0,0;0,0;0,0;0,0
23;NL:Q:61400160;Vogelenzang;Andelst;0,0;0,1;0,0;0,0;0,0;0,0
23;NL:Q:61400390;Vogelenzang;Andelst;0,1;0,0;0,0;0,0;0,0;0,0
23;NL:Q:61401001;Station Zetten Andelst;Zetten;3,9;4,2;0,1;0,1;0,0;0,0
23;NL:Q:61401170;;;0,1;0,3;0,0;0,1;0,0;0,0
23;NL:Q:61401230;Brittanjesingel;Zetten;0,7;0,5;0,0;0,1;0,0;0,0
23;NL:Q:61401240;Brittanjesingel;Zetten;0,5;0,6;0,0;0,0;0,0;0,0
23;NL:Q:61401270;Stationsstraat;Zetten;0,6;0,5;0,0;0,0;0,0;0,0
23;NL:Q:61401280;Stationsstraat;Zetten;0,3;0,4;0,0;0,0;0,0;0,0
23;NL:Q:61401310;Hoofdstraat;Zetten;0,8;0,9;0,0;0,0;0,0;0,0
23;NL:Q:61401320;Hoofdstraat;Zetten;0,8;0,7;0,0;0,0;0,0;0,0
23;NL:Q:61402270;Monument;Andelst;0,4;0,2;0,0;0,0;0,0;0,0
23;NL:Q:61402310;Industrieweg;Andelst;0,0;0,0;0,0;0,0;0,0;0,0
23;NL:Q:61402320;Industrieweg;Andelst;0,0;0,1;0,0;0,0;0,0;0,0
23;NL:Q:61410030;Veemarkt;Tiel;18,8;37,3;5,2;27,3;1,5;13,3
23;NL:Q:61410050;Lingedijk;Tiel;2,6;0,7;1,5;0,2;1,0;0,0
23;NL:Q:61410070;Station Noordzijde;Tiel;21,0;17,4;7,3;4,2;4,7;2,4
23;NL:Q:61410080;Nieuw Vrijthof;Tiel;2,6;1,6;1,3;1,0;0,8;0,9
23;NL:Q:61410090;Prinses Marijkelaan;Tiel;0,6;0,5;0,3;0,3;0,2;0,1
23;NL:Q:61410120;Prinses Marijkelaan;Tiel;0,0;0,3;0,0;0,7;0,0;0,1
23;NL:Q:61410130;Nieuw Vrijthof;Tiel;1,5;2,2;1,0;1,7;0,7;1,2
23;NL:Q:61410140;Station Noordzijde;Tiel;0,0;31,1;0,0;13,8;0,2;10,8
23;NL:Q:61410160;Lingedijk;Tiel;0,0;4,9;0,0;2,0;0,0;1,5
23;NL:Q:61410180;Sportpark Ridderweide;Tiel;1,4;0,1;0,1;0,0;0,0;0,0
23;NL:Q:61410200;Sporthal de Betuwe;Tiel;6,2;0,5;0,1;0,0;0,1;0,0
23;NL:Q:61410210;Hoog Kellenseweg;Tiel;0,7;2,3;0,4;0,6;1,5;0,5
23;NL:Q:61410220;Batouwe;Tiel;4,8;1,0;0,3;0,1;0,1;0,0
23;NL:Q:61410240;Westlede;Tiel;3,1;1,2;0,0;0,0;0,0;0,0
23;NL:Q:61410250;Grote Brugse Grintweg;Tiel;9,9;3,2;3,9;1,2;1,4;0,9
23;NL:Q:61410260;Teisterbantlaan;Tiel;0,0;0,0;0,0;0,0;0,0;0,0
23;NL:Q:61410290;Station;Tiel;1,6;0,5;0,7;0,0;0,6;0,2
23;NL:Q:61410300;Heiligestraat;Tiel;0,1;1,5;0,0;0,0;0,0;0,0
23;NL:Q:61410310;Station;Tiel;0,9;0,0;0,1;0,0;0,2;0,0
23;NL:Q:61410320;Station;Tiel;195,3;124,7;60,1;35,8;49,9;37,0
23;NL:Q:61410330;Veemarkt;Tiel;30,4;22,0;17,7;1,3;9,0;0,5
23;NL:Q:61410340;Station;Tiel;0,2;0,0;0,0;0,0;0,0;0,0
23;NL:Q:61410370;Santwyckse Poort;Tiel;2,2;4,8;0,6;3,4;0,3;0,9
23;NL:Q:61410380;Grote Brugse Grintweg;Tiel;4,6;8,6;1,5;3,1;0,7;1,8
23;NL:Q:61410390;Heiligestraat;Tiel;0,2;0,5;0,0;0,0;0,0;0,0
23;NL:Q:61410420;Hoog Kellenseweg;Tiel;0,1;1,1;0,4;0,8;0,1;0,3
23;NL:Q:61410430;Teisterbantlaan;Tiel;0,0;0,0;0,0;0,0;0,0;0,0
23;NL:Q:61410450;Westlede;Tiel;1,0;3,2;0,0;0,0;0,0;0,1
23;NL:Q:61410470;Batouwe;Tiel;1,3;4,4;0,1;0,2;0,0;0,0
23;NL:Q:61410490;Sporthal de Betuwe;Tiel;1,9;0,2;0,1;0,0;0,0;0,0
23;NL:Q:61410510;Sportpark Ridderweide;Tiel;1,2;4,4;0,0;0,2;0,0;0,0
23;NL:Q:61410530;Rijksscholengemeenschap;Tiel;11,8;13,6;2,6;2,9;0,9;1,1
23;NL:Q:61410580;Rijksscholengemeenschap;Tiel;3,1;1,3;0,1;0,1;0,0;0,0
23;NL:Q:61410640;Laan van Westroijen;Tiel;6,4;4,1;2,2;1,6;1,5;0,8
23;NL:Q:61410690;Laan van Westroijen;Tiel;2,9;5,5;1,2;1,2;1,1;1,0
23;NL:Q:61410700;Lokstraat;Tiel;1,7;1,8;0,5;0,7;0,1;0,4
23;NL:Q:61410710;Lokstraat;Tiel;1,3;1,8;0,6;0,6;0,3;0,3
23;NL:Q:61410720;Rauwenhof;Tiel;1,0;0,5;0,2;0,3;0,2;0,2
23;NL:Q:61410730;Rauwenhof;Tiel;0,3;1,3;0,2;0,3;0,0;0,5
23;NL:Q:61410740;Rivierenland College;Tiel;9,9;18,3;0,1;0,3;0,1;0,3
23;NL:Q:61410750;Rauwenhof;Tiel;2,0;2,2;0,8;0,9;0,4;0,5
23;NL:Q:61410770;Rivierenland College;Tiel;13,5;18,5;0,2;0,1;0,2;0,1
23;NL:Q:61410800;Voetveer;Tiel;1,2;0,6;1,2;0,4;0,3;0,4
23;NL:Q:61410810;Voetveer;Tiel;0,2;1,7;0,4;1,2;0,3;0,4
23;NL:Q:61410940;Santwyckse Poort;Tiel;5,1;2,1;2,5;1,5;0,7;0,4
23;NL:Q:61410970;Groenendaal Plus;Tiel;1,2;0,4;1,3;0,2;0,9;0,2
23;NL:Q:61410980;Groenendaal Plus;Tiel;0,3;1,8;0,1;1,4;0,0;1,2
23;NL:Q:61411000;Inundatiekanaal;Tiel;0,6;0,1;0,0;0,0;0,0;0,0
23;NL:Q:61411010;Inundatiekanaal;Tiel;0,3;1,3;0,0;0,0;0,0;0,0
23;NL:Q:61411050;Jhr. P.A. Reuchlinlaan;Tiel;0,1;1,2;0,0;0,0;0,0;0,0
23;NL:Q:61411060;Jhr. P.A. Reuchlinlaan;Tiel;0,1;0,1;0,0;0,1;0,0;0,0
23;NL:Q:61411070;Sportpark Rauwenhof;Tiel;2,0;0,2;0,4;0,3;0,5;0,2
23;NL:Q:61411080;Sportpark Rauwenhof;Tiel;0,2;1,5;0,1;0,7;0,1;0,7
23;NL:Q:61411100;Station;Tiel;0,7;2,5;0,1;0,4;0,1;0,4
23;NL:Q:61412090;Zkh Rivierenland Zijingang;Tiel;3,7;5,8;0,8;0,8;0,6;0,8
23;NL:Q:61412100;Zkh Rivierenland Zijingang;Tiel;1,9;0,5;0,3;0,1;0,4;0,1
23;NL:Q:61412140;Burg. Meslaan;Tiel;0,0;0,0;0,0;0,1;0,0;0,0
23;NL:Q:61412150;Predikbroedersweg;Tiel;0,7;2,7;0,2;1,0;0,2;0,6
23;NL:Q:61412160;Predikbroedersweg;Tiel;7,2;0,7;0,9;0,3;1,0;0,2
23;NL:Q:61412170;Westluidense Poort;Tiel;0,1;1,6;0,1;0,8;0,0;0,2
23;NL:Q:61412180;Westluidense Poort;Tiel;1,3;0,4;0,7;0,5;0,3;0,1
23;NL:Q:61412190;Waardenburglaan;Tiel;4,9;1,5;0,2;0,0;0,0;0,0
23;NL:Q:61412200;Waardenburglaan;Tiel;0,0;5,6;0,0;0,1;0,0;0,0
23;NL:Q:61420010;Pax Christi College;Druten;0,6;10,2;0,0;6,2;0,0;5,8
23;NL:Q:61420030;Hermes Garage;Druten;0,2;2,9;0,0;2,3;0,0;2,5
23;NL:Q:61420040;;;0,0;0,6;0,0;0,2;0,0;0,5
23;NL:Q:61420050;Markt;Druten;0,6;7,7;0,3;6,5;0,6;7,5
23;NL:Q:61420070;Javaplein;Druten;0,1;2,9;0,0;2,9;0,1;3,2
23;NL:Q:61420100;Markt;Druten;8,3;0,5;5,8;0,3;7,2;0,3
23;NL:Q:61420120;Hermes Garage;Druten;2,5;0,4;1,5;0,3;1,8;0,3
23;NL:Q:61420140;Pax Christi College;Druten;8,5;0,7;2,5;0,2;3,9;0,2
23;NL:Q:61420160;Gemeentehuis;Druten;0,4;4,1;0,4;3,8;0,3;3,5
23;NL:Q:61420180;Gemeentehuis;Druten;2,4;0,5;2,0;0,3;1,3;0,3
23;NL:Q:61420190;Kerkstraat;Puiflijk;1,9;6,5;1,3;1,9;0,6;1,1
23;NL:Q:61420200;Kerkstraat;Puiflijk;6,8;2,8;2,3;1,5;1,8;0,6
23;NL:Q:61420290;Javaplein;Druten;1,1;0,4;1,3;0,1;1,7;0,3
23;NL:Q:61420300;Koekoeksnest;Druten;14,8;5,6;4,8;2,9;3,5;1,2
23;NL:Q:61420310;Koekoeksnest;Druten;3,9;13,1;1,8;4,9;0,9;3,9
23;NL:Q:61420320;Westerhout;Puiflijk;6,6;5,2;1,5;1,0;1,9;0,7
23;NL:Q:61420330;Westerhout;Puiflijk;4,0;7,1;1,6;2,0;0,8;1,5
23;NL:Q:61421000;Busstation;Druten;52,0;1,1;49,7;0,9;64,0;0,9
23;NL:Q:61421001;Busstation;Druten;0,0;56,6;0,0;48,8;0,0;52,3
23;NL:Q:61421004;Busstation;Druten;205,1;73,2;46,6;15,0;32,7;15,8
23;NL:Q:61421010;Busstation;Druten;48,6;155,6;17,1;47,5;19,1;28,6
23;NL:Q:61450020;Waalbandijk;Tuil;3,6;2,5;1,0;0,5;0,8;0,1
23;NL:Q:61450060;Achterweg;Waardenburg;4,5;1,6;1,5;0,5;0,4;0,4
23;NL:Q:61450090;Busstation;Waardenburg;20,9;14,7;2,1;4,8;0,5;3,0
23;NL:Q:61450130;Achterweg;Waardenburg;2,2;6,4;0,4;1,6;0,3;0,5
23;NL:Q:61450170;Waalbandijk;Tuil;2,2;3,9;0,2;1,0;0,2;0,5
23;NL:Q:61451010;McDonalds;Waardenburg;1,0;1,4;0,1;0,1;0,0;0,0
23;NL:Q:61451190;Busstation;Waardenburg;21,1;19,4;4,2;3,2;2,8;0,9
23;NL:Q:61451290;Rijweg;Waardenburg;3,6;1,3;0,2;0,3;0,0;0,3
23;NL:Q:61451300;Rijweg;Neerijnen;0,9;1,9;0,4;0,2;0,3;0,0
23;NL:Q:61470010;Lutterveld;Erichem;1,2;0,7;0,5;0,3;0,3;0,3
23;NL:Q:61470020;Oranjehof;Buren;2,2;4,7;2,2;1,4;1,1;0,9
23;NL:Q:61470030;Binnenstraat;Erichem;0,6;0,3;0,2;0,1;0,3;0,1
23;NL:Q:61470050;Kerk;Erichem;1,8;1,8;0,6;0,7;0,5;0,2
23;NL:Q:61470060;Kerk;Erichem;1,7;1,4;0,5;0,8;0,2;0,4
23;NL:Q:61470070;Erichemseweg;Erichem;0,5;0,3;0,1;0,1;0,1;0,0
23;NL:Q:61470080;Ridder Alartlaan;Buren;4,4;8,4;1,5;3,0;0,8;1,4
23;NL:Q:61470090;Ridder Alartlaan;Buren;10,3;4,7;2,6;1,1;1,8;0,7
23;NL:Q:61470100;Erichemseweg;Erichem;0,3;0,4;0,1;0,2;0,1;0,1
23;NL:Q:61470120;Plantsoen;Buren;2,4;8,0;1,6;5,2;1,2;3,1
23;NL:Q:61470130;Plantsoen;Buren;7,7;2,5;4,1;1,4;3,2;0,8
23;NL:Q:61470140;Binnenstraat;Erichem;0,4;0,5;0,2;0,4;0,2;0,1
23;NL:Q:61470150;Oranjehof;Buren;4,3;1,7;1,3;1,1;1,1;0,7
23;NL:Q:61470160;Lutterveld;Erichem;0,6;1,2;0,7;0,8;0,4;0,9
23;NL:Q:61490010;Tielsestraat 43;Maurikseveld;0,1;0,1;0,0;0,1;0,0;0,0
23;NL:Q:61490020;Mauriksestraat;Maurikseveld;0,1;0,2;0,1;0,1;0,0;0,0
23;NL:Q:61490030;Tielsestraat 68;Maurikseveld;0,0;0,3;0,1;0,2;0,0;0,1
23;NL:Q:61490040;Tielsestraat 68;Maurikseveld;0,3;0,0;0,1;0,0;0,2;0,0
23;NL:Q:61490050;Mauriksestraat;Maurikseveld;0,1;0,2;0,0;0,1;0,0;0,0
23;NL:Q:61490060;Tielsestraat 43;Maurikseveld;0,1;0,1;0,0;0,1;0,0;0,0
23;NL:Q:61490070;Beldert;Maurik;0,5;1,6;0,2;1,8;0,1;0,6
23;NL:Q:61490080;Beldert;Maurik;1,0;0,5;0,9;0,3;0,6;0,1
23;NL:Q:61500010;Waggelekooy;Andelst;0,0;0,0;0,0;0,0;0,0;0,0
23;NL:Q:61500040;Betonfabriek;Dodewaard;0,3;1,2;0,0;0,0;0,0;0,0
23;NL:Q:61500050;Molenhofstraat;Wely;0,0;0,0;0,0;0,0;0,0;0,0
23;NL:Q:61500060;De Maten;Dodewaard;0,7;2,6;0,0;0,1;0,0;0,0
23;NL:Q:61500070;Smalleweg;Hien;0,0;0,0;0,0;0,0;0,0;0,0
23;NL:Q:61500080;Molenpol;Dodewaard;0,7;1,7;0,0;0,1;0,0;0,0
23;NL:Q:61500090;Welysestraat;Hien;0,1;0,0;0,0;0,0;0,0;0,0
23;NL:Q:61500100;Pluimenburgsestraat;Dodewaard;0,3;0,2;0,0;0,0;0,0;0,0
23;NL:Q:61500110;Kerk;Hien;0,0;0,0;0,0;0,0;0,0;0,0
23;NL:Q:61500120;Kerk;Hien;0,0;0,0;0,0;0,0;0,0;0,0
23;NL:Q:61500130;Pluimenburgsestraat;Dodewaard;0,2;0,5;0,0;0,0;0,0;0,0
23;NL:Q:61500140;Welysestraat;Hien;0,0;0,1;0,0;0,0;0,0;0,0
23;NL:Q:61500150;Molenpol;Dodewaard;2,5;0,6;0,1;0,0;0,0;0,0
23;NL:Q:61500170;De Maten;Dodewaard;2,8;0,7;0,1;0,0;0,0;0,0
23;NL:Q:61500180;Molenhofstraat;Dodewaard;0,1;0,0;0,0;0,0;0,0;0,0
23;NL:Q:61500190;Betonfabriek;Dodewaard;0,6;0,3;0,0;0,0;0,0;0,0
23;NL:Q:61500200;De Drie Akkers;Dodewaard;0,0;0,0;0,0;0,0;0,0;0,0
23;NL:Q:61500220;Waggelekooy;Andelst;0,0;0,0;0,0;0,0;0,0;0,0
23;NL:Q:61510050;Voorstraat;Echteld;4,7;4,8;2,5;1,9;1,3;1,1
23;NL:Q:61510120;Voorstraat;Echteld;4,6;5,7;2,0;2,9;1,3;1,0
23;NL:Q:61520030;;;0,0;0,6;0,0;0,9;0,0;0,7
23;NL:Q:61520040;Veesteeg;Beneden Leeuwen;0,0;0,5;0,0;0,0;0,0;0,0
23;NL:Q:61520210;Molenstraat;Boven Leeuwen;16,7;18,6;3,2;2,8;3,2;2,0
23;NL:Q:61520220;Molenstraat;Boven Leeuwen;16,5;15,7;3,2;4,0;2,5;2,8
23;NL:Q:61520230;Akkerstraat;Beneden-Leeuwen;52,1;67,7;14,9;16,4;17,2;12,4
23;NL:Q:61520240;Akkerstraat;Beneden-Leeuwen;56,5;49,6;17,2;15,8;14,4;12,6
23;NL:Q:61520250;Veesteeg;Beneden Leeuwen;15,9;11,9;4,5;3,5;3,1;2,4
23;NL:Q:61520260;Veesteeg;Boven Leeuwen;9,5;20,0;2,0;3,8;2,0;2,1
23;NL:Q:61520310;Beatrixstraat;Beneden-Leeuwen;0,2;0,0;0,0;0,0;0,0;0,0
23;NL:Q:61520330;Rozenstraat;Beneden-Leeuwen;0,1;0,1;0,0;0,0;0,0;0,0
23;NL:Q:61520350;Prins Willem Alexanderbrug;Beneden-Leeuwen;17,1;15,0;3,4;1,8;3,3;1,6
23;NL:Q:61520360;Prins Willem Alexanderbrug;Beneden-Leeuwen;12,5;26,2;2,1;6,3;1,8;4,4
23;NL:Q:61529010;Gemeentehuis;Beneden-Leeuwen;0,0;0,0;0,0;0,0;0,0;0,0
23;NL:Q:61530010;Blauwe Sluis;Appeltern;0,1;0,0;0,0;0,0;0,0;0,0
23;NL:Q:61530030;Kerkje;Altforst;0,0;0,0;0,0;0,0;0,0;0,0
23;NL:Q:61530050;Heppertsestraat;Altforst;0,0;0,0;0,0;0,0;0,0;0,0
23;NL:Q:61530070;Informatietuinen;Horssen;0,1;0,1;0,0;0,0;0,0;0,0
23;NL:Q:61530090;Kerkstraat;Appeltern;0,0;0,0;0,0;0,0;0,0;0,0
23;NL:Q:61530110;Megensveer;Appeltern;0,0;0,0;0,0;0,0;0,0;0,0
23;NL:Q:61530130;Kampstraat;Appeltern;0,0;0,0;0,0;0,0;0,0;0,0
23;NL:Q:61539010;Woerdsestraat;Altforst;0,1;0,0;0,0;0,0;0,0;0,0
23;NL:Q:61550060;Bejaardencentrum;Haaften;15,1;11,8;2,2;2,8;1,1;1,8
23;NL:Q:61550080;Rabobank;Haaften;12,9;5,4;3,5;2,3;2,3;1,2
23;NL:Q:61550150;Rabobank;Haaften;9,6;21,1;3,2;3,5;1,8;1,6
23;NL:Q:61550170;Bejaardencentrum;Haaften;14,1;11,9;2,8;1,9;1,5;0,8
23;NL:Q:61550310;Hertog Karelweg/Kerkewaard;Haaften;1,3;3,2;0,2;0,5;0,1;0,1
23;NL:Q:61550320;Hertog Karelweg/Kerkewaard;Haaften;1,2;0,5;0,3;0,2;0,1;0,1
23;NL:Q:61551060;Marijkestraat;Haaften;2,4;3,4;0,3;1,0;0,1;0,1
23;NL:Q:61551170;Marijkestraat;Haaften;4,3;3,6;1,5;0,4;0,1;0,2
23;NL:Q:61570030;Krupheulstraat;Asch;0,6;0,4;0,2;0,2;0,3;0,1
23;NL:Q:61570040;De Kamp;Zoelmond;0,4;1,3;0,1;0,8;0,1;0,5
23;NL:Q:61570050;Kerkpad;Asch;3,2;1,3;1,0;1,4;0,5;0,7
23;NL:Q:61570060;Kerk;Zoelmond;6,3;11,0;1,1;4,8;0,6;2,9
23;NL:Q:61570070;Kerk;Zoelmond;10,7;4,5;3,5;1,0;2,3;0,6
23;NL:Q:61570080;Kerkpad;Asch;0,8;3,0;1,0;1,0;0,6;0,8
23;NL:Q:61570090;De Kamp;Zoelmond;1,3;0,6;0,4;0,1;0,3;0,1
23;NL:Q:61570100;Krupheulstraat;Asch;0,3;0,6;0,2;0,5;0,0;0,3
23;NL:Q:61570120;'t Hanenest;Asch;0,2;0,1;0,0;0,1;0,0;0,0
23;NL:Q:61570130;'t Hanenest;Buren;0,0;0,1;0,1;0,0;0,0;0,0
23;NL:Q:61570210;Het Molenhuis;Beusichem;1,9;0,8;0,9;0,3;0,3;0,2
23;NL:Q:61570220;Het Molenhuis;Beusichem;0,6;1,7;0,1;0,5;0,1;0,6
23;NL:Q:61580010;De Heuvel;Rijswijk;0,3;0,2;0,0;0,0;0,0;0,0
23;NL:Q:61580020;De Heuvel;Rijswijk;0,1;0,1;0,0;0,0;0,0;0,0
23;NL:Q:61580030;De Kleine Taveerne;Rijswijk;0,3;0,0;0,0;0,0;0,0;0,0
23;NL:Q:61580040;De Kleine Taveerne;Rijswijk;0,0;0,2;0,0;0,0;0,0;0,0
23;NL:Q:61580050;Prinses Marijkesluis;Rijswijk;0,6;0,0;0,0;0,0;0,0;0,0
23;NL:Q:61580060;Prinses Marijkesluis;Rijswijk;0,0;0,3;0,0;0,0;0,0;0,0
23;NL:Q:61589010;Vlierenhut;Zoelmond;0,1;0,0;0,0;0,0;0,0;0,0
23;NL:Q:61589020;Vlierenhut;Zoelmond;0,0;0,1;0,0;0,0;0,0;0,0
23;NL:Q:61589030;van Dieen;Ravenswaay;0,1;0,0;0,0;0,0;0,0;0,0
23;NL:Q:61589040;van Dieen;Ravenswaay;0,0;0,5;0,0;0,0;0,0;0,0
23;NL:Q:61589050;Donkerstraat;Ravenswaaij;0,6;0,1;0,0;0,0;0,0;0,0
23;NL:Q:61589060;Donkerstraat;Ravenswaaij;0,1;0,5;0,0;0,0;0,0;0,0
23;NL:Q:61589070;Ravenswaaijse steeg;Ravenswaaij;0,0;0,1;0,0;0,0;0,0;0,0
23;NL:Q:61589080;Ravenswaaijse steeg;Ravenswaaij;0,0;0,0;0,0;0,0;0,0;0,0
23;NL:Q:61589100;Anna's Hoeve;Ravenswaaij;0,0;0,3;0,0;0,0;0,0;0,0
23;NL:Q:61589110;Anna's Hoeve;Ravenswaaij;0,0;0,0;0,0;0,0;0,0;0,0
23;NL:Q:61589140;Hoekenburgplein;Rijswijk;0,2;0,5;0,0;0,0;0,0;0,0
23;NL:Q:61589150;Hoekenburgplein;Rijswijk;1,0;0,2;0,0;0,0;0,0;0,0
23;NL:Q:61590020;Tielsestraat;Maurik;5,4;1,8;0,5;0,1;0,5;0,1
23;NL:Q:61590040;Meidoornstraat;Maurik;9,3;2,5;4,1;0,6;1,9;0,2
23;NL:Q:61590050;;;0,1;0,3;0,0;0,0;0,0;0,0
23;NL:Q:61590060;Rabobank;Maurik;4,8;13,9;1,6;4,8;1,4;2,3
23;NL:Q:61590070;Muziektent;Eck En Wiel;4,4;9,9;0,8;3,3;0,8;2,5
23;NL:Q:61590080;Brandweerkazerne;Maurik;16,5;3,4;4,9;0,7;4,0;0,4
23;NL:Q:61590100;Sportpark;Maurik;0,8;0,8;0,1;0,1;0,1;0,1
23;NL:Q:61590110;Homoetsestraat;Eck En Wiel;0,6;0,7;0,3;0,2;0,1;0,0
23;NL:Q:61590120;Homoetsestraat;Eck En Wiel;1,1;0,4;0,1;0,2;0,0;0,0
23;NL:Q:61590130;Sportpark;Maurik;0,6;1,4;0,1;0,2;0,1;0,1
23;NL:Q:61590150;Brandweerkazerne;Maurik;2,4;12,7;0,7;4,4;0,6;3,1
23;NL:Q:61590160;Muziektent;Eck En Wiel;13,1;6,6;3,6;1,1;2,8;0,7
23;NL:Q:61590170;Rabobank;Maurik;17,7;3,6;5,6;1,1;2,6;1,8
23;NL:Q:61590210;Tielsestraat;Maurik;1,7;5,5;0,1;0,9;0,3;0,5
23;NL:Q:61590230;Doejenburg;Maurik;2,0;1,4;0,2;0,3;0,1;0,1
23;NL:Q:61590270;Meidoornstraat;Maurik;2,2;6,7;0,6;4,0;0,2;2,1
23;NL:Q:61590340;Dorpsstraat;Ingen;4,8;7,5;1,0;3,0;0,4;2,7
23;NL:Q:61590350;Dorpsstraat;Ingen;7,5;4,6;2,9;1,2;2,3;0,7
23;NL:Q:61590400;Bejaardencentrum De Valentijn;Maurik;0,5;0,3;0,0;0,0;0,0;0,0
23;NL:Q:61599010;Parkstraat;Maurik;0,1;0,0;0,0;0,0;0,0;0,0
23;NL:Q:61599020;Parkstraat;Maurik;0,0;0,2;0,0;0,0;0,0;0,0
23;NL:Q:61599030;Van de Geerstraat;Maurik;0,0;0,0;0,0;0,0;0,0;0,0
23;NL:Q:61599040;Van de Geerstraat;Maurik;0,0;0,1;0,0;0,0;0,0;0,0
23;NL:Q:61599050;Cafe van Dijk;Maurik;0,2;0,0;0,0;0,0;0,0;0,0
23;NL:Q:61599060;Cafe van Dijk;Maurik;0,0;0,2;0,0;0,0;0,0;0,0
23;NL:Q:61599070;;;0,0;0,0;0,0;0,0;0,0;0,0
23;NL:Q:61599100;Ibisstraat;Maurik;0,0;0,2;0,0;0,0;0,0;0,0
23;NL:Q:61599110;Prinses Marijkelaan;Maurik;0,2;0,0;0,0;0,0;0,0;0,0
23;NL:Q:61599120;Prinses Marijkelaan;Maurik;0,0;0,9;0,0;0,1;0,0;0,0
23;NL:Q:61600020;Tielsestraat;Opheusden;0,0;0,0;0,0;0,0;0,0;0,0
23;NL:Q:61600030;Station;Opheusden;0,2;2,1;0,0;0,1;0,0;0,0
23;NL:Q:61600040;De Oude Stomerij;Opheusden;0,0;0,1;0,0;0,0;0,0;0,0
23;NL:Q:61600050;Tolsestraat;Opheusden;0,3;0,4;0,0;0,0;0,0;0,0
23;NL:Q:61600060;Opheusdenseveer;Opheusden;0,1;0,7;0,0;0,0;0,0;0,0
23;NL:Q:61600070;Dalwagenseweg;Opheusden;0,1;0,3;0,0;0,0;0,0;0,0
23;NL:Q:61600090;Gemeentehuis;Opheusden;1,3;1,5;0,0;0,1;0,0;0,0
23;NL:Q:61600120;Gemeentehuis;Opheusden;0,7;0,8;0,1;0,0;0,0;0,0
23;NL:Q:61600140;Dalwagenseweg;Opheusden;0,1;0,2;0,0;0,0;0,0;0,0
23;NL:Q:61600150;Opheusdenseveer;Opheusden;0,0;0,0;0,0;0,0;0,0;0,0
23;NL:Q:61600160;Tolsestraat;Opheusden;0,5;0,2;0,1;0,0;0,0;0,0
23;NL:Q:61600180;Station;Opheusden;2,4;0,6;0,1;0,0;0,0;0,0
23;NL:Q:61600190;Tielsestraat;Opheusden;0,0;0,0;0,0;0,0;0,0;0,0
23;NL:Q:61600210;De Oude Stomerij;Opheusden;0,0;0,0;0,0;0,0;0,0;0,0
23;NL:Q:61610030;Keizerstraat;Ijzendoorn;4,7;2,8;1,4;0,5;1,0;0,5
23;NL:Q:61610040;Keizerstraat;Ijzendoorn;3,3;5,7;0,3;2,2;0,5;1,0
23;NL:Q:61610130;De Heuning;Ochten;1,5;1,8;0,2;0,2;0,1;0,4
23;NL:Q:61610140;De Heuning;Ochten;1,7;1,8;0,1;0,3;0,0;0,1
23;NL:Q:61610400;Brandweerkazerne;Ochten;10,5;5,6;3,6;1,3;2,1;0,8
23;NL:Q:61610410;Brandweerkazerne;Ochten;7,4;11,5;1,1;4,2;0,7;2,3
23;NL:Q:61610420;Burgemeester Houtkoperlaan;Ochten;11,0;7,4;4,5;1,6;1,5;1,0
23;NL:Q:61610430;Burgemeester Houtkoperlaan;Ochten;8,2;9,8;1,9;4,6;1,0;1,3
23;NL:Q:61610440;Carpoolplaats;Ochten;0,9;3,4;0,6;0,5;0,3;0,4
23;NL:Q:61610450;Carpoolplaats;Ochten;2,3;1,1;0,5;0,9;0,3;0,6
23;NL:Q:61630020;De Mulder;Blauwe Sluis;0,0;0,0;0,0;0,0;0,0;0,0
23;NL:Q:61630060;Kerk;Alphen;0,0;0,0;0,0;0,0;0,0;0,0
23;NL:Q:61630080;Lindenlaan;Alphen;0,0;0,0;0,0;0,0;0,0;0,0
23;NL:Q:61630100;Mariahof;Alphen;0,0;0,0;0,0;0,0;0,0;0,0
23;NL:Q:61639010;Greffelingsestraat;Alphen;0,0;0,0;0,0;0,0;0,0;0,0
23;NL:Q:61639030;Schansedijk (Greffeling);Alphen;0,0;0,0;0,0;0,0;0,0;0,0
23;NL:Q:61639070;Kerk;Maasbommel;0,0;0,0;0,0;0,0;0,0;0,0
23;NL:Q:61639090;Velddijksestraat;Maasbommel;0,2;0,0;0,0;0,0;0,0;0,0
23;NL:Q:61639110;Heerstraat;Maasbommel;0,0;0,1;0,0;0,0;0,0;0,0
23;NL:Q:61650160;Irenestraat;Hellouw;6,2;13,7;1,7;2,5;0,5;1,0
23;NL:Q:61650170;Irenestraat;Hellouw;13,2;5,8;2,3;1,4;0,6;0,9
23;NL:Q:61650180;Zandsteeg;Herwijnen;3,3;4,7;0,4;1,1;0,3;0,7
23;NL:Q:61650190;Zandsteeg;Herwijnen;11,5;3,2;3,4;0,6;1,2;0,2
23;NL:Q:61660010;Station;Beesd;8,8;6,1;2,8;1,6;0,0;0,0
23;NL:Q:61660040;Huis te Beestlaan;Beesd;0,9;1,1;0,5;0,6;0,0;0,0
23;NL:Q:61660050;Betuwestrand;Beesd;0,0;0,1;0,1;0,3;0,0;0,0
23;NL:Q:61660060;Betuwestrand;Beesd;0,2;0,6;0,3;0,2;0,0;0,0
23;NL:Q:61669030;Veerweg;Beesd;0,3;0,9;0,1;0,1;0,0;0,0
23;NL:Q:61669031;Veerweg;Beesd;0,5;0,5;0,2;0,3;0,0;0,0
23;NL:Q:61669060;Busstation;Rhenoy;2,9;1,9;0,2;0,3;0,0;0,0
23;NL:Q:61669230;Mr. Mierasstraat;Beesd;1,4;0,4;0,1;0,3;0,0;0,0
23;NL:Q:61669240;Mr. Mierasstraat;Beesd;0,5;1,1;0,1;0,4;0,0;0,0
23;NL:Q:61669250;Oude Waag;Beesd;0,5;0,6;0,1;0,2;0,0;0,0
23;NL:Q:61669260;Oude Waag;Beesd;0,1;1,5;0,0;0,1;0,0;0,0
23;NL:Q:61669270;Dorpsplein;Beesd;1,7;1,6;0,5;0,3;0,0;0,0
23;NL:Q:61669280;Dorpsplein;Beesd;0,5;1,3;0,1;0,5;0,0;0,0
23;NL:Q:61669550;Huis te Beestlaan;Beesd;0,8;0,8;0,1;0,3;0,0;0,0
23;NL:Q:61670010;Kerk;Beusichem;13,6;8,5;6,2;3,1;4,8;1,2
23;NL:Q:61670020;Lekdijk;Beusichem;0,0;0,0;0,0;0,1;0,0;0,0
23;NL:Q:61670030;Oranjestraat;Beusichem;10,4;2,9;4,5;0,9;3,2;0,8
23;NL:Q:61670040;Lekdijk West;Beusichem;0,0;0,0;0,0;0,0;0,0;0,0
23;NL:Q:61670050;Koningsstraatje;Beusichem;0,8;0,2;1,1;0,1;0,5;0,1
23;NL:Q:61670060;Veerweg;Beusichem;0,1;0,7;0,0;0,4;0,1;0,3
23;NL:Q:61670070;Veerweg;Beusichem;0,7;0,1;0,5;0,0;0,3;0,0
23;NL:Q:61670080;Koningsstraatje;Beusichem;0,4;1,1;0,3;1,2;0,1;0,7
23;NL:Q:61670090;Lekdijk West;Beusichem;0,0;0,0;0,0;0,0;0,0;0,0
23;NL:Q:61670100;Oranjestraat;Beusichem;2,9;10,2;1,2;6,2;0,6;2,9
23;NL:Q:61670310;De Wielstraat;Beusichem;0,0;0,2;0,0;0,0;0,0;0,0
23;NL:Q:61670320;De Wielstraat;Beusichem;0,1;0,0;0,0;0,0;0,0;0,0
23;NL:Q:61671020;Lekdijk;Beusichem;0,0;0,0;0,0;0,1;0,0;0,0
23;NL:Q:61671120;Kerk;Beusichem;9,3;13,0;2,4;6,5;1,1;6,1
23;NL:Q:61690100;Canadalaan;Ommeren;0,5;1,1;0,1;1,0;0,2;0,9
23;NL:Q:61690120;De Roskam;Ommeren;1,0;0,5;0,4;0,4;0,4;0,4
23;NL:Q:61690130;Vogelenzangseweg;Lienden;6,5;7,0;2,3;2,9;1,2;1,1
23;NL:Q:61690140;Voorstraat;Lienden;0,5;0,2;0,0;0,4;0,0;0,1
23;NL:Q:61690150;Voorstraat;Lienden;0,2;0,6;0,2;0,2;0,1;0,0
23;NL:Q:61690160;Vogelenzangseweg;Lienden;6,9;6,9;2,5;2,0;1,2;1,1
23;NL:Q:61690170;De Roskam;Ommeren;1,3;1,0;0,7;0,5;0,2;0,4
23;NL:Q:61690190;Canadalaan;Ommeren;1,1;0,5;0,9;0,2;0,9;0,2
23;NL:Q:61690330;Adelsweg;Lienden;3,2;4,4;0,7;1,2;0,4;0,3
23;NL:Q:61690340;Adelsweg;Lienden;3,0;2,9;0,9;0,8;0,4;0,4
23;NL:Q:61690350;Achterstraat;Lienden;0,1;1,1;0,1;0,4;0,1;0,1
23;NL:Q:61690360;Achterstraat;Lienden;0,8;0,3;0,1;0,1;0,1;0,2
23;NL:Q:61700010;Markstraat;Kesteren;0,0;0,2;0,0;0,0;0,0;0,0
23;NL:Q:61700030;Recticel;Kesteren;0,0;0,6;0,0;0,0;0,0;0,0
23;NL:Q:61700050;Station;Kesteren;124,1;111,6;38,6;35,2;25,2;17,5
23;NL:Q:61700060;Recticel;Kesteren;0,7;0,0;0,0;0,0;0,0;0,0
23;NL:Q:61700080;Markstraat;Kesteren;0,0;0,1;0,0;0,0;0,0;0,0
23;NL:Q:61700090;Stationsstraat;Kesteren;0,1;0,2;0,0;0,1;0,0;0,0
23;NL:Q:61700110;De Leede;Kesteren;35,4;32,8;7,4;7,7;2,3;3,0
23;NL:Q:61700120;De Leede;Kesteren;0,1;1,3;0,3;0,5;0,0;0,3
23;NL:Q:61700180;Schenkhofstraat;Kesteren;0,7;3,5;0,2;2,3;0,0;1,3
23;NL:Q:61700190;Stationsstraat;Kesteren;0,4;0,2;0,0;0,0;0,0;0,0
23;NL:Q:61700230;Schenkhofstraat;Kesteren;2,8;1,3;1,5;0,4;1,2;0,2
23;NL:Q:61700310;;;0,1;0,0;0,0;0,0;0,0;0,0
23;NL:Q:61701100;Bejaardencentrum;Kesteren;1,0;0,5;0,5;0,6;0,2;0,1
23;NL:Q:61701110;Bejaardencentrum;Kesteren;0,2;1,1;0,2;0,1;0,0;0,1
23;NL:Q:61739090;Zoetenhoek;Deil;0,0;0,2;0,0;0,0;0,0;0,0
23;NL:Q:61739100;Zoetenhoek;Deil;0,1;0,0;0,0;0,0;0,0;0,0
23;NL:Q:61739110;Mr. W.M. Kolffstraat;Deil;0,0;0,3;0,0;0,0;0,0;0,0
23;NL:Q:61739120;Mr. W.M. Kolffstraat;Deil;0,0;0,0;0,0;0,0;0,0;0,0
23;NL:Q:61739130;Monument;Enspijk;0,2;1,0;0,1;0,2;0,0;0,0
23;NL:Q:61739140;Monument;Enspijk;0,8;0,2;0,2;0,1;0,0;0,0
23;NL:Q:61739160;Korte Veersteeg;Enspijk;0,4;0,1;0,1;0,0;0,0;0,0
23;NL:Q:61739170;Haarstraat;Enspijk;0,1;3,0;0,1;0,4;0,0;0,0
23;NL:Q:61749150;R.M. van Gellicumstraat;Rumpt;0,4;0,6;0,0;0,2;0,0;0,0
23;NL:Q:61749160;O.B.S. De Springplank;Rumpt;0,4;0,0;0,1;0,0;0,0;0,0
23;NL:Q:61749170;Achtermonde;Rumpt;0,3;1,1;0,1;0,3;0,0;0,0
23;NL:Q:61749180;Achtermonde;Rumpt;1,3;0,8;0,4;0,2;0,0;0,0
23;NL:Q:61749270;Veerweg/N327;Rumpt;1,1;1,0;0,1;0,4;0,0;0,0
23;NL:Q:61749320;Veerweg/N327;Beesd;0,9;0,7;0,1;0,0;0,0;0,0
23;NL:Q:61749510;Lingebrug;Gellicum;0,1;0,1;0,1;0,1;0,0;0,0
23;NL:Q:61749520;Lingebrug;Gellicum;0,1;0,1;0,1;0,1;0,0;0,0
23;NL:Q:61750260;Nieuwe Steeg;Herwijnen;9,9;38,8;3,0;11,4;1,2;5,3
23;NL:Q:61750270;Nieuwe Steeg;Herwijnen;32,3;11,5;9,4;4,9;4,3;1,5
23;NL:Q:61760030;Gragtdijk;Heukelum;0,0;0,1;0,0;0,0;0,0;0,0
23;NL:Q:61760140;Gragtdijk;Heukelum;0,1;0,0;0,0;0,0;0,0;0,0
23;NL:Q:61760170;Kasteel Heukelum;Heukelum;0,0;0,0;0,0;0,0;0,0;0,0
23;NL:Q:61760180;Kasteel Heukelum;Heukelum;0,0;0,0;0,0;0,0;0,0;0,0
23;NL:Q:61760190;Voorste Gewind;Heukelum;0,0;0,9;0,0;0,0;0,0;0,2
23;NL:Q:61760200;Voorste Gewind;Heukelum;0,9;0,0;0,0;0,0;0,2;0,0
23;NL:Q:61760230;Brakelseveer;Vuren;4,6;1,5;1,6;1,5;1,0;0,8
23;NL:Q:61760240;Brakelseveer;Vuren;3,6;5,9;1,2;2,1;0,7;0,7
23;NL:Q:61850190;Molenlaan;Vuren;25,8;5,4;8,0;1,6;3,4;1,1
23;NL:Q:61850200;Molenlaan;Vuren;5,5;25,0;1,6;9,3;1,1;4,0
23;NL:Q:62220010;De Leijenstein;Kerkdriel;1,2;0,3;0,0;0,0;0,0;0,0
23;NL:Q:62220020;De Leijenstein;Kerkdriel;0,4;0,7;0,0;0,0;0,0;0,0
23;NL:Q:62220030;De Geerden;Velddriel;0,7;8,5;0,4;2,8;0,4;1,8
23;NL:Q:62220040;De Geerden;Velddriel;7,7;1,1;2,8;0,3;1,7;0,3
23;NL:Q:62220090;Kapelstraat;Velddriel;0,4;0,2;0,0;0,0;0,0;0,0
23;NL:Q:62220250;Ipperakkeren;Kerkdriel;0,1;2,4;0,0;0,2;0,0;0,2
23;NL:Q:62220260;Ipperakkeren;Kerkdriel;4,1;0,5;1,1;0,2;0,2;0,1
23;NL:Q:62220270;Kerkstraat;Kerkdriel;0,0;0,8;0,0;0,0;0,0;0,0
23;NL:Q:62220280;Kerkstraat;Kerkdriel;7,2;7,1;0,9;1,4;0,6;1,0
23;NL:Q:62220410;Kloosterstraat;Kerkdriel;4,4;42,7;0,9;11,1;0,9;7,8
23;NL:Q:62220420;Kloosterstraat;Kerkdriel;40,3;5,0;11,2;2,0;7,3;1,1
23;NL:Q:62220470;Ronde Morgen;Kerkdriel;10,5;94,4;2,6;28,8;1,8;21,1
23;NL:Q:62220471;Ronde Morgen;Kerkdriel;92,6;4,8;31,9;2,4;19,3;1,3
23;NL:Q:62220480;N831/Wordenseweg;Velddriel;0,8;21,6;0,2;6,8;0,1;4,3
23;NL:Q:62220481;N831/Wordenseweg;Velddriel;20,8;1,2;7,2;0,5;4,4;0,2
23;NL:Q:62220490;MFC De Kreek;Kerkdriel;1,0;3,8;0,0;0,5;0,0;0,4
23;NL:Q:62220500;;;0,0;0,0;0,0;0,0;0,0;0,0
23;NL:Q:62220610;Wertsteeg;Hoenzadriel;0,1;0,2;0,0;0,0;0,0;0,0
23;NL:Q:62220620;Wertsteeg;Hoenzadriel;0,0;0,1;0,0;0,0;0,0;0,0
23;NL:Q:62230010;Maaijenstraat;Well;1,4;14,6;0,0;5,3;0,0;3,6
23;NL:Q:62230020;Maaijenstraat;Well;21,4;0,8;6,4;0,0;2,4;0,0
23;NL:Q:62230080;Haarstraat;Ammerzoden;21,6;2,2;11,5;0,7;8,1;0,3
23;NL:Q:62230090;Haarstraat;Ammerzoden;0,6;21,3;0,3;9,9;0,1;8,2
23;NL:Q:62230100;Ammerzodenseweg;Ammerzoden;1,3;0,1;0,5;0,0;0,7;0,1
23;NL:Q:62230110;Ammerzodenseweg;Ammerzoden;0,2;1,5;0,0;0,6;0,1;0,7
23;NL:Q:62230120;Ammerstraat;Ammerzoden;25,4;3,6;8,2;0,5;6,8;0,1
23;NL:Q:62230130;Ammerstraat;Ammerzoden;0,4;19,2;0,1;5,6;0,1;6,7
23;NL:Q:62230140;Wellsedam;Ammerzoden;28,3;3,0;10,2;0,5;7,9;0,1
23;NL:Q:62230150;Wellsedam;Ammerzoden;0,2;17,7;0,1;7,0;0,1;4,4
23;NL:Q:62230190;Schokkerstraat;Ammerzoden;1,2;7,2;0,8;2,7;0,0;2,5
23;NL:Q:62231070;Dorpstraat;Well;0,8;8,9;0,0;3,1;0,0;1,3
23;NL:Q:62231080;Dorpstraat;Well;10,5;8,1;4,0;2,4;2,0;1,1
23;NL:Q:62320050;Burchtstraat;Rossum;0,6;0,1;0,0;0,0;0,0;0,0
23;NL:Q:62320060;Burchtstraat;Rossum;1,5;0,6;0,0;0,0;0,0;0,0
23;NL:Q:62320070;Sportveld;Rossum;1,1;0,2;0,0;0,0;0,0;0,0
23;NL:Q:62320080;Sportveld;Rossum;0,1;1,3;0,0;0,0;0,0;0,0
23;NL:Q:62320090;H. Walterus van Heelstraat;Hurwenen;1,2;0,0;0,0;0,0;0,0;0,0
23;NL:Q:62320100;H. Walterus van Heelstraat;Hurwenen;0,0;0,5;0,0;0,1;0,0;0,0
23;NL:Q:62320110;Wielewaallaan;Hurwenen;2,4;0,3;0,1;0,0;0,1;0,0
23;NL:Q:62320120;Wielewaallaan;Hurwenen;0,1;2,7;0,0;0,0;0,0;0,0
23;NL:Q:62320130;Dorpstraat;Hurwenen;1,3;0,3;0,0;0,0;0,0;0,0
23;NL:Q:62320150;Marshallweg;Hurwenen;0,5;0,6;0,0;0,0;0,0;0,0
23;NL:Q:62320160;Marshallweg;Hurwenen;0,1;0,4;0,0;0,0;0,0;0,0
23;NL:Q:62320180;Julianaweg;Rossum;19,4;2,0;6,7;0,5;3,7;0,6
23;NL:Q:62320190;Van Heemstraweg;Hurwenen;0,9;0,5;0,0;0,0;0,0;0,0
23;NL:Q:62320200;Van Heemstraweg;Hurwenen;0,0;0,3;0,0;0,0;0,0;0,0
23;NL:Q:62320240;Dorpstraat;Hurwenen;0,1;1,2;0,0;0,1;0,0;0,1
23;NL:Q:62320300;Kerk;Alem;0,9;1,0;0,0;0,0;0,0;0,0
23;NL:Q:62320320;Rotonde;Alem;1,2;9,6;0,5;1,1;0,1;0,8
23;NL:Q:62320321;Rotonde;Alem;14,7;1,1;1,1;0,8;1,0;0,3
23;NL:Q:62320470;;;0,1;0,5;0,0;0,1;0,0;0,4
23;NL:Q:62320490;De Vaste Burcht;Rossum;32,8;12,6;12,9;3,4;7,3;2,9
23;NL:Q:62320500;De Vaste Burcht;Rossum;9,9;32,8;2,6;11,1;3,7;5,8
23;NL:Q:62321180;Julianaweg;Rossum;2,7;22,2;0,4;7,5;0,2;4,9
23;NL:Q:62330030;Klemit (Wellseind);Nederhemert;0,0;0,2;0,0;0,0;0,0;0,1
23;NL:Q:62330040;Klemit (Wellseind);Nederhemert;0,1;0,0;0,0;0,0;0,0;0,0
23;NL:Q:62330050;Delwijnsestraat;Delwijnen;0,2;0,8;0,0;0,0;0,0;0,0
23;NL:Q:62330060;Delwijnsestraat;Delwijnen;0,6;1,1;0,0;0,0;0,0;0,0
23;NL:Q:62330070;Kapelstraat;Nederhemert;0,0;0,3;0,0;0,0;0,0;0,0
23;NL:Q:62330080;Kapelstraat;Nederhemert;0,1;0,0;0,0;0,0;0,0;0,0
23;NL:Q:62330110;Hofstraat;Nederhemert-Noord;0,1;3,0;0,0;0,1;0,0;0,1
23;NL:Q:62330120;Hofstraat;Nederhemert-Noord;3,8;0,7;0,0;0,0;0,1;0,1
23;NL:Q:62330130;Molenstraat;Nederhemert-Noord;0,0;0,2;0,0;0,0;0,0;0,0
23;NL:Q:62330140;Molenstraat;Nederhemert-Noord;0,2;0,1;0,0;0,0;0,0;0,0
23;NL:Q:62330150;Maasdijk 15;Wellseind;0,1;0,1;0,0;0,0;0,0;0,0
23;NL:Q:62330160;Maasdijk 15;Wellseind;0,1;0,1;0,0;0,0;0,0;0,0
23;NL:Q:62330210;Nederhemertsekade;Nederhemert;4,1;0,1;0,0;0,0;0,0;0,0
23;NL:Q:62330220;Nederhemertsekade;Nederhemert;0,6;4,8;0,0;0,0;0,0;0,0
23;NL:Q:62420050;De Buke;Heerewaarden;17,0;26,9;4,6;7,7;3,1;6,7
23;NL:Q:62420060;;;28,1;9,1;7,8;3,9;6,4;2,3
23;NL:Q:62430010;Maasdijk;Aalst;0,0;1,0;0,0;0,1;0,0;0,2
23;NL:Q:62430020;Maasdijk;Aalst;1,2;0,0;0,0;0,0;0,1;0,0
23;NL:Q:62430040;Capreton;Aalst;0,0;0,0;0,0;0,0;0,0;0,0
23;NL:Q:62430050;Capreton;Aalst;0,5;0,0;0,0;0,0;0,1;0,0
23;NL:Q:62430060;M. van Rossumstraat;Poederoijen;0,5;0,0;0,0;0,0;0,1;0,0
23;NL:Q:62430070;M. van Rossumstraat;Poederoijen;0,0;0,3;0,0;0,0;0,0;0,0
23;NL:Q:62430080;;;0,1;0,0;0,0;0,0;0,1;0,0
23;NL:Q:62430090;;;0,0;0,3;0,0;0,0;0,0;0,0
23;NL:Q:62430100;Vleugeldijk;Poederoijen;0,3;0,0;0,0;0,0;0,0;0,0
23;NL:Q:62430110;Vleugeldijk;Poederoijen;0,0;0,2;0,0;0,0;0,0;0,0
23;NL:Q:62430120;Maasdijk;Poederoijen;0,3;0,0;0,0;0,0;0,1;0,1
23;NL:Q:62430130;Maasdijk;Poederoijen;0,0;0,1;0,0;0,0;0,0;0,0
23;NL:Q:62430140;Dorpsweg;Poederoijen;0,2;0,0;0,0;0,0;0,1;0,0
23;NL:Q:62430150;Dorpsweg;Poederoijen;0,0;0,3;0,0;0,0;0,0;0,0
23;NL:Q:62430160;Maas Waalweg;Nederhemert-Noord;0,1;0,1;0,0;0,0;0,0;0,0
23;NL:Q:62430170;Maas Waalweg;Nederhemert-Noord;0,0;0,1;0,0;0,0;0,0;0,0
23;NL:Q:62430200;Hambloksestraat;Aalst;0,1;0,1;0,0;0,0;0,0;0,0
23;NL:Q:62430210;Hambloksestraat;Aalst;0,0;0,0;0,0;0,0;0,0;0,1
23;NL:Q:62430220;De Rietschoof;Aalst;0,2;0,0;0,0;0,0;0,0;0,0
23;NL:Q:62430230;De Rietschoof;Aalst;0,0;0,2;0,0;0,0;0,0;0,0
23;NL:Q:62430240;Zonnepad;Aalst;0,0;1,0;0,0;0,1;0,0;0,1
23;NL:Q:62430241;Zonnepad;Aalst;0,6;0,0;0,0;0,0;0,0;0,0
23;NL:Q:62430260;Goudenregenlaan;Aalst;4,0;0,0;0,0;0,0;0,1;0,0
23;NL:Q:62430270;Goudenregenlaan;Aalst;0,0;2,8;0,0;0,1;0,0;0,3
23;NL:Q:62430410;;;0,0;0,0;0,0;0,0;0,0;0,0
23;NL:Q:62430420;E.P. van Ooijenstraat;Aalst;3,5;2,5;0,0;0,0;0,0;0,0
23;NL:Q:62430430;E.P. van Ooijenstraat;Aalst;0,0;1,1;0,0;0,0;0,0;0,1
23;NL:Q:62430440;E.P. van Ooijenstraat;Aalst;3,4;0,3;0,2;0,1;0,3;0,0
23;NL:Q:62430450;Kerk;Aalst;0,0;0,6;0,0;0,1;0,0;0,0
23;NL:Q:62430460;Kerk;Aalst;1,4;0,2;0,0;0,0;0,1;0,0
23;NL:Q:62431080;De Kraaij;Zaltbommel;0,0;0,0;0,0;0,0;0,0;0,0
23;NL:Q:62431180; De Kraaij;Zaltbommel;0,0;0,0;0,0;0,0;0,0;0,0
23;NL:Q:62431190; De Kraaij;Zaltbommel;0,0;0,0;0,0;0,0;0,0;0,0
23;NL:Q:62470010;Hogeweg;Bruchem;1,4;0,2;0,0;0,0;0,0;0,0
23;NL:Q:62470020;Hogeweg;Bruchem;0,5;2,5;0,0;0,0;0,0;0,0
23;NL:Q:62470030;Peperstraat;Bruchem;0,0;0,1;0,0;0,0;0,0;0,0
23;NL:Q:62470040;Peperstraat;Bruchem;0,0;0,5;0,0;0,0;0,0;0,0
23;NL:Q:62470050;Groenestraat;Bruchem;0,0;0,3;0,0;0,0;0,0;0,0
23;NL:Q:62470060;Groenestraat;Bruchem;0,2;0,1;0,0;0,0;0,0;0,0
23;NL:Q:62470070;Den Hoek;Bruchem;6,9;2,2;0,0;0,1;0,0;0,1
23;NL:Q:62470080;Den Hoek;Bruchem;1,4;6,2;0,0;0,0;0,0;0,0
23;NL:Q:62470150;Molenveldweg;Kerkwijk;4,0;0,3;0,0;0,0;0,0;0,0
23;NL:Q:62470160;Molenveldweg;Kerkwijk;0,4;3,7;0,0;0,0;0,1;0,0
23;NL:Q:62470170;Aalderwijksestraat;Kerkwijk;0,1;0,2;0,0;0,0;0,0;0,0
23;NL:Q:62470180;Aalderwijksestraat;Kerkwijk;1,0;0,6;0,0;0,0;0,0;0,0
23;NL:Q:62470200;Molenveldweg;Kerkwijk;0,4;0,1;0,0;0,0;0,0;0,0
23;NL:Q:62520060;Nieuwstraat;Dreumel;34,0;38,1;9,6;9,4;6,6;5,8
23;NL:Q:62520061;Nieuwstraat;Dreumel;36,7;43,0;9,5;11,1;6,6;6,5
23;NL:Q:62520150;Sportterrein;Dreumel;0,2;0,1;0,0;0,0;0,0;0,0
23;NL:Q:62529010;Huize Barbara;Dreumel;0,0;0,0;0,0;0,0;0,0;0,0
23;NL:Q:62570010;Karstraat;Zaltbommel;1,5;2,1;0,0;0,2;0,0;0,1
23;NL:Q:62570020;Karstraat;Zaltbommel;1,1;1,0;0,1;0,0;0,0;0,0
23;NL:Q:62570050;Steenweg;Zaltbommel;0,4;0,3;0,0;0,0;0,1;0,0
23;NL:Q:62570080;Nieuwe Tijningen;Zaltbommel;0,4;1,0;0,2;0,2;0,1;0,1
23;NL:Q:62570150;Kloosterwiel 62;Zaltbommel;1,0;5,6;0,2;0,8;0,3;0,2
23;NL:Q:62570160;Kloosterwiel 62;Zaltbommel;4,4;2,3;0,3;0,9;0,2;0,4
23;NL:Q:62570170;Leutsestraat;Zaltbommel;0,1;1,6;0,0;0,2;0,0;0,1
23;NL:Q:62570180;Leutsestraat;Zaltbommel;2,6;0,0;0,1;0,1;0,0;0,1
23;NL:Q:62570231;Marten van Rossemsingel;Zaltbommel;0,4;2,4;0,2;1,1;0,1;0,2
23;NL:Q:62570241;Marten van Rossemsingel;Zaltbommel;2,3;1,6;0,9;1,6;0,4;0,6
23;NL:Q:62570250;Station;Zaltbommel;99,3;75,3;18,0;11,9;9,6;7,1
23;NL:Q:62570252;Station;Zaltbommel;21,2;30,1;0,9;0,8;0,6;1,1
23;NL:Q:62570300;Oude Bosscheweg;Zaltbommel;1,4;4,9;0,0;0,1;0,0;0,0
23;NL:Q:62570310;Oude Bosscheweg;Zaltbommel;1,8;6,7;0,0;0,1;0,0;0,1
23;NL:Q:62570340;Van Voordenpark;Zaltbommel;0,2;0,8;0,1;0,2;0,0;0,0
23;NL:Q:62570360;Portage;Zaltbommel;1,0;0,4;0,0;0,0;0,0;0,0
23;NL:Q:62570430;SG Cambium;Zaltbommel;9,6;7,1;0,8;0,6;0,4;0,3
23;NL:Q:62570440;SG Cambium;Zaltbommel;11,0;12,7;0,5;1,0;0,4;0,7
23;NL:Q:62570450;Nieuwe Tijningen;Zaltbommel;0,5;0,8;0,2;0,3;0,0;0,1
23;NL:Q:62570460;Hoogaarsstraat;Zaltbommel;4,1;6,2;0,4;1,3;0,2;0,4
23;NL:Q:62570470;Hoogaarsstraat;Zaltbommel;5,7;4,5;0,6;0,5;0,3;0,3
23;NL:Q:62570480;Schutskooi;Zaltbommel;1,2;1,0;0,4;0,4;0,1;0,2
23;NL:Q:62570490;Schutskooi;Zaltbommel;0,3;1,3;0,0;0,1;0,1;0,1
23;NL:Q:62570500;Rabobank;Zaltbommel;0,8;0,6;0,0;0,0;0,0;0,0
23;NL:Q:62570510;Rabobank;Zaltbommel;1,0;3,0;0,0;0,1;0,1;0,0
23;NL:Q:62570520;Pr. Willem Alexanderstraat;Gameren;3,6;0,7;1,1;0,2;0,6;0,1
23;NL:Q:62570530;Pr. Willem Alexanderstraat;Gameren;0,3;3,9;0,2;1,2;0,0;0,6
23;NL:Q:62570910;Carpoolplaats;Zaltbommel;5,8;7,1;0,0;0,0;0,0;0,0
23;NL:Q:62570920;Gemeentekantoor;Zaltbommel;1,2;1,1;0,0;0,0;0,0;0,0
23;NL:Q:62570930;Gemeentekantoor;Zaltbommel;0,3;2,1;0,0;0,0;0,0;0,0
23;NL:Q:62570940;Hotel Zaltbommel;Zaltbommel;0,3;0,6;0,0;0,0;0,1;0,0
23;NL:Q:62570950;Hotel Zaltbommel;Zaltbommel;0,1;0,5;0,0;0,0;0,0;0,0
23;NL:Q:62571020;Nieuwe Tijningen/Steenweg;Zaltbommel;1,6;2,1;0,0;0,0;0,0;0,0
23;NL:Q:62571030;Valeton;Zaltbommel;0,1;0,4;0,0;0,0;0,0;0,0
23;NL:Q:62571040;Valeton;Zaltbommel;0,2;0,1;0,0;0,0;0,1;0,0
23;NL:Q:62571060;Nieuwe Tijningen/Steenweg;Zaltbommel;4,8;5,0;0,1;0,2;0,0;0,2
23;NL:Q:62571080;Bommelsekade;Zaltbommel;0,0;0,2;0,0;0,0;0,0;0,0
23;NL:Q:62571090;Bommelsekade;Zaltbommel;0,5;0,0;0,0;0,0;0,0;0,0
23;NL:Q:62571110;Rotonde-Hogeweg;Zaltbommel;0,9;4,1;0,0;0,1;0,0;0,0
23;NL:Q:62571120;Rotonde-Hogeweg;Zaltbommel;1,8;1,0;0,1;0,0;0,0;0,0
23;NL:Q:62571270;Nieuwe Tijningen/Steenweg;Zaltbommel;0,5;0,3;0,0;0,0;0,0;0,0
23;NL:Q:62620120;Zijvond;Wamel;1,2;13,4;0,2;3,1;0,3;2,1
23;NL:Q:62620130;Zijvond;Wamel;2,3;1,9;0,6;0,6;0,5;0,9
23;NL:Q:62620140;Hollenhof;Wamel;19,8;13,4;4,7;3,5;4,4;2,6
23;NL:Q:62620150;Hollenhof;Wamel;24,7;12,2;6,7;3,4;4,6;2,2
23;NL:Q:62670050;Middelkampseweg;Gameren;1,6;1,6;0,0;0,0;0,0;0,0
23;NL:Q:62670060;Middelkampseweg;Gameren;0,3;0,0;0,0;0,0;0,0;0,0
23;NL:Q:62670070;Bejaardencentrum;Gameren;0,2;4,8;0,0;2,1;0,0;0,6
23;NL:Q:62670080;Burgerstraat;Gameren;0,8;0,9;0,2;0,2;0,1;0,0
23;NL:Q:62670090;Ridderstraat;Gameren;0,6;2,2;0,0;0,4;0,0;0,2
23;NL:Q:62670100;Hendrikstraat;Gameren;0,5;0,2;0,1;0,1;0,0;0,1
23;NL:Q:62670110;Hendrikstraat;Gameren;0,0;0,6;0,0;0,1;0,0;0,1
23;NL:Q:62670120;Ridderstraat;Gameren;2,6;0,7;0,3;0,0;0,2;0,1
23;NL:Q:62670140;Bejaardencentrum;Gameren;5,4;0,3;1,0;0,1;0,6;0,1
23;NL:Q:62670150;Kerk;Nieuwaal;0,7;0,3;0,0;0,5;0,0;0,2
23;NL:Q:62670160;Kerk;Nieuwaal;0,1;0,2;0,5;0,1;0,2;0,1
23;NL:Q:62670170;Kerkstraat;Nieuwaal;0,1;1,9;0,0;0,3;0,0;0,1
23;NL:Q:62670180;Kerkstraat;Nieuwaal;2,4;0,4;0,4;0,1;0,2;0,0
23;NL:Q:62670190;Hogeweg;Gameren;3,6;0,2;0,0;0,0;0,0;0,0
23;NL:Q:62670200;Hogeweg;Nieuwaal;0,2;3,9;0,0;0,0;0,0;0,0
23;NL:Q:62671090;Burgerstraat;Gameren;0,4;0,6;0,0;0,0;0,0;0,0
23;NL:Q:62770010;;;0,1;0,2;0,2;0,0;0,1;0,0
23;NL:Q:62770020;;;0,3;1,8;0,0;0,0;0,0;0,0
23;NL:Q:62770030;Nieuwstraat;Zuilichem;3,2;0,3;0,7;0,1;0,2;0,0
23;NL:Q:62770040;Meidijk;Zuilichem;0,2;0,1;0,1;0,2;0,1;0,0
23;NL:Q:62770050;;;0,0;0,0;0,0;0,0;0,0;0,0
23;NL:Q:62770060;PGEM Huisje;Zuilichem;1,1;0,1;0,3;0,0;0,3;0,0
23;NL:Q:62770070;Centrum;Zuilichem;0,6;9,2;0,2;1,7;0,0;0,8
23;NL:Q:62770080;Centrum;Zuilichem;10,2;1,1;1,4;0,2;0,7;0,1
23;NL:Q:62770090;Zijlstraat;Zuilichem;1,2;0,0;0,0;0,0;0,0;0,0
23;NL:Q:62770130;Nieuwstraat;Zuilichem;0,0;3,5;0,0;0,7;0,0;0,1
23;NL:Q:62770140;Meidijk;Zuilichem;0,0;0,5;0,0;0,2;0,0;0,1
23;NL:Q:62770160;PGEM Huisje;Zuilichem;0,0;0,9;0,0;0,3;0,0;0,1
23;NL:Q:62771020;Bolt;Nieuwaal;0,2;0,1;0,1;0,0;0,0;0,0
23;NL:Q:62771030;Bolt;Nieuwaal;0,1;0,3;0,0;0,1;0,0;0,2
23;NL:Q:62870010;Burg. Posweg/Weitjesweg;Brakel;0,3;5,4;0,0;1,3;0,0;0,7
23;NL:Q:62870020;Burg. Posweg/Weitjesweg;Brakel;10,8;0,7;1,4;0,1;0,7;0,0
23;NL:Q:62870030;Marktplein;Brakel;0,0;3,0;0,1;0,7;0,0;0,7
23;NL:Q:62870050;Burg. Posweg/Flegelstraat;Brakel;0,5;3,0;0,0;0,7;0,1;0,2
23;NL:Q:62870060;Burg. Posweg/Flegelstraat;Brakel;3,2;0,9;0,8;0,1;0,6;0,1
23;NL:Q:62870130;Burg. Posweg/J. Aartendam;Brakel;0,2;2,8;0,0;0,6;0,1;0,4
23;NL:Q:62870140;Burg. Posweg/J. Aartendam;Brakel;3,0;0,4;0,8;0,0;0,3;0,1
23;NL:Q:62871010;;;0,0;0,0;0,0;0,0;0,0;0,0
23;NL:Q:62871110;;;0,0;0,0;0,0;0,0;0,0;0,0
23;NL:Q:62871130;Marktplein;Brakel;4,5;0,6;1,4;0,2;0,7;0,2
23;NL:Q:63000000;;;0,0;0,0;0,0;0,0;0,0;0,0
23;NL:Q:63000100;Centraal Station;'S-Hertogenbosch;5,0;583,6;0,8;208,2;0,1;142,2
23;NL:Q:63000191;Centraal Station;'S-Hertogenbosch;590,0;9,5;208,9;3,1;144,8;2,0
23;NL:Q:63000810;Baden Powellstraat;'S-Hertogenbosch;0,9;0,0;0,0;0,0;0,0;0,0
23;NL:Q:63000880;Baden Powellstraat;'S-Hertogenbosch;0,0;12,1;0,0;0,7;0,0;0,0
23;NL:Q:63005710;Aartshertogenlaan;'S-Hertogenbosch;0,0;4,2;0,0;0,0;0,0;0,0
23;NL:Q:63005720;Aartshertogenlaan;'S-Hertogenbosch;4,3;0,1;0,0;0,0;0,0;0,0
23;NL:Q:63006030;Orthenseweg;'S-Hertogenbosch;25,0;15,3;7,1;9,3;4,1;6,3
23;NL:Q:63006060;Orthenseweg;'S-Hertogenbosch;21,6;24,1;10,1;8,0;5,1;5,1
23;NL:Q:63006130;Rompertsebaan;'S-Hertogenbosch;4,1;0,2;0,0;0,0;0,0;0,0
23;NL:Q:63006140;Rompertsebaan;'S-Hertogenbosch;0,0;3,6;0,0;0,0;0,0;0,0
23;NL:Q:63006490;Orthen;'S-Hertogenbosch;26,2;5,3;12,4;2,9;7,6;2,0
23;NL:Q:63006500;Orthen;'S-Hertogenbosch;8,1;20,8;2,0;11,7;0,8;8,1
23;NL:Q:63007400;Hambakenweg;'S-Hertogenbosch;17,7;2,6;3,8;1,1;2,0;0,6
23;NL:Q:63007410;Hambakenweg;'S-Hertogenbosch;2,0;23,8;0,7;8,5;0,7;4,9
23;NL:Q:63007740;Bruistensingel;'S-Hertogenbosch;0,0;5,5;0,0;0,0;0,0;0,0
23;NL:Q:63008740;Station Oost;'S-Hertogenbosch;8,6;0,1;0,1;0,0;0,0;0,0
23;NL:Q:63010020;Titaniumlaan;'s-Hertogenbosch;2,6;0,3;0,2;0,3;0,2;0,2
23;NL:Q:63010070;Treurenburg;'S-Hertogenbosch;3,1;14,2;1,6;8,1;1,1;4,5
23;NL:Q:63010080;Treurenburg;'S-Hertogenbosch;4,6;1,9;5,1;0,8;2,6;0,7
23;NL:Q:63010090;Titaniumlaan;'s-Hertogenbosch;0,1;3,6;0,1;0,3;0,0;0,1
23;NL:Q:63010140;Blankensteijn;Hedel;38,2;3,3;17,4;1,1;16,1;0,9
23;NL:Q:63010150;Blankensteijn;Hedel;1,4;35,6;0,7;15,5;0,8;13,7
23;NL:Q:63010210;Prinses Beatrixstraat;Hedel;1,4;33,4;1,0;14,4;0,4;9,1
23;NL:Q:63010240;Prinses Beatrixstraat;Hedel;26,6;1,2;12,6;0,6;5,7;0,7
23;NL:Q:63010350;Oudewaai;Hedel;2,9;8,7;0,1;3,4;0,1;2,9
23;NL:Q:63010360;Oudewaai;Hedel;10,1;3,1;4,0;0,2;3,3;0,2
23;NL:Q:63011010;Baronieweg;Hedel;16,5;1,9;6,2;0,4;2,5;0,5
23;NL:Q:63011020;Baronieweg;Hedel;4,3;17,0;0,6;4,9;0,4;2,6
23;NL:Q:63011030;Baronieweg;Hedel;0,0;0,8;0,0;0,0;0,0;0,0
23;NL:Q:63011040;Baronieweg;Hedel;0,7;1,5;0,0;0,0;0,0;0,0
23;NL:Q:63011050;Breedstraat;Hedel;0,0;0,7;0,0;0,0;0,0;0,0
23;NL:Q:63011080;Breedstraat;Hedel;0,7;0,1;0,0;0,0;0,0;0,0
23;NL:Q:63280090;Maasdijk;Nederhemert;0,0;0,0;0,0;0,0;0,0;0,0
23;NL:Q:63280100;Maasdijk;Nederhemert;0,0;0,1;0,0;0,0;0,0;0,0
23;NL:Q:63290040;;;0,0;0,1;0,0;0,0;0,0;0,0
23;NL:Q:63290400;Kromme Nol;Wijk en Aalburg;0,0;0,0;0,0;0,0;0,0;0,0
23;NL:Q:63291180;Kromme Nol;Wijk En Aalburg;0,3;0,9;0,0;0,0;0,0;0,0
23;NL:Q:63291280;Kromme Nol;Wijk en Aalburg;0,2;0,3;0,0;0,0;0,0;0,0
23;NL:Q:63390020;Polstraat;Wijk en Aalburg;0,0;0,0;0,0;0,0;0,0;0,0
23;NL:Q:63390030;Polstraat;Wijk en Aalburg;0,0;0,0;0,0;0,0;0,0;0,0
23;NL:Q:63390040;Perzikstraat;Wijk en Aalburg;5,8;0,2;0,0;0,0;0,0;0,0
23;NL:Q:63390050;Perzikstraat;Wijk en Aalburg;0,3;5,4;0,0;0,0;0,0;0,0
23;NL:Q:63390080;Kortestraat;Wijk en Aalburg;0,2;0,0;0,0;0,0;0,0;0,0
23;NL:Q:63390090;Kortestraat;Wijk en Aalburg;0,0;0,3;0,0;0,0;0,0;0,0
23;NL:Q:63590020;Hoge Maasdijk;Giessen;0,6;0,2;0,2;0,0;0,2;0,1
23;NL:Q:63590030;Hoge Maasdijk;Giessen;1,2;4,6;0,0;0,4;0,0;0,3
23;NL:Q:63590040;Koningin Emmastraat;Andel;0,0;0,1;0,0;0,0;0,0;0,0
23;NL:Q:63590050;Koningin Emmastraat;Andel;0,6;0,0;0,4;0,1;0,3;0,0
23;NL:Q:63590060;Hofflaan;Andel;4,9;6,4;0,2;0,6;0,3;0,8
23;NL:Q:63590110;Hofflaan;Andel;0,0;0,0;0,0;0,0;0,0;0,0
23;NL:Q:63590140;Prinsentuin;Andel;27,4;24,8;0,0;0,0;0,0;0,0
23;NL:Q:63590170;Randweg-Tankstation;Giessen;0,6;0,4;0,1;0,0;0,0;0,0
23;NL:Q:63590290;Julianastraat;Andel;0,0;1,1;0,0;0,1;0,0;0,1
23;NL:Q:63591110;Julianastraat;Andel;2,3;0,7;0,5;0,3;0,7;0,1
23;NL:Q:63591120;Julianastraat;Andel;0,1;0,1;0,0;0,0;0,0;0,0
23;NL:Q:63595020;Huiswerf;Andel;0,6;0,0;0,4;0,2;0,0;0,0
23;NL:Q:63595030;Huiswerf;Andel;1,3;0,7;0,0;0,1;0,0;0,1
FL_IJM;NL:Q:16300010;Gemeentehuis;Steenwijk;0,0;13,4;0,0;0,0;0,0;0,0
FL_IJM;NL:Q:16300020;Gemeentehuis;Steenwijk;3,2;0,0;0,0;0,0;0,0;0,0
FL_IJM;NL:Q:16300030;Vendelweg;Steenwijk;0,0;1,8;0,0;0,0;0,0;0,0
FL_IJM;NL:Q:16300040;Vendelweg;Steenwijk;0,7;0,1;0,0;0,0;0,0;0,0
FL_IJM;NL:Q:16300050;Matthijs Kiersstraat;Steenwijk;1,3;2,2;0,0;0,0;0,0;0,0
FL_IJM;NL:Q:16300070;Matthijs Kiersstraat;Steenwijk;1,4;0,1;0,0;0,0;0,0;0,0
FL_IJM;NL:Q:16301020;Station;Steenwijk;3,3;0,0;0,0;0,0;0,0;0,0
FL_IJM;NL:Q:24350010;Spin;De Blesse;0,2;0,0;0,0;0,0;0,0;0,0
FL_IJM;NL:Q:24350020;Spin;De Blesse;0,0;0,1;0,0;0,0;0,0;0,0
FL_IJM;NL:Q:24350030;Bovenweg;De Blesse;0,1;0,0;0,0;0,0;0,0;0,0
FL_IJM;NL:Q:24350040;Bovenweg;De Blesse;0,0;0,1;0,0;0,0;0,0;0,0
FL_IJM;NL:Q:24350050;Friese Veldweg;De Blesse;0,5;0,0;0,0;0,0;0,0;0,0
FL_IJM;NL:Q:24350060;Friese Veldweg;De Blesse;0,0;0,4;0,0;0,0;0,0;0,0
FL_IJM;NL:Q:24350070;Lagebroekweg;Blesdijke;0,0;0,0;0,0;0,0;0,0;0,0
FL_IJM;NL:Q:24350080;Lagebroekweg;Blesdijke;0,0;0,0;0,0;0,0;0,0;0,0
FL_IJM;NL:Q:24350620;Noord;De Blesse;1,7;2,8;0,0;0,0;0,0;0,0
FL_IJM;NL:Q:24450030;Marijenkampen;Marijenkampen;0,2;0,0;0,0;0,0;0,0;0,0
FL_IJM;NL:Q:24450050;Eikenlaan;Willemsoord;0,1;0,0;0,0;0,0;0,0;0,0
FL_IJM;NL:Q:24450060;Eikenlaan;Willemsoord;0,0;0,1;0,0;0,0;0,0;0,0
FL_IJM;NL:Q:24450080;Marijenkampen;Marijenkampen;0,0;0,2;0,0;0,0;0,0;0,0
FL_IJM;NL:Q:24451400;'t Centrum;Steenwijkerwold;0,0;0,9;0,0;0,0;0,0;0,0
FL_IJM;NL:Q:24451800;Willemsoord;Willemsoord;0,0;1,1;0,0;0,0;0,0;0,0
FL_IJM;NL:Q:24451810;Willemsoord;Willemsoord;1,1;0,0;0,0;0,0;0,0;0,0
FL_IJM;NL:Q:24510020;Frieseweg;Oldemarkt;1,8;0,0;0,0;0,0;0,0;0,0
FL_IJM;NL:Q:24510040;Koningin Julianaweg;Oldemarkt;0,6;0,0;0,0;0,0;0,0;0,0
FL_IJM;NL:Q:24510060;Parochiehuis;Oldemarkt;0,9;0,0;0,0;0,0;0,0;0,0
FL_IJM;NL:Q:24510070;Kruisstraat;Oldemarkt;0,1;0,0;0,0;0,0;0,0;0,0
FL_IJM;NL:Q:24510080;Kruisstraat;Oldemarkt;0,0;0,2;0,0;0,0;0,0;0,0
FL_IJM;NL:Q:24510090;De Boterberg;Oldemarkt;0,5;0,0;0,0;0,0;0,0;0,0
FL_IJM;NL:Q:24510100;De Boterberg;Oldemarkt;0,0;0,2;0,0;0,0;0,0;0,0
FL_IJM;NL:Q:24550030;Zuidveen;Zuidveen;0,0;1,6;0,0;0,0;0,0;0,0
FL_IJM;NL:Q:24550040;Zuidveen;Zuidveen;0,9;0,0;0,0;0,0;0,0;0,0
FL_IJM;NL:Q:24550050;Groot Verlaat;Steenwijk;0,4;0,0;0,0;0,0;0,0;0,0
FL_IJM;NL:Q:24550060;Groot Verlaat;Steenwijk;0,0;0,6;0,0;0,0;0,0;0,0
FL_IJM;NL:Q:24550160;Dolderbrug;Steenwijk;0,0;0,1;0,0;0,0;0,0;0,0
FL_IJM;NL:Q:24550170;Dolderbrug;Steenwijk;0,0;0,0;0,0;0,0;0,0;0,0
FL_IJM;NL:Q:24550250;Station;Steenwijk;21,8;37,5;0,0;0,0;0,0;0,0
FL_IJM;NL:Q:24551420;'t Centrum;Steenwijkerwold;0,8;0,0;0,0;0,0;0,0;0,0
FL_IJM;NL:Q:24552310;Gemeentewerken;Tuk;0,0;0,1;0,0;0,0;0,0;0,0
FL_IJM;NL:Q:24552320;Gemeentewerken;Tuk;0,0;0,0;0,0;0,0;0,0;0,0
FL_IJM;NL:Q:24552330;Oldemarktseweg;Tuk;0,0;0,0;0,0;0,0;0,0;0,0
FL_IJM;NL:Q:24552340;Oldemarktseweg;Tuk;0,0;0,0;0,0;0,0;0,0;0,0
FL_IJM;NL:Q:24552350;Watertoren;Thij;0,0;0,0;0,0;0,0;0,0;0,0
FL_IJM;NL:Q:24552360;Watertoren;Thij;0,0;0,1;0,0;0,0;0,0;0,0
FL_IJM;NL:Q:24552370;Thij;Thij;0,0;0,0;0,0;0,0;0,0;0,0
FL_IJM;NL:Q:24552380;Thij;Thij;0,0;0,0;0,0;0,0;0,0;0,0
FL_IJM;NL:Q:24590100;Burchtstraat;Kuinre;15,5;9,8;0,0;0,0;0,0;0,0
FL_IJM;NL:Q:24610010;Venebosweg;Ossenzijl;0,0;0,2;0,0;0,0;0,0;0,0
FL_IJM;NL:Q:24610030;Kloosterdijk;Ossenzijl;0,1;0,0;0,0;0,0;0,0;0,0
FL_IJM;NL:Q:24610040;Kloosterdijk;Ossenzijl;0,3;0,6;0,0;0,0;0,0;0,0
FL_IJM;NL:Q:24620110;Lemsterweg;Rutten;0,2;0,2;0,0;0,0;0,0;0,0
FL_IJM;NL:Q:24620130;Houtmolen;Lemmer;2,7;9,9;0,0;0,0;0,0;0,0
FL_IJM;NL:Q:24620140;Houtmolen;Lemmer;6,6;0,1;0,0;0,0;0,0;0,0
FL_IJM;NL:Q:24622020;Busstation;Lemmer;18,2;12,6;0,0;0,0;0,0;0,0
FL_IJM;NL:Q:24625000;Busstation;Lemmer;8,2;11,5;0,0;0,0;0,0;0,0
FL_IJM;NL:Q:24680010;Uiterdijkenweg;Luttelgeest;0,1;0,2;0,0;0,0;0,0;0,0
FL_IJM;NL:Q:24680020;Uiterdijkenweg;Luttelgeest;0,2;0,0;0,0;0,0;0,0;0,0
FL_IJM;NL:Q:24720010;Lemsterpoort;Rutten;20,5;5,2;0,0;0,0;0,0;0,0
FL_IJM;NL:Q:24720020;Lemsterpoort;Rutten;6,3;19,5;0,0;0,0;0,0;0,0
FL_IJM;NL:Q:24720090;Noordermeerweg;Rutten;0,0;0,5;0,0;0,0;0,0;0,0
FL_IJM;NL:Q:24720100;Noordermeerweg;Rutten;0,4;0,0;0,0;0,0;0,0;0,0
FL_IJM;NL:Q:24720120;Lemsterweg;Rutten;0,3;0,0;0,0;0,0;0,0;0,0
FL_IJM;NL:Q:24820030;Wrakkenpad;Creil;0,2;1,5;0,0;0,0;0,0;0,0
FL_IJM;NL:Q:24820040;Wrakkenpad;Creil;1,6;0,3;0,0;0,0;0,0;0,0
FL_IJM;NL:Q:24820050;IJzerpad;Rutten;0,1;0,3;0,0;0,0;0,0;0,0
FL_IJM;NL:Q:24820060;IJzerpad;Rutten;0,2;0,2;0,0;0,0;0,0;0,0
FL_IJM;NL:Q:24820090;Creil;Creil;28,5;2,7;0,0;0,0;0,0;0,0
FL_IJM;NL:Q:24820100;Creil;Creil;3,5;25,9;0,0;0,0;0,0;0,0
FL_IJM;NL:Q:24920030;Weg van Ongenade;Espel;0,0;0,1;0,0;0,0;0,0;0,0
FL_IJM;NL:Q:24920040;Weg van Ongenade;Espel;0,1;0,1;0,0;0,0;0,0;0,0
FL_IJM;NL:Q:24920050;Onderduikerspad;Espel;0,1;0,8;0,0;0,0;0,0;0,0
FL_IJM;NL:Q:24920060;Onderduikerspad;Espel;0,7;0,1;0,0;0,0;0,0;0,0
FL_IJM;NL:Q:24920070;Noordermiddenweg;Espel;0,5;0,3;0,0;0,0;0,0;0,0
FL_IJM;NL:Q:24920080;Espelerweg;Emmeloord;0,0;0,0;0,0;0,0;0,0;0,0
FL_IJM;NL:Q:24920090;Noordermiddenweg;Espel;0,1;0,4;0,0;0,0;0,0;0,0
FL_IJM;NL:Q:24920100;Espelerweg;Emmeloord;0,0;0,1;0,0;0,0;0,0;0,0
FL_IJM;NL:Q:24920110;Espel;Espel;1,6;9,4;0,0;0,0;0,0;0,0
FL_IJM;NL:Q:24920120;Espel;Espel;9,5;1,2;0,0;0,0;0,0;0,0
FL_IJM;NL:Q:24920130;Klutenpad;Creil;0,1;0,5;0,0;0,0;0,0;0,0
FL_IJM;NL:Q:24920140;Klutenpad;Creil;0,7;0,0;0,0;0,0;0,0;0,0
FL_IJM;NL:Q:25000010;Kettingstraat;Emmeloord;0,5;23,0;0,3;5,4;0,0;1,2
FL_IJM;NL:Q:25000020;Kettingstraat;Emmeloord;17,6;0,4;3,7;0,0;1,3;0,1
FL_IJM;NL:Q:25000030;Lange Dreef;Emmeloord;0,2;5,3;0,0;2,8;0,0;1,3
FL_IJM;NL:Q:25000040;Lange Dreef;Emmeloord;5,0;0,2;2,1;0,0;0,6;0,0
FL_IJM;NL:Q:25000050;Bunschotenlaan;Emmeloord;7,5;22,6;1,0;5,1;0,4;4,0
FL_IJM;NL:Q:25000070;Emmeloord - Oost;Emmeloord;2,2;5,4;0,1;0,4;0,0;0,1
FL_IJM;NL:Q:25000080;Emmeloord - Oost;Emmeloord;4,3;4,5;0,2;0,2;0,2;0,1
FL_IJM;NL:Q:25000100;Diemenlaan;Emmeloord;11,5;3,5;2,6;1,1;2,1;0,4
FL_IJM;NL:Q:25000130;Ecopark;Emmeloord;0,7;0,6;0,0;0,0;0,1;0,0
FL_IJM;NL:Q:25000140;Ecopark;Emmeloord;0,4;1,0;0,0;0,1;0,0;0,1
FL_IJM;NL:Q:25000150;Diemenlaan;Emmeloord;2,1;14,7;0,6;4,4;0,4;2,0
FL_IJM;NL:Q:25000160;Ondernemersweg;Emmeloord;0,6;0,6;0,0;0,0;0,0;0,0
FL_IJM;NL:Q:25000170;Ondernemersweg;Emmeloord;0,3;1,5;0,0;0,0;0,0;0,0
FL_IJM;NL:Q:25000180;Produktieweg;Emmeloord;1,7;0,4;0,0;0,0;0,0;0,0
FL_IJM;NL:Q:25000190;Produktieweg;Emmeloord;0,2;1,9;0,0;0,0;0,0;0,0
FL_IJM;NL:Q:25000210;Zuyderzee College;Emmeloord;13,9;7,7;4,3;0,6;3,2;0,1
FL_IJM;NL:Q:25000260;Zuyderzee College;Emmeloord;4,4;15,3;0,9;4,9;0,2;2,4
FL_IJM;NL:Q:25000410;Begraafplaats;Emmeloord;13,9;4,2;0,0;0,0;0,0;0,0
FL_IJM;NL:Q:25000420;Begraafplaats;Emmeloord;5,5;25,0;0,0;0,0;0,0;0,0
FL_IJM;NL:Q:25000430;Dr. W.M. Verhaarlaan;Emmeloord;0,9;0,4;0,0;0,0;0,0;0,0
FL_IJM;NL:Q:25000440;Dr. W.M. Verhaarlaan;Emmeloord;0,3;1,3;0,0;0,0;0,0;0,0
FL_IJM;NL:Q:25000450;Schaftweg/Espelerweg;Emmeloord;1,1;2,0;0,0;0,0;0,0;0,0
FL_IJM;NL:Q:25000460;Schaftweg/Espelerweg;Emmeloord;0,4;1,2;0,0;0,0;0,0;0,0
FL_IJM;NL:Q:25000500;Medisch Centrum;Emmeloord;25,3;69,0;1,8;12,0;0,1;6,7
FL_IJM;NL:Q:25000550;Medisch Centrum;Emmeloord;59,7;24,8;10,6;1,7;6,8;0,4
FL_IJM;NL:Q:25000600;Antonius Ziekenhuis;Emmeloord;30,2;51,4;5,7;18,6;1,2;9,9
FL_IJM;NL:Q:25000650;Antonius Ziekenhuis;Emmeloord;44,9;27,5;16,0;5,8;9,6;2,2
FL_IJM;NL:Q:25000700;Urkerweg 18;Emmeloord;0,3;0,3;0,0;0,1;0,0;0,0
FL_IJM;NL:Q:25001400;Smeden;Emmeloord;9,7;1,4;1,8;0,4;2,2;0,1
FL_IJM;NL:Q:25001450;Smeden;Emmeloord;12,1;24,4;0,5;6,9;0,1;2,5
FL_IJM;NL:Q:25005010;Busstation;Emmeloord;91,9;162,4;12,2;32,0;1,2;15,5
FL_IJM;NL:Q:25005012;Busstation;Emmeloord;127,7;17,0;51,6;32,2;64,1;17,7
FL_IJM;NL:Q:25005013;Busstation;Emmeloord;130,1;119,4;47,1;51,5;29,1;48,4
FL_IJM;NL:Q:25005014;Busstation;Emmeloord;283,9;355,7;49,2;78,4;4,2;28,5
FL_IJM;NL:Q:25005021;Busstation;Emmeloord;320,1;265,0;72,0;48,9;69,4;6,3
FL_IJM;NL:Q:25005022;Busstation;Emmeloord;74,5;120,5;0,0;0,0;0,0;0,0
FL_IJM;NL:Q:25005023;Busstation;Emmeloord;52,5;19,6;0,0;0,0;0,0;0,0
FL_IJM;NL:Q:25060010;Brink;Luttelgeest;10,4;0,6;0,0;0,0;0,0;0,0
FL_IJM;NL:Q:25060020;Brink;Luttelgeest;0,6;7,5;0,0;0,0;0,0;0,0
FL_IJM;NL:Q:25060030;Luttelgeesterweg;Luttelgeest;0,0;0,8;0,0;0,0;0,0;0,0
FL_IJM;NL:Q:25060040;Luttelgeesterweg;Luttelgeest;0,1;0,1;0,0;0,0;0,0;0,0
FL_IJM;NL:Q:25060050;Lindeweg;Luttelgeest;0,1;0,5;0,0;0,0;0,0;0,0
FL_IJM;NL:Q:25060060;Lindeweg;Luttelgeest;0,6;0,1;0,0;0,0;0,0;0,0
FL_IJM;NL:Q:25060070;Orchideeenhoeve;Luttelgeest;1,2;2,4;0,0;0,0;0,0;0,0
FL_IJM;NL:Q:25060080;Orchideeenhoeve;Luttelgeest;2,0;1,0;0,0;0,0;0,0;0,0
FL_IJM;NL:Q:25060090;Oosterringweg;Luttelgeest;4,3;10,2;0,0;0,0;0,0;0,0
FL_IJM;NL:Q:25060100;Oosterringweg;Luttelgeest;12,6;3,1;0,0;0,0;0,0;0,0
FL_IJM;NL:Q:25060110;Schansweg;Luttelgeest;0,0;0,1;0,0;0,0;0,0;0,0
FL_IJM;NL:Q:25060120;Schansweg;Luttelgeest;0,2;0,1;0,0;0,0;0,0;0,0
FL_IJM;NL:Q:25070010;Luttelgeesterweg;Marknesse;0,4;1,7;0,1;0,3;0,1;0,1
FL_IJM;NL:Q:25070020;Luttelgeesterweg;Marknesse;0,7;0,6;0,1;0,2;0,1;0,1
FL_IJM;NL:Q:25070030;H.D. Louwes Hoeve;Emmeloord;0,0;0,1;0,0;0,0;0,0;0,0
FL_IJM;NL:Q:25070040;H.D. Louwes Hoeve;Emmeloord;0,0;0,0;0,0;0,0;0,0;0,0
FL_IJM;NL:Q:25070050;Lindeweg;Emmeloord;0,2;0,7;0,0;0,2;0,1;0,2
FL_IJM;NL:Q:25070060;Lindeweg;Emmeloord;0,7;0,3;0,2;0,1;0,4;0,1
FL_IJM;NL:Q:25130100;Sloefweg;Ens;2,0;1,0;0,5;0,5;0,4;0,3
FL_IJM;NL:Q:25130150;Sloefweg;Ens;1,1;1,9;0,4;0,6;0,2;0,4
FL_IJM;NL:Q:25130200;Bomenweg;Emmeloord;1,2;0,2;0,2;0,1;0,9;0,0
FL_IJM;NL:Q:25130250;Bomenweg;Emmeloord;0,2;1,5;0,2;0,4;0,1;0,2
FL_IJM;NL:Q:25130300;Kleiweg;Emmeloord;0,7;0,2;0,1;0,1;0,3;0,1
FL_IJM;NL:Q:25130350;Kleiweg;Emmeloord;1,2;0,9;0,1;0,2;0,0;0,2
FL_IJM;NL:Q:25131500;Bunschotenlaan;Emmeloord;12,8;7,6;4,1;1,1;4,7;0,3
FL_IJM;NL:Q:25140100;Schaftweg/Nagelerweg;Emmeloord;0,3;0,1;0,0;0,0;0,0;0,0
FL_IJM;NL:Q:25140150;Schaftweg/Nagelerweg;Emmeloord;0,1;0,6;0,0;0,0;0,0;0,0
FL_IJM;NL:Q:25140300;Johannes Postweg;Nagele;0,0;0,0;0,0;0,0;0,0;0,0
FL_IJM;NL:Q:25140350;Johannes Postweg;Nagele;0,2;0,1;0,0;0,0;0,0;0,0
FL_IJM;NL:Q:25150050;Urkerweg 18;Emmeloord;0,1;0,5;0,2;0,0;0,0;0,0
FL_IJM;NL:Q:25150100;Urkerweg 34;Tollebeek;0,6;0,3;0,0;0,1;0,0;0,0
FL_IJM;NL:Q:25150150;Urkerweg 34;Tollebeek;0,3;0,8;0,1;0,2;0,0;0,0
FL_IJM;NL:Q:25150200;Sint Hubertusplaats;Tollebeek;41,9;7,9;9,2;3,4;0,0;0,0
FL_IJM;NL:Q:25150250;Sint Hubertusplaats;Tollebeek;7,9;43,3;3,2;9,0;0,0;0,0
FL_IJM;NL:Q:25150300;Urkerweg 46;Tollebeek;0,2;0,2;0,0;0,0;0,0;0,0
FL_IJM;NL:Q:25150350;Urkerweg 46;Tollebeek;0,1;0,4;0,0;0,0;0,0;0,0
FL_IJM;NL:Q:25150400;Urkerdwarspad;Urk;0,4;0,1;0,1;0,1;0,0;0,0
FL_IJM;NL:Q:25170030;Zwembad Voorst;Kraggenburg;0,2;0,3;0,1;0,1;0,1;0,1
FL_IJM;NL:Q:25170040;Zwembad Voorst;Kraggenburg;0,3;0,2;0,2;0,2;0,1;0,1
FL_IJM;NL:Q:25170050;Picknickplaats;Kraggenburg;1,1;0,4;0,2;0,2;0,2;0,2
FL_IJM;NL:Q:25170060;Picknickplaats;Kraggenburg;0,4;0,8;0,2;0,8;0,2;0,1
FL_IJM;NL:Q:25170070;Mammouthweg;Kraggenburg;0,8;0,3;0,7;0,2;0,3;0,3
FL_IJM;NL:Q:25170080;Mammouthweg;Kraggenburg;0,2;0,8;0,2;0,8;0,1;0,2
FL_IJM;NL:Q:25170090;Leemringweg/Sloefweg;Marknesse;0,2;0,4;0,3;0,4;0,1;0,1
FL_IJM;NL:Q:25170100;Leemringweg/Sloefweg;Marknesse;0,6;0,4;0,5;0,1;0,1;0,1
FL_IJM;NL:Q:25170110;Boslaan;Marknesse;0,9;0,2;0,0;0,0;0,0;0,0
FL_IJM;NL:Q:25170120;Boslaan;Marknesse;0,1;0,4;0,0;0,0;0,0;0,0
FL_IJM;NL:Q:25170211;Busstation;Marknesse;49,4;28,0;8,7;4,7;4,9;3,4
FL_IJM;NL:Q:25170212;Busstation;Marknesse;41,1;8,3;0,0;0,0;0,0;0,0
FL_IJM;NL:Q:25170213;Busstation;Marknesse;23,2;3,5;0,0;0,0;0,0;0,0
FL_IJM;NL:Q:25170221;Busstation;Marknesse;33,5;75,2;5,9;8,1;4,6;4,4
FL_IJM;NL:Q:25170223;Busstation;Marknesse;20,3;47,4;0,0;0,0;0,0;0,0
FL_IJM;NL:Q:25170230;Breestraat;Marknesse;22,4;20,9;4,3;8,9;3,3;4,6
FL_IJM;NL:Q:25170240;Breestraat;Marknesse;16,4;20,3;8,2;6,0;3,4;3,0
FL_IJM;NL:Q:25180010;Busstation;Blokzijl;17,1;0,0;0,0;0,0;0,0;0,0
FL_IJM;NL:Q:25180020;Busstation;Blokzijl;25,0;16,6;0,0;0,0;0,0;0,0
FL_IJM;NL:Q:25180030;Uiterdijkenweg;Marknesse;1,1;0,5;0,0;0,0;0,0;0,0
FL_IJM;NL:Q:25180040;Uiterdijkenweg;Marknesse;0,5;1,6;0,0;0,0;0,0;0,0
FL_IJM;NL:Q:25180050;Steenwijkerdwarsweg;Marknesse;0,8;0,9;0,0;0,0;0,0;0,0
FL_IJM;NL:Q:25180060;Steenwijkerdwarsweg;Marknesse;1,2;1,5;0,0;0,0;0,0;0,0
FL_IJM;NL:Q:25230030;Ens;Ens;58,3;61,0;19,3;18,0;8,0;10,2
FL_IJM;NL:Q:25230040;Ens;Ens;58,0;57,0;17,3;18,3;11,5;7,7
FL_IJM;NL:Q:25240010;Domineesweg;Nagele;56,5;64,8;9,2;12,2;11,4;5,6
FL_IJM;NL:Q:25240150;Professor Brandsmaw.;Nagele;0,0;0,0;0,0;0,0;0,0;0,0
FL_IJM;NL:Q:25240200;Professor Brandsmaw.;Nagele;0,0;0,1;0,0;0,0;0,0;0,0
FL_IJM;NL:Q:25240800;Nagele;Nagele;23,0;3,9;0,0;0,0;0,0;0,0
FL_IJM;NL:Q:25240850;Nagele;Nagele;5,1;20,5;0,0;0,0;0,0;0,0
FL_IJM;NL:Q:25250010;Singel;Urk;51,1;41,6;17,0;11,2;0,0;0,0
FL_IJM;NL:Q:25250050;Urkerdwarspad;Urk;0,1;1,0;0,0;0,2;0,0;0,0
FL_IJM;NL:Q:25250100;Urkerweg 60;Urk;12,2;0,5;1,4;0,1;0,0;0,0
FL_IJM;NL:Q:25250150;Urkerweg 60;Urk;0,7;11,5;0,1;0,8;0,0;0,0
FL_IJM;NL:Q:25250210;Ransuil;Urk;11,3;55,7;0,9;6,5;0,0;0,0
FL_IJM;NL:Q:25250220;Ransuil;Urk;38,6;3,4;6,0;0,8;0,0;0,0
FL_IJM;NL:Q:25250230;Winkelcentrum;Urk;14,3;105,4;3,5;15,0;0,0;0,0
FL_IJM;NL:Q:25250240;Winkelcentrum;Urk;97,2;7,5;16,1;1,8;0,0;0,0
FL_IJM;NL:Q:25250270;Vlaak;Urk;75,1;85,5;6,3;9,5;0,0;0,0
FL_IJM;NL:Q:25250300;Rotholm;Urk;64,0;43,8;10,3;5,0;0,0;0,0
FL_IJM;NL:Q:25250850;Lange Dam;Urk;41,6;49,9;4,2;5,8;0,0;0,0
FL_IJM;NL:Q:25250950;De Noord;Urk;21,3;35,4;2,3;5,6;0,0;0,0
FL_IJM;NL:Q:25251000;Gemeentehuis;Urk;74,5;70,1;9,1;10,6;0,0;0,0
FL_IJM;NL:Q:25251510;Marsdiep;Urk;0,1;0,9;0,0;0,0;0,0;0,0
FL_IJM;NL:Q:25251520;Marsdiep;Urk;0,6;0,1;0,0;0,0;0,0;0,0
FL_IJM;NL:Q:25251530;Griend;Urk;0,0;4,1;0,0;0,0;0,0;0,0
FL_IJM;NL:Q:25251540;Griend;Urk;4,4;0,1;0,0;0,0;0,0;0,0
FL_IJM;NL:Q:25270010;Clarenberglaan;Vollenhove;38,3;0,0;8,8;0,0;2,6;0,0
FL_IJM;NL:Q:25270020;Clarenberglaan;Vollenhove;54,8;37,8;20,1;6,1;15,1;2,5
FL_IJM;NL:Q:25270030;Kraggenburg;Kraggenburg;27,4;26,5;7,2;7,6;3,8;4,1
FL_IJM;NL:Q:25270110;Vollenhoverweg/NOP;Marknesse;0,0;0,9;0,0;0,5;0,0;0,2
FL_IJM;NL:Q:25270120;Vollenhoverweg/NOP;Marknesse;0,8;0,9;0,3;0,5;0,1;0,3
FL_IJM;NL:Q:25270130;Repelweg;Marknesse;0,4;0,7;0,0;0,3;0,1;0,5
FL_IJM;NL:Q:25270140;Repelweg;Marknesse;0,6;0,3;0,5;0,1;0,5;0,1
FL_IJM;NL:Q:25270150;Voorsterweg;Marknesse;0,8;1,8;0,4;0,2;0,1;0,2
FL_IJM;NL:Q:25270160;Voorsterweg;Marknesse;1,6;0,8;0,2;0,5;0,2;0,2
FL_IJM;NL:Q:25270170;Voorstersluis;Marknesse;0,1;0,2;0,0;0,2;0,1;0,2
FL_IJM;NL:Q:25270180;Voorstersluis;Marknesse;0,2;0,1;0,2;0,0;0,2;0,0
FL_IJM;NL:Q:25270190;Paardenweg;Kraggenburg;1,7;0,1;0,2;0,2;0,1;0,0
FL_IJM;NL:Q:25270200;Paardenweg;Kraggenburg;0,1;1,9;0,2;0,1;0,1;0,1
FL_IJM;NL:Q:25280010;Boomkwekerij;Scheerwolde;1,3;0,0;0,0;0,0;0,0;0,0
FL_IJM;NL:Q:25280020;Boomkwekerij;Scheerwolde;0,0;1,2;0,0;0,0;0,0;0,0
FL_IJM;NL:Q:25280050;Beenderribben;Wetering;0,0;0,4;0,0;0,0;0,0;0,0
FL_IJM;NL:Q:25280060;Beenderribben;Wetering;0,2;0,0;0,0;0,0;0,0;0,0
FL_IJM;NL:Q:25280070;Wetering;Wetering;0,0;0,4;0,0;0,0;0,0;0,0
FL_IJM;NL:Q:25280080;Wetering;Wetering;0,0;0,0;0,0;0,0;0,0;0,0
FL_IJM;NL:Q:25280090;Veldhuisweg;Baarlo;0,0;0,0;0,0;0,0;0,0;0,0
FL_IJM;NL:Q:25280100;Veldhuisweg;Baarlo;0,0;0,0;0,0;0,0;0,0;0,0
FL_IJM;NL:Q:25300010;Domineesweg;Nagele;7,0;5,3;0,0;0,0;0,0;0,0
FL_IJM;NL:Q:25330300;Zwartemeerweg;Ens;4,7;2,6;1,1;0,8;1,7;0,4
FL_IJM;NL:Q:25330350;Zwartemeerweg;Ens;2,9;0,0;0,6;0,0;0,4;0,0
FL_IJM;NL:Q:25350010;Markeweg;Blesdijke;0,0;0,0;0,0;0,0;0,0;0,0
FL_IJM;NL:Q:25350020;Markeweg;Blesdijke;0,0;0,0;0,0;0,0;0,0;0,0
FL_IJM;NL:Q:25350030;Dalhoeve;Blesdijke;0,1;0,0;0,0;0,0;0,0;0,0
FL_IJM;NL:Q:25350040;Dalhoeve;Blesdijke;0,0;0,1;0,0;0,0;0,0;0,0
FL_IJM;NL:Q:25350060;Parochiehuis;Oldemarkt;0,0;0,4;0,0;0,0;0,0;0,0
FL_IJM;NL:Q:25350090;Frieseweg;Oldemarkt;0,0;2,4;0,0;0,0;0,0;0,0
FL_IJM;NL:Q:25350310;Koningin Julianaweg;Oldemarkt;0,0;0,9;0,0;0,0;0,0;0,0
FL_IJM;NL:Q:25370010;Heetveld;Heetveld;0,8;0,0;0,2;0,0;0,1;0,0
FL_IJM;NL:Q:25370020;Heetveld;Heetveld;0,0;1,1;0,0;0,5;0,0;0,2
FL_IJM;NL:Q:25370070;Prot Chr Basisschool;Heetveld;2,2;0,0;0,2;0,0;0,0;0,0
FL_IJM;NL:Q:25370080;Prot Chr Basisschool;Heetveld;0,0;2,3;0,0;0,2;0,0;0,1
FL_IJM;NL:Q:25380010;Jan van Nassauweg;Scheerwolde;0,0;2,1;0,0;0,0;0,0;0,0
FL_IJM;NL:Q:25380020;Jan van Nassauweg;Scheerwolde;2,3;0,0;0,0;0,0;0,0;0,0
FL_IJM;NL:Q:25380030;Smalleweg;Scheerwolde;0,0;0,1;0,0;0,0;0,0;0,0
FL_IJM;NL:Q:25380040;Smalleweg;Scheerwolde;0,0;0,0;0,0;0,0;0,0;0,0
FL_IJM;NL:Q:25430010;Noorderrandweg;Kampereiland;0,4;0,0;0,1;0,0;0,1;0,0
FL_IJM;NL:Q:25430020;Noorderrandweg;Kampereiland;0,0;0,3;0,0;0,0;0,0;0,1
FL_IJM;NL:Q:25430030;Rechterveldweg;Kampereiland;1,4;0,0;0,2;0,0;0,0;0,0
FL_IJM;NL:Q:25430040;Rechterveldweg;Kampereiland;0,0;1,3;0,0;0,2;0,0;0,0
FL_IJM;NL:Q:25430050;Natuurbad Seveningen;Kampereiland;0,2;0,0;0,2;0,0;0,2;0,0
FL_IJM;NL:Q:25430100;Nesweg;Kampereiland;0,0;0,7;0,0;0,0;0,0;0,0
FL_IJM;NL:Q:25430150;Nesweg;Kampereiland;0,7;0,0;0,0;0,0;0,0;0,0
FL_IJM;NL:Q:25430200;Kampereiland Kerk;Kampereiland;0,0;0,4;0,0;0,1;0,0;0,0
FL_IJM;NL:Q:25430250;Kampereiland Kerk;Kampereiland;0,4;0,0;0,1;0,0;0,0;0,0
FL_IJM;NL:Q:25430300;Witte Brug;Kampereiland;0,0;0,8;0,0;0,0;0,0;0,1
FL_IJM;NL:Q:25430350;Witte Brug;Kampereiland;0,7;0,0;0,0;0,0;0,0;0,0
FL_IJM;NL:Q:25430390;Dam-Noorddiep;Kampereiland;0,0;0,0;0,0;0,0;0,0;0,0
FL_IJM;NL:Q:25430400;Dam-Noorddiep;Kampereiland;0,0;0,1;0,0;0,0;0,0;0,0
FL_IJM;NL:Q:25440050;Visvijverweg;Swifterbant;0,5;1,1;0,0;0,0;0,0;0,0
FL_IJM;NL:Q:25440100;Visvijverweg;Swifterbant;1,0;0,6;0,0;0,0;0,0;0,0
FL_IJM;NL:Q:25450810;Kooystraat;Ossenzijl;2,2;0,0;0,0;0,0;0,0;0,0
FL_IJM;NL:Q:25450820;Kooystraat;Ossenzijl;0,0;1,7;0,0;0,0;0,0;0,0
FL_IJM;NL:Q:25450830;Venebosweg;Ossenzijl;0,0;0,0;0,0;0,0;0,0;0,0
FL_IJM;NL:Q:25470010;De Velde;De Velde;0,0;0,0;0,0;0,0;0,0;0,0
FL_IJM;NL:Q:25470020;De Velde;De Velde;0,0;0,1;0,0;0,0;0,0;0,0
FL_IJM;NL:Q:25470030;Busstation;Zwartsluis;9,2;0,0;2,5;0,0;1,5;0,1
FL_IJM;NL:Q:25470040;Busstation;Zwartsluis;0,1;15,8;0,0;5,9;0,0;4,6
FL_IJM;NL:Q:25470070;De Krieger;De Krieger;0,0;0,0;0,0;0,0;0,0;0,0
FL_IJM;NL:Q:25470080;De Krieger;De Krieger;0,0;0,1;0,0;0,0;0,0;0,0
FL_IJM;NL:Q:25580040;'t TAG;Genemuiden;0,0;0,0;0,0;0,0;0,0;0,0
FL_IJM;NL:Q:25670010;H. van Viandenplein;Hasselt;0,0;0,0;0,0;0,0;0,0;0,0
FL_IJM;NL:Q:25670030;Scheepswerf;Hasselt;2,6;0,0;2,8;0,0;0,9;0,1
FL_IJM;NL:Q:25670040;Scheepswerf;Hasselt;0,1;3,5;0,0;3,5;0,0;1,5
FL_IJM;NL:Q:25680030;Blauwe Hand;Blauwe Hand;0,0;0,0;0,0;0,0;0,0;0,0
FL_IJM;NL:Q:25780010;Dominee Hylkemaweg;Giethoorn;0,0;0,0;0,0;0,0;0,0;0,0
FL_IJM;NL:Q:25780020;Dominee Hylkemaweg;Giethoorn;0,0;0,0;0,0;0,0;0,0;0,0
FL_IJM;NL:Q:25780030;Kerkweg;Giethoorn;0,0;0,0;0,0;0,0;0,0;0,0
FL_IJM;NL:Q:25830090;Gemeentehuis;Kampen;0,0;3,2;0,0;0,0;0,0;0,0
FL_IJM;NL:Q:25830190;Station Zuid;Kampen;0,0;0,0;0,0;0,0;0,0;0,0
FL_IJM;NL:Q:25830310;Sterrekroos;Kampen;0,0;0,0;0,0;0,0;0,0;0,0
FL_IJM;NL:Q:25830320;Hilbert v Dijkstraat;Kampen;0,0;0,0;0,0;0,0;0,0;0,0
FL_IJM;NL:Q:25830330;Doctor Kolfflaan;Kampen;0,0;0,0;0,0;0,0;0,0;0,0
FL_IJM;NL:Q:25830340;Colijnlaan;Kampen;0,0;0,0;0,0;0,0;0,0;0,0
FL_IJM;NL:Q:25830500;Loriestraat;Kampen;0,0;0,0;0,0;0,0;0,0;0,0
FL_IJM;NL:Q:25830510;Loriestraat;Kampen;0,0;0,0;0,0;0,0;0,0;0,0
FL_IJM;NL:Q:25830530;Blauwe Engel;Kampen;0,0;0,4;0,0;0,0;0,0;0,0
FL_IJM;NL:Q:38400120;Florasingel;Bovenkarspel;0,0;0,0;0,0;0,0;0,0;0,0
FL_IJM;NL:Q:38400130;Florasingel;Bovenkarspel;0,0;0,0;0,0;0,0;0,0;0,0
FL_IJM;NL:Q:38402010;Streekhof;Bovenkarspel;0,0;0,0;0,0;0,0;0,0;0,0
FL_IJM;NL:Q:38402020;Streekhof;Grootebroek;0,0;0,0;0,0;0,0;0,0;0,0
FL_IJM;NL:Q:38410050;R.K. Kerk;Wervershoof;0,0;0,0;0,0;0,0;0,0;0,0
FL_IJM;NL:Q:38410060;R.K. Kerk;Wervershoof;0,0;0,0;0,0;0,0;0,0;0,0
FL_IJM;NL:Q:38500010;Station;Enkhuizen;0,1;0,3;0,0;0,0;0,0;0,0
FL_IJM;NL:Q:38610060;Sorghvliet;Andijk;0,0;0,0;0,0;0,0;0,0;0,0
FL_IJM;NL:Q:38610080;Gedeputeerde Laanweg;Andijk;0,0;0,0;0,0;0,0;0,0;0,0
FL_IJM;NL:Q:38610170;Sorghvliet;Andijk;0,0;0,0;0,0;0,0;0,0;0,0
FL_IJM;NL:Q:38610190;Kleingouw;Andijk;0,0;0,0;0,0;0,0;0,0;0,0
FL_IJM;NL:Q:46002960;Blaloweg/Hasselterweg;Zwolle;0,0;3,3;0,0;1,0;0,0;0,2
FL_IJM;NL:Q:46004530;Stadion;Zwolle;0,0;0,0;0,0;0,0;0,0;0,0
FL_IJM;NL:Q:46006400;Campus;Zwolle;47,9;0,0;0,0;0,0;0,0;0,0
FL_IJM;NL:Q:46006450;Campus;Zwolle;0,0;52,6;0,0;0,0;0,0;0,0
FL_IJM;NL:Q:46006600;Blaloweg/Rieteweg;Zwolle;0,2;0,0;0,0;0,0;0,0;0,0
FL_IJM;NL:Q:46006650;Blaloweg/Rieteweg;Zwolle;0,0;4,2;0,0;0,1;0,0;0,1
FL_IJM;NL:Q:46010030;Zwembad/Landstede;Zwolle;0,0;0,0;0,0;0,0;0,0;0,0
FL_IJM;NL:Q:46100040;Katerdijk;zwolle;40,9;0,0;0,2;0,0;0,1;0,0
FL_IJM;NL:Q:46100050;Katerdijk;zwolle;0,0;77,3;0,0;0,3;0,0;0,3
FL_IJM;NL:Q:46100320;Breecamp;Zwolle;0,0;0,7;0,0;0,5;0,0;0,6
FL_IJM;NL:Q:46100330;Breecamp;Zwolle;0,3;0,0;0,1;0,0;0,1;0,0
FL_IJM;NL:Q:46104021;Katwolderplein/centrum;Zwolle;24,3;0,0;5,2;0,0;2,6;0,0
FL_IJM;NL:Q:46104022;Katwolderplein/centrum;Zwolle;0,0;17,6;0,0;14,7;0,0;4,2
FL_IJM;NL:Q:46301120;Industrieweg;Hasselt;0,0;0,4;0,0;0,1;0,0;0,0
FL_IJM;NL:Q:46302090;Stadsweg;Hasselt;0,1;0,0;0,0;0,0;0,0;0,0
FL_IJM;NL:Q:46302100;Stadsweg;Hasselt;0,0;0,2;0,0;0,3;0,0;0,1
FL_IJM;NL:Q:46302110;Industrieweg;Hasselt;0,2;0,0;0,1;0,0;0,0;0,0
FL_IJM;NL:Q:46320020;Het Rode Dak;Genne;0,0;0,0;0,0;0,0;0,0;0,0
FL_IJM;NL:Q:46403010;Kloosterziel;De Velde;0,0;0,0;0,0;0,0;0,0;0,0
FL_IJM;NL:Q:46403020;Kloosterziel;De Velde;0,0;0,0;0,0;0,0;0,0;0,0
FL_IJM;NL:Q:46501010;Kranerweerd;Zwartsluis;0,2;0,0;0,1;0,0;0,1;0,0
FL_IJM;NL:Q:46501020;Kranerweerd;Zwartsluis;0,0;0,4;0,0;0,4;0,0;0,1
FL_IJM;NL:Q:46501030;Nieuwesluis;Zwartsluis;0,7;0,0;1,2;0,0;1,1;0,0
FL_IJM;NL:Q:46501040;Nieuwesluis;Zwartsluis;0,0;0,8;0,0;0,2;0,0;0,3
FL_IJM;NL:Q:46501070;Westeinde - Rotonde;Zwartsluis;0,4;0,0;0,2;0,0;0,0;0,0
FL_IJM;NL:Q:46501080;Westeinde - Rotonde;Zwartsluis;0,0;0,6;0,0;0,5;0,0;0,2
FL_IJM;NL:Q:46511010;De Noorde;Zwartsluis;0,9;0,0;0,2;0,0;0,2;0,0
FL_IJM;NL:Q:46511020;De Noorde;Zwartsluis;0,0;1,1;0,0;0,5;0,0;0,3
FL_IJM;NL:Q:46511030;Zieltje;Zwartsluis;0,0;0,0;0,0;0,0;0,0;0,0
FL_IJM;NL:Q:46511040;Zieltje;Zwartsluis;0,0;0,0;0,0;0,0;0,0;0,0
FL_IJM;NL:Q:46520010;Flevoweg;St.Jansklooster;0,0;5,8;0,0;0,7;0,0;0,4
FL_IJM;NL:Q:46520020;Flevoweg;St.Jansklooster;5,6;0,0;0,4;0,0;0,2;0,0
FL_IJM;NL:Q:46520030;Veneweg;St.Jansklooster;0,0;1,9;0,0;0,5;0,0;0,3
FL_IJM;NL:Q:46520040;Veneweg;St.Jansklooster;1,8;0,0;0,5;0,0;0,3;0,0
FL_IJM;NL:Q:46522010;Barsbeek;Heetveld;0,6;0,0;0,1;0,0;0,0;0,0
FL_IJM;NL:Q:46522020;Barsbeek;Heetveld;0,0;1,1;0,0;0,3;0,0;0,1
FL_IJM;NL:Q:46522070;Barsbeek 36;St. Jansklooster;1,2;0,0;0,0;0,0;0,0;0,0
FL_IJM;NL:Q:46522080;Barsbeek 36;St. Jansklooster;0,0;1,3;0,0;0,0;0,0;0,1
FL_IJM;NL:Q:46522090;Kadoelen;Kadoelen;0,7;0,0;0,2;0,0;0,1;0,0
FL_IJM;NL:Q:46522100;Kadoelen;Kadoelen;0,0;1,0;0,0;0,7;0,0;0,2
FL_IJM;NL:Q:46531010;Verlengde Duinweg;St.Jansklooster;0,4;0,0;0,0;0,0;0,0;0,0
FL_IJM;NL:Q:46531020;Verlengde Duinweg;St.Jansklooster;0,0;0,7;0,0;0,1;0,0;0,0
FL_IJM;NL:Q:46531030;Weyert;Vollenhove;11,8;0,0;0,3;0,0;0,1;0,0
FL_IJM;NL:Q:46531040;Weyert;Vollenhove;0,0;9,2;0,0;0,5;0,0;0,2
FL_IJM;NL:Q:46531050;Zwembad;Vollenhove;8,2;9,6;3,1;6,0;1,5;3,6
FL_IJM;NL:Q:46531060;Zwembad;Vollenhove;11,1;11,1;5,3;3,6;4,4;1,8
FL_IJM;NL:Q:46641040;Groene Kruis;Giethoorn;0,0;0,0;0,0;0,0;0,0;0,0
FL_IJM;NL:Q:46650040;Brug;Giethoorn;0,0;0,0;0,0;0,0;0,0;0,0
FL_IJM;NL:Q:47130010;Hasselterweg;Zwolle;1,6;0,0;0,5;0,0;0,2;0,0
FL_IJM;NL:Q:47130020;Hasselterweg;Zwolle;0,0;1,6;0,0;0,8;0,0;0,4
FL_IJM;NL:Q:47130030;Zwolseweg;Zwolle;0,3;0,0;0,1;0,0;0,0;0,0
FL_IJM;NL:Q:47130040;Zwolseweg;Zwolle;0,0;0,4;0,0;0,1;0,0;0,1
FL_IJM;NL:Q:47130100;Veecaten;'s-Heerenbroek;0,0;0,0;0,0;0,0;0,0;0,0
FL_IJM;NL:Q:47130150;Veecaten;'s-Heerenbroek;0,1;0,0;0,0;0,0;0,0;0,0
FL_IJM;NL:Q:47130200;Bisschopswetering;'s-Heerenbroek;0,0;0,1;0,0;0,0;0,0;0,0
FL_IJM;NL:Q:47130250;Bisschopswetering;'s-Heerenbroek;0,1;0,0;0,0;0,0;0,0;0,0
FL_IJM;NL:Q:47130300;Schoolsteeg;'s-Heerenbroek;0,0;0,0;0,0;0,0;0,0;0,0
FL_IJM;NL:Q:47130400;Zwolseweg 56;'s-Heerenbroek;0,0;0,0;0,0;0,0;0,0;0,0
FL_IJM;NL:Q:47132520;Blaloweg/Hasselterweg;Zwolle;1,7;0,0;0,4;0,0;0,0;0,0
FL_IJM;NL:Q:47230050;Zwolseweg 56;Wilsum;0,0;0,0;0,0;0,0;0,0;0,0
FL_IJM;NL:Q:47230200;Wilsumersteeg;Wilsum;0,0;0,0;0,0;0,0;0,0;0,0
FL_IJM;NL:Q:47230300;Zwolseweg 44;IJsselmuiden;0,0;0,0;0,0;0,0;0,0;0,0
FL_IJM;NL:Q:47330080;Gemeentehuis;Kampen;1,7;0,0;0,0;0,0;0,0;0,0
FL_IJM;NL:Q:47330120;Beneluxweg;Kampen;0,0;0,0;0,0;0,0;0,0;0,0
FL_IJM;NL:Q:47330150;IJsselbrug;Kampen;0,0;0,0;0,0;0,0;0,0;0,0
FL_IJM;NL:Q:47330200;IJsselbrug;Kampen;0,0;0,0;0,0;0,0;0,0;0,0
FL_IJM;NL:Q:47330201;IJsselbrug;Kampen;5,0;0,0;0,0;0,0;0,0;0,0
FL_IJM;NL:Q:47330210;IJsselbrug;Kampen;0,1;9,5;0,0;0,0;0,0;0,0
FL_IJM;NL:Q:47330220;Colijnlaan;Kampen;0,0;0,0;0,0;0,0;0,0;0,0
FL_IJM;NL:Q:47330230;Ommelandsingel;Kampen;0,0;0,0;0,0;0,0;0,0;0,0
FL_IJM;NL:Q:47331250;Amandelboom;Kampen;0,0;0,0;0,0;0,0;0,0;0,0
FL_IJM;NL:Q:47331310;Vijverhof;Kampen;1,5;0,0;0,0;0,0;0,0;0,0
FL_IJM;NL:Q:47331320;Vijverhof;Kampen;0,0;2,6;0,0;0,0;0,0;0,0
FL_IJM;NL:Q:47331900;Bovenhavenstraat;Kampen;1,0;0,0;0,0;0,0;0,0;0,0
FL_IJM;NL:Q:47332200;Koornmarkt;Kampen;2,0;0,0;0,0;0,0;0,0;0,0
FL_IJM;NL:Q:47332210;Koornmarkt;Kampen;0,0;5,0;0,0;0,0;0,0;0,0
FL_IJM;NL:Q:47332300;Bovenhavenstraat;Kampen;0,0;0,6;0,0;0,0;0,0;0,0
FL_IJM;NL:Q:47332600;Verzinkerij;IJsselmuiden;0,0;0,1;0,0;0,0;0,0;0,0
FL_IJM;NL:Q:47332700;Grafhorsterweg;IJsselmuiden;0,7;3,9;0,7;0,4;0,0;0,2
FL_IJM;NL:Q:47332750;Grafhorsterweg;IJsselmuiden;1,5;0,6;0,3;0,0;0,1;0,0
FL_IJM;NL:Q:47332800;Natuurbad Seveningen;Kampereiland;0,4;0,3;0,0;0,1;0,0;0,1
FL_IJM;NL:Q:47332850;Zwolseweg 44;IJsselmuiden;0,0;0,0;0,0;0,0;0,0;0,0
FL_IJM;NL:Q:47332950;Verzinkerij;IJsselmuiden;0,1;0,0;0,0;0,0;0,0;0,0
FL_IJM;NL:Q:47333250;Oranjesingel;Kampen;0,0;0,0;0,0;0,0;0,0;0,0
FL_IJM;NL:Q:47333350;Oostzeestraat;Kampen;0,0;0,0;0,0;0,0;0,0;0,0
FL_IJM;NL:Q:47333410;Almere College;Kampen;0,0;4,1;0,0;0,0;0,0;0,0
FL_IJM;NL:Q:47333450;Almere College;Kampen;2,9;0,0;0,0;0,0;0,0;0,0
FL_IJM;NL:Q:47333500;Nijverheidsstraat;Kampen;0,0;16,3;0,0;0,0;0,0;0,0
FL_IJM;NL:Q:47333950;Leeghwaterstraat;Kampen;0,0;0,0;0,0;0,0;0,0;0,0
FL_IJM;NL:Q:47334750;Isala Polikliniek;Kampen;2,0;0,0;0,0;0,0;0,0;0,0
FL_IJM;NL:Q:47334800;Isala Polikliniek;Kampen;0,0;2,1;0,0;0,0;0,0;0,0
FL_IJM;NL:Q:47335010;Station;Kampen;0,3;0,0;0,0;0,0;0,0;0,0
FL_IJM;NL:Q:47335020;Station;Kampen;0,0;5,1;0,0;0,0;0,0;0,0
FL_IJM;NL:Q:47335030;Station;Kampen;94,5;352,2;21,6;80,0;11,6;61,7
FL_IJM;NL:Q:47335040;Station;Kampen;410,9;90,3;93,3;22,4;51,3;25,8
FL_IJM;NL:Q:47335050;Station;Kampen;6,4;2,5;0,0;0,0;0,0;0,0
FL_IJM;NL:Q:47335060;Station;Kampen;0,9;13,4;0,0;0,0;0,0;0,0
FL_IJM;NL:Q:47336000;Kalmoessingel;Kampen;1,4;0,0;0,0;0,0;0,0;0,0
FL_IJM;NL:Q:47336050;Kalmoessingel;Kampen;0,0;5,5;0,0;0,0;0,0;0,0
FL_IJM;NL:Q:47336100;GSG Pieter Zandt;Kampen;12,5;14,8;0,0;0,0;0,0;0,0
FL_IJM;NL:Q:47420150;Venedijk;Kampen;0,0;0,0;0,0;0,0;0,0;0,0
FL_IJM;NL:Q:47430050;Nijverheidsstraat;Kampen;12,8;0,0;0,0;0,0;0,0;0,0
FL_IJM;NL:Q:47430200;Roggebotsluis;Dronten;33,0;0,0;0,0;0,0;0,0;0,0
FL_IJM;NL:Q:47430250;Roggebotsluis;Dronten;33,4;33,1;0,0;0,0;0,0;0,0
FL_IJM;NL:Q:47430300;Oudebosweg;Dronten;0,2;0,3;0,0;0,0;0,0;0,0
FL_IJM;NL:Q:47530020;Ketelweg;Dronten;0,3;0,4;0,0;0,0;0,0;0,0
FL_IJM;NL:Q:47530050;Oudebosweg;Dronten;0,3;0,6;0,0;0,0;0,0;0,0
FL_IJM;NL:Q:49000050;Lelycentre;Lelystad;20,6;12,6;4,4;2,3;0,0;0,0
FL_IJM;NL:Q:49000060;Rotondebrug;Lelystad;2,2;3,3;0,2;0,4;0,0;0,0
FL_IJM;NL:Q:49000070;Rotondebrug;Lelystad;11,7;12,9;0,4;0,7;0,0;0,0
FL_IJM;NL:Q:49000101;Lelycentre;Lelystad;12,1;20,2;1,6;4,2;0,0;0,0
FL_IJM;NL:Q:49000170;Centrumbrug;Lelystad;17,4;18,8;2,0;5,7;1,2;5,8
FL_IJM;NL:Q:49000171;Centrumbrug;Lelystad;14,5;19,8;3,4;2,3;3,8;1,5
FL_IJM;NL:Q:49000640;Hondsdraf;Lelystad;0,1;0,6;0,0;0,0;0,0;0,0
FL_IJM;NL:Q:49000750;Vlieterbrug;Lelystad;6,3;1,8;2,5;0,8;0,0;0,0
FL_IJM;NL:Q:49000800;Vlieterbrug;Lelystad;1,6;5,4;0,8;1,1;0,0;0,0
FL_IJM;NL:Q:49000850;Kwikstraat;Lelystad;2,2;0,5;0,2;0,0;0,0;0,0
FL_IJM;NL:Q:49001020;Hondsdraf;Lelystad;0,5;0,1;0,0;0,0;0,0;0,0
FL_IJM;NL:Q:49001210;Houtribweg;Lelystad;5,5;0,5;0,2;0,1;0,4;0,1
FL_IJM;NL:Q:49001220;Houtribweg;Lelystad;0,6;10,4;0,2;1,2;0,1;1,2
FL_IJM;NL:Q:49003300;De Hoven;Lelystad;7,3;1,0;0,9;0,1;0,7;0,3
FL_IJM;NL:Q:49003320;De Hoven;Lelystad;0,8;15,2;0,1;1,8;0,2;1,3
FL_IJM;NL:Q:49004500;De Rietlanden;Lelystad;3,9;22,9;0,8;3,2;0,7;2,1
FL_IJM;NL:Q:49004550;De Rietlanden;Lelystad;21,2;8,3;2,9;0,8;1,7;0,7
FL_IJM;NL:Q:49005010;Station Centrum;Lelystad;307,9;342,3;128,1;109,9;74,0;58,0
FL_IJM;NL:Q:49005020;Station Centrum;Lelystad;31,5;10,2;11,7;2,7;0,0;0,0
FL_IJM;NL:Q:49005030;Station Centrum;Lelystad;299,4;226,6;113,4;83,6;69,4;96,3
FL_IJM;NL:Q:49005150;Vestebrug;Lelystad;2,9;1,8;0,7;0,7;0,0;0,0
FL_IJM;NL:Q:49005200;Vestebrug;Lelystad;1,1;2,8;0,2;0,4;0,0;0,0
FL_IJM;NL:Q:49005250;Schansbrug;Lelystad;0,9;2,4;0,2;0,2;0,0;0,0
FL_IJM;NL:Q:49005300;Schansbrug;Lelystad;1,6;1,5;0,2;0,1;0,0;0,0
FL_IJM;NL:Q:49005400;Oostranddreef;Lelystad;1,0;0,5;0,0;0,0;0,0;0,0
FL_IJM;NL:Q:49005500;Runderweg;Lelystad;1,2;1,1;0,0;0,0;0,0;0,0
FL_IJM;NL:Q:49005950;Crematorium;Lelystad;1,0;0,1;1,4;0,3;0,0;0,0
FL_IJM;NL:Q:49006500;Crematorium;Lelystad;0,3;1,7;0,2;1,9;0,0;0,0
FL_IJM;NL:Q:49006800;Pekstraat;Lelystad;0,1;2,7;0,0;0,4;0,0;0,0
FL_IJM;NL:Q:49006850;Pekstraat;Lelystad;1,4;0,2;0,3;0,0;0,0;0,0
FL_IJM;NL:Q:49008850;Larserpoort;Lelystad;17,6;4,3;1,3;0,2;1,0;0,2
FL_IJM;NL:Q:49111010;Natuurpark;Lelystad;3,1;1,6;1,5;0,4;0,9;0,4
FL_IJM;NL:Q:49111020;Larserpoort;Lelystad;3,2;16,7;0,3;3,0;0,3;1,8
FL_IJM;NL:Q:49130010;Zeeasterpad;Lelystad;0,5;0,3;0,0;0,0;0,0;0,0
FL_IJM;NL:Q:49130020;Runderweg;Lelystad;0,1;2,1;0,0;0,0;0,0;0,0
FL_IJM;NL:Q:49140010;Steenstraat;Lelystad;15,7;0,7;1,8;0,1;0,0;0,0
FL_IJM;NL:Q:49140020;Steenstraat;Lelystad;1,0;20,5;0,1;2,2;0,0;0,0
FL_IJM;NL:Q:49140050;Edelhertweg;Lelystad;0,6;0,0;0,0;0,0;0,0;0,0
FL_IJM;NL:Q:49140060;Kwikstraat;Lelystad;0,4;2,6;0,1;0,2;0,0;0,0
FL_IJM;NL:Q:49210010;Vogelweg;Lelystad;2,8;5,3;0,8;0,3;0,5;0,2
FL_IJM;NL:Q:49210020;Natuurpark;Lelystad;1,3;3,0;0,3;1,2;0,2;1,0
FL_IJM;NL:Q:49210040;Eendenweg;Lelystad;4,4;12,6;1,9;12,7;0,9;8,4
FL_IJM;NL:Q:49210050;Eendenweg;Lelystad;10,2;4,1;11,2;2,1;7,6;0,7
FL_IJM;NL:Q:49230010;Lisdoddepad;Dronten;0,1;0,0;0,0;0,0;0,0;0,0
FL_IJM;NL:Q:49230020;Zeeasterpad;Lelystad;0,2;0,1;0,0;0,0;0,0;0,0
FL_IJM;NL:Q:49240010;Proefstation;Lelystad;0,6;0,0;0,0;0,0;0,0;0,0
FL_IJM;NL:Q:49240020;Proefstation;Lelystad;0,0;0,6;0,0;0,0;0,0;0,0
FL_IJM;NL:Q:49240030;Klokbekerweg;Lelystad;0,6;0,0;0,2;0,0;0,0;0,0
FL_IJM;NL:Q:49240040;Klokbekerweg;Lelystad;0,0;0,7;0,0;0,2;0,0;0,0
FL_IJM;NL:Q:49240050;Vuursteenweg;Swifterbant;0,1;0,0;0,1;0,0;0,0;0,0
FL_IJM;NL:Q:49240060;Edelhertweg;Lelystad;0,0;0,5;0,0;0,0;0,0;0,0
FL_IJM;NL:Q:49310010;Gooiseweg;Zeewolde;1,1;0,2;0,3;0,0;0,2;0,1
FL_IJM;NL:Q:49310020;Vogelweg;Lelystad;4,1;2,9;0,3;0,9;0,2;0,8
FL_IJM;NL:Q:49330010;Roodbeenweg;Dronten;0,0;0,0;0,0;0,0;0,0;0,0
FL_IJM;NL:Q:49330020;Roodbeenweg;Dronten;0,0;0,0;0,0;0,0;0,0;0,0
FL_IJM;NL:Q:49330030;Lisdoddeweg;Dronten;0,0;0,0;0,0;0,0;0,0;0,0
FL_IJM;NL:Q:49330050;Rietweg;Dronten;0,9;0,7;0,0;0,0;0,0;0,0
FL_IJM;NL:Q:49330060;Lisdoddepad;Dronten;0,0;0,1;0,0;0,0;0,0;0,0
FL_IJM;NL:Q:49340010;Bloemenwijk;Swifterbant;56,8;35,9;12,8;8,8;10,2;8,8
FL_IJM;NL:Q:49340020;Bloemenwijk;Swifterbant;35,5;49,1;4,1;7,6;0,0;0,0
FL_IJM;NL:Q:49340040;Industrieweg;Swifterbant;1,4;2,1;0,0;0,5;0,0;0,0
FL_IJM;NL:Q:49340050;Industrieweg;Swifterbant;1,5;1,7;0,5;0,2;0,7;0,2
FL_IJM;NL:Q:49340060;Rivierduinweg;Swifterbant;0,0;1,0;0,2;3,2;0,0;0,0
FL_IJM;NL:Q:49340070;Rivierduinweg;Swifterbant;0,5;0,0;2,3;0,4;0,0;0,0
FL_IJM;NL:Q:49340080;De Lange Streek;Swifterbant;46,9;50,6;13,8;12,2;0,0;0,0
FL_IJM;NL:Q:49340090;De Lange Streek;Swifterbant;64,2;55,1;17,4;16,8;11,0;13,5
FL_IJM;NL:Q:49340100;Tarpanweg;Swifterbant;0,1;1,5;0,0;0,8;0,0;0,0
FL_IJM;NL:Q:49340120;Vuursteenweg;Swifterbant;0,0;0,0;0,0;0,1;0,0;0,0
FL_IJM;NL:Q:49340140;Het Blazoen;Swifterbant;2,8;1,2;0,0;0,0;0,0;0,0
FL_IJM;NL:Q:49410010;Sternweg;Zeewolde;0,4;1,0;0,4;1,2;0,4;0,6
FL_IJM;NL:Q:49410020;Gooiseweg;Zeewolde;0,1;1,9;0,1;0,5;0,1;0,3
FL_IJM;NL:Q:49430020;Melisse;Dronten;4,1;9,2;1,2;3,1;1,1;2,5
FL_IJM;NL:Q:49430050;De Haflinger;Dronten;2,8;0,2;0,0;0,0;0,0;0,0
FL_IJM;NL:Q:49430060;De Haflinger;Dronten;0,1;0,9;0,0;0,0;0,0;0,0
FL_IJM;NL:Q:49430070;Langstraat Zuid;Dronten;5,4;3,2;2,9;1,0;1,7;0,9
FL_IJM;NL:Q:49430080;Langstraat Zuid;Dronten;3,2;5,3;1,1;2,4;0,8;2,0
FL_IJM;NL:Q:49430110;Manege;Dronten;21,7;12,3;0,0;0,0;0,0;0,0
FL_IJM;NL:Q:49430120;Manege;Dronten;13,6;18,6;0,0;0,0;0,0;0,0
FL_IJM;NL:Q:49430130;De Ark;Dronten;10,9;3,2;4,4;1,3;3,0;0,9
FL_IJM;NL:Q:49430140;De Ark;Dronten;3,5;9,2;1,0;4,0;0,4;2,9
FL_IJM;NL:Q:49430150;Baskenstraat;Dronten;2,3;2,9;0,0;0,0;0,0;0,0
FL_IJM;NL:Q:49430200;Baskenstraat;Dronten;1,5;4,3;0,0;0,0;0,0;0,0
FL_IJM;NL:Q:49430210;Langstraat;Dronten;10,1;6,8;3,4;2,7;2,6;1,8
FL_IJM;NL:Q:49430220;Langstraat;Dronten;5,9;9,6;2,5;2,9;1,5;3,3
FL_IJM;NL:Q:49430250;De Boeg;Dronten;6,4;4,3;0,0;0,0;0,0;0,0
FL_IJM;NL:Q:49430260;Rietweg;Dronten;0,7;0,7;0,0;0,0;0,0;0,0
FL_IJM;NL:Q:49430300;De Boeg;Dronten;5,4;5,6;0,0;0,0;0,0;0,0
FL_IJM;NL:Q:49430310;De Ketting;Dronten;10,3;9,8;2,8;2,2;1,7;2,2
FL_IJM;NL:Q:49430320;De Ketting;Dronten;11,1;9,5;2,3;2,0;1,8;2,1
FL_IJM;NL:Q:49430393;Station;Dronten;1,9;0,2;0,0;0,0;0,0;0,0
FL_IJM;NL:Q:49430421;Station;Dronten;104,0;36,3;20,6;18,3;22,8;12,5
FL_IJM;NL:Q:49430422;Station;Dronten;140,8;214,7;33,7;31,0;25,9;24,8
FL_IJM;NL:Q:49430423;Station;Dronten;8,3;7,2;0,0;0,0;0,0;0,0
FL_IJM;NL:Q:49430425;Station;Dronten;215,0;159,1;0,0;0,0;0,0;0,0
FL_IJM;NL:Q:49430430;Dukaat;Dronten;1,5;1,1;0,0;0,0;0,3;0,3
FL_IJM;NL:Q:49430450;Het Spaarne;Dronten;7,3;4,2;1,2;0,2;1,0;0,2
FL_IJM;NL:Q:49430460;Dukaat;Dronten;1,8;4,5;0,0;0,0;0,0;0,0
FL_IJM;NL:Q:49430470;Rendierweg;Dronten;0,6;0,4;0,5;0,1;0,0;0,1
FL_IJM;NL:Q:49430480;Het Spaarne;Dronten;1,2;8,4;0,2;1,2;0,1;0,9
FL_IJM;NL:Q:49430490;Beiersgulden;Dronten;5,8;5,9;1,1;1,6;0,0;0,0
FL_IJM;NL:Q:49430500;Rendierweg;Dronten;0,2;0,6;0,0;0,5;0,0;0,1
FL_IJM;NL:Q:49430510;Eurosingel;Dronten;6,4;5,4;0,0;0,0;0,2;0,7
FL_IJM;NL:Q:49430520;Eurosingel;Dronten;7,6;11,8;0,0;0,0;0,0;0,0
FL_IJM;NL:Q:49430590;Aeres Hogeschool;Dronten;23,1;20,0;0,0;0,0;0,7;6,8
FL_IJM;NL:Q:49430600;Aeres Hogeschool;Dronten;19,2;31,2;0,0;0,0;0,0;0,0
FL_IJM;NL:Q:49430610;Beiersgulden;Dronten;2,3;2,3;0,7;1,3;0,6;1,0
FL_IJM;NL:Q:49430620;De Morgen;Dronten;6,4;5,0;0,0;0,0;0,0;0,0
FL_IJM;NL:Q:49430630;De Morgen;Dronten;4,5;6,3;0,0;0,0;0,0;0,0
FL_IJM;NL:Q:49430640;De Barrage;Dronten;2,1;6,1;0,0;0,0;0,0;0,0
FL_IJM;NL:Q:49430650;De Barrage;Dronten;6,2;7,5;0,0;0,0;0,0;0,0
FL_IJM;NL:Q:49430740;Meerpaal;Dronten;5,3;18,0;1,5;12,1;0,7;3,5
FL_IJM;NL:Q:49430750;Meerpaal;Dronten;20,4;7,5;10,7;2,7;3,7;1,6
FL_IJM;NL:Q:49430760;Centrum;Dronten;43,3;109,5;5,7;12,4;0,8;3,7
FL_IJM;NL:Q:49430770;Centrum;Dronten;69,2;16,7;11,9;6,9;6,4;3,8
FL_IJM;NL:Q:49440010;Elandweg;Swifterbant;0,0;0,0;0,0;0,0;0,0;0,0
FL_IJM;NL:Q:49440020;Elandweg;Swifterbant;0,0;0,1;0,0;0,1;0,0;0,0
FL_IJM;NL:Q:49440030;Tarpanweg;Swifterbant;1,7;0,1;0,8;0,1;1,0;0,1
FL_IJM;NL:Q:49480010;Reigerweg;Zeewolde;1,0;0,3;0,0;0,0;0,0;0,0
FL_IJM;NL:Q:49480020;Reigerweg;Zeewolde;0,3;1,7;0,0;0,0;0,0;0,0
FL_IJM;NL:Q:49490010;Slingerpad;Zeewolde;0,1;2,7;0,0;0,0;0,0;0,0
FL_IJM;NL:Q:49490020;Slingerpad;Zeewolde;2,1;0,1;0,0;0,0;0,0;0,0
FL_IJM;NL:Q:49490030;Nijkerkersluis;Zeewolde;0,6;1,4;0,0;0,0;0,0;0,0
FL_IJM;NL:Q:49490040;Nijkerkersluis;Zeewolde;2,6;0,4;0,0;0,0;0,0;0,0
FL_IJM;NL:Q:49490090;Flevo-Nat/Wielseweg;Zeewolde;0,0;0,0;0,0;0,0;0,0;0,0
FL_IJM;NL:Q:49490100;Flevo-Nat/Wielseweg;Zeewolde;0,0;0,0;0,0;0,1;0,0;0,0
FL_IJM;NL:Q:49510020;Harderhaven;Harderhaven;3,5;50,5;2,8;26,1;1,4;13,2
FL_IJM;NL:Q:49510030;Harderhaven;Harderhaven;49,3;4,4;25,6;4,0;13,4;2,1
FL_IJM;NL:Q:49510040;Harderbroek;Zeewolde;0,3;0,4;0,1;0,0;0,0;0,2
FL_IJM;NL:Q:49510080;Camping Flevostrand;Biddinghuizen;7,2;4,5;5,7;5,5;5,1;3,8
FL_IJM;NL:Q:49510100;Sternweg;Zeewolde;0,5;0,8;1,0;1,2;0,6;0,7
FL_IJM;NL:Q:49530010;Ketelweg;Dronten;0,3;0,4;0,0;0,0;0,0;0,0
FL_IJM;NL:Q:49530020;Hanzeweg 17;Dronten;0,1;0,4;0,0;0,0;0,0;0,0
FL_IJM;NL:Q:49530030;Hanzeweg 17;Dronten;3,1;0,2;0,0;0,0;0,0;0,0
FL_IJM;NL:Q:49560010;Palingweg;Biddinghuizen;0,0;0,7;0,0;0,1;0,0;0,1
FL_IJM;NL:Q:49560020;Palingweg;Biddinghuizen;0,6;0,0;0,1;0,0;0,1;0,0
FL_IJM;NL:Q:49560030;Garnaalweg;Dronten;0,1;0,1;0,0;0,0;0,0;0,0
FL_IJM;NL:Q:49560040;Garnaalweg;Dronten;0,1;0,0;0,1;0,1;0,2;0,0
FL_IJM;NL:Q:49560050;Botweg;Biddinghuizen;0,6;0,7;0,1;0,1;0,0;0,0
FL_IJM;NL:Q:49560070;Melisse;Dronten;10,1;3,9;3,8;1,3;2,8;1,3
FL_IJM;NL:Q:49580010;Dodaarsweg;Zeewolde;0,3;0,6;0,0;0,0;0,0;0,0
FL_IJM;NL:Q:49580020;Dodaarsweg;Zeewolde;0,7;0,5;0,0;0,0;0,0;0,0
FL_IJM;NL:Q:49590010;Nulderpad;Zeewolde;0,1;0,3;0,0;0,0;0,0;0,0
FL_IJM;NL:Q:49590020;Nulderpad;Zeewolde;0,2;0,1;0,0;0,0;0,0;0,0
FL_IJM;NL:Q:49613003;Zkh. Sint Jansdal;Harderwijk;1,2;11,9;0,0;0,2;0,0;0,1
FL_IJM;NL:Q:49613010;Selhorstweg;Harderwijk;10,4;52,5;7,8;19,9;4,6;8,1
FL_IJM;NL:Q:49613075;Burg. de Meesterstraat;Harderwijk;64,1;17,5;21,7;4,9;16,4;2,4
FL_IJM;NL:Q:49613076;Burg. de Meesterstraat;Harderwijk;14,1;56,7;3,6;22,3;1,9;14,9
FL_IJM;NL:Q:49613077;Dolfinarium;Harderwijk;74,6;30,9;57,3;38,6;31,0;25,4
FL_IJM;NL:Q:49613078;Dolfinarium;Harderwijk;23,1;64,0;27,0;61,2;18,5;27,4
FL_IJM;NL:Q:49613095;Zkh. Sint Jansdal;Harderwijk;7,4;1,7;0,4;0,0;0,2;0,0
FL_IJM;NL:Q:49613405;Plantage;Harderwijk;2,0;1,0;0,0;0,1;0,0;0,0
FL_IJM;NL:Q:49613406;Plantage;Harderwijk;0,7;2,6;0,0;0,0;0,0;0,1
FL_IJM;NL:Q:49613407;Centrum;Harderwijk;8,7;11,2;0,4;0,8;0,1;0,0
FL_IJM;NL:Q:49613408;Centrum;Harderwijk;11,5;6,4;0,9;0,2;0,2;0,1
FL_IJM;NL:Q:49613409;Selhorstweg;Harderwijk;38,7;9,1;12,8;4,3;6,7;3,1
FL_IJM;NL:Q:49613902;Station;Harderwijk;202,1;196,6;57,3;37,8;43,0;27,9
FL_IJM;NL:Q:49613903;Station;Harderwijk;382,4;352,4;97,8;110,4;65,0;78,1
FL_IJM;NL:Q:49613906;Station;Harderwijk;9,3;9,1;0,0;0,0;0,0;0,0
FL_IJM;NL:Q:49613907;Station;Harderwijk;287,1;245,8;182,3;135,6;124,4;104,3
FL_IJM;NL:Q:49630010;Camping Flevostrand;Biddinghuizen;4,9;8,5;6,9;6,0;4,5;3,0
FL_IJM;NL:Q:49630020;Bremerbergweg;Biddinghuizen;2,7;6,8;0,9;6,1;0,9;4,7
FL_IJM;NL:Q:49660010;Plein;Biddinghuizen;68,3;38,7;28,0;12,0;11,3;8,9
FL_IJM;NL:Q:49660020;Plein;Biddinghuizen;38,0;75,3;15,3;26,2;9,1;13,4
FL_IJM;NL:Q:49660030;Havenweg;Biddinghuizen;24,5;12,7;6,7;1,8;4,0;1,4
FL_IJM;NL:Q:49660040;Havenweg;Biddinghuizen;20,8;29,4;3,5;6,9;2,8;3,7
FL_IJM;NL:Q:49660050;Dreef;Biddinghuizen;25,8;24,8;5,4;9,0;3,1;5,1
FL_IJM;NL:Q:49660060;Botweg;Biddinghuizen;0,5;0,3;0,1;0,2;0,0;0,0
FL_IJM;NL:Q:49680010;Gruttoweg;Zeewolde;3,3;1,1;0,0;0,0;0,0;0,0
FL_IJM;NL:Q:49680020;Gruttoweg;Zeewolde;1,0;3,2;0,0;0,0;0,0;0,0
FL_IJM;NL:Q:49690010;Harderbroek;Zeewolde;0,4;0,5;0,2;0,3;0,1;0,2
FL_IJM;NL:Q:49700010;De Eemhof;Zeewolde;0,0;0,2;0,0;0,3;0,1;0,4
FL_IJM;NL:Q:49700020;De Eemhof;Zeewolde;0,2;0,0;0,4;0,0;0,5;0,1
FL_IJM;NL:Q:49730010;Alikruikweg;Biddinghuizen;4,7;3,1;0,7;1,3;0,4;0,8
FL_IJM;NL:Q:49730020;Alikruikweg;Biddinghuizen;2,9;4,2;1,3;0,6;0,8;0,6
FL_IJM;NL:Q:49730030;Bremerbergweg;Biddinghuizen;0,7;0,6;2,3;0,6;2,1;0,3
FL_IJM;NL:Q:49730040;Dreef;Biddinghuizen;20,4;28,8;7,2;4,9;4,5;2,4
FL_IJM;NL:Q:49730050;Bremerbergweg;Biddinghuizen;5,5;3,2;3,5;1,4;3,2;0,9
FL_IJM;NL:Q:49730060;Bremerbergweg;Biddinghuizen;0,3;1,4;0,2;1,6;0,1;1,3
FL_IJM;NL:Q:49790020;Overloop;Zeewolde;40,5;31,0;0,0;0,0;0,0;0,0
FL_IJM;NL:Q:49790030;Langezand;Zeewolde;3,9;22,1;1,4;12,2;1,1;5,8
FL_IJM;NL:Q:49790040;Kwartiermakerslaan;Zeewolde;13,3;89,2;1,2;31,2;0,5;19,8
FL_IJM;NL:Q:49790050;Oostergo;Zeewolde;3,9;18,4;3,6;7,5;3,5;5,6
FL_IJM;NL:Q:49790060;Naarderweg;Zeewolde;34,5;23,6;0,1;0,0;0,2;0,0
FL_IJM;NL:Q:49790070;Centrum;Zeewolde;16,4;33,8;12,4;17,6;6,9;9,6
FL_IJM;NL:Q:49790090;Kluunpad;Zeewolde;24,2;21,0;0,0;0,0;0,0;0,0
FL_IJM;NL:Q:49790100;NCC;Zeewolde;0,2;0,3;0,0;0,0;0,0;0,0
FL_IJM;NL:Q:49790110;Horsterweg;Zeewolde;35,0;23,2;0,0;0,0;0,0;0,0
FL_IJM;NL:Q:49790111;Fluitekruid;Zeewolde;19,3;14,7;8,9;9,3;7,5;6,9
FL_IJM;NL:Q:49790120;Centrum;Zeewolde;24,6;12,5;0,0;0,0;0,0;0,0
FL_IJM;NL:Q:49790121;Gildenveld;Zeewolde;0,6;0,9;3,0;1,6;1,7;0,7
FL_IJM;NL:Q:49790130;Oostergo;Zeewolde;15,1;2,8;0,0;0,0;0,0;0,0
FL_IJM;NL:Q:49790131;De Verbeelding;Zeewolde;21,8;19,7;9,8;9,4;6,9;5,6
FL_IJM;NL:Q:49790141;Kastanjelaan;Zeewolde;1,0;1,6;3,9;2,5;2,4;2,4
FL_IJM;NL:Q:49790150;Langezand;Zeewolde;16,8;2,0;0,0;0,0;0,0;0,0
FL_IJM;NL:Q:49790160;RCN-Dasselaarweg;Zeewolde;0,6;1,1;0,0;0,0;0,0;0,0
FL_IJM;NL:Q:49790170;RCN-Dasselaarweg;Zeewolde;0,8;0,7;0,0;0,0;0,0;0,0
FL_IJM;NL:Q:49790181;RCN-Eikenlaan;Zeewolde;3,3;1,1;0,5;2,2;1,1;1,1
FL_IJM;NL:Q:49790190;NCC;Zeewolde;0,1;0,2;0,0;0,0;0,0;0,0
FL_IJM;NL:Q:49790200;Klein Hoefblad;Zeewolde;57,0;58,2;0,0;0,0;0,0;0,0
FL_IJM;NL:Q:49790210;Mast;Zeewolde;20,2;37,4;0,1;0,0;0,4;0,3
FL_IJM;NL:Q:49790220;Naarderweg;Zeewolde;28,9;34,0;11,1;5,0;6,8;3,4
FL_IJM;NL:Q:49790230;Gildenveld;Zeewolde;0,0;0,0;0,0;0,0;0,0;0,0
FL_IJM;NL:Q:49790250;Bolwerk;Zeewolde;1,6;9,3;0,0;0,0;0,0;0,0
FL_IJM;NL:Q:49790260;Bolwerk;Zeewolde;9,2;0,8;0,0;0,0;0,0;0,0
FL_IJM;NL:Q:49790270;Trekkersveld;Zeewolde;8,1;5,8;0,0;0,0;0,0;0,0
FL_IJM;NL:Q:49790280;Trekkersveld;Zeewolde;5,9;7,5;0,0;0,0;0,0;0,0
FL_IJM;NL:Q:49790290;RCN-Eikenlaan;Zeewolde;0,6;1,9;0,0;0,0;0,0;0,0
FL_IJM;NL:Q:49790310;Industrieweg;Zeewolde;4,2;6,9;0,0;0,0;0,0;0,0
FL_IJM;NL:Q:49790320;Industrieweg;Zeewolde;5,6;7,3;0,0;0,0;0,0;0,0
FL_IJM;NL:Q:49790330;De Verbeelding;Zeewolde;16,1;15,8;0,0;0,0;0,0;0,0
FL_IJM;NL:Q:49790340;Overloop;Zeewolde;37,9;42,8;10,9;10,3;7,5;7,3
FL_IJM;NL:Q:49790350;Fluitekruid;Zeewolde;12,7;15,4;0,0;0,0;0,0;0,0
FL_IJM;NL:Q:49790360;Mast;Zeewolde;35,2;14,4;6,4;1,0;3,7;0,7
FL_IJM;NL:Q:49790380;Horsterweg;Zeewolde;28,0;32,1;9,7;7,6;5,9;6,1
FL_IJM;NL:Q:49790400;Klein Hoefblad;Zeewolde;63,5;53,5;22,5;11,1;12,2;7,3
FL_IJM;NL:Q:49790410;Schollevaar;Zeewolde;1,0;0,5;0,0;0,0;0,0;0,0
FL_IJM;NL:Q:49790420;Kluunpad;Zeewolde;20,9;24,1;0,0;0,0;0,0;0,0
FL_IJM;NL:Q:49790440;Schollevaar;Zeewolde;0,5;0,9;0,0;0,0;0,0;0,0
FL_IJM;NL:Q:49790480;Kwartiermakerslaan;Zeewolde;72,3;12,5;23,8;1,0;14,1;0,6
FL_IJM;NL:Q:49790490;Horsterweg;Zeewolde;10,9;25,3;0,0;0,0;0,0;0,0
FL_IJM;NL:Q:49790520;Horsterweg;Zeewolde;27,0;20,0;0,0;0,0;0,0;0,0
FL_IJM;NL:Q:49810010;Walibi Holland;Biddinghuizen;94,7;114,1;105,5;144,3;81,0;95,6
FL_IJM;NL:Q:50423020;GSG Arnhemseweg;Amersfoort;0,0;3,9;0,0;0,0;0,0;0,0
FL_IJM;NL:Q:50423040;GSG Paladijnenweg;Amersfoort;0,0;4,1;0,0;0,0;0,0;0,0
FL_IJM;NL:Q:50423050;GSG Paladijnenweg;Amersfoort;3,7;0,0;0,0;0,0;0,0;0,0
FL_IJM;NL:Q:50423320;GSG Arnhemseweg;Amersfoort;1,4;0,0;0,0;0,0;0,0;0,0
FL_IJM;NL:Q:50630280;Berencamperweg;Nijkerk;1,2;2,3;0,0;0,0;0,0;0,0
FL_IJM;NL:Q:50630290;Berencamperweg;Nijkerk;0,4;3,2;0,0;0,0;0,0;0,0
FL_IJM;NL:Q:50637008;Station;Nijkerk;138,3;149,8;0,0;0,0;0,0;0,0
FL_IJM;NL:Q:50637011;Zilverschoon;Nijkerk;2,3;6,7;0,0;0,0;0,0;0,0
FL_IJM;NL:Q:50637012;Zilverschoon;Nijkerk;6,9;2,4;0,0;0,0;0,0;0,0
FL_IJM;NL:Q:58520010;Busstation 't Oor;Almere Stad;0,0;0,0;0,1;0,0;0,1;0,1
FL_IJM;NL:Q:58610060;Vogelweg;Almere Hout;3,5;2,6;0,2;0,0;0,2;0,0
FL_IJM;NL:Q:58610080;Kasteel;Almere Stad;0,0;0,0;0,0;0,0;0,0;0,0
FL_IJM;NL:Q:58610090;Veluwsekant;Almere Stad;0,1;0,0;0,1;0,1;0,0;0,1
FL_IJM;NL:Q:58610100;Veluwsekant;Almere Stad;10,5;13,3;0,0;0,0;0,1;0,1
FL_IJM;NL:Q:58610110;De Kemphaan;Almere Hout;13,8;1,7;0,2;0,0;0,2;0,0
FL_IJM;NL:Q:58610120;De Kemphaan;Almere Hout;2,1;27,1;0,0;0,2;0,0;0,1
FL_IJM;NL:Q:58650050;Stedenwijk Zuid;Almere Stad;0,0;0,0;0,0;0,1;0,1;0,1
FL_IJM;NL:Q:58650150;Stedenwijk Midden;Almere Stad;0,0;0,0;0,1;0,0;0,0;0,0
FL_IJM;NL:Q:58650200;Stedenwijk Zuid;Almere Stad;0,0;0,0;0,1;0,0;0,0;0,1
FL_IJM;NL:Q:58650300;Stedenwijk Midden;Almere Stad;0,0;0,0;0,0;0,0;0,1;0,0
FL_IJM;NL:Q:58650330;Greta Garboplantsoen;Almere Stad;11,4;1,1;0,0;0,0;0,0;0,0
FL_IJM;NL:Q:58650340;Greta Garboplantsoen;Almere Stad;0,3;10,8;0,0;0,0;0,0;0,0
FL_IJM;NL:Q:58650350;Passage;Almere Stad;0,0;0,0;0,1;0,0;0,1;0,0
FL_IJM;NL:Q:58650360;Passage;Almere Stad;0,0;0,0;0,0;0,2;0,1;0,1
FL_IJM;NL:Q:58650370;Flevoziekenhuis;Almere Stad;31,1;3,4;0,0;0,0;0,0;0,0
FL_IJM;NL:Q:58650380;Flevoziekenhuis;Almere Stad;0,3;33,5;0,0;0,0;0,0;0,0
FL_IJM;NL:Q:58650430;Stadhuisplein;Almere Stad;28,1;12,9;0,3;0,0;0,1;0,0
FL_IJM;NL:Q:58650440;Stadhuisplein;Almere Stad;6,7;29,7;0,0;0,1;0,0;0,2
FL_IJM;NL:Q:58650590;Romy Schneiderweg;Almere Stad;2,2;1,2;0,0;0,0;0,0;0,0
FL_IJM;NL:Q:58650600;Romy Schneiderweg;Almere Stad;0,1;1,3;0,0;0,0;0,0;0,0
FL_IJM;NL:Q:58650610;Bunuellaan;Almere Stad;5,2;2,4;0,0;0,0;0,0;0,0
FL_IJM;NL:Q:58650620;Bunuellaan;Almere Stad;0,1;2,6;0,0;0,0;0,0;0,0
FL_IJM;NL:Q:58650640;Walt Disneyplantsoen;Almere Stad;0,2;6,2;0,0;0,0;0,0;0,0
FL_IJM;NL:Q:58650930;;;0,0;0,0;0,1;0,1;0,0;0,1
FL_IJM;NL:Q:58650950;Veluwsekant;Almere Stad;12,9;11,8;0,0;0,0;0,0;0,0
FL_IJM;NL:Q:58650970;Kasteel;Almere Stad;0,0;0,0;0,0;0,0;0,0;0,0
FL_IJM;NL:Q:58655010;Station Centrum;Almere Stad;28,0;67,0;0,5;0,6;0,6;1,1
FL_IJM;NL:Q:58655070;Station Centrum;Almere Stad;0,2;0,2;0,3;0,0;0,7;0,6
FL_IJM;NL:Q:58655110;Station Centrum;Almere Stad;123,1;50,5;0,0;0,0;0,0;0,0
FL_IJM;NL:Q:58655610;Walt Disneyplantsoen;Almere Stad;8,7;5,2;0,0;0,0;0,0;0,0
FL_IJM;NL:Q:58710010;Vogelweg;Almere Hout;0,0;0,0;0,0;0,3;0,0;0,2
FL_IJM;NL:Q:58710020;Vogelweg;Almere Hout;2,0;3,3;0,0;0,0;0,0;0,0
FL_IJM;NL:Q:58710021;Stichtse Brug;Almere Hout;0,0;0,0;0,0;0,0;0,0;0,0
FL_IJM;NL:Q:58710040;Paradijsvogelweg;Almere Hout;3,8;0,9;0,0;0,0;0,0;0,0
FL_IJM;NL:Q:58710050;Paradijsvogelweg;Almere Hout;0,8;4,1;0,0;0,0;0,0;0,0
FL_IJM;NL:Q:58710100;Nachtegaallaan;Almere Hout;32,2;0,8;0,0;0,0;0,0;0,0
FL_IJM;NL:Q:58710110;Nachtegaallaan;Almere Hout;0,9;32,1;0,0;0,0;0,0;0,0
FL_IJM;NL:Q:59700010;Stichtse Brug;Almere Hout;0,0;0,0;0,0;0,0;0,0;0,0
LLS;NL:Q:49000010;Bouwweg;Lelystad;8,1;13,8;1,3;3,0;0,6;0,8
LLS;NL:Q:49000020;Atolplaza;Lelystad;15,1;15,6;4,9;4,8;2,8;2,4
LLS;NL:Q:49000030;Atolplaza;Lelystad;15,1;15,6;4,9;4,8;2,8;2,4
LLS;NL:Q:49000040;Ziekenhuis;Lelystad;18,8;34,3;9,6;18,9;3,3;7,4
LLS;NL:Q:49000050;Lelycentre;Lelystad;85,1;70,6;41,9;36,8;17,0;14,9
LLS;NL:Q:49000060;Rotondebrug;Lelystad;15,4;7,1;3,9;2,8;3,0;2,5
LLS;NL:Q:49000070;Rotondebrug;Lelystad;15,4;7,1;3,9;2,8;3,0;2,5
LLS;NL:Q:49000080;Politiebrug;Lelystad;6,0;5,8;1,6;1,7;0,8;0,7
LLS;NL:Q:49000101;Lelycentre;Lelystad;85,1;70,6;41,9;36,8;17,0;14,9
LLS;NL:Q:49000110;Plantagebrug;Lelystad;13,4;12,0;6,9;6,7;2,9;3,0
LLS;NL:Q:49000120;Plantagebrug;Lelystad;13,4;12,0;6,9;6,7;2,9;3,0
LLS;NL:Q:49000130;Zwembad De Koploper;Lelystad;4,7;5,4;5,7;5,5;1,9;1,2
LLS;NL:Q:49000140;Zwembad De Koploper;Lelystad;4,7;5,4;5,7;5,5;1,9;1,2
LLS;NL:Q:49000150;Oostkaap;Lelystad;10,4;9,1;5,0;4,4;2,1;1,7
LLS;NL:Q:49000162;Oostkaap;Lelystad;10,4;9,1;5,0;4,4;2,1;1,7
LLS;NL:Q:49000170;Centrumbrug;Lelystad;11,6;12,1;7,5;8,0;6,3;7,2
LLS;NL:Q:49000171;Centrumbrug;Lelystad;11,6;12,1;7,5;8,0;6,3;7,2
LLS;NL:Q:49000180;Oostvaardersbrug;Lelystad;27,5;25,8;13,3;12,9;6,9;6,8
LLS;NL:Q:49000220;Bingerden;Lelystad;19,6;20,1;5,1;7,1;3,5;4,1
LLS;NL:Q:49000240;Vecht;Lelystad;19,7;20,6;9,0;9,2;4,4;3,9
LLS;NL:Q:49000250;Vecht;Lelystad;19,7;20,6;9,0;9,2;4,4;3,9
LLS;NL:Q:49000280;Gooisebrug;Lelystad;11,4;43,8;3,3;9,6;1,7;5,5
LLS;NL:Q:49000290;Schouwbrug;Lelystad;0,8;1,8;0,3;0,8;0,1;0,3
LLS;NL:Q:49000300;Schouwbrug;Lelystad;0,8;1,8;0,3;0,8;0,1;0,3
LLS;NL:Q:49000310;Rijnland;Lelystad;2,4;17,8;1,9;6,8;0,5;2,5
LLS;NL:Q:49000320;Bongerd;Lelystad;17,3;16,2;7,8;7,7;4,1;4,8
LLS;NL:Q:49000330;Bongerd;Lelystad;17,3;16,2;7,8;7,7;4,1;4,8
LLS;NL:Q:49000340;Botterbrug;Lelystad;1,9;2,8;0,7;1,2;0,5;1,3
LLS;NL:Q:49000350;Botterbrug;Lelystad;1,9;2,8;0,7;1,2;0,5;1,3
LLS;NL:Q:49000370;Reygersbeek;Lelystad;10,6;4,1;12,8;6,0;10,1;4,9
LLS;NL:Q:49000380;Eaglelaan;Lelystad;1,4;1,6;0,4;0,3;0,0;0,0
LLS;NL:Q:49000400;Albatroslaan;Lelystad;3,0;1,6;0,8;0,5;0,0;0,0
LLS;NL:Q:49000430;Oostrandbrug;Lelystad;0,3;0,3;0,2;0,2;0,0;0,0
LLS;NL:Q:49000440;Val van Urk;Lelystad;22,4;23,1;11,9;11,8;5,2;6,3
LLS;NL:Q:49000450;Val van Urk;Lelystad;22,4;23,1;11,9;11,8;5,2;6,3
LLS;NL:Q:49000470;Oostrandbrug;Lelystad;0,3;0,3;0,2;0,2;0,0;0,0
LLS;NL:Q:49000520;Houtribhoogte;Lelystad;0,7;0,5;0,2;0,3;0,0;0,0
LLS;NL:Q:49000530;Schroefstraat;Lelystad;3,9;4,7;1,2;1,3;0,5;0,8
LLS;NL:Q:49000540;Schroefstraat;Lelystad;3,9;4,7;1,2;1,3;0,5;0,8
LLS;NL:Q:49000550;Langezand;Lelystad;8,3;6,7;4,1;4,1;2,1;1,8
LLS;NL:Q:49000560;Langezand;Lelystad;8,3;6,7;4,1;4,1;2,1;1,8
LLS;NL:Q:49000570;Parkhaven;Lelystad;0,3;0,3;0,1;0,1;0,0;0,0
LLS;NL:Q:49000580;Parkhaven;Lelystad;0,3;0,3;0,1;0,1;0,0;0,0
LLS;NL:Q:49000600;Werkeiland;Lelystad;5,3;10,9;3,8;7,3;2,5;3,9
LLS;NL:Q:49000610;Werkeiland;Lelystad;5,3;10,9;3,8;7,3;2,5;3,9
LLS;NL:Q:49000620;Monnickendamstraat;Lelystad-Haven;55,8;68,4;25,8;34,0;11,6;15,0
LLS;NL:Q:49000630;Lemmerkade;Lelystad-Haven;24,0;11,7;15,0;7,8;7,4;3,3
LLS;NL:Q:49000640;Hondsdraf;Lelystad;0,1;0,1;0,1;0,0;0,0;0,0
LLS;NL:Q:49000660;Lemmerkade;Lelystad-Haven;24,0;11,7;15,0;7,8;7,4;3,3
LLS;NL:Q:49000670;Ringdijk;Lelystad-Haven;90,4;82,7;53,0;51,2;24,7;27,4
LLS;NL:Q:49000700;Houtribhoogte;Lelystad;0,7;0,5;0,2;0,3;0,0;0,0
LLS;NL:Q:49000710;Warande;Lelystad;5,8;5,7;3,2;3,1;1,0;1,1
LLS;NL:Q:49000720;Warande;Lelystad;5,8;5,7;3,2;3,1;1,0;1,1
LLS;NL:Q:49000730;H. Bekiusschool - De Rede;Lelystad;3,9;2,9;0,0;0,0;0,0;0,0
LLS;NL:Q:49000750;Vlieterbrug;Lelystad;15,7;16,2;7,8;9,8;5,5;7,1
LLS;NL:Q:49000760;Boterbloemhof;Lelystad;21,5;19,4;9,1;8,1;4,0;4,0
LLS;NL:Q:49000800;Vlieterbrug;Lelystad;15,7;16,2;7,8;9,8;5,5;7,1
LLS;NL:Q:49000830;Golfparkbrug;Lelystad;0,2;0,1;0,2;0,2;0,0;0,0
LLS;NL:Q:49000870;Houtribsluis;Lelystad;0,3;0,3;1,0;0,9;0,0;0,0
LLS;NL:Q:49000900;Parlaan;Lelystad;0,2;0,4;0,2;0,3;0,0;0,0
LLS;NL:Q:49000910;Parlaan;Lelystad;0,2;0,4;0,2;0,3;0,0;0,0
LLS;NL:Q:49000940;Bronsweg;Lelystad;0,1;0,1;0,1;0,0;0,0;0,0
LLS;NL:Q:49000950;Bronsweg;Lelystad;0,1;0,1;0,1;0,0;0,0;0,0
LLS;NL:Q:49000960;Beginweg;Lelystad;0,0;0,1;0,0;0,0;0,0;0,0
LLS;NL:Q:49000970;Beginweg;Lelystad;0,0;0,1;0,0;0,0;0,0;0,0
LLS;NL:Q:49000980;Jagersveld;Lelystad;0,4;0,2;0,0;0,1;0,0;0,0
LLS;NL:Q:49000990;Jagersveld;Lelystad;0,4;0,2;0,0;0,1;0,0;0,0
LLS;NL:Q:49001000;Buitenhof;Lelystad;2,1;1,7;0,6;0,5;0,0;0,0
LLS;NL:Q:49001020;Hondsdraf;Lelystad;0,1;0,1;0,1;0,0;0,0;0,0
LLS;NL:Q:49001210;Houtribweg;Lelystad;1,5;0,3;0,1;0,2;0,0;0,0
LLS;NL:Q:49001220;Houtribweg;Lelystad;1,5;0,3;0,1;0,2;0,0;0,0
LLS;NL:Q:49001440;Geulbrug;Lelystad;5,5;4,9;2,2;2,3;0,9;1,0
LLS;NL:Q:49001450;Geulbrug;Lelystad;5,5;4,9;2,2;2,3;0,9;1,0
LLS;NL:Q:49001540;Gorsbrug;Lelystad;4,9;4,7;1,3;1,3;0,6;0,7
LLS;NL:Q:49001550;Gorsbrug;Lelystad;4,9;4,7;1,3;1,3;0,6;0,7
LLS;NL:Q:49001650;Agora;Lelystad;24,8;43,7;8,3;10,8;5,6;7,3
LLS;NL:Q:49001680;Salland;Lelystad;16,0;0,7;4,8;0,2;2,0;0,3
LLS;NL:Q:49001700;Agora;Lelystad;24,8;43,7;8,3;10,8;5,6;7,3
LLS;NL:Q:49001730;Veluwezoom;Lelystad;13,6;15,6;4,6;5,2;2,0;2,4
LLS;NL:Q:49001740;Veluwezoom;Lelystad;13,6;15,6;4,6;5,2;2,0;2,4
LLS;NL:Q:49001750;Baronie;Lelystad;13,7;11,7;5,6;5,2;2,6;2,7
LLS;NL:Q:49001760;Baronie;Lelystad;13,7;11,7;5,6;5,2;2,6;2,7
LLS;NL:Q:49001840;Hanzepark;Lelystad;0,0;0,0;0,0;0,0;0,0;0,0
LLS;NL:Q:49001850;Hanzepark;Lelystad;0,0;0,0;0,0;0,0;0,0;0,0
LLS;NL:Q:49002300;Jol West;Lelystad;7,7;7,0;4,3;4,2;1,6;1,4
LLS;NL:Q:49002310;Jol West;Lelystad;7,7;7,0;4,3;4,2;1,6;1,4
LLS;NL:Q:49002400;Winkelcentrum Jol;Lelystad;45,6;42,8;23,4;21,7;9,1;9,8
LLS;NL:Q:49002410;Winkelcentrum Jol;Lelystad;45,6;42,8;23,4;21,7;9,1;9,8
LLS;NL:Q:49002500;Punter Zuid;Lelystad;0,5;10,9;0,5;6,5;0,1;2,7
LLS;NL:Q:49002510;Punter Zuid;Lelystad;0,5;10,9;0,5;6,5;0,1;2,7
LLS;NL:Q:49002600;Punter;Lelystad;24,4;17,0;13,7;9,0;6,2;5,0
LLS;NL:Q:49002610;Punter;Lelystad;24,4;17,0;13,7;9,0;6,2;5,0
LLS;NL:Q:49002700;Gondel Noord;Lelystad;10,7;11,2;5,5;6,4;1,7;2,4
LLS;NL:Q:49002710;Gondel Noord;Lelystad;10,7;11,2;5,5;6,4;1,7;2,4
LLS;NL:Q:49002900;Winkelcentrum Kempenaar;Lelystad;1,1;1,5;0,0;0,0;0,0;0,0
LLS;NL:Q:49002910;Winkelcentrum Kempenaar;Lelystad;1,1;1,5;0,0;0,0;0,0;0,0
LLS;NL:Q:49003000;Kempenaar Midden;Lelystad;2,0;2,1;0,0;0,0;0,0;0,0
LLS;NL:Q:49003250;Ziekenhuis;Lelystad;18,8;34,3;9,6;18,9;3,3;7,4
LLS;NL:Q:49003300;De Hoven;Lelystad;6,3;34,2;2,0;13,5;1,1;6,7
LLS;NL:Q:49003320;De Hoven;Lelystad;6,3;34,2;2,0;13,5;1,1;6,7
LLS;NL:Q:49003360;'t Laar;Lelystad;1,6;1,7;5,3;1,2;0,8;0,9
LLS;NL:Q:49003370;'t Laar;Lelystad;1,6;1,7;5,3;1,2;0,8;0,9
LLS;NL:Q:49003500;Wold;Lelystad;14,9;14,5;7,6;11,8;4,1;4,5
LLS;NL:Q:49003510;Wold;Lelystad;14,9;14,5;7,6;11,8;4,1;4,5
LLS;NL:Q:49003600;Winkelcentrum Kamp;Lelystad;35,8;35,6;21,4;20,3;10,4;10,6
LLS;NL:Q:49003610;Winkelcentrum Kamp;Lelystad;35,8;35,6;21,4;20,3;10,4;10,6
LLS;NL:Q:49003700;Horst;Lelystad;11,3;9,7;6,0;5,8;2,7;2,5
LLS;NL:Q:49003710;Horst;Lelystad;11,3;9,7;6,0;5,8;2,7;2,5
LLS;NL:Q:49003900;Nienoord;Lelystad;20,0;18,4;8,2;8,5;4,9;4,9
LLS;NL:Q:49004000;Nienoord;Lelystad;20,0;18,4;8,2;8,5;4,9;4,9
LLS;NL:Q:49004110;Slotenlaan;Lelystad;31,0;26,1;17,3;16,4;7,4;8,0
LLS;NL:Q:49004120;Slotenlaan;Lelystad;31,0;26,1;17,3;16,4;7,4;8,0
LLS;NL:Q:49004240;Oostzeestraat;Lelystad;96,3;86,2;57,6;53,4;27,6;23,3
LLS;NL:Q:49004250;Oostzeestraat;Lelystad;96,3;86,2;57,6;53,4;27,6;23,3
LLS;NL:Q:49004270;Westhoven;Lelystad;5,9;5,4;2,4;1,4;1,4;1,2
LLS;NL:Q:49004340;Zwartezeestraat;Lelystad;34,8;32,3;15,1;14,5;6,2;5,9
LLS;NL:Q:49004350;Zwartezeestraat;Lelystad;34,8;32,3;15,1;14,5;6,2;5,9
LLS;NL:Q:49004410;Kempenaar Oost;Lelystad;0,0;1,6;0,0;0,0;0,0;0,0
LLS;NL:Q:49004500;De Rietlanden;Lelystad;12,9;11,6;1,3;1,6;0,6;1,4
LLS;NL:Q:49004510;Penitentiaire Inrichting;Lelystad;14,7;6,8;5,8;1,7;1,0;0,7
LLS;NL:Q:49004550;De Rietlanden;Lelystad;12,9;11,6;1,3;1,6;0,6;1,4
LLS;NL:Q:49004900;Bouwweg;Lelystad;8,1;13,8;1,3;3,0;0,6;0,8
LLS;NL:Q:49005010;Station Centrum;Lelystad;223,7;207,0;126,4;114,6;68,7;59,4
LLS;NL:Q:49005020;Station Centrum;Lelystad;223,7;207,0;126,4;114,6;68,7;59,4
LLS;NL:Q:49005030;Station Centrum;Lelystad;223,7;207,0;126,4;114,6;68,7;59,4
LLS;NL:Q:49005040;Station Centrum;Lelystad;223,7;207,0;126,4;114,6;68,7;59,4
LLS;NL:Q:49005050;Station Centrum;Lelystad;223,7;207,0;126,4;114,6;68,7;59,4
LLS;NL:Q:49005060;Station Centrum;Lelystad;223,7;207,0;126,4;114,6;68,7;59,4
LLS;NL:Q:49005070;Station Centrum;Lelystad;223,7;207,0;126,4;114,6;68,7;59,4
LLS;NL:Q:49005080;Station Centrum;Lelystad;223,7;207,0;126,4;114,6;68,7;59,4
LLS;NL:Q:49005150;Vestebrug;Lelystad;8,2;7,8;2,8;3,2;1,3;1,1
LLS;NL:Q:49005200;Vestebrug;Lelystad;8,2;7,8;2,8;3,2;1,3;1,1
LLS;NL:Q:49005250;Schansbrug;Lelystad;3,4;4,3;0,7;1,0;0,4;0,7
LLS;NL:Q:49005300;Schansbrug;Lelystad;3,4;4,3;0,7;1,0;0,4;0,7
LLS;NL:Q:49005350;Politiebrug;Lelystad;6,0;5,8;1,6;1,7;0,8;0,7
LLS;NL:Q:49005400;Oostranddreef;Lelystad;0,2;0,5;0,1;0,3;0,0;0,0
LLS;NL:Q:49005550;Karveelbrug;Lelystad;8,9;9,2;4,2;4,5;2,5;3,2
LLS;NL:Q:49005600;Karveelbrug;Lelystad;8,9;9,2;4,2;4,5;2,5;3,2
LLS;NL:Q:49005650;Kempenaarbrug;Lelystad;19,8;20,3;9,2;10,3;6,1;7,9
LLS;NL:Q:49005700;Kempenaarbrug;Lelystad;19,8;20,3;9,2;10,3;6,1;7,9
LLS;NL:Q:49005750;Boeierbrug;Lelystad;13,4;7,5;13,7;4,4;11,8;3,6
LLS;NL:Q:49005800;Boeierbrug;Lelystad;13,4;7,5;13,7;4,4;11,8;3,6
LLS;NL:Q:49005850;Bataviahaven;Lelystad;13,9;11,3;14,2;9,0;6,5;4,1
LLS;NL:Q:49005920;Batavia Stad;Lelystad;140,2;168,6;198,2;249,6;164,4;207,6
LLS;NL:Q:49006460;Gondel Zuid;Lelystad;15,8;16,1;8,9;8,7;3,5;3,6
LLS;NL:Q:49006470;Gondel Zuid;Lelystad;15,8;16,1;8,9;8,7;3,5;3,6
LLS;NL:Q:49007200;Vaartweg;Lelystad;18,9;19,9;4,7;4,4;0,7;1,0
LLS;NL:Q:49007250;Vaartweg;Lelystad;18,9;19,9;4,7;4,4;0,7;1,0
LLS;NL:Q:49007530;Galjoenbrug;Lelystad;3,1;3,6;1,0;1,8;0,4;0,8
LLS;NL:Q:49007540;Galjoenbrug;Lelystad;3,1;3,6;1,0;1,8;0,4;0,8
LLS;NL:Q:49007850;Tjalk/Groenhorst;Lelystad;7,4;8,5;2,2;3,1;0,9;1,7
LLS;NL:Q:49007860;Tjalk/Groenhorst;Lelystad;7,4;8,5;2,2;3,1;0,9;1,7
LLS;NL:Q:49007870;Winkelcentrum Tjalk;Lelystad;15,2;15,7;10,8;11,5;3,7;3,8
LLS;NL:Q:49007880;Winkelcentrum Tjalk;Lelystad;15,2;15,7;10,8;11,5;3,7;3,8
LLS;NL:Q:49008050;Winkelcentrum Botter;Lelystad;22,8;24,8;11,6;13,7;4,6;5,1
LLS;NL:Q:49008060;Winkelcentrum Botter;Lelystad;22,8;24,8;11,6;13,7;4,6;5,1
LLS;NL:Q:49008150;Schoener;Lelystad;13,9;11,1;7,6;6,1;2,5;2,1
LLS;NL:Q:49008160;Schoener;Lelystad;13,9;11,1;7,6;6,1;2,5;2,1
LLS;NL:Q:49008250;Stuwweg;Lelystad;10,5;14,4;1,7;2,5;1,2;1,4
LLS;NL:Q:49008260;Stuwweg;Lelystad;10,5;14,4;1,7;2,5;1,2;1,4
LLS;NL:Q:49008830;Palazzo;Lelystad;1,6;2,1;0,0;0,0;0,0;0,0
LLS;NL:Q:49008840;Palazzo;Lelystad;1,6;2,1;0,0;0,0;0,0;0,0
LLS;NL:Q:49009090;Duinbeek;Lelystad;28,5;28,7;7,1;8,3;3,3;4,5
LLS;NL:Q:49009095;Duinbeek;Lelystad;28,5;28,7;7,1;8,3;3,3;4,5
LLS;NL:Q:49110010;Airport Plaza;Lelystad;3,3;3,3;0,0;0,0;0,1;0,1
LLS;NL:Q:49110030;Aviodrome;Lelystad;1,1;1,4;0,0;0,0;0,0;0,0
LLS;NL:Q:49110240;Larserpoort;Lelystad;0,8;1,2;0,0;0,0;0,0;0,0
LLS;NL:Q:49110250;Larserpoort;Lelystad;0,8;1,2;0,0;0,0;0,0;0,0
LLS;NL:Q:49110280;Larserpoort;Lelystad;0,8;1,2;0,0;0,0;0,0;0,0
LLS;NL:Q:49110290;Larserpoort;Lelystad;0,8;1,2;0,0;0,0;0,0;0,0
LLS;NL:Q:49110300;Giant/Pascallaan;Lelystad;0,8;4,6;0,0;0,0;0,0;0,1
LLS;NL:Q:49110340;Omroep Flevoland;Lelystad;0,5;0,9;0,0;0,0;0,0;0,0
LLS;NL:Q:49110350;Omroep Flevoland;Lelystad;0,5;0,9;0,0;0,0;0,0;0,0
OV_IJM;NL:Q:16000030;Station;Meppel;25,6;3,8;0,0;0,0;0,0;0,0
OV_IJM;NL:Q:16000250;Station;Meppel;11,1;26,7;0,0;0,0;0,0;0,0
OV_IJM;NL:Q:16000600;Burg. Knopperslaan;Meppel;0,3;1,9;0,0;0,0;0,0;0,0
OV_IJM;NL:Q:16000610;Burg. Knopperslaan;Meppel;1,8;0,6;0,0;0,0;0,0;0,0
OV_IJM;NL:Q:16000710;Steenwijkerstraatweg;Meppel;0,6;0,9;0,0;0,0;0,0;0,0
OV_IJM;NL:Q:16000720;Steenwijkerstraatweg;Meppel;1,0;0,7;0,0;0,0;0,0;0,0
OV_IJM;NL:Q:16001010;Hugo de Grootstraat;Meppel;8,1;1,6;0,0;0,0;0,0;0,0
OV_IJM;NL:Q:16001020;Hugo de Grootstraat;Meppel;1,0;8,9;0,0;0,0;0,0;0,0
OV_IJM;NL:Q:16100010;Perceel 3;Nijeveen;0,2;11,3;0,0;0,0;0,0;0,0
OV_IJM;NL:Q:16100020;Perceel 3;Nijeveen;7,9;0,4;0,0;0,0;0,0;0,0
OV_IJM;NL:Q:16100030;Perceel 56;Kolderveen;0,0;0,3;0,0;0,0;0,0;0,0
OV_IJM;NL:Q:16100040;Perceel 56;Kolderveen;0,3;0,0;0,0;0,0;0,0;0,0
OV_IJM;NL:Q:16100050;Thijs van Urklaan;Kolderveen;0,0;0,1;0,0;0,0;0,0;0,0
OV_IJM;NL:Q:16100060;Thijs van Urklaan;Kolderveen;0,1;0,0;0,0;0,0;0,0;0,0
OV_IJM;NL:Q:16180050;Redder;Staphorst;0,3;0,0;0,0;0,0;0,0;0,0
OV_IJM;NL:Q:16180060;Redder;Staphorst;0,0;0,0;0,0;0,0;0,0;0,0
OV_IJM;NL:Q:16180070;Reggersweg;Staphorst;0,0;0,0;0,0;0,0;0,0;0,0
OV_IJM;NL:Q:16180080;Reggersweg;Staphorst;0,0;0,0;0,0;0,0;0,0;0,0
OV_IJM;NL:Q:16180100;Vlakkenweg;Staphorst;0,0;0,0;0,0;0,0;0,0;0,0
OV_IJM;NL:Q:16180110;Vlakkenweg;Staphorst;0,0;0,0;0,0;0,0;0,0;0,0
OV_IJM;NL:Q:16180120;Geerligsland;Staphorst;0,0;0,0;0,0;0,0;0,0;0,0
OV_IJM;NL:Q:16180130;Geerligsland;Staphorst;0,0;0,0;0,0;0,0;0,0;0,0
OV_IJM;NL:Q:16180140;Jan Arendsland;Staphorst;0,0;0,0;0,0;0,0;0,0;0,0
OV_IJM;NL:Q:16180150;Jan Arendsland;Staphorst;0,1;0,0;0,0;0,0;0,0;0,0
OV_IJM;NL:Q:16180160;Snelweg;Staphorst;0,0;0,0;0,0;0,0;0,0;0,0
OV_IJM;NL:Q:16180170;Snelweg;Staphorst;0,1;0,0;0,0;0,0;0,0;0,0
OV_IJM;NL:Q:16180180;Achthoevenweg;Staphorst;0,0;0,0;0,0;0,0;0,0;0,0
OV_IJM;NL:Q:16180190;Achthoevenweg;Staphorst;0,1;0,0;0,0;0,0;0,0;0,0
OV_IJM;NL:Q:16180200;Hoogeweg;Staphorst;0,0;0,0;0,0;0,0;0,0;0,0
OV_IJM;NL:Q:16180210;Hoogeweg;Staphorst;0,1;0,0;0,0;0,0;0,0;0,0
OV_IJM;NL:Q:16180220;Bergerslag;Staphorst;0,0;0,0;0,0;0,0;0,0;0,0
OV_IJM;NL:Q:16180230;Bergerslag;Staphorst;0,4;0,0;0,0;0,0;0,0;0,0
OV_IJM;NL:Q:16180240;Gemeentehuis;Staphorst;0,0;0,0;0,0;0,0;0,0;0,0
OV_IJM;NL:Q:16180250;Gemeentehuis;Staphorst;0,1;0,0;0,0;0,0;0,0;0,0
OV_IJM;NL:Q:16280110;Oostermenneweg;Rouveen;0,0;0,0;0,0;0,0;0,0;0,0
OV_IJM;NL:Q:16280170;Oude Rijksweg 485;Rouveen;0,0;0,0;0,0;0,0;0,0;0,0
OV_IJM;NL:Q:16280190;Hervormde Kerk;Rouveen;0,0;0,0;0,0;0,0;0,0;0,0
OV_IJM;NL:Q:16280230;Oud Gereformeerde Kerk;Rouveen;0,0;0,0;0,0;0,0;0,0;0,0
OV_IJM;NL:Q:16280240;Conradsweg;Rouveen;0,0;0,0;0,0;0,0;0,0;0,0
OV_IJM;NL:Q:16280250;Conradsweg;Rouveen;0,0;0,0;0,0;0,0;0,0;0,0
OV_IJM;NL:Q:16280260;Schoolwijksweg;Rouveen;0,0;0,0;0,0;0,0;0,0;0,0
OV_IJM;NL:Q:16280270;Schoolwijksweg;Rouveen;0,0;0,0;0,0;0,0;0,0;0,0
OV_IJM;NL:Q:16280280;Dekkersweg;Rouveen;0,0;0,0;0,0;0,0;0,0;0,0
OV_IJM;NL:Q:16280290;Dekkersweg;Rouveen;0,1;0,0;0,0;0,0;0,0;0,0
OV_IJM;NL:Q:16300010;Gemeentehuis;Steenwijk;0,5;16,2;0,0;0,6;0,0;0,3
OV_IJM;NL:Q:16300020;Gemeentehuis;Steenwijk;14,1;1,1;0,5;0,0;0,2;0,0
OV_IJM;NL:Q:16300030;Vendelweg;Steenwijk;1,4;6,8;0,2;3,5;0,2;1,6
OV_IJM;NL:Q:16300040;Vendelweg;Steenwijk;7,1;1,2;3,0;0,3;1,6;0,2
OV_IJM;NL:Q:16300050;Matthijs Kiersstraat;Steenwijk;8,9;5,9;1,8;4,2;1,4;3,0
OV_IJM;NL:Q:16300070;Matthijs Kiersstraat;Steenwijk;6,3;0,7;1,9;0,4;0,9;0,2
OV_IJM;NL:Q:16301020;Station;Steenwijk;29,2;20,5;0,0;0,0;0,0;0,0
OV_IJM;NL:Q:16380190;Busstation;Lichtmis;0,2;0,0;0,0;0,0;0,0;0,0
OV_IJM;NL:Q:17000060;Station;Hoogeveen;0,0;0,0;0,0;0,0;0,0;0,0
OV_IJM;NL:Q:17190060;'t Hoekje;Hollandscheveld;0,0;0,0;0,0;0,0;0,0;0,0
OV_IJM;NL:Q:17310030;Zwarte Dijkje;Noordscheschut;0,0;0,0;0,0;0,0;0,0;0,0
OV_IJM;NL:Q:24350010;Spin;De Blesse;0,2;0,1;0,0;0,0;0,0;0,0
OV_IJM;NL:Q:24350020;Spin;De Blesse;0,3;0,1;0,0;0,0;0,0;0,0
OV_IJM;NL:Q:24350030;Bovenweg;De Blesse;0,1;0,8;0,0;0,0;0,0;0,0
OV_IJM;NL:Q:24350040;Bovenweg;De Blesse;0,6;0,1;0,0;0,0;0,0;0,0
OV_IJM;NL:Q:24350050;Friese Veldweg;De Blesse;0,5;1,7;0,0;0,0;0,0;0,0
OV_IJM;NL:Q:24350060;Friese Veldweg;De Blesse;1,1;0,4;0,0;0,0;0,0;0,0
OV_IJM;NL:Q:24350070;Lagebroekweg;Blesdijke;1,2;0,0;0,0;0,0;0,0;0,0
OV_IJM;NL:Q:24350080;Lagebroekweg;Blesdijke;0,0;1,0;0,0;0,0;0,0;0,0
OV_IJM;NL:Q:24350620;Noord;De Blesse;10,3;11,0;0,0;0,0;0,0;0,0
OV_IJM;NL:Q:24450030;Marijenkampen;Marijenkampen;0,2;0,3;0,0;0,0;0,0;0,0
OV_IJM;NL:Q:24450050;Eikenlaan;Willemsoord;0,2;0,3;0,0;0,0;0,0;0,0
OV_IJM;NL:Q:24450060;Eikenlaan;Willemsoord;0,4;0,1;0,0;0,0;0,0;0,0
OV_IJM;NL:Q:24450080;Marijenkampen;Marijenkampen;0,4;0,2;0,0;0,0;0,0;0,0
OV_IJM;NL:Q:24451400;'t Centrum;Steenwijkerwold;8,1;1,6;0,0;0,0;0,0;0,0
OV_IJM;NL:Q:24451800;Willemsoord;Willemsoord;6,7;1,5;0,0;0,0;0,0;0,0
OV_IJM;NL:Q:24451810;Willemsoord;Willemsoord;1,5;5,8;0,0;0,0;0,0;0,0
OV_IJM;NL:Q:24510020;Frieseweg;Oldemarkt;2,2;12,0;0,0;0,0;0,0;0,0
OV_IJM;NL:Q:24510040;Koningin Julianaweg;Oldemarkt;0,7;3,4;0,0;0,0;0,0;0,0
OV_IJM;NL:Q:24510060;Parochiehuis;Oldemarkt;0,9;7,7;0,0;0,0;0,0;0,0
OV_IJM;NL:Q:24510070;Kruisstraat;Oldemarkt;0,2;0,5;0,0;0,0;0,0;0,0
OV_IJM;NL:Q:24510080;Kruisstraat;Oldemarkt;0,6;0,2;0,0;0,0;0,0;0,0
OV_IJM;NL:Q:24510090;De Boterberg;Oldemarkt;0,5;0,3;0,0;0,0;0,0;0,0
OV_IJM;NL:Q:24510100;De Boterberg;Oldemarkt;0,4;0,2;0,0;0,0;0,0;0,0
OV_IJM;NL:Q:24550030;Zuidveen;Zuidveen;1,1;5,4;0,2;0,8;0,4;0,3
OV_IJM;NL:Q:24550040;Zuidveen;Zuidveen;6,8;1,1;0,9;0,2;0,9;0,3
OV_IJM;NL:Q:24550050;Groot Verlaat;Steenwijk;0,9;1,0;0,3;0,2;0,2;0,1
OV_IJM;NL:Q:24550060;Groot Verlaat;Steenwijk;0,5;1,1;0,2;0,4;0,1;0,1
OV_IJM;NL:Q:24550160;Dolderbrug;Steenwijk;0,6;0,9;0,0;0,0;0,0;0,0
OV_IJM;NL:Q:24550170;Dolderbrug;Steenwijk;0,8;0,8;0,0;0,0;0,0;0,0
OV_IJM;NL:Q:24550250;Station;Steenwijk;161,7;159,5;171,5;136,2;144,6;124,4
OV_IJM;NL:Q:24551420;'t Centrum;Steenwijkerwold;2,1;6,9;0,0;0,0;0,0;0,0
OV_IJM;NL:Q:24552310;Gemeentewerken;Tuk;0,4;0,4;0,0;0,0;0,0;0,0
OV_IJM;NL:Q:24552320;Gemeentewerken;Tuk;0,3;0,5;0,0;0,0;0,0;0,0
OV_IJM;NL:Q:24552330;Oldemarktseweg;Tuk;0,2;0,5;0,0;0,0;0,0;0,0
OV_IJM;NL:Q:24552340;Oldemarktseweg;Tuk;0,5;0,1;0,0;0,0;0,0;0,0
OV_IJM;NL:Q:24552350;Watertoren;Thij;0,1;0,2;0,0;0,0;0,0;0,0
OV_IJM;NL:Q:24552360;Watertoren;Thij;0,2;0,2;0,0;0,0;0,0;0,0
OV_IJM;NL:Q:24552370;Thij;Thij;0,0;0,3;0,0;0,0;0,0;0,0
OV_IJM;NL:Q:24552380;Thij;Thij;0,3;0,0;0,0;0,0;0,0;0,0
OV_IJM;NL:Q:24590100;Burchtstraat;Kuinre;11,9;3,6;0,0;0,0;0,0;0,0
OV_IJM;NL:Q:24610010;Venebosweg;Ossenzijl;0,8;0,2;0,0;0,0;0,0;0,0
OV_IJM;NL:Q:24610030;Kloosterdijk;Ossenzijl;0,1;0,2;0,0;0,0;0,0;0,0
OV_IJM;NL:Q:24610040;Kloosterdijk;Ossenzijl;0,3;0,0;0,0;0,0;0,0;0,0
OV_IJM;NL:Q:24680010;Uiterdijkenweg;Luttelgeest;0,1;0,0;0,0;0,0;0,0;0,0
OV_IJM;NL:Q:24680020;Uiterdijkenweg;Luttelgeest;0,0;0,0;0,0;0,0;0,0;0,0
OV_IJM;NL:Q:24720020;Lemsterpoort;Rutten;0,0;0,0;0,0;0,0;0,0;0,0
OV_IJM;NL:Q:24750010;Zuivelfabriek;Kolderveen;0,0;0,2;0,0;0,0;0,0;0,0
OV_IJM;NL:Q:24750020;Zuivelfabriek;Kolderveen;0,2;0,0;0,0;0,0;0,0;0,0
OV_IJM;NL:Q:24750100;Nijeveenseweg;Meppel;0,3;0,9;0,0;0,0;0,0;0,0
OV_IJM;NL:Q:24750110;Nijeveenseweg;Meppel;0,8;0,2;0,0;0,0;0,0;0,0
OV_IJM;NL:Q:24820090;Creil;Creil;0,0;0,0;0,0;0,0;0,0;0,0
OV_IJM;NL:Q:24820100;Creil;Creil;0,0;0,0;0,0;0,0;0,0;0,0
OV_IJM;NL:Q:24920120;Espel;Espel;0,0;0,0;0,0;0,0;0,0;0,0
OV_IJM;NL:Q:24920130;Klutenpad;Creil;0,0;0,0;0,0;0,0;0,0;0,0
OV_IJM;NL:Q:25000010;Kettingstraat;Emmeloord;0,0;9,4;0,1;1,5;0,0;0,3
OV_IJM;NL:Q:25000020;Kettingstraat;Emmeloord;1,9;0,1;0,8;0,0;0,2;0,1
OV_IJM;NL:Q:25000030;Lange Dreef;Emmeloord;0,0;1,6;0,0;1,1;0,0;0,4
OV_IJM;NL:Q:25000040;Lange Dreef;Emmeloord;0,8;0,0;0,5;0,0;0,1;0,0
OV_IJM;NL:Q:25000050;Bunschotenlaan;Emmeloord;0,0;20,1;0,0;4,2;0,0;3,2
OV_IJM;NL:Q:25000070;Emmeloord - Oost;Emmeloord;0,0;2,5;0,0;0,1;0,0;0,1
OV_IJM;NL:Q:25000080;Emmeloord - Oost;Emmeloord;1,6;0,1;0,0;0,0;0,0;0,1
OV_IJM;NL:Q:25000100;Diemenlaan;Emmeloord;10,4;0,0;2,2;0,0;1,8;0,0
OV_IJM;NL:Q:25000130;Ecopark;Emmeloord;0,4;0,0;0,0;0,0;0,0;0,0
OV_IJM;NL:Q:25000140;Ecopark;Emmeloord;0,0;0,5;0,0;0,1;0,0;0,1
OV_IJM;NL:Q:25000150;Diemenlaan;Emmeloord;0,0;12,5;0,0;3,5;0,0;1,8
OV_IJM;NL:Q:25000180;Produktieweg;Emmeloord;0,0;0,0;0,0;0,0;0,0;0,0
OV_IJM;NL:Q:25000210;Zuyderzee College;Emmeloord;8,4;0,0;2,6;0,0;2,5;0,0
OV_IJM;NL:Q:25000260;Zuyderzee College;Emmeloord;0,0;8,3;0,0;2,9;0,0;1,9
OV_IJM;NL:Q:25000500;Medisch Centrum;Emmeloord;18,5;0,0;1,0;0,0;0,0;0,0
OV_IJM;NL:Q:25000550;Medisch Centrum;Emmeloord;0,0;15,2;0,0;0,9;0,0;0,0
OV_IJM;NL:Q:25000600;Antonius Ziekenhuis;Emmeloord;21,3;0,0;2,4;0,0;0,1;0,0
OV_IJM;NL:Q:25000650;Antonius Ziekenhuis;Emmeloord;0,0;16,0;0,0;1,7;0,0;0,2
OV_IJM;NL:Q:25000700;Urkerweg 18;Emmeloord;0,2;0,0;0,0;0,0;0,0;0,0
OV_IJM;NL:Q:25001400;Smeden;Emmeloord;4,7;0,0;1,3;0,0;1,8;0,1
OV_IJM;NL:Q:25001450;Smeden;Emmeloord;0,1;15,3;0,0;4,8;0,0;2,0
OV_IJM;NL:Q:25005010;Busstation;Emmeloord;20,7;69,7;4,8;15,6;0,8;6,8
OV_IJM;NL:Q:25005012;Busstation;Emmeloord;0,0;0,0;0,0;0,0;0,0;1,5
OV_IJM;NL:Q:25005013;Busstation;Emmeloord;28,2;11,2;13,1;2,3;6,9;17,6
OV_IJM;NL:Q:25005014;Busstation;Emmeloord;0,2;304,7;0,1;62,9;1,1;24,1
OV_IJM;NL:Q:25005021;Busstation;Emmeloord;263,1;0,1;54,2;0,0;61,4;0,8
OV_IJM;NL:Q:25005022;Busstation;Emmeloord;0,1;3,7;0,0;0,0;0,0;0,0
OV_IJM;NL:Q:25005023;Busstation;Emmeloord;0,0;0,2;0,0;0,0;0,0;0,0
OV_IJM;NL:Q:25060010;Brink;Luttelgeest;0,0;0,5;0,0;0,0;0,0;0,0
OV_IJM;NL:Q:25060020;Brink;Luttelgeest;0,4;0,0;0,0;0,0;0,0;0,0
OV_IJM;NL:Q:25060030;Luttelgeesterweg;Luttelgeest;0,0;0,0;0,0;0,0;0,0;0,0
OV_IJM;NL:Q:25060040;Luttelgeesterweg;Luttelgeest;0,0;0,0;0,0;0,0;0,0;0,0
OV_IJM;NL:Q:25060050;Lindeweg;Luttelgeest;0,1;0,0;0,0;0,0;0,0;0,0
OV_IJM;NL:Q:25060060;Lindeweg;Luttelgeest;0,0;0,1;0,0;0,0;0,0;0,0
OV_IJM;NL:Q:25060070;Orchideeenhoeve;Luttelgeest;1,1;0,1;0,0;0,0;0,0;0,0
OV_IJM;NL:Q:25060080;Orchideeenhoeve;Luttelgeest;0,0;1,0;0,0;0,0;0,0;0,0
OV_IJM;NL:Q:25060090;Oosterringweg;Luttelgeest;3,6;0,1;0,0;0,0;0,0;0,0
OV_IJM;NL:Q:25060100;Oosterringweg;Luttelgeest;0,1;3,0;0,0;0,0;0,0;0,0
OV_IJM;NL:Q:25060110;Schansweg;Luttelgeest;0,0;0,0;0,0;0,0;0,0;0,0
OV_IJM;NL:Q:25060120;Schansweg;Luttelgeest;0,0;0,1;0,0;0,0;0,0;0,0
OV_IJM;NL:Q:25070010;Luttelgeesterweg;Marknesse;0,0;1,0;0,0;0,2;0,0;0,1
OV_IJM;NL:Q:25070020;Luttelgeesterweg;Marknesse;0,3;0,0;0,1;0,0;0,1;0,0
OV_IJM;NL:Q:25070030;H.D. Louwes Hoeve;Emmeloord;0,0;0,1;0,0;0,0;0,0;0,0
OV_IJM;NL:Q:25070040;H.D. Louwes Hoeve;Emmeloord;0,0;0,0;0,0;0,0;0,0;0,0
OV_IJM;NL:Q:25070050;Lindeweg;Emmeloord;0,0;0,6;0,0;0,2;0,0;0,2
OV_IJM;NL:Q:25070060;Lindeweg;Emmeloord;0,6;0,0;0,2;0,0;0,3;0,0
OV_IJM;NL:Q:25130100;Sloefweg;Ens;1,9;0,0;0,5;0,0;0,4;0,0
OV_IJM;NL:Q:25130150;Sloefweg;Ens;0,0;1,9;0,0;0,6;0,0;0,4
OV_IJM;NL:Q:25130200;Bomenweg;Emmeloord;1,2;0,0;0,2;0,0;0,8;0,0
OV_IJM;NL:Q:25130250;Bomenweg;Emmeloord;0,0;1,4;0,0;0,3;0,0;0,2
OV_IJM;NL:Q:25130300;Kleiweg;Emmeloord;0,6;0,0;0,1;0,0;0,3;0,0
OV_IJM;NL:Q:25130350;Kleiweg;Emmeloord;0,0;0,9;0,0;0,2;0,0;0,2
OV_IJM;NL:Q:25131500;Bunschotenlaan;Emmeloord;11,0;0,0;3,4;0,0;4,1;0,0
OV_IJM;NL:Q:25140100;Schaftweg/Nagelerweg;Emmeloord;0,0;0,0;0,0;0,0;0,0;0,0
OV_IJM;NL:Q:25140150;Schaftweg/Nagelerweg;Emmeloord;0,0;0,0;0,0;0,0;0,0;0,0
OV_IJM;NL:Q:25150050;Urkerweg 18;Emmeloord;0,0;0,2;0,1;0,0;0,0;0,0
OV_IJM;NL:Q:25150100;Urkerweg 34;Tollebeek;0,0;0,0;0,0;0,0;0,0;0,0
OV_IJM;NL:Q:25150150;Urkerweg 34;Tollebeek;0,0;0,1;0,0;0,1;0,0;0,0
OV_IJM;NL:Q:25150200;Sint Hubertusplaats;Tollebeek;20,1;0,1;1,5;0,0;0,0;0,0
OV_IJM;NL:Q:25150250;Sint Hubertusplaats;Tollebeek;0,0;19,4;0,0;1,8;0,0;0,0
OV_IJM;NL:Q:25150300;Urkerweg 46;Tollebeek;0,0;0,0;0,0;0,0;0,0;0,0
OV_IJM;NL:Q:25150350;Urkerweg 46;Tollebeek;0,0;0,2;0,0;0,0;0,0;0,0
OV_IJM;NL:Q:25150400;Urkerdwarspad;Urk;0,3;0,0;0,0;0,0;0,0;0,0
OV_IJM;NL:Q:25170030;Zwembad Voorst;Kraggenburg;0,0;0,2;0,0;0,1;0,0;0,1
OV_IJM;NL:Q:25170040;Zwembad Voorst;Kraggenburg;0,1;0,0;0,1;0,0;0,1;0,0
OV_IJM;NL:Q:25170050;Picknickplaats;Kraggenburg;0,0;0,4;0,0;0,2;0,0;0,1
OV_IJM;NL:Q:25170060;Picknickplaats;Kraggenburg;0,3;0,0;0,2;0,0;0,2;0,0
OV_IJM;NL:Q:25170070;Mammouthweg;Kraggenburg;0,0;0,2;0,0;0,2;0,0;0,3
OV_IJM;NL:Q:25170080;Mammouthweg;Kraggenburg;0,1;0,0;0,2;0,0;0,1;0,0
OV_IJM;NL:Q:25170090;Leemringweg/Sloefweg;Marknesse;0,0;0,4;0,0;0,4;0,0;0,1
OV_IJM;NL:Q:25170100;Leemringweg/Sloefweg;Marknesse;0,5;0,0;0,5;0,0;0,1;0,0
OV_IJM;NL:Q:25170110;Boslaan;Marknesse;0,0;0,1;0,0;0,0;0,0;0,0
OV_IJM;NL:Q:25170120;Boslaan;Marknesse;0,0;0,0;0,0;0,0;0,0;0,0
OV_IJM;NL:Q:25170211;Busstation;Marknesse;0,1;26,1;0,0;4,2;0,0;3,2
OV_IJM;NL:Q:25170212;Busstation;Marknesse;23,5;7,4;0,0;0,0;0,0;0,0
OV_IJM;NL:Q:25170213;Busstation;Marknesse;4,8;1,6;0,0;0,0;0,0;0,0
OV_IJM;NL:Q:25170221;Busstation;Marknesse;28,1;0,5;4,5;0,0;4,0;0,4
OV_IJM;NL:Q:25170223;Busstation;Marknesse;3,4;34,2;0,0;0,0;0,0;0,0
OV_IJM;NL:Q:25170230;Breestraat;Marknesse;16,0;0,1;2,8;0,1;2,8;0,3
OV_IJM;NL:Q:25170240;Breestraat;Marknesse;0,0;17,5;0,0;4,6;0,0;2,8
OV_IJM;NL:Q:25180010;Busstation;Blokzijl;17,2;24,9;0,0;0,0;0,0;0,0
OV_IJM;NL:Q:25180020;Busstation;Blokzijl;24,9;0,0;0,0;0,0;0,0;0,0
OV_IJM;NL:Q:25180030;Uiterdijkenweg;Marknesse;0,0;0,5;0,0;0,0;0,0;0,0
OV_IJM;NL:Q:25180040;Uiterdijkenweg;Marknesse;0,5;0,0;0,0;0,0;0,0;0,0
OV_IJM;NL:Q:25180050;Steenwijkerdwarsweg;Marknesse;0,8;0,0;0,0;0,0;0,0;0,0
OV_IJM;NL:Q:25180060;Steenwijkerdwarsweg;Marknesse;0,2;1,5;0,0;0,0;0,0;0,0
OV_IJM;NL:Q:25230030;Ens;Ens;0,2;60,8;0,1;17,9;0,0;10,1
OV_IJM;NL:Q:25230040;Ens;Ens;57,3;0,0;17,1;0,0;11,5;0,0
OV_IJM;NL:Q:25240010;Domineesweg;Nagele;0,0;0,0;0,0;0,0;0,0;0,0
OV_IJM;NL:Q:25240800;Nagele;Nagele;0,0;0,0;0,0;0,0;0,0;0,0
OV_IJM;NL:Q:25250010;Singel;Urk;10,0;10,7;3,5;2,4;0,0;0,0
OV_IJM;NL:Q:25250050;Urkerdwarspad;Urk;0,0;0,3;0,0;0,1;0,0;0,0
OV_IJM;NL:Q:25250100;Urkerweg 60;Urk;3,0;0,0;0,3;0,0;0,0;0,0
OV_IJM;NL:Q:25250150;Urkerweg 60;Urk;0,0;2,6;0,0;0,2;0,0;0,0
OV_IJM;NL:Q:25250210;Ransuil;Urk;0,7;16,3;0,0;1,9;0,0;0,0
OV_IJM;NL:Q:25250220;Ransuil;Urk;12,6;0,6;1,3;0,1;0,0;0,0
OV_IJM;NL:Q:25250230;Winkelcentrum;Urk;1,5;40,8;0,2;3,8;0,0;0,0
OV_IJM;NL:Q:25250240;Winkelcentrum;Urk;38,0;1,4;4,1;0,0;0,0;0,0
OV_IJM;NL:Q:25250270;Vlaak;Urk;25,7;31,3;1,6;2,3;0,0;0,0
OV_IJM;NL:Q:25250300;Rotholm;Urk;20,2;14,9;2,1;1,2;0,0;0,0
OV_IJM;NL:Q:25250850;Lange Dam;Urk;14,1;17,7;0,8;1,0;0,0;0,0
OV_IJM;NL:Q:25250950;De Noord;Urk;5,9;10,7;0,2;0,8;0,0;0,0
OV_IJM;NL:Q:25251000;Gemeentehuis;Urk;20,3;17,6;1,6;1,7;0,0;0,0
OV_IJM;NL:Q:25270010;Clarenberglaan;Vollenhove;39,0;89,9;9,0;19,2;2,7;9,3
OV_IJM;NL:Q:25270020;Clarenberglaan;Vollenhove;89,6;0,2;20,2;0,0;14,7;0,0
OV_IJM;NL:Q:25270030;Kraggenburg;Kraggenburg;9,9;10,2;1,9;2,6;1,4;1,7
OV_IJM;NL:Q:25270110;Vollenhoverweg/NOP;Marknesse;0,0;0,9;0,0;0,5;0,0;0,2
OV_IJM;NL:Q:25270120;Vollenhoverweg/NOP;Marknesse;0,7;0,0;0,2;0,0;0,1;0,0
OV_IJM;NL:Q:25270130;Repelweg;Marknesse;0,0;0,7;0,0;0,3;0,0;0,5
OV_IJM;NL:Q:25270140;Repelweg;Marknesse;0,5;0,0;0,5;0,0;0,5;0,0
OV_IJM;NL:Q:25270150;Voorsterweg;Marknesse;0,0;1,8;0,0;0,2;0,0;0,2
OV_IJM;NL:Q:25270160;Voorsterweg;Marknesse;1,5;0,0;0,2;0,0;0,2;0,0
OV_IJM;NL:Q:25270170;Voorstersluis;Marknesse;0,0;0,2;0,0;0,2;0,0;0,1
OV_IJM;NL:Q:25270180;Voorstersluis;Marknesse;0,1;0,0;0,2;0,0;0,2;0,0
OV_IJM;NL:Q:25270190;Paardenweg;Kraggenburg;0,0;0,1;0,0;0,2;0,0;0,0
OV_IJM;NL:Q:25270200;Paardenweg;Kraggenburg;0,1;0,0;0,2;0,0;0,1;0,0
OV_IJM;NL:Q:25280010;Boomkwekerij;Scheerwolde;1,4;5,7;0,0;0,0;0,0;0,0
OV_IJM;NL:Q:25280020;Boomkwekerij;Scheerwolde;6,6;1,2;0,0;0,0;0,0;0,0
OV_IJM;NL:Q:25280050;Beenderribben;Wetering;0,3;0,4;0,0;0,0;0,0;0,0
OV_IJM;NL:Q:25280060;Beenderribben;Wetering;0,3;0,3;0,0;0,0;0,0;0,0
OV_IJM;NL:Q:25280070;Wetering;Wetering;2,2;0,4;0,0;0,0;0,0;0,0
OV_IJM;NL:Q:25280080;Wetering;Wetering;0,1;2,3;0,0;0,0;0,0;0,0
OV_IJM;NL:Q:25280090;Veldhuisweg;Baarlo;0,1;0,0;0,0;0,0;0,0;0,0
OV_IJM;NL:Q:25280100;Veldhuisweg;Baarlo;0,1;0,1;0,0;0,0;0,0;0,0
OV_IJM;NL:Q:25300010;Domineesweg;Nagele;0,0;0,2;0,0;0,0;0,0;0,0
OV_IJM;NL:Q:25330300;Zwartemeerweg;Ens;4,7;0,0;1,1;0,0;1,7;0,0
OV_IJM;NL:Q:25330350;Zwartemeerweg;Ens;3,0;5,3;0,6;1,6;0,4;1,2
OV_IJM;NL:Q:25350010;Markeweg;Blesdijke;0,0;0,1;0,0;0,0;0,0;0,0
OV_IJM;NL:Q:25350020;Markeweg;Blesdijke;0,1;0,0;0,0;0,0;0,0;0,0
OV_IJM;NL:Q:25350030;Dalhoeve;Blesdijke;0,1;0,9;0,0;0,0;0,0;0,0
OV_IJM;NL:Q:25350040;Dalhoeve;Blesdijke;0,7;0,1;0,0;0,0;0,0;0,0
OV_IJM;NL:Q:25350060;Parochiehuis;Oldemarkt;8,9;0,4;0,0;0,0;0,0;0,0
OV_IJM;NL:Q:25350090;Frieseweg;Oldemarkt;13,3;2,7;0,0;0,0;0,0;0,0
OV_IJM;NL:Q:25350310;Koningin Julianaweg;Oldemarkt;4,1;0,9;0,0;0,0;0,0;0,0
OV_IJM;NL:Q:25370010;Heetveld;Heetveld;1,1;8,9;0,6;2,3;0,2;1,0
OV_IJM;NL:Q:25370020;Heetveld;Heetveld;5,7;1,1;1,6;0,5;0,7;0,2
OV_IJM;NL:Q:25370070;Prot Chr Basisschool;Heetveld;3,1;9,3;0,5;1,2;0,0;1,1
OV_IJM;NL:Q:25370080;Prot Chr Basisschool;Heetveld;8,9;2,4;1,7;0,2;1,1;0,1
OV_IJM;NL:Q:25380010;Jan van Nassauweg;Scheerwolde;0,9;2,1;0,0;0,0;0,0;0,0
OV_IJM;NL:Q:25380020;Jan van Nassauweg;Scheerwolde;2,4;0,9;0,0;0,0;0,0;0,0
OV_IJM;NL:Q:25380030;Smalleweg;Scheerwolde;0,1;0,1;0,0;0,0;0,0;0,0
OV_IJM;NL:Q:25380040;Smalleweg;Scheerwolde;0,0;0,0;0,0;0,0;0,0;0,0
OV_IJM;NL:Q:25430010;Noorderrandweg;Kampereiland;0,4;2,1;0,1;0,7;0,1;0,3
OV_IJM;NL:Q:25430020;Noorderrandweg;Kampereiland;2,0;0,3;0,5;0,0;0,1;0,1
OV_IJM;NL:Q:25430030;Rechterveldweg;Kampereiland;1,5;3,5;0,2;1,7;0,0;0,8
OV_IJM;NL:Q:25430040;Rechterveldweg;Kampereiland;3,3;1,3;1,3;0,2;0,8;0,0
OV_IJM;NL:Q:25430050;Natuurbad Seveningen;Kampereiland;0,3;0,5;0,3;0,2;0,3;0,4
OV_IJM;NL:Q:25430100;Nesweg;Kampereiland;0,0;0,7;0,0;0,0;0,0;0,0
OV_IJM;NL:Q:25430150;Nesweg;Kampereiland;0,7;0,2;0,0;0,0;0,0;0,0
OV_IJM;NL:Q:25430200;Kampereiland Kerk;Kampereiland;0,8;0,4;0,0;0,1;0,1;0,0
OV_IJM;NL:Q:25430250;Kampereiland Kerk;Kampereiland;0,4;1,2;0,1;0,1;0,0;0,1
OV_IJM;NL:Q:25430300;Witte Brug;Kampereiland;0,4;0,8;0,3;0,0;0,0;0,1
OV_IJM;NL:Q:25430350;Witte Brug;Kampereiland;0,7;0,5;0,0;0,3;0,0;0,0
OV_IJM;NL:Q:25430390;Dam-Noorddiep;Kampereiland;0,0;0,4;0,0;0,0;0,0;0,0
OV_IJM;NL:Q:25430400;Dam-Noorddiep;Kampereiland;0,1;0,1;0,0;0,0;0,0;0,0
OV_IJM;NL:Q:25450810;Kooystraat;Ossenzijl;2,2;3,0;0,0;0,0;0,0;0,0
OV_IJM;NL:Q:25450820;Kooystraat;Ossenzijl;3,5;1,7;0,0;0,0;0,0;0,0
OV_IJM;NL:Q:25450830;Venebosweg;Ossenzijl;0,0;1,2;0,0;0,0;0,0;0,0
OV_IJM;NL:Q:25470010;De Velde;De Velde;0,2;3,3;0,1;1,5;0,1;0,7
OV_IJM;NL:Q:25470020;De Velde;De Velde;3,1;0,4;1,3;0,0;0,9;0,0
OV_IJM;NL:Q:25470030;Busstation;Zwartsluis;71,5;157,7;16,5;52,8;12,7;33,8
OV_IJM;NL:Q:25470040;Busstation;Zwartsluis;147,6;75,5;49,4;16,9;26,8;10,8
OV_IJM;NL:Q:25470050;Bejaardencentrum;Zwartsluis;1,1;1,4;1,0;0,2;0,2;0,1
OV_IJM;NL:Q:25470060;Bejaardencentrum;Zwartsluis;6,5;1,5;0,2;1,3;0,0;0,4
OV_IJM;NL:Q:25470070;De Krieger;De Krieger;0,1;5,4;0,1;1,2;0,0;0,3
OV_IJM;NL:Q:25470080;De Krieger;De Krieger;6,4;0,3;1,1;0,0;0,9;0,1
OV_IJM;NL:Q:25470081;De Krieger;De Krieger;0,1;2,2;0,0;0,0;0,0;0,0
OV_IJM;NL:Q:25480010;Chr. Basisschool;Kamperzeedijk;3,6;0,9;0,0;0,0;0,0;0,0
OV_IJM;NL:Q:25480020;Chr. Basisschool;Kamperzeedijk;1,2;4,1;0,0;0,0;0,0;0,0
OV_IJM;NL:Q:25580010;Nieuweweg;Genemuiden;6,6;8,9;0,0;2,1;0,0;0,0
OV_IJM;NL:Q:25580020;Nieuweweg;Genemuiden;10,1;11,9;1,1;0,1;0,0;0,0
OV_IJM;NL:Q:25580030;'t TAG;Genemuiden;18,4;26,3;1,6;2,7;0,0;0,0
OV_IJM;NL:Q:25580040;'t TAG;Genemuiden;50,2;49,9;3,0;0,0;0,0;0,0
OV_IJM;NL:Q:25630010;Koekoeksgemaal;Grafhorst;0,7;0,0;0,0;0,0;0,0;0,0
OV_IJM;NL:Q:25630020;Koekoeksgemaal;Grafhorst;0,0;0,8;0,0;0,0;0,0;0,0
OV_IJM;NL:Q:25630030;Vahl;IJsselmuiden;0,2;2,3;0,0;0,0;0,0;0,0
OV_IJM;NL:Q:25630040;Vahl;IJsselmuiden;1,6;0,4;0,0;0,0;0,0;0,0
OV_IJM;NL:Q:25630050;Fuite;IJsselmuiden;0,2;0,4;0,0;0,0;0,0;0,0
OV_IJM;NL:Q:25630060;Fuite;IJsselmuiden;0,3;0,2;0,0;0,0;0,0;0,0
OV_IJM;NL:Q:25630070;Plasweg;IJsselmuiden;0,2;0,6;0,0;0,0;0,0;0,0
OV_IJM;NL:Q:25630080;Plasweg;IJsselmuiden;0,8;0,3;0,0;0,0;0,0;0,0
OV_IJM;NL:Q:25630090;Groenendael;IJsselmuiden;0,4;1,3;0,0;0,0;0,0;0,0
OV_IJM;NL:Q:25630100;Groenendael;IJsselmuiden;1,4;0,6;0,0;0,0;0,0;0,0
OV_IJM;NL:Q:25630110;R.K. Kerk;IJsselmuiden;0,6;1,4;0,0;0,0;0,0;0,0
OV_IJM;NL:Q:25630120;R.K. Kerk;IJsselmuiden;1,2;0,7;0,0;0,0;0,0;0,0
OV_IJM;NL:Q:25670010;H. van Viandenplein;Hasselt;0,7;10,2;0,0;0,0;0,0;0,0
OV_IJM;NL:Q:25670020;H. van Viandenplein;Hasselt;9,1;0,3;0,0;0,0;0,0;0,0
OV_IJM;NL:Q:25670030;Scheepswerf;Hasselt;38,6;233,2;11,0;89,9;5,1;36,7
OV_IJM;NL:Q:25670040;Scheepswerf;Hasselt;320,2;131,2;110,6;29,5;35,5;4,0
OV_IJM;NL:Q:25680010;Sluis;Beukers;0,1;0,1;0,0;0,0;0,1;0,0
OV_IJM;NL:Q:25680020;Sluis;Beukers;0,1;0,0;0,0;0,0;0,0;0,0
OV_IJM;NL:Q:25680030;Blauwe Hand;Blauwe Hand;12,3;18,6;1,4;3,1;1,7;2,0
OV_IJM;NL:Q:25680040;Blauwe Hand;Blauwe Hand;19,2;14,1;1,5;1,2;1,8;0,9
OV_IJM;NL:Q:25780010;Dominee Hylkemaweg;Giethoorn;63,1;15,2;126,3;15,1;108,8;16,1
OV_IJM;NL:Q:25780020;Dominee Hylkemaweg;Giethoorn;11,8;56,1;7,8;124,5;4,1;103,9
OV_IJM;NL:Q:25780030;Kerkweg;Giethoorn;5,2;2,4;2,8;0,5;1,9;0,5
OV_IJM;NL:Q:25780040;Kerkweg;Giethoorn;2,1;6,5;0,8;4,2;0,6;3,0
OV_IJM;NL:Q:25780050;Hotel Harmonie;Giethoorn;1,7;0,8;1,2;0,8;1,7;0,4
OV_IJM;NL:Q:25780060;Hotel Harmonie;Giethoorn;0,6;1,6;0,5;1,6;0,7;0,9
OV_IJM;NL:Q:25830090;Gemeentehuis;Kampen;2,3;3,3;0,0;0,0;0,0;0,0
OV_IJM;NL:Q:25830110;Oranjesingel;Kampen;3,0;0,9;0,2;0,7;0,0;0,0
OV_IJM;NL:Q:25830170;Station Zuid;Kampen;13,9;9,9;0,0;0,0;0,0;0,0
OV_IJM;NL:Q:25830190;Station Zuid;Kampen;36,3;34,6;12,6;10,3;0,0;0,0
OV_IJM;NL:Q:25830270;Leeghwaterstraat;Kampen;6,3;2,7;1,1;1,5;0,0;0,0
OV_IJM;NL:Q:25830280;Beekmanstraat;Kampen;6,7;3,7;0,8;1,0;0,0;0,0
OV_IJM;NL:Q:25830290;Amandelboom;Kampen;4,8;2,1;0,3;0,9;0,0;0,0
OV_IJM;NL:Q:25830300;Andoorn;Kampen;8,7;1,6;1,5;0,5;0,0;0,0
OV_IJM;NL:Q:25830310;Sterrekroos;Kampen;13,7;1,4;2,3;0,7;0,0;0,0
OV_IJM;NL:Q:25830320;Hilbert v Dijkstraat;Kampen;11,0;2,0;0,7;0,4;0,0;0,0
OV_IJM;NL:Q:25830330;Doctor Kolfflaan;Kampen;11,8;1,2;0,8;0,4;0,0;0,0
OV_IJM;NL:Q:25830340;Colijnlaan;Kampen;16,4;1,9;2,1;0,8;0,0;0,0
OV_IJM;NL:Q:25830360;Ommelandsingel;Kampen;3,6;1,2;0,6;0,3;0,0;0,0
OV_IJM;NL:Q:25830480;Bovenbroeksweg;Kampen;1,2;0,6;0,3;0,2;0,0;0,0
OV_IJM;NL:Q:25830490;Bovenbroeksweg;Kampen;0,7;1,7;0,2;0,3;0,0;0,0
OV_IJM;NL:Q:25830500;Loriestraat;Kampen;6,4;3,0;0,2;0,6;0,0;0,0
OV_IJM;NL:Q:25830510;Loriestraat;Kampen;3,5;7,6;0,5;0,5;0,0;0,0
OV_IJM;NL:Q:25830520;Blauwe Engel;Kampen;0,7;0,1;0,0;0,0;0,0;0,0
OV_IJM;NL:Q:25830530;Blauwe Engel;Kampen;19,8;18,8;0,0;0,0;0,0;0,0
OV_IJM;NL:Q:38400120;Florasingel;Bovenkarspel;0,0;0,0;0,0;0,0;0,0;0,0
OV_IJM;NL:Q:38400130;Florasingel;Bovenkarspel;0,0;0,0;0,0;0,0;0,0;0,0
OV_IJM;NL:Q:38402010;Streekhof;Bovenkarspel;0,0;0,8;0,0;0,0;0,0;0,0
OV_IJM;NL:Q:38402020;Streekhof;Grootebroek;0,9;0,0;0,0;0,0;0,0;0,0
OV_IJM;NL:Q:38410050;R.K. Kerk;Wervershoof;0,0;0,0;0,0;0,0;0,0;0,0
OV_IJM;NL:Q:38410070;Raadhuisplein;Wervershoof;0,0;0,0;0,0;0,0;0,0;0,0
OV_IJM;NL:Q:38500010;Station;Enkhuizen;5,9;3,7;0,0;0,0;0,0;0,0
OV_IJM;NL:Q:38610040;Kleingouw;Andijk;0,0;0,0;0,0;0,0;0,0;0,0
OV_IJM;NL:Q:38610060;Sorghvliet;Andijk;2,9;0,0;0,0;0,0;0,0;0,0
OV_IJM;NL:Q:38610080;Gedeputeerde Laanweg;Andijk;0,0;2,5;0,0;0,0;0,0;0,0
OV_IJM;NL:Q:38610170;Sorghvliet;Andijk;0,0;0,0;0,0;0,0;0,0;0,0
OV_IJM;NL:Q:46000570;Dokter Hengeveldweg;Zwolle;2,4;1,0;0,0;0,0;0,0;0,0
OV_IJM;NL:Q:46000800;Groot Wezenland;Zwolle;1,1;0,6;0,0;0,0;0,0;0,0
OV_IJM;NL:Q:46000950;Groot Wezenland;Zwolle;0,1;0,4;0,0;0,0;0,0;0,0
OV_IJM;NL:Q:46001000;Park de Wezenlanden;Zwolle;4,8;4,5;0,0;0,0;0,0;0,0
OV_IJM;NL:Q:46001100;Assendorperdijk;Zwolle;10,5;4,7;0,0;0,0;0,0;0,0
OV_IJM;NL:Q:46001542;Dokter Hengeveldweg;Zwolle;1,1;2,5;0,0;0,0;0,0;0,0
OV_IJM;NL:Q:46001560;Isala ziekenhuis;Zwolle;1,0;24,8;0,0;0,0;0,0;0,0
OV_IJM;NL:Q:46002960;Blaloweg/Hasselterweg;Zwolle;5,9;34,3;1,6;7,4;0,8;1,4
OV_IJM;NL:Q:46003240;Herenweg;Zwolle;0,8;0,7;0,0;0,0;0,0;0,0
OV_IJM;NL:Q:46004210;Herenweg;Zwolle;0,3;0,4;0,0;0,0;0,0;0,0
OV_IJM;NL:Q:46004410;Schuurmanstraat;Zwolle;0,8;8,6;0,0;0,0;0,0;0,0
OV_IJM;NL:Q:46004450;Schuurmanstraat;Zwolle;8,1;3,7;0,0;0,0;0,0;0,0
OV_IJM;NL:Q:46004530;Stadion;Zwolle;7,2;6,6;0,0;0,0;0,0;0,0
OV_IJM;NL:Q:46004740;Park de Wezenlanden;Zwolle;0,4;4,6;0,0;0,0;0,0;0,0
OV_IJM;NL:Q:46004760;Assendorperdijk;Zwolle;1,3;17,6;0,0;0,0;0,0;0,0
OV_IJM;NL:Q:46006255;Isala ziekenhuis;Zwolle;22,3;3,2;0,0;0,0;0,0;0,0
OV_IJM;NL:Q:46006400;Campus;Zwolle;61,6;0,4;0,0;0,0;0,0;0,0
OV_IJM;NL:Q:46006450;Campus;Zwolle;0,1;59,1;0,0;0,0;0,0;0,0
OV_IJM;NL:Q:46006600;Blaloweg/Rieteweg;Zwolle;6,5;4,0;0,5;0,5;0,4;0,3
OV_IJM;NL:Q:46006650;Blaloweg/Rieteweg;Zwolle;5,4;12,6;0,8;1,2;1,3;0,7
OV_IJM;NL:Q:46007010;Vrolijkheid;Zwolle;1,2;1,5;0,0;0,0;0,0;0,0
OV_IJM;NL:Q:46008580;Stadion;Zwolle;1,4;10,7;0,0;0,0;0,0;0,0
OV_IJM;NL:Q:46010010;Vrolijkheid;Zwolle;0,1;1,3;0,0;0,0;0,0;0,0
OV_IJM;NL:Q:46010030;Zwembad/Landstede;Zwolle;15,1;18,9;0,0;0,0;0,0;0,0
OV_IJM;NL:Q:46010040;Zwembad/Landstede;Zwolle;0,5;21,4;0,0;0,0;0,0;0,0
OV_IJM;NL:Q:46100040;Katerdijk;zwolle;138,7;5,0;2,5;1,0;2,0;0,6
OV_IJM;NL:Q:46100050;Katerdijk;zwolle;6,2;181,9;1,1;1,9;0,4;1,6
OV_IJM;NL:Q:46100320;Breecamp;Zwolle;20,4;3,7;9,2;1,6;3,6;1,0
OV_IJM;NL:Q:46100330;Breecamp;Zwolle;3,5;17,6;1,2;7,0;0,7;4,3
OV_IJM;NL:Q:46104021;Katwolderplein/centrum;Zwolle;153,8;5,8;75,3;0,7;26,2;2,3
OV_IJM;NL:Q:46104022;Katwolderplein/centrum;Zwolle;31,3;104,3;8,6;92,6;5,1;22,7
OV_IJM;NL:Q:46120010;Havezatheweg;Genne;0,0;0,2;0,0;0,0;0,0;0,0
OV_IJM;NL:Q:46120020;Havezatheweg;Genne;0,2;0,0;0,0;0,0;0,0;0,0
OV_IJM;NL:Q:46120090;Bergkloosterweg;Zwolle;1,4;0,6;0,0;0,0;0,0;0,0
OV_IJM;NL:Q:46120120;Vechtbrug;Zwolle;0,0;0,2;0,0;0,0;0,0;0,0
OV_IJM;NL:Q:46120140;Bergkloosterweg;Zwolle;0,4;1,6;0,0;0,0;0,0;0,0
OV_IJM;NL:Q:46120160;Campherbeeklaan;Zwolle;0,6;0,6;0,0;0,0;0,0;0,0
OV_IJM;NL:Q:46120200;Campherbeeklaan;Zwolle;0,0;1,0;0,0;0,0;0,0;0,0
OV_IJM;NL:Q:46120410;Vechtbrug;Zwolle;0,4;0,4;0,0;0,0;0,0;0,0
OV_IJM;NL:Q:46120430;Vechterstrand;Genne;0,0;0,0;0,0;0,0;0,0;0,0
OV_IJM;NL:Q:46120440;Vechterstrand;Genne;0,0;0,0;0,0;0,0;0,0;0,0
OV_IJM;NL:Q:46120450;Doornweg/Vechtdijk;Genne;0,0;0,1;0,0;0,0;0,0;0,0
OV_IJM;NL:Q:46120460;Doornweg/Vechtdijk;Genne;0,0;0,0;0,0;0,0;0,0;0,0
OV_IJM;NL:Q:46120470;Vijfhoekweg;Genne;0,0;0,0;0,0;0,0;0,0;0,0
OV_IJM;NL:Q:46120480;Vijfhoekweg;Genne;0,0;0,0;0,0;0,0;0,0;0,0
OV_IJM;NL:Q:46120490;Dashorstweg;Genne;0,0;0,1;0,0;0,0;0,0;0,0
OV_IJM;NL:Q:46120500;Dashorstweg;Genne;0,0;0,0;0,0;0,0;0,0;0,0
OV_IJM;NL:Q:46120510;Klinkerweg;Genne;0,1;0,7;0,0;0,0;0,0;0,0
OV_IJM;NL:Q:46120520;Klinkerweg;Genne;0,8;0,0;0,0;0,0;0,0;0,0
OV_IJM;NL:Q:46120530;Glinthuisweg;Genne;0,0;0,0;0,0;0,0;0,0;0,0
OV_IJM;NL:Q:46120540;Glinthuisweg;Genne;0,0;0,2;0,0;0,0;0,0;0,0
OV_IJM;NL:Q:46120560;Verkavelingsweg;Genne;0,1;0,0;0,0;0,0;0,0;0,0
OV_IJM;NL:Q:46120730;Verkavelingsweg;Genne;0,0;0,1;0,0;0,0;0,0;0,0
OV_IJM;NL:Q:46301120;Industrieweg;Hasselt;5,6;2,5;1,4;0,3;0,6;0,0
OV_IJM;NL:Q:46302010;Zandvoortweg;Hasselt;0,0;0,4;0,0;0,0;0,0;0,0
OV_IJM;NL:Q:46302030;De Baak;Hasselt;0,2;7,8;0,0;0,0;0,0;0,0
OV_IJM;NL:Q:46302040;De Baak;Hasselt;7,3;0,1;0,0;0,0;0,0;0,0
OV_IJM;NL:Q:46302050;Kerspel;Hasselt;0,4;11,3;0,0;0,0;0,0;0,0
OV_IJM;NL:Q:46302060;Kerspel;Hasselt;13,1;0,1;0,0;0,0;0,0;0,0
OV_IJM;NL:Q:46302070;Sportvelden;Hasselt;0,2;2,1;0,0;0,0;0,0;0,0
OV_IJM;NL:Q:46302080;Sportvelden;Hasselt;3,5;0,5;0,0;0,0;0,0;0,0
OV_IJM;NL:Q:46302090;Stadsweg;Hasselt;0,9;3,6;0,3;2,3;0,1;1,0
OV_IJM;NL:Q:46302100;Stadsweg;Hasselt;3,4;1,3;2,0;0,5;0,9;0,2
OV_IJM;NL:Q:46302110;Industrieweg;Hasselt;2,2;8,1;0,2;1,2;0,1;0,6
OV_IJM;NL:Q:46302130;Ter Wee;Hasselt;0,0;0,0;0,0;0,0;0,0;0,0
OV_IJM;NL:Q:46302170;Matenweg;Hasselt;0,0;0,0;0,0;0,0;0,0;0,0
OV_IJM;NL:Q:46320010;Het Rode Dak;Genne;0,0;0,0;0,0;0,0;0,0;0,0
OV_IJM;NL:Q:46320020;Het Rode Dak;Genne;0,0;0,1;0,0;0,0;0,0;0,0
OV_IJM;NL:Q:46320040;Boerderijweg;Genne;0,1;0,1;0,0;0,0;0,0;0,0
OV_IJM;NL:Q:46320050;Boerderijweg;Genne;0,1;0,0;0,0;0,0;0,0;0,0
OV_IJM;NL:Q:46320060;Zandvoortweg;Hasselt;0,1;0,0;0,0;0,0;0,0;0,0
OV_IJM;NL:Q:46403010;Kloosterziel;De Velde;0,2;0,6;0,0;0,1;0,1;0,1
OV_IJM;NL:Q:46403020;Kloosterziel;De Velde;0,6;0,1;0,4;0,0;0,0;0,0
OV_IJM;NL:Q:46501010;Kranerweerd;Zwartsluis;0,8;6,8;0,6;3,6;0,3;1,9
OV_IJM;NL:Q:46501020;Kranerweerd;Zwartsluis;5,5;1,1;2,4;0,7;1,2;0,1
OV_IJM;NL:Q:46501030;Nieuwesluis;Zwartsluis;2,7;31,0;2,4;12,9;2,3;7,9
OV_IJM;NL:Q:46501040;Nieuwesluis;Zwartsluis;26,9;1,3;10,2;0,3;6,6;0,4
OV_IJM;NL:Q:46501050;Zomerdijk;Zwartsluis;0,1;0,0;0,5;0,0;0,0;0,0
OV_IJM;NL:Q:46501060;Zomerdijk;Zwartsluis;0,0;0,1;0,0;0,0;0,0;0,0
OV_IJM;NL:Q:46501070;Westeinde - Rotonde;Zwartsluis;1,0;15,2;0,4;3,4;0,1;2,4
OV_IJM;NL:Q:46501080;Westeinde - Rotonde;Zwartsluis;31,7;0,9;12,9;0,6;6,9;0,3
OV_IJM;NL:Q:46511010;De Noorde;Zwartsluis;1,4;0,7;0,7;1,6;0,4;2,3
OV_IJM;NL:Q:46511020;De Noorde;Zwartsluis;0,7;1,7;1,5;0,8;1,3;0,4
OV_IJM;NL:Q:46511030;Zieltje;Zwartsluis;0,0;0,0;0,0;0,1;0,0;0,0
OV_IJM;NL:Q:46511040;Zieltje;Zwartsluis;0,2;0,0;0,1;0,0;0,1;0,0
OV_IJM;NL:Q:46520010;Flevoweg;St.Jansklooster;10,9;5,9;3,2;0,8;2,1;0,5
OV_IJM;NL:Q:46520020;Flevoweg;St.Jansklooster;6,5;13,7;1,0;2,8;0,3;2,0
OV_IJM;NL:Q:46520030;Veneweg;St.Jansklooster;19,6;2,0;4,2;0,5;1,8;0,3
OV_IJM;NL:Q:46520040;Veneweg;St.Jansklooster;2,2;24,7;0,6;3,4;0,3;2,1
OV_IJM;NL:Q:46522010;Barsbeek;Heetveld;1,0;4,4;0,2;1,3;0,1;0,1
OV_IJM;NL:Q:46522020;Barsbeek;Heetveld;4,0;1,2;1,7;0,5;0,3;0,1
OV_IJM;NL:Q:46522070;Barsbeek 36;St. Jansklooster;1,4;5,2;0,0;0,4;0,0;0,3
OV_IJM;NL:Q:46522080;Barsbeek 36;St. Jansklooster;4,0;1,4;0,4;0,0;0,4;0,1
OV_IJM;NL:Q:46522090;Kadoelen;Kadoelen;1,2;3,5;0,7;1,1;0,2;1,0
OV_IJM;NL:Q:46522100;Kadoelen;Kadoelen;2,7;1,1;1,2;0,7;0,8;0,2
OV_IJM;NL:Q:46522110;Dennenbos;St.Jansklooster;0,0;1,6;0,0;0,0;0,0;0,0
OV_IJM;NL:Q:46522120;Dennenbos;St.Jansklooster;2,1;0,0;0,0;0,0;0,0;0,0
OV_IJM;NL:Q:46522130;Oldenhof Kadoelerweg;St.Jansklooster;0,0;0,1;0,0;0,0;0,0;0,0
OV_IJM;NL:Q:46522140;Oldenhof Kadoelerweg;St.Jansklooster;0,4;0,0;0,0;0,0;0,0;0,0
OV_IJM;NL:Q:46522150;Halleweg;St.Jansklooster;0,0;0,6;0,0;0,0;0,0;0,0
OV_IJM;NL:Q:46522160;Halleweg;St.Jansklooster;0,8;0,0;0,0;0,0;0,0;0,0
OV_IJM;NL:Q:46522170;Zuurbeek;St.Jansklooster;0,0;0,0;0,0;0,0;0,0;0,0
OV_IJM;NL:Q:46522180;Zuurbeek;St.Jansklooster;0,0;0,0;0,0;0,0;0,0;0,0
OV_IJM;NL:Q:46531010;Verlengde Duinweg;St.Jansklooster;0,4;2,5;0,0;0,5;0,0;0,3
OV_IJM;NL:Q:46531020;Verlengde Duinweg;St.Jansklooster;2,2;0,7;0,5;0,1;0,2;0,1
OV_IJM;NL:Q:46531030;Weyert;Vollenhove;12,0;18,7;0,3;2,9;0,1;1,3
OV_IJM;NL:Q:46531040;Weyert;Vollenhove;16,0;9,3;2,0;0,5;1,0;0,2
OV_IJM;NL:Q:46531050;Zwembad;Vollenhove;0,0;9,6;0,0;6,0;0,0;3,6
OV_IJM;NL:Q:46531060;Zwembad;Vollenhove;11,0;0,0;5,3;0,0;4,1;0,0
OV_IJM;NL:Q:46541010;Overtoom;Genemuiden;41,5;30,5;6,9;0,2;0,0;0,0
OV_IJM;NL:Q:46541020;Overtoom;Genemuiden;13,3;25,8;0,1;5,4;0,0;0,0
OV_IJM;NL:Q:46541030;Hervormd Centrum;Genemuiden;19,4;16,9;2,5;0,1;0,0;0,0
OV_IJM;NL:Q:46541040;Hervormd Centrum;Genemuiden;5,2;10,2;0,0;2,1;0,0;0,0
OV_IJM;NL:Q:46541050;De Meente;Genemuiden;11,5;19,3;0,0;2,5;0,0;0,0
OV_IJM;NL:Q:46541060;De Meente;Genemuiden;38,9;30,4;5,3;0,0;0,0;0,0
OV_IJM;NL:Q:46552010;Prinsenkeet;Genemuiden;0,2;0,0;0,0;0,0;0,0;0,0
OV_IJM;NL:Q:46552020;Prinsenkeet;Genemuiden;0,1;0,1;0,0;0,0;0,0;0,0
OV_IJM;NL:Q:46552030;Oude Stoomgemaal;Genemuiden;0,1;0,1;0,0;0,0;0,0;0,0
OV_IJM;NL:Q:46552040;Oude Stoomgemaal;Genemuiden;0,1;0,1;0,0;0,0;0,0;0,0
OV_IJM;NL:Q:46552050;Kamperzeedijk 21;Kamperzeedijk;0,5;0,3;0,0;0,0;0,0;0,0
OV_IJM;NL:Q:46552060;Kamperzeedijk 21;Kamperzeedijk;0,1;0,4;0,0;0,0;0,0;0,0
OV_IJM;NL:Q:46560010;Kamperzeedijk/West;Kamperzeedijk;0,6;0,0;0,0;0,0;0,0;0,0
OV_IJM;NL:Q:46560020;Kamperzeedijk/West;Kamperzeedijk;0,0;0,3;0,0;0,0;0,0;0,0
OV_IJM;NL:Q:46560030;Kamperzeedijk 141;Kamperzeedijk;0,1;0,5;0,0;0,0;0,0;0,0
OV_IJM;NL:Q:46560040;Kamperzeedijk 141;Kamperzeedijk;0,2;0,1;0,0;0,0;0,0;0,0
OV_IJM;NL:Q:46560050;Nieuwe Gemaal;Kamperzeedijk;0,3;0,1;0,0;0,0;0,0;0,0
OV_IJM;NL:Q:46560060;Nieuwe Gemaal;Kamperzeedijk;0,1;0,3;0,0;0,0;0,0;0,0
OV_IJM;NL:Q:46560070;Mandjeswaard;Grafhorst;0,5;0,1;0,0;0,0;0,0;0,0
OV_IJM;NL:Q:46560080;Mandjeswaard;Grafhorst;0,1;0,5;0,0;0,0;0,0;0,0
OV_IJM;NL:Q:46602010;Belterweg;Belt Schutsloot;0,8;3,1;0,2;0,2;0,2;0,1
OV_IJM;NL:Q:46602020;Belterweg;Belt Schutsloot;3,6;0,8;0,0;0,4;0,2;0,2
OV_IJM;NL:Q:46630110;Strandje;Belt Schutsloot;0,1;0,0;0,0;0,1;0,0;0,0
OV_IJM;NL:Q:46630120;Strandje;Belt Schutsloot;0,0;0,1;0,0;0,2;0,1;0,0
OV_IJM;NL:Q:46630130;Hotel Giethoorn;Giethoorn;3,9;1,7;5,3;1,5;5,0;0,9
OV_IJM;NL:Q:46630140;Hotel Giethoorn;Giethoorn;1,3;3,8;0,9;6,7;0,3;3,9
OV_IJM;NL:Q:46630150;Hollands Venetië;Giethoorn;7,8;2,1;11,6;2,2;11,6;1,5
OV_IJM;NL:Q:46630160;Hollands Venetië;Giethoorn;1,7;6,4;1,5;8,3;0,8;7,4
OV_IJM;NL:Q:46630170;Hervormde Kerk;Wanneperveen;0,1;2,1;0,0;0,0;0,0;0,0
OV_IJM;NL:Q:46630180;Hervormde Kerk;Wanneperveen;3,1;0,1;0,0;0,0;0,0;0,0
OV_IJM;NL:Q:46630190;Veldweg;Wanneperveen;0,1;1,3;0,0;0,0;0,0;0,0
OV_IJM;NL:Q:46630200;Veldweg;Wanneperveen;1,2;0,0;0,0;0,0;0,0;0,0
OV_IJM;NL:Q:46630210;Hotel Belterwiede;Wanneperveen;0,1;2,3;0,0;0,0;0,0;0,0
OV_IJM;NL:Q:46630220;Hotel Belterwiede;Wanneperveen;1,9;0,1;0,0;0,0;0,0;0,0
OV_IJM;NL:Q:46630230;Perceel 252;Wanneperveen;0,0;0,5;0,0;0,0;0,0;0,0
OV_IJM;NL:Q:46630240;Perceel 252;Wanneperveen;0,5;0,0;0,0;0,0;0,0;0,0
OV_IJM;NL:Q:46630250;Pavilj. Belterwiede;Wanneperveen;0,0;0,2;0,0;0,0;0,0;0,0
OV_IJM;NL:Q:46630260;Pavilj. Belterwiede;Wanneperveen;0,1;0,0;0,0;0,0;0,0;0,0
OV_IJM;NL:Q:46641030;Groene Kruis;Giethoorn;5,4;3,3;2,9;1,0;2,3;0,6
OV_IJM;NL:Q:46641040;Groene Kruis;Giethoorn;5,9;4,1;1,4;2,1;1,1;1,5
OV_IJM;NL:Q:46650010;Lindehof;Giethoorn;1,9;0,7;0,7;0,6;0,7;0,4
OV_IJM;NL:Q:46650020;Lindehof;Giethoorn;0,9;2,3;0,5;1,3;0,4;0,9
OV_IJM;NL:Q:46650030;Brug;Giethoorn;1,3;0,1;0,1;0,0;0,1;0,1
OV_IJM;NL:Q:46650040;Brug;Giethoorn;0,0;1,3;0,0;0,3;0,1;0,2
OV_IJM;NL:Q:46650050;Perceel 9;Giethoorn;0,1;0,2;0,3;0,0;0,1;0,0
OV_IJM;NL:Q:46650060;Perceel 9;Giethoorn;0,2;0,8;0,0;0,3;0,0;0,2
OV_IJM;NL:Q:46660010;Perceel 106;Kolderveen;0,0;0,1;0,0;0,0;0,0;0,0
OV_IJM;NL:Q:46660020;Perceel 106;Kolderveen;0,1;0,0;0,0;0,0;0,0;0,0
OV_IJM;NL:Q:46660030;Nieuwedijk;Dinxterveen;0,0;0,3;0,0;0,0;0,0;0,0
OV_IJM;NL:Q:46660040;Nieuwedijk;Dinxterveen;0,2;0,0;0,0;0,0;0,0;0,0
OV_IJM;NL:Q:46660050;Gasthuisdijk;Dinxterveen;0,3;0,9;0,0;0,0;0,0;0,0
OV_IJM;NL:Q:46660060;Gasthuisdijk;Dinxterveen;1,7;0,5;0,0;0,0;0,0;0,0
OV_IJM;NL:Q:46660070;Perceel 44;Dinxterveen;0,1;0,6;0,0;0,0;0,0;0,0
OV_IJM;NL:Q:46660080;Perceel 44;Dinxterveen;0,8;0,0;0,0;0,0;0,0;0,0
OV_IJM;NL:Q:46660090;Urkerpad;Wanneperveen;0,0;0,2;0,0;0,0;0,0;0,0
OV_IJM;NL:Q:46660100;Urkerpad;Wanneperveen;0,1;0,0;0,0;0,0;0,0;0,0
OV_IJM;NL:Q:46660110;Perceel 80;Wanneperveen;0,0;0,5;0,0;0,0;0,0;0,0
OV_IJM;NL:Q:46660120;Perceel 80;Wanneperveen;0,3;0,0;0,0;0,0;0,0;0,0
OV_IJM;NL:Q:46660130;Wethouder Vosstraat;Wanneperveen;0,2;3,9;0,0;0,0;0,0;0,0
OV_IJM;NL:Q:46660140;Wethouder Vosstraat;Wanneperveen;4,8;0,2;0,0;0,0;0,0;0,0
OV_IJM;NL:Q:46660150;Roege Hoeve;Wanneperveen;0,0;0,1;0,0;0,0;0,0;0,0
OV_IJM;NL:Q:46660160;Roege Hoeve;Wanneperveen;0,1;0,0;0,0;0,0;0,0;0,0
OV_IJM;NL:Q:46660170;'t Haagje;Wanneperveen;0,1;2,0;0,0;0,0;0,0;0,0
OV_IJM;NL:Q:46660180;'t Haagje;Wanneperveen;2,0;0,1;0,0;0,0;0,0;0,0
OV_IJM;NL:Q:47130010;Hasselterweg;Zwolle;11,1;7,6;3,9;3,2;2,6;1,9
OV_IJM;NL:Q:47130020;Hasselterweg;Zwolle;10,3;10,6;4,0;4,7;2,5;2,0
OV_IJM;NL:Q:47130030;Zwolseweg;Zwolle;0,7;1,5;0,2;0,7;0,1;0,3
OV_IJM;NL:Q:47130040;Zwolseweg;Zwolle;1,5;1,1;0,7;0,3;0,3;0,2
OV_IJM;NL:Q:47130100;Veecaten;'s-Heerenbroek;0,1;0,0;0,0;0,0;0,0;0,0
OV_IJM;NL:Q:47130150;Veecaten;'s-Heerenbroek;0,2;0,3;0,0;0,0;0,0;0,0
OV_IJM;NL:Q:47130200;Bisschopswetering;'s-Heerenbroek;0,5;1,0;0,0;0,0;0,0;0,0
OV_IJM;NL:Q:47130250;Bisschopswetering;'s-Heerenbroek;1,0;0,6;0,0;0,0;0,0;0,0
OV_IJM;NL:Q:47130300;Schoolsteeg;'s-Heerenbroek;0,2;0,1;0,0;0,0;0,0;0,0
OV_IJM;NL:Q:47130350;Schoolsteeg;'s-Heerenbroek;0,0;0,2;0,0;0,0;0,0;0,0
OV_IJM;NL:Q:47130400;Zwolseweg 56;'s-Heerenbroek;0,0;0,0;0,0;0,0;0,0;0,0
OV_IJM;NL:Q:47132520;Blaloweg/Hasselterweg;Zwolle;23,1;4,6;2,9;1,8;1,4;0,3
OV_IJM;NL:Q:47140160;Brinkweg;Zalk;0,2;0,0;0,0;0,0;0,0;0,0
OV_IJM;NL:Q:47150010;Stationslaan;Hattem;0,2;0,1;0,0;0,0;0,0;0,0
OV_IJM;NL:Q:47150290;IJsselbrug;Hattem;0,4;0,1;0,0;0,0;0,0;0,0
OV_IJM;NL:Q:47150310;Dorpsweg;Hattem;0,1;0,1;0,0;0,0;0,0;0,0
OV_IJM;NL:Q:47150320;De Bongerd;Hattem;0,2;0,4;0,0;0,0;0,0;0,0
OV_IJM;NL:Q:47150800;Burg Bijleveldsingel;Hattem;0,0;0,2;0,0;0,0;0,0;0,0
OV_IJM;NL:Q:47150900;Vechtstraat;Hattem;0,1;0,1;0,0;0,0;0,0;0,0
OV_IJM;NL:Q:47155005;Centrum;Hattem;1,7;1,0;0,0;0,0;0,0;0,0
OV_IJM;NL:Q:47155007;Noord;Hattem;0,3;0,0;0,0;0,0;0,0;0,0
OV_IJM;NL:Q:47155010;IJsselbrug;Hattem;0,0;0,8;0,0;0,0;0,0;0,0
OV_IJM;NL:Q:47230050;Zwolseweg 56;Wilsum;0,0;0,0;0,0;0,0;0,0;0,0
OV_IJM;NL:Q:47230100;Quarles v. Uffordweg;Wilsum;0,1;0,0;0,0;0,0;0,0;0,0
OV_IJM;NL:Q:47230110;Molenbelt;Wilsum;0,1;0,0;0,0;0,0;0,0;0,0
OV_IJM;NL:Q:47230130;Dorpsweg;Wilsum;0,0;0,1;0,0;0,0;0,0;0,0
OV_IJM;NL:Q:47230150;Quarles v. Uffordweg;Wilsum;0,0;0,2;0,0;0,0;0,0;0,0
OV_IJM;NL:Q:47230160;Nieuwstad;Wilsum;0,0;0,0;0,0;0,0;0,0;0,0
OV_IJM;NL:Q:47230170;Nieuwstad;Wilsum;0,0;0,0;0,0;0,0;0,0;0,0
OV_IJM;NL:Q:47230180;Westenbergstraat;Wilsum;0,2;0,2;0,0;0,0;0,0;0,0
OV_IJM;NL:Q:47230200;Wilsumersteeg;Wilsum;0,1;0,0;0,0;0,0;0,0;0,0
OV_IJM;NL:Q:47230250;Wilsumersteeg;Wilsum;0,0;0,1;0,0;0,0;0,0;0,0
OV_IJM;NL:Q:47230300;Zwolseweg 44;IJsselmuiden;0,0;0,0;0,0;0,0;0,0;0,0
OV_IJM;NL:Q:47320060;Brinkweg;Zalk;0,0;0,1;0,0;0,0;0,0;0,0
OV_IJM;NL:Q:47320070;Koelucht;De Zande;0,0;0,0;0,0;0,0;0,0;0,0
OV_IJM;NL:Q:47320080;Zalkerdijk;De Zande;0,1;0,3;0,0;0,0;0,0;0,0
OV_IJM;NL:Q:47320090;Zalkerdijk;De Zande;0,4;0,1;0,0;0,0;0,0;0,0
OV_IJM;NL:Q:47320110;Oase;Zalk;0,3;0,3;0,0;0,0;0,0;0,0
OV_IJM;NL:Q:47320120;Oase;Zalk;0,4;0,4;0,0;0,0;0,0;0,0
OV_IJM;NL:Q:47330080;Gemeentehuis;Kampen;2,5;3,2;0,0;0,0;0,0;0,0
OV_IJM;NL:Q:47330120;Beneluxweg;Kampen;12,8;1,4;0,9;0,3;0,0;0,0
OV_IJM;NL:Q:47330130;Beneluxweg;Kampen;1,4;14,3;0,3;0,9;0,0;0,0
OV_IJM;NL:Q:47330140;Oosterlandenweg;IJsselmuiden;0,0;0,2;0,0;0,0;0,0;0,0
OV_IJM;NL:Q:47330150;IJsselbrug;Kampen;6,5;2,9;4,0;0,5;0,0;0,0
OV_IJM;NL:Q:47330160;Venedijk;Kampen;14,5;0,9;0,0;0,0;0,0;0,0
OV_IJM;NL:Q:47330170;Oosterlandenweg;IJsselmuiden;0,1;0,0;0,0;0,0;0,0;0,0
OV_IJM;NL:Q:47330200;IJsselbrug;Kampen;0,8;8,8;0,2;4,9;0,0;0,0
OV_IJM;NL:Q:47330201;IJsselbrug;Kampen;10,9;2,8;0,0;0,0;0,0;0,0
OV_IJM;NL:Q:47330210;IJsselbrug;Kampen;1,5;13,2;0,0;0,0;0,0;0,0
OV_IJM;NL:Q:47330220;Colijnlaan;Kampen;2,4;13,2;0,5;1,9;0,0;0,0
OV_IJM;NL:Q:47330230;Ommelandsingel;Kampen;0,1;6,8;0,1;1,2;0,0;0,0
OV_IJM;NL:Q:47330250;Van Heutszplein;Kampen;0,5;1,1;0,4;0,2;0,0;0,0
OV_IJM;NL:Q:47330300;Van Heutszplein;Kampen;0,4;2,0;0,3;0,6;0,0;0,0
OV_IJM;NL:Q:47331110;Drostenstraat;IJsselmuiden;0,1;0,0;0,0;0,0;0,0;0,0
OV_IJM;NL:Q:47331120;Drostenstraat;IJsselmuiden;0,0;0,1;0,0;0,0;0,0;0,0
OV_IJM;NL:Q:47331130;Markeresstraat;IJsselmuiden;0,1;0,0;0,0;0,0;0,0;0,0
OV_IJM;NL:Q:47331140;Markeresstraat;IJsselmuiden;0,1;0,1;0,0;0,0;0,0;0,0
OV_IJM;NL:Q:47331160;Slenkstraat;IJsselmuiden;0,0;0,1;0,0;0,0;0,0;0,0
OV_IJM;NL:Q:47331170;Slenkstraat;IJsselmuiden;0,1;0,0;0,0;0,0;0,0;0,0
OV_IJM;NL:Q:47331180;Burg. van Engelenweg;IJsselmuiden;0,8;1,3;0,0;0,0;0,0;0,0
OV_IJM;NL:Q:47331230;Doctor Kolfflaan;Kampen;1,2;12,1;0,1;0,9;0,0;0,0
OV_IJM;NL:Q:47331250;Amandelboom;Kampen;2,4;5,6;1,3;0,8;0,0;0,0
OV_IJM;NL:Q:47331270;Akelei;Kampen;2,4;11,9;0,6;1,1;0,0;0,0
OV_IJM;NL:Q:47331280;Akelei;Kampen;11,8;1,4;0,9;0,6;0,0;0,0
OV_IJM;NL:Q:47331310;Vijverhof;Kampen;2,3;4,7;0,0;0,0;0,0;0,0
OV_IJM;NL:Q:47331320;Vijverhof;Kampen;4,2;2,6;0,0;0,0;0,0;0,0
OV_IJM;NL:Q:47331900;Bovenhavenstraat;Kampen;4,4;5,4;0,0;0,0;0,0;0,0
OV_IJM;NL:Q:47332200;Koornmarkt;Kampen;4,9;2,8;0,0;0,0;0,0;0,0
OV_IJM;NL:Q:47332210;Koornmarkt;Kampen;1,6;6,4;0,0;0,0;0,0;0,0
OV_IJM;NL:Q:47332300;Bovenhavenstraat;Kampen;11,9;1,5;0,0;0,0;0,0;0,0
OV_IJM;NL:Q:47332310;Meenteweg;Grafhorst;2,5;0,9;0,0;0,0;0,0;0,0
OV_IJM;NL:Q:47332320;Meenteweg;Grafhorst;1,4;2,7;0,0;0,0;0,0;0,0
OV_IJM;NL:Q:47332600;Verzinkerij;IJsselmuiden;0,0;0,5;0,0;0,0;0,0;0,0
OV_IJM;NL:Q:47332700;Grafhorsterweg;IJsselmuiden;0,8;3,9;0,7;0,4;0,0;0,2
OV_IJM;NL:Q:47332750;Grafhorsterweg;IJsselmuiden;1,5;1,0;0,3;0,1;0,1;0,1
OV_IJM;NL:Q:47332800;Natuurbad Seveningen;Kampereiland;0,7;0,3;0,2;0,2;0,2;0,1
OV_IJM;NL:Q:47332850;Zwolseweg 44;IJsselmuiden;0,0;0,0;0,0;0,0;0,0;0,0
OV_IJM;NL:Q:47332950;Verzinkerij;IJsselmuiden;0,2;0,4;0,0;0,0;0,0;0,0
OV_IJM;NL:Q:47333250;Oranjesingel;Kampen;0,6;5,0;0,2;0,5;0,0;0,0
OV_IJM;NL:Q:47333300;Oostzeestraat;Kampen;9,1;1,2;0,5;0,8;0,0;0,0
OV_IJM;NL:Q:47333350;Oostzeestraat;Kampen;1,1;8,0;0,3;0,9;0,0;0,0
OV_IJM;NL:Q:47333410;Almere College;Kampen;0,6;4,1;0,0;0,0;0,0;0,0
OV_IJM;NL:Q:47333450;Almere College;Kampen;5,3;1,2;0,0;0,0;0,0;0,0
OV_IJM;NL:Q:47333500;Nijverheidsstraat;Kampen;4,1;16,3;0,0;0,0;0,0;0,0
OV_IJM;NL:Q:47333650;Hilbert v Dijkstraat;Kampen;1,7;10,3;0,2;0,7;0,0;0,0
OV_IJM;NL:Q:47333850;Beekmanstraat;Kampen;4,1;4,9;0,8;0,9;0,0;0,0
OV_IJM;NL:Q:47333950;Leeghwaterstraat;Kampen;2,7;4,7;1,0;1,2;0,0;0,0
OV_IJM;NL:Q:47334050;Sterrekroos;Kampen;1,9;11,6;0,7;2,2;0,0;0,0
OV_IJM;NL:Q:47334070;Ereprijs;Kampen;6,5;0,9;0,9;0,1;0,0;0,0
OV_IJM;NL:Q:47334150;Ereprijs;Kampen;1,3;8,0;0,2;1,8;0,0;0,0
OV_IJM;NL:Q:47334350;Andoorn;Kampen;1,7;6,6;0,4;1,3;0,0;0,0
OV_IJM;NL:Q:47334450;Tormentil;Kampen;2,2;6,1;0,4;0,5;0,0;0,0
OV_IJM;NL:Q:47334460;Tormentil;Kampen;7,8;2,1;0,4;0,3;0,0;0,0
OV_IJM;NL:Q:47334750;Isala Polikliniek;Kampen;2,3;1,8;0,0;0,0;0,0;0,0
OV_IJM;NL:Q:47334800;Isala Polikliniek;Kampen;0,8;2,3;0,0;0,0;0,0;0,0
OV_IJM;NL:Q:47335000;Station;Kampen;4,3;0,3;0,0;0,0;0,0;0,0
OV_IJM;NL:Q:47335010;Station;Kampen;15,7;89,8;2,2;10,5;0,0;0,0
OV_IJM;NL:Q:47335020;Station;Kampen;121,5;36,0;14,5;1,1;0,0;0,0
OV_IJM;NL:Q:47335030;Station;Kampen;123,4;357,9;22,9;81,8;12,4;62,7
OV_IJM;NL:Q:47335040;Station;Kampen;428,2;125,8;99,3;23,9;54,3;26,2
OV_IJM;NL:Q:47335050;Station;Kampen;57,4;56,5;0,0;0,0;0,0;0,0
OV_IJM;NL:Q:47335060;Station;Kampen;38,1;50,6;0,0;0,0;0,0;0,0
OV_IJM;NL:Q:47336000;Kalmoessingel;Kampen;5,8;5,4;0,0;0,0;0,0;0,0
OV_IJM;NL:Q:47336050;Kalmoessingel;Kampen;4,6;5,5;0,0;0,0;0,0;0,0
OV_IJM;NL:Q:47336100;GSG Pieter Zandt;Kampen;22,0;24,7;0,0;0,0;0,0;0,0
OV_IJM;NL:Q:47337010;Burg. van Engelenweg;IJsselmuiden;1,3;1,4;0,0;0,0;0,0;0,0
OV_IJM;NL:Q:47420010;Onderdijks;Kampen;0,1;0,0;0,0;0,0;0,0;0,0
OV_IJM;NL:Q:47420020;Onderdijks;Kampen;0,1;0,4;0,0;0,0;0,0;0,0
OV_IJM;NL:Q:47420100;Koelucht;De Zande;0,0;0,0;0,0;0,0;0,0;0,0
OV_IJM;NL:Q:47420150;Venedijk;Kampen;25,3;24,7;0,0;0,0;0,0;0,0
OV_IJM;NL:Q:47430050;Nijverheidsstraat;Kampen;17,1;6,4;0,0;0,0;0,0;0,0
OV_IJM;NL:Q:47430200;Roggebotsluis;Dronten;34,1;32,3;0,0;0,0;0,0;0,0
OV_IJM;NL:Q:47430250;Roggebotsluis;Dronten;32,1;0,0;0,0;0,0;0,0;0,0
OV_IJM;NL:Q:47430300;Oudebosweg;Dronten;0,2;0,0;0,0;0,0;0,0;0,0
OV_IJM;NL:Q:47530020;Ketelweg;Dronten;0,3;0,0;0,0;0,0;0,0;0,0
OV_IJM;NL:Q:47530050;Oudebosweg;Dronten;0,0;0,6;0,0;0,0;0,0;0,0
OV_IJM;NL:Q:49000050;Lelycentre;Lelystad;0,0;3,1;0,0;0,0;0,0;0,0
OV_IJM;NL:Q:49000060;Rotondebrug;Lelystad;0,0;0,0;0,0;0,0;0,0;0,0
OV_IJM;NL:Q:49000070;Rotondebrug;Lelystad;0,0;1,1;0,0;0,0;0,0;0,0
OV_IJM;NL:Q:49000101;Lelycentre;Lelystad;2,3;0,0;0,0;0,0;0,0;0,0
OV_IJM;NL:Q:49005010;Station Centrum;Lelystad;8,9;5,7;0,0;0,0;0,0;0,0
OV_IJM;NL:Q:49005020;Station Centrum;Lelystad;0,0;0,9;0,0;0,0;0,0;0,0
OV_IJM;NL:Q:49005250;Schansbrug;Lelystad;0,0;0,0;0,0;0,0;0,0;0,0
OV_IJM;NL:Q:49330050;Rietweg;Dronten;0,0;0,5;0,0;0,0;0,0;0,0
OV_IJM;NL:Q:49340010;Bloemenwijk;Swifterbant;0,0;0,0;0,0;0,0;0,0;0,0
OV_IJM;NL:Q:49340020;Bloemenwijk;Swifterbant;0,0;0,4;0,0;0,0;0,0;0,0
OV_IJM;NL:Q:49340040;Industrieweg;Swifterbant;0,0;0,0;0,0;0,0;0,0;0,0
OV_IJM;NL:Q:49340050;Industrieweg;Swifterbant;0,0;0,0;0,0;0,0;0,0;0,0
OV_IJM;NL:Q:49340080;De Lange Streek;Swifterbant;0,0;0,1;0,0;0,0;0,0;0,0
OV_IJM;NL:Q:49340090;De Lange Streek;Swifterbant;0,0;0,0;0,0;0,0;0,0;0,0
OV_IJM;NL:Q:49340100;Tarpanweg;Swifterbant;0,0;0,0;0,0;0,0;0,0;0,0
OV_IJM;NL:Q:49340140;Het Blazoen;Swifterbant;0,0;0,0;0,0;0,0;0,0;0,0
OV_IJM;NL:Q:49430110;Manege;Dronten;0,1;0,0;0,0;0,0;0,0;0,0
OV_IJM;NL:Q:49430120;Manege;Dronten;0,0;0,0;0,0;0,0;0,0;0,0
OV_IJM;NL:Q:49430150;Baskenstraat;Dronten;0,0;0,0;0,0;0,0;0,0;0,0
OV_IJM;NL:Q:49430260;Rietweg;Dronten;0,7;0,0;0,0;0,0;0,0;0,0
OV_IJM;NL:Q:49430300;De Boeg;Dronten;0,0;0,0;0,0;0,0;0,0;0,0
OV_IJM;NL:Q:49430310;De Ketting;Dronten;0,0;0,0;0,0;0,0;0,0;0,0
OV_IJM;NL:Q:49430393;Station;Dronten;1,7;0,0;0,0;0,0;0,0;0,0
OV_IJM;NL:Q:49430421;Station;Dronten;0,0;3,6;0,0;0,0;0,0;0,0
OV_IJM;NL:Q:49430422;Station;Dronten;0,7;0,1;0,0;0,0;0,0;0,0
OV_IJM;NL:Q:49430423;Station;Dronten;0,0;1,4;0,0;0,0;0,0;0,0
OV_IJM;NL:Q:49430425;Station;Dronten;35,4;64,1;0,0;0,0;0,0;0,0
OV_IJM;NL:Q:49430430;Dukaat;Dronten;0,0;0,0;0,0;0,0;0,0;0,0
OV_IJM;NL:Q:49430450;Het Spaarne;Dronten;0,0;0,0;0,0;0,0;0,0;0,0
OV_IJM;NL:Q:49430480;Het Spaarne;Dronten;0,0;0,0;0,0;0,0;0,0;0,0
OV_IJM;NL:Q:49430490;Beiersgulden;Dronten;0,0;0,3;0,0;0,0;0,0;0,0
OV_IJM;NL:Q:49430510;Eurosingel;Dronten;0,0;0,0;0,0;0,0;0,0;0,0
OV_IJM;NL:Q:49430520;Eurosingel;Dronten;0,0;0,0;0,0;0,0;0,0;0,0
OV_IJM;NL:Q:49430590;Aeres Hogeschool;Dronten;0,3;0,0;0,0;0,0;0,0;0,0
OV_IJM;NL:Q:49430600;Aeres Hogeschool;Dronten;0,0;0,1;0,0;0,0;0,0;0,0
OV_IJM;NL:Q:49430610;Beiersgulden;Dronten;0,0;0,0;0,0;0,0;0,0;0,0
OV_IJM;NL:Q:49430620;De Morgen;Dronten;0,2;0,0;0,0;0,0;0,0;0,0
OV_IJM;NL:Q:49430630;De Morgen;Dronten;0,0;0,0;0,0;0,0;0,0;0,0
OV_IJM;NL:Q:49430640;De Barrage;Dronten;0,0;0,0;0,0;0,0;0,0;0,0
OV_IJM;NL:Q:49430650;De Barrage;Dronten;0,0;0,0;0,0;0,0;0,0;0,0
OV_IJM;NL:Q:49430740;Meerpaal;Dronten;0,0;0,0;0,0;0,0;0,0;0,0
OV_IJM;NL:Q:49430760;Centrum;Dronten;0,8;0,0;0,0;0,0;0,0;0,0
OV_IJM;NL:Q:49430770;Centrum;Dronten;0,0;0,1;0,0;0,0;0,0;0,0
OV_IJM;NL:Q:49530010;Ketelweg;Dronten;0,0;0,4;0,0;0,0;0,0;0,0
OV_IJM;NL:Q:49530020;Hanzeweg 17;Dronten;0,1;0,2;0,0;0,0;0,0;0,0
OV_IJM;NL:Q:49530030;Hanzeweg 17;Dronten;0,0;0,2;0,0;0,0;0,0;0,0
OV_IJM;NL:Q:49613077;Dolfinarium;Harderwijk;0,0;0,0;0,0;0,0;0,0;0,0
OV_IJM;NL:Q:49613902;Station;Harderwijk;0,0;0,0;0,0;0,0;0,0;0,0
OV_IJM;NL:Q:49660010;Plein;Biddinghuizen;0,0;0,0;0,0;0,0;0,0;0,0
OV_IJM;NL:Q:49660020;Plein;Biddinghuizen;0,0;0,0;0,0;0,0;0,0;0,0
OV_IJM;NL:Q:49660050;Dreef;Biddinghuizen;0,0;0,0;0,0;0,0;0,0;0,0
OV_IJM;NL:Q:49730010;Alikruikweg;Biddinghuizen;0,0;0,0;0,0;0,0;0,0;0,0
OV_IJM;NL:Q:49790030;Langezand;Zeewolde;0,0;0,0;0,0;0,0;0,0;0,0
SAN;DE:Q:80000060;Hulsmann;Wyler;1,2;0,0;0,0;0,0;0,0;0,0
SAN;DE:Q:80000090;Hulsmann;Wyler;0,0;1,0;0,0;0,0;0,0;0,0
SAN;DE:Q:80000130;Altes Zollamt;Wyler;0,0;0,4;0,0;0,0;0,0;0,0
SAN;DE:Q:80000140;Altes Zollamt;Wyler;0,6;0,0;0,0;0,0;0,0;0,0
SAN;DE:Q:80000170;Muhle;Wyler;0,1;0,7;0,0;0,0;0,0;0,0
SAN;DE:Q:80000180;Muhle;Wyler;0,9;0,0;0,0;0,0;0,0;0,0
SAN;DE:Q:80000210;Grenzweg;Wyler;0,0;0,3;0,0;0,0;0,0;0,0
SAN;DE:Q:80000220;Grenzweg;Wyler;0,4;0,0;0,0;0,0;0,0;0,0
SAN;DE:Q:80000250;Richtersgut;Kranenburg;0,1;1,3;0,0;0,0;0,0;0,0
SAN;DE:Q:80000260;Richtersgut;Kranenburg;2,4;0,0;0,0;0,0;0,0;0,0
SAN;DE:Q:80000300;Kranenburg Mitte;Kranenburg;2,8;0,0;0,0;0,0;0,0;0,0
SAN;DE:Q:80000340;Burgermeisteramt;Kranenburg;5,8;4,4;0,0;0,0;0,0;0,0
SAN;DE:Q:80000510;Markt;Elten;6,4;1,0;0,0;0,0;0,0;0,0
SAN;DE:Q:80000520;Markt;Elten;1,1;5,9;0,0;0,0;0,0;0,0
SAN;DE:Q:80000530;Neustadt;Elten;2,5;0,1;0,0;0,0;0,0;0,0
SAN;DE:Q:80000540;Neustadt;Elten;0,2;2,5;0,0;0,0;0,0;0,0
SAN;DE:Q:80000560;Hauberg;Elten;0,1;0,5;0,0;0,0;0,0;0,0
SAN;DE:Q:80000570;Feldhausener Weg;Elten;0,0;0,0;0,0;0,0;0,0;0,0
SAN;DE:Q:80000580;Feldhausener Weg;Elten;0,0;0,5;0,0;0,0;0,0;0,0
SAN;DE:Q:80000590;Hauberg;Elten;0,7;0,1;0,0;0,0;0,0;0,0
SAN;DE:Q:80000610;;;0,1;2,0;0,0;0,0;0,0;0,0
SAN;NL:Q:40000090;Station Velperpoort;Arnhem;579,4;323,0;0,0;0,0;0,0;0,0
SAN;NL:Q:40000100;Station Velperpoort;Arnhem;359,0;548,4;0,0;0,0;0,0;0,0
SAN;NL:Q:40000110;Hoflaan;Arnhem;83,7;411,1;0,0;0,0;0,0;0,0
SAN;NL:Q:40000120;Hoflaan;Arnhem;433,2;84,3;0,0;0,0;0,0;0,0
SAN;NL:Q:40000130;Raapopseweg;Arnhem;53,7;137,6;0,0;0,0;0,0;0,0
SAN;NL:Q:40000140;Raapopseweg;Arnhem;282,7;98,4;0,0;0,0;0,0;0,0
SAN;NL:Q:40000150;Huyghenslaan;Arnhem;10,1;60,6;0,0;0,0;0,0;0,0
SAN;NL:Q:40000160;Huyghenslaan;Arnhem;53,1;12,2;0,0;0,0;0,0;0,0
SAN;NL:Q:40000170;Esperantolaan;Arnhem;10,4;55,8;0,0;0,0;0,0;0,0
SAN;NL:Q:40000180;Esperantolaan;Arnhem;36,5;7,4;0,0;0,0;0,0;0,0
SAN;NL:Q:40000190;Vondellaan;Arnhem;26,9;187,9;0,0;0,0;0,0;0,0
SAN;NL:Q:40000200;Vondellaan;Arnhem;133,4;31,4;0,0;0,0;0,0;0,0
SAN;NL:Q:40000220;Bronbeek;Arnhem;32,8;7,5;0,0;0,0;0,0;0,0
SAN;NL:Q:40000310;Dedelstraat;Arnhem;0,5;15,2;0,0;0,0;0,0;0,0
SAN;NL:Q:40000320;van Speykstraat;Arnhem;14,6;1,0;0,0;0,0;0,0;0,0
SAN;NL:Q:40000330;van Speykstraat;Arnhem;0,9;9,5;0,0;0,0;0,0;0,0
SAN;NL:Q:40000340;Delta;Arnhem;0,4;18,3;0,0;0,0;0,0;0,0
SAN;NL:Q:40000350;Delta;Arnhem;15,3;0,1;0,0;0,0;0,0;0,0
SAN;NL:Q:40000360;IJsseloord 1;Arnhem;21,8;0,6;0,0;0,0;0,0;0,0
SAN;NL:Q:40000370;IJsseloord 1;Arnhem;0,9;13,5;0,0;0,0;0,0;0,0
SAN;NL:Q:40000380;Meander;Arnhem;0,7;14,5;0,0;0,0;0,0;0,0
SAN;NL:Q:40000390;Meander;Arnhem;10,9;0,2;0,0;0,0;0,0;0,0
SAN;NL:Q:40000510;Museum Arnhem;Arnhem;38,3;42,0;0,0;0,0;0,0;0,0
SAN;NL:Q:40000520;Museum Arnhem;Arnhem;27,8;74,4;0,0;0,0;0,0;0,0
SAN;NL:Q:40000530;Zwarteweg;Arnhem;21,2;101,5;0,0;0,0;0,0;0,0
SAN;NL:Q:40000540;Zwarteweg;Arnhem;88,7;21,3;0,0;0,0;0,0;0,0
SAN;NL:Q:40000550;Oranjestraat;Arnhem;27,1;147,1;0,0;0,0;0,0;0,0
SAN;NL:Q:40000560;Oranjestraat;Arnhem;154,8;25,8;0,0;0,0;0,0;0,0
SAN;NL:Q:40000570;Klingelbeekseweg;Arnhem;1,8;51,2;0,0;0,0;0,0;0,0
SAN;NL:Q:40000580;Klingelbeekseweg;Arnhem;33,8;3,2;0,0;0,0;0,0;0,0
SAN;NL:Q:40000600;Arnhems Buiten;Arnhem;127,2;15,1;0,0;0,0;0,0;0,0
SAN;NL:Q:40000650;tunnel IJsseloord;Arnhem;10,2;35,7;0,0;0,0;0,0;0,0
SAN;NL:Q:40000660;tunnel IJsseloord;Arnhem;35,3;14,2;0,0;0,0;0,0;0,0
SAN;NL:Q:40000670;Blankenweg;Arnhem;11,8;40,6;0,0;0,0;0,0;0,0
SAN;NL:Q:40000680;Blankenweg;Arnhem;23,7;12,4;0,0;0,0;0,0;0,0
SAN;NL:Q:40000690;Dr. C. Lelyweg Noord;Arnhem;22,1;26,5;0,0;0,0;0,0;0,0
SAN;NL:Q:40000700;Dr. C. Lelyweg Noord;Arnhem;12,7;22,6;0,0;0,0;0,0;0,0
SAN;NL:Q:40000970;IJsseloord 2;Arnhem;29,9;34,6;0,0;0,0;0,0;0,0
SAN;NL:Q:40001000;Middachtensingel;Arnhem;0,3;9,7;0,0;0,0;0,0;0,0
SAN;NL:Q:40001050;Sonsbeekweg;Arnhem;3,7;1,4;0,0;0,0;0,0;0,0
SAN;NL:Q:40001060;Sonsbeekweg;Arnhem;0,5;7,4;0,0;0,0;0,0;0,0
SAN;NL:Q:40001070;Burgemeestersplein;Arnhem;3,1;5,7;0,0;0,0;0,0;0,0
SAN;NL:Q:40001080;Burgemeestersplein;Arnhem;2,5;8,5;0,0;0,0;0,0;0,0
SAN;NL:Q:40001090;Burg. Weertsstraat;Arnhem;8,1;36,8;0,0;0,0;0,0;0,0
SAN;NL:Q:40001100;Burg. Weertsstraat;Arnhem;30,3;7,6;0,0;0,0;0,0;0,0
SAN;NL:Q:40001110;Izaak Evertslaan;Arnhem;2,2;26,5;0,0;0,0;0,0;0,0
SAN;NL:Q:40001120;Izaak Evertslaan;Arnhem;23,8;2,5;0,0;0,0;0,0;0,0
SAN;NL:Q:40001140;van Ruisdaelstraat;Arnhem;16,0;0,3;0,0;0,0;0,0;0,0
SAN;NL:Q:40001230;Landgoed Rosorum;Arnhem;0,2;6,0;0,0;0,0;0,0;0,0
SAN;NL:Q:40001240;Landgoed Rosorum;Arnhem;0,7;0,2;0,0;0,0;0,0;0,0
SAN;NL:Q:40001250;Schelmseweg;Arnhem;14,9;3,6;0,0;0,0;0,0;0,0
SAN;NL:Q:40001260;Amsterdamseweg/Het Dorp;Arnhem;1,8;0,1;0,0;0,0;0,0;0,0
SAN;NL:Q:40001270;Amsterdamseweg/Het Dorp;Arnhem;0,5;5,4;0,0;0,0;0,0;0,0
SAN;NL:Q:40001530;Roermondsplein;Arnhem;5,6;2,1;0,0;0,0;0,0;0,0
SAN;NL:Q:40001600;Het Venster;Arnhem;6,6;1,7;0,0;0,0;0,0;0,0
SAN;NL:Q:40001620;Beekdal Lyceum;Arnhem;16,3;12,8;0,0;0,0;0,0;0,0
SAN;NL:Q:40001630;Raapopseweg;Arnhem;35,3;113,5;0,0;0,0;0,0;0,0
SAN;NL:Q:40001670;De Drie Gasthuizen;Arnhem;11,2;151,4;0,0;0,0;0,0;0,0
SAN;NL:Q:40001680;De Drie Gasthuizen;Arnhem;131,9;12,3;0,0;0,0;0,0;0,0
SAN;NL:Q:40001690;Bernhardlaan;Arnhem;7,2;68,7;0,0;0,0;0,0;0,0
SAN;NL:Q:40001700;Bernhardlaan;Arnhem;58,5;6,2;0,0;0,0;0,0;0,0
SAN;NL:Q:40001710;Dr. Schaepmanlaan;Arnhem;19,0;189,8;0,0;0,0;0,0;0,0
SAN;NL:Q:40001720;Dr. Schaepmanlaan;Arnhem;202,0;9,8;0,0;0,0;0,0;0,0
SAN;NL:Q:40001730;Middenweg;Arnhem;5,8;74,9;0,0;0,0;0,0;0,0
SAN;NL:Q:40001740;Middenweg;Arnhem;84,4;5,2;0,0;0,0;0,0;0,0
SAN;NL:Q:40001750;Marktplein (Geitenkamp);Arnhem;11,3;131,3;0,0;0,0;0,0;0,0
SAN;NL:Q:40001760;Marktplein (Geitenkamp);Arnhem;141,6;7,0;0,0;0,0;0,0;0,0
SAN;NL:Q:40001770;Zaslaan;Arnhem;6,0;134,3;0,0;0,0;0,0;0,0
SAN;NL:Q:40001780;Zaslaan;Arnhem;70,2;1,4;0,0;0,0;0,0;0,0
SAN;NL:Q:40001790;Schuttersbergplein;Arnhem;3,3;96,8;0,0;0,0;0,0;0,0
SAN;NL:Q:40001800;Schuttersbergplein;Arnhem;91,2;7,7;0,0;0,0;0,0;0,0
SAN;NL:Q:40001810;Roerdomplaan;Arnhem;2,2;64,8;0,0;0,0;0,0;0,0
SAN;NL:Q:40001820;Roerdomplaan;Arnhem;33,6;0,8;0,0;0,0;0,0;0,0
SAN;NL:Q:40001870;Schuttersbergplein;Arnhem;2,4;5,3;0,0;0,0;0,0;0,0
SAN;NL:Q:40001880;Schuttersbergplein;Arnhem;4,5;4,0;0,0;0,0;0,0;0,0
SAN;NL:Q:40001890;Zaslaan;Arnhem;5,6;5,6;0,0;0,0;0,0;0,0
SAN;NL:Q:40001900;Zaslaan;Arnhem;6,7;3,0;0,0;0,0;0,0;0,0
SAN;NL:Q:40002050;Bothaplein;Arnhem;14,1;7,6;0,0;0,0;0,0;0,0
SAN;NL:Q:40002060;Bothaplein;Arnhem;3,4;24,5;0,0;0,0;0,0;0,0
SAN;NL:Q:40002070;Jacob Cremerstraat;Arnhem;12,6;70,5;0,0;0,0;0,0;0,0
SAN;NL:Q:40002080;Jacob Cremerstraat;Arnhem;38,5;10,6;0,0;0,0;0,0;0,0
SAN;NL:Q:40002090;Graaf Ottoplein;Arnhem;9,0;105,3;0,0;0,0;0,0;0,0
SAN;NL:Q:40002100;Graaf Ottoplein;Arnhem;102,9;11,1;0,0;0,0;0,0;0,0
SAN;NL:Q:40002110;Graaf Lodewijkstraat;Arnhem;25,2;93,4;0,0;0,0;0,0;0,0
SAN;NL:Q:40002120;Graaf Lodewijkstraat;Arnhem;105,8;23,0;0,0;0,0;0,0;0,0
SAN;NL:Q:40002130;Dalweg;Arnhem;5,7;43,8;0,0;0,0;0,0;0,0
SAN;NL:Q:40002140;Dalweg;Arnhem;46,9;9,1;0,0;0,0;0,0;0,0
SAN;NL:Q:40002150;Heselbergherweg;Arnhem;1,6;14,2;0,0;0,0;0,0;0,0
SAN;NL:Q:40002160;Heselbergherweg;Arnhem;12,4;1,5;0,0;0,0;0,0;0,0
SAN;NL:Q:40002170;Ziekenhuis Rijnstate;Arnhem;120,6;401,7;0,0;0,0;0,0;0,0
SAN;NL:Q:40002180;Ziekenhuis Rijnstate;Arnhem;377,1;96,0;0,0;0,0;0,0;0,0
SAN;NL:Q:40002550;Airborneplein;Arnhem;223,6;90,8;0,0;0,0;0,0;0,0
SAN;NL:Q:40002570;Stadstheater Arnhem;Arnhem;141,2;98,0;0,0;0,0;0,0;0,0
SAN;NL:Q:40002580;Airborneplein;Arnhem;104,2;372,2;0,0;0,0;0,0;0,0
SAN;NL:Q:40002590;De Monchyplein;Arnhem;210,8;537,2;0,0;0,0;0,0;0,0
SAN;NL:Q:40002600;De Monchyplein;Arnhem;485,5;155,8;0,0;0,0;0,0;0,0
SAN;NL:Q:40002610;Groene Weide;Arnhem;50,5;113,7;0,0;0,0;0,0;0,0
SAN;NL:Q:40002620;Groene Weide;Arnhem;123,0;49,1;0,0;0,0;0,0;0,0
SAN;NL:Q:40002630;Visserslaan;Arnhem;2,6;181,7;0,0;0,0;0,0;0,0
SAN;NL:Q:40002640;Visserslaan;Arnhem;51,0;12,5;0,0;0,0;0,0;0,0
SAN;NL:Q:40002650;Biezenlaan;Arnhem;4,8;165,8;0,0;0,0;0,0;0,0
SAN;NL:Q:40002660;Biezenlaan;Arnhem;297,6;6,4;0,0;0,0;0,0;0,0
SAN;NL:Q:40002680;Stadswaardenlaan;Arnhem;255,7;13,7;0,0;0,0;0,0;0,0
SAN;NL:Q:40002690;Stadswaardenlaan;Arnhem;16,9;204,2;0,0;0,0;0,0;0,0
SAN;NL:Q:40002770;Immerloo;Arnhem;2,6;66,4;0,0;0,0;0,0;0,0
SAN;NL:Q:40002780;Immerloo;Arnhem;65,5;2,9;0,0;0,0;0,0;0,0
SAN;NL:Q:40002800;Oude Huissenseweg;Arnhem;20,7;18,9;0,0;0,0;0,0;0,0
SAN;NL:Q:40002810;Oude Huissenseweg;Arnhem;19,4;50,5;0,0;0,0;0,0;0,0
SAN;NL:Q:40002901;Monnikensteeg;Arnhem;12,4;1,6;0,0;0,0;0,0;0,0
SAN;NL:Q:40002911;Monnikensteeg;Arnhem;2,3;9,1;0,0;0,0;0,0;0,0
SAN;NL:Q:40003000;Dedelstraat;Arnhem;27,8;0,2;0,0;0,0;0,0;0,0
SAN;NL:Q:40003030;Rozet;Arnhem;19,9;6,4;0,0;0,0;0,0;0,0
SAN;NL:Q:40003040;Rozet;Arnhem;2,1;55,6;0,0;0,0;0,0;0,0
SAN;NL:Q:40003070;Eusebiuskerk;Arnhem;24,3;19,4;0,0;0,0;0,0;0,0
SAN;NL:Q:40003080;Eusebiuskerk;Arnhem;25,5;44,0;0,0;0,0;0,0;0,0
SAN;NL:Q:40003130;Speenkruidstraat;Arnhem;9,9;24,1;0,0;0,0;0,0;0,0
SAN;NL:Q:40003140;Speenkruidstraat;Arnhem;28,1;8,3;0,0;0,0;0,0;0,0
SAN;NL:Q:40003170;Rijnhal;Arnhem;35,3;116,6;0,0;0,0;0,0;0,0
SAN;NL:Q:40003180;Rijnhal;Arnhem;118,4;36,7;0,0;0,0;0,0;0,0
SAN;NL:Q:40003200;Winkelcentrum Kronenburg;Arnhem;1204,2;430,3;0,0;0,0;0,0;0,0
SAN;NL:Q:40003570;Sonsbeek;Arnhem;6,8;49,5;0,0;0,0;0,0;0,0
SAN;NL:Q:40003580;Sonsbeek;Arnhem;27,8;8,2;0,0;0,0;0,0;0,0
SAN;NL:Q:40003650;Wielewaalstraat/Hoogte80;Arnhem;1,6;3,7;0,0;0,0;0,0;0,0
SAN;NL:Q:40003660;Wielewaalstraat/Hoogte80;Arnhem;11,4;2,6;0,0;0,0;0,0;0,0
SAN;NL:Q:40003670;Dominee Bechtlaan;Arnhem;3,7;5,9;0,0;0,0;0,0;0,0
SAN;NL:Q:40003680;Dominee Bechtlaan;Arnhem;9,3;4,1;0,0;0,0;0,0;0,0
SAN;NL:Q:40003730;Sparrenweg;Arnhem;3,6;8,3;0,0;0,0;0,0;0,0
SAN;NL:Q:40003740;Sparrenweg;Arnhem;10,7;4,0;0,0;0,0;0,0;0,0
SAN;NL:Q:40003750;Heideweg;Arnhem;3,7;4,0;0,0;0,0;0,0;0,0
SAN;NL:Q:40003760;Heideweg;Arnhem;8,4;3,8;0,0;0,0;0,0;0,0
SAN;NL:Q:40003780;Arnhemse Allee;Arnhem;1,9;1,5;0,0;0,0;0,0;0,0
SAN;NL:Q:40003810;Dennenweg;Arnhem;1,2;8,4;0,0;0,0;0,0;0,0
SAN;NL:Q:40003820;Dennenweg;Arnhem;8,9;1,9;0,0;0,0;0,0;0,0
SAN;NL:Q:40004001;Centraal Station;Arnhem;741,7;718,6;0,0;0,0;0,0;0,0
SAN;NL:Q:40004002;Centraal Station;arnhem;732,6;466,2;0,0;0,0;0,0;0,0
SAN;NL:Q:40004003;Centraal Station;Arnhem;440,1;414,5;0,0;0,0;0,0;0,0
SAN;NL:Q:40004004;Centraal Station;Arnhem;576,9;691,3;0,0;0,0;0,0;0,0
SAN;NL:Q:40004005;Centraal Station;Arnhem;670,0;421,7;0,0;0,0;0,0;0,0
SAN;NL:Q:40004006;Centraal Station;Arnhem;1485,2;1506,5;0,0;0,0;0,0;0,0
SAN;NL:Q:40004007;Centraal Station;Arnhem;291,2;302,7;0,0;0,0;0,0;0,0
SAN;NL:Q:40004008;Centraal Station;Arnhem;422,4;405,7;0,0;0,0;0,0;0,0
SAN;NL:Q:40004009;Centraal Station;Arnhem;284,6;256,9;0,0;0,0;0,0;0,0
SAN;NL:Q:40004010;Centraal Station;Arnhem;1124,3;1077,1;0,0;0,0;0,0;0,0
SAN;NL:Q:40004015;Willemsplein;Arnhem;769,1;63,5;0,0;0,0;0,0;0,0
SAN;NL:Q:40004016;Willemsplein;Arnhem;590,1;49,7;0,0;0,0;0,0;0,0
SAN;NL:Q:40004017;Willemsplein;Arnhem;488,2;56,5;0,0;0,0;0,0;0,0
SAN;NL:Q:40004018;Willemsplein;Arnhem;450,9;11,9;0,0;0,0;0,0;0,0
SAN;NL:Q:40004019;Willemsplein;Arnhem;184,4;1062,5;0,0;0,0;0,0;0,0
SAN;NL:Q:40004020;Willemsplein;Arnhem;124,7;1477,7;0,0;0,0;0,0;0,0
SAN;NL:Q:40004021;Velperplein;Arnhem;1723,6;278,1;0,0;0,0;0,0;0,0
SAN;NL:Q:40004022;Velperplein;Arnhem;790,0;234,6;0,0;0,0;0,0;0,0
SAN;NL:Q:40004023;Velperplein;Arnhem;328,6;790,5;0,0;0,0;0,0;0,0
SAN;NL:Q:40004024;Velperplein;Arnhem;423,8;1804,1;0,0;0,0;0,0;0,0
SAN;NL:Q:40004030;Rijnstraat;Arnhem;768,7;25,8;0,0;0,0;0,0;0,0
SAN;NL:Q:40004040;Rijnstraat;Arnhem;40,8;1037,2;0,0;0,0;0,0;0,0
SAN;NL:Q:40004050;de Praets;Arnhem;5,1;13,8;0,0;0,0;0,0;0,0
SAN;NL:Q:40004060;de Praets;Arnhem;10,9;50,0;0,0;0,0;0,0;0,0
SAN;NL:Q:40004070;Bandijk;Arnhem;2,8;26,2;0,0;0,0;0,0;0,0
SAN;NL:Q:40004080;Bandijk;Arnhem;18,4;1,6;0,0;0,0;0,0;0,0
SAN;NL:Q:40004090;Wilgenlaan;Arnhem;8,7;35,5;0,0;0,0;0,0;0,0
SAN;NL:Q:40004100;Wilgenlaan;Arnhem;48,2;5,7;0,0;0,0;0,0;0,0
SAN;NL:Q:40004170;De Grote Koppel;Arnhem;40,5;108,8;0,0;0,0;0,0;0,0
SAN;NL:Q:40004175;Kronenburg;Arnhem;3,6;2,7;0,0;0,0;0,0;0,0
SAN;NL:Q:40004180;De Grote Koppel;Arnhem;108,1;58,3;0,0;0,0;0,0;0,0
SAN;NL:Q:40004230;van Berkumstraat;Arnhem;1,4;7,3;0,0;0,0;0,0;0,0
SAN;NL:Q:40004240;van Berkumstraat;Arnhem;4,6;1,3;0,0;0,0;0,0;0,0
SAN;NL:Q:40004411;Centraal Station;Arnhem;299,9;359,1;0,0;0,0;0,0;0,0
SAN;NL:Q:40004412;Centraal Station;Arnhem;1145,2;730,3;0,0;0,0;0,0;0,0
SAN;NL:Q:40004413;Centraal Station;Arnhem;802,9;1044,9;0,0;0,0;0,0;0,0
SAN;NL:Q:40004414;Centraal Station;Arnhem;1338,7;707,0;0,0;0,0;0,0;0,0
SAN;NL:Q:40004415;Centraal Station;Arnhem;782,1;1382,3;0,0;0,0;0,0;0,0
SAN;NL:Q:40004416;Centraal Station;Arnhem;455,5;456,5;0,0;0,0;0,0;0,0
SAN;NL:Q:40004590;Rietgrachtstraat;Arnhem;163,2;161,6;0,0;0,0;0,0;0,0
SAN;NL:Q:40004600;Rietgrachtstraat;Arnhem;178,0;154,7;0,0;0,0;0,0;0,0
SAN;NL:Q:40004610;Gr. van Prinstererstraat;Arnhem;82,2;383,4;0,0;0,0;0,0;0,0
SAN;NL:Q:40004620;Gr. van Prinstererstraat;Arnhem;452,1;80,3;0,0;0,0;0,0;0,0
SAN;NL:Q:40004630;Hugo de Grootstraat;Arnhem;110,1;212,7;0,0;0,0;0,0;0,0
SAN;NL:Q:40004640;Hugo de Grootstraat;Arnhem;231,2;111,7;0,0;0,0;0,0;0,0
SAN;NL:Q:40004650;Maaslaan;Arnhem;11,1;92,0;0,0;0,0;0,0;0,0
SAN;NL:Q:40004660;Maaslaan;Arnhem;80,3;10,3;0,0;0,0;0,0;0,0
SAN;NL:Q:40004680;Waalstraat;Arnhem;177,7;13,4;0,0;0,0;0,0;0,0
SAN;NL:Q:40004685;Waalstraat;Arnhem;7,8;193,3;0,0;0,0;0,0;0,0
SAN;NL:Q:40004690;MFC Presikhaven;Arnhem;4,3;10,4;0,0;0,0;0,0;0,0
SAN;NL:Q:40004700;Lange Wal;Arnhem;264,3;35,0;0,0;0,0;0,0;0,0
SAN;NL:Q:40004730;Keulse Slag;Arnhem;97,7;749,4;0,0;0,0;0,0;0,0
SAN;NL:Q:40004740;Keulse Slag;Arnhem;802,2;101,6;0,0;0,0;0,0;0,0
SAN;NL:Q:40004750;Zuilesteinlaan/HTS;Arnhem;1,5;119,0;0,0;0,0;0,0;0,0
SAN;NL:Q:40004760;Zuilesteinlaan/HTS;Arnhem;66,8;0,9;0,0;0,0;0,0;0,0
SAN;NL:Q:40004780;Elsweide/HAN;Arnhem;342,0;185,2;0,0;0,0;0,0;0,0
SAN;NL:Q:40004810;IJssellaan/HAN;Arnhem;2,4;117,7;0,0;0,0;0,0;0,0
SAN;NL:Q:40004820;IJssellaan/HAN;Arnhem;133,5;17,0;0,0;0,0;0,0;0,0
SAN;NL:Q:40004860;MFC Presikhaven;Arnhem;9,6;6,0;0,0;0,0;0,0;0,0
SAN;NL:Q:40005130;Onder de Linden;Arnhem;4,3;20,8;0,0;0,0;0,0;0,0
SAN;NL:Q:40005150;Kazernestraat;Arnhem;7,8;16,6;0,0;0,0;0,0;0,0
SAN;NL:Q:40005170;Klarendalseweg;Arnhem;1,3;1,2;0,0;0,0;0,0;0,0
SAN;NL:Q:40005175;Klarendalseweg;Arnhem;19,2;17,3;0,0;0,0;0,0;0,0
SAN;NL:Q:40005190;Kazerneplein;Arnhem;30,5;28,4;0,0;0,0;0,0;0,0
SAN;NL:Q:40005210;WKC Klarendal;Arnhem;14,0;13,3;0,0;0,0;0,0;0,0
SAN;NL:Q:40005330;Station Presikhaaf;Arnhem;33,5;153,1;0,0;0,0;0,0;0,0
SAN;NL:Q:40005340;Station Presikhaaf;Arnhem;183,2;19,4;0,0;0,0;0,0;0,0
SAN;NL:Q:40005350;Dongestraat;Arnhem;4,1;14,7;0,0;0,0;0,0;0,0
SAN;NL:Q:40005360;Dongestraat;Arnhem;9,4;4,0;0,0;0,0;0,0;0,0
SAN;NL:Q:40005370;Kinderkamp;Arnhem;1,3;73,8;0,0;0,0;0,0;0,0
SAN;NL:Q:40005380;Kinderkamp;Arnhem;123,3;3,7;0,0;0,0;0,0;0,0
SAN;NL:Q:40005390;Malsenlaan;Arnhem;0,6;60,9;0,0;0,0;0,0;0,0
SAN;NL:Q:40005410;Malsenlaan;Arnhem;68,1;0,8;0,0;0,0;0,0;0,0
SAN;NL:Q:40005430;Grote Durk;Arnhem;0,2;37,6;0,0;0,0;0,0;0,0
SAN;NL:Q:40005440;Grote Durk;Arnhem;39,7;0,2;0,0;0,0;0,0;0,0
SAN;NL:Q:40005450;Oogststraat;Arnhem;5,2;4,2;0,0;0,0;0,0;0,0
SAN;NL:Q:40005470;Agnietenstraat;Arnhem;2,2;0,9;0,0;0,0;0,0;0,0
SAN;NL:Q:40005500;Stadskantoor;Arnhem;8,4;23,1;0,0;0,0;0,0;0,0
SAN;NL:Q:40006570;Badhuisstraat;Arnhem;6,8;13,6;0,0;0,0;0,0;0,0
SAN;NL:Q:40006580;Badhuisstraat;Arnhem;12,2;9,3;0,0;0,0;0,0;0,0
SAN;NL:Q:40006590;Stadskantoor;Arnhem;28,0;10,0;0,0;0,0;0,0;0,0
SAN;NL:Q:40006650;Van Oldenbarneveldtstraat;Arnhem;5,3;24,4;0,0;0,0;0,0;0,0
SAN;NL:Q:40006660;Van Oldenbarneveldtstraat;Arnhem;23,3;5,8;0,0;0,0;0,0;0,0
SAN;NL:Q:40006670;Haven;Arnhem;2,0;23,1;0,0;0,0;0,0;0,0
SAN;NL:Q:40006680;Haven;Arnhem;17,1;1,3;0,0;0,0;0,0;0,0
SAN;NL:Q:40006690;Dr. C. Lelyweg Zuid;Arnhem;2,1;17,8;0,0;0,0;0,0;0,0
SAN;NL:Q:40006700;Dr. C. Lelyweg Zuid;Arnhem;14,3;4,1;0,0;0,0;0,0;0,0
SAN;NL:Q:40006710;Kleefse Waard;Arnhem;16,7;65,5;0,0;0,0;0,0;0,0
SAN;NL:Q:40006720;Kleefse Waard;Arnhem;76,7;11,1;0,0;0,0;0,0;0,0
SAN;NL:Q:40006731;Bruningweg;Arnhem;3,8;31,4;0,0;0,0;0,0;0,0
SAN;NL:Q:40006741;Bruningweg;Arnhem;46,4;8,0;0,0;0,0;0,0;0,0
SAN;NL:Q:40006750;P. Calandweg;Arnhem;4,3;7,3;0,0;0,0;0,0;0,0
SAN;NL:Q:40006760;P. Calandweg;Arnhem;16,0;3,7;0,0;0,0;0,0;0,0
SAN;NL:Q:40006770;Slaakweg;Arnhem;1,5;8,0;0,0;0,0;0,0;0,0
SAN;NL:Q:40006780;Slaakweg;Arnhem;7,5;3,5;0,0;0,0;0,0;0,0
SAN;NL:Q:40006790;Lange Wal;Arnhem;40,5;332,1;0,0;0,0;0,0;0,0
SAN;NL:Q:40007090;Fonteinkruidstraat;Arnhem;87,0;84,0;0,0;0,0;0,0;0,0
SAN;NL:Q:40007100;Fonteinkruidstraat;Arnhem;92,2;90,7;0,0;0,0;0,0;0,0
SAN;NL:Q:40007530;St. Laurentiuslaan;Arnhem;77,5;142,1;0,0;0,0;0,0;0,0
SAN;NL:Q:40007540;St. Laurentiuslaan;Arnhem;146,5;85,5;0,0;0,0;0,0;0,0
SAN;NL:Q:40007570;Fokke Noordhoffstraat;Arnhem;0,4;19,9;0,0;0,0;0,0;0,0
SAN;NL:Q:40007580;Fokke Noordhoffstraat;Arnhem;33,4;0,6;0,0;0,0;0,0;0,0
SAN;NL:Q:40008550;Centraal Station (Sonsbeek);Arnhem;89,3;3,5;0,0;0,0;0,0;0,0
SAN;NL:Q:40008560;Centraal Station (Sonsbeek);Arnhem;2,0;142,9;0,0;0,0;0,0;0,0
SAN;NL:Q:40008570;Burg. Weertsstraat;Arnhem;7,7;26,3;0,0;0,0;0,0;0,0
SAN;NL:Q:40008580;Burg. Weertsstraat;Arnhem;13,0;12,1;0,0;0,0;0,0;0,0
SAN;NL:Q:40008590;Brouwerijweg;Arnhem;0,6;13,3;0,0;0,0;0,0;0,0
SAN;NL:Q:40008600;Brouwerijweg;Arnhem;4,9;1,8;0,0;0,0;0,0;0,0
SAN;NL:Q:40008610;van Wageningenstraat;Arnhem;1,4;79,1;0,0;0,0;0,0;0,0
SAN;NL:Q:40008620;van Wageningenstraat;Arnhem;8,3;1,1;0,0;0,0;0,0;0,0
SAN;NL:Q:40008630;Tormentilstraat;Arnhem;0,4;6,7;0,0;0,0;0,0;0,0
SAN;NL:Q:40008640;Tormentilstraat;Arnhem;45,3;1,2;0,0;0,0;0,0;0,0
SAN;NL:Q:40008650;Gentiaanstraat;Arnhem;0,5;11,5;0,0;0,0;0,0;0,0
SAN;NL:Q:40008660;Gentiaanstraat;Arnhem;9,9;0,6;0,0;0,0;0,0;0,0
SAN;NL:Q:40008670;Callunastraat;Arnhem;0,3;21,9;0,0;0,0;0,0;0,0
SAN;NL:Q:40008680;Callunastraat;Arnhem;17,1;0,3;0,0;0,0;0,0;0,0
SAN;NL:Q:40008690;Het Dorp;Arnhem;1,2;39,2;0,0;0,0;0,0;0,0
SAN;NL:Q:40008700;Het Dorp;Arnhem;46,0;1,2;0,0;0,0;0,0;0,0
SAN;NL:Q:40008730;Gelredome;Arnhem;19,0;65,7;0,0;0,0;0,0;0,0
SAN;NL:Q:40008740;Gelredome;Arnhem;80,4;20,8;0,0;0,0;0,0;0,0
SAN;NL:Q:40008750;Transferium;Arnhem;1,2;52,7;0,0;0,0;0,0;0,0
SAN;NL:Q:40008760;Transferium;Arnhem;29,6;1,7;0,0;0,0;0,0;0,0
SAN;NL:Q:40008840;Brekelenkampstraat;Arnhem;45,1;16,2;0,0;0,0;0,0;0,0
SAN;NL:Q:40009550;Kamphuizenlaan;Arnhem;0,8;105,1;0,0;0,0;0,0;0,0
SAN;NL:Q:40009560;Kamphuizenlaan;Arnhem;112,4;0,4;0,0;0,0;0,0;0,0
SAN;NL:Q:40009570;Geitenkamp;Arnhem;347,4;263,0;0,0;0,0;0,0;0,0
SAN;NL:Q:40009580;CIOS;Arnhem;2,9;43,1;0,0;0,0;0,0;0,0
SAN;NL:Q:40009581;CIOS;Arnhem;52,2;64,6;0,0;0,0;0,0;0,0
SAN;NL:Q:40009590;Het Duifje;Arnhem;131,2;10,2;0,0;0,0;0,0;0,0
SAN;NL:Q:40009591;Het Duifje;Arnhem;31,1;119,5;0,0;0,0;0,0;0,0
SAN;NL:Q:40009600;Presikhaaf/Cannenburgln;Arnhem;120,3;93,2;0,0;0,0;0,0;0,0
SAN;NL:Q:40010010;Viaduct Kroonse Wal;Arnhem;32,5;76,3;0,0;0,0;0,0;0,0
SAN;NL:Q:40010020;Viaduct Kroonse Wal;Arnhem;78,7;32,2;0,0;0,0;0,0;0,0
SAN;NL:Q:40013170;Gelderse Poort;Arnhem;29,2;8,3;0,0;0,0;0,0;0,0
SAN;NL:Q:40013180;Gelderse Poort;Arnhem;7,6;31,0;0,0;0,0;0,0;0,0
SAN;NL:Q:40013190;Winkelcentrum Kronenburg;Arnhem;483,5;1229,8;0,0;0,0;0,0;0,0
SAN;NL:Q:40013205;Winkelcentrum Kronenburg;Arnhem;8,2;7,5;0,0;0,0;0,0;0,0
SAN;NL:Q:40013210;Croydonplein;Arnhem;15,5;13,2;0,0;0,0;0,0;0,0
SAN;NL:Q:40013220;Croydonplein;Arnhem;12,3;18,3;0,0;0,0;0,0;0,0
SAN;NL:Q:40013230;Eldens Viaduct;Arnhem;2,6;7,2;0,0;0,0;0,0;0,0
SAN;NL:Q:40013240;Eldens Viaduct;Arnhem;3,8;5,5;0,0;0,0;0,0;0,0
SAN;NL:Q:40013250;De Brink;Elden;4,0;24,3;0,0;0,0;0,0;0,0
SAN;NL:Q:40013260;De Brink;Elden;19,7;3,6;0,0;0,0;0,0;0,0
SAN;NL:Q:40013270;Mr. Merkxstraat;Elden;2,0;13,5;0,0;0,0;0,0;0,0
SAN;NL:Q:40013280;Mr. Merkxstraat;Elden;13,7;1,8;0,0;0,0;0,0;0,0
SAN;NL:Q:40013290;Mr.D.U.Stikkerstraat;Elden;5,5;42,3;0,0;0,0;0,0;0,0
SAN;NL:Q:40013300;Mr.D.U.Stikkerstraat;Elden;38,8;4,5;0,0;0,0;0,0;0,0
SAN;NL:Q:40013310;Randweg;Arnhem;45,6;106,2;0,0;0,0;0,0;0,0
SAN;NL:Q:40013330;Batavierenweg;Arnhem;4,0;19,0;0,0;0,0;0,0;0,0
SAN;NL:Q:40013340;Batavierenweg;Arnhem;1,6;1,7;0,0;0,0;0,0;0,0
SAN;NL:Q:40013350;Rotterdamsingel;Arnhem;0,7;9,6;0,0;0,0;0,0;0,0
SAN;NL:Q:40013360;Rotterdamsingel;Arnhem;11,2;1,0;0,0;0,0;0,0;0,0
SAN;NL:Q:40013390;Kroonse Wal;Arnhem;7,2;96,5;0,0;0,0;0,0;0,0
SAN;NL:Q:40013400;Kroonse Wal;Arnhem;107,0;14,4;0,0;0,0;0,0;0,0
SAN;NL:Q:40013410;Woudrichemstraat;Arnhem;12,3;90,9;0,0;0,0;0,0;0,0
SAN;NL:Q:40013420;Woudrichemstraat;Arnhem;99,4;12,2;0,0;0,0;0,0;0,0
SAN;NL:Q:40013450;Brabantweg;Arnhem;26,0;33,2;0,0;0,0;0,0;0,0
SAN;NL:Q:40013460;Brabantweg;Arnhem;25,5;12,3;0,0;0,0;0,0;0,0
SAN;NL:Q:40013480;Park Lingezegen;Elst;0,2;0,8;0,0;0,0;0,0;0,0
SAN;NL:Q:40013490;Park Lingezegen;Elst;0,6;0,6;0,0;0,0;0,0;0,0
SAN;NL:Q:40013500;Oude Tol;Elst;4,0;2,4;0,0;0,0;0,0;0,0
SAN;NL:Q:40013550;Hollandweg;Arnhem;1,3;36,1;0,0;0,0;0,0;0,0
SAN;NL:Q:40013560;Hollandweg;Arnhem;69,0;12,4;0,0;0,0;0,0;0,0
SAN;NL:Q:40013570;Wkc Schuytgraaf;Arnhem;4,8;15,4;0,0;0,0;0,0;0,0
SAN;NL:Q:40013575;Germanenveld;Arnhem;4,4;19,7;0,0;0,0;0,0;0,0
SAN;NL:Q:40013576;Germanenveld;Arnhem;28,3;16,1;0,0;0,0;0,0;0,0
SAN;NL:Q:40013580;Wkc Schuytgraaf;Arnhem;8,5;6,7;0,0;0,0;0,0;0,0
SAN;NL:Q:40013590;Station Arnhem Zuid;Arnhem;258,0;123,2;0,0;0,0;0,0;0,0
SAN;NL:Q:40013595;Station Arnhem Zuid;Arnhem;113,0;213,5;0,0;0,0;0,0;0,0
SAN;NL:Q:40013620;Hollandweg;Arnhem;13,2;3,8;0,0;0,0;0,0;0,0
SAN;NL:Q:40013630;Hollandweg;Arnhem;7,0;44,3;0,0;0,0;0,0;0,0
SAN;NL:Q:40014230;Rijnpoort;Arnhem;37,0;4,3;0,0;0,0;0,0;0,0
SAN;NL:Q:40014240;Rijnpoort;Arnhem;9,8;44,2;0,0;0,0;0,0;0,0
SAN;NL:Q:40014250;Veendamstraat;Arnhem;26,4;0,6;0,0;0,0;0,0;0,0
SAN;NL:Q:40014260;Veendamstraat;Arnhem;0,5;30,9;0,0;0,0;0,0;0,0
SAN;NL:Q:40014270;Winkelcentrum Vredenburg;Arnhem;51,7;2,6;0,0;0,0;0,0;0,0
SAN;NL:Q:40014280;Winkelcentrum Vredenburg;Arnhem;3,3;45,2;0,0;0,0;0,0;0,0
SAN;NL:Q:40014290;Frieslandsingel;Arnhem;33,0;0,9;0,0;0,0;0,0;0,0
SAN;NL:Q:40014291;Holthuizen;Arnhem;20,7;18,5;0,0;0,0;0,0;0,0
SAN;NL:Q:40014300;Frieslandsingel;Arnhem;1,1;2,3;0,0;0,0;0,0;0,0
SAN;NL:Q:40014320;Frieslandsingel;Arnhem;2,9;28,3;0,0;0,0;0,0;0,0
SAN;NL:Q:40014350;Ezingestraat;Arnhem;12,4;1,7;0,0;0,0;0,0;0,0
SAN;NL:Q:40014360;Ezingestraat;Arnhem;2,1;16,8;0,0;0,0;0,0;0,0
SAN;NL:Q:40014370;Aduardstraat;Arnhem;5,1;0,8;0,0;0,0;0,0;0,0
SAN;NL:Q:40014380;Aduardstraat;Arnhem;0,7;4,4;0,0;0,0;0,0;0,0
SAN;NL:Q:40014390;Slochterenweg;Arnhem;0,2;2,5;0,0;0,0;0,0;0,0
SAN;NL:Q:40014398;Slochterenweg;Arnhem;2,4;0,6;0,0;0,0;0,0;0,0
SAN;NL:Q:40017090;Elderveld/Hagemanswei;Arnhem;16,5;191,4;0,0;0,0;0,0;0,0
SAN;NL:Q:40017100;Elderveld/Hagemanswei;Arnhem;169,7;16,3;0,0;0,0;0,0;0,0
SAN;NL:Q:40017110;Bussumstraat;Arnhem;20,2;191,7;0,0;0,0;0,0;0,0
SAN;NL:Q:40017120;Bussumstraat;Arnhem;189,4;18,0;0,0;0,0;0,0;0,0
SAN;NL:Q:40017130;Winkelcentrum Elderhof;Arnhem;76,7;286,4;0,0;0,0;0,0;0,0
SAN;NL:Q:40017140;Winkelcentrum Elderhof;Arnhem;282,4;64,4;0,0;0,0;0,0;0,0
SAN;NL:Q:40017150;Hillegomweg;Arnhem;16,1;134,3;0,0;0,0;0,0;0,0
SAN;NL:Q:40017160;Hillegomweg;Arnhem;112,5;17,6;0,0;0,0;0,0;0,0
SAN;NL:Q:40018230;Kronenburgsingel;Arnhem;0,5;0,0;0,0;0,0;0,0;0,0
SAN;NL:Q:40018231;Groningensingel;Arnhem;61,0;218,8;0,0;0,0;0,0;0,0
SAN;NL:Q:40018240;Kronenburgsingel;Arnhem;0,1;1,5;0,0;0,0;0,0;0,0
SAN;NL:Q:40018241;Groningensingel;Arnhem;221,1;75,6;0,0;0,0;0,0;0,0
SAN;NL:Q:40018250;Mooieweg;Arnhem;7,3;78,9;0,0;0,0;0,0;0,0
SAN;NL:Q:40018260;Mooieweg;Arnhem;93,2;8,0;0,0;0,0;0,0;0,0
SAN;NL:Q:40018270;Overmaat;Arnhem;29,9;26,7;0,0;0,0;0,0;0,0
SAN;NL:Q:40018280;Overmaat;Arnhem;26,1;34,8;0,0;0,0;0,0;0,0
SAN;NL:Q:40018290;Randweg;Arnhem;1,9;8,8;0,0;0,0;0,0;0,0
SAN;NL:Q:40018300;Randweg;Arnhem;117,1;38,5;0,0;0,0;0,0;0,0
SAN;NL:Q:40018310;Zeelandsingel;Arnhem;3,9;28,1;0,0;0,0;0,0;0,0
SAN;NL:Q:40018320;Zeelandsingel;Arnhem;21,6;3,2;0,0;0,0;0,0;0,0
SAN;NL:Q:40018330;Terneuzenstraat;Arnhem;10,3;29,7;0,0;0,0;0,0;0,0
SAN;NL:Q:40018340;Terneuzenstraat;Arnhem;27,2;8,1;0,0;0,0;0,0;0,0
SAN;NL:Q:40018350;Echterboschstraat;Arnhem;39,0;6,6;0,0;0,0;0,0;0,0
SAN;NL:Q:40018360;Echterboschstraat;Arnhem;9,3;36,2;0,0;0,0;0,0;0,0
SAN;NL:Q:40018370;Maastrichtsingel;Arnhem;38,0;4,9;0,0;0,0;0,0;0,0
SAN;NL:Q:40018380;Maastrichtsingel;Arnhem;4,8;35,8;0,0;0,0;0,0;0,0
SAN;NL:Q:40018390;Sittardstraat;Arnhem;28,6;3,4;0,0;0,0;0,0;0,0
SAN;NL:Q:40018400;Sittardstraat;Arnhem;4,8;30,2;0,0;0,0;0,0;0,0
SAN;NL:Q:40018410;Altweertstraat;Arnhem;15,3;1,6;0,0;0,0;0,0;0,0
SAN;NL:Q:40018420;Altweertstraat;Arnhem;1,4;23,1;0,0;0,0;0,0;0,0
SAN;NL:Q:40018490;Lange Akkers/Limburgsngl;Arnhem;4,9;40,7;0,0;0,0;0,0;0,0
SAN;NL:Q:40018500;Lange Akkers/Limburgsngl;Arnhem;46,3;3,2;0,0;0,0;0,0;0,0
SAN;NL:Q:40018530;De Pas;Arnhem;12,0;6,7;0,0;0,0;0,0;0,0
SAN;NL:Q:40018540;De Pas;Arnhem;5,5;23,1;0,0;0,0;0,0;0,0
SAN;NL:Q:40018750;Poli Zuid;Arnhem;19,3;176,7;0,0;0,0;0,0;0,0
SAN;NL:Q:40018760;Poli Zuid;Arnhem;176,7;21,2;0,0;0,0;0,0;0,0
SAN;NL:Q:40018780;Rijkerswoerd;Arnhem;250,0;214,3;0,0;0,0;0,0;0,0
SAN;NL:Q:40018890;Dr. J. den Uylsingel;Arnhem;1,9;139,0;0,0;0,0;0,0;0,0
SAN;NL:Q:40018900;Dr. J. den Uylsingel;Arnhem;119,4;2,3;0,0;0,0;0,0;0,0
SAN;NL:Q:40018910;Otis Reddingplein;Arnhem;8,2;100,3;0,0;0,0;0,0;0,0
SAN;NL:Q:40018920;Otis Reddingplein;Arnhem;112,3;7,6;0,0;0,0;0,0;0,0
SAN;NL:Q:40018930;Mr. Oudsingel;Arnhem;3,4;189,9;0,0;0,0;0,0;0,0
SAN;NL:Q:40018935;Gerbrandysingel;Arnhem;1,8;135,8;0,0;0,0;0,0;0,0
SAN;NL:Q:40018940;Mr. Oudsingel;Arnhem;168,7;1,3;0,0;0,0;0,0;0,0
SAN;NL:Q:40018945;Gerbrandysingel;Arnhem;174,8;1,5;0,0;0,0;0,0;0,0
SAN;NL:Q:40019530;De Laar West/Bredasingel;Arnhem;31,5;57,6;0,0;0,0;0,0;0,0
SAN;NL:Q:40019560;De Laar West/Bredasingel;Arnhem;72,1;29,5;0,0;0,0;0,0;0,0
SAN;NL:Q:40019570;Luchtvaart;Arnhem;1,4;15,5;0,0;0,0;0,0;0,0
SAN;NL:Q:40019580;Luchtvaart;Arnhem;19,1;4,3;0,0;0,0;0,0;0,0
SAN;NL:Q:40019590;Ringdijk;Arnhem;0,0;0,2;0,0;0,0;0,0;0,0
SAN;NL:Q:40019600;Ringdijk;Arnhem;0,0;0,1;0,0;0,0;0,0;0,0
SAN;NL:Q:40019610;Centraalspoor;Arnhem;4,0;16,7;0,0;0,0;0,0;0,0
SAN;NL:Q:40019620;Centraalspoor;Arnhem;21,4;8,5;0,0;0,0;0,0;0,0
SAN;NL:Q:40019630;De Zeis;Arnhem;51,4;62,5;0,0;0,0;0,0;0,0
SAN;NL:Q:40019640;De Zeis;Arnhem;68,7;53,0;0,0;0,0;0,0;0,0
SAN;NL:Q:40019650;Koningskers;Arnhem;19,9;12,6;0,0;0,0;0,0;0,0
SAN;NL:Q:40019660;Koningskers;Arnhem;14,3;23,4;0,0;0,0;0,0;0,0
SAN;NL:Q:40019670;Pachterwaard;Arnhem;20,4;12,2;0,0;0,0;0,0;0,0
SAN;NL:Q:40019680;Pachterwaard;Arnhem;9,1;18,8;0,0;0,0;0,0;0,0
SAN;NL:Q:40019690;Metamorfosenallee;Arnhem;1,6;6,0;0,0;0,0;0,0;0,0
SAN;NL:Q:40019700;Metamorfosenallee;Arnhem;6,6;1,5;0,0;0,0;0,0;0,0
SAN;NL:Q:40019710;Herfsttooi;Arnhem;5,0;2,4;0,0;0,0;0,0;0,0
SAN;NL:Q:40019720;Herfsttooi;Arnhem;1,0;3,7;0,0;0,0;0,0;0,0
SAN;NL:Q:40070010;C. van Maasdijklaan;Schaarsbergen;8,3;0,2;0,0;0,0;0,0;0,0
SAN;NL:Q:40071130;van Ruisdaelstraat;Arnhem;1,0;19,6;0,0;0,0;0,0;0,0
SAN;NL:Q:40071150;Jacob Marislaan;Arnhem;0,7;45,3;0,0;0,0;0,0;0,0
SAN;NL:Q:40071160;Jacob Marislaan;Arnhem;39,9;0,5;0,0;0,0;0,0;0,0
SAN;NL:Q:40071170;Mesdaglaan;Arnhem;0,7;23,6;0,0;0,0;0,0;0,0
SAN;NL:Q:40071180;Mesdaglaan;Arnhem;19,4;0,4;0,0;0,0;0,0;0,0
SAN;NL:Q:40071191;Schelmseweg;Arnhem;25,4;0,7;0,0;0,0;0,0;0,0
SAN;NL:Q:40071192;Schelmseweg;Arnhem;0,8;23,7;0,0;0,0;0,0;0,0
SAN;NL:Q:40072160;Oremusplein;Arnhem;60,9;1,1;0,0;0,0;0,0;0,0
SAN;NL:Q:40072180;Beethovenlaan;Arnhem;51,4;9,7;0,0;0,0;0,0;0,0
SAN;NL:Q:40072190;Beethovenlaan;Arnhem;4,5;20,9;0,0;0,0;0,0;0,0
SAN;NL:Q:40072210;Chopinstraat;Arnhem;1,9;6,5;0,0;0,0;0,0;0,0
SAN;NL:Q:40072220;Chopinstraat;Arnhem;27,2;5,4;0,0;0,0;0,0;0,0
SAN;NL:Q:40072250;Moscowa;Arnhem;2,2;8,8;0,0;0,0;0,0;0,0
SAN;NL:Q:40072260;Moscowa;Arnhem;8,5;2,6;0,0;0,0;0,0;0,0
SAN;NL:Q:40072270;Openluchtmuseum Oost;Arnhem;3,3;30,2;0,0;0,0;0,0;0,0
SAN;NL:Q:40072280;Openluchtmuseum Oost;Arnhem;17,0;4,1;0,0;0,0;0,0;0,0
SAN;NL:Q:40072300;Openluchtmuseum West;Arnhem;84,2;35,6;0,0;0,0;0,0;0,0
SAN;NL:Q:40072310;Oremusplein;Arnhem;3,4;93,7;0,0;0,0;0,0;0,0
SAN;NL:Q:40072360;Peter van Anrooylaan;Arnhem;9,4;57,0;0,0;0,0;0,0;0,0
SAN;NL:Q:40072370;Ravelstraat;Arnhem;12,1;17,3;0,0;0,0;0,0;0,0
SAN;NL:Q:40078790;Lijnbaan;Schaarsbergen;0,1;12,5;0,0;0,0;0,0;0,0
SAN;NL:Q:40078800;Lijnbaan;Schaarsbergen;12,3;0,2;0,0;0,0;0,0;0,0
SAN;NL:Q:40078810;Warnsborn;Schaarsbergen;0,1;12,1;0,0;0,0;0,0;0,0
SAN;NL:Q:40078820;Warnsborn;Schaarsbergen;8,8;0,1;0,0;0,0;0,0;0,0
SAN;NL:Q:40078830;Menthenbergseweg;Schaarsbergen;0,1;12,9;0,0;0,0;0,0;0,0
SAN;NL:Q:40078840;Menthenbergseweg;Schaarsbergen;13,4;0,0;0,0;0,0;0,0;0,0
SAN;NL:Q:40078850;Kemperbergerweg;Schaarsbergen;0,4;8,6;0,0;0,0;0,0;0,0
SAN;NL:Q:40078860;Kemperbergerweg;Schaarsbergen;8,2;0,2;0,0;0,0;0,0;0,0
SAN;NL:Q:40078870;Casa Nova;Schaarsbergen;0,1;3,8;0,0;0,0;0,0;0,0
SAN;NL:Q:40078880;Casa Nova;Schaarsbergen;4,6;0,0;0,0;0,0;0,0;0,0
SAN;NL:Q:40078890;Dennenheide;Schaarsbergen;0,0;1,0;0,0;0,0;0,0;0,0
SAN;NL:Q:40078900;Dennenheide;Schaarsbergen;0,2;0,0;0,0;0,0;0,0;0,0
SAN;NL:Q:40078910;Pannekoekhuis;Schaarsbergen;0,1;6,3;0,0;0,0;0,0;0,0
SAN;NL:Q:40078920;Pannekoekhuis;Schaarsbergen;8,2;0,1;0,0;0,0;0,0;0,0
SAN;NL:Q:40078930;Museum 40-45;Schaarsbergen;0,1;21,9;0,0;0,0;0,0;0,0
SAN;NL:Q:40078940;Museum 40-45;Schaarsbergen;13,8;0,1;0,0;0,0;0,0;0,0
SAN;NL:Q:40078950;Koningsweg;Schaarsbergen;0,8;16,7;0,0;0,0;0,0;0,0
SAN;NL:Q:40078960;Koningsweg;Schaarsbergen;18,9;0,2;0,0;0,0;0,0;0,0
SAN;NL:Q:40078990;Kaderschool Luchtmacht;Schaarsbergen;0,1;3,0;0,0;0,0;0,0;0,0
SAN;NL:Q:40079000;Kaderschool Luchtmacht;Schaarsbergen;2,2;0,0;0,0;0,0;0,0;0,0
SAN;NL:Q:40079010;Viersprong;Schaarsbergen;0,3;4,5;0,0;0,0;0,0;0,0
SAN;NL:Q:40079020;Viersprong;Schaarsbergen;5,6;0,0;0,0;0,0;0,0;0,0
SAN;NL:Q:40079030;I.P.C.;Schaarsbergen;4,2;5,9;0,0;0,0;0,0;0,0
SAN;NL:Q:40079510;Burgers' Zoo;Arnhem;120,4;120,7;0,0;0,0;0,0;0,0
SAN;NL:Q:40079550;Alteveer;Arnhem;2,7;0,9;0,0;0,0;0,0;0,0
SAN;NL:Q:40079551;Alteveer;Arnhem;0,3;7,4;0,0;0,0;0,0;0,0
SAN;NL:Q:40100010;Kerklaan;Doorwerth;14,7;1,6;0,0;0,0;0,0;0,0
SAN;NL:Q:40100020;Wolfhezerweg;Oosterbeek;0,1;0,2;0,0;0,0;0,0;0,0
SAN;NL:Q:40100030;Wolfhezerweg;Oosterbeek;15,9;4,8;0,0;0,0;0,0;0,0
SAN;NL:Q:40100040;d'Oude Herbergh;Oosterbeek;5,6;51,1;0,0;0,0;0,0;0,0
SAN;NL:Q:40100050;d'Oude Herbergh;Oosterbeek;38,3;5,2;0,0;0,0;0,0;0,0
SAN;NL:Q:40100060;Airborne Museum;Oosterbeek;15,0;32,4;0,0;0,0;0,0;0,0
SAN;NL:Q:40100070;Airborne Museum;Oosterbeek;26,7;14,9;0,0;0,0;0,0;0,0
SAN;NL:Q:40100080;Vogelweg;Oosterbeek;33,4;6,4;0,0;0,0;0,0;0,0
SAN;NL:Q:40100100;Wolfhezerweg;Oosterbeek;3,6;13,4;0,0;0,0;0,0;0,0
SAN;NL:Q:40100150;Vogelweg;Oosterbeek;9,2;29,5;0,0;0,0;0,0;0,0
SAN;NL:Q:40100160;Station Oosterbeek;Oosterbeek;53,2;42,5;0,0;0,0;0,0;0,0
SAN;NL:Q:40100170;Station Oosterbeek;Oosterbeek;0,8;0,9;0,0;0,0;0,0;0,0
SAN;NL:Q:40100180;Station Oosterbeek;Oosterbeek;0,7;1,1;0,0;0,0;0,0;0,0
SAN;NL:Q:40100220;Julianaweg;Oosterbeek;6,3;2,6;0,0;0,0;0,0;0,0
SAN;NL:Q:40100230;Rechterenborg;Oosterbeek;2,9;0,1;0,0;0,0;0,0;0,0
SAN;NL:Q:40100240;Rechterenborg;Oosterbeek;0,1;3,2;0,0;0,0;0,0;0,0
SAN;NL:Q:40100250;Parkflat de Valkenburcht;Oosterbeek;2,6;0,2;0,0;0,0;0,0;0,0
SAN;NL:Q:40100260;Parkflat de Valkenburcht;Oosterbeek;0,2;2,5;0,0;0,0;0,0;0,0
SAN;NL:Q:40100270;Valkenburglaan;Oosterbeek;0,2;0,6;0,0;0,0;0,0;0,0
SAN;NL:Q:40100280;Valkenburglaan;Oosterbeek;0,1;0,1;0,0;0,0;0,0;0,0
SAN;NL:Q:40100290;Bilderberglaan;Oosterbeek;0,0;0,0;0,0;0,0;0,0;0,0
SAN;NL:Q:40100300;Bilderberglaan;Oosterbeek;0,0;0,0;0,0;0,0;0,0;0,0
SAN;NL:Q:40100310;Julianaweg;Oosterbeek;1,9;11,6;0,0;0,0;0,0;0,0
SAN;NL:Q:40100330;Sonnenberglaan;Oosterbeek;0,0;0,6;0,0;0,0;0,0;0,0
SAN;NL:Q:40100340;Sonnenberglaan;Oosterbeek;0,6;0,1;0,0;0,0;0,0;0,0
SAN;NL:Q:40100590;Arnhems Buiten;Arnhem;13,8;131,4;0,0;0,0;0,0;0,0
SAN;NL:Q:40100610;Mariendaal;Oosterbeek;2,6;26,7;0,0;0,0;0,0;0,0
SAN;NL:Q:40100620;Mariendaal;Oosterbeek;23,1;2,5;0,0;0,0;0,0;0,0
SAN;NL:Q:40100650;Beukenlaan;Oosterbeek;14,9;163,4;0,0;0,0;0,0;0,0
SAN;NL:Q:40100660;Beukenlaan;Oosterbeek;144,4;13,7;0,0;0,0;0,0;0,0
SAN;NL:Q:40100670;Weverstraat;Oosterbeek;18,0;150,3;0,0;0,0;0,0;0,0
SAN;NL:Q:40100680;Weverstraat;Oosterbeek;154,1;18,5;0,0;0,0;0,0;0,0
SAN;NL:Q:40100690;Gemeentehuis;Oosterbeek;52,7;135,6;0,0;0,0;0,0;0,0
SAN;NL:Q:40100700;Gemeentehuis;Oosterbeek;144,3;50,1;0,0;0,0;0,0;0,0
SAN;NL:Q:40100720;A. Weeninklaan;Oosterbeek;25,1;1,0;0,0;0,0;0,0;0,0
SAN;NL:Q:40100721;A. Weeninklaan;Oosterbeek;0,7;33,3;0,0;0,0;0,0;0,0
SAN;NL:Q:40100740;Cronjeweg;Oosterbeek;12,4;0,4;0,0;0,0;0,0;0,0
SAN;NL:Q:40100741;Cronjeweg;Oosterbeek;1,0;25,6;0,0;0,0;0,0;0,0
SAN;NL:Q:40100790;Gzc De Dennenkamp;Oosterbeek;1,0;3,4;0,0;0,0;0,0;0,0
SAN;NL:Q:40100800;Gzc De Dennenkamp;Oosterbeek;2,0;1,7;0,0;0,0;0,0;0,0
SAN;NL:Q:40100810;Tuin de Lage Oorsprong;Oosterbeek;0,0;0,3;0,0;0,0;0,0;0,0
SAN;NL:Q:40100820;Tuin de Lage Oorsprong;Oosterbeek;0,0;0,1;0,0;0,0;0,0;0,0
SAN;NL:Q:40100850;Oude Oosterbeekseweg;Heveadorp;0,1;0,9;0,0;0,0;0,0;0,0
SAN;NL:Q:40100860;Oude Oosterbeekseweg;Heveadorp;0,9;0,2;0,0;0,0;0,0;0,0
SAN;NL:Q:40100870;Westerbouwing;Oosterbeek;0,0;0,0;0,0;0,0;0,0;0,0
SAN;NL:Q:40100880;Westerbouwing;Oosterbeek;0,3;0,0;0,0;0,0;0,0;0,0
SAN;NL:Q:40105670;Van Toulon v.d. Koogweg;Oosterbeek;1,7;6,4;0,0;0,0;0,0;0,0
SAN;NL:Q:40105680;Van Toulon v.d. Koogweg;Oosterbeek;6,8;2,6;0,0;0,0;0,0;0,0
SAN;NL:Q:40105690;Oude Kerk;Oosterbeek;1,9;10,1;0,0;0,0;0,0;0,0
SAN;NL:Q:40105700;Oude Kerk;Oosterbeek;10,0;1,8;0,0;0,0;0,0;0,0
SAN;NL:Q:40105710;Kneppelhoutweg;Oosterbeek;1,6;2,5;0,0;0,0;0,0;0,0
SAN;NL:Q:40105720;Kneppelhoutweg;Oosterbeek;3,0;1,9;0,0;0,0;0,0;0,0
SAN;NL:Q:40105730;van Borsselenweg;Oosterbeek;0,5;1,1;0,0;0,0;0,0;0,0
SAN;NL:Q:40105740;van Borsselenweg;Oosterbeek;1,0;0,6;0,0;0,0;0,0;0,0
SAN;NL:Q:40105750;Drielse Veer;Oosterbeek;0,4;0,9;0,0;0,0;0,0;0,0
SAN;NL:Q:40105760;Drielse Veer;Oosterbeek;1,2;0,2;0,0;0,0;0,0;0,0
SAN;NL:Q:40105770;Dunolaan;Heveadorp;0,6;6,7;0,0;0,0;0,0;0,0
SAN;NL:Q:40105780;Dunolaan;Heveadorp;4,2;0,5;0,0;0,0;0,0;0,0
SAN;NL:Q:40105790;Beeklaan;Heveadorp;3,8;15,6;0,0;0,0;0,0;0,0
SAN;NL:Q:40105800;Beeklaan;Heveadorp;16,3;1,9;0,0;0,0;0,0;0,0
SAN;NL:Q:40105810;Wilhelmilaan;Heveadorp;3,6;7,4;0,0;0,0;0,0;0,0
SAN;NL:Q:40105820;Wilhelmilaan;Heveadorp;7,4;4,1;0,0;0,0;0,0;0,0
SAN;NL:Q:40120010;Aansluiting A12;Duiven;19,8;5,9;0,0;0,0;0,0;0,0
SAN;NL:Q:40120030;Hotel De Roskam;Rheden;3,1;3,0;0,0;0,0;0,0;0,0
SAN;NL:Q:40120050;Beekhuizenseweg;Velp;91,5;108,3;0,0;0,0;0,0;0,0
SAN;NL:Q:40120060;Beekhuizenseweg;Velp;38,1;6,3;0,0;0,0;0,0;0,0
SAN;NL:Q:40120070;A.G. Hofkeslaan;Velp;1,2;2,6;0,0;0,0;0,0;0,0
SAN;NL:Q:40120080;A.G. Hofkeslaan;Velp;2,8;1,1;0,0;0,0;0,0;0,0
SAN;NL:Q:40120090;Oosterwolde;Velp;0,7;0,8;0,0;0,0;0,0;0,0
SAN;NL:Q:40120100;Oosterwolde;Velp;0,9;1,4;0,0;0,0;0,0;0,0
SAN;NL:Q:40120110;Gasthuislaan;Velp;66,2;29,6;0,0;0,0;0,0;0,0
SAN;NL:Q:40120140;Reigerstraat;Velp;1,5;2,9;0,0;0,0;0,0;0,0
SAN;NL:Q:40120150;Gruttostraat;Velp;176,8;23,4;0,0;0,0;0,0;0,0
SAN;NL:Q:40120160;Gruttostraat;Velp;22,2;136,6;0,0;0,0;0,0;0,0
SAN;NL:Q:40120210;Bronbeek;Velp;5,7;35,1;0,0;0,0;0,0;0,0
SAN;NL:Q:40120230;Rozenhagelaan;Velp;1,6;30,8;0,0;0,0;0,0;0,0
SAN;NL:Q:40120240;Rozenhagelaan;Velp;17,0;2,7;0,0;0,0;0,0;0,0
SAN;NL:Q:40120250;Nordlaan;Velp;8,0;171,6;0,0;0,0;0,0;0,0
SAN;NL:Q:40120260;Nordlaan;Velp;149,5;10,4;0,0;0,0;0,0;0,0
SAN;NL:Q:40120270;Wilhelminastraat;Velp;11,2;231,2;0,0;0,0;0,0;0,0
SAN;NL:Q:40120280;Wilhelminastraat;Velp;228,6;11,3;0,0;0,0;0,0;0,0
SAN;NL:Q:40120290;Emmastraat;Velp;17,3;141,7;0,0;0,0;0,0;0,0
SAN;NL:Q:40120300;Emmastraat;Velp;139,6;15,5;0,0;0,0;0,0;0,0
SAN;NL:Q:40120310;Hogeweg;Velp;7,8;54,6;0,0;0,0;0,0;0,0
SAN;NL:Q:40120320;Hogeweg;Velp;43,0;4,6;0,0;0,0;0,0;0,0
SAN;NL:Q:40120330;Heemskerklaan;Velp;1,6;14,4;0,0;0,0;0,0;0,0
SAN;NL:Q:40120340;Heemskerklaan;Velp;11,5;3,1;0,0;0,0;0,0;0,0
SAN;NL:Q:40123750;Rhedens Lyceum;Rozendaal;12,8;22,2;0,0;0,0;0,0;0,0
SAN;NL:Q:40123770;Arnhemse Allee;Arnhem;2,1;0,9;0,0;0,0;0,0;0,0
SAN;NL:Q:40123790;Kerklaan;Rozendaal;0,6;6,1;0,0;0,0;0,0;0,0
SAN;NL:Q:40123800;Kerklaan;Rozendaal;3,9;0,9;0,0;0,0;0,0;0,0
SAN;NL:Q:40123810;Hertog van Gelrestraat;Rozendaal;0,4;2,8;0,0;0,0;0,0;0,0
SAN;NL:Q:40123820;Hertog van Gelrestraat;Rozendaal;2,8;0,5;0,0;0,0;0,0;0,0
SAN;NL:Q:40123830;Bergweg;Velp;1,7;4,6;0,0;0,0;0,0;0,0
SAN;NL:Q:40123840;Bergweg;Velp;3,3;1,4;0,0;0,0;0,0;0,0
SAN;NL:Q:40123910;Den Heuvel;Velp;4,7;11,1;0,0;0,0;0,0;0,0
SAN;NL:Q:40123920;Den Heuvel;Velp;10,4;4,3;0,0;0,0;0,0;0,0
SAN;NL:Q:40123930;Kerkstraat;Velp;0,1;8,0;0,0;0,0;0,0;0,0
SAN;NL:Q:40123940;Kerkstraat;Velp;6,8;0,1;0,0;0,0;0,0;0,0
SAN;NL:Q:40123950;Velperbroek;Velp;17,2;38,7;0,0;0,0;0,0;0,0
SAN;NL:Q:40123960;Velperbroek;Velp;41,2;28,1;0,0;0,0;0,0;0,0
SAN;NL:Q:40123980;Ziekenhuis;Velp;16,1;11,7;0,0;0,0;0,0;0,0
SAN;NL:Q:40123990;Ziekenhuis/Waterstraat;Velp;28,9;139,3;0,0;0,0;0,0;0,0
SAN;NL:Q:40124000;Ziekenhuis/Waterstraat;Velp;91,0;7,4;0,0;0,0;0,0;0,0
SAN;NL:Q:40124030;Haverland;Velp;5,2;21,0;0,0;0,0;0,0;0,0
SAN;NL:Q:40124040;Haverland;Velp;12,7;4,4;0,0;0,0;0,0;0,0
SAN;NL:Q:40124050;Graaf Ottostraat;Velp;6,4;43,2;0,0;0,0;0,0;0,0
SAN;NL:Q:40124060;Graaf Ottostraat;Velp;55,8;6,8;0,0;0,0;0,0;0,0
SAN;NL:Q:40124070;Graaf Gerhardstraat;Velp;12,6;119,6;0,0;0,0;0,0;0,0
SAN;NL:Q:40124080;Graaf Gerhardstraat;Velp;138,6;13,3;0,0;0,0;0,0;0,0
SAN;NL:Q:40124090;Brekelenkampstraat;Arnhem;11,5;44,0;0,0;0,0;0,0;0,0
SAN;NL:Q:40124820;Rozendaalselaan;Velp;4,6;0,6;0,0;0,0;0,0;0,0
SAN;NL:Q:40124830;Rozendaalselaan;Velp;5,6;5,2;0,0;0,0;0,0;0,0
SAN;NL:Q:40124840;Biesdelselaan;Velp;19,3;8,1;0,0;0,0;0,0;0,0
SAN;NL:Q:40124850;Biesdelselaan;Velp;6,7;23,0;0,0;0,0;0,0;0,0
SAN;NL:Q:40160030;Schelmseweg;Arnhem;5,0;11,4;0,0;0,0;0,0;0,0
SAN;NL:Q:40160070;Maasbergseweg;Arnhem;2,7;5,7;0,0;0,0;0,0;0,0
SAN;NL:Q:40160080;De Leeren Doedel;Arnhem;1,4;0,4;0,0;0,0;0,0;0,0
SAN;NL:Q:40160090;De Leeren Doedel;Arnhem;0,1;1,2;0,0;0,0;0,0;0,0
SAN;NL:Q:40160110;De Vijverberg;Arnhem;0,0;0,4;0,0;0,0;0,0;0,0
SAN;NL:Q:40160120;De Vijverberg;Arnhem;0,2;0,3;0,0;0,0;0,0;0,0
SAN;NL:Q:40160130;Klein Warnsborn;Arnhem;2,7;1,2;0,0;0,0;0,0;0,0
SAN;NL:Q:40160140;Klein Warnsborn;Arnhem;2,2;1,8;0,0;0,0;0,0;0,0
SAN;NL:Q:40160160;Sportcentrum Papendal;Arnhem;189,3;170,8;0,0;0,0;0,0;0,0
SAN;NL:Q:40160170;Van der Valk Hotel Arnhem;Arnhem;0,4;9,7;0,0;0,0;0,0;0,0
SAN;NL:Q:40169091;Van der Valk Hotel Arnhem;Arnhem;14,3;0,4;0,0;0,0;0,0;0,0
SAN;NL:Q:40170020;C. van Maasdijklaan;Schaarsbergen;0,1;5,4;0,0;0,0;0,0;0,0
SAN;NL:Q:40170030;Hoenderloseweg;Deelen;0,9;0,1;0,0;0,0;0,0;0,0
SAN;NL:Q:40200010;Heidesteinlaan;Renkum;56,8;29,8;0,0;0,0;0,0;0,0
SAN;NL:Q:40200020;Patrimoniumweg;Heelsum;15,2;48,0;0,0;0,0;0,0;0,0
SAN;NL:Q:40200025;Patrimoniumweg;Heelsum;0,4;0,3;0,0;0,0;0,0;0,0
SAN;NL:Q:40200030;Patrimoniumweg;Heelsum;48,9;15,1;0,0;0,0;0,0;0,0
SAN;NL:Q:40200035;Patrimoniumweg;Heelsum;0,0;0,4;0,0;0,0;0,0;0,0
SAN;NL:Q:40200040;Het Beekdal;Heelsum;6,3;33,9;0,0;0,0;0,0;0,0
SAN;NL:Q:40200050;Het Beekdal;Heelsum;28,3;7,4;0,0;0,0;0,0;0,0
SAN;NL:Q:40200060;Doorwerthsestraat;Heelsum;2,4;12,5;0,0;0,0;0,0;0,0
SAN;NL:Q:40200070;Doorwerthsestraat;Heelsum;13,3;2,6;0,0;0,0;0,0;0,0
SAN;NL:Q:40200080;Kievitsdel West;Heelsum;2,3;13,7;0,0;0,0;0,0;0,0
SAN;NL:Q:40200090;Kievitsdel;Doorwerth;10,4;2,6;0,0;0,0;0,0;0,0
SAN;NL:Q:40200100;Mooiland;Doorwerth;1,3;7,7;0,0;0,0;0,0;0,0
SAN;NL:Q:40200110;Mooiland;Doorwerth;5,6;1,3;0,0;0,0;0,0;0,0
SAN;NL:Q:40200120;Kasteelweg;Doorwerth;10,6;29,5;0,0;0,0;0,0;0,0
SAN;NL:Q:40200130;Kasteelweg;Doorwerth;31,9;11,2;0,0;0,0;0,0;0,0
SAN;NL:Q:40200140;Kerklaan;Doorwerth;1,0;19,7;0,0;0,0;0,0;0,0
SAN;NL:Q:40200160;Kerklaan;Doorwerth;0,0;0,0;0,0;0,0;0,0;0,0
SAN;NL:Q:40200190;Winkelcentr. De Weerd;Doorwerth;70,5;26,3;0,0;0,0;0,0;0,0
SAN;NL:Q:40200200;Winkelcentr. De Weerd;Doorwerth;44,6;72,5;0,0;0,0;0,0;0,0
SAN;NL:Q:40200220;Kievitsdel;Doorwerth;1,1;6,0;0,0;0,0;0,0;0,0
SAN;NL:Q:40200230;Kievitsdel;Doorwerth;9,4;1,6;0,0;0,0;0,0;0,0
SAN;NL:Q:40200240;Van Aldenburglaan;Doorwerth;0,4;4,1;0,0;0,0;0,0;0,0
SAN;NL:Q:40200270;Hackettweg;Heelsum;16,8;6,8;0,0;0,0;0,0;0,0
SAN;NL:Q:40200290;Dopheidelaan;Heelsum;10,5;4,7;0,0;0,0;0,0;0,0
SAN;NL:Q:40200300;Dopheidelaan;Heelsum;4,4;13,5;0,0;0,0;0,0;0,0
SAN;NL:Q:40200310;Rolandseck;Doorwerth;0,4;2,6;0,0;0,0;0,0;0,0
SAN;NL:Q:40200320;Rolandseck;Doorwerth;3,0;0,3;0,0;0,0;0,0;0,0
SAN;NL:Q:40200330;Spechtlaan;Doorwerth;0,1;1,5;0,0;0,0;0,0;0,0
SAN;NL:Q:40200340;Spechtlaan;Doorwerth;1,4;0,1;0,0;0,0;0,0;0,0
SAN;NL:Q:40200490;Heidestein;Heelsum;1,7;1,6;0,0;0,0;0,0;0,0
SAN;NL:Q:40200510;Heidestein;Heelsum;1,4;1,9;0,0;0,0;0,0;0,0
SAN;NL:Q:40205830;Van der Molenplein;Doorwerth;1,5;21,9;0,0;0,0;0,0;0,0
SAN;NL:Q:40205840;Van der Molenplein;Doorwerth;9,9;0,9;0,0;0,0;0,0;0,0
SAN;NL:Q:40205850;Berkenlaan;Doorwerth;9,0;61,1;0,0;0,0;0,0;0,0
SAN;NL:Q:40205860;Berkenlaan;Doorwerth;66,9;7,9;0,0;0,0;0,0;0,0
SAN;NL:Q:40205890;Van Aldenburglaan;Doorwerth;2,2;0,5;0,0;0,0;0,0;0,0
SAN;NL:Q:40210030;Hotel  Wolfheze;Wolfheze;0,1;0,2;0,0;0,0;0,0;0,0
SAN;NL:Q:40210040;Hotel  Wolfheze;Wolfheze;0,2;0,1;0,0;0,0;0,0;0,0
SAN;NL:Q:40210050;Balijeweg;Wolfheze;0,7;0,0;0,0;0,0;0,0;0,0
SAN;NL:Q:40210060;Balijeweg;Wolfheze;0,1;0,7;0,0;0,0;0,0;0,0
SAN;NL:Q:40210070;Station Wolfheze;Wolfheze;2,5;0,0;0,0;0,0;0,0;0,0
SAN;NL:Q:40210080;Station Wolfheze;Wolfheze;0,2;3,5;0,0;0,0;0,0;0,0
SAN;NL:Q:40210100;Het Schild;Wolfheze;8,5;5,8;0,0;0,0;0,0;0,0
SAN;NL:Q:40210180;Station/Parallelweg;Wolfheze;3,5;0,1;0,0;0,0;0,0;0,0
SAN;NL:Q:40210190;Station/Parallelweg;Wolfheze;0,3;6,6;0,0;0,0;0,0;0,0
SAN;NL:Q:40210200;Boshoeve;Wolfheze;0,1;0,0;0,0;0,0;0,0;0,0
SAN;NL:Q:40210210;Boshoeve;Wolfheze;0,0;0,1;0,0;0,0;0,0;0,0
SAN;NL:Q:40210220;De Buunderkamp;Wolfheze;0,0;0,3;0,0;0,0;0,0;0,0
SAN;NL:Q:40210230;De Buunderkamp;Wolfheze;0,2;0,2;0,0;0,0;0,0;0,0
SAN;NL:Q:40220070;Kerkstraat;Driel;0,0;0,0;0,0;0,0;0,0;0,0
SAN;NL:Q:40220080;Kerkstraat;Driel;0,0;0,0;0,0;0,0;0,0;0,0
SAN;NL:Q:40220090;Doctor A W Ausemsstraat;Driel;0,0;0,0;0,0;0,0;0,0;0,0
SAN;NL:Q:40220100;Doctor A W Ausemsstraat;Driel;0,0;0,0;0,0;0,0;0,0;0,0
SAN;NL:Q:40220110;Cremerstraat;Driel;0,0;0,0;0,0;0,0;0,0;0,0
SAN;NL:Q:40220120;Cremerstraat;Driel;0,1;0,0;0,0;0,0;0,0;0,0
SAN;NL:Q:40221020;Grote Breeken;Driel;15,7;0,4;0,0;0,0;0,0;0,0
SAN;NL:Q:40221030;Grote Breeken;Driel;0,4;14,9;0,0;0,0;0,0;0,0
SAN;NL:Q:40221190;De Meikers;Driel;6,4;52,8;0,0;0,0;0,0;0,0
SAN;NL:Q:40221200;De Meikers;Driel;55,6;6,0;0,0;0,0;0,0;0,0
SAN;NL:Q:40221210;Broeksingel;Driel;2,6;22,1;0,0;0,0;0,0;0,0
SAN;NL:Q:40221220;Broeksingel;Driel;23,5;3,2;0,0;0,0;0,0;0,0
SAN;NL:Q:40221310;Vredesteinsestraat;Driel;0,1;1,5;0,0;0,0;0,0;0,0
SAN;NL:Q:40221320;Vredesteinsestraat;Driel;1,7;0,1;0,0;0,0;0,0;0,0
SAN;NL:Q:40221330;Noordhoeksestraat;Driel;0,0;1,2;0,0;0,0;0,0;0,0
SAN;NL:Q:40221340;Noordhoeksestraat;Driel;1,1;0,0;0,0;0,0;0,0;0,0
SAN;NL:Q:40300040;Bokkedijk;Renkum;0,6;0,5;0,0;0,0;0,0;0,0
SAN;NL:Q:40300050;Bokkedijk;Renkum;0,3;2,3;0,0;0,0;0,0;0,0
SAN;NL:Q:40300060;Nieuweweg;Renkum;30,3;33,9;0,0;0,0;0,0;0,0
SAN;NL:Q:40300070;Nieuweweg;Renkum;45,5;30,3;0,0;0,0;0,0;0,0
SAN;NL:Q:40300080;Europalaan;Renkum;34,7;75,0;0,0;0,0;0,0;0,0
SAN;NL:Q:40300090;Europalaan;Renkum;79,7;37,3;0,0;0,0;0,0;0,0
SAN;NL:Q:40300100;Don Boscoweg;Renkum;13,9;59,1;0,0;0,0;0,0;0,0
SAN;NL:Q:40300110;Don Boscoweg;Renkum;59,6;12,5;0,0;0,0;0,0;0,0
SAN;NL:Q:40300120;Groeneweg;Renkum;8,6;33,3;0,0;0,0;0,0;0,0
SAN;NL:Q:40300130;Groeneweg;Renkum;32,3;15,2;0,0;0,0;0,0;0,0
SAN;NL:Q:40300140;Heidesteinlaan;Renkum;22,0;44,0;0,0;0,0;0,0;0,0
SAN;NL:Q:40300160;Hackettweg;Heelsum;8,9;13,2;0,0;0,0;0,0;0,0
SAN;NL:Q:40300170;Telefoonweg;Renkum;11,0;5,9;0,0;0,0;0,0;0,0
SAN;NL:Q:40300180;Telefoonweg;Renkum;4,9;10,5;0,0;0,0;0,0;0,0
SAN;NL:Q:40300190;Fluitersheuvel;Renkum;13,3;6,6;0,0;0,0;0,0;0,0
SAN;NL:Q:40300200;Fluitersheuvel;Renkum;5,4;12,6;0,0;0,0;0,0;0,0
SAN;NL:Q:40300210;Mr. van Damweg;Renkum;21,6;6,5;0,0;0,0;0,0;0,0
SAN;NL:Q:40300220;Mr. van Damweg;Renkum;3,3;14,8;0,0;0,0;0,0;0,0
SAN;NL:Q:40300230;Bellevue;Renkum;8,5;5,3;0,0;0,0;0,0;0,0
SAN;NL:Q:40300240;Bellevue;Renkum;5,0;7,4;0,0;0,0;0,0;0,0
SAN;NL:Q:40300270;Doelum;Renkum;6,5;2,8;0,0;0,0;0,0;0,0
SAN;NL:Q:40300280;Doelum;Renkum;3,0;11,7;0,0;0,0;0,0;0,0
SAN;NL:Q:40300380;Maatweg;Renkum;0,1;0,6;0,0;0,0;0,0;0,0
SAN;NL:Q:40300410;IJsbaan/Kortenburg;Renkum;0,0;0,0;0,0;0,0;0,0;0,0
SAN;NL:Q:40300420;IJsbaan/Kortenburg;Renkum;0,1;0,0;0,0;0,0;0,0;0,0
SAN;NL:Q:40300450;Waterweg;Renkum;0,7;0,4;0,0;0,0;0,0;0,0
SAN;NL:Q:40300460;Waterweg;Renkum;0,1;0,3;0,0;0,0;0,0;0,0
SAN;NL:Q:40300480;Nieuwe Keijenbergseweg;Renkum;0,1;0,6;0,0;0,0;0,0;0,0
SAN;NL:Q:40300490;van Riessenstraat;Renkum;1,0;0,5;0,0;0,0;0,0;0,0
SAN;NL:Q:40300500;Dorpsstraat;Renkum;0,3;0,9;0,0;0,0;0,0;0,0
SAN;NL:Q:40300510;Centrum;Renkum;0,5;0,2;0,0;0,0;0,0;0,0
SAN;NL:Q:40300520;Centrum;Renkum;0,2;1,0;0,0;0,0;0,0;0,0
SAN;NL:Q:40300530;Wilgenpas;Renkum;2,5;0,8;0,0;0,0;0,0;0,0
SAN;NL:Q:40300540;Wilgenpas;Renkum;1,2;2,2;0,0;0,0;0,0;0,0
SAN;NL:Q:40320060;Poort v. Midden Gld Gr.;Heteren;0,9;7,1;0,0;0,0;0,0;0,0
SAN;NL:Q:40320070;Poort v. Midden Gld Gr.;Heteren;9,4;21,3;0,0;0,0;0,0;0,0
SAN;NL:Q:40320170;Elzenpas;Heteren;20,3;27,4;0,0;0,0;0,0;0,0
SAN;NL:Q:40320210;Beemdhof;Heteren;65,4;53,6;0,0;0,0;0,0;0,0
SAN;NL:Q:40320230;Schaapsakker;Heteren;0,0;0,0;0,0;0,0;0,0;0,0
SAN;NL:Q:40320240;Schaapsakker;Heteren;14,9;4,1;0,0;0,0;0,0;0,0
SAN;NL:Q:40320320;Schoutenkamp;Heteren;0,0;0,0;0,0;0,0;0,0;0,0
SAN;NL:Q:40320330;Schoutenkamp;Heteren;0,0;0,1;0,0;0,0;0,0;0,0
SAN;NL:Q:40320360;Heetveld;Heteren;28,9;23,5;0,0;0,0;0,0;0,0
SAN;NL:Q:40320380;Onze Lieve Vrouwestraat;Heteren;18,2;21,5;0,0;0,0;0,0;0,0
SAN;NL:Q:40320390;Polderstraat;Heteren;4,0;55,1;0,0;0,0;0,0;0,0
SAN;NL:Q:40320400;Polderstraat;Heteren;63,5;0,4;0,0;0,0;0,0;0,0
SAN;NL:Q:40321330;Uilenburgsestraat;Heteren;0,2;2,1;0,0;0,0;0,0;0,0
SAN;NL:Q:40321340;Uilenburgsestraat;Heteren;0,1;0,1;0,0;0,0;0,0;0,0
SAN;NL:Q:40321350;Achterstraat/PvMG;Heteren;2,2;61,0;0,0;0,0;0,0;0,0
SAN;NL:Q:40321360;Achterstraat/PvMG;Heteren;42,2;0,2;0,0;0,0;0,0;0,0
SAN;NL:Q:40400080;Arboretumlaan;Wageningen;2,3;43,7;0,0;0,0;0,0;0,0
SAN;NL:Q:40400090;Arboretumlaan;Wageningen;43,1;5,2;0,0;0,0;0,0;0,0
SAN;NL:Q:40400100;Diedenweg;Wageningen;6,4;58,3;0,0;0,0;0,0;0,0
SAN;NL:Q:40400110;Diedenweg;Wageningen;56,8;9,1;0,0;0,0;0,0;0,0
SAN;NL:Q:40400170;Wageningse Berg;Wageningen;18,8;18,9;0,0;0,0;0,0;0,0
SAN;NL:Q:40400440;Wageningse Berg;Wageningen;14,2;20,7;0,0;0,0;0,0;0,0
SAN;NL:Q:40405012;Busstation;Wageningen;162,5;495,0;0,0;0,0;0,0;0,0
SAN;NL:Q:40405013;Busstation;Wageningen;563,7;133,9;0,0;0,0;0,0;0,0
SAN;NL:Q:40410030;Oranje Nassau's Oord;Wageningen;0,4;0,4;0,0;0,0;0,0;0,0
SAN;NL:Q:40410040;Oranje Nassau's Oord;Wageningen;0,5;0,7;0,0;0,0;0,0;0,0
SAN;NL:Q:40410050;Begraafplaats;Wageningen;0,2;0,6;0,0;0,0;0,0;0,0
SAN;NL:Q:40410060;Begraafplaats;Wageningen;0,8;0,2;0,0;0,0;0,0;0,0
SAN;NL:Q:40420130;Kerk;Indoornik;0,0;0,0;0,0;0,0;0,0;0,0
SAN;NL:Q:40432001;De Harmonie;Laag-Soeren;3,9;0,0;0,0;0,0;0,0;0,0
SAN;NL:Q:40432002;De Harmonie;Laag-Soeren;0,0;6,3;0,0;0,0;0,0;0,0
SAN;NL:Q:40433002;'t Veentje;Eerbeek;0,0;0,7;0,0;0,0;0,0;0,0
SAN;NL:Q:40441001;Harderwijkerweg;Loenen;0,4;0,0;0,0;0,0;0,0;0,0
SAN;NL:Q:40441003;Bergakkerweg;Loenen;0,2;0,0;0,0;0,0;0,0;0,0
SAN;NL:Q:40441004;Bergakkerweg;Loenen;0,0;0,8;0,0;0,0;0,0;0,0
SAN;NL:Q:40441005;Bruisbeek;Loenen;1,3;0,0;0,0;0,0;0,0;0,0
SAN;NL:Q:40441006;Bruisbeek;Loenen;0,0;3,4;0,0;0,0;0,0;0,0
SAN;NL:Q:40441007;Leeuwenbergweg;Loenen;0,7;0,0;0,0;0,0;0,0;0,0
SAN;NL:Q:40441008;Leeuwenbergweg;Loenen;0,0;1,9;0,0;0,0;0,0;0,0
SAN;NL:Q:40441009;Hoge Bergweg;Loenen;0,3;0,0;0,0;0,0;0,0;0,0
SAN;NL:Q:40441010;Hoge Bergweg;Loenen;0,0;0,9;0,0;0,0;0,0;0,0
SAN;NL:Q:40451009;Hagenbrug;Beekbergen;0,1;0,0;0,0;0,0;0,0;0,0
SAN;NL:Q:40451010;Hagenbrug;Beekbergen;0,0;0,1;0,0;0,0;0,0;0,0
SAN;NL:Q:40451012;Engelanderweg;Beekbergen;0,0;0,0;0,0;0,0;0,0;0,0
SAN;NL:Q:40451013;De Wipselberg;Beekbergen;0,1;0,0;0,0;0,0;0,0;0,0
SAN;NL:Q:40451014;De Wipselberg;Beekbergen;0,0;0,1;0,0;0,0;0,0;0,0
SAN;NL:Q:40451015;Hulleweg;Beekbergen;0,1;0,0;0,0;0,0;0,0;0,0
SAN;NL:Q:40451016;Hulleweg;Beekbergen;0,0;0,1;0,0;0,0;0,0;0,0
SAN;NL:Q:40451017;Zonnehuis;Beekbergen;0,1;0,0;0,0;0,0;0,0;0,0
SAN;NL:Q:40451018;Zonnehuis;Beekbergen;0,0;0,3;0,0;0,0;0,0;0,0
SAN;NL:Q:40451019;Kerkweg;Beekbergen;0,4;0,0;0,0;0,0;0,0;0,0
SAN;NL:Q:40451020;Kerkweg;Beekbergen;0,0;0,5;0,0;0,0;0,0;0,0
SAN;NL:Q:40451021;Koningsweg;Beekbergen;0,0;0,0;0,0;0,0;0,0;0,0
SAN;NL:Q:40451022;Koningsweg;Beekbergen;0,0;0,2;0,0;0,0;0,0;0,0
SAN;NL:Q:40451034;Laan van Westenenk;Apeldoorn;0,0;0,1;0,0;0,0;0,0;0,0
SAN;NL:Q:40451501;Laan van Malkenschoten;Apeldoorn;0,3;0,0;0,0;0,0;0,0;0,0
SAN;NL:Q:40451502;Laan van Malkenschoten;Apeldoorn;0,0;1,8;0,0;0,0;0,0;0,0
SAN;NL:Q:40541002;Harderwijkerweg;Loenen;0,0;0,7;0,0;0,0;0,0;0,0
SAN;NL:Q:40543001;'t Veentje;Eerbeek;0,1;0,0;0,0;0,0;0,0;0,0
SAN;NL:Q:40543003;Coldenhovenseweg;Eerbeek;1,0;0,0;0,0;0,0;0,0;0,0
SAN;NL:Q:40543004;Coldenhovenseweg;Eerbeek;0,0;3,6;0,0;0,0;0,0;0,0
SAN;NL:Q:40543005;Loubergweg;Eerbeek;2,1;0,0;0,0;0,0;0,0;0,0
SAN;NL:Q:40543006;Loubergweg;Eerbeek;0,0;6,3;0,0;0,0;0,0;0,0
SAN;NL:Q:40543007;Centrum;Eerbeek;2,5;0,0;0,0;0,0;0,0;0,0
SAN;NL:Q:40543008;Centrum;Eerbeek;0,0;7,6;0,0;0,0;0,0;0,0
SAN;NL:Q:40543009;Offenbachstraat;Eerbeek;3,5;0,0;0,0;0,0;0,0;0,0
SAN;NL:Q:40543010;Offenbachstraat;Eerbeek;0,0;15,2;0,0;0,0;0,0;0,0
SAN;NL:Q:40543011;Ringlaan;Eerbeek;3,0;0,0;0,0;0,0;0,0;0,0
SAN;NL:Q:40543012;Ringlaan;Eerbeek;0,0;9,1;0,0;0,0;0,0;0,0
SAN;NL:Q:40543013;Vondellaan;Eerbeek;2,5;0,0;0,0;0,0;0,0;0,0
SAN;NL:Q:40543014;Vondellaan;Eerbeek;0,0;6,7;0,0;0,0;0,0;0,0
SAN;NL:Q:40551002;Station;Apeldoorn;0,3;5,3;0,0;0,0;0,0;0,0
SAN;NL:Q:40551020;Hoofdstraat;Apeldoorn;0,0;2,1;0,0;0,0;0,0;0,0
SAN;NL:Q:40551021;Amaliapark;Apeldoorn;0,6;0,0;0,0;0,0;0,0;0,0
SAN;NL:Q:40551022;Amaliapark;Apeldoorn;0,0;0,7;0,0;0,0;0,0;0,0
SAN;NL:Q:40551023;Zichtweg;Apeldoorn;0,1;0,0;0,0;0,0;0,0;0,0
SAN;NL:Q:40551024;Zichtweg;Apeldoorn;0,0;0,1;0,0;0,0;0,0;0,0
SAN;NL:Q:40551025;Eendrachtstraat;Apeldoorn;0,3;0,0;0,0;0,0;0,0;0,0
SAN;NL:Q:40551026;Eendrachtstraat;Apeldoorn;0,0;0,3;0,0;0,0;0,0;0,0
SAN;NL:Q:40551027;Aluminiumweg;Apeldoorn;0,2;0,0;0,0;0,0;0,0;0,0
SAN;NL:Q:40551028;Aluminiumweg;Apeldoorn;0,0;0,3;0,0;0,0;0,0;0,0
SAN;NL:Q:40551029;Sebastiaanplein;Apeldoorn;0,3;0,0;0,0;0,0;0,0;0,0
SAN;NL:Q:40551030;Sebastiaanplein;Apeldoorn;0,0;0,3;0,0;0,0;0,0;0,0
SAN;NL:Q:40551031;Chopinlaan;Apeldoorn;0,3;0,0;0,0;0,0;0,0;0,0
SAN;NL:Q:40551032;Chopinlaan;Apeldoorn;0,0;1,0;0,0;0,0;0,0;0,0
SAN;NL:Q:40551033;Laan van Westenenk;Apeldoorn;0,0;0,0;0,0;0,0;0,0;0,0
SAN;NL:Q:40551084;Station;Apeldoorn;2,2;0,1;0,0;0,0;0,0;0,0
SAN;NL:Q:40551110;Hoofdstraat;Apeldoorn;0,8;0,0;0,0;0,0;0,0;0,0
SAN;NL:Q:41110030;Grevenveld;Huissen;23,0;113,8;0,0;0,0;0,0;0,0
SAN;NL:Q:41110040;Grevenveld;Huissen;106,8;17,2;0,0;0,0;0,0;0,0
SAN;NL:Q:41110050;Nielant;Huissen;75,8;178,1;0,0;0,0;0,0;0,0
SAN;NL:Q:41110060;Nielant;Huissen;174,8;68,5;0,0;0,0;0,0;0,0
SAN;NL:Q:41110070;Heirweg;Huissen;27,1;82,1;0,0;0,0;0,0;0,0
SAN;NL:Q:41110080;Heirweg;Huissen;67,6;23,2;0,0;0,0;0,0;0,0
SAN;NL:Q:41110090;Bredestraat;Huissen;36,4;95,2;0,0;0,0;0,0;0,0
SAN;NL:Q:41110100;Bredestraat;Huissen;113,4;33,3;0,0;0,0;0,0;0,0
SAN;NL:Q:41110110;Langekerkstraat;Huissen;47,5;86,5;0,0;0,0;0,0;0,0
SAN;NL:Q:41110120;Langekerkstraat;Huissen;74,4;39,9;0,0;0,0;0,0;0,0
SAN;NL:Q:41110150;Stadswal;Huissen;64,9;67,9;0,0;0,0;0,0;0,0
SAN;NL:Q:41110160;Stadswal;Huissen;75,6;64,8;0,0;0,0;0,0;0,0
SAN;NL:Q:41110170;Binnenveld;Huissen;2,3;10,5;0,0;0,0;0,0;0,0
SAN;NL:Q:41110180;Binnenveld;Huissen;10,2;4,6;0,0;0,0;0,0;0,0
SAN;NL:Q:41110210;Valom;Huissen;4,7;27,8;0,0;0,0;0,0;0,0
SAN;NL:Q:41110220;Valom;Huissen;12,2;3,6;0,0;0,0;0,0;0,0
SAN;NL:Q:41110230;Florapark;Huissen;31,5;28,3;0,0;0,0;0,0;0,0
SAN;NL:Q:41110240;Florapark;Huissen;38,0;34,3;0,0;0,0;0,0;0,0
SAN;NL:Q:41110250;Nieuwediep;Huissen;9,8;9,7;0,0;0,0;0,0;0,0
SAN;NL:Q:41110260;Nieuwediep;Huissen;11,0;10,2;0,0;0,0;0,0;0,0
SAN;NL:Q:41110300;Agropark;Huissen;33,5;37,2;0,0;0,0;0,0;0,0
SAN;NL:Q:41110310;Bergerden;Huissen;9,0;10,8;0,0;0,0;0,0;0,0
SAN;NL:Q:41110330;Polseweg;Huissen;0,0;1,8;0,0;0,0;0,0;0,0
SAN;NL:Q:41110340;Polseweg;Huissen;1,7;1,2;0,0;0,0;0,0;0,0
SAN;NL:Q:41110360;Geldersch Oord;Angeren;2,0;0,3;0,0;0,0;0,0;0,0
SAN;NL:Q:41110370;Hedera;Huissen;0,7;4,0;0,0;0,0;0,0;0,0
SAN;NL:Q:41110380;Hedera;Huissen;4,6;0,0;0,0;0,0;0,0;0,0
SAN;NL:Q:41110390;Mea Vota;Huissen;35,6;47,8;0,0;0,0;0,0;0,0
SAN;NL:Q:41110400;Mea Vota;Huissen;48,7;30,5;0,0;0,0;0,0;0,0
SAN;NL:Q:41150010;Dorpstraat/Hamersetraat;Westervoort;0,7;0,4;0,0;0,0;0,0;0,0
SAN;NL:Q:41150050;Het Ambacht;Westervoort;2,0;1,4;0,0;0,0;0,0;0,0
SAN;NL:Q:41150070;Leigraaf;Westervoort;20,8;2,9;0,0;0,0;0,0;0,0
SAN;NL:Q:41150080;Leigraaf;Westervoort;2,7;14,4;0,0;0,0;0,0;0,0
SAN;NL:Q:41150110;Sonnedach;Westervoort;68,4;5,9;0,0;0,0;0,0;0,0
SAN;NL:Q:41150120;Sonnedach;Westervoort;6,9;77,6;0,0;0,0;0,0;0,0
SAN;NL:Q:41150130;Sporthal de Pals;Westervoort;11,6;3,2;0,0;0,0;0,0;0,0
SAN;NL:Q:41150140;Sporthal de Pals;Westervoort;3,3;17,4;0,0;0,0;0,0;0,0
SAN;NL:Q:41150150;Vredenburg;Westervoort;20,9;4,2;0,0;0,0;0,0;0,0
SAN;NL:Q:41150160;Vredenburg;Westervoort;4,3;20,2;0,0;0,0;0,0;0,0
SAN;NL:Q:41151010;Lange Maat;Westervoort;10,3;2,4;0,0;0,0;0,0;0,0
SAN;NL:Q:41151020;Lange Maat;Westervoort;2,0;10,6;0,0;0,0;0,0;0,0
SAN;NL:Q:41151030;Ganzenpoel;Westervoort;81,3;8,5;0,0;0,0;0,0;0,0
SAN;NL:Q:41151040;Ganzenpoel;Westervoort;9,4;65,4;0,0;0,0;0,0;0,0
SAN;NL:Q:41151050;Nieuwhof;Westervoort;58,4;5,4;0,0;0,0;0,0;0,0
SAN;NL:Q:41151060;Nieuwhof;Westervoort;6,1;70,5;0,0;0,0;0,0;0,0
SAN;NL:Q:41151070;Santacker;Westervoort;59,0;4,0;0,0;0,0;0,0;0,0
SAN;NL:Q:41151080;Santacker;Westervoort;5,6;58,5;0,0;0,0;0,0;0,0
SAN;NL:Q:41151090;Emmerik;Westervoort;43,4;3,0;0,0;0,0;0,0;0,0
SAN;NL:Q:41151100;Emmerik;Westervoort;2,4;42,1;0,0;0,0;0,0;0,0
SAN;NL:Q:41151210;Station Westervoort;Westervoort;46,7;115,1;0,0;0,0;0,0;0,0
SAN;NL:Q:41151220;Station Westervoort;Westervoort;223,9;159,7;0,0;0,0;0,0;0,0
SAN;NL:Q:41152090;Heilweg;Westervoort;19,8;2,9;0,0;0,0;0,0;0,0
SAN;NL:Q:41200010;Oude Tol;Elst;1,1;4,8;0,0;0,0;0,0;0,0
SAN;NL:Q:41200040;Platinaweg;Elst;1,1;11,8;0,0;0,0;0,0;0,0
SAN;NL:Q:41200050;Platinaweg;Elst;9,9;1,7;0,0;0,0;0,0;0,0
SAN;NL:Q:41200070;Grote Molenstraat;Elst;4,5;13,7;0,0;0,0;0,0;0,0
SAN;NL:Q:41200080;Grote Molenstraat;Elst;13,3;3,7;0,0;0,0;0,0;0,0
SAN;NL:Q:41200090;Brahmsstraat;Elst;10,1;14,1;0,0;0,0;0,0;0,0
SAN;NL:Q:41200100;Brahmsstraat;Elst;15,6;8,8;0,0;0,0;0,0;0,0
SAN;NL:Q:41200110;W. de Zwijgerstraat;Elst;7,8;11,9;0,0;0,0;0,0;0,0
SAN;NL:Q:41200120;W. de Zwijgerstraat;Elst;11,9;6,8;0,0;0,0;0,0;0,0
SAN;NL:Q:41200130;Prinsenhof;Elst;24,1;29,7;0,0;0,0;0,0;0,0
SAN;NL:Q:41200140;Prinsenhof;Elst;31,1;18,0;0,0;0,0;0,0;0,0
SAN;NL:Q:41200150;Kerkeakkers;Elst;23,4;32,4;0,0;0,0;0,0;0,0
SAN;NL:Q:41200160;Kerkeakkers;Elst;35,5;21,9;0,0;0,0;0,0;0,0
SAN;NL:Q:41200170;Zwartenhof;Elst;6,3;2,7;0,0;0,0;0,0;0,0
SAN;NL:Q:41200180;Zwartenhof;Elst;2,0;5,8;0,0;0,0;0,0;0,0
SAN;NL:Q:41200190;Lange Dreef/Willemsstr.;Elst;15,8;15,2;0,0;0,0;0,0;0,0
SAN;NL:Q:41200200;Lange Dreef/Willemsstr.;Elst;15,4;15,7;0,0;0,0;0,0;0,0
SAN;NL:Q:41200210;de Griend;Elst;30,8;18,9;0,0;0,0;0,0;0,0
SAN;NL:Q:41200220;de Griend;Elst;17,8;37,2;0,0;0,0;0,0;0,0
SAN;NL:Q:41200230;Sportpark de Pas;Elst;0,9;0,2;0,0;0,0;0,0;0,0
SAN;NL:Q:41200240;Sportpark de Pas;Elst;0,1;3,9;0,0;0,0;0,0;0,0
SAN;NL:Q:41200250;de Vork;Elst;0,5;0,3;0,0;0,0;0,0;0,0
SAN;NL:Q:41200260;de Vork;Elst;0,1;0,6;0,0;0,0;0,0;0,0
SAN;NL:Q:41200270;Sint Maartenstraat;Elst;0,1;0,0;0,0;0,0;0,0;0,0
SAN;NL:Q:41200280;Sint Maartenstraat;Elst;0,0;0,1;0,0;0,0;0,0;0,0
SAN;NL:Q:41200290;;;0,1;0,1;0,0;0,0;0,0;0,0
SAN;NL:Q:41200310;Kleipeer;Elst;8,3;2,7;0,0;0,0;0,0;0,0
SAN;NL:Q:41200320;Kleipeer;Elst;2,9;6,7;0,0;0,0;0,0;0,0
SAN;NL:Q:41200330;Vergert;Elst;3,1;2,1;0,0;0,0;0,0;0,0
SAN;NL:Q:41200340;Vergert;Elst;2,8;4,6;0,0;0,0;0,0;0,0
SAN;NL:Q:41200350;Dorpsstraat;Elst;20,1;32,0;0,0;0,0;0,0;0,0
SAN;NL:Q:41200360;Dorpsstraat;Elst;25,3;25,3;0,0;0,0;0,0;0,0
SAN;NL:Q:41200370;Bemmelseweg;Elst;12,8;1,2;0,0;0,0;0,0;0,0
SAN;NL:Q:41200380;Bemmelseweg;Elst;1,2;17,6;0,0;0,0;0,0;0,0
SAN;NL:Q:41200510;Griegstraat;Elst;3,0;9,3;0,0;0,0;0,0;0,0
SAN;NL:Q:41200520;Griegstraat;Elst;7,0;3,3;0,0;0,0;0,0;0,0
SAN;NL:Q:41200530;De Wuurde;Elst;38,8;27,4;0,0;0,0;0,0;0,0
SAN;NL:Q:41200540;De Wuurde;Elst;31,3;33,7;0,0;0,0;0,0;0,0
SAN;NL:Q:41200600;Sneeuwjacht;Elst;10,7;28,1;0,0;0,0;0,0;0,0
SAN;NL:Q:41200610;Sneeuwjacht;Elst;21,9;7,7;0,0;0,0;0,0;0,0
SAN;NL:Q:41200620;Morgenster;Elst;20,7;45,4;0,0;0,0;0,0;0,0
SAN;NL:Q:41200630;Morgenster;Elst;49,3;22,4;0,0;0,0;0,0;0,0
SAN;NL:Q:41200690;Mozartstraat;Elst;0,0;0,1;0,0;0,0;0,0;0,0
SAN;NL:Q:41200720;Station Elst;Elst;107,7;117,5;0,0;0,0;0,0;0,0
SAN;NL:Q:41200730;Station Elst;Elst;119,2;111,6;0,0;0,0;0,0;0,0
SAN;NL:Q:41210010;Agropark;Huissen;36,2;38,1;0,0;0,0;0,0;0,0
SAN;NL:Q:41210070;Oostervelden;Bemmel;6,1;6,1;0,0;0,0;0,0;0,0
SAN;NL:Q:41210080;Oostervelden;Bemmel;1,2;2,6;0,0;0,0;0,0;0,0
SAN;NL:Q:41210090;Klappenburgstraat;Bemmel;13,0;3,3;0,0;0,0;0,0;0,0
SAN;NL:Q:41210100;Klappenburgstraat;Bemmel;1,2;8,6;0,0;0,0;0,0;0,0
SAN;NL:Q:41210110;Sportlaan;Bemmel;19,1;6,0;0,0;0,0;0,0;0,0
SAN;NL:Q:41210120;Sportlaan;Bemmel;3,7;15,3;0,0;0,0;0,0;0,0
SAN;NL:Q:41210130;Gemeentehuis;Bemmel;11,2;14,5;0,0;0,0;0,0;0,0
SAN;NL:Q:41210140;Gemeentehuis;Bemmel;12,7;11,1;0,0;0,0;0,0;0,0
SAN;NL:Q:41210150;Molenwei;Bemmel;5,0;1,2;0,0;0,0;0,0;0,0
SAN;NL:Q:41210160;Molenwei;Bemmel;1,2;5,2;0,0;0,0;0,0;0,0
SAN;NL:Q:41210170;Vossenhol;Bemmel;3,4;1,6;0,0;0,0;0,0;0,0
SAN;NL:Q:41210180;Vossenhol;Bemmel;1,4;5,0;0,0;0,0;0,0;0,0
SAN;NL:Q:41210200;de Pas;Bemmel;0,1;0,7;0,0;0,0;0,0;0,0
SAN;NL:Q:41210210;De Rosmolen;Bemmel;0,1;4,3;0,0;0,0;0,0;0,0
SAN;NL:Q:41210220;De Rosmolen;Bemmel;4,9;0,1;0,0;0,0;0,0;0,0
SAN;NL:Q:41210230;Loostraat;Bemmel;95,0;54,4;0,0;0,0;0,0;0,0
SAN;NL:Q:41210240;Loostraat;Bemmel;58,9;97,3;0,0;0,0;0,0;0,0
SAN;NL:Q:41210270;Dorpsstraat;Bemmel;55,7;55,0;0,0;0,0;0,0;0,0
SAN;NL:Q:41210290;Dorpsstraat;Bemmel;62,5;62,8;0,0;0,0;0,0;0,0
SAN;NL:Q:41210490;De Essenpas;Haalderen;2,8;5,4;0,0;0,0;0,0;0,0
SAN;NL:Q:41210510;Papenstraat;Bemmel;123,7;117,9;0,0;0,0;0,0;0,0
SAN;NL:Q:41210520;Papenstraat;Bemmel;117,2;121,6;0,0;0,0;0,0;0,0
SAN;NL:Q:41210650;Klein Rome;Bemmel;61,1;20,3;0,0;0,0;0,0;0,0
SAN;NL:Q:41210660;Klein Rome;Bemmel;19,7;59,9;0,0;0,0;0,0;0,0
SAN;NL:Q:41210680;Kerkenhofstraat;Ressen;3,1;7,3;0,0;0,0;0,0;0,0
SAN;NL:Q:41210690;Parksingel;Bemmel;62,0;22,0;0,0;0,0;0,0;0,0
SAN;NL:Q:41210700;Parksingel;Bemmel;21,6;65,9;0,0;0,0;0,0;0,0
SAN;NL:Q:41220010;Avegoor;Ellecom;2,2;1,9;0,0;0,0;0,0;0,0
SAN;NL:Q:41220030;Oprijlaan Middachten;De Steeg;0,8;0,7;0,0;0,0;0,0;0,0
SAN;NL:Q:41220040;Oprijlaan Middachten;De Steeg;0,3;0,6;0,0;0,0;0,0;0,0
SAN;NL:Q:41220050;Smidsallee;De Steeg;0,9;0,9;0,0;0,0;0,0;0,0
SAN;NL:Q:41220060;Smidsallee;De Steeg;0,8;1,0;0,0;0,0;0,0;0,0
SAN;NL:Q:41220070;Brantsenpark;De Steeg;9,5;5,1;0,0;0,0;0,0;0,0
SAN;NL:Q:41220080;Brantsenpark;De Steeg;5,7;10,5;0,0;0,0;0,0;0,0
SAN;NL:Q:41220090;Viaduct;De Steeg;0,7;0,4;0,0;0,0;0,0;0,0
SAN;NL:Q:41220100;Viaduct;De Steeg;0,2;1,1;0,0;0,0;0,0;0,0
SAN;NL:Q:41220110;Rozenbos;Rheden;1,3;0,5;0,0;0,0;0,0;0,0
SAN;NL:Q:41220120;Rozenbos;Rheden;0,3;1,9;0,0;0,0;0,0;0,0
SAN;NL:Q:41220130;Pinkelseweg;Rheden;0,3;0,6;0,0;0,0;0,0;0,0
SAN;NL:Q:41220140;Pinkelseweg;Rheden;0,2;0,4;0,0;0,0;0,0;0,0
SAN;NL:Q:41220150;Groenestraat;Rheden;11,0;8,6;0,0;0,0;0,0;0,0
SAN;NL:Q:41220160;Groenestraat;Rheden;6,3;9,7;0,0;0,0;0,0;0,0
SAN;NL:Q:41220170;Holtbankseweg;Rheden;3,3;1,6;0,0;0,0;0,0;0,0
SAN;NL:Q:41220180;Holtbankseweg;Rheden;1,0;4,9;0,0;0,0;0,0;0,0
SAN;NL:Q:41220190;Rhederhof;Rheden;5,9;3,2;0,0;0,0;0,0;0,0
SAN;NL:Q:41220200;Rhederhof;Rheden;1,9;6,4;0,0;0,0;0,0;0,0
SAN;NL:Q:41220220;Hotel De Roskam;Rheden;2,0;4,7;0,0;0,0;0,0;0,0
SAN;NL:Q:41220550;NH Kerk;Rheden;8,2;2,1;0,0;0,0;0,0;0,0
SAN;NL:Q:41220560;NH Kerk;Rheden;1,9;8,3;0,0;0,0;0,0;0,0
SAN;NL:Q:41220570;Oranjeweg;Rheden;27,2;1,3;0,0;0,0;0,0;0,0
SAN;NL:Q:41220580;Oranjeweg;Rheden;2,1;22,1;0,0;0,0;0,0;0,0
SAN;NL:Q:41220590;v. Heerdtplein;Rheden;14,3;1,2;0,0;0,0;0,0;0,0
SAN;NL:Q:41220600;v. Heerdtplein;Rheden;1,1;15,2;0,0;0,0;0,0;0,0
SAN;NL:Q:41220650;Overweg;Rheden;1,1;6,5;0,0;0,0;0,0;0,0
SAN;NL:Q:41220660;Overweg;Rheden;6,5;1,1;0,0;0,0;0,0;0,0
SAN;NL:Q:41230010;Groenestraat;Giesbeek;13,0;2,9;0,0;0,0;0,0;0,0
SAN;NL:Q:41230030;Kerkstraat;Lathum;11,6;2,5;0,0;0,0;0,0;0,0
SAN;NL:Q:41230040;Kerkstraat;Lathum;2,8;11,6;0,0;0,0;0,0;0,0
SAN;NL:Q:41230050;Rijderbosweg;Lathum;0,4;0,9;0,0;0,0;0,0;0,0
SAN;NL:Q:41230060;Rijderbosweg;Lathum;0,8;1,4;0,0;0,0;0,0;0,0
SAN;NL:Q:41230080;Aansluiting A12;Duiven;4,9;23,3;0,0;0,0;0,0;0,0
SAN;NL:Q:41250010;Helhoek;Duiven;0,1;0,0;0,0;0,0;0,0;0,0
SAN;NL:Q:41250030;De Plak;Duiven;0,1;0,1;0,0;0,0;0,0;0,0
SAN;NL:Q:41250040;De Plak;Duiven;0,1;0,1;0,0;0,0;0,0;0,0
SAN;NL:Q:41250050;Vergertlaan;Duiven;13,8;0,1;0,0;0,0;0,0;0,0
SAN;NL:Q:41250060;Vergertlaan;Duiven;0,3;11,0;0,0;0,0;0,0;0,0
SAN;NL:Q:41250090;Dorp;Duiven;16,0;6,2;0,0;0,0;0,0;0,0
SAN;NL:Q:41250100;Dorp;Duiven;6,7;21,4;0,0;0,0;0,0;0,0
SAN;NL:Q:41250110;Thuvine;Duiven;5,5;2,6;0,0;0,0;0,0;0,0
SAN;NL:Q:41250120;Thuvine;Duiven;0,2;8,1;0,0;0,0;0,0;0,0
SAN;NL:Q:41250130;van Goyenstraat;Duiven;25,6;4,4;0,0;0,0;0,0;0,0
SAN;NL:Q:41250140;van Goyenstraat;Duiven;7,7;25,0;0,0;0,0;0,0;0,0
SAN;NL:Q:41250150;Maststraat;Duiven;2,6;1,8;0,0;0,0;0,0;0,0
SAN;NL:Q:41250160;Maststraat;Duiven;0,1;3,4;0,0;0,0;0,0;0,0
SAN;NL:Q:41250180;Het Ambacht;Westervoort;2,2;2,9;0,0;0,0;0,0;0,0
SAN;NL:Q:41250190;Schapenweide;Duiven;15,8;1,7;0,0;0,0;0,0;0,0
SAN;NL:Q:41250200;Schapenweide;Duiven;1,9;12,8;0,0;0,0;0,0;0,0
SAN;NL:Q:41250210;Marketing;Duiven;10,3;0,1;0,0;0,0;0,0;0,0
SAN;NL:Q:41250220;Marketing;Duiven;0,4;14,5;0,0;0,0;0,0;0,0
SAN;NL:Q:41250490;Alliander;Duiven;43,8;66,9;0,0;0,0;0,0;0,0
SAN;NL:Q:41250530;IKEA;Duiven;0,9;18,8;0,0;0,0;0,0;0,0
SAN;NL:Q:41250540;IKEA;Duiven;34,5;5,3;0,0;0,0;0,0;0,0
SAN;NL:Q:41250550;Nieuwgraaf 31;Duiven;0,0;9,4;0,0;0,0;0,0;0,0
SAN;NL:Q:41250560;Nieuwgraaf 31;Duiven;6,6;0,2;0,0;0,0;0,0;0,0
SAN;NL:Q:41250610;Graafsingel;Duiven;0,3;18,5;0,0;0,0;0,0;0,0
SAN;NL:Q:41250620;Graafsingel;Duiven;15,3;0,2;0,0;0,0;0,0;0,0
SAN;NL:Q:41250630;Typograaf;Duiven;0,1;1,5;0,0;0,0;0,0;0,0
SAN;NL:Q:41250640;Typograaf;Duiven;1,2;0,0;0,0;0,0;0,0;0,0
SAN;NL:Q:41251110;Station Duiven;Duiven;27,2;16,2;0,0;0,0;0,0;0,0
SAN;NL:Q:41251120;Station Duiven;Duiven;12,4;29,6;0,0;0,0;0,0;0,0
SAN;NL:Q:41251130;Bellefleur;Duiven;0,6;3,7;0,0;0,0;0,0;0,0
SAN;NL:Q:41251135;Bellefleur;Duiven;2,4;0,5;0,0;0,0;0,0;0,0
SAN;NL:Q:41251370;Centerpoort Noord;Duiven;22,1;26,6;0,0;0,0;0,0;0,0
SAN;NL:Q:41252010;Talingstraat;Duiven;0,2;7,7;0,0;0,0;0,0;0,0
SAN;NL:Q:41252020;Talingstraat;Duiven;8,2;0,1;0,0;0,0;0,0;0,0
SAN;NL:Q:41252070;Grasklokje;Duiven;2,1;0,2;0,0;0,0;0,0;0,0
SAN;NL:Q:41252080;Grasklokje;Duiven;0,2;2,5;0,0;0,0;0,0;0,0
SAN;NL:Q:41252090;Eilandplein;Duiven;13,8;0,8;0,0;0,0;0,0;0,0
SAN;NL:Q:41252100;Eilandplein;Duiven;0,4;13,1;0,0;0,0;0,0;0,0
SAN;NL:Q:41252110;Schiermonnikoogstraat;Duiven;5,3;0,4;0,0;0,0;0,0;0,0
SAN;NL:Q:41252120;Schiermonnikoogstraat;Duiven;0,4;7,1;0,0;0,0;0,0;0,0
SAN;NL:Q:41252130;Klavierstraat;Duiven;21,0;1,3;0,0;0,0;0,0;0,0
SAN;NL:Q:41252140;Klavierstraat;Duiven;0,9;18,8;0,0;0,0;0,0;0,0
SAN;NL:Q:41252150;Opaal;Duiven;25,1;1,6;0,0;0,0;0,0;0,0
SAN;NL:Q:41252160;Opaal;Duiven;1,0;22,2;0,0;0,0;0,0;0,0
SAN;NL:Q:41252170;Engelstraat;Duiven;0,2;0,0;0,0;0,0;0,0;0,0
SAN;NL:Q:41252180;Engelstraat;Duiven;0,0;1,6;0,0;0,0;0,0;0,0
SAN;NL:Q:41252200;Heilweg;Westervoort;2,5;16,2;0,0;0,0;0,0;0,0
SAN;NL:Q:41260010;Geldersch Oord;Angeren;0,2;2,1;0,0;0,0;0,0;0,0
SAN;NL:Q:41260030;Kamervoort;Angeren;2,0;21,2;0,0;0,0;0,0;0,0
SAN;NL:Q:41260040;Kamervoort;Angeren;14,8;1,5;0,0;0,0;0,0;0,0
SAN;NL:Q:41260060;Julianastraat;Angeren;22,0;5,0;0,0;0,0;0,0;0,0
SAN;NL:Q:41260070;Molenstraat;Angeren;9,5;22,9;0,0;0,0;0,0;0,0
SAN;NL:Q:41260080;Molenstraat;Angeren;9,1;5,7;0,0;0,0;0,0;0,0
SAN;NL:Q:41260090;Sterrenberg;Angeren;1,3;2,8;0,0;0,0;0,0;0,0
SAN;NL:Q:41260100;Sterrenberg;Angeren;2,8;1,5;0,0;0,0;0,0;0,0
SAN;NL:Q:41260110;Boerenhoek;Angeren;0,6;1,9;0,0;0,0;0,0;0,0
SAN;NL:Q:41260120;Boerenhoek;Angeren;2,1;0,6;0,0;0,0;0,0;0,0
SAN;NL:Q:41260130;Stenen Palen;Doornenburg;0,8;0,9;0,0;0,0;0,0;0,0
SAN;NL:Q:41260140;Stenen Palen;Doornenburg;1,0;0,9;0,0;0,0;0,0;0,0
SAN;NL:Q:41260150;de Linge;Doornenburg;0,1;0,4;0,0;0,0;0,0;0,0
SAN;NL:Q:41260160;de Linge;Doornenburg;0,1;0,1;0,0;0,0;0,0;0,0
SAN;NL:Q:41260170;Krakkedel;Doornenburg;2,2;4,8;0,0;0,0;0,0;0,0
SAN;NL:Q:41260180;Krakkedel;Doornenburg;4,6;1,8;0,0;0,0;0,0;0,0
SAN;NL:Q:41260190;de Woerd;Doornenburg;1,0;1,2;0,0;0,0;0,0;0,0
SAN;NL:Q:41260200;de Woerd;Doornenburg;0,7;0,8;0,0;0,0;0,0;0,0
SAN;NL:Q:41260210;Rijnstraat;Doornenburg;8,6;12,8;0,0;0,0;0,0;0,0
SAN;NL:Q:41260220;Rijnstraat;Doornenburg;11,5;9,6;0,0;0,0;0,0;0,0
SAN;NL:Q:41260230;van Kol;Doornenburg;39,8;21,5;0,0;0,0;0,0;0,0
SAN;NL:Q:41260240;van Kol;Doornenburg;23,3;35,8;0,0;0,0;0,0;0,0
SAN;NL:Q:41260250;Blauwe Hoek;Doornenburg;2,9;2,3;0,0;0,0;0,0;0,0
SAN;NL:Q:41260260;Blauwe Hoek;Doornenburg;2,6;3,6;0,0;0,0;0,0;0,0
SAN;NL:Q:41260280;Molenstraat;Gendt;8,0;8,1;0,0;0,0;0,0;0,0
SAN;NL:Q:41320111;Station Dieren;Dieren;45,9;5,6;0,0;0,0;0,0;0,0
SAN;NL:Q:41320112;Station Dieren;Dieren;42,7;38,0;0,0;0,0;0,0;0,0
SAN;NL:Q:41320114;Station Dieren;Dieren;85,7;19,0;0,0;0,0;0,0;0,0
SAN;NL:Q:41320130;Doesburgse Dijk;Dieren;18,5;1,8;0,0;0,0;0,0;0,0
SAN;NL:Q:41320140;Doesburgse Dijk;Dieren;4,6;21,8;0,0;0,0;0,0;0,0
SAN;NL:Q:41320150;Hofstetten;Ellecom;0,2;0,2;0,0;0,0;0,0;0,0
SAN;NL:Q:41320160;Hofstetten;Ellecom;14,6;1,2;0,0;0,0;0,0;0,0
SAN;NL:Q:41320170;Dorp;Ellecom;6,4;3,2;0,0;0,0;0,0;0,0
SAN;NL:Q:41320180;Dorp;Ellecom;3,0;6,5;0,0;0,0;0,0;0,0
SAN;NL:Q:41320200;Avegoor;Ellecom;1,5;2,7;0,0;0,0;0,0;0,0
SAN;NL:Q:41320510;Langebrug;Doesburg;0,3;0,1;0,0;0,0;0,0;0,0
SAN;NL:Q:41320520;Langebrug;Dieren;0,0;0,2;0,0;0,0;0,0;0,0
SAN;NL:Q:41321110;Station Dieren;Dieren;59,0;119,1;0,0;0,0;0,0;0,0
SAN;NL:Q:41321220;Vogelplantsoen;Dieren;0,1;0,4;0,0;0,0;0,0;0,0
SAN;NL:Q:41321280;Sparrenhof;Dieren;0,3;1,4;0,0;0,0;0,0;0,0
SAN;NL:Q:41321300;Imboslaan Industrielaan;Dieren;0,3;0,1;0,0;0,0;0,0;0,0
SAN;NL:Q:41321320;Fazantlaan;Dieren;0,2;0,0;0,0;0,0;0,0;0,0
SAN;NL:Q:41321330;Fazantlaan;Dieren;0,0;0,5;0,0;0,0;0,0;0,0
SAN;NL:Q:41321410;Julius Rontgenlaan;Dieren;0,5;0,9;0,0;0,0;0,0;0,0
SAN;NL:Q:41321420;Callunaplein;Dieren;0,0;0,0;0,0;0,0;0,0;0,0
SAN;NL:Q:41321460;Gelders Hof;Dieren;0,0;0,1;0,0;0,0;0,0;0,0
SAN;NL:Q:41321500;Tellegenlaan;Dieren;0,7;2,2;0,0;0,0;0,0;0,0
SAN;NL:Q:41321510;Tellegenlaan;Dieren;0,8;1,0;0,0;0,0;0,0;0,0
SAN;NL:Q:41321520;Lindelaan;Dieren;0,0;0,3;0,0;0,0;0,0;0,0
SAN;NL:Q:41321530;Lindelaan;Dieren;0,1;0,0;0,0;0,0;0,0;0,0
SAN;NL:Q:41321540;Spankerenseweg;Dieren;0,0;0,5;0,0;0,0;0,0;0,0
SAN;NL:Q:41321550;Spankerenseweg;Dieren;0,3;0,0;0,0;0,0;0,0;0,0
SAN;NL:Q:41321560;Kanaaldijk;Spankeren;0,4;0,7;0,0;0,0;0,0;0,0
SAN;NL:Q:41321570;Kanaaldijk;Spankeren;0,4;0,0;0,0;0,0;0,0;0,0
SAN;NL:Q:41321580;Dorpsweg;Spankeren;0,2;0,3;0,0;0,0;0,0;0,0
SAN;NL:Q:41321600;Kerkweg;Spankeren;0,5;0,5;0,0;0,0;0,0;0,0
SAN;NL:Q:41321620;Loohof;Spankeren;1,1;0,6;0,0;0,0;0,0;0,0
SAN;NL:Q:41321630;Treubstraat;Dieren;0,0;0,0;0,0;0,0;0,0;0,0
SAN;NL:Q:41321640;Treubstraat;Dieren;0,0;0,0;0,0;0,0;0,0;0,0
SAN;NL:Q:41321660;E. van Beinumlaan;Dieren;0,5;0,4;0,0;0,0;0,0;0,0
SAN;NL:Q:41321720;Imboslaan Industrielaan;Dieren;0,2;0,8;0,0;0,0;0,0;0,0
SAN;NL:Q:41321730;Abelenlaan;Dieren;0,7;0,9;0,0;0,0;0,0;0,0
SAN;NL:Q:41321740;Larixhof;Dieren;1,6;0,3;0,0;0,0;0,0;0,0
SAN;NL:Q:41321760;Olmenhof;Dieren;0,3;0,4;0,0;0,0;0,0;0,0
SAN;NL:Q:41321830;Zilverakkerweg;Dieren;0,2;0,2;0,0;0,0;0,0;0,0
SAN;NL:Q:41321860;Willem de Feschlaan;Dieren;0,0;0,0;0,0;0,0;0,0;0,0
SAN;NL:Q:41321870;Admiraal Helfrichlaan;Dieren;0,3;0,5;0,0;0,0;0,0;0,0
SAN;NL:Q:41321880;Valeriuslaan;Dieren;0,1;0,1;0,0;0,0;0,0;0,0
SAN;NL:Q:41321890;van Limburg Stirumstraat;Dieren;0,0;0,7;0,0;0,0;0,0;0,0
SAN;NL:Q:41321900;van Limburg Stirumstraat;Dieren;0,1;0,0;0,0;0,0;0,0;0,0
SAN;NL:Q:41321910;Industrielaan;Dieren;0,1;0,8;0,0;0,0;0,0;0,0
SAN;NL:Q:41321920;Industrielaan;Dieren;0,7;0,0;0,0;0,0;0,0;0,0
SAN;NL:Q:41321930;Domeinlaan;Dieren;0,3;0,7;0,0;0,0;0,0;0,0
SAN;NL:Q:41321950;Crematorium Domeinlaan;Dieren;0,5;1,0;0,0;0,0;0,0;0,0
SAN;NL:Q:41321970;Cederlaan;Dieren;0,0;0,5;0,0;0,0;0,0;0,0
SAN;NL:Q:41321980;Hans Brandts Buyslaan;Dieren;0,0;0,0;0,0;0,0;0,0;0,0
SAN;NL:Q:41322000;Bernard Zweerslaan;Dieren;0,2;0,0;0,0;0,0;0,0;0,0
SAN;NL:Q:41327003;Callunaplein;Dieren;15,1;1,7;0,0;0,0;0,0;0,0
SAN;NL:Q:41327004;Callunaplein;Dieren;9,9;19,1;0,0;0,0;0,0;0,0
SAN;NL:Q:41327005;Rode Kruislaan;Dieren;13,3;0,3;0,0;0,0;0,0;0,0
SAN;NL:Q:41327006;Rode Kruislaan;Dieren;0,2;9,8;0,0;0,0;0,0;0,0
SAN;NL:Q:41327007;Geitenbergweg;Dieren;16,5;0,0;0,0;0,0;0,0;0,0
SAN;NL:Q:41327008;Geitenbergweg;Dieren;0,0;14,7;0,0;0,0;0,0;0,0
SAN;NL:Q:41327009;Crematorium;Dieren;4,0;0,0;0,0;0,0;0,0;0,0
SAN;NL:Q:41327010;Crematorium;Dieren;0,0;4,4;0,0;0,0;0,0;0,0
SAN;NL:Q:41327011;Cederlaan;Dieren;13,9;0,0;0,0;0,0;0,0;0,0
SAN;NL:Q:41327012;Cederlaan;Dieren;0,1;14,6;0,0;0,0;0,0;0,0
SAN;NL:Q:41330030;Wielbergen;Angerlo;0,9;0,6;0,0;0,0;0,0;0,0
SAN;NL:Q:41330040;Wielbergen;Angerlo;0,5;1,6;0,0;0,0;0,0;0,0
SAN;NL:Q:41330050;Bingerdenseweg;Angerlo;0,6;0,3;0,0;0,0;0,0;0,0
SAN;NL:Q:41330060;Bingerdenseweg;Angerlo;0,1;0,4;0,0;0,0;0,0;0,0
SAN;NL:Q:41330070;Tutenburgsestraat;Giesbeek;47,1;1,2;0,0;0,0;0,0;0,0
SAN;NL:Q:41330080;Tutenburgsestraat;Giesbeek;0,6;2,1;0,0;0,0;0,0;0,0
SAN;NL:Q:41330090;Zwalmstraat;Giesbeek;6,0;63,6;0,0;0,0;0,0;0,0
SAN;NL:Q:41330120;Groenestraat;Giesbeek;12,0;15,6;0,0;0,0;0,0;0,0
SAN;NL:Q:41330170;Beumerskamp;Doesburg;44,6;25,0;0,0;0,0;0,0;0,0
SAN;NL:Q:41350090;Oranjelaan;Zevenaar;1,7;4,6;0,0;0,0;0,0;0,0
SAN;NL:Q:41350100;Oranjelaan;Zevenaar;2,9;2,1;0,0;0,0;0,0;0,0
SAN;NL:Q:41350113;Station Zevenaar;Zevenaar;41,0;17,1;0,0;0,0;0,0;0,0
SAN;NL:Q:41350114;Station Zevenaar;Zevenaar;51,9;65,7;0,0;0,0;0,0;0,0
SAN;NL:Q:41350115;Station Uitstaphalte;Zevenaar;1,4;14,6;0,0;0,0;0,0;0,0
SAN;NL:Q:41350116;Station Zevenaar;Zevenaar;129,3;135,0;0,0;0,0;0,0;0,0
SAN;NL:Q:41350130;Oude Doesburgseweg;Zevenaar;19,8;9,4;0,0;0,0;0,0;0,0
SAN;NL:Q:41350140;Oude Doesburgseweg;Zevenaar;11,2;20,6;0,0;0,0;0,0;0,0
SAN;NL:Q:41350150;Sportcentrum;Zevenaar;8,8;20,3;0,0;0,0;0,0;0,0
SAN;NL:Q:41350160;Sportcentrum;Zevenaar;13,3;6,9;0,0;0,0;0,0;0,0
SAN;NL:Q:41350170;Zwembad;Zevenaar;3,0;2,7;0,0;0,0;0,0;0,0
SAN;NL:Q:41350180;Zwembad;Zevenaar;13,1;4,5;0,0;0,0;0,0;0,0
SAN;NL:Q:41350190;Ziekenhuis;Zevenaar;22,3;10,3;0,0;0,0;0,0;0,0
SAN;NL:Q:41350200;Ziekenhuis;Zevenaar;18,6;33,3;0,0;0,0;0,0;0,0
SAN;NL:Q:41350210;Rosorum;Zevenaar;13,1;8,0;0,0;0,0;0,0;0,0
SAN;NL:Q:41350220;Rosorum;Zevenaar;6,9;9,7;0,0;0,0;0,0;0,0
SAN;NL:Q:41350240;Helhoek;Duiven;0,1;0,2;0,0;0,0;0,0;0,0
SAN;NL:Q:41350250;Schellekrans;Zevenaar;4,1;1,2;0,0;0,0;0,0;0,0
SAN;NL:Q:41350260;Schellekrans;Zevenaar;5,5;7,9;0,0;0,0;0,0;0,0
SAN;NL:Q:41350270;Ziekenhuis Hoofdingang;Zevenaar;6,4;7,6;0,0;0,0;0,0;0,0
SAN;NL:Q:41350510;Ringbaan Oost;Zevenaar;0,4;0,0;0,0;0,0;0,0;0,0
SAN;NL:Q:41350520;Ringbaan Oost;Zevenaar;0,2;0,3;0,0;0,0;0,0;0,0
SAN;NL:Q:41350570;De Bem;Zevenaar;0,0;0,1;0,0;0,0;0,0;0,0
SAN;NL:Q:41350610;Exa;Zevenaar;0,1;2,5;0,0;0,0;0,0;0,0
SAN;NL:Q:41350630;Tol;Zevenaar;1,0;0,8;0,0;0,0;0,0;0,0
SAN;NL:Q:41350650;Hengelder;Zevenaar;1,4;1,3;0,0;0,0;0,0;0,0
SAN;NL:Q:41351010;Buitenmolen;Zevenaar;0,3;0,2;0,0;0,0;0,0;0,0
SAN;NL:Q:41351020;Buitenmolen;Zevenaar;0,2;0,6;0,0;0,0;0,0;0,0
SAN;NL:Q:41351030;Maatjes;Zevenaar;0,1;0,2;0,0;0,0;0,0;0,0
SAN;NL:Q:41351040;Maatjes;Zevenaar;0,1;0,0;0,0;0,0;0,0;0,0
SAN;NL:Q:41351050;Mozartlaan;Zevenaar;0,0;0,7;0,0;0,0;0,0;0,0
SAN;NL:Q:41351060;Mozartlaan;Zevenaar;1,3;0,0;0,0;0,0;0,0;0,0
SAN;NL:Q:41352100;Didamseweg;Zevenaar;0,1;0,0;0,0;0,0;0,0;0,0
SAN;NL:Q:41352120;Didamseweg;Zevenaar;0,1;0,2;0,0;0,0;0,0;0,0
SAN;NL:Q:41353130;Subenhara;Zevenaar;6,3;7,9;0,0;0,0;0,0;0,0
SAN;NL:Q:41353140;Subenhara;Zevenaar;7,0;5,8;0,0;0,0;0,0;0,0
SAN;NL:Q:41360010;Molenstraat;Gendt;8,8;7,3;0,0;0,0;0,0;0,0
SAN;NL:Q:41360030;Olyhorststraat;Gendt;3,5;1,9;0,0;0,0;0,0;0,0
SAN;NL:Q:41360040;Olyhorststraat;Gendt;1,7;2,9;0,0;0,0;0,0;0,0
SAN;NL:Q:41360050;Kapelstraat;Gendt;9,6;8,9;0,0;0,0;0,0;0,0
SAN;NL:Q:41360060;Kapelstraat;Gendt;7,3;5,5;0,0;0,0;0,0;0,0
SAN;NL:Q:41360070;Julianaplein;Gendt;42,2;25,7;0,0;0,0;0,0;0,0
SAN;NL:Q:41360080;Julianaplein;Gendt;30,9;40,9;0,0;0,0;0,0;0,0
SAN;NL:Q:41360090;Markt;Gendt;8,2;5,8;0,0;0,0;0,0;0,0
SAN;NL:Q:41360100;Markt;Gendt;4,8;10,3;0,0;0,0;0,0;0,0
SAN;NL:Q:41360110;Baron van Gendtlaan;Gendt;20,3;9,3;0,0;0,0;0,0;0,0
SAN;NL:Q:41360120;Baron van Gendtlaan;Gendt;11,3;20,1;0,0;0,0;0,0;0,0
SAN;NL:Q:41360130;Kommerdijk;Gendt;3,2;1,6;0,0;0,0;0,0;0,0
SAN;NL:Q:41360140;Kommerdijk;Gendt;1,4;4,3;0,0;0,0;0,0;0,0
SAN;NL:Q:41360150;Kruisstraat;Gendt;8,2;1,6;0,0;0,0;0,0;0,0
SAN;NL:Q:41360160;Kruisstraat;Gendt;1,0;8,3;0,0;0,0;0,0;0,0
SAN;NL:Q:41360170;Industrieterrein;Gendt;6,6;3,4;0,0;0,0;0,0;0,0
SAN;NL:Q:41360180;Industrieterrein;Gendt;3,5;7,4;0,0;0,0;0,0;0,0
SAN;NL:Q:41360190;Groenestraat;Haalderen;1,1;0,3;0,0;0,0;0,0;0,0
SAN;NL:Q:41360200;Groenestraat;Haalderen;0,1;1,2;0,0;0,0;0,0;0,0
SAN;NL:Q:41360210;Kolkweg;Haalderen;1,6;1,3;0,0;0,0;0,0;0,0
SAN;NL:Q:41360220;Kolkweg;Haalderen;0,8;1,4;0,0;0,0;0,0;0,0
SAN;NL:Q:41360230;Kerk;Haalderen;12,0;2,8;0,0;0,0;0,0;0,0
SAN;NL:Q:41360240;Kerk;Haalderen;3,1;9,4;0,0;0,0;0,0;0,0
SAN;NL:Q:41360250;Lage Zandsestraat;Haalderen;6,9;3,0;0,0;0,0;0,0;0,0
SAN;NL:Q:41360260;Lage Zandsestraat;Haalderen;3,0;7,7;0,0;0,0;0,0;0,0
SAN;NL:Q:41360280;De Essenpas;Haalderen;6,3;3,3;0,0;0,0;0,0;0,0
SAN;NL:Q:41360510;Dwarsakker;Gendt;38,9;27,9;0,0;0,0;0,0;0,0
SAN;NL:Q:41360520;Dwarsakker;Gendt;27,6;35,1;0,0;0,0;0,0;0,0
SAN;NL:Q:41420010;NH Kerk;Drempt;2,6;0,0;0,0;0,0;0,0;0,0
SAN;NL:Q:41420050;Gouden Regenstraat;Doesburg;12,8;11,9;0,0;0,0;0,0;0,0
SAN;NL:Q:41420060;Gouden Regenstraat;Doesburg;13,5;9,6;0,0;0,0;0,0;0,0
SAN;NL:Q:41420070;Hoek Looiersweg;Doesburg;6,9;1,7;0,0;0,0;0,0;0,0
SAN;NL:Q:41420080;Hoek Looiersweg;Doesburg;3,3;4,7;0,0;0,0;0,0;0,0
SAN;NL:Q:41420090;Koppelweg;Doesburg;0,0;0,3;0,0;0,0;0,0;0,0
SAN;NL:Q:41420100;Koppelweg;Doesburg;0,2;5,6;0,0;0,0;0,0;0,0
SAN;NL:Q:41420110;Beinum;Doesburg;7,2;8,3;0,0;0,0;0,0;0,0
SAN;NL:Q:41420120;Beinum;Doesburg;11,2;5,1;0,0;0,0;0,0;0,0
SAN;NL:Q:41420130;Potsmaat;Doesburg;11,8;10,5;0,0;0,0;0,0;0,0
SAN;NL:Q:41420140;Potsmaat;Doesburg;9,6;8,3;0,0;0,0;0,0;0,0
SAN;NL:Q:41420150;tunnel Angerlo;Doesburg;15,3;19,2;0,0;0,0;0,0;0,0
SAN;NL:Q:41420160;tunnel Angerlo;Doesburg;14,4;13,9;0,0;0,0;0,0;0,0
SAN;NL:Q:41420180;Beumerskamp;Doesburg;23,5;40,1;0,0;0,0;0,0;0,0
SAN;NL:Q:41420210;Kraakselaan;Doesburg;95,2;78,5;0,0;0,0;0,0;0,0
SAN;NL:Q:41420220;Kraakselaan;Doesburg;94,0;25,6;0,0;0,0;0,0;0,0
SAN;NL:Q:41420230;Meipoort;Doesburg;55,1;23,9;0,0;0,0;0,0;0,0
SAN;NL:Q:41420240;Meipoort;Doesburg;29,3;61,8;0,0;0,0;0,0;0,0
SAN;NL:Q:41420250;Karel Doormansingel;Doesburg;43,0;6,9;0,0;0,0;0,0;0,0
SAN;NL:Q:41420260;Karel Doormansingel;Doesburg;8,7;53,2;0,0;0,0;0,0;0,0
SAN;NL:Q:41420270;Koepoortwal;Doesburg;36,9;2,4;0,0;0,0;0,0;0,0
SAN;NL:Q:41420280;Koepoortwal;Doesburg;5,3;40,2;0,0;0,0;0,0;0,0
SAN;NL:Q:41420290;Haven;Doesburg;2,6;1,8;0,0;0,0;0,0;0,0
SAN;NL:Q:41420300;Haven;Doesburg;1,2;8,5;0,0;0,0;0,0;0,0
SAN;NL:Q:41450030;Kwartiersedijk;Babberich;0,7;0,0;0,0;0,0;0,0;0,0
SAN;NL:Q:41450040;Kwartiersedijk;Babberich;0,0;0,0;0,0;0,0;0,0;0,0
SAN;NL:Q:41450050;Beekseweg;Babberich;0,0;0,1;0,0;0,0;0,0;0,0
SAN;NL:Q:41450060;Beekseweg;Babberich;0,1;1,1;0,0;0,0;0,0;0,0
SAN;NL:Q:41450070;Mariahoeve;Babberich;0,0;0,0;0,0;0,0;0,0;0,0
SAN;NL:Q:41450090;Franciscusstraat;Babberich;6,3;0,4;0,0;0,0;0,0;0,0
SAN;NL:Q:41450100;Franciscusstraat;Babberich;0,6;6,3;0,0;0,0;0,0;0,0
SAN;NL:Q:41450110;Gildestraat;Babberich;0,5;0,1;0,0;0,0;0,0;0,0
SAN;NL:Q:41450120;Gildestraat;Babberich;0,0;0,2;0,0;0,0;0,0;0,0
SAN;NL:Q:41450130;Dorpstraat;Babberich;5,8;0,1;0,0;0,0;0,0;0,0
SAN;NL:Q:41450140;Dorpstraat;Babberich;0,0;4,6;0,0;0,0;0,0;0,0
SAN;NL:Q:41450150;Schutterstent St. Anna;Oud Zevenaar;0,7;0,4;0,0;0,0;0,0;0,0
SAN;NL:Q:41450160;Schutterstent St. Anna;Oud Zevenaar;0,6;1,1;0,0;0,0;0,0;0,0
SAN;NL:Q:41520010;Manege;Laag Keppel;0,5;0,0;0,0;0,0;0,0;0,0
SAN;NL:Q:41520030;Gouden Leeuw;Laag Keppel;5,9;0,0;0,0;0,0;0,0;0,0
SAN;NL:Q:41520040;Gouden Leeuw;Laag Keppel;0,0;5,3;0,0;0,0;0,0;0,0
SAN;NL:Q:41520210;'t Smaaleke;Laag Keppel;1,0;0,0;0,0;0,0;0,0;0,0
SAN;NL:Q:41520220;'t Smaaleke;Laag Keppel;0,0;2,5;0,0;0,0;0,0;0,0
SAN;NL:Q:41520230;Weg naar Hoog-Keppel;Hoog Keppel;0,7;0,0;0,0;0,0;0,0;0,0
SAN;NL:Q:41520240;Weg naar Hoog-Keppel;Hoog Keppel;0,0;0,8;0,0;0,0;0,0;0,0
SAN;NL:Q:41520250;Burg. Vrijlandweg;Hoog Keppel;0,9;0,0;0,0;0,0;0,0;0,0
SAN;NL:Q:41520260;Burg. Vrijlandweg;Hoog Keppel;0,0;2,0;0,0;0,0;0,0;0,0
SAN;NL:Q:41520270;De Braamberg;Drempt;5,4;0,0;0,0;0,0;0,0;0,0
SAN;NL:Q:41520280;De Braamberg;Drempt;0,0;6,8;0,0;0,0;0,0;0,0
SAN;NL:Q:41520300;NH Kerk;Drempt;0,0;1,8;0,0;0,0;0,0;0,0
SAN;NL:Q:41620010;Den Ooiman;Doetinchem;3,2;0,0;0,0;0,0;0,0;0,0
SAN;NL:Q:41620030;IJzergieterij;Langerak;0,9;0,0;0,0;0,0;0,0;0,0
SAN;NL:Q:41620040;IJzergieterij;Langerak;0,0;1,1;0,0;0,0;0,0;0,0
SAN;NL:Q:41620060;Manege;Laag Keppel;0,0;0,6;0,0;0,0;0,0;0,0
SAN;NL:Q:41650010;Lobede;Tolkamer;51,8;48,4;0,0;0,0;0,0;0,0
SAN;NL:Q:41650020;Lobede;Tolkamer;0,6;1,8;0,0;0,0;0,0;0,0
SAN;NL:Q:41650050;Boterdijk/Molen;Lobith;0,1;0,1;0,0;0,0;0,0;0,0
SAN;NL:Q:41650060;Boterdijk/Molen;Lobith;0,0;0,9;0,0;0,0;0,0;0,0
SAN;NL:Q:41650070;Postkantoor;Tolkamer;10,6;1,0;0,0;0,0;0,0;0,0
SAN;NL:Q:41650080;Postkantoor;Tolkamer;0,0;1,1;0,0;0,0;0,0;0,0
SAN;NL:Q:41650085;Graaf Ottoweg;Lobith;0,6;8,5;0,0;0,0;0,0;0,0
SAN;NL:Q:41650090;Dorp;Lobith;24,2;1,1;0,0;0,0;0,0;0,0
SAN;NL:Q:41650100;Dorp;Lobith;2,5;26,8;0,0;0,0;0,0;0,0
SAN;NL:Q:41650110;Graaf Reinaldstraat;Lobith;18,1;0,1;0,0;0,0;0,0;0,0
SAN;NL:Q:41650120;Graaf Reinaldstraat;Lobith;0,4;24,3;0,0;0,0;0,0;0,0
SAN;NL:Q:41650130;Anjerstraat;Lobith;26,8;0,1;0,0;0,0;0,0;0,0
SAN;NL:Q:41650140;Anjerstraat;Lobith;0,6;16,5;0,0;0,0;0,0;0,0
SAN;NL:Q:41650150;De Bijland;Herwen;0,7;0,3;0,0;0,0;0,0;0,0
SAN;NL:Q:41650160;De Bijland;Herwen;0,0;0,6;0,0;0,0;0,0;0,0
SAN;NL:Q:41650200;Willibrordusweg;Spijk;9,2;10,0;0,0;0,0;0,0;0,0
SAN;NL:Q:41720230;Centrum;Doetinchem;27,3;0,0;0,0;0,0;0,0;0,0
SAN;NL:Q:41720240;Centrum;Doetinchem;0,0;46,2;0,0;0,0;0,0;0,0
SAN;NL:Q:41721090;Station;Doetinchem;1,8;2,7;0,0;0,0;0,0;0,0
SAN;NL:Q:41721104;Station;Doetinchem;23,1;36,0;0,0;0,0;0,0;0,0
SAN;NL:Q:41721110;Gemeentehuis;Doetinchem;5,3;0,0;0,0;0,0;0,0;0,0
SAN;NL:Q:41721120;Gemeentehuis;Doetinchem;0,0;10,0;0,0;0,0;0,0;0,0
SAN;NL:Q:41721130;2e Loolaan;Doetinchem;14,9;0,1;0,0;0,0;0,0;0,0
SAN;NL:Q:41721140;2e Loolaan;Doetinchem;0,0;31,3;0,0;0,0;0,0;0,0
SAN;NL:Q:41721160;Den Ooiman;Doetinchem;0,0;8,8;0,0;0,0;0,0;0,0
SAN;NL:Q:41750090;Schoolstraat;Aerdt;4,0;0,1;0,0;0,0;0,0;0,0
SAN;NL:Q:41750100;Schoolstraat;Aerdt;0,1;2,9;0,0;0,0;0,0;0,0
SAN;NL:Q:41750110;Kerkweg;Aerdt;10,2;0,0;0,0;0,0;0,0;0,0
SAN;NL:Q:41750120;Kerkweg;Aerdt;0,0;9,1;0,0;0,0;0,0;0,0
SAN;NL:Q:41750170;Hoogeweg;Pannerden;10,5;0,1;0,0;0,0;0,0;0,0
SAN;NL:Q:41750180;Mariahoeve;Babberich;0,0;0,1;0,0;0,0;0,0;0,0
SAN;NL:Q:41750210;Aerdtsestraat;Pannerden;21,4;0,2;0,0;0,0;0,0;0,0
SAN;NL:Q:41750280;Hoogeweg;Pannerden;0,1;12,9;0,0;0,0;0,0;0,0
SAN;NL:Q:41750360;Aerdtsedijk;Herwen;2,1;3,3;0,0;0,0;0,0;0,0
SAN;NL:Q:41750370;Nijverheidstraat;Herwen;0,9;0,2;0,0;0,0;0,0;0,0
SAN;NL:Q:41750380;Nijverheidstraat;Herwen;0,1;0,8;0,0;0,0;0,0;0,0
SAN;NL:Q:41750390;Dorpsplein;Pannerden;0,5;0,5;0,0;0,0;0,0;0,0
SAN;NL:Q:41750400;Dorpsplein;Pannerden;0,6;8,1;0,0;0,0;0,0;0,0
SAN;NL:Q:41750410;Heuvelhoek;Aerdt;1,1;0,4;0,0;0,0;0,0;0,0
SAN;NL:Q:41750420;Aerdtsestraat;Pannerden;0,2;10,1;0,0;0,0;0,0;0,0
SAN;NL:Q:41750430;Molenpad;Herwen;12,7;0,9;0,0;0,0;0,0;0,0
SAN;NL:Q:41750440;Molenpad;Herwen;0,7;11,8;0,0;0,0;0,0;0,0
SAN;NL:Q:60000030;Nassausingel;Nijmegen;114,1;67,4;0,0;0,0;0,0;0,0
SAN;NL:Q:60000040;Nassausingel;Nijmegen;39,8;212,1;0,0;0,0;0,0;0,0
SAN;NL:Q:60000050;Burchtstraat;Nijmegen;267,5;294,2;0,0;0,0;0,0;0,0
SAN;NL:Q:60000060;Valkhof;Nijmegen;293,5;205,0;0,0;0,0;0,0;0,0
SAN;NL:Q:60000070;Hunnerpark;Nijmegen;235,3;126,0;0,0;0,0;0,0;0,0
SAN;NL:Q:60000080;Neerbosscheweg;Nijmegen;149,2;126,6;0,0;0,0;0,0;0,0
SAN;NL:Q:60000100;Dennenstraat;Nijmegen;122,6;32,5;0,0;0,0;0,0;0,0
SAN;NL:Q:60000120;Graafseweg/Wolfskuilseweg;Nijmegen;54,4;38,5;0,0;0,0;0,0;0,0
SAN;NL:Q:60000130;Rozenstraat;Nijmegen;27,5;52,4;0,0;0,0;0,0;0,0
SAN;NL:Q:60000140;Rozenstraat;Nijmegen;167,7;39,7;0,0;0,0;0,0;0,0
SAN;NL:Q:60000150;Graafseweg/Wolfskuilseweg;Nijmegen;34,8;44,6;0,0;0,0;0,0;0,0
SAN;NL:Q:60000170;Dennenstraat;Nijmegen;33,3;131,5;0,0;0,0;0,0;0,0
SAN;NL:Q:60000180;Prins Hendrikstraat;Nijmegen;11,1;70,2;0,0;0,0;0,0;0,0
SAN;NL:Q:60000190;Neerbosscheweg;Nijmegen;59,8;120,0;0,0;0,0;0,0;0,0
SAN;NL:Q:60000200;Hunnerpark;Nijmegen;207,8;335,9;0,0;0,0;0,0;0,0
SAN;NL:Q:60000210;Valkhof;Nijmegen;147,7;273,0;0,0;0,0;0,0;0,0
SAN;NL:Q:60000220;Burchtstraat;Nijmegen;321,9;243,4;0,0;0,0;0,0;0,0
SAN;NL:Q:60000230;Terwindtstraat;Nijmegen;20,1;3,5;0,0;0,0;0,0;0,0
SAN;NL:Q:60000240;Terwindtstraat;Nijmegen;0,9;10,9;0,0;0,0;0,0;0,0
SAN;NL:Q:60000250;Waalkade;Nijmegen;26,2;58,4;0,0;0,0;0,0;0,0
SAN;NL:Q:60000260;Waalkade;Nijmegen;35,2;36,9;0,0;0,0;0,0;0,0
SAN;NL:Q:60000280;Joris Ivensplein;Nijmegen;34,5;106,5;0,0;0,0;0,0;0,0
SAN;NL:Q:60000300;Prins Hendrikstraat;Nijmegen;23,1;11,1;0,0;0,0;0,0;0,0
SAN;NL:Q:60000330;Groenestraat;Nijmegen;40,6;130,7;0,0;0,0;0,0;0,0
SAN;NL:Q:60000340;Groenestraat;Nijmegen;117,1;42,4;0,0;0,0;0,0;0,0
SAN;NL:Q:60000350;Sint Annamolen;Nijmegen;38,5;137,5;0,0;0,0;0,0;0,0
SAN;NL:Q:60000360;Sint Annamolen;Nijmegen;115,4;41,4;0,0;0,0;0,0;0,0
SAN;NL:Q:60000370;Voerweg;Nijmegen;8,1;16,3;0,0;0,0;0,0;0,0
SAN;NL:Q:60000380;Voerweg;Nijmegen;6,9;9,9;0,0;0,0;0,0;0,0
SAN;NL:Q:60000390;Sint Annastraat/Heiweg;Nijmegen;8,2;14,3;0,0;0,0;0,0;0,0
SAN;NL:Q:60000400;Sint Annastraat/Heiweg;Nijmegen;14,4;6,0;0,0;0,0;0,0;0,0
SAN;NL:Q:60000410;Scheidingsweg;Nijmegen;5,9;8,1;0,0;0,0;0,0;0,0
SAN;NL:Q:60000415;;;0,1;2,0;0,0;0,0;0,0;0,0
SAN;NL:Q:60000420;Scheidingsweg;Nijmegen;6,8;10,1;0,0;0,0;0,0;0,0
SAN;NL:Q:60000430;Hertogplein;Nijmegen;47,7;46,9;0,0;0,0;0,0;0,0
SAN;NL:Q:60000460;Marienboom;Nijmegen;66,8;14,4;0,0;0,0;0,0;0,0
SAN;NL:Q:60000470;Coehoornstraat;Nijmegen;0,0;0,0;0,0;0,0;0,0;0,0
SAN;NL:Q:60000480;Van Cranenborchstraat;Nijmegen;48,9;48,2;0,0;0,0;0,0;0,0
SAN;NL:Q:60000490;Kazerne;Nijmegen;31,4;122,6;0,0;0,0;0,0;0,0
SAN;NL:Q:60000500;Groenewoudseweg;Nijmegen;33,9;27,5;0,0;0,0;0,0;0,0
SAN;NL:Q:60000510;Groenewoudseweg;Nijmegen;28,0;38,9;0,0;0,0;0,0;0,0
SAN;NL:Q:60000520;Kazerne;Nijmegen;128,7;27,0;0,0;0,0;0,0;0,0
SAN;NL:Q:60000530;Van Cranenborchstraat;Nijmegen;41,0;54,1;0,0;0,0;0,0;0,0
SAN;NL:Q:60000550;Marienboom;Nijmegen;11,7;48,9;0,0;0,0;0,0;0,0
SAN;NL:Q:60000580;Hertogplein;Nijmegen;17,7;46,4;0,0;0,0;0,0;0,0
SAN;NL:Q:60000590;Sint Canisiussingel;Nijmegen;38,0;61,1;0,0;0,0;0,0;0,0
SAN;NL:Q:60000600;Sint Canisiussingel;Nijmegen;49,9;44,0;0,0;0,0;0,0;0,0
SAN;NL:Q:60000610;Joris Ivensplein;Nijmegen;85,8;26,5;0,0;0,0;0,0;0,0
SAN;NL:Q:60000630;Havenweg;Nijmegen;6,5;77,7;0,0;0,0;0,0;0,0
SAN;NL:Q:60000650;Joris Ivensplein;Nijmegen;68,5;54,7;0,0;0,0;0,0;0,0
SAN;NL:Q:60000660;Joris Ivensplein;Nijmegen;34,1;59,6;0,0;0,0;0,0;0,0
SAN;NL:Q:60000690;Hatertseweg/Grootstalseln;Nijmegen;27,7;67,2;0,0;0,0;0,0;0,0
SAN;NL:Q:60000700;Hatertseweg/Grootstalseln;Nijmegen;73,1;28,9;0,0;0,0;0,0;0,0
SAN;NL:Q:60000720;van Peltlaan;Nijmegen;137,8;100,9;0,0;0,0;0,0;0,0
SAN;NL:Q:60000740;Meentstraat;Nijmegen;72,9;55,1;0,0;0,0;0,0;0,0
SAN;NL:Q:60000760;Krekelstraat;Nijmegen;102,7;38,1;0,0;0,0;0,0;0,0
SAN;NL:Q:60000780;Kam. Onnesstraat;Nijmegen;73,2;26,7;0,0;0,0;0,0;0,0
SAN;NL:Q:60000810;van Peltlaan;Nijmegen;85,8;119,3;0,0;0,0;0,0;0,0
SAN;NL:Q:60000830;Krekelstraat;Nijmegen;49,3;94,9;0,0;0,0;0,0;0,0
SAN;NL:Q:60000850;Kam. Onnesstraat;Nijmegen;25,9;65,9;0,0;0,0;0,0;0,0
SAN;NL:Q:60000860;Burg. Daleslaan;Nijmegen;5,7;11,9;0,0;0,0;0,0;0,0
SAN;NL:Q:60000870;Burg. Daleslaan;Nijmegen;0,1;6,8;0,0;0,0;0,0;0,0
SAN;NL:Q:60000960;Pompweg;Ubbergen;11,5;9,2;0,0;0,0;0,0;0,0
SAN;NL:Q:60000970;Sluis Weurt;Nijmegen;16,0;3,4;0,0;0,0;0,0;0,0
SAN;NL:Q:60000990;Sluis Weurt;Nijmegen;2,9;20,3;0,0;0,0;0,0;0,0
SAN;NL:Q:60001001;Centraal Station;Nijmegen;623,5;1682,4;0,0;0,0;0,0;0,0
SAN;NL:Q:60001002;Centraal Station;Nijmegen;784,7;4092,9;0,0;0,0;0,0;0,0
SAN;NL:Q:60001003;Centraal Station;Nijmegen;1136,3;414,4;0,0;0,0;0,0;0,0
SAN;NL:Q:60001004;Centraal Station;Nijmegen;1142,0;2344,3;0,0;0,0;0,0;0,0
SAN;NL:Q:60001005;Centraal Station;Nijmegen;768,7;144,3;0,0;0,0;0,0;0,0
SAN;NL:Q:60001006;Centraal Station;Nijmegen;1702,5;1010,6;0,0;0,0;0,0;0,0
SAN;NL:Q:60001007;Centraal Station;Nijmegen;1833,1;1514,2;0,0;0,0;0,0;0,0
SAN;NL:Q:60001008;Centraal Station;Nijmegen;624,0;670,5;0,0;0,0;0,0;0,0
SAN;NL:Q:60001010;Centraal Station;Nijmegen;662,0;741,4;0,0;0,0;0,0;0,0
SAN;NL:Q:60001011;Centraal Station;Nijmegen;1276,5;819,7;0,0;0,0;0,0;0,0
SAN;NL:Q:60001012;Centraal Station;Nijmegen;1283,1;774,9;0,0;0,0;0,0;0,0
SAN;NL:Q:60001013;Centraal Station;Nijmegen;2704,5;42,9;0,0;0,0;0,0;0,0
SAN;NL:Q:60001020;Spoorkuil;Nijmegen;73,7;73,5;0,0;0,0;0,0;0,0
SAN;NL:Q:60001030;Spoorkuil;Nijmegen;36,3;31,7;0,0;0,0;0,0;0,0
SAN;NL:Q:60001040;Sint Maartenskliniek;Nijmegen;112,3;113,4;0,0;0,0;0,0;0,0
SAN;NL:Q:60001050;Havenweg;Nijmegen;63,1;5,4;0,0;0,0;0,0;0,0
SAN;NL:Q:60001060;Hengstdalseweg/Sophiaweg;Nijmegen;26,2;0,9;0,0;0,0;0,0;0,0
SAN;NL:Q:60001080;Beukstraat;Nijmegen;53,1;1,1;0,0;0,0;0,0;0,0
SAN;NL:Q:60001100;Hengstdalseweg/Broerdijk;Nijmegen;102,8;6,2;0,0;0,0;0,0;0,0
SAN;NL:Q:60001110;Meentstraat;Nijmegen;58,1;76,1;0,0;0,0;0,0;0,0
SAN;NL:Q:60001130;Pompweg;Ubbergen;8,7;9,9;0,0;0,0;0,0;0,0
SAN;NL:Q:60001160;Koningshof;Nijmegen;164,7;7,5;0,0;0,0;0,0;0,0
SAN;NL:Q:60001180;Obrechtstraat;Nijmegen;23,9;39,6;0,0;0,0;0,0;0,0
SAN;NL:Q:60001200;Smetiusstraat;Nijmegen;163,8;551,9;0,0;0,0;0,0;0,0
SAN;NL:Q:60001210;Heyend.weg/Archipelstraat;Nijmegen;0,0;0,0;0,0;0,0;0,0;0,0
SAN;NL:Q:60001220;Badhuis;Nijmegen;52,0;11,6;0,0;0,0;0,0;0,0
SAN;NL:Q:60001230;Professorenwijk;Nijmegen;0,0;0,0;0,0;0,0;0,0;0,0
SAN;NL:Q:60001240;Dominicanenstraat;Nijmegen;46,5;6,1;0,0;0,0;0,0;0,0
SAN;NL:Q:60001250;Bowlingcentrum;Nijmegen;0,0;0,2;0,0;0,0;0,0;0,0
SAN;NL:Q:60001280;UMC Sint Radboud;Nijmegen;710,7;528,1;0,0;0,0;0,0;0,0
SAN;NL:Q:60001290;UMC Sint Radboud;Nijmegen;260,9;351,7;0,0;0,0;0,0;0,0
SAN;NL:Q:60001390;Energieweg/Wolfskuilsewg;Nijmegen;13,0;114,0;0,0;0,0;0,0;0,0
SAN;NL:Q:60001400;Energieweg/Wolfskuilsewg;Nijmegen;0,7;14,9;0,0;0,0;0,0;0,0
SAN;NL:Q:60001410;Dr. de Blecourtstraat;Nijmegen;88,3;24,3;0,0;0,0;0,0;0,0
SAN;NL:Q:60001420;Dr. de Blecourtstraat;Nijmegen;122,6;90,9;0,0;0,0;0,0;0,0
SAN;NL:Q:60001430;Station Goffert;Nijmegen;29,6;31,8;0,0;0,0;0,0;0,0
SAN;NL:Q:60001440;Station Goffert;Nijmegen;0,4;48,2;0,0;0,0;0,0;0,0
SAN;NL:Q:60001470;Akkerlaan;Nijmegen;37,1;10,4;0,0;0,0;0,0;0,0
SAN;NL:Q:60001480;Jan Massinkhal;Nijmegen;10,7;25,3;0,0;0,0;0,0;0,0
SAN;NL:Q:60001490;Jan Massinkhal;Nijmegen;19,9;8,3;0,0;0,0;0,0;0,0
SAN;NL:Q:60001540;Scheepvaartweg;Nijmegen;1,2;10,0;0,0;0,0;0,0;0,0
SAN;NL:Q:60001550;Scheepvaartweg;Nijmegen;9,7;1,4;0,0;0,0;0,0;0,0
SAN;NL:Q:60001600;Winkelsteeg;Nijmegen;40,7;40,7;0,0;0,0;0,0;0,0
SAN;NL:Q:60001610;Winkelsteeg;Nijmegen;36,9;36,2;0,0;0,0;0,0;0,0
SAN;NL:Q:60001630;Station Heyendaal;Nijmegen;490,2;2139,6;0,0;0,0;0,0;0,0
SAN;NL:Q:60001640;Station Heyendaal;Nijmegen;1803,9;815,0;0,0;0,0;0,0;0,0
SAN;NL:Q:60001670;HAN;Nijmegen;1480,8;408,3;0,0;0,0;0,0;0,0
SAN;NL:Q:60001680;HAN;Nijmegen;81,3;57,0;0,0;0,0;0,0;0,0
SAN;NL:Q:60001690;Dominicanenstraat;Nijmegen;6,5;67,7;0,0;0,0;0,0;0,0
SAN;NL:Q:60001700;Smetiusstraat;Nijmegen;289,5;184,4;0,0;0,0;0,0;0,0
SAN;NL:Q:60001710;Badhuis;Nijmegen;21,4;57,5;0,0;0,0;0,0;0,0
SAN;NL:Q:60001720;Pandastraat;Nijmegen;98,8;9,5;0,0;0,0;0,0;0,0
SAN;NL:Q:60001730;Obrechtstraat;Nijmegen;4,7;29,8;0,0;0,0;0,0;0,0
SAN;NL:Q:60001740;Pandastraat;Nijmegen;8,0;76,3;0,0;0,0;0,0;0,0
SAN;NL:Q:60001750;Koningshof;Nijmegen;9,4;68,9;0,0;0,0;0,0;0,0
SAN;NL:Q:60001790;Hengstdalseweg/Broerdijk;Nijmegen;6,7;84,8;0,0;0,0;0,0;0,0
SAN;NL:Q:60001810;Beukstraat;Nijmegen;1,9;44,0;0,0;0,0;0,0;0,0
SAN;NL:Q:60001830;Hengstdalseweg/Sophiaweg;Nijmegen;1,7;37,2;0,0;0,0;0,0;0,0
SAN;NL:Q:60001840;Beemdstraat;Nijmegen;19,3;66,9;0,0;0,0;0,0;0,0
SAN;NL:Q:60001860;Heidebloemstraat;Nijmegen;39,8;128,9;0,0;0,0;0,0;0,0
SAN;NL:Q:60001870;Archimedesstraat;Nijmegen;75,0;30,2;0,0;0,0;0,0;0,0
SAN;NL:Q:60001880;Archimedesstraat;Nijmegen;33,8;87,8;0,0;0,0;0,0;0,0
SAN;NL:Q:60001890;Heidebloemstraat;Nijmegen;154,9;43,9;0,0;0,0;0,0;0,0
SAN;NL:Q:60001900;Galvanistraat;Nijmegen;78,2;26,1;0,0;0,0;0,0;0,0
SAN;NL:Q:60001910;Beemdstraat;Nijmegen;52,9;24,6;0,0;0,0;0,0;0,0
SAN;NL:Q:60001920;Irene Vorrinkstraat;Nijmegen;34,4;73,8;0,0;0,0;0,0;0,0
SAN;NL:Q:60001940;Edisonstraat;Nijmegen;31,1;56,3;0,0;0,0;0,0;0,0
SAN;NL:Q:60001950;Galvanistraat;Nijmegen;22,4;69,9;0,0;0,0;0,0;0,0
SAN;NL:Q:60001960;Akkerlaan;Nijmegen;7,8;42,4;0,0;0,0;0,0;0,0
SAN;NL:Q:60001970;Caesarstraat;Nijmegen;57,2;0,7;0,0;0,0;0,0;0,0
SAN;NL:Q:60001980;Caesarstraat;Nijmegen;1,0;60,6;0,0;0,0;0,0;0,0
SAN;NL:Q:60001990;Irene Vorrinkstraat;Nijmegen;82,0;35,9;0,0;0,0;0,0;0,0
SAN;NL:Q:60002001;Plein 1944;Nijmegen;747,3;607,9;0,0;0,0;0,0;0,0
SAN;NL:Q:60002002;Plein 1944;Nijmegen;1213,4;520,9;0,0;0,0;0,0;0,0
SAN;NL:Q:60002003;Plein 1944;Nijmegen;160,6;321,2;0,0;0,0;0,0;0,0
SAN;NL:Q:60002004;Plein 1944;Nijmegen;172,2;397,3;0,0;0,0;0,0;0,0
SAN;NL:Q:60002005;Plein 1944;Nijmegen;304,6;154,2;0,0;0,0;0,0;0,0
SAN;NL:Q:60002006;Plein 1944;Nijmegen;103,7;305,5;0,0;0,0;0,0;0,0
SAN;NL:Q:60002010;Fransestraat;Nijmegen;34,6;83,8;0,0;0,0;0,0;0,0
SAN;NL:Q:60002020;Fransestraat;Nijmegen;67,8;32,0;0,0;0,0;0,0;0,0
SAN;NL:Q:60002090;Prins Bernhardstraat;Nijmegen;0,0;0,0;0,0;0,0;0,0;0,0
SAN;NL:Q:60002520;Tunnelweg;Nijmegen;181,2;55,5;0,0;0,0;0,0;0,0
SAN;NL:Q:60002580;Tunnelweg;Nijmegen;7,0;447,7;0,0;0,0;0,0;0,0
SAN;NL:Q:60003070;Edisonstraat;Nijmegen;65,6;27,2;0,0;0,0;0,0;0,0
SAN;NL:Q:60003120;Kanunnik Faberstraat;Nijmegen;57,6;38,8;0,0;0,0;0,0;0,0
SAN;NL:Q:60003140;Kan. Mijllinckstraat;Nijmegen;58,3;58,5;0,0;0,0;0,0;0,0
SAN;NL:Q:60003220;Kwekerijweg;Nijmegen;13,8;0,6;0,0;0,0;0,0;0,0
SAN;NL:Q:60003230;Kwekerijweg;Nijmegen;0,5;10,8;0,0;0,0;0,0;0,0
SAN;NL:Q:60003260;Gymnasion;Nijmegen;62,7;3,3;0,0;0,0;0,0;0,0
SAN;NL:Q:60003280;Huygensgebouw;Nijmegen;241,7;81,2;0,0;0,0;0,0;0,0
SAN;NL:Q:60003370;Merwedestraat;Nijmegen;6,1;68,7;0,0;0,0;0,0;0,0
SAN;NL:Q:60003430;Zwaluwstraat;Nijmegen;7,5;9,3;0,0;0,0;0,0;0,0
SAN;NL:Q:60003440;Zwaluwstraat;Nijmegen;4,8;12,0;0,0;0,0;0,0;0,0
SAN;NL:Q:60003450;Vlietstraat;Nijmegen;73,4;22,0;0,0;0,0;0,0;0,0
SAN;NL:Q:60003490;Biezenstraat;Nijmegen;85,2;6,9;0,0;0,0;0,0;0,0
SAN;NL:Q:60003580;Vlietstraat;Nijmegen;23,6;73,9;0,0;0,0;0,0;0,0
SAN;NL:Q:60003660;Biezenstraat;Nijmegen;7,3;72,6;0,0;0,0;0,0;0,0
SAN;NL:Q:60003720;Merwedestraat;Nijmegen;76,1;6,4;0,0;0,0;0,0;0,0
SAN;NL:Q:60003770;Huygensgebouw;Nijmegen;245,6;630,4;0,0;0,0;0,0;0,0
SAN;NL:Q:60003810;Gymnasion;Nijmegen;5,4;53,8;0,0;0,0;0,0;0,0
SAN;NL:Q:60003820;Houtlaan;Nijmegen;0,0;0,0;0,0;0,0;0,0;0,0
SAN;NL:Q:60003840;Kan. van Osstraat;Nijmegen;1,2;7,6;0,0;0,0;0,0;0,0
SAN;NL:Q:60003880;Industrieweg;Nijmegen;21,2;115,1;0,0;0,0;0,0;0,0
SAN;NL:Q:60003960;Industrieweg;Nijmegen;137,4;23,0;0,0;0,0;0,0;0,0
SAN;NL:Q:60004080;Tollensstraat;Nijmegen;50,6;136,4;0,0;0,0;0,0;0,0
SAN;NL:Q:60004120;Thijmstraat;Nijmegen;22,8;133,0;0,0;0,0;0,0;0,0
SAN;NL:Q:60004160;Dobbelmanweg/Groenestr.;Nijmegen;10,4;30,3;0,0;0,0;0,0;0,0
SAN;NL:Q:60004220;Hertstraat;Nijmegen;6,9;51,5;0,0;0,0;0,0;0,0
SAN;NL:Q:60004320;Muntweg/Wezenlaan;Nijmegen;13,0;82,5;0,0;0,0;0,0;0,0
SAN;NL:Q:60004370;Heideparkseweg;Nijmegen;40,4;6,9;0,0;0,0;0,0;0,0
SAN;NL:Q:60004380;Muntweg/Overweg;Nijmegen;9,2;56,1;0,0;0,0;0,0;0,0
SAN;NL:Q:60004420;Manningstraat;Nijmegen;1,9;23,5;0,0;0,0;0,0;0,0
SAN;NL:Q:60004450;Manningstraat;Nijmegen;18,5;2,2;0,0;0,0;0,0;0,0
SAN;NL:Q:60004490;Muntweg/Overweg;Nijmegen;50,5;8,5;0,0;0,0;0,0;0,0
SAN;NL:Q:60004520;Heideparkseweg;Nijmegen;5,7;41,7;0,0;0,0;0,0;0,0
SAN;NL:Q:60004530;Muntweg/Wezenlaan;Nijmegen;62,9;12,1;0,0;0,0;0,0;0,0
SAN;NL:Q:60004610;Hertstraat;Nijmegen;50,4;5,8;0,0;0,0;0,0;0,0
SAN;NL:Q:60004650;Willemsweg/Groenestraat;Nijmegen;71,4;22,2;0,0;0,0;0,0;0,0
SAN;NL:Q:60004690;Thijmstraat;Nijmegen;127,6;20,5;0,0;0,0;0,0;0,0
SAN;NL:Q:60004730;Tollensstraat;Nijmegen;156,6;54,3;0,0;0,0;0,0;0,0
SAN;NL:Q:60004810;CW-ziekenhuis;Nijmegen;227,7;79,8;0,0;0,0;0,0;0,0
SAN;NL:Q:60004820;CW-ziekenhuis;Nijmegen;69,2;211,6;0,0;0,0;0,0;0,0
SAN;NL:Q:60004830;Begraafplaats Jonkerbos;Nijmegen;100,9;46,6;0,0;0,0;0,0;0,0
SAN;NL:Q:60004840;Begraafplaats Jonkerbos;Nijmegen;42,0;87,4;0,0;0,0;0,0;0,0
SAN;NL:Q:60004850;Sanadome;Nijmegen;36,1;12,6;0,0;0,0;0,0;0,0
SAN;NL:Q:60004860;Sanadome;Nijmegen;7,5;48,5;0,0;0,0;0,0;0,0
SAN;NL:Q:60005160;Vijverhof;Nijmegen;34,6;0,9;0,0;0,0;0,0;0,0
SAN;NL:Q:60005180;Kwakkenbergweg/Sophiaweg;Nijmegen;85,2;0,9;0,0;0,0;0,0;0,0
SAN;NL:Q:60005190;Kwakkenbergweg/Sophiaweg;Nijmegen;1,5;79,1;0,0;0,0;0,0;0,0
SAN;NL:Q:60005290;Hatert-Centrum;Nijmegen;12,8;69,6;0,0;0,0;0,0;0,0
SAN;NL:Q:60005320;Broerweg;Nijmegen;132,2;1,7;0,0;0,0;0,0;0,0
SAN;NL:Q:60005330;Broerweg;Nijmegen;1,6;144,6;0,0;0,0;0,0;0,0
SAN;NL:Q:60005360;Mr. Franckenstraat;Nijmegen;20,1;12,8;0,0;0,0;0,0;0,0
SAN;NL:Q:60005370;Mr. Franckenstraat;Nijmegen;7,1;36,7;0,0;0,0;0,0;0,0
SAN;NL:Q:60005380;Mesdagstraat;Nijmegen;40,0;2,0;0,0;0,0;0,0;0,0
SAN;NL:Q:60005410;Hugo de Grootstraat;Nijmegen;5,7;75,6;0,0;0,0;0,0;0,0
SAN;NL:Q:60005440;Hugo de Grootstraat;Nijmegen;63,2;5,0;0,0;0,0;0,0;0,0
SAN;NL:Q:60005450;Mesdagstraat;Nijmegen;2,3;52,0;0,0;0,0;0,0;0,0
SAN;NL:Q:60005560;Hatert-Centrum;Nijmegen;84,0;9,4;0,0;0,0;0,0;0,0
SAN;NL:Q:60005650;Vijverhof;Nijmegen;1,4;35,6;0,0;0,0;0,0;0,0
SAN;NL:Q:60008020;Couwenbergstraat;Nijmegen;127,7;227,8;0,0;0,0;0,0;0,0
SAN;NL:Q:60008030;Hatert-Delsenhof;Nijmegen;52,8;36,9;0,0;0,0;0,0;0,0
SAN;NL:Q:60008040;Polkastraat;Nijmegen;108,5;85,0;0,0;0,0;0,0;0,0
SAN;NL:Q:60008050;Hogendorpstraat;Nijmegen;38,2;0,9;0,0;0,0;0,0;0,0
SAN;NL:Q:60008060;Hogendorpstraat;Nijmegen;0,5;36,4;0,0;0,0;0,0;0,0
SAN;NL:Q:60008070;Thorbeckestraat;Nijmegen;195,3;60,4;0,0;0,0;0,0;0,0
SAN;NL:Q:60008080;Winkelcentrum Notenhout;Nijmegen;183,9;2,0;0,0;0,0;0,0;0,0
SAN;NL:Q:60008090;Middachtenstraat;Nijmegen;49,2;0,5;0,0;0,0;0,0;0,0
SAN;NL:Q:60008100;Couwenbergstraat;Nijmegen;246,7;122,7;0,0;0,0;0,0;0,0
SAN;NL:Q:60008110;Treubstraat;Nijmegen;83,4;2,3;0,0;0,0;0,0;0,0
SAN;NL:Q:60008120;Aubadestraat;Nijmegen;97,0;1,7;0,0;0,0;0,0;0,0
SAN;NL:Q:60008140;v.d.Duyn van Maasdamstr.;Nijmegen;11,4;26,4;0,0;0,0;0,0;0,0
SAN;NL:Q:60008150;v.d.Duyn van Maasdamstr.;Nijmegen;29,8;13,1;0,0;0,0;0,0;0,0
SAN;NL:Q:60008160;Paul Krugerstraat;Nijmegen;184,4;13,5;0,0;0,0;0,0;0,0
SAN;NL:Q:60008180;Vuurdoornstraat;Nijmegen;194,4;8,1;0,0;0,0;0,0;0,0
SAN;NL:Q:60008190;Nocturnestraat;Nijmegen;0,4;42,2;0,0;0,0;0,0;0,0
SAN;NL:Q:60008200;Nocturnestraat;Nijmegen;55,6;0,3;0,0;0,0;0,0;0,0
SAN;NL:Q:60008220;Molenweg/Wolfskuilseweg;Nijmegen;90,0;14,1;0,0;0,0;0,0;0,0
SAN;NL:Q:60008240;Fuchsiastraat;Nijmegen;255,2;54,4;0,0;0,0;0,0;0,0
SAN;NL:Q:60008280;2e Oude Heselaan;Nijmegen;0,6;40,3;0,0;0,0;0,0;0,0
SAN;NL:Q:60008430;2e Oude Heselaan;Nijmegen;31,9;79,0;0,0;0,0;0,0;0,0
SAN;NL:Q:60008440;Treubstraat;Nijmegen;3,9;95,2;0,0;0,0;0,0;0,0
SAN;NL:Q:60008450;Fuchsiastraat;Nijmegen;71,5;185,3;0,0;0,0;0,0;0,0
SAN;NL:Q:60008460;Thorbeckestraat;Nijmegen;55,0;191,4;0,0;0,0;0,0;0,0
SAN;NL:Q:60008480;Middachtenstraat;Nijmegen;0,5;43,8;0,0;0,0;0,0;0,0
SAN;NL:Q:60008490;Molenweg/Wolfskuilseweg;Nijmegen;8,6;100,7;0,0;0,0;0,0;0,0
SAN;NL:Q:60008530;Vuurdoornstraat;Nijmegen;8,4;207,7;0,0;0,0;0,0;0,0
SAN;NL:Q:60008570;Paul Krugerstraat;Nijmegen;11,0;133,9;0,0;0,0;0,0;0,0
SAN;NL:Q:60008610;Aubadestraat;Nijmegen;0,8;104,1;0,0;0,0;0,0;0,0
SAN;NL:Q:60008620;Rosa de Limastraat;Nijmegen;2,5;42,5;0,0;0,0;0,0;0,0
SAN;NL:Q:60008630;Rosa de Limastraat;Nijmegen;35,4;3,0;0,0;0,0;0,0;0,0
SAN;NL:Q:60008650;Winkelcentrum Notenhout;Nijmegen;1,3;172,9;0,0;0,0;0,0;0,0
SAN;NL:Q:60009630;Gymnasion;Nijmegen;1060,7;1466,4;0,0;0,0;0,0;0,0
SAN;NL:Q:60009640;Gymnasion;Nijmegen;572,1;131,7;0,0;0,0;0,0;0,0
SAN;NL:Q:60009650;Spinozageb/Tandheelkunde;Nijmegen;617,7;732,4;0,0;0,0;0,0;0,0
SAN;NL:Q:60009661;Spinozageb/Tandheelkunde;Nijmegen;223,1;129,1;0,0;0,0;0,0;0,0
SAN;NL:Q:60100010;Sportpark Union;Malden;2,3;4,6;0,0;0,0;0,0;0,0
SAN;NL:Q:60100020;Rijksweg/Grote Loef;Malden;25,7;1,8;0,0;0,0;0,0;0,0
SAN;NL:Q:60100030;Grootveldschelaan;Malden;1,5;34,6;0,0;0,0;0,0;0,0
SAN;NL:Q:60100040;Groesbeekseweg;Malden;35,2;4,3;0,0;0,0;0,0;0,0
SAN;NL:Q:60100060;Kloosterstraat;Malden;26,3;2,5;0,0;0,0;0,0;0,0
SAN;NL:Q:60100070;Kloosterstraat;Malden;1,5;22,9;0,0;0,0;0,0;0,0
SAN;NL:Q:60100090;Groesbeekseweg;Malden;6,6;35,7;0,0;0,0;0,0;0,0
SAN;NL:Q:60100100;Grootveldschelaan;Malden;40,7;1,7;0,0;0,0;0,0;0,0
SAN;NL:Q:60100110;Rijksweg/Grote Loef;Malden;1,1;20,2;0,0;0,0;0,0;0,0
SAN;NL:Q:60100120;Sportpark Union;Malden;4,3;6,3;0,0;0,0;0,0;0,0
SAN;NL:Q:60100130;Rijksweg/Nertsstraat;Malden;0,6;9,9;0,0;0,0;0,0;0,0
SAN;NL:Q:60100140;Rijksweg/Nertsstraat;Malden;7,5;1,6;0,0;0,0;0,0;0,0
SAN;NL:Q:60100150;De Wieken;Malden;0,1;18,3;0,0;0,0;0,0;0,0
SAN;NL:Q:60100160;De Lage Horst;Malden;12,0;0,0;0,0;0,0;0,0;0,0
SAN;NL:Q:60100170;De Kruigang;Malden;0,0;5,5;0,0;0,0;0,0;0,0
SAN;NL:Q:60100180;De Veldschuur;Malden;33,0;0,1;0,0;0,0;0,0;0,0
SAN;NL:Q:60100190;De Veldschuur;Malden;0,1;26,7;0,0;0,0;0,0;0,0
SAN;NL:Q:60100200;De Kruigang;Malden;8,1;0,1;0,0;0,0;0,0;0,0
SAN;NL:Q:60100210;De Lage Horst;Malden;0,1;11,3;0,0;0,0;0,0;0,0
SAN;NL:Q:60100220;De Wieken;Malden;18,0;0,1;0,0;0,0;0,0;0,0
SAN;NL:Q:60100250;Vinkenlaan;Malden;0,1;11,0;0,0;0,0;0,0;0,0
SAN;NL:Q:60100260;Vinkenlaan;Malden;11,9;0,5;0,0;0,0;0,0;0,0
SAN;NL:Q:60100270;Heidezoom;Malden;4,6;15,0;0,0;0,0;0,0;0,0
SAN;NL:Q:60100280;Heidezoom;Malden;16,6;0,5;0,0;0,0;0,0;0,0
SAN;NL:Q:60100910;Plantsoenstraat;Malden;0,0;0,4;0,0;0,0;0,0;0,0
SAN;NL:Q:60100920;Plantsoenstraat;Malden;0,5;0,1;0,0;0,0;0,0;0,0
SAN;NL:Q:60100940;Broekkant/Malderburch;Malden;0,5;0,0;0,0;0,0;0,0;0,0
SAN;NL:Q:60101030;Zweefvliegveld;Malden;0,1;0,2;0,0;0,0;0,0;0,0
SAN;NL:Q:60101040;Zweefvliegveld;Malden;0,2;0,1;0,0;0,0;0,0;0,0
SAN;NL:Q:60101070;Groesbeekseweg/Bosweg;Malden;0,0;0,2;0,0;0,0;0,0;0,0
SAN;NL:Q:60101080;Groesbeekseweg/Bosweg;Malden;0,3;0,1;0,0;0,0;0,0;0,0
SAN;NL:Q:60101120;Schoolstraat;Malden;14,3;12,6;0,0;0,0;0,0;0,0
SAN;NL:Q:60109140;Raadhuisstraat;Malden;0,1;1,0;0,0;0,0;0,0;0,0
SAN;NL:Q:60110010;Dekkerswald;Groesbeek;6,4;59,6;0,0;0,0;0,0;0,0
SAN;NL:Q:60110020;Werkenrode;Groesbeek;49,4;10,7;0,0;0,0;0,0;0,0
SAN;NL:Q:60110030;Werkenrode;Groesbeek;10,7;51,9;0,0;0,0;0,0;0,0
SAN;NL:Q:60110040;Dekkerswald;Groesbeek;54,6;7,5;0,0;0,0;0,0;0,0
SAN;NL:Q:60110150;Sionsweg;Heilig Landstichting;5,0;26,3;0,0;0,0;0,0;0,0
SAN;NL:Q:60110160;Sionsweg;Heilig Landstichting;24,6;6,1;0,0;0,0;0,0;0,0
SAN;NL:Q:60110440;Panovenlaan;Nijmegen;31,3;5,1;0,0;0,0;0,0;0,0
SAN;NL:Q:60110570;Panovenlaan;Nijmegen;5,1;39,6;0,0;0,0;0,0;0,0
SAN;NL:Q:60140050;Centrum;Heumen;1,2;1,5;0,0;0,0;0,0;0,0
SAN;NL:Q:60140060;Centrum;Heumen;1,6;0,9;0,0;0,0;0,0;0,0
SAN;NL:Q:60140090;Worsumseweg;Overasselt;0,0;0,2;0,0;0,0;0,0;0,0
SAN;NL:Q:60140100;Worsumseweg;Overasselt;0,5;0,1;0,0;0,0;0,0;0,0
SAN;NL:Q:60140130;Tempelstraat;Overasselt;1,0;0,9;0,0;0,0;0,0;0,0
SAN;NL:Q:60140140;Tempelstraat;Overasselt;0,4;0,6;0,0;0,0;0,0;0,0
SAN;NL:Q:60140170;Beatrixstraat;Overasselt;2,4;1,8;0,0;0,0;0,0;0,0
SAN;NL:Q:60140180;Beatrixstraat;Overasselt;2,3;2,1;0,0;0,0;0,0;0,0
SAN;NL:Q:60140310;Sint Walrick;Overasselt;0,4;7,1;0,0;0,0;0,0;0,0
SAN;NL:Q:60140320;Sint Walrick;Overasselt;7,4;0,4;0,0;0,0;0,0;0,0
SAN;NL:Q:60140330;Schatkuilsestraat;Overasselt;0,1;1,9;0,0;0,0;0,0;0,0
SAN;NL:Q:60140340;Schatkuilsestraat;Overasselt;1,8;0,1;0,0;0,0;0,0;0,0
SAN;NL:Q:60140350;Sleeburgsestraat;Overasselt;0,2;3,7;0,0;0,0;0,0;0,0
SAN;NL:Q:60140360;Sleeburgsestraat;Overasselt;2,9;0,3;0,0;0,0;0,0;0,0
SAN;NL:Q:60140370;Kasteelsestraat;Overasselt;0,1;1,5;0,0;0,0;0,0;0,0
SAN;NL:Q:60140380;Kasteelsestraat;Overasselt;0,1;0,1;0,0;0,0;0,0;0,0
SAN;NL:Q:60140390;Hoogstraat;Overasselt;2,7;41,7;0,0;0,0;0,0;0,0
SAN;NL:Q:60140400;Hoogstraat;Overasselt;45,1;2,7;0,0;0,0;0,0;0,0
SAN;NL:Q:60140410;Ewijkseweg;Overasselt;0,5;1,0;0,0;0,0;0,0;0,0
SAN;NL:Q:60140420;Ewijkseweg;Overasselt;1,2;0,6;0,0;0,0;0,0;0,0
SAN;NL:Q:60140430;Gaasselsedam;Overasselt;0,1;1,6;0,0;0,0;0,0;0,0
SAN;NL:Q:60140440;Gaasselsedam;Overasselt;1,2;0,2;0,0;0,0;0,0;0,0
SAN;NL:Q:60150010;Streekweg;Nijmegen;2,6;10,8;0,0;0,0;0,0;0,0
SAN;NL:Q:60150030;Teersdijk;Alverna;1,1;7,8;0,0;0,0;0,0;0,0
SAN;NL:Q:60150040;Heumenseweg;Alverna;23,9;4,7;0,0;0,0;0,0;0,0
SAN;NL:Q:60150050;Havenweg;Alverna;1,1;10,8;0,0;0,0;0,0;0,0
SAN;NL:Q:60150060;Havenweg;Alverna;5,1;1,5;0,0;0,0;0,0;0,0
SAN;NL:Q:60150070;Heumenseweg;Alverna;4,7;21,8;0,0;0,0;0,0;0,0
SAN;NL:Q:60150080;Teersdijk;Alverna;8,5;2,2;0,0;0,0;0,0;0,0
SAN;NL:Q:60150100;Streekweg;Nijmegen;9,8;5,3;0,0;0,0;0,0;0,0
SAN;NL:Q:60150110;Industriepark;Wijchen;0,9;4,2;0,0;0,0;0,0;0,0
SAN;NL:Q:60150120;Industriepark;Wijchen;4,0;0,8;0,0;0,0;0,0;0,0
SAN;NL:Q:60150130;Teersdijk;Alverna;0,8;4,7;0,0;0,0;0,0;0,0
SAN;NL:Q:60150180;Parksesteeg;Overasselt;0,8;0,1;0,0;0,0;0,0;0,0
SAN;NL:Q:60150200;Oude Nijmeegseweg;Overasselt;3,4;0,7;0,0;0,0;0,0;0,0
SAN;NL:Q:60150220;Cornelis Drebbelstraat;Wijchen;0,4;2,2;0,0;0,0;0,0;0,0
SAN;NL:Q:60150230;Cornelis Drebbelstraat;Wijchen;4,4;0,8;0,0;0,0;0,0;0,0
SAN;NL:Q:60150240;Graafsebrug;Nijmegen;84,8;6,1;0,0;0,0;0,0;0,0
SAN;NL:Q:60150250;Graafsebrug;Nijmegen;5,5;78,0;0,0;0,0;0,0;0,0
SAN;NL:Q:60150260;Viaductweg;Nijmegen;67,4;6,0;0,0;0,0;0,0;0,0
SAN;NL:Q:60150270;Viaductweg;Nijmegen;14,9;97,5;0,0;0,0;0,0;0,0
SAN;NL:Q:60150280;Kerkenbos;Nijmegen;0,1;0,0;0,0;0,0;0,0;0,0
SAN;NL:Q:60150290;Kerkenbos;Nijmegen;0,0;0,1;0,0;0,0;0,0;0,0
SAN;NL:Q:60150310;Oude Nijmeegseweg;Overasselt;0,5;4,7;0,0;0,0;0,0;0,0
SAN;NL:Q:60150330;Parksesteeg;Overasselt;0,1;1,0;0,0;0,0;0,0;0,0
SAN;NL:Q:60150490;Spijkerhofweg;Nijmegen;44,4;15,0;0,0;0,0;0,0;0,0
SAN;NL:Q:60150500;Spijkerhofweg;Nijmegen;9,3;36,3;0,0;0,0;0,0;0,0
SAN;NL:Q:60150530;Woonboulevard;Nijmegen;0,8;16,8;0,0;0,0;0,0;0,0
SAN;NL:Q:60150540;Woonboulevard;Nijmegen;5,8;3,5;0,0;0,0;0,0;0,0
SAN;NL:Q:60150840;van Boetbergweg/Aldenhof;Nijmegen;25,1;3,1;0,0;0,0;0,0;0,0
SAN;NL:Q:60150860;van Boetbergweg/Malvert;Nijmegen;77,0;15,0;0,0;0,0;0,0;0,0
SAN;NL:Q:60150930;van Boetbergweg/Aldenhof;Nijmegen;3,5;26,7;0,0;0,0;0,0;0,0
SAN;NL:Q:60150950;van Boetbergweg/Malvert;Nijmegen;5,6;78,6;0,0;0,0;0,0;0,0
SAN;NL:Q:60151001;Station Dukenburg;Nijmegen;76,9;351,6;0,0;0,0;0,0;0,0
SAN;NL:Q:60151002;Station Dukenburg;Nijmegen;447,3;232,6;0,0;0,0;0,0;0,0
SAN;NL:Q:60151003;Station Dukenburg;Nijmegen;369,5;465,6;0,0;0,0;0,0;0,0
SAN;NL:Q:60151004;Station Dukenburg;Nijmegen;229,3;125,8;0,0;0,0;0,0;0,0
SAN;NL:Q:60151005;Station Dukenburg;Nijmegen;279,6;270,0;0,0;0,0;0,0;0,0
SAN;NL:Q:60151006;Station Dukenburg;Nijmegen;337,0;249,2;0,0;0,0;0,0;0,0
SAN;NL:Q:60151010;Lagelandseweg;Nijmegen;9,0;0,6;0,0;0,0;0,0;0,0
SAN;NL:Q:60151020;Lagelandseweg;Nijmegen;0,6;15,2;0,0;0,0;0,0;0,0
SAN;NL:Q:60151030;Hogelandseweg;Nijmegen;24,4;1,1;0,0;0,0;0,0;0,0
SAN;NL:Q:60151040;Hogelandseweg;Nijmegen;1,1;13,3;0,0;0,0;0,0;0,0
SAN;NL:Q:60152000;Aldenhof 50/70 str.;Nijmegen;2,0;3,2;0,0;0,0;0,0;0,0
SAN;NL:Q:60152010;Aldenhof 52/64 str.;Nijmegen;3,8;5,5;0,0;0,0;0,0;0,0
SAN;NL:Q:60152020;Aldenhof 53/14 str.;Nijmegen;15,2;12,5;0,0;0,0;0,0;0,0
SAN;NL:Q:60152030;Aldenhof 13/38 str.;Nijmegen;14,9;12,1;0,0;0,0;0,0;0,0
SAN;NL:Q:60152040;Aldenhof 12/32 str.;Nijmegen;10,7;7,5;0,0;0,0;0,0;0,0
SAN;NL:Q:60152050;Weezenhof;Nijmegen;85,8;69,2;0,0;0,0;0,0;0,0
SAN;NL:Q:60152090;Weezenhof 10e straat;Nijmegen;80,6;0,5;0,0;0,0;0,0;0,0
SAN;NL:Q:60152150;Winkelcentrum Meijhorst;Nijmegen;0,1;2,1;0,0;0,0;0,0;0,0
SAN;NL:Q:60152160;Winkelcentrum Meijhorst;Nijmegen;2,5;8,9;0,0;0,0;0,0;0,0
SAN;NL:Q:60152210;Meijhorst-Sporthal;Nijmegen;192,6;8,2;0,0;0,0;0,0;0,0
SAN;NL:Q:60152230;De Doekenborg;Nijmegen;51,4;0,5;0,0;0,0;0,0;0,0
SAN;NL:Q:60152250;Meijhorst 13e straat;Nijmegen;136,6;5,5;0,0;0,0;0,0;0,0
SAN;NL:Q:60152290;Tolhuis 11e straat;Nijmegen;89,8;4,9;0,0;0,0;0,0;0,0
SAN;NL:Q:60152300;Van Apelterenweg;Nijmegen;93,3;1,6;0,0;0,0;0,0;0,0
SAN;NL:Q:60152330;Tolhuis 10e straat;Nijmegen;50,2;7,1;0,0;0,0;0,0;0,0
SAN;NL:Q:60152760;Tolhuis 10e straat;Nijmegen;4,8;55,7;0,0;0,0;0,0;0,0
SAN;NL:Q:60152780;Tolhuis 11e straat;Nijmegen;4,5;90,6;0,0;0,0;0,0;0,0
SAN;NL:Q:60152800;Van Apelterenweg;Nijmegen;1,8;86,6;0,0;0,0;0,0;0,0
SAN;NL:Q:60152820;Meijhorst 13e straat;Nijmegen;5,1;128,4;0,0;0,0;0,0;0,0
SAN;NL:Q:60152840;Meijhorst-Sporthal;Nijmegen;6,7;181,9;0,0;0,0;0,0;0,0
SAN;NL:Q:60152880;De Doekenborg;Nijmegen;0,4;56,1;0,0;0,0;0,0;0,0
SAN;NL:Q:60152920;Weezenhof 10e straat;Nijmegen;0,4;75,3;0,0;0,0;0,0;0,0
SAN;NL:Q:60154980;Steve Bikoplein;Nijmegen;25,2;7,2;0,0;0,0;0,0;0,0
SAN;NL:Q:60155010;Steve Bikoplein;Nijmegen;9,3;29,1;0,0;0,0;0,0;0,0
SAN;NL:Q:60155050;Zwanenveld 10e str.;Nijmegen;26,8;5,2;0,0;0,0;0,0;0,0
SAN;NL:Q:60155090;Zwanenveld 12e str.;Nijmegen;23,5;15,3;0,0;0,0;0,0;0,0
SAN;NL:Q:60155130;Lankforst 16e str.;Nijmegen;47,7;43,3;0,0;0,0;0,0;0,0
SAN;NL:Q:60155170;Lankforst 14e str.;Nijmegen;40,4;23,4;0,0;0,0;0,0;0,0
SAN;NL:Q:60155190;De Orangerie;Nijmegen;88,9;49,1;0,0;0,0;0,0;0,0
SAN;NL:Q:60155230;Malvert 13e straat;Nijmegen;37,8;13,4;0,0;0,0;0,0;0,0
SAN;NL:Q:60155600;De Orangerie;Nijmegen;45,7;93,9;0,0;0,0;0,0;0,0
SAN;NL:Q:60155620;Malvert 13e straat;Nijmegen;16,1;31,9;0,0;0,0;0,0;0,0
SAN;NL:Q:60155680;Lankforst 14e str.;Nijmegen;26,5;37,0;0,0;0,0;0,0;0,0
SAN;NL:Q:60155740;Lankforst 16e str.;Nijmegen;40,4;47,0;0,0;0,0;0,0;0,0
SAN;NL:Q:60155780;Zwanenveld 12e str.;Nijmegen;9,2;23,5;0,0;0,0;0,0;0,0
SAN;NL:Q:60155820;Zwanenveld 10e str.;Nijmegen;3,2;31,2;0,0;0,0;0,0;0,0
SAN;NL:Q:60157050;Horstacker;Nijmegen;0,7;99,2;0,0;0,0;0,0;0,0
SAN;NL:Q:60157080;Voorstenkamp/Gildekamp;Nijmegen;3,5;5,1;0,0;0,0;0,0;0,0
SAN;NL:Q:60157090;Meeuwseacker;Nijmegen;4,5;44,0;0,0;0,0;0,0;0,0
SAN;NL:Q:60157120;Gildekamp/Kluijskamp;Nijmegen;5,3;5,2;0,0;0,0;0,0;0,0
SAN;NL:Q:60157160;Wellenkamp/Hoefkamp;Nijmegen;11,3;8,2;0,0;0,0;0,0;0,0
SAN;NL:Q:60157220;Meeuwseacker;Nijmegen;45,1;1,0;0,0;0,0;0,0;0,0
SAN;NL:Q:60157260;Horstacker;Nijmegen;98,5;0,3;0,0;0,0;0,0;0,0
SAN;NL:Q:60157270;IJpenbroekweg;Nijmegen;11,3;2,6;0,0;0,0;0,0;0,0
SAN;NL:Q:60157280;IJpenbroekweg;Nijmegen;1,3;10,2;0,0;0,0;0,0;0,0
SAN;NL:Q:60157290;Poort Neerbosch P en R;Nijmegen;34,0;28,5;0,0;0,0;0,0;0,0
SAN;NL:Q:60157300;Poort Neerbosch P en R;Nijmegen;1,1;4,2;0,0;0,0;0,0;0,0
SAN;NL:Q:60157310;Poort Neerbosch ;Nijmegen;23,8;40,7;0,0;0,0;0,0;0,0
SAN;NL:Q:60157320;Poort Neerbosch ;Nijmegen;74,7;24,8;0,0;0,0;0,0;0,0
SAN;NL:Q:60159070;Zellersacker;Nijmegen;91,7;1,2;0,0;0,0;0,0;0,0
SAN;NL:Q:60159080;Hegdambroek;Nijmegen;1,6;57,0;0,0;0,0;0,0;0,0
SAN;NL:Q:60159090;Hillekensacker 10e str.;Nijmegen;63,2;2,2;0,0;0,0;0,0;0,0
SAN;NL:Q:60159110;Leuvensbroek;Nijmegen;132,2;23,3;0,0;0,0;0,0;0,0
SAN;NL:Q:60159120;Wedesteinbroek 12e str.;Nijmegen;3,2;103,2;0,0;0,0;0,0;0,0
SAN;NL:Q:60159130;Wedesteinbroek 22e str.;Nijmegen;30,5;1,4;0,0;0,0;0,0;0,0
SAN;NL:Q:60159140;Wedesteinbroek 22e str.;Nijmegen;1,4;33,9;0,0;0,0;0,0;0,0
SAN;NL:Q:60159150;Wedesteinbroek 12e str.;Nijmegen;89,4;3,6;0,0;0,0;0,0;0,0
SAN;NL:Q:60159160;Hillekensacker 10e str.;Nijmegen;1,8;59,2;0,0;0,0;0,0;0,0
SAN;NL:Q:60159170;Hegdambroek;Nijmegen;49,5;2,0;0,0;0,0;0,0;0,0
SAN;NL:Q:60159180;Leuvensbroek;Nijmegen;23,2;134,5;0,0;0,0;0,0;0,0
SAN;NL:Q:60159220;Zellersacker;Nijmegen;0,8;84,3;0,0;0,0;0,0;0,0
SAN;NL:Q:60190010;Rijksweg;Beek;3,3;17,7;0,0;0,0;0,0;0,0
SAN;NL:Q:60190020;Werchensestraat;Wercheren;0,3;0,0;0,0;0,0;0,0;0,0
SAN;NL:Q:60190030;Werchensestraat;Wercheren;0,0;0,3;0,0;0,0;0,0;0,0
SAN;NL:Q:60190040;Rijksweg;Beek;3,8;2,0;0,0;0,0;0,0;0,0
SAN;NL:Q:60190090;Leuthsestraat;Ooij;0,5;2,5;0,0;0,0;0,0;0,0
SAN;NL:Q:60190100;Erlecomseweg;Erlecom;3,4;0,1;0,0;0,0;0,0;0,0
SAN;NL:Q:60190110;De Sprong;Ooij;7,7;68,4;0,0;0,0;0,0;0,0
SAN;NL:Q:60190120;Steenfabriek;Erlecom;0,7;0,2;0,0;0,0;0,0;0,0
SAN;NL:Q:60190130;Nassaustraat;Ooij;1,4;16,5;0,0;0,0;0,0;0,0
SAN;NL:Q:60190140;Erlecomsedam;Ooij;4,5;2,9;0,0;0,0;0,0;0,0
SAN;NL:Q:60190150;Erlecomsedam;Ooij;2,1;7,3;0,0;0,0;0,0;0,0
SAN;NL:Q:60190160;Nassaustraat;Ooij;20,5;1,5;0,0;0,0;0,0;0,0
SAN;NL:Q:60190170;Steenfabriek;Erlecom;0,2;1,2;0,0;0,0;0,0;0,0
SAN;NL:Q:60190180;De Sprong;Ooij;64,1;6,8;0,0;0,0;0,0;0,0
SAN;NL:Q:60190190;Erlecomseweg;Erlecom;0,2;2,5;0,0;0,0;0,0;0,0
SAN;NL:Q:60190200;Leuthsestraat;Ooij;2,8;0,1;0,0;0,0;0,0;0,0
SAN;NL:Q:60190900;Waterleidingmij;Ubbergen;9,8;0,5;0,0;0,0;0,0;0,0
SAN;NL:Q:60190940;Ubbergse Holleweg;Ubbergen;20,6;11,6;0,0;0,0;0,0;0,0
SAN;NL:Q:60190980;De Refter;Ubbergen;7,0;1,5;0,0;0,0;0,0;0,0
SAN;NL:Q:60191150;Ubbergse Holleweg;Ubbergen;12,0;16,7;0,0;0,0;0,0;0,0
SAN;NL:Q:60191170;De Refter;Ubbergen;1,0;8,3;0,0;0,0;0,0;0,0
SAN;NL:Q:60191190;Waterleidingmij;Ubbergen;0,8;9,4;0,0;0,0;0,0;0,0
SAN;NL:Q:60195060;Hamerlaan;Berg en Dal;49,5;10,3;0,0;0,0;0,0;0,0
SAN;NL:Q:60195080;de Meerberg;Berg en Dal;36,0;0,7;0,0;0,0;0,0;0,0
SAN;NL:Q:60195120;Prins Alexanderlaan;Berg en Dal;31,0;0,4;0,0;0,0;0,0;0,0
SAN;NL:Q:60195690;Prins Alexanderlaan;Berg en Dal;0,6;34,4;0,0;0,0;0,0;0,0
SAN;NL:Q:60195730;de Meerberg;Berg en Dal;0,8;39,8;0,0;0,0;0,0;0,0
SAN;NL:Q:60196040;Kwartelstraat;Beek;2,2;1,7;0,0;0,0;0,0;0,0
SAN;NL:Q:60196060;Lindestraat;Beek;0,8;0,4;0,0;0,0;0,0;0,0
SAN;NL:Q:60196090;Kulturhus;Beek;0,5;0,7;0,0;0,0;0,0;0,0
SAN;NL:Q:60196100;Verbindingsweg;Beek;69,9;27,1;0,0;0,0;0,0;0,0
SAN;NL:Q:60196120;van Randwijckweg;Beek;4,2;1,0;0,0;0,0;0,0;0,0
SAN;NL:Q:60196140;Verbindingsweg;Beek;27,1;38,8;0,0;0,0;0,0;0,0
SAN;NL:Q:60196150;Gemeentehuis;Beek;4,2;55,9;0,0;0,0;0,0;0,0
SAN;NL:Q:60196155;Gemeentehuis;Beek;45,2;4,1;0,0;0,0;0,0;0,0
SAN;NL:Q:60196410;van Randwijckweg;Beek;0,6;8,5;0,0;0,0;0,0;0,0
SAN;NL:Q:60196500;Groot Berg en Dal;Berg en Dal;10,5;57,9;0,0;0,0;0,0;0,0
SAN;NL:Q:60196510;Groot Berg en Dal;Berg en Dal;2,1;2,6;0,0;0,0;0,0;0,0
SAN;NL:Q:60196520;Meidoornstraat;Beek;3,0;0,1;0,0;0,0;0,0;0,0
SAN;NL:Q:60196530;Meidoornstraat;Beek;0,3;2,8;0,0;0,0;0,0;0,0
SAN;NL:Q:60196550;Koningsholster;Beek;0,1;1,6;0,0;0,0;0,0;0,0
SAN;NL:Q:60196560;Koningsholster;Beek;2,5;0,1;0,0;0,0;0,0;0,0
SAN;NL:Q:60196570;Wylerbad;Beek;0,0;0,3;0,0;0,0;0,0;0,0
SAN;NL:Q:60196600;Wylerbad;Beek;0,0;0,0;0,0;0,0;0,0;0,0
SAN;NL:Q:60196610;Kalorama;Beek;3,9;0,2;0,0;0,0;0,0;0,0
SAN;NL:Q:60196620;Kalorama;Beek;0,3;1,6;0,0;0,0;0,0;0,0
SAN;NL:Q:60200010;Sluisweg;Heumen;1,6;9,1;0,0;0,0;0,0;0,0
SAN;NL:Q:60200020;Cuijksesteeg;Mook;9,4;0,8;0,0;0,0;0,0;0,0
SAN;NL:Q:60200030;Rijksweg;Molenhoek;2,9;11,0;0,0;0,0;0,0;0,0
SAN;NL:Q:60200040;Gemeentehuis;Mook;7,3;1,9;0,0;0,0;0,0;0,0
SAN;NL:Q:60200050;Rijksweg/Veldweg;Mook;1,3;7,1;0,0;0,0;0,0;0,0
SAN;NL:Q:60200060;Rijksweg/Veldweg;Mook;7,4;1,2;0,0;0,0;0,0;0,0
SAN;NL:Q:60200070;Gemeentehuis;Mook;1,7;7,5;0,0;0,0;0,0;0,0
SAN;NL:Q:60200080;Rijksweg;Molenhoek;11,7;3,9;0,0;0,0;0,0;0,0
SAN;NL:Q:60200090;Cuijksesteeg;Mook;0,6;7,4;0,0;0,0;0,0;0,0
SAN;NL:Q:60200100;Sluisweg;Heumen;10,4;2,4;0,0;0,0;0,0;0,0
SAN;NL:Q:60200250;Station Mook Molenhoek;Molenhoek;0,1;0,1;0,0;0,0;0,0;0,0
SAN;NL:Q:60200260;Station Mook Molenhoek;Molenhoek;0,1;0,0;0,0;0,0;0,0;0,0
SAN;NL:Q:60210010;Stekkenberg;Groesbeek;4,8;56,2;0,0;0,0;0,0;0,0
SAN;NL:Q:60210021;Hemeltje;Breedeweg;13,3;0,1;0,0;0,0;0,0;0,0
SAN;NL:Q:60210030;Nieuweweg;Groesbeek;2,4;41,8;0,0;0,0;0,0;0,0
SAN;NL:Q:60210041;2e Colonjes;Groesbeek;27,2;0,1;0,0;0,0;0,0;0,0
SAN;NL:Q:60210050;De Oude Molen;Groesbeek;1,6;40,3;0,0;0,0;0,0;0,0
SAN;NL:Q:60210060;Herwendaal;Groesbeek;24,5;0,9;0,0;0,0;0,0;0,0
SAN;NL:Q:60210070;Händelstraat;Groesbeek;1,5;64,3;0,0;0,0;0,0;0,0
SAN;NL:Q:60210080;Zuidmolen;Groesbeek;84,6;6,7;0,0;0,0;0,0;0,0
SAN;NL:Q:60210090;Centrum;Groesbeek;18,3;196,4;0,0;0,0;0,0;0,0
SAN;NL:Q:60210110;Zuidmolen (Bredeweg);Groesbeek;2,8;49,0;0,0;0,0;0,0;0,0
SAN;NL:Q:60210115;Zuidmolen (Mooksebaan);Groesbeek;1,2;0,9;0,0;0,0;0,0;0,0
SAN;NL:Q:60210120;Centrum;Groesbeek;227,6;15,5;0,0;0,0;0,0;0,0
SAN;NL:Q:60210130;Herwendaal;Groesbeek;1,1;23,8;0,0;0,0;0,0;0,0
SAN;NL:Q:60210140;De Oude Molen;Groesbeek;56,0;3,0;0,0;0,0;0,0;0,0
SAN;NL:Q:60210152;2e Colonjes;Groesbeek;0,2;22,9;0,0;0,0;0,0;0,0
SAN;NL:Q:60210160;Nieuweweg;Groesbeek;39,6;3,5;0,0;0,0;0,0;0,0
SAN;NL:Q:60210172;Hemeltje;Breedeweg;0,1;13,9;0,0;0,0;0,0;0,0
SAN;NL:Q:60210180;Stekkenberg;Groesbeek;49,6;7,7;0,0;0,0;0,0;0,0
SAN;NL:Q:60210191;Kerkplein;Breedeweg;79,5;60,8;0,0;0,0;0,0;0,0
SAN;NL:Q:60210210;Zuidmolen (DE Horst);Groesbeek;1,7;58,3;0,0;0,0;0,0;0,0
SAN;NL:Q:60210220;Hoge Horst;De Horst;1,4;0,2;0,0;0,0;0,0;0,0
SAN;NL:Q:60210240;Kruispunt;Groesbeek;23,5;0,1;0,0;0,0;0,0;0,0
SAN;NL:Q:60210250;Gooiseweg;Groesbeek;0,4;19,7;0,0;0,0;0,0;0,0
SAN;NL:Q:60210260;Kloosterstraat;Groesbeek;50,2;0,4;0,0;0,0;0,0;0,0
SAN;NL:Q:60210270;Kloosterstraat;Groesbeek;0,6;42,8;0,0;0,0;0,0;0,0
SAN;NL:Q:60210280;Gooiseweg;Groesbeek;21,9;0,5;0,0;0,0;0,0;0,0
SAN;NL:Q:60210290;Kruispunt;Groesbeek;0,7;10,8;0,0;0,0;0,0;0,0
SAN;NL:Q:60210310;Hoge Horst;De Horst;0,1;2,1;0,0;0,0;0,0;0,0
SAN;NL:Q:60210330;Kerk;De Horst;50,4;42,4;0,0;0,0;0,0;0,0
SAN;NL:Q:60210350;De Mallemolen;Groesbeek;0,0;0,0;0,0;0,0;0,0;0,0
SAN;NL:Q:60210370;Gezondheidscentrum;Groesbeek;0,0;0,0;0,0;0,0;0,0;0,0
SAN;NL:Q:60211030;De Wolfsberg;Groesbeek;0,4;0,2;0,0;0,0;0,0;0,0
SAN;NL:Q:60211040;De Wolfsberg;Groesbeek;0,1;0,6;0,0;0,0;0,0;0,0
SAN;NL:Q:60211150;Henry Dunantstraat;Groesbeek;0,0;0,0;0,0;0,0;0,0;0,0
SAN;NL:Q:60211160;Henry Dunantstraat;Groesbeek;0,0;0,0;0,0;0,0;0,0;0,0
SAN;NL:Q:60211630;Canadese Begraafplaats;Groesbeek;0,1;0,2;0,0;0,0;0,0;0,0
SAN;NL:Q:60211640;Canadese Begraafplaats;Groesbeek;0,2;0,1;0,0;0,0;0,0;0,0
SAN;NL:Q:60214050;Spoorzicht;Groesbeek;0,0;0,0;0,0;0,0;0,0;0,0
SAN;NL:Q:60214060;Spoorzicht;Groesbeek;0,0;0,0;0,0;0,0;0,0;0,0
SAN;NL:Q:60214070;Winkelc. Margrietstraat;Groesbeek;0,0;0,0;0,0;0,0;0,0;0,0
SAN;NL:Q:60214090;Centrum;Groesbeek;0,0;0,0;0,0;0,0;0,0;0,0
SAN;NL:Q:60214100;Centrum;Groesbeek;0,0;0,0;0,0;0,0;0,0;0,0
SAN;NL:Q:60214110;Zwembad De Lubert;Groesbeek;0,0;0,0;0,0;0,0;0,0;0,0
SAN;NL:Q:60214120;Zwembad De Lubert;Groesbeek;0,0;0,0;0,0;0,0;0,0;0,0
SAN;NL:Q:60214130;Scholen;Groesbeek;0,0;0,0;0,0;0,0;0,0;0,0
SAN;NL:Q:60214140;Scholen;Groesbeek;0,0;0,0;0,0;0,0;0,0;0,0
SAN;NL:Q:60214150;Sportpark Zuid;Groesbeek;0,0;0,0;0,0;0,0;0,0;0,0
SAN;NL:Q:60214270;De Strekel;Groesbeek;0,0;0,0;0,0;0,0;0,0;0,0
SAN;NL:Q:60214280;De Strekel;Groesbeek;0,0;0,0;0,0;0,0;0,0;0,0
SAN;NL:Q:60250010;Rijdtsestraat;Alverna;0,6;5,2;0,0;0,0;0,0;0,0
SAN;NL:Q:60250020;Eindsestraat;Nederasselt;8,6;1,9;0,0;0,0;0,0;0,0
SAN;NL:Q:60250030;Eindsestraat;Nederasselt;1,9;10,9;0,0;0,0;0,0;0,0
SAN;NL:Q:60250040;Rijdtsestraat;Alverna;4,2;0,5;0,0;0,0;0,0;0,0
SAN;NL:Q:60250050;Broekstraat;Nederasselt;0,3;6,5;0,0;0,0;0,0;0,0
SAN;NL:Q:60250070;Kuilstraat;Nederasselt;0,3;5,6;0,0;0,0;0,0;0,0
SAN;NL:Q:60250080;Broekstraat;Nederasselt;7,5;0,9;0,0;0,0;0,0;0,0
SAN;NL:Q:60250100;Kuilstraat;Nederasselt;5,0;0,3;0,0;0,0;0,0;0,0
SAN;NL:Q:60250310;Oosterweg;Alverna;3,2;3,7;0,0;0,0;0,0;0,0
SAN;NL:Q:60250320;Oosterweg;Alverna;2,9;2,1;0,0;0,0;0,0;0,0
SAN;NL:Q:60250330;Huurlingsedam;Alverna;1,4;7,5;0,0;0,0;0,0;0,0
SAN;NL:Q:60250340;Huurlingsedam;Alverna;6,9;1,2;0,0;0,0;0,0;0,0
SAN;NL:Q:60290010;Duffeltdijk;Leuth;0,1;0,9;0,0;0,0;0,0;0,0
SAN;NL:Q:60290020;Industrieterrein;Leuth;0,6;0,3;0,0;0,0;0,0;0,0
SAN;NL:Q:60290030;De Hoge Kamp;Leuth;0,8;8,4;0,0;0,0;0,0;0,0
SAN;NL:Q:60290040;Morgenbad;Leuth;13,2;3,1;0,0;0,0;0,0;0,0
SAN;NL:Q:60290050;Klaproosstraat;Leuth;1,3;8,6;0,0;0,0;0,0;0,0
SAN;NL:Q:60290060;Kerkplein;Leuth;41,2;4,6;0,0;0,0;0,0;0,0
SAN;NL:Q:60290070;Kerkplein;Leuth;4,7;40,2;0,0;0,0;0,0;0,0
SAN;NL:Q:60290080;Klaproosstraat;Leuth;5,6;1,5;0,0;0,0;0,0;0,0
SAN;NL:Q:60290090;Morgenbad;Leuth;2,2;10,9;0,0;0,0;0,0;0,0
SAN;NL:Q:60290100;De Hoge Kamp;Leuth;7,4;0,6;0,0;0,0;0,0;0,0
SAN;NL:Q:60290110;Industrieterrein;Leuth;0,3;0,3;0,0;0,0;0,0;0,0
SAN;NL:Q:60290120;Duffeltdijk;Leuth;0,4;0,1;0,0;0,0;0,0;0,0
SAN;NL:Q:60290140;Biesterveld;Leuth;0,3;0,1;0,0;0,0;0,0;0,0
SAN;NL:Q:60290150;Biesterveld;Leuth;0,0;0,2;0,0;0,0;0,0;0,0
SAN;NL:Q:60290170;Molen;Kekerdom;0,0;0,2;0,0;0,0;0,0;0,0
SAN;NL:Q:60290180;Molen;Kekerdom;0,1;0,0;0,0;0,0;0,0;0,0
SAN;NL:Q:60290190;Eversberg;Kekerdom;0,0;1,6;0,0;0,0;0,0;0,0
SAN;NL:Q:60290200;Eversberg;Kekerdom;0,3;0,0;0,0;0,0;0,0;0,0
SAN;NL:Q:60290230;Weverstraat;Kekerdom;1,0;22,7;0,0;0,0;0,0;0,0
SAN;NL:Q:60290240;Weverstraat;Kekerdom;23,5;1,2;0,0;0,0;0,0;0,0
SAN;NL:Q:60300010;Swaere Noodt;Plasmolen;0,1;0,6;0,0;0,0;0,0;0,0
SAN;NL:Q:60300030;Rijksweg/Witteweg;Plasmolen;0,9;10,4;0,0;0,0;0,0;0,0
SAN;NL:Q:60300100;Rijksweg/Witteweg;Plasmolen;10,7;1,4;0,0;0,0;0,0;0,0
SAN;NL:Q:60300110;Helweg;Milsbeek;5,0;0,0;0,0;0,0;0,0;0,0
SAN;NL:Q:60300120;Swaere Noodt;Plasmolen;0,3;0,1;0,0;0,0;0,0;0,0
SAN;NL:Q:60300130;Milsbeek Zuid;Milsbeek;1,8;0,0;0,0;0,0;0,0;0,0
SAN;NL:Q:60300140;Oudebaan;Milsbeek;0,0;6,7;0,0;0,0;0,0;0,0
SAN;NL:Q:60300150;Oudebaan;Milsbeek;7,5;0,0;0,0;0,0;0,0;0,0
SAN;NL:Q:60300160;Rijksweg/Kerkstraat;Milsbeek;0,0;10,3;0,0;0,0;0,0;0,0
SAN;NL:Q:60300170;Rijksweg/Kerkstraat;Milsbeek;14,4;0,0;0,0;0,0;0,0;0,0
SAN;NL:Q:60300180;Milsbeek Zuid;Milsbeek;0,0;1,4;0,0;0,0;0,0;0,0
SAN;NL:Q:60300220;Helweg;Milsbeek;0,3;4,5;0,0;0,0;0,0;0,0
SAN;NL:Q:60350010;Busstation;Grave;245,4;135,6;0,0;0,0;0,0;0,0
SAN;NL:Q:60350020;Binckhof;Velp;11,3;0,0;0,0;0,0;0,0;0,0
SAN;NL:Q:60350030;Stoofweg;Grave;0,0;28,3;0,0;0,0;0,0;0,0
SAN;NL:Q:60350040;Generaal de Bonsweg;Grave;7,8;0,0;0,0;0,0;0,0;0,0
SAN;NL:Q:60350050;Busstation;Grave;22,5;102,9;0,0;0,0;0,0;0,0
SAN;NL:Q:60350060;Stoofweg;Grave;24,4;0,0;0,0;0,0;0,0;0,0
SAN;NL:Q:60350070;Generaal de Bonsweg;Grave;0,0;6,8;0,0;0,0;0,0;0,0
SAN;NL:Q:60350080;Heijtmorgen;Velp;0,2;0,0;0,0;0,0;0,0;0,0
SAN;NL:Q:60350090;Binckhof;Velp;0,0;12,6;0,0;0,0;0,0;0,0
SAN;NL:Q:60355880;Heijtmorgen;Velp;0,0;0,4;0,0;0,0;0,0;0,0
SAN;NL:Q:60390040;Rembrandtstraat;Millingen;47,1;0,0;0,0;0,0;0,0;0,0
SAN;NL:Q:60390060;Sportpark;Millingen;26,9;0,1;0,0;0,0;0,0;0,0
SAN;NL:Q:60390080;Gemeentehuis;Millingen;158,8;0,4;0,0;0,0;0,0;0,0
SAN;NL:Q:60390090;Molenveld;Millingen;0,2;18,9;0,0;0,0;0,0;0,0
SAN;NL:Q:60390110;Gezondheidscentrum;Millingen;1,4;87,1;0,0;0,0;0,0;0,0
SAN;NL:Q:60390120;Gezondheidscentrum;Millingen;76,0;0,5;0,0;0,0;0,0;0,0
SAN;NL:Q:60390140;Molenveld;Millingen;13,8;0,2;0,0;0,0;0,0;0,0
SAN;NL:Q:60390150;Gemeentehuis;Millingen;0,3;161,2;0,0;0,0;0,0;0,0
SAN;NL:Q:60390170;Sportpark;Millingen;1,5;25,7;0,0;0,0;0,0;0,0
SAN;NL:Q:60390190;Rembrandtstraat;Millingen;0,2;50,9;0,0;0,0;0,0;0,0
SAN;NL:Q:60390210;Grenskantoor;Millingen;40,7;21,1;0,0;0,0;0,0;0,0
SAN;NL:Q:60400100;Drie Kronen;Ottersum;0,0;1,7;0,0;0,0;0,0;0,0
SAN;NL:Q:60400110;Drie Kronen;Ottersum;1,9;0,0;0,0;0,0;0,0;0,0
SAN;NL:Q:60410020;Veerweg;Oeffelt;0,0;0,0;0,0;0,0;0,0;0,0
SAN;NL:Q:60410030;Hagelkruisstraat;Beugen;0,0;0,0;0,0;0,0;0,0;0,0
SAN;NL:Q:60410060;Kwekerij;Oeffelt;0,4;0,0;0,0;0,0;0,0;0,0
SAN;NL:Q:60410070;Kwekerij;Oeffelt;0,0;0,3;0,0;0,0;0,0;0,0
SAN;NL:Q:60410080;Oeffeltseweg;Beugen;0,0;0,0;0,0;0,0;0,0;0,0
SAN;NL:Q:60410100;Hagelkruisstraat;Beugen;0,0;0,0;0,0;0,0;0,0;0,0
SAN;NL:Q:60410210;Maasziekenhuis;Boxmeer;0,1;0,1;0,0;0,0;0,0;0,0
SAN;NL:Q:60450020;Duifhuis;Zeeland;0,1;0,0;0,0;0,0;0,0;0,0
SAN;NL:Q:60450060;Rijksweg;Reek;1,4;0,0;0,0;0,0;0,0;0,0
SAN;NL:Q:60450130;Rijksweg;Reek;0,0;2,1;0,0;0,0;0,0;0,0
SAN;NL:Q:60450170;Duifhuis;Zeeland;0,0;0,4;0,0;0,0;0,0;0,0
SAN;NL:Q:60450270;Kreitsberg;Zeeland;0,0;1,6;0,0;0,0;0,0;0,0
SAN;NL:Q:60450315;Mgr. Borretstraat;Reek;0,0;0,6;0,0;0,0;0,0;0,0
SAN;NL:Q:60450325;Mgr. Borretstraat;Reek;0,1;0,0;0,0;0,0;0,0;0,0
SAN;NL:Q:60450370;Kreitsberg;Zeeland;1,1;0,0;0,0;0,0;0,0;0,0
SAN;NL:Q:60450500;Mgr. Borretstraat;Reek;0,0;10,7;0,0;0,0;0,0;0,0
SAN;NL:Q:60450600;Mgr. Borretstraat;Reek;9,4;0,0;0,0;0,0;0,0;0,0
SAN;NL:Q:60500010;Busstation;Gennep;48,1;7,7;0,0;0,0;0,0;0,0
SAN;NL:Q:60500020;Busstation;Gennep;1,9;34,8;0,0;0,0;0,0;0,0
SAN;NL:Q:60500080;Brabantweg;Gennep;0,0;0,1;0,0;0,0;0,0;0,0
SAN;NL:Q:60500090;Brabantweg;Gennep;0,0;0,0;0,0;0,0;0,0;0,0
SAN;NL:Q:60500210;Heijenseweg;Gennep;0,0;0,5;0,0;0,0;0,0;0,0
SAN;NL:Q:60500220;Heijenseweg;Gennep;0,5;0,0;0,0;0,0;0,0;0,0
SAN;NL:Q:60500250;Niersbrug;Gennep;0,0;7,1;0,0;0,0;0,0;0,0
SAN;NL:Q:60500260;Niersbrug;Gennep;9,5;0,0;0,0;0,0;0,0;0,0
SAN;NL:Q:60500270;Stiemensweg;Gennep;0,0;1,0;0,0;0,0;0,0;0,0
SAN;NL:Q:60500280;Stiemensweg;Gennep;3,0;0,0;0,0;0,0;0,0;0,0
SAN;NL:Q:60500290;Wilhelminaplein;Gennep;0,0;14,3;0,0;0,0;0,0;0,0
SAN;NL:Q:60500300;Wilhelminaplein;Gennep;16,3;0,0;0,0;0,0;0,0;0,0
SAN;NL:Q:60500310;Zuid-Oostwal;Gennep;7,1;0,0;0,0;0,0;0,0;0,0
SAN;NL:Q:60500320;Zuid-Oostwal;Gennep;0,0;8,7;0,0;0,0;0,0;0,0
SAN;NL:Q:60500330;De Groote Heeze;Heijen;0,0;0,7;0,0;0,0;0,0;0,0
SAN;NL:Q:60500340;De Groote Heeze;Heijen;0,4;0,0;0,0;0,0;0,0;0,0
SAN;NL:Q:60500350;Heesweg;Heijen;0,0;1,7;0,0;0,0;0,0;0,0
SAN;NL:Q:60500360;Heesweg;Heijen;1,8;0,0;0,0;0,0;0,0;0,0
SAN;NL:Q:60500370;Heijen Zuid;Heijen;0,0;1,4;0,0;0,0;0,0;0,0
SAN;NL:Q:60500380;Heijen Zuid;Heijen;2,9;0,0;0,0;0,0;0,0;0,0
SAN;NL:Q:60500390;Nieuwwijkstraat;Heijen;0,0;2,6;0,0;0,0;0,0;0,0
SAN;NL:Q:60500400;Nieuwwijkstraat;Heijen;5,3;0,0;0,0;0,0;0,0;0,0
SAN;NL:Q:60500430;Ottersumseweg;Ottersum;0,0;27,7;0,0;0,0;0,0;0,0
SAN;NL:Q:60500440;Ottersumseweg;Ottersum;34,6;0,0;0,0;0,0;0,0;0,0
SAN;NL:Q:60510020;Hoogendijk;Boxmeer;0,0;0,0;0,0;0,0;0,0;0,0
SAN;NL:Q:60510040;Station;Boxmeer;0,1;0,4;0,0;0,0;0,0;0,0
SAN;NL:Q:60510050;Station;Boxmeer;0,4;0,2;0,0;0,0;0,0;0,0
SAN;NL:Q:60510060;Bilderbeekstraat;Boxmeer;0,0;0,1;0,0;0,0;0,0;0,0
SAN;NL:Q:60510070;Bilderbeekstraat;Boxmeer;0,1;0,0;0,0;0,0;0,0;0,0
SAN;NL:Q:60510110;Hoogendijk;Boxmeer;0,1;0,0;0,0;0,0;0,0;0,0
SAN;NL:Q:60510210;Beugenseweg;Boxmeer;0,0;0,0;0,0;0,0;0,0;0,0
SAN;NL:Q:60510220;Beugenseweg;Boxmeer;0,0;0,0;0,0;0,0;0,0;0,0
SAN;NL:Q:60550030;Peelweg;Zeeland;0,0;6,6;0,0;0,0;0,0;0,0
SAN;NL:Q:60550040;Udenseweg N265;Zeeland;0,8;0,0;0,0;0,0;0,0;0,0
SAN;NL:Q:60550080;Eikenhof;Zeeland;4,6;0,0;0,0;0,0;0,0;0,0
SAN;NL:Q:60550090;Gemeentehuis;Zeeland;0,0;11,1;0,0;0,0;0,0;0,0
SAN;NL:Q:60550100;Gemeentehuis;Zeeland;8,6;0,0;0,0;0,0;0,0;0,0
SAN;NL:Q:60550110;Eikenhof;Zeeland;0,0;4,9;0,0;0,0;0,0;0,0
SAN;NL:Q:60550150;Udenseweg N265;Zeeland;0,0;2,2;0,0;0,0;0,0;0,0
SAN;NL:Q:60550160;Peelweg;Zeeland;4,7;0,0;0,0;0,0;0,0;0,0
SAN;NL:Q:60550170;Voederheil;Zeeland;0,0;0,6;0,0;0,0;0,0;0,0
SAN;NL:Q:60550180;Voederheil;Zeeland;0,9;0,0;0,0;0,0;0,0;0,0
SAN;NL:Q:60550190;Tweehekkenweg;Zeeland;0,0;1,5;0,0;0,0;0,0;0,0
SAN;NL:Q:60550200;Tweehekkenweg;Zeeland;1,1;0,0;0,0;0,0;0,0;0,0
SAN;NL:Q:60559070;Melkpad;Zeeland;0,0;8,7;0,0;0,0;0,0;0,0
SAN;NL:Q:60559120;Melkpad;Zeeland;6,7;0,0;0,0;0,0;0,0;0,0
SAN;NL:Q:60600100;Gening;Afferden;0,0;2,0;0,0;0,0;0,0;0,0
SAN;NL:Q:60600110;Gening;Afferden;6,0;0,0;0,0;0,0;0,0;0,0
SAN;NL:Q:60600120;Hengeland;Afferden;0,0;0,2;0,0;0,0;0,0;0,0
SAN;NL:Q:60600130;Hengeland;Afferden;0,1;0,0;0,0;0,0;0,0;0,0
SAN;NL:Q:60600140;Heukelom;Afferden;0,0;0,2;0,0;0,0;0,0;0,0
SAN;NL:Q:60600150;Heukelom;Afferden;0,3;0,0;0,0;0,0;0,0;0,0
SAN;NL:Q:60600160;Veer naar Sambeek;Afferden;0,0;1,9;0,0;0,0;0,0;0,0
SAN;NL:Q:60600170;Veer naar Sambeek;Afferden;4,0;0,0;0,0;0,0;0,0;0,0
SAN;NL:Q:60600200;Heijense Molen;Heijen;0,0;0,2;0,0;0,0;0,0;0,0
SAN;NL:Q:60600210;Heijense Molen;Heijen;0,5;0,0;0,0;0,0;0,0;0,0
SAN;NL:Q:60650100;Violierstraat;Uden;0,1;7,0;0,0;0,0;0,0;0,0
SAN;NL:Q:60650130;Violierstraat;Uden;7,5;0,0;0,0;0,0;0,0;0,0
SAN;NL:Q:60650250;Wijsthoek;Uden;0,0;8,7;0,0;0,0;0,0;0,0
SAN;NL:Q:60650420;Busstation;Uden;41,1;7,3;0,0;0,0;0,0;0,0
SAN;NL:Q:60650460;Busstation;Uden;16,7;63,4;0,0;0,0;0,0;0,0
SAN;NL:Q:60651160;Heufkens;Uden;0,0;2,1;0,0;0,0;0,0;0,0
SAN;NL:Q:60651180;Heufkens;Uden;2,3;0,0;0,0;0,0;0,0;0,0
SAN;NL:Q:60651380;Wijsthoek;Uden;8,1;0,0;0,0;0,0;0,0;0,0
SAN;NL:Q:60700100;Aijerdijk;Aijen;0,0;1,0;0,0;0,0;0,0;0,0
SAN;NL:Q:60700110;Aijerdijk;Aijen;1,9;0,0;0,0;0,0;0,0;0,0
SAN;NL:Q:60700160;Bergse Heide;Nieuw Bergen;0,0;2,2;0,0;0,0;0,0;0,0
SAN;NL:Q:60700170;Bergse Heide;Nieuw Bergen;4,3;0,0;0,0;0,0;0,0;0,0
SAN;NL:Q:60700180;De Flammert;Nieuw Bergen;0,0;0,1;0,0;0,0;0,0;0,0
SAN;NL:Q:60700190;De Flammert;Nieuw Bergen;0,6;0,0;0,0;0,0;0,0;0,0
SAN;NL:Q:60700200;Gemeentehuis;Nieuw Bergen;0,0;8,1;0,0;0,0;0,0;0,0
SAN;NL:Q:60700210;Gemeentehuis;Nieuw Bergen;14,8;0,0;0,0;0,0;0,0;0,0
SAN;NL:Q:61120010;Kerkstraat;Weurt;11,5;75,5;0,0;0,0;0,0;0,0
SAN;NL:Q:61120020;Hommelstraat;Beuningen;13,2;3,8;0,0;0,0;0,0;0,0
SAN;NL:Q:61120040;Kerk;Beuningen;25,1;17,8;0,0;0,0;0,0;0,0
SAN;NL:Q:61120050;Distelakkerstraat;Beuningen;0,8;13,0;0,0;0,0;0,0;0,0
SAN;NL:Q:61120060;Distelakkerstraat;Beuningen;11,9;0,6;0,0;0,0;0,0;0,0
SAN;NL:Q:61120070;Kerk;Beuningen;19,6;38,8;0,0;0,0;0,0;0,0
SAN;NL:Q:61120080;Kerk;Beuningen;3,9;2,6;0,0;0,0;0,0;0,0
SAN;NL:Q:61120090;Hommelstraat;Beuningen;4,3;14,1;0,0;0,0;0,0;0,0
SAN;NL:Q:61120100;Kerkstraat;Weurt;78,8;11,4;0,0;0,0;0,0;0,0
SAN;NL:Q:61120110;Pottenbakker;Beuningen;39,3;1,3;0,0;0,0;0,0;0,0
SAN;NL:Q:61120120;Haagstraat;Beuningen;0,5;23,9;0,0;0,0;0,0;0,0
SAN;NL:Q:61120130;Sporthal de Tinnegieter;Beuningen;103,0;3,8;0,0;0,0;0,0;0,0
SAN;NL:Q:61120150;Centrum;Beuningen;147,1;11,6;0,0;0,0;0,0;0,0
SAN;NL:Q:61120180;Centrum;Beuningen;14,3;143,1;0,0;0,0;0,0;0,0
SAN;NL:Q:61120200;Sporthal de Tinnegieter;Beuningen;4,2;89,5;0,0;0,0;0,0;0,0
SAN;NL:Q:61120210;Haagstraat;Beuningen;23,4;0,4;0,0;0,0;0,0;0,0
SAN;NL:Q:61120220;Pottenbakker;Beuningen;1,1;46,0;0,0;0,0;0,0;0,0
SAN;NL:Q:61120230;Schacht;Beuningen;89,8;5,1;0,0;0,0;0,0;0,0
SAN;NL:Q:61120240;Schacht;Beuningen;6,8;78,7;0,0;0,0;0,0;0,0
SAN;NL:Q:61120250;Aalsterveld;Beuningen;113,6;17,8;0,0;0,0;0,0;0,0
SAN;NL:Q:61120260;Aalsterveld;Beuningen;16,6;87,3;0,0;0,0;0,0;0,0
SAN;NL:Q:61120270;Wilgenoord;Beuningen;7,9;31,8;0,0;0,0;0,0;0,0
SAN;NL:Q:61120280;Wilgenoord;Beuningen;23,3;12,0;0,0;0,0;0,0;0,0
SAN;NL:Q:61120290;Hadrianussingel;Beuningen;3,4;10,3;0,0;0,0;0,0;0,0
SAN;NL:Q:61120300;Hadrianussingel;Beuningen;6,3;5,1;0,0;0,0;0,0;0,0
SAN;NL:Q:61120310;Tiberiuslaan;Beuningen;17,0;14,0;0,0;0,0;0,0;0,0
SAN;NL:Q:61120320;Tiberiuslaan;Beuningen;9,5;8,5;0,0;0,0;0,0;0,0
SAN;NL:Q:61120370;Lavendelstraat;Beuningen;48,0;1,1;0,0;0,0;0,0;0,0
SAN;NL:Q:61120380;Lavendelstraat;Beuningen;1,3;57,8;0,0;0,0;0,0;0,0
SAN;NL:Q:61120470;Gemeentehuis;Beuningen;4,2;31,3;0,0;0,0;0,0;0,0
SAN;NL:Q:61120480;Gemeentehuis;Beuningen;31,1;3,9;0,0;0,0;0,0;0,0
SAN;NL:Q:61120490;Beatrixplein;Beuningen;0,4;4,1;0,0;0,0;0,0;0,0
SAN;NL:Q:61120500;Beatrixplein;Beuningen;2,7;0,0;0,0;0,0;0,0;0,0
SAN;NL:Q:61121300;Forelgracht;Beuningen;3,6;0,4;0,0;0,0;0,0;0,0
SAN;NL:Q:61121310;Forelgracht;Beuningen;1,8;4,1;0,0;0,0;0,0;0,0
SAN;NL:Q:61121320;Snoekgracht;Beuningen;6,7;1,5;0,0;0,0;0,0;0,0
SAN;NL:Q:61121330;Snoekgracht;Beuningen;1,7;4,7;0,0;0,0;0,0;0,0
SAN;NL:Q:61121340;Ganzeneiland;Beuningen;6,7;0,8;0,0;0,0;0,0;0,0
SAN;NL:Q:61121350;Ganzeneiland;Beuningen;0,7;6,2;0,0;0,0;0,0;0,0
SAN;NL:Q:61121360;Wolfsbossingel;Beuningen;7,3;0,0;0,0;0,0;0,0;0,0
SAN;NL:Q:61121370;Wolfsbossingel;Beuningen;0,0;7,0;0,0;0,0;0,0;0,0
SAN;NL:Q:61190010;de Pas;Bemmel;0,6;0,1;0,0;0,0;0,0;0,0
SAN;NL:Q:61190030;Het Nevelveld;Doornik;0,2;0,5;0,0;0,0;0,0;0,0
SAN;NL:Q:61190040;Het Nevelveld;Doornik;0,1;0,3;0,0;0,0;0,0;0,0
SAN;NL:Q:61190051;Zandsepad;Doornik;1,6;0,4;0,0;0,0;0,0;0,0
SAN;NL:Q:61190061;Zandsepad;Doornik;0,5;1,4;0,0;0,0;0,0;0,0
SAN;NL:Q:61190070;Doornik;Doornik;1,4;0,2;0,0;0,0;0,0;0,0
SAN;NL:Q:61190080;Doornik;Doornik;0,1;1,5;0,0;0,0;0,0;0,0
SAN;NL:Q:61190090;Bekkersland;Doornik;1,6;0,2;0,0;0,0;0,0;0,0
SAN;NL:Q:61190100;Bekkersland;Doornik;0,2;2,1;0,0;0,0;0,0;0,0
SAN;NL:Q:61190110;Laauwikstraat;Lent;4,9;1,6;0,0;0,0;0,0;0,0
SAN;NL:Q:61190120;Laauwikstraat;Lent;1,9;18,0;0,0;0,0;0,0;0,0
SAN;NL:Q:61190122;Laauwikstraat;Lent;0,0;0,5;0,0;0,0;0,0;0,0
SAN;NL:Q:61190130;Petuniastraat;Lent;29,6;3,4;0,0;0,0;0,0;0,0
SAN;NL:Q:61190140;Petuniastraat;Lent;2,7;27,7;0,0;0,0;0,0;0,0
SAN;NL:Q:61190150;Lentseveld;Lent;39,9;10,0;0,0;0,0;0,0;0,0
SAN;NL:Q:61190160;Lentseveld;Lent;0,1;19,9;0,0;0,0;0,0;0,0
SAN;NL:Q:61190190;Citadel College;Lent;26,5;17,2;0,0;0,0;0,0;0,0
SAN;NL:Q:61190200;Citadel College;Lent;18,3;29,1;0,0;0,0;0,0;0,0
SAN;NL:Q:61190230;Station Lent Laauwikstr;Lent;95,4;45,0;0,0;0,0;0,0;0,0
SAN;NL:Q:61190240;Station Lent Laauwikstr;Lent;58,1;132,7;0,0;0,0;0,0;0,0
SAN;NL:Q:61190250;Eikenlaan;Lent;17,4;0,4;0,0;0,0;0,0;0,0
SAN;NL:Q:61190270;Station Lent;Lent;19,2;32,5;0,0;0,0;0,0;0,0
SAN;NL:Q:61190280;Station Lent;Lent;25,1;12,6;0,0;0,0;0,0;0,0
SAN;NL:Q:61190300;Stationsstraat;Lent;19,1;31,8;0,0;0,0;0,0;0,0
SAN;NL:Q:61190310;Stationsstraat;Oosterhout;26,7;22,5;0,0;0,0;0,0;0,0
SAN;NL:Q:61190330;Kerkenhofstraat;Ressen;7,0;3,1;0,0;0,0;0,0;0,0
SAN;NL:Q:61190350;Oude Groenestraat;Oosterhout;16,9;9,9;0,0;0,0;0,0;0,0
SAN;NL:Q:61190360;Oude Groenestraat;Oosterhout;8,7;18,2;0,0;0,0;0,0;0,0
SAN;NL:Q:61190370;Turennesingel;Lent;0,1;0,2;0,0;0,0;0,0;0,0
SAN;NL:Q:61190380;Turennesingel;Lent;0,3;0,5;0,0;0,0;0,0;0,0
SAN;NL:Q:61190390;Dijkstraat;Lent;23,5;6,3;0,0;0,0;0,0;0,0
SAN;NL:Q:61190400;Dijkstraat;Lent;5,8;19,4;0,0;0,0;0,0;0,0
SAN;NL:Q:61190410;Kruidenstraat;Oosterhout;21,9;8,6;0,0;0,0;0,0;0,0
SAN;NL:Q:61190420;Kruidenstraat;Oosterhout;7,1;20,0;0,0;0,0;0,0;0,0
SAN;NL:Q:61190470;Terracottastraat;Oosterhout;28,8;4,0;0,0;0,0;0,0;0,0
SAN;NL:Q:61190480;Terracottastraat;Oosterhout;3,9;28,8;0,0;0,0;0,0;0,0
SAN;NL:Q:61190710;Jonagoldstraat;Oosterhout;114,9;23,2;0,0;0,0;0,0;0,0
SAN;NL:Q:61190720;Jonagoldstraat;Oosterhout;24,0;105,8;0,0;0,0;0,0;0,0
SAN;NL:Q:61190750;De Klif;Oosterhout;64,4;11,0;0,0;0,0;0,0;0,0
SAN;NL:Q:61190760;De Klif;Oosterhout;9,9;59,9;0,0;0,0;0,0;0,0
SAN;NL:Q:61190790;Aquilastraat;Oosterhout;47,9;8,0;0,0;0,0;0,0;0,0
SAN;NL:Q:61190800;Aquilastraat;Oosterhout;9,2;52,9;0,0;0,0;0,0;0,0
SAN;NL:Q:61191390;Frankrijkstraat;Lent;0,7;73,7;0,0;0,0;0,0;0,0
SAN;NL:Q:61191400;Frankrijkstraat;Lent;74,7;0,3;0,0;0,0;0,0;0,0
SAN;NL:Q:61191410;De Ster;Lent;0,7;75,3;0,0;0,0;0,0;0,0
SAN;NL:Q:61191460;De Ster;Lent;68,0;0,3;0,0;0,0;0,0;0,0
SAN;NL:Q:61191490;Dalidastraat;Lent;2,4;19,2;0,0;0,0;0,0;0,0
SAN;NL:Q:61191510;Thermion (West);Lent;0,2;19,3;0,0;0,0;0,0;0,0
SAN;NL:Q:61191520;Thermion (Oost);Lent;55,1;8,0;0,0;0,0;0,0;0,0
SAN;NL:Q:61191550;Fluitenkruid;Lent;32,2;0,2;0,0;0,0;0,0;0,0
SAN;NL:Q:61191560;Fluitenkruid;Lent;0,2;26,9;0,0;0,0;0,0;0,0
SAN;NL:Q:61191580;Veur Lent;Lent;0,4;6,7;0,0;0,0;0,0;0,0
SAN;NL:Q:61191590;Veur Lent;Lent;4,7;1,2;0,0;0,0;0,0;0,0
SAN;NL:Q:61192000;P+R Waalsprinter;Ressen;42,2;42,4;0,0;0,0;0,0;0,0
SAN;NL:Q:61220010;Julianastraat;Ewijk;16,3;58,6;0,0;0,0;0,0;0,0
SAN;NL:Q:61220020;Deijnschestraat;Winssen;1,8;0,5;0,0;0,0;0,0;0,0
SAN;NL:Q:61220030;Molenweg;Ewijk;0,7;3,8;0,0;0,0;0,0;0,0
SAN;NL:Q:61220040;Geerstraat;Winssen;5,3;0,8;0,0;0,0;0,0;0,0
SAN;NL:Q:61220060;Leegstraat;Winssen;25,3;3,0;0,0;0,0;0,0;0,0
SAN;NL:Q:61220070;Leegstraat;Winssen;3,3;24,7;0,0;0,0;0,0;0,0
SAN;NL:Q:61220090;Geerstraat;Winssen;0,9;5,5;0,0;0,0;0,0;0,0
SAN;NL:Q:61220100;Molenweg;Ewijk;4,0;0,8;0,0;0,0;0,0;0,0
SAN;NL:Q:61220110;Deijnschestraat;Winssen;0,4;2,1;0,0;0,0;0,0;0,0
SAN;NL:Q:61220120;Julianastraat;Ewijk;64,2;15,1;0,0;0,0;0,0;0,0
SAN;NL:Q:61220170;Keizershoeve;Ewijk;3,7;22,0;0,0;0,0;0,0;0,0
SAN;NL:Q:61220180;Keizershoeve;Ewijk;17,0;2,6;0,0;0,0;0,0;0,0
SAN;NL:Q:61220190;Plakstraat;Winssen;1,3;14,7;0,0;0,0;0,0;0,0
SAN;NL:Q:61220200;Plakstraat;Winssen;12,3;1,2;0,0;0,0;0,0;0,0
SAN;NL:Q:61240010;Nieuweweg;Wijchen;0,9;5,1;0,0;0,0;0,0;0,0
SAN;NL:Q:61240020;Kraaijenberg 79e straat;Wijchen;1,0;0,1;0,0;0,0;0,0;0,0
SAN;NL:Q:61240040;Kraaijenberg 86e straat;Wijchen;4,1;0,7;0,0;0,0;0,0;0,0
SAN;NL:Q:61240050;Aalsburg;Wijchen;0,1;0,1;0,0;0,0;0,0;0,0
SAN;NL:Q:61240060;Homberg;Wijchen;12,7;1,1;0,0;0,0;0,0;0,0
SAN;NL:Q:61240070;Buizerdstraat;Wijchen;0,1;7,3;0,0;0,0;0,0;0,0
SAN;NL:Q:61240080;Heilige Stoel 38/46;Wijchen;8,1;0,6;0,0;0,0;0,0;0,0
SAN;NL:Q:61240100;Heilige Stoel 38/48;Wijchen;11,1;0,2;0,0;0,0;0,0;0,0
SAN;NL:Q:61240110;Tunnelweg;Wijchen;0,2;13,5;0,0;0,0;0,0;0,0
SAN;NL:Q:61240120;Tunnelweg;Wijchen;11,7;0,3;0,0;0,0;0,0;0,0
SAN;NL:Q:61240130;Holenbergseweg;Wijchen;0,1;7,8;0,0;0,0;0,0;0,0
SAN;NL:Q:61240140;Holenbergseweg;Wijchen;8,2;0,1;0,0;0,0;0,0;0,0
SAN;NL:Q:61240150;Schoenaker;Wijchen;1,0;16,6;0,0;0,0;0,0;0,0
SAN;NL:Q:61240160;Schoenaker;Wijchen;0,1;1,1;0,0;0,0;0,0;0,0
SAN;NL:Q:61240170;Heilige Stoel 38/48;Wijchen;0,1;9,7;0,0;0,0;0,0;0,0
SAN;NL:Q:61240190;Heilige Stoel 38/46;Wijchen;0,3;7,2;0,0;0,0;0,0;0,0
SAN;NL:Q:61240200;Buizerdstraat;Wijchen;6,3;0,1;0,0;0,0;0,0;0,0
SAN;NL:Q:61240210;Homberg;Wijchen;0,8;13,0;0,0;0,0;0,0;0,0
SAN;NL:Q:61240220;Aalsburg;Wijchen;0,0;0,0;0,0;0,0;0,0;0,0
SAN;NL:Q:61240230;Kraaijenberg 86e straat;Wijchen;0,1;2,7;0,0;0,0;0,0;0,0
SAN;NL:Q:61240250;Kraaijenberg 79e straat;Wijchen;0,0;1,7;0,0;0,0;0,0;0,0
SAN;NL:Q:61240260;Nieuweweg;Wijchen;3,9;0,8;0,0;0,0;0,0;0,0
SAN;NL:Q:61240280;Station Wijchen;Wijchen;31,6;6,8;0,0;0,0;0,0;0,0
SAN;NL:Q:61240290;Herenstraat;Wijchen;0,9;0,1;0,0;0,0;0,0;0,0
SAN;NL:Q:61240300;Herenstraat;Wijchen;0,1;0,9;0,0;0,0;0,0;0,0
SAN;NL:Q:61240350;Blauwe Hof 40e straat;Wijchen;0,1;0,2;0,0;0,0;0,0;0,0
SAN;NL:Q:61240360;Blauwe Hof 40e straat;Wijchen;0,4;0,1;0,0;0,0;0,0;0,0
SAN;NL:Q:61240380;Diepvoorde;Wijchen;0,0;0,0;0,0;0,0;0,0;0,0
SAN;NL:Q:61240390;Huissteden;Wijchen;0,3;11,1;0,0;0,0;0,0;0,0
SAN;NL:Q:61240400;Huissteden;Wijchen;19,8;1,5;0,0;0,0;0,0;0,0
SAN;NL:Q:61240610;Zuiderpoort;Wijchen;1,1;30,0;0,0;0,0;0,0;0,0
SAN;NL:Q:61240620;Zuiderpoort;Wijchen;32,4;2,4;0,0;0,0;0,0;0,0
SAN;NL:Q:61240630;Kraaijenberg 83e straat;Wijchen;16,0;15,5;0,0;0,0;0,0;0,0
SAN;NL:Q:61240640;De Ververt;Wijchen;10,5;0,3;0,0;0,0;0,0;0,0
SAN;NL:Q:61240650;De Ververt;Wijchen;0,2;10,8;0,0;0,0;0,0;0,0
SAN;NL:Q:61240680;Oud-Ravensteinseweg;Wijchen;0,0;0,0;0,0;0,0;0,0;0,0
SAN;NL:Q:61240720;Kerkeveld;Wijchen;21,2;0,7;0,0;0,0;0,0;0,0
SAN;NL:Q:61240730;Kerkeveld;Wijchen;0,2;21,1;0,0;0,0;0,0;0,0
SAN;NL:Q:61240880;Bijsterh.22/Wilhelminal.;Wijchen;0,5;1,8;0,0;0,0;0,0;0,0
SAN;NL:Q:61240890;Bijsterh.22/Wilhelminal.;Wijchen;0,5;1,1;0,0;0,0;0,0;0,0
SAN;NL:Q:61240910;Palkerplein;Wijchen;0,8;19,8;0,0;0,0;0,0;0,0
SAN;NL:Q:61240920;Palkerplein;Wijchen;19,2;0,9;0,0;0,0;0,0;0,0
SAN;NL:Q:61240950;Bijsterhuizen 21;Wijchen;0,4;9,5;0,0;0,0;0,0;0,0
SAN;NL:Q:61240960;Bijsterhuizen 21;Wijchen;8,5;0,6;0,0;0,0;0,0;0,0
SAN;NL:Q:61240970;Bijsterhuizen 25;Wijchen;0,4;14,0;0,0;0,0;0,0;0,0
SAN;NL:Q:61240980;Bijsterhuizen 25;Wijchen;11,3;0,4;0,0;0,0;0,0;0,0
SAN;NL:Q:61240990;Bijsterhuizen 10;Wijchen;0,1;11,7;0,0;0,0;0,0;0,0
SAN;NL:Q:61241000;Bijsterhuizen 10;Wijchen;6,6;0,4;0,0;0,0;0,0;0,0
SAN;NL:Q:61241030;De Meerval;Wijchen;6,8;0,6;0,0;0,0;0,0;0,0
SAN;NL:Q:61241040;De Meerval;Wijchen;0,4;8,0;0,0;0,0;0,0;0,0
SAN;NL:Q:61241050;Europaplein;Wijchen;25,7;5,4;0,0;0,0;0,0;0,0
SAN;NL:Q:61241060;Europaplein;Wijchen;4,7;28,7;0,0;0,0;0,0;0,0
SAN;NL:Q:61241070;Meerdreef/Oosterweg;Wijchen;7,1;0,8;0,0;0,0;0,0;0,0
SAN;NL:Q:61241080;Meerdreef/Oosterweg;Wijchen;0,6;8,7;0,0;0,0;0,0;0,0
SAN;NL:Q:61241110;Mozaiek;Wijchen;5,9;6,0;0,0;0,0;0,0;0,0
SAN;NL:Q:61241270;Vijverlaan;Wijchen;0,4;9,5;0,0;0,0;0,0;0,0
SAN;NL:Q:61241280;Vijverlaan;Wijchen;6,9;0,5;0,0;0,0;0,0;0,0
SAN;NL:Q:61241310;Station Wijchen;Wijchen;10,8;46,7;0,0;0,0;0,0;0,0
SAN;NL:Q:61241320;Station Wijchen;Wijchen;34,9;16,4;0,0;0,0;0,0;0,0
SAN;NL:Q:61241400;Aalsburg;Wijchen;0,0;0,1;0,0;0,0;0,0;0,0
SAN;NL:Q:61241430;Kronenland;Wijchen;0,1;4,1;0,0;0,0;0,0;0,0
SAN;NL:Q:61241440;Kronenland;Wijchen;4,1;0,3;0,0;0,0;0,0;0,0
SAN;NL:Q:61241470;Sluiskamp;Wijchen;0,2;6,0;0,0;0,0;0,0;0,0
SAN;NL:Q:61241480;Sluiskamp;Wijchen;7,1;1,3;0,0;0,0;0,0;0,0
SAN;NL:Q:61241510;Blauwe Hof 60e straat;Wijchen;0,1;2,7;0,0;0,0;0,0;0,0
SAN;NL:Q:61241520;Blauwe Hof 60e straat;Wijchen;3,0;0,6;0,0;0,0;0,0;0,0
SAN;NL:Q:61242010;Veenhof;Wijchen;0,6;7,8;0,0;0,0;0,0;0,0
SAN;NL:Q:61242020;Veenhof;Wijchen;20,0;0,2;0,0;0,0;0,0;0,0
SAN;NL:Q:61242030;Weegbree;Wijchen;0,2;0,9;0,0;0,0;0,0;0,0
SAN;NL:Q:61242040;Weegbree;Wijchen;1,8;0,2;0,0;0,0;0,0;0,0
SAN;NL:Q:61249000;Station Wijchen;Wijchen;3,0;30,6;0,0;0,0;0,0;0,0
SAN;NL:Q:61301230;Kerkplein;Valburg;1,7;25,7;0,0;0,0;0,0;0,0
SAN;NL:Q:61301240;Kerkplein;Valburg;26,0;2,0;0,0;0,0;0,0;0,0
SAN;NL:Q:61301270;Tielsestraat;Valburg;0,1;0,7;0,0;0,0;0,0;0,0
SAN;NL:Q:61301280;Tielsestraat;Valburg;0,9;0,1;0,0;0,0;0,0;0,0
SAN;NL:Q:61301310;Strandpark Noord;Valburg;0,2;3,5;0,0;0,0;0,0;0,0
SAN;NL:Q:61301320;Strandpark Noord;Valburg;2,2;0,4;0,0;0,0;0,0;0,0
SAN;NL:Q:61320020;Klapstraat;Afferden;4,8;0,7;0,0;0,0;0,0;0,0
SAN;NL:Q:61320031;Koningstraat;Afferden;0,3;2,5;0,0;0,0;0,0;0,0
SAN;NL:Q:61320041;Pas;Afferden;18,2;1,7;0,0;0,0;0,0;0,0
SAN;NL:Q:61320051;Pas;Afferden;1,5;18,6;0,0;0,0;0,0;0,0
SAN;NL:Q:61320061;Koningstraat;Afferden;2,1;0,5;0,0;0,0;0,0;0,0
SAN;NL:Q:61320070;Klapstraat;Afferden;0,7;4,2;0,0;0,0;0,0;0,0
SAN;NL:Q:61320080;Grotestraat;Deest;26,5;5,3;0,0;0,0;0,0;0,0
SAN;NL:Q:61320110;Grotestraat;Deest;5,0;26,9;0,0;0,0;0,0;0,0
SAN;NL:Q:61330030;Willibrordstraat;Batenburg;4,6;0,4;0,0;0,0;0,0;0,0
SAN;NL:Q:61330070;RK Kerk;Batenburg;2,4;5,6;0,0;0,0;0,0;0,0
SAN;NL:Q:61340030;Leurseweg;Leur;0,0;0,2;0,0;0,0;0,0;0,0
SAN;NL:Q:61340040;Leurseweg;Leur;0,0;0,0;0,0;0,0;0,0;0,0
SAN;NL:Q:61340070;Broekstraat;Hernen;0,0;0,8;0,0;0,0;0,0;0,0
SAN;NL:Q:61340080;Broekstraat;Hernen;0,2;0,0;0,0;0,0;0,0;0,0
SAN;NL:Q:61340090;Smitskampje;Hernen;0,0;1,4;0,0;0,0;0,0;0,0
SAN;NL:Q:61340100;Smitskampje;Hernen;1,4;0,0;0,0;0,0;0,0;0,0
SAN;NL:Q:61400010;Lingebrug;Zetten;0,9;0,0;0,0;0,0;0,0;0,0
SAN;NL:Q:61400030;Molenstraat;Zetten;0,2;0,0;0,0;0,0;0,0;0,0
SAN;NL:Q:61400120;Molenstraat;Zetten;0,0;0,4;0,0;0,0;0,0;0,0
SAN;NL:Q:61400140;Lingebrug;Zetten;0,2;1,4;0,0;0,0;0,0;0,0
SAN;NL:Q:61401001;Station Zetten Andelst;Zetten;3,3;12,1;0,0;0,0;0,0;0,0
SAN;NL:Q:61401002;Station Zetten Andelst;Zetten;7,3;1,5;0,0;0,0;0,0;0,0
SAN;NL:Q:61401230;Brittanjesingel;Zetten;0,1;9,2;0,0;0,0;0,0;0,0
SAN;NL:Q:61401240;Brittanjesingel;Zetten;7,5;0,0;0,0;0,0;0,0;0,0
SAN;NL:Q:61401270;Stationsstraat;Zetten;0,0;8,9;0,0;0,0;0,0;0,0
SAN;NL:Q:61401280;Stationsstraat;Zetten;8,9;0,0;0,0;0,0;0,0;0,0
SAN;NL:Q:61401310;Hoofdstraat;Zetten;0,0;7,2;0,0;0,0;0,0;0,0
SAN;NL:Q:61401320;Hoofdstraat;Zetten;9,3;0,0;0,0;0,0;0,0;0,0
SAN;NL:Q:61402230;Wilhelminastraat;Andelst;1,7;5,5;0,0;0,0;0,0;0,0
SAN;NL:Q:61402240;Wilhelminastraat;Andelst;4,6;0,7;0,0;0,0;0,0;0,0
SAN;NL:Q:61402270;Monument;Andelst;0,7;2,7;0,0;0,0;0,0;0,0
SAN;NL:Q:61402280;Monument;Andelst;3,1;0,4;0,0;0,0;0,0;0,0
SAN;NL:Q:61403230;Planetenlaan;Herveld;0,5;6,0;0,0;0,0;0,0;0,0
SAN;NL:Q:61403240;Planetenlaan;Herveld;4,1;0,4;0,0;0,0;0,0;0,0
SAN;NL:Q:61403270;Stenenkamerstraat;Herveld;3,1;10,5;0,0;0,0;0,0;0,0
SAN;NL:Q:61403280;Stenenkamerstraat;Herveld;10,7;0,6;0,0;0,0;0,0;0,0
SAN;NL:Q:61403310;De Hoge Hof;Herveld;3,5;10,1;0,0;0,0;0,0;0,0
SAN;NL:Q:61403320;De Hoge Hof;Herveld;10,4;2,3;0,0;0,0;0,0;0,0
SAN;NL:Q:61404230;'t Hoeveslag;Herveld;0,6;1,4;0,0;0,0;0,0;0,0
SAN;NL:Q:61404240;'t Hoeveslag;Herveld;0,7;0,1;0,0;0,0;0,0;0,0
SAN;NL:Q:61404270;Kruisstraat;Herveld;0,1;1,5;0,0;0,0;0,0;0,0
SAN;NL:Q:61404280;Kruisstraat;Herveld;1,6;0,2;0,0;0,0;0,0;0,0
SAN;NL:Q:61404310;Lechstraat;Herveld;0,1;2,1;0,0;0,0;0,0;0,0
SAN;NL:Q:61404320;Lechstraat;Herveld;1,5;0,1;0,0;0,0;0,0;0,0
SAN;NL:Q:61404350;Molen de Vink;Herveld;0,6;3,5;0,0;0,0;0,0;0,0
SAN;NL:Q:61404360;Molen de Vink;Herveld;3,9;0,5;0,0;0,0;0,0;0,0
SAN;NL:Q:61410030;Veemarkt;Tiel;0,2;2,9;0,0;0,0;0,0;0,0
SAN;NL:Q:61410330;Veemarkt;Tiel;4,9;0,0;0,0;0,0;0,0;0,0
SAN;NL:Q:61410640;Laan van Westroijen;Tiel;2,5;0,0;0,0;0,0;0,0;0,0
SAN;NL:Q:61410690;Laan van Westroijen;Tiel;0,0;1,4;0,0;0,0;0,0;0,0
SAN;NL:Q:61411100;Station;Tiel;19,5;7,7;0,0;0,0;0,0;0,0
SAN;NL:Q:61412150;Predikbroedersweg;Tiel;0,0;1,5;0,0;0,0;0,0;0,0
SAN;NL:Q:61412160;Predikbroedersweg;Tiel;1,5;0,0;0,0;0,0;0,0;0,0
SAN;NL:Q:61420010;Pax Christi College;Druten;2,3;26,9;0,0;0,0;0,0;0,0
SAN;NL:Q:61420030;Hermes Garage;Druten;1,1;7,2;0,0;0,0;0,0;0,0
SAN;NL:Q:61420050;Markt;Druten;2,6;19,2;0,0;0,0;0,0;0,0
SAN;NL:Q:61420070;Javaplein;Druten;0,6;4,8;0,0;0,0;0,0;0,0
SAN;NL:Q:61420100;Markt;Druten;18,1;3,7;0,0;0,0;0,0;0,0
SAN;NL:Q:61420120;Hermes Garage;Druten;6,7;1,1;0,0;0,0;0,0;0,0
SAN;NL:Q:61420140;Pax Christi College;Druten;16,4;3,3;0,0;0,0;0,0;0,0
SAN;NL:Q:61420160;Gemeentehuis;Druten;1,1;7,9;0,0;0,0;0,0;0,0
SAN;NL:Q:61420180;Gemeentehuis;Druten;4,6;2,3;0,0;0,0;0,0;0,0
SAN;NL:Q:61420290;Javaplein;Druten;5,6;0,8;0,0;0,0;0,0;0,0
SAN;NL:Q:61420320;Westerhout;Puiflijk;0,0;1,9;0,0;0,0;0,0;0,0
SAN;NL:Q:61420330;Westerhout;Puiflijk;2,1;0,0;0,0;0,0;0,0;0,0
SAN;NL:Q:61420510;Scharenburg/N322;Druten;50,5;1,9;0,0;0,0;0,0;0,0
SAN;NL:Q:61420520;Scharenburg/N322;Druten;1,1;49,3;0,0;0,0;0,0;0,0
SAN;NL:Q:61421000;Busstation;Druten;216,4;188,6;0,0;0,0;0,0;0,0
SAN;NL:Q:61421001;Busstation;Druten;88,4;118,1;0,0;0,0;0,0;0,0
SAN;NL:Q:61421002;Busstation;Druten;305,1;290,2;0,0;0,0;0,0;0,0
SAN;NL:Q:61421004;Busstation;Druten;9,8;19,4;0,0;0,0;0,0;0,0
SAN;NL:Q:61440010;Schaarsestraat;Bergharen;0,0;0,4;0,0;0,0;0,0;0,0
SAN;NL:Q:61440020;Schaarsestraat;Bergharen;2,2;0,0;0,0;0,0;0,0;0,0
SAN;NL:Q:61440030;De Weem;Bergharen;0,2;6,6;0,0;0,0;0,0;0,0
SAN;NL:Q:61440040;De Weem;Bergharen;6,9;0,1;0,0;0,0;0,0;0,0
SAN;NL:Q:61440070;Grotestraat;Bergharen;0,7;1,4;0,0;0,0;0,0;0,0
SAN;NL:Q:61440080;Grotestraat;Bergharen;1,0;0,0;0,0;0,0;0,0;0,0
SAN;NL:Q:61520210;Molenstraat;Boven Leeuwen;0,0;1,7;0,0;0,0;0,0;0,0
SAN;NL:Q:61520220;Molenstraat;Boven Leeuwen;6,4;0,0;0,0;0,0;0,0;0,0
SAN;NL:Q:61520230;Akkerstraat;Beneden-Leeuwen;0,0;8,5;0,0;0,0;0,0;0,0
SAN;NL:Q:61520240;Akkerstraat;Beneden-Leeuwen;23,2;0,0;0,0;0,0;0,0;0,0
SAN;NL:Q:61520250;Veesteeg;Beneden Leeuwen;7,6;0,0;0,0;0,0;0,0;0,0
SAN;NL:Q:61520260;Veesteeg;Boven Leeuwen;0,0;1,5;0,0;0,0;0,0;0,0
SAN;NL:Q:61520350;Prins Willem Alexanderbrug;Beneden-Leeuwen;0,0;1,2;0,0;0,0;0,0;0,0
SAN;NL:Q:61520360;Prins Willem Alexanderbrug;Beneden-Leeuwen;2,8;0,0;0,0;0,0;0,0;0,0
SAN;NL:Q:69000160;Hakkesstraat;Venlo;0,0;0,0;0,0;0,0;0,0;0,0
SAN;NL:Q:69000170;Hakkesstraat;Venlo;0,1;0,0;0,0;0,0;0,0;0,0
SAN;NL:Q:69000280;Goltziusstraat;Venlo;0,0;0,0;0,0;0,0;0,0;0,0
SAN;NL:Q:69000290;Goltziusstraat;Venlo;0,0;0,0;0,0;0,0;0,0;0,0
SAN;NL:Q:69000340;Heilig Hartkerk;Venlo;0,0;0,0;0,0;0,0;0,0;0,0
SAN;NL:Q:69000350;Heilig Hartkerk;Venlo;0,1;0,0;0,0;0,0;0,0;0,0
SAN;NL:Q:69000380;Hogeweg;Venlo;0,0;0,0;0,0;0,0;0,0;0,0
SAN;NL:Q:69000390;Hogeweg;Venlo;0,0;0,0;0,0;0,0;0,0;0,0
SAN;NL:Q:69000440;Karbindersstraat;Venlo;0,0;0,0;0,0;0,0;0,0;0,0
SAN;NL:Q:69000450;Karbindersstraat;Venlo;0,0;0,0;0,0;0,0;0,0;0,0
SAN;NL:Q:69000660;Mgr. Nolensplein;Venlo;0,0;0,1;0,0;0,0;0,0;0,0
SAN;NL:Q:69000670;Mgr. Nolensplein;Venlo;0,1;0,0;0,0;0,0;0,0;0,0
SAN;NL:Q:69000930;Station;Venlo;0,8;0,6;0,0;0,0;0,0;0,0
SAN;NL:Q:69001090;Veldenseweg;Venlo;0,0;0,0;0,0;0,0;0,0;0,0
SAN;NL:Q:69001100;Veldenseweg;Venlo;0,0;0,0;0,0;0,0;0,0;0,0
SAN;NL:Q:69100100;Hasselt;Velden;0,0;0,0;0,0;0,0;0,0;0,0
SAN;NL:Q:69100110;Hasselt;Velden;0,0;0,0;0,0;0,0;0,0;0,0
SAN;NL:Q:69100120;Markt;Velden;0,0;0,4;0,0;0,0;0,0;0,0
SAN;NL:Q:69100130;Markt;Velden;0,6;0,0;0,0;0,0;0,0;0,0
SAN;NL:Q:69100140;Taurus;Velden;0,0;0,0;0,0;0,0;0,0;0,0
SAN;NL:Q:69100150;Taurus;Velden;0,1;0,0;0,0;0,0;0,0;0,0
SAN;NL:Q:69100160;Velden Zuid;Velden;0,0;0,1;0,0;0,0;0,0;0,0
SAN;NL:Q:69100170;Velden Zuid;Velden;0,6;0,0;0,0;0,0;0,0;0,0
SAN;NL:Q:69200110;De Voort;Lomm;0,1;0,0;0,0;0,0;0,0;0,0
SAN;NL:Q:69200120;Spikweien;Lomm;0,0;0,2;0,0;0,0;0,0;0,0
SAN;NL:Q:69200130;Spikweien;Lomm;0,8;0,0;0,0;0,0;0,0;0,0
SAN;NL:Q:69200140;Veer naar Lottum;Lomm;0,0;0,0;0,0;0,0;0,0;0,0
SAN;NL:Q:69200150;Veer naar Lottum;Lomm;0,0;0,0;0,0;0,0;0,0;0,0
SAN;NL:Q:69300100;Koestraat;Arcen;0,0;0,3;0,0;0,0;0,0;0,0
SAN;NL:Q:69300110;Koestraat;Arcen;1,2;0,0;0,0;0,0;0,0;0,0
SAN;NL:Q:69300120;Laakweg;Arcen;0,0;1,0;0,0;0,0;0,0;0,0
SAN;NL:Q:69300130;Laakweg;Arcen;2,1;0,0;0,0;0,0;0,0;0,0
SAN;NL:Q:69300140;Veer naar Broekhuizen;Arcen;0,0;0,1;0,0;0,0;0,0;0,0
SAN;NL:Q:69300150;Veer naar Broekhuizen;Arcen;0,2;0,0;0,0;0,0;0,0;0,0
SAN;NL:Q:69400100;Thermaalbad;Arcen;0,0;0,4;0,0;0,0;0,0;0,0
SAN;NL:Q:69400110;Thermaalbad;Arcen;0,3;0,0;0,0;0,0;0,0;0,0
SAN;NL:Q:69400120;Hotel de Hamert;Wellerlooi;0,0;0,1;0,0;0,0;0,0;0,0
SAN;NL:Q:69400130;Hotel de Hamert;Wellerlooi;0,3;0,0;0,0;0,0;0,0;0,0
SAN;NL:Q:69500100;Catharinastraat;Wellerlooi;0,0;0,6;0,0;0,0;0,0;0,0
SAN;NL:Q:69500110;Catharinastraat;Wellerlooi;1,3;0,0;0,0;0,0;0,0;0,0
SAN;NL:Q:69500120;Kruisstraat;Wellerlooi;0,0;0,2;0,0;0,0;0,0;0,0
SAN;NL:Q:69500130;Kruisstraat;Wellerlooi;0,3;0,0;0,0;0,0;0,0;0,0
SAN;NL:Q:69500140;Wellerlooi Zuid;Wellerlooi;0,0;0,1;0,0;0,0;0,0;0,0
SAN;NL:Q:69500150;Wellerlooi Zuid;Wellerlooi;0,1;0,0;0,0;0,0;0,0;0,0
SAN;NL:Q:69600100;Bosserheide;Well;0,0;0,1;0,0;0,0;0,0;0,0
SAN;NL:Q:69600110;Bosserheide;Well;0,1;0,0;0,0;0,0;0,0;0,0
SAN;NL:Q:69600120;Kasteellaan;Well;0,0;1,8;0,0;0,0;0,0;0,0
SAN;NL:Q:69600130;Kasteellaan;Well;5,0;0,0;0,0;0,0;0,0;0,0
SAN;NL:Q:69600220;Knikkerdorp;Well;0,0;0,1;0,0;0,0;0,0;0,0
SAN;NL:Q:69600230;Knikkerdorp;Well;0,3;0,0;0,0;0,0;0,0;0,0
SAN;NL:Q:69600240;Halve Maan;Well;0,0;0,2;0,0;0,0;0,0;0,0
SAN;NL:Q:69600250;Halve Maan;Well;0,3;0,0;0,0;0,0;0,0;0,0
SAN;NL:Q:69600280;Leuken;Well;0,0;0,1;0,0;0,0;0,0;0,0
SAN;NL:Q:69600290;Leuken;Well;0,1;0,0;0,0;0,0;0,0;0,0
SAN;NL:Q:80000020;Landesgrenze;Wyler;0,6;0,0;0,0;0,0;0,0;0,0
SAN;NL:Q:80000050;Landesgrenze;Wyler;0,0;0,0;0,0;0,0;0,0;0,0
