CONCESSIE;QUAYCODE;NAME;TOWN;INSTAP_WERK;UITSTAP_WERK;INSTAP_ZA;UITSTAP_ZA;INSTAP_ZO;UITSTAP_ZO
20;NL:Q:40000090;Station Velperpoort;Arnhem;49,2;38,9;50,6;46,5;18,6;21,4
20;NL:Q:40000110;Hoflaan;Arnhem;28,2;32,1;22,5;14,1;9,9;6,9
20;NL:Q:40000130;Raapopseweg;Arnhem;41,1;38,1;15,6;9,3;7,4;4,3
20;NL:Q:40000150;Huyghenslaan;Arnhem;2,1;4,4;1,4;2,5;0,6;0,8
20;NL:Q:40000190;Vondellaan;Arnhem;1,4;5,5;0,0;0,0;0,0;0,0
20;NL:Q:40000200;Vondellaan;Arnhem;2,6;1,4;0,0;0,0;0,0;0,0
20;NL:Q:40004007;Centraal Station;Arnhem;115,2;0,0;125,5;0,1;53,7;0,0
20;NL:Q:40004010;Centraal Station;Arnhem;5,2;0,2;6,8;0,5;4,8;0,1
20;NL:Q:40004017;Willemsplein;Arnhem;37,5;20,9;58,5;4,0;19,7;2,1
20;NL:Q:40004020;Willemsplein;Arnhem;0,5;32,4;0,8;60,7;0,3;21,6
20;NL:Q:40004022;Velperplein;Arnhem;43,3;4,1;73,1;3,0;27,9;2,7
20;NL:Q:40004023;Velperplein;Arnhem;6,7;42,8;5,7;72,8;3,1;25,4
20;NL:Q:40004416;Centraal Station;Arnhem;0,0;92,7;0,6;106,6;0,1;49,4
20;NL:Q:40004700;Lange Wal;Arnhem;11,5;2,2;20,7;7,2;7,0;0,9
20;NL:Q:40004730;Keulse Slag;Arnhem;7,6;18,0;14,3;52,2;3,5;22,7
20;NL:Q:40004740;Keulse Slag;Arnhem;24,5;7,1;44,6;10,3;18,6;3,3
20;NL:Q:40005330;Station Presikhaaf;Arnhem;1,8;2,6;3,9;5,0;0,9;2,8
20;NL:Q:40005340;Station Presikhaaf;Arnhem;10,1;2,7;16,3;4,6;10,3;1,6
20;NL:Q:40005350;Dongestraat;Arnhem;1,1;5,7;1,9;13,2;0,8;6,0
20;NL:Q:40005360;Dongestraat;Arnhem;2,8;1,0;5,4;1,9;2,2;0,6
20;NL:Q:40006790;Lange Wal;Arnhem;4,1;12,5;9,5;36,7;1,3;13,1
20;NL:Q:40008840;Brekelenkampstraat;Arnhem;2,9;2,0;5,2;1,2;1,7;0,3
20;NL:Q:40120010;Aansluiting A12;Duiven;6,5;1,6;24,3;4,8;11,7;1,8
20;NL:Q:40120030;Hotel De Roskam;Rheden;1,6;0,2;0,0;0,0;0,0;0,0
20;NL:Q:40120050;Beekhuizenseweg;Velp;1,7;1,2;0,0;0,0;0,0;0,0
20;NL:Q:40120060;Beekhuizenseweg;Velp;2,3;2,8;0,0;0,0;0,0;0,0
20;NL:Q:40120250;Nordlaan;Velp;1,5;22,2;0,0;0,0;0,0;0,0
20;NL:Q:40120260;Nordlaan;Velp;9,2;0,9;0,0;0,0;0,0;0,0
20;NL:Q:40120290;Emmastraat;Velp;2,9;9,8;0,0;0,0;0,0;0,0
20;NL:Q:40120300;Emmastraat;Velp;4,4;2,6;0,0;0,0;0,0;0,0
20;NL:Q:40123950;Velperbroek;Velp;3,4;2,8;3,4;10,3;0,8;2,8
20;NL:Q:40123960;Velperbroek;Velp;3,0;9,7;10,2;3,9;2,6;1,2
20;NL:Q:40123990;Waterstraat;Velp;2,2;6,6;2,1;22,0;0,8;7,1
20;NL:Q:40124000;Waterstraat;Velp;5,2;0,7;16,7;1,5;4,2;0,4
20;NL:Q:40124030;Haverland;Velp;0,6;5,3;0,8;14,4;0,6;4,9
20;NL:Q:40124040;Haverland;Velp;2,9;0,6;8,1;0,7;3,1;0,3
20;NL:Q:40124050;Graaf Ottostraat;Velp;0,7;5,8;2,5;15,8;1,0;5,3
20;NL:Q:40124060;Graaf Ottostraat;Velp;4,7;1,1;12,3;2,4;4,4;0,6
20;NL:Q:40124070;Graaf Gerhardstraat;Velp;1,6;6,0;1,1;9,2;0,3;3,2
20;NL:Q:40124080;Graaf Gerhardstraat;Velp;7,0;1,3;7,2;0,8;2,6;0,4
20;NL:Q:40124090;Brekelenkampstraat;Arnhem;1,9;2,5;1,6;6,9;0,5;3,4
20;NL:Q:40551089;J. Fruytierschool;Apeldoorn;15,4;11,0;0,0;0,0;0,0;0,0
20;NL:Q:41220220;Hotel De Roskam;Rheden;0,2;2,0;0,0;0,0;0,0;0,0
20;NL:Q:41220550;Dorpskerk;Rheden;1,4;0,8;0,0;0,0;0,0;0,0
20;NL:Q:41220560;Dorpskerk;Rheden;0,2;2,3;0,0;0,0;0,0;0,0
20;NL:Q:41220570;Oranjeweg;Rheden;1,9;0,4;0,0;0,0;0,0;0,0
20;NL:Q:41220580;Oranjeweg;Rheden;0,6;2,1;0,0;0,0;0,0;0,0
20;NL:Q:41220590;v. Heerdtplein;Rheden;2,2;0,2;0,0;0,0;0,0;0,0
20;NL:Q:41220600;v. Heerdtplein;Rheden;0,2;2,1;0,0;0,0;0,0;0,0
20;NL:Q:41220650;Overweg;Rheden;0,6;0,6;0,0;0,0;0,0;0,0
20;NL:Q:41230010;Groenestraat;Giesbeek;4,3;0,4;6,6;2,0;1,8;0,4
20;NL:Q:41230030;Kerkstraat;Lathum;3,6;1,0;7,1;0,9;2,7;0,1
20;NL:Q:41230040;Kerkstraat;Lathum;0,9;3,5;0,7;7,7;0,4;2,5
20;NL:Q:41230050;Rijderbosweg;Lathum;0,2;0,4;0,4;0,1;0,1;0,0
20;NL:Q:41230060;Rijderbosweg;Lathum;0,1;0,3;0,1;0,8;0,1;0,3
20;NL:Q:41230080;Aansluiting A12;Duiven;1,5;6,6;3,6;26,1;1,6;9,0
20;NL:Q:41270010;Eikenlaan;Kranenburg;0,4;0,2;0,0;0,0;0,0;0,0
20;NL:Q:41270020;Eikenlaan;Kranenburg;0,1;0,0;0,0;0,0;0,0;0,0
20;NL:Q:41270030;Heiligenbeeldenmuseum;Kranenburg;2,1;0,0;0,0;0,0;0,0;0,0
20;NL:Q:41270040;Heiligenbeeldenmuseum;Kranenburg;0,0;2,5;0,0;0,0;0,0;0,0
20;NL:Q:41270060;Medler;Vorden;1,2;1,0;0,0;0,0;0,0;0,0
20;NL:Q:41310030;Centrum;Vorden;0,7;2,6;0,0;0,0;0,0;0,0
20;NL:Q:41310040;Centrum;Vorden;2,3;0,4;0,0;0,0;0,0;0,0
20;NL:Q:41310050;De Horsterkamp Zuid;Vorden;1,7;4,6;0,2;1,0;0,3;0,8
20;NL:Q:41310060;De Horsterkamp Zuid;Vorden;5,1;2,9;1,9;0,5;1,0;0,9
20;NL:Q:41310070;Mispelkampdijk;Vorden;0,1;1,5;0,0;0,0;0,0;0,0
20;NL:Q:41310080;Mispelkampdijk;Vorden;0,8;0,7;0,0;0,0;0,0;0,0
20;NL:Q:41310290;Station Vorden;Vorden;200,8;165,5;78,6;55,2;58,2;50,0
20;NL:Q:41310293;Station Vorden;Vorden;8,4;6,5;0,0;3,6;0,1;1,9
20;NL:Q:41310330;De Bleek;Vorden;0,4;12,8;0,1;6,0;0,0;3,9
20;NL:Q:41310340;De Bleek;Vorden;9,5;1,0;4,1;0,6;3,1;0,6
20;NL:Q:41310400;Netwerkweg;Vorden;0,0;0,1;0,0;0,0;0,0;0,0
20;NL:Q:41310420;Handelsweg;Vorden;0,2;0,1;0,0;0,0;0,0;0,0
20;NL:Q:41310440;Ambachtsweg;Vorden;0,1;0,4;0,0;0,0;0,0;0,0
20;NL:Q:41310460;Spoorpad;Vorden;0,2;0,2;0,0;0,0;0,0;0,0
20;NL:Q:41310480;Dienstenweg;Vorden;0,1;0,2;0,0;0,0;0,0;0,0
20;NL:Q:41310500;Bedrijventerrein;Vorden;0,0;0,0;0,0;0,0;0,0;0,0
20;NL:Q:41310520;De Enk (GGNet);Vorden;0,0;0,2;0,0;0,0;0,0;0,0
20;NL:Q:41310530;De Enk (GGNet);Vorden;0,0;0,0;0,0;0,0;0,0;0,0
20;NL:Q:41330030;Wielbergen;Angerlo;0,1;0,1;0,1;0,0;0,0;0,0
20;NL:Q:41330040;Wielbergen;Angerlo;0,1;0,6;0,0;1,1;0,0;0,5
20;NL:Q:41330050;Bingerdenseweg;Angerlo;0,2;0,0;0,1;0,1;0,2;0,0
20;NL:Q:41330060;Bingerdenseweg;Angerlo;0,2;0,1;0,1;0,1;0,0;0,0
20;NL:Q:41330070;Tutenburgsestraat;Giesbeek;0,4;0,5;0,6;0,3;0,2;0,1
20;NL:Q:41330080;Tutenburgsestraat;Giesbeek;0,2;0,8;0,4;0,7;0,1;0,3
20;NL:Q:41330090;Zwalmstraat;Giesbeek;16,6;17,0;23,2;25,1;8,5;8,1
20;NL:Q:41330120;Groenestraat;Giesbeek;0,8;2,7;0,9;7,5;0,2;2,0
20;NL:Q:41330170;Beumerskamp;Doesburg;4,5;2,1;6,7;2,0;2,0;0,6
20;NL:Q:41400110;Kasteel Hackfort;Vorden;0,3;0,5;0,0;0,0;0,0;0,0
20;NL:Q:41400120;Kasteel Hackfort;Vorden;0,7;0,3;0,0;0,0;0,0;0,0
20;NL:Q:41410030;Gemeentehuis;Hengelo;20,1;27,6;5,5;9,4;6,3;6,0
20;NL:Q:41410040;Gemeentehuis;Hengelo;27,8;22,0;14,8;4,8;7,8;5,1
20;NL:Q:41410150;Van Neck;Hengelo;1,4;17,4;0,6;0,9;0,5;0,5
20;NL:Q:41410160;Van Neck;Hengelo;5,1;1,9;1,0;1,1;0,5;0,9
20;NL:Q:41410190;Vordenseweg;Hengelo;16,6;12,3;7,0;4,3;3,7;2,6
20;NL:Q:41410210;Banninkstraat;Hengelo;19,4;26,9;10,0;12,7;6,4;8,9
20;NL:Q:41410230;Vordenseweg;Hengelo;11,3;15,9;3,6;4,2;3,2;3,2
20;NL:Q:41410250;Banninkstraat;Hengelo;28,9;19,3;16,7;11,1;9,2;8,4
20;NL:Q:41420010;NH Kerk;Drempt;1,8;3,6;1,8;2,0;0,4;0,8
20;NL:Q:41420110;Beinum;Doesburg;6,2;6,4;13,1;3,5;3,3;1,2
20;NL:Q:41420120;Beinum;Doesburg;11,3;5,1;4,3;9,9;0,9;3,4
20;NL:Q:41420130;Potsmaat;Doesburg;2,0;0,9;3,1;0,6;0,9;0,2
20;NL:Q:41420140;Potsmaat;Doesburg;1,8;3,1;1,0;5,7;0,2;1,7
20;NL:Q:41420150;tunnel Angerlo;Doesburg;2,3;2,1;4,2;1,4;1,2;0,3
20;NL:Q:41420160;tunnel Angerlo;Doesburg;3,4;2,1;2,0;3,4;0,4;0,8
20;NL:Q:41420180;Beumerskamp;Doesburg;3,3;4,4;2,7;9,4;0,7;2,4
20;NL:Q:41420210;Kraakselaan;Doesburg;29,8;9,3;13,5;11,3;4,2;3,5
20;NL:Q:41420220;Kraakselaan;Doesburg;8,3;29,8;13,3;12,9;4,8;4,0
20;NL:Q:41420230;Meipoort;Doesburg;10,1;8,9;15,0;8,5;3,9;2,3
20;NL:Q:41420240;Meipoort;Doesburg;12,5;8,2;9,1;14,0;2,2;4,1
20;NL:Q:41420250;Karel Doormansingel;Doesburg;2,2;5,1;0,0;0,0;0,0;0,0
20;NL:Q:41420260;Karel Doormansingel;Doesburg;3,1;2,5;0,0;0,0;0,0;0,0
20;NL:Q:41420270;Koepoortwal;Doesburg;4,0;3,9;0,0;0,0;0,0;0,0
20;NL:Q:41420290;Haven;Doesburg;2,2;2,2;6,8;1,6;1,8;0,6
20;NL:Q:41420300;Haven;Doesburg;1,0;4,1;2,7;10,2;0,2;2,4
20;NL:Q:41430070;Cafe Den Bremer;Toldijk;2,6;2,9;2,6;1,1;0,9;0,7
20;NL:Q:41430110;Zuivelfabriek;Steenderen;0,5;0,3;0,4;0,2;0,4;0,1
20;NL:Q:41430120;Zuivelfabriek;Steenderen;0,4;0,4;0,2;0,4;0,1;0,3
20;NL:Q:41430150;Dorp;Steenderen;16,8;16,5;10,6;6,9;8,8;4,4
20;NL:Q:41430160;Dorp;Steenderen;15,8;15,3;8,3;8,8;4,8;8,0
20;NL:Q:41430170;Aviko;Steenderen;11,6;4,5;8,8;1,1;6,4;0,4
20;NL:Q:41430180;Aviko;Steenderen;5,4;12,9;1,7;9,1;0,5;5,7
20;NL:Q:41470010;Station;Didam;7,5;8,4;0,0;0,0;0,0;0,0
20;NL:Q:41470050;Raadhuisstraat;Didam;1,5;0,3;0,0;0,0;0,0;0,0
20;NL:Q:41470060;Raadhuisstraat;Didam;0,2;1,2;0,0;0,0;0,0;0,0
20;NL:Q:41470070;De Hoevert;Didam;0,7;0,9;0,0;0,0;0,0;0,0
20;NL:Q:41470080;De Hoevert;Didam;1,5;0,5;0,0;0,0;0,0;0,0
20;NL:Q:41470130;De Linde;Didam;1,2;1,5;0,0;0,0;0,0;0,0
20;NL:Q:41470140;De Linde;Didam;2,1;0,5;0,0;0,0;0,0;0,0
20;NL:Q:41470210;Kapelstraat;Loil;0,5;0,3;0,0;0,0;0,0;0,0
20;NL:Q:41470220;Kapelstraat;Loil;0,5;0,4;0,0;0,0;0,0;0,0
20;NL:Q:41471130;Kerk;Didam;0,9;1,7;0,0;0,0;0,0;0,0
20;NL:Q:41471140;Kerk;Didam;2,3;0,4;0,0;0,0;0,0;0,0
20;NL:Q:41480010;Elver;Nieuw-Wehl;0,8;2,7;0,0;0,0;0,0;0,0
20;NL:Q:41480020;Elver;Nieuw-Wehl;2,9;1,8;0,0;0,0;0,0;0,0
20;NL:Q:41490030;Centrum;Wehl;0,1;0,4;0,0;0,0;0,0;0,0
20;NL:Q:41490040;Centrum;Wehl;0,5;0,1;0,0;0,0;0,0;0,0
20;NL:Q:41490050;Station;Wehl;12,3;17,6;0,0;0,0;0,0;0,0
20;NL:Q:41490070;Brandweerkazerne;Wehl;0,1;0,0;0,0;0,0;0,0;0,0
20;NL:Q:41490080;Brandweerkazerne;Wehl;0,1;0,1;0,0;0,0;0,0;0,0
20;NL:Q:41500010;Gelre ziekenhuizen;Zutphen;17,7;19,1;3,4;1,9;2,5;1,7
20;NL:Q:41500020;Gelre ziekenhuizen;Zutphen;19,4;18,5;2,3;2,8;1,8;2,8
20;NL:Q:41500030;Bieshorstlaan;Warnsveld;4,6;6,2;1,8;3,3;0,7;2,1
20;NL:Q:41500050;'t Horseler;Warnsveld;38,0;39,1;17,6;21,5;11,0;13,0
20;NL:Q:41500060;'t Horseler;Warnsveld;1,1;0,1;0,0;0,0;0,0;0,0
20;NL:Q:41500070;GGNet;Warnsveld;0,3;0,5;0,2;0,3;0,2;0,7
20;NL:Q:41500090;Winkelcentrum Dreiumme;Warnsveld;28,8;6,8;19,0;4,3;11,0;3,1
20;NL:Q:41500151;Havepad;Warnsveld;11,3;14,8;6,1;9,8;3,8;7,9
20;NL:Q:41500160;Overkamp;Warnsveld;75,0;73,8;29,8;29,5;20,7;21,4
20;NL:Q:41500170;Overkamp;Warnsveld;0,6;0,0;0,0;0,0;0,0;0,0
20;NL:Q:41500180;Oude Begraafplaats;Zutphen;9,8;14,0;5,2;11,9;4,5;8,5
20;NL:Q:41500190;Ooyerhoekseweg;Warnsveld;2,4;9,8;0,2;3,0;0,2;2,3
20;NL:Q:41500200;Ooyerhoekseweg;Warnsveld;10,2;2,9;2,5;0,5;1,8;0,3
20;NL:Q:41500251;Rhienderinklaan;Warnsveld;1,1;1,6;0,0;0,0;0,0;0,0
20;NL:Q:41500261;Rhienderinklaan;Warnsveld;1,7;1,2;0,4;0,2;0,3;0,1
20;NL:Q:41500270;Den Bouw;Warnsveld;2,5;0,2;0,0;0,0;0,0;0,0
20;NL:Q:41500280;Den Bouw;Warnsveld;0,5;1,6;0,0;0,0;0,0;0,0
20;NL:Q:41500310;Martinuskerk;Warnsveld;1,2;1,6;0,0;0,0;0,0;0,0
20;NL:Q:41500320;Martinuskerk;Warnsveld;0,8;2,5;0,0;0,0;0,0;0,0
20;NL:Q:41500450;Winkelcentrum Dreiumme;Warnsveld;3,4;39,5;1,5;27,3;0,9;15,3
20;NL:Q:41500470;Welgelegen;Warnsveld;20,6;4,0;8,2;1,2;5,5;0,8
20;NL:Q:41500480;Welgelegen;Warnsveld;4,6;21,8;1,4;11,9;0,9;8,0
20;NL:Q:41500550;Kerkpad;Warnsveld;9,9;9,7;0,1;0,0;0,0;0,0
20;NL:Q:41500560;Kerkpad;Warnsveld;11,7;10,3;2,2;0,4;1,7;0,3
20;NL:Q:41501010;De Groene Jager;Wichmond;0,9;0,4;0,7;0,1;0,8;0,0
20;NL:Q:41501100;De Vlieg;Vierakker;0,1;0,8;0,0;0,0;0,0;0,0
20;NL:Q:41501425;Kerkhofweg/GGNet;Warnsveld;0,0;0,0;0,0;0,0;0,0;0,1
20;NL:Q:41501430;Winkelcentrum Dreiumme;Warnsveld;1,2;1,8;0,0;0,0;0,0;0,0
20;NL:Q:41501440;Winkelcentrum Dreiumme;Warnsveld;12,4;8,0;6,4;3,5;4,3;2,2
20;NL:Q:41501450;Klooster;Warnsveld;20,7;19,7;16,6;12,5;10,7;9,2
20;NL:Q:41501460;Klooster;Warnsveld;14,5;4,0;4,9;1,0;3,9;1,2
20;NL:Q:41501470;Leesten;Warnsveld;12,8;21,8;3,0;7,4;2,6;6,4
20;NL:Q:41501480;Leesten;Warnsveld;23,1;11,5;10,9;2,5;6,9;2,2
20;NL:Q:41503001;Gelderhorst;Zutphen;3,3;0,3;0,0;0,0;0,0;0,0
20;NL:Q:41503010;Den Elter;Zutphen;0,1;0,3;0,2;0,1;0,3;0,1
20;NL:Q:41504001;Gelderhorst;Zutphen;0,2;4,9;0,0;0,0;0,0;0,0
20;NL:Q:41504060;Den Elter;Zutphen;0,3;0,2;0,1;0,4;0,0;0,2
20;NL:Q:41504070;Bronsbergen;Zutphen;2,8;1,6;0,9;0,6;0,5;0,4
20;NL:Q:41504080;Bronsbergen;Zutphen;1,4;2,7;0,6;1,7;0,2;0,6
20;NL:Q:41504090;Revelhorst;Zutphen;1,3;6,6;0,7;5,0;0,8;4,0
20;NL:Q:41504100;Revelhorst;Zutphen;4,6;1,2;4,4;0,6;3,8;0,7
20;NL:Q:41509030;Prins Bernhardlaan;Zutphen;2,1;1,1;0,0;0,0;0,0;0,0
20;NL:Q:41509040;Prins Bernhardlaan;Zutphen;0,9;2,9;0,3;0,2;0,3;0,7
20;NL:Q:41510180;Keijenborg;Bronckhorst;7,8;11,6;2,6;4,5;2,2;3,3
20;NL:Q:41510190;Keijenborg;Bronckhorst;11,1;8,5;6,8;3,5;3,8;2,2
20;NL:Q:41520010;Manege;Laag-Keppel;0,6;0,2;0,2;0,3;0,4;0,1
20;NL:Q:41520030;Gouden Leeuw;Laag-Keppel;1,7;1,3;1,2;1,1;0,4;0,2
20;NL:Q:41520040;Gouden Leeuw;Laag-Keppel;0,7;1,4;0,7;1,2;0,3;0,5
20;NL:Q:41520050;Brede school;Hummelo;3,5;0,8;1,3;1,0;1,2;0,4
20;NL:Q:41520060;Brede school;Hummelo;0,6;3,2;0,9;1,8;0,4;1,4
20;NL:Q:41520110;Zelhemseweg;Hummelo;7,9;3,0;5,3;2,3;3,3;1,6
20;NL:Q:41520120;Zelhemseweg;Hummelo;2,8;7,7;1,5;4,4;2,1;2,8
20;NL:Q:41520210;'t Smaaleke;Laag-Keppel;0,2;0,1;0,1;0,2;0,1;0,0
20;NL:Q:41520220;'t Smaaleke;Laag-Keppel;0,3;0,5;0,5;0,5;0,1;0,1
20;NL:Q:41520230;Weg naar Hoog-Keppel;Hoog Keppel;0,5;1,1;0,5;0,9;0,1;0,3
20;NL:Q:41520240;Weg naar Hoog-Keppel;Hoog Keppel;0,9;0,5;0,8;0,3;0,2;0,0
20;NL:Q:41520250;Burg. Vrijlandweg;Hoog Keppel;0,6;0,4;0,4;0,1;0,2;0,1
20;NL:Q:41520260;Burg. Vrijlandweg;Hoog Keppel;0,5;0,7;0,2;0,6;0,1;0,1
20;NL:Q:41520270;De Braamberg;Drempt;2,8;4,6;2,9;2,8;1,2;1,8
20;NL:Q:41520280;De Braamberg;Drempt;6,4;2,7;4,4;2,8;0,9;0,6
20;NL:Q:41530030;Covik;Baak;1,9;0,9;1,3;0,3;0,6;0,1
20;NL:Q:41530040;Covik;Baak;0,9;2,0;0,1;1,5;0,1;0,9
20;NL:Q:41530070;Dorp;Baak;14,0;4,0;6,8;1,4;6,1;0,9
20;NL:Q:41530080;Dorp;Baak;4,2;13,2;1,9;6,4;1,4;5,4
20;NL:Q:41530120;De Groene Jager;Wichmond;0,2;0,5;0,0;0,6;0,0;0,3
20;NL:Q:41530150;Hackforterweg;Wichmond;0,3;1,9;0,0;0,0;0,0;0,0
20;NL:Q:41530160;Hackforterweg;Wichmond;2,0;0,7;0,0;0,0;0,0;0,0
20;NL:Q:41530170;De Vlieg;Vierakker;1,4;0,2;0,0;0,0;0,0;0,0
20;NL:Q:41530180;Van den Brink;Wichmond;0,3;0,2;0,0;0,0;0,0;0,0
20;NL:Q:41530200;Dorpsstraat;Wichmond;2,8;0,7;0,0;0,0;0,0;0,0
20;NL:Q:41530210;Dorpsstraat;Wichmond;0,5;1,9;0,0;0,0;0,0;0,0
20;NL:Q:41580001;Pater Smitsstraat;Didam;1,1;0,0;0,0;0,0;0,0;0,0
20;NL:Q:41580002;Pater Smitsstraat;Didam;0,0;1,2;0,0;0,0;0,0;0,0
20;NL:Q:41610070;Waarlo;Zelhem;6,6;3,1;1,2;1,2;1,8;1,1
20;NL:Q:41610080;Waarlo;Zelhem;3,4;6,8;1,0;2,1;1,0;0,9
20;NL:Q:41610090;Suselbeek;Velswijk;3,7;5,0;1,5;1,9;2,0;1,2
20;NL:Q:41610100;Suselbeek;Velswijk;5,5;4,4;2,3;2,1;1,4;1,6
20;NL:Q:41620010;Den Ooiman;Doetinchem;4,9;5,4;2,3;1,7;0,8;1,1
20;NL:Q:41620030;IJzergieterij;Langerak;0,9;1,1;0,6;0,4;0,3;0,2
20;NL:Q:41620040;IJzergieterij;Langerak;0,8;0,7;0,4;0,4;0,2;0,2
20;NL:Q:41620060;Manege;Laag-Keppel;0,2;0,6;0,2;0,5;0,2;0,5
20;NL:Q:41640030;Van der Capellenlaan;Zutphen;8,6;12,9;3,2;6,8;2,0;3,6
20;NL:Q:41640040;Van der Capellenlaan;Zutphen;10,3;9,7;5,8;5,3;3,5;4,2
20;NL:Q:41640050;Weg naar Laren;Zutphen;4,8;4,3;2,4;1,9;1,3;1,0
20;NL:Q:41640060;Weg naar Laren;Zutphen;6,6;6,9;3,3;4,2;2,6;2,3
20;NL:Q:41640070;Coehoornsingel;Zutphen;0,2;1,2;0,1;0,7;0,1;0,3
20;NL:Q:41640080;Coehoornsingel;Zutphen;1,0;0,8;0,2;0,2;0,2;0,3
20;NL:Q:41640090;'s-Heerensteen;Zutphen;3,2;2,1;1,2;0,4;0,5;0,2
20;NL:Q:41640091;'s-Heerensteen;Zutphen;1,3;2,8;0,3;1,2;0,2;0,4
20;NL:Q:41640110;Berkelsingel;Zutphen;0,6;30,0;0,4;13,6;0,3;9,3
20;NL:Q:41640120;Berkelsingel;Zutphen;10,6;0,9;4,7;0,6;3,5;0,6
20;NL:Q:41640130;Rijkenhage;Zutphen;4,0;108,7;2,0;92,0;0,6;37,2
20;NL:Q:41640140;Rijkenhage;Zutphen;75,7;3,7;60,7;1,9;24,4;1,6
20;NL:Q:41640170;Busstation;Zutphen;207,1;0,4;121,9;0,2;88,0;0,5
20;NL:Q:41640171;Busstation;Zutphen;150,0;1,2;54,1;1,7;35,7;2,4
20;NL:Q:41640172;Busstation;Zutphen;181,4;0,4;62,5;0,5;47,3;0,1
20;NL:Q:41640173;Busstation;Zutphen;34,6;1,2;0,0;0,0;0,0;0,0
20;NL:Q:41640174;Busstation;Zutphen;0,7;716,3;0,9;269,7;0,2;199,6
20;NL:Q:41640176;Busstation;Zutphen;209,3;0,4;106,7;0,7;76,2;0,1
20;NL:Q:41640200;Dr. Bosstraat;Zutphen;42,6;2,8;18,0;1,0;11,6;0,6
20;NL:Q:41640210;Dr. Bosstraat;Zutphen;3,5;47,4;1,2;19,9;0,7;13,7
20;NL:Q:41640221;Thorbeckesingel;Zutphen;0,0;0,0;0,0;0,0;0,0;0,0
20;NL:Q:41640231;Thorbeckesingel;Zutphen;27,9;20,9;14,9;12,1;7,7;7,9
20;NL:Q:41640330;IJsselflat;Zutphen;31,6;29,3;3,3;2,2;1,3;1,4
20;NL:Q:41640340;De Waarden;Zutphen;0,0;0,0;0,0;0,0;0,0;0,0
20;NL:Q:41640350;De Waarden;Zutphen;10,8;9,6;6,2;6,5;4,0;4,4
20;NL:Q:41640360;Weerdslag 100-193;Zutphen;0,0;0,0;0,0;0,0;0,0;0,0
20;NL:Q:41640370;Weerdslag 100-193;Zutphen;18,9;18,2;11,4;11,4;7,9;7,7
20;NL:Q:41640380;De Brink;Zutphen;0,0;0,0;0,0;0,0;0,0;0,0
20;NL:Q:41640390;De Brink;Zutphen;14,7;23,7;11,8;18,2;6,3;8,2
20;NL:Q:41640400;Braamkamp;Zutphen;0,0;0,0;0,0;0,1;0,0;0,1
20;NL:Q:41640410;Braamkamp;Zutphen;21,4;20,2;8,7;9,8;5,9;6,8
20;NL:Q:41640420;Tichelkuilen;Zutphen;0,0;0,0;0,0;0,1;0,1;0,1
20;NL:Q:41640430;Tichelkuilen;Zutphen;27,0;29,9;20,9;23,0;12,3;14,2
20;NL:Q:41640570;Arnold Kaldenbachstraat;Zutphen;4,6;28,6;0,9;11,8;0,9;8,4
20;NL:Q:41640580;Arnold Kaldenbachstraat;Zutphen;26,0;2,8;10,2;1,0;5,1;0,7
20;NL:Q:41642010;Oude Begraafplaats;Zutphen;12,5;8,7;9,4;3,3;5,6;4,0
20;NL:Q:41642030;Watertoren;Zutphen;17,3;8,0;9,8;4,6;7,2;3,7
20;NL:Q:41642040;Watertoren;Zutphen;6,0;14,0;2,4;7,3;1,8;5,2
20;NL:Q:41680010;Didamseweg;Beek;0,3;0,3;0,0;0,0;0,0;0,0
20;NL:Q:41680020;Didamseweg;Beek;0,0;0,3;0,0;0,0;0,0;0,0
20;NL:Q:41680030;'t Heuveltje;Beek;0,7;1,8;0,0;0,0;0,0;0,0
20;NL:Q:41680040;'t Heuveltje;Beek;2,7;0,5;0,0;0,0;0,0;0,0
20;NL:Q:41680050;Kerk;Beek;2,5;2,4;0,0;0,0;0,0;0,0
20;NL:Q:41680070;'t Peeske;Beek;0,1;0,4;0,0;0,0;0,0;0,0
20;NL:Q:41680080;'t Peeske;Beek;0,8;0,1;0,0;0,0;0,0;0,0
20;NL:Q:41720030;Zelhemseweg;Doetinchem;5,4;24,4;2,4;11,7;2,4;7,9
20;NL:Q:41720040;Zelhemseweg;Doetinchem;28,5;4,8;16,3;2,6;10,3;1,7
20;NL:Q:41720190;Rozengaardseweg;Doetinchem;29,2;43,2;5,1;3,6;3,3;3,2
20;NL:Q:41720200;Rozengaardseweg;Doetinchem;39,3;51,2;2,7;13,9;1,6;5,7
20;NL:Q:41720210;Raadhuisstraat;Doetinchem;73,1;28,9;20,4;6,6;11,3;3,7
20;NL:Q:41720220;Raadhuisstraat;Doetinchem;20,6;58,0;4,0;31,8;2,5;13,6
20;NL:Q:41720230;Centrum;Doetinchem;55,9;12,6;35,9;9,5;15,0;5,4
20;NL:Q:41720240;Centrum;Doetinchem;9,2;61,2;5,4;43,9;3,4;16,9
20;NL:Q:41720252;Station;Doetinchem;22,9;1498,3;0,5;443,3;0,2;290,8
20;NL:Q:41720410;Eduard Schilderinkstraat;Doetinchem;22,7;3,0;12,3;1,5;7,3;1,4
20;NL:Q:41720420;Eduard Schilderinkstraat;Doetinchem;3,4;24,4;1,6;10,4;1,4;6,3
20;NL:Q:41720430;Burg. Kehrerstraat;Doetinchem;10,4;4,1;2,6;1,0;1,7;0,8
20;NL:Q:41720440;Burg. Kehrerstraat;Doetinchem;4,2;9,0;0,9;2,4;0,9;1,5
20;NL:Q:41720450;Klompenfabriek;Doetinchem;15,4;18,0;2,3;3,3;1,1;2,1
20;NL:Q:41720460;Klompenfabriek;Doetinchem;15,7;15,7;3,0;2,2;1,8;1,2
20;NL:Q:41720470;Graafschap College;Doetinchem;145,4;177,0;6,0;1,0;3,9;0,5
20;NL:Q:41720480;Graafschap College;Doetinchem;184,0;203,3;0,8;5,5;0,4;3,4
20;NL:Q:41720570;;;0,0;0,0;0,0;0,0;0,0;0,0
20;NL:Q:41720580;Wijnbergsebrug;Doetinchem;1,6;8,9;0,1;1,5;0,0;0,7
20;NL:Q:41720590;Wijnbergsebrug;Doetinchem;3,6;3,8;1,3;0,8;0,4;0,4
20;NL:Q:41720650;Sportpark Zuid;Doetinchem;12,7;12,0;0,0;0,0;0,0;0,0
20;NL:Q:41720670;Zuivelweg;Doetinchem;7,2;3,7;0,0;0,0;0,0;0,0
20;NL:Q:41720680;Zuivelweg;Doetinchem;2,2;7,8;0,0;0,0;0,0;0,0
20;NL:Q:41721050;Watertoren;Doetinchem;29,1;26,9;6,2;10,7;5,2;5,7
20;NL:Q:41721060;Watertoren;Doetinchem;13,2;53,2;0,0;0,0;0,0;0,0
20;NL:Q:41721100;Station;Doetinchem;261,3;0,2;71,8;0,3;51,5;0,2
20;NL:Q:41721101;Station;Doetinchem;1000,7;2,2;140,5;0,4;101,5;0,2
20;NL:Q:41721102;Station;Doetinchem;317,7;5,8;60,9;0,2;43,4;0,2
20;NL:Q:41721103;Station;Doetinchem;9,8;0,3;0,0;0,0;0,0;0,0
20;NL:Q:41721104;Station;Doetinchem;63,6;0,1;165,0;0,4;99,2;0,0
20;NL:Q:41721110;Gemeentehuis;Doetinchem;113,8;29,2;35,1;13,4;19,5;5,7
20;NL:Q:41721120;Gemeentehuis;Doetinchem;27,3;120,1;9,1;45,8;4,2;20,6
20;NL:Q:41721130;2e Loolaan;Doetinchem;38,2;83,1;6,9;1,9;3,8;1,1
20;NL:Q:41721140;2e Loolaan;Doetinchem;80,0;69,9;2,0;8,0;1,4;3,3
20;NL:Q:41721160;Den Ooiman;Doetinchem;5,7;5,6;1,8;2,0;1,0;0,8
20;NL:Q:41723030;Loolaan;Doetinchem;18,1;11,8;3,9;2,6;2,5;2,2
20;NL:Q:41723040;Loolaan;Doetinchem;15,3;24,2;1,9;6,2;1,4;3,3
20;NL:Q:41723050;Slingeland Ziekenhuis;Doetinchem;20,9;38,9;5,3;7,9;4,8;4,8
20;NL:Q:41723060;Slingeland Ziekenhuis;Doetinchem;35,5;19,9;8,3;3,9;6,9;3,8
20;NL:Q:41723110;Kruisberg;Doetinchem;32,9;13,0;7,1;4,5;5,4;2,6
20;NL:Q:41723120;Kruisberg;Doetinchem;12,2;32,9;4,4;7,7;3,4;3,9
20;NL:Q:41723630;Bedrijventerrein;Doetinchem;2,0;16,7;0,1;1,0;0,1;0,2
20;NL:Q:41723640;Bedrijventerrein;Doetinchem;12,1;2,9;0,6;0,5;0,1;0,2
20;NL:Q:41723650;Woonboulevard;Doetinchem;3,6;13,6;1,9;1,9;1,2;0,8
20;NL:Q:41723660;Woonboulevard;Doetinchem;10,3;2,7;1,4;1,8;0,9;0,9
20;NL:Q:41730030;Tolbrug;Toldijk;1,3;1,2;0,4;0,4;0,3;0,4
20;NL:Q:41730040;Tolbrug;Toldijk;1,3;1,1;0,4;0,3;0,2;0,3
20;NL:Q:41730050;Lamstraat;Toldijk;0,7;0,8;0,3;0,1;0,4;0,1
20;NL:Q:41730060;Lamstraat;Toldijk;0,6;0,9;0,1;0,5;0,1;0,5
20;NL:Q:41730070;Zonnebrug;Toldijk;0,6;0,4;0,4;0,0;0,4;0,0
20;NL:Q:41730080;Zonnebrug;Toldijk;0,5;0,4;0,0;0,4;0,1;0,2
20;NL:Q:41730100;Cafe Den Bremer;Toldijk;2,8;2,6;1,5;1,9;0,8;1,4
20;NL:Q:41740010;Rustoordlaan;Eefde;10,5;6,8;4,0;3,8;2,8;2,8
20;NL:Q:41740020;Rustoordlaan;Eefde;7,2;12,1;4,1;7,1;2,4;4,4
20;NL:Q:41740030;Het Spijk;Eefde;7,7;6,4;6,2;4,7;3,7;3,7
20;NL:Q:41740031;Het Spijk;Eefde;6,7;7,2;4,5;5,2;3,3;3,1
20;NL:Q:41740050;Het Hart;Eefde;25,3;16,4;11,4;8,4;7,8;6,2
20;NL:Q:41740060;Het Hart;Eefde;17,1;24,4;11,2;11,8;6,5;8,3
20;NL:Q:41740070;Teenkweg;Eefde;7,0;6,6;3,9;3,5;1,5;2,7
20;NL:Q:41740080;Teenkweg;Eefde;6,8;7,3;4,1;3,7;3,4;1,9
20;NL:Q:41740110;Vredenhof;Eefde;0,6;1,1;0,3;1,3;0,2;0,8
20;NL:Q:41740120;Vredenhof;Eefde;1,3;0,6;1,3;0,7;0,6;0,3
20;NL:Q:41740130;Quatre Bras;Eefde;2,5;2,8;0,9;1,3;0,6;1,3
20;NL:Q:41740140;Quatre Bras;Eefde;2,6;2,8;1,6;1,7;1,2;1,1
20;NL:Q:41740150;Kerkhof;Gorssel;1,5;1,9;0,7;0,9;1,4;1,6
20;NL:Q:41770010;Vunderingweg;Almen;0,8;0,5;0,2;0,8;0,2;0,0
20;NL:Q:41770030;Almense Brug;Almen;2,6;0,2;0,8;0,4;0,2;0,2
20;NL:Q:41770040;Almense Brug;Almen;0,3;2,6;0,0;0,0;0,0;0,0
20;NL:Q:41770070;Het Mastler;Eefde;4,3;0,1;1,7;0,4;1,3;0,4
20;NL:Q:41770080;Het Mastler;Eefde;0,1;3,8;0,0;0,0;0,0;0,0
20;NL:Q:41770090;De Uitrusting;Eefde;1,1;0,5;0,2;0,3;0,2;0,1
20;NL:Q:41770100;De Uitrusting;Eefde;0,4;1,3;0,0;0,0;0,0;0,0
20;NL:Q:41780010;Hoofdstraat;Kilder;0,0;0,6;0,0;0,0;0,0;0,0
20;NL:Q:41780020;Hoofdstraat;Kilder;0,8;0,3;0,0;0,0;0,0;0,0
20;NL:Q:41780030;Dorp;Kilder;0,0;0,4;0,0;0,0;0,0;0,0
20;NL:Q:41780040;Dorp;Kilder;0,4;0,1;0,0;0,0;0,0;0,0
20;NL:Q:41790030;Busstation;'s-Heerenberg;109,5;110,6;58,2;45,8;34,1;31,3
20;NL:Q:41790070;Busstation;'s-Heerenberg;13,2;0,1;0,0;0,0;0,0;0,0
20;NL:Q:41790100;Hangaarts;'s-Heerenberg;12,6;81,3;3,4;32,1;2,4;22,6
20;NL:Q:41790110;Hangaarts;'s-Heerenberg;59,7;3,9;28,3;3,9;16,1;2,2
20;NL:Q:41790130;Tolhuis;Zeddam;2,4;6,2;1,1;2,4;1,2;2,0
20;NL:Q:41790140;Tolhuis;Zeddam;6,5;2,0;3,8;2,3;2,0;1,1
20;NL:Q:41790150;Hertenkamp;Zeddam;4,9;24,7;7,4;18,3;4,1;13,9
20;NL:Q:41790160;Hertenkamp;Zeddam;23,3;4,7;20,9;5,3;11,3;3,6
20;NL:Q:41790190;Kilderseweg;Zeddam;1,0;5,6;4,2;8,5;2,2;6,2
20;NL:Q:41790200;Kilderseweg;Zeddam;3,7;1,1;8,1;5,2;5,0;2,1
20;NL:Q:41796010;Dorp;Stokkum;0,8;2,4;0,0;0,0;0,0;0,0
20;NL:Q:41796020;Dorp;Stokkum;2,9;0,5;0,0;0,0;0,0;0,0
20;NL:Q:41796030;Slotlaan;'s-Heerenberg;1,1;0,0;0,0;0,0;0,0;0,0
20;NL:Q:41796040;Slotlaan;'s-Heerenberg;0,0;0,1;0,0;0,0;0,0;0,0
20;NL:Q:41796050;'t Goor;'s-Heerenberg;1,3;0,2;0,0;0,0;0,0;0,0
20;NL:Q:41796060;'t Goor;'s-Heerenberg;0,1;1,3;0,0;0,0;0,0;0,0
20;NL:Q:41796070;De Kapelhoek;'s-Heerenberg;1,8;0,1;0,0;0,0;0,0;0,0
20;NL:Q:41796080;De Kapelhoek;'s-Heerenberg;1,3;4,6;0,0;0,0;0,0;0,0
20;NL:Q:41796110;Lange Heg;Stokkum;0,1;0,4;0,0;0,0;0,0;0,0
20;NL:Q:41796120;Lange Heg;Stokkum;0,1;0,1;0,0;0,0;0,0;0,0
20;NL:Q:41800070;Kasteel Slangenburg;Slangenburg;1,5;1,0;0,0;0,0;0,0;0,0
20;NL:Q:41800080;Kasteel Slangenburg;Slangenburg;1,0;2,0;0,0;0,0;0,0;0,0
20;NL:Q:41820010;De Hamaker;Terborg;0,6;4,2;0,0;0,0;0,0;0,0
20;NL:Q:41820030;Cafe Hartjes;Gaanderen;1,3;6,8;0,0;0,0;0,0;0,0
20;NL:Q:41820040;Cafe Hartjes;Gaanderen;5,0;1,5;0,0;0,0;0,0;0,0
20;NL:Q:41820050;Winkelcentrum;Gaanderen;1,2;5,5;0,0;0,0;0,0;0,0
20;NL:Q:41820060;Winkelcentrum;Gaanderen;5,3;1,5;0,0;0,0;0,0;0,0
20;NL:Q:41820070;Slakweg;Gaanderen;3,5;0,3;0,0;0,0;0,0;0,0
20;NL:Q:41820080;Slakweg;Gaanderen;0,0;3,7;0,0;0,0;0,0;0,0
20;NL:Q:41820090;De Pol;Doetinchem;0,5;0,1;0,0;0,0;0,0;0,0
20;NL:Q:41820100;De Pol;Doetinchem;0,3;0,5;0,0;0,0;0,0;0,0
20;NL:Q:41820130;McDonald's;Doetinchem;18,9;11,1;5,7;8,7;4,0;5,8
20;NL:Q:41820140;McDonald's;Doetinchem;14,8;21,8;7,1;8,1;5,2;4,9
20;NL:Q:41870030;Hogenkampsweg;Almen;0,0;0,0;1,8;1,2;2,7;1,9
20;NL:Q:41870070;Groot Have;Almen;0,0;0,0;0,0;0,1;0,0;0,4
20;NL:Q:41870090;De Hoofdige Boer;Almen;4,1;1,0;2,7;1,2;2,3;1,9
20;NL:Q:41870100;De Hoofdige Boer;Almen;0,8;3,9;0,0;0,0;0,0;0,0
20;NL:Q:41870110;Van Wassenaerlaan;Almen;8,0;0,7;2,8;1,5;1,3;0,4
20;NL:Q:41870120;Van Wassenaerlaan;Almen;0,9;7,3;0,0;0,0;0,0;0,0
20;NL:Q:41870140;Vunderingweg;Almen;0,5;0,7;0,0;0,0;0,0;0,0
20;NL:Q:41880010;Laakweg;Azewijn;1,1;0,9;0,0;0,0;0,0;0,0
20;NL:Q:41880020;Laakweg;Azewijn;2,0;1,0;0,0;0,0;0,0;0,0
20;NL:Q:41890050;Buiting;Braamt;1,9;11,1;1,7;9,4;0,8;5,6
20;NL:Q:41890060;Buiting;Braamt;11,1;2,0;13,6;1,9;13,5;0,9
20;NL:Q:41890090;Stroombroek;Wijnbergen;1,9;9,2;2,0;6,9;0,7;4,5
20;NL:Q:41890100;Stroombroek;Wijnbergen;7,4;1,1;5,3;1,9;7,1;1,0
20;NL:Q:41900050;Boesvelderdijk;Westendorp;6,0;4,4;0,0;0,0;0,0;0,0
20;NL:Q:41900060;Boesvelderdijk;Westendorp;4,3;5,9;0,0;0,0;0,0;0,0
20;NL:Q:41910070;Markt;Zelhem;45,7;13,4;26,0;5,7;14,6;3,0
20;NL:Q:41910080;Markt;Zelhem;15,4;48,5;9,0;27,5;7,8;19,5
20;NL:Q:41910110;Stikkenweg;Zelhem;7,5;22,9;1,1;8,8;1,0;5,6
20;NL:Q:41910120;Stikkenweg;Zelhem;23,1;7,3;9,8;1,5;6,3;0,8
20;NL:Q:41910150;Schildersoord;Zelhem;4,8;11,2;1,4;4,0;1,4;4,1
20;NL:Q:41910160;Schildersoord;Zelhem;12,6;3,8;4,8;1,1;3,9;0,6
20;NL:Q:41911010;Kerkwijk;Zelhem;0,2;0,0;0,0;0,0;0,0;0,0
20;NL:Q:41911020;Kerkwijk;Zelhem;0,0;0,5;0,0;0,0;0,0;0,0
20;NL:Q:41911090;Dennenhoeve;Zelhem;0,0;0,0;0,0;0,0;0,0;0,0
20;NL:Q:41911100;Dennenhoeve;Zelhem;0,0;0,1;0,0;0,0;0,0;0,0
20;NL:Q:41911110;De Betteld;Zelhem;0,0;0,1;0,0;0,0;0,0;0,0
20;NL:Q:41911120;De Betteld;Zelhem;0,0;0,0;0,0;0,0;0,0;0,0
20;NL:Q:41920050;Slingerparallel;Etten;15,2;3,9;4,9;1,7;3,2;0,9
20;NL:Q:41920060;Slingerparallel;Etten;3,6;15,6;1,4;4,5;1,0;2,6
20;NL:Q:41920090;Ulftsestraat;Terborg/Silvolde;0,1;0,1;0,0;0,0;0,0;0,0
20;NL:Q:41920100;Ulftsestraat;Terborg/Silvolde;0,2;0,1;0,0;0,0;0,0;0,0
20;NL:Q:41920210;De Schuylenburgh;Silvolde;1,5;1,2;0,0;0,0;0,0;0,0
20;NL:Q:41920250;Galgenberg;Silvolde;0,1;0,6;0,0;0,0;0,0;0,0
20;NL:Q:41920260;Galgenberg;Silvolde;0,8;0,1;0,0;0,0;0,0;0,0
20;NL:Q:41920270;Roomberg;Silvolde;0,1;0,6;0,0;0,0;0,0;0,0
20;NL:Q:41920280;Roomberg;Silvolde;0,2;0,1;0,0;0,0;0,0;0,0
20;NL:Q:41920290;Markt;Silvolde;1,0;0,3;0,0;0,0;0,0;0,0
20;NL:Q:41920300;Markt;Silvolde;0,5;0,8;0,0;0,0;0,0;0,0
20;NL:Q:41920310;De Lovink;Terborg;5,1;3,5;0,0;0,0;0,0;0,0
20;NL:Q:41920320;De Lovink;Terborg;3,4;4,9;0,0;0,0;0,0;0,0
20;NL:Q:41920330;Politiebureau;Terborg;0,6;1,4;0,0;0,0;0,0;0,0
20;NL:Q:41920340;Politiebureau;Terborg;0,3;1,2;0,0;0,0;0,0;0,0
20;NL:Q:41920350;Station Terborg;Terborg;11,4;43,3;0,0;0,0;0,0;0,0
20;NL:Q:41920352;Station Terborg;Terborg;38,1;10,6;0,0;0,0;0,0;0,0
20;NL:Q:41920360;Kerk;Terborg;1,2;0,1;0,0;0,0;0,0;0,0
20;NL:Q:41920370;Kerk;Terborg;0,2;1,9;0,0;0,0;0,0;0,0
20;NL:Q:41920380;Antonia;Terborg;0,4;1,1;0,0;0,0;0,0;0,0
20;NL:Q:41920400;De Kameleon;Terborg;0,3;0,2;0,0;0,0;0,0;0,0
20;NL:Q:41920410;De Kameleon;Terborg;0,1;0,5;0,0;0,0;0,0;0,0
20;NL:Q:41920420;De Hamaker;Terborg;1,8;1,2;0,0;0,0;0,0;0,0
20;NL:Q:41920470;De Belterman;Silvolde;1,7;27,8;0,0;0,0;0,0;0,0
20;NL:Q:41920480;De Belterman;Silvolde;30,2;2,4;0,0;0,0;0,0;0,0
20;NL:Q:41920500;Doctor Dreesstraat;Silvolde;9,7;1,8;0,0;0,0;0,0;0,0
20;NL:Q:41920520;Doctor Dreesstraat;Silvolde;1,5;9,1;0,0;0,0;0,0;0,0
20;NL:Q:41920600;Terborgseveld;Silvolde;0,0;0,2;0,0;0,0;0,0;0,0
20;NL:Q:41970050;Dorpsstraat;Laren;17,7;7,2;0,0;0,0;0,0;0,0
20;NL:Q:41970060;Dorpsstraat;Laren;9,6;23,0;5,6;7,4;5,3;5,0
20;NL:Q:41970090;Maalderij Jansen;Laren;3,7;0,5;0,0;0,0;0,0;0,0
20;NL:Q:41970100;Maalderij Jansen;Laren;0,6;3,5;0,7;0,9;0,5;0,3
20;NL:Q:41970150;Rossweg;Laren;0,0;0,0;0,2;0,2;0,3;0,2
20;NL:Q:41972000;Markeloseweg;Laren;0,0;0,0;0,0;0,0;0,0;0,0
20;NL:Q:42020030;Almende College;Ulft;0,0;0,1;0,0;0,0;0,0;0,0
20;NL:Q:42020050;Berghseweg;Ulft;52,9;1,3;18,6;0,9;12,1;0,6
20;NL:Q:42020060;Berghseweg;Ulft;1,4;48,6;1,2;15,8;0,6;9,8
20;NL:Q:42020070;Debbeshoek;Ulft;55,7;7,4;23,7;5,2;15,2;3,8
20;NL:Q:42020080;Debbeshoek;Ulft;7,9;57,1;5,9;20,7;3,0;13,7
20;NL:Q:42020090;DRU Industriepark;Ulft;4,7;55,8;23,7;25,5;13,3;12,9
20;NL:Q:42020100;DRU Industriepark;Ulft;51,4;2,6;0,0;0,0;0,0;0,0
20;NL:Q:42020110;Thorbeckestraat;Ulft;13,7;0,8;6,0;0,3;2,8;0,1
20;NL:Q:42020120;Thorbeckestraat;Ulft;0,6;14,3;0,7;6,7;0,2;3,0
20;NL:Q:42020130;Kerk Ulft Noord;Ulft;24,3;1,2;10,4;1,1;6,7;0,8
20;NL:Q:42020140;Kerk Ulft Noord;Ulft;1,1;26,2;0,6;11,6;0,7;5,8
20;NL:Q:42020160;Riezenweg;Ulft;1,4;10,0;3,5;3,5;1,5;1,7
20;NL:Q:42020190;Keurkamer;Ulft;1,0;1,1;0,0;0,0;0,0;0,0
20;NL:Q:42020210;Riezenweg;Ulft;7,7;1,3;0,0;0,0;0,0;0,0
20;NL:Q:42020220;Ulftseweg;Bontebrug;0,0;0,1;0,0;0,0;0,0;0,0
20;NL:Q:42020230;Ulftseweg;Bontebrug;0,1;0,2;0,0;0,0;0,0;0,0
20;NL:Q:42021010;Rijnweg;Gendringen;29,4;9,4;8,2;0,3;4,5;0,2
20;NL:Q:42021020;Rijnweg;Gendringen;0,7;31,3;0,4;7,8;0,2;5,3
20;NL:Q:42021030;Wesenthorstlaan;Ulft;25,9;0,3;7,4;0,3;3,3;0,1
20;NL:Q:42021040;Wesenthorstlaan;Ulft;0,4;23,5;0,3;6,0;0,1;2,5
20;NL:Q:42021120;Weg achter de Blenk;Ulft;3,4;5,3;0,0;0,0;0,0;0,0
20;NL:Q:42021150;Weg achter de Blenk;Ulft;3,3;1,5;0,0;0,0;0,0;0,0
20;NL:Q:42026030;Dorp;Varsselder;0,1;0,3;0,0;0,0;0,0;0,0
20;NL:Q:42026040;Dorp;Varsselder;0,1;0,1;0,0;0,0;0,0;0,0
20;NL:Q:42026050;Ter Voert;Megchelen;1,9;1,7;0,0;0,0;0,0;0,0
20;NL:Q:42026070;Kerkplein;Gendringen;106,7;89,1;38,0;34,5;23,4;21,8
20;NL:Q:42210010;Brokkenstraat;Breedenbroek;1,5;0,1;0,3;0,0;0,2;0,0
20;NL:Q:42210030;Hebinck;Breedenbroek;8,0;0,6;1,3;0,1;0,6;0,1
20;NL:Q:42210040;Hebinck;Breedenbroek;0,7;9,9;0,1;1,4;0,1;0,7
20;NL:Q:42210050;Weg naar De Heurne;Dinxperlo;29,1;4,9;6,7;0,9;4,5;0,7
20;NL:Q:42210051;Weg naar De Heurne;Dinxperlo;1,1;32,1;0,5;6,9;0,3;5,0
20;NL:Q:42210060;Weg naar De Heurne;Dinxperlo;2,6;0,4;0,0;0,0;0,0;0,0
20;NL:Q:42210070;Groene Kruis;Dinxperlo;36,6;0,9;11,5;0,6;6,2;0,2
20;NL:Q:42210071;Groene Kruis;Dinxperlo;3,3;43,7;0,2;11,4;0,1;7,3
20;NL:Q:42210090;Willem van Oranjeplein;Dinxperlo;2,9;0,0;32,9;0,1;18,5;0,0
20;NL:Q:42210091;Willem van Oranjeplein;Dinxperlo;107,7;98,6;0,0;28,9;0,0;18,5
20;NL:Q:42210290;De Prins;Breedenbroek;0,0;0,3;0,0;0,0;0,0;0,0
20;NL:Q:42210300;De Prins;Breedenbroek;0,3;0,0;0,0;0,0;0,0;0,0
20;NL:Q:42211310;De Kroeze;Breedenbroek;0,0;0,1;0,0;0,0;0,0;0,0
20;NL:Q:42211320;De Kroeze;Breedenbroek;0,2;0,0;0,0;0,0;0,0;0,0
20;NL:Q:42213010;Bohnenweide;Breedenbroek;5,1;0,4;1,3;0,2;0,4;0,2
20;NL:Q:42213020;Bohnenweide;Breedenbroek;5,1;4,6;1,9;0,7;1,0;0,3
20;NL:Q:42213110;Kerk;De Heurne;0,2;0,9;0,0;0,0;0,0;0,0
20;NL:Q:42213120;Kerk;De Heurne;0,9;0,3;0,0;0,0;0,0;0,0
20;NL:Q:42213160;Bruggink;De Heurne;1,6;0,4;0,0;0,0;0,0;0,0
20;NL:Q:42213170;Bruggink;De Heurne;0,4;1,9;0,0;0,0;0,0;0,0
20;NL:Q:42220017;Centrum;Aalten;0,6;1,0;0,0;0,0;0,0;0,0
20;NL:Q:42220018;Centrum;Aalten;0,3;0,9;0,0;0,0;0,0;0,0
20;NL:Q:42220019;Zonneheuvel;Aalten;0,5;0,2;0,0;0,0;0,0;0,0
20;NL:Q:42220020;Zonneheuvel;Aalten;0,0;0,6;0,0;0,0;0,0;0,0
20;NL:Q:42220021;'t Walfort;Aalten;0,4;1,5;0,0;0,0;0,0;0,0
20;NL:Q:42220022;'t Walfort;Aalten;1,3;0,3;0,0;0,0;0,0;0,0
20;NL:Q:42220023;Tramstraat;Bredevoort;0,4;2,6;0,0;0,0;0,0;0,0
20;NL:Q:42220024;Tramstraat;Bredevoort;2,7;0,7;0,0;0,0;0,0;0,0
20;NL:Q:42220110;De Pol;Aalten;1,1;0,2;0,0;0,0;0,0;0,0
20;NL:Q:42220120;De Pol;Aalten;0,0;0,5;0,0;0,0;0,0;0,0
20;NL:Q:42220130;Ludgerstraat;Aalten;0,2;0,0;0,0;0,0;0,0;0,0
20;NL:Q:42220140;Ludgerstraat;Aalten;0,1;0,4;0,0;0,0;0,0;0,0
20;NL:Q:42220150;Station Aalten;Aalten;26,3;23,8;0,0;0,0;0,0;0,0
20;NL:Q:42220170;Admiraal de Ruyterstraat;Aalten;0,1;1,8;0,0;0,0;0,0;0,0
20;NL:Q:42220180;Admiraal de Ruyterstraat;Aalten;1,1;0,1;0,0;0,0;0,0;0,0
20;NL:Q:42220290;Dijkstraat;Aalten;1,8;4,0;0,0;0,0;0,0;0,0
20;NL:Q:42340010;Domme Aanleg;Barlo;0,0;0,1;0,0;0,0;0,0;0,0
20;NL:Q:42340020;Domme Aanleg;Barlo;0,1;0,1;0,0;0,0;0,0;0,0
20;NL:Q:42340050;Barlo;Barlo;0,3;0,1;0,0;0,0;0,0;0,0
20;NL:Q:42340060;Barlo;Barlo;0,0;0,5;0,0;0,0;0,0;0,0
20;NL:Q:42400090;De Harmonie;Winterswijk;20,6;4,3;1,8;0,3;1,7;0,2
20;NL:Q:42400100;De Harmonie;Winterswijk;4,1;23,1;0,4;2,8;0,1;1,3
20;NL:Q:42400110;De Peperbus;Winterswijk;2,0;21,3;0,5;7,9;0,5;3,8
20;NL:Q:42400120;De Peperbus;Winterswijk;17,6;1,6;5,3;0,5;3,1;0,3
20;NL:Q:42400130;Ziekenhuis;Winterswijk;29,9;6,2;8,1;0,3;6,3;0,4
20;NL:Q:42400140;Ziekenhuis;Winterswijk;5,0;33,9;0,5;7,7;0,2;5,9
20;NL:Q:42400190;Busstation Winterswijk;Winterswijk;120,7;0,5;27,4;0,1;22,2;0,0
20;NL:Q:42400470;De Driemark;Winterswijk;7,4;2,9;1,8;0,8;0,9;0,6
20;NL:Q:42400480;De Driemark;Winterswijk;1,0;7,5;0,2;1,8;0,1;0,8
20;NL:Q:42400590;Pelkwijk;Winterswijk;5,4;4,0;0,7;0,8;0,7;1,2
20;NL:Q:42400600;Pelkwijk;Winterswijk;3,9;5,5;0,6;1,0;0,6;1,3
20;NL:Q:42400630;Kloetenseweg;Winterswijk;8,1;4,4;1,6;0,8;1,9;0,6
20;NL:Q:42400640;Kloetenseweg;Winterswijk;5,6;6,6;1,4;1,6;0,8;1,0
20;NL:Q:42400650;Vredensehof;Winterswijk;13,3;6,8;3,3;1,2;3,3;0,7
20;NL:Q:42400660;Vredensehof;Winterswijk;7,4;12,9;1,7;3,1;0,9;3,3
20;NL:Q:42400692;Jaspersweg;Winterswijk;1,1;4,5;0,6;1,2;0,3;0,9
20;NL:Q:42400693;Jaspersweg;Winterswijk;4,5;1,8;0,9;1,0;0,7;0,4
20;NL:Q:42500070;Weg naar Meddo;Meddo;0,3;3,8;0,0;0,7;0,1;0,5
20;NL:Q:42500080;Weg naar Meddo;Meddo;2,6;0,6;0,3;0,1;0,3;0,1
20;NL:Q:42510010;Kroezenhoek;Kroezenhoek;0,2;0,6;0,0;0,0;0,0;0,0
20;NL:Q:42510020;Marmelhorstweg;Breedenbroek;0,0;0,0;0,3;0,1;0,3;0,0
20;NL:Q:42510030;Marmelhorst;Kroezenhoek;0,0;1,6;0,0;0,0;0,0;0,0
20;NL:Q:42510040;Marmelhorst;Kroezenhoek;1,6;0,1;0,0;0,0;0,0;0,0
20;NL:Q:42510050;Marmelhorstweg;Breedenbroek;0,0;0,3;0,0;0,7;0,0;0,4
20;NL:Q:42510060;Brokkenstraat;Breedenbroek;0,1;0,6;0,0;0,2;0,0;0,2
20;NL:Q:42510230;Keurhorsterweg;Sinderen;0,0;0,6;0,0;0,0;0,0;0,0
20;NL:Q:42510240;Keurhorsterweg;Sinderen;0,4;0,0;0,0;0,0;0,0;0,0
20;NL:Q:42510270;Luimesweg;Sinderen;0,0;0,2;0,0;0,0;0,0;0,0
20;NL:Q:42510280;Luimesweg;Sinderen;0,1;0,0;0,0;0,0;0,0;0,0
20;NL:Q:42510310;Klok;Sinderen;0,4;1,8;0,0;0,0;0,0;0,0
20;NL:Q:42510320;Klok;Sinderen;1,7;0,3;0,0;0,0;0,0;0,0
20;NL:Q:42610060;Kroezenhoek;Kroezenhoek;0,9;0,2;0,0;0,0;0,0;0,0
20;NL:Q:43000010;Centraal Station;Enschede;238,7;429,6;52,7;97,2;35,8;101,7
20;NL:Q:43000011;Centraal Station;Enschede;197,6;0,1;48,5;0,1;33,4;0,0
20;NL:Q:43000050;MST Haaksbergerstraat;Enschede;61,2;38,8;18,1;15,4;10,9;13,9
20;NL:Q:43001830;Rabobank;Enschede;7,3;19,0;3,4;4,1;2,1;4,7
20;NL:Q:43001840;Rabobank;Enschede;7,4;7,0;2,1;1,8;3,4;3,7
20;NL:Q:43001850;P+R Zuiderval;Enschede;33,1;22,4;14,3;10,2;7,6;7,1
20;NL:Q:43001860;P+R Zuiderval;Enschede;19,1;27,7;9,8;5,5;5,7;2,9
20;NL:Q:44010050;Wolfersveen;Zelhem;1,8;3,1;0,4;1,2;0,2;0,7
20;NL:Q:44010060;Wolfersveen;Zelhem;3,3;1,8;1,1;0,7;1,0;0,2
20;NL:Q:44010090;Het Zonnetje;Wolfersveen;0,7;2,1;0,5;1,2;0,4;0,6
20;NL:Q:44010100;Het Zonnetje;Wolfersveen;1,8;0,9;1,1;1,0;0,8;0,3
20;NL:Q:44020030;Generaalsweg;Heelweg;0,0;0,0;0,0;0,0;0,0;0,0
20;NL:Q:44020040;Generaalsweg;Heelweg;0,1;0,0;0,0;0,0;0,0;0,0
20;NL:Q:44020110;Aaltenseweg;Varsseveld;11,4;12,8;0,3;5,0;0,1;2,2
20;NL:Q:44020120;Aaltenseweg;Varsseveld;9,0;12,7;1,0;1,4;0,3;0,6
20;NL:Q:44020130;Den Es;Varsseveld;30,3;40,4;0,0;0,0;0,0;0,0
20;NL:Q:44020141;Den Es;Varsseveld;38,7;11,9;0,0;0,0;0,0;0,0
20;NL:Q:44020151;Prinsenhof;Varsseveld;0,6;0,1;0,0;0,0;0,0;0,0
20;NL:Q:44020161;Prinsenhof;Varsseveld;0,0;1,5;0,0;0,0;0,0;0,0
20;NL:Q:44020310;Duthler;Varsseveld;0,8;0,3;0,0;0,0;0,0;0,0
20;NL:Q:44020320;Duthler;Varsseveld;0,3;1,4;0,0;0,0;0,0;0,0
20;NL:Q:44021050;Station Varsseveld;Varsseveld;27,7;119,4;0,0;46,0;0,0;27,7
20;NL:Q:44021060;Station Varsseveld;Varsseveld;97,0;23,2;52,2;0,1;59,0;0,0
20;NL:Q:44022030;Twenteroute;Varsseveld;0,1;0,0;0,0;0,0;0,0;0,0
20;NL:Q:44022040;Twenteroute;Varsseveld;0,0;0,0;0,0;0,0;0,0;0,0
20;NL:Q:44030010;Sluiskes;Lintelo;0,4;0,6;0,0;0,0;0,0;0,0
20;NL:Q:44030020;Sluiskes;Lintelo;0,6;0,4;0,0;0,0;0,0;0,0
20;NL:Q:44300070;Blanckenborgh;Haaksbergen;1,2;4,3;0,0;0,0;0,0;0,0
20;NL:Q:44300110;Busstation;Haaksbergen;0,0;6,6;0,0;0,0;0,0;0,0
20;NL:Q:44300111;Busstation;Haaksbergen;7,1;0,0;0,0;0,0;0,0;0,0
20;NL:Q:44310010;;;0,1;0,0;0,0;0,0;0,0;0,0
20;NL:Q:44310020;;;0,0;0,0;0,0;0,0;0,0;0,0
20;NL:Q:44340030;Staring College;Lochem;16,5;16,4;0,0;0,0;0,0;0,0
20;NL:Q:44340040;Staring College;Lochem;19,4;17,0;0,2;0,2;0,2;0,4
20;NL:Q:44340090;Dwarsweg;Lochem;0,5;0,2;0,0;0,0;0,0;0,0
20;NL:Q:44400100;N18/Rietmolen;Rietmolen;0,8;3,1;0,8;0,8;0,5;0,5
20;NL:Q:44410010;Kerkemeijer;Rekken;0,6;0,4;0,0;0,0;0,0;0,0
20;NL:Q:44410030;Lindevoort;Rekken;2,8;2,2;0,0;0,0;0,0;0,0
20;NL:Q:44410070;Doctor Slotlaan;Rekken;4,5;2,9;0,0;0,0;0,0;0,0
20;NL:Q:44410090;Camping Den Borg;Rekken;1,6;1,5;0,0;0,0;0,0;0,0
20;NL:Q:44410110;Cafe Rotering;Rekken;0,7;0,3;0,0;0,0;0,0;0,0
20;NL:Q:44500010;N18/Rietmolen;Rietmolen;1,2;3,8;0,2;3,1;0,2;2,3
20;NL:Q:44500175;Busstation;Neede;0,0;0,0;0,0;0,0;0,0;0,0
20;NL:Q:44500177;Busstation;Neede;0,1;30,7;0,0;0,0;0,0;0,0
20;NL:Q:44500210;De Valkhof;Neede;0,4;0,0;0,0;0,0;0,0;0,0
20;NL:Q:44500220;De Valkhof;Neede;0,3;1,2;0,0;0,0;0,0;0,0
20;NL:Q:44500230;De Huikert;Neede;0,6;0,0;0,0;0,0;0,0;0,0
20;NL:Q:44500240;De Huikert;Neede;0,0;0,5;0,0;0,0;0,0;0,0
20;NL:Q:44500250;Kisveld;Neede;0,6;0,0;0,0;0,0;0,0;0,0
20;NL:Q:44500260;Kisveld;Neede;0,0;0,5;0,0;0,0;0,0;0,0
20;NL:Q:44500310;Diekmaatschool;Neede;7,7;0,8;0,0;0,0;0,0;0,0
20;NL:Q:44500320;Diekmaatschool;Neede;0,3;6,0;0,0;0,0;0,0;0,0
20;NL:Q:44500330;Rozenboom;Neede;0,0;0,9;0,0;0,0;0,0;0,0
20;NL:Q:44500340;Rozenboom;Neede;0,8;0,0;0,0;0,0;0,0;0,0
20;NL:Q:44500350;Hulshof;Eibergen;0,2;0,1;0,0;0,0;0,0;0,0
20;NL:Q:44500360;Hulshof;Eibergen;0,0;0,2;0,0;0,0;0,0;0,0
20;NL:Q:44500390;Peppeldijk;Eibergen;0,2;0,1;0,0;0,0;0,0;0,0
20;NL:Q:44500400;Peppeldijk;Eibergen;0,0;0,1;0,0;0,0;0,0;0,0
20;NL:Q:44500430;Garage Grooters;Eibergen;48,5;81,3;19,5;29,3;14,4;19,2
20;NL:Q:44500440;Garage Grooters;Eibergen;72,7;53,8;29,1;25,2;22,1;16,0
20;NL:Q:44500450;Viersprong;Eibergen;55,4;62,5;16,0;12,8;11,9;8,5
20;NL:Q:44500460;Viersprong;Eibergen;60,8;53,9;10,5;14,7;9,2;8,8
20;NL:Q:44500510;De Kiefte;Eibergen;9,8;29,2;1,4;7,7;1,3;3,3
20;NL:Q:44500520;De Kiefte;Eibergen;9,0;8,6;1,0;1,3;1,1;0,9
20;NL:Q:44500550;De Meergaarden;Eibergen;0,5;0,5;0,0;0,0;0,0;0,0
20;NL:Q:44500570;Bartelinksgang;Eibergen;2,2;2,4;0,0;0,0;0,0;0,0
20;NL:Q:44500590;Hassink;Noordijk;1,4;0,2;0,0;0,0;0,0;0,0
20;NL:Q:44500600;Hassink;Noordijk;0,4;1,1;0,0;0,0;0,0;0,0
20;NL:Q:44501210;Busstation;Neede;0,0;2,9;0,0;0,0;0,0;0,0
20;NL:Q:44501220;Busstation;Neede;36,7;0,1;0,0;0,0;0,0;0,0
20;NL:Q:44600090;Den Sliem;Groenlo;3,2;2,2;0,0;0,0;0,0;0,0
20;NL:Q:44600100;Den Sliem;Groenlo;1,3;1,5;0,0;0,0;0,0;0,0
20;NL:Q:44600131;Busstation;Groenlo;147,8;178,5;30,1;33,8;24,9;29,0
20;NL:Q:44600132;Busstation;Groenlo;20,2;18,4;0,0;0,0;0,0;0,0
20;NL:Q:44600133;Busstation;Groenlo;103,5;64,6;15,1;15,7;10,7;8,5
20;NL:Q:44600134;Busstation;Groenlo;92,3;79,9;25,4;14,3;14,9;8,7
20;NL:Q:44600135;Busstation;Groenlo;15,3;31,3;0,0;0,0;0,0;0,0
20;NL:Q:44600136;Busstation;Groenlo;14,1;0,0;0,0;0,0;0,0;0,0
20;NL:Q:44600200;Het Blik;Groenlo;0,8;0,4;0,0;0,0;0,0;0,0
20;NL:Q:44600210;Het Blik;Groenlo;0,6;1,9;0,0;0,0;0,0;0,0
20;NL:Q:44600220;De Molenberg;Groenlo;0,2;2,2;0,0;0,0;0,0;0,0
20;NL:Q:44600230;De Molenberg;Groenlo;2,8;1,0;0,0;0,0;0,0;0,0
20;NL:Q:44600240;Gezondheidscentrum;Groenlo;0,6;1,4;0,0;0,0;0,0;0,0
20;NL:Q:44600390;Hartreize;Groenlo;26,1;1,8;10,8;1,8;7,8;1,3
20;NL:Q:44600400;Hartreize;Groenlo;0,7;30,1;1,5;14,0;1,7;9,9
20;NL:Q:44600440;West;Groenlo;1,6;7,0;0,0;0,0;0,0;0,0
20;NL:Q:44600450;West;Groenlo;12,3;6,2;0,0;0,0;0,0;0,0
20;NL:Q:44600460;Centrum;Groenlo;8,8;25,0;0,0;0,0;0,0;0,0
20;NL:Q:44600470;Centrum;Groenlo;41,3;24,7;0,0;0,0;0,0;0,0
20;NL:Q:44600480;Barkenkamp;Groenlo;1,3;34,3;0,0;0,0;0,0;0,0
20;NL:Q:44600490;Barkenkamp;Groenlo;34,3;1,6;0,0;0,0;0,0;0,0
20;NL:Q:44600500;Batterij;Groenlo;7,0;27,6;0,0;0,0;0,0;0,0
20;NL:Q:44600510;Batterij;Groenlo;26,9;8,2;0,0;0,0;0,0;0,0
20;NL:Q:44610010;Ellenkamp;Haarlo;1,1;1,5;0,0;0,0;0,0;0,0
20;NL:Q:44610020;Ellenkamp;Haarlo;1,4;0,8;0,0;0,0;0,0;0,0
20;NL:Q:44700070;Station Lichtenvoorde-Groenlo;Lievelde;114,6;87,6;31,1;22,2;24,6;22,1
20;NL:Q:44710050;Busstation;Borculo;254,1;155,4;56,5;33,6;34,5;18,5
20;NL:Q:44710051;Busstation;Borculo;0,0;0,0;0,2;13,8;0,1;9,2
20;NL:Q:44710052;Busstation;Borculo;3,7;90,3;4,0;5,1;2,9;4,0
20;NL:Q:44710070;Cycloonpark;Borculo;0,9;39,2;1,3;14,5;0,8;9,3
20;NL:Q:44710080;Cycloonpark;Borculo;36,1;1,8;13,9;1,2;9,8;0,8
20;NL:Q:44710110;Snofhutte;Borculo;2,8;14,5;1,3;3,6;0,2;2,5
20;NL:Q:44710120;Snofhutte;Borculo;15,5;3,7;3,4;1,8;3,3;1,3
20;NL:Q:44710160;Leostichting;Borculo;8,6;9,7;0,0;0,0;0,0;0,0
20;NL:Q:44710410;Graaf Wichmanstraat;Borculo;12,7;4,5;0,0;0,0;0,0;0,0
20;NL:Q:44710420;Graaf Wichmanstraat;Borculo;4,4;16,5;0,2;2,3;0,1;2,8
20;NL:Q:44710450;Koppeldijk;Borculo;5,0;0,7;0,0;0,0;0,0;0,0
20;NL:Q:44710460;Koppeldijk;Borculo;0,5;5,1;0,1;0,7;0,0;0,7
20;NL:Q:44710470;Berkellaan;Borculo;10,9;3,2;0,0;0,0;0,0;0,0
20;NL:Q:44710480;Berkellaan;Borculo;4,2;11,9;0,0;1,9;0,2;1,2
20;NL:Q:44710490;De Prikke;Borculo;1,0;0,4;0,0;0,0;0,0;0,0
20;NL:Q:44710500;De Prikke;Borculo;0,4;1,0;0,0;0,1;0,0;0,0
20;NL:Q:44710520;Beekvliet;Barchem;0,0;0,9;0,0;0,0;0,0;0,0
20;NL:Q:44710550;Kamerlingh Onnesstraat;Borculo;1,0;0,9;0,0;0,0;0,0;0,0
20;NL:Q:44710560;Kamerlingh Onnesstraat;Borculo;0,4;0,9;0,0;0,0;0,0;0,0
20;NL:Q:44730010;Dute;Beltrum;3,9;1,9;0,0;0,0;0,0;0,0
20;NL:Q:44730020;Dute;Beltrum;1,3;3,1;0,0;0,0;0,0;0,0
20;NL:Q:44740041;De Pessink;Epse;7,9;9,4;3,1;9,4;2,2;4,0
20;NL:Q:44740042;De Pessink;Epse;0,7;3,1;0,0;0,0;0,0;0,0
20;NL:Q:44800024;Driehoek;Lichtenvoorde;13,6;27,8;0,0;0,0;0,0;0,0
20;NL:Q:44800030;Mercatorstraat;Lichtenvoorde;0,2;1,0;0,0;0,0;0,0;0,0
20;NL:Q:44800040;Mercatorstraat;Lichtenvoorde;1,1;0,2;0,0;0,0;0,0;0,0
20;NL:Q:44800070;Galileïstraat;Lichtenvoorde;0,9;0,2;0,0;0,0;0,0;0,0
20;NL:Q:44800075;Koningslinde;Lichtenvoorde;0,8;0,1;0,0;0,0;0,0;0,0
20;NL:Q:44800076;Koningslinde;Lichtenvoorde;0,1;1,0;0,0;0,0;0,0;0,0
20;NL:Q:44800080;Galileïstraat;Lichtenvoorde;6,6;10,9;0,0;0,0;0,0;0,0
20;NL:Q:44800090;Gemeentehuis;Lichtenvoorde;0,2;0,6;0,0;0,0;0,0;0,0
20;NL:Q:44800100;Gemeentehuis;Lichtenvoorde;0,7;0,3;0,0;0,0;0,0;0,0
20;NL:Q:44800110;Edisonstraat;Lichtenvoorde;0,0;0,7;0,0;0,0;0,0;0,0
20;NL:Q:44800120;Edisonstraat;Lichtenvoorde;0,6;0,1;0,0;0,0;0,0;0,0
20;NL:Q:44800130;Hagenstraat;Lichtenvoorde;0,3;0,4;0,0;0,0;0,0;0,0
20;NL:Q:44800140;Hagenstraat;Lichtenvoorde;0,3;0,2;0,0;0,0;0,0;0,0
20;NL:Q:44800150;De Swite;Lichtenvoorde;0,2;0,5;0,0;0,0;0,0;0,0
20;NL:Q:44800160;De Swite;Lichtenvoorde;0,4;0,2;0,0;0,0;0,0;0,0
20;NL:Q:44800170;Twenteroute;Lichtenvoorde;206,8;193,7;48,3;47,7;39,3;38,5
20;NL:Q:44800250;Zuid;Lichtenvoorde;32,9;22,8;5,3;5,7;3,7;4,6
20;NL:Q:44800260;Zuid;Lichtenvoorde;23,0;33,7;4,8;5,4;5,0;3,8
20;NL:Q:44800270;Hamalandhal;Lichtenvoorde;0,1;0,5;0,0;0,0;0,0;0,0
20;NL:Q:44800280;Hamalandhal;Lichtenvoorde;0,2;0,2;0,0;0,0;0,0;0,0
20;NL:Q:44802210;Wentholtpark;Lichtenvoorde;0,3;0,5;0,0;0,0;0,0;0,0
20;NL:Q:44802220;Wentholtpark;Lichtenvoorde;0,6;0,2;0,0;0,0;0,0;0,0
20;NL:Q:44802230;Wentholtpark;Lichtenvoorde;32,8;33,1;0,0;0,0;0,0;0,0
20;NL:Q:44802270;Het Brook;Lichtenvoorde;88,5;89,1;0,0;0,0;0,0;0,0
20;NL:Q:44810050;Weg naar Vosheuvel;Ruurlo;0,2;2,5;0,2;0,5;0,1;0,4
20;NL:Q:44810060;Weg naar Vosheuvel;Ruurlo;2,1;0,8;0,2;0,2;0,1;0,2
20;NL:Q:44810090;Haarskamp;Ruurlo;12,1;11,1;2,0;2,0;1,2;0,8
20;NL:Q:44810100;Haarskamp;Ruurlo;0,0;0,8;0,0;0,3;0,0;0,2
20;NL:Q:44810170;Station;Ruurlo;70,1;66,5;32,5;22,3;20,3;20,4
20;NL:Q:44810180;Station;Ruurlo;60,3;77,1;17,1;36,4;10,4;25,4
20;NL:Q:44811070;Leostichting;Borculo;10,8;7,7;0,0;0,0;0,0;0,0
20;NL:Q:44811110;'t Rikkelder;Ruurlo;14,7;12,6;5,8;3,2;2,9;1,1
20;NL:Q:44811120;'t Rikkelder;Ruurlo;13,3;15,4;2,8;5,9;1,2;3,3
20;NL:Q:44811140;Nijenhuis;Ruurlo;0,0;0,0;0,0;0,0;0,0;0,0
20;NL:Q:44811150;Nijenhuis;Ruurlo;0,0;0,0;0,0;0,0;0,0;0,0
20;NL:Q:44813100;De Bundeling;Ruurlo;0,5;0,5;0,0;0,0;0,0;0,0
20;NL:Q:44850010;Beekvliet;Barchem;0,7;0,1;0,0;0,0;0,0;0,0
20;NL:Q:44850030;Viersprong;Barchem;0,6;0,7;0,0;0,0;0,0;0,0
20;NL:Q:44850040;Viersprong;Barchem;0,7;0,8;0,0;0,0;0,0;0,0
20;NL:Q:44850070;Centrum;Barchem;7,2;7,5;0,0;0,0;0,0;0,0
20;NL:Q:44850075;Heidehof;Barchem;0,0;0,3;2,0;1,6;0,7;0,6
20;NL:Q:44850080;Centrum;Barchem;9,3;7,4;0,1;0,2;0,1;0,1
20;NL:Q:44850090;Woodbrookers;Barchem;1,7;0,9;0,4;0,6;0,2;0,5
20;NL:Q:44850100;Woodbrookers;Barchem;0,7;1,6;0,1;0,0;0,1;0,1
20;NL:Q:44850130;Dollehoedsdijk;Barchem;2,0;2,0;0,2;0,5;0,4;0,4
20;NL:Q:44850140;Dollehoedsdijk;Barchem;1,9;2,4;0,1;0,1;0,0;0,1
20;NL:Q:44900050;Harreveld;Harreveld;12,5;16,8;2,9;3,0;3,1;4,4
20;NL:Q:44900060;Harreveld;Harreveld;17,2;12,5;2,6;3,8;1,3;3,1
20;NL:Q:44900090;Radstake;Heelweg;1,6;3,3;0,5;1,2;0,4;0,9
20;NL:Q:44900100;Radstake;Heelweg;2,8;1,9;0,7;1,4;0,6;0,7
20;NL:Q:44910030;'t Sikkeler;Ruurlo;4,5;1,6;1,2;0,2;1,3;0,1
20;NL:Q:44910040;'t Sikkeler;Ruurlo;2,3;1,1;0,3;0,5;0,1;0,3
20;NL:Q:44910070;Cafe Wentink;Veldhoek;2,5;5,3;0,5;0,6;0,4;0,6
20;NL:Q:44910080;Cafe Wentink;Veldhoek;5,0;2,4;1,2;0,6;0,4;0,2
20;NL:Q:44930010;R.K. Kerk;Zieuwent;1,2;0,5;0,0;0,0;0,0;0,0
20;NL:Q:44930020;R.K. Kerk;Zieuwent;0,5;1,0;0,0;0,0;0,0;0,0
20;NL:Q:44930030;R.K. Kerk;Marienvelde;2,2;0,8;0,0;0,0;0,0;0,0
20;NL:Q:44930040;R.K. Kerk;Marienvelde;0,9;1,8;0,0;0,0;0,0;0,0
20;NL:Q:44930050;Waalderweg;Marienvelde;0,2;0,7;0,0;0,0;0,0;0,0
20;NL:Q:44930060;Waalderweg;Marienvelde;0,7;0,3;0,0;0,0;0,0;0,0
20;NL:Q:44930110;Cuppers;Zieuwent;0,2;0,7;0,0;0,0;0,0;0,0
20;NL:Q:44930120;Cuppers;Zieuwent;0,6;0,2;0,0;0,0;0,0;0,0
20;NL:Q:44931170;Cafe De Tolhut;Marienvelde;0,2;0,0;0,0;0,0;0,0;0,0
20;NL:Q:44931171;Cafe De Tolhut;Marienvelde;0,0;0,2;0,0;0,0;0,0;0,0
20;NL:Q:44940010;Dorpsstraat;Halle;0,7;0,3;0,0;0,0;0,0;0,0
20;NL:Q:44940020;Nijhof;Halle;0,5;0,6;0,0;0,0;0,0;0,0
20;NL:Q:44940210;Nijhof;Halle;0,7;0,6;0,0;0,0;0,0;0,0
20;NL:Q:44940530;Dorpsstraat;Halle;0,3;0,7;0,0;0,0;0,0;0,0
20;NL:Q:44950030;Hoog Langen;Lochem;2,4;1,9;0,4;0,4;0,2;0,2
20;NL:Q:44950040;Hoog Langen;Lochem;1,8;1,9;0,1;0,1;0,1;0,1
20;NL:Q:44950050;Hotel Hof van Gelre;Lochem;0,0;0,0;0,0;0,0;0,0;0,0
20;NL:Q:44950070;St. Jozef Rusthuis;Lochem;5,1;4,4;0,8;0,7;0,3;0,4
20;NL:Q:44950080;St. Jozef Rusthuis;Lochem;4,4;5,7;0,2;0,2;0,1;0,1
20;NL:Q:44950090;de Hoge weide;Lochem;0,0;0,0;0,0;0,0;0,0;0,0
20;NL:Q:44950110;Hotel Paasberg;Lochem;0,0;0,0;0,0;0,0;0,0;0,0
20;NL:Q:44950130;De Graafschap;Lochem;0,0;0,2;0,0;0,0;0,0;0,0
20;NL:Q:44950140;De Graafschap;Lochem;0,2;0,1;0,0;0,0;0,0;0,0
20;NL:Q:44950150;Noorderwal;Lochem;0,3;0,3;0,0;0,0;0,0;0,0
20;NL:Q:44950170;Gemeentehuis;Lochem;0,0;0,0;0,0;0,0;0,0;0,0
20;NL:Q:44950180;Centrum Zuid;Lochem;0,0;0,0;0,0;0,0;0,0;0,0
20;NL:Q:44950190;Hotel De Scheperskamp;Lochem;0,0;0,0;0,0;0,0;0,0;0,0
20;NL:Q:44950200;Gemeentehuis;Lochem;0,0;0,1;0,0;0,0;0,0;0,0
20;NL:Q:44950210;Exel Tol;Lochem;3,2;1,0;0,0;0,0;0,0;0,0
20;NL:Q:44950220;Exel Tol;Lochem;0,9;3,0;0,0;0,0;0,0;0,0
20;NL:Q:44950230;Aalsvoort 81;Lochem;0,1;0,0;0,0;0,0;0,0;0,0
20;NL:Q:44950232;Aalsvoort 45;Lochem;0,0;0,0;0,0;0,0;0,0;0,0
20;NL:Q:44950330;Greutink;Lochem;28,7;20,2;4,5;5,2;3,1;2,6
20;NL:Q:44950340;Greutink;Lochem;21,1;27,8;1,8;1,0;1,0;0,8
20;NL:Q:44950370;De Luchte;Lochem;32,1;9,2;0,0;0,0;0,0;0,0
20;NL:Q:44950380;De Luchte;Lochem;12,2;29,0;0,5;0,6;0,6;0,8
20;NL:Q:44950385;Hessenweg;Lochem;0,0;0,0;2,7;3,9;2,0;2,0
20;NL:Q:44950390;Oude Enkweg;Lochem;1,2;0,4;0,0;0,0;0,0;0,0
20;NL:Q:44950400;Oude Enkweg;Lochem;0,2;1,7;0,0;0,1;0,0;0,1
20;NL:Q:44950410;Station;Lochem;9,1;7,8;5,4;2,9;2,8;2,7
20;NL:Q:44950480;Tramstraat;Lochem;0,3;5,4;0,0;0,0;0,0;0,0
20;NL:Q:44950490;Graaf Hendriklaan;Lochem;0,7;0,4;0,0;0,0;0,0;0,0
20;NL:Q:44950500;Graaf Hendriklaan;Lochem;3,2;0,0;0,0;0,0;0,0;0,0
20;NL:Q:44950510;Albert Hahnweg;Lochem;0,4;0,4;0,0;0,0;0,0;0,0
20;NL:Q:44950520;Albert Hahnweg;Lochem;2,9;0,0;0,0;0,0;0,0;0,0
20;NL:Q:44951600;Noorderwal;Lochem;0,1;0,2;0,0;0,0;0,0;0,0
20;NL:Q:47640030;Saxion Hogeschool;Deventer;11,8;80,1;0,2;18,7;0,4;10,9
20;NL:Q:47640040;Saxion Hogeschool;Deventer;55,2;8,0;8,6;1,9;5,1;1,6
20;NL:Q:47640140;Industrieweg;Deventer;1,5;5,9;0,5;2,6;0,4;1,1
20;NL:Q:47641010;Station;Deventer;257,4;224,9;89,3;82,0;56,6;51,9
20;NL:Q:47641070;Gotlandstraat;Deventer;4,1;19,6;0,4;1,8;0,1;0,6
20;NL:Q:47641080;Gotlandstraat;Deventer;12,3;4,8;0,5;0,8;0,2;0,5
20;NL:Q:47641870;Zweedsestraat;Deventer;17,0;26,8;1,8;8,7;1,1;3,9
20;NL:Q:47641880;Zweedsestraat;Deventer;31,1;19,0;10,4;3,1;4,8;1,9
20;NL:Q:47641890;Hanzeweg;Deventer;0,5;7,5;0,0;0,0;0,0;0,0
20;NL:Q:47641900;Hanzeweg;Deventer;3,1;0,8;0,0;0,0;0,0;0,0
20;NL:Q:47641920;Mr. De Boerplein;Deventer;1,0;3,4;0,0;0,0;0,0;0,0
20;NL:Q:47641930;Mr. De Boerplein;Deventer;1,9;1,6;0,0;0,0;0,0;0,0
20;NL:Q:47641940;Teugseplein;Deventer;3,5;6,3;2,1;2,7;1,5;3,0
20;NL:Q:47641950;Teugseplein;Deventer;4,8;3,8;2,3;1,9;1,6;1,9
20;NL:Q:47646030;Industrieweg;Deventer;4,1;2,6;1,6;0,7;0,7;0,3
20;NL:Q:47740040;De Pessink;Epse;9,0;10,1;7,4;4,9;4,6;3,0
20;NL:Q:47740050;Bloemenkamp;Gorssel;23,1;32,6;10,7;22,2;7,3;13,4
20;NL:Q:47740060;Bloemenkamp;Gorssel;32,8;23,8;24,9;8,2;14,7;5,2
20;NL:Q:47740090;Museum MORE;Gorssel;22,1;20,8;18,9;18,5;10,6;12,3
20;NL:Q:47740100;Museum MORE;Gorssel;20,0;23,0;16,5;21,4;12,7;14,1
20;NL:Q:47740160;Kerkhof;Gorssel;1,9;1,8;0,8;1,1;1,7;1,4
20;NL:Q:47740230;Larikshoeve;Epse;0,3;0,1;0,0;0,0;0,0;0,0
20;NL:Q:47740240;Larikshoeve;Epse;0,1;0,4;0,0;0,0;0,0;0,0
20;NL:Q:47740270;Viersprong;Epse;5,2;0,3;0,0;0,0;0,0;0,0
20;NL:Q:47740280;Viersprong;Epse;0,4;4,7;0,0;0,0;0,0;0,0
20;NL:Q:47870030;Oesterschelp;Hassink;0,7;0,1;0,0;0,0;0,0;0,0
20;NL:Q:47870040;Oesterschelp;Hassink;0,1;0,7;0,4;0,3;0,3;0,1
20;NL:Q:47870050;De Drie Kieften;Hassink;1,1;0,2;0,0;0,0;0,0;0,0
20;NL:Q:47870060;De Drie Kieften;Hassink;0,1;1,5;0,0;0,0;0,0;0,0
20;NL:Q:47870080;Eikeboomlaan;Joppe;0,0;0,0;0,1;0,7;0,0;0,4
20;NL:Q:47870090;'t Joppe;Joppe;2,8;0,3;0,0;0,0;0,0;0,0
20;NL:Q:47870100;'t Joppe;Joppe;0,3;2,7;0,0;0,0;0,0;0,0
20;NL:Q:47970050;De Vennink;Harfsen;1,5;0,2;0,0;0,0;0,0;0,0
20;NL:Q:47970060;De Vennink;Harfsen;0,2;1,2;0,2;0,2;0,1;0,1
20;NL:Q:47970090;School;Harfsen;12,6;2,9;0,0;0,0;0,0;0,0
20;NL:Q:47970100;School;Harfsen;2,7;12,3;1,6;1,3;0,9;1,0
20;NL:Q:47970110;Maalderij Goldstein;Harfsen;1,0;0,3;0,0;0,0;0,0;0,0
20;NL:Q:47970120;Maalderij Goldstein;Harfsen;0,2;1,2;0,4;0,8;0,3;0,4
20;NL:Q:61410010;Station;Tiel;0,0;0,0;0,0;0,0;0,0;0,0
20;NL:Q:61599110;Prinses Marijkelaan;Maurik;0,0;0,0;0,0;0,0;0,0;0,0
20;NL:Q:91000114;Station Lichtenvoorde-Groenlo;Lievelde;90,2;106,2;23,3;16,7;21,4;13,4
20;NL:Q:91000140;Busstation Winterswijk;Winterswijk;0,6;115,3;0,1;38,9;0,0;26,8
21;NL:Q:41720252;Station;Doetinchem;0,0;0,0;0,0;0,0;0,0;0,0
21;NL:Q:41980010;NoaLies;Holten;0,2;0,0;0,0;0,0;0,0;0,0
21;NL:Q:41980030;Het Nös;Holten;0,5;0,1;0,1;0,0;0,0;0,0
21;NL:Q:41980050;Museum Broer;Holten;0,0;0,0;0,0;0,0;0,0;0,0
21;NL:Q:43000010;Centraal Station;Enschede;462,9;414,6;271,4;104,3;213,6;67,3
21;NL:Q:43000011;Centraal Station;Enschede;823,3;3,1;179,2;0,6;113,5;0,5
21;NL:Q:43000012;Centraal Station;Enschede;327,9;541,4;104,8;297,9;67,4;164,1
21;NL:Q:43000014;Centraal Station;Enschede;454,1;205,6;182,1;91,9;131,8;54,1
21;NL:Q:43000015;Centraal Station;Enschede;503,1;14,1;146,4;1,4;97,6;0,9
21;NL:Q:43000016;Centraal Station;Enschede;391,7;217,7;89,3;105,3;63,5;62,5
21;NL:Q:43000017;Centraal Station;Enschede;157,1;334,8;76,0;73,2;54,2;48,4
21;NL:Q:43000018;Centraal Station;Enschede;539,2;329,9;200,5;118,3;118,9;68,9
21;NL:Q:43000020;Centraal Station;Enschede;376,5;1,5;122,2;0,7;71,4;0,1
21;NL:Q:43000031;Van Heekplein;Enschede;253,2;143,0;204,0;108,6;96,0;49,2
21;NL:Q:43000032;Van Heekplein;Enschede;209,4;256,4;142,0;151,6;62,8;66,1
21;NL:Q:43000033;Van Heekplein;Enschede;6,2;4,5;1,4;1,7;0,0;0,0
21;NL:Q:43000034;Van Heekplein;Enschede;187,9;61,4;141,2;47,8;72,8;17,9
21;NL:Q:43000036;Van Heekplein;Enschede;384,8;384,9;243,8;329,7;117,1;155,9
21;NL:Q:43000037;Van Heekplein;Enschede;87,3;84,8;25,0;64,8;11,4;29,3
21;NL:Q:43000050;MST Haaksbergerstraat;Enschede;28,9;47,1;8,9;15,5;6,4;9,2
21;NL:Q:43000051;MST Haaksbergerstraat;Enschede;33,2;71,2;15,3;33,5;11,4;21,7
21;NL:Q:43000130;Spinnerplein;Enschede;1,6;23,3;1,1;10,1;0,2;6,6
21;NL:Q:43000140;Spinnerplein;Enschede;23,0;1,5;9,6;0,5;5,4;0,3
21;NL:Q:43000195;Wkc Stadsveld;Enschede;91,4;39,9;58,0;21,6;27,9;12,5
21;NL:Q:43000220;Deurningerstraat;Enschede;2,9;8,3;1,1;3,9;2,1;3,3
21;NL:Q:43000230;Deurningerstraat;Enschede;12,1;4,7;6,6;2,1;4,3;0,7
21;NL:Q:43000240;Station Kennispark;Enschede;51,0;62,1;17,9;20,9;11,4;16,2
21;NL:Q:43000250;Roombeek;Enschede;9,8;32,7;4,0;10,4;2,7;5,4
21;NL:Q:43000260;Roombeek;Enschede;45,8;13,3;18,0;4,8;8,2;4,2
21;NL:Q:43000270;Hulsmaatstraat;Enschede;15,9;17,2;4,4;6,2;2,6;3,8
21;NL:Q:43000280;Hulsmaatstraat;Enschede;34,7;20,3;14,7;4,5;8,3;3,7
21;NL:Q:43000290;Zaanstraat;Enschede;6,2;4,2;2,6;4,0;1,6;1,5
21;NL:Q:43000300;Horstlindelaan;Enschede;2,8;4,9;1,3;3,4;0,7;1,9
21;NL:Q:43000310;Zaanstraat;Enschede;8,3;6,6;4,4;4,1;2,2;1,2
21;NL:Q:43000320;Handellaan;Enschede;6,8;4,7;5,1;3,1;2,1;1,4
21;NL:Q:43000340;Slagman;Enschede;8,2;5,9;3,2;1,2;1,3;0,6
21;NL:Q:43000350;Stroinksbleekweg;Enschede;3,8;20,7;1,2;8,6;0,9;7,6
21;NL:Q:43000370;Buizerdstraat;Enschede;196,5;202,4;100,1;104,5;58,0;62,6
21;NL:Q:43000490;G.J. van Heekstraat;Enschede;3,7;15,8;1,1;13,2;0,9;9,4
21;NL:Q:43000510;Lambertus Buddestraat;Enschede;7,9;41,0;1,9;17,7;1,9;9,9
21;NL:Q:43000520;Lambertus Buddestraat;Enschede;39,1;5,7;19,4;1,3;7,7;1,6
21;NL:Q:43000530;Volkspark;Enschede;50,7;41,5;22,6;13,8;14,9;7,9
21;NL:Q:43000540;Volkspark;Enschede;202,0;127,0;53,5;47,1;34,8;29,3
21;NL:Q:43000610;Toekomststraat;Enschede;5,7;19,2;2,9;14,6;1,8;11,9
21;NL:Q:43000620;Toekomststraat;Enschede;31,2;6,4;27,5;6,6;14,4;2,7
21;NL:Q:43000630;Weegschaalstraat;Enschede;7,3;50,2;2,6;33,1;1,8;21,0
21;NL:Q:43000640;Weegschaalstraat;Enschede;45,8;5,2;32,6;1,7;16,4;1,8
21;NL:Q:43000650;Wkc Twekkelerveld;Enschede;53,3;71,8;42,1;54,9;27,1;32,6
21;NL:Q:43000660;Wkc Twekkelerveld;Enschede;71,9;42,9;50,1;28,5;29,0;20,1
21;NL:Q:43000670;Olieslagweg;Enschede;2,5;13,4;0,8;9,1;0,8;7,3
21;NL:Q:43000680;Olieslagweg;Enschede;14,4;1,9;10,0;1,0;4,9;0,6
21;NL:Q:43000690;Jupiterstraat;Enschede;3,8;43,3;1,2;30,2;0,8;17,4
21;NL:Q:43000700;Jupiterstraat;Enschede;52,0;2,0;35,3;1,0;16,7;0,9
21;NL:Q:43000711;Capitool;Enschede;2,8;22,9;0,2;5,4;0,3;3,4
21;NL:Q:43000720;Capitool;Enschede;18,6;7,2;2,0;1,4;1,4;0,9
21;NL:Q:43000810;Beethovenlaan;Enschede;55,9;3,0;17,5;1,8;9,6;0,8
21;NL:Q:43000820;Roomveldje;Enschede;0,5;1,1;0,1;0,4;0,1;0,3
21;NL:Q:43000830;Landstraat;Enschede;4,5;42,6;1,8;15,8;0,8;9,2
21;NL:Q:43000840;Landstraat;Enschede;25,6;5,5;9,4;1,2;5,3;0,9
21;NL:Q:43001000;Centraal Station;Enschede;541,0;62,2;178,2;23,8;103,3;14,7
21;NL:Q:43001001;Centraal Station;Enschede;14,0;2867,4;5,0;889,7;6,0;504,1
21;NL:Q:43001050;Boddenkamp;Enschede;30,4;38,7;10,3;14,3;10,6;9,2
21;NL:Q:43001060;Boddenkamp;Enschede;77,0;141,0;33,9;43,3;15,8;30,1
21;NL:Q:43001090;Dr. J. van Damstraat;Enschede;4,9;50,9;1,5;15,9;0,8;9,2
21;NL:Q:43001110;Fazantstraat;Enschede;11,2;26,8;4,0;11,7;2,4;8,5
21;NL:Q:43001180;Waalstraat;Enschede;44,9;37,9;24,8;20,5;12,8;12,8
21;NL:Q:43001190;Deppenbroekstraat;Enschede;3,5;14,3;0,4;7,6;0,2;2,5
21;NL:Q:43001200;Het Achtervoort;Enschede;12,4;17,7;5,5;7,8;3,4;5,3
21;NL:Q:43001210;Het Voortman;Enschede;5,3;5,9;3,0;3,4;1,6;2,3
21;NL:Q:43001310;Wkc Deppenbroek;Enschede;52,7;37,6;33,4;20,9;17,3;14,2
21;NL:Q:43001340;Vanekerstraat;Enschede;17,1;13,1;10,9;6,5;7,0;5,3
21;NL:Q:43001360;P.A. van Deldenstraat;Enschede;8,7;8,2;3,6;2,6;1,8;1,6
21;NL:Q:43001430;Sparrendaal;Enschede;30,4;2,8;14,9;1,1;7,5;0,5
21;NL:Q:43001440;Sparrendaal;Enschede;1,8;25,8;0,6;12,2;0,5;7,7
21;NL:Q:43001450;Gelderlandstraat;Enschede;2,3;17,8;1,0;9,5;0,6;7,1
21;NL:Q:43001460;Gelderlandstraat;Enschede;21,1;3,9;11,9;1,7;6,2;0,7
21;NL:Q:43001470;Utrechtlaan;Enschede;25,4;126,0;3,1;9,9;1,4;6,4
21;NL:Q:43001480;Utrechtlaan;Enschede;133,4;28,9;10,3;4,3;6,0;1,9
21;NL:Q:43001490;Zuid Hollandlaan;Enschede;1,5;16,8;0,2;7,6;0,1;5,5
21;NL:Q:43001500;Zuid Hollandlaan;Enschede;18,0;2,0;8,8;0,9;4,9;0,4
21;NL:Q:43001510;De Cromhoff;Enschede;2,9;2,4;2,8;2,4;0,0;0,0
21;NL:Q:43001550;Wkc Boswinkel;Enschede;17,0;66,7;8,5;35,9;4,4;21,9
21;NL:Q:43001560;Wkc Boswinkel;Enschede;62,2;12,9;34,8;7,4;19,3;2,9
21;NL:Q:43001570;Tuindorp Broekheurne;Enschede;3,0;51,3;1,3;27,7;0,3;17,5
21;NL:Q:43001580;Tuindorp Broekheurne;Enschede;54,1;2,2;28,4;0,9;16,4;0,2
21;NL:Q:43001630;Geesterenbrink;Enschede;0,6;35,1;0,3;13,8;0,1;10,9
21;NL:Q:43001640;Lintveldebrink;Enschede;23,4;3,9;7,7;0,4;5,3;0,1
21;NL:Q:43001650;Hazendijk;Enschede;0,9;18,1;0,2;6,8;0,0;4,1
21;NL:Q:43001660;Geesterenbrink;Enschede;46,8;0,7;17,9;0,4;11,9;0,2
21;NL:Q:43001670;Broekheurnerborg;Enschede;1,4;1,0;1,4;1,0;0,0;0,0
21;NL:Q:43001671;Broekheurnerplein;Enschede;0,8;0,6;0,3;0,2;0,0;0,0
21;NL:Q:43001690;De Kiepe;Enschede;0,5;7,8;0,3;3,2;0,0;2,8
21;NL:Q:43001700;Broekheurne-Ring;Enschede;11,8;0,2;4,6;0,1;2,7;0,0
21;NL:Q:43001710;Lintveldebrink;Enschede;0,5;22,4;0,3;8,0;0,0;5,1
21;NL:Q:43001720;De Kiepe;Enschede;6,0;1,1;2,3;0,8;1,3;0,1
21;NL:Q:43001730;Hertmebrink;Enschede;13,0;38,6;6,7;18,7;3,0;14,0
21;NL:Q:43001740;Hertmebrink;Enschede;52,4;14,9;28,2;9,2;16,6;5,4
21;NL:Q:43001750;Wkc Het Bijvank;Enschede;17,0;0,8;9,2;0,2;4,6;0,1
21;NL:Q:43001760;Wkc Het Bijvank;Enschede;1,0;20,0;0,1;10,7;0,1;5,4
21;NL:Q:43001770;Vlierstraat;Enschede;1,6;33,1;0,4;14,5;0,5;12,9
21;NL:Q:43001780;Vlierstraat;Enschede;28,7;2,0;14,2;1,3;9,4;0,7
21;NL:Q:43001790;Het Oosterveld;Enschede;4,2;64,5;2,2;25,2;1,8;16,0
21;NL:Q:43001800;Het Oosterveld;Enschede;77,3;11,6;34,0;6,2;20,7;6,9
21;NL:Q:43001820;Herikebrink;Enschede;31,8;9,3;13,2;3,3;5,3;3,2
21;NL:Q:43001830;Rabobank;Enschede;9,2;39,6;3,7;15,0;2,4;9,3
21;NL:Q:43001840;Rabobank;Enschede;29,4;13,1;11,6;5,5;5,3;2,7
21;NL:Q:43001850;P+R Zuiderval;Enschede;26,4;30,1;6,8;16,5;4,6;5,8
21;NL:Q:43001860;P+R Zuiderval;Enschede;28,1;28,0;16,3;7,1;7,8;7,1
21;NL:Q:43001870;Het Leunenberg;Enschede;0,9;40,7;0,5;21,8;0,3;10,5
21;NL:Q:43001880;Het Leunenberg;Enschede;39,3;1,3;22,9;0,6;11,5;0,2
21;NL:Q:43001900;De Posten;Enschede;99,8;81,3;35,5;28,9;23,0;19,7
21;NL:Q:43001910;Wkc Zuid;Enschede;12,7;72,3;7,3;35,2;1,9;18,1
21;NL:Q:43001918;Wesseler-nering;Enschede;3,1;3,8;2,8;4,7;0,0;0,0
21;NL:Q:43001919;Wesseler-nering;Enschede;0,0;0,1;0,0;0,1;0,0;0,0
21;NL:Q:43001920;Wkc Zuid;Enschede;46,7;13,5;25,2;8,3;12,0;3,6
21;NL:Q:43001930;De Reulver;Enschede;3,1;29,3;1,6;13,1;0,4;8,9
21;NL:Q:43001940;De Reulver;Enschede;23,0;3,7;11,7;2,2;6,2;0,7
21;NL:Q:43001950;Ypelobrink;Enschede;42,5;1,1;20,5;0,2;11,6;0,2
21;NL:Q:43001960;Ypelobrink;Enschede;0,5;37,9;0,2;17,5;0,1;10,6
21;NL:Q:43001970;Zunabrink;Enschede;37,5;0,9;21,6;0,2;10,2;0,1
21;NL:Q:43001980;Zunabrink;Enschede;1,4;25,4;0,8;15,6;0,4;8,3
21;NL:Q:43002000;Hengeveldebrink;Enschede;14,1;4,2;8,5;2,5;4,3;1,8
21;NL:Q:43002090;Asterstraat;Enschede;1,3;17,0;1,0;9,3;0,7;4,1
21;NL:Q:43002100;Asterstraat;Enschede;10,7;0,6;4,7;0,1;2,0;0,2
21;NL:Q:43002110;Hyacintstraat;Enschede;0,2;3,0;0,1;2,3;0,1;0,9
21;NL:Q:43002120;Hyacintstraat;Enschede;9,5;0,3;4,5;0,1;1,8;0,1
21;NL:Q:43002130;Gladiolenstraat;Enschede;0,9;13,3;1,0;7,4;0,3;4,1
21;NL:Q:43002140;Gladiolenstraat;Enschede;8,4;0,5;4,8;0,2;2,6;0,1
21;NL:Q:43002220;Wkc Stroinkslanden;Enschede;4,5;69,8;1,9;39,6;1,2;22,8
21;NL:Q:43002290;Sportpark;Enschede;34,5;1,0;13,4;0,4;9,1;0,2
21;NL:Q:43002300;Sportpark;Enschede;0,6;31,2;0,1;11,4;0,1;8,8
21;NL:Q:43002310;Mariendaal;Enschede;21,0;1,2;8,5;0,2;3,3;0,2
21;NL:Q:43002320;Mariendaal;Enschede;0,8;18,4;0,1;7,1;0,1;3,3
21;NL:Q:43002510;Soendastraat;Enschede;5,2;13,3;3,5;5,7;1,9;3,4
21;NL:Q:43002520;Soendastraat;Enschede;8,3;6,1;3,7;3,7;1,9;2,0
21;NL:Q:43002530;Bankastraat;Enschede;6,1;19,3;1,9;6,9;0,9;5,0
21;NL:Q:43002540;Bankastraat;Enschede;17,9;7,6;6,5;1,7;3,1;0,9
21;NL:Q:43002570;Madioenstraat;Enschede;1,3;1,5;1,3;1,2;0,0;0,0
21;NL:Q:43002600;Aquadrome;Enschede;84,8;11,3;15,8;4,1;8,5;1,5
21;NL:Q:43002601;Aquadrome;Enschede;9,5;81,1;2,9;16,4;1,3;9,4
21;NL:Q:43002610;Brinkstraat;Enschede;2,0;1,4;1,4;1,3;0,0;0,0
21;NL:Q:43002630;J.P. Coenstraat;Enschede;3,6;4,6;0,8;0,7;0,0;0,0
21;NL:Q:43002650;Padangstraat;Enschede;4,7;3,7;1,5;0,9;0,0;0,0
21;NL:Q:43002830;De Hatteler;Enschede;26,5;28,0;14,5;14,7;7,8;9,9
21;NL:Q:43002850;Albert Cuypstraat;Enschede;4,7;30,0;2,2;16,2;1,4;10,1
21;NL:Q:43002860;Zuivelstraat;Enschede;24,7;2,6;10,1;2,9;6,7;0,7
21;NL:Q:43002870;Zuivelstraat;Enschede;6,6;47,4;3,1;25,1;2,1;18,8
21;NL:Q:43003070;Pathmossingel;Enschede;1,7;32,3;0,9;13,3;0,7;10,5
21;NL:Q:43003080;Pathmossingel;Enschede;5,0;1,0;2,1;0,6;1,2;0,1
21;NL:Q:43003090;Poolmansweg;Enschede;4,0;19,2;1,7;9,9;1,2;7,5
21;NL:Q:43003100;Poolmansweg;Enschede;12,2;0,7;5,7;0,2;3,3;0,1
21;NL:Q:43003110;Lindestraat;Enschede;1,8;8,8;0,8;4,9;0,5;2,7
21;NL:Q:43003120;Lindestraat;Enschede;4,3;0,2;1,8;0,1;0,9;0,0
21;NL:Q:43003250;Fre Cohenlaan;Enschede;156,2;154,4;79,4;80,1;45,1;43,8
21;NL:Q:43003280;Ferdinand Bolstraat;Enschede;19,0;10,8;9,9;6,2;4,4;3,3
21;NL:Q:43003400;Wkc Stroinkslanden;Enschede;2,9;2,4;2,0;1,7;0,0;0,0
21;NL:Q:43003440;Hanenberglanden;Enschede;61,3;50,6;28,3;23,1;15,7;16,4
21;NL:Q:43003460;Hesselinklanden;Enschede;43,0;30,2;21,7;14,7;12,5;8,6
21;NL:Q:43003480;Auskamplanden;Enschede;35,0;29,7;19,4;15,2;9,9;8,9
21;NL:Q:43003500;Hasmanlanden;Enschede;210,2;197,2;94,1;94,6;58,1;56,2
21;NL:Q:43003530;Tiemeister;Enschede;4,8;86,2;2,6;4,6;0,5;2,5
21;NL:Q:43003540;Tiemeister;Enschede;84,2;7,2;3,4;1,3;2,1;0,5
21;NL:Q:43003570;Schabbinklanden;Enschede;0,5;31,0;0,1;16,1;0,4;8,2
21;NL:Q:43003580;Schabbinklanden;Enschede;22,1;0,4;10,2;0,0;5,9;0,1
21;NL:Q:43003600;Bekmanlanden;Enschede;23,4;14,1;9,6;6,6;5,1;3,7
21;NL:Q:43003620;Vrielinklanden;Enschede;32,7;20,5;14,5;8,1;7,3;5,3
21;NL:Q:43003640;Verwooldslanden;Enschede;28,3;0,9;16,6;0,7;8,6;0,3
21;NL:Q:43003700;Verzorgingshuis De Posten;Enschede;0,3;0,2;0,2;0,2;0,0;0,0
21;NL:Q:43003870;Buurserstraat;Enschede;2,2;33,6;0,5;11,5;0,3;8,4
21;NL:Q:43003880;Buurserstraat;Enschede;45,6;5,1;17,8;2,1;10,9;1,4
21;NL:Q:43003900;Zenderenbrink;Enschede;0,2;0,7;0,1;0,1;0,0;0,0
21;NL:Q:43004010;Borstelweg;Enschede;13,5;18,2;4,8;7,2;3,2;5,2
21;NL:Q:43004020;Borstelweg;Enschede;16,7;11,6;7,4;3,5;4,2;2,7
21;NL:Q:43004210;Binnenhaven;Enschede;1,0;3,0;0,0;0,0;0,0;0,0
21;NL:Q:43004220;De Ossenboer;Enschede;1,2;1,9;0,0;0,0;0,0;0,0
21;NL:Q:43004230;Strootsweg;Enschede;4,4;6,0;0,0;0,0;0,0;0,0
21;NL:Q:43004370;Dr. J. Wagenaarstraat;Enschede;4,0;0,7;1,3;0,2;0,5;1,4
21;NL:Q:43004480;Josink Kolkweg;Enschede;2,8;1,7;0,0;0,0;0,0;0,0
21;NL:Q:43004490;Josink Es;Enschede;2,8;1,7;0,0;0,0;0,0;0,0
21;NL:Q:43004550;Olympialaan;Enschede;6,5;3,6;1,4;0,7;0,0;0,0
21;NL:Q:43004590;Hendrik Smeltweg;Enschede;18,1;19,4;5,3;5,8;0,0;0,0
21;NL:Q:43005030;C.F. Klaarstraat;Enschede;82,3;82,3;36,9;31,2;20,1;21,3
21;NL:Q:43005040;C.F. Klaarstraat;Enschede;1,9;1,4;0,2;0,6;0,4;0,8
21;NL:Q:43005190;Wooldrik;Enschede;99,6;99,5;33,3;37,7;16,9;25,2
21;NL:Q:43005440;Schuttersveld;Enschede;88,9;130,1;13,7;41,0;11,7;21,8
21;NL:Q:43005450;Schuttersveld;Enschede;52,3;33,7;16,2;9,3;9,0;5,0
21;NL:Q:43005530;G.J. van Heekpark;Enschede;49,8;35,7;11,3;11,0;7,8;7,1
21;NL:Q:43005540;G.J. van Heekpark;Enschede;30,8;39,8;11,3;9,5;5,7;7,9
21;NL:Q:43005570;Ledeboerpark;Enschede;43,6;26,8;12,5;11,5;7,6;8,4
21;NL:Q:43005580;Ledeboerpark;Enschede;27,1;42,8;13,8;10,2;8,9;12,9
21;NL:Q:43005590;Uranusstraat;Enschede;32,9;35,2;11,7;11,9;9,5;9,7
21;NL:Q:43005600;Uranusstraat;Enschede;33,2;34,2;12,2;12,2;9,0;13,8
21;NL:Q:43005630;Westerbegraafplaats/UT;Enschede;231,7;247,1;8,3;18,1;3,6;12,0
21;NL:Q:43005640;Westerbegraafplaats/UT;Enschede;261,8;268,7;27,5;8,7;15,9;7,8
21;NL:Q:43005710;Kennispark/UT;Enschede;47,5;93,2;17,2;14,6;11,8;19,1
21;NL:Q:43006030;De Klomp;Enschede;3,6;2,8;3,4;1,8;1,0;0,8
21;NL:Q:43006040;De Klomp;Enschede;2,6;8,0;1,4;8,3;0,4;2,2
21;NL:Q:43006090;Voortmansweg;Enschede;1,5;4,5;0,5;2,5;0,4;1,2
21;NL:Q:43006100;Voortmansweg;Enschede;5,1;3,8;2,3;1,2;0,8;1,8
21;NL:Q:43006140;Driesprong;Lonneker;0,8;0,5;0,2;0,1;0,2;0,1
21;NL:Q:43006160;Kotkampweg;Enschede;10,8;9,5;6,2;4,2;3,6;2,8
21;NL:Q:43006170;Kotkampweg;Enschede;11,2;11,4;5,6;5,8;3,0;2,4
21;NL:Q:43006980;Veldkampstraat;Enschede;2,6;11,5;0,9;4,5;0,4;2,9
21;NL:Q:43006990;Veldkampstraat;Enschede;9,2;2,5;2,8;0,5;1,4;0,6
21;NL:Q:43007120;Getfertsingel;Enschede;17,0;1,0;8,3;0,3;4,2;0,2
21;NL:Q:43007130;Getfertsingel;Enschede;0,9;14,6;1,1;6,3;0,2;4,9
21;NL:Q:43007140;Stevenfennestraat;Enschede;44,7;2,3;22,6;0,7;13,5;0,7
21;NL:Q:43007150;Stevenfennestraat;Enschede;1,7;37,6;0,9;20,0;0,6;11,4
21;NL:Q:43007160;Dr. v.d. Zandestraat;Enschede;37,3;2,4;23,7;1,1;13,0;0,7
21;NL:Q:43007170;Dr. v.d. Zandestraat;Enschede;1,9;35,9;1,1;23,2;0,7;14,9
21;NL:Q:43007180;Borgbos;Enschede;6,6;2,7;3,1;1,0;2,4;0,8
21;NL:Q:43007190;Borgbos;Enschede;2,5;9,7;0,7;4,3;0,4;3,5
21;NL:Q:43008030;Floraparkstraat;Enschede;34,3;27,3;20,0;15,6;9,1;6,1
21;NL:Q:43008050;Onlandhorst;Enschede;2,5;2,5;1,5;1,8;0,9;1,0
21;NL:Q:43008070;Wkc Stokhorst;Enschede;13,1;13,2;8,5;7,8;3,5;3,1
21;NL:Q:43008090;Hoge Boekelerweg;Enschede;10,0;7,9;6,9;5,7;2,9;2,4
21;NL:Q:43008110;Wkc 't Ribbelt;Enschede;9,0;6,5;3,9;2,6;2,0;1,6
21;NL:Q:43008130;Dotterbloemstraat;Enschede;5,3;0,3;4,0;0,7;1,2;0,1
21;NL:Q:43008200;Lindenhof;Enschede;46,9;21,9;23,6;9,9;11,3;5,0
21;NL:Q:43008220;Wooldrik;Enschede;3,3;0,5;1,0;0,1;1,2;0,2
21;NL:Q:43008240;Marie de Roodelaan;Enschede;13,1;9,7;6,2;4,6;3,7;3,4
21;NL:Q:43009003;Henriette Ronnerlaan;Enschede;22,1;24,7;8,0;9,7;3,2;5,0
21;NL:Q:43010010;Lindenhof;Enschede;21,1;49,9;9,8;23,4;4,5;9,6
21;NL:Q:43010030;Winterweg;Enschede;28,1;30,1;10,2;10,8;4,7;4,8
21;NL:Q:43010050;Dolphia;Enschede;55,7;57,8;21,9;23,0;11,7;12,6
21;NL:Q:43010070;Esmarkelaan;Enschede;50,9;55,3;20,2;22,1;9,1;8,9
21;NL:Q:43010110;Oikos;Glanerbrug;69,1;59,2;30,6;29,1;19,8;16,8
21;NL:Q:43010140;Schoolstraat;Glanerbrug;71,6;45,4;34,3;18,4;16,2;9,5
21;NL:Q:43010220;Tolstraat;Glanerbrug;33,5;39,9;14,4;15,8;7,5;9,7
21;NL:Q:43010240;Symfoniestraat;Glanerbrug;47,7;48,7;20,0;18,3;11,3;15,0
21;NL:Q:43010330;Ekersdijk;Glanerbrug;329,6;310,1;131,3;145,0;77,4;82,0
21;NL:Q:43010350;Eilermarke;Glanerbrug;55,8;66,6;22,3;26,9;12,7;17,0
21;NL:Q:43010370;Schipholtstraat;Glanerbrug;53,2;56,5;25,3;24,5;11,3;13,3
21;NL:Q:43011040;Winterweg;Enschede;1,2;0,2;0,3;0,1;0,3;0,0
21;NL:Q:43011060;Dolphia;Enschede;2,2;0,2;0,7;0,1;1,1;0,1
21;NL:Q:43011080;Esmarkelaan;Enschede;2,0;0,1;0,5;0,3;0,6;0,1
21;NL:Q:43011120;Zwarteweg;Glanerbrug;74,1;16,1;40,2;4,8;19,7;3,3
21;NL:Q:43021790;Boskamphoek;Enschede;3,8;16,7;1,5;8,3;0,8;3,9
21;NL:Q:43021800;Boskamphoek;Enschede;17,8;5,2;9,9;2,3;5,0;2,4
21;NL:Q:43021810;Herikebrink;Enschede;2,6;23,4;0,8;8,7;0,6;3,9
21;NL:Q:43021830;Beekwoudehoek;Enschede;5,6;24,9;3,2;12,1;1,8;6,9
21;NL:Q:43021840;Beekwoudehoek;Enschede;31,0;8,8;14,8;5,1;9,8;4,4
21;NL:Q:43021850;Honinglohoek;Enschede;14,7;37,0;5,8;18,2;3,0;9,8
21;NL:Q:43021860;Honinglohoek;Enschede;46,6;15,7;23,2;8,7;13,4;7,0
21;NL:Q:43021870;Wkc Helmerhoek;Enschede;11,1;36,9;4,5;15,7;2,4;7,1
21;NL:Q:43021880;Wkc Helmerhoek;Enschede;40,9;16,2;19,0;7,2;9,2;6,0
21;NL:Q:43021970;Graeshoek;Enschede;6,4;10,6;2,2;6,2;1,7;3,4
21;NL:Q:43021980;Graeshoek;Enschede;9,7;6,6;6,0;2,7;3,6;2,7
21;NL:Q:43021990;Hengeveldebrink;Enschede;1,3;12,6;0,7;7,3;0,4;3,7
21;NL:Q:43022000;Disselhoek;Enschede;197,9;168,8;91,4;84,1;72,1;58,4
21;NL:Q:43022010;Dubbelinckhoek;Enschede;6,1;10,2;1,7;4,9;0,9;2,1
21;NL:Q:43022020;Dubbelinckhoek;Enschede;12,2;7,7;4,5;4,3;1,7;2,6
21;NL:Q:43100010;Chroomsteden;Enschede;0,9;1,0;0,0;0,0;0,0;0,0
21;NL:Q:43100020;Staalsteden Oost;Enschede;2,1;4,1;0,0;0,0;0,0;0,0
21;NL:Q:43100030;Marssteden Zuid;Enschede;1,9;2,3;0,0;0,0;0,0;0,0
21;NL:Q:43100040;IJzersteden;Enschede;4,2;4,1;0,0;0,0;0,0;0,0
21;NL:Q:43100050;Staalsteden West;Enschede;2,5;5,3;0,0;0,0;0,0;0,0
21;NL:Q:43100080;Tinsteden;Enschede;3,3;1,3;0,0;0,0;0,0;0,0
21;NL:Q:43100350;Windmolenweg/Centrum;Boekelo;2,2;0,1;0,5;0,0;0,0;0,0
21;NL:Q:43100355;Windmolenweg/Centrum;Boekelo;0,4;3,0;0,0;0,5;0,0;0,0
21;NL:Q:43100360;Smaragdstraat;Boekelo;0,7;0,4;0,1;0,1;0,0;0,0
21;NL:Q:43100370;Smaragdstraat;Boekelo;0,3;0,0;0,1;0,0;0,0;0,0
21;NL:Q:43100410;Marcellinuskerk;Boekelo;3,9;3,8;0,7;1,0;0,0;0,0
21;NL:Q:43100600;De Blekerij;Boekelo;4,0;0,1;0,8;0,0;0,0;0,0
21;NL:Q:43100780;Henry Dunantlaan;Boekelo;0,2;1,0;0,0;0,3;0,0;0,0
21;NL:Q:43100800;Weleweg;Boekelo;0,1;2,2;0,0;0,1;0,0;0,0
21;NL:Q:43100970;Marssteden;Enschede;4,4;0,2;0,0;0,0;0,0;0,0
21;NL:Q:43101010;Kopersteden;Enschede;2,2;5,7;0,0;0,0;0,0;0,0
21;NL:Q:43110010;Oude Grensweg;Hengelo;21,4;6,7;7,5;1,6;4,9;2,4
21;NL:Q:43110060;Kennispark;Enschede;80,5;56,9;14,3;22,2;10,7;17,9
21;NL:Q:43110070;De Broeierd;Enschede;36,6;69,4;18,6;22,7;12,1;52,8
21;NL:Q:43110080;De Broeierd;Enschede;61,2;31,7;32,4;11,2;21,6;9,6
21;NL:Q:43110120;UT/Drienerbeeklaan;Enschede;15,1;5,4;9,1;1,4;4,0;0,6
21;NL:Q:43110130;UT/Drienerbeeklaan;Enschede;2,8;19,3;0,9;12,8;1,1;7,0
21;NL:Q:43110140;UT/Hoofdingang;Enschede;9,9;1,6;0,0;0,0;0,0;0,0
21;NL:Q:43110150;UT/Hoofdingang;Enschede;1,4;12,1;0,0;0,0;0,0;0,0
21;NL:Q:43110170;Kettingbrug;Hengelo;12,1;7,7;6,3;3,7;5,0;2,3
21;NL:Q:43110180;Kettingbrug;Hengelo;2,6;4,8;0,7;1,8;0,3;1,1
21;NL:Q:43110190;Station Kennispark;Enschede;49,4;64,0;14,8;28,8;26,4;16,7
21;NL:Q:43110230;UT/Calslaan;Enschede;2,0;0,1;13,7;1,0;9,1;0,4
21;NL:Q:43110240;UT/Calslaan;Enschede;0,2;4,4;0,6;14,9;0,8;14,1
21;NL:Q:43110250;UT/Reelaan;Enschede;3,4;23,4;2,2;21,3;2,5;13,5
21;NL:Q:43110260;UT/Reelaan;Enschede;23,0;1,5;23,8;1,0;13,2;0,7
21;NL:Q:43110270;UT/Langenkampweg;Enschede;109,2;88,3;75,6;67,4;51,1;73,7
21;NL:Q:43110280;UT/Sportcentrum;Enschede;82,4;2,7;119,9;1,5;72,2;1,2
21;NL:Q:43110285;UT/Sportcentrum;Enschede;3,9;60,1;2,1;118,2;1,7;86,9
21;NL:Q:43110310;UT/Hallenweg;Enschede;9,6;19,1;0,0;0,0;0,0;0,0
21;NL:Q:43110320;UT/Hallenweg;Enschede;0,4;17,9;0,0;0,0;0,0;0,0
21;NL:Q:43110330;UT/Bastille;Enschede;4,5;67,5;0,0;0,0;0,0;0,0
21;NL:Q:43110340;UT/Bastille;Enschede;59,7;0,8;0,0;0,0;0,0;0,0
21;NL:Q:43111290;UT/De Zul;Enschede;1,5;122,2;0,0;0,0;0,0;0,0
21;NL:Q:43111300;UT/De Zul;Enschede;141,4;2,1;0,0;0,0;0,0;0,0
21;NL:Q:43130010;Platinastraat;Hengelo;9,0;35,5;1,4;5,8;0,8;1,6
21;NL:Q:43130030;Bellersweg;Beckum;0,2;2,7;0,1;0,6;0,0;0,3
21;NL:Q:43130040;Bellersweg;Beckum;1,8;0,2;0,4;0,0;0,0;0,6
21;NL:Q:43130050;Sluitersdijk;Beckum;0,2;0,3;0,1;0,1;0,0;0,2
21;NL:Q:43130060;Sluitersdijk;Beckum;0,7;0,2;0,2;0,1;0,6;0,1
21;NL:Q:43130080;Wolfkaterweg;Beckum;11,8;1,2;5,9;0,4;4,5;0,3
21;NL:Q:43130090;R.K. Kerk;Beckum;1,8;25,0;1,2;19,4;0,7;11,7
21;NL:Q:43130100;R.K. Kerk;Beckum;5,6;0,9;4,7;1,0;1,5;0,5
21;NL:Q:43130140;Bentelerweg;Beckum;1,6;0,2;0,7;0,1;0,4;0,0
21;NL:Q:43150010;Grens;Buurse;2,3;0,0;0,0;0,0;0,0;0,0
21;NL:Q:43150020;Grens;Buurse;0,2;2,6;0,0;0,0;0,0;0,0
21;NL:Q:43150030;Braambrug;Buurse;0,7;0,2;0,0;0,0;0,0;0,0
21;NL:Q:43150040;Braambrug;Buurse;0,1;1,2;0,0;0,0;0,0;0,0
21;NL:Q:43150050;Zuidgrensweg;Buurse;1,1;0,1;0,0;0,0;0,0;0,0
21;NL:Q:43150060;Zuidgrensweg;Buurse;0,1;1,8;0,0;0,0;0,0;0,0
21;NL:Q:43150090;Zendvelderweg;Buurse;0,4;0,1;0,0;0,0;0,0;0,0
21;NL:Q:43150100;Zendvelderweg;Buurse;0,0;0,4;0,0;0,0;0,0;0,0
21;NL:Q:43150110;Hofweg;Buurse;0,3;0,0;0,0;0,0;0,0;0,0
21;NL:Q:43150120;Hofweg;Buurse;0,0;0,5;0,0;0,0;0,0;0,0
21;NL:Q:43150130;Koekkoeksbrug;Buurse;0,6;0,1;0,0;0,0;0,0;0,0
21;NL:Q:43150140;Koekkoeksbrug;Buurse;0,1;0,6;0,0;0,0;0,0;0,0
21;NL:Q:43150150;De Noor;Buurse;3,1;2,7;0,0;0,0;0,0;0,0
21;NL:Q:43160150;Rotonde Haaksbergerstraat;Hengevelde;2,8;0,8;0,0;0,0;0,0;0,0
21;NL:Q:43160152;Rotonde Haaksbergerstraat;Hengevelde;1,1;0,4;0,1;0,1;0,0;0,0
21;NL:Q:43160160;Rotonde Haaksbergerstraat;Hengevelde;0,5;2,5;0,0;0,0;0,0;0,0
21;NL:Q:43160162;Rotonde Haaksbergerstraat;Hengevelde;0,4;0,2;0,1;0,0;0,0;0,0
21;NL:Q:43160210;Dorreweg;Hengevelde;0,1;0,0;0,0;0,0;0,0;0,0
21;NL:Q:43160220;Dorreweg;Hengevelde;0,0;0,2;0,0;0,0;0,0;0,0
21;NL:Q:43160250;Kerk;Hengevelde;6,9;19,4;1,1;4,5;0,0;0,0
21;NL:Q:43160260;Kerk;Hengevelde;19,0;5,5;4,0;1,0;0,0;0,0
21;NL:Q:43160310;Transformatorhuis;Hengevelde;0,2;2,4;0,0;0,2;0,0;0,0
21;NL:Q:43160320;Transformatorhuis;Hengevelde;0,6;0,3;0,0;0,1;0,0;0,0
21;NL:Q:43160370;Centrum;Sint Isidorushoeve;0,9;1,7;0,1;0,4;0,0;0,0
21;NL:Q:43160382;Centrum;Sint Isidorushoeve;1,4;2,0;0,2;0,9;0,0;0,0
21;NL:Q:43160390;Weg naar Rietmolen;Sint Isidorushoeve;0,1;0,2;0,2;0,2;0,0;0,0
21;NL:Q:43160400;Weg naar Rietmolen;Sint Isidorushoeve;1,0;0,6;0,8;0,0;0,0;0,0
21;NL:Q:43170010;Driesprong;Lonneker;2,0;1,2;0,2;0,3;0,4;0,1
21;NL:Q:43170030;Lonnekermolenweg;Losser;0,4;2,7;0,1;0,7;0,1;0,6
21;NL:Q:43170040;Lonnekermolenweg;Losser;0,4;2,0;0,5;1,5;0,2;1,2
21;NL:Q:43170050;Oude Losserseweg;Losser;0,3;0,4;0,1;0,1;0,0;0,3
21;NL:Q:43170060;Oude Losserseweg;Losser;1,4;1,6;1,1;1,3;0,8;1,4
21;NL:Q:43170070;Landweerweg;Losser;0,1;0,6;0,0;0,0;0,0;0,2
21;NL:Q:43170080;Landweerweg;Losser;1,3;0,3;1,1;0,0;1,3;0,0
21;NL:Q:43170100;Zoekerweg;Losser;0,6;0,1;0,1;0,3;0,3;0,1
21;NL:Q:43180030;Dorpsstraat;Lonneker;1,0;5,0;0,2;2,1;0,0;0,9
21;NL:Q:43180040;Dorpsstraat;Lonneker;3,8;0,9;1,7;0,3;0,6;0,1
21;NL:Q:43180050;Scholten Reimerstraat;Lonneker;3,5;16,3;2,1;5,7;1,1;2,6
21;NL:Q:43180060;Scholten Reimerstraat;Lonneker;16,8;3,2;6,3;1,3;3,2;1,3
21;NL:Q:43180070;Beukerweg;Lonneker;4,3;2,2;0,3;1,7;1,8;0,8
21;NL:Q:43180080;Beukerweg;Lonneker;2,2;0,7;1,9;0,2;0,9;1,0
21;NL:Q:43180090;Landweerweg;Lonneker;0,4;10,2;0,2;3,4;0,4;4,7
21;NL:Q:43180100;Landweerweg;Lonneker;4,7;1,6;2,0;0,7;1,3;0,4
21;NL:Q:43180110;Prins Bernhardpark;Lonneker;0,3;1,2;0,2;0,3;0,0;0,7
21;NL:Q:43180120;Prins Bernhardpark;Lonneker;2,4;0,2;0,5;0,1;0,5;0,0
21;NL:Q:43180130;Veendijk;Lonneker;0,5;0,8;0,0;0,3;0,1;0,3
21;NL:Q:43180140;Veendijk;Lonneker;0,5;0,2;0,1;0,0;0,2;0,0
21;NL:Q:43180160;Hanzepoort;Oldenzaal;13,5;6,9;2,0;1,5;1,4;0,5
21;NL:Q:43210020;Berfloplein;Hengelo;4,3;0,3;0,0;0,0;0,0;0,0
21;NL:Q:43210040;Brouwerijstraat;Hengelo;11,0;3,7;0,0;0,0;0,0;0,0
21;NL:Q:43210050;Brouwerijstraat;Hengelo;0,0;0,7;0,0;0,4;0,0;0,0
21;NL:Q:43210060;Twekkelerplein;Hengelo;1,2;1,0;0,0;0,0;0,0;0,0
21;NL:Q:43210070;Twekkelerplein;Hengelo;0,5;2,1;0,5;1,0;0,0;0,0
21;NL:Q:43210080;Athenestraat;Hengelo;2,0;0,5;0,0;0,0;0,0;0,0
21;NL:Q:43210090;Athenestraat;Hengelo;0,2;2,3;0,5;1,5;0,0;0,0
21;NL:Q:43210100;Berfloplein;Hengelo;0,5;3,3;0,7;1,0;0,1;0,2
21;NL:Q:43210110;Berfloweg;Hengelo;1,9;2,3;1,2;1,7;0,0;0,1
21;NL:Q:43210121;Berfloweg;Hengelo;0,1;0,0;0,1;0,1;0,1;0,0
21;NL:Q:43210130;Pruisische Veldweg;Hengelo;2,0;1,3;1,5;1,4;0,0;0,0
21;NL:Q:43210140;Pruisische Veldweg;Hengelo;0,7;0,2;0,0;0,0;0,0;0,0
21;NL:Q:43210150;Vuurdoornplein;Hengelo;10,8;12,0;3,4;7,1;0,2;0,0
21;NL:Q:43210160;Vuurdoornplein;Hengelo;0,5;0,1;0,1;0,2;0,1;0,1
21;NL:Q:43210190;Heraklesstraat;Hengelo;1,8;2,8;0,8;1,5;0,0;0,1
21;NL:Q:43210200;Heraklesstraat;Hengelo;0,1;0,0;0,1;0,1;0,1;0,1
21;NL:Q:43210290;Gerardus Majella;Hengelo;5,8;15,9;3,1;5,8;1,8;4,9
21;NL:Q:43210300;Gerardus Majella;Hengelo;10,8;7,4;2,8;3,7;2,4;2,4
21;NL:Q:43210380;Wkc Hengelose Es;Hengelo;42,1;10,6;15,6;2,9;0,0;0,0
21;NL:Q:43210390;Wkc Hengelose Es;Hengelo;11,0;44,1;5,8;18,1;4,6;11,9
21;NL:Q:43210430;Achterhoek;Hengelo;16,3;3,3;3,9;0,3;0,0;0,0
21;NL:Q:43210440;Achterhoek;Hengelo;2,1;13,6;1,2;5,2;1,2;3,4
21;NL:Q:43210520;Steenmeijerstraat;Hengelo;5,7;2,3;1,5;0,9;0,1;0,0
21;NL:Q:43210580;Pasteurstraat;Hengelo;5,6;5,1;2,3;2,1;0,3;0,2
21;NL:Q:43210590;Twickelcollege;Hengelo;7,9;6,7;2,7;1,9;0,2;0,4
21;NL:Q:43210610;Narcisstraat;Hengelo;1,4;2,9;0,4;0,5;0,1;0,1
21;NL:Q:43210645;Industriestraat;Hengelo;0,6;2,2;0,4;0,8;0,1;0,1
21;NL:Q:43210650;Nijverheidsstraat;Hengelo;0,5;1,5;0,5;0,4;0,0;0,0
21;NL:Q:43210670;Krabbenbosplein;Hengelo;1,0;1,6;1,4;2,1;0,0;0,1
21;NL:Q:43210690;Catharinastraat;Hengelo;1,8;2,8;0,8;1,0;0,0;0,1
21;NL:Q:43210710;Gezinastraat;Hengelo;1,9;3,0;1,7;1,9;0,1;0,1
21;NL:Q:43210730;Laurastraat;Hengelo;1,1;2,3;0,3;0,8;0,0;0,0
21;NL:Q:43210750;Babcockstraat;Hengelo;1,1;2,4;0,6;2,1;0,0;0,2
21;NL:Q:43210770;Zernikestraat;Hengelo;4,0;6,2;2,2;2,6;0,2;0,3
21;NL:Q:43210790;Meijersweg;Hengelo;0,6;1,7;0,4;1,0;0,0;0,1
21;NL:Q:43210820;Willem de Clerqstraat;Hengelo;1,5;4,5;0,2;1,3;0,0;0,0
21;NL:Q:43210850;Lansinkesweg;Hengelo;69,4;22,2;4,2;0,3;3,4;0,3
21;NL:Q:43210860;Lansinkesweg;Hengelo;13,6;121,3;0,8;6,1;0,4;3,6
21;NL:Q:43210890;GOLS-straat;Hengelo;1,2;0,9;0,7;0,1;0,0;0,0
21;NL:Q:43210940;Griegstraat;Hengelo;5,2;7,3;2,6;2,8;0,1;0,1
21;NL:Q:43210960;Kasbah;Hengelo;13,9;15,2;5,0;4,0;0,3;0,3
21;NL:Q:43210980;Paganinistraat;Hengelo;10,7;13,0;4,9;5,0;0,1;0,1
21;NL:Q:43211011;Centraal Station;Hengelo;523,7;13,0;183,1;4,0;122,4;4,4
21;NL:Q:43211012;Centraal Station;Hengelo;115,6;105,0;41,4;33,8;5,1;29,4
21;NL:Q:43211013;Centraal Station;Hengelo;178,9;2,3;17,8;0,1;0,0;0,0
21;NL:Q:43211015;Centraal Station;Hengelo;11,0;759,7;4,9;150,5;5,5;96,7
21;NL:Q:43211016;Centraal Station;Hengelo;63,3;118,0;14,9;45,8;1,0;1,6
21;NL:Q:43211017;Centraal Station;Hengelo;59,1;1,6;22,9;0,5;0,5;0,0
21;NL:Q:43211019;Centraal Station;Hengelo;409,0;2,0;109,7;0,1;71,2;0,1
21;NL:Q:43211020;Centraal Station;Hengelo;926,4;9,4;182,2;2,9;168,4;2,9
21;NL:Q:43211021;Centraal Station;Hengelo;6,4;936,5;2,8;288,0;1,7;157,5
21;NL:Q:43211022;Centraal Station;Hengelo;129,3;1,4;34,8;0,3;23,9;0,2
21;NL:Q:43211024;Centraal Station;Hengelo;4,4;232,1;12,1;82,0;27,7;50,2
21;NL:Q:43211030;Grundellaan;Hengelo;11,5;6,9;5,5;2,7;0,0;0,4
21;NL:Q:43211040;Grundellaan;Hengelo;1,2;3,6;0,2;1,8;0,0;0,1
21;NL:Q:43211060;Staringstraat;Hengelo;9,1;4,2;4,0;1,5;0,3;0,1
21;NL:Q:43211070;Klaverstraat;Hengelo;5,0;2,1;2,0;0,9;0,0;0,0
21;NL:Q:43211080;Klaverstraat;Hengelo;2,0;3,8;1,0;2,5;0,1;0,0
21;NL:Q:43211090;Van Koetsveldstraat;Hengelo;4,5;3,8;2,5;2,0;0,1;0,2
21;NL:Q:43211100;Van Koetsveldstraat;Hengelo;0,0;0,0;0,0;0,0;0,0;0,1
21;NL:Q:43211110;Rhijnvis Feithstraat;Hengelo;10,0;7,9;3,7;3,1;0,2;0,3
21;NL:Q:43211120;Rhijnvis Feithstraat;Hengelo;0,1;0,1;0,1;0,0;0,2;0,1
21;NL:Q:43211130;Jan Prinsstraat;Hengelo;24,4;28,3;8,1;8,6;0,1;0,6
21;NL:Q:43211140;Jan Prinsstraat;Hengelo;0,1;0,1;0,1;0,2;0,7;0,2
21;NL:Q:43211150;Willem de Merodestraat;Hengelo;9,1;4,2;3,4;1,3;0,2;0,1
21;NL:Q:43211170;'t Swafert;Hengelo;6,7;3,1;4,1;1,7;0,3;0,1
21;NL:Q:43211190;Wkc Groot Driene;Hengelo;6,0;1,9;1,8;0,8;0,4;0,1
21;NL:Q:43211200;Boomgaard;Hengelo;17,0;12,0;7,3;3,6;0,7;0,3
21;NL:Q:43211230;Sportlaan Driene;Hengelo;75,7;82,7;24,8;26,5;0,3;0,2
21;NL:Q:43211240;IKEA;Hengelo;10,9;24,5;9,6;17,0;7,1;12,5
21;NL:Q:43211250;IKEA;Hengelo;22,8;12,4;17,4;11,0;13,4;7,2
21;NL:Q:43211260;Vosboer;Hengelo;4,5;10,1;0,3;1,4;0,2;0,7
21;NL:Q:43211270;Vosboer;Hengelo;9,5;5,0;1,1;0,4;1,7;0,3
21;NL:Q:43211290;Wkc Groot Driene;Hengelo;0,0;0,3;0,0;0,1;0,0;0,2
21;NL:Q:43211350;Wkc Hasselo;Hengelo;49,1;8,7;28,5;4,6;13,4;0,6
21;NL:Q:43211360;Wkc Hasselo;Hengelo;4,0;46,1;2,2;28,4;0,6;19,8
21;NL:Q:43211380;Robert Stolzstraat;Hengelo;24,4;14,2;24,9;13,7;39,1;20,6
21;NL:Q:43211410;Middelhoek;Hengelo;25,9;16,0;9,8;7,5;7,2;7,6
21;NL:Q:43211420;Middelhoek;Hengelo;9,2;16,5;1,7;3,9;0,0;0,0
21;NL:Q:43211450;Molendijkhoek;Hengelo;23,6;16,4;11,7;9,1;8,1;10,2
21;NL:Q:43211460;Molendijkhoek;Hengelo;7,2;15,5;2,5;6,6;0,0;0,0
21;NL:Q:43211490;Bovenhoek;Hengelo;55,9;27,1;26,2;12,7;12,8;12,0
21;NL:Q:43211500;Bovenhoek;Hengelo;11,2;33,2;4,4;12,1;0,0;0,0
21;NL:Q:43211510;Bruninkshoek;Hengelo;37,7;13,3;13,9;5,2;7,4;4,6
21;NL:Q:43211520;Bruninkshoek;Hengelo;4,4;22,0;1,0;6,5;0,0;0,0
21;NL:Q:43211530;Schothorsthoek;Hengelo;11,3;1,5;4,7;0,3;2,7;0,1
21;NL:Q:43211540;Schothorsthoek;Hengelo;0,8;12,3;0,1;6,1;0,1;5,8
21;NL:Q:43211570;Tijertshoek;Hengelo;120,6;70,3;27,2;18,4;0,0;0,0
21;NL:Q:43211580;Tijertshoek;Hengelo;127,1;110,4;35,5;32,2;0,0;0,0
21;NL:Q:43211590;Plein;Hengelo;4,6;1,4;2,8;0,8;2,1;0,4
21;NL:Q:43211600;Plein;Hengelo;1,3;5,4;0,9;2,2;0,6;1,1
21;NL:Q:43211610;Campus West;Hengelo;10,9;7,6;0,9;0,7;0,4;0,2
21;NL:Q:43211620;Campus West;Hengelo;7,6;11,5;0,4;1,0;0,2;0,3
21;NL:Q:43211630;Cleantech Campus;Hengelo;10,8;2,6;0,2;0,1;0,0;0,0
21;NL:Q:43211640;Cleantech Campus;Hengelo;1,7;10,9;0,2;0,4;0,2;0,2
21;NL:Q:43211670;Hazenweg;Hengelo;54,5;11,4;24,3;1,7;0,1;0,1
21;NL:Q:43211680;Hazenweg;Hengelo;9,2;52,7;3,9;24,6;8,0;14,2
21;NL:Q:43211710;Roershoek;Hengelo;8,3;13,7;4,9;8,0;5,7;6,1
21;NL:Q:43211720;Roershoek;Hengelo;11,9;7,9;4,7;2,2;0,0;0,0
21;NL:Q:43211730;Kristenbos;Hengelo;19,4;5,4;5,2;1,2;0,0;0,0
21;NL:Q:43211740;Kristenbos;Hengelo;4,9;16,1;3,1;7,8;3,5;4,2
21;NL:Q:43211750;Beekpark;Hengelo;6,9;20,1;2,9;7,9;4,4;5,3
21;NL:Q:43211760;Beekpark;Hengelo;19,9;8,2;4,7;1,5;0,0;0,0
21;NL:Q:43211870;Wkc Slangenbeek;Hengelo;28,7;51,4;10,1;13,4;10,2;10,9
21;NL:Q:43211880;Wkc Slangenbeek;Hengelo;53,3;28,8;10,5;5,6;0,0;0,0
21;NL:Q:43212010;Grundellaan;Hengelo;56,8;17,1;10,9;2,1;8,2;1,5
21;NL:Q:43212020;Grundellaan;Hengelo;7,2;108,6;0,7;29,8;0,7;15,7
21;NL:Q:43212030;Haverweg;Hengelo;71,2;30,5;19,9;8,6;13,1;5,4
21;NL:Q:43212040;Haverweg;Hengelo;29,8;72,3;9,1;17,8;4,9;11,1
21;NL:Q:43212060;Oude Grensweg;Hengelo;6,0;18,2;2,2;6,3;2,5;3,6
21;NL:Q:43212080;Henriette Roland Holststraat;Hengelo;0,1;0,2;0,0;0,0;0,0;0,1
21;NL:Q:43212100;De Brink;Hengelo;36,2;78,9;16,6;10,2;10,9;5,0
21;NL:Q:43212110;De Brink;Hengelo;55,0;65,5;20,4;39,6;21,2;16,3
21;NL:Q:43212120;Slachthuisweg;Hengelo;9,4;4,1;0,4;0,5;0,2;0,1
21;NL:Q:43212130;Slachthuisweg;Hengelo;3,2;12,7;0,5;0,6;0,2;0,3
21;NL:Q:43212140;Twente Milieu;Hengelo;4,0;2,7;0,5;0,4;0,1;0,0
21;NL:Q:43212150;Twente Milieu;Hengelo;2,5;5,8;0,2;0,7;0,1;0,3
21;NL:Q:43212180;Expo Westermaat;Hengelo;0,6;0,3;0,1;0,0;0,1;0,0
21;NL:Q:43212190;Expo Westermaat;Hengelo;0,3;0,8;0,0;0,1;0,0;0,1
21;NL:Q:43212260;Thiemsbrug;Hengelo;38,2;5,8;26,7;1,5;11,8;1,6
21;NL:Q:43212270;'t Wilbert West;Hengelo;2,2;2,1;0,6;0,3;0,6;1,0
21;NL:Q:43212280;'t Wilbert West;Hengelo;1,6;2,6;0,4;0,7;1,2;0,5
21;NL:Q:43212290;'t Wilbert Oost;Hengelo;11,5;1,3;4,2;0,4;0,0;0,0
21;NL:Q:43212300;'t Wilbert Oost;Hengelo;1,1;12,0;0,2;5,4;0,6;4,1
21;NL:Q:43212470;Boldershoekweg;Hengelo;0,2;2,7;0,0;0,0;0,0;0,0
21;NL:Q:43212480;Boldershoekweg;Hengelo;1,9;0,2;0,0;0,0;0,0;0,0
21;NL:Q:43212540;Onyxstraat;Hengelo;1,8;1,2;0,0;0,0;0,0;0,0
21;NL:Q:43212560;Makro;Hengelo;4,9;4,7;0,0;0,0;0,0;0,0
21;NL:Q:43212565;Robijnstraat;Hengelo;0,0;0,0;0,0;0,0;0,0;0,0
21;NL:Q:43212590;Thiemsbrug;Hengelo;49,9;9,2;35,6;3,0;15,3;2,5
21;NL:Q:43212600;Thiemsbrug;Hengelo;8,1;79,1;2,8;69,4;2,3;26,4
21;NL:Q:43212610;Campus Oost;Hengelo;8,2;1,3;0,5;0,4;0,0;0,0
21;NL:Q:43212620;Campus Oost;Hengelo;1,0;10,1;0,2;2,1;0,2;1,6
21;NL:Q:43212810;Buitenweg;Hengelo;2,8;11,5;0,4;1,4;0,4;1,3
21;NL:Q:43212820;Buitenweg;Hengelo;13,5;4,1;1,8;0,8;0,5;0,6
21;NL:Q:43212830;Geerdinksweg;Hengelo;4,2;11,6;2,4;3,8;1,3;1,8
21;NL:Q:43212840;Geerdinksweg;Hengelo;8,8;3,4;3,4;1,5;1,7;0,6
21;NL:Q:43212850;IJsselstraat;Hengelo;3,4;6,6;0,9;2,1;0,5;0,7
21;NL:Q:43212860;IJsselstraat;Hengelo;5,9;3,6;1,7;0,9;0,8;0,5
21;NL:Q:43212870;Vockersweg;Hengelo;3,8;39,8;0,4;1,8;0,3;0,7
21;NL:Q:43212880;Vockersweg;Hengelo;32,7;2,9;2,0;0,9;0,8;0,4
21;NL:Q:43212900;Platinastraat;Hengelo;23,7;6,3;4,2;2,0;1,1;0,7
21;NL:Q:43212910;Dieselstraat;Hengelo;12,6;1,6;7,2;1,1;1,7;0,5
21;NL:Q:43212920;Dieselstraat;Hengelo;1,3;7,7;0,5;3,8;0,5;2,1
21;NL:Q:43213010;M.A. de Ruyterstraat;Hengelo;1,5;3,9;0,0;0,6;0,0;0,0
21;NL:Q:43213020;M.A. de Ruyterstraat;Hengelo;4,1;0,6;1,0;0,2;0,9;0,1
21;NL:Q:43213050;Backenhagenlaan;Hengelo;0,8;10,5;0,2;2,6;0,0;0,0
21;NL:Q:43213060;Backenhagenlaan;Hengelo;14,3;2,6;6,0;0,9;4,9;0,8
21;NL:Q:43213070;Hamerstraat;Hengelo;0,7;10,2;0,2;2,8;0,0;0,1
21;NL:Q:43213080;Hamerstraat;Hengelo;9,0;1,5;3,5;1,4;2,6;1,1
21;NL:Q:43213090;Klaas de Rookstraat;Hengelo;0,4;16,1;0,1;3,6;0,0;0,1
21;NL:Q:43213100;Klaas de Rookstraat;Hengelo;26,3;15,8;22,4;22,6;40,9;47,8
21;NL:Q:43213150;Westelijke Esweg;Hengelo;9,2;1,3;2,0;0,1;0,0;0,0
21;NL:Q:43213170;Westelijke Esweg;Hengelo;2,1;11,9;0,2;2,0;0,0;0,0
21;NL:Q:43213300;ZGT Hoofdingang;Hengelo;45,4;43,4;16,4;16,0;0,1;0,3
21;NL:Q:43213311;ZGT Oost;Hengelo;0,1;0,1;0,0;0,0;0,0;0,1
21;NL:Q:43213320;Aletta Jacobslaan;Hengelo;1,1;1,6;0,6;0,5;0,0;0,0
21;NL:Q:43213340;Sabina Klinkhamerweg;Hengelo;7,7;4,8;1,4;1,9;0,1;0,0
21;NL:Q:43214030;Het Broek;Hengelo;21,2;35,5;10,0;15,3;9,0;11,1
21;NL:Q:43214040;Het Broek;Hengelo;39,1;22,3;9,6;4,4;0,0;0,0
21;NL:Q:43214050;Boortorenweg;Hengelo;0,2;4,8;0,0;0,0;0,0;0,0
21;NL:Q:43214055;Zoutwinningsweg;Hengelo;0,2;0,0;0,0;0,1;0,0;0,0
21;NL:Q:43214060;Boortorenweg;Hengelo;2,1;0,1;0,9;0,9;0,0;0,0
21;NL:Q:43214061;Boortorenweg;Hengelo;0,0;0,0;0,0;0,0;0,0;0,0
21;NL:Q:43214065;Zoutwinningsweg;Hengelo;0,0;0,0;0,0;0,0;0,0;0,0
21;NL:Q:43214070;Willem de Kooningstraat;Hengelo;17,9;2,1;3,8;0,7;0,0;0,0
21;NL:Q:43214080;Willem de Kooningstraat;Hengelo;1,7;19,1;0,9;5,4;1,6;2,7
21;NL:Q:43215000;Station Hengelo Oost;Hengelo;4,2;5,1;1,9;2,0;0,2;0,1
21;NL:Q:43215010;Klein Driene;Hengelo;21,4;7,4;10,8;3,2;6,1;1,3
21;NL:Q:43215020;Klein Driene;Hengelo;6,6;22,0;3,2;11,9;1,8;6,9
21;NL:Q:43215030;De Noork;Hengelo;38,2;8,5;18,4;3,5;12,3;1,4
21;NL:Q:43215040;De Noork;Hengelo;7,4;37,4;2,5;20,2;1,4;15,6
21;NL:Q:43218090;Sabastraat;Hengelo;4,3;1,8;1,0;0,3;0,0;0,0
21;NL:Q:43218110;Balistraat;Hengelo;0,8;2,3;0,3;1,2;0,0;0,0
21;NL:Q:43218130;Mitchamplein;Hengelo;1,1;0,3;0,4;0,2;0,0;0,0
21;NL:Q:43218141;Floresstraat;Hengelo;0,0;0,0;0,0;0,0;0,0;0,0
21;NL:Q:43219160;Flemingstraat;Hengelo;0,1;0,1;0,0;0,0;0,0;0,0
21;NL:Q:43220011;Molkenboer;Oldenzaal;1,0;9,4;0,6;4,5;0,0;2,4
21;NL:Q:43220012;Molkenboer;Oldenzaal;5,2;3,5;2,1;1,6;1,5;0,2
21;NL:Q:43220100;Kalheupinklaan;Oldenzaal;0,7;0,1;0,1;0,0;0,0;0,0
21;NL:Q:43220110;Kalheupinklaan;Oldenzaal;0,1;0,7;0,1;0,0;0,0;0,0
21;NL:Q:43220120;Guido Gezellestraat;Oldenzaal;2,4;5,5;0,5;1,7;0,5;0,9
21;NL:Q:43220130;Guido Gezellestraat;Oldenzaal;18,6;4,7;6,9;1,6;2,4;1,0
21;NL:Q:43220160;Wkc De Thij;Oldenzaal;19,8;10,7;6,3;4,0;3,9;2,1
21;NL:Q:43220170;Wkc De Thij;Oldenzaal;7,3;11,0;3,4;4,8;0,6;1,9
21;NL:Q:43220180;Cato Elderinklaan;Oldenzaal;10,1;8,3;2,9;2,9;2,6;2,1
21;NL:Q:43220190;Cato Elderinklaan;Oldenzaal;7,3;7,6;2,9;3,1;0,8;1,3
21;NL:Q:43220250;Saasvelderlaan;Oldenzaal;8,4;6,1;1,7;1,6;1,1;0,7
21;NL:Q:43220260;Saasvelderlaan;Oldenzaal;4,3;5,4;1,0;1,6;0,4;0,5
21;NL:Q:43220270;Oude Postweg;Oldenzaal;1,6;1,5;0,3;0,4;0,6;1,5
21;NL:Q:43220280;Oude Postweg;Oldenzaal;1,4;2,0;0,3;0,4;1,5;0,3
21;NL:Q:43220290;Nardusboer;Oldenzaal;1,7;1,6;1,0;0,9;0,4;0,6
21;NL:Q:43220300;Nardusboer;Oldenzaal;2,8;2,4;0,7;0,6;0,5;0,2
21;NL:Q:43220400;Griekenlandlaan;Oldenzaal;3,8;1,4;0,3;0,3;0,2;0,2
21;NL:Q:43220410;Ziekenhuis;Oldenzaal;35,5;17,7;5,8;6,3;2,4;3,3
21;NL:Q:43220411;Ziekenhuis;Oldenzaal;51,4;67,8;13,0;13,7;6,9;7,1
21;NL:Q:43220430;Hofmeijerstraat;Oldenzaal;7,8;18,3;2,9;7,1;1,5;2,1
21;NL:Q:43220440;Hofmeijerstraat;Oldenzaal;11,1;11,0;4,2;6,8;1,2;2,8
21;NL:Q:43220450;Vos de Waelstraat;Oldenzaal;51,5;28,7;15,8;10,1;8,2;4,6
21;NL:Q:43220460;Vos de Waelstraat;Oldenzaal;39,5;51,5;12,3;24,2;5,3;11,1
21;NL:Q:43220470;Richter Bosstraat;Oldenzaal;13,2;8,0;4,7;3,7;3,4;1,8
21;NL:Q:43220480;Thijsniederweg;Oldenzaal;17,7;10,2;3,0;3,5;2,9;0,8
21;NL:Q:43220490;Thijsniederweg;Oldenzaal;10,3;9,1;2,5;1,8;1,0;0,7
21;NL:Q:43220500;Koksweg;Oldenzaal;2,8;7,0;1,6;6,0;2,5;0,6
21;NL:Q:43220511;Tijgaardenstraat;Oldenzaal;8,3;6,2;3,2;1,8;2,1;1,3
21;NL:Q:43220521;Tijgaardenstraat;Oldenzaal;3,4;4,9;0,8;2,5;0,3;1,2
21;NL:Q:43220531;Viaduct Graven Es;Oldenzaal;8,6;4,7;1,4;1,2;1,4;0,7
21;NL:Q:43220541;Viaduct Graven Es;Oldenzaal;3,0;5,6;0,7;1,5;0,3;0,8
21;NL:Q:43220551;Engelbertinklaan;Oldenzaal;5,1;4,4;1,6;1,8;1,6;0,7
21;NL:Q:43220561;Engelbertinklaan;Oldenzaal;3,5;2,8;1,0;1,0;0,2;0,8
21;NL:Q:43220570;Hunenveldweg;Oldenzaal;11,0;23,0;2,5;1,9;1,0;0,7
21;NL:Q:43220580;Hunenveldweg;Oldenzaal;14,4;5,7;1,7;1,4;0,5;0,4
21;NL:Q:43220690;Wkc De Essen;Oldenzaal;5,2;6,3;0,5;1,2;0,0;0,0
21;NL:Q:43220700;Wkc De Essen;Oldenzaal;5,9;4,5;1,4;0,5;0,0;0,0
21;NL:Q:43220710;Nachtschade;Oldenzaal;2,9;3,2;0,3;0,2;0,0;0,0
21;NL:Q:43220720;Nachtschade;Oldenzaal;4,0;2,1;0,3;0,1;0,0;0,0
21;NL:Q:43220730;Zevenblad;Oldenzaal;3,1;4,3;0,3;0,7;0,0;0,0
21;NL:Q:43220740;Zevenblad;Oldenzaal;5,6;2,2;1,2;0,4;0,0;0,0
21;NL:Q:43220760;Bentheimergraven;Oldenzaal;2,7;1,4;0,2;0,3;0,0;0,0
21;NL:Q:43220761;Bentheimergraven;Oldenzaal;1,3;2,5;0,1;0,3;0,0;0,0
21;NL:Q:43220840;Station;Oldenzaal;51,8;40,9;9,1;7,0;0,2;2,9
21;NL:Q:43220841;Station;Oldenzaal;127,3;63,4;21,7;12,3;11,5;0,5
21;NL:Q:43220842;Station;Oldenzaal;117,4;172,4;27,2;44,4;15,3;21,3
21;NL:Q:43220843;Station;Oldenzaal;1,3;162,3;0,5;34,4;0,7;24,4
21;NL:Q:43220851;Hyacintstraat;Oldenzaal;5,9;3,4;2,6;1,3;1,3;0,8
21;NL:Q:43220861;Hyacintstraat;Oldenzaal;2,1;4,4;0,7;3,4;0,2;1,1
21;NL:Q:43220900;Station;Oldenzaal;113,3;56,0;38,3;16,2;23,0;8,9
21;NL:Q:43220910;Station;Oldenzaal;101,8;1,9;28,4;0,4;13,4;0,6
21;NL:Q:43220930;Vondellaan;Oldenzaal;1,3;13,2;0,7;6,5;0,4;3,4
21;NL:Q:43220940;Vondellaan;Oldenzaal;0,0;0,0;0,0;0,0;0,0;0,0
21;NL:Q:43221040;Loweg;Oldenzaal;0,3;0,3;0,1;0,2;0,2;0,3
21;NL:Q:43221210;Wkc Zuid Berghuizen;Oldenzaal;37,7;19,2;17,2;5,9;7,6;2,5
21;NL:Q:43221220;Wkc Zuid Berghuizen;Oldenzaal;12,6;35,2;4,2;16,0;1,4;6,7
21;NL:Q:43221250;Schapendijk;Oldenzaal;8,3;5,6;2,5;1,6;0,7;0,5
21;NL:Q:43221260;Schapendijk;Oldenzaal;4,2;10,1;1,2;3,7;0,8;1,7
21;NL:Q:43221270;Lossersestraat;Oldenzaal;0,8;1,2;0,0;0,1;0,0;0,0
21;NL:Q:43221280;Lossersestraat;Oldenzaal;0,8;0,6;0,1;0,3;0,0;0,0
21;NL:Q:43221290;Postweg;Losser;3,3;0,3;1,5;0,1;0,0;0,0
21;NL:Q:43221300;Postweg;Losser;0,4;1,7;0,1;0,7;0,0;0,0
21;NL:Q:43221450;J.H. Nieuwenhuisstraat;Oldenzaal;24,7;3,8;6,1;0,8;2,4;0,9
21;NL:Q:43221460;J.H. Nieuwenhuisstraat;Oldenzaal;3,1;28,3;0,8;6,3;0,5;3,0
21;NL:Q:43221470;Elsmors;Oldenzaal;11,6;2,3;3,2;0,3;1,1;0,2
21;NL:Q:43221480;Elsmors;Oldenzaal;2,2;11,4;0,2;3,1;0,2;1,1
21;NL:Q:43221500;Hanzepoort;Oldenzaal;6,2;13,8;2,0;2,2;0,8;1,1
21;NL:Q:43221510;Zandhorstlaan;Oldenzaal;4,6;3,9;1,8;1,1;1,1;0,9
21;NL:Q:43221520;Zandhorstlaan;Oldenzaal;6,3;5,3;1,7;1,5;1,6;0,9
21;NL:Q:43221530;Hunenveldlaan;Oldenzaal;10,2;3,9;2,8;1,9;1,1;1,4
21;NL:Q:43221540;Hunenveldlaan;Oldenzaal;3,2;11,9;1,0;2,1;0,9;1,0
21;NL:Q:43222010;Ganzenmarkt;Oldenzaal;0,9;0,4;0,0;0,1;0,0;0,0
21;NL:Q:43222020;Ganzenmarkt;Oldenzaal;0,2;0,7;0,2;0,4;0,0;0,0
21;NL:Q:43222030;De Molenkamp;Oldenzaal;0,8;0,6;0,6;0,2;0,0;0,0
21;NL:Q:43222040;De Molenkamp;Oldenzaal;0,4;1,2;0,4;0,9;0,0;0,0
21;NL:Q:43222060;De Grote Zwaan;De Lutte;0,1;2,0;0,0;0,5;0,0;0,0
21;NL:Q:43222650;Oliemolenstraat;Oldenzaal;2,8;3,7;0,9;1,2;0,2;1,8
21;NL:Q:43222660;Oliemolenstraat;Oldenzaal;4,1;3,5;1,7;1,1;1,3;0,2
21;NL:Q:43230010;Bentelerweg;Beckum;0,4;1,2;0,7;0,2;0,0;0,2
21;NL:Q:43230030;Beckummerweg;Stepelo;6,5;4,3;2,1;1,0;2,5;0,2
21;NL:Q:43230040;Beckummerweg;Stepelo;3,4;5,0;1,1;1,2;0,2;1,2
21;NL:Q:43230050;Deelweg;Stepelo;0,4;9,8;0,0;2,9;0,0;3,2
21;NL:Q:43230060;Deelweg;Stepelo;5,0;0,5;1,2;0,0;1,0;0,1
21;NL:Q:43230070;Hulstweg;Stepelo;0,8;2,7;0,0;0,2;0,0;0,1
21;NL:Q:43230080;Hulstweg;Stepelo;2,7;0,6;0,3;0,0;0,2;0,0
21;NL:Q:43230110;Metaalstraat;Haaksbergen;3,4;13,4;0,2;1,0;0,1;0,6
21;NL:Q:43230120;Metaalstraat;Haaksbergen;10,2;3,4;1,1;0,7;1,4;0,0
21;NL:Q:43230140;Veldmaterstraat;Haaksbergen;3,8;38,8;0,5;10,7;0,2;8,1
21;NL:Q:43240010;De Grote Zwaan;De Lutte;2,3;0,1;1,4;0,1;0,0;0,0
21;NL:Q:43240030;Hanhofweg;De Lutte;0,8;1,4;0,1;0,2;0,0;0,0
21;NL:Q:43240040;Hanhofweg;De Lutte;0,9;0,3;0,0;0,0;0,0;0,0
21;NL:Q:43240050;R.K. Kerk;De Lutte;6,2;13,9;0,7;1,9;0,0;0,0
21;NL:Q:43240100;Sporthal;De Lutte;5,9;1,4;0,4;0,0;0,0;0,0
21;NL:Q:43250050;Losserhof;Losser;0,9;8,4;0,1;2,2;0,0;0,0
21;NL:Q:43250060;Losserhof;Losser;5,2;1,2;1,5;0,2;0,0;0,0
21;NL:Q:43250090;Snippertweg;Losser;0,1;0,6;0,0;0,3;0,0;0,0
21;NL:Q:43250100;Snippertweg;Losser;0,7;0,3;0,2;0,0;0,0;0,0
21;NL:Q:43250110;Irisstraat;Losser;0,7;9,7;0,1;1,6;0,0;0,0
21;NL:Q:43250120;Irisstraat;Losser;10,9;1,3;1,9;0,2;0,0;0,0
21;NL:Q:43250130;R.K. Kerk;Losser;8,0;120,6;2,3;38,2;1,3;19,6
21;NL:Q:43250140;R.K. Kerk;Losser;130,5;7,5;50,6;2,5;23,6;1,6
21;NL:Q:43250150;Langenkamp;Losser;7,7;38,9;2,6;14,0;0,9;9,3
21;NL:Q:43250160;Langenkamp;Losser;39,0;7,4;16,3;2,4;11,4;0,9
21;NL:Q:43250170;Arendstraat;Losser;1,7;44,2;0,9;14,2;0,3;8,9
21;NL:Q:43250180;Arendstraat;Losser;53,2;2,2;19,1;1,2;10,2;0,4
21;NL:Q:43250370;Prins Bernhardstraat;Overdinkel;0,4;18,8;0,4;6,4;0,1;4,6
21;NL:Q:43250380;Prins Bernhardstraat;Overdinkel;19,1;0,2;6,6;0,0;4,6;0,2
21;NL:Q:43250390;Tjibbe Knolstraat;Overdinkel;1,0;25,3;0,2;8,5;0,1;4,6
21;NL:Q:43250400;Schoolstraat;Overdinkel;79,0;59,7;23,3;17,3;11,3;9,4
21;NL:Q:43250440;Tjibbe Knolstraat;Overdinkel;13,6;1,6;5,0;0,2;3,7;0,2
21;NL:Q:43250510;Zoekerweg;Losser;0,4;0,6;0,0;0,5;0,2;0,3
21;NL:Q:43250520;R.K. Kerk;Overdinkel;20,8;0,3;5,4;0,1;3,3;0,1
21;NL:Q:43250530;Kranengoorweg;Losser;0,1;1,2;0,0;1,1;0,0;0,5
21;NL:Q:43250540;Kranengoorweg;Losser;0,7;1,0;0,8;0,2;0,2;0,0
21;NL:Q:43250570;St. Martinusschool;Losser;0,2;11,5;0,1;3,9;0,0;3,6
21;NL:Q:43250580;St. Martinusschool;Losser;7,4;0,4;3,3;0,1;2,8;0,3
21;NL:Q:43250590;Beerninksweg;Losser;0,1;1,0;0,1;0,3;0,0;0,2
21;NL:Q:43250600;Beerninksweg;Losser;2,2;0,1;0,4;0,0;0,2;0,0
21;NL:Q:43250610;Strootsweg;Losser;0,1;1,5;0,0;0,2;0,0;0,2
21;NL:Q:43250620;Strootsweg;Losser;1,3;0,1;0,3;0,0;0,1;0,0
21;NL:Q:43250630;Kerkhofweg;Overdinkel;0,0;3,7;0,0;1,0;0,0;0,5
21;NL:Q:43250640;Kerkhofweg;Overdinkel;2,5;0,1;1,1;0,0;0,2;0,0
21;NL:Q:43250650;Haydnstraat;Losser;0,3;37,4;0,2;15,3;0,1;7,3
21;NL:Q:43250660;Haydnstraat;Losser;34,0;0,6;15,2;0,4;7,3;0,1
21;NL:Q:43250710;R.K. Kerk;Overdinkel;0,4;17,9;0,2;5,2;0,0;3,6
21;NL:Q:43251230;De Pol Noord;Losser;2,5;35,9;1,1;7,8;0,3;5,1
21;NL:Q:43251240;De Pol Noord;Losser;38,7;2,4;10,0;1,4;4,5;0,2
21;NL:Q:43310030;Dikkerslaan;Borne;2,3;0,9;1,2;0,1;0,4;0,1
21;NL:Q:43310040;Dikkerslaan;Borne;0,8;1,3;0,2;1,5;0,1;0,3
21;NL:Q:43310050;De Bieffel;Borne;2,0;2,2;0,7;0,5;0,3;0,7
21;NL:Q:43310090;Station;Borne;46,4;54,8;12,1;12,2;8,0;8,0
21;NL:Q:43310110;Europastraat;Borne;5,4;2,0;1,3;0,5;1,1;0,3
21;NL:Q:43310120;Europastraat;Borne;1,8;6,0;0,4;1,4;0,2;1,3
21;NL:Q:43310130;Grotestraat;Borne;5,6;2,0;1,3;0,5;0,8;0,2
21;NL:Q:43310140;Grotestraat;Borne;1,5;4,7;0,3;1,3;0,2;0,8
21;NL:Q:43310230;Paardebloem;Borne;0,1;0,2;0,0;0,0;0,0;0,0
21;NL:Q:43310240;Paardebloem;Borne;0,2;0,2;0,0;0,0;0,0;0,0
21;NL:Q:43310250;Wkc Stroom Esch;Borne;1,2;0,4;0,0;0,0;0,0;0,0
21;NL:Q:43310260;Wkc Stroom Esch;Borne;0,5;2,0;0,0;0,0;0,0;0,0
21;NL:Q:43310270;'t Dijkhuis;Borne;0,1;0,2;0,0;0,0;0,0;0,0
21;NL:Q:43310280;'t Dijkhuis;Borne;0,3;0,1;0,0;0,0;0,0;0,0
21;NL:Q:43310290;Het Witte Huis;Borne;1,4;1,9;1,1;0,6;0,4;0,4
21;NL:Q:43310300;Het Witte Huis;Borne;1,4;2,0;0,6;0,9;0,2;0,7
21;NL:Q:43310330;Hazelaarstraat;Borne;0,0;0,1;0,0;0,0;0,0;0,0
21;NL:Q:43310350;Wkc Letterveld;Borne;0,2;0,1;0,0;0,0;0,0;0,0
21;NL:Q:43310370;Seringenstraat;Borne;0,0;0,1;0,0;0,0;0,0;0,0
21;NL:Q:43310390;Dreef;Borne;0,6;0,1;0,0;0,0;0,0;0,0
21;NL:Q:43310410;Grotestraat/Velthof;Borne;0,0;0,1;0,0;0,0;0,0;0,0
21;NL:Q:43310420;Grotestraat/Velthof;Borne;0,0;0,1;0,0;0,0;0,0;0,0
21;NL:Q:43311010;R.K. Kerk;Hertme;1,0;0,1;0,0;0,0;0,0;0,0
21;NL:Q:43311020;R.K. Kerk;Hertme;0,0;0,8;0,0;0,0;0,0;0,0
21;NL:Q:43311030;Dorsetplein;Borne;0,2;0,4;0,0;0,0;0,0;0,0
21;NL:Q:43311040;Dorsetplein;Borne;0,4;0,2;0,0;0,0;0,0;0,0
21;NL:Q:43320010;Koksweg;Oldenzaal;10,1;13,1;3,1;4,2;3,7;1,4
21;NL:Q:43320090;Saron;Beuningen;1,3;17,0;0,6;5,6;0,3;5,2
21;NL:Q:43320100;Saron;Beuningen;11,1;1,8;7,9;1,0;2,3;0,3
21;NL:Q:43320140;Beuningen;Beuningen;13,7;0,4;4,6;0,3;2,1;0,0
21;NL:Q:43330010;Oude Broekweg;Rossum;0,1;0,1;0,0;0,0;0,0;0,0
21;NL:Q:43330030;Vennegoorsteeg;Rossum;1,7;0,0;0,2;0,0;0,2;0,1
21;NL:Q:43330040;Vennegoorsteeg;Rossum;0,0;0,7;0,0;0,0;0,0;0,1
21;NL:Q:43330070;Grotestraat;Rossum;12,2;4,2;2,1;0,5;0,9;0,7
21;NL:Q:43330080;Grotestraat;Rossum;4,4;11,7;0,9;2,6;0,7;0,9
21;NL:Q:43330090;De Weeldbaan;Rossum;6,8;1,7;2,0;0,5;0,9;0,4
21;NL:Q:43330100;De Weeldbaan;Rossum;1,2;6,9;1,4;0,8;0,6;0,7
21;NL:Q:43330110;Tramweg;Rossum;0,4;0,3;0,1;0,0;0,1;0,2
21;NL:Q:43330120;Tramweg;Rossum;0,7;0,6;0,0;0,1;0,2;0,1
21;NL:Q:43330130;Boschweg;Rossum;0,1;0,0;0,0;0,1;0,0;0,0
21;NL:Q:43330140;Boschweg;Rossum;0,1;0,1;0,0;0,0;0,0;0,1
21;NL:Q:43330150;Thijplein;Rossum;0,4;0,5;0,0;0,0;0,0;0,0
21;NL:Q:43330160;Loweg;Oldenzaal;0,3;0,6;0,0;0,1;0,3;0,2
21;NL:Q:43330170;De Hersmole;Rossum;0,1;0,2;0,0;0,0;0,0;0,0
21;NL:Q:43330180;De Hersmole;Rossum;0,1;0,0;0,0;0,0;0,0;0,0
21;NL:Q:43340040;R.K. Kerk;Deurningen;9,7;0,8;2,2;0,3;0,0;0,0
21;NL:Q:43340050;R.K. Kerk;Deurningen;1,7;11,9;0,7;2,5;0,0;0,0
21;NL:Q:43340100;Grootsweg;Gammelke;2,6;0,3;0,2;0,0;0,0;0,0
21;NL:Q:43340110;Grootsweg;Gammelke;0,1;3,6;0,0;0,4;0,0;0,0
21;NL:Q:43340120;Wiefferweg;Gammelke;1,8;1,5;0,3;0,1;0,0;0,0
21;NL:Q:43340130;Wiefferweg;Gammelke;1,9;5,8;0,4;1,1;0,0;0,0
21;NL:Q:43340140;Veldzijde;Deurningen;4,3;1,5;0,7;0,0;0,0;0,0
21;NL:Q:43340150;Veldzijde;Deurningen;5,1;4,0;0,4;0,8;0,0;0,0
21;NL:Q:43350010;Bornsestraat;Weerselo;0,4;1,9;0,1;0,2;0,0;0,0
21;NL:Q:43350030;Het Stift;Weerselo;0,0;0,6;0,0;0,0;0,0;0,0
21;NL:Q:43350040;Het Stift;Weerselo;0,8;0,1;0,0;0,0;0,0;0,0
21;NL:Q:43350060;Burgemeester Scholtensplein;Weerselo;2,4;1,6;0,0;0,0;0,0;0,0
21;NL:Q:43350070;Holtwijkerstraat;Weerselo;1,2;0,3;0,2;0,1;0,0;0,0
21;NL:Q:43350080;Holtwijkerstraat;Weerselo;0,3;3,1;0,0;0,4;0,0;0,0
21;NL:Q:43350090;Deurningerstraat;Weerselo;0,5;0,7;0,0;0,0;0,0;0,0
21;NL:Q:43350100;Deurningerstraat;Weerselo;0,6;0,3;0,0;0,2;0,0;0,0
21;NL:Q:43350110;Oude Weerseloseweg;Lemselo;0,7;0,7;0,0;0,0;0,0;0,0
21;NL:Q:43350120;Oude Weerseloseweg;Lemselo;0,3;0,9;0,0;0,1;0,0;0,0
21;NL:Q:43350130;Morsweg;Lemselo;0,7;0,7;0,0;0,0;0,0;0,0
21;NL:Q:43350140;Morsweg;Lemselo;0,6;1,0;0,1;0,0;0,0;0,0
21;NL:Q:43350170;Ittersbergstraat;Weerselo;15,9;8,3;2,0;1,2;0,0;0,0
21;NL:Q:43350180;Ittersbergstraat;Weerselo;10,4;16,3;1,6;2,2;0,0;0,0
21;NL:Q:43350190;Het Hoikinck;Weerselo;14,0;4,6;5,2;0,6;0,0;0,0
21;NL:Q:43350200;Het Hoikinck;Weerselo;4,8;12,5;0,6;2,9;0,0;0,0
21;NL:Q:43350210;Sporthal;Weerselo;0,1;0,3;0,0;0,0;0,0;0,0
21;NL:Q:43350220;Sporthal;Weerselo;0,4;0,0;0,0;0,0;0,0;0,0
21;NL:Q:43350230;Hoflaan;Saasveld;3,7;0,1;0,0;0,0;0,0;0,0
21;NL:Q:43350240;Hoflaan;Saasveld;0,1;0,8;0,0;0,0;0,0;0,0
21;NL:Q:43350250;Echelpoelweg;Gammelke;0,0;0,2;0,0;0,0;0,0;0,0
21;NL:Q:43350260;Echelpoelweg;Gammelke;0,2;0,0;0,2;0,0;0,0;0,0
21;NL:Q:43350270;Gammelkerstraat;Gammelke;0,3;1,1;2,3;0,1;0,0;0,0
21;NL:Q:43350280;Gammelkerstraat;Gammelke;0,9;1,2;0,0;0,1;0,0;0,0
21;NL:Q:43350290;Ootmarsumsedijk;Lemselo;0,7;2,3;0,1;0,1;0,0;0,0
21;NL:Q:43350300;Ootmarsumsedijk;Lemselo;3,1;1,3;0,2;0,2;0,0;0,0
21;NL:Q:43350330;Oude Deurningerstraat;Gammelke;2,0;0,3;0,1;0,1;0,0;0,0
21;NL:Q:43350340;Oude Deurningerstraat;Gammelke;0,0;0,8;0,0;2,4;0,0;0,0
21;NL:Q:43350350;Voortmorsstraat;Weerselo;4,3;3,9;0,6;0,5;0,0;0,0
21;NL:Q:43350360;Voortmorsstraat;Weerselo;4,8;4,4;0,9;0,9;0,0;0,0
21;NL:Q:43360131;Mozartstraat;Almelo;2,1;1,8;0,7;0,3;0,0;0,0
21;NL:Q:43380010;Van Bevervoordestraat;Gelselaar;1,4;3,7;0,4;0,7;0,0;0,0
21;NL:Q:43380020;Van Bevervoordestraat;Gelselaar;3,6;1,4;0,7;0,4;0,0;0,0
21;NL:Q:43380070;De Horst;Geesteren;0,4;1,2;0,2;0,1;0,0;0,0
21;NL:Q:43380080;De Horst;Geesteren;0,8;0,4;0,1;0,5;0,0;0,0
21;NL:Q:43380110;Hagensweg;Geesteren;0,5;2,8;0,1;0,5;0,0;0,0
21;NL:Q:43380120;Hagensweg;Geesteren;2,9;1,5;0,9;0,0;0,0;0,0
21;NL:Q:43380150;Respelhoek;Geesteren;0,0;0,4;0,0;0,0;0,0;0,0
21;NL:Q:43380160;Respelhoek;Geesteren;1,0;0,0;0,1;0,1;0,0;0,0
21;NL:Q:43400010;Kerkweg;Tilligte;0,1;0,7;0,0;0,0;0,0;0,0
21;NL:Q:43400020;Kerkweg;Tilligte;0,2;0,1;0,0;0,0;0,0;0,0
21;NL:Q:43400030;Wiemselweg;Tilligte;0,0;0,0;0,0;0,0;0,0;0,0
21;NL:Q:43400040;Wiemselweg;Tilligte;0,0;0,0;0,0;0,0;0,0;0,0
21;NL:Q:43400090;Dusinksweg;Tilligte;0,0;0,1;0,0;0,0;0,0;0,0
21;NL:Q:43400100;Dusinksweg;Tilligte;0,0;0,5;0,0;0,0;0,0;0,0
21;NL:Q:43400120;Pastoor Brandtsstraat;Lattrop;0,4;0,3;0,0;0,0;0,0;0,0
21;NL:Q:43400130;R.K. Kerk;Lattrop;0,2;0,5;0,0;0,0;0,0;0,0
21;NL:Q:43400140;R.K. Kerk;Lattrop;0,5;0,5;0,0;0,0;0,0;0,0
21;NL:Q:43400170;Frensdorferweg;Lattrop;0,0;0,6;0,0;0,0;0,0;0,0
21;NL:Q:43400180;Frensdorferweg;Lattrop;0,1;0,1;0,0;0,0;0,0;0,0
21;NL:Q:43400190;Pastoor Brandtsstraat;Lattrop;0,2;0,4;0,0;0,0;0,0;0,0
21;NL:Q:43400210;Viersprong De Holtweijde;Lattrop;0,6;0,3;0,0;0,0;0,0;0,0
21;NL:Q:43400220;Viersprong De Holtweijde;Lattrop;1,2;0,4;0,0;0,0;0,0;0,0
21;NL:Q:43410010;Mastboersweg;Almelo;0,7;0,2;0,2;0,1;0,5;0,1
21;NL:Q:43410050;Old Coopers Hall;Zenderen;4,6;2,1;3,3;0,6;2,2;0,4
21;NL:Q:43410060;Old Coopers Hall;Zenderen;2,0;4,7;1,1;2,5;0,7;1,8
21;NL:Q:43410090;Reefsweg;Zenderen;1,4;1,3;0,9;0,4;0,3;0,7
21;NL:Q:43410100;Reefsweg;Zenderen;1,6;2,1;0,4;0,6;0,2;0,4
21;NL:Q:43410120;De Bieffel;Borne;1,7;2,3;0,4;0,7;0,2;0,3
21;NL:Q:43420010;Beuningen;Beuningen;0,4;13,7;0,4;3,9;0,1;1,3
21;NL:Q:43420030;Dinkeloord;Denekamp;1,6;6,1;0,4;2,6;0,4;2,9
21;NL:Q:43420040;Dinkeloord;Denekamp;7,2;1,5;3,3;0,5;1,4;0,4
21;NL:Q:43420110;Julianastraat;Denekamp;0,5;0,1;0,0;0,0;0,0;0,0
21;NL:Q:43420150;Churchillstraat;Denekamp;0,3;51,0;0,1;10,9;0,3;5,9
21;NL:Q:43420160;Churchillstraat;Denekamp;36,7;12,3;9,7;3,1;5,6;1,5
21;NL:Q:43420170;Onder de Linden;Denekamp;120,6;79,2;24,4;15,9;14,4;12,2
21;NL:Q:43420210;Veldkampsweg;Denekamp;0,3;44,5;0,0;10,8;0,0;8,1
21;NL:Q:43420220;Veldkampsweg;Denekamp;47,8;0,3;14,3;0,0;7,2;0,0
21;NL:Q:43420230;St. Nicolaasstichting;Denekamp;1,0;0,0;0,0;0,0;0,0;0,0
21;NL:Q:43420240;St. Nicolaasstichting;Denekamp;0,2;0,2;0,0;0,0;0,0;0,0
21;NL:Q:43420270;De Borghert;Denekamp;0,1;14,9;0,0;3,8;0,0;3,1
21;NL:Q:43420280;De Borghert;Denekamp;17,6;0,2;4,1;0,0;4,4;0,0
21;NL:Q:43420290;De Volharding;Denekamp;0,1;10,8;0,0;3,7;0,1;2,3
21;NL:Q:43420300;De Volharding;Denekamp;10,2;0,2;3,4;0,0;2,2;1,7
21;NL:Q:43420310;Den Alerdink;Denekamp;0,0;0,0;0,0;0,0;0,0;0,0
21;NL:Q:43420320;Den Alerdink;Denekamp;0,0;0,2;0,0;0,0;0,0;0,0
21;NL:Q:43420330;Israelisch Kerkhof;Denekamp;0,1;0,0;0,0;0,0;0,0;0,0
21;NL:Q:43420340;Israelisch Kerkhof;Denekamp;0,0;1,1;0,0;0,0;0,0;0,0
21;NL:Q:43420370;Oranjestraat;Denekamp;2,2;55,1;0,2;20,9;0,1;12,3
21;NL:Q:43420380;Oranjestraat;Denekamp;46,3;0,5;22,0;0,2;11,5;0,1
21;NL:Q:43420390;Wilhelminastraat;Denekamp;0,1;1,0;0,0;0,0;0,0;0,0
21;NL:Q:43420400;Gerardus Majella;Denekamp;0,2;0,2;0,0;0,0;0,0;0,0
21;NL:Q:43430010;Oosterveldsweg;Vasse;1,9;0,6;0,5;0,1;0,4;0,1
21;NL:Q:43430030;De Roezenberg;Vasse;0,3;1,5;0,2;0,8;0,1;0,4
21;NL:Q:43430040;De Roezenberg;Vasse;0,5;0,1;0,1;0,1;0,6;0,0
21;NL:Q:43430050;Nutterseweg;Ootmarsum;0,5;1,5;0,1;0,2;1,3;0,3
21;NL:Q:43430060;Nutterseweg;Ootmarsum;0,4;0,6;0,2;0,3;0,8;0,0
21;NL:Q:43430070;Polweg;Ootmarsum;0,5;1,0;0,1;0,2;0,2;0,1
21;NL:Q:43430080;Polweg;Ootmarsum;0,8;0,9;0,1;0,3;0,2;0,3
21;NL:Q:43430090;Denekamperstraat;Ootmarsum;42,2;44,6;9,8;7,9;8,8;7,0
21;NL:Q:43430110;Molenstraat;Ootmarsum;2,0;1,9;0,0;0,0;0,0;0,0
21;NL:Q:43430130;Almelosestraat;Ootmarsum;4,2;0,7;1,1;0,3;1,5;0,3
21;NL:Q:43430140;Almelosestraat;Ootmarsum;0,9;6,3;0,2;1,2;0,5;1,3
21;NL:Q:43430330;Bovenesweg;Vasse;0,9;0,3;0,1;0,2;0,4;0,1
21;NL:Q:43430340;Bovenesweg;Vasse;0,1;0,2;0,0;0,0;0,2;0,0
21;NL:Q:43430350;Vasserweg;Ootmarsum;1,3;1,7;0,5;0,9;0,3;2,0
21;NL:Q:43430360;Vasserweg;Ootmarsum;1,8;0,4;0,4;0,1;0,9;0,2
21;NL:Q:43430510;Laagsestraat;Ootmarsum;3,2;1,0;0,0;0,0;0,0;0,0
21;NL:Q:43430520;Laagsestraat;Ootmarsum;0,4;0,0;0,0;0,0;0,0;0,0
21;NL:Q:43430530;Winhofflaan;Ootmarsum;0,0;0,9;0,0;0,0;0,0;0,0
21;NL:Q:43430540;Winhofflaan;Ootmarsum;0,5;0,0;0,0;0,0;0,0;0,0
21;NL:Q:43430810;Stobbenkamp;Ootmarsum;8,4;3,1;3,3;0,8;2,1;1,3
21;NL:Q:43430820;Stobbenkamp;Ootmarsum;2,8;8,4;0,8;3,6;1,2;2,3
21;NL:Q:43430830;Wolfsbree;Ootmarsum;8,2;3,5;1,4;0,2;1,0;0,4
21;NL:Q:43430840;Wolfsbree;Ootmarsum;4,0;8,6;0,4;1,4;0,2;0,8
21;NL:Q:43430850;Kleinesweg;Ootmarsum;15,9;1,4;3,0;0,4;2,0;0,1
21;NL:Q:43430860;Kleinesweg;Ootmarsum;1,5;15,8;0,6;1,7;0,3;1,4
21;NL:Q:43430870;Enktermorsweg;Ootmarsum;0,2;0,2;0,0;0,1;0,0;0,0
21;NL:Q:43430880;Enktermorsweg;Ootmarsum;0,1;1,2;0,1;0,2;0,0;0,0
21;NL:Q:43430890;Groot Agelo;Ootmarsum;0,8;0,5;0,1;0,1;0,0;0,0
21;NL:Q:43430900;Groot Agelo;Ootmarsum;1,3;1,0;0,0;0,1;0,0;0,1
21;NL:Q:43430910;Voortsweg;Ootmarsum;0,4;0,7;0,0;0,0;0,0;0,0
21;NL:Q:43430920;Voortsweg;Ootmarsum;0,5;0,9;0,0;0,1;0,0;0,6
21;NL:Q:43430930;Agelerbrug;Ootmarsum;0,1;0,2;0,1;0,0;0,1;0,0
21;NL:Q:43430940;Agelerbrug;Ootmarsum;0,5;0,2;0,0;0,0;0,5;0,1
21;NL:Q:43430960;Oude Broekweg;Rossum;0,1;0,2;0,0;0,0;0,0;0,0
21;NL:Q:43430970;Cafe Groot Agelo;Agelo;0,1;0,0;0,0;0,0;0,0;0,0
21;NL:Q:43430980;Cafe Groot Agelo;Agelo;0,0;0,0;0,0;0,0;0,0;0,0
21;NL:Q:43440070;Businesspark Twente;Almelo;1,4;4,4;0,1;0,1;0,0;0,0
21;NL:Q:43440080;Businesspark Twente;Almelo;4,2;2,3;0,1;0,0;0,0;0,0
21;NL:Q:43450010;Centrum;Diepenheim;0,7;10,0;0,3;3,5;0,0;0,0
21;NL:Q:43450020;Centrum;Diepenheim;10,4;0,9;3,5;0,3;0,0;0,0
21;NL:Q:43450030;Warmelo;Diepenheim;0,2;0,5;0,0;0,7;0,0;0,0
21;NL:Q:43450040;Warmelo;Diepenheim;0,9;0,2;0,2;0,0;0,0;0,0
21;NL:Q:43450050;2e Zomerdijk;Diepenheim;0,1;1,3;0,0;0,8;0,0;0,0
21;NL:Q:43450090;Lindelaan;Diepenheim;0,4;12,5;0,0;3,9;0,0;0,0
21;NL:Q:43450100;Lindelaan;Diepenheim;13,5;0,6;4,9;0,0;0,0;0,0
21;NL:Q:43450110;Schipbeekbrug;Diepenheim;0,1;1,7;0,0;0,4;0,0;0,0
21;NL:Q:43450120;Schipbeekbrug;Diepenheim;1,6;0,1;0,4;0,1;0,0;0,0
21;NL:Q:43450130;Goordijk;Diepenheim;0,5;0,1;0,0;0,0;0,0;0,0
21;NL:Q:43450140;Goordijk;Diepenheim;0,1;0,1;0,0;0,1;0,0;0,0
21;NL:Q:43510010;Centraal Station;Almelo;592,4;1300,2;182,7;296,3;114,7;140,2
21;NL:Q:43510013;Centraal Station;Almelo;132,9;0,8;20,9;0,2;13,7;0,2
21;NL:Q:43510014;Centraal Station;Almelo;148,4;0,4;24,3;0,3;0,0;0,0
21;NL:Q:43510017;Centraal Station;Almelo;87,6;0,3;10,1;0,4;0,0;0,0
21;NL:Q:43510018;Centraal Station;Almelo;519,4;3,5;88,9;0,6;39,1;0,2
21;NL:Q:43510031;Centrumplein;Almelo;57,3;103,9;42,5;57,3;13,0;20,9
21;NL:Q:43510032;Centrumplein;Almelo;0,5;5,0;0,2;1,5;0,1;1,6
21;NL:Q:43510033;Centrumplein;Almelo;0,0;0,9;0,0;0,3;0,0;0,0
21;NL:Q:43510034;Centrumplein;Almelo;13,5;27,5;10,0;12,4;0,0;0,0
21;NL:Q:43510035;Centrumplein;Almelo;3,8;17,9;0,7;9,5;0,0;0,0
21;NL:Q:43510051;Boddenstraat;Almelo;43,5;17,6;28,5;6,9;8,7;2,1
21;NL:Q:43510052;Boddenstraat;Almelo;2,5;130,3;0,4;56,2;0,1;16,1
21;NL:Q:43510071;Brugstraat;Almelo;4,2;3,1;1,2;0,4;0,6;1,0
21;NL:Q:43510081;Tijhofslaan;Almelo;4,5;11,9;0,5;2,2;0,4;0,8
21;NL:Q:43510091;Vriezebrug;Almelo;9,8;3,8;3,5;1,2;2,0;0,7
21;NL:Q:43510100;Vredeveld;Almelo;25,3;7,2;8,3;1,8;0,0;0,0
21;NL:Q:43510110;De Klokkenbelt;Almelo;1,3;8,5;0,6;5,0;0,5;4,2
21;NL:Q:43510121;De Klokkenbelt;Almelo;4,7;11,3;0,7;2,6;0,3;0,9
21;NL:Q:43510123;De Klokkenbelt;Almelo;7,7;7,1;2,2;2,0;1,3;0,9
21;NL:Q:43510130;Brandersweg;Almelo;0,6;6,8;0,3;4,6;0,3;3,7
21;NL:Q:43510140;Brandersweg;Almelo;3,6;0,6;1,6;0,2;0,0;0,0
21;NL:Q:43510150;St. Josephstraat;Almelo;6,1;16,2;4,3;10,1;2,3;5,6
21;NL:Q:43510160;St. Josephstraat;Almelo;11,9;3,1;6,2;1,4;0,0;0,0
21;NL:Q:43510190;Baniersweg;Almelo;1,7;8,7;1,0;4,1;0,6;4,0
21;NL:Q:43510200;Baniersweg;Almelo;8,4;1,8;2,4;0,7;0,0;0,0
21;NL:Q:43510210;Bevrijdingslaan;Almelo;4,1;11,1;2,2;6,7;2,1;3,7
21;NL:Q:43510220;Bevrijdingslaan;Almelo;9,4;2,6;3,6;1,1;0,0;0,0
21;NL:Q:43510230;Koningshoek;Almelo;4,5;1,9;1,1;0,3;0,0;0,0
21;NL:Q:43510240;Keppel;Almelo;6,6;12,7;2,0;6,2;2,6;3,4
21;NL:Q:43510250;Keppel;Almelo;9,9;2,8;3,3;0,4;0,0;0,0
21;NL:Q:43510260;Vredeveld;Almelo;16,9;29,8;7,2;13,3;5,8;7,7
21;NL:Q:43510270;De Eik;Almelo;19,3;7,5;3,7;1,2;0,0;0,0
21;NL:Q:43510280;De Eik;Almelo;14,7;25,9;5,3;8,3;5,9;5,1
21;NL:Q:43510290;De Haere;Almelo;17,0;6,4;5,2;1,8;0,0;0,0
21;NL:Q:43510300;De Haere;Almelo;16,5;22,9;8,2;9,8;5,9;8,4
21;NL:Q:43510310;Wkc Schelfhorst;Almelo;11,0;7,9;4,1;2,7;0,0;0,0
21;NL:Q:43510320;Wkc Schelfhorst;Almelo;19,8;25,5;10,5;12,4;5,7;8,2
21;NL:Q:43510330;Wickenburg;Almelo;12,3;8,8;2,5;2,4;0,0;0,0
21;NL:Q:43510340;Wickenburg;Almelo;18,6;22,3;6,8;6,2;4,5;4,9
21;NL:Q:43510350;Sandenburg;Almelo;7,0;5,6;1,9;1,8;0,0;0,0
21;NL:Q:43510360;Sandenburg;Almelo;14,6;12,0;8,6;5,9;4,3;3,4
21;NL:Q:43510370;Blikkenburg;Almelo;3,0;3,1;0,9;1,1;0,0;0,0
21;NL:Q:43510380;Blikkenburg;Almelo;10,5;7,0;5,2;3,8;2,7;3,2
21;NL:Q:43510390;Rustweg;Almelo;2,1;0,9;1,3;0,7;1,1;0,5
21;NL:Q:43510400;Rustweg;Almelo;55,6;31,8;14,8;10,1;0,0;0,0
21;NL:Q:43510410;Heetveldsweg;Almelo;15,5;6,0;7,3;2,9;6,8;1,6
21;NL:Q:43510411;Heetveldsweg;Almelo;1,3;8,0;0,6;1,1;0,2;0,9
21;NL:Q:43510420;Schelfhorstpark;Almelo;12,1;2,4;6,6;1,2;3,7;0,6
21;NL:Q:43510421;Schelfhorstpark;Almelo;3,7;14,3;1,4;3,7;0,6;0,8
21;NL:Q:43510430;Stadion;Almelo;0,6;8,7;0,1;2,3;0,0;0,0
21;NL:Q:43510440;Stadion;Almelo;11,3;0,8;7,0;0,6;5,1;0,7
21;NL:Q:43510470;Ziekenhuisgroep Twente;Almelo;76,1;63,7;15,4;12,2;4,5;4,1
21;NL:Q:43510480;Ziekenhuisgroep Twente;Almelo;3,5;16,4;0,7;2,4;0,0;0,0
21;NL:Q:43510485;Kalverstraat;Almelo;0,4;1,3;0,0;0,1;0,0;0,0
21;NL:Q:43510495;Kalverstraat;Almelo;0,4;1,5;0,1;0,2;0,0;0,0
21;NL:Q:43510750;Rembrandtveld;Almelo;5,1;19,1;1,5;6,6;0,6;6,0
21;NL:Q:43510760;Rembrandtveld;Almelo;16,9;5,1;5,7;1,8;3,7;0,9
21;NL:Q:43510790;Jacob van Ruysdaelstraat;Almelo;1,0;9,6;0,4;4,3;0,0;0,0
21;NL:Q:43510800;Jacob van Ruysdaelstraat;Almelo;12,5;0,7;5,5;0,4;0,0;0,0
21;NL:Q:43510870;Groot Bokhove;Almelo;3,3;1,8;2,0;1,2;1,3;0,9
21;NL:Q:43510880;Groot Bokhove;Almelo;0,6;0,9;0,3;0,5;0,0;0,0
21;NL:Q:43510890;De Wingerd;Almelo;9,1;16,1;3,9;4,7;1,7;1,6
21;NL:Q:43510900;De Wingerd;Almelo;10,7;11,0;2,6;4,5;1,0;2,3
21;NL:Q:43510910;De Koppel;Almelo;3,6;9,2;1,1;2,1;0,7;1,2
21;NL:Q:43510920;De Koppel;Almelo;9,1;4,9;2,0;1,9;0,9;1,1
21;NL:Q:43510930;Schoolstraat;Almelo;2,6;16,1;0,7;6,5;0,4;4,5
21;NL:Q:43510940;Schoolstraat;Almelo;13,1;2,9;5,8;0,8;3,0;0,7
21;NL:Q:43510960;Koningshoek;Almelo;165,9;132,9;70,9;49,3;45,7;34,4
21;NL:Q:43510970;KSG Canisius;Almelo;3,0;1,3;0,3;0,2;0,0;0,0
21;NL:Q:43511010;Appelstraat;Almelo;2,9;0,4;0,6;0,1;0,0;0,0
21;NL:Q:43511020;Appelstraat;Almelo;0,2;9,1;0,1;1,7;0,0;0,0
21;NL:Q:43511030;Groen van Prinstererstraat;Almelo;0,2;1,4;0,0;0,6;0,0;0,0
21;NL:Q:43511040;Groen van Prinstererstraat;Almelo;0,7;0,7;0,1;0,3;0,0;0,0
21;NL:Q:43511050;Sweelincklaan;Almelo;0,5;4,1;0,1;1,2;0,0;0,0
21;NL:Q:43511060;Sweelincklaan;Almelo;3,3;0,2;0,7;0,1;0,0;0,0
21;NL:Q:43511070;Obrechtstraat;Almelo;0,3;1,9;0,2;0,6;0,0;0,0
21;NL:Q:43511080;Obrechtstraat;Almelo;1,2;0,1;0,2;0,1;0,0;0,0
21;NL:Q:43511090;C. van Renneslaan;Almelo;1,8;9,3;1,0;4,0;0,0;0,0
21;NL:Q:43511100;Paganinistraat;Almelo;8,8;4,0;1,9;1,2;0,0;0,0
21;NL:Q:43511120;Tsjaikowskystraat;Almelo;12,2;9,0;2,7;1,7;0,0;0,0
21;NL:Q:43511140;Haydnlaan;Almelo;4,3;2,4;2,4;1,8;0,0;0,0
21;NL:Q:43511160;Hoog Schuilenburg;Almelo;31,5;22,8;11,1;9,1;0,0;0,0
21;NL:Q:43511200;Sibeliusstraat;Almelo;9,2;7,5;3,2;2,7;0,0;0,0
21;NL:Q:43511210;Nico Werkmanlaan;Almelo;2,5;3,6;0,0;1,4;0,0;0,0
21;NL:Q:43511220;Nico Werkmanlaan;Almelo;3,4;0,2;1,6;0,0;0,0;0,0
21;NL:Q:43511230;Nieuw Witvoet;Almelo;1,4;27,5;1,0;12,8;0,6;8,7
21;NL:Q:43511240;De Taling;Almelo;142,4;149,6;50,9;54,4;39,5;34,5
21;NL:Q:43511270;Vincent van Goghplein;Almelo;8,0;22,2;0,8;7,9;0,0;0,0
21;NL:Q:43511280;Vincent van Goghplein;Almelo;21,3;2,5;7,7;0,5;0,0;0,0
21;NL:Q:43511290;ROC De Sumpel;Almelo;2,3;76,9;0,1;3,0;0,0;0,0
21;NL:Q:43511300;ROC De Sumpel;Almelo;73,8;2,6;1,7;1,0;0,0;0,0
21;NL:Q:43511310;De Ara;Almelo;11,7;7,2;4,4;2,3;3,7;1,9
21;NL:Q:43511320;De Ara;Almelo;5,6;3,6;1,0;1,0;0,0;0,0
21;NL:Q:43511330;De Taling;Almelo;9,2;1,5;1,6;0,4;0,0;0,0
21;NL:Q:43511340;De Boerenzwaluw;Almelo;7,4;5,4;1,5;1,8;0,0;0,0
21;NL:Q:43511350;De Boerenzwaluw;Almelo;11,8;10,9;4,9;3,7;3,0;2,7
21;NL:Q:43511360;Wkc Windmolenbroek;Almelo;49,6;63,7;12,2;13,3;0,0;0,1
21;NL:Q:43511370;Wkc Windmolenbroek;Almelo;16,2;22,6;11,2;11,6;6,2;7,8
21;NL:Q:43511380;De Hop;Almelo;13,8;5,8;5,0;1,4;0,0;0,2
21;NL:Q:43511390;De Hop;Almelo;14,6;19,4;8,7;10,4;6,6;7,3
21;NL:Q:43511400;De Kolibrie;Almelo;6,3;9,6;4,3;4,2;4,7;4,9
21;NL:Q:43511410;De Kolibrie;Almelo;6,3;2,3;2,7;0,7;0,0;0,0
21;NL:Q:43511460;Nieuw Witvoet;Almelo;10,1;0,5;1,7;0,2;0,0;0,0
21;NL:Q:43511480;Betuining;Almelo;10,4;5,5;0,5;0,1;0,0;0,0
21;NL:Q:43511490;Betuining;Almelo;4,0;11,5;0,1;0,7;0,0;0,0
21;NL:Q:43511500;Grand Canal;Almelo;7,8;0,5;1,2;0,2;0,0;0,0
21;NL:Q:43511510;Grand Canal;Almelo;0,6;6,4;0,2;1,2;0,0;0,0
21;NL:Q:43511530;De Specht;Almelo;2,9;13,3;0,7;2,2;0,5;1,0
21;NL:Q:43511531;De Specht;Almelo;9,7;2,4;1,2;0,2;0,0;0,0
21;NL:Q:43511550;De Mees;Almelo;3,7;6,0;1,6;2,8;0,8;1,8
21;NL:Q:43511560;De Mees;Almelo;5,9;2,4;1,2;0,6;0,0;0,0
21;NL:Q:43511570;De Putter;Almelo;7,3;19,6;3,9;6,2;3,1;4,2
21;NL:Q:43511580;De Putter;Almelo;18,3;5,2;3,3;1,2;0,0;0,0
21;NL:Q:43511591;Buurstede;Almelo;6,3;11,5;1,6;3,6;0,5;1,2
21;NL:Q:43511593;Buurstede;Almelo;5,3;1,9;1,2;0,2;0,6;0,4
21;NL:Q:43511602;Buurstede;Almelo;14,3;13,5;5,5;3,2;3,2;1,7
21;NL:Q:43511610;De Patrijs;Almelo;5,8;12,1;2,0;3,3;1,8;3,0
21;NL:Q:43511620;De Patrijs;Almelo;12,6;5,0;2,1;0,8;0,0;0,0
21;NL:Q:43511640;Woonboulevard;Almelo;25,0;10,3;7,0;3,8;4,6;2,5
21;NL:Q:43511650;Woonboulevard;Almelo;2,3;28,7;0,7;2,5;0,0;0,0
21;NL:Q:43511670;Zwaluwenstraat;Almelo;1,4;0,8;0,2;0,0;0,0;0,0
21;NL:Q:43511680;Zwaluwenstraat;Almelo;0,6;2,1;0,1;0,3;0,0;0,0
21;NL:Q:43511690;Wondestraat;Almelo;2,5;2,3;0,9;0,2;0,0;0,0
21;NL:Q:43511700;Wondestraat;Almelo;1,8;3,5;0,1;0,7;0,0;0,0
21;NL:Q:43511710;Frans Halsstraat;Almelo;0,9;8,4;0,3;3,9;0,0;0,0
21;NL:Q:43511720;Frans Halsstraat;Almelo;9,5;1,1;3,7;0,3;0,0;0,0
21;NL:Q:43511730;Ten Dam;Almelo;4,6;2,1;0,1;0,0;0,0;0,0
21;NL:Q:43511740;Ten Dam;Almelo;1,9;3,9;0,0;0,2;0,0;0,0
21;NL:Q:43511750;Pergola;Almelo;1,8;0,4;0,2;0,0;0,0;0,0
21;NL:Q:43511760;Pergola;Almelo;0,3;2,4;0,0;0,2;0,0;0,0
21;NL:Q:43512051;De Klokkenbelt;Almelo;2,6;7,2;1,1;0,6;0,1;0,4
21;NL:Q:43512060;Viaduct;Almelo;2,5;0,6;0,0;0,0;0,0;0,0
21;NL:Q:43512070;Elsboerlaan;Almelo;9,7;3,9;0,2;0,5;0,2;0,4
21;NL:Q:43512080;Elsboerlaan;Almelo;4,2;11,0;0,9;0,5;0,6;0,4
21;NL:Q:43512090;Meulenbeldlaan;Almelo;0,6;4,3;0,2;0,8;0,2;0,9
21;NL:Q:43512100;Meulenbeldlaan;Almelo;3,8;0,7;0,7;0,2;0,6;0,0
21;NL:Q:43512110;Huize Alexandra;Almelo;2,3;9,8;0,9;4,9;0,8;3,7
21;NL:Q:43512120;Huize Alexandra;Almelo;15,5;2,2;8,4;0,7;3,4;0,5
21;NL:Q:43512130;Het Meulenbelt;Almelo;3,0;8,8;0,4;2,4;0,2;3,1
21;NL:Q:43512140;Het Meulenbelt;Almelo;7,3;2,4;2,1;0,5;1,8;0,2
21;NL:Q:43512160;Oostermaatweg;Vriezenveen;1,4;0,6;0,1;0,0;0,3;0,1
21;NL:Q:43512170;Markgraven;Almelo;0,8;5,8;0,1;0,8;0,0;0,2
21;NL:Q:43512180;Markgraven;Almelo;6,6;0,9;1,0;0,1;0,3;0,1
21;NL:Q:43512190;Karelskamp;Almelo;8,5;6,2;0,7;0,4;0,6;0,2
21;NL:Q:43512200;Karelskamp;Almelo;5,1;7,8;0,2;0,6;0,2;0,2
21;NL:Q:43512210;Oude Veemarkt;Almelo;4,1;3,2;1,6;0,7;1,3;0,4
21;NL:Q:43512220;Oude Veemarkt;Almelo;2,2;4,5;0,8;1,5;0,4;1,7
21;NL:Q:43512230;Violierstraat;Almelo;3,0;13,8;0,8;4,8;0,8;4,6
21;NL:Q:43512240;Violierstraat;Almelo;11,0;3,4;5,7;2,0;3,2;0,9
21;NL:Q:43512250;Smaragdstraat;Almelo;0,7;2,1;0,4;0,4;0,4;0,3
21;NL:Q:43512260;Smaragdstraat;Almelo;2,4;0,8;0,5;0,4;0,7;0,5
21;NL:Q:43512270;Planthofsweg;Almelo;1,9;2,0;0,1;0,0;0,1;0,0
21;NL:Q:43512280;Planthofsweg;Almelo;1,6;2,5;0,1;0,2;0,0;0,1
21;NL:Q:43512310;De Niendure;Almelo;0,3;0,5;0,1;0,0;0,1;0,0
21;NL:Q:43512320;De Niendure;Almelo;0,2;0,2;0,1;0,1;0,1;0,1
21;NL:Q:43512340;Mastboersweg;Almelo;0,2;0,3;0,0;0,1;0,0;0,0
21;NL:Q:43512410;Koningshoek;Almelo;7,2;12,6;1,3;2,2;0,4;1,0
21;NL:Q:43512420;Koningshoek;Almelo;11,0;6,1;3,1;0,9;1,7;0,5
21;NL:Q:43512430;Robbenhaarsweg;Almelo;0,8;10,6;0,2;1,2;0,4;0,5
21;NL:Q:43512440;Robbenhaarsweg;Almelo;12,1;0,6;2,1;0,2;1,4;0,2
21;NL:Q:43512450;Mariaparochie;Almelo;2,0;5,8;0,2;1,3;0,2;0,5
21;NL:Q:43512460;Mariaparochie;Almelo;1,2;0,4;0,1;0,1;0,1;0,1
21;NL:Q:43512470;De Iep;Harbrinkhoek;2,6;4,3;0,5;0,5;0,7;0,3
21;NL:Q:43512480;De Iep;Harbrinkhoek;3,6;0,4;0,3;0,1;0,4;0,1
21;NL:Q:43512490;Frielinkstraat;Harbrinkhoek;1,3;5,4;0,1;1,1;1,4;1,1
21;NL:Q:43512500;Frielinkstraat;Harbrinkhoek;3,5;1,2;0,5;0,4;0,5;0,2
21;NL:Q:43512510;Mariaparochie;Almelo;1,1;2,8;0,3;0,5;0,0;0,0
21;NL:Q:43512520;Mariaparochie;Almelo;4,0;1,7;1,1;0,2;0,0;0,0
21;NL:Q:43512540;Mekkelenberg;Albergen;0,9;0,1;0,1;0,0;0,0;0,0
21;NL:Q:43512550;Slagenweg;Mariaparochie;0,6;5,3;0,0;1,1;0,0;0,8
21;NL:Q:43512560;Slagenweg;Mariaparochie;1,1;0,2;0,3;0,0;0,3;0,0
21;NL:Q:43512610;Bellavistastraat;Almelo;5,0;25,0;2,8;1,0;0,0;0,0
21;NL:Q:43512611;Bellavistastraat;Almelo;9,1;2,6;0,7;0,2;0,0;0,0
21;NL:Q:43512670;Bavinkelsweg;Almelo;1,3;0,7;0,0;0,0;0,1;0,0
21;NL:Q:43512680;Bavinkelsweg;Almelo;0,6;1,3;0,0;0,0;0,0;0,1
21;NL:Q:43512790;Sluisweg;Almelo;2,6;0,4;0,2;0,0;0,0;0,0
21;NL:Q:43512830;Van Riemsdijkweg;Almelo;0,6;0,7;0,1;0,1;0,0;0,0
21;NL:Q:43512840;Van Riemsdijkweg;Almelo;0,4;0,9;0,0;0,0;0,0;0,0
21;NL:Q:43512850;Van den Broekeweg;Almelo;0,2;9,5;0,0;1,1;0,0;0,0
21;NL:Q:43512860;Van den Broekeweg;Almelo;6,8;0,1;0,9;0,0;0,0;0,0
21;NL:Q:43512870;Beatrix de Rijkweg;Almelo;0,5;4,3;0,0;0,3;0,0;0,0
21;NL:Q:43512880;Beatrix de Rijkweg;Almelo;3,2;0,3;0,0;0,1;0,0;0,0
21;NL:Q:43512950;Valeriusstraat;Almelo;5,8;2,3;0,8;0,2;0,0;0,0
21;NL:Q:43514010;Egbert ten Catelaan;Almelo;0,1;10,8;0,1;0,3;0,0;0,0
21;NL:Q:43514020;Egbert ten Catelaan;Almelo;5,7;0,7;0,5;0,2;0,0;0,0
21;NL:Q:43530010;De Viersprong;Tubbergen;0,7;2,4;0,1;0,3;0,2;0,1
21;NL:Q:43530030;Boakenkampsweg;Vasse;0,1;0,4;0,1;0,0;0,1;0,1
21;NL:Q:43530040;Boakenkampsweg;Vasse;0,5;0,1;0,0;0,1;0,0;0,0
21;NL:Q:43530050;Bolscher;Vasse;1,3;2,8;0,9;1,3;0,4;0,4
21;NL:Q:43530060;Bolscher;Vasse;3,0;1,2;0,9;0,8;0,6;0,2
21;NL:Q:43530070;R.K. Kerk;Vasse;5,9;10,6;1,3;1,4;1,0;0,8
21;NL:Q:43530080;R.K. Kerk;Vasse;9,6;5,3;1,7;0,9;1,1;1,1
21;NL:Q:43530100;Oosterveldsweg;Vasse;1,4;0,6;0,2;0,2;0,1;0,0
21;NL:Q:43550280;R.K. Kerk;Reutum;0,6;0,5;0,0;0,0;0,0;0,0
21;NL:Q:43550310;Agelerweg;Reutum;0,0;0,0;0,0;0,0;0,0;0,0
21;NL:Q:43550320;Agelerweg;Reutum;0,0;0,0;0,0;0,0;0,0;0,0
21;NL:Q:43560012;Herman Heijermansstraat;Goor;8,0;1,0;1,5;0,4;0,0;0,0
21;NL:Q:43560014;Herman Heijermansstraat;Goor;1,0;8,2;0,4;1,6;0,0;0,0
21;NL:Q:43560020;Station Goor;Goor;34,7;41,7;10,6;7,2;0,0;0,0
21;NL:Q:43560050;School;Elsenerbroek;0,2;0,4;0,0;0,0;0,0;0,0
21;NL:Q:43560060;School;Elsenerbroek;0,1;0,2;0,0;0,0;0,0;0,0
21;NL:Q:43560070;Korte Dijk;Goor;0,6;3,3;0,0;0,3;0,0;0,0
21;NL:Q:43560080;Korte Dijk;Goor;4,2;1,6;0,5;0,3;0,0;0,0
21;NL:Q:43560121;Station Goor;Goor;43,3;35,7;7,3;10,8;0,0;0,0
21;NL:Q:43560125;Station Goor;Goor;57,2;40,2;12,9;9,4;0,0;0,0
21;NL:Q:43560126;Station Goor;Goor;42,5;63,5;11,2;16,7;0,0;0,0
21;NL:Q:43560130;Van Heeckerenweg;Goor;1,2;1,2;0,7;0,6;0,0;0,0
21;NL:Q:43560140;Van Heeckerenweg;Goor;0,9;2,6;0,2;0,6;0,0;0,0
21;NL:Q:43560210;Bergzicht;Herikerberg;0,2;0,6;0,0;0,0;0,0;0,0
21;NL:Q:43560230;De Stoevelaar;Goor;4,0;8,5;0,4;1,0;0,0;0,0
21;NL:Q:43560240;De Stoevelaar;Goor;8,3;3,7;0,6;0,8;0,0;0,0
21;NL:Q:43560250;IJsbaanweg;Goor;0,4;3,4;0,1;0,5;0,0;0,0
21;NL:Q:43560260;IJsbaanweg;Goor;3,5;0,6;0,8;0,6;0,0;0,0
21;NL:Q:43560350;Reggebrug;Elsenerbroek;0,2;0,4;0,0;0,0;0,0;0,0
21;NL:Q:43560360;Reggebrug;Elsenerbroek;0,1;0,7;0,0;0,2;0,0;0,0
21;NL:Q:43560370;Zomerweg;Goor;1,1;0,9;0,0;0,1;0,0;0,0
21;NL:Q:43560380;Zomerweg;Goor;1,3;1,8;0,0;0,1;0,0;0,0
21;NL:Q:43560490;Kevelhamlaan;Goor;0,8;0,8;0,5;0,1;0,0;0,0
21;NL:Q:43560500;Kevelhamlaan;Goor;0,1;0,5;0,0;0,0;0,0;0,0
21;NL:Q:43560510;Weldammerlaan;Goor;0,6;1,4;0,3;0,7;0,0;0,0
21;NL:Q:43560520;Weldammerlaan;Goor;0,8;0,4;0,1;0,0;0,0;0,0
21;NL:Q:43560540;2e Zomerdijk;Diepenheim;0,6;0,5;0,2;0,1;0,0;0,0
21;NL:Q:43560610;Wiener Bentelerscheidingsweg;Goor;0,7;0,8;0,3;0,1;0,0;0,0
21;NL:Q:43560620;Wiener Bentelerscheidingsweg;Goor;2,6;1,2;0,6;0,1;0,0;0,0
21;NL:Q:43590010;Oostermaatweg;Vriezenveen;0,4;1,7;0,1;0,1;0,0;0,1
21;NL:Q:43590030;De Zuivering;Vriezenveen;0,7;2,5;0,0;0,2;0,0;0,1
21;NL:Q:43590040;De Zuivering;Vriezenveen;2,1;0,8;0,3;0,0;0,1;0,0
21;NL:Q:43590050;Zuivelstraat;Vriezenveen;5,3;14,4;0,7;2,1;0,1;2,2
21;NL:Q:43590060;Zuivelstraat;Vriezenveen;12,3;4,2;2,3;0,4;1,2;0,1
21;NL:Q:43590070;'t Midden;Vriezenveen;10,6;32,6;1,6;5,3;0,4;3,7
21;NL:Q:43590080;'t Midden;Vriezenveen;30,3;10,2;5,6;1,5;3,5;0,5
21;NL:Q:43590100;Westerveenweg;Vriezenveen;1,6;0,2;0,2;0,1;0,1;0,0
21;NL:Q:43590210;Sluisweg;Almelo;0,7;3,0;0,5;0,1;0,0;0,0
21;NL:Q:43590230;Albardastraat;Aadorp;0,2;5,5;0,0;0,5;0,0;0,0
21;NL:Q:43590240;Albardastraat;Aadorp;4,9;0,1;0,4;0,1;0,0;0,0
21;NL:Q:43590250;Berkenlaan;Aadorp;0,1;2,0;0,0;0,3;0,0;0,0
21;NL:Q:43590260;Berkenlaan;Aadorp;2,0;0,1;0,2;0,0;0,0;0,0
21;NL:Q:43590270;Peppellaan;Aadorp;0,5;2,4;0,0;0,6;0,0;0,0
21;NL:Q:43590280;Peppellaan;Aadorp;2,9;0,2;0,4;0,0;0,0;0,0
21;NL:Q:43590300;De Merel;Vriezenveen;8,4;0,6;1,1;0,0;0,0;0,0
21;NL:Q:43590310;Westerweilandweg;Vriezenveen;0,1;5,2;0,0;0,7;0,0;0,0
21;NL:Q:43590320;Westerweilandweg;Vriezenveen;7,1;0,1;1,3;0,0;0,0;0,0
21;NL:Q:43590330;De Nachtegaal;Vriezenveen;0,3;4,8;0,0;1,2;0,0;0,0
21;NL:Q:43590340;De Nachtegaal;Vriezenveen;5,4;0,0;1,0;0,0;0,0;0,0
21;NL:Q:43590540;Prinsenweg;Vriezenveen;4,6;0,1;0,5;0,0;0,0;0,0
21;NL:Q:43590550;Prinsenweg;Vriezenveen;0,1;3,5;0,0;0,5;0,0;0,0
21;NL:Q:43590700;Nieuwe Daarlerveenseweg;Vriezenveen;10,6;8,4;1,4;1,2;0,0;0,0
21;NL:Q:43590740;Karel Schaapstraat;Vriezenveen;19,2;0,8;1,9;0,1;0,0;0,0
21;NL:Q:43590750;Karel Schaapstraat;Vriezenveen;0,2;19,5;0,0;1,7;0,0;0,0
21;NL:Q:43590760;Broekland;Vriezenveen;7,7;0,9;1,0;0,1;0,0;0,0
21;NL:Q:43590770;Broekland;Vriezenveen;4,4;6,9;0,4;0,6;0,0;0,0
21;NL:Q:43590800;Petersburgstraat;Vriezenveen;13,1;0,1;2,0;0,0;0,0;0,0
21;NL:Q:43590810;Petersburgstraat;Vriezenveen;0,4;14,9;0,1;1,7;0,0;0,0
21;NL:Q:43598290;De Merel;Vriezenveen;0,0;8,1;0,1;1,1;0,0;0,0
21;NL:Q:43621010;N.H. Kerk;Wierden;1,7;2,8;0,4;1,4;0,0;0,0
21;NL:Q:43621020;N.H. Kerk;Wierden;3,4;1,4;1,0;0,7;0,0;0,0
21;NL:Q:43621030;Nijstad;Notter;0,4;0,1;0,0;0,1;0,0;0,0
21;NL:Q:43621040;Nijstad;Notter;0,2;0,5;0,0;0,1;0,0;0,0
21;NL:Q:43621050;Klokkendijk;Rijssen;0,4;0,2;0,2;0,1;0,0;0,0
21;NL:Q:43621070;Grimberg;Nijstad;0,1;0,1;0,1;0,1;0,0;0,0
21;NL:Q:43621080;Grimberg;Nijstad;0,1;0,0;0,0;0,2;0,0;0,0
21;NL:Q:43621130;Enterweg;Wierden;0,8;0,3;0,2;0,1;0,0;0,0
21;NL:Q:43621140;Enterweg;Wierden;0,6;0,4;0,1;0,0;0,0;0,0
21;NL:Q:43621170;Smeijerskampstraat;Wierden;0,3;1,1;0,2;0,3;0,0;0,0
21;NL:Q:43621180;Smeijerskampstraat;Wierden;0,7;1,1;0,4;0,2;0,0;0,0
21;NL:Q:43621190;Akeleistraat;Wierden;0,6;0,7;0,1;0,4;0,0;0,0
21;NL:Q:43621200;Akeleistraat;Wierden;0,8;0,4;0,3;0,1;0,0;0,0
21;NL:Q:43621210;Aadorpsweg;Wierden;0,5;0,2;0,3;0,2;0,0;0,0
21;NL:Q:43621220;Aadorpsweg;Wierden;0,1;1,2;0,1;0,4;0,0;0,0
21;NL:Q:43630010;Manderveenseweg;Tubbergen;3,0;1,2;0,7;0,2;0,6;0,2
21;NL:Q:43630060;Bruno van Ommenstraat;Tubbergen;36,5;14,2;4,4;2,7;2,5;1,4
21;NL:Q:43630070;Julianastraat;Tubbergen;1,1;2,1;0,0;0,2;0,0;0,2
21;NL:Q:43630080;Julianastraat;Tubbergen;30,3;12,5;7,0;1,3;3,5;0,6
21;NL:Q:43630090;Binnenveldsweg;Tubbergen;4,1;22,2;1,4;3,9;1,8;2,6
21;NL:Q:43630100;Binnenveldsweg;Tubbergen;25,4;3,1;3,1;0,7;2,6;1,2
21;NL:Q:43630110;Haarboersweg;Tubbergen;0,2;1,6;0,1;0,2;0,1;0,2
21;NL:Q:43630120;Haarboersweg;Tubbergen;1,9;0,5;0,2;0,1;0,3;0,1
21;NL:Q:43630140;De Viersprong;Tubbergen;2,4;0,7;0,2;0,2;0,2;0,2
21;NL:Q:43630150;Almeloseweg;Tubbergen;0,2;23,8;0,0;6,3;0,0;3,2
21;NL:Q:43630160;Almeloseweg;Tubbergen;0,1;0,8;0,0;0,5;0,0;0,1
21;NL:Q:43630530;Driesprong;Bruinehaar;1,5;0,9;0,0;0,0;0,0;0,0
21;NL:Q:43630570;Wiekslag;Tubbergen;10,8;11,2;1,3;1,5;0,0;0,0
21;NL:Q:43630700;Bruno van Ommenstraat;Tubbergen;2,9;19,4;1,1;2,4;1,3;1,6
21;NL:Q:43630710;Nijverheidsstraat;Tubbergen;1,4;1,6;0,3;0,5;0,0;0,0
21;NL:Q:43630720;Marconistraat;Tubbergen;35,8;28,6;4,5;3,1;0,0;0,0
21;NL:Q:43640010;Handelsstraat;Hardenberg;0,8;0,6;0,0;0,0;0,0;0,0
21;NL:Q:43640020;Handelsstraat;Hardenberg;0,4;1,1;0,0;0,0;0,0;0,0
21;NL:Q:43640030;Wavin;Hardenberg;0,1;1,0;0,0;0,0;0,0;0,0
21;NL:Q:43640040;Wavin;Hardenberg;0,2;0,2;0,0;0,0;0,0;0,0
21;NL:Q:43640050;Ziekenhuis;Hardenberg;2,0;6,3;0,0;0,0;0,0;0,0
21;NL:Q:43640060;Ziekenhuis;Hardenberg;2,4;0,7;0,0;0,0;0,0;0,0
21;NL:Q:43640085;Station;Hardenberg;61,0;56,7;0,0;0,0;0,0;0,0
21;NL:Q:43640180;Bruchterbeekweg;Hardenberg;0,3;0,6;0,0;0,0;0,0;0,0
21;NL:Q:43640370;De Nieuwe Haven;Hardenberg;0,4;2,9;0,0;0,0;0,0;0,0
21;NL:Q:43640380;De Nieuwe Haven;Hardenberg;2,0;0,9;0,0;0,0;0,0;0,0
21;NL:Q:43650010;Viersprong;Fleringen;27,9;27,9;3,1;3,6;0,0;0,0
21;NL:Q:43650210;Hagveldsweg;Fleringen;0,6;0,5;0,3;0,1;0,0;0,0
21;NL:Q:43650220;Hagveldsweg;Fleringen;2,3;0,7;0,2;0,0;0,0;0,0
21;NL:Q:43650230;Kanaal;Fleringen;0,6;0,9;2,1;0,3;0,0;0,0
21;NL:Q:43650240;Kanaal;Fleringen;0,9;0,8;0,0;0,1;0,0;0,0
21;NL:Q:43650250;Oude Almelosedijk;Fleringen;2,0;0,8;0,6;2,3;0,0;0,0
21;NL:Q:43650260;Oude Almelosedijk;Fleringen;0,9;2,0;0,1;0,4;0,0;0,0
21;NL:Q:43650280;Bornsestraat;Weerselo;1,6;1,2;0,1;0,4;0,0;0,0
21;NL:Q:43650290;Herinckhaveweg;Fleringen;0,2;0,3;0,0;0,1;0,0;0,0
21;NL:Q:43660010;Herikerberg;Herikerberg;1,3;1,2;0,9;0,4;0,0;0,0
21;NL:Q:43660020;Herikerberg;Herikerberg;0,4;2,5;0,2;1,1;0,0;0,0
21;NL:Q:43660030;Burg. de Beaufortplein;Markelo;11,8;6,8;3,8;2,3;0,0;0,0
21;NL:Q:43660040;Burg. de Beaufortplein;Markelo;6,8;11,7;1,8;2,6;0,0;0,0
21;NL:Q:43660050;Hessenheem;Herikerberg;2,5;1,0;1,5;0,2;0,0;0,0
21;NL:Q:43660060;Hessenheem;Herikerberg;1,0;3,2;0,4;0,9;0,0;0,0
21;NL:Q:43660070;Cafe De Poppe;Markelo;0,9;1,0;0,6;0,4;0,0;0,0
21;NL:Q:43660090;Leusmanweg;Markelo;1,1;0,8;0,2;0,1;0,0;0,0
21;NL:Q:43660100;Leusmanweg;Markelo;0,7;0,6;0,1;0,1;0,0;0,0
21;NL:Q:43660110;Larenseweg;Markelo;6,1;2,7;0,8;0,8;0,0;0,0
21;NL:Q:43660120;Larenseweg;Markelo;2,7;5,4;0,3;0,9;0,0;0,0
21;NL:Q:43660130;De Koekoek;Markelo;22,4;13,9;4,9;0,8;0,0;0,0
21;NL:Q:43660140;De Koekoek;Markelo;15,3;18,5;1,5;4,0;0,0;0,0
21;NL:Q:43660160;Bergzicht;Herikerberg;0,9;1,0;0,3;0,2;0,0;0,0
21;NL:Q:43670100;'t Pleintie;Nieuw-Heeten;0,7;0,0;0,0;0,0;0,0;0,0
21;NL:Q:43680100;Vukking;Dijkerhoek;0,1;0,0;0,0;0,0;0,0;0,0
21;NL:Q:43680120;Aaltinksweg;Holten;0,0;0,0;0,0;0,0;0,0;0,0
21;NL:Q:43690450;Haarakkersweg;Langeveen;0,0;0,1;0,0;0,0;0,0;0,0
21;NL:Q:43690460;Haarakkersweg;Langeveen;0,0;0,0;0,0;0,0;0,0;0,0
21;NL:Q:43690480;Dwarsstraat;Langeveen;0,0;0,0;0,0;0,0;0,0;0,0
21;NL:Q:43690490;Dwarsstraat;Langeveen;0,0;0,0;0,0;0,0;0,0;0,0
21;NL:Q:43690500;Cafe Nobbenhuis;Langeveen;0,7;0,2;0,0;0,0;0,0;0,0
21;NL:Q:43690510;R.K. Kerk;Langeveen;1,9;0,1;0,0;0,0;0,0;0,0
21;NL:Q:43690520;R.K. Kerk;Langeveen;0,1;2,0;0,0;0,0;0,0;0,0
21;NL:Q:43690530;Cafe Nobbenhuis;Langeveen;0,2;0,5;0,0;0,0;0,0;0,0
21;NL:Q:43720030;Maurits Escherstraat;Nijverdal;0,2;0,1;0,2;0,2;0,0;0,0
21;NL:Q:43720070;Boomcateweg;Nijverdal;0,6;0,7;0,0;0,0;0,0;0,0
21;NL:Q:43720110;Bachlaan;Nijverdal;3,2;1,9;0,0;0,0;0,0;0,0
21;NL:Q:43720120;Bachlaan;Nijverdal;1,6;3,7;0,0;0,0;0,0;0,0
21;NL:Q:43720130;Vivaldistraat;Nijverdal;0,4;1,4;0,0;0,0;0,0;0,0
21;NL:Q:43720140;Vivaldistraat;Nijverdal;1,4;0,3;0,0;0,0;0,0;0,0
21;NL:Q:43720260;Station;Nijverdal;52,3;41,9;13,2;9,8;0,0;0,0
21;NL:Q:43720261;Station;Nijverdal;48,0;41,2;0,0;0,0;0,0;0,0
21;NL:Q:43720262;Station;Nijverdal;0,1;3,8;0,0;0,0;0,0;0,0
21;NL:Q:43720290;Gemeentehuis;Nijverdal;0,2;0,4;0,0;0,0;0,0;0,0
21;NL:Q:43720300;Gemeentehuis;Nijverdal;0,0;0,3;0,0;0,0;0,0;0,0
21;NL:Q:43720310;Molenweg;Nijverdal;0,2;0,0;0,0;0,0;0,0;0,0
21;NL:Q:43720320;Molenweg;Nijverdal;0,0;0,2;0,0;0,0;0,0;0,0
21;NL:Q:43720490;Ereprijs;Nijverdal;10,4;1,5;1,7;0,2;0,0;0,0
21;NL:Q:43720500;Ereprijs;Nijverdal;1,4;14,7;0,1;2,5;0,0;0,0
21;NL:Q:43720570;Helmkruidlaan;Nijverdal;1,4;0,6;0,1;0,0;0,0;0,0
21;NL:Q:43720580;Helmkruidlaan;Nijverdal;0,5;1,7;0,0;0,3;0,0;0,0
21;NL:Q:43720630;Polhaarweg;Nijverdal;9,8;0,3;2,1;0,0;0,0;0,0
21;NL:Q:43720640;Polhaarweg;Nijverdal;0,2;5,1;0,0;0,3;0,0;0,0
21;NL:Q:43720870;Genestetstraat;Nijverdal;0,0;0,4;0,0;0,0;0,0;0,0
21;NL:Q:43720880;Genestetstraat;Nijverdal;0,4;0,1;0,0;0,0;0,0;0,0
21;NL:Q:43720890;Willem Kloosstraat;Nijverdal;1,3;1,5;0,0;0,0;0,0;0,0
21;NL:Q:43720900;Willem Kloosstraat;Nijverdal;2,0;1,7;0,0;0,0;0,0;0,0
21;NL:Q:43720910;Boomcateweg;Nijverdal;0,2;1,7;0,0;0,0;0,0;0,0
21;NL:Q:43720920;P.C. Stamstraat;Nijverdal;0,1;0,2;0,0;0,0;0,0;0,0
21;NL:Q:43720970;Centrum;Nijverdal;5,4;9,1;0,0;0,0;0,0;0,0
21;NL:Q:43721070;Buitencentrum;Nijverdal;0,3;0,9;0,0;0,0;0,0;0,0
21;NL:Q:43730050;Veeneggeweg;Harbrinkhoek;0,1;1,5;0,0;0,8;0,0;1,2
21;NL:Q:43730060;Veeneggeweg;Harbrinkhoek;1,1;0,3;0,2;0,0;0,2;0,0
21;NL:Q:43730070;Landriteweg;Geesteren;1,9;0,8;0,0;0,3;0,2;0,1
21;NL:Q:43730080;Landriteweg;Geesteren;0,9;0,0;0,2;0,2;0,1;0,0
21;NL:Q:43730090;Geesterseveldweg;Geesteren;0,1;3,0;0,0;0,1;0,0;0,3
21;NL:Q:43730100;Geesterseveldweg;Geesteren;0,8;0,4;0,4;0,0;0,2;0,0
21;NL:Q:43730110;Poolsweg;Geesteren;0,1;1,5;0,0;0,4;0,0;0,3
21;NL:Q:43730120;Poolsweg;Geesteren;1,1;0,1;0,3;0,0;0,3;0,2
21;NL:Q:43730130;Lutkeberg;Geesteren;1,2;22,9;0,2;2,2;0,2;1,6
21;NL:Q:43730140;Lutkeberg;Geesteren;23,8;1,2;2,9;0,2;1,8;0,2
21;NL:Q:43730150;Dorpsstraat;Geesteren;1,3;18,4;0,5;1,4;1,6;0,8
21;NL:Q:43730160;Dorpsstraat;Geesteren;16,1;1,7;0,9;0,5;0,8;0,9
21;NL:Q:43730170;Mensinkkamp;Geesteren;0,6;7,8;1,1;1,7;0,2;1,1
21;NL:Q:43730180;Mensinkkamp;Geesteren;9,9;0,4;1,7;0,2;1,6;0,2
21;NL:Q:43730190;Volmersweg;Geesteren;0,0;0,8;0,0;0,2;0,1;0,0
21;NL:Q:43730200;Volmersweg;Geesteren;0,8;0,1;0,1;0,1;0,1;0,0
21;NL:Q:43730210;Geesterse Molen;Geesteren;0,6;8,7;0,0;0,5;0,2;0,5
21;NL:Q:43730220;Geesterse Molen;Geesteren;0,1;2,3;0,0;0,1;0,0;0,1
21;NL:Q:43730240;Manderveenseweg;Tubbergen;9,8;0,3;0,7;0,2;0,4;0,1
21;NL:Q:43730250;Voshaarweg;Harbrinkhoek;0,4;2,5;0,6;0,6;1,1;1,7
21;NL:Q:43730260;Voshaarweg;Harbrinkhoek;5,8;0,0;0,6;0,0;0,9;0,0
21;NL:Q:43740010;Hammerdijk;Westerhaar;0,3;0,6;0,1;0,1;0,0;0,0
21;NL:Q:43740020;Pres. Kennedystraat;Vroomshoop;8,1;5,1;0,6;0,4;0,0;0,0
21;NL:Q:43740030;Pres. Kennedystraat;Vroomshoop;6,3;7,5;0,6;0,8;0,0;0,0
21;NL:Q:43740050;Sallandia;Vroomshoop;0,5;0,4;0,1;0,1;0,0;0,0
21;NL:Q:43740060;Sallandia;Vroomshoop;0,7;0,6;0,1;0,1;0,0;0,0
21;NL:Q:43740070;Dalvoorderslag;Vroomshoop;0,7;0,2;0,0;0,0;0,0;0,0
21;NL:Q:43740080;Dalvoorderslag;Vroomshoop;0,2;0,5;0,1;0,0;0,0;0,0
21;NL:Q:43740090;Tonnendijk;Vroomshoop;4,1;5,9;0,4;1,5;0,0;0,0
21;NL:Q:43740100;Tonnendijk;Vroomshoop;3,8;3,2;0,8;0,3;0,0;0,0
21;NL:Q:43740130;Beatrixstraat;Vroomshoop;4,7;6,4;1,5;0,9;0,0;0,0
21;NL:Q:43740140;Beatrixstraat;Vroomshoop;6,0;4,8;1,4;0,8;0,0;0,0
21;NL:Q:43740180;Zwembad;Vroomshoop;0,4;1,6;0,0;0,1;0,0;0,0
21;NL:Q:43750010;Mekkelenberg;Albergen;0,0;0,7;0,2;0,3;0,0;0,0
21;NL:Q:43750020;Herinckhaveweg;Fleringen;0,4;0,1;0,0;0,0;0,0;0,0
21;NL:Q:43750030;Hofmaatsweg;Albergen;0,1;1,3;0,0;0,4;0,0;0,0
21;NL:Q:43750040;Hofmaatsweg;Albergen;1,4;0,1;0,2;0,0;0,0;0,0
21;NL:Q:43750050;Gravendijk;Albergen;0,3;4,1;0,0;0,7;0,0;0,0
21;NL:Q:43750060;Gravendijk;Albergen;4,6;0,4;1,0;0,0;0,0;0,0
21;NL:Q:43750070;Assinkshoekweg;Albergen;0,2;0,8;0,0;0,2;0,0;0,0
21;NL:Q:43750080;Assinkshoekweg;Albergen;0,9;0,1;0,1;0,0;0,0;0,0
21;NL:Q:43750090;Van Koersveldweg;Albergen;0,5;3,6;0,1;0,4;0,0;0,0
21;NL:Q:43750100;Van Koersveldweg;Albergen;3,4;0,5;0,4;0,1;0,0;0,0
21;NL:Q:43750130;Zenderseweg;Albergen;1,9;18,6;0,4;3,4;0,0;0,0
21;NL:Q:43750140;Zenderseweg;Albergen;20,6;1,8;4,2;0,2;0,0;0,0
21;NL:Q:43750150;Molenbinnenweg;Albergen;0,5;1,8;0,0;0,0;0,0;0,0
21;NL:Q:43750160;Molenbinnenweg;Albergen;1,6;0,4;0,0;0,0;0,0;0,0
21;NL:Q:43750170;Kloosteresweg;Albergen;1,6;7,9;0,3;0,8;0,0;0,0
21;NL:Q:43750180;Kloosteresweg;Albergen;9,2;1,2;0,9;0,2;0,0;0,0
21;NL:Q:43750190;Brakenweg;Albergen;0,8;1,9;0,0;0,0;0,0;0,0
21;NL:Q:43750200;Brakenweg;Albergen;2,4;0,7;0,1;0,1;0,0;0,0
21;NL:Q:43760010;Hammerweg;Marle;0,1;0,3;0,1;0,2;0,0;0,0
21;NL:Q:43760020;Hammerweg;Marle;0,1;0,0;0,0;0,0;0,0;0,0
21;NL:Q:43760070;Kerkstraat;Daarlerveen;0,0;0,8;0,0;0,5;0,0;0,0
21;NL:Q:43760080;Station;Daarlerveen;1,0;0,3;0,5;0,2;0,0;0,0
21;NL:Q:43760100;'n Tip;Daarle;0,2;0,8;0,2;0,1;0,0;0,0
21;NL:Q:43760110;'n Tip;Daarle;0,7;0,1;0,1;0,0;0,0;0,0
21;NL:Q:43780040;Centrum;Holten;13,4;16,1;0,6;0,9;0,0;0,0
21;NL:Q:43780050;Station;Holten;12,9;1,9;6,7;0,1;0,0;0,0
21;NL:Q:43780060;Station;Holten;26,9;29,8;2,3;6,2;0,0;0,0
21;NL:Q:43780090;De Waerdenborch;Holten;0,0;0,1;0,0;0,0;0,0;0,0
21;NL:Q:43780100;De Waerdenborch;Holten;46,0;48,1;4,6;3,9;0,0;0,0
21;NL:Q:43780110;Borkeld;Holten;0,6;0,4;0,2;0,3;0,0;0,0
21;NL:Q:43780120;Borkeld;Holten;0,3;0,5;0,0;0,2;0,0;0,0
21;NL:Q:43780140;Cafe De Poppe;Markelo;0,5;0,9;0,5;0,7;0,0;0,0
21;NL:Q:43780170;De Driesprong;Holten;0,5;0,2;0,7;0,0;0,0;0,0
21;NL:Q:43780180;De Driesprong;Holten;0,3;1,3;0,1;1,1;0,0;0,0
21;NL:Q:43780220;Diessenplas;Holten;4,4;2,9;0,2;0,4;0,0;0,0
21;NL:Q:43780230;Kon. Wilhelminastraat;Holten;0,0;0,0;0,0;0,0;0,0;0,0
21;NL:Q:43780240;Kon. Wilhelminastraat;Holten;3,1;3,3;0,9;0,4;0,0;0,0
21;NL:Q:43780260;Nagelhoutstraat;Holten;0,0;0,0;0,0;0,0;0,0;0,0
21;NL:Q:43780270;Lageweg;Holten;0,0;0,0;0,1;0,0;0,0;0,0
21;NL:Q:43780310;Kerkhofsweg;Holten;0,4;0,1;0,2;0,0;0,0;0,0
21;NL:Q:43780320;Kerkhofsweg;Holten;0,9;0,9;0,0;0,4;0,0;0,0
21;NL:Q:43790010;Sluiskade;Westerhaar;0,8;5,6;0,0;0,9;0,1;0,7
21;NL:Q:43790020;Sluiskade;Westerhaar;6,2;1,3;0,9;0,3;1,2;0,2
21;NL:Q:43790030;De Elsgraven;Westerhaar;0,4;4,6;0,0;0,5;0,0;0,4
21;NL:Q:43790040;De Elsgraven;Westerhaar;3,1;1,2;0,6;0,1;0,3;0,1
21;NL:Q:43790050;Leidijk;Westerhaar;0,2;11,5;0,0;1,4;0,0;1,4
21;NL:Q:43790060;Leidijk;Westerhaar;6,6;0,8;1,0;0,1;0,6;0,6
21;NL:Q:43790090;Westerveenweg;Vriezenveen;0,1;1,1;0,0;0,3;0,0;0,1
21;NL:Q:43790100;Schapenweg;Westerhaar;2,1;7,2;0,0;0,0;0,0;0,0
21;NL:Q:43790110;Vroomshoopseweg;Westerhaar;1,6;1,9;0,2;0,5;0,0;0,0
21;NL:Q:43790120;Vroomshoopseweg;Westerhaar;4,2;5,3;0,2;0,3;0,0;0,0
21;NL:Q:43790130;Dalweg;Westerhaar;1,1;3,0;0,0;0,4;0,0;0,1
21;NL:Q:43790140;Dalweg;Westerhaar;2,9;0,7;0,7;0,0;0,1;0,1
21;NL:Q:43790150;Busstation;Westerhaar;69,8;35,8;7,5;1,4;6,1;0,2
21;NL:Q:43790160;Busstation;Westerhaar;34,0;34,0;0,0;0,0;0,0;0,0
21;NL:Q:43790170;Busstation;Westerhaar;41,8;60,7;2,2;5,1;0,1;4,4
21;NL:Q:43790190;Hammerdijk;Westerhaar;0,5;0,8;0,0;0,0;0,0;0,0
21;NL:Q:43820070;Schapenmarkt;Hellendoorn;2,0;9,4;1,4;7,5;0,0;0,0
21;NL:Q:43820080;Schapenmarkt;Hellendoorn;8,0;1,5;3,9;0,3;0,0;0,0
21;NL:Q:43820230;De Blenke;Hellendoorn;0,6;0,1;0,2;0,0;0,0;0,0
21;NL:Q:43820240;De Blenke;Hellendoorn;0,1;0,5;0,0;0,3;0,0;0,0
21;NL:Q:43820310;Looweg;Hellendoorn;0,1;1,3;0,0;0,0;0,0;0,0
21;NL:Q:43820320;Looweg;Hellendoorn;0,5;0,2;0,0;0,0;0,0;0,0
21;NL:Q:43820330;Krönnenzommer;Hellendoorn;5,8;4,9;0,0;0,0;0,0;0,0
21;NL:Q:43820410;Reggeweg;Hellendoorn;2,2;0,8;0,5;0,0;0,0;0,0
21;NL:Q:43820450;Schuilenburgerweg;Hellendoorn;2,8;0,2;0,1;0,0;0,0;0,0
21;NL:Q:43820470;Collenstaartweg;Hulsen;0,5;0,2;0,1;0,0;0,0;0,0
21;NL:Q:43820480;Collenstaartweg;Hulsen;0,0;1,2;0,0;0,3;0,0;0,0
21;NL:Q:43840010;Zwembad;Vroomshoop;2,3;1,1;1,1;0,0;0,0;0,0
21;NL:Q:43840030;Kooiweg;Den Ham;0,2;1,7;0,0;1,0;0,0;0,0
21;NL:Q:43840040;Kooiweg;Den Ham;0,3;0,3;0,0;0,1;0,0;0,0
21;NL:Q:43840050;Middenweg;Den Ham;1,8;0,9;0,4;0,2;0,0;0,0
21;NL:Q:43840060;Middenweg;Den Ham;1,1;2,1;0,0;0,3;0,0;0,0
21;NL:Q:43840070;Driesprong;Den Ham;5,8;3,0;0,9;1,3;0,0;0,0
21;NL:Q:43840080;Driesprong;Den Ham;3,3;5,8;0,6;1,1;0,0;0,0
21;NL:Q:43840090;Kerkpad;Den Ham;16,9;9,6;3,4;2,4;0,0;0,0
21;NL:Q:43840100;Kerkpad;Den Ham;10,5;15,1;2,5;2,9;0,0;0,0
21;NL:Q:43840110;Zuivelstraat;Den Ham;4,0;1,2;0,5;0,5;0,0;0,0
21;NL:Q:43840120;Zuivelstraat;Den Ham;0,9;4,3;0,1;0,8;0,0;0,0
21;NL:Q:43840130;Smitstraat;Den Ham;19,0;7,2;2,0;1,5;0,0;0,0
21;NL:Q:43840140;Smitstraat;Den Ham;6,6;19,1;1,3;2,2;0,0;0,0
21;NL:Q:43840170;Noordmeer;Den Ham;0,7;0,7;0,2;0,1;0,0;0,0
21;NL:Q:43840240;Het Liefferdinck;Den Ham;0,2;0,0;0,1;0,0;0,0;0,0
21;NL:Q:43840260;Brink;Den Ham;1,1;0,7;0,4;0,3;0,0;0,0
21;NL:Q:43860010;Kapoene;Enter;0,3;1,7;0,0;0,4;0,0;0,0
21;NL:Q:43860030;R.K. Kerk;Enter;5,6;6,3;0,4;1,7;0,0;0,0
21;NL:Q:43860040;R.K. Kerk;Enter;6,6;6,9;1,6;0,8;0,0;0,0
21;NL:Q:43860070;Rohaan;Enter;3,1;4,1;0,5;0,8;0,0;0,0
21;NL:Q:43860080;Rohaan;Enter;4,4;2,2;1,4;0,7;0,0;0,0
21;NL:Q:43860090;Stationsweg;Enter;0,6;2,6;0,1;0,5;0,0;0,0
21;NL:Q:43860100;Stationsweg;Enter;1,5;0,5;0,4;0,2;0,0;0,0
21;NL:Q:43860110;Brandput;Enter;8,0;7,8;1,0;1,9;0,0;0,0
21;NL:Q:43860120;Brandput;Enter;8,6;7,6;2,8;1,5;0,0;0,0
21;NL:Q:43860130;Braamhaar;Enter;7,7;3,7;0,3;0,2;0,0;0,0
21;NL:Q:43860140;Braamhaar;Enter;4,1;6,6;0,0;0,3;0,0;0,0
21;NL:Q:43860150;Heerink;Enter;0,4;0,3;0,1;0,2;0,0;0,0
21;NL:Q:43860160;Heerink;Enter;0,2;0,8;0,1;0,1;0,0;0,0
21;NL:Q:43860180;Jagersweg;Enter;1,0;0,2;0,1;0,1;0,0;0,0
21;NL:Q:43870010;P.C. Stamstraat;Nijverdal;0,3;0,2;0,0;0,0;0,0;0,0
21;NL:Q:43870050;Blokkendijk;Zuna;0,1;0,7;0,0;0,0;0,0;0,0
21;NL:Q:43870060;Blokkendijk;Zuna;0,6;0,3;0,0;0,0;0,0;0,0
21;NL:Q:43870130;Spoelerstraat;Rijssen;1,1;2,6;0,1;0,0;0,0;0,0
21;NL:Q:43870140;Spoelerstraat;Rijssen;1,2;2,0;0,0;0,0;0,0;0,0
21;NL:Q:43880030;Oude Veemarkt;Rijssen;4,9;12,0;1,4;5,7;0,0;0,0
21;NL:Q:43880031;Oude Veemarkt;Rijssen;3,9;0,4;2,5;0,2;0,0;0,0
21;NL:Q:43880050;Eltheto;Rijssen;0,0;0,0;0,0;0,0;0,0;0,0
21;NL:Q:43880070;Station;Rijssen;23,7;24,8;10,2;4,3;0,0;0,0
21;NL:Q:43880073;Station;Rijssen;23,6;18,6;6,3;4,8;0,0;0,0
21;NL:Q:43880075;Station;Rijssen;38,6;58,4;1,0;5,5;0,0;0,0
21;NL:Q:43880140;Huize Maranatha;Rijssen;0,2;0,1;0,1;0,2;0,0;0,0
21;NL:Q:43880160;Koninginneweg;Rijssen;0,3;0,1;0,2;0,0;0,0;0,0
21;NL:Q:43880180;Vermeerstraat;Rijssen;0,8;0,1;0,0;0,0;0,0;0,0
21;NL:Q:43880200;Wellehof;Rijssen;0,2;0,0;0,0;0,0;0,0;0,0
21;NL:Q:43880210;Scholengemeenschap;Rijssen;2,8;6,2;0,0;0,0;0,0;0,0
21;NL:Q:43880220;Scholengemeenschap;Rijssen;7,2;2,6;0,0;0,0;0,0;0,0
21;NL:Q:43880230;Stationsdwarsweg;Rijssen;0,2;0,1;0,1;0,0;0,0;0,0
21;NL:Q:43880240;Stationsdwarsweg;Rijssen;0,1;0,2;0,1;0,2;0,0;0,0
21;NL:Q:43880260;Klokkendijk;Rijssen;0,1;0,8;0,1;0,2;0,0;0,0
21;NL:Q:43880270;Waterhoen;Rijssen;1,0;1,9;0,0;0,0;0,0;0,0
21;NL:Q:43880280;Waterhoen;Rijssen;1,7;0,7;0,0;0,0;0,0;0,0
21;NL:Q:43880310;Kryptonstraat;Rijssen;1,2;1,7;0,0;0,0;0,0;0,0
21;NL:Q:43880320;Kryptonstraat;Rijssen;1,8;1,8;0,0;0,0;0,0;0,0
21;NL:Q:43880330;Schapendijk;Rijssen;2,2;1,0;1,3;0,5;0,0;0,0
21;NL:Q:43880340;Schapendijk;Rijssen;0,6;0,5;0,1;0,2;0,0;0,0
21;NL:Q:43880350;Reggesteyn/Cattelaar;Rijssen;5,6;5,9;0,3;1,6;0,0;0,0
21;NL:Q:43880360;Reggesteyn/Cattelaar;Rijssen;4,0;5,6;0,5;0,3;0,0;0,0
21;NL:Q:43880380;Kapoene;Enter;0,9;1,0;0,2;0,7;0,0;0,0
21;NL:Q:43880450;Holterweg/Banisweg;Rijssen;0,4;1,0;0,0;0,0;0,0;0,0
21;NL:Q:43880460;Holterweg/Banisweg;Rijssen;1,0;0,6;0,0;0,0;0,0;0,0
21;NL:Q:43880510;Molenstalweg;Rijssen;0,2;2,7;0,0;0,0;0,0;0,0
21;NL:Q:43880520;Molenstalweg;Rijssen;0,2;1,1;0,0;0,0;0,0;0,0
21;NL:Q:43880530;Hagslagen;Rijssen;4,5;3,4;0,0;0,0;0,0;0,0
21;NL:Q:43880540;Hagslagen;Rijssen;4,2;3,5;0,2;0,1;0,0;0,0
21;NL:Q:43880570;Scholekster;Rijssen;0,7;0,6;0,0;0,0;0,0;0,0
21;NL:Q:43880580;Scholekster;Rijssen;0,7;0,6;0,0;0,0;0,0;0,0
21;NL:Q:43880600;Parkstede;Rijssen;0,8;1,2;0,2;0,2;0,0;0,0
21;NL:Q:43880610;Parkstede;Rijssen;1,6;0,6;0,2;0,5;0,0;0,0
21;NL:Q:43880630;R.K. Kerkhof;Rijssen;0,0;0,0;0,0;0,0;0,0;0,0
21;NL:Q:43880650;Opbroek SV;Rijssen;0,0;0,0;0,0;0,0;0,0;0,0
21;NL:Q:43890010;Schapenweg;Westerhaar;6,5;3,2;0,0;0,0;0,0;0,0
21;NL:Q:43890030;Meijerboersweg;Westerhaar;2,2;2,0;0,0;0,0;0,0;0,0
21;NL:Q:43890040;Meijerboersweg;Westerhaar;1,3;1,3;0,0;0,0;0,0;0,0
21;NL:Q:43890050;Driesprong;Sibculo;5,1;3,7;0,0;0,0;0,0;0,0
21;NL:Q:43890060;Driesprong;Sibculo;2,7;5,5;0,0;0,0;0,0;0,0
21;NL:Q:43890070;Bergweg;Sibculo;1,5;0,5;0,0;0,0;0,0;0,0
21;NL:Q:43890080;Bergweg;Sibculo;1,2;0,7;0,0;0,0;0,0;0,0
21;NL:Q:43890090;Schoolstraat;Kloosterhaar;2,9;1,8;0,0;0,0;0,0;0,0
21;NL:Q:43890100;Schoolstraat;Kloosterhaar;1,9;3,1;0,0;0,0;0,0;0,0
21;NL:Q:43890110;Viersprong;Kloosterhaar;4,9;1,7;0,0;0,0;0,0;0,0
21;NL:Q:43890120;Viersprong;Kloosterhaar;1,4;4,2;0,0;0,0;0,0;0,0
21;NL:Q:43890130;Oude Vaart;Kloosterhaar;0,1;0,0;0,0;0,0;0,0;0,0
21;NL:Q:43890140;Oude Vaart;Kloosterhaar;0,2;0,1;0,0;0,0;0,0;0,0
21;NL:Q:43890150;Post;Kloosterhaar;0,0;0,0;0,0;0,0;0,0;0,0
21;NL:Q:43890160;Post;Kloosterhaar;0,0;0,1;0,0;0,0;0,0;0,0
21;NL:Q:43890170;Horstra;Kloosterhaar;0,1;0,0;0,0;0,0;0,0;0,0
21;NL:Q:43890180;Horstra;Kloosterhaar;0,0;0,0;0,0;0,0;0,0;0,0
21;NL:Q:43910010;De Holterberg;Holten;0,0;0,0;0,0;0,0;0,0;0,0
21;NL:Q:43910030;Dondertman;Holten;0,0;0,0;0,0;0,0;0,0;0,0
21;NL:Q:43910050;Canadese Begraafplaats;Holten;0,0;0,0;0,0;0,0;0,0;0,0
21;NL:Q:43920010;Keizersweg;Holten;0,0;0,0;0,0;0,0;0,0;0,0
21;NL:Q:43920030;Mossinkserf;Holten;0,0;0,0;0,0;0,0;0,0;0,0
21;NL:Q:43920050;Canadastraat;Holten;0,2;0,0;0,1;0,0;0,0;0,0
21;NL:Q:43920070;Koolwitje;Holten;0,2;0,0;0,0;0,0;0,0;0,0
21;NL:Q:43920090;Liezenweg;Holten;0,1;0,0;0,0;0,0;0,0;0,0
21;NL:Q:43920110;Beusebergerweg;Holten;0,0;0,0;0,0;0,0;0,0;0,0
21;NL:Q:43920130;Erve Wiegmannink;Holten;0,0;0,0;0,0;0,0;0,0;0,0
21;NL:Q:43920150;Schoolstraat;Holten;0,0;0,0;0,0;0,0;0,0;0,0
21;NL:Q:43920190;Pannenbakkersstraat;Holten;0,2;0,1;0,0;0,0;0,0;0,0
21;NL:Q:43920210;Kolweg;Holten;0,1;0,0;0,0;0,0;0,0;0,0
21;NL:Q:43920230;Rijssenseweg;Holten;0,0;0,0;0,0;0,0;0,0;0,0
21;NL:Q:43920250;Sparrenweg;Holten;0,0;0,0;0,0;0,0;0,0;0,0
21;NL:Q:43920270;Langstraat;Holten;0,0;0,0;0,0;0,0;0,0;0,0
21;NL:Q:43920290;Smidsbelt;Holten;0,2;0,0;0,1;0,0;0,0;0,0
21;NL:Q:43920310;Abraham Berg Hof;Holten;0,1;0,0;0,0;0,0;0,0;0,0
21;NL:Q:43920330;Twenhaarsveld;Holten;0,2;0,0;0,1;0,0;0,0;0,0
21;NL:Q:43920350;McDonald's;Holten;0,3;0,0;0,1;0,0;0,0;0,0
21;NL:Q:43920370;Camping De Holterberg;Holten;0,8;0,1;0,5;0,3;0,0;0,0
21;NL:Q:43920430;Het Look;Holten;0,0;0,0;0,0;0,0;0,0;0,0
21;NL:Q:43920450;Het Vletgoor;Holten;0,0;0,0;0,0;0,0;0,0;0,0
21;NL:Q:43929050;Oude Deventerweg;Holten;0,0;0,0;0,0;0,0;0,0;0,0
21;NL:Q:43990030;Pannemansbos;Bergentheim;0,3;0,1;0,0;0,0;0,0;0,0
21;NL:Q:43990040;Pannemansbos;Bergentheim;0,0;0,1;0,0;0,0;0,0;0,0
21;NL:Q:43990070;Kanaalbrug;Bergentheim;0,7;2,6;0,0;0,0;0,0;0,0
21;NL:Q:43990080;Kanaalbrug;Bergentheim;1,2;1,4;0,0;0,0;0,0;0,0
21;NL:Q:43990170;Bruchterbeekweg;Bergentheim;0,3;0,3;0,0;0,0;0,0;0,0
21;NL:Q:44100030;Kerk;Usselo;0,0;0,9;0,0;0,3;0,0;0,0
21;NL:Q:44100040;Kerk;Usselo;0,3;0,2;0,0;0,1;0,0;0,0
21;NL:Q:44101010;Rosinkweg;Enschede;0,3;0,2;0,0;0,0;0,0;0,0
21;NL:Q:44101020;Rosinkweg;Enschede;0,1;0,4;0,0;0,1;0,0;0,0
21;NL:Q:44101030;Crematorium;Enschede;1,4;1,3;0,4;0,4;0,0;0,0
21;NL:Q:44105030;Landsteinerlaan;Boekelo;0,4;4,2;0,2;0,9;0,0;0,0
21;NL:Q:44105040;Landsteinerlaan;Boekelo;3,0;0,2;0,7;0,0;0,0;0,0
21;NL:Q:44220010;Camping Westerholt;Delden;0,6;2,9;0,5;1,7;0,0;0,0
21;NL:Q:44220020;Camping Westerholt;Delden;1,6;0,7;0,6;0,2;0,0;0,0
21;NL:Q:44220030;Carelshaven;Delden;0,0;0,2;0,0;0,0;0,0;0,0
21;NL:Q:44220040;Carelshaven;Delden;0,6;0,5;0,0;0,0;0,0;0,0
21;NL:Q:44220050;Villapark;Delden;0,0;0,1;0,0;0,0;0,0;0,0
21;NL:Q:44220060;Villapark;Delden;0,6;0,2;0,1;0,0;0,0;0,0
21;NL:Q:44220070;Station;Delden;4,3;18,1;0,0;1,8;0,0;0,0
21;NL:Q:44220080;Station;Delden;24,2;6,0;2,4;0,3;0,0;0,0
21;NL:Q:44220090;Centrum;Delden;0,8;5,2;0,1;0,9;0,0;0,0
21;NL:Q:44220100;Centrum;Delden;0,2;0,4;0,0;0,0;0,0;0,0
21;NL:Q:44220110;Europalaan;Delden;0,4;0,6;0,0;0,0;0,0;0,0
21;NL:Q:44220120;Europalaan;Delden;0,4;0,5;0,0;0,0;0,0;0,0
21;NL:Q:44220140;Nijlandsweg;Bentelo;0,0;0,0;0,0;0,0;0,0;0,0
21;NL:Q:44220150;S.G. Twickel;Delden;0,4;1,3;0,0;0,3;0,0;0,0
21;NL:Q:44229030;Muldersweg;Delden;1,2;1,6;0,0;0,2;0,0;0,0
21;NL:Q:44230010;'t Schaafje;Bornerbroek;1,9;1,1;1,2;0,4;0,0;0,0
21;NL:Q:44230020;'t Schaafje;Bornerbroek;0,3;0,9;0,2;0,0;0,0;0,0
21;NL:Q:44270010;Het Lamoen;Markelo;0,0;0,0;0,0;0,0;0,0;0,0
21;NL:Q:44290030;Kapbergerweg;Rijssen;0,0;0,0;0,0;0,0;0,0;0,0
21;NL:Q:44300030;Oude Kampweg;Haaksbergen;0,2;45,9;0,0;18,8;0,0;8,3
21;NL:Q:44300040;Oude Kampweg;Haaksbergen;2,0;0,4;0,9;0,1;0,6;0,0
21;NL:Q:44300050;Weg naar Veldmaat;Haaksbergen;2,3;11,5;0,5;5,1;0,4;1,7
21;NL:Q:44300060;Weg naar Veldmaat;Haaksbergen;0,3;2,2;0,2;0,8;0,1;0,4
21;NL:Q:44300070;Blanckenborgh;Haaksbergen;1,2;10,9;0,8;3,4;0,2;2,2
21;NL:Q:44300080;Blanckenborgh;Haaksbergen;21,0;2,0;7,4;0,6;4,3;0,2
21;NL:Q:44300090;Fazantstraat;Haaksbergen;5,4;17,6;0,2;4,2;0,1;2,5
21;NL:Q:44300100;Fazantstraat;Haaksbergen;10,1;11,4;3,5;2,2;1,9;1,5
21;NL:Q:44300110;Busstation;Haaksbergen;31,1;118,0;0,9;29,2;0,2;20,2
21;NL:Q:44300111;Busstation;Haaksbergen;191,2;102,8;79,6;28,5;40,7;10,6
21;NL:Q:44300112;Busstation;Haaksbergen;23,5;0,7;5,5;0,1;0,0;0,0
21;NL:Q:44300114;Busstation;Haaksbergen;119,4;15,5;47,2;1,1;27,7;1,0
21;NL:Q:44300115;Busstation;Haaksbergen;88,2;133,0;20,2;50,3;13,3;27,2
21;NL:Q:44300130;Lansinkstraat;Haaksbergen;8,8;11,9;2,0;3,9;1,0;2,7
21;NL:Q:44300140;Lansinkstraat;Haaksbergen;7,2;8,5;2,0;1,6;1,5;1,0
21;NL:Q:44300150;Scholtenhagen;Haaksbergen;9,3;8,8;2,1;3,8;1,3;1,8
21;NL:Q:44300160;Scholtenhagen;Haaksbergen;16,3;12,8;4,2;3,2;2,9;1,6
21;NL:Q:44300180;Weerninksweg;Brammelo;1,2;0,5;0,4;0,1;0,4;0,1
21;NL:Q:44300185;Weerninksweg;Brammelo;0,4;2,6;0,4;0,3;0,1;0,1
21;NL:Q:44300200;Haarweg;Haaksbergen;36,5;5,0;9,4;0,6;4,2;0,5
21;NL:Q:44300210;Haarweg;Haaksbergen;10,3;39,0;1,8;8,7;0,8;4,6
21;NL:Q:44300220;Gerard Terborghstraat;Haaksbergen;1,2;3,3;0,4;1,5;0,0;0,0
21;NL:Q:44300230;Gerard Terborghstraat;Haaksbergen;2,9;0,8;1,3;0,2;0,0;0,0
21;NL:Q:44300270;Wiedenbroeksingel;Haaksbergen;99,3;16,5;37,0;2,6;22,6;2,7
21;NL:Q:44300280;Wiedenbroeksingel;Haaksbergen;13,5;95,6;2,5;28,0;2,3;21,3
21;NL:Q:44300310;Mr. Eenhuisstraat;Haaksbergen;33,5;10,8;12,4;1,9;6,8;1,9
21;NL:Q:44300320;Mr. Eenhuisstraat;Haaksbergen;10,0;40,8;0,3;16,2;0,3;10,4
21;NL:Q:44300450;Richterstraat;Haaksbergen;0,2;3,6;0,0;0,8;0,0;0,0
21;NL:Q:44300460;Richterstraat;Haaksbergen;4,1;0,1;0,5;0,0;0,0;0,0
21;NL:Q:44300470;H. v.d. Haarstraat;Haaksbergen;0,3;1,6;0,1;0,6;0,0;0,0
21;NL:Q:44300480;H. v.d. Haarstraat;Haaksbergen;1,2;0,3;0,3;0,1;0,0;0,0
21;NL:Q:44300490;Van Limborgstraat;Haaksbergen;0,3;2,2;0,2;0,6;0,0;0,0
21;NL:Q:44300500;Van Limborgstraat;Haaksbergen;2,6;0,4;0,4;0,5;0,0;0,0
21;NL:Q:44300570;Industriestraat;Haaksbergen;0,6;0,4;0,0;0,1;0,0;0,0
21;NL:Q:44300580;Industriestraat;Haaksbergen;0,4;1,0;0,1;0,1;0,0;0,0
21;NL:Q:44300690;Twijnerstraat;Haaksbergen;0,9;0,4;0,2;0,0;0,0;0,0
21;NL:Q:44300700;Twijnerstraat;Haaksbergen;0,2;0,7;0,2;0,4;0,0;0,0
21;NL:Q:44301050;Veldmaterstraat;Haaksbergen;37,6;4,5;16,5;0,8;8,6;0,5
21;NL:Q:44301080;Huurnerhof;Haaksbergen;0,0;1,9;0,0;0,0;0,0;0,0
21;NL:Q:44330010;Nijlandsweg;Bentelo;0,0;0,0;0,0;0,0;0,0;0,0
21;NL:Q:44330020;Haarweg;Bentelo;0,1;0,0;0,0;0,0;0,0;0,0
21;NL:Q:44330030;Platenkampsweg;Bentelo;0,0;0,2;0,0;0,0;0,0;0,0
21;NL:Q:44330040;Platenkampsweg;Bentelo;0,2;0,0;0,0;0,0;0,0;0,0
21;NL:Q:44350010;Groothuis;Hengevelde;0,0;0,1;0,0;0,0;0,0;0,0
21;NL:Q:44350020;Groothuis;Hengevelde;0,1;0,0;0,0;0,0;0,0;0,0
21;NL:Q:44350030;Koude Dijk;Hengevelde;0,0;0,0;0,0;0,0;0,0;0,0
21;NL:Q:44350040;Koude Dijk;Hengevelde;0,0;0,0;0,0;0,0;0,0;0,0
21;NL:Q:44350050;Bretelerstraat;Hengevelde;0,0;0,7;0,0;0,0;0,0;0,0
21;NL:Q:44350060;Bretelerstraat;Hengevelde;0,7;0,1;0,0;0,0;0,0;0,0
21;NL:Q:44350070;Oude Haaksbergerweg;Markvelde;0,2;0,4;0,0;0,0;0,0;0,0
21;NL:Q:44350080;Oude Haaksbergerweg;Markvelde;0,4;0,0;0,0;0,0;0,0;0,0
21;NL:Q:44390010;Haarweg;Bentelo;0,0;0,6;0,0;0,0;0,0;0,0
21;NL:Q:44390030;Kieftenweg;Bentelo;0,0;0,5;0,0;0,0;0,0;0,0
21;NL:Q:44390040;Kieftenweg;Bentelo;0,8;0,0;0,0;0,0;0,0;0,0
21;NL:Q:44390050;Eschweg;Bentelo;0,0;0,0;0,0;0,0;0,0;0,0
21;NL:Q:44390060;Eschweg;Bentelo;0,1;0,0;0,0;0,0;0,0;0,0
21;NL:Q:44390070;R.K. Kerk;Bentelo;0,9;4,9;0,0;0,0;0,0;0,0
21;NL:Q:44390080;R.K. Kerk;Bentelo;5,2;0,5;0,0;0,0;0,0;0,0
21;NL:Q:44400030;Tolstraat;Brammelo;1,2;1,0;0,5;0,1;0,2;0,0
21;NL:Q:44400040;Tolstraat;Brammelo;0,8;1,6;0,5;0,3;0,1;0,1
21;NL:Q:44400050;Kerkweg;Brammelo;0,4;1,3;0,0;0,7;0,0;0,2
21;NL:Q:44400060;Kerkweg;Brammelo;0,2;0,1;0,2;0,0;0,1;1,5
21;NL:Q:44400070;Aaftinksweg;Brammelo;1,8;1,6;0,3;0,3;0,3;0,0
21;NL:Q:44400080;Aaftinksweg;Brammelo;0,9;0,3;0,2;0,1;1,7;0,0
21;NL:Q:44400100;N18/Rietmolen;Rietmolen;1,1;5,3;1,0;3,9;0,6;1,7
21;NL:Q:44400110;Rietmolen;Rietmolen;2,2;9,1;0,2;2,5;0,1;1,1
21;NL:Q:44490010;De Woeste Wieven;Markvelde;0,0;0,2;0,0;0,0;0,0;0,0
21;NL:Q:44490020;De Woeste Wieven;Markvelde;0,1;0,0;0,0;0,0;0,0;0,0
21;NL:Q:44499010;Steenmorsweg;Markvelde;0,0;0,1;0,0;0,0;0,0;0,0
21;NL:Q:44499020;Steenmorsweg;Markvelde;0,2;0,0;0,0;0,0;0,0;0,0
21;NL:Q:44500010;N18/Rietmolen;Rietmolen;8,7;3,5;3,7;3,8;1,6;1,9
21;NL:Q:44500060;Rietmolen;Rietmolen;10,7;1,8;5,0;0,4;1,9;0,1
21;NL:Q:44500150;Wheemergaarden;Neede;2,1;11,5;0,5;3,3;0,2;2,3
21;NL:Q:44500160;Wheemergaarden;Neede;11,2;2,2;4,0;0,7;2,9;0,2
21;NL:Q:44500173;Parallelweg;Neede;8,4;29,2;0,5;2,9;0,2;1,9
21;NL:Q:44500174;Parallelweg;Neede;27,5;10,3;2,5;0,9;1,9;0,2
21;NL:Q:44500175;Busstation;Neede;48,0;23,9;20,3;6,3;13,4;2,2
21;NL:Q:44500177;Busstation;Neede;30,3;48,3;6,8;17,2;3,5;10,9
21;NL:Q:44500210;De Valkhof;Neede;11,2;17,1;2,9;5,8;1,7;3,6
21;NL:Q:44500220;De Valkhof;Neede;15,6;17,5;4,5;3,6;2,2;2,0
21;NL:Q:44500230;De Huikert;Neede;6,8;16,1;2,8;3,5;1,2;2,0
21;NL:Q:44500240;De Huikert;Neede;16,1;6,4;3,6;2,5;2,4;1,3
21;NL:Q:44500250;Kisveld;Neede;7,9;12,7;1,2;3,4;1,1;2,3
21;NL:Q:44500260;Kisveld;Neede;14,0;7,7;3,4;1,5;2,0;0,7
21;NL:Q:44500290;;;0,0;0,0;0,0;0,0;0,0;0,0
21;NL:Q:44500310;Diekmaatschool;Neede;10,2;4,2;2,8;1,1;1,4;0,4
21;NL:Q:44500320;Diekmaatschool;Neede;5,1;7,0;0,7;1,8;0,5;1,1
21;NL:Q:44500430;Garage Grooters;Eibergen;0,2;39,7;0,0;0,0;0,0;0,0
21;NL:Q:44500440;Garage Grooters;Eibergen;37,7;2,3;0,0;0,0;0,0;0,0
21;NL:Q:44500450;Viersprong;Eibergen;41,5;1,0;0,0;0,0;0,0;0,0
21;NL:Q:44500460;Viersprong;Eibergen;0,3;35,4;0,0;0,0;0,0;0,0
21;NL:Q:44500530;Industrieweg;Neede;2,2;2,5;0,2;0,5;0,1;1,1
21;NL:Q:44500540;Industrieweg;Neede;1,8;2,7;0,4;0,3;0,3;0,1
21;NL:Q:44500610;Lochuizen;Neede;0,9;0,1;0,0;0,0;0,0;0,0
21;NL:Q:44500620;Lochuizen;Neede;0,0;0,4;0,0;0,0;0,0;0,0
21;NL:Q:44500630;'t Roodland;Neede;0,1;1,1;0,0;0,0;0,0;0,0
21;NL:Q:44500640;'t Roodland;Neede;1,8;0,2;0,0;0,0;0,0;0,0
21;NL:Q:44501210;Busstation;Neede;9,6;4,4;0,0;0,0;0,0;0,0
21;NL:Q:44509010;Lolotte;Neede;0,4;0,3;0,0;0,0;0,0;0,0
21;NL:Q:44509020;Lolotte;Neede;0,1;0,3;0,0;0,0;0,0;0,0
21;NL:Q:44600131;Busstation;Groenlo;0,0;0,0;0,0;0,0;0,0;0,0
21;NL:Q:44610030;Haarloseweg;Neede;8,9;2,9;5,9;0,5;2,1;0,4
21;NL:Q:44610040;Haarloseweg;Neede;3,9;6,4;1,0;4,7;0,3;3,0
21;NL:Q:44710050;Busstation;Borculo;0,0;0,0;0,0;0,0;0,0;0,0
21;NL:Q:44710051;Busstation;Borculo;181,0;147,7;45,8;41,1;25,8;21,1
21;NL:Q:44710052;Busstation;Borculo;16,4;11,8;3,7;2,8;0,0;0,0
21;NL:Q:44710531;Keizer Ottostraat;Borculo;0,2;3,7;0,0;0,7;0,0;0,0
21;NL:Q:44710533;Keizer Ottostraat;Borculo;2,3;0,7;0,6;0,4;0,0;0,0
21;NL:Q:44710541;Nettelhorsterweg;Borculo;8,5;8,8;5,8;2,2;3,5;1,0
21;NL:Q:44710542;Nettelhorsterweg;Borculo;2,2;29,2;0,5;8,2;0,2;3,1
21;NL:Q:45010100;Zorgcentrum Ariënshuis;Glanerbrug;0,1;0,0;0,0;0,0;0,0;0,0
21;NL:Q:45010120;Station;Glanerbrug;0,0;0,1;0,0;0,0;0,0;0,0
21;NL:Q:45010130;Station;Glanerbrug;0,0;0,0;0,0;0,0;0,0;0,0
21;NL:Q:45030100;Jan Vermeerstraat;Enschede;0,6;0,1;0,3;0,1;0,3;0,1
21;NL:Q:45110010;Iepweg;Hengelo;1,4;2,1;0,3;1,2;0,1;0,7
21;NL:Q:45110020;Iepweg;Hengelo;1,4;1,2;0,3;0,2;0,0;0,0
21;NL:Q:45120010;Esrein;Hengelo;1,6;1,3;0,0;0,2;0,0;0,1
21;NL:Q:45120020;Esrein;Hengelo;0,8;3,0;0,3;1,0;0,1;0,1
21;NL:Q:45120030;Ketelmakerij;Hengelo;0,2;2,7;0,0;0,0;0,0;0,0
21;NL:Q:45120031;Slijperij;Hengelo;0,0;0,2;0,0;0,1;0,0;0,0
21;NL:Q:45120035;Hegemansweg;Hengelo;0,0;0,0;0,0;0,0;0,0;0,0
21;NL:Q:45120036;Hegemansweg;Hengelo;0,0;0,1;0,0;0,0;0,0;0,0
21;NL:Q:45120040;Ketelmakerij;Hengelo;3,2;1,1;0,9;1,3;0,1;0,0
21;NL:Q:45120041;Slijperij;Hengelo;0,1;0,1;0,0;0,0;0,1;0,0
21;NL:Q:45121001;Attractiepark de Waarbeek;Hengelo;6,0;5,7;3,1;3,8;0,5;0,1
21;NL:Q:45121002;Attractiepark de Waarbeek;Hengelo;0,1;0,0;0,1;0,0;0,2;0,1
21;NL:Q:45121003;High Tech Systems Park;Hengelo;9,6;10,8;0,0;0,0;0,0;0,0
21;NL:Q:45121004;Jadestraat;Hengelo;1,8;2,6;0,0;0,0;0,0;0,0
21;NL:Q:45121005;Opaalstraat;Hengelo;3,4;4,7;0,0;0,0;0,0;0,0
21;NL:Q:45121006;Saffierstraat;Hengelo;0,0;0,0;0,0;0,0;0,0;0,0
21;NL:Q:45121030;De Veste;Borne;0,1;0,1;0,0;0,0;0,0;0,0
21;NL:Q:45160010;Viaduct;Almelo;0,5;2,6;0,0;0,0;0,0;0,0
21;NL:Q:45160030;Eierbaan;Bornerbroek;1,6;4,0;0,1;0,4;0,0;0,0
21;NL:Q:45160040;Eierbaan;Bornerbroek;4,1;1,3;0,4;0,1;0,0;0,0
21;NL:Q:45160050;Goorsedijk;Bornerbroek;0,7;0,9;0,0;0,0;0,0;0,0
21;NL:Q:45160060;Goorsedijk;Bornerbroek;0,3;0,7;0,0;0,1;0,0;0,0
21;NL:Q:45169010;R.K. Kerk;Bornerbroek;3,0;4,3;0,3;0,4;0,0;0,0
21;NL:Q:45169020;R.K. Kerk;Bornerbroek;4,4;1,8;0,3;0,2;0,0;0,0
21;NL:Q:45180100;Dorpshuis De Glaan;Glane;0,3;0,3;0,1;0,2;0,0;0,0
21;NL:Q:45180110;Klooster St. Ephrem;Glane;0,0;0,1;0,0;0,1;0,0;0,0
21;NL:Q:45190010;Manege 't Leijerweerd;Enter;0,2;0,1;0,0;0,0;0,0;0,0
21;NL:Q:45210011;Boekweit;Borne;0,2;0,2;0,0;0,0;0,0;0,0
21;NL:Q:45210017;Rogge;Borne;0,4;0,3;0,0;0,0;0,0;0,0
21;NL:Q:45210019;Bornsebeek;Borne;0,3;0,2;0,0;0,0;0,0;0,0
21;NL:Q:45210021;Blauwgras;Borne;0,0;0,0;0,0;0,0;0,0;0,0
21;NL:Q:45210023;Hesselerbeek;Borne;0,0;0,1;0,0;0,0;0,0;0,0
21;NL:Q:45210025;De Veste;Borne;0,3;0,5;0,0;0,0;0,0;0,0
21;NL:Q:45210027;Bongerd;Borne;0,2;0,2;0,0;0,0;0,0;0,0
21;NL:Q:45210110;Fleminghof;Borne;0,0;0,4;0,0;0,0;0,0;0,0
21;NL:Q:45210115;Fleminghof;Borne;0,1;0,0;0,0;0,0;0,0;0,0
21;NL:Q:45210120;De Bleek;Borne;0,1;0,1;0,0;0,0;0,0;0,0
21;NL:Q:45210130;Sancta Maria;Borne;0,0;0,1;0,0;0,0;0,0;0,0
21;NL:Q:45210135;Sancta Maria;Borne;0,0;0,3;0,0;0,0;0,0;0,0
21;NL:Q:45210140;Vedergras;Borne;0,0;0,0;0,0;0,0;0,0;0,0
21;NL:Q:45210150;Struisgras;Borne;0,1;0,0;0,0;0,0;0,0;0,0
21;NL:Q:45210160;Hanzestraat;Borne;0,2;0,2;0,0;0,0;0,0;0,0
21;NL:Q:45210170;Het Wooldrik;Borne;0,1;0,1;0,0;0,0;0,0;0,0
21;NL:Q:45210190;Hosbekkeweg;Borne;0,1;0,2;0,0;0,0;0,0;0,0
21;NL:Q:45280100;De Pol Zuid;Losser;0,0;0,1;0,0;0,0;0,0;0,0
21;NL:Q:45280110;De Pol Zuid;Losser;0,1;0,0;0,0;0,0;0,0;0,0
21;NL:Q:45280120;Vicarystraat;Losser;0,0;0,0;0,0;0,0;0,0;0,0
21;NL:Q:45280130;Brilmansdennen;Losser;0,0;0,0;0,0;0,0;0,0;0,0
21;NL:Q:45280140;Balderikstraat;Losser;0,1;0,0;0,0;0,0;0,0;0,0
21;NL:Q:45300030;Weijerdstraat;Rijssen;0,1;0,0;0,0;0,0;0,0;0,0
21;NL:Q:45300070;De Krans;Rijssen;0,1;0,0;0,0;0,0;0,0;0,0
21;NL:Q:45300090;Bouwstraat;Rijssen;0,0;0,0;0,0;0,0;0,0;0,0
21;NL:Q:45300110;Heliumstraat;Rijssen;0,2;0,0;0,0;0,0;0,0;0,0
21;NL:Q:45300130;De Biesterij;Rijssen;0,0;0,0;0,0;0,0;0,0;0,0
21;NL:Q:45300150;Sint Ignatius;Rijssen;0,9;0,1;0,1;0,2;0,0;0,0
21;NL:Q:45300170;Braakmansdijk;Rijssen;0,8;0,1;0,0;0,0;0,0;0,0
21;NL:Q:45300190;Keizersdijk;Rijssen;0,1;0,0;0,1;0,0;0,0;0,0
21;NL:Q:45300210;Ottenstraat;Rijssen;0,1;0,0;0,1;0,0;0,0;0,0
21;NL:Q:45300230;P&R Station Rijssen;Rijssen;0,1;0,0;0,2;0,0;0,0;0,0
21;NL:Q:45300270;Irenelaan;Rijssen;0,2;0,0;0,0;0,0;0,0;0,0
21;NL:Q:45300290;Eshof;Rijssen;0,3;0,0;0,0;0,0;0,0;0,0
21;NL:Q:45300310;Kattenhaarsweg;Rijssen;0,1;0,0;0,0;0,0;0,0;0,0
21;NL:Q:45300330;Steenakkersweg;Rijssen;0,1;0,0;0,0;0,0;0,0;0,0
21;NL:Q:45300350;Esstraat;Rijssen;0,2;0,1;0,1;0,0;0,0;0,0
21;NL:Q:45300370;De Hoge Esch;Rijssen;0,3;0,1;0,0;0,0;0,0;0,0
21;NL:Q:45300390;Frans Halsstraat;Rijssen;0,4;0,1;0,0;0,0;0,0;0,0
21;NL:Q:45300410;Spoorzicht;Rijssen;0,0;0,0;0,0;0,0;0,0;0,0
21;NL:Q:45300430;De Koerbelt;Rijssen;0,2;0,0;0,0;0,0;0,0;0,0
21;NL:Q:45300450;Leemspoor;Rijssen;0,0;0,0;0,0;0,0;0,0;0,0
21;NL:Q:45300470;Lijsterbeslaan;Rijssen;0,0;0,0;0,0;0,0;0,0;0,0
21;NL:Q:45300490;Het Punt;Rijssen;0,1;0,0;0,0;0,0;0,0;0,0
21;NL:Q:45300510;Verlengde Oranjestraat;Rijssen;0,0;0,0;0,0;0,0;0,0;0,0
21;NL:Q:45300530;Berkenlaan;Rijssen;1,1;0,2;0,2;0,0;0,0;0,0
21;NL:Q:45300550;Het Lentfert;Rijssen;0,0;0,0;0,0;0,0;0,0;0,0
21;NL:Q:45300570;Molenpoort;Rijssen;0,2;0,0;0,1;0,0;0,0;0,0
21;NL:Q:45300590;De Kaempe;Rijssen;0,1;0,0;0,0;0,0;0,0;0,0
21;NL:Q:45300630;Parkgebouw;Rijssen;0,0;0,0;0,0;0,0;0,0;0,0
21;NL:Q:45300650;Manege Achter 'n Bos;Rijssen;0,0;0,0;0,0;0,0;0,0;0,0
21;NL:Q:45300670;De Hagen;Rijssen;0,3;0,1;0,1;0,0;0,0;0,0
21;NL:Q:45300690;Walstraat;Rijssen;0,0;0,0;0,0;0,0;0,0;0,0
21;NL:Q:45300710;Hoge Wal;Rijssen;0,6;0,1;0,3;0,1;0,0;0,0
21;NL:Q:45300750;Molendijk Noord;Rijssen;0,0;0,0;0,1;0,0;0,0;0,0
21;NL:Q:45300770;Galvanistraat;Rijssen;0,0;0,0;0,0;0,0;0,0;0,0
21;NL:Q:45300790;Fahrenheitstraat;Rijssen;0,0;0,0;0,0;0,0;0,0;0,0
21;NL:Q:45300810;Oude Morsweg;Rijssen;0,1;0,0;0,0;0,0;0,0;0,0
21;NL:Q:45300830;Kalanderstraat;Rijssen;0,0;0,0;0,0;0,0;0,0;0,0
21;NL:Q:45300850;Energiestraat;Rijssen;0,0;0,0;0,0;0,0;0,0;0,0
21;NL:Q:45300890;Nijverheidsstraat;Rijssen;0,0;0,0;0,0;0,0;0,0;0,0
21;NL:Q:45300930;Nijverdalseweg;Rijssen;0,0;0,0;0,0;0,0;0,0;0,0
21;NL:Q:45300950;Noordermors;Rijssen;0,0;0,0;0,0;0,0;0,0;0,0
21;NL:Q:45300970;De Sterkerij;Rijssen;0,0;0,0;0,0;0,0;0,0;0,0
21;NL:Q:45300990;Ooievaarstraat;Rijssen;0,1;0,0;0,1;0,0;0,0;0,0
21;NL:Q:45301010;Arkeheem;Rijssen;0,6;0,1;0,0;0,0;0,0;0,0
21;NL:Q:45301030;Tabernakel;Rijssen;0,1;0,0;0,1;0,0;0,0;0,0
21;NL:Q:45301050;Fuut;Rijssen;0,0;0,0;0,0;0,0;0,0;0,0
21;NL:Q:45301070;Industrieweg;Rijssen;0,0;0,0;0,0;0,0;0,0;0,0
21;NL:Q:45301090;Rijsserberg;Rijssen;0,0;0,0;0,0;0,0;0,0;0,0
21;NL:Q:45301110;'t Witte Hoes;Rijssen;0,0;0,0;0,0;0,0;0,0;0,0
21;NL:Q:45301130;Ronde Maat;Rijssen;0,4;0,0;0,1;0,0;0,0;0,0
21;NL:Q:45301150;Nijlandstraat;Rijssen;0,1;0,0;0,2;0,0;0,0;0,0
21;NL:Q:45301170;Gracht;Rijssen;0,1;0,0;0,0;0,0;0,0;0,0
21;NL:Q:45301190;Mauritshof;Rijssen;0,0;0,0;0,0;0,0;0,0;0,0
21;NL:Q:45320010;De Keizer;Rijssen;0,0;0,0;0,0;0,0;0,0;0,0
21;NL:Q:45320030;Het Overveen;Rijssen;2,0;0,2;1,2;0,1;0,0;0,0
21;NL:Q:45331001;Leeuwerikstraat;De Lutte;1,3;0,8;0,1;0,0;0,0;0,0
21;NL:Q:45331003;Spechtstraat;De Lutte;5,0;1,0;0,2;0,0;0,0;0,0
21;NL:Q:45350010;Notter;Notter;0,0;0,0;0,0;0,0;0,0;0,0
21;NL:Q:45350030;Het Mölke;Zuna;0,1;0,0;0,0;0,0;0,0;0,0
21;NL:Q:45391001;De Hagen;Saasveld;0,6;0,0;0,0;0,0;0,0;0,0
21;NL:Q:45391002;De Hagen;Saasveld;0,0;3,0;0,0;0,0;0,0;0,0
21;NL:Q:45510050;Nieuwland;Almelo;0,8;2,4;0,4;0,6;0,3;0,5
21;NL:Q:45510060;Nieuwland;Almelo;2,7;1,0;0,7;0,1;0,5;0,1
21;NL:Q:45510070;Nijreessingel;Almelo;1,1;1,3;0,1;0,2;0,0;0,0
21;NL:Q:45510080;Nijreessingel;Almelo;0,7;1,2;0,1;0,2;0,1;0,0
21;NL:Q:45551001;Paadje;Reutum;0,0;0,0;0,0;0,0;0,0;0,0
21;NL:Q:45551002;Kerkstraat;Reutum;0,1;0,0;0,0;0,0;0,0;0,0
21;NL:Q:45570010;Dorp;Tilligte;0,0;2,1;0,0;0,0;0,0;0,0
21;NL:Q:45850030;Zuid Esweg;Hellendoorn;0,4;3,3;0,2;0,8;0,0;0,0
21;NL:Q:45850040;Zuid Esweg;Hellendoorn;3,8;0,4;0,7;0,2;0,0;0,0
21;NL:Q:45861002;Hankate;Hankate;0,2;0,0;0,0;0,0;0,0;0,0
21;NL:Q:45920010;Stationsweg;Bergentheim;17,0;15,1;0,0;0,0;0,0;0,0
21;NL:Q:45980001;'t Kruuspunt;Haarle;2,0;2,2;0,0;0,0;0,0;0,0
21;NL:Q:45980002;'t Kruuspunt;Haarle;2,9;1,9;0,0;0,0;0,0;0,0
21;NL:Q:45980003;Molenweg;Haarle;0,3;0,7;0,0;0,0;0,0;0,0
21;NL:Q:45980004;Molenweg;Haarle;1,0;0,4;0,0;0,0;0,0;0,0
21;NL:Q:45980005;Stationsweg;Haarle;0,2;0,1;0,0;0,0;0,0;0,0
21;NL:Q:45980006;Stationsweg;Haarle;0,1;0,3;0,0;0,0;0,0;0,0
21;NL:Q:46400055;Station;Raalte;6,3;4,5;0,0;0,0;0,0;0,0
21;NL:Q:46400200;Kruisstraat;Raalte;0,2;0,9;0,0;0,0;0,0;0,0
21;NL:Q:46400300;Westdorplaan;Raalte;0,2;0,1;0,0;0,0;0,0;0,0
21;NL:Q:46400700;Willem Stoltehof;Raalte;0,1;0,0;0,0;0,0;0,0;0,0
21;NL:Q:46401500;Pauluskerk;Raalte;1,0;0,3;0,0;0,0;0,0;0,0
21;NL:Q:46402010;Merel;Raalte;0,0;1,4;0,0;0,0;0,0;0,0
21;NL:Q:46409003;Zwolsestraat;Raalte;3,6;4,4;0,0;0,0;0,0;0,0
21;NL:Q:46600100;Giethemer Kerkpad;Ommen;1,0;1,0;0,2;0,3;0,0;0,0
21;NL:Q:46600130;De Groene Jager;Den Ham;4,0;0,8;1,4;0,2;0,0;0,0
21;NL:Q:46600140;De Groene Jager;Den Ham;0,1;1,0;0,1;0,3;0,0;0,0
21;NL:Q:46600150;Giethemer Kerkpad;Ommen;1,1;1,0;0,5;0,5;0,0;0,0
21;NL:Q:46600180;Noordmeer;Den Ham;0,3;0,2;0,1;0,0;0,0;0,0
21;NL:Q:46600200;Besthmen;Ommen;0,8;0,3;0,2;0,1;0,0;0,0
21;NL:Q:46601010;Kasteel Eerde;Eerde;5,9;4,1;2,9;1,6;0,0;0,0
21;NL:Q:46601020;Kasteel Eerde;Eerde;0,7;5,3;0,3;2,6;0,0;0,0
21;NL:Q:46601050;Steile Oever;Ommen;0,6;2,4;0,2;1,3;0,0;0,0
21;NL:Q:46601060;Steile Oever;Ommen;0,3;1,0;0,1;0,2;0,0;0,0
21;NL:Q:46601080;Besthmen;Ommen;0,5;2,1;0,0;0,8;0,0;0,0
21;NL:Q:46610650;Station;Ommen;84,8;78,7;13,1;12,8;0,0;0,0
21;NL:Q:46611500;Strangeweg;Ommen;46,7;69,7;8,0;10,0;0,0;0,0
21;NL:Q:46613050;Centrum;Ommen;35,9;16,8;5,8;4,2;0,0;0,0
21;NL:Q:46851001;Nijverdalseweg;Marienheem;0,3;0,4;0,0;0,0;0,0;0,0
21;NL:Q:46851002;Nijverdalseweg;Marienheem;0,4;0,4;0,0;0,0;0,0;0,0
21;NL:Q:46910010;Dijkerhoek;Holten;0,0;0,0;0,0;0,0;0,0;0,0
21;NL:Q:46910030;De Hegeman;Holten;0,4;0,0;0,0;0,0;0,0;0,0
21;NL:Q:46910050;Erve de Poll;Lettele;0,0;0,0;0,0;0,0;0,0;0,0
21;NL:Q:46920010;Vletgaarsmaten;Holten;0,0;0,0;0,0;0,0;0,0;0,0
21;NL:Q:46920030;Handelsweg;Holten;0,2;0,0;0,0;0,0;0,0;0,0
21;NL:Q:46920050;Bedrijvenweg;Holten;0,0;0,0;0,0;0,0;0,0;0,0
21;NL:Q:47644061;Schuilenburgerweg;Hellendoorn;0,1;3,3;0,2;0,6;0,0;0,0
21;NL:Q:47644062;Reggeweg;Hellendoorn;0,6;2,9;0,2;0,7;0,0;0,0
21;NL:Q:577922414;;;0,1;0,0;0,1;0,0;0,0;0,0
23;NL:Q:40320040;Liefkenshoek;Heteren;0,4;0,8;0,0;0,0;0,0;0,0
23;NL:Q:40320130;Nachtegaalstraat;Heteren;0,0;1,2;0,0;0,0;0,0;0,0
23;NL:Q:40320131;Nachtegaalstraat;Heteren;0,9;0,0;0,0;0,0;0,0;0,0
23;NL:Q:40320160;Elzenpas;Heteren;0,0;0,3;0,0;0,0;0,0;0,0
23;NL:Q:40320170;Elzenpas;Heteren;0,7;0,1;0,0;0,0;0,0;0,0
23;NL:Q:40320210;Beemdhof;Heteren;2,0;0,0;0,0;0,0;0,0;0,0
23;NL:Q:40322011;Beemdhof;Heteren;0,0;1,0;0,0;0,0;0,0;0,0
23;NL:Q:40400060;Costerweg;Wageningen;0,8;43,8;0,3;10,5;0,6;15,5
23;NL:Q:40400070;Costerweg;Wageningen;39,8;5,1;14,7;2,3;8,3;4,9
23;NL:Q:40405000;Busstation;Wageningen;0,1;83,2;0,0;35,0;0,0;28,1
23;NL:Q:40405011;Busstation;Wageningen;105,4;0,3;50,7;0,1;28,3;0,0
23;NL:Q:40420030;Nijburgsestraat;Randwijk;0,0;0,1;0,0;0,0;0,0;0,0
23;NL:Q:40420040;Nijburgsestraat;Randwijk;0,1;0,1;0,0;0,0;0,0;0,0
23;NL:Q:40420050;Bredeweg;Randwijk;0,5;0,0;0,0;0,0;0,0;0,0
23;NL:Q:40420060;Bredeweg;Randwijk;0,0;0,1;0,0;0,0;0,0;0,0
23;NL:Q:40420070;Prins Bernhardstraat;Randwijk;0,9;0,6;0,0;0,0;0,0;0,0
23;NL:Q:40420080;Prins Bernhardstraat;Randwijk;0,3;1,1;0,0;0,0;0,0;0,0
23;NL:Q:40420090;NUON huisje;Randwijk;0,4;0,1;0,0;0,0;0,0;0,0
23;NL:Q:40420100;NUON huisje;Randwijk;0,5;0,1;0,0;0,0;0,0;0,0
23;NL:Q:40420130;Kerk;Indoornik;0,0;0,5;0,0;0,0;0,0;0,0
23;NL:Q:40420140;Kerk;Indoornik;0,0;0,1;0,0;0,0;0,0;0,0
23;NL:Q:40500010;Militaire Begraafplaats;Rhenen;0,5;0,2;0,4;0,3;0,7;0,1
23;NL:Q:40500020;Grebbesluis;Rhenen;1,9;1,7;1,2;1,1;0,4;0,6
23;NL:Q:40500030;Grebbesluis;Rhenen;2,4;1,7;1,6;0,5;1,4;0,5
23;NL:Q:40500060;Huppelpad;Wageningen;0,8;0,7;0,4;0,3;0,1;0,1
23;NL:Q:40500070;Huppelpad;Wageningen;0,6;1,0;0,5;0,2;0,2;0,2
23;NL:Q:40500080;Nudenoord;Wageningen;7,9;4,7;4,3;1,2;2,1;0,7
23;NL:Q:40500090;Nudenoord;Wageningen;3,9;7,1;1,1;2,4;1,1;3,9
23;NL:Q:40600100;Station/Tuinlaan;Rhenen;88,7;99,5;33,9;38,0;23,8;21,4
23;NL:Q:40600120;Ouwehands Dierenpark;Rhenen;7,5;10,7;6,5;9,3;3,8;5,2
23;NL:Q:40600130;Ouwehands Dierenpark;Rhenen;8,0;7,8;7,1;8,0;6,2;5,6
23;NL:Q:40600140;Militaire Begraafplaats;Rhenen;0,4;0,7;0,2;0,5;0,2;0,5
23;NL:Q:41970060;Dorpsstraat;Laren;0,0;0,0;0,0;0,0;0,0;0,0
23;NL:Q:44950130;De Graafschap;Lochem;0,0;0,0;0,0;0,0;0,0;0,0
23;NL:Q:44950410;Station;Lochem;0,0;0,0;0,0;0,0;0,0;0,0
23;NL:Q:51340010;Hotel Vianen;Vianen;3,0;0,1;0,0;0,0;0,0;0,0
23;NL:Q:51340170;Prinses Julianastraat;Vianen;1,4;1,3;0,0;0,0;0,0;0,0
23;NL:Q:51340232;Busstation Lekbrug-West;Vianen;0,0;0,0;0,0;0,0;0,0;0,0
23;NL:Q:51340234;Busstation Lekbrug-West;Vianen;30,1;2,5;0,0;0,0;0,0;0,0
23;NL:Q:51340244;Busstation Lekbrug-Oost;Vianen;0,2;26,5;0,0;0,0;0,0;0,0
23;NL:Q:51340250;Hagenweg;Vianen;1,4;2,7;0,0;0,0;0,0;0,0
23;NL:Q:51340260;Hagenweg;Vianen;2,7;2,4;0,0;0,0;0,0;0,0
23;NL:Q:51340290;Centrum;Vianen;6,5;7,5;0,0;0,0;0,0;0,0
23;NL:Q:51340411;Stuartweg;Vianen;2,2;3,6;0,0;0,0;0,0;0,0
23;NL:Q:51341260;Hotel Vianen;Vianen;0,0;2,7;0,0;0,0;0,0;0,0
23;NL:Q:51341570;Lange Dreef;Vianen;4,4;3,9;0,0;0,0;0,0;0,0
23;NL:Q:51341580;Lange Dreef;Vianen;5,2;1,1;0,0;0,0;0,0;0,0
23;NL:Q:51470010;Tienhovenseweg;Hagestein;0,0;0,2;0,0;0,0;0,0;0,0
23;NL:Q:51470020;Tienhovenseweg;Hagestein;0,5;0,3;0,0;0,0;0,0;0,0
23;NL:Q:51470030;Kortenoever;Hagestein;0,5;0,1;0,0;0,0;0,0;0,0
23;NL:Q:51470040;Kortenoever;Hagestein;0,1;0,1;0,0;0,0;0,0;0,0
23;NL:Q:51470050;Autenasekade;Hagestein;0,0;0,2;0,0;0,0;0,0;0,0
23;NL:Q:51470060;Autenasekade;Hagestein;0,1;0,1;0,0;0,0;0,0;0,0
23;NL:Q:51470070;Nijensteinseweg;Hagestein;2,1;2,1;0,0;0,0;0,0;0,0
23;NL:Q:51470080;Nijensteinseweg;Hagestein;2,0;1,9;0,0;0,0;0,0;0,0
23;NL:Q:51470090;Stuwstraat;Hagestein;1,8;1,9;0,0;0,0;0,0;0,0
23;NL:Q:51470100;Stuwstraat;Hagestein;2,1;1,5;0,0;0,0;0,0;0,0
23;NL:Q:51470130;Biezenweg;Hagestein;2,5;0,7;0,0;0,0;0,0;0,0
23;NL:Q:51470140;Biezenweg;Hagestein;0,8;2,0;0,0;0,0;0,0;0,0
23;NL:Q:51471010;Hoefslag;Hagestein;3,4;3,1;0,0;0,0;0,0;0,0
23;NL:Q:51471020;Hoefslag;Hagestein;0,0;5,7;0,0;0,0;0,0;0,0
23;NL:Q:51570030;Diefdijk;Everdingen;0,3;0,4;0,0;0,0;0,0;0,0
23;NL:Q:51570040;Diefdijk;Everdingen;0,3;0,2;0,0;0,0;0,0;0,0
23;NL:Q:51570170;De Hommel;Everdingen;2,1;2,5;0,0;0,0;0,0;0,0
23;NL:Q:51570180;De Hommel;Everdingen;2,3;1,8;0,0;0,0;0,0;0,0
23;NL:Q:51670030;Beukeboom;Culemborg;4,9;4,5;1,7;0,9;1,6;0,5
23;NL:Q:51670040;Guido Gezelleweg;Culemborg;0,8;3,2;0,0;0,0;0,0;0,0
23;NL:Q:51670050;Guido Gezelleweg;Culemborg;0,0;0,5;0,0;0,0;0,0;0,0
23;NL:Q:51670120;Beukeboom;Culemborg;3,8;4,3;1,1;2,0;0,7;1,7
23;NL:Q:51670130;Station;Culemborg;36,7;52,7;0,0;18,4;0,0;16,0
23;NL:Q:51670140;Station;Culemborg;59,8;29,1;26,7;0,0;16,9;0,1
23;NL:Q:51670530;SG Lek en Linge;Culemborg;2,9;6,1;0,0;0,0;0,0;0,0
23;NL:Q:51670550;SG Lek en Linge;Culemborg;6,7;0,2;0,0;0,0;0,0;0,0
23;NL:Q:51670720;Weidsteeg;Culemborg;5,4;3,4;1,5;2,0;1,1;1,2
23;NL:Q:51670730;Weidsteeg;Culemborg;3,4;7,1;0,7;1,6;0,6;0,8
23;NL:Q:51670750;Weidsteeg/Zandstraat;Culemborg;2,5;12,4;0,2;2,8;0,2;1,5
23;NL:Q:51670760;Weidsteeg/Zandstraat;Culemborg;15,5;3,5;3,0;0,7;1,6;0,4
23;NL:Q:51670780;Kon. Wilhelmina College;Culemborg;7,6;0,2;0,0;0,0;0,0;0,0
23;NL:Q:51670790;Kon. Wilhelmina College;Culemborg;0,0;9,5;0,0;0,0;0,0;0,0
23;NL:Q:51670820;Stationssingel;Culemborg;1,0;1,4;0,3;1,2;0,3;0,2
23;NL:Q:51670830;Stationssingel;Culemborg;0,1;5,4;0,1;2,1;0,0;1,0
23;NL:Q:51671280;Fie Sijbrantstraat;Culemborg;1,7;0,5;0,0;0,0;0,0;0,0
23;NL:Q:51671290;Fie Sijbrantstraat;Culemborg;0,3;1,1;0,0;0,0;0,0;0,0
23;NL:Q:51671300;Wijsenbeekweg;Culemborg;1,0;0,7;0,0;0,0;0,0;0,0
23;NL:Q:51671310;Wijsenbeekweg;Culemborg;0,5;7,7;0,0;0,0;0,0;0,0
23;NL:Q:51671320;Belle van Zuylenlaan;Culemborg;1,8;4,3;0,0;0,0;0,0;0,0
23;NL:Q:51671330;Belle van Zuylenlaan;Culemborg;4,5;2,2;0,0;0,0;0,0;0,0
23;NL:Q:51671340;Winkelcentrum Parijsch;Culemborg;3,3;6,3;0,0;0,0;0,0;0,0
23;NL:Q:51671350;Winkelcentrum Parijsch;Culemborg;7,0;3,1;0,0;0,0;0,0;0,0
23;NL:Q:51750040;Walstraat;Gorinchem;13,6;3,4;11,4;1,7;7,1;1,0
23;NL:Q:51750070;Station;Gorinchem;0,8;73,7;0,4;25,0;0,3;21,3
23;NL:Q:51750071;Station;Gorinchem;0,0;0,3;0,0;0,1;0,0;0,1
23;NL:Q:51750077;Station;Gorinchem;97,9;13,4;30,6;1,0;28,6;0,4
23;NL:Q:51750110;Walstraat;Gorinchem;2,2;15,6;1,0;16,6;0,6;7,9
23;NL:Q:51750120;Fortes Lyceum;Gorinchem;9,2;5,6;0,5;2,7;0,8;2,1
23;NL:Q:51750150;Anna Blamanstraat;Gorinchem;7,2;5,7;4,7;2,1;4,7;1,8
23;NL:Q:51750160;Anna Blamanstraat;Gorinchem;4,8;1,4;1,7;0,3;1,7;0,3
23;NL:Q:51750190;Muzenlaan;Gorinchem;0,8;12,5;1,1;7,7;1,0;10,2
23;NL:Q:51750230;Graaf Reinaldweg;Gorinchem;1,1;3,9;0,7;1,6;0,7;1,5
23;NL:Q:51750240;Fortes Lyceum;Gorinchem;4,6;8,4;1,6;0,9;0,8;1,0
23;NL:Q:51750280;Flank;Gorinchem;0,4;1,2;0,3;0,7;0,1;0,4
23;NL:Q:51750290;Flank;Gorinchem;0,6;0,8;0,3;0,4;0,1;0,2
23;NL:Q:51750380;Glacis;Gorinchem;0,6;0,4;0,3;0,1;0,1;0,1
23;NL:Q:51750390;Glacis;Gorinchem;0,7;0,6;0,7;0,3;0,8;0,2
23;NL:Q:51750410;Merwedekanaal;Gorinchem;13,1;1,8;2,0;0,2;1,9;0,2
23;NL:Q:51750420;Merwedekanaal;Gorinchem;0,5;15,7;0,1;1,6;0,0;0,9
23;NL:Q:51751200;Muzenlaan;Gorinchem;6,8;8,5;7,8;5,3;10,6;4,1
23;NL:Q:51751240;Graaf Reinaldweg;Gorinchem;4,3;1,3;1,3;0,7;1,2;0,4
23;NL:Q:51752130;Hoefslag;Gorinchem;19,5;22,8;0,0;0,0;0,0;0,0
23;NL:Q:51753080;Beatrixlaan;Dalem;3,4;7,1;1,1;2,3;1,3;2,9
23;NL:Q:51753090;Beatrixlaan;Dalem;2,4;4,0;1,2;0,8;1,8;0,7
23;NL:Q:51755510;Evenementenhal/Griendweg;Gorinchem;0,2;0,7;0,0;0,0;0,0;0,0
23;NL:Q:51755520;Evenementenhal/Griendweg;Gorinchem;0,6;0,7;0,0;0,0;0,0;0,0
23;NL:Q:51760090;Station Leerdam;Leerdam;12,5;7,9;3,8;0,0;0,0;0,0
23;NL:Q:51760120;Station Leerdam;Leerdam;10,0;15,9;0,5;3,9;0,0;0,0
23;NL:Q:51760230;Lingepolikliniek;Leerdam;0,3;1,2;0,0;0,0;0,0;0,0
23;NL:Q:51760240;Huis ter Leede;Leerdam;0,1;0,3;0,0;0,2;0,0;0,0
23;NL:Q:51760250;Brandweerkazerne;Leerdam;0,2;0,6;0,0;0,2;0,0;0,0
23;NL:Q:51760260;Brandweerkazerne;Leerdam;0,3;0,1;0,1;0,0;0,0;0,0
23;NL:Q:51760360;Lingepolikliniek;Leerdam;0,7;0,2;0,0;0,0;0,0;0,0
23;NL:Q:51760370;Gemeentehuis;Asperen;4,9;1,0;1,2;0,1;0,0;0,0
23;NL:Q:51760380;Gemeentehuis;Asperen;0,8;3,7;0,0;1,2;0,0;0,0
23;NL:Q:51760410;Gruttersdam;Asperen;0,2;0,8;0,0;0,3;0,0;0,0
23;NL:Q:51760420;Gruttersdam;Asperen;1,0;0,2;0,1;0,0;0,0;0,0
23;NL:Q:51760430;Raadhuisplein;Asperen;0,2;0,5;0,0;0,0;0,0;0,0
23;NL:Q:51760440;Raadhuisplein;Asperen;0,4;0,5;0,0;0,0;0,0;0,0
23;NL:Q:51760450;Baronie;Asperen;0,0;0,8;0,0;0,0;0,0;0,0
23;NL:Q:51760460;Baronie;Asperen;0,3;0,0;0,0;0,0;0,0;0,0
23;NL:Q:51760470;Drostlaan;Asperen;0,0;3,5;0,0;0,0;0,0;0,0
23;NL:Q:51760480;Drostlaan;Asperen;5,2;0,0;0,0;0,0;0,0;0,0
23;NL:Q:51760550;Brandweer;Asperen;0,9;0,2;0,2;0,2;0,0;0,0
23;NL:Q:51760560;Brandweer;Asperen;0,1;0,3;0,1;0,3;0,0;0,0
23;NL:Q:51760570;Stardam;Asperen;2,3;0,1;0,8;0,0;0,0;0,0
23;NL:Q:51760580;Stardam;Asperen;0,1;1,5;0,0;0,6;0,0;0,0
23;NL:Q:51760590;Schildkamp;Asperen;1,3;0,6;0,4;0,2;0,0;0,0
23;NL:Q:51760600;Schildkamp;Asperen;0,2;1,0;0,1;0,3;0,0;0,0
23;NL:Q:51760710;Lingestein;Leerdam;0,9;1,1;0,4;0,4;0,0;0,0
23;NL:Q:51769070;De Schakel;Acquoy;0,4;0,2;0,2;0,1;0,0;0,0
23;NL:Q:51769080;De Schakel;Acquoy;0,7;0,4;0,3;0,2;0,0;0,0
23;NL:Q:51769110;Achterweg;Acquoy;0,0;0,1;0,0;0,1;0,0;0,0
23;NL:Q:51769120;Achterweg;Acquoy;0,1;0,0;0,0;0,0;0,0;0,0
23;NL:Q:60000280;Joris Ivensplein;Nijmegen;2,6;16,3;1,2;15,6;2,0;17,1
23;NL:Q:60000610;Joris Ivensplein;Nijmegen;14,7;1,5;12,0;1,0;16,3;1,4
23;NL:Q:60000630;Havenweg;Nijmegen;1,6;1,0;1,7;0,9;1,9;0,9
23;NL:Q:60000970;Sluis Weurt;Nijmegen;1,4;0,7;1,1;0,4;0,5;0,5
23;NL:Q:60000990;Sluis Weurt;Nijmegen;2,2;1,1;1,5;0,7;1,8;1,1
23;NL:Q:60001000;;;0,0;0,0;0,0;0,0;0,0;0,0
23;NL:Q:60001002;Centraal Station;Nijmegen;146,3;1,1;79,7;0,9;122,9;0,9
23;NL:Q:60001003;Centraal Station;Nijmegen;0,7;103,1;0,6;60,7;0,4;96,4
23;NL:Q:60001010;Centraal Station;Nijmegen;0,0;0,0;0,0;0,0;0,0;0,0
23;NL:Q:60001050;Havenweg;Nijmegen;2,6;1,5;2,0;1,3;3,0;2,0
23;NL:Q:60001200;Smetiusstraat;Nijmegen;28,2;5,6;25,2;2,0;31,2;3,0
23;NL:Q:60001700;Smetiusstraat;Nijmegen;0,9;28,5;0,5;26,0;0,3;25,3
23;NL:Q:60002005;Plein 1944;Nijmegen;21,2;14,1;20,9;3,0;21,4;9,2
23;NL:Q:60002006;Plein 1944;Nijmegen;7,6;30,3;4,1;33,8;5,7;33,2
23;NL:Q:60003370;Merwedestraat;Nijmegen;1,0;9,5;0,9;7,5;0,9;9,1
23;NL:Q:60003450;Vlietstraat;Nijmegen;11,0;3,9;7,9;2,8;10,7;4,5
23;NL:Q:60003490;Biezenstraat;Nijmegen;15,2;1,7;12,2;1,4;12,6;2,7
23;NL:Q:60003580;Vlietstraat;Nijmegen;5,9;10,3;3,0;7,3;4,9;10,4
23;NL:Q:60003660;Biezenstraat;Nijmegen;1,0;12,6;0,7;8,4;0,8;10,1
23;NL:Q:60003720;Merwedestraat;Nijmegen;3,8;0,7;2,0;0,7;3,3;1,0
23;NL:Q:60003880;Industrieweg;Nijmegen;1,6;11,3;0,6;6,0;0,5;7,2
23;NL:Q:60003960;Industrieweg;Nijmegen;11,7;3,2;6,2;1,1;6,8;1,1
23;NL:Q:61120010;Kerkstraat;Weurt;0,0;8,6;0,0;5,8;0,0;11,1
23;NL:Q:61120020;Hommelstraat;Beuningen;3,5;1,6;1,9;0,5;2,7;0,9
23;NL:Q:61120040;Kerk;Beuningen;16,9;9,2;12,0;4,5;18,3;4,7
23;NL:Q:61120050;Distelakkerstraat;Beuningen;0,3;1,2;0,1;0,9;0,1;1,9
23;NL:Q:61120060;Distelakkerstraat;Beuningen;1,4;0,1;0,9;0,0;1,5;0,1
23;NL:Q:61120070;Kerk;Beuningen;8,3;18,9;4,3;11,9;5,6;25,4
23;NL:Q:61120090;Hommelstraat;Beuningen;1,1;3,9;0,5;2,8;0,8;3,7
23;NL:Q:61120100;Kerkstraat;Weurt;7,8;2,0;6,2;1,7;7,0;1,4
23;NL:Q:61120470;Gemeentehuis;Beuningen;1,1;4,1;0,3;2,5;0,7;5,1
23;NL:Q:61120480;Gemeentehuis;Beuningen;3,6;1,2;2,7;0,4;3,7;0,6
23;NL:Q:61220010;Julianastraat;Ewijk;2,1;17,0;1,2;10,7;2,2;11,7
23;NL:Q:61220020;Deijnschestraat;Winssen;0,8;0,2;0,7;0,1;0,7;0,1
23;NL:Q:61220030;Molenweg;Ewijk;0,1;1,4;0,1;1,2;0,1;1,3
23;NL:Q:61220040;Geerstraat;Winssen;1,6;0,1;0,5;0,1;1,5;0,1
23;NL:Q:61220060;Leegstraat;Winssen;6,7;1,4;5,3;0,5;6,9;0,5
23;NL:Q:61220070;Leegstraat;Winssen;1,1;7,7;0,5;4,9;0,9;6,3
23;NL:Q:61220090;Geerstraat;Winssen;0,1;1,5;0,0;0,8;0,3;1,1
23;NL:Q:61220100;Molenweg;Ewijk;1,3;0,4;1,3;0,1;1,6;0,2
23;NL:Q:61220110;Deijnschestraat;Winssen;0,1;1,0;0,1;0,3;0,0;0,8
23;NL:Q:61220120;Julianastraat;Ewijk;15,9;3,5;10,3;1,1;11,8;1,9
23;NL:Q:61220170;Keizershoeve;Ewijk;0,5;5,5;0,3;5,5;0,4;5,2
23;NL:Q:61220180;Keizershoeve;Ewijk;5,3;0,6;5,2;0,3;4,7;0,8
23;NL:Q:61220190;Plakstraat;Winssen;0,5;5,5;0,3;2,9;0,6;4,5
23;NL:Q:61220200;Plakstraat;Winssen;4,6;0,5;2,6;0,3;4,4;0,5
23;NL:Q:61280020;Esterwegsestoep;Heesselt;0,0;0,2;0,0;0,0;0,0;0,0
23;NL:Q:61280060;Gemeneweg;Heesselt;0,0;0,0;0,0;0,0;0,0;0,0
23;NL:Q:61280070;Kerkstraat 38;Varik;0,6;2,2;0,0;0,0;0,0;0,0
23;NL:Q:61280080;Kerklaan;Heesselt;0,0;0,0;0,0;0,0;0,0;0,0
23;NL:Q:61280090;Postkantoor;Varik;0,5;0,8;0,0;0,0;0,0;0,0
23;NL:Q:61280110;Toevershof;Varik;0,0;0,4;0,0;0,0;0,0;0,0
23;NL:Q:61280130;Walgtsestraat;Varik;0,0;0,2;0,0;0,0;0,0;0,0
23;NL:Q:61280140;Sportterrein;Varik;0,0;0,0;0,0;0,0;0,0;0,0
23;NL:Q:61280150;Sportterrein;Varik;0,0;0,0;0,0;0,0;0,0;0,0
23;NL:Q:61280160;Walgtsestraat;Varik;0,0;0,0;0,0;0,0;0,0;0,0
23;NL:Q:61280170;Heesselt;Heesselt;0,0;0,0;0,0;0,0;0,0;0,0
23;NL:Q:61280180;Toevershof;Varik;0,0;0,0;0,0;0,0;0,0;0,0
23;NL:Q:61280200;Postkantoor;Varik;1,3;0,3;0,0;0,0;0,0;0,0
23;NL:Q:61280220;Kerkstraat 38;Varik;2,1;0,3;0,0;0,0;0,0;0,0
23;NL:Q:61280230;Gemeneweg;Heesselt;0,0;0,0;0,0;0,0;0,0;0,0
23;NL:Q:61280240;Kerkstraat 3;Varik;0,0;0,0;0,0;0,0;0,0;0,0
23;NL:Q:61280250;Van Riemsdijk;Heesselt;0,0;0,0;0,0;0,0;0,0;0,0
23;NL:Q:61280260;Achterstraat;Varik;0,0;0,0;0,0;0,0;0,0;0,0
23;NL:Q:61310060;Kanaalbrug;Wadenoijen;0,2;0,1;0,0;0,0;0,0;0,0
23;NL:Q:61310170;Kanaalbrug;Wadenoijen;0,1;0,2;0,0;0,0;0,0;0,0
23;NL:Q:61311020;Station Passewaaij;Tiel;4,3;0,1;0,0;0,0;0,0;0,0
23;NL:Q:61311030;Station Passewaaij;Tiel;0,1;3,1;0,0;0,0;0,0;0,0
23;NL:Q:61311040;Station Passewaaij Noordzijde;Tiel;0,9;1,2;0,0;0,0;0,0;0,0
23;NL:Q:61311050;Station Passewaaij Noordzijde;Tiel;0,1;0,8;0,0;0,0;0,0;0,0
23;NL:Q:61320020;Klapstraat;Afferden;4,5;0,6;2,9;0,2;3,4;0,5
23;NL:Q:61320031;Koningstraat;Afferden;0,0;1,0;0,1;0,5;0,0;0,8
23;NL:Q:61320041;Pas;Afferden;7,4;0,9;3,3;0,2;4,3;0,5
23;NL:Q:61320051;Pas;Afferden;0,4;6,0;0,4;3,7;0,5;3,7
23;NL:Q:61320061;Koningstraat;Afferden;1,1;0,1;0,4;0,1;0,5;0,0
23;NL:Q:61320070;Klapstraat;Afferden;0,3;4,4;0,2;3,0;0,1;3,3
23;NL:Q:61320080;Grotestraat;Deest;10,5;2,6;4,8;0,8;4,9;1,7
23;NL:Q:61320110;Grotestraat;Deest;1,6;8,8;1,0;4,6;1,2;5,3
23;NL:Q:61350010;Esterweg;Opijnen;0,1;0,1;0,0;0,0;0,0;0,0
23;NL:Q:61350020;PGEM Station;Neerijnen;0,0;0,2;0,0;0,0;0,0;0,0
23;NL:Q:61350030;Zandstraat 59;Opijnen;0,3;0,1;0,0;0,0;0,0;0,0
23;NL:Q:61350040;School;Neerijnen;0,1;0,1;0,0;0,0;0,0;0,0
23;NL:Q:61350050;Nieuwe Stoep;Opijnen;0,4;0,0;0,0;0,0;0,0;0,0
23;NL:Q:61350060;De Vor;Neerijnen;0,0;0,1;0,0;0,0;0,0;0,0
23;NL:Q:61350070;Smid van Empel;Opijnen;0,1;0,4;0,0;0,0;0,0;0,0
23;NL:Q:61350080;Repelsestraat;Opijnen;0,1;0,0;0,0;0,0;0,0;0,0
23;NL:Q:61350090;Gemeentehuis;Opijnen;1,2;1,1;0,0;0,0;0,0;0,0
23;NL:Q:61350100;Gemeentehuis;Opijnen;1,5;1,3;0,0;0,0;0,0;0,0
23;NL:Q:61350110;Repelsestraat;Opijnen;0,0;0,2;0,0;0,0;0,0;0,0
23;NL:Q:61350120;Smid van Empel;Opijnen;0,1;0,2;0,0;0,0;0,0;0,0
23;NL:Q:61350130;De Vor;Neerijnen;0,1;0,1;0,0;0,0;0,0;0,0
23;NL:Q:61350140;Nieuwe Stoep;Opijnen;0,1;0,0;0,0;0,0;0,0;0,0
23;NL:Q:61350150;School;Neerijnen;0,1;0,1;0,0;0,0;0,0;0,0
23;NL:Q:61350160;Zandstraat 59;Opijnen;0,1;0,3;0,0;0,0;0,0;0,0
23;NL:Q:61350170;PGEM Station;Neerijnen;0,0;0,0;0,0;0,0;0,0;0,0
23;NL:Q:61350180;Esterweg;Opijnen;0,3;0,1;0,0;0,0;0,0;0,0
23;NL:Q:61360010;Burg. Verweijlaan;Geldermalsen;2,1;0,1;2,0;0,0;0,0;0,0
23;NL:Q:61360020;Zorgcentrum;Geldermalsen;0,1;2,2;0,0;0,2;0,0;0,0
23;NL:Q:61360030;Prinses Marijkeweg;Geldermalsen;0,1;0,6;0,0;0,6;0,0;0,0
23;NL:Q:61360040;Prinses Marijkeweg;Geldermalsen;1,6;0,2;1,0;0,1;0,0;0,0
23;NL:Q:61360060;Zorgcentrum;Geldermalsen;1,0;0,1;0,4;0,0;0,0;0,0
23;NL:Q:61360080;Poppenbouwing Oost;Geldermalsen;0,3;1,1;0,0;0,0;0,0;0,0
23;NL:Q:61360110;Centrum;Geldermalsen;2,5;0,5;2,8;0,4;0,0;0,0
23;NL:Q:61360120;Kostverlorenkade;Geldermalsen;0,2;0,2;0,2;0,1;0,0;0,0
23;NL:Q:61360130;Gemeentehuis;Geldermalsen;0,6;0,1;0,7;0,0;0,0;0,0
23;NL:Q:61360140;Gemeentehuis;Geldermalsen;0,0;0,5;0,0;0,0;0,0;0,0
23;NL:Q:61360180;Burg. Verweijlaan;Geldermalsen;0,1;1,8;0,2;1,4;0,0;0,0
23;NL:Q:61360190;;;0,0;0,0;0,0;0,0;0,0;0,0
23;NL:Q:61360211;;;0,0;0,0;0,0;0,0;0,0;0,0
23;NL:Q:61360220;Tunnelweg;Geldermalsen;0,3;0,2;0,1;0,1;0,0;0,0
23;NL:Q:61360230;Tunnelweg;Geldermalsen;3,5;3,4;1,5;2,6;0,0;0,0
23;NL:Q:61360270;Centrum;Geldermalsen;0,7;4,0;0,4;4,3;0,0;0,0
23;NL:Q:61360290;Kalenberg;Meteren;16,1;4,2;2,7;1,4;1,7;0,7
23;NL:Q:61360300;Kalenberg;Meteren;3,7;14,7;1,4;2,3;0,9;1,7
23;NL:Q:61360310;Landbouwhuis;Meteren;1,5;1,6;0,2;0,8;0,1;0,4
23;NL:Q:61360320;Landbouwhuis;Meteren;0,3;0,6;0,4;0,3;0,6;0,1
23;NL:Q:61360350;Station;Geldermalsen;102,1;17,3;26,6;10,8;17,2;0,0
23;NL:Q:61360360;Station;Geldermalsen;32,9;105,4;15,7;34,3;0,0;23,0
23;NL:Q:61360550;Rijnstraat;Geldermalsen;0,5;0,4;0,6;0,4;0,0;0,0
23;NL:Q:61360640;Hogeweide;Geldermalsen;1,7;2,0;0,0;0,0;0,0;0,0
23;NL:Q:61361050;Werkzaak;Geldermalsen;7,6;10,2;0,0;0,0;0,0;0,0
23;NL:Q:61361060;Werkzaak;Geldermalsen;11,7;15,6;0,0;0,0;0,0;0,0
23;NL:Q:61361310;Groeneweg;Buurmalsen;0,0;0,3;0,0;0,1;0,0;0,0
23;NL:Q:61361350;Rijksstraatweg;Buurmalsen;0,1;0,1;0,2;0,0;0,0;0,0
23;NL:Q:61361370;Rooimond;Buurmalsen;0,1;0,0;0,0;0,1;0,0;0,0
23;NL:Q:61362010;Hondsgemet;Est;1,5;2,2;0,1;0,4;0,0;0,0
23;NL:Q:61362020;Kerk;Est;1,3;1,8;0,2;0,3;0,0;0,0
23;NL:Q:61363010;Dorpshuis;Tricht;1,2;1,0;0,7;0,9;0,0;0,0
23;NL:Q:61368120;Verlengde Bredestraat;Meteren;0,1;0,2;0,0;0,1;0,0;0,0
23;NL:Q:61368130;De Plantage;Meteren;0,1;0,5;0,2;0,4;0,0;0,0
23;NL:Q:61368296;MFC de Pluk;Geldermalsen;0,4;1,5;0,2;0,3;0,0;0,0
23;NL:Q:61369180;Dorpsstraat;Meteren;1,0;0,3;0,7;0,2;0,0;0,0
23;NL:Q:61369410;Kostverlorenkade;Geldermalsen;0,3;0,5;0,4;0,4;0,0;0,0
23;NL:Q:61369430;Rijnstraat;Geldermalsen;0,5;0,1;0,3;0,0;0,0;0,0
23;NL:Q:61369550;Lokhorstschool;Deil;0,6;1,2;0,0;0,6;0,0;0,0
23;NL:Q:61369560;Lokhorstschool;Deil;0,9;0,6;0,4;0,2;0,0;0,0
23;NL:Q:61369570;Schoresteynstraat;Deil;0,1;0,5;0,0;0,1;0,0;0,0
23;NL:Q:61369580;Schoresteynstraat;Deil;0,8;0,0;0,1;0,0;0,0;0,0
23;NL:Q:61370210;N834/Daver;Kapel-Avezaath;5,2;3,0;1,8;1,0;0,7;0,8
23;NL:Q:61370220;N834/Daver;Kapel-Avezaath;2,8;2,8;1,6;0,8;1,0;0,8
23;NL:Q:61380020;Kloppenhof;Ophemert;0,0;0,0;0,0;0,0;0,0;0,0
23;NL:Q:61380040;Van Beesd;Ophemert;0,0;0,0;0,0;0,0;0,0;0,0
23;NL:Q:61380060;Griedesteeg;Ophemert;0,0;0,0;0,0;0,0;0,0;0,0
23;NL:Q:61380080;Vivo;Ophemert;0,0;0,0;0,0;0,0;0,0;0,0
23;NL:Q:61380160;Hermoesestraat;Ophemert;0,0;0,0;0,0;0,0;0,0;0,0
23;NL:Q:61380220;Ophemertsedijk;Tiel;0,0;0,0;0,0;0,0;0,0;0,0
23;NL:Q:61380230;Voetbalvereniging Ophemert;Ophemert;0,2;3,1;0,0;0,0;0,0;0,0
23;NL:Q:61380240;Voetbalvereniging Ophemert;Ophemert;2,3;0,4;0,0;0,0;0,0;0,0
23;NL:Q:61380250;Dreef;Ophemert;0,1;0,5;0,0;0,0;0,0;0,0
23;NL:Q:61380260;Dreef;Ophemert;0,3;0,0;0,0;0,0;0,0;0,0
23;NL:Q:61390040;Parkstraat;Zoelen;0,1;0,0;0,0;0,0;0,0;0,0
23;NL:Q:61390050;Parkstraat;Zoelen;0,0;0,1;0,0;0,0;0,0;0,0
23;NL:Q:61400010;Lingebrug;Zetten;0,0;0,0;0,0;0,0;0,0;0,0
23;NL:Q:61400030;Molenstraat;Zetten;0,0;0,1;0,0;0,0;0,0;0,0
23;NL:Q:61400120;Molenstraat;Zetten;0,0;0,0;0,0;0,0;0,0;0,0
23;NL:Q:61400140;Lingebrug;Zetten;0,0;0,1;0,0;0,0;0,0;0,0
23;NL:Q:61400160;Vogelenzang;Andelst;0,0;0,0;0,0;0,0;0,0;0,0
23;NL:Q:61400390;Vogelenzang;Andelst;0,0;0,0;0,0;0,0;0,0;0,0
23;NL:Q:61401001;Station Zetten-Andelst;Zetten;3,4;4,3;0,0;0,0;0,0;0,0
23;NL:Q:61401170;Monument;Andelst;0,7;0,4;0,0;0,0;0,0;0,0
23;NL:Q:61401230;Brittanjesingel;Zetten;0,5;1,2;0,0;0,0;0,0;0,0
23;NL:Q:61401240;Brittanjesingel;Zetten;1,0;0,5;0,0;0,0;0,0;0,0
23;NL:Q:61401270;Stationsstraat;Zetten;0,8;0,5;0,0;0,0;0,0;0,0
23;NL:Q:61401280;Stationsstraat;Zetten;0,3;0,5;0,0;0,0;0,0;0,0
23;NL:Q:61401310;Hoofdstraat;Zetten;0,4;1,8;0,0;0,0;0,0;0,0
23;NL:Q:61401320;Hoofdstraat;Zetten;0,5;0,5;0,0;0,0;0,0;0,0
23;NL:Q:61402270;Monument;Andelst;1,2;0,8;0,0;0,0;0,0;0,0
23;NL:Q:61410010;Station;Tiel;9,4;0,0;0,0;0,0;0,0;0,0
23;NL:Q:61410030;Veemarkt;Tiel;29,7;49,4;15,2;47,2;8,9;21,7
23;NL:Q:61410050;Lingedijk;Tiel;2,8;0,2;0,7;0,0;0,7;0,1
23;NL:Q:61410070;Station Noordzijde;Tiel;24,5;19,8;12,1;4,2;8,1;4,0
23;NL:Q:61410080;Vrijthof;Tiel;1,8;1,1;0,0;0,0;0,0;0,0
23;NL:Q:61410090;Prinses Marijkelaan;Tiel;0,4;0,9;0,3;0,5;0,3;0,2
23;NL:Q:61410100;Latenstein;Tiel;1,6;1,7;1,3;1,1;0,6;0,5
23;NL:Q:61410110;Latenstein;Tiel;4,5;3,3;1,0;1,5;1,3;0,9
23;NL:Q:61410120;Prinses Marijkelaan;Tiel;0,1;0,6;0,0;0,4;0,0;0,1
23;NL:Q:61410130;Vrijthof;Tiel;1,0;2,0;0,0;0,0;0,0;0,0
23;NL:Q:61410140;Station Noordzijde;Tiel;0,2;20,2;0,0;15,6;0,0;11,7
23;NL:Q:61410160;Lingedijk;Tiel;0,1;7,5;0,0;2,9;0,0;1,4
23;NL:Q:61410180;Sportpark Ridderweide;Tiel;1,2;0,0;0,0;0,0;0,0;0,0
23;NL:Q:61410200;Sporthal de Betuwe;Tiel;5,7;0,1;0,0;0,0;0,0;0,0
23;NL:Q:61410210;Hoog Kellenseweg;Tiel;0,7;2,8;0,2;0,6;0,2;0,3
23;NL:Q:61410220;Batouwe;Tiel;1,2;0,2;0,0;0,0;0,0;0,0
23;NL:Q:61410240;Westlede;Tiel;0,6;0,9;0,0;0,0;0,0;0,0
23;NL:Q:61410250;Grote Brugse Grintweg;Tiel;0,1;0,3;0,0;0,0;0,0;0,0
23;NL:Q:61410260;Teisterbantlaan;Tiel;1,4;11,4;0,0;0,0;0,0;0,0
23;NL:Q:61410280;Papesteeg;Tiel;4,4;2,2;0,0;0,0;0,0;0,0
23;NL:Q:61410290;Station;Tiel;54,3;5,8;25,6;0,1;23,1;0,1
23;NL:Q:61410300;Heiligestraat;Tiel;0,3;0,4;0,0;0,0;0,0;0,0
23;NL:Q:61410310;Station;Tiel;16,6;0,1;8,4;0,0;5,1;0,0
23;NL:Q:61410320;Station;Tiel;0,2;0,0;0,3;0,1;0,2;0,0
23;NL:Q:61410330;Veemarkt;Tiel;32,0;18,3;21,7;0,9;13,9;0,7
23;NL:Q:61410340;Station;Tiel;8,3;0,0;0,0;0,1;0,0;0,1
23;NL:Q:61410390;Heiligestraat;Tiel;0,3;0,6;0,0;0,0;0,0;0,0
23;NL:Q:61410410;Papesteeg;Tiel;0,7;0,4;0,0;0,0;0,0;0,0
23;NL:Q:61410420;Hoog Kellenseweg;Tiel;0,2;1,7;0,2;0,6;0,1;0,1
23;NL:Q:61410430;Teisterbantlaan;Tiel;8,9;1,2;0,0;0,0;0,0;0,0
23;NL:Q:61410450;Westlede;Tiel;1,0;1,1;0,0;0,0;0,0;0,0
23;NL:Q:61410470;Batouwe;Tiel;0,4;0,9;0,0;0,0;0,0;0,0
23;NL:Q:61410490;Sporthal de Betuwe;Tiel;0,3;0,8;0,0;0,0;0,0;0,0
23;NL:Q:61410510;Sportpark Ridderweide;Tiel;0,1;3,8;0,0;0,0;0,0;0,0
23;NL:Q:61410530;Lingecollege;Tiel;1,2;7,9;0,0;0,0;0,0;0,0
23;NL:Q:61410580;Lingecollege;Tiel;8,1;1,5;0,0;0,0;0,0;0,0
23;NL:Q:61410610;De Hennepe;Tiel;3,3;4,2;1,3;2,1;1,0;1,1
23;NL:Q:61410620;Zoelensepad;Tiel;0,0;0,0;0,0;0,0;0,0;0,0
23;NL:Q:61410630;Zoelensepad;Tiel;0,0;0,2;0,0;0,0;0,0;0,0
23;NL:Q:61410640;Laan van Westroijen;Tiel;7,1;2,7;0,7;1,2;2,3;1,3
23;NL:Q:61410690;Laan van Westroijen;Tiel;7,4;9,2;3,3;3,0;2,6;2,5
23;NL:Q:61410720;Rauwenhof;Tiel;0,9;0,2;0,0;0,0;0,0;0,0
23;NL:Q:61410730;Rauwenhof;Tiel;1,6;2,1;0,6;0,5;0,1;0,2
23;NL:Q:61410740;ROC Rivor;Tiel;14,7;22,1;0,6;0,3;0,1;0,3
23;NL:Q:61410750;Rauwenhof;Tiel;2,5;2,0;0,4;0,8;0,3;0,2
23;NL:Q:61410770;ROC Rivor;Tiel;18,4;16,0;0,2;0,2;0,2;0,1
23;NL:Q:61410970;Groenendaal Plus;Tiel;1,9;1,3;1,0;0,4;0,8;0,6
23;NL:Q:61410980;Groenendaal Plus;Tiel;1,0;2,2;0,3;1,0;0,5;0,8
23;NL:Q:61411000;Inundatiekanaal;Tiel;2,0;0,2;0,0;0,0;0,0;0,0
23;NL:Q:61411010;Inundatiekanaal;Tiel;0,2;1,1;0,0;0,0;0,0;0,0
23;NL:Q:61411060;Jhr. P.A. Reuchlinlaan;Tiel;0,0;0,0;0,0;0,0;0,0;0,0
23;NL:Q:61411070;Sportpark Rauwenhof;Tiel;0,6;0,3;0,4;0,1;0,2;0,0
23;NL:Q:61411080;Sportpark Rauwenhof;Tiel;0,2;0,8;0,1;0,3;0,1;0,2
23;NL:Q:61411100;Station;Tiel;36,3;84,7;8,6;36,5;12,4;31,6
23;NL:Q:61412090;Elzenpasch Zuid;Tiel;0,6;1,8;0,1;0,6;0,1;0,4
23;NL:Q:61412100;Elzenpasch Zuid;Tiel;0,0;0,0;0,6;0,1;0,3;0,1
23;NL:Q:61412110;Ziekenhuis Rivierenland;Tiel;6,2;1,7;0,4;0,1;0,3;0,1
23;NL:Q:61412120;Ziekenhuis Rivierenland;Tiel;0,9;3,3;0,1;0,6;0,1;0,4
23;NL:Q:61412130;Elzenpasch West;Tiel;0,0;0,0;0,4;0,2;0,1;0,2
23;NL:Q:61412140;Elzenpasch West;Tiel;0,0;0,0;0,0;0,4;0,0;0,2
23;NL:Q:61412150;Predikbroedersweg;Tiel;3,8;4,4;1,0;1,5;0,7;1,4
23;NL:Q:61412160;Predikbroedersweg;Tiel;6,4;3,2;2,0;0,9;2,1;0,6
23;NL:Q:61412190;Waardenburglaan;Tiel;3,5;0,1;0,0;0,0;0,0;0,0
23;NL:Q:61412200;Waardenburglaan;Tiel;0,0;3,0;0,0;0,0;0,0;0,0
23;NL:Q:61412210;Wadenoijenlaan;Tiel;2,4;0,1;0,0;0,0;0,0;0,0
23;NL:Q:61412220;Wadenoijenlaan;Tiel;0,1;3,0;0,0;0,0;0,0;0,0
23;NL:Q:61420010;Pax Christi College;Druten;0,5;4,8;0,0;3,0;0,0;3,0
23;NL:Q:61420030;Hermes Garage;Druten;0,4;3,4;0,1;2,3;0,2;2,6
23;NL:Q:61420050;Markt;Druten;1,1;9,5;0,7;8,3;0,7;10,8
23;NL:Q:61420070;Javaplein;Druten;0,1;1,5;0,0;0,7;0,0;1,1
23;NL:Q:61420100;Markt;Druten;9,6;1,4;7,3;1,1;9,1;0,5
23;NL:Q:61420120;Hermes Garage;Druten;3,2;0,5;2,1;0,2;2,7;0,1
23;NL:Q:61420140;Pax Christi College;Druten;2,6;1,6;1,4;0,0;2,3;0,1
23;NL:Q:61420160;Gemeentehuis;Druten;0,4;8,5;0,0;6,9;0,2;10,4
23;NL:Q:61420180;Gemeentehuis;Druten;5,0;1,8;4,9;0,6;5,0;1,4
23;NL:Q:61420190;Kerkstraat;Puiflijk;1,1;5,1;0,4;2,3;0,1;1,1
23;NL:Q:61420200;Kerkstraat;Puiflijk;4,6;1,3;1,3;0,5;1,8;0,3
23;NL:Q:61420290;Javaplein;Druten;0,4;0,2;0,3;0,1;0,3;0,2
23;NL:Q:61420300;Koekoeksnest;Druten;11,4;5,0;5,3;2,2;3,6;1,6
23;NL:Q:61420310;Koekoeksnest;Druten;2,9;9,9;1,6;4,9;0,6;3,4
23;NL:Q:61420320;Westerhout;Puiflijk;5,3;6,7;1,0;2,0;1,2;2,1
23;NL:Q:61420330;Westerhout;Puiflijk;4,9;10,7;1,1;1,8;0,9;1,8
23;NL:Q:61421000;Busstation;Druten;49,9;0,4;42,0;0,2;58,3;0,1
23;NL:Q:61421001;Busstation;Druten;0,1;51,3;0,2;35,5;0,0;44,9
23;NL:Q:61421004;Busstation;Druten;180,7;67,6;35,0;12,2;27,0;17,4
23;NL:Q:61421010;Busstation;Druten;43,9;143,9;16,1;35,6;18,4;23,7
23;NL:Q:61450020;Waalbandijk;Tuil;2,6;1,2;1,1;0,6;0,7;0,2
23;NL:Q:61450060;Achterweg;Waardenburg;5,6;3,7;1,0;1,2;0,6;0,8
23;NL:Q:61450090;Busstation;Waardenburg;13,9;19,0;1,5;4,2;0,6;1,9
23;NL:Q:61450130;Achterweg;Waardenburg;3,2;6,7;1,2;1,4;0,8;0,5
23;NL:Q:61450170;Waalbandijk;Tuil;0,7;2,8;0,3;1,1;0,1;0,4
23;NL:Q:61451010;McDonalds;Waardenburg;0,9;0,6;0,0;0,0;0,0;0,0
23;NL:Q:61451190;Busstation;Waardenburg;12,8;9,3;3,9;1,7;1,5;0,6
23;NL:Q:61451290;Rijweg;Waardenburg;2,0;2,3;1,3;1,0;0,1;0,5
23;NL:Q:61451300;Rijweg;Neerijnen;0,9;0,8;0,8;1,2;0,4;0,1
23;NL:Q:61470020;Oranjehof;Buren;1,8;4,8;1,0;1,7;0,9;1,1
23;NL:Q:61470120;Plantsoen;Buren;8,6;12,4;4,7;5,9;3,2;3,6
23;NL:Q:61470130;Plantsoen;Buren;9,6;8,6;4,4;3,5;3,9;2,1
23;NL:Q:61470150;Oranjehof;Buren;4,5;1,4;1,1;0,7;1,2;0,5
23;NL:Q:61490010;Tielsestraat 43;Maurikseveld;0,0;0,2;0,1;0,0;0,0;0,0
23;NL:Q:61490020;Mauriksestraat;Maurikseveld;0,4;0,0;0,3;0,0;0,2;0,0
23;NL:Q:61490030;Tielsestraat 68;Maurikseveld;0,1;0,1;0,0;0,0;0,0;0,0
23;NL:Q:61490040;Tielsestraat 68;Maurikseveld;0,1;0,1;0,0;0,0;0,0;0,0
23;NL:Q:61490050;Mauriksestraat;Maurikseveld;0,0;0,2;0,0;0,2;0,0;0,0
23;NL:Q:61490060;Tielsestraat 43;Maurikseveld;0,3;0,1;0,2;0,1;0,1;0,1
23;NL:Q:61490070;Beldert;Maurik;0,1;1,7;0,1;1,8;0,0;0,3
23;NL:Q:61490080;Beldert;Maurik;1,1;0,2;1,2;0,1;0,4;0,1
23;NL:Q:61500040;Betonfabriek;Dodewaard;0,8;1,5;0,0;0,0;0,0;0,0
23;NL:Q:61500050;Molenhofstraat;Wely;0,1;0,1;0,0;0,0;0,0;0,0
23;NL:Q:61500060;De Maten;Dodewaard;2,3;2,6;0,0;0,0;0,0;0,0
23;NL:Q:61500070;Smalleweg;Hien;0,0;0,0;0,0;0,0;0,0;0,0
23;NL:Q:61500080;Molenpol;Dodewaard;1,0;2,9;0,0;0,0;0,0;0,0
23;NL:Q:61500090;Welysestraat;Hien;0,0;0,0;0,0;0,0;0,0;0,0
23;NL:Q:61500100;Pluimenburgsestraat;Dodewaard;0,3;0,5;0,0;0,0;0,0;0,0
23;NL:Q:61500110;Kerk;Hien;0,1;0,0;0,0;0,0;0,0;0,0
23;NL:Q:61500120;Kerk;Hien;0,0;0,0;0,0;0,0;0,0;0,0
23;NL:Q:61500130;Pluimenburgsestraat;Dodewaard;0,3;0,3;0,0;0,0;0,0;0,0
23;NL:Q:61500140;Welysestraat;Hien;0,0;0,0;0,0;0,0;0,0;0,0
23;NL:Q:61500150;Molenpol;Dodewaard;2,4;0,8;0,0;0,0;0,0;0,0
23;NL:Q:61500160;Smalleweg;Hien;0,0;0,0;0,0;0,0;0,0;0,0
23;NL:Q:61500170;De Maten;Dodewaard;1,9;0,7;0,0;0,0;0,0;0,0
23;NL:Q:61500180;Molenhofstraat;Dodewaard;0,2;0,2;0,0;0,0;0,0;0,0
23;NL:Q:61500190;Betonfabriek;Dodewaard;1,2;0,3;0,0;0,0;0,0;0,0
23;NL:Q:61500200;De Drie Akkers;Dodewaard;0,0;0,0;0,0;0,0;0,0;0,0
23;NL:Q:61500220;Waggelekooy;Andelst;0,0;0,0;0,0;0,0;0,0;0,0
23;NL:Q:61510050;Voorstraat;Echteld;5,9;3,0;5,7;1,1;3,7;0,5
23;NL:Q:61510120;Voorstraat;Echteld;3,1;6,2;0,8;6,0;1,0;3,7
23;NL:Q:61520210;Molenstraat;Boven-Leeuwen;11,2;18,5;4,3;2,0;3,1;1,8
23;NL:Q:61520220;Molenstraat;Boven-Leeuwen;17,8;10,2;2,1;3,5;1,7;2,9
23;NL:Q:61520230;Akkerstraat;Beneden-Leeuwen;38,3;64,5;15,3;8,6;12,3;8,3
23;NL:Q:61520240;Akkerstraat;Beneden-Leeuwen;61,2;39,7;12,4;12,8;9,7;10,7
23;NL:Q:61520250;Veesteeg;Boven-Leeuwen;20,7;15,3;2,7;4,1;2,9;3,8
23;NL:Q:61520260;Veesteeg;Boven-Leeuwen;16,1;24,1;4,0;2,3;3,7;2,8
23;NL:Q:61520350;Prins Willem Alexanderbrug;Beneden-Leeuwen;13,4;14,4;4,1;1,7;4,0;1,5
23;NL:Q:61520360;Prins Willem Alexanderbrug;Beneden-Leeuwen;18,0;14,1;1,7;3,6;2,5;3,7
23;NL:Q:61550060;Zorgcentrum Wittenberg;Haaften;11,6;8,0;4,6;3,1;2,0;1,7
23;NL:Q:61550080;Dorp;Haaften;15,3;5,3;9,2;2,7;5,4;1,1
23;NL:Q:61550150;Dorp;Haaften;6,0;19,6;2,2;8,5;0,6;4,9
23;NL:Q:61550170;Zorgcentrum Wittenberg;Haaften;10,5;8,5;3,6;3,1;2,4;1,9
23;NL:Q:61550310;Hertog Karelweg/Kerkewaard;Haaften;0,2;2,6;0,2;0,3;0,0;0,2
23;NL:Q:61550320;Hertog Karelweg/Kerkewaard;Haaften;2,2;0,2;0,4;0,1;0,1;0,1
23;NL:Q:61551060;Marijkestraat;Haaften;1,5;0,6;0,6;0,4;0,3;0,2
23;NL:Q:61551170;Marijkestraat;Haaften;0,3;1,3;0,3;0,7;0,0;0,3
23;NL:Q:61570030;Krupheulstraat;Asch;1,3;0,5;0,6;0,2;0,4;0,1
23;NL:Q:61570040;De Kamp;Zoelmond;0,3;0,5;0,4;0,2;0,0;0,1
23;NL:Q:61570050;Kerkpad;Asch;0,8;0,5;0,6;0,2;0,6;0,2
23;NL:Q:61570060;Kerk;Zoelmond;6,3;6,0;1,1;1,7;0,7;0,9
23;NL:Q:61570070;Kerk;Zoelmond;4,9;5,2;2,1;1,0;1,5;0,3
23;NL:Q:61570080;Kerkpad;Asch;0,5;1,0;0,1;0,4;0,1;0,4
23;NL:Q:61570090;De Kamp;Zoelmond;0,2;0,3;0,2;0,2;0,4;0,1
23;NL:Q:61570100;Krupheulstraat;Asch;0,3;1,5;0,2;0,5;0,1;0,3
23;NL:Q:61570210;Het Molenhuis;Beusichem;0,8;0,3;0,4;0,0;0,3;0,0
23;NL:Q:61570220;Het Molenhuis;Beusichem;0,2;1,5;0,1;1,0;0,1;0,5
23;NL:Q:61580010;De Heuvel;Rijswijk;0,4;0,2;0,0;0,0;0,0;0,0
23;NL:Q:61580020;De Heuvel;Rijswijk;0,1;0,4;0,0;0,0;0,0;0,0
23;NL:Q:61580030;De Kleine Taveerne;Rijswijk;0,1;0,0;0,0;0,0;0,0;0,0
23;NL:Q:61580040;De Kleine Taveerne;Rijswijk;0,0;0,1;0,0;0,0;0,0;0,0
23;NL:Q:61580050;Prinses Marijkesluis;Rijswijk;0,1;0,0;0,0;0,0;0,0;0,0
23;NL:Q:61580060;Prinses Marijkesluis;Rijswijk;0,0;0,1;0,0;0,0;0,0;0,0
23;NL:Q:61589010;Vlierenhut;Zoelmond;0,3;0,1;0,0;0,0;0,0;0,0
23;NL:Q:61589020;Vlierenhut;Zoelmond;0,0;0,2;0,0;0,0;0,0;0,0
23;NL:Q:61589030;van Dieen;Ravenswaaij;0,0;0,0;0,0;0,0;0,0;0,0
23;NL:Q:61589040;van Dieen;Ravenswaaij;0,0;0,1;0,0;0,0;0,0;0,0
23;NL:Q:61589050;Donkerstraat;Ravenswaaij;0,4;0,2;0,0;0,0;0,0;0,0
23;NL:Q:61589060;Donkerstraat;Ravenswaaij;0,2;0,2;0,0;0,0;0,0;0,0
23;NL:Q:61589070;Ravenswaaijse steeg;Ravenswaaij;0,0;0,0;0,0;0,0;0,0;0,0
23;NL:Q:61589080;Ravenswaaijse steeg;Ravenswaaij;0,0;0,1;0,0;0,0;0,0;0,0
23;NL:Q:61589100;Anna's Hoeve;Ravenswaaij;0,2;0,0;0,0;0,0;0,0;0,0
23;NL:Q:61589110;Anna's Hoeve;Ravenswaaij;0,0;0,0;0,0;0,0;0,0;0,0
23;NL:Q:61589140;Hoekenburgplein;Rijswijk;0,6;0,6;0,0;0,0;0,0;0,0
23;NL:Q:61589150;Hoekenburgplein;Rijswijk;0,2;0,6;0,0;0,0;0,0;0,0
23;NL:Q:61590020;Tielsestraat;Maurik;6,1;1,1;1,9;0,1;1,8;0,1
23;NL:Q:61590030;Patrijs;Maurik;0,0;0,0;0,0;0,0;0,0;0,0
23;NL:Q:61590040;Meidoornstraat;Maurik;11,0;1,2;4,5;0,2;2,4;0,2
23;NL:Q:61590050;Merenriet;Maurik;0,1;0,4;0,0;0,0;0,0;0,0
23;NL:Q:61590060;Raadhuisstraat;Maurik;1,8;7,6;0,3;4,8;0,5;3,0
23;NL:Q:61590070;Muziektent;Eck En Wiel;4,0;7,8;0,9;2,4;0,5;1,8
23;NL:Q:61590080;Brandweerkazerne;Maurik;13,6;3,4;5,2;0,9;3,4;0,3
23;NL:Q:61590090;Gemeentehuis;Maurik;0,1;0,6;0,0;0,0;0,0;0,0
23;NL:Q:61590100;Sportpark;Maurik;14,7;2,6;6,0;0,2;2,6;0,2
23;NL:Q:61590110;Homoetsestraat;Eck En Wiel;0,5;0,5;0,1;0,2;0,0;0,1
23;NL:Q:61590120;Homoetsestraat;Eck En Wiel;0,7;0,9;0,2;0,1;0,2;0,0
23;NL:Q:61590130;Sportpark;Maurik;3,4;5,3;0,3;1,6;0,2;0,9
23;NL:Q:61590140;Merenriet;Maurik;0,4;0,0;0,0;0,0;0,0;0,0
23;NL:Q:61590150;Brandweerkazerne;Maurik;2,5;10,6;0,5;4,5;0,3;3,2
23;NL:Q:61590160;Muziektent;Eck En Wiel;8,4;2,9;3,2;1,0;2,6;0,5
23;NL:Q:61590170;Raadhuisstraat;Maurik;8,8;1,6;4,2;0,8;3,4;0,3
23;NL:Q:61590180;Patrijs;Maurik;0,0;0,6;0,0;0,0;0,0;0,0
23;NL:Q:61590210;Tielsestraat;Maurik;2,4;8,7;0,5;1,9;0,3;1,2
23;NL:Q:61590230;Doejenburg;Maurik;0,2;0,4;0,0;0,2;0,0;0,1
23;NL:Q:61590240;Doejenburg;Maurik;0,4;0,3;0,2;0,0;0,2;0,1
23;NL:Q:61590270;Meidoornstraat;Maurik;1,1;16,0;0,2;7,3;0,2;4,3
23;NL:Q:61590340;Dorpsstraat;Ingen;6,2;5,1;1,5;3,4;0,9;1,8
23;NL:Q:61590350;Dorpsstraat;Ingen;3,5;4,3;3,2;1,1;1,6;0,9
23;NL:Q:61590400;Zorgcentrum De Valentijn;Maurik;0,6;0,6;0,0;0,0;0,0;0,0
23;NL:Q:61599010;Parkstraat;Maurik;0,1;0,1;0,0;0,0;0,0;0,0
23;NL:Q:61599020;Parkstraat;Maurik;0,0;0,0;0,0;0,0;0,0;0,0
23;NL:Q:61599030;Van de Geerstraat;Maurik;0,1;0,0;0,0;0,0;0,0;0,0
23;NL:Q:61599040;Van de Geerstraat;Maurik;0,0;0,1;0,0;0,0;0,0;0,0
23;NL:Q:61599050;Cafe van Dijk;Maurik;0,9;0,0;0,0;0,0;0,0;0,0
23;NL:Q:61599060;Cafe van Dijk;Maurik;0,0;1,2;0,0;0,0;0,0;0,0
23;NL:Q:61599110;Prinses Marijkelaan;Maurik;0,4;0,0;0,0;0,0;0,0;0,0
23;NL:Q:61599120;Prinses Marijkelaan;Maurik;0,0;1,2;0,0;0,1;0,0;0,0
23;NL:Q:61600020;Tielsestraat;Opheusden;0,0;0,0;0,0;0,0;0,0;0,0
23;NL:Q:61600030;Station;Opheusden;0,1;1,2;0,0;0,0;0,0;0,0
23;NL:Q:61600040;De Oude Stomerij;Opheusden;0,0;0,1;0,0;0,0;0,0;0,0
23;NL:Q:61600050;Tolsestraat;Opheusden;0,2;0,3;0,0;0,0;0,0;0,0
23;NL:Q:61600060;Opheusdenseveer;Opheusden;0,6;0,1;0,0;0,0;0,0;0,0
23;NL:Q:61600070;Dalwagenseweg;Opheusden;0,0;0,5;0,0;0,0;0,0;0,0
23;NL:Q:61600090;Gemeentehuis;Opheusden;1,1;1,3;0,0;0,0;0,0;0,0
23;NL:Q:61600120;Gemeentehuis;Opheusden;0,5;1,0;0,0;0,0;0,0;0,0
23;NL:Q:61600140;Dalwagenseweg;Opheusden;0,1;0,2;0,0;0,0;0,0;0,0
23;NL:Q:61600150;Opheusdenseveer;Opheusden;0,1;0,4;0,0;0,0;0,0;0,0
23;NL:Q:61600160;Tolsestraat;Opheusden;0,6;0,4;0,0;0,0;0,0;0,0
23;NL:Q:61600180;Station;Opheusden;3,3;0,1;0,0;0,0;0,0;0,0
23;NL:Q:61600190;Tielsestraat;Opheusden;0,0;0,0;0,0;0,0;0,0;0,0
23;NL:Q:61600210;De Oude Stomerij;Opheusden;0,2;0,1;0,0;0,0;0,0;0,0
23;NL:Q:61610030;Keizerstraat;Ijzendoorn;4,0;3,0;3,2;0,9;1,5;0,5
23;NL:Q:61610040;Keizerstraat;Ijzendoorn;3,1;3,9;1,1;2,7;0,5;1,8
23;NL:Q:61610130;De Heuning;Ochten;1,8;4,9;0,6;0,4;0,2;0,2
23;NL:Q:61610140;De Heuning;Ochten;4,5;2,2;0,4;0,6;0,3;0,2
23;NL:Q:61610400;Brandweerkazerne;Ochten;6,0;4,6;3,9;2,2;1,8;1,0
23;NL:Q:61610410;Brandweerkazerne;Ochten;4,8;5,8;2,0;3,7;0,6;1,8
23;NL:Q:61610420;Burgemeester Houtkoperlaan;Ochten;6,0;6,9;3,2;2,9;2,1;1,8
23;NL:Q:61610430;Burgemeester Houtkoperlaan;Ochten;7,3;6,2;3,1;2,6;2,5;2,1
23;NL:Q:61610440;Carpoolplaats;Ochten;2,0;3,4;0,9;1,1;0,4;0,9
23;NL:Q:61610450;Carpoolplaats;Ochten;2,8;2,2;1,4;0,5;1,2;0,3
23;NL:Q:61650160;Irenestraat;Hellouw;2,7;5,6;1,3;1,0;0,9;1,2
23;NL:Q:61650170;Irenestraat;Hellouw;5,2;2,8;1,5;1,2;1,1;0,8
23;NL:Q:61650180;Zandsteeg;Herwijnen;3,0;2,1;0,5;0,8;0,1;0,2
23;NL:Q:61650190;Zandsteeg;Herwijnen;2,4;2,9;0,9;0,3;0,4;0,2
23;NL:Q:61660010;Station;Beesd;5,4;8,5;1,9;1,8;0,0;0,0
23;NL:Q:61660040;Huis te Beestlaan;Beesd;0,6;0,7;0,2;0,1;0,0;0,0
23;NL:Q:61660050;Betuwestrand;Beesd;0,0;0,4;0,0;0,4;0,0;0,0
23;NL:Q:61660060;Betuwestrand;Beesd;0,1;0,2;0,3;0,1;0,0;0,0
23;NL:Q:61669030;Veerweg;Beesd;0,7;0,7;0,4;0,1;0,0;0,0
23;NL:Q:61669031;Veerweg;Beesd;0,4;0,7;0,1;0,3;0,0;0,0
23;NL:Q:61669060;Busstation;Rhenoy;3,6;2,4;0,5;0,5;0,0;0,0
23;NL:Q:61669230;Mr. Mierasstraat;Beesd;0,6;1,1;0,1;0,6;0,0;0,0
23;NL:Q:61669240;Mr. Mierasstraat;Beesd;1,8;0,4;0,4;0,2;0,0;0,0
23;NL:Q:61669250;Oude Waag;Beesd;0,7;1,1;0,1;0,2;0,0;0,0
23;NL:Q:61669260;Oude Waag;Beesd;0,1;0,9;0,1;0,1;0,0;0,0
23;NL:Q:61669270;Dorpsplein;Beesd;2,1;3,0;0,5;0,9;0,0;0,0
23;NL:Q:61669280;Dorpsplein;Beesd;1,9;1,1;0,8;0,5;0,0;0,0
23;NL:Q:61669550;Huis te Beestlaan;Beesd;1,2;1,1;0,4;0,4;0,0;0,0
23;NL:Q:61670010;Kerk;Beusichem;13,2;5,5;6,3;0,8;4,1;0,5
23;NL:Q:61670030;Oranjestraat;Beusichem;6,6;2,9;2,6;0,4;2,4;0,3
23;NL:Q:61670050;Koningsstraatje;Beusichem;2,5;1,0;1,1;0,1;1,1;0,1
23;NL:Q:61670080;Koningsstraatje;Beusichem;1,1;3,1;0,1;2,3;0,1;1,1
23;NL:Q:61670100;Oranjestraat;Beusichem;2,8;9,3;0,2;4,4;0,2;2,6
23;NL:Q:61671120;Kerk;Beusichem;8,5;12,4;1,4;5,0;0,8;4,1
23;NL:Q:61690100;Canadalaan;Ommeren;0,4;2,5;0,3;1,2;0,0;0,8
23;NL:Q:61690120;De Roskam;Ommeren;0,8;1,2;0,5;1,2;0,1;0,8
23;NL:Q:61690130;Vogelenzangseweg;Lienden;5,7;4,5;1,9;1,8;1,3;1,1
23;NL:Q:61690140;Voorstraat;Lienden;0,3;0,2;0,1;0,2;0,0;0,1
23;NL:Q:61690150;Voorstraat;Lienden;0,1;0,3;0,1;0,2;0,0;0,2
23;NL:Q:61690160;Vogelenzangseweg;Lienden;5,2;5,9;1,7;1,9;1,1;1,4
23;NL:Q:61690170;De Roskam;Ommeren;0,9;0,7;1,5;0,2;0,8;0,2
23;NL:Q:61690190;Canadalaan;Ommeren;0,5;0,3;0,3;0,1;0,7;0,0
23;NL:Q:61690330;Adelsweg;Lienden;2,7;7,0;0,9;1,6;0,3;0,9
23;NL:Q:61690340;Adelsweg;Lienden;5,3;2,9;1,5;0,8;0,6;0,3
23;NL:Q:61700010;Markstraat;Kesteren;0,0;0,1;0,0;0,0;0,0;0,0
23;NL:Q:61700030;Recticel;Kesteren;0,0;0,2;0,0;0,0;0,0;0,0
23;NL:Q:61700050;Station;Kesteren;83,7;85,2;31,4;35,2;24,2;22,2
23;NL:Q:61700060;Recticel;Kesteren;0,2;0,1;0,0;0,0;0,0;0,0
23;NL:Q:61700080;Markstraat;Kesteren;0,2;0,1;0,0;0,0;0,0;0,0
23;NL:Q:61700100;De Leede;Kesteren;1,2;18,7;0,2;9,5;0,1;5,7
23;NL:Q:61700110;De Leede;Kesteren;27,8;2,2;11,8;0,7;7,5;0,5
23;NL:Q:61700120;De Leede;Kesteren;0,5;3,4;0,1;2,7;0,3;1,2
23;NL:Q:61700180;Schenkhofstraat;Kesteren;0,4;2,5;0,3;0,9;0,2;0,9
23;NL:Q:61700230;Schenkhofstraat;Kesteren;2,3;1,5;1,3;1,0;0,8;0,9
23;NL:Q:61700310;Stationsstraat;Kesteren;0,4;0,7;0,0;0,0;0,0;0,0
23;NL:Q:61700410;Broekdijk;Kesteren;1,6;0,7;1,4;1,3;1,0;0,8
23;NL:Q:61700420;Broekdijk;Kesteren;0,7;1,0;0,8;1,2;0,8;0,8
23;NL:Q:61739090;Zoetenhoek;Deil;0,2;0,8;0,0;0,5;0,0;0,0
23;NL:Q:61739100;Zoetenhoek;Deil;1,0;0,2;1,0;0,0;0,0;0,0
23;NL:Q:61739110;Mr. W.M. Kolffstraat;Deil;0,3;0,2;0,0;0,2;0,0;0,0
23;NL:Q:61739120;Mr. W.M. Kolffstraat;Deil;0,2;0,1;0,0;0,0;0,0;0,0
23;NL:Q:61739130;Monument;Enspijk;0,1;0,7;0,1;0,3;0,0;0,0
23;NL:Q:61739140;Monument;Enspijk;1,1;0,2;0,5;0,1;0,0;0,0
23;NL:Q:61739160;Korte Veersteeg;Enspijk;1,1;0,2;0,2;0,3;0,0;0,0
23;NL:Q:61739170;Haarstraat;Enspijk;1,1;1,8;0,2;0,5;0,0;0,0
23;NL:Q:61749150;R.M. van Gellicumstraat;Rumpt;0,2;0,2;0,1;0,1;0,0;0,0
23;NL:Q:61749160;O.B.S. De Springplank;Rumpt;0,6;0,2;0,0;0,0;0,0;0,0
23;NL:Q:61749170;Achtermonde;Rumpt;0,3;0,3;0,2;0,1;0,0;0,0
23;NL:Q:61749180;Achtermonde;Rumpt;0,1;0,4;0,1;0,1;0,0;0,0
23;NL:Q:61749270;Veerweg/N327;Rumpt;0,3;2,4;0,1;0,8;0,0;0,0
23;NL:Q:61749320;Veerweg/N327;Beesd;1,0;0,3;0,2;0,1;0,0;0,0
23;NL:Q:61749510;Lingebrug;Gellicum;0,2;0,5;0,2;0,1;0,0;0,0
23;NL:Q:61749520;Lingebrug;Gellicum;0,3;0,2;0,0;0,1;0,0;0,0
23;NL:Q:61750260;Nieuwe Steeg;Herwijnen;13,0;27,7;6,2;10,5;2,6;7,0
23;NL:Q:61750270;Nieuwe Steeg;Herwijnen;27,7;12,8;13,0;4,1;6,5;2,4
23;NL:Q:61760030;Gragtdijk;Heukelum;1,1;0,5;0,0;0,0;0,0;0,0
23;NL:Q:61760140;Gragtdijk;Heukelum;0,6;0,8;0,0;0,0;0,0;0,0
23;NL:Q:61760190;Voorste Gewind;Heukelum;3,6;4,4;0,0;0,0;0,0;0,0
23;NL:Q:61760200;Voorste Gewind;Heukelum;4,9;3,2;0,0;0,0;0,0;0,0
23;NL:Q:61760230;Brakelseveer;Vuren;25,0;11,0;2,1;0,6;0,8;0,4
23;NL:Q:61760240;Brakelseveer;Vuren;16,1;17,4;0,7;1,6;0,4;0,9
23;NL:Q:61850190;Molenlaan;Vuren;12,4;4,0;8,2;1,2;3,4;0,6
23;NL:Q:61850200;Molenlaan;Vuren;4,1;12,9;1,0;7,0;1,0;5,2
23;NL:Q:61860040;Postkantoor;Spijk;3,1;0,3;0,0;0,0;0,0;0,0
23;NL:Q:61860060;De Lindehof;Spijk;0,0;0,1;0,0;0,0;0,0;0,0
23;NL:Q:61860070;Zuiderlingedijk 103;Spijk;0,6;0,0;0,0;0,0;0,0;0,0
23;NL:Q:61860080;Spijkerbak;Spijk;0,0;0,2;0,0;0,0;0,0;0,0
23;NL:Q:61860110;Spijkerbak;Spijk;0,1;0,0;0,0;0,0;0,0;0,0
23;NL:Q:61860120;Zuiderlingedijk 103;Spijk;0,0;0,2;0,0;0,0;0,0;0,0
23;NL:Q:61860130;De Lindehof;Spijk;0,0;0,0;0,0;0,0;0,0;0,0
23;NL:Q:61860150;Postkantoor;Spijk;0,2;3,3;0,0;0,0;0,0;0,0
23;NL:Q:61860180;Lingegemaal;Spijk;0,1;0,1;0,0;0,0;0,0;0,0
23;NL:Q:61860190;Lingegemaal;Spijk;0,1;0,1;0,0;0,0;0,0;0,0
23;NL:Q:62220010;De Leijenstein;Kerkdriel;0,2;0,0;0,0;0,0;0,0;0,0
23;NL:Q:62220020;De Leijenstein;Kerkdriel;0,7;0,1;0,0;0,2;0,0;0,0
23;NL:Q:62220030;De Geerden;Velddriel;1,6;8,8;0,3;3,3;0,2;2,9
23;NL:Q:62220040;De Geerden;Velddriel;7,9;1,7;3,4;0,2;2,8;0,2
23;NL:Q:62220090;Kapelstraat;Velddriel;0,8;0,7;0,0;0,1;0,0;0,0
23;NL:Q:62220250;Ipperakkeren;Kerkdriel;0,1;0,9;0,1;0,1;0,1;0,1
23;NL:Q:62220260;Ipperakkeren;Kerkdriel;2,7;0,5;0,0;0,0;0,0;0,0
23;NL:Q:62220270;Kerkstraat;Kerkdriel;0,1;1,6;0,2;0,2;0,1;0,1
23;NL:Q:62220280;Kerkstraat;Kerkdriel;6,8;3,2;0,0;0,0;0,0;0,0
23;NL:Q:62220300;De Zandmeren;Kerkdriel;0,1;0,4;0,0;0,0;0,0;0,0
23;NL:Q:62220320;EuroParcs;Kerkdriel;1,6;2,2;0,0;0,0;0,0;0,0
23;NL:Q:62220410;Kloosterstraat;Kerkdriel;8,5;71,0;1,6;35,2;1,3;21,6
23;NL:Q:62220420;Kloosterstraat;Kerkdriel;58,7;5,8;36,5;1,5;22,0;0,7
23;NL:Q:62220470;Ronde Morgen;Kerkdriel;3,6;42,7;1,1;13,4;0,6;9,7
23;NL:Q:62220471;Ronde Morgen;Kerkdriel;72,5;3,4;37,1;1,6;19,8;0,6
23;NL:Q:62220480;Wordenseweg;Velddriel;0,9;9,9;0,1;6,4;0,1;3,4
23;NL:Q:62220481;Wordenseweg;Velddriel;16,2;1,5;9,6;1,1;4,8;0,4
23;NL:Q:62220490;MFC De Kreek;Kerkdriel;0,2;1,4;0,1;0,2;0,0;0,0
23;NL:Q:62220510;Teisterbandstraat;Kerkdriel;0,5;2,0;0,0;0,0;0,0;0,0
23;NL:Q:62230010;Maaijenstraat;Well;1,9;38,7;0,0;15,4;0,0;10,6
23;NL:Q:62230020;Maaijenstraat;Well;29,5;1,3;12,6;0,1;8,1;0,0
23;NL:Q:62230080;Haarstraat;Ammerzoden;35,9;1,4;25,4;0,4;13,9;0,1
23;NL:Q:62230090;Haarstraat;Ammerzoden;1,8;29,1;0,5;16,8;0,1;11,2
23;NL:Q:62230100;Ammerzodenseweg;Ammerzoden;1,4;0,1;1,3;0,1;0,7;0,2
23;NL:Q:62230110;Ammerzodenseweg;Ammerzoden;0,2;1,7;0,0;1,6;0,3;1,0
23;NL:Q:62230120;Ammerstraat;Ammerzoden;0,9;1,2;0,4;0,3;0,2;0,1
23;NL:Q:62230130;Ammerstraat;Ammerzoden;0,7;11,8;0,2;6,6;0,0;4,5
23;NL:Q:62230140;Wellsedam;Ammerzoden;18,9;3,3;10,5;0,2;6,7;0,3
23;NL:Q:62230150;Wellsedam;Ammerzoden;0,1;10,5;0,0;6,3;0,0;4,1
23;NL:Q:62230160;Ammerstraat;Ammerzoden;0,1;6,2;0,1;3,0;0,0;2,0
23;NL:Q:62230170;Ammerstraat;Ammerzoden;5,6;0,1;3,1;0,1;1,5;0,0
23;NL:Q:62230190;Schokkerstraat;Ammerzoden;0,2;0,4;0,0;0,3;0,1;0,5
23;NL:Q:62230210;Schokkerstraat;Ammerzoden;6,9;0,1;4,0;0,1;2,5;0,0
23;NL:Q:62230220;Schokkerstraat;Ammerzoden;0,2;3,2;0,2;1,3;0,0;0,8
23;NL:Q:62231070;Dorpstraat;Well;0,8;0,2;0,0;0,0;0,0;0,0
23;NL:Q:62231080;Dorpstraat;Well;14,9;7,3;7,9;2,8;4,1;1,8
23;NL:Q:62320050;Burchtstraat;Rossum;2,4;0,2;0,0;0,2;0,1;0,0
23;NL:Q:62320060;Burchtstraat;Rossum;0,1;2,7;0,0;0,0;0,0;0,0
23;NL:Q:62320070;Sportveld;Rossum;1,6;0,1;0,0;0,1;0,0;0,0
23;NL:Q:62320080;Sportveld;Rossum;0,0;1,4;0,0;0,0;0,0;0,0
23;NL:Q:62320090;H. Walterus van Heelstraat;Hurwenen;0,7;0,0;0,1;0,0;0,0;0,0
23;NL:Q:62320100;H. Walterus van Heelstraat;Hurwenen;0,0;0,3;0,0;0,0;0,0;0,0
23;NL:Q:62320110;Wielewaallaan;Hurwenen;0,8;0,0;0,0;0,0;0,0;0,0
23;NL:Q:62320120;Wielewaallaan;Hurwenen;0,0;1,2;0,0;0,0;0,0;0,0
23;NL:Q:62320130;Dorpstraat;Hurwenen;0,7;0,0;0,0;0,0;0,0;0,0
23;NL:Q:62320150;Marshallweg;Hurwenen;0,2;0,1;0,0;0,0;0,0;0,1
23;NL:Q:62320160;Marshallweg;Hurwenen;0,0;0,3;0,0;0,0;0,0;0,0
23;NL:Q:62320180;Julianaweg;Rossum;16,4;4,1;8,9;0,9;5,7;0,5
23;NL:Q:62320190;Van Heemstraweg;Hurwenen;1,9;0,4;0,0;0,0;0,0;0,0
23;NL:Q:62320200;Van Heemstraweg;Hurwenen;0,0;1,4;0,0;0,0;0,0;0,0
23;NL:Q:62320240;Dorpstraat;Hurwenen;0,0;0,7;0,0;0,0;0,0;0,0
23;NL:Q:62320300;Kerk;Alem;1,3;1,2;0,2;0,1;0,0;0,0
23;NL:Q:62320320;Rotonde;Alem;0,6;31,2;0,1;17,7;0,3;12,9
23;NL:Q:62320321;Rotonde;Alem;5,4;0,5;2,2;0,2;1,3;0,1
23;NL:Q:62320470;De Vaste Burcht;Rossum;0,0;0,5;0,0;0,0;0,0;0,0
23;NL:Q:62320490;De Vaste Burcht;Rossum;25,1;7,6;12,9;2,7;6,9;1,5
23;NL:Q:62320500;De Vaste Burcht;Rossum;7,3;22,3;2,8;8,5;1,8;5,7
23;NL:Q:62321180;Julianaweg;Rossum;3,0;19,2;0,4;10,1;0,4;6,2
23;NL:Q:62330030;Klemit (Wellseind);Nederhemert;0,0;0,3;0,0;0,0;0,0;0,0
23;NL:Q:62330040;Klemit (Wellseind);Nederhemert;0,2;0,0;0,0;0,0;0,0;0,0
23;NL:Q:62330050;Delwijnsestraat;Delwijnen;0,2;0,2;0,0;0,0;0,0;0,0
23;NL:Q:62330060;Delwijnsestraat;Delwijnen;0,3;0,2;0,0;0,0;0,0;0,0
23;NL:Q:62330070;Kapelstraat;Nederhemert;0,0;0,2;0,0;0,0;0,0;0,0
23;NL:Q:62330080;Kapelstraat;Nederhemert;0,1;0,0;0,1;0,0;0,0;0,0
23;NL:Q:62330110;Hofstraat;Nederhemert-Noord;0,1;3,8;0,0;0,0;0,0;0,0
23;NL:Q:62330120;Hofstraat;Nederhemert-Noord;3,8;0,2;0,1;0,3;0,1;0,1
23;NL:Q:62330130;Molenstraat;Nederhemert-Noord;0,0;0,5;0,0;0,0;0,0;0,0
23;NL:Q:62330140;Molenstraat;Nederhemert-Noord;0,7;0,0;0,0;0,0;0,0;0,0
23;NL:Q:62330150;Maasdijk 15;Wellseind;0,0;0,3;0,0;0,0;0,0;0,0
23;NL:Q:62330160;Maasdijk 15;Wellseind;0,5;0,0;0,0;0,0;0,0;0,0
23;NL:Q:62330210;Nederhemertsekade;Nederhemert;0,5;0,0;0,0;0,0;0,0;0,0
23;NL:Q:62330220;Nederhemertsekade;Nederhemert;0,0;0,5;0,0;0,0;0,0;0,0
23;NL:Q:62420050;De Buke;Heerewaarden;9,7;17,9;2,7;8,0;1,8;5,5
23;NL:Q:62420060;De Buke;Heerewaarden;18,1;8,7;8,4;3,0;5,4;2,0
23;NL:Q:62430010;Maasdijk;Aalst;0,0;0,8;0,0;0,0;0,0;0,0
23;NL:Q:62430020;Maasdijk;Aalst;1,0;0,0;0,1;0,2;0,1;0,1
23;NL:Q:62430040;Capreton;Aalst;0,0;0,2;0,0;0,0;0,0;0,0
23;NL:Q:62430050;Capreton;Aalst;0,1;0,0;0,0;0,0;0,0;0,0
23;NL:Q:62430060;Maarten van Rossumweg;Poederoijen;1,4;0,1;0,0;0,0;0,0;0,0
23;NL:Q:62430070;Maarten van Rossumweg;Poederoijen;0,0;0,9;0,0;0,0;0,0;0,0
23;NL:Q:62430100;Vleugeldijk;Poederoijen;0,1;0,0;0,1;0,1;0,0;0,0
23;NL:Q:62430110;Vleugeldijk;Poederoijen;0,0;0,1;0,0;0,0;0,0;0,0
23;NL:Q:62430120;Maasdijk;Poederoijen;0,2;0,0;0,0;0,0;0,0;0,0
23;NL:Q:62430130;Maasdijk;Poederoijen;0,0;0,2;0,0;0,0;0,0;0,0
23;NL:Q:62430140;Dorpsweg;Poederoijen;1,2;0,0;0,1;0,2;0,1;0,2
23;NL:Q:62430150;Dorpsweg;Poederoijen;0,0;0,6;0,0;0,0;0,0;0,0
23;NL:Q:62430160;Maas Waalweg;Nederhemert-Noord;0,2;0,0;0,0;0,0;0,0;0,0
23;NL:Q:62430170;Maas Waalweg;Nederhemert-Noord;0,0;0,2;0,0;0,0;0,0;0,0
23;NL:Q:62430200;Hambloksestraat;Aalst;0,0;0,0;0,0;0,0;0,0;0,0
23;NL:Q:62430210;Hambloksestraat;Aalst;0,0;0,1;0,0;0,0;0,0;0,0
23;NL:Q:62430220;De Rietschoof;Aalst;0,2;0,0;0,0;0,0;0,3;0,0
23;NL:Q:62430230;De Rietschoof;Aalst;0,0;0,2;0,0;0,0;0,0;0,0
23;NL:Q:62430240;Zonnepad;Aalst;0,0;3,6;0,0;0,0;0,0;0,0
23;NL:Q:62430241;Zonnepad;Aalst;4,4;0,0;0,0;0,0;0,0;0,0
23;NL:Q:62430260;Goudenregenlaan;Aalst;1,3;0,0;0,0;0,1;0,1;0,1
23;NL:Q:62430270;Goudenregenlaan;Aalst;0,0;0,5;0,0;0,0;0,0;0,0
23;NL:Q:62430420;E.P. van Ooijenstraat;Aalst;0,3;0,7;0,0;0,0;0,0;0,0
23;NL:Q:62430430;E.P. van Ooijenstraat;Aalst;0,0;1,7;0,0;0,0;0,0;0,0
23;NL:Q:62430440;E.P. van Ooijenstraat;Aalst;2,6;0,0;0,0;0,1;0,0;0,0
23;NL:Q:62430450;Kerk;Aalst;0,0;2,3;0,0;0,0;0,0;0,0
23;NL:Q:62430460;Kerk;Aalst;2,4;0,0;0,1;0,2;0,0;0,0
23;NL:Q:62431080;De Kraaij;Poederoijen;0,2;0,3;0,0;0,0;0,0;0,0
23;NL:Q:62431180; De Kraaij;Zaltbommel;0,1;0,0;0,0;0,0;0,0;0,0
23;NL:Q:62431190; De Kraaij;Zaltbommel;0,0;0,2;0,0;0,0;0,0;0,0
23;NL:Q:62470010;Hogeweg;Bruchem;1,4;0,6;0,0;0,0;0,0;0,1
23;NL:Q:62470020;Hogeweg;Bruchem;0,2;1,2;0,0;0,0;0,0;0,0
23;NL:Q:62470030;Peperstraat;Bruchem;0,0;0,2;0,0;0,0;0,0;0,0
23;NL:Q:62470040;Peperstraat;Bruchem;0,1;0,1;0,0;0,0;0,0;0,0
23;NL:Q:62470050;Groenestraat;Bruchem;0,0;0,1;0,0;0,0;0,0;0,0
23;NL:Q:62470060;Groenestraat;Bruchem;0,0;0,0;0,0;0,0;0,0;0,0
23;NL:Q:62470070;Den Hoek;Bruchem;1,9;1,7;0,2;0,1;0,1;0,1
23;NL:Q:62470080;Den Hoek;Bruchem;2,2;1,4;0,0;0,0;0,0;0,0
23;NL:Q:62470150;Molenveldweg;Kerkwijk;2,7;0,5;0,0;0,0;0,0;0,0
23;NL:Q:62470160;Molenveldweg;Kerkwijk;0,4;2,5;0,0;0,0;0,0;0,0
23;NL:Q:62470170;Aalderwijksestraat;Kerkwijk;0,6;0,6;0,0;0,0;0,0;0,0
23;NL:Q:62470180;Aalderwijksestraat;Kerkwijk;0,7;1,0;0,0;0,0;0,0;0,0
23;NL:Q:62470200;Molenveldweg;Kerkwijk;0,0;0,0;0,0;0,0;0,0;0,0
23;NL:Q:62520060;Nieuwstraat;Dreumel;33,5;33,3;9,7;9,4;7,6;8,0
23;NL:Q:62520061;Nieuwstraat;Dreumel;33,2;35,3;11,3;10,2;8,8;8,3
23;NL:Q:62570010;Karstraat;Zaltbommel;1,4;3,2;0,2;0,2;0,1;0,0
23;NL:Q:62570020;Karstraat;Zaltbommel;1,1;0,8;0,0;0,0;0,0;0,0
23;NL:Q:62570060;Peerboltestraat;Zaltbommel;1,0;0,2;0,0;0,0;0,0;0,0
23;NL:Q:62570080;Plaatsmajoor;Zaltbommel;0,1;0,2;0,0;0,0;0,0;0,0
23;NL:Q:62570150;Kloosterwiel;Zaltbommel;2,3;1,1;0,0;0,0;0,0;0,0
23;NL:Q:62570160;Kloosterwiel;Zaltbommel;0,7;2,8;0,1;0,1;0,0;0,1
23;NL:Q:62570170;Leutsestraat;Zaltbommel;0,1;0,9;0,0;0,0;0,0;0,0
23;NL:Q:62570180;Leutsestraat;Zaltbommel;0,8;0,1;0,0;0,0;0,0;0,0
23;NL:Q:62570231;Marten van Rossemsingel;Zaltbommel;0,5;1,9;0,0;0,0;0,0;0,0
23;NL:Q:62570241;Marten van Rossemsingel;Zaltbommel;1,3;1,3;0,0;0,0;0,0;0,0
23;NL:Q:62570250;Station;Zaltbommel;47,5;47,2;5,0;3,8;2,4;2,4
23;NL:Q:62570252;Station;Zaltbommel;50,5;40,8;0,0;0,0;0,0;0,0
23;NL:Q:62570300;Oude Bosscheweg;Zaltbommel;2,5;6,5;0,0;0,0;0,0;0,0
23;NL:Q:62570310;Oude Bosscheweg;Zaltbommel;8,8;3,6;0,2;0,1;0,1;0,1
23;NL:Q:62570330;Fiep Westendorplaan;Zaltbommel;1,6;0,7;0,0;0,0;0,0;0,0
23;NL:Q:62570340;Van Voordenpark;Zaltbommel;1,0;1,0;0,0;0,0;0,0;0,0
23;NL:Q:62570380;Wichard van Pontlaan;Zaltbommel;0,4;0,1;0,0;0,0;0,0;0,0
23;NL:Q:62570430;Cambium College;Zaltbommel;4,2;5,9;0,0;0,0;0,0;0,0
23;NL:Q:62570440;Cambium College;Zaltbommel;13,6;10,8;0,0;0,0;0,1;0,0
23;NL:Q:62570450;Plaatsmajoor;Zaltbommel;0,2;0,1;0,0;0,0;0,0;0,0
23;NL:Q:62570460;Hoogaarsstraat;Zaltbommel;1,1;3,3;0,0;0,0;0,0;0,0
23;NL:Q:62570470;Hoogaarsstraat;Zaltbommel;1,9;1,6;0,0;0,0;0,0;0,0
23;NL:Q:62570480;Schutskooi;Zaltbommel;0,8;10,6;0,1;0,6;0,1;0,1
23;NL:Q:62570490;Schutskooi;Zaltbommel;0,8;1,8;0,0;0,0;0,0;0,0
23;NL:Q:62570500;De Poorterij;Zaltbommel;0,9;0,3;0,0;0,0;0,0;0,0
23;NL:Q:62570510;De Poorterij;Zaltbommel;0,7;2,1;0,2;0,2;0,1;0,1
23;NL:Q:62570520;Pr. Willem Alexanderstraat;Gameren;1,6;0,1;0,0;0,0;0,0;0,0
23;NL:Q:62570530;Pr. Willem Alexanderstraat;Gameren;0,0;1,7;0,1;0,0;0,0;0,0
23;NL:Q:62570910;Carpoolplaats;Zaltbommel;1,1;1,5;0,0;0,0;0,0;0,0
23;NL:Q:62570920;Gemeentekantoor;Zaltbommel;2,7;2,6;0,0;0,0;0,1;0,0
23;NL:Q:62570930;Gemeentekantoor;Zaltbommel;0,1;2,6;0,0;0,0;0,0;0,0
23;NL:Q:62570940;Hotel Zaltbommel;Zaltbommel;1,3;1,0;0,1;0,0;0,0;0,0
23;NL:Q:62570950;Hotel Zaltbommel;Zaltbommel;0,1;0,6;0,0;0,0;0,0;0,0
23;NL:Q:62571020;Wielkamp;Zaltbommel;2,6;2,3;0,0;0,0;0,0;0,0
23;NL:Q:62571030;Valeton;Zaltbommel;0,2;0,2;0,0;0,0;0,0;0,0
23;NL:Q:62571040;Valeton;Zaltbommel;0,5;0,1;0,0;0,0;0,0;0,0
23;NL:Q:62571060;Wielkamp;Zaltbommel;3,2;4,7;0,1;0,2;0,1;0,1
23;NL:Q:62571080;Bommelsekade;Zaltbommel;0,5;1,3;0,0;0,0;0,0;0,0
23;NL:Q:62571090;Bommelsekade;Zaltbommel;0,8;0,2;0,0;0,0;0,0;0,0
23;NL:Q:62571110;Rotonde-Hogeweg;Zaltbommel;1,4;5,4;0,0;0,0;0,0;0,0
23;NL:Q:62571120;Rotonde-Hogeweg;Zaltbommel;1,6;0,2;0,0;0,0;0,1;0,0
23;NL:Q:62571270;Wielkamp;Zaltbommel;0,3;0,3;0,0;0,0;0,0;0,0
23;NL:Q:62620140;Hollenhof;Wamel;14,2;17,7;5,4;5,7;3,9;3,7
23;NL:Q:62620150;Hollenhof;Wamel;17,2;14,5;5,4;5,6;3,3;4,3
23;NL:Q:62670050;Middelkampseweg;Gameren;0,6;1,0;0,0;0,0;0,0;0,0
23;NL:Q:62670070;Ridderhof;Gameren;0,1;2,0;0,3;0,1;0,1;0,0
23;NL:Q:62670090;Ridderstraat;Gameren;0,1;1,4;0,3;0,3;0,1;0,1
23;NL:Q:62670120;Ridderstraat;Gameren;1,8;0,1;0,0;0,0;0,0;0,0
23;NL:Q:62670140;Ridderhof;Gameren;2,5;0,2;0,0;0,0;0,0;0,0
23;NL:Q:62670150;Kerk;Nieuwaal;0,0;0,0;0,0;0,0;0,0;0,0
23;NL:Q:62670170;Kerkstraat;Nieuwaal;0,0;0,0;0,0;0,0;0,0;0,0
23;NL:Q:62670190;Zuid;Nieuwaal;2,4;0,1;0,0;0,0;0,0;0,0
23;NL:Q:62670200;Zuid;Nieuwaal;0,1;2,1;0,1;0,1;0,0;0,1
23;NL:Q:62770010;Oost;Zuilichem;0,9;0,0;0,0;0,0;0,0;0,0
23;NL:Q:62770020;Oost;Zuilichem;0,0;0,7;0,1;0,1;0,0;0,2
23;NL:Q:62770040;Meidijk;Zuilichem;0,1;0,0;0,0;0,0;0,0;0,0
23;NL:Q:62770050;Kweldijk;Zaltbommel;2,4;0,3;0,0;0,0;0,0;0,0
23;NL:Q:62770060;PGEM Huisje;Zuilichem;0,9;0,0;0,0;0,0;0,0;0,0
23;NL:Q:62770070;Centrum;Zuilichem;0,2;4,2;0,4;0,4;0,0;0,1
23;NL:Q:62770080;Centrum;Zuilichem;4,9;0,1;0,0;0,0;0,0;0,0
23;NL:Q:62770130;Nieuwstraat;Zuilichem;0,0;0,0;0,0;0,0;0,0;0,0
23;NL:Q:62770140;Meidijk;Zuilichem;0,0;0,4;0,0;0,0;0,0;0,0
23;NL:Q:62770150;Kweldijk;Zaltbommel;1,7;2,2;0,0;0,0;0,0;0,0
23;NL:Q:62770160;PGEM Huisje;Zuilichem;0,0;1,9;0,0;0,0;0,0;0,0
23;NL:Q:62870010;Weitjesweg;Brakel;0,1;13,8;0,2;0,4;0,2;0,2
23;NL:Q:62870020;Weitjesweg;Brakel;15,1;0,0;0,0;0,0;0,0;0,0
23;NL:Q:62870030;Marktplein;Brakel;0,0;0,0;0,0;0,0;0,1;0,1
23;NL:Q:62870050;Flegelstraat;Brakel;0,0;0,0;0,0;0,1;0,0;0,0
23;NL:Q:62870060;Flegelstraat;Brakel;2,1;1,3;0,0;0,0;0,0;0,0
23;NL:Q:62870130;J. Aartendam;Brakel;0,0;0,0;0,0;0,0;0,0;0,0
23;NL:Q:62870140;J. Aartendam;Brakel;1,3;1,6;0,0;0,0;0,0;0,0
23;NL:Q:62871010;Weitjesweg;Brakel;0,0;0,1;0,0;0,0;0,0;0,0
23;NL:Q:62871020;Molenkampsweg;Zuilichem;0,4;0,3;0,0;0,0;0,0;0,0
23;NL:Q:62871110;Weitjesweg;Brakel;0,2;0,1;0,0;0,0;0,0;0,0
23;NL:Q:62871130;Marktplein;Brakel;2,0;1,4;0,0;0,0;0,0;0,0
23;NL:Q:63000000;;;0,0;0,0;0,0;0,0;0,0;0,0
23;NL:Q:63000100;Centraal Station;'s-Hertogenbosch;1,6;556,7;0,1;298,7;0,0;190,4
23;NL:Q:63000191;Centraal Station;'s-Hertogenbosch;596,1;0,4;275,2;0,3;192,9;0,4
23;NL:Q:63000880;Baden Powellstraat;'s-Hertogenbosch;0,0;0,1;0,0;0,0;0,0;0,0
23;NL:Q:63005710;Aartshertogenlaan;'s-Hertogenbosch;0,0;0,9;0,0;0,0;0,0;0,0
23;NL:Q:63006030;Orthenseweg;'s-Hertogenbosch;26,5;22,6;12,9;12,3;9,1;9,3
23;NL:Q:63006060;Orthenseweg;'s-Hertogenbosch;20,5;23,3;9,3;14,4;7,3;9,2
23;NL:Q:63006140;Rompertsebaan;'s-Hertogenbosch;0,0;1,4;0,0;0,0;0,0;0,0
23;NL:Q:63006490;Orthen;'s-Hertogenbosch;21,1;24,9;18,3;3,4;12,7;1,8
23;NL:Q:63006500;Orthen;'s-Hertogenbosch;21,7;28,7;2,3;15,3;2,3;12,8
23;NL:Q:63007400;Hambakenweg;'s-Hertogenbosch;26,5;5,8;9,0;2,8;7,6;1,2
23;NL:Q:63007410;Hambakenweg;'s-Hertogenbosch;3,4;45,4;1,4;14,4;0,7;8,5
23;NL:Q:63007740;Bruistensingel;'s-Hertogenbosch;0,0;0,6;0,0;0,0;0,0;0,0
23;NL:Q:63010020;Titaniumlaan;'s-Hertogenbosch;10,6;0,7;0,1;0,0;0,1;0,2
23;NL:Q:63010070;Treurenburg;'s-Hertogenbosch;2,6;15,3;1,1;13,0;0,8;9,0
23;NL:Q:63010080;Treurenburg;'s-Hertogenbosch;4,9;1,8;8,5;1,8;6,3;0,9
23;NL:Q:63010090;Titaniumlaan;'s-Hertogenbosch;0,3;11,0;0,0;0,0;0,0;0,3
23;NL:Q:63010140;Blankensteijn;Hedel;47,3;5,2;33,7;2,1;18,7;0,8
23;NL:Q:63010150;Blankensteijn;Hedel;2,8;43,8;1,4;23,5;0,7;19,2
23;NL:Q:63010210;Prinses Beatrixstraat;Hedel;2,3;30,0;1,0;14,6;0,6;8,6
23;NL:Q:63010240;Prinses Beatrixstraat;Hedel;24,9;1,5;11,7;1,3;7,3;0,4
23;NL:Q:63010340;Uithovensestraat;Hedel;0,0;0,0;0,0;0,0;0,0;0,0
23;NL:Q:63010350;Oudewaai;Hedel;0,7;19,0;0,1;8,4;0,1;6,7
23;NL:Q:63010360;Oudewaai;Hedel;20,6;0,6;10,7;0,1;6,8;0,2
23;NL:Q:63010370;Brandweerkazerne;Hedel;0,2;0,3;0,0;0,0;0,0;0,0
23;NL:Q:63011010;Baronieweg;Hedel;11,8;3,2;2,6;0,9;2,5;0,4
23;NL:Q:63011020;Baronieweg;Hedel;3,2;12,1;0,6;3,7;0,4;3,8
23;NL:Q:63011030;Baronieweg;Hedel;0,2;1,4;0,0;0,0;0,0;0,0
23;NL:Q:63011040;Baronieweg;Hedel;0,4;0,4;0,1;0,1;0,0;0,0
23;NL:Q:63011050;Breedstraat;Hedel;1,4;0,4;0,0;0,0;0,0;0,0
23;NL:Q:63011080;Breedstraat;Hedel;0,4;0,9;0,0;0,0;0,0;0,0
23;NL:Q:63280090;Maasdijk;Nederhemert-Zuid;0,1;0,0;0,0;0,0;0,0;0,0
23;NL:Q:63280100;Maasdijk;Nederhemert-Zuid;0,0;0,1;0,0;0,0;0,0;0,0
23;NL:Q:63291180;Kromme Nol;Wijk en Aalburg;0,2;1,6;0,0;0,0;0,0;0,0
23;NL:Q:63291280;Kromme Nol;Wijk en Aalburg;0,3;0,2;0,0;0,0;0,0;0,0
23;NL:Q:63390020;Polstraat;Wijk en Aalburg;0,1;0,0;0,0;0,0;0,0;0,0
23;NL:Q:63390030;Polstraat;Wijk en Aalburg;0,0;0,2;0,0;0,0;0,0;0,0
23;NL:Q:63390040;Perzikstraat;Wijk en Aalburg;7,0;0,0;0,0;0,0;0,0;0,0
23;NL:Q:63390050;Perzikstraat;Wijk en Aalburg;0,0;8,0;0,0;0,0;0,0;0,0
23;NL:Q:63390080;Kortestraat;Wijk en Aalburg;1,2;0,1;0,0;0,0;0,0;0,0
23;NL:Q:63390090;Kortestraat;Wijk en Aalburg;0,5;0,6;0,0;0,0;0,0;0,0
23;NL:Q:63590040;Koningin Emmastraat;Andel;0,0;0,0;0,1;0,2;0,0;0,0
23;NL:Q:63590110;Hofflaan;Andel;0,0;0,0;0,3;0,1;0,1;0,2
23;NL:Q:63590140;Prinsentuin;Andel;17,2;17,0;0,0;0,0;0,0;0,0
23;NL:Q:63590170;Randweg-Tankstation;Giessen;0,7;0,6;0,5;0,4;0,1;0,2
23;NL:Q:63591120;Julianastraat;Andel;0,0;0,0;0,3;0,2;0,0;0,0
23;NL:Q:63595030;Huiswerf;Andel;0,0;0,0;0,0;0,0;0,0;0,0
IJV;NL:Q:16000030;Station;Meppel;12,1;9,6;1,5;2,0;0,0;0,0
IJV;NL:Q:16000040;Ziekenhuis;Meppel;7,5;2,3;1,4;0,8;0,0;0,0
IJV;NL:Q:16000280;Gemeenteweg;Halfweg;0,1;0,0;0,0;0,0;0,0;0,0
IJV;NL:Q:16000290;Gemeenteweg;Halfweg;0,2;0,4;0,0;0,2;0,0;0,0
IJV;NL:Q:16000600;Burg. Knopperslaan;Meppel;0,0;0,2;0,0;0,0;0,0;0,0
IJV;NL:Q:16000610;Burg. Knopperslaan;Meppel;0,2;0,0;0,0;0,0;0,0;0,0
IJV;NL:Q:16000710;Steenwijkerstraatweg;Meppel;0,0;0,1;0,0;0,0;0,0;0,0
IJV;NL:Q:16000720;Steenwijkerstraatweg;Meppel;0,0;0,1;0,0;0,0;0,0;0,0
IJV;NL:Q:16000770;Reestplantsoen;Meppel;1,6;1,1;0,2;0,1;0,0;0,0
IJV;NL:Q:16000780;Reestplantsoen;Meppel;1,1;0,7;0,0;0,1;0,0;0,0
IJV;NL:Q:16000800;De Stouwe;Meppel;6,5;3,5;0,0;0,2;0,0;0,0
IJV;NL:Q:16000810;De Stouwe;Meppel;8,1;8,5;0,4;0,2;0,0;0,0
IJV;NL:Q:16000870;Station;Meppel;90,8;88,5;10,9;12,3;0,0;0,0
IJV;NL:Q:16000910;Leonard Springerlaan;Meppel;12,5;2,5;2,7;0,0;0,0;0,0
IJV;NL:Q:16000920;Leonard Springerlaan;Meppel;0,4;0,9;0,1;0,4;0,0;0,0
IJV;NL:Q:16000931;Prinsengracht;Meppel;2,4;1,1;1,1;0,6;0,0;0,0
IJV;NL:Q:16001010;Hugo de Grootstraat;Meppel;0,6;0,1;0,0;0,0;0,0;0,0
IJV;NL:Q:16001020;Hugo de Grootstraat;Meppel;0,0;0,6;0,0;0,0;0,0;0,0
IJV;NL:Q:16110060;Heerenweg;IJhorst;4,4;5,1;0,8;0,7;0,0;0,0
IJV;NL:Q:16110081;Havixhorst;De Schiphorst;0,0;0,6;0,0;0,5;0,0;0,0
IJV;NL:Q:16110090;Wiltenweg;De Wijk;0,0;0,9;0,1;0,1;0,0;0,0
IJV;NL:Q:16110220;Willem Koopsweg;De Wolden;0,3;1,9;0,3;0,7;0,0;0,0
IJV;NL:Q:16110230;Oosterakker;De Wijk;0,0;1,0;0,0;0,2;0,0;0,0
IJV;NL:Q:16110240;Verzorgingstehuis;De Wijk;2,5;1,3;1,7;0,4;0,0;0,0
IJV;NL:Q:16110260;Sparrenlaan;IJhorst;2,8;1,0;0,7;0,1;0,0;0,0
IJV;NL:Q:16180050;Redder;Staphorst;1,8;0,9;0,0;0,0;0,0;0,0
IJV;NL:Q:16180060;Redder;Staphorst;0,0;0,3;0,0;0,0;0,0;0,0
IJV;NL:Q:16180070;Reggersweg;Staphorst;1,9;0,0;0,0;0,0;0,0;0,0
IJV;NL:Q:16180080;Reggersweg;Staphorst;0,0;0,4;0,0;0,0;0,0;0,0
IJV;NL:Q:16180100;Vlakkenweg;Staphorst;0,3;1,7;0,0;0,3;0,0;0,0
IJV;NL:Q:16180110;Vlakkenweg;Staphorst;1,8;0,9;0,2;0,1;0,0;0,0
IJV;NL:Q:16180120;Geerligsland;Staphorst;0,4;1,8;0,0;0,1;0,0;0,0
IJV;NL:Q:16180130;Geerligsland;Staphorst;2,3;1,2;0,2;0,0;0,0;0,0
IJV;NL:Q:16180140;Jan Arendsland;Staphorst;0,4;2,9;0,0;0,1;0,0;0,0
IJV;NL:Q:16180150;Jan Arendsland;Staphorst;2,6;0,8;0,4;0,1;0,0;0,0
IJV;NL:Q:16180160;Snelweg;Staphorst;0,5;4,3;0,3;0,8;0,0;0,0
IJV;NL:Q:16180170;Snelweg;Staphorst;5,9;1,3;1,2;0,4;0,0;0,0
IJV;NL:Q:16180180;Achthoevenweg;Staphorst;2,6;4,3;0,2;0,4;0,0;0,0
IJV;NL:Q:16180190;Achthoevenweg;Staphorst;5,4;5,2;0,2;0,3;0,0;0,0
IJV;NL:Q:16180200;Hoogeweg;Staphorst;4,1;7,7;0,7;1,4;0,0;0,0
IJV;NL:Q:16180210;Hoogeweg;Staphorst;13,9;7,7;2,0;0,6;0,0;0,0
IJV;NL:Q:16180220;Bergerslag;Staphorst;6,6;7,3;1,6;0,9;0,0;0,0
IJV;NL:Q:16180230;Bergerslag;Staphorst;13,8;12,6;1,8;1,8;0,0;0,0
IJV;NL:Q:16180240;Gemeentehuis;Staphorst;5,1;12,3;1,0;1,0;0,0;0,0
IJV;NL:Q:16180250;Gemeentehuis;Staphorst;19,5;11,8;2,2;1,4;0,0;0,0
IJV;NL:Q:16180260;Lindenlaan;Staphorst;3,6;3,6;1,0;0,5;0,0;0,0
IJV;NL:Q:16180270;Lindenlaan;Staphorst;7,5;7,2;0,8;1,1;0,0;0,0
IJV;NL:Q:16180280;Bejaardenhuis;Staphorst;1,4;1,0;0,8;0,2;0,0;0,0
IJV;NL:Q:16180290;Bejaardenhuis;Staphorst;2,4;2,0;0,5;0,8;0,0;0,0
IJV;NL:Q:16180300;Prinses Beatrixstraat;Staphorst;4,5;2,4;1,2;0,5;0,0;0,0
IJV;NL:Q:16180310;Prinses Beatrixstraat;Staphorst;6,7;7,3;1,2;1,8;0,0;0,0
IJV;NL:Q:16180320;Boldewijnhuizen;Staphorst;0,2;0,3;0,1;0,0;0,0;0,0
IJV;NL:Q:16180330;Boldewijnhuizen;Staphorst;0,3;0,3;0,0;0,1;0,0;0,0
IJV;NL:Q:16180340;Pieter Zandt College;Staphorst;1,4;2,8;0,0;0,0;0,0;0,0
IJV;NL:Q:16280100;Oostermenneweg;Rouveen;0,2;1,0;0,7;0,6;0,0;0,0
IJV;NL:Q:16280110;Oostermenneweg;Rouveen;1,2;0,4;0,1;0,0;0,0;0,0
IJV;NL:Q:16280120;Zuideindigerweg;Rouveen;0,6;2,7;0,2;0,8;0,0;0,0
IJV;NL:Q:16280130;Zuideindigerweg;Rouveen;3,3;1,0;0,5;0,2;0,0;0,0
IJV;NL:Q:16280140;Stadsweg;Rouveen;0,3;0,8;0,0;0,1;0,0;0,0
IJV;NL:Q:16280150;Stadsweg;Rouveen;1,0;0,4;0,0;0,0;0,0;0,0
IJV;NL:Q:16280160;Oude Rijksweg 485;Rouveen;0,3;1,7;0,0;0,1;0,0;0,0
IJV;NL:Q:16280170;Oude Rijksweg 485;Rouveen;1,9;0,3;0,2;0,1;0,0;0,0
IJV;NL:Q:16280180;Hervormde Kerk;Rouveen;4,3;13,4;0,4;1,5;0,0;0,0
IJV;NL:Q:16280190;Hervormde Kerk;Rouveen;18,7;6,8;1,8;0,8;0,0;0,0
IJV;NL:Q:16280200;Oude Rijksweg 415;Rouveen;0,4;1,4;0,0;0,2;0,0;0,0
IJV;NL:Q:16280210;Oude Rijksweg 415;Rouveen;1,7;1,0;0,1;0,1;0,0;0,0
IJV;NL:Q:16280220;Oud Gereformeerde Kerk;Rouveen;0,5;1,5;0,0;0,2;0,0;0,0
IJV;NL:Q:16280230;Oud Gereformeerde Kerk;Rouveen;1,6;0,9;0,2;0,1;0,0;0,0
IJV;NL:Q:16280240;Conradsweg;Rouveen;0,4;1,9;0,1;0,1;0,0;0,0
IJV;NL:Q:16280250;Conradsweg;Rouveen;2,4;0,8;0,2;0,0;0,0;0,0
IJV;NL:Q:16280260;Schoolwijksweg;Rouveen;0,7;2,5;0,0;0,1;0,0;0,0
IJV;NL:Q:16280270;Schoolwijksweg;Rouveen;2,9;1,2;0,2;0,1;0,0;0,0
IJV;NL:Q:16280280;Dekkersweg;Rouveen;1,2;3,4;0,2;0,3;0,0;0,0
IJV;NL:Q:16280290;Dekkersweg;Rouveen;4,1;1,8;0,4;0,1;0,0;0,0
IJV;NL:Q:16300010;Gemeentehuis;Steenwijk;0,4;3,0;0,0;0,6;0,0;0,6
IJV;NL:Q:16300020;Gemeentehuis;Steenwijk;4,5;0,7;0,2;0,1;0,2;0,0
IJV;NL:Q:16300030;Vendelweg;Steenwijk;2,6;6,4;0,4;1,9;0,2;0,8
IJV;NL:Q:16300040;Vendelweg;Steenwijk;7,5;1,7;1,4;0,1;0,6;0,2
IJV;NL:Q:16300050;Matthijs Kiersstraat;Steenwijk;1,6;4,3;1,3;1,9;0,3;1,2
IJV;NL:Q:16300070;Matthijs Kiersstraat;Steenwijk;8,5;1,4;5,3;4,1;2,4;3,5
IJV;NL:Q:16301010;Station;Steenwijk;85,2;43,4;129,3;57,9;101,3;51,1
IJV;NL:Q:16301020;Station;Steenwijk;23,3;38,5;1,4;11,1;0,4;8,8
IJV;NL:Q:16380100;Haersterbroekweg;Zwolle;1,3;0,9;0,2;0,1;0,0;0,0
IJV;NL:Q:16380110;Haersterbroekweg;Zwolle;1,3;2,3;0,1;0,0;0,0;0,0
IJV;NL:Q:16380120;Steenwetering;Lichtmis;0,1;0,4;0,0;0,1;0,0;0,0
IJV;NL:Q:16380130;Steenwetering;Lichtmis;0,5;0,1;0,2;0,1;0,0;0,0
IJV;NL:Q:16380140;Meeleweg;Lichtmis;0,3;0,1;0,0;0,1;0,0;0,0
IJV;NL:Q:16380150;Meeleweg;Lichtmis;0,2;0,4;0,0;0,0;0,0;0,0
IJV;NL:Q:16380190;Busstation;Lichtmis;53,9;50,4;2,2;2,8;0,0;0,0
IJV;NL:Q:16580010;Noordeinde;Zwolle;0,1;1,0;0,1;0,5;0,1;0,1
IJV;NL:Q:16580020;Noordeinde;Zwolle;1,2;0,2;0,6;0,0;0,3;0,0
IJV;NL:Q:16580030;Westeinde;Zwolle;0,4;1,5;0,1;0,5;0,2;0,2
IJV;NL:Q:16580040;Westeinde;Zwolle;2,0;0,4;0,6;0,0;0,2;0,2
IJV;NL:Q:16580050;Bentheimpad;Zwolle;0,8;0,8;0,1;0,6;0,2;0,9
IJV;NL:Q:16580060;Bentheimpad;Zwolle;2,0;2,3;0,5;0,1;1,0;0,2
IJV;NL:Q:16580070;Kleefstraat;Zwolle;5,1;7,9;0,5;2,2;0,1;0,6
IJV;NL:Q:16580080;Kleefstraat;Zwolle;15,7;3,2;2,4;0,4;0,6;0,4
IJV;NL:Q:16680010;Dedemsweg;Ruitenveen;0,2;1,9;0,1;1,0;0,1;0,4
IJV;NL:Q:16680020;Dedemsweg;Ruitenveen;3,9;0,1;1,5;0,2;0,4;0,0
IJV;NL:Q:16680030;Kuitermansweg;Ruitenveen;0,1;1,1;0,0;0,6;0,1;0,3
IJV;NL:Q:16680040;Kuitermansweg;Ruitenveen;1,9;0,1;0,9;0,0;0,2;0,1
IJV;NL:Q:16680050;Nieuwe Kreuleweg;Ruitenveen;0,3;1,1;0,3;0,3;0,0;0,2
IJV;NL:Q:16680060;Nieuwe Kreuleweg;Ruitenveen;1,8;0,3;0,3;0,5;0,3;0,0
IJV;NL:Q:16680070;Hoevenweg;Ruitenveen;0,4;1,6;0,9;0,8;0,1;0,7
IJV;NL:Q:16680080;Hoevenweg;Ruitenveen;2,5;0,3;1,6;0,8;1,1;0,0
IJV;NL:Q:16680090;Middenweg;Ruitenveen;0,3;0,5;0,0;0,2;0,0;0,1
IJV;NL:Q:16680100;Middenweg;Ruitenveen;0,5;0,2;0,1;0,0;0,0;0,0
IJV;NL:Q:16680110;Nieuwendijk;Ruitenveen;0,1;0,2;0,2;0,2;0,0;0,2
IJV;NL:Q:16680120;Nieuwendijk;Ruitenveen;0,3;0,1;0,2;0,0;0,2;0,0
IJV;NL:Q:16780001;Schuilhut;Nieuwleusen;0,4;2,6;0,2;0,9;0,0;0,0
IJV;NL:Q:16780010;De Vlijt;Nieuwleusen;0,1;1,2;0,1;0,4;0,2;0,2
IJV;NL:Q:16780020;De Vlijt;Nieuwleusen;2,0;0,1;0,6;0,1;0,7;0,0
IJV;NL:Q:16780030;Oosterhulst;Nieuwleusen;0,1;0,8;0,1;0,6;0,1;0,2
IJV;NL:Q:16780040;Oosterhulst;Nieuwleusen;1,8;0,2;0,5;0,1;0,4;0,1
IJV;NL:Q:16780050;Den Hulst;Nieuwleusen;8,8;36,1;1,4;3,4;1,2;1,6
IJV;NL:Q:16780060;Den Hulst;Nieuwleusen;65,3;5,4;4,9;0,8;3,1;1,1
IJV;NL:Q:16780070;Bejaardencentrum;Nieuwleusen;1,7;4,2;0,6;3,1;0,5;2,3
IJV;NL:Q:16780090;Gereformeerde Kerk;Nieuwleusen;3,4;10,3;1,5;5,2;0,6;2,9
IJV;NL:Q:16780100;Bejaardencentrum;Nieuwleusen;12,2;1,7;5,7;0,4;3,4;0,3
IJV;NL:Q:16780110;Zwembad;Nieuwleusen;2,0;6,2;1,1;3,2;0,4;1,6
IJV;NL:Q:16780120;Gereformeerde Kerk;Nieuwleusen;23,2;2,9;9,1;1,1;4,9;0,2
IJV;NL:Q:16780130;Centrum;Nieuwleusen;4,6;11,6;1,8;6,1;1,0;3,9
IJV;NL:Q:16780140;Zwembad;Nieuwleusen;17,5;1,8;6,1;0,5;2,9;0,2
IJV;NL:Q:16780150;Westeinde;Nieuwleusen;0,7;3,4;0,1;1,5;0,1;0,6
IJV;NL:Q:16780160;Centrum;Nieuwleusen;28,7;3,0;16,0;1,1;8,4;0,7
IJV;NL:Q:16780170;Bouwhuisweg;Nieuwleusen;0,4;2,6;0,4;1,5;0,2;0,9
IJV;NL:Q:16780180;Westeinde;Nieuwleusen;9,8;0,6;2,9;0,3;1,4;0,0
IJV;NL:Q:16780190;Molen;Nieuwleusen;0,1;1,4;0,2;1,0;0,0;0,6
IJV;NL:Q:16780200;Bouwhuisweg;Nieuwleusen;5,6;0,3;2,2;0,0;1,6;0,0
IJV;NL:Q:16780220;Molen;Nieuwleusen;2,4;0,1;1,2;0,1;0,7;0,0
IJV;NL:Q:16780300;Grote Markt;Nieuwleusen;2,6;0,1;1,4;0,1;0,0;0,0
IJV;NL:Q:16780310;Grote Markt;Nieuwleusen;0,1;2,2;0,0;0,6;0,0;0,0
IJV;NL:Q:16780560;Rollecater Brug;Nieuwleusen;7,2;3,7;0,0;0,0;0,0;0,0
IJV;NL:Q:16780570;Rollecater Brug;Nieuwleusen;3,5;6,3;0,0;0,0;0,0;0,0
IJV;NL:Q:17000040;Station;Hoogeveen;82,6;53,4;15,3;12,6;8,8;10,4
IJV;NL:Q:17000060;Station;Hoogeveen;0,8;0,2;0,0;0,0;0,0;0,0
IJV;NL:Q:17000210;Buizerdlaan;Hoogeveen;10,0;9,0;1,1;1,1;0,9;0,5
IJV;NL:Q:17000220;Buizerdlaan;Hoogeveen;7,0;6,9;1,8;1,1;1,2;0,7
IJV;NL:Q:17000710;Mr. Cramerweg P+R;Hoogeveen;3,3;3,2;0,7;0,5;0,4;0,3
IJV;NL:Q:17000730;Mr. Cramerweg P+R;Hoogeveen;2,9;2,1;1,5;1,0;1,0;0,4
IJV;NL:Q:17000750;Buitenvaart;Hoogeveen;2,8;3,8;0,0;0,2;0,0;0,1
IJV;NL:Q:17000760;Buitenvaart;Hoogeveen;1,7;2,1;0,1;0,2;0,1;0,0
IJV;NL:Q:17001650;Willemskade;Hoogeveen;0,1;1,2;0,1;0,9;0,1;0,4
IJV;NL:Q:17001660;Willemskade;Hoogeveen;1,9;0,6;0,5;0,1;0,1;0,1
IJV;NL:Q:17003020;Industrieweg;Hoogeveen;12,5;0,5;2,7;0,0;1,2;0,0
IJV;NL:Q:17003030;Industrieweg;Hoogeveen;0,8;2,2;0,2;0,0;0,1;0,1
IJV;NL:Q:17003040;Tamboerpassage;Hoogeveen;11,5;4,1;4,0;0,4;1,4;0,2
IJV;NL:Q:17003050;Tamboerpassage;Hoogeveen;2,0;8,8;0,4;4,0;0,1;1,9
IJV;NL:Q:17003120;Wolfsbosstraat;Hoogeveen;6,0;7,3;0,5;0,8;0,5;0,3
IJV;NL:Q:17003130;Wolfsbosstraat;Hoogeveen;4,0;3,8;1,1;0,6;0,7;0,2
IJV;NL:Q:17003140;Valkenlaan;Hoogeveen;2,5;4,6;0,3;0,7;0,4;0,5
IJV;NL:Q:17003150;Valkenlaan;Hoogeveen;2,4;1,5;0,3;0,5;0,6;0,1
IJV;NL:Q:17003200;'t Haagje;Hoogeveen;7,9;6,2;2,3;0,7;0,8;0,5
IJV;NL:Q:17003210;'t Haagje;Hoogeveen;3,3;7,2;1,1;2,5;0,5;0,8
IJV;NL:Q:17190010;Buitenvaart;Hollandscheveld;0,9;0,5;0,0;0,1;0,0;0,1
IJV;NL:Q:17190020;Buitenvaart;Hollandscheveld;0,4;0,7;0,0;0,1;0,0;0,1
IJV;NL:Q:17190030;Opgaande 71;Hollandscheveld;0,7;0,4;0,1;0,1;0,0;0,1
IJV;NL:Q:17190040;Opgaande 71;Hollandscheveld;0,3;0,1;0,0;0,0;0,0;0,0
IJV;NL:Q:17190050;'t Hoekje;Hollandscheveld;4,6;5,8;0,4;0,7;0,2;0,7
IJV;NL:Q:17190060;'t Hoekje;Hollandscheveld;5,0;3,9;1,2;0,3;0,5;0,1
IJV;NL:Q:17190150;Carstensdijk;Zuideropgaande;1,5;1,4;0,1;0,3;0,1;0,2
IJV;NL:Q:17190160;Carstensdijk;Zuideropgaande;0,8;1,2;0,1;0,2;0,3;0,0
IJV;NL:Q:17190190;Schooldijkje;Zuideropgaande;0,2;0,1;0,0;0,0;0,1;0,0
IJV;NL:Q:17190200;Schooldijkje;Zuideropgaande;0,1;0,1;0,0;0,0;0,0;0,0
IJV;NL:Q:17290010;Riegshoogtendijk;Kerkenveld;0,1;0,0;0,0;0,0;0,0;0,0
IJV;NL:Q:17290020;Riegshoogtendijk;Kerkenveld;0,0;0,1;0,0;0,0;0,0;0,0
IJV;NL:Q:17290030;Gedempte Wijde Wijk;Kerkenveld;2,7;0,7;0,2;0,2;0,1;0,2
IJV;NL:Q:17290040;Gedempte Wijde Wijk;Kerkenveld;0,7;2,5;0,3;0,1;0,2;0,1
IJV;NL:Q:17290050;Ritmeesterweg;Kerkenveld;0,3;0,4;0,0;0,0;0,0;0,0
IJV;NL:Q:17290060;Ritmeesterweg;Kerkenveld;0,2;0,2;0,1;0,0;0,0;0,0
IJV;NL:Q:17290070;Riegshoogtendijk 3;Kerkenveld;0,0;0,0;0,0;0,0;0,0;0,0
IJV;NL:Q:17290080;Riegshoogtendijk 3;Kerkenveld;0,0;0,0;0,0;0,0;0,0;0,0
IJV;NL:Q:17290090;Hoogeveenseweg 33;Kerkenveld;0,2;0,1;0,0;0,0;0,0;0,0
IJV;NL:Q:17290100;Hoogeveenseweg 33;Kerkenveld;0,1;0,3;0,0;0,0;0,0;0,0
IJV;NL:Q:17290110;Braambergerweg;Kerkenveld;1,7;0,5;0,1;0,1;0,0;0,0
IJV;NL:Q:17290120;Braambergerweg;Kerkenveld;0,5;1,4;0,1;0,1;0,0;0,1
IJV;NL:Q:17290130;Hoogeveenseweg 11;Kerkenveld;0,3;0,3;0,0;0,1;0,1;0,0
IJV;NL:Q:17290140;Hoogeveenseweg 11;Kerkenveld;0,1;0,4;0,1;0,1;0,1;0,1
IJV;NL:Q:17310030;Zwarte Dijkje;Noordscheschut;0,6;0,0;0,0;0,0;0,0;0,0
IJV;NL:Q:17310040;Zwarte Dijkje;Noordscheschut;0,0;0,0;0,0;0,0;0,0;0,0
IJV;NL:Q:17350030;Riegshoogtendijk;Hollandscheveld;4,5;4,9;0,4;0,6;0,2;0,3
IJV;NL:Q:17350040;Riegshoogtendijk;Hollandscheveld;4,5;2,9;0,7;0,2;0,2;0,6
IJV;NL:Q:17350050;Jan Wintersdijkje;Zuideropgaande;0,5;0,6;0,0;0,1;0,0;0,0
IJV;NL:Q:17350060;Jan Wintersdijkje;Zuideropgaande;0,4;0,3;0,0;0,0;0,1;0,0
IJV;NL:Q:17480010;Centrum;Balkbrug;11,3;32,4;2,9;5,0;1,1;3,3
IJV;NL:Q:17480020;Centrum;Balkbrug;60,7;7,6;10,2;1,5;6,0;0,6
IJV;NL:Q:17480030;Zwolseweg;Balkbrug;0,2;1,2;0,1;1,1;0,3;0,7
IJV;NL:Q:17480040;Zwolseweg;Balkbrug;1,8;0,3;1,2;0,1;0,8;0,1
IJV;NL:Q:17480050;d 'Olde Heerd;Balkbrug;0,8;2,0;0,3;1,2;0,1;0,6
IJV;NL:Q:17480060;d 'Olde Heerd;Balkbrug;6,1;0,7;1,5;0,2;1,1;0,1
IJV;NL:Q:17480070;Zelhorstweg;Balkbrug;0,3;0,9;0,1;0,5;0,1;0,3
IJV;NL:Q:17480080;Zelhorstweg;Balkbrug;1,0;0,3;0,3;0,1;0,8;0,0
IJV;NL:Q:17480090;Nieuweweg (Sluis 4);Balkbrug;0,4;1,6;0,0;0,6;0,1;0,6
IJV;NL:Q:17480100;Nieuweweg (Sluis 4);Balkbrug;3,3;0,4;0,9;0,1;0,7;0,2
IJV;NL:Q:17481010;Ommerweg/Centrum;Balkbrug;0,2;0,9;0,0;0,0;0,0;0,0
IJV;NL:Q:17481020;Ommerweg/Centrum;Balkbrug;2,1;0,4;0,0;0,0;0,0;0,0
IJV;NL:Q:19000320;Trageldijk;Coevorden;1,6;0,2;0,0;0,0;0,0;0,0
IJV;NL:Q:19000330;Trageldijk;Coevorden;0,1;0,7;0,0;0,0;0,0;0,0
IJV;NL:Q:19001420;Station;Coevorden;10,8;9,5;0,0;0,0;0,0;0,0
IJV;NL:Q:19180200;Scheidijk;De Krim;0,0;0,1;0,0;0,0;0,0;0,0
IJV;NL:Q:19180210;Scheidijk;De Krim;0,0;0,0;0,0;0,0;0,0;0,0
IJV;NL:Q:19180220;Dommerskanaal;De Krim;0,2;0,5;0,0;0,0;0,0;0,0
IJV;NL:Q:19180230;Dommerskanaal;De Krim;0,4;0,1;0,0;0,0;0,0;0,0
IJV;NL:Q:19180260;Nieuwlandseweg;De Krim;0,2;0,3;0,0;0,0;0,0;0,0
IJV;NL:Q:19180270;Nieuwlandseweg;De Krim;0,1;0,1;0,0;0,0;0,0;0,0
IJV;NL:Q:19180280;N.H. Kerk;De Krim;1,2;1,3;0,0;0,0;0,0;0,0
IJV;NL:Q:19180290;N.H. Kerk;De Krim;0,8;0,7;0,0;0,0;0,0;0,0
IJV;NL:Q:19180300;Horstra's Wijk;De Krim;0,9;1,2;0,0;0,0;0,0;0,0
IJV;NL:Q:19180330;Horstra's Wijk;De Krim;1,3;1,0;0,0;0,0;0,0;0,0
IJV;NL:Q:19180332;Horstra's Wijk/Marsstraat;De Krim;0,0;1,6;0,0;0,0;0,0;0,0
IJV;NL:Q:19180335;Horstra's Wijk/Marsstraat;De Krim;1,8;0,0;0,0;0,0;0,0;0,0
IJV;NL:Q:19180350;Marsstraat;De Krim;3,8;2,2;0,0;0,0;0,0;0,0
IJV;NL:Q:19180450;Slagenweg/Lutteresweg;Ane;0,2;0,0;0,0;0,0;0,0;0,0
IJV;NL:Q:19180460;Slagenweg/Lutteresweg;Ane;0,0;0,0;0,0;0,0;0,0;0,0
IJV;NL:Q:19180500;Hoofdweg;De Krim;0,7;0,6;0,0;0,0;0,0;0,0
IJV;NL:Q:19280010;Molenweg;De Krim;0,1;0,0;0,0;0,0;0,0;0,0
IJV;NL:Q:19280020;Molenweg;De Krim;0,1;0,1;0,0;0,0;0,0;0,0
IJV;NL:Q:19280030;Coevorderweg 171;De Krim;0,0;0,0;0,0;0,0;0,0;0,0
IJV;NL:Q:19280040;Coevorderweg 171;De Krim;0,0;0,0;0,0;0,0;0,0;0,0
IJV;NL:Q:19280050;Drukkerij Seinen;De Krim;0,0;0,0;0,0;0,0;0,0;0,0
IJV;NL:Q:19280060;Drukkerij Seinen;De Krim;0,0;0,0;0,0;0,0;0,0;0,0
IJV;NL:Q:19280070;Coevorderweg 105;De Krim;0,0;0,0;0,0;0,0;0,0;0,0
IJV;NL:Q:19280080;Coevorderweg 105;De Krim;0,0;0,0;0,0;0,0;0,0;0,0
IJV;NL:Q:19380010;Schuineslootweg;Slagharen;5,9;2,6;0,3;0,6;0,4;0,2
IJV;NL:Q:19380020;Schuineslootweg;Slagharen;2,5;5,5;0,4;0,8;0,2;0,7
IJV;NL:Q:19380030;Herenstraat 108;Slagharen;0,5;0,2;0,1;0,1;0,1;0,1
IJV;NL:Q:19380040;Herenstraat 108;Slagharen;0,3;0,6;0,0;0,1;0,0;0,0
IJV;NL:Q:19380050;Witmanweg;Slagharen;1,6;1,9;0,2;0,4;0,1;0,1
IJV;NL:Q:19380060;Witmanweg;Slagharen;1,2;1,2;0,1;0,1;0,1;0,1
IJV;NL:Q:19380070;Vergouwlaan;Slagharen;18,0;8,6;3,5;1,5;1,2;0,7
IJV;NL:Q:19380080;Vergouwlaan;Slagharen;9,1;14,4;1,8;2,5;1,1;1,4
IJV;NL:Q:19380151;Centrum;Lutten;75,8;20,1;11,6;6,8;6,5;4,2
IJV;NL:Q:19380162;Centrum;Lutten;14,5;69,0;1,8;10,6;2,0;6,0
IJV;NL:Q:19380191;Viaduct;Lutten;5,5;0,9;1,0;0,1;0,4;0,1
IJV;NL:Q:19380202;Viaduct;Lutten;1,1;5,9;0,2;1,1;0,1;0,5
IJV;NL:Q:19380280;Coevorderweg 89;Slagharen;0,1;0,4;0,0;0,0;0,0;0,0
IJV;NL:Q:19380290;Coevorderweg 89;Slagharen;0,0;0,2;0,0;0,0;0,0;0,0
IJV;NL:Q:19380301;Centrum;Slagharen;11,8;5,8;3,1;1,7;1,3;0,7
IJV;NL:Q:19380312;Centrum;Slagharen;5,5;12,7;1,6;3,6;0,8;1,5
IJV;NL:Q:19380313;Centrum;Slagharen;5,9;3,1;0,4;0,0;0,2;0,0
IJV;NL:Q:19380314;Centrum;Slagharen;2,3;5,7;0,0;1,2;0,0;0,9
IJV;NL:Q:19380320;Attractiepark;Slagharen;7,9;11,5;5,9;8,2;5,4;4,6
IJV;NL:Q:19380330;Attractiepark;Slagharen;14,6;5,1;9,6;4,0;8,9;2,4
IJV;NL:Q:19380340;Dedemsvaartseweg 84;Lutten;0,3;0,2;0,0;0,0;0,0;0,0
IJV;NL:Q:19380350;Dedemsvaartseweg 84;Lutten;0,2;0,3;0,0;0,1;0,0;0,0
IJV;NL:Q:19380360;Coevorderweg;Lutten;0,3;0,0;0,0;0,0;0,0;0,0
IJV;NL:Q:19380370;Coevorderweg;Lutten;0,1;0,2;0,0;0,0;0,0;0,0
IJV;NL:Q:19380380;Tottenhamstraat/Proatkoele;Lutten;0,2;0,1;0,0;0,0;0,0;0,1
IJV;NL:Q:19380390;Tottenhamstraat/Proatkoele;Lutten;0,0;0,2;0,0;0,1;0,0;0,0
IJV;NL:Q:19380400;Ongelukkige Wijk;Lutten;0,4;0,5;0,0;0,0;0,0;0,0
IJV;NL:Q:19380410;Ongelukkige Wijk;Lutten;0,4;0,3;0,0;0,0;0,0;0,0
IJV;NL:Q:19480010;Rheezerend 162;Dedemsvaart;1,2;0,1;0,3;0,0;0,3;0,0
IJV;NL:Q:19480020;Rheezerend 162;Dedemsvaart;0,1;1,1;0,1;0,0;0,0;0,0
IJV;NL:Q:19480030;Rheezerend;Dedemsvaart;0,2;0,5;0,1;0,1;0,0;0,0
IJV;NL:Q:19480040;Rheezerend;Dedemsvaart;1,0;0,4;0,1;0,1;0,1;0,1
IJV;NL:Q:19480050;Rheezerend 60;Dedemsvaart;0,1;0,1;0,1;0,1;0,0;0,0
IJV;NL:Q:19480060;Rheezerend 60;Dedemsvaart;0,0;0,3;0,1;0,1;0,0;0,0
IJV;NL:Q:19480070;Industrieweg;Dedemsvaart;0,9;0,5;0,1;0,0;0,0;0,0
IJV;NL:Q:19480080;Industrieweg;Dedemsvaart;0,3;0,7;0,0;0,1;0,0;0,0
IJV;NL:Q:19480090;Celsiusstraat;Dedemsvaart;1,6;0,8;0,0;0,0;0,1;0,0
IJV;NL:Q:19480100;Celsiusstraat;Dedemsvaart;0,6;1,9;0,0;0,1;0,0;0,0
IJV;NL:Q:19480110;Van Haeringenstraat;Dedemsvaart;1,0;0,1;0,1;0,0;0,0;0,0
IJV;NL:Q:19480120;Van Haeringenstraat;Dedemsvaart;0,1;1,6;0,0;0,1;0,0;0,0
IJV;NL:Q:19480130;De Magnolia;Dedemsvaart;7,3;13,6;1,9;2,1;2,4;0,9
IJV;NL:Q:19480140;De Magnolia;Dedemsvaart;31,3;7,8;3,4;1,6;2,6;1,5
IJV;NL:Q:19480150;Hazelaar;Dedemsvaart;4,5;14,0;0,2;1,4;0,3;1,0
IJV;NL:Q:19480160;Hazelaar;Dedemsvaart;20,4;3,3;2,0;0,2;2,0;0,1
IJV;NL:Q:19480170;Krikkenstraat;Dedemsvaart;3,7;4,9;0,6;1,2;0,6;0,5
IJV;NL:Q:19480180;Krikkenstraat;Dedemsvaart;5,4;3,4;0,8;0,6;0,6;0,5
IJV;NL:Q:19480190;Haitjema;Dedemsvaart;10,5;13,2;2,9;2,8;1,5;1,9
IJV;NL:Q:19480200;Haitjema;Dedemsvaart;22,0;10,7;6,3;2,0;3,7;0,8
IJV;NL:Q:19480230;Adelaarweg;Dedemsvaart;11,8;25,3;1,5;2,9;1,0;1,9
IJV;NL:Q:19480240;Adelaarweg;Dedemsvaart;40,8;8,5;5,3;0,7;4,0;0,5
IJV;NL:Q:19480250;Sportlaan;Dedemsvaart;5,9;12,4;0,7;2,4;0,4;1,3
IJV;NL:Q:19480260;Sportlaan;Dedemsvaart;16,7;4,0;2,3;0,8;1,7;0,4
IJV;NL:Q:19480290;Busstation;Dedemsvaart;16,9;37,0;2,3;6,0;1,3;3,6
IJV;NL:Q:19480300;Hoofdvaart 115;Dedemsvaart;0,9;0,1;0,5;0,0;0,1;0,0
IJV;NL:Q:19480310;Hoofdvaart 115;Dedemsvaart;0,1;0,6;0,1;0,6;0,0;0,2
IJV;NL:Q:19480320;Hoofdvaart 207;Dedemsvaart;1,3;0,1;0,3;0,0;0,2;0,0
IJV;NL:Q:19480330;Hoofdvaart 207;Dedemsvaart;0,0;1,1;0,0;0,6;0,0;0,1
IJV;NL:Q:19480340;Het Rak;Dedemsvaart;1,4;0,1;0,1;0,0;0,2;0,0
IJV;NL:Q:19480350;Het Rak;Dedemsvaart;0,1;1,1;0,0;0,2;0,1;0,1
IJV;NL:Q:19480360;De Pol;Dedemsvaart;2,0;0,2;0,5;0,1;0,4;0,0
IJV;NL:Q:19480370;De Pol;Dedemsvaart;0,1;1,2;0,1;0,4;0,0;0,3
IJV;NL:Q:19481260;Busstation;Dedemsvaart;26,4;1,1;8,9;0,1;7,3;0,2
IJV;NL:Q:19481270;Busstation;Dedemsvaart;25,1;0,6;0,0;0,0;0,0;0,0
IJV;NL:Q:19481990;Zwiersstraat;Dedemsvaart;2,8;3,5;0,0;0,0;0,0;0,0
IJV;NL:Q:19580000;Station;Gramsbergen;1,0;1,2;0,0;0,0;0,0;0,0
IJV;NL:Q:19580040;Aner Molen;Ane;0,0;0,0;0,0;0,0;0,0;0,0
IJV;NL:Q:19580050;Aner Molen;Ane;0,0;0,0;0,0;0,0;0,0;0,0
IJV;NL:Q:19580060;De Viersprong;Ane;0,0;0,3;0,0;0,0;0,0;0,0
IJV;NL:Q:19580070;De Viersprong;Ane;0,6;0,0;0,0;0,0;0,0;0,0
IJV;NL:Q:19580080;Slagenweg/Haarweg;Ane;0,0;0,0;0,0;0,0;0,0;0,0
IJV;NL:Q:19580090;Slagenweg/Haarweg;Ane;0,0;0,0;0,0;0,0;0,0;0,0
IJV;NL:Q:19580100;Slagenweg/Schansweg;Ane;0,0;0,1;0,0;0,0;0,0;0,0
IJV;NL:Q:19580110;Slagenweg/Schansweg;Ane;0,1;0,0;0,0;0,0;0,0;0,0
IJV;NL:Q:24350010;Spin;De Blesse;0,0;0,4;0,0;0,0;0,0;0,0
IJV;NL:Q:24350020;Spin;De Blesse;0,4;0,0;0,0;0,0;0,0;0,0
IJV;NL:Q:24350030;Bovenweg;De Blesse;0,6;0,6;0,0;0,0;0,0;0,0
IJV;NL:Q:24350040;Bovenweg;De Blesse;0,0;0,0;0,0;0,0;0,0;0,0
IJV;NL:Q:24350050;Friese Veldweg;De Blesse;0,0;0,5;0,0;0,0;0,0;0,0
IJV;NL:Q:24350060;Friese Veldweg;De Blesse;0,4;0,0;0,0;0,0;0,0;0,0
IJV;NL:Q:24350070;Lagebroekweg;Blesdijke;1,0;0,0;0,0;0,0;0,0;0,0
IJV;NL:Q:24350080;Lagebroekweg;Blesdijke;0,0;0,7;0,0;0,0;0,0;0,0
IJV;NL:Q:24350620;Noord;De Blesse;1,8;2,6;0,0;0,0;0,0;0,0
IJV;NL:Q:24450030;Marijenkampen;Marijenkampen;0,0;0,4;0,0;0,0;0,0;0,0
IJV;NL:Q:24450050;Eikenlaan;Willemsoord;0,0;0,3;0,0;0,0;0,0;0,0
IJV;NL:Q:24450060;Eikenlaan;Willemsoord;0,3;0,0;0,0;0,0;0,0;0,0
IJV;NL:Q:24450080;Marijenkampen;Marijenkampen;0,3;0,0;0,0;0,0;0,0;0,0
IJV;NL:Q:24451400;'t Centrum;Steenwijkerwold;6,9;0,2;0,0;0,0;0,0;0,0
IJV;NL:Q:24451800;Willemsoord;Willemsoord;2,7;0,2;0,0;0,0;0,0;0,0
IJV;NL:Q:24451810;Willemsoord;Willemsoord;0,1;2,3;0,0;0,0;0,0;0,0
IJV;NL:Q:24490050;Spanga;Spanga;0,1;0,1;0,0;0,0;0,0;0,0
IJV;NL:Q:24490060;Spanga;Spanga;0,1;0,1;0,0;0,0;0,0;0,0
IJV;NL:Q:24490800;Hoek Spanga;Scherpenzeel;0,2;0,6;0,0;0,0;0,0;0,0
IJV;NL:Q:24490810;Hoek Spanga;Scherpenzeel;0,5;0,8;0,0;0,0;0,0;0,0
IJV;NL:Q:24510020;Frieseweg;Oldemarkt;0,1;5,1;0,0;0,0;0,0;0,0
IJV;NL:Q:24510040;Koningin Julianaweg;Oldemarkt;3,0;2,3;0,0;0,0;0,0;0,0
IJV;NL:Q:24510060;Parochiehuis;Oldemarkt;0,0;1,8;0,0;0,0;0,0;0,0
IJV;NL:Q:24510070;Kruisstraat;Oldemarkt;1,2;0,0;0,0;0,0;0,0;0,0
IJV;NL:Q:24510080;Kruisstraat;Oldemarkt;0,2;0,8;0,0;0,0;0,0;0,0
IJV;NL:Q:24510090;De Boterberg;Oldemarkt;0,4;0,0;0,0;0,0;0,0;0,0
IJV;NL:Q:24510100;De Boterberg;Oldemarkt;0,2;0,5;0,0;0,0;0,0;0,0
IJV;NL:Q:24550030;Zuidveen;Zuidveen;2,1;2,8;0,1;0,2;0,1;0,5
IJV;NL:Q:24550040;Zuidveen;Zuidveen;2,5;1,6;0,5;0,1;0,5;0,0
IJV;NL:Q:24550050;Groot Verlaat;Steenwijk;3,2;2,0;0,5;1,0;0,2;0,2
IJV;NL:Q:24550060;Groot Verlaat;Steenwijk;1,3;3,2;0,2;0,7;0,1;0,1
IJV;NL:Q:24550160;Dolderbrug;Steenwijk;1,7;0,5;0,4;0,1;0,4;0,4
IJV;NL:Q:24550170;Dolderbrug;Steenwijk;0,9;2,8;4,9;1,7;4,2;3,2
IJV;NL:Q:24551420;'t Centrum;Steenwijkerwold;0,3;5,7;0,0;0,0;0,0;0,0
IJV;NL:Q:24552310;Gemeentewerken;Tuk;0,6;0,3;0,0;0,0;0,0;0,0
IJV;NL:Q:24552320;Gemeentewerken;Tuk;0,3;0,6;0,0;0,0;0,0;0,0
IJV;NL:Q:24552330;Oldemarktseweg;Tuk;0,1;0,6;0,0;0,0;0,0;0,0
IJV;NL:Q:24552340;Oldemarktseweg;Tuk;0,8;0,1;0,0;0,0;0,0;0,0
IJV;NL:Q:24552350;Watertoren;Thij;0,0;0,2;0,0;0,0;0,0;0,0
IJV;NL:Q:24552360;Watertoren;Thij;0,1;0,0;0,0;0,0;0,0;0,0
IJV;NL:Q:24552370;Thij;Thij;0,0;0,3;0,0;0,0;0,0;0,0
IJV;NL:Q:24552380;Thij;Thij;0,3;0,0;0,0;0,0;0,0;0,0
IJV;NL:Q:24590100;Burchtstraat;Kuinre;4,7;3,8;0,0;0,0;0,0;0,0
IJV;NL:Q:24610010;Venebosweg;Ossenzijl;0,2;0,1;0,0;0,0;0,0;0,0
IJV;NL:Q:24620110;Lemsterweg;Rutten;0,1;0,3;0,0;0,0;0,0;0,0
IJV;NL:Q:24620130;Houtmolen;Lemmer;0,2;1,9;0,0;0,0;0,0;0,0
IJV;NL:Q:24620140;Houtmolen;Lemmer;3,0;0,4;0,0;0,0;0,0;0,0
IJV;NL:Q:24622020;Busstation;Lemmer;9,3;8,8;0,0;0,0;0,0;0,0
IJV;NL:Q:24680010;Uiterdijkenweg;Luttelgeest;0,2;0,4;0,0;0,0;0,0;0,0
IJV;NL:Q:24680020;Uiterdijkenweg;Luttelgeest;0,7;0,2;0,0;0,0;0,0;0,0
IJV;NL:Q:24680050;Slijkenburg;Slijkenburg;0,5;0,1;0,0;0,0;0,0;0,0
IJV;NL:Q:24680060;Slijkenburg;Slijkenburg;0,0;0,0;0,0;0,0;0,0;0,0
IJV;NL:Q:24720010;Lemsterpoort;Rutten;6,8;2,0;0,0;0,0;0,0;0,0
IJV;NL:Q:24720020;Lemsterpoort;Rutten;2,0;5,9;0,0;0,0;0,0;0,0
IJV;NL:Q:24720090;Noordermeerweg;Rutten;0,0;0,1;0,0;0,0;0,0;0,0
IJV;NL:Q:24720100;Noordermeerweg;Rutten;0,0;0,2;0,0;0,0;0,0;0,0
IJV;NL:Q:24720120;Lemsterweg;Rutten;0,2;0,1;0,0;0,0;0,0;0,0
IJV;NL:Q:24820030;Wrakkenpad;Creil;0,2;0,9;0,0;0,0;0,0;0,0
IJV;NL:Q:24820040;Wrakkenpad;Creil;0,5;0,1;0,0;0,0;0,0;0,0
IJV;NL:Q:24820050;IJzerpad;Rutten;0,1;0,6;0,0;0,0;0,0;0,0
IJV;NL:Q:24820060;IJzerpad;Rutten;0,4;0,2;0,0;0,0;0,0;0,0
IJV;NL:Q:24820090;Creil;Creil;11,0;2,3;0,0;0,0;0,0;0,0
IJV;NL:Q:24820100;Creil;Creil;4,9;12,6;0,0;0,0;0,0;0,0
IJV;NL:Q:24920030;Weg van Ongenade;Espel;0,0;0,0;0,0;0,0;0,0;0,0
IJV;NL:Q:24920040;Weg van Ongenade;Espel;0,0;0,0;0,0;0,0;0,0;0,0
IJV;NL:Q:24920050;Onderduikerspad;Espel;0,4;0,8;0,0;0,0;0,0;0,0
IJV;NL:Q:24920060;Onderduikerspad;Espel;0,6;0,4;0,0;0,0;0,0;0,0
IJV;NL:Q:24920070;Noordermiddenweg;Espel;0,1;0,1;0,0;0,0;0,0;0,0
IJV;NL:Q:24920080;Espelerweg;Emmeloord;0,1;0,1;0,0;0,0;0,0;0,0
IJV;NL:Q:24920090;Noordermiddenweg;Espel;0,1;0,1;0,0;0,0;0,0;0,0
IJV;NL:Q:24920100;Espelerweg;Emmeloord;0,0;0,1;0,0;0,0;0,0;0,0
IJV;NL:Q:24920110;Espel;Espel;2,2;5,1;0,0;0,0;0,0;0,0
IJV;NL:Q:24920120;Espel;Espel;3,7;1,5;0,0;0,0;0,0;0,0
IJV;NL:Q:24920130;Klutenpad;Creil;0,3;0,6;0,0;0,0;0,0;0,0
IJV;NL:Q:24920140;Klutenpad;Creil;0,5;0,1;0,0;0,0;0,0;0,0
IJV;NL:Q:25000010;Kettingstraat;Emmeloord;3,3;10,3;0,2;3,6;0,2;1,2
IJV;NL:Q:25000020;Kettingstraat;Emmeloord;24,5;8,3;7,1;0,9;2,4;0,1
IJV;NL:Q:25000030;Lange Dreef;Emmeloord;0,8;4,4;0,0;2,3;0,0;1,0
IJV;NL:Q:25000040;Lange Dreef;Emmeloord;5,7;0,9;2,7;0,0;1,9;0,1
IJV;NL:Q:25000050;Bunschotenlaan;Emmeloord;5,6;5,3;1,6;1,8;0,9;1,7
IJV;NL:Q:25000070;Emmeloord - Oost;Emmeloord;2,0;0,7;0,1;0,3;0,0;0,2
IJV;NL:Q:25000080;Emmeloord - Oost;Emmeloord;1,6;3,0;0,2;0,2;0,0;0,0
IJV;NL:Q:25000100;Diemenlaan;Emmeloord;5,9;2,5;1,8;0,8;1,3;0,3
IJV;NL:Q:25000130;Ecopark;Emmeloord;1,3;1,3;0,1;0,1;0,1;0,0
IJV;NL:Q:25000140;Ecopark;Emmeloord;1,2;1,2;0,0;0,2;0,0;0,0
IJV;NL:Q:25000150;Diemenlaan;Emmeloord;3,7;4,7;1,0;2,2;0,6;1,4
IJV;NL:Q:25000160;Ondernemersweg;Emmeloord;0,9;0,7;0,0;0,0;0,0;0,0
IJV;NL:Q:25000170;Ondernemersweg;Emmeloord;0,9;1,2;0,0;0,0;0,0;0,0
IJV;NL:Q:25000180;Produktieweg;Emmeloord;1,2;1,2;0,0;0,0;0,0;0,0
IJV;NL:Q:25000190;Produktieweg;Emmeloord;0,4;1,6;0,0;0,0;0,0;0,0
IJV;NL:Q:25000210;Zuyderzee College;Emmeloord;8,8;4,8;2,9;0,6;2,1;0,1
IJV;NL:Q:25000260;Zuyderzee College;Emmeloord;7,3;6,9;1,8;3,0;1,4;2,8
IJV;NL:Q:25000410;Begraafplaats;Emmeloord;8,7;6,8;0,0;0,0;0,0;0,0
IJV;NL:Q:25000420;Begraafplaats;Emmeloord;10,5;9,9;0,0;0,0;0,0;0,0
IJV;NL:Q:25000430;Dr. W.M. Verhaarlaan;Emmeloord;0,2;0,5;0,0;0,0;0,0;0,0
IJV;NL:Q:25000440;Dr. W.M. Verhaarlaan;Emmeloord;0,5;0,2;0,0;0,0;0,0;0,0
IJV;NL:Q:25000470;Nieuwlandenlaan;Emmeloord;0,3;0,8;0,0;0,0;0,0;0,0
IJV;NL:Q:25000480;Nieuwlandenlaan;Emmeloord;0,9;0,7;0,0;0,0;0,0;0,0
IJV;NL:Q:25000500;Medisch Centrum;Emmeloord;16,3;22,0;2,6;9,2;0,8;4,6
IJV;NL:Q:25000550;Medisch Centrum;Emmeloord;22,6;9,8;16,6;3,3;12,4;1,1
IJV;NL:Q:25000600;Antonius Ziekenhuis;Emmeloord;22,3;28,0;4,3;14,0;0,6;8,8
IJV;NL:Q:25000650;Antonius Ziekenhuis;Emmeloord;25,0;11,7;15,8;3,7;8,6;1,6
IJV;NL:Q:25000700;Urkerweg 18;Emmeloord;1,3;1,1;0,1;0,3;0,0;0,0
IJV;NL:Q:25001400;Smeden;Emmeloord;6,1;3,8;1,8;0,6;7,4;1,3
IJV;NL:Q:25001450;Smeden;Emmeloord;5,7;5,1;1,3;2,5;3,0;2,2
IJV;NL:Q:25005010;Busstation;Emmeloord;4,2;2,3;0,0;0,0;0,0;0,0
IJV;NL:Q:25005012;Busstation;Emmeloord;90,2;23,0;39,7;29,3;34,1;15,9
IJV;NL:Q:25005013;Busstation;Emmeloord;99,0;35,1;34,0;9,3;16,5;5,4
IJV;NL:Q:25005014;Busstation;Emmeloord;221,4;34,0;45,8;9,4;18,8;10,2
IJV;NL:Q:25005021;Busstation;Emmeloord;196,7;56,2;40,2;7,2;24,9;8,9
IJV;NL:Q:25005022;Busstation;Emmeloord;31,1;11,6;0,0;0,0;0,0;0,0
IJV;NL:Q:25005023;Busstation;Emmeloord;79,2;99,8;1,3;19,7;0,4;16,0
IJV;NL:Q:25060010;Brink;Luttelgeest;2,4;0,5;0,0;0,0;0,0;0,0
IJV;NL:Q:25060020;Brink;Luttelgeest;1,2;2,3;0,0;0,0;0,0;0,0
IJV;NL:Q:25060030;Luttelgeesterweg;Luttelgeest;0,9;0,2;0,0;0,0;0,0;0,0
IJV;NL:Q:25060040;Luttelgeesterweg;Luttelgeest;0,2;0,0;0,0;0,0;0,0;0,0
IJV;NL:Q:25060050;Lindeweg;Luttelgeest;0,1;0,2;0,0;0,0;0,0;0,0
IJV;NL:Q:25060060;Lindeweg;Luttelgeest;0,1;0,1;0,0;0,0;0,0;0,0
IJV;NL:Q:25060070;Pantropica;Luttelgeest;0,1;0,4;0,0;0,0;0,0;0,0
IJV;NL:Q:25060080;Pantropica;Luttelgeest;0,2;0,0;0,0;0,0;0,0;0,0
IJV;NL:Q:25060090;Oosterringweg;Luttelgeest;1,8;12,1;0,0;0,0;0,0;0,0
IJV;NL:Q:25060100;Oosterringweg;Luttelgeest;15,5;0,4;0,0;0,0;0,0;0,0
IJV;NL:Q:25060110;Schansweg;Luttelgeest;0,4;0,7;0,0;0,0;0,0;0,0
IJV;NL:Q:25060120;Schansweg;Luttelgeest;0,1;0,0;0,0;0,0;0,0;0,0
IJV;NL:Q:25070010;Luttelgeesterweg;Marknesse;1,4;0,6;0,1;0,3;0,1;0,2
IJV;NL:Q:25070020;Luttelgeesterweg;Marknesse;1,1;1,6;0,3;0,1;0,2;0,1
IJV;NL:Q:25070030;H.D. Louwes Hoeve;Emmeloord;0,1;0,0;0,0;0,0;0,0;0,0
IJV;NL:Q:25070040;H.D. Louwes Hoeve;Emmeloord;0,1;0,2;0,1;0,0;0,0;0,0
IJV;NL:Q:25070050;Lindeweg;Emmeloord;0,4;0,5;0,0;0,3;0,0;0,2
IJV;NL:Q:25070060;Lindeweg;Emmeloord;0,6;0,2;0,0;0,0;0,1;0,0
IJV;NL:Q:25130100;Sloefweg;Ens;1,5;0,5;0,9;0,3;0,6;0,2
IJV;NL:Q:25130150;Sloefweg;Ens;0,7;3,0;0,6;1,5;0,2;1,1
IJV;NL:Q:25130200;Bomenweg;Emmeloord;0,2;0,1;0,1;0,1;0,1;0,0
IJV;NL:Q:25130250;Bomenweg;Emmeloord;0,1;0,5;0,0;0,2;0,1;0,2
IJV;NL:Q:25130300;Kleiweg;Emmeloord;0,4;0,2;0,2;0,2;0,3;0,0
IJV;NL:Q:25130350;Kleiweg;Emmeloord;0,5;1,1;0,1;0,5;0,1;0,2
IJV;NL:Q:25131500;Bunschotenlaan;Emmeloord;6,4;2,6;1,7;0,7;1,5;0,3
IJV;NL:Q:25140100;Schaftweg/Nagelerweg;Emmeloord;0,4;0,1;0,0;0,0;0,0;0,0
IJV;NL:Q:25140150;Schaftweg/Nagelerweg;Emmeloord;0,0;0,4;0,0;0,0;0,0;0,0
IJV;NL:Q:25140300;Johannes Postweg;Nagele;0,1;0,1;0,0;0,0;0,0;0,0
IJV;NL:Q:25140350;Johannes Postweg;Nagele;0,0;0,1;0,0;0,0;0,0;0,0
IJV;NL:Q:25150050;Urkerweg 18;Emmeloord;0,2;0,8;0,1;0,3;0,0;0,0
IJV;NL:Q:25150100;Urkerweg 34;Tollebeek;1,2;0,6;0,2;0,2;0,0;0,0
IJV;NL:Q:25150150;Urkerweg 34;Tollebeek;0,5;1,4;0,3;0,8;0,0;0,0
IJV;NL:Q:25150200;Tollebeek;Tollebeek;24,8;3,0;7,6;1,2;0,0;0,0
IJV;NL:Q:25150250;Tollebeek;Tollebeek;7,2;14,0;1,8;4,6;0,0;0,0
IJV;NL:Q:25150300;Urkerweg 46;Tollebeek;0,7;0,2;0,1;0,1;0,0;0,0
IJV;NL:Q:25150350;Urkerweg 46;Tollebeek;0,1;1,7;0,1;0,6;0,0;0,0
IJV;NL:Q:25150400;Urkerdwarspad;Urk;1,0;0,2;0,2;0,1;0,0;0,0
IJV;NL:Q:25170030;Zwembad Voorst;Kraggenburg;0,1;0,7;0,0;0,3;0,1;0,3
IJV;NL:Q:25170040;Zwembad Voorst;Kraggenburg;0,3;0,5;0,4;0,2;0,3;0,1
IJV;NL:Q:25170050;Picknickplaats;Kraggenburg;0,2;0,4;0,2;0,1;0,0;0,1
IJV;NL:Q:25170060;Picknickplaats;Kraggenburg;0,6;0,4;0,0;0,4;0,0;0,1
IJV;NL:Q:25170070;Mammouthweg;Kraggenburg;0,1;0,3;0,0;0,1;0,0;0,2
IJV;NL:Q:25170080;Mammouthweg;Kraggenburg;0,2;0,1;0,1;0,0;0,0;0,1
IJV;NL:Q:25170090;Leemringweg/Sloefweg;Marknesse;0,3;0,7;0,0;0,2;0,0;0,1
IJV;NL:Q:25170100;Leemringweg/Sloefweg;Marknesse;0,5;0,3;0,1;0,1;0,0;0,1
IJV;NL:Q:25170110;Boslaan;Marknesse;1,3;0,1;0,0;0,0;0,0;0,0
IJV;NL:Q:25170120;Boslaan;Marknesse;0,1;1,3;0,0;0,0;0,0;0,0
IJV;NL:Q:25170211;Busstation;Marknesse;11,4;3,9;4,7;1,0;1,5;1,0
IJV;NL:Q:25170212;Busstation;Marknesse;6,5;4,1;0,0;0,0;0,0;0,0
IJV;NL:Q:25170221;Busstation;Marknesse;19,8;14,8;3,8;5,0;2,2;1,9
IJV;NL:Q:25170223;Busstation;Marknesse;19,6;14,2;0,0;0,0;0,0;0,0
IJV;NL:Q:25170230;Breestraat;Marknesse;26,9;18,7;6,1;8,4;3,0;3,0
IJV;NL:Q:25170240;Breestraat;Marknesse;11,5;10,6;4,9;2,5;2,7;0,7
IJV;NL:Q:25170250;Netl;Kraggenburg;0,5;0,7;0,2;1,1;0,8;0,6
IJV;NL:Q:25170260;Netl;Kraggenburg;1,2;1,0;1,3;1,7;4,1;1,0
IJV;NL:Q:25180010;Busstation;Blokzijl;9,7;14,2;0,0;0,0;0,0;0,0
IJV;NL:Q:25180020;Busstation;Blokzijl;7,4;5,3;0,0;0,0;0,0;0,0
IJV;NL:Q:25180030;Uiterdijkenweg;Marknesse;1,4;1,4;0,0;0,0;0,0;0,0
IJV;NL:Q:25180040;Uiterdijkenweg;Marknesse;6,6;0,7;0,0;0,0;0,0;0,0
IJV;NL:Q:25180050;Steenwijkerdwarsweg;Marknesse;0,6;0,8;0,0;0,0;0,0;0,0
IJV;NL:Q:25180060;Steenwijkerdwarsweg;Marknesse;0,6;0,7;0,0;0,0;0,0;0,0
IJV;NL:Q:25230030;Ens;Ens;36,8;23,7;13,9;7,9;6,2;5,4
IJV;NL:Q:25230040;Ens;Ens;22,2;19,1;5,1;6,6;5,7;3,1
IJV;NL:Q:25240010;Domineesweg;Nagele;6,8;1,7;5,3;0,4;7,4;0,3
IJV;NL:Q:25240150;Professor Brandsmaw.;Nagele;0,4;0,6;0,0;0,0;0,0;0,0
IJV;NL:Q:25240200;Professor Brandsmaw.;Nagele;0,4;2,2;0,0;0,0;0,0;0,0
IJV;NL:Q:25240800;Nagele;Nagele;12,4;3,0;0,0;0,0;0,0;0,0
IJV;NL:Q:25240850;Nagele;Nagele;4,0;9,0;0,0;0,0;0,0;0,0
IJV;NL:Q:25250010;Singel;Urk;68,4;26,9;14,8;5,6;0,0;0,0
IJV;NL:Q:25250050;Urkerdwarspad;Urk;0,2;0,9;0,0;0,2;0,0;0,0
IJV;NL:Q:25250210;Ransuil;Urk;14,9;28,9;0,9;4,3;0,0;0,0
IJV;NL:Q:25250220;Ransuil;Urk;40,4;0,9;6,4;0,3;0,0;0,0
IJV;NL:Q:25250230;Winkelcentrum;Urk;9,6;29,2;1,7;7,5;0,0;0,0
IJV;NL:Q:25250240;Winkelcentrum;Urk;42,6;1,2;11,0;0,4;0,0;0,0
IJV;NL:Q:25250270;Vlaak;Urk;13,5;25,7;0,4;2,7;0,0;0,0
IJV;NL:Q:25250300;Rotholm;Urk;28,6;8,9;4,0;1,1;0,0;0,0
IJV;NL:Q:25250310;Meep;Urk;0,0;0,9;0,0;0,0;0,0;0,0
IJV;NL:Q:25250320;Meep;Urk;0,0;0,0;0,0;0,0;0,0;0,0
IJV;NL:Q:25250330;Vlieter;Urk;0,0;0,6;0,0;0,0;0,0;0,0
IJV;NL:Q:25250340;Vlieter;Urk;0,1;0,0;0,0;0,0;0,0;0,0
IJV;NL:Q:25250350;Pampus;Urk;0,0;0,3;0,0;0,0;0,0;0,0
IJV;NL:Q:25250360;Pampus;Urk;0,1;0,0;0,0;0,0;0,0;0,0
IJV;NL:Q:25250370;Michiel de Ruyterallee;Urk;4,9;0,1;0,0;0,0;0,0;0,0
IJV;NL:Q:25250380;Michiel de Ruyterallee;Urk;0,2;7,1;0,0;0,0;0,0;0,0
IJV;NL:Q:25250850;Lange Dam;Urk;8,1;18,9;0,3;2,9;0,0;0,0
IJV;NL:Q:25250950;De Noord;Urk;13,0;23,8;0,2;2,8;0,0;0,0
IJV;NL:Q:25251000;Gemeentehuis;Urk;3,9;16,7;0,5;2,6;0,0;0,0
IJV;NL:Q:25270010;Clarenberglaan;Vollenhove;24,6;38,7;7,6;7,1;2,7;4,5
IJV;NL:Q:25270020;Clarenberglaan;Vollenhove;64,5;28,3;11,5;6,0;9,3;2,7
IJV;NL:Q:25270030;Kraggenburg;Kraggenburg;22,2;17,1;7,8;6,8;4,0;3,4
IJV;NL:Q:25270110;Vollenhoverweg/NOP;Marknesse;0,1;0,2;0,1;0,2;0,0;0,0
IJV;NL:Q:25270120;Vollenhoverweg/NOP;Marknesse;0,6;0,2;0,2;0,1;0,2;0,4
IJV;NL:Q:25270130;Repelweg;Marknesse;0,1;0,3;0,0;0,1;0,0;0,1
IJV;NL:Q:25270140;Repelweg;Marknesse;0,1;0,1;0,0;0,0;0,1;0,0
IJV;NL:Q:25270150;Voorsterweg;Marknesse;1,0;2,2;0,3;1,3;0,6;0,6
IJV;NL:Q:25270160;Voorsterweg;Marknesse;2,2;1,5;0,9;0,7;0,7;0,2
IJV;NL:Q:25270170;Voorstersluis;Marknesse;0,1;0,1;0,0;0,1;0,0;0,1
IJV;NL:Q:25270180;Voorstersluis;Marknesse;0,1;0,1;0,1;0,1;0,1;0,1
IJV;NL:Q:25270190;Paardenweg;Kraggenburg;0,9;0,4;0,2;0,1;0,1;0,1
IJV;NL:Q:25270200;Paardenweg;Kraggenburg;0,6;1,7;0,2;0,2;0,1;0,3
IJV;NL:Q:25280010;Boomkwekerij;Scheerwolde;1,4;1,9;0,0;0,0;0,0;0,0
IJV;NL:Q:25280020;Boomkwekerij;Scheerwolde;1,7;1,0;0,0;0,0;0,0;0,0
IJV;NL:Q:25280050;Beenderribben;Wetering;0,4;0,0;0,0;0,0;0,0;0,0
IJV;NL:Q:25280060;Beenderribben;Wetering;0,1;0,6;0,0;0,0;0,0;0,0
IJV;NL:Q:25280070;Wetering;Wetering;0,6;0,1;0,0;0,0;0,0;0,0
IJV;NL:Q:25280080;Wetering;Wetering;0,2;0,7;0,0;0,0;0,0;0,0
IJV;NL:Q:25280090;Veldhuisweg;Baarlo;0,1;0,4;0,0;0,0;0,0;0,0
IJV;NL:Q:25280100;Veldhuisweg;Baarlo;0,5;0,1;0,0;0,0;0,0;0,0
IJV;NL:Q:25300010;Domineesweg;Nagele;2,9;4,7;0,5;3,0;0,4;1,4
IJV;NL:Q:25330300;Zwartemeerweg;Ens;2,6;4,8;2,0;2,0;0,7;0,5
IJV;NL:Q:25330350;Zwartemeerweg;Ens;3,5;3,1;2,1;2,6;0,7;0,9
IJV;NL:Q:25350010;Markeweg;Blesdijke;0,0;0,9;0,0;0,0;0,0;0,0
IJV;NL:Q:25350020;Markeweg;Blesdijke;1,1;0,0;0,0;0,0;0,0;0,0
IJV;NL:Q:25350030;Dalhoeve;Blesdijke;0,1;0,9;0,0;0,0;0,0;0,0
IJV;NL:Q:25350040;Dalhoeve;Blesdijke;0,9;0,0;0,0;0,0;0,0;0,0
IJV;NL:Q:25350060;Parochiehuis;Oldemarkt;3,3;0,7;0,0;0,0;0,0;0,0
IJV;NL:Q:25350090;Frieseweg;Oldemarkt;8,4;1,9;0,0;0,0;0,0;0,0
IJV;NL:Q:25350310;Koningin Julianaweg;Oldemarkt;0,3;1,1;0,0;0,0;0,0;0,0
IJV;NL:Q:25370010;Heetveld;Heetveld;0,6;3,0;0,2;0,3;0,0;0,3
IJV;NL:Q:25370020;Heetveld;Heetveld;2,4;0,2;0,3;0,1;0,2;0,1
IJV;NL:Q:25370070;Prot Chr Basisschool;Heetveld;1,0;4,9;0,2;0,5;0,0;0,3
IJV;NL:Q:25370080;Prot Chr Basisschool;Heetveld;5,1;0,3;0,8;0,2;0,3;0,1
IJV;NL:Q:25380010;Jan van Nassauweg;Scheerwolde;0,5;1,2;0,0;0,0;0,0;0,0
IJV;NL:Q:25380020;Jan van Nassauweg;Scheerwolde;1,5;0,6;0,0;0,0;0,0;0,0
IJV;NL:Q:25380030;Smalleweg;Scheerwolde;0,4;0,3;0,0;0,0;0,0;0,0
IJV;NL:Q:25380040;Smalleweg;Scheerwolde;0,1;0,5;0,0;0,0;0,0;0,0
IJV;NL:Q:25430010;Noorderrandweg;Kampereiland;0,2;1,0;0,0;0,3;0,0;0,2
IJV;NL:Q:25430020;Noorderrandweg;Kampereiland;0,6;0,2;0,1;0,0;0,0;0,1
IJV;NL:Q:25430030;Rechterveldweg;Kampereiland;0,9;3,0;1,1;2,5;1,3;2,5
IJV;NL:Q:25430040;Rechterveldweg;Kampereiland;2,6;0,5;1,5;0,3;1,5;0,2
IJV;NL:Q:25430050;Natuurbad Seveningen;Kampereiland;1,6;0,5;0,2;0,4;0,3;0,3
IJV;NL:Q:25430150;Nesweg;Kampereiland;0,1;0,1;0,0;0,0;0,0;0,0
IJV;NL:Q:25430200;Kampereiland Kerk;Kampereiland;0,4;1,2;0,0;0,0;0,0;0,0
IJV;NL:Q:25430250;Kampereiland Kerk;Kampereiland;0,3;0,6;0,0;0,2;0,0;0,0
IJV;NL:Q:25430300;Witte Brug;Kampereiland;0,5;0,5;0,2;0,0;0,0;0,1
IJV;NL:Q:25430350;Witte Brug;Kampereiland;0,5;1,0;0,2;0,3;0,1;0,1
IJV;NL:Q:25430390;Dam-Noorddiep;Kampereiland;0,0;0,0;0,0;0,0;0,0;0,0
IJV;NL:Q:25440050;Visvijverweg;Swifterbant;0,9;1,1;0,0;0,0;0,0;0,0
IJV;NL:Q:25440100;Visvijverweg;Swifterbant;1,4;0,7;0,0;0,0;0,0;0,0
IJV;NL:Q:25450810;Kooystraat;Ossenzijl;0,9;0,9;0,0;0,0;0,0;0,0
IJV;NL:Q:25450820;Kooystraat;Ossenzijl;0,6;0,5;0,0;0,0;0,0;0,0
IJV;NL:Q:25450830;Venebosweg;Ossenzijl;0,2;0,2;0,0;0,0;0,0;0,0
IJV;NL:Q:25470010;De Velde;De Velde;0,2;1,2;0,0;0,4;0,0;0,3
IJV;NL:Q:25470020;De Velde;De Velde;0,9;0,2;0,4;0,1;0,4;0,0
IJV;NL:Q:25470030;Busstation;Zwartsluis;50,8;99,1;17,5;34,1;12,6;19,5
IJV;NL:Q:25470040;Busstation;Zwartsluis;109,5;11,7;40,0;2,9;23,2;2,0
IJV;NL:Q:25470050;Bejaardencentrum;Zwartsluis;3,9;0,9;1,0;0,4;0,2;0,1
IJV;NL:Q:25470060;Bejaardencentrum;Zwartsluis;0,7;1,4;0,2;0,1;0,1;0,2
IJV;NL:Q:25470070;De Krieger;De Krieger;0,4;3,4;0,0;0,6;0,0;0,2
IJV;NL:Q:25470080;De Krieger;De Krieger;4,7;0,3;0,5;0,0;0,4;0,0
IJV;NL:Q:25470081;De Krieger;De Krieger;0,2;2,3;0,0;0,0;0,0;0,0
IJV;NL:Q:25480010;Oostermaat;Kamperzeedijk;2,4;0,7;0,4;0,2;0,0;0,0
IJV;NL:Q:25480020;Oostermaat;Kamperzeedijk;1,8;1,9;0,5;0,6;0,0;0,0
IJV;NL:Q:25580010;Nieuweweg;Genemuiden;5,7;6,9;1,5;1,0;0,0;0,0
IJV;NL:Q:25580020;Nieuweweg;Genemuiden;8,9;5,0;1,2;0,8;0,0;0,0
IJV;NL:Q:25580030;'t TAG;Genemuiden;9,3;23,6;1,5;2,3;0,0;0,0
IJV;NL:Q:25580040;'t TAG;Genemuiden;19,5;8,1;4,3;2,7;0,0;0,0
IJV;NL:Q:25630030;Vahl;IJsselmuiden;0,2;0,1;0,0;0,0;0,0;0,0
IJV;NL:Q:25630040;Vahl;IJsselmuiden;0,1;0,3;0,1;0,2;0,0;0,0
IJV;NL:Q:25630050;Fuite;IJsselmuiden;0,1;0,5;0,0;0,1;0,0;0,0
IJV;NL:Q:25630060;Fuite;IJsselmuiden;0,5;0,1;0,2;0,1;0,0;0,0
IJV;NL:Q:25630070;Plasweg;IJsselmuiden;0,1;0,1;0,0;0,1;0,0;0,0
IJV;NL:Q:25630080;Plasweg;IJsselmuiden;0,2;0,2;0,1;0,1;0,0;0,0
IJV;NL:Q:25630090;Groenendael;IJsselmuiden;0,3;0,4;0,0;0,2;0,0;0,0
IJV;NL:Q:25630100;Groenendael;IJsselmuiden;0,7;0,4;0,3;0,0;0,0;0,0
IJV;NL:Q:25630110;R.K. Kerk;IJsselmuiden;0,5;0,7;0,1;0,1;0,0;0,0
IJV;NL:Q:25630120;R.K. Kerk;IJsselmuiden;1,0;0,5;1,1;1,2;0,0;0,0
IJV;NL:Q:25670010;H. van Viandenplein;Hasselt;0,5;5,3;0,0;0,0;0,0;0,0
IJV;NL:Q:25670020;H. van Viandenplein;Hasselt;7,6;0,8;0,0;0,0;0,0;0,0
IJV;NL:Q:25670030;Centrum;Hasselt;70,5;106,3;8,6;35,9;3,3;13,4
IJV;NL:Q:25670040;Centrum;Hasselt;177,4;48,8;58,8;17,1;20,8;0,7
IJV;NL:Q:25680010;Sluis;Beukers;0,3;0,1;0,1;0,0;0,0;0,0
IJV;NL:Q:25680020;Sluis;Beukers;0,0;0,1;0,0;0,0;0,0;0,0
IJV;NL:Q:25680030;Blauwe Hand;Blauwe Hand;0,7;2,0;1,1;1,4;0,5;0,7
IJV;NL:Q:25680040;Blauwe Hand;Blauwe Hand;2,5;1,1;2,4;3,2;2,0;2,0
IJV;NL:Q:25770010;Mannagras;Zwolle;1,0;6,6;0,4;3,9;0,2;2,0
IJV;NL:Q:25770020;Mannagras;Zwolle;8,4;1,5;4,8;1,2;1,8;0,6
IJV;NL:Q:25770030;Klokkengieterlaan;Zwolle;17,3;1,1;9,8;0,4;5,0;0,3
IJV;NL:Q:25770035;Klokkengieterlaan;Zwolle;1,3;14,5;0,3;7,1;0,4;4,8
IJV;NL:Q:25770050;Karveelschipperstraat;Zwolle;15,7;1,6;8,1;0,9;4,1;0,3
IJV;NL:Q:25770055;Karveelschipperstraat;Zwolle;1,5;13,6;0,4;6,8;0,2;4,9
IJV;NL:Q:25770060;Veldbeemdgras;Zwolle;28,1;1,2;14,1;0,3;6,8;0,2
IJV;NL:Q:25770065;Veldbeemdgras;Zwolle;1,8;22,4;0,2;12,5;0,3;7,1
IJV;NL:Q:25770070;Goudsmidstraat;Zwolle;21,0;1,9;11,2;0,8;5,7;0,7
IJV;NL:Q:25770075;Goudsmidstraat;Zwolle;2,5;15,6;0,8;8,8;0,4;5,1
IJV;NL:Q:25770110;Fioringras;Zwolle;30,8;3,6;17,5;2,2;8,6;1,1
IJV;NL:Q:25770115;Fioringras;Zwolle;3,0;23,7;1,1;13,8;1,0;9,4
IJV;NL:Q:25770230;Bandijklaan;Zwolle;4,1;19,7;0,5;8,1;0,4;4,8
IJV;NL:Q:25770240;Bandijklaan;Zwolle;22,6;3,8;10,1;0,5;5,7;0,3
IJV;NL:Q:25780010;Dominee Hylkemaweg;Giethoorn;33,1;4,1;23,3;7,2;23,2;4,1
IJV;NL:Q:25780020;Dominee Hylkemaweg;Giethoorn;4,4;23,9;74,8;75,8;64,5;58,6
IJV;NL:Q:25780030;Kerkweg;Giethoorn;4,9;0,9;1,2;0,6;0,7;0,3
IJV;NL:Q:25780040;Kerkweg;Giethoorn;0,9;6,2;1,4;3,9;1,2;4,5
IJV;NL:Q:25780050;Hotel Harmonie;Giethoorn;0,7;0,2;0,2;0,3;0,2;0,3
IJV;NL:Q:25780060;Hotel Harmonie;Giethoorn;0,3;0,7;0,8;0,6;0,6;0,3
IJV;NL:Q:25830110;Oranjesingel;Kampen;3,1;5,4;0,1;0,1;0,0;0,0
IJV;NL:Q:25830170;Station Zuid;Kampen;28,6;15,0;0,0;0,0;0,0;0,0
IJV;NL:Q:25830190;Station Zuid;Kampen;4,3;37,3;0,6;9,0;0,0;0,3
IJV;NL:Q:25830290;Amandelboom;Kampen;2,7;2,8;0,3;0,5;0,0;0,0
IJV;NL:Q:25830300;Andoorn;Kampen;3,8;5,3;0,7;0,6;0,0;0,0
IJV;NL:Q:25830310;Sterrekroos;Kampen;5,9;6,3;0,8;0,6;0,0;0,0
IJV;NL:Q:25830320;Hilbert v Dijkstraat;Kampen;2,3;1,6;0,3;0,1;0,0;0,0
IJV;NL:Q:25830330;Doctor Kolfflaan;Kampen;3,4;2,8;0,3;0,3;0,0;0,0
IJV;NL:Q:25830490;Bovenbroeksweg;Kampen;4,7;2,1;1,3;0,3;0,0;0,0
IJV;NL:Q:25830550;Kwekerije;Kampen;0,2;3,4;0,0;0,7;0,0;0,0
IJV;NL:Q:25830560;Europa Allee;Kampen;4,2;0,6;0,4;0,2;0,0;0,0
IJV;NL:Q:25830570;Symfonielaan;Kampen;2,6;0,1;1,0;0,1;0,0;0,0
IJV;NL:Q:25830580;Lovinkstraat;Kampen;15,3;17,5;2,9;3,1;0,1;0,1
IJV;NL:Q:25830590;Lange Akker;Kampen;1,5;2,2;0,3;0,8;0,0;0,0
IJV;NL:Q:25830600;Begraafplaats Bovenbroek;Kampen;0,0;0,2;0,0;0,1;0,0;0,0
IJV;NL:Q:25830610;Jan van Arkelstraat;Kampen;0,6;2,8;0,1;0,9;0,0;0,0
IJV;NL:Q:40300170;Telefoonweg;Renkum;0,2;0,1;0,0;0,0;0,0;0,0
IJV;NL:Q:40300180;Telefoonweg;Renkum;0,0;0,0;0,0;0,0;0,0;0,0
IJV;NL:Q:40344001;Apeldoornseweg;'s Heeren Loo;0,0;0,0;0,0;0,0;0,0;0,0
IJV;NL:Q:40344002;Apeldoornseweg;'s Heeren Loo;0,0;0,0;0,0;0,0;0,0;0,0
IJV;NL:Q:40360009;Rotonde;Otterlo;0,0;0,1;0,0;0,0;0,0;0,0
IJV;NL:Q:40360010;Rotonde;Otterlo;0,0;0,0;0,0;0,0;0,0;0,0
IJV;NL:Q:40360013;Rotonde;Otterlo;0,2;0,3;0,0;0,0;0,0;0,0
IJV;NL:Q:40360014;Rotonde;Otterlo;0,0;0,9;0,0;0,0;0,0;0,0
IJV;NL:Q:40406011;Mansholtlaan;Wageningen;0,0;0,0;0,0;0,0;0,0;0,0
IJV;NL:Q:40406012;Mansholtlaan;Wageningen;0,0;0,0;0,0;0,0;0,0;0,0
IJV;NL:Q:40441001;Harderwijkerweg;Loenen;0,0;0,1;0,0;0,0;0,0;0,0
IJV;NL:Q:40441003;Bergakkerweg;Loenen;0,2;0,5;0,0;0,0;0,0;0,0
IJV;NL:Q:40441004;Bergakkerweg;Loenen;0,5;0,1;0,0;0,0;0,0;0,0
IJV;NL:Q:40441005;Bruisbeek;Loenen;0,1;0,7;0,0;0,0;0,0;0,0
IJV;NL:Q:40441006;Bruisbeek;Loenen;0,9;0,1;0,0;0,0;0,0;0,0
IJV;NL:Q:40441007;Leeuwenbergweg;Loenen;0,0;0,7;0,0;0,0;0,0;0,0
IJV;NL:Q:40441008;Leeuwenbergweg;Loenen;0,9;0,1;0,0;0,0;0,0;0,0
IJV;NL:Q:40441009;Hoge Bergweg;Loenen;0,1;0,2;0,0;0,0;0,0;0,0
IJV;NL:Q:40441010;Hoge Bergweg;Loenen;0,1;0,0;0,0;0,0;0,0;0,0
IJV;NL:Q:40441011;Hoofdweg;Lieren;0,5;0,4;0,0;0,0;0,0;0,0
IJV;NL:Q:40441014;Voorsterweg;Lieren;0,8;1,4;0,0;0,0;0,0;0,0
IJV;NL:Q:40451034;Laan van Westenenk;Apeldoorn;1,5;1,1;0,0;0,0;0,0;0,0
IJV;NL:Q:40451075;Kapelmeestershoeve;Apeldoorn;9,3;9,0;5,6;6,5;4,7;2,7
IJV;NL:Q:40451076;Kapelmeestershoeve;Apeldoorn;9,9;15,4;6,9;9,2;2,8;5,6
IJV;NL:Q:40451077;De Eglantier;Apeldoorn;21,1;0,6;28,1;0,2;16,7;0,1
IJV;NL:Q:40451078;De Eglantier;Apeldoorn;13,9;25,3;11,5;21,3;1,6;9,1
IJV;NL:Q:40451096;Laan van Erica;Apeldoorn;3,2;8,6;3,2;9,2;0,7;5,2
IJV;NL:Q:40451097;Jaromirgaarde;Apeldoorn;2,8;0,3;1,7;0,1;1,3;0,1
IJV;NL:Q:40451099;Rademakersdonk;Apeldoorn;10,6;0,1;8,7;0,0;6,0;0,0
IJV;NL:Q:40451100;Rademakersdonk;Apeldoorn;9,8;13,1;4,2;8,2;0,8;4,5
IJV;NL:Q:40451101;Valkeniersdonk;Apeldoorn;9,0;0,2;5,9;0,0;3,7;0,0
IJV;NL:Q:40451102;Valkeniersdonk;Apeldoorn;5,7;4,6;2,4;2,9;0,7;1,7
IJV;NL:Q:40451103;Turfstekershoeve;Apeldoorn;5,7;0,1;3,9;0,0;3,1;0,0
IJV;NL:Q:40451105;Landdrostlaan;Apeldoorn;0,3;0,6;0,0;0,0;0,0;0,0
IJV;NL:Q:40451106;Landdrostlaan;Apeldoorn;0,7;0,3;0,0;0,0;0,0;0,0
IJV;NL:Q:40451143;Soldeniersveld;Apeldoorn;1,3;0,0;0,0;0,0;0,0;0,0
IJV;NL:Q:40451181;Ferguutgaarde;Apeldoorn;10,9;0,3;6,3;0,1;3,5;0,1
IJV;NL:Q:40451182;De Heemgaard;Apeldoorn;17,9;18,0;2,8;6,8;1,1;5,1
IJV;NL:Q:40451183;De Heemgaard;Apeldoorn;17,6;8,1;7,9;0,0;4,7;0,0
IJV;NL:Q:40451190;Bouwmeestershoeve;Apeldoorn;0,6;0,0;0,3;0,0;0,3;0,0
IJV;NL:Q:40451195;Bouwmeestershoeve;Apeldoorn;0,2;0,3;0,1;0,1;0,0;0,2
IJV;NL:Q:40451210;Ferguutgaarde;Apeldoorn;6,8;8,7;1,9;4,1;1,1;2,1
IJV;NL:Q:40451252;Kooikersdreef;Apeldoorn;4,1;6,4;3,0;5,6;1,6;3,3
IJV;NL:Q:40451259;Parlevinkershoeve;Apeldoorn;5,2;10,3;1,3;6,8;1,5;4,0
IJV;NL:Q:40451333;Ekro;Apeldoorn;6,1;8,6;0,0;0,0;0,0;0,0
IJV;NL:Q:40451340;Ekro;Apeldoorn;0,2;0,6;0,0;0,0;0,0;0,0
IJV;NL:Q:40451351;Eglantierlaan;Apeldoorn;5,8;0,1;3,7;0,0;1,7;0,0
IJV;NL:Q:40451402;Veldbrugweg;Lieren;0,3;1,0;0,0;0,0;0,0;0,0
IJV;NL:Q:40451403;Veldbrugweg;Lieren;0,9;0,0;0,0;0,0;0,0;0,0
IJV;NL:Q:40451404;Tullekensmolenweg;Lieren;0,2;1,0;0,0;0,0;0,0;0,0
IJV;NL:Q:40451405;Tullekensmolenweg;Lieren;0,8;0,0;0,0;0,0;0,0;0,0
IJV;NL:Q:40451406;Molenberg;Lieren;0,1;0,3;0,0;0,0;0,0;0,0
IJV;NL:Q:40451407;Molenberg;Lieren;0,4;0,0;0,0;0,0;0,0;0,0
IJV;NL:Q:40451408;Dorpshuis;Oosterhuizen;0,1;0,7;0,0;0,0;0,0;0,0
IJV;NL:Q:40451409;Dorpshuis;Oosterhuizen;0,2;0,0;0,0;0,0;0,0;0,0
IJV;NL:Q:40451412;Wittekruisweg;Oosterhuizen;0,1;0,2;0,0;0,0;0,0;0,0
IJV;NL:Q:40451413;Wittekruisweg;Oosterhuizen;0,3;0,0;0,0;0,0;0,0;0,0
IJV;NL:Q:40451414;Vinkenkamp;Oosterhuizen;0,1;0,4;0,0;0,0;0,0;0,0
IJV;NL:Q:40451415;Vinkenkamp;Oosterhuizen;0,1;0,0;0,0;0,0;0,0;0,0
IJV;NL:Q:40451416;Veendijk;Oosterhuizen;0,1;0,3;0,0;0,0;0,0;0,0
IJV;NL:Q:40451417;Veendijk;Oosterhuizen;0,2;0,1;0,0;0,0;0,0;0,0
IJV;NL:Q:40451418;Camping Bosgraaf;Oosterhuizen;0,2;0,2;0,0;0,0;0,0;0,0
IJV;NL:Q:40451461;Wilmersdorf;Apeldoorn;1,7;0,1;0,0;0,0;0,0;0,0
IJV;NL:Q:40451462;Wilmersdorf;Apeldoorn;1,1;3,0;0,0;0,0;0,0;0,0
IJV;NL:Q:40459001;Aventurijn;Loenen;0,4;0,2;0,0;0,0;0,0;0,0
IJV;NL:Q:40461003;Centrum;Harskamp;0,0;0,0;0,0;0,0;0,0;0,0
IJV;NL:Q:40461004;Centrum;Harskamp;0,0;0,1;0,0;0,0;0,0;0,0
IJV;NL:Q:40461005;De Spil;Harskamp;0,6;0,0;0,0;0,0;0,0;0,0
IJV;NL:Q:40461006;De Spil;Harskamp;0,0;1,3;0,0;0,0;0,0;0,0
IJV;NL:Q:40461007;Kraatsweg;Harskamp;0,0;1,0;0,0;0,0;0,0;0,0
IJV;NL:Q:40461008;Kraatsweg;Harskamp;0,4;0,0;0,0;0,0;0,0;0,0
IJV;NL:Q:40461009;Radioweg;Harskamp;0,0;0,6;0,0;0,0;0,0;0,0
IJV;NL:Q:40461010;Radioweg;Harskamp;0,3;0,0;0,0;0,0;0,0;0,0
IJV;NL:Q:40461013;Hoog Buurloseweg;Harskamp;0,0;0,4;0,0;0,0;0,0;0,0
IJV;NL:Q:40461014;Hoog Buurloseweg;Harskamp;0,1;0,0;0,0;0,0;0,0;0,0
IJV;NL:Q:40461015;Westenengerdijk;Harskamp;0,0;3,4;0,0;0,0;0,0;0,0
IJV;NL:Q:40461017;Julianastraat;Harskamp;0,0;0,0;0,0;0,0;0,0;0,0
IJV;NL:Q:40461018;Julianastraat;Harskamp;0,0;0,0;0,0;0,0;0,0;0,0
IJV;NL:Q:40463004;Heetweg;Stroe;0,4;0,1;0,0;0,0;0,0;0,0
IJV;NL:Q:40471131;De Ugchelse Kei;Ugchelen;0,9;0,9;0,6;0,5;0,0;0,0
IJV;NL:Q:40471152;Randerode;Apeldoorn;6,9;4,7;2,7;1,8;2,1;1,4
IJV;NL:Q:40471170;Middachten;Apeldoorn;5,8;0,5;3,6;0,2;1,8;0,1
IJV;NL:Q:40471171;Middachten;Apeldoorn;3,4;7,0;0,9;3,7;0,8;2,5
IJV;NL:Q:40471175;Vlietweg;Apeldoorn;3,9;9,7;1,1;5,3;1,1;3,2
IJV;NL:Q:40471295;Ugchelsegrensweg;Ugchelen;1,4;0,2;0,8;0,1;0,0;0,0
IJV;NL:Q:40471300;Markendoel;Ugchelen;0,0;2,4;0,1;0,6;0,0;0,0
IJV;NL:Q:40471301;Richtersweg;Ugchelen;0,3;0,4;0,2;0,3;0,0;0,0
IJV;NL:Q:40471327;G.P. Duuringlaan;Ugchelen;1,2;2,0;0,7;1,3;0,0;0,0
IJV;NL:Q:40471349;Molecatenlaan;Apeldoorn;16,6;19,0;2,4;7,8;3,2;5,8
IJV;NL:Q:40471434;Heidehof;Ugchelen;1,7;0,6;1,0;0,4;0,0;0,0
IJV;NL:Q:40471463;Hoog Buurloseweg;Hoenderloo;0,0;0,0;0,0;0,0;0,0;0,0
IJV;NL:Q:40471464;Hoog Buurloseweg;Hoenderloo;0,0;0,1;0,0;0,0;0,0;0,0
IJV;NL:Q:40471465;Van der Valk/De Cantharel;Apeldoorn;0,0;0,0;0,0;0,0;0,0;0,0
IJV;NL:Q:40471466;Van der Valk/De Cantharel;Apeldoorn;0,0;0,0;0,0;0,0;0,0;0,0
IJV;NL:Q:40471467;Gelre Ziekenhuis;Apeldoorn;19,6;40,7;5,1;8,6;2,2;4,5
IJV;NL:Q:40471471;Het Leesten;Ugchelen;0,0;0,0;0,0;0,0;0,0;0,0
IJV;NL:Q:40471472;Het Leesten;Apeldoorn;0,0;0,0;0,0;0,0;0,0;0,0
IJV;NL:Q:40480015;Kronkelweg;Hoenderloo;0,1;0,0;0,0;0,0;0,0;0,0
IJV;NL:Q:40480016;Kronkelweg;Hoenderloo;0,0;0,0;0,0;0,0;0,0;0,0
IJV;NL:Q:40512001;Station Ede-Wageningen;Ede;0,0;0,2;0,0;0,0;0,0;0,0
IJV;NL:Q:40512005;Vossenweg;Bennekom;0,6;0,1;0,0;0,0;0,0;0,0
IJV;NL:Q:40512006;Vossenweg;Bennekom;0,0;1,2;0,0;0,0;0,0;0,0
IJV;NL:Q:40512009;Strooijweg;Bennekom;0,0;0,0;0,0;0,0;0,0;0,0
IJV;NL:Q:40512010;Strooijweg;Bennekom;0,0;0,0;0,0;0,0;0,0;0,0
IJV;NL:Q:40512011;Molenstraat;Bennekom;0,2;0,0;0,0;0,0;0,0;0,0
IJV;NL:Q:40512012;Molenstraat;Bennekom;0,0;0,7;0,0;0,0;0,0;0,0
IJV;NL:Q:40512013;Hof van Sint Pieter;Bennekom;0,0;0,0;0,0;0,0;0,0;0,0
IJV;NL:Q:40512014;Hof van Sint Pieter;Bennekom;0,0;0,0;0,0;0,0;0,0;0,0
IJV;NL:Q:40512015;Bart van Elstplantsoen;Bennekom;0,5;0,0;0,0;0,0;0,0;0,0
IJV;NL:Q:40512016;Bart van Elstplantsoen;Bennekom;0,0;1,1;0,0;0,0;0,0;0,0
IJV;NL:Q:40512019;Horalaan;Ede;0,1;0,0;0,0;0,0;0,0;0,0
IJV;NL:Q:40512020;Horalaan;Ede;0,0;0,1;0,0;0,0;0,0;0,0
IJV;NL:Q:40512021;De Reehorst;Ede;0,0;0,0;0,0;0,0;0,0;0,0
IJV;NL:Q:40512022;De Reehorst;Ede;0,0;0,3;0,0;0,0;0,0;0,0
IJV;NL:Q:40512203;Hoekelumse Brinkweg;Bennekom;0,1;0,0;0,0;0,0;0,0;0,0
IJV;NL:Q:40512204;Hoekelumse Brinkweg;Bennekom;0,0;0,3;0,0;0,0;0,0;0,0
IJV;NL:Q:40512207;Heidelaan;Bennekom;0,0;0,0;0,0;0,0;0,0;0,0
IJV;NL:Q:40512208;Heidelaan;Bennekom;0,0;0,0;0,0;0,0;0,0;0,0
IJV;NL:Q:40512500;Station Ede-Wageningen;Ede;0,0;0,0;0,0;0,0;0,0;0,0
IJV;NL:Q:40512507;Station Ede-Wageningen;Ede;3,8;0,3;0,0;0,0;0,0;0,0
IJV;NL:Q:40512508;Station Ede-Wageningen;Ede;0,0;0,0;0,0;0,0;0,0;0,0
IJV;NL:Q:40522125;Wekeromse Zand;Ede;0,0;0,0;0,0;0,0;0,0;0,0
IJV;NL:Q:40528001;Roekelseweg;Wekerom;0,1;0,2;0,0;0,0;0,0;0,0
IJV;NL:Q:40528002;Roekelseweg;Wekerom;0,1;0,0;0,0;0,0;0,0;0,0
IJV;NL:Q:40528003;Wekeromse Buurtweg;Wekerom;0,0;0,4;0,0;0,0;0,0;0,0
IJV;NL:Q:40528004;Wekeromse Buurtweg;Wekerom;0,3;0,0;0,0;0,0;0,0;0,0
IJV;NL:Q:40528006;Lage Valkseweg;De Valk;0,0;0,0;0,0;0,0;0,0;0,0
IJV;NL:Q:40528007;Kruispunt;Wekerom;0,0;3,0;0,0;0,0;0,0;0,0
IJV;NL:Q:40528008;Kruispunt;Wekerom;2,4;0,3;0,0;0,0;0,0;0,0
IJV;NL:Q:40528009;A.G. Wijersweg;Wekerom;0,1;0,0;0,0;0,0;0,0;0,0
IJV;NL:Q:40528010;A.G. Wijersweg;Wekerom;0,0;0,4;0,0;0,0;0,0;0,0
IJV;NL:Q:40528026;Westenengerdijk;Harskamp;0,6;0,0;0,0;0,0;0,0;0,0
IJV;NL:Q:40541002;Harderwijkerweg;Loenen;0,2;0,0;0,0;0,0;0,0;0,0
IJV;NL:Q:40542001;Hallsebrug;Hall;0,3;0,0;0,1;0,0;0,0;0,0
IJV;NL:Q:40542002;Hallsebrug;Hall;0,1;0,1;0,0;0,1;0,0;0,0
IJV;NL:Q:40543003;Coldenhovenseweg;Eerbeek;0,1;0,1;0,0;0,0;0,0;0,0
IJV;NL:Q:40543004;Coldenhovenseweg;Eerbeek;0,2;0,1;0,0;0,0;0,0;0,0
IJV;NL:Q:40543005;Loubergweg;Eerbeek;0,1;0,4;0,0;0,0;0,0;0,0
IJV;NL:Q:40543006;Loubergweg;Eerbeek;0,6;0,0;0,0;0,0;0,0;0,0
IJV;NL:Q:40543007;Centrum;Eerbeek;6,5;1,3;0,8;0,0;0,0;0,0
IJV;NL:Q:40543008;Centrum;Eerbeek;1,0;5,0;0,0;0,0;0,0;0,0
IJV;NL:Q:40543009;Offenbachstraat;Eerbeek;10,8;1,6;1,6;0,4;0,0;0,0
IJV;NL:Q:40543010;Offenbachstraat;Eerbeek;1,6;10,0;0,3;1,8;0,0;0,0
IJV;NL:Q:40543011;Ringlaan;Eerbeek;0,2;4,0;0,0;0,0;0,0;0,0
IJV;NL:Q:40543012;Ringlaan;Eerbeek;5,2;0,1;0,0;0,0;0,0;0,0
IJV;NL:Q:40543013;Vondellaan;Eerbeek;0,2;0,6;0,0;0,0;0,0;0,0
IJV;NL:Q:40543014;Vondellaan;Eerbeek;0,4;0,0;0,0;0,0;0,0;0,0
IJV;NL:Q:40543015;'t Hungeling;Eerbeek;0,1;0,0;0,1;0,0;0,0;0,0
IJV;NL:Q:40543016;'t Hungeling;Eerbeek;0,0;0,8;0,1;0,3;0,0;0,0
IJV;NL:Q:40543021;De Beekwal;Eerbeek;0,1;1,0;0,0;0,6;0,0;0,0
IJV;NL:Q:40543024;Rozenstraat;Eerbeek;0,0;0,0;0,0;0,0;0,0;0,0
IJV;NL:Q:40543025;Rozenstraat;Eerbeek;0,0;0,0;0,0;0,0;0,0;0,0
IJV;NL:Q:40543027;Loenenseweg;Eerbeek;0,4;0,1;0,0;0,0;0,0;0,0
IJV;NL:Q:40543028;Bijenkorf;Eerbeek;0,0;1,6;0,0;0,0;0,0;0,0
IJV;NL:Q:40543029;Bijenkorf;Eerbeek;2,1;0,0;0,0;0,0;0,0;0,0
IJV;NL:Q:40543030;Blekerserf;Eerbeek;0,0;0,2;0,0;0,0;0,0;0,0
IJV;NL:Q:40543031;Blekerserf;Eerbeek;0,1;0,0;0,0;0,0;0,0;0,0
IJV;NL:Q:40543032;Ydinkerf;Eerbeek;0,0;0,2;0,0;0,0;0,0;0,0
IJV;NL:Q:40543033;Ydinkerf;Eerbeek;0,3;0,0;0,0;0,0;0,0;0,0
IJV;NL:Q:40543034;Odinkerf;Eerbeek;0,0;1,5;0,0;0,0;0,0;0,0
IJV;NL:Q:40543035;Odinkerf;Eerbeek;1,0;0,1;0,0;0,0;0,0;0,0
IJV;NL:Q:40543036;Loenenseweg;Eerbeek;0,0;0,4;0,0;0,0;0,0;0,0
IJV;NL:Q:40543038;Molenaarserf;Eerbeek;0,0;0,0;0,0;0,0;0,0;0,0
IJV;NL:Q:40543039;Molenaarserf;Eerbeek;0,0;0,0;0,0;0,0;0,0;0,0
IJV;NL:Q:40543040;Doornbosch Hofstede;Eerbeek;0,0;0,0;0,0;0,0;0,0;0,0
IJV;NL:Q:40543041;Doornbosch Hofstede;Eerbeek;0,0;0,0;0,0;0,0;0,0;0,0
IJV;NL:Q:40543051;Landal Coldenhove;Eerbeek;2,9;2,8;0,0;0,0;0,0;0,0
IJV;NL:Q:40543061;Zwembad;Eerbeek;0,7;0,3;0,0;0,0;0,0;0,0
IJV;NL:Q:40543062;Zwembad;Eerbeek;0,0;0,2;0,0;0,0;0,0;0,0
IJV;NL:Q:40543077;Kloosterstraat;Eerbeek;0,1;0,1;0,0;0,0;0,0;0,0
IJV;NL:Q:40543081;Boerhaavelaan;Eerbeek;2,5;1,0;1,2;0,7;0,0;0,0
IJV;NL:Q:40548001;Kollergang;Eerbeek;1,4;1,2;0,0;0,0;0,0;0,0
IJV;NL:Q:40548002;Kollergang;Eerbeek;1,9;1,5;0,0;0,0;0,0;0,0
IJV;NL:Q:40548076;Dierenseweg;Eerbeek;0,1;0,3;0,0;0,0;0,0;0,0
IJV;NL:Q:40550001;Van Haeftenkazerne;Apeldoorn;8,0;16,3;3,4;13,4;2,3;9,7
IJV;NL:Q:40550002;Van Haeftenkazerne;Apeldoorn;12,5;6,9;7,7;3,4;5,7;2,2
IJV;NL:Q:40550200;Waltersingel;Apeldoorn;29,3;0,5;7,8;0,3;6,6;0,3
IJV;NL:Q:40551001;Station;Apeldoorn;42,9;34,2;14,6;14,1;0,0;0,0
IJV;NL:Q:40551002;Station;Apeldoorn;0,0;0,0;0,0;0,0;0,0;0,0
IJV;NL:Q:40551003;Marktplein;Apeldoorn;286,7;49,9;187,0;33,7;56,4;6,4
IJV;NL:Q:40551004;Marktplein;Apeldoorn;71,4;232,0;28,9;176,3;7,4;52,1
IJV;NL:Q:40551005;Oranjepark;Apeldoorn;23,0;17,4;7,2;5,4;3,5;3,6
IJV;NL:Q:40551006;Oranjepark;Apeldoorn;8,6;25,7;3,8;14,6;2,3;6,2
IJV;NL:Q:40551019;Hoofdstraat;Apeldoorn;80,3;13,8;39,6;8,7;10,3;2,3
IJV;NL:Q:40551020;Hoofdstraat;Apeldoorn;23,1;39,7;15,9;19,9;3,9;8,1
IJV;NL:Q:40551021;Amaliapark;Apeldoorn;6,4;1,1;5,2;0,8;1,3;0,4
IJV;NL:Q:40551022;Amaliapark;Apeldoorn;1,0;4,9;1,7;2,8;0,2;0,8
IJV;NL:Q:40551023;Zichtweg;Apeldoorn;0,9;0,5;0,0;0,0;0,0;0,0
IJV;NL:Q:40551024;Zichtweg;Apeldoorn;0,4;0,2;0,0;0,0;0,0;0,0
IJV;NL:Q:40551025;Eendrachtstraat;Apeldoorn;0,7;1,2;0,0;0,0;0,0;0,0
IJV;NL:Q:40551026;Eendrachtstraat;Apeldoorn;0,5;0,3;0,0;0,0;0,0;0,0
IJV;NL:Q:40551027;Aluminiumweg;Apeldoorn;0,8;1,6;0,0;0,0;0,0;0,0
IJV;NL:Q:40551028;Aluminiumweg;Apeldoorn;0,8;0,1;0,0;0,0;0,0;0,0
IJV;NL:Q:40551029;Sebastiaanplein;Apeldoorn;0,8;2,6;0,0;0,0;0,0;0,0
IJV;NL:Q:40551030;Sebastiaanplein;Apeldoorn;1,0;0,1;0,0;0,0;0,0;0,0
IJV;NL:Q:40551031;Chopinlaan;Apeldoorn;1,2;2,8;0,0;0,0;0,0;0,0
IJV;NL:Q:40551032;Chopinlaan;Apeldoorn;1,2;0,4;0,0;0,0;0,0;0,0
IJV;NL:Q:40551033;Laan van Westenenk;Apeldoorn;6,0;20,4;0,0;0,0;0,0;0,0
IJV;NL:Q:40551036;Koningin Julianatoren;Apeldoorn;3,6;1,8;8,2;1,1;4,5;0,3
IJV;NL:Q:40551037;Paleis Het Loo;Apeldoorn;6,2;5,8;4,6;11,6;1,6;4,7
IJV;NL:Q:40551038;Paleis Het Loo;Apeldoorn;6,8;5,6;14,4;4,2;4,9;1,7
IJV;NL:Q:40551039;Bosweg;Apeldoorn;2,9;13,1;1,4;8,6;0,8;5,9
IJV;NL:Q:40551040;Bosweg;Apeldoorn;11,6;2,7;5,9;1,9;4,3;1,3
IJV;NL:Q:40551045;Grote Kerk;Apeldoorn;13,7;29,1;12,0;17,9;6,6;12,4
IJV;NL:Q:40551046;Grote Kerk;Apeldoorn;25,0;8,8;11,0;8,7;8,6;4,7
IJV;NL:Q:40551047;Gedenknaald;Apeldoorn;11,7;25,2;7,4;35,9;4,1;22,7
IJV;NL:Q:40551048;Gedenknaald;Apeldoorn;27,5;11,3;36,8;7,8;22,9;4,4
IJV;NL:Q:40551049;Station;Apeldoorn;226,0;177,6;61,9;49,2;24,3;21,7
IJV;NL:Q:40551051;Oosterlaan;Apeldoorn;3,2;6,4;0,8;0,1;0,2;0,1
IJV;NL:Q:40551052;Oosterlaan;Apeldoorn;6,1;2,4;0,6;0,9;0,2;0,3
IJV;NL:Q:40551053;Pinksterbloem;Apeldoorn;21,2;16,1;1,3;5,3;0,4;2,6
IJV;NL:Q:40551054;Pinksterbloem;Apeldoorn;19,2;16,4;4,3;0,2;2,4;0,2
IJV;NL:Q:40551057;Fauststraat;Apeldoorn;16,3;26,1;0,0;0,0;0,0;0,0
IJV;NL:Q:40551058;Fauststraat;Apeldoorn;29,2;17,4;0,0;0,0;0,0;0,0
IJV;NL:Q:40551060;Laan van de Dierenriem;Apeldoorn;22,9;22,1;0,0;0,0;0,0;0,0
IJV;NL:Q:40551061;Laan van de Leeuw;Apeldoorn;12,6;26,6;0,0;0,0;0,0;0,0
IJV;NL:Q:40551062;Laan van de Leeuw;Apeldoorn;24,0;10,9;0,0;0,0;0,0;0,0
IJV;NL:Q:40551063;Brug Deventerstraat;Apeldoorn;2,5;3,7;1,2;1,1;0,6;0,5
IJV;NL:Q:40551064;Brug Deventerstraat;Apeldoorn;3,9;3,6;2,8;2,6;0,7;1,8
IJV;NL:Q:40551065;Julianakerk;Apeldoorn;2,5;1,2;1,5;0,4;0,3;0,2
IJV;NL:Q:40551066;Julianakerk;Apeldoorn;1,7;3,7;0,9;2,1;0,5;1,1
IJV;NL:Q:40551072;GGNet;Apeldoorn;1,8;15,5;0,3;1,6;0,1;0,9
IJV;NL:Q:40551079;Gijsbrechtgaarde;Apeldoorn;3,9;0,3;3,7;0,3;3,0;0,1
IJV;NL:Q:40551080;Gijsbrechtgaarde;Apeldoorn;3,9;10,5;2,6;6,3;0,6;3,4
IJV;NL:Q:40551081;Welgelegenbrug;Apeldoorn;33,3;14,6;4,6;3,7;3,1;2,2
IJV;NL:Q:40551082;Welgelegenbrug;Apeldoorn;38,3;7,6;13,7;2,0;9,7;1,1
IJV;NL:Q:40551087;Apenheul;Apeldoorn;28,7;24,2;27,2;27,8;20,2;21,3
IJV;NL:Q:40551089;J. Fruytierschool;Apeldoorn;83,8;16,0;11,1;3,3;3,2;0,8
IJV;NL:Q:40551090;J. Fruytierschool;Apeldoorn;21,5;31,4;0,0;0,0;0,0;0,0
IJV;NL:Q:40551091;Wagenmakershoek;Apeldoorn;5,1;1,8;3,2;1,0;2,0;0,6
IJV;NL:Q:40551092;Wagenmakershoek;Apeldoorn;4,8;8,3;2,0;4,1;0,9;2,5
IJV;NL:Q:40551093;Glazeniershorst;Apeldoorn;13,1;2,3;17,0;1,6;10,3;0,4
IJV;NL:Q:40551094;Glazeniershorst;Apeldoorn;10,0;23,1;8,6;19,9;3,2;10,6
IJV;NL:Q:40551095;Laan van Erica;Apeldoorn;3,7;0,5;6,4;0,7;3,9;0,3
IJV;NL:Q:40551109;Balustrade;Apeldoorn;7,0;4,2;4,3;3,5;1,3;1,4
IJV;NL:Q:40551110;Hoofdstraat;Apeldoorn;9,6;3,9;1,1;0,3;0,0;0,0
IJV;NL:Q:40551111;Houttuinen-Noord;Apeldoorn;4,5;4,4;3,0;3,2;1,3;0,9
IJV;NL:Q:40551113;Belastingkantoor;Apeldoorn;32,3;45,1;1,3;12,9;1,2;5,9
IJV;NL:Q:40551115;Station;Apeldoorn;492,6;206,3;232,2;81,5;133,9;45,9
IJV;NL:Q:40551122;Station;Apeldoorn;435,3;207,2;180,8;53,3;96,3;27,5
IJV;NL:Q:40551123;Station;Apeldoorn;119,8;79,4;0,4;0,8;0,3;0,3
IJV;NL:Q:40551124;Bibliotheek;Apeldoorn;7,3;6,1;3,1;4,8;1,9;2,2
IJV;NL:Q:40551125;Bibliotheek;Apeldoorn;6,5;12,1;3,1;4,7;1,9;3,8
IJV;NL:Q:40551130;Station;Apeldoorn;200,8;110,6;0,0;0,0;0,0;0,0
IJV;NL:Q:40551133;Blekersweg;Apeldoorn;0,2;2,2;0,1;1,1;0,0;0,3
IJV;NL:Q:40551134;Blekersweg;Apeldoorn;2,9;0,1;1,6;0,0;0,6;0,0
IJV;NL:Q:40551135;Dianalaan;Apeldoorn;0,6;0,1;0,6;0,1;0,1;0,0
IJV;NL:Q:40551136;Dianalaan;Apeldoorn;0,2;0,7;0,2;0,7;0,0;0,0
IJV;NL:Q:40551137;Eburonenstraat;Apeldoorn;0,1;9,3;0,2;8,1;0,1;2,5
IJV;NL:Q:40551139;De Tol;Apeldoorn;17,0;2,3;8,1;0,6;4,0;0,2
IJV;NL:Q:40551140;De Tol;Apeldoorn;3,9;15,6;2,2;9,5;0,9;5,2
IJV;NL:Q:40551141;Georg Hegelstraat;Apeldoorn;25,7;1,1;18,3;0,3;10,3;0,1
IJV;NL:Q:40551142;Georg Hegelstraat;Apeldoorn;8,1;24,0;5,1;18,1;1,3;9,6
IJV;NL:Q:40551146;Burg. des Tombeplein;Apeldoorn;5,1;1,2;3,8;0,8;3,1;0,3
IJV;NL:Q:40551147;Burg. des Tombeplein;Apeldoorn;2,9;8,5;1,0;5,0;0,8;3,8
IJV;NL:Q:40551150;Belastingkantoor;Apeldoorn;65,3;0,4;12,5;0,2;5,8;0,2
IJV;NL:Q:40551154;Leienplein;Apeldoorn;4,5;8,2;3,1;9,2;1,6;2,8
IJV;NL:Q:40551155;Leienplein;Apeldoorn;6,5;5,6;6,7;3,1;1,8;1,7
IJV;NL:Q:40551156;Oranjerie;Apeldoorn;1,8;3,3;1,2;1,4;0,6;0,9
IJV;NL:Q:40551157;Oranjerie;Apeldoorn;2,5;2,8;1,4;1,3;0,7;1,4
IJV;NL:Q:40551158;Politiebureau;Apeldoorn;5,4;1,1;3,3;0,7;1,9;0,4
IJV;NL:Q:40551159;Politiebureau;Apeldoorn;3,3;8,2;1,7;4,5;1,0;2,7
IJV;NL:Q:40551166;Schuttersweg;Apeldoorn;12,4;0,3;6,1;0,4;3,1;0,2
IJV;NL:Q:40551167;Schuttersweg;Apeldoorn;3,9;12,3;1,0;7,1;1,0;3,8
IJV;NL:Q:40551174;Vlietweg;Apeldoorn;10,7;0,4;5,1;0,1;2,7;0,0
IJV;NL:Q:40551177;Imkersdreef;Apeldoorn;13,2;1,2;3,2;0,3;2,0;0,1
IJV;NL:Q:40551178;Imkersdreef;Apeldoorn;12,1;15,1;1,2;3,1;0,8;2,4
IJV;NL:Q:40551179;Hoenderparkweg;Apeldoorn;4,4;13,1;1,5;10,2;1,5;6,3
IJV;NL:Q:40551180;Hoenderparkweg;Apeldoorn;9,9;0,9;7,5;0,1;5,1;0,1
IJV;NL:Q:40551185;Het Schip;Apeldoorn;2,0;1,8;1,5;1,7;0,4;0,4
IJV;NL:Q:40551187;Het Firmament;Apeldoorn;4,7;1,8;1,5;1,1;0,7;0,7
IJV;NL:Q:40551189;Linie;Apeldoorn;10,1;1,0;6,1;0,5;2,4;0,3
IJV;NL:Q:40551190;Linie;Apeldoorn;1,2;9,7;2,0;8,1;0,1;1,8
IJV;NL:Q:40551191;Dennenkamp;Apeldoorn;20,4;1,0;4,5;0,3;1,3;0,1
IJV;NL:Q:40551192;Dennenkamp;Apeldoorn;3,1;14,2;1,7;4,7;0,1;2,0
IJV;NL:Q:40551195;Zonnewende;Apeldoorn;2,8;2,4;1,1;1,5;0,6;0,6
IJV;NL:Q:40551197;Top Naeffstraat;Apeldoorn;9,5;0,5;3,0;0,2;1,1;0,1
IJV;NL:Q:40551198;Top Naeffstraat;Apeldoorn;1,1;8,4;0,7;4,3;0,2;1,9
IJV;NL:Q:40551200;Ritbroekstraat;Apeldoorn;1,4;0,5;0,5;0,3;0,2;0,1
IJV;NL:Q:40551201;Ritbroekstraat;Apeldoorn;0,3;2,0;0,4;0,7;0,1;0,3
IJV;NL:Q:40551213;Mandala/Kazerne;Apeldoorn;1,3;2,1;0,6;1,3;0,5;3,8
IJV;NL:Q:40551238;Wkc De Mheen;Apeldoorn;4,0;16,9;3,7;13,6;0,9;6,1
IJV;NL:Q:40551239;Wkc De Mheen;Apeldoorn;14,9;0,9;13,4;0,8;5,7;0,1
IJV;NL:Q:40551240;Kruizemuntstraat;Apeldoorn;1,8;5,6;1,2;4,7;0,4;3,0
IJV;NL:Q:40551241;Kruizemuntstraat;Apeldoorn;5,4;0,4;3,6;0,3;2,0;0,1
IJV;NL:Q:40551246;Condorweg;Apeldoorn;0,8;1,3;0,3;0,9;0,2;0,3
IJV;NL:Q:40551247;Condorweg;Apeldoorn;0,7;1,8;0,4;0,2;0,2;0,2
IJV;NL:Q:40551253;Kooikersdreef;Apeldoorn;6,3;0,4;7,6;0,0;3,5;0,0
IJV;NL:Q:40551267;Salomonszegel;Apeldoorn;11,5;18,2;5,2;18,7;1,2;7,7
IJV;NL:Q:40551268;Salomonszegel;Apeldoorn;24,1;0,7;22,8;0,4;10,6;0,1
IJV;NL:Q:40551270;Schaperstraat;Apeldoorn;2,1;3,5;0,6;1,8;0,5;1,4
IJV;NL:Q:40551280;Schaperstraat;Apeldoorn;3,7;1,8;1,6;0,3;1,0;0,3
IJV;NL:Q:40551281;Vonderlaan;Apeldoorn;0,7;1,0;0,4;0,5;0,0;0,0
IJV;NL:Q:40551284;Zevenhuizenseweg;Apeldoorn;0,9;2,1;0,9;4,2;0,1;1,0
IJV;NL:Q:40551285;Zevenhuizenseweg;Apeldoorn;2,3;0,4;3,0;0,4;0,8;0,1
IJV;NL:Q:40551286;Zonnedauw;Apeldoorn;2,1;3,3;0,9;3,7;0,4;1,4
IJV;NL:Q:40551287;Zonnedauw;Apeldoorn;3,0;1,7;3,3;0,7;1,5;0,5
IJV;NL:Q:40551288;Wilhelminapark;Apeldoorn;0,3;1,8;0,1;1,1;0,0;0,2
IJV;NL:Q:40551290;Zwitsal;Apeldoorn;7,7;0,4;0,0;0,0;0,0;0,0
IJV;NL:Q:40551291;Zwitsal;Apeldoorn;5,8;7,4;0,0;0,0;0,0;0,0
IJV;NL:Q:40551293;Waltersingel;Apeldoorn;12,1;28,0;1,4;9,8;1,5;6,2
IJV;NL:Q:40551298;Ruimzichtlaan;Apeldoorn;2,0;0,4;1,1;0,3;0,0;0,0
IJV;NL:Q:40551299;Ruimzichtlaan;Apeldoorn;0,3;1,2;0,1;0,5;0,0;0,0
IJV;NL:Q:40551302;Prinsenweide;Apeldoorn;0,0;0,0;0,0;0,0;0,0;0,0
IJV;NL:Q:40551303;Prinsenweide;Apeldoorn;0,0;0,0;0,0;0,0;0,0;0,0
IJV;NL:Q:40551309;Lage Brink;Apeldoorn;0,0;0,0;0,0;0,0;0,0;0,0
IJV;NL:Q:40551311;Lage Kamp;Apeldoorn;0,0;0,0;0,0;0,0;0,0;0,0
IJV;NL:Q:40551312;Lage Kamp;Apeldoorn;0,0;0,0;0,0;0,0;0,0;0,0
IJV;NL:Q:40551315;Kathage;Apeldoorn;0,0;0,0;0,0;0,0;0,0;0,0
IJV;NL:Q:40551317;Johan Steenbergenstraat;Apeldoorn;0,5;1,2;0,0;0,0;0,0;0,0
IJV;NL:Q:40551318;Johan Steenbergenstraat;Apeldoorn;0,7;0,1;0,0;0,0;0,0;0,0
IJV;NL:Q:40551320;Jachtlaan;Apeldoorn;6,3;6,2;2,7;2,3;2,0;1,6
IJV;NL:Q:40551321;Hogekampweg;Apeldoorn;0,0;0,0;0,0;0,0;0,0;0,0
IJV;NL:Q:40551322;Hogekampweg;Apeldoorn;0,0;0,0;0,0;0,0;0,0;0,0
IJV;NL:Q:40551323;Hezeweg;Apeldoorn;0,4;2,3;0,1;1,2;0,0;0,0
IJV;NL:Q:40551324;Hezeweg;Apeldoorn;2,3;0,3;1,5;0,0;0,0;0,0
IJV;NL:Q:40551327;Staalweg;Apeldoorn;0,1;0,6;0,0;0,2;0,0;0,0
IJV;NL:Q:40551328;Staalweg;Apeldoorn;0,3;0,1;0,3;0,0;0,0;0,0
IJV;NL:Q:40551330;Erasmusstraat;Apeldoorn;82,8;5,1;0,0;0,0;0,0;0,0
IJV;NL:Q:40551331;Erasmusstraat;Apeldoorn;81,6;25,2;0,0;0,0;0,0;0,0
IJV;NL:Q:40551336;Einsteinlaan;Apeldoorn;2,8;0,1;0,0;0,0;0,0;0,0
IJV;NL:Q:40551337;Einsteinlaan;Apeldoorn;1,4;3,5;0,0;0,0;0,0;0,0
IJV;NL:Q:40551340;Curiestraat;Apeldoorn;7,6;0,5;0,0;0,0;0,0;0,0
IJV;NL:Q:40551341;Curiestraat;Apeldoorn;2,6;5,6;0,0;0,2;0,0;0,1
IJV;NL:Q:40551362;Auroralaan;Apeldoorn;0,3;2,5;0,4;4,3;0,0;0,9
IJV;NL:Q:40551373;Station;Apeldoorn;352,5;194,2;188,1;120,9;127,5;93,9
IJV;NL:Q:40551388;Ordenplein;Apeldoorn;0,7;28,1;0,3;18,8;0,3;4,7
IJV;NL:Q:40551390;Mandala/Kazerne;Apeldoorn;1,2;0,2;0,6;0,1;0,6;0,1
IJV;NL:Q:40551422;Tangostraat;Apeldoorn;6,9;25,1;3,8;16,9;1,3;12,5
IJV;NL:Q:40551423;Tangostraat;Apeldoorn;19,4;0,4;12,9;0,6;9,3;0,0
IJV;NL:Q:40551424;Citroenvlinder;Apeldoorn;11,5;33,0;3,5;18,9;1,0;7,8
IJV;NL:Q:40551425;Citroenvlinder;Apeldoorn;37,1;0,2;19,2;0,1;8,5;0,0
IJV;NL:Q:40551428;Zuidbroek;Apeldoorn;6,5;6,6;2,3;2,2;2,1;1,7
IJV;NL:Q:40551445;Omnisport;Apeldoorn;0,7;0,3;0,0;0,0;0,0;0,0
IJV;NL:Q:40551446;Omnisport;Apeldoorn;0,0;0,6;0,0;0,0;0,0;0,0
IJV;NL:Q:40551451;Prinses Beatrixlaan;Apeldoorn;0,8;3,6;0,2;2,0;0,1;0,8
IJV;NL:Q:40551452;Prinses Beatrixlaan;Apeldoorn;3,8;0,5;2,1;0,1;0,6;0,1
IJV;NL:Q:40551456;Lekstraat;Apeldoorn;12,1;8,5;0,0;0,0;0,0;0,0
IJV;NL:Q:40551469;Bartelsweg;Apeldoorn;4,8;15,0;1,0;4,7;1,0;2,4
IJV;NL:Q:40551470;Bartelsweg;Apeldoorn;11,7;1,1;3,2;0,7;2,2;0,4
IJV;NL:Q:40551473;Aidastraat;Apeldoorn;35,7;36,8;0,0;0,0;0,0;0,0
IJV;NL:Q:40551474;Aidastraat;Apeldoorn;43,0;33,9;0,0;0,0;0,0;0,0
IJV;NL:Q:40551476;De Veenkamp;Apeldoorn;10,6;0,9;10,7;2,0;3,1;0,4
IJV;NL:Q:40551477;Bas Backerlaan;Apeldoorn;2,7;0,7;1,6;0,3;0,6;0,1
IJV;NL:Q:40551485;Bas Backerlaan;Apeldoorn;0,4;1,0;0,0;0,8;0,0;0,0
IJV;NL:Q:40551486;De Veenkamp;Apeldoorn;0,3;2,2;0,2;1,4;0,0;0,0
IJV;NL:Q:40551490;De Groene Hoven;Apeldoorn;14,7;0,4;12,2;2,4;3,3;0,5
IJV;NL:Q:40551500;De Groene Hoven;Apeldoorn;5,0;8,8;0,8;8,6;0,1;2,2
IJV;NL:Q:40551513;Oesterzwam;Apeldoorn;7,9;21,1;2,3;10,3;0,7;5,3
IJV;NL:Q:40551514;Oesterzwam;Apeldoorn;23,8;0,2;11,0;0,1;5,1;0,2
IJV;NL:Q:40551515;Saba;Apeldoorn;9,4;8,0;0,0;0,0;0,0;0,0
IJV;NL:Q:40551994;Arendsburght;Apeldoorn;1,2;1,8;3,7;3,3;0,0;0,0
IJV;NL:Q:40552240;Fugastraat;Apeldoorn;5,9;0,2;4,9;0,1;2,8;0,1
IJV;NL:Q:40552250;Fugastraat;Apeldoorn;2,0;6,3;1,8;4,8;0,4;2,9
IJV;NL:Q:40559001;Lange Amerikaweg;Apeldoorn;1,1;0,1;0,0;0,0;0,0;0,0
IJV;NL:Q:40559002;Lange Amerikaweg;Apeldoorn;0,7;2,7;0,0;0,0;0,0;0,0
IJV;NL:Q:40559003;Wkc Musketiersveld;Apeldoorn;1,2;0,0;0,0;0,0;0,0;0,0
IJV;NL:Q:40559004;Wkc Musketiersveld;Apeldoorn;0,6;3,3;0,0;0,0;0,0;0,0
IJV;NL:Q:40559010;Willem III Kazerne;Apeldoorn;15,7;9,4;5,2;2,0;1,7;2,7
IJV;NL:Q:40559920;Sportlaan;Apeldoorn;0,2;4,4;0,1;5,5;0,1;1,5
IJV;NL:Q:40563003;Heetweg;Stroe;0,1;0,5;0,0;0,0;0,0;0,0
IJV;NL:Q:40563005;Topperweg;Stroe;0,0;0,0;0,0;0,0;0,0;0,0
IJV;NL:Q:40563006;Topperweg;Stroe;0,1;0,0;0,0;0,0;0,0;0,0
IJV;NL:Q:40563007;Kootwijkerdijk;Stroe;0,0;0,0;0,0;0,0;0,0;0,0
IJV;NL:Q:40563008;Kootwijkerdijk;Stroe;0,0;0,0;0,0;0,0;0,0;0,0
IJV;NL:Q:40563009;Ravenweg;Stroe;0,1;0,5;0,0;0,0;0,0;0,0
IJV;NL:Q:40563010;Ravenweg;Stroe;0,4;1,1;0,0;0,0;0,0;0,0
IJV;NL:Q:40563011;Centrum;Stroe;1,9;1,9;0,0;0,0;0,0;0,0
IJV;NL:Q:40563012;Centrum;Stroe;2,1;2,8;0,0;0,0;0,0;0,0
IJV;NL:Q:40563013;Wolweg/Viaduct;Stroe;0,0;0,0;0,0;0,0;0,0;0,0
IJV;NL:Q:40563014;Wolweg/Viaduct;Stroe;0,0;0,0;0,0;0,0;0,0;0,0
IJV;NL:Q:40563015;Majoor Mulder Kazerne;Stroe;0,2;0,0;0,0;0,0;0,0;0,0
IJV;NL:Q:40563016;Majoor Mulder Kazerne;Stroe;0,1;0,3;0,0;0,0;0,0;0,0
IJV;NL:Q:40563017;Ravenweg;Stroe;0,8;0,6;0,0;0,0;0,0;0,0
IJV;NL:Q:40563018;Ravenweg;Stroe;0,0;0,0;0,0;0,0;0,0;0,0
IJV;NL:Q:40569008;Militair tehuis;Wittenberg;0,1;0,3;0,0;0,0;0,0;0,0
IJV;NL:Q:40612010;Dennenlaan;Ede;0,1;0,0;0,0;0,0;0,0;0,0
IJV;NL:Q:40612020;Dennenlaan;Ede;0,0;0,0;0,0;0,0;0,0;0,0
IJV;NL:Q:40612030;Ericalaan;Ede;0,2;0,0;0,0;0,0;0,0;0,0
IJV;NL:Q:40612040;Ericalaan;Ede;0,0;0,2;0,0;0,0;0,0;0,0
IJV;NL:Q:40612043;Tolhuislaan;Ede;0,0;0,0;0,0;0,0;0,0;0,0
IJV;NL:Q:40612044;Tolhuislaan;Ede;0,1;0,0;0,0;0,0;0,0;0,0
IJV;NL:Q:40612045;Ericalaan;Ede;0,0;0,0;0,0;0,0;0,0;0,0
IJV;NL:Q:40612046;Ericalaan;Ede;0,0;0,0;0,0;0,0;0,0;0,0
IJV;NL:Q:40612085;Centrum/Raadhuis;Ede;0,1;9,3;0,0;0,0;0,0;0,0
IJV;NL:Q:40612086;Centrum/Raadhuis;Ede;8,4;0,1;0,0;0,0;0,0;0,0
IJV;NL:Q:40612087;Doelenstraat;Ede;0,0;0,0;0,0;0,0;0,0;0,0
IJV;NL:Q:40612088;Doelenstraat;Ede;0,0;0,0;0,0;0,0;0,0;0,0
IJV;NL:Q:40612089;Politiebureau;Ede;0,0;0,0;0,0;0,0;0,0;0,0
IJV;NL:Q:40612090;Politiebureau;Ede;0,0;0,0;0,0;0,0;0,0;0,0
IJV;NL:Q:40612118;De Bosrand;Ede;0,3;0,0;0,0;0,0;0,0;0,0
IJV;NL:Q:40612151;Station Ede-Wageningen;Ede;0,0;0,0;0,0;0,0;0,0;0,0
IJV;NL:Q:40622117;De Bosrand;Ede;0,0;0,2;0,0;0,0;0,0;0,0
IJV;NL:Q:40622119;Driesprong;Ede;0,0;1,1;0,0;0,0;0,0;0,0
IJV;NL:Q:40622120;Driesprong;Ede;0,6;0,0;0,0;0,0;0,0;0,0
IJV;NL:Q:40622121;Hoge Valksedijk;Ede;0,0;0,0;0,0;0,0;0,0;0,0
IJV;NL:Q:40622122;Hoge Valksedijk;Ede;0,0;0,0;0,0;0,0;0,0;0,0
IJV;NL:Q:40622123;De Valouwe;Ede;0,0;0,0;0,0;0,0;0,0;0,0
IJV;NL:Q:40622124;De Valouwe;Ede;0,0;0,0;0,0;0,0;0,0;0,0
IJV;NL:Q:40622126;Wekeromse Zand;Ede;0,0;0,0;0,0;0,0;0,0;0,0
IJV;NL:Q:40631001;School met de Bijbel;De Valk;0,3;0,0;0,0;0,0;0,0;0,0
IJV;NL:Q:40631002;School met de Bijbel;De Valk;0,0;1,2;0,0;0,0;0,0;0,0
IJV;NL:Q:40631003;Geref. Gemeente;De Valk;0,1;0,0;0,0;0,0;0,0;0,0
IJV;NL:Q:40631004;Geref. Gemeente;De Valk;0,0;0,8;0,0;0,0;0,0;0,0
IJV;NL:Q:40631005;Lage Valkseweg;De Valk;0,0;0,0;0,0;0,0;0,0;0,0
IJV;NL:Q:40631009;Cooperatie;De Valk;0,0;0,0;0,0;0,0;0,0;0,0
IJV;NL:Q:40631010;Cooperatie;De Valk;0,0;0,0;0,0;0,0;0,0;0,0
IJV;NL:Q:40643008;Hoeve Oud Milligen;Nieuw Milligen;1,9;3,6;0,7;1,7;0,9;2,4
IJV;NL:Q:40649001;Busstation;Wittenberg;15,4;8,1;0,0;0,0;0,0;0,0
IJV;NL:Q:40649002;Busstation;Wittenberg;10,2;24,2;2,9;7,5;2,0;4,2
IJV;NL:Q:40649005;Busstation;Wittenberg;26,7;8,5;9,6;4,1;4,0;5,8
IJV;NL:Q:40649006;Busstation;Wittenberg;0,0;0,0;0,0;0,0;0,0;0,0
IJV;NL:Q:40649009;Militair tehuis;Wittenberg;0,3;0,7;0,0;0,0;0,0;0,0
IJV;NL:Q:40649011;Tolnegenweg;Wittenberg;0,7;2,0;0,7;0,7;0,6;0,4
IJV;NL:Q:40650001;Wieselseweg;Wenum;2,8;7,9;0,5;4,0;0,6;2,2
IJV;NL:Q:40650002;Wieselseweg;Wenum;8,5;1,7;2,6;0,9;2,7;0,6
IJV;NL:Q:40650003;Papegaaiweg;Wenum;1,8;8,6;1,1;5,8;0,7;2,4
IJV;NL:Q:40650004;Papegaaiweg;Wenum;9,8;1,5;3,6;1,2;2,5;0,6
IJV;NL:Q:40650006;De Haere;Wenum;2,6;1,6;0,7;0,4;0,4;0,1
IJV;NL:Q:40651059;Laan van de Dierenriem;Apeldoorn;19,3;21,5;0,0;0,0;0,0;0,0
IJV;NL:Q:40664001;Oosterbrinkweg;Kootwijkerbroek;0,1;0,1;0,0;0,0;0,0;0,0
IJV;NL:Q:40664002;Oosterbrinkweg;Kootwijkerbroek;0,1;0,2;0,0;0,0;0,0;0,0
IJV;NL:Q:40664003;Garderbroekerweg;Kootwijkerbroek;2,3;0,9;0,0;0,0;0,0;0,0
IJV;NL:Q:40664004;Garderbroekerweg;Kootwijkerbroek;0,6;2,8;0,0;0,0;0,0;0,0
IJV;NL:Q:40664007;Kosterijweg;Kootwijkerbroek;4,5;3,2;0,0;0,0;0,0;0,0
IJV;NL:Q:40664008;Kosterijweg;Kootwijkerbroek;2,2;3,7;0,0;0,0;0,0;0,0
IJV;NL:Q:40664009;Essenerweg;Kootwijkerbroek;2,9;2,6;0,0;0,0;0,0;0,0
IJV;NL:Q:40664010;Essenerweg;Kootwijkerbroek;2,5;4,4;0,0;0,0;0,0;0,0
IJV;NL:Q:40664011;Nachtegaalweg;Kootwijkerbroek;0,4;2,2;0,0;0,0;0,0;0,0
IJV;NL:Q:40664012;Nachtegaalweg;Kootwijkerbroek;1,0;0,3;0,0;0,0;0,0;0,0
IJV;NL:Q:40664013;Wencopperweg;Kootwijkerbroek;0,5;1,4;0,0;0,0;0,0;0,0
IJV;NL:Q:40664014;Wencopperweg;Kootwijkerbroek;0,6;0,7;0,0;0,0;0,0;0,0
IJV;NL:Q:40664015;Gereformeerde Kerk;Kootwijkerbroek;0,7;0,5;0,0;0,0;0,0;0,0
IJV;NL:Q:40664016;Gereformeerde Kerk;Kootwijkerbroek;0,4;0,7;0,0;0,0;0,0;0,0
IJV;NL:Q:40665002;Esvelderweg;Barneveld;0,3;0,1;0,0;0,0;0,0;0,0
IJV;NL:Q:40671035;Koningin Julianatoren;Apeldoorn;1,1;3,4;0,9;8,6;1,0;4,8
IJV;NL:Q:40679006;Echoput;Hoog Soeren;2,5;1,7;3,2;1,5;1,6;0,1
IJV;NL:Q:40680001;Huis Voorstonden;Voorstonden;0,1;0,0;0,0;0,0;0,0;0,0
IJV;NL:Q:40680002;Huis Voorstonden;Voorstonden;0,0;0,1;0,0;0,0;0,0;0,0
IJV;NL:Q:40680003;Halte de Molen;Voorstonden;0,2;0,0;0,0;0,0;0,0;0,0
IJV;NL:Q:40680004;Halte de Molen;Voorstonden;0,0;0,2;0,1;0,1;0,0;0,0
IJV;NL:Q:40682001;School met de Bijbel;Tonden;0,0;0,2;0,0;0,0;0,0;0,0
IJV;NL:Q:40682002;School met de Bijbel;Tonden;0,0;0,1;0,0;0,1;0,0;0,0
IJV;NL:Q:40682003;ABK huis;Hall;0,4;0,1;0,6;0,1;0,0;0,0
IJV;NL:Q:40682004;ABK huis;Hall;0,1;0,4;0,1;0,6;0,0;0,0
IJV;NL:Q:40682005;Hogestraat;Hall;0,2;0,1;0,2;0,0;0,0;0,0
IJV;NL:Q:40682006;Hogestraat;Hall;0,1;0,2;0,0;0,3;0,0;0,0
IJV;NL:Q:40682007;School;Hall;0,8;0,2;0,2;0,0;0,0;0,0
IJV;NL:Q:40682008;School;Hall;0,2;0,6;0,1;0,3;0,0;0,0
IJV;NL:Q:40685001;Buurtweg;Oeken;0,3;0,0;0,1;0,0;0,0;0,0
IJV;NL:Q:40685002;Buurtweg;Oeken;0,0;0,3;0,1;0,2;0,0;0,0
IJV;NL:Q:40726001;Hooiweg;Garderen;0,4;1,2;0,0;0,0;0,0;0,0
IJV;NL:Q:40726002;Hooiweg;Garderen;1,2;2,5;0,0;0,0;0,0;0,0
IJV;NL:Q:40726003;Bakkerstraat;Garderen;4,6;4,9;0,0;0,4;0,0;0,0
IJV;NL:Q:40726004;Bakkerstraat;Garderen;8,3;6,9;0,7;0,2;0,0;0,0
IJV;NL:Q:40726013;Kastelenhof;Garderen;0,5;0,1;0,2;0,0;0,0;0,0
IJV;NL:Q:40726014;Kastelenhof;Garderen;0,0;0,4;0,0;0,3;0,0;0,0
IJV;NL:Q:40726015;Houtdorp;Garderen;0,0;0,0;0,0;0,0;0,0;0,0
IJV;NL:Q:40726016;Houtdorp;Garderen;0,0;0,0;0,0;0,0;0,0;0,0
IJV;NL:Q:40746011;Bosweg;Voorthuizen;0,9;0,8;1,0;1,0;1,0;0,3
IJV;NL:Q:40746013;Hunnenweg;Voorthuizen;0,7;1,6;0,2;0,4;0,0;0,4
IJV;NL:Q:40746014;Hunnenweg;Voorthuizen;1,7;1,3;0,6;0,6;0,3;0,3
IJV;NL:Q:40746015;De Zanderij;Voorthuizen;3,7;1,7;2,7;0,8;1,9;0,5
IJV;NL:Q:40746016;De Zanderij;Voorthuizen;2,0;4,2;0,8;3,3;1,6;1,6
IJV;NL:Q:40746017;De IJsvogel;Voorthuizen;1,8;1,5;1,3;0,7;0,9;0,3
IJV;NL:Q:40746018;De IJsvogel;Voorthuizen;2,1;2,2;0,7;1,4;0,5;0,8
IJV;NL:Q:40749006;Tolnegenweg;Wittenberg;1,1;0,8;0,7;0,4;0,5;0,6
IJV;NL:Q:40750015;De Wormshoef;Lunteren;0,4;0,1;0,0;0,0;0,0;0,0
IJV;NL:Q:40750016;De Wormshoef;Lunteren;0,0;1,9;0,0;0,0;0,0;0,0
IJV;NL:Q:40751003;Rehoboth;Meulunteren;0,1;0,0;0,0;0,0;0,0;0,0
IJV;NL:Q:40751004;Rehoboth;Meulunteren;0,0;0,5;0,0;0,0;0,0;0,0
IJV;NL:Q:40751005;Bijweg;Meulunteren;0,0;0,0;0,0;0,0;0,0;0,0
IJV;NL:Q:40751006;Bijweg;Meulunteren;0,0;0,0;0,0;0,0;0,0;0,0
IJV;NL:Q:40751011;Hessenweg;Meulunteren;0,0;0,0;0,0;0,0;0,0;0,0
IJV;NL:Q:40751012;Hessenweg;Meulunteren;0,0;0,0;0,0;0,0;0,0;0,0
IJV;NL:Q:40765001;Esvelderweg;Barneveld;0,1;0,3;0,0;0,0;0,0;0,0
IJV;NL:Q:40765005;Norschoterweg;Barneveld;0,1;0,1;0,0;0,0;0,0;0,0
IJV;NL:Q:40765006;Norschoterweg;Barneveld;0,0;0,1;0,0;0,0;0,0;0,0
IJV;NL:Q:40765007;Praktijkschool Barneveld;Barneveld;8,9;12,5;0,0;0,0;0,0;0,0
IJV;NL:Q:40765008;Praktijkschool Barneveld;Barneveld;5,0;6,0;0,0;0,0;0,0;0,0
IJV;NL:Q:40765009;Julianaplein;Barneveld;0,2;0,0;0,0;0,0;0,0;0,0
IJV;NL:Q:40765010;Julianaplein;Barneveld;0,0;0,4;0,0;0,0;0,0;0,0
IJV;NL:Q:40765011;Van Dompselaerstraat;Barneveld;0,0;0,0;0,0;0,0;0,0;0,0
IJV;NL:Q:40765012;Van Dompselaerstraat;Barneveld;0,0;0,4;0,0;0,0;0,0;0,0
IJV;NL:Q:40765013;Station Barneveld Centrum;Barneveld;126,3;12,1;30,0;1,2;13,8;0,5
IJV;NL:Q:40765014;Station Barneveld Centrum;Barneveld;4,0;62,5;0,1;16,1;0,4;8,8
IJV;NL:Q:40765015;Vliegersvelderlaan;Barneveld;1,0;2,3;0,1;0,6;0,1;0,4
IJV;NL:Q:40765016;Vliegersvelderlaan;Barneveld;9,7;0,4;2,5;0,2;1,3;0,1
IJV;NL:Q:40765017;Van Wijnbergenlaan;Barneveld;0,5;1,4;0,1;0,3;0,1;0,1
IJV;NL:Q:40765018;Van Wijnbergenlaan;Barneveld;1,4;0,9;0,3;0,0;0,1;0,0
IJV;NL:Q:40765023;Torenplein;Barneveld;1,8;0,1;0,9;0,0;0,0;0,0
IJV;NL:Q:40765024;Torenplein;Barneveld;0,2;0,9;0,0;0,8;0,0;0,0
IJV;NL:Q:40765029;Narcissenstraat;Barneveld;0,8;0,3;0,2;0,1;0,0;0,0
IJV;NL:Q:40765030;Narcissenstraat;Barneveld;0,3;0,9;0,1;0,2;0,0;0,0
IJV;NL:Q:40765031;Begraafplaats De Plantage;Barneveld;0,3;0,2;0,0;0,0;0,0;0,0
IJV;NL:Q:40765032;Begraafplaats De Plantage;Barneveld;0,1;0,4;0,1;0,2;0,0;0,0
IJV;NL:Q:40765041;Nijkerkerweg;Barneveld;0,4;0,2;0,0;0,0;0,0;0,0
IJV;NL:Q:40765042;Nijkerkerweg;Barneveld;0,5;0,1;0,0;0,0;0,0;0,0
IJV;NL:Q:40765045;Evenementenhal;Barneveld;0,0;0,3;0,0;0,0;0,0;0,0
IJV;NL:Q:40765046;Evenementenhal;Barneveld;0,0;0,1;0,0;0,0;0,0;0,0
IJV;NL:Q:40765047;Troelstralaan;Barneveld;0,1;0,3;0,0;0,0;0,0;0,0
IJV;NL:Q:40765048;Troelstralaan;Barneveld;0,2;0,1;0,0;0,0;0,0;0,0
IJV;NL:Q:40779002;Het Aardhuis;Hoog Soeren;0,4;0,4;0,9;0,2;0,3;0,1
IJV;NL:Q:40779003;Oranjeoord;Hoog Soeren;0,3;1,2;0,2;1,9;0,1;0,7
IJV;NL:Q:40779004;Oranjeoord;Hoog Soeren;0,4;0,3;0,6;0,2;0,3;0,1
IJV;NL:Q:40779005;Echoput;Hoog Soeren;0,8;1,3;0,9;1,5;0,5;0,8
IJV;NL:Q:40783001;Kruispunt;Nieuw Milligen;2,8;6,7;1,8;5,2;1,1;2,5
IJV;NL:Q:40783002;Kruispunt;Nieuw Milligen;8,0;4,6;5,3;2,7;3,3;1,4
IJV;NL:Q:40783003;Kon. Luchtmacht;Nieuw Milligen;0,5;1,7;0,1;0,9;0,1;0,8
IJV;NL:Q:40783004;Kon. Luchtmacht;Nieuw Milligen;1,1;0,4;0,1;0,0;0,1;0,1
IJV;NL:Q:40783005;Ouwendorperweg;Nieuw Milligen;0,5;0,8;0,3;0,3;0,2;0,2
IJV;NL:Q:40783006;Ouwendorperweg;Nieuw Milligen;0,7;0,5;0,4;0,4;0,2;0,2
IJV;NL:Q:40783007;Hoeve Oud Milligen;Nieuw Milligen;0,9;3,5;0,8;1,6;0,6;0,9
IJV;NL:Q:40783010;Bos en Heide;Nieuw Milligen;0,7;0,4;0,2;0,2;0,2;0,0
IJV;NL:Q:40783011;Meerveld;Nieuw Milligen;0,7;4,5;0,8;4,5;0,1;0,2
IJV;NL:Q:40783012;Meerveld;Nieuw Milligen;3,8;1,1;3,4;0,7;0,0;0,1
IJV;NL:Q:40783111;Kruispunt;Nieuw Milligen;0,3;0,3;0,0;0,0;0,0;0,0
IJV;NL:Q:40783112;Kruispunt;Nieuw Milligen;0,8;0,2;0,0;0,0;0,0;0,0
IJV;NL:Q:40789001;Het Aardhuis;Hoog Soeren;1,6;2,1;0,7;1,1;0,4;0,7
IJV;NL:Q:40883009;Bos en Heide;Nieuw Milligen;0,3;0,6;0,1;0,2;0,1;0,1
IJV;NL:Q:40885006;Openbare Basisschool;Oeken;0,2;0,0;0,1;0,0;0,0;0,0
IJV;NL:Q:40885007;Openbare Basisschool;Oeken;0,0;0,3;0,0;0,2;0,0;0,0
IJV;NL:Q:40887001;Garderenseweg;Uddel;0,4;1,4;0,1;0,4;0,0;0,0
IJV;NL:Q:40887002;Garderenseweg;Uddel;1,4;0,5;0,3;0,1;0,0;0,0
IJV;NL:Q:40887003;Cafe Uddelermeer;Uddel;0,8;2,1;0,1;0,8;0,0;0,0
IJV;NL:Q:40887004;Cafe Uddelermeer;Uddel;1,8;0,8;0,8;0,2;0,0;0,1
IJV;NL:Q:40887005;Bleeke Hoeve;Uddel;0,4;1,9;0,1;0,1;0,1;0,0
IJV;NL:Q:40887006;Bleeke Hoeve;Uddel;1,9;0,7;0,3;0,1;0,1;0,0
IJV;NL:Q:40887007;Uttilochweg;Uddel;10,8;14,6;0,7;2,6;0,2;0,1
IJV;NL:Q:40887008;Uttilochweg;Uddel;18,5;11,1;3,6;0,9;0,2;0,1
IJV;NL:Q:40887009;Markveldweg;Uddel;4,1;8,4;0,5;1,7;0,1;0,5
IJV;NL:Q:40887010;Markveldweg;Uddel;11,1;5,0;2,4;0,7;0,2;0,2
IJV;NL:Q:40887012;Noord Riezen;Uddel;0,3;0,6;1,1;0,2;0,1;0,0
IJV;NL:Q:40982002;Hooiweg/Middenweg;Elspeet;0,1;0,2;0,0;0,0;0,0;0,0
IJV;NL:Q:40982003;Veenweg;Elspeet;0,6;0,4;0,0;0,0;0,0;0,0
IJV;NL:Q:40982004;Veenweg;Elspeet;0,3;0,6;0,0;0,0;0,0;0,0
IJV;NL:Q:40982005;Gerrit Mouwweg;Elspeet;2,5;1,5;0,0;0,0;0,0;0,0
IJV;NL:Q:40982006;Gerrit Mouwweg;Elspeet;1,7;2,0;0,0;0,1;0,0;0,0
IJV;NL:Q:40982007;Centrum;Elspeet;13,4;22,3;2,5;1,9;0,3;0,2
IJV;NL:Q:40982008;Centrum;Elspeet;21,6;12,3;3,4;2,0;0,1;0,0
IJV;NL:Q:40982009;Kleine Kolonieweg;Elspeet;2,1;2,0;0,2;0,7;0,0;0,1
IJV;NL:Q:40982010;Kleine Kolonieweg;Elspeet;2,5;2,7;0,7;0,4;0,1;0,0
IJV;NL:Q:40982011;Bosrand;Elspeet;0,5;0,5;0,4;0,5;0,1;0,0
IJV;NL:Q:40982012;Bosrand;Elspeet;0,9;0,7;0,8;0,5;0,0;0,1
IJV;NL:Q:40982021;Landgoed Noorderheide;Elspeet;0,1;0,1;0,1;0,1;0,0;0,0
IJV;NL:Q:40982025;Sluiterweg;Elspeet;1,1;0,3;0,2;0,1;0,0;0,0
IJV;NL:Q:40982026;Sluiterweg;Elspeet;0,4;1,5;0,4;0,6;0,0;0,0
IJV;NL:Q:40982027;Vierhouterweg;Elspeet;7,2;1,9;3,2;0,8;0,1;0,1
IJV;NL:Q:40982028;Vierhouterweg;Elspeet;3,6;6,9;1,0;3,0;0,1;0,1
IJV;NL:Q:40987011;Noord Riezen;Uddel;0,2;0,4;0,2;0,2;0,1;0,1
IJV;NL:Q:41448023;Hazenberg;Brummen;0,0;0,1;0,0;0,0;0,0;0,0
IJV;NL:Q:41448024;Hazenberg;Brummen;0,2;0,0;0,0;0,0;0,0;0,0
IJV;NL:Q:41448027;Arnhemsestraat;Leuvenheim;0,3;0,6;0,1;0,2;0,0;0,0
IJV;NL:Q:41448031;Hoofdstraat;Leuvenheim;0,1;0,1;0,0;0,0;0,0;0,0
IJV;NL:Q:41448033;School;Leuvenheim;0,2;0,1;0,1;0,0;0,0;0,0
IJV;NL:Q:41448035;Spankerenseweg;Leuvenheim;0,5;0,1;0,1;0,0;0,0;0,0
IJV;NL:Q:41448037;Het Bret;Brummen;0,3;0,0;0,2;0,0;0,0;0,0
IJV;NL:Q:41448038;Het Bret;Brummen;0,0;0,3;0,1;0,2;0,0;0,0
IJV;NL:Q:41448039;De Pothof;Brummen;0,2;0,0;0,1;0,0;0,0;0,0
IJV;NL:Q:41448040;De Pothof;Brummen;0,0;0,1;0,0;0,1;0,0;0,0
IJV;NL:Q:41448043;Tolzicht;Brummen;0,1;0,1;0,2;0,0;0,0;0,0
IJV;NL:Q:41448044;Tolzicht;Brummen;0,0;0,1;0,1;0,0;0,0;0,0
IJV;NL:Q:41448045;Centrum;Brummen;3,9;3,1;1,3;1,3;0,0;0,0
IJV;NL:Q:41448047;Cortenoeverseweg;Brummen;0,3;0,0;0,8;0,0;0,0;0,0
IJV;NL:Q:41448048;Cortenoeverseweg;Brummen;0,0;0,6;0,2;0,9;0,0;0,0
IJV;NL:Q:41448049;Kampweg;Brummen;6,1;0,1;1,6;0,1;0,0;0,0
IJV;NL:Q:41448050;Kampweg;Brummen;0,5;5,1;1,7;1,5;0,0;0,0
IJV;NL:Q:41448051;Meengatstraat;Brummen;1,8;0,1;0,4;0,0;0,0;0,0
IJV;NL:Q:41448052;Meengatstraat;Brummen;0,1;1,5;0,2;0,5;0,0;0,0
IJV;NL:Q:41448053;Berkelder;Brummen;1,0;0,1;0,3;0,0;0,0;0,0
IJV;NL:Q:41448054;Berkelder;Brummen;0,1;0,9;0,1;0,4;0,0;0,0
IJV;NL:Q:41448055;Elzenbosweg;Brummen;3,6;0,4;0,7;0,2;0,0;0,0
IJV;NL:Q:41448056;Elzenbosweg;Brummen;0,6;2,8;0,9;1,1;0,0;0,0
IJV;NL:Q:41448057;Michaelshoeve;Brummen;2,3;0,6;0,6;0,1;0,0;0,0
IJV;NL:Q:41448058;Michaelshoeve;Brummen;1,1;2,2;0,6;0,4;0,0;0,0
IJV;NL:Q:41448061;Station;Brummen;12,3;0,5;0,2;0,1;0,0;0,0
IJV;NL:Q:41448062;Station;Brummen;1,1;12,9;0,2;0,4;0,0;0,0
IJV;NL:Q:41448066;De Hulsthoeve;Brummen;0,1;0,0;0,0;0,0;0,0;0,0
IJV;NL:Q:41448067;De Hulsthoeve;Brummen;0,0;0,0;0,0;0,0;0,0;0,0
IJV;NL:Q:41448069;Dierenseweg;Eerbeek;0,2;0,1;0,0;0,0;0,0;0,0
IJV;NL:Q:41448072;Plein Vijf;Brummen;0,7;0,0;0,0;0,0;0,0;0,0
IJV;NL:Q:41448073;Plein Vijf;Brummen;0,0;0,9;0,0;0,0;0,0;0,0
IJV;NL:Q:41448074;Tuinstraat;Brummen;0,3;0,0;0,0;0,0;0,0;0,0
IJV;NL:Q:41448075;Tuinstraat;Brummen;0,0;0,2;0,0;0,0;0,0;0,0
IJV;NL:Q:41448077;Gemeentehuis;Brummen;0,0;0,8;0,0;0,0;0,0;0,0
IJV;NL:Q:41448078;Gemeentehuis;Brummen;1,1;0,0;0,0;0,0;0,0;0,0
IJV;NL:Q:41448079;Reuvershoeve;Brummen;0,5;0,0;0,1;0,0;0,0;0,0
IJV;NL:Q:41448080;Reuvershoeve;Brummen;0,1;0,2;0,0;0,1;0,0;0,0
IJV;NL:Q:41601071;GGNet;Apeldoorn;17,6;1,1;1,5;0,0;0,4;0,0
IJV;NL:Q:41601073;Drostendijk;Apeldoorn;1,6;0,1;0,1;0,0;0,0;0,0
IJV;NL:Q:41601074;Drostendijk;Apeldoorn;0,2;1,5;0,3;0,4;0,1;0,2
IJV;NL:Q:41607001;Woudweg;Teuge;1,0;0,4;0,2;0,0;0,0;0,0
IJV;NL:Q:41607002;Woudweg;Teuge;0,5;1,0;0,1;0,1;0,0;0,2
IJV;NL:Q:41607003;De Wacht;Teuge;1,7;4,1;0,0;0,7;0,0;0,3
IJV;NL:Q:41607004;De Wacht;Teuge;4,0;2,1;0,3;0,0;0,3;0,0
IJV;NL:Q:41607013;Rijksstraatweg;Teuge;1,7;0,6;0,8;0,0;0,3;0,0
IJV;NL:Q:41607014;Rijksstraatweg;Teuge;0,5;2,0;0,0;1,1;0,0;0,3
IJV;NL:Q:41635003;Broekstraat;Klarenbeek;0,3;0,3;0,9;0,0;0,0;0,0
IJV;NL:Q:41635004;Broekstraat;Klarenbeek;0,1;0,3;0,0;0,2;0,0;0,0
IJV;NL:Q:41635011;Elsbosweg;Klarenbeek;0,3;0,1;0,1;0,0;0,0;0,0
IJV;NL:Q:41635012;Elsbosweg;Klarenbeek;0,0;0,3;0,0;0,1;0,0;0,0
IJV;NL:Q:41640170;Busstation;Zutphen;23,1;26,8;11,5;12,8;0,0;0,0
IJV;NL:Q:41648003;IJsselbrug;Zutphen (Hoven);0,7;0,6;0,2;0,3;0,0;0,0
IJV;NL:Q:41648014;IJsselbrug;Zutphen;3,1;0,7;0,7;0,8;0,0;0,0
IJV;NL:Q:41665001;Station;Klarenbeek;0,9;1,1;1,0;0,7;0,0;0,0
IJV;NL:Q:41668005;Thermen Bussloo;Bussloo;1,6;3,7;1,3;2,8;0,6;0,4
IJV;NL:Q:41670002;Ecofactorij;Apeldoorn;1,7;0,6;0,0;0,0;0,0;0,0
IJV;NL:Q:41676030;IJsseldijk;Apeldoorn;0,1;0,9;0,0;0,0;0,0;0,0
IJV;NL:Q:41676040;IJsseldijk;Apeldoorn;0,1;0,3;0,0;0,0;0,0;0,0
IJV;NL:Q:41676057;Ecofactorij;Apeldoorn;0,2;0,4;0,0;0,0;0,0;0,0
IJV;NL:Q:41676058;Wilp Achterhoek;Wilp-Achterhoek;0,0;0,1;0,0;0,0;0,0;0,0
IJV;NL:Q:41676059;Wilp Achterhoek;Wilp;0,0;0,1;0,0;0,0;0,0;0,0
IJV;NL:Q:41706001;Station;Twello;15,1;12,0;3,8;3,3;0,7;0,5
IJV;NL:Q:41706002;Station;Twello;3,3;1,0;0,7;0,1;0,4;0,2
IJV;NL:Q:41706003;Gemeentehuis;Twello;5,2;3,7;1,1;1,0;0,3;0,3
IJV;NL:Q:41706004;Gemeentehuis;Twello;0,6;2,5;0,0;0,3;0,0;0,3
IJV;NL:Q:41706005;M. de Ruyterstraat;Twello;0,0;0,1;0,0;0,0;0,0;0,0
IJV;NL:Q:41706006;M. de Ruyterstraat;Twello;1,3;0,6;0,0;0,1;0,0;0,0
IJV;NL:Q:41706007;Piet Heinstraat;Twello;0,0;0,1;0,0;0,1;0,0;0,0
IJV;NL:Q:41706008;Piet Heinstraat;Twello;2,3;1,4;0,1;0,1;0,0;0,0
IJV;NL:Q:41706009;Troelstralaan;Twello;0,1;0,0;0,0;0,0;0,0;0,0
IJV;NL:Q:41706010;Troelstralaan;Twello;0,0;0,4;0,0;0,0;0,0;0,0
IJV;NL:Q:41706011;Beethovenlaan;Twello;0,2;0,1;0,0;0,1;0,0;0,0
IJV;NL:Q:41706012;Beethovenlaan;Twello;1,0;0,9;0,3;0,1;0,1;0,0
IJV;NL:Q:41706013;Station;Twello;0,2;6,2;0,3;0,7;0,0;0,2
IJV;NL:Q:41706014;Bachstraat;Twello;0,9;1,1;0,0;0,0;0,0;0,1
IJV;NL:Q:41706018;Molenstraat;Twello;1,4;1,1;0,2;0,1;0,0;0,0
IJV;NL:Q:41706020;Oude Rijksstraatweg;Twello;2,6;0,5;0,0;0,0;0,0;0,0
IJV;NL:Q:41706021;Lindelaan;Twello;0,0;0,0;0,0;0,0;0,0;0,0
IJV;NL:Q:41706022;Lindelaan;Twello;0,0;0,3;0,0;0,0;0,0;0,0
IJV;NL:Q:41706023;Overmars;Twello;0,0;0,1;0,0;0,0;0,0;0,0
IJV;NL:Q:41706024;Overmars;Twello;0,3;0,0;0,0;0,0;0,0;0,0
IJV;NL:Q:41706025;Terwoldseweg;Twello;0,0;0,0;0,0;0,0;0,0;0,0
IJV;NL:Q:41706026;Terwoldseweg;Twello;0,0;0,0;0,0;0,0;0,0;0,0
IJV;NL:Q:41706027;Stationsstraat;Twello;0,1;1,0;0,2;0,1;0,1;0,0
IJV;NL:Q:41706028;Stationsstraat;Twello;0,2;0,0;0,1;0,0;0,0;0,0
IJV;NL:Q:41706051;Engelenburgstraat;Twello;0,7;0,4;0,0;0,1;0,0;0,0
IJV;NL:Q:41706052;Engelenburgstraat;Twello;0,1;1,0;0,0;0,1;0,0;0,1
IJV;NL:Q:41706053;Martinushof;Twello;0,2;0,6;0,1;0,0;0,0;0,1
IJV;NL:Q:41706054;Martinushof;Twello;0,1;0,5;0,0;0,0;0,0;0,0
IJV;NL:Q:41710001;Begraafplaats;Wilp;0,1;0,1;0,0;0,0;0,0;0,0
IJV;NL:Q:41710002;Begraafplaats;Wilp;0,2;0,3;0,1;0,1;0,0;0,0
IJV;NL:Q:41710003;De Lathmer;Wilp;1,0;0,7;0,1;0,0;0,0;0,0
IJV;NL:Q:41710004;De Lathmer;Wilp;1,6;1,7;0,1;0,2;0,0;0,0
IJV;NL:Q:41710005;Molenallee;Wilp;2,2;1,3;0,1;0,3;0,0;0,1
IJV;NL:Q:41710006;Molenallee;Wilp;2,4;2,7;0,7;0,3;0,2;0,2
IJV;NL:Q:41710009;Roggencampweg;Wilp;0,2;0,6;0,0;0,1;0,0;0,0
IJV;NL:Q:41710010;Roggencampweg;Wilp;0,4;0,2;0,1;0,0;0,0;0,0
IJV;NL:Q:41716001;Wilper Korenmolen;Posterenk;0,2;0,3;0,1;0,4;0,0;0,1
IJV;NL:Q:41716002;Wilper Korenmolen;Posterenk;0,2;0,1;0,3;0,1;0,0;0,0
IJV;NL:Q:41718001;Bussloselaan;Bussloo;0,2;0,2;0,0;0,1;0,1;0,0
IJV;NL:Q:41718002;De Nieuwenhof;Gietelo;0,5;0,6;0,1;0,2;0,0;0,0
IJV;NL:Q:41718022;Bussloselaan;Bussloo;0,4;0,4;0,1;0,1;0,0;0,0
IJV;NL:Q:41761001;Klarenbeekseweg;Voorst;1,7;0,3;0,1;0,1;0,0;0,0
IJV;NL:Q:41761002;Klarenbeekseweg;Voorst;3,3;1,2;0,2;0,1;0,0;0,1
IJV;NL:Q:41761003;Huize Enkstein;Voorst;0,7;1,5;0,0;0,2;0,0;0,0
IJV;NL:Q:41761004;Huize Enkstein;Voorst;1,9;3,7;0,3;0,1;0,0;0,0
IJV;NL:Q:41761005;Huize de Beele;Voorst;0,1;0,3;0,0;0,0;0,0;0,0
IJV;NL:Q:41761006;Huize de Beele;Voorst;1,0;0,3;0,1;0,0;0,0;0,0
IJV;NL:Q:41761007;Station Voorst-Empe;Voorst;11,6;10,8;1,7;0,9;0,2;0,1
IJV;NL:Q:41768001;De Nieuwenhof;Gietelo;0,3;0,2;0,0;0,1;0,1;0,0
IJV;NL:Q:43470010;Lettele;Lettele;3,1;0,1;2,5;0,0;0,0;0,0
IJV;NL:Q:43470020;Lettele;Lettele;1,5;5,2;0,2;3,1;0,0;0,0
IJV;NL:Q:43470030;Heihoeve;Heeten;0,1;0,0;0,0;0,0;0,0;0,0
IJV;NL:Q:43470035;Heihoeve;Heeten;0,0;0,1;0,0;0,0;0,0;0,0
IJV;NL:Q:43470070;Zandbelterbrug;Schalkhaar;0,6;0,1;0,0;0,0;0,0;0,0
IJV;NL:Q:43470080;Zandbelterbrug;Schalkhaar;0,1;0,7;0,0;0,0;0,0;0,0
IJV;NL:Q:43470090;Spikker;Schalkhaar;0,2;0,0;0,0;0,0;0,0;0,0
IJV;NL:Q:43470100;Spikker;Schalkhaar;0,0;0,2;0,0;0,0;0,0;0,0
IJV;NL:Q:43470110;Garderegimentsweg;Schalkhaar;8,7;7,0;5,2;4,6;4,0;4,3
IJV;NL:Q:43470170;ten Havesweg;Okkenbroek;0,2;0,0;0,1;0,0;0,0;0,0
IJV;NL:Q:43470180;ten Havesweg;Okkenbroek;0,2;0,6;0,0;0,1;0,0;0,0
IJV;NL:Q:43470190;De Grote Brander;Okkenbroek;0,6;0,0;0,3;0,0;0,0;0,0
IJV;NL:Q:43470200;De Grote Brander;Okkenbroek;0,3;0,6;0,0;0,2;0,0;0,0
IJV;NL:Q:43479030;Doldermansweg;Lettele;0,1;0,0;0,0;0,0;0,0;0,0
IJV;NL:Q:43479040;Doldermansweg;Lettele;0,1;0,3;0,0;0,1;0,0;0,0
IJV;NL:Q:43480010;'t Dijkhuis;Bathmen;9,7;0,0;5,5;0,1;3,4;0,0
IJV;NL:Q:43480020;'t Dijkhuis;Bathmen;2,2;7,9;0,4;4,6;0,1;2,9
IJV;NL:Q:43480050;Bannink;Deventer;0,8;0,0;0,4;0,0;0,2;0,0
IJV;NL:Q:43480060;Bannink;Deventer;0,2;1,0;0,0;0,5;0,0;0,3
IJV;NL:Q:43480070;Peppelerdijk;Deventer;0,5;0,0;0,1;0,0;0,3;0,0
IJV;NL:Q:43480080;Peppelerdijk;Deventer;0,2;0,7;0,0;0,4;0,0;0,1
IJV;NL:Q:43480100;Enklaan;Bathmen;4,6;18,8;0,7;7,1;0,2;3,8
IJV;NL:Q:43480150;Gemeentewerken;Bathmen;0,0;0,0;0,0;0,0;0,0;0,0
IJV;NL:Q:43480160;Gemeentewerken;Bathmen;0,0;0,0;0,0;0,0;0,0;0,0
IJV;NL:Q:43480180;Oude Molen;Bathmen;0,0;0,0;0,0;0,0;0,0;0,0
IJV;NL:Q:43480190;Polakstraat;Bathmen;11,4;0,1;4,2;0,0;2,4;0,0
IJV;NL:Q:43480200;Polakstraat;Bathmen;2,4;10,5;0,3;3,7;0,0;2,6
IJV;NL:Q:43480210;Vegerinkskamp;Bathmen;7,6;0,5;3,5;0,2;2,4;0,1
IJV;NL:Q:43480220;Vegerinkskamp;Bathmen;1,7;11,5;0,2;6,9;0,0;3,9
IJV;NL:Q:43480230;Looweg Kuiperij;Bathmen;0,9;7,4;0,3;2,8;0,0;1,6
IJV;NL:Q:43480240;Looweg Kuiperij;Bathmen;0,0;0,0;0,0;0,0;0,0;0,0
IJV;NL:Q:43480250;Schipbeeksweg;Bathmen;0,1;0,0;0,0;0,0;0,0;0,0
IJV;NL:Q:43480260;Schipbeeksweg;Bathmen;23,1;12,5;8,6;4,8;4,6;2,2
IJV;NL:Q:43480270;Enklaan;Bathmen;19,5;0,1;7,5;0,0;4,7;0,0
IJV;NL:Q:43570010;Zonnenbergerdijk;Heeten;0,7;0,0;0,0;0,0;0,0;0,0
IJV;NL:Q:43570030;Bathmenseweg;Heeten;0,8;0,0;0,0;0,0;0,0;0,0
IJV;NL:Q:43570040;Bathmenseweg;Heeten;0,2;1,0;0,0;0,0;0,0;0,0
IJV;NL:Q:43570050;Militair Complex;Heeten;0,1;0,0;0,0;0,0;0,0;0,0
IJV;NL:Q:43570060;Militair Complex;Heeten;0,0;0,2;0,0;0,0;0,0;0,0
IJV;NL:Q:43580010;Oude Molen;Bathmen;0,0;0,0;0,0;0,0;0,0;0,0
IJV;NL:Q:43580030;Wilmink;Bathmen;0,0;0,0;0,0;0,0;0,0;0,0
IJV;NL:Q:43580040;Wilmink;Bathmen;0,0;0,0;0,0;0,0;0,0;0,0
IJV;NL:Q:43580050;Java;Bathmen;0,0;0,0;0,0;0,0;0,0;0,0
IJV;NL:Q:43580060;Java;Bathmen;0,0;0,0;0,0;0,0;0,0;0,0
IJV;NL:Q:43580100;Wagenvoorde;Bathmen;0,0;0,0;0,0;0,0;0,0;0,0
IJV;NL:Q:43630530;Driesprong;Bruinehaar;1,8;1,6;0,0;0,0;0,0;0,0
IJV;NL:Q:43640010;Handelsstraat;Hardenberg;0,3;0,2;0,0;0,0;0,0;0,0
IJV;NL:Q:43640020;Handelsstraat;Hardenberg;0,0;0,3;0,0;0,0;0,0;0,0
IJV;NL:Q:43640030;Wavin;Hardenberg;0,0;0,1;0,0;0,0;0,0;0,0
IJV;NL:Q:43640040;Wavin;Hardenberg;0,0;0,1;0,0;0,0;0,0;0,0
IJV;NL:Q:43640050;Ziekenhuis;Hardenberg;0,1;0,3;0,0;0,0;0,0;0,0
IJV;NL:Q:43640060;Ziekenhuis;Hardenberg;0,3;0,0;0,0;0,0;0,0;0,0
IJV;NL:Q:43640070;Station;Hardenberg;115,0;91,0;23,2;19,6;12,4;14,3
IJV;NL:Q:43640080;Evenementenhal;Hardenberg;0,0;0,8;0,0;0,0;0,0;0,0
IJV;NL:Q:43640085;Station;Hardenberg;12,0;3,0;2,4;1,6;0,0;0,0
IJV;NL:Q:43640110;Hattemattestraat;Gramsbergen;0,2;0,2;0,0;0,0;0,0;0,0
IJV;NL:Q:43640120;Hattemattestraat;Gramsbergen;0,0;0,1;0,0;0,0;0,0;0,0
IJV;NL:Q:43640130;Welgelegen;Gramsbergen;0,2;0,1;0,0;0,0;0,0;0,0
IJV;NL:Q:43640140;Welgelegen;Gramsbergen;0,0;0,1;0,0;0,0;0,0;0,0
IJV;NL:Q:43640150;Ziekenhuis;Hardenberg;0,5;2,4;0,0;0,1;0,0;0,0
IJV;NL:Q:43640195;Clara Feyoenaheem;Hardenberg;0,1;0,3;0,1;0,5;0,0;0,0
IJV;NL:Q:43640210;Meteoorlaan;Hardenberg;0,1;0,1;0,0;0,2;0,0;0,0
IJV;NL:Q:43640211;Meteoorlaan;Hardenberg;0,3;0,0;0,3;0,0;0,0;0,0
IJV;NL:Q:43640230;Rheezerweg;Hardenberg;0,0;0,1;0,0;0,1;0,0;0,0
IJV;NL:Q:43640240;Rheezerweg;Hardenberg;0,0;0,0;0,0;0,0;0,0;0,0
IJV;NL:Q:43640250;Haarmolen;Heemserveen;9,9;14,5;1,7;3,5;1,1;2,2
IJV;NL:Q:43640260;Haarmolen;Heemserveen;12,4;10,7;4,1;2,1;1,9;1,0
IJV;NL:Q:43640310;Middenweg;Heemserveen;0,0;0,6;0,0;0,2;0,0;0,1
IJV;NL:Q:43640320;Middenweg;Heemserveen;0,1;0,3;0,0;0,1;0,0;0,0
IJV;NL:Q:43640330;Roelofsmulderweg;Heemserveen;0,1;0,3;0,0;0,0;0,0;0,0
IJV;NL:Q:43640340;Roelofsmulderweg;Heemserveen;0,2;0,1;0,0;0,1;0,0;0,0
IJV;NL:Q:43640350;Elfde Wijk;Heemserveen;0,1;0,4;0,1;0,0;0,1;0,1
IJV;NL:Q:43640360;Elfde Wijk;Heemserveen;0,3;0,1;0,0;0,1;0,0;0,1
IJV;NL:Q:43640370;De Nieuwe Haven;Hardenberg;0,1;0,8;0,1;0,1;0,0;0,0
IJV;NL:Q:43640380;De Nieuwe Haven;Hardenberg;1,1;0,0;0,1;0,1;0,0;0,0
IJV;NL:Q:43640390;SBO De Oase;Hardenberg;1,5;1,2;0,4;0,4;0,3;0,2
IJV;NL:Q:43640397;Centrum;Hardenberg;24,6;7,5;2,2;0,9;0,6;0,3
IJV;NL:Q:43640450;Morgenroodweg;Ebbenbroek;0,8;0,0;0,0;0,0;0,0;0,0
IJV;NL:Q:43640460;Morgenroodweg;Ebbenbroek;0,0;0,8;0,0;0,0;0,0;0,0
IJV;NL:Q:43640530;Gemeentehuis;Hardenberg;1,5;29,1;0,2;5,8;0,1;1,7
IJV;NL:Q:43640540;Gemeentehuis;Hardenberg;20,0;1,5;5,3;0,1;2,3;0,1
IJV;NL:Q:43640600;PKN Kerk;Bruchterveld;1,2;0,0;0,0;0,0;0,0;0,0
IJV;NL:Q:43640610;PKN Kerk;Bruchterveld;0,0;0,9;0,0;0,0;0,0;0,0
IJV;NL:Q:43640620;Meester Holtropstraat;Bruchterveld;1,5;0,0;0,0;0,0;0,0;0,0
IJV;NL:Q:43640630;Meester Holtropstraat;Bruchterveld;0,0;1,1;0,0;0,0;0,0;0,0
IJV;NL:Q:43640710;Molenplein;Hardenberg;5,3;1,4;2,1;0,6;0,9;0,4
IJV;NL:Q:43640720;Molenplein;Hardenberg;1,5;4,8;0,4;1,8;0,5;0,7
IJV;NL:Q:43640730;Parkweg 57;Hardenberg;0,0;0,2;0,0;0,0;0,0;0,0
IJV;NL:Q:43641000;Station;Hardenberg;5,4;9,4;0,0;0,0;0,0;0,0
IJV;NL:Q:43641020;Weversdijk;Hardenberg;0,1;0,1;0,0;0,0;0,0;0,0
IJV;NL:Q:43641030;Weversdijk;Hardenberg;0,1;0,5;0,0;0,0;0,0;0,0
IJV;NL:Q:43641040;Moderna;Hardenberg;0,0;0,7;0,0;0,0;0,0;0,0
IJV;NL:Q:43641045;Moderna;Hardenberg;0,5;0,0;0,0;0,0;0,0;0,0
IJV;NL:Q:43641050;Broeklanden;Hardenberg;0,5;0,0;0,0;0,0;0,0;0,0
IJV;NL:Q:43641060;Broeklanden;Hardenberg;0,0;0,7;0,0;0,0;0,0;0,0
IJV;NL:Q:43641070;Evenementenhal;Hardenberg;0,1;0,0;0,0;0,0;0,0;0,0
IJV;NL:Q:43670030;Stellingmolen;Heeten;2,5;0,0;0,0;0,0;0,0;0,0
IJV;NL:Q:43670040;Stellingmolen;Heeten;0,3;1,7;0,0;0,0;0,0;0,0
IJV;NL:Q:43670060;Zonnenbergerdijk;Heeten;0,1;1,6;0,0;0,0;0,0;0,0
IJV;NL:Q:43670100;'t Pleintie;Nieuw-Heeten;3,3;2,9;0,6;1,0;0,0;0,0
IJV;NL:Q:43670120;Bijvanksweg;Nieuw-Heeten;1,0;0,2;0,5;0,1;0,0;0,0
IJV;NL:Q:43670130;Bijvanksweg;Nieuw-Heeten;0,2;0,7;0,0;0,3;0,0;0,0
IJV;NL:Q:43679040;Centrum;Heeten;8,1;7,7;0,0;0,0;0,0;0,0
IJV;NL:Q:43680010;Wagenvoorde;Bathmen;0,0;0,0;0,0;0,0;0,0;0,0
IJV;NL:Q:43680030;De Smid;Dijkerhoek;0,0;0,0;0,0;0,0;0,0;0,0
IJV;NL:Q:43680040;De Smid;Dijkerhoek;0,0;0,0;0,0;0,0;0,0;0,0
IJV;NL:Q:43680070;Wegstapel;Dijkerhoek;0,0;0,0;0,0;0,0;0,0;0,0
IJV;NL:Q:43680080;Wegstapel;Dijkerhoek;0,0;0,0;0,0;0,0;0,0;0,0
IJV;NL:Q:43680090;Vukking;Dijkerhoek;0,0;0,0;0,0;0,0;0,0;0,0
IJV;NL:Q:43680100;Vukking;Dijkerhoek;0,0;0,0;0,0;0,0;0,0;0,0
IJV;NL:Q:43680120;Aaltinksweg;Holten;0,0;0,0;0,0;0,0;0,0;0,0
IJV;NL:Q:43770150;Koerselmansweg;Okkenbroek;0,1;0,0;0,0;0,0;0,0;0,0
IJV;NL:Q:43770160;Koerselmansweg;Okkenbroek;0,0;0,0;0,0;0,1;0,0;0,0
IJV;NL:Q:43770170;Okkenbroekerveldweg;Okkenbroek;0,1;0,0;0,1;0,0;0,0;0,0
IJV;NL:Q:43770180;Okkenbroekerveldweg;Okkenbroek;0,1;0,1;0,0;0,1;0,0;0,0
IJV;NL:Q:43770210;Butersdijk;Okkenbroek;0,1;0,0;0,1;0,0;0,0;0,0
IJV;NL:Q:43770220;Butersdijk;Okkenbroek;0,1;0,4;0,0;0,2;0,0;0,0
IJV;NL:Q:43770230;Vlessendijk;Nieuw-Heeten;0,1;0,0;0,0;0,0;0,0;0,0
IJV;NL:Q:43770240;Vlessendijk;Nieuw-Heeten;0,0;0,1;0,0;0,3;0,0;0,0
IJV;NL:Q:43779010;Kerk;Okkenbroek;1,0;0,0;0,7;0,0;0,0;0,0
IJV;NL:Q:43779020;Kerk;Okkenbroek;0,3;1,3;0,0;0,7;0,0;0,0
IJV;NL:Q:43780090;De Waerdenborch;Holten;0,0;0,0;0,0;0,0;0,0;0,0
IJV;NL:Q:43780100;De Waerdenborch;Holten;0,1;0,0;0,0;0,0;0,0;0,0
IJV;NL:Q:43780150;Aaltinksweg;Holten;0,0;0,0;0,0;0,0;0,0;0,0
IJV;NL:Q:43890190;Dorpsstraat;Kloosterhaar;1,4;0,1;0,0;0,0;0,0;0,0
IJV;NL:Q:43890200;Verlengde Broekdijk;Kloosterhaar;0,0;0,3;0,0;0,0;0,0;0,0
IJV;NL:Q:43890210;Dorpsstraat;Kloosterhaar;0,0;0,8;0,0;0,0;0,0;0,0
IJV;NL:Q:43890220;Verlengde Broekdijk;Kloosterhaar;0,3;0,0;0,0;0,0;0,0;0,0
IJV;NL:Q:43929030;Oude Deventerweg;Holten;0,1;0,0;0,0;0,0;0,0;0,0
IJV;NL:Q:43929040;Oude Deventerweg;Holten;0,0;0,1;0,0;0,0;0,0;0,0
IJV;NL:Q:43990002;Stationsweg;Mariënberg;0,0;0,0;0,0;0,0;0,0;0,0
IJV;NL:Q:43990070;Kanaalbrug;Bergentheim;0,1;0,1;0,0;0,2;0,0;0,0
IJV;NL:Q:43990080;Kanaalbrug;Bergentheim;0,1;0,0;0,1;0,0;0,0;0,0
IJV;NL:Q:43990110;Cafe;Beerzerveld;0,6;1,0;0,1;0,1;0,0;0,0
IJV;NL:Q:43990130;Schuurmanstraat;Beerzerveld;0,0;0,3;0,0;0,0;0,0;0,0
IJV;NL:Q:43990155;Van Alewijkstraat;Beerzerveld;0,4;0,0;0,0;0,0;0,0;0,0
IJV;NL:Q:43990160;Kloosterdijk;Mariënberg;0,1;0,0;0,0;0,0;0,0;0,0
IJV;NL:Q:43990200;De Pallegarste;Mariënberg;0,1;0,0;0,1;0,0;0,0;0,0
IJV;NL:Q:43990210;Camping Kleine Belties;Rheeze;0,0;0,2;0,0;0,1;0,0;0,0
IJV;NL:Q:43990220;Camping Kleine Belties;Rheeze;0,1;0,0;0,0;0,0;0,0;0,0
IJV;NL:Q:43990230;De Gloepe;Diffelen;0,0;0,1;0,0;0,2;0,0;0,0
IJV;NL:Q:43990240;De Gloepe;Diffelen;0,0;0,0;0,0;0,0;0,0;0,0
IJV;NL:Q:43990250;Rheezerkamp/Overweg;Rheeze;0,0;0,1;0,1;0,2;0,0;0,0
IJV;NL:Q:43990260;Rheezerkamp/Overweg;Rheeze;0,1;0,0;0,0;0,2;0,0;0,0
IJV;NL:Q:43990270;Ringweg;Rheeze;0,1;0,3;0,2;0,5;0,0;0,0
IJV;NL:Q:43990280;Ringweg;Rheeze;0,1;0,1;0,1;0,2;0,0;0,0
IJV;NL:Q:43990290;Haarweg;Bergentheim;0,0;0,0;0,0;0,0;0,0;0,0
IJV;NL:Q:43990300;Haarweg;Bergentheim;0,0;0,0;0,0;0,0;0,0;0,0
IJV;NL:Q:43990330;'t Vonder;Bergentheim;0,0;0,0;0,0;0,0;0,0;0,0
IJV;NL:Q:43990340;'t Vonder;Bergentheim;0,0;0,0;0,0;0,0;0,0;0,0
IJV;NL:Q:43990350;Kanaalweg West;Bergentheim;0,0;0,0;0,0;0,0;0,0;0,0
IJV;NL:Q:43990360;Kanaalweg West;Bergentheim;0,0;0,0;0,0;0,0;0,0;0,0
IJV;NL:Q:43990430;Oud Bergentheim;Bergentheim;0,0;0,1;0,1;0,0;0,0;0,0
IJV;NL:Q:43990440;Oud Bergentheim;Bergentheim;0,0;0,0;0,0;0,0;0,0;0,0
IJV;NL:Q:43990530;Waaijerinkweg;Beerzerhaar;0,0;0,1;0,0;0,0;0,0;0,0
IJV;NL:Q:43990535;Campings;Beerze;0,0;0,5;0,0;0,5;0,0;0,0
IJV;NL:Q:43990540;Oude Beerzerweg;Beerze;0,0;0,1;0,0;0,1;0,0;0,0
IJV;NL:Q:43990550;Beerzerpoort;Beerze;0,0;0,1;0,0;0,1;0,0;0,0
IJV;NL:Q:43991100;Station;Mariënberg;1,7;1,4;1,6;0,9;0,0;0,0
IJV;NL:Q:43992001;Camping De Oldemeijer;Rheeze;0,0;0,1;0,0;0,2;0,0;0,0
IJV;NL:Q:43992002;Camping De Oldemeijer;Rheeze;0,0;0,1;0,1;0,0;0,0;0,0
IJV;NL:Q:43992003;Camp. De Vechtstr./'t Veld;Rheeze;0,2;0,4;0,2;0,2;0,0;0,0
IJV;NL:Q:43992004;Camp. De Vechtstr./'t Veld;Rheeze;0,1;0,2;0,1;0,2;0,0;0,0
IJV;NL:Q:43992005;Camping De Zandstuve;Rheeze;0,0;0,1;0,0;0,0;0,0;0,0
IJV;NL:Q:43992006;Camping De Zandstuve;Rheeze;0,0;0,1;0,1;0,1;0,0;0,0
IJV;NL:Q:43992007;Familiecamping De Belten;Rheeze;0,0;0,1;0,1;0,1;0,0;0,0
IJV;NL:Q:43992008;Familiecamping De Belten;Rheeze;0,1;0,0;0,1;0,0;0,0;0,0
IJV;NL:Q:45860010;Hankate;Hankate;0,0;0,0;0,0;0,0;0,0;0,0
IJV;NL:Q:45860030;Boksloot;Lemele;0,0;0,0;0,0;0,0;0,0;0,0
IJV;NL:Q:45871001;Theehuis De Lemelerberg;Lemele;0,1;0,2;0,0;0,0;0,0;0,0
IJV;NL:Q:45871003;Kerk;Lemele;4,1;2,1;0,0;0,0;0,0;0,0
IJV;NL:Q:45871004;Kerk;Lemele;0,0;0,2;0,0;0,0;0,0;0,0
IJV;NL:Q:45871005;Imminkhoeve;Lemele;0,2;1,8;0,0;0,0;0,0;0,0
IJV;NL:Q:45871006;Imminkhoeve;Lemele;2,2;0,1;0,0;0,0;0,0;0,0
IJV;NL:Q:45871007;Camping De Lemeler Esch;Lemele;0,0;0,1;0,0;0,0;0,0;0,0
IJV;NL:Q:45871008;Camping De Lemeler Esch;Lemele;0,1;0,2;0,0;0,0;0,0;0,0
IJV;NL:Q:45910010;Emtenbroekerdijk;Kloosterhaar;0,2;0,0;0,0;0,0;0,0;0,0
IJV;NL:Q:45910020;Emtenbroekerdijk;Kloosterhaar;0,0;0,1;0,0;0,0;0,0;0,0
IJV;NL:Q:45910030;Crullsweg;Kloosterhaar;0,1;0,0;0,0;0,0;0,0;0,0
IJV;NL:Q:45910040;Crullsweg;Kloosterhaar;0,0;0,2;0,0;0,0;0,0;0,0
IJV;NL:Q:45920010;Stationsweg;Bergentheim;0,4;0,9;0,2;0,4;0,0;0,0
IJV;NL:Q:45920020;Stationsweg;Bergentheim;0,3;0,1;0,4;0,1;0,0;0,0
IJV;NL:Q:45940500;Beerzerhooiweg;Beerze;0,0;0,5;0,0;0,0;0,0;0,0
IJV;NL:Q:45990010;Heuvelweg;Luttenberg;0,2;0,7;0,0;0,0;0,0;0,0
IJV;NL:Q:45990020;Heuvelweg;Luttenberg;2,4;0,1;0,0;0,0;0,0;0,0
IJV;NL:Q:45990030;Ter Borgweg;Luttenberg;0,2;3,9;0,0;0,0;0,0;0,0
IJV;NL:Q:45990040;Ter Borgweg;Luttenberg;3,3;0,0;0,0;0,0;0,0;0,0
IJV;NL:Q:46000030;Brekken;Zwolle;0,3;2,2;0,1;1,0;0,0;0,5
IJV;NL:Q:46000040;Brekken;Zwolle;3,0;0,0;1,9;0,0;0,9;0,0
IJV;NL:Q:46000050;Händellaan;Zwolle;5,1;4,2;6,7;0,2;2,1;0,0
IJV;NL:Q:46000060;Händellaan;Zwolle;2,0;7,2;1,4;7,5;0,1;1,3
IJV;NL:Q:46000070;Diasporalaan;Zwolle;0,4;1,3;0,2;0,5;0,1;0,5
IJV;NL:Q:46000100;Diasporalaan;Zwolle;1,2;0,4;0,5;0,2;0,4;0,1
IJV;NL:Q:46000110;Van der Schuerenmarke;Zwolle;2,6;4,6;1,9;3,5;0,1;2,5
IJV;NL:Q:46000120;Van der Schuerenmarke;Zwolle;6,6;0,0;4,1;0,1;3,3;0,1
IJV;NL:Q:46000130;Van Nispensingel;Zwolle;4,6;8,2;3,3;6,3;0,5;3,9
IJV;NL:Q:46000140;Van Nispensingel;Zwolle;10,2;0,1;7,5;0,1;6,1;0,1
IJV;NL:Q:46000150;Van Hasseltmarke;Zwolle;1,8;3,9;1,4;2,8;0,2;2,3
IJV;NL:Q:46000160;Van Hasseltmarke;Zwolle;4,3;0,0;2,9;0,1;3,2;0,0
IJV;NL:Q:46000170;Molenweg;Zwolle;123,9;3,1;0,0;0,0;0,0;0,0
IJV;NL:Q:46000190;Zwartewaterallee;Zwolle;13,5;9,1;0,0;0,0;0,0;0,0
IJV;NL:Q:46000200;Zwartewaterallee;Zwolle;3,2;5,6;0,0;0,0;0,0;0,0
IJV;NL:Q:46000430;Hollewandsweg;Zwolle;2,5;7,1;1,3;3,9;0,2;2,6
IJV;NL:Q:46000440;Hollewandsweg;Zwolle;7,5;0,0;4,0;0,0;2,1;0,0
IJV;NL:Q:46000570;Dokter Hengeveldweg;Zwolle;30,4;86,2;4,6;11,3;2,3;7,5
IJV;NL:Q:46000800;Groot Wezenland;Zwolle;3,2;8,1;1,5;4,8;1,2;2,3
IJV;NL:Q:46000810;Nw. Deventerw./Ittersumall.;Zwolle;7,1;15,7;5,1;9,5;0,5;7,0
IJV;NL:Q:46000820;Nw. Deventerw./Ittersumall.;Zwolle;12,5;1,0;6,9;1,0;6,1;0,3
IJV;NL:Q:46000830;Troelstralaan;Zwolle;12,5;24,9;6,8;17,0;0,4;8,7
IJV;NL:Q:46000860;Troelstralaan;Zwolle;24,1;0,6;15,3;0,2;11,8;0,1
IJV;NL:Q:46000950;Groot Wezenland;Zwolle;2,3;5,9;0,3;2,9;0,2;1,7
IJV;NL:Q:46000970;Groot Wezenland;Zwolle;0,0;0,0;0,0;0,0;0,0;0,0
IJV;NL:Q:46000980;Groot Wezenland;Zwolle;0,0;0,0;0,0;0,0;0,0;0,0
IJV;NL:Q:46001000;Park de Wezenlanden;Zwolle;34,2;28,2;7,3;4,1;4,9;2,5
IJV;NL:Q:46001070;Volterbeek;Zwolle;1,7;9,1;0,8;7,7;0,1;3,5
IJV;NL:Q:46001100;Assendorperdijk;Zwolle;37,5;27,9;6,4;6,6;4,1;3,9
IJV;NL:Q:46001110;Maaslaan;Zwolle;0,3;1,4;0,2;1,2;0,1;0,7
IJV;NL:Q:46001120;Roelingsbeek;Zwolle;0,9;6,1;0,5;6,8;0,2;2,2
IJV;NL:Q:46001130;Roelingsbeek;Zwolle;8,2;0,0;8,1;0,0;3,0;0,1
IJV;NL:Q:46001170;Rijnlaan/Amstel;Zwolle;5,6;27,8;2,2;14,2;0,7;8,4
IJV;NL:Q:46001180;Rijnlaan/Amstel;Zwolle;25,2;0,6;16,3;0,2;7,5;0,1
IJV;NL:Q:46001200;Ittersumallee;Zwolle;1,3;2,9;0,0;0,0;0,0;0,0
IJV;NL:Q:46001210;Volkerak;Zwolle;0,6;1,9;0,1;1,9;0,0;0,6
IJV;NL:Q:46001230;Elsbeek;Zwolle;0,7;4,4;0,5;11,2;0,1;2,0
IJV;NL:Q:46001290;Wkc De Dobbe;Zwolle;4,6;26,7;2,8;18,7;0,3;7,5
IJV;NL:Q:46001300;Caspar Fagelstraat;Zwolle;11,3;1,6;1,0;0,8;0,6;1,0
IJV;NL:Q:46001320;Paulus Buysstraat;Zwolle;9,4;1,7;2,6;1,6;1,0;0,8
IJV;NL:Q:46001340;Celebesstraat;Zwolle;11,1;3,8;1,8;1,0;0,8;0,3
IJV;NL:Q:46001542;Dokter Hengeveldweg;Zwolle;130,7;19,5;21,3;2,3;13,0;1,2
IJV;NL:Q:46001560;Isala ziekenhuis;Zwolle;245,6;67,9;29,0;3,9;20,9;1,8
IJV;NL:Q:46001610;Dijkstraat;Zwolle;21,8;23,4;18,0;10,7;4,7;3,1
IJV;NL:Q:46001630;Rodetorenplein;Zwolle;39,3;47,8;34,0;33,0;6,8;11,3
IJV;NL:Q:46001650;IJsselcentraleweg;Zwolle;4,9;8,5;1,2;1,8;0,3;1,4
IJV;NL:Q:46001660;Dijkstraat;Zwolle;22,3;21,6;13,0;17,8;5,8;4,1
IJV;NL:Q:46001680;Rodetorenplein;Zwolle;52,7;34,0;30,9;18,3;9,6;7,1
IJV;NL:Q:46001750;Provinciehuis;Zwolle;9,9;17,9;1,9;11,9;1,2;5,2
IJV;NL:Q:46001790;Burg. van Walsumlaan;Zwolle;21,7;2,9;0,1;0,2;0,1;0,1
IJV;NL:Q:46001800;Burg. van Walsumlaan;Zwolle;2,0;10,3;0,2;0,2;0,2;0,2
IJV;NL:Q:46001890;Celebesstraat;Zwolle;4,8;13,7;0,9;4,5;0,6;3,8
IJV;NL:Q:46001910;Paulus Buysstraat;Zwolle;2,4;10,9;0,5;6,7;0,6;4,3
IJV;NL:Q:46001930;Caspar Fagelstraat;Zwolle;3,8;15,1;1,1;3,5;0,4;2,2
IJV;NL:Q:46001970;Sassenpoort;Zwolle;11,8;6,8;9,8;6,3;3,6;2,3
IJV;NL:Q:46001990;Kerkbrugje;Zwolle;20,2;19,5;20,9;11,1;6,7;6,0
IJV;NL:Q:46002000;Kerkbrugje;Zwolle;21,9;16,1;14,2;20,2;4,5;6,9
IJV;NL:Q:46002010;Isala ziekenhuis;Zwolle;3,2;18,3;0,0;0,0;0,0;0,0
IJV;NL:Q:46002040;Sassenpoort;Zwolle;3,1;12,5;3,2;13,2;0,7;4,5
IJV;NL:Q:46002560;Kuyerhuislaan;Zwolle;0,3;2,0;0,0;0,0;0,0;0,0
IJV;NL:Q:46002620;Wkc Zuid;Zwolle;0,9;1,3;0,0;0,0;0,0;0,0
IJV;NL:Q:46002700;Gedeputeerdenlaan;Zwolle;6,2;8,4;3,7;5,3;2,1;3,2
IJV;NL:Q:46002710;Gedeputeerdenlaan;Zwolle;4,8;6,0;2,8;3,4;2,8;2,7
IJV;NL:Q:46002960;Blaloweg/Hasselterweg;Zwolle;20,2;23,3;3,2;1,3;2,8;0,4
IJV;NL:Q:46003000;Otterveld;Zwolle;0,2;3,6;0,3;1,8;0,1;1,6
IJV;NL:Q:46003050;Otterveld;Zwolle;4,5;0,3;2,2;0,3;1,4;0,0
IJV;NL:Q:46003110;Wkc Forelkolk;Zwolle;1,0;1,7;1,1;0,5;0,2;0,5
IJV;NL:Q:46003120;Wkc Forelkolk;Zwolle;1,9;0,6;1,2;0,8;0,7;0,1
IJV;NL:Q:46003130;Brasemkolk;Zwolle;0,2;1,1;0,1;0,5;0,1;0,3
IJV;NL:Q:46003140;Brasemkolk;Zwolle;0,8;0,9;0,3;0,3;0,4;0,1
IJV;NL:Q:46003170;Hazenveld;Zwolle;0,2;1,8;0,2;0,9;0,1;0,6
IJV;NL:Q:46003180;Hazenveld;Zwolle;1,8;0,2;1,1;0,1;0,5;0,1
IJV;NL:Q:46003200;Van Leeuwtemarke;Zwolle;0,5;4,2;0,6;3,7;0,2;2,0
IJV;NL:Q:46003240;Herenweg;Zwolle;69,2;6,9;2,9;1,0;2,7;0,3
IJV;NL:Q:46003250;Van Leeuwtemarke;Zwolle;5,3;0,5;4,3;0,7;2,6;0,1
IJV;NL:Q:46003290;Heerkensmarke;Zwolle;0,2;3,5;0,1;1,4;0,2;1,2
IJV;NL:Q:46003310;Heerkensmarke;Zwolle;4,7;0,3;2,2;0,3;1,8;0,2
IJV;NL:Q:46003800;Oldeneelallee;Zwolle;0,9;2,3;0,0;0,0;0,0;0,0
IJV;NL:Q:46003850;Oldeneelallee;Zwolle;1,9;2,2;0,0;0,0;0,0;0,0
IJV;NL:Q:46003900;Nieuwe Deventerweg/KWS;Zwolle;2,4;2,8;0,0;0,0;0,0;0,0
IJV;NL:Q:46003950;Nieuwe Deventerweg/KWS;Zwolle;4,0;2,4;0,0;0,0;0,0;0,0
IJV;NL:Q:46004001;Station;Zwolle;327,4;148,8;99,7;59,6;54,5;42,9
IJV;NL:Q:46004002;Station;Zwolle;358,3;79,6;132,1;24,4;54,8;4,1
IJV;NL:Q:46004003;Station;Zwolle;14,3;1,6;0,7;0,0;2,1;0,0
IJV;NL:Q:46004004;Station;Zwolle;583,1;55,0;0,0;0,0;0,0;0,0
IJV;NL:Q:46004005;Station;Zwolle;0,0;0,0;0,0;0,0;0,0;0,0
IJV;NL:Q:46004006;Station;Zwolle;89,6;494,2;30,7;194,9;18,3;97,7
IJV;NL:Q:46004007;Station;Zwolle;1,0;77,4;2,3;8,8;1,2;4,3
IJV;NL:Q:46004008;Station;Zwolle;6,5;167,8;0,0;0,0;0,0;0,0
IJV;NL:Q:46004009;Station;Zwolle;194,5;27,2;49,2;4,5;31,6;4,1
IJV;NL:Q:46004010;Station;Zwolle;423,2;218,1;217,2;132,3;149,7;95,8
IJV;NL:Q:46004011;Station;Zwolle;199,9;38,6;115,4;20,1;68,0;2,7
IJV;NL:Q:46004021;Station;Zwolle;352,2;164,6;141,9;68,6;97,9;46,7
IJV;NL:Q:46004022;Station;Zwolle;0,0;0,0;0,0;0,0;0,0;0,0
IJV;NL:Q:46004023;Station;Zwolle;425,1;10,5;0,0;0,0;0,0;0,0
IJV;NL:Q:46004024;Station;Zwolle;0,0;0,0;0,0;0,0;0,0;0,0
IJV;NL:Q:46004025;Station;Zwolle;38,3;190,0;16,3;91,3;9,6;65,0
IJV;NL:Q:46004026;Station;Zwolle;91,7;7,6;0,0;0,0;0,0;0,0
IJV;NL:Q:46004027;Station;Zwolle;278,1;33,4;104,8;7,3;67,0;8,4
IJV;NL:Q:46004028;Station;Zwolle;0,0;0,0;0,0;0,0;0,0;0,0
IJV;NL:Q:46004030;Station;Zwolle;31,1;3,4;0,0;0,0;0,0;0,0
IJV;NL:Q:46004031;Station;Zwolle;94,5;78,8;0,0;0,0;0,0;0,0
IJV;NL:Q:46004032;Station;Zwolle;821,6;128,9;0,0;2,9;0,0;2,2
IJV;NL:Q:46004210;Herenweg;Zwolle;14,4;19,7;2,5;4,8;1,0;3,7
IJV;NL:Q:46004410;Schuurmanstraat;Zwolle;11,7;17,0;2,2;6,5;0,8;2,0
IJV;NL:Q:46004450;Schuurmanstraat;Zwolle;9,8;5,6;2,6;1,1;1,3;1,1
IJV;NL:Q:46004500;Trompstraat;Zwolle;21,9;6,3;6,6;2,4;3,6;1,9
IJV;NL:Q:46004530;Stadion;Zwolle;16,4;56,7;4,0;19,4;3,3;8,1
IJV;NL:Q:46004670;Deltion Campus;Zwolle;226,9;88,7;3,5;13,2;1,5;11,7
IJV;NL:Q:46004680;Deltion Campus;Zwolle;1831,4;155,5;18,6;1,4;9,7;0,4
IJV;NL:Q:46004720;Hanzelanden Oost;Zwolle;13,3;2,3;4,2;1,3;6,8;1,6
IJV;NL:Q:46004721;Hanzelanden Oost;Zwolle;18,7;2,9;6,0;0,9;4,5;0,8
IJV;NL:Q:46004740;Park de Wezenlanden;Zwolle;1,9;4,0;0,4;1,0;0,1;0,7
IJV;NL:Q:46004760;Assendorperdijk;Zwolle;3,9;4,5;1,0;1,5;0,5;1,8
IJV;NL:Q:46004790;Nieuwe Deventerweg;Zwolle;6,9;14,1;5,0;9,7;0,3;6,0
IJV;NL:Q:46005335;Klooienberglaan;Zwolle;15,4;4,7;7,9;0,7;4,3;0,5
IJV;NL:Q:46005370;Wkc Diezerpoort;Zwolle;0,0;0,0;0,0;0,0;0,0;0,0
IJV;NL:Q:46005380;Wkc Diezerpoort;Zwolle;0,0;0,0;0,0;0,0;0,0;0,0
IJV;NL:Q:46005410;Frans Halsstraat;Zwolle;4,6;15,5;3,3;8,5;0,7;3,3
IJV;NL:Q:46005420;Frans Halsstraat;Zwolle;16,3;3,3;9,7;1,3;4,3;0,3
IJV;NL:Q:46005550;Pergolesisstraat;Zwolle;6,3;0,0;4,1;0,0;2,0;0,0
IJV;NL:Q:46005570;Buxtehudestraat;Zwolle;4,6;0,0;3,6;0,0;2,2;0,0
IJV;NL:Q:46005590;Bellinistraat;Zwolle;12,7;0,2;12,1;0,0;7,8;0,1
IJV;NL:Q:46005625;Klooienberglaan;Zwolle;4,2;13,6;1,2;7,4;0,4;5,7
IJV;NL:Q:46005810;Morra;Zwolle;0,6;5,4;0,2;3,0;0,0;2,2
IJV;NL:Q:46005850;Bachlaan;Zwolle;3,1;19,1;0,4;12,1;0,5;5,0
IJV;NL:Q:46005860;Bachlaan;Zwolle;27,1;0,9;11,9;0,3;6,2;0,2
IJV;NL:Q:46005870;Oosterdiep;Zwolle;1,1;5,9;0,4;6,4;0,0;2,5
IJV;NL:Q:46005890;Welle;Zwolle;0,4;3,4;0,2;2,2;0,0;1,3
IJV;NL:Q:46005910;Hunzelaan;Zwolle;0,4;1,4;0,1;1,3;0,1;0,7
IJV;NL:Q:46005920;Hunzelaan;Zwolle;2,9;0,0;2,5;0,1;1,1;0,0
IJV;NL:Q:46005990;Zijpe;Zwolle;0,8;6,2;0,1;2,6;0,1;1,1
IJV;NL:Q:46006030;Dahliastraat;Zwolle;22,6;25,5;0,0;0,0;0,0;0,0
IJV;NL:Q:46006110;Hortensiastraat;Zwolle;2,4;0,7;0,0;0,0;0,0;0,0
IJV;NL:Q:46006130;Molenweg;Zwolle;18,1;18,0;0,0;0,0;0,0;0,0
IJV;NL:Q:46006255;Isala ziekenhuis;Zwolle;84,9;87,4;5,9;18,2;3,4;10,3
IJV;NL:Q:46006400;Campus;Zwolle;16,8;5,5;0,0;0,0;0,0;0,0
IJV;NL:Q:46006530;Burgemeester Roelenweg;Zwolle;20,7;73,3;2,2;3,7;0,9;1,8
IJV;NL:Q:46006540;Burgemeester Roelenweg;Zwolle;73,3;27,7;3,2;3,5;2,1;3,6
IJV;NL:Q:46006600;Blaloweg/Rieteweg;Zwolle;10,9;18,3;0,8;1,6;0,4;1,5
IJV;NL:Q:46006650;Blaloweg/Rieteweg;Zwolle;14,9;7,4;1,0;1,0;1,2;0,8
IJV;NL:Q:46006820;Wkc De Dobbe/Rijnlaan;Zwolle;3,2;20,6;1,6;16,8;1,4;10,8
IJV;NL:Q:46006830;Wkc De Dobbe/Rijnlaan;Zwolle;19,6;0,2;13,3;0,1;5,8;0,0
IJV;NL:Q:46006840;De Zoom;Zwolle;24,5;16,7;7,7;6,4;5,4;4,1
IJV;NL:Q:46006850;De Zoom;Zwolle;13,1;13,2;3,4;5,1;2,3;4,0
IJV;NL:Q:46007000;Vrolijkheid;Zwolle;19,7;36,2;4,5;3,4;3,0;1,9
IJV;NL:Q:46007010;Vrolijkheid;Zwolle;26,0;10,9;1,8;2,5;1,8;1,0
IJV;NL:Q:46007020;Meppelerstraatweg;Zwolle;32,4;25,2;14,2;5,3;9,1;2,8
IJV;NL:Q:46007030;Meppelerstraatweg;Zwolle;29,2;24,4;6,5;8,3;3,8;4,6
IJV;NL:Q:46008050;Wkc Zuid/Democratenlaan;Zwolle;4,7;14,5;5,2;9,3;0,5;5,2
IJV;NL:Q:46008080;Wkc Zuid/Democratenlaan;Zwolle;14,4;0,6;12,2;0,6;3,5;0,1
IJV;NL:Q:46008110;Esdoornstraat;Zwolle;218,4;13,1;10,3;1,0;3,9;0,3
IJV;NL:Q:46008120;Esdoornstraat;Zwolle;40,1;53,7;2,2;4,8;0,2;1,9
IJV;NL:Q:46008130;Gombertstraat;Zwolle;4,4;14,5;3,1;8,8;0,2;3,0
IJV;NL:Q:46008140;Buxtehudestraat;Zwolle;1,6;4,0;0,6;2,7;0,1;0,9
IJV;NL:Q:46008150;Bellinistraat;Zwolle;3,6;11,0;2,3;9,7;0,1;3,9
IJV;NL:Q:46008160;Gombertstraat;Zwolle;11,1;1,3;9,9;0,5;5,1;0,3
IJV;NL:Q:46008180;Bachplein;Zwolle;38,6;94,4;16,2;43,7;6,1;27,9
IJV;NL:Q:46008190;Pergolesisstraat;Zwolle;3,7;10,1;0,8;4,5;0,1;1,9
IJV;NL:Q:46008220;Bachplein;Zwolle;236,7;23,5;61,7;8,9;37,8;5,6
IJV;NL:Q:46008240;Welle;Zwolle;4,9;0,1;4,2;0,0;1,3;0,0
IJV;NL:Q:46008250;Oosterdiep;Zwolle;12,2;0,0;10,5;0,0;5,1;0,0
IJV;NL:Q:46008260;Morra;Zwolle;5,7;0,1;5,3;0,0;1,8;0,0
IJV;NL:Q:46008270;Zijpe;Zwolle;9,2;0,2;6,0;0,1;2,8;0,1
IJV;NL:Q:46008290;Maaslaan;Zwolle;2,4;0,0;2,9;0,0;1,1;0,0
IJV;NL:Q:46008300;Volterbeek;Zwolle;13,2;0,2;12,9;0,0;5,5;0,0
IJV;NL:Q:46008320;Elsbeek;Zwolle;5,6;0,1;15,2;0,1;2,6;0,0
IJV;NL:Q:46008330;Volkerak;Zwolle;1,6;0,0;1,8;0,1;1,2;0,0
IJV;NL:Q:46008360;Wkc De Dobbe;Zwolle;25,2;2,4;20,0;2,1;8,7;0,2
IJV;NL:Q:46008380;Provinciehuis;Zwolle;16,4;13,6;8,2;3,4;3,9;2,9
IJV;NL:Q:46008390;Trompstraat;Zwolle;8,3;26,8;4,1;8,9;2,6;4,7
IJV;NL:Q:46008410;Hogenkampsweg;Zwolle;34,7;3,6;32,3;1,5;12,9;0,6
IJV;NL:Q:46008440;Wkc Zuid/Patriottenlaan;Zwolle;26,2;18,6;14,0;10,5;10,7;5,2
IJV;NL:Q:46008450;Wkc Zuid/Patriottenlaan;Zwolle;18,8;23,7;11,1;14,4;2,9;6,8
IJV;NL:Q:46008460;Hogenkampsweg;Zwolle;9,4;31,1;6,2;25,9;2,3;14,7
IJV;NL:Q:46008580;Stadion;Zwolle;292,7;57,0;5,9;0,3;3,7;0,3
IJV;NL:Q:46010010;Vrolijkheid;Zwolle;0,0;0,1;0,0;0,0;0,0;0,0
IJV;NL:Q:46010030;Zwembad/Landstede;Zwolle;6,9;7,9;0,0;0,0;0,0;0,0
IJV;NL:Q:46010040;Zwembad/Landstede;Zwolle;7,2;11,5;0,0;0,0;0,0;0,0
IJV;NL:Q:46040010;Kasteel Rechteren;Dalfsen;0,0;0,0;0,0;0,0;0,0;0,0
IJV;NL:Q:46040020;Kasteel Rechteren;Dalfsen;0,0;0,1;0,0;0,0;0,0;0,0
IJV;NL:Q:46050010;Cafe Restaurant Madrid;Hessum;1,6;2,4;0,0;0,0;0,0;0,0
IJV;NL:Q:46050020;Cafe Restaurant Madrid;Hessum;0,7;0,5;0,0;0,0;0,0;0,0
IJV;NL:Q:46050030;Huize Vilsteren;Vilsteren;0,5;1,6;0,0;0,0;0,0;0,0
IJV;NL:Q:46050040;Huize Vilsteren;Vilsteren;1,5;0,1;0,0;0,0;0,0;0,0
IJV;NL:Q:46050050;Gasunie;Vilsteren;0,1;0,1;0,0;0,0;0,0;0,0
IJV;NL:Q:46050060;Gasunie;Vilsteren;0,0;0,1;0,0;0,0;0,0;0,0
IJV;NL:Q:46050070;Kaasboerderij Heileuver;Dalmsholte;0,1;0,1;0,0;0,0;0,0;0,0
IJV;NL:Q:46050090;De Marshoeve;Dalmsholte;0,3;0,1;0,0;0,0;0,0;0,0
IJV;NL:Q:46050100;De Marshoeve;Dalmsholte;0,3;0,4;0,0;0,0;0,0;0,0
IJV;NL:Q:46050130;Camping Laarbrug;Vilsteren;0,0;0,0;0,0;0,0;0,0;0,0
IJV;NL:Q:46050140;Camping Laarbrug;Vilsteren;0,0;0,0;0,0;0,0;0,0;0,0
IJV;NL:Q:46060030;Camping Nieuwe Brug;Nieuwe Brug;0,1;0,1;0,0;0,0;0,0;0,0
IJV;NL:Q:46060040;Camping Nieuwe Brug;Nieuwe Brug;0,1;0,0;0,0;0,0;0,0;0,0
IJV;NL:Q:46100000;Frankhuizerallee;Zwolle;20,7;1,5;10,8;0,3;5,3;0,2
IJV;NL:Q:46100010;Frankhuizerallee;Zwolle;2,2;21,6;0,4;9,7;0,2;5,4
IJV;NL:Q:46100020;Twistvlietbrug;Zwolle;15,3;1,1;8,6;1,4;5,1;0,2
IJV;NL:Q:46100030;Twistvlietbrug;Zwolle;2,1;16,3;1,6;9,9;0,4;4,8
IJV;NL:Q:46100040;Katerdijk;Zwolle;104,1;21,9;2,6;3,5;2,1;1,5
IJV;NL:Q:46100050;Katerdijk;Zwolle;17,3;90,7;1,4;1,3;1,3;1,0
IJV;NL:Q:46100060;Belvederelaan;Zwolle;45,7;5,6;13,3;0,9;6,2;0,3
IJV;NL:Q:46100070;Belvederelaan;Zwolle;6,1;43,0;0,4;12,8;0,2;7,1
IJV;NL:Q:46100080;Wkc Stadshagen;Zwolle;27,7;2,5;21,6;1,2;10,3;0,5
IJV;NL:Q:46100090;Wkc Stadshagen;Zwolle;3,9;31,5;1,8;23,1;0,8;10,7
IJV;NL:Q:46100135;Station Stadshagen;Zwolle;97,3;12,4;0,9;1,2;1,0;1,1
IJV;NL:Q:46100145;Station Stadshagen;Zwolle;15,0;28,9;6,3;5,0;3,7;3,9
IJV;NL:Q:46100150;Havezathentunnel;Zwolle;15,4;5,4;6,1;1,2;3,1;0,9
IJV;NL:Q:46100160;Havezathentunnel;Zwolle;2,3;7,2;0,2;3,8;0,2;2,3
IJV;NL:Q:46100170;Nijenhuislaan;Zwolle;15,1;2,7;9,5;1,6;4,4;0,9
IJV;NL:Q:46100180;Nijenhuislaan;Zwolle;1,5;12,5;1,0;8,5;0,5;3,9
IJV;NL:Q:46100230;Bonkenhavestraat;Zwolle;6,1;2,3;0,1;0,1;0,4;0,0
IJV;NL:Q:46100240;Bonkenhavestraat;Zwolle;0,5;2,2;0,0;0,0;0,0;0,0
IJV;NL:Q:46100320;Breecamp;Zwolle;17,9;3,2;7,1;0,8;3,3;0,4
IJV;NL:Q:46100330;Breecamp;Zwolle;4,9;20,0;0,9;7,6;0,5;4,5
IJV;NL:Q:46104001;Het Engelse Werk;Zwolle;5,1;5,3;4,2;4,0;3,2;2,6
IJV;NL:Q:46104002;Het Engelse Werk;Zwolle;7,1;7,4;4,5;6,1;2,5;4,1
IJV;NL:Q:46104003;Oranje Nassaulaan;Zwolle;4,7;62,6;2,6;1,6;2,1;0,7
IJV;NL:Q:46104004;Oranje Nassaulaan;Zwolle;24,5;6,4;1,0;2,6;0,6;2,2
IJV;NL:Q:46104005;Koningin Wilhelminastraat;Zwolle;8,2;24,3;2,6;6,6;2,5;2,8
IJV;NL:Q:46104006;Koningin Wilhelminastraat;Zwolle;49,9;19,4;9,3;2,8;6,0;3,0
IJV;NL:Q:46104021;Katwolderplein/centrum;Zwolle;559,1;225,4;227,6;67,4;110,6;57,9
IJV;NL:Q:46104022;Katwolderplein/Centrum;Zwolle;522,7;288,5;84,8;145,8;56,4;67,8
IJV;NL:Q:46104027;Voorsterpoort;Zwolle;8,3;7,8;0,0;0,0;0,0;0,0
IJV;NL:Q:46104028;Voorsterpoort;Zwolle;8,5;16,5;0,0;0,0;0,0;0,0
IJV;NL:Q:46104030;Waallaan;Zwolle;9,6;0,1;5,7;0,0;4,8;0,0
IJV;NL:Q:46104031;Griegstraat;Zwolle;0,2;10,9;0,1;8,9;0,1;4,0
IJV;NL:Q:46104033;Waallaan;Zwolle;1,9;9,3;0,7;7,0;0,7;6,4
IJV;NL:Q:46104040;Griegstraat;Zwolle;16,5;0,2;9,8;0,1;4,4;0,0
IJV;NL:Q:46110010;Kuyerhuislaan;Zwolle;0,9;0,3;0,0;0,0;0,0;0,0
IJV;NL:Q:46110100;Kroesenallee;Wijthmen;0,2;0,5;0,0;0,0;0,0;0,0
IJV;NL:Q:46110150;Kroesenallee;Wijthmen;0,6;0,2;0,0;0,0;0,0;0,0
IJV;NL:Q:46110310;Mindenstraat;Zwolle;2,6;6,5;0,0;0,2;0,0;0,0
IJV;NL:Q:46110320;Mindenstraat;Zwolle;0,0;0,0;0,0;0,0;0,0;0,0
IJV;NL:Q:46110330;Mindenstraat;Zwolle;1,2;1,4;0,0;0,0;0,0;0,0
IJV;NL:Q:46110340;Mindenstraat;Zwolle;0,0;0,0;0,0;0,0;0,0;0,0
IJV;NL:Q:46110350;Westfalenstraat;Zwolle;37,7;9,1;0,2;0,8;0,0;0,0
IJV;NL:Q:46110360;Westfalenstraat;Zwolle;37,6;1,1;0,6;0,1;0,0;0,0
IJV;NL:Q:46110400;De Marslanden;Wijthmen;1,6;2,8;0,0;0,0;0,0;0,0
IJV;NL:Q:46110750;School De Ambelt;Herfte;0,1;0,0;0,0;0,0;0,0;0,0
IJV;NL:Q:46112650;De Marslanden;Wijthmen;2,3;2,4;0,0;0,0;0,0;0,0
IJV;NL:Q:46120010;Havezatheweg;Genne;0,0;0,0;0,0;0,0;0,0;0,0
IJV;NL:Q:46120020;Havezatheweg;Genne;0,0;0,0;0,0;0,0;0,0;0,0
IJV;NL:Q:46120050;Bedrijvenpark Hessenpoort;Zwolle;20,2;2,3;0,2;0,5;0,0;0,0
IJV;NL:Q:46120060;Bedrijvenpark Hessenpoort;Zwolle;4,8;22,7;0,2;0,4;0,0;0,0
IJV;NL:Q:46120090;Bergkloosterweg;Zwolle;3,8;4,9;1,6;3,4;1,1;1,9
IJV;NL:Q:46120100;Bentheimstraat;Zwolle;34,5;6,6;25,4;1,6;15,2;0,8
IJV;NL:Q:46120110;Bentheimstraat;Zwolle;8,3;31,9;3,1;16,6;1,9;8,7
IJV;NL:Q:46120120;Vechtbrug;Zwolle;2,8;1,9;1,4;0,1;0,6;0,2
IJV;NL:Q:46120130;Vechtbrug;Zwolle;1,2;2,1;0,2;1,0;0,3;0,6
IJV;NL:Q:46120140;Bergkloosterweg;Zwolle;6,0;2,9;5,7;1,1;3,8;1,0
IJV;NL:Q:46120160;Campherbeeklaan;Zwolle;10,0;4,2;3,8;0,4;1,4;0,3
IJV;NL:Q:46120200;Campherbeeklaan;Zwolle;2,5;6,4;0,6;2,6;0,3;0,7
IJV;NL:Q:46120210;Pommerenstraat;Zwolle;3,8;4,2;0,0;0,0;0,0;0,0
IJV;NL:Q:46120230;Paderbornstraat;Zwolle;3,7;3,9;0,0;0,0;0,0;0,0
IJV;NL:Q:46120240;Ravensburgstraat;Zwolle;1,1;2,6;0,0;0,0;0,0;0,0
IJV;NL:Q:46120290;Siegenstraat;Zwolle;2,9;2,4;0,1;0,2;0,0;0,0
IJV;NL:Q:46120300;Siegenstraat;Zwolle;3,2;0,5;0,2;0,0;0,0;0,0
IJV;NL:Q:46120410;Vechtbrug;Zwolle;0,0;0,0;0,0;0,0;0,0;0,0
IJV;NL:Q:46120430;Vechterstrand;Genne;0,0;0,0;0,0;0,0;0,0;0,0
IJV;NL:Q:46120440;Vechterstrand;Genne;0,0;0,1;0,0;0,0;0,0;0,0
IJV;NL:Q:46120450;Doornweg/Vechtdijk;Genne;0,0;0,1;0,0;0,0;0,0;0,0
IJV;NL:Q:46120460;Doornweg/Vechtdijk;Genne;0,0;0,0;0,0;0,0;0,0;0,0
IJV;NL:Q:46120470;Vijfhoekweg;Genne;0,0;0,0;0,0;0,0;0,0;0,0
IJV;NL:Q:46120480;Vijfhoekweg;Genne;0,0;0,0;0,0;0,0;0,0;0,0
IJV;NL:Q:46120490;Dashorstweg;Genne;0,0;0,0;0,0;0,0;0,0;0,0
IJV;NL:Q:46120500;Dashorstweg;Genne;0,0;0,1;0,0;0,0;0,0;0,0
IJV;NL:Q:46120510;Klinkerweg;Genne;0,0;0,1;0,0;0,0;0,0;0,0
IJV;NL:Q:46120520;Klinkerweg;Genne;0,0;0,0;0,0;0,0;0,0;0,0
IJV;NL:Q:46120530;Glinthuisweg;Genne;0,0;0,0;0,0;0,0;0,0;0,0
IJV;NL:Q:46120540;Glinthuisweg;Genne;0,0;0,0;0,0;0,0;0,0;0,0
IJV;NL:Q:46120560;Verkavelingsweg;Genne;0,1;0,0;0,0;0,0;0,0;0,0
IJV;NL:Q:46120730;Verkavelingsweg;Genne;0,0;0,2;0,0;0,0;0,0;0,0
IJV;NL:Q:46124590;Hazelaarlaan;Zwolle;0,9;6,6;3,8;3,6;2,3;3,3
IJV;NL:Q:46124600;Hazelaarlaan;Zwolle;5,0;0,1;1,5;0,3;0,8;0,2
IJV;NL:Q:46124610;Wkc Berkum;Zwolle;0,7;6,0;2,0;6,1;2,7;5,8
IJV;NL:Q:46124620;Wkc Berkum;Zwolle;4,5;0,3;3,6;3,2;2,4;1,8
IJV;NL:Q:46124710;Erasmuslaan;Zwolle;7,6;0,3;0,0;0,0;0,0;0,0
IJV;NL:Q:46124720;Erasmuslaan;Zwolle;1,0;6,8;0,0;0,0;0,0;0,0
IJV;NL:Q:46160110;Het Laar;Ommen;0,0;0,0;0,0;0,0;0,0;0,0
IJV;NL:Q:46160120;Het Laar;Ommen;0,0;0,0;0,0;0,0;0,0;0,0
IJV;NL:Q:46161010;Haarsweg;Ommen;0,0;0,0;0,0;0,0;0,0;0,0
IJV;NL:Q:46161030;Alteveer;Ommen;0,0;0,0;0,0;0,0;0,0;0,0
IJV;NL:Q:46200010;Gorterstraat;Zwolle;0,2;2,2;0,2;0,1;0,1;0,4
IJV;NL:Q:46200020;Martinetstraat;Zwolle;2,3;1,2;0,2;0,1;0,3;0,1
IJV;NL:Q:46200030;Koelmansstraat;Lenthe;0,4;0,2;0,0;0,0;0,0;0,0
IJV;NL:Q:46200040;Boormolen;Zwolle;9,0;2,9;0,4;0,5;0,6;0,2
IJV;NL:Q:46200050;Jonkman;Heino;1,8;0,7;0,0;0,0;0,0;0,0
IJV;NL:Q:46200070;Hagenweg;Lenthe;0,2;0,1;0,0;0,0;0,0;0,0
IJV;NL:Q:46200080;Hagenweg;Lenthe;0,1;0,1;0,0;0,0;0,0;0,0
IJV;NL:Q:46200100;De Gunne;Lenthe;0,0;0,0;0,0;0,0;0,0;0,0
IJV;NL:Q:46200110;De Gunne;Lenthe;0,0;0,0;0,0;0,0;0,0;0,0
IJV;NL:Q:46200120;De Jong;Lenthe;0,0;0,0;0,0;0,0;0,0;0,0
IJV;NL:Q:46200130;De Jong;Lenthe;0,0;0,0;0,0;0,0;0,0;0,0
IJV;NL:Q:46200400;Koelmansstraat;Lenthe;0,2;0,6;0,0;0,0;0,0;0,0
IJV;NL:Q:46204001;Sportlaan;Zwolle;3,4;1,6;0,2;0,0;0,4;0,5
IJV;NL:Q:46204010;Molenhoek;Hoonhorst;0,1;0,0;0,0;0,0;0,0;0,0
IJV;NL:Q:46210020;Marsweg;Hoonhorst;0,2;0,1;0,0;0,0;0,0;0,0
IJV;NL:Q:46210030;Marsweg;Hoonhorst;0,1;0,1;0,0;0,0;0,0;0,0
IJV;NL:Q:46210060;Klapvoortweg;Hoonhorst;0,0;0,0;0,0;0,0;0,0;0,0
IJV;NL:Q:46210070;Klapvoortweg;Hoonhorst;0,0;0,0;0,0;0,0;0,0;0,0
IJV;NL:Q:46210080;Oudeweg;Emmen;0,1;0,1;0,0;0,0;0,0;0,0
IJV;NL:Q:46210090;Oudeweg;Emmen;0,1;0,0;0,0;0,0;0,0;0,0
IJV;NL:Q:46210110;Emmerweg;Emmen;0,0;0,1;0,0;0,0;0,0;0,0
IJV;NL:Q:46210120;Emmerweg;Emmen;0,1;0,0;0,0;0,0;0,0;0,0
IJV;NL:Q:46210130;Overweg NS;Dalfsen;0,0;0,2;0,0;0,0;0,0;0,0
IJV;NL:Q:46210140;Centrum;Hoonhorst;0,3;0,8;0,0;0,0;0,0;0,0
IJV;NL:Q:46210150;Centrum;Hoonhorst;0,9;0,4;0,0;0,0;0,0;0,0
IJV;NL:Q:46211001;De Markte;Zwolle;0,4;0,1;0,0;0,1;0,0;0,0
IJV;NL:Q:46211002;De Markte;Zwolle;0,3;1,1;0,0;0,0;0,0;0,0
IJV;NL:Q:46214000;Molenhoek;Hoonhorst;0,0;0,0;0,0;0,0;0,0;0,0
IJV;NL:Q:46250030;Maatschappij Wijk;Balkbrug;0,0;0,0;0,0;0,0;0,0;0,0
IJV;NL:Q:46250040;Maatschappij Wijk;Balkbrug;0,0;0,0;0,0;0,0;0,0;0,0
IJV;NL:Q:46250050;Tolhuisweg;Witharen;0,0;0,0;0,0;0,0;0,0;0,0
IJV;NL:Q:46250060;Tolhuisweg;Witharen;0,0;0,0;0,0;0,0;0,0;0,0
IJV;NL:Q:46250070;De Haar;Witharen;0,0;0,0;0,0;0,0;0,0;0,0
IJV;NL:Q:46250080;De Haar;Witharen;0,0;0,0;0,0;0,0;0,0;0,0
IJV;NL:Q:46250090;Weth. Petterweg;Ommen;0,0;0,0;0,0;0,0;0,0;0,0
IJV;NL:Q:46250100;Weth. Petterweg;Ommen;0,0;0,0;0,0;0,0;0,0;0,0
IJV;NL:Q:46250110;Tussenweg;Ommen;0,0;0,0;0,0;0,0;0,0;0,0
IJV;NL:Q:46250120;Tussenweg;Ommen;0,0;0,0;0,0;0,0;0,0;0,0
IJV;NL:Q:46250130;Emslandweg;Ommen;0,0;0,0;0,0;0,0;0,0;0,0
IJV;NL:Q:46250140;Emslandweg;Ommen;0,0;0,0;0,0;0,0;0,0;0,0
IJV;NL:Q:46291001;Broekdijk;Brucht;0,0;0,4;0,0;0,4;0,0;0,0
IJV;NL:Q:46291002;Broekdijk;Brucht;0,0;0,0;0,0;0,0;0,0;0,0
IJV;NL:Q:46300050;'t Reelaer;Heino;0,0;0,0;0,0;0,0;0,0;0,0
IJV;NL:Q:46300110;School;Lierderholthuis;0,7;0,2;0,0;0,0;0,0;0,0
IJV;NL:Q:46300120;School;Lierderholthuis;0,3;0,4;0,0;0,0;0,0;0,0
IJV;NL:Q:46300130;Brug;Lierderholthuis;0,6;0,1;0,0;0,0;0,0;0,0
IJV;NL:Q:46300140;Brug;Lierderholthuis;0,1;0,5;0,0;0,0;0,0;0,0
IJV;NL:Q:46300150;Kappert;Lierderholthuis;0,2;0,0;0,0;0,0;0,0;0,0
IJV;NL:Q:46300160;Kappert;Lierderholthuis;0,0;0,2;0,0;0,0;0,0;0,0
IJV;NL:Q:46300180;Kastanje;Heino;0,0;0,4;0,0;0,0;0,0;0,0
IJV;NL:Q:46300200;Wolfkamp;Heino;0,0;0,1;0,0;0,0;0,0;0,0
IJV;NL:Q:46300210;Station;Heino;9,0;5,2;0,0;0,0;0,0;0,0
IJV;NL:Q:46300230;Kiezebos;Heino;1,7;0,2;0,0;0,0;0,0;0,0
IJV;NL:Q:46300240;Kiezebos;Heino;0,2;1,7;0,0;0,0;0,0;0,0
IJV;NL:Q:46300250;Wolfkamp;Heino;0,3;0,1;0,0;0,0;0,0;0,0
IJV;NL:Q:46300270;Brinkzicht;Heino;1,4;0,2;0,0;0,0;0,0;0,0
IJV;NL:Q:46300280;Brinkzicht;Heino;0,4;2,1;0,0;0,0;0,0;0,0
IJV;NL:Q:46300300;Klaproos;Heino;0,2;0,9;0,0;0,0;0,0;0,0
IJV;NL:Q:46300350;Klaproos;Heino;0,5;0,2;0,0;0,0;0,0;0,0
IJV;NL:Q:46300390;Marktplein;Heino;2,6;3,4;0,0;0,0;0,0;0,0
IJV;NL:Q:46300400;Marktplein;Heino;2,1;3,7;0,0;0,0;0,0;0,0
IJV;NL:Q:46300450;Marktplein;Heino;4,6;1,7;0,0;0,0;0,0;0,0
IJV;NL:Q:46300500;Van der Capellenweg;Heino;0,2;2,0;0,0;0,0;0,0;0,0
IJV;NL:Q:46300520;De Haarstraat;Heino;0,0;0,0;0,0;0,0;0,0;0,0
IJV;NL:Q:46300550;Van der Capellenweg;Heino;2,3;0,8;0,0;0,0;0,0;0,0
IJV;NL:Q:46300600;Jonkman;Heino;0,4;1,4;0,0;0,0;0,0;0,0
IJV;NL:Q:46301000;Prunus;Heino;0,0;0,0;0,0;0,0;0,0;0,0
IJV;NL:Q:46301050;Prunus;Heino;0,0;0,0;0,0;0,0;0,0;0,0
IJV;NL:Q:46301120;Industrieweg;Hasselt;4,3;3,5;1,4;0,6;0,9;0,2
IJV;NL:Q:46302010;Zandvoortweg;Hasselt;0,0;0,4;0,0;0,0;0,0;0,0
IJV;NL:Q:46302030;De Baak;Hasselt;0,1;2,6;0,0;0,0;0,0;0,0
IJV;NL:Q:46302040;De Baak;Hasselt;4,2;0,5;0,0;0,0;0,0;0,0
IJV;NL:Q:46302050;Kerspel;Hasselt;0,1;2,7;0,0;0,0;0,0;0,0
IJV;NL:Q:46302060;Kerspel;Hasselt;3,9;0,2;0,0;0,0;0,0;0,0
IJV;NL:Q:46302070;Sportvelden;Hasselt;0,0;0,8;0,0;0,0;0,0;0,0
IJV;NL:Q:46302080;Sportvelden;Hasselt;3,9;3,0;0,0;0,0;0,0;0,0
IJV;NL:Q:46302090;Stadsweg;Hasselt;1,4;5,6;0,0;2,5;0,1;1,9
IJV;NL:Q:46302100;Stadsweg;Hasselt;13,5;0,9;6,6;0,2;2,3;0,1
IJV;NL:Q:46302110;Industrieweg;Hasselt;3,0;7,6;0,3;2,5;0,2;1,8
IJV;NL:Q:46302120;Ter Wee;Hasselt;0,0;0,0;0,0;0,0;0,0;0,0
IJV;NL:Q:46302130;Ter Wee;Hasselt;0,0;0,0;0,0;0,0;0,0;0,0
IJV;NL:Q:46302140;Matenweg;Hasselt;0,0;0,0;0,0;0,0;0,0;0,0
IJV;NL:Q:46302150;Hasselterpand;Hasselt;0,0;0,0;0,0;0,0;0,0;0,0
IJV;NL:Q:46302160;Hasselterpand;Hasselt;0,0;0,0;0,0;0,0;0,0;0,0
IJV;NL:Q:46302170;Matenweg;Hasselt;0,0;0,0;0,0;0,0;0,0;0,0
IJV;NL:Q:46310100;Overweg NS;Dalfsen;0,1;0,0;0,0;0,0;0,0;0,0
IJV;NL:Q:46310150;Gemeentehuis;Dalfsen;2,2;2,8;0,2;0,7;0,0;0,0
IJV;NL:Q:46310300;Gemeentehuis;Dalfsen;4,8;2,0;1,4;0,2;0,0;0,0
IJV;NL:Q:46310350;Pleijendal;Dalfsen;0,5;0,1;0,0;0,0;0,0;0,0
IJV;NL:Q:46310450;De Trefkoele;Dalfsen;1,5;0,5;0,0;0,0;0,0;0,0
IJV;NL:Q:46310500;Pleijendal;Dalfsen;0,1;0,7;0,0;0,0;0,0;0,0
IJV;NL:Q:46310600;De Trefkoele;Dalfsen;0,3;0,8;0,0;0,0;0,0;0,0
IJV;NL:Q:46310610;De Trefkoele;Dalfsen;1,8;1,5;0,2;0,7;0,0;0,0
IJV;NL:Q:46310620;De Trefkoele;Dalfsen;0,9;1,9;0,2;0,2;0,0;0,0
IJV;NL:Q:46310750;Bontekamp;Dalfsen;2,1;0,4;0,0;0,0;0,0;0,0
IJV;NL:Q:46310900;Bontekamp;Dalfsen;0,4;1,3;0,0;0,0;0,0;0,0
IJV;NL:Q:46311005;Station;Dalfsen;43,9;37,1;4,8;4,4;0,0;0,0
IJV;NL:Q:46311010;Foreco;Dalfsen;0,2;0,0;0,0;0,0;0,0;0,0
IJV;NL:Q:46311011;Foreco;Dalfsen;0,0;0,4;0,0;0,0;0,0;0,0
IJV;NL:Q:46311013;Kortersweg;Dalfsen;0,1;0,0;0,0;0,0;0,0;0,0
IJV;NL:Q:46311014;Kortersweg;Dalfsen;0,0;0,2;0,0;0,0;0,0;0,0
IJV;NL:Q:46311050;Polhaarweg;Dalfsen;0,5;5,0;0,0;1,1;0,0;0,0
IJV;NL:Q:46311100;Polhaarweg;Dalfsen;5,1;0,4;1,0;0,0;0,0;0,0
IJV;NL:Q:46311130;Haersolteweg;Dalfsen;0,2;1,8;0,2;0,9;0,0;0,0
IJV;NL:Q:46311140;Haersolteweg;Dalfsen;1,6;0,3;1,1;0,2;0,0;0,0
IJV;NL:Q:46311155;Huize Gerner;Dalfsen;0,5;0,5;0,4;0,3;0,0;0,0
IJV;NL:Q:46311160;Huize Gerner;Dalfsen;0,3;0,4;0,3;0,2;0,0;0,0
IJV;NL:Q:46311170;Langkamp;Dalfsen;0,9;0,7;0,0;0,1;0,0;0,0
IJV;NL:Q:46311180;Langkamp;Dalfsen;0,8;0,9;0,3;0,0;0,0;0,0
IJV;NL:Q:46311190;WZC Rosengaerde;Dalfsen;1,7;1,9;0,9;0,4;0,0;0,0
IJV;NL:Q:46311200;WZC Rosengaerde;Dalfsen;1,8;3,8;0,2;1,2;0,0;0,0
IJV;NL:Q:46311500;Kievitsbloem;Dalfsen;0,4;2,4;0,1;0,8;0,0;0,0
IJV;NL:Q:46311550;Kievitsbloem;Dalfsen;3,0;0,3;0,7;0,1;0,0;0,0
IJV;NL:Q:46320010;Het Rode Dak;Genne;0,0;0,1;0,0;0,0;0,0;0,0
IJV;NL:Q:46320020;Het Rode Dak;Genne;0,0;0,0;0,0;0,0;0,0;0,0
IJV;NL:Q:46320040;Boerderijweg;Genne;0,0;0,0;0,0;0,0;0,0;0,0
IJV;NL:Q:46320050;Boerderijweg;Genne;0,0;0,1;0,0;0,0;0,0;0,0
IJV;NL:Q:46320060;Zandvoortweg;Hasselt;0,0;0,0;0,0;0,0;0,0;0,0
IJV;NL:Q:46330010;Noorderpark;Nieuwleusen;1,5;0,7;0,3;0,5;0,0;0,0
IJV;NL:Q:46350010;Woestenweg;Balkbrug;0,0;0,0;0,0;0,0;0,0;0,0
IJV;NL:Q:46350020;Woestenweg;Balkbrug;0,0;0,0;0,0;0,0;0,0;0,0
IJV;NL:Q:46350380;Rijksinst. Veldzicht;Balkbrug;0,0;0,0;0,0;0,0;0,0;0,0
IJV;NL:Q:46350390;Rijksinst. Veldzicht;Balkbrug;0,0;0,0;0,0;0,0;0,0;0,0
IJV;NL:Q:46350500;Koloniedijk;Balkbrug;0,0;0,0;0,0;0,0;0,0;0,0
IJV;NL:Q:46350510;Koloniedijk;Balkbrug;0,0;0,0;0,0;0,0;0,0;0,0
IJV;NL:Q:46350520;Ommerschans;Balkbrug;0,0;0,0;0,0;0,0;0,0;0,0
IJV;NL:Q:46350530;Ommerschans;Balkbrug;0,0;0,0;0,0;0,0;0,0;0,0
IJV;NL:Q:46390010;De Schakel;Gramsbergen;0,4;0,0;0,0;0,0;0,0;0,0
IJV;NL:Q:46390020;De Schakel;Gramsbergen;0,0;0,4;0,0;0,0;0,0;0,0
IJV;NL:Q:46390030;Loozermars/De Lhee;Gramsbergen;0,2;0,0;0,0;0,0;0,0;0,0
IJV;NL:Q:46390040;Loozermars/De Lhee;Gramsbergen;0,0;0,2;0,0;0,0;0,0;0,0
IJV;NL:Q:46400054;Station;Raalte;83,4;26,5;22,7;8,9;16,5;7,4
IJV;NL:Q:46400055;Station;Raalte;13,6;15,4;0,0;0,0;0,0;0,0
IJV;NL:Q:46400100;Station;Raalte;13,7;13,0;1,2;2,2;0,0;0,0
IJV;NL:Q:46400152;Kruisstraat;Raalte;16,0;17,4;8,2;4,2;4,2;2,6
IJV;NL:Q:46400200;Kruisstraat;Raalte;2,5;8,8;0,8;5,0;0,0;1,4
IJV;NL:Q:46400250;Westdorplaan;Raalte;17,9;3,9;8,0;0,6;5,2;0,6
IJV;NL:Q:46400300;Westdorplaan;Raalte;4,6;17,8;0,3;8,2;0,2;3,6
IJV;NL:Q:46400550;Willem Stoltehof;Raalte;10,8;1,0;3,1;0,3;2,3;0,2
IJV;NL:Q:46400700;Willem Stoltehof;Raalte;2,9;11,7;0,1;2,6;0,1;1,7
IJV;NL:Q:46401150;Pauluskerk;Raalte;22,3;6,8;10,9;3,0;6,8;2,1
IJV;NL:Q:46401250;De Haar;Raalte;2,4;1,8;0,1;0,8;0,0;0,0
IJV;NL:Q:46401350;Langkampweg;Raalte;2,1;0,3;0,2;0,0;0,0;0,0
IJV;NL:Q:46401400;De Hoven;Raalte;3,6;9,8;0,5;5,6;0,4;3,1
IJV;NL:Q:46401470;Carpoolplaats;Raalte;6,3;2,1;0,0;0,0;0,0;0,0
IJV;NL:Q:46401500;Pauluskerk;Raalte;6,9;18,2;1,0;8,6;0,9;5,3
IJV;NL:Q:46401550;Peelsbos;Raalte;0,3;0,1;0,0;0,0;0,0;0,0
IJV;NL:Q:46401600;De Haar;Raalte;1,8;1,7;0,8;0,2;0,0;0,0
IJV;NL:Q:46401700;Langkampweg;Raalte;0,6;1,9;0,1;0,6;0,0;0,0
IJV;NL:Q:46401820;Carpoolplaats;Raalte;0,7;5,1;0,0;0,0;0,0;0,0
IJV;NL:Q:46401900;Peelsbos;Raalte;0,0;0,3;0,0;0,0;0,0;0,0
IJV;NL:Q:46402010;Merel;Raalte;0,2;0,3;0,0;0,0;0,0;0,0
IJV;NL:Q:46402040;Merel;Raalte;0,1;0,1;0,0;0,0;0,0;0,0
IJV;NL:Q:46402050;Dumbarstraat;Raalte;3,0;1,2;0,2;0,1;0,0;0,0
IJV;NL:Q:46402060;Dumbarstraat;Raalte;2,1;3,9;0,3;0,2;0,0;0,0
IJV;NL:Q:46403010;Kloosterziel;De Velde;0,1;0,4;0,0;0,1;0,0;0,1
IJV;NL:Q:46403020;Kloosterziel;De Velde;0,3;0,0;0,1;0,0;0,3;0,0
IJV;NL:Q:46419003;De Stokte;Oudleusen;0,5;0,1;0,1;0,0;0,0;0,0
IJV;NL:Q:46419004;De Stokte;Oudleusen;0,1;0,4;0,0;0,0;0,0;0,0
IJV;NL:Q:46419005;Dennenkamp;Dalfsen;2,9;0,5;0,7;0,0;0,0;0,0
IJV;NL:Q:46419006;Dennenkamp;Oudleusen;0,7;1,9;0,0;0,6;0,0;0,0
IJV;NL:Q:46430150;Doktersbrug;Lemelerveld;0,4;0,0;0,0;0,0;0,0;0,0
IJV;NL:Q:46430250;Dwarsweg;Lemelerveld;0,5;0,0;0,0;0,0;0,0;0,0
IJV;NL:Q:46430300;Doktersbrug;Lemelerveld;0,0;0,6;0,0;0,0;0,0;0,0
IJV;NL:Q:46430350;Klipperstraat;Lemelerveld;5,9;0,1;0,0;0,0;0,0;0,0
IJV;NL:Q:46430400;Dwarsweg;Lemelerveld;0,0;0,2;0,0;0,0;0,0;0,0
IJV;NL:Q:46430450;Posthoornweg;Lemelerveld;4,5;0,0;0,0;0,0;0,0;0,0
IJV;NL:Q:46430460;Posthoornweg;Lemelerveld;0,0;1,6;0,0;0,0;0,0;0,0
IJV;NL:Q:46430500;Klipperstraat;Lemelerveld;0,0;5,6;0,0;0,0;0,0;0,0
IJV;NL:Q:46430550;Parallelstraat;Lemelerveld;5,2;1,3;0,0;0,0;0,0;0,0
IJV;NL:Q:46430600;Posthoornweg;Lemelerveld;0,0;2,8;0,0;0,0;0,0;0,0
IJV;NL:Q:46430700;Parallelstraat;Lemelerveld;0,3;2,3;0,0;0,0;0,0;0,0
IJV;NL:Q:46450340;Varkensmarkt;Raalte;0,4;1,7;0,0;0,0;0,0;0,0
IJV;NL:Q:46501010;Kranerweerd;Zwartsluis;0,7;5,4;0,0;1,2;0,2;0,8
IJV;NL:Q:46501020;Kranerweerd;Zwartsluis;3,7;0,9;0,9;0,4;0,6;0,1
IJV;NL:Q:46501030;Nieuwesluis;Zwartsluis;2,8;15,5;0,3;6,2;0,2;4,3
IJV;NL:Q:46501040;Nieuwesluis;Zwartsluis;14,9;0,8;5,6;0,7;3,5;0,3
IJV;NL:Q:46501050;Zomerdijk;Zwartsluis;0,1;0,1;0,3;0,1;0,3;0,0
IJV;NL:Q:46501060;Zomerdijk;Zwartsluis;0,0;0,1;0,0;0,0;0,0;0,0
IJV;NL:Q:46501070;Westeinde - Rotonde;Zwartsluis;1,8;10,8;0,2;1,8;0,2;1,6
IJV;NL:Q:46501080;Westeinde - Rotonde;Zwartsluis;12,8;0,5;3,1;0,6;2,2;0,2
IJV;NL:Q:46511010;De Noorde;Zwartsluis;0,8;1,5;0,3;0,6;0,1;0,9
IJV;NL:Q:46511020;De Noorde;Zwartsluis;1,2;1,6;1,3;0,3;1,1;0,1
IJV;NL:Q:46511030;Zieltje;Zwartsluis;0,1;0,4;0,0;0,0;0,0;0,0
IJV;NL:Q:46511040;Zieltje;Zwartsluis;0,5;0,3;0,0;0,0;0,0;0,0
IJV;NL:Q:46520010;Flevoweg;Sint Jansklooster;9,5;2,7;1,7;1,2;1,4;0,2
IJV;NL:Q:46520020;Flevoweg;Sint Jansklooster;4,2;8,3;1,0;1,2;0,2;1,1
IJV;NL:Q:46520030;Veneweg;Sint Jansklooster;12,3;1,8;3,4;0,5;1,7;0,3
IJV;NL:Q:46520040;Veneweg;Sint Jansklooster;3,8;11,7;0,8;2,8;0,3;1,6
IJV;NL:Q:46522010;Barsbeek;Heetveld;0,9;1,6;0,0;0,3;0,0;0,0
IJV;NL:Q:46522020;Barsbeek;Heetveld;1,9;0,3;0,4;0,0;0,1;0,0
IJV;NL:Q:46522070;Barsbeek 36;Sint Jansklooster;0,4;2,2;0,0;0,3;0,0;0,1
IJV;NL:Q:46522080;Barsbeek 36;Sint Jansklooster;1,7;0,4;0,2;0,1;0,2;0,1
IJV;NL:Q:46522090;Kadoelen;Kadoelen;0,3;0,5;0,1;0,0;0,1;0,1
IJV;NL:Q:46522100;Kadoelen;Kadoelen;1,4;0,3;0,1;0,2;0,1;0,0
IJV;NL:Q:46522110;Dennenbos;Sint Jansklooster;0,0;0,6;0,0;0,0;0,0;0,0
IJV;NL:Q:46522120;Dennenbos;Sint Jansklooster;0,6;0,0;0,0;0,0;0,0;0,0
IJV;NL:Q:46522130;Oldenhof Kadoelerweg;Sint Jansklooster;0,0;0,1;0,0;0,0;0,0;0,0
IJV;NL:Q:46522140;Oldenhof Kadoelerweg;Sint Jansklooster;0,1;0,0;0,0;0,0;0,0;0,0
IJV;NL:Q:46522150;Halleweg;Sint Jansklooster;0,1;0,6;0,0;0,0;0,0;0,0
IJV;NL:Q:46522160;Halleweg;Sint Jansklooster;0,5;0,0;0,0;0,0;0,0;0,0
IJV;NL:Q:46522170;Zuurbeek;Sint Jansklooster;0,0;0,2;0,0;0,0;0,0;0,0
IJV;NL:Q:46522180;Zuurbeek;Sint Jansklooster;0,0;0,0;0,0;0,0;0,0;0,0
IJV;NL:Q:46531010;Verlengde Duinweg;Sint Jansklooster;0,5;1,6;0,2;0,4;0,1;0,2
IJV;NL:Q:46531020;Verlengde Duinweg;Sint Jansklooster;0,8;0,5;0,1;0,2;0,1;0,1
IJV;NL:Q:46531030;Weyert;Vollenhove;1,9;10,3;0,3;2,4;0,2;1,5
IJV;NL:Q:46531040;Weyert;Vollenhove;12,1;2,0;2,3;0,4;1,2;0,0
IJV;NL:Q:46531050;Zwembad;Vollenhove;5,7;13,9;2,1;3,8;1,4;2,6
IJV;NL:Q:46531060;Zwembad;Vollenhove;12,4;9,0;3,8;2,8;3,6;1,4
IJV;NL:Q:46540050;Pleegsterhalte;Pleegste;0,4;0,1;0,2;0,0;0,0;0,0
IJV;NL:Q:46540100;De Heuvel;Pleegste;0,4;1,7;0,1;0,8;0,0;0,5
IJV;NL:Q:46540150;Van Rossum;Pleegste;0,6;0,2;0,2;0,1;0,8;0,0
IJV;NL:Q:46540200;Hoogspanningsgebouw;Pleegste;0,1;0,4;0,0;0,2;0,0;0,0
IJV;NL:Q:46540250;Hoogspanningsgebouw;Pleegste;0,2;0,2;0,1;0,0;0,0;0,0
IJV;NL:Q:46540300;Van Rossum;Pleegste;0,3;0,8;0,0;0,4;0,2;0,1
IJV;NL:Q:46540350;De Heuvel;Pleegste;1,6;0,6;0,5;0,1;0,6;0,0
IJV;NL:Q:46540400;Pleegsterhalte;Pleegste;0,2;0,5;0,0;0,2;0,0;0,1
IJV;NL:Q:46540450;De Hoven;Raalte;12,3;4,3;5,8;1,1;4,0;0,7
IJV;NL:Q:46540500;Broeklanderweg;Wesepe;0,7;2,4;0,0;0,8;0,1;0,7
IJV;NL:Q:46541010;Overtoom;Genemuiden;31,9;6,6;5,5;1,3;0,0;0,0
IJV;NL:Q:46541020;Overtoom;Genemuiden;8,5;15,9;1,8;4,5;0,0;0,0
IJV;NL:Q:46541030;Hervormd Centrum;Genemuiden;15,5;4,2;2,5;0,8;0,0;0,0
IJV;NL:Q:46541040;Hervormd Centrum;Genemuiden;2,6;10,6;0,5;1,8;0,0;0,0
IJV;NL:Q:46541050;De Meente;Genemuiden;5,1;15,3;1,3;3,5;0,0;0,0
IJV;NL:Q:46541060;De Meente;Genemuiden;23,8;7,0;4,7;2,7;0,0;0,0
IJV;NL:Q:46552030;Oude Stoomgemaal;Genemuiden;0,1;0,6;0,0;0,2;0,0;0,0
IJV;NL:Q:46552040;Oude Stoomgemaal;Genemuiden;0,2;0,2;0,1;0,2;0,0;0,0
IJV;NL:Q:46552050;Kamperzeedijk 21;Kamperzeedijk;0,5;0,2;0,1;0,0;0,0;0,0
IJV;NL:Q:46552060;Kamperzeedijk 21;Kamperzeedijk;0,1;0,5;0,3;0,3;0,0;0,0
IJV;NL:Q:46560010;Kamperzeedijk/West;Kamperzeedijk;1,5;0,4;0,5;0,1;0,0;0,0
IJV;NL:Q:46560020;Kamperzeedijk/West;Kamperzeedijk;0,4;1,4;1,0;0,9;0,0;0,0
IJV;NL:Q:46560050;Nieuwe Gemaal;Kamperzeedijk;0,1;0,0;0,0;0,2;0,0;0,0
IJV;NL:Q:46560060;Nieuwe Gemaal;Kamperzeedijk;0,0;0,2;0,3;0,2;0,0;0,0
IJV;NL:Q:46560070;Mandjeswaard;Grafhorst;0,1;0,0;0,0;0,0;0,0;0,0
IJV;NL:Q:46560080;Mandjeswaard;Grafhorst;0,1;0,1;0,0;0,0;0,0;0,0
IJV;NL:Q:46600100;Giethemer Kerkpad;Ommen;0,0;0,0;0,0;0,0;0,0;0,0
IJV;NL:Q:46600150;Giethemer Kerkpad;Ommen;0,1;0,5;0,0;0,0;0,0;0,0
IJV;NL:Q:46602010;Belterweg;Belt Schutsloot;0,7;0,5;0,2;0,1;0,2;0,1
IJV;NL:Q:46602020;Belterweg;Belt Schutsloot;0,3;0,8;0,2;0,1;0,0;0,2
IJV;NL:Q:46610650;Station;Ommen;5,2;3,4;0,0;0,0;0,0;0,0
IJV;NL:Q:46610770;Guido de Bresschool;Ommen;0,0;0,0;0,0;0,0;0,0;0,0
IJV;NL:Q:46611210;Markt;Ommen;2,0;0,4;0,0;0,0;0,0;0,0
IJV;NL:Q:46611250;Chevalleraustraat;Ommen;0,1;0,0;0,0;0,0;0,0;0,0
IJV;NL:Q:46611400;Chevalleraustraat;Ommen;0,1;1,8;0,0;0,0;0,0;0,0
IJV;NL:Q:46611500;Strangeweg;Ommen;0,0;0,0;0,0;0,0;0,0;0,0
IJV;NL:Q:46613020;Danteweg;Ommen;1,0;2,3;0,0;0,0;0,0;0,0
IJV;NL:Q:46613030;Danteweg;Ommen;0,8;0,1;0,0;0,0;0,0;0,0
IJV;NL:Q:46613050;Centrum;Ommen;0,0;0,0;0,0;0,0;0,0;0,0
IJV;NL:Q:46613060;Centrum;Ommen;0,0;1,6;0,0;0,0;0,0;0,0
IJV;NL:Q:46630110;Strandje;Belt Schutsloot;0,2;0,1;0,1;0,0;0,0;0,1
IJV;NL:Q:46630120;Strandje;Belt Schutsloot;0,0;0,5;0,0;0,3;0,0;0,3
IJV;NL:Q:46630130;Giethoorn Zuid;Giethoorn;1,5;0,3;1,3;0,5;1,4;1,0
IJV;NL:Q:46630140;Giethoorn Zuid;Giethoorn;0,2;1,1;3,3;3,2;1,6;2,1
IJV;NL:Q:46630150;Hollands Venetië;Giethoorn;6,4;1,9;3,5;1,6;2,9;0,9
IJV;NL:Q:46630160;Hollands Venetië;Giethoorn;1,3;3,8;12,8;12,4;8,4;6,6
IJV;NL:Q:46630170;Hervormde Kerk;Wanneperveen;0,0;0,0;0,0;0,0;0,0;0,0
IJV;NL:Q:46630180;Hervormde Kerk;Wanneperveen;0,1;0,1;0,0;0,0;0,0;0,0
IJV;NL:Q:46630190;Veldweg;Wanneperveen;0,0;0,1;0,0;0,0;0,0;0,0
IJV;NL:Q:46630200;Veldweg;Wanneperveen;0,0;0,0;0,0;0,0;0,0;0,0
IJV;NL:Q:46630210;Hotel Belterwiede;Wanneperveen;0,0;0,2;0,0;0,0;0,0;0,0
IJV;NL:Q:46630220;Hotel Belterwiede;Wanneperveen;0,0;0,0;0,0;0,0;0,0;0,0
IJV;NL:Q:46630230;Perceel 252;Wanneperveen;0,0;0,0;0,0;0,0;0,0;0,0
IJV;NL:Q:46630240;Perceel 252;Wanneperveen;0,0;0,0;0,0;0,0;0,0;0,0
IJV;NL:Q:46640050;Boxbergerweg;Wesepe;4,3;1,2;2,5;0,3;1,1;0,2
IJV;NL:Q:46640070;Boxbergerweg;Wesepe;0,1;0,2;0,0;0,0;0,0;0,0
IJV;NL:Q:46640080;Boxbergerweg;Wesepe;0,1;0,1;0,0;0,0;0,0;0,0
IJV;NL:Q:46640100;Velsdijk;Wesepe;2,7;5,3;0,8;2,8;0,4;2,0
IJV;NL:Q:46640250;Velsdijk;Wesepe;6,2;2,8;3,3;0,7;1,8;0,5
IJV;NL:Q:46640300;Boxbergerweg;Wesepe;1,5;3,6;0,1;1,8;0,1;0,9
IJV;NL:Q:46640350;Broeklanderweg;Wesepe;2,1;0,3;1,1;0,1;0,9;0,1
IJV;NL:Q:46640400;Klooster Nieuw Sion;Schalkhaar;0,0;0,0;0,0;0,0;0,0;0,0
IJV;NL:Q:46641030;Groene Kruis;Giethoorn;4,7;1,1;2,4;1,7;2,0;1,1
IJV;NL:Q:46641040;Groene Kruis;Giethoorn;1,1;3,8;3,4;6,0;3,9;4,8
IJV;NL:Q:46650010;Lindehof;Giethoorn;1,8;0,2;0,1;0,4;0,3;0,2
IJV;NL:Q:46650020;Lindehof;Giethoorn;0,2;1,6;0,5;0,8;0,8;0,6
IJV;NL:Q:46650030;Brug;Giethoorn;0,8;0,1;0,2;0,1;0,1;0,1
IJV;NL:Q:46650040;Brug;Giethoorn;0,2;0,6;0,0;0,2;0,1;0,1
IJV;NL:Q:46650050;Perceel 9;Giethoorn;0,1;0,0;0,5;0,1;0,0;0,0
IJV;NL:Q:46650060;Perceel 9;Giethoorn;0,0;0,1;0,2;0,2;0,0;0,1
IJV;NL:Q:46660030;Nieuwedijk;Dinxterveen;0,0;0,0;0,0;0,0;0,0;0,0
IJV;NL:Q:46660040;Nieuwedijk;Dinxterveen;0,0;0,2;0,0;0,0;0,0;0,0
IJV;NL:Q:46660050;Gasthuisdijk;Dinxterveen;0,0;0,2;0,0;0,0;0,0;0,0
IJV;NL:Q:46660060;Gasthuisdijk;Dinxterveen;0,1;0,0;0,0;0,0;0,0;0,0
IJV;NL:Q:46660070;Perceel 44;Dinxterveen;0,0;0,0;0,0;0,0;0,0;0,0
IJV;NL:Q:46660080;Perceel 44;Dinxterveen;0,0;0,0;0,0;0,0;0,0;0,0
IJV;NL:Q:46660090;Urkerpad;Wanneperveen;0,0;0,0;0,0;0,0;0,0;0,0
IJV;NL:Q:46660100;Urkerpad;Wanneperveen;0,0;0,0;0,0;0,0;0,0;0,0
IJV;NL:Q:46660110;Perceel 80;Wanneperveen;0,0;0,0;0,0;0,0;0,0;0,0
IJV;NL:Q:46660120;Perceel 80;Wanneperveen;0,0;0,0;0,0;0,0;0,0;0,0
IJV;NL:Q:46660130;Wethouder Vosstraat;Wanneperveen;0,0;0,3;0,0;0,0;0,0;0,0
IJV;NL:Q:46660140;Wethouder Vosstraat;Wanneperveen;0,2;0,0;0,0;0,0;0,0;0,0
IJV;NL:Q:46660150;Roege Hoeve;Wanneperveen;0,0;0,0;0,0;0,0;0,0;0,0
IJV;NL:Q:46660160;Roege Hoeve;Wanneperveen;0,0;0,0;0,0;0,0;0,0;0,0
IJV;NL:Q:46660170;'t Haagje;Wanneperveen;0,0;0,2;0,0;0,0;0,0;0,0
IJV;NL:Q:46660180;'t Haagje;Wanneperveen;0,1;0,0;0,0;0,0;0,0;0,0
IJV;NL:Q:46740010;De Wesenberg;Tongeren;0,4;0,1;0,1;0,0;0,0;0,0
IJV;NL:Q:46740020;De Wesenberg;Tongeren;0,1;1,1;0,0;0,1;0,0;0,0
IJV;NL:Q:46740100;Begraafplaats;Schalkhaar;1,1;1,9;0,6;1,1;0,3;0,7
IJV;NL:Q:46740150;Frieswijk;Schalkhaar;0,1;0,1;0,1;0,0;0,0;0,0
IJV;NL:Q:46740160;Crematorium;Schalkhaar;1,2;1,9;0,7;0,2;0,3;0,2
IJV;NL:Q:46740250;Frieswijkerweg;Schalkhaar;0,4;0,2;0,1;0,1;0,1;0,1
IJV;NL:Q:46740260;Crematorium;Schalkhaar;1,3;0,8;0,2;0,7;0,2;0,2
IJV;NL:Q:46740300;Frieswijk;Schalkhaar;0,0;0,2;0,1;0,1;0,0;0,1
IJV;NL:Q:46740350;Klooster Nieuw Sion;Schalkhaar;0,0;0,0;0,0;0,0;0,0;0,0
IJV;NL:Q:46740400;Frieswijkerweg;Schalkhaar;0,2;0,5;0,0;0,2;0,0;0,2
IJV;NL:Q:46776310;Broekland;Broekland;0,6;0,6;0,1;0,7;0,0;0,0
IJV;NL:Q:46776320;Broekland;Broekland;1,4;0,6;1,1;0,3;0,0;0,0
IJV;NL:Q:46780010;Zonnenbergerweg;Wesepe;0,1;0,0;0,0;0,0;0,0;0,0
IJV;NL:Q:46780020;Zonnenbergerweg;Wesepe;0,0;0,1;0,0;0,0;0,0;0,0
IJV;NL:Q:46780030;Kerk;Wesepe;0,1;0,1;0,0;0,0;0,0;0,0
IJV;NL:Q:46780040;Kerk;Wesepe;0,0;0,3;0,0;0,0;0,0;0,0
IJV;NL:Q:46800010;Ittersumallee;Zwolle;1,9;3,0;0,0;0,0;0,0;0,0
IJV;NL:Q:46820110;Colckhof;Laag Zuthem;0,0;0,0;0,0;0,0;0,0;0,0
IJV;NL:Q:46820120;Colckhof;Laag Zuthem;0,0;0,0;0,0;0,0;0,0;0,0
IJV;NL:Q:46840010;Hartkampweg;Raalte;0,2;0,3;0,0;0,0;0,0;0,0
IJV;NL:Q:46840020;Hartkampweg;Raalte;0,3;0,4;0,0;0,0;0,0;0,0
IJV;NL:Q:46840030;Gemeentehuis;Raalte;0,0;0,1;0,0;0,0;0,0;0,0
IJV;NL:Q:46840040;Gemeentehuis;Raalte;0,2;0,0;0,0;0,0;0,0;0,0
IJV;NL:Q:46841001;Ceintuurbaan;Raalte;0,1;0,5;0,0;0,0;0,0;0,0
IJV;NL:Q:46841002;Ceintuurbaan;Raalte;0,8;1,1;0,0;0,0;0,0;0,0
IJV;NL:Q:46870010;Migaweg;Dalmsholte;0,0;0,0;0,0;0,0;0,0;0,0
IJV;NL:Q:46870030;Maanweg;Lemele;0,0;0,0;0,0;0,0;0,0;0,0
IJV;NL:Q:46890030;Evenemententerrein;Lemelerveld;12,2;8,6;0,0;0,0;0,0;0,0
IJV;NL:Q:46890040;Handelsweg;Lemelerveld;0,7;0,6;0,0;0,0;0,0;0,0
IJV;NL:Q:46890050;Handelsweg;Lemelerveld;0,0;0,4;0,0;0,0;0,0;0,0
IJV;NL:Q:46890070;Kroonplein;Lemelerveld;0,0;0,0;0,0;0,0;0,0;0,0
IJV;NL:Q:46970010;Stevenskamp;Heeten;0,6;0,2;0,0;0,0;0,0;0,0
IJV;NL:Q:46970020;Stevenskamp;Heeten;0,1;1,1;0,0;0,0;0,0;0,0
IJV;NL:Q:47130010;Hasselterweg;Zwolle;8,6;17,3;3,4;7,2;2,3;3,5
IJV;NL:Q:47130020;Hasselterweg;Zwolle;6,7;4,0;2,4;1,9;1,0;1,5
IJV;NL:Q:47130030;Zwolseweg;Zwolle;0,5;2,7;0,1;1,4;0,1;0,5
IJV;NL:Q:47130040;Zwolseweg;Zwolle;1,1;0,5;0,6;0,2;0,3;0,2
IJV;NL:Q:47130100;Veecaten;'s-Heerenbroek;0,0;0,0;0,0;0,0;0,0;0,0
IJV;NL:Q:47130150;Veecaten;'s-Heerenbroek;0,0;0,0;0,0;0,0;0,0;0,0
IJV;NL:Q:47130200;Bisschopswetering;'s-Heerenbroek;0,0;0,0;0,0;0,0;0,0;0,0
IJV;NL:Q:47130250;Bisschopswetering;'s-Heerenbroek;0,3;0,0;0,0;0,0;0,0;0,0
IJV;NL:Q:47130300;Schoolsteeg;'s-Heerenbroek;0,0;0,0;0,0;0,0;0,0;0,0
IJV;NL:Q:47130350;Schoolsteeg;'s-Heerenbroek;0,0;0,0;0,0;0,0;0,0;0,0
IJV;NL:Q:47130400;Zwolseweg 56;Wilsum;0,0;0,0;0,0;0,0;0,0;0,0
IJV;NL:Q:47132520;Blaloweg/Hasselterweg;Zwolle;22,8;14,1;2,0;4,2;0,9;2,6
IJV;NL:Q:47132620;Veronicaweg;Zwolle;5,1;8,9;2,5;5,0;1,1;2,6
IJV;NL:Q:47132750;Petuniaplein;Zwolle;15,5;10,2;10,8;7,7;5,6;5,4
IJV;NL:Q:47132800;Tesjeslaan;Zwolle;8,9;5,8;4,5;3,6;2,1;1,7
IJV;NL:Q:47132850;Melissepad;Zwolle;3,2;1,7;1,4;1,2;2,1;1,4
IJV;NL:Q:47132900;Loggerweg;Zwolle;5,5;5,0;1,0;1,0;0,4;0,4
IJV;NL:Q:47132950;Vogelmelkweg;Zwolle;5,6;3,3;4,7;3,3;2,4;1,7
IJV;NL:Q:47133000;Westenholterallee;Zwolle;20,4;9,3;1,1;1,0;0,1;0,1
IJV;NL:Q:47140010;Staatssecretarislaan;Zwolle;3,2;7,5;1,4;4,0;0,2;2,1
IJV;NL:Q:47140020;Staatssecretarislaan;Zwolle;8,5;0,0;4,3;0,0;4,1;0,0
IJV;NL:Q:47140030;Kamerledenlaan;Zwolle;2,5;4,9;2,4;5,0;0,2;1,9
IJV;NL:Q:47140040;Kamerledenlaan;Zwolle;9,7;0,1;8,2;0,0;3,5;0,1
IJV;NL:Q:47140050;Herxen;Wijhe;0,1;0,3;0,0;0,0;0,0;0,0
IJV;NL:Q:47140060;Rommestraat;Zwolle;7,3;8,9;4,7;6,0;4,2;4,0
IJV;NL:Q:47140070;Rommestraat;Zwolle;8,0;7,4;5,3;4,6;2,1;1,9
IJV;NL:Q:47140100;Zuidberg;Wijhe;0,0;0,0;0,0;0,0;0,0;0,0
IJV;NL:Q:47140110;Kerk;Laag-Zuthem;2,9;2,0;0,0;0,0;0,0;0,0
IJV;NL:Q:47140150;Herxerenk;Wijhe;0,0;0,4;0,0;0,0;0,0;0,0
IJV;NL:Q:47140160;Brinkweg;Zalk;0,6;0,1;0,0;0,0;0,0;0,0
IJV;NL:Q:47140200;Herxen;Wijhe;0,2;0,0;0,0;0,0;0,0;0,0
IJV;NL:Q:47140250;Brug;Windesheim;0,4;1,2;0,0;0,0;0,0;0,0
IJV;NL:Q:47140300;Herxerenk;Wijhe;0,5;0,1;0,0;0,0;0,0;0,0
IJV;NL:Q:47140350;Zuthemerweg;Windesheim;0,3;0,2;0,0;0,0;0,0;0,0
IJV;NL:Q:47140400;Brug;Windesheim;1,1;0,4;0,0;0,0;0,0;0,0
IJV;NL:Q:47140450;Rommestraat;Zwolle;2,0;1,9;0,0;0,0;0,0;0,0
IJV;NL:Q:47140500;Zuthemerweg;Windesheim;0,0;0,7;0,0;0,0;0,0;0,0
IJV;NL:Q:47140550;IJsselcentraleweg;Zwolle;15,0;1,5;2,9;0,1;1,8;0,0
IJV;NL:Q:47140600;Rommestraat;Zwolle;1,9;1,3;0,0;0,0;0,0;0,0
IJV;NL:Q:47150010;Stationslaan;Hattem;0,0;0,4;0,0;0,0;0,0;0,0
IJV;NL:Q:47150290;IJsselbrug;Hattem;0,3;0,2;0,0;0,0;0,0;0,0
IJV;NL:Q:47150310;Dorpsweg;Hattem;0,3;0,2;0,0;0,0;0,0;0,0
IJV;NL:Q:47150320;De Bongerd;Hattem;0,0;0,2;0,0;0,0;0,0;0,0
IJV;NL:Q:47150900;Vechtstraat;Hattem;0,0;0,2;0,0;0,0;0,0;0,0
IJV;NL:Q:47151001;Centrum;Hattemerbroek;10,1;2,6;4,9;0,7;2,5;0,2
IJV;NL:Q:47151002;Centrum;Hattemerbroek;4,1;11,2;1,9;6,1;0,8;3,3
IJV;NL:Q:47155001;Pompstation;Hattem;4,3;0,9;4,2;0,3;2,7;0,2
IJV;NL:Q:47155003;Zuid;Hattem;18,9;5,3;9,1;2,6;5,7;1,4
IJV;NL:Q:47155004;Zuid;Hattem;11,1;24,5;5,1;13,8;3,3;8,9
IJV;NL:Q:47155005;Centrum;Hattem;28,0;6,1;25,9;4,7;14,2;1,5
IJV;NL:Q:47155006;Centrum;Hattem;14,3;34,8;12,9;32,3;4,3;13,5
IJV;NL:Q:47155007;Noord;Hattem;34,4;6,0;17,6;2,7;11,7;2,1
IJV;NL:Q:47155008;Noord;Hattem;15,9;38,9;7,4;21,7;4,7;12,5
IJV;NL:Q:47155009;IJsselbrug;Hattem;4,3;4,4;1,6;2,2;1,0;1,3
IJV;NL:Q:47155010;IJsselbrug;Hattem;3,5;4,3;1,4;2,4;0,7;1,2
IJV;NL:Q:47155012;IJsselbrug;Hattem;1,9;2,3;1,0;0,9;0,5;0,6
IJV;NL:Q:47155037;Carpoolplaats A50;Hattem;1,9;1,0;0,0;0,0;0,0;0,0
IJV;NL:Q:47155038;Carpoolplaats A50;Hattem;1,2;2,0;0,0;0,0;0,0;0,0
IJV;NL:Q:47210003;Cafe Rest. Coelenhage;Wezep;9,9;4,0;4,3;3,2;1,8;1,1
IJV;NL:Q:47210004;Cafe Rest. Coelenhage;Wezep;4,4;4,9;2,4;2,8;1,1;1,4
IJV;NL:Q:47210005;Veluwelaan;Wezep;26,6;7,2;8,2;2,8;4,9;1,8
IJV;NL:Q:47210006;Veluwelaan;Wezep;8,1;20,6;2,5;7,9;1,7;3,8
IJV;NL:Q:47210007;W. de Zwijgerkazerne;Hattemerbroek;17,2;2,9;7,9;1,5;4,5;0,8
IJV;NL:Q:47210008;W. de Zwijgerkazerne;Hattemerbroek;5,0;20,4;2,0;10,2;1,0;5,4
IJV;NL:Q:47210009;A28/IJsselvliedt;Wezep;0,2;0,0;0,0;0,0;0,0;0,0
IJV;NL:Q:47210010;A28/IJsselvliedt;Wezep;0,0;0,1;0,0;0,0;0,0;0,0
IJV;NL:Q:47210011;Begraafplaats;Wezep;0,6;0,2;0,0;0,0;0,0;0,0
IJV;NL:Q:47210012;Begraafplaats;Wezep;0,2;0,4;0,0;0,0;0,0;0,0
IJV;NL:Q:47210013;Meidoornplein;Wezep;0,3;2,3;0,0;0,0;0,0;0,0
IJV;NL:Q:47210014;Meidoornplein;Wezep;4,0;0,7;0,0;0,0;0,0;0,0
IJV;NL:Q:47210015;Station;Wezep;18,7;20,7;2,6;2,2;0,0;0,0
IJV;NL:Q:47210017;A28/Rondweg;Wezep;0,2;0,5;0,0;0,0;0,0;0,0
IJV;NL:Q:47210018;A28/Rondweg;Wezep;0,3;0,8;0,0;0,0;0,0;0,0
IJV;NL:Q:47210019;A28/IJsselvliedt;Wezep;3,2;1,5;1,2;0,7;1,0;0,5
IJV;NL:Q:47210020;A28/IJsselvliedt;Wezep;2,8;4,1;1,2;2,4;1,1;0,9
IJV;NL:Q:47230050;Zwolseweg 56;Wilsum;0,0;0,0;0,0;0,0;0,0;0,0
IJV;NL:Q:47230100;Quarles v. Uffordweg;Wilsum;0,0;0,0;0,0;0,0;0,0;0,0
IJV;NL:Q:47230130;Dorpsweg;Wilsum;0,3;0,0;0,0;0,0;0,0;0,0
IJV;NL:Q:47230150;Quarles v. Uffordweg;Wilsum;0,0;0,1;0,0;0,0;0,0;0,0
IJV;NL:Q:47230160;Nieuwstad;Wilsum;0,0;0,0;0,0;0,0;0,0;0,0
IJV;NL:Q:47230170;Nieuwstad;Wilsum;0,1;0,0;0,0;0,0;0,0;0,0
IJV;NL:Q:47230180;Westenbergstraat;Wilsum;0,1;0,3;0,0;0,0;0,0;0,0
IJV;NL:Q:47230190;van Reestraat;Wilsum;0,0;0,0;0,0;0,0;0,0;0,0
IJV;NL:Q:47230200;Wilsumersteeg;Wilsum;0,0;0,0;0,0;0,0;0,0;0,0
IJV;NL:Q:47230250;Wilsumersteeg;Wilsum;0,0;0,0;0,0;0,0;0,0;0,0
IJV;NL:Q:47230300;Zwolseweg 44;IJsselmuiden;0,0;0,1;0,0;0,0;0,0;0,0
IJV;NL:Q:47240050;Overweg NS;Wijhe;0,1;0,3;0,0;0,0;0,0;0,0
IJV;NL:Q:47240100;Oprit Dijk;Wijhe;0,0;0,1;0,0;0,0;0,0;0,0
IJV;NL:Q:47240150;Zuidberg;Wijhe;0,0;0,0;0,0;0,0;0,0;0,0
IJV;NL:Q:47240200;Overweg NS;Wijhe;0,0;0,0;0,0;0,0;0,0;0,0
IJV;NL:Q:47254001;Nachtegaalweg;Wapenveld;28,1;10,8;11,8;4,3;6,8;2,9
IJV;NL:Q:47254003;Molenweg;Wapenveld;22,0;8,7;11,0;4,0;6,4;1,0
IJV;NL:Q:47254004;Molenweg;Wapenveld;15,4;28,4;6,5;15,1;2,2;8,3
IJV;NL:Q:47254005;Parkweg;Wapenveld;5,0;1,0;3,3;0,5;1,7;0,3
IJV;NL:Q:47254006;Parkweg;Wapenveld;2,7;7,5;1,2;4,5;0,7;2,3
IJV;NL:Q:47254007;Ir R.R. v/d Zeelaan;Wapenveld;2,7;1,3;0,7;0,3;0,9;0,1
IJV;NL:Q:47254008;Ir R.R. v/d Zeelaan;Wapenveld;2,1;4,7;0,5;1,8;0,4;1,3
IJV;NL:Q:47255002;Pompstation;Hattem;2,0;7,0;1,8;7,1;1,0;3,9
IJV;NL:Q:47310010;Begraafplaats;Oosterwolde;0,2;0,1;0,0;0,0;0,0;0,0
IJV;NL:Q:47310020;Begraafplaats;Oosterwolde;0,0;0,1;0,0;0,0;0,0;0,0
IJV;NL:Q:47312001;Bongersweg;'t Loo;0,1;3,3;0,0;0,0;0,0;0,0
IJV;NL:Q:47312002;Bongersweg;'t Loo;0,4;0,1;0,0;0,0;0,0;0,0
IJV;NL:Q:47312003;Putstraat;'t Loo;0,6;0,2;0,0;0,0;0,0;0,0
IJV;NL:Q:47312004;Putstraat;'t Loo;0,7;0,3;0,0;0,0;0,0;0,0
IJV;NL:Q:47312005;Landal Landgoed 't Loo;'t Loo;3,7;2,1;0,0;0,0;0,0;0,0
IJV;NL:Q:47312008;Harm Aartsweg;'t Loo;0,4;0,1;0,0;0,0;0,0;0,0
IJV;NL:Q:47312009;Sportlaan;'t Loo;0,5;0,0;0,0;0,0;0,0;0,0
IJV;NL:Q:47312010;Sportlaan;'t Loo;0,1;0,5;0,0;0,0;0,0;0,0
IJV;NL:Q:47312011;D'olde Dreiput;'t Loo;1,1;0,1;0,0;0,0;0,0;0,0
IJV;NL:Q:47312012;D'olde Dreiput;'t Loo;0,2;1,0;0,0;0,0;0,0;0,0
IJV;NL:Q:47319001;Rustenburgsweg;Oldebroek;17,4;2,9;3,5;1,3;1,7;0,3
IJV;NL:Q:47319002;Rustenburgsweg;Oldebroek;4,5;14,5;1,7;3,1;0,6;1,6
IJV;NL:Q:47319003;Centrum;Oldebroek;44,5;11,0;13,7;4,9;6,6;2,4
IJV;NL:Q:47319004;Centrum;Oldebroek;15,7;34,9;5,3;11,0;3,2;5,9
IJV;NL:Q:47319005;Cafe 't Wissel;Oldebroek;16,9;1,8;2,9;0,5;1,6;0,2
IJV;NL:Q:47319006;Cafe 't Wissel;Oldebroek;3,1;12,6;0,7;2,6;0,4;1,3
IJV;NL:Q:47319007;Verlengde Looweg;Oldebroek;6,9;1,9;0,9;0,3;0,7;0,3
IJV;NL:Q:47319008;Verlengde Looweg;Oldebroek;2,6;6,6;0,3;1,2;0,2;0,9
IJV;NL:Q:47319009;Hogenbrinkweg;Oldebroek;4,8;1,5;1,6;0,8;0,7;0,2
IJV;NL:Q:47319010;Hogenbrinkweg;Oldebroek;1,5;5,4;0,4;1,1;0,2;0,9
IJV;NL:Q:47319011;De Molen;Oldebroek;5,3;1,8;1,3;0,3;0,7;0,3
IJV;NL:Q:47319012;De Molen;Oldebroek;2,4;4,5;0,4;1,2;0,2;0,6
IJV;NL:Q:47319013;De Hullen;Oldebroek;1,3;0,3;0,0;0,0;0,0;0,0
IJV;NL:Q:47319014;De Hullen;Oldebroek;0,2;1,3;0,0;0,0;0,0;0,0
IJV;NL:Q:47319015;Gemeentehuis;Oldebroek;0,8;0,3;0,0;0,0;0,0;0,0
IJV;NL:Q:47319016;Gemeentehuis;Oldebroek;0,3;1,1;0,0;0,0;0,0;0,0
IJV;NL:Q:47319017;Boerderijmuseum;Oldebroek;0,2;0,2;0,0;0,0;0,0;0,0
IJV;NL:Q:47319018;Boerderijmuseum;Oldebroek;0,1;0,3;0,0;0,0;0,0;0,0
IJV;NL:Q:47319173;Schiksweg;Oosterwolde;0,5;0,7;0,0;0,0;0,0;0,0
IJV;NL:Q:47319990;Centrum;Oosterwolde;0,3;0,1;0,0;0,0;0,0;0,0
IJV;NL:Q:47320060;Brinkweg;Zalk;0,2;0,3;0,0;0,0;0,0;0,0
IJV;NL:Q:47320070;Koelucht;De Zande;0,0;0,0;0,0;0,0;0,0;0,0
IJV;NL:Q:47320080;Zalkerdijk;De Zande;0,2;0,2;0,0;0,0;0,0;0,0
IJV;NL:Q:47320090;Zalkerdijk;De Zande;0,3;0,2;0,0;0,0;0,0;0,0
IJV;NL:Q:47320110;Oase;Zalk;0,2;0,1;0,0;0,0;0,0;0,0
IJV;NL:Q:47320120;Oase;Zalk;0,2;0,1;0,0;0,0;0,0;0,0
IJV;NL:Q:47330010;Acacialaan;Kampen;3,2;6,7;0,8;1,2;0,0;0,0
IJV;NL:Q:47330080;Gemeentehuis;Kampen;6,3;8,1;3,1;3,0;0,1;0,3
IJV;NL:Q:47330120;Beneluxweg;Kampen;4,6;4,2;0,6;0,4;0,0;0,0
IJV;NL:Q:47330140;Oosterlandenweg;IJsselmuiden;0,1;0,2;0,0;0,0;0,0;0,0
IJV;NL:Q:47330150;IJsselbrug;Kampen;14,5;1,3;0,0;0,0;0,0;0,0
IJV;NL:Q:47330160;Venedijk;Kampen;6,6;0,1;0,0;0,0;0,0;0,0
IJV;NL:Q:47330170;Oosterlandenweg;IJsselmuiden;0,1;0,1;0,0;0,0;0,0;0,0
IJV;NL:Q:47330200;IJsselbrug;Kampen;18,4;11,9;0,5;1,2;0,0;0,0
IJV;NL:Q:47330201;IJsselbrug;Kampen;3,4;3,7;0,5;0,2;0,0;0,0
IJV;NL:Q:47330210;IJsselbrug;Kampen;0,2;0,3;0,0;0,0;0,0;0,0
IJV;NL:Q:47330230;Hanzelaan;Kampen;3,6;3,2;0,7;0,6;0,0;0,0
IJV;NL:Q:47330250;Van Heutszplein;Kampen;1,0;0,4;0,0;0,0;0,0;0,0
IJV;NL:Q:47330300;Van Heutszplein;Kampen;0,4;3,7;0,0;0,2;0,0;0,0
IJV;NL:Q:47331110;Drostenstraat;IJsselmuiden;0,3;0,0;0,0;0,0;0,0;0,0
IJV;NL:Q:47331120;Drostenstraat;IJsselmuiden;0,0;0,1;0,0;0,0;0,0;0,0
IJV;NL:Q:47331130;Markeresstraat;IJsselmuiden;0,1;0,0;0,0;0,0;0,0;0,0
IJV;NL:Q:47331140;Markeresstraat;IJsselmuiden;0,0;0,2;0,0;0,0;0,0;0,0
IJV;NL:Q:47331160;Slenkstraat;IJsselmuiden;0,0;0,7;0,0;0,0;0,0;0,0
IJV;NL:Q:47331170;Slenkstraat;IJsselmuiden;0,4;0,0;0,0;0,0;0,0;0,0
IJV;NL:Q:47331180;Burg. van Engelenweg;IJsselmuiden;0,4;1,2;0,0;0,3;0,0;0,0
IJV;NL:Q:47331280;Akelei;Kampen;6,7;4,0;0,6;0,4;0,0;0,0
IJV;NL:Q:47331310;Vijverhof;Kampen;2,8;2,9;0,0;0,0;0,0;0,0
IJV;NL:Q:47331320;Vijverhof;Kampen;1,5;2,2;0,0;0,0;0,0;0,0
IJV;NL:Q:47331900;Bovenhavenstraat;Kampen;1,4;6,3;0,1;0,4;0,0;0,0
IJV;NL:Q:47332200;Koornmarkt;Kampen;0,9;2,3;0,2;0,4;0,0;0,0
IJV;NL:Q:47332210;Koornmarkt;Kampen;0,1;0,2;0,0;0,0;0,0;0,0
IJV;NL:Q:47332300;Bovenhavenstraat;Kampen;0,2;0,1;0,0;0,0;0,0;0,0
IJV;NL:Q:47332310;Meenteweg;Grafhorst;1,9;0,5;0,0;0,1;0,0;0,0
IJV;NL:Q:47332320;Meenteweg;Grafhorst;0,8;1,3;0,8;0,7;0,0;0,0
IJV;NL:Q:47332600;Verzinkerij;IJsselmuiden;0,0;0,1;0,0;0,0;0,0;0,0
IJV;NL:Q:47332700;Grafhorsterweg;IJsselmuiden;2,9;1,6;0,7;1,0;1,6;0,6
IJV;NL:Q:47332750;Grafhorsterweg;IJsselmuiden;15,7;1,3;13,8;1,5;7,2;0,3
IJV;NL:Q:47332800;Natuurbad Seveningen;Kampereiland;0,3;0,1;0,1;0,2;0,2;0,1
IJV;NL:Q:47332850;Zwolseweg 44;IJsselmuiden;0,1;0,0;0,0;0,0;0,0;0,0
IJV;NL:Q:47332950;Verzinkerij;IJsselmuiden;0,5;0,8;0,0;0,0;0,0;0,0
IJV;NL:Q:47333250;Oranjesingel;Kampen;1,7;2,9;0,0;0,0;0,0;0,0
IJV;NL:Q:47333300;Oostzeestraat;Kampen;3,8;1,6;0,3;0,3;0,0;0,0
IJV;NL:Q:47333350;Oostzeestraat;Kampen;4,4;2,7;0,0;0,0;0,0;0,0
IJV;NL:Q:47333400;Almere College;Kampen;2,4;1,4;0,2;0,3;0,0;0,0
IJV;NL:Q:47333410;Almere College;Kampen;1,4;4,3;0,0;0,0;0,0;0,0
IJV;NL:Q:47333420;Almere College;Kampen;0,2;0,1;0,0;0,0;0,0;0,0
IJV;NL:Q:47333450;Almere College;Kampen;4,8;4,1;0,0;0,0;0,0;0,0
IJV;NL:Q:47333500;Nijverheidsstraat;Kampen;2,9;8,6;0,0;0,0;0,0;0,0
IJV;NL:Q:47333850;Beekmanstraat;Kampen;3,4;2,2;1,2;0,9;0,0;0,0
IJV;NL:Q:47333950;Leeghwaterstraat;Kampen;4,9;3,7;1,0;1,2;0,0;0,0
IJV;NL:Q:47334070;Ereprijs;Kampen;2,8;2,3;0,4;0,3;0,0;0,0
IJV;NL:Q:47334460;Tormentil;Kampen;3,0;5,2;0,4;1,2;0,0;0,0
IJV;NL:Q:47334750;Isala Polikliniek;Kampen;3,8;7,0;0,8;1,6;0,2;0,0
IJV;NL:Q:47335010;Station;Kampen;2,3;3,9;0,0;0,0;0,0;0,0
IJV;NL:Q:47335020;Station;Kampen;67,0;38,8;9,2;4,8;0,0;0,0
IJV;NL:Q:47335030;Station;Kampen;3,7;4,1;0,0;0,0;0,0;0,0
IJV;NL:Q:47335040;Station;Kampen;339,0;58,3;87,0;18,7;45,0;63,6
IJV;NL:Q:47335050;Station;Kampen;52,4;36,3;0,3;3,8;0,0;0,0
IJV;NL:Q:47335060;Station;Kampen;25,6;12,3;11,9;10,1;0,0;0,0
IJV;NL:Q:47336000;Kalmoessingel;Kampen;10,7;2,9;0,0;0,0;0,0;0,0
IJV;NL:Q:47336050;Kalmoessingel;Kampen;2,9;8,5;0,0;0,0;0,0;0,0
IJV;NL:Q:47336100;GSG Pieter Zandt;Kampen;36,3;5,3;0,0;0,0;0,0;0,0
IJV;NL:Q:47337010;Burg. van Engelenweg;IJsselmuiden;0,8;0,9;0,2;0,2;0,0;0,0
IJV;NL:Q:47340100;Bezoekerscentrum;Den Nul;0,1;0,3;0,0;0,0;0,0;0,0
IJV;NL:Q:47340520;Langstraat;Wijhe;2,9;1,9;0,8;0,9;0,0;0,0
IJV;NL:Q:47340550;Oprit Dijk;Wijhe;0,1;0,3;0,0;0,0;0,0;0,0
IJV;NL:Q:47340650;Raalterweg;Wijhe;2,1;3,5;0,8;0,2;0,0;0,0
IJV;NL:Q:47340700;Raalterweg;Wijhe;5,0;1,1;0,0;0,0;0,0;0,0
IJV;NL:Q:47340710;De Enk;Wijhe;0,3;0,4;0,0;0,0;0,0;0,0
IJV;NL:Q:47340720;De Enk;Wijhe;0,5;0,2;0,0;0,0;0,0;0,0
IJV;NL:Q:47340730;Zandhuisweg;Wijhe;1,7;0,6;0,0;0,0;0,0;0,0
IJV;NL:Q:47340740;Zandhuisweg;Wijhe;0,6;1,0;0,0;0,0;0,0;0,0
IJV;NL:Q:47340750;Boerhaar;Wijhe;1,2;0,3;0,0;0,0;0,0;0,0
IJV;NL:Q:47340760;Boerhaar;Wijhe;0,1;0,7;0,0;0,0;0,0;0,0
IJV;NL:Q:47340770;Peperkamp;Wijhe;3,6;1,7;0,0;0,0;0,0;0,0
IJV;NL:Q:47340780;Peperkamp;Wijhe;4,0;2,7;0,9;0,1;0,0;0,0
IJV;NL:Q:47340901;de Lange Slagen;Wijhe;0,6;3,0;0,0;0,0;0,0;0,0
IJV;NL:Q:47340902;de Lange Slagen;Wijhe;2,6;0,6;0,0;0,0;0,0;0,0
IJV;NL:Q:47350001;Zwolseweg;Heerde;12,5;3,7;3,9;1,3;2,5;0,5
IJV;NL:Q:47350002;Zwolseweg;Heerde;6,3;15,7;2,5;5,8;1,3;3,2
IJV;NL:Q:47353011;Dreefseweg/Isala;Heerde;11,3;9,2;7,4;4,8;3,2;2,7
IJV;NL:Q:47354002;Nachtegaalweg;Wapenveld;19,8;29,8;7,2;12,7;4,5;7,5
IJV;NL:Q:47354012;Dreefseweg/Isala;Heerde;11,5;14,1;5,5;7,6;2,5;4,9
IJV;NL:Q:47366999;Dorp;Vorchten;0,2;0,1;0,2;0,1;0,0;0,0
IJV;NL:Q:47369001;Kerkstraat;Veessen;0,0;0,2;0,0;0,0;0,0;0,0
IJV;NL:Q:47369003;IJsseldijk;Veessen;0,0;0,5;0,0;0,2;0,0;0,0
IJV;NL:Q:47369005;De Zaaier;Veessen;0,3;0,0;0,0;0,0;0,0;0,0
IJV;NL:Q:47369007;Zijmarsweg;Veessen;0,0;0,1;0,0;0,1;0,0;0,0
IJV;NL:Q:47369011;Ned. Herv. Kerk;Veessen;1,1;0,0;0,2;0,0;0,0;0,0
IJV;NL:Q:47369012;Ned. Herv. Kerk;Veessen;0,1;1,9;0,0;0,2;0,0;0,0
IJV;NL:Q:47369015;Kloosterakkers;Veessen;1,8;0,1;0,2;0,0;0,0;0,0
IJV;NL:Q:47369020;Veerweg;Veessen;0,0;0,0;0,0;0,0;0,0;0,0
IJV;NL:Q:47413001;Dorpshuis;Hoge Enk;0,1;0,3;0,0;0,0;0,0;0,0
IJV;NL:Q:47413002;Dorpshuis;Hoge Enk;0,4;0,1;0,0;0,0;0,0;0,0
IJV;NL:Q:47417003;Begraafplaats;Doornspijk;3,1;1,8;0,3;0,5;0,2;0,3
IJV;NL:Q:47418001;Molendorp;Elburg;9,0;4,7;1,9;1,8;1,1;0,8
IJV;NL:Q:47418002;Molendorp;Elburg;3,6;5,8;0,9;1,7;0,6;0,7
IJV;NL:Q:47418003;Het Nieuwe Feithenhof;Elburg;4,1;2,3;1,7;1,3;0,9;0,3
IJV;NL:Q:47418004;Het Nieuwe Feithenhof;Elburg;1,7;3,6;0,8;1,5;0,3;0,7
IJV;NL:Q:47418005;Centrum;Elburg;27,2;18,2;14,9;13,0;6,7;4,3
IJV;NL:Q:47418006;Centrum;Elburg;17,7;23,8;12,5;12,5;4,6;6,2
IJV;NL:Q:47418007;Hellenbeekstraat;Elburg;49,1;30,0;11,3;12,5;7,4;5,5
IJV;NL:Q:47418008;Hellenbeekstraat;Elburg;28,1;30,7;12,5;7,4;5,5;4,8
IJV;NL:Q:47418009;Coragestraat;Elburg;26,6;11,9;6,4;2,6;3,4;0,9
IJV;NL:Q:47418010;Coragestraat;Elburg;11,8;23,4;2,0;5,8;1,2;3,8
IJV;NL:Q:47418011;Klaverplein;Elburg;18,3;7,6;3,7;1,4;3,8;0,9
IJV;NL:Q:47418012;Klaverplein;Elburg;8,9;17,1;2,3;4,1;1,1;2,2
IJV;NL:Q:47418013;Zilverschoon;Elburg;39,1;14,7;9,2;3,6;6,5;1,7
IJV;NL:Q:47418014;Zilverschoon;Elburg;15,2;28,1;3,7;7,1;1,5;4,2
IJV;NL:Q:47418021;Eperweg;Elburg;5,0;1,6;1,2;0,3;0,3;0,1
IJV;NL:Q:47418022;Eperweg;Elburg;3,5;7,2;0,8;1,6;0,3;0,5
IJV;NL:Q:47420010;Onderdijks;Kampen;0,5;0,0;0,0;0,0;0,0;0,0
IJV;NL:Q:47420020;Onderdijks;Kampen;0,0;0,1;0,0;0,0;0,0;0,0
IJV;NL:Q:47420100;Koelucht;De Zande;0,0;0,0;0,0;0,0;0,0;0,0
IJV;NL:Q:47420150;Venedijk;Kampen;1,5;10,5;0,0;0,0;0,0;0,0
IJV;NL:Q:47430050;Nijverheidsstraat;Kampen;10,9;4,4;0,0;0,0;0,0;0,0
IJV;NL:Q:47430200;Roggebotsluis;Dronten;34,7;23,1;0,0;0,0;0,0;0,0
IJV;NL:Q:47430250;Roggebotsluis;Dronten;30,0;18,6;0,0;0,0;0,0;0,0
IJV;NL:Q:47430300;Oudebosweg;Dronten;0,9;0,4;0,0;0,0;0,0;0,0
IJV;NL:Q:47440050;Puinweg 1;Boskamp;0,1;0,0;0,0;0,0;0,0;0,0
IJV;NL:Q:47440100;Hengforderweg;Boskamp;0,1;0,6;0,0;0,0;0,0;0,0
IJV;NL:Q:47440150;Puinweg 2;Boskamp;0,0;0,0;0,0;0,0;0,0;0,0
IJV;NL:Q:47440200;Puinweg 1;Boskamp;0,0;0,1;0,0;0,0;0,0;0,0
IJV;NL:Q:47440250;Hoenlo;Boskamp;0,1;0,1;0,0;0,0;0,0;0,0
IJV;NL:Q:47440300;Puinweg 2;Boskamp;0,2;0,1;0,0;0,0;0,0;0,0
IJV;NL:Q:47440400;Hoenlo;Boskamp;0,2;0,2;0,0;0,0;0,0;0,0
IJV;NL:Q:47440550;Jan Hooglandstraat;Olst;1,6;0,6;0,0;0,0;0,0;0,0
IJV;NL:Q:47440700;Jan Hooglandstraat;Olst;0,3;1,5;0,0;0,0;0,0;0,0
IJV;NL:Q:47440800;Station;Olst;0,5;1,0;0,0;0,0;0,0;0,0
IJV;NL:Q:47440810;Station;Olst;3,8;2,8;0,0;0,0;0,0;0,0
IJV;NL:Q:47440910;Wethouder A.G. Dekkerlaan;Olst;2,6;0,5;0,0;0,0;0,0;0,0
IJV;NL:Q:47440920;Wethouder A.G. Dekkerlaan;Olst;0,5;1,8;0,0;0,0;0,0;0,0
IJV;NL:Q:47440930;Veerweg;Olst;1,7;0,6;0,0;0,0;0,0;0,0
IJV;NL:Q:47440940;Veerweg;Olst;1,2;1,6;0,0;0,0;0,0;0,0
IJV;NL:Q:47440950;Holstweg;Den Nul;0,8;0,9;0,0;0,0;0,0;0,0
IJV;NL:Q:47441001;Scherpenzeelseweg;Den Nul;0,0;0,1;0,0;0,0;0,0;0,0
IJV;NL:Q:47441002;Scherpenzeelseweg;Den Nul;0,0;0,0;0,0;0,0;0,0;0,0
IJV;NL:Q:47441020;Centrum;Olst;3,1;3,2;0,0;0,0;0,0;0,0
IJV;NL:Q:47441040;Centrum;Olst;2,5;2,4;0,0;0,0;0,0;0,0
IJV;NL:Q:47441050;Bezoekerscentrum;Den Nul;0,3;0,2;0,0;0,0;0,0;0,0
IJV;NL:Q:47441100;Holstweg;Den Nul;1,2;0,8;0,0;0,0;0,0;0,0
IJV;NL:Q:47441200;Overkempe;Boskamp;0,7;2,0;0,0;0,0;0,0;0,0
IJV;NL:Q:47441250;Overkempe;Boskamp;1,9;0,5;0,0;0,0;0,0;0,0
IJV;NL:Q:47453003;Eperweg;Heerde;35,5;14,2;6,8;5,1;5,0;3,1
IJV;NL:Q:47453004;Eperweg;Heerde;19,5;36,7;5,4;8,6;4,2;6,0
IJV;NL:Q:47453005;Brinklaan;Heerde;68,7;21,7;18,9;8,8;8,6;4,1
IJV;NL:Q:47453006;Brinklaan;Heerde;32,5;62,3;10,8;22,4;6,2;9,7
IJV;NL:Q:47453007;Centrum Groene Hart;Heerde;0,9;0,9;0,2;0,4;0,0;0,0
IJV;NL:Q:47453013;Molenkampweg;Heerde;37,3;8,2;9,5;3,3;5,9;2,2
IJV;NL:Q:47453014;Molenkampweg;Heerde;14,0;38,6;7,4;14,3;3,9;8,1
IJV;NL:Q:47453017;Ingang Wendhorst;Heerde;0,1;0,0;0,0;0,0;0,0;0,0
IJV;NL:Q:47453018;Ingang Wendhorst;Heerde;0,0;0,1;0,0;0,0;0,0;0,0
IJV;NL:Q:47453020;Keuterstraat;Heerde;0,1;0,3;0,0;0,1;0,0;0,0
IJV;NL:Q:47453021;Keuterstraat;Heerde;0,6;0,0;0,1;0,0;0,0;0,0
IJV;NL:Q:47453029;Heerderstrand;Heerde;0,2;0,1;0,2;0,1;0,0;0,0
IJV;NL:Q:47453030;Heerderstrand;Heerde;1,9;0,5;0,4;0,4;0,0;0,0
IJV;NL:Q:47453053;Transferium Horsthoek;Heerde;13,2;7,2;7,0;2,8;4,5;1,8
IJV;NL:Q:47453054;Transferium Horsthoek;Heerde;10,7;16,6;3,2;9,1;2,8;5,3
IJV;NL:Q:47453060;Kerkdijk;Heerde;0,3;0,0;0,0;0,0;0,0;0,0
IJV;NL:Q:47453070;Kerkdijk;Heerde;0,0;0,4;0,0;0,1;0,0;0,0
IJV;NL:Q:47516015;Elburgerweg;Nunspeet;14,3;12,9;3,9;3,4;1,7;1,9
IJV;NL:Q:47517001;Centrum;Doornspijk;12,2;14,0;2,6;3,7;1,4;1,6
IJV;NL:Q:47517002;Centrum;Doornspijk;11,2;10,0;3,1;2,1;0,8;1,6
IJV;NL:Q:47517004;Begraafplaats;Doornspijk;1,2;3,4;0,4;0,3;0,1;0,2
IJV;NL:Q:47530020;Ketelweg;Dronten;0,2;0,1;0,0;0,0;0,0;0,0
IJV;NL:Q:47530050;Oudebosweg;Dronten;0,1;1,7;0,0;0,0;0,0;0,0
IJV;NL:Q:47540050;Wetermansweg;Diepenveen;4,2;1,4;0,0;0,0;0,0;0,0
IJV;NL:Q:47540100;Havezatelaan;Deventer;2,8;2,5;0,0;0,0;0,0;0,0
IJV;NL:Q:47540200;Wetermansweg;Diepenveen;1,8;3,4;0,0;0,0;0,0;0,0
IJV;NL:Q:47540210;Centrum;Diepenveen;1,8;1,8;0,0;0,0;0,0;0,0
IJV;NL:Q:47540220;Centrum;Diepenveen;2,3;2,9;0,0;0,0;0,0;0,0
IJV;NL:Q:47540250;Sallandsweg;Diepenveen;0,4;0,4;0,0;0,0;0,0;0,0
IJV;NL:Q:47540350;Baerselmansweg;Diepenveen;0,7;0,5;0,0;0,0;0,0;0,0
IJV;NL:Q:47540400;Sallandsweg;Diepenveen;0,3;0,5;0,0;0,0;0,0;0,0
IJV;NL:Q:47540450;Molenveldsweg;Diepenveen;0,3;0,1;0,0;0,0;0,0;0,0
IJV;NL:Q:47540500;Baerselmansweg;Diepenveen;0,6;1,0;0,0;0,0;0,0;0,0
IJV;NL:Q:47540550;Randerstraat;Boskamp;0,3;0,1;0,0;0,0;0,0;0,0
IJV;NL:Q:47540600;Molenveldsweg;Diepenveen;0,1;0,6;0,0;0,0;0,0;0,0
IJV;NL:Q:47540650;Langedijk;Boskamp;0,2;0,1;0,0;0,0;0,0;0,0
IJV;NL:Q:47540700;Randerstraat;Boskamp;0,0;0,1;0,0;0,0;0,0;0,0
IJV;NL:Q:47540750;Hengforderweg;Boskamp;0,3;0,3;0,0;0,0;0,0;0,0
IJV;NL:Q:47540800;Langedijk;Boskamp;0,1;0,3;0,0;0,0;0,0;0,0
IJV;NL:Q:47551990;Tongerenseweg;Epe;0,7;0,8;0,0;0,0;0,0;0,0
IJV;NL:Q:47552000;Tongerenseweg;Epe;0,7;0,1;0,0;0,0;0,0;0,0
IJV;NL:Q:47552005;Centrum;Epe;75,9;76,5;29,2;30,7;18,9;15,3
IJV;NL:Q:47552006;Centrum;Epe;80,5;49,7;24,5;19,7;13,0;11,6
IJV;NL:Q:47552009;Diepenweg;Epe;0,1;0,5;0,0;0,0;0,0;0,0
IJV;NL:Q:47552010;Diepenweg;Epe;3,6;3,5;1,1;1,3;0,9;0,7
IJV;NL:Q:47552011;Hammerstraat;Epe;0,1;0,2;0,0;0,0;0,0;0,0
IJV;NL:Q:47552012;Hammerstraat;Epe;0,0;0,0;0,0;0,0;0,0;0,0
IJV;NL:Q:47552013;Sportpark;Epe;0,2;0,1;0,0;0,0;0,0;0,0
IJV;NL:Q:47552014;Sportpark;Epe;0,1;0,2;0,0;0,0;0,0;0,0
IJV;NL:Q:47552015;Apeldoorns Kanaal;Epe;0,1;0,2;0,0;0,0;0,0;0,0
IJV;NL:Q:47552016;Apeldoorns Kanaal;Epe;0,1;0,0;0,0;0,0;0,0;0,0
IJV;NL:Q:47552017;Politiebureau;Epe;9,5;14,3;3,2;7,5;2,8;5,8
IJV;NL:Q:47552018;Politiebureau;Epe;8,2;13,4;5,3;5,9;2,8;3,5
IJV;NL:Q:47552019;Sint Jorisweg;Epe;14,7;24,8;5,6;12,6;3,3;5,6
IJV;NL:Q:47552021;Lohuizerweg ;Epe;16,8;15,5;5,9;4,4;2,7;2,5
IJV;NL:Q:47552023;Klaarbeek;Epe;57,9;59,7;7,9;20,3;5,3;13,7
IJV;NL:Q:47552024;Klaarbeek;Epe;70,3;50,0;22,7;9,1;16,9;5,5
IJV;NL:Q:47561001;Station 't Harde;'t Harde;12,4;10,5;0,0;0,0;0,0;0,0
IJV;NL:Q:47561003;Centrum;'t Harde;1,0;0,6;0,0;0,0;0,0;0,0
IJV;NL:Q:47561004;Centrum;'t Harde;0,1;0,2;0,0;0,0;0,0;0,0
IJV;NL:Q:47561005;Sportlaan;'t Harde;0,9;0,9;0,0;0,0;0,0;0,0
IJV;NL:Q:47561006;Sportlaan;'t Harde;0,1;0,8;0,0;0,0;0,0;0,0
IJV;NL:Q:47561007;Munnikenweg;'t Harde;0,8;0,6;0,0;0,0;0,0;0,0
IJV;NL:Q:47561008;Munnikenweg;'t Harde;0,3;0,8;0,0;0,0;0,0;0,0
IJV;NL:Q:47561009;De Hokseberg;'t Harde;0,2;0,4;0,0;0,0;0,0;0,0
IJV;NL:Q:47561010;De Hokseberg;'t Harde;0,2;0,2;0,0;0,0;0,0;0,0
IJV;NL:Q:47616001;Vreeweg;Nunspeet;1,9;0,9;0,2;0,1;0,1;0,0
IJV;NL:Q:47616003;Station;Nunspeet;77,3;67,9;21,7;28,0;1,6;15,1
IJV;NL:Q:47616004;Station;Nunspeet;109,6;76,7;45,8;25,2;25,8;4,7
IJV;NL:Q:47616005;Berenbosweg;Nunspeet;1,0;0,3;0,1;0,0;0,0;0,0
IJV;NL:Q:47616006;Berenbosweg;Nunspeet;0,2;0,7;0,0;0,2;0,0;0,0
IJV;NL:Q:47616009;Centrum;Nunspeet;28,7;16,2;15,7;4,9;4,2;1,0
IJV;NL:Q:47616010;Centrum;Nunspeet;1,2;18,7;0,7;13,9;0,2;1,8
IJV;NL:Q:47616013;Oenenburgweg;Nunspeet;12,6;17,3;3,2;7,5;1,9;4,1
IJV;NL:Q:47616014;Oenenburgweg;Nunspeet;14,0;8,2;5,4;1,7;3,1;1,0
IJV;NL:Q:47616019;Elspeterweg;Nunspeet;0,0;0,3;0,0;0,2;0,0;0,0
IJV;NL:Q:47616020;Elspeterweg;Nunspeet;0,4;0,3;0,2;0,1;0,0;0,0
IJV;NL:Q:47616022;Camping de Tol;Nunspeet;0,1;0,1;0,2;0,1;0,0;0,0
IJV;NL:Q:47616025;Gemeentehuis;Nunspeet;0,3;0,6;0,0;0,1;0,0;0,0
IJV;NL:Q:47616027;Verzorgingstehuis Bunterhoek;Nunspeet;2,8;3,4;0,2;0,1;0,0;0,0
IJV;NL:Q:47616029;De Bunte;Nunspeet;1,5;3,0;0,6;0,6;0,1;0,0
IJV;NL:Q:47616030;De Bunte;Nunspeet;0,6;0,0;0,0;0,0;0,0;0,0
IJV;NL:Q:47616031;'t Hul;Nunspeet;2,4;1,1;0,8;0,3;0,0;0,0
IJV;NL:Q:47616032;'t Hul;Nunspeet;0,3;0,0;0,0;0,0;0,0;0,0
IJV;NL:Q:47616034;Elburgerweg;Nunspeet;9,0;9,1;1,9;1,9;0,9;0,6
IJV;NL:Q:47616041;Waterweg;Nunspeet;1,6;1,1;0,3;0,0;0,0;0,0
IJV;NL:Q:47616042;Waterweg;Nunspeet;0,4;1,5;0,0;0,2;0,0;0,0
IJV;NL:Q:47616043;Oosterlaan;Nunspeet;4,4;10,1;1,4;4,1;0,8;1,7
IJV;NL:Q:47616044;Oosterlaan;Nunspeet;6,6;3,5;2,3;1,0;1,1;0,8
IJV;NL:Q:47616045;De Sparrenhorst;Nunspeet;2,0;2,1;1,3;1,8;0,4;1,1
IJV;NL:Q:47616046;De Sparrenhorst;Nunspeet;2,5;2,8;0,7;0,8;0,7;0,3
IJV;NL:Q:47616047;Gruppendelerweg;Nunspeet;0,0;0,3;0,0;0,0;0,0;0,0
IJV;NL:Q:47616048;Gruppendelerweg;Nunspeet;0,2;0,0;0,0;0,0;0,0;0,0
IJV;NL:Q:47625001;Boshoekerweg;Oene;0,0;0,1;0,0;0,0;0,0;0,0
IJV;NL:Q:47625002;Boshoekerweg;Oene;0,0;0,0;0,1;0,0;0,0;0,0
IJV;NL:Q:47625003;Dorpsstraat;Oene;0,4;0,7;0,1;0,0;0,0;0,0
IJV;NL:Q:47625004;Dorpsstraat;Oene;1,1;0,5;0,0;0,2;0,0;0,0
IJV;NL:Q:47625005;Kuiperkampseweg;Oene;0,1;0,0;0,0;0,0;0,0;0,0
IJV;NL:Q:47625006;Kuiperkampseweg;Oene;0,1;0,2;0,0;0,0;0,0;0,0
IJV;NL:Q:47640030;Saxion Hogeschool;Deventer;29,2;38,5;1,4;14,2;0,8;7,8
IJV;NL:Q:47640050;Munsterstraat;Deventer;1,7;0,6;0,0;0,0;0,0;0,0
IJV;NL:Q:47640060;Munsterstraat;Deventer;0,6;2,9;0,0;0,0;0,0;0,0
IJV;NL:Q:47640070;Keulenstraat 1;Deventer;2,0;0,6;0,0;0,0;0,0;0,0
IJV;NL:Q:47640080;Keulenstraat 1;Deventer;0,2;3,4;0,0;0,0;0,0;0,0
IJV;NL:Q:47640090;Keulenstraat 2;Deventer;3,3;1,2;0,0;0,0;0,0;0,0
IJV;NL:Q:47640100;Keulenstraat 2;Deventer;0,1;5,7;0,0;0,0;0,0;0,0
IJV;NL:Q:47640110;Rigastraat;Deventer;0,8;0,1;0,0;0,0;0,0;0,0
IJV;NL:Q:47640120;Rigastraat;Deventer;0,0;0,7;0,0;0,0;0,0;0,0
IJV;NL:Q:47640130;Industrieweg;Deventer;0,0;0,7;0,0;0,0;0,0;0,0
IJV;NL:Q:47640140;Industrieweg;Deventer;0,4;0,0;0,0;0,0;0,0;0,0
IJV;NL:Q:47640150;Herfordstraat;Deventer;0,5;0,1;0,0;0,0;0,0;0,0
IJV;NL:Q:47640160;Herfordstraat;Deventer;0,0;0,7;0,0;0,0;0,0;0,0
IJV;NL:Q:47640190;Dortmundstraat;Deventer;0,6;1,1;0,0;0,0;0,0;0,0
IJV;NL:Q:47640200;Dortmundstraat;Deventer;0,7;2,9;0,0;0,0;0,0;0,0
IJV;NL:Q:47640230;Willem Witsenstraat;Deventer;44,7;0,3;20,4;0,1;13,0;0,0
IJV;NL:Q:47640240;Willem Witsenstraat;Deventer;6,9;23,3;2,9;10,8;1,9;7,8
IJV;NL:Q:47640290;Cröddenbrug;Deventer;0,7;0,0;0,3;0,0;0,0;0,0
IJV;NL:Q:47640300;Cröddenbrug;Deventer;0,5;1,1;0,1;0,3;0,0;0,0
IJV;NL:Q:47640370;De Bekkumer;Deventer;3,0;12,4;1,9;6,2;0,6;4,1
IJV;NL:Q:47640380;De Bekkumer;Deventer;12,4;1,3;6,2;1,5;2,4;0,3
IJV;NL:Q:47640390;Saxion Hogeschool;Deventer;34,6;31,5;12,2;3,8;9,8;2,6
IJV;NL:Q:47640410;Snippeling;Deventer;0,2;3,9;0,0;0,0;0,0;0,0
IJV;NL:Q:47640530;Verpleeghuis P.W. Janssen;Deventer;1,6;6,8;0,7;8,0;0,4;5,7
IJV;NL:Q:47640540;Verpleeghuis P.W. Janssen;Deventer;7,4;0,4;5,5;0,3;3,1;0,1
IJV;NL:Q:47640550;Rostockstraat;Deventer;0,2;0,3;0,0;0,0;0,0;0,0
IJV;NL:Q:47640560;Rostockstraat;Deventer;0,1;0,4;0,0;0,0;0,0;0,0
IJV;NL:Q:47640570;Koningsbergenstraat;Deventer;1,6;0,2;0,0;0,0;0,0;0,0
IJV;NL:Q:47640580;Koningsbergenstraat;Deventer;0,1;3,2;0,0;0,0;0,0;0,0
IJV;NL:Q:47640590;Arnsbergstraat;Deventer;1,9;0,2;0,0;0,0;0,0;0,0
IJV;NL:Q:47640600;Arnsbergstraat;Deventer;0,0;3,6;0,0;0,0;0,0;0,0
IJV;NL:Q:47640680;Runshoppingcentre;Deventer;6,2;0,5;0,0;0,0;0,0;0,0
IJV;NL:Q:47640690;Runshoppingcentre;Deventer;0,6;6,1;0,0;0,0;0,0;0,0
IJV;NL:Q:47640700;Bedrijvenpark A1;Deventer;2,6;0,3;0,0;0,0;0,0;0,0
IJV;NL:Q:47640710;David Wijnveldtweg;Deventer;1,4;4,7;0,6;4,7;0,2;2,7
IJV;NL:Q:47640720;David Wijnveldtweg;Deventer;6,2;0,1;4,8;0,0;2,3;0,0
IJV;NL:Q:47640730;Albertus van Leusenweg;Deventer;6,0;13,9;2,1;10,2;1,2;5,3
IJV;NL:Q:47640740;Albertus van Leusenweg;Deventer;26,7;0,1;15,6;0,0;9,7;0,0
IJV;NL:Q:47640750;Alphons Diepenbrocklaan;Deventer;36,8;37,9;19,6;25,0;10,6;15,0
IJV;NL:Q:47640760;Alphons Diepenbrocklaan;Deventer;49,4;27,6;25,8;16,3;15,0;10,1
IJV;NL:Q:47640800;Bedrijvenpark A1;Deventer;0,1;5,5;0,0;0,0;0,0;0,0
IJV;NL:Q:47640830;De Knoop;Deventer;35,8;3,3;24,1;1,3;13,2;0,8
IJV;NL:Q:47640835;De Knoop;Deventer;4,4;22,1;1,2;13,7;0,4;6,2
IJV;NL:Q:47640840;Birnieweg/Hotel;Deventer;1,8;0,3;0,0;0,0;0,0;0,0
IJV;NL:Q:47640850;Nering Bögelweg;Deventer;0,2;0,3;0,0;0,0;0,0;0,0
IJV;NL:Q:47640860;Nering Bögelweg/Sligro;Deventer;0,2;0,6;0,0;0,0;0,0;0,0
IJV;NL:Q:47640890;Havezatelaan;Deventer;2,3;1,4;0,0;0,0;0,0;0,0
IJV;NL:Q:47640900;St. Jozef verpleeghuis;Deventer;7,0;4,1;1,7;1,7;1,1;1,1
IJV;NL:Q:47640910;St. Jozef verpleeghuis;Deventer;6,4;8,0;1,9;2,6;1,8;1,1
IJV;NL:Q:47640920;Wezenland;Deventer;7,3;3,8;4,0;1,2;2,3;1,0
IJV;NL:Q:47640930;Wezenland;Deventer;4,9;6,9;1,1;4,2;1,1;3,2
IJV;NL:Q:47640940;Begraafplaats;Schalkhaar;2,6;1,2;1,2;0,3;0,9;0,5
IJV;NL:Q:47641000;Station;Deventer;398,3;403,6;198,0;150,5;99,4;91,9
IJV;NL:Q:47641010;Station;Deventer;2,4;0,3;1,2;0,1;0,8;0,0
IJV;NL:Q:47641016;Station;Deventer;94,9;115,5;53,1;102,2;29,1;41,8
IJV;NL:Q:47641026;Station;Deventer;130,2;19,8;55,2;0,7;27,8;0,1
IJV;NL:Q:47641039;Station;Deventer;23,4;1,5;9,6;0,3;6,3;0,2
IJV;NL:Q:47641040;Station;Deventer;421,0;58,0;188,3;17,3;116,5;7,6
IJV;NL:Q:47641130;Deltaplein;Deventer;15,0;1,3;5,1;0,7;2,5;0,2
IJV;NL:Q:47641140;Deltaplein;Deventer;4,5;14,2;1,5;4,0;0,4;2,5
IJV;NL:Q:47641150;Douwelerwetering;Deventer;1,0;3,9;0,2;1,8;0,3;0,9
IJV;NL:Q:47641160;Douwelerwetering;Deventer;5,9;0,6;2,7;0,1;1,4;0,1
IJV;NL:Q:47641170;Biesboschlaan;Deventer;0,8;2,9;0,5;1,6;0,2;0,7
IJV;NL:Q:47641180;Biesboschlaan;Deventer;3,9;0,2;1,6;0,1;0,9;0,1
IJV;NL:Q:47641190;Amstellaan;Deventer;8,0;15,2;2,2;7,0;1,1;4,8
IJV;NL:Q:47641200;Snippeling;Deventer;27,3;5,3;15,1;1,5;7,5;0,9
IJV;NL:Q:47641240;Kleine Vos;Deventer;3,3;0,1;2,0;0,0;1,4;0,1
IJV;NL:Q:47641250;Kleine Vos;Deventer;0,8;6,0;0,4;5,3;0,5;4,0
IJV;NL:Q:47641280;Zwaluwenburg;Deventer;21,6;0,5;12,3;0,1;6,7;0,2
IJV;NL:Q:47641290;Zwaluwenburg;Deventer;5,7;18,5;2,4;10,8;1,7;7,4
IJV;NL:Q:47641300;Toutenburg;Deventer;7,6;0,2;4,3;0,0;2,3;0,0
IJV;NL:Q:47641310;Toutenburg;Deventer;1,6;6,5;0,8;3,6;0,5;2,9
IJV;NL:Q:47641320;Slangenburg;Deventer;1,7;0,0;0,7;0,1;0,3;0,1
IJV;NL:Q:47641330;Slangenburg;Deventer;0,3;2,1;0,1;1,1;0,1;0,8
IJV;NL:Q:47641530;Hondsroos;Deventer;19,5;13,4;9,7;6,5;4,3;3,6
IJV;NL:Q:47641610;Bonenkamp;Deventer;1,8;0,4;1,2;0,0;0,9;0,3
IJV;NL:Q:47641620;Bonenkamp;Deventer;0,6;1,5;0,1;1,2;0,3;0,7
IJV;NL:Q:47641630;Hannie Schaftpad;Deventer;5,3;1,1;2,0;0,6;1,4;0,4
IJV;NL:Q:47641640;Hannie Schaftpad;Deventer;1,4;3,7;0,6;1,8;0,7;1,1
IJV;NL:Q:47641670;J. Naberstraat;Deventer;13,2;3,1;5,9;0,6;3,5;0,4
IJV;NL:Q:47641680;J. Naberstraat;Deventer;5,2;10,0;1,3;5,0;0,8;2,5
IJV;NL:Q:47641730;Solingenstraat;Deventer;5,3;0,5;1,5;0,1;0,5;0,0
IJV;NL:Q:47641740;Solingenstraat;Deventer;0,5;5,5;0,1;2,4;0,1;1,2
IJV;NL:Q:47641750;Schonenvaardersstraat;Deventer;0,6;0,1;0,0;0,0;0,0;0,0
IJV;NL:Q:47641760;Schonenvaardersstraat;Deventer;0,1;1,8;0,0;0,0;0,0;0,0
IJV;NL:Q:47641790;Maagdenburg;Deventer;1,9;0,6;0,6;0,1;0,1;0,0
IJV;NL:Q:47641800;Maagdenburg;Deventer;0,5;1,4;0,3;0,6;0,1;0,0
IJV;NL:Q:47641940;Teugseplein;Deventer;0,4;1,5;0,0;0,0;0,0;0,0
IJV;NL:Q:47641950;Teugseplein;Deventer;0,9;0,3;0,0;0,0;0,0;0,0
IJV;NL:Q:47642030;Schurenstraat;Deventer;18,7;13,7;8,3;1,5;3,2;1,2
IJV;NL:Q:47642040;Schurenstraat;Deventer;8,8;11,7;3,2;3,6;1,2;2,6
IJV;NL:Q:47642050;Oude Begraafplaats;Deventer;2,0;1,2;0,5;0,6;0,3;0,2
IJV;NL:Q:47642060;Oude Begraafplaats;Deventer;0,5;3,7;0,3;1,6;0,1;0,7
IJV;NL:Q:47642072;IJ. de Schepperstraat;Deventer;3,9;2,9;3,0;1,2;1,6;0,4
IJV;NL:Q:47642081;IJ. de Schepperstraat;Deventer;3,0;4,3;1,5;2,2;0,6;1,3
IJV;NL:Q:47642090;Dapperstraat;Deventer;7,3;12,0;3,2;6,6;1,1;2,0
IJV;NL:Q:47642100;Dapperstraat;Deventer;8,8;4,3;5,1;1,5;2,2;0,9
IJV;NL:Q:47642110;Van Marckelplein;Deventer;4,4;8,0;2,5;6,7;0,6;1,5
IJV;NL:Q:47642120;Van Marckelplein;Deventer;3,7;1,2;3,6;0,4;1,2;0,3
IJV;NL:Q:47642150;Wkc Keizerslanden;Deventer;21,4;26,5;11,2;18,6;2,6;5,9
IJV;NL:Q:47642160;Wkc Keizerslanden;Deventer;20,0;3,3;17,3;2,9;6,4;0,5
IJV;NL:Q:47642170;Balderikstraat;Deventer;11,3;11,1;5,2;7,8;2,2;3,2
IJV;NL:Q:47642180;Balderikstraat;Deventer;10,8;2,3;9,0;1,1;3,4;0,2
IJV;NL:Q:47642190;Ludgerstraat;Deventer;5,4;6,7;3,1;4,5;0,8;1,8
IJV;NL:Q:47642200;Ludgerstraat;Deventer;5,8;0,5;5,7;0,2;2,2;0,1
IJV;NL:Q:47642210;Beeckestein;Deventer;2,9;4,2;1,5;2,8;0,7;1,0
IJV;NL:Q:47642220;Beeckestein;Deventer;5,2;1,9;2,7;0,1;1,5;0,4
IJV;NL:Q:47642230;Wkc Borgele;Deventer;12,0;9,6;7,7;7,2;2,1;3,1
IJV;NL:Q:47642240;Wkc Borgele;Deventer;15,1;2,0;11,8;2,0;4,0;0,3
IJV;NL:Q:47642250;Beugelskamp;Deventer;3,1;10,2;1,2;6,1;0,3;2,7
IJV;NL:Q:47642260;Beugelskamp;Deventer;3,2;0,0;2,9;0,1;1,2;0,0
IJV;NL:Q:47642270;Het Vlier;Deventer;7,2;8,8;3,3;6,7;1,5;2,6
IJV;NL:Q:47642280;Het Vlier;Deventer;8,7;0,2;7,8;0,1;2,7;0,0
IJV;NL:Q:47642290;Thomas Wildey;Deventer;7,8;8,2;3,4;6,2;1,6;2,2
IJV;NL:Q:47642300;Thomas Wildey;Deventer;9,8;0,2;8,9;0,1;3,7;0,1
IJV;NL:Q:47642320;Platvoet;Deventer;26,1;27,5;16,9;18,8;7,2;9,6
IJV;NL:Q:47643050;Nijverheidstraat;Deventer;6,4;1,5;3,1;1,0;0,8;0,2
IJV;NL:Q:47643060;Nijverheidstraat;Deventer;1,0;1,0;0,7;0,6;0,4;0,1
IJV;NL:Q:47643070;Rijsterborgherweg;Deventer;5,0;3,0;3,3;1,5;0,6;0,5
IJV;NL:Q:47643080;Rijsterborgherweg;Deventer;2,2;4,4;1,5;3,8;0,4;0,6
IJV;NL:Q:47643110;Radstakeweg;Deventer;3,2;5,2;1,4;4,2;0,2;1,6
IJV;NL:Q:47643120;Radstakeweg;Deventer;2,5;0,2;1,9;0,2;0,7;0,0
IJV;NL:Q:47643150;Erasmusstraat;Deventer;1,0;10,2;0,7;2,7;0,2;1,2
IJV;NL:Q:47643160;Erasmusstraat;Deventer;1,2;0,1;1,2;0,1;0,4;0,0
IJV;NL:Q:47643170;Zamenhofplein;Deventer;15,1;16,7;6,2;9,0;1,3;3,8
IJV;NL:Q:47643180;Zamenhofplein;Deventer;13,5;0,9;9,6;1,2;3,8;0,1
IJV;NL:Q:47643190;Vermeerstraat;Deventer;6,7;10,8;3,1;7,4;0,8;2,8
IJV;NL:Q:47643200;Vermeerstraat;Deventer;8,3;0,4;6,6;0,1;1,9;0,0
IJV;NL:Q:47643210;Moreelsestraat;Deventer;4,4;6,0;2,4;5,9;0,9;2,5
IJV;NL:Q:47643220;Moreelsestraat;Deventer;5,8;0,2;6,9;0,1;1,6;0,1
IJV;NL:Q:47643230;Rubensstraat;Deventer;4,0;5,7;2,6;4,4;1,0;2,3
IJV;NL:Q:47643240;Rubensstraat;Deventer;5,4;0,2;4,3;0,0;1,9;0,1
IJV;NL:Q:47643250;Sportveldenlaan;Deventer;1,9;2,7;0,7;1,7;0,1;0,7
IJV;NL:Q:47643260;Sportveldenlaan;Deventer;2,7;0,3;1,7;0,0;0,5;0,0
IJV;NL:Q:47643270;Verpleeghuis St. Jurrien;Deventer;3,1;3,5;2,6;4,3;0,8;1,9
IJV;NL:Q:47643280;Verpleeghuis St. Jurrien;Deventer;4,6;0,1;5,3;0,1;1,8;0,0
IJV;NL:Q:47643290;Joost van de Vondellaan;Deventer;2,0;2,5;1,4;2,4;0,5;1,3
IJV;NL:Q:47643300;Joost van de Vondellaan;Deventer;3,3;0,1;2,3;0,0;0,9;0,0
IJV;NL:Q:47643310;Lookersdijk;Deventer;1,8;1,3;1,4;1,5;0,6;0,8
IJV;NL:Q:47643320;Lookersdijk;Deventer;3,1;0,1;2,4;0,1;1,2;0,0
IJV;NL:Q:47643960;Beestenmarkt;Deventer;2,7;19,1;1,8;8,5;0,9;5,3
IJV;NL:Q:47643970;Beestenmarkt;Deventer;11,7;1,0;6,6;0,6;4,2;0,3
IJV;NL:Q:47643990;Bleekstraat;Deventer;1,5;0,8;0,9;0,5;0,5;0,6
IJV;NL:Q:47644000;Veenweg;Deventer;1,2;3,2;0,7;1,1;0,5;0,8
IJV;NL:Q:47644010;Veenweg;Deventer;1,4;2,2;0,7;1,2;0,4;0,9
IJV;NL:Q:47644040;Amstellaan;Deventer;18,5;6,2;6,9;1,8;3,0;0,7
IJV;NL:Q:47644050;Snippeling;Deventer;6,7;20,3;3,1;13,4;1,7;8,8
IJV;NL:Q:47644060;Hunneperweg;Deventer;0,9;9,0;0,5;7,3;0,2;4,5
IJV;NL:Q:47644080;Fesevurstraat;Deventer;4,9;2,4;3,4;1,1;2,6;0,8
IJV;NL:Q:47644090;Fesevurstraat;Deventer;3,1;5,7;1,2;4,3;1,5;4,7
IJV;NL:Q:47644110;Cornelis Lelylaan;Deventer;3,8;20,2;1,4;10,6;0,8;6,9
IJV;NL:Q:47644120;Cornelis Lelylaan;Deventer;28,4;0,4;12,5;0,1;6,9;0,0
IJV;NL:Q:47644290;Europaplein;Deventer;1,3;0,6;0,0;0,0;0,0;0,0
IJV;NL:Q:47644300;Europaplein;Deventer;0,9;2,0;0,0;0,0;0,0;0,0
IJV;NL:Q:47644310;Papenblik;Deventer;0,4;1,3;0,0;0,0;0,0;0,0
IJV;NL:Q:47644320;Papenblik;Deventer;0,8;0,4;0,0;0,0;0,0;0,0
IJV;NL:Q:47644370;Visbystraat;Deventer;2,8;0,3;0,0;0,0;0,0;0,0
IJV;NL:Q:47644380;Visbystraat;Deventer;0,1;6,5;0,0;0,0;0,0;0,0
IJV;NL:Q:47645001;Splithofstraat;Deventer;2,6;2,6;0,0;0,0;0,0;0,0
IJV;NL:Q:47645002;Splithofstraat;Deventer;3,9;4,0;0,0;0,0;0,0;0,0
IJV;NL:Q:47645083;Ziekenhuis;Deventer;62,1;47,6;9,3;8,6;6,6;6,2
IJV;NL:Q:47645090;Prins Bernhardweg;Schalkhaar;6,2;0,1;2,7;0,1;1,1;0,0
IJV;NL:Q:47645100;Prins Bernhardweg;Schalkhaar;1,1;6,9;0,3;3,3;0,2;1,2
IJV;NL:Q:47645110;Oerdijk;Schalkhaar;2,4;0,1;1,8;0,0;0,8;0,0
IJV;NL:Q:47645120;Oerdijk;Schalkhaar;0,7;3,9;0,1;2,2;0,2;1,5
IJV;NL:Q:47645150;Westenberg;Schalkhaar;21,6;0,7;13,5;0,4;8,4;0,6
IJV;NL:Q:47645160;Westenberg;Schalkhaar;3,2;23,0;1,3;14,2;0,8;12,6
IJV;NL:Q:47645170;Kerkweg;Schalkhaar;11,8;0,2;6,7;0,0;3,5;0,1
IJV;NL:Q:47645180;Kerkweg;Schalkhaar;2,1;11,4;0,3;8,5;0,3;3,2
IJV;NL:Q:47648050;Schooldijk;Lettele;0,1;0,0;0,1;0,0;0,0;0,0
IJV;NL:Q:47648060;Schooldijk;Lettele;0,0;0,2;0,0;0,2;0,0;0,0
IJV;NL:Q:47649001;Station Colmschate;Deventer;1,7;0,3;0,9;0,1;0,7;0,0
IJV;NL:Q:47649002;Station Colmschate;Deventer;0,0;2,1;0,0;0,7;0,0;0,7
IJV;NL:Q:47649010;Westfalenstraat;Deventer;10,3;0,3;0,0;0,0;0,0;0,0
IJV;NL:Q:47649020;Westfalenstraat;Deventer;0,4;9,6;0,0;0,0;0,0;0,0
IJV;NL:Q:47649040;Wijtenhorst;Deventer;7,6;0,6;3,0;0,3;1,7;0,0
IJV;NL:Q:47649050;Wijtenhorst;Deventer;1,5;8,2;0,4;3,5;0,3;2,2
IJV;NL:Q:47650001;Vaassen-Zuid;Vaassen;32,6;66,2;9,3;44,1;5,8;21,8
IJV;NL:Q:47650002;Vaassen-Zuid;Vaassen;92,6;24,9;48,4;9,0;25,6;4,4
IJV;NL:Q:47650003;Oosterhof;Vaassen;16,9;33,0;4,3;17,4;2,2;10,0
IJV;NL:Q:47650004;Oosterhof;Vaassen;38,4;14,7;18,6;3,8;8,8;2,3
IJV;NL:Q:47650005;De Haere;Wenum;1,8;3,7;0,3;2,0;0,2;0,9
IJV;NL:Q:47650006;Centrum;Vaassen;19,6;17,9;13,7;8,7;8,3;6,4
IJV;NL:Q:47650007;Vaassen-Noord;Vaassen;10,5;20,6;1,9;14,0;1,4;6,6
IJV;NL:Q:47650008;Vaassen-Noord;Vaassen;17,3;8,8;8,4;2,0;5,6;1,2
IJV;NL:Q:47650009;Centrum;Vaassen;17,4;11,8;7,0;8,3;5,2;5,5
IJV;NL:Q:47651001;Handelsebrug;Emst;5,7;8,4;0,8;2,2;0,3;1,3
IJV;NL:Q:47651002;Handelsebrug;Emst;11,3;5,0;1,8;1,2;1,0;0,5
IJV;NL:Q:47651003;Hezeplein;Emst;10,8;10,8;3,3;4,9;2,3;3,1
IJV;NL:Q:47651004;Hezeplein;Emst;10,7;10,5;4,4;4,0;3,1;2,1
IJV;NL:Q:47651005;Oranjeweg;Emst;3,2;6,2;0,5;2,0;0,6;1,6
IJV;NL:Q:47651006;Oranjeweg;Emst;6,5;3,0;1,7;1,1;1,8;0,9
IJV;NL:Q:47713001;Landgoed Hulshorst;Hulshorst;0,8;0,4;0,3;0,1;0,0;0,0
IJV;NL:Q:47713003;Oudeweg;Hulshorst;1,2;0,7;0,3;0,2;0,0;0,0
IJV;NL:Q:47713004;Oudeweg;Hulshorst;0,6;1,1;0,1;0,4;0,0;0,0
IJV;NL:Q:47713005;Varelseweg;Hulshorst;0,9;1,3;0,2;0,1;0,0;0,0
IJV;NL:Q:47713006;Varelseweg;Hulshorst;1,2;0,7;0,2;0,1;0,0;0,0
IJV;NL:Q:47713007;School Hulshorst;Hulshorst;1,1;1,0;0,2;0,5;0,0;0,0
IJV;NL:Q:47713008;School Hulshorst;Hulshorst;0,8;0,8;0,4;0,1;0,0;0,0
IJV;NL:Q:47713009;Onder de Bos;Hulshorst;0,4;0,4;0,1;0,1;0,0;0,0
IJV;NL:Q:47713010;Onder de Bos;Hulshorst;0,2;0,6;0,1;0,0;0,0;0,0
IJV;NL:Q:47716002;Vreeweg;Nunspeet;1,7;2,0;0,2;0,1;0,0;0,0
IJV;NL:Q:47724001;Dorpsplein;Nijbroek;0,3;0,3;0,2;0,1;0,0;0,0
IJV;NL:Q:47724002;Dorpsplein;Nijbroek;0,2;0,4;0,1;0,1;0,0;0,1
IJV;NL:Q:47730001;Emstermate;Terwolde;0,0;0,0;0,0;0,0;0,0;0,0
IJV;NL:Q:47730002;Emstermate;Terwolde;0,0;0,0;0,0;0,0;0,0;0,0
IJV;NL:Q:47730003;Twelloseweg;Terwolde;0,0;0,1;0,0;0,0;0,0;0,0
IJV;NL:Q:47730004;Twelloseweg;Terwolde;0,0;0,0;0,0;0,0;0,0;0,0
IJV;NL:Q:47730005;Molenweg;Terwolde;1,3;0,3;0,1;0,0;0,1;0,0
IJV;NL:Q:47730006;Molenweg;Terwolde;0,6;1,3;0,1;0,4;0,0;0,1
IJV;NL:Q:47730007;Molen De Ooievaar;Terwolde;0,0;0,0;0,0;0,0;0,0;0,0
IJV;NL:Q:47730008;Molen De Ooievaar;Terwolde;0,0;0,0;0,0;0,0;0,0;0,0
IJV;NL:Q:47786021;Camping de Tol;Nunspeet;0,1;0,1;0,1;0,1;0,0;0,0
IJV;NL:Q:47786023;Halfweg;Nunspeet;1,2;0,5;0,5;0,2;0,1;0,0
IJV;NL:Q:47786024;Halfweg;Nunspeet;0,6;1,7;0,1;0,4;0,0;0,0
IJV;NL:Q:47788004;De Mallejan;Vierhouten;0,4;1,1;0,1;0,4;0,0;0,0
IJV;NL:Q:47830010;Krijtenberg;Wijhe;0,1;2,0;0,1;0,8;0,0;0,0
IJV;NL:Q:47831503;Boerhaar;Boerhaar;0,2;0,1;0,0;0,1;0,0;0,0
IJV;NL:Q:47831611;Station;Wijhe;3,1;4,6;2,0;1,4;0,0;0,0
IJV;NL:Q:47839001;Havenpoort;Wijhe;0,1;0,3;0,0;0,1;0,0;0,0
IJV;NL:Q:47850010;Kerk;Boskamp;0,3;0,3;0,0;0,0;0,0;0,0
IJV;NL:Q:47850020;Kerk;Boskamp;0,1;0,2;0,0;0,0;0,0;0,0
IJV;NL:Q:47850030;Stenen Kruis;Eikelhof;0,0;0,1;0,0;0,0;0,0;0,0
IJV;NL:Q:47850040;Stenen Kruis;Eikelhof;0,0;0,1;0,0;0,0;0,0;0,0
IJV;NL:Q:47882022;Landgoed Noorderheide;Elspeet;0,0;0,1;0,1;0,2;0,0;0,0
IJV;NL:Q:47888001;Centrum;Vierhouten;4,3;1,0;3,0;1,0;0,4;0,0
IJV;NL:Q:47888002;Centrum;Vierhouten;1,5;4,7;1,1;3,3;0,1;0,2
IJV;NL:Q:47888003;De Mallejan;Vierhouten;0,6;0,1;0,3;0,1;0,2;0,1
IJV;NL:Q:47888005;Noordkampen;Vierhouten;1,8;0,5;0,9;0,1;0,3;0,0
IJV;NL:Q:47888006;Noordkampen;Vierhouten;0,7;2,5;0,3;0,8;0,0;0,1
IJV;NL:Q:47888007;'t Frusselt;Vierhouten;0,9;0,2;0,4;0,2;0,1;0,0
IJV;NL:Q:47888008;'t Frusselt;Vierhouten;0,3;1,2;0,3;0,9;0,0;0,0
IJV;NL:Q:47888009;Elspeterbosweg;Vierhouten;0,2;0,1;0,2;0,2;0,0;0,0
IJV;NL:Q:47888010;Elspeterbosweg;Vierhouten;0,2;0,4;0,2;0,2;0,0;0,0
IJV;NL:Q:47890001;Osnabruckstraat;Deventer;0,0;0,3;0,0;0,0;0,0;0,0
IJV;NL:Q:47890002;Osnabruckstraat;Deventer;0,1;0,1;0,0;0,0;0,0;0,0
IJV;NL:Q:47892001;Schouwburg/Centrum;Deventer;86,5;19,8;70,8;5,1;33,9;2,7
IJV;NL:Q:47892002;Schouwburg/Centrum;Deventer;27,5;104,1;22,2;91,1;12,2;37,6
IJV;NL:Q:47899001;Van Wijnen;Deventer;0,2;2,9;0,0;0,0;0,0;0,0
IJV;NL:Q:47899002;Van Wijnen;Deventer;1,4;0,2;0,0;0,0;0,0;0,0
IJV;NL:Q:47899901;Nieuwedijk;Deventer;0,0;0,0;0,0;0,0;0,0;0,0
IJV;NL:Q:47899902;Nieuwedijk;Deventer;0,0;0,0;0,0;0,0;0,0;0,0
IJV;NL:Q:47899903;De Scheg;Deventer;23,3;49,2;8,5;35,7;2,9;17,3
IJV;NL:Q:47899904;De Scheg;Deventer;42,5;4,1;39,2;1,5;15,7;0,6
IJV;NL:Q:47899905;De Scheg;Deventer;0,3;5,3;0,1;2,4;0,1;2,4
IJV;NL:Q:47899909;Huize Salland;Deventer;3,3;9,5;1,6;7,8;0,7;4,9
IJV;NL:Q:47899910;Huize Salland;Deventer;9,6;1,8;7,2;0,8;3,6;0,6
IJV;NL:Q:47899913;Brandweerdam;Deventer;4,1;12,6;2,2;4,2;1,2;1,4
IJV;NL:Q:47899914;Brandweerdam;Deventer;12,1;5,1;2,9;3,3;1,0;1,7
IJV;NL:Q:47908350;Nieuwe Deventerweg;Zwolle;11,2;0,8;7,6;0,5;6,3;0,1
IJV;NL:Q:47909001;Oostriklaan;Deventer;4,0;1,7;2,6;0,9;1,1;0,2
IJV;NL:Q:47909002;Oostriklaan;Deventer;0,6;1,3;0,3;0,7;0,1;0,5
IJV;NL:Q:49000010;Bouwweg;Lelystad;3,7;6,4;0,6;1,2;0,2;0,7
IJV;NL:Q:49000020;Atolplaza;Lelystad;12,5;11,3;2,0;2,0;1,3;1,8
IJV;NL:Q:49000040;Ziekenhuis;Lelystad;10,8;17,3;7,2;6,0;3,0;2,0
IJV;NL:Q:49000050;Lelycentre/Houtribdreef;Lelystad;75,0;14,9;41,4;10,7;11,9;4,6
IJV;NL:Q:49000060;Rotondebrug;Lelystad;9,6;6,2;4,9;3,8;2,5;2,3
IJV;NL:Q:49000070;Rotondebrug;Lelystad;7,2;4,8;4,4;4,3;1,9;4,1
IJV;NL:Q:49000080;Politiebrug;Lelystad;7,2;4,7;3,2;1,2;2,2;0,7
IJV;NL:Q:49000101;Lelycentre/Houtribdreef;Lelystad;15,8;41,1;8,6;18,1;6,3;9,2
IJV;NL:Q:49000120;Plantagebrug;Lelystad;18,1;9,6;5,8;4,7;4,2;2,9
IJV;NL:Q:49000140;Zwembad De Koploper;Lelystad;8,2;8,3;2,2;4,2;2,1;2,4
IJV;NL:Q:49000162;Oostkaap;Lelystad;15,8;12,5;3,3;4,5;1,9;2,0
IJV;NL:Q:49000170;Centrumbrug;Lelystad;16,8;35,5;8,3;19,6;5,8;14,1
IJV;NL:Q:49000171;Centrumbrug;Lelystad;28,8;8,6;15,9;5,8;8,9;5,6
IJV;NL:Q:49000180;Oostvaardersbrug;Lelystad;13,9;13,6;7,5;6,2;2,9;2,8
IJV;NL:Q:49000220;Bingerden;Lelystad;20,6;16,1;6,0;4,7;2,7;2,0
IJV;NL:Q:49000250;Vecht;Lelystad;15,5;17,0;6,0;8,0;2,0;2,9
IJV;NL:Q:49000280;Gooisebrug;Lelystad;3,3;22,6;1,4;10,0;0,8;5,3
IJV;NL:Q:49000290;Schouwbrug;Lelystad;3,9;2,7;1,4;2,5;1,0;1,2
IJV;NL:Q:49000300;Schouwbrug;Lelystad;1,0;1,9;0,6;1,0;0,2;0,4
IJV;NL:Q:49000320;Bongerd;Lelystad;17,9;15,3;5,0;5,9;4,4;4,5
IJV;NL:Q:49000340;Botterbrug;Lelystad;1,7;3,8;0,6;1,6;0,4;0,9
IJV;NL:Q:49000350;Botterbrug;Lelystad;1,6;1,3;0,7;0,5;0,4;0,2
IJV;NL:Q:49000370;Reygersbeek;Lelystad;8,5;4,5;8,5;3,8;4,9;3,8
IJV;NL:Q:49000380;Eaglelaan;Lelystad;1,8;0,8;0,7;0,3;0,0;0,0
IJV;NL:Q:49000400;Albatroslaan;Lelystad;3,5;1,8;1,2;0,5;0,0;0,0
IJV;NL:Q:49000430;Oostrandbrug;Lelystad;4,6;6,2;1,9;2,5;0,1;0,8
IJV;NL:Q:49000450;Val van Urk;Lelystad;21,6;26,5;7,3;11,5;3,3;5,9
IJV;NL:Q:49000470;Oostrandbrug;Lelystad;4,8;0,6;1,9;0,8;0,3;0,4
IJV;NL:Q:49000480;Golfpark;Lelystad;0,3;0,4;0,5;1,7;0,0;0,0
IJV;NL:Q:49000520;Houtribhoogte;Lelystad;1,2;1,3;0,4;1,2;0,0;0,0
IJV;NL:Q:49000530;Schroefstraat;Lelystad;2,8;5,1;0,6;1,1;0,9;0,9
IJV;NL:Q:49000550;Langezand;Lelystad;7,6;8,9;2,8;4,7;1,0;1,6
IJV;NL:Q:49000580;Parkhaven;Lelystad;0,8;0,3;0,4;0,1;0,0;0,0
IJV;NL:Q:49000590;Deko Marina;Lelystad;0,0;0,0;0,0;0,0;0,0;0,0
IJV;NL:Q:49000600;Werkeiland;Lelystad;5,3;0,3;3,2;0,2;1,5;0,1
IJV;NL:Q:49000610;Werkeiland;Lelystad;4,9;10,0;2,7;5,7;1,3;2,7
IJV;NL:Q:49000620;Monnickendamstraat;Lelystad-Haven;17,8;30,2;7,2;13,6;2,9;6,2
IJV;NL:Q:49000630;Lemmerkade;Lelystad-Haven;12,8;5,1;7,6;2,6;3,1;0,9
IJV;NL:Q:49000640;Hondsdraf;Lelystad;0,3;2,8;0,0;0,0;0,0;0,0
IJV;NL:Q:49000660;Lemmerkade;Lelystad-Haven;8,2;6,8;4,6;3,9;1,9;1,4
IJV;NL:Q:49000670;Ringdijk;Lelystad-Haven;39,8;34,8;26,4;24,1;8,1;7,9
IJV;NL:Q:49000700;Houtribhoogte;Lelystad;0,6;0,3;0,3;0,1;0,0;0,0
IJV;NL:Q:49000710;Warande;Lelystad;13,7;18,5;2,4;6,4;1,6;4,4
IJV;NL:Q:49000720;Warande;Lelystad;13,3;0,3;5,0;0,0;2,1;0,0
IJV;NL:Q:49000730;H. Bekiusschool - De Rede;Lelystad;0,0;0,0;0,0;0,0;0,0;0,0
IJV;NL:Q:49000750;Vlieterbrug;Lelystad;12,2;5,9;6,5;4,7;2,4;2,5
IJV;NL:Q:49000800;Vlieterbrug;Lelystad;8,4;11,3;2,9;4,8;3,6;4,0
IJV;NL:Q:49000850;Kwikstraat;Lelystad;1,6;0,4;0,6;0,0;0,2;0,0
IJV;NL:Q:49000870;Houtribsluis;Lelystad;1,0;0,4;2,1;0,4;0,0;0,0
IJV;NL:Q:49000900;Parlaan;Lelystad;0,9;0,5;0,7;0,3;0,0;0,0
IJV;NL:Q:49000910;Parlaan;Lelystad;0,0;0,0;0,0;0,0;0,0;0,0
IJV;NL:Q:49000950;Bronsweg;Lelystad;0,2;0,1;0,0;0,0;0,0;0,0
IJV;NL:Q:49000970;Beginweg;Lelystad;0,4;0,0;0,1;0,0;0,0;0,0
IJV;NL:Q:49000990;Jagersveld;Lelystad;3,6;0,2;0,5;0,1;0,0;0,0
IJV;NL:Q:49001000;Buitenhof;Lelystad;4,0;2,8;2,4;0,3;0,0;0,0
IJV;NL:Q:49001020;Hondsdraf;Lelystad;0,9;0,3;0,1;1,0;0,0;0,0
IJV;NL:Q:49001210;Houtribweg;Lelystad;8,9;2,2;0,9;0,4;1,1;0,1
IJV;NL:Q:49001220;Houtribweg;Lelystad;2,6;9,7;0,2;1,1;0,1;1,2
IJV;NL:Q:49001440;Geulbrug;Lelystad;1,0;2,9;0,1;1,5;0,2;0,6
IJV;NL:Q:49001450;Geulbrug;Lelystad;8,0;2,4;2,1;0,8;1,2;0,3
IJV;NL:Q:49001540;Gorsbrug;Lelystad;0,9;2,1;0,2;0,9;0,0;0,3
IJV;NL:Q:49001550;Gorsbrug;Lelystad;10,4;4,8;2,3;1,8;1,4;1,0
IJV;NL:Q:49001650;Agora;Lelystad;25,9;26,7;8,3;12,3;6,6;8,0
IJV;NL:Q:49001680;Salland;Lelystad;3,1;0,3;1,1;0,0;0,7;0,1
IJV;NL:Q:49001690;Salland;Lelystad;1,9;6,5;0,6;2,5;0,7;1,5
IJV;NL:Q:49001700;Agora;Lelystad;47,4;21,7;14,8;2,9;8,4;2,9
IJV;NL:Q:49001730;Veluwezoom;Lelystad;3,2;8,7;0,8;2,6;0,8;1,1
IJV;NL:Q:49001740;Veluwezoom;Lelystad;5,4;0,3;1,8;0,0;0,7;0,1
IJV;NL:Q:49001750;Baronie;Lelystad;6,0;0,2;1,6;0,1;1,0;0,0
IJV;NL:Q:49001760;Baronie;Lelystad;3,1;8,6;0,6;2,4;0,5;1,3
IJV;NL:Q:49002300;Jol West;Lelystad;3,9;6,3;1,9;3,1;1,2;1,2
IJV;NL:Q:49002310;Jol West;Lelystad;4,8;0,1;2,9;0,0;0,9;0,0
IJV;NL:Q:49002400;Winkelcentrum Jol;Lelystad;13,1;23,6;6,8;14,4;3,5;5,6
IJV;NL:Q:49002410;Winkelcentrum Jol;Lelystad;17,1;0,4;9,5;0,0;3,5;0,0
IJV;NL:Q:49002500;Punter Zuid;Lelystad;0,6;12,7;0,2;6,5;0,1;3,2
IJV;NL:Q:49002600;Punter;Lelystad;9,3;15,4;5,9;8,8;3,2;3,1
IJV;NL:Q:49002610;Punter;Lelystad;11,7;0,3;8,0;0,1;2,9;0,1
IJV;NL:Q:49002700;Gondel Noord;Lelystad;6,0;12,5;3,3;7,5;1,0;2,2
IJV;NL:Q:49002710;Gondel Noord;Lelystad;7,3;0,5;5,5;0,1;1,1;0,1
IJV;NL:Q:49002900;Winkelcentrum Kempenaar;Lelystad;2,1;3,0;1,0;1,9;0,0;0,0
IJV;NL:Q:49002910;Winkelcentrum Kempenaar;Lelystad;1,5;0,7;0,9;0,5;0,0;0,0
IJV;NL:Q:49003000;Kempenaar Midden;Lelystad;2,5;5,7;1,5;3,0;0,0;0,0
IJV;NL:Q:49003010;Kempenaar Midden;Lelystad;1,7;0,3;1,4;0,5;0,0;0,0
IJV;NL:Q:49003250;Ziekenhuis;Lelystad;33,2;21,8;16,6;7,8;6,9;3,8
IJV;NL:Q:49003300;De Hoven;Lelystad;33,8;5,9;9,7;2,0;7,3;1,5
IJV;NL:Q:49003320;De Hoven;Lelystad;8,2;12,2;3,7;2,6;2,3;2,1
IJV;NL:Q:49003360;'t Laar;Lelystad;0,3;1,3;0,2;0,8;0,3;0,3
IJV;NL:Q:49003370;'t Laar;Lelystad;0,6;1,3;0,4;0,9;0,2;0,3
IJV;NL:Q:49003500;Wold;Lelystad;8,8;2,6;5,1;1,2;1,3;0,8
IJV;NL:Q:49003510;Wold;Lelystad;1,2;11,5;0,5;7,0;0,3;3,1
IJV;NL:Q:49003600;Winkelcentrum Kamp;Lelystad;19,9;4,8;12,9;2,8;3,9;1,5
IJV;NL:Q:49003610;Winkelcentrum Kamp;Lelystad;2,5;27,6;1,2;16,7;0,7;8,2
IJV;NL:Q:49003700;Horst;Lelystad;7,8;4,7;4,8;3,2;1,3;1,4
IJV;NL:Q:49003710;Horst;Lelystad;2,7;9,6;0,7;5,7;0,5;2,8
IJV;NL:Q:49003900;Nienoord;Lelystad;5,2;14,0;1,5;6,8;0,9;3,8
IJV;NL:Q:49004000;Nienoord;Lelystad;6,1;4,9;3,4;2,6;1,4;1,3
IJV;NL:Q:49004110;Slotenlaan;Lelystad;8,2;32,9;3,7;19,9;1,9;9,6
IJV;NL:Q:49004120;Slotenlaan;Lelystad;24,3;3,7;13,4;2,0;4,6;1,5
IJV;NL:Q:49004130;Voorstraatbrug;Lelystad;0,0;0,2;0,0;0,1;0,0;0,0
IJV;NL:Q:49004140;Voorstraatbrug;Lelystad;0,2;0,0;0,0;0,0;0,0;0,0
IJV;NL:Q:49004240;Oostzeestraat;Lelystad;49,4;5,8;31,7;2,7;11,0;1,4
IJV;NL:Q:49004250;Oostzeestraat;Lelystad;1,7;55,4;1,7;35,3;0,4;16,8
IJV;NL:Q:49004270;Westhoven;Lelystad;6,2;5,1;1,3;1,9;0,7;0,9
IJV;NL:Q:49004340;Zwartezeestraat;Lelystad;20,9;6,4;11,9;3,5;4,5;2,7
IJV;NL:Q:49004350;Zwartezeestraat;Lelystad;5,2;28,1;2,3;16,7;1,1;6,3
IJV;NL:Q:49004500;De Rietlanden;Lelystad;11,8;11,8;1,1;2,3;0,9;1,9
IJV;NL:Q:49004510;Penitentiaire Inrichting;Lelystad;6,4;7,0;1,2;0,6;1,2;0,3
IJV;NL:Q:49004550;De Rietlanden;Lelystad;13,3;13,7;2,4;2,9;1,3;1,6
IJV;NL:Q:49004900;Bouwweg;Lelystad;3,1;0,4;0,5;0,0;0,4;0,0
IJV;NL:Q:49005010;Station Centrum;Lelystad;407,1;532,3;291,3;300,0;153,1;175,0
IJV;NL:Q:49005020;Station Centrum;Lelystad;59,4;1,0;21,5;0,3;9,0;0,6
IJV;NL:Q:49005030;Station Centrum;Lelystad;199,4;41,7;82,8;44,6;56,9;28,7
IJV;NL:Q:49005040;Station Centrum;Lelystad;303,0;198,3;215,6;65,6;152,2;58,6
IJV;NL:Q:49005050;Station Centrum;Lelystad;321,5;143,4;166,2;72,4;85,6;25,8
IJV;NL:Q:49005060;Station Centrum;Lelystad;222,4;86,7;76,9;16,6;46,3;14,5
IJV;NL:Q:49005070;Station Centrum;Lelystad;223,9;147,5;109,7;72,8;48,5;25,9
IJV;NL:Q:49005150;Vestebrug;Lelystad;2,3;0,8;1,0;0,2;0,4;0,1
IJV;NL:Q:49005200;Vestebrug;Lelystad;3,9;4,1;1,6;0,9;0,3;0,5
IJV;NL:Q:49005250;Schansbrug;Lelystad;1,6;3,7;2,4;1,6;0,2;0,4
IJV;NL:Q:49005300;Schansbrug;Lelystad;6,9;2,2;4,3;0,9;1,6;0,3
IJV;NL:Q:49005350;Politiebrug;Lelystad;3,7;13,9;1,7;6,1;1,3;4,2
IJV;NL:Q:49005400;Oostranddreef;Lelystad;2,3;2,4;0,8;1,1;0,4;0,4
IJV;NL:Q:49005500;Runderweg;Lelystad;1,2;0,4;0,0;0,0;0,0;0,0
IJV;NL:Q:49005550;Karveelbrug;Lelystad;8,4;1,8;4,5;1,8;2,6;1,7
IJV;NL:Q:49005600;Karveelbrug;Lelystad;6,6;11,8;2,7;4,7;2,3;3,7
IJV;NL:Q:49005650;Kempenaarbrug;Lelystad;16,4;2,5;6,2;1,6;4,3;2,0
IJV;NL:Q:49005700;Kempenaarbrug;Lelystad;10,6;19,6;4,3;9,3;2,2;6,9
IJV;NL:Q:49005750;Boeierbrug;Lelystad;21,0;1,1;12,6;1,1;16,3;0,8
IJV;NL:Q:49005800;Boeierbrug;Lelystad;17,9;21,6;10,5;9,8;7,9;10,4
IJV;NL:Q:49005850;Bataviahaven;Lelystad;6,7;17,6;7,2;12,7;5,6;6,0
IJV;NL:Q:49005920;Batavia Stad;Lelystad;110,8;84,7;178,9;121,8;124,4;91,6
IJV;NL:Q:49005950;Crematorium;Lelystad;0,6;0,2;0,7;0,2;0,1;0,0
IJV;NL:Q:49006460;Gondel Zuid;Lelystad;7,3;14,2;3,1;7,3;1,8;2,6
IJV;NL:Q:49006470;Gondel Zuid;Lelystad;9,8;0,7;5,0;0,2;1,4;0,0
IJV;NL:Q:49006500;Crematorium;Lelystad;0,2;0,9;0,1;1,2;0,0;0,2
IJV;NL:Q:49006800;Pekstraat;Lelystad;0,5;4,8;0,0;0,1;0,0;0,0
IJV;NL:Q:49006850;Pekstraat;Lelystad;3,2;0,6;0,2;0,0;0,1;0,0
IJV;NL:Q:49007200;Vaartweg;Lelystad;8,2;9,7;2,7;3,7;0,3;1,1
IJV;NL:Q:49007250;Vaartweg;Lelystad;4,6;1,2;1,9;0,3;0,6;0,1
IJV;NL:Q:49007530;Galjoenbrug;Lelystad;4,2;10,3;1,6;3,2;1,1;1,8
IJV;NL:Q:49007540;Galjoenbrug;Lelystad;7,1;0,5;2,5;0,2;1,4;0,1
IJV;NL:Q:49007550;Bedrijvenbrug;Lelystad;0,1;1,1;0,1;0,5;0,1;0,4
IJV;NL:Q:49007560;Bedrijvenbrug;Lelystad;0,2;0,1;0,1;0,1;0,1;0,1
IJV;NL:Q:49007850;Tjalk/Groenhorst;Lelystad;3,1;3,2;0,9;1,1;0,2;0,4
IJV;NL:Q:49007860;Tjalk/Groenhorst;Lelystad;4,7;4,6;1,6;2,0;0,6;0,8
IJV;NL:Q:49007870;Winkelcentrum Tjalk;Lelystad;4,2;6,3;2,9;3,1;0,7;1,2
IJV;NL:Q:49007880;Winkelcentrum Tjalk;Lelystad;8,0;5,4;4,7;3,2;1,6;1,0
IJV;NL:Q:49008050;Winkelcentrum Botter;Lelystad;7,5;3,5;4,1;1,8;1,1;0,6
IJV;NL:Q:49008060;Winkelcentrum Botter;Lelystad;9,8;12,5;6,1;8,0;1,9;2,2
IJV;NL:Q:49008150;Schoener;Lelystad;3,8;0,7;2,4;0,1;0,7;0,1
IJV;NL:Q:49008160;Schoener;Lelystad;5,9;7,2;3,2;4,5;0,9;1,4
IJV;NL:Q:49008250;Stuwweg;Lelystad;3,3;0,6;0,7;0,2;0,3;0,2
IJV;NL:Q:49008260;Stuwweg;Lelystad;5,0;9,2;0,7;2,8;0,5;0,8
IJV;NL:Q:49008290;Haagwinde;Lelystad;8,6;0,4;2,7;0,0;1,2;0,0
IJV;NL:Q:49008300;Haagwinde;Lelystad;6,8;13,9;1,0;3,3;0,9;1,6
IJV;NL:Q:49008310;Klaproos;Lelystad;7,5;0,2;3,5;0,0;1,3;0,0
IJV;NL:Q:49008320;Klaproos;Lelystad;7,1;12,3;1,6;4,2;1,2;2,4
IJV;NL:Q:49008330;Hollandse Hout;Lelystad;6,8;8,3;2,3;3,1;1,3;1,2
IJV;NL:Q:49008810;Palazzo;Lelystad;23,8;23,6;7,7;5,6;8,1;3,9
IJV;NL:Q:49008820;Palazzo;Lelystad;25,1;17,2;9,6;7,5;4,8;7,6
IJV;NL:Q:49008850;Larserpoortweg;Lelystad;8,8;4,3;1,9;0,6;3,0;0,5
IJV;NL:Q:49009090;Duinbeek;Lelystad;29,4;12,1;7,4;5,0;4,0;3,6
IJV;NL:Q:49009095;Duinbeek;Lelystad;4,2;31,8;1,7;9,5;0,8;4,0
IJV;NL:Q:49009991;Emmawijk/Centrum;Zwolle;46,5;67,8;16,8;36,2;7,2;14,9
IJV;NL:Q:49009992;Emmawijk/Centrum;Zwolle;111,8;33,9;47,2;13,9;29,1;7,9
IJV;NL:Q:49110010;Airport Plaza;Lelystad;1,7;3,0;0,4;0,7;0,6;0,7
IJV;NL:Q:49110030;Aviodrome;Lelystad;3,2;4,9;4,7;8,0;5,4;5,1
IJV;NL:Q:49110240;Larserpoort;Lelystad;5,8;0,2;1,0;0,1;0,9;0,1
IJV;NL:Q:49110250;Larserpoort;Lelystad;1,0;6,4;0,2;1,9;0,3;1,9
IJV;NL:Q:49110300;Giant/Pascallaan;Lelystad;1,5;3,3;0,1;0,5;0,0;0,2
IJV;NL:Q:49110330;Inditex / Mac3;Lelystad;12,0;15,4;3,4;5,0;2,7;4,6
IJV;NL:Q:49110340;Omroep Flevoland;Lelystad;1,9;0,1;0,2;0,1;0,3;0,0
IJV;NL:Q:49110350;Omroep Flevoland;Lelystad;0,1;2,8;0,0;0,2;0,0;0,1
IJV;NL:Q:49111010;Natuurpark;Lelystad;3,7;2,7;0,6;0,9;1,0;0,5
IJV;NL:Q:49111020;Larserpoortweg;Lelystad;3,1;13,4;1,9;5,3;0,5;4,1
IJV;NL:Q:49140010;Steenstraat;Lelystad;7,8;1,1;1,2;0,1;0,4;0,1
IJV;NL:Q:49140020;Steenstraat;Lelystad;0,9;8,8;0,1;1,3;0,0;0,3
IJV;NL:Q:49140050;Edelhertweg;Lelystad;0,2;0,0;0,0;0,0;0,0;0,0
IJV;NL:Q:49140060;Kwikstraat;Lelystad;0,4;2,0;0,0;1,0;0,0;0,0
IJV;NL:Q:49210010;Vogelweg;Lelystad;3,7;3,4;0,7;0,5;1,2;1,1
IJV;NL:Q:49210020;Natuurpark;Lelystad;2,0;4,8;0,7;1,5;0,2;1,6
IJV;NL:Q:49210040;Eendenweg;Lelystad;2,2;5,1;2,6;6,9;1,3;4,7
IJV;NL:Q:49210050;Eendenweg;Lelystad;4,4;3,3;3,2;2,3;3,1;1,4
IJV;NL:Q:49240010;Proefstation;Lelystad;1,5;0,1;0,2;0,0;0,1;0,1
IJV;NL:Q:49240020;Proefstation;Lelystad;0,1;1,6;0,0;0,1;0,0;0,1
IJV;NL:Q:49240030;Klokbekerweg;Lelystad;0,4;0,6;0,3;0,1;0,1;0,0
IJV;NL:Q:49240040;Klokbekerweg;Lelystad;0,9;0,4;0,0;0,1;0,1;0,2
IJV;NL:Q:49240050;Vuursteenweg;Swifterbant;0,1;0,2;0,1;0,0;0,1;0,0
IJV;NL:Q:49240060;Edelhertweg;Lelystad;0,0;0,2;0,0;0,1;0,0;0,0
IJV;NL:Q:49310010;Gooiseweg;Zeewolde;1,0;1,5;0,4;0,3;1,1;0,1
IJV;NL:Q:49310020;Vogelweg;Lelystad;2,4;1,9;0,6;1,1;0,3;1,0
IJV;NL:Q:49330050;Rietweg;Dronten;0,0;0,2;0,0;0,0;0,0;0,0
IJV;NL:Q:49340010;Bloemenwijk;Swifterbant;27,8;17,9;4,0;4,2;2,1;2,3
IJV;NL:Q:49340020;Bloemenwijk;Swifterbant;30,6;23,0;7,7;4,7;3,4;2,8
IJV;NL:Q:49340040;Industrieweg;Swifterbant;1,0;1,0;0,2;0,2;0,1;0,1
IJV;NL:Q:49340050;Industrieweg;Swifterbant;0,5;0,8;0,1;0,2;0,0;0,3
IJV;NL:Q:49340060;Rivierduinweg;Swifterbant;0,7;0,6;0,3;1,8;0,2;0,6
IJV;NL:Q:49340070;Rivierduinweg;Swifterbant;0,3;0,6;1,6;0,9;0,6;0,3
IJV;NL:Q:49340080;De Lange Streek;Swifterbant;35,3;29,9;10,9;7,6;3,9;2,7
IJV;NL:Q:49340090;De Lange Streek;Swifterbant;37,6;22,4;6,3;7,7;2,6;2,4
IJV;NL:Q:49340100;Tarpanweg;Swifterbant;1,2;2,7;0,7;1,0;0,2;0,3
IJV;NL:Q:49340120;Vuursteenweg;Swifterbant;0,1;0,2;0,0;0,2;0,2;0,2
IJV;NL:Q:49410010;Sternweg;Zeewolde;0,8;0,7;0,6;0,3;0,4;0,3
IJV;NL:Q:49410020;Gooiseweg;Zeewolde;0,5;0,8;0,5;0,7;0,0;0,5
IJV;NL:Q:49430020;Melisse;Dronten;1,2;7,8;0,4;1,6;0,5;1,3
IJV;NL:Q:49430030;Sint Antoniusgilde;Dronten;0,0;2,1;0,0;0,2;0,0;0,0
IJV;NL:Q:49430040;Sint Antoniusgilde;Dronten;2,7;1,1;0,4;0,1;0,0;0,0
IJV;NL:Q:49430050;De Haflinger;Dronten;0,1;2,9;0,0;0,4;0,0;0,0
IJV;NL:Q:49430060;De Haflinger;Dronten;2,1;0,2;0,4;0,0;0,0;0,0
IJV;NL:Q:49430070;Langstraat Zuid;Dronten;5,4;1,5;1,3;0,8;1,3;0,7
IJV;NL:Q:49430080;Langstraat Zuid;Dronten;1,0;2,9;0,5;0,9;0,5;0,9
IJV;NL:Q:49430090;De Killick;Dronten;0,0;1,5;0,0;0,4;0,0;0,0
IJV;NL:Q:49430100;De Killick;Dronten;0,3;0,2;0,1;0,1;0,0;0,0
IJV;NL:Q:49430110;Manege;Dronten;0,0;0,5;0,0;0,2;0,0;0,0
IJV;NL:Q:49430120;Manege;Dronten;4,8;0,3;1,9;0,0;0,0;0,0
IJV;NL:Q:49430130;De Ark;Dronten;5,6;1,9;3,4;0,4;2,0;0,2
IJV;NL:Q:49430140;De Ark;Dronten;1,2;4,5;0,3;1,8;0,2;1,3
IJV;NL:Q:49430150;Baskenstraat;Dronten;0,0;0,0;0,0;0,0;0,0;0,0
IJV;NL:Q:49430160;Golfresidentie;Dronten;2,7;3,0;1,0;1,7;0,0;0,0
IJV;NL:Q:49430170;Lijzijde;Dronten;0,1;0,9;0,1;0,2;0,0;0,0
IJV;NL:Q:49430180;Lijzijde;Dronten;1,1;0,2;0,3;0,1;0,0;0,0
IJV;NL:Q:49430200;Baskenstraat;Dronten;0,0;0,0;0,0;0,0;0,0;0,0
IJV;NL:Q:49430210;Langstraat;Dronten;9,4;3,8;2,8;1,4;1,9;1,0
IJV;NL:Q:49430220;Langstraat;Dronten;2,5;5,7;0,6;2,0;0,6;1,5
IJV;NL:Q:49430230;Vermiljoen;Dronten;1,4;1,1;0,5;0,1;0,0;0,0
IJV;NL:Q:49430240;Vermiljoen;Dronten;0,0;1,9;0,0;0,5;0,0;0,0
IJV;NL:Q:49430250;De Boeg;Dronten;0,0;0,0;0,0;0,0;0,0;0,0
IJV;NL:Q:49430260;Rietweg;Dronten;0,0;0,1;0,0;0,0;0,0;0,0
IJV;NL:Q:49430300;De Boeg;Dronten;0,0;0,0;0,0;0,0;0,0;0,0
IJV;NL:Q:49430310;De Ketting;Dronten;4,0;4,0;1,1;1,8;0,7;1,0
IJV;NL:Q:49430320;De Ketting;Dronten;7,9;4,0;2,6;1,5;1,3;0,9
IJV;NL:Q:49430391;Station;Dronten;36,8;34,6;0,1;10,9;0,2;4,7
IJV;NL:Q:49430393;Station;Dronten;0,0;0,1;0,0;0,0;0,0;0,0
IJV;NL:Q:49430400;De Lichtboei;Dronten;0,0;0,0;0,0;0,0;0,0;0,0
IJV;NL:Q:49430405;De Lichtboei;Dronten;0,1;0,0;0,0;0,0;0,0;0,0
IJV;NL:Q:49430421;Station;Dronten;93,4;45,1;11,9;5,9;5,6;2,3
IJV;NL:Q:49430422;Station;Dronten;79,3;69,9;20,9;16,3;14,8;12,0
IJV;NL:Q:49430423;Station;Dronten;0,1;0,2;0,0;0,0;0,0;0,0
IJV;NL:Q:49430425;Station;Dronten;60,2;23,7;10,9;5,3;0,0;0,0
IJV;NL:Q:49430430;Dukaat;Dronten;0,4;0,2;0,2;0,0;0,0;0,0
IJV;NL:Q:49430450;Het Spaarne;Dronten;6,3;3,8;0,7;0,4;0,3;0,2
IJV;NL:Q:49430460;Dukaat;Dronten;0,1;1,3;0,0;0,1;0,0;0,0
IJV;NL:Q:49430470;Rendierweg;Dronten;1,3;0,8;0,2;0,1;0,0;0,0
IJV;NL:Q:49430480;Het Spaarne;Dronten;2,5;5,3;0,3;0,9;0,2;0,2
IJV;NL:Q:49430490;Beiersgulden;Dronten;3,1;7,9;4,8;2,5;1,8;0,5
IJV;NL:Q:49430500;Rendierweg;Dronten;0,6;2,4;0,0;0,2;0,0;0,0
IJV;NL:Q:49430510;Eurosingel;Dronten;1,6;1,6;0,6;0,1;0,0;0,0
IJV;NL:Q:49430520;Eurosingel;Dronten;0,4;5,7;0,0;0,3;0,0;0,0
IJV;NL:Q:49430590;Aeres Hogeschool;Dronten;0,1;1,4;0,0;0,0;0,0;0,0
IJV;NL:Q:49430600;Aeres Hogeschool;Dronten;2,6;5,1;0,0;0,0;0,0;0,0
IJV;NL:Q:49430610;Beiersgulden;Dronten;5,2;1,6;1,3;0,8;0,1;0,6
IJV;NL:Q:49430620;De Morgen;Dronten;2,5;0,4;0,3;0,1;0,0;0,0
IJV;NL:Q:49430630;De Morgen;Dronten;0,0;2,2;0,0;0,3;0,0;0,0
IJV;NL:Q:49430640;De Barrage;Dronten;2,4;0,2;0,5;0,1;0,0;0,0
IJV;NL:Q:49430650;De Barrage;Dronten;0,0;2,0;0,0;0,4;0,0;0,0
IJV;NL:Q:49430740;Meerpaal;Dronten;2,2;14,5;0,5;8,3;0,3;1,8
IJV;NL:Q:49430750;Meerpaal;Dronten;19,0;3,4;7,1;0,8;2,7;0,5
IJV;NL:Q:49430760;Centrum;Dronten;8,1;50,3;1,9;5,8;0,3;2,8
IJV;NL:Q:49430770;Centrum;Dronten;54,3;5,9;10,8;1,2;5,3;0,8
IJV;NL:Q:49430780;Het Ruim;Dronten;0,9;1,4;0,6;0,6;0,0;0,0
IJV;NL:Q:49430790;Het Ruim;Dronten;0,1;0,8;0,0;0,8;0,0;0,0
IJV;NL:Q:49430800;Wkc Dronten-West;Dronten;3,2;4,8;1,0;1,0;0,0;0,0
IJV;NL:Q:49430820;Wijnvat;Dronten;3,9;1,0;0,9;0,2;0,0;0,0
IJV;NL:Q:49430830;Wijnvat;Dronten;2,0;3,5;0,4;0,9;0,0;0,0
IJV;NL:Q:49430840;Cobra;Dronten;2,9;1,7;1,2;0,5;0,0;0,0
IJV;NL:Q:49430850;Cobra;Dronten;0,1;1,9;0,0;0,6;0,0;0,0
IJV;NL:Q:49430860;Het Tussendek;Dronten;0,4;2,6;0,2;0,9;0,0;0,0
IJV;NL:Q:49430870;Het Tussendek;Dronten;1,5;0,3;0,6;0,3;0,0;0,0
IJV;NL:Q:49430880;Spiegelstraat;Dronten;0,2;0,7;0,1;0,1;0,0;0,0
IJV;NL:Q:49430890;Spiegelstraat;Dronten;0,6;0,1;0,0;0,0;0,0;0,0
IJV;NL:Q:49430900;Oud-Dronten;Dronten;0,1;1,1;0,0;0,1;0,0;0,0
IJV;NL:Q:49430910;Oud-Dronten;Dronten;2,1;0,2;0,5;0,0;0,0;0,0
IJV;NL:Q:49430920;Langstraat;Dronten;0,0;1,7;0,1;0,2;0,0;0,0
IJV;NL:Q:49430930;Langstraat;Dronten;2,2;0,2;0,8;0,0;0,0;0,0
IJV;NL:Q:49430940;Wkc Dronten-Zuid;Dronten;0,2;4,0;0,0;1,1;0,0;0,0
IJV;NL:Q:49430950;Wkc Dronten-Zuid;Dronten;0,2;0,7;0,0;0,1;0,0;0,0
IJV;NL:Q:49430960;Burgemeester Dekker Sportpark;Dronten;0,1;0,1;0,1;0,0;0,0;0,0
IJV;NL:Q:49430970;Burgemeester Dekker Sportpark;Dronten;0,1;0,7;0,0;0,4;0,0;0,0
IJV;NL:Q:49431020;Biddingringweg;Dronten;0,0;0,3;0,0;0,0;0,0;0,0
IJV;NL:Q:49431030;Biddingringweg;Dronten;0,4;0,1;0,0;0,0;0,0;0,0
IJV;NL:Q:49431110;Het Korhoen;Dronten;0,0;0,0;0,0;0,0;0,0;0,0
IJV;NL:Q:49431120;Het Korhoen;Dronten;0,0;0,0;0,0;0,0;0,0;0,0
IJV;NL:Q:49431130;De Lepelaar;Dronten;0,0;0,0;0,0;0,0;0,0;0,0
IJV;NL:Q:49431140;De Lepelaar;Dronten;0,0;0,0;0,0;0,0;0,0;0,0
IJV;NL:Q:49431150;De Reiger;Dronten;0,0;0,0;0,0;0,0;0,0;0,0
IJV;NL:Q:49431160;De Reiger;Dronten;0,0;0,0;0,0;0,0;0,0;0,0
IJV;NL:Q:49431170;Winter;Dronten;0,0;0,1;0,0;0,0;0,0;0,0
IJV;NL:Q:49440010;Elandweg;Swifterbant;0,1;0,1;0,0;0,2;0,0;0,0
IJV;NL:Q:49440020;Elandweg;Swifterbant;0,1;0,1;0,1;0,0;0,0;0,0
IJV;NL:Q:49440030;Tarpanweg;Swifterbant;2,0;0,7;0,7;0,1;0,1;0,0
IJV;NL:Q:49480010;Reigerweg;Zeewolde;1,3;1,2;0,0;0,0;0,0;0,0
IJV;NL:Q:49480020;Reigerweg;Zeewolde;1,4;1,0;0,0;0,0;0,0;0,0
IJV;NL:Q:49490010;Slingerpad;Zeewolde;0,7;0,7;0,0;0,0;0,0;0,0
IJV;NL:Q:49490020;Slingerpad;Zeewolde;0,5;0,5;0,0;0,0;0,0;0,0
IJV;NL:Q:49490030;Nijkerkersluis;Zeewolde;0,3;1,0;0,0;0,0;0,0;0,0
IJV;NL:Q:49490040;Nijkerkersluis;Zeewolde;0,8;0,2;0,0;0,0;0,0;0,0
IJV;NL:Q:49490090;Flevo-Nat/Wielseweg;Zeewolde;0,0;0,0;0,0;0,0;0,0;0,0
IJV;NL:Q:49490100;Flevo-Nat/Wielseweg;Zeewolde;0,0;0,0;0,0;0,0;0,0;0,0
IJV;NL:Q:49510020;Harderhaven;Harderhaven;8,5;25,6;10,1;11,7;7,1;11,3
IJV;NL:Q:49510030;Harderhaven;Harderhaven;26,7;6,2;8,5;4,8;11,5;3,3
IJV;NL:Q:49510040;Harderbroek;Zeewolde;0,3;0,4;0,2;0,2;0,1;0,1
IJV;NL:Q:49510080;Camping Flevostrand;Biddinghuizen;4,4;1,4;4,5;2,2;2,6;0,7
IJV;NL:Q:49510100;Sternweg;Zeewolde;0,2;0,9;0,3;1,0;0,3;0,9
IJV;NL:Q:49530010;Ketelweg;Dronten;0,1;0,2;0,0;0,0;0,0;0,0
IJV;NL:Q:49530020;Hanzeweg 17;Dronten;0,1;0,4;0,0;0,0;0,0;0,0
IJV;NL:Q:49530030;Hanzeweg 17;Dronten;1,2;0,2;0,0;0,0;0,0;0,0
IJV;NL:Q:49560070;Melisse;Dronten;9,9;1,5;2,1;0,4;1,6;0,7
IJV;NL:Q:49580010;Dodaarsweg;Zeewolde;1,0;0,5;0,0;0,0;0,0;0,0
IJV;NL:Q:49580020;Dodaarsweg;Zeewolde;0,8;1,4;0,0;0,0;0,0;0,0
IJV;NL:Q:49590010;Nulderpad;Zeewolde;0,0;0,5;0,0;0,0;0,0;0,0
IJV;NL:Q:49590020;Nulderpad;Zeewolde;0,1;0,1;0,0;0,0;0,0;0,0
IJV;NL:Q:49610015;Fokko Kortlanglaan;Ermelo;2,6;4,5;0,5;0,3;0,3;0,2
IJV;NL:Q:49610021;Bouw en Infrapark;Harderwijk;1,9;0,3;0,0;0,0;0,0;0,0
IJV;NL:Q:49610031;Boekhorstlaan;Harderwijk;2,3;3,2;0,0;0,0;0,0;0,0
IJV;NL:Q:49610090;Zuidwalstraat;Harderwijk;2,3;5,7;1,1;4,0;0,6;1,7
IJV;NL:Q:49611010;Wkc Stadsdennen;Harderwijk;0,3;0,1;0,0;0,0;0,0;0,0
IJV;NL:Q:49611020;J. P. Heijelaan;Harderwijk;0,3;0,1;0,0;0,0;0,0;0,0
IJV;NL:Q:49613003;Ziekenhuis Sint Jansdal;Harderwijk;2,5;14,9;0,0;0,0;0,0;0,1
IJV;NL:Q:49613010;Selhorstweg;Harderwijk;19,0;46,0;15,7;15,4;7,3;8,1
IJV;NL:Q:49613011;Alberdingk Thijmlaan;Harderwijk;3,1;0,3;0,0;0,0;0,0;0,0
IJV;NL:Q:49613017;Mecklenburglaan;Harderwijk;0,6;15,7;0,0;1,7;0,0;1,3
IJV;NL:Q:49613018;Mecklenburglaan;Harderwijk;14,8;0,6;1,2;0,2;0,8;0,1
IJV;NL:Q:49613019;Voorste Wei;Harderwijk;0,1;0,8;0,0;0,0;0,0;0,0
IJV;NL:Q:49613020;Voorste Wei;Harderwijk;1,0;0,1;0,0;0,0;0,0;0,0
IJV;NL:Q:49613021;Vliepad;Harderwijk;0,8;0,7;0,0;0,0;0,0;0,0
IJV;NL:Q:49613022;Vliepad;Harderwijk;0,3;1,0;0,0;0,0;0,0;0,0
IJV;NL:Q:49613023;Couperuslaan;Harderwijk;2,5;2,0;0,0;0,0;0,0;0,0
IJV;NL:Q:49613024;Couperuslaan;Harderwijk;1,2;3,5;0,0;0,0;0,0;0,0
IJV;NL:Q:49613025;Van Maerlantlaan;Harderwijk;0,5;0,6;0,0;0,0;0,0;0,0
IJV;NL:Q:49613026;Van Maerlantlaan;Harderwijk;0,3;0,5;0,0;0,0;0,0;0,0
IJV;NL:Q:49613027;Tweelingstad;Harderwijk;0,0;0,0;0,0;0,0;0,0;0,0
IJV;NL:Q:49613028;Tweelingstad;Harderwijk;0,0;0,0;0,0;0,0;0,0;0,0
IJV;NL:Q:49613029;Hotel Van der Valk;Harderwijk;0,2;0,7;0,0;0,0;0,0;0,0
IJV;NL:Q:49613030;Hotel Van der Valk;Harderwijk;1,6;2,0;0,0;0,0;0,1;0,0
IJV;NL:Q:49613033;Salentijnerhout;Harderwijk;1,7;2,8;0,0;0,0;0,0;0,0
IJV;NL:Q:49613034;Salentijnerhout;Harderwijk;2,3;1,4;0,0;0,0;0,1;0,0
IJV;NL:Q:49613035;Triasplein;Harderwijk;6,3;1,9;0,0;0,0;0,1;0,0
IJV;NL:Q:49613036;Triasplein;Harderwijk;2,1;6,6;0,1;0,2;0,0;0,2
IJV;NL:Q:49613037;Ragtimedreef;Harderwijk;1,0;1,9;0,0;0,0;0,0;0,0
IJV;NL:Q:49613038;Ragtimedreef;Harderwijk;1,4;1,2;0,0;0,0;0,0;0,0
IJV;NL:Q:49613039;IJsselmeerpad;Harderwijk;1,0;0,6;0,0;0,0;0,0;0,0
IJV;NL:Q:49613040;IJsselmeerpad;Harderwijk;0,2;0,8;0,0;0,0;0,0;0,0
IJV;NL:Q:49613041;De Roef;Harderwijk;2,0;1,1;0,0;0,0;0,0;0,0
IJV;NL:Q:49613042;De Roef;Harderwijk;0,5;2,5;0,0;0,0;0,0;0,0
IJV;NL:Q:49613045;Anne Franklaan;Harderwijk;0,0;0,0;0,0;0,0;0,0;0,0
IJV;NL:Q:49613046;Anne Franklaan;Harderwijk;2,0;1,5;0,0;0,0;0,0;0,0
IJV;NL:Q:49613049;De Wittenhagen;Harderwijk;1,2;0,1;0,0;0,0;0,0;0,0
IJV;NL:Q:49613052;Doornekamp;Harderwijk;0,1;0,4;0,0;0,0;0,0;0,0
IJV;NL:Q:49613054;Frankenskamp;Harderwijk;0,6;1,1;0,0;0,1;0,0;0,0
IJV;NL:Q:49613055;Karel Doormanlaan;Harderwijk;0,5;0,1;0,0;0,0;0,0;0,0
IJV;NL:Q:49613056;Karel Doormanlaan;Harderwijk;0,1;0,6;0,0;0,0;0,0;0,0
IJV;NL:Q:49613057;Kiekmure;Harderwijk;0,0;0,0;0,0;0,0;0,0;0,0
IJV;NL:Q:49613058;Kiekmure;Harderwijk;2,2;1,8;0,0;0,0;0,0;0,0
IJV;NL:Q:49613060;Lammertkamp;Harderwijk;0,4;0,4;0,0;0,1;0,0;0,0
IJV;NL:Q:49613068;Walstein;Harderwijk;1,2;1,0;0,0;0,0;0,0;0,0
IJV;NL:Q:49613070;Welkoop;Harderwijk;2,0;1,8;0,1;0,0;0,0;0,1
IJV;NL:Q:49613072;Zuiderzeestraatweg;Harderwijk;0,7;0,4;0,0;0,0;0,0;0,0
IJV;NL:Q:49613074;De Wittenhagen;Harderwijk;0,1;1,0;0,0;0,0;0,0;0,0
IJV;NL:Q:49613075;Burg. de Meesterstraat;Harderwijk;49,2;18,0;13,0;3,9;9,2;2,5
IJV;NL:Q:49613076;Burg. de Meesterstraat;Harderwijk;14,7;41,6;9,0;16,7;4,2;8,0
IJV;NL:Q:49613077;Dolfinarium;Harderwijk;50,7;18,2;29,4;17,1;17,3;8,4
IJV;NL:Q:49613078;Dolfinarium;Harderwijk;16,5;48,8;24,8;46,5;10,8;19,0
IJV;NL:Q:49613091;Ziekenhuis Sint Jansdal;Harderwijk;0,0;0,0;0,0;0,0;0,0;0,0
IJV;NL:Q:49613095;Ziekenhuis Sint Jansdal;Harderwijk;12,4;3,9;0,0;0,0;0,0;0,0
IJV;NL:Q:49613100;Ziekenhuis Sint Jansdal;Harderwijk;0,0;0,0;0,0;0,0;0,0;0,0
IJV;NL:Q:49613405;Plantage;Harderwijk;5,7;1,8;0,0;0,0;0,0;0,0
IJV;NL:Q:49613406;Plantage;Harderwijk;0,9;5,8;0,0;0,1;0,0;0,0
IJV;NL:Q:49613407;Centrum;Harderwijk;9,3;11,1;0,1;0,1;0,1;0,0
IJV;NL:Q:49613408;Centrum;Harderwijk;14,0;16,3;0,0;0,1;0,0;0,0
IJV;NL:Q:49613409;Selhorstweg;Harderwijk;74,6;16,4;18,2;8,1;14,7;3,8
IJV;NL:Q:49613412;Alberdingk Thijmlaan;Harderwijk;0,0;0,0;0,0;0,0;0,0;0,0
IJV;NL:Q:49613501;Westermeenweg;Harderwijk;11,9;12,9;2,1;3,3;1,3;1,4
IJV;NL:Q:49613502;Westermeenweg;Harderwijk;50,7;8,1;2,0;0,4;1,2;0,2
IJV;NL:Q:49613901;Station;Harderwijk;11,6;58,8;0,4;1,8;0,0;0,1
IJV;NL:Q:49613902;Station;Harderwijk;178,4;113,8;46,0;33,1;31,5;24,9
IJV;NL:Q:49613903;Station;Harderwijk;172,4;146,8;52,4;48,3;31,8;35,9
IJV;NL:Q:49613904;Station;Harderwijk;153,2;78,7;113,8;46,2;78,4;37,6
IJV;NL:Q:49613905;Station;Harderwijk;107,7;70,2;0,2;0,1;0,2;0,0
IJV;NL:Q:49613906;Station;Harderwijk;113,7;98,5;17,5;22,9;11,7;17,2
IJV;NL:Q:49613907;Station;Harderwijk;23,3;0,7;4,1;0,4;0,4;0,0
IJV;NL:Q:49614029;Deventerweg;Harderwijk;0,5;0,7;0,0;0,0;0,0;0,0
IJV;NL:Q:49614030;Deventerweg;Harderwijk;0,9;0,6;0,0;0,0;0,0;0,0
IJV;NL:Q:49614047;Goeman Borgesiuslaan;Harderwijk;0,0;0,0;0,0;0,0;0,0;0,0
IJV;NL:Q:49614048;Goeman Borgesiuslaan;Harderwijk;0,0;0,0;0,0;0,0;0,0;0,0
IJV;NL:Q:49619001;Buitenbrinkweg;Horst;0,0;0,4;0,0;0,6;0,0;0,0
IJV;NL:Q:49619002;Buitenbrinkweg;Horst;0,3;0,0;0,3;0,0;0,0;0,0
IJV;NL:Q:49630010;Camping Flevostrand;Biddinghuizen;1,8;4,5;1,6;3,2;2,3;3,1
IJV;NL:Q:49630020;Bremerbergweg;Biddinghuizen;3,5;4,4;2,0;3,5;1,2;1,7
IJV;NL:Q:49660010;Plein;Biddinghuizen;41,0;22,9;13,6;8,2;6,4;4,7
IJV;NL:Q:49660020;Plein;Biddinghuizen;45,6;40,2;14,9;13,1;6,5;8,0
IJV;NL:Q:49660030;Havenweg;Biddinghuizen;10,9;9,0;2,1;2,2;1,1;1,1
IJV;NL:Q:49660040;Havenweg;Biddinghuizen;15,9;12,9;1,9;2,3;1,1;1,2
IJV;NL:Q:49660050;Dreef;Biddinghuizen;14,8;14,7;2,8;4,0;1,7;2,6
IJV;NL:Q:49680010;Gruttoweg;Zeewolde;0,9;1,8;0,0;0,0;0,0;0,0
IJV;NL:Q:49680020;Gruttoweg;Zeewolde;1,1;0,9;0,0;0,0;0,0;0,0
IJV;NL:Q:49690010;Harderbroek;Zeewolde;0,4;0,7;0,1;0,1;0,0;0,2
IJV;NL:Q:49700010;De Eemhof;Zeewolde;0,0;0,0;0,0;0,0;0,0;0,0
IJV;NL:Q:49712001;Grevenhofsweg;Hierden;0,4;1,2;0,0;0,2;0,0;0,0
IJV;NL:Q:49712002;Grevenhofsweg;Hierden;0,8;0,8;0,1;0,1;0,0;0,0
IJV;NL:Q:49712003;Molenweg;Hierden;2,6;2,9;0,5;0,7;0,1;0,1
IJV;NL:Q:49712004;Molenweg;Hierden;2,4;2,7;0,8;0,9;0,1;0,2
IJV;NL:Q:49712005;Wijtgraaf;Hierden;1,5;0,8;0,1;0,2;0,0;0,0
IJV;NL:Q:49712006;Wijtgraaf;Hierden;0,5;1,1;0,1;0,1;0,0;0,0
IJV;NL:Q:49713002;Landgoed Hulshorst;Hulshorst;0,5;0,6;0,3;0,2;0,1;0,1
IJV;NL:Q:49713084;Voltastraat;Harderwijk;0,9;1,1;0,1;0,0;0,0;0,0
IJV;NL:Q:49713085;Voltastraat;Harderwijk;0,9;1,1;0,1;0,1;0,0;0,0
IJV;NL:Q:49713086;Celsiusstraat;Harderwijk;4,4;5,4;0,1;0,0;0,0;0,0
IJV;NL:Q:49713087;Celsiusstraat;Harderwijk;3,0;4,5;0,1;0,1;0,0;0,0
IJV;NL:Q:49713088;Kelvinstraat;Harderwijk;0,6;1,4;0,0;0,1;0,0;0,1
IJV;NL:Q:49713089;Kelvinstraat;Harderwijk;0,6;1,5;0,1;0,1;0,0;0,0
IJV;NL:Q:49720001;Sonneheerdt;Ermelo;14,3;7,5;0,5;0,1;0,1;0,1
IJV;NL:Q:49720003;Hamburgerweg;Ermelo;9,3;7,1;3,4;1,3;1,2;0,4
IJV;NL:Q:49720004;Hamburgerweg;Ermelo;8,9;10,0;1,8;3,7;0,7;1,4
IJV;NL:Q:49720005;Smidsweg;Ermelo;0,0;0,0;0,0;0,0;0,0;0,0
IJV;NL:Q:49720006;Smidsweg;Ermelo;0,0;0,0;0,0;0,0;0,0;0,0
IJV;NL:Q:49720007;Eendenparkweg;Ermelo;2,5;3,8;0,7;1,3;0,3;0,2
IJV;NL:Q:49720008;Eendenparkweg;Ermelo;4,0;2,8;1,3;0,4;0,1;0,2
IJV;NL:Q:49720009;Nassaulaan;Ermelo;1,2;1,0;0,5;0,3;0,5;0,3
IJV;NL:Q:49720010;Nassaulaan;Ermelo;0,9;1,2;0,4;0,8;0,2;0,4
IJV;NL:Q:49720011;Fazantlaan;Ermelo;0,8;1,2;0,6;0,4;0,5;0,3
IJV;NL:Q:49720012;Fazantlaan;Ermelo;1,0;0,8;0,5;0,3;0,3;0,2
IJV;NL:Q:49720016;Fokko Kortlanglaan;Ermelo;4,1;2,3;0,5;0,5;0,1;0,1
IJV;NL:Q:49720023;Varenhof;Ermelo;0,3;0,1;0,1;0,0;0,0;0,0
IJV;NL:Q:49720024;Varenhof;Ermelo;0,1;0,2;0,0;0,1;0,0;0,0
IJV;NL:Q:49720027;Dirk Staalweg;Ermelo;1,6;1,8;0,0;0,0;0,0;0,0
IJV;NL:Q:49720028;Dirk Staalweg;Ermelo;1,2;2,4;0,0;0,0;0,0;0,0
IJV;NL:Q:49720037;Station;Ermelo;4,5;2,7;1,0;1,1;0,0;0,0
IJV;NL:Q:49720038;Station;Ermelo;4,3;3,2;2,3;1,0;0,0;0,0
IJV;NL:Q:49720049;Lange Haeg;Ermelo;0,4;0,5;0,0;0,0;0,0;0,0
IJV;NL:Q:49720050;Lange Haeg;Ermelo;0,9;0,3;0,0;0,0;0,0;0,0
IJV;NL:Q:49720051;Veldwijkerweg;Ermelo;1,6;3,6;0,0;0,0;0,0;0,0
IJV;NL:Q:49720052;Veldwijkerweg;Ermelo;2,7;1,3;0,0;0,0;0,0;0,0
IJV;NL:Q:49720053;Dr. van Dalelaan;Ermelo;2,2;1,0;0,0;0,0;0,0;0,0
IJV;NL:Q:49720054;Dr. van Dalelaan;Ermelo;1,4;2,3;0,0;0,0;0,0;0,0
IJV;NL:Q:49720055;Generaal Spoorkazerne;Ermelo;0,2;0,4;0,0;0,0;0,0;0,0
IJV;NL:Q:49720056;Generaal Spoorkazerne;Ermelo;0,8;0,1;0,0;0,0;0,0;0,0
IJV;NL:Q:49720057;Triade;Ermelo;0,4;0,1;0,4;0,0;0,0;0,0
IJV;NL:Q:49720058;Triade;Ermelo;0,1;0,2;0,0;0,2;0,0;0,0
IJV;NL:Q:49720059;Gemeentehuis;Ermelo;0,3;0,6;0,4;0,4;0,0;0,0
IJV;NL:Q:49720060;Gemeentehuis;Ermelo;1,1;0,6;0,7;0,6;0,0;0,0
IJV;NL:Q:49720061;De Meerkanten;Ermelo;0,0;0,2;0,0;0,1;0,0;0,0
IJV;NL:Q:49720062;De Meerkanten;Ermelo;0,3;0,2;0,4;0,2;0,0;0,0
IJV;NL:Q:49720063;'t Weitje;Ermelo;7,5;8,4;2,3;4,3;1,0;2,1
IJV;NL:Q:49720064;'t Weitje;Ermelo;7,8;6,3;3,2;1,6;1,9;0,7
IJV;NL:Q:49720150;Kolbaanweg;Ermelo;0,4;0,5;0,0;0,0;0,0;0,0
IJV;NL:Q:49720160;Kolbaanweg;Ermelo;0,4;0,5;0,0;0,0;0,0;0,0
IJV;NL:Q:49720170;Molenaarsplein;Ermelo;0,3;0,4;0,0;0,6;0,0;0,0
IJV;NL:Q:49720180;Molenaarsplein;Ermelo;0,4;0,2;0,3;0,2;0,0;0,0
IJV;NL:Q:49726005;Horsterhoeve;Horst;0,3;0,4;0,2;0,2;0,0;0,0
IJV;NL:Q:49726006;Horsterhoeve;Horst;0,0;0,2;0,0;0,1;0,0;0,0
IJV;NL:Q:49726007;Groot Horloo;Horst;1,4;0,9;0,9;0,7;0,0;0,0
IJV;NL:Q:49726017;Zeeweg;Horst;0,0;1,2;0,0;0,3;0,0;0,0
IJV;NL:Q:49726018;Zeeweg;Horst;1,4;0,1;0,4;0,0;0,0;0,0
IJV;NL:Q:49730010;Alikruikweg;Biddinghuizen;1,1;2,2;0,1;0,5;0,1;0,3
IJV;NL:Q:49730020;Alikruikweg;Biddinghuizen;2,5;1,6;0,5;0,5;0,2;0,2
IJV;NL:Q:49730030;Bremerbergweg;Biddinghuizen;2,5;0,5;3,8;0,8;3,9;1,6
IJV;NL:Q:49730040;Dreef;Biddinghuizen;22,1;13,7;6,5;2,9;3,9;1,9
IJV;NL:Q:49730050;Bremerbergweg;Biddinghuizen;2,8;2,3;2,4;1,4;0,8;0,7
IJV;NL:Q:49730060;Bremerbergweg;Biddinghuizen;12,3;1,8;15,5;3,7;17,0;2,9
IJV;NL:Q:49783031;Sonnevanck;Harderwijk;0,6;1,3;0,0;0,0;0,0;0,0
IJV;NL:Q:49787007;Ullerberg;Leuvenum;0,1;0,0;0,0;0,0;0,0;0,0
IJV;NL:Q:49787008;Ullerberg;Leuvenum;0,0;0,3;0,0;0,0;0,0;0,0
IJV;NL:Q:49790020;Overloop;Zeewolde;23,6;14,8;0,0;0,0;0,0;0,0
IJV;NL:Q:49790030;Langezand;Zeewolde;4,4;17,6;0,9;8,0;0,4;4,7
IJV;NL:Q:49790040;Kwartiermakerslaan;Zeewolde;22,4;62,6;1,0;18,9;0,6;12,0
IJV;NL:Q:49790050;Oostergo;Zeewolde;6,3;5,3;7,2;2,2;4,2;1,8
IJV;NL:Q:49790060;Naarderweg;Zeewolde;23,3;12,8;0,0;0,0;0,0;0,0
IJV;NL:Q:49790070;Centrum;Zeewolde;4,3;16,3;1,8;7,8;1,2;3,8
IJV;NL:Q:49790090;Kluunpad;Zeewolde;22,2;12,8;0,0;0,0;0,0;0,0
IJV;NL:Q:49790100;NCC;Zeewolde;0,1;0,2;0,0;0,0;0,0;0,0
IJV;NL:Q:49790110;Horsterweg;Zeewolde;16,7;12,6;0,0;0,0;0,0;0,0
IJV;NL:Q:49790111;Fluitekruid;Zeewolde;8,2;4,5;3,7;3,8;2,3;2,2
IJV;NL:Q:49790120;Centrum;Zeewolde;11,4;3,7;0,0;0,0;0,0;0,0
IJV;NL:Q:49790121;Gildenveld;Zeewolde;0,1;0,1;1,8;0,6;1,6;0,5
IJV;NL:Q:49790130;Oostergo;Zeewolde;6,6;5,3;0,0;0,0;0,0;0,0
IJV;NL:Q:49790131;De Verbeelding;Zeewolde;9,7;6,7;4,5;3,9;4,0;3,2
IJV;NL:Q:49790141;Kastanjelaan;Zeewolde;0,1;0,0;1,5;0,9;1,2;0,8
IJV;NL:Q:49790150;Langezand;Zeewolde;12,1;2,2;0,0;0,0;0,0;0,0
IJV;NL:Q:49790160;RCN-Dasselaarweg;Zeewolde;0,6;0,8;0,0;0,0;0,0;0,0
IJV;NL:Q:49790170;RCN-Dasselaarweg;Zeewolde;0,5;0,8;0,0;0,0;0,0;0,0
IJV;NL:Q:49790181;RCN-Eikenlaan;Zeewolde;0,7;0,3;0,5;0,4;0,4;0,2
IJV;NL:Q:49790190;NCC;Zeewolde;0,2;0,2;0,0;0,0;0,0;0,0
IJV;NL:Q:49790200;Klein Hoefblad;Zeewolde;27,8;24,8;0,0;0,0;0,0;0,0
IJV;NL:Q:49790210;Mast;Zeewolde;20,0;25,2;0,0;0,0;0,1;0,0
IJV;NL:Q:49790220;Naarderweg;Zeewolde;20,1;22,4;7,3;3,6;4,4;2,0
IJV;NL:Q:49790230;Gildenveld;Zeewolde;0,0;0,0;0,0;0,0;0,0;0,0
IJV;NL:Q:49790250;Bolwerk;Zeewolde;1,5;3,9;0,0;0,0;0,0;0,0
IJV;NL:Q:49790260;Bolwerk;Zeewolde;2,4;0,7;0,0;0,0;0,0;0,0
IJV;NL:Q:49790270;Trekkersveld;Zeewolde;12,7;11,9;0,0;0,0;0,0;0,0
IJV;NL:Q:49790280;Trekkersveld;Zeewolde;9,8;10,4;0,0;0,0;0,0;0,0
IJV;NL:Q:49790290;RCN-Eikenlaan;Zeewolde;0,2;0,7;0,0;0,0;0,0;0,0
IJV;NL:Q:49790310;Industrieweg;Zeewolde;4,0;7,0;0,0;0,0;0,0;0,0
IJV;NL:Q:49790320;Industrieweg;Zeewolde;4,8;3,0;0,0;0,0;0,0;0,0
IJV;NL:Q:49790330;De Verbeelding;Zeewolde;9,1;7,6;0,0;0,0;0,0;0,0
IJV;NL:Q:49790340;Overloop;Zeewolde;19,5;22,6;4,8;4,4;4,0;2,6
IJV;NL:Q:49790350;Fluitekruid;Zeewolde;5,7;6,5;0,0;0,0;0,0;0,0
IJV;NL:Q:49790360;Mast;Zeewolde;20,6;9,4;4,0;0,8;2,8;0,4
IJV;NL:Q:49790380;Horsterweg;Zeewolde;12,7;22,0;5,7;6,6;2,6;3,0
IJV;NL:Q:49790400;Klein Hoefblad;Zeewolde;26,7;23,7;6,2;2,8;3,7;2,1
IJV;NL:Q:49790410;Schollevaar;Zeewolde;0,9;0,8;0,0;0,0;0,0;0,0
IJV;NL:Q:49790420;Kluunpad;Zeewolde;14,3;15,1;0,0;0,0;0,0;0,0
IJV;NL:Q:49790440;Schollevaar;Zeewolde;0,5;1,7;0,0;0,0;0,0;0,0
IJV;NL:Q:49790480;Kwartiermakerslaan;Zeewolde;54,9;9,4;19,2;1,0;10,5;0,6
IJV;NL:Q:49790490;Horsterweg;Zeewolde;7,1;11,2;0,0;0,0;0,0;0,0
IJV;NL:Q:49790520;Horsterweg;Zeewolde;12,5;7,1;0,0;0,0;0,0;0,0
IJV;NL:Q:49790530;Omloop;Zeewolde;4,7;2,8;2,4;0,2;1,1;0,1
IJV;NL:Q:49790535;Omloop;Zeewolde;2,8;5,0;0,2;2,0;0,1;1,0
IJV;NL:Q:49804001;Boshuis;Drie;0,2;0,0;0,3;0,0;0,0;0,0
IJV;NL:Q:49804002;Boshuis;Drie;0,0;0,4;0,1;0,2;0,0;0,0
IJV;NL:Q:49804003;Schaapskooi;Drie;0,3;0,0;0,3;0,1;0,0;0,0
IJV;NL:Q:49804004;Schaapskooi;Drie;0,0;0,4;0,0;0,6;0,0;0,0
IJV;NL:Q:49804005;Paalberg;Drie;0,4;0,0;0,3;0,0;0,0;0,0
IJV;NL:Q:49804006;Paalberg;Drie;0,0;0,4;0,0;0,3;0,0;0,0
IJV;NL:Q:49805003;Kriemelberg;Drie;0,2;0,1;0,2;0,1;0,0;0,0
IJV;NL:Q:49805004;Kriemelberg;Drie;0,0;0,4;0,0;0,2;0,0;0,0
IJV;NL:Q:49808001;Abri;Speuld;0,3;0,1;0,1;0,1;0,0;0,0
IJV;NL:Q:49808002;Abri;Speuld;0,1;0,2;0,0;0,2;0,0;0,0
IJV;NL:Q:49808003;Garderenseweg;Speuld;0,4;0,2;0,0;0,0;0,0;0,0
IJV;NL:Q:49808004;Garderenseweg;Speuld;0,2;0,5;0,0;0,2;0,0;0,0
IJV;NL:Q:49808005;Buurtweg;Speuld;0,2;0,0;0,0;0,0;0,0;0,0
IJV;NL:Q:49808006;Buurtweg;Speuld;0,0;0,1;0,0;0,1;0,0;0,0
IJV;NL:Q:49808011;De Bosrand;Speuld;0,3;0,0;0,1;0,0;0,0;0,0
IJV;NL:Q:49808012;De Bosrand;Speuld;0,0;0,3;0,0;0,1;0,0;0,0
IJV;NL:Q:49810010;Walibi Holland;Biddinghuizen;33,6;25,4;47,1;44,5;36,9;33,0
IJV;NL:Q:49820002;Sonneheerdt;Ermelo;9,6;16,6;0,2;0,5;0,1;0,6
IJV;NL:Q:49821007;Zuiderveldweg;Putten;2,4;2,0;1,0;0,8;0,2;0,3
IJV;NL:Q:49821008;Zuiderveldweg;Putten;2,5;2,9;0,7;0,9;0,5;0,1
IJV;NL:Q:49821009;Brinkstraat;Putten;10,1;15,0;1,7;2,8;0,3;1,2
IJV;NL:Q:49821010;Brinkstraat;Putten;18,1;9,3;4,5;1,6;1,6;0,4
IJV;NL:Q:49821011;Centrum;Putten;18,7;16,8;5,8;3,6;1,3;2,1
IJV;NL:Q:49821012;Centrum;Putten;25,0;19,2;5,8;5,8;3,5;1,6
IJV;NL:Q:49821023;Bijsterenseweg;Putten;1,7;2,7;0,0;0,0;0,0;0,0
IJV;NL:Q:49821024;Bijsterenseweg;Putten;2,2;4,1;0,0;0,0;0,0;0,0
IJV;NL:Q:49821025;Heihaas;Putten;2,0;4,2;0,7;3,0;0,5;0,4
IJV;NL:Q:49821027;Dorpsstraat;Putten;3,6;5,4;0,0;0,0;0,0;0,0
IJV;NL:Q:49821028;Dorpsstraat;Putten;6,1;1,9;0,0;0,0;0,0;0,0
IJV;NL:Q:49821029;Kerkstraat;Putten;2,5;5,7;0,0;0,0;0,0;0,0
IJV;NL:Q:49821030;Kerkstraat;Putten;3,6;2,9;0,0;0,0;0,0;0,0
IJV;NL:Q:49821037;Welkoop;Putten;6,1;5,4;1,7;0,6;0,7;0,3
IJV;NL:Q:49821038;Welkoop;Putten;7,2;6,2;0,7;1,6;0,5;0,4
IJV;NL:Q:49882001;Hooiweg/Middenweg;Elspeet;0,1;0,1;0,0;0,0;0,0;0,0
IJV;NL:Q:49887001;School;Leuvenum;0,0;0,1;0,0;0,0;0,0;0,0
IJV;NL:Q:49887002;School;Leuvenum;0,1;0,0;0,0;0,0;0,0;0,0
IJV;NL:Q:49887003;De Zwarte Boer;Leuvenum;0,3;0,1;0,0;0,0;0,0;0,0
IJV;NL:Q:49887004;De Zwarte Boer;Leuvenum;0,1;0,4;0,0;0,0;0,0;0,0
IJV;NL:Q:49887005;Het Roode Koper;Leuvenum;0,1;0,2;0,0;0,0;0,0;0,0
IJV;NL:Q:49887006;Het Roode Koper;Leuvenum;0,2;0,3;0,0;0,0;0,0;0,0
IJV;NL:Q:49889001;Kasteel Staverden;Staverden;0,2;0,1;0,0;0,0;0,0;0,0
IJV;NL:Q:49889002;Kasteel Staverden;Staverden;0,1;0,1;0,0;0,0;0,0;0,0
IJV;NL:Q:49889003;Navobi;Staverden;0,3;0,1;0,0;0,0;0,0;0,0
IJV;NL:Q:49889004;Navobi;Staverden;0,1;0,3;0,0;0,0;0,0;0,0
IJV;NL:Q:50420131;Centrum;Amersfoort;11,6;5,2;8,1;3,6;5,4;2,5
IJV;NL:Q:50420143;Centrum;Amersfoort;6,2;10,0;5,6;7,9;2,5;4,5
IJV;NL:Q:50420351;Blekerseiland;Amersfoort;4,4;6,0;3,2;4,3;1,5;4,2
IJV;NL:Q:50420400;Blekerseiland;Amersfoort;6,4;3,8;5,2;3,1;2,8;1,1
IJV;NL:Q:50420511;Hendrik van Viandenstraat;Amersfoort;4,0;2,9;1,3;1,3;0,9;2,1
IJV;NL:Q:50420520;Hendrik van Viandenstraat;Amersfoort;3,6;2,7;2,0;1,1;1,2;0,9
IJV;NL:Q:50420540;De Kei;Amersfoort;6,1;8,5;3,1;5,5;1,6;3,4
IJV;NL:Q:50422160;Snouckaertlaan;Amersfoort;0,2;2,2;0,2;1,1;0,1;0,8
IJV;NL:Q:50422540;De Kei;Amersfoort;9,6;4,0;5,9;1,9;3,5;2,3
IJV;NL:Q:50423040;GSG Paladijnenweg;Amersfoort;0,0;0,0;0,0;0,0;0,0;0,0
IJV;NL:Q:50423110;Hardwareweg;Amersfoort;0,0;0,0;0,0;0,0;0,0;0,0
IJV;NL:Q:50423115;Hoefkwartier/De Hoef;Amersfoort;0,0;0,0;0,0;0,0;0,0;0,0
IJV;NL:Q:50423120;Hardwareweg;Amersfoort;0,0;0,0;0,0;0,0;0,0;0,0
IJV;NL:Q:50423125;Hoefkwartier/De Hoef;Amersfoort;0,0;0,1;0,0;0,0;0,0;0,0
IJV;NL:Q:50423320;GSG Arnhemseweg;Amersfoort;0,0;0,0;0,0;0,0;0,0;0,0
IJV;NL:Q:50423410;Hoornbeeck/Van Lodenstein;Amersfoort;8,2;1,8;0,0;0,0;0,0;0,0
IJV;NL:Q:50425050;Centraal Station;Amersfoort;94,1;7,4;45,8;2,0;42,5;1,8
IJV;NL:Q:50425090;Centraal Station;Amersfoort;0,5;65,0;0,1;37,3;0,0;27,1
IJV;NL:Q:50428009;Hogeweg;Amersfoort;3,0;1,6;2,1;1,5;2,1;0,7
IJV;NL:Q:50428010;Hogeweg;Amersfoort;1,5;3,6;1,5;3,0;0,8;3,5
IJV;NL:Q:50428011;Amerena;Amersfoort;13,0;3,2;6,8;1,7;5,1;1,2
IJV;NL:Q:50428012;Amerena;Amersfoort;3,6;16,2;1,8;6,8;1,4;8,0
IJV;NL:Q:50428014;Barneveldseweg;Amersfoort;3,5;15,6;1,0;4,4;1,2;3,0
IJV;NL:Q:50428050;De Stuwdam;Amersfoort;4,2;1,9;0,9;0,2;0,4;0,1
IJV;NL:Q:50428051;De Stuwdam;Amersfoort;2,6;6,5;0,3;1,2;0,1;0,6
IJV;NL:Q:50450161;Geertrudishof;Leusden;2,4;3,4;0,4;1,5;0,0;0,0
IJV;NL:Q:50450170;Geertrudishof;Leusden;1,1;1,0;0,6;0,3;0,0;0,0
IJV;NL:Q:50450171;Geertrudishof;Leusden;0,0;0,0;0,0;0,0;0,0;0,0
IJV;NL:Q:50450530;Rossenberglaan;Leusden;0,5;0,9;0,8;0,1;0,0;0,0
IJV;NL:Q:50450541;Rossenberglaan;Leusden;0,4;0,3;0,3;0,7;0,0;0,0
IJV;NL:Q:50450610;Wkc Biezenkamp;Leusden;0,2;0,6;0,2;0,3;0,0;0,0
IJV;NL:Q:50450620;Wkc Biezenkamp;Leusden;0,6;0,1;0,2;0,1;0,0;0,0
IJV;NL:Q:50450640;Hamersveldweg;Leusden;0,4;1,0;0,2;0,4;0,0;0,0
IJV;NL:Q:50450650;Hamersveldweg;Leusden;0,3;0,2;0,1;0,0;0,0;0,0
IJV;NL:Q:50450660;Albert Buininggaarde;Leusden;0,1;0,4;0,2;0,2;0,0;0,0
IJV;NL:Q:50450670;Albert Buininggaarde;Leusden;0,3;0,1;0,2;0,1;0,0;0,0
IJV;NL:Q:50450730;Groene Zoom;Leusden;2,1;2,2;0,9;0,3;0,1;0,0
IJV;NL:Q:50450733;Groene Zoom;Leusden;2,1;1,5;0,5;0,5;0,0;0,0
IJV;NL:Q:50456019;Storkstraat;Leusden;2,8;1,0;0,3;0,1;0,0;0,0
IJV;NL:Q:50456020;Storkstraat;Leusden;1,5;2,8;0,4;0,7;0,0;0,0
IJV;NL:Q:50456021;Wederik;Leusden;0,6;1,1;0,1;0,3;0,0;0,0
IJV;NL:Q:50456022;Wederik;Leusden;1,1;0,4;0,2;0,1;0,0;0,0
IJV;NL:Q:50457003;Stoutenburgerlaan;Stoutenburg;0,1;0,1;0,2;0,1;0,0;0,0
IJV;NL:Q:50457004;Stoutenburgerlaan;Stoutenburg;0,1;0,3;0,0;0,2;0,0;0,0
IJV;NL:Q:50457005;Driesprong;Stoutenburg;0,5;0,2;0,1;0,0;0,0;0,0
IJV;NL:Q:50457006;Driesprong;Stoutenburg;0,4;2,2;0,1;0,8;0,0;0,0
IJV;NL:Q:50457010;Kasteel Stoutenburg;Stoutenburg;0,0;0,1;0,0;0,0;0,0;0,0
IJV;NL:Q:50457020;Kasteel Stoutenburg;Stoutenburg;0,1;0,0;0,0;0,0;0,0;0,0
IJV;NL:Q:50520110;Rotonde Ikea;Amersfoort;0,0;0,0;0,0;0,0;0,0;0,0
IJV;NL:Q:50520200;Rotonde Ikea;Amersfoort;0,0;0,0;0,0;0,0;0,0;0,0
IJV;NL:Q:50520210;Rotonde Podium;Amersfoort;0,0;0,0;0,0;0,0;0,0;0,0
IJV;NL:Q:50520220;Rotonde Podium;Amersfoort;0,0;0,0;0,0;0,0;0,0;0,0
IJV;NL:Q:50520450;Danzigweg;Amersfoort;0,0;0,0;0,0;0,0;0,0;0,0
IJV;NL:Q:50520470;Buitenveldseweg;Amersfoort;0,0;0,0;0,0;0,0;0,0;0,0
IJV;NL:Q:50520510;Danzigweg;Amersfoort;0,0;0,0;0,0;0,0;0,0;0,0
IJV;NL:Q:50520520;Buitenveldseweg;Amersfoort;0,0;0,0;0,0;0,0;0,0;0,0
IJV;NL:Q:50520560;Vrouwenpolder;Amersfoort;0,0;0,0;0,0;0,0;0,0;0,0
IJV;NL:Q:50520580;Texelstraat;Amersfoort;0,1;1,5;0,0;0,0;0,0;0,0
IJV;NL:Q:50520600;Texelstraat;Amersfoort;5,8;0,3;0,0;0,0;0,0;0,0
IJV;NL:Q:50520660;Vrouwenpolder;Amersfoort;0,0;0,0;0,0;0,0;0,0;0,0
IJV;NL:Q:50521160;Heideweg ;Amersfoort;0,0;0,1;0,0;0,0;0,0;0,0
IJV;NL:Q:50521170;Heideweg ;Amersfoort;0,1;0,1;0,0;0,0;0,0;0,0
IJV;NL:Q:50529000;Station Vathorst;Amersfoort;40,3;26,3;0,0;0,0;0,0;0,0
IJV;NL:Q:50531001;Oude Lageweg;Amersfoort;1,0;0,5;0,5;0,2;0,2;0,3
IJV;NL:Q:50531002;Oude Lageweg;Amersfoort;0,6;1,4;0,2;0,9;0,1;0,5
IJV;NL:Q:50531005;Klaarwater;Hoevelaken;0,1;0,1;0,2;0,0;0,0;0,0
IJV;NL:Q:50531006;Klaarwater;Hoevelaken;0,0;0,1;0,0;0,1;0,0;0,1
IJV;NL:Q:50531007;Hofweg;Hoevelaken;2,3;0,6;0,5;0,3;0,6;0,2
IJV;NL:Q:50531008;Hofweg;Hoevelaken;0,7;2,7;0,3;1,3;0,2;0,7
IJV;NL:Q:50531009;Julianalaan;Hoevelaken;8,9;2,7;4,0;0,8;2,2;0,2
IJV;NL:Q:50531010;Julianalaan;Hoevelaken;2,1;8,5;1,1;3,4;0,3;2,9
IJV;NL:Q:50531011;Gemeentehuis;Hoevelaken;7,8;2,3;5,7;1,5;3,5;0,8
IJV;NL:Q:50531012;Gemeentehuis;Hoevelaken;2,8;8,1;1,7;5,7;1,1;4,1
IJV;NL:Q:50531013;Stoutenburgerlaan;Hoevelaken;4,3;1,3;3,1;0,3;1,2;0,1
IJV;NL:Q:50531014;Stoutenburgerlaan;Hoevelaken;1,6;3,4;0,5;2,9;0,2;1,2
IJV;NL:Q:50531015;Koninginneweg;Hoevelaken;2,4;2,0;0,8;0,1;0,6;0,2
IJV;NL:Q:50531016;Koninginneweg;Hoevelaken;2,2;3,0;0,1;1,4;0,2;0,9
IJV;NL:Q:50531017;Huize Hoevelaken;Hoevelaken;2,2;0,4;2,0;0,4;1,0;0,1
IJV;NL:Q:50531018;Huize Hoevelaken;Hoevelaken;0,9;3,1;0,6;2,7;0,4;1,6
IJV;NL:Q:50531021;Bedrijventerrein Hogenbrink;Hoevelaken;0,5;1,9;0,3;0,2;0,0;0,0
IJV;NL:Q:50531022;Bedrijventerrein Hogenbrink;Hoevelaken;2,1;1,2;0,4;0,3;0,0;0,0
IJV;NL:Q:50531031;Station;Hoevelaken;20,1;22,9;8,9;7,8;5,0;2,7
IJV;NL:Q:50531032;Station;Hoevelaken;6,7;3,0;2,3;0,6;0,0;0,0
IJV;NL:Q:50532002;Ravengoedseweg;Zwartebroek;0,0;0,2;0,0;0,2;0,0;0,0
IJV;NL:Q:50538013;Barneveldseweg;Amersfoort;10,4;2,3;2,9;1,0;2,1;0,7
IJV;NL:Q:50543001;Bulderweg;Driedorp;0,0;0,0;0,0;0,0;0,0;0,0
IJV;NL:Q:50543002;Bulderweg;Driedorp;0,0;0,0;0,0;0,0;0,0;0,0
IJV;NL:Q:50543003;Peerweg;Driedorp;0,0;0,0;0,0;0,0;0,0;0,0
IJV;NL:Q:50543004;Peerweg;Driedorp;0,0;0,0;0,0;0,0;0,0;0,0
IJV;NL:Q:50543005;Slichtenhorsterweg;Driedorp;0,0;0,0;0,0;0,0;0,0;0,0
IJV;NL:Q:50543006;Slichtenhorsterweg;Driedorp;0,1;0,0;0,0;0,0;0,0;0,0
IJV;NL:Q:50549001;Appelsestraat;Appel;0,0;0,0;0,0;0,0;0,0;0,0
IJV;NL:Q:50549002;Appelsestraat;Appel;0,0;0,0;0,0;0,0;0,0;0,0
IJV;NL:Q:50549003;Akkerweg;Appel;0,0;0,0;0,0;0,0;0,0;0,0
IJV;NL:Q:50549004;Akkerweg;Appel;0,0;0,0;0,0;0,0;0,0;0,0
IJV;NL:Q:50630003;Van den Brandhof;Nijkerkerveen;0,2;0,6;0,1;0,2;0,0;0,0
IJV;NL:Q:50630004;Van den Brandhof;Nijkerkerveen;0,4;0,5;0,1;0,2;0,0;0,0
IJV;NL:Q:50630005;Laakweg;Nijkerkerveen;0,1;0,1;0,0;0,1;0,0;0,0
IJV;NL:Q:50630006;Laakweg;Nijkerkerveen;0,2;0,1;0,1;0,3;0,0;0,0
IJV;NL:Q:50630007;Dorp;Nijkerkerveen;0,3;0,3;0,1;0,1;0,0;0,0
IJV;NL:Q:50630008;Dorp;Nijkerkerveen;0,5;0,4;0,1;0,3;0,0;0,0
IJV;NL:Q:50630009;D. Ruitenbeekstraat;Nijkerkerveen;0,2;0,2;1,2;0,0;0,0;0,0
IJV;NL:Q:50630010;D. Ruitenbeekstraat;Nijkerkerveen;0,3;0,2;0,7;1,5;0,0;0,0
IJV;NL:Q:50630280;Berencamperweg;Nijkerk;7,7;2,1;0,0;0,0;0,0;0,0
IJV;NL:Q:50630290;Berencamperweg;Nijkerk;2,4;4,5;0,0;0,0;0,0;0,0
IJV;NL:Q:50631016;School Diermen;Putten;0,6;0,1;0,0;0,0;0,0;0,0
IJV;NL:Q:50637001;De Salentein;Nijkerk;0,9;0,5;0,0;0,0;0,0;0,0
IJV;NL:Q:50637002;De Salentein;Nijkerk;0,4;1,1;0,0;0,0;0,0;0,0
IJV;NL:Q:50637003;Tinbergenlaan;Nijkerk;4,1;4,2;0,8;0,8;0,0;0,0
IJV;NL:Q:50637004;Tinbergenlaan;Nijkerk;4,9;6,0;0,6;1,2;0,0;0,0
IJV;NL:Q:50637005;Van Rensselaerstraat;Nijkerk;3,3;4,6;0,6;0,2;0,0;0,0
IJV;NL:Q:50637006;Van Rensselaerstraat;Nijkerk;7,7;7,6;0,2;1,1;0,0;0,0
IJV;NL:Q:50637007;Station;Nijkerk;9,0;92,7;0,0;0,0;0,0;0,0
IJV;NL:Q:50637008;Station;Nijkerk;108,1;29,1;4,2;4,8;0,0;0,0
IJV;NL:Q:50637011;Zilverschoon;Nijkerk;8,2;11,4;0,0;0,0;0,0;0,0
IJV;NL:Q:50637012;Zilverschoon;Nijkerk;15,5;10,8;0,0;0,0;0,0;0,0
IJV;NL:Q:50637015;Callenbachstraat;Nijkerk;2,6;3,2;0,0;0,0;0,0;0,0
IJV;NL:Q:50637016;Callenbachstraat;Nijkerk;5,7;3,6;0,0;0,0;0,0;0,0
IJV;NL:Q:50637025;Torenstraat;Nijkerk;0,1;1,8;0,0;0,9;0,0;0,0
IJV;NL:Q:50637026;Torenstraat;Nijkerk;2,7;1,2;1,1;0,2;0,0;0,0
IJV;NL:Q:50637045;Kievitslaan;Nijkerk;0,0;0,0;0,0;0,0;0,0;0,0
IJV;NL:Q:50637046;Kievitslaan;Nijkerk;0,0;0,0;0,0;0,0;0,0;0,0
IJV;NL:Q:50637053;Corlaer College;Nijkerk;4,5;10,8;0,0;0,0;0,0;0,0
IJV;NL:Q:50637054;Corlaer College;Nijkerk;15,7;6,8;0,0;0,0;0,0;0,0
IJV;NL:Q:50637063;Agaatvlinder;Nijkerk;5,6;2,3;0,0;0,0;0,0;0,0
IJV;NL:Q:50637064;Agaatvlinder;Nijkerk;9,3;10,2;0,0;0,0;0,0;0,0
IJV;NL:Q:50642001;Ravengoedseweg;Zwartebroek;0,1;0,0;0,0;0,0;0,0;0,0
IJV;NL:Q:50642003;School;Zwartebroek;2,1;0,2;0,8;0,3;0,7;0,1
IJV;NL:Q:50642004;School;Zwartebroek;0,3;1,7;0,3;1,1;0,1;0,6
IJV;NL:Q:50642005;Ned. Herv. Kerk;Zwartebroek;0,4;0,1;0,3;0,1;0,3;0,1
IJV;NL:Q:50642006;Ned. Herv. Kerk;Zwartebroek;0,2;0,5;0,2;0,5;0,1;0,2
IJV;NL:Q:50645001;De Tolboom;Terschuur;2,3;0,9;1,3;0,8;1,0;0,2
IJV;NL:Q:50645002;De Tolboom;Terschuur;1,4;2,5;1,0;1,8;0,4;1,0
IJV;NL:Q:50645003;Leemweg;Terschuur;0,5;0,8;0,1;0,1;0,0;0,0
IJV;NL:Q:50645004;Leemweg;Terschuur;0,8;0,8;0,2;0,2;0,0;0,1
IJV;NL:Q:50645005;De Palmpol;Terschuur;0,5;0,0;0,2;0,0;0,0;0,0
IJV;NL:Q:50645006;De Palmpol;Terschuur;0,1;0,6;0,0;0,1;0,0;0,1
IJV;NL:Q:50645007;Van Beek;Terschuur;0,1;0,0;0,1;0,0;0,1;0,0
IJV;NL:Q:50645008;Van Beek;Terschuur;0,0;0,1;0,0;0,1;0,0;0,0
IJV;NL:Q:50645010;Oude Ambachten Museum;Terschuur;0,6;0,6;0,3;0,8;0,2;0,2
IJV;NL:Q:50664001;Helweg;Achterveld;0,2;0,3;0,0;0,0;0,0;0,0
IJV;NL:Q:50664003;Klettersteeg;Achterveld;0,3;0,5;0,1;0,2;0,0;0,0
IJV;NL:Q:50664004;Klettersteeg;Achterveld;0,4;0,2;0,2;0,1;0,0;0,0
IJV;NL:Q:50664007;Huize St. Joseph;Achterveld;1,1;0,5;0,8;0,6;0,0;0,0
IJV;NL:Q:50664008;Huize St. Joseph;Achterveld;0,5;0,9;0,5;0,7;0,0;0,0
IJV;NL:Q:50664009;De Hessenkar;Achterveld;2,3;0,7;1,1;0,4;0,0;0,0
IJV;NL:Q:50664010;De Hessenkar;Achterveld;0,6;1,9;0,3;0,9;0,0;0,0
IJV;NL:Q:50664019;RK Kerk;Achterveld;1,0;0,4;0,3;0,3;0,1;0,0
IJV;NL:Q:50664020;RK Kerk;Achterveld;0,4;0,9;0,0;0,3;0,0;0,0
IJV;NL:Q:50664023;Postweg;Achterveld;0,1;0,2;0,0;0,0;0,0;0,0
IJV;NL:Q:50664024;Postweg;Achterveld;0,1;0,3;0,1;0,1;0,0;0,0
IJV;NL:Q:50731015;School Diermen;Putten;0,1;0,5;0,0;0,0;0,0;0,0
IJV;NL:Q:50731017;School Hoef;Putten;0,4;0,4;0,0;0,0;0,0;0,0
IJV;NL:Q:50731018;School Hoef;Putten;0,5;0,6;0,0;0,0;0,0;0,0
IJV;NL:Q:50731043;Henslare;Putten;0,2;0,3;0,0;0,0;0,0;0,0
IJV;NL:Q:50731044;Henslare;Putten;0,2;0,3;0,0;0,0;0,0;0,0
IJV;NL:Q:50745009;Oude Ambachten Museum;Terschuur;0,3;0,5;0,7;0,4;0,2;0,1
IJV;NL:Q:50745011;Kruispunt Harselaar;Terschuur;0,8;0,3;1,0;0,2;1,1;0,1
IJV;NL:Q:50745012;Kruispunt Harselaar;Terschuur;0,4;0,8;0,1;1,2;0,1;1,0
IJV;NL:Q:50745021;Zeumerseweg;Barneveld;0,2;2,5;0,1;0,1;0,0;0,0
IJV;NL:Q:50745022;Zeumerseweg;Barneveld;1,9;0,4;0,3;0,2;0,1;0,0
IJV;NL:Q:50746001;Lankerenseweg;Voorthuizen;0,9;0,5;0,2;0,0;0,0;0,1
IJV;NL:Q:50746002;Lankerenseweg;Voorthuizen;0,6;0,4;0,1;0,3;0,0;0,1
IJV;NL:Q:50746003;Verbindingsweg;Voorthuizen;1,3;1,4;0,4;0,5;0,3;0,2
IJV;NL:Q:50746004;Verbindingsweg;Voorthuizen;1,9;1,6;0,7;1,1;0,3;0,5
IJV;NL:Q:50746005;Buitenlust;Voorthuizen;6,8;5,4;2,3;1,4;1,0;0,8
IJV;NL:Q:50746006;Buitenlust;Voorthuizen;7,2;7,7;1,6;3,2;0,7;1,5
IJV;NL:Q:50746007;De Punt;Voorthuizen;33,4;31,0;17,9;11,2;8,5;5,8
IJV;NL:Q:50746008;De Punt;Voorthuizen;43,4;28,1;15,4;17,2;8,6;9,9
IJV;NL:Q:50746009;Roelenengweg;Voorthuizen;1,2;4,1;0,6;2,7;0,4;0,9
IJV;NL:Q:50746010;Roelenengweg;Voorthuizen;5,7;1,9;2,2;1,1;1,4;0,6
IJV;NL:Q:50746012;Bosweg;Voorthuizen;0,8;1,3;1,0;0,9;0,5;0,6
IJV;NL:Q:50746021;Dorpskerk;Voorthuizen;2,5;5,6;0,5;0,8;0,4;0,3
IJV;NL:Q:50746022;Dorpskerk;Voorthuizen;7,2;3,5;1,0;1,0;0,8;0,7
IJV;NL:Q:50747002;Struik;Nijkerk;1,4;0,9;0,3;0,7;0,2;0,5
IJV;NL:Q:50765033;De Pelmolen;Barneveld;0,0;0,2;0,0;0,0;0,0;0,0
IJV;NL:Q:50765034;De Pelmolen;Barneveld;0,2;0,1;0,0;0,0;0,0;0,0
IJV;NL:Q:50765035;De Nieuwe Eshof;Barneveld;0,0;0,0;0,0;0,1;0,0;0,0
IJV;NL:Q:50765036;De Nieuwe Eshof;Barneveld;0,1;0,0;0,1;0,0;0,0;0,0
IJV;NL:Q:50765037;De Eshof;Barneveld;0,0;0,0;0,0;0,1;0,0;0,0
IJV;NL:Q:50765038;De Eshof;Barneveld;0,0;0,0;0,1;0,0;0,0;0,0
IJV;NL:Q:50765039;Boerderij Veerman;Barneveld;0,0;0,0;0,0;0,0;0,0;0,0
IJV;NL:Q:50765040;Boerderij Veerman;Barneveld;0,0;0,1;0,0;0,0;0,0;0,0
IJV;NL:Q:50841026;Heihaas;Putten;4,9;2,7;3,8;0,9;1,1;0,2
IJV;NL:Q:50847001;Struik;Nijkerk;1,1;1,4;0,6;0,4;0,3;0,2
IJV;NL:Q:50848001;Veenhuizerveldweg;Huinen;3,0;3,9;1,0;1,2;0,6;0,4
IJV;NL:Q:50848002;Veenhuizerveldweg;Huinen;4,3;3,3;1,8;1,9;0,9;0,6
IJV;NL:Q:50848003;Oude Garderenseweg;Huinen;1,5;3,0;1,0;1,8;0,8;0,5
IJV;NL:Q:50848004;Oude Garderenseweg;Huinen;3,0;1,9;1,9;1,1;0,9;0,5
IJV;NL:Q:58520010;Busstation 't Oor;Almere Stad;0,0;0,0;0,0;0,0;0,0;0,0
IJV;NL:Q:58610060;Vogelweg;Almere Hout;1,9;1,4;0,0;0,0;0,0;0,0
IJV;NL:Q:58610080;Kasteel;Almere Stad;0,0;0,0;0,0;0,0;0,0;0,0
IJV;NL:Q:58610090;Veluwsekant;Almere Stad;0,0;0,0;0,0;0,0;0,0;0,0
IJV;NL:Q:58610100;Veluwsekant;Almere Stad;19,7;5,5;0,0;0,0;0,0;0,0
IJV;NL:Q:58610110;De Kemphaan;Almere Hout;8,4;0,9;0,0;0,0;0,0;0,0
IJV;NL:Q:58610120;De Kemphaan;Almere Hout;4,3;14,5;0,0;0,0;0,0;0,0
IJV;NL:Q:58650050;Stedenwijk Zuid;Almere Stad;0,0;0,0;0,0;0,0;0,0;0,0
IJV;NL:Q:58650071;Hortus;Almere;0,0;0,0;0,0;0,0;0,0;0,0
IJV;NL:Q:58650081;Hortus;Almere;0,0;0,0;0,0;0,0;0,0;0,0
IJV;NL:Q:58650150;Stedenwijk Midden;Almere Stad;0,0;0,0;0,0;0,0;0,0;0,0
IJV;NL:Q:58650200;Stedenwijk Zuid;Almere Stad;0,0;0,0;0,0;0,0;0,0;0,0
IJV;NL:Q:58650300;Stedenwijk Midden;Almere Stad;0,0;0,0;0,0;0,0;0,0;0,0
IJV;NL:Q:58650330;Greta Garboplantsoen;Almere Stad;6,8;0,2;0,0;0,0;0,0;0,0
IJV;NL:Q:58650340;Greta Garboplantsoen;Almere Stad;0,3;6,5;0,0;0,0;0,0;0,0
IJV;NL:Q:58650350;Passage;Almere Stad;0,0;0,0;0,0;0,0;0,0;0,0
IJV;NL:Q:58650360;Passage;Almere Stad;0,0;0,0;0,0;0,0;0,0;0,0
IJV;NL:Q:58650370;Flevoziekenhuis;Almere Stad;17,4;0,4;0,0;0,0;0,0;0,0
IJV;NL:Q:58650380;Flevoziekenhuis;Almere Stad;0,1;21,1;0,0;0,0;0,0;0,0
IJV;NL:Q:58650430;Stadhuisplein;Almere Stad;67,6;4,6;0,0;0,0;0,1;0,0
IJV;NL:Q:58650440;Stadhuisplein;Almere Stad;2,4;27,8;0,0;0,0;0,0;0,0
IJV;NL:Q:58650590;Romy Schneiderweg;Almere Stad;1,4;0,4;0,0;0,0;0,0;0,0
IJV;NL:Q:58650600;Romy Schneiderweg;Almere Stad;0,0;0,7;0,0;0,0;0,0;0,0
IJV;NL:Q:58650610;Bunuellaan;Almere Stad;4,7;1,0;0,0;0,0;0,0;0,0
IJV;NL:Q:58650620;Bunuellaan;Almere Stad;0,1;4,0;0,0;0,0;0,0;0,0
IJV;NL:Q:58650640;Walt Disneyplantsoen;Almere Stad;0,4;10,5;0,0;0,0;0,0;0,0
IJV;NL:Q:58650930;Busstation 't Oor;Almere Stad;0,0;0,0;0,0;0,0;0,0;0,0
IJV;NL:Q:58650950;Veluwsekant;Almere Stad;8,2;12,6;0,0;0,0;0,0;0,0
IJV;NL:Q:58650970;Kasteel;Almere Stad;0,0;0,0;0,0;0,0;0,0;0,0
IJV;NL:Q:58655070;Station Centrum;Almere Stad;0,1;0,0;0,1;0,0;0,1;0,0
IJV;NL:Q:58655110;Station Centrum;Almere Stad;113,7;119,0;0,0;0,0;0,0;0,0
IJV;NL:Q:58655610;Walt Disneyplantsoen;Almere Stad;10,2;2,6;0,0;0,0;0,0;0,0
IJV;NL:Q:58710010;Vogelweg;Almere Hout;0,0;0,0;0,0;0,0;0,0;0,1
IJV;NL:Q:58710020;Vogelweg;Almere Hout;2,0;4,0;0,0;0,0;0,0;0,0
IJV;NL:Q:58710021;Stichtse Brug;Almere Hout;0,0;0,0;0,0;0,0;0,0;0,0
IJV;NL:Q:58710040;Paradijsvogelweg;Almere Hout;23,8;0,8;0,0;0,0;0,0;0,0
IJV;NL:Q:58710050;Paradijsvogelweg;Almere Hout;9,7;36,9;0,0;0,0;0,0;0,0
IJV;NL:Q:58710100;Nachtegaallaan;Almere Hout;28,8;0,7;0,0;0,0;0,0;0,0
IJV;NL:Q:58710110;Nachtegaallaan;Almere Hout;13,2;47,2;0,0;0,0;0,0;0,0
IJV;NL:Q:58710120;Stichtsekant;Almere Hout;0,0;0,0;0,0;0,0;0,0;0,0
IJV;NL:Q:58710130;Stichtsekant;Almere Hout;0,0;0,0;0,0;0,0;0,0;0,0
IJV;NL:Q:59700010;Stichtse Brug;Almere Hout;0,0;0,0;0,0;0,0;0,0;0,0
IJV;NL:Q:60000021;Helweg;Achterveld;0,2;0,1;0,0;0,0;0,0;0,0
IJV;NL:Q:60000094;Aalbert Cuyplaan;Apeldoorn;0,2;13,8;0,2;10,7;0,1;3,2
IJV;NL:Q:60000096;Auroralaan;Apeldoorn;2,0;0,3;1,6;0,2;0,4;0,0
IJV;NL:Q:60000102;Burg. Roosmale Nepveulaan;Apeldoorn;0,8;0,3;1,7;0,9;0,0;0,0
IJV;NL:Q:60000111;Edelweisslaan;Apeldoorn;0,1;5,0;0,1;3,0;0,0;1,0
IJV;NL:Q:60000113;Emmaplein;Apeldoorn;0,3;2,5;0,1;2,0;0,0;1,3
IJV;NL:Q:60000115;Ferd. Bollaan;Apeldoorn;6,9;1,8;4,1;2,0;1,1;0,2
IJV;NL:Q:60000125;Het Kasteel;Apeldoorn;2,7;2,6;1,1;2,8;0,3;0,6
IJV;NL:Q:60000134;Koning Lodewijklaan;Apeldoorn;2,6;0,9;3,9;1,5;0,0;0,0
IJV;NL:Q:60000142;Lippe Biesterfeldstraat;Apeldoorn;0,8;1,9;0,3;0,5;0,0;0,0
IJV;NL:Q:60000145;Marechausseekazerne;Apeldoorn;0,8;0,6;0,8;1,4;0,0;0,0
IJV;NL:Q:60000148;Mauvestraat;Apeldoorn;18,2;1,2;11,1;0,7;2,9;0,6
IJV;NL:Q:60000149;Marchantstraat;Apeldoorn;10,9;22,7;3,3;12,6;4,4;8,8
IJV;NL:Q:60000151;Marchantstraat;Apeldoorn;24,9;5,0;14,8;0,5;7,0;0,3
IJV;NL:Q:60000155;Orpheus;Apeldoorn;0,8;0,2;0,7;0,2;0,0;0,0
IJV;NL:Q:60000158;FizzionParc;Apeldoorn;4,8;5,7;0,0;0,0;0,0;0,0
IJV;NL:Q:60000159;Paulus Potterlaan;Apeldoorn;18,7;1,0;10,5;0,5;3,2;0,3
IJV;NL:Q:60000160;Achmea;Apeldoorn;26,5;17,8;0,0;0,0;0,0;0,0
IJV;NL:Q:60000162;Wkc Anklaar;Apeldoorn;11,1;23,8;5,4;28,6;1,5;12,8
IJV;NL:Q:60000168;Rembrandtlaan;Apeldoorn;15,1;3,8;8,3;2,4;1,9;0,6
IJV;NL:Q:60000171;Robijnstraat;Apeldoorn;3,9;1,4;5,2;2,3;0,0;0,0
IJV;NL:Q:60000172;De Savornin Lohmanstraat;Apeldoorn;5,2;12,5;1,8;9,1;1,4;3,6
IJV;NL:Q:60000173;De Savornin Lohmanstraat;Apeldoorn;11,4;3,4;5,2;0,3;1,8;0,3
IJV;NL:Q:60000183;Stephensonstraat;Apeldoorn;0,0;0,0;0,0;0,0;0,0;0,0
IJV;NL:Q:60000186;Talma Borgh;Apeldoorn;4,2;5,2;4,6;6,1;1,6;1,2
IJV;NL:Q:60000192;Tuinmanslaan;Apeldoorn;2,0;1,6;3,1;3,2;0,0;0,0
IJV;NL:Q:60000203;Zuster Meyboomlaan;Apeldoorn;1,1;5,8;0,5;2,9;0,4;2,2
IJV;NL:Q:60001150;Mercatorplein;Apeldoorn;1,6;11,4;0,4;14,3;0,1;3,6
IJV;NL:Q:60002205;Zanderijweg;Apeldoorn;13,7;0,1;8,9;0,2;2,7;0,0
IJV;NL:Q:60002210;Wkc Anklaar;Apeldoorn;26,2;2,5;25,3;1,2;10,7;0,5
IJV;NL:Q:99990032;Station Barneveld Noord;Barneveld;11,2;2,5;4,2;0,2;2,3;0,2
IJV;NL:Q:99990033;Station Barneveld Noord;Barneveld;2,1;8,8;0,1;1,9;0,1;1,0
SAN;DE:Q:80000060;Hulsmann;Wyler;0,3;0,0;0,5;0,0;0,2;0,0
SAN;DE:Q:80000070;Vogelsang;Wyler;0,0;0,1;0,0;0,0;0,0;0,0
SAN;DE:Q:80000080;Vogelsang;Wyler;0,1;0,0;0,0;0,0;0,0;0,0
SAN;DE:Q:80000090;Hulsmann;Wyler;0,0;0,3;0,1;0,3;0,0;0,1
SAN;DE:Q:80000130;Altes Zollamt;Wyler;0,1;0,2;0,1;0,2;0,0;0,2
SAN;DE:Q:80000140;Altes Zollamt;Wyler;0,4;0,1;0,4;0,1;0,1;0,0
SAN;DE:Q:80000170;Muhle;Wyler;0,0;0,2;0,0;0,2;0,0;0,1
SAN;DE:Q:80000180;Muhle;Wyler;0,2;0,0;0,4;0,1;0,1;0,0
SAN;DE:Q:80000210;Grenzweg;Wyler;0,0;0,1;0,1;0,1;0,0;0,0
SAN;DE:Q:80000220;Grenzweg;Wyler;0,2;0,0;0,1;0,0;0,1;0,0
SAN;DE:Q:80000250;Richtersgut;Kranenburg;0,0;0,5;0,1;0,6;0,0;0,3
SAN;DE:Q:80000260;Richtersgut;Kranenburg;0,6;0,0;0,8;0,1;0,4;0,0
SAN;DE:Q:80000300;Kranenburg Mitte;Kranenburg;1,2;0,1;2,1;0,1;0,9;0,0
SAN;DE:Q:80000330;Bürgermeisteramt;Kranenburg;0,3;2,0;0,5;3,5;0,0;0,5
SAN;DE:Q:80000340;Bürgermeisteramt;Kranenburg;2,3;0,3;3,6;0,8;1,4;0,1
SAN;DE:Q:80000350;Tütthees;Kranenburg;0,0;0,1;0,0;0,2;0,0;0,1
SAN;DE:Q:80000360;Tütthees;Kranenburg;0,1;0,0;0,4;0,0;0,2;0,0
SAN;DE:Q:80000370;B9 Bahnübergang;Kranenburg;0,0;0,1;0,1;0,0;0,0;0,0
SAN;DE:Q:80000380;B9 Bahnübergang;Kranenburg;0,1;0,0;0,1;0,0;0,1;0,0
SAN;DE:Q:80000390;Bahnhof;Emmerich;1,2;0,6;1,9;1,2;0,8;0,5
SAN;DE:Q:80000400;Bahnhof;Emmerich;0,6;0,5;0,7;0,6;0,1;0,2
SAN;DE:Q:80000410;Bahnhof;Kleve;3,0;0,4;4,0;0,7;2,3;0,3
SAN;DE:Q:80000420;Bahnhof;Kleve;0,4;2,2;1,6;3,9;0,7;1,3
SAN;DE:Q:80000490;Frasselter Weg;Frasselt;0,6;0,0;0,8;0,0;1,1;0,1
SAN;DE:Q:80000500;Frasselter Weg;Frasselt;0,0;0,1;0,0;0,2;0,0;0,2
SAN;DE:Q:80000510;Markt;Elten;3,9;0,6;0,0;0,0;0,0;0,0
SAN;DE:Q:80000520;Markt;Elten;0,8;2,6;0,0;0,0;0,0;0,0
SAN;DE:Q:80000530;Neustadt;Elten;1,8;0,0;0,0;0,0;0,0;0,0
SAN;DE:Q:80000540;Neustadt;Elten;0,2;1,7;0,0;0,0;0,0;0,0
SAN;DE:Q:80000560;Hauberg;Elten;0,1;0,2;0,0;0,0;0,0;0,0
SAN;DE:Q:80000570;Feldhausener Weg;Elten;0,1;0,0;0,0;0,0;0,0;0,0
SAN;DE:Q:80000580;Feldhausener Weg;Elten;0,0;0,4;0,0;0,0;0,0;0,0
SAN;DE:Q:80000590;Hauberg;Elten;0,3;0,0;0,0;0,0;0,0;0,0
SAN;DE:Q:80000610;Feuerwehr;Kranenburg;0,2;1,1;0,6;1,2;0,1;1,3
SAN;DE:Q:80000640;Galgensteeg;Kranenburg;0,1;0,0;0,3;0,1;0,0;0,0
SAN;DE:Q:80000650;Galgensteeg;Kranenburg;0,1;0,3;0,0;0,2;0,0;0,2
SAN;DE:Q:80000920;Bomshof;Nütterden;0,0;0,0;0,0;0,0;0,0;0,0
SAN;DE:Q:80000930;Bomshof;Nütterden;0,0;0,2;0,0;0,2;0,0;0,1
SAN;DE:Q:80000980;Kirche;Nütterden;0,1;0,5;0,1;0,4;0,0;0,5
SAN;DE:Q:80000990;Kirche;Nütterden;0,7;0,0;0,9;0,1;0,5;0,1
SAN;DE:Q:80001120;Koekkoekplatz;Kleve;1,4;0,1;3,1;0,2;2,1;0,1
SAN;DE:Q:80001130;Koekkoekplatz;Kleve;0,1;1,6;0,4;3,3;0,0;1,4
SAN;DE:Q:80001140;Gruftstraße;Kleve;0,2;0,0;0,5;0,0;0,3;0,0
SAN;DE:Q:80001150;Gruftstraße;Kleve;0,0;0,3;0,0;0,5;0,0;0,3
SAN;DE:Q:80001160;Forstgarten;Kleve;0,1;0,0;0,3;0,1;0,1;0,0
SAN;DE:Q:80001170;Forstgarten;Kleve;0,0;0,2;0,0;0,3;0,0;0,3
SAN;DE:Q:80001180;Schützenhaus;Kleve;0,1;0,0;0,0;0,0;0,0;0,0
SAN;DE:Q:80001190;Schützenhaus;Kleve;0,0;0,0;0,1;0,0;0,1;0,0
SAN;DE:Q:80001200;Hochschule;Kleve;0,2;0,0;0,9;0,1;0,2;0,0
SAN;DE:Q:80001210;Hochschule;Kleve;0,1;0,1;0,0;0,1;0,2;0,2
SAN;DE:Q:80001220;Schulstraße;Kleve;0,1;0,0;0,1;0,0;0,1;0,0
SAN;DE:Q:80001230;Schulstraße;Kleve;0,0;0,1;0,0;0,1;0,0;0,1
SAN;DE:Q:80001240;Reeserstraße;Kleve;0,0;0,0;0,0;0,0;0,0;0,0
SAN;DE:Q:80001250;Reeserstraße;Kleve;0,0;0,0;0,0;0,0;0,0;0,0
SAN;DE:Q:80001260;Hoherweg;Kleve;0,1;0,0;0,1;0,0;0,1;0,0
SAN;DE:Q:80001270;Hoherweg;Kleve;0,0;0,1;0,0;0,1;0,0;0,1
SAN;DE:Q:80001280;Kellen Offenberg;Kleve;0,1;0,0;0,1;0,0;0,2;0,0
SAN;DE:Q:80001290;Kellen Offenberg;Kleve;0,0;0,0;0,0;0,1;0,0;0,0
SAN;DE:Q:80001310;Euregio;Kleve;0,0;0,0;0,0;0,0;0,0;0,0
SAN;DE:Q:80001320;Lippenhof;Kleve;0,0;0,0;0,0;0,0;0,0;0,0
SAN;DE:Q:80001330;Lippenhof;Kleve;0,0;0,0;0,0;0,0;0,0;0,0
SAN;DE:Q:80001350;Alte Mühle;Kleve;0,0;0,0;0,0;0,0;0,0;0,0
SAN;DE:Q:80001360;Warbeyen;Kleve;0,0;0,0;0,0;0,0;0,0;0,0
SAN;DE:Q:80001370;Warbeyen;Kleve;0,0;0,0;0,0;0,0;0,0;0,0
SAN;DE:Q:80001380;Grünerweg;Kleve;0,0;0,0;0,0;0,0;0,0;0,0
SAN;DE:Q:80001400;Überhorsthof;Kleve;0,0;0,0;0,0;0,0;0,0;0,0
SAN;DE:Q:80001420;Brückenkopf links;Kleve;0,0;0,0;0,0;0,0;0,0;0,0
SAN;DE:Q:80001440;Brückenkopf rechts;Emmerich;0,0;0,0;0,0;0,0;0,0;0,0
SAN;DE:Q:80001450;Brückenkopf rechts;Emmerich;0,0;0,0;0,0;0,0;0,0;0,0
SAN;DE:Q:80001460;van den Berghstraße;Emmerich;0,0;0,0;0,0;0,0;0,0;0,0
SAN;DE:Q:80001470;van den Berghstraße;Emmerich;0,0;0,0;0,0;0,1;0,0;0,1
SAN;DE:Q:80001480;Geistmarkt;Emmerich;0,1;0,0;0,1;0,0;0,2;0,0
SAN;DE:Q:80001490;Geistmarkt;Emmerich;0,0;0,1;0,0;0,0;0,0;0,0
SAN;DE:Q:80001500;Nonnenplatz;Emmerich;0,1;0,0;0,1;0,0;0,1;0,0
SAN;DE:Q:80001510;Nonnenplatz;Emmerich;0,0;0,0;0,0;0,0;0,0;0,1
SAN;DE:Q:80001560;Kleiner Löwe;Emmerich;0,1;0,0;0,2;0,0;0,1;0,0
SAN;DE:Q:80001570;Kleiner Löwe;Emmerich;0,0;0,0;0,0;0,1;0,0;0,0
SAN;DE:Q:80001590;Derksen;Emmerich;0,0;0,0;0,0;0,0;0,0;0,0
SAN;DE:Q:80001600;Derksen;Emmerich;0,0;0,0;0,1;0,0;0,0;0,0
SAN;DE:Q:80006010;Siedlung;Nütterden;0,0;0,0;0,0;0,0;0,0;0,0
SAN;DE:Q:80006020;Siedlung;Nütterden;0,0;0,0;0,1;0,0;0,0;0,0
SAN;DE:Q:80006030;Neu Nütterden;Nütterden;0,0;0,1;0,0;0,0;0,0;0,1
SAN;DE:Q:80006040;Neu Nütterden;Nütterden;0,1;0,0;0,2;0,0;0,1;0,0
SAN;DE:Q:80006050;Heide;Donsbrüggen;0,0;0,1;0,0;0,1;0,0;0,1
SAN;DE:Q:80006060;Heide;Donsbrüggen;0,1;0,0;0,0;0,0;0,1;0,0
SAN;DE:Q:80006070;Gnadenthal;Donsbrüggen;0,0;0,0;0,0;0,0;0,0;0,0
SAN;DE:Q:80006080;Gnadenthal;Donsbrüggen;0,0;0,0;0,1;0,0;0,1;0,0
SAN;DE:Q:80006980;Kirche;Donsbrüggen;0,0;0,0;0,0;0,0;0,0;0,0
SAN;DE:Q:80006990;Kirche;Donsbrüggen;0,0;0,0;0,0;0,1;0,0;0,1
SAN;NL:Q:40000090;Station Velperpoort;Arnhem;587,5;309,9;265,6;202,1;180,3;166,4
SAN;NL:Q:40000100;Station Velperpoort;Arnhem;342,4;568,9;222,9;234,0;137,4;160,2
SAN;NL:Q:40000110;Hoflaan;Arnhem;105,4;617,6;39,7;216,6;35,0;169,9
SAN;NL:Q:40000120;Hoflaan;Arnhem;534,1;84,2;196,0;24,3;109,4;22,2
SAN;NL:Q:40000130;Raapopseweg;Arnhem;85,9;265,2;14,2;47,4;9,1;37,0
SAN;NL:Q:40000140;Raapopseweg;Arnhem;726,7;178,1;169,2;36,4;94,1;24,6
SAN;NL:Q:40000150;Huyghenslaan;Arnhem;2,0;8,5;0,8;7,3;0,4;5,4
SAN;NL:Q:40000160;Huyghenslaan;Arnhem;6,8;3,6;5,2;1,1;3,5;0,9
SAN;NL:Q:40000170;Esperantolaan;Arnhem;3,5;19,3;3,2;17,1;1,6;12,6
SAN;NL:Q:40000180;Esperantolaan;Arnhem;12,5;3,2;12,4;2,8;7,8;1,2
SAN;NL:Q:40000190;Vondellaan;Arnhem;6,7;29,3;3,2;19,0;1,3;12,9
SAN;NL:Q:40000200;Vondellaan;Arnhem;27,7;8,7;22,5;3,9;12,0;1,5
SAN;NL:Q:40000220;Bronbeek;Arnhem;34,3;6,8;30,9;5,1;22,6;2,4
SAN;NL:Q:40000310;Dedelstraat;Arnhem;0,5;30,0;0,9;17,5;0,6;11,4
SAN;NL:Q:40000320;van Speykstraat;Arnhem;22,3;0,7;16,8;0,1;8,3;0,0
SAN;NL:Q:40000330;van Speykstraat;Arnhem;0,5;13,4;0,6;15,5;0,1;6,5
SAN;NL:Q:40000340;Delta;Arnhem;0,1;17,9;0,0;0,0;0,0;0,0
SAN;NL:Q:40000350;Delta;Arnhem;15,7;0,1;0,0;0,0;0,0;0,0
SAN;NL:Q:40000360;IJsseloord 1;Arnhem;35,4;1,4;13,0;1,4;7,2;0,7
SAN;NL:Q:40000370;IJsseloord 1;Arnhem;1,5;30,7;6,9;15,2;3,0;8,5
SAN;NL:Q:40000380;Meander;Arnhem;0,9;19,8;0,0;0,0;0,0;0,0
SAN;NL:Q:40000390;Meander;Arnhem;17,9;0,1;0,0;0,0;0,0;0,0
SAN;NL:Q:40000500;Arnhem Centraal;Arnhem;0,0;1766,9;0,0;0,0;0,0;0,0
SAN;NL:Q:40000510;Museum Arnhem;Arnhem;30,3;16,9;20,2;11,9;16,1;8,9
SAN;NL:Q:40000520;Museum Arnhem;Arnhem;20,2;76,5;16,2;42,0;11,4;34,8
SAN;NL:Q:40000530;Zwarteweg;Arnhem;19,8;62,5;10,6;37,9;6,5;25,3
SAN;NL:Q:40000540;Zwarteweg;Arnhem;56,3;22,4;38,2;5,5;23,6;4,9
SAN;NL:Q:40000550;Oranjestraat;Arnhem;36,2;153,4;19,1;77,0;13,4;52,8
SAN;NL:Q:40000560;Oranjestraat;Arnhem;151,8;33,0;77,9;16,2;43,3;10,1
SAN;NL:Q:40000570;Klingelbeekseweg;Arnhem;1,1;15,6;0,5;4,0;0,2;1,7
SAN;NL:Q:40000580;Klingelbeekseweg;Arnhem;6,9;1,9;3,0;1,0;0,9;0,6
SAN;NL:Q:40000590;Arnhem Centraal;Arnhem;1572,2;0,0;0,0;0,0;0,0;0,0
SAN;NL:Q:40000600;Arnhems Buiten;Arnhem;124,2;14,9;35,0;7,9;21,7;5,5
SAN;NL:Q:40000650;tunnel IJsseloord;Arnhem;7,7;17,8;2,2;4,7;1,1;1,3
SAN;NL:Q:40000660;tunnel IJsseloord;Arnhem;19,4;9,5;5,3;3,2;1,7;1,2
SAN;NL:Q:40000670;Blankenweg;Arnhem;7,0;29,7;7,2;14,4;1,6;9,5
SAN;NL:Q:40000680;Blankenweg;Arnhem;24,7;7,4;12,5;7,0;7,3;1,3
SAN;NL:Q:40000690;Dr. C. Lelyweg Noord;Arnhem;14,5;29,3;6,7;19,2;4,3;10,8
SAN;NL:Q:40000700;Dr. C. Lelyweg Noord;Arnhem;20,0;14,5;12,9;7,0;4,7;3,8
SAN;NL:Q:40000790;Arnhem Velperpoort;Arnhem;351,7;157,9;0,0;0,0;0,0;0,0
SAN;NL:Q:40000800;Arnhem Velperpoort;Arnhem;105,4;404,0;0,0;0,0;0,0;0,0
SAN;NL:Q:40000970;IJsseloord 2;Arnhem;30,4;33,6;0,0;0,0;0,0;0,0
SAN;NL:Q:40001000;Middachtensingel;Arnhem;0,3;6,0;0,0;0,0;0,0;0,0
SAN;NL:Q:40001050;Sonsbeekweg;Arnhem;4,6;1,6;6,3;1,3;4,8;1,1
SAN;NL:Q:40001060;Sonsbeekweg;Arnhem;0,6;7,1;0,4;7,3;0,3;5,9
SAN;NL:Q:40001070;Burgemeestersplein;Arnhem;4,2;6,6;3,1;3,0;2,9;2,4
SAN;NL:Q:40001080;Burgemeestersplein;Arnhem;2,9;10,4;1,4;3,6;0,7;2,5
SAN;NL:Q:40001090;Burg. Weertsstraat;Arnhem;11,7;29,6;8,5;27,5;7,2;17,0
SAN;NL:Q:40001100;Burg. Weertsstraat;Arnhem;25,8;8,7;19,2;5,9;13,9;4,6
SAN;NL:Q:40001110;Izaak Evertslaan;Arnhem;2,1;18,0;2,7;14,0;2,0;10,0
SAN;NL:Q:40001120;Izaak Evertslaan;Arnhem;12,8;1,8;10,9;1,9;5,9;1,7
SAN;NL:Q:40001140;van Ruisdaelstraat;Arnhem;12,2;0,2;7,3;0,2;4,3;0,2
SAN;NL:Q:40001250;Schelmseweg;Arnhem;13,4;0,8;0,0;0,0;0,0;0,0
SAN;NL:Q:40001300;Industriepark Kleefse Waard;Arnhem;13,8;15,3;2,0;4,2;0,9;1,4
SAN;NL:Q:40001600;Het Venster;Arnhem;7,1;0,6;0,0;0,0;0,0;0,0
SAN;NL:Q:40001620;Beekdal Lyceum;Arnhem;9,9;2,3;0,0;0,0;0,0;0,0
SAN;NL:Q:40001630;Raapopseweg;Arnhem;49,5;275,0;18,7;67,1;10,7;52,5
SAN;NL:Q:40001670;De Drie Gasthuizen;Arnhem;13,0;216,6;4,6;70,3;3,4;40,4
SAN;NL:Q:40001680;De Drie Gasthuizen;Arnhem;212,4;14,5;62,8;5,1;38,2;2,9
SAN;NL:Q:40001690;Bernhardlaan;Arnhem;4,2;65,1;3,1;54,1;1,8;34,5
SAN;NL:Q:40001700;Bernhardlaan;Arnhem;63,5;2,9;51,5;1,3;33,4;0,5
SAN;NL:Q:40001710;Dr. Schaepmanlaan;Arnhem;24,8;183,0;15,3;107,1;8,6;68,1
SAN;NL:Q:40001720;Dr. Schaepmanlaan;Arnhem;184,4;14,0;106,0;8,5;67,5;5,3
SAN;NL:Q:40001730;Middenweg;Arnhem;14,1;67,5;2,4;49,2;0,9;34,4
SAN;NL:Q:40001740;Middenweg;Arnhem;78,2;10,9;62,9;2,7;36,9;0,9
SAN;NL:Q:40001750;Marktplein (Geitenkamp);Arnhem;8,9;100,9;7,4;89,0;2,7;53,7
SAN;NL:Q:40001760;Marktplein (Geitenkamp);Arnhem;125,5;6,6;108,7;5,9;66,0;1,7
SAN;NL:Q:40001770;Zaslaan;Arnhem;4,3;154,1;2,7;126,2;1,7;92,5
SAN;NL:Q:40001780;Zaslaan;Arnhem;145,9;4,9;121,5;2,9;76,7;0,8
SAN;NL:Q:40001790;Schuttersbergplein;Arnhem;11,6;129,8;3,6;99,2;1,8;75,3
SAN;NL:Q:40001800;Schuttersbergplein;Arnhem;115,2;7,0;96,4;0,8;68,0;0,6
SAN;NL:Q:40001810;Roerdomplaan;Arnhem;1,7;60,6;0,9;46,4;0,7;32,2
SAN;NL:Q:40001820;Roerdomplaan;Arnhem;43,1;0,3;32,2;0,1;21,8;0,1
SAN;NL:Q:40001880;Schuttersbergplein;Arnhem;5,9;3,1;3,7;1,2;0,0;0,0
SAN;NL:Q:40002050;Bothaplein;Arnhem;15,7;6,6;13,6;4,6;11,8;4,8
SAN;NL:Q:40002060;Bothaplein;Arnhem;4,4;19,8;2,4;14,6;1,7;9,4
SAN;NL:Q:40002070;Jacob Cremerstraat;Arnhem;10,2;59,6;10,1;40,1;9,2;31,4
SAN;NL:Q:40002080;Jacob Cremerstraat;Arnhem;45,9;8,3;22,2;8,1;15,7;6,8
SAN;NL:Q:40002090;Graaf Ottoplein;Arnhem;9,8;84,5;8,9;65,9;8,1;52,9
SAN;NL:Q:40002100;Graaf Ottoplein;Arnhem;86,9;10,3;55,9;9,4;37,4;8,6
SAN;NL:Q:40002110;Graaf Lodewijkstraat;Arnhem;28,1;103,8;18,9;83,5;17,0;69,1
SAN;NL:Q:40002120;Graaf Lodewijkstraat;Arnhem;121,9;30,0;97,7;21,7;67,0;18,5
SAN;NL:Q:40002130;Sint Antonielaan;Arnhem;8,3;48,8;5,0;32,1;4,1;22,8
SAN;NL:Q:40002140;Sint Antonielaan;Arnhem;34,2;9,3;19,6;4,0;12,7;4,4
SAN;NL:Q:40002150;Heselbergherweg;Arnhem;1,6;12,8;2,2;11,9;1,3;9,6
SAN;NL:Q:40002160;Heselbergherweg;Arnhem;8,5;1,8;7,4;1,2;5,7;0,9
SAN;NL:Q:40002170;Ziekenhuis Rijnstate;Arnhem;62,1;392,8;11,4;92,8;2,2;68,9
SAN;NL:Q:40002180;Ziekenhuis Rijnstate;Arnhem;398,2;68,0;94,7;10,9;72,8;1,2
SAN;NL:Q:40002550;Airborneplein;Arnhem;225,6;71,8;133,9;49,8;82,7;30,5
SAN;NL:Q:40002570;Stadstheater Arnhem;Arnhem;176,9;73,9;139,0;40,9;91,1;28,9
SAN;NL:Q:40002580;Airborneplein;Arnhem;91,6;356,4;52,9;212,8;31,6;112,9
SAN;NL:Q:40002590;De Monchyplein;Arnhem;319,9;696,2;211,5;584,1;131,3;438,5
SAN;NL:Q:40002600;De Monchyplein;Arnhem;592,3;231,0;543,6;147,3;380,3;98,4
SAN;NL:Q:40002610;Groene Weide;Arnhem;51,6;79,5;23,3;53,0;10,4;36,8
SAN;NL:Q:40002620;Groene Weide;Arnhem;111,2;63,6;81,8;35,1;39,7;14,9
SAN;NL:Q:40002630;Visserslaan;Arnhem;8,2;152,5;3,9;103,8;4,0;65,1
SAN;NL:Q:40002640;Visserslaan;Arnhem;167,0;12,3;116,5;6,9;65,2;4,6
SAN;NL:Q:40002650;Biezenlaan;Arnhem;2,6;186,3;2,1;125,1;1,2;84,1
SAN;NL:Q:40002660;Biezenlaan;Arnhem;175,5;4,0;123,2;3,5;72,1;2,2
SAN;NL:Q:40002680;Stadswaardenlaan;Arnhem;348,2;25,4;251,8;13,6;143,4;9,2
SAN;NL:Q:40002690;Stadswaardenlaan;Arnhem;31,7;309,8;18,2;223,6;12,6;132,9
SAN;NL:Q:40002770;Immerloo;Arnhem;1,3;68,4;0,6;28,5;0,3;13,7
SAN;NL:Q:40002780;Immerloo;Arnhem;68,9;1,8;22,1;0,9;10,4;0,6
SAN;NL:Q:40002800;Oude Huissenseweg;Arnhem;26,1;18,6;23,1;10,9;27,1;7,9
SAN;NL:Q:40002810;Oude Huissenseweg;Arnhem;20,5;64,0;12,0;59,1;9,1;49,0
SAN;NL:Q:40002901;Monnikensteeg;Arnhem;14,0;1,1;3,4;0,2;0,0;0,0
SAN;NL:Q:40002911;Monnikensteeg;Arnhem;1,1;3,9;0,5;4,4;0,0;0,0
SAN;NL:Q:40003000;Dedelstraat;Arnhem;39,4;0,4;23,4;0,1;14,2;0,1
SAN;NL:Q:40003030;Rozet;Arnhem;61,3;11,8;33,8;4,2;25,6;2,8
SAN;NL:Q:40003040;Rozet;Arnhem;9,5;94,0;3,9;59,1;2,3;37,6
SAN;NL:Q:40003070;Eusebiuskerk;Arnhem;68,4;47,5;43,2;9,7;29,8;3,8
SAN;NL:Q:40003080;Eusebiuskerk;Arnhem;34,8;117,3;10,2;86,8;4,6;58,0
SAN;NL:Q:40003100;WKC Kronenburg;Arnhem;34,1;10,3;23,1;8,3;27,9;7,6
SAN;NL:Q:40003110;WKC Kronenburg;Arnhem;11,9;5,9;8,0;4,0;8,5;3,8
SAN;NL:Q:40003130;Speenkruidstraat;Arnhem;16,1;23,1;11,9;20,7;5,2;11,0
SAN;NL:Q:40003140;Speenkruidstraat;Arnhem;21,3;17,7;15,8;12,8;6,7;6,2
SAN;NL:Q:40003170;Rijnhal;Arnhem;54,9;125,8;20,3;91,7;15,2;68,6
SAN;NL:Q:40003180;Rijnhal;Arnhem;125,7;62,8;91,1;28,1;69,9;20,0
SAN;NL:Q:40003200;Winkelcentrum Kronenburg;Arnhem;1169,5;374,3;699,8;254,6;363,6;126,1
SAN;NL:Q:40003570;Sonsbeek;Arnhem;8,6;13,3;4,5;7,2;0,0;0,0
SAN;NL:Q:40003580;Sonsbeek;Arnhem;26,1;6,8;2,8;4,8;0,0;0,0
SAN;NL:Q:40003650;Wielewaalstraat/Hoogte80;Arnhem;1,1;4,4;0,2;4,8;0,0;0,0
SAN;NL:Q:40003660;Wielewaalstraat/Hoogte80;Arnhem;9,9;0,8;2,3;0,4;0,0;0,0
SAN;NL:Q:40003670;Dominee Bechtlaan;Arnhem;1,4;5,7;1,5;3,3;0,0;0,0
SAN;NL:Q:40003680;Dominee Bechtlaan;Arnhem;6,7;1,3;6,3;1,1;0,0;0,0
SAN;NL:Q:40003730;Sparrenweg;Arnhem;2,1;4,9;1,2;3,5;0,0;0,0
SAN;NL:Q:40003740;Sparrenweg;Arnhem;5,9;1,6;4,8;0,9;0,0;0,0
SAN;NL:Q:40003750;Heideweg;Arnhem;2,7;3,9;1,1;3,4;0,0;0,0
SAN;NL:Q:40003760;Heideweg;Arnhem;5,5;1,9;3,8;0,8;0,0;0,0
SAN;NL:Q:40003780;Arnhemse Allee;Arnhem;0,9;0,5;0,7;0,1;0,0;0,0
SAN;NL:Q:40003810;Dennenweg;Arnhem;1,7;6,0;0,7;4,6;0,0;0,0
SAN;NL:Q:40003820;Dennenweg;Arnhem;7,9;1,5;3,7;0,7;0,0;0,0
SAN;NL:Q:40004001;Centraal Station;Arnhem;520,9;326,7;244,1;129,3;130,4;90,0
SAN;NL:Q:40004002;Centraal Station;Arnhem;213,4;943,6;182,6;770,9;154,1;443,3
SAN;NL:Q:40004003;Centraal Station;Arnhem;846,7;395,8;600,1;234,4;425,4;184,1
SAN;NL:Q:40004004;Centraal Station;Arnhem;428,7;625,5;306,1;382,4;234,9;218,2
SAN;NL:Q:40004005;Centraal Station;Arnhem;599,1;375,5;462,6;239,5;383,2;250,5
SAN;NL:Q:40004006;Centraal Station;Arnhem;1545,5;1020,8;909,3;742,9;765,8;492,6
SAN;NL:Q:40004007;Centraal Station;Arnhem;542,0;226,4;252,1;58,8;222,9;67,8
SAN;NL:Q:40004008;Centraal Station;Arnhem;820,9;465,8;691,2;224,5;468,3;147,3
SAN;NL:Q:40004009;Centraal Station;Arnhem;160,1;139,8;49,9;35,5;55,9;40,6
SAN;NL:Q:40004010;Centraal Station;Arnhem;650,3;396,3;387,3;182,7;300,3;134,2
SAN;NL:Q:40004011;Centraal Station;Arnhem;14,4;1488,7;11,8;913,9;8,6;600,7
SAN;NL:Q:40004015;Willemsplein;Arnhem;505,0;45,7;479,7;51,3;277,0;23,7
SAN;NL:Q:40004016;Willemsplein;Arnhem;592,4;40,8;507,7;28,8;323,8;17,7
SAN;NL:Q:40004017;Willemsplein;Arnhem;517,3;53,7;308,9;30,8;228,8;17,2
SAN;NL:Q:40004018;Willemsplein;Arnhem;257,6;6,5;161,2;4,5;134,5;5,0
SAN;NL:Q:40004019;Willemsplein;Arnhem;396,4;1210,1;244,2;1086,6;157,5;608,7
SAN;NL:Q:40004020;Willemsplein;Arnhem;67,9;1056,9;63,1;826,2;34,1;444,8
SAN;NL:Q:40004021;Velperplein;Arnhem;1601,0;324,3;1280,2;258,4;843,0;173,2
SAN;NL:Q:40004022;Velperplein;Arnhem;777,1;182,1;488,3;100,4;346,6;70,6
SAN;NL:Q:40004023;Velperplein;Arnhem;277,7;907,6;179,1;560,8;108,5;341,0
SAN;NL:Q:40004024;Velperplein;Arnhem;460,4;1960,2;383,2;1749,7;218,6;1049,9
SAN;NL:Q:40004030;Rijnstraat;Arnhem;730,9;29,6;854,5;23,9;534,9;13,8
SAN;NL:Q:40004040;Rijnstraat;Arnhem;61,0;1119,9;31,2;1372,7;18,1;758,3
SAN;NL:Q:40004050;de Praets;Arnhem;5,5;15,7;4,8;14,6;3,3;8,0
SAN;NL:Q:40004060;de Praets;Arnhem;11,3;39,7;9,9;43,5;5,1;20,9
SAN;NL:Q:40004070;Zonnedauwweg;Arnhem;5,0;20,4;3,4;18,7;1,8;10,4
SAN;NL:Q:40004080;Zonnedauwweg;Arnhem;15,6;3,6;14,4;2,9;7,1;1,1
SAN;NL:Q:40004090;Wilgenlaan;Arnhem;17,6;33,3;12,8;22,7;7,2;12,0
SAN;NL:Q:40004100;Wilgenlaan;Arnhem;37,7;14,3;28,1;11,4;12,7;5,8
SAN;NL:Q:40004170;De Grote Koppel;Arnhem;72,8;148,4;36,1;103,4;25,9;60,6
SAN;NL:Q:40004180;De Grote Koppel;Arnhem;153,6;83,0;103,5;45,0;60,1;27,2
SAN;NL:Q:40004230;van Berkumstraat;Arnhem;3,8;5,9;2,2;4,7;1,0;4,6
SAN;NL:Q:40004240;van Berkumstraat;Arnhem;3,2;6,0;2,6;3,6;2,7;1,6
SAN;NL:Q:40004411;Centraal Station;Arnhem;412,0;423,2;307,7;293,7;247,8;198,7
SAN;NL:Q:40004412;Centraal Station;Arnhem;964,6;780,3;532,4;316,4;368,6;205,0
SAN;NL:Q:40004413;Centraal Station;Arnhem;852,3;871,8;355,0;453,8;299,6;252,2
SAN;NL:Q:40004414;Centraal Station;Arnhem;1098,8;531,4;515,2;261,9;410,5;181,0
SAN;NL:Q:40004415;Centraal Station;Arnhem;828,4;1272,8;667,2;755,9;472,2;471,7
SAN;NL:Q:40004416;Centraal Station;Arnhem;793,2;30,0;608,7;25,0;558,5;22,2
SAN;NL:Q:40004590;Rietgrachtstraat;Arnhem;109,7;123,0;58,8;56,9;31,9;49,3
SAN;NL:Q:40004600;Rietgrachtstraat;Arnhem;146,7;127,3;76,9;77,0;44,2;42,6
SAN;NL:Q:40004610;Gr. van Prinstererstraat;Arnhem;63,5;184,7;42,8;109,2;25,0;89,3
SAN;NL:Q:40004620;Gr. van Prinstererstraat;Arnhem;208,0;54,2;137,2;36,6;85,5;21,2
SAN;NL:Q:40004630;Hugo de Grootstraat;Arnhem;90,6;234,2;37,8;152,5;24,6;110,0
SAN;NL:Q:40004640;Hugo de Grootstraat;Arnhem;259,4;92,6;179,5;41,0;110,2;23,9
SAN;NL:Q:40004650;Maaslaan;Arnhem;14,8;98,2;7,4;64,0;4,3;46,5
SAN;NL:Q:40004660;Maaslaan;Arnhem;84,2;18,1;63,4;7,3;40,6;4,9
SAN;NL:Q:40004680;Waalstraat;Arnhem;193,4;19,1;112,7;11,5;67,3;5,5
SAN;NL:Q:40004685;Waalstraat;Arnhem;10,2;211,0;6,1;111,4;2,8;74,9
SAN;NL:Q:40004690;MFC Presikhaven;Arnhem;4,2;19,9;1,1;17,3;0,4;8,1
SAN;NL:Q:40004700;Lange Wal;Arnhem;309,2;42,1;249,0;11,2;126,9;6,6
SAN;NL:Q:40004730;Keulse Slag;Arnhem;153,9;633,9;85,8;314,4;52,7;263,2
SAN;NL:Q:40004740;Keulse Slag;Arnhem;780,7;150,9;520,5;82,9;337,3;47,4
SAN;NL:Q:40004750;Zuilesteinlaan/HTS;Arnhem;29,6;30,5;0,0;0,0;0,0;0,0
SAN;NL:Q:40004780;Elsweide/HAN;Arnhem;301,9;176,7;11,7;2,6;6,6;1,5
SAN;NL:Q:40004810;IJssellaan/HAN;Arnhem;5,9;89,0;0,0;0,0;0,0;0,0
SAN;NL:Q:40004820;IJssellaan/HAN;Arnhem;75,8;12,7;0,0;0,0;0,0;0,0
SAN;NL:Q:40004860;MFC Presikhaven;Arnhem;16,8;5,4;8,7;1,5;2,9;0,7
SAN;NL:Q:40005330;Station Presikhaaf;Arnhem;18,9;122,1;1,5;4,1;2,3;9,9
SAN;NL:Q:40005340;Station Presikhaaf;Arnhem;161,8;30,6;29,2;6,4;31,7;5,1
SAN;NL:Q:40005350;Dongestraat;Arnhem;5,0;11,0;0,7;2,1;1,0;7,1
SAN;NL:Q:40005360;Dongestraat;Arnhem;10,6;4,3;2,6;1,0;7,2;1,1
SAN;NL:Q:40005370;Kinderkamp;Arnhem;1,9;78,5;0,9;40,6;0,6;28,8
SAN;NL:Q:40005380;Kinderkamp;Arnhem;122,1;4,0;53,4;2,6;32,1;1,3
SAN;NL:Q:40005390;Malsenlaan;Arnhem;1,0;81,0;1,1;72,6;0,8;54,2
SAN;NL:Q:40005410;Malsenlaan;Arnhem;88,7;0,9;73,8;0,6;41,6;0,3
SAN;NL:Q:40005430;Grote Durk;Arnhem;0,5;63,1;0,4;47,7;0,2;31,3
SAN;NL:Q:40005440;Grote Durk;Arnhem;62,3;0,5;45,9;0,3;27,9;0,2
SAN;NL:Q:40005500;Stadskantoor;Arnhem;23,1;59,0;12,8;27,0;7,3;16,9
SAN;NL:Q:40006570;Badhuisstraat;Arnhem;19,0;33,1;8,5;20,6;5,7;14,3
SAN;NL:Q:40006580;Badhuisstraat;Arnhem;28,3;18,4;19,7;10,3;13,2;6,1
SAN;NL:Q:40006590;Stadskantoor;Arnhem;62,2;35,8;19,6;17,0;15,4;12,0
SAN;NL:Q:40006650;Van Oldenbarneveldtstraat;Arnhem;13,2;42,1;6,9;15,6;4,4;10,5
SAN;NL:Q:40006660;Van Oldenbarneveldtstraat;Arnhem;40,5;16,6;17,4;7,2;10,9;4,6
SAN;NL:Q:40006670;Haven;Arnhem;10,8;66,7;3,9;25,7;1,8;16,0
SAN;NL:Q:40006680;Haven;Arnhem;79,0;21,5;44,3;11,7;21,1;5,8
SAN;NL:Q:40006690;Dr. C. Lelyweg Zuid;Arnhem;10,7;30,3;7,8;12,8;4,6;6,3
SAN;NL:Q:40006700;Industriepark Kleefse Waard;Arnhem;17,7;18,0;2,5;4,2;2,4;1,6
SAN;NL:Q:40006710;Kleefse Waard;Arnhem;29,8;95,4;2,2;2,9;0,6;1,7
SAN;NL:Q:40006720;Kleefse Waard;Arnhem;91,1;27,4;2,7;1,8;1,8;0,7
SAN;NL:Q:40006731;Bruningweg;Arnhem;8,5;36,0;1,3;6,4;0,4;2,6
SAN;NL:Q:40006741;Bruningweg;Arnhem;35,0;14,1;4,9;1,2;1,8;0,6
SAN;NL:Q:40006750;P. Calandweg;Arnhem;8,0;19,7;3,8;9,2;3,0;7,1
SAN;NL:Q:40006760;P. Calandweg;Arnhem;21,7;9,3;9,4;5,1;6,2;3,4
SAN;NL:Q:40006770;Slaakweg;Arnhem;5,6;16,6;3,0;11,7;1,0;7,7
SAN;NL:Q:40006780;Slaakweg;Arnhem;16,6;12,6;11,2;4,8;10,2;3,5
SAN;NL:Q:40006790;Lange Wal;Arnhem;63,5;429,6;23,8;344,1;13,8;191,1
SAN;NL:Q:40007090;Fonteinkruidstraat;Arnhem;136,6;117,9;79,2;106,5;55,8;74,6
SAN;NL:Q:40007100;Fonteinkruidstraat;Arnhem;129,8;136,7;112,5;83,8;79,9;56,2
SAN;NL:Q:40007530;St. Laurentiuslaan;Arnhem;80,7;159,4;57,9;106,8;37,5;55,3
SAN;NL:Q:40007540;St. Laurentiuslaan;Arnhem;175,7;72,5;113,5;59,1;55,7;41,1
SAN;NL:Q:40007570;Fokke Noordhoffstraat;Arnhem;0,4;37,5;0,3;27,4;0,1;19,6
SAN;NL:Q:40007580;Fokke Noordhoffstraat;Arnhem;22,8;1,1;19,7;1,0;11,8;0,7
SAN;NL:Q:40008550;Centraal Station (Sonsbeek);Arnhem;65,3;3,2;3,2;0,4;2,8;0,3
SAN;NL:Q:40008560;Centraal Station (Sonsbeek);Arnhem;2,1;84,6;0,2;4,7;0,1;2,8
SAN;NL:Q:40008570;Burg. Weertsstraat;Arnhem;8,2;29,3;1,2;7,6;0,9;9,6
SAN;NL:Q:40008580;Burg. Weertsstraat;Arnhem;13,9;10,4;4,9;0,9;3,2;0,6
SAN;NL:Q:40008590;Brouwerijweg;Arnhem;0,7;8,1;0,3;2,5;0,1;2,1
SAN;NL:Q:40008600;Brouwerijweg;Arnhem;7,5;2,1;2,5;0,1;1,4;0,1
SAN;NL:Q:40008610;van Wageningenstraat;Arnhem;0,5;39,4;0,0;3,2;0,0;2,1
SAN;NL:Q:40008620;van Wageningenstraat;Arnhem;7,8;0,6;3,1;0,4;1,5;0,1
SAN;NL:Q:40008630;Tormentilstraat;Arnhem;0,2;5,2;0,1;2,0;0,0;1,9
SAN;NL:Q:40008640;Tormentilstraat;Arnhem;19,4;0,4;3,3;0,0;2,2;0,0
SAN;NL:Q:40008650;Gentiaanstraat;Arnhem;1,7;11,7;0,0;5,8;0,1;7,0
SAN;NL:Q:40008660;Gentiaanstraat;Arnhem;14,1;1,1;7,4;0,1;6,6;0,1
SAN;NL:Q:40008670;Callunastraat;Arnhem;0,3;15,2;0,1;2,4;0,2;1,6
SAN;NL:Q:40008680;Callunastraat;Arnhem;14,8;0,4;2,9;0,0;1,7;0,1
SAN;NL:Q:40008690;Het Dorp;Arnhem;0,4;35,7;1,6;5,6;1,0;5,8
SAN;NL:Q:40008700;Het Dorp;Arnhem;31,7;0,5;4,5;0,6;2,9;0,6
SAN;NL:Q:40008730;Gelredome;Arnhem;33,7;110,4;52,0;261,6;27,8;127,2
SAN;NL:Q:40008740;Gelredome;Arnhem;100,6;35,7;168,9;71,7;91,8;28,0
SAN;NL:Q:40008750;Transferium;Arnhem;1,8;42,2;2,6;70,1;1,2;41,6
SAN;NL:Q:40008760;Transferium;Arnhem;27,8;2,0;42,1;1,9;22,6;0,9
SAN;NL:Q:40008840;Brekelenkampstraat;Arnhem;56,9;18,7;9,2;2,2;9,9;2,7
SAN;NL:Q:40009067;De Braamberg;Arnhem;1,9;0,0;0,0;0,0;0,1;0,0
SAN;NL:Q:40009068;De Braamberg;Arnhem;0,0;0,1;0,0;0,0;0,0;0,0
SAN;NL:Q:40009069;Moscowa;Arnhem;2,5;0,0;0,0;0,0;0,1;0,0
SAN;NL:Q:40009107;Elsweide/HAN;Arnhem;7,3;94,2;1,6;26,0;0,8;17,8
SAN;NL:Q:40009320;Oude Velperweg;Arnhem;3,0;1,5;6,3;1,4;4,3;0,7
SAN;NL:Q:40009330;Station Presikhaaf;Arnhem;7,4;70,0;4,1;61,0;2,4;47,2
SAN;NL:Q:40009550;Kamphuizenlaan;Arnhem;1,4;154,5;1,5;132,6;1,3;96,6
SAN;NL:Q:40009560;Kamphuizenlaan;Arnhem;155,7;0,5;138,9;0,4;87,6;0,4
SAN;NL:Q:40009570;Geitenkamp;Arnhem;227,0;164,9;82,3;77,6;56,7;58,4
SAN;NL:Q:40009580;CIOS;Arnhem;2,8;85,2;0,3;6,4;0,0;0,0
SAN;NL:Q:40009581;CIOS;Arnhem;55,4;28,6;5,6;0,3;0,0;0,0
SAN;NL:Q:40009590;Het Duifje;Arnhem;184,2;55,6;152,6;42,1;73,7;26,2
SAN;NL:Q:40009591;Het Duifje;Arnhem;17,2;108,0;15,9;83,4;10,8;45,3
SAN;NL:Q:40009600;Presikhaaf/Cannenburgln;Arnhem;164,7;140,9;102,2;83,1;64,8;57,4
SAN;NL:Q:40010010;Viaduct Kroonse Wal;Arnhem;36,4;78,9;18,2;45,8;16,7;45,6
SAN;NL:Q:40010020;Viaduct Kroonse Wal;Arnhem;76,8;35,1;52,3;17,5;41,2;14,9
SAN;NL:Q:40013000;WKC Kronenburg;Arnhem;6,4;14,7;4,1;8,5;4,5;7,3
SAN;NL:Q:40013010;WKC Kronenburg;Arnhem;11,2;33,2;9,4;21,8;9,8;29,6
SAN;NL:Q:40013170;Gelderse Poort;Arnhem;33,1;6,8;4,3;1,8;2,7;1,1
SAN;NL:Q:40013180;Gelderse Poort;Arnhem;6,4;26,5;1,3;3,9;0,8;2,1
SAN;NL:Q:40013190;Winkelcentrum Kronenburg;Arnhem;417,0;1204,1;288,6;692,2;151,5;349,4
SAN;NL:Q:40013210;Croydonplein;Arnhem;10,5;7,5;9,0;8,4;4,2;4,6
SAN;NL:Q:40013220;Croydonplein;Arnhem;6,9;11,5;7,0;11,5;3,5;4,5
SAN;NL:Q:40013230;Eldens Viaduct;Arnhem;7,8;20,1;4,2;17,2;2,7;12,6
SAN;NL:Q:40013240;Eldens Viaduct;Arnhem;24,9;10,7;25,4;6,9;9,3;3,5
SAN;NL:Q:40013250;De Brink;Elden;3,3;26,1;2,1;21,7;1,1;10,2
SAN;NL:Q:40013260;De Brink;Elden;24,1;3,2;19,7;2,3;9,4;0,8
SAN;NL:Q:40013270;Mr. Merkxstraat;Elden;2,1;11,7;2,1;8,9;1,2;4,9
SAN;NL:Q:40013280;Mr. Merkxstraat;Elden;12,4;2,0;10,1;1,6;4,7;0,7
SAN;NL:Q:40013290;Mr.D.U.Stikkerstraat;Elden;8,6;57,3;5,8;44,9;2,9;27,1
SAN;NL:Q:40013300;Mr.D.U.Stikkerstraat;Elden;55,8;7,5;49,2;6,0;26,8;2,7
SAN;NL:Q:40013310;Randweg;Arnhem;33,2;95,8;10,2;30,7;6,8;27,2
SAN;NL:Q:40013330;Batavierenweg;Arnhem;4,7;22,7;1,7;7,9;1,2;7,4
SAN;NL:Q:40013340;Batavierenweg;Arnhem;4,5;2,3;3,2;0,8;0,0;0,0
SAN;NL:Q:40013350;Rotterdamsingel;Arnhem;1,4;9,4;0,2;1,8;0,0;0,0
SAN;NL:Q:40013360;Rotterdamsingel;Arnhem;13,0;2,2;3,5;0,7;0,0;0,0
SAN;NL:Q:40013390;Kroonse Wal;Arnhem;17,6;74,7;12,7;71,5;9,1;44,5
SAN;NL:Q:40013400;Kroonse Wal;Arnhem;79,4;25,0;81,9;18,4;44,7;12,4
SAN;NL:Q:40013410;Woudrichemstraat;Arnhem;28,7;84,9;19,8;61,6;13,6;39,1
SAN;NL:Q:40013420;Woudrichemstraat;Arnhem;89,1;19,4;69,6;14,4;40,7;9,7
SAN;NL:Q:40013450;Brabantweg;Arnhem;24,5;41,9;18,0;32,1;11,0;25,6
SAN;NL:Q:40013460;Brabantweg;Arnhem;29,5;12,6;26,3;8,8;16,5;5,6
SAN;NL:Q:40013480;Park Lingezegen;Elst;1,0;0,7;1,2;2,3;0,4;0,5
SAN;NL:Q:40013490;Park Lingezegen;Elst;0,5;1,8;1,3;2,6;0,3;0,4
SAN;NL:Q:40013550;Hollandweg;Arnhem;4,3;23,7;2,8;27,6;1,7;15,8
SAN;NL:Q:40013560;Hollandweg;Arnhem;62,8;28,6;52,1;17,9;38,4;12,4
SAN;NL:Q:40013570;Wkc Schuytgraaf;Arnhem;9,1;21,9;5,6;18,5;3,5;11,5
SAN;NL:Q:40013575;Germanenveld;Arnhem;3,4;28,3;2,3;20,1;1,5;11,5
SAN;NL:Q:40013576;Germanenveld;Arnhem;40,4;15,2;28,8;9,7;12,8;5,6
SAN;NL:Q:40013580;Wkc Schuytgraaf;Arnhem;14,9;11,6;13,3;8,1;6,6;3,5
SAN;NL:Q:40013590;Station Arnhem Zuid;Arnhem;300,2;112,6;220,2;39,2;98,7;24,6
SAN;NL:Q:40013595;Station Arnhem Zuid;Arnhem;97,0;280,2;36,9;215,6;24,6;118,8
SAN;NL:Q:40013620;Hollandweg;Arnhem;9,9;4,5;5,2;1,3;3,1;0,8
SAN;NL:Q:40013630;Hollandweg;Arnhem;5,0;31,2;2,4;25,6;1,1;18,5
SAN;NL:Q:40014230;Rijnpoort;Arnhem;33,5;10,7;12,1;7,3;8,8;1,1
SAN;NL:Q:40014240;Rijnpoort;Arnhem;14,0;53,3;8,3;23,8;3,6;38,7
SAN;NL:Q:40014250;Veendamstraat;Arnhem;26,7;4,1;25,5;1,4;17,4;0,4
SAN;NL:Q:40014260;Veendamstraat;Arnhem;6,5;33,8;2,1;26,9;0,5;24,0
SAN;NL:Q:40014270;Winkelcentrum Vredenburg;Arnhem;27,6;4,0;26,4;3,3;17,5;1,0
SAN;NL:Q:40014280;Winkelcentrum Vredenburg;Arnhem;6,6;38,5;3,9;28,9;2,4;24,3
SAN;NL:Q:40014290;Frieslandsingel;Arnhem;25,2;7,0;19,6;2,7;11,5;0,7
SAN;NL:Q:40014300;Frieslandsingel;Arnhem;4,6;23,8;1,3;16,4;1,2;12,9
SAN;NL:Q:40014350;Ezingestraat;Arnhem;14,5;8,1;8,8;0,8;6,3;0,4
SAN;NL:Q:40014360;Ezingestraat;Arnhem;7,6;18,6;1,0;11,4;0,9;11,1
SAN;NL:Q:40014370;Aduardstraat;Arnhem;4,3;2,2;3,6;0,9;3,8;0,3
SAN;NL:Q:40014380;Aduardstraat;Arnhem;1,7;12,4;0,7;8,5;0,2;7,9
SAN;NL:Q:40014390;Slochterenweg;Arnhem;4,1;7,8;0,9;4,0;0,6;5,7
SAN;NL:Q:40014398;Slochterenweg;Arnhem;8,0;16,6;5,8;4,8;4,6;1,3
SAN;NL:Q:40017090;Hagemanswei;Arnhem;18,8;156,4;13,1;158,9;7,8;110,7
SAN;NL:Q:40017100;Hagemanswei;Arnhem;149,0;20,0;152,4;12,7;97,9;8,7
SAN;NL:Q:40017110;Bussumstraat;Arnhem;34,6;169,9;17,5;151,5;10,4;101,6
SAN;NL:Q:40017120;Bussumstraat;Arnhem;165,7;27,9;155,2;17,3;97,5;10,0
SAN;NL:Q:40017130;Winkelcentrum Elderhof;Arnhem;103,5;263,7;67,2;234,0;38,2;164,4
SAN;NL:Q:40017140;Winkelcentrum Elderhof;Arnhem;259,3;89,6;236,4;58,7;157,8;34,0
SAN;NL:Q:40017150;Hillegomweg;Arnhem;37,7;130,2;23,8;108,3;14,1;84,5
SAN;NL:Q:40017160;Hillegomweg;Arnhem;105,3;29,5;94,8;15,8;71,5;10,6
SAN;NL:Q:40018231;Groningensingel;Arnhem;80,6;288,7;28,1;144,8;19,7;107,6
SAN;NL:Q:40018241;Groningensingel;Arnhem;339,8;70,8;175,0;27,6;127,0;21,9
SAN;NL:Q:40018250;Mooieweg;Arnhem;15,1;108,0;10,9;73,0;4,1;52,2
SAN;NL:Q:40018260;Mooieweg;Arnhem;116,7;18,7;90,2;12,2;57,1;4,8
SAN;NL:Q:40018270;Overmaat;Arnhem;40,0;24,2;14,2;15,7;8,8;9,4
SAN;NL:Q:40018280;Overmaat;Arnhem;19,2;40,3;9,2;14,9;8,1;7,8
SAN;NL:Q:40018290;Randweg;Arnhem;2,0;6,9;0,6;5,6;0,1;2,9
SAN;NL:Q:40018300;Randweg;Arnhem;102,9;32,6;40,7;8,6;30,0;5,5
SAN;NL:Q:40018310;Zeelandsingel;Arnhem;2,9;17,9;3,7;18,1;1,6;9,8
SAN;NL:Q:40018320;Zeelandsingel;Arnhem;12,8;2,6;15,0;3,1;4,6;1,6
SAN;NL:Q:40018330;Terneuzenstraat;Arnhem;8,1;20,7;8,5;22,6;4,2;11,5
SAN;NL:Q:40018340;Terneuzenstraat;Arnhem;18,5;8,0;22,4;7,4;8,1;3,9
SAN;NL:Q:40018350;Echterboschstraat;Arnhem;64,0;13,9;52,0;10,5;33,5;7,5
SAN;NL:Q:40018360;Echterboschstraat;Arnhem;11,3;58,2;9,8;51,0;5,5;32,2
SAN;NL:Q:40018370;Maastrichtsingel;Arnhem;45,3;11,4;30,9;8,3;20,1;4,4
SAN;NL:Q:40018380;Maastrichtsingel;Arnhem;9,0;39,1;6,1;26,6;3,7;16,9
SAN;NL:Q:40018390;Sittardstraat;Arnhem;33,0;7,3;26,8;5,7;14,6;3,4
SAN;NL:Q:40018400;Sittardstraat;Arnhem;6,4;33,6;5,9;27,2;4,5;18,6
SAN;NL:Q:40018410;Altweertstraat;Arnhem;13,0;2,2;11,2;1,8;6,1;1,5
SAN;NL:Q:40018420;Altweertstraat;Arnhem;1,7;21,1;1,8;17,1;1,4;11,1
SAN;NL:Q:40018490;Lange Akkers/Limburgsngl;Arnhem;6,8;53,5;4,8;43,9;3,6;30,7
SAN;NL:Q:40018500;Lange Akkers/Limburgsngl;Arnhem;61,7;7,1;50,6;4,8;30,9;3,7
SAN;NL:Q:40018530;De Pas;Arnhem;21,9;12,2;19,5;10,7;14,6;5,8
SAN;NL:Q:40018540;De Pas;Arnhem;8,9;34,5;6,8;30,0;2,9;25,9
SAN;NL:Q:40018750;Poli Zuid;Arnhem;29,3;200,1;11,9;92,6;6,8;65,1
SAN;NL:Q:40018760;Poli Zuid;Arnhem;217,5;31,5;99,5;12,9;59,1;7,4
SAN;NL:Q:40018780;Rijkerswoerd;Arnhem;211,8;187,9;170,6;143,1;98,0;90,1
SAN;NL:Q:40018890;Dr. J. den Uylsingel;Arnhem;1,1;109,3;0,8;85,8;0,8;49,6
SAN;NL:Q:40018900;Dr. J. den Uylsingel;Arnhem;90,4;2,1;73,8;1,2;38,6;0,6
SAN;NL:Q:40018910;Otis Reddingplein;Arnhem;8,8;77,9;5,3;56,0;3,1;34,1
SAN;NL:Q:40018920;Otis Reddingplein;Arnhem;86,4;8,6;68,1;6,4;36,4;2,6
SAN;NL:Q:40018930;Mr. Oudsingel;Arnhem;4,5;180,3;2,6;135,5;1,3;85,0
SAN;NL:Q:40018935;Gerbrandysingel;Arnhem;1,3;101,8;1,2;77,3;0,9;47,7
SAN;NL:Q:40018940;Mr. Oudsingel;Arnhem;166,7;2,3;133,1;1,5;80,6;0,8
SAN;NL:Q:40018945;Gerbrandysingel;Arnhem;139,3;1,4;108,8;1,0;60,4;0,4
SAN;NL:Q:40019530;De Laar/Bredasingel;Arnhem;50,0;53,9;34,3;42,8;21,9;27,8
SAN;NL:Q:40019560;De Laar/Bredasingel;Arnhem;68,3;55,9;54,7;39,9;32,9;26,7
SAN;NL:Q:40019570;Luchtvaart;Arnhem;2,5;22,6;1,6;19,0;1,4;11,5
SAN;NL:Q:40019580;Luchtvaart;Arnhem;28,5;5,7;24,0;4,4;13,4;2,7
SAN;NL:Q:40019590;Ringdijk;Arnhem;3,3;17,1;2,5;14,4;1,4;8,6
SAN;NL:Q:40019600;Ringdijk;Arnhem;22,4;7,6;20,1;5,7;10,3;3,2
SAN;NL:Q:40019610;Centraalspoor;Arnhem;4,0;12,1;3,3;11,2;3,2;7,2
SAN;NL:Q:40019620;Centraalspoor;Arnhem;17,7;8,6;16,6;7,1;9,1;4,3
SAN;NL:Q:40019630;De Zeis;Arnhem;64,0;60,4;42,0;42,5;27,0;28,4
SAN;NL:Q:40019640;De Zeis;Arnhem;63,7;55,6;52,5;39,7;28,2;25,2
SAN;NL:Q:40019650;Koningskers;Arnhem;19,0;11,4;15,2;8,0;7,7;5,8
SAN;NL:Q:40019660;Koningskers;Arnhem;9,1;21,4;7,6;17,2;4,1;9,6
SAN;NL:Q:40019670;Pachterwaard;Arnhem;23,9;14,1;16,1;9,2;9,1;6,3
SAN;NL:Q:40019680;Pachterwaard;Arnhem;7,7;17,8;6,4;15,3;4,2;8,5
SAN;NL:Q:40019690;Metamorfosenallee;Arnhem;3,6;10,9;1,1;11,3;1,0;10,0
SAN;NL:Q:40019700;Metamorfosenallee;Arnhem;10,4;3,7;7,2;1,0;6,3;0,8
SAN;NL:Q:40019710;Herfsttooi;Arnhem;44,0;20,3;28,1;13,2;14,2;7,8
SAN;NL:Q:40019720;Herfsttooi;Arnhem;10,4;35,0;5,5;20,5;4,0;11,2
SAN;NL:Q:40019730;Minervasingel;Arnhem;0,2;2,0;0,1;1,4;0,1;2,0
SAN;NL:Q:40019740;Minervasingel;Arnhem;1,3;0,3;1,3;0,1;1,3;0,2
SAN;NL:Q:40059041;Golflinks;Arnhem;1,7;0,0;0,0;0,0;0,1;0,0
SAN;NL:Q:40059042;Golflinks;Arnhem;0,0;0,0;0,0;0,0;0,0;0,0
SAN;NL:Q:40059070;Moscowa;Arnhem;0,0;0,1;0,0;0,0;0,0;0,0
SAN;NL:Q:40070010;C. van Maasdijklaan;Schaarsbergen;8,4;0,1;0,0;0,0;0,0;0,0
SAN;NL:Q:40071130;van Ruisdaelstraat;Arnhem;0,8;14,9;0,7;7,4;0,4;5,2
SAN;NL:Q:40071150;Jacob Marislaan;Arnhem;0,5;21,1;0,4;13,3;0,4;9,1
SAN;NL:Q:40071160;Jacob Marislaan;Arnhem;22,2;0,4;13,3;0,5;9,5;0,2
SAN;NL:Q:40071170;Mesdaglaan;Arnhem;0,5;19,2;0,6;18,2;0,3;12,2
SAN;NL:Q:40071180;Mesdaglaan;Arnhem;15,8;0,2;15,1;0,4;10,5;0,1
SAN;NL:Q:40071191;Schelmseweg;Arnhem;18,1;0,3;18,8;0,7;12,6;0,4
SAN;NL:Q:40071192;Schelmseweg;Arnhem;0,6;17,5;0,6;16,1;0,9;12,9
SAN;NL:Q:40072160;Oremusplein;Arnhem;69,8;1,9;60,8;1,4;40,0;1,2
SAN;NL:Q:40072180;Beethovenlaan;Arnhem;61,2;9,7;55,6;7,0;30,1;3,2
SAN;NL:Q:40072190;Beethovenlaan;Arnhem;3,9;21,5;1,0;13,8;0,0;0,0
SAN;NL:Q:40072210;Chopinstraat;Arnhem;3,2;4,6;0,5;3,5;0,0;0,0
SAN;NL:Q:40072220;Chopinstraat;Arnhem;32,9;8,0;35,7;3,9;18,0;2,4
SAN;NL:Q:40072250;Moscowa/Schelmseweg;Arnhem;1,7;7,2;0,9;4,9;0,0;0,0
SAN;NL:Q:40072260;Moscowa/Schelmseweg;Arnhem;6,4;2,0;4,5;1,2;0,0;0,0
SAN;NL:Q:40072270;Openluchtmuseum Oost;Arnhem;3,1;29,3;3,9;32,4;0,0;0,0
SAN;NL:Q:40072280;Openluchtmuseum Oost;Arnhem;17,8;4,9;14,9;6,0;0,0;0,0
SAN;NL:Q:40072300;Openluchtmuseum West;Arnhem;89,1;22,3;136,9;40,9;108,7;35,3
SAN;NL:Q:40072310;Oremusplein;Arnhem;3,0;111,2;3,1;111,9;2,1;80,8
SAN;NL:Q:40072360;Peter van Anrooylaan;Arnhem;8,7;79,8;2,6;97,7;1,6;80,2
SAN;NL:Q:40072370;Ravelstraat;Arnhem;11,2;19,7;10,5;20,3;6,7;16,5
SAN;NL:Q:40078790;Lijnbaan;Schaarsbergen;0,3;10,8;0,1;10,9;0,2;7,6
SAN;NL:Q:40078800;Lijnbaan;Schaarsbergen;11,2;0,1;9,3;0,1;6,4;0,0
SAN;NL:Q:40078810;Warnsborn;Schaarsbergen;0,1;11,6;0,4;12,9;0,2;8,1
SAN;NL:Q:40078820;Warnsborn;Schaarsbergen;9,8;0,1;13,5;0,2;9,5;0,1
SAN;NL:Q:40078830;Menthenbergseweg;Schaarsbergen;0,1;9,2;0,2;5,7;0,2;4,0
SAN;NL:Q:40078840;Menthenbergseweg;Schaarsbergen;9,5;0,1;6,1;0,1;3,5;0,1
SAN;NL:Q:40078850;Kemperbergerweg;Schaarsbergen;0,1;5,0;0,2;3,2;0,0;2,7
SAN;NL:Q:40078860;Kemperbergerweg;Schaarsbergen;5,2;0,1;3,7;0,2;1,7;0,1
SAN;NL:Q:40078870;Casa Nova;Schaarsbergen;0,0;3,1;0,1;2,9;0,0;1,6
SAN;NL:Q:40078880;Casa Nova;Schaarsbergen;3,5;0,0;3,6;0,1;2,8;0,0
SAN;NL:Q:40078890;Dennenheide;Schaarsbergen;0,1;1,0;0,1;0,8;0,0;0,9
SAN;NL:Q:40078900;Dennenheide;Schaarsbergen;0,3;0,0;0,5;0,0;0,4;0,1
SAN;NL:Q:40078910;Pannekoekhuis;Schaarsbergen;0,1;6,8;0,2;7,4;0,1;5,8
SAN;NL:Q:40078920;Pannekoekhuis;Schaarsbergen;8,6;0,1;9,6;0,2;7,6;0,3
SAN;NL:Q:40078930;Museum 40-45;Schaarsbergen;0,1;20,6;0,3;14,1;0,2;8,3
SAN;NL:Q:40078940;Museum 40-45;Schaarsbergen;15,3;0,1;11,3;0,2;7,5;0,1
SAN;NL:Q:40078950;Koningsweg;Schaarsbergen;1,0;30,9;3,4;43,8;2,9;33,8
SAN;NL:Q:40078960;Koningsweg;Schaarsbergen;31,7;1,9;54,4;7,5;35,7;6,1
SAN;NL:Q:40078990;Buitenplaats Koningsweg;Schaarsbergen;0,0;5,3;0,0;0,0;0,0;0,0
SAN;NL:Q:40079000;Buitenplaats Koningsweg;Schaarsbergen;5,6;0,1;0,0;0,0;0,0;0,0
SAN;NL:Q:40079010;Viersprong;Schaarsbergen;0,1;5,2;0,0;0,0;0,0;0,0
SAN;NL:Q:40079020;Viersprong;Schaarsbergen;4,9;0,1;0,0;0,0;0,0;0,0
SAN;NL:Q:40079030;I.P.C.;Schaarsbergen;4,5;10,2;0,0;0,0;0,0;0,0
SAN;NL:Q:40079510;Burgers' Zoo;Arnhem;130,6;125,9;186,8;184,2;165,1;161,8
SAN;NL:Q:40079550;Alteveer;Arnhem;1,8;0,9;1,2;0,4;0,0;0,0
SAN;NL:Q:40079551;Alteveer;Arnhem;1,1;5,5;0,1;2,9;0,0;0,0
SAN;NL:Q:40100010;Kerklaan;Doorwerth;24,5;6,4;21,1;4,0;15,8;3,8
SAN;NL:Q:40100020;Wolfhezerweg;Oosterbeek;0,3;0,1;0,2;0,0;0,0;0,0
SAN;NL:Q:40100030;Wolfhezerweg;Oosterbeek;14,4;5,2;16,9;3,2;8,8;1,8
SAN;NL:Q:40100040;d'Oude Herbergh;Oosterbeek;7,6;47,7;5,5;32,2;4,5;20,9
SAN;NL:Q:40100050;d'Oude Herbergh;Oosterbeek;38,3;6,2;31,0;5,2;16,3;2,9
SAN;NL:Q:40100060;Airborne Museum;Oosterbeek;14,1;52,2;15,2;59,2;7,7;37,9
SAN;NL:Q:40100070;Airborne Museum;Oosterbeek;44,2;15,5;48,6;24,8;28,4;7,4
SAN;NL:Q:40100080;Vogelweg;Oosterbeek;41,7;5,5;28,3;3,0;15,9;1,7
SAN;NL:Q:40100100;Wolfhezerweg;Oosterbeek;3,9;12,7;2,8;13,2;2,2;7,6
SAN;NL:Q:40100150;Vogelweg;Oosterbeek;5,8;32,0;5,3;23,4;1,7;13,0
SAN;NL:Q:40100170;Station Oosterbeek;Oosterbeek;2,3;0,9;2,0;0,5;0,0;0,0
SAN;NL:Q:40100180;Station Oosterbeek;Oosterbeek;1,0;2,2;0,6;1,4;0,0;0,0
SAN;NL:Q:40100220;Julianaweg;Oosterbeek;12,1;2,3;10,2;1,7;8,0;0,9
SAN;NL:Q:40100230;Rechterenborg;Oosterbeek;2,6;0,2;1,6;0,0;0,0;0,0
SAN;NL:Q:40100240;Rechterenborg;Oosterbeek;0,2;3,2;0,1;2,2;0,0;0,0
SAN;NL:Q:40100250;Parkflat de Valkenburcht;Oosterbeek;1,7;0,3;1,3;0,1;0,0;0,0
SAN;NL:Q:40100260;Parkflat de Valkenburcht;Oosterbeek;0,1;1,4;0,1;1,6;0,0;0,0
SAN;NL:Q:40100270;Valkenburglaan;Oosterbeek;0,4;0,2;0,2;0,1;0,0;0,0
SAN;NL:Q:40100280;Valkenburglaan;Oosterbeek;0,2;0,3;0,0;0,2;0,0;0,0
SAN;NL:Q:40100290;Bilderberglaan;Oosterbeek;0,0;0,0;0,0;0,0;0,0;0,0
SAN;NL:Q:40100300;Bilderberglaan;Oosterbeek;0,0;0,0;0,0;0,0;0,0;0,0
SAN;NL:Q:40100310;Julianaweg;Oosterbeek;1,8;16,4;1,4;17,0;1,1;9,9
SAN;NL:Q:40100330;Sonnenberglaan;Oosterbeek;0,0;0,3;0,0;0,0;0,0;0,0
SAN;NL:Q:40100340;Sonnenberglaan;Oosterbeek;0,2;0,2;0,0;0,2;0,0;0,0
SAN;NL:Q:40100590;Arnhems Buiten;Arnhem;15,1;135,6;8,5;34,3;5,3;24,9
SAN;NL:Q:40100610;Mariendaal;Oosterbeek;0,7;6,7;0,3;2,7;0,6;2,1
SAN;NL:Q:40100620;Mariendaal;Oosterbeek;5,1;0,7;3,0;0,6;1,6;0,2
SAN;NL:Q:40100650;Beukenlaan;Oosterbeek;13,4;136,3;7,9;95,1;7,2;70,2
SAN;NL:Q:40100660;Beukenlaan;Oosterbeek;112,5;10,7;84,5;5,9;56,1;5,1
SAN;NL:Q:40100670;Weverstraat;Oosterbeek;15,8;119,4;19,1;121,8;7,6;52,6
SAN;NL:Q:40100680;Weverstraat;Oosterbeek;116,3;14,4;88,4;11,7;53,8;6,6
SAN;NL:Q:40100690;Gemeentehuis;Oosterbeek;40,0;97,9;28,5;86,0;13,1;43,0
SAN;NL:Q:40100700;Gemeentehuis;Oosterbeek;103,1;39,3;131,7;26,6;42,2;10,8
SAN;NL:Q:40100740;Cronjeweg;Oosterbeek;1,3;0,3;2,5;0,0;0,0;0,0
SAN;NL:Q:40100741;Cronjeweg;Oosterbeek;0,4;1,7;0,1;3,1;0,0;0,0
SAN;NL:Q:40100790;Gzc De Dennenkamp;Oosterbeek;1,2;3,3;0,7;0,6;0,0;0,0
SAN;NL:Q:40100800;Gzc De Dennenkamp;Oosterbeek;1,8;1,4;0,3;0,1;0,0;0,0
SAN;NL:Q:40100810;Tuin de Lage Oorsprong;Oosterbeek;0,0;0,1;0,0;0,0;0,0;0,0
SAN;NL:Q:40100820;Tuin de Lage Oorsprong;Oosterbeek;0,0;0,0;0,1;0,0;0,0;0,0
SAN;NL:Q:40100850;Oude Oosterbeekseweg;Heveadorp;0,2;0,3;0,3;0,2;0,0;0,0
SAN;NL:Q:40100860;Oude Oosterbeekseweg;Heveadorp;0,4;0,3;0,3;0,2;0,0;0,0
SAN;NL:Q:40100870;Westerbouwing;Oosterbeek;0,0;0,1;0,0;0,1;0,0;0,0
SAN;NL:Q:40100880;Westerbouwing;Oosterbeek;0,0;0,0;0,0;0,1;0,0;0,0
SAN;NL:Q:40105670;Van Toulon v.d. Koogweg;Oosterbeek;1,8;7,5;5,0;6,7;0,7;3,3
SAN;NL:Q:40105680;Van Toulon v.d. Koogweg;Oosterbeek;7,7;2,8;5,5;2,0;3,2;0,9
SAN;NL:Q:40105690;Oude Kerk;Oosterbeek;2,2;9,4;2,1;8,7;1,0;4,1
SAN;NL:Q:40105700;Oude Kerk;Oosterbeek;11,2;2,2;11,3;2,3;6,8;1,2
SAN;NL:Q:40105710;Kneppelhoutweg;Oosterbeek;1,0;3,0;1,0;2,7;0,4;1,2
SAN;NL:Q:40105720;Kneppelhoutweg;Oosterbeek;3,4;0,9;3,6;1,6;1,7;0,4
SAN;NL:Q:40105730;van Borsselenweg;Oosterbeek;0,1;1,7;0,2;1,7;0,1;1,3
SAN;NL:Q:40105740;van Borsselenweg;Oosterbeek;1,7;0,3;1,0;0,3;1,1;0,4
SAN;NL:Q:40105750;Drielse Veer;Oosterbeek;0,6;2,0;0,8;2,3;0,4;1,9
SAN;NL:Q:40105760;Drielse Veer;Oosterbeek;1,4;0,3;1,9;0,5;1,6;0,6
SAN;NL:Q:40105770;Dunolaan;Heveadorp;0,6;5,7;0,9;5,7;0,7;3,1
SAN;NL:Q:40105780;Dunolaan;Heveadorp;4,5;0,3;4,6;0,8;3,0;0,4
SAN;NL:Q:40105790;Beeklaan;Heveadorp;3,1;9,7;2,5;8,5;1,5;4,2
SAN;NL:Q:40105800;Beeklaan;Heveadorp;10,6;1,6;8,8;2,0;4,9;1,1
SAN;NL:Q:40105810;Wilhelmilaan;Heveadorp;1,6;5,0;1,1;3,2;0,8;2,0
SAN;NL:Q:40105820;Wilhelmilaan;Heveadorp;5,5;2,8;5,6;6,3;2,5;1,0
SAN;NL:Q:40120010;Aansluiting A12;Duiven;28,1;6,1;13,0;1,7;19,9;3,5
SAN;NL:Q:40120030;Hotel De Roskam;Rheden;31,6;18,4;23,5;4,5;14,5;3,0
SAN;NL:Q:40120050;Beekhuizenseweg;Velp;66,4;86,3;31,9;38,5;23,7;24,7
SAN;NL:Q:40120060;Beekhuizenseweg;Velp;43,0;14,4;11,2;4,0;6,7;3,0
SAN;NL:Q:40120070;A.G. Hofkeslaan;Velp;4,2;6,3;2,0;3,6;2,6;2,4
SAN;NL:Q:40120080;A.G. Hofkeslaan;Velp;4,4;6,5;2,5;3,2;3,0;6,5
SAN;NL:Q:40120090;Oosterwolde;Velp;2,0;1,0;1,5;0,4;1,7;0,5
SAN;NL:Q:40120100;Oosterwolde;Velp;1,3;2,0;0,3;1,1;0,4;1,7
SAN;NL:Q:40120110;Gasthuislaan;Velp;40,3;28,9;7,7;2,8;4,8;1,8
SAN;NL:Q:40120140;Reigerstraat;Velp;2,3;2,9;0,6;2,6;0,7;2,9
SAN;NL:Q:40120150;Gruttostraat;Velp;141,0;31,2;10,2;3,9;6,6;3,2
SAN;NL:Q:40120160;Gruttostraat;Velp;38,5;103,7;3,0;6,8;1,6;6,8
SAN;NL:Q:40120210;Bronbeek;Arnhem;6,1;38,8;4,3;36,4;2,7;25,6
SAN;NL:Q:40120230;Rozenhagelaan;Velp;2,2;63,1;1,7;45,8;1,3;40,9
SAN;NL:Q:40120240;Rozenhagelaan;Velp;62,3;3,0;44,3;2,0;30,8;1,5
SAN;NL:Q:40120250;Nordlaan;Velp;6,4;138,5;1,8;75,8;0,7;50,9
SAN;NL:Q:40120260;Nordlaan;Velp;136,6;7,1;82,6;1,1;43,5;0,6
SAN;NL:Q:40120270;Wilhelminastraat;Velp;7,9;165,1;6,4;180,4;3,3;110,8
SAN;NL:Q:40120280;Wilhelminastraat;Velp;164,2;6,8;167,2;5,7;92,4;2,7
SAN;NL:Q:40120290;Emmastraat;Velp;11,9;110,2;4,0;107,8;1,5;66,9
SAN;NL:Q:40120300;Emmastraat;Velp;105,3;10,7;102,9;3,4;54,1;1,2
SAN;NL:Q:40120310;Hogeweg;Velp;2,2;30,5;1,8;30,6;0,3;24,4
SAN;NL:Q:40120320;Hogeweg;Velp;28,2;2,8;28,5;2,2;20,6;0,2
SAN;NL:Q:40120330;Heemskerklaan;Velp;1,6;8,9;1,2;8,6;0,5;7,6
SAN;NL:Q:40120340;Heemskerklaan;Velp;6,4;1,1;7,2;0,7;5,9;0,2
SAN;NL:Q:40123750;Rhedens Lyceum;Rozendaal;3,3;1,5;0,8;0,1;0,0;0,0
SAN;NL:Q:40123770;Arnhemse Allee;Arnhem;0,7;0,6;0,2;0,4;0,0;0,0
SAN;NL:Q:40123790;Kerklaan;Rozendaal;0,8;3,8;0,6;4,0;0,0;0,0
SAN;NL:Q:40123800;Kerklaan;Rozendaal;3,5;1,2;3,2;0,6;0,0;0,0
SAN;NL:Q:40123810;Hertog van Gelrestraat;Rozendaal;0,4;2,5;0,0;2,0;0,0;0,0
SAN;NL:Q:40123820;Hertog van Gelrestraat;Rozendaal;2,9;1,0;1,7;0,3;0,0;0,0
SAN;NL:Q:40123830;Bergweg;Velp;0,4;3,6;0,1;3,5;0,0;0,0
SAN;NL:Q:40123840;Bergweg;Velp;3,7;0,4;2,2;0,1;0,0;0,0
SAN;NL:Q:40123910;Den Heuvel;Velp;1,9;6,2;1,5;5,0;0,0;0,0
SAN;NL:Q:40123920;Den Heuvel;Velp;5,4;1,8;4,8;1,2;0,0;0,0
SAN;NL:Q:40123930;Kerkstraat;Velp;0,1;4,8;0,0;1,7;0,0;0,0
SAN;NL:Q:40123940;Kerkstraat;Velp;4,1;0,1;2,7;0,0;0,0;0,0
SAN;NL:Q:40123950;Velperbroek;Velp;13,8;19,8;1,5;7,3;2,5;5,8
SAN;NL:Q:40123960;Velperbroek;Velp;21,5;16,3;11,3;2,1;5,9;3,3
SAN;NL:Q:40123980;Parking President Kennedylaan;Velp;4,0;2,3;3,4;1,8;0,0;0,0
SAN;NL:Q:40123990;Waterstraat;Velp;20,3;114,0;6,9;20,4;5,9;22,6
SAN;NL:Q:40124000;Waterstraat;Velp;83,6;9,6;31,8;4,1;24,0;3,4
SAN;NL:Q:40124030;Haverland;Velp;6,0;26,8;3,5;13,4;2,9;19,2
SAN;NL:Q:40124040;Haverland;Velp;22,7;5,9;15,9;2,3;14,3;2,6
SAN;NL:Q:40124050;Graaf Ottostraat;Velp;12,7;71,4;5,7;13,9;6,1;20,1
SAN;NL:Q:40124060;Graaf Ottostraat;Velp;86,0;10,9;23,2;4,9;23,9;5,6
SAN;NL:Q:40124070;Graaf Gerhardstraat;Velp;11,7;154,4;2,5;9,2;2,4;15,7
SAN;NL:Q:40124080;Graaf Gerhardstraat;Velp;166,2;12,9;13,7;2,9;13,8;2,3
SAN;NL:Q:40124090;Brekelenkampstraat;Arnhem;15,9;55,2;2,7;4,5;2,4;9,1
SAN;NL:Q:40124820;Rozendaalselaan;Velp;3,2;0,5;2,7;0,1;0,0;0,0
SAN;NL:Q:40124830;Rozendaalselaan;Velp;0,5;4,6;0,0;2,7;0,0;0,0
SAN;NL:Q:40124840;Biesdelselaan;Velp;9,1;1,3;2,3;0,3;0,0;0,0
SAN;NL:Q:40124850;Biesdelselaan;Velp;1,2;9,6;0,2;2,9;0,0;0,0
SAN;NL:Q:40160030;Schelmseweg;Arnhem;0,4;10,6;0,0;0,0;0,0;0,0
SAN;NL:Q:40160070;Maasbergseweg;Arnhem;5,9;8,5;0,0;0,0;0,0;0,0
SAN;NL:Q:40160080;De Leeren Doedel;Arnhem;1,0;0,1;0,0;0,0;0,0;0,0
SAN;NL:Q:40160090;De Leeren Doedel;Arnhem;0,1;2,2;0,0;0,0;0,0;0,0
SAN;NL:Q:40160110;De Vijverberg;Arnhem;0,0;0,3;0,0;0,0;0,0;0,0
SAN;NL:Q:40160120;De Vijverberg;Arnhem;0,3;0,3;0,0;0,0;0,0;0,0
SAN;NL:Q:40160130;Klein Warnsborn;Arnhem;3,5;1,0;0,0;0,0;0,0;0,0
SAN;NL:Q:40160140;Klein Warnsborn;Arnhem;1,1;2,1;0,0;0,0;0,0;0,0
SAN;NL:Q:40160160;Sportcentrum Papendal;Arnhem;95,2;96,1;0,0;0,0;0,0;0,0
SAN;NL:Q:40160170;v.d. Valk Hotel Arnhem;Arnhem;0,6;9,5;0,0;0,0;0,0;0,0
SAN;NL:Q:40169091;Van der Valk/Papendal;Arnhem;15,7;0,3;0,0;0,0;0,0;0,0
SAN;NL:Q:40169092;Van der Valk/Papendal;Arnhem;0,0;0,0;0,0;0,0;0,0;0,0
SAN;NL:Q:40170020;C. van Maasdijklaan;Schaarsbergen;0,2;7,2;0,0;0,0;0,0;0,0
SAN;NL:Q:40170030;Hoenderloseweg;Deelen;7,2;0,2;0,0;0,0;0,0;0,0
SAN;NL:Q:40200010;Heidesteinlaan;Renkum;52,7;24,7;32,9;12,2;21,1;9,7
SAN;NL:Q:40200020;Patrimoniumweg;Heelsum;15,3;37,4;9,2;29,3;6,3;21,7
SAN;NL:Q:40200025;Patrimoniumweg;Heelsum;0,3;0,3;0,0;0,0;0,0;0,0
SAN;NL:Q:40200030;Patrimoniumweg;Heelsum;41,3;15,3;32,1;9,0;20,8;5,7
SAN;NL:Q:40200035;Patrimoniumweg;Heelsum;0,0;0,4;0,0;0,0;0,0;0,0
SAN;NL:Q:40200040;Het Beekdal;Heelsum;9,2;39,4;7,4;31,2;5,2;20,9
SAN;NL:Q:40200050;Het Beekdal;Heelsum;36,6;10,4;28,0;7,2;17,6;5,4
SAN;NL:Q:40200060;Doorwerthsestraat;Heelsum;3,2;10,9;2,7;9,6;2,6;6,1
SAN;NL:Q:40200070;Doorwerthsestraat;Heelsum;8,8;2,9;8,9;2,7;5,6;2,4
SAN;NL:Q:40200080;Kievitsdel;Heelsum;4,1;13,0;4,0;10,5;3,0;7,0
SAN;NL:Q:40200090;Kievitsdel;Doorwerth;11,4;3,4;10,8;2,8;7,0;2,5
SAN;NL:Q:40200100;Mooiland;Doorwerth;2,2;10,4;1,6;6,3;0,9;4,4
SAN;NL:Q:40200110;Mooiland;Doorwerth;9,1;2,3;6,3;1,3;3,7;0,8
SAN;NL:Q:40200120;Kasteelweg;Doorwerth;13,2;30,2;4,9;21,1;3,6;16,1
SAN;NL:Q:40200130;Kasteelweg;Doorwerth;29,7;12,2;19,5;4,7;13,7;4,4
SAN;NL:Q:40200140;Kerklaan;Doorwerth;5,9;27,9;4,5;24,9;3,5;21,2
SAN;NL:Q:40200160;Kerklaan;Doorwerth;0,0;0,0;0,0;0,0;0,0;0,0
SAN;NL:Q:40200190;Winkelcentr. De Weerd;Doorwerth;54,8;31,7;47,0;24,1;21,4;7,5
SAN;NL:Q:40200200;Winkelcentr. De Weerd;Doorwerth;31,0;47,3;22,7;38,1;8,3;16,7
SAN;NL:Q:40200220;Kievitsdel;Doorwerth;1,2;3,1;1,4;4,2;1,1;2,5
SAN;NL:Q:40200230;Kievitsdel;Doorwerth;5,9;1,8;8,2;1,7;3,8;1,0
SAN;NL:Q:40200240;Van Aldenburglaan;Doorwerth;0,2;2,4;0,3;2,5;0,1;1,2
SAN;NL:Q:40200270;Hackettweg;Heelsum;13,0;4,8;12,8;3,2;6,5;1,6
SAN;NL:Q:40200290;Dopheidelaan;Heelsum;8,5;2,8;10,1;3,3;5,7;1,7
SAN;NL:Q:40200300;Dopheidelaan;Heelsum;3,0;11,7;2,9;13,2;1,3;7,0
SAN;NL:Q:40200310;Rolandseck;Doorwerth;0,2;1,3;0,1;0,8;0,0;0,0
SAN;NL:Q:40200320;Rolandseck;Doorwerth;1,8;0,3;0,8;0,0;0,0;0,0
SAN;NL:Q:40200330;Spechtlaan;Doorwerth;0,3;1,2;0,2;0,3;0,0;0,0
SAN;NL:Q:40200340;Spechtlaan;Doorwerth;0,9;0,1;0,3;0,0;0,0;0,0
SAN;NL:Q:40200490;Heidestein;Heelsum;1,8;1,2;0,0;0,0;0,0;0,0
SAN;NL:Q:40200510;Heidestein;Heelsum;1,3;1,9;0,0;0,0;0,0;0,0
SAN;NL:Q:40205830;Van der Molenplein;Doorwerth;2,6;18,4;1,5;13,5;0,9;9,7
SAN;NL:Q:40205840;Van der Molenplein;Doorwerth;8,2;0,8;7,0;0,6;4,4;0,3
SAN;NL:Q:40205850;Berkenlaan;Doorwerth;13,6;42,5;6,9;32,3;3,8;21,9
SAN;NL:Q:40205860;Berkenlaan;Doorwerth;53,6;12,5;39,5;6,0;22,2;3,9
SAN;NL:Q:40205890;Van Aldenburglaan;Doorwerth;1,3;0,4;1,5;0,2;1,3;0,2
SAN;NL:Q:40210030;Hotel  Wolfheze;Wolfheze;0,3;0,3;0,2;0,0;0,0;0,0
SAN;NL:Q:40210040;Hotel  Wolfheze;Wolfheze;0,2;0,1;0,1;0,2;0,0;0,0
SAN;NL:Q:40210050;Balijeweg;Wolfheze;0,4;0,0;0,1;0,0;0,0;0,0
SAN;NL:Q:40210060;Balijeweg;Wolfheze;0,1;0,1;0,0;0,1;0,0;0,0
SAN;NL:Q:40210070;Station Wolfheze;Wolfheze;3,4;0,1;2,7;0,0;0,0;0,0
SAN;NL:Q:40210080;Station Wolfheze;Wolfheze;0,4;3,8;0,2;3,1;0,0;0,0
SAN;NL:Q:40210100;Het Schild;Wolfheze;7,1;6,7;3,4;3,4;0,0;0,0
SAN;NL:Q:40210180;Station/Parallelweg;Wolfheze;3,2;0,0;0,0;0,0;0,0;0,0
SAN;NL:Q:40210190;Station/Parallelweg;Wolfheze;0,3;4,6;0,0;0,0;0,0;0,0
SAN;NL:Q:40210200;Boshoeve;Wolfheze;0,0;0,1;0,0;0,0;0,0;0,0
SAN;NL:Q:40210210;Boshoeve;Wolfheze;0,0;0,0;0,0;0,0;0,0;0,0
SAN;NL:Q:40210220;De Buunderkamp;Wolfheze;0,9;0,7;0,0;0,0;0,0;0,0
SAN;NL:Q:40210230;De Buunderkamp;Wolfheze;0,6;0,6;0,0;0,0;0,0;0,0
SAN;NL:Q:40220070;Polenplein;Driel;4,6;0,6;0,0;0,0;0,0;0,0
SAN;NL:Q:40220080;Polenplein;Driel;0,8;4,2;0,0;0,0;0,0;0,0
SAN;NL:Q:40220090;Ausemsstraat;Driel;0,8;0,4;0,0;0,0;0,0;0,0
SAN;NL:Q:40220100;Ausemsstraat;Driel;0,1;0,4;0,0;0,0;0,0;0,0
SAN;NL:Q:40220110;Cremerstraat;Driel;1,2;0,1;0,0;0,0;0,0;0,0
SAN;NL:Q:40220120;Cremerstraat;Driel;0,1;1,0;0,0;0,0;0,0;0,0
SAN;NL:Q:40221020;Grote Breeken;Driel;18,9;0,6;11,8;0,3;6,0;0,2
SAN;NL:Q:40221030;Grote Breeken;Driel;0,8;18,6;0,3;10,4;0,1;5,9
SAN;NL:Q:40221190;De Meikers;Driel;2,9;44,2;1,3;23,6;1,1;16,7
SAN;NL:Q:40221200;De Meikers;Driel;45,7;2,5;28,0;1,3;17,9;0,9
SAN;NL:Q:40221210;Broeksingel;Driel;1,5;22,4;0,5;13,6;0,6;10,2
SAN;NL:Q:40221220;Broeksingel;Driel;24,9;1,7;17,7;0,8;11,4;1,0
SAN;NL:Q:40221310;Vredesteinsestraat;Driel;0,1;1,3;0,0;0,4;0,0;0,3
SAN;NL:Q:40221320;Vredesteinsestraat;Driel;1,3;0,1;0,6;0,0;0,6;0,0
SAN;NL:Q:40221330;Noordhoeksestraat;Driel;0,0;1,8;0,0;0,5;0,0;0,2
SAN;NL:Q:40221340;Noordhoeksestraat;Driel;1,7;0,0;0,9;0,1;0,2;0,0
SAN;NL:Q:40258001;Schalterdalweg;Woeste Hoeve;0,0;0,0;0,0;0,0;0,0;0,0
SAN;NL:Q:40300040;Bokkedijk;Renkum;1,7;0,5;1,4;0,6;1,0;0,5
SAN;NL:Q:40300050;Bokkedijk;Renkum;1,1;3,3;1,1;2,6;0,8;1,5
SAN;NL:Q:40300060;Nieuweweg;Renkum;15,1;12,5;9,7;10,2;5,0;6,3
SAN;NL:Q:40300070;Nieuweweg;Renkum;16,8;11,5;14,4;7,8;6,4;3,8
SAN;NL:Q:40300080;Europalaan;Renkum;14,6;19,3;10,6;15,9;4,4;8,2
SAN;NL:Q:40300090;Europalaan;Renkum;22,0;12,6;18,8;8,6;11,4;4,5
SAN;NL:Q:40300100;Don Boscoweg;Renkum;0,1;0,0;0,0;0,0;0,0;0,0
SAN;NL:Q:40300110;Don Boscoweg;Renkum;0,0;0,1;0,0;0,0;0,0;0,0
SAN;NL:Q:40300120;Groeneweg;Renkum;0,0;0,2;0,0;0,0;0,0;0,0
SAN;NL:Q:40300130;Groeneweg;Renkum;0,9;0,6;0,0;0,0;0,0;0,0
SAN;NL:Q:40300140;Heidesteinlaan;Renkum;35,5;44,4;24,1;30,2;19,8;25,6
SAN;NL:Q:40300160;Hackettweg;Heelsum;6,5;10,6;4,5;9,2;1,9;4,4
SAN;NL:Q:40300170;Telefoonweg;Renkum;13,9;5,9;10,1;4,3;4,8;2,9
SAN;NL:Q:40300180;Telefoonweg;Renkum;4,6;12,1;2,8;7,0;1,3;4,6
SAN;NL:Q:40300190;Fluitersheuvel;Renkum;17,1;8,3;11,8;5,2;6,5;2,3
SAN;NL:Q:40300200;Fluitersheuvel;Renkum;7,5;17,1;4,4;10,8;2,6;7,6
SAN;NL:Q:40300230;Bellevue;Renkum;24,3;11,3;21,2;8,6;12,5;5,1
SAN;NL:Q:40300240;Bellevue;Renkum;11,7;21,3;8,1;16,2;5,2;10,8
SAN;NL:Q:40300270;Doelum;Renkum;20,3;7,4;13,4;4,4;10,7;2,5
SAN;NL:Q:40300280;Doelum;Renkum;7,1;17,3;4,6;12,2;3,0;8,3
SAN;NL:Q:40300300;Melkdam;Renkum;96,5;43,4;81,4;27,1;47,6;23,2
SAN;NL:Q:40300310;Melkdam;Renkum;18,1;98,5;14,0;80,8;9,6;64,1
SAN;NL:Q:40300380;Maatweg;Renkum;0,1;0,2;0,0;0,0;0,0;0,0
SAN;NL:Q:40300410;IJsbaan/Kortenburg;Renkum;0,0;0,1;0,0;0,0;0,0;0,0
SAN;NL:Q:40300420;IJsbaan/Kortenburg;Renkum;0,2;0,0;0,0;0,0;0,0;0,0
SAN;NL:Q:40300450;Waterweg;Renkum;0,6;0,2;0,0;0,0;0,0;0,0
SAN;NL:Q:40300460;Waterweg;Renkum;0,2;0,3;0,0;0,0;0,0;0,0
SAN;NL:Q:40300470;Nieuwe Keijenbergseweg;Renkum;1,0;0,4;0,0;0,0;0,0;0,0
SAN;NL:Q:40300480;Nieuwe Keijenbergseweg;Renkum;0,4;1,2;0,0;0,0;0,0;0,0
SAN;NL:Q:40300490;van Riessenstraat;Renkum;0,7;0,6;0,0;0,0;0,0;0,0
SAN;NL:Q:40300500;Dorpsstraat;Renkum;0,4;1,1;0,0;0,0;0,0;0,0
SAN;NL:Q:40300510;Centrum;Renkum;0,6;0,6;0,0;0,0;0,0;0,0
SAN;NL:Q:40300520;Centrum;Renkum;0,4;1,1;0,0;0,0;0,0;0,0
SAN;NL:Q:40300530;Wilgenpas;Renkum;2,9;0,5;0,0;0,0;0,0;0,0
SAN;NL:Q:40300540;Wilgenpas;Renkum;0,7;2,6;0,0;0,0;0,0;0,0
SAN;NL:Q:40320060;Poort v. Midden Gld Gr.;Heteren;0,5;7,0;0,0;0,0;0,0;0,0
SAN;NL:Q:40320070;Poort v. Midden Gld Gr.;Heteren;6,1;21,3;0,0;0,0;0,0;0,0
SAN;NL:Q:40320130;Nachtegaalstraat;Heteren;0,6;1,5;0,0;0,0;0,0;0,0
SAN;NL:Q:40320131;Nachtegaalstraat;Heteren;0,3;0,0;0,0;0,0;0,0;0,0
SAN;NL:Q:40320160;Elzenpas;Heteren;0,1;0,1;0,0;0,1;0,0;0,0
SAN;NL:Q:40320170;Elzenpas;Heteren;11,8;23,1;7,7;12,8;4,8;9,2
SAN;NL:Q:40320210;Beemdhof;Heteren;31,1;27,5;17,9;15,9;11,4;12,2
SAN;NL:Q:40320240;Schaapsakker;Heteren;10,0;0,9;4,4;0,3;4,1;0,2
SAN;NL:Q:40320270;Bretagnesingel;Heteren;6,5;7,1;4,3;4,5;2,6;3,2
SAN;NL:Q:40320300;Tijdelijke halte;Heteren;7,1;0,9;3,5;0,4;1,9;0,3
SAN;NL:Q:40320320;Schoutenkamp;Heteren;3,2;5,1;0,0;0,0;0,0;0,0
SAN;NL:Q:40320330;Schoutenkamp;Heteren;0,0;0,0;0,0;0,0;0,0;0,0
SAN;NL:Q:40320360;Heetveld;Heteren;14,6;17,1;9,3;8,7;6,0;6,6
SAN;NL:Q:40320380;Onze Lieve Vrouwestraat;Heteren;6,9;6,9;6,2;4,0;2,9;3,0
SAN;NL:Q:40320390;Polderstraat;Heteren;8,5;42,6;2,0;15,7;0,7;9,2
SAN;NL:Q:40320400;Polderstraat;Heteren;45,8;0,8;21,3;0,2;11,9;0,2
SAN;NL:Q:40321330;Uilenburgsestraat;Heteren;0,2;2,5;0,1;1,2;0,1;0,7
SAN;NL:Q:40321340;Uilenburgsestraat;Heteren;2,7;0,1;1,2;0,0;0,8;0,0
SAN;NL:Q:40321350;Achterstraat/PvMG;Heteren;10,6;63,9;3,6;31,6;0,9;23,2
SAN;NL:Q:40321360;Achterstraat/PvMG;Heteren;51,1;0,3;17,2;0,1;4,2;0,1
SAN;NL:Q:40351001;Stoppelbergweg;Beekbergen;0,0;0,0;0,0;0,0;0,0;0,0
SAN;NL:Q:40351003;Vossenfarm;Beekbergen;0,0;0,0;0,0;0,0;0,0;0,0
SAN;NL:Q:40360002;'t Lage Veld;Otterlo;0,0;0,0;0,0;0,0;0,0;0,0
SAN;NL:Q:40360006;Onderlangs;Otterlo;0,0;0,0;0,0;0,0;0,0;0,0
SAN;NL:Q:40360007;Centrum;Otterlo;0,0;0,0;0,0;0,0;0,0;0,0
SAN;NL:Q:40360009;Rotonde;Otterlo;0,0;0,0;0,0;0,0;0,0;0,0
SAN;NL:Q:40374013;Miggelenbergweg;Hoenderloo;0,0;0,0;0,0;0,0;0,0;0,0
SAN;NL:Q:40400080;Arboretumlaan;Wageningen;3,2;54,8;2,2;46,4;2,4;53,8
SAN;NL:Q:40400090;Arboretumlaan;Wageningen;52,1;4,2;45,0;3,1;27,4;2,9
SAN;NL:Q:40400100;Diedenweg;Wageningen;8,5;72,5;7,5;52,9;4,0;75,2
SAN;NL:Q:40400110;Diedenweg;Wageningen;70,7;10,6;54,2;9,3;34,9;7,1
SAN;NL:Q:40400170;Wageningse Berg;Wageningen;38,0;54,0;33,3;37,2;24,6;30,8
SAN;NL:Q:40400440;Wageningse Berg;Wageningen;49,1;38,2;32,2;33,6;22,9;31,7
SAN;NL:Q:40405000;Busstation;Wageningen;448,6;386,6;369,0;304,3;216,9;344,6
SAN;NL:Q:40405012;Busstation;Wageningen;54,5;198,6;42,9;153,5;29,9;164,3
SAN;NL:Q:40405013;Busstation;Wageningen;358,2;168,2;339,2;145,8;212,7;163,9
SAN;NL:Q:40410030;Oranje Nassau's Oord;Wageningen;0,5;0,9;0,0;0,0;0,0;0,0
SAN;NL:Q:40410040;Oranje Nassau's Oord;Wageningen;0,9;0,8;0,0;0,0;0,0;0,0
SAN;NL:Q:40410050;Begraafplaats;Wageningen;0,3;0,6;0,0;0,0;0,0;0,0
SAN;NL:Q:40410060;Begraafplaats;Wageningen;0,6;0,4;0,0;0,0;0,0;0,0
SAN;NL:Q:40432001;De Harmonie;Laag-Soeren;5,2;0,3;3,2;0,2;2,7;0,3
SAN;NL:Q:40432002;De Harmonie;Laag-Soeren;0,3;9,9;0,3;3,8;0,2;3,4
SAN;NL:Q:40433002;Wilhelminapark;Eerbeek;0,1;1,4;0,3;0,5;0,1;0,5
SAN;NL:Q:40441001;Harderwijkerweg;Loenen;0,3;0,2;0,4;0,2;0,2;0,3
SAN;NL:Q:40441003;Bergakkerweg;Loenen;1,5;1,6;1,7;2,2;0,7;1,3
SAN;NL:Q:40441004;Bergakkerweg;Loenen;1,8;3,1;2,8;1,8;1,3;1,1
SAN;NL:Q:40441005;Bruisbeek;Loenen;3,3;3,2;3,3;3,3;2,0;2,2
SAN;NL:Q:40441006;Bruisbeek;Loenen;3,9;8,5;4,8;5,2;2,4;4,4
SAN;NL:Q:40441007;Leeuwenbergweg;Loenen;0,6;3,3;1,1;2,8;0,9;1,5
SAN;NL:Q:40441008;Leeuwenbergweg;Loenen;3,1;2,1;2,8;1,8;1,6;1,3
SAN;NL:Q:40441009;Hoge Bergweg;Loenen;1,7;4,5;2,2;5,0;1,4;2,4
SAN;NL:Q:40441010;Hoge Bergweg;Loenen;5,1;2,8;5,9;3,3;3,3;1,7
SAN;NL:Q:40450275;Eglantierlaan;Apeldoorn;0,3;0,0;0,0;0,0;0,0;0,0
SAN;NL:Q:40451007;De Smittenberg;Beekbergen;0,0;0,0;0,0;0,0;0,0;0,0
SAN;NL:Q:40451008;De Smittenberg;Beekbergen;0,0;0,0;0,0;0,0;0,0;0,0
SAN;NL:Q:40451009;Hagenbrug;Beekbergen;0,8;2,9;1,3;4,6;0,8;2,8
SAN;NL:Q:40451010;Hagenbrug;Beekbergen;3,1;0,5;5,8;1,0;2,8;0,8
SAN;NL:Q:40451013;De Wipselberg;Beekbergen;1,5;5,1;1,3;4,2;0,8;2,3
SAN;NL:Q:40451014;De Wipselberg;Beekbergen;5,2;1,8;4,6;1,3;2,6;1,3
SAN;NL:Q:40451015;Hulleweg;Beekbergen;0,6;10,4;3,1;36,0;1,4;18,6
SAN;NL:Q:40451016;Hulleweg;Beekbergen;10,0;0,6;42,6;2,3;21,3;2,1
SAN;NL:Q:40451017;Zonnehuis;Beekbergen;0,9;2,4;1,4;1,8;1,0;1,4
SAN;NL:Q:40451018;Zonnehuis;Beekbergen;2,2;1,3;1,8;2,0;1,6;1,4
SAN;NL:Q:40451019;Kerkweg;Beekbergen;6,1;4,9;10,0;9,3;4,9;5,1
SAN;NL:Q:40451020;Kerkweg;Beekbergen;4,6;2,8;10,2;3,5;5,7;2,3
SAN;NL:Q:40451021;Koningsweg;Beekbergen;0,5;1,1;0,3;2,2;0,4;0,9
SAN;NL:Q:40451022;Koningsweg;Beekbergen;1,0;0,6;1,0;0,5;0,4;0,5
SAN;NL:Q:40451034;Laan van Westenenk;Apeldoorn;1,0;0,4;0,9;0,2;0,3;0,2
SAN;NL:Q:40451077;De Eglantier;Apeldoorn;0,0;0,0;0,0;0,0;0,0;0,0
SAN;NL:Q:40451078;De Eglantier;Apeldoorn;2,1;0,0;0,0;0,0;0,0;0,0
SAN;NL:Q:40451096;Laan van Erica;Apeldoorn;0,0;0,1;0,0;0,0;0,0;0,0
SAN;NL:Q:40451103;Turfstekershoeve;Apeldoorn;0,0;0,0;0,0;0,0;0,0;0,0
SAN;NL:Q:40451105;Landdrostlaan;Apeldoorn;0,0;0,1;0,0;0,0;0,0;0,0
SAN;NL:Q:40451106;Landdrostlaan;Apeldoorn;1,8;0,0;0,0;0,0;0,0;0,0
SAN;NL:Q:40451181;Ferguutgaarde;Apeldoorn;0,0;0,0;0,0;0,0;0,0;0,0
SAN;NL:Q:40451182;De Heemgaard;Apeldoorn;0,2;0,0;0,0;0,0;0,0;0,0
SAN;NL:Q:40451183;De Heemgaard;Apeldoorn;0,0;0,0;0,0;0,0;0,0;0,0
SAN;NL:Q:40451195;Bouwmeestershoeve;Apeldoorn;0,0;0,0;0,0;0,0;0,0;0,0
SAN;NL:Q:40451210;Ferguutgaarde;Apeldoorn;0,0;0,0;0,0;0,0;0,0;0,0
SAN;NL:Q:40451252;Kooikersdreef;Apeldoorn;0,0;0,0;0,0;0,0;0,0;0,0
SAN;NL:Q:40451259;Parlevinkershoeve;Apeldoorn;0,0;0,0;0,0;0,0;0,0;0,0
SAN;NL:Q:40451351;Eglantierlaan;Apeldoorn;0,0;0,0;0,0;0,0;0,0;0,0
SAN;NL:Q:40451501;Laan van Malkenschoten;Apeldoorn;3,4;1,8;0,9;0,5;0,6;0,1
SAN;NL:Q:40451502;Laan van Malkenschoten;Apeldoorn;2,7;5,0;0,7;0,8;0,2;0,6
SAN;NL:Q:40471465;Van der Valk/De Cantharel;Apeldoorn;0,0;0,0;0,0;0,0;0,0;0,0
SAN;NL:Q:40512001;Station Ede-Wageningen;Ede;0,0;0,0;0,0;0,0;0,0;0,0
SAN;NL:Q:40512508;Station Ede-Wageningen;Ede;0,0;0,0;0,0;0,0;0,0;0,0
SAN;NL:Q:40528009;A.G. Wijersweg;Wekerom;0,0;0,0;0,0;0,0;0,0;0,0
SAN;NL:Q:40541002;Harderwijkerweg;Loenen;0,2;1,8;0,3;1,3;0,3;0,7
SAN;NL:Q:40543001;Wilhelminapark;Eerbeek;0,5;0,2;0,3;0,1;0,3;0,1
SAN;NL:Q:40543003;Coldenhovenseweg;Eerbeek;2,9;0,6;1,5;0,4;1,3;0,2
SAN;NL:Q:40543004;Coldenhovenseweg;Eerbeek;0,6;6,3;0,3;2,4;0,3;2,1
SAN;NL:Q:40543005;Loubergweg;Eerbeek;4,3;1,3;1,4;0,6;1,1;0,4
SAN;NL:Q:40543006;Loubergweg;Eerbeek;1,2;10,2;0,5;4,5;0,4;2,5
SAN;NL:Q:40543007;Centrum;Eerbeek;6,6;2,0;5,0;1,8;2,9;1,0
SAN;NL:Q:40543008;Centrum;Eerbeek;1,4;13,0;2,3;7,6;1,1;6,1
SAN;NL:Q:40543009;Offenbachstraat;Eerbeek;10,6;4,9;7,4;4,6;4,3;2,3
SAN;NL:Q:40543010;Offenbachstraat;Eerbeek;6,5;29,4;6,5;12,8;3,7;7,4
SAN;NL:Q:40543011;Ringlaan;Eerbeek;10,9;7,2;6,3;7,8;3,1;3,4
SAN;NL:Q:40543012;Ringlaan;Eerbeek;6,4;22,0;7,7;6,7;3,6;4,9
SAN;NL:Q:40543013;Vondellaan;Eerbeek;7,1;3,1;3,4;3,1;1,9;1,7
SAN;NL:Q:40543014;Vondellaan;Eerbeek;3,0;13,7;4,1;5,1;2,0;3,9
SAN;NL:Q:40551002;Station;Apeldoorn;1,2;26,3;1,3;22,0;1,1;17,6
SAN;NL:Q:40551015;Station;Apeldoorn;9,8;3,0;0,4;0,6;0,2;1,0
SAN;NL:Q:40551020;Hoofdstraat;Apeldoorn;2,6;26,0;4,5;56,4;2,7;26,5
SAN;NL:Q:40551021;Amaliapark;Apeldoorn;4,9;0,1;5,8;0,2;3,6;0,1
SAN;NL:Q:40551022;Amaliapark;Apeldoorn;0,1;6,4;0,2;9,7;0,2;5,2
SAN;NL:Q:40551023;Zichtweg;Apeldoorn;2,0;1,7;1,8;1,4;1,0;0,8
SAN;NL:Q:40551024;Zichtweg;Apeldoorn;1,2;2,0;1,2;2,1;0,5;1,5
SAN;NL:Q:40551025;Eendrachtstraat;Apeldoorn;8,0;4,2;11,0;3,1;3,8;1,8
SAN;NL:Q:40551026;Eendrachtstraat;Apeldoorn;2,9;6,2;2,5;10,3;1,5;3,6
SAN;NL:Q:40551027;Aluminiumweg;Apeldoorn;3,7;3,0;2,7;3,0;1,2;1,5
SAN;NL:Q:40551028;Aluminiumweg;Apeldoorn;2,6;2,8;2,0;2,2;1,3;1,1
SAN;NL:Q:40551029;Sebastiaanplein;Apeldoorn;1,6;3,5;2,9;3,1;1,1;1,7
SAN;NL:Q:40551030;Sebastiaanplein;Apeldoorn;2,7;1,6;2,5;2,1;1,7;1,1
SAN;NL:Q:40551031;Chopinlaan;Apeldoorn;2,0;3,6;2,8;2,8;1,4;1,7
SAN;NL:Q:40551032;Chopinlaan;Apeldoorn;3,7;2,1;2,2;2,9;1,3;1,8
SAN;NL:Q:40551033;Laan van Westenenk;Apeldoorn;0,7;2,0;0,4;0,6;0,5;0,5
SAN;NL:Q:40551081;Welgelegenbrug;Apeldoorn;0,0;0,1;0,0;0,0;0,0;0,0
SAN;NL:Q:40551082;Welgelegenbrug;Apeldoorn;0,6;0,0;0,0;0,0;0,0;0,0
SAN;NL:Q:40551084;Station;Apeldoorn;32,9;7,2;30,1;9,8;20,6;6,3
SAN;NL:Q:40551093;Glazeniershorst;Apeldoorn;0,0;0,1;0,0;0,0;0,0;0,0
SAN;NL:Q:40551094;Glazeniershorst;Apeldoorn;1,5;0,0;0,0;0,0;0,0;0,0
SAN;NL:Q:40551097;Laan van Erica;Apeldoorn;0,8;0,0;0,0;0,0;0,0;0,0
SAN;NL:Q:40551110;Hoofdstraat;Apeldoorn;28,6;0,7;47,9;0,8;25,3;0,5
SAN;NL:Q:40551177;Imkersdreef;Apeldoorn;0,0;0,0;0,0;0,0;0,0;0,0
SAN;NL:Q:40551178;Imkersdreef;Apeldoorn;0,0;0,0;0,0;0,0;0,0;0,0
SAN;NL:Q:40551219;Christiaan Geurtsweg;Apeldoorn;0,0;0,0;0,0;0,0;0,0;0,0
SAN;NL:Q:40551226;Jean Monnetpark;Apeldoorn;0,0;0,0;0,0;0,0;0,0;0,0
SAN;NL:Q:40551253;Kooikersdreef;Apeldoorn;0,0;0,0;0,0;0,0;0,0;0,0
SAN;NL:Q:40612163;Station Ede-Wageningen;Ede;0,0;0,0;0,0;0,0;0,0;0,0
SAN;NL:Q:40622120;Driesprong;Ede;0,0;0,0;0,0;0,0;0,0;0,0
SAN;NL:Q:40760010;Valkseweg;Barneveld;0,0;0,0;0,0;0,0;0,0;0,0
SAN;NL:Q:40765014;Station Barneveld Centrum;Barneveld;0,0;0,0;0,0;0,0;0,0;0,0
SAN;NL:Q:40805120;Stat. Centrum/Plein;Veenendaal;0,0;0,0;0,0;0,0;0,0;0,0
SAN;NL:Q:41110030;Grevenveld;Huissen;20,3;90,8;12,4;77,7;8,3;53,6
SAN;NL:Q:41110040;Grevenveld;Huissen;83,7;15,5;73,8;10,6;46,4;7,0
SAN;NL:Q:41110050;Nielant;Huissen;71,0;162,1;37,4;127,0;23,7;90,9
SAN;NL:Q:41110060;Nielant;Huissen;155,8;63,5;134,5;33,2;84,5;22,1
SAN;NL:Q:41110070;Heirweg;Huissen;26,4;70,8;13,7;60,1;9,8;40,9
SAN;NL:Q:41110080;Heirweg;Huissen;62,5;21,2;55,8;11,5;32,9;8,7
SAN;NL:Q:41110090;Bredestraat;Huissen;30,1;79,1;19,7;59,7;14,5;42,7
SAN;NL:Q:41110100;Bredestraat;Huissen;99,1;29,3;78,3;17,5;46,1;14,6
SAN;NL:Q:41110110;Langekerkstraat;Huissen;44,8;75,5;35,0;70,0;19,3;45,9
SAN;NL:Q:41110120;Langekerkstraat;Huissen;63,6;32,3;69,6;25,3;39,2;14,3
SAN;NL:Q:41110150;Stadswal;Huissen;53,2;77,9;31,8;49,2;17,7;30,7
SAN;NL:Q:41110160;Stadswal;Huissen;75,8;58,9;52,6;31,1;32,2;18,3
SAN;NL:Q:41110170;Binnenveld;Huissen;3,0;4,1;1,4;2,5;1,0;2,0
SAN;NL:Q:41110180;Binnenveld;Huissen;3,7;2,7;2,2;0,7;1,1;0,4
SAN;NL:Q:41110210;Valom;Huissen;1,3;13,3;0,8;10,2;0,7;5,9
SAN;NL:Q:41110220;Valom;Huissen;8,1;2,3;5,5;1,6;2,3;1,0
SAN;NL:Q:41110230;Florapark;Huissen;34,6;28,3;16,3;22,3;9,4;14,8
SAN;NL:Q:41110240;Florapark;Huissen;37,6;36,4;29,6;16,0;18,4;10,6
SAN;NL:Q:41110250;Nieuwediep;Huissen;6,3;9,5;4,7;7,1;2,5;4,8
SAN;NL:Q:41110260;Nieuwediep;Huissen;10,2;5,8;8,3;4,4;4,8;2,5
SAN;NL:Q:41110300;Agropark;Huissen;43,3;37,2;14,2;13,4;8,2;8,8
SAN;NL:Q:41110310;Bergerden;Huissen;16,1;15,9;0,0;0,0;0,0;0,0
SAN;NL:Q:41110330;Polseweg;Huissen;0,0;1,7;0,0;1,3;0,1;0,6
SAN;NL:Q:41110340;Polseweg;Huissen;2,4;1,6;1,7;0,8;0,9;0,5
SAN;NL:Q:41110360;Geldersch Oord;Angeren;1,8;0,3;1,4;0,2;0,6;0,1
SAN;NL:Q:41110370;Hedera;Huissen;0,0;1,2;0,0;0,0;0,0;0,0
SAN;NL:Q:41110380;Hedera;Huissen;0,5;0,0;0,0;0,0;0,0;0,0
SAN;NL:Q:41110390;Mea Vota;Huissen;50,3;51,9;27,8;44,2;15,6;30,2
SAN;NL:Q:41110400;Mea Vota;Huissen;49,8;42,6;44,8;20,7;23,8;14,3
SAN;NL:Q:41150010;Dorpstraat/Hamersetraat;Westervoort;1,2;0,3;0,0;0,0;0,0;0,0
SAN;NL:Q:41150050;Het Ambacht;Westervoort;3,2;1,8;1,4;1,3;0,9;0,7
SAN;NL:Q:41150070;Leigraaf;Westervoort;20,6;3,5;16,8;3,7;9,9;0,5
SAN;NL:Q:41150080;Leigraaf;Westervoort;4,0;15,2;4,5;9,8;0,3;6,7
SAN;NL:Q:41150110;Sonnedach;Westervoort;61,0;6,3;55,0;4,5;33,3;1,6
SAN;NL:Q:41150120;Sonnedach;Westervoort;7,7;68,4;5,0;57,1;2,3;41,9
SAN;NL:Q:41150130;Sporthal de Pals;Westervoort;11,5;3,2;14,2;1,1;7,0;0,6
SAN;NL:Q:41150140;Sporthal de Pals;Westervoort;2,9;14,7;1,2;15,1;1,0;8,4
SAN;NL:Q:41150150;Vredenburg;Westervoort;16,2;3,6;15,3;1,7;9,1;1,0
SAN;NL:Q:41150160;Vredenburg;Westervoort;3,2;18,4;1,6;21,8;1,3;10,7
SAN;NL:Q:41151010;Lange Maat;Westervoort;9,0;1,7;6,5;0,9;3,5;0,3
SAN;NL:Q:41151020;Lange Maat;Westervoort;2,3;7,9;1,2;8,3;0,5;5,3
SAN;NL:Q:41151030;Ganzenpoel;Westervoort;47,0;6,9;47,2;4,5;25,4;2,1
SAN;NL:Q:41151040;Ganzenpoel;Westervoort;8,1;42,4;4,9;37,8;2,6;22,9
SAN;NL:Q:41151050;Nieuwhof;Westervoort;59,8;6,8;49,4;2,4;29,8;1,8
SAN;NL:Q:41151060;Nieuwhof;Westervoort;6,9;64,4;2,9;48,8;1,9;31,1
SAN;NL:Q:41151070;Santacker;Westervoort;55,9;4,7;45,2;4,8;29,9;1,8
SAN;NL:Q:41151080;Santacker;Westervoort;6,4;52,7;6,0;45,8;2,1;30,3
SAN;NL:Q:41151090;Emmerik;Westervoort;38,5;2,6;31,6;2,1;16,8;0,7
SAN;NL:Q:41151100;Emmerik;Westervoort;2,9;35,4;2,3;29,9;0,7;18,5
SAN;NL:Q:41151190;Westervoort;Westervoort;207,6;55,6;0,0;0,0;0,0;0,0
SAN;NL:Q:41151200;Westervoort;Westervoort;50,7;173,3;0,0;0,0;0,0;0,0
SAN;NL:Q:41151210;Station Westervoort;Westervoort;50,0;107,0;32,5;91,3;17,2;43,4
SAN;NL:Q:41151220;Station Westervoort;Westervoort;194,9;142,8;81,8;32,7;39,6;12,4
SAN;NL:Q:41152090;Heilweg;Westervoort;19,9;2,6;13,1;0,8;6,8;0,8
SAN;NL:Q:41200040;Platinaweg;Elst;1,0;17,0;0,0;0,0;0,0;0,0
SAN;NL:Q:41200050;Platinaweg;Elst;8,7;1,3;0,0;0,0;0,0;0,0
SAN;NL:Q:41200070;Grote Molenstraat;Elst;2,0;6,1;1,0;6,5;0,8;3,1
SAN;NL:Q:41200080;Grote Molenstraat;Elst;5,8;3,0;5,0;2,0;3,1;0,7
SAN;NL:Q:41200090;Brahmsstraat;Elst;6,1;5,7;5,2;4,7;2,5;2,9
SAN;NL:Q:41200100;Brahmsstraat;Elst;6,7;6,0;6,4;4,9;3,1;2,0
SAN;NL:Q:41200110;W. de Zwijgerstraat;Elst;5,8;11,1;3,8;6,3;2,7;3,5
SAN;NL:Q:41200120;W. de Zwijgerstraat;Elst;12,3;5,6;6,0;3,2;4,0;1,8
SAN;NL:Q:41200130;Prinsenhof;Elst;13,8;19,9;10,9;16,4;6,3;9,9
SAN;NL:Q:41200140;Prinsenhof;Elst;22,7;11,7;17,2;7,7;10,3;5,3
SAN;NL:Q:41200150;Kerkeakkers;Elst;15,4;18,9;11,7;14,6;4,5;8,4
SAN;NL:Q:41200160;Kerkeakkers;Elst;18,5;15,3;14,2;11,1;7,0;4,5
SAN;NL:Q:41200170;Zwartenhof;Elst;3,5;1,3;2,3;1,8;1,2;0,5
SAN;NL:Q:41200180;Zwartenhof;Elst;1,1;3,6;1,6;2,8;0,7;1,3
SAN;NL:Q:41200190;Lange Dreef/Willemsstr.;Elst;12,4;6,7;7,8;2,3;3,3;1,2
SAN;NL:Q:41200200;Lange Dreef/Willemsstr.;Elst;8,9;15,2;2,9;9,3;0,6;4,0
SAN;NL:Q:41200210;de Griend;Elst;26,0;20,6;19,4;11,3;17,4;9,4
SAN;NL:Q:41200220;de Griend;Elst;18,7;26,0;10,9;19,8;6,7;18,3
SAN;NL:Q:41200230;Sportpark de Pas;Elst;1,2;0,4;0,9;0,8;0,5;0,1
SAN;NL:Q:41200240;Sportpark de Pas;Elst;0,4;3,0;0,7;3,2;0,3;1,4
SAN;NL:Q:41200250;de Vork;Elst;0,8;0,3;0,8;0,1;0,2;0,0
SAN;NL:Q:41200260;de Vork;Elst;0,2;0,6;0,1;0,4;0,1;0,3
SAN;NL:Q:41200270;Sint Maartenstraat;Elst;3,1;0,1;0,0;0,0;0,0;0,0
SAN;NL:Q:41200280;Sint Maartenstraat;Elst;0,0;5,2;0,0;0,0;0,0;0,0
SAN;NL:Q:41200290;Europaplein;Elst;4,6;1,6;0,0;0,0;0,0;0,0
SAN;NL:Q:41200310;Kleipeer;Elst;9,8;1,2;0,0;0,0;0,0;0,0
SAN;NL:Q:41200320;Kleipeer;Elst;1,4;8,5;0,0;0,0;0,0;0,0
SAN;NL:Q:41200330;Vergert;Elst;3,9;2,3;0,0;0,0;0,0;0,0
SAN;NL:Q:41200340;Vergert;Elst;2,3;3,7;0,0;0,0;0,0;0,0
SAN;NL:Q:41200350;Dorpsstraat;Elst;22,0;38,4;17,1;20,7;10,3;17,2
SAN;NL:Q:41200360;Dorpsstraat;Elst;31,2;29,2;18,1;19,7;13,9;14,2
SAN;NL:Q:41200370;Bemmelseweg;Elst;8,2;1,0;0,0;0,0;0,0;0,0
SAN;NL:Q:41200380;Bemmelseweg;Elst;0,5;12,5;0,0;0,0;0,0;0,0
SAN;NL:Q:41200510;Griegstraat;Elst;2,1;6,9;1,3;6,1;0,7;2,4
SAN;NL:Q:41200520;Griegstraat;Elst;3,9;2,4;3,1;1,7;1,7;1,0
SAN;NL:Q:41200530;De Wuurde;Elst;22,5;25,1;13,6;18,5;8,1;11,4
SAN;NL:Q:41200540;De Wuurde;Elst;28,6;20,6;22,2;13,2;12,1;6,9
SAN;NL:Q:41200600;Sneeuwjacht;Elst;10,5;21,6;8,8;16,6;5,3;11,7
SAN;NL:Q:41200610;Sneeuwjacht;Elst;18,6;8,6;14,8;6,4;10,8;3,9
SAN;NL:Q:41200620;Morgenster;Elst;16,3;29,3;13,6;16,4;10,1;12,7
SAN;NL:Q:41200630;Morgenster;Elst;33,2;17,5;17,6;15,5;12,2;10,6
SAN;NL:Q:41200720;Station Elst;Elst;106,9;128,9;24,9;23,2;16,3;15,6
SAN;NL:Q:41200730;Station Elst;Elst;127,5;78,3;21,1;25,1;15,9;17,8
SAN;NL:Q:41200760;Poli Rijnstate Elst;Elst;7,7;57,1;2,8;12,1;1,7;7,3
SAN;NL:Q:41200770;Poli Rijnstate Elst;Elst;45,0;11,4;5,6;4,9;3,3;2,8
SAN;NL:Q:41210010;Agropark;Huissen;36,2;47,8;14,8;14,5;9,1;10,0
SAN;NL:Q:41210070;Oostervelden;Bemmel;10,1;9,3;1,9;1,5;0,8;1,1
SAN;NL:Q:41210080;Oostervelden;Bemmel;2,1;4,1;0,9;2,5;0,7;1,9
SAN;NL:Q:41210090;Klappenburgstraat;Bemmel;11,4;3,6;7,7;1,3;3,8;0,8
SAN;NL:Q:41210100;Klappenburgstraat;Bemmel;1,8;10,9;1,1;10,0;0,8;3,8
SAN;NL:Q:41210110;Sportlaan;Bemmel;21,9;8,2;12,1;1,9;4,4;1,1
SAN;NL:Q:41210120;Sportlaan;Bemmel;6,0;16,3;1,6;12,5;1,0;4,7
SAN;NL:Q:41210130;Gemeentehuis;Bemmel;15,5;15,2;7,4;6,2;4,3;2,6
SAN;NL:Q:41210140;Gemeentehuis;Bemmel;13,3;15,4;4,7;12,2;2,8;6,0
SAN;NL:Q:41210150;Molenwei;Bemmel;5,8;1,7;3,9;0,6;2,2;0,4
SAN;NL:Q:41210160;Molenwei;Bemmel;1,8;6,4;0,7;4,5;0,7;2,5
SAN;NL:Q:41210170;Vossenhol;Bemmel;6,3;1,6;5,0;1,4;2,3;0,7
SAN;NL:Q:41210180;Vossenhol;Bemmel;1,6;9,6;1,3;7,7;0,8;5,0
SAN;NL:Q:41210200;de Pas;Bemmel;0,1;1,5;0,2;1,2;0,0;0,8
SAN;NL:Q:41210210;De Rosmolen;Bemmel;0,1;6,6;0,0;0,0;0,0;0,0
SAN;NL:Q:41210220;De Rosmolen;Bemmel;6,2;0,1;0,0;0,0;0,0;0,0
SAN;NL:Q:41210230;Loostraat;Bemmel;64,1;49,1;49,2;33,4;32,9;24,6
SAN;NL:Q:41210240;Loostraat;Bemmel;56,0;65,3;34,8;44,3;23,1;32,7
SAN;NL:Q:41210270;Dorpsstraat;Bemmel;44,2;43,2;28,2;31,9;18,9;23,6
SAN;NL:Q:41210290;Dorpsstraat;Bemmel;51,3;52,6;31,4;24,2;20,0;20,4
SAN;NL:Q:41210490;De Essenpas;Haalderen;2,8;4,5;1,1;1,8;0,5;0,8
SAN;NL:Q:41210510;Papenstraat;Bemmel;100,0;107,2;47,0;53,1;32,9;32,8
SAN;NL:Q:41210520;Papenstraat;Bemmel;111,9;95,6;53,5;40,2;30,2;33,5
SAN;NL:Q:41210590;De Plak;Bemmel;0,1;5,1;0,0;0,0;0,0;0,0
SAN;NL:Q:41210650;Klein Rome;Bemmel;44,4;11,6;30,3;10,6;20,3;5,4
SAN;NL:Q:41210660;Klein Rome;Bemmel;11,0;42,8;8,8;27,1;5,6;22,1
SAN;NL:Q:41210680;Kerkenhofstraat;Ressen;1,7;5,1;1,6;6,0;0,8;3,8
SAN;NL:Q:41210690;Parksingel;Bemmel;51,1;17,0;33,8;14,3;22,0;8,8
SAN;NL:Q:41210700;Parksingel;Bemmel;19,2;51,9;14,6;30,1;8,9;22,5
SAN;NL:Q:41219180;Vossenhol;Bemmel;0,0;0,0;0,0;0,0;0,0;0,0
SAN;NL:Q:41220010;Avegoor;Ellecom;4,7;3,2;4,7;2,5;3,1;1,8
SAN;NL:Q:41220030;Oprijlaan Middachten;De Steeg;0,4;1,1;0,0;0,8;0,3;0,8
SAN;NL:Q:41220040;Oprijlaan Middachten;De Steeg;0,4;0,4;0,4;0,3;0,3;0,6
SAN;NL:Q:41220050;Smidsallee;De Steeg;1,1;1,6;0,6;0,7;1,2;1,0
SAN;NL:Q:41220060;Smidsallee;De Steeg;1,9;1,1;1,3;0,6;1,0;0,8
SAN;NL:Q:41220070;Brantsenpark;De Steeg;19,7;8,3;11,3;4,8;8,6;2,6
SAN;NL:Q:41220080;Brantsenpark;De Steeg;9,1;19,0;4,8;10,9;3,1;9,1
SAN;NL:Q:41220090;Viaduct;De Steeg;2,3;1,6;0,7;0,5;0,5;0,2
SAN;NL:Q:41220100;Viaduct;De Steeg;1,2;2,5;0,2;1,2;0,1;1,0
SAN;NL:Q:41220110;Rozenbos;Rheden;3,4;1,7;1,4;0,4;1,1;0,2
SAN;NL:Q:41220120;Rozenbos;Rheden;1,5;3,7;0,6;1,6;0,2;0,9
SAN;NL:Q:41220130;Pinkelseweg;Rheden;1,5;1,8;0,6;0,5;0,6;0,5
SAN;NL:Q:41220140;Pinkelseweg;Rheden;1,1;2,4;0,3;0,7;0,3;0,6
SAN;NL:Q:41220150;Groenestraat;Rheden;16,3;12,5;10,0;6,1;10,6;4,8
SAN;NL:Q:41220160;Groenestraat;Rheden;10,7;15,3;5,5;11,6;4,4;13,1
SAN;NL:Q:41220170;Holtbankseweg;Rheden;5,0;4,0;2,2;0,9;2,3;0,9
SAN;NL:Q:41220180;Holtbankseweg;Rheden;2,2;9,1;0,8;4,6;0,6;4,6
SAN;NL:Q:41220190;Rhederhof;Rheden;15,5;4,0;8,3;1,5;7,4;1,0
SAN;NL:Q:41220200;Rhederhof;Rheden;3,6;17,8;1,4;9,9;1,2;9,0
SAN;NL:Q:41220220;Hotel De Roskam;Rheden;19,8;32,3;5,0;22,7;3,4;15,5
SAN;NL:Q:41220550;Dorpskerk;Rheden;3,9;0,8;0,0;0,0;0,0;0,0
SAN;NL:Q:41220560;Dorpskerk;Rheden;0,6;3,8;0,0;0,0;0,0;0,0
SAN;NL:Q:41220570;Oranjeweg;Rheden;5,5;0,9;0,0;0,0;0,0;0,0
SAN;NL:Q:41220580;Oranjeweg;Rheden;0,5;5,2;0,0;0,0;0,0;0,0
SAN;NL:Q:41220590;v. Heerdtplein;Rheden;5,8;0,5;0,0;0,0;0,0;0,0
SAN;NL:Q:41220600;v. Heerdtplein;Rheden;0,7;5,2;0,0;0,0;0,0;0,0
SAN;NL:Q:41220650;Overweg;Rheden;0,3;1,8;0,0;0,0;0,0;0,0
SAN;NL:Q:41220660;Overweg;Rheden;1,2;0,4;0,0;0,0;0,0;0,0
SAN;NL:Q:41229550;A348;Rheden;3,6;1,1;0,0;0,0;0,0;0,0
SAN;NL:Q:41229560;A348;Rheden;0,9;3,2;0,0;0,0;0,0;0,0
SAN;NL:Q:41230010;Groenestraat;Giesbeek;10,2;1,4;2,4;0,5;2,8;0,8
SAN;NL:Q:41230030;Kerkstraat;Lathum;10,6;1,5;3,8;0,9;5,7;1,4
SAN;NL:Q:41230040;Kerkstraat;Lathum;1,3;9,6;0,2;3,0;0,8;4,8
SAN;NL:Q:41230050;Rijderbosweg;Lathum;1,0;0,3;0,1;0,1;0,2;0,0
SAN;NL:Q:41230060;Rijderbosweg;Lathum;0,3;1,6;0,0;0,2;0,1;0,3
SAN;NL:Q:41230080;Aansluiting A12;Duiven;4,8;32,5;1,3;13,6;2,3;23,5
SAN;NL:Q:41250010;Helhoek;Duiven;0,0;0,1;0,0;0,0;0,0;0,0
SAN;NL:Q:41250030;De Plak;Duiven;0,1;0,1;0,2;0,0;0,0;0,0
SAN;NL:Q:41250040;De Plak;Duiven;0,0;0,1;0,0;0,2;0,0;0,0
SAN;NL:Q:41250050;Vergertlaan;Duiven;19,9;2,0;11,1;1,5;6,8;0,8
SAN;NL:Q:41250060;Vergertlaan;Duiven;1,9;18,3;0,9;11,3;0,6;6,9
SAN;NL:Q:41250090;Dorp;Duiven;23,6;7,8;25,3;5,1;13,3;1,1
SAN;NL:Q:41250100;Dorp;Duiven;8,0;25,3;5,5;23,3;1,1;15,3
SAN;NL:Q:41250110;Thuvine;Duiven;6,4;1,4;5,4;0,6;3,9;0,0
SAN;NL:Q:41250120;Thuvine;Duiven;1,5;7,3;0,4;6,5;0,0;4,0
SAN;NL:Q:41250130;Van Goyenstraat;Duiven;13,4;3,5;18,5;2,7;11,3;0,3
SAN;NL:Q:41250140;Van Goyenstraat;Duiven;3,9;12,6;2,8;17,3;0,4;12,2
SAN;NL:Q:41250150;Maststraat;Duiven;3,6;3,6;12,1;2,5;4,9;1,0
SAN;NL:Q:41250160;Maststraat;Duiven;0,0;3,9;0,1;11,6;0,0;5,7
SAN;NL:Q:41250180;Het Ambacht;Westervoort;4,4;4,4;2,2;2,8;1,1;0,8
SAN;NL:Q:41250190;Schapenweide;Duiven;6,1;1,5;4,3;1,0;0,0;0,0
SAN;NL:Q:41250200;Schapenweide;Duiven;1,9;4,7;1,3;3,2;0,0;0,0
SAN;NL:Q:41250210;Marketing;Duiven;9,1;0,1;0,0;0,0;0,0;0,0
SAN;NL:Q:41250220;Marketing;Duiven;0,1;10,4;0,0;0,0;0,0;0,0
SAN;NL:Q:41250230;Duiven;Duiven;85,7;359,2;0,0;0,0;0,0;0,0
SAN;NL:Q:41250240;Duiven;Duiven;426,1;83,9;0,0;0,0;0,0;0,0
SAN;NL:Q:41250490;Alliander;Duiven;1,4;30,5;0,0;0,0;0,0;0,0
SAN;NL:Q:41250530;IKEA;Duiven;1,2;26,8;0,0;0,0;0,0;0,0
SAN;NL:Q:41250540;IKEA;Duiven;48,9;2,0;0,0;0,0;0,0;0,0
SAN;NL:Q:41250550;Nieuwgraaf 31;Duiven;0,0;10,3;0,0;0,0;0,0;0,0
SAN;NL:Q:41250560;Nieuwgraaf 31;Duiven;9,3;0,1;0,0;0,0;0,0;0,0
SAN;NL:Q:41250630;Typograaf;Duiven;0,3;24,1;0,0;0,0;0,0;0,0
SAN;NL:Q:41250640;Typograaf;Duiven;22,6;0,2;0,0;0,0;0,0;0,0
SAN;NL:Q:41251110;Station Duiven;Duiven;24,5;7,4;15,9;2,3;11,0;1,0
SAN;NL:Q:41251120;Station Duiven;Duiven;4,5;22,5;1,0;15,4;1,0;10,4
SAN;NL:Q:41251130;Bellefleur;Duiven;0,1;2,8;0,1;1,1;0,0;0,9
SAN;NL:Q:41251135;Bellefleur;Duiven;1,8;0,1;0,6;0,0;0,7;0,0
SAN;NL:Q:41251370;Centerpoort Noord;Duiven;9,1;11,5;0,0;0,0;0,0;0,0
SAN;NL:Q:41252010;Talingstraat;Duiven;0,1;9,4;0,1;4,8;0,0;2,6
SAN;NL:Q:41252020;Talingstraat;Duiven;10,1;0,1;4,8;0,1;2,3;0,0
SAN;NL:Q:41252070;Grasklokje;Duiven;1,4;0,1;0,5;0,0;0,4;0,0
SAN;NL:Q:41252080;Grasklokje;Duiven;0,1;1,8;0,0;1,2;0,0;0,7
SAN;NL:Q:41252090;Eilandplein;Duiven;12,6;0,9;11,0;0,4;4,4;0,1
SAN;NL:Q:41252100;Eilandplein;Duiven;0,6;11,7;0,2;9,1;0,2;5,2
SAN;NL:Q:41252110;Schiermonnikoogstraat;Duiven;4,8;0,3;3,2;0,1;1,7;0,2
SAN;NL:Q:41252120;Schiermonnikoogstraat;Duiven;0,5;8,8;0,1;5,7;0,3;3,2
SAN;NL:Q:41252130;Klavierstraat;Duiven;14,2;2,0;12,0;0,7;6,3;0,6
SAN;NL:Q:41252140;Klavierstraat;Duiven;1,5;12,1;0,4;10,6;0,2;5,8
SAN;NL:Q:41252150;Opaal;Duiven;15,9;1,8;13,0;0,6;6,1;0,5
SAN;NL:Q:41252160;Opaal;Duiven;2,4;16,0;0,6;12,1;0,5;6,1
SAN;NL:Q:41252170;Engelstraat;Duiven;0,6;0,1;0,3;0,0;0,2;0,1
SAN;NL:Q:41252180;Engelstraat;Duiven;0,0;1,7;0,0;1,0;0,0;0,8
SAN;NL:Q:41252200;Heilweg;Westervoort;2,5;17,1;0,7;10,4;0,9;5,6
SAN;NL:Q:41260010;Geldersch Oord;Angeren;0,4;1,9;0,2;1,3;0,3;0,7
SAN;NL:Q:41260030;Kamervoort;Angeren;3,7;20,4;2,2;14,7;1,4;9,6
SAN;NL:Q:41260040;Kamervoort;Angeren;15,2;2,5;9,9;1,8;6,4;1,0
SAN;NL:Q:41260060;Julianastraat;Angeren;19,7;5,4;15,5;3,2;8,2;1,6
SAN;NL:Q:41260070;Molenstraat;Angeren;11,8;23,6;9,2;18,3;5,2;10,8
SAN;NL:Q:41260080;Molenstraat;Angeren;12,5;6,3;9,5;5,0;5,0;3,4
SAN;NL:Q:41260090;Sterrenberg;Angeren;1,3;2,3;0,1;1,0;0,1;1,3
SAN;NL:Q:41260100;Sterrenberg;Angeren;2,3;1,8;1,2;0,2;1,2;0,2
SAN;NL:Q:41260110;Boerenhoek;Angeren;0,7;1,4;0,7;1,1;0,2;0,9
SAN;NL:Q:41260120;Boerenhoek;Angeren;1,5;0,6;1,1;0,4;0,7;0,2
SAN;NL:Q:41260130;Stenen Palen;Doornenburg;0,8;2,3;0,4;1,9;0,5;2,2
SAN;NL:Q:41260140;Stenen Palen;Doornenburg;2,7;1,0;2,1;0,3;2,3;0,2
SAN;NL:Q:41260150;de Linge;Doornenburg;0,0;0,4;0,2;0,3;0,0;0,1
SAN;NL:Q:41260160;de Linge;Doornenburg;0,1;0,0;0,1;0,1;0,2;0,0
SAN;NL:Q:41260170;Krakkedel;Doornenburg;1,0;3,1;0,8;1,7;0,5;1,4
SAN;NL:Q:41260180;Krakkedel;Doornenburg;3,0;1,1;1,8;0,8;1,2;0,6
SAN;NL:Q:41260190;de Woerd;Doornenburg;1,2;2,6;0,9;2,7;0,6;1,5
SAN;NL:Q:41260200;de Woerd;Doornenburg;1,2;0,6;1,7;0,3;1,0;0,1
SAN;NL:Q:41260210;Rijnstraat;Doornenburg;10,8;8,4;3,6;6,3;1,4;4,7
SAN;NL:Q:41260220;Rijnstraat;Doornenburg;10,6;11,2;6,8;3,7;5,8;1,8
SAN;NL:Q:41260230;van Kol;Doornenburg;29,5;22,1;18,0;18,9;9,7;11,0
SAN;NL:Q:41260240;van Kol;Doornenburg;22,6;26,5;17,5;12,6;11,3;8,5
SAN;NL:Q:41260250;Blauwe Hoek;Doornenburg;3,4;2,8;1,8;2,5;0,9;1,7
SAN;NL:Q:41260260;Blauwe Hoek;Doornenburg;2,5;3,7;2,2;1,6;1,4;1,1
SAN;NL:Q:41260280;Molenstraat;Gendt;6,1;4,6;5,0;2,7;3,6;1,5
SAN;NL:Q:41320111;Station Dieren;Dieren;75,3;21,1;24,8;15,6;16,7;7,9
SAN;NL:Q:41320112;Station Dieren;Dieren;100,1;53,4;43,3;20,2;32,8;16,1
SAN;NL:Q:41320114;Station Dieren;Dieren;134,4;13,9;76,6;6,3;51,0;3,1
SAN;NL:Q:41320130;Doesburgse Dijk;Dieren;13,7;0,1;1,7;0,1;1,5;0,1
SAN;NL:Q:41320140;Doesburgse Dijk;Dieren;1,0;23,9;1,0;2,0;0,7;1,2
SAN;NL:Q:41320150;Hofstetten;Ellecom;0,0;1,6;0,0;1,4;0,1;0,7
SAN;NL:Q:41320160;Hofstetten;Ellecom;1,7;0,9;1,2;0,4;0,6;0,6
SAN;NL:Q:41320170;Dorp;Ellecom;13,3;7,5;6,2;4,0;5,7;3,4
SAN;NL:Q:41320180;Dorp;Ellecom;9,1;11,5;5,3;6,4;4,2;5,9
SAN;NL:Q:41320200;Avegoor;Ellecom;2,8;5,7;2,0;4,8;2,0;3,8
SAN;NL:Q:41320510;Langebrug;Doesburg;0,1;0,0;0,1;0,0;0,0;0,1
SAN;NL:Q:41320520;Langebrug;Doesburg;0,0;0,1;0,0;0,2;0,1;0,1
SAN;NL:Q:41321110;Station Dieren;Dieren;7,9;116,8;5,7;75,9;3,3;49,9
SAN;NL:Q:41321220;Vogelplantsoen;Dieren;0,3;0,5;0,3;0,3;0,0;0,0
SAN;NL:Q:41321280;Sparrenhof;Dieren;2,4;1,4;0,4;0,2;0,0;0,0
SAN;NL:Q:41321300;Imboslaan Industrielaan;Dieren;0,6;0,0;0,0;0,0;0,0;0,0
SAN;NL:Q:41321320;Fazantlaan;Dieren;0,1;0,1;0,0;0,0;0,0;0,0
SAN;NL:Q:41321330;Fazantlaan;Dieren;0,0;0,5;0,0;0,2;0,0;0,0
SAN;NL:Q:41321410;Julius Rontgenlaan;Dieren;0,4;0,5;0,1;0,3;0,0;0,0
SAN;NL:Q:41321470;Gelders Hof;Dieren;0,1;0,0;0,1;0,0;0,0;0,0
SAN;NL:Q:41321500;Tellegenlaan;Dieren;0,6;2,1;0,3;0,5;0,0;0,0
SAN;NL:Q:41321510;Tellegenlaan;Dieren;0,7;1,7;0,1;1,0;0,0;0,0
SAN;NL:Q:41321520;Lindelaan;Dieren;0,0;0,6;0,0;0,0;0,0;0,0
SAN;NL:Q:41321530;Lindelaan;Dieren;0,4;0,1;0,2;0,0;0,0;0,0
SAN;NL:Q:41321540;Spankerenseweg;Dieren;0,1;0,1;0,0;0,1;0,0;0,0
SAN;NL:Q:41321550;Spankerenseweg;Dieren;0,1;0,0;0,0;0,0;0,0;0,0
SAN;NL:Q:41321560;Kanaaldijk;Spankeren;0,1;0,9;0,0;0,1;0,0;0,0
SAN;NL:Q:41321570;Kanaaldijk;Spankeren;0,6;0,0;0,1;0,0;0,0;0,0
SAN;NL:Q:41321580;Dorpsweg;Spankeren;0,1;0,3;0,0;0,1;0,0;0,0
SAN;NL:Q:41321600;Kerkweg;Spankeren;0,9;0,7;0,3;0,3;0,0;0,0
SAN;NL:Q:41321620;Loohof;Spankeren;0,5;0,2;0,0;0,0;0,0;0,0
SAN;NL:Q:41321630;Treubstraat;Dieren;0,0;0,1;0,0;0,1;0,0;0,0
SAN;NL:Q:41321660;E. van Beinumlaan;Dieren;0,1;0,1;0,2;0,0;0,0;0,0
SAN;NL:Q:41321720;Imboslaan Industrielaan;Dieren;0,2;1,1;0,0;0,1;0,0;0,0
SAN;NL:Q:41321730;Abelenlaan;Dieren;1,2;1,3;1,3;1,1;0,0;0,0
SAN;NL:Q:41321740;Larixhof;Dieren;0,7;0,5;0,5;0,2;0,0;0,0
SAN;NL:Q:41321760;Olmenhof;Dieren;1,4;0,9;0,3;0,2;0,0;0,0
SAN;NL:Q:41321830;Zilverakkerweg;Dieren;0,1;0,1;0,0;0,0;0,0;0,0
SAN;NL:Q:41321860;Willem de Feschlaan;Dieren;0,1;0,2;0,1;0,1;0,0;0,0
SAN;NL:Q:41321870;Admiraal Helfrichlaan;Dieren;0,4;0,1;0,1;0,1;0,0;0,0
SAN;NL:Q:41321880;Valeriuslaan;Dieren;0,2;0,0;0,2;0,0;0,0;0,0
SAN;NL:Q:41321890;van Limburg Stirumstraat;Dieren;0,0;0,3;0,0;0,1;0,0;0,0
SAN;NL:Q:41321900;van Limburg Stirumstraat;Dieren;0,1;0,1;0,0;0,1;0,0;0,0
SAN;NL:Q:41321910;Industrielaan;Dieren;0,2;1,2;0,0;0,1;0,0;0,0
SAN;NL:Q:41321920;Industrielaan;Dieren;0,6;0,3;0,2;0,1;0,0;0,0
SAN;NL:Q:41321930;Domeinlaan;Dieren;0,1;0,5;0,0;0,3;0,0;0,0
SAN;NL:Q:41321950;Crematorium Domeinlaan;Dieren;0,6;1,1;0,6;0,7;0,0;0,0
SAN;NL:Q:41321970;Beverodelaan;Dieren;0,1;0,7;0,1;0,4;0,0;0,0
SAN;NL:Q:41321980;Hans Brandts Buyslaan;Dieren;0,1;0,0;0,0;0,0;0,0;0,0
SAN;NL:Q:41322000;Bernard Zweerslaan;Dieren;0,0;0,0;0,0;0,0;0,0;0,0
SAN;NL:Q:41327003;Callunaplein;Dieren;19,4;3,2;10,2;3,1;5,1;0,7
SAN;NL:Q:41327004;Callunaplein;Dieren;5,4;35,1;4,9;15,4;0,9;6,8
SAN;NL:Q:41327005;Rode Kruislaan;Dieren;25,4;1,3;6,8;1,3;5,1;0,5
SAN;NL:Q:41327006;Rode Kruislaan;Dieren;1,2;19,6;1,1;6,2;0,3;4,1
SAN;NL:Q:41327007;Geitenbergweg;Dieren;28,6;1,6;8,5;1,2;4,5;0,8
SAN;NL:Q:41327008;Geitenbergweg;Dieren;1,9;30,1;1,6;9,0;1,0;6,9
SAN;NL:Q:41327009;Crematorium;Dieren;10,0;0,3;2,6;0,4;2,1;0,2
SAN;NL:Q:41327010;Crematorium;Dieren;0,4;12,3;0,3;3,7;0,4;3,7
SAN;NL:Q:41327011;Cederlaan;Dieren;14,0;0,5;5,3;0,6;4,9;0,4
SAN;NL:Q:41327012;Cederlaan;Dieren;1,4;18,8;0,5;8,9;0,4;7,5
SAN;NL:Q:41330030;Wielbergen;Angerlo;0,2;0,1;0,0;0,0;0,1;0,0
SAN;NL:Q:41330040;Wielbergen;Angerlo;0,1;1,7;0,0;0,2;0,1;0,8
SAN;NL:Q:41330050;Bingerdenseweg;Angerlo;0,2;0,1;0,0;0,0;0,2;0,1
SAN;NL:Q:41330060;Bingerdenseweg;Angerlo;0,5;0,2;0,1;0,1;0,1;0,2
SAN;NL:Q:41330070;Tutenburgsestraat;Giesbeek;1,7;1,2;0,3;0,1;0,8;0,1
SAN;NL:Q:41330080;Tutenburgsestraat;Giesbeek;0,8;1,3;0,0;0,3;0,0;0,4
SAN;NL:Q:41330090;Zwalmstraat;Giesbeek;47,8;44,1;11,6;7,8;16,7;12,9
SAN;NL:Q:41330120;Groenestraat;Giesbeek;1,3;11,7;0,6;2,3;1,2;3,5
SAN;NL:Q:41330170;Beumerskamp;Doesburg;14,1;9,8;4,1;0,9;4,5;1,2
SAN;NL:Q:41350090;Oranjelaan;Zevenaar;1,1;3,6;0,4;3,4;0,0;0,0
SAN;NL:Q:41350100;Oranjelaan;Zevenaar;1,5;1,4;1,4;0,6;0,0;0,0
SAN;NL:Q:41350113;Station Zevenaar;Zevenaar;28,3;1,3;0,0;0,0;0,0;0,0
SAN;NL:Q:41350114;Station Zevenaar;Zevenaar;45,7;29,7;0,0;0,0;0,0;0,0
SAN;NL:Q:41350115;Station Uitstaphalte;Zevenaar;4,8;52,8;0,9;4,2;0,0;0,0
SAN;NL:Q:41350116;Station Zevenaar;Zevenaar;105,9;113,4;46,0;45,7;0,1;0,0
SAN;NL:Q:41350130;Oude Doesburgseweg;Zevenaar;23,2;10,1;18,0;4,8;0,1;0,0
SAN;NL:Q:41350140;Oude Doesburgseweg;Zevenaar;10,2;21,4;3,9;16,4;0,0;0,0
SAN;NL:Q:41350150;Sportcentrum;Zevenaar;8,1;12,0;6,0;2,5;0,0;0,0
SAN;NL:Q:41350160;Sportcentrum;Zevenaar;10,1;8,7;2,7;5,8;0,0;0,0
SAN;NL:Q:41350170;Zwembad;Zevenaar;3,8;4,7;2,7;2,4;0,0;0,0
SAN;NL:Q:41350180;Zwembad;Zevenaar;8,0;6,1;1,7;4,4;0,0;0,0
SAN;NL:Q:41350190;Ziekenhuis;Zevenaar;17,8;12,2;10,4;8,2;0,0;0,0
SAN;NL:Q:41350200;Ziekenhuis;Zevenaar;23,8;24,8;8,4;9,3;0,0;0,0
SAN;NL:Q:41350210;Rosorum;Zevenaar;10,6;4,1;8,9;2,3;0,0;0,0
SAN;NL:Q:41350220;Rosorum;Zevenaar;4,8;9,9;1,9;7,8;0,0;0,0
SAN;NL:Q:41350240;Helhoek;Duiven;0,1;0,1;0,0;0,0;0,0;0,0
SAN;NL:Q:41350250;Schellekrans;Zevenaar;5,9;1,9;2,5;1,3;0,0;0,0
SAN;NL:Q:41350260;Schellekrans;Zevenaar;2,3;6,4;1,4;3,1;0,0;0,0
SAN;NL:Q:41350270;Ziekenhuis Hoofdingang;Zevenaar;0,3;3,1;0,0;0,0;0,0;0,0
SAN;NL:Q:41350330;Zevenaar;Zevenaar;119,2;402,9;0,0;0,0;0,0;0,0
SAN;NL:Q:41350340;Zevenaar;Zevenaar;525,8;122,3;0,0;0,0;0,0;0,0
SAN;NL:Q:41350510;Ringbaan Oost;Zevenaar;0,3;0,0;0,0;0,0;0,0;0,0
SAN;NL:Q:41350520;Ringbaan Oost;Zevenaar;0,0;0,3;0,0;0,0;0,0;0,0
SAN;NL:Q:41350570;De Bem;Zevenaar;1,7;1,4;0,0;0,0;0,0;0,0
SAN;NL:Q:41350630;Tol;Zevenaar;1,3;2,5;0,0;0,0;0,0;0,0
SAN;NL:Q:41350650;Hengelder;Zevenaar;0,0;0,6;0,0;0,0;0,0;0,0
SAN;NL:Q:41350670;7Poort;Zevenaar;1,3;1,2;0,0;0,0;0,0;0,0
SAN;NL:Q:41351010;Buitenmolen;Zevenaar;0,2;1,2;0,0;0,0;0,0;0,0
SAN;NL:Q:41351020;Buitenmolen;Zevenaar;0,6;0,5;0,0;0,0;0,0;0,0
SAN;NL:Q:41351030;Maatjes;Zevenaar;0,1;0,6;0,0;0,0;0,0;0,0
SAN;NL:Q:41351040;Maatjes;Zevenaar;0,4;0,1;0,0;0,0;0,0;0,0
SAN;NL:Q:41351050;Mozartlaan;Zevenaar;0,1;0,7;0,0;0,0;0,0;0,0
SAN;NL:Q:41351060;Mozartlaan;Zevenaar;0,9;0,0;0,0;0,0;0,0;0,0
SAN;NL:Q:41352100;Didamseweg;Zevenaar;0,2;0,0;0,0;0,0;0,0;0,0
SAN;NL:Q:41352120;Didamseweg;Zevenaar;0,0;0,3;0,0;0,0;0,0;0,0
SAN;NL:Q:41353130;Subenhara;Zevenaar;4,3;9,4;6,3;8,9;0,0;0,0
SAN;NL:Q:41353140;Subenhara;Zevenaar;8,9;5,1;6,5;4,2;0,0;0,0
SAN;NL:Q:41360010;Molenstraat;Gendt;5,1;6,1;3,0;4,5;2,5;3,0
SAN;NL:Q:41360030;Olyhorststraat;Gendt;2,4;2,7;1,2;1,3;1,2;1,5
SAN;NL:Q:41360040;Olyhorststraat;Gendt;2,7;2,3;1,6;1,3;1,0;0,9
SAN;NL:Q:41360050;Kapelstraat;Gendt;12,2;6,0;6,0;6,7;2,9;4,3
SAN;NL:Q:41360060;Kapelstraat;Gendt;6,5;5,9;6,3;2,8;4,0;1,6
SAN;NL:Q:41360070;Julianaplein;Gendt;36,8;28,9;22,7;18,6;11,8;10,8
SAN;NL:Q:41360080;Julianaplein;Gendt;34,0;35,5;20,4;17,4;13,9;8,8
SAN;NL:Q:41360090;Markt;Gendt;5,8;6,9;4,1;2,0;2,2;3,6
SAN;NL:Q:41360100;Markt;Gendt;6,3;8,3;2,2;4,5;2,2;2,0
SAN;NL:Q:41360110;Baron van Gendtlaan;Gendt;17,4;6,5;10,6;4,5;8,3;2,7
SAN;NL:Q:41360120;Baron van Gendtlaan;Gendt;7,0;12,8;4,2;6,5;2,9;4,6
SAN;NL:Q:41360130;Kommerdijk;Gendt;0,1;2,9;0,1;2,2;0,1;1,0
SAN;NL:Q:41360140;Kommerdijk;Gendt;3,1;6,6;2,4;4,0;1,1;3,3
SAN;NL:Q:41360150;Kruisstraat;Gendt;10,2;4,6;9,4;4,2;4,2;2,5
SAN;NL:Q:41360160;Kruisstraat;Gendt;4,8;10,9;3,3;8,5;2,2;4,0
SAN;NL:Q:41360170;Industrieterrein;Gendt;5,1;4,7;4,4;3,7;1,6;1,4
SAN;NL:Q:41360180;Industrieterrein;Gendt;4,6;4,7;3,5;2,4;2,2;1,3
SAN;NL:Q:41360190;Groenestraat;Haalderen;2,8;1,1;1,3;0,6;0,8;0,4
SAN;NL:Q:41360200;Groenestraat;Haalderen;0,7;2,6;0,4;0,8;0,4;0,7
SAN;NL:Q:41360230;Kerk;Haalderen;17,7;6,0;11,2;3,9;5,9;2,6
SAN;NL:Q:41360240;Kerk;Haalderen;5,6;14,7;4,7;8,2;3,2;5,4
SAN;NL:Q:41360250;Lage Zandsestraat;Haalderen;9,0;2,4;7,9;1,9;4,3;1,3
SAN;NL:Q:41360260;Lage Zandsestraat;Haalderen;2,2;9,3;1,4;7,1;0,9;4,1
SAN;NL:Q:41360280;De Essenpas;Haalderen;4,7;3,0;1,1;1,6;0,6;1,1
SAN;NL:Q:41360510;Dwarsakker;Gendt;27,1;27,0;13,7;16,5;7,4;10,1
SAN;NL:Q:41360520;Dwarsakker;Gendt;25,6;28,3;17,0;11,7;9,3;7,0
SAN;NL:Q:41420010;NH Kerk;Drempt;1,0;0,1;0,2;0,1;0,6;0,1
SAN;NL:Q:41420050;Gouden Regenstraat;Doesburg;9,6;11,8;0,0;0,0;0,0;0,0
SAN;NL:Q:41420060;Gouden Regenstraat;Doesburg;16,0;6,1;0,0;0,0;0,0;0,0
SAN;NL:Q:41420070;Hoek Looiersweg;Doesburg;5,7;1,7;0,0;0,0;0,0;0,0
SAN;NL:Q:41420080;Hoek Looiersweg;Doesburg;4,9;4,7;0,0;0,0;0,0;0,0
SAN;NL:Q:41420090;Koppelweg;Doesburg;0,7;0,4;0,0;0,0;0,0;0,0
SAN;NL:Q:41420100;Koppelweg;Doesburg;0,2;2,0;0,0;0,0;0,0;0,0
SAN;NL:Q:41420110;Beinum;Doesburg;21,3;22,6;4,5;1,4;7,6;2,6
SAN;NL:Q:41420120;Beinum;Doesburg;21,2;15,2;2,0;2,6;2,4;4,7
SAN;NL:Q:41420130;Potsmaat;Doesburg;7,2;3,8;0,9;0,2;2,0;0,2
SAN;NL:Q:41420140;Potsmaat;Doesburg;3,9;4,5;0,3;0,7;0,4;1,2
SAN;NL:Q:41420150;tunnel Angerlo;Doesburg;6,8;9,0;1,7;0,5;2,4;0,4
SAN;NL:Q:41420160;tunnel Angerlo;Doesburg;6,2;4,9;0,3;1,0;0,4;1,5
SAN;NL:Q:41420180;Beumerskamp;Doesburg;11,4;17,3;1,1;3,2;1,3;5,9
SAN;NL:Q:41420210;Kraakselaan;Doesburg;62,8;61,6;16,5;26,9;15,7;22,8
SAN;NL:Q:41420220;Kraakselaan;Doesburg;60,6;19,3;23,8;3,5;19,3;2,9
SAN;NL:Q:41420230;Meipoort;Doesburg;49,6;19,8;26,8;4,3;23,1;4,0
SAN;NL:Q:41420240;Meipoort;Doesburg;19,1;47,5;4,6;23,9;4,5;20,0
SAN;NL:Q:41420250;Karel Doormansingel;Doesburg;40,3;7,8;21,9;0,4;13,7;0,5
SAN;NL:Q:41420260;Karel Doormansingel;Doesburg;5,9;46,5;0,8;22,3;0,2;15,0
SAN;NL:Q:41420270;Koepoortwal;Doesburg;27,4;1,9;17,7;0,4;11,7;0,2
SAN;NL:Q:41420280;Koepoortwal;Doesburg;1,6;29,8;0,3;18,4;0,2;12,3
SAN;NL:Q:41420290;Haven;Doesburg;2,8;4,3;2,4;1,2;3,1;0,9
SAN;NL:Q:41420300;Haven;Doesburg;1,3;4,9;0,7;3,3;0,6;4,1
SAN;NL:Q:41450030;Kwartiersedijk;Babberich;0,5;0,1;0,0;0,0;0,0;0,0
SAN;NL:Q:41450040;Kwartiersedijk;Babberich;0,0;0,4;0,0;0,0;0,0;0,0
SAN;NL:Q:41450050;Beekseweg;Babberich;0,3;0,1;0,0;0,0;0,0;0,0
SAN;NL:Q:41450060;Beekseweg;Babberich;0,1;0,9;0,0;0,0;0,0;0,0
SAN;NL:Q:41450070;Mariahoeve;Babberich;0,5;0,0;0,2;0,0;0,0;0,0
SAN;NL:Q:41450090;Franciscusstraat;Babberich;9,5;0,2;3,7;0,1;0,0;0,0
SAN;NL:Q:41450100;Franciscusstraat;Babberich;0,6;7,9;0,1;2,9;0,0;0,0
SAN;NL:Q:41450110;Gildestraat;Babberich;0,1;0,0;0,2;0,1;0,0;0,0
SAN;NL:Q:41450120;Gildestraat;Babberich;0,0;0,2;0,1;0,1;0,0;0,0
SAN;NL:Q:41450130;Dorpstraat;Babberich;4,7;0,1;1,6;0,0;0,0;0,0
SAN;NL:Q:41450140;Dorpstraat;Babberich;0,1;4,4;0,0;1,2;0,0;0,0
SAN;NL:Q:41450150;Schutterstent St. Anna;Oud-Zevenaar;1,8;0,1;1,1;0,0;0,0;0,0
SAN;NL:Q:41450160;Schutterstent St. Anna;Oud-Zevenaar;0,4;1,5;0,1;0,5;0,0;0,0
SAN;NL:Q:41450170;Witte Kruis;Babberich;1,5;0,1;0,7;0,0;0,0;0,0
SAN;NL:Q:41450180;Witte Kruis;Babberich;0,1;1,5;0,0;0,7;0,0;0,0
SAN;NL:Q:41470020;Didam;Didam;283,8;77,6;0,0;0,0;0,0;0,0
SAN;NL:Q:41471010;Didam;Didam;78,8;250,5;0,0;0,0;0,0;0,0
SAN;NL:Q:41490010;Wehl;Wehl;31,0;103,9;0,0;0,0;0,0;0,0
SAN;NL:Q:41490020;Wehl;Wehl;107,6;34,6;0,0;0,0;0,0;0,0
SAN;NL:Q:41520010;Manege;Laag-Keppel;0,2;0,0;0,1;0,0;0,2;0,0
SAN;NL:Q:41520030;Gouden Leeuw;Laag-Keppel;2,6;0,3;0,6;0,2;0,8;0,4
SAN;NL:Q:41520040;Gouden Leeuw;Laag-Keppel;0,3;2,1;0,1;0,5;0,4;0,7
SAN;NL:Q:41520210;'t Smaaleke;Laag-Keppel;0,3;0,1;0,1;0,0;0,1;0,2
SAN;NL:Q:41520220;'t Smaaleke;Laag-Keppel;0,2;1,1;0,1;0,3;0,2;0,2
SAN;NL:Q:41520230;Weg naar Hoog-Keppel;Hoog Keppel;1,0;0,4;0,1;0,1;0,3;0,1
SAN;NL:Q:41520240;Weg naar Hoog-Keppel;Hoog Keppel;0,3;0,8;0,0;0,1;0,1;0,3
SAN;NL:Q:41520250;Burg. Vrijlandweg;Hoog Keppel;0,8;0,2;0,2;0,0;0,4;0,0
SAN;NL:Q:41520260;Burg. Vrijlandweg;Hoog Keppel;0,1;1,6;0,1;0,3;0,1;0,3
SAN;NL:Q:41520270;De Braamberg;Drempt;3,9;1,1;0,8;0,4;0,9;0,5
SAN;NL:Q:41520280;De Braamberg;Drempt;1,1;4,7;0,7;1,2;0,6;1,5
SAN;NL:Q:41520300;NH Kerk;Drempt;0,1;2,4;0,1;1,2;0,1;1,4
SAN;NL:Q:41620010;Den Ooiman;Doetinchem;1,4;0,3;0,3;0,0;0,2;0,0
SAN;NL:Q:41620030;IJzergieterij;Langerak;0,5;0,0;0,1;0,0;0,2;0,0
SAN;NL:Q:41620040;IJzergieterij;Langerak;0,2;1,4;0,1;0,1;0,0;0,3
SAN;NL:Q:41620060;Manege;Laag-Keppel;0,0;0,3;0,1;0,1;0,0;0,2
SAN;NL:Q:41650010;Lobede;Tolkamer;26,9;26,1;9,6;10,7;0,0;0,0
SAN;NL:Q:41650020;Lobede;Tolkamer;0,4;1,7;0,0;0,0;0,0;0,0
SAN;NL:Q:41650050;Boterdijk/Molen;Lobith;0,3;0,0;0,0;0,0;0,0;0,0
SAN;NL:Q:41650060;Boterdijk/Molen;Lobith;0,0;0,6;0,0;0,0;0,0;0,0
SAN;NL:Q:41650070;Postkantoor;Tolkamer;12,9;0,3;3,3;0,1;0,0;0,0
SAN;NL:Q:41650080;Postkantoor;Tolkamer;0,1;3,4;0,0;0,0;0,0;0,0
SAN;NL:Q:41650085;Graaf Ottoweg;Lobith;1,0;6,6;0,1;1,2;0,0;0,0
SAN;NL:Q:41650090;Dorp;Lobith;30,5;1,6;11,1;0,3;0,0;0,0
SAN;NL:Q:41650100;Dorp;Lobith;1,4;26,1;0,2;8,1;0,0;0,0
SAN;NL:Q:41650110;Graaf Reinaldstraat;Lobith;14,1;0,1;5,9;0,0;0,0;0,0
SAN;NL:Q:41650120;Graaf Reinaldstraat;Lobith;0,1;10,8;0,1;2,6;0,0;0,0
SAN;NL:Q:41650130;Anjerstraat;Lobith;9,3;0,2;4,4;0,1;0,0;0,0
SAN;NL:Q:41650140;Anjerstraat;Lobith;0,2;10,5;0,1;3,6;0,0;0,0
SAN;NL:Q:41650150;De Bijland;Herwen;1,3;0,1;0,4;0,0;0,0;0,0
SAN;NL:Q:41650160;De Bijland;Herwen;0,0;0,9;0,0;0,3;0,0;0,0
SAN;NL:Q:41650200;Willibrordusweg;Spijk;8,0;6,1;0,0;0,0;0,0;0,0
SAN;NL:Q:41650220;Tengnagelwaard;Spijk;0,1;5,4;0,0;0,0;0,0;0,0
SAN;NL:Q:41650230;Tengnagelwaard;Spijk;3,5;0,0;0,0;0,0;0,0;0,0
SAN;NL:Q:41720095;Doetinchem De Huet;Doetinchem;40,9;202,0;0,0;0,0;0,0;0,0
SAN;NL:Q:41720105;Doetinchem De Huet;Doetinchem;215,0;35,3;0,0;0,0;0,0;0,0
SAN;NL:Q:41720111;Doetinchem;Doetinchem;0,0;680,3;0,0;0,0;0,0;0,0
SAN;NL:Q:41720121;Doetinchem;Doetinchem;708,8;0,0;0,0;0,0;0,0;0,0
SAN;NL:Q:41720230;Centrum;Doetinchem;21,8;0,5;6,0;0,2;6,9;0,2
SAN;NL:Q:41720240;Centrum;Doetinchem;0,6;31,2;0,2;10,5;0,3;11,8
SAN;NL:Q:41721104;Station;Doetinchem;23,6;30,6;5,4;6,9;7,5;9,2
SAN;NL:Q:41721110;Gemeentehuis;Doetinchem;4,6;0,2;0,8;0,0;1,1;0,0
SAN;NL:Q:41721120;Gemeentehuis;Doetinchem;0,2;5,8;0,2;1,6;0,0;1,1
SAN;NL:Q:41721130;2e Loolaan;Doetinchem;18,0;1,6;1,3;0,1;1,6;0,0
SAN;NL:Q:41721140;2e Loolaan;Doetinchem;2,1;27,0;0,1;1,9;0,1;2,6
SAN;NL:Q:41721160;Den Ooiman;Doetinchem;0,4;3,8;0,0;0,5;0,1;0,8
SAN;NL:Q:41750050;Aerdtsedijk;Herwen;1,9;0,1;0,5;0,1;0,0;0,0
SAN;NL:Q:41750060;Aerdtsedijk;Herwen;0,1;1,9;0,0;0,4;0,0;0,0
SAN;NL:Q:41750070;Nijverheidstraat;Herwen;0,9;0,0;0,2;0,0;0,0;0,0
SAN;NL:Q:41750080;Nijverheidstraat;Herwen;0,0;0,6;0,0;0,2;0,0;0,0
SAN;NL:Q:41750090;Schoolstraat;Aerdt;2,2;0,1;0,0;0,0;0,0;0,0
SAN;NL:Q:41750100;Schoolstraat;Aerdt;0,1;2,2;0,0;0,0;0,0;0,0
SAN;NL:Q:41750110;Kerkweg;Aerdt;4,6;0,0;0,0;0,0;0,0;0,0
SAN;NL:Q:41750120;Kerkweg;Aerdt;0,1;4,5;0,0;0,0;0,0;0,0
SAN;NL:Q:41750170;Hoogeweg;Pannerden;6,9;0,1;0,0;0,0;0,0;0,0
SAN;NL:Q:41750180;Mariahoeve;Babberich;0,1;0,4;0,0;0,1;0,0;0,0
SAN;NL:Q:41750210;Aerdtsestraat;Pannerden;13,7;0,1;0,0;0,0;0,0;0,0
SAN;NL:Q:41750280;Hoogeweg;Pannerden;0,1;8,3;0,0;0,0;0,0;0,0
SAN;NL:Q:41750350;Aerdtsedijk;Herwen;0,0;0,1;0,0;0,0;0,0;0,0
SAN;NL:Q:41750360;Aerdtsedijk;Herwen;1,2;3,1;0,0;0,0;0,0;0,0
SAN;NL:Q:41750370;Nijverheidstraat;Herwen;0,6;0,1;0,3;0,1;0,0;0,0
SAN;NL:Q:41750380;Nijverheidstraat;Herwen;0,1;0,8;0,1;0,4;0,0;0,0
SAN;NL:Q:41750390;Dorpsplein;Pannerden;5,1;0,2;0,0;0,0;0,0;0,0
SAN;NL:Q:41750400;Dorpsplein;Pannerden;0,2;6,8;0,0;0,0;0,0;0,0
SAN;NL:Q:41750410;Heuvelhoek;Aerdt;0,7;0,5;0,0;0,0;0,0;0,0
SAN;NL:Q:41750420;Aerdtsestraat;Pannerden;0,1;8,9;0,0;0,0;0,0;0,0
SAN;NL:Q:41750430;Molenpad;Herwen;8,6;0,4;2,5;0,1;0,0;0,0
SAN;NL:Q:41750440;Molenpad;Herwen;0,4;7,1;0,2;2,4;0,0;0,0
SAN;NL:Q:60000030;Centrum Zuid;Nijmegen;255,0;106,0;264,9;83,1;177,8;59,1
SAN;NL:Q:60000040;Centrum Zuid;Nijmegen;139,0;370,2;96,7;443,7;67,0;261,6
SAN;NL:Q:60000060;Valkhof;Nijmegen;197,2;195,1;240,7;207,8;108,2;114,8
SAN;NL:Q:60000070;Hunnerpark;Nijmegen;91,8;55,7;79,4;29,4;48,7;35,6
SAN;NL:Q:60000080;Neerbosscheweg;Nijmegen;140,3;82,8;110,0;55,9;76,4;36,4
SAN;NL:Q:60000100;Dennenstraat;Nijmegen;146,0;41,9;87,7;28,9;53,6;16,2
SAN;NL:Q:60000105;Cavaljéweg;Nijmegen;20,2;16,5;18,7;10,4;11,3;5,3
SAN;NL:Q:60000120;Graafseweg/Wolfskuilseweg;Nijmegen;39,9;32,8;27,4;18,9;17,2;16,0
SAN;NL:Q:60000130;Rozenstraat;Nijmegen;30,5;48,1;20,2;30,1;13,5;27,3
SAN;NL:Q:60000140;Rozenstraat;Nijmegen;84,5;45,3;48,5;31,3;36,4;23,3
SAN;NL:Q:60000150;Graafseweg/Wolfskuilseweg;Nijmegen;26,6;39,6;15,6;30,4;13,9;29,5
SAN;NL:Q:60000165;Cavaljéweg;Nijmegen;16,0;32,8;10,8;36,4;4,7;24,8
SAN;NL:Q:60000170;Dennenstraat;Nijmegen;41,3;151,0;26,0;89,2;16,0;76,7
SAN;NL:Q:60000180;Prins Hendrikstraat;Nijmegen;28,5;54,2;27,0;36,5;14,5;29,7
SAN;NL:Q:60000190;Neerbosscheweg;Nijmegen;92,4;123,2;56,3;87,7;37,5;78,8
SAN;NL:Q:60000200;Hunnerpark;Nijmegen;59,5;121,4;45,7;133,8;36,4;65,4
SAN;NL:Q:60000210;Valkhof;Nijmegen;156,6;208,4;154,0;270,5;89,9;119,7
SAN;NL:Q:60000230;Terwindtstraat;Nijmegen;17,3;2,3;21,2;1,6;13,1;1,1
SAN;NL:Q:60000240;Terwindtstraat;Nijmegen;0,5;8,4;0,5;9,5;0,2;5,4
SAN;NL:Q:60000250;Waalkade;Nijmegen;55,6;110,8;70,5;117,8;45,7;91,7
SAN;NL:Q:60000260;Waalkade;Nijmegen;116,0;56,8;129,0;66,5;96,2;42,9
SAN;NL:Q:60000280;Joris Ivensplein;Nijmegen;58,6;122,7;48,8;164,5;22,7;72,9
SAN;NL:Q:60000300;Prins Hendrikstraat;Nijmegen;42,6;41,5;25,9;31,6;17,6;18,3
SAN;NL:Q:60000330;Groenestraat;Nijmegen;43,0;112,4;22,2;83,0;18,4;67,7
SAN;NL:Q:60000340;Groenestraat;Nijmegen;103,4;48,3;79,3;22,7;47,3;21,4
SAN;NL:Q:60000350;Sint Annamolen;Nijmegen;44,0;126,5;9,6;58,0;6,4;39,1
SAN;NL:Q:60000360;Sint Annamolen;Nijmegen;110,4;45,0;50,8;11,4;29,8;7,4
SAN;NL:Q:60000370;Voerweg;Nijmegen;39,3;77,5;61,6;100,8;21,8;43,5
SAN;NL:Q:60000380;Voerweg;Nijmegen;42,0;52,2;51,3;85,2;24,4;32,2
SAN;NL:Q:60000390;Sint Annastraat/Heiweg;Nijmegen;7,0;6,9;3,9;4,6;3,4;7,8
SAN;NL:Q:60000400;Sint Annastraat/Heiweg;Nijmegen;5,0;5,7;4,4;3,4;4,7;3,0
SAN;NL:Q:60000410;Scheidingsweg;Nijmegen;4,3;4,1;3,1;3,6;3,5;4,0
SAN;NL:Q:60000420;Scheidingsweg;Nijmegen;4,3;4,6;3,8;2,2;3,5;3,4
SAN;NL:Q:60000430;Hertogplein;Nijmegen;89,5;57,0;101,1;33,4;49,1;25,6
SAN;NL:Q:60000460;Marienboom;Nijmegen;71,0;14,0;58,4;5,2;36,0;3,4
SAN;NL:Q:60000480;Van Cranenborchstraat;Nijmegen;36,8;30,0;17,8;4,2;11,0;2,5
SAN;NL:Q:60000490;Kazerne;Nijmegen;47,5;123,5;33,7;67,5;29,6;47,7
SAN;NL:Q:60000500;Groenewoudseweg;Nijmegen;42,6;44,6;23,6;16,9;14,4;9,3
SAN;NL:Q:60000510;Groenewoudseweg;Nijmegen;41,0;46,8;17,4;24,3;11,0;14,9
SAN;NL:Q:60000520;Kazerne;Nijmegen;121,9;46,5;66,2;32,1;38,6;25,2
SAN;NL:Q:60000530;Van Cranenborchstraat;Nijmegen;28,9;40,5;3,8;23,1;3,0;15,5
SAN;NL:Q:60000550;Marienboom;Nijmegen;13,1;54,8;4,9;42,1;3,7;46,9
SAN;NL:Q:60000580;Hertogplein;Nijmegen;34,3;91,5;21,4;107,2;13,0;48,8
SAN;NL:Q:60000590;Centrum Oost;Nijmegen;184,8;270,1;113,1;303,7;78,6;200,8
SAN;NL:Q:60000600;Centrum Oost;Nijmegen;261,3;166,7;258,7;112,4;177,1;103,4
SAN;NL:Q:60000610;Joris Ivensplein;Nijmegen;129,1;30,6;148,3;21,9;72,9;13,5
SAN;NL:Q:60000630;Havenweg;Nijmegen;24,9;82,4;18,6;55,3;11,5;38,9
SAN;NL:Q:60000650;Kronenburgersingel;Nijmegen;111,2;150,4;105,3;158,3;61,6;95,7
SAN;NL:Q:60000660;Kronenburgersingel;Nijmegen;170,5;133,8;144,8;133,2;90,3;77,9
SAN;NL:Q:60000690;Hatertseweg/Grootstalseln;Nijmegen;31,0;71,8;15,6;49,6;10,1;46,7
SAN;NL:Q:60000700;Hatertseweg/Grootstalseln;Nijmegen;72,9;35,0;51,5;15,3;38,0;12,6
SAN;NL:Q:60000720;van Peltlaan;Nijmegen;145,5;122,7;115,6;50,8;69,2;43,7
SAN;NL:Q:60000740;Meentstraat;Nijmegen;76,2;71,6;47,0;9,6;29,4;7,4
SAN;NL:Q:60000760;Krekelstraat;Nijmegen;90,0;48,1;67,4;18,9;46,7;12,0
SAN;NL:Q:60000780;Kam. Onnesstraat;Nijmegen;63,6;29,4;48,6;14,4;30,6;12,5
SAN;NL:Q:60000810;van Peltlaan;Nijmegen;109,0;134,6;49,2;111,1;41,7;79,2
SAN;NL:Q:60000830;Krekelstraat;Nijmegen;53,0;75,2;20,1;52,7;14,5;48,6
SAN;NL:Q:60000850;Kam. Onnesstraat;Nijmegen;28,3;57,4;13,3;40,9;11,7;34,5
SAN;NL:Q:60000860;Burg. Daleslaan;Nijmegen;7,1;20,2;0,0;0,0;0,0;0,0
SAN;NL:Q:60000870;Burg. Daleslaan;Nijmegen;26,2;9,7;0,0;0,0;0,0;0,0
SAN;NL:Q:60000905;Nyma;Nijmegen;89,6;25,3;77,1;21,2;40,9;11,3
SAN;NL:Q:60000915;Nyma;Nijmegen;21,3;97,0;14,8;110,5;8,4;52,2
SAN;NL:Q:60000925;Ferry Portierstraat;Nijmegen;31,4;9,7;26,4;6,8;14,1;4,4
SAN;NL:Q:60000935;Ferry Portierstraat;Nijmegen;7,5;32,5;5,4;29,1;3,6;18,4
SAN;NL:Q:60000960;Pompweg;Ubbergen;10,6;3,6;6,8;1,8;4,3;2,3
SAN;NL:Q:60000970;Sluis Weurt;Nijmegen;19,4;4,3;13,0;2,4;7,6;0,8
SAN;NL:Q:60000990;Sluis Weurt;Nijmegen;4,0;18,9;2,3;12,7;1,3;6,2
SAN;NL:Q:60001002;Centraal Station;Nijmegen;457,3;4810,7;113,1;841,1;102,8;626,8
SAN;NL:Q:60001003;Centraal Station;Nijmegen;930,7;378,1;665,7;228,9;700,0;140,4
SAN;NL:Q:60001004;Centraal Station;Nijmegen;988,2;1954,5;638,0;1448,8;486,0;979,8
SAN;NL:Q:60001005;Centraal Station;Nijmegen;611,2;92,2;347,0;76,6;222,1;30,2
SAN;NL:Q:60001006;Centraal Station;Nijmegen;1761,7;1053,9;900,2;611,6;803,7;421,3
SAN;NL:Q:60001007;Centraal Station;Nijmegen;1687,9;1501,0;996,8;654,8;750,0;423,3
SAN;NL:Q:60001008;Centraal Station;Nijmegen;783,5;949,2;402,8;638,0;342,5;414,1
SAN;NL:Q:60001010;Centraal Station;Nijmegen;554,8;700,9;354,0;409,5;223,8;284,2
SAN;NL:Q:60001011;Centraal Station;Nijmegen;1495,4;790,7;1008,6;499,7;725,7;368,3
SAN;NL:Q:60001012;Centraal Station;Nijmegen;1303,8;670,4;663,7;415,1;575,8;246,8
SAN;NL:Q:60001013;Centraal Station;Nijmegen;2999,0;309,8;11,1;1,0;35,1;3,2
SAN;NL:Q:60001020;Spoorkuil;Nijmegen;97,3;57,6;51,8;31,0;39,0;27,6
SAN;NL:Q:60001030;Spoorkuil;Nijmegen;32,7;27,2;20,4;19,2;17,4;15,0
SAN;NL:Q:60001040;Sint Maartenskliniek;Nijmegen;100,1;96,4;16,1;19,2;13,0;15,8
SAN;NL:Q:60001050;Havenweg;Nijmegen;7,3;4,6;5,9;5,3;3,2;2,6
SAN;NL:Q:60001060;Hengstdalseweg/Sophiaweg;Nijmegen;32,0;4,4;25,4;1,5;17,9;1,1
SAN;NL:Q:60001080;Beukstraat;Nijmegen;61,6;1,2;53,4;0,9;31,9;0,9
SAN;NL:Q:60001100;Hengstdalseweg/Broerdijk;Nijmegen;84,9;4,6;64,1;3,4;41,3;2,4
SAN;NL:Q:60001110;Meentstraat;Nijmegen;70,2;72,4;13,4;49,4;10,1;43,3
SAN;NL:Q:60001130;Pompweg;Ubbergen;4,2;9,0;2,2;5,3;1,9;3,8
SAN;NL:Q:60001160;Koningshof;Nijmegen;186,5;21,9;167,2;17,2;95,8;9,1
SAN;NL:Q:60001180;Obrechtstraat;Nijmegen;34,6;9,6;28,7;6,0;17,6;5,8
SAN;NL:Q:60001200;Smetiusstraat;Nijmegen;122,1;333,8;123,2;348,4;82,4;187,8
SAN;NL:Q:60001220;Badhuis;Nijmegen;79,2;21,9;62,2;21,8;37,9;10,6
SAN;NL:Q:60001240;Dominicanenstraat;Nijmegen;61,9;13,8;40,7;9,6;28,1;6,5
SAN;NL:Q:60001280;Radboud UMC;Nijmegen;687,2;435,9;108,3;44,9;69,7;38,1
SAN;NL:Q:60001290;Radboud UMC;Nijmegen;239,3;347,6;40,3;100,7;35,6;71,0
SAN;NL:Q:60001390;Energieweg/Wolfskuilsewg;Nijmegen;20,6;127,6;0,0;0,0;0,0;0,0
SAN;NL:Q:60001400;Energieweg/Wolfskuilsewg;Nijmegen;118,5;22,0;0,0;0,0;0,0;0,0
SAN;NL:Q:60001410;Dr. de Blecourtstraat;Nijmegen;13,7;29,1;0,0;0,0;0,0;0,0
SAN;NL:Q:60001420;Dr. de Blecourtstraat;Nijmegen;30,0;14,0;0,0;0,0;0,0;0,0
SAN;NL:Q:60001430;Station Goffert;Nijmegen;8,0;18,2;0,0;0,0;0,0;0,0
SAN;NL:Q:60001440;Station Goffert;Nijmegen;23,6;32,9;0,0;0,0;0,0;0,0
SAN;NL:Q:60001470;Akkerlaan;Nijmegen;36,4;11,4;32,5;8,3;17,6;5,9
SAN;NL:Q:60001480;Jan Massinkhal;Nijmegen;10,3;25,3;7,1;13,6;5,3;11,6
SAN;NL:Q:60001490;Jan Massinkhal;Nijmegen;17,6;8,3;11,6;6,6;10,8;4,5
SAN;NL:Q:60001540;Scheepvaartweg;Nijmegen;1,3;25,8;0,0;0,0;0,0;0,0
SAN;NL:Q:60001550;Scheepvaartweg;Nijmegen;25,5;3,6;0,0;0,0;0,0;0,0
SAN;NL:Q:60001590;d'Almarasweg;Nijmegen;0,1;0,1;0,0;0,0;0,0;0,0
SAN;NL:Q:60001600;Winkelsteeg;Nijmegen;73,2;42,2;42,1;12,5;30,9;9,9
SAN;NL:Q:60001610;Winkelsteeg;Nijmegen;40,4;62,4;13,0;32,3;8,8;28,5
SAN;NL:Q:60001620;d'Almarasweg;Nijmegen;0,0;0,1;0,0;0,0;0,0;0,0
SAN;NL:Q:60001630;Station Heyendaal;Nijmegen;378,7;1677,6;53,6;179,1;52,7;224,4
SAN;NL:Q:60001640;Station Heyendaal;Nijmegen;1151,6;328,2;166,7;48,8;106,5;40,1
SAN;NL:Q:60001670;HAN;Nijmegen;1185,3;292,8;4,6;2,2;1,7;1,7
SAN;NL:Q:60001680;HAN;Nijmegen;68,7;75,9;1,5;3,9;1,4;2,4
SAN;NL:Q:60001690;Dominicanenstraat;Nijmegen;12,8;59,0;11,8;44,7;9,2;38,0
SAN;NL:Q:60001700;Smetiusstraat;Nijmegen;119,1;66,2;113,7;67,0;66,6;37,8
SAN;NL:Q:60001710;Badhuis;Nijmegen;35,1;75,2;32,1;56,0;17,4;48,4
SAN;NL:Q:60001720;Winkelcentrum Steenbokstraat;Nijmegen;64,7;5,4;34,1;2,2;17,4;1,5
SAN;NL:Q:60001730;Obrechtstraat;Nijmegen;10,6;47,5;5,2;41,0;5,6;30,7
SAN;NL:Q:60001740;Winkelcentrum Steenbokstraat;Nijmegen;4,4;50,6;1,6;25,9;1,1;16,1
SAN;NL:Q:60001750;Koningshof;Nijmegen;29,0;158,3;23,4;140,8;13,3;93,9
SAN;NL:Q:60001790;Hengstdalseweg/Broerdijk;Nijmegen;3,9;74,3;3,2;61,5;2,7;44,5
SAN;NL:Q:60001810;Beukstraat;Nijmegen;2,2;53,4;1,4;44,0;1,3;29,6
SAN;NL:Q:60001830;Hengstdalseweg/Sophiaweg;Nijmegen;3,1;41,9;1,4;28,3;1,1;20,9
SAN;NL:Q:60001840;Beemdstraat;Nijmegen;19,5;64,4;13,7;64,2;7,6;50,9
SAN;NL:Q:60001860;Heidebloemstraat;Nijmegen;36,8;116,3;18,4;95,9;13,3;83,6
SAN;NL:Q:60001870;Archimedesstraat;Nijmegen;73,5;23,3;64,8;16,8;43,8;9,2
SAN;NL:Q:60001880;Archimedesstraat;Nijmegen;27,1;86,3;17,8;74,1;10,2;59,1
SAN;NL:Q:60001890;Heidebloemstraat;Nijmegen;139,6;41,3;113,4;22,1;72,7;14,5
SAN;NL:Q:60001900;Galvanistraat;Nijmegen;78,5;34,8;80,9;26,0;43,1;11,9
SAN;NL:Q:60001910;Beemdstraat;Nijmegen;55,6;23,0;57,6;17,4;33,8;8,3
SAN;NL:Q:60001920;Irene Vorrinkstraat;Nijmegen;35,3;55,3;10,9;35,2;5,8;23,1
SAN;NL:Q:60001940;Edisonstraat;Nijmegen;29,7;56,1;24,3;45,3;11,7;30,5
SAN;NL:Q:60001950;Galvanistraat;Nijmegen;31,9;66,7;25,5;69,3;11,2;41,8
SAN;NL:Q:60001960;Akkerlaan;Nijmegen;7,2;30,4;5,9;29,5;4,2;21,7
SAN;NL:Q:60001970;Caesarstraat;Nijmegen;54,7;0,6;49,5;0,3;34,8;0,1
SAN;NL:Q:60001980;Caesarstraat;Nijmegen;0,4;51,6;0,3;44,4;0,2;37,9
SAN;NL:Q:60001990;Irene Vorrinkstraat;Nijmegen;65,0;34,0;42,9;13,4;25,3;7,6
SAN;NL:Q:60002001;Plein 1944;Nijmegen;461,8;515,4;532,6;487,8;287,3;243,8
SAN;NL:Q:60002002;Plein 1944;Nijmegen;666,6;350,9;729,7;472,9;316,5;222,8
SAN;NL:Q:60002003;Plein 1944;Nijmegen;9,0;62,2;26,3;68,4;0,0;0,0
SAN;NL:Q:60002005;Plein 1944;Nijmegen;337,9;286,1;389,2;191,0;193,4;101,3
SAN;NL:Q:60002006;Plein 1944;Nijmegen;228,4;365,1;186,8;497,9;92,2;217,9
SAN;NL:Q:60002010;Fransestraat;Nijmegen;32,8;57,1;24,7;19,4;19,8;17,0
SAN;NL:Q:60002020;Fransestraat;Nijmegen;49,5;34,9;19,4;26,6;11,8;19,3
SAN;NL:Q:60002520;Tunnelweg;Nijmegen;192,6;64,3;117,5;41,8;110,0;29,2
SAN;NL:Q:60002580;Tunnelweg;Nijmegen;7,6;435,9;6,1;268,4;7,9;180,0
SAN;NL:Q:60003070;Edisonstraat;Nijmegen;66,4;27,4;58,9;22,4;34,9;10,4
SAN;NL:Q:60003120;Kanunnik Faberstraat;Nijmegen;54,6;22,5;48,6;21,8;32,6;15,9
SAN;NL:Q:60003140;Kan. Mijllinckstraat;Nijmegen;56,5;58,9;52,9;54,1;33,3;42,1
SAN;NL:Q:60003220;Kwekerijweg;Nijmegen;13,4;0,4;11,2;0,3;8,9;0,3
SAN;NL:Q:60003230;Kwekerijweg;Nijmegen;1,2;16,2;0,7;15,3;0,5;13,2
SAN;NL:Q:60003260;Gymnasion;Nijmegen;81,4;1,8;63,9;0,6;36,5;0,8
SAN;NL:Q:60003280;Huygensgebouw;Nijmegen;105,3;60,5;57,1;10,7;32,8;6,7
SAN;NL:Q:60003370;Merwedestraat;Nijmegen;3,0;20,6;2,5;17,3;1,4;6,2
SAN;NL:Q:60003430;Zwaluwstraat;Nijmegen;12,7;6,5;0,0;0,0;1,0;0,1
SAN;NL:Q:60003440;Zwaluwstraat;Nijmegen;2,9;22,0;0,0;0,0;0,0;0,2
SAN;NL:Q:60003450;Vlietstraat;Nijmegen;60,9;15,7;27,8;9,5;9,9;5,1
SAN;NL:Q:60003490;Biezenstraat;Nijmegen;38,0;5,2;28,3;5,2;9,9;3,7
SAN;NL:Q:60003580;Vlietstraat;Nijmegen;16,0;53,9;11,1;22,0;5,6;10,8
SAN;NL:Q:60003660;Biezenstraat;Nijmegen;3,6;34,0;3,4;23,2;1,7;9,4
SAN;NL:Q:60003720;Merwedestraat;Nijmegen;18,8;2,5;14,9;2,3;5,6;1,0
SAN;NL:Q:60003770;Huygensgebouw;Nijmegen;288,0;587,7;10,3;58,8;7,1;47,6
SAN;NL:Q:60003810;Gymnasion;Nijmegen;3,4;73,0;1,1;54,2;0,8;49,6
SAN;NL:Q:60003840;Kan. van Osstraat;Nijmegen;0,0;0,1;0,0;0,1;0,0;0,0
SAN;NL:Q:60003880;Industrieweg;Nijmegen;14,6;66,6;5,3;20,5;2,3;7,7
SAN;NL:Q:60003960;Industrieweg;Nijmegen;69,1;15,2;23,0;5,4;8,6;1,3
SAN;NL:Q:60004080;Tollensstraat;Nijmegen;60,3;117,0;34,5;95,8;20,6;51,9
SAN;NL:Q:60004120;Thijmstraat;Nijmegen;24,3;116,9;11,5;79,7;8,8;48,6
SAN;NL:Q:60004160;Dobbelmanweg/Groenestr.;Nijmegen;14,5;22,9;5,7;17,2;5,3;19,6
SAN;NL:Q:60004220;Hertstraat;Nijmegen;4,3;38,8;1,8;25,4;1,0;17,5
SAN;NL:Q:60004320;Muntweg/Wezenlaan;Nijmegen;35,3;115,7;20,3;69,0;15,0;42,0
SAN;NL:Q:60004370;Heideparkseweg;Nijmegen;59,9;13,3;54,0;9,1;36,3;5,4
SAN;NL:Q:60004380;Muntweg/Overweg;Nijmegen;12,9;51,9;5,5;42,2;4,9;28,9
SAN;NL:Q:60004420;Manningstraat;Nijmegen;2,6;31,1;2,4;36,2;1,7;23,2
SAN;NL:Q:60004450;Manningstraat;Nijmegen;22,2;3,0;26,0;3,4;16,1;1,7
SAN;NL:Q:60004490;Muntweg/Overweg;Nijmegen;53,9;13,3;44,2;4,2;25,2;3,8
SAN;NL:Q:60004520;Heideparkseweg;Nijmegen;9,2;52,6;5,8;37,3;6,1;34,0
SAN;NL:Q:60004530;Muntweg/Wezenlaan;Nijmegen;94,2;27,2;56,7;14,8;31,8;12,5
SAN;NL:Q:60004610;Hertstraat;Nijmegen;37,7;4,9;27,1;1,5;17,0;1,3
SAN;NL:Q:60004650;Willemsweg/Groenestraat;Nijmegen;78,1;30,7;56,5;12,9;33,9;9,9
SAN;NL:Q:60004690;Thijmstraat;Nijmegen;114,1;29,2;85,1;14,8;46,4;10,1
SAN;NL:Q:60004730;Tollensstraat;Nijmegen;183,7;64,9;134,1;35,5;88,8;25,2
SAN;NL:Q:60004810;CW-ziekenhuis;Nijmegen;213,8;56,4;52,5;19,0;34,7;17,0
SAN;NL:Q:60004820;CW-ziekenhuis;Nijmegen;53,0;197,6;16,6;45,9;12,3;28,5
SAN;NL:Q:60004830;Begraafplaats Jonkerbos;Nijmegen;119,4;46,4;77,4;26,4;55,9;25,1
SAN;NL:Q:60004840;Begraafplaats Jonkerbos;Nijmegen;39,5;111,4;22,6;77,1;17,7;64,1
SAN;NL:Q:60004850;Sanadome;Nijmegen;57,6;10,5;63,4;11,6;39,6;11,7
SAN;NL:Q:60004860;Sanadome;Nijmegen;7,7;72,7;8,7;65,9;5,8;43,1
SAN;NL:Q:60005160;Vijverhof;Nijmegen;36,6;1,5;34,4;0,4;24,8;0,3
SAN;NL:Q:60005180;Kwakkenbergweg/Sophiaweg;Nijmegen;96,5;3,0;35,6;0,9;24,1;0,5
SAN;NL:Q:60005190;Kwakkenbergweg/Sophiaweg;Nijmegen;2,1;86,1;1,2;33,8;0,5;30,1
SAN;NL:Q:60005290;Hatert-Centrum;Nijmegen;10,5;91,9;5,0;24,8;4,5;33,0
SAN;NL:Q:60005320;Broerweg;Nijmegen;121,3;1,3;68,7;0,6;47,8;0,2
SAN;NL:Q:60005330;Broerweg;Nijmegen;1,4;122,2;0,7;76,2;0,4;61,7
SAN;NL:Q:60005360;Mr. Franckenstraat;Nijmegen;20,3;11,1;14,3;5,1;10,2;3,3
SAN;NL:Q:60005370;Mr. Franckenstraat;Nijmegen;6,5;31,7;4,9;18,5;3,0;21,3
SAN;NL:Q:60005380;Mesdagstraat;Nijmegen;34,3;1,5;23,5;0,4;15,5;0,3
SAN;NL:Q:60005410;Hugo de Grootstraat;Nijmegen;5,1;62,6;2,4;34,7;1,8;33,7
SAN;NL:Q:60005440;Hugo de Grootstraat;Nijmegen;71,6;5,6;43,2;1,8;30,1;1,9
SAN;NL:Q:60005450;Mesdagstraat;Nijmegen;1,7;40,6;0,8;27,9;0,7;25,1
SAN;NL:Q:60005560;Hatert-Centrum;Nijmegen;121,2;10,4;34,8;4,7;27,8;4,9
SAN;NL:Q:60005650;Vijverhof;Nijmegen;2,3;40,1;0,4;36,1;0,4;24,7
SAN;NL:Q:60007075;Busstation Vierdaagse;Nijmegen;14,3;1,0;16,1;1,1;15,9;0,8
SAN;NL:Q:60008020;Couwenbergstraat;Nijmegen;158,0;267,6;109,9;205,1;53,6;137,1
SAN;NL:Q:60008030;Hatert-Delsenhof;Nijmegen;44,6;37,9;37,0;30,6;20,8;16,4
SAN;NL:Q:60008040;Polkastraat;Nijmegen;111,0;84,0;94,4;70,7;66,9;52,6
SAN;NL:Q:60008050;Hogendorpstraat;Nijmegen;42,4;1,1;29,2;0,8;21,4;0,6
SAN;NL:Q:60008060;Hogendorpstraat;Nijmegen;9,3;76,1;6,9;62,0;3,2;48,5
SAN;NL:Q:60008070;Thorbeckestraat;Nijmegen;232,1;73,2;164,0;48,5;116,0;27,9
SAN;NL:Q:60008080;Wkc Notenhout;Nijmegen;207,2;2,2;186,8;1,7;107,5;1,0
SAN;NL:Q:60008090;Middachtenstraat;Nijmegen;60,6;0,5;48,5;0,4;32,4;0,2
SAN;NL:Q:60008100;Couwenbergstraat;Nijmegen;279,1;159,0;226,5;105,8;130,7;53,1
SAN;NL:Q:60008110;Treubstraat;Nijmegen;105,1;3,4;98,1;3,2;60,7;1,3
SAN;NL:Q:60008120;Aubadestraat;Nijmegen;90,7;3,0;95,2;2,2;55,1;1,3
SAN;NL:Q:60008140;v.d.Duyn van Maasdamstr.;Nijmegen;5,8;26,7;6,6;26,0;2,7;22,6
SAN;NL:Q:60008150;v.d.Duyn van Maasdamstr.;Nijmegen;30,7;11,5;29,2;10,4;20,1;5,4
SAN;NL:Q:60008160;Paul Krugerstraat;Nijmegen;207,9;22,2;171,4;12,9;100,0;7,3
SAN;NL:Q:60008180;Vuurdoornstraat;Nijmegen;174,9;12,7;159,8;7,8;103,6;5,0
SAN;NL:Q:60008190;Nocturnestraat;Nijmegen;1,3;51,2;1,5;44,7;0,5;30,4
SAN;NL:Q:60008200;Nocturnestraat;Nijmegen;62,9;0,8;57,8;0,8;34,4;0,9
SAN;NL:Q:60008220;Molenweg/Wolfskuilseweg;Nijmegen;90,8;17,8;82,5;12,7;50,0;7,3
SAN;NL:Q:60008240;Fuchsiastraat;Nijmegen;183,0;57,9;171,4;42,8;90,7;23,1
SAN;NL:Q:60008280;2e Oude Heselaan;Nijmegen;67,2;37,3;47,6;17,0;27,4;15,5
SAN;NL:Q:60008430;2e Oude Heselaan;Nijmegen;34,1;87,3;16,9;65,7;14,9;37,7
SAN;NL:Q:60008440;Treubstraat;Nijmegen;3,6;119,6;3,1;90,9;1,2;63,6
SAN;NL:Q:60008450;Fuchsiastraat;Nijmegen;70,8;175,6;52,8;159,5;25,2;88,2
SAN;NL:Q:60008460;Thorbeckestraat;Nijmegen;66,8;197,8;46,2;135,5;26,3;120,3
SAN;NL:Q:60008480;Middachtenstraat;Nijmegen;0,4;51,9;0,3;39,3;0,4;29,9
SAN;NL:Q:60008490;Molenweg/Wolfskuilseweg;Nijmegen;12,8;102,5;7,6;86,1;5,7;65,3
SAN;NL:Q:60008530;Vuurdoornstraat;Nijmegen;12,8;191,9;7,7;159,9;5,5;116,1
SAN;NL:Q:60008570;Paul Krugerstraat;Nijmegen;19,5;153,5;12,2;119,0;6,9;85,9
SAN;NL:Q:60008610;Aubadestraat;Nijmegen;1,2;97,9;1,2;94,8;0,6;59,8
SAN;NL:Q:60008620;Rosa de Limastraat;Nijmegen;2,0;55,9;2,6;45,2;0,9;26,7
SAN;NL:Q:60008630;Rosa de Limastraat;Nijmegen;57,4;4,1;34,9;3,1;23,0;1,4
SAN;NL:Q:60008650;Wkc Notenhout;Nijmegen;1,6;200,3;1,9;172,1;0,9;110,7
SAN;NL:Q:60009050;Havenweg;Nijmegen;59,3;14,9;40,6;11,1;27,3;6,3
SAN;NL:Q:60009490;Kazerne;Nijmegen;0,5;0,7;0,4;0,4;0,0;0,0
SAN;NL:Q:60009500;Groenewoudseweg;Nijmegen;0,1;0,1;0,0;0,0;0,0;0,0
SAN;NL:Q:60009630;Erasmusgebouw;Nijmegen;1241,0;1531,6;22,7;84,5;22,7;81,2
SAN;NL:Q:60009640;Erasmusgebouw;Nijmegen;303,9;112,2;79,3;18,9;73,3;21,8
SAN;NL:Q:60009650;Spinozageb/Tandheelkunde;Nijmegen;455,5;457,5;9,3;7,8;6,3;4,3
SAN;NL:Q:60009661;Spinozageb/Tandheelkunde;Nijmegen;79,7;102,6;7,2;12,7;4,5;11,7
SAN;NL:Q:60100010;Sportpark Union;Malden;2,2;1,9;0,8;2,0;0,8;3,4
SAN;NL:Q:60100020;Rijksweg/Grote Loef;Malden;26,2;1,5;12,0;1,6;11,3;1,1
SAN;NL:Q:60100030;Grootveldschelaan;Malden;1,1;18,6;0,7;11,5;0,4;12,6
SAN;NL:Q:60100040;Groesbeekseweg;Malden;38,3;5,7;24,0;4,5;28,0;3,1
SAN;NL:Q:60100060;Kloosterstraat;Malden;41,3;2,5;29,6;1,8;21,8;1,6
SAN;NL:Q:60100070;Kloosterstraat;Malden;1,6;34,5;1,3;19,3;1,3;20,2
SAN;NL:Q:60100090;Groesbeekseweg;Malden;6,5;35,0;4,5;21,0;4,1;23,4
SAN;NL:Q:60100100;Grootveldschelaan;Malden;19,9;1,3;11,2;0,8;10,6;0,8
SAN;NL:Q:60100110;Rijksweg/Grote Loef;Malden;2,1;20,8;0,9;9,3;0,8;10,8
SAN;NL:Q:60100120;Sportpark Union;Malden;1,8;2,4;1,4;0,7;2,9;0,8
SAN;NL:Q:60100130;Rijksweg/Nertsstraat;Malden;0,5;3,3;0,3;3,3;0,6;3,0
SAN;NL:Q:60100140;Rijksweg/Nertsstraat;Malden;3,0;0,4;3,8;0,4;2,8;0,3
SAN;NL:Q:60100160;De Lage Horst;Malden;0,0;0,3;0,0;0,0;0,0;0,0
SAN;NL:Q:60100180;De Veldschuur;Malden;0,1;0,6;0,0;0,0;0,0;0,0
SAN;NL:Q:60100190;De Veldschuur;Malden;0,5;0,0;0,0;0,0;0,0;0,0
SAN;NL:Q:60100210;De Lage Horst;Malden;0,2;0,0;0,0;0,0;0,0;0,0
SAN;NL:Q:60100250;Vinkenlaan;Malden;0,2;0,0;0,0;0,0;0,0;0,0
SAN;NL:Q:60100260;Vinkenlaan;Malden;0,1;0,6;0,0;0,0;0,0;0,0
SAN;NL:Q:60100270;Heidezoom;Malden;0,3;0,1;0,0;0,0;0,0;0,0
SAN;NL:Q:60100280;Heidezoom;Malden;0,1;1,0;0,0;0,0;0,0;0,0
SAN;NL:Q:60100910;Plantsoenstraat;Malden;0,1;0,8;0,0;0,0;0,0;0,0
SAN;NL:Q:60100920;Plantsoenstraat;Malden;1,7;0,3;0,0;0,0;0,0;0,0
SAN;NL:Q:60100940;Broekkant/Malderburch;Malden;1,5;0,1;0,0;0,0;0,0;0,0
SAN;NL:Q:60101030;Zweefvliegveld;Malden;0,3;0,4;0,0;0,0;0,0;0,0
SAN;NL:Q:60101040;Zweefvliegveld;Malden;0,3;0,2;0,0;0,0;0,0;0,0
SAN;NL:Q:60101070;Groesbeekseweg/Bosweg;Malden;0,0;0,2;0,0;0,0;0,0;0,0
SAN;NL:Q:60101080;Groesbeekseweg/Bosweg;Malden;0,2;0,0;0,0;0,0;0,0;0,0
SAN;NL:Q:60101110;Schoolstraat;Malden;4,7;5,3;0,0;0,0;0,0;0,0
SAN;NL:Q:60101120;Schoolstraat;Malden;16,3;14,3;0,0;0,0;0,0;0,0
SAN;NL:Q:60109140;Raadhuisstraat;Malden;0,1;2,9;0,0;0,0;0,0;0,0
SAN;NL:Q:60109910;Groesbeekseweg;Malden;0,0;0,1;0,0;0,0;0,0;0,0
SAN;NL:Q:60110010;Dekkerswald;Groesbeek;33,2;70,9;16,7;58,5;10,5;47,6
SAN;NL:Q:60110020;Werkenrode;Groesbeek;34,2;12,5;18,7;5,9;12,5;3,4
SAN;NL:Q:60110030;Werkenrode;Groesbeek;11,8;35,8;5,6;17,5;3,3;15,7
SAN;NL:Q:60110040;Dekkerswald;Groesbeek;69,1;34,8;60,3;18,7;46,9;11,1
SAN;NL:Q:60110150;Sionsweg;Heilig Landstichting;11,1;51,4;11,6;57,4;8,5;44,3
SAN;NL:Q:60110160;Sionsweg;Heilig Landstichting;56,0;12,5;61,8;12,2;45,8;9,1
SAN;NL:Q:60110440;Panovenlaan;Nijmegen;62,7;11,9;35,4;5,9;23,6;4,3
SAN;NL:Q:60110570;Panovenlaan;Nijmegen;11,1;68,7;5,1;36,8;3,7;28,2
SAN;NL:Q:60119000;Stekkenberg;Groesbeek;0,2;1,3;0,0;0,0;0,0;0,0
SAN;NL:Q:60119060; Stekkenberg 4 Daagse;Groesbeek;0,7;0,1;0,0;0,0;0,0;0,0
SAN;NL:Q:60140050;Centrum;Heumen;2,2;2,3;0,0;0,0;0,0;0,0
SAN;NL:Q:60140060;Centrum;Heumen;2,8;1,8;0,0;0,0;0,0;0,0
SAN;NL:Q:60140090;Worsumseweg;Overasselt;0,1;0,1;0,0;0,0;0,0;0,0
SAN;NL:Q:60140100;Worsumseweg;Overasselt;0,0;0,1;0,0;0,0;0,0;0,0
SAN;NL:Q:60140130;Tempelstraat;Overasselt;1,0;1,3;0,0;0,0;0,0;0,0
SAN;NL:Q:60140140;Tempelstraat;Overasselt;1,0;0,9;0,0;0,0;0,0;0,0
SAN;NL:Q:60140170;Beatrixstraat;Overasselt;1,8;1,0;0,0;0,0;0,0;0,0
SAN;NL:Q:60140180;Beatrixstraat;Overasselt;1,2;1,4;0,0;0,0;0,0;0,0
SAN;NL:Q:60140310;Sint Walrick;Overasselt;0,4;8,1;1,2;8,8;1,1;4,8
SAN;NL:Q:60140320;Sint Walrick;Overasselt;6,1;0,5;8,0;0,7;11,6;0,4
SAN;NL:Q:60140330;Schatkuilsestraat;Overasselt;0,2;2,8;0,1;1,9;0,2;0,8
SAN;NL:Q:60140340;Schatkuilsestraat;Overasselt;3,4;0,2;2,0;0,1;1,2;0,1
SAN;NL:Q:60140350;Sleeburgsestraat;Overasselt;0,3;2,9;0,0;0,3;0,1;0,2
SAN;NL:Q:60140360;Sleeburgsestraat;Overasselt;2,9;0,2;0,5;0,0;0,3;0,0
SAN;NL:Q:60140370;Kasteelsestraat;Overasselt;0,0;1,4;0,0;0,7;0,0;0,4
SAN;NL:Q:60140380;Kasteelsestraat;Overasselt;0,3;0,1;0,1;0,0;0,1;0,0
SAN;NL:Q:60140390;Hoogstraat;Overasselt;2,1;30,9;1,6;11,8;0,9;11,8
SAN;NL:Q:60140400;Hoogstraat;Overasselt;32,2;1,7;15,2;1,1;13,1;0,7
SAN;NL:Q:60140410;Ewijkseweg;Overasselt;0,2;2,2;0,1;1,2;0,1;0,6
SAN;NL:Q:60140420;Ewijkseweg;Overasselt;2,4;0,3;0,9;0,0;0,4;0,1
SAN;NL:Q:60140430;Gaasselsedam;Overasselt;0,1;1,4;0,3;0,6;0,1;0,8
SAN;NL:Q:60140440;Gaasselsedam;Overasselt;1,5;0,2;1,0;0,2;0,6;0,0
SAN;NL:Q:60150010;Streekweg;Nijmegen;3,6;8,1;2,6;5,7;2,0;3,1
SAN;NL:Q:60150030;Teersdijk;Alverna;2,8;16,2;1,2;8,2;0,7;2,5
SAN;NL:Q:60150040;Heumenseweg;Alverna;19,5;5,1;12,5;1,2;6,5;0,4
SAN;NL:Q:60150050;Havenweg;Alverna;1,3;9,6;0,9;4,1;0,5;2,7
SAN;NL:Q:60150060;Havenweg;Alverna;5,4;1,3;2,3;0,9;1,6;0,6
SAN;NL:Q:60150070;Heumenseweg;Alverna;5,6;16,9;1,1;10,9;0,6;6,0
SAN;NL:Q:60150080;Teersdijk;Alverna;18,5;6,3;14,7;6,4;9,5;3,5
SAN;NL:Q:60150100;Streekweg;Nijmegen;9,8;4,8;3,9;2,6;2,4;1,3
SAN;NL:Q:60150110;Industriepark;Wijchen;2,5;8,8;1,5;7,7;0,9;5,4
SAN;NL:Q:60150120;Industriepark;Wijchen;8,3;2,6;6,8;1,5;4,9;1,0
SAN;NL:Q:60150130;Teersdijk;Alverna;2,8;12,0;2,8;7,5;2,4;6,9
SAN;NL:Q:60150180;Parksesteeg;Overasselt;1,3;0,1;1,2;0,1;1,0;0,0
SAN;NL:Q:60150200;Oude Nijmeegseweg;Overasselt;2,4;0,1;1,7;0,1;1,7;0,1
SAN;NL:Q:60150220;Cornelis Drebbelstraat;Wijchen;1,5;2,3;0,3;1,6;0,3;1,1
SAN;NL:Q:60150230;Cornelis Drebbelstraat;Wijchen;4,1;2,6;2,3;1,2;1,0;0,7
SAN;NL:Q:60150240;Graafsebrug;Nijmegen;59,4;7,0;58,9;5,2;34,3;3,1
SAN;NL:Q:60150250;Graafsebrug;Nijmegen;7,4;63,7;5,3;62,4;3,4;41,1
SAN;NL:Q:60150260;Viaductweg;Nijmegen;64,5;7,0;49,3;5,1;29,1;2,7
SAN;NL:Q:60150270;Viaductweg;Nijmegen;10,6;83,8;4,4;62,5;2,0;37,9
SAN;NL:Q:60150280;Kerkenbos;Nijmegen;1,5;0,5;0,0;0,0;0,0;0,0
SAN;NL:Q:60150290;Kerkenbos;Nijmegen;0,3;3,4;0,0;0,0;0,0;0,0
SAN;NL:Q:60150310;Oude Nijmeegseweg;Overasselt;0,1;3,0;0,1;2,9;0,1;2,6
SAN;NL:Q:60150330;Parksesteeg;Overasselt;0,1;1,1;0,1;0,8;0,1;1,0
SAN;NL:Q:60150490;Spijkerhofweg;Nijmegen;34,2;18,1;21,6;5,7;15,0;3,3
SAN;NL:Q:60150500;Spijkerhofweg;Nijmegen;13,8;32,4;5,1;19,3;4,6;14,4
SAN;NL:Q:60150530;Woonboulevard;Nijmegen;0,6;14,9;0,7;15,6;0,5;9,2
SAN;NL:Q:60150540;Woonboulevard;Nijmegen;6,0;2,9;7,4;2,5;4,6;1,4
SAN;NL:Q:60150840;van Boetbergweg/Aldenhof;Nijmegen;25,8;2,0;6,0;1,0;6,9;1,2
SAN;NL:Q:60150860;van Boetbergweg/Malvert;Nijmegen;73,3;13,6;54,2;10,2;32,5;5,1
SAN;NL:Q:60150930;van Boetbergweg/Aldenhof;Nijmegen;2,0;23,3;1,6;6,2;1,3;9,0
SAN;NL:Q:60150950;van Boetbergweg/Malvert;Nijmegen;5,1;70,8;3,6;53,2;2,6;38,8
SAN;NL:Q:60151001;Station Dukenburg;Nijmegen;4,5;343,8;4,4;250,8;2,6;118,3
SAN;NL:Q:60151002;Station Dukenburg;Nijmegen;583,1;179,1;363,6;106,8;206,1;99,6
SAN;NL:Q:60151003;Station Dukenburg;Nijmegen;408,8;514,5;292,5;379,2;128,5;268,9
SAN;NL:Q:60151004;Station Dukenburg;Nijmegen;124,9;113,1;45,8;29,6;51,4;24,1
SAN;NL:Q:60151005;Station Dukenburg;Nijmegen;365,6;348,2;276,1;184,2;202,2;97,4
SAN;NL:Q:60151006;Station Dukenburg;Nijmegen;268,3;282,0;207,0;194,0;130,6;70,8
SAN;NL:Q:60151010;Lagelandseweg;Nijmegen;5,5;0,4;0,0;0,0;0,0;0,0
SAN;NL:Q:60151020;Lagelandseweg;Nijmegen;0,7;11,5;0,0;0,0;0,0;0,0
SAN;NL:Q:60151030;Hogelandseweg;Nijmegen;10,0;1,1;0,0;0,0;0,0;0,0
SAN;NL:Q:60151040;Hogelandseweg;Nijmegen;1,4;8,3;0,0;0,0;0,0;0,0
SAN;NL:Q:60152020;Aldenhof 53/14 str.;Nijmegen;33,4;2,1;21,7;1,4;9,7;0,3
SAN;NL:Q:60152030;Aldenhof 13/38 str.;Nijmegen;24,9;0,3;17,8;0,3;7,8;0,1
SAN;NL:Q:60152040;Aldenhof 12/32 str.;Nijmegen;31,7;0,2;18,8;0,2;7,3;0,1
SAN;NL:Q:60152050;Weezenhof;Nijmegen;44,4;29,8;42,6;30,3;27,4;23,4
SAN;NL:Q:60152090;Weezenhof 10e straat;Nijmegen;35,4;0,2;37,6;0,3;22,0;0,1
SAN;NL:Q:60152120;Aldenhof 53/14 str.;Nijmegen;1,2;19,3;1,1;15,8;1,4;9,1
SAN;NL:Q:60152130;Aldenhof 13/38 str.;Nijmegen;0,2;23,6;0,3;16,8;0,1;7,4
SAN;NL:Q:60152140;Aldenhof 12/32 str.;Nijmegen;0,3;29,3;0,4;19,8;0,1;5,6
SAN;NL:Q:60152150;Winkelcentrum Meijhorst;Nijmegen;0,9;0,1;0,8;0,4;3,0;1,0
SAN;NL:Q:60152160;Winkelcentrum Meijhorst;Nijmegen;0,2;3,1;0,3;4,1;1,0;12,8
SAN;NL:Q:60152210;Meijhorst-Sporthal;Nijmegen;216,7;7,9;148,2;3,8;80,8;1,7
SAN;NL:Q:60152230;De Doekenborg;Nijmegen;17,4;0,1;19,5;0,2;15,9;0,1
SAN;NL:Q:60152250;Meijhorst 13e straat;Nijmegen;142,1;3,6;110,1;1,7;64,4;0,9
SAN;NL:Q:60152290;Tolhuis 11e straat;Nijmegen;103,7;6,4;90,8;3,6;49,2;1,7
SAN;NL:Q:60152300;Van Apelterenweg;Nijmegen;72,1;1,9;61,0;0,7;40,3;0,4
SAN;NL:Q:60152330;Tolhuis 10e straat;Nijmegen;57,5;6,3;49,3;4,0;22,1;1,7
SAN;NL:Q:60152760;Tolhuis 10e straat;Nijmegen;5,9;50,2;3,0;42,8;1,5;23,0
SAN;NL:Q:60152780;Tolhuis 11e straat;Nijmegen;7,4;97,2;3,8;81,6;1,7;51,0
SAN;NL:Q:60152800;Van Apelterenweg;Nijmegen;1,2;67,9;1,1;55,5;0,8;42,6
SAN;NL:Q:60152820;Meijhorst 13e straat;Nijmegen;4,3;130,1;1,9;97,8;1,4;61,2
SAN;NL:Q:60152840;Meijhorst-Sporthal;Nijmegen;8,2;216,8;4,6;141,6;1,6;80,6
SAN;NL:Q:60152880;De Doekenborg;Nijmegen;0,3;25,9;0,2;26,9;0,2;19,1
SAN;NL:Q:60152920;Weezenhof 10e straat;Nijmegen;0,3;33,0;0,4;31,9;0,2;20,5
SAN;NL:Q:60154980;Steve Bikoplein;Nijmegen;35,0;10,9;14,6;8,9;12,2;7,9
SAN;NL:Q:60155010;Steve Bikoplein;Nijmegen;14,5;35,3;8,1;19,0;6,3;17,6
SAN;NL:Q:60155050;Zwanenveld 10e str.;Nijmegen;37,0;4,9;21,3;4,2;16,8;2,2
SAN;NL:Q:60155090;Zwanenveld 12e str.;Nijmegen;28,8;13,4;14,8;8,1;10,4;5,6
SAN;NL:Q:60155130;Lankforst 16e str.;Nijmegen;47,6;29,7;41,4;25,7;27,5;12,7
SAN;NL:Q:60155170;Lankforst 14e str.;Nijmegen;43,0;18,6;25,1;10,2;15,7;5,1
SAN;NL:Q:60155190;Winkelcentrum Malvert;Nijmegen;85,5;48,3;58,4;33,5;38,3;16,4
SAN;NL:Q:60155230;Malvert 13e straat;Nijmegen;41,1;19,7;33,3;13,7;19,7;6,8
SAN;NL:Q:60155600;Winkelcentrum Malvert;Nijmegen;40,4;94,3;31,7;66,6;16,5;46,8
SAN;NL:Q:60155620;Malvert 13e straat;Nijmegen;23,7;36,7;17,1;29,3;8,4;19,3
SAN;NL:Q:60155680;Lankforst 14e str.;Nijmegen;19,1;38,4;11,9;24,5;5,1;16,6
SAN;NL:Q:60155740;Lankforst 16e str.;Nijmegen;30,6;48,1;28,0;42,0;12,7;29,3
SAN;NL:Q:60155780;Zwanenveld 12e str.;Nijmegen;8,6;28,6;5,3;15,3;2,8;11,4
SAN;NL:Q:60155820;Zwanenveld 10e str.;Nijmegen;2,6;39,8;2,2;27,8;1,5;19,7
SAN;NL:Q:60157050;Horstacker;Nijmegen;1,6;115,0;0,6;73,3;0,4;40,1
SAN;NL:Q:60157080;Voorstenkamp/Gildekamp;Nijmegen;1,1;4,6;0,0;0,0;0,0;0,0
SAN;NL:Q:60157090;Meeuwseacker;Nijmegen;0,3;24,4;0,2;22,3;0,2;12,5
SAN;NL:Q:60157120;Gildekamp/Kluijskamp;Nijmegen;1,9;9,4;0,0;0,0;0,0;0,0
SAN;NL:Q:60157130;Wellenkamp/Hoefkamp;Nijmegen;9,9;2,4;0,8;3,0;2,9;5,8
SAN;NL:Q:60157160;Wellenkamp/Hoefkamp;Nijmegen;1,8;8,3;0,0;0,0;0,0;0,0
SAN;NL:Q:60157170;Gildekamp/Kluijskamp;Nijmegen;9,8;1,9;0,2;1,3;1,2;2,6
SAN;NL:Q:60157210;Voorstenkamp/Gildekamp;Nijmegen;5,3;2,2;1,4;2,0;3,2;3,3
SAN;NL:Q:60157220;Meeuwseacker;Nijmegen;44,5;0,4;40,3;0,2;22,3;0,2
SAN;NL:Q:60157260;Horstacker;Nijmegen;122,8;1,3;81,2;0,5;44,0;0,3
SAN;NL:Q:60157270;IJpenbroekweg;Nijmegen;21,6;0,2;23,8;0,1;13,4;0,1
SAN;NL:Q:60157280;IJpenbroekweg;Nijmegen;1,5;49,0;0,9;45,3;1,2;34,3
SAN;NL:Q:60157290;P+R Nijmegen West;Nijmegen;60,6;50,9;32,3;18,5;16,7;11,4
SAN;NL:Q:60157300;P+R Nijmegen West;Nijmegen;3,1;7,2;0,0;0,0;0,0;0,0
SAN;NL:Q:60157310;Poort Neerbosch ;Nijmegen;62,0;51,9;0,0;0,0;0,0;0,0
SAN;NL:Q:60157320;Poort Neerbosch ;Nijmegen;65,0;63,3;0,0;0,0;0,0;0,0
SAN;NL:Q:60159070;Zellersacker;Nijmegen;88,2;2,8;67,9;1,4;37,6;0,5
SAN;NL:Q:60159080;Hegdambroek;Nijmegen;2,8;52,4;0,9;24,2;0,7;14,5
SAN;NL:Q:60159090;Hillekensacker 10e str.;Nijmegen;72,4;4,2;55,1;2,0;30,0;1,1
SAN;NL:Q:60159110;Leuvensbroek;Nijmegen;138,2;38,4;89,4;8,0;51,4;4,2
SAN;NL:Q:60159120;Wedesteinbroek 12e str.;Nijmegen;4,5;88,5;1,5;26,3;1,3;14,6
SAN;NL:Q:60159130;Wedesteinbroek 22e str.;Nijmegen;37,2;1,9;26,7;0,7;14,3;0,5
SAN;NL:Q:60159140;Wedesteinbroek 22e str.;Nijmegen;1,8;35,4;0,6;26,7;0,4;16,5
SAN;NL:Q:60159150;Wedesteinbroek 12e str.;Nijmegen;79,9;4,5;25,2;0,8;12,9;0,7
SAN;NL:Q:60159160;Hillekensacker 10e str.;Nijmegen;3,2;65,4;1,8;51,2;0,8;29,3
SAN;NL:Q:60159170;Hegdambroek;Nijmegen;51,8;4,6;24,6;1,3;13,8;0,6
SAN;NL:Q:60159180;Leuvensbroek;Nijmegen;38,6;144,7;7,5;87,1;3,5;53,4
SAN;NL:Q:60159220;Zellersacker;Nijmegen;1,8;79,3;0,9;58,1;0,6;38,1
SAN;NL:Q:60190010;Rijksweg;Beek;2,8;13,0;1,1;1,1;0,5;1,0
SAN;NL:Q:60190015;Sint Hubertusweg;Beek;0,2;1,2;0,2;0,9;0,1;0,6
SAN;NL:Q:60190020;Werchensestraat;Wercheren;0,2;0,0;0,0;0,0;0,0;0,0
SAN;NL:Q:60190030;Werchensestraat;Wercheren;0,1;0,2;0,0;0,0;0,0;0,0
SAN;NL:Q:60190040;Sint Hubertusweg;Beek;5,0;1,3;1,1;0,2;0,5;0,2
SAN;NL:Q:60190060;Sportpark;Beek;1,1;0,2;0,9;0,3;0,8;0,0
SAN;NL:Q:60190070;Sportpark;Beek;0,1;0,7;0,2;0,6;0,0;0,5
SAN;NL:Q:60190090;Leuthsestraat;Ooij;0,1;1,4;0,1;1,3;0,2;0,5
SAN;NL:Q:60190100;Erlecomseweg;Erlecom;1,4;0,2;1,3;0,0;0,7;0,0
SAN;NL:Q:60190110;De Sprong;Ooij;4,7;55,6;6,3;42,8;3,4;27,4
SAN;NL:Q:60190120;Steenfabriek;Erlecom;1,5;0,4;1,2;0,0;0,9;0,0
SAN;NL:Q:60190130;Nassaustraat;Ooij;0,6;12,8;1,4;9,1;0,6;4,7
SAN;NL:Q:60190140;Erlecomsedam;Ooij;4,6;1,6;1,9;0,4;1,1;0,2
SAN;NL:Q:60190150;Erlecomsedam;Ooij;1,4;3,8;0,4;1,9;0,7;0,9
SAN;NL:Q:60190160;Nassaustraat;Ooij;16,4;1,0;10,5;1,6;5,1;1,0
SAN;NL:Q:60190170;Steenfabriek;Erlecom;0,1;1,9;0,0;1,7;0,1;1,4
SAN;NL:Q:60190180;De Sprong;Ooij;52,6;4,3;48,7;5,2;25,6;2,6
SAN;NL:Q:60190190;Erlecomseweg;Erlecom;0,1;1,1;0,0;1,1;0,1;0,5
SAN;NL:Q:60190200;Leuthsestraat;Ooij;1,5;0,1;1,3;0,1;0,6;0,0
SAN;NL:Q:60190220;Struikenweg;Ooij;0,0;0,1;0,0;0,1;0,0;0,0
SAN;NL:Q:60190900;Natte Beek;Ubbergen;7,7;0,4;10,5;0,5;4,3;0,3
SAN;NL:Q:60190940;Ubbergse Holleweg;Ubbergen;16,5;8,8;8,0;0,9;5,2;1,0
SAN;NL:Q:60190980;De Refter;Ubbergen;6,9;1,1;7,6;0,9;4,9;0,5
SAN;NL:Q:60191150;Ubbergse Holleweg;Ubbergen;11,0;14,3;1,3;6,5;1,0;4,0
SAN;NL:Q:60191170;De Refter;Ubbergen;1,0;7,9;0,8;9,6;0,5;6,0
SAN;NL:Q:60191190;Natte Beek;Ubbergen;0,3;5,7;0,3;5,6;0,3;3,9
SAN;NL:Q:60195060;Hamerlaan;Berg en Dal;63,9;10,4;61,0;9,7;49,1;7,8
SAN;NL:Q:60195080;de Meerberg;Berg en Dal;37,9;1,4;47,7;1,2;32,0;0,3
SAN;NL:Q:60195100;Nieuwe Holleweg;Berg en Dal;0,0;0,1;0,0;0,1;0,0;0,0
SAN;NL:Q:60195120;Prins Alexanderlaan;Berg en Dal;32,2;0,7;31,9;0,3;17,5;0,1
SAN;NL:Q:60195690;Prins Alexanderlaan;Berg en Dal;0,9;35,1;0,4;39,7;0,3;22,5
SAN;NL:Q:60195730;de Meerberg;Berg en Dal;1,0;36,8;1,3;42,3;0,4;30,8
SAN;NL:Q:60196040;Kwartelstraat;Beek;2,8;2,4;0,0;0,0;0,0;0,0
SAN;NL:Q:60196060;Lindestraat;Beek;0,8;0,5;0,0;0,0;0,0;0,0
SAN;NL:Q:60196090;Kulturhus;Beek;0,5;0,4;0,0;0,0;0,0;0,0
SAN;NL:Q:60196100;Verbindingsweg;Beek;61,0;18,9;45,3;8,3;26,5;5,4
SAN;NL:Q:60196120;van Randwijckweg;Beek;0,0;0,1;0,0;0,0;0,0;0,1
SAN;NL:Q:60196140;Verbindingsweg;Beek;13,4;31,3;7,2;25,9;4,9;17,1
SAN;NL:Q:60196150;De Ravenberg;Beek;3,2;62,6;3,1;58,2;2,6;36,5
SAN;NL:Q:60196155;De Ravenberg;Beek;49,1;2,1;50,6;2,5;29,2;1,7
SAN;NL:Q:60196410;van Randwijckweg;Beek;0,3;3,1;0,0;0,0;0,0;0,0
SAN;NL:Q:60196500;Groot Berg en Dal;Berg en Dal;13,3;70,8;15,6;67,4;3,3;52,7
SAN;NL:Q:60196510;Groot Berg en Dal;Berg en Dal;3,9;3,9;0,0;0,0;0,0;0,0
SAN;NL:Q:60196530;Meidoornstraat;Beek;0,3;0,9;0,0;0,0;0,0;0,0
SAN;NL:Q:60196610;Kalorama;Beek;1,5;0,2;0,0;0,0;0,0;0,0
SAN;NL:Q:60196620;Kalorama;Beek;0,1;1,5;0,0;0,0;0,0;0,0
SAN;NL:Q:60200010;Sluisweg;Heumen;1,9;10,3;0,8;7,2;0,7;6,7
SAN;NL:Q:60200020;Cuijksesteeg;Mook;8,5;1,1;5,4;1,0;4,1;1,1
SAN;NL:Q:60200030;Rijksweg;Molenhoek;3,8;8,9;1,9;6,4;1,2;6,6
SAN;NL:Q:60200035;Mookerhof;Mook;0,8;0,0;0,0;0,0;0,0;0,0
SAN;NL:Q:60200040;Gemeentehuis;Mook;11,6;2,0;7,3;1,2;6,8;0,9
SAN;NL:Q:60200045;Mookerhof;Mook;0,1;0,7;0,0;0,0;0,0;0,0
SAN;NL:Q:60200050;Rijksweg/Veldweg;Mook;1,5;7,7;1,1;4,5;1,1;4,3
SAN;NL:Q:60200055;Winkelcentrum;Mook;0,2;0,5;0,0;0,0;0,0;0,0
SAN;NL:Q:60200060;Rijksweg/Veldweg;Mook;7,9;2,1;5,4;1,0;3,6;0,6
SAN;NL:Q:60200065;Winkelcentrum;Mook;0,2;0,2;0,0;0,0;0,0;0,0
SAN;NL:Q:60200070;Gemeentehuis;Mook;3,0;10,5;1,2;5,5;1,1;6,8
SAN;NL:Q:60200075;Mortel;Mook;0,1;0,8;0,0;0,0;0,0;0,0
SAN;NL:Q:60200080;Rijksweg;Molenhoek;9,5;2,7;9,3;2,0;8,8;1,7
SAN;NL:Q:60200085;Mortel;Mook;0,8;0,1;0,0;0,0;0,0;0,0
SAN;NL:Q:60200090;Cuijksesteeg;Mook;0,9;6,1;0,7;3,8;0,9;3,5
SAN;NL:Q:60200100;Sluisweg;Heumen;10,9;1,5;5,6;0,5;5,7;0,5
SAN;NL:Q:60200250;Station Mook Molenhoek;Molenhoek;4,1;4,4;0,0;0,0;0,0;0,0
SAN;NL:Q:60200260;Station Mook Molenhoek;Molenhoek;4,2;2,8;0,0;0,0;0,0;0,0
SAN;NL:Q:60200330;Begraafplaats;Mook;0,1;0,2;0,0;0,0;0,0;0,0
SAN;NL:Q:60200340;Begraafplaats;Mook;0,0;0,0;0,0;0,0;0,0;0,0
SAN;NL:Q:60200390;Centrum;Molenhoek;0,2;1,4;0,0;0,0;0,0;0,0
SAN;NL:Q:60200400;Centrum;Molenhoek;1,0;0,4;0,0;0,0;0,0;0,0
SAN;NL:Q:60200410;Kerk;Molenhoek;0,2;0,4;0,0;0,0;0,0;0,0
SAN;NL:Q:60200420;Kerk;Molenhoek;0,5;0,2;0,0;0,0;0,0;0,0
SAN;NL:Q:60210010;Stekkenberg;Groesbeek;6,7;67,0;6,1;48,4;2,6;38,6
SAN;NL:Q:60210021;Hemeltje;Breedeweg;16,8;0,1;9,2;0,1;4,7;0,0
SAN;NL:Q:60210030;Nieuweweg;Groesbeek;1,4;39,5;1,3;31,3;0,7;25,0
SAN;NL:Q:60210041;2e Colonjes;Groesbeek;19,7;0,2;15,3;0,2;8,1;0,0
SAN;NL:Q:60210050;De Oude Molen;Groesbeek;1,5;34,6;1,0;30,7;1,0;20,9
SAN;NL:Q:60210060;Herwendaal;Groesbeek;26,1;1,5;19,1;1,1;11,8;1,1
SAN;NL:Q:60210070;Händelstraat;Groesbeek;1,5;82,8;0,7;61,4;0,6;45,5
SAN;NL:Q:60210080;Zuidmolen;Groesbeek;84,5;5,2;68,2;3,5;39,1;1,3
SAN;NL:Q:60210090;Centrum;Groesbeek;22,8;213,2;12,6;133,6;4,8;89,2
SAN;NL:Q:60210110;Zuidmolen;Groesbeek;2,2;42,4;1,4;30,4;0,6;22,2
SAN;NL:Q:60210115;Zuidmolen;Groesbeek;1,3;1,1;0,0;0,0;0,0;0,0
SAN;NL:Q:60210120;Centrum;Groesbeek;278,0;20,9;198,4;12,1;121,6;4,6
SAN;NL:Q:60210130;Herwendaal;Groesbeek;2,0;25,2;1,2;15,1;0,8;9,7
SAN;NL:Q:60210140;De Oude Molen;Groesbeek;48,6;2,3;45,2;1,9;30,4;1,3
SAN;NL:Q:60210152;2e Colonjes;Groesbeek;0,2;15,5;0,1;13,0;0,1;8,0
SAN;NL:Q:60210160;Nieuweweg;Groesbeek;43,1;3,3;33,8;2,7;21,8;1,7
SAN;NL:Q:60210172;Hemeltje;Breedeweg;0,2;17,2;0,1;9,6;0,1;5,9
SAN;NL:Q:60210180;Stekkenberg;Groesbeek;60,8;10,2;44,3;8,7;31,5;4,1
SAN;NL:Q:60210191;Kerkplein;Breedeweg;75,6;60,7;47,1;33,7;26,0;20,1
SAN;NL:Q:60210210;Zuidmolen;Groesbeek;1,2;52,1;1,2;37,7;0,6;25,7
SAN;NL:Q:60210220;Hoge Horst;De Horst;1,5;0,0;1,1;0,2;0,3;0,0
SAN;NL:Q:60210240;Kruispunt;Groesbeek;15,0;0,1;9,1;0,1;5,4;0,1
SAN;NL:Q:60210250;Gooiseweg;Groesbeek;0,3;16,8;0,3;11,1;0,2;7,8
SAN;NL:Q:60210260;Kloosterstraat;Groesbeek;41,4;0,7;25,1;0,4;16,2;0,4
SAN;NL:Q:60210270;Kloosterstraat;Groesbeek;0,4;34,1;0,5;19,6;0,3;12,2
SAN;NL:Q:60210280;Gooiseweg;Groesbeek;20,2;0,3;13,1;0,4;6,7;0,1
SAN;NL:Q:60210290;Kruispunt;Groesbeek;0,2;8,7;0,1;4,9;0,1;2,8
SAN;NL:Q:60210310;Hoge Horst;De Horst;0,0;1,6;0,0;0,8;0,1;0,5
SAN;NL:Q:60210330;Kerk;De Horst;34,1;31,5;23,9;20,5;13,9;12,2
SAN;NL:Q:60210350;De Mallemolen;Groesbeek;0,1;0,0;0,0;0,0;0,0;0,0
SAN;NL:Q:60210370;Gezondheidscentrum;Groesbeek;0,0;0,0;0,0;0,0;0,0;0,0
SAN;NL:Q:60211030;De Wolfsberg;Groesbeek;0,3;0,3;0,0;0,0;0,0;0,0
SAN;NL:Q:60211040;De Wolfsberg;Groesbeek;0,2;0,3;0,0;0,0;0,0;0,0
SAN;NL:Q:60211160;Henry Dunantstraat;Groesbeek;0,0;0,0;0,0;0,0;0,0;0,0
SAN;NL:Q:60211630;Canadese Begraafplaats;Groesbeek;0,4;0,7;0,0;0,0;0,0;0,0
SAN;NL:Q:60211640;Canadese Begraafplaats;Groesbeek;0,3;0,4;0,0;0,0;0,0;0,0
SAN;NL:Q:60214070;Winkelc. Margrietstraat;Groesbeek;0,0;0,0;0,0;0,0;0,0;0,0
SAN;NL:Q:60214100;Burg. Ottenhoffstraat;Groesbeek;0,0;0,0;0,0;0,0;0,0;0,0
SAN;NL:Q:60214110;Zwembad De Lubert;Groesbeek;0,0;0,0;0,0;0,0;0,0;0,0
SAN;NL:Q:60214130;Scholen;Groesbeek;0,0;0,0;0,0;0,0;0,0;0,0
SAN;NL:Q:60214140;Scholen;Groesbeek;0,0;0,0;0,0;0,0;0,0;0,0
SAN;NL:Q:60214150;Sportpark Zuid;Groesbeek;0,0;0,0;0,0;0,0;0,0;0,0
SAN;NL:Q:60214270;De Strekel;Groesbeek;0,0;0,0;0,0;0,0;0,0;0,0
SAN;NL:Q:60214280;De Strekel;Groesbeek;0,0;0,0;0,0;0,0;0,0;0,0
SAN;NL:Q:60250010;Rijdtsestraat;Alverna;0,6;3,1;0,4;1,3;0,2;0,9
SAN;NL:Q:60250020;Eindsestraat;Nederasselt;8,4;2,0;5,1;1,1;3,7;1,0
SAN;NL:Q:60250030;Eindsestraat;Nederasselt;2,9;11,0;2,0;5,4;1,6;4,9
SAN;NL:Q:60250040;Rijdtsestraat;Alverna;3,0;0,7;1,6;0,2;0,8;0,1
SAN;NL:Q:60250050;Broekstraat;Nederasselt;0,5;4,3;0,1;0,8;0,1;0,8
SAN;NL:Q:60250060;Eindsestraat;Nederasselt;1,0;0,1;0,0;0,0;0,0;0,0
SAN;NL:Q:60250070;Kuilstraat;Nederasselt;1,0;8,7;0,2;1,8;0,3;2,5
SAN;NL:Q:60250080;Broekstraat;Nederasselt;6,6;1,0;1,0;0,2;1,4;0,2
SAN;NL:Q:60250100;Kuilstraat;Nederasselt;8,4;0,7;3,2;0,2;2,2;0,3
SAN;NL:Q:60250110;Veldsestraat;Balgoij;0,3;0,5;0,0;0,0;0,0;0,0
SAN;NL:Q:60250120;Veldsestraat;Balgoij;0,6;0,1;0,0;0,0;0,0;0,0
SAN;NL:Q:60250130;Wegelaar;Balgoij;0,1;0,3;0,0;0,0;0,0;0,0
SAN;NL:Q:60250140;Wegelaar;Balgoij;0,2;0,1;0,0;0,0;0,0;0,0
SAN;NL:Q:60250310;Oosterweg;Alverna;1,4;3,2;0,4;2,6;0,4;1,0
SAN;NL:Q:60250320;Oosterweg;Alverna;2,7;2,0;0,9;0,5;1,0;0,3
SAN;NL:Q:60250330;Huurlingsedam;Alverna;1,4;6,7;0,7;3,8;0,5;3,4
SAN;NL:Q:60250340;Huurlingsedam;Alverna;7,5;1,2;5,4;0,7;3,1;0,3
SAN;NL:Q:60290010;Duffeltdijk;Leuth;0,0;1,7;0,1;1,5;0,0;1,5
SAN;NL:Q:60290020;Industrieterrein;Leuth;0,9;0,4;0,4;0,1;0,4;0,3
SAN;NL:Q:60290030;De Hoge Kamp;Leuth;0,5;8,2;0,6;7,6;0,5;4,7
SAN;NL:Q:60290040;Morgenstraat;Leuth;14,6;3,3;11,5;2,8;7,0;1,2
SAN;NL:Q:60290050;Klaproosstraat;Leuth;1,1;8,9;1,7;6,5;2,2;5,0
SAN;NL:Q:60290060;Kerkplein;Leuth;34,3;4,8;14,6;3,0;9,3;1,9
SAN;NL:Q:60290070;Kerkplein;Leuth;5,1;34,5;3,3;14,2;1,8;8,5
SAN;NL:Q:60290080;Klaproosstraat;Leuth;5,9;1,1;5,5;1,9;3,8;1,2
SAN;NL:Q:60290090;Morgenstraat;Leuth;2,1;11,1;2,0;8,8;1,0;5,8
SAN;NL:Q:60290100;De Hoge Kamp;Leuth;6,9;0,4;7,2;1,0;4,0;0,1
SAN;NL:Q:60290110;Industrieterrein;Leuth;0,5;0,8;0,1;0,5;0,0;0,3
SAN;NL:Q:60290120;Duffeltdijk;Leuth;1,3;0,1;0,9;0,2;0,6;0,1
SAN;NL:Q:60290140;Biesterveld;Leuth;0,2;0,0;0,2;0,0;0,2;0,0
SAN;NL:Q:60290150;Biesterveld;Leuth;0,0;0,2;0,0;0,2;0,0;0,2
SAN;NL:Q:60290170;Molen;Kekerdom;0,0;0,2;0,0;0,1;0,0;0,0
SAN;NL:Q:60290180;Molen;Kekerdom;0,1;0,0;0,2;0,0;0,0;0,0
SAN;NL:Q:60290190;Eversberg;Kekerdom;0,0;1,1;0,0;1,3;0,0;1,1
SAN;NL:Q:60290200;Eversberg;Kekerdom;0,5;0,0;0,5;0,0;0,2;0,0
SAN;NL:Q:60290230;Weverstraat;Kekerdom;1,8;13,3;0,5;9,3;0,9;5,5
SAN;NL:Q:60290240;Weverstraat;Kekerdom;15,1;2,2;9,8;1,5;6,3;1,2
SAN;NL:Q:60300030;Rijksweg/Witteweg;Plasmolen;1,2;8,6;1,0;7,3;2,4;8,4
SAN;NL:Q:60300100;Rijksweg/Witteweg;Plasmolen;9,5;1,6;8,2;3,2;10,2;2,2
SAN;NL:Q:60300110;Helweg;Milsbeek;2,4;0,2;2,4;0,3;2,6;0,3
SAN;NL:Q:60300130;Milsbeek Zuid;Milsbeek;1,6;0,1;0,8;0,0;0,8;0,1
SAN;NL:Q:60300140;Oudebaan;Milsbeek;0,1;6,2;0,2;2,2;0,1;2,8
SAN;NL:Q:60300150;Oudebaan;Milsbeek;1,9;0,1;1,4;0,1;0,9;0,1
SAN;NL:Q:60300160;Rijksweg/Kerkstraat;Milsbeek;0,8;8,5;0,5;3,6;0,3;3,9
SAN;NL:Q:60300170;Rijksweg/Kerkstraat;Milsbeek;15,3;0,8;8,5;0,6;8,3;0,6
SAN;NL:Q:60300180;Milsbeek Zuid;Milsbeek;0,1;1,2;0,0;0,6;0,2;0,9
SAN;NL:Q:60300220;Helweg;Milsbeek;0,2;2,5;0,4;2,0;0,5;3,4
SAN;NL:Q:60300260;Plein;Plasmolen;0,9;0,1;0,0;0,0;0,0;0,0
SAN;NL:Q:60300270;Plein;Plasmolen;0,5;1,0;0,0;0,0;0,0;0,0
SAN;NL:Q:60300290;Gemeenschapshuis;Middelaar;1,3;1,5;0,0;0,0;0,0;0,0
SAN;NL:Q:60300295;Kopseweg;Middelaar;0,2;0,1;0,0;0,0;0,0;0,0
SAN;NL:Q:60300300;Elzenstraat;Middelaar;0,6;0,0;0,0;0,0;0,0;0,0
SAN;NL:Q:60300305;Bouwsteeg;Middelaar;0,6;0,1;0,0;0,0;0,0;0,0
SAN;NL:Q:60300310;Elzenstraat;Middelaar;0,7;1,4;0,0;0,0;0,0;0,0
SAN;NL:Q:60350010;Busstation;Grave;200,2;112,5;79,7;32,2;54,2;37,5
SAN;NL:Q:60350014;Busstation;Grave;8,2;1,2;0,0;0,0;0,0;0,0
SAN;NL:Q:60350020;Binckhof;Velp;5,6;0,2;4,7;0,2;3,4;0,1
SAN;NL:Q:60350030;Stoofweg;Grave;1,5;22,6;0,8;12,3;0,7;9,0
SAN;NL:Q:60350040;Generaal de Bonsweg;Grave;24,3;0,6;16,8;0,7;14,4;0,7
SAN;NL:Q:60350050;Busstation;Grave;18,0;78,9;6,9;45,5;4,2;24,9
SAN;NL:Q:60350055;Stoofweg;Grave;0,2;3,4;0,0;0,0;0,0;0,0
SAN;NL:Q:60350060;Stoofweg;Grave;24,2;1,3;12,8;1,0;8,7;0,6
SAN;NL:Q:60350070;Generaal de Bonsweg;Grave;0,6;17,9;1,0;13,0;0,6;14,7
SAN;NL:Q:60350090;Binckhof;Velp;0,2;8,8;0,2;5,2;0,1;3,4
SAN;NL:Q:60350120;Burg. de Bourbonplein;Escharen;0,4;0,0;0,0;0,0;0,0;0,0
SAN;NL:Q:60350140;Estersveld;Grave;4,9;0,0;0,0;0,0;0,0;0,0
SAN;NL:Q:60350210;Tijmlaan;Grave;0,1;1,2;0,0;0,0;0,0;0,0
SAN;NL:Q:60350230;Estersveld;Grave;0,3;3,1;0,0;0,0;0,0;0,0
SAN;NL:Q:60350250;Burg. de Bourbonplein;Escharen;1,0;0,9;0,0;0,0;0,0;0,0
SAN;NL:Q:60350320;Tijmlaan;Grave;1,3;0,0;0,0;0,0;0,0;0,0
SAN;NL:Q:60350580;Prins Willem Alexanderplantsoen;Grave;0,9;0,0;0,0;0,0;0,0;0,0
SAN;NL:Q:60355580;Prins Willem Alexanderplantsoen;Grave;0,1;0,5;0,0;0,0;0,0;0,0
SAN;NL:Q:60390040;Rembrandtstraat;Millingen aan de Rijn;43,3;0,1;20,1;0,1;10,8;0,0
SAN;NL:Q:60390060;Sportpark;Millingen aan de Rijn;20,0;0,1;15,1;0,2;9,0;0,0
SAN;NL:Q:60390080;Gemeentehuis;Millingen aan de Rijn;105,5;0,5;67,3;0,8;38,7;0,2
SAN;NL:Q:60390090;Molenveld;Millingen aan de Rijn;0,3;13,5;0,4;8,7;0,1;4,5
SAN;NL:Q:60390110;Gezondheidscentrum;Millingen aan de Rijn;0,4;42,6;0,4;22,2;0,2;15,6
SAN;NL:Q:60390120;Gezondheidscentrum;Millingen aan de Rijn;37,6;0,6;20,8;0,2;12,4;0,1
SAN;NL:Q:60390140;Molenveld;Millingen aan de Rijn;10,4;0,3;7,1;0,6;3,1;0,1
SAN;NL:Q:60390150;Gemeentehuis;Millingen aan de Rijn;0,6;103,5;0,9;61,4;0,2;37,5
SAN;NL:Q:60390170;Sportpark;Millingen aan de Rijn;0,2;22,0;0,2;14,1;0,1;9,4
SAN;NL:Q:60390190;Rembrandtstraat;Millingen aan de Rijn;0,1;37,8;0,1;16,4;0,1;10,6
SAN;NL:Q:60390210;Grenskantoor;Millingen aan de Rijn;17,8;13,6;9,0;7,1;6,2;5,2
SAN;NL:Q:60399000;Rivierstraat;Millingen aan de Rijn;0,6;0,0;0,2;0,0;0,0;0,0
SAN;NL:Q:60399010;Rivierstraat;Millingen aan de Rijn;0,0;0,5;0,0;0,5;0,0;0,0
SAN;NL:Q:60399020;Steenstraat;Millingen aan de Rijn;0,1;0,0;0,2;0,0;0,0;0,0
SAN;NL:Q:60399030;Steenstraat;Millingen aan de Rijn;0,0;0,3;0,0;0,6;0,0;0,0
SAN;NL:Q:60400100;Drie Kronen;Ottersum;0,1;1,5;0,0;0,5;0,0;0,2
SAN;NL:Q:60400110;Drie Kronen;Ottersum;2,5;0,3;0,4;0,0;0,3;0,0
SAN;NL:Q:60450315;Mgr. Borretstraat;Reek;0,4;8,1;1,2;4,5;0,9;2,9
SAN;NL:Q:60450325;Mgr. Borretstraat;Reek;6,0;0,5;4,4;0,7;2,9;0,7
SAN;NL:Q:60500010;Busstation;Gennep;52,3;8,1;21,7;2,8;19,3;7,0
SAN;NL:Q:60500020;Busstation;Gennep;2,8;38,0;2,2;16,9;4,0;14,4
SAN;NL:Q:60500210;Heijenseweg;Gennep;0,1;0,3;0,0;0,2;0,1;0,1
SAN;NL:Q:60500220;Heijenseweg;Gennep;0,4;0,0;0,2;0,2;0,1;0,1
SAN;NL:Q:60500250;Niersbrug;Gennep;0,4;8,0;0,3;6,8;0,4;6,0
SAN;NL:Q:60500260;Niersbrug;Gennep;9,8;0,4;9,2;0,6;8,8;0,5
SAN;NL:Q:60500270;Stiemensweg;Gennep;1,2;0,7;0,1;0,5;0,2;0,2
SAN;NL:Q:60500280;Stiemensweg;Gennep;2,0;0,9;0,9;0,2;1,1;0,2
SAN;NL:Q:60500290;Wilhelminaplein;Gennep;1,9;19,3;4,3;10,6;2,9;11,4
SAN;NL:Q:60500300;Wilhelminaplein;Gennep;16,6;2,5;12,4;4,4;9,1;2,5
SAN;NL:Q:60500330;De Groote Heeze;Heijen;0,3;1,3;0,0;0,1;0,0;0,0
SAN;NL:Q:60500340;De Groote Heeze;Heijen;1,0;0,4;0,1;0,0;0,1;0,0
SAN;NL:Q:60500350;Heesweg;Heijen;0,1;1,1;0,0;0,7;0,1;0,7
SAN;NL:Q:60500360;Heesweg;Heijen;0,9;0,1;1,1;0,1;0,7;0,1
SAN;NL:Q:60500370;Heijen Zuid;Heijen;0,2;2,0;0,5;3,5;0,2;2,6
SAN;NL:Q:60500380;Heijen Zuid;Heijen;2,2;0,1;3,8;0,2;2,8;0,4
SAN;NL:Q:60500390;Nieuwwijkstraat;Heijen;0,4;2,0;0,5;2,5;0,3;1,9
SAN;NL:Q:60500400;Nieuwwijkstraat;Heijen;2,6;0,3;4,0;0,3;2,8;0,5
SAN;NL:Q:60500430;Ottersumseweg;Ottersum;0,4;22,1;0,4;8,0;0,2;8,8
SAN;NL:Q:60500440;Ottersumseweg;Ottersum;27,3;0,2;11,8;0,2;10,5;0,2
SAN;NL:Q:60550170;Voederheil;Zeeland;0,5;3,8;0,2;2,0;0,2;2,3
SAN;NL:Q:60550180;Voederheil;Zeeland;3,1;0,4;2,3;0,3;2,2;0,3
SAN;NL:Q:60550190;Tweehekkenweg;Zeeland;2,0;19,9;2,9;5,2;1,7;3,9
SAN;NL:Q:60550200;Tweehekkenweg;Zeeland;15,2;2,1;6,4;3,0;5,3;1,6
SAN;NL:Q:60600100;Gening;Afferden;0,2;1,2;0,3;1,2;0,4;0,5
SAN;NL:Q:60600110;Gening;Afferden;1,3;0,3;1,1;0,9;0,9;0,3
SAN;NL:Q:60600120;Hengeland;Afferden;0,0;0,3;0,0;0,5;0,0;0,2
SAN;NL:Q:60600130;Hengeland;Afferden;0,2;0,0;0,2;0,0;0,2;0,1
SAN;NL:Q:60600140;Heukelom;Afferden;0,0;0,1;0,0;0,1;0,0;0,1
SAN;NL:Q:60600150;Heukelom;Afferden;0,1;0,0;0,1;0,0;0,2;0,0
SAN;NL:Q:60600160;Veer naar Sambeek;Afferden;0,5;1,4;0,8;1,3;0,4;0,7
SAN;NL:Q:60600170;Veer naar Sambeek;Afferden;1,5;0,4;1,5;0,6;1,3;0,4
SAN;NL:Q:60600200;Heijense Molen;Heijen;0,2;0,5;0,7;0,5;0,4;0,8
SAN;NL:Q:60600210;Heijense Molen;Heijen;0,9;0,2;1,8;0,4;1,4;0,5
SAN;NL:Q:60600220;Heiland;Heijen;0,3;4,3;0,1;2,6;0,1;2,3
SAN;NL:Q:60600230;Heiland;Heijen;5,7;0,2;3,5;0,2;2,4;0,2
SAN;NL:Q:60650250;Wijsthoek;Uden;0,5;14,9;0,5;4,3;0,2;2,6
SAN;NL:Q:60650460;Busstation;Uden;60,9;80,6;35,7;38,5;27,3;22,2
SAN;NL:Q:60651160;Hoevenseweg;Uden;0,4;5,0;0,4;1,9;0,2;1,1
SAN;NL:Q:60651180;Hoevenseweg;Uden;4,9;0,7;1,8;0,5;1,6;0,2
SAN;NL:Q:60651380;Wijsthoek;Uden;10,4;0,4;4,9;0,7;3,3;0,3
SAN;NL:Q:60700100;Aijerdijk;Aijen;0,1;0,6;0,0;0,1;0,3;0,3
SAN;NL:Q:60700110;Aijerdijk;Aijen;0,6;0,1;0,3;0,1;0,3;0,1
SAN;NL:Q:60700160;Bergse Heide;Nieuw-Bergen;0,1;0,8;0,1;0,3;0,2;0,4
SAN;NL:Q:60700170;Bergse Heide;Nieuw-Bergen;0,9;0,1;0,6;0,1;0,4;0,0
SAN;NL:Q:60700180;De Flammert;Nieuw-Bergen;0,1;0,3;0,1;0,2;0,0;0,1
SAN;NL:Q:60700190;De Flammert;Nieuw-Bergen;0,2;0,1;0,2;0,2;0,1;0,0
SAN;NL:Q:60700200;Gemeentehuis;Nieuw-Bergen;1,5;8,9;2,7;4,7;2,0;4,1
SAN;NL:Q:60700210;Gemeentehuis;Nieuw-Bergen;9,3;1,9;5,6;1,6;4,7;1,8
SAN;NL:Q:61120010;Kerkstraat;Weurt;15,3;85,9;9,3;65,4;5,9;37,9
SAN;NL:Q:61120020;Hommelstraat;Beuningen;10,2;5,6;7,6;1,9;3,5;1,3
SAN;NL:Q:61120040;Kerk;Beuningen;46,4;22,9;40,9;14,7;19,4;5,7
SAN;NL:Q:61120050;Distelakkerstraat;Beuningen;1,0;11,8;0,8;10,8;0,6;7,3
SAN;NL:Q:61120060;Distelakkerstraat;Beuningen;10,8;1,0;10,4;1,2;6,4;0,5
SAN;NL:Q:61120070;Kerk;Beuningen;24,1;54,4;15,2;42,1;5,4;28,6
SAN;NL:Q:61120080;Kerk;Beuningen;14,2;11,1;0,0;0,0;0,0;0,0
SAN;NL:Q:61120090;Hommelstraat;Beuningen;5,2;10,0;2,0;8,4;0,9;4,7
SAN;NL:Q:61120100;Kerkstraat;Weurt;84,9;14,5;70,7;9,5;36,1;5,6
SAN;NL:Q:61120110;Pottenbakker;Beuningen;37,0;2,2;24,2;0,4;13,4;0,2
SAN;NL:Q:61120120;Haagstraat;Beuningen;0,5;15,5;0,2;13,1;0,2;8,3
SAN;NL:Q:61120130;Sporthal de Tinnegieter;Beuningen;84,8;5,9;62,1;1,1;39,6;1,1
SAN;NL:Q:61120150;Centrum;Beuningen;124,6;21,5;105,0;11,2;54,7;5,8
SAN;NL:Q:61120180;Centrum;Beuningen;21,5;131,8;11,1;104,3;5,6;53,0
SAN;NL:Q:61120200;Sporthal de Tinnegieter;Beuningen;6,3;71,8;1,3;51,2;1,1;32,7
SAN;NL:Q:61120210;Haagstraat;Beuningen;11,7;0,5;12,9;0,2;5,8;0,2
SAN;NL:Q:61120220;Pottenbakker;Beuningen;2,5;40,9;0,2;27,2;0,2;17,3
SAN;NL:Q:61120230;Schacht;Beuningen;85,1;5,2;61,8;0,3;39,5;0,5
SAN;NL:Q:61120240;Schacht;Beuningen;6,4;68,6;0,9;49,4;0,4;34,8
SAN;NL:Q:61120250;Aalsterveld;Beuningen;92,9;16,0;65,1;0,8;41,8;0,8
SAN;NL:Q:61120260;Aalsterveld;Beuningen;15,4;84,8;1,0;55,0;0,6;40,9
SAN;NL:Q:61120270;Wilgenoord;Beuningen;6,7;33,5;0,2;21,4;0,1;13,9
SAN;NL:Q:61120280;Wilgenoord;Beuningen;27,9;10,0;20,9;0,2;12,0;0,1
SAN;NL:Q:61120290;Hadrianussingel;Beuningen;1,6;9,3;0,3;10,2;0,1;7,2
SAN;NL:Q:61120300;Hadrianussingel;Beuningen;6,1;1,9;9,2;0,0;4,8;0,0
SAN;NL:Q:61120310;Tiberiuslaan;Beuningen;12,1;15,7;1,9;17,4;0,6;12,4
SAN;NL:Q:61120320;Tiberiuslaan;Beuningen;10,8;8,5;21,3;1,8;12,3;1,8
SAN;NL:Q:61120370;Lavendelstraat;Beuningen;45,6;1,0;42,1;0,7;22,0;0,2
SAN;NL:Q:61120380;Lavendelstraat;Beuningen;1,2;47,3;1,2;41,1;0,8;25,3
SAN;NL:Q:61120470;Gemeentehuis;Beuningen;5,1;37,8;3,3;33,8;1,4;22,8
SAN;NL:Q:61120480;Gemeentehuis;Beuningen;37,9;5,5;29,8;2,7;21,7;1,3
SAN;NL:Q:61120490;Beatrixplein;Beuningen;0,2;3,4;0,0;0,0;0,0;0,0
SAN;NL:Q:61120500;Beatrixplein;Beuningen;3,6;0,0;0,0;0,0;0,0;0,0
SAN;NL:Q:61121300;Forelgracht;Beuningen;1,8;0,1;0,0;0,0;0,0;0,0
SAN;NL:Q:61121310;Forelgracht;Beuningen;0,7;2,9;0,0;0,0;0,0;0,0
SAN;NL:Q:61121320;Snoekgracht;Beuningen;3,6;1,3;0,0;0,0;0,0;0,0
SAN;NL:Q:61121330;Snoekgracht;Beuningen;3,3;2,8;0,0;0,0;0,0;0,0
SAN;NL:Q:61121340;Ganzeneiland;Beuningen;2,3;0,4;0,0;0,0;0,0;0,0
SAN;NL:Q:61121350;Ganzeneiland;Beuningen;0,8;1,7;0,0;0,0;0,0;0,0
SAN;NL:Q:61121360;Wolfsbossingel;Beuningen;2,7;0,1;0,0;0,0;0,0;0,0
SAN;NL:Q:61121370;Wolfsbossingel;Beuningen;0,2;2,2;0,0;0,0;0,0;0,0
SAN;NL:Q:61129270;Wilgenoord;Beuningen Gld;0,0;0,0;0,0;0,0;0,0;0,0
SAN;NL:Q:61190010;de Pas;Bemmel;0,5;0,1;0,5;0,2;0,0;0,1
SAN;NL:Q:61190030;Het Nevelveld;Doornik;1,1;0,1;0,6;0,1;0,7;0,1
SAN;NL:Q:61190040;Het Nevelveld;Doornik;0,1;0,5;0,2;0,2;0,1;0,2
SAN;NL:Q:61190051;Zandsepad;Doornik;2,8;0,9;2,3;0,6;0,9;0,6
SAN;NL:Q:61190061;Zandsepad;Doornik;1,0;3,3;0,7;2,8;0,5;1,6
SAN;NL:Q:61190070;Doornik;Doornik;1,8;0,4;1,9;0,4;1,1;0,4
SAN;NL:Q:61190080;Doornik;Doornik;0,3;2,2;0,1;2,5;0,3;1,4
SAN;NL:Q:61190090;Bekkersland;Doornik;1,7;0,8;2,8;0,8;0,8;0,3
SAN;NL:Q:61190100;Bekkersland;Doornik;0,7;1,2;1,3;2,8;0,4;0,9
SAN;NL:Q:61190120;Eikenlaan;Lent;0,4;10,9;0,2;10,7;0,2;6,4
SAN;NL:Q:61190122;Laauwikstraat;Lent;1,3;10,2;1,3;7,0;0,6;4,8
SAN;NL:Q:61190130;Petuniastraat;Lent;22,4;1,0;19,0;0,9;13,2;0,5
SAN;NL:Q:61190140;Petuniastraat;Lent;0,8;19,5;0,6;16,3;0,3;10,9
SAN;NL:Q:61190150;Lentseveld;Lent;29,9;4,9;26,9;2,0;12,7;1,0
SAN;NL:Q:61190160;Lentseveld;Lent;3,6;20,1;2,5;18,0;1,3;8,8
SAN;NL:Q:61190190;Citadel College;Lent;14,7;5,3;11,3;2,3;7,6;1,0
SAN;NL:Q:61190200;Citadel College;Lent;6,3;13,7;1,8;10,3;1,1;7,6
SAN;NL:Q:61190230;Station Lent Laauwikstraat;Lent;75,9;36,4;83,7;21,9;54,7;15,2
SAN;NL:Q:61190240;Station Lent Laauwikstraat;Lent;39,1;104,0;26,7;101,5;16,4;75,9
SAN;NL:Q:61190250;Eikenlaan;Lent;16,6;0,6;16,8;0,5;10,3;0,2
SAN;NL:Q:61190270;Station Lent;Lent;13,0;17,8;14,6;11,8;12,3;8,4
SAN;NL:Q:61190280;Station Lent;Lent;13,1;8,3;10,5;7,6;8,0;6,4
SAN;NL:Q:61190300;Stationsstraat;Lent;30,3;37,6;13,2;21,0;6,2;14,7
SAN;NL:Q:61190310;Stationsstraat;Oosterhout;37,5;37,0;19,0;13,1;14,6;6,9
SAN;NL:Q:61190330;Kerkenhofstraat;Ressen;4,8;1,7;7,1;2,0;6,4;1,0
SAN;NL:Q:61190350;Oude Groenestraat;Oosterhout;62,9;26,1;39,0;11,4;27,5;7,9
SAN;NL:Q:61190360;Oude Groenestraat;Oosterhout;25,7;57,2;15,0;41,7;9,6;32,5
SAN;NL:Q:61190370;Turennesingel;Lent;8,1;2,0;6,2;1,5;2,2;0,8
SAN;NL:Q:61190380;Turennesingel;Lent;1,4;7,0;0,7;6,5;0,4;3,5
SAN;NL:Q:61190390;Dijkstraat;Lent;37,3;8,6;27,1;3,1;13,4;2,0
SAN;NL:Q:61190400;Dijkstraat;Lent;7,3;33,3;3,2;22,7;1,6;14,9
SAN;NL:Q:61190410;Kruidenstraat;Oosterhout;15,8;1,8;11,5;1,4;5,2;0,8
SAN;NL:Q:61190420;Kruidenstraat;Oosterhout;1,6;14,2;1,2;10,3;0,6;5,3
SAN;NL:Q:61190450;Italiëstraat;Lent;15,4;4,4;14,8;1,9;12,1;2,0
SAN;NL:Q:61190460;Italiëstraat;Lent;4,6;13,7;2,0;15,0;1,4;11,7
SAN;NL:Q:61190470;Terracottastraat;Oosterhout;82,9;24,9;57,7;12,2;48,9;8,7
SAN;NL:Q:61190480;Terracottastraat;Oosterhout;25,8;76,5;12,7;61,5;9,5;52,4
SAN;NL:Q:61190530;Hof van Holland;Lent;45,5;35,6;43,3;31,4;20,5;23,0
SAN;NL:Q:61190540;Hof van Holland;Lent;41,3;50,1;32,0;44,6;24,8;26,4
SAN;NL:Q:61190710;Jonagoldstraat;Oosterhout;84,4;10,2;63,6;6,6;33,5;3,4
SAN;NL:Q:61190720;Jonagoldstraat;Oosterhout;11,4;83,2;7,3;54,8;3,8;33,4
SAN;NL:Q:61190750;De Klif;Oosterhout;68,2;5,2;45,8;3,7;25,1;1,8
SAN;NL:Q:61190760;De Klif;Oosterhout;4,6;64,9;3,5;40,8;1,6;24,4
SAN;NL:Q:61190790;Aquilastraat;Oosterhout;40,2;2,7;31,8;2,0;14,4;1,1
SAN;NL:Q:61190800;Aquilastraat;Oosterhout;2,9;48,2;2,8;31,9;1,1;19,4
SAN;NL:Q:61191390;Frankrijkstraat;Lent;0,4;64,7;0,4;54,5;0,2;33,3
SAN;NL:Q:61191400;Frankrijkstraat;Lent;67,9;0,3;60,9;0,3;35,6;0,4
SAN;NL:Q:61191410;De Ster;Lent;0,5;68,0;0,5;49,3;0,4;32,1
SAN;NL:Q:61191460;De Ster;Lent;62,9;0,3;46,5;0,2;27,9;0,2
SAN;NL:Q:61191490;Dalidastraat;Lent;0,7;17,9;0,6;12,8;0,6;8,8
SAN;NL:Q:61191510;Thermion (West);Lent;0,1;14,1;0,1;8,0;0,0;5,4
SAN;NL:Q:61191520;Thermion (Oost);Lent;45,9;7,3;32,3;3,8;18,3;3,1
SAN;NL:Q:61191550;Fluitenkruid;Lent;28,9;0,2;25,8;0,1;14,1;0,0
SAN;NL:Q:61191560;Fluitenkruid;Lent;0,4;26,9;0,3;22,5;0,1;15,2
SAN;NL:Q:61191580;Veur Lent;Lent;1,4;14,6;1,5;14,8;1,3;9,4
SAN;NL:Q:61191590;Veur Lent;Lent;8,9;1,7;9,7;1,7;6,6;0,9
SAN;NL:Q:61191600;Duitslandstraat;Lent;1,6;7,2;1,1;8,8;0,9;4,4
SAN;NL:Q:61191610;Duitslandstraat;Lent;9,3;2,0;8,2;2,0;4,7;1,3
SAN;NL:Q:61192000;P+R Waalsprinter;Ressen;50,7;57,8;56,3;59,6;42,6;46,8
SAN;NL:Q:61200080;Gansstraat;Oosterhout;11,7;6,3;7,3;1,7;4,4;1,9
SAN;NL:Q:61200230;Zandstraat;Oosterhout;2,2;1,1;2,0;0,2;1,1;0,1
SAN;NL:Q:61200250;Vredesplein;Oosterhout;3,9;0,2;1,7;0,0;0,7;0,0
SAN;NL:Q:61200290;Peperstraat;Oosterhout;2,5;9,8;1,3;5,6;1,0;3,8
SAN;NL:Q:61220010;Julianastraat;Ewijk;10,4;42,7;4,9;27,4;1,8;12,8
SAN;NL:Q:61220020;Deijnschestraat;Winssen;2,2;0,7;2,3;0,2;1,2;0,1
SAN;NL:Q:61220030;Molenweg;Ewijk;0,3;3,7;0,1;3,5;0,1;1,6
SAN;NL:Q:61220040;Geerstraat;Winssen;4,1;0,5;2,4;0,8;1,5;0,2
SAN;NL:Q:61220060;Leegstraat;Winssen;20,2;3,6;18,8;2,5;8,4;1,0
SAN;NL:Q:61220070;Leegstraat;Winssen;3,7;17,8;1,6;14,1;0,7;8,3
SAN;NL:Q:61220090;Geerstraat;Winssen;0,4;4,3;0,2;2,4;0,3;1,2
SAN;NL:Q:61220100;Molenweg;Ewijk;3,8;0,3;3,5;0,3;1,8;0,1
SAN;NL:Q:61220110;Deijnschestraat;Winssen;0,7;1,8;0,1;1,7;0,1;1,1
SAN;NL:Q:61220120;Julianastraat;Ewijk;48,5;9,0;39,7;4,9;13,4;2,1
SAN;NL:Q:61220170;Keizershoeve;Ewijk;1,4;17,4;1,3;17,0;0,5;7,9
SAN;NL:Q:61220180;Keizershoeve;Ewijk;15,0;1,0;15,8;1,4;6,8;0,6
SAN;NL:Q:61220190;Plakstraat;Winssen;0,9;13,9;1,2;8,4;0,8;5,2
SAN;NL:Q:61220200;Plakstraat;Winssen;14,1;1,1;9,7;0,6;4,5;0,6
SAN;NL:Q:61229170;Rotonde Schoenaker;Ewijk;0,0;0,1;0,0;0,0;0,0;0,0
SAN;NL:Q:61229180;Rotonde Schoenaker;Ewijk;0,0;0,0;0,0;0,0;0,0;0,0
SAN;NL:Q:61229280;Wilgenoord;Beuningen Gld;0,0;0,2;0,0;0,0;0,0;0,0
SAN;NL:Q:61240010;Nieuweweg;Wijchen;3,0;9,8;1,6;3,9;1,3;3,1
SAN;NL:Q:61240020;Kraaijenberg 79e straat;Wijchen;2,1;0,0;0,6;0,3;0,3;0,0
SAN;NL:Q:61240040;Kraaijenberg 86e straat;Wijchen;7,6;0,0;3,0;0,0;1,5;0,0
SAN;NL:Q:61240050;Aalsburg;Wijchen;0,4;0,1;0,0;0,0;0,0;0,0
SAN;NL:Q:61240060;Homberg;Wijchen;18,3;0,1;13,5;0,1;10,2;0,0
SAN;NL:Q:61240080;Heilige Stoel 38/46;Wijchen;9,7;0,1;4,6;0,0;4,3;0,1
SAN;NL:Q:61240100;Heilige Stoel 38/48;Wijchen;11,2;0,4;5,2;0,1;3,8;0,1
SAN;NL:Q:61240130;Holenbergseweg;Wijchen;0,2;0,9;0,0;0,0;0,0;0,0
SAN;NL:Q:61240150;Schoenaker;Wijchen;3,5;1,5;0,0;0,0;0,0;0,0
SAN;NL:Q:61240160;Schoenaker;Wijchen;1,3;5,4;0,0;0,0;0,0;0,0
SAN;NL:Q:61240170;Heilige Stoel 38/48;Wijchen;0,4;10,4;0,1;5,6;0,0;3,4
SAN;NL:Q:61240190;Heilige Stoel 38/46;Wijchen;0,1;8,6;0,0;5,2;0,1;4,6
SAN;NL:Q:61240210;Homberg;Wijchen;0,2;18,3;0,1;12,3;0,1;9,2
SAN;NL:Q:61240230;Kraaijenberg 86e straat;Wijchen;0,1;4,9;0,0;1,8;0,0;1,1
SAN;NL:Q:61240250;Kraaijenberg 79e straat;Wijchen;0,0;2,6;0,0;0,9;0,0;0,6
SAN;NL:Q:61240260;Nieuweweg;Wijchen;7,3;3,3;2,2;1,6;2,2;1,3
SAN;NL:Q:61240280;Station Wijchen;Wijchen;68,4;10,9;0,0;0,0;0,0;0,0
SAN;NL:Q:61240290;Herenstraat;Wijchen;1,8;0,1;0,0;0,0;0,0;0,0
SAN;NL:Q:61240300;Herenstraat;Wijchen;0,2;5,5;0,0;0,0;0,0;0,0
SAN;NL:Q:61240350;Blauwe Hof 40e straat;Wijchen;0,3;0,4;0,0;0,0;0,0;0,0
SAN;NL:Q:61240360;Blauwe Hof 40e straat;Wijchen;0,6;0,3;0,0;0,0;0,0;0,0
SAN;NL:Q:61240370;Diepvoorde;Wijchen;1,0;11,0;0,1;4,9;0,2;3,9
SAN;NL:Q:61240380;Diepvoorde;Wijchen;14,7;0,8;6,1;0,1;5,1;0,2
SAN;NL:Q:61240390;Huissteden;Wijchen;1,0;13,5;0,1;7,2;0,1;6,5
SAN;NL:Q:61240400;Huissteden;Wijchen;21,2;1,1;10,3;0,5;7,9;0,3
SAN;NL:Q:61240610;Zuiderpoort;Wijchen;3,5;41,7;1,1;21,8;0,7;16,7
SAN;NL:Q:61240620;Zuiderpoort;Wijchen;38,1;1,3;23,1;0,7;15,4;0,4
SAN;NL:Q:61240625;Zuiderpoort;Wijchen;1,2;0,8;0,0;0,0;0,0;0,0
SAN;NL:Q:61240630;Kraaijenberg 83e straat;Wijchen;5,9;4,8;4,5;2,9;2,5;1,7
SAN;NL:Q:61240640;De Ververt;Wijchen;13,3;0,4;9,0;0,2;5,0;0,2
SAN;NL:Q:61240650;De Ververt;Wijchen;0,3;11,4;0,2;8,2;0,2;5,5
SAN;NL:Q:61240680;Oud-Ravensteinseweg;Wijchen;7,6;2,1;2,4;1,5;2,1;0,8
SAN;NL:Q:61240690;Oud-Ravensteinseweg;Wijchen;1,9;6,7;1,2;2,7;0,6;2,4
SAN;NL:Q:61240720;Kerkeveld;Wijchen;27,6;0,7;10,3;0,4;7,0;0,3
SAN;NL:Q:61240730;Kerkeveld;Wijchen;0,5;28,7;0,3;11,7;0,2;7,8
SAN;NL:Q:61240760;Passedwarsstraat;Wijchen;9,7;2,8;3,3;0,2;3,2;0,1
SAN;NL:Q:61240770;Passedwarsstraat;Wijchen;0,5;8,0;0,1;3,7;0,0;3,3
SAN;NL:Q:61240880;Bijsterh.22/Wilhelminal.;Wijchen;1,0;7,3;0,0;0,0;0,0;0,0
SAN;NL:Q:61240890;Bijsterh.22/Wilhelminal.;Wijchen;5,2;1,4;0,0;0,0;0,0;0,0
SAN;NL:Q:61240910;Palkerplein;Wijchen;1,2;30,6;0,0;0,0;0,0;0,0
SAN;NL:Q:61240920;Palkerplein;Wijchen;25,5;0,1;0,0;0,0;0,0;0,0
SAN;NL:Q:61240950;Bijsterhuizen 21;Wijchen;0,1;9,1;0,0;0,0;0,0;0,0
SAN;NL:Q:61240960;Bijsterhuizen 21;Wijchen;11,2;0,7;0,0;0,0;0,0;0,0
SAN;NL:Q:61240970;Bijsterhuizen 25;Wijchen;0,8;29,8;0,0;0,0;0,0;0,0
SAN;NL:Q:61240980;Bijsterhuizen 25;Wijchen;23,5;3,3;0,0;0,0;0,0;0,0
SAN;NL:Q:61240990;Bijsterhuizen 10;Wijchen;0,0;6,8;0,0;0,0;0,0;0,0
SAN;NL:Q:61241000;Bijsterhuizen 10;Wijchen;4,5;0,1;0,0;0,0;0,0;0,0
SAN;NL:Q:61241030;De Meerval;Wijchen;10,8;1,5;6,5;0,3;3,3;0,2
SAN;NL:Q:61241040;De Meerval;Wijchen;1,6;12,0;0,2;8,0;0,1;5,8
SAN;NL:Q:61241050;Europaplein;Wijchen;31,3;8,5;19,5;3,8;10,5;1,4
SAN;NL:Q:61241060;Europaplein;Wijchen;7,6;38,1;3,2;26,6;1,2;13,8
SAN;NL:Q:61241070;Meerdreef/Oosterweg;Wijchen;18,7;3,5;5,6;0,4;4,0;0,3
SAN;NL:Q:61241080;Meerdreef/Oosterweg;Wijchen;2,4;17,7;0,2;5,2;0,4;3,4
SAN;NL:Q:61241110;Mozaiek;Wijchen;9,8;9,8;0,0;0,0;0,0;0,0
SAN;NL:Q:61241270;Vijverlaan;Wijchen;1,2;8,4;0,7;4,5;0,5;5,3
SAN;NL:Q:61241280;Vijverlaan;Wijchen;8,2;1,8;3,4;1,3;3,5;0,7
SAN;NL:Q:61241310;Station Wijchen;Wijchen;18,8;96,3;7,4;58,1;4,0;44,1
SAN;NL:Q:61241320;Station Wijchen;Wijchen;78,3;28,0;42,8;18,5;34,6;10,9
SAN;NL:Q:61241400;Aalsburg;Wijchen;0,1;0,1;0,0;0,0;0,0;0,0
SAN;NL:Q:61242010;Veenhof;Wijchen;0,6;2,4;0,0;0,0;0,0;0,0
SAN;NL:Q:61242020;Veenhof;Wijchen;0,9;0,5;0,0;0,0;0,0;0,0
SAN;NL:Q:61242040;Weegbree;Wijchen;2,1;0,4;0,0;0,0;0,0;0,0
SAN;NL:Q:61249000;Station Wijchen;Wijchen;4,5;62,3;0,0;0,0;0,0;0,0
SAN;NL:Q:61301230;Kerkplein;Valburg;2,8;18,8;0,0;0,0;0,0;0,0
SAN;NL:Q:61301240;Kerkplein;Valburg;18,7;2,2;0,0;0,0;0,0;0,0
SAN;NL:Q:61301310;Strandpark Noord;Valburg;0,2;1,4;0,0;0,0;0,0;0,0
SAN;NL:Q:61301320;Strandpark Noord;Valburg;0,5;0,2;0,0;0,0;0,0;0,0
SAN;NL:Q:61320020;Klapstraat;Afferden;11,5;1,6;11,8;0,8;4,6;0,5
SAN;NL:Q:61320031;Koningstraat;Afferden;0,2;2,3;0,1;2,0;0,0;0,9
SAN;NL:Q:61320041;Pas;Afferden;14,3;1,9;9,3;0,8;4,5;0,8
SAN;NL:Q:61320051;Pas;Afferden;2,5;14,6;0,9;11,0;0,5;4,8
SAN;NL:Q:61320061;Koningstraat;Afferden;2,4;0,2;2,2;0,2;0,9;0,0
SAN;NL:Q:61320070;Klapstraat;Afferden;1,5;10,6;0,6;8,2;0,4;4,5
SAN;NL:Q:61320080;Grotestraat;Deest;23,1;6,5;14,1;3,2;6,4;1,6
SAN;NL:Q:61320110;Grotestraat;Deest;8,9;23,3;3,1;12,2;1,8;7,0
SAN;NL:Q:61330030;Willibrordusstraat;Batenburg;0,7;0,0;0,0;0,0;0,0;0,0
SAN;NL:Q:61330040;Willibrordusstraat;Batenburg;0,6;1,5;0,0;0,0;0,0;0,0
SAN;NL:Q:61330070;RK Kerk;Batenburg;2,6;2,2;0,0;0,0;0,0;0,0
SAN;NL:Q:61340030;Leurseweg;Leur;0,0;0,2;0,0;0,0;0,0;0,0
SAN;NL:Q:61340040;Leurseweg;Leur;0,2;0,0;0,0;0,0;0,0;0,0
SAN;NL:Q:61340070;Broekstraat;Hernen;0,0;0,5;0,0;0,0;0,0;0,0
SAN;NL:Q:61340080;Broekstraat;Hernen;0,2;0,0;0,0;0,0;0,0;0,0
SAN;NL:Q:61340090;Smitskampje;Hernen;0,0;1,3;0,0;0,0;0,0;0,0
SAN;NL:Q:61340100;Smitskampje;Hernen;1,9;0,0;0,0;0,0;0,0;0,0
SAN;NL:Q:61400010;Lingebrug;Zetten;0,8;2,1;0,0;0,0;0,0;0,0
SAN;NL:Q:61400030;Molenstraat;Zetten;0,4;1,2;0,0;0,0;0,0;0,0
SAN;NL:Q:61401001;Station Zetten-Andelst;Zetten;0,9;15,0;0,0;0,0;0,0;0,0
SAN;NL:Q:61401002;Station Zetten-Andelst;Zetten;17,1;5,0;0,0;0,0;0,0;0,0
SAN;NL:Q:61401210;Brittanjesingel;Zetten;0,8;12,5;0,0;0,0;0,0;0,0
SAN;NL:Q:61401240;Brittanjesingel;Zetten;12,7;0,9;0,0;0,0;0,0;0,0
SAN;NL:Q:61401280;Stationsstraat;Zetten;6,5;2,8;0,0;0,0;0,0;0,0
SAN;NL:Q:61401320;Hoofdstraat;Zetten;9,0;8,1;0,0;0,0;0,0;0,0
SAN;NL:Q:61402230;Wilhelminastraat;Andelst;2,2;4,8;0,0;0,0;0,0;0,0
SAN;NL:Q:61402240;Wilhelminastraat;Andelst;7,2;3,1;0,0;0,0;0,0;0,0
SAN;NL:Q:61402270;Monument;Andelst;0,8;3,1;0,0;0,0;0,0;0,0
SAN;NL:Q:61402280;Monument;Andelst;2,6;1,3;0,0;0,0;0,0;0,0
SAN;NL:Q:61403230;Planetenlaan;Herveld;1,7;5,7;0,0;0,0;0,0;0,0
SAN;NL:Q:61403240;Planetenlaan;Herveld;7,5;2,2;0,0;0,0;0,0;0,0
SAN;NL:Q:61403270;Stenenkamerstraat;Herveld;1,4;7,4;0,0;0,0;0,0;0,0
SAN;NL:Q:61403280;Stenenkamerstraat;Herveld;9,3;3,7;0,0;0,0;0,0;0,0
SAN;NL:Q:61403310;De Hoge Hof;Herveld;2,1;10,9;0,0;0,0;0,0;0,0
SAN;NL:Q:61403320;De Hoge Hof;Herveld;14,9;4,2;0,0;0,0;0,0;0,0
SAN;NL:Q:61404230;'t Hoeveslag;Herveld;0,2;0,7;0,0;0,0;0,0;0,0
SAN;NL:Q:61404240;'t Hoeveslag;Herveld;0,6;0,3;0,0;0,0;0,0;0,0
SAN;NL:Q:61404310;Lechstraat;Herveld;0,3;4,7;0,0;0,0;0,0;0,0
SAN;NL:Q:61404320;Lechstraat;Herveld;4,7;0,4;0,0;0,0;0,0;0,0
SAN;NL:Q:61404350;Molen de Vink;Herveld;0,6;2,2;0,0;0,0;0,0;0,0
SAN;NL:Q:61404360;Molen de Vink;Herveld;3,3;1,4;0,0;0,0;0,0;0,0
SAN;NL:Q:61410030;Veemarkt;Tiel;0,1;7,4;0,2;8,2;0,0;2,6
SAN;NL:Q:61410330;Veemarkt;Tiel;7,2;0,1;6,5;0,7;2,2;0,7
SAN;NL:Q:61410640;Laan van Westroijen;Tiel;3,4;0,7;1,5;0,8;0,9;0,4
SAN;NL:Q:61410690;Laan van Westroijen;Tiel;0,7;3,4;0,6;1,0;0,3;1,2
SAN;NL:Q:61411100;Station;Tiel;16,7;11,2;16,2;10,6;8,7;6,0
SAN;NL:Q:61412150;Predikbroedersweg;Tiel;0,6;1,3;0,3;1,1;0,2;0,6
SAN;NL:Q:61412160;Predikbroedersweg;Tiel;1,6;0,4;1,1;0,2;0,6;0,0
SAN;NL:Q:61420010;Pax Christi College;Druten;1,8;12,3;0,1;7,5;0,1;3,3
SAN;NL:Q:61420030;Hermes Garage;Druten;1,7;7,7;0,6;7,1;0,3;3,4
SAN;NL:Q:61420050;Markt;Druten;3,3;25,3;1,7;23,6;0,6;10,7
SAN;NL:Q:61420070;Javaplein;Druten;0,2;0,6;0,0;0,6;0,0;0,4
SAN;NL:Q:61420100;Markt;Druten;20,7;3,9;24,3;2,0;10,6;0,4
SAN;NL:Q:61420120;Hermes Garage;Druten;8,0;1,5;8,5;0,7;2,9;0,3
SAN;NL:Q:61420140;Pax Christi College;Druten;8,3;2,9;5,6;0,3;2,4;0,0
SAN;NL:Q:61420160;Gemeentehuis;Druten;2,8;12,4;0,7;15,8;0,3;7,4
SAN;NL:Q:61420180;Gemeentehuis;Druten;10,9;1,8;11,7;1,2;6,2;0,7
SAN;NL:Q:61420290;Javaplein;Druten;0,4;0,0;0,7;0,0;0,2;0,0
SAN;NL:Q:61420320;Westerhout;Puiflijk;0,0;1,3;0,0;1,3;0,0;0,2
SAN;NL:Q:61420330;Westerhout;Puiflijk;1,1;0,5;1,0;0,5;0,2;0,2
SAN;NL:Q:61420510;Scharenburg/N322;Druten;34,6;1,0;0,0;0,0;0,0;0,0
SAN;NL:Q:61420520;Scharenburg/N322;Druten;1,9;32,6;0,0;0,0;0,0;0,0
SAN;NL:Q:61421000;Busstation;Druten;236,5;195,8;0,0;0,0;0,0;0,0
SAN;NL:Q:61421001;Busstation;Druten;74,4;87,0;111,0;63,8;53,6;35,2
SAN;NL:Q:61421002;Busstation;Druten;240,9;222,9;0,0;0,0;0,0;0,0
SAN;NL:Q:61421004;Busstation;Druten;14,2;27,7;17,0;33,8;7,0;16,8
SAN;NL:Q:61440010;Schaarsestraat;Bergharen;0,0;0,6;0,0;0,0;0,0;0,0
SAN;NL:Q:61440020;Schaarsestraat;Bergharen;0,6;0,0;0,0;0,0;0,0;0,0
SAN;NL:Q:61440030;De Weem;Bergharen;0,1;4,2;0,0;0,0;0,0;0,0
SAN;NL:Q:61440040;De Weem;Bergharen;5,1;0,1;0,0;0,0;0,0;0,0
SAN;NL:Q:61440070;Grotestraat;Bergharen;0,2;2,8;0,0;0,0;0,0;0,0
SAN;NL:Q:61440080;Grotestraat;Bergharen;3,2;0,0;0,0;0,0;0,0;0,0
SAN;NL:Q:61520210;Molenstraat;Boven-Leeuwen;0,7;2,2;0,8;2,6;0,6;1,1
SAN;NL:Q:61520220;Molenstraat;Boven-Leeuwen;2,8;0,6;2,2;1,1;0,8;0,4
SAN;NL:Q:61520230;Akkerstraat;Beneden-Leeuwen;3,3;7,9;3,5;8,7;1,5;4,0
SAN;NL:Q:61520240;Akkerstraat;Beneden-Leeuwen;12,0;2,4;9,3;3,3;5,1;2,2
SAN;NL:Q:61520250;Veesteeg;Boven-Leeuwen;4,6;1,3;2,1;0,9;1,9;0,7
SAN;NL:Q:61520260;Veesteeg;Boven-Leeuwen;1,3;3,5;1,4;2,1;0,7;1,3
SAN;NL:Q:61520350;Prins Willem Alexanderbrug;Beneden-Leeuwen;1,4;1,7;1,3;1,6;0,7;1,3
SAN;NL:Q:61520360;Prins Willem Alexanderbrug;Beneden-Leeuwen;2,4;1,0;1,4;1,1;1,1;0,5
SAN;NL:Q:69000160;Hakkesstraat;Venlo;0,9;0,4;1,9;0,3;1,0;0,4
SAN;NL:Q:69000170;Hakkesstraat;Venlo;0,4;1,3;0,4;0,8;0,4;1,2
SAN;NL:Q:69000180;Bisschop Schrijnenstraat;Venlo;0,6;0,3;0,0;0,0;0,0;0,2
SAN;NL:Q:69000190;Bisschop Schrijnenstraat;Venlo;0,2;1,0;0,0;0,0;0,0;0,1
SAN;NL:Q:69000280;Goltziusstraat;Venlo;0,0;0,5;0,0;0,0;0,0;0,1
SAN;NL:Q:69000290;Goltziusstraat;Venlo;0,6;0,1;0,0;0,0;0,0;0,1
SAN;NL:Q:69000300;Groenveldsingel;Venlo;0,0;0,0;0,1;0,0;0,0;0,0
SAN;NL:Q:69000310;Groenveldsingel;Venlo;0,0;0,0;0,0;0,2;0,0;0,1
SAN;NL:Q:69000340;Heilig Hartkerk;Venlo;1,0;0,6;1,6;1,1;0,8;0,9
SAN;NL:Q:69000350;Heilig Hartkerk;Venlo;0,6;0,5;1,3;1,0;1,0;0,8
SAN;NL:Q:69000380;Hogeweg;Venlo;0,5;1,2;0,0;0,0;0,0;0,2
SAN;NL:Q:69000390;Hogeweg;Venlo;1,4;1,1;0,0;0,0;0,1;0,0
SAN;NL:Q:69000440;Karbindersstraat;Venlo;1,2;0,4;1,8;0,6;1,2;0,4
SAN;NL:Q:69000450;Karbindersstraat;Venlo;0,4;0,8;0,6;1,1;0,3;0,8
SAN;NL:Q:69000600;Maagdenbergplein;Venlo;0,0;0,0;0,2;0,3;0,3;0,2
SAN;NL:Q:69000610;Maagdenbergplein;Venlo;0,0;0,0;0,1;0,5;0,0;0,4
SAN;NL:Q:69000660;Mgr. Nolensplein;Venlo;0,2;2,5;0,0;0,0;0,1;0,7
SAN;NL:Q:69000670;Mgr. Nolensplein;Venlo;2,2;0,3;0,0;0,0;0,5;0,1
SAN;NL:Q:69000880;Stalbergweg;Venlo;0,0;0,0;0,1;0,2;0,1;0,0
SAN;NL:Q:69000890;Stalbergweg;Venlo;0,0;0,0;0,2;0,7;0,2;0,7
SAN;NL:Q:69000950;Station;Venlo;12,3;10,0;18,4;22,9;18,7;13,7
SAN;NL:Q:69001090;Veldenseweg;Venlo;0,1;0,7;0,1;0,8;0,2;0,7
SAN;NL:Q:69001100;Veldenseweg;Venlo;0,5;0,1;0,7;0,2;0,3;0,3
SAN;NL:Q:69100100;Hasselt;Velden;0,2;0,1;0,5;0,1;0,4;0,1
SAN;NL:Q:69100110;Hasselt;Velden;0,2;0,3;0,2;0,3;0,0;0,3
SAN;NL:Q:69100120;Markt;Velden;1,8;0,6;3,7;1,3;2,4;0,7
SAN;NL:Q:69100130;Markt;Velden;1,1;1,6;1,1;1,4;0,9;1,5
SAN;NL:Q:69100140;Taurus;Velden;0,2;0,1;0,2;0,2;0,5;0,1
SAN;NL:Q:69100150;Taurus;Velden;0,1;0,4;0,1;1,4;0,0;0,6
SAN;NL:Q:69100160;Velden Zuid;Velden;1,1;0,1;1,4;0,1;1,2;0,2
SAN;NL:Q:69100170;Velden Zuid;Velden;0,4;1,2;0,0;0,9;0,2;1,1
SAN;NL:Q:69200100;De Voort;Lomm;0,0;0,0;0,1;0,0;0,1;0,0
SAN;NL:Q:69200110;De Voort;Lomm;0,5;0,1;0,6;0,0;0,7;0,1
SAN;NL:Q:69200120;Spikweien;Lomm;1,6;0,6;2,7;0,3;1,8;0,2
SAN;NL:Q:69200130;Spikweien;Lomm;0,0;1,2;0,0;1,6;0,0;1,6
SAN;NL:Q:69200140;Veer naar Lottum;Lomm;0,1;0,0;0,0;0,0;0,1;0,0
SAN;NL:Q:69200150;Veer naar Lottum;Lomm;0,1;0,1;0,1;0,1;0,1;0,0
SAN;NL:Q:69300160;Rotonde N271;Arcen;3,8;1,1;8,2;2,2;4,7;1,9
SAN;NL:Q:69300170;Rotonde N271;Arcen;1,4;4,1;2,1;5,4;2,0;4,5
SAN;NL:Q:69400100;Thermaalbad;Arcen;0,6;0,4;1,5;1,3;1,0;1,0
SAN;NL:Q:69400110;Thermaalbad;Arcen;0,6;0,6;1,0;1,0;0,9;0,9
SAN;NL:Q:69400120;Walbeckerweg;Wellerlooi;0,0;0,1;0,1;0,1;0,1;0,1
SAN;NL:Q:69400130;Walbeckerweg;Wellerlooi;0,2;0,1;0,2;0,1;0,3;0,1
SAN;NL:Q:69500100;Catharinastraat;Wellerlooi;0,1;1,0;0,4;0,5;0,2;0,3
SAN;NL:Q:69500110;Catharinastraat;Wellerlooi;1,0;0,2;0,9;0,5;2,1;0,4
SAN;NL:Q:69500120;Kruisstraat;Wellerlooi;0,0;0,1;0,0;0,1;0,1;0,1
SAN;NL:Q:69500130;Kruisstraat;Wellerlooi;0,1;0,0;0,1;0,0;0,1;0,0
SAN;NL:Q:69500140;Wellerlooi Zuid;Wellerlooi;0,1;0,1;0,1;0,1;0,0;0,1
SAN;NL:Q:69500150;Wellerlooi Zuid;Wellerlooi;0,1;0,0;0,1;0,0;0,1;0,1
SAN;NL:Q:69600120;Kasteellaan;Well;0,7;1,7;1,5;1,7;0,8;2,0
SAN;NL:Q:69600130;Kasteellaan;Well;0,1;0,6;0,1;1,0;0,1;1,9
SAN;NL:Q:69600220;Knikkerdorp;Well;0,1;0,5;0,2;0,6;0,0;1,0
SAN;NL:Q:69600230;Knikkerdorp;Well;3,2;0,1;3,1;0,1;2,2;0,1
SAN;NL:Q:69600240;Halve Maan;Well;0,0;0,3;0,0;0,2;0,0;0,2
SAN;NL:Q:69600250;Halve Maan;Well;0,2;0,1;0,4;0,1;0,3;0,0
SAN;NL:Q:69600280;Leuken;Well;0,0;0,5;0,2;0,9;0,2;0,4
SAN;NL:Q:69600290;Leuken;Well;0,6;0,1;0,8;0,1;0,7;0,2
SAN;NL:Q:80000020;Landesgrenze;Wyler;0,3;0,0;0,2;0,0;0,3;0,0
SAN;NL:Q:80000050;Landesgrenze;Wyler;0,0;0,0;0,0;0,1;0,0;0,0
VZ;NL:Q:40000120;Hoflaan;Arnhem;0,0;0,0;0,0;0,0;0,0;0,0
VZ;NL:Q:40000140;Raapopseweg;Arnhem;0,0;0,0;0,0;0,0;0,0;0,0
VZ;NL:Q:40001230;Landgoed Rosorum;Arnhem;1,6;17,4;0,7;8,1;0,8;3,2
VZ;NL:Q:40001240;Landgoed Rosorum;Arnhem;8,2;1,6;2,2;1,3;1,0;1,2
VZ;NL:Q:40001250;Schelmseweg;Arnhem;17,2;2,2;15,4;1,5;6,8;1,5
VZ;NL:Q:40001260;Amsterdamseweg/Het Dorp;Arnhem;16,5;0,9;6,7;0,4;3,0;0,4
VZ;NL:Q:40001270;Amsterdamseweg/Het Dorp;Arnhem;1,1;22,8;0,4;8,8;0,4;4,0
VZ;NL:Q:40002600;De Monchyplein;Arnhem;0,0;0,0;0,0;0,0;0,0;0,0
VZ;NL:Q:40003030;Rozet;Arnhem;3,4;0,1;1,4;0,0;1,5;0,0
VZ;NL:Q:40003040;Rozet;Arnhem;1,1;5,2;0,0;3,6;0,1;1,9
VZ;NL:Q:40003070;Eusebiuskerk;Arnhem;3,2;0,2;2,4;0,0;1,3;0,0
VZ;NL:Q:40003080;Eusebiuskerk;Arnhem;2,4;6,4;0,1;5,6;0,1;3,2
VZ;NL:Q:40003570;Sonsbeek;Arnhem;28,8;126,9;12,8;17,7;9,6;14,9
VZ;NL:Q:40003580;Sonsbeek;Arnhem;82,7;28,0;6,9;15,1;5,6;11,1
VZ;NL:Q:40004001;Centraal Station;Arnhem;0,0;0,2;0,0;0,1;0,0;0,3
VZ;NL:Q:40004002;Centraal Station;Arnhem;0,0;0,1;0,0;0,2;0,0;0,1
VZ;NL:Q:40004003;Centraal Station;Arnhem;0,0;0,8;0,0;0,7;0,0;1,0
VZ;NL:Q:40004004;Centraal Station;Arnhem;0,0;0,0;0,0;0,0;0,0;0,0
VZ;NL:Q:40004006;Centraal Station;Arnhem;0,0;0,8;0,0;0,2;0,0;0,1
VZ;NL:Q:40004007;Centraal Station;Arnhem;74,6;69,2;60,4;20,6;36,0;16,0
VZ;NL:Q:40004008;Centraal Station;Arnhem;28,5;7,3;19,2;10,8;11,8;3,5
VZ;NL:Q:40004009;Centraal Station;Arnhem;778,0;316,7;385,0;140,0;262,8;119,8
VZ;NL:Q:40004010;Centraal Station;Arnhem;0,0;0,2;0,0;0,2;0,0;1,2
VZ;NL:Q:40004011;Centraal Station;Arnhem;13,8;154,8;9,3;81,0;4,6;62,3
VZ;NL:Q:40004017;Willemsplein;Arnhem;0,0;0,0;0,0;0,0;0,0;0,0
VZ;NL:Q:40004018;Willemsplein;Arnhem;260,1;4,5;153,0;2,3;100,4;1,6
VZ;NL:Q:40004019;Willemsplein;Arnhem;0,0;0,0;0,0;0,0;0,0;0,0
VZ;NL:Q:40004020;Willemsplein;Arnhem;8,0;404,3;6,6;283,7;3,6;159,5
VZ;NL:Q:40004022;Velperplein;Arnhem;0,0;0,0;0,0;0,0;0,0;0,0
VZ;NL:Q:40004030;Rijnstraat;Arnhem;0,1;0,0;0,0;0,0;0,0;0,0
VZ;NL:Q:40004040;Rijnstraat;Arnhem;0,0;0,1;0,0;0,0;0,0;0,0
VZ;NL:Q:40004050;de Praets;Arnhem;0,0;0,0;0,0;0,1;0,0;0,0
VZ;NL:Q:40004060;de Praets;Arnhem;0,0;0,0;0,0;0,0;0,0;0,0
VZ;NL:Q:40004730;Keulse Slag;Arnhem;11,6;0,1;3,8;0,0;2,5;0,0
VZ;NL:Q:40004740;Keulse Slag;Arnhem;6,2;16,8;0,2;6,5;0,5;3,5
VZ;NL:Q:40004780;Elsweide/HAN;Arnhem;0,0;0,0;0,0;0,0;0,0;0,0
VZ;NL:Q:40005340;Station Presikhaaf;Arnhem;0,0;0,0;0,0;0,0;0,0;0,0
VZ;NL:Q:40005500;Stadskantoor;Arnhem;1,1;4,0;0,0;1,0;0,0;0,6
VZ;NL:Q:40006570;Badhuisstraat;Arnhem;1,1;0,0;0,4;0,0;0,2;0,0
VZ;NL:Q:40006580;Badhuisstraat;Arnhem;1,2;2,0;0,1;0,6;0,1;0,6
VZ;NL:Q:40006590;Stadskantoor;Arnhem;2,2;0,1;1,1;0,0;0,5;0,0
VZ;NL:Q:40006650;Van Oldenbarneveldtstraat;Arnhem;0,8;0,1;0,2;0,0;0,1;0,0
VZ;NL:Q:40006660;Van Oldenbarneveldtstraat;Arnhem;1,5;1,4;0,1;0,4;0,0;0,2
VZ;NL:Q:40006670;Haven;Arnhem;0,2;0,1;0,1;0,0;0,1;0,0
VZ;NL:Q:40006680;Haven;Arnhem;2,4;1,0;0,1;0,1;0,1;0,0
VZ;NL:Q:40006690;Dr. C. Lelyweg Zuid;Arnhem;0,2;0,1;0,1;0,0;0,0;0,0
VZ;NL:Q:40006710;Kleefse Waard;Arnhem;5,0;0,4;0,0;0,0;0,0;0,0
VZ;NL:Q:40006720;Kleefse Waard;Arnhem;4,1;7,2;0,0;0,1;0,0;0,1
VZ;NL:Q:40006731;Bruningweg;Arnhem;1,0;0,1;0,2;0,0;0,0;0,0
VZ;NL:Q:40006741;Bruningweg;Arnhem;1,2;3,6;0,0;0,2;0,0;0,0
VZ;NL:Q:40006750;P. Calandweg;Arnhem;1,3;0,1;0,4;0,0;0,4;0,0
VZ;NL:Q:40006760;P. Calandweg;Arnhem;0,9;2,2;0,0;1,0;0,1;0,9
VZ;NL:Q:40006770;Slaakweg;Arnhem;1,4;0,0;1,0;0,0;0,1;0,0
VZ;NL:Q:40006780;Slaakweg;Arnhem;0,4;2,5;0,0;0,5;0,1;0,5
VZ;NL:Q:40006790;Lange Wal;Arnhem;2,7;0,0;1,3;0,0;0,8;0,0
VZ;NL:Q:40007100;Fonteinkruidstraat;Arnhem;0,0;0,0;0,0;0,0;0,0;0,0
VZ;NL:Q:40008550;Centraal Station (Sonsbeek);Arnhem;74,4;3,0;44,9;2,3;29,9;0,8
VZ;NL:Q:40008560;Centraal Station (Sonsbeek);Arnhem;1,8;102,5;2,0;58,7;1,0;48,9
VZ;NL:Q:40008570;Burg. Weertsstraat;Arnhem;9,1;25,2;6,7;28,4;5,1;9,9
VZ;NL:Q:40008580;Burg. Weertsstraat;Arnhem;13,4;8,6;12,0;6,2;5,5;4,0
VZ;NL:Q:40008710;Gelredome;Arnhem;2,6;1,6;0,0;0,0;0,0;0,0
VZ;NL:Q:40008750;Transferium;Arnhem;0,0;0,2;0,0;0,0;0,0;0,0
VZ;NL:Q:40008760;Transferium;Arnhem;0,1;0,0;0,0;0,0;0,0;0,0
VZ;NL:Q:40008840;Brekelenkampstraat;Arnhem;0,6;5,4;0,0;0,8;0,0;0,6
VZ;NL:Q:40009067;De Braamberg;Arnhem;38,2;8,3;7,2;3,4;5,9;2,2
VZ;NL:Q:40009068;De Braamberg;Arnhem;6,2;61,3;3,0;12,6;2,0;9,7
VZ;NL:Q:40009069;Moscowa;Arnhem;28,1;30,7;14,0;6,0;13,2;4,6
VZ;NL:Q:40059041;Golflinks;Arnhem;47,4;5,7;38,5;4,4;29,4;3,5
VZ;NL:Q:40059042;Golflinks;Arnhem;5,4;49,9;2,9;36,0;3,2;32,7
VZ;NL:Q:40059070;Moscowa;Arnhem;28,8;65,8;4,6;25,1;4,2;19,0
VZ;NL:Q:40120030;Hotel De Roskam;Rheden;1,1;14,3;0,1;1,6;0,0;1,4
VZ;NL:Q:40120050;Beekhuizenseweg;Velp;0,1;18,2;0,0;3,9;0,0;3,0
VZ;NL:Q:40120060;Beekhuizenseweg;Velp;9,1;0,0;2,2;0,0;1,6;0,0
VZ;NL:Q:40120070;A.G. Hofkeslaan;Velp;0,0;2,8;0,0;1,6;0,0;1,2
VZ;NL:Q:40120080;A.G. Hofkeslaan;Velp;1,6;0,0;1,1;0,0;1,3;0,0
VZ;NL:Q:40120090;Oosterwolde;Velp;0,0;0,6;0,0;0,2;0,0;0,2
VZ;NL:Q:40120100;Oosterwolde;Velp;0,5;0,0;0,1;0,0;0,1;0,0
VZ;NL:Q:40120110;Gasthuislaan;Velp;0,2;5,8;0,1;2,0;0,0;1,1
VZ;NL:Q:40120140;Reigerstraat;Velp;0,7;0,0;0,2;0,0;0,4;0,0
VZ;NL:Q:40120150;Gruttostraat;Velp;1,5;20,3;0,0;1,6;0,0;1,1
VZ;NL:Q:40120160;Gruttostraat;Velp;14,4;0,1;1,3;0,0;0,7;0,0
VZ;NL:Q:40120260;Nordlaan;Velp;0,0;0,0;0,0;0,0;0,0;0,0
VZ;NL:Q:40123990;Waterstraat;Velp;3,9;0,0;1,5;0,0;1,1;0,0
VZ;NL:Q:40124000;Waterstraat;Velp;0,5;3,2;0,0;1,0;0,0;0,9
VZ;NL:Q:40124030;Haverland;Velp;1,0;0,1;0,3;0,0;0,5;0,0
VZ;NL:Q:40124040;Haverland;Velp;0,4;1,8;0,0;0,6;0,1;0,9
VZ;NL:Q:40124050;Graaf Ottostraat;Velp;1,9;0,0;1,1;0,0;0,8;0,0
VZ;NL:Q:40124060;Graaf Ottostraat;Velp;0,7;2,7;0,2;1,9;0,1;2,4
VZ;NL:Q:40124070;Graaf Gerhardstraat;Velp;2,1;0,1;0,5;0,0;0,3;0,0
VZ;NL:Q:40124080;Graaf Gerhardstraat;Velp;3,8;4,5;0,1;0,8;0,0;0,6
VZ;NL:Q:40124090;Brekelenkampstraat;Arnhem;3,7;0,0;0,5;0,0;0,4;0,0
VZ;NL:Q:40160030;Schelmseweg;Arnhem;2,3;22,7;0,7;17,4;0,4;7,2
VZ;NL:Q:40160070;Maasbergseweg;Arnhem;0,4;16,0;0,1;5,9;0,1;2,7
VZ;NL:Q:40160080;De Leeren Doedel;Arnhem;2,7;0,4;7,0;0,8;4,7;0,4
VZ;NL:Q:40160090;De Leeren Doedel;Arnhem;0,3;3,8;0,5;11,5;0,4;7,9
VZ;NL:Q:40160110;De Vijverberg;Arnhem;0,1;0,8;0,1;1,3;0,2;0,6
VZ;NL:Q:40160120;De Vijverberg;Arnhem;0,2;0,2;0,6;0,2;0,2;0,1
VZ;NL:Q:40160130;Klein Warnsborn;Arnhem;0,8;2,9;0,8;1,9;0,2;2,6
VZ;NL:Q:40160140;Klein Warnsborn;Arnhem;2,2;0,3;2,2;0,4;1,7;0,2
VZ;NL:Q:40169091;Van der Valk/Papendal;Arnhem;37,6;5,1;51,0;1,9;24,0;1,6
VZ;NL:Q:40169092;Van der Valk/Papendal;Arnhem;4,7;55,8;1,2;46,5;0,9;25,2
VZ;NL:Q:40169093;Revalidatie Centrum BIO;Arnhem;4,1;0,2;2,5;0,0;0,7;0,0
VZ;NL:Q:40169094;Revalidatie Centrum BIO;Arnhem;0,1;1,1;0,1;0,8;0,0;0,4
VZ;NL:Q:40169095;Grijsoord;Arnhem;0,1;0,1;0,0;0,0;0,1;0,0
VZ;NL:Q:40169096;Grijsoord;Arnhem;0,1;0,5;0,0;0,5;0,0;0,3
VZ;NL:Q:40169098;'s-Koonings Jaght;Arnhem;0,8;25,5;0,9;11,5;0,8;7,6
VZ;NL:Q:40258001;Schalterdalweg;Woeste Hoeve;10,3;7,6;10,8;6,8;8,9;5,3
VZ;NL:Q:40269001;Oud Reemsterweg;Oud Reemst;0,9;0,4;1,3;0,8;1,0;0,6
VZ;NL:Q:40269002;Oud Reemsterweg;Oud Reemst;0,3;1,2;0,8;1,6;0,3;0,9
VZ;NL:Q:40269097;'s-Koonings Jaght;Arnhem;22,7;1,1;11,9;1,9;7,9;1,9
VZ;NL:Q:40320270;Bretagnesingel;Heteren;0,0;0,0;0,0;0,0;0,0;0,0
VZ;NL:Q:40344001;Apeldoornseweg;'s Heeren Loo;18,1;3,2;7,1;2,3;6,1;2,3
VZ;NL:Q:40344002;Apeldoornseweg;'s Heeren Loo;3,3;20,9;3,1;8,6;1,9;6,0
VZ;NL:Q:40351001;Stoppelbergweg;Beekbergen;2,7;4,8;5,1;7,7;4,2;3,6
VZ;NL:Q:40351002;Stoppelbergweg;Beekbergen;5,0;4,6;8,1;6,2;4,0;5,4
VZ;NL:Q:40351003;Vossenfarm;Beekbergen;1,9;3,6;1,7;4,5;2,0;2,6
VZ;NL:Q:40351004;Vossenfarm;Beekbergen;2,3;1,0;2,0;0,8;1,1;1,1
VZ;NL:Q:40358002;Schalterdalweg;Woeste Hoeve;6,7;10,5;6,8;11,7;4,3;8,7
VZ;NL:Q:40360001;'t Lage Veld;Otterlo;5,7;1,6;8,2;1,6;7,0;0,8
VZ;NL:Q:40360002;'t Lage Veld;Otterlo;1,2;7,2;1,3;8,0;0,9;5,0
VZ;NL:Q:40360003;De Zanding;Otterlo;7,0;2,1;8,0;2,2;6,9;0,9
VZ;NL:Q:40360004;De Zanding;Otterlo;1,4;6,5;1,3;6,8;0,6;3,6
VZ;NL:Q:40360005;Onderlangs;Otterlo;11,9;2,9;9,0;2,1;8,1;0,9
VZ;NL:Q:40360006;Onderlangs;Otterlo;1,3;13,0;0,7;9,5;0,6;6,8
VZ;NL:Q:40360007;Centrum;Otterlo;13,4;1,6;16,1;2,3;12,8;0,8
VZ;NL:Q:40360008;Centrum;Otterlo;1,7;12,9;1,7;11,7;1,1;7,9
VZ;NL:Q:40360009;Rotonde;Otterlo;77,1;81,5;72,2;76,3;54,9;57,3
VZ;NL:Q:40360010;Rotonde;Otterlo;82,6;76,4;88,3;70,9;63,8;41,9
VZ;NL:Q:40360019;Sterrenberg;Otterlo;0,3;0,4;0,5;0,5;0,3;0,4
VZ;NL:Q:40360020;Sterrenberg;Otterlo;0,5;0,4;0,5;0,3;0,4;0,2
VZ;NL:Q:40362008;Ingang Otterlo;De Hoge Veluwe;0,4;3,5;0,8;8,1;0,3;3,3
VZ;NL:Q:40374001;Centrum;Hoenderloo;9,8;16,6;8,8;15,4;9,0;12,6
VZ;NL:Q:40374002;Centrum;Hoenderloo;17,8;8,7;18,0;9,5;13,1;6,7
VZ;NL:Q:40374005;Krimweg Dorp;Hoenderloo;3,5;3,1;1,8;5,4;1,3;2,9
VZ;NL:Q:40374006;Krimweg Dorp;Hoenderloo;3,1;3,5;4,5;1,5;3,8;0,8
VZ;NL:Q:40374011;Laan van Eikenhof;Hoenderloo;6,2;8,3;4,6;5,4;3,8;6,6
VZ;NL:Q:40374012;Laan van Eikenhof;Hoenderloo;9,9;5,5;6,5;3,5;6,3;5,2
VZ;NL:Q:40374013;Miggelenbergweg;Hoenderloo;6,5;19,9;4,3;15,9;4,4;14,1
VZ;NL:Q:40374014;Miggelenbergweg;Hoenderloo;16,7;7,2;13,4;6,1;13,1;3,1
VZ;NL:Q:40400080;Arboretumlaan;Wageningen;0,0;0,5;0,1;0,4;0,1;0,6
VZ;NL:Q:40400085;Arboretumlaan;Wageningen;11,9;1,6;6,2;1,2;3,9;1,2
VZ;NL:Q:40400530;van Uvenweg;Wageningen;21,7;3,2;20,7;2,0;12,5;1,4
VZ;NL:Q:40400540;van Uvenweg;Wageningen;2,0;18,7;3,1;20,4;0,7;18,4
VZ;NL:Q:40402017;Bosweg;Bennekom;4,3;2,1;3,6;1,9;2,9;1,2
VZ;NL:Q:40405000;Busstation;Wageningen;84,9;89,8;115,6;107,9;64,0;131,9
VZ;NL:Q:40405013;Busstation;Wageningen;58,2;28,1;88,9;36,3;55,5;47,3
VZ;NL:Q:40406007;Dolderstraat;Wageningen;0,1;0,0;0,0;0,0;0,2;0,0
VZ;NL:Q:40406008;Dolderstraat;Wageningen;0,0;0,1;0,0;0,2;0,0;0,3
VZ;NL:Q:40406009;Nobelweg;Wageningen;0,7;0,0;0,1;0,0;0,3;0,0
VZ;NL:Q:40406010;Nobelweg;Wageningen;0,6;5,1;0,5;6,0;0,7;7,7
VZ;NL:Q:40406011;Mansholtlaan;Wageningen;0,6;0,0;0,4;0,0;0,1;0,0
VZ;NL:Q:40406012;Mansholtlaan;Wageningen;1,3;8,4;0,7;9,8;0,4;12,5
VZ;NL:Q:40406013;Buissteeg;Wageningen;3,8;1,1;4,3;1,6;3,1;0,8
VZ;NL:Q:40406014;Buissteeg;Wageningen;1,2;5,3;1,8;8,0;0,8;6,9
VZ;NL:Q:40406019;Haagsteeg;Wageningen;428,3;50,7;367,9;19,1;223,3;22,9
VZ;NL:Q:40406020;Haagsteeg;Wageningen;42,2;370,5;15,8;287,6;19,8;367,0
VZ;NL:Q:40406021;Business- en Science Park;Wageningen;186,5;56,5;152,9;32,0;100,7;26,0
VZ;NL:Q:40406022;Business- en Science Park;Wageningen;51,8;186,6;33,7;164,9;28,4;185,6
VZ;NL:Q:40406023;Dijkgraaf;Wageningen;66,7;20,6;72,1;18,4;50,6;16,2
VZ;NL:Q:40406024;Dijkgraaf;Wageningen;15,0;74,7;14,6;76,3;9,7;82,4
VZ;NL:Q:40406025;Bornsesteeg;Wageningen;78,8;51,1;118,5;34,5;69,7;28,3
VZ;NL:Q:40406026;Bornsesteeg;Wageningen;50,3;93,8;39,1;122,8;26,5;114,4
VZ;NL:Q:40406027;Hoevestein;Wageningen;238,2;45,3;197,3;26,1;118,1;19,9
VZ;NL:Q:40406028;Hoevestein;Wageningen;48,3;210,5;26,1;172,0;18,8;205,5
VZ;NL:Q:40406029;Campus/Atlas;Wageningen;392,1;49,6;70,4;14,8;43,6;12,6
VZ;NL:Q:40406030;Campus/Atlas;Wageningen;46,9;470,7;13,6;66,3;11,8;74,0
VZ;NL:Q:40406035;Busstation;Wageningen;710,7;682,5;561,9;515,9;446,2;525,8
VZ;NL:Q:40406051;Geertjesweg;Wageningen;0,0;0,0;0,1;0,0;0,0;0,0
VZ;NL:Q:40406052;Geertjesweg;Wageningen;0,1;0,1;0,1;0,1;0,0;0,2
VZ;NL:Q:40407021;Mondriaanlaan;Wageningen;139,2;38,4;97,4;17,1;65,8;15,4
VZ;NL:Q:40407022;Mondriaanlaan;Wageningen;29,8;90,5;15,9;62,5;10,3;81,7
VZ;NL:Q:40407023;Campus/Forum;Wageningen;408,9;158,2;139,8;35,2;80,5;43,4
VZ;NL:Q:40407024;Campus/Forum;Wageningen;159,9;353,1;32,1;119,1;47,1;127,3
VZ;NL:Q:40432001;De Harmonie;Laag-Soeren;9,3;2,0;4,8;2,2;3,2;1,8
VZ;NL:Q:40432002;De Harmonie;Laag-Soeren;2,0;10,7;2,1;4,4;1,6;3,6
VZ;NL:Q:40433002;Wilhelminapark;Eerbeek;1,1;1,6;0,6;0,3;0,1;0,4
VZ;NL:Q:40441001;Harderwijkerweg;Loenen;1,2;2,5;0,6;0,5;0,4;0,4
VZ;NL:Q:40441003;Bergakkerweg;Loenen;3,0;6,7;1,8;3,5;1,0;3,4
VZ;NL:Q:40441004;Bergakkerweg;Loenen;5,8;3,3;2,9;1,4;2,8;0,9
VZ;NL:Q:40441005;Bruisbeek;Loenen;9,8;16,6;7,2;7,1;3,6;5,8
VZ;NL:Q:40441006;Bruisbeek;Loenen;18,2;9,5;7,2;4,9;5,2;3,7
VZ;NL:Q:40441007;Leeuwenbergweg;Loenen;1,9;10,7;1,5;6,3;1,4;4,6
VZ;NL:Q:40441008;Leeuwenbergweg;Loenen;9,3;2,3;4,1;1,9;4,5;1,0
VZ;NL:Q:40441009;Hoge Bergweg;Loenen;2,2;11,4;1,6;7,9;2,1;4,1
VZ;NL:Q:40441010;Hoge Bergweg;Loenen;10,0;2,8;7,6;2,3;6,0;1,4
VZ;NL:Q:40450275;Eglantierlaan;Apeldoorn;3,3;2,3;0,0;0,0;0,0;0,0
VZ;NL:Q:40451007;De Smittenberg;Beekbergen;26,2;17,5;23,0;22,7;16,2;14,6
VZ;NL:Q:40451008;De Smittenberg;Beekbergen;15,9;26,3;21,4;21,8;12,9;16,9
VZ;NL:Q:40451009;Hagenbrug;Beekbergen;12,9;27,9;9,1;23,2;7,4;13,2
VZ;NL:Q:40451010;Hagenbrug;Beekbergen;27,3;11,7;23,9;7,9;12,8;5,5
VZ;NL:Q:40451013;De Wipselberg;Beekbergen;2,0;13,8;1,6;9,4;0,9;6,8
VZ;NL:Q:40451014;De Wipselberg;Beekbergen;13,5;1,7;10,7;1,1;6,8;1,0
VZ;NL:Q:40451015;Hulleweg;Beekbergen;0,7;3,5;0,4;3,5;0,4;3,3
VZ;NL:Q:40451016;Hulleweg;Beekbergen;2,8;0,7;4,0;0,4;3,0;0,7
VZ;NL:Q:40451017;Zonnehuis;Beekbergen;1,4;6,0;0,9;2,0;0,7;1,3
VZ;NL:Q:40451018;Zonnehuis;Beekbergen;4,8;2,1;1,3;0,9;1,6;0,5
VZ;NL:Q:40451019;Kerkweg;Beekbergen;4,8;14,9;3,7;7,1;1,6;4,8
VZ;NL:Q:40451020;Kerkweg;Beekbergen;12,1;2,8;6,3;1,9;4,0;0,8
VZ;NL:Q:40451021;Koningsweg;Beekbergen;1,1;4,1;0,2;1,3;0,3;1,2
VZ;NL:Q:40451022;Koningsweg;Beekbergen;3,7;1,1;1,7;0,2;0,9;0,6
VZ;NL:Q:40451034;Laan van Westenenk;Apeldoorn;13,3;11,0;4,4;3,7;2,7;2,6
VZ;NL:Q:40451077;De Eglantier;Apeldoorn;33,0;21,2;0,0;0,0;0,0;0,0
VZ;NL:Q:40451078;De Eglantier;Apeldoorn;24,1;13,3;0,0;0,0;0,0;0,0
VZ;NL:Q:40451096;Laan van Erica;Apeldoorn;4,9;11,4;0,0;0,0;0,0;0,0
VZ;NL:Q:40451103;Turfstekershoeve;Apeldoorn;2,6;1,5;0,0;0,0;0,0;0,0
VZ;NL:Q:40451105;Landdrostlaan;Apeldoorn;8,6;24,4;0,0;0,0;0,0;0,0
VZ;NL:Q:40451106;Landdrostlaan;Apeldoorn;24,9;8,1;0,0;0,0;0,0;0,0
VZ;NL:Q:40451181;Ferguutgaarde;Apeldoorn;1,6;0,8;0,0;0,0;0,0;0,0
VZ;NL:Q:40451182;De Heemgaard;Apeldoorn;6,0;3,2;0,0;0,0;0,0;0,0
VZ;NL:Q:40451183;De Heemgaard;Apeldoorn;2,9;3,7;0,0;0,0;0,0;0,0
VZ;NL:Q:40451190;Bouwmeestershoeve;Apeldoorn;0,3;0,2;0,0;0,0;0,0;0,0
VZ;NL:Q:40451195;Bouwmeestershoeve;Apeldoorn;0,2;0,1;0,0;0,0;0,0;0,0
VZ;NL:Q:40451210;Ferguutgaarde;Apeldoorn;0,8;1,0;0,0;0,0;0,0;0,0
VZ;NL:Q:40451252;Kooikersdreef;Apeldoorn;0,8;0,8;0,0;0,0;0,0;0,0
VZ;NL:Q:40451259;Parlevinkershoeve;Apeldoorn;1,9;0,8;0,0;0,0;0,0;0,0
VZ;NL:Q:40451351;Eglantierlaan;Apeldoorn;2,6;5,8;0,0;0,0;0,0;0,0
VZ;NL:Q:40451501;Laan van Malkenschoten;Apeldoorn;63,3;30,9;10,1;1,6;8,6;0,8
VZ;NL:Q:40451502;Laan van Malkenschoten;Apeldoorn;52,2;79,0;2,7;11,4;1,2;7,9
VZ;NL:Q:40461007;Kraatsweg;Harskamp;9,5;2,6;3,1;1,3;1,7;0,8
VZ;NL:Q:40461008;Kraatsweg;Harskamp;2,0;6,5;1,1;2,8;0,4;1,3
VZ;NL:Q:40461009;Radioweg;Harskamp;0,5;0,5;0,5;0,4;0,9;0,1
VZ;NL:Q:40461010;Radioweg;Harskamp;0,3;0,5;0,2;0,4;0,1;0,5
VZ;NL:Q:40461013;Hoog Buurloseweg;Harskamp;2,5;1,1;2,3;0,4;2,9;0,2
VZ;NL:Q:40461014;Hoog Buurloseweg;Harskamp;1,0;2,5;0,2;2,3;0,7;1,4
VZ;NL:Q:40461015;Westenengerdijk;Harskamp;1,5;1,1;0,9;0,2;0,4;0,1
VZ;NL:Q:40461017;Julianastraat;Harskamp;19,8;3,4;25,5;0,8;9,2;1,4
VZ;NL:Q:40461018;Julianastraat;Harskamp;4,2;21,9;1,1;22,1;0,8;11,2
VZ;NL:Q:40463004;Heetweg;Stroe;0,1;1,6;0,1;0,5;0,1;0,4
VZ;NL:Q:40471228;Laan van Spitsbergen;Apeldoorn;39,3;10,5;20,5;5,0;17,4;4,2
VZ;NL:Q:40471463;Hoog Buurloseweg;Hoenderloo;0,1;4,1;0,1;3,5;0,1;2,0
VZ;NL:Q:40471464;Hoog Buurloseweg;Hoenderloo;2,9;2,5;1,8;1,6;1,1;1,1
VZ;NL:Q:40471465;Van der Valk/De Cantharel;Apeldoorn;2,7;16,6;2,7;14,8;3,5;13,2
VZ;NL:Q:40471466;Van der Valk/De Cantharel;Apeldoorn;17,1;3,1;15,3;2,9;11,4;2,2
VZ;NL:Q:40471471;Het Leesten;Ugchelen;0,7;1,4;0,4;1,3;0,5;1,4
VZ;NL:Q:40471472;Het Leesten;Apeldoorn;1,4;1,5;0,8;0,9;1,2;0,9
VZ;NL:Q:40480015;Kronkelweg;Hoenderloo;1,4;0,8;0,4;0,1;0,5;0,1
VZ;NL:Q:40480016;Kronkelweg;Hoenderloo;0,7;1,7;0,1;0,5;0,1;0,4
VZ;NL:Q:40482003;Bezoekerscentrum;De Hoge Veluwe;1,3;0,1;4,0;0,3;3,5;0,2
VZ;NL:Q:40482004;Bezoekerscentrum;De Hoge Veluwe;1,3;2,5;2,2;3,9;0,9;2,7
VZ;NL:Q:40482005;Kroller Muller Museum;De Hoge Veluwe;9,9;0,7;18,7;1,3;14,5;1,0
VZ;NL:Q:40482006;Kroller Muller Museum;De Hoge Veluwe;0,5;10,2;1,6;20,1;0,7;16,9
VZ;NL:Q:40482007;Ingang Otterlo;De Hoge Veluwe;1,7;0,5;2,8;1,0;1,1;1,2
VZ;NL:Q:40511510;Stadspoort;Ede;1,2;5,6;1,0;4,3;0,1;1,2
VZ;NL:Q:40512001;Station Ede-Wageningen;Ede;21,1;343,0;12,9;216,7;15,8;132,4
VZ;NL:Q:40512002;Station Ede-Wageningen;Ede;54,2;11,5;23,6;3,2;16,2;3,1
VZ;NL:Q:40512003;Moreelsestraat;Ede;2,7;3,6;1,2;1,5;0,7;0,8
VZ;NL:Q:40512004;Moreelsestraat;Ede;5,0;5,6;3,2;3,7;1,6;1,6
VZ;NL:Q:40512005;Vossenweg;Bennekom;16,2;2,7;15,5;3,1;11,7;2,0
VZ;NL:Q:40512006;Vossenweg;Bennekom;4,2;15,4;4,3;14,9;3,9;13,4
VZ;NL:Q:40512007;Ziekenhuis Gelderse Vallei;Ede;186,5;116,0;59,6;32,2;38,1;28,0
VZ;NL:Q:40512008;Ziekenhuis Gelderse Vallei;Ede;109,4;178,2;34,4;56,8;26,5;34,7
VZ;NL:Q:40512009;Strooijweg;Bennekom;9,7;1,4;8,4;1,6;6,2;1,4
VZ;NL:Q:40512010;Strooijweg;Bennekom;2,4;14,2;2,0;13,3;1,5;12,1
VZ;NL:Q:40512011;Molenstraat;Bennekom;7,9;1,7;5,0;2,1;3,8;1,5
VZ;NL:Q:40512012;Molenstraat;Bennekom;3,1;9,7;3,2;7,8;1,8;7,1
VZ;NL:Q:40512013;Hof van Sint Pieter;Bennekom;5,6;1,2;3,4;1,3;3,1;1,1
VZ;NL:Q:40512014;Hof van Sint Pieter;Bennekom;1,8;10,1;1,1;7,7;1,7;6,0
VZ;NL:Q:40512015;Bart van Elstplantsoen;Bennekom;19,2;7,7;15,5;5,4;9,1;3,3
VZ;NL:Q:40512016;Bart van Elstplantsoen;Bennekom;10,6;21,6;7,4;15,1;6,5;21,5
VZ;NL:Q:40512018;Bosweg;Bennekom;2,4;5,4;1,7;4,8;1,4;4,3
VZ;NL:Q:40512019;Horalaan;Ede;92,8;38,8;21,3;16,5;20,4;10,4
VZ;NL:Q:40512020;Horalaan;Ede;27,3;18,3;9,0;12,8;6,2;6,4
VZ;NL:Q:40512023;Bovenbuurtweg;Ede;156,1;247,4;54,2;33,8;48,4;24,3
VZ;NL:Q:40512024;Bovenbuurtweg;Ede;148,2;98,1;26,8;36,3;22,8;27,0
VZ;NL:Q:40512025;Jan Vermeerstraat;Ede;8,2;2,3;3,1;1,3;1,5;0,8
VZ;NL:Q:40512026;Jan Vermeerstraat;Ede;2,9;11,0;2,7;4,1;1,2;2,6
VZ;NL:Q:40512027;Stadspoort;Ede;82,3;100,7;50,9;60,5;29,1;47,1
VZ;NL:Q:40512028;Stadspoort;Ede;92,2;68,2;56,9;40,9;47,1;28,9
VZ;NL:Q:40512031;Van Steenbergenweg;Ede;0,3;1,6;0,2;0,9;0,2;0,5
VZ;NL:Q:40512033;Prof. Oudpark;Ede;2,3;2,6;1,6;1,6;0,5;1,3
VZ;NL:Q:40512035;Coornhertstate;Ede;14,1;6,5;4,9;4,5;1,9;2,7
VZ;NL:Q:40512036;Coornhertstate;Ede;6,5;14,9;5,6;6,0;2,0;2,9
VZ;NL:Q:40512037;'t Riet;Ede;10,3;4,5;5,6;3,6;3,2;2,4
VZ;NL:Q:40512039;Ben Goerionsingel;Ede;3,9;1,2;1,6;0,9;0,5;0,5
VZ;NL:Q:40512040;Ben Goerionsingel;Ede;0,8;4,4;0,7;2,3;0,4;1,2
VZ;NL:Q:40512131;Kenniscampus;Ede;50,1;19,6;3,4;1,9;0,6;0,9
VZ;NL:Q:40512132;Kenniscampus;Ede;31,6;135,1;3,7;8,8;1,1;5,2
VZ;NL:Q:40512201;Halderbrink;Bennekom;54,4;16,0;34,4;10,8;24,6;7,9
VZ;NL:Q:40512202;Halderbrink;Bennekom;13,3;47,3;7,6;25,9;6,9;25,9
VZ;NL:Q:40512203;Hoekelumse Brinkweg;Bennekom;4,1;2,0;3,2;2,3;2,4;1,4
VZ;NL:Q:40512204;Hoekelumse Brinkweg;Bennekom;2,4;12,1;2,3;10,9;2,3;8,2
VZ;NL:Q:40512207;Heidelaan;Bennekom;3,2;0,8;2,4;0,9;1,6;0,9
VZ;NL:Q:40512208;Heidelaan;Bennekom;1,9;10,8;2,2;8,4;1,9;7,5
VZ;NL:Q:40512500;Station Ede-Wageningen;Ede;1131,6;526,9;706,1;386,2;868,1;209,6
VZ;NL:Q:40512501;Station Ede-Wageningen;Ede;323,6;107,8;299,2;174,4;282,7;82,6
VZ;NL:Q:40512502;Station Ede-Wageningen;Ede;313,6;86,0;325,5;76,6;366,1;35,2
VZ;NL:Q:40512503;Station Ede-Wageningen;Ede;84,9;23,7;54,5;17,4;52,3;26,2
VZ;NL:Q:40512504;Station Ede-Wageningen;Ede;352,9;128,5;152,4;95,1;111,9;83,3
VZ;NL:Q:40512505;Station Ede-Wageningen;Ede;176,4;75,5;73,4;34,3;52,1;20,5
VZ;NL:Q:40512506;Station Ede-Wageningen;Ede;131,6;59,4;98,4;26,7;64,2;16,8
VZ;NL:Q:40512507;Station Ede-Wageningen;Ede;76,0;31,5;45,5;24,9;33,7;22,6
VZ;NL:Q:40512508;Station Ede-Wageningen;Ede;104,7;1701,1;69,1;1107,3;75,4;790,9
VZ;NL:Q:40512999;Ziekenhuis Gelderse Vallei;Ede;152,3;174,8;48,1;45,2;29,3;29,8
VZ;NL:Q:40513027;Billitonlaan/Timorlaan;Ede;7,1;12,7;3,4;6,2;2,3;5,7
VZ;NL:Q:40513028;Billitonlaan/Timorlaan;Ede;5,8;2,8;7,2;2,0;7,0;2,0
VZ;NL:Q:40513031;Koekeltse Boslaan;Ede;9,8;18,2;6,0;7,9;3,4;5,4
VZ;NL:Q:40513032;Koekeltse Boslaan;Ede;16,0;9,4;6,6;6,5;3,5;4,7
VZ;NL:Q:40513037;Prof. Oudpark;Ede;2,1;2,4;1,3;1,7;0,8;0,8
VZ;NL:Q:40513038;'t Riet;Ede;5,0;10,1;4,4;6,6;2,1;3,0
VZ;NL:Q:40522125;Wekeromse Zand;Ede;0,3;0,0;0,5;0,0;0,2;0,0
VZ;NL:Q:40528001;Roekelseweg;Wekerom;2,4;0,2;2,4;0,3;1,3;0,3
VZ;NL:Q:40528002;Roekelseweg;Wekerom;0,2;2,2;0,5;2,6;0,2;1,3
VZ;NL:Q:40528003;Wekeromse Buurtweg;Wekerom;2,0;0,9;1,1;0,3;0,5;0,7
VZ;NL:Q:40528004;Wekeromse Buurtweg;Wekerom;0,8;1,9;0,4;1,7;0,6;0,8
VZ;NL:Q:40528006;Lage Valkseweg;De Valk;1,9;2,5;0,4;0,2;0,1;0,3
VZ;NL:Q:40528007;Kruispunt;Wekerom;4,1;2,6;4,3;1,6;2,0;0,5
VZ;NL:Q:40528008;Kruispunt;Wekerom;2,1;3,9;1,5;3,1;0,4;1,9
VZ;NL:Q:40528009;A.G. Wijersweg;Wekerom;3,5;5,7;1,2;1,5;1,0;0,4
VZ;NL:Q:40528010;A.G. Wijersweg;Wekerom;5,3;3,4;1,4;1,0;0,2;0,6
VZ;NL:Q:40528011;Dorpsplein;Wekerom;0,4;0,2;0,1;0,1;0,0;0,0
VZ;NL:Q:40528019;De Maalderij;Wekerom;6,5;4,1;3,2;1,0;1,5;0,4
VZ;NL:Q:40528020;De Maalderij;Wekerom;4,4;7,9;0,8;2,7;0,1;1,4
VZ;NL:Q:40528026;Westenengerdijk;Harskamp;0,7;1,3;0,2;1,0;0,1;0,4
VZ;NL:Q:40541002;Harderwijkerweg;Loenen;2,9;2,0;0,7;1,2;0,7;0,4
VZ;NL:Q:40543001;Wilhelminapark;Eerbeek;1,2;1,2;0,2;0,5;0,3;0,1
VZ;NL:Q:40543003;Coldenhovenseweg;Eerbeek;5,2;2,6;1,9;1,1;1,9;0,3
VZ;NL:Q:40543004;Coldenhovenseweg;Eerbeek;2,7;5,8;0,9;1,9;0,7;1,5
VZ;NL:Q:40543005;Loubergweg;Eerbeek;8,7;5,9;2,4;2,2;2,6;1,3
VZ;NL:Q:40543006;Loubergweg;Eerbeek;6,6;9,1;1,7;4,0;1,5;1,9
VZ;NL:Q:40543007;Centrum;Eerbeek;11,2;8,3;7,4;5,0;4,6;2,9
VZ;NL:Q:40543008;Centrum;Eerbeek;7,1;13,7;4,5;7,3;3,2;5,4
VZ;NL:Q:40543009;Offenbachstraat;Eerbeek;22,9;24,1;11,1;10,6;5,8;5,4
VZ;NL:Q:40543010;Offenbachstraat;Eerbeek;28,0;27,8;14,1;11,0;7,7;5,5
VZ;NL:Q:40543011;Ringlaan;Eerbeek;26,7;37,0;7,1;11,6;5,1;7,0
VZ;NL:Q:40543012;Ringlaan;Eerbeek;31,4;20,7;11,0;4,8;6,1;4,5
VZ;NL:Q:40543013;Vondellaan;Eerbeek;14,3;14,3;3,6;5,7;2,3;3,4
VZ;NL:Q:40543014;Vondellaan;Eerbeek;18,1;13,1;6,5;4,1;2,7;3,1
VZ;NL:Q:40551002;Station;Apeldoorn;13,8;561,5;9,5;268,5;7,7;189,8
VZ;NL:Q:40551015;Station;Apeldoorn;370,7;110,2;232,5;37,2;165,4;31,3
VZ;NL:Q:40551020;Hoofdstraat;Apeldoorn;43,5;192,3;31,9;186,8;20,1;93,3
VZ;NL:Q:40551021;Amaliapark;Apeldoorn;65,2;2,3;45,7;1,1;34,6;1,0
VZ;NL:Q:40551022;Amaliapark;Apeldoorn;1,8;80,6;1,3;59,1;0,8;42,0
VZ;NL:Q:40551023;Zichtweg;Apeldoorn;24,2;17,2;14,1;16,1;11,5;8,1
VZ;NL:Q:40551024;Zichtweg;Apeldoorn;13,3;22,9;13,9;14,1;6,0;11,5
VZ;NL:Q:40551025;Eendrachtstraat;Apeldoorn;27,8;26,4;20,8;18,7;12,9;12,2
VZ;NL:Q:40551026;Eendrachtstraat;Apeldoorn;20,4;25,1;15,4;18,8;9,2;12,9
VZ;NL:Q:40551027;Aluminiumweg;Apeldoorn;25,0;28,5;16,0;21,4;11,0;11,2
VZ;NL:Q:40551028;Aluminiumweg;Apeldoorn;23,6;19,4;19,7;12,8;9,4;9,5
VZ;NL:Q:40551029;Sebastiaanplein;Apeldoorn;18,8;34,0;11,8;18,6;7,5;10,3
VZ;NL:Q:40551030;Sebastiaanplein;Apeldoorn;31,5;22,1;19,4;13,6;10,4;10,0
VZ;NL:Q:40551031;Chopinlaan;Apeldoorn;20,6;42,1;14,8;16,5;7,8;11,9
VZ;NL:Q:40551032;Chopinlaan;Apeldoorn;48,1;21,9;17,8;14,8;8,7;9,9
VZ;NL:Q:40551033;Laan van Westenenk;Apeldoorn;20,2;20,9;3,2;6,0;2,8;3,2
VZ;NL:Q:40551081;Welgelegenbrug;Apeldoorn;4,5;10,1;0,0;0,0;0,0;0,0
VZ;NL:Q:40551082;Welgelegenbrug;Apeldoorn;10,4;1,0;0,0;0,0;0,0;0,0
VZ;NL:Q:40551084;Station;Apeldoorn;395,3;83,0;163,5;40,2;141,8;31,6
VZ;NL:Q:40551093;Glazeniershorst;Apeldoorn;11,8;16,0;0,0;0,0;0,0;0,0
VZ;NL:Q:40551094;Glazeniershorst;Apeldoorn;18,2;4,2;0,0;0,0;0,0;0,0
VZ;NL:Q:40551097;Laan van Erica;Apeldoorn;9,8;2,6;0,0;0,0;0,0;0,0
VZ;NL:Q:40551110;Hoofdstraat;Apeldoorn;157,2;14,5;137,2;4,7;68,7;3,4
VZ;NL:Q:40551177;Imkersdreef;Apeldoorn;1,7;1,8;0,0;0,0;0,0;0,0
VZ;NL:Q:40551178;Imkersdreef;Apeldoorn;2,1;1,5;0,0;0,0;0,0;0,0
VZ;NL:Q:40551218;Christiaan Geurtsweg;Apeldoorn;3,7;9,2;1,4;5,2;1,0;5,2
VZ;NL:Q:40551219;Christiaan Geurtsweg;Apeldoorn;9,8;6,3;6,5;3,1;6,3;1,7
VZ;NL:Q:40551226;Jean Monnetpark;Apeldoorn;13,3;8,2;2,9;4,9;2,2;3,1
VZ;NL:Q:40551227;Jean Monnetpark;Apeldoorn;8,4;17,5;5,9;4,2;4,7;2,9
VZ;NL:Q:40551229;Laan van Spitsbergen;Apeldoorn;13,1;37,8;5,6;18,9;6,3;15,3
VZ;NL:Q:40551234;Schumanpark;Apeldoorn;8,3;1,3;1,4;0,5;0,9;0,5
VZ;NL:Q:40551235;Schumanpark;Apeldoorn;1,3;13,7;0,4;3,2;0,7;2,9
VZ;NL:Q:40551253;Kooikersdreef;Apeldoorn;0,6;1,1;0,0;0,0;0,0;0,0
VZ;NL:Q:40563003;Heetweg;Stroe;1,6;0,3;0,8;0,2;0,4;0,3
VZ;NL:Q:40563005;Topperweg;Stroe;1,4;0,5;2,3;0,4;0,6;0,3
VZ;NL:Q:40563006;Topperweg;Stroe;0,6;0,8;0,4;2,3;0,5;0,5
VZ;NL:Q:40563007;Kootwijkerdijk;Stroe;0,4;0,1;0,3;0,2;0,1;0,2
VZ;NL:Q:40563008;Kootwijkerdijk;Stroe;0,0;0,4;0,1;0,2;0,1;0,1
VZ;NL:Q:40563009;Ravenweg;Stroe;3,5;0,5;0,7;0,1;0,4;0,2
VZ;NL:Q:40563011;Centrum;Stroe;4,7;2,4;3,2;1,4;2,2;0,9
VZ;NL:Q:40563012;Centrum;Stroe;2,7;4,8;1,1;2,6;0,8;1,6
VZ;NL:Q:40563013;Wolweg/Viaduct;Stroe;0,8;1,1;0,6;1,3;0,7;0,9
VZ;NL:Q:40563014;Wolweg/Viaduct;Stroe;0,6;0,6;0,5;0,6;0,4;0,5
VZ;NL:Q:40563015;Majoor Mulder Kazerne;Stroe;0,7;0,4;0,1;0,1;0,0;0,2
VZ;NL:Q:40563016;Majoor Mulder Kazerne;Stroe;0,4;0,8;0,0;0,1;0,0;0,5
VZ;NL:Q:40563018;Ravenweg;Stroe;0,5;3,0;0,4;0,8;0,1;0,4
VZ;NL:Q:40569008;Militair tehuis;Wittenberg;0,2;0,2;0,1;0,1;0,0;0,1
VZ;NL:Q:40612010;Dennenlaan;Ede;7,7;8,6;3,2;4,0;1,8;4,2
VZ;NL:Q:40612020;Dennenlaan;Ede;10,4;9,9;6,6;5,2;6,6;3,7
VZ;NL:Q:40612030;Ericalaan;Ede;13,8;22,0;7,2;10,5;3,4;9,1
VZ;NL:Q:40612040;Ericalaan;Ede;21,3;14,6;12,2;9,2;8,6;4,7
VZ;NL:Q:40612043;Tolhuislaan;Ede;0,2;0,6;0,2;0,6;0,1;0,1
VZ;NL:Q:40612044;Tolhuislaan;Ede;1,1;0,9;0,4;0,2;0,2;0,2
VZ;NL:Q:40612045;Ericalaan;Ede;1,9;1,5;0,8;0,4;0,2;0,2
VZ;NL:Q:40612046;Ericalaan;Ede;1,0;2,0;0,3;0,9;0,2;0,7
VZ;NL:Q:40612047;Centrum/Maanderweg;Ede;10,5;34,1;3,0;18,1;1,5;10,1
VZ;NL:Q:40612048;Centrum/Maanderweg;Ede;8,3;3,7;9,2;2,1;5,3;1,1
VZ;NL:Q:40612050;Station Ede Centrum;Ede;15,5;13,6;20,2;18,4;10,9;9,0
VZ;NL:Q:40612051;Jadestraat;Ede;17,4;12,9;8,8;4,3;3,7;3,9
VZ;NL:Q:40612052;Jadestraat;Ede;3,7;7,6;4,5;10,2;4,0;5,6
VZ;NL:Q:40612053;Schaapsweg/Veenderweg;Ede;3,8;5,9;1,4;2,2;0,7;2,1
VZ;NL:Q:40612054;Schaapsweg/Veenderweg;Ede;2,8;2,6;2,0;2,1;1,7;1,1
VZ;NL:Q:40612055;Ganzeweide;Ede;6,9;14,4;2,0;6,9;1,3;7,6
VZ;NL:Q:40612056;Ganzeweide;Ede;7,4;2,7;6,9;1,7;6,4;1,4
VZ;NL:Q:40612059;Mariendaal;Ede;27,7;53,7;21,4;19,2;9,4;14,5
VZ;NL:Q:40612060;Mariendaal;Ede;38,9;19,5;13,9;16,4;8,8;7,6
VZ;NL:Q:40612061;Durendaal;Ede;2,9;3,8;1,8;1,9;1,2;1,2
VZ;NL:Q:40612062;Durendaal;Ede;3,0;5,0;1,4;4,2;0,5;2,1
VZ;NL:Q:40612063;Middelbeek;Ede;4,4;4,1;4,3;2,2;1,8;1,4
VZ;NL:Q:40612064;Middelbeek;Ede;3,6;4,5;1,6;5,2;1,1;1,9
VZ;NL:Q:40612065;Schoutenhof;Ede;4,6;7,1;3,3;4,3;1,3;3,2
VZ;NL:Q:40612067;Aalbeek;Ede;31,4;22,3;30,2;10,2;11,6;8,8
VZ;NL:Q:40612068;Aalbeek;Ede;25,9;23,0;11,6;22,0;7,9;9,1
VZ;NL:Q:40612069;Nienhof;Ede;12,2;8,1;7,6;2,8;3,2;2,8
VZ;NL:Q:40612070;Nienhof;Ede;5,1;9,8;1,9;7,7;1,6;3,1
VZ;NL:Q:40612071;Binnenhof;Ede;13,1;8,0;10,3;3,9;5,5;2,5
VZ;NL:Q:40612072;Binnenhof;Ede;5,0;9,1;2,5;6,7;1,8;4,8
VZ;NL:Q:40612073;Hogerhorst;Ede;47,0;19,1;28,9;7,7;16,2;6,4
VZ;NL:Q:40612074;Hogerhorst;Ede;15,3;26,5;6,2;17,9;4,6;12,1
VZ;NL:Q:40612075;Hoekenburg;Ede;25,6;15,8;16,1;6,2;8,6;4,7
VZ;NL:Q:40612076;Hoekenburg;Ede;14,2;17,1;3,7;10,5;2,2;8,6
VZ;NL:Q:40612077;Kranenburg;Ede;31,4;7,6;22,9;3,4;9,5;2,6
VZ;NL:Q:40612078;Kranenburg;Ede;7,5;25,0;2,4;18,2;1,9;8,4
VZ;NL:Q:40612079;Proosdijerveldweg;Ede;5,0;2,2;3,0;1,0;2,3;0,7
VZ;NL:Q:40612080;Proosdijerveldweg;Ede;1,6;3,5;0,6;3,2;0,4;2,6
VZ;NL:Q:40612081;Cultura;Ede;16,2;38,3;7,0;48,0;4,2;12,9
VZ;NL:Q:40612082;Cultura;Ede;25,1;12,7;24,7;7,1;8,0;2,8
VZ;NL:Q:40612083;Centrum/Grotestraat;Ede;33,2;44,2;25,4;49,2;9,4;14,8
VZ;NL:Q:40612084;Centrum/Grotestraat;Ede;52,9;25,6;59,9;19,3;14,7;7,5
VZ;NL:Q:40612085;Centrum/Raadhuis;Ede;45,7;60,6;24,0;52,9;12,1;23,9
VZ;NL:Q:40612086;Centrum/Raadhuis;Ede;59,2;60,7;48,9;41,2;24,6;25,0
VZ;NL:Q:40612087;Doelenstraat;Ede;6,4;4,4;4,5;5,0;1,8;1,6
VZ;NL:Q:40612088;Doelenstraat;Ede;4,2;6,6;3,2;4,2;1,5;2,3
VZ;NL:Q:40612089;Politiebureau;Ede;7,9;2,6;4,4;2,8;2,4;1,2
VZ;NL:Q:40612090;Politiebureau;Ede;3,0;6,3;2,2;3,4;1,2;2,8
VZ;NL:Q:40612092;Hogewoud;Ede;12,6;13,3;2,5;4,3;2,3;4,1
VZ;NL:Q:40612095;N224/Veldhuizen;Ede;1,5;1,2;1,9;0,9;1,4;0,9
VZ;NL:Q:40612096;N224/Veldhuizen;Ede;4,8;7,3;1,7;3,2;1,1;2,3
VZ;NL:Q:40612097;Stakenberg;Ede;6,7;5,8;4,9;4,0;5,1;2,9
VZ;NL:Q:40612098;Stakenberg;Ede;17,4;18,9;5,1;6,3;2,9;5,3
VZ;NL:Q:40612101;Schaapsweg/Molenstraat;Ede;9,5;5,3;3,9;2,5;1,8;0,9
VZ;NL:Q:40612103;Schaapsweg/Molenstraat;Ede;4,0;6,5;2,6;3,2;0,9;1,8
VZ;NL:Q:40612105;Station Ede Centrum;Ede;29,5;37,4;15,3;19,2;7,0;10,5
VZ;NL:Q:40612118;De Bosrand;Ede;5,5;9,9;3,3;6,8;2,6;4,8
VZ;NL:Q:40612119;Schutterweg;Ede;5,8;5,4;0,3;0,1;0,1;0,0
VZ;NL:Q:40612120;Schutterweg;Ede;1,9;2,0;0,1;0,2;0,0;0,1
VZ;NL:Q:40612121;Cannenburgerbos;Ede;15,4;11,9;3,0;3,6;2,1;2,8
VZ;NL:Q:40612123;Lagewoud;Ede;19,4;13,8;3,7;6,5;3,9;4,5
VZ;NL:Q:40612124;Lagewoud;Ede;8,8;6,3;8,6;2,7;5,3;2,8
VZ;NL:Q:40612125;Dalerveen;Ede;14,0;6,1;3,4;2,1;2,2;2,0
VZ;NL:Q:40612126;Dalerveen;Ede;3,2;6,5;2,8;3,3;2,0;2,9
VZ;NL:Q:40612127;Darwinstraat;Ede;21,3;5,2;0,9;0,2;0,2;0,0
VZ;NL:Q:40612128;Darwinstraat;Ede;2,3;9,9;0,2;0,8;0,0;0,3
VZ;NL:Q:40612129;Veenwoud;Ede;9,6;5,3;2,6;1,9;1,4;1,6
VZ;NL:Q:40612130;Veenwoud;Ede;2,6;3,3;2,9;2,4;2,0;1,9
VZ;NL:Q:40612151;Station Ede-Wageningen;Ede;26,4;3,0;7,8;0,3;8,1;0,7
VZ;NL:Q:40612161;Station Ede-Wageningen;Ede;26,2;2,3;22,8;2,8;33,4;1,3
VZ;NL:Q:40612162;Station Ede-Wageningen;Ede;13,2;0,8;6,4;0,2;5,6;0,5
VZ;NL:Q:40612163;Station Ede-Wageningen;Ede;26,9;4,2;13,6;1,6;9,5;0,8
VZ;NL:Q:40612166;Station Ede-Wageningen;Ede;11,2;1,1;4,2;1,3;3,4;1,1
VZ;NL:Q:40612167;Station Ede-Wageningen;Ede;282,0;85,7;183,4;66,9;214,2;43,7
VZ;NL:Q:40622091;Hogewoud;Ede;7,5;5,0;6,3;2,9;5,2;4,0
VZ;NL:Q:40622117;De Bosrand;Ede;7,8;5,8;5,5;3,6;3,4;1,9
VZ;NL:Q:40622119;Driesprong;Ede;8,6;3,1;4,8;1,2;3,7;1,1
VZ;NL:Q:40622120;Driesprong;Ede;2,5;9,9;2,1;5,0;2,6;3,5
VZ;NL:Q:40622121;Hoge Valksedijk;Ede;0,4;0,4;0,2;0,5;0,2;0,0
VZ;NL:Q:40622122;Hoge Valksedijk;Ede;0,2;0,6;0,2;0,5;0,0;0,6
VZ;NL:Q:40622123;De Valouwe;Ede;0,1;0,0;0,2;0,1;0,1;0,2
VZ;NL:Q:40622124;De Valouwe;Ede;0,0;0,4;0,0;1,3;0,1;0,7
VZ;NL:Q:40622126;Wekeromse Zand;Ede;0,0;0,5;0,1;0,3;0,1;0,3
VZ;NL:Q:40631001;School met de Bijbel;De Valk;0,1;0,2;0,0;0,1;0,0;0,0
VZ;NL:Q:40631002;School met de Bijbel;De Valk;0,2;0,1;0,1;0,0;0,0;0,0
VZ;NL:Q:40631003;Geref. Gemeente;De Valk;0,0;0,1;0,0;0,0;0,0;0,0
VZ;NL:Q:40631004;Geref. Gemeente;De Valk;0,0;0,0;0,0;0,0;0,0;0,0
VZ;NL:Q:40631005;Lage Valkseweg;De Valk;2,5;2,1;0,2;0,5;0,1;0,1
VZ;NL:Q:40631009;Cooperatie;De Valk;0,0;0,1;0,0;0,1;0,0;0,0
VZ;NL:Q:40631010;Cooperatie;De Valk;0,1;0,0;0,0;0,0;0,0;0,0
VZ;NL:Q:40649001;Busstation;Wittenberg;23,1;17,2;8,3;8,8;6,2;10,7
VZ;NL:Q:40649002;Busstation;Wittenberg;17,0;15,2;9,5;6,6;6,5;5,9
VZ;NL:Q:40649009;Militair tehuis;Wittenberg;0,5;0,1;0,1;0,1;0,0;0,1
VZ;NL:Q:40664003;Garderbroekerweg;Kootwijkerbroek;0,0;0,1;0,0;0,0;0,0;0,0
VZ;NL:Q:40664004;Garderbroekerweg;Kootwijkerbroek;0,4;0,0;0,0;0,0;0,0;0,0
VZ;NL:Q:40664007;Kosterijweg;Kootwijkerbroek;0,0;0,4;0,0;0,0;0,0;0,0
VZ;NL:Q:40664008;Kosterijweg;Kootwijkerbroek;0,9;0,0;0,0;0,0;0,0;0,0
VZ;NL:Q:40664009;Essenerweg;Kootwijkerbroek;0,0;0,4;0,0;0,0;0,0;0,0
VZ;NL:Q:40664010;Essenerweg;Kootwijkerbroek;0,8;0,0;0,0;0,0;0,0;0,0
VZ;NL:Q:40664011;Nachtegaalweg;Kootwijkerbroek;0,0;0,1;0,0;0,0;0,0;0,0
VZ;NL:Q:40664012;Nachtegaalweg;Kootwijkerbroek;0,2;0,0;0,0;0,0;0,0;0,0
VZ;NL:Q:40664013;Wencopperweg;Kootwijkerbroek;0,0;0,3;0,0;0,0;0,0;0,0
VZ;NL:Q:40664014;Wencopperweg;Kootwijkerbroek;0,9;0,0;0,0;0,0;0,0;0,0
VZ;NL:Q:40664015;Gereformeerde Kerk;Kootwijkerbroek;0,0;0,1;0,0;0,0;0,0;0,0
VZ;NL:Q:40664016;Gereformeerde Kerk;Kootwijkerbroek;0,2;0,0;0,0;0,0;0,0;0,0
VZ;NL:Q:40712009;Pascalstraat;Ede;14,4;26,1;1,4;5,3;1,2;4,4
VZ;NL:Q:40712010;Pascalstraat;Ede;7,9;6,5;4,9;2,3;3,7;2,6
VZ;NL:Q:40712011;Lumierestraat;Ede;20,3;7,5;0,8;1,0;0,9;0,9
VZ;NL:Q:40712012;Lumierestraat;Ede;3,9;8,0;1,1;1,1;0,9;1,2
VZ;NL:Q:40712013;Niels Bohrstraat;Ede;15,0;6,4;1,3;0,8;0,6;0,4
VZ;NL:Q:40712014;Niels Bohrstraat;Ede;3,0;5,5;0,7;1,3;0,3;0,9
VZ;NL:Q:40712019;Pakhuisweg;Ede;1,3;1,2;0,6;0,3;0,4;0,3
VZ;NL:Q:40712020;Pakhuisweg;Ede;0,8;0,7;0,5;0,6;0,3;0,4
VZ;NL:Q:40712021;Kievitsmeent;Ede;3,1;5,1;0,6;0,9;0,3;0,5
VZ;NL:Q:40712022;Kievitsmeent;Ede;2,2;1,5;0,7;0,8;0,5;0,3
VZ;NL:Q:40712137;Einsteinstraat;Ede;5,1;25,3;2,0;14,5;1,2;7,0
VZ;NL:Q:40712138;Einsteinstraat;Ede;20,6;12,9;12,2;5,0;5,2;2,3
VZ;NL:Q:40712159;Amperestraat;Ede;38,2;10,5;2,1;0,8;0,8;0,3
VZ;NL:Q:40712160;Amperestraat;Ede;3,5;20,0;0,8;2,4;0,3;0,7
VZ;NL:Q:40715013;Buurtlaan-Oost;Veenendaal;3,8;1,1;0,8;0,3;0,6;0,2
VZ;NL:Q:40726001;Hooiweg;Garderen;1,2;3,6;1,6;2,2;0,3;0,8
VZ;NL:Q:40726002;Hooiweg;Garderen;2,7;1,3;2,1;1,8;1,0;0,2
VZ;NL:Q:40726003;Bakkerstraat;Garderen;6,4;10,7;3,9;4,9;2,7;3,1
VZ;NL:Q:40726004;Bakkerstraat;Garderen;10,5;5,2;5,6;5,1;3,3;3,0
VZ;NL:Q:40726005;Buurtstraat;Garderen;0,4;2,7;0,5;1,4;0,1;0,9
VZ;NL:Q:40726006;Buurtstraat;Garderen;2,5;0,5;1,0;0,2;0,9;0,1
VZ;NL:Q:40726007;Heideheuvel;Garderen;0,9;2,3;0,6;1,3;0,3;0,9
VZ;NL:Q:40726008;Heideheuvel;Garderen;2,0;1,6;1,2;0,7;0,9;0,3
VZ;NL:Q:40726009;De Hertshoorn;Garderen;1,6;2,2;2,3;1,8;1,4;1,2
VZ;NL:Q:40726010;De Hertshoorn;Garderen;1,9;1,5;2,2;2,7;1,6;1,2
VZ;NL:Q:40726011;Veluw Hul;Garderen;0,4;0,5;0,1;0,7;0,2;0,3
VZ;NL:Q:40726012;Veluw Hul;Garderen;0,4;0,3;0,3;0,3;0,4;0,1
VZ;NL:Q:40750001;Station;Lunteren;0,4;12,9;0,5;4,4;0,0;0,0
VZ;NL:Q:40750003;Roskammersteeg;Lunteren;0,1;1,3;0,2;1,0;0,0;0,0
VZ;NL:Q:40750004;Roskammersteeg;Lunteren;1,2;0,0;1,2;0,0;0,0;0,0
VZ;NL:Q:40750005;Hertenlaan;Lunteren;0,1;0,9;0,0;0,0;0,0;0,0
VZ;NL:Q:40750006;Hertenlaan;Lunteren;1,3;0,0;0,1;0,0;0,0;0,0
VZ;NL:Q:40750007;Everlaan;Lunteren;0,6;0,6;0,2;0,2;0,0;0,0
VZ;NL:Q:40750009;Viaduct;Lunteren;0,1;0,3;0,0;0,2;0,0;0,0
VZ;NL:Q:40750010;Viaduct;Lunteren;0,2;0,3;0,2;0,1;0,0;0,0
VZ;NL:Q:40750013;De Molen;Lunteren;0,1;0,4;0,1;0,8;0,0;0,0
VZ;NL:Q:40750014;De Molen;Lunteren;0,6;0,2;0,8;0,0;0,0;0,0
VZ;NL:Q:40750015;De Wormshoef;Lunteren;0,1;0,3;0,0;0,2;0,0;0,0
VZ;NL:Q:40750016;De Wormshoef;Lunteren;0,3;0,2;0,0;0,0;0,0;0,0
VZ;NL:Q:40751003;Rehoboth;Meulunteren;0,0;0,4;0,0;0,0;0,0;0,0
VZ;NL:Q:40751004;Rehoboth;Meulunteren;0,4;0,1;0,2;0,0;0,0;0,0
VZ;NL:Q:40751005;Bijweg;Meulunteren;0,0;0,4;0,0;0,2;0,0;0,0
VZ;NL:Q:40751006;Bijweg;Meulunteren;0,4;0,1;0,2;0,0;0,0;0,0
VZ;NL:Q:40751011;Hessenweg;Meulunteren;0,0;0,5;0,1;0,5;0,0;0,0
VZ;NL:Q:40751012;Hessenweg;Meulunteren;0,6;0,0;0,1;0,1;0,0;0,0
VZ;NL:Q:40755075;Schaffelaartheater;Barneveld;0,1;1,9;0,0;0,6;0,0;0,0
VZ;NL:Q:40755085;Schaffelaartheater;Barneveld;1,1;0,0;0,4;0,0;0,0;0,0
VZ;NL:Q:40759075;Schaffelaartheater;Barneveld;0,1;1,0;0,0;0,3;0,0;0,0
VZ;NL:Q:40759085;Schaffelaartheater;Barneveld;0,7;0,0;0,6;0,0;0,0;0,0
VZ;NL:Q:40760005;Valkseweg;Barneveld;0,5;6,8;0,1;1,8;0,1;1,5
VZ;NL:Q:40760010;Valkseweg;Barneveld;7,9;1,1;2,3;0,2;1,4;0,1
VZ;NL:Q:40761001;Van Lodenstein College;Barneveld;0,0;0,0;0,0;0,0;0,0;0,0
VZ;NL:Q:40761002;Van Lodenstein College;Barneveld;0,0;0,0;0,0;0,0;0,0;0,0
VZ;NL:Q:40761003;Lange Voren;Barneveld;1,7;17,9;0,4;2,8;0,1;1,0
VZ;NL:Q:40761004;Lange Voren;Barneveld;18,5;2,0;3,2;0,4;1,7;0,2
VZ;NL:Q:40765009;Julianaplein;Barneveld;2,7;0,2;0,6;0,1;0,2;0,0
VZ;NL:Q:40765010;Julianaplein;Barneveld;0,1;2,1;0,1;0,5;0,0;0,3
VZ;NL:Q:40765011;Van Dompselaerstraat;Barneveld;0,0;0,2;0,0;0,0;0,0;0,0
VZ;NL:Q:40765012;Van Dompselaerstraat;Barneveld;0,3;3,3;0,1;2,2;0,1;0,9
VZ;NL:Q:40765013;Station Barneveld Centrum;Barneveld;9,0;63,1;5,5;26,5;1,9;10,8
VZ;NL:Q:40765014;Station Barneveld Centrum;Barneveld;87,4;4,0;41,1;3,8;20,2;1,5
VZ;NL:Q:40765029;Narcissenstraat;Barneveld;0,8;0,8;0,2;0,6;0,0;0,0
VZ;NL:Q:40765030;Narcissenstraat;Barneveld;1,0;0,9;0,6;0,3;0,0;0,0
VZ;NL:Q:40765031;Begraafplaats De Plantage;Barneveld;0,1;0,3;0,0;0,1;0,0;0,0
VZ;NL:Q:40765032;Begraafplaats De Plantage;Barneveld;0,3;0,2;0,2;0,0;0,0;0,0
VZ;NL:Q:40765045;Evenementenhal;Barneveld;5,7;7,0;4,6;5,4;2,3;3,0
VZ;NL:Q:40765047;Troelstralaan;Barneveld;7,3;1,0;0,9;0,1;0,6;0,0
VZ;NL:Q:40765048;Troelstralaan;Barneveld;4,0;17,3;0,4;1,7;0,0;0,5
VZ;NL:Q:40765061;Churchillstraat;Barneveld;0,2;0,2;0,0;0,0;0,0;0,0
VZ;NL:Q:40765062;Churchillstraat;Barneveld;0,0;0,1;0,0;0,0;0,0;0,0
VZ;NL:Q:40765068;Nieuwe Markt;Barneveld;0,3;0,2;0,1;0,2;0,0;0,0
VZ;NL:Q:40765073;Vellerselaan;Barneveld;0,1;0,1;0,0;0,0;0,0;0,0
VZ;NL:Q:40765074;Vellerselaan;Barneveld;0,0;0,1;0,0;0,0;0,0;0,0
VZ;NL:Q:40800321;Korte Dreef;Veenendaal;0,0;0,1;0,1;0,0;0,0;0,0
VZ;NL:Q:40800322;Korte Dreef;Veenendaal;0,1;0,0;0,0;0,1;0,0;0,0
VZ;NL:Q:40800325;Stationsstraat;Veenendaal;1,0;0,9;0,3;0,5;0,0;0,0
VZ;NL:Q:40800326;Stationsstraat;Veenendaal;1,5;1,0;0,4;0,5;0,0;0,0
VZ;NL:Q:40800370;Griftweg;De Klomp;0,3;0,7;0,1;0,3;0,0;0,0
VZ;NL:Q:40800380;Griftweg;De Klomp;0,7;0,5;0,4;0,1;0,0;0,0
VZ;NL:Q:40800390;De Grote Pekken;Veenendaal;27,3;2,3;4,7;0,7;4,3;1,0
VZ;NL:Q:40800400;De Grote Pekken;Veenendaal;1,0;11,6;0,6;5,3;0,3;3,8
VZ;NL:Q:40800410;Rembrandtpark;Veenendaal;18,2;7,0;3,2;1,6;0,0;0,0
VZ;NL:Q:40800420;Rembrandtpark;Veenendaal;2,8;8,2;0,7;2,6;0,0;0,0
VZ;NL:Q:40800430;Rossiniweg;Veenendaal;4,5;3,8;0,1;0,2;0,0;0,0
VZ;NL:Q:40800440;Jan Vermeerstraat;Veenendaal;0,9;4,0;0,6;1,2;0,0;0,0
VZ;NL:Q:40800450;Jan Vermeerstraat;Veenendaal;4,0;2,7;0,6;1,0;0,0;0,0
VZ;NL:Q:40800470;Station West;Veenendaal;13,4;12,4;1,3;1,9;0,0;0,0
VZ;NL:Q:40800480;Station West;Veenendaal;5,8;5,5;2,0;2,2;0,0;0,0
VZ;NL:Q:40800490;Boekvink;Veenendaal;6,7;6,3;0,4;1,0;0,0;0,0
VZ;NL:Q:40800500;Boekvink;Veenendaal;2,0;1,9;0,6;0,8;0,0;0,0
VZ;NL:Q:40800510;Tuinfluiter;Veenendaal;1,6;3,9;0,3;0,2;0,0;0,0
VZ;NL:Q:40800520;Tuinfluiter;Veenendaal;1,8;0,4;0,2;0,2;0,0;0,0
VZ;NL:Q:40800610;Spitsbergenweg;Veenendaal;1,0;5,0;0,7;2,0;0,4;1,3
VZ;NL:Q:40800620;Spitsbergenweg;Veenendaal;12,8;2,4;2,1;0,8;1,6;0,7
VZ;NL:Q:40800630;De Meent;Veenendaal;1,1;4,9;0,8;1,7;0,4;1,2
VZ;NL:Q:40800640;De Meent;Veenendaal;13,3;2,5;2,1;0,8;1,1;0,6
VZ;NL:Q:40800700;'t Kofschip;Veenendaal;2,0;3,1;0,8;1,2;0,0;0,0
VZ;NL:Q:40800710;'t Kofschip;Veenendaal;8,0;4,7;1,2;0,6;0,0;0,0
VZ;NL:Q:40800800;Rossiniweg;Veenendaal;2,3;1,4;0,2;0,1;0,0;0,0
VZ;NL:Q:40800820;Zwaaiplein;Veenendaal;10,1;2,3;6,5;2,2;0,0;0,0
VZ;NL:Q:40800830;Zwaaiplein;Veenendaal;2,8;4,9;2,0;3,3;0,0;0,0
VZ;NL:Q:40800910;Arsenaal;Veenendaal;1,1;0,5;0,4;0,3;0,0;0,0
VZ;NL:Q:40800920;Arsenaal;Veenendaal;1,6;5,0;0,3;0,5;0,0;0,0
VZ;NL:Q:40800930;Kazemat;Veenendaal;0,2;0,7;0,1;0,3;0,0;0,0
VZ;NL:Q:40800940;Kazemat;Veenendaal;3,1;0,8;0,1;0,2;0,0;0,0
VZ;NL:Q:40800960;Händellaan;Veenendaal;0,6;0,3;0,2;0,2;0,0;0,0
VZ;NL:Q:40800970;Händellaan;Veenendaal;1,0;1,7;0,2;0,1;0,0;0,0
VZ;NL:Q:40800980;Smetanadreef;Veenendaal;1,6;0,7;0,6;0,3;0,0;0,0
VZ;NL:Q:40800990;Smetanadreef;Veenendaal;1,8;3,7;0,6;0,6;0,0;0,0
VZ;NL:Q:40801300;Landjuweel;Veenendaal;2,1;8,4;0,4;1,1;0,0;0,0
VZ;NL:Q:40801310;Landjuweel;Veenendaal;2,4;0,8;1,3;0,2;0,0;0,0
VZ;NL:Q:40801320;Klovenier;Veenendaal;1,6;4,4;0,0;0,1;0,0;0,0
VZ;NL:Q:40801330;Klovenier;Veenendaal;1,8;1,1;0,5;0,0;0,0;0,0
VZ;NL:Q:40801350;De Schutterij;Veenendaal;2,1;0,9;1,6;0,2;0,0;0,0
VZ;NL:Q:40801360;Gildetrom;Veenendaal;0,0;0,1;0,0;0,0;0,0;0,0
VZ;NL:Q:40801370;Gildetrom;Veenendaal;0,0;0,0;0,0;0,0;0,0;0,0
VZ;NL:Q:40801410;Regge;Veenendaal;1,7;6,3;0,4;1,2;0,0;0,0
VZ;NL:Q:40801420;Regge;Veenendaal;13,1;4,7;1,2;0,4;0,0;0,0
VZ;NL:Q:40801480;Stat. Centrum/Kerkewijk;Veenendaal;6,4;48,1;4,4;20,6;0,0;0,0
VZ;NL:Q:40801510;Munnikenweg;Veenendaal;7,2;8,9;0,6;1,3;0,0;0,0
VZ;NL:Q:40801520;Munnikenweg;Veenendaal;3,3;2,5;1,4;0,5;0,0;0,0
VZ;NL:Q:40801530;De Schutterij;Veenendaal;3,5;7,6;0,2;1,6;0,0;0,0
VZ;NL:Q:40801540;Stat. Centrum/Rembrandtlaan;Veenendaal;5,9;4,2;1,9;1,7;0,0;0,0
VZ;NL:Q:40802001;Heuvelsesteeg;Overberg;0,6;0,5;0,2;0,2;0,0;0,0
VZ;NL:Q:40802003;Bergweg;Overberg;0,4;0,4;0,1;0,1;0,0;0,0
VZ;NL:Q:40802005;De Ossenberg;Overberg;1,7;1,2;1,6;1,2;0,0;0,0
VZ;NL:Q:40802007;Rijksinrichting de Overberg;Overberg;0,2;0,1;0,2;0,1;0,0;0,0
VZ;NL:Q:40802009;Driesprong;Overberg;0,7;0,3;0,3;0,1;0,0;0,0
VZ;NL:Q:40802011;Slaperdijk;Overberg;0,6;0,1;0,4;0,1;0,0;0,0
VZ;NL:Q:40802014;Haarweg School;Overberg;0,1;0,2;0,0;0,1;0,0;0,0
VZ;NL:Q:40802016;Haspel;Overberg;0,0;0,2;0,0;0,1;0,0;0,0
VZ;NL:Q:40802018;Haarweg/Eindseweg;Overberg;0,0;0,2;0,0;0,1;0,0;0,0
VZ;NL:Q:40805005;Prins Clauslaan;Veenendaal;15,3;5,3;3,8;2,2;3,3;1,6
VZ;NL:Q:40805006;Prins Clauslaan;Veenendaal;2,1;4,9;1,9;3,3;0,9;2,8
VZ;NL:Q:40805007;Sirius;Veenendaal;5,9;14,1;3,6;5,6;2,4;4,9
VZ;NL:Q:40805008;Sirius;Veenendaal;36,3;9,1;6,3;3,2;6,1;2,2
VZ;NL:Q:40805014;Buurtlaan-Oost;Veenendaal;0,3;2,5;0,1;1,3;0,1;0,4
VZ;NL:Q:40805015;Van Veldekelaan;Veenendaal;0,0;0,5;0,0;0,3;0,0;0,0
VZ;NL:Q:40805016;Van Veldekelaan;Veenendaal;0,1;0,0;0,0;0,0;0,0;0,0
VZ;NL:Q:40805017;Station West;Veenendaal;2,6;1,6;1,8;1,2;0,0;0,0
VZ;NL:Q:40805018;Station West;Veenendaal;1,3;2,9;0,8;1,3;0,0;0,0
VZ;NL:Q:40805027;Politiebureau;Veenendaal;58,4;11,0;15,5;5,2;7,9;3,2
VZ;NL:Q:40805028;Politiebureau;Veenendaal;3,4;26,1;3,7;15,4;1,1;8,7
VZ;NL:Q:40805037;'t Boveneind;Veenendaal;1,7;0,4;0,8;0,2;0,0;0,0
VZ;NL:Q:40805038;'t Boveneind;Veenendaal;0,5;1,1;0,2;0,4;0,0;0,0
VZ;NL:Q:40805120;Stat. Centrum/Plein;Veenendaal;120,6;18,5;25,2;10,3;25,6;19,6
VZ;NL:Q:40806010;Centrum/ Wolweg;Veenendaal;3,9;3,8;2,7;2,3;0,0;0,0
VZ;NL:Q:40806020;Centrum/ Wolweg;Veenendaal;5,8;3,0;2,8;2,1;0,0;0,0
VZ;NL:Q:40806030;Dijkstraat-West;Veenendaal;0,8;0,0;0,6;0,1;0,0;0,0
VZ;NL:Q:40806040;Dijkstraat-West;Veenendaal;0,0;0,6;0,0;0,4;0,0;0,0
VZ;NL:Q:40829001;Hessenweg;Koudhoorn;0,5;1,0;0,3;0,5;0,4;0,4
VZ;NL:Q:40829002;Hessenweg;Koudhoorn;0,6;0,5;0,3;0,6;0,2;0,2
VZ;NL:Q:40829003;Wildforsterweg;Koudhoorn;1,0;4,6;1,1;4,4;1,2;2,7
VZ;NL:Q:40829004;Wildforsterweg;Koudhoorn;4,8;0,8;4,8;0,8;3,4;0,6
VZ;NL:Q:40829005;Landgoed Groot Spriel;Koudhoorn;0,0;0,4;0,0;0,2;0,1;0,1
VZ;NL:Q:40829006;Landgoed Groot Spriel;Koudhoorn;0,2;0,1;0,1;0,2;0,1;0,0
VZ;NL:Q:40829007;School Schovenhorst;Koudhoorn;0,1;0,6;0,2;0,3;0,1;0,0
VZ;NL:Q:40829008;School Schovenhorst;Putten;0,4;0,1;0,6;0,1;0,6;0,2
VZ;NL:Q:40829010;Landgoed Schovenhorst;Koudhoorn;0,4;0,4;0,6;0,6;0,7;0,4
VZ;NL:Q:41220010;Avegoor;Ellecom;0,1;2,7;0,1;1,9;0,0;1,3
VZ;NL:Q:41220030;Oprijlaan Middachten;De Steeg;0,0;1,0;0,0;0,6;0,0;0,7
VZ;NL:Q:41220040;Oprijlaan Middachten;De Steeg;0,1;0,0;0,1;0,0;0,1;0,0
VZ;NL:Q:41220050;Smidsallee;De Steeg;0,1;1,3;0,0;0,5;0,0;0,7
VZ;NL:Q:41220060;Smidsallee;De Steeg;0,7;0,0;0,6;0,0;0,3;0,0
VZ;NL:Q:41220070;Brantsenpark;De Steeg;0,7;6,8;0,1;3,8;0,1;2,2
VZ;NL:Q:41220080;Brantsenpark;De Steeg;2,4;0,1;1,8;0,0;0,8;0,0
VZ;NL:Q:41220090;Viaduct;De Steeg;0,1;1,5;0,0;0,3;0,0;0,2
VZ;NL:Q:41220100;Viaduct;De Steeg;0,4;0,0;0,0;0,0;0,0;0,0
VZ;NL:Q:41220110;Rozenbos;Rheden;0,1;1,3;0,0;0,3;0,0;0,1
VZ;NL:Q:41220120;Rozenbos;Rheden;0,9;0,0;0,2;0,0;0,1;0,0
VZ;NL:Q:41220130;Pinkelseweg;Rheden;0,0;1,4;0,0;0,3;0,0;0,4
VZ;NL:Q:41220140;Pinkelseweg;Rheden;0,8;0,0;0,2;0,0;0,1;0,0
VZ;NL:Q:41220150;Groenestraat;Rheden;0,2;8,4;0,0;4,0;0,0;2,8
VZ;NL:Q:41220160;Groenestraat;Rheden;4,7;0,0;2,3;0,0;1,8;0,0
VZ;NL:Q:41220170;Holtbankseweg;Rheden;0,1;3,0;0,0;0,5;0,0;0,7
VZ;NL:Q:41220180;Holtbankseweg;Rheden;1,2;0,0;0,6;0,0;0,4;0,0
VZ;NL:Q:41220190;Rhederhof;Rheden;0,2;3,0;0,0;0,9;0,1;0,6
VZ;NL:Q:41220200;Rhederhof;Rheden;1,8;0,0;0,5;0,0;0,5;0,0
VZ;NL:Q:41220220;Hotel De Roskam;Rheden;13,7;0,1;1,2;0,0;0,9;0,0
VZ;NL:Q:41320111;Station Dieren;Dieren;57,9;88,1;17,8;37,3;14,4;28,8
VZ;NL:Q:41320112;Station Dieren;Dieren;84,5;0,1;32,2;0,0;25,2;0,0
VZ;NL:Q:41320150;Hofstetten;Ellecom;0,0;4,3;0,0;2,4;0,0;1,8
VZ;NL:Q:41320160;Hofstetten;Ellecom;0,8;0,0;0,5;0,0;0,2;0,0
VZ;NL:Q:41320170;Dorp;Ellecom;0,3;6,6;0,0;3,3;0,0;2,9
VZ;NL:Q:41320180;Dorp;Ellecom;3,3;0,1;2,1;0,0;1,4;0,0
VZ;NL:Q:41320200;Avegoor;Ellecom;0,7;0,0;0,4;0,0;0,4;0,0
VZ;NL:Q:41327003;Callunaplein;Dieren;17,2;7,9;8,9;4,6;4,7;1,9
VZ;NL:Q:41327004;Callunaplein;Dieren;9,9;21,8;5,9;9,0;2,1;4,3
VZ;NL:Q:41327005;Rode Kruislaan;Dieren;24,4;7,7;6,2;3,6;4,5;1,5
VZ;NL:Q:41327006;Rode Kruislaan;Dieren;7,3;17,8;3,1;5,1;1,6;3,4
VZ;NL:Q:41327007;Geitenbergweg;Dieren;31,4;7,2;9,2;2,9;5,4;1,8
VZ;NL:Q:41327008;Geitenbergweg;Dieren;7,8;27,6;3,3;7,5;1,9;5,8
VZ;NL:Q:41327009;Crematorium;Dieren;12,8;2,8;3,8;1,6;3,1;1,1
VZ;NL:Q:41327010;Crematorium;Dieren;2,8;12,0;2,1;3,6;1,1;3,6
VZ;NL:Q:41327011;Cederlaan;Dieren;19,7;3,5;7,0;2,5;6,8;1,6
VZ;NL:Q:41327012;Cederlaan;Dieren;3,9;16,5;2,6;7,1;1,5;6,0
VZ;NL:Q:41420250;Karel Doormansingel;Doesburg;0,0;0,0;0,0;0,0;0,0;0,0
VZ;NL:Q:49821001;Station;Putten;64,9;55,0;46,8;40,6;40,2;29,2
VZ;NL:Q:49821003;Stationsstraat;Putten;1,4;0,5;0,8;0,4;0,9;0,3
VZ;NL:Q:49821004;Stationsstraat;Putten;0,2;2,0;0,2;0,9;0,2;0,3
VZ;NL:Q:49821011;Centrum;Putten;8,4;12,8;7,5;6,5;5,1;3,4
VZ;NL:Q:49821012;Centrum;Putten;14,5;8,9;7,9;7,5;4,5;5,5
VZ;NL:Q:49821013;Calcariaweg;Putten;2,8;2,3;1,2;2,4;1,0;1,2
VZ;NL:Q:49821014;Calcariaweg;Putten;2,4;2,2;2,0;1,3;1,5;0,7
VZ;NL:Q:49821027;Dorpsstraat;Putten;3,4;9,5;2,2;6,8;2,6;2,7
VZ;NL:Q:49821028;Dorpsstraat;Putten;6,7;2,7;6,2;2,7;1,9;1,7
VZ;NL:Q:49821029;Kerkstraat;Putten;5,5;11,0;2,3;9,2;0,9;4,1
VZ;NL:Q:49821030;Kerkstraat;Putten;9,8;4,9;6,1;2,1;3,9;0,6
VZ;NL:Q:49829009;Landgoed Schovenhorst;Koudhoorn;0,3;0,5;0,5;0,6;0,5;0,5
VZ;NL:Q:50423060;Hoornbeeck/Van Lodenstein;Amersfoort;2,7;5,6;0,0;0,0;0,0;0,0
VZ;NL:Q:50610080;Holevoetplein;Scherpenzeel;0,7;2,3;0,3;0,4;0,0;0,0
VZ;NL:Q:50610090;Holevoetplein;Scherpenzeel;3,2;0,4;0,7;0,0;0,0;0,0
VZ;NL:Q:50610100;Kerk;Scherpenzeel;0,0;5,9;0,0;0,9;0,0;0,0
VZ;NL:Q:50610110;Kerk;Scherpenzeel;6,5;0,0;1,2;0,0;0,0;0,0
VZ;NL:Q:50610160;Ruwinkelseweg;Renswoude;0,0;0,0;0,0;0,0;0,0;0,0
VZ;NL:Q:50610290;Barneveldsestraat;Scherpenzeel;0,0;0,0;0,0;0,0;0,0;0,0
VZ;NL:Q:50610300;Barneveldsestraat;Scherpenzeel;0,0;0,0;0,0;0,0;0,0;0,0
VZ;NL:Q:50617003;Vijverlaan;Scherpenzeel;0,0;0,0;0,0;0,0;0,0;0,0
VZ;NL:Q:50617004;Vijverlaan;Scherpenzeel;0,0;0,9;0,0;0,1;0,0;0,0
VZ;NL:Q:50617007;Eikenlaan;Scherpenzeel;1,8;0,0;0,7;0,0;0,0;0,0
VZ;NL:Q:50617008;Eikenlaan;Scherpenzeel;0,0;1,8;0,0;0,8;0,0;0,0
VZ;NL:Q:50617009;De Haar;Scherpenzeel;0,0;0,0;0,0;0,0;0,0;0,0
VZ;NL:Q:50617010;De Haar;Scherpenzeel;0,0;0,0;0,0;0,0;0,0;0,0
VZ;NL:Q:50617011;Huigenbosch;Scherpenzeel;0,3;0,0;0,0;0,0;0,0;0,0
VZ;NL:Q:50617012;Huigenbosch;Scherpenzeel;0,0;0,0;0,0;0,0;0,0;0,0
VZ;NL:Q:50710010;Ruwinkelseweg;Renswoude;0,0;0,0;0,0;0,0;0,0;0,0
VZ;NL:Q:50710040;Barneveldsestraat;Renswoude;0,6;0,0;0,0;0,0;0,0;0,0
VZ;NL:Q:50710050;Barneveldsestraat;Renswoude;0,0;0,8;0,0;0,0;0,0;0,0
VZ;NL:Q:50710060;Kerkstraat;Renswoude;0,1;0,0;0,0;0,0;0,0;0,0
VZ;NL:Q:50710070;Kerkstraat;Renswoude;0,0;0,3;0,0;0,0;0,0;0,0
VZ;NL:Q:50763001;Licht en Ruimte;De Glind;0,3;0,0;0,0;0,0;0,0;0,0
VZ;NL:Q:50763002;Licht en Ruimte;De Glind;0,0;0,2;0,0;0,0;0,0;0,0
VZ;NL:Q:50763003;Prinses Beatrixschool;De Glind;0,0;0,0;0,1;0,0;0,0;0,0
VZ;NL:Q:50763004;Prinses Beatrixschool;De Glind;0,0;0,1;0,0;0,1;0,0;0,0
VZ;NL:Q:50763005;De Glind;De Glind;0,3;0,0;0,0;0,0;0,0;0,0
VZ;NL:Q:50763006;De Glind;De Glind;0,0;0,5;0,0;0,4;0,0;0,0
VZ;NL:Q:50763007;Schoonderbekerweg;De Glind;16,5;0,4;7,2;0,5;0,0;0,0
VZ;NL:Q:50763008;Schoonderbekerweg;De Glind;0,7;14,3;0,5;6,0;0,0;0,0
VZ;NL:Q:50765067;Anthonie Fokkerstraat;Barneveld;3,9;1,6;0,9;0,1;0,0;0,0
VZ;NL:Q:50765068;Anthonie Fokkerstraat;Barneveld;0,5;4,0;0,1;1,2;0,0;0,0
VZ;NL:Q:50767013;Kolfschoten;Scherpenzeel;0,1;0,0;0,0;0,0;0,0;0,0
VZ;NL:Q:50767014;Kolfschoten;Scherpenzeel;0,0;0,3;0,0;0,0;0,0;0,0
VZ;NL:Q:50769001;Klein Moorst;De Glind;0,5;0,0;0,2;0,1;0,0;0,0
VZ;NL:Q:50769002;Klein Moorst;De Glind;0,1;0,6;0,1;0,1;0,0;0,0
VZ;NL:Q:50812001;Stat. Veenendaal-De Klomp;De Klomp;57,2;77,5;15,3;21,0;0,0;0,0
VZ;NL:Q:50812002;Stat. Veenendaal-De Klomp;De Klomp;55,2;81,9;33,3;27,8;28,7;25,2
VZ;NL:Q:50812003;Stat. Veenendaal-De Klomp;De Klomp;17,2;33,4;9,6;15,5;0,0;0,0
VZ;NL:Q:50814001;Scheivoor;De Klomp;0,1;0,1;0,0;0,0;0,0;0,0
VZ;NL:Q:50814002;Scheivoor;De Klomp;0,1;0,2;0,0;0,0;0,0;0,0
VZ;NL:Q:50814003;School;Ederveen;0,2;0,9;0,1;0,3;0,0;0,0
VZ;NL:Q:50814004;School;Ederveen;1,1;0,4;0,4;0,1;0,0;0,0
VZ;NL:Q:50814005;Hortensiastraat;Ederveen;1,9;1,2;0,8;1,3;0,0;0,0
VZ;NL:Q:50814006;Hortensiastraat;Ederveen;1,5;2,2;1,3;0,4;0,0;0,0
VZ;NL:Q:50814007;Luntersekade;Ederveen;0,5;0,6;0,1;0,3;0,0;0,0
VZ;NL:Q:50814011;Kruisbeekweg;Ederveen;0,6;1,6;1,4;1,4;0,0;0,0
VZ;NL:Q:50814012;Kruisbeekweg;Ederveen;1,9;0,6;1,4;1,3;0,0;0,0
VZ;NL:Q:50814013;Drieenhuizerweg;Ederveen;0,2;0,2;0,1;0,0;0,0;0,0
VZ;NL:Q:50814014;Drieenhuizerweg;Ederveen;0,1;0,2;0,1;0,2;0,0;0,0
VZ;NL:Q:60151006;Station Dukenburg;Nijmegen;0,0;0,0;0,0;0,0;0,0;0,0
VZ;NL:Q:91000116;Station;Lunteren;17,9;0,5;5,5;0,6;0,0;0,0
