CONCESSIE;QUAYCODE;NAME;TOWN;INSTAP_WERK;UITSTAP_WERK;INSTAP_ZA;UITSTAP_ZA;INSTAP_ZO;UITSTAP_ZO
17;NL:Q:16000030;Station;Meppel;3,3;2,9;0,6;0,3;0,0;0,0
17;NL:Q:16000260;Medisch Centrum;Meppel;0,5;0,9;0,0;0,1;0,0;0,0
17;NL:Q:16000290;Gemeenteweg;Halfweg;0,0;0,0;0,0;0,0;0,0;0,0
17;NL:Q:16000480;Station;Meppel;5,8;68,6;0,0;11,4;0,0;0,0
17;NL:Q:16000600;Burg. Knopperslaan;Meppel;0,2;0,5;0,0;0,0;0,0;0,0
17;NL:Q:16000610;Burg. Knopperslaan;Meppel;0,2;0,3;0,0;0,0;0,0;0,0
17;NL:Q:16000710;Steenwijkerstraatweg;Meppel;0,0;0,1;0,0;0,0;0,0;0,0
17;NL:Q:16000720;Steenwijkerstraatweg;Meppel;0,0;0,1;0,0;0,0;0,0;0,0
17;NL:Q:16000770;Reestplantsoen;Meppel;0,8;2,4;0,1;0,1;0,0;0,0
17;NL:Q:16000780;Reestplantsoen;Meppel;1,6;0,7;0,0;0,1;0,0;0,0
17;NL:Q:16000800;De Stouwe;Meppel;6,2;5,6;0,1;0,5;0,0;0,0
17;NL:Q:16000810;De Stouwe;Meppel;6,6;12,1;0,4;0,1;0,0;0,0
17;NL:Q:16000870;Station;Meppel;78,8;7,3;12,0;0,4;0,0;0,0
17;NL:Q:16000910;Leonard Springerlaan;Meppel;0,4;0,0;0,3;0,0;0,0;0,0
17;NL:Q:16000920;Leonard Springerlaan;Meppel;0,1;0,5;0,0;0,1;0,0;0,0
17;NL:Q:16000931;Prinsengracht;Meppel;0,5;0,3;0,1;0,2;0,0;0,0
17;NL:Q:16001010;Hugo de Grootstraat;Meppel;0,4;0,5;0,0;0,0;0,0;0,0
17;NL:Q:16001020;Hugo de Grootstraat;Meppel;0,5;0,5;0,0;0,0;0,0;0,0
17;NL:Q:16110060;Heerenweg;IJhorst;1,3;1,1;0,3;0,5;0,0;0,0
17;NL:Q:16110081;Havixhorst;De Schiphorst;0,0;0,1;0,0;0,0;0,0;0,0
17;NL:Q:16110090;Wiltenweg;De Wijk;0,0;0,4;0,0;0,2;0,0;0,0
17;NL:Q:16110220;Willem Koopsweg;De Wolden;0,1;0,7;0,1;0,0;0,0;0,0
17;NL:Q:16110230;Oosterakker;De Wolden;0,0;0,1;0,0;0,0;0,0;0,0
17;NL:Q:16110240;Verzorgingstehuis;De Wijk;0,5;0,4;0,3;0,0;0,0;0,0
17;NL:Q:16110260;Sparrenlaan;IJhorst;1,1;0,4;0,0;0,0;0,0;0,0
17;NL:Q:16180100;Vlakkenweg;Staphorst;0,9;2,5;0,1;0,2;0,0;0,0
17;NL:Q:16180110;Vlakkenweg;Staphorst;2,0;0,5;0,2;0,2;0,0;0,0
17;NL:Q:16180120;Geerligsland;Staphorst;0,4;1,3;0,0;0,0;0,0;0,0
17;NL:Q:16180130;Geerligsland;Staphorst;0,9;0,6;0,0;0,0;0,0;0,0
17;NL:Q:16180140;Jan Arendsland;Staphorst;0,4;4,2;0,2;0,3;0,0;0,0
17;NL:Q:16180150;Jan Arendsland;Staphorst;3,1;0,4;0,2;0,2;0,0;0,0
17;NL:Q:16180160;Snelweg;Staphorst;0,5;0,8;0,0;0,0;0,0;0,0
17;NL:Q:16180170;Snelweg;Staphorst;0,9;0,6;0,3;0,2;0,0;0,0
17;NL:Q:16180180;Achthoevenweg;Staphorst;4,0;6,2;0,3;0,5;0,0;0,0
17;NL:Q:16180190;Achthoevenweg;Staphorst;4,9;4,5;0,4;0,4;0,0;0,0
17;NL:Q:16180200;Hoogeweg;Staphorst;4,6;8,8;0,6;0,6;0,0;0,0
17;NL:Q:16180210;Hoogeweg;Staphorst;9,8;4,7;1,1;0,8;0,0;0,0
17;NL:Q:16180220;Bergerslag;Staphorst;7,5;9,9;1,0;1,5;0,0;0,0
17;NL:Q:16180230;Bergerslag;Staphorst;9,3;8,4;1,3;1,0;0,0;0,0
17;NL:Q:16180240;Gemeentehuis;Staphorst;6,4;9,8;1,0;1,2;0,0;0,0
17;NL:Q:16180250;Gemeentehuis;Staphorst;10,2;7,7;1,3;1,0;0,0;0,0
17;NL:Q:16180260;Lindenlaan;Staphorst;3,9;4,3;0,5;0,6;0,0;0,0
17;NL:Q:16180270;Lindenlaan;Staphorst;3,6;3,9;0,3;0,7;0,0;0,0
17;NL:Q:16180280;Bejaardenhuis;Staphorst;2,9;1,7;0,7;0,3;0,0;0,0
17;NL:Q:16180290;Bejaardenhuis;Staphorst;1,6;1,4;0,2;0,3;0,0;0,0
17;NL:Q:16180300;Prinses Beatrixstraat;Staphorst;4,6;2,3;1,1;0,1;0,0;0,0
17;NL:Q:16180310;Prinses Beatrixstraat;Staphorst;3,0;5,1;0,1;0,9;0,0;0,0
17;NL:Q:16180320;Boldewijnhuizen;Staphorst;0,2;0,4;0,1;0,0;0,0;0,0
17;NL:Q:16180330;Boldewijnhuizen;Staphorst;0,5;0,4;0,0;0,2;0,0;0,0
17;NL:Q:16280100;Oostermenneweg;Rouveen;0,6;1,5;0,2;0,4;0,0;0,0
17;NL:Q:16280110;Oostermenneweg;Rouveen;1,5;0,4;0,3;0,1;0,0;0,0
17;NL:Q:16280120;Zuideindigerweg;Rouveen;0,4;1,8;0,0;0,2;0,0;0,0
17;NL:Q:16280130;Zuideindigerweg;Rouveen;2,1;0,3;0,4;0,0;0,0;0,0
17;NL:Q:16280140;Stadsweg;Rouveen;0,1;0,2;0,0;0,1;0,0;0,0
17;NL:Q:16280150;Stadsweg;Rouveen;0,1;0,1;0,0;0,0;0,0;0,0
17;NL:Q:16280160;Oude Rijksweg 485;Rouveen;0,1;0,3;0,0;0,1;0,0;0,0
17;NL:Q:16280170;Oude Rijksweg 485;Rouveen;0,2;0,1;0,0;0,0;0,0;0,0
17;NL:Q:16280180;Hervormde Kerk;Rouveen;5,9;12,2;0,9;2,0;0,0;0,0
17;NL:Q:16280190;Hervormde Kerk;Rouveen;13,5;5,2;2,0;1,0;0,0;0,0
17;NL:Q:16280200;Oude Rijksweg 415;Rouveen;1,2;1,1;0,1;0,3;0,0;0,0
17;NL:Q:16280210;Oude Rijksweg 415;Rouveen;1,4;1,1;0,1;0,1;0,0;0,0
17;NL:Q:16280220;Oud Gereformeerde Kerk;Rouveen;0,1;1,0;0,1;0,1;0,0;0,0
17;NL:Q:16280230;Oud Gereformeerde Kerk;Rouveen;0,8;0,1;0,0;0,1;0,0;0,0
17;NL:Q:16280240;Conradsweg;Rouveen;0,3;1,3;0,0;0,2;0,0;0,0
17;NL:Q:16280250;Conradsweg;Rouveen;1,4;0,2;0,1;0,0;0,0;0,0
17;NL:Q:16280260;Schoolwijksweg;Rouveen;1,0;3,0;0,0;0,2;0,0;0,0
17;NL:Q:16280270;Schoolwijksweg;Rouveen;3,1;1,0;0,6;0,1;0,0;0,0
17;NL:Q:16280280;Dekkersweg;Rouveen;0,7;3,8;0,1;0,2;0,0;0,0
17;NL:Q:16280290;Dekkersweg;Rouveen;3,2;0,5;0,3;0,2;0,0;0,0
17;NL:Q:16301020;Station;Steenwijk;4,1;4,1;0,0;0,0;0,0;0,0
17;NL:Q:16380100;Markteweg;Lichtmis;2,6;2,7;0,1;0,4;0,0;0,0
17;NL:Q:16380110;Markteweg;Lichtmis;1,5;4,2;0,1;0,2;0,0;0,0
17;NL:Q:16380120;Steenwetering;Lichtmis;0,0;0,2;0,0;0,2;0,0;0,0
17;NL:Q:16380130;Steenwetering;Lichtmis;0,2;0,1;0,0;0,0;0,0;0,0
17;NL:Q:16380140;Meeleweg;Lichtmis;0,2;1,1;0,0;0,1;0,0;0,0
17;NL:Q:16380150;Meeleweg;Lichtmis;1,1;0,4;0,2;0,0;0,0;0,0
17;NL:Q:16380190;Busstation;Lichtmis;49,7;52,1;1,4;1,7;0,0;0,0
17;NL:Q:16580010;Noordeinde;Zwolle;0,1;0,9;0,0;0,2;0,0;0,1
17;NL:Q:16580020;Noordeinde;Zwolle;0,6;0,5;0,2;0,1;0,1;0,0
17;NL:Q:16580030;Westeinde;Zwolle;0,1;2,1;0,0;0,2;0,0;0,1
17;NL:Q:16580040;Westeinde;Zwolle;1,8;0,2;0,0;0,0;0,1;0,0
17;NL:Q:16580050;Markteweg;Zwolle;0,1;4,9;0,0;0,3;0,0;0,9
17;NL:Q:16580060;Markteweg;Zwolle;10,0;0,6;0,2;0,0;0,4;0,0
17;NL:Q:16580070;Kleefstraat;Zwolle;5,5;14,4;0,8;2,3;0,4;1,1
17;NL:Q:16580080;Kleefstraat;Zwolle;37,9;4,9;1,8;0,5;0,5;0,6
17;NL:Q:16680010;Dedemsweg;Ruitenveen;0,4;1,8;0,0;1,0;0,0;0,4
17;NL:Q:16680020;Dedemsweg;Ruitenveen;1,6;0,5;0,7;0,1;0,4;0,0
17;NL:Q:16680030;Kuitermansweg;Ruitenveen;0,1;1,8;0,1;0,4;0,0;0,2
17;NL:Q:16680040;Kuitermansweg;Ruitenveen;1,8;0,3;0,4;0,0;0,2;0,0
17;NL:Q:16680050;Nieuwe Kreuleweg;Ruitenveen;0,1;0,6;0,1;0,3;0,0;0,1
17;NL:Q:16680060;Nieuwe Kreuleweg;Ruitenveen;0,4;0,1;0,3;0,1;0,1;0,0
17;NL:Q:16680070;Hoevenweg;Ruitenveen;0,3;2,5;0,0;0,8;0,0;0,7
17;NL:Q:16680080;Hoevenweg;Ruitenveen;2,6;0,3;0,8;0,1;0,4;0,1
17;NL:Q:16680090;Middenweg;Ruitenveen;0,2;0,8;0,1;0,0;0,0;0,0
17;NL:Q:16680100;Middenweg;Ruitenveen;1,1;0,5;0,2;0,1;0,1;0,0
17;NL:Q:16680110;Nieuwendijk;Ruitenveen;0,2;0,6;0,0;0,2;0,0;0,2
17;NL:Q:16680120;Nieuwendijk;Ruitenveen;0,6;0,2;0,1;0,0;0,0;0,0
17;NL:Q:16780001;Schuilhut;Nieuwleusen;0,1;0,4;0,0;0,1;0,0;0,0
17;NL:Q:16780010;De Vlijt;Nieuwleusen;0,2;4,2;0,1;1,1;0,0;0,4
17;NL:Q:16780020;De Vlijt;Nieuwleusen;4,5;1,0;1,0;1,2;0,9;0,4
17;NL:Q:16780030;Oosterhulst;Nieuwleusen;0,1;0,5;0,0;0,3;0,0;0,2
17;NL:Q:16780040;Oosterhulst;Nieuwleusen;0,5;0,3;0,3;0,0;0,1;0,0
17;NL:Q:16780050;Den Hulst;Nieuwleusen;7,7;47,0;1,5;5,6;0,5;2,2
17;NL:Q:16780060;Den Hulst;Nieuwleusen;45,1;8,1;3,9;0,8;2,0;0,5
17;NL:Q:16780070;Bejaardencentrum;Nieuwleusen;2,6;11,0;1,3;4,3;0,6;2,7
17;NL:Q:16780080;Baron van Dedemstraat;Nieuwleusen;4,0;1,0;1,3;0,4;0,3;0,0
17;NL:Q:16780090;Gereformeerde Kerk;Nieuwleusen;3,1;17,9;1,0;5,8;0,5;3,3
17;NL:Q:16780100;Bejaardencentrum;Nieuwleusen;10,8;2,8;3,7;1,6;2,2;0,6
17;NL:Q:16780110;Zwembad;Nieuwleusen;1,7;17,8;0,7;6,1;0,3;3,4
17;NL:Q:16780120;Gereformeerde Kerk;Nieuwleusen;18,5;2,7;6,0;1,0;3,1;0,4
17;NL:Q:16780130;Centrum;Nieuwleusen;3,5;35,7;1,5;10,6;0,6;5,4
17;NL:Q:16780140;Zwembad;Nieuwleusen;19,0;1,9;6,5;0,7;3,0;0,4
17;NL:Q:16780150;Westeinde;Nieuwleusen;0,5;11,6;0,1;3,3;0,2;1,9
17;NL:Q:16780160;Centrum;Nieuwleusen;32,2;3,3;10,7;1,1;5,4;0,6
17;NL:Q:16780170;Bouwhuisweg;Nieuwleusen;0,4;4,9;0,0;1,6;0,0;1,0
17;NL:Q:16780180;Westeinde;Nieuwleusen;11,7;0,8;2,5;0,2;1,8;0,1
17;NL:Q:16780190;Molen;Nieuwleusen;0,2;3,4;0,0;1,3;0,0;0,5
17;NL:Q:16780200;Bouwhuisweg;Nieuwleusen;5,4;0,3;1,3;0,0;0,9;0,0
17;NL:Q:16780220;Molen;Nieuwleusen;2,6;0,3;1,4;0,1;0,6;0,0
17;NL:Q:16780300;Grote Markt;Nieuwleusen;0,7;0,0;0,3;0,0;0,0;0,0
17;NL:Q:16780310;Grote Markt;Nieuwleusen;0,0;0,4;0,0;0,2;0,0;0,0
17;NL:Q:16780560;Rollecater Brug;Nieuwleusen;6,5;1,6;0,0;0,0;0,0;0,0
17;NL:Q:16780570;Rollecater Brug;Nieuwleusen;0,9;6,7;0,0;0,0;0,0;0,0
17;NL:Q:17000040;Station;Hoogeveen;77,4;74,8;15,6;14,8;8,8;12,2
17;NL:Q:17000210;Buizerdlaan;Hoogeveen;10,3;9,2;1,6;1,7;1,7;1,0
17;NL:Q:17000220;Buizerdlaan;Hoogeveen;14,9;9,8;2,5;1,6;1,4;1,0
17;NL:Q:17000710;Mr. Cramerweg P+R;Hoogeveen;1,6;3,3;0,3;1,0;0,2;0,7
17;NL:Q:17000730;Mr. Cramerweg P+R;Hoogeveen;5,5;1,8;1,5;0,3;0,8;0,2
17;NL:Q:17001650;Willemskade;Hoogeveen;0,2;1,3;0,0;0,2;0,0;0,0
17;NL:Q:17001660;Willemskade;Hoogeveen;0,9;0,3;0,2;0,1;0,0;0,0
17;NL:Q:17003020;Industrieweg;Hoogeveen;3,3;0,4;0,2;0,0;0,0;0,0
17;NL:Q:17003030;Industrieweg;Hoogeveen;0,1;9,0;0,0;0,1;0,1;0,0
17;NL:Q:17003040;Tamboerpassage;Hoogeveen;11,8;3,1;3,5;0,4;1,4;0,2
17;NL:Q:17003050;Tamboerpassage;Hoogeveen;2,0;11,1;0,6;4,6;0,1;1,1
17;NL:Q:17003120;Wolfsbosstraat;Hoogeveen;1,7;1,5;0,4;0,5;0,0;0,1
17;NL:Q:17003130;Wolfsbosstraat;Hoogeveen;1,6;1,3;0,3;0,3;0,0;0,2
17;NL:Q:17003140;Valkenlaan;Hoogeveen;1,3;0,9;0,3;0,5;0,0;0,2
17;NL:Q:17003150;Valkenlaan;Hoogeveen;1,1;1,5;0,3;0,3;0,4;0,2
17;NL:Q:17003200;'t Haagje;Hoogeveen;3,7;1,5;1,3;0,3;0,5;0,2
17;NL:Q:17003210;'t Haagje;Hoogeveen;1,3;4,0;0,3;1,4;0,3;0,3
17;NL:Q:17190010;Buitenvaart;Hollandscheveld;2,7;1,7;0,1;0,2;0,0;0,0
17;NL:Q:17190020;Buitenvaart;Hollandscheveld;1,6;3,3;0,1;0,1;0,0;0,0
17;NL:Q:17190030;Opgaande 71;Hollandscheveld;0,1;0,9;0,0;0,2;0,0;0,1
17;NL:Q:17190040;Opgaande 71;Hollandscheveld;0,7;0,1;0,0;0,0;0,1;0,0
17;NL:Q:17190050;'t Hoekje;Hollandscheveld;4,5;8,0;0,3;1,5;0,1;0,8
17;NL:Q:17190060;'t Hoekje;Hollandscheveld;7,5;4,4;1,0;0,5;0,6;0,1
17;NL:Q:17190150;Carstensdijk;Zuideropgaande;0,8;1,9;0,1;0,3;0,0;0,2
17;NL:Q:17190160;Carstensdijk;Zuideropgaande;1,9;0,9;0,4;0,1;0,2;0,0
17;NL:Q:17190190;Schooldijkje;Zuideropgaande;0,1;0,1;0,0;0,0;0,0;0,0
17;NL:Q:17190200;Schooldijkje;Zuideropgaande;0,2;0,1;0,0;0,0;0,0;0,0
17;NL:Q:17290010;Riegshoogtendijk;Kerkenveld;0,2;0,1;0,0;0,0;0,0;0,0
17;NL:Q:17290020;Riegshoogtendijk;Kerkenveld;0,2;0,2;0,0;0,0;0,0;0,0
17;NL:Q:17290030;Gedempte Wijde Wijk;Kerkenveld;1,5;2,9;0,5;0,2;0,2;0,2
17;NL:Q:17290040;Gedempte Wijde Wijk;Kerkenveld;3,2;1,4;0,3;0,2;0,1;0,3
17;NL:Q:17290050;Ritmeesterweg;Kerkenveld;0,3;0,8;0,0;0,1;0,0;0,1
17;NL:Q:17290060;Ritmeesterweg;Kerkenveld;0,8;0,3;0,3;0,0;0,1;0,0
17;NL:Q:17290070;Riegshoogtendijk 3;Kerkenveld;0,0;0,1;0,0;0,0;0,0;0,0
17;NL:Q:17290080;Riegshoogtendijk 3;Kerkenveld;0,0;0,0;0,0;0,0;0,0;0,0
17;NL:Q:17290090;Hoogeveenseweg 33;Kerkenveld;0,1;0,2;0,0;0,0;0,0;0,0
17;NL:Q:17290100;Hoogeveenseweg 33;Kerkenveld;0,1;0,1;0,0;0,0;0,0;0,0
17;NL:Q:17290110;Braambergerweg;Kerkenveld;0,4;0,4;0,0;0,1;0,1;0,0
17;NL:Q:17290120;Braambergerweg;Kerkenveld;0,4;0,6;0,1;0,1;0,0;0,1
17;NL:Q:17290130;Hoogeveenseweg 11;Kerkenveld;0,6;0,2;0,2;0,1;0,1;0,0
17;NL:Q:17290140;Hoogeveenseweg 11;Kerkenveld;0,2;0,5;0,1;0,0;0,0;0,1
17;NL:Q:17350030;Riegshoogtendijk;Hollandscheveld;2,3;5,3;0,1;1,2;0,1;0,5
17;NL:Q:17350040;Riegshoogtendijk;Hollandscheveld;5,9;2,0;1,3;0,5;0,4;0,0
17;NL:Q:17350050;Jan Wintersdijkje;Zuideropgaande;0,2;0,7;0,0;0,1;0,0;0,0
17;NL:Q:17350060;Jan Wintersdijkje;Zuideropgaande;0,4;0,4;0,1;0,0;0,0;0,0
17;NL:Q:17480010;Centrum;Balkbrug;12,3;32,7;3,0;5,2;1,2;3,1
17;NL:Q:17480020;Centrum;Balkbrug;36,8;13,6;5,3;3,2;2,8;1,5
17;NL:Q:17480030;Zwolseweg;Balkbrug;1,9;23,8;0,6;5,4;0,3;2,7
17;NL:Q:17480040;Zwolseweg;Balkbrug;21,2;1,3;5,3;0,5;2,6;0,3
17;NL:Q:17480050;d 'Olde Heerd;Balkbrug;2,9;6,3;0,4;2,8;0,1;1,4
17;NL:Q:17480060;d 'Olde Heerd;Balkbrug;6,7;2,6;1,9;0,6;1,6;0,2
17;NL:Q:17480070;Zelhorstweg;Balkbrug;0,3;1,4;0,1;1,1;0,0;0,4
17;NL:Q:17480080;Zelhorstweg;Balkbrug;1,4;0,5;0,7;0,0;0,3;0,0
17;NL:Q:17480090;Nieuweweg (Sluis 4);Balkbrug;0,5;3,0;0,1;1,3;0,0;1,0
17;NL:Q:17480100;Nieuweweg (Sluis 4);Balkbrug;3,1;0,3;1,4;0,2;0,7;0,1
17;NL:Q:19000320;Trageldijk;Coevorden;0,5;0,1;0,0;0,0;0,0;0,0
17;NL:Q:19000330;Trageldijk;Coevorden;0,7;0,9;0,0;0,0;0,0;0,0
17;NL:Q:19001420;Station;Coevorden;13,0;13,8;0,0;0,0;0,0;0,0
17;NL:Q:19180200;Scheidijk;De Krim;0,1;0,1;0,0;0,0;0,0;0,0
17;NL:Q:19180210;Scheidijk;De Krim;1,8;0,0;0,0;0,0;0,0;0,0
17;NL:Q:19180220;Dommerskanaal;De Krim;0,7;0,5;0,0;0,0;0,0;0,0
17;NL:Q:19180230;Dommerskanaal;De Krim;0,5;0,3;0,0;0,0;0,0;0,0
17;NL:Q:19180260;Nieuwlandseweg;De Krim;0,3;0,6;0,0;0,0;0,0;0,0
17;NL:Q:19180270;Nieuwlandseweg;De Krim;0,3;0,2;0,0;0,0;0,0;0,0
17;NL:Q:19180280;N.H. Kerk;De Krim;0,8;2,4;0,0;0,0;0,0;0,0
17;NL:Q:19180290;N.H. Kerk;De Krim;2,7;0,8;0,0;0,0;0,0;0,0
17;NL:Q:19180300;Horstra's Wijk;De Krim;1,0;1,5;0,0;0,0;0,0;0,0
17;NL:Q:19180330;Horstra's Wijk;De Krim;1,7;1,4;0,0;0,0;0,0;0,0
17;NL:Q:19180332;Horstra's Wijk/Marsstraat;De Krim;0,0;0,2;0,0;0,0;0,0;0,0
17;NL:Q:19180335;Horstra's Wijk/Marsstraat;De Krim;0,3;0,0;0,0;0,0;0,0;0,0
17;NL:Q:19180350;Marsstraat;De Krim;1,2;0,5;0,0;0,0;0,0;0,0
17;NL:Q:19180450;Slagenweg/Lutteresweg;Ane;0,0;0,2;0,0;0,0;0,0;0,0
17;NL:Q:19280010;Molenweg;De Krim;0,1;0,0;0,0;0,0;0,0;0,0
17;NL:Q:19280020;Molenweg;De Krim;0,1;0,1;0,0;0,0;0,0;0,0
17;NL:Q:19280030;Coevorderweg 171;De Krim;0,0;0,1;0,0;0,0;0,0;0,0
17;NL:Q:19280040;Coevorderweg 171;De Krim;0,1;0,0;0,0;0,0;0,0;0,0
17;NL:Q:19280050;Drukkerij Seinen;De Krim;0,1;0,1;0,0;0,0;0,0;0,0
17;NL:Q:19280060;Drukkerij Seinen;De Krim;0,0;0,2;0,0;0,0;0,0;0,0
17;NL:Q:19280070;Coevorderweg 105;De Krim;0,0;0,0;0,0;0,0;0,0;0,0
17;NL:Q:19280080;Coevorderweg 105;De Krim;0,0;0,0;0,0;0,0;0,0;0,0
17;NL:Q:19380010;Schuineslootweg;Slagharen;5,6;3,9;0,3;1,0;0,4;0,4
17;NL:Q:19380020;Schuineslootweg;Slagharen;3,9;5,2;0,7;0,5;0,4;0,2
17;NL:Q:19380030;Herenstraat 108;Slagharen;0,2;0,1;0,1;0,1;0,0;0,0
17;NL:Q:19380040;Herenstraat 108;Slagharen;0,1;0,3;0,0;0,0;0,0;0,0
17;NL:Q:19380050;Witmanweg;Slagharen;0,8;0,9;0,5;0,3;0,0;0,0
17;NL:Q:19380060;Witmanweg;Slagharen;0,4;1,0;0,1;0,2;0,1;0,0
17;NL:Q:19380070;Vergouwlaan;Slagharen;12,6;5,6;1,5;0,7;0,7;0,4
17;NL:Q:19380080;Vergouwlaan;Slagharen;6,2;11,7;0,7;1,1;0,8;0,6
17;NL:Q:19380151;Centrum;Lutten;100,3;12,4;13,2;2,2;6,2;0,9
17;NL:Q:19380162;Centrum;Lutten;16,1;106,4;4,5;15,7;4,0;9,1
17;NL:Q:19380191;Viaduct;Lutten;4,9;1,1;1,0;0,1;0,4;0,0
17;NL:Q:19380202;Viaduct;Lutten;1,6;5,3;0,2;1,1;0,1;0,4
17;NL:Q:19380280;Coevorderweg 89;Slagharen;0,2;0,4;0,0;0,0;0,0;0,0
17;NL:Q:19380290;Coevorderweg 89;Slagharen;0,2;0,3;0,0;0,0;0,0;0,0
17;NL:Q:19380301;Centrum;Slagharen;9,4;6,9;2,4;1,5;1,6;0,7
17;NL:Q:19380312;Centrum;Slagharen;6,5;10,0;1,5;3,7;1,0;0,9
17;NL:Q:19380313;Centrum;Slagharen;13,2;5,7;3,4;0,0;2,4;0,1
17;NL:Q:19380314;Centrum;Slagharen;3,5;12,1;0,0;3,7;0,2;1,7
17;NL:Q:19380320;Attractiepark;Slagharen;10,8;7,7;6,6;3,4;6,2;2,9
17;NL:Q:19380330;Attractiepark;Slagharen;6,4;8,9;3,8;8,0;3,4;3,8
17;NL:Q:19380340;Dedemsvaartseweg 84;Lutten;0,9;0,4;0,3;0,1;0,0;0,1
17;NL:Q:19380350;Dedemsvaartseweg 84;Lutten;0,3;0,6;0,0;0,1;0,0;0,1
17;NL:Q:19380360;Coevorderweg;Lutten;0,6;0,1;0,1;0,0;0,2;0,0
17;NL:Q:19380370;Coevorderweg;Lutten;0,5;1,1;0,0;0,2;0,1;0,1
17;NL:Q:19380380;Tottenhamstraat/Proatkoele;Lutten;1,0;0,4;0,0;0,2;0,0;0,1
17;NL:Q:19380390;Tottenhamstraat/Proatkoele;Lutten;0,5;0,5;0,2;0,0;0,1;0,1
17;NL:Q:19380400;Ongelukkige Wijk;Lutten;1,4;1,5;0,1;0,1;0,2;0,1
17;NL:Q:19380410;Ongelukkige Wijk;Lutten;1,1;1,1;0,1;0,2;0,0;0,1
17;NL:Q:19480010;Rheezerend 162;Dedemsvaart;0,3;0,4;0,0;0,1;0,0;0,2
17;NL:Q:19480020;Rheezerend 162;Dedemsvaart;0,3;0,4;0,1;0,0;0,1;0,0
17;NL:Q:19480030;Rheezerend;Dedemsvaart;0,3;1,3;0,0;0,3;0,0;0,2
17;NL:Q:19480040;Rheezerend;Dedemsvaart;1,4;0,4;0,3;0,1;0,3;0,1
17;NL:Q:19480050;Rheezerend 60;Dedemsvaart;0,6;0,7;0,3;0,1;0,0;0,2
17;NL:Q:19480060;Rheezerend 60;Dedemsvaart;0,5;0,7;0,2;0,0;0,1;0,0
17;NL:Q:19480070;Industrieweg;Dedemsvaart;2,4;2,2;0,1;0,2;0,0;0,2
17;NL:Q:19480080;Industrieweg;Dedemsvaart;2,3;2,7;0,2;0,1;0,3;0,0
17;NL:Q:19480090;Celsiusstraat;Dedemsvaart;2,9;1,1;0,2;0,2;0,0;0,2
17;NL:Q:19480100;Celsiusstraat;Dedemsvaart;0,8;2,8;0,2;0,1;0,0;0,1
17;NL:Q:19480110;Van Haeringenstraat;Dedemsvaart;0,8;0,8;0,4;0,4;0,2;0,1
17;NL:Q:19480120;Van Haeringenstraat;Dedemsvaart;0,7;1,3;0,2;0,2;0,2;0,1
17;NL:Q:19480130;De Magnolia;Dedemsvaart;6,9;13,8;1,1;2,7;0,7;1,1
17;NL:Q:19480140;De Magnolia;Dedemsvaart;18,5;8,7;4,3;3,1;1,3;0,6
17;NL:Q:19480150;Hazelaar;Dedemsvaart;6,5;16,5;1,6;2,5;0,6;1,3
17;NL:Q:19480160;Hazelaar;Dedemsvaart;18,1;6,3;2,8;0,8;0,9;0,3
17;NL:Q:19480170;Krikkenstraat;Dedemsvaart;4,5;3,7;0,6;1,3;0,5;0,4
17;NL:Q:19480180;Krikkenstraat;Dedemsvaart;3,5;5,1;0,9;1,0;0,6;1,0
17;NL:Q:19480190;Haitjema;Dedemsvaart;10,4;18,0;3,5;6,1;2,2;3,3
17;NL:Q:19480200;Haitjema;Dedemsvaart;22,6;10,5;7,4;2,7;4,8;1,8
17;NL:Q:19480230;Adelaarweg;Dedemsvaart;9,9;34,9;1,5;7,3;0,6;3,6
17;NL:Q:19480240;Adelaarweg;Dedemsvaart;37,9;8,9;7,0;1,0;4,9;0,8
17;NL:Q:19480250;Sportlaan;Dedemsvaart;9,7;14,4;1,1;3,5;0,7;2,4
17;NL:Q:19480260;Sportlaan;Dedemsvaart;15,5;8,9;3,1;1,0;2,2;0,6
17;NL:Q:19480280;Busstation;Dedemsvaart;36,4;9,8;9,1;0,9;5,3;0,7
17;NL:Q:19480290;Busstation;Dedemsvaart;9,1;39,7;1,3;8,5;0,7;5,2
17;NL:Q:19480300;Hoofdvaart 115;Dedemsvaart;1,2;0,7;0,1;0,0;0,1;0,0
17;NL:Q:19480310;Hoofdvaart 115;Dedemsvaart;0,2;1,2;0,1;0,2;0,0;0,1
17;NL:Q:19480320;Hoofdvaart 207;Dedemsvaart;0,9;0,4;0,2;0,0;0,0;0,0
17;NL:Q:19480330;Hoofdvaart 207;Dedemsvaart;0,2;0,9;0,0;0,2;0,1;0,2
17;NL:Q:19480340;Het Rak;Dedemsvaart;1,4;0,3;0,2;0,1;0,2;0,0
17;NL:Q:19480350;Het Rak;Dedemsvaart;0,3;1,1;0,0;0,2;0,0;0,1
17;NL:Q:19480360;De Pol;Dedemsvaart;1,2;0,2;0,3;0,1;0,1;0,0
17;NL:Q:19480370;De Pol;Dedemsvaart;0,1;1,1;0,0;0,3;0,0;0,3
17;NL:Q:19481260;;;0,7;0,0;0,1;0,0;0,6;0,1
17;NL:Q:19481270;;;0,2;0,0;0,0;0,0;0,0;0,0
17;NL:Q:19481990;S.G. van der Capellen;Dedemsvaart;3,3;3,0;0,0;0,0;0,0;0,0
17;NL:Q:19580000;Station;Gramsbergen;0,1;0,0;0,0;0,0;0,0;0,0
17;NL:Q:19580040;Aner Molen;Ane;0,0;0,0;0,0;0,0;0,0;0,0
17;NL:Q:19580060;De Viersprong;Ane;0,0;0,0;0,0;0,0;0,0;0,0
17;NL:Q:19580080;Slagenweg/Haarweg;Ane;0,0;0,0;0,0;0,0;0,0;0,0
17;NL:Q:19580100;Slagenweg/Schansweg;Ane;0,0;0,0;0,0;0,0;0,0;0,0
17;NL:Q:24550090;Onnaseveld;Steenwijk;0,0;0,0;0,0;0,0;0,0;0,0
17;NL:Q:24550100;Onnaseveld;Steenwijk;0,0;0,0;0,0;0,0;0,0;0,0
17;NL:Q:24550122;Bedelaarspad;Steenwijk;0,5;0,1;0,0;0,0;0,0;0,0
17;NL:Q:24550130;Bedelaarspad;Steenwijk;0,1;0,3;0,0;0,0;0,0;0,0
17;NL:Q:24550220;Westercluft;Steenwijk;0,5;0,1;0,0;0,0;0,0;0,0
17;NL:Q:24550230;Westercluft;Steenwijk;0,1;0,1;0,0;0,0;0,0;0,0
17;NL:Q:24550360;Kallenkoterallee;Steenwijk;0,1;0,3;0,0;0,0;0,0;0,0
17;NL:Q:24550370;Kallenkoterallee;Steenwijk;0,4;0,2;0,0;0,0;0,0;0,0
17;NL:Q:24550380;Gagelsweg;Steenwijk;0,1;0,1;0,0;0,0;0,0;0,0
17;NL:Q:24550390;Gagelsweg;Steenwijk;0,2;0,1;0,0;0,0;0,0;0,0
17;NL:Q:24550400;Oostercluft;Steenwijk;0,3;0,2;0,0;0,0;0,0;0,0
17;NL:Q:24550410;Oostercluft;Steenwijk;0,2;0,1;0,0;0,0;0,0;0,0
17;NL:Q:24550420;'t Schar;Steenwijk;0,4;0,3;0,0;0,0;0,0;0,0
17;NL:Q:24550430;'t Schar;Steenwijk;0,4;0,2;0,0;0,0;0,0;0,0
17;NL:Q:24650010;Veendijk;Veendijk;0,2;0,0;0,0;0,0;0,0;0,0
17;NL:Q:24650020;Veendijk;Veendijk;0,0;0,1;0,0;0,0;0,0;0,0
17;NL:Q:24650030;Bovenboer;Veendijk;0,2;0,1;0,0;0,0;0,0;0,0
17;NL:Q:24650040;Bovenboer;Veendijk;0,0;0,1;0,0;0,0;0,0;0,0
17;NL:Q:24650050;Havelterberg;Havelterberg;0,1;0,1;0,0;0,0;0,0;0,0
17;NL:Q:24650060;Havelterberg;Havelterberg;0,1;0,1;0,0;0,0;0,0;0,0
17;NL:Q:24650070;Rotonde;Havelterberg;0,1;0,0;0,0;0,0;0,0;0,0
17;NL:Q:24650080;Rotonde;Havelterberg;0,0;0,0;0,0;0,0;0,0;0,0
17;NL:Q:24750100;Nijeveenseweg;Meppel;0,1;0,4;0,0;0,0;0,0;0,0
17;NL:Q:24750110;Nijeveenseweg;Meppel;0,3;0,2;0,0;0,0;0,0;0,0
17;NL:Q:24750120;De Schalle;Nijeveen;0,3;0,8;0,0;0,0;0,0;0,0
17;NL:Q:24750130;De Schalle;Nijeveen;1,3;0,3;0,0;0,0;0,0;0,0
17;NL:Q:24750140;Molenweg;Nijeveen;0,1;1,0;0,0;0,0;0,0;0,0
17;NL:Q:24750150;Molenweg;Nijeveen;1,9;0,2;0,0;0,0;0,0;0,0
17;NL:Q:24750160;Gemeentehuis;Nijeveen;0,6;2,5;0,0;0,0;0,0;0,0
17;NL:Q:24750170;Gemeentehuis;Nijeveen;5,4;0,6;0,0;0,0;0,0;0,0
17;NL:Q:24750180;Kerkweg;Nijeveen;0,0;0,2;0,0;0,0;0,0;0,0
17;NL:Q:24750190;Kerkweg;Nijeveen;0,3;0,1;0,0;0,0;0,0;0,0
17;NL:Q:24750200;Zonneberg;Nijeveen;0,0;0,1;0,0;0,0;0,0;0,0
17;NL:Q:24750210;Zonneberg;Nijeveen;0,1;0,0;0,0;0,0;0,0;0,0
17;NL:Q:25770010;;;0,1;0,1;0,0;0,1;0,1;0,1
17;NL:Q:25770020;Mannagras;Zwolle;7,6;0,8;3,9;0,4;1,9;0,4
17;NL:Q:25770030;Klokkengieterlaan;Zwolle;18,8;0,2;9,4;0,0;6,5;0,1
17;NL:Q:25770035;Klokkengieterlaan;Zwolle;0,5;18,4;0,4;9,2;0,1;6,6
17;NL:Q:25770050;Karveelschipperstraat;Zwolle;12,0;0,4;7,2;0,0;3,5;0,1
17;NL:Q:25770055;Karveelschipperstraat;Zwolle;0,2;11,5;0,1;6,7;0,0;4,0
17;NL:Q:25770060;Veldbeemdgras;Zwolle;29,3;1,6;14,9;0,5;8,7;0,3
17;NL:Q:25770065;Veldbeemdgras;Zwolle;2,5;26,2;0,5;13,3;0,3;9,4
17;NL:Q:25770070;Goudsmidstraat;Zwolle;18,0;0,4;8,9;0,2;5,3;0,0
17;NL:Q:25770075;Goudsmidstraat;Zwolle;0,4;15,2;0,1;8,2;0,2;5,1
17;NL:Q:25770110;Fioringras;Zwolle;27,7;0,2;12,3;0,0;9,3;0,1
17;NL:Q:25770115;Fioringras;Zwolle;0,8;21,6;0,2;12,1;0,2;7,7
17;NL:Q:25770230;Bandijklaan;Zwolle;1,3;19,7;0,4;9,5;0,4;5,0
17;NL:Q:25770240;Bandijklaan;Zwolle;18,4;2,5;9,3;0,9;3,7;0,4
17;NL:Q:42124690;Kerkweg;Zwolle;1,6;2,2;1,2;1,6;1,0;1,2
17;NL:Q:43470010;Rabobank;Lettele;1,7;1,4;0,4;0,4;0,0;0,0
17;NL:Q:43470110;Garderegimentsweg;Schalkhaar;2,3;2,3;1,0;1,3;0,6;1,2
17;NL:Q:43470170;ten Havesweg;Okkenbroek;0,2;0,2;0,0;0,0;0,0;0,0
17;NL:Q:43470190;De Grote Brander;Okkenbroek;0,3;0,3;0,2;0,4;0,0;0,0
17;NL:Q:43479030;Doldermansweg;Lettele;0,0;0,0;0,0;0,0;0,0;0,0
17;NL:Q:43480010;'t Dijkhuis;Bathmen;7,3;0,7;3,5;0,0;2,0;0,0
17;NL:Q:43480020;'t Dijkhuis;Bathmen;0,8;7,4;0,1;3,7;0,0;1,9
17;NL:Q:43480050;Bannink;Deventer;0,5;0,0;0,2;0,0;0,1;0,0
17;NL:Q:43480060;Bannink;Deventer;0,0;0,5;0,0;0,2;0,0;0,1
17;NL:Q:43480070;Peppelerdijk;Deventer;0,1;0,0;0,0;0,0;0,0;0,0
17;NL:Q:43480080;Peppelerdijk;Deventer;0,0;0,1;0,0;0,1;0,0;0,0
17;NL:Q:43480100;Enklaan;Bathmen;0,5;11,0;0,2;5,0;0,0;2,4
17;NL:Q:43480150;Gemeentewerken;Bathmen;0,0;0,0;0,0;0,0;0,0;0,0
17;NL:Q:43480160;Gemeentewerken;Bathmen;0,0;0,1;0,0;0,0;0,0;0,0
17;NL:Q:43480180;Oude Molen;Bathmen;0,0;0,0;0,0;0,0;0,0;0,0
17;NL:Q:43480190;Polakstraat;Bathmen;7,1;0,6;2,0;0,0;1,1;0,0
17;NL:Q:43480200;Polakstraat;Bathmen;0,6;7,1;0,1;2,2;0,1;1,1
17;NL:Q:43480210;Vegerinkskamp;Bathmen;4,6;0,3;1,5;0,0;1,6;0,0
17;NL:Q:43480220;Vegerinkskamp;Bathmen;0,5;10,0;0,3;4,8;0,0;2,7
17;NL:Q:43480230;Looweg Kuiperij;Bathmen;3,1;5,3;1,6;2,2;0,6;1,2
17;NL:Q:43480240;Looweg Kuiperij;Bathmen;0,1;0,0;0,0;0,0;0,0;0,0
17;NL:Q:43480250;Schipbeeksweg;Bathmen;1,3;0,0;0,0;0,0;0,0;0,0
17;NL:Q:43480260;Schipbeeksweg;Bathmen;25,3;16,2;7,6;4,3;4,5;2,5
17;NL:Q:43480270;Enklaan;Bathmen;10,8;0,8;4,2;0,0;2,7;0,0
17;NL:Q:43580010;Oude Molen;Bathmen;0,0;0,0;0,0;0,0;0,0;0,0
17;NL:Q:43580050;Java;Bathmen;0,0;0,0;0,0;0,0;0,0;0,0
17;NL:Q:43580060;Java;Bathmen;0,0;0,0;0,0;0,0;0,0;0,0
17;NL:Q:43580100;Wagenvoorde;Bathmen;0,0;0,0;0,0;0,0;0,0;0,0
17;NL:Q:43630530;Driesprong;Bruinehaar;0,5;0,2;0,1;0,0;0,0;0,0
17;NL:Q:43640010;Handelsstraat;Hardenberg;0,0;0,0;0,0;0,0;0,0;0,0
17;NL:Q:43640020;Handelsstraat;Hardenberg;0,0;0,0;0,0;0,1;0,0;0,0
17;NL:Q:43640040;Wavin;Hardenberg;0,0;0,0;0,1;0,0;0,0;0,0
17;NL:Q:43640050;Ziekenhuis;Hardenberg;0,0;0,0;0,0;0,0;0,0;0,0
17;NL:Q:43640060;Ziekenhuis;Hardenberg;0,0;0,0;0,0;0,0;0,0;0,0
17;NL:Q:43640070;Station;Hardenberg;88,7;79,8;15,0;15,2;8,8;9,8
17;NL:Q:43640080;;;0,0;0,1;0,0;0,3;0,0;0,0
17;NL:Q:43640085;Station;Hardenberg;1,3;0,1;0,2;0,0;0,0;0,0
17;NL:Q:43640110;Hattemattestraat;Gramsbergen;0,0;0,3;0,0;0,0;0,0;0,0
17;NL:Q:43640130;Welgelegen;Gramsbergen;0,1;0,0;0,0;0,0;0,0;0,0
17;NL:Q:43640190;Clara Feyoenaheem;Hardenberg;2,7;3,4;0,0;0,0;0,0;0,0
17;NL:Q:43640211;Meteoorlaan;Hardenberg;7,5;6,3;0,0;0,0;0,0;0,0
17;NL:Q:43640230;Rheezerweg;Hardenberg;0,8;1,4;0,0;0,0;0,0;0,0
17;NL:Q:43640250;Haarmolen;Heemserveen;10,9;17,0;2,5;3,4;1,3;2,1
17;NL:Q:43640260;Haarmolen;Heemserveen;16,8;12,1;5,0;2,8;2,1;1,3
17;NL:Q:43640310;Middenweg;Heemserveen;0,3;0,3;0,0;0,1;0,0;0,0
17;NL:Q:43640320;Middenweg;Heemserveen;0,1;0,3;0,1;0,1;0,0;0,0
17;NL:Q:43640330;Roelofsmulderweg;Heemserveen;0,0;0,1;0,0;0,0;0,0;0,0
17;NL:Q:43640340;Roelofsmulderweg;Heemserveen;0,0;0,0;0,0;0,0;0,0;0,0
17;NL:Q:43640350;Elfde Wijk;Heemserveen;0,2;0,4;0,0;0,0;0,0;0,0
17;NL:Q:43640360;Elfde Wijk;Heemserveen;0,2;0,3;0,0;0,1;0,0;0,0
17;NL:Q:43640370;De Nieuwe Haven;Hardenberg;0,0;0,0;0,0;0,0;0,0;0,0
17;NL:Q:43640380;De Nieuwe Haven;Hardenberg;0,0;0,0;0,0;0,0;0,0;0,0
17;NL:Q:43640390;Waterinkschool;Hardenberg;2,5;1,5;0,6;0,0;0,3;0,0
17;NL:Q:43640397;Centrum;Hardenberg;19,5;8,8;2,0;0,2;0,6;0,0
17;NL:Q:43640450;Morgenroodweg;Ebbenbroek;0,1;0,0;0,0;0,0;0,0;0,0
17;NL:Q:43640460;Morgenroodweg;Ebbenbroek;0,0;0,0;0,0;0,0;0,0;0,0
17;NL:Q:43640520;Dorpshuis;Bruchterveld;0,2;0,4;0,0;0,1;0,0;0,0
17;NL:Q:43640530;Gemeentehuis;Hardenberg;6,0;44,3;0,3;7,1;0,1;2,9
17;NL:Q:43640540;Gemeentehuis;Hardenberg;24,2;0,8;5,5;0,2;1,7;0,0
17;NL:Q:43640600;PKN Kerk;Bruchterveld;0,4;0,0;0,0;0,0;0,0;0,0
17;NL:Q:43640610;PKN Kerk;Bruchterveld;0,0;0,2;0,0;0,0;0,0;0,0
17;NL:Q:43640710;Molenplein;Hardenberg;3,9;1,0;2,1;0,2;1,7;0,3
17;NL:Q:43640720;Molenplein;Hardenberg;1,0;3,0;0,1;2,6;0,1;1,3
17;NL:Q:43640730;Parkweg 57;Hardenberg;0,0;0,1;0,0;0,0;0,0;0,0
17;NL:Q:43641000;Station;Hardenberg;1,7;2,2;0,0;0,1;0,0;0,0
17;NL:Q:43641020;Weversdijk;Hardenberg;0,0;0,0;0,0;0,0;0,0;0,0
17;NL:Q:43641030;Weversdijk;Hardenberg;0,0;0,0;0,0;0,0;0,0;0,0
17;NL:Q:43641040;Moderna;Hardenberg;0,2;0,4;0,0;0,0;0,0;0,0
17;NL:Q:43641050;Broeklanden;Hardenberg;0,0;0,1;0,0;0,0;0,0;0,0
17;NL:Q:43641060;Broeklanden;Hardenberg;0,0;0,1;0,0;0,0;0,0;0,0
17;NL:Q:43670100;'t Pleintie;Nieuw-Heeten;2,0;1,7;0,2;0,2;0,0;0,0
17;NL:Q:43670120;Bijvanksweg;Nieuw-Heeten;0,1;0,2;0,0;0,0;0,0;0,0
17;NL:Q:43680030;De Smid;Dijkerhoek;0,0;0,0;0,0;0,0;0,0;0,0
17;NL:Q:43680040;De Smid;Dijkerhoek;0,0;0,0;0,0;0,0;0,0;0,0
17;NL:Q:43680090;Vukking;Dijkerhoek;0,0;0,0;0,0;0,0;0,0;0,0
17;NL:Q:43680120;Aaltinksweg;Holten;0,0;0,0;0,0;0,0;0,0;0,0
17;NL:Q:43770150;Koerselmansweg;Okkenbroek;0,0;0,0;0,0;0,1;0,0;0,0
17;NL:Q:43770170;Okkenbroekerveldweg;Okkenbroek;0,1;0,0;0,0;0,0;0,0;0,0
17;NL:Q:43770180;Okkenbroekerveldweg;Okkenbroek;0,0;0,5;0,0;0,1;0,0;0,0
17;NL:Q:43770210;Oostermaatsdijk;Okkenbroek;0,1;0,1;0,0;0,0;0,0;0,0
17;NL:Q:43770230;Vlessendijk;Nieuw-Heeten;0,1;0,1;0,1;0,0;0,0;0,0
17;NL:Q:43779010;Kerk;Okkenbroek;0,7;0,2;0,2;0,1;0,0;0,0
17;NL:Q:43780090;Scholengemeenschap;Holten;0,0;4,5;0,0;0,0;0,0;0,0
17;NL:Q:43780100;Scholengemeenschap;Holten;3,6;0,0;0,0;0,0;0,0;0,0
17;NL:Q:43780150;Aaltinksweg;Holten;0,0;0,0;0,0;0,0;0,0;0,0
17;NL:Q:43890190;Dorpsstraat;Kloosterhaar;0,4;0,0;0,0;0,0;0,0;0,0
17;NL:Q:43890200;;;0,0;0,0;0,0;0,0;0,0;0,0
17;NL:Q:43890210;Dorpsstraat;Kloosterhaar;0,0;0,2;0,0;0,0;0,0;0,0
17;NL:Q:43890220;Verlengde Broekdijk;Kloosterhaar;0,0;0,0;0,0;0,0;0,0;0,0
17;NL:Q:43929030;Oude Deventerweg;Holten;0,6;0,0;0,0;0,0;0,0;0,0
17;NL:Q:43929040;Oude Deventerweg;Holten;0,0;0,0;0,0;0,0;0,0;0,0
17;NL:Q:43990080;Kanaalbrug;Bergentheim;0,0;0,0;0,0;0,0;0,0;0,0
17;NL:Q:43990101;Station;Marienberg;0,0;0,0;0,0;0,0;0,0;0,0
17;NL:Q:43990110;Cafe;Beerzerveld;0,1;0,0;0,0;0,0;0,0;0,0
17;NL:Q:43990130;Schuurmanstraat;Beerzerveld;0,0;0,0;0,0;0,0;0,0;0,0
17;NL:Q:43990200;De Pallegarste;Marienberg;0,0;0,0;0,0;0,0;0,0;0,0
17;NL:Q:43990280;Ringweg;Rheeze;0,0;0,0;0,0;0,0;0,0;0,0
17;NL:Q:43990440;Oud Bergentheim;Bergentheim;0,0;0,0;0,0;0,0;0,0;0,0
17;NL:Q:43990530;Waaijerinkweg;Beerzerhaar;0,0;0,0;0,0;0,0;0,0;0,0
17;NL:Q:43990550;Beerzerpoort;Beerze;0,0;0,0;0,0;0,0;0,0;0,0
17;NL:Q:43991100;Station;Marienberg;0,0;0,0;0,0;0,0;0,0;0,0
17;NL:Q:45871001;Theehuis De Lemelerberg;Lemele;0,1;0,1;0,0;0,0;0,0;0,0
17;NL:Q:45871003;Kerk;Lemele;0,7;0,5;0,0;0,0;0,0;0,0
17;NL:Q:45871005;Imminkhoeve;Lemele;0,1;0,1;0,0;0,0;0,0;0,0
17;NL:Q:45871006;Imminkhoeve;Lemele;0,0;0,0;0,0;0,0;0,0;0,0
17;NL:Q:45871007;Camping De Lemeler Esch;Lemele;0,0;0,0;0,0;0,0;0,0;0,0
17;NL:Q:45871008;Camping De Lemeler Esch;Lemele;0,0;0,0;0,0;0,0;0,0;0,0
17;NL:Q:45910010;Emtenbroekerdijk;Kloosterhaar;0,0;0,0;0,0;0,0;0,0;0,0
17;NL:Q:45910020;Emtenbroekerdijk;Kloosterhaar;0,0;0,0;0,0;0,0;0,0;0,0
17;NL:Q:45910030;Crullsweg;Kloosterhaar;0,0;0,0;0,0;0,0;0,0;0,0
17;NL:Q:45910040;Crullsweg;Kloosterhaar;0,0;0,0;0,0;0,0;0,0;0,0
17;NL:Q:45930010;Kuilenweg;Hardenberg;0,0;0,0;0,0;0,0;0,0;0,0
17;NL:Q:45930020;Kuilenweg;Hardenberg;0,0;0,0;0,0;0,0;0,0;0,0
17;NL:Q:45930030;Kerkweg;Bruchterveld;0,0;0,1;0,0;0,0;0,0;0,0
17;NL:Q:45930040;Kerkweg;Bruchterveld;0,2;0,0;0,1;0,0;0,0;0,0
17;NL:Q:45940500;Beerzerhooiweg;Beerze;0,0;0,0;0,0;0,0;0,0;0,0
17;NL:Q:46000040;Brekken;Zwolle;13,4;15,7;3,2;3,6;2,0;2,0
17;NL:Q:46000050;Händellaan;Zwolle;11,8;9,7;7,2;5,5;3,1;2,5
17;NL:Q:46000070;Diasporalaan;Zwolle;1,3;3,8;0,3;1,7;0,4;1,1
17;NL:Q:46000100;Diasporalaan;Zwolle;3,7;1,2;1,7;0,5;0,7;0,3
17;NL:Q:46000110;Van der Schuerenmarke;Zwolle;2,6;5,8;1,4;3,3;1,3;2,0
17;NL:Q:46000120;Van der Schuerenmarke;Zwolle;8,1;5,1;5,2;3,3;2,6;2,0
17;NL:Q:46000130;Van Nispensingel;Zwolle;1,8;7,4;0,9;4,5;1,4;3,4
17;NL:Q:46000140;Van Nispensingel;Zwolle;10,3;4,2;6,7;2,4;3,8;1,6
17;NL:Q:46000150;Van Hasseltmarke;Zwolle;0,2;3,2;0,1;2,1;0,2;1,3
17;NL:Q:46000160;Van Hasseltmarke;Zwolle;4,3;0,2;2,5;0,1;1,6;0,1
17;NL:Q:46000170;Molenweg;Zwolle;160,2;13,7;5,2;2,4;1,5;0,6
17;NL:Q:46000190;Zwartewaterallee;Zwolle;6,7;0,2;0,0;0,0;0,0;0,0
17;NL:Q:46000200;Zwartewaterallee;Zwolle;0,1;5,2;0,0;0,0;0,0;0,0
17;NL:Q:46000330;Muijdermanstraat;Zwolle;0,5;2,5;0,1;0,7;0,2;0,2
17;NL:Q:46000340;Muijdermanstraat;Zwolle;1,8;0,5;0,8;0,2;0,1;0,2
17;NL:Q:46000430;Hollewandsweg;Zwolle;0,9;12,8;0,4;7,5;0,3;4,7
17;NL:Q:46000440;Hollewandsweg;Zwolle;13,7;1,0;8,5;0,4;4,4;0,2
17;NL:Q:46000570;Dokter Hengeveldweg;Zwolle;14,2;42,6;1,0;3,8;0,2;2,4
17;NL:Q:46000800;Groot Wezenland;Zwolle;0,2;0,2;0,0;0,0;0,1;0,1
17;NL:Q:46000810;Nw. Deventerw./Ittersumall.;Zwolle;0,9;7,9;0,7;4,8;0,4;3,6
17;NL:Q:46000820;Nw. Deventerw./Ittersumall.;Zwolle;7,6;1,0;4,5;0,6;3,7;0,2
17;NL:Q:46000830;Troelstralaan;Zwolle;0,4;12,0;0,2;7,9;0,0;4,2
17;NL:Q:46000860;Troelstralaan;Zwolle;14,3;0,8;8,9;0,4;5,0;0,3
17;NL:Q:46000950;Groot Wezenland;Zwolle;0,3;0,2;0,1;0,0;0,1;0,0
17;NL:Q:46001000;Park de Wezenlanden;Zwolle;31,3;19,7;1,8;4,2;0,8;2,1
17;NL:Q:46001010;Zuster van de Kolkstraat;Zwolle;0,2;1,0;0,2;0,7;0,2;0,4
17;NL:Q:46001020;Zuster van de Kolkstraat;Zwolle;0,7;0,2;0,6;0,1;0,1;0,1
17;NL:Q:46001030;Zwarteweg;Zwolle;0,4;5,1;0,1;1,2;0,1;1,1
17;NL:Q:46001040;Zwarteweg;Zwolle;5,0;0,5;1,0;0,2;1,0;0,0
17;NL:Q:46001070;Volterbeek;Zwolle;0,1;0,3;0,0;0,0;0,0;0,3
17;NL:Q:46001100;Assendorperdijk;Zwolle;33,4;23,5;3,4;1,2;1,6;1,0
17;NL:Q:46001110;Maaslaan;Zwolle;0,0;0,2;0,0;0,1;0,0;0,4
17;NL:Q:46001120;Roelingsbeek;Zwolle;0,1;0,2;0,0;0,1;0,1;0,4
17;NL:Q:46001130;Roelingsbeek;Zwolle;11,3;6,8;9,1;4,1;4,1;2,1
17;NL:Q:46001170;Rijnlaan/Amstel;Zwolle;0,8;40,8;0,3;15,8;0,3;8,9
17;NL:Q:46001180;Rijnlaan/Amstel;Zwolle;38,4;0,7;14,8;0,4;7,8;0,1
17;NL:Q:46001200;Ittersumallee;Zwolle;1,9;12,3;0,0;0,0;0,0;0,0
17;NL:Q:46001210;Volkerak;Zwolle;0,0;0,1;0,0;0,1;0,1;0,1
17;NL:Q:46001230;Elsbeek;Zwolle;0,0;0,2;0,0;0,1;0,0;0,3
17;NL:Q:46001290;Wkc De Dobbe;Zwolle;0,2;1,3;0,0;0,3;0,1;1,0
17;NL:Q:46001295;Rijnlaan/Amstel;Zwolle;0,0;0,0;0,0;0,0;0,0;0,0
17;NL:Q:46001300;Caspar Fagelstraat;Zwolle;27,6;1,1;13,6;1,5;8,3;0,2
17;NL:Q:46001320;Paulus Buysstraat;Zwolle;14,3;0,3;10,0;0,1;6,0;0,1
17;NL:Q:46001340;Celebesstraat;Zwolle;7,8;0,5;6,6;0,3;3,8;0,1
17;NL:Q:46001360;Thomas a Kempisstraat;Zwolle;25,4;3,0;18,0;1,0;8,7;0,4
17;NL:Q:46001380;Wkc Diezerpoort;Zwolle;7,6;2,7;3,1;4,8;2,2;0,8
17;NL:Q:46001542;Dokter Hengeveldweg;Zwolle;68,1;12,5;5,8;1,1;2,7;0,1
17;NL:Q:46001560;Isala ziekenhuis;Zwolle;148,5;97,5;8,8;3,5;3,3;1,0
17;NL:Q:46001610;Dijkstraat;Zwolle;33,0;38,8;25,5;16,7;6,8;6,6
17;NL:Q:46001630;Rodetorenplein;Zwolle;47,1;99,5;39,1;58,2;15,4;17,9
17;NL:Q:46001650;IJsselcentraleweg;Zwolle;3,9;12,9;0,2;3,1;0,3;1,7
17;NL:Q:46001660;Dijkstraat;Zwolle;40,9;38,5;16,0;30,4;6,6;9,0
17;NL:Q:46001680;Rodetorenplein;Zwolle;94,2;55,3;43,3;35,4;14,4;15,4
17;NL:Q:46001710;van Karnebeektunnel;Zwolle;6,2;1,9;3,2;0,5;1,2;0,0
17;NL:Q:46001740;van Karnebeektunnel;Zwolle;2,0;8,7;0,2;3,1;0,0;2,0
17;NL:Q:46001750;Provinciehuis;Zwolle;8,0;29,4;2,3;18,6;0,5;5,9
17;NL:Q:46001770;Koggelaan;Zwolle;1,5;2,3;0,3;2,1;0,5;1,6
17;NL:Q:46001780;Koggelaan;Zwolle;1,2;2,4;0,2;0,5;0,4;0,4
17;NL:Q:46001790;Burg. van Walsumlaan;Zwolle;73,1;3,4;0,7;0,5;0,2;0,1
17;NL:Q:46001800;Burg. van Walsumlaan;Zwolle;3,3;68,8;0,2;1,0;0,0;0,3
17;NL:Q:46001830;Wkc Diezerpoort;Zwolle;3,3;14,2;2,8;3,9;0,8;3,7
17;NL:Q:46001870;Thomas a Kempisstraat;Zwolle;2,8;25,0;1,8;17,0;0,4;11,9
17;NL:Q:46001890;Celebesstraat;Zwolle;0,7;8,3;0,4;6,4;0,3;5,5
17;NL:Q:46001910;Paulus Buysstraat;Zwolle;0,4;15,8;0,4;10,1;0,1;6,9
17;NL:Q:46001930;Caspar Fagelstraat;Zwolle;1,6;24,6;0,8;10,7;0,4;8,3
17;NL:Q:46001970;Sassenpoort;Zwolle;16,0;11,5;11,0;7,1;5,8;1,9
17;NL:Q:46001990;Kerkbrugje;Zwolle;21,9;22,7;23,3;7,8;7,2;3,6
17;NL:Q:46002000;Kerkbrugje;Zwolle;27,4;24,8;11,3;28,5;4,5;8,8
17;NL:Q:46002010;Isala ziekenhuis;Zwolle;4,2;53,6;0,0;0,0;0,0;0,0
17;NL:Q:46002040;Sassenpoort;Zwolle;5,4;20,2;2,8;15,3;0,9;7,1
17;NL:Q:46002560;Kuyerhuislaan;Zwolle;0,8;1,4;0,0;0,0;0,0;0,0
17;NL:Q:46002620;Wkc Zuid;Zwolle;0,3;0,2;0,0;0,0;0,0;0,0
17;NL:Q:46002700;Gedeputeerdenlaan;Zwolle;7,0;4,6;4,9;2,5;3,0;1,7
17;NL:Q:46002710;Gedeputeerdenlaan;Zwolle;3,3;13,6;2,3;8,1;1,8;5,4
17;NL:Q:46002960;Blaloweg/Hasselterweg;Zwolle;3,8;0,7;1,0;0,4;0,7;0,2
17;NL:Q:46003000;Otterveld;Zwolle;1,5;7,8;0,8;3,6;0,4;2,6
17;NL:Q:46003050;Otterveld;Zwolle;8,1;1,5;3,7;0,8;2,5;0,2
17;NL:Q:46003110;Wkc Forelkolk;Zwolle;1,7;3,9;1,2;2,9;0,3;1,4
17;NL:Q:46003120;Wkc Forelkolk;Zwolle;4,2;1,0;2,7;0,8;1,5;0,3
17;NL:Q:46003130;Brasemkolk;Zwolle;0,5;1,8;0,2;1,1;0,1;0,8
17;NL:Q:46003140;Brasemkolk;Zwolle;1,1;1,0;0,6;0,6;0,5;0,1
17;NL:Q:46003170;Hazenveld;Zwolle;0,2;3,8;0,2;1,2;0,0;1,3
17;NL:Q:46003180;Hazenveld;Zwolle;3,2;0,3;1,2;0,5;0,8;0,0
17;NL:Q:46003200;Van Leeuwtemarke;Zwolle;1,4;9,8;1,3;6,8;0,6;4,8
17;NL:Q:46003240;Herenweg;Zwolle;2,8;0,9;0,1;0,1;0,2;0,0
17;NL:Q:46003250;Van Leeuwtemarke;Zwolle;9,7;1,6;5,1;1,6;4,1;0,6
17;NL:Q:46003290;Heerkensmarke;Zwolle;0,2;8,1;0,2;5,0;0,1;3,8
17;NL:Q:46003310;Heerkensmarke;Zwolle;8,0;0,4;5,5;0,3;2,8;0,1
17;NL:Q:46003800;Oldeneelallee;Zwolle;0,7;7,8;0,0;0,0;0,0;0,0
17;NL:Q:46003850;Oldeneelallee;Zwolle;6,6;1,1;0,0;0,0;0,0;0,0
17;NL:Q:46003900;Nieuwe Deventerweg/KWS;Zwolle;4,6;2,2;0,0;0,2;0,0;0,0
17;NL:Q:46003910;;;0,0;0,0;0,0;0,0;0,0;0,0
17;NL:Q:46003950;Nieuwe Deventerweg/KWS;Zwolle;2,2;3,9;0,0;0,0;0,0;0,0
17;NL:Q:46004001;Station;Zwolle;381,4;270,6;119,7;115,7;63,1;79,5
17;NL:Q:46004002;Station;Zwolle;95,4;1,2;34,0;0,4;27,2;0,2
17;NL:Q:46004003;Station;Zwolle;372,5;7,6;93,7;2,6;56,0;1,4
17;NL:Q:46004004;Station;Zwolle;38,7;382,1;0,0;0,0;0,0;0,0
17;NL:Q:46004005;Station;Zwolle;799,7;8,8;0,0;0,0;0,0;0,0
17;NL:Q:46004006;Station;Zwolle;0,2;41,7;0,0;5,1;0,0;15,3
17;NL:Q:46004007;Station;Zwolle;3,0;0,1;0,0;0,0;0,0;0,0
17;NL:Q:46004010;Station;Zwolle;0,1;36,1;0,0;0,0;0,0;0,0
17;NL:Q:46004011;Station;Zwolle;269,5;1036,8;111,7;317,3;75,1;187,0
17;NL:Q:46004021;Station;Zwolle;293,1;341,9;132,2;101,6;88,3;47,3
17;NL:Q:46004022;Station;Zwolle;203,7;3,0;88,7;2,9;62,9;0,6
17;NL:Q:46004023;Station;Zwolle;10,7;794,5;0,4;0,0;1,2;0,0
17;NL:Q:46004024;Station;Zwolle;359,4;5,0;0,3;0,0;0,7;0,0
17;NL:Q:46004025;Station;Zwolle;0,0;10,7;0,0;1,1;0,0;3,6
17;NL:Q:46004028;Station;Zwolle;453,6;526,1;124,7;101,3;99,2;45,9
17;NL:Q:46004030;Station;Zwolle;243,7;8,0;36,4;3,3;0,0;0,0
17;NL:Q:46004180;De Ruyterplein;Zwolle;0,0;0,0;0,0;0,0;0,0;0,0
17;NL:Q:46004190;Corn. Houtmanstraat;Zwolle;2,3;2,7;1,4;1,8;0,3;1,0
17;NL:Q:46004195;Corn. Houtmanstraat;Zwolle;1,7;3,9;0,9;1,4;0,8;0,5
17;NL:Q:46004210;Herenweg;Zwolle;2,9;6,1;0,6;1,5;0,3;0,8
17;NL:Q:46004270;Tesselschadestraat;Zwolle;0,1;0,0;0,1;0,0;0,0;0,0
17;NL:Q:46004310;Jacob Catsstraat;Zwolle;0,0;0,0;0,0;0,0;0,0;0,0
17;NL:Q:46004410;Schuurmanstraat;Zwolle;0,7;0,7;0,4;0,2;0,3;0,2
17;NL:Q:46004450;Schuurmanstraat;Zwolle;0,6;0,5;0,1;0,1;0,2;0,4
17;NL:Q:46004500;Trompstraat;Zwolle;25,4;13,1;8,3;5,8;1,2;2,5
17;NL:Q:46004530;Stadion;Zwolle;2,2;85,2;0,6;27,2;0,2;11,7
17;NL:Q:46004670;Deltion Campus;Zwolle;65,2;221,3;1,5;17,4;1,2;11,6
17;NL:Q:46004680;Deltion Campus;Zwolle;1179,0;917,0;14,0;1,6;7,8;0,8
17;NL:Q:46004720;Hanzelanden Oost;Zwolle;2,0;3,4;0,7;0,6;0,6;0,4
17;NL:Q:46004721;Hanzelanden Oost;Zwolle;1,0;1,8;0,4;0,2;0,6;0,3
17;NL:Q:46004740;Park de Wezenlanden;Zwolle;16,7;29,9;4,4;2,2;1,8;1,6
17;NL:Q:46004760;Assendorperdijk;Zwolle;16,1;31,2;1,8;3,2;0,8;1,8
17;NL:Q:46004780;Ittersumallee;Zwolle;0,0;0,4;0,0;0,0;0,0;0,0
17;NL:Q:46004790;Nieuwe Deventerweg;Zwolle;0,4;8,1;0,2;3,8;0,1;3,4
17;NL:Q:46005335;Klooienberglaan;Zwolle;10,9;2,7;6,0;0,6;4,5;0,5
17;NL:Q:46005370;Wkc Diezerpoort;Zwolle;22,3;48,1;20,5;20,3;7,0;10,6
17;NL:Q:46005380;Wkc Diezerpoort;Zwolle;52,0;15,2;23,5;15,1;9,3;4,6
17;NL:Q:46005410;Frans Halsstraat;Zwolle;2,9;21,7;1,7;10,4;0,4;7,3
17;NL:Q:46005420;Frans Halsstraat;Zwolle;16,4;2,7;9,3;3,4;3,7;0,5
17;NL:Q:46005550;Pergolesisstraat;Zwolle;43,5;29,6;14,0;14,6;4,3;6,0
17;NL:Q:46005570;Buxtehudestraat;Zwolle;24,8;18,5;9,2;9,0;5,4;5,8
17;NL:Q:46005590;Bellinistraat;Zwolle;36,7;28,9;20,8;19,3;11,1;11,0
17;NL:Q:46005625;Klooienberglaan;Zwolle;3,6;11,2;0,8;6,1;1,0;6,6
17;NL:Q:46005850;Bachlaan;Zwolle;1,3;1,4;0,1;0,4;0,1;0,7
17;NL:Q:46005860;Bachlaan;Zwolle;1,0;1,1;0,2;0,0;0,3;0,1
17;NL:Q:46005880;Bachlaan;Zwolle;11,8;33,0;4,4;11,0;1,7;4,7
17;NL:Q:46005920;Hunzelaan;Zwolle;5,6;6,2;2,7;4,6;1,6;1,8
17;NL:Q:46005990;Zijpe;Zwolle;0,1;0,4;0,1;0,2;0,1;0,3
17;NL:Q:46006030;Dahliastraat;Zwolle;8,0;3,8;0,9;0,7;0,1;0,2
17;NL:Q:46006110;Hortensiastraat;Zwolle;6,5;3,1;1,9;1,2;0,6;0,6
17;NL:Q:46006130;Molenweg;Zwolle;26,6;176,6;3,0;7,8;1,6;3,4
17;NL:Q:46006255;Isala ziekenhuis;Zwolle;85,6;42,2;4,4;9,9;1,6;3,5
17;NL:Q:46006530;Burgemeester Roelenweg;Zwolle;15,6;77,4;2,5;3,2;1,5;2,2
17;NL:Q:46006540;Burgemeester Roelenweg;Zwolle;43,4;37,9;3,1;5,2;2,2;4,2
17;NL:Q:46006600;Blaloweg/Rieteweg;Zwolle;0,4;6,0;0,2;1,4;0,1;1,0
17;NL:Q:46006650;Blaloweg/Rieteweg;Zwolle;5,3;0,5;0,6;0,1;0,6;0,1
17;NL:Q:46006820;Wkc De Dobbe;Zwolle;5,6;63,8;4,6;35,9;1,2;18,6
17;NL:Q:46006830;Wkc De Dobbe;Zwolle;2,8;0,2;0,0;0,0;0,0;0,0
17;NL:Q:46006840;De Zoom;Zwolle;0,4;2,4;0,0;0,1;0,1;0,1
17;NL:Q:46006850;De Zoom;Zwolle;2,9;0,5;0,0;0,0;0,0;0,1
17;NL:Q:46007000;Vrolijkheid;Zwolle;14,4;44,4;1,6;4,1;0,4;2,1
17;NL:Q:46007010;Vrolijkheid;Zwolle;22,8;11,0;1,8;1,6;0,5;0,2
17;NL:Q:46007020;Meppelerstraatweg;Zwolle;12,1;12,9;2,5;5,2;1,1;2,3
17;NL:Q:46007030;Meppelerstraatweg;Zwolle;30,3;20,3;7,6;6,2;3,0;1,9
17;NL:Q:46008050;Wkc Zuid/Democratenlaan;Zwolle;4,5;24,8;3,4;16,5;1,1;9,1
17;NL:Q:46008080;Wkc Zuid/Democratenlaan;Zwolle;24,4;2,5;17,5;2,4;8,8;0,8
17;NL:Q:46008110;Esdoornstraat;Zwolle;122,4;3,6;5,6;1,1;2,2;0,2
17;NL:Q:46008120;Esdoornstraat;Zwolle;9,6;139,1;1,3;6,9;0,3;4,1
17;NL:Q:46008160;Gombertstraat;Zwolle;38,1;6,6;23,0;4,2;9,4;1,0
17;NL:Q:46008180;Bachplein;Zwolle;17,9;78,1;10,3;26,9;5,4;22,3
17;NL:Q:46008220;Bachplein;Zwolle;121,7;47,0;55,0;30,1;28,2;11,5
17;NL:Q:46008240;Welle;Zwolle;7,3;7,5;4,5;5,2;1,5;2,0
17;NL:Q:46008250;Oosterdiep;Zwolle;15,8;15,6;11,1;9,7;6,0;7,5
17;NL:Q:46008260;Morra;Zwolle;9,2;3,8;7,8;3,0;2,8;0,8
17;NL:Q:46008270;Zijpe;Zwolle;14,7;7,0;9,4;3,6;4,8;2,5
17;NL:Q:46008290;Maaslaan;Zwolle;4,6;7,4;3,8;5,3;2,2;3,7
17;NL:Q:46008300;Volterbeek;Zwolle;16,7;16,3;11,4;12,4;7,7;7,2
17;NL:Q:46008320;Elsbeek;Zwolle;6,5;4,5;4,3;3,6;3,6;2,4
17;NL:Q:46008330;Volkerak;Zwolle;4,3;0,5;2,8;0,2;1,9;0,1
17;NL:Q:46008360;Wkc De Dobbe;Zwolle;56,8;5,3;30,9;3,5;15,6;0,8
17;NL:Q:46008380;Provinciehuis;Zwolle;25,9;8,8;13,8;1,5;5,8;0,7
17;NL:Q:46008390;Trompstraat;Zwolle;12,5;19,5;4,9;6,2;2,8;3,6
17;NL:Q:46008410;Hogenkampsweg;Zwolle;40,0;4,8;21,8;1,9;10,9;0,7
17;NL:Q:46008420;Jofferenlaan;Zwolle;0,2;0,7;0,1;0,5;0,0;0,6
17;NL:Q:46008430;Jofferenlaan;Zwolle;0,8;0,6;0,8;0,1;0,1;0,2
17;NL:Q:46008440;Wkc Zuid/Patriottenlaan;Zwolle;24,9;26,5;15,4;20,5;12,0;16,0
17;NL:Q:46008450;Wkc Zuid/Patriottenlaan;Zwolle;19,7;21,3;14,6;15,0;9,6;7,7
17;NL:Q:46008460;Hogenkampsweg;Zwolle;5,2;39,4;2,8;20,0;0,9;13,0
17;NL:Q:46008580;Stadion;Zwolle;265,8;178,3;19,7;0,1;9,2;0,1
17;NL:Q:46040010;Kasteel Rechteren;Dalfsen;0,0;0,0;0,0;0,0;0,0;0,0
17;NL:Q:46040020;Kasteel Rechteren;Dalfsen;0,0;0,0;0,0;0,0;0,0;0,0
17;NL:Q:46050010;Cafe Restaurant Madrid;Hessum;0,0;0,2;0,0;0,0;0,0;0,0
17;NL:Q:46050020;Cafe Restaurant Madrid;Hessum;0,1;0,0;0,0;0,0;0,0;0,0
17;NL:Q:46050030;Huize Vilsteren;Vilsteren;0,0;0,1;0,0;0,0;0,0;0,0
17;NL:Q:46050040;Huize Vilsteren;Vilsteren;0,2;0,0;0,0;0,0;0,0;0,0
17;NL:Q:46050050;Gasunie;Vilsteren;0,0;0,0;0,0;0,0;0,0;0,0
17;NL:Q:46050060;Gasunie;Vilsteren;0,0;0,0;0,0;0,0;0,0;0,0
17;NL:Q:46050070;Kaasboerderij Heileuver;Dalmsholte;0,1;0,1;0,0;0,0;0,0;0,0
17;NL:Q:46050090;De Marshoeve;Dalmsholte;0,1;0,1;0,0;0,0;0,0;0,0
17;NL:Q:46050100;De Marshoeve;Dalmsholte;0,1;0,1;0,0;0,0;0,0;0,0
17;NL:Q:46060030;Camping Nieuwe Brug;Nieuwe Brug;0,0;0,0;0,0;0,0;0,0;0,0
17;NL:Q:46060040;Camping Nieuwe Brug;Nieuwe Brug;0,0;0,0;0,0;0,0;0,0;0,0
17;NL:Q:46100000;Frankhuizerallee;Zwolle;17,9;0,6;10,9;0,2;5,3;0,3
17;NL:Q:46100010;Frankhuizerallee;Zwolle;0,5;19,4;0,2;11,4;0,2;6,4
17;NL:Q:46100020;Twistvlietbrug;Zwolle;10,9;0,8;6,1;0,5;3,2;0,3
17;NL:Q:46100030;Twistvlietbrug;Zwolle;0,8;11,7;0,7;7,4;0,4;4,0
17;NL:Q:46100040;Katerdijk;zwolle;1,6;10,6;0,7;1,2;0,5;0,7
17;NL:Q:46100050;Katerdijk;zwolle;7,0;2,2;0,9;0,3;0,8;0,3
17;NL:Q:46100060;Belvederelaan;Zwolle;22,9;1,8;12,6;0,5;6,0;0,4
17;NL:Q:46100070;Belvederelaan;Zwolle;1,9;24,4;0,4;14,4;0,2;8,4
17;NL:Q:46100080;Wkc Stadshagen;Zwolle;31,5;2,3;21,8;1,1;11,4;0,5
17;NL:Q:46100090;Wkc Stadshagen;Zwolle;4,5;46,7;2,0;27,6;1,0;13,6
17;NL:Q:46100130;Rozentunnel;Zwolle;0,1;0,2;0,0;0,0;0,0;0,2
17;NL:Q:46100135;Station Stadshagen;Zwolle;31,6;2,0;0,0;0,0;0,1;0,0
17;NL:Q:46100145;;;0,2;0,2;0,0;0,1;0,3;0,3
17;NL:Q:46100150;Havezathentunnel;Zwolle;0,0;0,2;0,0;0,0;0,0;0,1
17;NL:Q:46100160;;;0,1;0,2;0,1;0,0;0,0;0,1
17;NL:Q:46100170;Nijenhuislaan;Zwolle;12,2;5,5;4,6;2,7;3,3;2,3
17;NL:Q:46100180;;;0,0;0,4;0,0;0,0;0,0;0,2
17;NL:Q:46100210;Dotterbloem;Zwolle;3,4;13,0;1,4;6,6;0,4;3,9
17;NL:Q:46100230;Bonkenhavestraat;Zwolle;8,2;7,7;3,6;3,6;2,3;2,0
17;NL:Q:46100240;;;0,0;0,2;0,0;0,0;0,0;0,1
17;NL:Q:46104001;Het Engelse Werk;Zwolle;0,1;0,0;0,1;0,0;0,0;0,0
17;NL:Q:46104002;Het Engelse Werk;Zwolle;0,0;0,1;0,0;0,0;0,1;0,1
17;NL:Q:46104003;Oranje Nassaulaan;Zwolle;0,1;0,1;0,0;0,0;0,0;0,0
17;NL:Q:46104004;Oranje Nassaulaan;Zwolle;0,1;0,1;0,0;0,0;0,0;0,0
17;NL:Q:46104005;Koningin Wilhelminastraat;Zwolle;0,1;0,2;0,0;0,1;0,0;0,2
17;NL:Q:46104006;Koningin Wilhelminastraat;Zwolle;0,2;0,2;0,1;0,0;0,2;0,1
17;NL:Q:46104021;Katwolderplein/centrum;Zwolle;197,8;115,6;93,4;28,6;41,8;21,6
17;NL:Q:46104022;Katwolderplein/centrum;Zwolle;163,9;251,1;27,6;96,1;16,3;41,0
17;NL:Q:46104030;;;0,5;0,6;0,0;0,1;0,3;0,4
17;NL:Q:46104031;Griegstraat;Zwolle;4,2;31,2;2,3;18,5;0,6;10,5
17;NL:Q:46104033;Waallaan;Zwolle;4,4;15,5;3,3;7,3;0,7;3,9
17;NL:Q:46104040;;;0,5;0,1;0,1;0,0;0,3;0,0
17;NL:Q:46110010;Kuyerhuislaan;Zwolle;1,3;0,7;0,0;0,0;0,0;0,0
17;NL:Q:46110100;Kroesenallee;Wijthmen;0,3;1,5;0,0;0,0;0,0;0,0
17;NL:Q:46110150;Kroesenallee;Wijthmen;1,4;0,9;0,0;0,0;0,0;0,0
17;NL:Q:46110310;;;0,1;0,2;0,0;0,0;0,0;0,0
17;NL:Q:46110320;;;0,2;0,1;0,0;0,0;0,0;0,0
17;NL:Q:46110400;De Marslanden;Wijthmen;3,0;8,4;0,0;0,0;0,0;0,0
17;NL:Q:46110750;School De Ambelt;Herfte;1,0;0,9;0,0;0,0;0,0;0,0
17;NL:Q:46112650;De Marslanden;Wijthmen;5,1;3,7;0,0;0,0;0,0;0,0
17;NL:Q:46120050;Bedrijvenpark Hessenpoort;Zwolle;15,9;2,2;0,0;0,0;0,0;0,0
17;NL:Q:46120060;Bedrijvenpark Hessenpoort;Zwolle;1,6;13,1;0,0;0,0;0,0;0,0
17;NL:Q:46120090;Bergkloosterweg;Zwolle;3,7;2,1;1,4;1,4;0,9;1,1
17;NL:Q:46120100;Bentheimstraat;Zwolle;21,9;5,1;14,3;2,5;6,8;1,7
17;NL:Q:46120110;Bentheimstraat;Zwolle;5,0;29,6;2,9;16,3;2,2;7,1
17;NL:Q:46120120;Vechtbrug;Zwolle;1,4;0,7;0,4;0,4;0,2;0,1
17;NL:Q:46120130;Vechtbrug;Zwolle;0,4;1,4;0,2;0,5;0,1;0,2
17;NL:Q:46120140;Bergkloosterweg;Zwolle;1,8;3,1;1,2;1,0;0,6;0,8
17;NL:Q:46120160;Campherbeeklaan;Zwolle;5,9;3,5;1,5;0,5;0,6;0,2
17;NL:Q:46120200;Campherbeeklaan;Zwolle;2,8;4,4;0,5;1,5;0,1;0,4
17;NL:Q:46120210;;;0,1;0,0;0,0;0,0;0,0;0,0
17;NL:Q:46120230;;;0,1;0,1;0,0;0,0;0,0;0,0
17;NL:Q:46120240;;;0,0;0,0;0,0;0,0;0,0;0,0
17;NL:Q:46120250;;;0,0;0,0;0,0;0,0;0,0;0,0
17;NL:Q:46120270;Nieuwleusenerdijk;Zwolle;14,1;2,6;0,0;0,0;0,0;0,0
17;NL:Q:46120280;Nieuwleusenerdijk;Zwolle;2,5;3,2;0,0;0,0;0,0;0,0
17;NL:Q:46124590;Hazelaarlaan;Zwolle;0,7;7,5;0,5;5,5;0,1;3,6
17;NL:Q:46124600;Hazelaarlaan;Zwolle;6,4;0,1;4,1;0,0;2,5;0,0
17;NL:Q:46124610;Wkc Berkum;Zwolle;1,7;10,3;0,9;6,1;0,6;3,7
17;NL:Q:46124620;Wkc Berkum;Zwolle;6,9;0,4;4,5;0,2;2,5;0,1
17;NL:Q:46124640;Vossiuslaan;Zwolle;2,8;4,5;1,0;2,1;0,9;1,7
17;NL:Q:46124650;Grotiuslaan;Zwolle;2,1;2,0;2,0;1,8;0,6;0,9
17;NL:Q:46124670;Hugo de Vrieslaan;Zwolle;2,0;2,5;1,9;1,9;1,3;0,9
17;NL:Q:46124710;Erasmuslaan;Zwolle;7,2;3,9;5,8;2,5;3,3;1,2
17;NL:Q:46124720;;;0,0;0,2;0,0;0,0;0,0;0,0
17;NL:Q:46200010;Gorterstraat;Zwolle;8,2;9,4;3,2;4,3;2,5;2,8
17;NL:Q:46200020;Martinetstraat;Zwolle;4,2;3,3;2,0;2,4;1,5;0,9
17;NL:Q:46200030;Koelmansstraat;Lenthe;0,6;0,9;0,0;0,0;0,0;0,0
17;NL:Q:46200050;Jonkman;Heino;3,0;1,0;0,0;0,0;0,0;0,0
17;NL:Q:46200070;Hagenweg;Lenthe;0,7;0,2;0,0;0,0;0,0;0,0
17;NL:Q:46200080;Hagenweg;Lenthe;0,2;0,8;0,0;0,0;0,0;0,0
17;NL:Q:46200100;De Gunne;Lenthe;0,0;0,1;0,0;0,0;0,0;0,0
17;NL:Q:46200110;De Gunne;Lenthe;0,1;0,0;0,0;0,0;0,0;0,0
17;NL:Q:46200120;De Jong;Lenthe;0,0;0,1;0,0;0,0;0,0;0,0
17;NL:Q:46200130;De Jong;Lenthe;0,1;0,0;0,0;0,0;0,0;0,0
17;NL:Q:46200400;Koelmansstraat;Lenthe;0,6;0,3;0,0;0,0;0,0;0,0
17;NL:Q:46204001;Sportlaan;Zwolle;9,8;8,5;4,6;4,3;2,9;3,5
17;NL:Q:46204010;Molenhoek;Hoonhorst;0,1;0,0;0,0;0,0;0,0;0,0
17;NL:Q:46210020;Marsweg;Hoonhorst;0,1;0,6;0,0;0,0;0,0;0,0
17;NL:Q:46210030;Marsweg;Hoonhorst;0,1;0,0;0,0;0,0;0,0;0,0
17;NL:Q:46210060;Klapvoortweg;Hoonhorst;0,1;0,3;0,0;0,0;0,0;0,0
17;NL:Q:46210070;Klapvoortweg;Hoonhorst;0,2;0,0;0,0;0,0;0,0;0,0
17;NL:Q:46210080;Oudeweg;Emmen;0,0;0,1;0,0;0,0;0,0;0,0
17;NL:Q:46210090;Oudeweg;Emmen;0,1;0,1;0,0;0,0;0,0;0,0
17;NL:Q:46210110;Emmerweg;Emmen;0,1;0,1;0,0;0,0;0,0;0,0
17;NL:Q:46210120;Emmerweg;Emmen;0,1;0,1;0,0;0,0;0,0;0,0
17;NL:Q:46210130;Overweg NS;Dalfsen;0,0;0,1;0,0;0,0;0,0;0,0
17;NL:Q:46210140;Centrum;Hoonhorst;2,3;0,7;0,0;0,0;0,0;0,0
17;NL:Q:46210150;Centrum;Hoonhorst;1,0;1,9;0,0;0,0;0,0;0,0
17;NL:Q:46214000;Molenhoek;Hoonhorst;0,1;0,1;0,0;0,0;0,0;0,0
17;NL:Q:46300050;'t Reelaer;Heino;0,1;0,1;0,0;0,0;0,0;0,0
17;NL:Q:46300110;School;Lierderholthuis;0,1;0,2;0,0;0,0;0,0;0,0
17;NL:Q:46300130;Brug;Lierderholthuis;0,2;0,2;0,0;0,0;0,0;0,0
17;NL:Q:46300150;Kappert;Lierderholthuis;0,0;0,0;0,0;0,0;0,0;0,0
17;NL:Q:46300180;Kastanje;Heino;0,0;0,1;0,0;0,0;0,0;0,0
17;NL:Q:46300200;Wolfkamp;Heino;0,2;0,4;0,0;0,0;0,0;0,0
17;NL:Q:46300210;Station;Heino;2,7;1,4;0,0;0,0;0,0;0,0
17;NL:Q:46300230;Kiezebos;Heino;0,3;0,2;0,0;0,0;0,0;0,0
17;NL:Q:46300250;Wolfkamp;Heino;1,3;0,3;0,0;0,0;0,0;0,0
17;NL:Q:46300270;Brinkzicht;Heino;0,3;0,5;0,0;0,0;0,0;0,0
17;NL:Q:46300300;Klaproos;Heino;0,3;1,6;0,0;0,0;0,0;0,0
17;NL:Q:46300350;Klaproos;Heino;1,8;0,2;0,0;0,0;0,0;0,0
17;NL:Q:46300390;Marktplein;Heino;0,3;0,6;0,0;0,0;0,0;0,0
17;NL:Q:46300400;Marktplein;Heino;2,5;4,9;0,0;0,0;0,0;0,0
17;NL:Q:46300450;Marktplein;Heino;6,1;2,6;0,0;0,0;0,0;0,0
17;NL:Q:46300500;Van der Capellenweg;Heino;0,4;2,5;0,0;0,0;0,0;0,0
17;NL:Q:46300550;Van der Capellenweg;Heino;2,1;0,5;0,0;0,0;0,0;0,0
17;NL:Q:46300600;Jonkman;Heino;1,1;3,2;0,0;0,0;0,0;0,0
17;NL:Q:46300900;Bibliotheek;Heino;0,0;0,0;0,0;0,0;0,0;0,0
17;NL:Q:46300950;Bibliotheek;Heino;0,0;0,8;0,0;0,0;0,0;0,0
17;NL:Q:46301000;Pastorielaan;Heino;0,1;0,0;0,0;0,0;0,0;0,0
17;NL:Q:46301050;Pastorielaan;Heino;0,0;0,1;0,0;0,0;0,0;0,0
17;NL:Q:46310100;Overweg NS;Dalfsen;0,1;0,1;0,0;0,0;0,0;0,0
17;NL:Q:46310150;Gemeentehuis;Dalfsen;0,6;0,4;0,0;0,0;0,0;0,0
17;NL:Q:46310300;Gemeentehuis;Dalfsen;0,6;0,9;0,1;0,1;0,0;0,0
17;NL:Q:46310350;Pleijendal;Dalfsen;0,9;0,3;0,0;0,0;0,0;0,0
17;NL:Q:46310450;De Trefkoele;Dalfsen;1,6;1,0;0,0;0,0;0,0;0,0
17;NL:Q:46310500;Pleijendal;Dalfsen;0,5;0,9;0,0;0,0;0,0;0,0
17;NL:Q:46310600;De Trefkoele;Dalfsen;0,4;1,1;0,0;0,0;0,0;0,0
17;NL:Q:46310610;De Trefkoele;Dalfsen;0,5;0,4;0,1;0,1;0,0;0,0
17;NL:Q:46310620;De Trefkoele;Dalfsen;0,2;0,6;0,0;0,0;0,0;0,0
17;NL:Q:46310750;Bontekamp;Dalfsen;1,2;0,2;0,0;0,0;0,0;0,0
17;NL:Q:46310760;Bontekamp;Dalfsen;0,8;0,7;0,0;0,0;0,0;0,0
17;NL:Q:46310900;Bontekamp;Dalfsen;0,4;1,0;0,0;0,0;0,0;0,0
17;NL:Q:46311005;Station;Dalfsen;27,9;28,6;1,2;0,8;0,0;0,0
17;NL:Q:46311010;Foreco;Dalfsen;0,1;0,0;0,0;0,0;0,0;0,0
17;NL:Q:46311011;Foreco;Dalfsen;0,1;0,1;0,0;0,0;0,0;0,0
17;NL:Q:46311013;Kortersweg;Dalfsen;0,1;0,0;0,0;0,0;0,0;0,0
17;NL:Q:46311014;Kortersweg;Dalfsen;0,0;0,1;0,0;0,0;0,0;0,0
17;NL:Q:46311050;Polhaarweg;Dalfsen;0,4;3,8;0,1;0,3;0,0;0,0
17;NL:Q:46311100;Polhaarweg;Dalfsen;4,0;0,3;0,1;0,0;0,0;0,0
17;NL:Q:46311130;Haersolteweg;Dalfsen;0,1;0,2;0,0;0,0;0,0;0,0
17;NL:Q:46311140;Haersolteweg;Dalfsen;0,3;0,1;0,1;0,1;0,0;0,0
17;NL:Q:46311150;Gernerslag;Ankum;0,1;0,0;0,0;0,0;0,0;0,0
17;NL:Q:46311155;Huize Gerner;Dalfsen;0,2;0,5;0,0;0,2;0,0;0,0
17;NL:Q:46311160;Huize Gerner;Dalfsen;0,4;0,1;0,2;0,1;0,0;0,0
17;NL:Q:46311170;Langkamp;Dalfsen;0,1;0,4;0,0;0,1;0,0;0,0
17;NL:Q:46311180;Langkamp;Dalfsen;0,2;0,1;0,1;0,0;0,0;0,0
17;NL:Q:46311190;WZC Rosengaerde;Dalfsen;0,5;0,6;0,1;0,1;0,0;0,0
17;NL:Q:46311200;WZC Rosengaerde;Dalfsen;0,4;0,9;0,1;0,3;0,0;0,0
17;NL:Q:46311500;Kievitsbloem;Dalfsen;0,5;2,4;0,0;0,1;0,0;0,0
17;NL:Q:46311550;Kievitsbloem;Dalfsen;3,0;0,4;0,1;0,0;0,0;0,0
17;NL:Q:46330010;Noorderpark;Nieuwleusen;0,6;0,6;0,2;0,1;0,0;0,0
17;NL:Q:46390010;De Schakel;Gramsbergen;0,0;0,0;0,0;0,0;0,0;0,0
17;NL:Q:46390020;De Schakel;Gramsbergen;0,0;0,0;0,0;0,0;0,0;0,0
17;NL:Q:46390030;Loozermars/De Lhee;Gramsbergen;0,0;0,0;0,0;0,0;0,0;0,0
17;NL:Q:46390040;Loozermars/De Lhee;Gramsbergen;0,0;0,1;0,0;0,0;0,0;0,0
17;NL:Q:46400054;Station;Raalte;57,0;0,4;18,2;0,4;12,5;0,5
17;NL:Q:46400055;Station;Raalte;0,4;59,9;0,2;14,8;0,0;9,6
17;NL:Q:46400100;Station;Raalte;13,7;2,4;0,2;0,4;0,0;0,0
17;NL:Q:46400152;Kruisstraat;Raalte;9,9;1,0;3,6;0,2;1,6;0,1
17;NL:Q:46400200;Kruisstraat;Raalte;0,2;8,2;0,0;3,8;0,0;1,8
17;NL:Q:46400250;Westdorplaan;Raalte;18,4;2,2;5,9;0,4;3,6;0,3
17;NL:Q:46400300;Westdorplaan;Raalte;1,3;17,4;0,1;7,0;0,1;3,1
17;NL:Q:46400550;Postkantoor;Raalte;9,6;0,9;3,3;0,2;1,4;0,3
17;NL:Q:46400700;Postkantoor;Raalte;0,3;11,1;0,0;3,7;0,0;1,2
17;NL:Q:46401150;Pauluskerk;Raalte;21,0;5,8;9,1;1,6;5,5;1,1
17;NL:Q:46401250;De Haar;Raalte;2,1;0,6;0,0;0,0;0,0;0,0
17;NL:Q:46401350;Langkampweg;Raalte;2,7;0,4;0,0;0,0;0,0;0,0
17;NL:Q:46401400;De Hoven;Raalte;2,1;11,9;0,9;6,7;0,3;3,8
17;NL:Q:46401470;Carpoolplaats;Raalte;5,4;0,3;0,0;0,0;0,0;0,0
17;NL:Q:46401500;Pauluskerk;Raalte;5,0;20,2;0,9;9,0;0,6;5,6
17;NL:Q:46401550;Peelsbos;Raalte;0,0;0,0;0,0;0,0;0,0;0,0
17;NL:Q:46401600;De Haar;Raalte;0,9;1,5;0,1;0,0;0,0;0,0
17;NL:Q:46401700;Langkampweg;Raalte;0,4;2,3;0,0;0,0;0,0;0,0
17;NL:Q:46401820;Carpoolplaats;Raalte;0,2;5,3;0,0;0,0;0,0;0,0
17;NL:Q:46401900;Peelsbos;Raalte;0,0;0,1;0,0;0,0;0,0;0,0
17;NL:Q:46402050;Dumbarstraat;Raalte;4,6;0,7;0,1;0,0;0,0;0,0
17;NL:Q:46402060;Dumbarstraat;Raalte;0,5;4,5;0,1;0,0;0,0;0,0
17;NL:Q:46410050;Kloosterman;Oudleusen;0,0;0,0;0,0;0,0;0,0;0,0
17;NL:Q:46410100;Gernerslag;Ankum;0,0;0,1;0,0;0,0;0,0;0,0
17;NL:Q:46410150;De Stokte;Oudleusen;0,0;0,0;0,0;0,0;0,0;0,0
17;NL:Q:46410200;Kloosterman;Oudleusen;0,0;0,0;0,0;0,0;0,0;0,0
17;NL:Q:46410250;Wolfkamp;Oudleusen;0,7;0,0;0,0;0,0;0,0;0,0
17;NL:Q:46410300;De Stokte;Oudleusen;0,0;0,1;0,0;0,0;0,0;0,0
17;NL:Q:46410350;Mooirivier;Oudleusen;0,0;0,0;0,0;0,0;0,0;0,0
17;NL:Q:46410400;Wolfkamp;Oudleusen;0,0;0,2;0,0;0,0;0,0;0,0
17;NL:Q:46419003;De Stokte;Oudleusen;0,2;0,0;0,0;0,0;0,0;0,0
17;NL:Q:46419004;De Stokte;Oudleusen;0,0;0,3;0,0;0,1;0,0;0,0
17;NL:Q:46419005;Dennenkamp;Dalfsen;0,4;0,2;0,1;0,1;0,0;0,0
17;NL:Q:46419006;Dennenkamp;Oudleusen;0,2;0,5;0,0;0,1;0,0;0,0
17;NL:Q:46430150;Doktersbrug;Lemelerveld;1,5;0,0;0,0;0,0;0,0;0,0
17;NL:Q:46430250;Dwarsweg;Lemelerveld;0,7;0,0;0,0;0,0;0,0;0,0
17;NL:Q:46430300;Doktersbrug;Lemelerveld;0,0;1,3;0,0;0,0;0,0;0,0
17;NL:Q:46430350;Klipperstraat;Lemelerveld;13,5;0,1;0,0;0,0;0,0;0,0
17;NL:Q:46430400;Dwarsweg;Lemelerveld;0,0;0,9;0,0;0,0;0,0;0,0
17;NL:Q:46430450;Posthoornweg;Lemelerveld;0,5;0,0;0,0;0,0;0,0;0,0
17;NL:Q:46430500;Klipperstraat;Lemelerveld;0,1;13,0;0,0;0,0;0,0;0,0
17;NL:Q:46430550;Parallelstraat;Lemelerveld;1,9;0,7;0,0;0,0;0,0;0,0
17;NL:Q:46430600;Posthoornweg;Lemelerveld;0,1;0,7;0,0;0,0;0,0;0,0
17;NL:Q:46510050;Jutten;Varsen;0,4;0,0;0,0;0,0;0,0;0,0
17;NL:Q:46510100;Mooirivier;Oudleusen;0,0;0,0;0,0;0,0;0,0;0,0
17;NL:Q:46510150;Hessenweg West;Varsen;0,1;0,0;0,0;0,0;0,0;0,0
17;NL:Q:46510200;Jutten;Varsen;0,0;0,3;0,0;0,0;0,0;0,0
17;NL:Q:46510260;Varsenerdijk;Varsen;0,0;0,0;0,0;0,0;0,0;0,0
17;NL:Q:46510300;Hessenweg West;Varsen;0,0;0,1;0,0;0,0;0,0;0,0
17;NL:Q:46540050;Pleegsterhalte;Pleegste;0,4;0,2;0,2;0,1;0,0;0,0
17;NL:Q:46540100;De Heuvel;Pleegste;0,3;1,0;0,1;0,6;0,0;0,4
17;NL:Q:46540150;Van Rossum;Pleegste;0,6;0,4;0,2;0,1;0,1;0,1
17;NL:Q:46540200;Hoogspanningsgebouw;Pleegste;0,2;0,8;0,0;0,8;0,0;0,6
17;NL:Q:46540250;Hoogspanningsgebouw;Pleegste;0,9;0,3;1,0;0,1;0,6;0,0
17;NL:Q:46540300;Van Rossum;Pleegste;0,6;0,8;0,2;0,4;0,0;0,2
17;NL:Q:46540350;De Heuvel;Pleegste;0,9;0,4;0,5;0,1;0,3;0,0
17;NL:Q:46540400;Pleegsterhalte;Pleegste;0,4;0,5;0,1;0,2;0,0;0,2
17;NL:Q:46540450;De Hoven;Raalte;11,4;2,3;5,7;2,4;5,0;0,5
17;NL:Q:46540500;Broeklanderweg;Wesepe;0,2;2,7;0,2;1,3;0,1;0,6
17;NL:Q:46600100;Giethemer Kerkpad;Ommen;0,0;0,0;0,0;0,0;0,0;0,0
17;NL:Q:46600150;Giethemer Kerkpad;Ommen;0,0;0,0;0,0;0,0;0,0;0,0
17;NL:Q:46610110;Varsenerdijk;Varsen;0,0;0,0;0,0;0,0;0,0;0,0
17;NL:Q:46610650;Station;Ommen;1,3;2,1;0,0;0,0;0,0;0,0
17;NL:Q:46611210;Markt;Ommen;0,1;0,1;0,0;0,0;0,0;0,0
17;NL:Q:46611250;Chevalleraustraat;Ommen;0,1;0,8;0,0;0,0;0,0;0,0
17;NL:Q:46611350;Strangeweg;Ommen;0,2;0,7;0,0;0,0;0,0;0,0
17;NL:Q:46611400;Chevalleraustraat;Ommen;1,9;0,3;0,0;0,0;0,0;0,0
17;NL:Q:46611500;Strangeweg;Ommen;1,0;0,1;0,0;0,0;0,0;0,0
17;NL:Q:46613020;Danteweg;Ommen;0,9;0,0;0,0;0,0;0,0;0,0
17;NL:Q:46613030;Danteweg;Ommen;0,1;0,6;0,0;0,0;0,0;0,0
17;NL:Q:46613040;Sogenbosstraat;Ommen;1,1;0,6;0,0;0,0;0,0;0,0
17;NL:Q:46613050;Centrum;Ommen;0,1;0,3;0,0;0,0;0,0;0,0
17;NL:Q:46613060;Centrum;Ommen;0,6;0,2;0,0;0,0;0,0;0,0
17;NL:Q:46640050;Boxbergerweg;Wesepe;2,9;1,3;1,7;0,2;0,3;0,4
17;NL:Q:46640100;Velsdijk;Wesepe;4,3;4,9;0,9;2,6;0,8;1,9
17;NL:Q:46640250;Velsdijk;Wesepe;4,5;4,1;2,1;1,2;2,0;1,0
17;NL:Q:46640300;Boxbergerweg;Wesepe;1,0;2,1;0,1;1,2;0,1;0,6
17;NL:Q:46640350;Broeklanderweg;Wesepe;2,5;0,3;1,5;0,3;0,8;0,2
17;NL:Q:46640400;Abdij Sion;Schalkhaar;0,4;2,0;0,2;1,3;0,2;0,9
17;NL:Q:46740010;De Wesenberg;Tongeren;0,1;0,1;0,0;0,0;0,0;0,0
17;NL:Q:46740020;De Wesenberg;Tongeren;0,0;0,6;0,0;0,0;0,0;0,0
17;NL:Q:46740100;Begraafplaats;Schalkhaar;0,6;0,7;0,2;0,4;0,2;0,2
17;NL:Q:46740150;Frieswijk;Schalkhaar;0,1;0,1;0,1;0,1;0,0;0,0
17;NL:Q:46740160;Crematorium;Schalkhaar;0,3;0,8;0,1;0,2;0,0;0,2
17;NL:Q:46740250;Frieswijkerweg;Schalkhaar;0,3;0,2;0,1;1,4;0,1;0,0
17;NL:Q:46740260;Crematorium;Schalkhaar;0,7;0,4;0,2;0,2;0,2;0,1
17;NL:Q:46740300;Frieswijk;Schalkhaar;0,0;0,1;0,0;0,0;0,0;0,1
17;NL:Q:46740350;Abdij Sion;Schalkhaar;1,7;1,3;1,5;0,5;0,8;0,4
17;NL:Q:46740400;Frieswijkerweg;Schalkhaar;0,1;0,4;0,0;0,1;0,0;0,1
17;NL:Q:46776310;Broekland;Broekland;0,8;0,8;0,1;0,0;0,0;0,0
17;NL:Q:46776320;Broekland;Broekland;1,3;0,8;0,1;0,1;0,0;0,0
17;NL:Q:46800010;Ittersumallee;Zwolle;7,5;1,8;0,0;0,0;0,0;0,0
17;NL:Q:46890030;Evenemententerrein;Lemelerveld;7,7;5,9;0,0;0,0;0,0;0,0
17;NL:Q:46890040;Handelsweg;Lemelerveld;0,0;0,1;0,0;0,0;0,0;0,0
17;NL:Q:47132520;Blaloweg/Hasselterweg;Zwolle;0,6;6,0;0,2;2,0;0,2;1,3
17;NL:Q:47132620;Veronicaweg;Zwolle;8,8;12,4;5,1;8,1;2,4;3,2
17;NL:Q:47132750;Petuniaplein;Zwolle;16,8;17,0;12,0;13,0;7,6;7,8
17;NL:Q:47132800;Tesjeslaan;Zwolle;8,8;8,2;6,8;6,2;4,0;3,5
17;NL:Q:47132850;Melissepad;Zwolle;2,6;2,6;2,8;2,2;0,7;1,9
17;NL:Q:47132900;Loggerweg;Zwolle;4,7;5,3;0,7;0,8;0,4;0,4
17;NL:Q:47132950;Vogelmelkweg;Zwolle;8,2;6,7;6,1;5,1;3,8;3,6
17;NL:Q:47133000;Westenholterallee;Zwolle;20,7;10,7;2,3;1,3;0,3;0,2
17;NL:Q:47140010;Staatssecretarislaan;Zwolle;4,6;5,3;1,8;2,9;1,4;1,7
17;NL:Q:47140020;Staatssecretarislaan;Zwolle;7,4;6,1;3,2;2,9;1,6;2,0
17;NL:Q:47140030;Kamerledenlaan;Zwolle;3,7;3,7;3,0;2,7;2,6;2,2
17;NL:Q:47140040;Kamerledenlaan;Zwolle;5,1;5,1;3,8;3,9;2,2;1,9
17;NL:Q:47140050;Herxen;Wijhe;0,2;0,6;0,0;0,0;0,0;0,0
17;NL:Q:47140060;Rommestraat;Zwolle;6,0;15,0;6,9;10,9;2,5;5,3
17;NL:Q:47140070;Rommestraat;Zwolle;11,5;4,4;7,7;3,3;5,2;2,7
17;NL:Q:47140100;Zuidberg;Wijhe;0,0;0,0;0,0;0,0;0,0;0,0
17;NL:Q:47140110;Kerk;Laag Zuthem;0,3;0,2;0,0;0,0;0,0;0,0
17;NL:Q:47140150;Herxerenk;Wijhe;0,0;0,0;0,0;0,0;0,0;0,0
17;NL:Q:47140200;Herxen;Wijhe;0,6;0,2;0,0;0,0;0,0;0,0
17;NL:Q:47140250;Brug;Windesheim;0,4;1,9;0,0;0,0;0,0;0,0
17;NL:Q:47140300;Herxerenk;Wijhe;0,0;0,0;0,0;0,0;0,0;0,0
17;NL:Q:47140350;Zuthemerweg;Windesheim;0,0;0,6;0,0;0,0;0,0;0,0
17;NL:Q:47140400;Brug;Windesheim;1,7;0,3;0,0;0,0;0,0;0,0
17;NL:Q:47140450;Rommestraat;Zwolle;0,8;0,9;0,0;0,0;0,0;0,0
17;NL:Q:47140500;Zuthemerweg;Windesheim;0,2;0,2;0,0;0,0;0,0;0,0
17;NL:Q:47140550;IJsselcentraleweg;Zwolle;10,0;3,0;2,5;0,4;1,6;0,3
17;NL:Q:47140600;Rommestraat;Zwolle;1,4;0,6;0,0;0,0;0,0;0,0
17;NL:Q:47151001;Centrum;Hattemerbroek;0,2;0,1;0,1;0,0;0,1;0,0
17;NL:Q:47151002;Centrum;Hattemerbroek;0,1;0,3;0,0;0,0;0,0;0,2
17;NL:Q:47155009;IJsselbrug;Hattem;0,1;0,0;0,0;0,0;0,0;0,0
17;NL:Q:47155012;IJsselbrug;Hattem;0,0;0,0;0,0;0,0;0,0;0,0
17;NL:Q:47210003;Cafe Rest. Coelenhage;Wezep;0,2;0,3;0,0;0,0;0,1;0,1
17;NL:Q:47210004;Cafe Rest. Coelenhage;Wezep;0,3;0,2;0,0;0,0;0,1;0,0
17;NL:Q:47210005;Veluwelaan;Wezep;0,7;0,2;0,1;0,0;0,3;0,1
17;NL:Q:47210006;Veluwelaan;Wezep;0,2;0,6;0,0;0,1;0,1;0,5
17;NL:Q:47210007;W. de Zwijgerkazerne;Hattemerbroek;0,4;0,1;0,0;0,0;0,2;0,0
17;NL:Q:47210008;W. de Zwijgerkazerne;hattemerbroek;0,1;0,3;0,0;0,0;0,0;0,3
17;NL:Q:47240050;Overweg NS;Wijhe;0,0;0,0;0,0;0,0;0,0;0,0
17;NL:Q:47240100;Oprit Dijk;Wijhe;0,0;0,2;0,0;0,0;0,0;0,0
17;NL:Q:47240150;Zuidberg;Wijhe;0,0;0,0;0,0;0,0;0,0;0,0
17;NL:Q:47240200;Overweg NS;Wijhe;0,0;0,0;0,0;0,0;0,0;0,0
17;NL:Q:47319001;Rustenburgsweg;Oldebroek;0,2;0,1;0,1;0,1;0,0;0,0
17;NL:Q:47319002;Rustenburgsweg;Oldebroek;0,1;0,2;0,0;0,0;0,0;0,1
17;NL:Q:47319003;Centrum;Oldebroek;0,8;0,3;0,1;0,1;0,5;0,1
17;NL:Q:47319004;Centrum;Oldebroek;0,3;0,8;0,0;0,1;0,1;0,3
17;NL:Q:47319005;Cafe 't Wissel;Oldebroek;0,2;0,1;0,0;0,0;0,0;0,0
17;NL:Q:47319006;Cafe 't Wissel;Oldebroek;0,1;0,2;0,0;0,0;0,0;0,1
17;NL:Q:47319007;Verlengde Looweg;Oldebroek;0,1;0,0;0,0;0,0;0,1;0,0
17;NL:Q:47319008;Verlengde Looweg;Oldebroek;0,0;0,1;0,0;0,0;0,0;0,1
17;NL:Q:47319009;Hogenbrinkweg;Oldebroek;0,1;0,0;0,0;0,0;0,0;0,0
17;NL:Q:47319010;Hogenbrinkweg;Oldebroek;0,0;0,1;0,0;0,0;0,0;0,0
17;NL:Q:47319011;De Molen;Oldebroek;0,1;0,0;0,0;0,0;0,0;0,0
17;NL:Q:47319012;De Molen;Oldebroek;0,0;0,1;0,0;0,0;0,0;0,0
17;NL:Q:47340100;Bezoekerscentrum;Den Nul;0,1;0,4;0,0;0,0;0,0;0,0
17;NL:Q:47340520;Langstraat;Wijhe;0,3;0,1;0,2;0,0;0,0;0,0
17;NL:Q:47340550;Oprit Dijk;Wijhe;0,0;0,0;0,0;0,0;0,0;0,0
17;NL:Q:47340650;Raalterweg;Wijhe;1,9;3,0;0,0;0,1;0,0;0,0
17;NL:Q:47340700;Raalterweg;Wijhe;2,7;1,0;0,0;0,0;0,0;0,0
17;NL:Q:47340710;De Enk;Wijhe;0,1;0,9;0,0;0,0;0,0;0,0
17;NL:Q:47340720;De Enk;Wijhe;0,7;0,3;0,0;0,0;0,0;0,0
17;NL:Q:47340730;Zandhuisweg;Wijhe;0,5;1,4;0,0;0,0;0,0;0,0
17;NL:Q:47340740;Zandhuisweg;Wijhe;1,4;0,3;0,0;0,0;0,0;0,0
17;NL:Q:47340750;Boerhaar;Wijhe;0,7;0,4;0,0;0,0;0,0;0,0
17;NL:Q:47340760;Boerhaar;Wijhe;0,4;0,7;0,0;0,0;0,0;0,0
17;NL:Q:47340770;Peperkamp;Wijhe;1,3;1,1;0,0;0,0;0,0;0,0
17;NL:Q:47340780;Peperkamp;Wijhe;1,5;0,9;0,1;0,0;0,0;0,0
17;NL:Q:47340901;de Lange Slagen;Wijhe;0,2;3,7;0,0;0,0;0,0;0,0
17;NL:Q:47340902;de Lange Slagen;Wijhe;3,5;0,3;0,0;0,0;0,0;0,0
17;NL:Q:47417003;Begraafplaats;Doornspijk;0,0;0,0;0,0;0,0;0,0;0,0
17;NL:Q:47418001;Molendorp;Elburg;0,1;0,1;0,1;0,0;0,0;0,1
17;NL:Q:47418002;Molendorp;Elburg;0,1;0,2;0,0;0,1;0,1;0,1
17;NL:Q:47418003;Het Nieuwe Feithenhof;Elburg;0,1;0,0;0,0;0,0;0,1;0,0
17;NL:Q:47418004;Het Nieuwe Feithenhof;Elburg;0,1;0,1;0,0;0,0;0,1;0,1
17;NL:Q:47418005;Centrum;Elburg;0,5;0,3;0,1;0,0;0,2;0,0
17;NL:Q:47418006;Centrum;Elburg;0,4;0,5;0,2;0,1;0,1;0,2
17;NL:Q:47418007;Hellenbeekstraat;Elburg;0,4;0,5;0,1;0,1;0,3;0,2
17;NL:Q:47418008;Hellenbeekstraat;Elburg;0,6;0,3;0,1;0,1;0,2;0,2
17;NL:Q:47418009;Coragestraat;Elburg;0,4;0,3;0,1;0,1;0,3;0,1
17;NL:Q:47418010;Coragestraat;Elburg;0,3;0,5;0,0;0,1;0,1;0,3
17;NL:Q:47418011;Klaverplein;Elburg;0,3;0,1;0,0;0,0;0,1;0,1
17;NL:Q:47418012;Klaverplein;Elburg;0,1;0,3;0,0;0,0;0,0;0,1
17;NL:Q:47418013;Zilverschoon;Elburg;0,4;0,2;0,1;0,1;0,1;0,1
17;NL:Q:47418014;Zilverschoon;Elburg;0,3;0,4;0,0;0,2;0,1;0,2
17;NL:Q:47418021;Eperweg;Elburg;0,1;0,0;0,0;0,0;0,0;0,0
17;NL:Q:47418022;Eperweg;Elburg;0,0;0,1;0,0;0,0;0,0;0,0
17;NL:Q:47440050;Puinweg 1;Boskamp;0,0;0,0;0,0;0,0;0,0;0,0
17;NL:Q:47440100;Hengforderweg;Boskamp;0,2;0,2;0,0;0,0;0,0;0,0
17;NL:Q:47440150;Puinweg 2;Boskamp;0,3;0,2;0,0;0,0;0,0;0,0
17;NL:Q:47440200;Puinweg 1;Boskamp;0,0;0,0;0,0;0,0;0,0;0,0
17;NL:Q:47440250;Hoenlo;Boskamp;0,1;0,1;0,0;0,0;0,0;0,0
17;NL:Q:47440300;Puinweg 2;Boskamp;0,0;0,0;0,0;0,0;0,0;0,0
17;NL:Q:47440400;Hoenlo;Boskamp;0,1;0,1;0,0;0,0;0,0;0,0
17;NL:Q:47440550;Jan Hooglandstraat;Olst;1,4;0,4;0,0;0,0;0,0;0,0
17;NL:Q:47440700;Jan Hooglandstraat;Olst;0,2;1,6;0,0;0,0;0,0;0,0
17;NL:Q:47440800;Station;Olst;0,2;0,9;0,0;0,0;0,0;0,0
17;NL:Q:47440810;Station;Olst;0,8;0,4;0,0;0,0;0,0;0,0
17;NL:Q:47440910;Wethouder A.G. Dekkerlaan;Olst;1,5;1,3;0,0;0,0;0,0;0,0
17;NL:Q:47440920;Wethouder A.G. Dekkerlaan;Olst;1,3;1,8;0,0;0,0;0,0;0,0
17;NL:Q:47440930;Veerweg;Olst;1,3;0,4;0,0;0,0;0,0;0,0
17;NL:Q:47440940;Veerweg;Olst;0,2;1,8;0,0;0,0;0,0;0,0
17;NL:Q:47440950;Holstweg;Den Nul;0,3;1,2;0,0;0,0;0,0;0,0
17;NL:Q:47441001;Scherpenzeelseweg;Den Nul;0,0;0,0;0,0;0,0;0,0;0,0
17;NL:Q:47441002;Scherpenzeelseweg;Den Nul;0,0;0,1;0,0;0,0;0,0;0,0
17;NL:Q:47441020;Centrum;Olst;2,1;3,5;0,0;0,0;0,0;0,0
17;NL:Q:47441040;Centrum;Olst;3,4;1,9;0,0;0,0;0,0;0,0
17;NL:Q:47441050;Bezoekerscentrum;Den Nul;0,5;0,3;0,0;0,0;0,0;0,0
17;NL:Q:47441100;Holstweg;Den Nul;1,5;0,5;0,0;0,0;0,0;0,0
17;NL:Q:47441200;Overkempe;Boskamp;1,0;1,1;0,0;0,0;0,0;0,0
17;NL:Q:47441250;Overkempe;Boskamp;1,2;1,4;0,0;0,0;0,0;0,0
17;NL:Q:47516015;Elburgerweg;Nunspeet;0,2;0,1;0,0;0,0;0,0;0,1
17;NL:Q:47517001;Centrum;Doornspijk;0,2;0,3;0,0;0,0;0,1;0,1
17;NL:Q:47517002;Centrum;Doornspijk;0,2;0,2;0,1;0,0;0,0;0,0
17;NL:Q:47517004;Begraafplaats;Doornspijk;0,0;0,0;0,0;0,0;0,0;0,0
17;NL:Q:47540050;Wetermansweg;Diepenveen;2,9;2,2;0,0;0,0;0,0;0,0
17;NL:Q:47540100;Havezatelaan;Deventer;0,1;0,1;0,0;0,0;0,0;0,0
17;NL:Q:47540200;Wetermansweg;Diepenveen;2,3;2,7;0,0;0,0;0,0;0,0
17;NL:Q:47540210;Centrum;Diepenveen;1,4;1,4;0,0;0,0;0,0;0,0
17;NL:Q:47540220;Centrum;Diepenveen;1,3;1,7;0,0;0,0;0,0;0,0
17;NL:Q:47540250;Sallandsweg;Diepenveen;0,5;0,3;0,0;0,0;0,0;0,0
17;NL:Q:47540350;Baerselmansweg;Diepenveen;0,3;0,2;0,0;0,0;0,0;0,0
17;NL:Q:47540400;Sallandsweg;Diepenveen;0,3;0,4;0,0;0,0;0,0;0,0
17;NL:Q:47540450;Molenveldsweg;Diepenveen;0,1;0,1;0,0;0,0;0,0;0,0
17;NL:Q:47540500;Baerselmansweg;Diepenveen;0,3;0,6;0,0;0,0;0,0;0,0
17;NL:Q:47540550;Randerstraat;Boskamp;0,6;0,3;0,0;0,0;0,0;0,0
17;NL:Q:47540600;Molenveldsweg;Diepenveen;0,0;0,1;0,0;0,0;0,0;0,0
17;NL:Q:47540650;Langedijk;Boskamp;0,2;0,1;0,0;0,0;0,0;0,0
17;NL:Q:47540700;Randerstraat;Boskamp;0,1;0,3;0,0;0,0;0,0;0,0
17;NL:Q:47540750;Hengforderweg;Boskamp;0,2;0,3;0,0;0,0;0,0;0,0
17;NL:Q:47540800;Langedijk;Boskamp;0,0;0,3;0,0;0,0;0,0;0,0
17;NL:Q:47616008;Station;Nunspeet;1,7;1,7;0,3;0,4;0,8;0,8
17;NL:Q:47616009;Centrum;Nunspeet;0,6;0,0;0,1;0,0;0,1;0,0
17;NL:Q:47616010;Centrum;Nunspeet;0,0;0,5;0,0;0,3;0,0;0,1
17;NL:Q:47616013;Oenenburgweg;Nunspeet;0,2;0,2;0,0;0,0;0,1;0,0
17;NL:Q:47616014;Oenenburgweg;Nunspeet;0,2;0,2;0,0;0,0;0,0;0,0
17;NL:Q:47616034;Elburgerweg;Nunspeet;0,1;0,2;0,0;0,0;0,1;0,0
17;NL:Q:47616043;Oosterlaan;Nunspeet;0,2;0,1;0,1;0,0;0,0;0,0
17;NL:Q:47616044;Oosterlaan;Nunspeet;0,1;0,1;0,0;0,0;0,0;0,0
17;NL:Q:47616045;De Sparrenhorst;Nunspeet;0,0;0,0;0,0;0,0;0,0;0,0
17;NL:Q:47616046;De Sparrenhorst;Nunspeet;0,0;0,0;0,0;0,0;0,0;0,0
17;NL:Q:47640030;Saxion Hogeschool;Deventer;7,9;28,0;0,2;13,3;0,1;6,5
17;NL:Q:47640050;Munsterstraat;Deventer;3,1;0,2;0,0;0,0;0,0;0,0
17;NL:Q:47640060;Munsterstraat;Deventer;0,1;3,2;0,0;0,0;0,0;0,0
17;NL:Q:47640070;Keulenstraat 1;Deventer;4,5;0,2;0,0;0,0;0,0;0,0
17;NL:Q:47640080;Keulenstraat 1;Deventer;0,1;6,3;0,0;0,0;0,0;0,0
17;NL:Q:47640090;Keulenstraat 2;Deventer;7,2;0,7;0,0;0,0;0,0;0,0
17;NL:Q:47640100;Keulenstraat 2;Deventer;0,1;9,2;0,0;0,0;0,0;0,0
17;NL:Q:47640110;Rigastraat;Deventer;4,8;0,0;0,0;0,0;0,0;0,0
17;NL:Q:47640120;Rigastraat;Deventer;0,0;1,6;0,0;0,0;0,0;0,0
17;NL:Q:47640130;Industrieweg;Deventer;0,0;0,6;0,0;0,0;0,0;0,0
17;NL:Q:47640140;Industrieweg;Deventer;0,6;0,0;0,0;0,0;0,0;0,0
17;NL:Q:47640150;Herfordstraat;Deventer;0,3;0,0;0,0;0,0;0,0;0,0
17;NL:Q:47640160;Herfordstraat;Deventer;0,0;0,5;0,0;0,0;0,0;0,0
17;NL:Q:47640190;Dortmundstraat;Deventer;0,5;0,4;0,0;0,0;0,0;0,0
17;NL:Q:47640200;Dortmundstraat;Deventer;0,4;1,1;0,0;0,0;0,0;0,0
17;NL:Q:47640230;Willem Witsenstraat;Deventer;34,6;3,2;16,1;1,5;10,8;1,2
17;NL:Q:47640240;Willem Witsenstraat;Deventer;3,8;33,0;1,5;14,8;0,9;10,7
17;NL:Q:47640290;Cröddenbrug;Deventer;0,3;0,2;0,1;0,1;0,0;0,0
17;NL:Q:47640370;De Bekkumer;Deventer;3,0;12,1;0,8;5,4;0,8;3,2
17;NL:Q:47640380;De Bekkumer;Deventer;11,1;3,2;4,6;0,8;2,0;1,0
17;NL:Q:47640390;Saxion Hogeschool;Deventer;23,2;20,2;9,3;1,2;4,7;0,6
17;NL:Q:47640410;Snippeling;Deventer;0,2;1,8;0,0;0,8;0,1;0,8
17;NL:Q:47640530;;;0,0;0,1;0,0;0,0;0,0;0,2
17;NL:Q:47640540;Verpleeghuis P.W. Janssen;Deventer;2,6;2,4;1,0;1,7;1,0;1,7
17;NL:Q:47640550;Rostockstraat;Deventer;2,4;0,2;0,0;0,0;0,0;0,0
17;NL:Q:47640560;Rostockstraat;Deventer;0,3;2,7;0,0;0,0;0,0;0,0
17;NL:Q:47640570;Koningsbergenstraat;Deventer;3,1;0,2;0,0;0,0;0,0;0,0
17;NL:Q:47640580;Koningsbergenstraat;Deventer;0,1;3,4;0,0;0,0;0,0;0,0
17;NL:Q:47640590;Arnsbergstraat;Deventer;0,1;0,1;0,0;0,0;0,0;0,0
17;NL:Q:47640600;Arnsbergstraat;Deventer;0,0;3,9;0,0;0,0;0,0;0,0
17;NL:Q:47640680;Runshoppingcentre;Deventer;7,8;0,9;2,9;0,5;1,6;0,4
17;NL:Q:47640690;Runshoppingcentre;Deventer;1,5;8,2;1,0;4,0;0,4;2,1
17;NL:Q:47640700;;;0,0;0,0;0,0;0,0;0,0;0,0
17;NL:Q:47640710;David Wijnveldtweg;Deventer;5,8;0,6;2,5;0,1;1,4;0,2
17;NL:Q:47640720;David Wijnveldtweg;Deventer;1,4;5,6;0,4;3,2;0,2;1,6
17;NL:Q:47640730;Albertus van Leusenweg;Deventer;29,3;3,1;13,3;1,5;8,2;0,6
17;NL:Q:47640740;Albertus van Leusenweg;Deventer;3,4;28,9;1,5;15,2;1,0;9,1
17;NL:Q:47640750;Alphons Diepenbrocklaan;Deventer;6,7;63,6;3,1;29,0;2,1;16,1
17;NL:Q:47640760;Alphons Diepenbrocklaan;Deventer;60,2;6,7;25,9;3,1;14,4;1,8
17;NL:Q:47640800;;;0,0;0,0;0,0;0,0;0,0;0,0
17;NL:Q:47640830;De Knoop;Deventer;23,9;1,9;13,3;0,7;6,2;0,3
17;NL:Q:47640835;De Knoop;Deventer;1,8;28,5;0,7;16,5;0,4;6,6
17;NL:Q:47640840;;;0,0;0,0;0,0;0,0;0,0;0,0
17;NL:Q:47640890;Havezatelaan;Deventer;0,1;0,1;0,0;0,0;0,0;0,0
17;NL:Q:47640900;St. Jozef verpleeghuis;Deventer;5,6;5,3;1,7;1,3;1,9;0,9
17;NL:Q:47640910;St. Jozef verpleeghuis;Deventer;7,3;6,3;2,1;1,4;1,2;1,0
17;NL:Q:47640920;Wezenland;Deventer;4,7;6,2;1,6;1,4;2,5;1,2
17;NL:Q:47640930;Wezenland;Deventer;4,9;5,2;1,1;1,6;0,8;1,3
17;NL:Q:47640940;Begraafplaats;Schalkhaar;0,6;0,4;0,1;0,5;0,2;0,1
17;NL:Q:47641000;Station;Deventer;174,8;408,0;100,8;134,6;56,8;82,6
17;NL:Q:47641016;Station;Deventer;141,2;354,1;41,4;185,7;19,5;100,1
17;NL:Q:47641026;Station;Deventer;197,4;3,6;94,3;0,9;52,1;0,9
17;NL:Q:47641039;Station;Deventer;7,0;5,2;1,6;1,4;0,6;0,0
17;NL:Q:47641040;Station;Deventer;363,3;5,8;160,8;6,3;99,1;1,8
17;NL:Q:47641130;Deltaplein;Deventer;2,3;17,3;2,6;10,7;0,9;7,0
17;NL:Q:47641140;Deltaplein;Deventer;18,7;2,2;10,5;1,7;6,3;0,8
17;NL:Q:47641150;Douwelerwetering;Deventer;0,7;6,3;0,2;3,1;0,1;2,0
17;NL:Q:47641160;Douwelerwetering;Deventer;7,2;0,5;3,8;0,2;2,3;0,1
17;NL:Q:47641170;Biesboschlaan;Deventer;1,8;5,9;0,4;3,4;0,2;2,1
17;NL:Q:47641180;Biesboschlaan;Deventer;9,0;2,5;3,7;0,5;2,2;0,1
17;NL:Q:47641190;Amstellaan;Deventer;4,9;20,6;0,8;4,9;0,4;2,0
17;NL:Q:47641200;Snippeling;Deventer;20,5;2,7;6,0;1,0;2,6;0,3
17;NL:Q:47641240;Kleine Vos;Deventer;1,6;0,9;1,0;0,8;0,6;0,4
17;NL:Q:47641250;;;0,0;0,1;0,0;0,0;0,0;0,1
17;NL:Q:47641280;Zwaluwenburg;Deventer;11,2;7,8;5,0;4,2;3,4;2,4
17;NL:Q:47641290;;;0,1;0,3;0,0;0,0;0,0;0,2
17;NL:Q:47641300;Toutenburg;Deventer;4,8;4,6;2,9;3,1;2,2;2,3
17;NL:Q:47641310;;;0,0;0,1;0,0;0,0;0,0;0,1
17;NL:Q:47641320;Slangenburg;Deventer;1,0;1,0;0,5;0,8;0,3;0,7
17;NL:Q:47641330;;;0,0;0,0;0,0;0,0;0,0;0,1
17;NL:Q:47641370;Fonteinkruid;Deventer;12,7;1,8;8,2;0,6;3,0;0,3
17;NL:Q:47641380;Fonteinkruid;Deventer;1,2;6,2;1,2;4,7;0,8;3,3
17;NL:Q:47641410;Dovenetel;Deventer;0,6;4,4;0,5;3,2;0,2;2,2
17;NL:Q:47641420;Dovenetel;Deventer;4,7;0,2;3,4;0,2;1,6;0,0
17;NL:Q:47641430;Wkc Colmschate;Deventer;12,8;9,4;7,0;5,0;4,0;3,0
17;NL:Q:47641440;Wkc Colmschate;Deventer;3,0;4,0;3,0;3,0;0,9;2,2
17;NL:Q:47641450;Roessinksweg;Deventer;1,9;0,6;0,7;0,1;0,3;0,0
17;NL:Q:47641470;Oxersteeg;Deventer;3,5;1,9;2,4;1,3;1,0;0,4
17;NL:Q:47641490;Magnolia;Deventer;5,4;1,9;2,8;1,2;1,0;0,3
17;NL:Q:47641530;Hondsroos;Deventer;1,5;1,9;1,0;1,6;0,4;0,7
17;NL:Q:47641550;Siemelinksweg;Deventer;0,2;2,3;0,1;1,1;0,0;1,0
17;NL:Q:47641560;Siemelinksweg;Deventer;2,1;0,1;0,9;0,1;0,2;0,0
17;NL:Q:47641610;Bonenkamp;Deventer;2,3;3,4;1,3;2,4;0,6;1,0
17;NL:Q:47641620;;;0,0;0,0;0,0;0,0;0,0;0,0
17;NL:Q:47641630;Hannie Schaftpad;Deventer;3,0;2,7;2,4;2,1;1,0;1,2
17;NL:Q:47641640;;;0,0;0,1;0,0;0,0;0,0;0,1
17;NL:Q:47641670;J. Naberstraat;Deventer;9,8;8,0;3,8;3,3;1,8;1,5
17;NL:Q:47641680;;;0,0;0,2;0,0;0,1;0,0;0,3
17;NL:Q:47641730;Solingenstraat;Deventer;2,0;1,8;0,6;0,8;0,1;0,1
17;NL:Q:47641740;;;0,0;0,1;0,0;0,0;0,0;0,0
17;NL:Q:47641750;Sallcon;Deventer;1,0;0,3;0,0;0,0;0,0;0,0
17;NL:Q:47641760;Sallcon;Deventer;0,1;2,6;0,0;0,0;0,0;0,0
17;NL:Q:47641790;Maagdenburg;Deventer;3,1;5,0;0,3;0,6;0,0;0,3
17;NL:Q:47641800;;;0,0;0,1;0,0;0,0;0,0;0,0
17;NL:Q:47641940;Teugseplein;Deventer;0,3;0,5;0,0;0,0;0,0;0,0
17;NL:Q:47641950;Teugseplein;Deventer;1,0;0,2;0,0;0,0;0,0;0,0
17;NL:Q:47642030;Schurenstraat;Deventer;13,0;7,0;6,9;1,7;2,6;1,3
17;NL:Q:47642040;Schurenstraat;Deventer;6,7;13,9;0,8;5,9;0,2;2,8
17;NL:Q:47642050;Oude Begraafplaats;Deventer;0,6;0,7;1,3;0,3;0,1;0,2
17;NL:Q:47642060;Oude Begraafplaats;Deventer;0,2;1,6;0,1;1,0;0,1;0,7
17;NL:Q:47642072;IJ. de Schepperstraat;Deventer;4,7;2,5;2,2;2,5;1,4;0,6
17;NL:Q:47642081;IJ. de Schepperstraat;Deventer;2,6;4,7;1,7;1,6;1,8;3,1
17;NL:Q:47642090;Dapperstraat;Deventer;4,0;8,5;1,2;4,0;0,5;2,1
17;NL:Q:47642100;Dapperstraat;Deventer;7,8;4,8;4,5;0,9;2,4;0,7
17;NL:Q:47642110;Van Marckelplein;Deventer;1,6;4,8;0,5;2,9;0,2;2,0
17;NL:Q:47642120;Van Marckelplein;Deventer;4,8;1,3;2,6;0,5;1,0;0,2
17;NL:Q:47642150;Wkc Keizerslanden;Deventer;5,3;23,3;2,9;15,0;0,9;8,9
17;NL:Q:47642160;Wkc Keizerslanden;Deventer;24,2;5,2;17,6;3,7;7,2;1,1
17;NL:Q:47642170;Balderikstraat;Deventer;13,9;8,4;7,7;5,0;2,9;3,4
17;NL:Q:47642180;Balderikstraat;Deventer;14,1;20,9;8,7;13,5;4,8;5,0
17;NL:Q:47642190;Ludgerstraat;Deventer;5,9;5,6;2,3;2,5;1,3;1,6
17;NL:Q:47642200;Ludgerstraat;Deventer;8,3;10,6;3,9;4,2;2,2;2,4
17;NL:Q:47642210;Beeckestein;Deventer;1,8;4,0;0,4;1,5;0,1;0,9
17;NL:Q:47642220;Beeckestein;Deventer;3,6;2,9;2,4;1,1;1,0;0,3
17;NL:Q:47642230;Wkc Borgele;Deventer;2,0;10,2;1,8;10,3;1,2;4,2
17;NL:Q:47642240;Wkc Borgele;Deventer;21,9;7,5;15,5;5,0;5,4;2,0
17;NL:Q:47642250;Beugelskamp;Deventer;0,5;2,1;0,5;2,0;0,5;1,4
17;NL:Q:47642260;Beugelskamp;Deventer;4,0;1,7;2,0;0,5;1,2;0,6
17;NL:Q:47642270;Het Vlier;Deventer;1,7;6,2;1,2;4,9;2,1;2,2
17;NL:Q:47642280;Het Vlier;Deventer;11,5;5,6;6,0;2,9;3,1;2,0
17;NL:Q:47642290;Thomas Wildey;Deventer;0,4;1,0;1,0;2,7;0,8;1,3
17;NL:Q:47642300;Thomas Wildey;Deventer;7,2;10,1;3,5;1,8;1,8;0,9
17;NL:Q:47642320;Platvoet;Deventer;21,9;20,4;13,3;16,2;7,6;8,1
17;NL:Q:47643050;Nijverheidstraat;Deventer;0,9;1,7;0,2;0,4;0,2;0,1
17;NL:Q:47643060;Nijverheidstraat;Deventer;0,7;0,9;0,2;0,2;0,0;0,2
17;NL:Q:47643070;Rijsterborgherweg;Deventer;5,9;4,1;2,2;1,3;0,6;0,5
17;NL:Q:47643080;Rijsterborgherweg;Deventer;2,6;4,2;1,1;2,1;0,6;1,6
17;NL:Q:47643110;Radstakeweg;Deventer;0,3;3,9;0,4;1,7;0,0;0,9
17;NL:Q:47643120;Radstakeweg;Deventer;4,5;0,4;2,1;0,4;0,9;0,2
17;NL:Q:47643150;Erasmusstraat;Deventer;0,1;13,9;0,1;1,3;0,0;0,8
17;NL:Q:47643160;Erasmusstraat;Deventer;2,0;0,1;0,8;0,2;0,4;0,1
17;NL:Q:47643170;Zamenhofplein;Deventer;1,8;13,9;1,7;6,9;0,4;3,4
17;NL:Q:47643180;Zamenhofplein;Deventer;21,0;1,9;9,3;2,4;4,7;1,1
17;NL:Q:47643190;Vermeerstraat;Deventer;0,7;10,2;0,6;4,5;0,5;1,8
17;NL:Q:47643200;Vermeerstraat;Deventer;11,1;0,7;4,4;1,2;2,2;1,0
17;NL:Q:47643210;Moreelsestraat;Deventer;0,5;5,6;0,4;3,6;0,6;1,4
17;NL:Q:47643220;Moreelsestraat;Deventer;7,1;0,8;5,0;1,2;2,2;0,7
17;NL:Q:47643230;Rubensstraat;Deventer;0,5;6,4;0,9;2,4;0,8;0,8
17;NL:Q:47643240;Rubensstraat;Deventer;6,9;0,5;4,0;1,6;1,2;0,8
17;NL:Q:47643250;Sportveldenlaan;Deventer;0,2;2,0;0,3;1,4;0,2;1,3
17;NL:Q:47643260;Sportveldenlaan;Deventer;2,7;0,3;1,1;0,7;1,2;0,4
17;NL:Q:47643270;Verpleeghuis St. Jurrien;Deventer;0,2;3,9;0,7;2,5;0,7;1,1
17;NL:Q:47643280;Verpleeghuis St. Jurrien;Deventer;4,9;0,7;3,2;1,9;1,1;1,3
17;NL:Q:47643290;Joost van de Vondellaan;Deventer;0,3;2,1;0,3;1,1;0,3;0,6
17;NL:Q:47643300;Joost van de Vondellaan;Deventer;3,3;0,4;1,6;0,8;0,8;0,9
17;NL:Q:47643310;Lookersdijk;Deventer;0,3;1,1;0,3;0,4;0,2;0,4
17;NL:Q:47643320;Lookersdijk;Deventer;1,5;0,4;1,1;0,9;0,6;0,5
17;NL:Q:47643960;Beestenmarkt;Deventer;0,8;20,9;0,1;8,0;0,1;4,6
17;NL:Q:47643970;Beestenmarkt;Deventer;10,7;1,3;4,5;0,4;3,3;0,2
17;NL:Q:47643990;Bleekstraat;Deventer;2,7;0,9;1,3;0,2;1,6;0,3
17;NL:Q:47644000;Veenweg;Deventer;0,7;4,2;0,2;2,1;0,1;2,0
17;NL:Q:47644010;Veenweg;Deventer;1,7;1,3;0,7;0,3;0,7;0,8
17;NL:Q:47644040;Amstellaan;Deventer;18,5;5,2;4,5;1,5;1,8;0,6
17;NL:Q:47644050;Snippeling;Deventer;2,0;17,9;0,6;5,1;0,4;2,4
17;NL:Q:47644060;Hunneperweg;Deventer;0,4;4,4;0,5;1,4;0,1;0,5
17;NL:Q:47644080;Fesevurstraat;Deventer;2,1;4,5;1,2;1,4;0,6;1,6
17;NL:Q:47644090;Fesevurstraat;Deventer;3,5;2,9;1,3;1,2;1,0;0,9
17;NL:Q:47644110;Cornelis Lelylaan;Deventer;2,4;28,4;0,9;13,3;0,6;7,9
17;NL:Q:47644120;Cornelis Lelylaan;Deventer;28,3;2,2;13,7;0,8;6,8;0,6
17;NL:Q:47644150;Mecklenburgstraat;Deventer;8,2;0,2;4,2;0,0;1,9;0,0
17;NL:Q:47644160;Mecklenburgstraat;Deventer;0,1;5,2;0,1;3,5;0,0;1,5
17;NL:Q:47644170;Keizer Karellaan;Deventer;4,2;0,1;1,5;0,0;0,8;0,0
17;NL:Q:47644180;Keizer Karellaan;Deventer;0,2;2,4;0,0;1,2;0,0;0,4
17;NL:Q:47644230;Koningin Wilhelminalaan;Deventer;7,3;0,3;4,6;0,1;2,4;0,0
17;NL:Q:47644240;Koningin Wilhelminalaan;Deventer;0,3;8,3;0,1;4,0;0,0;2,1
17;NL:Q:47644290;Europaplein;Deventer;4,5;1,0;2,3;0,3;0,9;0,1
17;NL:Q:47644300;Europaplein;Deventer;0,9;5,0;0,2;1,8;0,1;0,6
17;NL:Q:47644310;Papenblik;Deventer;1,3;0,4;0,4;0,1;0,1;0,1
17;NL:Q:47644320;Papenblik;Deventer;0,4;1,5;0,2;0,4;0,2;0,2
17;NL:Q:47644370;Visbystraat;Deventer;3,7;7,8;0,0;0,0;0,0;0,0
17;NL:Q:47645001;Splithofstraat;Deventer;6,3;0,9;2,6;0,3;1,1;0,2
17;NL:Q:47645002;Splithofstraat;Deventer;0,7;7,5;0,2;3,2;0,1;1,2
17;NL:Q:47645020;Prinses Margrietstraat;Deventer;4,8;0,5;4,0;0,0;2,1;0,0
17;NL:Q:47645030;Prinses Margrietstraat;Deventer;0,2;3,5;0,2;4,6;0,1;1,2
17;NL:Q:47645083;Ziekenhuis;Deventer;62,0;61,4;9,6;10,1;8,4;8,5
17;NL:Q:47645090;Prins Bernhardweg;Schalkhaar;3,0;0,1;1,2;0,1;0,8;0,0
17;NL:Q:47645100;Prins Bernhardweg;Schalkhaar;0,2;2,9;0,1;1,4;0,0;0,6
17;NL:Q:47645110;Oerdijk;Schalkhaar;1,9;0,1;1,5;0,0;1,0;0,0
17;NL:Q:47645120;Oerdijk;Schalkhaar;0,1;2,5;0,0;1,7;0,0;0,9
17;NL:Q:47645150;Westenberg;Schalkhaar;15,6;0,3;8,0;0,0;3,2;0,0
17;NL:Q:47645160;Westenberg;Schalkhaar;0,4;15,7;0,0;7,4;0,1;7,2
17;NL:Q:47645170;Kerkweg;Schalkhaar;9,1;0,3;4,9;0,0;4,0;0,0
17;NL:Q:47645180;Kerkweg;Schalkhaar;0,4;6,6;0,3;4,6;0,3;2,9
17;NL:Q:47648050;Schooldijk;Lettele;0,0;0,1;0,1;0,2;0,0;0,0
17;NL:Q:47649001;Station Colmschate;Deventer;0,6;12,5;0,5;6,2;0,2;4,8
17;NL:Q:47649002;Station Colmschate;Deventer;10,1;2,2;5,7;1,6;3,2;1,6
17;NL:Q:47649010;Westfalenstraat;Deventer;16,6;2,5;2,8;0,1;0,2;0,0
17;NL:Q:47649020;Westfalenstraat;Deventer;2,5;13,8;0,1;3,6;0,0;0,9
17;NL:Q:47649040;Wijtenhorst;Deventer;5,9;0,9;1,7;0,4;1,7;0,2
17;NL:Q:47649050;Wijtenhorst;Deventer;1,0;7,1;0,3;2,9;0,2;1,9
17;NL:Q:47831503;Boerhaar;Boerhaar;0,2;0,1;0,0;0,0;0,0;0,0
17;NL:Q:47831611;Station;Wijhe;1,1;1,3;0,4;0,6;0,0;0,0
17;NL:Q:47839001;Havenpoort;Wijhe;0,1;0,0;0,0;0,0;0,0;0,0
17;NL:Q:47890001;Osnabruckstraat;Deventer;0,0;0,1;0,0;0,0;0,0;0,0
17;NL:Q:47890002;Osnabruckstraat;Deventer;0,1;0,0;0,0;0,0;0,0;0,0
17;NL:Q:47892001;Schouwburg/Centrum;Deventer;44,6;3,0;36,5;1,5;14,1;0,5
17;NL:Q:47892002;Schouwburg/Centrum;Deventer;0,5;61,2;0,2;52,8;0,3;20,2
17;NL:Q:47899001;Keolis/Van Wijnen;Deventer;0,1;1,5;0,0;0,0;0,0;0,0
17;NL:Q:47899002;Keolis/Van Wijnen;Deventer;0,8;0,1;0,0;0,0;0,0;0,0
17;NL:Q:47899901;Cröddendijk;Deventer;0,2;0,0;0,1;0,0;0,0;0,0
17;NL:Q:47899902;Cröddendijk;Deventer;0,0;0,1;0,0;0,0;0,0;0,0
17;NL:Q:47899903;De Scheg;Deventer;10,7;57,3;4,7;34,6;1,6;15,2
17;NL:Q:47899904;De Scheg;Deventer;22,3;6,4;13,7;2,3;6,3;0,9
17;NL:Q:47899905;De Scheg;Deventer;7,5;2,9;3,9;2,2;2,8;1,4
17;NL:Q:47899909;Huize Salland;Deventer;2,0;10,9;0,6;6,0;0,2;2,8
17;NL:Q:47899910;Huize Salland;Deventer;8,3;1,3;3,3;0,3;2,0;0,1
17;NL:Q:47899913;Brandweerdam;Deventer;1,2;7,4;1,0;1,8;0,6;0,6
17;NL:Q:47899914;Brandweerdam;Deventer;6,7;2,2;1,5;1,6;0,7;0,8
17;NL:Q:47908350;Nieuwe Deventerweg;Zwolle;8,7;0,7;3,8;0,4;3,2;0,5
17;NL:Q:47909001;Oostriklaan;Deventer;0,6;7,5;0,4;3,4;0,3;3,1
17;NL:Q:47909002;Oostriklaan;Deventer;3,7;0,3;1,5;0,1;1,1;0,0
17;NL:Q:49009991;;;0,2;0,7;0,0;0,1;0,2;0,4
17;NL:Q:49009992;;;0,5;0,8;0,2;0,0;0,1;0,3
18;NL:Q:40451075;Kapelmeestershoeve;Apeldoorn;4,1;1,5;1,8;1,6;1,2;0,5
18;NL:Q:40451076;Kapelmeestershoeve;Apeldoorn;3,2;7,7;2,7;4,4;1,7;3,0
18;NL:Q:40451077;De Eglantier;Apeldoorn;37,1;7,8;23,3;8,8;16,6;4,8
18;NL:Q:40451078;De Eglantier;Apeldoorn;6,2;38,0;5,0;24,3;3,6;14,3
18;NL:Q:40451096;Laan van Erica;Apeldoorn;1,0;6,7;0,3;5,0;0,3;2,7
18;NL:Q:40451097;Jaromirgaarde;Apeldoorn;3,8;0,4;2,4;0,3;1,5;0,2
18;NL:Q:40451098;Jaromirgaarde;Apeldoorn;0,1;3,8;0,1;2,1;0,0;1,3
18;NL:Q:40451099;Rademakersdonk;Apeldoorn;8,7;1,1;4,5;1,0;4,3;0,7
18;NL:Q:40451100;Rademakersdonk;Apeldoorn;0,3;10,4;0,2;7,4;0,1;5,2
18;NL:Q:40451101;Valkeniersdonk;Apeldoorn;8,0;2,1;4,0;1,8;2,7;1,5
18;NL:Q:40451103;Turfstekershoeve;Apeldoorn;11,1;4,3;6,3;3,2;4,0;2,2
18;NL:Q:40451129;Burgersveld;Apeldoorn;2,3;8,8;1,2;4,2;0,8;2,2
18;NL:Q:40451143;Soldeniersveld;Apeldoorn;5,8;4,4;5,1;3,3;2,2;1,6
18;NL:Q:40451145;Schepenenveld;Apeldoorn;3,9;4,3;2,8;2,8;1,1;1,6
18;NL:Q:40451153;Griffiersveld;Apeldoorn;2,1;3,3;1,2;1,6;0,4;1,1
18;NL:Q:40451161;Pottenbakkersdonk;Apeldoorn;8,6;6,6;5,5;5,3;2,5;2,4
18;NL:Q:40451163;Raadsherenveld;Apeldoorn;7,5;8,9;2,3;2,6;1,3;1,9
18;NL:Q:40451165;Rentmeestersveld;Apeldoorn;7,7;6,3;5,8;3,0;2,3;1,7
18;NL:Q:40451169;Zilversmidshoeve;Apeldoorn;3,1;4,2;1,2;2,7;1,0;1,8
18;NL:Q:40451173;Marskramersdonk;Apeldoorn;2,7;6,5;1,5;4,6;0,9;2,9
18;NL:Q:40451181;Ferguutgaarde;Apeldoorn;8,5;3,2;3,4;1,9;2,6;1,8
18;NL:Q:40451183;De Heemgaard;Apeldoorn;11,2;4,1;3,0;1,8;2,3;1,1
18;NL:Q:40451252;Kooikersdreef;Apeldoorn;0,7;4,6;0,5;3,9;0,6;3,2
18;NL:Q:40451259;Parlevinkershoeve;Apeldoorn;3,3;5,2;2,0;3,4;1,8;1,6
18;NL:Q:40451305;Minden;Apeldoorn;2,3;2,8;1,4;1,1;0,2;0,6
18;NL:Q:40451333;Ekro;Apeldoorn;6,8;9,4;0,0;0,0;0,0;0,0
18;NL:Q:40451343;Waagmeestershoeve;Apeldoorn;5,8;6,7;2,9;3,5;2,1;2,5
18;NL:Q:40451347;Boswachtersveld;Apeldoorn;7,7;5,5;3,5;2,4;2,1;2,0
18;NL:Q:40451351;Eglantierlaan;Apeldoorn;6,7;5,4;3,0;4,1;1,7;2,5
18;NL:Q:40471126;Beeklustweg;Apeldoorn;1,5;0,1;1,0;0,0;0,4;0,0
18;NL:Q:40471131;De Ugchelse Kei;Apeldoorn;4,7;1,6;3,1;0,6;1,3;0,9
18;NL:Q:40471152;Randerode;Apeldoorn;8,1;4,4;4,7;3,2;3,3;2,8
18;NL:Q:40471170;Middachten;Apeldoorn;6,8;0,4;3,4;0,2;1,6;0,0
18;NL:Q:40471171;Middachten;Apeldoorn;0,3;6,0;0,0;3,0;0,0;2,0
18;NL:Q:40471175;Vlietweg;Apeldoorn;0,3;8,3;0,2;3,3;0,0;1,8
18;NL:Q:40471295;Ugchelse Grensweg;Apeldoorn;5,1;0,6;3,4;0,3;0,9;0,1
18;NL:Q:40471301;Richtersweg;Apeldoorn;1,6;7,4;1,4;4,9;0,3;1,8
18;NL:Q:40471319;Hulkestein;Apeldoorn;0,9;1,9;1,5;1,9;0,1;0,3
18;NL:Q:40471327;G.P. Duuringlaan;Apeldoorn;2,8;4,1;2,9;4,8;1,0;1,8
18;NL:Q:40471338;Derk Kamphuisweg;Apeldoorn;4,9;0,0;3,0;0,0;0,6;0,0
18;NL:Q:40471339;Derk Kamphuisweg;Apeldoorn;0,7;8,3;0,7;5,1;0,3;2,3
18;NL:Q:40471434;Heidehof;Apeldoorn;1,3;1,5;1,9;2,0;1,1;1,0
18;NL:Q:40471467;Gelre Ziekenhuis;Apeldoorn;77,2;75,4;14,4;14,0;9,6;9,2
18;NL:Q:40551003;Marktplein;Apeldoorn;102,9;29,2;102,4;27,8;22,6;7,0
18;NL:Q:40551004;Marktplein;Apeldoorn;21,2;83,6;21,6;81,0;3,9;18,8
18;NL:Q:40551005;Oranjepark;Apeldoorn;2,2;10,6;1,2;2,5;1,8;2,7
18;NL:Q:40551006;Oranjepark;Apeldoorn;5,0;2,9;2,2;1,6;1,6;1,2
18;NL:Q:40551013;De Jagershuizen;Apeldoorn;5,4;5,3;3,6;4,1;2,1;2,6
18;NL:Q:40551015;Station;Apeldoorn;211,2;199,5;137,9;110,2;87,5;76,9
18;NL:Q:40551019;Hoofdstraat;Apeldoorn;54,4;18,6;49,0;23,0;12,8;3,9
18;NL:Q:40551020;Hoofdstraat;Apeldoorn;26,8;111,9;18,4;100,6;4,6;24,6
18;NL:Q:40551021;Amaliapark;Apeldoorn;16,2;3,5;7,3;2,3;4,0;0,9
18;NL:Q:40551022;Amaliapark;Apeldoorn;2,2;16,4;1,3;9,4;0,6;4,9
18;NL:Q:40551023;Zichtweg;Apeldoorn;1,7;4,5;0,3;3,0;0,3;1,4
18;NL:Q:40551024;Zichtweg;Apeldoorn;8,8;3,3;4,4;1,0;1,7;0,5
18;NL:Q:40551025;Eendrachtstraat;Apeldoorn;2,8;13,1;1,2;7,0;0,6;3,5
18;NL:Q:40551026;Eendrachtstraat;Apeldoorn;5,6;2,2;1,7;0,8;0,4;0,3
18;NL:Q:40551027;Aluminiumweg;Apeldoorn;4,9;14,5;1,3;8,7;0,8;3,8
18;NL:Q:40551028;Aluminiumweg;Apeldoorn;7,9;4,4;3,6;1,2;1,2;0,5
18;NL:Q:40551029;Sebastiaanplein;Apeldoorn;0,6;5,5;0,2;2,7;0,3;1,4
18;NL:Q:40551031;Chopinlaan;Apeldoorn;2,6;8,7;0,7;1,0;0,6;1,3
18;NL:Q:40551033;Laan van Westenenk;Apeldoorn;4,1;16,6;0,0;0,0;0,0;0,0
18;NL:Q:40551039;Bosweg;Apeldoorn;0,5;4,3;0,1;2,2;0,2;1,2
18;NL:Q:40551044;Bilderdijklaan;Apeldoorn;2,6;1,6;1,7;0,8;1,3;0,3
18;NL:Q:40551045;Grote Kerk;Apeldoorn;0,9;8,4;0,6;4,9;0,3;1,0
18;NL:Q:40551047;Gedenknaald;Apeldoorn;1,8;5,2;0,8;3,0;0,5;0,9
18;NL:Q:40551049;Station;Apeldoorn;58,7;0,7;0,0;0,0;0,0;0,0
18;NL:Q:40551051;Oosterlaan;Apeldoorn;0,9;0,6;0,3;0,3;0,2;0,2
18;NL:Q:40551052;Oosterlaan;Apeldoorn;0,3;0,9;0,3;0,9;0,4;0,1
18;NL:Q:40551053;Pinksterbloem;Apeldoorn;6,0;0,4;4,3;0,1;2,7;0,1
18;NL:Q:40551054;Pinksterbloem;Apeldoorn;0,5;6,8;0,2;4,5;0,1;2,3
18;NL:Q:40551057;Fauststraat;Apeldoorn;0,9;10,5;0,5;8,5;0,3;5,6
18;NL:Q:40551058;Fauststraat;Apeldoorn;10,4;0,6;8,5;0,3;6,2;0,2
18;NL:Q:40551063;Brug Deventerstraat;Apeldoorn;1,5;1,9;0,4;0,5;0,3;0,2
18;NL:Q:40551064;Brug Deventerstraat;Apeldoorn;2,6;3,1;1,2;1,4;0,7;1,0
18;NL:Q:40551065;Julianakerk;Apeldoorn;2,2;1,0;0,6;0,3;0,3;0,1
18;NL:Q:40551066;Julianakerk;Apeldoorn;0,7;2,6;0,1;0,9;0,1;0,6
18;NL:Q:40551072;GGNet;Apeldoorn;1,2;4,9;0,1;0,1;0,0;1,3
18;NL:Q:40551079;Gijsbrechtgaarde;Apeldoorn;6,2;1,2;4,8;0,4;3,5;0,4
18;NL:Q:40551080;Gijsbrechtgaarde;Apeldoorn;1,7;9,7;0,8;7,4;0,2;4,8
18;NL:Q:40551081;Welgelegenbrug;Apeldoorn;1,3;10,5;0,5;3,4;0,4;1,4
18;NL:Q:40551082;Welgelegenbrug;Apeldoorn;6,2;3,3;4,0;1,6;1,2;0,7
18;NL:Q:40551087;Apenheul;Apeldoorn;17,0;16,1;18,5;15,0;12,7;10,6
18;NL:Q:40551089;J. Fruytierschool;Apeldoorn;59,7;36,1;13,1;11,1;6,3;5,5
18;NL:Q:40551091;Wagenmakershoek;Apeldoorn;6,1;1,7;4,0;0,4;2,2;0,4
18;NL:Q:40551092;Wagenmakershoek;Apeldoorn;1,5;9,8;0,5;4,4;0,4;2,3
18;NL:Q:40551093;Glazeniershorst;Apeldoorn;19,0;2,3;16,9;1,1;11,5;0,6
18;NL:Q:40551094;Glazeniershorst;Apeldoorn;2,1;23,9;1,5;17,2;0,8;12,5
18;NL:Q:40551095;Laan van Erica;Apeldoorn;7,0;1,7;4,6;1,2;2,8;0,7
18;NL:Q:40551109;Balustrade;Apeldoorn;13,2;10,2;4,9;5,1;2,9;4,0
18;NL:Q:40551110;Hoofdstraat;Apeldoorn;20,5;5,3;15,3;0,8;4,6;0,7
18;NL:Q:40551111;Houttuinen-Noord;Apeldoorn;10,5;10,2;5,2;5,0;3,4;3,6
18;NL:Q:40551113;Belastingkantoor;Apeldoorn;60,1;82,3;3,4;8,5;1,9;4,9
18;NL:Q:40551115;Station;Apeldoorn;294,9;290,0;153,3;142,7;92,5;86,4
18;NL:Q:40551119;IJsselstraat;Apeldoorn;9,3;7,5;4,0;2,7;2,0;1,6
18;NL:Q:40551120;Aristotelesstraat;Apeldoorn;13,2;18,7;6,7;11,5;3,5;4,8
18;NL:Q:40551122;Station;Apeldoorn;336,4;303,5;129,2;89,3;83,3;56,4
18;NL:Q:40551123;Station;Apeldoorn;325,5;374,0;124,3;135,3;78,7;81,8
18;NL:Q:40551124;Bibliotheek;Apeldoorn;5,8;4,0;1,6;3,1;1,8;1,2
18;NL:Q:40551125;Bibliotheek;Apeldoorn;2,0;7,8;1,6;3,0;0,5;2,7
18;NL:Q:40551127;Beeklustweg;Apeldoorn;0,1;1,7;0,1;1,6;0,0;0,3
18;NL:Q:40551130;Station;Apeldoorn;112,0;48,8;39,4;17,9;26,1;8,9
18;NL:Q:40551133;Blekersweg;Apeldoorn;0,1;2,5;0,0;1,3;0,0;0,5
18;NL:Q:40551134;Blekersweg;Apeldoorn;2,9;0,4;1,7;0,2;0,8;0,1
18;NL:Q:40551135;Dianalaan;Apeldoorn;1,9;0,6;1,3;0,2;0,4;0,1
18;NL:Q:40551136;Dianalaan;Apeldoorn;0,6;2,0;0,2;1,6;0,1;0,6
18;NL:Q:40551137;Eburonenstraat;Apeldoorn;3,9;8,1;1,8;6,9;1,1;2,5
18;NL:Q:40551139;De Tol;Apeldoorn;13,5;1,1;6,8;0,8;3,6;0,4
18;NL:Q:40551140;De Tol;Apeldoorn;0,9;13,3;0,4;7,9;0,2;4,2
18;NL:Q:40551141;Georg Hegelstraat;Apeldoorn;18,9;0,2;11,9;0,0;6,6;0,0
18;NL:Q:40551142;Georg Hegelstraat;Apeldoorn;3,4;15,4;1,1;12,0;0,6;7,2
18;NL:Q:40551146;Burg. des Tombeplein;Apeldoorn;3,5;0,5;2,3;0,3;1,0;0,1
18;NL:Q:40551147;Burg. des Tombeplein;Apeldoorn;0,7;4,3;0,1;2,0;0,2;1,3
18;NL:Q:40551154;Leienplein;Apeldoorn;7,9;10,4;7,2;9,4;2,2;2,6
18;NL:Q:40551156;Oranjerie;Apeldoorn;0,8;1,6;0,3;1,3;0,2;0,6
18;NL:Q:40551157;Oranjerie;Apeldoorn;1,2;2,2;0,7;1,0;0,5;0,8
18;NL:Q:40551158;Politiebureau;Apeldoorn;4,2;0,3;2,8;0,3;1,3;0,2
18;NL:Q:40551159;Politiebureau;Apeldoorn;0,5;4,4;0,5;2,5;0,2;0,8
18;NL:Q:40551162;Staringlaan;Apeldoorn;7,2;1,0;3,7;1,0;1,3;0,1
18;NL:Q:40551166;Schuttersweg;Apeldoorn;11,7;0,3;3,1;0,0;1,6;0,0
18;NL:Q:40551167;Schuttersweg;Apeldoorn;0,4;8,9;0,0;3,1;0,0;1,6
18;NL:Q:40551174;Vlietweg;Apeldoorn;9,3;0,9;4,7;0,1;2,5;0,0
18;NL:Q:40551176;Laan van de Mensenrechten;Apeldoorn;3,6;2,7;1,7;0,5;0,4;0,1
18;NL:Q:40551177;Imkersdreef;Apeldoorn;9,5;1,5;4,8;0,6;2,4;0,4
18;NL:Q:40551178;Imkersdreef;Apeldoorn;1,0;10,0;0,8;6,2;0,4;3,5
18;NL:Q:40551179;Hoenderparkweg;Apeldoorn;1,1;14,2;0,4;9,2;0,8;5,2
18;NL:Q:40551180;Hoenderparkweg;Apeldoorn;15,3;0,9;10,5;0,2;4,7;0,2
18;NL:Q:40551185;Het Schip;Apeldoorn;4,1;4,3;2,7;2,9;1,0;1,5
18;NL:Q:40551187;Het Firmament;Apeldoorn;7,9;3,9;3,0;1,7;1,5;0,7
18;NL:Q:40551189;Linie;Apeldoorn;11,2;0,8;8,0;0,5;3,5;0,2
18;NL:Q:40551190;Linie;Apeldoorn;3,9;21,8;2,3;14,5;0,8;6,3
18;NL:Q:40551191;Dennenkamp;Apeldoorn;8,1;1,1;4,4;0,2;1,8;0,2
18;NL:Q:40551192;Dennenkamp;Apeldoorn;1,3;7,9;0,2;3,2;0,1;1,3
18;NL:Q:40551193;Wildernislaan;Apeldoorn;0,3;0,7;0,2;0,4;0,1;0,1
18;NL:Q:40551195;Zonnewende;Apeldoorn;6,1;5,2;2,5;2,6;1,2;2,1
18;NL:Q:40551197;Top Naeffstraat;Apeldoorn;9,4;0,6;4,6;0,0;2,5;0,0
18;NL:Q:40551198;Top Naeffstraat;Apeldoorn;0,7;10,5;0,0;5,4;0,1;2,9
18;NL:Q:40551200;Ritbroekstraat;Apeldoorn;3,2;0,7;0,8;0,3;0,6;0,2
18;NL:Q:40551201;Ritbroekstraat;Apeldoorn;0,7;5,0;0,4;2,0;0,2;1,3
18;NL:Q:40551204;Pr. W. Alexanderlaan;Apeldoorn;5,0;0,6;1,5;0,2;0,8;0,1
18;NL:Q:40551205;Pr. W. Alexanderlaan;Apeldoorn;0,6;6,1;0,2;3,0;0,1;1,2
18;NL:Q:40551212;Schopenhauerstraat;Apeldoorn;6,2;5,8;4,5;5,3;2,0;1,3
18;NL:Q:40551213;Mandala/Kazerne;Apeldoorn;16,1;19,9;7,0;10,3;4,2;15,8
18;NL:Q:40551218;Christiaan Geurtsweg;Apeldoorn;1,0;0,2;0,7;0,1;0,1;0,0
18;NL:Q:40551222;Asselsestraat;Apeldoorn;2,9;0,9;1,5;0,7;0,9;0,4
18;NL:Q:40551223;Asselsestraat;Apeldoorn;0,4;3,8;0,3;2,7;0,2;1,2
18;NL:Q:40551224;Driehuizerweg;Apeldoorn;8,7;2,4;4,9;1,6;2,3;0,3
18;NL:Q:40551225;Driehuizerweg;Apeldoorn;1,8;7,3;0,8;5,9;0,3;3,0
18;NL:Q:40551238;Winkelc. De Mheen;Apeldoorn;2,6;19,1;1,5;14,3;0,6;4,8
18;NL:Q:40551239;Winkelc. De Mheen;Apeldoorn;14,1;0,3;11,8;0,2;4,4;0,1
18;NL:Q:40551240;Kruizemuntstraat;Apeldoorn;0,3;4,8;0,2;4,3;0,0;2,3
18;NL:Q:40551241;Kruizemuntstraat;Apeldoorn;4,6;0,1;2,7;0,2;2,2;0,0
18;NL:Q:40551244;Beethovenlaan;Apeldoorn;12,6;8,7;10,2;6,2;4,1;2,6
18;NL:Q:40551246;Condorweg;Apeldoorn;0,4;0,8;0,4;0,6;0,1;0,6
18;NL:Q:40551247;Condorweg;Apeldoorn;0,2;1,0;0,2;0,1;0,1;0,1
18;NL:Q:40551249;Goeman Borgesiusstraat;Apeldoorn;2,6;1,8;1,7;1,0;1,0;0,7
18;NL:Q:40551253;Kooikersdreef;Apeldoorn;7,3;2,1;5,8;1,9;3,3;1,0
18;NL:Q:40551257;Maasstraat;Apeldoorn;4,9;3,6;2,3;1,5;1,0;0,6
18;NL:Q:40551266;Ravenweg;Apeldoorn;7,2;4,4;5,6;3,6;1,8;1,7
18;NL:Q:40551267;Salomonszegel;Apeldoorn;0,7;30,6;0,4;22,4;0,3;9,7
18;NL:Q:40551268;Salomonszegel;Apeldoorn;20,9;0,6;17,2;0,2;7,2;0,0
18;NL:Q:40551270;Schaperstraat;Apeldoorn;1,3;4,0;1,0;2,1;0,6;1,0
18;NL:Q:40551271;Sporthal Zuiderpark;Apeldoorn;14,3;8,3;6,5;3,8;3,8;1,5
18;NL:Q:40551275;Treubstraat;Apeldoorn;5,4;4,9;3,6;2,7;0,9;1,1
18;NL:Q:40551276;Vaartse Rijn;Apeldoorn;4,3;4,0;3,5;2,2;1,8;1,7
18;NL:Q:40551277;Vaartse Rijn;Apeldoorn;4,1;4,9;1,7;3,5;1,2;1,6
18;NL:Q:40551281;Vonderlaan;Apeldoorn;0,6;3,6;0,4;2,8;0,1;1,1
18;NL:Q:40551284;Zevenhuizenseweg;Apeldoorn;0,1;3,8;0,1;2,4;0,1;2,0
18;NL:Q:40551285;Zevenhuizenseweg;Apeldoorn;2,8;0,3;1,5;0,5;1,1;0,2
18;NL:Q:40551286;Zonnedauw;Apeldoorn;1,7;4,9;0,9;4,2;0,6;2,1
18;NL:Q:40551287;Zonnedauw;Apeldoorn;5,7;1,4;4,3;0,8;2,2;0,6
18;NL:Q:40551288;Wilhelminapark;Apeldoorn;0,4;2,9;0,2;1,0;0,1;1,1
18;NL:Q:40551290;Zwitsal;Apeldoorn;2,9;0,2;0,0;0,0;0,0;0,0
18;NL:Q:40551291;Zwitsal;Apeldoorn;0,9;5,8;0,0;0,0;0,0;0,0
18;NL:Q:40551293;Waltersingel;Apeldoorn;27,7;27,2;4,0;7,9;2,0;4,5
18;NL:Q:40551298;Ruimzichtlaan;Apeldoorn;4,0;0,4;3,4;0,3;1,0;0,2
18;NL:Q:40551299;Ruimzichtlaan;Apeldoorn;0,6;3,9;0,4;3,0;0,2;1,0
18;NL:Q:40551302;Prinsenweide;Apeldoorn;3,3;0,2;0,0;0,0;0,0;0,0
18;NL:Q:40551303;Prinsenweide;Apeldoorn;0,4;2,0;0,0;0,0;0,0;0,0
18;NL:Q:40551309;Lage Brink;Apeldoorn;0,6;1,3;0,0;0,0;0,0;0,0
18;NL:Q:40551311;Lage Kamp;Apeldoorn;0,3;1,2;0,0;0,0;0,0;0,0
18;NL:Q:40551312;Lage Kamp;Apeldoorn;1,2;0,0;0,0;0,0;0,0;0,0
18;NL:Q:40551315;Kathage;Apeldoorn;1,0;2,3;0,0;0,0;0,0;0,0
18;NL:Q:40551317;Johan Steenbergenstraat;Apeldoorn;0,1;1,8;0,0;0,0;0,0;0,0
18;NL:Q:40551318;Johan Steenbergenstraat;Apeldoorn;1,4;0,2;0,0;0,0;0,0;0,0
18;NL:Q:40551320;Jachtlaan;Apeldoorn;6,2;5,2;1,7;1,5;1,6;0,9
18;NL:Q:40551321;Hogekampweg;Apeldoorn;0,2;2,9;0,0;0,0;0,0;0,0
18;NL:Q:40551322;Hogekampweg;Apeldoorn;0,5;0,2;0,0;0,0;0,0;0,0
18;NL:Q:40551323;Hezeweg;Apeldoorn;0,4;3,8;0,3;2,8;0,1;1,2
18;NL:Q:40551324;Hezeweg;Apeldoorn;3,2;0,3;1,7;0,1;0,7;0,0
18;NL:Q:40551325;Hattemseweg;Apeldoorn;0,2;3,2;0,1;0,8;0,0;0,2
18;NL:Q:40551326;Hattemseweg;Apeldoorn;2,8;0,2;0,7;0,1;0,2;0,0
18;NL:Q:40551330;Erasmusstraat;Apeldoorn;77,7;6,1;0,0;0,0;0,0;0,0
18;NL:Q:40551331;Erasmusstraat;Apeldoorn;6,0;60,3;0,0;0,0;0,0;0,0
18;NL:Q:40551334;Elleboogweg;Apeldoorn;2,0;0,1;1,4;0,1;1,0;0,0
18;NL:Q:40551335;Elleboogweg;Apeldoorn;0,1;2,0;0,0;1,7;0,0;0,8
18;NL:Q:40551336;Einsteinlaan;Apeldoorn;1,2;0,2;0,0;0,0;0,0;0,0
18;NL:Q:40551337;Einsteinlaan;Apeldoorn;0,5;3,1;0,0;0,0;0,0;0,0
18;NL:Q:40551340;Curiestraat;Apeldoorn;8,7;0,2;0,0;0,0;0,0;0,0
18;NL:Q:40551341;Curiestraat;Apeldoorn;8,8;13,5;4,9;7,9;2,8;4,6
18;NL:Q:40551345;2e Beukenlaan;Apeldoorn;1,0;2,1;0,6;1,9;0,1;0,4
18;NL:Q:40551354;Kraaienweg;Apeldoorn;4,5;3,7;4,0;3,2;1,6;1,1
18;NL:Q:40551362;Auroralaan;Apeldoorn;0,9;5,7;0,4;3,0;0,2;2,0
18;NL:Q:40551370;Kinderboerderij Laag Buurlo;Apeldoorn;12,2;11,9;6,8;7,1;2,9;3,1
18;NL:Q:40551377;Schaperstraat;Apeldoorn;2,7;1,1;0,9;1,0;0,2;0,4
18;NL:Q:40551385;Dubbelbeek;Apeldoorn;5,4;4,3;2,8;2,9;2,0;1,9
18;NL:Q:40551388;Ordenplein;Apeldoorn;16,6;24,1;8,3;12,6;3,6;5,9
18;NL:Q:40551390;Mandala/Kazerne;Apeldoorn;13,0;10,0;4,6;3,9;2,6;3,0
18;NL:Q:40551422;Tangostraat;Apeldoorn;0,2;6,8;0,2;5,5;0,3;2,0
18;NL:Q:40551423;Tangostraat;Apeldoorn;7,6;0,2;5,3;0,0;2,4;0,0
18;NL:Q:40551424;Citroenvlinder;Apeldoorn;0,7;24,6;0,4;10,4;0,1;4,9
18;NL:Q:40551425;Citroenvlinder;Apeldoorn;27,2;0,2;10,3;0,1;5,2;0,0
18;NL:Q:40551428;Zuidbroek;Apeldoorn;1,6;2,4;1,0;0,8;0,9;0,8
18;NL:Q:40551430;De Spinozastraat;Apeldoorn;7,9;6,9;4,7;3,5;2,2;1,8
18;NL:Q:40551451;Prinses Beatrixlaan;Apeldoorn;0,2;4,9;0,1;1,0;0,0;0,6
18;NL:Q:40551452;Prinses Beatrixlaan;Apeldoorn;4,7;0,5;1,5;0,2;0,9;0,0
18;NL:Q:40551455;Lekstraat;Apeldoorn;7,5;5,2;4,0;3,3;2,1;1,4
18;NL:Q:40551456;Lekstraat;Apeldoorn;8,2;12,0;5,5;6,9;2,3;3,8
18;NL:Q:40551469;Bartelsweg;Apeldoorn;0,3;8,8;0,1;1,5;0,1;0,8
18;NL:Q:40551470;Bartelsweg;Apeldoorn;7,0;0,1;1,1;0,0;0,8;0,0
18;NL:Q:40551473;Aidastraat;Apeldoorn;1,8;21,5;1,2;21,6;0,9;10,4
18;NL:Q:40551474;Aidastraat;Apeldoorn;24,8;1,2;28,4;0,6;13,8;0,8
18;NL:Q:40551476;De Veenkamp;Apeldoorn;21,3;2,7;18,5;1,5;6,4;0,3
18;NL:Q:40551477;Bas Backerlaan;Apeldoorn;4,2;1,3;2,2;0,6;1,3;0,3
18;NL:Q:40551503;De Bovenkruier;Apeldoorn;7,3;0,5;4,5;0,1;2,1;0,0
18;NL:Q:40551504;De Bovenkruier;Apeldoorn;0,2;7,9;0,2;5,5;0,2;2,9
18;NL:Q:40551505;Wilhelm Tellstraat;Apeldoorn;7,5;0,4;4,7;0,3;2,7;0,3
18;NL:Q:40551506;Wilhelm Tellstraat;Apeldoorn;0,3;8,2;0,5;6,4;0,4;3,7
18;NL:Q:40551509;Hoenderloseweg;Apeldoorn;1,1;1,9;0,7;1,5;0,7;1,2
18;NL:Q:40551513;Oesterzwam;Apeldoorn;1,2;12,4;0,5;6,2;0,3;2,6
18;NL:Q:40551514;Oesterzwam;Apeldoorn;12,4;0,1;5,1;0,0;2,1;0,0
18;NL:Q:40551515;Saba;Apeldoorn;6,8;8,1;0,0;0,0;0,0;0,0
18;NL:Q:40551994;Arendsburght;Apeldoorn;3,4;4,9;5,1;8,1;1,0;1,1
18;NL:Q:41601071;GGNet;Apeldoorn;3,2;1,0;0,3;0,0;0,0;0,0
18;NL:Q:41601073;Drostendijk;Apeldoorn;0,7;0,0;0,1;0,0;0,0;0,0
18;NL:Q:41601074;Drostendijk;Apeldoorn;0,1;0,6;0,0;0,2;0,0;0,2
18;NL:Q:41607001;Woudweg;Teuge;0,8;0,1;0,0;0,0;0,0;0,0
18;NL:Q:41607002;Woudweg;Teuge;0,2;0,9;0,0;0,1;0,0;0,0
18;NL:Q:41607003;De Wacht;Teuge;0,2;1,7;0,0;0,3;0,0;0,2
18;NL:Q:41607004;De Wacht;Teuge;1,6;0,3;0,2;0,0;0,2;0,0
18;NL:Q:41607011;'t Wezeveld;Twello;0,0;0,4;0,0;0,1;0,0;0,1
18;NL:Q:41607013;Rijksstraatweg;Teuge;1,1;0,0;0,4;0,0;0,1;0,0
18;NL:Q:41607014;Rijksstraatweg;Teuge;0,1;1,7;0,1;0,7;0,0;0,3
18;NL:Q:41706003;Gemeentehuis;Twello;3,5;4,1;0,1;0,2;0,1;0,1
18;NL:Q:41706006;M. de Ruyterstraat;Twello;0,8;0,7;0,1;0,0;0,0;0,0
18;NL:Q:41706008;Piet Heinstraat;Twello;1,8;1,4;0,1;0,0;0,0;0,0
18;NL:Q:41706012;Beethovenlaan;Twello;0,2;0,3;0,0;0,1;0,0;0,0
18;NL:Q:41706013;Station;Twello;1,4;2,7;0,0;0,6;0,0;0,3
18;NL:Q:41706014;Bachstraat;Twello;1,6;1,2;0,2;0,0;0,1;0,0
18;NL:Q:41706018;Molenstraat;Twello;1,1;1,1;0,1;0,1;0,0;0,0
18;NL:Q:41706020;Oude Rijksstraatweg;Twello;0,7;0,2;0,0;0,0;0,1;0,0
18;NL:Q:41706027;Stationsstraat;Twello;0,1;1,8;0,0;0,0;0,0;0,0
18;NL:Q:41707012;'t Wezeveld;Teuge;0,1;0,0;0,0;0,0;0,0;0,0
18;NL:Q:60000094;Aalbert Cuyplaan;Apeldoorn;5,3;11,4;4,5;8,9;1,6;3,8
18;NL:Q:60000096;Auroralaan;Apeldoorn;5,9;0,4;2,4;0,2;1,2;0,2
18;NL:Q:60000102;Burg. Rosmalen Nepveulaan;Apeldoorn;1,8;1,1;1,1;0,7;0,6;0,2
18;NL:Q:60000108;De Cloese;Apeldoorn;5,7;5,7;3,3;2,4;1,5;1,0
18;NL:Q:60000111;Edelweisslaan;Apeldoorn;0,6;3,0;0,3;2,4;0,1;0,8
18;NL:Q:60000113;Emmaplein;Apeldoorn;0,5;4,0;0,2;2,1;0,2;1,1
18;NL:Q:60000115;Ferd. Bollaan;Apeldoorn;7,8;5,4;5,4;3,6;2,0;1,8
18;NL:Q:60000125;Het Kasteel;Apeldoorn;5,5;6,0;3,8;3,6;2,2;2,6
18;NL:Q:60000126;Hoge Dries;Apeldoorn;3,0;11,1;0,6;6,3;0,4;3,4
18;NL:Q:60000127;Hoofdstraat;Apeldoorn;37,7;9,2;34,5;7,0;7,5;1,9
18;NL:Q:60000134;Koning Lodewijklaan;Apeldoorn;5,7;3,2;3,8;2,0;1,5;1,3
18;NL:Q:60000142;Lippe Biesterfeldstraat;Apeldoorn;8,4;8,4;3,2;4,1;1,7;2,0
18;NL:Q:60000145;Marechausseekazerne;Apeldoorn;3,4;10,3;3,1;2,4;1,4;1,1
18;NL:Q:60000148;Mauvestraat;Apeldoorn;16,5;9,6;12,0;7,2;7,0;4,8
18;NL:Q:60000149;Marchantstraat;Apeldoorn;6,6;12,4;2,4;5,8;1,4;3,0
18;NL:Q:60000153;Orderparkweg;Apeldoorn;4,5;1,6;1,6;1,0;1,0;0,6
18;NL:Q:60000155;Orpheus;Apeldoorn;3,4;0,4;1,9;0,2;0,6;0,0
18;NL:Q:60000158;FizzionParc;Apeldoorn;3,6;6,9;0,0;0,0;0,0;0,0
18;NL:Q:60000159;Paulus Potterlaan;Apeldoorn;10,0;11,4;5,1;7,4;3,1;4,8
18;NL:Q:60000160;Achmea;Apeldoorn;13,6;24,3;0,0;0,0;0,0;0,0
18;NL:Q:60000162;Pythagorasstraat;Apeldoorn;0,2;6,1;0,2;3,1;0,0;0,0
18;NL:Q:60000167;Reigersweg;Apeldoorn;3,0;2,0;2,3;1,7;1,1;0,6
18;NL:Q:60000168;Rembrandtlaan;Apeldoorn;16,7;10,1;9,1;5,9;4,5;2,5
18;NL:Q:60000171;Robijnstraat;Apeldoorn;9,6;5,5;6,1;4,0;4,1;1,5
18;NL:Q:60000172;De Savornin Lohmanstraat;Apeldoorn;2,0;6,2;1,0;4,0;0,2;1,5
18;NL:Q:60000173;De Savornin Lohmanstraat;Apeldoorn;3,5;1,8;0,0;0,0;0,0;0,0
18;NL:Q:60000183;Stephensonstraat;Apeldoorn;11,3;26,3;4,1;6,6;2,6;4,1
18;NL:Q:60000185;Talingweg;Apeldoorn;11,3;6,2;8,7;4,7;3,5;1,6
18;NL:Q:60000186;Talma Borgh;Apeldoorn;9,2;16,1;8,0;11,6;3,8;6,6
18;NL:Q:60000191;Treverilaan;Apeldoorn;4,5;2,5;2,5;1,0;1,8;0,4
18;NL:Q:60000192;Tuinmanslaan;Apeldoorn;3,7;3,3;3,4;2,9;1,7;0,9
18;NL:Q:60000195;Valeriuslaan;Apeldoorn;6,2;6,3;3,6;5,2;2,0;3,2
18;NL:Q:60000196;Veenhuizerweg;Apeldoorn;3,2;0,2;2,0;0,1;1,0;0,1
18;NL:Q:60000203;Zuster Meyboomlaan;Apeldoorn;2,1;6,7;1,8;3,3;0,8;1,4
18;NL:Q:60001150;Mercatorplein;Apeldoorn;6,6;21,7;4,1;17,7;2,0;8,2
18;NL:Q:60002204;Wulpenlaan;Apeldoorn;0,5;0,2;0,3;0,3;0,1;0,0
18;NL:Q:60002205;Zanderijweg;Apeldoorn;9,0;2,2;6,5;1,2;3,4;0,6
18;NL:Q:60002210;Pythagorasstraat;Apeldoorn;3,3;0,6;1,4;0,1;0,0;0,0
19;NL:Q:25839175;GSG Pieter Zandt;Kampen;10,0;11,4;0,0;0,0;0,0;0,0
19;NL:Q:40001230;Landgoed Rosorum;Arnhem;0,9;7,3;0,7;2,5;0,3;1,3
19;NL:Q:40001240;Landgoed Rosorum;Arnhem;2,2;1,6;0,5;0,3;0,1;0,2
19;NL:Q:40001250;Schelmseweg;Arnhem;5,6;1,2;4,5;0,4;2,1;0,6
19;NL:Q:40001260;Amsterdamseweg/Het Dorp;Arnhem;9,1;0,7;2,6;0,2;1,4;0,2
19;NL:Q:40001270;Amsterdamseweg/Het Dorp;Arnhem;1,0;16,0;0,4;3,8;0,3;2,4
19;NL:Q:40001530;Roermondsplein;Arnhem;0,0;0,0;0,0;0,0;0,0;0,0
19;NL:Q:40001740;Middenweg;Arnhem;0,1;0,2;0,0;0,0;0,0;0,0
19;NL:Q:40001750;Marktplein (Geitenkamp);Arnhem;1,8;0,2;0,0;0,0;0,0;0,0
19;NL:Q:40001760;Marktplein (Geitenkamp);Arnhem;0,8;6,8;0,0;0,0;0,0;0,0
19;NL:Q:40002901;Monnikensteeg;Arnhem;0,1;0,1;0,0;0,0;0,0;0,0
19;NL:Q:40003030;Rozet;Arnhem;11,2;2,3;8,3;1,3;3,0;0,4
19;NL:Q:40003040;Rozet;Arnhem;1,9;16,3;1,0;13,1;0,5;4,6
19;NL:Q:40003070;Eusebiuskerk;Arnhem;11,3;9,6;10,6;1,5;2,3;0,2
19;NL:Q:40003080;Eusebiuskerk;Arnhem;3,7;19,1;0,9;20,3;0,2;3,8
19;NL:Q:40003570;Sonsbeek;Arnhem;16,5;44,2;7,4;11,2;4,4;7,4
19;NL:Q:40003580;Sonsbeek;Arnhem;8,1;18,3;3,5;8,7;1,3;5,3
19;NL:Q:40003650;Wielewaalstraat/Hoogte80;Arnhem;0,0;0,0;0,0;0,0;0,0;0,0
19;NL:Q:40003660;Wielewaalstraat/Hoogte80;Arnhem;0,1;0,1;0,0;0,0;0,0;0,0
19;NL:Q:40003670;Dominee Bechtlaan;Arnhem;0,0;0,1;0,0;0,0;0,0;0,0
19;NL:Q:40003680;Dominee Bechtlaan;Arnhem;0,0;0,1;0,0;0,0;0,0;0,0
19;NL:Q:40004009;Centraal Station;Arnhem;550,4;363,0;229,1;160,9;137,6;112,7
19;NL:Q:40004011;Centraal Station;Arnhem;0,1;9,4;0,0;1,8;0,0;6,0
19;NL:Q:40004018;Willemsplein;Arnhem;211,6;3,4;114,9;1,3;57,7;1,4
19;NL:Q:40004020;Willemsplein;Arnhem;5,4;222,0;2,2;107,8;1,5;58,4
19;NL:Q:40004730;Keulse Slag;Arnhem;19,2;15,3;9,1;8,1;2,8;3,1
19;NL:Q:40004740;Keulse Slag;Arnhem;41,3;23,5;18,9;12,5;6,2;3,1
19;NL:Q:40004750;Zuilesteinlaan/HTS;Arnhem;1,1;0,1;0,0;0,0;0,0;0,0
19;NL:Q:40004760;Zuilesteinlaan/HTS;Arnhem;0,0;6,7;0,0;0,0;0,0;0,0
19;NL:Q:40005230;Kloosterstraat;Arnhem;0,1;0,1;0,0;0,0;0,0;0,0
19;NL:Q:40005240;Middenweg;Arnhem;0,2;0,1;0,0;0,0;0,0;0,0
19;NL:Q:40005260;Kloosterstraat;Arnhem;2,6;0,0;0,0;0,0;0,0;0,0
19;NL:Q:40005270;Brederostraat;Arnhem;0,0;0,2;0,0;0,0;0,0;0,0
19;NL:Q:40005280;Brederostraat;Arnhem;2,0;0,0;0,0;0,0;0,0;0,0
19;NL:Q:40005290;Couperusstraat;Arnhem;0,0;0,4;0,0;0,0;0,0;0,0
19;NL:Q:40005300;Couperusstraat;Arnhem;0,3;0,0;0,0;0,0;0,0;0,0
19;NL:Q:40005500;Stadskantoor;Arnhem;0,9;9,7;0,1;3,9;0,0;1,6
19;NL:Q:40006570;Badhuisstraat;Arnhem;3,7;4,8;1,7;2,2;0,3;0,3
19;NL:Q:40006580;Badhuisstraat;Arnhem;3,2;2,3;2,4;1,8;0,6;0,4
19;NL:Q:40006590;Stadskantoor;Arnhem;11,8;3,1;2,7;0,7;1,2;0,3
19;NL:Q:40006650;Van Oldenbarneveldtstraat;Arnhem;1,1;8,2;0,2;0,9;0,0;0,2
19;NL:Q:40006660;Van Oldenbarneveldtstraat;Arnhem;3,5;1,7;1,1;0,6;0,4;0,1
19;NL:Q:40006670;Haven;Arnhem;1,4;8,0;0,8;2,2;0,2;0,4
19;NL:Q:40006680;Haven;Arnhem;4,5;1,2;1,7;0,5;0,2;0,1
19;NL:Q:40006690;Dr. C. Lelyweg Zuid;Arnhem;1,0;5,0;0,7;1,0;0,1;0,2
19;NL:Q:40006700;Dr. C. Lelyweg Zuid;Arnhem;3,0;1,8;2,9;1,3;0,5;0,5
19;NL:Q:40006710;Kleefse Waard;Arnhem;7,0;23,8;0,1;0,6;0,0;0,2
19;NL:Q:40006720;Kleefse Waard;Arnhem;10,7;10,2;0,9;0,2;0,1;0,0
19;NL:Q:40006731;Bruningweg;Arnhem;1,6;5,7;0,1;0,9;0,0;0,2
19;NL:Q:40006741;Bruningweg;Arnhem;5,0;2,2;0,8;0,1;0,1;0,0
19;NL:Q:40006750;P. Calandweg;Arnhem;3,2;3,2;0,9;1,1;0,3;0,2
19;NL:Q:40006760;P. Calandweg;Arnhem;3,0;4,0;1,1;1,0;0,3;0,4
19;NL:Q:40006770;Slaakweg;Arnhem;2,4;3,9;0,6;2,5;0,1;0,8
19;NL:Q:40006780;Slaakweg;Arnhem;3,5;4,6;2,2;2,1;0,7;0,8
19;NL:Q:40006790;Lange Wal;Arnhem;6,8;9,6;5,0;4,6;1,0;1,5
19;NL:Q:40008550;Centraal Station (Sonsbeek);Arnhem;37,5;1,1;14,9;0,4;11,2;0,3
19;NL:Q:40008560;Centraal Station (Sonsbeek);Arnhem;0,4;41,4;0,4;20,2;0,1;15,0
19;NL:Q:40008570;Burg. Weertsstraat;Arnhem;4,2;14,4;2,8;6,9;2,3;5,4
19;NL:Q:40008580;Burg. Weertsstraat;Arnhem;4,7;3,3;3,1;3,0;0,8;2,0
19;NL:Q:40008840;Brekelenkampstraat;Arnhem;3,2;2,2;2,0;0,9;0,5;0,4
19;NL:Q:40009043;Saksen Weimar Kazerne;Arnhem;0,0;2,7;0,0;0,0;0,0;0,0
19;NL:Q:40009067;De Braamberg;Arnhem;50,0;8,9;6,8;2,2;3,6;1,9
19;NL:Q:40009068;De Braamberg;Arnhem;8,2;40,8;2,0;7,2;1,3;4,3
19;NL:Q:40009069;Moscowa;Arnhem;23,2;19,2;8,9;2,1;5,9;2,4
19;NL:Q:40009107;Elsweide/HAN;Arnhem;3,7;0,1;0,0;0,0;0,0;0,0
19;NL:Q:40009581;CIOS;Arnhem;1,4;0,1;0,0;0,0;0,0;0,0
19;NL:Q:40059041;Golflinks;Arnhem;6,5;4,0;5,0;1,3;3,0;1,0
19;NL:Q:40059042;Golflinks;Arnhem;4,7;8,1;1,6;5,7;1,1;2,6
19;NL:Q:40059070;Moscowa;Arnhem;17,6;41,5;1,9;14,9;1,7;8,3
19;NL:Q:40120030;Hotel De Roskam;Rheden;0,7;0,5;0,9;0,1;0,2;0,1
19;NL:Q:40120050;Beekhuizenseweg;Velp;1,9;15,1;1,3;5,7;0,4;0,9
19;NL:Q:40120060;Beekhuizenseweg;Velp;11,9;2,3;5,5;0,8;1,1;0,6
19;NL:Q:40120070;A.G. Hofkeslaan;Velp;1,0;1,4;0,6;1,0;0,4;0,4
19;NL:Q:40120080;A.G. Hofkeslaan;Velp;2,1;0,9;1,8;0,5;0,4;0,2
19;NL:Q:40120090;Oosterwolde;Velp;1,0;0,5;0,8;0,4;0,2;0,1
19;NL:Q:40120100;Oosterwolde;Velp;0,4;0,8;0,2;0,4;0,1;0,2
19;NL:Q:40120110;Gasthuislaan;Velp;4,0;3,0;4,3;0,6;1,6;0,4
19;NL:Q:40120140;Reigerstraat;Velp;1,3;1,9;0,5;2,0;0,2;0,5
19;NL:Q:40120150;Gruttostraat;Velp;12,1;11,8;8,3;1,7;1,6;0,6
19;NL:Q:40120160;Gruttostraat;Velp;13,8;10,8;0,8;5,6;0,4;1,8
19;NL:Q:40123990;Ziekenhuis/Waterstraat;Velp;5,8;9,8;3,3;9,2;1,0;2,6
19;NL:Q:40124000;Ziekenhuis/Waterstraat;Velp;9,0;2,9;9,1;1,4;2,2;0,5
19;NL:Q:40124030;Haverland;Velp;2,0;4,8;1,6;5,2;0,4;1,8
19;NL:Q:40124040;Haverland;Velp;3,9;1,4;4,7;1,0;1,5;0,5
19;NL:Q:40124050;Graaf Ottostraat;Velp;3,4;4,5;1,4;4,3;0,5;1,2
19;NL:Q:40124060;Graaf Ottostraat;Velp;5,0;3,1;6,1;1,0;1,6;0,9
19;NL:Q:40124070;Graaf Gerhardstraat;Velp;3,3;5,6;0,7;2,1;0,3;0,9
19;NL:Q:40124080;Graaf Gerhardstraat;Velp;8,0;3,4;3,5;0,8;1,2;0,3
19;NL:Q:40124090;Brekelenkampstraat;Arnhem;3,6;3,4;1,4;1,7;0,4;0,5
19;NL:Q:40160030;Schelmseweg;Arnhem;1,2;10,1;0,6;6,5;0,5;4,1
19;NL:Q:40160070;Maasbergseweg;Arnhem;0,4;11,0;0,1;3,0;0,1;1,8
19;NL:Q:40160080;De Leeren Doedel;Arnhem;0,7;0,1;1,0;0,9;0,6;0,1
19;NL:Q:40160090;De Leeren Doedel;Arnhem;0,1;1,2;0,2;1,4;0,1;0,8
19;NL:Q:40160110;De Vijverberg;Arnhem;0,0;0,3;0,0;0,2;0,0;0,4
19;NL:Q:40160120;De Vijverberg;Arnhem;0,2;0,3;0,1;0,1;0,1;0,2
19;NL:Q:40160130;Klein Warnsborn;Arnhem;1,0;1,5;0,3;0,5;0,1;1,0
19;NL:Q:40160140;Klein Warnsborn;Arnhem;0,9;0,5;0,4;0,1;0,3;0,0
19;NL:Q:40169091;Van der Valk/Papendal;Arnhem;19,5;2,5;20,0;0,8;9,8;0,8
19;NL:Q:40169092;Van der Valk/Papendal;Arnhem;1,4;28,1;0,6;19,0;0,3;15,4
19;NL:Q:40169093;Revalidatie Centrum BIO;Arnhem;1,7;0,2;0,4;0,1;0,5;0,0
19;NL:Q:40169094;Revalidatie Centrum BIO;Arnhem;0,1;1,0;0,0;0,3;0,1;0,4
19;NL:Q:40169095;Grijsoord;Arnhem;0,1;0,0;0,0;0,0;0,0;0,0
19;NL:Q:40169096;Grijsoord;Arnhem;0,0;0,3;0,0;0,2;0,0;0,2
19;NL:Q:40169098;'s-Koonings Jaght;Arnhem;0,4;24,6;0,1;10,4;0,1;7,1
19;NL:Q:40258001;Schalterdalweg;Woeste Hoeve;2,1;2,2;1,9;1,3;2,0;1,6
19;NL:Q:40269001;Oud Reemsterweg;Oud Reemst;0,8;0,5;0,6;0,1;0,4;0,1
19;NL:Q:40269002;Oud Reemsterweg;Oud Reemst;0,1;0,5;0,1;0,5;0,0;0,4
19;NL:Q:40269003;Huize Jeekel;Oud Reemst;0,1;0,1;0,0;0,1;0,0;0,1
19;NL:Q:40269004;Huize Jeekel;Oud Reemst;0,0;0,1;0,1;0,1;0,0;0,2
19;NL:Q:40269097;'s-Koonings Jaght;Arnhem;20,8;0,4;9,2;0,2;6,3;0,2
19;NL:Q:40300170;Telefoonweg;Renkum;0,0;0,0;0,0;0,0;0,0;0,0
19;NL:Q:40344001;Apeldoornseweg;'s Heeren Loo;12,9;2,4;3,0;0,8;2,1;0,3
19;NL:Q:40344002;Apeldoornseweg;'s Heeren Loo;1,5;12,6;0,6;3,5;0,4;2,6
19;NL:Q:40351001;Stoppelbergweg;Beekbergen;1,7;4,4;1,6;3,2;1,4;2,6
19;NL:Q:40351002;Stoppelbergweg;Beekbergen;3,8;2,1;3,4;2,2;1,9;1,4
19;NL:Q:40351003;Vossenfarm;Beekbergen;0,3;0,6;0,3;0,4;0,2;0,1
19;NL:Q:40351004;Vossenfarm;Beekbergen;0,2;0,5;0,1;0,1;0,7;0,1
19;NL:Q:40351006;Berg en Dalweg;Beekbergen;2,0;2,3;1,0;1,5;0,8;1,8
19;NL:Q:40358002;Schalterdalweg;Woeste Hoeve;2,4;2,7;0,9;3,1;1,6;1,8
19;NL:Q:40360001;'t Lage Veld;Otterlo;2,7;1,2;2,5;0,6;2,4;0,7
19;NL:Q:40360002;'t Lage Veld;Otterlo;0,9;3,2;0,7;3,0;0,9;1,8
19;NL:Q:40360003;De Zanding;Otterlo;4,1;1,2;2,7;1,1;3,5;0,6
19;NL:Q:40360004;De Zanding;Otterlo;0,8;3,8;0,5;3,3;0,7;1,6
19;NL:Q:40360005;Onderlangs;Otterlo;4,6;1,6;3,1;0,9;2,6;0,5
19;NL:Q:40360006;Onderlangs;Otterlo;1,0;5,9;1,8;4,8;0,8;2,2
19;NL:Q:40360007;Centrum;Otterlo;9,1;0,8;10,6;0,9;7,4;0,6
19;NL:Q:40360008;Centrum;Otterlo;0,9;8,2;1,2;9,1;0,5;5,5
19;NL:Q:40360009;Rotonde;Otterlo;39,7;31,8;32,0;21,9;22,0;12,8
19;NL:Q:40360010;Rotonde;Otterlo;33,2;41,8;26,3;33,2;18,0;18,3
19;NL:Q:40360013;Rotonde;Otterlo;17,5;22,6;11,9;5,6;7,8;2,8
19;NL:Q:40360014;Rotonde;Otterlo;23,9;16,5;6,5;11,3;2,4;8,2
19;NL:Q:40360019;Begraafplaats;Otterlo;0,2;0,2;0,3;0,4;0,2;0,1
19;NL:Q:40360020;Begraafplaats;Otterlo;0,2;0,2;0,3;0,5;0,2;0,2
19;NL:Q:40361002;Museum Schietkamp;Harskamp;0,7;1,7;0,4;0,8;0,0;0,6
19;NL:Q:40362008;Ingang Otterlo;De Hoge Veluwe;0,3;2,9;0,9;8,4;0,4;4,4
19;NL:Q:40374001;Centrum;Hoenderloo;5,8;8,9;6,6;7,5;4,6;4,9
19;NL:Q:40374002;Centrum;Hoenderloo;8,8;3,9;8,1;4,2;4,3;2,0
19;NL:Q:40374005;Krimweg Dorp;Hoenderloo;1,7;4,2;1,2;3,0;1,0;1,6
19;NL:Q:40374006;Krimweg Dorp;Hoenderloo;2,4;1,7;2,2;1,5;1,7;0,8
19;NL:Q:40374011;Hoenderloo Groep;Hoenderloo;2,8;2,9;1,2;1,9;0,9;2,0
19;NL:Q:40374012;Hoenderloo Groep;Hoenderloo;4,9;4,3;3,0;3,2;2,6;2,4
19;NL:Q:40374013;Miggelenbergweg;Hoenderloo;2,8;9,7;1,6;7,9;1,9;6,8
19;NL:Q:40374014;Miggelenbergweg;Hoenderloo;8,5;2,8;6,9;1,9;5,8;1,3
19;NL:Q:40400080;Arboretumlaan;Wageningen;0,3;7,3;0,3;5,6;0,9;9,5
19;NL:Q:40400085;Arboretumlaan;Wageningen;8,4;1,0;7,9;0,9;4,0;0,6
19;NL:Q:40402017;Bosweg;Bennekom;4,3;1,9;2,9;1,8;1,5;1,0
19;NL:Q:40406007;Dolderstraat;Wageningen;11,9;2,8;9,8;1,9;7,1;1,6
19;NL:Q:40406008;Dolderstraat;Wageningen;1,9;7,2;1,3;5,9;1,0;8,8
19;NL:Q:40406009;Nobelweg;Wageningen;40,1;8,8;45,0;3,5;22,1;2,0
19;NL:Q:40406010;Nobelweg;Wageningen;9,3;24,3;3,6;20,3;2,0;28,2
19;NL:Q:40406011;Mansholtlaan;Wageningen;6,1;0,9;4,5;0,7;2,5;0,2
19;NL:Q:40406012;Mansholtlaan;Wageningen;1,1;6,8;0,5;2,8;0,3;3,4
19;NL:Q:40406013;Buissteeg;Wageningen;2,6;1,5;2,7;1,1;1,9;0,5
19;NL:Q:40406014;Buissteeg;Wageningen;1,2;2,9;1,1;2,3;0,4;1,8
19;NL:Q:40406019;Haagsteeg;Wageningen;239,0;28,6;171,1;9,2;89,4;9,7
19;NL:Q:40406020;Haagsteeg;Wageningen;24,7;209,7;7,9;127,0;4,9;226,4
19;NL:Q:40406021;Business- en Science Park;Wageningen;92,4;19,0;53,4;12,9;35,6;9,1
19;NL:Q:40406022;Business- en Science Park;Wageningen;16,2;79,9;9,4;41,3;6,1;72,4
19;NL:Q:40406023;Dijkgraaf;Wageningen;44,8;7,0;68,8;8,3;41,2;5,6
19;NL:Q:40406024;Dijkgraaf;Wageningen;5,8;47,3;7,8;60,8;4,8;61,6
19;NL:Q:40406025;Bornsesteeg;Wageningen;49,8;17,8;95,7;21,1;49,2;11,9
19;NL:Q:40406026;Bornsesteeg;Wageningen;16,6;45,8;20,5;76,2;11,8;83,1
19;NL:Q:40406027;Hoevestein;Wageningen;75,9;9,4;67,3;7,6;37,6;4,6
19;NL:Q:40406028;Hoevestein;Wageningen;10,2;72,7;7,1;74,4;5,1;104,9
19;NL:Q:40406029;Campus/Atlas;Wageningen;157,7;15,7;23,0;3,6;14,7;3,6
19;NL:Q:40406030;Campus/Atlas;Wageningen;15,5;177,4;3,8;24,9;4,3;32,1
19;NL:Q:40406035;Busstation;Wageningen;442,0;421,0;359,2;288,3;206,6;310,2
19;NL:Q:40406051;Geertjesweg;Wageningen;13,6;1,5;13,3;0,9;7,3;0,2
19;NL:Q:40406052;Geertjesweg;Wageningen;1,1;8,2;0,8;7,3;0,4;11,0
19;NL:Q:40407021;Mondriaanlaan;Wageningen;54,2;7,1;0,4;0,1;2,6;0,7
19;NL:Q:40407022;Mondriaanlaan;Wageningen;6,6;42,9;0,1;0,3;0,6;21,0
19;NL:Q:40407023;Campus/Forum;Wageningen;145,5;45,0;0,8;0,2;2,3;1,0
19;NL:Q:40407024;Campus/Forum;Wageningen;47,9;126,2;0,1;0,7;0,6;31,8
19;NL:Q:40432001;De Harmonie;Laag-Soeren;6,1;1,3;2,4;0,7;0,6;0,2
19;NL:Q:40432002;De Harmonie;Laag-Soeren;1,2;6,7;0,5;2,7;0,1;1,1
19;NL:Q:40433002;'t Veentje;Eerbeek;0,1;0,8;0,1;0,3;0,1;0,0
19;NL:Q:40441001;Harderwijkerweg;Loenen;0,7;1,8;0,2;0,4;0,1;0,1
19;NL:Q:40441003;Bergakkerweg;Loenen;0,7;3,5;0,6;1,3;0,3;0,6
19;NL:Q:40441004;Bergakkerweg;Loenen;2,9;0,9;1,9;0,8;0,6;0,1
19;NL:Q:40441005;Bruisbeek;Loenen;3,4;9,0;1,7;2,4;0,4;0,8
19;NL:Q:40441006;Bruisbeek;Loenen;11,0;3,1;4,9;2,0;1,4;0,5
19;NL:Q:40441007;Leeuwenbergweg;Loenen;2,0;9,0;0,6;3,9;0,3;1,2
19;NL:Q:40441008;Leeuwenbergweg;Loenen;6,5;2,3;3,8;0,9;1,4;0,4
19;NL:Q:40441009;Hoge Bergweg;Loenen;1,6;7,1;1,2;5,0;0,4;1,2
19;NL:Q:40441010;Hoge Bergweg;Loenen;6,8;1,7;4,9;1,2;1,7;0,2
19;NL:Q:40441011;Hoofdweg;Lieren;0,2;0,0;0,0;0,0;0,0;0,0
19;NL:Q:40441014;Voorsterweg;Lieren;0,3;0,4;0,0;0,0;0,0;0,0
19;NL:Q:40451005;Berg en Dalweg;Beekbergen;1,6;3,6;1,0;1,3;0,9;1,7
19;NL:Q:40451007;De Smittenberg;Beekbergen;17,3;14,2;8,7;7,9;7,4;6,6
19;NL:Q:40451008;De Smittenberg;Beekbergen;9,1;16,5;8,0;9,7;5,2;6,4
19;NL:Q:40451009;Hagenbrug;Beekbergen;10,5;18,3;5,1;7,5;3,7;4,6
19;NL:Q:40451010;Hagenbrug;Beekbergen;15,8;10,1;9,1;5,3;4,6;3,2
19;NL:Q:40451013;De Wipselberg;Beekbergen;0,3;2,2;0,4;2,5;0,2;0,4
19;NL:Q:40451014;De Wipselberg;Beekbergen;1,7;0,5;2,4;0,5;1,0;0,2
19;NL:Q:40451015;Hulleweg;Beekbergen;0,6;3,6;0,7;2,7;0,1;0,7
19;NL:Q:40451016;Hulleweg;Beekbergen;3,3;0,8;4,0;0,3;1,1;0,1
19;NL:Q:40451017;Zonnehuis;Beekbergen;1,1;2,9;0,4;1,4;0,2;0,3
19;NL:Q:40451018;Zonnehuis;Beekbergen;2,9;1,5;1,0;1,3;0,5;0,5
19;NL:Q:40451019;Kerkweg;Beekbergen;3,2;4,3;2,9;5,5;0,4;0,6
19;NL:Q:40451020;Kerkweg;Beekbergen;6,6;2,2;4,7;2,2;0,8;0,4
19;NL:Q:40451021;Koningsweg;Beekbergen;0,3;1,2;0,3;1,7;0,4;0,4
19;NL:Q:40451022;Koningsweg;Beekbergen;2,5;0,6;1,7;0,6;0,2;0,4
19;NL:Q:40451034;Laan van Westenenk;Apeldoorn;9,4;4,2;1,1;0,8;0,4;0,3
19;NL:Q:40451075;Kapelmeestershoeve;Apeldoorn;3,0;5,7;0,6;0,5;0,3;0,4
19;NL:Q:40451076;Kapelmeestershoeve;Apeldoorn;7,6;2,3;1,0;0,3;0,2;0,3
19;NL:Q:40451077;De Eglantier;Apeldoorn;20,9;13,6;9,5;3,3;1,7;0,5
19;NL:Q:40451078;De Eglantier;Apeldoorn;15,3;21,0;3,0;3,1;0,2;1,3
19;NL:Q:40451096;Laan van Erica;Apeldoorn;4,9;4,0;0,6;0,2;0,0;0,2
19;NL:Q:40451097;Jaromirgaarde;Apeldoorn;2,4;1,6;0,5;0,3;0,0;0,0
19;NL:Q:40451098;Jaromirgaarde;Apeldoorn;1,7;1,9;0,1;0,2;0,0;0,0
19;NL:Q:40451099;Rademakersdonk;Apeldoorn;5,2;2,3;1,7;0,6;0,5;0,0
19;NL:Q:40451100;Rademakersdonk;Apeldoorn;2,5;4,7;0,5;0,8;0,0;0,4
19;NL:Q:40451101;Valkeniersdonk;Apeldoorn;4,9;3,8;1,0;0,9;0,2;0,0
19;NL:Q:40451102;Valkeniersdonk;Apeldoorn;2,9;6,2;0,4;0,7;0,0;0,2
19;NL:Q:40451103;Turfstekershoeve;Apeldoorn;4,5;5,7;1,1;1,2;0,3;0,0
19;NL:Q:40451105;Landdrostlaan;Apeldoorn;4,6;15,3;0,4;1,7;0,0;0,0
19;NL:Q:40451106;Landdrostlaan;Apeldoorn;12,4;5,2;0,8;0,6;0,0;0,0
19;NL:Q:40451143;Soldeniersveld;Apeldoorn;0,2;0,0;0,0;0,0;0,0;0,0
19;NL:Q:40451181;Ferguutgaarde;Apeldoorn;2,6;0,2;0,1;0,1;0,1;0,2
19;NL:Q:40451182;De Heemgaard;Apeldoorn;15,7;4,6;0,0;0,1;0,0;0,5
19;NL:Q:40451183;De Heemgaard;Apeldoorn;3,7;19,7;0,0;0,0;0,3;0,0
19;NL:Q:40451210;Ferguutgaarde;Apeldoorn;3,1;2,7;0,0;0,0;0,0;0,2
19;NL:Q:40451252;Kooikersdreef;Apeldoorn;1,3;1,5;0,0;0,0;0,0;0,0
19;NL:Q:40451259;Parlevinkershoeve;Apeldoorn;6,8;5,9;1,1;0,9;0,0;0,4
19;NL:Q:40451333;Ekro;Apeldoorn;0,3;0,4;0,0;0,0;0,0;0,0
19;NL:Q:40451351;Eglantierlaan;Apeldoorn;0,9;0,6;0,0;0,0;0,2;0,2
19;NL:Q:40451402;Veldbrugweg;Lieren;0,0;0,1;0,0;0,0;0,0;0,0
19;NL:Q:40451403;Veldbrugweg;Lieren;0,1;0,0;0,0;0,0;0,0;0,0
19;NL:Q:40451404;Tullekensmolenweg;Lieren;0,0;0,3;0,0;0,0;0,0;0,0
19;NL:Q:40451405;Tullekensmolenweg;Lieren;0,4;0,0;0,0;0,0;0,0;0,0
19;NL:Q:40451406;Molenberg;Lieren;0,0;0,3;0,0;0,0;0,0;0,0
19;NL:Q:40451407;Molenberg;Lieren;0,1;0,0;0,0;0,0;0,0;0,0
19;NL:Q:40451408;Dorpshuis;Oosterhuizen;0,0;0,3;0,0;0,0;0,0;0,0
19;NL:Q:40451409;Dorpshuis;Oosterhuizen;0,4;0,0;0,0;0,0;0,0;0,0
19;NL:Q:40451412;Wittekruisweg;Oosterhuizen;0,0;0,1;0,0;0,0;0,0;0,0
19;NL:Q:40451413;Wittekruisweg;Oosterhuizen;0,1;0,0;0,0;0,0;0,0;0,0
19;NL:Q:40451414;Vinkenkamp;Oosterhuizen;0,0;0,0;0,0;0,0;0,0;0,0
19;NL:Q:40451415;Vinkenkamp;Oosterhuizen;0,0;0,0;0,0;0,0;0,0;0,0
19;NL:Q:40451416;Veendijk;Oosterhuizen;0,0;0,1;0,0;0,0;0,0;0,0
19;NL:Q:40451417;Veendijk;Oosterhuizen;0,1;0,0;0,0;0,0;0,0;0,0
19;NL:Q:40451459;Achterste Kerkweg;Oosterhuizen;0,1;0,0;0,0;0,0;0,0;0,0
19;NL:Q:40451461;Wilmersdorf;Apeldoorn;0,4;0,0;0,0;0,0;0,0;0,0
19;NL:Q:40451462;Wilmersdorf;Apeldoorn;0,0;0,5;0,0;0,0;0,0;0,0
19;NL:Q:40451501;Laan van Malkenschoten;Apeldoorn;33,1;15,2;3,8;1,6;3,2;0,8
19;NL:Q:40451502;Laan van Malkenschoten;Apeldoorn;40,4;40,1;2,7;5,9;0,4;3,3
19;NL:Q:40459001;Aventurijn;Loenen;0,4;0,1;0,0;0,0;0,0;0,0
19;NL:Q:40461001;Museum Schietkamp;Harskamp;1,5;0,7;0,3;0,2;0,1;0,1
19;NL:Q:40461003;Centrum;Harskamp;4,3;3,3;1,8;2,0;1,0;0,7
19;NL:Q:40461004;Centrum;Harskamp;2,6;4,2;1,1;1,7;0,5;0,8
19;NL:Q:40461005;De Spil;Harskamp;4,4;1,6;0,9;0,5;0,5;0,2
19;NL:Q:40461006;De Spil;Harskamp;1,9;5,2;0,5;1,6;0,1;0,6
19;NL:Q:40461007;Kraatsweg;Harskamp;8,5;6,9;4,0;0,8;1,9;0,4
19;NL:Q:40461008;Kraatsweg;Harskamp;7,9;7,5;1,2;3,9;0,2;1,2
19;NL:Q:40461009;Radioweg;Harskamp;1,1;1,9;0,6;0,4;0,6;0,2
19;NL:Q:40461010;Radioweg;Harskamp;1,7;2,0;0,4;0,6;0,2;0,6
19;NL:Q:40461011;Kraaikamperweg;Harskamp;1,2;0,5;0,3;0,0;0,1;0,0
19;NL:Q:40461012;Kraaikamperweg;Harskamp;0,4;0,4;0,1;0,2;0,0;0,2
19;NL:Q:40461013;Hoog Buurloseweg;Harskamp;1,8;1,7;0,9;0,3;0,8;0,1
19;NL:Q:40461014;Hoog Buurloseweg;Harskamp;2,5;1,9;0,4;0,9;0,2;0,3
19;NL:Q:40461015;Westenengerdijk;Harskamp;1,4;4,5;0,4;0,0;0,1;0,1
19;NL:Q:40461017;Harscamp;Harskamp;5,8;2,7;2,9;0,2;1,6;0,1
19;NL:Q:40461018;Harscamp;Harskamp;3,8;5,8;0,3;3,4;0,1;1,0
19;NL:Q:40463001;Hazendonkweg;Stroe;0,7;0,5;0,2;0,2;0,0;0,0
19;NL:Q:40463002;Hazendonkweg;Stroe;0,2;0,7;0,1;0,4;0,0;0,1
19;NL:Q:40463004;Heetweg;Stroe;1,8;2,0;0,1;0,9;0,1;0,4
19;NL:Q:40471152;Randerode;Apeldoorn;0,4;0,3;0,0;0,0;0,2;0,2
19;NL:Q:40471170;Middachten;Apeldoorn;0,4;0,1;0,3;0,1;0,3;0,0
19;NL:Q:40471171;Middachten;Apeldoorn;0,1;0,6;0,1;0,4;0,0;0,6
19;NL:Q:40471175;Vlietweg;Apeldoorn;0,2;0,5;0,1;0,2;0,1;0,3
19;NL:Q:40471228;Laan van Spitsbergen;Apeldoorn;10,5;4,7;5,5;1,6;3,6;1,2
19;NL:Q:40471463;Hoog Buurloseweg;Hoenderloo;1,9;1,2;0,6;1,0;0,7;1,0
19;NL:Q:40471464;Hoog Buurloseweg;Hoenderloo;0,8;2,1;0,2;0,7;0,5;0,6
19;NL:Q:40471465;Van der Valk/De Cantharel;Apeldoorn;2,3;8,4;1,1;6,2;1,8;4,1
19;NL:Q:40471466;Van der Valk/De Cantharel;Apeldoorn;6,9;2,6;6,1;1,5;3,9;1,4
19;NL:Q:40471467;Gelre Ziekenhuis;Apeldoorn;4,1;2,7;1,5;0,7;1,4;1,1
19;NL:Q:40471471;;;0,0;0,0;0,0;0,0;0,1;0,0
19;NL:Q:40471472;;;0,0;0,0;0,1;0,0;0,0;0,0
19;NL:Q:40480015;Kronkelweg;Hoenderloo;0,7;0,2;0,2;0,1;0,1;0,1
19;NL:Q:40480016;Kronkelweg;Hoenderloo;0,4;0,8;0,1;0,3;0,1;0,2
19;NL:Q:40482003;Bezoekerscentrum;De Hoge Veluwe;2,4;0,1;5,3;0,0;2,4;0,1
19;NL:Q:40482004;Bezoekerscentrum;De Hoge Veluwe;0,6;2,4;0,3;3,1;0,1;2,1
19;NL:Q:40482005;Kroller Muller Museum;De Hoge Veluwe;3,6;0,2;7,6;0,5;4,4;0,3
19;NL:Q:40482006;Kroller Muller Museum;De Hoge Veluwe;0,2;3,8;0,2;6,8;0,3;4,4
19;NL:Q:40482007;Ingang Otterlo;De Hoge Veluwe;0,9;0,2;2,5;0,9;1,1;0,3
19;NL:Q:40512001;Station Ede-Wageningen;Ede;7,4;783,9;2,4;419,7;6,0;268,2
19;NL:Q:40512002;Station Ede-Wageningen;Ede;216,9;3,1;46,1;0,5;30,4;0,7
19;NL:Q:40512003;Moreelsestraat;Ede;4,8;1,6;1,7;0,9;0,3;0,1
19;NL:Q:40512004;Moreelsestraat;Ede;1,8;4,9;0,6;2,2;0,6;0,8
19;NL:Q:40512005;Vossenweg;Bennekom;12,1;2,2;6,8;1,9;4,8;1,4
19;NL:Q:40512006;Vossenweg;Bennekom;2,2;10,7;2,4;5,8;1,0;5,1
19;NL:Q:40512007;Ziekenhuis Gelderse Vallei;Ede;0,1;0,3;0,0;0,1;0,0;0,0
19;NL:Q:40512008;Ziekenhuis Gelderse Vallei;Ede;0,3;0,0;0,1;0,0;0,0;0,0
19;NL:Q:40512009;Strooyweg;Bennekom;10,1;2,3;7,7;1,2;4,5;0,6
19;NL:Q:40512010;Strooyweg;Bennekom;1,0;8,3;1,0;6,4;0,6;5,0
19;NL:Q:40512011;Molenstraat;Bennekom;11,4;2,5;6,6;2,3;2,6;1,0
19;NL:Q:40512012;Molenstraat;Bennekom;2,4;9,1;2,0;5,8;1,2;4,9
19;NL:Q:40512013;Hof van Sint Pieter;Bennekom;5,8;1,2;3,5;0,8;2,2;0,8
19;NL:Q:40512014;Hof van Sint Pieter;Bennekom;1,1;5,5;0,7;4,5;0,8;2,8
19;NL:Q:40512015;Bart van Elstplantsoen;Bennekom;16,6;4,7;8,8;5,3;5,3;1,5
19;NL:Q:40512016;Bart van Elstplantsoen;Bennekom;4,9;12,8;4,8;7,0;1,4;6,6
19;NL:Q:40512018;Bosweg;Bennekom;1,1;4,0;0,8;3,4;0,8;2,4
19;NL:Q:40512019;Horalaan;Ede;3,8;12,9;1,0;2,5;1,1;2,0
19;NL:Q:40512020;Horalaan;Ede;11,0;7,3;2,8;0,8;1,7;1,3
19;NL:Q:40512021;De Reehorst;Ede;4,8;3,5;0,2;2,1;0,0;1,0
19;NL:Q:40512022;De Reehorst;Ede;3,5;4,2;1,6;1,5;1,0;0,4
19;NL:Q:40512023;Bovenbuurtweg;Ede;86,4;134,5;14,7;13,7;8,9;10,1
19;NL:Q:40512024;Bovenbuurtweg;Ede;128,7;80,7;13,9;18,7;9,9;11,3
19;NL:Q:40512025;Jan Vermeerstraat;Ede;9,3;3,2;3,1;1,1;0,9;0,9
19;NL:Q:40512026;Jan Vermeerstraat;Ede;2,6;7,6;0,7;2,3;0,9;1,0
19;NL:Q:40512027;Stadspoort;Ede;45,6;56,8;19,5;27,1;11,8;16,2
19;NL:Q:40512028;Stadspoort;Ede;47,3;37,9;21,4;15,3;14,6;11,4
19;NL:Q:40512030;Ziekenhuis Gelderse Vallei;Ede;126,2;84,4;29,9;23,8;19,0;15,7
19;NL:Q:40512031;Van Steenbergenweg;Ede;1,0;1,4;0,1;0,8;0,0;0,1
19;NL:Q:40512033;Prof. Oudpark;Ede;1,9;1,8;0,9;1,2;0,2;0,3
19;NL:Q:40512035;Coornhertstate;Ede;10,8;3,9;4,4;2,3;1,8;1,1
19;NL:Q:40512036;Coornhertstate;Ede;3,9;11,7;2,8;4,1;0,9;2,0
19;NL:Q:40512037;'t Riet;Ede;7,8;2,8;2,9;2,8;1,1;0,7
19;NL:Q:40512039;Ben Goerionsingel;Ede;3,2;1,0;0,9;0,5;0,3;0,3
19;NL:Q:40512040;Ben Goerionsingel;Ede;0,9;3,1;0,6;1,4;0,1;1,1
19;NL:Q:40512131;Kenniscampus;Ede;92,2;23,0;3,6;2,2;1,0;0,4
19;NL:Q:40512132;Kenniscampus;Ede;23,6;120,0;2,1;3,5;0,7;1,9
19;NL:Q:40512153;De Gelderhorst;Ede;4,7;4,9;2,5;3,9;0,6;1,0
19;NL:Q:40512154;De Gelderhorst;Ede;0,9;1,3;1,0;1,3;0,0;0,0
19;NL:Q:40512201;Halderbrink;Bennekom;16,5;7,3;8,9;3,5;7,3;3,2
19;NL:Q:40512202;Halderbrink;Bennekom;7,1;20,0;6,9;10,8;3,4;10,0
19;NL:Q:40512203;Hoekelumse Brinkweg;Bennekom;6,4;2,0;2,6;1,9;1,4;1,2
19;NL:Q:40512204;Hoekelumse Brinkweg;Bennekom;1,9;6,4;2,0;3,1;1,4;2,3
19;NL:Q:40512207;Heidelaan;Bennekom;2,8;1,0;1,4;1,0;0,9;0,6
19;NL:Q:40512208;Heidelaan;Bennekom;2,0;7,3;1,5;3,7;0,9;2,5
19;NL:Q:40512999;Ziekenhuis Gelderse Vallei;Ede;164,6;211,6;44,8;53,7;24,3;30,6
19;NL:Q:40513003;Mausoleum;Ede;0,0;0,0;0,0;0,0;0,0;0,0
19;NL:Q:40513004;Mausoleum;Ede;0,0;0,1;0,0;0,1;0,0;0,0
19;NL:Q:40513014;Maanderzand;Ede;0,3;0,3;0,6;0,4;0,0;0,0
19;NL:Q:40513015;Beatrixpark;Ede;0,3;0,1;0,1;0,0;0,0;0,0
19;NL:Q:40513016;Beatrixpark;Ede;0,1;0,1;0,1;0,0;0,0;0,0
19;NL:Q:40513019;Zuiderkroon;Ede;0,0;0,2;0,0;0,3;0,0;0,0
19;NL:Q:40513020;Zuiderkroon;Ede;0,2;0,0;0,3;0,0;0,0;0,0
19;NL:Q:40513027;Billitonlaan/Timorlaan;Ede;2,9;5,5;1,1;3,3;1,4;2,5
19;NL:Q:40513028;Billitonlaan/Timorlaan;Ede;6,7;3,8;2,8;0,8;3,2;1,4
19;NL:Q:40513029;Kerkweg;Ede;0,0;0,0;0,0;0,0;0,0;0,0
19;NL:Q:40513030;Kerkweg;Ede;0,0;0,0;0,0;0,0;0,0;0,0
19;NL:Q:40513031;Koekeltse Boslaan;Ede;3,6;8,3;2,4;3,2;2,1;2,4
19;NL:Q:40513032;Koekeltse Boslaan;Ede;8,4;4,2;2,5;2,3;1,5;2,6
19;NL:Q:40513037;Prof. Oudpark;Ede;1,2;1,6;1,8;0,7;0,2;0,4
19;NL:Q:40513038;'t Riet;Ede;3,0;8,2;1,6;3,2;0,8;2,3
19;NL:Q:40513039;Belvedere;Ede;0,6;0,5;1,1;0,9;0,0;0,0
19;NL:Q:40522125;La Vendula;Ede;0,5;0,1;0,3;0,1;0,1;0,0
19;NL:Q:40528001;Roekelseweg;Wekerom;1,5;0,5;1,3;0,3;0,4;0,0
19;NL:Q:40528002;Roekelseweg;Wekerom;0,6;1,6;0,4;0,9;0,0;0,4
19;NL:Q:40528003;Wekeromse Buurtweg;Wekerom;3,0;1,6;0,8;0,4;0,6;0,4
19;NL:Q:40528004;Wekeromse Buurtweg;Wekerom;1,8;3,8;0,3;1,5;0,4;1,0
19;NL:Q:40528006;Garage Veldhuizen;De Valk;0,0;0,1;0,0;0,0;0,0;0,0
19;NL:Q:40528007;Kruispunt;Wekerom;7,2;11,6;3,1;0,8;0,8;0,2
19;NL:Q:40528008;Kruispunt;Wekerom;10,6;5,8;0,9;2,6;0,2;0,6
19;NL:Q:40528009;A.G. Wijersweg;Wekerom;1,4;0,0;0,0;0,0;0,0;0,0
19;NL:Q:40528010;A.G. Wijersweg;Wekerom;0,0;0,4;0,0;0,0;0,0;0,0
19;NL:Q:40528011;Dorpsplein;Wekerom;0,1;0,1;0,4;0,3;0,0;0,0
19;NL:Q:40528017;;;0,1;0,2;0,0;0,0;0,0;0,1
19;NL:Q:40528018;;;0,1;0,1;0,0;0,0;0,0;0,0
19;NL:Q:40528026;Westenengerdijk;Harskamp;5,3;1,5;0,1;0,3;0,0;0,1
19;NL:Q:40541002;Harderwijkerweg;Loenen;1,7;1,0;0,4;0,4;0,1;0,1
19;NL:Q:40542001;Hallsebrug;Hall;0,0;0,0;0,0;0,0;0,0;0,0
19;NL:Q:40542002;Hallsebrug;Hall;0,0;0,0;0,0;0,0;0,0;0,0
19;NL:Q:40543001;'t Veentje;Eerbeek;0,3;0,5;0,4;0,2;0,3;0,0
19;NL:Q:40543003;Coldenhovenseweg;Eerbeek;3,1;3,8;1,4;1,0;0,4;0,3
19;NL:Q:40543004;Coldenhovenseweg;Eerbeek;4,9;3,7;2,1;2,4;0,4;0,5
19;NL:Q:40543005;Loubergweg;Eerbeek;4,3;5,3;1,3;1,7;0,5;0,4
19;NL:Q:40543006;Loubergweg;Eerbeek;4,8;5,1;1,6;1,3;0,7;0,5
19;NL:Q:40543007;Centrum;Eerbeek;7,9;7,8;4,0;3,3;1,0;0,8
19;NL:Q:40543008;Centrum;Eerbeek;6,9;7,0;2,5;3,4;0,8;0,6
19;NL:Q:40543009;Offenbachstraat;Eerbeek;13,7;20,3;4,2;7,4;1,3;2,2
19;NL:Q:40543010;Offenbachstraat;Eerbeek;25,9;17,7;11,2;6,6;2,6;1,6
19;NL:Q:40543011;Ringlaan;Eerbeek;12,0;31,5;2,4;5,8;0,9;2,2
19;NL:Q:40543012;Ringlaan;Eerbeek;23,4;9,1;5,2;2,5;1,8;1,1
19;NL:Q:40543013;Vondellaan;Eerbeek;8,0;11,7;1,7;4,3;0,6;1,4
19;NL:Q:40543014;Vondellaan;Eerbeek;12,7;7,0;5,7;1,5;1,8;0,7
19;NL:Q:40543015;'t Hungeling;Eerbeek;0,1;0,0;0,0;0,0;0,0;0,0
19;NL:Q:40543016;'t Hungeling;Eerbeek;0,0;0,1;0,0;0,0;0,0;0,0
19;NL:Q:40543021;De Beekwal;Eerbeek;0,0;0,4;0,0;0,2;0,0;0,0
19;NL:Q:40543027;Loenenseweg;Eerbeek;0,1;0,0;0,0;0,0;0,0;0,0
19;NL:Q:40543028;Bijenkorf;Eerbeek;0,0;0,3;0,0;0,0;0,0;0,0
19;NL:Q:40543029;Bijenkorf;Eerbeek;0,3;0,0;0,0;0,0;0,0;0,0
19;NL:Q:40543030;Blekerserf;Eerbeek;0,0;0,1;0,0;0,0;0,0;0,0
19;NL:Q:40543031;Blekerserf;Eerbeek;0,2;0,0;0,0;0,0;0,0;0,0
19;NL:Q:40543032;Ydinkerf;Eerbeek;0,0;0,1;0,0;0,0;0,0;0,0
19;NL:Q:40543033;Ydinkerf;Eerbeek;0,1;0,0;0,0;0,0;0,0;0,0
19;NL:Q:40543034;Odinkerf;Eerbeek;0,0;0,1;0,0;0,0;0,0;0,0
19;NL:Q:40543035;Odinkerf;Eerbeek;0,1;0,0;0,0;0,0;0,0;0,0
19;NL:Q:40543036;Loenenseweg;Eerbeek;0,0;0,3;0,0;0,0;0,0;0,0
19;NL:Q:40543051;Landal Coldenhove;Eerbeek;0,7;0,7;0,0;0,0;0,0;0,0
19;NL:Q:40543061;Zwembad;Eerbeek;0,1;0,0;0,0;0,0;0,0;0,0
19;NL:Q:40543062;Zwembad;Eerbeek;0,0;0,0;0,0;0,0;0,0;0,0
19;NL:Q:40543077;Kloosterstraat;Eerbeek;0,1;0,0;0,0;0,0;0,0;0,0
19;NL:Q:40543081;Boerhaavelaan;Eerbeek;0,4;0,3;0,2;0,2;0,0;0,0
19;NL:Q:40548076;Dierenseweg;Eerbeek;0,3;0,5;0,0;0,0;0,0;0,0
19;NL:Q:40550001;Van Haeftenkazerne;Apeldoorn;8,5;8,8;5,7;4,5;3,0;2,5
19;NL:Q:40550002;Van Haeftenkazerne;Apeldoorn;6,6;8,1;3,3;5,3;3,2;2,6
19;NL:Q:40550200;;;0,1;0,0;0,0;0,0;0,1;0,0
19;NL:Q:40551001;Station;Apeldoorn;3,8;3,9;0,0;0,0;0,0;0,0
19;NL:Q:40551003;Marktplein;Apeldoorn;104,9;11,6;53,3;3,4;19,1;0,7
19;NL:Q:40551004;Marktplein;Apeldoorn;16,7;137,3;9,6;78,2;3,1;27,0
19;NL:Q:40551005;Oranjepark;Apeldoorn;20,7;4,5;4,6;1,1;3,2;0,8
19;NL:Q:40551006;Oranjepark;Apeldoorn;5,4;25,6;2,1;10,5;1,0;4,0
19;NL:Q:40551015;Station;Apeldoorn;174,2;172,6;25,6;37,8;5,1;4,3
19;NL:Q:40551019;Hoofdstraat;Apeldoorn;1,0;0,3;0,3;0,1;0,6;0,2
19;NL:Q:40551020;Hoofdstraat;Apeldoorn;8,8;96,0;6,6;76,1;1,5;26,6
19;NL:Q:40551021;Amaliapark;Apeldoorn;27,6;1,2;14,4;0,3;11,2;0,2
19;NL:Q:40551022;Amaliapark;Apeldoorn;1,1;43,9;0,7;27,9;0,3;16,6
19;NL:Q:40551023;Zichtweg;Apeldoorn;18,8;5,5;6,9;4,4;6,5;1,4
19;NL:Q:40551024;Zichtweg;Apeldoorn;5,8;18,9;5,0;8,7;1,8;4,9
19;NL:Q:40551025;Eendrachtstraat;Apeldoorn;15,9;7,0;9,7;5,2;6,0;1,4
19;NL:Q:40551026;Eendrachtstraat;Apeldoorn;6,0;15,5;3,9;9,5;1,6;4,1
19;NL:Q:40551027;Aluminiumweg;Apeldoorn;16,5;7,6;7,6;6,1;5,0;1,8
19;NL:Q:40551028;Aluminiumweg;Apeldoorn;9,0;14,3;7,5;7,7;3,3;4,9
19;NL:Q:40551029;Sebastiaanplein;Apeldoorn;7,5;12,2;3,3;4,9;2,6;2,0
19;NL:Q:40551030;Sebastiaanplein;Apeldoorn;6,9;8,1;3,8;3,7;2,2;2,7
19;NL:Q:40551031;Chopinlaan;Apeldoorn;13,5;24,1;5,6;4,8;3,6;3,5
19;NL:Q:40551032;Chopinlaan;Apeldoorn;28,4;14,1;3,8;6,5;1,9;3,9
19;NL:Q:40551033;Laan van Westenenk;Apeldoorn;9,9;12,6;2,1;3,5;1,2;1,2
19;NL:Q:40551036;Koningin Julianatoren;Apeldoorn;2,7;0,8;3,3;0,4;1,6;0,3
19;NL:Q:40551037;Paleis Het Loo;Apeldoorn;11,1;1,5;1,6;0,5;1,3;0,2
19;NL:Q:40551038;Paleis Het Loo;Apeldoorn;2,4;5,7;2,0;2,4;1,0;1,9
19;NL:Q:40551039;Bosweg;Apeldoorn;1,9;1,6;0,3;0,5;0,6;0,3
19;NL:Q:40551040;Bosweg;Apeldoorn;4,4;0,9;1,5;0,2;0,8;0,2
19;NL:Q:40551041;Marktplein;Apeldoorn;33,2;1,6;14,8;0,9;5,8;0,6
19;NL:Q:40551045;Grote Kerk;Apeldoorn;16,9;10,5;8,7;5,7;5,0;4,9
19;NL:Q:40551046;Grote Kerk;Apeldoorn;10,7;12,1;7,9;8,4;4,2;3,9
19;NL:Q:40551047;Gedenknaald;Apeldoorn;18,9;9,1;5,8;7,7;5,7;6,4
19;NL:Q:40551048;Gedenknaald;Apeldoorn;13,0;13,0;10,5;5,9;7,1;5,4
19;NL:Q:40551049;Station;Apeldoorn;234,3;240,8;125,4;116,0;100,1;82,9
19;NL:Q:40551051;Oosterlaan;Apeldoorn;0,8;5,1;0,0;0,0;0,0;0,0
19;NL:Q:40551052;Oosterlaan;Apeldoorn;4,8;1,6;0,0;0,0;0,0;0,0
19;NL:Q:40551053;Pinksterbloem;Apeldoorn;6,3;11,1;0,0;0,0;0,0;0,0
19;NL:Q:40551054;Pinksterbloem;Apeldoorn;12,2;6,9;0,0;0,0;0,0;0,0
19;NL:Q:40551057;Fauststraat;Apeldoorn;13,4;11,9;0,0;0,0;0,0;0,0
19;NL:Q:40551058;Fauststraat;Apeldoorn;16,3;14,4;0,0;0,0;0,0;0,0
19;NL:Q:40551060;Laan van de Dierenriem;Apeldoorn;9,3;16,2;0,0;0,0;0,0;0,0
19;NL:Q:40551061;Laan van de Leeuw;Apeldoorn;5,5;14,1;0,0;0,0;0,0;0,0
19;NL:Q:40551062;Laan van de Leeuw;Apeldoorn;14,1;7,1;0,0;0,0;0,0;0,0
19;NL:Q:40551063;Brug Deventerstraat;Apeldoorn;0,0;0,1;0,0;0,0;0,0;0,1
19;NL:Q:40551064;Brug Deventerstraat;Apeldoorn;0,1;0,1;0,0;0,0;0,1;0,1
19;NL:Q:40551065;Julianakerk;Apeldoorn;0,0;0,0;0,0;0,0;0,0;0,0
19;NL:Q:40551066;Julianakerk;Apeldoorn;0,0;0,1;0,0;0,0;0,0;0,1
19;NL:Q:40551072;GGNet;Apeldoorn;0,0;0,3;0,0;0,0;0,0;0,0
19;NL:Q:40551079;Gijsbrechtgaarde;Apeldoorn;3,2;6,5;1,7;1,1;0,2;0,0
19;NL:Q:40551080;Gijsbrechtgaarde;Apeldoorn;8,2;4,5;1,1;1,1;0,0;0,4
19;NL:Q:40551081;Welgelegenbrug;Apeldoorn;0,9;7,3;0,1;2,5;0,0;0,2
19;NL:Q:40551082;Welgelegenbrug;Apeldoorn;9,8;0,8;0,6;0,1;0,2;0,0
19;NL:Q:40551084;Station;Apeldoorn;201,9;174,4;27,1;27,8;17,6;19,8
19;NL:Q:40551087;Apenheul;Apeldoorn;0,1;0,1;0,1;0,1;0,1;0,1
19;NL:Q:40551089;J. Fruytierschool;Apeldoorn;89,4;115,1;0,1;0,0;0,3;0,0
19;NL:Q:40551090;;;0,1;0,4;0,0;0,2;0,0;0,4
19;NL:Q:40551091;Wagenmakershoek;Apeldoorn;4,8;4,5;0,5;0,8;0,2;0,0
19;NL:Q:40551092;Wagenmakershoek;Apeldoorn;5,3;3,7;0,6;0,5;0,0;0,2
19;NL:Q:40551093;Glazeniershorst;Apeldoorn;13,1;6,5;2,4;1,4;0,7;0,1
19;NL:Q:40551094;Glazeniershorst;Apeldoorn;7,5;7,1;0,8;1,4;0,1;0,6
19;NL:Q:40551095;Laan van Erica;Apeldoorn;4,5;5,6;1,4;1,0;0,2;0,1
19;NL:Q:40551109;Balustrade;Apeldoorn;0,2;0,1;0,0;0,0;0,1;0,1
19;NL:Q:40551110;Hoofdstraat;Apeldoorn;83,9;4,5;63,5;1,8;23,4;1,0
19;NL:Q:40551111;Houttuinen-Noord;Apeldoorn;0,2;0,1;0,0;0,0;0,2;0,2
19;NL:Q:40551113;Belastingkantoor;Apeldoorn;0,4;1,5;0,0;0,1;0,0;0,4
19;NL:Q:40551115;Station;Apeldoorn;11,9;9,9;2,1;1,4;8,7;6,6
19;NL:Q:40551122;Station;Apeldoorn;6,1;4,4;1,4;1,2;6,1;5,1
19;NL:Q:40551123;Station;Apeldoorn;4,8;5,4;0,9;0,8;2,7;2,2
19;NL:Q:40551124;Bibliotheek;Apeldoorn;0,1;0,1;0,0;0,0;0,0;0,0
19;NL:Q:40551125;Bibliotheek;Apeldoorn;0,1;0,1;0,0;0,0;0,0;0,0
19;NL:Q:40551130;Station;Apeldoorn;89,2;81,2;46,4;44,3;35,6;30,5
19;NL:Q:40551133;Blekersweg;Apeldoorn;0,0;0,0;0,0;0,0;0,0;0,0
19;NL:Q:40551134;Blekersweg;Apeldoorn;0,1;0,0;0,0;0,0;0,1;0,0
19;NL:Q:40551135;Dianalaan;Apeldoorn;0,0;0,0;0,0;0,0;0,0;0,0
19;NL:Q:40551136;Dianalaan;Apeldoorn;0,0;0,1;0,0;0,0;0,0;0,0
19;NL:Q:40551137;Eburonenstraat;Apeldoorn;0,0;0,3;0,0;0,1;0,1;0,5
19;NL:Q:40551139;De Tol;Apeldoorn;0,4;0,1;0,0;0,0;0,4;0,1
19;NL:Q:40551140;De Tol;Apeldoorn;0,1;0,4;0,0;0,1;0,0;0,5
19;NL:Q:40551141;Georg Hegelstraat;Apeldoorn;1,5;0,1;0,3;0,0;1,0;0,0
19;NL:Q:40551142;Georg Hegelstraat;Apeldoorn;0,1;1,6;0,0;0,3;0,1;0,9
19;NL:Q:40551146;Burg. des Tombeplein;Apeldoorn;0,2;0,0;0,0;0,0;0,2;0,0
19;NL:Q:40551147;Burg. des Tombeplein;Apeldoorn;0,0;0,2;0,0;0,1;0,0;0,2
19;NL:Q:40551150;;;1,1;0,0;0,1;0,0;0,2;0,0
19;NL:Q:40551154;Leienplein;Apeldoorn;0,3;0,3;0,1;0,0;0,1;0,1
19;NL:Q:40551156;Oranjerie;Apeldoorn;0,0;0,1;0,0;0,0;0,1;0,0
19;NL:Q:40551157;Oranjerie;Apeldoorn;0,0;0,1;0,0;0,1;0,0;0,1
19;NL:Q:40551158;Politiebureau;Apeldoorn;0,1;0,0;0,1;0,0;0,2;0,0
19;NL:Q:40551159;Politiebureau;Apeldoorn;0,0;0,1;0,0;0,1;0,0;0,0
19;NL:Q:40551166;Schuttersweg;Apeldoorn;0,4;0,0;0,1;0,0;0,2;0,0
19;NL:Q:40551167;Schuttersweg;Apeldoorn;0,0;0,3;0,0;0,1;0,0;0,2
19;NL:Q:40551174;Vlietweg;Apeldoorn;0,7;0,2;0,5;0,2;0,4;0,2
19;NL:Q:40551177;Imkersdreef;Apeldoorn;2,4;1,5;0,0;0,0;0,1;0,0
19;NL:Q:40551178;Imkersdreef;Apeldoorn;1,5;2,4;0,0;0,1;0,0;0,1
19;NL:Q:40551179;Hoenderparkweg;Apeldoorn;0,3;2,6;0,1;1,2;0,2;1,3
19;NL:Q:40551180;Hoenderparkweg;Apeldoorn;0,7;0,8;0,5;0,5;0,6;0,5
19;NL:Q:40551185;Het Schip;Apeldoorn;0,1;0,1;0,1;0,0;0,0;0,0
19;NL:Q:40551187;Het Firmament;Apeldoorn;0,1;0,1;0,0;0,0;0,0;0,0
19;NL:Q:40551189;Linie;Apeldoorn;0,2;0,0;0,1;0,0;0,1;0,0
19;NL:Q:40551190;Linie;Apeldoorn;0,1;0,3;0,0;0,1;0,0;0,1
19;NL:Q:40551191;Dennenkamp;Apeldoorn;0,2;0,0;0,0;0,0;0,0;0,0
19;NL:Q:40551192;Dennenkamp;Apeldoorn;0,0;0,2;0,0;0,1;0,0;0,1
19;NL:Q:40551195;Zonnewende;Apeldoorn;0,1;0,1;0,0;0,0;0,0;0,1
19;NL:Q:40551197;Top Naeffstraat;Apeldoorn;0,2;0,0;0,0;0,0;0,2;0,0
19;NL:Q:40551198;Top Naeffstraat;Apeldoorn;0,0;0,2;0,0;0,0;0,0;0,1
19;NL:Q:40551200;Ritbroekstraat;Apeldoorn;0,0;0,0;0,0;0,0;0,0;0,0
19;NL:Q:40551201;Ritbroekstraat;Apeldoorn;0,0;0,0;0,0;0,0;0,0;0,1
19;NL:Q:40551213;Mandala/Kazerne;Apeldoorn;0,6;0,8;0,1;0,0;0,2;0,7
19;NL:Q:40551218;Christiaan Geurtsweg;Apeldoorn;1,1;3,7;0,2;1,2;0,1;0,8
19;NL:Q:40551219;Christiaan Geurtsweg;Apeldoorn;4,0;1,5;1,4;0,2;0,9;0,6
19;NL:Q:40551226;Jean Monnetpark;Apeldoorn;4,1;4,2;0,8;1,6;0,5;1,0
19;NL:Q:40551227;Jean Monnetpark;Apeldoorn;4,5;4,4;1,8;1,1;1,4;0,7
19;NL:Q:40551229;Laan van Spitsbergen;Apeldoorn;4,3;9,1;1,2;4,3;1,2;3,5
19;NL:Q:40551234;Schumanpark;Apeldoorn;4,1;1,4;0,5;0,3;0,6;0,1
19;NL:Q:40551235;Schumanpark;Apeldoorn;1,4;5,6;0,2;1,4;0,2;0,9
19;NL:Q:40551238;Winkelc. De Mheen;Apeldoorn;0,1;0,8;0,0;0,2;0,0;0,6
19;NL:Q:40551239;Winkelc. De Mheen;Apeldoorn;0,5;0,1;0,1;0,0;0,6;0,0
19;NL:Q:40551240;Kruizemuntstraat;Apeldoorn;0,0;0,2;0,0;0,1;0,0;0,3
19;NL:Q:40551241;Kruizemuntstraat;Apeldoorn;0,2;0,0;0,0;0,0;0,2;0,0
19;NL:Q:40551246;Condorweg;Apeldoorn;0,0;0,0;0,0;0,0;0,0;0,0
19;NL:Q:40551247;Condorweg;Apeldoorn;0,0;0,0;0,0;0,0;0,0;0,0
19;NL:Q:40551253;Kooikersdreef;Apeldoorn;1,2;0,3;0,0;0,0;0,2;0,1
19;NL:Q:40551270;Schaperstraat;Apeldoorn;0,0;0,1;0,0;0,0;0,0;0,0
19;NL:Q:40551280;;;0,1;0,1;0,1;0,0;0,0;0,0
19;NL:Q:40551288;Wilhelminapark;Apeldoorn;0,0;0,0;0,0;0,0;0,0;0,0
19;NL:Q:40551290;Zwitsal;Apeldoorn;0,1;0,0;0,0;0,0;0,0;0,0
19;NL:Q:40551291;Zwitsal;Apeldoorn;0,0;0,1;0,0;0,0;0,0;0,0
19;NL:Q:40551293;Waltersingel;Apeldoorn;0,2;0,4;0,0;0,0;0,0;0,3
19;NL:Q:40551317;Johan Steenbergenstraat;Apeldoorn;0,0;0,0;0,0;0,0;0,0;0,0
19;NL:Q:40551318;Johan Steenbergenstraat;Apeldoorn;0,0;0,0;0,0;0,0;0,0;0,0
19;NL:Q:40551320;Jachtlaan;Apeldoorn;0,1;0,0;0,0;0,0;0,0;0,0
19;NL:Q:40551330;Erasmusstraat;Apeldoorn;0,9;13,4;0,0;0,0;0,0;0,0
19;NL:Q:40551331;Erasmusstraat;Apeldoorn;9,8;0,7;0,0;0,0;0,0;0,0
19;NL:Q:40551336;Einsteinlaan;Apeldoorn;0,1;0,0;0,0;0,0;0,0;0,0
19;NL:Q:40551337;Einsteinlaan;Apeldoorn;0,0;0,1;0,0;0,0;0,0;0,0
19;NL:Q:40551340;Curiestraat;Apeldoorn;0,2;0,1;0,0;0,0;0,0;0,0
19;NL:Q:40551341;Curiestraat;Apeldoorn;0,1;0,2;0,0;0,0;0,0;0,0
19;NL:Q:40551362;Auroralaan;Apeldoorn;0,0;0,1;0,0;0,0;0,0;0,1
19;NL:Q:40551373;Station;Apeldoorn;264,4;272,1;120,1;101,5;81,9;80,6
19;NL:Q:40551388;Ordenplein;Apeldoorn;0,1;0,5;0,0;0,1;0,1;0,3
19;NL:Q:40551390;Mandala/Kazerne;Apeldoorn;0,6;0,2;0,1;0,0;0,6;0,0
19;NL:Q:40551422;Tangostraat;Apeldoorn;0,0;0,8;0,0;0,2;0,0;0,8
19;NL:Q:40551423;Tangostraat;Apeldoorn;0,4;0,0;0,1;0,0;0,5;0,0
19;NL:Q:40551424;Citroenvlinder;Apeldoorn;0,0;0,7;0,0;0,1;0,0;0,5
19;NL:Q:40551425;Citroenvlinder;Apeldoorn;0,7;0,0;0,1;0,0;0,5;0,0
19;NL:Q:40551428;Zuidbroek;Apeldoorn;0,1;0,1;0,0;0,0;0,0;0,1
19;NL:Q:40551445;Omnisport;Apeldoorn;0,2;0,1;0,0;0,0;0,0;0,0
19;NL:Q:40551446;Omnisport;Apeldoorn;0,1;0,2;0,0;0,0;0,0;0,0
19;NL:Q:40551451;Prinses Beatrixlaan;Apeldoorn;0,0;0,1;0,0;0,0;0,0;0,0
19;NL:Q:40551452;Prinses Beatrixlaan;Apeldoorn;0,1;0,0;0,0;0,0;0,0;0,0
19;NL:Q:40551456;Lekstraat;Apeldoorn;0,7;0,4;0,0;0,0;0,0;0,0
19;NL:Q:40551469;Bartelsweg;Apeldoorn;0,0;0,2;0,0;0,1;0,0;0,1
19;NL:Q:40551470;Bartelsweg;Apeldoorn;0,3;0,0;0,0;0,0;0,1;0,0
19;NL:Q:40551473;Aidastraat;Apeldoorn;27,2;24,9;0,0;0,0;0,0;0,0
19;NL:Q:40551474;Aidastraat;Apeldoorn;34,5;24,5;0,0;0,0;0,0;0,0
19;NL:Q:40551476;De Veenkamp;Apeldoorn;0,4;0,1;0,2;0,0;0,4;0,0
19;NL:Q:40551477;Bas Backerlaan;Apeldoorn;0,1;0,0;0,0;0,0;0,0;0,0
19;NL:Q:40551490;;;0,2;0,0;0,0;0,0;0,1;0,0
19;NL:Q:40551500;;;0,1;0,3;0,1;0,1;0,0;0,3
19;NL:Q:40551513;Oesterzwam;Apeldoorn;0,0;0,3;0,0;0,0;0,0;0,2
19;NL:Q:40551514;Oesterzwam;Apeldoorn;0,3;0,0;0,0;0,0;0,2;0,0
19;NL:Q:40551515;Saba;Apeldoorn;0,3;0,3;0,0;0,0;0,0;0,0
19;NL:Q:40552220;;;0,0;0,1;0,0;0,0;0,0;0,1
19;NL:Q:40552230;;;0,0;0,0;0,0;0,0;0,0;0,0
19;NL:Q:40559001;Lange Amerikaweg;Apeldoorn;0,6;0,0;0,0;0,0;0,0;0,0
19;NL:Q:40559002;Lange Amerikaweg;Apeldoorn;0,0;0,8;0,0;0,0;0,0;0,0
19;NL:Q:40559003;Wkc Musketiersveld;Apeldoorn;0,1;0,1;0,0;0,0;0,0;0,0
19;NL:Q:40559004;Wkc Musketiersveld;Apeldoorn;0,1;0,4;0,0;0,0;0,0;0,0
19;NL:Q:40559010;;;0,1;0,3;0,0;0,0;0,0;0,2
19;NL:Q:40563003;Heetweg;Stroe;1,9;1,2;0,5;0,6;1,0;0,1
19;NL:Q:40563005;Topperweg;Stroe;0,8;1,1;0,4;0,1;0,1;0,0
19;NL:Q:40563006;Topperweg;Stroe;1,0;0,8;0,2;0,5;0,1;0,2
19;NL:Q:40563007;Kootwijkerdijk;Stroe;0,3;0,3;0,0;0,3;0,1;0,1
19;NL:Q:40563008;Kootwijkerdijk;Stroe;0,1;0,1;0,0;0,1;0,1;0,0
19;NL:Q:40563009;Ravenweg;Stroe;5,3;23,3;1,2;5,1;0,6;1,5
19;NL:Q:40563010;Ravenweg;Stroe;1,0;0,1;0,0;0,0;0,0;0,0
19;NL:Q:40563011;Centrum;Stroe;2,6;2,2;1,1;0,5;0,8;0,3
19;NL:Q:40563012;Centrum;Stroe;3,2;3,0;1,1;0,9;0,6;0,6
19;NL:Q:40563013;De Drie Musketiers;Stroe;1,5;1,9;0,6;0,6;0,5;0,4
19;NL:Q:40563014;De Drie Musketiers;Stroe;0,7;0,3;0,3;0,4;0,2;0,1
19;NL:Q:40563015;Majoor Mulder Kazerne;Stroe;0,2;0,3;0,0;0,0;0,0;0,0
19;NL:Q:40563016;Majoor Mulder Kazerne;Stroe;0,1;0,4;0,0;0,1;0,0;0,1
19;NL:Q:40563017;Ravenweg;Stroe;0,1;0,6;0,0;0,0;0,0;0,0
19;NL:Q:40563018;Ravenweg;Stroe;21,0;3,8;4,4;1,2;1,6;0,4
19;NL:Q:40569008;Militair tehuis;Wittenberg;0,1;0,2;0,0;0,0;0,0;0,1
19;NL:Q:40612043;Tolhuislaan;Ede;2,0;5,6;0,4;2,8;0,2;1,4
19;NL:Q:40612044;Tolhuislaan;Ede;4,2;5,8;1,8;1,1;0,9;0,8
19;NL:Q:40612045;Ericalaan;Ede;6,6;8,5;1,8;2,8;1,3;1,3
19;NL:Q:40612046;Ericalaan;Ede;4,6;10,5;1,6;2,6;1,5;3,1
19;NL:Q:40612047;Maanderweg;Ede;2,9;6,7;0,6;4,0;0,6;2,5
19;NL:Q:40612048;Maanderweg;Ede;4,7;3,1;1,8;1,4;2,3;0,6
19;NL:Q:40612050;Station Ede Centrum;Ede;9,5;7,0;4,4;4,5;5,3;2,4
19;NL:Q:40612051;Jadestraat;Ede;5,2;3,4;3,3;1,8;1,0;1,2
19;NL:Q:40612052;Jadestraat;Ede;2,7;5,0;0,6;3,8;1,2;1,7
19;NL:Q:40612053;Schaapsweg/Veenderweg;Ede;2,5;3,1;1,0;0,7;0,9;1,4
19;NL:Q:40612054;Schaapsweg/Veenderweg;Ede;3,7;1,9;0,9;0,8;1,3;0,6
19;NL:Q:40612055;Ganzeweide;Ede;2,2;7,6;0,9;4,2;0,8;3,6
19;NL:Q:40612056;Ganzeweide;Ede;10,1;2,0;3,5;0,7;3,7;0,6
19;NL:Q:40612059;Mariendaal;Ede;16,7;25,0;9,7;7,4;4,6;5,7
19;NL:Q:40612060;Mariendaal;Ede;18,9;9,6;4,7;5,8;3,3;1,5
19;NL:Q:40612061;Durendaal;Ede;1,8;2,5;1,3;1,1;1,0;0,6
19;NL:Q:40612062;Durendaal;Ede;2,5;6,0;1,2;3,3;0,5;1,6
19;NL:Q:40612063;Middelbeek;Ede;3,3;2,7;1,8;1,1;0,7;1,0
19;NL:Q:40612064;Middelbeek;Ede;3,3;3,1;1,0;2,1;0,5;0,6
19;NL:Q:40612065;Schoutenhof;Ede;2,3;4,4;1,9;1,8;1,0;1,0
19;NL:Q:40612067;Aalbeek;Ede;17,2;9,7;12,1;3,8;5,5;2,5
19;NL:Q:40612068;Aalbeek;Ede;12,2;14,5;4,1;10,7;2,2;4,1
19;NL:Q:40612069;Nienhof;Ede;6,7;4,6;4,5;2,0;2,6;1,7
19;NL:Q:40612070;Nienhof;Ede;3,7;4,9;0,9;3,0;1,2;2,0
19;NL:Q:40612071;Binnenhof;Ede;6,1;1,0;4,6;0,4;2,3;0,3
19;NL:Q:40612072;Binnenhof;Ede;4,0;5,3;1,2;4,0;0,5;1,8
19;NL:Q:40612073;Hogerhorst;Ede;26,3;13,5;14,4;4,5;5,5;3,2
19;NL:Q:40612074;Hogerhorst;Ede;8,5;18,1;1,5;10,1;1,2;4,2
19;NL:Q:40612075;Hoekenburg;Ede;14,3;8,4;8,7;2,1;4,0;2,3
19;NL:Q:40612076;Hoekenburg;Ede;7,2;12,9;1,4;7,1;0,8;2,4
19;NL:Q:40612077;Kranenburg;Ede;20,5;5,7;11,8;1,5;5,2;1,7
19;NL:Q:40612078;Kranenburg;Ede;7,1;17,1;1,3;10,7;1,2;3,8
19;NL:Q:40612079;Proosdijerveldweg;Ede;1,7;1,4;1,3;0,9;0,7;0,8
19;NL:Q:40612080;Proosdijerveldweg;Ede;0,7;2,1;0,4;1,6;0,2;0,4
19;NL:Q:40612081;Cultura;Ede;5,3;15,4;2,4;13,8;0,6;3,3
19;NL:Q:40612082;Cultura;Ede;9,0;7,4;5,8;3,9;1,2;0,7
19;NL:Q:40612083;Grotestraat;Ede;16,0;16,9;11,9;17,6;3,8;4,2
19;NL:Q:40612084;Grotestraat;Ede;25,3;18,1;24,7;13,1;3,6;3,2
19;NL:Q:40612085;Raadhuis;Ede;18,9;37,3;6,6;11,7;3,2;5,5
19;NL:Q:40612086;Raadhuis;Ede;38,4;17,4;12,9;6,0;6,4;5,4
19;NL:Q:40612087;Doelenstraat;Ede;24,7;22,4;17,4;19,0;4,2;5,2
19;NL:Q:40612088;Doelenstraat;Ede;21,8;33,5;14,8;21,0;5,6;6,6
19;NL:Q:40612089;Politiebureau;Ede;25,9;14,6;19,4;9,0;5,0;3,9
19;NL:Q:40612090;Politiebureau;Ede;16,2;27,0;7,8;18,2;3,7;6,0
19;NL:Q:40612092;Hogewoud;Ede;5,7;6,9;1,2;1,7;2,0;1,9
19;NL:Q:40612095;N224/Veldhuizen;Ede;4,5;2,0;0,9;0,5;2,5;0,7
19;NL:Q:40612096;N224/Veldhuizen;Ede;2,2;3,8;0,4;1,5;0,4;0,9
19;NL:Q:40612097;Stakenberg;Ede;9,9;5,9;4,0;1,5;3,2;2,0
19;NL:Q:40612098;Stakenberg;Ede;6,4;9,2;1,6;3,5;1,8;2,8
19;NL:Q:40612101;Schaapsweg/Molenstraat;Ede;4,7;2,5;2,4;1,3;0,8;0,5
19;NL:Q:40612103;Schaapsweg/Molenstraat;Ede;2,9;5,5;2,0;3,3;0,7;1,1
19;NL:Q:40612105;Station Ede Centrum;Ede;14,4;13,6;6,3;6,8;3,1;3,1
19;NL:Q:40612113;Van Pabstlaan;Ede;0,1;0,0;0,1;0,0;0,0;0,0
19;NL:Q:40612114;Van Pabstlaan;Ede;0,0;0,1;0,0;0,1;0,0;0,0
19;NL:Q:40612115;Eikenlaan;Ede;0,1;0,1;0,0;0,1;0,0;0,0
19;NL:Q:40612116;Eikenlaan;Ede;0,1;0,1;0,1;0,0;0,0;0,0
19;NL:Q:40612118;De Bosrand;Ede;1,5;3,5;0,7;1,9;0,7;1,2
19;NL:Q:40612119;Schutterweg;Ede;1,9;0,7;0,8;0,7;0,0;0,0
19;NL:Q:40612120;Schutterweg;Ede;0,9;2,0;0,2;0,1;0,0;0,1
19;NL:Q:40612121;Cannenburgerbos;Ede;3,9;3,3;1,5;1,0;0,7;1,0
19;NL:Q:40612123;Lagewoud;Ede;3,9;4,3;1,1;2,1;0,8;1,4
19;NL:Q:40612124;Lagewoud;Ede;4,4;3,8;1,5;1,0;1,0;0,7
19;NL:Q:40612125;Dalerveen;Ede;5,4;3,5;2,5;1,0;1,7;1,2
19;NL:Q:40612126;Dalerveen;Ede;3,6;5,5;1,0;1,5;0,8;1,8
19;NL:Q:40612127;Darwinstraat;Ede;8,4;2,9;0,3;0,3;0,1;0,0
19;NL:Q:40612128;Darwinstraat;Ede;3,5;10,1;0,2;0,5;0,0;0,2
19;NL:Q:40612151;Station Ede-Wageningen;Ede;147,3;3,2;84,8;2,0;29,3;0,4
19;NL:Q:40612161;Station Ede-Wageningen;Ede;93,2;0,9;23,7;0,3;16,1;0,3
19;NL:Q:40612162;Station Ede-Wageningen;Ede;143,6;1,9;116,2;1,3;139,0;2,9
19;NL:Q:40612163;Station Ede-Wageningen;Ede;56,6;0,8;27,5;0,5;13,6;0,2
19;NL:Q:40612164;Station Ede-Wageningen;Ede;96,8;1,9;56,1;0,9;43,2;0,5
19;NL:Q:40612166;Station Ede-Wageningen;Ede;69,4;2,4;30,7;1,3;21,9;1,0
19;NL:Q:40612167;Station Ede-Wageningen;Ede;942,7;1005,1;605,8;659,9;879,2;366,7
19;NL:Q:40612168;Station Ede-Wageningen;Ede;72,2;2,6;0,0;0,0;0,0;0,0
19;NL:Q:40612169;;;0,7;0,0;0,4;0,1;0,7;0,0
19;NL:Q:40622091;Hogewoud;Ede;11,2;8,1;3,5;2,2;4,0;2,0
19;NL:Q:40622117;De Bosrand;Ede;2,4;1,7;1,1;1,0;1,1;0,7
19;NL:Q:40622119;Driesprong;Ede;3,7;5,4;1,9;0,9;1,0;0,4
19;NL:Q:40622120;Driesprong;Ede;4,0;4,3;1,1;2,5;0,8;1,2
19;NL:Q:40622121;Hoge Valksedijk;Ede;0,4;0,1;0,2;0,1;0,1;0,1
19;NL:Q:40622122;Hoge Valksedijk;Ede;0,0;0,4;0,0;0,4;0,0;0,2
19;NL:Q:40622123;De Valouwe;Ede;0,1;0,1;0,2;0,0;0,2;0,0
19;NL:Q:40622124;De Valouwe;Ede;0,1;0,2;0,1;0,1;0,0;0,0
19;NL:Q:40622126;La Vendula;Ede;0,1;0,9;0,0;0,6;0,0;0,2
19;NL:Q:40631001;School met de Bijbel;De Valk;2,7;0,0;0,0;0,1;0,0;0,0
19;NL:Q:40631002;School met de Bijbel;De Valk;0,0;1,7;0,1;0,1;0,0;0,0
19;NL:Q:40631003;Geref. Gemeente;De Valk;1,6;0,0;0,0;0,0;0,0;0,0
19;NL:Q:40631004;Geref. Gemeente;De Valk;0,0;1,0;0,0;0,0;0,0;0,0
19;NL:Q:40631005;Garage Veldhuizen;De Valk;0,0;0,1;0,0;0,0;0,0;0,0
19;NL:Q:40631009;Cooperatie;De Valk;0,8;0,1;0,0;0,0;0,0;0,0
19;NL:Q:40631010;Cooperatie;De Valk;0,0;0,1;0,0;0,0;0,0;0,0
19;NL:Q:40643008;Hoeve Oud Milligen;Nieuw Milligen;1,5;0,9;0,7;0,7;1,4;0,1
19;NL:Q:40649001;Busstation;Wittenberg;40,2;28,8;13,1;15,8;0,1;1,5
19;NL:Q:40649002;Busstation;Wittenberg;16,1;46,6;6,9;15,4;4,2;7,8
19;NL:Q:40649003;Busstation;Wittenberg;15,3;23,6;5,2;7,6;3,3;3,9
19;NL:Q:40649004;Busstation;Wittenberg;0,6;0,2;0,4;0,4;1,7;2,6
19;NL:Q:40649005;Busstation;Wittenberg;30,5;22,3;16,6;4,8;5,2;5,3
19;NL:Q:40649006;Busstation;Wittenberg;33,5;12,9;7,2;5,2;3,8;3,1
19;NL:Q:40649009;Militair tehuis;Wittenberg;0,1;0,2;0,0;0,1;0,0;0,1
19;NL:Q:40649011;Tolnegenweg;Wittenberg;0,8;0,7;0,8;0,4;0,9;0,3
19;NL:Q:40650001;Wieselseweg;Wenum;3,2;5,0;0,9;2,6;1,0;1,0
19;NL:Q:40650002;Wieselseweg;Wenum;4,5;2,9;2,3;1,6;1,6;1,0
19;NL:Q:40650003;Papegaaiweg;Wenum;4,0;8,1;2,2;3,6;0,5;2,1
19;NL:Q:40650004;Papegaaiweg;Wenum;6,5;3,7;2,3;0,9;2,3;0,4
19;NL:Q:40650006;De Haere;Wenum;1,8;1,7;1,3;0,3;0,8;0,2
19;NL:Q:40651059;Laan van de Dierenriem;Apeldoorn;15,7;12,6;0,0;0,0;0,0;0,0
19;NL:Q:40664001;Oosterbrinkweg;Kootwijkerbroek;0,3;0,2;0,3;0,2;0,0;0,1
19;NL:Q:40664002;Oosterbrinkweg;Kootwijkerbroek;0,3;0,2;0,4;0,2;0,1;0,0
19;NL:Q:40664003;Garderbroekerweg;Kootwijkerbroek;3,2;1,9;0,2;0,5;0,2;0,2
19;NL:Q:40664004;Garderbroekerweg;Kootwijkerbroek;2,1;2,9;0,4;0,3;0,1;0,2
19;NL:Q:40664007;Kosterijweg;Kootwijkerbroek;5,7;3,4;1,5;1,2;0,4;0,5
19;NL:Q:40664008;Kosterijweg;Kootwijkerbroek;2,7;5,3;1,2;1,5;0,3;0,4
19;NL:Q:40664009;Essenerweg;Kootwijkerbroek;7,5;6,0;1,4;1,7;0,2;0,5
19;NL:Q:40664010;Essenerweg;Kootwijkerbroek;6,7;6,8;2,2;2,0;0,3;0,3
19;NL:Q:40664011;Nachtegaalweg;Kootwijkerbroek;0,5;2,1;0,1;1,2;0,0;0,5
19;NL:Q:40664012;Nachtegaalweg;Kootwijkerbroek;0,9;0,5;0,7;0,2;0,0;0,0
19;NL:Q:40664013;Wencopperweg;Kootwijkerbroek;1,6;1,5;0,1;0,1;0,0;0,0
19;NL:Q:40664014;Wencopperweg;Kootwijkerbroek;1,2;1,0;0,2;0,1;0,0;0,0
19;NL:Q:40664015;Gereformeerde Kerk;Kootwijkerbroek;0,4;1,2;0,1;0,4;0,0;0,1
19;NL:Q:40664016;Gereformeerde Kerk;Kootwijkerbroek;1,2;0,5;0,5;0,4;0,2;0,0
19;NL:Q:40665002;Esvelderweg;Barneveld;0,3;0,4;0,1;0,0;0,0;0,0
19;NL:Q:40671035;Koningin Julianatoren;Apeldoorn;0,8;3,8;0,8;3,8;0,3;1,9
19;NL:Q:40679006;Echoput;Hoog Soeren;3,8;0,5;4,6;0,2;3,5;0,1
19;NL:Q:40680001;Huis Voorstonden;Voorstonden;0,0;0,1;0,0;0,0;0,0;0,0
19;NL:Q:40680002;Huis Voorstonden;Voorstonden;0,0;0,0;0,0;0,0;0,0;0,0
19;NL:Q:40680003;Halte de Molen;Voorstonden;0,0;0,0;0,0;0,0;0,0;0,0
19;NL:Q:40680004;Halte de Molen;Voorstonden;0,0;0,1;0,0;0,1;0,0;0,0
19;NL:Q:40682001;School met de Bijbel;Tonden;0,1;0,0;0,0;0,0;0,0;0,0
19;NL:Q:40682002;School met de Bijbel;Tonden;0,1;0,1;0,0;0,0;0,0;0,0
19;NL:Q:40682003;ABK huis;Hall;0,2;0,0;0,1;0,0;0,0;0,0
19;NL:Q:40682004;ABK huis;Hall;0,0;0,3;0,0;0,1;0,0;0,0
19;NL:Q:40682005;Hogestraat;Hall;0,3;0,4;0,1;0,0;0,0;0,0
19;NL:Q:40682007;School;Hall;0,6;0,1;0,0;0,0;0,0;0,0
19;NL:Q:40682008;School;Hall;0,1;0,5;0,0;0,0;0,0;0,0
19;NL:Q:40685001;Buurtweg;Oeken;0,2;0,0;0,0;0,0;0,0;0,0
19;NL:Q:40685002;Buurtweg;Oeken;0,0;0,2;0,0;0,0;0,0;0,0
19;NL:Q:40712009;Pascalstraat;Ede;13,0;10,3;2,0;3,2;0,7;2,1
19;NL:Q:40712010;Pascalstraat;Ede;10,2;14,3;4,0;2,0;1,9;1,2
19;NL:Q:40712011;Lumierestraat;Ede;5,6;3,2;0,6;0,6;0,7;0,3
19;NL:Q:40712012;Lumierestraat;Ede;3,4;6,5;0,8;0,4;0,2;0,5
19;NL:Q:40712013;Niels Bohrstraat;Ede;9,6;2,9;0,7;0,7;0,5;0,3
19;NL:Q:40712014;Niels Bohrstraat;Ede;3,9;10,8;0,7;1,1;0,2;0,8
19;NL:Q:40712019;Pakhuisweg;Ede;2,0;2,2;0,5;0,7;0,2;0,2
19;NL:Q:40712020;Pakhuisweg;Ede;1,1;1,3;0,7;0,4;0,2;0,4
19;NL:Q:40712021;Kievitsmeent;Ede;1,5;1,4;0,1;0,3;0,4;0,5
19;NL:Q:40712022;Kievitsmeent;Ede;1,0;3,6;0,2;0,1;0,0;0,2
19;NL:Q:40712137;Einsteinstraat;Ede;2,9;8,4;1,1;4,3;0,3;1,7
19;NL:Q:40712138;Einsteinstraat;Ede;8,6;6,3;4,5;2,7;1,7;0,6
19;NL:Q:40712159;Amperestraat;Ede;14,0;4,8;1,2;0,4;0,2;0,2
19;NL:Q:40712160;Amperestraat;Ede;4,2;19,6;0,6;1,5;0,0;0,7
19;NL:Q:40712161;Doornlaan;Ede;0,0;0,1;0,0;0,2;0,0;0,0
19;NL:Q:40712162;Doornlaan;Ede;0,1;0,0;0,0;0,0;0,0;0,0
19;NL:Q:40715013;Buurtlaan-Oost;Veenendaal;3,2;0,7;0,3;0,1;0,2;0,1
19;NL:Q:40726001;Hooiweg;Garderen;1,6;2,2;1,5;1,4;0,6;0,6
19;NL:Q:40726002;Hooiweg;Garderen;1,9;1,7;1,3;1,3;0,6;0,5
19;NL:Q:40726003;Bakkerstraat;Garderen;8,4;19,1;3,1;6,8;2,0;2,0
19;NL:Q:40726004;Bakkerstraat;Garderen;20,1;8,4;7,4;3,5;1,6;1,5
19;NL:Q:40726005;West-end;Garderen;0,2;1,7;0,4;1,3;0,4;0,4
19;NL:Q:40726006;West-end;Garderen;2,1;1,1;0,9;0,5;0,5;0,1
19;NL:Q:40726007;Heideheuvel;Garderen;0,3;2,0;0,4;0,8;0,5;0,4
19;NL:Q:40726008;Heideheuvel;Garderen;2,0;0,8;0,6;0,6;0,7;0,2
19;NL:Q:40726009;De Hertshoorn;Garderen;0,5;0,8;0,6;0,6;0,4;0,3
19;NL:Q:40726010;De Hertshoorn;Garderen;0,9;0,4;0,7;0,8;0,6;0,2
19;NL:Q:40726011;Veluw Hul;Garderen;0,2;0,5;0,3;0,7;0,2;0,2
19;NL:Q:40726012;Veluw Hul;Garderen;0,4;0,2;0,2;0,2;0,6;0,1
19;NL:Q:40726013;Kastelenhof;Garderen;0,0;0,1;0,0;0,0;0,0;0,0
19;NL:Q:40726016;Houtdorp;Garderen;0,0;0,0;0,0;0,0;0,0;0,0
19;NL:Q:40746011;Bosweg;Voorthuizen;1,0;1,3;0,5;0,4;0,7;0,1
19;NL:Q:40746013;Hunnenweg;Voorthuizen;0,4;1,9;0,1;0,3;0,2;0,1
19;NL:Q:40746014;Hunnenweg;Voorthuizen;1,7;0,6;0,4;0,6;0,1;0,2
19;NL:Q:40746015;De Zanderij;Voorthuizen;5,0;2,7;3,9;1,3;2,8;0,8
19;NL:Q:40746016;De Zanderij;Voorthuizen;3,5;5,5;1,4;3,6;0,8;2,0
19;NL:Q:40746017;De IJsvogel;Voorthuizen;2,1;1,7;2,1;1,2;0,9;0,5
19;NL:Q:40746018;De IJsvogel;Voorthuizen;1,4;2,1;1,1;2,3;0,4;0,6
19;NL:Q:40749006;Tolnegenweg;Wittenberg;0,7;0,8;0,4;0,5;0,2;0,3
19;NL:Q:40750001;Station;Lunteren;3,2;0,6;0,9;0,4;0,0;0,0
19;NL:Q:40750003;Roskammersteeg;Lunteren;0,0;0,1;0,0;0,2;0,0;0,0
19;NL:Q:40750004;Roskammersteeg;Lunteren;0,1;0,0;0,1;0,0;0,0;0,0
19;NL:Q:40750005;Hertenlaan;Lunteren;0,0;0,1;0,0;0,1;0,0;0,0
19;NL:Q:40750006;Hertenlaan;Lunteren;0,0;0,0;0,0;0,0;0,0;0,0
19;NL:Q:40750007;Everlaan;Lunteren;0,1;0,1;0,0;0,1;0,0;0,0
19;NL:Q:40750009;Viaduct;Lunteren;0,0;0,1;0,0;0,0;0,0;0,0
19;NL:Q:40750010;Viaduct;Lunteren;0,0;0,0;0,0;0,0;0,0;0,0
19;NL:Q:40750013;De Molen;Lunteren;0,0;0,0;0,0;0,0;0,0;0,0
19;NL:Q:40750014;De Molen;Lunteren;0,1;0,0;0,0;0,0;0,0;0,0
19;NL:Q:40750015;De Wormshoef;Lunteren;5,5;0,1;0,0;0,0;0,0;0,0
19;NL:Q:40750016;De Wormshoef;Lunteren;0,1;3,5;0,0;0,0;0,0;0,0
19;NL:Q:40751003;Rehoboth;Meulunteren;0,5;0,1;0,0;0,0;0,0;0,0
19;NL:Q:40751004;Rehoboth;Meulunteren;0,1;0,4;0,0;0,0;0,0;0,0
19;NL:Q:40751005;Bijweg;Meulunteren;0,1;0,1;0,0;0,1;0,0;0,0
19;NL:Q:40751006;Bijweg;Meulunteren;0,0;0,0;0,0;0,0;0,0;0,0
19;NL:Q:40751011;Hessenweg;Meulunteren;0,6;0,1;0,0;0,2;0,0;0,0
19;NL:Q:40751012;Hessenweg;Meulunteren;0,1;0,4;0,1;0,0;0,0;0,0
19;NL:Q:40755075;Schaffelaartheater;Barneveld;0,0;0,2;0,0;0,2;0,0;0,0
19;NL:Q:40755085;Schaffelaartheater;Barneveld;0,1;0,0;0,2;0,0;0,0;0,0
19;NL:Q:40761001;;;0,0;0,0;0,0;0,0;0,0;0,0
19;NL:Q:40761003;;;0,0;0,2;0,0;0,0;0,0;0,0
19;NL:Q:40761004;;;0,1;0,0;0,0;0,0;0,0;0,0
19;NL:Q:40765001;Esvelderweg;Barneveld;0,3;0,5;0,1;0,1;0,0;0,1
19;NL:Q:40765005;Norschoterweg;Barneveld;0,2;0,1;0,1;0,0;0,0;0,1
19;NL:Q:40765006;Norschoterweg;Barneveld;0,1;0,6;0,0;0,0;0,0;0,1
19;NL:Q:40765007;Praktijkschool Barneveld;Barneveld;20,7;20,6;0,7;0,4;0,3;0,2
19;NL:Q:40765008;Praktijkschool Barneveld;Barneveld;10,2;20,1;0,2;0,8;0,1;0,3
19;NL:Q:40765009;Julianaplein;Barneveld;2,9;1,3;1,1;0,1;0,3;0,0
19;NL:Q:40765010;Julianaplein;Barneveld;0,7;3,6;0,1;1,1;0,0;0,2
19;NL:Q:40765011;Van Dompselaerstraat;Barneveld;3,7;0,9;0,5;0,4;0,4;0,2
19;NL:Q:40765012;Van Dompselaerstraat;Barneveld;0,6;3,7;0,2;1,3;0,0;0,5
19;NL:Q:40765013;Station Barneveld Centrum;Barneveld;61,7;38,4;19,0;10,2;9,7;4,6
19;NL:Q:40765014;Station Barneveld Centrum;Barneveld;53,8;56,4;15,7;21,1;8,2;13,6
19;NL:Q:40765015;Vliegersvelderlaan;Barneveld;0,4;5,5;0,0;1,2;0,0;0,3
19;NL:Q:40765016;Vliegersvelderlaan;Barneveld;5,8;0,5;0,8;0,0;0,8;0,0
19;NL:Q:40765017;Van Wijnbergenlaan;Barneveld;0,3;1,8;0,1;0,5;0,0;0,4
19;NL:Q:40765018;Van Wijnbergenlaan;Barneveld;1,6;0,5;0,6;0,0;0,4;0,0
19;NL:Q:40765023;Torenplein;Barneveld;0,2;0,1;0,1;0,0;0,0;0,0
19;NL:Q:40765024;Torenplein;Barneveld;0,0;0,1;0,0;0,1;0,0;0,0
19;NL:Q:40765029;Narcissenstraat;Barneveld;0,4;0,3;0,0;0,0;0,0;0,0
19;NL:Q:40765030;Narcissenstraat;Barneveld;0,6;0,4;0,1;0,1;0,0;0,0
19;NL:Q:40765031;Begraafplaats De Plantage;Barneveld;0,4;0,2;0,0;0,0;0,0;0,0
19;NL:Q:40765032;Begraafplaats De Plantage;Barneveld;0,1;0,4;0,0;0,0;0,0;0,0
19;NL:Q:40765041;Nijkerkerweg;Barneveld;0,5;0,4;0,0;0,0;0,0;0,0
19;NL:Q:40765042;Nijkerkerweg;Barneveld;0,5;0,4;0,0;0,0;0,0;0,0
19;NL:Q:40765045;Evenementenhal;Barneveld;0,1;0,6;0,0;0,0;0,0;0,0
19;NL:Q:40765046;Evenementenhal;Barneveld;0,4;0,1;0,0;0,0;0,0;0,0
19;NL:Q:40765047;Troelstralaan;Barneveld;0,1;0,9;0,0;0,0;0,0;0,0
19;NL:Q:40765048;Troelstralaan;Barneveld;0,9;0,3;0,0;0,0;0,0;0,0
19;NL:Q:40765055;De Meerwaarde;Barneveld;0,2;0,4;0,0;0,0;0,0;0,0
19;NL:Q:40765061;Churchillstraat;Barneveld;0,0;0,0;0,0;0,0;0,0;0,0
19;NL:Q:40765062;Churchillstraat;Barneveld;0,1;0,1;0,0;0,2;0,0;0,0
19;NL:Q:40765068;Nieuwe Markt;Barneveld;0,1;0,1;0,2;0,1;0,0;0,0
19;NL:Q:40765073;Vellerselaan;Barneveld;0,0;0,1;0,0;0,0;0,0;0,0
19;NL:Q:40765074;Vellerselaan;Barneveld;0,1;0,0;0,0;0,0;0,0;0,0
19;NL:Q:40779002;Het Aardhuis;Hoog Soeren;0,5;0,4;0,5;0,9;0,2;0,2
19;NL:Q:40779003;Oranjeoord;Hoog Soeren;0,2;0,5;0,1;0,7;0,1;0,2
19;NL:Q:40779004;Oranjeoord;Hoog Soeren;0,4;0,2;0,4;0,1;0,2;0,1
19;NL:Q:40779005;Echoput;Hoog Soeren;0,2;4,6;0,3;6,7;0,1;3,9
19;NL:Q:40783001;Kruispunt;Nieuw Millingen;3,3;10,0;1,4;7,9;1,1;5,1
19;NL:Q:40783002;Kruispunt;Nieuw Millingen;8,1;3,5;7,2;1,8;5,8;0,6
19;NL:Q:40783003;Kon. Luchtmacht;Nieuw Milligen;0,5;1,3;0,0;0,3;0,2;0,4
19;NL:Q:40783004;Kon. Luchtmacht;Nieuw Milligen;1,2;0,4;0,2;0,2;0,1;0,0
19;NL:Q:40783005;Ouwendorperweg;Nieuw Milligen;0,7;1,2;0,1;0,3;0,2;0,1
19;NL:Q:40783006;Ouwendorperweg;Nieuw Milligen;1,4;0,3;0,3;0,3;0,1;0,0
19;NL:Q:40783007;Hoeve Oud Milligen;Nieuw Milligen;0,6;2,0;0,3;0,5;0,6;0,4
19;NL:Q:40783010;Bos en Heide;Nieuw Milligen;1,7;0,1;0,0;0,0;0,0;0,0
19;NL:Q:40783011;Meerveld;Nieuw Milligen;0,4;3,0;0,0;0,1;0,0;0,0
19;NL:Q:40783012;Meerveld;Nieuw Milligen;2,1;0,5;0,0;0,0;0,0;0,0
19;NL:Q:40789001;Het Aardhuis;Hoog Soeren;1,0;3,5;0,2;0,6;0,1;0,4
19;NL:Q:40800325;Stationsstraat;Veenendaal;0,0;0,3;0,0;0,2;0,0;0,0
19;NL:Q:40800326;Stationsstraat;Veenendaal;0,1;0,1;0,1;0,0;0,0;0,0
19;NL:Q:40800390;De Grote Pekken;Veenendaal;13,3;1,9;3,5;0,7;2,3;0,2
19;NL:Q:40800400;De Grote Pekken;Veenendaal;1,2;11,9;0,5;2,8;0,1;2,2
19;NL:Q:40800410;Rembrandtpark;Veenendaal;3,7;1,7;0,7;0,4;0,0;0,0
19;NL:Q:40800420;Rembrandtpark;Veenendaal;1,4;2,8;0,2;0,5;0,0;0,0
19;NL:Q:40800430;Rossiniweg;Veenendaal;1,1;1,3;0,0;0,4;0,0;0,0
19;NL:Q:40800440;Jan Vermeerstraat;Veenendaal;0,6;2,4;0,3;0,5;0,0;0,0
19;NL:Q:40800450;Jan Vermeerstraat;Veenendaal;0,9;0,7;0,1;0,4;0,0;0,0
19;NL:Q:40800470;Station West;Veenendaal;3,3;2,3;0,7;0,9;0,0;0,0
19;NL:Q:40800480;Station West;Veenendaal;3,0;2,9;0,9;0,7;0,0;0,0
19;NL:Q:40800490;Boekvink;Veenendaal;2,3;3,1;0,4;0,7;0,0;0,0
19;NL:Q:40800500;Boekvink;Veenendaal;3,4;2,0;0,6;0,2;0,0;0,0
19;NL:Q:40800510;Tuinfluiter;Veenendaal;1,7;1,5;0,2;0,2;0,0;0,0
19;NL:Q:40800520;Tuinfluiter;Veenendaal;1,7;1,2;0,2;0,1;0,0;0,0
19;NL:Q:40800610;Spitsbergenweg;Veenendaal;1,8;8,2;0,6;1,8;0,4;1,2
19;NL:Q:40800620;Spitsbergenweg;Veenendaal;8,3;1,7;2,5;0,6;1,1;0,4
19;NL:Q:40800630;De Meent;Veenendaal;2,9;6,9;0,4;1,1;0,3;0,6
19;NL:Q:40800640;De Meent;Veenendaal;7,9;3,0;1,1;0,4;0,7;0,1
19;NL:Q:40800700;'t Kofschip;Veenendaal;1,1;2,1;0,2;0,2;0,0;0,0
19;NL:Q:40800710;'t Kofschip;Veenendaal;2,4;0,9;0,4;0,4;0,0;0,0
19;NL:Q:40800800;Rossiniweg;Veenendaal;1,9;1,0;0,3;0,0;0,0;0,0
19;NL:Q:40800820;Zwaaiplein;Veenendaal;0,7;0,2;0,5;0,1;0,0;0,0
19;NL:Q:40800830;Zwaaiplein;Veenendaal;0,2;0,5;0,1;0,5;0,0;0,0
19;NL:Q:40800910;Arsenaal;Veenendaal;1,3;0,6;0,3;0,1;0,0;0,0
19;NL:Q:40800920;Arsenaal;Veenendaal;0,5;1,6;0,1;0,2;0,0;0,0
19;NL:Q:40800930;Kazemat;Veenendaal;0,2;0,5;0,1;0,2;0,0;0,0
19;NL:Q:40800940;Kazemat;Veenendaal;0,5;0,5;0,1;0,1;0,0;0,0
19;NL:Q:40800960;Händellaan;Veenendaal;1,0;1,0;0,3;0,8;0,0;0,0
19;NL:Q:40800970;Händellaan;Veenendaal;0,9;0,9;0,1;0,2;0,0;0,0
19;NL:Q:40800980;Smetanadreef;Veenendaal;1,5;1,2;0,3;0,2;0,0;0,0
19;NL:Q:40800990;Smetanadreef;Veenendaal;1,5;1,6;0,4;0,4;0,0;0,0
19;NL:Q:40801300;Landjuweel;Veenendaal;0,8;4,0;0,3;1,3;0,0;0,0
19;NL:Q:40801310;Landjuweel;Veenendaal;3,2;1,1;0,9;1,2;0,0;0,0
19;NL:Q:40801320;Klovenier;Veenendaal;0,2;2,3;0,0;0,2;0,0;0,0
19;NL:Q:40801330;Klovenier;Veenendaal;1,6;0,3;0,2;0,0;0,0;0,0
19;NL:Q:40801350;De Schutterij;Veenendaal;2,0;0,8;0,4;0,4;0,0;0,0
19;NL:Q:40801410;Regge;Veenendaal;1,3;1,9;0,2;0,3;0,0;0,0
19;NL:Q:40801420;Regge;Veenendaal;2,6;1,3;0,1;0,5;0,0;0,0
19;NL:Q:40801480;Stat. Centrum/Kerkewijk;Veenendaal;5,3;40,1;1,5;7,8;0,0;0,0
19;NL:Q:40801510;Munnikenweg;Veenendaal;2,2;4,9;0,2;0,7;0,0;0,0
19;NL:Q:40801520;Munnikenweg;Veenendaal;5,3;2,2;0,6;0,1;0,0;0,0
19;NL:Q:40801530;De Schutterij;Veenendaal;0,6;2,1;0,3;0,6;0,0;0,0
19;NL:Q:40801540;Stat. Centrum/Rembrandtlaan;Veenendaal;1,3;1,0;0,1;0,3;0,0;0,0
19;NL:Q:40802001;Heuvelsesteeg;Overberg;0,4;0,4;0,0;0,1;0,0;0,0
19;NL:Q:40802003;Bergweg;Overberg;0,0;0,1;0,0;0,1;0,0;0,0
19;NL:Q:40802005;De Ossenberg;Overberg;0,2;0,1;0,2;0,1;0,0;0,0
19;NL:Q:40802007;Rijksinrichting de Overberg;Overberg;0,0;0,0;0,0;0,0;0,0;0,0
19;NL:Q:40802009;Driesprong;Overberg;0,1;0,1;0,1;0,0;0,0;0,0
19;NL:Q:40802011;Slaperdijk;Overberg;0,0;0,0;0,0;0,0;0,0;0,0
19;NL:Q:40802014;Haarweg School;Overberg;0,1;0,1;0,0;0,0;0,0;0,0
19;NL:Q:40802016;Haspel;Overberg;0,0;0,0;0,0;0,0;0,0;0,0
19;NL:Q:40802018;Overweg;Overberg;0,0;0,0;0,0;0,0;0,0;0,0
19;NL:Q:40805005;Prins Clauslaan;Veenendaal;8,3;2,9;1,7;0,9;1,4;0,9
19;NL:Q:40805006;Prins Clauslaan;Veenendaal;2,5;6,2;0,8;1,5;0,7;1,8
19;NL:Q:40805007;Sirius;Veenendaal;19,5;5,9;3,9;1,7;3,2;1,8
19;NL:Q:40805008;Sirius;Veenendaal;7,9;17,3;2,1;3,1;1,4;2,5
19;NL:Q:40805014;Buurtlaan-Oost;Veenendaal;0,6;4,1;0,1;0,8;0,0;0,2
19;NL:Q:40805015;Van Veldekelaan;Veenendaal;0,1;0,0;0,0;0,0;0,0;0,0
19;NL:Q:40805016;Van Veldekelaan;Veenendaal;0,0;0,1;0,0;0,0;0,0;0,0
19;NL:Q:40805017;Station West;Veenendaal;0,2;0,3;0,1;0,2;0,0;0,0
19;NL:Q:40805018;Station West;Veenendaal;0,3;0,3;0,2;0,2;0,0;0,0
19;NL:Q:40805027;Politiebureau;Veenendaal;30,1;7,4;12,8;2,8;6,6;1,2
19;NL:Q:40805028;Politiebureau;Veenendaal;5,2;30,8;1,4;13,2;0,6;5,4
19;NL:Q:40805037;'t Boveneind;Veenendaal;0,1;0,1;0,0;0,0;0,0;0,0
19;NL:Q:40805038;'t Boveneind;Veenendaal;0,0;0,1;0,0;0,1;0,0;0,0
19;NL:Q:40805120;Stat. Centrum/Plein;Veenendaal;76,0;28,3;15,1;5,1;11,2;8,2
19;NL:Q:40806010;Centrum/ Wolweg;Veenendaal;0,3;0,3;0,1;0,2;0,0;0,0
19;NL:Q:40806020;Centrum/ Wolweg;Veenendaal;0,7;0,3;0,2;0,2;0,0;0,0
19;NL:Q:40806150;;;0,0;0,0;0,0;0,0;0,0;0,0
19;NL:Q:40806160;;;0,0;0,0;0,0;0,0;0,0;0,0
19;NL:Q:40829001;De Rusthoeve;Koudhoorn;0,3;1,1;0,2;0,4;0,2;0,2
19;NL:Q:40829002;De Rusthoeve;Koudhoorn;1,0;0,3;0,5;0,1;0,2;0,1
19;NL:Q:40829003;Mooi Veluwe;Koudhoorn;1,3;4,3;0,9;3,5;0,6;2,4
19;NL:Q:40829004;Mooi Veluwe;Koudhoorn;4,2;1,2;4,0;0,9;3,0;0,2
19;NL:Q:40829005;Landgoed Groot Spriel;Koudhoorn;0,0;0,0;0,0;0,2;0,0;0,0
19;NL:Q:40829006;Landgoed Groot Spriel;Koudhoorn;0,1;0,1;0,1;0,0;0,0;0,1
19;NL:Q:40829007;School Schovenhorst;Koudhoorn;0,3;0,3;0,4;0,4;0,2;0,1
19;NL:Q:40829010;Landgoed Schovenhorst;Koudhoorn;0,7;0,5;0,1;0,2;0,3;0,1
19;NL:Q:40883009;Bos en Heide;Nieuw Milligen;0,1;1,4;0,0;0,0;0,0;0,0
19;NL:Q:40885006;Openbare Basisschool;Oeken;0,3;0,0;0,0;0,0;0,0;0,0
19;NL:Q:40885007;Openbare Basisschool;Oeken;0,0;0,3;0,0;0,0;0,0;0,0
19;NL:Q:40887001;Garderenseweg;Uddel;0,2;0,3;0,0;0,0;0,0;0,0
19;NL:Q:40887002;Garderenseweg;Uddel;0,3;0,4;0,0;0,0;0,0;0,0
19;NL:Q:40887003;Cafe Uddelermeer;Uddel;1,0;2,5;0,7;1,7;0,2;0,4
19;NL:Q:40887004;Cafe Uddelermeer;Uddel;1,8;0,9;1,6;0,7;0,5;0,2
19;NL:Q:40887005;Bleeke Hoeve;Uddel;0,8;1,7;0,2;0,4;0,0;0,1
19;NL:Q:40887006;Bleeke Hoeve;Uddel;1,3;1,1;0,4;0,5;0,3;0,2
19;NL:Q:40887007;Uttilochweg;Uddel;11,2;14,3;1,7;2,7;0,1;0,2
19;NL:Q:40887008;Uttilochweg;Uddel;15,1;9,2;3,4;1,5;0,3;0,1
19;NL:Q:40887009;Markveldweg;Uddel;5,4;7,5;1,0;0,7;0,2;0,0
19;NL:Q:40887010;Markveldweg;Uddel;11,4;7,1;0,9;1,1;0,1;0,3
19;NL:Q:40887012;Noord Riezen;Uddel;0,2;0,2;0,2;0,3;0,0;0,0
19;NL:Q:40982002;Hooiweg/Middenweg;Elspeet;0,2;0,5;0,0;0,0;0,0;0,0
19;NL:Q:40982003;Veenweg;Elspeet;1,1;1,1;0,0;0,0;0,0;0,0
19;NL:Q:40982004;Veenweg;Elspeet;1,6;0,9;0,0;0,0;0,0;0,0
19;NL:Q:40982005;Gerrit Mouwweg;Elspeet;1,2;0,6;0,1;0,0;0,1;0,0
19;NL:Q:40982006;Gerrit Mouwweg;Elspeet;1,3;1,7;0,0;0,0;0,0;0,0
19;NL:Q:40982007;Centrum;Elspeet;11,5;22,5;3,8;2,7;0,2;0,2
19;NL:Q:40982008;Centrum;Elspeet;23,7;10,7;3,6;3,8;0,3;0,1
19;NL:Q:40982009;Kleine Kolonieweg;Elspeet;1,5;1,5;0,6;0,3;0,1;0,0
19;NL:Q:40982010;Kleine Kolonieweg;Elspeet;1,5;1,6;0,3;0,5;0,1;0,0
19;NL:Q:40982011;Bosrand;Elspeet;0,5;0,1;0,4;0,0;0,0;0,0
19;NL:Q:40982012;Bosrand;Elspeet;0,1;0,8;0,1;0,1;0,0;0,0
19;NL:Q:40982021;Landgoed Noorderheide;Elspeet;0,1;0,0;0,1;0,1;0,0;0,0
19;NL:Q:40982025;Sluiterweg;Elspeet;3,4;0,6;0,8;0,3;0,0;0,0
19;NL:Q:40982026;Sluiterweg;Elspeet;0,8;4,3;0,3;1,2;0,0;0,1
19;NL:Q:40982027;Vierhouterweg;Elspeet;7,0;2,2;2,2;0,6;0,1;0,2
19;NL:Q:40982028;Vierhouterweg;Elspeet;1,8;5,8;1,0;2,6;0,2;0,3
19;NL:Q:40987011;Noord Riezen;Uddel;0,1;0,2;0,2;0,1;0,0;0,0
19;NL:Q:41220010;Avegoor;Ellecom;1,3;1,4;0,8;0,8;0,3;0,1
19;NL:Q:41220030;Oprijlaan Middachten;De Steeg;0,4;0,5;0,2;0,2;0,1;0,1
19;NL:Q:41220040;Oprijlaan Middachten;De Steeg;0,1;0,1;0,0;0,1;0,0;0,0
19;NL:Q:41220050;Smidsallee;De Steeg;0,4;0,3;0,2;0,1;0,0;0,1
19;NL:Q:41220060;Smidsallee;De Steeg;0,6;0,7;0,4;0,4;0,2;0,0
19;NL:Q:41220070;Brantsenpark;De Steeg;9,2;4,3;4,4;3,1;1,8;0,6
19;NL:Q:41220080;Brantsenpark;De Steeg;4,3;8,4;2,7;4,9;0,8;1,8
19;NL:Q:41220090;Viaduct;De Steeg;1,0;0,3;0,2;0,2;0,1;0,0
19;NL:Q:41220100;Viaduct;De Steeg;0,3;0,8;0,1;0,1;0,0;0,0
19;NL:Q:41220110;Rozenbos;Rheden;1,5;0,3;0,7;0,3;0,2;0,0
19;NL:Q:41220120;Rozenbos;Rheden;0,3;1,4;0,2;0,9;0,1;0,2
19;NL:Q:41220130;Pinkelseweg;Rheden;0,3;0,3;0,2;0,4;0,1;0,1
19;NL:Q:41220140;Pinkelseweg;Rheden;0,3;0,6;0,2;0,2;0,1;0,1
19;NL:Q:41220150;Groenestraat;Rheden;7,7;3,7;5,3;2,5;2,3;1,0
19;NL:Q:41220160;Groenestraat;Rheden;4,8;7,8;3,4;5,3;1,0;1,9
19;NL:Q:41220170;Holtbankseweg;Rheden;1,5;1,5;0,7;0,7;0,5;0,2
19;NL:Q:41220180;Holtbankseweg;Rheden;1,0;2,3;0,4;1,5;0,1;0,5
19;NL:Q:41220190;Rhederhof;Rheden;5,0;1,9;4,5;0,6;2,0;0,1
19;NL:Q:41220200;Rhederhof;Rheden;2,1;5,6;0,8;6,1;0,4;2,0
19;NL:Q:41220220;Hotel De Roskam;Rheden;0,4;0,8;0,3;1,4;0,2;0,6
19;NL:Q:41320111;Station Dieren;Dieren;26,1;42,3;9,7;15,7;3,9;5,5
19;NL:Q:41320112;Station Dieren;Dieren;43,2;23,0;17,7;10,8;7,1;3,7
19;NL:Q:41320150;Hofstetten;Ellecom;1,0;0,9;0,9;0,9;0,2;0,2
19;NL:Q:41320160;Hofstetten;Ellecom;1,3;1,1;0,5;0,8;0,0;0,3
19;NL:Q:41320170;Dorp;Ellecom;4,2;2,5;2,1;1,6;1,0;0,7
19;NL:Q:41320180;Dorp;Ellecom;2,8;4,0;1,3;2,4;0,6;0,8
19;NL:Q:41320200;Avegoor;Ellecom;1,0;1,9;0,7;1,2;0,2;0,5
19;NL:Q:41327003;Callunaplein;Dieren;9,4;4,0;4,5;2,5;1,1;0,5
19;NL:Q:41327004;Callunaplein;Dieren;6,1;12,2;2,2;4,7;0,4;1,3
19;NL:Q:41327005;Rode Kruislaan;Dieren;8,9;3,5;3,5;1,7;0,8;0,4
19;NL:Q:41327006;Rode Kruislaan;Dieren;2,8;8,4;1,0;2,4;0,5;0,8
19;NL:Q:41327007;Geitenbergweg;Dieren;13,4;3,5;4,6;2,0;1,6;0,8
19;NL:Q:41327008;Geitenbergweg;Dieren;4,1;11,5;2,3;5,3;0,7;2,1
19;NL:Q:41327009;Crematorium;Dieren;3,4;1,1;1,4;0,5;0,4;0,2
19;NL:Q:41327010;Crematorium;Dieren;2,0;3,7;0,8;1,7;0,3;0,5
19;NL:Q:41327011;Cederlaan;Dieren;9,9;3,4;5,5;1,5;1,9;0,4
19;NL:Q:41327012;Cederlaan;Dieren;2,4;9,7;1,4;5,8;0,6;2,0
19;NL:Q:41448023;Hazenberg;Brummen;0,0;0,1;0,0;0,0;0,0;0,0
19;NL:Q:41448024;Hazenberg;Brummen;0,0;0,0;0,0;0,0;0,0;0,0
19;NL:Q:41448027;Arnhemsestraat;Leuvenheim;0,4;0,2;0,0;0,1;0,0;0,0
19;NL:Q:41448031;Hoofdstraat;Leuvenheim;0,1;0,1;0,1;0,1;0,0;0,0
19;NL:Q:41448033;School;Leuvenheim;0,0;0,0;0,0;0,0;0,0;0,0
19;NL:Q:41448035;Spankerenseweg;Leuvenheim;0,0;0,0;0,0;0,0;0,0;0,0
19;NL:Q:41448037;Het Bret;Brummen;0,0;0,0;0,0;0,0;0,0;0,0
19;NL:Q:41448038;Het Bret;Brummen;0,0;0,0;0,0;0,0;0,0;0,0
19;NL:Q:41448039;De Pothof;Brummen;0,0;0,0;0,0;0,0;0,0;0,0
19;NL:Q:41448040;De Pothof;Brummen;0,0;0,0;0,0;0,0;0,0;0,0
19;NL:Q:41448043;Tolzicht;Brummen;0,0;0,0;0,0;0,0;0,0;0,0
19;NL:Q:41448044;Tolzicht;Brummen;0,0;0,0;0,0;0,0;0,0;0,0
19;NL:Q:41448045;Centrum;Brummen;0,8;0,7;0,2;0,2;0,0;0,0
19;NL:Q:41448047;Cortenoeverseweg;Brummen;0,2;0,0;0,1;0,0;0,0;0,0
19;NL:Q:41448048;Cortenoeverseweg;Brummen;0,0;0,1;0,0;0,0;0,0;0,0
19;NL:Q:41448049;Kampweg;Brummen;2,2;0,1;0,7;0,0;0,0;0,0
19;NL:Q:41448050;Kampweg;Brummen;0,0;1,8;0,0;0,3;0,0;0,0
19;NL:Q:41448051;Meengatstraat;Brummen;0,2;0,0;0,1;0,0;0,0;0,0
19;NL:Q:41448052;Meengatstraat;Brummen;0,0;0,3;0,0;0,2;0,0;0,0
19;NL:Q:41448053;Berkelder;Brummen;0,2;0,1;0,1;0,0;0,0;0,0
19;NL:Q:41448054;Berkelder;Brummen;0,0;0,2;0,0;0,1;0,0;0,0
19;NL:Q:41448055;Elzenbosweg;Brummen;0,8;0,2;0,4;0,1;0,0;0,0
19;NL:Q:41448056;Elzenbosweg;Brummen;0,1;0,7;0,1;0,5;0,0;0,0
19;NL:Q:41448057;Michaelshoeve;Brummen;0,6;0,1;0,1;0,0;0,0;0,0
19;NL:Q:41448058;Michaelshoeve;Brummen;0,0;0,6;0,0;0,0;0,0;0,0
19;NL:Q:41448061;Station;Brummen;3,4;0,2;0,1;0,0;0,0;0,0
19;NL:Q:41448062;Station;Brummen;0,1;2,6;0,1;0,1;0,0;0,0
19;NL:Q:41448066;De Hulsthoeve;Brummen;0,0;0,0;0,0;0,0;0,0;0,0
19;NL:Q:41448067;De Hulsthoeve;Brummen;0,0;0,0;0,0;0,0;0,0;0,0
19;NL:Q:41448069;Dierenseweg;Eerbeek;0,1;0,0;0,0;0,0;0,0;0,0
19;NL:Q:41448072;Plein Vijf;Brummen;0,0;0,0;0,0;0,0;0,0;0,0
19;NL:Q:41448073;Plein Vijf;Brummen;0,0;0,1;0,0;0,0;0,0;0,0
19;NL:Q:41448074;Tuinstraat;Brummen;0,0;0,0;0,0;0,0;0,0;0,0
19;NL:Q:41448075;Tuinstraat;Brummen;0,0;0,1;0,0;0,0;0,0;0,0
19;NL:Q:41448077;Gemeentehuis;Brummen;0,0;0,0;0,0;0,0;0,0;0,0
19;NL:Q:41448078;Gemeentehuis;Brummen;0,0;0,0;0,0;0,0;0,0;0,0
19;NL:Q:41448079;Reuvershoeve;Brummen;0,0;0,0;0,0;0,0;0,0;0,0
19;NL:Q:41448080;Reuvershoeve;Brummen;0,0;0,0;0,0;0,0;0,0;0,0
19;NL:Q:41601071;GGNet;Apeldoorn;0,3;0,0;0,0;0,0;0,0;0,0
19;NL:Q:41601073;Drostendijk;Apeldoorn;0,0;0,0;0,0;0,0;0,0;0,0
19;NL:Q:41601074;Drostendijk;Apeldoorn;0,0;0,0;0,0;0,0;0,0;0,0
19;NL:Q:41607001;Woudweg;Teuge;0,0;0,0;0,0;0,0;0,0;0,0
19;NL:Q:41607002;Woudweg;Teuge;0,0;0,0;0,0;0,0;0,0;0,0
19;NL:Q:41607003;De Wacht;Teuge;0,0;0,1;0,0;0,0;0,0;0,0
19;NL:Q:41607004;De Wacht;Teuge;0,1;0,0;0,0;0,0;0,0;0,0
19;NL:Q:41607011;'t Wezeveld;Twello;0,0;0,0;0,0;0,0;0,0;0,0
19;NL:Q:41607013;Rijksstraatweg;Teuge;0,0;0,0;0,0;0,0;0,0;0,0
19;NL:Q:41607014;Rijksstraatweg;Teuge;0,0;0,0;0,0;0,0;0,0;0,0
19;NL:Q:41635003;Broekstraat;Klarenbeek;0,0;0,1;0,0;0,0;0,0;0,0
19;NL:Q:41635004;Broekstraat;Klarenbeek;0,1;0,1;0,0;0,0;0,0;0,0
19;NL:Q:41635011;Elsbosweg;Klarenbeek;0,1;0,1;0,1;0,0;0,0;0,0
19;NL:Q:41635012;Elsbosweg;Klarenbeek;0,2;0,1;0,0;0,1;0,0;0,0
19;NL:Q:41640170;Busstation;Zutphen;8,8;8,7;2,4;2,5;0,0;0,0
19;NL:Q:41648003;IJsselbrug;Zutphen (Hoven);0,1;0,0;0,0;0,0;0,0;0,0
19;NL:Q:41648004;IJsselbrug;Zutphen (Hoven);0,0;0,1;0,0;0,0;0,0;0,0
19;NL:Q:41648005;Achterhoven;Zutphen (Hoven);0,1;0,0;0,0;0,0;0,0;0,0
19;NL:Q:41648006;Achterhoven;Zutphen (Hoven);0,0;0,2;0,0;0,0;0,0;0,0
19;NL:Q:41648014;IJsselbrug;Zutphen;0,0;0,1;0,0;0,1;0,0;0,0
19;NL:Q:41665001;Station;Klarenbeek;0,8;0,4;0,5;0,2;0,0;0,0
19;NL:Q:41668005;Thermen Bussloo;Bussloo;1,7;1,4;1,6;1,1;1,4;1,5
19;NL:Q:41670002;Ecofactorij;Apeldoorn;0,1;0,1;0,0;0,0;0,0;0,0
19;NL:Q:41676030;IJsseldijk;Apeldoorn;0,1;0,1;0,0;0,0;0,0;0,0
19;NL:Q:41676040;IJsseldijk;Apeldoorn;0,1;0,1;0,0;0,0;0,0;0,0
19;NL:Q:41676057;;;0,2;0,0;0,0;0,0;0,0;0,0
19;NL:Q:41676058;Wilp Achterhoek;Wilp-Achterhoek;0,0;0,2;0,0;0,0;0,0;0,0
19;NL:Q:41676059;Wilp Achterhoek;Wilp;0,1;0,0;0,0;0,0;0,0;0,0
19;NL:Q:41706000;;;0,0;0,0;0,0;0,0;0,0;0,0
19;NL:Q:41706001;Station;Twello;3,6;3,2;1,1;1,7;1,7;1,4
19;NL:Q:41706002;Station;Twello;8,7;7,6;0,3;0,3;0,3;0,2
19;NL:Q:41706003;Gemeentehuis;Twello;0,9;0,2;0,0;0,0;0,0;0,0
19;NL:Q:41706004;Gemeentehuis;Twello;0,1;0,7;0,0;0,0;0,0;0,0
19;NL:Q:41706005;M. de Ruyterstraat;Twello;0,0;0,0;0,0;0,0;0,0;0,0
19;NL:Q:41706006;M. de Ruyterstraat;Twello;0,1;0,0;0,0;0,0;0,0;0,0
19;NL:Q:41706007;Piet Heinstraat;Twello;0,0;0,1;0,0;0,1;0,0;0,0
19;NL:Q:41706008;Piet Heinstraat;Twello;0,1;0,1;0,0;0,0;0,0;0,0
19;NL:Q:41706009;Troelstralaan;Twello;0,2;0,4;0,1;0,1;0,0;0,0
19;NL:Q:41706010;Troelstralaan;Twello;0,3;0,1;0,0;0,0;0,0;0,0
19;NL:Q:41706011;Beethovenlaan;Twello;0,0;0,0;0,0;0,0;0,0;0,0
19;NL:Q:41706012;Beethovenlaan;Twello;0,1;0,1;0,0;0,0;0,0;0,0
19;NL:Q:41706013;Station;Twello;0,1;0,2;0,0;0,0;0,0;0,0
19;NL:Q:41706014;Bachstraat;Twello;0,1;0,1;0,0;0,0;0,0;0,0
19;NL:Q:41706018;Molenstraat;Twello;0,0;0,0;0,0;0,0;0,0;0,0
19;NL:Q:41706020;Oude Rijksstraatweg;Twello;0,1;0,0;0,0;0,0;0,0;0,0
19;NL:Q:41706021;Lindelaan;Twello;0,0;0,0;0,0;0,0;0,0;0,0
19;NL:Q:41706022;Lindelaan;Twello;0,1;0,1;0,0;0,0;0,0;0,0
19;NL:Q:41706023;Overmars;Twello;0,0;0,0;0,0;0,0;0,0;0,0
19;NL:Q:41706024;Overmars;Twello;0,0;0,0;0,0;0,0;0,0;0,0
19;NL:Q:41706025;Terwoldseweg;Twello;0,0;0,1;0,0;0,0;0,0;0,0
19;NL:Q:41706026;Terwoldseweg;Twello;0,0;0,1;0,0;0,0;0,0;0,0
19;NL:Q:41706027;Stationsstraat;Twello;0,0;0,1;0,0;0,0;0,0;0,0
19;NL:Q:41706028;Stationsstraat;Twello;0,0;0,0;0,0;0,0;0,0;0,0
19;NL:Q:41706029;Burg. van der Feltzweg;Twello;0,1;0,0;0,0;0,0;0,0;0,0
19;NL:Q:41706030;Burg. van der Feltzweg;Twello;0,0;0,1;0,0;0,0;0,0;0,0
19;NL:Q:41706031;Oude Binnenweg;Twello;0,1;0,0;0,0;0,0;0,0;0,0
19;NL:Q:41706032;Oude Binnenweg;Twello;0,0;0,1;0,0;0,0;0,0;0,0
19;NL:Q:41706033;Holthuizerstraat;Twello;0,9;1,1;0,0;0,0;0,0;0,0
19;NL:Q:41706035;Het Grotenhuis;Twello;0,0;0,2;0,0;0,0;0,0;0,0
19;NL:Q:41706037;Derk Brouwerstraat;Twello;0,2;0,0;0,0;0,0;0,0;0,0
19;NL:Q:41706038;Derk Brouwerstraat;Twello;0,0;0,2;0,0;0,0;0,0;0,0
19;NL:Q:41706039;Stinzenlaan;Twello;0,1;0,0;0,0;0,0;0,0;0,0
19;NL:Q:41706040;Stinzenlaan;Twello;0,0;0,1;0,0;0,0;0,0;0,0
19;NL:Q:41706051;Engelenburgstraat;Twello;0,2;0,1;0,0;0,0;0,0;0,0
19;NL:Q:41706052;Engelenburgstraat;Twello;0,0;0,5;0,0;0,0;0,0;0,0
19;NL:Q:41706053;Martinushof;Twello;0,2;0,0;0,0;0,0;0,0;0,0
19;NL:Q:41706054;Martinushof;Twello;0,0;0,4;0,0;0,0;0,0;0,0
19;NL:Q:41707003;Wilpsedijk;Steenenkamer;0,1;0,2;0,0;0,0;0,0;0,0
19;NL:Q:41707012;'t Wezeveld;Teuge;0,0;0,0;0,0;0,0;0,0;0,0
19;NL:Q:41710001;Begraafplaats;Wilp;0,0;0,0;0,0;0,0;0,0;0,0
19;NL:Q:41710002;Begraafplaats;Wilp;0,0;0,1;0,0;0,0;0,0;0,0
19;NL:Q:41710003;De Lathmer;Wilp;0,5;0,2;0,4;0,0;0,3;0,0
19;NL:Q:41710004;De Lathmer;Wilp;0,1;0,4;0,0;0,3;0,0;0,2
19;NL:Q:41710005;Molenallee;Wilp;0,8;0,1;0,1;0,0;0,1;0,0
19;NL:Q:41710006;Molenallee;Wilp;0,3;1,0;0,1;0,2;0,0;0,0
19;NL:Q:41710009;Roggencampweg;Wilp;0,2;0,1;0,0;0,1;0,0;0,0
19;NL:Q:41710010;Roggencampweg;Wilp;0,0;0,6;0,0;0,1;0,0;0,1
19;NL:Q:41716001;Wilper Korenmolen;Posterenk;0,3;0,1;0,0;0,0;0,0;0,0
19;NL:Q:41716002;Wilper Korenmolen;Posterenk;0,1;0,2;0,1;0,0;0,0;0,0
19;NL:Q:41718001;Bussloselaan;Bussloo;0,4;0,1;0,0;0,1;0,0;0,0
19;NL:Q:41718002;De Nieuwenhof;Gietelo;0,1;0,3;0,2;0,1;0,0;0,0
19;NL:Q:41718022;Bussloselaan;Bussloo;0,1;0,3;0,0;0,1;0,0;0,0
19;NL:Q:41761001;Klarenbeekseweg;Voorst;0,0;0,0;0,0;0,0;0,0;0,0
19;NL:Q:41761002;Klarenbeekseweg;Voorst;0,0;0,0;0,0;0,1;0,0;0,0
19;NL:Q:41761003;Huize Enkstein;Voorst;0,6;0,3;0,1;0,0;0,0;0,0
19;NL:Q:41761004;Huize Enkstein;Voorst;0,3;0,9;0,2;0,1;0,0;0,0
19;NL:Q:41761005;Huize de Beele;Voorst;0,0;0,2;0,0;0,0;0,0;0,0
19;NL:Q:41761006;Huize de Beele;Voorst;0,2;0,1;0,0;0,0;0,0;0,0
19;NL:Q:41761007;Station Voorst-Empe;Voorst;4,5;3,6;0,9;0,7;0,4;0,4
19;NL:Q:41768001;De Nieuwenhof;Gietelo;0,3;0,0;0,0;0,2;0,0;0,1
19;NL:Q:46000170;Molenweg;Zwolle;0,2;0,0;0,0;0,0;0,0;0,0
19;NL:Q:46000570;Dokter Hengeveldweg;Zwolle;0,0;0,0;0,0;0,0;0,0;0,0
19;NL:Q:46001542;Dokter Hengeveldweg;Zwolle;0,2;0,0;0,0;0,0;0,0;0,0
19;NL:Q:46001560;Isala ziekenhuis;Zwolle;0,2;0,0;0,0;0,0;0,0;0,0
19;NL:Q:46001710;van Karnebeektunnel;Zwolle;0,0;0,1;0,0;0,0;0,0;0,0
19;NL:Q:46001740;van Karnebeektunnel;Zwolle;0,0;0,0;0,0;0,0;0,0;0,0
19;NL:Q:46003240;Herenweg;Zwolle;0,0;0,0;0,0;0,0;0,0;0,0
19;NL:Q:46004003;Station;Zwolle;0,2;0,7;0,0;0,0;0,0;0,0
19;NL:Q:46004005;Station;Zwolle;0,4;0,0;0,0;0,0;0,0;0,0
19;NL:Q:46004006;Station;Zwolle;0,0;10,0;0,0;1,1;0,0;6,0
19;NL:Q:46004007;Station;Zwolle;140,2;141,7;0,0;0,0;0,0;0,0
19;NL:Q:46004008;Station;Zwolle;189,3;187,0;0,0;0,0;0,0;0,0
19;NL:Q:46004009;Station;Zwolle;245,0;173,6;53,2;50,5;27,8;25,8
19;NL:Q:46004010;Station;Zwolle;257,7;237,5;142,4;121,3;94,0;95,2
19;NL:Q:46004670;Deltion Campus;Zwolle;0,2;16,2;0,0;0,0;0,0;0,0
19;NL:Q:46004680;Deltion Campus;Zwolle;0,8;0,4;0,0;0,0;0,0;0,0
19;NL:Q:46006110;Hortensiastraat;Zwolle;0,0;0,0;0,0;0,0;0,0;0,0
19;NL:Q:46006130;Molenweg;Zwolle;0,0;0,1;0,0;0,0;0,0;0,0
19;NL:Q:46006255;Isala ziekenhuis;Zwolle;0,0;0,0;0,0;0,0;0,0;0,0
19;NL:Q:46008580;Stadion;Zwolle;0,2;0,1;0,0;0,0;0,0;0,0
19;NL:Q:46100040;Katerdijk;zwolle;57,2;54,7;0,0;0,0;0,0;0,0
19;NL:Q:46100050;Katerdijk;zwolle;6,7;75,6;0,0;0,0;0,0;0,0
19;NL:Q:46104001;Het Engelse Werk;Zwolle;3,6;5,2;2,4;2,3;1,5;2,2
19;NL:Q:46104002;Het Engelse Werk;Zwolle;5,1;4,1;2,3;3,6;1,4;1,6
19;NL:Q:46104003;Oranje Nassaulaan;Zwolle;2,8;32,0;0,0;0,0;0,0;0,0
19;NL:Q:46104004;Oranje Nassaulaan;Zwolle;13,2;2,4;0,0;0,0;0,0;0,0
19;NL:Q:46104005;Koningin Wilhelminastraat;Zwolle;2,8;15,6;0,0;0,0;0,0;0,0
19;NL:Q:46104006;Koningin Wilhelminastraat;Zwolle;15,0;3,9;0,0;0,0;0,0;0,0
19;NL:Q:46104021;Katwolderplein/centrum;Zwolle;147,4;45,1;91,4;9,1;41,5;9,0
19;NL:Q:46104022;Katwolderplein/centrum;Zwolle;74,4;127,1;25,7;107,4;16,6;45,2
19;NL:Q:46104027;Voorsterpoort;Zwolle;22,3;9,0;0,0;0,0;0,0;0,0
19;NL:Q:46104028;Voorsterpoort;Zwolle;7,8;23,7;0,0;0,0;0,0;0,0
19;NL:Q:47151001;Centrum;Hattemerbroek;7,5;2,7;3,0;0,9;1,8;0,3
19;NL:Q:47151002;Centrum;Hattemerbroek;3,1;8,0;0,9;3,3;0,3;1,9
19;NL:Q:47155001;Pompstation;Hattem;6,0;1,1;4,2;0,5;2,8;0,2
19;NL:Q:47155003;Zuid;Hattem;20,0;6,7;9,2;2,4;5,7;0,8
19;NL:Q:47155004;Zuid;Hattem;6,2;20,2;2,1;10,2;1,1;7,4
19;NL:Q:47155005;Centrum;Hattem;32,0;4,6;21,5;4,0;11,0;1,3
19;NL:Q:47155006;Centrum;Hattem;4,8;33,6;3,4;21,0;2,0;9,7
19;NL:Q:47155007;Noord;Hattem;36,5;5,9;21,2;2,8;12,6;2,0
19;NL:Q:47155008;Noord;Hattem;6,8;38,0;3,2;19,1;1,4;11,5
19;NL:Q:47155009;IJsselbrug;Hattem;1,9;3,1;1,0;1,5;0,4;1,0
19;NL:Q:47155010;IJsselbrug;Hattem;1,6;1,8;1,1;0,5;0,2;0,5
19;NL:Q:47155012;IJsselbrug;Hattem;1,3;0,7;0,6;0,3;0,4;0,0
19;NL:Q:47155037;Carpoolplaats A50;Hattem;2,3;1,6;0,0;0,0;0,0;0,0
19;NL:Q:47155038;Carpoolplaats A50;Hattem;1,2;2,4;0,0;0,0;0,0;0,0
19;NL:Q:47210003;Cafe Rest. Coelenhage;Wezep;9,1;9,9;5,0;4,0;2,5;1,7
19;NL:Q:47210004;Cafe Rest. Coelenhage;Wezep;9,8;10,8;3,5;4,8;1,6;2,0
19;NL:Q:47210005;Veluwelaan;Wezep;28,6;5,0;9,4;2,0;4,6;1,8
19;NL:Q:47210006;Veluwelaan;Wezep;5,7;26,4;1,7;7,9;1,5;4,8
19;NL:Q:47210007;W. de Zwijgerkazerne;Hattemerbroek;11,4;2,2;6,1;0,6;2,9;0,2
19;NL:Q:47210008;W. de Zwijgerkazerne;hattemerbroek;2,6;13,8;0,6;6,0;0,4;2,6
19;NL:Q:47210009;A28/IJsselvliedt;Wezep;3,6;0,9;0,0;0,0;0,0;0,0
19;NL:Q:47210010;A28/IJsselvliedt;Wezep;0,3;3,5;0,0;0,0;0,0;0,0
19;NL:Q:47210011;Begraafplaats;Wezep;0,0;0,1;0,0;0,0;0,0;0,0
19;NL:Q:47210012;Begraafplaats;Wezep;0,0;0,1;0,0;0,0;0,0;0,0
19;NL:Q:47210013;Meidoornplein;Wezep;0,0;0,4;0,0;0,0;0,0;0,0
19;NL:Q:47210014;Meidoornplein;Wezep;0,4;0,1;0,0;0,0;0,0;0,0
19;NL:Q:47210015;Station;Wezep;3,1;2,9;0,3;0,2;0,0;0,0
19;NL:Q:47254001;Nachtegaalweg;Wapenveld;32,1;11,9;11,7;6,3;7,9;4,4
19;NL:Q:47254003;Molenweg;Wapenveld;26,4;7,3;13,6;3,1;6,8;1,4
19;NL:Q:47254004;Molenweg;Wapenveld;7,8;26,9;3,4;12,5;1,5;7,0
19;NL:Q:47254005;Parkweg;Wapenveld;7,3;1,4;3,6;0,9;2,3;0,5
19;NL:Q:47254006;Parkweg;Wapenveld;1,5;7,7;0,9;3,5;0,3;2,2
19;NL:Q:47254007;Ir R.R. v/d Zeelaan;Wapenveld;1,9;1,1;0,5;0,0;0,4;0,0
19;NL:Q:47254008;Ir R.R. v/d Zeelaan;Wapenveld;0,8;2,5;0,1;1,4;0,0;0,6
19;NL:Q:47255002;Pompstation;Hattem;0,9;7,3;0,4;4,4;0,4;3,5
19;NL:Q:47310010;Begraafplaats;Oosterwolde;0,0;0,0;0,0;0,0;0,0;0,0
19;NL:Q:47310020;Begraafplaats;Oosterwolde;0,0;0,0;0,0;0,0;0,0;0,0
19;NL:Q:47312001;Mulligenweg;'t Loo;0,0;0,0;0,0;0,0;0,0;0,0
19;NL:Q:47312002;Mulligenweg;'t Loo;0,0;0,0;0,0;0,0;0,0;0,0
19;NL:Q:47312003;Putstraat;t Loo;0,1;0,2;0,0;0,0;0,0;0,0
19;NL:Q:47312004;Putstraat;t Loo;0,1;0,2;0,0;0,0;0,0;0,0
19;NL:Q:47312005;Landal Landgoed 't Loo;'t Loo;0,5;0,6;0,0;0,0;0,0;0,0
19;NL:Q:47312008;Harm Aartsweg;'t Loo;0,1;0,1;0,0;0,0;0,0;0,0
19;NL:Q:47312009;Sportlaan;t Loo;0,0;0,0;0,0;0,0;0,0;0,0
19;NL:Q:47312010;Sportlaan;t Loo;0,0;0,0;0,0;0,0;0,0;0,0
19;NL:Q:47312011;D'olde Dreiput;t Loo;0,1;0,0;0,0;0,0;0,0;0,0
19;NL:Q:47312012;D'olde Dreiput;t Loo;0,0;0,1;0,0;0,0;0,0;0,0
19;NL:Q:47319001;Rustenburgsweg;Oldebroek;11,6;4,2;2,2;1,7;1,1;0,8
19;NL:Q:47319002;Rustenburgsweg;Oldebroek;3,3;10,7;1,2;2,0;0,3;1,0
19;NL:Q:47319003;Centrum;Oldebroek;38,9;8,9;10,9;3,7;5,9;1,4
19;NL:Q:47319004;Centrum;Oldebroek;9,9;39,1;4,6;11,7;2,0;5,5
19;NL:Q:47319005;Cafe 't Wissel;Oldebroek;13,8;2,8;3,1;0,7;1,2;0,2
19;NL:Q:47319006;Cafe 't Wissel;Oldebroek;2,4;14,6;0,6;3,3;0,3;1,5
19;NL:Q:47319007;Verlengde Looweg;Oldebroek;7,2;2,4;1,5;0,5;0,9;0,2
19;NL:Q:47319008;Verlengde Looweg;Oldebroek;2,2;6,7;0,5;1,6;0,2;0,7
19;NL:Q:47319009;Hogenbrinkweg;Oldebroek;5,7;1,2;1,3;0,5;0,7;0,1
19;NL:Q:47319010;Hogenbrinkweg;Oldebroek;1,2;6,0;1,3;2,4;0,1;0,8
19;NL:Q:47319011;De Molen;Oldebroek;4,5;1,1;0,8;0,1;0,2;0,0
19;NL:Q:47319012;De Molen;Oldebroek;1,2;4,2;0,5;0,9;0,0;0,3
19;NL:Q:47319013;De Hullen;Oldebroek;0,3;0,1;0,0;0,0;0,0;0,0
19;NL:Q:47319014;De Hullen;Oldebroek;0,0;0,1;0,0;0,0;0,0;0,0
19;NL:Q:47319015;Gemeentehuis;Oldebroek;0,2;0,0;0,0;0,0;0,0;0,0
19;NL:Q:47319016;Gemeentehuis;Oldebroek;0,1;0,1;0,0;0,0;0,0;0,0
19;NL:Q:47319017;Boerderijmuseum;Oldebroek;0,1;0,1;0,0;0,0;0,0;0,0
19;NL:Q:47319018;Boerderijmuseum;Oldebroek;0,0;0,1;0,0;0,0;0,0;0,0
19;NL:Q:47319173;Schiksweg;Oosterwolde;0,1;0,1;0,0;0,0;0,0;0,0
19;NL:Q:47319990;Centrum;Oosterwolde;0,0;0,0;0,0;0,0;0,0;0,0
19;NL:Q:47350001;Zwolseweg;Heerde;10,5;4,3;4,3;1,2;2,2;0,5
19;NL:Q:47350002;Zwolseweg;Heerde;3,8;11,8;0,8;5,8;0,4;2,7
19;NL:Q:47353011;Dreefseweg/Isala;Heerde;12,7;5,3;4,3;1,2;2,5;0,7
19;NL:Q:47354002;Nachtegaalweg;Wapenveld;12,7;31,8;7,0;12,4;4,1;8,1
19;NL:Q:47354012;Dreefseweg/Isala;Heerde;5,1;13,5;1,2;5,1;0,7;4,5
19;NL:Q:47366999;Dorp;Vorchten;0,1;0,1;0,0;0,0;0,0;0,0
19;NL:Q:47369001;Kerkstraat;Veessen;0,0;0,3;0,0;0,1;0,0;0,0
19;NL:Q:47369003;IJsseldijk;Veessen;0,0;0,1;0,0;0,0;0,0;0,0
19;NL:Q:47369005;De Zaaier;Veessen;0,2;0,1;0,0;0,0;0,0;0,0
19;NL:Q:47369007;Zijmarsweg;Veessen;0,0;0,0;0,0;0,0;0,0;0,0
19;NL:Q:47369011;Ned. Herv. Kerk;Veessen;0,5;0,1;0,1;0,0;0,0;0,0
19;NL:Q:47369015;Kloosterakkers;Veessen;0,1;0,0;0,0;0,0;0,0;0,0
19;NL:Q:47369020;Veerweg;Veessen;0,0;0,0;0,0;0,0;0,0;0,0
19;NL:Q:47413001;Dorpshuis;Hoge Enk;0,1;0,2;0,0;0,0;0,0;0,0
19;NL:Q:47413002;Dorpshuis;Hoge Enk;0,4;0,1;0,0;0,0;0,0;0,0
19;NL:Q:47417003;Begraafplaats;Doornspijk;2,7;1,8;0,4;0,4;0,2;0,1
19;NL:Q:47418001;Molendorp;Elburg;8,8;5,2;2,4;2,6;1,3;1,2
19;NL:Q:47418002;Molendorp;Elburg;5,5;9,0;2,3;2,6;1,3;1,5
19;NL:Q:47418003;Het Nieuwe Feithenhof;Elburg;4,9;2,1;2,1;1,1;0,9;0,3
19;NL:Q:47418004;Het Nieuwe Feithenhof;Elburg;2,3;4,1;1,0;0,9;0,4;0,8
19;NL:Q:47418005;Centrum;Elburg;20,8;12,9;8,2;7,3;3,6;2,0
19;NL:Q:47418006;Centrum;Elburg;15,2;21,4;9,2;9,3;3,0;3,9
19;NL:Q:47418007;Hellenbeekstraat;Elburg;32,5;22,8;8,1;7,8;4,3;2,6
19;NL:Q:47418008;Hellenbeekstraat;Elburg;22,6;25,7;7,4;7,1;2,4;4,0
19;NL:Q:47418009;Coragestraat;Elburg;23,0;11,5;6,9;2,7;2,9;0,8
19;NL:Q:47418010;Coragestraat;Elburg;12,1;26,3;2,6;6,9;0,8;3,1
19;NL:Q:47418011;Klaverplein;Elburg;15,5;4,2;4,0;1,3;2,9;0,4
19;NL:Q:47418012;Klaverplein;Elburg;4,7;16,9;1,4;4,5;0,6;3,0
19;NL:Q:47418013;Zilverschoon;Elburg;25,7;15,6;5,3;2,6;3,3;0,6
19;NL:Q:47418014;Zilverschoon;Elburg;16,6;25,4;2,3;6,0;0,9;3,4
19;NL:Q:47418021;Eperweg;Elburg;6,5;2,2;1,4;0,2;0,2;0,0
19;NL:Q:47418022;Eperweg;Elburg;1,7;6,5;0,1;1,3;0,1;0,2
19;NL:Q:47453003;Wendhorst;Heerde;25,7;11,7;6,0;4,0;4,9;2,4
19;NL:Q:47453004;Wendhorst;Heerde;13,3;26,5;3,7;6,2;2,5;3,6
19;NL:Q:47453005;Brinklaan;Heerde;66,8;23,1;19,7;10,7;11,1;5,2
19;NL:Q:47453006;Brinklaan;Heerde;21,1;59,8;9,6;16,7;4,3;6,6
19;NL:Q:47453007;Centrum Groene Hart;Heerde;0,2;0,2;0,1;0,1;0,0;0,0
19;NL:Q:47453013;Molenkampweg;Heerde;39,8;11,3;11,5;4,5;6,7;2,4
19;NL:Q:47453014;Molenkampweg;Heerde;14,4;47,8;6,5;15,5;3,1;9,0
19;NL:Q:47453017;Ingang Wendhorst;Heerde;0,0;0,0;0,0;0,0;0,0;0,0
19;NL:Q:47453018;Ingang Wendhorst;Heerde;0,0;0,0;0,0;0,0;0,0;0,0
19;NL:Q:47453020;Keuterstraat;Heerde;0,0;0,1;0,0;0,0;0,0;0,0
19;NL:Q:47453021;Keuterstraat;Heerde;0,2;0,1;0,0;0,0;0,0;0,0
19;NL:Q:47453029;Heerderstrand;Heerde;0,0;0,0;0,0;0,0;0,0;0,0
19;NL:Q:47453030;Heerderstrand;Heerde;0,0;0,0;0,1;0,0;0,0;0,0
19;NL:Q:47453053;Transferium Horsthoek;Heerde;12,9;9,7;4,6;3,9;4,3;2,8
19;NL:Q:47453054;Transferium Horsthoek;Heerde;10,1;13,4;3,3;5,3;2,3;3,6
19;NL:Q:47516015;Elburgerweg;Nunspeet;10,8;5,9;2,5;1,9;1,4;0,4
19;NL:Q:47517001;Centrum;Doornspijk;12,7;7,2;2,3;4,4;1,1;1,5
19;NL:Q:47517002;Centrum;Doornspijk;7,0;12,1;4,0;2,4;0,9;0,9
19;NL:Q:47517004;Begraafplaats;Doornspijk;1,5;2,5;0,4;0,4;0,1;0,2
19;NL:Q:47552000;;;0,0;0,0;0,0;0,0;0,0;0,0
19;NL:Q:47552005;Centrum;Epe;62,8;72,4;27,5;24,6;13,5;12,6
19;NL:Q:47552006;Centrum;Epe;74,6;46,2;22,6;21,2;15,2;10,0
19;NL:Q:47552009;Diepenweg;Epe;0,1;0,0;0,0;0,0;0,0;0,0
19;NL:Q:47552010;Diepenweg;Epe;0,0;0,3;0,0;0,0;0,0;0,0
19;NL:Q:47552011;Hammerstraat;Epe;0,0;0,0;0,0;0,0;0,0;0,0
19;NL:Q:47552012;Hammerstraat;Epe;0,0;0,1;0,0;0,0;0,0;0,0
19;NL:Q:47552013;Sportpark;Epe;0,6;0,1;0,0;0,0;0,0;0,0
19;NL:Q:47552014;Sportpark;Epe;0,2;0,4;0,0;0,0;0,0;0,0
19;NL:Q:47552015;Apeldoorns Kanaal;Epe;0,3;0,2;0,0;0,0;0,0;0,0
19;NL:Q:47552016;Apeldoorns Kanaal;Epe;0,1;0,4;0,0;0,0;0,0;0,0
19;NL:Q:47552017;Politiebureau;Epe;7,5;4,3;3,6;2,8;2,6;2,3
19;NL:Q:47552018;Politiebureau;Epe;5,0;9,5;3,0;4,5;2,0;2,6
19;NL:Q:47552019;Sint Jorisweg;Epe;9,3;27,8;3,3;11,4;2,2;5,3
19;NL:Q:47552021;Lohuizerweg ;Epe;12,5;14,3;3,7;3,4;2,6;2,2
19;NL:Q:47552023;Klaarbeek;Epe;44,3;51,3;9,9;19,1;9,0;12,9
19;NL:Q:47552024;Klaarbeek;Epe;52,3;43,1;21,0;11,1;16,5;7,7
19;NL:Q:47561001;Station;t Harde;3,1;1,7;0,0;0,0;0,0;0,0
19;NL:Q:47561003;Centrum;t Harde;0,1;0,1;0,0;0,0;0,0;0,0
19;NL:Q:47561004;Centrum;t Harde;0,0;0,1;0,0;0,0;0,0;0,0
19;NL:Q:47561005;Sportlaan;t Harde;0,4;0,3;0,0;0,0;0,0;0,0
19;NL:Q:47561006;Sportlaan;t Harde;0,0;0,2;0,0;0,0;0,0;0,0
19;NL:Q:47561007;Munnikenweg;t Harde;0,4;0,4;0,0;0,0;0,0;0,0
19;NL:Q:47561008;Munnikenweg;t Harde;0,2;0,3;0,0;0,0;0,0;0,0
19;NL:Q:47561009;De Hokseberg;t Harde;0,0;0,3;0,0;0,0;0,0;0,0
19;NL:Q:47561010;De Hokseberg;t Harde;0,1;0,3;0,0;0,0;0,0;0,0
19;NL:Q:47616001;Vreeweg;Nunspeet;3,0;1,3;1,1;0,2;0,4;0,0
19;NL:Q:47616005;Berenbosweg;Nunspeet;0,6;0,1;0,2;0,1;0,0;0,0
19;NL:Q:47616006;Berenbosweg;Nunspeet;0,0;0,3;0,0;0,1;0,0;0,0
19;NL:Q:47616007;Station;Nunspeet;60,5;49,7;23,0;16,6;8,2;3,0
19;NL:Q:47616008;Station;Nunspeet;66,5;72,1;31,3;27,5;9,4;15,0
19;NL:Q:47616009;Centrum;Nunspeet;20,5;3,1;10,0;1,3;2,5;0,0
19;NL:Q:47616010;Centrum;Nunspeet;2,4;21,2;1,6;14,2;0,1;2,6
19;NL:Q:47616013;Oenenburgweg;Nunspeet;6,5;6,8;1,6;2,2;0,6;0,7
19;NL:Q:47616014;Oenenburgweg;Nunspeet;6,7;5,9;2,2;0,9;0,8;0,6
19;NL:Q:47616019;Elspeterweg;Nunspeet;0,1;1,8;0,0;0,3;0,0;0,4
19;NL:Q:47616020;Elspeterweg;Nunspeet;0,8;0,3;0,0;0,1;0,0;0,0
19;NL:Q:47616022;Camping de Tol;Nunspeet;0,1;0,2;0,0;0,1;0,0;0,0
19;NL:Q:47616025;Gemeentehuis;Nunspeet;0,1;0,1;0,0;0,0;0,0;0,0
19;NL:Q:47616026;Gemeentehuis;Nunspeet;0,1;1,4;0,1;1,6;0,0;0,1
19;NL:Q:47616027;Verzorgingstehuis Bunterhoek;Nunspeet;0,2;0,3;0,0;0,0;0,0;0,0
19;NL:Q:47616028;Verzorgingstehuis Bunterhoek;Nunspeet;0,7;1,2;0,2;0,3;0,1;0,1
19;NL:Q:47616029;De Bunte;Nunspeet;0,7;1,9;0,0;0,0;0,0;0,0
19;NL:Q:47616030;De Bunte;Nunspeet;2,1;1,2;0,4;0,2;0,1;0,1
19;NL:Q:47616031;'t Hul;Nunspeet;0,1;0,4;0,0;0,0;0,0;0,0
19;NL:Q:47616032;'t Hul;Nunspeet;0,5;0,5;0,0;0,4;0,0;0,2
19;NL:Q:47616034;Elburgerweg;Nunspeet;6,5;11,8;2,1;2,6;0,6;1,1
19;NL:Q:47616041;Waterweg;Nunspeet;3,3;0,8;0,7;0,2;0,3;0,0
19;NL:Q:47616042;Waterweg;Nunspeet;0,9;2,7;0,1;0,6;0,1;0,2
19;NL:Q:47616043;Oosterlaan;Nunspeet;5,4;3,6;1,0;1,3;0,5;0,1
19;NL:Q:47616044;Oosterlaan;Nunspeet;3,2;5,3;0,8;0,7;0,2;0,4
19;NL:Q:47616045;De Sparrenhorst;Nunspeet;1,0;0,8;0,7;0,4;0,3;0,3
19;NL:Q:47616046;De Sparrenhorst;Nunspeet;0,5;0,9;0,6;0,6;0,2;0,3
19;NL:Q:47616047;Gruppendelerweg;Nunspeet;0,4;0,1;0,0;0,0;0,0;0,0
19;NL:Q:47616048;Gruppendelerweg;Nunspeet;0,5;0,9;0,0;0,2;0,1;0,3
19;NL:Q:47625001;Boshoekerweg;Oene;0,2;0,2;0,0;0,0;0,0;0,0
19;NL:Q:47625002;Boshoekerweg;Oene;0,2;0,1;0,0;0,0;0,0;0,0
19;NL:Q:47625003;Dorpsstraat;Oene;2,3;2,0;0,0;0,0;0,0;0,0
19;NL:Q:47625004;Dorpsstraat;Oene;2,2;2,4;0,0;0,0;0,0;0,1
19;NL:Q:47625005;Kuiperkampseweg;Oene;0,0;0,0;0,0;0,0;0,0;0,0
19;NL:Q:47625006;Kuiperkampseweg;Oene;0,0;0,0;0,0;0,0;0,0;0,0
19;NL:Q:47641039;Station;Deventer;6,4;6,2;0,0;0,0;0,0;0,0
19;NL:Q:47650001;Vaassen-Zuid;Vaassen;35,0;79,5;10,3;42,0;5,7;22,7
19;NL:Q:47650002;Vaassen-Zuid;Vaassen;79,9;33,1;41,9;10,9;20,7;5,4
19;NL:Q:47650003;Oosterhof;Vaassen;19,1;34,5;6,1;18,1;4,0;9,9
19;NL:Q:47650004;Oosterhof;Vaassen;34,3;19,2;16,6;5,9;8,8;4,1
19;NL:Q:47650005;De Haere;Wenum;1,2;3,1;0,1;3,3;0,2;0,9
19;NL:Q:47650006;Centrum;Vaassen;26,8;17,1;14,5;8,0;8,3;4,0
19;NL:Q:47650007;Vaassen-Noord;Vaassen;6,1;7,7;1,8;4,8;1,7;2,6
19;NL:Q:47650008;Vaassen-Noord;Vaassen;9,1;6,1;4,8;2,4;3,3;1,2
19;NL:Q:47650009;Centrum;Vaassen;16,2;25,9;7,4;15,5;5,0;8,1
19;NL:Q:47651001;Handelsebrug;Emst;4,8;9,0;0,9;2,7;0,4;1,5
19;NL:Q:47651002;Handelsebrug;Emst;7,3;4,8;2,4;0,6;1,3;0,6
19;NL:Q:47651003;Hezeplein;Emst;11,9;10,6;3,5;4,8;2,6;2,0
19;NL:Q:47651004;Hezeplein;Emst;10,2;10,7;4,4;4,3;3,2;2,2
19;NL:Q:47651005;Oranjeweg;Emst;4,8;5,1;1,2;2,4;1,1;1,4
19;NL:Q:47651006;Oranjeweg;Emst;6,4;4,9;2,2;1,5;1,7;0,6
19;NL:Q:47713001;Landgoed Hulshorst;Hulshorst;0,8;0,9;1,2;1,3;0,5;0,5
19;NL:Q:47713003;Oudeweg;Hulshorst;1,6;2,2;1,6;2,4;1,2;1,2
19;NL:Q:47713004;Oudeweg;Hulshorst;1,7;2,0;0,9;1,5;0,6;0,9
19;NL:Q:47713005;Varelseweg;Hulshorst;1,7;1,4;0,8;0,5;0,4;0,1
19;NL:Q:47713006;Varelseweg;Hulshorst;1,4;1,7;0,7;0,6;0,2;0,4
19;NL:Q:47713007;School Hulshorst;Hulshorst;1,0;1,1;0,5;0,3;0,3;0,2
19;NL:Q:47713008;School Hulshorst;Hulshorst;0,9;1,0;0,3;0,5;0,3;0,3
19;NL:Q:47713009;Onder de Bos;Hulshorst;1,7;0,7;0,1;0,3;0,1;0,0
19;NL:Q:47713010;Onder de Bos;Hulshorst;0,6;1,8;0,1;0,1;0,1;0,1
19;NL:Q:47716002;Vreeweg;Nunspeet;1,5;2,6;0,3;0,7;0,0;0,3
19;NL:Q:47724001;Dorpsplein;Nijbroek;0,6;0,8;0,0;0,1;0,0;0,0
19;NL:Q:47724002;Dorpsplein;Nijbroek;0,7;0,5;0,1;0,1;0,0;0,0
19;NL:Q:47730001;Emstermate;Terwolde;0,1;0,1;0,0;0,0;0,0;0,0
19;NL:Q:47730002;Emstermate;Terwolde;0,1;0,1;0,0;0,0;0,0;0,0
19;NL:Q:47730003;Twelloseweg;Terwolde;0,8;0,1;0,1;0,0;0,0;0,0
19;NL:Q:47730004;Twelloseweg;Terwolde;0,1;0,8;0,0;0,0;0,0;0,0
19;NL:Q:47730005;Molenweg;Terwolde;3,3;0,3;0,1;0,0;0,0;0,0
19;NL:Q:47730006;Molenweg;Terwolde;0,3;3,1;0,0;0,0;0,0;0,1
19;NL:Q:47730007;Molen De Ooievaar;Terwolde;0,4;0,0;0,0;0,0;0,0;0,0
19;NL:Q:47730008;Molen De Ooievaar;Terwolde;0,1;0,4;0,0;0,0;0,0;0,0
19;NL:Q:47786021;Camping de Tol;Nunspeet;0,2;0,1;0,1;0,0;0,0;0,0
19;NL:Q:47786023;Halfweg;Nunspeet;3,3;0,8;1,6;0,3;0,2;0,1
19;NL:Q:47786024;Halfweg;Nunspeet;0,7;4,5;0,4;1,2;0,1;0,2
19;NL:Q:47788004;De Mallejan;Vierhouten;0,2;1,7;0,2;1,7;0,0;0,1
19;NL:Q:47882022;Landgoed Noorderheide;Elspeet;0,0;0,1;0,0;0,2;0,0;0,0
19;NL:Q:47888001;Centrum;Vierhouten;5,7;1,7;3,6;1,5;1,4;0,1
19;NL:Q:47888002;Centrum;Vierhouten;1,7;5,9;1,3;4,3;0,2;0,8
19;NL:Q:47888003;De Mallejan;Vierhouten;0,9;0,2;1,3;0,2;0,1;0,0
19;NL:Q:47888005;Noordkampen;Vierhouten;0,8;0,1;0,6;0,0;0,0;0,1
19;NL:Q:47888006;Noordkampen;Vierhouten;0,1;1,3;0,0;0,7;0,0;0,6
19;NL:Q:47888007;'t Frusselt;Vierhouten;0,5;0,2;0,5;0,2;0,2;0,0
19;NL:Q:47888008;'t Frusselt;Vierhouten;0,2;0,7;0,1;0,8;0,0;0,1
19;NL:Q:47888009;Elspeterbosweg;Vierhouten;0,4;0,1;0,2;0,1;0,0;0,0
19;NL:Q:47888010;Elspeterbosweg;Vierhouten;0,1;0,6;0,2;0,2;0,0;0,0
19;NL:Q:47892001;Schouwburg/Centrum;Deventer;0,2;0,0;0,0;0,0;0,0;0,0
19;NL:Q:47892002;Schouwburg/Centrum;Deventer;0,0;0,1;0,0;0,0;0,0;0,0
19;NL:Q:47894001;Buitensocieteit;De Worp;0,4;0,1;0,0;0,0;0,0;0,0
19;NL:Q:47894002;Buitensocieteit;De Worp;0,1;0,3;0,0;0,0;0,0;0,0
19;NL:Q:47894003;Spaarpotstraat;De Worp;0,2;0,5;0,0;0,0;0,0;0,0
19;NL:Q:47894004;Spaarpotstraat;De Worp;0,3;0,2;0,0;0,0;0,0;0,0
19;NL:Q:47897004;Wilpsedijk;Steenenkamer;0,0;0,1;0,0;0,0;0,0;0,0
19;NL:Q:47899007;Boreelkazerne;Deventer;0,0;2,0;0,0;0,0;0,0;0,0
19;NL:Q:47899008;Boreelkazerne;Deventer;1,2;0,1;0,0;0,0;0,0;0,0
19;NL:Q:49610015;Fokko Kortlanglaan;Ermelo;1,9;3,1;0,8;0,6;0,1;0,5
19;NL:Q:49610021;Bouw en Infrapark;Harderwijk;1,0;1,7;0,0;0,0;0,0;0,0
19;NL:Q:49610030;Wattstraat;Harderwijk;0,0;1,0;0,0;0,1;0,0;0,1
19;NL:Q:49610040;Wattstraat;Harderwijk;0,5;0,2;0,1;0,1;0,1;0,0
19;NL:Q:49613003;Ziekenhuis Sint Jansdal;Harderwijk;1,5;8,7;0,7;3,5;0,1;1,0
19;NL:Q:49613010;Selhorstweg;Harderwijk;6,6;6,5;1,8;2,1;0,8;0,8
19;NL:Q:49613017;Mecklenburglaan;Harderwijk;0,2;14,0;0,1;1,4;0,0;1,0
19;NL:Q:49613018;Mecklenburglaan;Harderwijk;11,4;0,6;1,0;0,1;0,6;0,0
19;NL:Q:49613019;Voorste Wei;Harderwijk;0,1;0,3;0,0;0,0;0,0;0,0
19;NL:Q:49613020;Voorste Wei;Harderwijk;0,2;0,1;0,0;0,0;0,0;0,0
19;NL:Q:49613021;Stadswei;Harderwijk;0,9;0,4;0,6;0,4;0,4;0,1
19;NL:Q:49613022;Stadswei;Harderwijk;0,1;0,9;0,0;0,6;0,0;0,3
19;NL:Q:49613023;Couperuslaan;Harderwijk;0,9;0,8;0,0;0,0;0,0;0,0
19;NL:Q:49613024;Couperuslaan;Harderwijk;0,3;0,9;0,0;0,0;0,0;0,0
19;NL:Q:49613025;RK Kerk;Harderwijk;0,5;0,6;0,0;0,2;0,0;0,1
19;NL:Q:49613026;RK Kerk;Harderwijk;0,2;0,5;0,0;0,0;0,0;0,0
19;NL:Q:49613027;Deventerweg;Harderwijk;3,5;3,0;0,1;0,1;0,2;0,1
19;NL:Q:49613028;Deventerweg;Harderwijk;1,5;3,3;0,0;0,0;0,0;0,0
19;NL:Q:49613029;Hotel Van der Valk;Harderwijk;0,0;0,1;0,0;0,0;0,0;0,0
19;NL:Q:49613030;Hotel Van der Valk;Harderwijk;1,5;1,9;0,0;0,0;0,0;0,0
19;NL:Q:49613033;Salentijnerhout;Harderwijk;2,0;5,1;0,8;1,7;0,6;0,9
19;NL:Q:49613034;Salentijnerhout;Harderwijk;5,8;2,7;1,8;1,2;1,3;0,5
19;NL:Q:49613035;Triasplein;Harderwijk;16,7;3,3;6,3;1,2;2,4;0,7
19;NL:Q:49613036;Triasplein;Harderwijk;4,9;17,4;2,6;7,8;1,6;2,5
19;NL:Q:49613037;Ragtimedreef;Harderwijk;1,8;4,4;0,8;2,5;0,4;1,4
19;NL:Q:49613038;Ragtimedreef;Harderwijk;4,1;1,6;1,8;0,7;1,0;0,4
19;NL:Q:49613039;IJsselmeerpad;Harderwijk;0,9;1,9;0,3;1,2;0,1;0,4
19;NL:Q:49613040;IJsselmeerpad;Harderwijk;2,1;0,8;1,1;0,3;0,3;0,2
19;NL:Q:49613041;De Roef;Harderwijk;2,5;2,1;0,8;1,2;0,2;0,1
19;NL:Q:49613042;De Roef;Harderwijk;1,9;2,5;1,2;0,9;0,1;0,3
19;NL:Q:49613046;Anne Franklaan;Harderwijk;5,0;3,4;1,1;0,7;0,0;0,0
19;NL:Q:49613048;De Aanleg;Harderwijk;0,4;1,0;0,1;0,1;0,0;0,0
19;NL:Q:49613052;Doornekamp;Harderwijk;0,8;1,0;0,8;0,3;0,3;0,1
19;NL:Q:49613054;Frankenskamp;Harderwijk;1,4;1,7;0,2;0,6;0,0;0,1
19;NL:Q:49613056;Karel Doormanlaan;Harderwijk;1,0;1,5;0,2;0,6;0,0;0,1
19;NL:Q:49613058;Kiekmure;Harderwijk;11,4;8,9;3,1;3,1;0,0;0,5
19;NL:Q:49613060;Lammertkamp;Harderwijk;0,3;0,5;0,1;0,1;0,0;0,0
19;NL:Q:49613062;Hazelaarlaan;Harderwijk;2,7;0,7;0,1;0,2;0,0;0,0
19;NL:Q:49613064;Tinnegieter;Harderwijk;4,1;3,3;2,0;1,6;0,1;0,2
19;NL:Q:49613066;Veldkamp;Harderwijk;0,4;0,2;0,2;0,2;0,0;0,0
19;NL:Q:49613068;Walstein;Harderwijk;3,2;3,3;0,5;1,4;0,1;0,2
19;NL:Q:49613070;Welkoop;Harderwijk;2,7;3,0;1,9;1,8;0,0;0,2
19;NL:Q:49613072;Zuiderzeestraatweg;Harderwijk;1,0;1,2;0,2;0,3;0,0;0,2
19;NL:Q:49613074;De Wittenhagen;Harderwijk;6,8;4,7;1,5;1,7;0,0;0,4
19;NL:Q:49613075;Burg. de Meesterstraat;Harderwijk;5,3;3,4;2,2;0,5;0,6;1,1
19;NL:Q:49613076;Burg. de Meesterstraat;Harderwijk;3,8;3,4;1,0;1,5;0,5;0,6
19;NL:Q:49613077;Dolfinarium;Harderwijk;6,3;5,0;3,3;2,9;1,6;1,6
19;NL:Q:49613078;Dolfinarium;Harderwijk;5,8;6,5;4,5;4,1;2,3;1,7
19;NL:Q:49613091;Ziekenhuis Sint Jansdal;Harderwijk;0,6;1,1;0,0;0,0;0,0;0,0
19;NL:Q:49613095;Ziekenhuis Sint Jansdal;Harderwijk;11,7;3,6;3,9;0,9;1,4;0,3
19;NL:Q:49613100;Ziekenhuis Sint Jansdal;Harderwijk;0,9;0,6;0,0;0,0;0,0;0,1
19;NL:Q:49613405;Plantage;Harderwijk;1,0;1,7;0,1;0,6;0,0;0,0
19;NL:Q:49613406;Plantage;Harderwijk;0,2;0,6;0,0;0,0;0,0;0,0
19;NL:Q:49613407;Centrum;Harderwijk;3,6;2,7;0,0;0,2;0,0;0,0
19;NL:Q:49613408;Centrum;Harderwijk;7,0;14,8;5,6;12,1;0,2;1,5
19;NL:Q:49613409;Selhorstweg;Harderwijk;5,3;4,4;1,5;1,6;1,1;0,5
19;NL:Q:49613412;Alberdingk Thijmlaan;Harderwijk;2,0;2,5;0,4;0,5;0,0;0,3
19;NL:Q:49613501;Westermeenweg;Harderwijk;0,4;12,5;0,4;3,0;0,0;1,7
19;NL:Q:49613502;Westermeenweg;Harderwijk;7,6;0,2;1,7;0,1;0,8;0,0
19;NL:Q:49613901;Station;Harderwijk;43,8;67,9;14,6;17,7;8,4;10,1
19;NL:Q:49613904;Station;Harderwijk;60,7;54,4;18,9;10,3;4,0;0,8
19;NL:Q:49613905;Station;Harderwijk;123,5;81,1;40,7;31,1;23,4;19,3
19;NL:Q:49619001;Buitenbrinkweg;Horst;0,0;0,0;0,0;0,0;0,0;0,0
19;NL:Q:49619002;Buitenbrinkweg;Horst;0,1;0,0;0,0;0,0;0,0;0,0
19;NL:Q:49712001;Grevenhofsweg;Hierden;0,6;0,4;0,2;0,2;0,1;0,1
19;NL:Q:49712002;Grevenhofsweg;Hierden;0,4;0,7;0,2;0,3;0,0;0,1
19;NL:Q:49712003;Molenweg;Hierden;9,0;2,1;4,5;2,2;4,0;1,7
19;NL:Q:49712004;Molenweg;Hierden;2,3;9,1;1,7;4,3;1,6;3,6
19;NL:Q:49712005;Wijtgraaf;Hierden;1,9;0,6;1,1;0,4;0,9;0,2
19;NL:Q:49712006;Wijtgraaf;Hierden;0,7;2,0;0,5;1,2;0,4;0,6
19;NL:Q:49713002;Landgoed Hulshorst;Hulshorst;1,2;0,8;1,5;0,7;0,7;0,2
19;NL:Q:49713084;Voltastraat;Harderwijk;1,4;1,4;0,3;0,5;0,0;0,1
19;NL:Q:49713085;Voltastraat;Harderwijk;1,3;1,6;0,3;0,4;0,1;0,0
19;NL:Q:49713086;Celsiusstraat;Harderwijk;6,0;3,7;0,4;0,1;0,6;0,4
19;NL:Q:49713087;Celsiusstraat;Harderwijk;3,9;8,7;0,1;0,4;0,0;0,1
19;NL:Q:49713088;Kelvinstraat;Harderwijk;4,4;1,5;0,0;0,2;0,0;0,0
19;NL:Q:49713089;Kelvinstraat;Harderwijk;1,0;5,1;0,0;0,2;0,0;0,0
19;NL:Q:49720001;Sonneheerdt;Ermelo;16,1;9,9;0,6;0,6;0,6;0,2
19;NL:Q:49720003;Hamburgerweg;Ermelo;15,3;10,1;6,3;3,0;3,9;1,6
19;NL:Q:49720004;Hamburgerweg;Ermelo;10,5;13,8;3,5;6,1;1,9;3,4
19;NL:Q:49720005;'t Weitje;Ermelo;0,1;2,5;0,0;0,0;0,0;0,0
19;NL:Q:49720006;'t Weitje;Ermelo;3,1;0,2;0,0;0,0;0,0;0,0
19;NL:Q:49720007;Eendenparkweg;Ermelo;2,9;3,8;0,8;1,1;0,3;0,1
19;NL:Q:49720008;Eendenparkweg;Ermelo;3,7;3,9;1,2;0,9;0,1;0,3
19;NL:Q:49720009;Nassaulaan;Ermelo;1,7;1,3;1,1;0,4;1,3;0,2
19;NL:Q:49720010;Nassaulaan;Ermelo;1,3;1,8;0,5;1,1;0,4;0,5
19;NL:Q:49720011;Fazantlaan;Ermelo;0,6;1,1;0,5;0,4;0,2;0,1
19;NL:Q:49720012;Fazantlaan;Ermelo;1,2;1,0;0,3;0,5;0,3;0,1
19;NL:Q:49720016;Fokko Kortlanglaan;Ermelo;3,0;2,5;0,8;0,9;0,8;0,1
19;NL:Q:49720023;Varenhof;Ermelo;0,0;0,0;0,0;0,0;0,0;0,0
19;NL:Q:49720024;Varenhof;Ermelo;0,0;0,0;0,0;0,0;0,0;0,0
19;NL:Q:49720027;Dirk Staalweg;Ermelo;2,7;3,2;1,2;1,3;0,4;0,6
19;NL:Q:49720028;Dirk Staalweg;Ermelo;1,3;3,5;0,5;1,3;0,4;0,6
19;NL:Q:49720037;Station;Ermelo;3,2;0,7;0,2;0,2;0,0;0,0
19;NL:Q:49720038;Station;Ermelo;0,8;2,2;0,6;0,3;0,0;0,0
19;NL:Q:49720049;Lange Haeg;Ermelo;0,7;1,1;0,2;0,2;0,2;0,2
19;NL:Q:49720050;Lange Haeg;Ermelo;1,1;0,7;0,3;0,3;0,2;0,2
19;NL:Q:49720051;Veldwijkerweg;Ermelo;2,7;2,4;0,5;1,0;0,4;0,6
19;NL:Q:49720052;Veldwijkerweg;Ermelo;2,5;2,7;0,8;0,9;0,5;0,7
19;NL:Q:49720053;Dr. van Dalelaan;Ermelo;2,1;2,3;0,9;0,5;0,8;0,6
19;NL:Q:49720054;Dr. van Dalelaan;Ermelo;2,0;3,1;0,4;1,2;0,3;0,8
19;NL:Q:49720055;Generaal Spoorkazerne;Ermelo;0,0;0,2;0,0;0,0;0,0;0,0
19;NL:Q:49720056;Generaal Spoorkazerne;Ermelo;0,2;0,2;0,0;0,0;0,0;0,0
19;NL:Q:49720057;Triade;Ermelo;0,1;0,0;0,1;0,0;0,0;0,0
19;NL:Q:49720058;Triade;Ermelo;0,2;0,1;0,1;0,1;0,0;0,0
19;NL:Q:49720059;Gemeentehuis;Ermelo;0,0;0,1;0,0;0,0;0,0;0,0
19;NL:Q:49720060;Gemeentehuis;Ermelo;0,1;0,1;0,1;0,0;0,0;0,0
19;NL:Q:49720061;De Meerkanten;Ermelo;0,0;0,0;0,0;0,0;0,0;0,0
19;NL:Q:49720062;De Meerkanten;Ermelo;0,0;0,0;0,0;0,0;0,0;0,0
19;NL:Q:49720063;'t Weitje;Ermelo;7,2;7,2;2,0;2,9;0,8;2,0
19;NL:Q:49720064;'t Weitje;Ermelo;7,3;7,3;2,6;1,6;2,2;0,9
19;NL:Q:49720150;Kolbaanweg;Ermelo;0,8;1,0;0,2;0,4;0,3;0,4
19;NL:Q:49720160;Kolbaanweg;Ermelo;0,4;1,0;0,1;0,3;0,1;0,3
19;NL:Q:49720170;Molenaarsplein;Ermelo;0,1;0,1;0,0;0,2;0,0;0,0
19;NL:Q:49720180;Molenaarsplein;Ermelo;0,1;0,1;0,1;0,0;0,0;0,0
19;NL:Q:49726005;Horsterhoeve;Horst;0,0;0,0;0,0;0,0;0,0;0,0
19;NL:Q:49726006;Horsterhoeve;Horst;0,0;0,0;0,0;0,0;0,0;0,0
19;NL:Q:49726007;Groot Horloo;Horst;0,2;0,2;0,0;0,0;0,0;0,0
19;NL:Q:49726017;Zeeweg;Horst;0,0;0,3;0,0;0,3;0,0;0,0
19;NL:Q:49726018;Zeeweg;Horst;0,3;0,0;0,2;0,0;0,0;0,0
19;NL:Q:49783031;Sonnevanck;Harderwijk;0,5;0,6;0,1;0,0;0,0;0,0
19;NL:Q:49787007;Ullerberg;Leuvenum;0,7;0,8;0,0;0,0;0,0;0,0
19;NL:Q:49787008;Ullerberg;Leuvenum;0,2;0,2;0,0;0,0;0,0;0,0
19;NL:Q:49804001;Boshuis;Drie;0,0;0,0;0,0;0,0;0,0;0,0
19;NL:Q:49804002;Boshuis;Drie;0,0;0,1;0,0;0,2;0,0;0,0
19;NL:Q:49804003;Schaapskooi;Drie;0,0;0,0;0,1;0,0;0,0;0,0
19;NL:Q:49804004;Schaapskooi;Drie;0,0;0,1;0,0;0,1;0,0;0,0
19;NL:Q:49804005;Paalberg;Drie;0,0;0,0;0,0;0,0;0,0;0,0
19;NL:Q:49804006;Paalberg;Drie;0,0;0,0;0,0;0,0;0,0;0,0
19;NL:Q:49805003;Kriemelberg;Drie;0,0;0,1;0,0;0,1;0,0;0,0
19;NL:Q:49805004;Kriemelberg;Drie;0,0;0,1;0,0;0,0;0,0;0,0
19;NL:Q:49808001;Abri;Speuld;0,0;0,0;0,0;0,0;0,0;0,0
19;NL:Q:49808002;Abri;Speuld;0,0;0,0;0,0;0,0;0,0;0,0
19;NL:Q:49808003;Garderenseweg;Speuld;0,1;0,1;0,0;0,0;0,0;0,0
19;NL:Q:49808004;Garderenseweg;Speuld;0,1;0,1;0,0;0,0;0,0;0,0
19;NL:Q:49808005;Buurtweg;Speuld;0,0;0,1;0,0;0,0;0,0;0,0
19;NL:Q:49808006;Buurtweg;Speuld;0,0;0,0;0,0;0,0;0,0;0,0
19;NL:Q:49808011;De Bosrand;Speuld;0,0;0,0;0,1;0,0;0,0;0,0
19;NL:Q:49808012;De Bosrand;Speuld;0,0;0,1;0,0;0,1;0,0;0,0
19;NL:Q:49820002;Sonneheerdt;Ermelo;10,9;15,8;0,7;1,1;0,4;0,7
19;NL:Q:49821001;Station;Putten;43,7;0,3;20,0;0,5;16,6;0,1
19;NL:Q:49821002;Station;Putten;0,1;38,3;0,3;16,7;0,6;14,0
19;NL:Q:49821003;Stationsstraat;Putten;1,2;0,2;0,5;0,1;0,4;0,0
19;NL:Q:49821004;Stationsstraat;Putten;0,1;1,2;0,1;0,6;0,0;0,2
19;NL:Q:49821005;Oude Rijksweg;Putten;1,1;0,0;0,0;0,0;0,0;0,0
19;NL:Q:49821006;Oude Rijksweg;Putten;0,0;0,8;0,0;0,0;0,0;0,0
19;NL:Q:49821007;Zuiderveldweg;Putten;2,1;2,3;1,0;0,7;1,0;0,5
19;NL:Q:49821008;Zuiderveldweg;Putten;1,9;2,3;0,5;0,9;0,6;1,0
19;NL:Q:49821009;Brinkstraat;Putten;7,0;13,9;2,5;5,1;1,6;2,8
19;NL:Q:49821010;Brinkstraat;Putten;13,1;6,8;4,4;2,4;2,2;1,0
19;NL:Q:49821011;Centrum;Putten;21,7;37,3;7,6;15,7;4,3;7,2
19;NL:Q:49821012;Centrum;Putten;40,4;22,1;15,9;7,7;8,7;3,8
19;NL:Q:49821013;Bosrand;Putten;1,9;1,6;1,0;0,5;0,4;0,3
19;NL:Q:49821014;Bosrand;Putten;1,7;1,3;0,6;0,8;0,9;0,2
19;NL:Q:49821023;Bijsterenseweg;Putten;7,0;2,3;0,4;1,0;0,2;0,4
19;NL:Q:49821024;Bijsterenseweg;Putten;2,0;5,8;0,7;0,4;0,3;0,3
19;NL:Q:49821025;Heihaas;Putten;1,1;5,0;0,5;2,5;0,6;0,5
19;NL:Q:49821027;Dorpsstraat;Putten;7,2;11,5;3,2;4,0;1,2;2,2
19;NL:Q:49821028;Dorpsstraat;Putten;10,2;5,7;3,9;2,7;2,1;1,9
19;NL:Q:49821029;Kerkstraat;Putten;7,7;13,8;2,5;5,0;1,2;1,4
19;NL:Q:49821030;Kerkstraat;Putten;12,4;7,8;4,0;2,6;1,3;0,8
19;NL:Q:49821037;Welkoop;Putten;9,3;5,4;1,5;1,0;0,6;0,3
19;NL:Q:49821038;Welkoop;Putten;6,1;9,0;0,9;1,3;0,2;0,7
19;NL:Q:49829009;Landgoed Schovenhorst;Koudhoorn;0,1;0,3;0,2;0,1;0,0;0,2
19;NL:Q:49882001;Hooiweg/Middenweg;Elspeet;0,4;0,2;0,0;0,0;0,0;0,0
19;NL:Q:49887001;School;Leuvenum;0,1;0,0;0,0;0,0;0,0;0,0
19;NL:Q:49887002;School;Leuvenum;0,0;0,1;0,0;0,0;0,0;0,0
19;NL:Q:49887003;De Zwarte Boer;Leuvenum;0,4;0,4;0,0;0,0;0,1;0,0
19;NL:Q:49887004;De Zwarte Boer;Leuvenum;0,3;0,4;0,0;0,3;0,0;0,1
19;NL:Q:49887005;Het Roode Koper;Leuvenum;0,2;0,1;0,0;0,0;0,1;0,0
19;NL:Q:49887006;Het Roode Koper;Leuvenum;0,1;0,3;0,0;0,0;0,0;0,0
19;NL:Q:49889001;Kasteel Staverden;Staverden;0,4;0,3;0,1;0,0;0,2;0,0
19;NL:Q:49889002;Kasteel Staverden;Staverden;0,1;0,5;0,0;0,3;0,0;0,3
19;NL:Q:49889003;Navobi;Staverden;0,4;0,1;0,0;0,0;0,0;0,0
19;NL:Q:49889004;Navobi;Staverden;0,0;0,3;0,0;0,0;0,0;0,0
19;NL:Q:50420131;Centrum;Amersfoort;10,8;4,5;7,0;4,5;4,2;2,8
19;NL:Q:50420143;Centrum;Amersfoort;10,8;12,4;6,5;9,0;2,7;4,4
19;NL:Q:50420351;Blekerseiland;Amersfoort;3,7;4,4;2,7;1,9;1,6;2,2
19;NL:Q:50420400;Blekerseiland;Amersfoort;4,5;3,6;2,6;2,7;1,6;1,3
19;NL:Q:50420511;Hendrik van Viandenstraat;Amersfoort;3,4;2,0;2,0;0,7;1,4;0,9
19;NL:Q:50420520;Hendrik van Viandenstraat;Amersfoort;2,1;2,9;1,4;1,8;0,8;1,4
19;NL:Q:50420540;De Kei;Amersfoort;4,1;7,6;2,1;7,3;1,2;3,3
19;NL:Q:50420660;Station Schothorst;Amersfoort;1,3;29,1;0,0;0,0;0,0;0,0
19;NL:Q:50420671;Oudegein;Amersfoort;3,0;0,0;0,0;0,0;0,0;0,0
19;NL:Q:50420680;Oudegein;Amersfoort;0,1;1,5;0,0;0,0;0,0;0,0
19;NL:Q:50420931;Silverstein;Amersfoort;0,3;0,0;0,0;0,0;0,0;0,0
19;NL:Q:50420940;Silverstein;Amersfoort;0,1;0,3;0,0;0,0;0,0;0,0
19;NL:Q:50420970;Paladijnenweg;Amersfoort;7,9;7,2;0,0;0,0;0,0;0,0
19;NL:Q:50421210;Eemplein;Amersfoort;0,0;0,0;0,0;0,0;0,0;0,0
19;NL:Q:50421220;Eemplein;Amersfoort;0,0;0,0;0,0;0,0;0,0;0,0
19;NL:Q:50422160;Snouckaertlaan;Amersfoort;0,2;2,0;0,0;0,7;0,0;0,8
19;NL:Q:50422540;De Kei;Amersfoort;8,8;3,1;5,4;1,5;3,7;1,6
19;NL:Q:50423020;GSG Arnhemseweg;Amersfoort;0,3;0,0;0,0;0,0;0,0;0,0
19;NL:Q:50423040;GSG Paladijnenweg;Amersfoort;0,8;1,4;0,0;0,0;0,0;0,0
19;NL:Q:50423320;GSG Arnhemseweg;Amersfoort;0,0;0,5;0,0;0,0;0,0;0,0
19;NL:Q:50423410;Hoornbeeck/Van Lodenstein;Amersfoort;12,0;24,6;0,0;0,0;0,0;0,0
19;NL:Q:50425050;Centraal Station;Amersfoort;70,6;0,6;40,8;0,1;31,9;0,2
19;NL:Q:50425090;Centraal Station;Amersfoort;0,3;76,4;0,0;41,2;0,0;30,0
19;NL:Q:50428009;Hogeweg;Amersfoort;3,1;1,2;2,3;0,9;2,0;0,4
19;NL:Q:50428010;Hogeweg;Amersfoort;1,5;3,1;0,8;1,7;0,7;1,4
19;NL:Q:50428011;Amerena;Amersfoort;20,8;2,6;11,1;1,7;6,7;1,0
19;NL:Q:50428012;Amerena;Amersfoort;2,3;13,7;1,1;6,9;0,7;5,5
19;NL:Q:50428014;Barneveldseweg;Amersfoort;2,1;12,9;1,3;5,7;1,1;4,7
19;NL:Q:50428050;De Stuwdam;Amersfoort;5,6;1,0;1,1;0,3;0,3;0,2
19;NL:Q:50428051;De Stuwdam;Amersfoort;1,0;4,9;0,3;0,8;0,1;0,4
19;NL:Q:50450161;Geertrudishof;Leusden;0,4;0,2;0,1;0,0;0,0;0,0
19;NL:Q:50450170;Geertrudishof;Leusden;0,6;0,6;0,2;0,2;0,0;0,0
19;NL:Q:50450281;Middenweg;Leusden;0,0;0,6;0,0;0,0;0,0;0,0
19;NL:Q:50450330;Bohemen;Leusden;0,2;0,4;0,2;0,1;0,0;0,0
19;NL:Q:50450332;Bohemen;Leusden;0,5;0,0;0,1;0,0;0,0;0,0
19;NL:Q:50450380;Bosveld;Leusden;0,0;0,0;0,0;0,0;0,0;0,0
19;NL:Q:50450390;Beekridder;Leusden;0,0;0,0;0,0;0,0;0,0;0,0
19;NL:Q:50450420;Munnikhove;Leusden;0,0;0,0;0,0;0,0;0,0;0,0
19;NL:Q:50450440;Hamershof;Leusden;0,0;0,0;0,0;0,0;0,0;0,0
19;NL:Q:50450530;Rossenberglaan;Leusden;0,1;0,1;0,1;0,1;0,0;0,0
19;NL:Q:50450541;Rossenberglaan;Leusden;0,1;0,1;0,0;0,0;0,0;0,0
19;NL:Q:50450730;Groene Zoom;Leusden;0,5;0,3;0,0;0,2;0,0;0,0
19;NL:Q:50450733;Groene Zoom;Leusden;0,2;0,5;0,1;0,1;0,0;0,0
19;NL:Q:50450740;Walenburg;Leusden;0,0;0,0;0,0;0,0;0,0;0,0
19;NL:Q:50450770;Walenburg;Leusden;0,0;0,0;0,0;0,0;0,0;0,0
19;NL:Q:50456019;Storkstraat;Leusden;0,8;0,2;0,0;0,0;0,0;0,0
19;NL:Q:50456020;Storkstraat;Leusden;0,2;0,7;0,0;0,1;0,0;0,0
19;NL:Q:50456021;Wederik;Leusden;0,0;0,1;0,0;0,0;0,0;0,0
19;NL:Q:50456022;Wederik;Leusden;0,3;0,0;0,1;0,0;0,0;0,0
19;NL:Q:50457003;Stoutenburgerlaan;Stoutenburg;0,0;0,0;0,0;0,0;0,0;0,0
19;NL:Q:50457004;Stoutenburgerlaan;Stoutenburg;0,0;0,0;0,0;0,1;0,0;0,0
19;NL:Q:50457005;Driesprong;Stoutenburg;0,1;0,1;0,2;0,1;0,0;0,0
19;NL:Q:50457006;Driesprong;Stoutenburg;0,2;0,1;0,3;0,2;0,0;0,0
19;NL:Q:50520110;Rotonde Ikea;Amersfoort;1,2;2,7;0,7;2,1;0,9;1,0
19;NL:Q:50520200;Rotonde Ikea;Amersfoort;2,5;1,6;2,1;0,8;1,4;0,8
19;NL:Q:50520231;Station Schothorst;Amersfoort;43,5;7,9;15,9;13,4;10,0;9,6
19;NL:Q:50520240;Trompetstraat;Amersfoort;0,2;1,4;0,0;0,6;0,0;0,8
19;NL:Q:50520251;Trompetstraat;Amersfoort;1,4;0,2;0,5;0,0;0,5;0,0
19;NL:Q:50520260;Piccolopad;Amersfoort;0,1;0,2;0,0;0,2;0,0;0,1
19;NL:Q:50520271;Piccolopad;Amersfoort;0,2;0,4;0,1;0,1;0,0;0,0
19;NL:Q:50520280;Curiestraat;Amersfoort;2,0;0,8;0,8;0,3;0,3;0,2
19;NL:Q:50520291;Curiestraat;Amersfoort;0,8;3,7;0,2;1,2;0,1;0,5
19;NL:Q:50520310;Hermelijnvlinder;Amersfoort;1,6;0,4;0,6;0,2;0,4;0,2
19;NL:Q:50520311;Hermelijnvlinder;Amersfoort;0,5;2,4;0,1;1,0;0,2;0,3
19;NL:Q:50520320;Apollovlinder;Amersfoort;1,9;0,4;0,5;0,4;0,2;0,3
19;NL:Q:50520331;Apollovlinder;Amersfoort;0,5;2,3;0,3;0,6;0,4;0,4
19;NL:Q:50520340;De Brand;Amersfoort;3,9;2,9;1,3;1,3;1,2;1,1
19;NL:Q:50520350;De Brand;Amersfoort;2,5;4,6;1,3;1,5;1,0;1,4
19;NL:Q:50520450;Danzigweg;Amersfoort;0,5;2,4;0,1;0,5;0,0;0,3
19;NL:Q:50520510;Danzigweg;Amersfoort;2,0;0,5;0,2;0,3;0,2;0,0
19;NL:Q:50520580;;;0,0;0,0;0,0;0,0;0,0;0,0
19;NL:Q:50520600;;;0,0;0,0;0,0;0,0;0,0;0,0
19;NL:Q:50521160;Heideweg ;Amersfoort;3,7;8,9;0,9;0,9;0,5;0,5
19;NL:Q:50521170;Heideweg ;Amersfoort;4,2;4,6;0,7;1,0;0,8;0,4
19;NL:Q:50529000;Station Vathorst;Amersfoort;0,3;0,5;0,0;0,0;0,0;0,0
19;NL:Q:50531001;Oude Lageweg;Amersfoort;2,7;2,0;1,1;0,5;0,7;0,4
19;NL:Q:50531002;Oude Lageweg;Amersfoort;1,4;1,5;0,1;1,2;0,1;0,6
19;NL:Q:50531003;Van Tuyllstraat;Hooglanderveen;0,3;0,2;0,1;0,0;0,1;0,0
19;NL:Q:50531004;Van Tuyllstraat;Hooglanderveen;0,2;0,4;0,1;0,2;0,0;0,1
19;NL:Q:50531005;Klaarwater;Hoevelaken;0,0;0,1;0,1;0,0;0,0;0,0
19;NL:Q:50531006;Klaarwater;Hoevelaken;0,0;0,1;0,0;0,1;0,0;0,0
19;NL:Q:50531007;Hofweg;Hoevelaken;1,4;0,3;0,9;0,1;0,3;0,1
19;NL:Q:50531008;Hofweg;Hoevelaken;0,4;1,4;0,2;1,0;0,2;0,6
19;NL:Q:50531009;Julianalaan;Hoevelaken;7,0;1,4;3,6;0,4;2,4;0,6
19;NL:Q:50531010;Julianalaan;Hoevelaken;1,4;6,4;0,5;3,8;0,3;1,8
19;NL:Q:50531011;Gemeentehuis;Hoevelaken;5,9;1,4;5,9;1,0;3,2;0,6
19;NL:Q:50531012;Gemeentehuis;Hoevelaken;1,6;5,9;1,3;5,4;0,6;2,5
19;NL:Q:50531013;Stoutenburgerlaan;Hoevelaken;2,3;0,4;2,1;0,4;1,3;0,9
19;NL:Q:50531014;Stoutenburgerlaan;Hoevelaken;0,6;2,4;0,5;1,9;0,1;1,4
19;NL:Q:50531015;Koninginneweg;Hoevelaken;3,7;4,8;1,0;0,2;0,5;0,0
19;NL:Q:50531016;Koninginneweg;Hoevelaken;4,6;2,9;0,3;1,3;0,0;0,7
19;NL:Q:50531017;Huize Hoevelaken;Hoevelaken;1,9;0,4;1,1;0,3;0,6;0,1
19;NL:Q:50531018;Huize Hoevelaken;Hoevelaken;0,8;1,1;0,3;0,8;0,4;0,8
19;NL:Q:50531021;Bedrijventerrein Hogenbrink;Hoevelaken;0,1;0,3;0,0;0,0;0,0;0,0
19;NL:Q:50531022;Bedrijventerrein Hogenbrink;Hoevelaken;0,2;0,2;0,0;0,0;0,0;0,0
19;NL:Q:50531031;Station;Hoevelaken;12,0;14,9;6,0;5,0;3,6;2,6
19;NL:Q:50531032;Station;Hoevelaken;1,2;0,5;0,3;0,0;0,0;0,0
19;NL:Q:50532002;Ravengoedseweg;Zwartebroek;0,1;0,5;0,1;0,3;0,0;0,5
19;NL:Q:50538013;Barneveldseweg;Amersfoort;9,7;2,7;4,4;1,3;2,6;1,0
19;NL:Q:50543003;Peerweg;Driedorp;0,0;0,0;0,0;0,0;0,0;0,0
19;NL:Q:50543005;Slichtenhorsterweg;Driedorp;0,0;0,0;0,0;0,0;0,0;0,0
19;NL:Q:50549002;Appelsestraat;Appel;0,0;0,0;0,0;0,0;0,0;0,0
19;NL:Q:50610050;De Molen;Scherpenzeel;0,0;0,0;0,0;0,0;0,0;0,0
19;NL:Q:50610060;Pluimenweg;Scherpenzeel;0,0;0,1;0,0;0,0;0,0;0,0
19;NL:Q:50610070;Pluimenweg;Scherpenzeel;0,1;0,0;0,0;0,0;0,0;0,0
19;NL:Q:50610080;Holevoetplein;Scherpenzeel;0,0;0,2;0,0;0,0;0,0;0,0
19;NL:Q:50610090;Holevoetplein;Scherpenzeel;1,1;0,2;0,3;0,2;0,0;0,0
19;NL:Q:50610100;Kerk;Scherpenzeel;0,0;0,7;0,0;0,2;0,0;0,0
19;NL:Q:50610110;Kerk;Scherpenzeel;0,4;0,0;0,1;0,0;0,0;0,0
19;NL:Q:50617003;Vijverlaan;Scherpenzeel;0,2;0,0;0,0;0,0;0,0;0,0
19;NL:Q:50617004;Vijverlaan;Scherpenzeel;0,0;0,2;0,0;0,0;0,0;0,0
19;NL:Q:50617007;Eikenlaan;Scherpenzeel;0,7;0,0;0,1;0,0;0,0;0,0
19;NL:Q:50617008;Eikenlaan;Scherpenzeel;0,0;0,7;0,0;0,0;0,0;0,0
19;NL:Q:50617009;De Haar;Scherpenzeel;0,0;0,0;0,0;0,0;0,0;0,0
19;NL:Q:50617010;De Haar;Scherpenzeel;0,0;0,1;0,0;0,1;0,0;0,0
19;NL:Q:50617011;Huigenbosch;Scherpenzeel;0,0;0,0;0,0;0,0;0,0;0,0
19;NL:Q:50630001;Centrum;Nijkerkerveen;2,6;1,4;0,5;0,7;0,8;0,3
19;NL:Q:50630002;Centrum;Nijkerkerveen;1,1;2,5;0,6;0,5;0,2;0,4
19;NL:Q:50630003;Van den Brandhof;Nijkerkerveen;0,1;0,1;0,0;0,1;0,0;0,0
19;NL:Q:50630004;Van den Brandhof;Nijkerkerveen;0,1;0,1;0,0;0,0;0,0;0,0
19;NL:Q:50630005;Laakweg;Nijkerkerveen;0,0;0,0;0,0;0,0;0,0;0,0
19;NL:Q:50630006;Laakweg;Nijkerkerveen;0,0;0,0;0,0;0,0;0,0;0,0
19;NL:Q:50630007;Dorp;Nijkerkerveen;0,2;0,1;0,1;0,0;0,0;0,0
19;NL:Q:50630008;Dorp;Nijkerkerveen;0,1;0,1;0,0;0,0;0,0;0,0
19;NL:Q:50630009;D. Ruitenbeekstraat;Nijkerkerveen;0,1;0,2;0,1;0,0;0,0;0,0
19;NL:Q:50630010;D. Ruitenbeekstraat;Nijkerkerveen;0,2;0,1;0,0;0,0;0,0;0,0
19;NL:Q:50630280;Berencamperweg;Nijkerk;0,0;0,1;0,0;0,0;0,0;0,0
19;NL:Q:50630290;Berencamperweg;Nijkerk;0,0;0,1;0,0;0,0;0,0;0,0
19;NL:Q:50631016;School Diermen;Putten;0,3;0,1;0,0;0,0;0,1;0,1
19;NL:Q:50637001;De Salentein;Nijkerk;1,5;0,3;0,1;0,2;0,0;0,1
19;NL:Q:50637002;De Salentein;Nijkerk;0,3;0,6;0,1;0,2;0,1;0,1
19;NL:Q:50637003;Tinbergenlaan;Nijkerk;3,5;3,5;1,3;1,0;1,1;0,7
19;NL:Q:50637004;Tinbergenlaan;Nijkerk;2,9;3,1;1,1;1,4;0,5;1,2
19;NL:Q:50637005;Van Rensselaerstraat;Nijkerk;6,0;5,2;2,5;2,0;2,4;0,7
19;NL:Q:50637006;Van Rensselaerstraat;Nijkerk;4,6;5,5;1,6;2,2;0,6;2,2
19;NL:Q:50637007;Station;Nijkerk;19,6;15,3;8,0;6,8;3,8;4,2
19;NL:Q:50637008;Station;Nijkerk;20,5;16,3;8,3;7,2;3,7;2,9
19;NL:Q:50637011;Zilverschoon;Nijkerk;3,6;9,7;0,6;0,9;0,4;0,8
19;NL:Q:50637012;Zilverschoon;Nijkerk;9,6;3,1;1,2;1,5;1,1;0,4
19;NL:Q:50637013;Sparrenlaan;Nijkerk;0,2;0,2;0,1;0,1;0,0;0,1
19;NL:Q:50637014;Sparrenlaan;Nijkerk;0,1;0,4;0,1;0,1;0,0;0,1
19;NL:Q:50637015;Callenbachstraat;Nijkerk;2,0;1,8;0,4;0,4;0,3;0,1
19;NL:Q:50637016;Callenbachstraat;Nijkerk;1,6;3,0;0,4;0,9;0,1;0,9
19;NL:Q:50637025;Torenstraat;Nijkerk;0,0;0,8;0,0;0,4;0,0;0,0
19;NL:Q:50637026;Torenstraat;Nijkerk;0,7;0,1;0,1;0,0;0,0;0,0
19;NL:Q:50637045;Kievitslaan;Nijkerk;0,0;0,0;0,0;0,0;0,0;0,0
19;NL:Q:50637046;Kievitslaan;Nijkerk;0,0;0,0;0,0;0,0;0,0;0,0
19;NL:Q:50637053;Corlaer College;Nijkerk;14,5;18,7;3,4;4,6;2,4;2,3
19;NL:Q:50637054;Corlaer College;Nijkerk;17,4;12,9;5,0;3,8;2,5;2,5
19;NL:Q:50642001;Ravengoedseweg;Zwartebroek;0,5;0,0;0,1;0,0;0,2;0,0
19;NL:Q:50642003;School;Zwartebroek;4,8;0,8;2,0;0,7;1,4;0,1
19;NL:Q:50642004;School;Zwartebroek;0,9;3,6;0,8;2,1;0,2;1,6
19;NL:Q:50642005;Ned. Herv. Kerk;Zwartebroek;0,6;0,5;0,2;0,3;0,3;0,2
19;NL:Q:50642006;Ned. Herv. Kerk;Zwartebroek;0,3;0,5;0,2;0,3;0,1;0,2
19;NL:Q:50645001;De Tolboom;Terschuur;4,2;1,1;2,4;0,8;1,2;0,3
19;NL:Q:50645002;De Tolboom;Terschuur;1,5;3,8;2,6;4,4;0,2;1,1
19;NL:Q:50645003;Leemweg;Terschuur;0,2;0,4;0,1;0,1;0,1;0,2
19;NL:Q:50645004;Leemweg;Terschuur;0,1;0,6;0,1;0,1;0,1;0,1
19;NL:Q:50645005;De Palmpol;Terschuur;0,4;0,1;0,1;0,0;0,1;0,0
19;NL:Q:50645006;De Palmpol;Terschuur;0,1;0,3;0,0;0,1;0,0;0,1
19;NL:Q:50645007;Van Beek;Terschuur;0,3;0,1;0,1;0,1;0,1;0,0
19;NL:Q:50645008;Van Beek;Terschuur;0,1;0,3;0,0;0,1;0,0;0,2
19;NL:Q:50645010;Oude Ambachten Museum;Terschuur;0,7;0,7;0,3;0,5;0,3;0,2
19;NL:Q:50664001;Helweg;Achterveld;0,1;0,2;0,0;0,2;0,0;0,0
19;NL:Q:50664003;Klettersteeg;Achterveld;0,0;0,1;0,0;0,1;0,0;0,0
19;NL:Q:50664004;Klettersteeg;Achterveld;0,0;0,0;0,0;0,0;0,0;0,0
19;NL:Q:50664005;Kerkdijk;Achterveld;0,0;0,0;0,0;0,0;0,0;0,0
19;NL:Q:50664006;Kerkdijk;Achterveld;0,0;0,0;0,0;0,0;0,0;0,0
19;NL:Q:50664007;Huize St. Joseph;Achterveld;0,0;0,0;0,0;0,0;0,0;0,0
19;NL:Q:50664008;Huize St. Joseph;Achterveld;0,0;0,0;0,0;0,0;0,0;0,0
19;NL:Q:50664009;De Hessenkar;Achterveld;0,6;0,1;0,1;0,0;0,0;0,0
19;NL:Q:50664010;De Hessenkar;Achterveld;0,2;0,6;0,1;0,2;0,0;0,0
19;NL:Q:50664019;RK Kerk;Achterveld;0,1;0,1;0,0;0,1;0,0;0,0
19;NL:Q:50664020;RK Kerk;Achterveld;0,1;0,1;0,0;0,0;0,0;0,0
19;NL:Q:50664023;Postweg;Achterveld;0,1;0,0;0,0;0,0;0,0;0,0
19;NL:Q:50664024;Postweg;Achterveld;0,0;0,1;0,0;0,1;0,0;0,0
19;NL:Q:50731015;School Diermen;Putten;0,1;0,3;0,1;0,1;0,0;0,0
19;NL:Q:50731017;School Hoef;Putten;1,6;1,0;0,3;0,3;0,1;0,1
19;NL:Q:50731018;School Hoef;Putten;0,8;1,7;0,2;0,6;0,1;0,2
19;NL:Q:50731043;Henslare;Putten;1,0;0,1;0,0;0,0;0,0;0,0
19;NL:Q:50731044;Henslare;Putten;0,1;1,1;0,0;0,0;0,1;0,0
19;NL:Q:50745009;Oude Ambachten Museum;Terschuur;0,7;0,9;0,6;0,5;0,2;0,5
19;NL:Q:50745011;Kruispunt Harselaar;Terschuur;0,0;0,0;0,0;0,0;0,0;0,0
19;NL:Q:50745012;Kruispunt Harselaar;Terschuur;0,0;0,0;0,0;0,0;0,0;0,0
19;NL:Q:50745021;Zeumerseweg;Barneveld;0,3;2,3;0,1;0,2;0,0;0,1
19;NL:Q:50745022;Zeumerseweg;Barneveld;1,5;0,4;0,2;0,2;0,1;0,0
19;NL:Q:50746001;Lankerenseweg;Voorthuizen;1,4;1,1;0,0;0,0;0,1;0,0
19;NL:Q:50746002;Lankerenseweg;Voorthuizen;0,9;0,6;0,1;0,1;0,0;0,0
19;NL:Q:50746003;Verbindingsweg;Voorthuizen;1,6;1,3;0,6;0,4;0,2;0,5
19;NL:Q:50746004;Verbindingsweg;Voorthuizen;3,0;3,6;0,1;0,6;0,2;0,4
19;NL:Q:50746005;Buitenlust;Voorthuizen;5,8;4,2;3,0;0,5;1,5;0,2
19;NL:Q:50746006;Buitenlust;Voorthuizen;4,7;6,3;0,5;2,5;0,3;1,5
19;NL:Q:50746007;De Punt;Voorthuizen;44,4;51,1;19,4;15,3;11,4;9,7
19;NL:Q:50746008;De Punt;Voorthuizen;50,8;41,0;16,7;19,3;9,6;9,4
19;NL:Q:50746009;Roelenengweg;Voorthuizen;2,8;5,3;1,2;2,5;0,7;1,3
19;NL:Q:50746010;Roelenengweg;Voorthuizen;5,6;2,8;2,4;1,7;0,9;0,8
19;NL:Q:50746012;Bosweg;Voorthuizen;1,3;1,1;0,4;0,8;0,2;0,8
19;NL:Q:50746021;;;0,0;0,0;0,0;0,0;0,0;0,0
19;NL:Q:50746022;;;0,0;0,0;0,0;0,0;0,0;0,1
19;NL:Q:50747002;Struik;Nijkerk;2,8;1,8;0,4;0,5;0,2;0,3
19;NL:Q:50763001;Licht en Ruimte;De Glind;0,2;0,0;0,1;0,0;0,0;0,0
19;NL:Q:50763002;Licht en Ruimte;De Glind;0,0;0,1;0,0;0,0;0,0;0,0
19;NL:Q:50763003;Prinses Beatrixschool;De Glind;0,0;0,0;0,0;0,0;0,0;0,0
19;NL:Q:50763004;Prinses Beatrixschool;De Glind;0,0;0,0;0,0;0,0;0,0;0,0
19;NL:Q:50763005;De Glind;De Glind;0,2;0,0;0,2;0,0;0,0;0,0
19;NL:Q:50763006;De Glind;De Glind;0,0;0,2;0,0;0,2;0,0;0,0
19;NL:Q:50763007;Schoonderbekerweg;De Glind;1,2;0,1;0,2;0,0;0,0;0,0
19;NL:Q:50763008;Schoonderbekerweg;De Glind;0,1;1,3;0,0;0,2;0,0;0,0
19;NL:Q:50765033;De Pelmolen;Barneveld;0,0;0,0;0,0;0,0;0,0;0,0
19;NL:Q:50765034;De Pelmolen;Barneveld;0,0;0,0;0,0;0,0;0,0;0,0
19;NL:Q:50765035;De Nieuwe Eshof;Barneveld;0,0;0,0;0,0;0,0;0,0;0,0
19;NL:Q:50765036;De Nieuwe Eshof;Barneveld;0,0;0,0;0,0;0,0;0,0;0,0
19;NL:Q:50765037;De Eshof;Barneveld;0,0;0,0;0,0;0,0;0,0;0,0
19;NL:Q:50765038;De Eshof;Barneveld;0,0;0,0;0,0;0,0;0,0;0,0
19;NL:Q:50765039;Boerderij Veerman;Barneveld;0,0;0,0;0,0;0,0;0,0;0,0
19;NL:Q:50765040;Boerderij Veerman;Barneveld;0,0;0,0;0,0;0,0;0,0;0,0
19;NL:Q:50765067;Anthonie Fokkerstraat;Barneveld;0,4;0,1;0,0;0,0;0,0;0,0
19;NL:Q:50765068;Anthonie Fokkerstraat;Barneveld;0,1;0,6;0,0;0,1;0,0;0,0
19;NL:Q:50767013;Kolfschoten;Scherpenzeel;0,0;0,0;0,0;0,0;0,0;0,0
19;NL:Q:50767014;Kolfschoten;Scherpenzeel;0,0;0,1;0,0;0,0;0,0;0,0
19;NL:Q:50769001;Klein Moorst;De Glind;0,1;0,0;0,1;0,0;0,0;0,0
19;NL:Q:50769002;Klein Moorst;De Glind;0,0;0,1;0,0;0,1;0,0;0,0
19;NL:Q:50812001;Stat. Veenendaal-De Klomp;De Klomp;29,3;49,0;8,1;17,3;0,0;11,1
19;NL:Q:50812002;Stat. Veenendaal-De Klomp;De Klomp;46,3;27,7;15,4;7,6;13,2;0,8
19;NL:Q:50812003;Stat. Veenendaal-De Klomp;De Klomp;2,3;3,2;1,4;0,9;0,0;0,0
19;NL:Q:50814001;Scheivoor;De Klomp;0,0;0,0;0,0;0,0;0,0;0,0
19;NL:Q:50814002;Scheivoor;De Klomp;0,0;0,0;0,0;0,0;0,0;0,0
19;NL:Q:50814003;School;Ederveen;0,0;0,2;0,0;0,1;0,0;0,0
19;NL:Q:50814004;School;Ederveen;0,1;0,0;0,0;0,0;0,0;0,0
19;NL:Q:50814005;Rabobank;Ederveen;0,0;0,2;0,0;0,0;0,0;0,0
19;NL:Q:50814006;Rabobank;Ederveen;0,1;0,2;0,1;0,1;0,0;0,0
19;NL:Q:50814007;Luntersekade;Ederveen;0,1;0,2;0,1;0,1;0,0;0,0
19;NL:Q:50814011;Kruisbeekweg;Ederveen;0,1;0,5;0,0;0,0;0,0;0,0
19;NL:Q:50814012;Kruisbeekweg;Ederveen;0,3;0,4;0,0;0,0;0,0;0,0
19;NL:Q:50814013;Drieenhuizerweg;Ederveen;0,0;0,0;0,0;0,0;0,0;0,0
19;NL:Q:50814014;Drieenhuizerweg;Ederveen;0,0;0,0;0,0;0,0;0,0;0,0
19;NL:Q:50841026;Heihaas;Putten;5,0;1,5;2,9;0,6;1,0;0,2
19;NL:Q:50847001;Struik;Nijkerk;2,5;2,9;0,4;0,5;0,2;0,3
19;NL:Q:50848001;Veenhuizerveldweg;Huinen;3,1;5,5;0,9;2,0;1,0;0,4
19;NL:Q:50848002;Veenhuizerveldweg;Huinen;5,3;3,1;1,2;1,4;1,4;0,9
19;NL:Q:50848003;Oude Garderenseweg;Huinen;2,6;3,5;0,7;1,0;1,4;0,7
19;NL:Q:50848004;Oude Garderenseweg;Huinen;3,3;2,9;0,8;0,6;1,1;0,6
19;NL:Q:60000021;Helweg;Barneveld;0,1;0,1;0,0;0,0;0,0;0,0
19;NL:Q:60000094;Aalbert Cuyplaan;Apeldoorn;0,0;0,2;0,1;0,0;0,0;0,4
19;NL:Q:60000096;Auroralaan;Apeldoorn;0,1;0,0;0,0;0,0;0,0;0,1
19;NL:Q:60000111;Edelweisslaan;Apeldoorn;0,0;0,0;0,0;0,0;0,0;0,0
19;NL:Q:60000113;Emmaplein;Apeldoorn;0,0;0,1;0,0;0,1;0,0;0,1
19;NL:Q:60000115;Ferd. Bollaan;Apeldoorn;0,2;0,0;0,0;0,0;0,0;0,0
19;NL:Q:60000125;Het Kasteel;Apeldoorn;0,1;0,1;0,0;0,0;0,2;0,0
19;NL:Q:60000127;Hoofdstraat;Apeldoorn;19,6;0,7;14,2;0,2;7,3;0,2
19;NL:Q:60000148;Mauvestraat;Apeldoorn;0,5;0,1;0,1;0,0;0,6;0,2
19;NL:Q:60000149;Marchantstraat;Apeldoorn;0,4;0,7;0,1;0,2;0,5;0,6
19;NL:Q:60000158;FizzionParc;Apeldoorn;0,1;0,1;0,0;0,0;0,0;0,0
19;NL:Q:60000159;Paulus Potterlaan;Apeldoorn;0,2;0,0;0,0;0,0;0,0;0,0
19;NL:Q:60000160;Achmea;Apeldoorn;0,2;0,1;0,0;0,0;0,0;0,0
19;NL:Q:60000168;Rembrandtlaan;Apeldoorn;0,4;0,0;0,1;0,0;0,2;0,0
19;NL:Q:60000172;De Savornin Lohmanstraat;Apeldoorn;0,0;0,3;0,0;0,0;0,0;0,2
19;NL:Q:60000173;De Savornin Lohmanstraat;Apeldoorn;0,2;0,1;0,0;0,0;0,2;0,0
19;NL:Q:60000186;Talma Borgh;Apeldoorn;0,2;0,2;0,1;0,0;0,1;0,1
19;NL:Q:60000196;Veenhuizerweg;Apeldoorn;0,1;0,0;0,0;0,0;0,1;0,0
19;NL:Q:60000203;Zuster Meyboomlaan;Apeldoorn;0,3;0,8;0,2;0,8;0,2;0,6
19;NL:Q:60001150;Mercatorplein;Apeldoorn;0,1;0,4;0,1;0,1;0,2;0,4
19;NL:Q:60002205;Zanderijweg;Apeldoorn;0,3;0,0;0,1;0,0;0,2;0,0
19;NL:Q:99990032;Station Barneveld Noord;Barneveld;7,9;1,1;1,7;0,1;1,5;0,1
19;NL:Q:99990033;Station Barneveld Noord;Barneveld;0,7;7,6;0,1;1,7;0,0;0,9
20;NL:Q:40000090;Station Velperpoort;Arnhem;32,2;25,3;31,6;27,2;9,1;10,2
20;NL:Q:40000110;Hoflaan;Arnhem;13,5;8,8;9,2;7,3;3,6;2,8
20;NL:Q:40000130;Raapopseweg;Arnhem;9,4;5,7;6,4;4,5;2,2;1,7
20;NL:Q:40000150;Huyghenslaan;Arnhem;4,0;3,2;3,0;2,7;1,5;0,9
20;NL:Q:40000190;Vondellaan;Arnhem;2,0;2,6;0,0;0,0;0,0;0,0
20;NL:Q:40000200;Vondellaan;Arnhem;3,1;1,9;0,0;0,0;0,0;0,0
20;NL:Q:40004007;Centraal Station;Arnhem;57,6;0,0;67,1;0,0;29,2;0,0
20;NL:Q:40004017;Willemsplein;Arnhem;18,7;1,4;25,2;0,3;7,9;0,2
20;NL:Q:40004020;Willemsplein;Arnhem;0,4;20,1;0,2;25,2;0,1;7,1
20;NL:Q:40004022;Velperplein;Arnhem;20,4;1,7;29,8;2,3;8,5;0,7
20;NL:Q:40004023;Velperplein;Arnhem;2,9;27,1;1,8;36,7;0,8;10,8
20;NL:Q:40004416;Centraal Station;Arnhem;0,0;54,3;0,0;54,6;0,0;21,9
20;NL:Q:40004700;Lange Wal;Arnhem;6,2;2,9;7,1;2,4;2,0;0,6
20;NL:Q:40004730;Keulse Slag;Arnhem;5,9;12,0;8,2;16,0;1,9;7,4
20;NL:Q:40004740;Keulse Slag;Arnhem;13,9;6,3;19,8;7,2;7,3;1,8
20;NL:Q:40005330;Station Presikhaaf;Arnhem;1,6;6,2;2,3;6,0;0,6;2,4
20;NL:Q:40005340;Station Presikhaaf;Arnhem;4,4;1,2;6,7;2,0;3,2;0,7
20;NL:Q:40005350;Dongestraat;Arnhem;0,4;2,0;0,9;2,6;0,2;1,0
20;NL:Q:40005360;Dongestraat;Arnhem;1,8;1,4;1,4;0,7;0,8;0,4
20;NL:Q:40006790;Lange Wal;Arnhem;3,5;6,1;2,6;9,4;0,2;3,7
20;NL:Q:40008840;Brekelenkampstraat;Arnhem;1,6;1,2;1,8;1,7;0,7;0,2
20;NL:Q:40120010;Aansluiting A12;Duiven;3,4;1,7;11,9;1,6;3,6;0,6
20;NL:Q:40120030;Hotel De Roskam;Rheden;0,3;0,1;0,0;0,0;0,0;0,0
20;NL:Q:40120050;Beekhuizenseweg;Velp;1,1;0,9;0,0;0,0;0,0;0,0
20;NL:Q:40120060;Beekhuizenseweg;Velp;2,1;1,6;0,0;0,0;0,0;0,0
20;NL:Q:40120250;Nordlaan;Velp;0,8;6,2;0,0;0,0;0,0;0,0
20;NL:Q:40120260;Nordlaan;Velp;6,0;0,9;0,0;0,0;0,0;0,0
20;NL:Q:40120290;Emmastraat;Velp;2,6;3,6;0,0;0,0;0,0;0,0
20;NL:Q:40120300;Emmastraat;Velp;3,3;2,3;0,0;0,0;0,0;0,0
20;NL:Q:40123950;Velperbroek;Velp;2,8;2,7;2,7;6,2;1,0;1,8
20;NL:Q:40123960;Velperbroek;Velp;3,1;12,0;7,6;3,0;2,5;1,2
20;NL:Q:40123990;Ziekenhuis/Waterstraat;Velp;2,9;5,2;1,6;9,4;0,5;3,6
20;NL:Q:40124000;Ziekenhuis/Waterstraat;Velp;3,0;0,3;4,8;1,4;1,9;0,4
20;NL:Q:40124030;Haverland;Velp;0,5;3,5;0,8;7,5;0,2;2,7
20;NL:Q:40124040;Haverland;Velp;2,3;0,8;3,8;0,6;1,6;0,2
20;NL:Q:40124050;Graaf Ottostraat;Velp;0,5;3,4;0,9;5,3;0,4;1,7
20;NL:Q:40124060;Graaf Ottostraat;Velp;2,4;0,6;4,3;1,3;1,1;0,4
20;NL:Q:40124070;Graaf Gerhardstraat;Velp;1,1;3,5;0,6;3,8;0,2;1,4
20;NL:Q:40124080;Graaf Gerhardstraat;Velp;2,3;1,0;2,1;0,5;0,8;0,2
20;NL:Q:40124090;Brekelenkampstraat;Arnhem;1,1;1,5;1,1;2,9;0,2;0,9
20;NL:Q:40551089;J. Fruytierschool;Apeldoorn;5,6;8,8;0,0;0,0;0,0;0,0
20;NL:Q:41220220;Hotel De Roskam;Rheden;0,1;0,3;0,0;0,0;0,0;0,0
20;NL:Q:41220550;NH Kerk;Rheden;1,6;0,9;0,0;0,0;0,0;0,0
20;NL:Q:41220560;NH Kerk;Rheden;0,9;1,9;0,0;0,0;0,0;0,0
20;NL:Q:41220570;Oranjeweg;Rheden;4,8;0,4;0,0;0,0;0,0;0,0
20;NL:Q:41220580;Oranjeweg;Rheden;0,5;5,8;0,0;0,0;0,0;0,0
20;NL:Q:41220590;v. Heerdtplein;Rheden;3,1;0,2;0,0;0,0;0,0;0,0
20;NL:Q:41220600;v. Heerdtplein;Rheden;0,3;3,3;0,0;0,0;0,0;0,0
20;NL:Q:41220650;Overweg;Rheden;0,9;1,2;0,0;0,0;0,0;0,0
20;NL:Q:41230010;Groenestraat;Giesbeek;2,0;0,6;3,8;0,8;1,1;0,8
20;NL:Q:41230030;Kerkstraat;Lathum;2,4;0,2;3,1;0,5;1,0;0,1
20;NL:Q:41230040;Kerkstraat;Lathum;0,3;2,5;0,6;3,2;0,2;1,0
20;NL:Q:41230050;Rijderbosweg;Lathum;0,0;0,1;0,1;0,1;0,0;0,0
20;NL:Q:41230060;Rijderbosweg;Lathum;0,3;0,1;0,1;0,1;0,0;0,1
20;NL:Q:41230080;Aansluiting A12;Duiven;1,2;3,3;1,4;14,0;0,6;3,6
20;NL:Q:41270010;Eikenlaan;Bronckhorst;0,2;0,0;0,0;0,0;0,0;0,0
20;NL:Q:41270020;Eikenlaan;Bronckhorst;0,0;0,0;0,0;0,0;0,0;0,0
20;NL:Q:41270030;Heiligenbeeldenmuseum;Bronckhorst;0,3;0,0;0,0;0,0;0,0;0,0
20;NL:Q:41270040;Heiligenbeeldenmuseum;Bronckhorst;0,0;0,4;0,0;0,0;0,0;0,0
20;NL:Q:41310020;Raadhuisstraat;Vorden;0,0;0,1;0,0;0,0;0,0;0,0
20;NL:Q:41310030;Centrum;Vorden;0,3;2,3;0,0;0,0;0,0;0,0
20;NL:Q:41310040;Centrum;Vorden;2,4;0,5;0,0;0,0;0,0;0,0
20;NL:Q:41310050;De Horsterkamp Zuid;Vorden;0,5;3,3;0,1;0,3;0,0;0,1
20;NL:Q:41310060;De Horsterkamp Zuid;Vorden;3,8;1,1;0,3;0,2;0,2;0,1
20;NL:Q:41310070;Villa Nuova;Vorden;0,1;2,0;0,0;0,0;0,0;0,0
20;NL:Q:41310080;Villa Nuova;Vorden;2,2;0,4;0,0;0,0;0,0;0,0
20;NL:Q:41310090;Raadhuisstraat;Vorden;0,1;0,1;0,0;0,0;0,0;0,0
20;NL:Q:41310290;Station;Vorden;138,2;122,2;28,8;24,4;18,2;24,0
20;NL:Q:41310330;De Bleek;Vorden;0,0;4,9;0,0;2,1;0,0;0,8
20;NL:Q:41310340;De Bleek;Vorden;2,8;0,3;1,5;0,2;0,5;0,2
20;NL:Q:41310350;De Wehme;Vorden;0,0;0,1;0,0;0,0;0,0;0,0
20;NL:Q:41310360;De Wehme;Vorden;0,0;0,0;0,0;0,0;0,0;0,0
20;NL:Q:41330030;Wielbergen;Angerlo;0,1;0,3;0,3;0,3;0,1;0,0
20;NL:Q:41330040;Wielbergen;Angerlo;0,2;0,1;0,5;0,4;0,0;0,0
20;NL:Q:41330050;Bingerdenseweg;Angerlo;0,0;0,0;0,1;0,0;0,0;0,0
20;NL:Q:41330060;Bingerdenseweg;Angerlo;0,0;0,0;0,0;0,1;0,0;0,0
20;NL:Q:41330070;Tutenburgsestraat;Giesbeek;0,7;0,1;0,7;0,2;0,2;0,1
20;NL:Q:41330080;Tutenburgsestraat;Giesbeek;0,2;0,6;0,2;0,5;0,0;0,3
20;NL:Q:41330090;Zwalmstraat;Giesbeek;15,4;11,4;11,4;13,3;3,4;3,8
20;NL:Q:41330120;Groenestraat;Giesbeek;0,4;2,0;1,0;4,1;0,3;1,2
20;NL:Q:41330170;Beumerskamp;Doesburg;8,1;4,1;10,8;3,1;3,2;0,9
20;NL:Q:41400010;De Boggelaar;Warnsveld;0,3;0,5;0,0;0,0;0,0;0,0
20;NL:Q:41400020;De Boggelaar;Warnsveld;0,3;0,4;0,0;0,0;0,0;0,0
20;NL:Q:41400110;Kasteel Hackfort;Vorden;0,0;0,1;0,0;0,0;0,0;0,0
20;NL:Q:41400120;Kasteel Hackfort;Vorden;0,0;0,0;0,0;0,0;0,0;0,0
20;NL:Q:41410030;Gemeentehuis;Hengelo;11,1;20,8;2,2;6,7;2,5;4,0
20;NL:Q:41410040;Gemeentehuis;Hengelo;20,5;11,6;6,9;3,0;3,9;1,9
20;NL:Q:41410150;Van Neck;Hengelo;0,8;1,5;0,2;0,3;0,1;0,1
20;NL:Q:41410160;Van Neck;Hengelo;1,6;1,0;0,3;0,3;0,1;0,1
20;NL:Q:41410190;Vordenseweg;Hengelo;9,7;8,9;2,9;2,3;1,9;1,6
20;NL:Q:41410210;Banninkstraat;Hengelo;10,0;14,7;2,9;5,6;3,2;3,6
20;NL:Q:41410230;Vordenseweg;Hengelo;8,8;9,8;1,9;2,7;1,7;1,4
20;NL:Q:41410250;Banninkstraat;Hengelo;14,5;10,6;4,9;4,5;3,0;2,3
20;NL:Q:41420010;NH Kerk;Drempt;2,4;1,9;2,0;1,6;0,6;0,8
20;NL:Q:41420110;Beinum;Doesburg;1,8;1,7;2,3;1,5;0,5;0,3
20;NL:Q:41420120;Beinum;Doesburg;2,3;0,8;1,1;1,7;0,3;0,5
20;NL:Q:41420130;Potsmaat;Doesburg;1,5;1,9;3,5;0,9;0,7;0,4
20;NL:Q:41420140;Potsmaat;Doesburg;2,3;1,6;1,2;2,4;0,3;0,5
20;NL:Q:41420150;tunnel Angerlo;Doesburg;2,4;2,4;3,5;1,7;0,8;0,4
20;NL:Q:41420160;tunnel Angerlo;Doesburg;5,4;2,6;1,7;4,0;0,5;1,2
20;NL:Q:41420180;Beumerskamp;Doesburg;7,5;6,7;2,5;12,2;1,1;4,0
20;NL:Q:41420210;Kraakselaan;Doesburg;28,6;7,4;11,8;7,4;3,0;2,5
20;NL:Q:41420220;Kraakselaan;Doesburg;7,2;36,4;8,7;12,5;3,3;3,0
20;NL:Q:41420230;Meipoort;Doesburg;9,2;9,1;10,1;3,6;2,8;1,4
20;NL:Q:41420240;Meipoort;Doesburg;14,7;8,0;4,9;9,2;1,0;2,8
20;NL:Q:41420250;Karel Doormansingel;Doesburg;1,5;4,6;0,0;0,0;0,0;0,0
20;NL:Q:41420260;Karel Doormansingel;Doesburg;2,6;1,5;0,0;0,0;0,0;0,0
20;NL:Q:41420270;Koepoortwal;Doesburg;2,6;3,0;0,0;0,0;0,0;0,0
20;NL:Q:41420290;Haven;Doesburg;2,6;0,7;5,6;0,5;1,9;0,2
20;NL:Q:41420300;Haven;Doesburg;0,7;3,1;0,7;6,0;0,2;1,7
20;NL:Q:41430070;Cafe Den Bremer;Toldijk;2,9;2,4;1,9;0,8;1,5;0,6
20;NL:Q:41430110;Zuivelfabriek;Steenderen;0,5;0,2;0,1;0,0;0,0;0,0
20;NL:Q:41430120;Zuivelfabriek;Steenderen;0,2;0,7;0,0;0,1;0,0;0,1
20;NL:Q:41430130;Gemeentehuis;Steenderen;1,6;0,9;0,6;0,4;0,4;0,1
20;NL:Q:41430140;Gemeentehuis;Steenderen;0,5;2,1;0,2;1,3;0,1;0,6
20;NL:Q:41430150;Dorp;Steenderen;9,9;8,9;4,4;2,8;2,5;1,5
20;NL:Q:41430160;Dorp;Steenderen;9,4;9,2;3,3;4,2;2,1;2,4
20;NL:Q:41430170;Aviko;Steenderen;9,9;2,7;4,2;1,1;3,0;0,5
20;NL:Q:41430180;Aviko;Steenderen;3,5;9,9;1,3;4,5;0,5;2,4
20;NL:Q:41470010;Station;Didam;1,2;1,5;0,0;0,0;0,0;0,0
20;NL:Q:41470050;Raadhuisstraat;Didam;0,1;0,1;0,0;0,0;0,0;0,0
20;NL:Q:41470060;Raadhuisstraat;Didam;0,0;0,1;0,0;0,0;0,0;0,0
20;NL:Q:41470070;De Hoevert;Didam;0,2;0,2;0,0;0,0;0,0;0,0
20;NL:Q:41470080;De Hoevert;Didam;0,4;0,2;0,0;0,0;0,0;0,0
20;NL:Q:41470110;Gemeentehuis;Didam;0,0;0,0;0,0;0,0;0,0;0,0
20;NL:Q:41470120;Gemeentehuis;Didam;0,0;0,1;0,0;0,0;0,0;0,0
20;NL:Q:41470130;De Linde;Didam;0,1;0,1;0,0;0,0;0,0;0,0
20;NL:Q:41470140;De Linde;Didam;0,4;0,1;0,0;0,0;0,0;0,0
20;NL:Q:41470210;Kapelstraat;Loil;0,0;0,0;0,0;0,0;0,0;0,0
20;NL:Q:41470220;Kapelstraat;Loil;0,0;0,0;0,0;0,0;0,0;0,0
20;NL:Q:41471130;Kerk;Didam;0,1;0,2;0,0;0,0;0,0;0,0
20;NL:Q:41471140;Kerk;Didam;0,2;0,0;0,0;0,0;0,0;0,0
20;NL:Q:41480010;Elver;Nieuw-Wehl;0,4;1,1;0,0;0,0;0,0;0,0
20;NL:Q:41480020;Elver;Nieuw-Wehl;0,7;0,6;0,0;0,0;0,0;0,0
20;NL:Q:41490030;Centrum;Wehl;0,0;0,0;0,0;0,0;0,0;0,0
20;NL:Q:41490040;Centrum;Wehl;0,1;0,0;0,0;0,0;0,0;0,0
20;NL:Q:41490050;Station;Wehl;3,1;3,9;0,0;0,0;0,0;0,0
20;NL:Q:41490070;Brandweerkazerne;Wehl;0,0;0,1;0,0;0,0;0,0;0,0
20;NL:Q:41500010;Gelre ziekenhuizen;Zutphen;16,5;14,3;2,7;1,7;1,0;1,6
20;NL:Q:41500020;Gelre ziekenhuizen;Zutphen;10,6;16,4;1,9;2,8;1,5;1,1
20;NL:Q:41500030;Bieshorstlaan;Warnsveld;1,9;3,2;0,6;1,6;0,4;0,8
20;NL:Q:41500050;'t Horseler;Warnsveld;22,6;21,5;6,4;7,6;4,2;4,7
20;NL:Q:41500060;'t Horseler;Warnsveld;1,6;0,6;0,0;0,0;0,0;0,0
20;NL:Q:41500070;GGNet;Warnsveld;1,5;1,9;0,0;0,1;0,0;0,1
20;NL:Q:41500080;GGNet;Warnsveld;2,4;1,7;0,0;0,0;0,0;0,0
20;NL:Q:41500090;Winkelcentrum Dreiumme;Warnsveld;8,4;22,9;3,7;13,6;2,4;7,0
20;NL:Q:41500150;Havepad;Warnsveld;0,0;0,2;0,0;0,1;0,0;0,1
20;NL:Q:41500151;Havepad;Warnsveld;4,0;7,1;3,5;4,9;1,4;2,9
20;NL:Q:41500160;Overkamp;Warnsveld;61,1;60,1;29,9;29,8;17,0;16,6
20;NL:Q:41500170;Overkamp;Warnsveld;2,0;0,7;0,0;0,0;0,0;0,0
20;NL:Q:41500190;Ooyerhoekseweg;Warnsveld;1,5;3,3;0,2;1,7;0,3;1,2
20;NL:Q:41500200;Ooyerhoekseweg;Warnsveld;2,6;1,4;1,0;0,2;0,8;0,2
20;NL:Q:41500251;Rhienderinklaan;Warnsveld;0,7;0,6;0,3;0,4;0,0;0,0
20;NL:Q:41500261;Rhienderinklaan;Warnsveld;0,6;1,0;0,3;0,5;0,0;0,0
20;NL:Q:41500270;Den Bouw;Warnsveld;0,0;0,0;0,0;0,0;0,0;0,0
20;NL:Q:41500280;Den Bouw;Warnsveld;0,0;0,2;0,0;0,0;0,0;0,0
20;NL:Q:41500310;Martinuskerk;Warnsveld;0,1;0,1;0,0;0,0;0,0;0,0
20;NL:Q:41500320;Martinuskerk;Warnsveld;0,1;0,5;0,0;0,0;0,0;0,0
20;NL:Q:41500470;Welgelegen;Warnsveld;14,7;16,8;4,6;5,6;3,1;3,3
20;NL:Q:41500550;Kerkpad;Warnsveld;0,6;5,9;0,1;3,7;0,0;0,0
20;NL:Q:41500560;Kerkpad;Warnsveld;4,6;0,6;2,2;0,1;0,0;0,0
20;NL:Q:41501010;De Groene Jager;Wichmond;0,2;0,1;0,2;0,1;0,2;0,0
20;NL:Q:41501100;De Vlieg;Vierakker;0,0;0,2;0,0;0,0;0,0;0,0
20;NL:Q:41501410;Leesten Oost;Warnsveld;0,6;0,3;0,0;0,0;0,0;0,0
20;NL:Q:41501420;Leesten Oost;Warnsveld;0,1;0,3;0,0;0,0;0,0;0,0
20;NL:Q:41501430;Winkelcentrum Dreiumme;Warnsveld;0,1;0,2;0,0;0,0;0,0;0,0
20;NL:Q:41501440;Winkelcentrum Dreiumme;Warnsveld;16,5;6,3;10,1;2,1;5,8;2,6
20;NL:Q:41501450;Klooster;Warnsveld;3,6;5,2;0,6;3,1;0,2;1,8
20;NL:Q:41501460;Klooster;Warnsveld;17,6;8,5;9,5;5,5;7,0;2,9
20;NL:Q:41501470;Leesten;Warnsveld;9,8;13,2;1,4;5,3;0,7;3,0
20;NL:Q:41501480;Leesten;Warnsveld;9,5;9,3;4,9;0,9;3,1;1,0
20;NL:Q:41503001;Gelderhorst;Zutphen;0,0;0,0;0,0;0,0;0,0;0,0
20;NL:Q:41503010;Den Elter;Zutphen;0,1;0,3;0,1;0,0;0,0;0,0
20;NL:Q:41504001;Gelderhorst;Zutphen;0,0;0,6;0,0;0,0;0,0;0,0
20;NL:Q:41504060;Den Elter;Zutphen;0,3;0,2;0,0;0,1;0,0;0,1
20;NL:Q:41504070;Bronsbergen;Zutphen;1,3;1,2;0,5;0,5;0,4;0,2
20;NL:Q:41504080;Bronsbergen;Zutphen;1,3;1,7;0,6;0,8;0,2;0,4
20;NL:Q:41504090;Revelhorst;Zutphen;0,6;5,0;0,5;2,5;0,2;1,9
20;NL:Q:41504100;Revelhorst;Zutphen;3,7;0,8;1,7;0,5;1,6;0,2
20;NL:Q:41509030;Prins Bernhardlaan;Zutphen;1,1;0,5;0,7;0,5;0,0;0,0
20;NL:Q:41509040;Prins Bernhardlaan;Zutphen;0,5;0,9;0,2;0,7;0,0;0,0
20;NL:Q:41510180;Keijenborg;Bronckhorst;5,0;6,3;1,7;1,5;0,9;0,7
20;NL:Q:41510190;Keijenborg;Bronckhorst;6,3;5,5;1,7;1,6;1,0;1,0
20;NL:Q:41520010;Manege;Laag Keppel;1,2;0,3;0,6;0,3;0,2;0,1
20;NL:Q:41520030;Gouden Leeuw;Laag Keppel;1,9;1,1;1,1;0,7;0,6;0,4
20;NL:Q:41520040;Gouden Leeuw;Laag Keppel;1,1;1,6;0,5;0,6;0,2;0,2
20;NL:Q:41520050;Brede school;Hummelo;1,0;1,9;0,5;0,6;0,7;0,6
20;NL:Q:41520060;Brede school;Hummelo;1,4;1,1;0,3;0,4;0,2;0,4
20;NL:Q:41520110;Zelhemseweg;Hummelo;7,2;2,5;5,2;1,5;2,8;1,2
20;NL:Q:41520120;Zelhemseweg;Hummelo;2,5;6,9;1,3;3,9;0,9;2,2
20;NL:Q:41520210;'t Smaaleke;Laag Keppel;0,3;0,3;0,0;0,1;0,0;0,0
20;NL:Q:41520220;'t Smaaleke;Laag Keppel;0,3;0,9;0,1;0,9;0,0;0,3
20;NL:Q:41520230;Weg naar Hoog-Keppel;Hoog Keppel;0,2;0,3;0,1;0,2;0,0;0,0
20;NL:Q:41520240;Weg naar Hoog-Keppel;Hoog Keppel;0,2;0,3;0,1;0,1;0,0;0,0
20;NL:Q:41520250;Burg. Vrijlandweg;Hoog Keppel;0,5;0,2;0,3;0,2;0,0;0,1
20;NL:Q:41520260;Burg. Vrijlandweg;Hoog Keppel;0,3;0,4;0,1;0,4;0,1;0,2
20;NL:Q:41520270;De Braamberg;Drempt;2,7;3,5;1,4;1,1;0,4;0,4
20;NL:Q:41520280;De Braamberg;Drempt;4,0;1,9;2,1;1,5;0,3;0,2
20;NL:Q:41530030;Covik;Baak;0,6;0,2;0,9;0,1;0,5;0,0
20;NL:Q:41530040;Covik;Baak;0,1;1,1;0,0;1,3;0,1;1,0
20;NL:Q:41530070;Dorp;Baak;7,6;2,9;3,7;0,8;2,2;0,7
20;NL:Q:41530080;Dorp;Baak;3,0;7,9;0,6;4,6;0,6;2,0
20;NL:Q:41530120;De Groene Jager;Zutphen;0,2;0,2;0,0;0,4;0,0;0,1
20;NL:Q:41530150;Hackforterweg;Wichmond;0,1;0,6;0,0;0,0;0,0;0,0
20;NL:Q:41530160;Hackforterweg;Wichmond;0,2;0,1;0,0;0,0;0,0;0,0
20;NL:Q:41530170;De Vlieg;Vierakker;0,0;0,0;0,0;0,0;0,0;0,0
20;NL:Q:41530180;Van den Brink;Wichmond;0,0;0,0;0,0;0,0;0,0;0,0
20;NL:Q:41530200;Dorpsstraat;Wichmond;0,2;0,2;0,0;0,0;0,0;0,0
20;NL:Q:41530210;Dorpsstraat;Wichmond;0,3;0,4;0,0;0,0;0,0;0,0
20;NL:Q:41580001;Pater Smitsstraat;Didam;0,5;0,0;0,0;0,0;0,0;0,0
20;NL:Q:41580002;Pater Smitsstraat;Didam;0,0;0,2;0,0;0,0;0,0;0,0
20;NL:Q:41610070;Waarlo;Zelhem;4,3;1,3;0,6;0,6;0,5;0,2
20;NL:Q:41610080;Waarlo;Zelhem;1,2;5,0;0,4;0,5;0,4;0,3
20;NL:Q:41610090;Suselbeek;Velswijk;1,9;3,8;0,8;1,5;1,2;1,1
20;NL:Q:41610100;Suselbeek;Velswijk;3,7;2,2;1,9;1,0;1,0;0,6
20;NL:Q:41620010;Den Ooiman;Doetinchem;5,3;17,9;0,9;0,8;0,8;0,4
20;NL:Q:41620030;IJzergieterij;Langerak;0,6;0,7;0,4;0,3;0,0;0,1
20;NL:Q:41620040;IJzergieterij;Langerak;0,9;0,5;0,5;0,2;0,5;0,0
20;NL:Q:41620060;Manege;Laag Keppel;0,1;1,0;0,2;1,0;0,2;0,3
20;NL:Q:41640030;Van der Capellenlaan;Zutphen;6,0;7,0;0,8;2,4;0,8;2,3
20;NL:Q:41640040;Van der Capellenlaan;Zutphen;6,2;7,3;2,3;1,3;1,6;1,5
20;NL:Q:41640050;Weg naar Laren;Zutphen;2,5;1,9;1,1;1,2;0,6;0,5
20;NL:Q:41640060;Weg naar Laren;Zutphen;3,7;4,4;1,9;1,5;1,3;0,8
20;NL:Q:41640070;Coehoornsingel;Zutphen;0,2;0,8;0,0;0,3;0,0;0,3
20;NL:Q:41640080;Coehoornsingel;Zutphen;0,7;0,7;0,3;0,1;0,2;0,2
20;NL:Q:41640090;'s-Heerensteen;Zutphen;2,6;2,1;0,8;0,1;0,5;0,2
20;NL:Q:41640091;'s-Heerensteen;Zutphen;1,1;2,8;0,2;0,6;0,1;0,3
20;NL:Q:41640110;Berkelsingel;Zutphen;0,3;14,9;0,2;6,6;0,1;2,9
20;NL:Q:41640120;Berkelsingel;Zutphen;4,8;0,6;2,5;0,2;1,3;0,2
20;NL:Q:41640130;Rijkenhage;Zutphen;0,3;47,5;0,1;38,0;0,1;9,9
20;NL:Q:41640140;Rijkenhage;Zutphen;34,0;1,2;23,4;0,3;7,4;0,1
20;NL:Q:41640170;Busstation;Zutphen;125,3;0,5;49,0;1,3;33,9;1,1
20;NL:Q:41640171;Busstation;Zutphen;80,5;0,1;33,2;0,1;22,1;0,3
20;NL:Q:41640172;Busstation;Zutphen;108,7;0,2;59,6;0,1;24,0;0,4
20;NL:Q:41640173;Busstation;Zutphen;6,8;0,3;1,0;0,0;0,7;0,0
20;NL:Q:41640174;Busstation;Zutphen;1,7;363,3;2,1;134,7;0,2;90,8
20;NL:Q:41640176;Busstation;Zutphen;97,4;0,1;44,0;0,0;25,5;0,0
20;NL:Q:41640200;Dr. Bosstraat;Zutphen;25,0;26,4;7,0;9,2;5,3;5,7
20;NL:Q:41640221;Thorbeckesingel;Zutphen;1,1;5,1;0,1;0,7;0,0;0,6
20;NL:Q:41640231;Thorbeckesingel;Zutphen;13,2;6,0;4,1;2,7;2,9;1,4
20;NL:Q:41640320;IJsselflat;Zutphen;1,6;11,3;0,0;0,1;0,0;0,0
20;NL:Q:41640330;IJsselflat;Zutphen;13,3;4,6;2,2;1,3;0,8;0,6
20;NL:Q:41640340;De Waarden;Zutphen;0,5;1,8;0,0;0,2;0,0;0,2
20;NL:Q:41640350;De Waarden;Zutphen;4,3;2,5;1,9;2,2;1,4;1,3
20;NL:Q:41640360;Weerdslag 100-193;Zutphen;0,7;5,5;0,1;1,1;0,1;0,8
20;NL:Q:41640370;Weerdslag 100-193;Zutphen;15,3;8,2;7,1;5,3;4,2;3,6
20;NL:Q:41640380;De Brink;Zutphen;0,6;3,4;0,1;0,7;0,2;0,6
20;NL:Q:41640390;De Brink;Zutphen;7,9;6,8;4,8;7,5;2,3;3,3
20;NL:Q:41640400;Braamkamp;Zutphen;0,9;3,9;0,1;0,5;0,0;0,3
20;NL:Q:41640410;Braamkamp;Zutphen;10,1;8,8;3,5;6,0;2,3;3,4
20;NL:Q:41640430;Tichelkuilen;Zutphen;41,0;41,1;29,4;29,7;16,8;16,8
20;NL:Q:41640570;Arnold Kaldenbachstraat;Zutphen;11,4;14,1;4,8;6,8;3,0;5,2
20;NL:Q:41642010;Oude Begraafplaats;Zutphen;12,8;14,4;5,0;4,6;3,3;4,0
20;NL:Q:41642030;Watertoren;Zutphen;10,8;9,8;5,8;6,4;3,1;3,4
20;NL:Q:41644610;Van Heemstrastraat;Zutphen;3,6;1,9;0,0;0,0;0,0;0,0
20;NL:Q:41644620;Van Heemstrastraat;Zutphen;2,0;4,2;0,0;0,0;0,0;0,0
20;NL:Q:41644650;Bornhof;Zutphen;0,9;0,5;0,0;0,0;0,0;0,0
20;NL:Q:41644660;Bornhof;Zutphen;0,6;1,7;0,0;0,0;0,0;0,0
20;NL:Q:41644670;Graaf Ottosingel;Zutphen;0,1;1,8;0,0;0,0;0,0;0,0
20;NL:Q:41645680;Polsbroek;Zutphen;0,9;0,6;0,0;0,0;0,0;0,0
20;NL:Q:41648013;IJsselbrug;Zutphen (Hoven);0,0;0,0;0,0;0,0;0,0;0,0
20;NL:Q:41680010;Didamseweg;Beek;0,0;0,0;0,0;0,0;0,0;0,0
20;NL:Q:41680020;Didamseweg;Beek;0,0;0,1;0,0;0,0;0,0;0,0
20;NL:Q:41680030;'t Heuveltje;Beek;0,0;0,2;0,0;0,0;0,0;0,0
20;NL:Q:41680040;'t Heuveltje;Beek;0,1;0,1;0,0;0,0;0,0;0,0
20;NL:Q:41680050;Kerk;Beek;1,4;1,4;0,0;0,0;0,0;0,0
20;NL:Q:41680070;'t Peeske;Beek;0,0;0,1;0,0;0,0;0,0;0,0
20;NL:Q:41680080;'t Peeske;Beek;0,1;0,1;0,0;0,0;0,0;0,0
20;NL:Q:41720030;Zelhemseweg;Doetinchem;3,1;7,4;2,3;4,3;1,8;1,9
20;NL:Q:41720040;Zelhemseweg;Doetinchem;9,2;2,7;5,8;2,1;2,9;1,4
20;NL:Q:41720070;Karel Doormanstraat;Doetinchem;0,3;0,3;0,0;0,0;0,0;0,0
20;NL:Q:41720090;Van Starkenborghstraat;Doetinchem;0,2;0,2;0,0;0,0;0,0;0,0
20;NL:Q:41720110;Churchillstraat;Doetinchem;0,2;0,2;0,0;0,0;0,0;0,0
20;NL:Q:41720130;Plein 40-45;Doetinchem;0,1;0,3;0,0;0,0;0,0;0,0
20;NL:Q:41720150;Sportcentrum Rozengaarde;Doetinchem;0,3;0,4;0,0;0,0;0,0;0,0
20;NL:Q:41720190;Rozengaardseweg;Doetinchem;29,6;26,7;3,4;2,3;2,4;1,4
20;NL:Q:41720200;Rozengaardseweg;Doetinchem;24,0;35,3;1,4;4,9;1,1;3,0
20;NL:Q:41720210;Raadhuisstraat;Doetinchem;43,3;8,0;7,4;1,5;4,1;0,6
20;NL:Q:41720220;Raadhuisstraat;Doetinchem;6,2;40,7;1,4;11,0;0,7;4,0
20;NL:Q:41720230;Centrum;Doetinchem;48,1;10,4;27,4;4,2;8,5;1,8
20;NL:Q:41720240;Centrum;Doetinchem;7,1;46,6;2,6;31,8;0,8;9,2
20;NL:Q:41720252;Station;Doetinchem;0,9;908,9;0,2;217,0;0,2;130,0
20;NL:Q:41720280;Gruitpoort;Doetinchem;0,0;0,1;0,0;0,0;0,0;0,0
20;NL:Q:41720310;Wolborgenmate;Doetinchem;0,4;0,2;0,0;0,0;0,0;0,0
20;NL:Q:41720340;Bastinglaan;Doetinchem;0,0;0,0;0,0;0,0;0,0;0,0
20;NL:Q:41720360;Boekweitdreef;Doetinchem;0,1;0,0;0,0;0,0;0,0;0,0
20;NL:Q:41720390;Wannedreef;Doetinchem;0,2;0,3;0,0;0,0;0,0;0,0
20;NL:Q:41720400;Roggedreef;Doetinchem;0,0;0,1;0,0;0,0;0,0;0,0
20;NL:Q:41720410;Eduard Schilderinkstraat;Doetinchem;12,7;3,7;5,6;1,4;4,0;0,9
20;NL:Q:41720420;Eduard Schilderinkstraat;Doetinchem;3,9;12,1;1,3;5,8;1,2;3,2
20;NL:Q:41720430;Burg. Kehrerstraat;Doetinchem;7,9;5,7;1,1;0,8;0,6;1,0
20;NL:Q:41720440;Burg. Kehrerstraat;Doetinchem;5,6;7,1;0,8;0,8;1,1;0,4
20;NL:Q:41720450;Klompenfabriek;Doetinchem;8,7;7,0;2,4;0,9;2,0;0,2
20;NL:Q:41720460;Klompenfabriek;Doetinchem;5,4;8,7;0,7;2,7;0,4;1,1
20;NL:Q:41720470;Graafschap College;Doetinchem;62,1;70,5;2,9;0,2;1,0;0,0
20;NL:Q:41720480;Graafschap College;Doetinchem;50,3;77,5;0,4;2,9;0,0;1,3
20;NL:Q:41720490;Hof van Oxford;Doetinchem;0,0;0,1;0,0;0,0;0,0;0,0
20;NL:Q:41720500;Alfred Mozerplein;Doetinchem;0,0;0,1;0,0;0,0;0,0;0,0
20;NL:Q:41720520;Willy Brandtplein;Doetinchem;0,3;0,3;0,0;0,0;0,0;0,0
20;NL:Q:41720540;Slingeland Loc. Gezellenlaan;Doetinchem;0,0;0,0;0,0;0,0;0,0;0,0
20;NL:Q:41720570;;;0,0;0,1;0,0;0,1;0,0;0,1
20;NL:Q:41720580;Wijnbergsebrug;Doetinchem;0,9;1,5;0,1;0,4;0,0;0,2
20;NL:Q:41720590;Wijnbergsebrug;Doetinchem;1,2;2,0;0,3;0,1;0,2;0,2
20;NL:Q:41720600;De Hoop;Doetinchem;0,0;0,0;0,0;0,0;0,0;0,0
20;NL:Q:41720650;Sportpark Zuid;Doetinchem;4,4;4,3;0,0;0,0;0,0;0,0
20;NL:Q:41720670;Zuivelweg;Doetinchem;10,8;3,1;0,0;0,0;0,0;0,0
20;NL:Q:41720680;Zuivelweg;Doetinchem;1,8;9,8;0,0;0,0;0,0;0,0
20;NL:Q:41720690;Slotlaan;Doetinchem;0,0;0,1;0,0;0,0;0,0;0,0
20;NL:Q:41720830;Schavenweide;Doetinchem;0,0;0,0;0,0;0,0;0,0;0,0
20;NL:Q:41720840;Schavenweide;Doetinchem;0,5;0,7;0,0;0,0;0,0;0,0
20;NL:Q:41720860;Jindo;Doetinchem;0,0;0,0;0,0;0,0;0,0;0,0
20;NL:Q:41720880;Zuivelweg/Mackaylaan;Doetinchem;0,0;0,0;0,0;0,0;0,0;0,0
20;NL:Q:41721050;Watertoren;Doetinchem;14,1;6,9;2,7;2,9;1,1;1,5
20;NL:Q:41721060;Watertoren;Doetinchem;3,9;16,5;0,2;0,3;0,0;0,0
20;NL:Q:41721090;Station;Doetinchem;0,0;0,0;0,0;0,0;0,0;0,0
20;NL:Q:41721100;Station;Doetinchem;181,1;4,1;43,4;0,0;23,0;0,0
20;NL:Q:41721101;Station;Doetinchem;605,1;12,1;100,9;4,1;47,4;2,7
20;NL:Q:41721102;Station;Doetinchem;174,3;1,6;29,5;0,0;25,0;0,0
20;NL:Q:41721103;Station;Doetinchem;14,3;0,0;0,0;0,0;0,0;0,0
20;NL:Q:41721104;Station;Doetinchem;27,3;0,0;60,9;0,0;44,1;0,2
20;NL:Q:41721110;Gemeentehuis;Doetinchem;57,3;12,3;15,9;3,6;6,7;1,1
20;NL:Q:41721120;Gemeentehuis;Doetinchem;11,7;55,2;3,2;19,6;0,6;6,8
20;NL:Q:41721130;2e Loolaan;Doetinchem;38,5;47,1;5,5;1,6;2,8;0,4
20;NL:Q:41721140;2e Loolaan;Doetinchem;45,7;58,5;0,9;6,2;0,2;3,1
20;NL:Q:41721160;Den Ooiman;Doetinchem;9,4;6,0;1,2;1,5;0,2;0,4
20;NL:Q:41723030;Loolaan;Doetinchem;18,1;31,0;1,6;2,0;1,3;1,7
20;NL:Q:41723040;Loolaan;Doetinchem;25,0;19,6;1,4;2,0;1,0;1,0
20;NL:Q:41723050;Slingeland Ziekenhuis;Doetinchem;15,0;25,6;3,4;5,4;3,4;2,6
20;NL:Q:41723060;Slingeland Ziekenhuis;Doetinchem;25,5;16,3;5,3;3,2;3,4;2,8
20;NL:Q:41723070;Slingeland Zkh. Hoofdingang;Doetinchem;1,1;0,4;0,0;0,0;0,0;0,0
20;NL:Q:41723080;'t Anker;Doetinchem;0,3;0,5;0,0;0,0;0,0;0,0
20;NL:Q:41723110;Kruisberg;Doetinchem;18,1;5,3;2,7;1,7;3,5;0,8
20;NL:Q:41723120;Kruisberg;Doetinchem;4,1;21,7;1,6;3,9;0,8;2,1
20;NL:Q:41723160;Bunderhorst;Doetinchem;0,0;0,0;0,0;0,0;0,0;0,0
20;NL:Q:41723170;Bunderhorst;Doetinchem;0,4;0,4;0,0;0,0;0,0;0,0
20;NL:Q:41723530;Station De Huet;Doetinchem;0,3;1,0;0,0;0,0;0,0;0,0
20;NL:Q:41723550;De Bongerd;Doetinchem;0,0;0,0;0,0;0,0;0,0;0,0
20;NL:Q:41723570;Kersenbloesem;Doetinchem;0,0;0,0;0,0;0,0;0,0;0,0
20;NL:Q:41723590;Kruidenlaan;Doetinchem;0,0;0,1;0,0;0,0;0,0;0,0
20;NL:Q:41723630;Bedrijventerrein;Doetinchem;1,4;10,2;0,0;0,1;0,1;0,1
20;NL:Q:41723640;Bedrijventerrein;Doetinchem;8,3;1,6;0,1;0,1;0,0;0,0
20;NL:Q:41723650;Woonboulevard;Doetinchem;1,5;8,0;0,6;1,6;0,5;0,3
20;NL:Q:41723660;Woonboulevard;Doetinchem;7,4;1,5;1,3;0,5;0,4;0,5
20;NL:Q:41730030;Tolbrug;Toldijk;1,0;0,4;0,3;0,2;0,2;0,0
20;NL:Q:41730040;Tolbrug;Toldijk;0,5;1,1;0,3;0,4;0,1;0,4
20;NL:Q:41730050;Lamstraat;Toldijk;0,1;0,3;0,0;0,1;0,1;0,1
20;NL:Q:41730060;Lamstraat;Toldijk;0,2;0,2;0,0;0,3;0,0;0,0
20;NL:Q:41730070;Zonnebrug;Toldijk;1,1;0,3;0,3;0,0;0,1;0,0
20;NL:Q:41730080;Zonnebrug;Toldijk;0,2;1,3;0,1;0,3;0,0;0,1
20;NL:Q:41730100;Cafe Den Bremer;Toldijk;2,6;2,8;1,3;1,8;0,6;1,0
20;NL:Q:41740010;Rustoordlaan;Eefde;2,3;1,8;1,2;1,2;0,8;0,7
20;NL:Q:41740020;Rustoordlaan;Eefde;2,0;3,9;1,4;2,8;0,8;1,7
20;NL:Q:41740030;Het Spijk;Eefde;3,9;7,3;2,8;3,3;1,4;1,6
20;NL:Q:41740031;Het Spijk;Eefde;8,5;4,2;3,9;3,0;2,3;2,0
20;NL:Q:41740050;Het Hart;Eefde;10,2;9,7;4,2;4,4;3,1;2,3
20;NL:Q:41740060;Het Hart;Eefde;10,6;10,5;4,6;4,9;2,5;3,6
20;NL:Q:41740070;Teenkweg;Eefde;4,1;3,2;1,1;1,9;0,8;0,7
20;NL:Q:41740080;Teenkweg;Eefde;3,5;4,4;2,2;1,4;0,8;0,8
20;NL:Q:41740110;Vredenhof;Eefde;0,5;0,6;0,1;0,2;0,1;0,2
20;NL:Q:41740120;Vredenhof;Eefde;0,4;0,7;0,3;0,3;0,1;0,1
20;NL:Q:41740130;Quatre Bras;Eefde;2,2;3,1;1,0;2,4;0,6;0,9
20;NL:Q:41740140;Quatre Bras;Eefde;2,9;2,6;1,4;1,6;1,2;1,1
20;NL:Q:41740150;Kerkhof;Gorssel;1,3;1,2;0,5;0,7;0,4;0,5
20;NL:Q:41761009;Station Voorst-Empe;Voorst;0,0;0,0;0,0;0,0;0,0;0,0
20;NL:Q:41770010;Vunderingweg;Almen;0,6;0,0;0,3;0,1;0,0;0,0
20;NL:Q:41770030;Almense Brug;Almen;1,7;0,0;0,4;0,0;0,0;0,0
20;NL:Q:41770040;Almense Brug;Almen;0,1;2,0;0,0;0,6;0,0;0,0
20;NL:Q:41770050;Keyenbeltsweg;Almen;0,1;0,0;0,2;0,0;0,0;0,0
20;NL:Q:41770060;Keyenbeltsweg;Almen;0,0;0,2;0,0;0,1;0,0;0,0
20;NL:Q:41770070;Het Mastler;Eefde;1,8;0,1;1,5;0,0;0,0;0,0
20;NL:Q:41770080;Het Mastler;Eefde;0,2;2,1;0,0;1,6;0,0;0,0
20;NL:Q:41770090;De Uitrusting;Eefde;0,9;0,1;0,3;0,1;0,0;0,0
20;NL:Q:41770100;De Uitrusting;Eefde;0,1;1,6;0,2;1,0;0,0;0,0
20;NL:Q:41770110;Crematorium;Warnsveld;0,0;0,1;0,0;0,2;0,0;0,0
20;NL:Q:41770120;Crematorium;Warnsveld;0,7;0,1;0,5;0,1;0,0;0,0
20;NL:Q:41780010;Hoofdstraat;Kilder;0,0;0,1;0,0;0,0;0,0;0,0
20;NL:Q:41780020;Hoofdstraat;Kilder;0,1;0,1;0,0;0,0;0,0;0,0
20;NL:Q:41780030;Dorp;Kilder;0,0;0,1;0,0;0,0;0,0;0,0
20;NL:Q:41780040;Dorp;Kilder;0,0;0,0;0,0;0,0;0,0;0,0
20;NL:Q:41790030;Busstation;'S-Heerenberg;106,2;103,4;41,0;39,4;25,8;24,0
20;NL:Q:41790070;Busstation;'s-Heerenberg;3,9;0,8;0,0;0,0;0,0;0,0
20;NL:Q:41790080;Maria van Nassaulaan;'S-Heerenberg;26,8;31,0;13,3;13,6;8,3;8,3
20;NL:Q:41790100;Hangaarts;'S-Heerenberg;39,5;40,0;11,0;12,6;6,9;7,4
20;NL:Q:41790110;Hangaarts;'S-Heerenberg;0,0;0,0;0,0;0,0;0,0;0,0
20;NL:Q:41790130;Tolhuis;Zeddam;0,9;3,3;0,3;1,1;0,3;0,6
20;NL:Q:41790140;Tolhuis;Zeddam;3,1;0,7;1,1;0,4;0,8;0,3
20;NL:Q:41790150;Hertenkamp;Zeddam;2,9;11,5;2,4;7,6;1,2;3,2
20;NL:Q:41790160;Hertenkamp;Zeddam;11,5;2,5;8,5;2,1;3,7;0,8
20;NL:Q:41790190;Kilderseweg;Zeddam;0,3;2,7;0,3;2,5;0,3;1,4
20;NL:Q:41790200;Kilderseweg;Zeddam;1,8;0,3;1,6;0,3;0,9;0,5
20;NL:Q:41796010;Dorp;Stokkum;0,2;0,0;0,0;0,0;0,0;0,0
20;NL:Q:41796020;Dorp;Stokkum;0,6;0,4;0,0;0,0;0,0;0,0
20;NL:Q:41796030;Slotlaan;'S-Heerenberg;0,3;0,1;0,0;0,0;0,0;0,0
20;NL:Q:41796040;Slotlaan;'S-Heerenberg;0,1;0,4;0,0;0,0;0,0;0,0
20;NL:Q:41796050;'t Goor;'S-Heerenberg;0,8;0,1;0,0;0,0;0,0;0,0
20;NL:Q:41796060;'t Goor;'S-Heerenberg;0,1;0,9;0,0;0,0;0,0;0,0
20;NL:Q:41796070;De Kapelhoek;'S-Heerenberg;1,2;0,1;0,0;0,0;0,0;0,0
20;NL:Q:41796080;De Kapelhoek;'S-Heerenberg;0,4;1,6;0,0;0,0;0,0;0,0
20;NL:Q:41796110;Lange Heg;Stokkum;0,1;0,0;0,0;0,0;0,0;0,0
20;NL:Q:41796120;Lange Heg;Stokkum;0,0;0,3;0,0;0,0;0,0;0,0
20;NL:Q:41800070;Kasteel Slangenburg;Slangenburg;1,2;0,4;0,0;0,0;0,0;0,0
20;NL:Q:41800080;Kasteel Slangenburg;Slangenburg;0,3;1,6;0,0;0,0;0,0;0,0
20;NL:Q:41820010;De Hamaker;Terborg;0,4;1,6;0,0;0,0;0,0;0,0
20;NL:Q:41820030;Cafe Hartjes;Gaanderen;0,3;0,8;0,0;0,0;0,0;0,0
20;NL:Q:41820040;Cafe Hartjes;Gaanderen;0,4;0,4;0,0;0,0;0,0;0,0
20;NL:Q:41820050;Winkelcentrum;Gaanderen;0,7;3,2;0,0;0,0;0,0;0,0
20;NL:Q:41820060;Winkelcentrum;Gaanderen;2,0;0,9;0,0;0,0;0,0;0,0
20;NL:Q:41820070;Slakweg;Gaanderen;0,8;0,3;0,0;0,0;0,0;0,0
20;NL:Q:41820080;Slakweg;Gaanderen;0,0;1,4;0,0;0,0;0,0;0,0
20;NL:Q:41820090;De Pol;Doetinchem;0,3;0,3;0,0;0,0;0,0;0,0
20;NL:Q:41820100;De Pol;Doetinchem;0,4;0,4;0,0;0,0;0,0;0,0
20;NL:Q:41820130;McDonald's;Doetinchem;8,1;5,4;1,6;2,3;1,1;1,0
20;NL:Q:41820140;McDonald's;Doetinchem;6,2;8,8;2,3;2,2;1,1;0,9
20;NL:Q:41870010;Voormalig Station;Almen;0,8;0,0;0,2;0,0;0,0;0,0
20;NL:Q:41870030;Hogenkampsweg;Almen;2,5;0,3;2,1;0,2;0,0;0,0
20;NL:Q:41870040;Hogenkampsweg;Almen;0,3;2,5;0,4;2,2;0,0;0,0
20;NL:Q:41870050;De Ehze;Almen;0,4;0,2;0,4;0,0;0,0;0,0
20;NL:Q:41870060;De Ehze;Almen;0,2;0,6;0,0;0,7;0,0;0,0
20;NL:Q:41870070;Groot Have;Almen;0,8;0,0;0,3;0,0;0,0;0,0
20;NL:Q:41870080;Groot Have;Almen;0,0;0,9;0,1;0,7;0,0;0,0
20;NL:Q:41870100;De Hoofdige Boer;Almen;2,9;3,0;2,6;2,6;0,0;0,0
20;NL:Q:41870110;Van Wassenaerlaan;Almen;6,8;0,1;3,6;0,0;0,0;0,0
20;NL:Q:41870120;Van Wassenaerlaan;Almen;0,3;6,7;0,3;3,9;0,0;0,0
20;NL:Q:41870140;Vunderingweg;Almen;0,0;0,6;0,1;0,6;0,0;0,0
20;NL:Q:41880010;Laakweg;Azewijn;0,1;0,7;0,0;0,0;0,0;0,0
20;NL:Q:41880020;Laakweg;Azewijn;0,1;0,5;0,0;0,0;0,0;0,0
20;NL:Q:41890050;Buiting;Braamt;0,7;6,1;0,5;7,0;0,2;2,9
20;NL:Q:41890060;Buiting;Braamt;6,7;0,7;7,4;0,6;5,8;0,3
20;NL:Q:41890090;Stroombroek;Braamt;0,9;5,5;0,8;3,4;0,8;2,0
20;NL:Q:41890100;Stroombroek;Wijnbergen;4,7;1,1;2,9;0,9;2,5;0,7
20;NL:Q:41900050;Boesvelderdijk;Westendorp;4,1;2,9;0,0;0,0;0,0;0,0
20;NL:Q:41900060;Boesvelderdijk;Westendorp;3,1;4,5;0,0;0,0;0,0;0,0
20;NL:Q:41910070;Markt;Zelhem;31,4;9,8;11,8;3,7;7,4;2,4
20;NL:Q:41910080;Markt;Zelhem;10,2;31,9;6,5;12,6;4,8;9,3
20;NL:Q:41910110;Stikkenweg;Zelhem;4,8;14,0;1,0;3,4;0,9;1,6
20;NL:Q:41910120;Stikkenweg;Zelhem;14,4;4,8;3,8;0,9;1,2;0,6
20;NL:Q:41910150;Schildersoord;Zelhem;3,2;6,4;0,9;1,6;1,4;1,2
20;NL:Q:41910160;Schildersoord;Zelhem;7,2;3,1;2,0;1,0;0,8;0,9
20;NL:Q:41910310;Zonnekamp;Zelhem;0,1;0,1;0,0;0,0;0,0;0,0
20;NL:Q:41911010;Kerkwijk;Zelhem;0,0;0,0;0,0;0,0;0,0;0,0
20;NL:Q:41911020;Kerkwijk;Zelhem;0,0;0,0;0,0;0,0;0,0;0,0
20;NL:Q:41911100;Dennenhoeve;Zelhem;0,0;0,0;0,0;0,0;0,0;0,0
20;NL:Q:41911110;De Betteld;Zelhem;0,1;0,1;0,0;0,0;0,0;0,0
20;NL:Q:41911120;De Betteld;Zelhem;0,0;0,0;0,0;0,0;0,0;0,0
20;NL:Q:41920050;Slingerparallel;Etten;9,1;2,4;2,7;1,3;1,9;0,6
20;NL:Q:41920060;Slingerparallel;Etten;2,0;9,3;1,3;2,6;0,8;1,6
20;NL:Q:41920090;Ulftsestraat;Terborg/Silvolde;0,0;0,1;0,0;0,0;0,0;0,0
20;NL:Q:41920100;Ulftsestraat;Terborg/Silvolde;0,1;0,0;0,0;0,0;0,0;0,0
20;NL:Q:41920210;De Schuylenburgh;Silvolde;0,2;0,3;0,0;0,0;0,0;0,0
20;NL:Q:41920250;Galgenberg;Silvolde;0,1;0,2;0,0;0,0;0,0;0,0
20;NL:Q:41920260;Galgenberg;Silvolde;0,3;0,2;0,0;0,0;0,0;0,0
20;NL:Q:41920270;Roomberg;Silvolde;0,1;0,1;0,0;0,0;0,0;0,0
20;NL:Q:41920280;Roomberg;Silvolde;0,0;0,1;0,0;0,0;0,0;0,0
20;NL:Q:41920290;Markt;Silvolde;0,1;0,2;0,0;0,0;0,0;0,0
20;NL:Q:41920300;Markt;Silvolde;0,1;0,1;0,0;0,0;0,0;0,0
20;NL:Q:41920310;De Lovink;Terborg;1,1;1,1;0,0;0,0;0,0;0,0
20;NL:Q:41920320;De Lovink;Terborg;1,4;1,1;0,0;0,0;0,0;0,0
20;NL:Q:41920330;Politiebureau;Terborg;0,5;0,5;0,0;0,0;0,0;0,0
20;NL:Q:41920340;Politiebureau;Terborg;0,3;2,3;0,0;0,0;0,0;0,0
20;NL:Q:41920350;Station;Terborg;5,6;12,6;0,0;0,0;0,0;0,0
20;NL:Q:41920352;Station;Terborg;9,6;3,9;0,0;0,0;0,0;0,0
20;NL:Q:41920360;Kerk;Terborg;0,2;0,0;0,0;0,0;0,0;0,0
20;NL:Q:41920370;Kerk;Terborg;0,0;0,1;0,0;0,0;0,0;0,0
20;NL:Q:41920380;Antonia;Terborg;0,4;0,4;0,0;0,0;0,0;0,0
20;NL:Q:41920400;De Kameleon;Terborg;0,1;0,0;0,0;0,0;0,0;0,0
20;NL:Q:41920410;De Kameleon;Terborg;0,0;0,1;0,0;0,0;0,0;0,0
20;NL:Q:41920420;De Hamaker;Terborg;1,1;0,5;0,0;0,0;0,0;0,0
20;NL:Q:41920470;De Belterman;Silvolde;0,7;12,6;0,0;0,0;0,0;0,0
20;NL:Q:41920480;De Belterman;Silvolde;14,3;0,8;0,0;0,0;0,0;0,0
20;NL:Q:41920500;Doctor Dreesstraat;Silvolde;4,7;0,9;0,0;0,0;0,0;0,0
20;NL:Q:41920520;Doctor Dreesstraat;Silvolde;0,9;4,2;0,0;0,0;0,0;0,0
20;NL:Q:41970050;Dorpsstraat;Laren;16,4;22,3;7,0;12,8;6,6;3,5
20;NL:Q:41970060;Dorpsstraat;Laren;18,9;17,1;7,4;7,3;2,6;4,7
20;NL:Q:41970090;Maalderij Jansen;Laren;3,1;1,6;1,0;0,2;0,7;0,4
20;NL:Q:41970100;Maalderij Jansen;Laren;2,6;2,8;0,9;1,0;0,6;0,7
20;NL:Q:41970110;Slootsmid;Laren;0,2;0,2;0,3;0,0;0,0;0,0
20;NL:Q:41970120;Slootsmid;Laren;0,3;0,3;0,2;0,3;0,0;0,0
20;NL:Q:41970130;Lindenbergsedijk;Laren;0,0;0,0;0,1;0,1;0,0;0,0
20;NL:Q:41970140;Lindenbergsedijk;Laren;0,0;0,1;0,0;0,1;0,0;0,0
20;NL:Q:41970150;Rossweg;Laren;0,7;0,0;0,2;0,0;0,0;0,0
20;NL:Q:41970160;Rossweg;Laren;0,1;0,7;0,0;0,4;0,0;0,0
20;NL:Q:41970170;Markeloseweg;Laren;0,0;0,7;0,0;0,7;0,0;0,0
20;NL:Q:41970180;Voormalig Station;Almen;0,0;0,8;0,0;0,6;0,0;0,0
20;NL:Q:41972000;Markeloseweg;Laren;1,0;0,0;0,5;0,0;0,0;0,0
20;NL:Q:42020030;Almende College;Ulft;1,7;2,6;0,0;0,0;0,0;0,0
20;NL:Q:42020050;Berghseweg;Ulft;35,9;0,4;7,5;0,4;6,1;0,5
20;NL:Q:42020060;Berghseweg;Ulft;0,6;32,2;0,4;8,5;0,5;4,2
20;NL:Q:42020070;Debbeshoek;Ulft;29,7;1,7;11,0;1,0;5,9;0,6
20;NL:Q:42020080;Debbeshoek;Ulft;1,4;29,7;0,8;11,8;0,3;7,3
20;NL:Q:42020090;DRU Industriepark;Ulft;2,2;33,6;9,0;11,8;5,8;6,2
20;NL:Q:42020100;DRU Industriepark;Ulft;31,9;0,8;1,9;0,0;0,0;0,0
20;NL:Q:42020110;Thorbeckestraat;Ulft;9,8;0,2;3,2;0,2;1,4;0,1
20;NL:Q:42020120;Thorbeckestraat;Ulft;0,1;10,3;0,1;3,4;0,1;1,6
20;NL:Q:42020130;Kerk Ulft Noord;Ulft;20,9;0,3;6,8;0,2;2,7;0,1
20;NL:Q:42020140;Kerk Ulft Noord;Ulft;0,3;20,9;0,1;6,6;0,0;3,4
20;NL:Q:42020160;Riezenweg;Ulft;0,9;8,7;0,8;1,2;0,6;0,8
20;NL:Q:42020190;Keurkamer;Ulft;0,0;0,1;0,0;0,0;0,0;0,0
20;NL:Q:42020210;Riezenweg;Ulft;7,3;0,7;0,1;0,0;0,0;0,0
20;NL:Q:42020220;Ulftseweg;Bontebrug;0,1;0,3;0,0;0,0;0,0;0,0
20;NL:Q:42020230;Ulftseweg;Bontebrug;0,0;0,1;0,0;0,0;0,0;0,0
20;NL:Q:42021010;Rijnweg;Gendringen;17,5;2,7;5,2;0,4;3,0;0,0
20;NL:Q:42021020;Rijnweg;Gendringen;0,5;18,1;0,0;5,5;0,0;2,7
20;NL:Q:42021030;Wesenthorstlaan;Ulft;16,5;0,1;3,0;0,1;1,7;0,1
20;NL:Q:42021040;Wesenthorstlaan;Ulft;0,2;15,2;0,1;3,4;0,0;1,8
20;NL:Q:42021120;Weg achter de Blenk;Oude IJsselstreek;0,5;1,2;0,0;0,0;0,0;0,0
20;NL:Q:42021150;Weg achter de Blenk;Oude IJsselstreek;1,3;0,5;0,0;0,0;0,0;0,0
20;NL:Q:42026030;Dorp;Varsselder;0,0;0,2;0,0;0,0;0,0;0,0
20;NL:Q:42026040;Dorp;Varsselder;0,1;0,7;0,0;0,0;0,0;0,0
20;NL:Q:42026050;Ter Voert;Megchelen;0,4;0,0;0,0;0,0;0,0;0,0
20;NL:Q:42026070;Kerkplein;Gendringen;51,3;46,0;14,5;12,7;8,5;7,7
20;NL:Q:42210010;Brokkenstraat;Breedenbroek;0,7;0,0;0,1;0,0;0,0;0,0
20;NL:Q:42210030;Hebinck;Breedenbroek;2,6;0,2;0,7;0,0;0,2;0,0
20;NL:Q:42210040;Hebinck;Breedenbroek;0,0;3,3;0,0;0,6;0,0;0,2
20;NL:Q:42210050;Weg naar De Heurne;Dinxperlo;9,3;0,1;2,7;0,0;1,1;0,0
20;NL:Q:42210051;Weg naar De Heurne;Dinxperlo;0,1;10,7;0,0;2,9;0,0;1,0
20;NL:Q:42210060;Weg naar De Heurne;Dinxperlo;0,8;2,6;0,0;0,0;0,0;0,0
20;NL:Q:42210070;Groene Kruis;Dinxperlo;13,7;0,2;3,0;0,0;2,0;0,0
20;NL:Q:42210071;Groene Kruis;Dinxperlo;0,0;17,5;0,0;3,4;0,0;2,2
20;NL:Q:42210090;Willem van Oranjeplein;Dinxperlo;2,3;0,0;9,6;0,0;6,2;0,0
20;NL:Q:42210091;Willem van Oranjeplein;Dinxperlo;52,7;49,0;0,0;9,6;0,0;5,3
20;NL:Q:42210290;De Prins;Breedenbroek;0,0;0,0;0,0;0,0;0,0;0,0
20;NL:Q:42210300;De Prins;Breedenbroek;0,0;0,0;0,0;0,0;0,0;0,0
20;NL:Q:42211310;De Kroeze;Breedenbroek;0,0;0,0;0,0;0,0;0,0;0,0
20;NL:Q:42211320;De Kroeze;Breedenbroek;0,0;0,0;0,0;0,0;0,0;0,0
20;NL:Q:42213010;Bohnenweide;Breedenbroek;1,2;0,1;0,1;0,0;0,3;0,0
20;NL:Q:42213020;Bohnenweide;Breedenbroek;0,0;1,2;0,0;0,6;0,0;0,3
20;NL:Q:42213110;Kerk;De Heurne;0,1;0,6;0,0;0,0;0,0;0,0
20;NL:Q:42213120;Kerk;De Heurne;0,1;0,3;0,0;0,0;0,0;0,0
20;NL:Q:42213160;Bruggink;De Heurne;0,2;0,3;0,0;0,0;0,0;0,0
20;NL:Q:42213170;Bruggink;De Heurne;0,1;0,4;0,0;0,0;0,0;0,0
20;NL:Q:42220017;Centrum;Aalten;0,3;0,1;0,0;0,0;0,0;0,0
20;NL:Q:42220018;Centrum;Aalten;0,0;0,4;0,0;0,0;0,0;0,0
20;NL:Q:42220019;Zonneheuvel;Aalten;0,2;0,1;0,0;0,0;0,0;0,0
20;NL:Q:42220020;Zonneheuvel;Aalten;0,0;0,3;0,0;0,0;0,0;0,0
20;NL:Q:42220021;'t Walfort;Aalten;0,0;0,4;0,0;0,0;0,0;0,0
20;NL:Q:42220022;'t Walfort;Aalten;0,0;0,0;0,0;0,0;0,0;0,0
20;NL:Q:42220023;Tramstraat;Breedevoort;0,2;1,1;0,0;0,0;0,0;0,0
20;NL:Q:42220024;Tramstraat;Breedevoort;0,1;0,2;0,0;0,0;0,0;0,0
20;NL:Q:42220110;De Pol;Aalten;0,1;0,0;0,0;0,0;0,0;0,0
20;NL:Q:42220120;De Pol;Aalten;0,0;0,1;0,0;0,0;0,0;0,0
20;NL:Q:42220130;Ludgerstraat;Aalten;0,0;0,0;0,0;0,0;0,0;0,0
20;NL:Q:42220140;Ludgerstraat;Aalten;0,0;0,1;0,0;0,0;0,0;0,0
20;NL:Q:42220150;Station;Aalten;8,3;0,6;0,0;0,0;0,0;0,0
20;NL:Q:42220170;Admiraal de Ruyterstraat;Aalten;0,0;0,5;0,0;0,0;0,0;0,0
20;NL:Q:42220180;Admiraal de Ruyterstraat;Aalten;0,3;0,0;0,0;0,0;0,0;0,0
20;NL:Q:42220290;Dijkstraat;Aalten;0,2;0,4;0,0;0,0;0,0;0,0
20;NL:Q:42340010;Domme Aanleg;Barlo;0,0;0,1;0,0;0,0;0,0;0,0
20;NL:Q:42340020;Domme Aanleg;Barlo;0,0;0,1;0,0;0,0;0,0;0,0
20;NL:Q:42400010;Kwekerij Gelria;Winterswijk;0,2;0,4;0,0;0,1;0,0;0,0
20;NL:Q:42400090;De Harmonie;Winterswijk;14,1;1,3;0,6;0,1;0,0;0,0
20;NL:Q:42400100;De Harmonie;Winterswijk;1,1;14,7;0,1;0,6;0,0;0,0
20;NL:Q:42400110;De Peperbus;Winterswijk;0,8;17,6;0,0;3,8;0,0;0,0
20;NL:Q:42400120;De Peperbus;Winterswijk;17,2;0,9;2,9;0,1;0,0;0,0
20;NL:Q:42400130;Ziekenhuis;Winterswijk;11,2;1,9;0,9;0,4;0,0;0,0
20;NL:Q:42400140;Ziekenhuis;Winterswijk;1,7;13,5;0,2;0,9;0,0;0,0
20;NL:Q:42400190;Busstation;Winterswijk;60,0;0,1;5,3;0,0;0,0;0,0
20;NL:Q:42400470;De Driemark;Winterswijk;4,5;2,1;0,4;0,1;0,0;0,0
20;NL:Q:42400480;De Driemark;Winterswijk;0,7;4,7;0,0;1,1;0,0;0,0
20;NL:Q:42400590;Pelkwijk;Winterswijk;4,5;5,9;0,5;0,1;0,0;0,0
20;NL:Q:42400600;Pelkwijk;Winterswijk;3,5;4,2;0,2;0,4;0,0;0,0
20;NL:Q:42400630;Kloetenseweg;Winterswijk;7,3;5,7;0,7;0,3;0,0;0,0
20;NL:Q:42400640;Kloetenseweg;Winterswijk;6,1;8,9;0,4;0,5;0,0;0,0
20;NL:Q:42400650;Vredensehof;Winterswijk;10,4;4,2;0,8;0,8;0,0;0,0
20;NL:Q:42400660;Vredensehof;Winterswijk;4,1;9,9;0,3;1,0;0,0;0,0
20;NL:Q:42400692;Jaspersweg;Winterswijk;0,5;4,9;0,3;0,5;0,0;0,0
20;NL:Q:42400693;Jaspersweg;Winterswijk;4,9;0,8;0,4;0,1;0,0;0,0
20;NL:Q:42500070;Weg naar Meddo;Meddo;0,1;1,3;0,0;0,1;0,0;0,0
20;NL:Q:42500080;Weg naar Meddo;Meddo;1,2;0,1;0,0;0,0;0,0;0,0
20;NL:Q:42500120;Kwekerij Gelria;Winterswijk;0,3;0,2;0,0;0,0;0,0;0,0
20;NL:Q:42510010;Kroezenhoek;Kroezenhoek;0,1;0,6;0,0;0,0;0,0;0,0
20;NL:Q:42510020;Marmelhorstweg;Breedenbroek;0,0;0,0;0,2;0,0;0,0;0,0
20;NL:Q:42510030;Marmelhorst;Kroezenhoek;0,0;0,8;0,0;0,0;0,0;0,0
20;NL:Q:42510040;Marmelhorst;Kroezenhoek;0,9;0,0;0,0;0,0;0,0;0,0
20;NL:Q:42510050;Marmelhorstweg;Breedenbroek;0,0;0,1;0,0;0,2;0,0;0,3
20;NL:Q:42510060;Brokkenstraat;Breedenbroek;0,0;0,2;0,0;0,1;0,0;0,0
20;NL:Q:42510230;Keurhorsterweg;Sinderen;0,0;0,1;0,0;0,0;0,0;0,0
20;NL:Q:42510240;Keurhorsterweg;Sinderen;0,0;0,0;0,0;0,0;0,0;0,0
20;NL:Q:42510270;Luimesweg;Sinderen;0,0;0,0;0,0;0,0;0,0;0,0
20;NL:Q:42510280;Luimesweg;Sinderen;0,0;0,0;0,0;0,0;0,0;0,0
20;NL:Q:42510310;Klok;Sinderen;0,1;0,6;0,0;0,0;0,0;0,0
20;NL:Q:42510320;Klok;Sinderen;0,6;0,0;0,0;0,0;0,0;0,0
20;NL:Q:42610060;Kroezenhoek;Kroezenhoek;0,5;0,2;0,0;0,0;0,0;0,0
20;NL:Q:43000010;Centraal Station;Enschede;102,9;187,7;0,0;0,0;0,0;0,0
20;NL:Q:43000011;Centraal Station;Enschede;84,3;0,1;0,0;0,0;0,0;0,0
20;NL:Q:43000050;MST Haaksbergerstraat;Enschede;0,3;1,2;0,0;0,0;0,0;0,0
20;NL:Q:43001830;Rabobank;Enschede;4,7;2,5;0,0;0,0;0,0;0,0
20;NL:Q:43001840;Rabobank;Enschede;3,0;3,9;0,0;0,0;0,0;0,0
20;NL:Q:43001850;P+R Zuiderval;Enschede;14,9;2,6;0,0;0,0;0,0;0,0
20;NL:Q:43001860;P+R Zuiderval;Enschede;5,3;17,4;0,0;0,0;0,0;0,0
20;NL:Q:43130010;Platinastraat;Hengelo;1,9;5,3;0,0;0,0;0,0;0,0
20;NL:Q:43130030;Bellersweg;Beckum;0,0;0,3;0,0;0,0;0,0;0,0
20;NL:Q:43130040;Bellersweg;Beckum;0,2;0,0;0,0;0,0;0,0;0,0
20;NL:Q:43130050;Sluitersdijk;Beckum;0,1;0,1;0,0;0,0;0,0;0,0
20;NL:Q:43130060;Sluitersdijk;Beckum;0,1;0,1;0,0;0,0;0,0;0,0
20;NL:Q:43130080;Wolfkaterweg;Beckum;1,6;0,1;0,0;0,0;0,0;0,0
20;NL:Q:43130090;R.K. Kerk;Beckum;0,5;2,2;0,0;0,0;0,0;0,0
20;NL:Q:43130100;R.K. Kerk;Beckum;0,7;0,6;0,0;0,0;0,0;0,0
20;NL:Q:43130140;Bentelerweg;Beckum;0,1;0,0;0,0;0,0;0,0;0,0
20;NL:Q:43210850;Lansinkesweg;Hengelo;7,2;0,8;0,0;0,0;0,0;0,0
20;NL:Q:43211019;Centraal Station;Hengelo;53,7;0,0;0,0;0,0;0,0;0,0
20;NL:Q:43211021;Centraal Station;Hengelo;0,0;47,8;0,0;0,0;0,0;0,0
20;NL:Q:43212810;Buitenweg;Hengelo;0,5;1,0;0,0;0,0;0,0;0,0
20;NL:Q:43212830;Geerdinksweg;Hengelo;0,5;0,7;0,0;0,0;0,0;0,0
20;NL:Q:43212840;Geerdinksweg;Hengelo;0,9;0,3;0,0;0,0;0,0;0,0
20;NL:Q:43212850;IJsselstraat;Hengelo;0,5;1,1;0,0;0,0;0,0;0,0
20;NL:Q:43212860;IJsselstraat;Hengelo;1,1;0,7;0,0;0,0;0,0;0,0
20;NL:Q:43212870;Vockersweg;Hengelo;0,2;5,4;0,0;0,0;0,0;0,0
20;NL:Q:43212880;Vockersweg;Hengelo;4,5;0,2;0,0;0,0;0,0;0,0
20;NL:Q:43212900;Platinastraat;Hengelo;4,4;1,4;0,0;0,0;0,0;0,0
20;NL:Q:43212910;Dieselstraat;Hengelo;1,3;0,5;0,0;0,0;0,0;0,0
20;NL:Q:43212920;Dieselstraat;Hengelo;0,4;0,6;0,0;0,0;0,0;0,0
20;NL:Q:43230010;Bentelerweg;Stepelo;0,0;0,1;0,0;0,0;0,0;0,0
20;NL:Q:43230030;Beckummerweg;Stepelo;0,0;0,3;0,0;0,0;0,0;0,0
20;NL:Q:43230040;Beckummerweg;Stepelo;0,2;0,0;0,0;0,0;0,0;0,0
20;NL:Q:43230050;Deelweg;Stepelo;0,0;0,3;0,0;0,0;0,0;0,0
20;NL:Q:43230060;Deelweg;Stepelo;0,4;0,0;0,0;0,0;0,0;0,0
20;NL:Q:43230070;Hulstweg;Stepelo;0,0;0,2;0,0;0,0;0,0;0,0
20;NL:Q:43230080;Hulstweg;Stepelo;0,3;0,1;0,0;0,0;0,0;0,0
20;NL:Q:43230110;Metaalstraat;Haaksbergen;0,9;1,1;0,0;0,0;0,0;0,0
20;NL:Q:43230120;Metaalstraat;Haaksbergen;0,8;1,0;0,0;0,0;0,0;0,0
20;NL:Q:43230140;Veldmaterstraat;Haaksbergen;1,0;5,5;0,0;0,0;0,0;0,0
20;NL:Q:44010050;Wolfersveen;Zelhem;1,6;2,7;0,7;1,0;1,3;0,2
20;NL:Q:44010060;Wolfersveen;Zelhem;2,6;1,6;0,8;0,8;0,6;0,7
20;NL:Q:44010090;Het Zonnetje;Zelhem;0,7;1,3;0,2;0,7;0,4;0,3
20;NL:Q:44010100;Het Zonnetje;Wolfersveen;1,1;0,9;0,9;0,5;0,7;0,2
20;NL:Q:44020030;Generaalsweg;Heelweg;0,0;0,0;0,0;0,0;0,0;0,0
20;NL:Q:44020040;Generaalsweg;Heelweg;0,0;0,0;0,0;0,0;0,0;0,0
20;NL:Q:44020110;Aaltenseweg;Varsseveld;3,3;8,1;0,1;0,4;0,0;0,1
20;NL:Q:44020120;Aaltenseweg;Varsseveld;5,3;5,2;0,3;0,1;0,3;0,2
20;NL:Q:44020130;Den Es;Varsseveld;6,8;20,3;0,0;0,0;0,0;0,0
20;NL:Q:44020141;Den Es;Varsseveld;18,5;6,3;0,0;0,0;0,0;0,0
20;NL:Q:44020151;Prinsenhof;Varsseveld;0,0;0,0;0,0;0,0;0,0;0,0
20;NL:Q:44020161;Prinsenhof;Varsseveld;0,0;0,0;0,0;0,0;0,0;0,0
20;NL:Q:44020310;Duthler;Varsseveld;0,3;0,2;0,0;0,0;0,0;0,0
20;NL:Q:44020320;Duthler;Varsseveld;0,2;0,3;0,0;0,0;0,0;0,0
20;NL:Q:44021050;Station;Varsseveld;13,7;79,2;0,4;39,2;0,4;24,6
20;NL:Q:44021060;Station;Varsseveld;74,2;12,4;32,8;0,1;44,8;0,1
20;NL:Q:44022030;Twenteroute;Varsseveld;0,0;0,0;0,0;0,0;0,0;0,0
20;NL:Q:44030010;Sluiskes;Lintelo;0,1;0,3;0,0;0,0;0,0;0,0
20;NL:Q:44030020;Sluiskes;Lintelo;0,2;0,4;0,0;0,0;0,0;0,0
20;NL:Q:44300070;Blanckenborgh;Haaksbergen;0,1;0,2;0,0;0,0;0,0;0,0
20;NL:Q:44300110;Busstation;Haaksbergen;54,1;24,1;67,2;0,0;35,0;0,1
20;NL:Q:44300111;Busstation;Haaksbergen;1,7;0,0;0,0;0,0;0,0;0,0
20;NL:Q:44300112;Busstation;Haaksbergen;0,0;17,0;0,4;56,9;0,2;60,6
20;NL:Q:44300130;Lansinkstraat;Haaksbergen;1,0;0,4;0,6;0,2;0,7;0,0
20;NL:Q:44300140;Lansinkstraat;Haaksbergen;0,7;1,0;0,0;0,8;0,0;0,7
20;NL:Q:44300150;Scholtenhage;Haaksbergen;1,5;0,8;1,4;0,1;1,4;0,1
20;NL:Q:44300160;Scholtenhage;Haaksbergen;1,1;1,5;0,1;2,0;0,0;1,0
20;NL:Q:44300270;Wiedenbroeksingel;Haaksbergen;15,1;3,0;0,0;0,0;0,0;0,0
20;NL:Q:44300280;Wiedenbroeksingel;Haaksbergen;2,7;15,4;0,0;0,0;0,0;0,0
20;NL:Q:44300310;Mr. Eenhuisstraat;Haaksbergen;3,3;2,7;0,0;0,0;0,0;0,0
20;NL:Q:44300320;Mr. Eenhuisstraat;Haaksbergen;2,6;3,2;0,0;0,0;0,0;0,0
20;NL:Q:44301050;Veldmaterstraat;Haaksbergen;5,6;1,0;0,0;0,0;0,0;0,0
20;NL:Q:44340030;Staring College;Lochem;10,6;14,9;2,6;1,0;2,6;0,6
20;NL:Q:44340040;Staring College;Lochem;16,5;10,0;0,7;3,5;0,4;2,0
20;NL:Q:44340090;Vakantiepark Ruighenrode;Lochem;0,1;0,2;0,0;0,0;0,0;0,0
20;NL:Q:44410010;Kerkemeijer;Rekken;0,2;0,3;0,0;0,0;0,0;0,0
20;NL:Q:44410030;Lindevoort;Rekken;0,8;1,0;0,0;0,0;0,0;0,0
20;NL:Q:44410070;Doctor Slotlaan;Rekken;0,1;0,4;0,0;0,0;0,0;0,0
20;NL:Q:44410090;Camping Den Borg;Rekken;0,0;0,2;0,0;0,0;0,0;0,0
20;NL:Q:44410110;Cafe Rotering;Rekken;0,0;0,2;0,0;0,0;0,0;0,0
20;NL:Q:44500175;Busstation;Neede;0,0;0,0;0,0;0,2;0,0;0,0
20;NL:Q:44500177;Busstation;Neede;0,0;48,1;0,0;11,0;0,3;6,0
20;NL:Q:44500210;De Valkhof;Neede;0,1;0,0;0,0;0,0;0,0;0,0
20;NL:Q:44500220;De Valkhof;Neede;0,0;0,3;0,0;0,0;0,0;0,0
20;NL:Q:44500230;De Huikert;Neede;0,0;0,0;0,0;0,0;0,0;0,0
20;NL:Q:44500240;De Huikert;Neede;0,0;0,2;0,0;0,0;0,0;0,0
20;NL:Q:44500250;Christelijke School;Neede;0,1;0,0;0,0;0,0;0,0;0,0
20;NL:Q:44500260;Christelijke School;Neede;0,0;0,1;0,0;0,0;0,0;0,0
20;NL:Q:44500310;Diekmaatschool;Neede;8,1;0,1;0,8;0,0;0,4;0,0
20;NL:Q:44500320;Diekmaatschool;Neede;0,2;8,6;0,1;1,3;0,0;0,5
20;NL:Q:44500330;Rozenboom;Neede;0,0;0,7;0,0;0,1;0,0;0,0
20;NL:Q:44500340;Rozenboom;Neede;0,6;0,0;0,0;0,0;0,0;0,0
20;NL:Q:44500350;Hulshof;Eibergen;0,1;0,0;0,0;0,0;0,0;0,0
20;NL:Q:44500360;Hulshof;Eibergen;0,1;0,1;0,0;0,0;0,0;0,0
20;NL:Q:44500390;Peppeldijk;Eibergen;0,1;0,0;0,0;0,0;0,0;0,0
20;NL:Q:44500400;Peppeldijk;Eibergen;0,0;0,1;0,1;0,0;0,0;0,0
20;NL:Q:44500430;Garage Grooters;Eibergen;41,3;67,5;11,1;23,6;6,7;11,8
20;NL:Q:44500440;Garage Grooters;Eibergen;61,5;36,9;25,5;12,1;13,5;8,1
20;NL:Q:44500450;Viersprong;Eibergen;55,1;64,4;11,7;8,7;9,0;5,6
20;NL:Q:44500460;Viersprong;Eibergen;62,8;52,5;7,9;11,0;7,3;7,4
20;NL:Q:44500510;De Kiefte;Oost Gelre;6,7;7,6;0,5;1,4;0,7;0,9
20;NL:Q:44500520;De Kiefte;Groenlo;7,6;7,2;0,8;1,1;1,2;0,5
20;NL:Q:44500550;De Meergaarden;Eibergen;0,1;0,0;0,0;0,0;0,0;0,0
20;NL:Q:44500570;Bartelinksgang;Eibergen;0,0;0,1;0,0;0,0;0,0;0,0
20;NL:Q:44500590;Hassink;Noordijk;0,5;0,5;0,0;0,0;0,0;0,0
20;NL:Q:44500600;Hassink;Noordijk;0,0;0,2;0,0;0,0;0,0;0,0
20;NL:Q:44501210;Busstation;Neede;0,0;0,1;0,0;0,0;0,0;0,0
20;NL:Q:44501220;Busstation;Neede;46,5;0,2;10,5;0,0;5,0;0,0
20;NL:Q:44600090;Den Sliem;Groenlo;0,0;0,1;0,0;0,0;0,0;0,0
20;NL:Q:44600100;Den Sliem;Groenlo;0,1;0,2;0,0;0,0;0,0;0,0
20;NL:Q:44600131;Busstation;Groenlo;85,8;117,6;26,6;23,8;17,4;8,3
20;NL:Q:44600132;Busstation;Groenlo;26,0;56,1;13,3;28,8;8,1;20,6
20;NL:Q:44600133;Busstation;Groenlo;62,6;38,2;14,3;27,5;9,6;15,3
20;NL:Q:44600134;Busstation;Groenlo;52,8;32,8;12,2;0,0;0,0;0,0
20;NL:Q:44600135;Busstation;Groenlo;46,9;35,2;22,1;11,3;18,2;7,6
20;NL:Q:44600136;Busstation;Groenlo;3,2;0,0;0,0;0,0;0,0;0,0
20;NL:Q:44600200;Het Blik;Groenlo;0,0;0,1;0,0;0,0;0,0;0,0
20;NL:Q:44600210;Het Blik;Groenlo;0,1;0,1;0,0;0,0;0,0;0,0
20;NL:Q:44600220;De Molenberg;Groenlo;0,0;1,4;0,0;0,0;0,0;0,0
20;NL:Q:44600230;De Molenberg;Groenlo;0,4;0,2;0,0;0,0;0,0;0,0
20;NL:Q:44600390;Hartreize;Groenlo;30,2;4,0;11,5;1,8;8,6;1,2
20;NL:Q:44600400;Hartreize;Groenlo;3,6;31,4;1,1;12,4;0,8;9,7
20;NL:Q:44600410;Noordgang;Groenlo;0,2;0,2;0,0;0,0;0,0;0,0
20;NL:Q:44600430;Zuidgang;Oost Gelre;0,0;0,2;0,0;0,0;0,0;0,0
20;NL:Q:44600440;West;Groenlo;0,0;0,2;0,0;0,0;0,1;0,1
20;NL:Q:44600450;West;Groenlo;0,1;0,1;0,0;0,0;0,0;0,0
20;NL:Q:44600460;Centrum;Groenlo;0,1;0,3;0,1;0,1;0,1;0,3
20;NL:Q:44600470;Centrum;Groenlo;0,3;0,2;0,0;0,1;0,2;0,1
20;NL:Q:44600480;Barkenkamp;Groenlo;0,0;0,4;0,0;0,1;0,1;0,0
20;NL:Q:44600490;Barkenkamp;Groenlo;0,3;0,0;0,1;0,0;0,0;0,0
20;NL:Q:44600500;Batterij;Groenlo;0,0;0,0;0,0;0,0;0,0;0,0
20;NL:Q:44600510;Batterij;Groenlo;0,0;0,0;0,0;0,0;0,0;0,0
20;NL:Q:44610010;Ellenkamp;Haarlo;0,3;0,3;0,0;0,0;0,0;0,0
20;NL:Q:44610020;Ellenkamp;Haarlo;0,1;0,2;0,0;0,0;0,0;0,0
20;NL:Q:44700070;Station;Lievelde;83,1;70,7;35,7;20,1;27,4;17,5
20;NL:Q:44710050;Busstation;Borculo;164,1;157,2;55,1;50,1;38,5;43,1
20;NL:Q:44710052;Busstation;Borculo;18,4;19,2;4,9;4,3;3,2;3,4
20;NL:Q:44710070;Cycloonpark;Borculo;0,3;17,3;0,2;5,5;0,1;2,7
20;NL:Q:44710080;Cycloonpark;Borculo;16,3;1,0;5,1;0,4;3,2;0,6
20;NL:Q:44710110;Snofhutte;Borculo;4,5;7,2;0,4;2,0;0,3;1,2
20;NL:Q:44710120;Snofhutte;Borculo;7,5;4,9;1,5;0,4;0,8;0,4
20;NL:Q:44710160;Leostichting;Borculo;6,6;8,7;0,0;0,0;0,0;0,0
20;NL:Q:44710210;'t Hof;Borculo;0,2;0,1;0,0;0,0;0,0;0,0
20;NL:Q:44710220;'t Hof;Borculo;0,0;0,3;0,0;0,0;0,0;0,0
20;NL:Q:44710410;Graaf Wichmanstraat;Borculo;8,2;2,7;2,4;0,8;1,4;0,6
20;NL:Q:44710420;Graaf Wichmanstraat;Borculo;1,4;8,8;0,2;2,2;0,2;2,1
20;NL:Q:44710450;Bejaardencentrum;Borculo;5,6;1,0;2,2;0,2;1,1;0,3
20;NL:Q:44710460;Bejaardencentrum;Borculo;0,4;5,2;0,1;2,0;0,0;1,2
20;NL:Q:44710470;Berkellaan;Borculo;8,0;2,6;2,3;0,6;2,6;0,5
20;NL:Q:44710480;Berkellaan;Borculo;2,8;8,3;0,5;2,2;0,2;1,3
20;NL:Q:44710490;De Prikke;Borculo;0,6;0,3;0,5;0,1;0,0;0,2
20;NL:Q:44710500;De Prikke;Borculo;0,2;0,6;0,0;0,5;0,0;0,3
20;NL:Q:44710520;Beekvliet;Barchem;0,2;0,5;0,1;0,0;0,0;0,0
20;NL:Q:44710550;Kamerlingh Onnesstraat;Borculo;0,0;0,1;0,0;0,0;0,0;0,0
20;NL:Q:44710560;Kamerlingh Onnesstraat;Borculo;0,0;0,2;0,0;0,0;0,0;0,0
20;NL:Q:44730010;Dute;Beltrum;0,5;0,1;0,0;0,0;0,0;0,0
20;NL:Q:44730020;Dute;Beltrum;0,2;0,6;0,0;0,0;0,0;0,0
20;NL:Q:44740041;De Pessink;Epse;5,8;2,5;2,3;2,5;1,4;1,2
20;NL:Q:44740042;De Pessink;Epse;1,2;4,3;0,3;1,0;0,2;0,4
20;NL:Q:44800023;Driehoek;Lichtenvoorde;0,0;0,0;0,0;0,0;0,0;0,0
20;NL:Q:44800024;Driehoek;Lichtenvoorde;13,8;25,2;3,9;11,3;2,5;7,6
20;NL:Q:44800030;Mercatorstraat;Lichtenvoorde;0,1;0,7;0,0;0,0;0,0;0,0
20;NL:Q:44800040;Mercatorstraat;Lichtenvoorde;0,3;0,1;0,0;0,0;0,0;0,0
20;NL:Q:44800050;Richterslaan;Lichtenvoorde;0,2;0,2;0,0;0,0;0,0;0,0
20;NL:Q:44800060;Richterslaan;Lichtenvoorde;0,2;0,2;0,0;0,0;0,0;0,0
20;NL:Q:44800070;Galileistraat;Lichtenvoorde;0,3;0,4;0,0;0,0;0,0;0,0
20;NL:Q:44800080;Galileistraat;Lichtenvoorde;21,3;29,1;0,7;3,2;0,8;1,6
20;NL:Q:44800110;Edisonstraat;Lichtenvoorde;0,0;0,1;0,0;0,0;0,0;0,0
20;NL:Q:44800120;Edisonstraat;Lichtenvoorde;0,0;0,0;0,0;0,0;0,0;0,0
20;NL:Q:44800130;Hagenstraat;Lichtenvoorde;0,0;0,3;0,0;0,0;0,0;0,0
20;NL:Q:44800140;Hagenstraat;Lichtenvoorde;0,3;0,1;0,0;0,0;0,0;0,0
20;NL:Q:44800170;Twenteroute;Lichtenvoorde;133,2;119,4;29,6;24,1;24,2;17,2
20;NL:Q:44800220;Wentholtpark;Lichtenvoorde;0,0;0,0;0,0;0,0;0,0;0,0
20;NL:Q:44800250;Zuid;Lichtenvoorde;20,8;9,7;2,0;1,7;2,2;1,1
20;NL:Q:44800260;Zuid;Lichtenvoorde;10,3;20,3;1,5;2,8;2,0;2,1
20;NL:Q:44802230;Wentholtpark;Lichtenvoorde;22,8;23,5;5,9;6,8;5,0;4,8
20;NL:Q:44802240;Meidoornstraat;Lichtenvoorde;58,8;58,8;11,6;11,7;8,8;8,6
20;NL:Q:44802270;;;21,0;22,2;5,0;7,7;5,0;5,1
20;NL:Q:44810050;Weg naar Vosheuvel;Ruurlo;0,2;0,9;0,1;0,2;0,0;0,1
20;NL:Q:44810060;Weg naar Vosheuvel;Ruurlo;0,9;0,3;0,2;0,0;0,0;0,0
20;NL:Q:44810090;Haarskamp;Ruurlo;9,6;9,5;2,1;2,5;2,6;2,0
20;NL:Q:44810100;Haarskamp;Ruurlo;0,7;0,0;0,0;0,0;0,0;0,0
20;NL:Q:44810170;Station;Ruurlo;48,8;37,8;18,8;11,5;13,6;9,2
20;NL:Q:44810180;Station;Ruurlo;37,5;51,0;11,2;17,0;6,4;13,6
20;NL:Q:44811070;Leostichting;Borculo;7,9;5,9;0,0;0,0;0,0;0,0
20;NL:Q:44811110;'t Rikkelder;Ruurlo;11,2;10,3;5,7;2,2;3,4;1,4
20;NL:Q:44811120;'t Rikkelder;Ruurlo;10,4;10,3;1,2;5,9;0,8;3,2
20;NL:Q:44811140;Nijenhuis;Ruurlo;0,0;0,0;0,0;0,0;0,0;0,0
20;NL:Q:44811150;Nijenhuis;Ruurlo;0,0;0,0;0,0;0,0;0,0;0,0
20;NL:Q:44813100;De Bundeling;Ruurlo;0,3;0,1;0,0;0,0;0,0;0,0
20;NL:Q:44850010;Beekvliet;Barchem;0,5;0,1;0,0;0,0;0,0;0,0
20;NL:Q:44850030;Viersprong;Barchem;0,1;0,1;0,0;0,0;0,0;0,0
20;NL:Q:44850040;Viersprong;Barchem;0,1;0,2;0,0;0,1;0,0;0,0
20;NL:Q:44850070;Centrum;Barchem;4,5;4,1;1,5;2,6;1,6;1,3
20;NL:Q:44850080;Centrum;Barchem;4,9;4,8;2,4;2,4;1,3;1,3
20;NL:Q:44850090;Woodbrookers;Barchem;0,5;0,4;0,5;0,2;0,4;0,3
20;NL:Q:44850100;Woodbrookers;Barchem;0,3;0,6;0,2;0,5;0,4;0,2
20;NL:Q:44850130;Dollehoedsdijk;Barchem;1,6;0,7;0,8;0,6;0,3;0,4
20;NL:Q:44850140;Dollehoedsdijk;Barchem;0,6;1,5;0,4;0,8;0,6;0,2
20;NL:Q:44900050;Harreveld;Harreveld;8,2;14,7;2,3;4,4;2,2;8,7
20;NL:Q:44900060;Harreveld;Harreveld;15,8;7,6;3,0;2,2;2,6;2,3
20;NL:Q:44900090;Radstake;Heelweg;2,3;2,3;0,4;1,0;0,3;0,4
20;NL:Q:44900100;Radstake;Heelweg;2,2;2,5;1,1;0,8;1,0;0,5
20;NL:Q:44910030;'t Sikkeler;Ruurlo;1,2;0,9;0,2;0,2;0,1;0,2
20;NL:Q:44910040;'t Sikkeler;Ruurlo;0,7;1,5;0,1;0,7;0,1;0,2
20;NL:Q:44910070;Cafe Wentink;Veldhoek;1,9;3,3;0,6;0,7;0,3;0,3
20;NL:Q:44910080;Cafe Wentink;Veldhoek;3,3;2,1;0,6;0,8;0,4;0,5
20;NL:Q:44930010;R.K. Kerk;Zieuwent;0,2;0,8;0,0;0,0;0,0;0,0
20;NL:Q:44930020;R.K. Kerk;Zieuwent;0,9;0,4;0,0;0,0;0,0;0,0
20;NL:Q:44930030;R.K. Kerk;Marienvelde;1,1;0,4;0,0;0,0;0,0;0,0
20;NL:Q:44930040;R.K. Kerk;Marienvelde;0,3;1,2;0,0;0,0;0,0;0,0
20;NL:Q:44930050;Waalderweg;Marienvelde;0,0;0,2;0,0;0,0;0,0;0,0
20;NL:Q:44930060;Waalderweg;Marienvelde;0,2;0,2;0,0;0,0;0,0;0,0
20;NL:Q:44930110;Cuppers;Zieuwent;0,1;0,1;0,0;0,0;0,0;0,0
20;NL:Q:44930120;Cuppers;Zieuwent;0,2;0,1;0,0;0,0;0,0;0,0
20;NL:Q:44931170;Cafe De Tolhut;Marienvelde;0,1;0,0;0,0;0,0;0,0;0,0
20;NL:Q:44931171;Cafe De Tolhut;Marienvelde;0,0;0,1;0,0;0,0;0,0;0,0
20;NL:Q:44940010;Dorpsstraat;Halle;0,2;0,1;0,0;0,0;0,0;0,0
20;NL:Q:44940020;Nijhof;Halle;0,2;0,3;0,0;0,0;0,0;0,0
20;NL:Q:44940210;Nijhof;Halle;0,4;0,1;0,0;0,0;0,0;0,0
20;NL:Q:44940530;Dorpsstraat;Halle;0,1;0,1;0,0;0,0;0,0;0,0
20;NL:Q:44950030;Hoog Langen;Lochem;0,8;0,9;0,6;0,5;0,4;0,2
20;NL:Q:44950040;Hoog Langen;Lochem;1,1;1,0;0,4;0,4;0,2;0,3
20;NL:Q:44950050;Hotel Hof van Gelre;Lochem;0,0;0,1;0,0;0,0;0,0;0,0
20;NL:Q:44950070;St. Jozef Rusthuis;Lochem;5,5;5,1;2,5;1,4;1,8;0,7
20;NL:Q:44950080;St. Jozef Rusthuis;Lochem;3,8;5,5;1,2;1,7;0,5;1,6
20;NL:Q:44950090;de Hoge weide;Lochem;0,0;0,2;0,0;0,0;0,0;0,0
20;NL:Q:44950110;Hotel Paasberg;Lochem;0,0;0,0;0,0;0,0;0,0;0,0
20;NL:Q:44950130;De Graafschap;Lochem;0,1;0,0;0,0;0,0;0,0;0,0
20;NL:Q:44950140;De Graafschap;Lochem;0,0;0,5;0,0;0,0;0,0;0,0
20;NL:Q:44950150;Noorderwal;Lochem;0,1;0,9;0,0;0,0;0,0;0,0
20;NL:Q:44950170;Gemeentehuis;Lochem;0,0;0,1;0,0;0,0;0,0;0,0
20;NL:Q:44950180;Centrum Zuid;Lochem;0,1;0,3;0,0;0,0;0,0;0,0
20;NL:Q:44950190;Hotel De Scheperskamp;Lochem;0,0;0,0;0,0;0,0;0,0;0,0
20;NL:Q:44950200;Gemeentehuis;Lochem;0,0;0,1;0,0;0,0;0,0;0,0
20;NL:Q:44950210;Exel Tol;Lochem;8,0;1,8;2,1;0,4;1,6;0,4
20;NL:Q:44950220;Exel Tol;Lochem;1,7;6,8;0,3;1,3;0,1;1,7
20;NL:Q:44950330;Greutink;Lochem;23,2;18,6;8,6;6,8;4,3;3,3
20;NL:Q:44950340;Greutink;Lochem;19,5;23,4;7,1;8,3;4,1;4,4
20;NL:Q:44950370;De Luchte;Lochem;19,6;10,7;6,5;3,6;3,7;1,8
20;NL:Q:44950380;De Luchte;Lochem;10,6;17,6;3,3;6,1;2,4;3,6
20;NL:Q:44950400;Kerkhof;Lochem;0,0;0,0;0,0;0,0;0,0;0,0
20;NL:Q:44950410;Station;Lochem;6,1;3,4;0,0;0,0;0,0;0,0
20;NL:Q:44950480;Tramstraat;Lochem;0,1;0,3;0,0;0,0;0,0;0,0
20;NL:Q:44950490;Graaf Hendriklaan;Lochem;0,2;1,6;0,0;0,0;0,0;0,0
20;NL:Q:44950500;Graaf Hendriklaan;Lochem;1,2;0,0;0,0;0,0;0,0;0,0
20;NL:Q:44950510;Albert Hahnweg;Lochem;0,3;1,3;0,0;0,0;0,0;0,0
20;NL:Q:44950520;Albert Hahnweg;Lochem;1,2;0,0;0,0;0,0;0,0;0,0
20;NL:Q:44951600;Noorderwal;Lochem;0,3;0,0;0,0;0,0;0,0;0,0
20;NL:Q:45120020;Esrein;Hengelo;0,7;15,0;0,0;0,0;0,0;0,0
20;NL:Q:45120040;Ketelmakerij;Hengelo;0,9;0,6;0,0;0,0;0,0;0,0
20;NL:Q:47640030;Saxion Hogeschool;Deventer;4,8;49,7;0,1;11,3;0,1;5,7
20;NL:Q:47640040;Saxion Hogeschool;Deventer;35,5;7,8;7,1;0,4;4,0;0,2
20;NL:Q:47640140;Industrieweg;Deventer;0,9;5,1;0,3;1,6;0,1;0,3
20;NL:Q:47641010;Station;Deventer;214,7;184,7;86,5;75,7;51,3;54,4
20;NL:Q:47641070;Gotlandstraat;Deventer;4,4;5,4;0,3;0,5;0,2;0,1
20;NL:Q:47641080;Gotlandstraat;Deventer;7,7;4,8;0,2;0,5;0,0;0,2
20;NL:Q:47641870;Zweedsestraat;Deventer;10,3;17,0;1,6;2,9;0,7;1,6
20;NL:Q:47641880;Zweedsestraat;Deventer;16,3;11,6;3,2;1,8;1,6;0,8
20;NL:Q:47641890;Hanzeweg;Deventer;1,5;10,5;0,2;0,3;0,2;0,2
20;NL:Q:47641900;Hanzeweg;Deventer;4,1;1,8;0,2;0,2;0,1;0,2
20;NL:Q:47641920;Mr. De Boerplein;Deventer;6,0;8,1;3,3;2,7;2,2;3,0
20;NL:Q:47641930;Mr. De Boerplein;Deventer;2,4;3,6;0,7;2,3;0,4;2,2
20;NL:Q:47646030;Industrieweg;Deventer;4,8;1,6;1,3;0,6;0,1;0,2
20;NL:Q:47740040;De Pessink;Epse;5,3;7,3;2,6;3,0;1,0;2,2
20;NL:Q:47740050;Bloemenkamp;Gorssel;10,4;18,5;4,8;10,0;3,4;4,8
20;NL:Q:47740060;Bloemenkamp;Gorssel;18,5;11,8;10,2;5,7;4,6;3,3
20;NL:Q:47740090;Museum MORE;Gorssel;9,6;12,9;9,5;8,4;4,0;4,1
20;NL:Q:47740100;Museum MORE;Gorssel;11,5;10,2;7,5;9,7;4,1;4,0
20;NL:Q:47740160;Kerkhof;Gorssel;0,9;1,4;0,2;0,8;0,3;0,5
20;NL:Q:47740230;Larikshoeve;Epse;0,9;0,1;0,6;0,0;0,4;0,0
20;NL:Q:47740240;Larikshoeve;Epse;0,0;1,2;0,0;0,5;0,0;0,3
20;NL:Q:47740270;Viersprong;Epse;8,1;1,2;2,2;0,3;1,6;0,3
20;NL:Q:47740280;Viersprong;Epse;1,2;7,9;0,4;2,7;0,4;1,1
20;NL:Q:47870030;Oesterschelp;Hassink;1,5;0,1;0,6;0,1;0,7;0,1
20;NL:Q:47870040;Oesterschelp;Hassink;0,1;1,5;0,1;1,0;0,1;0,3
20;NL:Q:47870050;De Drie Kieften;Hassink;1,5;0,3;0,5;0,1;0,5;0,1
20;NL:Q:47870060;De Drie Kieften;Hassink;0,2;1,3;0,1;0,7;0,1;0,2
20;NL:Q:47870090;'t Joppe;Joppe;2,9;0,4;1,4;0,2;1,1;0,2
20;NL:Q:47870100;'t Joppe;Joppe;0,2;3,2;0,1;2,1;0,1;1,2
20;NL:Q:47970050;De Vennink;Harfsen;0,8;0,2;0,3;0,0;0,4;0,0
20;NL:Q:47970060;De Vennink;Harfsen;0,1;0,9;0,1;0,5;0,1;0,2
20;NL:Q:47970090;School;Harfsen;14,5;4,3;4,4;1,3;3,6;0,5
20;NL:Q:47970100;School;Harfsen;3,8;14,6;1,2;5,6;0,6;2,6
20;NL:Q:47970110;Maalderij Goldstein;Harfsen;1,6;0,7;0,9;0,3;0,5;0,1
20;NL:Q:47970120;Maalderij Goldstein;Harfsen;0,9;1,8;0,2;1,1;0,0;1,0
20;NL:Q:91000114;;;84,8;81,5;26,4;27,6;19,1;24,1
20;NL:Q:91000140;;;0,1;50,2;0,0;4,5;0,0;0,0
21;NL:Q:18500010;Noordikslaan;Almelo;2,6;2,6;0,0;0,0;0,0;0,0
21;NL:Q:18500120;Sliepersdijk;Hoge Hexel;0,2;0,0;0,0;0,0;0,0;0,0
21;NL:Q:18500130;Sliepersdijk;Hoge Hexel;0,0;0,1;0,0;0,0;0,0;0,0
21;NL:Q:18500140;Hammerweg;Vriezenveen;0,0;0,0;0,0;0,0;0,0;0,0
21;NL:Q:43000010;Centraal Station;Enschede;222,7;318,9;123,0;90,5;102,0;55,0
21;NL:Q:43000011;Centraal Station;Enschede;364,7;281,3;103,2;77,5;48,6;44,4
21;NL:Q:43000012;Centraal Station;Enschede;366,3;259,5;103,1;134,1;80,0;66,0
21;NL:Q:43000014;Centraal Station;Enschede;251,4;213,6;88,9;77,5;57,3;39,6
21;NL:Q:43000015;Centraal Station;Enschede;301,1;368,9;98,4;109,3;64,6;51,4
21;NL:Q:43000016;Centraal Station;Enschede;260,2;158,6;63,2;72,6;44,0;41,0
21;NL:Q:43000017;Centraal Station;Enschede;167,4;245,2;78,6;59,7;60,6;31,5
21;NL:Q:43000018;Centraal Station;Enschede;209,9;234,8;78,5;82,9;58,1;57,1
21;NL:Q:43000019;Centraal Station;Enschede;277,2;312,0;126,1;70,9;65,3;46,0
21;NL:Q:43000020;Centraal Station;Enschede;215,7;1,8;78,3;0,2;44,0;0,2
21;NL:Q:43000031;Van Heekplein;Enschede;38,9;16,3;31,7;9,6;8,1;2,4
21;NL:Q:43000032;Van Heekplein;Enschede;145,3;41,2;104,5;22,2;38,8;9,2
21;NL:Q:43000034;Van Heekplein;Enschede;78,7;17,8;64,9;10,8;22,2;0,6
21;NL:Q:43000039;Van Heekplein;Enschede;107,1;127,3;74,0;117,9;28,8;48,0
21;NL:Q:43000040;Van Heekplein;Enschede;85,0;186,6;75,3;155,7;22,1;53,7
21;NL:Q:43000045;Van Heekplein;Enschede;140,6;210,6;96,7;164,7;32,5;62,2
21;NL:Q:43000050;MST Haaksbergerstraat;Enschede;0,5;0,7;0,0;1,9;0,0;0,2
21;NL:Q:43000051;MST Haaksbergerstraat;Enschede;0,1;0,6;0,0;0,1;0,0;0,1
21;NL:Q:43000130;Spinnerplein;Enschede;6,0;15,2;3,2;9,5;2,0;2,9
21;NL:Q:43000140;Spinnerplein;Enschede;19,8;5,7;11,0;2,3;4,2;2,2
21;NL:Q:43000195;Wkc Stadsveld;Enschede;38,4;18,2;22,8;10,0;11,8;5,0
21;NL:Q:43000220;Deurningerstraat;Enschede;8,6;11,4;3,3;4,9;1,5;3,0
21;NL:Q:43000230;Deurningerstraat;Enschede;9,6;11,4;3,4;4,2;2,4;1,6
21;NL:Q:43000240;Station Kennispark;Enschede;33,7;45,7;7,4;15,2;4,0;4,5
21;NL:Q:43000250;Roombeek;Enschede;18,3;71,4;6,7;22,2;3,8;10,0
21;NL:Q:43000260;Roombeek;Enschede;65,6;16,6;21,2;5,8;8,7;2,9
21;NL:Q:43000270;Hulsmaatstraat;Enschede;18,9;35,9;5,6;11,3;3,7;6,4
21;NL:Q:43000280;Hulsmaatstraat;Enschede;49,7;22,1;14,9;5,7;7,2;4,3
21;NL:Q:43000300;Horstlindelaan;Enschede;1,9;3,7;0,8;2,0;0,9;1,2
21;NL:Q:43000320;Handellaan;Enschede;6,1;4,6;3,8;3,0;2,0;2,0
21;NL:Q:43000340;Slagman;Enschede;4,7;5,0;1,0;1,1;0,4;0,6
21;NL:Q:43000350;Stroinksbleekweg;Enschede;0,9;30,8;0,3;11,3;0,2;5,6
21;NL:Q:43000360;Stroinksbleekweg;Enschede;32,7;0,6;13,2;0,6;6,4;0,2
21;NL:Q:43000370;Buizerdstraat;Enschede;4,3;25,9;1,1;10,9;0,6;7,0
21;NL:Q:43000380;Spechtstraat;Enschede;26,5;8,5;7,9;4,3;3,8;1,9
21;NL:Q:43000490;G.J. van Heekstraat;Enschede;1,6;8,9;0,6;4,7;0,7;3,6
21;NL:Q:43000510;Lambertus Buddestraat;Enschede;3,3;28,6;1,3;9,2;0,6;5,6
21;NL:Q:43000520;Lambertus Buddestraat;Enschede;26,2;2,0;9,0;0,9;3,5;0,5
21;NL:Q:43000530;Volkspark;Enschede;9,2;10,2;4,1;4,8;3,1;2,6
21;NL:Q:43000540;Volkspark;Enschede;5,5;8,8;2,9;3,2;1,0;2,2
21;NL:Q:43000610;Toekomststraat;Enschede;3,4;13,1;2,3;9,5;1,7;10,6
21;NL:Q:43000620;Toekomststraat;Enschede;20,2;2,5;12,8;1,2;5,8;0,6
21;NL:Q:43000630;Weegschaalstraat;Enschede;5,1;34,6;2,1;22,7;1,6;12,7
21;NL:Q:43000640;Weegschaalstraat;Enschede;31,3;2,5;20,2;0,9;11,6;0,4
21;NL:Q:43000650;Wkc Twekkelerveld;Enschede;21,1;45,6;20,2;29,2;13,4;17,5
21;NL:Q:43000660;Wkc Twekkelerveld;Enschede;43,6;15,2;28,5;13,9;12,5;10,0
21;NL:Q:43000670;Olieslagweg;Enschede;2,3;9,4;0,5;7,0;0,5;4,1
21;NL:Q:43000680;Olieslagweg;Enschede;8,3;2,8;5,2;1,3;2,4;0,2
21;NL:Q:43000690;Jupiterstraat;Enschede;1,7;24,9;1,0;21,3;0,6;10,6
21;NL:Q:43000700;Jupiterstraat;Enschede;29,2;1,2;22,5;0,2;9,6;0,1
21;NL:Q:43000711;Capitool;Enschede;0,6;8,5;0,9;0,8;0,0;0,3
21;NL:Q:43000720;Capitool;Enschede;8,0;1,8;0,6;0,9;0,3;0,4
21;NL:Q:43000810;Beethovenlaan;Enschede;9,0;5,0;5,4;3,1;2,6;1,8
21;NL:Q:43001000;Centraal Station;Enschede;299,2;243,3;78,1;86,3;41,8;70,5
21;NL:Q:43001001;Centraal Station;Enschede;1,0;248,0;0,0;79,9;0,2;42,3
21;NL:Q:43001050;Boddenkamp;Enschede;12,3;4,9;3,1;1,8;1,6;0,7
21;NL:Q:43001060;Boddenkamp;Enschede;8,7;19,2;2,3;7,4;2,7;4,2
21;NL:Q:43001090;Dr. J. van Damstraat;Enschede;5,6;2,8;2,2;1,6;0,9;0,5
21;NL:Q:43001110;Fazantstraat;Enschede;5,1;0,7;2,3;0,4;1,0;0,2
21;NL:Q:43001180;Waalstraat;Enschede;26,7;22,3;14,2;10,9;7,6;7,0
21;NL:Q:43001190;Deppenbroekstraat;Enschede;2,3;8,7;0,9;3,9;0,1;1,5
21;NL:Q:43001200;Het Achtervoort;Enschede;13,3;15,7;4,5;6,3;3,0;4,0
21;NL:Q:43001210;Het Voortman;Enschede;3,6;8,0;3,8;6,6;1,4;2,0
21;NL:Q:43001310;Wkc Deppenbroek;Enschede;26,5;25,6;13,5;11,2;7,2;8,2
21;NL:Q:43001340;Vanekerstraat;Enschede;13,3;10,3;8,9;6,9;4,8;5,1
21;NL:Q:43001360;P.A. van Deldenstraat;Enschede;7,6;8,2;3,2;3,3;2,0;2,4
21;NL:Q:43001430;Sparrendaal;Enschede;22,0;2,2;10,2;1,3;5,0;0,2
21;NL:Q:43001440;Sparrendaal;Enschede;1,7;18,6;1,1;8,0;0,2;4,6
21;NL:Q:43001450;Gelderlandstraat;Enschede;2,9;29,5;1,6;16,4;0,8;10,3
21;NL:Q:43001460;Gelderlandstraat;Enschede;31,0;2,7;15,6;1,7;9,9;0,7
21;NL:Q:43001470;Utrechtlaan;Enschede;15,0;100,8;0,9;6,7;0,4;3,9
21;NL:Q:43001480;Utrechtlaan;Enschede;100,8;16,0;8,5;0,8;3,1;0,4
21;NL:Q:43001490;Zuid Hollandlaan;Enschede;1,2;13,2;0,3;5,2;0,1;2,9
21;NL:Q:43001500;Zuid Hollandlaan;Enschede;15,0;1,6;5,7;0,3;3,0;0,2
21;NL:Q:43001550;Wkc Boswinkel;Enschede;11,4;60,8;6,7;32,1;2,3;21,1
21;NL:Q:43001560;Wkc Boswinkel;Enschede;57,2;9,1;33,1;6,4;16,8;1,6
21;NL:Q:43001570;Tuindorp Broekheurne;Enschede;1,1;31,5;0,6;15,3;0,2;9,0
21;NL:Q:43001580;Tuindorp Broekheurne;Enschede;33,4;1,2;15,3;0,3;7,0;0,1
21;NL:Q:43001600;Het Lang;Enschede;0,1;0,1;0,1;0,1;0,0;0,0
21;NL:Q:43001620;Het Riet;Enschede;0,0;0,1;0,0;0,0;0,0;0,0
21;NL:Q:43001630;Verrijzeniskerk;Enschede;0,9;29,8;0,1;9,5;0,2;5,6
21;NL:Q:43001640;Lintveldebrink;Enschede;13,1;1,6;5,6;0,0;2,7;0,0
21;NL:Q:43001650;Hazendijk;Enschede;1,4;8,6;0,2;4,7;0,1;1,7
21;NL:Q:43001660;Verrijzeniskerk;Enschede;33,8;0,4;11,5;0,0;4,7;0,0
21;NL:Q:43001670;Broekheurnerborg;Enschede;0,4;0,3;0,2;0,3;0,0;0,0
21;NL:Q:43001671;Broekheurnerplein;Enschede;0,5;0,3;0,6;0,3;0,0;0,0
21;NL:Q:43001690;De Kiepe;Enschede;0,4;5,2;0,1;1,7;0,0;1,9
21;NL:Q:43001700;Broekheurne-Ring;Enschede;7,1;0,1;2,9;0,1;1,5;0,1
21;NL:Q:43001710;Lintveldebrink;Enschede;0,1;11,7;0,2;5,1;0,0;3,1
21;NL:Q:43001720;De Kiepe;Enschede;4,3;1,0;1,1;0,1;0,6;0,0
21;NL:Q:43001730;Hertmebrink;Enschede;8,5;27,7;5,0;13,0;1,2;6,8
21;NL:Q:43001740;Hertmebrink;Enschede;35,5;7,3;18,4;3,7;9,1;1,6
21;NL:Q:43001750;Wkc Het Bijvank;Enschede;9,5;0,5;4,5;0,2;1,8;0,0
21;NL:Q:43001760;Wkc Het Bijvank;Enschede;0,4;9,9;0,2;5,0;0,1;1,6
21;NL:Q:43001770;Vlierstraat;Enschede;1,5;20,3;0,2;6,4;0,2;5,2
21;NL:Q:43001780;Vlierstraat;Enschede;17,8;1,3;5,8;0,7;4,0;0,2
21;NL:Q:43001790;Het Oosterveld;Enschede;4,0;45,7;1,5;18,6;1,3;8,5
21;NL:Q:43001800;Het Oosterveld;Enschede;46,5;3,1;20,5;0,7;8,1;1,1
21;NL:Q:43001810;Saasveldbrink;Enschede;0,0;0,0;0,0;0,0;0,0;0,0
21;NL:Q:43001820;Herikebrink;Enschede;26,4;1,3;9,1;0,2;3,6;0,2
21;NL:Q:43001830;Rabobank;Enschede;8,6;20,3;2,7;7,8;1,6;5,2
21;NL:Q:43001840;Rabobank;Enschede;15,5;12,0;7,9;6,4;3,2;2,8
21;NL:Q:43001850;P+R Zuiderval;Enschede;19,7;21,9;4,5;11,9;2,9;5,5
21;NL:Q:43001860;P+R Zuiderval;Enschede;19,0;21,0;11,8;3,9;4,5;1,8
21;NL:Q:43001870;Het Leunenberg;Enschede;1,5;26,7;0,3;16,1;0,1;5,6
21;NL:Q:43001880;Het Leunenberg;Enschede;22,9;1,2;15,5;0,4;5,3;0,1
21;NL:Q:43001900;De Posten;Enschede;52,3;46,2;16,6;16,3;7,4;6,1
21;NL:Q:43001910;Wkc Zuid;Enschede;10,7;46,8;5,1;23,4;1,4;11,4
21;NL:Q:43001918;Wkc Zuid;Enschede;0,8;0,3;0,6;0,2;0,0;0,0
21;NL:Q:43001920;Wkc Zuid;Enschede;32,1;9,3;18,6;6,0;6,6;1,2
21;NL:Q:43001930;De Reulver;Enschede;2,9;23,6;0,6;9,2;0,2;6,4
21;NL:Q:43001940;De Reulver;Enschede;19,3;2,6;7,8;0,8;3,9;0,2
21;NL:Q:43001950;Ypelobrink;Enschede;23,3;0,7;13,1;0,1;7,9;0,1
21;NL:Q:43001960;Ypelobrink;Enschede;0,5;22,1;0,3;11,6;0,0;9,1
21;NL:Q:43001970;Zunabrink;Enschede;21,8;1,2;9,3;0,1;5,0;0,1
21;NL:Q:43001980;Zunabrink;Enschede;0,7;17,7;0,2;8,1;0,1;4,9
21;NL:Q:43002000;Hengeveldebrink;Enschede;12,4;1,1;6,7;0,2;3,1;0,0
21;NL:Q:43002070;Laaressingel;Enschede;0,6;16,2;0,3;6,1;0,2;2,9
21;NL:Q:43002080;Laaressingel;Enschede;11,6;0,3;2,7;0,1;1,2;0,6
21;NL:Q:43002090;Asterstraat;Enschede;0,5;5,8;0,3;3,5;0,0;1,1
21;NL:Q:43002100;Asterstraat;Enschede;4,4;0,1;3,0;0,0;1,6;0,0
21;NL:Q:43002110;Hyacintstraat;Enschede;0,1;2,7;0,2;0,7;0,0;0,6
21;NL:Q:43002120;Hyacintstraat;Enschede;6,0;0,4;2,4;0,2;1,1;0,0
21;NL:Q:43002130;Gladiolenstraat;Enschede;2,4;10,9;1,6;7,4;0,4;2,1
21;NL:Q:43002140;Gladiolenstraat;Enschede;7,5;0,5;4,8;0,5;1,7;0,1
21;NL:Q:43002220;Wkc Stroinkslanden;Enschede;6,9;41,4;2,5;20,6;1,3;12,2
21;NL:Q:43002290;Sportpark;Enschede;22,1;1,1;8,5;0,1;5,4;0,0
21;NL:Q:43002300;Sportpark;Enschede;0,5;19,9;0,1;8,2;0,2;6,0
21;NL:Q:43002310;Mariendaal;Enschede;11,9;0,5;3,3;0,2;1,6;0,0
21;NL:Q:43002320;Mariendaal;Enschede;0,4;11,5;0,1;4,2;0,1;2,5
21;NL:Q:43002500;Bonhoeffer Bruggert;Enschede;10,6;11,2;4,5;4,4;2,8;4,3
21;NL:Q:43002510;Soendastraat;Enschede;4,0;7,6;3,0;2,3;1,3;2,6
21;NL:Q:43002520;Soendastraat;Enschede;7,0;3,7;2,4;3,2;1,0;1,0
21;NL:Q:43002530;Bankastraat;Enschede;2,9;13,7;1,2;3,9;0,7;2,9
21;NL:Q:43002540;Bankastraat;Enschede;11,4;4,6;2,8;1,5;1,7;0,4
21;NL:Q:43002570;Madioenstraat;Enschede;0,5;0,5;0,3;0,1;0,0;0,0
21;NL:Q:43002600;Aquadrome;Enschede;50,7;8,1;12,1;1,4;4,2;0,7
21;NL:Q:43002601;Aquadrome;Enschede;7,3;55,2;1,5;12,6;1,0;5,4
21;NL:Q:43002610;Brinkstraat;Enschede;0,8;0,7;0,3;0,4;0,0;0,0
21;NL:Q:43002630;J.P. Coenstraat;Enschede;0,5;0,6;0,1;0,3;0,0;0,0
21;NL:Q:43002650;Padangstraat;Enschede;0,8;0,7;0,5;0,3;0,0;0,0
21;NL:Q:43002790;Rembrandtlaan;Enschede;1,4;3,5;1,2;2,6;0,4;2,6
21;NL:Q:43002830;De Hatteler;Enschede;8,0;11,0;5,1;6,5;1,9;3,0
21;NL:Q:43002850;Albert Cuypstraat;Enschede;1,7;16,1;1,1;8,5;0,6;6,4
21;NL:Q:43002860;Zuivelstraat;Enschede;27,6;0,2;17,4;0,1;8,9;0,0
21;NL:Q:43002870;Zuivelstraat;Enschede;0,4;23,7;0,3;14,0;0,1;11,1
21;NL:Q:43003070;Pathmossingel;Enschede;0,0;0,0;0,0;0,0;0,0;0,0
21;NL:Q:43003080;Pathmossingel;Enschede;0,0;0,0;0,0;0,0;0,0;0,0
21;NL:Q:43003090;Poolmansweg;Enschede;1,0;24,0;0,4;10,4;0,3;9,0
21;NL:Q:43003100;Poolmansweg;Enschede;21,6;0,8;10,6;0,5;4,9;0,1
21;NL:Q:43003110;Lindestraat;Enschede;0,5;5,3;0,0;2,4;0,0;1,7
21;NL:Q:43003120;Lindestraat;Enschede;5,5;0,1;2,8;0,2;1,5;0,0
21;NL:Q:43003180;Bruggertstraat;Enschede;4,4;6,0;0,3;0,5;0,3;0,5
21;NL:Q:43003200;C. Troostlaan;Enschede;4,5;3,5;1,4;1,5;0,8;0,8
21;NL:Q:43003210;E. de Wittestraat;Enschede;4,1;4,2;2,0;1,8;0,7;0,7
21;NL:Q:43003250;Fre Cohenlaan;Enschede;8,8;7,1;3,5;3,5;1,6;1,9
21;NL:Q:43003280;Ferdinand Bolstraat;Enschede;13,2;7,8;5,1;3,3;2,2;1,6
21;NL:Q:43003400;Wkc Stroinkslanden;Enschede;0,2;0,5;0,2;0,4;0,0;0,0
21;NL:Q:43003440;Hanenberglanden;Enschede;38,5;31,6;18,9;14,9;10,2;10,4
21;NL:Q:43003460;Hesselinklanden;Enschede;27,6;18,8;14,8;9,8;6,4;4,2
21;NL:Q:43003480;Auskamplanden;Enschede;21,9;19,8;9,9;8,2;4,9;4,7
21;NL:Q:43003500;Hasmanlanden;Enschede;30,8;32,9;14,2;15,4;7,0;8,7
21;NL:Q:43003530;Tiemeister;Enschede;2,6;34,5;0,6;3,0;0,5;1,4
21;NL:Q:43003540;Tiemeister;Enschede;35,1;2,6;2,4;0,7;0,9;0,5
21;NL:Q:43003570;Schabbinklanden;Enschede;0,3;17,8;0,1;7,8;0,2;3,8
21;NL:Q:43003580;Schabbinklanden;Enschede;13,7;0,2;6,0;0,1;3,2;0,0
21;NL:Q:43003600;Bekmanlanden;Enschede;12,6;8,1;4,4;2,9;2,8;2,0
21;NL:Q:43003620;Vrielinklanden;Enschede;25,4;19,3;9,7;6,5;3,9;3,4
21;NL:Q:43003640;Verwooldslanden;Enschede;20,0;2,2;8,6;0,4;4,7;0,2
21;NL:Q:43003680;Wkc De Posten;Enschede;0,1;0,1;0,0;0,0;0,0;0,0
21;NL:Q:43003700;Verzorgingshuis De Posten;Enschede;0,2;0,2;0,2;0,1;0,0;0,0
21;NL:Q:43003870;Buurserstraat;Enschede;2,4;28,3;1,1;9,2;0,4;6,0
21;NL:Q:43003880;Buurserstraat;Enschede;36,7;2,6;13,1;1,0;6,9;0,6
21;NL:Q:43003900;Stadsdeelkantoor Zuid;Enschede;0,2;0,5;0,1;0,5;0,0;0,0
21;NL:Q:43004010;Borstelweg;Enschede;9,1;11,8;2,4;3,7;1,4;3,3
21;NL:Q:43004020;Borstelweg;Enschede;7,7;4,4;3,2;1,2;2,2;0,9
21;NL:Q:43004050;Lonnekerbrugstraat;Enschede;0,0;1,2;0,0;0,0;0,0;0,0
21;NL:Q:43004060;Lonnekerbrugstraat;Enschede;0,8;0,1;0,0;0,0;0,0;0,0
21;NL:Q:43004090;Orion;Enschede;0,1;0,2;0,0;0,0;0,0;0,0
21;NL:Q:43004100;Orion;Enschede;0,2;0,4;0,0;0,0;0,0;0,0
21;NL:Q:43004170;Twekkeler Es;Enschede;0,4;1,3;0,0;0,0;0,0;0,0
21;NL:Q:43004180;Twekkeler Es;Enschede;1,4;1,3;0,0;0,0;0,0;0,0
21;NL:Q:43004310;De Hoeveler;Enschede;0,7;3,4;0,0;0,0;0,0;0,0
21;NL:Q:43004320;De Hoeveler;Enschede;3,1;1,0;0,0;0,0;0,0;0,0
21;NL:Q:43004340;Scansped;Enschede;0,0;0,3;0,0;0,0;0,0;0,0
21;NL:Q:43004350;Scansped;Enschede;0,2;0,0;0,0;0,0;0,0;0,0
21;NL:Q:43004370;Dr. J. Wagenaarstraat;Enschede;4,8;0,0;0,6;0,0;0,0;0,2
21;NL:Q:43004410;Transportcentrum;Enschede;2,6;5,0;0,0;0,0;0,0;0,0
21;NL:Q:43004420;Transportcentrum;Enschede;4,5;3,7;0,0;0,0;0,0;0,0
21;NL:Q:43004450;Kanaalstraat;Enschede;0,2;0,5;0,0;0,0;0,0;0,0
21;NL:Q:43004460;Kanaalstraat;Enschede;0,7;0,4;0,0;0,0;0,0;0,0
21;NL:Q:43004550;Olympialaan;Enschede;1,3;0,7;0,3;0,1;0,0;0,0
21;NL:Q:43004590;Hendrik Smeltweg;Enschede;0,3;1,9;0,1;0,6;0,0;0,0
21;NL:Q:43005030;C.F. Klaarstraat;Enschede;22,7;32,0;14,3;11,9;7,0;9,2
21;NL:Q:43005040;C.F. Klaarstraat;Enschede;31,5;19,7;12,2;15,9;6,2;6,8
21;NL:Q:43005190;Wooldrik;Enschede;6,3;55,3;1,7;20,1;1,4;11,3
21;NL:Q:43005440;Schuttersveld;Enschede;12,6;19,3;4,1;6,4;1,1;3,6
21;NL:Q:43005450;Schuttersveld;Enschede;15,1;15,5;5,1;3,6;2,5;1,6
21;NL:Q:43005530;Goolkatenweg;Enschede;26,5;22,4;5,2;5,2;3,5;2,8
21;NL:Q:43005540;Goolkatenweg;Enschede;19,4;26,2;3,9;5,9;2,1;3,4
21;NL:Q:43005570;Ledeboerpark;Enschede;23,6;12,5;9,2;4,3;5,5;2,8
21;NL:Q:43005580;Ledeboerpark;Enschede;13,8;24,3;5,8;8,0;2,3;13,0
21;NL:Q:43005590;Uranusstraat;Enschede;20,6;22,1;8,2;3,1;4,5;3,0
21;NL:Q:43005600;Uranusstraat;Enschede;21,4;20,9;2,9;6,4;2,0;9,0
21;NL:Q:43005630;Westerbegraafplaats/UT;Enschede;56,1;64,9;1,1;2,8;1,1;2,0
21;NL:Q:43005640;Westerbegraafplaats/UT;Enschede;65,6;66,2;2,5;1,3;1,9;1,4
21;NL:Q:43005710;Kennispark/UT;Enschede;40,5;71,7;16,3;7,5;7,6;9,6
21;NL:Q:43006090;Voortmansweg;Enschede;1,1;1,6;0,7;0,5;0,3;0,4
21;NL:Q:43006100;Voortmansweg;Enschede;1,7;2,5;0,6;1,3;0,3;1,0
21;NL:Q:43006140;Driesprong;Lonneker;0,5;0,8;0,0;0,2;0,2;0,1
21;NL:Q:43006160;Kotkampweg;Enschede;8,4;11,1;2,6;3,0;1,9;2,2
21;NL:Q:43006170;Kotkampweg;Enschede;9,8;9,9;4,1;2,8;2,8;2,7
21;NL:Q:43006980;Veldkampstraat;Enschede;6,7;9,3;4,2;3,2;1,9;1,4
21;NL:Q:43006990;Veldkampstraat;Enschede;8,1;7,5;2,6;4,1;1,6;4,9
21;NL:Q:43007120;Getfertsingel;Enschede;9,3;2,5;5,4;1,6;2,1;1,5
21;NL:Q:43007130;Getfertsingel;Enschede;1,9;8,2;1,5;4,4;0,5;1,4
21;NL:Q:43007140;Stevenfennestraat;Enschede;20,9;9,0;9,7;4,9;5,4;6,2
21;NL:Q:43007150;Stevenfennestraat;Enschede;6,0;15,6;5,6;7,9;2,5;3,3
21;NL:Q:43007160;Dr. v.d. Zandestraat;Enschede;27,5;9,2;13,7;5,1;6,6;5,8
21;NL:Q:43007170;Dr. v.d. Zandestraat;Enschede;7,5;23,1;5,1;11,9;3,0;4,7
21;NL:Q:43007180;Borgbos;Enschede;5,0;5,9;2,0;3,1;1,0;2,4
21;NL:Q:43007190;Borgbos;Enschede;5,8;4,7;3,5;2,5;1,8;0,8
21;NL:Q:43007200;Usseler Esch;Usselo;1,0;1,0;0,3;0,4;0,3;0,4
21;NL:Q:43008030;Floraparkstraat;Enschede;2,7;4,3;0,8;1,5;0,2;0,6
21;NL:Q:43008050;Onlandhorst;Enschede;2,5;2,1;0,5;0,8;0,2;0,2
21;NL:Q:43008070;Wkc Stokhorst;Enschede;9,5;10,0;6,1;6,9;1,5;2,7
21;NL:Q:43008090;Hoge Boekelerweg;Enschede;7,6;5,4;4,1;3,4;2,5;1,4
21;NL:Q:43008110;Wkc 't Ribbelt;Enschede;5,4;4,2;2,3;2,8;1,7;1,4
21;NL:Q:43008130;Dotterbloemstraat;Enschede;9,7;1,1;4,8;1,0;1,3;0,1
21;NL:Q:43008200;Lindenhof;Enschede;30,2;11,9;18,3;6,6;8,4;3,1
21;NL:Q:43008220;Wooldrik;Enschede;51,8;6,1;18,1;2,0;10,8;1,4
21;NL:Q:43008240;Marie de Roodelaan;Enschede;7,4;4,4;3,1;1,5;1,9;1,5
21;NL:Q:43008390;Auke Vleerstraat;Enschede;0,3;0,5;0,0;0,0;0,0;0,0
21;NL:Q:43008400;Auke Vleerstraat;Enschede;0,4;0,2;0,0;0,0;0,0;0,0
21;NL:Q:43008410;Usselerrondweg;Enschede;0,1;0,0;0,0;0,0;0,0;0,0
21;NL:Q:43008420;Usselerrondweg;Enschede;0,0;0,3;0,0;0,0;0,0;0,0
21;NL:Q:43009001;;;0,9;9,5;0,3;3,0;0,2;3,6
21;NL:Q:43009002;;;5,9;11,3;2,9;6,4;1,4;6,1
21;NL:Q:43009003;;;0,2;3,2;0,2;1,4;0,0;1,2
21;NL:Q:43010010;Lindenhof;Enschede;13,6;33,5;8,1;20,0;3,6;8,8
21;NL:Q:43010030;Winterweg;Enschede;1,1;11,7;0,3;5,2;0,2;3,0
21;NL:Q:43010050;Dolphia;Enschede;1,5;28,1;1,3;12,5;0,4;6,3
21;NL:Q:43010070;Esmarkelaan;Enschede;3,0;28,3;0,5;10,9;0,4;4,5
21;NL:Q:43010110;Oikos;Glanerbrug;42,6;38,0;15,5;14,7;8,2;8,2
21;NL:Q:43010140;Schoolstraat;Glanerbrug;44,5;28,4;23,8;13,3;9,0;5,3
21;NL:Q:43010220;Tolstraat;Glanerbrug;24,4;30,0;10,9;12,8;4,7;7,0
21;NL:Q:43010240;Symfoniestraat;Glanerbrug;35,7;34,7;13,0;13,8;7,2;8,3
21;NL:Q:43010330;Ekersdijk;Glanerbrug;6,1;38,4;1,7;17,0;1,0;8,4
21;NL:Q:43010350;Eilermarke;Glanerbrug;28,0;35,8;11,2;15,1;5,8;7,5
21;NL:Q:43010370;Schipholtstraat;Glanerbrug;33,2;39,4;12,0;13,9;4,9;6,7
21;NL:Q:43011040;Winterweg;Enschede;11,5;0,9;5,3;0,3;2,9;0,2
21;NL:Q:43011060;Dolphia;Enschede;26,9;1,4;11,0;1,0;5,8;0,2
21;NL:Q:43011080;Esmarkelaan;Enschede;29,6;3,2;11,4;0,9;5,5;0,5
21;NL:Q:43011120;Zwarteweg;Glanerbrug;35,6;6,0;14,5;2,3;6,6;1,1
21;NL:Q:43021790;Boskamphoek;Enschede;1,3;15,4;0,2;10,0;0,0;4,8
21;NL:Q:43021800;Boskamphoek;Enschede;13,7;0,9;8,9;0,1;4,0;0,1
21;NL:Q:43021810;Herikebrink;Enschede;2,4;23,2;0,2;8,5;0,2;3,8
21;NL:Q:43021830;Beekwoudehoek;Enschede;2,2;21,0;0,2;10,5;0,1;7,2
21;NL:Q:43021840;Beekwoudehoek;Enschede;23,1;1,2;11,5;0,2;5,8;0,1
21;NL:Q:43021850;Honinglohoek;Enschede;3,5;33,7;0,1;18,2;0,1;9,9
21;NL:Q:43021860;Honinglohoek;Enschede;36,2;1,5;18,6;0,1;10,1;0,0
21;NL:Q:43021870;Wkc Helmerhoek;Enschede;4,2;38,0;0,1;17,2;0,0;9,0
21;NL:Q:43021880;Wkc Helmerhoek;Enschede;37,3;3,2;19,5;0,0;9,5;0,0
21;NL:Q:43021970;Graeshoek;Enschede;0,9;10,0;0,1;5,9;0,0;2,4
21;NL:Q:43021980;Graeshoek;Enschede;10,9;0,4;6,5;0,1;2,6;0,0
21;NL:Q:43021990;Hengeveldebrink;Enschede;1,2;11,1;0,2;4,9;0,0;2,8
21;NL:Q:43022000;Disselhoek;Enschede;20,1;15,7;10,1;8,4;4,1;3,4
21;NL:Q:43022010;Dubbelinckhoek;Enschede;1,5;13,8;0,0;5,4;0,1;2,7
21;NL:Q:43022020;Dubbelinckhoek;Enschede;14,2;1,5;6,2;0,1;3,1;0,0
21;NL:Q:43100080;Tinsteden;Enschede;3,6;5,6;0,0;0,0;0,0;0,0
21;NL:Q:43100120;Ganzebosweg;Boekelo;0,1;0,4;0,0;0,2;0,0;0,0
21;NL:Q:43100350;Windmolenweg/Centrum;Boekelo;0,9;0,0;0,4;0,0;0,0;0,0
21;NL:Q:43100355;Windmolenweg/Centrum;Boekelo;0,0;1,0;0,0;0,3;0,0;0,0
21;NL:Q:43100360;Smaragdstraat;Boekelo;0,0;0,3;0,0;0,2;0,0;0,0
21;NL:Q:43100370;Smaragdstraat;Boekelo;0,0;0,0;0,0;0,0;0,0;0,0
21;NL:Q:43100410;R.K. Kerk;Boekelo;0,7;0,0;0,3;0,0;0,0;0,0
21;NL:Q:43100420;R.K. Kerk;Boekelo;0,2;0,6;0,0;0,2;0,0;0,0
21;NL:Q:43100600;De Blekerij;Boekelo;1,9;0,0;0,3;0,0;0,0;0,0
21;NL:Q:43100780;Henry Dunantlaan;Boekelo;0,1;0,6;0,0;0,2;0,0;0,0
21;NL:Q:43100800;Weleweg;Boekelo;0,1;1,0;0,0;0,0;0,0;0,0
21;NL:Q:43100970;Marssteden;Enschede;4,6;3,8;0,0;0,0;0,0;0,0
21;NL:Q:43101010;Kopersteden;Enschede;1,3;1,7;0,0;0,0;0,0;0,0
21;NL:Q:43110010;Oude Grensweg;Hengelo;10,5;3,0;5,2;1,8;3,0;1,3
21;NL:Q:43110070;De Broeierd;Enschede;22,5;38,8;13,1;16,1;5,0;42,6
21;NL:Q:43110080;De Broeierd;Enschede;34,1;21,8;18,1;8,2;10,6;3,8
21;NL:Q:43110120;UT/Drienerbeeklaan;Enschede;5,7;1,8;2,7;0,2;1,8;0,1
21;NL:Q:43110130;UT/Drienerbeeklaan;Enschede;1,9;8,4;0,6;4,4;0,5;2,9
21;NL:Q:43110140;UT/Hoofdingang;Enschede;4,6;1,7;0,0;0,0;0,0;0,0
21;NL:Q:43110150;UT/Hoofdingang;Enschede;1,5;5,5;0,0;0,0;0,0;0,0
21;NL:Q:43110160;Kennispark/UT;Enschede;61,2;28,6;8,3;9,3;4,4;5,3
21;NL:Q:43110170;Kettingbrug;Hengelo;1,5;1,2;1,0;1,0;0,3;0,4
21;NL:Q:43110180;Kettingbrug;Hengelo;1,6;4,0;0,8;1,3;0,4;0,5
21;NL:Q:43110190;Station Kennispark;Enschede;30,8;45,3;5,2;14,1;17,4;10,4
21;NL:Q:43110210;UT/De Hems;Enschede;0,7;40,1;0,3;42,5;0,2;31,2
21;NL:Q:43110211;UT/De Hems;Enschede;41,2;0,4;41,1;0,3;19,0;0,1
21;NL:Q:43110230;UT/Calslaan;Enschede;0,7;0,0;5,5;0,3;3,8;0,1
21;NL:Q:43110240;UT/Calslaan;Enschede;0,0;1,7;0,1;6,9;0,9;7,1
21;NL:Q:43110250;UT/Reelaan;Enschede;0,7;10,4;0,2;9,4;0,1;6,7
21;NL:Q:43110260;UT/Reelaan;Enschede;11,5;1,6;8,2;0,2;3,0;0,0
21;NL:Q:43110270;UT/Langenkampweg;Enschede;25,2;19,9;27,2;21,9;13,1;32,7
21;NL:Q:43110280;UT/Sportcentrum;Enschede;1,7;0,1;0,0;0,0;0,0;0,0
21;NL:Q:43110310;UT/Hallenweg;Enschede;0,9;22,6;0,0;0,0;0,0;0,0
21;NL:Q:43110320;UT/Hallenweg;Enschede;23,4;1,3;0,0;0,0;0,0;0,0
21;NL:Q:43110330;UT/Bastille;Enschede;0,2;13,0;0,0;0,0;0,0;0,0
21;NL:Q:43110340;UT/Bastille;Enschede;11,7;0,1;0,0;0,0;0,0;0,0
21;NL:Q:43111290;UT/De Zul;Enschede;0,4;17,7;0,0;0,0;0,0;0,0
21;NL:Q:43111300;UT/De Zul;Enschede;19,1;0,6;0,0;0,0;0,0;0,0
21;NL:Q:43130010;Platinastraat;Hengelo;6,4;15,8;1,9;2,8;0,5;0,7
21;NL:Q:43130030;Bellersweg;Beckum;0,0;1,1;0,0;0,1;0,0;0,1
21;NL:Q:43130040;Bellersweg;Beckum;1,0;0,1;0,1;0,0;0,1;0,0
21;NL:Q:43130050;Sluitersdijk;Beckum;0,2;0,6;0,1;0,2;0,0;0,1
21;NL:Q:43130060;Sluitersdijk;Beckum;0,5;0,3;0,2;0,1;0,1;0,0
21;NL:Q:43130070;Wolfkaterweg;Beckum;0,6;6,4;0,3;3,7;0,3;2,0
21;NL:Q:43130080;Wolfkaterweg;Beckum;5,9;0,7;3,1;0,6;1,6;0,2
21;NL:Q:43130090;R.K. Kerk;Beckum;1,6;2,2;0,3;1,5;0,0;0,8
21;NL:Q:43130100;R.K. Kerk;Beckum;3,0;1,3;3,1;0,5;1,2;0,1
21;NL:Q:43130140;Bentelerweg;Beckum;0,3;0,1;0,0;0,1;0,1;0,0
21;NL:Q:43150010;Grens;Buurse;0,6;0,1;0,0;0,0;0,0;0,0
21;NL:Q:43150020;Grens;Buurse;0,0;0,7;0,0;0,0;0,0;0,0
21;NL:Q:43150030;Braambrug;Buurse;0,1;0,0;0,0;0,0;0,0;0,0
21;NL:Q:43150040;Braambrug;Buurse;0,0;0,1;0,0;0,0;0,0;0,0
21;NL:Q:43150050;Garage Den Posten;Buurse;0,2;0,0;0,0;0,0;0,0;0,0
21;NL:Q:43150060;Garage Den Posten;Buurse;0,0;0,9;0,0;0,0;0,0;0,0
21;NL:Q:43150090;Zendvelderweg;Buurse;0,2;0,0;0,0;0,0;0,0;0,0
21;NL:Q:43150100;Zendvelderweg;Buurse;0,0;0,3;0,0;0,0;0,0;0,0
21;NL:Q:43150110;Hofweg;Buurse;0,3;0,0;0,0;0,0;0,0;0,0
21;NL:Q:43150120;Hofweg;Buurse;0,0;0,3;0,0;0,0;0,0;0,0
21;NL:Q:43150130;Koekkoeksbrug;Buurse;0,1;0,1;0,0;0,0;0,0;0,0
21;NL:Q:43150140;Koekkoeksbrug;Buurse;0,0;0,1;0,0;0,0;0,0;0,0
21;NL:Q:43150150;Cafe Winkelman;Buurse;2,3;1,5;0,0;0,0;0,0;0,0
21;NL:Q:43160150;Cafe De Witte;Hengevelde;0,7;1,1;0,0;0,0;0,0;0,0
21;NL:Q:43160152;Cafe De Witte;Hengevelde;1,8;1,5;0,0;0,2;0,0;0,0
21;NL:Q:43160160;Cafe De Witte;Hengevelde;1,1;0,9;0,0;0,0;0,0;0,0
21;NL:Q:43160162;Cafe De Witte;Hengevelde;1,2;2,3;0,0;0,1;0,0;0,0
21;NL:Q:43160210;Cafe Roesscher;Hengevelde;0,4;0,0;0,0;0,0;0,0;0,0
21;NL:Q:43160220;Cafe Roesscher;Hengevelde;0,0;0,2;0,0;0,0;0,0;0,0
21;NL:Q:43160250;Kerk;Hengevelde;5,8;14,4;0,8;2,0;0,0;0,0
21;NL:Q:43160260;Kerk;Hengevelde;14,4;5,0;1,5;0,5;0,0;0,0
21;NL:Q:43160310;Transformatorhuis;Hengevelde;0,1;0,3;0,0;0,0;0,0;0,0
21;NL:Q:43160320;Transformatorhuis;Hengevelde;0,2;0,3;0,0;0,0;0,0;0,0
21;NL:Q:43160370;Centrum;St. Isidorushoeve;1,1;1,6;0,1;0,5;0,0;0,0
21;NL:Q:43160382;Centrum;St. Isidorushoeve;1,5;1,0;0,1;0,1;0,0;0,0
21;NL:Q:43160390;Weg naar Rietmolen;St. Isidorushoeve;0,3;0,3;0,0;0,1;0,0;0,0
21;NL:Q:43160400;Weg naar Rietmolen;St. Isidorushoeve;0,3;0,4;0,1;0,0;0,0;0,0
21;NL:Q:43170010;Driesprong;Lonneker;0,2;0,3;0,1;0,2;0,0;0,1
21;NL:Q:43170030;Lonnekermolenweg;Losser;0,1;0,2;0,2;0,1;0,2;0,1
21;NL:Q:43170040;Lonnekermolenweg;Losser;0,0;0,1;0,1;0,6;0,1;0,1
21;NL:Q:43170050;Oude Losserseweg;Losser;0,0;0,3;0,0;0,1;0,0;0,1
21;NL:Q:43170060;Oude Losserseweg;Losser;0,2;0,1;0,1;0,0;0,0;0,0
21;NL:Q:43170070;Landweerweg;Losser;0,1;0,8;0,0;0,2;0,0;0,1
21;NL:Q:43170080;Landweerweg;Losser;0,9;0,1;0,4;0,1;0,1;0,0
21;NL:Q:43170100;Pompstation;Losser;0,4;0,1;0,3;0,2;0,0;0,0
21;NL:Q:43180030;Dorpsstraat;Lonneker;0,3;3,5;0,2;1,4;0,1;0,8
21;NL:Q:43180040;Dorpsstraat;Lonneker;2,4;0,2;0,6;0,2;0,3;0,0
21;NL:Q:43180050;Scholten Reimerstraat;Lonneker;2,4;8,7;0,6;2,0;0,6;0,7
21;NL:Q:43180060;Scholten Reimerstraat;Lonneker;9,2;2,7;2,9;0,9;1,1;0,7
21;NL:Q:43180070;Beukerweg;Lonneker;0,2;1,2;0,1;1,0;0,0;0,3
21;NL:Q:43180080;Beukerweg;Lonneker;1,0;0,3;1,1;0,2;0,3;0,0
21;NL:Q:43180090;Landweerweg;Lonneker;0,2;0,9;0,1;0,4;0,0;0,2
21;NL:Q:43180100;Landweerweg;Lonneker;0,6;0,1;0,2;0,0;0,2;0,0
21;NL:Q:43180110;Prins Bernhardpark;Lonneker;0,1;0,7;0,0;0,1;0,0;0,1
21;NL:Q:43180120;Prins Bernhardpark;Lonneker;0,9;0,2;0,2;0,1;0,1;0,0
21;NL:Q:43180130;Veendijk;Lonneker;0,4;0,5;0,1;0,4;0,0;0,3
21;NL:Q:43180140;Veendijk;Lonneker;0,4;0,3;0,4;0,0;0,1;0,0
21;NL:Q:43180160;Hanzepoort;Oldenzaal;11,2;4,7;2,5;2,5;1,1;1,7
21;NL:Q:43210020;Berfloplein;Hengelo;6,5;0,1;1,5;0,0;0,0;0,0
21;NL:Q:43210040;Brouwerijstraat;Hengelo;0,8;0,1;0,3;0,1;0,0;0,0
21;NL:Q:43210050;Brouwerijstraat;Hengelo;0,1;0,7;0,1;0,3;0,0;0,0
21;NL:Q:43210060;Twekkelerplein;Hengelo;4,2;0,5;1,9;0,0;0,0;0,0
21;NL:Q:43210070;Twekkelerplein;Hengelo;0,8;4,7;0,6;2,5;0,0;0,0
21;NL:Q:43210080;Athenestraat;Hengelo;3,1;0,0;0,8;0,0;0,0;0,0
21;NL:Q:43210090;Athenestraat;Hengelo;0,1;3,5;0,0;0,8;0,0;0,0
21;NL:Q:43210100;Berfloplein;Hengelo;0,2;5,8;0,1;1,5;0,0;0,0
21;NL:Q:43210110;Berfloweg;Hengelo;0,1;1,9;0,1;1,0;0,0;0,0
21;NL:Q:43210120;Berfloweg;Hengelo;1,0;0,0;0,5;0,0;0,0;0,0
21;NL:Q:43210130;Pruisische Veldweg;Hengelo;0,2;2,0;0,0;0,7;0,0;0,0
21;NL:Q:43210140;Pruisische Veldweg;Hengelo;1,5;0,0;0,3;0,0;0,0;0,0
21;NL:Q:43210150;Vuurdoornplein;Hengelo;11,7;20,5;1,9;4,5;0,0;0,0
21;NL:Q:43210160;Vuurdoornplein;Hengelo;11,6;0,2;4,0;0,7;0,0;0,0
21;NL:Q:43210170;Goudenregenstraat;Hengelo;0,7;1,1;0,3;0,7;0,0;0,0
21;NL:Q:43210180;Jasmijnstraat;Hengelo;6,5;4,8;1,2;0,4;0,0;0,0
21;NL:Q:43210190;Heraklesstraat;Hengelo;0,6;4,8;0,1;1,1;0,0;0,0
21;NL:Q:43210200;Heraklesstraat;Hengelo;6,4;0,0;1,5;0,0;0,0;0,0
21;NL:Q:43210290;Gerardus Majella;Hengelo;4,9;8,7;1,8;3,1;1,2;2,6
21;NL:Q:43210300;Gerardus Majella;Hengelo;6,7;4,7;1,3;3,0;1,3;1,7
21;NL:Q:43210380;Wkc Hengelose Es;Hengelo;26,8;5,3;10,4;2,1;0,0;0,0
21;NL:Q:43210390;Wkc Hengelose Es;Hengelo;6,3;28,0;4,4;16,2;3,9;8,0
21;NL:Q:43210430;Achterhoek;Hengelo;6,5;1,2;2,8;0,3;0,0;0,0
21;NL:Q:43210440;Achterhoek;Hengelo;0,9;6,5;0,7;3,0;0,8;1,6
21;NL:Q:43210520;Steenmeijerstraat;Hengelo;3,0;1,1;2,6;1,4;0,6;0,2
21;NL:Q:43210580;Pasteurstraat;Hengelo;3,8;4,9;2,0;3,3;0,6;0,7
21;NL:Q:43210590;Twickelcollege;Hengelo;7,0;5,6;2,5;2,1;0,6;0,4
21;NL:Q:43210610;Narcisstraat;Hengelo;0,4;1,2;0,2;0,6;0,1;0,3
21;NL:Q:43210645;Industriestraat;Hengelo;0,8;3,3;0,5;1,9;0,2;0,6
21;NL:Q:43210650;Nijverheidsstraat;Hengelo;1,0;1,9;0,6;1,0;0,3;0,6
21;NL:Q:43210670;Krabbenbosplein;Hengelo;2,2;2,0;2,5;2,8;0,4;0,7
21;NL:Q:43210690;Catharinastraat;Hengelo;2,3;4,3;1,2;2,5;0,5;1,3
21;NL:Q:43210710;Gezinastraat;Hengelo;1,7;2,6;0,5;1,4;0,4;0,3
21;NL:Q:43210730;Laurastraat;Hengelo;1,0;1,4;0,6;1,1;0,1;0,3
21;NL:Q:43210750;Babcockstraat;Hengelo;0,8;2,1;0,8;1,7;0,2;0,9
21;NL:Q:43210770;Zernikestraat;Hengelo;1,5;2,7;0,9;1,5;0,4;0,3
21;NL:Q:43210790;Meijersweg;Hengelo;0,3;1,0;0,2;0,7;0,0;0,1
21;NL:Q:43210820;Willem de Clerqstraat;Hengelo;0,8;1,9;0,4;0,8;0,0;0,2
21;NL:Q:43210850;Lansinkesweg;Hengelo;15,7;1,5;0,5;0,0;0,4;0,1
21;NL:Q:43210860;Lansinkesweg;Hengelo;1,7;29,2;0,0;1,1;0,0;0,6
21;NL:Q:43210890;GOLS-straat;Hengelo;0,1;0,2;0,0;0,1;0,0;0,0
21;NL:Q:43210940;Griegstraat;Hengelo;3,8;4,7;2,8;2,7;0,3;0,6
21;NL:Q:43210960;Kasbah;Hengelo;8,1;7,4;3,2;2,3;0,5;0,6
21;NL:Q:43210980;Paganinistraat;Hengelo;7,6;8,6;5,0;5,7;0,6;1,1
21;NL:Q:43211011;Centraal Station;Hengelo;334,9;2,5;130,7;1,5;82,3;0,6
21;NL:Q:43211012;Centraal Station;Hengelo;60,1;5,9;24,7;1,6;3,1;0,7
21;NL:Q:43211016;Centraal Station;Hengelo;45,2;73,2;26,4;37,3;8,1;8,0
21;NL:Q:43211017;Centraal Station;Hengelo;49,9;52,8;13,7;14,1;0,0;0,0
21;NL:Q:43211019;Centraal Station;Hengelo;182,8;9,8;74,6;1,1;44,8;0,4
21;NL:Q:43211020;Centraal Station;Hengelo;413,5;339,1;107,8;109,1;106,1;52,0
21;NL:Q:43211022;Centraal Station;Hengelo;77,7;0,5;25,9;0,1;15,3;0,0
21;NL:Q:43211023;Centraal Station;Hengelo;0,0;14,4;0,0;0,0;0,0;0,0
21;NL:Q:43211024;Centraal Station;Hengelo;102,5;635,7;22,4;220,2;4,9;122,8
21;NL:Q:43211030;Grundellaan;Hengelo;0,6;0,6;0,8;0,2;0,1;0,0
21;NL:Q:43211040;Grundellaan;Hengelo;0,6;1,2;0,1;0,6;0,0;0,4
21;NL:Q:43211060;Staringstraat;Hengelo;3,2;1,5;1,1;0,7;0,3;0,2
21;NL:Q:43211070;Klaverstraat;Hengelo;3,4;1,8;0,7;0,8;0,2;0,1
21;NL:Q:43211080;Klaverstraat;Hengelo;1,1;3,3;0,7;1,0;0,1;0,4
21;NL:Q:43211090;Van Koetsveldstraat;Hengelo;4,3;0,2;2,3;0,0;0,4;0,1
21;NL:Q:43211100;Van Koetsveldstraat;Hengelo;0,2;4,7;0,1;1,9;0,0;0,4
21;NL:Q:43211110;Rhijnvis Feithstraat;Hengelo;6,9;0,3;2,6;0,1;0,6;0,0
21;NL:Q:43211120;Rhijnvis Feithstraat;Hengelo;0,7;7,8;0,4;2,7;0,1;0,5
21;NL:Q:43211130;Jan Prinsstraat;Hengelo;8,4;0,4;2,6;0,0;1,0;0,0
21;NL:Q:43211140;Jan Prinsstraat;Hengelo;1,7;24,8;0,9;9,9;0,3;2,3
21;NL:Q:43211150;Willem de Merodestraat;Hengelo;6,1;2,9;3,4;1,9;0,8;0,4
21;NL:Q:43211170;'t Swafert;Hengelo;4,2;2,8;2,7;1,9;0,7;0,4
21;NL:Q:43211190;Wkc Groot Driene;Hengelo;15,3;3,0;8,8;2,7;2,0;0,2
21;NL:Q:43211200;Boomgaard;Hengelo;12,7;7,5;4,7;3,3;1,2;0,6
21;NL:Q:43211230;Sportlaan Driene;Hengelo;5,7;11,2;2,9;3,8;0,5;0,4
21;NL:Q:43211240;IKEA;Hengelo;4,8;16,7;4,1;14,8;2,8;8,0
21;NL:Q:43211250;IKEA;Hengelo;16,8;6,5;14,2;4,6;8,0;2,5
21;NL:Q:43211260;Vosboer;Hengelo;2,4;9,9;0,2;1,3;0,1;0,7
21;NL:Q:43211270;Vosboer;Hengelo;7,6;2,8;0,6;0,2;0,4;0,0
21;NL:Q:43211280;Wkc Groot Driene;Hengelo;3,0;0,3;0,0;0,0;0,0;0,0
21;NL:Q:43211290;Wkc Groot Driene;Hengelo;0,3;2,6;0,0;0,0;0,0;0,0
21;NL:Q:43211350;Wkc Hasselo;Hengelo;29,9;5,3;14,7;3,2;6,1;0,0
21;NL:Q:43211360;Wkc Hasselo;Hengelo;2,9;22,1;1,7;8,4;0,0;0,0
21;NL:Q:43211370;Wkc Hasselo;Hengelo;0,3;4,1;0,5;5,2;0,6;7,3
21;NL:Q:43211380;Robert Stolzstraat;Hengelo;0,6;2,5;1,0;1,9;1,6;3,9
21;NL:Q:43211410;Middelhoek;Hengelo;15,2;7,3;5,1;4,1;3,4;2,7
21;NL:Q:43211420;Middelhoek;Hengelo;3,7;8,6;1,1;1,9;0,0;0,0
21;NL:Q:43211450;Molendijkhoek;Hengelo;20,4;9,5;7,6;4,7;4,2;4,8
21;NL:Q:43211460;Molendijkhoek;Hengelo;3,0;12,2;0,7;3,8;0,0;0,0
21;NL:Q:43211490;Bovenhoek;Hengelo;40,7;15,2;17,7;7,5;7,3;7,0
21;NL:Q:43211500;Bovenhoek;Hengelo;4,6;26,6;0,5;9,2;0,0;0,0
21;NL:Q:43211510;Bruninkshoek;Hengelo;24,7;7,1;10,0;3,1;4,4;2,8
21;NL:Q:43211520;Bruninkshoek;Hengelo;2,0;17,7;0,4;6,4;0,0;0,0
21;NL:Q:43211530;Schothorsthoek;Hengelo;8,9;0,7;4,1;0,3;2,2;0,1
21;NL:Q:43211540;Schothorsthoek;Hengelo;0,5;12,5;0,1;7,7;0,1;5,1
21;NL:Q:43211570;Tijertshoek;Hengelo;6,2;5,8;2,0;1,7;0,0;0,0
21;NL:Q:43211580;Tijertshoek;Hengelo;9,4;8,1;1,7;2,1;0,0;0,0
21;NL:Q:43211590;Plein;Hengelo;3,1;0,7;2,3;0,3;1,0;0,1
21;NL:Q:43211600;Plein;Hengelo;1,0;3,2;0,3;1,4;0,2;0,8
21;NL:Q:43211610;Campus West;Hengelo;5,5;3,5;0,5;0,1;0,2;0,2
21;NL:Q:43211620;Campus West;Hengelo;3,1;5,5;0,1;0,6;0,0;0,2
21;NL:Q:43211630;Holec;Hengelo;8,7;1,0;0,2;0,0;0,0;0,0
21;NL:Q:43211640;Holec;Hengelo;0,7;8,6;0,0;0,6;0,1;0,1
21;NL:Q:43211670;Stadskantoor;Hengelo;17,4;4,5;1,1;0,1;0,0;0,0
21;NL:Q:43211680;Stadskantoor;Hengelo;3,8;19,5;0,5;2,7;0,6;1,4
21;NL:Q:43211710;Roershoek;Hengelo;11,7;12,0;4,1;6,1;3,0;4,1
21;NL:Q:43211720;Roershoek;Hengelo;8,7;8,4;2,7;2,8;0,0;0,0
21;NL:Q:43211730;Kristenbos;Hengelo;15,2;3,8;3,7;0,7;0,0;0,0
21;NL:Q:43211740;Kristenbos;Hengelo;2,9;13,3;1,7;6,3;2,1;4,6
21;NL:Q:43211750;Beekpark;Hengelo;4,3;13,3;1,4;6,1;2,0;3,5
21;NL:Q:43211760;Beekpark;Hengelo;14,8;5,2;2,9;0,6;0,0;0,0
21;NL:Q:43211870;Wkc Slangenbeek;Hengelo;18,4;28,1;8,8;14,3;11,1;10,0
21;NL:Q:43211880;Wkc Slangenbeek;Hengelo;30,4;19,3;10,4;4,5;0,0;0,0
21;NL:Q:43212010;Grundellaan;Hengelo;24,0;4,2;5,9;0,9;3,4;1,3
21;NL:Q:43212020;Grundellaan;Hengelo;2,9;24,4;0,2;6,2;0,2;3,2
21;NL:Q:43212030;Haverweg;Hengelo;28,9;12,5;12,0;8,6;7,5;3,3
21;NL:Q:43212040;Haverweg;Hengelo;11,6;34,6;7,2;13,4;2,3;6,8
21;NL:Q:43212050;Henriette Roland Holststraat;Hengelo;2,0;0,1;0,0;0,0;0,0;0,0
21;NL:Q:43212060;Oude Grensweg;Hengelo;2,4;10,3;0,9;4,6;0,9;3,0
21;NL:Q:43212080;Henriette Roland Holststraat;Hengelo;0,2;2,3;0,0;0,0;0,0;0,0
21;NL:Q:43212100;De Brink;Hengelo;11,9;1,8;8,8;0,6;3,0;0,2
21;NL:Q:43212110;De Brink;Hengelo;0,7;26,7;0,4;26,2;0,7;6,6
21;NL:Q:43212120;Slachthuisweg;Hengelo;7,6;3,0;0,7;0,5;0,4;0,2
21;NL:Q:43212130;Slachthuisweg;Hengelo;2,4;9,4;0,7;1,6;0,5;1,1
21;NL:Q:43212140;Twente Milieu;Hengelo;5,4;1,4;0,3;0,1;0,1;0,0
21;NL:Q:43212150;Twente Milieu;Hengelo;1,5;6,9;0,1;0,8;0,2;0,2
21;NL:Q:43212180;Expo Westermaat;Hengelo;0,1;0,1;0,1;0,0;0,0;0,0
21;NL:Q:43212190;Expo Westermaat;Hengelo;0,2;0,3;0,0;0,1;0,0;0,0
21;NL:Q:43212260;Thiemsbrug;Hengelo;15,2;4,3;9,7;1,9;4,3;1,0
21;NL:Q:43212270;'t Wilbert West;Hengelo;1,6;1,4;0,4;0,2;0,2;0,0
21;NL:Q:43212280;'t Wilbert West;Hengelo;0,7;1,4;0,2;0,5;0,3;0,4
21;NL:Q:43212290;'t Wilbert Oost;Hengelo;8,6;1,0;1,8;0,1;0,0;0,0
21;NL:Q:43212300;'t Wilbert Oost;Hengelo;1,7;8,6;0,5;3,2;0,2;2,2
21;NL:Q:43212470;Boldershoekweg;Hengelo;0,1;1,5;0,0;0,0;0,0;0,0
21;NL:Q:43212480;Boldershoekweg;Hengelo;0,9;0,1;0,0;0,0;0,0;0,0
21;NL:Q:43212530;Onyxstraat;Hengelo;0,0;1,6;0,0;0,0;0,0;0,0
21;NL:Q:43212540;Onyxstraat;Hengelo;1,2;0,1;0,0;0,0;0,0;0,0
21;NL:Q:43212550;Makro;Hengelo;0,9;7,6;0,0;0,0;0,0;0,0
21;NL:Q:43212560;Makro;Hengelo;4,9;0,5;0,0;0,0;0,0;0,0
21;NL:Q:43212590;Thiemsbrug;Hengelo;22,8;4,3;16,0;1,8;4,6;0,8
21;NL:Q:43212600;Thiemsbrug;Hengelo;4,1;35,8;1,7;24,7;0,9;10,2
21;NL:Q:43212610;Campus Oost;Hengelo;3,2;0,8;0,2;0,2;0,0;0,0
21;NL:Q:43212620;Campus Oost;Hengelo;0,7;4,1;0,2;0,5;0,1;0,4
21;NL:Q:43212750;Europalaan;Hengelo;0,3;0,1;0,0;0,0;0,0;0,0
21;NL:Q:43212760;Europalaan;Hengelo;0,0;0,5;0,0;0,0;0,0;0,0
21;NL:Q:43212810;Buitenweg;Hengelo;1,3;2,6;0,5;1,7;0,4;0,8
21;NL:Q:43212820;Buitenweg;Hengelo;2,4;2,6;1,1;0,8;0,4;0,3
21;NL:Q:43212830;Geerdinksweg;Hengelo;1,5;2,5;0,5;1,3;0,4;0,7
21;NL:Q:43212840;Geerdinksweg;Hengelo;1,5;2,1;0,8;1,0;0,7;0,5
21;NL:Q:43212850;IJsselstraat;Hengelo;1,7;3,2;1,2;0,8;0,6;0,4
21;NL:Q:43212860;IJsselstraat;Hengelo;3,6;2,6;1,3;2,0;0,5;0,8
21;NL:Q:43212870;Vockersweg;Hengelo;0,7;10,2;0,3;1,3;0,1;0,4
21;NL:Q:43212880;Vockersweg;Hengelo;9,7;0,7;0,9;0,2;0,2;0,1
21;NL:Q:43212900;Platinastraat;Hengelo;8,0;4,2;1,7;1,3;0,4;0,6
21;NL:Q:43212910;Dieselstraat;Hengelo;3,4;2,0;2,5;0,5;0,8;0,6
21;NL:Q:43212920;Dieselstraat;Hengelo;0,6;1,7;0,4;1,4;0,3;1,1
21;NL:Q:43212930;Platinastraat;Hengelo;4,6;1,1;0,0;0,0;0,0;0,0
21;NL:Q:43213010;M.A. de Ruyterstraat;Hengelo;0,7;4,6;0,1;0,3;0,0;0,0
21;NL:Q:43213020;M.A. de Ruyterstraat;Hengelo;5,3;0,6;0,6;0,1;0,4;0,2
21;NL:Q:43213050;Backenhagenlaan;Hengelo;0,3;6,9;0,1;1,5;0,0;0,0
21;NL:Q:43213060;Backenhagenlaan;Hengelo;7,9;0,5;1,9;0,3;1,6;0,4
21;NL:Q:43213070;Hamerstraat;Hengelo;0,5;4,3;0,2;1,7;0,0;0,0
21;NL:Q:43213080;Hamerstraat;Hengelo;4,9;1,1;2,2;0,6;0,8;1,2
21;NL:Q:43213090;Klaas de Rookstraat;Hengelo;0,7;5,0;0,3;1,5;0,0;0,0
21;NL:Q:43213100;Klaas de Rookstraat;Hengelo;6,7;1,6;3,1;0,9;3,4;1,3
21;NL:Q:43213150;Westelijke Esweg;Hengelo;2,8;0,9;0,8;0,3;0,0;0,0
21;NL:Q:43213170;Westelijke Esweg;Hengelo;1,2;2,6;0,3;0,9;0,0;0,0
21;NL:Q:43213300;ZGT Hoofdingang;Hengelo;11,7;8,6;2,4;1,0;0,9;0,4
21;NL:Q:43213320;Aletta Jacobslaan;Hengelo;1,3;1,0;0,5;0,7;0,5;0,4
21;NL:Q:43213340;Sabina Klinkhamerweg;Hengelo;4,0;3,1;1,5;1,0;0,4;0,8
21;NL:Q:43214030;Het Broek;Hengelo;17,0;20,9;3,5;7,2;5,0;6,2
21;NL:Q:43214040;Het Broek;Hengelo;18,7;13,4;4,4;2,3;0,0;0,0
21;NL:Q:43214050;Akzo Poort 1;Hengelo;0,2;2,3;0,0;0,0;0,0;0,0
21;NL:Q:43214060;Akzo Poort 1;Hengelo;1,8;0,1;0,0;0,0;0,0;0,0
21;NL:Q:43214070;Willem de Kooningstraat;Hengelo;10,9;0,9;1,9;0,1;0,0;0,0
21;NL:Q:43214080;Willem de Kooningstraat;Hengelo;0,8;12,1;0,3;2,8;0,9;1,7
21;NL:Q:43214990;Station Hengelo Oost;Hengelo;0,9;1,8;0,0;0,0;0,0;0,0
21;NL:Q:43215000;Station Hengelo Oost;Hengelo;2,9;3,8;0,6;1,0;0,2;0,3
21;NL:Q:43215010;Klein Driene;Hengelo;13,2;3,4;5,4;2,2;4,2;0,6
21;NL:Q:43215020;Klein Driene;Hengelo;3,8;14,4;2,8;6,0;0,9;5,0
21;NL:Q:43215030;De Noork;Hengelo;25,1;4,2;10,7;2,3;6,7;1,2
21;NL:Q:43215040;De Noork;Hengelo;3,8;26,8;2,2;11,0;1,1;10,3
21;NL:Q:43218090;Sabastraat;Hengelo;5,8;3,9;4,9;2,3;1,2;0,6
21;NL:Q:43218110;Balistraat;Hengelo;1,3;0,5;0,3;0,3;0,2;0,0
21;NL:Q:43218130;Mitchamplein;Hengelo;0,9;1,1;0,4;0,8;0,0;0,2
21;NL:Q:43220011;Molkenboer;Oldenzaal;3,2;3,1;0,8;1,9;0,0;0,0
21;NL:Q:43220012;Molkenboer;Oldenzaal;3,2;4,9;1,3;0,9;0,0;0,0
21;NL:Q:43220100;Kalheupinklaan;Oldenzaal;0,1;0,0;0,0;0,0;0,0;0,0
21;NL:Q:43220110;Kalheupinklaan;Oldenzaal;0,0;0,2;0,0;0,0;0,0;0,0
21;NL:Q:43220150;Johanna van Burenlaan;Oldenzaal;8,5;8,7;1,9;2,7;0,0;0,0
21;NL:Q:43220170;Wkc De Thij;Oldenzaal;17,6;18,2;4,6;4,5;0,0;0,0
21;NL:Q:43220190;Cato Elderinklaan;Oldenzaal;15,1;14,7;2,4;2,0;0,0;0,0
21;NL:Q:43220260;Saasvelderlaan;Oldenzaal;6,0;5,3;1,0;1,1;0,0;0,0
21;NL:Q:43220270;Oude Postweg;Oldenzaal;1,5;0,7;0,3;0,3;0,2;0,6
21;NL:Q:43220280;Oude Postweg;Oldenzaal;0,7;2,2;0,1;0,6;0,2;0,4
21;NL:Q:43220290;Nardusboer;Oldenzaal;1,8;1,9;1,0;1,1;0,0;0,0
21;NL:Q:43220400;Griekenlandlaan;Oldenzaal;3,5;0,2;0,2;0,1;0,0;0,0
21;NL:Q:43220410;Ziekenhuis;Oldenzaal;10,3;6,7;2,5;3,8;1,0;2,2
21;NL:Q:43220411;Ziekenhuis;Oldenzaal;5,6;14,3;2,7;3,4;0,8;1,4
21;NL:Q:43220430;Hofmeijerstraat;Oldenzaal;4,7;9,6;2,0;3,1;0,6;1,3
21;NL:Q:43220440;Hofmeijerstraat;Oldenzaal;4,6;5,1;1,9;2,4;0,7;0,7
21;NL:Q:43220450;Vos de Waelstraat;Oldenzaal;26,5;16,0;6,9;4,8;1,5;1,9
21;NL:Q:43220460;Vos de Waelstraat;Oldenzaal;19,6;26,0;3,3;7,7;1,9;1,6
21;NL:Q:43220470;Richter Bosstraat;Oldenzaal;5,6;8,1;2,4;2,8;1,9;1,6
21;NL:Q:43220490;Thijsniederweg;Oldenzaal;9,1;4,3;1,5;1,1;0,0;0,0
21;NL:Q:43220500;Koksweg;Oldenzaal;0,2;0,1;0,1;0,0;0,0;0,0
21;NL:Q:43220511;Tijgaardenstraat;Oldenzaal;1,6;5,9;0,6;1,5;0,0;0,0
21;NL:Q:43220521;Tijgaardenstraat;Oldenzaal;6,3;0,6;1,2;0,4;0,0;0,0
21;NL:Q:43220531;Viaduct Graven Es;Oldenzaal;0,4;4,9;0,2;1,2;0,0;0,0
21;NL:Q:43220541;Viaduct Graven Es;Oldenzaal;4,5;0,3;0,8;0,3;0,0;0,0
21;NL:Q:43220551;Engelbertinklaan;Oldenzaal;0,2;6,7;0,0;2,2;0,0;0,0
21;NL:Q:43220561;Engelbertinklaan;Oldenzaal;6,3;0,1;1,5;0,1;0,0;0,0
21;NL:Q:43220570;Hunenveldweg;Oldenzaal;0,6;22,5;0,1;3,3;0,0;0,0
21;NL:Q:43220580;Hunenveldweg;Oldenzaal;18,9;0,1;2,2;0,0;0,0;0,0
21;NL:Q:43220590;Griekenlandlaan;Oldenzaal;0,4;2,0;0,1;0,4;0,0;0,0
21;NL:Q:43220690;Wkc De Essen;Oldenzaal;3,6;1,4;0,5;0,3;0,0;0,0
21;NL:Q:43220700;Wkc De Essen;Oldenzaal;2,0;3,7;0,3;0,7;0,0;0,0
21;NL:Q:43220710;Nachtschade;Oldenzaal;0,8;1,7;0,1;0,1;0,0;0,0
21;NL:Q:43220720;Nachtschade;Oldenzaal;2,7;0,7;0,3;0,3;0,0;0,0
21;NL:Q:43220730;Zevenblad;Oldenzaal;2,5;1,2;0,5;0,3;0,0;0,0
21;NL:Q:43220740;Zevenblad;Oldenzaal;1,6;2,3;0,5;0,5;0,0;0,0
21;NL:Q:43220760;Bentheimergraven;Oldenzaal;1,3;0,8;0,3;0,1;0,0;0,0
21;NL:Q:43220761;Bentheimergraven;Oldenzaal;1,0;0,9;0,4;0,6;0,0;0,0
21;NL:Q:43220790;Thijlaan;Oldenzaal;2,5;3,6;0,3;0,4;0,0;0,0
21;NL:Q:43220841;Station;Oldenzaal;93,0;89,8;20,4;16,8;9,3;10,0
21;NL:Q:43220842;Station;Oldenzaal;69,3;79,8;18,4;43,7;8,7;21,6
21;NL:Q:43220843;Station;Oldenzaal;17,0;20,1;3,7;3,6;0,0;0,0
21;NL:Q:43220851;Hyacintstraat;Oldenzaal;0,6;5,4;0,3;1,1;0,0;0,0
21;NL:Q:43220861;Hyacintstraat;Oldenzaal;4,8;1,3;0,9;0,8;0,0;0,0
21;NL:Q:43220900;Station;Oldenzaal;151,4;155,0;47,9;38,9;23,2;10,1
21;NL:Q:43220910;Station;Oldenzaal;84,4;70,3;22,9;0,1;0,0;0,0
21;NL:Q:43221040;Loweg;Oldenzaal;0,1;0,7;0,0;0,2;0,0;0,3
21;NL:Q:43221210;Wkc Zuid Berghuizen;Oldenzaal;30,6;5,7;12,9;1,6;5,0;0,4
21;NL:Q:43221220;Wkc Zuid Berghuizen;Oldenzaal;7,5;27,4;3,1;10,9;0,5;3,5
21;NL:Q:43221250;Schapendijk;Oldenzaal;7,1;2,5;1,8;0,8;1,3;0,2
21;NL:Q:43221260;Schapendijk;Oldenzaal;1,8;8,4;0,5;3,2;0,4;2,0
21;NL:Q:43221270;Lossersestraat;Oldenzaal;0,5;0,3;0,2;0,1;0,0;0,0
21;NL:Q:43221280;Lossersestraat;Oldenzaal;0,2;0,3;0,1;0,1;0,0;0,0
21;NL:Q:43221290;Postweg;Losser;0,4;0,3;0,1;0,1;0,0;0,0
21;NL:Q:43221300;Postweg;Losser;0,1;1,0;0,0;0,4;0,0;0,0
21;NL:Q:43221450;J.H. Nieuwenhuisstraat;Oldenzaal;9,7;2,1;2,1;0,4;1,0;0,2
21;NL:Q:43221460;J.H. Nieuwenhuisstraat;Oldenzaal;1,6;11,2;0,6;2,1;0,2;0,8
21;NL:Q:43221470;Elsmors;Oldenzaal;10,9;1,6;1,2;0,1;0,5;0,0
21;NL:Q:43221480;Elsmors;Oldenzaal;1,3;12,1;0,3;2,1;0,2;1,0
21;NL:Q:43221500;Hanzepoort;Oldenzaal;3,8;11,9;1,9;1,8;1,2;1,3
21;NL:Q:43221510;Zandhorstlaan;Oldenzaal;6,6;6,2;1,7;1,7;0,0;0,0
21;NL:Q:43221530;Hunenveldlaan;Oldenzaal;9,1;2,4;2,0;0,5;0,0;0,0
21;NL:Q:43222010;Ganzenmarkt;Oldenzaal;0,1;0,2;0,0;0,0;0,0;0,0
21;NL:Q:43222020;Ganzenmarkt;Oldenzaal;0,1;0,1;0,1;0,0;0,0;0,0
21;NL:Q:43222030;De Molenkamp;Oldenzaal;0,1;0,5;0,0;0,1;0,0;0,0
21;NL:Q:43222040;De Molenkamp;Oldenzaal;0,1;0,2;0,0;0,0;0,0;0,0
21;NL:Q:43222060;De Grote Zwaan;De Lutte;0,0;0,2;0,0;0,1;0,0;0,0
21;NL:Q:43222650;Oliemolenstraat;Oldenzaal;12,1;10,3;3,6;4,1;2,4;1,6
21;NL:Q:43222660;Oliemolenstraat;Oldenzaal;4,9;3,5;0,9;0,4;0,4;0,4
21;NL:Q:43230010;Bentelerweg;Stepelo;0,1;0,3;0,0;0,2;0,0;0,1
21;NL:Q:43230030;Beckummerweg;Stepelo;0,1;0,8;0,2;0,7;0,2;0,2
21;NL:Q:43230040;Beckummerweg;Stepelo;0,7;0,1;0,4;0,1;0,2;0,0
21;NL:Q:43230050;Deelweg;Stepelo;0,2;0,9;0,0;0,3;0,0;0,2
21;NL:Q:43230060;Deelweg;Stepelo;1,0;0,1;0,4;0,0;0,3;0,0
21;NL:Q:43230070;Hulstweg;Stepelo;0,2;0,7;0,1;0,2;0,0;0,0
21;NL:Q:43230080;Hulstweg;Stepelo;0,6;0,3;0,3;0,4;0,1;0,1
21;NL:Q:43230110;Metaalstraat;Haaksbergen;2,6;5,0;0,2;0,6;0,0;0,3
21;NL:Q:43230120;Metaalstraat;Haaksbergen;4,6;3,5;0,4;0,2;0,3;0,2
21;NL:Q:43230140;Veldmaterstraat;Haaksbergen;3,7;22,9;1,1;8,6;0,7;5,5
21;NL:Q:43240010;De Grote Zwaan;De Lutte;0,1;0,0;0,1;0,0;0,0;0,0
21;NL:Q:43240030;Hanhofweg;De Lutte;0,0;0,1;0,0;0,1;0,0;0,0
21;NL:Q:43240040;Hanhofweg;De Lutte;0,1;0,0;0,1;0,0;0,0;0,0
21;NL:Q:43240050;R.K. Kerk;De Lutte;1,9;4,5;0,1;0,3;0,0;0,0
21;NL:Q:43240100;Sporthal;De Lutte;0,1;0,0;0,0;0,0;0,0;0,0
21;NL:Q:43250050;Losserhof;Losser;0,4;2,7;0,2;1,3;0,0;0,0
21;NL:Q:43250060;Losserhof;Losser;2,1;0,6;1,0;0,2;0,0;0,0
21;NL:Q:43250090;Snippertweg;Losser;0,1;1,7;0,0;0,6;0,0;0,0
21;NL:Q:43250100;Snippertweg;Losser;1,4;0,2;0,2;0,0;0,0;0,0
21;NL:Q:43250110;Irisstraat;Losser;0,1;2,5;0,0;0,6;0,0;0,0
21;NL:Q:43250120;Irisstraat;Losser;2,8;0,3;0,5;0,0;0,0;0,0
21;NL:Q:43250130;R.K. Kerk;Losser;1,8;31,1;0,5;8,2;0,4;4,0
21;NL:Q:43250140;R.K. Kerk;Losser;31,7;1,4;9,1;0,5;4,7;0,3
21;NL:Q:43250150;Langenkamp;Losser;1,6;1,4;0,6;0,9;0,2;0,4
21;NL:Q:43250160;Langenkamp;Losser;0,1;1,7;0,1;0,6;0,1;0,4
21;NL:Q:43250170;Arendstraat;Losser;0,8;18,8;0,4;6,2;0,2;4,2
21;NL:Q:43250180;Arendstraat;Losser;21,5;0,9;6,9;0,2;4,6;0,1
21;NL:Q:43250370;Prins Bernhardstraat;Overdinkel;0,2;14,3;0,1;5,1;0,0;2,8
21;NL:Q:43250380;Prins Bernhardstraat;Overdinkel;15,3;0,3;5,9;0,0;2,7;0,0
21;NL:Q:43250390;Tjibbe Knolstraat;Overdinkel;0,3;15,5;0,1;5,6;0,1;2,7
21;NL:Q:43250400;Schoolstraat;Overdinkel;49,6;38,4;16,2;12,5;7,4;6,2
21;NL:Q:43250440;Tjibbe Knolstraat;Overdinkel;8,4;0,1;2,3;0,1;1,6;0,0
21;NL:Q:43250510;Pompstation;Losser;0,0;0,4;0,0;0,3;0,1;0,1
21;NL:Q:43250520;R.K. Kerk;Overdinkel;12,7;0,1;3,9;0,3;2,1;0,0
21;NL:Q:43250530;Kranengoorweg;Losser;0,0;0,8;0,0;2,0;0,0;0,2
21;NL:Q:43250540;Kranengoorweg;Losser;0,2;0,0;0,4;0,0;0,0;0,0
21;NL:Q:43250550;Broekhoekweg;Losser;0,1;4,1;0,0;2,7;0,0;1,4
21;NL:Q:43250560;Broekhoekweg;Losser;2,3;0,0;2,9;0,0;0,8;0,0
21;NL:Q:43250570;St. Martinusschool;Losser;0,1;2,7;0,1;1,2;0,0;0,8
21;NL:Q:43250580;St. Martinusschool;Losser;2,5;0,3;0,7;0,0;0,5;0,0
21;NL:Q:43250590;Dinkelbrug;Losser;0,0;0,7;0,1;0,2;0,0;0,0
21;NL:Q:43250600;Dinkelbrug;Overdinkel;0,7;0,1;0,1;0,0;0,0;0,0
21;NL:Q:43250610;Strootsweg;Losser;0,0;0,6;0,0;0,1;0,0;0,0
21;NL:Q:43250620;Strootsweg;Overdinkel;0,6;0,0;0,1;0,0;0,1;0,0
21;NL:Q:43250630;Kerkhofweg;Overdinkel;0,1;5,8;0,1;1,6;0,0;1,1
21;NL:Q:43250640;Kerkhofweg;Overdinkel;2,8;0,1;0,4;0,0;0,4;0,0
21;NL:Q:43250650;Haydnstraat;Losser;0,2;11,3;0,0;3,1;0,0;1,9
21;NL:Q:43250660;Haydnstraat;Losser;11,3;0,2;2,6;0,0;1,4;0,0
21;NL:Q:43250710;R.K. Kerk;Overdinkel;0,1;9,6;0,1;3,2;0,0;1,5
21;NL:Q:43251230;De Pol Noord;Losser;2,0;20,2;0,6;4,7;0,2;1,7
21;NL:Q:43251240;De Pol Noord;Losser;23,3;2,0;5,7;0,6;1,7;0,2
21;NL:Q:43259670;Haydnstraat;Losser;1,4;62,2;1,0;23,5;0,2;11,5
21;NL:Q:43259680;Haydnstraat;Losser;64,1;1,4;23,0;0,8;10,3;0,3
21;NL:Q:43259690;Doctor Staringstraat;Losser;34,3;3,1;14,5;1,2;7,4;0,9
21;NL:Q:43259700;Doctor Staringstraat;Losser;2,6;35,0;1,2;14,3;0,4;8,4
21;NL:Q:43310030;Dikkerslaan;Borne;0,8;0,6;1,2;0,3;0,4;0,1
21;NL:Q:43310040;Dikkerslaan;Borne;1,0;0,6;0,3;0,6;0,1;0,4
21;NL:Q:43310050;De Bieffel;Borne;1,8;2,0;0,3;0,2;0,2;0,2
21;NL:Q:43310090;Station;Borne;18,8;22,2;3,9;3,8;2,0;3,2
21;NL:Q:43310110;Europastraat;Borne;2,4;2,0;0,6;0,3;0,6;0,5
21;NL:Q:43310120;Europastraat;Borne;1,2;0,4;0,3;0,1;0,2;0,1
21;NL:Q:43310130;Grotestraat;Borne;3,1;1,3;0,8;0,2;0,3;0,1
21;NL:Q:43310140;Grotestraat;Borne;1,3;3,2;0,2;0,9;0,2;0,5
21;NL:Q:43310230;Paardebloem;Borne;0,0;0,0;0,0;0,0;0,0;0,0
21;NL:Q:43310240;Paardebloem;Borne;0,1;0,1;0,0;0,0;0,0;0,0
21;NL:Q:43310250;Wkc Stroom Esch;Borne;0,4;0,1;0,0;0,0;0,0;0,0
21;NL:Q:43310260;Wkc Stroom Esch;Borne;0,6;1,0;0,0;0,0;0,0;0,0
21;NL:Q:43310270;'t Dijkhuis;Borne;0,0;0,2;0,0;0,0;0,0;0,0
21;NL:Q:43310280;'t Dijkhuis;Borne;0,1;0,0;0,0;0,0;0,0;0,0
21;NL:Q:43310290;Het Witte Huis;Borne;1,1;1,2;0,5;0,6;0,2;0,1
21;NL:Q:43310300;Het Witte Huis;Borne;1,1;1,1;0,4;0,4;0,1;0,2
21;NL:Q:43310350;Wkc Letterveld;Borne;0,2;0,0;0,0;0,0;0,0;0,0
21;NL:Q:43310370;Seringenstraat;Borne;0,0;0,0;0,0;0,0;0,0;0,0
21;NL:Q:43310410;Grotestraat;Borne;0,0;0,1;0,0;0,0;0,0;0,0
21;NL:Q:43310420;Grotestraat;Borne;0,0;0,0;0,0;0,0;0,0;0,0
21;NL:Q:43311010;R.K. Kerk;Hertme;0,0;0,1;0,0;0,0;0,0;0,0
21;NL:Q:43311020;R.K. Kerk;Hertme;0,0;0,1;0,0;0,0;0,0;0,0
21;NL:Q:43311030;Dorsetplein;Borne;0,0;0,1;0,0;0,0;0,0;0,0
21;NL:Q:43311040;Dorsetplein;Borne;0,1;0,1;0,0;0,0;0,0;0,0
21;NL:Q:43320010;Koksweg;Beuningen;0,0;1,1;0,7;0,2;0,0;0,2
21;NL:Q:43320090;Saron;Beuningen;0,5;3,8;0,8;2,0;0,2;0,8
21;NL:Q:43320100;Saron;Beuningen;3,4;0,6;1,6;0,6;1,1;0,3
21;NL:Q:43320140;Beuningen;Beuningen;5,8;0,1;1,2;0,2;0,5;0,0
21;NL:Q:43330010;'t Laantje;Rossum;0,4;0,0;0,0;0,0;0,0;0,0
21;NL:Q:43330030;Paalmaatsdijk;Rossum;0,1;0,0;0,0;0,0;0,0;0,0
21;NL:Q:43330040;Paalmaatsdijk;Rossum;0,0;0,1;0,0;0,0;0,0;0,0
21;NL:Q:43330070;Grotestraat;Rossum;11,5;2,5;0,7;0,4;0,2;0,3
21;NL:Q:43330080;Grotestraat;Rossum;2,2;10,5;0,2;0,9;0,2;0,4
21;NL:Q:43330090;De Weeldbaan;Rossum;5,7;1,4;1,5;0,2;0,6;0,1
21;NL:Q:43330100;De Weeldbaan;Rossum;1,4;5,4;0,1;1,7;0,1;0,5
21;NL:Q:43330110;Tramweg;Rossum;0,6;0,1;0,0;0,1;0,1;0,0
21;NL:Q:43330120;Tramweg;Rossum;0,0;0,6;0,1;0,2;0,0;0,0
21;NL:Q:43330130;Boschweg;Rossum;0,9;0,2;0,1;0,1;0,0;0,1
21;NL:Q:43330140;Boschweg;Rossum;0,2;0,8;0,1;0,0;0,0;0,0
21;NL:Q:43330150;Bibliotheek;Rossum;0,0;0,0;0,0;0,0;0,0;0,0
21;NL:Q:43330160;Loweg;Oldenzaal;0,7;0,3;0,2;0,1;0,2;0,1
21;NL:Q:43330170;De Hersmole;Rossum;0,0;0,0;0,0;0,0;0,0;0,0
21;NL:Q:43340040;R.K. Kerk;Deurningen;4,7;0,2;1,7;0,0;0,0;0,0
21;NL:Q:43340050;R.K. Kerk;Deurningen;0,5;6,5;0,1;2,1;0,0;0,0
21;NL:Q:43340100;Grootsweg;Gammelke;0,4;0,1;0,1;0,0;0,0;0,0
21;NL:Q:43340110;Grootsweg;Gammelke;0,1;0,6;0,0;0,2;0,0;0,0
21;NL:Q:43340120;Wiefferweg;Gammelke;1,1;0,1;0,1;0,0;0,0;0,0
21;NL:Q:43340130;Wiefferweg;Gammelke;0,1;1,3;0,0;0,1;0,0;0,0
21;NL:Q:43340140;Veldzijde;Deurningen;3,9;0,5;1,3;0,2;0,0;0,0
21;NL:Q:43340150;Veldzijde;Deurningen;0,4;2,0;0,1;0,6;0,0;0,0
21;NL:Q:43350010;Bornsestraat;Weerselo;0,4;0,5;0,2;0,2;0,0;0,0
21;NL:Q:43350030;Het Stift;Weerselo;0,0;0,1;0,0;0,0;0,0;0,0
21;NL:Q:43350040;Het Stift;Weerselo;0,0;0,0;0,0;0,0;0,0;0,0
21;NL:Q:43350060;Gemeentehuis;Weerselo;0,6;0,6;0,0;0,0;0,0;0,0
21;NL:Q:43350070;Holtwijkerstraat;Weerselo;1,2;0,5;0,1;0,0;0,0;0,0
21;NL:Q:43350080;Holtwijkerstraat;Weerselo;0,4;3,1;0,0;1,2;0,0;0,0
21;NL:Q:43350090;Deurningerstraat;Weerselo;0,4;0,3;0,4;0,0;0,0;0,0
21;NL:Q:43350100;Deurningerstraat;Weerselo;0,2;0,4;0,0;0,3;0,0;0,0
21;NL:Q:43350110;Oude Weerseloseweg;Lemselo;0,1;0,5;0,0;0,1;0,0;0,0
21;NL:Q:43350120;Oude Weerseloseweg;Lemselo;0,5;0,0;0,0;0,0;0,0;0,0
21;NL:Q:43350130;Morsweg;Lemselo;0,1;0,2;0,0;0,0;0,0;0,0
21;NL:Q:43350140;Morsweg;Lemselo;0,2;0,0;0,0;0,0;0,0;0,0
21;NL:Q:43350170;Ittersbergstraat;Weerselo;13,0;7,5;1,6;1,5;0,0;0,0
21;NL:Q:43350180;Ittersbergstraat;Weerselo;8,2;12,1;1,1;1,7;0,0;0,0
21;NL:Q:43350190;Het Hoikinck;Weerselo;6,9;1,6;2,2;0,2;0,0;0,0
21;NL:Q:43350200;Het Hoikinck;Weerselo;2,6;5,7;0,3;1,2;0,0;0,0
21;NL:Q:43350210;Sporthal;Weerselo;0,0;0,1;0,0;0,0;0,0;0,0
21;NL:Q:43350220;Sporthal;Weerselo;0,1;0,0;0,0;0,0;0,0;0,0
21;NL:Q:43350230;Cafe Bruins;Saasveld;0,9;0,1;0,0;0,0;0,0;0,0
21;NL:Q:43350240;Cafe Bruins;Saasveld;0,2;1,0;0,0;0,0;0,0;0,0
21;NL:Q:43350250;Echelpoelweg;Gammelke;0,0;0,2;0,0;0,0;0,0;0,0
21;NL:Q:43350260;Echelpoelweg;Gammelke;0,1;0,0;0,0;0,0;0,0;0,0
21;NL:Q:43350270;Gammelkerstraat;Gammelke;0,0;0,3;0,0;0,1;0,0;0,0
21;NL:Q:43350280;Gammelkerstraat;Gammelke;0,3;0,0;0,1;0,0;0,0;0,0
21;NL:Q:43350290;Ootmarsumsedijk;Lemselo;0,5;2,4;0,1;0,4;0,0;0,0
21;NL:Q:43350300;Ootmarsumsedijk;Lemselo;2,4;0,5;0,1;0,1;0,0;0,0
21;NL:Q:43350330;Oude Deurningerstraat;Gammelke;0,5;0,0;0,0;0,0;0,0;0,0
21;NL:Q:43350340;Oude Deurningerstraat;Gammelke;0,0;0,5;0,0;0,0;0,0;0,0
21;NL:Q:43350350;Voortmorsstraat;Weerselo;1,6;1,2;2,1;0,3;0,0;0,0
21;NL:Q:43350360;Voortmorsstraat;Weerselo;1,0;1,4;0,3;0,2;0,0;0,0
21;NL:Q:43360131;Mozartstraat;Almelo;1,0;0,8;0,3;0,3;0,0;0,0
21;NL:Q:43380010;Hondorp;Gelselaar;1,3;2,2;0,4;0,5;0,0;0,0
21;NL:Q:43380020;Hondorp;Gelselaar;2,2;1,6;0,5;0,3;0,0;0,0
21;NL:Q:43380070;School;Geesteren;0,0;0,3;0,0;0,1;0,0;0,0
21;NL:Q:43380080;School;Geesteren;0,3;0,0;0,0;0,0;0,0;0,0
21;NL:Q:43380110;Baan;Geesteren;0,5;4,3;0,3;1,6;0,0;0,0
21;NL:Q:43380120;Baan;Geesteren;4,5;0,6;1,8;0,2;0,0;0,0
21;NL:Q:43380150;Bouwhuis;Geesteren;0,1;0,4;0,0;0,2;0,0;0,0
21;NL:Q:43380160;Bouwhuis;Geesteren;0,1;0,0;0,1;0,0;0,0;0,0
21;NL:Q:43400010;Kerkweg;Tilligte;0,1;0,1;0,0;0,0;0,0;0,0
21;NL:Q:43400020;Kerkweg;Tilligte;0,1;0,1;0,0;0,0;0,0;0,0
21;NL:Q:43400030;Wiemselweg;Tilligte;0,0;0,0;0,0;0,0;0,0;0,0
21;NL:Q:43400040;Wiemselweg;Tilligte;0,0;0,0;0,0;0,0;0,0;0,0
21;NL:Q:43400100;Dusinksweg;Tilligte;0,0;0,0;0,0;0,0;0,0;0,0
21;NL:Q:43400120;Cafe Arends;Lattrop;0,2;0,3;0,0;0,0;0,0;0,0
21;NL:Q:43400130;R.K. Kerk;Lattrop;0,0;0,1;0,0;0,0;0,0;0,0
21;NL:Q:43400140;R.K. Kerk;Lattrop;0,3;0,0;0,0;0,0;0,0;0,0
21;NL:Q:43400170;Viersprong;Lattrop;0,0;0,1;0,0;0,0;0,0;0,0
21;NL:Q:43400180;Viersprong;Lattrop;0,0;0,0;0,0;0,0;0,0;0,0
21;NL:Q:43400190;Cafe Arends;Lattrop;0,3;0,5;0,0;0,0;0,0;0,0
21;NL:Q:43400210;Viersprong De Holtweijde;Lattrop;0,0;0,2;0,0;0,0;0,0;0,0
21;NL:Q:43400220;Viersprong De Holtweijde;Lattrop;0,2;0,0;0,0;0,0;0,0;0,0
21;NL:Q:43410010;Mastboersweg;Zenderen;0,1;0,1;0,0;0,0;0,0;0,0
21;NL:Q:43410050;Old Coopers Hall;Zenderen;4,4;2,0;1,8;0,9;0,8;0,7
21;NL:Q:43410060;Old Coopers Hall;Zenderen;1,8;4,1;1,0;1,5;0,5;0,7
21;NL:Q:43410090;Reefsweg;Zenderen;0,8;1,1;0,1;0,6;0,1;0,5
21;NL:Q:43410100;Reefsweg;Zenderen;1,0;0,8;0,2;0,0;0,2;0,2
21;NL:Q:43410120;De Bieffel;Borne;1,2;2,6;0,2;0,2;0,0;0,2
21;NL:Q:43420010;Beuningen;Beuningen;0,0;5,8;0,0;1,3;0,0;0,5
21;NL:Q:43420030;Dinkeloord;Denekamp;0,2;1,4;0,1;1,0;0,0;0,4
21;NL:Q:43420040;Dinkeloord;Denekamp;1,3;0,1;1,6;0,0;0,9;0,0
21;NL:Q:43420110;Julianastraat;Denekamp;0,0;0,0;0,0;0,0;0,0;0,0
21;NL:Q:43420150;Churchillstraat;Denekamp;0,2;23,1;0,0;7,6;0,0;4,1
21;NL:Q:43420160;Churchillstraat;Denekamp;23,3;0,1;7,0;0,0;4,7;0,0
21;NL:Q:43420170;Onder de Linden;Denekamp;56,4;48,7;13,0;11,3;7,7;5,2
21;NL:Q:43420210;Veldkampsweg;Denekamp;0,2;26,4;0,1;7,0;0,0;4,6
21;NL:Q:43420220;Veldkampsweg;Denekamp;28,5;0,3;8,5;0,0;4,1;0,0
21;NL:Q:43420230;St. Nicolaasstichting;Denekamp;0,0;0,0;0,0;0,0;0,0;0,0
21;NL:Q:43420240;St. Nicolaasstichting;Denekamp;0,0;0,0;0,0;0,0;0,0;0,0
21;NL:Q:43420270;De Borghert;Denekamp;0,1;7,3;0,0;2,5;0,0;1,1
21;NL:Q:43420280;De Borghert;Denekamp;7,1;0,1;1,6;0,0;1,1;0,0
21;NL:Q:43420290;De Volharding;Denekamp;0,1;9,1;0,1;4,2;0,0;2,4
21;NL:Q:43420300;De Volharding;Denekamp;9,4;0,1;3,7;0,0;2,1;0,0
21;NL:Q:43420310;Den Alerdink;Denekamp;0,0;0,0;0,0;0,0;0,0;0,0
21;NL:Q:43420320;Den Alerdink;Denekamp;0,0;0,1;0,0;0,0;0,0;0,0
21;NL:Q:43420330;Israelisch Kerkhof;Denekamp;0,1;0,0;0,0;0,0;0,0;0,0
21;NL:Q:43420340;Israelisch Kerkhof;Denekamp;0,0;0,1;0,0;0,0;0,0;0,0
21;NL:Q:43420370;Oranjestraat;Denekamp;0,8;35,9;0,0;14,3;0,0;5,8
21;NL:Q:43420380;Oranjestraat;Denekamp;32,7;0,1;13,7;0,1;5,4;0,0
21;NL:Q:43420390;Wilhelminastraat;Denekamp;0,0;0,3;0,0;0,0;0,0;0,0
21;NL:Q:43420400;Gerardus Majella;Denekamp;0,0;0,0;0,0;0,0;0,0;0,0
21;NL:Q:43430010;Oosterveldsweg;Vasse;0,4;0,9;0,1;0,0;0,0;0,1
21;NL:Q:43430030;De Roezenberg;Vasse;0,1;0,3;0,1;0,1;0,1;0,0
21;NL:Q:43430040;De Roezenberg;Vasse;0,3;0,2;0,1;0,1;0,1;0,0
21;NL:Q:43430050;Nutterseweg;Ootmarsum;0,5;0,6;0,2;0,1;1,0;0,1
21;NL:Q:43430060;Nutterseweg;Ootmarsum;0,4;0,7;0,2;0,1;0,3;0,0
21;NL:Q:43430070;Bielebelt;Ootmarsum;0,6;0,2;0,0;0,0;0,4;0,0
21;NL:Q:43430080;Bielebelt;Ootmarsum;0,2;0,7;0,1;0,1;0,0;0,0
21;NL:Q:43430090;Denekamperstraat;Ootmarsum;31,5;32,5;5,7;6,1;4,4;3,0
21;NL:Q:43430110;Molenstraat;Ootmarsum;0,3;0,7;0,0;0,0;0,0;0,0
21;NL:Q:43430130;Almelosestraat;Ootmarsum;2,0;1,0;0,6;0,5;0,4;0,3
21;NL:Q:43430140;Almelosestraat;Ootmarsum;1,0;2,8;0,4;0,9;0,6;0,7
21;NL:Q:43430330;Bovenesweg;Vasse;0,0;0,2;0,2;0,2;0,3;0,0
21;NL:Q:43430340;Bovenesweg;Vasse;0,0;0,1;0,1;0,2;0,6;0,0
21;NL:Q:43430350;Vasserweg;Ootmarsum;0,7;1,5;0,1;0,5;0,0;0,7
21;NL:Q:43430360;Vasserweg;Ootmarsum;0,6;0,1;0,2;0,0;0,1;0,0
21;NL:Q:43430510;Laagsestraat;Ootmarsum;2,0;0,2;0,0;0,0;0,0;0,0
21;NL:Q:43430520;Laagsestraat;Ootmarsum;0,1;0,0;0,0;0,0;0,0;0,0
21;NL:Q:43430530;Winhofflaan;Ootmarsum;0,0;0,2;0,0;0,0;0,0;0,0
21;NL:Q:43430540;Winhofflaan;Ootmarsum;0,0;0,0;0,0;0,0;0,0;0,0
21;NL:Q:43430810;Stobbenkamp;Ootmarsum;6,5;2,4;3,4;0,9;3,2;0,4
21;NL:Q:43430820;Stobbenkamp;Ootmarsum;3,3;7,0;1,6;3,7;0,6;2,3
21;NL:Q:43430830;Wolfsbree;Ootmarsum;11,1;3,7;1,3;0,6;1,1;0,3
21;NL:Q:43430840;Wolfsbree;Ootmarsum;3,7;10,5;0,5;1,6;0,4;0,8
21;NL:Q:43430850;Kleinesweg;Ootmarsum;5,2;1,1;0,5;0,4;0,3;0,3
21;NL:Q:43430860;Kleinesweg;Ootmarsum;1,1;5,4;0,6;1,0;0,7;0,7
21;NL:Q:43430870;Enktermorsweg;Ootmarsum;0,1;0,1;0,0;0,0;0,0;0,0
21;NL:Q:43430880;Enktermorsweg;Ootmarsum;0,1;0,0;0,0;0,0;0,0;0,0
21;NL:Q:43430890;Groot Agelo;Ootmarsum;0,4;0,2;0,0;0,1;0,0;0,0
21;NL:Q:43430900;Groot Agelo;Ootmarsum;0,1;0,5;0,0;0,0;0,1;0,6
21;NL:Q:43430910;Voortsweg;Ootmarsum;0,9;0,5;0,2;0,0;0,2;0,0
21;NL:Q:43430920;Voortsweg;Ootmarsum;0,5;0,8;0,0;0,1;0,5;0,1
21;NL:Q:43430930;Agelerbrug;Ootmarsum;0,0;0,0;0,0;0,0;0,0;0,0
21;NL:Q:43430940;Agelerbrug;Ootmarsum;0,0;0,1;0,0;0,0;0,0;0,0
21;NL:Q:43430960;'t Laantje;Ootmarsum;0,0;0,5;0,0;0,0;0,0;0,0
21;NL:Q:43430970;Cafe Groot Agelo;Agelo;0,1;0,0;0,0;0,0;0,0;0,0
21;NL:Q:43430980;Cafe Groot Agelo;Agelo;0,0;0,1;0,0;0,0;0,0;0,0
21;NL:Q:43440070;Businesspark Twente;Almelo;0,1;0,7;0,0;0,0;0,0;0,0
21;NL:Q:43440080;Businesspark Twente;Almelo;0,6;0,2;0,1;0,0;0,0;0,0
21;NL:Q:43450010;Gemeentehuis;Diepenheim;1,4;11,3;0,2;2,8;0,0;0,0
21;NL:Q:43450020;Gemeentehuis;Diepenheim;11,8;1,1;2,2;0,3;0,0;0,0
21;NL:Q:43450030;Warmelo;Diepenheim;0,1;0,4;0,0;0,2;0,0;0,0
21;NL:Q:43450040;Warmelo;Diepenheim;0,2;0,3;0,1;0,0;0,0;0,0
21;NL:Q:43450050;Boszicht;Diepenheim;0,0;0,4;0,0;0,1;0,0;0,0
21;NL:Q:43450090;Lindelaan;Diepenheim;0,1;6,3;0,1;1,4;0,0;0,0
21;NL:Q:43450100;Lindelaan;Diepenheim;6,6;0,1;0,9;0,1;0,0;0,0
21;NL:Q:43450110;Schipbeekbrug;Diepenheim;0,1;1,4;0,1;0,4;0,0;0,0
21;NL:Q:43450120;Schipbeekbrug;Diepenheim;1,4;0,0;0,5;0,0;0,0;0,0
21;NL:Q:43450130;Roesink;Diepenheim;0,0;0,1;0,0;0,0;0,0;0,0
21;NL:Q:43450140;Roesink;Diepenheim;0,3;0,0;0,0;0,0;0,0;0,0
21;NL:Q:43510010;Centraal Station;Almelo;0,0;3,4;0,0;0,0;0,0;0,0
21;NL:Q:43510011;Centraal Station;Almelo;51,7;52,5;6,5;6,4;0,0;0,0
21;NL:Q:43510013;Centraal Station;Almelo;104,5;125,0;24,8;27,2;10,2;8,4
21;NL:Q:43510014;Centraal Station;Almelo;276,8;272,9;69,3;67,8;36,0;29,4
21;NL:Q:43510017;Centraal Station;Almelo;169,7;127,9;39,1;29,3;31,0;19,9
21;NL:Q:43510018;Centraal Station;Almelo;289,9;244,8;55,0;38,0;30,2;27,6
21;NL:Q:43510031;Centrumplein;Almelo;3,5;0,6;1,3;0,2;0,0;0,0
21;NL:Q:43510032;Centrumplein;Almelo;1,2;4,0;0,6;3,2;0,0;0,0
21;NL:Q:43510033;Centrumplein;Almelo;1,2;11,4;1,1;5,5;0,0;0,0
21;NL:Q:43510034;Centrumplein;Almelo;7,6;9,4;4,2;7,6;0,0;0,0
21;NL:Q:43510035;Centrumplein;Almelo;25,3;16,9;18,1;7,2;4,6;2,8
21;NL:Q:43510039;Centrumplein;Almelo;10,2;23,4;9,3;17,9;1,2;5,2
21;NL:Q:43510040;Centrumplein;Almelo;9,4;0,7;5,3;0,1;1,3;0,0
21;NL:Q:43510041;Centrumplein;Almelo;5,9;3,6;1,7;1,3;0,0;0,0
21;NL:Q:43510051;Boddenstraat;Almelo;19,6;3,1;12,7;0,5;2,8;0,2
21;NL:Q:43510052;Boddenstraat;Almelo;1,0;28,6;0,3;19,2;0,0;4,8
21;NL:Q:43510071;Brugstraat;Almelo;4,0;2,2;0,5;0,3;1,1;1,0
21;NL:Q:43510081;Tijhofslaan;Almelo;3,1;6,2;0,3;0,8;0,2;0,4
21;NL:Q:43510091;Vriezebrug;Almelo;5,1;2,8;1,2;1,1;0,9;0,7
21;NL:Q:43510100;Vredeveld;Almelo;14,5;7,0;3,4;1,3;0,0;0,0
21;NL:Q:43510110;De Klokkenbelt;Almelo;0,8;3,2;0,3;2,1;0,2;1,1
21;NL:Q:43510121;De Klokkenbelt;Almelo;5,0;7,1;1,7;2,3;1,1;0,8
21;NL:Q:43510123;;;2,7;0,9;0,7;0,3;0,0;0,0
21;NL:Q:43510130;Brandersweg;Almelo;0,6;4,9;0,3;2,7;0,2;3,3
21;NL:Q:43510140;Brandersweg;Almelo;3,2;0,6;1,6;0,2;0,0;0,0
21;NL:Q:43510150;St. Josephstraat;Almelo;4,6;12,2;3,6;7,3;1,7;4,3
21;NL:Q:43510160;St. Josephstraat;Almelo;10,5;3,2;3,9;1,5;0,0;0,0
21;NL:Q:43510190;Baniersweg;Almelo;1,3;5,6;0,6;2,4;0,6;2,0
21;NL:Q:43510200;Baniersweg;Almelo;5,4;1,6;1,6;0,7;0,0;0,0
21;NL:Q:43510210;Bevrijdingslaan;Almelo;3,4;6,5;1,6;2,6;1,7;2,6
21;NL:Q:43510220;Bevrijdingslaan;Almelo;5,2;2,5;1,6;0,5;0,0;0,0
21;NL:Q:43510230;Koningshoek;Almelo;4,4;2,3;0,7;0,4;0,0;0,0
21;NL:Q:43510240;Keppel;Almelo;3,8;6,5;1,1;2,5;1,1;2,2
21;NL:Q:43510250;Keppel;Almelo;4,1;2,9;1,3;0,6;0,0;0,0
21;NL:Q:43510260;Vredeveld;Almelo;11,3;15,8;3,5;5,3;4,4;4,0
21;NL:Q:43510270;De Eik;Almelo;11,9;7,5;1,8;1,3;0,0;0,0
21;NL:Q:43510280;De Eik;Almelo;13,5;17,6;4,0;4,9;2,1;4,3
21;NL:Q:43510290;De Haere;Almelo;10,5;7,0;4,4;2,1;0,0;0,0
21;NL:Q:43510300;De Haere;Almelo;14,1;14,1;7,5;8,3;5,1;5,0
21;NL:Q:43510310;Wkc Schelfhorst;Almelo;9,4;9,1;2,5;2,7;0,0;0,0
21;NL:Q:43510320;Wkc Schelfhorst;Almelo;13,9;17,2;7,5;7,6;3,2;3,9
21;NL:Q:43510330;Wickenburg;Almelo;4,2;6,2;0,9;2,0;0,0;0,0
21;NL:Q:43510340;Wickenburg;Almelo;11,6;9,6;7,0;6,5;3,4;4,8
21;NL:Q:43510350;Sandenburg;Almelo;3,1;3,7;0,8;1,0;0,0;0,0
21;NL:Q:43510360;Sandenburg;Almelo;9,4;7,0;3,7;2,5;1,4;1,6
21;NL:Q:43510370;Blikkenburg;Almelo;1,5;3,7;0,3;0,5;0,0;0,0
21;NL:Q:43510380;Blikkenburg;Almelo;6,9;3,6;2,8;1,6;1,8;1,0
21;NL:Q:43510390;Rustweg;Almelo;1,4;0,7;0,9;0,3;0,8;0,4
21;NL:Q:43510400;Rustweg;Almelo;0,9;3,2;0,2;1,1;0,0;0,0
21;NL:Q:43510410;Heetveldsweg;Almelo;6,5;2,7;2,8;0,9;2,4;0,3
21;NL:Q:43510411;Heetveldsweg;Almelo;1,5;3,1;0,3;1,1;0,3;0,6
21;NL:Q:43510420;Schelfhorstpark;Almelo;9,7;1,4;6,6;0,6;5,6;0,4
21;NL:Q:43510421;Schelfhorstpark;Almelo;1,5;9,3;0,7;3,7;0,3;0,9
21;NL:Q:43510430;Stadion;Almelo;0,6;8,4;0,3;1,0;0,0;0,0
21;NL:Q:43510440;Stadion;Almelo;8,0;0,5;3,0;0,5;2,2;0,2
21;NL:Q:43510470;Ziekenhuisgroep Twente;Almelo;36,3;30,5;8,2;7,2;4,5;3,0
21;NL:Q:43510480;Ziekenhuisgroep Twente;Almelo;5,8;13,8;1,0;1,6;0,0;0,0
21;NL:Q:43510485;Kalverstraat;Almelo;0,3;0,4;0,0;0,0;0,0;0,0
21;NL:Q:43510495;Kalverstraat;Almelo;0,4;0,5;0,0;0,1;0,0;0,0
21;NL:Q:43510750;Sporthal Rembrandtlaan;Almelo;2,4;13,1;0,9;4,9;0,3;6,1
21;NL:Q:43510751;Sporthal Rembrandtlaan;Almelo;0,5;5,1;0,1;1,8;0,0;0,0
21;NL:Q:43510760;Sporthal Rembrandtlaan;Almelo;12,8;2,8;4,5;1,2;3,1;0,4
21;NL:Q:43510770;Frederik van Eedenstraat;Almelo;2,4;7,4;0,8;1,7;0,4;1,1
21;NL:Q:43510780;Frederik van Eedenstraat;Almelo;10,2;2,9;2,5;1,4;0,7;0,3
21;NL:Q:43510790;Jacob van Ruysdaelstraat;Almelo;1,4;7,6;0,1;2,4;0,0;0,0
21;NL:Q:43510800;Jacob van Ruysdaelstraat;Almelo;8,2;0,6;2,7;0,0;0,0;0,0
21;NL:Q:43510870;Groot Bokhove;Almelo;3,6;1,3;2,0;1,1;0,7;0,3
21;NL:Q:43510880;Groot Bokhove;Almelo;1,0;2,8;0,6;0,9;0,0;0,0
21;NL:Q:43510890;De Wingerd;Almelo;5,4;9,3;2,5;2,5;0,9;1,1
21;NL:Q:43510900;De Wingerd;Almelo;5,1;6,1;1,3;2,3;0,6;1,2
21;NL:Q:43510910;De Koppel;Almelo;2,5;6,0;0,9;2,2;0,6;0,7
21;NL:Q:43510920;De Koppel;Almelo;5,7;3,9;1,9;1,6;0,6;0,6
21;NL:Q:43510960;Koningshoek;Almelo;3,6;6,0;0,5;1,8;1,4;2,4
21;NL:Q:43510970;KSG Canisius;Almelo;2,2;1,7;0,4;0,1;0,0;0,0
21;NL:Q:43511010;Appelstraat;Almelo;0,8;0,2;0,1;0,1;0,0;0,0
21;NL:Q:43511020;Appelstraat;Almelo;0,1;4,7;0,0;0,4;0,0;0,0
21;NL:Q:43511030;Groen van Prinstererstraat;Almelo;0,1;0,1;0,0;0,0;0,0;0,0
21;NL:Q:43511040;Groen van Prinstererstraat;Almelo;0,2;0,2;0,1;0,0;0,0;0,0
21;NL:Q:43511050;Sweelincklaan;Almelo;0,1;0,9;0,1;0,4;0,0;0,0
21;NL:Q:43511060;Sweelincklaan;Almelo;0,5;0,1;0,2;0,0;0,0;0,0
21;NL:Q:43511070;Obrechtstraat;Almelo;0,2;1,4;0,1;0,2;0,0;0,0
21;NL:Q:43511080;Obrechtstraat;Almelo;0,9;0,0;0,1;0,0;0,0;0,0
21;NL:Q:43511090;C. van Renneslaan;Almelo;0,5;2,8;0,3;1,0;0,0;0,0
21;NL:Q:43511100;Paganinistraat;Almelo;3,3;2,4;0,6;0,5;0,0;0,0
21;NL:Q:43511120;Tsjaikowskystraat;Almelo;3,3;3,1;0,6;0,5;0,0;0,0
21;NL:Q:43511140;Haydnlaan;Almelo;1,6;1,4;1,1;0,7;0,0;0,0
21;NL:Q:43511160;Hoog Schuilenburg;Almelo;1,5;1,5;0,6;0,4;0,0;0,0
21;NL:Q:43511200;Sibeliusstraat;Almelo;2,2;2,1;0,5;0,4;0,0;0,0
21;NL:Q:43511210;Nico Werkmanlaan;Almelo;1,9;2,2;0,0;0,4;0,0;0,0
21;NL:Q:43511220;Nico Werkmanlaan;Almelo;2,5;0,1;0,3;0,0;0,0;0,0
21;NL:Q:43511230;Nieuw Witvoet;Almelo;0,7;10,8;0,4;4,2;0,4;4,7
21;NL:Q:43511240;De Taling;Almelo;1,7;6,5;1,4;2,7;0,9;1,5
21;NL:Q:43511270;Vincent van Goghplein;Almelo;8,7;16,8;0,8;5,9;0,0;0,0
21;NL:Q:43511280;Vincent van Goghplein;Almelo;15,1;1,2;5,5;0,4;0,0;0,0
21;NL:Q:43511290;ROC De Sumpel;Almelo;0,6;51,5;0,0;1,5;0,0;0,0
21;NL:Q:43511300;ROC De Sumpel;Almelo;44,8;0,1;1,1;0,0;0,0;0,0
21;NL:Q:43511310;De Ara;Almelo;6,1;4,4;1,6;1,5;0,9;1,2
21;NL:Q:43511320;De Ara;Almelo;3,6;4,5;0,4;0,8;0,0;0,0
21;NL:Q:43511330;De Taling;Almelo;7,1;1,2;1,4;0,2;0,0;0,0
21;NL:Q:43511340;De Boerenzwaluw;Almelo;4,9;4,5;1,3;1,2;0,0;0,0
21;NL:Q:43511350;De Boerenzwaluw;Almelo;5,7;5,9;2,8;3,2;2,0;2,7
21;NL:Q:43511360;Wkc Windmolenbroek;Almelo;9,9;10,1;3,2;3,1;0,0;0,0
21;NL:Q:43511370;Wkc Windmolenbroek;Almelo;13,2;14,4;9,6;7,8;4,1;4,2
21;NL:Q:43511380;De Hop;Almelo;9,7;5,7;2,1;1,8;0,0;0,0
21;NL:Q:43511390;De Hop;Almelo;9,2;11,3;5,9;6,8;3,3;4,5
21;NL:Q:43511400;De Kolibrie;Almelo;5,4;6,1;3,2;3,1;2,8;3,3
21;NL:Q:43511410;De Kolibrie;Almelo;6,0;4,1;1,6;1,2;0,0;0,0
21;NL:Q:43511460;Nieuw Witvoet;Almelo;7,0;0,4;1,0;0,2;0,0;0,0
21;NL:Q:43511480;Betuining;Almelo;8,3;4,0;0,5;0,0;0,0;0,0
21;NL:Q:43511490;Betuining;Almelo;3,2;9,1;0,0;0,5;0,0;0,0
21;NL:Q:43511500;Grand Canal;Almelo;3,9;0,4;1,2;0,0;0,0;0,0
21;NL:Q:43511510;Grand Canal;Almelo;0,3;2,7;0,1;0,9;0,0;0,0
21;NL:Q:43511530;De Specht;Almelo;1,0;4,1;0,5;1,1;0,5;0,7
21;NL:Q:43511531;De Specht;Almelo;3,7;1,7;0,7;0,2;0,0;0,0
21;NL:Q:43511550;De Mees;Almelo;3,6;5,1;1,5;2,1;1,1;2,0
21;NL:Q:43511560;De Mees;Almelo;3,8;2,5;1,1;0,6;0,0;0,0
21;NL:Q:43511570;De Putter;Almelo;5,7;9,2;1,8;3,0;1,5;1,7
21;NL:Q:43511580;De Putter;Almelo;8,3;4,7;1,7;0,8;0,0;0,0
21;NL:Q:43511591;Buurstede;Almelo;5,4;6,4;2,0;2,4;0,6;1,6
21;NL:Q:43511593;Buurstede;Almelo;3,5;1,5;0,3;0,3;0,2;0,5
21;NL:Q:43511602;Buurstede;Almelo;7,0;8,1;2,1;2,8;1,9;1,1
21;NL:Q:43511610;De Patrijs;Almelo;3,6;6,2;1,1;2,0;1,0;1,1
21;NL:Q:43511620;De Patrijs;Almelo;8,8;4,9;1,2;0,6;0,0;0,0
21;NL:Q:43511640;Woonboulevard;Almelo;9,6;5,5;3,0;2,2;1,6;1,0
21;NL:Q:43511650;Woonboulevard;Almelo;1,5;16,6;0,2;1,4;0,0;0,0
21;NL:Q:43511670;Zwaluwenstraat;Almelo;0,4;0,2;0,0;0,0;0,0;0,0
21;NL:Q:43511680;Zwaluwenstraat;Almelo;0,2;0,8;0,1;0,5;0,0;0,0
21;NL:Q:43511690;Wondestraat;Almelo;1,1;0,8;0,6;0,1;0,0;0,0
21;NL:Q:43511700;Wondestraat;Almelo;0,5;1,1;0,2;0,5;0,0;0,0
21;NL:Q:43511710;Frans Halsstraat;Almelo;0,8;4,1;0,2;1,2;0,0;0,0
21;NL:Q:43511720;Frans Halsstraat;Almelo;8,1;0,7;1,7;0,1;0,0;0,0
21;NL:Q:43511730;Ten Dam;Almelo;2,6;1,8;0,2;0,0;0,0;0,0
21;NL:Q:43511740;Ten Dam;Almelo;1,7;2,6;0,0;0,2;0,0;0,0
21;NL:Q:43511750;Pergola;Almelo;1,4;0,1;0,2;0,0;0,0;0,0
21;NL:Q:43511760;Pergola;Almelo;0,2;1,2;0,0;0,4;0,0;0,0
21;NL:Q:43512051;De Klokkenbelt;Almelo;4,9;5,6;1,0;0,9;0,5;0,4
21;NL:Q:43512060;Viaduct;Almelo;3,2;1,4;0,1;0,2;0,0;0,0
21;NL:Q:43512070;Elsboerlaan;Almelo;15,5;2,6;0,2;0,8;0,0;0,4
21;NL:Q:43512080;Elsboerlaan;Almelo;2,6;16,5;1,4;0,2;0,4;0,1
21;NL:Q:43512090;Meulenbeldlaan;Almelo;0,3;3,1;0,1;1,2;0,0;0,7
21;NL:Q:43512100;Meulenbeldlaan;Almelo;2,3;0,3;0,7;0,1;0,3;0,0
21;NL:Q:43512110;Huize Alexandra;Almelo;0,6;6,2;0,2;2,3;0,1;2,0
21;NL:Q:43512120;Huize Alexandra;Almelo;8,6;0,7;2,8;0,4;1,6;0,1
21;NL:Q:43512130;Het Meulenbelt;Almelo;1,9;9,5;0,1;2,0;0,0;1,7
21;NL:Q:43512140;Het Meulenbelt;Almelo;9,4;1,9;2,0;0,1;1,2;0,1
21;NL:Q:43512160;Oostermaatweg;Vriezenveen;0,1;0,1;0,0;0,0;0,0;0,0
21;NL:Q:43512170;Markgraven;Almelo;0,5;4,0;0,1;0,4;0,1;0,4
21;NL:Q:43512180;Markgraven;Almelo;5,2;0,6;0,8;0,1;0,4;0,0
21;NL:Q:43512190;Karelskamp;Almelo;5,7;3,2;0,6;0,4;0,2;0,4
21;NL:Q:43512200;Karelskamp;Almelo;2,5;5,7;0,4;0,4;0,4;0,4
21;NL:Q:43512210;Oude Veemarkt;Almelo;2,0;1,9;0,6;0,6;0,5;0,2
21;NL:Q:43512220;Oude Veemarkt;Almelo;1,0;1,8;0,5;0,5;0,2;0,4
21;NL:Q:43512230;Violierstraat;Almelo;2,2;10,0;0,9;5,6;1,0;4,2
21;NL:Q:43512240;Violierstraat;Almelo;6,5;1,9;3,9;0,7;3,4;0,4
21;NL:Q:43512250;De Kei;Almelo;0,9;1,4;0,2;0,2;0,2;0,4
21;NL:Q:43512260;De Kei;Almelo;2,0;0,7;0,7;0,2;0,6;0,1
21;NL:Q:43512270;Planthofsweg;Almelo;1,1;3,0;0,1;0,0;0,0;0,0
21;NL:Q:43512280;Planthofsweg;Almelo;2,6;1,3;0,0;0,1;0,0;0,1
21;NL:Q:43512310;De Niendure;Almelo;0,1;0,1;0,0;0,0;0,0;0,8
21;NL:Q:43512320;De Niendure;Almelo;0,1;0,1;0,0;0,0;0,0;0,0
21;NL:Q:43512340;Mastboersweg;Almelo;0,1;0,1;0,0;0,1;0,0;0,0
21;NL:Q:43512410;Koningshoek;Almelo;5,0;6,4;1,1;1,5;0,3;0,8
21;NL:Q:43512420;Koningshoek;Almelo;7,0;4,2;1,0;0,9;0,6;0,3
21;NL:Q:43512430;Robbenhaarsweg;Almelo;0,4;3,2;0,2;1,1;0,2;0,5
21;NL:Q:43512440;Robbenhaarsweg;Almelo;3,6;0,3;0,9;0,3;0,4;0,3
21;NL:Q:43512450;Mariaparochie;Almelo;0,5;1,5;0,0;0,2;0,0;0,3
21;NL:Q:43512460;Mariaparochie;Almelo;1,0;0,3;0,1;0,1;0,2;0,0
21;NL:Q:43512470;Kampkuiper;Harbrinkhoek;0,6;5,7;0,0;1,1;0,2;0,8
21;NL:Q:43512480;Kampkuiper;Harbrinkhoek;6,1;0,6;0,5;0,0;0,4;0,2
21;NL:Q:43512490;Frielinkstraat;Harbrinkhoek;0,3;5,6;0,1;0,3;0,1;0,3
21;NL:Q:43512500;Frielinkstraat;Harbrinkhoek;6,1;0,3;0,5;0,1;0,4;0,0
21;NL:Q:43512510;Mariaparochie;Almelo;0,2;1,2;0,0;0,7;0,0;0,0
21;NL:Q:43512520;Mariaparochie;Almelo;0,8;0,4;0,1;0,1;0,0;0,0
21;NL:Q:43512540;Mekkelenberg;Albergen;0,5;0,2;0,2;0,0;0,0;0,0
21;NL:Q:43512550;Leuvinksveld;Harbrinkhoek;0,1;1,7;0,2;1,1;0,1;0,5
21;NL:Q:43512560;Leuvinksveld;Harbrinkhoek;1,7;0,1;0,9;0,1;0,5;0,0
21;NL:Q:43512610;Bellavistastraat;Almelo;0,2;11,0;0,0;0,2;0,0;0,0
21;NL:Q:43512611;Bellavistastraat;Almelo;4,1;0,3;0,1;0,1;0,0;0,0
21;NL:Q:43512670;Bavinkelsweg;Almelo;0,1;0,3;0,0;0,0;0,2;0,0
21;NL:Q:43512680;Bavinkelsweg;Almelo;0,4;0,2;0,1;0,0;0,0;0,0
21;NL:Q:43512790;Sluisweg;Almelo;0,7;0,0;0,0;0,0;0,0;0,0
21;NL:Q:43512810;Noordikslaan;Almelo;0,1;2,5;0,0;0,0;0,0;0,0
21;NL:Q:43512830;Van Riemsdijkweg;Almelo;0,0;0,3;0,0;0,0;0,0;0,0
21;NL:Q:43512840;Van Riemsdijkweg;Almelo;0,2;0,1;0,0;0,0;0,0;0,0
21;NL:Q:43512850;Van den Broekeweg;Almelo;1,0;9,6;0,0;0,4;0,0;0,0
21;NL:Q:43512860;Van den Broekeweg;Almelo;9,3;1,1;0,2;0,0;0,0;0,0
21;NL:Q:43512870;Beatrix de Rijkweg;Almelo;0,2;2,5;0,1;0,2;0,0;0,0
21;NL:Q:43512880;Beatrix de Rijkweg;Almelo;1,0;0,1;0,0;0,0;0,0;0,0
21;NL:Q:43512950;Valeriusstraat;Almelo;2,3;2,6;0,2;0,2;0,0;0,0
21;NL:Q:43514010;Egbert ten Catelaan;Almelo;0,7;6,2;0,3;0,3;0,0;0,0
21;NL:Q:43514020;Egbert ten Catelaan;Almelo;5,0;1,1;0,6;0,3;0,0;0,0
21;NL:Q:43530010;De Viersprong;Tubbergen;0,4;0,7;0,2;0,2;0,0;0,1
21;NL:Q:43530030;Boakenkampsweg;Vasse;0,0;0,3;0,0;0,1;0,0;0,1
21;NL:Q:43530040;Boakenkampsweg;Vasse;0,4;0,1;0,1;0,0;0,1;0,0
21;NL:Q:43530050;Bolscher;Vasse;1,9;4,4;0,2;0,7;0,4;0,8
21;NL:Q:43530060;Bolscher;Vasse;4,6;1,4;0,7;0,4;0,6;0,2
21;NL:Q:43530070;R.K. Kerk;Vasse;3,9;6,4;0,7;1,6;0,4;0,7
21;NL:Q:43530080;R.K. Kerk;Vasse;6,1;3,7;1,5;0,8;1,9;0,6
21;NL:Q:43530100;Oosterveldsweg;Vasse;0,4;0,6;0,0;0,1;0,0;0,0
21;NL:Q:43550280;R.K. Kerk;Reutum;0,8;0,5;0,0;0,0;0,0;0,0
21;NL:Q:43550310;Agelerweg;Reutum;0,0;0,0;0,0;0,0;0,0;0,0
21;NL:Q:43550320;Agelerweg;Reutum;0,0;0,0;0,0;0,0;0,0;0,0
21;NL:Q:43560012;Herman Heijermansstraat;Goor;8,8;1,1;1,1;0,3;0,0;0,0
21;NL:Q:43560014;Herman Heijermansstraat;Goor;0,5;9,6;0,4;1,5;0,0;0,0
21;NL:Q:43560020;Station;Goor;32,8;34,4;8,8;4,9;0,0;0,0
21;NL:Q:43560050;School;Elsenerbroek;0,0;0,0;0,0;0,0;0,0;0,0
21;NL:Q:43560060;School;Elsenerbroek;0,1;0,2;0,0;0,0;0,0;0,0
21;NL:Q:43560070;Korte Dijk;Goor;0,2;2,5;0,0;0,2;0,0;0,0
21;NL:Q:43560080;Korte Dijk;Goor;2,8;0,7;0,1;0,1;0,0;0,0
21;NL:Q:43560121;Station;Goor;35,8;32,5;6,9;7,6;0,0;0,0
21;NL:Q:43560125;Station;Goor;55,6;32,3;10,4;6,3;0,0;0,0
21;NL:Q:43560126;Station;Goor;33,8;52,2;8,5;9,5;0,0;0,0
21;NL:Q:43560130;Oad garage;Goor;3,5;1,5;0,3;0,3;0,0;0,0
21;NL:Q:43560140;Oad garage;Goor;1,4;3,7;0,1;0,4;0,0;0,0
21;NL:Q:43560210;Hazenkamp;Herikerberg;0,3;0,3;0,1;0,1;0,0;0,0
21;NL:Q:43560230;Jachtlust;Goor;3,3;8,7;0,4;0,5;0,0;0,0
21;NL:Q:43560240;Jachtlust;Goor;8,6;3,5;0,5;0,6;0,0;0,0
21;NL:Q:43560250;Huishoudschool;Goor;0,3;3,4;0,1;0,8;0,0;0,0
21;NL:Q:43560260;Huishoudschool;Goor;3,3;0,7;0,2;0,2;0,0;0,0
21;NL:Q:43560350;Reggebrug;Elsenerbroek;0,1;0,0;0,0;0,0;0,0;0,0
21;NL:Q:43560360;Reggebrug;Elsenerbroek;0,1;0,3;0,0;0,1;0,0;0,0
21;NL:Q:43560370;Zomerweg;Goor;1,3;0,7;0,1;0,1;0,0;0,0
21;NL:Q:43560380;Zomerweg;Goor;0,6;1,6;0,1;0,1;0,0;0,0
21;NL:Q:43560490;Kevelhamlaan;Goor;0,1;0,0;0,0;0,0;0,0;0,0
21;NL:Q:43560500;Kevelhamlaan;Goor;0,1;0,1;0,0;0,0;0,0;0,0
21;NL:Q:43560510;Ripperda;Goor;0,0;0,1;0,0;0,1;0,0;0,0
21;NL:Q:43560520;Ripperda;Goor;0,1;0,0;0,0;0,0;0,0;0,0
21;NL:Q:43560540;Boszicht;Diepenheim;0,3;0,0;0,1;0,0;0,0;0,0
21;NL:Q:43560610;Wiener Bentelerscheidingsweg;Goor;0,1;1,6;0,0;0,4;0,0;0,0
21;NL:Q:43560620;Wiener Bentelerscheidingsweg;Goor;1,2;0,2;0,2;0,0;0,0;0,0
21;NL:Q:43590010;Oostermaatweg;Vriezenveen;0,4;0,2;0,0;0,1;0,0;0,0
21;NL:Q:43590030;De Zuivering;Vriezenveen;0,4;2,8;0,2;0,5;0,0;0,2
21;NL:Q:43590040;De Zuivering;Vriezenveen;0,6;0,1;0,0;0,0;0,0;0,0
21;NL:Q:43590050;Zuivelfabriek;Vriezenveen;4,6;6,1;0,1;0,8;0,0;0,5
21;NL:Q:43590060;Zuivelfabriek;Vriezenveen;6,4;5,5;1,4;0,4;0,6;0,0
21;NL:Q:43590070;'t Midden;Vriezenveen;7,6;14,4;1,3;2,2;0,2;1,6
21;NL:Q:43590080;'t Midden;Vriezenveen;14,1;7,7;2,9;1,5;1,4;0,2
21;NL:Q:43590100;Westerveenweg;Vriezenveen;0,0;0,1;0,0;0,0;0,0;0,0
21;NL:Q:43590210;Sluisweg;Almelo;0,1;1,3;0,0;0,0;0,0;0,0
21;NL:Q:43590230;Albardastraat;Aadorp;0,1;4,3;0,0;0,4;0,0;0,0
21;NL:Q:43590240;Albardastraat;Aadorp;4,1;0,1;0,3;0,1;0,0;0,0
21;NL:Q:43590250;Berkenlaan;Aadorp;0,2;1,2;0,0;0,3;0,0;0,0
21;NL:Q:43590260;Berkenlaan;Aadorp;0,9;0,2;0,0;0,0;0,0;0,0
21;NL:Q:43590270;Peppellaan;Aadorp;0,2;2,2;0,0;1,0;0,0;0,0
21;NL:Q:43590280;Peppellaan;Aadorp;2,2;0,3;1,4;0,0;0,0;0,0
21;NL:Q:43590300;De Merel;Vriezenveen;4,4;0,0;0,8;0,0;0,0;0,0
21;NL:Q:43590310;Westerweilandweg;Vriezenveen;0,0;3,5;0,0;0,4;0,0;0,0
21;NL:Q:43590320;Westerweilandweg;Vriezenveen;4,8;0,3;0,9;0,0;0,0;0,0
21;NL:Q:43590330;De Nachtegaal;Vriezenveen;0,1;5,0;0,0;0,8;0,0;0,0
21;NL:Q:43590340;De Nachtegaal;Vriezenveen;5,8;0,0;1,1;0,0;0,0;0,0
21;NL:Q:43590540;Prinsenweg;Vriezenveen;1,1;0,0;0,1;0,0;0,0;0,0
21;NL:Q:43590550;Prinsenweg;Vriezenveen;0,1;0,8;0,0;0,3;0,0;0,0
21;NL:Q:43590700;Nieuwe Daarlerveenseweg;Vriezenveen;3,1;2,5;0,3;0,4;0,0;0,0
21;NL:Q:43590740;Karel Schaapstraat;Vriezenveen;8,0;0,1;1,3;0,0;0,0;0,0
21;NL:Q:43590750;Karel Schaapstraat;Vriezenveen;0,1;7,0;0,1;0,8;0,0;0,0
21;NL:Q:43590760;Broekland;Vriezenveen;3,5;0,0;0,9;0,0;0,0;0,0
21;NL:Q:43590770;Broekland;Vriezenveen;0,1;2,9;0,0;0,5;0,0;0,0
21;NL:Q:43590800;Petersburgstraat;Vriezenveen;10,2;0,0;1,5;0,0;0,0;0,0
21;NL:Q:43590810;Petersburgstraat;Vriezenveen;0,2;9,8;0,0;1,6;0,0;0,0
21;NL:Q:43598290;De Merel;Vriezenveen;0,1;4,0;0,0;0,7;0,0;0,0
21;NL:Q:43621010;N.H. Kerk;Wierden;1,3;1,7;0,9;1,0;0,0;0,0
21;NL:Q:43621020;N.H. Kerk;Wierden;0,2;1,9;0,1;0,7;0,0;0,0
21;NL:Q:43621030;Nijstad;Notter;0,2;0,0;0,0;0,0;0,0;0,0
21;NL:Q:43621040;Nijstad;Notter;0,1;0,2;0,0;0,0;0,0;0,0
21;NL:Q:43621050;Klokkendijk;Rijssen;0,5;0,4;0,1;0,1;0,0;0,0
21;NL:Q:43621070;Grimberg;Nijstad;0,1;0,1;0,0;0,1;0,0;0,0
21;NL:Q:43621080;Grimberg;Nijstad;0,1;0,1;0,0;0,1;0,0;0,0
21;NL:Q:43621130;Enterweg;Wierden;0,6;0,1;0,2;0,1;0,0;0,0
21;NL:Q:43621140;Enterweg;Wierden;0,1;0,4;0,1;0,2;0,0;0,0
21;NL:Q:43621170;Smeijerskampstraat;Wierden;1,0;2,0;0,2;1,0;0,0;0,0
21;NL:Q:43621180;Smeijerskampstraat;Wierden;1,9;0,9;0,8;0,1;0,0;0,0
21;NL:Q:43621190;Akeleistraat;Wierden;0,6;0,7;0,1;0,2;0,0;0,0
21;NL:Q:43621200;Akeleistraat;Wierden;2,4;0,4;0,9;0,0;0,0;0,0
21;NL:Q:43621210;Aadorpsweg;Wierden;1,3;1,6;0,1;0,0;0,0;0,0
21;NL:Q:43621220;Aadorpsweg;Wierden;2,5;1,8;0,2;0,4;0,0;0,0
21;NL:Q:43630010;Manderveenseweg;Tubbergen;0,0;1,2;0,0;0,1;0,0;0,2
21;NL:Q:43630060;Bruno van Ommenstraat;Tubbergen;10,5;5,0;1,7;1,3;0,6;0,6
21;NL:Q:43630070;Julianastraat;Tubbergen;2,8;6,3;0,7;1,2;0,5;0,8
21;NL:Q:43630080;Julianastraat;Tubbergen;10,5;6,7;1,8;1,5;0,9;0,6
21;NL:Q:43630090;Binnenveldsweg;Tubbergen;2,6;16,4;0,6;3,1;0,4;2,0
21;NL:Q:43630100;Binnenveldsweg;Tubbergen;17,9;2,0;3,2;0,5;2,5;0,3
21;NL:Q:43630110;Haarboersweg;Tubbergen;0,1;0,5;0,1;0,2;0,0;0,1
21;NL:Q:43630120;Haarboersweg;Tubbergen;0,3;0,1;0,0;0,2;0,3;0,0
21;NL:Q:43630140;De Viersprong;Tubbergen;0,6;0,9;0,2;0,5;0,1;0,3
21;NL:Q:43630150;Almeloseweg;Tubbergen;1,5;13,1;0,5;3,8;0,5;2,5
21;NL:Q:43630160;Almeloseweg;Tubbergen;18,4;4,9;5,1;1,6;2,8;0,4
21;NL:Q:43630530;Driesprong;Bruinehaar;0,3;0,3;0,0;0,1;0,0;0,0
21;NL:Q:43630570;Wiekslag;Tubbergen;7,5;7,7;0,6;1,2;0,0;0,0
21;NL:Q:43630700;Bruno van Ommenstraat;Tubbergen;1,1;8,1;0,3;1,3;0,2;0,7
21;NL:Q:43630710;Nijverheidsstraat;Tubbergen;0,4;0,4;0,7;0,8;0,0;0,0
21;NL:Q:43630720;Marconistraat;Tubbergen;1,4;2,1;0,5;0,7;0,0;0,0
21;NL:Q:43640010;Handelsstraat;Hardenberg;0,4;0,2;0,0;0,0;0,0;0,0
21;NL:Q:43640020;Handelsstraat;Hardenberg;0,2;0,7;0,0;0,0;0,0;0,0
21;NL:Q:43640030;Wavin;Hardenberg;0,3;0,2;0,0;0,0;0,0;0,0
21;NL:Q:43640040;Wavin;Hardenberg;0,1;0,5;0,0;0,0;0,0;0,0
21;NL:Q:43640050;Ziekenhuis;Hardenberg;0,5;1,9;0,0;0,0;0,0;0,0
21;NL:Q:43640060;Ziekenhuis;Hardenberg;0,6;0,2;0,0;0,0;0,0;0,0
21;NL:Q:43640070;Station;Hardenberg;50,8;48,7;0,5;0,3;0,0;0,0
21;NL:Q:43640180;Bruchterbeekweg;Hardenberg;0,0;0,2;0,0;0,0;0,0;0,0
21;NL:Q:43640370;De Nieuwe Haven;Hardenberg;0,3;1,1;0,0;0,0;0,0;0,0
21;NL:Q:43640380;De Nieuwe Haven;Hardenberg;0,9;0,6;0,0;0,0;0,0;0,0
21;NL:Q:43650010;Viersprong;Fleringen;17,7;16,5;2,5;2,7;0,0;0,0
21;NL:Q:43650210;Hagveldsweg;Fleringen;0,2;0,7;0,0;0,4;0,0;0,0
21;NL:Q:43650220;Hagveldsweg;Fleringen;2,5;0,2;0,1;0,0;0,0;0,0
21;NL:Q:43650230;Kanaal;Fleringen;0,5;0,3;0,0;0,1;0,0;0,0
21;NL:Q:43650240;Kanaal;Fleringen;0,2;0,5;0,1;0,0;0,0;0,0
21;NL:Q:43650250;Oude Almelosedijk;Fleringen;0,4;0,5;0,2;0,1;0,0;0,0
21;NL:Q:43650260;Oude Almelosedijk;Fleringen;0,5;0,4;0,1;0,1;0,0;0,0
21;NL:Q:43650280;Bornsestraat;Weerselo;0,3;0,3;0,0;0,1;0,0;0,0
21;NL:Q:43650290;Herinckhaveweg;Fleringen;0,1;0,7;0,0;0,1;0,0;0,0
21;NL:Q:43660010;Herikerberg;Herikerberg;0,7;0,1;0,2;0,0;0,0;0,0
21;NL:Q:43660020;Herikerberg;Herikerberg;0,1;0,8;0,0;0,0;0,0;0,0
21;NL:Q:43660030;Burg. de Beaufortplein;Markelo;8,6;3,3;3,0;0,8;0,0;0,0
21;NL:Q:43660040;Burg. de Beaufortplein;Markelo;3,7;8,5;0,7;2,7;0,0;0,0
21;NL:Q:43660050;Hessenheem;Herikerberg;2,9;0,8;1,0;0,3;0,0;0,0
21;NL:Q:43660060;Hessenheem;Herikerberg;0,8;3,8;0,2;1,2;0,0;0,0
21;NL:Q:43660070;Cafe De Poppe;Markelo;1,6;0,8;0,6;0,2;0,0;0,0
21;NL:Q:43660090;Krabbenbos;Markelo;0,0;0,1;0,0;0,0;0,0;0,0
21;NL:Q:43660100;Krabbenbos;Markelo;0,2;0,1;0,0;0,0;0,0;0,0
21;NL:Q:43660110;Larenseweg;Markelo;2,4;2,5;0,5;0,5;0,0;0,0
21;NL:Q:43660120;Larenseweg;Markelo;2,2;2,5;0,5;0,6;0,0;0,0
21;NL:Q:43660130;De Koekoek;Markelo;11,2;3,5;1,6;0,3;0,0;0,0
21;NL:Q:43660140;De Koekoek;Markelo;3,3;10,8;0,6;1,4;0,0;0,0
21;NL:Q:43660160;Hazenkamp;Herikerberg;0,3;0,3;0,1;0,1;0,0;0,0
21;NL:Q:43690450;Haarakkersweg;Langeveen;0,0;0,3;0,0;0,0;0,0;0,0
21;NL:Q:43690460;Haarakkersweg;Langeveen;0,2;0,0;0,0;0,0;0,0;0,0
21;NL:Q:43690480;Dwarsstraat;Langeveen;0,1;0,0;0,0;0,0;0,0;0,0
21;NL:Q:43690490;Dwarsstraat;Langeveen;0,0;0,1;0,0;0,0;0,0;0,0
21;NL:Q:43690500;Cafe Nobbenhuis;Langeveen;0,7;0,0;0,0;0,0;0,0;0,0
21;NL:Q:43690510;R.K. Kerk;Langeveen;0,2;0,0;0,0;0,0;0,0;0,0
21;NL:Q:43690520;R.K. Kerk;Langeveen;0,0;0,3;0,0;0,0;0,0;0,0
21;NL:Q:43690530;Cafe Nobbenhuis;Langeveen;0,0;0,5;0,0;0,0;0,0;0,0
21;NL:Q:43720260;Station;Nijverdal;14,6;15,0;2,6;2,5;0,0;0,0
21;NL:Q:43720261;Station;Nijverdal;38,3;38,4;3,8;3,3;0,0;0,0
21;NL:Q:43720270;Spoorstraat;Nijverdal;0,1;1,7;0,0;0,4;0,0;0,0
21;NL:Q:43720280;Spoorstraat;Nijverdal;1,5;0,1;0,3;0,0;0,0;0,0
21;NL:Q:43720290;Gemeentehuis;Nijverdal;2,1;0,1;0,5;0,0;0,0;0,0
21;NL:Q:43720300;Gemeentehuis;Nijverdal;0,0;1,5;0,0;0,5;0,0;0,0
21;NL:Q:43720310;Molenweg;Nijverdal;0,4;0,0;0,2;0,1;0,0;0,0
21;NL:Q:43720320;Molenweg;Nijverdal;0,0;0,7;0,0;0,1;0,0;0,0
21;NL:Q:43720490;Ereprijs;Nijverdal;4,4;0,1;1,4;0,0;0,0;0,0
21;NL:Q:43720500;Ereprijs;Nijverdal;0,1;3,8;0,0;1,0;0,0;0,0
21;NL:Q:43720570;Helmkruidlaan;Nijverdal;0,8;0,1;0,1;0,1;0,0;0,0
21;NL:Q:43720580;Helmkruidlaan;Nijverdal;0,1;0,6;0,0;0,2;0,0;0,0
21;NL:Q:43720630;Polhaarweg;Nijverdal;2,5;0,0;0,2;0,0;0,0;0,0
21;NL:Q:43720640;Polhaarweg;Nijverdal;0,1;1,2;0,0;0,0;0,0;0,0
21;NL:Q:43720810;Sporthal;Nijverdal;1,4;0,4;0,0;0,1;0,0;0,0
21;NL:Q:43720820;Sporthal;Nijverdal;0,3;1,5;0,0;0,4;0,0;0,0
21;NL:Q:43720830;Helmerink;Nijverdal;4,7;1,8;0,4;0,1;0,0;0,0
21;NL:Q:43720840;Helmerink;Nijverdal;2,0;3,9;0,2;0,1;0,0;0,0
21;NL:Q:43720920;Bolink;Nijverdal;0,3;0,3;0,1;0,0;0,0;0,0
21;NL:Q:43720970;Centrum;Nijverdal;0,4;1,4;0,4;0,5;0,0;0,0
21;NL:Q:43721050;Bergleidingweg;Nijverdal;1,3;5,6;0,2;0,9;0,0;0,0
21;NL:Q:43721060;Bergleidingweg;Nijverdal;5,6;1,4;0,6;0,3;0,0;0,0
21;NL:Q:43721070;Buitencentrum;Nijverdal;0,0;0,1;0,0;0,0;0,0;0,0
21;NL:Q:43730050;Veeneggeweg;Harbrinkhoek;0,0;0,5;0,0;0,0;0,0;0,0
21;NL:Q:43730060;Veeneggeweg;Harbrinkhoek;0,5;0,0;0,0;0,0;0,0;0,0
21;NL:Q:43730070;Landriteweg;Geesteren;0,2;0,5;0,0;0,5;0,0;0,0
21;NL:Q:43730080;Landriteweg;Geesteren;0,4;0,2;0,0;0,0;0,0;0,0
21;NL:Q:43730090;Geesterseveldweg;Geesteren;0,1;0,8;0,0;0,1;0,1;0,2
21;NL:Q:43730100;Geesterseveldweg;Geesteren;0,8;0,0;0,1;0,0;0,1;0,0
21;NL:Q:43730110;Poolsweg;Geesteren;0,0;0,6;0,0;0,0;0,0;0,0
21;NL:Q:43730120;Poolsweg;Geesteren;0,6;0,0;0,0;0,0;0,0;0,0
21;NL:Q:43730130;Lutkeberg;Geesteren;1,6;15,2;0,6;1,1;0,1;0,8
21;NL:Q:43730140;Lutkeberg;Geesteren;15,8;1,3;1,2;0,6;0,9;0,0
21;NL:Q:43730150;Dorpsstraat;Geesteren;0,6;8,4;0,2;0,9;0,1;0,9
21;NL:Q:43730160;Dorpsstraat;Geesteren;7,6;0,7;0,6;0,1;1,0;0,1
21;NL:Q:43730170;Mensinkkamp;Geesteren;0,6;2,6;0,1;0,4;0,2;0,3
21;NL:Q:43730180;Mensinkkamp;Geesteren;3,8;0,6;0,5;0,1;0,4;0,2
21;NL:Q:43730190;Volmersweg;Geesteren;0,0;1,2;0,0;0,2;0,0;0,2
21;NL:Q:43730200;Volmersweg;Geesteren;1,3;0,1;0,1;0,0;0,1;0,0
21;NL:Q:43730210;Knoefbakker;Geesteren;0,1;6,0;0,0;0,4;0,0;0,4
21;NL:Q:43730212;Knoefbakker;Geesteren;1,1;0,0;0,0;0,0;0,0;0,0
21;NL:Q:43730220;Knoefbakker;Geesteren;6,0;1,0;0,2;0,0;0,2;0,0
21;NL:Q:43730240;Manderveenseweg;Tubbergen;1,0;0,1;0,0;0,0;0,0;0,0
21;NL:Q:43730250;Voshaarweg;Harbrinkhoek;0,0;0,5;0,0;0,1;0,0;0,0
21;NL:Q:43730260;Voshaarweg;Harbrinkhoek;0,5;0,0;0,1;0,0;0,0;0,0
21;NL:Q:43740010;Hammerdijk;Vroomshoop;0,2;0,1;0,0;0,1;0,0;0,0
21;NL:Q:43740020;Pres. Kennedystraat;Vroomshoop;6,8;5,2;0,4;0,7;0,0;0,0
21;NL:Q:43740030;Pres. Kennedystraat;Vroomshoop;6,9;8,8;0,5;0,9;0,0;0,0
21;NL:Q:43740050;Sallandia;Vroomshoop;0,1;0,0;0,0;0,0;0,0;0,0
21;NL:Q:43740060;Sallandia;Vroomshoop;0,0;0,2;0,0;0,0;0,0;0,0
21;NL:Q:43740070;Dalvoorderslag;Vroomshoop;0,2;0,8;0,0;0,0;0,0;0,0
21;NL:Q:43740080;Dalvoorderslag;Vroomshoop;0,9;0,3;0,0;0,0;0,0;0,0
21;NL:Q:43740090;Tonnendijk;Vroomshoop;1,9;5,9;0,2;0,6;0,0;0,0
21;NL:Q:43740100;Tonnendijk;Vroomshoop;6,0;1,2;0,4;0,1;0,0;0,0
21;NL:Q:43740130;Beatrixstraat;Vroomshoop;4,5;4,4;0,6;0,6;0,0;0,0
21;NL:Q:43740140;Beatrixstraat;Vroomshoop;3,5;4,1;0,6;0,5;0,0;0,0
21;NL:Q:43740180;Zwembad;Vroomshoop;0,7;0,5;0,0;0,0;0,0;0,0
21;NL:Q:43750010;Mekkelenberg;Albergen;0,2;0,6;0,0;0,1;0,0;0,0
21;NL:Q:43750020;Herinckhaveweg;Albergen;0,9;0,1;0,1;0,0;0,0;0,0
21;NL:Q:43750030;Hofmaatsweg;Albergen;0,0;0,7;0,0;0,0;0,0;0,0
21;NL:Q:43750040;Hofmaatsweg;Albergen;0,8;0,1;0,0;0,0;0,0;0,0
21;NL:Q:43750050;Gravendijk;Albergen;0,1;0,7;0,5;0,1;0,0;0,0
21;NL:Q:43750060;Gravendijk;Albergen;0,8;0,3;0,1;0,5;0,0;0,0
21;NL:Q:43750070;Assinkshoekweg;Albergen;0,0;0,6;0,0;0,0;0,0;0,0
21;NL:Q:43750080;Assinkshoekweg;Albergen;0,5;0,0;0,0;0,0;0,0;0,0
21;NL:Q:43750090;Van Koersveldweg;Albergen;0,2;2,0;0,0;0,5;0,0;0,0
21;NL:Q:43750100;Van Koersveldweg;Albergen;1,9;0,3;0,4;0,0;0,0;0,0
21;NL:Q:43750130;Zenderseweg;Albergen;2,6;15,9;0,4;2,4;0,0;0,0
21;NL:Q:43750140;Zenderseweg;Albergen;17,3;2,1;2,2;0,4;0,0;0,0
21;NL:Q:43750150;Molenbinnenweg;Albergen;0,1;1,8;0,0;0,1;0,0;0,0
21;NL:Q:43750160;Molenbinnenweg;Albergen;1,8;0,2;0,0;0,0;0,0;0,0
21;NL:Q:43750170;Kloosteresweg;Albergen;0,8;3,2;0,1;0,3;0,0;0,0
21;NL:Q:43750180;Kloosteresweg;Albergen;3,8;0,8;0,4;0,1;0,0;0,0
21;NL:Q:43750190;Brakenweg;Albergen;0,1;1,0;0,0;0,1;0,0;0,0
21;NL:Q:43750200;Brakenweg;Albergen;1,2;0,1;0,2;0,0;0,0;0,0
21;NL:Q:43760010;Handwijzer;Marle;0,0;0,0;0,0;0,0;0,0;0,0
21;NL:Q:43760020;Handwijzer;Marle;0,1;0,0;0,0;0,0;0,0;0,0
21;NL:Q:43760070;Kerkstraat;Daarlerveen;0,3;0,3;0,0;0,1;0,0;0,0
21;NL:Q:43760080;Station;Daarlerveen;0,1;0,0;0,0;0,0;0,0;0,0
21;NL:Q:43760100;'n Tip;Daarle;0,2;1,0;0,0;0,0;0,0;0,0
21;NL:Q:43760110;'n Tip;Daarle;1,1;0,0;0,0;0,0;0,0;0,0
21;NL:Q:43780040;Centrum;Holten;1,6;1,5;0,0;0,4;0,0;0,0
21;NL:Q:43780050;Station;Holten;20,1;15,1;4,4;4,4;0,0;0,0
21;NL:Q:43780100;Scholengemeenschap;Holten;3,6;1,4;0,3;0,5;0,0;0,0
21;NL:Q:43780110;Borkeld;Holten;1,1;0,6;0,5;0,3;0,0;0,0
21;NL:Q:43780120;Borkeld;Holten;0,4;1,2;0,3;0,4;0,0;0,0
21;NL:Q:43780140;Cafe De Poppe;Markelo;0,5;1,6;0,2;0,5;0,0;0,0
21;NL:Q:43780170;De Driesprong;Holten;1,1;0,1;0,7;0,0;0,0;0,0
21;NL:Q:43780180;De Driesprong;Holten;0,1;0,9;0,0;0,3;0,0;0,0
21;NL:Q:43780220;Diessenplas;Holten;14,7;28,8;0,3;0,2;0,0;0,0
21;NL:Q:43780240;Kon. Wilhelminastraat;Holten;5,8;1,3;0,6;0,6;0,0;0,0
21;NL:Q:43780310;Kerkhofsweg;Holten;0,8;0,0;0,4;0,4;0,0;0,0
21;NL:Q:43780320;Kerkhofsweg;Holten;1,6;0,9;0,0;0,5;0,0;0,0
21;NL:Q:43790010;Sluiskade;Westerhaar;1,1;4,6;0,1;0,8;0,0;0,2
21;NL:Q:43790020;Sluiskade;Westerhaar;4,9;1,0;0,5;0,0;0,8;0,0
21;NL:Q:43790030;De Klaampe;Westerhaar;0,1;2,6;0,0;0,5;0,1;0,4
21;NL:Q:43790040;De Klaampe;Westerhaar;1,8;0,3;0,3;0,1;0,2;0,0
21;NL:Q:43790050;Leidijk;Westerhaar;0,0;3,2;0,0;1,0;0,0;0,8
21;NL:Q:43790060;Leidijk;Westerhaar;1,8;0,3;0,1;0,0;0,1;0,0
21;NL:Q:43790070;Wollegrasstraat;Westerhaar;4,9;1,0;0,4;0,4;0,0;0,0
21;NL:Q:43790080;Wollegrasstraat;Westerhaar;0,7;5,5;0,2;0,3;0,0;0,0
21;NL:Q:43790090;Westerveenweg;Vriezenveen;0,1;0,2;0,0;0,1;0,0;0,0
21;NL:Q:43790100;Schapenweg;Westerhaar;0,7;2,6;0,0;0,0;0,0;0,0
21;NL:Q:43790110;Vroomshoopseweg;Westerhaar;0,5;0,5;0,1;0,1;0,0;0,0
21;NL:Q:43790120;Vroomshoopseweg;Westerhaar;0,5;0,5;0,1;0,0;0,0;0,0
21;NL:Q:43790130;Dalweg;Westerhaar;0,3;1,7;0,0;0,2;0,2;0,6
21;NL:Q:43790140;Dalweg;Westerhaar;1,5;0,2;0,3;0,0;0,2;0,0
21;NL:Q:43790150;Busstation;Westerhaar;54,1;23,5;4,5;0,7;3,1;0,0
21;NL:Q:43790160;Busstation;Westerhaar;20,0;18,9;0,2;0,2;0,0;0,0
21;NL:Q:43790170;Busstation;Westerhaar;27,1;54,1;1,0;3,8;0,0;2,8
21;NL:Q:43790190;Hammerdijk;Westerhaar;0,1;0,2;0,1;0,0;0,0;0,0
21;NL:Q:43820070;Schapenmarkt;Hellendoorn;0,1;1,6;0,4;0,9;0,0;0,0
21;NL:Q:43820080;Schapenmarkt;Hellendoorn;1,1;0,1;0,4;0,0;0,0;0,0
21;NL:Q:43820230;De Blenke;Hellendoorn;0,4;0,0;0,0;0,0;0,0;0,0
21;NL:Q:43820240;De Blenke;Hellendoorn;0,0;0,6;0,1;0,0;0,0;0,0
21;NL:Q:43820310;Looweg;Hellendoorn;0,0;0,1;0,0;0,0;0,0;0,0
21;NL:Q:43820320;Looweg;Hellendoorn;0,1;0,0;0,1;0,0;0,0;0,0
21;NL:Q:43820330;Krönnenzommer;Hellendoorn;0,6;0,5;0,4;0,3;0,0;0,0
21;NL:Q:43820410;Reggeweg;Hellendoorn;0,9;0,1;0,4;0,2;0,0;0,0
21;NL:Q:43820450;Schuilenburgerweg;Hellendoorn;0,9;0,3;0,1;0,0;0,0;0,0
21;NL:Q:43820470;Collenstaartweg;Hulsen;0,4;0,1;0,0;0,0;0,0;0,0
21;NL:Q:43820480;Collenstaartweg;Hulsen;0,3;0,8;0,0;0,0;0,0;0,0
21;NL:Q:43840010;Zwembad;Vroomshoop;0,5;0,8;0,0;0,0;0,0;0,0
21;NL:Q:43840030;De Kooyen;Den Ham;0,5;0,2;0,0;0,0;0,0;0,0
21;NL:Q:43840040;De Kooyen;Den Ham;0,3;0,5;0,0;0,2;0,0;0,0
21;NL:Q:43840050;Middenweg;Den Ham;1,2;0,4;0,2;0,0;0,0;0,0
21;NL:Q:43840060;Middenweg;Den Ham;0,3;1,1;0,1;0,3;0,0;0,0
21;NL:Q:43840070;Driesprong;Den Ham;5,0;5,4;1,3;1,1;0,0;0,0
21;NL:Q:43840080;Driesprong;Den Ham;6,9;5,1;0,9;1,5;0,0;0,0
21;NL:Q:43840090;Geref. Kerk;Den Ham;15,9;4,9;2,5;0,9;0,0;0,0
21;NL:Q:43840100;Geref. Kerk;Den Ham;5,8;16,3;1,1;2,1;0,0;0,0
21;NL:Q:43840110;Zuivelfabriek;Den Ham;2,0;1,7;0,2;0,1;0,0;0,0
21;NL:Q:43840120;Zuivelfabriek;Den Ham;1,5;2,0;0,1;0,1;0,0;0,0
21;NL:Q:43840130;Smitstraat;Den Ham;7,7;5,6;0,6;0,5;0,0;0,0
21;NL:Q:43840140;Smitstraat;Den Ham;6,2;8,1;0,5;0,8;0,0;0,0
21;NL:Q:43840170;Noordmeer;Den Ham;0,1;0,3;0,0;0,0;0,0;0,0
21;NL:Q:43840240;Het Liefferdinck;Den Ham;0,0;0,0;0,0;0,0;0,0;0,0
21;NL:Q:43840260;Brink;Den Ham;0,1;0,2;0,0;0,1;0,0;0,0
21;NL:Q:43860010;Kapoene;Enter;0,1;0,4;0,0;0,2;0,0;0,0
21;NL:Q:43860030;R.K. Kerk;Enter;3,2;3,5;0,4;1,2;0,0;0,0
21;NL:Q:43860040;R.K. Kerk;Enter;4,1;3,2;1,1;0,6;0,0;0,0
21;NL:Q:43860070;Rohaan;Enter;3,5;1,5;0,4;0,2;0,0;0,0
21;NL:Q:43860080;Rohaan;Enter;1,2;3,2;0,2;0,7;0,0;0,0
21;NL:Q:43860090;Stationsweg;Enter;1,0;2,0;0,2;0,4;0,0;0,0
21;NL:Q:43860100;Stationsweg;Enter;1,3;0,7;0,1;0,1;0,0;0,0
21;NL:Q:43860110;Brandput;Enter;4,2;4,9;0,2;1,6;0,0;0,0
21;NL:Q:43860120;Brandput;Enter;5,2;4,1;1,3;0,6;0,0;0,0
21;NL:Q:43860130;Braamhaar;Enter;6,1;7,5;0,4;2,2;0,0;0,0
21;NL:Q:43860140;Braamhaar;Enter;6,7;5,1;1,4;0,6;0,0;0,0
21;NL:Q:43860150;Heerink;Enter;0,5;0,5;0,1;0,0;0,0;0,0
21;NL:Q:43860160;Heerink;Enter;0,5;0,4;0,0;0,0;0,0;0,0
21;NL:Q:43860180;Jagersweg;Enter;0,2;0,1;0,0;0,0;0,0;0,0
21;NL:Q:43860190;Jagersweg;Enter;0,1;0,3;0,0;0,0;0,0;0,0
21;NL:Q:43870010;Bolink;Nijverdal;0,2;0,5;0,0;0,1;0,0;0,0
21;NL:Q:43870050;Blokkendijk;Zuna;0,2;0,4;0,0;0,1;0,0;0,0
21;NL:Q:43870060;Blokkendijk;Zuna;0,5;0,2;0,0;0,1;0,0;0,0
21;NL:Q:43870130;Spoelerstraat;Rijssen;0,9;4,1;0,0;0,1;0,0;0,0
21;NL:Q:43870140;Spoelerstraat;Rijssen;2,6;1,3;0,0;0,0;0,0;0,0
21;NL:Q:43880030;Oude Veemarkt;Rijssen;0,2;3,8;0,1;2,2;0,0;0,0
21;NL:Q:43880031;Oude Veemarkt;Rijssen;3,0;0,5;1,4;0,2;0,0;0,0
21;NL:Q:43880070;Station;Rijssen;14,8;17,5;7,0;5,3;0,0;0,0
21;NL:Q:43880073;Station;Rijssen;43,6;38,7;10,0;7,0;0,0;0,0
21;NL:Q:43880210;Scholengemeenschap;Rijssen;3,8;10,2;0,3;0,6;0,0;0,0
21;NL:Q:43880220;Scholengemeenschap;Rijssen;10,2;3,1;0,8;0,5;0,0;0,0
21;NL:Q:43880230;Stationsdwarsweg;Rijssen;0,2;0,1;0,0;0,0;0,0;0,0
21;NL:Q:43880240;Stationsdwarsweg;Rijssen;0,0;0,3;0,0;0,0;0,0;0,0
21;NL:Q:43880260;Klokkendijk;Rijssen;0,4;0,6;0,1;0,0;0,0;0,0
21;NL:Q:43880270;Waterhoen;Rijssen;0,6;4,8;0,1;0,5;0,0;0,0
21;NL:Q:43880280;Waterhoen;Rijssen;4,7;0,5;0,6;0,1;0,0;0,0
21;NL:Q:43880310;Kryptonstraat;Rijssen;0,5;2,1;0,0;0,1;0,0;0,0
21;NL:Q:43880320;Kryptonstraat;Rijssen;2,0;0,6;0,0;0,0;0,0;0,0
21;NL:Q:43880330;Schapendijk;Rijssen;0,4;1,1;0,1;0,2;0,0;0,0
21;NL:Q:43880340;Schapendijk;Rijssen;0,6;0,4;0,2;0,2;0,0;0,0
21;NL:Q:43880350;Reggesteyn/Cattelaar;Rijssen;5,3;2,8;0,4;0,3;0,0;0,0
21;NL:Q:43880360;Reggesteyn/Cattelaar;Rijssen;2,4;5,3;0,3;0,1;0,0;0,0
21;NL:Q:43880380;Kapoene;Rijssen;0,6;0,1;0,1;0,0;0,0;0,0
21;NL:Q:43880450;Holterweg/Banisweg;Rijssen;0,5;1,7;0,0;0,3;0,0;0,0
21;NL:Q:43880460;Holterweg/Banisweg;Rijssen;1,5;0,4;0,1;0,1;0,0;0,0
21;NL:Q:43880510;Molenstalweg;Rijssen;0,0;0,3;0,0;0,2;0,0;0,0
21;NL:Q:43880520;Molenstalweg;Rijssen;0,1;0,0;0,0;0,0;0,0;0,0
21;NL:Q:43880530;Hagslagen;Rijssen;3,8;4,2;0,4;0,5;0,0;0,0
21;NL:Q:43880540;Hagslagen;Rijssen;3,9;2,6;0,4;0,3;0,0;0,0
21;NL:Q:43880570;Scholekster;Rijssen;0,6;2,1;0,1;0,2;0,0;0,0
21;NL:Q:43880580;Scholekster;Rijssen;2,5;1,0;0,2;0,0;0,0;0,0
21;NL:Q:43880600;Parkstede;Rijssen;0,6;1,5;0,2;0,4;0,0;0,0
21;NL:Q:43880610;Parkstede;Rijssen;1,4;0,7;0,3;0,1;0,0;0,0
21;NL:Q:43890010;Schapenweg;Westerhaar;2,8;0,8;0,0;0,0;0,0;0,0
21;NL:Q:43890030;Meijerboersweg;Westerhaar;0,3;0,3;0,0;0,0;0,0;0,0
21;NL:Q:43890040;Meijerboersweg;Westerhaar;0,3;0,3;0,0;0,0;0,0;0,0
21;NL:Q:43890050;Driesprong;Sibculo;6,2;2,6;0,0;0,0;0,0;0,0
21;NL:Q:43890060;Driesprong;Sibculo;2,4;5,8;0,0;0,0;0,0;0,0
21;NL:Q:43890070;Bergweg;Sibculo;0,5;0,7;0,0;0,0;0,0;0,0
21;NL:Q:43890080;Bergweg;Sibculo;0,8;0,5;0,0;0,0;0,0;0,0
21;NL:Q:43890090;Schoolstraat;Kloosterhaar;3,3;1,0;0,0;0,0;0,0;0,0
21;NL:Q:43890100;Schoolstraat;Kloosterhaar;1,4;3,3;0,0;0,0;0,0;0,0
21;NL:Q:43890110;Viersprong;Kloosterhaar;3,6;1,4;0,0;0,0;0,0;0,0
21;NL:Q:43890120;Viersprong;Kloosterhaar;1,7;4,0;0,0;0,0;0,0;0,0
21;NL:Q:43890130;Oude Vaart;Kloosterhaar;0,2;0,0;0,0;0,0;0,0;0,0
21;NL:Q:43890140;Oude Vaart;Kloosterhaar;0,1;0,2;0,0;0,0;0,0;0,0
21;NL:Q:43890160;Post;Kloosterhaar;0,0;0,0;0,0;0,0;0,0;0,0
21;NL:Q:43890170;Horstra;Kloosterhaar;0,0;0,1;0,0;0,0;0,0;0,0
21;NL:Q:43890180;Horstra;Kloosterhaar;0,0;0,0;0,0;0,0;0,0;0,0
21;NL:Q:43990030;Pannemansbos;Bergentheim;0,1;0,0;0,0;0,0;0,0;0,0
21;NL:Q:43990040;Pannemansbos;Bergentheim;0,0;0,2;0,0;0,0;0,0;0,0
21;NL:Q:43990070;Kanaalbrug;Bergentheim;1,4;1,9;0,0;0,0;0,0;0,0
21;NL:Q:43990080;Kanaalbrug;Bergentheim;1,9;2,8;0,0;0,1;0,0;0,0
21;NL:Q:43990170;Bruchterbeekweg;Bergentheim;0,1;0,0;0,0;0,0;0,0;0,0
21;NL:Q:44100010;Usseler Esch;Usselo;1,0;1,8;0,3;0,5;0,2;0,3
21;NL:Q:44100030;Kerk;Usselo;2,8;2,6;0,8;2,0;0,4;0,6
21;NL:Q:44100040;Kerk;Usselo;2,4;2,5;2,1;0,5;0,6;0,5
21;NL:Q:44100050;Helmerstraat;Usselo;0,4;0,3;0,2;0,0;0,1;0,0
21;NL:Q:44100060;Helmerstraat;Usselo;0,6;1,4;0,1;1,2;0,0;0,7
21;NL:Q:44100070;Crematorium;Usselo;0,2;2,1;0,3;1,5;0,1;0,8
21;NL:Q:44100080;Crematorium;Enschede;3,2;0,6;2,0;0,3;0,8;0,1
21;NL:Q:44100090;Teesinklanderweg;Usselo;0,4;1,5;0,0;0,1;0,1;0,3
21;NL:Q:44100100;Teesinklanderweg;Usselo;1,1;0,7;0,2;0,0;0,2;0,1
21;NL:Q:44100120;Badweg;Usselo;1,2;0,2;0,8;0,1;0,4;0,1
21;NL:Q:44105010;Usselerhofweg;Enschede;0,0;0,1;0,0;0,0;0,0;0,0
21;NL:Q:44105020;Usselerhofweg;Usselo;0,1;0,1;0,0;0,0;0,0;0,0
21;NL:Q:44105030;Landsteinerlaan;Boekelo;0,0;0,8;0,0;0,1;0,0;0,0
21;NL:Q:44105040;Landsteinerlaan;Boekelo;0,5;0,0;0,1;0,0;0,0;0,0
21;NL:Q:44200010;Badweg;Usselo;0,3;1,5;0,0;0,8;0,0;0,6
21;NL:Q:44200030;Zonnebeekweg;Usselo;0,2;0,4;0,0;0,0;0,0;0,1
21;NL:Q:44200040;Zonnebeekweg;Usselo;0,3;0,1;0,1;0,1;0,1;0,1
21;NL:Q:44200050;Rutbeekweg;Usselo;0,1;1,7;0,2;1,5;0,0;1,1
21;NL:Q:44200060;Rutbeekweg;Usselo;1,4;0,5;1,2;0,2;0,8;0,2
21;NL:Q:44200070;Hazenweg;Usselo;0,3;0,6;0,4;0,8;0,1;0,2
21;NL:Q:44200080;Hazenweg;Usselo;0,9;0,4;0,2;0,1;0,1;0,1
21;NL:Q:44200100;Wittepalenweg;Haaksbergen;0,5;0,2;0,2;0,0;0,1;0,0
21;NL:Q:44220010;Camping Westerholt;Delden;0,4;0,3;0,2;0,5;0,0;0,0
21;NL:Q:44220020;Camping Westerholt;Delden;0,2;0,4;0,2;0,2;0,0;0,0
21;NL:Q:44220030;Carelshaven;Delden;0,0;0,0;0,0;0,0;0,0;0,0
21;NL:Q:44220040;Carelshaven;Delden;0,1;0,1;0,0;0,1;0,0;0,0
21;NL:Q:44220050;Villapark;Delden;0,0;0,1;0,0;0,0;0,0;0,0
21;NL:Q:44220060;Villapark;Delden;0,2;0,1;0,0;0,0;0,0;0,0
21;NL:Q:44220070;Station;Delden;2,5;4,0;0,0;0,0;0,0;0,0
21;NL:Q:44220080;Station;Delden;13,0;9,6;1,3;0,8;0,0;0,0
21;NL:Q:44220090;R.K. Kerk;Delden;0,1;0,3;0,0;0,0;0,0;0,0
21;NL:Q:44220100;R.K. Kerk;Delden;0,7;0,9;0,5;0,8;0,0;0,0
21;NL:Q:44220110;Europalaan;Delden;0,5;0,1;0,0;0,0;0,0;0,0
21;NL:Q:44220120;Europalaan;Delden;0,1;0,5;0,0;0,0;0,0;0,0
21;NL:Q:44220150;S.G. Twickel;Delden;1,0;2,1;0,1;0,3;0,0;0,0
21;NL:Q:44229030;Politiebureau;Delden;1,7;0,6;0,1;0,1;0,0;0,0
21;NL:Q:44229040;Politiebureau;Delden;0,1;0,5;0,0;0,0;0,0;0,0
21;NL:Q:44230010;'t Schaafje;Bornerbroek;0,3;0,2;0,1;0,2;0,0;0,0
21;NL:Q:44230020;'t Schaafje;Bornerbroek;0,2;0,2;0,0;0,1;0,0;0,0
21;NL:Q:44300010;Wittepalenweg;Haaksbergen;0,1;0,5;0,0;0,3;0,0;0,1
21;NL:Q:44300050;Weg naar Veldmaat;Haaksbergen;2,3;24,5;1,0;11,9;0,4;3,6
21;NL:Q:44300060;Weg naar Veldmaat;Haaksbergen;24,0;2,4;12,4;1,1;4,9;0,7
21;NL:Q:44300070;Blanckenborgh;Haaksbergen;4,6;19,0;1,0;8,4;0,8;4,2
21;NL:Q:44300080;Blanckenborgh;Haaksbergen;20,2;4,9;7,7;1,1;4,2;0,6
21;NL:Q:44300090;Fazantstraat;Haaksbergen;1,5;15,4;0,3;7,0;0,2;3,3
21;NL:Q:44300100;Fazantstraat;Haaksbergen;14,4;1,3;6,3;0,4;3,7;0,2
21;NL:Q:44300110;Busstation;Haaksbergen;11,2;13,1;0,0;0,0;0,0;0,0
21;NL:Q:44300111;Busstation;Haaksbergen;14,0;54,1;0,0;32,9;0,0;20,2
21;NL:Q:44300112;Busstation;Haaksbergen;133,6;58,2;88,6;17,0;71,3;12,8
21;NL:Q:44300114;Busstation;Haaksbergen;69,7;23,1;41,9;4,1;26,4;0,3
21;NL:Q:44300115;Busstation;Haaksbergen;58,6;142,8;17,7;97,5;12,7;45,1
21;NL:Q:44300130;Lansinkstraat;Haaksbergen;6,7;5,4;1,5;2,9;0,6;1,8
21;NL:Q:44300140;Lansinkstraat;Haaksbergen;4,4;6,0;1,2;1,1;0,8;0,7
21;NL:Q:44300150;Scholtenhage;Haaksbergen;8,5;8,5;1,9;2,5;1,4;1,6
21;NL:Q:44300160;Scholtenhage;Haaksbergen;9,1;9,9;4,1;1,4;1,9;1,5
21;NL:Q:44300180;Weerninksweg;Brammelo;0,8;0,1;0,3;0,2;0,4;0,0
21;NL:Q:44300185;Weerninksweg;Brammelo;0,4;2,5;0,3;0,5;0,2;0,6
21;NL:Q:44300270;Wiedenbroeksingel;Haaksbergen;10,4;4,5;4,7;1,5;2,8;0,1
21;NL:Q:44300280;Wiedenbroeksingel;Haaksbergen;3,8;10,8;1,0;3,5;0,3;2,1
21;NL:Q:44300310;Mr. Eenhuisstraat;Haaksbergen;7,6;5,9;4,4;0,5;2,8;0,3
21;NL:Q:44300320;Mr. Eenhuisstraat;Haaksbergen;5,1;9,7;0,1;6,5;0,1;3,9
21;NL:Q:44300350;Het Wiedenbroek;Haaksbergen;0,0;1,5;0,1;0,5;0,0;0,0
21;NL:Q:44300360;Het Wiedenbroek;Haaksbergen;0,9;0,0;0,4;0,0;0,0;0,0
21;NL:Q:44300450;Richterstraat;Haaksbergen;3,5;1,3;0,0;0,3;0,0;0,0
21;NL:Q:44300460;Richterstraat;Haaksbergen;1,4;2,8;0,3;0,0;0,0;0,0
21;NL:Q:44300470;H. v.d. Haarstraat;Haaksbergen;4,9;2,3;0,5;1,0;0,0;0,0
21;NL:Q:44300480;H. v.d. Haarstraat;Haaksbergen;2,7;4,1;0,3;0,2;0,0;0,0
21;NL:Q:44300490;Van Limborgstraat;Haaksbergen;2,5;1,4;0,2;0,4;0,0;0,0
21;NL:Q:44300500;Van Limborgstraat;Haaksbergen;1,5;2,2;0,2;0,0;0,0;0,0
21;NL:Q:44300570;Industriestraat;Haaksbergen;0,5;0,2;0,0;0,0;0,0;0,0
21;NL:Q:44300580;Industriestraat;Haaksbergen;0,2;0,7;0,0;0,0;0,0;0,0
21;NL:Q:44300610;De Volmer;Haaksbergen;4,0;1,0;0,0;0,0;0,0;0,0
21;NL:Q:44300620;De Volmer;Haaksbergen;1,5;3,3;0,0;0,0;0,0;0,0
21;NL:Q:44300690;Twijnerstraat;Haaksbergen;1,7;0,3;0,0;0,0;0,0;0,0
21;NL:Q:44300700;Twijnerstraat;Haaksbergen;0,1;1,0;0,0;0,0;0,0;0,0
21;NL:Q:44301030;Eykenhof;Haaksbergen;45,5;14,4;18,9;5,7;12,0;2,2
21;NL:Q:44301040;Eykenhof;Haaksbergen;13,7;45,3;3,9;16,3;1,8;10,6
21;NL:Q:44301050;Veldmaterstraat;Haaksbergen;21,5;4,0;7,9;1,1;5,4;0,8
21;NL:Q:44301080;Huurnerhof;Haaksbergen;0,1;0,6;0,0;0,0;0,0;0,0
21;NL:Q:44330010;Nijlandsweg;Bentelo;0,0;0,0;0,0;0,0;0,0;0,0
21;NL:Q:44330020;Dissel;Bentelo;0,0;0,0;0,0;0,0;0,0;0,0
21;NL:Q:44330030;De Rustende Jager;Bentelo;0,0;0,2;0,0;0,0;0,0;0,0
21;NL:Q:44330040;De Rustende Jager;Bentelo;0,1;0,0;0,0;0,0;0,0;0,0
21;NL:Q:44350010;Groothuis;Hengevelde;0,0;0,0;0,0;0,0;0,0;0,0
21;NL:Q:44350020;Groothuis;Hengevelde;0,1;0,0;0,0;0,0;0,0;0,0
21;NL:Q:44350030;Nijhuis;Hengevelde;0,0;0,1;0,0;0,0;0,0;0,0
21;NL:Q:44350040;Nijhuis;Hengevelde;0,0;0,0;0,0;0,0;0,0;0,0
21;NL:Q:44350050;Scholten;Hengevelde;0,0;0,4;0,0;0,0;0,0;0,0
21;NL:Q:44350060;Scholten;Hengevelde;0,5;0,0;0,0;0,0;0,0;0,0
21;NL:Q:44350070;Ten Dam;Markvelde;0,0;0,0;0,0;0,0;0,0;0,0
21;NL:Q:44350080;Ten Dam;Markvelde;0,0;0,0;0,0;0,0;0,0;0,0
21;NL:Q:44390010;Dissel;Bentelo;0,0;0,3;0,0;0,0;0,0;0,0
21;NL:Q:44390030;Smeenk;Bentelo;0,0;0,1;0,0;0,0;0,0;0,0
21;NL:Q:44390040;Smeenk;Bentelo;0,1;0,0;0,0;0,0;0,0;0,0
21;NL:Q:44390050;Rupert;Bentelo;0,0;0,2;0,0;0,0;0,0;0,0
21;NL:Q:44390060;Rupert;Bentelo;0,2;0,0;0,0;0,0;0,0;0,0
21;NL:Q:44390070;R.K. Kerk;Bentelo;0,3;1,1;0,0;0,0;0,0;0,0
21;NL:Q:44390080;R.K. Kerk;Bentelo;1,5;0,3;0,0;0,0;0,0;0,0
21;NL:Q:44400030;Poort Diaconie;Brammelo;1,5;0,6;0,4;0,4;0,1;0,1
21;NL:Q:44400040;Poort Diaconie;Brammelo;2,2;2,0;0,5;0,7;0,2;0,3
21;NL:Q:44400050;Kerkweg;Brammelo;0,2;0,9;0,0;0,1;0,0;0,0
21;NL:Q:44400060;Kerkweg;Brammelo;0,2;0,6;0,0;0,0;0,0;0,0
21;NL:Q:44400070;Roerink;Brammelo;0,1;0,8;0,0;0,1;0,1;0,1
21;NL:Q:44400080;Roerink;Brammelo;1,0;0,2;0,1;0,1;0,0;0,2
21;NL:Q:44400100;Vloedsteegweg;Rietmolen;0,2;0,7;0,1;0,4;0,3;0,2
21;NL:Q:44400110;Rietmolen;Rietmolen;2,0;8,0;0,5;1,5;0,6;0,8
21;NL:Q:44490010;De Bonkert;Markvelde;0,0;0,0;0,0;0,0;0,0;0,0
21;NL:Q:44490020;De Bonkert;Markvelde;0,0;0,0;0,0;0,0;0,0;0,0
21;NL:Q:44499010;School;Markvelde;0,0;0,0;0,0;0,0;0,0;0,0
21;NL:Q:44499020;School;Markvelde;0,0;0,0;0,0;0,0;0,0;0,0
21;NL:Q:44500010;Vloedsteegweg;Rietmolen;0,6;0,3;0,2;0,4;0,1;0,1
21;NL:Q:44500060;Rietmolen;Rietmolen;8,6;2,1;2,4;0,5;0,7;0,6
21;NL:Q:44500150;Wheemergaarden;Neede;3,1;14,7;0,8;4,5;0,3;1,8
21;NL:Q:44500160;Wheemergaarden;Neede;14,6;3,5;5,5;0,8;2,1;0,5
21;NL:Q:44500173;Parallelweg;Neede;6,5;19,8;1,3;4,1;0,1;1,5
21;NL:Q:44500174;Parallelweg;Neede;16,8;7,8;2,6;0,5;1,3;0,1
21;NL:Q:44500210;De Valkhof;Neede;5,7;7,8;3,0;4,2;2,1;2,2
21;NL:Q:44500220;De Valkhof;Neede;5,7;8,0;3,4;3,8;1,5;4,0
21;NL:Q:44500230;De Huikert;Neede;7,1;9,6;3,2;3,4;2,2;2,7
21;NL:Q:44500240;De Huikert;Neede;9,7;7,4;3,3;3,1;2,6;2,8
21;NL:Q:44500250;Christelijke School;Neede;9,6;10,9;2,9;2,9;2,3;1,3
21;NL:Q:44500260;Christelijke School;Neede;12,5;9,3;3,3;3,2;1,7;2,2
21;NL:Q:44500310;Diekmaatschool;Neede;5,2;2,2;1,1;0,9;0,5;0,4
21;NL:Q:44500320;Diekmaatschool;Neede;2,6;2,9;0,6;0,9;0,7;0,3
21;NL:Q:44500430;Garage Grooters;Eibergen;0,4;19,2;0,0;0,0;0,0;0,0
21;NL:Q:44500440;Garage Grooters;Eibergen;17,1;0,1;0,0;0,0;0,0;0,0
21;NL:Q:44500450;Viersprong;Eibergen;11,3;10,1;0,0;0,0;0,0;0,0
21;NL:Q:44500460;Viersprong;Eibergen;11,6;10,1;0,0;0,0;0,0;0,0
21;NL:Q:44500530;Industrieweg;Neede;0,6;1,9;0,1;0,4;0,0;0,1
21;NL:Q:44500540;Industrieweg;Neede;1,9;0,9;0,5;0,2;0,2;0,2
21;NL:Q:44500610;Hilhorst;Neede;0,2;0,0;0,0;0,0;0,0;0,0
21;NL:Q:44500620;Hilhorst;Neede;0,0;0,2;0,0;0,0;0,0;0,0
21;NL:Q:44500630;'t Roodland;Neede;0,0;1,0;0,0;0,0;0,0;0,0
21;NL:Q:44500640;'t Roodland;Neede;1,8;0,3;0,0;0,0;0,0;0,0
21;NL:Q:44501210;Busstation;Neede;44,0;43,4;9,3;18,3;6,0;11,5
21;NL:Q:44501220;Busstation;Neede;42,3;29,2;20,3;7,5;13,3;5,3
21;NL:Q:44509010;Lolotte;Neede;0,2;0,1;0,0;0,0;0,0;0,0
21;NL:Q:44509020;Lolotte;Neede;0,1;0,1;0,0;0,0;0,0;0,0
21;NL:Q:44610030;Transformator;Neede;0,9;2,0;0,2;0,6;0,1;0,3
21;NL:Q:44610040;Transformator;Neede;1,6;0,8;0,4;0,3;0,3;0,1
21;NL:Q:44710050;Busstation;Borculo;121,1;119,0;40,2;44,4;39,5;28,0
21;NL:Q:44710051;Busstation;Borculo;10,6;10,7;2,4;2,5;0,0;0,0
21;NL:Q:44710531;Keizer Ottostraat;Borculo;0,3;2,3;0,0;1,0;0,0;0,0
21;NL:Q:44710533;Keizer Ottostraat;Borculo;2,9;0,1;0,6;0,0;0,0;0,0
21;NL:Q:44710541;Nettelhorsterweg;Borculo;3,3;2,9;0,9;0,1;1,0;0,8
21;NL:Q:44710542;Nettelhorsterweg;Borculo;2,7;4,9;0,4;1,1;0,9;1,5
21;NL:Q:45110010;Iepweg;Hengelo;0,4;0,6;0,0;0,3;0,1;0,2
21;NL:Q:45110020;Iepweg;Hengelo;0,3;0,5;0,1;0,4;0,0;0,0
21;NL:Q:45120010;Esrein;Hengelo;2,0;0,7;0,0;0,0;0,0;0,0
21;NL:Q:45120020;Esrein;Hengelo;0,6;2,5;0,0;0,0;0,0;0,0
21;NL:Q:45120030;Ketelmakerij;Hengelo;0,2;2,8;0,0;0,0;0,0;0,0
21;NL:Q:45120040;Ketelmakerij;Hengelo;0,8;0,4;0,0;0,0;0,0;0,0
21;NL:Q:45160010;Viaduct;Almelo;1,0;4,1;0,0;0,1;0,0;0,0
21;NL:Q:45160030;Eierbaan;Bornerbroek;0,7;2,1;0,0;0,3;0,0;0,0
21;NL:Q:45160040;Eierbaan;Bornerbroek;2,2;0,7;0,3;0,0;0,0;0,0
21;NL:Q:45160050;Goorsedijk;Bornerbroek;0,3;0,2;0,0;0,0;0,0;0,0
21;NL:Q:45160060;Goorsedijk;Bornerbroek;0,7;0,9;0,1;0,1;0,0;0,0
21;NL:Q:45169010;R.K. Kerk;Bornerbroek;1,5;1,1;0,0;0,3;0,0;0,0
21;NL:Q:45169020;R.K. Kerk;Bornerbroek;0,6;0,8;0,1;0,2;0,0;0,0
21;NL:Q:45210011;Boekweit;Borne;0,0;0,1;0,0;0,0;0,0;0,0
21;NL:Q:45210017;Rogge;Borne;0,1;0,1;0,0;0,0;0,0;0,0
21;NL:Q:45210019;Bornsebeek;Borne;0,2;0,2;0,0;0,0;0,0;0,0
21;NL:Q:45210021;Blauwgras;Borne;0,0;0,0;0,0;0,0;0,0;0,0
21;NL:Q:45210023;Hesselerbeek;Borne;0,2;0,0;0,0;0,0;0,0;0,0
21;NL:Q:45210025;De Veste;Borne;0,1;0,2;0,0;0,0;0,0;0,0
21;NL:Q:45210027;Bongerd;Borne;0,0;0,0;0,0;0,0;0,0;0,0
21;NL:Q:45210110;Fleminghof;Borne;0,0;0,1;0,0;0,0;0,0;0,0
21;NL:Q:45210115;Fleminghof;Borne;0,0;0,0;0,0;0,0;0,0;0,0
21;NL:Q:45210120;De Bleek;Borne;0,1;0,1;0,0;0,0;0,0;0,0
21;NL:Q:45210130;Sancta Maria;Borne;0,0;0,1;0,0;0,0;0,0;0,0
21;NL:Q:45210135;Sancta Maria;Borne;0,0;0,4;0,0;0,0;0,0;0,0
21;NL:Q:45210140;Vedergras;Borne;0,0;0,0;0,0;0,0;0,0;0,0
21;NL:Q:45210150;Struisgras;Borne;0,2;0,0;0,0;0,0;0,0;0,0
21;NL:Q:45210160;Hanzestraat;Borne;0,0;0,0;0,0;0,0;0,0;0,0
21;NL:Q:45210170;Het Wooldrik;Borne;0,1;0,1;0,0;0,0;0,0;0,0
21;NL:Q:45210180;Ridderspoor;Borne;0,0;0,0;0,0;0,0;0,0;0,0
21;NL:Q:45331001;Leeuwerikstraat;De Lutte;1,2;0,0;0,1;0,0;0,0;0,0
21;NL:Q:45331003;Spechtstraat;De Lutte;1,3;0,0;0,1;0,0;0,0;0,0
21;NL:Q:45391001;De Hagen;Saasveld;0,5;0,4;0,0;0,0;0,0;0,0
21;NL:Q:45510050;Nieuwland;Almelo;0,2;1,9;0,1;0,2;0,0;0,3
21;NL:Q:45510060;Nieuwland;Almelo;1,6;0,3;0,2;0,1;0,3;0,1
21;NL:Q:45510070;Nijreessingel;Almelo;0,1;1,2;0,0;0,1;0,0;0,0
21;NL:Q:45510080;Nijreessingel;Almelo;0,7;0,3;0,1;0,0;0,0;0,0
21;NL:Q:45551001;Paadje;Reutum;0,0;0,2;0,0;0,0;0,0;0,0
21;NL:Q:45551002;Paadje;Reutum;0,1;0,1;0,0;0,0;0,0;0,0
21;NL:Q:45570010;Dorp;Tilligte;0,3;0,0;0,0;0,0;0,0;0,0
21;NL:Q:45770001;Gereformeerde Kerk;Daarle;0,8;0,0;0,0;0,0;0,0;0,0
21;NL:Q:45770002;Gereformeerde Kerk;Daarle;0,0;0,8;0,0;0,0;0,0;0,0
21;NL:Q:45850010;Hellendoornsebergweg;Hellendoorn;0,1;0,1;0,0;0,0;0,0;0,0
21;NL:Q:45850030;;;0,0;0,0;0,0;0,0;0,0;0,0
21;NL:Q:45850040;;;0,0;0,0;0,0;0,1;0,0;0,0
21;NL:Q:45920010;Stationsweg;Bergentheim;10,4;8,6;0,1;0,0;0,0;0,0
21;NL:Q:45980001;'t Kruuspunt;Haarle;1,7;1,4;0,0;0,0;0,0;0,0
21;NL:Q:45980002;'t Kruuspunt;Haarle;1,6;1,5;0,0;0,0;0,0;0,0
21;NL:Q:45980003;Molenweg;Haarle;0,4;0,4;0,0;0,0;0,0;0,0
21;NL:Q:45980005;Stationsweg;Haarle;0,0;0,1;0,0;0,0;0,0;0,0
21;NL:Q:45980006;Stationsweg;Haarle;0,0;0,1;0,0;0,0;0,0;0,0
21;NL:Q:46400055;Station;Raalte;3,4;2,8;0,0;0,0;0,0;0,0
21;NL:Q:46400200;Kruisstraat;Raalte;0,0;0,0;0,0;0,0;0,0;0,0
21;NL:Q:46400300;Westdorplaan;Raalte;0,1;0,1;0,0;0,0;0,0;0,0
21;NL:Q:46400700;Postkantoor;Raalte;0,0;0,0;0,0;0,0;0,0;0,0
21;NL:Q:46401500;Pauluskerk;Raalte;0,2;0,1;0,0;0,0;0,0;0,0
21;NL:Q:46402010;Merel;Raalte;0,0;0,0;0,0;0,0;0,0;0,0
21;NL:Q:46409003;Zwolsestraat;Raalte;0,7;1,3;0,0;0,0;0,0;0,0
21;NL:Q:46600100;Giethemer Kerkpad;Ommen;0,1;0,5;0,1;0,2;0,0;0,0
21;NL:Q:46600130;De Groene Jager;Den Ham;1,0;0,1;0,4;0,1;0,0;0,0
21;NL:Q:46600140;De Groene Jager;Den Ham;0,1;1,2;0,0;0,3;0,0;0,0
21;NL:Q:46600150;Giethemer Kerkpad;Ommen;0,6;0,1;0,1;0,0;0,0;0,0
21;NL:Q:46600180;Noordmeer;Den Ham;0,3;0,1;0,0;0,0;0,0;0,0
21;NL:Q:46600200;Besthmen;Ommen;0,1;0,0;0,0;0,0;0,0;0,0
21;NL:Q:46601010;Kasteel Eerde;Eerde;1,0;0,3;0,3;0,1;0,0;0,0
21;NL:Q:46601020;Kasteel Eerde;Eerde;0,3;1,3;0,0;0,4;0,0;0,0
21;NL:Q:46601050;Steile Oever;Ommen;0,4;0,1;0,1;0,0;0,0;0,0
21;NL:Q:46601060;Steile Oever;Ommen;0,1;0,5;0,1;0,1;0,0;0,0
21;NL:Q:46601080;Besthmen;Ommen;0,1;0,1;0,0;0,2;0,0;0,0
21;NL:Q:46610650;Station;Ommen;44,8;40,6;7,7;6,3;0,0;0,0
21;NL:Q:46611500;Strangeweg;Ommen;15,9;16,3;1,5;1,3;0,0;0,0
21;NL:Q:46613050;Centrum;Ommen;3,3;0,1;0,9;0,2;0,0;0,0
21;NL:Q:46613060;Centrum;Ommen;0,9;4,4;0,1;1,8;0,0;0,0
21;NL:Q:46851001;Nijverdalseweg;Marienheem;0,1;0,0;0,0;0,0;0,0;0,0
21;NL:Q:46851002;Nijverdalseweg;Marienheem;0,0;0,1;0,0;0,0;0,0;0,0
21;NL:Q:47644061;Schuilenburgerweg;Hellendoorn;0,0;0,7;0,0;0,1;0,0;0,0
21;NL:Q:47644062;Reggeweg;Hellendoorn;0,1;0,9;0,0;0,2;0,0;0,0
23;NL:Q:40320040;Liefkenshoek;Heteren;0,0;0,2;0,0;0,0;0,0;0,0
23;NL:Q:40320130;Nachtegaalstraat;Heteren;0,0;0,4;0,0;0,0;0,0;0,0
23;NL:Q:40320131;Nachtegaalstraat;Heteren;0,2;0,0;0,0;0,0;0,0;0,0
23;NL:Q:40320160;Elzenpas;Heteren;0,0;0,0;0,0;0,0;0,0;0,0
23;NL:Q:40320170;Elzenpas;Heteren;0,1;0,0;0,0;0,0;0,0;0,0
23;NL:Q:40320210;Beemdhof;Heteren;0,7;0,0;0,0;0,0;0,0;0,0
23;NL:Q:40322011;Beemdhof;Heteren;0,0;0,0;0,0;0,0;0,0;0,0
23;NL:Q:40400060;Costerweg;Wageningen;0,5;24,7;0,1;5,2;0,1;4,2
23;NL:Q:40400070;Costerweg;Wageningen;26,8;1,2;8,6;0,6;3,9;0,5
23;NL:Q:40405000;Busstation;Wageningen;0,0;52,9;0,0;16,5;0,0;10,5
23;NL:Q:40405011;Busstation;Wageningen;69,4;0,0;31,6;0,0;13,7;0,0
23;NL:Q:40420030;Nijburgsestraat;Randwijk;0,0;0,0;0,0;0,0;0,0;0,0
23;NL:Q:40420040;Nijburgsestraat;Randwijk;0,0;0,0;0,0;0,0;0,0;0,0
23;NL:Q:40420050;Bredeweg;Randwijk;0,0;0,0;0,0;0,0;0,0;0,0
23;NL:Q:40420060;Bredeweg;Randwijk;0,0;0,0;0,0;0,0;0,0;0,0
23;NL:Q:40420070;Prins Bernhardstraat;Randwijk;0,6;0,2;0,0;0,0;0,0;0,0
23;NL:Q:40420080;Prins Bernhardstraat;Randwijk;0,1;0,5;0,0;0,0;0,0;0,0
23;NL:Q:40420090;NUON huisje;Randwijk;0,0;0,0;0,0;0,0;0,0;0,0
23;NL:Q:40420100;NUON huisje;Randwijk;0,0;0,0;0,0;0,0;0,0;0,0
23;NL:Q:40420130;Kerk;Indoornik;0,0;0,0;0,0;0,0;0,0;0,0
23;NL:Q:40420140;Kerk;Randwijk;0,0;0,0;0,0;0,0;0,0;0,0
23;NL:Q:40500010;Militaire Begraafplaats;Rhenen;0,4;0,1;0,1;0,3;0,2;0,0
23;NL:Q:40500020;Grebbesluis;Rhenen;2,5;2,1;1,0;1,1;0,8;0,6
23;NL:Q:40500030;Grebbesluis;Rhenen;1,2;2,3;0,5;0,9;0,3;0,6
23;NL:Q:40500060;Huppelpad;Wageningen;0,5;0,5;0,2;0,1;0,2;0,0
23;NL:Q:40500070;Huppelpad;Wageningen;0,2;0,6;0,0;0,2;0,0;0,2
23;NL:Q:40500080;Nudenoord;Wageningen;6,2;2,4;4,3;1,1;1,9;0,5
23;NL:Q:40500090;Nudenoord;Wageningen;1,9;4,3;0,4;1,1;0,1;2,8
23;NL:Q:40600100;Station/Tuinlaan;Rhenen;80,0;99,4;16,1;28,5;8,4;14,3
23;NL:Q:40600120;Ouwehands Dierenpark;Rhenen;3,9;5,8;3,7;5,1;1,8;2,2
23;NL:Q:40600130;Ouwehands Dierenpark;Rhenen;3,6;4,6;2,3;4,1;0,6;2,2
23;NL:Q:40600140;Militaire Begraafplaats;Rhenen;0,3;0,3;0,3;0,2;0,0;0,1
23;NL:Q:51340010;Hotel Vianen;Vianen;2,7;0,0;0,0;0,0;0,0;0,0
23;NL:Q:51340170;Prinses Julianastraat;Vianen;1,3;1,3;0,0;0,0;0,0;0,0
23;NL:Q:51340232;Busstation Lekbrug (west);Vianen;0,0;1,4;0,0;0,0;0,0;0,0
23;NL:Q:51340234;Busstation Lekbrug (west);Vianen;15,3;0,1;0,0;0,0;0,0;0,0
23;NL:Q:51340243;Busstation Lekbrug (Oost);Vianen;0,0;0,2;0,0;0,0;0,0;0,0
23;NL:Q:51340244;Busstation Lekbrug (Oost);Vianen;0,1;13,6;0,0;0,2;0,0;0,0
23;NL:Q:51340250;Hagenweg;Vianen;0,5;1,1;0,0;0,0;0,0;0,0
23;NL:Q:51340260;Hagenweg;Vianen;1,0;0,9;0,0;0,0;0,0;0,0
23;NL:Q:51340290;Centrum;Vianen;4,7;4,4;0,0;0,0;0,0;0,0
23;NL:Q:51340411;Stuartweg;Vianen;2,5;1,1;0,0;0,0;0,0;0,0
23;NL:Q:51341260;Hotel Vianen;Vianen;0,0;2,8;0,0;0,0;0,0;0,0
23;NL:Q:51341570;Lange Dreef;Vianen;0,7;3,5;0,0;0,0;0,0;0,0
23;NL:Q:51341580;Lange Dreef;Vianen;3,1;1,6;0,0;0,0;0,0;0,0
23;NL:Q:51470010;Tienhovenseweg;Hagestein;0,2;0,2;0,0;0,0;0,0;0,0
23;NL:Q:51470020;Tienhovenseweg;Hagestein;0,2;0,1;0,0;0,0;0,0;0,0
23;NL:Q:51470030;Kortenoever;Hagestein;0,1;0,0;0,0;0,0;0,0;0,0
23;NL:Q:51470040;Kortenoever;Hagestein;0,0;0,1;0,0;0,0;0,0;0,0
23;NL:Q:51470050;Autenasekade;Hagestein;0,0;0,3;0,0;0,0;0,0;0,0
23;NL:Q:51470060;Autenasekade;Hagestein;0,1;0,0;0,0;0,0;0,0;0,0
23;NL:Q:51470070;Nijensteinseweg;Hagestein;1,1;2,5;0,0;0,0;0,0;0,0
23;NL:Q:51470080;Nijensteinseweg;Hagestein;2,4;0,9;0,0;0,0;0,0;0,0
23;NL:Q:51470090;Stuwstraat;Hagestein;1,2;1,3;0,2;0,1;0,0;0,0
23;NL:Q:51470100;Stuwstraat;Hagestein;1,5;0,9;0,0;0,0;0,0;0,0
23;NL:Q:51470130;Biezenweg;Hagestein;1,0;1,0;0,0;0,0;0,0;0,0
23;NL:Q:51470140;Biezenweg;Hagestein;1,1;0,6;0,0;0,0;0,0;0,0
23;NL:Q:51470150;Hagesteinsestraat;Vianen;0,6;1,0;0,0;0,0;0,0;0,0
23;NL:Q:51471020;Hoefslag;Hagestein;0,0;1,4;0,0;0,0;0,0;0,0
23;NL:Q:51570030;Diefdijk;Everdingen;0,1;0,5;0,0;0,0;0,0;0,0
23;NL:Q:51570040;Diefdijk;Everdingen;0,8;0,1;0,0;0,0;0,0;0,0
23;NL:Q:51570170;De Hommel;Everdingen;2,0;2,5;0,0;0,0;0,0;0,0
23;NL:Q:51570180;De Hommel;Everdingen;2,5;1,7;0,0;0,0;0,0;0,0
23;NL:Q:51670010;Hamseweg;Culemborg;0,0;0,1;0,1;0,0;0,0;0,0
23;NL:Q:51670020;Hamseweg;Culemborg;0,1;0,1;0,0;0,0;0,0;0,0
23;NL:Q:51670030;Beukeboom;Culemborg;2,8;5,2;1,2;1,2;0,5;0,8
23;NL:Q:51670040;Guido Gezelleweg;Culemborg;0,1;1,9;0,0;0,0;0,0;0,0
23;NL:Q:51670050;Guido Gezelleweg;Culemborg;0,0;0,2;0,0;0,0;0,0;0,0
23;NL:Q:51670120;Beukeboom;Culemborg;4,2;2,3;1,1;0,7;1,0;0,4
23;NL:Q:51670130;Station;Culemborg;23,1;40,7;0,1;17,7;0,0;11,5
23;NL:Q:51670140;Station;Culemborg;41,0;21,7;17,6;0,0;11,1;0,0
23;NL:Q:51670530;SG Lek en Linge;Culemborg;2,4;6,3;0,0;0,0;0,0;0,0
23;NL:Q:51670550;SG Lek en Linge;Culemborg;3,5;0,0;0,0;0,0;0,0;0,0
23;NL:Q:51670720;Weidsteeg;Culemborg;3,4;1,4;1,8;0,4;1,8;0,2
23;NL:Q:51670730;Weidsteeg;Culemborg;1,3;4,4;0,5;1,7;0,2;2,1
23;NL:Q:51670750;Weidsteeg/Zandstraat;Culemborg;1,7;8,5;0,1;1,7;0,1;1,0
23;NL:Q:51670760;Weidsteeg/Zandstraat;Culemborg;9,7;2,5;2,1;0,3;1,0;0,2
23;NL:Q:51670780;Kon. Wilhelmina College;Culemborg;5,8;0,2;0,0;0,0;0,0;0,0
23;NL:Q:51670790;Kon. Wilhelmina College;Culemborg;0,0;7,1;0,0;0,0;0,0;0,0
23;NL:Q:51670820;Stationssingel;Culemborg;0,5;0,4;0,4;0,0;0,2;0,0
23;NL:Q:51670830;Stationssingel;Culemborg;0,3;1,2;0,0;0,6;0,0;0,3
23;NL:Q:51671280;Schootsveldpad;Culemborg;0,2;0,1;0,0;0,0;0,0;0,0
23;NL:Q:51671290;Schootsveldpad;Culemborg;0,1;0,3;0,0;0,0;0,0;0,0
23;NL:Q:51671300;Wijsenbeekweg;Culemborg;0,5;0,4;0,0;0,0;0,0;0,0
23;NL:Q:51671310;Wijsenbeekweg;Culemborg;0,2;0,8;0,0;0,0;0,0;0,0
23;NL:Q:51671320;Belle van Zuylenlaan;Culemborg;1,0;2,2;0,0;0,0;0,0;0,0
23;NL:Q:51671330;Belle van Zuylenlaan;Culemborg;2,1;1,0;0,0;0,0;0,0;0,0
23;NL:Q:51671340;Winkelcentrum Parijsch;Culemborg;2,4;3,6;0,0;0,0;0,0;0,0
23;NL:Q:51671350;Winkelcentrum Parijsch;Culemborg;2,9;2,0;0,0;0,0;0,0;0,0
23;NL:Q:51750040;Walstraat;Gorinchem;10,3;2,2;7,9;0,3;2,6;0,1
23;NL:Q:51750070;Station;Gorinchem;0,1;70,2;0,2;12,0;0,0;6,1
23;NL:Q:51750071;Station;Gorinchem;0,0;0,0;0,0;0,0;0,0;0,0
23;NL:Q:51750077;Station;Gorinchem;66,1;5,0;11,8;0,2;4,7;0,1
23;NL:Q:51750110;Walstraat;Gorinchem;3,5;9,7;1,2;8,2;0,6;2,9
23;NL:Q:51750120;Fortes Lyceum;Gorinchem;8,1;4,4;0,5;0,6;0,5;0,1
23;NL:Q:51750150;Anna Blamanstraat;Gorinchem;3,8;4,1;2,7;0,5;1,8;0,2
23;NL:Q:51750160;Anna Blamanstraat;Gorinchem;2,3;1,1;1,3;0,6;0,4;0,2
23;NL:Q:51750190;Muzenlaan;Gorinchem;0,1;5,9;0,1;1,4;0,1;0,2
23;NL:Q:51750230;Graaf Reinaldweg;Gorinchem;0,4;2,1;0,1;0,3;0,2;0,0
23;NL:Q:51750240;Fortes Lyceum;Gorinchem;3,4;8,1;0,6;0,6;0,4;0,2
23;NL:Q:51750280;Flank;Gorinchem;0,0;0,0;0,0;0,0;0,0;0,0
23;NL:Q:51750290;Flank;Gorinchem;0,0;0,0;0,0;0,0;0,0;0,0
23;NL:Q:51750380;Glacis;Gorinchem;0,0;0,0;0,0;0,0;0,0;0,0
23;NL:Q:51750390;Glacis;Gorinchem;0,0;0,0;0,0;0,0;0,0;0,0
23;NL:Q:51750410;Merwedekanaal;Gorinchem;5,8;0,3;0,4;0,1;0,4;0,0
23;NL:Q:51750420;Merwedekanaal;Gorinchem;0,2;8,5;0,0;0,6;0,0;0,4
23;NL:Q:51751200;Muzenlaan;Gorinchem;3,0;3,2;0,9;2,1;0,7;1,3
23;NL:Q:51751240;Graaf Reinaldweg;Gorinchem;1,4;0,4;0,3;0,4;0,1;0,0
23;NL:Q:51752010;Nieuwe Hoven;Gorinchem;0,3;0,0;0,0;0,0;0,0;0,0
23;NL:Q:51752020;Nieuwe Hoven;Gorinchem;0,0;0,1;0,0;0,0;0,0;0,0
23;NL:Q:51752130;Hoefslag;Gorinchem;13,8;13,8;0,0;0,0;0,0;0,0
23;NL:Q:51753080;Beatrixlaan;Dalem;1,7;3,7;0,6;1,6;0,4;0,6
23;NL:Q:51753090;Beatrixlaan;Dalem;1,5;2,2;1,7;0,6;1,3;0,3
23;NL:Q:51755510;Griendweg;Gorinchem;0,1;0,0;0,0;0,0;0,0;0,0
23;NL:Q:51755520;Griendweg;Dalem;0,1;0,5;0,0;0,0;0,0;0,0
23;NL:Q:51760060;Recht van ter Leede;Leerdam;0,2;0,0;0,0;0,0;0,0;0,0
23;NL:Q:51760090;Station Leerdam;Leerdam;3,8;2,6;0,7;0,0;0,0;0,0
23;NL:Q:51760120;Station Leerdam;Leerdam;3,1;5,7;0,0;0,9;0,0;0,0
23;NL:Q:51760130;Recht van ter Leede;Leerdam;0,0;0,1;0,0;0,0;0,0;0,0
23;NL:Q:51760230;Lingepolikliniek;Leerdam;0,6;0,6;0,0;0,0;0,0;0,0
23;NL:Q:51760250;Dr. C. Voogdplein;Leerdam;0,4;0,1;0,0;0,0;0,0;0,0
23;NL:Q:51760260;Dr. C. Voogdplein;Leerdam;0,0;0,6;0,0;0,0;0,0;0,0
23;NL:Q:51760270;Prinses Marijkestraat;Leerdam;0,3;0,0;0,0;0,0;0,0;0,0
23;NL:Q:51760280;Prinses Marijkestraat;Leerdam;0,0;0,2;0,0;0,0;0,0;0,0
23;NL:Q:51760360;Lingepolikliniek;Leerdam;0,0;0,1;0,0;0,0;0,0;0,0
23;NL:Q:51760370;Gemeentehuis;Asperen;1,1;0,1;0,1;0,0;0,0;0,0
23;NL:Q:51760380;Gemeentehuis;Asperen;0,0;0,8;0,0;0,1;0,0;0,0
23;NL:Q:51760410;Gruttersdam;Asperen;0,0;0,6;0,0;0,1;0,0;0,0
23;NL:Q:51760420;Gruttersdam;Asperen;1,3;0,1;0,1;0,0;0,0;0,0
23;NL:Q:51760430;Raadhuisplein;Asperen;0,1;0,4;0,0;0,0;0,0;0,0
23;NL:Q:51760440;Raadhuisplein;Asperen;0,4;0,1;0,0;0,0;0,0;0,0
23;NL:Q:51760450;Baronie;Asperen;0,0;0,1;0,0;0,0;0,0;0,0
23;NL:Q:51760460;Baronie;Asperen;0,1;0,0;0,0;0,0;0,0;0,0
23;NL:Q:51760470;Drostlaan;Asperen;0,1;0,4;0,0;0,0;0,0;0,0
23;NL:Q:51760480;Drostlaan;Asperen;0,6;0,0;0,0;0,0;0,0;0,0
23;NL:Q:51760550;Brandweer;Asperen;0,1;0,0;0,2;0,1;0,0;0,0
23;NL:Q:51760560;Brandweer;Asperen;0,0;0,3;0,0;0,1;0,0;0,0
23;NL:Q:51760570;Stardam;Asperen;0,2;0,1;0,1;0,0;0,0;0,0
23;NL:Q:51760580;Stardam;Asperen;0,0;0,3;0,0;0,1;0,0;0,0
23;NL:Q:51760590;Schildkamp;Asperen;0,6;0,3;0,1;0,1;0,0;0,0
23;NL:Q:51760600;Schildkamp;Asperen;0,1;0,5;0,0;0,2;0,0;0,0
23;NL:Q:51769070;De Schakel;Acquoy;0,2;0,1;0,2;0,0;0,0;0,0
23;NL:Q:51769080;De Schakel;Acquoy;0,0;0,1;0,0;0,1;0,0;0,0
23;NL:Q:51769110;Achterweg;Acquoy;0,0;0,1;0,0;0,1;0,0;0,0
23;NL:Q:51769120;Achterweg;Acquoy;0,1;0,0;0,0;0,0;0,0;0,0
23;NL:Q:60000280;Joris Ivensplein;Nijmegen;0,7;11,9;0,5;5,5;0,5;6,4
23;NL:Q:60000610;Joris Ivensplein;Nijmegen;10,5;0,9;6,6;0,3;8,7;0,7
23;NL:Q:60000630;Havenweg;Nijmegen;0,5;4,2;0,4;1,7;0,8;4,2
23;NL:Q:60000690;Hatertseweg/Grootstalseln;Nijmegen;0,0;0,0;0,0;0,0;0,0;0,0
23;NL:Q:60000970;Sluis Weurt;Nijmegen;0,7;2,0;0,3;0,8;0,2;1,2
23;NL:Q:60000990;Sluis Weurt;Nijmegen;1,6;1,3;0,6;0,2;1,8;0,8
23;NL:Q:60001000;;;0,0;0,9;0,0;0,3;0,0;0,3
23;NL:Q:60001002;Centraal Station;Nijmegen;95,8;0,0;45,7;0,0;65,1;0,0
23;NL:Q:60001003;Centraal Station;Nijmegen;0,0;68,0;0,0;31,4;0,0;44,0
23;NL:Q:60001010;Centraal Station;Nijmegen;0,0;0,5;0,0;0,1;0,0;0,2
23;NL:Q:60001050;Havenweg;Nijmegen;2,7;0,5;1,3;0,3;1,5;0,8
23;NL:Q:60001200;Smetiusstraat;Nijmegen;5,5;2,1;2,5;0,6;3,3;1,0
23;NL:Q:60001700;Smetiusstraat;Nijmegen;0,8;5,8;0,3;3,3;0,2;3,8
23;NL:Q:60002005;Plein 1944;Nijmegen;30,1;10,5;21,0;5,1;22,5;6,8
23;NL:Q:60002006;Plein 1944;Nijmegen;3,5;25,4;2,3;22,5;1,7;19,4
23;NL:Q:60003370;Merwedestraat;Nijmegen;0,6;6,1;0,6;3,8;0,6;5,3
23;NL:Q:60003450;Vlietstraat;Nijmegen;2,8;2,0;2,1;1,0;1,3;2,6
23;NL:Q:60003490;Biezenstraat;Nijmegen;5,5;0,6;4,0;0,4;3,2;0,6
23;NL:Q:60003580;Vlietstraat;Nijmegen;4,3;3,7;2,6;1,6;3,2;4,2
23;NL:Q:60003660;Biezenstraat;Nijmegen;0,7;6,7;0,5;4,2;0,7;5,6
23;NL:Q:60003720;Merwedestraat;Nijmegen;5,2;0,6;3,3;0,7;3,2;0,8
23;NL:Q:60003880;Industrieweg;Nijmegen;0,3;6,1;0,2;1,5;0,1;1,5
23;NL:Q:60003960;Industrieweg;Nijmegen;4,9;1,5;2,6;0,7;0,8;0,5
23;NL:Q:61120010;Kerkstraat;Weurt;0,0;5,7;0,0;2,9;0,0;6,0
23;NL:Q:61120020;Hommelstraat;Beuningen;1,9;1,0;0,9;0,7;1,8;0,6
23;NL:Q:61120040;Kerk;Beuningen;7,5;0,8;4,3;0,3;5,6;0,4
23;NL:Q:61120050;Distelakkerstraat;Beuningen;0,1;0,8;0,1;0,5;0,2;0,8
23;NL:Q:61120060;Distelakkerstraat;Beuningen;0,6;0,1;0,5;0,0;0,3;0,0
23;NL:Q:61120070;Kerk;Beuningen;5,3;10,8;2,2;5,4;3,0;8,8
23;NL:Q:61120090;Hommelstraat;Beuningen;0,9;2,9;0,5;1,3;0,4;1,6
23;NL:Q:61120100;Kerkstraat;Weurt;4,2;0,3;2,5;0,0;2,7;1,0
23;NL:Q:61120470;Gemeentehuis;Beuningen;1,1;2,4;0,3;0,7;0,5;2,2
23;NL:Q:61120480;Gemeentehuis;Beuningen;1,6;5,3;0,9;2,4;0,9;2,6
23;NL:Q:61220010;Julianastraat;Ewijk;2,8;14,3;0,9;6,5;1,5;7,0
23;NL:Q:61220020;Deijnschestraat;Winssen;0,4;0,1;0,3;0,0;0,4;0,0
23;NL:Q:61220030;Molenweg;Ewijk;0,1;0,7;0,1;0,5;0,0;0,5
23;NL:Q:61220040;Geerstraat;Winssen;1,3;0,2;0,2;0,0;0,5;0,0
23;NL:Q:61220060;Leegstraat;Winssen;6,7;1,2;3,0;0,2;3,4;0,3
23;NL:Q:61220070;Leegstraat;Winssen;1,2;6,2;0,4;2,5;0,4;3,2
23;NL:Q:61220090;Geerstraat;Winssen;0,2;1,1;0,0;0,8;0,0;0,8
23;NL:Q:61220100;Molenweg;Ewijk;0,4;0,1;0,2;0,1;0,5;0,0
23;NL:Q:61220110;Deijnschestraat;Winssen;0,0;0,5;0,0;0,3;0,0;0,5
23;NL:Q:61220120;Julianastraat;Ewijk;14,4;3,3;6,9;1,0;6,2;1,2
23;NL:Q:61220170;Keizershoeve;Ewijk;0,6;3,6;0,4;2,6;0,2;2,5
23;NL:Q:61220180;Keizershoeve;Ewijk;3,6;0,9;2,0;0,3;2,4;0,3
23;NL:Q:61220190;Plakstraat;Winssen;0,4;3,2;0,3;1,8;0,6;1,5
23;NL:Q:61220200;Plakstraat;Winssen;2,6;0,5;1,1;0,2;1,6;0,3
23;NL:Q:61280010;Achterstraat;Varik;0,0;0,1;0,0;0,0;0,0;0,0
23;NL:Q:61280020;Esterwegsestoep;Heesselt;0,0;0,0;0,0;0,0;0,0;0,0
23;NL:Q:61280030;Kerkstraat 3;Varik;0,0;0,1;0,0;0,0;0,0;0,0
23;NL:Q:61280040;Van Riemsdijk;Heesselt;0,1;0,0;0,0;0,0;0,0;0,0
23;NL:Q:61280060;Gemeneweg;Heesselt;0,0;0,1;0,0;0,0;0,0;0,0
23;NL:Q:61280070;Kerkstraat 38;Varik;0,1;0,3;0,0;0,0;0,0;0,0
23;NL:Q:61280080;Kerklaan;Heesselt;0,1;0,1;0,0;0,0;0,0;0,0
23;NL:Q:61280090;Postkantoor;Varik;0,1;0,3;0,0;0,0;0,0;0,0
23;NL:Q:61280100;Gerestraat 40;Heesselt;0,1;0,0;0,0;0,0;0,0;0,0
23;NL:Q:61280110;Toevershof;Varik;0,1;0,3;0,0;0,0;0,0;0,0
23;NL:Q:61280120;Heesselt;Heesselt;0,0;0,0;0,0;0,0;0,0;0,0
23;NL:Q:61280130;Walgtsestraat;Varik;0,0;0,2;0,0;0,0;0,0;0,0
23;NL:Q:61280140;Sportterrein;Varik;0,0;0,0;0,0;0,0;0,0;0,0
23;NL:Q:61280150;Sportterrein;Varik;0,0;0,0;0,0;0,0;0,0;0,0
23;NL:Q:61280160;Walgtsestraat;Varik;0,2;0,1;0,0;0,0;0,0;0,0
23;NL:Q:61280170;Heesselt;Heesselt;0,0;0,0;0,0;0,0;0,0;0,0
23;NL:Q:61280180;Toevershof;Varik;0,5;0,1;0,0;0,0;0,0;0,0
23;NL:Q:61280190;Gerestraat 40;Heesselt;0,0;0,1;0,0;0,0;0,0;0,0
23;NL:Q:61280200;Postkantoor;Varik;0,2;0,0;0,0;0,0;0,0;0,0
23;NL:Q:61280210;Kerklaan;Heesselt;0,1;0,1;0,0;0,0;0,0;0,0
23;NL:Q:61280220;Kerkstraat 38;Varik;0,3;0,1;0,0;0,0;0,0;0,0
23;NL:Q:61280230;Gemeneweg;Heesselt;0,0;0,2;0,0;0,0;0,0;0,0
23;NL:Q:61280240;Kerkstraat 3;Varik;0,1;0,0;0,0;0,0;0,0;0,0
23;NL:Q:61280250;Van Riemsdijk;Heesselt;0,0;0,0;0,0;0,0;0,0;0,0
23;NL:Q:61280260;Achterstraat;Varik;0,0;0,0;0,0;0,0;0,0;0,0
23;NL:Q:61280270;Esterwegsestoep;Heesselt;0,0;0,0;0,0;0,0;0,0;0,0
23;NL:Q:61311020;Passewaaij;Tiel;3,4;0,0;0,0;0,0;0,0;0,0
23;NL:Q:61311030;Passewaaij;Tiel;0,0;3,8;0,0;0,0;0,0;0,0
23;NL:Q:61320010;;;0,0;0,0;0,0;0,0;0,0;0,0
23;NL:Q:61320020;Klapstraat;Afferden;1,9;0,4;1,1;0,0;1,4;0,1
23;NL:Q:61320031;Koningstraat;Afferden;0,0;0,5;0,0;0,3;0,0;0,3
23;NL:Q:61320041;Pas;Afferden;4,5;0,7;1,5;0,3;3,0;0,2
23;NL:Q:61320051;Pas;Afferden;0,5;4,3;0,3;2,4;0,2;2,0
23;NL:Q:61320061;Koningstraat;Afferden;0,6;0,1;0,5;0,0;0,5;0,0
23;NL:Q:61320070;Klapstraat;Afferden;0,2;2,0;0,0;1,5;0,0;1,5
23;NL:Q:61320080;Grotestraat;Deest;6,1;2,2;2,3;0,8;2,7;0,8
23;NL:Q:61320110;Grotestraat;Deest;1,3;6,3;0,6;2,6;0,9;2,7
23;NL:Q:61350010;Esterweg;Opijnen;0,0;0,0;0,0;0,0;0,0;0,0
23;NL:Q:61350020;PGEM Station;Neerijnen;0,0;0,1;0,0;0,0;0,0;0,0
23;NL:Q:61350030;Zandstraat 59;Opijnen;0,1;0,0;0,0;0,0;0,0;0,0
23;NL:Q:61350040;School;Neerijnen;0,0;0,0;0,0;0,0;0,0;0,0
23;NL:Q:61350050;Nieuwe Stoep;Opijnen;0,0;0,1;0,0;0,0;0,0;0,0
23;NL:Q:61350060;De Vor;Neerijnen;0,0;0,0;0,0;0,0;0,0;0,0
23;NL:Q:61350070;Smid van Empel;Opijnen;0,2;0,0;0,0;0,0;0,0;0,0
23;NL:Q:61350080;Repelsestraat;Opijnen;0,1;0,3;0,0;0,0;0,0;0,0
23;NL:Q:61350090;Gemeentehuis;Opijnen;0,8;0,5;0,0;0,0;0,0;0,0
23;NL:Q:61350100;Gemeentehuis;Opijnen;0,7;0,3;0,0;0,0;0,0;0,0
23;NL:Q:61350120;Smid van Empel;Opijnen;0,0;0,2;0,0;0,0;0,0;0,0
23;NL:Q:61350130;De Vor;Neerijnen;0,0;0,0;0,0;0,0;0,0;0,0
23;NL:Q:61350140;Nieuwe Stoep;Opijnen;0,0;0,0;0,0;0,0;0,0;0,0
23;NL:Q:61350150;School;Neerijnen;0,1;0,0;0,0;0,0;0,0;0,0
23;NL:Q:61350160;Zandstraat 59;Opijnen;0,0;0,1;0,0;0,0;0,0;0,0
23;NL:Q:61350170;PGEM Station;Neerijnen;0,0;0,1;0,0;0,0;0,0;0,0
23;NL:Q:61350180;Esterweg;Opijnen;0,0;0,0;0,0;0,0;0,0;0,0
23;NL:Q:61360010;Burg. Verweijlaan;Geldermalsen;0,0;0,0;0,0;0,0;0,0;0,0
23;NL:Q:61360030;Prinses Marijkeweg;Geldermalsen;0,1;0,2;0,0;0,0;0,0;0,0
23;NL:Q:61360040;Prinses Marijkeweg;Geldermalsen;0,0;0,7;0,0;0,0;0,0;0,0
23;NL:Q:61360060;Zorgcentrum;Geldermalsen;0,0;0,5;0,0;0,2;0,0;0,0
23;NL:Q:61360080;Poppenbouwing Oost;Geldermalsen;0,6;0,2;0,0;0,0;0,0;0,0
23;NL:Q:61360110;Centrum;Geldermalsen;0,3;0,1;0,1;0,1;0,0;0,0
23;NL:Q:61360120;Kostverlorenkade;Geldermalsen;0,0;0,0;0,0;0,0;0,0;0,0
23;NL:Q:61360130;Gemeentehuis;Geldermalsen;0,0;0,0;0,0;0,0;0,0;0,0
23;NL:Q:61360140;Gemeentehuis;Geldermalsen;0,0;0,1;0,0;0,0;0,0;0,0
23;NL:Q:61360180;Burg. Verweijlaan;Geldermalsen;0,0;0,4;0,0;0,1;0,0;0,0
23;NL:Q:61360220;Tunnelweg;Geldermalsen;0,0;0,0;0,0;0,0;0,0;0,0
23;NL:Q:61360270;Centrum;Geldermalsen;0,1;0,9;0,1;0,6;0,0;0,0
23;NL:Q:61360290;Kalenberg;Meteren;10,4;5,4;1,0;2,6;0,3;2,0
23;NL:Q:61360300;Kalenberg;Meteren;1,6;11,7;0,5;0,6;0,2;0,4
23;NL:Q:61360310;Landbouwhuis;Meteren;1,3;0,9;0,1;0,6;0,0;0,6
23;NL:Q:61360320;Landbouwhuis;Meteren;0,4;1,1;0,5;0,2;0,6;0,0
23;NL:Q:61360330;Rode Kruis Gebouw;Geldermalsen;0,0;0,1;0,0;0,0;0,0;0,0
23;NL:Q:61360350;Station;Geldermalsen;59,2;3,3;16,4;0,4;7,3;0,0
23;NL:Q:61360360;Station;Geldermalsen;2,2;59,7;0,3;10,7;0,0;6,6
23;NL:Q:61360370;Station;Geldermalsen;2,3;0,0;0,6;0,0;0,0;0,0
23;NL:Q:61360380;Rode Kruis Gebouw;Geldermalsen;0,1;0,0;0,0;0,0;0,0;0,0
23;NL:Q:61360510;Voetbalveld;Geldermalsen;0,2;0,1;0,0;0,0;0,0;0,0
23;NL:Q:61360550;Rijnstraat;Geldermalsen;0,0;0,0;0,0;0,0;0,0;0,0
23;NL:Q:61360640;Hogeweide;Geldermalsen;0,9;1,5;0,0;0,0;0,0;0,0
23;NL:Q:61361050;Werkzaak;Geldermalsen;18,5;8,1;0,0;0,0;0,0;0,0
23;NL:Q:61361060;Werkzaak;Geldermalsen;5,9;21,8;0,0;0,0;0,0;0,0
23;NL:Q:61361310;Groeneweg;Buurmalsen;0,0;0,0;0,0;0,0;0,0;0,0
23;NL:Q:61361350;Rijksstraatweg;Buurmalsen;0,0;0,0;0,0;0,0;0,0;0,0
23;NL:Q:61361370;Rooimond;Buurmalsen;0,0;0,1;0,0;0,0;0,0;0,0
23;NL:Q:61362010;Hondsgemet;Est;0,0;1,0;0,0;0,0;0,0;0,0
23;NL:Q:61362020;Kerk;Est;0,1;0,1;0,1;0,1;0,0;0,0
23;NL:Q:61363010;Dorpshuis;Tricht;0,1;0,1;0,0;0,0;0,0;0,0
23;NL:Q:61368120;Verlengde Bredestraat;Meteren;0,0;0,0;0,0;0,0;0,0;0,0
23;NL:Q:61368296;MFC de Pluk;West Betuwe;0,0;0,1;0,0;0,1;0,0;0,0
23;NL:Q:61369180;Dorpsstraat;Meteren;0,1;0,1;0,1;0,0;0,0;0,0
23;NL:Q:61369410;Kostverlorenkade;Geldermalsen;0,0;0,1;0,0;0,0;0,0;0,0
23;NL:Q:61369550;Lokhorstschool;Deil;0,0;1,2;0,0;0,0;0,0;0,0
23;NL:Q:61369560;Lokhorstschool;Deil;0,0;0,0;0,0;0,0;0,0;0,0
23;NL:Q:61369570;Schoresteynstraat;Deil;0,0;0,0;0,0;0,1;0,0;0,0
23;NL:Q:61369580;Schoresteynstraat;Deil;0,0;0,0;0,0;0,0;0,0;0,0
23;NL:Q:61370020;Klepperheide;Kerk-Avezaath;0,1;0,0;0,0;0,0;0,0;0,0
23;NL:Q:61370110;Klepperheide;Kerk-Avezaath;0,1;0,2;0,0;0,1;0,0;0,0
23;NL:Q:61370210;N834/Daver;Kerk-Avezaath;1,7;0,8;0,7;0,4;0,8;0,3
23;NL:Q:61370220;N834/Daver;Kapel Avezaath Buren;0,9;1,5;0,5;0,7;0,2;0,8
23;NL:Q:61380020;Kloppenhof;Ophemert;0,0;0,0;0,0;0,0;0,0;0,0
23;NL:Q:61380040;Van Beesd;Ophemert;0,1;0,0;0,0;0,0;0,0;0,0
23;NL:Q:61380050;Rode Molen;Ophemert;0,0;0,0;0,0;0,0;0,0;0,0
23;NL:Q:61380060;Griedesteeg;Ophemert;0,5;0,0;0,0;0,0;0,0;0,0
23;NL:Q:61380080;Vivo;Ophemert;0,1;0,0;0,0;0,0;0,0;0,0
23;NL:Q:61380100;Goossen Janssenstraat;Ophemert;0,1;0,0;0,0;0,0;0,0;0,0
23;NL:Q:61380110;Molenstraat;Ophemert;0,0;0,0;0,0;0,0;0,0;0,0
23;NL:Q:61380120;Molenstraat;Ophemert;0,0;0,0;0,0;0,0;0,0;0,0
23;NL:Q:61380130;Goossen Janssenstraat;Ophemert;0,0;0,0;0,0;0,0;0,0;0,0
23;NL:Q:61380140;Waalbandijk;Ophemert;0,0;0,0;0,0;0,0;0,0;0,0
23;NL:Q:61380150;Vivo;Ophemert;0,0;0,2;0,0;0,0;0,0;0,0
23;NL:Q:61380160;Hermoesestraat;Ophemert;0,0;0,0;0,0;0,0;0,0;0,0
23;NL:Q:61380170;Griedesteeg;Ophemert;0,1;0,5;0,0;0,0;0,0;0,0
23;NL:Q:61380180;Rode Molen;Ophemert;0,0;0,0;0,0;0,0;0,0;0,0
23;NL:Q:61380190;Van Beesd;Ophemert;0,0;0,1;0,0;0,0;0,0;0,0
23;NL:Q:61380210;Kloppenhof;Ophemert;0,0;0,0;0,0;0,0;0,0;0,0
23;NL:Q:61400010;Lingebrug;Zetten;0,0;0,0;0,0;0,0;0,0;0,0
23;NL:Q:61400030;Molenstraat;Zetten;0,0;0,0;0,0;0,0;0,0;0,0
23;NL:Q:61400120;Molenstraat;Zetten;0,0;0,0;0,0;0,0;0,0;0,0
23;NL:Q:61400140;Lingebrug;Zetten;0,0;0,0;0,0;0,0;0,0;0,0
23;NL:Q:61400160;Vogelenzang;Andelst;0,0;0,0;0,0;0,0;0,0;0,0
23;NL:Q:61400390;Vogelenzang;Andelst;0,1;0,0;0,0;0,0;0,0;0,0
23;NL:Q:61401001;Station Zetten Andelst;Zetten;1,0;1,0;0,0;0,0;0,0;0,0
23;NL:Q:61401170;Monument;Andelst;0,0;0,0;0,0;0,0;0,0;0,0
23;NL:Q:61401230;Brittanjesingel;Zetten;0,1;0,2;0,0;0,0;0,0;0,0
23;NL:Q:61401240;Brittanjesingel;Zetten;0,2;0,2;0,0;0,0;0,0;0,0
23;NL:Q:61401270;Stationsstraat;Zetten;0,1;0,2;0,0;0,0;0,0;0,0
23;NL:Q:61401280;Stationsstraat;Zetten;0,2;0,1;0,0;0,0;0,0;0,0
23;NL:Q:61401310;Hoofdstraat;Zetten;0,3;0,2;0,0;0,0;0,0;0,0
23;NL:Q:61401320;Hoofdstraat;Zetten;0,1;0,3;0,0;0,0;0,0;0,0
23;NL:Q:61402270;Monument;Andelst;0,1;0,0;0,0;0,0;0,0;0,0
23;NL:Q:61402310;Industrieweg;Andelst;0,0;0,0;0,0;0,0;0,0;0,0
23;NL:Q:61402320;Industrieweg;Andelst;0,0;0,0;0,0;0,0;0,0;0,0
23;NL:Q:61410030;Veemarkt;Tiel;11,9;26,7;2,5;16,1;1,1;7,8
23;NL:Q:61410050;Lingedijk;Tiel;2,0;0,2;1,4;0,1;0,4;0,0
23;NL:Q:61410070;Station Noordzijde;Tiel;15,6;11,0;5,4;3,0;3,2;1,8
23;NL:Q:61410080;Vrijthof;Tiel;1,3;2,1;0,0;0,0;0,0;0,0
23;NL:Q:61410090;Prinses Marijkelaan;Tiel;0,3;0,7;0,2;0,2;0,2;0,1
23;NL:Q:61410120;Prinses Marijkelaan;Tiel;0,0;0,4;0,1;0,2;0,0;0,1
23;NL:Q:61410130;Vrijthof;Tiel;2,3;0,6;0,0;0,0;0,0;0,0
23;NL:Q:61410140;Station Noordzijde;Tiel;0,0;20,7;0,0;12,7;0,0;6,8
23;NL:Q:61410160;Lingedijk;Tiel;0,0;4,6;0,0;3,1;0,0;1,1
23;NL:Q:61410180;Sportpark Ridderweide;Tiel;1,1;0,1;0,0;0,0;0,0;0,0
23;NL:Q:61410200;Sporthal de Betuwe;Tiel;5,1;0,3;0,0;0,0;0,0;0,0
23;NL:Q:61410210;Hoog Kellenseweg;Tiel;1,2;3,6;0,3;0,3;0,1;0,2
23;NL:Q:61410220;Batouwe;Tiel;1,1;0,5;0,0;0,0;0,0;0,0
23;NL:Q:61410240;Westlede;Tiel;0,6;0,2;0,0;0,0;0,0;0,0
23;NL:Q:61410250;Grote Brugse Grintweg;Tiel;1,1;2,3;0,4;0,5;0,1;0,4
23;NL:Q:61410260;Teisterbantlaan;Tiel;0,6;0,4;0,0;0,0;0,0;0,0
23;NL:Q:61410280;Papesteeg;Tiel;0,0;1,3;0,0;0,0;0,0;0,0
23;NL:Q:61410290;Station;Tiel;15,2;4,8;5,0;0,0;3,6;0,0
23;NL:Q:61410300;Heiligestraat;Tiel;0,0;0,2;0,0;0,0;0,0;0,0
23;NL:Q:61410310;Station;Tiel;0,5;0,3;0,2;0,0;0,0;0,0
23;NL:Q:61410320;Station;Tiel;91,5;64,3;28,7;19,0;25,9;19,4
23;NL:Q:61410330;Veemarkt;Tiel;20,5;10,9;11,7;0,7;5,5;0,1
23;NL:Q:61410340;Station;Tiel;0,1;0,0;0,0;0,0;0,0;0,0
23;NL:Q:61410370;Santwyckse Poort;Tiel;0,5;2,2;0,3;1,5;0,0;0,6
23;NL:Q:61410380;Grote Brugse Grintweg;Tiel;5,3;2,4;1,4;0,9;0,9;0,3
23;NL:Q:61410390;Heiligestraat;Tiel;0,2;0,4;0,0;0,0;0,0;0,0
23;NL:Q:61410410;Papesteeg;Tiel;0,0;0,0;0,0;0,0;0,0;0,0
23;NL:Q:61410420;Hoog Kellenseweg;Tiel;0,1;1,5;0,0;0,3;0,0;0,2
23;NL:Q:61410430;Teisterbantlaan;Tiel;2,2;0,1;0,0;0,0;0,0;0,0
23;NL:Q:61410450;Westlede;Tiel;0,4;0,7;0,0;0,0;0,0;0,0
23;NL:Q:61410470;Batouwe;Tiel;0,7;1,5;0,0;0,0;0,0;0,0
23;NL:Q:61410490;Sporthal de Betuwe;Tiel;1,3;0,3;0,0;0,0;0,0;0,0
23;NL:Q:61410510;Sportpark Ridderweide;Tiel;0,3;3,7;0,0;0,0;0,0;0,0
23;NL:Q:61410530;Rijksscholengemeenschap;Tiel;3,2;5,4;1,0;1,2;0,6;0,6
23;NL:Q:61410580;Rijksscholengemeenschap;Tiel;2,4;1,4;0,0;0,0;0,0;0,0
23;NL:Q:61410640;Laan van Westroijen;Tiel;3,7;2,0;0,6;0,3;0,8;0,3
23;NL:Q:61410690;Laan van Westroijen;Tiel;2,5;3,5;0,7;0,8;0,8;0,8
23;NL:Q:61410700;Lokstraat;Tiel;0,5;0,8;0,3;0,4;0,1;0,2
23;NL:Q:61410710;Lokstraat;Tiel;0,8;0,5;0,3;0,3;0,3;0,2
23;NL:Q:61410720;Rauwenhof;Tiel;0,5;0,2;0,0;0,0;0,0;0,0
23;NL:Q:61410730;Rauwenhof;Tiel;0,2;1,3;0,1;0,5;0,1;0,2
23;NL:Q:61410740;ROC Rivor;Tiel;4,5;13,2;0,2;0,1;0,0;0,3
23;NL:Q:61410750;Rauwenhof;Tiel;1,8;1,5;0,3;0,5;0,2;0,2
23;NL:Q:61410770;ROC Rivor;Tiel;9,1;6,2;0,1;0,0;0,2;0,0
23;NL:Q:61410800;Voetveer;Tiel;0,3;0,1;0,2;0,1;0,1;0,2
23;NL:Q:61410810;Voetveer;Tiel;0,1;0,4;0,2;0,5;0,0;0,1
23;NL:Q:61410940;Santwyckse Poort;Tiel;2,2;0,3;1,1;0,2;0,4;0,1
23;NL:Q:61410970;Groenendaal Plus;Tiel;2,2;0,3;1,6;0,3;0,9;0,1
23;NL:Q:61410980;Groenendaal Plus;Tiel;0,2;2,1;0,1;2,0;0,1;0,8
23;NL:Q:61411000;Inundatiekanaal;Tiel;0,9;0,0;0,0;0,0;0,0;0,0
23;NL:Q:61411010;Inundatiekanaal;Tiel;0,3;1,1;0,0;0,0;0,0;0,0
23;NL:Q:61411050;Jhr. P.A. Reuchlinlaan;Tiel;0,0;0,2;0,0;0,0;0,0;0,0
23;NL:Q:61411060;Jhr. P.A. Reuchlinlaan;Tiel;0,0;0,0;0,0;0,0;0,0;0,0
23;NL:Q:61411070;Sportpark Rauwenhof;Tiel;0,6;0,3;0,3;0,2;0,2;0,1
23;NL:Q:61411080;Sportpark Rauwenhof;Tiel;0,2;0,7;0,2;0,3;0,0;0,3
23;NL:Q:61411100;Station;Tiel;0,2;2,9;0,0;0,4;0,0;0,1
23;NL:Q:61412090;Elzenpasch Zuid;Tiel;2,7;3,9;0,5;0,9;0,4;0,8
23;NL:Q:61412100;Elzenpasch Zuid;Tiel;1,1;0,3;0,3;0,2;0,3;0,1
23;NL:Q:61412130;Elzenpasch West;Tiel;0,1;0,0;0,1;0,3;0,0;0,1
23;NL:Q:61412140;Elzenpasch West;Tiel;0,0;0,1;0,0;0,4;0,0;0,4
23;NL:Q:61412150;Predikbroedersweg;Tiel;0,8;2,6;0,2;0,6;0,2;0,7
23;NL:Q:61412160;Predikbroedersweg;Tiel;5,4;1,1;0,5;0,3;0,6;0,3
23;NL:Q:61412170;Westluidense Poort;Tiel;0,1;0,9;0,1;0,4;0,1;0,1
23;NL:Q:61412180;Westluidense Poort;Tiel;0,3;0,1;0,5;0,1;0,0;0,1
23;NL:Q:61412190;Waardenburglaan;Tiel;2,6;0,1;0,0;0,0;0,0;0,0
23;NL:Q:61412200;Waardenburglaan;Tiel;1,5;4,6;0,0;0,0;0,0;0,0
23;NL:Q:61420010;Pax Christi College;Druten;0,3;4,7;0,1;1,7;0,0;1,9
23;NL:Q:61420030;Hermes Garage;Druten;0,2;2,1;0,1;1,1;0,0;1,4
23;NL:Q:61420040;;;0,0;0,0;0,0;0,0;0,0;0,0
23;NL:Q:61420050;Markt;Druten;1,4;6,4;0,5;4,9;0,4;5,7
23;NL:Q:61420070;Javaplein;Druten;0,1;2,5;0,0;1,5;0,0;2,5
23;NL:Q:61420100;Markt;Druten;6,6;0,3;3,5;0,2;4,2;0,1
23;NL:Q:61420120;Hermes Garage;Druten;2,5;1,8;0,8;0,9;1,4;0,6
23;NL:Q:61420140;Pax Christi College;Druten;4,2;1,1;1,0;0,1;1,0;0,1
23;NL:Q:61420160;Gemeentehuis;Druten;0,3;3,2;0,1;2,2;0,1;2,3
23;NL:Q:61420180;Gemeentehuis;Druten;2,7;0,6;1,4;0,3;2,0;0,2
23;NL:Q:61420190;Kerkstraat;Puiflijk;1,8;3,2;0,7;1,3;0,5;0,6
23;NL:Q:61420200;Kerkstraat;Puiflijk;3,0;1,5;1,4;0,5;1,6;0,4
23;NL:Q:61420290;Javaplein;Druten;1,1;0,1;1,1;0,0;1,4;0,1
23;NL:Q:61420300;Koekoeksnest;Druten;7,0;2,6;3,3;1,2;2,5;0,8
23;NL:Q:61420310;Koekoeksnest;Druten;2,0;6,4;0,6;3,4;0,6;2,8
23;NL:Q:61420320;Westerhout;Puiflijk;3,4;3,3;1,2;0,4;1,3;0,3
23;NL:Q:61420330;Westerhout;Puiflijk;2,0;3,8;0,4;1,3;0,2;0,8
23;NL:Q:61421000;Busstation;Druten;36,4;0,1;21,8;0,0;32,4;0,1
23;NL:Q:61421001;Busstation;Druten;0,0;39,8;0,0;24,1;0,0;29,0
23;NL:Q:61421004;Busstation;Druten;96,9;51,8;27,1;9,4;19,4;11,0
23;NL:Q:61421010;Busstation;Druten;35,2;78,4;9,0;22,9;11,2;15,3
23;NL:Q:61450020;Waalbandijk;Tuil;2,3;1,6;0,8;0,5;0,4;0,0
23;NL:Q:61450060;Achterweg;Waardenburg;2,1;1,4;0,5;0,2;0,0;0,1
23;NL:Q:61450090;Busstation;Waardenburg;8,0;8,6;0,6;1,4;0,2;0,9
23;NL:Q:61450130;Achterweg;Waardenburg;2,6;3,5;0,2;1,3;0,0;0,1
23;NL:Q:61450170;Waalbandijk;Tuil;2,0;2,3;0,4;0,6;0,1;0,2
23;NL:Q:61451010;McDonalds;Waardenburg;0,1;0,2;0,0;0,0;0,0;0,0
23;NL:Q:61451190;Busstation;Waardenburg;8,0;6,8;0,7;0,6;0,4;0,2
23;NL:Q:61451290;Rijweg;Waardenburg;1,6;1,3;0,2;0,2;0,0;0,1
23;NL:Q:61451300;Rijweg;Neerijnen;1,0;1,0;0,3;0,1;0,1;0,0
23;NL:Q:61470010;Lutterveld;Erichem;0,5;0,7;0,3;0,4;0,2;0,2
23;NL:Q:61470020;Oranjehof;Buren;1,4;3,0;1,8;1,4;1,0;0,9
23;NL:Q:61470030;Binnenstraat;Erichem;0,5;0,3;0,0;0,1;0,2;0,0
23;NL:Q:61470050;Kerk;Erichem;1,0;0,8;0,4;0,3;0,3;0,1
23;NL:Q:61470060;Kerk;Erichem;0,8;1,0;0,1;0,4;0,0;0,3
23;NL:Q:61470070;Erichemseweg;Erichem;0,6;0,0;0,0;0,0;0,0;0,0
23;NL:Q:61470080;Ridder Alartlaan;Buren;3,4;5,3;0,8;0,8;0,2;0,4
23;NL:Q:61470090;Ridder Alartlaan;Buren;5,0;3,6;0,9;0,6;0,6;0,3
23;NL:Q:61470100;Erichemseweg;Erichem;0,0;0,6;0,0;0,1;0,0;0,0
23;NL:Q:61470120;Plantsoen;Buren;1,5;3,7;0,9;3,0;0,4;1,6
23;NL:Q:61470130;Plantsoen;Buren;4,2;1,8;2,8;1,0;1,9;0,4
23;NL:Q:61470140;Binnenstraat;Erichem;0,2;0,3;0,1;0,1;0,0;0,0
23;NL:Q:61470150;Oranjehof;Buren;2,8;1,4;1,2;1,2;0,6;0,4
23;NL:Q:61470160;Lutterveld;Erichem;0,7;0,5;0,5;0,6;0,2;0,2
23;NL:Q:61490010;Tielsestraat 43;Maurikseveld;0,0;0,1;0,0;0,0;0,0;0,0
23;NL:Q:61490020;Mauriksestraat;Maurikseveld;0,1;0,0;0,0;0,0;0,0;0,0
23;NL:Q:61490030;Tielsestraat 68;Maurikseveld;0,0;0,1;0,0;0,0;0,0;0,0
23;NL:Q:61490040;Tielsestraat 68;Maurikseveld;0,1;0,0;0,0;0,0;0,0;0,0
23;NL:Q:61490050;Mauriksestraat;Maurikseveld;0,1;0,1;0,0;0,0;0,0;0,0
23;NL:Q:61490060;Tielsestraat 43;Maurikseveld;0,1;0,1;0,0;0,0;0,0;0,0
23;NL:Q:61490070;Beldert;Maurik;0,2;0,5;0,1;0,3;0,1;0,0
23;NL:Q:61490080;Beldert;Maurik;0,3;0,3;0,2;0,1;0,1;0,0
23;NL:Q:61500010;Waggelekooy;Andelst;0,0;0,0;0,0;0,0;0,0;0,0
23;NL:Q:61500040;Betonfabriek;Dodewaard;0,1;0,4;0,0;0,0;0,0;0,0
23;NL:Q:61500050;Molenhofstraat;Wely;0,0;0,0;0,0;0,0;0,0;0,0
23;NL:Q:61500060;De Maten;Dodewaard;0,1;0,7;0,0;0,0;0,0;0,0
23;NL:Q:61500070;Smalleweg;Hien;0,0;0,0;0,0;0,0;0,0;0,0
23;NL:Q:61500080;Molenpol;Dodewaard;0,3;0,3;0,0;0,0;0,0;0,0
23;NL:Q:61500090;Welysestraat;Hien;0,0;0,0;0,0;0,0;0,0;0,0
23;NL:Q:61500100;Pluimenburgsestraat;Dodewaard;0,0;0,0;0,0;0,0;0,0;0,0
23;NL:Q:61500120;Kerk;Hien;0,0;0,0;0,0;0,0;0,0;0,0
23;NL:Q:61500130;Pluimenburgsestraat;Dodewaard;0,0;0,2;0,0;0,0;0,0;0,0
23;NL:Q:61500140;Welysestraat;Hien;0,0;0,0;0,0;0,0;0,0;0,0
23;NL:Q:61500150;Molenpol;Dodewaard;0,3;0,2;0,0;0,0;0,0;0,0
23;NL:Q:61500170;De Maten;Dodewaard;0,3;0,2;0,0;0,0;0,0;0,0
23;NL:Q:61500180;Molenhofstraat;Dodewaard;0,0;0,0;0,0;0,0;0,0;0,0
23;NL:Q:61500190;Betonfabriek;Dodewaard;0,0;0,0;0,0;0,0;0,0;0,0
23;NL:Q:61500200;De Drie Akkers;Dodewaard;0,0;0,0;0,0;0,0;0,0;0,0
23;NL:Q:61500220;Waggelekooy;Andelst;0,0;0,1;0,0;0,0;0,0;0,0
23;NL:Q:61510050;Voorstraat;Echteld;2,6;2,5;1,6;0,9;0,9;0,2
23;NL:Q:61510120;Voorstraat;Echteld;2,1;2,8;0,5;1,7;0,3;0,8
23;NL:Q:61520030;;;0,0;0,2;0,0;0,1;0,0;0,1
23;NL:Q:61520210;Molenstraat;Boven Leeuwen;7,3;9,5;2,5;2,4;2,2;1,7
23;NL:Q:61520220;Molenstraat;Boven Leeuwen;9,3;7,1;2,4;2,5;1,5;2,2
23;NL:Q:61520230;Akkerstraat;Beneden-Leeuwen;29,8;33,0;7,2;9,4;8,6;6,1
23;NL:Q:61520240;Akkerstraat;Beneden-Leeuwen;30,8;29,5;9,0;8,6;7,2;7,6
23;NL:Q:61520250;Veesteeg;Beneden Leeuwen;9,3;7,6;1,7;1,7;1,3;1,5
23;NL:Q:61520260;Veesteeg;Boven Leeuwen;5,0;9,2;1,6;2,4;1,4;1,4
23;NL:Q:61520350;Prins Willem Alexanderbrug;Beneden-Leeuwen;7,9;9,6;1,7;1,8;1,9;1,2
23;NL:Q:61520360;Prins Willem Alexanderbrug;Beneden-Leeuwen;9,9;8,5;1,5;1,4;0,8;1,6
23;NL:Q:61550060;Bejaardencentrum;Haaften;9,4;5,7;1,8;1,3;1,1;0,7
23;NL:Q:61550080;Rabobank;Haaften;7,5;2,9;2,0;1,8;1,4;0,5
23;NL:Q:61550150;Rabobank;Haaften;4,3;10,0;1,3;2,7;1,0;1,0
23;NL:Q:61550170;Bejaardencentrum;Haaften;7,6;7,6;1,4;2,0;1,0;0,6
23;NL:Q:61550310;Hertog Karelweg/Kerkewaard;Haaften;0,4;2,4;0,1;0,2;0,0;0,1
23;NL:Q:61550320;Hertog Karelweg/Kerkewaard;Haaften;1,1;0,2;0,2;0,2;0,1;0,0
23;NL:Q:61551060;Marijkestraat;Haaften;0,7;1,4;0,1;0,1;0,0;0,0
23;NL:Q:61551170;Marijkestraat;Haaften;1,3;0,9;0,0;0,2;0,0;0,0
23;NL:Q:61570030;Krupheulstraat;Asch;0,2;0,1;0,2;0,1;0,0;0,0
23;NL:Q:61570040;De Kamp;Zoelmond;0,0;0,8;0,0;0,2;0,1;0,2
23;NL:Q:61570050;Kerkpad;Asch;1,9;0,9;1,0;0,9;0,8;1,0
23;NL:Q:61570060;Kerk;Zoelmond;3,0;4,7;1,3;2,1;0,8;1,3
23;NL:Q:61570070;Kerk;Zoelmond;5,0;2,7;2,1;1,4;1,2;0,7
23;NL:Q:61570080;Kerkpad;Asch;0,8;1,8;0,7;0,9;0,9;0,7
23;NL:Q:61570090;De Kamp;Zoelmond;0,7;0,1;0,1;0,0;0,1;0,1
23;NL:Q:61570100;Krupheulstraat;Asch;0,1;0,3;0,0;0,1;0,0;0,1
23;NL:Q:61570120;'t Hanenest;Asch;0,0;0,0;0,1;0,0;0,0;0,0
23;NL:Q:61570130;'t Hanenest;Buren;0,0;0,0;0,0;0,0;0,0;0,0
23;NL:Q:61570210;Het Molenhuis;Beusichem;0,5;0,2;0,1;0,1;0,3;0,0
23;NL:Q:61570220;Het Molenhuis;Beusichem;0,3;0,6;0,0;0,3;0,0;0,1
23;NL:Q:61580010;De Heuvel;Rijswijk;0,0;0,1;0,0;0,0;0,0;0,0
23;NL:Q:61580020;De Heuvel;Rijswijk;0,0;0,1;0,0;0,0;0,0;0,0
23;NL:Q:61580030;De Kleine Taveerne;Rijswijk;0,1;0,0;0,0;0,0;0,0;0,0
23;NL:Q:61580040;De Kleine Taveerne;Rijswijk;0,1;0,3;0,0;0,0;0,0;0,0
23;NL:Q:61580050;Prinses Marijkesluis;Rijswijk;0,3;0,0;0,0;0,0;0,0;0,0
23;NL:Q:61580060;Prinses Marijkesluis;Rijswijk;0,0;0,4;0,0;0,0;0,0;0,0
23;NL:Q:61589010;Vlierenhut;Zoelmond;0,2;0,0;0,0;0,0;0,0;0,0
23;NL:Q:61589020;Vlierenhut;Zoelmond;0,0;0,1;0,0;0,0;0,0;0,0
23;NL:Q:61589030;van Dieen;Ravenswaay;0,0;0,1;0,0;0,0;0,0;0,0
23;NL:Q:61589040;van Dieen;Ravenswaay;0,0;0,1;0,0;0,0;0,0;0,0
23;NL:Q:61589050;Donkerstraat;Ravenswaaij;0,1;0,0;0,0;0,0;0,0;0,0
23;NL:Q:61589060;Donkerstraat;Ravenswaaij;0,0;0,2;0,0;0,0;0,0;0,0
23;NL:Q:61589070;Ravenswaaijse steeg;Ravenswaaij;0,1;0,0;0,0;0,0;0,0;0,0
23;NL:Q:61589080;Ravenswaaijse steeg;Ravenswaaij;0,0;0,1;0,0;0,0;0,0;0,0
23;NL:Q:61589100;Anna's Hoeve;Ravenswaaij;0,0;0,0;0,0;0,0;0,0;0,0
23;NL:Q:61589110;Anna's Hoeve;Ravenswaaij;0,0;0,0;0,0;0,0;0,0;0,0
23;NL:Q:61589140;Hoekenburgplein;Rijswijk;0,1;0,2;0,0;0,0;0,0;0,0
23;NL:Q:61589150;Hoekenburgplein;Rijswijk;0,1;0,1;0,0;0,0;0,0;0,0
23;NL:Q:61590020;Tielsestraat;Maurik;2,5;1,1;0,9;0,0;0,2;0,1
23;NL:Q:61590040;Meidoornstraat;Maurik;9,2;1,7;2,7;0,3;1,4;0,1
23;NL:Q:61590050;;;0,0;0,2;0,0;0,0;0,0;0,0
23;NL:Q:61590060;Rabobank;Maurik;2,9;9,7;1,5;3,9;1,1;1,9
23;NL:Q:61590070;Muziektent;Eck En Wiel;2,9;5,3;1,4;2,4;0,6;1,1
23;NL:Q:61590080;Brandweerkazerne;Maurik;12,7;2,9;2,7;0,8;1,8;0,7
23;NL:Q:61590100;Sportpark;Maurik;0,6;0,6;0,0;0,3;0,0;0,1
23;NL:Q:61590110;Homoetsestraat;Eck En Wiel;0,6;0,4;0,1;0,1;0,0;0,1
23;NL:Q:61590120;Homoetsestraat;Eck En Wiel;0,6;0,6;0,2;0,1;0,1;0,0
23;NL:Q:61590130;Sportpark;Maurik;0,4;0,9;0,1;0,3;0,1;0,3
23;NL:Q:61590150;Brandweerkazerne;Maurik;2,8;10,9;1,1;3,0;0,6;1,7
23;NL:Q:61590160;Muziektent;Eck En Wiel;7,0;3,3;2,5;1,5;1,2;0,9
23;NL:Q:61590170;Rabobank;Maurik;11,3;3,1;4,6;1,4;2,1;0,8
23;NL:Q:61590210;Tielsestraat;Maurik;1,1;2,8;0,0;0,6;0,2;0,3
23;NL:Q:61590230;Doejenburg;Maurik;0,4;0,4;0,0;0,1;0,0;0,0
23;NL:Q:61590270;Meidoornstraat;Maurik;0,8;6,9;0,4;3,2;0,1;1,8
23;NL:Q:61590340;Dorpsstraat;Ingen;4,0;5,8;0,4;3,9;0,4;1,6
23;NL:Q:61590350;Dorpsstraat;Ingen;4,4;3,3;3,0;0,4;1,6;0,3
23;NL:Q:61590400;Bejaardencentrum De Valentijn;Maurik;0,1;0,0;0,0;0,0;0,0;0,0
23;NL:Q:61599010;Parkstraat;Maurik;0,0;0,0;0,0;0,0;0,0;0,0
23;NL:Q:61599020;Parkstraat;Maurik;0,0;0,0;0,0;0,0;0,0;0,0
23;NL:Q:61599040;Van de Geerstraat;Maurik;0,0;0,1;0,0;0,0;0,0;0,0
23;NL:Q:61599050;Cafe van Dijk;Maurik;0,0;0,0;0,0;0,0;0,0;0,0
23;NL:Q:61599060;Cafe van Dijk;Maurik;0,0;0,3;0,0;0,0;0,0;0,0
23;NL:Q:61599100;Ibisstraat;Maurik;0,0;0,1;0,0;0,0;0,0;0,0
23;NL:Q:61599110;Prinses Marijkelaan;Maurik;0,0;0,0;0,0;0,0;0,0;0,0
23;NL:Q:61599120;Prinses Marijkelaan;Maurik;0,0;0,5;0,0;0,0;0,0;0,0
23;NL:Q:61600030;Station;Opheusden;0,0;0,4;0,0;0,0;0,0;0,0
23;NL:Q:61600050;Tolsestraat;Opheusden;0,0;0,1;0,0;0,0;0,0;0,0
23;NL:Q:61600060;Opheusdenseveer;Opheusden;0,0;0,1;0,0;0,0;0,0;0,0
23;NL:Q:61600070;Dalwagenseweg;Opheusden;0,0;0,1;0,0;0,0;0,0;0,0
23;NL:Q:61600090;Gemeentehuis;Opheusden;0,1;0,3;0,0;0,0;0,0;0,0
23;NL:Q:61600120;Gemeentehuis;Opheusden;0,1;0,1;0,0;0,0;0,0;0,0
23;NL:Q:61600140;Dalwagenseweg;Opheusden;0,0;0,0;0,0;0,0;0,0;0,0
23;NL:Q:61600160;Tolsestraat;Opheusden;0,1;0,0;0,0;0,0;0,0;0,0
23;NL:Q:61600180;Station;Opheusden;0,7;0,1;0,0;0,0;0,0;0,0
23;NL:Q:61600210;De Oude Stomerij;Opheusden;0,0;0,0;0,0;0,0;0,0;0,0
23;NL:Q:61610030;Keizerstraat;Ijzendoorn;1,8;1,9;1,1;0,1;1,0;0,2
23;NL:Q:61610040;Keizerstraat;Ijzendoorn;2,0;2,3;0,1;1,5;0,1;0,7
23;NL:Q:61610130;De Heuning;Ochten;2,0;1,5;0,1;0,3;0,0;0,0
23;NL:Q:61610140;De Heuning;Ochten;1,2;2,4;0,2;0,3;0,0;0,0
23;NL:Q:61610400;Brandweerkazerne;Ochten;3,9;3,6;2,2;0,7;1,1;0,5
23;NL:Q:61610410;Brandweerkazerne;Ochten;4,2;4,3;0,7;2,3;0,3;1,3
23;NL:Q:61610420;Burgemeester Houtkoperlaan;Ochten;4,0;3,6;2,2;0,7;1,2;0,5
23;NL:Q:61610430;Burgemeester Houtkoperlaan;Ochten;4,3;4,7;0,9;2,4;0,5;1,4
23;NL:Q:61610440;Carpoolplaats;Ochten;1,6;2,8;1,4;1,2;1,1;0,8
23;NL:Q:61610450;Carpoolplaats;Ochten;1,8;1,9;0,6;1,9;0,2;1,7
23;NL:Q:61650160;Irenestraat;Hellouw;3,1;5,4;1,1;1,4;0,4;0,6
23;NL:Q:61650170;Irenestraat;Hellouw;5,6;2,9;1,3;1,0;0,6;0,4
23;NL:Q:61650180;Zandsteeg;Herwijnen;1,2;1,9;0,4;0,2;0,2;0,3
23;NL:Q:61650190;Zandsteeg;Herwijnen;2,1;1,0;0,5;0,4;0,1;0,4
23;NL:Q:61660010;Station;Beesd;2,4;0,3;0,7;0,1;0,0;0,0
23;NL:Q:61660040;Huis te Beestlaan;Beesd;0,2;0,6;0,1;0,0;0,0;0,0
23;NL:Q:61660050;Betuwestrand;Beesd;0,0;0,0;0,0;0,0;0,0;0,0
23;NL:Q:61660060;Betuwestrand;Beesd;0,0;0,0;0,0;0,0;0,0;0,0
23;NL:Q:61669030;Veerweg;Beesd;0,0;0,2;0,0;0,1;0,0;0,0
23;NL:Q:61669031;Veerweg;Beesd;0,3;0,2;0,0;0,0;0,0;0,0
23;NL:Q:61669060;Busstation;Rhenoy;1,0;0,7;0,1;0,0;0,0;0,0
23;NL:Q:61669230;Mr. Mierasstraat;Beesd;0,5;0,1;0,0;0,0;0,0;0,0
23;NL:Q:61669240;Mr. Mierasstraat;Beesd;0,1;0,3;0,0;0,1;0,0;0,0
23;NL:Q:61669250;Oude Waag;Beesd;0,0;0,3;0,0;0,0;0,0;0,0
23;NL:Q:61669260;Oude Waag;Beesd;0,0;0,4;0,0;0,2;0,0;0,0
23;NL:Q:61669270;Dorpsplein;Beesd;0,3;0,7;0,0;0,2;0,0;0,0
23;NL:Q:61669280;Dorpsplein;Beesd;0,2;0,3;0,0;0,1;0,0;0,0
23;NL:Q:61669550;Huis te Beestlaan;Beesd;0,1;0,1;0,0;0,1;0,0;0,0
23;NL:Q:61670010;Kerk;Beusichem;8,4;3,7;5,9;1,3;3,5;0,9
23;NL:Q:61670020;Lekdijk;Beusichem;0,0;0,0;0,0;0,0;0,0;0,0
23;NL:Q:61670030;Oranjestraat;Beusichem;6,6;1,3;2,7;0,4;1,9;0,1
23;NL:Q:61670040;Lekdijk West;Beusichem;0,0;0,0;0,0;0,0;0,0;0,0
23;NL:Q:61670050;Koningsstraatje;Beusichem;0,8;0,3;0,6;0,0;0,5;0,0
23;NL:Q:61670060;Veerweg;Beusichem;0,1;0,6;0,0;0,4;0,0;0,4
23;NL:Q:61670070;Veerweg;Beusichem;0,7;0,1;0,2;0,0;0,2;0,0
23;NL:Q:61670080;Koningsstraatje;Beusichem;0,3;1,0;0,0;0,8;0,0;0,4
23;NL:Q:61670090;Lekdijk West;Beusichem;0,0;0,0;0,0;0,0;0,0;0,0
23;NL:Q:61670100;Oranjestraat;Beusichem;1,6;6,8;0,2;2,5;0,1;2,2
23;NL:Q:61671020;Lekdijk;Beusichem;0,0;0,0;0,0;0,0;0,0;0,0
23;NL:Q:61671120;Kerk;Beusichem;6,2;10,1;1,5;5,8;1,1;3,1
23;NL:Q:61690100;Canadalaan;Ommeren;0,8;0,6;0,2;0,5;0,1;0,4
23;NL:Q:61690120;De Roskam;Ommeren;1,0;0,4;0,6;0,5;0,2;0,3
23;NL:Q:61690130;Vogelenzangseweg;Lienden;7,3;3,8;2,6;1,8;1,1;0,6
23;NL:Q:61690140;Voorstraat;Lienden;0,5;0,3;0,1;0,1;0,0;0,0
23;NL:Q:61690150;Voorstraat;Lienden;0,2;0,5;0,1;0,2;0,0;0,1
23;NL:Q:61690160;Vogelenzangseweg;Lienden;3,9;6,7;1,4;2,2;0,9;1,0
23;NL:Q:61690170;De Roskam;Ommeren;0,3;1,1;0,8;0,7;0,1;0,4
23;NL:Q:61690190;Canadalaan;Ommeren;0,6;0,9;0,5;0,2;0,5;0,1
23;NL:Q:61690330;Adelsweg;Lienden;3,4;3,3;0,9;1,2;0,4;0,4
23;NL:Q:61690340;Adelsweg;Lienden;2,9;3,1;0,8;1,1;0,4;0,3
23;NL:Q:61700010;Markstraat;Kesteren;0,0;0,2;0,0;0,0;0,0;0,0
23;NL:Q:61700030;Recticel;Kesteren;0,0;0,0;0,0;0,0;0,0;0,0
23;NL:Q:61700050;Station;Kesteren;70,8;59,8;27,1;23,8;18,2;11,3
23;NL:Q:61700060;Recticel;Kesteren;0,2;0,0;0,0;0,0;0,0;0,0
23;NL:Q:61700080;Markstraat;Kesteren;0,0;0,0;0,0;0,0;0,0;0,0
23;NL:Q:61700100;De Leede;Kesteren;0,5;9,3;0,0;3,7;0,1;2,6
23;NL:Q:61700110;De Leede;Kesteren;18,8;9,2;5,7;2,1;3,2;1,0
23;NL:Q:61700120;De Leede;Kesteren;0,1;1,2;0,1;0,4;0,1;0,3
23;NL:Q:61700180;Schenkhofstraat;Kesteren;0,5;1,9;0,0;1,5;0,0;1,2
23;NL:Q:61700230;Schenkhofstraat;Kesteren;1,8;0,9;0,6;0,5;0,6;0,4
23;NL:Q:61700310;Stationsstraat;Kesteren;0,0;0,1;0,0;0,0;0,0;0,0
23;NL:Q:61700410;Broekdijk;Kesteren;0,8;0,4;0,0;0,1;0,0;0,1
23;NL:Q:61700420;Broekdijk;Kesteren;0,7;0,8;0,1;0,1;0,0;0,0
23;NL:Q:61739090;Zoetenhoek;Deil;0,0;0,1;0,0;0,1;0,0;0,0
23;NL:Q:61739100;Zoetenhoek;Deil;0,0;0,0;0,1;0,0;0,0;0,0
23;NL:Q:61739110;Mr. W.M. Kolffstraat;Deil;0,0;0,2;0,0;0,0;0,0;0,0
23;NL:Q:61739120;Mr. W.M. Kolffstraat;Deil;0,0;0,0;0,0;0,0;0,0;0,0
23;NL:Q:61739130;Monument;Enspijk;0,0;0,2;0,0;0,0;0,0;0,0
23;NL:Q:61739140;Monument;Enspijk;0,1;0,1;0,0;0,0;0,0;0,0
23;NL:Q:61739160;Korte Veersteeg;Enspijk;0,0;0,0;0,0;0,0;0,0;0,0
23;NL:Q:61739170;Haarstraat;Enspijk;0,0;0,4;0,0;0,3;0,0;0,0
23;NL:Q:61749150;R.M. van Gellicumstraat;Rumpt;0,1;0,1;0,0;0,0;0,0;0,0
23;NL:Q:61749160;O.B.S. De Springplank;Rumpt;0,0;0,0;0,0;0,0;0,0;0,0
23;NL:Q:61749170;Achtermonde;Rumpt;0,0;0,3;0,0;0,0;0,0;0,0
23;NL:Q:61749180;Achtermonde;Rumpt;0,0;0,1;0,0;0,0;0,0;0,0
23;NL:Q:61749270;Veerweg/N327;Rumpt;1,1;0,3;0,0;0,0;0,0;0,0
23;NL:Q:61749320;Veerweg/N327;Beesd;0,0;0,5;0,0;0,0;0,0;0,0
23;NL:Q:61749510;Lingebrug;Gellicum;0,0;0,0;0,0;0,0;0,0;0,0
23;NL:Q:61749520;Lingebrug;Gellicum;0,0;0,0;0,0;0,0;0,0;0,0
23;NL:Q:61750260;Nieuwe Steeg;Herwijnen;6,6;23,0;1,7;6,7;0,7;3,1
23;NL:Q:61750270;Nieuwe Steeg;Herwijnen;22,4;5,8;7,0;1,8;2,3;0,5
23;NL:Q:61760030;Gragtdijk;Heukelum;0,3;0,1;0,0;0,0;0,0;0,0
23;NL:Q:61760140;Gragtdijk;Heukelum;0,5;0,2;0,0;0,0;0,0;0,0
23;NL:Q:61760190;Voorste Gewind;Heukelum;3,1;0,8;0,0;0,0;0,0;0,0
23;NL:Q:61760200;Voorste Gewind;Heukelum;2,4;2,5;0,0;0,0;0,0;0,0
23;NL:Q:61760230;Brakelseveer;Vuren;22,4;1,8;1,4;0,3;0,3;0,1
23;NL:Q:61760240;Brakelseveer;Vuren;17,1;5,1;0,3;1,6;0,0;0,3
23;NL:Q:61850190;Molenlaan;Vuren;11,0;3,0;4,3;0,8;2,0;0,4
23;NL:Q:61850200;Molenlaan;Vuren;3,3;11,6;0,9;4,8;0,4;2,6
23;NL:Q:61860040;Postkantoor;Spijk;0,1;0,1;0,0;0,0;0,0;0,0
23;NL:Q:61860060;De Lindehof;Spijk;0,0;0,3;0,0;0,0;0,0;0,0
23;NL:Q:61860070;Zuiderlingedijk 103;Spijk;0,1;0,0;0,0;0,0;0,0;0,0
23;NL:Q:61860080;Spijkerbak;Spijk;0,1;0,1;0,0;0,0;0,0;0,0
23;NL:Q:61860110;Spijkerbak;Spijk;0,2;0,0;0,0;0,0;0,0;0,0
23;NL:Q:61860120;Zuiderlingedijk 103;Spijk;0,1;0,1;0,0;0,0;0,0;0,0
23;NL:Q:61860130;De Lindehof;Spijk;0,6;0,0;0,0;0,0;0,0;0,0
23;NL:Q:61860150;Postkantoor;Spijk;0,1;0,0;0,0;0,0;0,0;0,0
23;NL:Q:61860180;Lingegemaal;Spijk;0,0;0,1;0,0;0,0;0,0;0,0
23;NL:Q:61860190;Lingegemaal;Spijk;0,1;0,0;0,0;0,0;0,0;0,0
23;NL:Q:62220010;De Leijenstein;Kerkdriel;0,5;0,1;0,0;0,0;0,0;0,0
23;NL:Q:62220020;De Leijenstein;Kerkdriel;0,1;0,2;0,0;0,0;0,0;0,0
23;NL:Q:62220030;De Geerden;Velddriel;1,7;5,9;0,8;1,9;0,5;0,9
23;NL:Q:62220040;De Geerden;Velddriel;5,1;1,9;2,0;0,7;0,6;0,2
23;NL:Q:62220090;Kapelstraat;Velddriel;0,1;0,2;0,0;0,0;0,0;0,0
23;NL:Q:62220250;Ipperakkeren;Kerkdriel;0,0;0,8;0,0;0,0;0,0;0,0
23;NL:Q:62220260;Ipperakkeren;Kerkdriel;1,5;0,7;0,1;0,0;0,0;0,0
23;NL:Q:62220270;Kerkstraat;Kerkdriel;0,0;0,5;0,0;0,1;0,0;0,0
23;NL:Q:62220280;Kerkstraat;Kerkdriel;3,4;5,3;0,0;0,0;0,0;0,0
23;NL:Q:62220410;Kloosterstraat;Kerkdriel;3,9;22,5;0,7;6,3;0,4;4,6
23;NL:Q:62220420;Kloosterstraat;Kerkdriel;23,5;3,3;6,4;0,6;3,9;0,6
23;NL:Q:62220470;Ronde Morgen;Kerkdriel;4,2;51,5;0,3;19,9;0,2;11,2
23;NL:Q:62220471;Ronde Morgen;Kerkdriel;50,2;2,9;21,4;0,7;10,6;0,2
23;NL:Q:62220480;N831/Wordenseweg;Velddriel;0,9;10,3;0,1;4,6;0,0;2,4
23;NL:Q:62220481;N831/Wordenseweg;Velddriel;9,7;0,5;4,5;2,8;2,0;0,0
23;NL:Q:62220490;MFC De Kreek;Kerkdriel;2,1;1,0;0,0;0,0;0,0;0,0
23;NL:Q:62220500;MFC De Kreek;Kerkdriel;0,0;0,0;0,0;0,0;0,0;0,0
23;NL:Q:62230010;Maaijenstraat;Well;1,0;12,3;0,1;4,0;0,0;2,7
23;NL:Q:62230020;Maaijenstraat;Well;9,3;0,6;2,5;0,1;1,4;0,0
23;NL:Q:62230080;Haarstraat;Ammerzoden;13,5;0,3;6,4;0,1;4,5;0,0
23;NL:Q:62230090;Haarstraat;Ammerzoden;0,1;12,4;0,0;7,0;0,1;4,3
23;NL:Q:62230100;Ammerzodenseweg;Ammerzoden;0,7;0,0;0,4;0,0;0,3;0,0
23;NL:Q:62230110;Ammerzodenseweg;Ammerzoden;0,0;0,5;0,0;0,5;0,0;0,5
23;NL:Q:62230120;Ammerstraat;Ammerzoden;12,8;0,7;5,1;0,0;4,1;0,0
23;NL:Q:62230130;Ammerstraat;Ammerzoden;0,5;10,8;0,1;5,2;0,0;3,6
23;NL:Q:62230140;Wellsedam;Ammerzoden;16,9;0,6;6,7;0,1;5,1;0,0
23;NL:Q:62230150;Wellsedam;Ammerzoden;0,2;11,6;0,1;5,2;0,0;3,8
23;NL:Q:62230190;Schokkerstraat;Ammerzoden;0,2;4,5;0,0;2,2;0,0;1,2
23;NL:Q:62231070;Dorpstraat;Well;0,5;0,6;0,0;0,1;0,0;0,1
23;NL:Q:62231080;Dorpstraat;Well;5,1;2,5;1,8;0,6;1,4;0,6
23;NL:Q:62320050;Burchtstraat;Rossum;0,4;0,2;0,0;0,0;0,0;0,0
23;NL:Q:62320060;Burchtstraat;Rossum;0,0;0,9;0,0;0,0;0,0;0,0
23;NL:Q:62320070;Sportveld;Rossum;0,4;0,0;0,0;0,0;0,0;0,0
23;NL:Q:62320080;Sportveld;Rossum;0,0;0,6;0,0;0,0;0,0;0,0
23;NL:Q:62320090;H. Walterus van Heelstraat;Hurwenen;1,4;0,1;0,0;0,0;0,0;0,0
23;NL:Q:62320100;H. Walterus van Heelstraat;Hurwenen;0,0;0,4;0,0;0,0;0,0;0,0
23;NL:Q:62320110;Wielewaallaan;Hurwenen;0,7;0,1;0,0;0,0;0,0;0,0
23;NL:Q:62320120;Wielewaallaan;Hurwenen;0,0;2,0;0,0;0,0;0,0;0,0
23;NL:Q:62320130;Dorpstraat;Hurwenen;0,9;0,1;0,0;0,0;0,0;0,0
23;NL:Q:62320150;Marshallweg;Hurwenen;0,9;0,1;0,0;0,0;0,0;0,0
23;NL:Q:62320160;Marshallweg;Hurwenen;0,0;0,6;0,0;0,0;0,0;0,0
23;NL:Q:62320180;Julianaweg;Rossum;10,4;3,3;3,7;0,1;2,6;0,2
23;NL:Q:62320190;Van Heemstraweg;Hurwenen;0,3;0,1;0,0;0,0;0,0;0,0
23;NL:Q:62320200;Van Heemstraweg;Hurwenen;0,0;0,4;0,0;0,0;0,0;0,0
23;NL:Q:62320240;Dorpstraat;Hurwenen;0,0;0,5;0,0;0,0;0,0;0,0
23;NL:Q:62320300;Kerk;Alem;0,6;0,5;0,0;0,0;0,0;0,0
23;NL:Q:62320320;Rotonde;Alem;0,6;3,4;0,1;0,9;0,0;0,5
23;NL:Q:62320321;Rotonde;Alem;3,5;0,6;0,8;0,1;0,4;0,1
23;NL:Q:62320470;De Vaste Burcht;Rossum;0,1;0,6;0,0;0,0;0,0;0,0
23;NL:Q:62320490;De Vaste Burcht;Rossum;19,0;5,7;7,1;1,1;4,5;0,7
23;NL:Q:62320500;De Vaste Burcht;Rossum;5,2;16,4;0,8;6,3;0,8;3,6
23;NL:Q:62321180;Julianaweg;Rossum;2,8;12,1;0,3;4,4;0,2;3,1
23;NL:Q:62330030;Klemit (Wellseind);Nederhemert;0,0;0,1;0,0;0,0;0,0;0,0
23;NL:Q:62330040;Klemit (Wellseind);Nederhemert;0,1;0,0;0,0;0,0;0,0;0,0
23;NL:Q:62330050;Delwijnsestraat;Delwijnen;0,1;0,3;0,0;0,0;0,0;0,0
23;NL:Q:62330060;Delwijnsestraat;Delwijnen;0,2;0,1;0,0;0,0;0,0;0,0
23;NL:Q:62330070;Kapelstraat;Nederhemert;0,0;0,0;0,0;0,0;0,0;0,0
23;NL:Q:62330080;Kapelstraat;Nederhemert;0,1;0,1;0,0;0,0;0,0;0,0
23;NL:Q:62330110;Hofstraat;Nederhemert-Noord;0,0;1,5;0,0;0,0;0,0;0,0
23;NL:Q:62330120;Hofstraat;Nederhemert-Noord;2,9;0,8;0,0;0,0;0,0;0,0
23;NL:Q:62330130;Molenstraat;Nederhemert-Noord;0,0;0,4;0,0;0,0;0,0;0,0
23;NL:Q:62330140;Molenstraat;Nederhemert-Noord;0,6;0,2;0,0;0,0;0,0;0,0
23;NL:Q:62330150;Maasdijk 15;Wellseind;0,0;0,1;0,0;0,0;0,0;0,0
23;NL:Q:62330160;Maasdijk 15;Wellseind;0,3;0,1;0,0;0,0;0,0;0,0
23;NL:Q:62330210;Nederhemertsekade;Nederhemert;0,2;0,2;0,0;0,0;0,0;0,0
23;NL:Q:62330220;Nederhemertsekade;Nederhemert;0,0;0,1;0,0;0,0;0,0;0,0
23;NL:Q:62420050;De Buke;Heerewaarden;6,7;11,8;1,5;3,4;1,2;2,3
23;NL:Q:62420060;;;12,2;5,7;3,5;1,7;3,0;1,5
23;NL:Q:62430010;Maasdijk;Aalst;0,0;0,4;0,0;0,0;0,0;0,0
23;NL:Q:62430020;Maasdijk;Aalst;0,6;0,1;0,0;0,0;0,0;0,0
23;NL:Q:62430040;Capreton;Aalst;0,0;0,0;0,0;0,0;0,0;0,0
23;NL:Q:62430050;Capreton;Aalst;0,1;0,0;0,0;0,0;0,0;0,0
23;NL:Q:62430060;M. van Rossumstraat;Poederoijen;0,1;0,0;0,0;0,0;0,0;0,0
23;NL:Q:62430070;M. van Rossumstraat;Poederoijen;0,0;0,2;0,0;0,0;0,0;0,0
23;NL:Q:62430100;Vleugeldijk;Poederoijen;0,1;0,0;0,0;0,0;0,0;0,0
23;NL:Q:62430110;Vleugeldijk;Poederoijen;0,0;0,1;0,0;0,0;0,0;0,0
23;NL:Q:62430120;Maasdijk;Poederoijen;0,1;0,0;0,0;0,0;0,0;0,0
23;NL:Q:62430130;Maasdijk;Poederoijen;0,0;0,0;0,0;0,0;0,0;0,0
23;NL:Q:62430140;Dorpsweg;Poederoijen;0,3;0,0;0,0;0,0;0,0;0,0
23;NL:Q:62430150;Dorpsweg;Poederoijen;0,1;0,3;0,0;0,0;0,0;0,0
23;NL:Q:62430160;Maas Waalweg;Nederhemert-Noord;0,2;0,1;0,0;0,0;0,0;0,0
23;NL:Q:62430170;Maas Waalweg;Nederhemert-Noord;0,0;0,0;0,0;0,0;0,0;0,0
23;NL:Q:62430200;Hambloksestraat;Aalst;0,1;0,0;0,0;0,0;0,0;0,0
23;NL:Q:62430210;Hambloksestraat;Aalst;0,0;0,1;0,0;0,0;0,0;0,0
23;NL:Q:62430220;De Rietschoof;Aalst;0,0;0,1;0,0;0,0;0,0;0,0
23;NL:Q:62430230;De Rietschoof;Aalst;0,0;0,0;0,0;0,0;0,0;0,0
23;NL:Q:62430240;Zonnepad;Aalst;0,0;0,6;0,0;0,0;0,0;0,0
23;NL:Q:62430241;Zonnepad;Aalst;2,7;0,2;0,0;0,0;0,0;0,0
23;NL:Q:62430260;Goudenregenlaan;Aalst;0,5;0,4;0,0;0,0;0,0;0,0
23;NL:Q:62430270;Goudenregenlaan;Aalst;0,0;0,7;0,0;0,0;0,0;0,0
23;NL:Q:62430420;E.P. van Ooijenstraat;Aalst;0,7;0,7;0,0;0,0;0,0;0,0
23;NL:Q:62430430;E.P. van Ooijenstraat;Aalst;0,1;0,9;0,9;0,9;0,2;0,2
23;NL:Q:62430440;E.P. van Ooijenstraat;Aalst;1,4;0,6;0,0;0,0;0,0;0,0
23;NL:Q:62430450;Kerk;Aalst;0,0;0,4;0,0;0,0;0,0;0,0
23;NL:Q:62430460;Kerk;Aalst;0,5;0,3;0,0;0,0;0,0;0,0
23;NL:Q:62431080;De Kraaij;Zaltbommel;3,3;3,4;0,0;0,0;0,0;0,0
23;NL:Q:62431180; De Kraaij;Zaltbommel;0,0;0,0;0,0;0,0;0,0;0,0
23;NL:Q:62431190; De Kraaij;Zaltbommel;0,0;0,1;0,0;0,0;0,0;0,0
23;NL:Q:62470010;Hogeweg;Bruchem;0,1;0,1;0,0;0,0;0,0;0,0
23;NL:Q:62470020;Hogeweg;Bruchem;0,3;1,4;0,0;0,0;0,0;0,0
23;NL:Q:62470030;Peperstraat;Bruchem;0,1;0,0;0,0;0,0;0,0;0,0
23;NL:Q:62470040;Peperstraat;Bruchem;0,0;0,1;0,0;0,0;0,0;0,0
23;NL:Q:62470050;Groenestraat;Bruchem;0,0;0,1;0,0;0,0;0,0;0,0
23;NL:Q:62470060;Groenestraat;Bruchem;0,2;0,0;0,0;0,0;0,0;0,0
23;NL:Q:62470070;Den Hoek;Bruchem;1,5;0,7;0,0;0,0;0,0;0,0
23;NL:Q:62470080;Den Hoek;Bruchem;0,7;1,2;0,0;0,0;0,0;0,0
23;NL:Q:62470150;Molenveldweg;Kerkwijk;2,7;0,2;0,0;0,0;0,0;0,0
23;NL:Q:62470160;Molenveldweg;Kerkwijk;0,3;1,4;0,0;0,0;0,0;0,0
23;NL:Q:62470170;Aalderwijksestraat;Kerkwijk;0,0;0,2;0,0;0,0;0,0;0,0
23;NL:Q:62470180;Aalderwijksestraat;Kerkwijk;0,8;0,8;0,0;0,0;0,0;0,0
23;NL:Q:62470200;Molenveldweg;Kerkwijk;0,0;0,1;0,0;0,0;0,0;0,0
23;NL:Q:62520060;Nieuwstraat;Dreumel;24,6;18,8;5,8;5,7;4,0;3,6
23;NL:Q:62520061;Nieuwstraat;Dreumel;18,6;24,1;5,1;6,2;5,4;4,2
23;NL:Q:62570010;Karstraat;Zaltbommel;0,7;1,1;0,0;0,0;0,0;0,0
23;NL:Q:62570020;Karstraat;Zaltbommel;0,4;0,3;0,0;0,0;0,0;0,0
23;NL:Q:62570050;Peerboltestraat;Zaltbommel;0,3;0,0;0,0;0,0;0,0;0,0
23;NL:Q:62570060;Peerboltestraat;Zaltbommel;0,1;0,0;0,0;0,0;0,0;0,0
23;NL:Q:62570080;Plaatsmajoor;Zaltbommel;0,1;0,2;0,0;0,0;0,0;0,0
23;NL:Q:62570150;Kloosterwiel;Zaltbommel;1,0;1,0;0,0;0,0;0,0;0,0
23;NL:Q:62570160;Kloosterwiel;Zaltbommel;1,0;1,6;0,0;0,0;0,0;0,0
23;NL:Q:62570170;Leutsestraat;Zaltbommel;0,3;0,5;0,0;0,0;0,0;0,0
23;NL:Q:62570180;Leutsestraat;Zaltbommel;0,4;0,0;0,0;0,0;0,0;0,0
23;NL:Q:62570231;Marten van Rossemsingel;Zaltbommel;0,3;1,3;0,0;0,0;0,0;0,0
23;NL:Q:62570241;Marten van Rossemsingel;Zaltbommel;0,9;0,3;0,0;0,0;0,0;0,0
23;NL:Q:62570250;Station;Zaltbommel;44,4;45,6;0,7;0,2;0,6;0,4
23;NL:Q:62570252;Station;Zaltbommel;7,4;9,5;0,3;0,2;0,0;0,0
23;NL:Q:62570300;Oude Bosscheweg;Zaltbommel;0,6;1,0;0,0;0,0;0,0;0,0
23;NL:Q:62570310;Oude Bosscheweg;Zaltbommel;1,2;1,0;0,0;0,1;0,0;0,0
23;NL:Q:62570340;Van Voordenpark;Zaltbommel;0,1;0,8;0,0;0,0;0,0;0,0
23;NL:Q:62570360;Portage;Zaltbommel;3,3;0,6;0,0;0,0;0,0;0,0
23;NL:Q:62570430;Cambium College;Zaltbommel;2,4;3,7;0,0;0,0;0,0;0,0
23;NL:Q:62570440;Cambium College;Zaltbommel;11,6;6,4;0,0;0,0;0,0;0,0
23;NL:Q:62570450;Plaatsmajoor;Zaltbommel;0,1;0,3;0,0;0,0;0,0;0,0
23;NL:Q:62570460;Hoogaarsstraat;Zaltbommel;1,7;1,8;0,0;0,0;0,0;0,1
23;NL:Q:62570470;Hoogaarsstraat;Zaltbommel;2,1;1,5;0,0;0,0;0,0;0,0
23;NL:Q:62570480;Schutskooi;Zaltbommel;0,9;0,7;0,0;0,0;0,1;0,0
23;NL:Q:62570490;Schutskooi;Zaltbommel;0,3;1,0;0,0;0,0;0,0;0,0
23;NL:Q:62570500;Rabobank;Zaltbommel;0,3;0,1;0,0;0,0;0,0;0,0
23;NL:Q:62570510;Rabobank;Zaltbommel;0,3;1,6;0,0;0,0;0,0;0,0
23;NL:Q:62570520;Pr. Willem Alexanderstraat;Gameren;1,5;0,1;0,0;0,0;0,0;0,0
23;NL:Q:62570530;Pr. Willem Alexanderstraat;Gameren;0,2;1,9;0,0;0,0;0,0;0,0
23;NL:Q:62570910;Carpoolplaats;Zaltbommel;0,2;1,3;0,0;0,0;0,0;0,0
23;NL:Q:62570920;Gemeentekantoor;Zaltbommel;1,7;0,4;0,0;0,0;0,0;0,0
23;NL:Q:62570930;Gemeentekantoor;Zaltbommel;0,2;1,7;0,0;0,0;0,0;0,0
23;NL:Q:62570940;Hotel Zaltbommel;Zaltbommel;0,3;0,4;0,0;0,0;0,0;0,0
23;NL:Q:62570950;Hotel Zaltbommel;Zaltbommel;0,0;0,3;0,0;0,0;0,0;0,0
23;NL:Q:62571020;Thorbeckestraat;Zaltbommel;0,6;1,8;0,0;0,0;0,0;0,0
23;NL:Q:62571030;Valeton;Zaltbommel;0,1;0,6;0,0;0,0;0,0;0,0
23;NL:Q:62571040;Valeton;Zaltbommel;1,4;0,1;0,0;0,0;0,0;0,0
23;NL:Q:62571060;Thorbeckestraat;Zaltbommel;4,1;3,2;0,0;0,0;0,0;0,0
23;NL:Q:62571080;Bommelsekade;Zaltbommel;0,0;0,9;0,0;0,0;0,0;0,0
23;NL:Q:62571090;Bommelsekade;Zaltbommel;0,6;0,1;0,0;0,0;0,0;0,0
23;NL:Q:62571110;Rotonde-Hogeweg;Zaltbommel;0,2;1,4;0,0;0,1;0,0;0,0
23;NL:Q:62571120;Rotonde-Hogeweg;Zaltbommel;0,6;0,1;0,0;0,1;0,1;0,1
23;NL:Q:62571270;Thorbeckestraat;Zaltbommel;0,3;0,1;0,0;0,0;0,0;0,0
23;NL:Q:62620120;Zijvond;Wamel;0,1;0,3;0,0;0,1;0,1;0,1
23;NL:Q:62620130;Zijvond;Wamel;0,1;0,2;0,1;0,1;0,0;0,0
23;NL:Q:62620140;Hollenhof;Wamel;9,1;13,1;2,2;3,0;1,9;1,8
23;NL:Q:62620150;Hollenhof;Wamel;12,4;8,9;2,7;2,5;2,2;1,5
23;NL:Q:62670050;Middelkampseweg;Gameren;0,2;0,1;0,0;0,0;0,0;0,0
23;NL:Q:62670060;Middelkampseweg;Gameren;0,0;0,0;0,0;0,0;0,0;0,0
23;NL:Q:62670070;Bejaardencentrum;Gameren;0,2;1,9;0,0;0,0;0,0;0,0
23;NL:Q:62670090;Ridderstraat;Gameren;0,0;1,2;0,0;0,0;0,0;0,0
23;NL:Q:62670120;Ridderstraat;Gameren;1,9;0,1;0,0;0,0;0,0;0,0
23;NL:Q:62670140;Bejaardencentrum;Gameren;2,2;0,1;0,0;0,0;0,0;0,0
23;NL:Q:62670190;Hogeweg;Gameren;1,5;0,5;0,0;0,0;0,0;0,0
23;NL:Q:62670200;Hogeweg;Nieuwaal;0,0;1,3;0,0;0,0;0,0;0,0
23;NL:Q:62770010;;;0,6;0,1;0,0;0,0;0,0;0,0
23;NL:Q:62770020;;;0,1;0,6;0,0;0,0;0,0;0,0
23;NL:Q:62770040;Meidijk;Zuilichem;0,3;0,0;0,0;0,0;0,0;0,0
23;NL:Q:62770050;Kweldijk;Zaltbommel;0,6;0,0;0,0;0,0;0,0;0,0
23;NL:Q:62770060;PGEM Huisje;Zuilichem;0,7;0,0;0,0;0,0;0,0;0,0
23;NL:Q:62770070;Centrum;Zuilichem;0,1;4,8;0,0;0,0;0,0;0,0
23;NL:Q:62770080;Centrum;Zuilichem;5,1;0,1;0,0;0,0;0,0;0,0
23;NL:Q:62770090;Zijlstraat;Zuilichem;0,1;0,0;0,0;0,0;0,0;0,0
23;NL:Q:62770140;Meidijk;Zuilichem;0,0;0,3;0,0;0,0;0,0;0,0
23;NL:Q:62770150;Kweldijk;Zaltbommel;0,1;0,5;0,0;0,0;0,0;0,0
23;NL:Q:62770160;PGEM Huisje;Zuilichem;0,0;0,5;0,0;0,0;0,0;0,0
23;NL:Q:62870010;Weitjesweg;Brakel;0,0;8,5;0,0;0,0;0,0;0,0
23;NL:Q:62870020;Weitjesweg;Brakel;9,1;0,1;0,0;0,0;0,0;0,0
23;NL:Q:62870030;Marktplein;Brakel;0,0;0,1;0,0;0,0;0,0;0,0
23;NL:Q:62870050;Flegelstraat;Brakel;0,0;0,0;0,0;0,0;0,0;0,0
23;NL:Q:62870060;Flegelstraat;Brakel;0,6;0,3;0,0;0,0;0,0;0,0
23;NL:Q:62870130;J. Aartendam;Brakel;0,0;0,2;0,0;0,0;0,0;0,0
23;NL:Q:62870140;J. Aartendam;Brakel;1,0;0,7;0,0;0,0;0,0;0,0
23;NL:Q:62871010;Weitjesweg;Brakel;0,0;0,1;0,0;0,0;0,0;0,0
23;NL:Q:62871110;Weitjesweg;Brakel;0,0;0,2;0,0;0,0;0,0;0,0
23;NL:Q:62871130;Marktplein;Brakel;1,3;0,5;0,0;0,0;0,0;0,0
23;NL:Q:63000000;;;0,0;0,0;0,0;0,0;0,0;0,0
23;NL:Q:63000100;Centraal Station;'S-Hertogenbosch;2,3;304,0;0,0;124,4;0,1;87,1
23;NL:Q:63000191;Centraal Station;'S-Hertogenbosch;315,0;6,2;133,8;0,5;87,2;0,1
23;NL:Q:63000810;Baden Powellstraat;'S-Hertogenbosch;0,4;0,0;0,0;0,0;0,0;0,0
23;NL:Q:63000880;Baden Powellstraat;'S-Hertogenbosch;0,0;0,1;0,0;0,0;0,0;0,0
23;NL:Q:63005710;Aartshertogenlaan;'S-Hertogenbosch;0,0;2,2;0,0;0,0;0,0;0,0
23;NL:Q:63005720;Aartshertogenlaan;'S-Hertogenbosch;2,1;0,0;0,0;0,0;0,0;0,0
23;NL:Q:63006030;Orthenseweg;'S-Hertogenbosch;12,3;9,9;3,6;6,5;2,0;4,0
23;NL:Q:63006060;Orthenseweg;'S-Hertogenbosch;9,5;11,5;5,7;4,6;2,7;2,6
23;NL:Q:63006130;Rompertsebaan;'S-Hertogenbosch;1,9;0,0;0,0;0,0;0,0;0,0
23;NL:Q:63006140;Rompertsebaan;'S-Hertogenbosch;0,0;1,5;0,0;0,0;0,0;0,0
23;NL:Q:63006490;Orthen;'S-Hertogenbosch;8,5;3,4;6,7;1,5;3,6;1,1
23;NL:Q:63006500;Orthen;'S-Hertogenbosch;8,3;13,1;1,9;7,1;1,4;4,7
23;NL:Q:63007400;Hambakenweg;'S-Hertogenbosch;9,5;2,0;3,1;1,0;1,8;0,8
23;NL:Q:63007410;Hambakenweg;'S-Hertogenbosch;2,5;19,6;0,6;5,4;0,5;2,8
23;NL:Q:63007740;Bruistensingel;'S-Hertogenbosch;0,0;2,5;0,0;0,0;0,0;0,0
23;NL:Q:63008740;Station Oost;'S-Hertogenbosch;3,4;0,0;0,0;0,0;0,0;0,0
23;NL:Q:63010020;Titaniumlaan;'s-Hertogenbosch;1,7;0,3;0,0;0,0;0,0;0,0
23;NL:Q:63010070;Treurenburg;'S-Hertogenbosch;2,3;6,9;0,7;4,5;0,4;3,0
23;NL:Q:63010080;Treurenburg;'S-Hertogenbosch;2,5;0,9;3,7;0,8;2,0;0,4
23;NL:Q:63010090;Titaniumlaan;'s-Hertogenbosch;0,1;2,6;0,0;0,0;0,0;0,0
23;NL:Q:63010140;Blankensteijn;Hedel;21,0;1,8;13,0;0,7;9,0;0,3
23;NL:Q:63010150;Blankensteijn;Hedel;1,3;19,5;0,8;11,1;0,3;8,2
23;NL:Q:63010210;Prinses Beatrixstraat;Hedel;1,6;20,0;0,5;10,7;0,3;6,1
23;NL:Q:63010240;Prinses Beatrixstraat;Hedel;15,7;1,6;8,2;0,9;3,4;0,4
23;NL:Q:63010330;Uithovensestraat;Hedel;0,0;0,0;0,0;0,0;0,0;0,0
23;NL:Q:63010350;Oudewaai;Hedel;1,1;6,0;0,0;2,1;0,1;2,0
23;NL:Q:63010360;Oudewaai;Hedel;5,7;0,7;2,1;0,0;2,0;0,1
23;NL:Q:63011010;Baronieweg;Hedel;9,5;0,9;2,8;0,3;2,4;0,5
23;NL:Q:63011020;Baronieweg;Hedel;3,2;10,8;2,2;3,1;0,2;2,4
23;NL:Q:63011030;Baronieweg;Hedel;0,0;0,1;0,1;0,1;0,0;0,0
23;NL:Q:63011040;Baronieweg;Hedel;0,1;0,2;0,0;0,0;0,0;0,0
23;NL:Q:63011050;Breedstraat;Hedel;0,0;0,3;0,0;0,0;0,0;0,0
23;NL:Q:63011080;Breedstraat;Hedel;0,1;0,0;0,0;0,0;0,0;0,0
23;NL:Q:63280090;Maasdijk;Nederhemert;0,0;0,0;0,0;0,0;0,0;0,0
23;NL:Q:63280100;Maasdijk;Nederhemert;0,0;0,0;0,0;0,0;0,0;0,0
23;NL:Q:63290040;;;0,0;0,0;0,0;0,0;0,0;0,0
23;NL:Q:63291180;Kromme Nol;Wijk En Aalburg;0,1;0,3;0,0;0,0;0,0;0,0
23;NL:Q:63291280;Kromme Nol;Wijk en Aalburg;0,0;0,1;0,0;0,0;0,0;0,0
23;NL:Q:63390020;Polstraat;Wijk en Aalburg;0,0;0,0;0,0;0,0;0,0;0,0
23;NL:Q:63390030;Polstraat;Wijk en Aalburg;0,0;0,0;0,0;0,0;0,0;0,0
23;NL:Q:63390040;Perzikstraat;Wijk en Aalburg;2,4;0,0;0,0;0,0;0,0;0,0
23;NL:Q:63390050;Perzikstraat;Wijk en Aalburg;0,0;2,9;0,0;0,0;0,0;0,0
23;NL:Q:63390080;Kortestraat;Wijk en Aalburg;0,2;0,0;0,0;0,0;0,0;0,0
23;NL:Q:63390090;Kortestraat;Wijk en Aalburg;0,0;0,1;0,0;0,0;0,0;0,0
23;NL:Q:63590020;Hoge Maasdijk;Giessen;0,0;0,0;0,0;0,0;0,0;0,0
23;NL:Q:63590030;Hoge Maasdijk;Giessen;0,0;0,2;0,0;0,0;0,0;0,0
23;NL:Q:63590040;Koningin Emmastraat;Andel;0,0;0,0;0,0;0,0;0,0;0,0
23;NL:Q:63590050;Koningin Emmastraat;Andel;0,0;0,0;0,0;0,0;0,0;0,0
23;NL:Q:63590140;Prinsentuin;Andel;13,4;16,3;0,0;0,0;0,0;0,0
23;NL:Q:63590170;Randweg-Tankstation;Giessen;0,2;0,1;0,0;0,0;0,0;0,0
23;NL:Q:63591120;Julianastraat;Andel;0,0;0,0;0,0;0,0;0,0;0,0
23;NL:Q:63595030;Huiswerf;Andel;0,0;0,0;0,0;0,0;0,0;0,0
FL_IJM;NL:Q:16300010;Gemeentehuis;Steenwijk;0,0;5,9;0,0;0,0;0,0;0,0
FL_IJM;NL:Q:16300020;Gemeentehuis;Steenwijk;0,6;0,0;0,0;0,0;0,0;0,0
FL_IJM;NL:Q:16300030;Vendelweg;Steenwijk;0,0;1,5;0,0;0,0;0,0;0,0
FL_IJM;NL:Q:16300040;Vendelweg;Steenwijk;0,4;0,0;0,0;0,0;0,0;0,0
FL_IJM;NL:Q:16300050;Matthijs Kiersstraat;Steenwijk;0,5;1,5;0,0;0,0;0,0;0,0
FL_IJM;NL:Q:16300070;Matthijs Kiersstraat;Steenwijk;0,6;0,0;0,0;0,0;0,0;0,0
FL_IJM;NL:Q:16301020;Station;Steenwijk;2,1;0,0;0,0;0,0;0,0;0,0
FL_IJM;NL:Q:24350010;Spin;De Blesse;0,2;0,0;0,0;0,0;0,0;0,0
FL_IJM;NL:Q:24350020;Spin;De Blesse;0,0;0,1;0,0;0,0;0,0;0,0
FL_IJM;NL:Q:24350030;Bovenweg;De Blesse;0,4;0,0;0,0;0,0;0,0;0,0
FL_IJM;NL:Q:24350040;Bovenweg;De Blesse;0,0;0,0;0,0;0,0;0,0;0,0
FL_IJM;NL:Q:24350050;Friese Veldweg;De Blesse;0,0;0,0;0,0;0,0;0,0;0,0
FL_IJM;NL:Q:24350060;Friese Veldweg;De Blesse;0,0;0,1;0,0;0,0;0,0;0,0
FL_IJM;NL:Q:24350070;Lagebroekweg;Blesdijke;0,0;0,0;0,0;0,0;0,0;0,0
FL_IJM;NL:Q:24350080;Lagebroekweg;Blesdijke;0,0;0,0;0,0;0,0;0,0;0,0
FL_IJM;NL:Q:24350620;Noord;De Blesse;0,9;2,3;0,0;0,0;0,0;0,0
FL_IJM;NL:Q:24450030;Marijenkampen;Marijenkampen;0,2;0,0;0,0;0,0;0,0;0,0
FL_IJM;NL:Q:24450060;Eikenlaan;Willemsoord;0,0;0,0;0,0;0,0;0,0;0,0
FL_IJM;NL:Q:24450080;Marijenkampen;Marijenkampen;0,0;0,2;0,0;0,0;0,0;0,0
FL_IJM;NL:Q:24451400;'t Centrum;Steenwijkerwold;0,0;0,6;0,0;0,0;0,0;0,0
FL_IJM;NL:Q:24451800;Willemsoord;Willemsoord;0,0;0,2;0,0;0,0;0,0;0,0
FL_IJM;NL:Q:24451810;Willemsoord;Willemsoord;0,1;0,0;0,0;0,0;0,0;0,0
FL_IJM;NL:Q:24510020;Frieseweg;Oldemarkt;1,1;0,0;0,0;0,0;0,0;0,0
FL_IJM;NL:Q:24510040;Koningin Julianaweg;Oldemarkt;1,0;0,0;0,0;0,0;0,0;0,0
FL_IJM;NL:Q:24510060;Parochiehuis;Oldemarkt;0,2;0,0;0,0;0,0;0,0;0,0
FL_IJM;NL:Q:24510070;Kruisstraat;Oldemarkt;0,5;0,0;0,0;0,0;0,0;0,0
FL_IJM;NL:Q:24510080;Kruisstraat;Oldemarkt;0,0;0,4;0,0;0,0;0,0;0,0
FL_IJM;NL:Q:24510090;De Boterberg;Oldemarkt;0,4;0,0;0,0;0,0;0,0;0,0
FL_IJM;NL:Q:24510100;De Boterberg;Oldemarkt;0,0;0,0;0,0;0,0;0,0;0,0
FL_IJM;NL:Q:24550030;Zuidveen;Zuidveen;0,0;1,0;0,0;0,0;0,0;0,0
FL_IJM;NL:Q:24550040;Zuidveen;Zuidveen;0,8;0,0;0,0;0,0;0,0;0,0
FL_IJM;NL:Q:24550050;Groot Verlaat;Steenwijk;0,9;0,0;0,0;0,0;0,0;0,0
FL_IJM;NL:Q:24550060;Groot Verlaat;Steenwijk;0,0;1,6;0,0;0,0;0,0;0,0
FL_IJM;NL:Q:24550160;Dolderbrug;Steenwijk;0,0;0,1;0,0;0,0;0,0;0,0
FL_IJM;NL:Q:24550170;Dolderbrug;Steenwijk;0,0;0,0;0,0;0,0;0,0;0,0
FL_IJM;NL:Q:24550250;Station;Steenwijk;10,5;21,9;0,0;0,0;0,0;0,0
FL_IJM;NL:Q:24551420;'t Centrum;Steenwijkerwold;0,7;0,0;0,0;0,0;0,0;0,0
FL_IJM;NL:Q:24552310;Gemeentewerken;Tuk;0,0;0,0;0,0;0,0;0,0;0,0
FL_IJM;NL:Q:24552320;Gemeentewerken;Tuk;0,1;0,0;0,0;0,0;0,0;0,0
FL_IJM;NL:Q:24552330;Oldemarktseweg;Tuk;0,0;0,0;0,0;0,0;0,0;0,0
FL_IJM;NL:Q:24552340;Oldemarktseweg;Tuk;0,0;0,1;0,0;0,0;0,0;0,0
FL_IJM;NL:Q:24552360;Watertoren;Thij;0,0;0,0;0,0;0,0;0,0;0,0
FL_IJM;NL:Q:24552370;Thij;Thij;0,0;0,0;0,0;0,0;0,0;0,0
FL_IJM;NL:Q:24552380;Thij;Thij;0,0;0,0;0,0;0,0;0,0;0,0
FL_IJM;NL:Q:24590100;Burchtstraat;Kuinre;6,8;4,3;0,0;0,0;0,0;0,0
FL_IJM;NL:Q:24610010;Venebosweg;Ossenzijl;0,0;0,3;0,0;0,0;0,0;0,0
FL_IJM;NL:Q:24610030;Kloosterdijk;Ossenzijl;0,2;0,0;0,0;0,0;0,0;0,0
FL_IJM;NL:Q:24610040;Kloosterdijk;Ossenzijl;0,1;0,2;0,0;0,0;0,0;0,0
FL_IJM;NL:Q:24620110;Lemsterweg;Rutten;0,0;0,2;0,0;0,0;0,0;0,0
FL_IJM;NL:Q:24620130;Houtmolen;Lemmer;1,8;4,0;0,0;0,0;0,0;0,0
FL_IJM;NL:Q:24620140;Houtmolen;Lemmer;2,4;0,0;0,0;0,0;0,0;0,0
FL_IJM;NL:Q:24622020;Busstation;Lemmer;11,0;7,3;0,0;0,0;0,0;0,0
FL_IJM;NL:Q:24625000;Busstation;Lemmer;4,0;5,6;0,0;0,0;0,0;0,0
FL_IJM;NL:Q:24680010;Uiterdijkenweg;Luttelgeest;0,4;0,1;0,0;0,0;0,0;0,0
FL_IJM;NL:Q:24680020;Uiterdijkenweg;Luttelgeest;0,0;0,2;0,0;0,0;0,0;0,0
FL_IJM;NL:Q:24720010;Lemsterpoort;Rutten;9,5;2,3;0,0;0,0;0,0;0,0
FL_IJM;NL:Q:24720020;Lemsterpoort;Rutten;2,5;10,0;0,0;0,0;0,0;0,0
FL_IJM;NL:Q:24720090;Noordermeerweg;Rutten;0,3;0,2;0,0;0,0;0,0;0,0
FL_IJM;NL:Q:24720100;Noordermeerweg;Rutten;0,5;0,4;0,0;0,0;0,0;0,0
FL_IJM;NL:Q:24720120;Lemsterweg;Rutten;0,1;0,0;0,0;0,0;0,0;0,0
FL_IJM;NL:Q:24820030;Wrakkenpad;Creil;0,2;0,9;0,0;0,0;0,0;0,0
FL_IJM;NL:Q:24820040;Wrakkenpad;Creil;2,2;0,1;0,0;0,0;0,0;0,0
FL_IJM;NL:Q:24820050;IJzerpad;Rutten;0,4;0,1;0,0;0,0;0,0;0,0
FL_IJM;NL:Q:24820060;IJzerpad;Rutten;0,2;0,2;0,0;0,0;0,0;0,0
FL_IJM;NL:Q:24820090;Creil;Creil;16,4;2,2;0,0;0,0;0,0;0,0
FL_IJM;NL:Q:24820100;Creil;Creil;2,3;16,5;0,0;0,0;0,0;0,0
FL_IJM;NL:Q:24920030;Weg van Ongenade;Espel;0,0;0,1;0,0;0,0;0,0;0,0
FL_IJM;NL:Q:24920040;Weg van Ongenade;Espel;0,1;0,1;0,0;0,0;0,0;0,0
FL_IJM;NL:Q:24920050;Onderduikerspad;Espel;0,1;0,3;0,0;0,0;0,0;0,0
FL_IJM;NL:Q:24920060;Onderduikerspad;Espel;1,1;0,0;0,0;0,0;0,0;0,0
FL_IJM;NL:Q:24920070;Noordermiddenweg;Espel;0,6;0,2;0,0;0,0;0,0;0,0
FL_IJM;NL:Q:24920080;Espelerweg;Emmeloord;0,0;0,0;0,0;0,0;0,0;0,0
FL_IJM;NL:Q:24920090;Noordermiddenweg;Espel;0,2;0,3;0,0;0,0;0,0;0,0
FL_IJM;NL:Q:24920100;Espelerweg;Emmeloord;0,0;0,0;0,0;0,0;0,0;0,0
FL_IJM;NL:Q:24920110;Espel;Espel;1,8;6,5;0,0;0,0;0,0;0,0
FL_IJM;NL:Q:24920120;Espel;Espel;6,4;1,8;0,0;0,0;0,0;0,0
FL_IJM;NL:Q:24920130;Klutenpad;Creil;0,1;0,5;0,0;0,0;0,0;0,0
FL_IJM;NL:Q:24920140;Klutenpad;Creil;0,6;0,0;0,0;0,0;0,0;0,0
FL_IJM;NL:Q:25000010;Kettingstraat;Emmeloord;0,8;29,3;0,1;8,0;0,0;2,8
FL_IJM;NL:Q:25000020;Kettingstraat;Emmeloord;19,9;0,2;5,8;0,0;2,4;0,1
FL_IJM;NL:Q:25000030;Lange Dreef;Emmeloord;0,2;5,2;0,0;2,6;0,0;1,1
FL_IJM;NL:Q:25000040;Lange Dreef;Emmeloord;4,5;0,1;1,7;0,0;0,8;0,0
FL_IJM;NL:Q:25000050;Bunschotenlaan;Emmeloord;3,1;6,7;0,6;2,5;0,2;1,6
FL_IJM;NL:Q:25000070;Emmeloord - Oost;Emmeloord;1,8;4,1;0,1;0,6;0,0;0,0
FL_IJM;NL:Q:25000080;Emmeloord - Oost;Emmeloord;3,2;2,6;0,3;0,1;0,0;0,1
FL_IJM;NL:Q:25000100;Diemenlaan;Emmeloord;5,3;2,2;1,5;1,0;1,2;0,4
FL_IJM;NL:Q:25000130;Ecopark;Emmeloord;1,1;0,9;0,2;0,2;0,1;0,0
FL_IJM;NL:Q:25000140;Ecopark;Emmeloord;0,5;1,6;0,0;0,3;0,0;0,0
FL_IJM;NL:Q:25000150;Diemenlaan;Emmeloord;1,2;8,1;0,7;2,2;0,6;1,2
FL_IJM;NL:Q:25000160;Ondernemersweg;Emmeloord;0,7;0,9;0,0;0,0;0,0;0,0
FL_IJM;NL:Q:25000170;Ondernemersweg;Emmeloord;0,4;1,1;0,0;0,0;0,0;0,0
FL_IJM;NL:Q:25000180;Produktieweg;Emmeloord;2,0;0,4;0,0;0,0;0,0;0,0
FL_IJM;NL:Q:25000190;Produktieweg;Emmeloord;0,3;3,1;0,0;0,0;0,0;0,0
FL_IJM;NL:Q:25000210;Zuyderzee College;Emmeloord;6,9;3,7;1,8;0,3;2,0;0,0
FL_IJM;NL:Q:25000260;Zuyderzee College;Emmeloord;1,7;7,7;0,3;2,2;0,1;1,5
FL_IJM;NL:Q:25000410;Begraafplaats;Emmeloord;9,9;2,6;0,0;0,0;0,0;0,0
FL_IJM;NL:Q:25000420;Begraafplaats;Emmeloord;2,3;17,0;0,0;0,0;0,0;0,0
FL_IJM;NL:Q:25000430;Dr. W.M. Verhaarlaan;Emmeloord;0,3;0,1;0,0;0,0;0,0;0,0
FL_IJM;NL:Q:25000440;Dr. W.M. Verhaarlaan;Emmeloord;0,2;0,7;0,0;0,0;0,0;0,0
FL_IJM;NL:Q:25000450;Schaftweg/Espelerweg;Emmeloord;0,7;0,6;0,0;0,0;0,0;0,0
FL_IJM;NL:Q:25000460;Schaftweg/Espelerweg;Emmeloord;0,3;1,1;0,0;0,0;0,0;0,0
FL_IJM;NL:Q:25000470;Nieuwlandenlaan;Emmeloord;0,1;0,0;0,0;0,0;0,0;0,0
FL_IJM;NL:Q:25000480;Nieuwlandenlaan;Emmeloord;0,0;0,1;0,0;0,0;0,0;0,0
FL_IJM;NL:Q:25000500;Medisch Centrum;Emmeloord;11,2;39,4;1,2;10,0;0,3;4,4
FL_IJM;NL:Q:25000550;Medisch Centrum;Emmeloord;31,2;11,6;8,4;0,7;4,2;0,1
FL_IJM;NL:Q:25000600;Antonius Ziekenhuis;Emmeloord;20,8;34,4;4,2;14,8;1,4;6,5
FL_IJM;NL:Q:25000650;Antonius Ziekenhuis;Emmeloord;31,6;19,0;13,3;4,5;6,5;1,9
FL_IJM;NL:Q:25000700;Urkerweg 18;Emmeloord;0,9;0,1;0,3;0,0;0,0;0,0
FL_IJM;NL:Q:25001400;Smeden;Emmeloord;2,1;0,7;0,6;0,3;0,7;0,1
FL_IJM;NL:Q:25001450;Smeden;Emmeloord;2,2;7,6;0,0;2,8;0,0;1,3
FL_IJM;NL:Q:25005010;Busstation;Emmeloord;46,1;102,0;3,9;20,8;1,0;12,1
FL_IJM;NL:Q:25005012;Busstation;Emmeloord;84,6;12,8;37,5;20,2;35,9;9,3
FL_IJM;NL:Q:25005013;Busstation;Emmeloord;97,6;77,5;32,0;36,7;18,4;31,6
FL_IJM;NL:Q:25005014;Busstation;Emmeloord;183,1;195,0;35,6;50,9;3,2;21,3
FL_IJM;NL:Q:25005021;Busstation;Emmeloord;176,0;165,3;43,6;34,8;43,0;2,8
FL_IJM;NL:Q:25005022;Busstation;Emmeloord;42,6;68,6;0,0;0,0;0,0;0,0
FL_IJM;NL:Q:25005023;Busstation;Emmeloord;29,6;8,4;0,0;0,0;0,0;0,0
FL_IJM;NL:Q:25060010;Brink;Luttelgeest;6,2;0,4;0,0;0,0;0,0;0,0
FL_IJM;NL:Q:25060020;Brink;Luttelgeest;0,5;4,9;0,0;0,0;0,0;0,0
FL_IJM;NL:Q:25060030;Luttelgeesterweg;Luttelgeest;0,1;0,3;0,0;0,0;0,0;0,0
FL_IJM;NL:Q:25060040;Luttelgeesterweg;Luttelgeest;0,5;0,0;0,0;0,0;0,0;0,0
FL_IJM;NL:Q:25060050;Lindeweg;Luttelgeest;0,1;0,5;0,0;0,0;0,0;0,0
FL_IJM;NL:Q:25060060;Lindeweg;Luttelgeest;0,3;0,1;0,0;0,0;0,0;0,0
FL_IJM;NL:Q:25060070;Orchideeenhoeve;Luttelgeest;0,6;1,5;0,0;0,0;0,0;0,0
FL_IJM;NL:Q:25060080;Orchideeenhoeve;Luttelgeest;1,3;0,4;0,0;0,0;0,0;0,0
FL_IJM;NL:Q:25060090;Oosterringweg;Luttelgeest;3,9;10,1;0,0;0,0;0,0;0,0
FL_IJM;NL:Q:25060100;Oosterringweg;Luttelgeest;11,4;2,0;0,0;0,0;0,0;0,0
FL_IJM;NL:Q:25060110;Schansweg;Luttelgeest;0,0;0,1;0,0;0,0;0,0;0,0
FL_IJM;NL:Q:25060120;Schansweg;Luttelgeest;0,4;0,1;0,0;0,0;0,0;0,0
FL_IJM;NL:Q:25070010;Luttelgeesterweg;Marknesse;0,2;0,9;0,1;0,0;0,1;0,0
FL_IJM;NL:Q:25070020;Luttelgeesterweg;Marknesse;0,7;0,3;0,1;0,2;0,0;0,1
FL_IJM;NL:Q:25070030;H.D. Louwes Hoeve;Emmeloord;0,0;0,0;0,0;0,0;0,0;0,0
FL_IJM;NL:Q:25070040;H.D. Louwes Hoeve;Emmeloord;0,0;0,0;0,0;0,0;0,0;0,0
FL_IJM;NL:Q:25070050;Lindeweg;Emmeloord;0,2;0,4;0,1;0,2;0,0;0,2
FL_IJM;NL:Q:25070060;Lindeweg;Emmeloord;0,4;0,3;0,3;0,2;0,3;0,1
FL_IJM;NL:Q:25130100;Sloefweg;Ens;2,7;0,3;0,5;0,3;0,7;0,2
FL_IJM;NL:Q:25130150;Sloefweg;Ens;0,3;1,3;0,2;0,3;0,2;0,4
FL_IJM;NL:Q:25130200;Bomenweg;Emmeloord;0,7;0,1;0,2;0,0;0,1;0,1
FL_IJM;NL:Q:25130250;Bomenweg;Emmeloord;0,1;0,6;0,1;0,3;0,2;0,0
FL_IJM;NL:Q:25130300;Kleiweg;Emmeloord;0,4;0,3;0,2;0,4;0,2;0,0
FL_IJM;NL:Q:25130350;Kleiweg;Emmeloord;0,8;0,7;0,1;0,2;0,0;0,1
FL_IJM;NL:Q:25131500;Bunschotenlaan;Emmeloord;3,7;3,3;1,4;0,6;3,2;0,2
FL_IJM;NL:Q:25140100;Schaftweg/Nagelerweg;Emmeloord;0,1;0,1;0,0;0,0;0,0;0,0
FL_IJM;NL:Q:25140150;Schaftweg/Nagelerweg;Emmeloord;0,1;0,1;0,0;0,0;0,0;0,0
FL_IJM;NL:Q:25140300;Johannes Postweg;Nagele;0,0;0,0;0,0;0,0;0,0;0,0
FL_IJM;NL:Q:25140350;Johannes Postweg;Nagele;0,3;0,0;0,0;0,0;0,0;0,0
FL_IJM;NL:Q:25150050;Urkerweg 18;Emmeloord;0,1;0,6;0,0;0,1;0,0;0,0
FL_IJM;NL:Q:25150100;Urkerweg 34;Tollebeek;0,3;0,2;0,1;0,1;0,0;0,0
FL_IJM;NL:Q:25150150;Urkerweg 34;Tollebeek;0,5;0,5;0,2;0,1;0,0;0,0
FL_IJM;NL:Q:25150200;Sint Hubertusplaats;Tollebeek;26,1;5,5;6,7;2,6;0,0;0,0
FL_IJM;NL:Q:25150250;Sint Hubertusplaats;Tollebeek;6,0;26,6;2,3;7,0;0,0;0,0
FL_IJM;NL:Q:25150300;Urkerweg 46;Tollebeek;0,7;0,1;0,1;0,1;0,0;0,0
FL_IJM;NL:Q:25150350;Urkerweg 46;Tollebeek;0,1;0,1;0,0;0,1;0,0;0,0
FL_IJM;NL:Q:25150400;Urkerdwarspad;Urk;0,2;0,0;0,1;0,0;0,0;0,0
FL_IJM;NL:Q:25170030;Zwembad Voorst;Kraggenburg;0,1;0,2;0,1;0,0;0,0;0,0
FL_IJM;NL:Q:25170040;Zwembad Voorst;Kraggenburg;0,3;0,1;0,1;0,1;0,1;0,0
FL_IJM;NL:Q:25170050;Picknickplaats;Kraggenburg;0,4;0,2;0,0;0,1;0,1;0,0
FL_IJM;NL:Q:25170060;Picknickplaats;Kraggenburg;0,3;0,4;0,1;0,0;0,1;0,1
FL_IJM;NL:Q:25170070;Mammouthweg;Kraggenburg;0,6;0,2;0,2;0,0;0,1;0,0
FL_IJM;NL:Q:25170080;Mammouthweg;Kraggenburg;0,1;0,5;0,1;0,2;0,0;0,0
FL_IJM;NL:Q:25170090;Leemringweg/Sloefweg;Marknesse;0,5;0,3;0,0;0,1;0,0;0,0
FL_IJM;NL:Q:25170100;Leemringweg/Sloefweg;Marknesse;0,3;0,8;0,1;0,1;0,0;0,0
FL_IJM;NL:Q:25170110;Boslaan;Marknesse;0,8;0,0;0,0;0,0;0,0;0,0
FL_IJM;NL:Q:25170120;Boslaan;Marknesse;0,0;0,5;0,0;0,0;0,0;0,0
FL_IJM;NL:Q:25170211;Busstation;Marknesse;32,4;15,5;7,4;3,1;4,2;2,9
FL_IJM;NL:Q:25170212;Busstation;Marknesse;24,7;6,2;0,0;0,0;0,0;0,0
FL_IJM;NL:Q:25170213;Busstation;Marknesse;18,0;3,4;0,0;0,0;0,0;0,0
FL_IJM;NL:Q:25170221;Busstation;Marknesse;18,9;49,7;4,2;6,7;3,1;4,2
FL_IJM;NL:Q:25170223;Busstation;Marknesse;12,5;29,7;0,0;0,0;0,0;0,0
FL_IJM;NL:Q:25170230;Breestraat;Marknesse;17,5;18,5;3,6;6,9;2,0;2,9
FL_IJM;NL:Q:25170240;Breestraat;Marknesse;13,6;14,4;6,7;5,8;2,6;2,4
FL_IJM;NL:Q:25170250;Netl;Kraggenburg;0,6;0,8;0,2;0,5;0,4;0,2
FL_IJM;NL:Q:25170260;Netl;Kraggenburg;0,9;0,6;0,4;0,2;0,8;0,1
FL_IJM;NL:Q:25180010;Busstation;Blokzijl;11,5;0,0;0,0;0,0;0,0;0,0
FL_IJM;NL:Q:25180020;Busstation;Blokzijl;15,6;10,8;0,0;0,0;0,0;0,0
FL_IJM;NL:Q:25180030;Uiterdijkenweg;Marknesse;1,7;0,2;0,0;0,0;0,0;0,0
FL_IJM;NL:Q:25180040;Uiterdijkenweg;Marknesse;0,3;1,5;0,0;0,0;0,0;0,0
FL_IJM;NL:Q:25180050;Steenwijkerdwarsweg;Marknesse;0,5;1,1;0,0;0,0;0,0;0,0
FL_IJM;NL:Q:25180060;Steenwijkerdwarsweg;Marknesse;1,0;0,7;0,0;0,0;0,0;0,0
FL_IJM;NL:Q:25230030;Ens;Ens;22,7;24,4;8,1;7,5;2,5;3,6
FL_IJM;NL:Q:25230040;Ens;Ens;25,9;22,2;7,6;7,4;6,0;3,4
FL_IJM;NL:Q:25240010;Domineesweg;Nagele;31,6;33,6;6,4;8,5;7,5;5,0
FL_IJM;NL:Q:25240150;Professor Brandsmaw.;Nagele;0,1;0,0;0,0;0,0;0,0;0,0
FL_IJM;NL:Q:25240200;Professor Brandsmaw.;Nagele;1,3;0,1;0,0;0,0;0,0;0,0
FL_IJM;NL:Q:25240800;Nagele;Nagele;15,2;2,9;0,0;0,0;0,0;0,0
FL_IJM;NL:Q:25240850;Nagele;Nagele;2,9;13,8;0,0;0,0;0,0;0,0
FL_IJM;NL:Q:25250010;Singel;Urk;27,9;20,1;10,3;8,4;0,0;0,0
FL_IJM;NL:Q:25250050;Urkerdwarspad;Urk;0,0;0,5;0,0;0,1;0,0;0,0
FL_IJM;NL:Q:25250100;Urkerweg 60;Urk;4,6;0,2;0,6;0,0;0,0;0,0
FL_IJM;NL:Q:25250150;Urkerweg 60;Urk;0,5;5,8;0,2;0,5;0,0;0,0
FL_IJM;NL:Q:25250210;Ransuil;Urk;4,6;40,7;0,9;6,3;0,0;0,0
FL_IJM;NL:Q:25250220;Ransuil;Urk;31,4;1,3;5,8;0,3;0,0;0,0
FL_IJM;NL:Q:25250230;Winkelcentrum;Urk;4,9;65,6;2,8;11,2;0,0;0,0
FL_IJM;NL:Q:25250240;Winkelcentrum;Urk;68,0;2,3;12,8;1,2;0,0;0,0
FL_IJM;NL:Q:25250270;Vlaak;Urk;36,5;43,9;3,4;4,9;0,0;0,0
FL_IJM;NL:Q:25250300;Rotholm;Urk;40,4;30,3;8,0;3,4;0,0;0,0
FL_IJM;NL:Q:25250850;Lange Dam;Urk;24,7;32,5;2,8;5,0;0,0;0,0
FL_IJM;NL:Q:25250950;De Noord;Urk;10,3;16,6;1,7;3,7;0,0;0,0
FL_IJM;NL:Q:25251000;Gemeentehuis;Urk;36,6;40,1;5,2;7,2;0,0;0,0
FL_IJM;NL:Q:25251510;Marsdiep;Urk;0,0;0,2;0,0;0,0;0,0;0,0
FL_IJM;NL:Q:25251520;Marsdiep;Urk;0,2;0,1;0,0;0,0;0,0;0,0
FL_IJM;NL:Q:25251530;Griend;Urk;0,0;2,2;0,0;0,0;0,0;0,0
FL_IJM;NL:Q:25251540;Griend;Urk;0,8;0,5;0,0;0,0;0,0;0,0
FL_IJM;NL:Q:25251570;Keteldiep;Urk;0,0;0,7;0,0;0,0;0,0;0,0
FL_IJM;NL:Q:25251580;Keteldiep;Urk;0,2;0,0;0,0;0,0;0,0;0,0
FL_IJM;NL:Q:25270010;Clarenberglaan;Vollenhove;31,7;0,0;8,4;0,0;3,4;0,0
FL_IJM;NL:Q:25270020;Clarenberglaan;Vollenhove;33,7;31,0;11,0;6,9;6,9;3,3
FL_IJM;NL:Q:25270030;Kraggenburg;Kraggenburg;19,9;19,5;6,2;5,1;2,4;2,6
FL_IJM;NL:Q:25270110;Vollenhoverweg/NOP;Marknesse;0,0;0,4;0,0;0,2;0,0;0,2
FL_IJM;NL:Q:25270120;Vollenhoverweg/NOP;Marknesse;0,3;0,3;0,1;0,2;0,0;0,1
FL_IJM;NL:Q:25270130;Repelweg;Marknesse;0,1;0,3;0,0;0,3;0,0;0,2
FL_IJM;NL:Q:25270140;Repelweg;Marknesse;0,2;0,1;0,1;0,1;0,1;0,0
FL_IJM;NL:Q:25270150;Voorsterweg;Marknesse;0,3;1,3;0,1;0,2;0,1;0,2
FL_IJM;NL:Q:25270160;Voorsterweg;Marknesse;1,2;0,5;0,2;0,2;0,1;0,0
FL_IJM;NL:Q:25270170;Voorstersluis;Marknesse;0,1;0,1;0,0;0,1;0,0;0,0
FL_IJM;NL:Q:25270180;Voorstersluis;Marknesse;0,4;0,9;0,1;0,1;0,2;0,2
FL_IJM;NL:Q:25270190;Paardenweg;Kraggenburg;1,2;0,3;0,3;0,0;0,1;0,0
FL_IJM;NL:Q:25270200;Paardenweg;Kraggenburg;0,4;1,2;0,0;0,2;0,0;0,0
FL_IJM;NL:Q:25280010;Boomkwekerij;Scheerwolde;0,7;0,0;0,0;0,0;0,0;0,0
FL_IJM;NL:Q:25280020;Boomkwekerij;Scheerwolde;0,0;0,7;0,0;0,0;0,0;0,0
FL_IJM;NL:Q:25280050;Beenderribben;Wetering;0,0;0,1;0,0;0,0;0,0;0,0
FL_IJM;NL:Q:25280070;Wetering;Wetering;0,0;0,1;0,0;0,0;0,0;0,0
FL_IJM;NL:Q:25280080;Wetering;Wetering;0,1;0,0;0,0;0,0;0,0;0,0
FL_IJM;NL:Q:25280090;Veldhuisweg;Baarlo;0,0;0,0;0,0;0,0;0,0;0,0
FL_IJM;NL:Q:25280100;Veldhuisweg;Baarlo;0,5;0,0;0,0;0,0;0,0;0,0
FL_IJM;NL:Q:25300010;Domineesweg;Nagele;2,7;2,9;0,0;0,0;0,0;0,0
FL_IJM;NL:Q:25330300;Zwartemeerweg;Ens;2,5;1,0;1,0;0,6;1,1;0,3
FL_IJM;NL:Q:25330350;Zwartemeerweg;Ens;1,7;0,0;0,7;0,0;0,2;0,0
FL_IJM;NL:Q:25350010;Markeweg;Blesdijke;0,5;0,0;0,0;0,0;0,0;0,0
FL_IJM;NL:Q:25350020;Markeweg;Blesdijke;0,0;0,5;0,0;0,0;0,0;0,0
FL_IJM;NL:Q:25350030;Dalhoeve;Blesdijke;0,0;0,0;0,0;0,0;0,0;0,0
FL_IJM;NL:Q:25350040;Dalhoeve;Blesdijke;0,0;0,0;0,0;0,0;0,0;0,0
FL_IJM;NL:Q:25350060;Parochiehuis;Oldemarkt;0,0;0,3;0,0;0,0;0,0;0,0
FL_IJM;NL:Q:25350090;Frieseweg;Oldemarkt;0,0;1,4;0,0;0,0;0,0;0,0
FL_IJM;NL:Q:25350310;Koningin Julianaweg;Oldemarkt;0,0;1,0;0,0;0,0;0,0;0,0
FL_IJM;NL:Q:25370010;Heetveld;Heetveld;0,6;0,0;0,1;0,0;0,0;0,0
FL_IJM;NL:Q:25370020;Heetveld;Heetveld;0,0;0,5;0,0;0,1;0,0;0,0
FL_IJM;NL:Q:25370070;Prot Chr Basisschool;Heetveld;0,7;0,0;0,2;0,0;0,0;0,0
FL_IJM;NL:Q:25370080;Prot Chr Basisschool;Heetveld;0,0;0,7;0,0;0,1;0,0;0,0
FL_IJM;NL:Q:25380010;Jan van Nassauweg;Scheerwolde;0,0;0,9;0,0;0,0;0,0;0,0
FL_IJM;NL:Q:25380020;Jan van Nassauweg;Scheerwolde;0,9;0,0;0,0;0,0;0,0;0,0
FL_IJM;NL:Q:25380030;Smalleweg;Scheerwolde;0,0;0,0;0,0;0,0;0,0;0,0
FL_IJM;NL:Q:25380040;Smalleweg;Scheerwolde;0,0;0,0;0,0;0,0;0,0;0,0
FL_IJM;NL:Q:25430010;Noorderrandweg;Kampereiland;0,6;0,0;0,0;0,0;0,0;0,0
FL_IJM;NL:Q:25430020;Noorderrandweg;Kampereiland;0,0;0,9;0,0;0,0;0,0;0,0
FL_IJM;NL:Q:25430030;Rechterveldweg;Kampereiland;0,7;0,0;0,1;0,0;0,0;0,0
FL_IJM;NL:Q:25430040;Rechterveldweg;Kampereiland;0,0;1,4;0,0;0,4;0,0;0,4
FL_IJM;NL:Q:25430050;Natuurbad Seveningen;Kampereiland;0,1;0,0;0,1;0,0;0,0;0,0
FL_IJM;NL:Q:25430100;Nesweg;Kampereiland;0,0;0,0;0,0;0,0;0,0;0,0
FL_IJM;NL:Q:25430150;Nesweg;Kampereiland;0,0;0,0;0,0;0,0;0,0;0,0
FL_IJM;NL:Q:25430200;Kampereiland Kerk;Kampereiland;0,0;0,2;0,0;0,1;0,0;0,0
FL_IJM;NL:Q:25430250;Kampereiland Kerk;Kampereiland;0,3;0,0;0,0;0,0;0,0;0,0
FL_IJM;NL:Q:25430300;Witte Brug;Kampereiland;0,0;0,9;0,0;0,0;0,0;0,0
FL_IJM;NL:Q:25430350;Witte Brug;Kampereiland;0,8;0,0;0,0;0,0;0,0;0,0
FL_IJM;NL:Q:25430390;Dam-Noorddiep;Kampereiland;0,4;0,0;0,0;0,0;0,0;0,0
FL_IJM;NL:Q:25430400;Dam-Noorddiep;Kampereiland;0,0;0,0;0,0;0,0;0,0;0,0
FL_IJM;NL:Q:25440050;Visvijverweg;Swifterbant;0,9;0,5;0,0;0,0;0,0;0,0
FL_IJM;NL:Q:25440100;Visvijverweg;Swifterbant;0,3;0,2;0,0;0,0;0,0;0,0
FL_IJM;NL:Q:25450810;Kooystraat;Ossenzijl;1,5;0,0;0,0;0,0;0,0;0,0
FL_IJM;NL:Q:25450820;Kooystraat;Ossenzijl;0,0;1,4;0,0;0,0;0,0;0,0
FL_IJM;NL:Q:25450830;Venebosweg;Ossenzijl;0,0;0,0;0,0;0,0;0,0;0,0
FL_IJM;NL:Q:25470010;De Velde;De Velde;0,2;0,0;0,0;0,0;0,0;0,0
FL_IJM;NL:Q:25470020;De Velde;De Velde;0,0;0,3;0,0;0,1;0,0;0,0
FL_IJM;NL:Q:25470030;Busstation;Zwartsluis;5,9;0,1;2,3;0,0;0,9;0,0
FL_IJM;NL:Q:25470040;Busstation;Zwartsluis;0,1;12,6;0,0;3,9;0,0;2,0
FL_IJM;NL:Q:25470070;De Krieger;De Krieger;0,0;0,0;0,0;0,0;0,0;0,0
FL_IJM;NL:Q:25470080;De Krieger;De Krieger;0,0;0,2;0,0;0,0;0,0;0,0
FL_IJM;NL:Q:25670030;Centrum;Hasselt;2,4;0,1;1,0;0,0;0,3;0,0
FL_IJM;NL:Q:25670040;Centrum;Hasselt;0,0;3,7;0,0;2,6;0,0;0,4
FL_IJM;NL:Q:25780020;Dominee Hylkemaweg;Giethoorn;0,0;0,0;0,0;0,0;0,0;0,0
FL_IJM;NL:Q:25830110;Oranjesingel;Kampen;0,0;0,7;0,0;0,0;0,0;0,0
FL_IJM;NL:Q:25830170;Station Zuid;Kampen;0,0;0,2;0,0;0,0;0,0;0,0
FL_IJM;NL:Q:25830190;Station Zuid;Kampen;0,0;0,0;0,0;0,0;0,0;0,0
FL_IJM;NL:Q:25830300;Andoorn;Kampen;0,0;0,0;0,0;0,0;0,0;0,0
FL_IJM;NL:Q:25830330;Doctor Kolfflaan;Kampen;0,0;0,0;0,0;0,0;0,0;0,0
FL_IJM;NL:Q:25830500;Loriestraat;Kampen;0,0;0,0;0,0;0,0;0,0;0,0
FL_IJM;NL:Q:46002960;Blaloweg/Hasselterweg;Zwolle;0,0;3,0;0,0;0,1;0,0;0,1
FL_IJM;NL:Q:46004026;Station;Zwolle;14,9;0,1;0,0;0,0;0,0;0,0
FL_IJM;NL:Q:46004027;Station;Zwolle;28,1;35,2;10,2;11,6;7,7;10,2
FL_IJM;NL:Q:46004030;Station;Zwolle;0,0;0,1;0,0;0,0;0,0;0,0
FL_IJM;NL:Q:46004032;Station;Zwolle;0,0;10,0;0,0;0,0;0,0;0,0
FL_IJM;NL:Q:46004740;Park de Wezenlanden;Zwolle;0,0;0,0;0,0;0,0;0,0;0,0
FL_IJM;NL:Q:46006400;Campus;Zwolle;26,1;0,0;0,0;0,0;0,0;0,0
FL_IJM;NL:Q:46006450;Campus;Zwolle;0,0;26,1;0,0;0,0;0,0;0,0
FL_IJM;NL:Q:46006600;Blaloweg/Rieteweg;Zwolle;0,2;0,0;0,0;0,0;0,0;0,0
FL_IJM;NL:Q:46006650;Blaloweg/Rieteweg;Zwolle;0,0;0,9;0,0;0,0;0,0;0,0
FL_IJM;NL:Q:46100040;Katerdijk;zwolle;17,8;0,0;0,2;0,0;0,1;0,0
FL_IJM;NL:Q:46100050;Katerdijk;zwolle;0,0;32,0;0,0;0,3;0,0;0,1
FL_IJM;NL:Q:46100320;Breecamp;Zwolle;0,0;0,5;0,0;0,0;0,0;0,1
FL_IJM;NL:Q:46100330;Breecamp;Zwolle;0,3;0,0;0,0;0,0;0,0;0,0
FL_IJM;NL:Q:46104021;Katwolderplein/centrum;Zwolle;13,1;0,0;3,0;0,0;1,9;0,0
FL_IJM;NL:Q:46104022;Katwolderplein/centrum;Zwolle;0,0;12,8;0,0;7,1;0,0;4,0
FL_IJM;NL:Q:46120730;Verkavelingsweg;Genne;0,0;0,0;0,0;0,0;0,0;0,0
FL_IJM;NL:Q:46301120;Industrieweg;Hasselt;0,0;0,3;0,0;0,0;0,0;0,0
FL_IJM;NL:Q:46302090;Stadsweg;Hasselt;0,0;0,0;0,0;0,0;0,0;0,0
FL_IJM;NL:Q:46302100;Stadsweg;Hasselt;0,0;0,1;0,0;0,1;0,0;0,1
FL_IJM;NL:Q:46302110;Industrieweg;Hasselt;0,2;0,0;0,0;0,0;0,0;0,0
FL_IJM;NL:Q:46403010;Kloosterziel;De Velde;0,0;0,0;0,0;0,0;0,0;0,0
FL_IJM;NL:Q:46403020;Kloosterziel;De Velde;0,0;0,0;0,0;0,0;0,0;0,1
FL_IJM;NL:Q:46501010;Kranerweerd;Zwartsluis;0,1;0,0;0,0;0,0;0,0;0,0
FL_IJM;NL:Q:46501020;Kranerweerd;Zwartsluis;0,0;0,1;0,0;0,1;0,0;0,0
FL_IJM;NL:Q:46501030;Nieuwesluis;Zwartsluis;0,3;0,0;0,5;0,0;0,6;0,0
FL_IJM;NL:Q:46501040;Nieuwesluis;Zwartsluis;0,0;0,3;0,0;0,1;0,0;0,1
FL_IJM;NL:Q:46501070;Westeinde - Rotonde;Zwartsluis;0,1;0,0;0,0;0,0;0,0;0,0
FL_IJM;NL:Q:46501080;Westeinde - Rotonde;Zwartsluis;0,0;0,3;0,0;0,2;0,0;0,1
FL_IJM;NL:Q:46511010;De Noorde;Zwartsluis;0,9;0,0;0,4;0,0;0,0;0,0
FL_IJM;NL:Q:46511020;De Noorde;Zwartsluis;0,0;2,1;0,0;0,8;0,0;0,3
FL_IJM;NL:Q:46511030;Zieltje;Zwartsluis;0,4;0,0;0,0;0,0;0,0;0,0
FL_IJM;NL:Q:46511040;Zieltje;Zwartsluis;0,0;0,1;0,0;0,0;0,0;0,0
FL_IJM;NL:Q:46520010;Flevoweg;St.Jansklooster;0,0;3,6;0,0;0,5;0,0;0,3
FL_IJM;NL:Q:46520020;Flevoweg;St.Jansklooster;3,3;0,0;0,5;0,0;0,2;0,0
FL_IJM;NL:Q:46520030;Veneweg;St.Jansklooster;0,0;1,9;0,0;0,5;0,0;0,4
FL_IJM;NL:Q:46520040;Veneweg;St.Jansklooster;2,4;0,0;0,4;0,0;0,2;0,0
FL_IJM;NL:Q:46522010;Barsbeek;Heetveld;1,1;0,0;0,1;0,0;0,0;0,0
FL_IJM;NL:Q:46522020;Barsbeek;Heetveld;0,0;0,8;0,0;0,1;0,0;0,0
FL_IJM;NL:Q:46522070;Barsbeek 36;St. Jansklooster;1,4;0,0;0,1;0,0;0,0;0,0
FL_IJM;NL:Q:46522080;Barsbeek 36;St. Jansklooster;0,0;1,3;0,0;0,1;0,0;0,0
FL_IJM;NL:Q:46522090;Kadoelen;Kadoelen;0,2;0,0;0,0;0,0;0,0;0,0
FL_IJM;NL:Q:46522100;Kadoelen;Kadoelen;0,0;0,5;0,0;0,0;0,0;0,0
FL_IJM;NL:Q:46531010;Verlengde Duinweg;St.Jansklooster;0,5;0,0;0,0;0,0;0,0;0,0
FL_IJM;NL:Q:46531020;Verlengde Duinweg;St.Jansklooster;0,0;0,8;0,0;0,1;0,0;0,1
FL_IJM;NL:Q:46531030;Weyert;Vollenhove;4,8;0,0;0,4;0,0;0,1;0,0
FL_IJM;NL:Q:46531040;Weyert;Vollenhove;0,0;3,9;0,0;0,2;0,0;0,1
FL_IJM;NL:Q:46531050;Zwembad;Vollenhove;6,5;4,2;2,4;1,9;1,1;1,2
FL_IJM;NL:Q:46531060;Zwembad;Vollenhove;4,7;7,9;2,0;2,7;1,8;0,9
FL_IJM;NL:Q:47130010;Hasselterweg;Zwolle;0,3;0,0;0,1;0,0;0,0;0,0
FL_IJM;NL:Q:47130020;Hasselterweg;Zwolle;0,0;0,8;0,0;0,4;0,0;0,3
FL_IJM;NL:Q:47130030;Zwolseweg;Zwolle;0,0;0,0;0,0;0,0;0,0;0,0
FL_IJM;NL:Q:47130040;Zwolseweg;Zwolle;0,0;0,1;0,0;0,2;0,0;0,0
FL_IJM;NL:Q:47130150;Veecaten;'s-Heerenbroek;0,0;0,0;0,0;0,0;0,0;0,0
FL_IJM;NL:Q:47130200;Bisschopswetering;'s-Heerenbroek;0,0;0,1;0,0;0,0;0,0;0,0
FL_IJM;NL:Q:47130250;Bisschopswetering;'s-Heerenbroek;0,0;0,0;0,0;0,0;0,0;0,0
FL_IJM;NL:Q:47132520;Blaloweg/Hasselterweg;Zwolle;1,7;0,0;0,0;0,0;0,0;0,0
FL_IJM;NL:Q:47230250;Wilsumersteeg;Wilsum;0,1;0,0;0,0;0,0;0,0;0,0
FL_IJM;NL:Q:47230300;Zwolseweg 44;IJsselmuiden;0,0;0,0;0,0;0,0;0,0;0,0
FL_IJM;NL:Q:47330120;Beneluxweg;Kampen;0,0;0,0;0,0;0,0;0,0;0,0
FL_IJM;NL:Q:47330130;Beneluxweg;Kampen;0,0;0,0;0,0;0,0;0,0;0,0
FL_IJM;NL:Q:47330150;IJsselbrug;Kampen;3,3;0,0;0,0;0,0;0,0;0,0
FL_IJM;NL:Q:47330200;IJsselbrug;Kampen;0,0;6,9;0,0;0,0;0,0;0,0
FL_IJM;NL:Q:47330250;Van Heutszplein;Kampen;0,6;0,0;0,0;0,0;0,0;0,0
FL_IJM;NL:Q:47330300;Van Heutszplein;Kampen;0,1;3,6;0,0;0,0;0,0;0,0
FL_IJM;NL:Q:47331310;Vijverhof;Kampen;1,6;0,0;0,0;0,0;0,0;0,0
FL_IJM;NL:Q:47331320;Vijverhof;Kampen;0,0;1,6;0,0;0,0;0,0;0,0
FL_IJM;NL:Q:47332600;Verzinkerij;IJsselmuiden;0,0;0,3;0,0;0,0;0,0;0,0
FL_IJM;NL:Q:47332700;Grafhorsterweg;IJsselmuiden;1,5;2,6;0,1;0,3;0,0;0,2
FL_IJM;NL:Q:47332750;Grafhorsterweg;IJsselmuiden;0,8;0,1;0,0;0,0;0,0;0,0
FL_IJM;NL:Q:47332800;Natuurbad Seveningen;Kampereiland;0,3;0,2;0,1;0,0;0,0;0,0
FL_IJM;NL:Q:47332850;Zwolseweg 44;IJsselmuiden;0,0;0,0;0,0;0,0;0,0;0,0
FL_IJM;NL:Q:47332950;Verzinkerij;IJsselmuiden;0,4;0,0;0,0;0,0;0,0;0,0
FL_IJM;NL:Q:47333250;Oranjesingel;Kampen;0,5;0,0;0,0;0,0;0,0;0,0
FL_IJM;NL:Q:47333300;Oostzeestraat;Kampen;0,0;1,6;0,0;0,0;0,0;0,0
FL_IJM;NL:Q:47333350;Oostzeestraat;Kampen;0,3;0,0;0,0;0,0;0,0;0,0
FL_IJM;NL:Q:47333410;Almere College;Kampen;0,0;4,7;0,0;0,0;0,0;0,0
FL_IJM;NL:Q:47333450;Almere College;Kampen;2,4;0,0;0,0;0,0;0,0;0,0
FL_IJM;NL:Q:47333500;Nijverheidsstraat;Kampen;0,0;9,7;0,0;0,0;0,0;0,0
FL_IJM;NL:Q:47334050;Sterrekroos;Kampen;0,0;0,0;0,0;0,0;0,0;0,0
FL_IJM;NL:Q:47335010;Station;Kampen;0,2;0,0;0,0;0,0;0,0;0,0
FL_IJM;NL:Q:47335020;Station;Kampen;0,2;2,3;0,0;0,0;0,0;0,0
FL_IJM;NL:Q:47335030;Station;Kampen;47,2;192,4;11,4;46,6;5,6;36,6
FL_IJM;NL:Q:47335040;Station;Kampen;221,1;55,4;58,8;13,7;32,8;16,9
FL_IJM;NL:Q:47335050;Station;Kampen;3,6;4,7;0,0;0,0;0,0;0,0
FL_IJM;NL:Q:47335060;Station;Kampen;0,7;14,8;0,0;0,0;0,0;0,0
FL_IJM;NL:Q:47336000;Kalmoessingel;Kampen;1,7;0,0;0,0;0,0;0,0;0,0
FL_IJM;NL:Q:47336050;Kalmoessingel;Kampen;0,0;8,4;0,0;0,0;0,0;0,0
FL_IJM;NL:Q:47336100;GSG Pieter Zandt;Kampen;0,3;0,1;0,0;0,0;0,0;0,0
FL_IJM;NL:Q:47430050;Nijverheidsstraat;Kampen;6,7;0,0;0,0;0,0;0,0;0,0
FL_IJM;NL:Q:47430200;Roggebotsluis;Dronten;27,1;0,1;0,0;0,0;0,0;0,0
FL_IJM;NL:Q:47430250;Roggebotsluis;Dronten;36,3;25,0;0,0;0,0;0,0;0,0
FL_IJM;NL:Q:47430300;Oudebosweg;Dronten;0,8;0,2;0,0;0,0;0,0;0,0
FL_IJM;NL:Q:47530020;Ketelweg;Dronten;0,1;0,1;0,0;0,0;0,0;0,0
FL_IJM;NL:Q:47530050;Oudebosweg;Dronten;0,1;0,2;0,0;0,0;0,0;0,0
FL_IJM;NL:Q:49000050;Lelycentre;Lelystad;17,7;3,2;8,5;0,8;0,0;0,0
FL_IJM;NL:Q:49000060;Rotondebrug;Lelystad;2,1;1,5;0,1;0,2;0,0;0,0
FL_IJM;NL:Q:49000070;Rotondebrug;Lelystad;3,9;4,0;0,4;0,0;0,0;0,0
FL_IJM;NL:Q:49000101;Lelycentre;Lelystad;3,7;14,4;0,7;3,2;0,0;0,0
FL_IJM;NL:Q:49000170;Centrumbrug;Lelystad;7,2;6,6;1,5;2,7;1,9;2,9
FL_IJM;NL:Q:49000171;Centrumbrug;Lelystad;12,6;8,6;2,7;2,1;2,1;2,0
FL_IJM;NL:Q:49000640;Hondsdraf;Lelystad;0,2;0,3;0,0;0,0;0,0;0,0
FL_IJM;NL:Q:49000750;Vlieterbrug;Lelystad;8,6;1,5;3,2;0,4;0,0;0,0
FL_IJM;NL:Q:49000800;Vlieterbrug;Lelystad;1,2;3,9;0,4;1,0;0,0;0,0
FL_IJM;NL:Q:49000850;Kwikstraat;Lelystad;2,2;0,1;0,2;0,0;0,0;0,0
FL_IJM;NL:Q:49001020;Hondsdraf;Lelystad;0,4;0,0;0,0;0,0;0,0;0,0
FL_IJM;NL:Q:49001210;Houtribweg;Lelystad;6,3;1,0;0,5;0,2;0,5;0,2
FL_IJM;NL:Q:49001220;Houtribweg;Lelystad;1,0;8,5;0,4;0,7;0,2;0,9
FL_IJM;NL:Q:49003300;De Hoven;Lelystad;5,6;1,2;0,8;0,5;0,5;0,1
FL_IJM;NL:Q:49003320;De Hoven;Lelystad;0,9;12,9;0,3;1,5;0,2;0,8
FL_IJM;NL:Q:49004500;De Rietlanden;Lelystad;3,7;12,9;0,4;2,3;0,3;1,7
FL_IJM;NL:Q:49004550;De Rietlanden;Lelystad;9,5;4,1;2,2;0,6;1,4;0,6
FL_IJM;NL:Q:49005010;Station Centrum;Lelystad;159,3;212,0;80,1;66,1;47,1;30,4
FL_IJM;NL:Q:49005020;Station Centrum;Lelystad;51,3;26,4;15,3;10,8;0,0;0,0
FL_IJM;NL:Q:49005030;Station Centrum;Lelystad;173,1;129,4;58,2;57,3;34,1;53,2
FL_IJM;NL:Q:49005150;Vestebrug;Lelystad;2,0;0,7;0,4;0,6;0,0;0,0
FL_IJM;NL:Q:49005200;Vestebrug;Lelystad;1,3;1,1;0,3;0,1;0,0;0,0
FL_IJM;NL:Q:49005250;Schansbrug;Lelystad;0,4;0,9;0,0;0,1;0,0;0,0
FL_IJM;NL:Q:49005300;Schansbrug;Lelystad;0,9;0,7;0,1;0,1;0,0;0,0
FL_IJM;NL:Q:49005400;Oostranddreef;Lelystad;1,3;0,3;0,0;0,0;0,0;0,0
FL_IJM;NL:Q:49005500;Runderweg;Lelystad;0,1;0,5;0,0;0,0;0,0;0,0
FL_IJM;NL:Q:49005950;Crematorium;Lelystad;0,8;0,0;1,0;0,1;0,0;0,0
FL_IJM;NL:Q:49006500;Crematorium;Lelystad;0,0;0,9;0,1;1,2;0,0;0,0
FL_IJM;NL:Q:49006800;Pekstraat;Lelystad;0,0;2,1;0,0;0,9;0,0;0,0
FL_IJM;NL:Q:49006850;Pekstraat;Lelystad;0,8;0,0;0,3;0,0;0,0;0,0
FL_IJM;NL:Q:49008810;Palazzo;Lelystad;9,1;30,3;3,8;4,5;2,6;3,6
FL_IJM;NL:Q:49008820;Palazzo;Lelystad;26,1;14,1;6,1;6,0;3,8;2,4
FL_IJM;NL:Q:49008850;Larserpoortweg;Lelystad;4,7;3,0;0,8;0,2;0,8;0,2
FL_IJM;NL:Q:49111010;Natuurpark;Lelystad;2,3;1,7;0,9;0,3;0,5;0,2
FL_IJM;NL:Q:49111020;Larserpoortweg;Lelystad;2,9;9,9;0,2;1,8;0,2;1,3
FL_IJM;NL:Q:49130010;Zeeasterpad;Lelystad;0,0;0,0;0,0;0,0;0,0;0,0
FL_IJM;NL:Q:49130020;Runderweg;Lelystad;0,3;0,1;0,0;0,0;0,0;0,0
FL_IJM;NL:Q:49140010;Steenstraat;Lelystad;7,5;0,6;0,8;0,0;0,0;0,0
FL_IJM;NL:Q:49140020;Steenstraat;Lelystad;0,7;9,9;0,1;0,9;0,0;0,0
FL_IJM;NL:Q:49140050;Edelhertweg;Lelystad;0,4;0,0;0,1;0,0;0,0;0,0
FL_IJM;NL:Q:49140060;Kwikstraat;Lelystad;0,3;2,7;0,0;0,3;0,0;0,0
FL_IJM;NL:Q:49210010;Vogelweg;Lelystad;1,6;3,0;0,5;0,4;0,9;0,4
FL_IJM;NL:Q:49210020;Natuurpark;Lelystad;1,2;1,9;0,1;0,5;0,2;0,4
FL_IJM;NL:Q:49210040;Eendenweg;Lelystad;2,9;2,8;0,9;3,0;0,3;1,1
FL_IJM;NL:Q:49210050;Eendenweg;Lelystad;3,0;2,8;2,8;0,8;1,4;0,3
FL_IJM;NL:Q:49230020;Zeeasterpad;Lelystad;0,0;0,1;0,0;0,0;0,0;0,0
FL_IJM;NL:Q:49240010;Proefstation;Lelystad;1,3;0,0;0,1;0,0;0,0;0,0
FL_IJM;NL:Q:49240020;Proefstation;Lelystad;0,0;1,0;0,0;0,0;0,0;0,0
FL_IJM;NL:Q:49240030;Klokbekerweg;Lelystad;0,4;0,1;0,0;0,0;0,0;0,0
FL_IJM;NL:Q:49240040;Klokbekerweg;Lelystad;0,0;0,4;0,0;0,1;0,0;0,0
FL_IJM;NL:Q:49240050;Vuursteenweg;Swifterbant;0,1;0,0;0,0;0,0;0,0;0,0
FL_IJM;NL:Q:49240060;Edelhertweg;Lelystad;0,0;0,1;0,0;0,0;0,0;0,0
FL_IJM;NL:Q:49310010;Gooiseweg;Zeewolde;0,4;0,2;0,1;0,0;0,0;0,0
FL_IJM;NL:Q:49310020;Vogelweg;Lelystad;2,7;1,3;0,3;0,6;0,1;0,5
FL_IJM;NL:Q:49330020;Roodbeenweg;Dronten;0,0;0,0;0,0;0,0;0,0;0,0
FL_IJM;NL:Q:49330030;Lisdoddeweg;Dronten;0,0;0,0;0,0;0,0;0,0;0,0
FL_IJM;NL:Q:49330040;Lisdoddeweg;Dronten;0,0;0,0;0,0;0,0;0,0;0,0
FL_IJM;NL:Q:49330050;Rietweg;Dronten;0,5;0,1;0,0;0,0;0,0;0,0
FL_IJM;NL:Q:49340010;Bloemenwijk;Swifterbant;33,2;20,9;10,4;6,4;7,6;6,2
FL_IJM;NL:Q:49340020;Bloemenwijk;Swifterbant;19,9;27,8;2,9;6,2;0,0;0,0
FL_IJM;NL:Q:49340040;Industrieweg;Swifterbant;0,2;1,0;0,0;0,3;0,0;0,0
FL_IJM;NL:Q:49340050;Industrieweg;Swifterbant;0,8;0,5;0,3;0,2;0,0;0,1
FL_IJM;NL:Q:49340060;Rivierduinweg;Swifterbant;0,1;0,4;0,3;0,5;0,0;0,0
FL_IJM;NL:Q:49340070;Rivierduinweg;Swifterbant;0,3;0,0;0,3;0,1;0,0;0,0
FL_IJM;NL:Q:49340080;De Lange Streek;Swifterbant;31,2;30,8;11,1;7,7;0,0;0,0
FL_IJM;NL:Q:49340090;De Lange Streek;Swifterbant;39,3;34,4;12,4;12,2;9,4;9,7
FL_IJM;NL:Q:49340100;Tarpanweg;Swifterbant;0,1;1,2;0,0;0,4;0,0;0,0
FL_IJM;NL:Q:49340120;Vuursteenweg;Swifterbant;0,0;0,1;0,0;0,0;0,0;0,0
FL_IJM;NL:Q:49340140;Het Blazoen;Swifterbant;1,0;0,5;0,0;0,0;0,0;0,0
FL_IJM;NL:Q:49410010;Sternweg;Zeewolde;0,5;1,1;0,1;0,5;0,0;0,2
FL_IJM;NL:Q:49410020;Gooiseweg;Zeewolde;0,1;0,5;0,0;0,1;0,1;0,1
FL_IJM;NL:Q:49430020;Melisse;Dronten;2,1;7,9;1,1;2,3;0,5;2,2
FL_IJM;NL:Q:49430050;De Haflinger;Dronten;0,7;0,1;0,0;0,0;0,0;0,0
FL_IJM;NL:Q:49430060;De Haflinger;Dronten;0,1;0,3;0,0;0,0;0,0;0,0
FL_IJM;NL:Q:49430070;Langstraat Zuid;Dronten;4,1;1,5;1,2;0,8;1,6;0,3
FL_IJM;NL:Q:49430080;Langstraat Zuid;Dronten;1,9;3,4;0,6;1,3;0,6;1,3
FL_IJM;NL:Q:49430110;Manege;Dronten;7,7;5,1;0,0;0,0;0,0;0,0
FL_IJM;NL:Q:49430120;Manege;Dronten;7,3;8,4;0,0;0,0;0,0;0,0
FL_IJM;NL:Q:49430130;De Ark;Dronten;3,9;2,1;1,7;0,6;1,3;0,5
FL_IJM;NL:Q:49430140;De Ark;Dronten;2,0;19,7;0,5;6,5;0,3;2,9
FL_IJM;NL:Q:49430150;Baskenstraat;Dronten;1,0;1,1;0,0;0,0;0,0;0,0
FL_IJM;NL:Q:49430200;Baskenstraat;Dronten;0,7;2,9;0,0;0,0;0,0;0,0
FL_IJM;NL:Q:49430210;Langstraat;Dronten;7,5;4,0;2,5;1,7;1,6;0,9
FL_IJM;NL:Q:49430220;Langstraat;Dronten;4,0;7,3;1,9;1,7;1,0;1,4
FL_IJM;NL:Q:49430250;De Boeg;Dronten;2,2;1,6;0,0;0,0;0,0;0,0
FL_IJM;NL:Q:49430260;Rietweg;Dronten;0,1;0,2;0,0;0,0;0,0;0,0
FL_IJM;NL:Q:49430300;De Boeg;Dronten;1,4;2,3;0,0;0,0;0,0;0,0
FL_IJM;NL:Q:49430310;De Ketting;Dronten;8,4;7,5;2,7;3,3;1,5;2,8
FL_IJM;NL:Q:49430320;De Ketting;Dronten;8,9;6,6;3,6;2,3;2,7;1,2
FL_IJM;NL:Q:49430393;Station;Dronten;0,0;0,0;0,0;0,0;0,0;0,0
FL_IJM;NL:Q:49430421;Station;Dronten;79,4;81,8;23,5;27,4;19,0;15,8
FL_IJM;NL:Q:49430422;Station;Dronten;93,8;64,5;30,2;19,2;15,9;12,5
FL_IJM;NL:Q:49430423;Station;Dronten;3,2;3,6;0,0;0,0;0,0;0,0
FL_IJM;NL:Q:49430425;Station;Dronten;108,4;95,9;0,0;0,0;0,0;0,0
FL_IJM;NL:Q:49430430;Dukaat;Dronten;1,1;0,6;0,0;0,0;0,2;0,2
FL_IJM;NL:Q:49430450;Het Spaarne;Dronten;5,5;2,3;0,8;0,8;0,4;0,1
FL_IJM;NL:Q:49430460;Dukaat;Dronten;0,7;2,4;0,0;0,0;0,0;0,0
FL_IJM;NL:Q:49430470;Rendierweg;Dronten;0,2;0,4;0,0;0,1;0,0;0,0
FL_IJM;NL:Q:49430480;Het Spaarne;Dronten;0,7;6,9;0,4;0,7;0,0;0,2
FL_IJM;NL:Q:49430490;Beiersgulden;Dronten;2,4;3,3;0,5;1,1;0,0;0,0
FL_IJM;NL:Q:49430500;Rendierweg;Dronten;0,2;0,3;0,0;0,1;0,0;0,1
FL_IJM;NL:Q:49430510;Eurosingel;Dronten;2,8;2,2;0,0;0,0;0,2;0,6
FL_IJM;NL:Q:49430520;Eurosingel;Dronten;3,8;4,9;0,0;0,0;0,0;0,0
FL_IJM;NL:Q:49430590;Aeres Hogeschool;Dronten;11,8;9,1;0,0;0,0;0,2;5,0
FL_IJM;NL:Q:49430600;Aeres Hogeschool;Dronten;9,4;16,2;0,0;0,0;0,0;0,0
FL_IJM;NL:Q:49430610;Beiersgulden;Dronten;1,4;1,3;0,7;0,8;1,0;0,5
FL_IJM;NL:Q:49430620;De Morgen;Dronten;3,0;2,1;0,0;0,0;0,0;0,0
FL_IJM;NL:Q:49430630;De Morgen;Dronten;2,2;2,7;0,0;0,0;0,0;0,0
FL_IJM;NL:Q:49430640;De Barrage;Dronten;2,9;2,8;0,0;0,0;0,0;0,0
FL_IJM;NL:Q:49430650;De Barrage;Dronten;2,6;3,2;0,0;0,0;0,0;0,0
FL_IJM;NL:Q:49430740;Meerpaal;Dronten;2,0;9,5;0,8;7,6;0,2;1,8
FL_IJM;NL:Q:49430750;Meerpaal;Dronten;9,8;3,3;5,2;2,1;1,6;0,8
FL_IJM;NL:Q:49430760;Centrum;Dronten;21,8;53,0;2,5;3,8;0,4;1,6
FL_IJM;NL:Q:49430770;Centrum;Dronten;29,5;8,7;3,5;5,1;2,9;1,8
FL_IJM;NL:Q:49440010;Elandweg;Swifterbant;0,0;0,0;0,0;0,0;0,0;0,0
FL_IJM;NL:Q:49440020;Elandweg;Swifterbant;0,1;0,1;0,1;0,1;0,3;0,0
FL_IJM;NL:Q:49440030;Tarpanweg;Swifterbant;0,9;0,2;0,3;0,0;0,1;0,0
FL_IJM;NL:Q:49480010;Reigerweg;Zeewolde;0,6;0,1;0,0;0,0;0,0;0,0
FL_IJM;NL:Q:49480020;Reigerweg;Zeewolde;0,1;0,6;0,0;0,0;0,0;0,0
FL_IJM;NL:Q:49490010;Slingerpad;Zeewolde;0,5;1,1;0,0;0,1;0,0;0,0
FL_IJM;NL:Q:49490020;Slingerpad;Zeewolde;1,0;0,4;0,1;0,0;0,1;0,0
FL_IJM;NL:Q:49490030;Nijkerkersluis;Zeewolde;0,3;0,7;0,0;0,0;0,0;0,0
FL_IJM;NL:Q:49490040;Nijkerkersluis;Zeewolde;0,8;0,2;0,0;0,0;0,0;0,0
FL_IJM;NL:Q:49490090;Flevo-Nat/Wielseweg;Zeewolde;1,8;0,1;0,8;0,0;1,1;0,0
FL_IJM;NL:Q:49490100;Flevo-Nat/Wielseweg;Zeewolde;0,1;0,4;0,0;0,4;0,0;0,1
FL_IJM;NL:Q:49510020;Harderhaven;Harderhaven;2,2;31,2;1,2;13,7;0,7;6,7
FL_IJM;NL:Q:49510030;Harderhaven;Harderhaven;30,6;3,0;12,6;1,8;6,7;1,6
FL_IJM;NL:Q:49510040;Harderbroek;Zeewolde;0,2;0,5;0,1;0,2;0,1;0,0
FL_IJM;NL:Q:49510080;Camping Flevostrand;Biddinghuizen;4,8;3,2;3,8;1,6;2,6;1,1
FL_IJM;NL:Q:49510100;Sternweg;Zeewolde;0,5;0,8;0,3;0,8;0,2;0,2
FL_IJM;NL:Q:49530010;Ketelweg;Dronten;0,0;0,1;0,0;0,0;0,0;0,0
FL_IJM;NL:Q:49530020;Hanzeweg 17;Dronten;0,0;0,3;0,0;0,0;0,0;0,0
FL_IJM;NL:Q:49530030;Hanzeweg 17;Dronten;0,4;0,1;0,0;0,0;0,0;0,0
FL_IJM;NL:Q:49560010;Palingweg;Biddinghuizen;0,0;0,2;0,0;0,1;0,0;0,1
FL_IJM;NL:Q:49560020;Palingweg;Biddinghuizen;0,0;0,0;0,0;0,0;0,0;0,0
FL_IJM;NL:Q:49560030;Garnaalweg;Dronten;0,2;0,0;0,1;0,0;0,0;0,0
FL_IJM;NL:Q:49560040;Garnaalweg;Dronten;0,0;0,1;0,0;0,0;0,0;0,0
FL_IJM;NL:Q:49560050;Botweg;Biddinghuizen;0,4;0,6;0,2;0,1;0,1;0,1
FL_IJM;NL:Q:49560070;Melisse;Dronten;7,6;2,4;2,5;1,0;1,8;0,8
FL_IJM;NL:Q:49580010;Dodaarsweg;Zeewolde;0,1;0,1;0,0;0,0;0,0;0,0
FL_IJM;NL:Q:49580020;Dodaarsweg;Zeewolde;0,1;0,1;0,0;0,0;0,0;0,0
FL_IJM;NL:Q:49590010;Nulderpad;Zeewolde;0,0;0,1;0,0;0,1;0,0;0,1
FL_IJM;NL:Q:49590020;Nulderpad;Zeewolde;0,1;0,1;0,0;0,0;0,0;0,0
FL_IJM;NL:Q:49613003;Ziekenhuis Sint Jansdal;Harderwijk;0,9;6,9;0,0;0,0;0,0;0,0
FL_IJM;NL:Q:49613010;Selhorstweg;Harderwijk;3,9;35,6;2,1;12,7;1,2;6,1
FL_IJM;NL:Q:49613075;Burg. de Meesterstraat;Harderwijk;40,8;10,0;15,5;2,6;10,4;1,4
FL_IJM;NL:Q:49613076;Burg. de Meesterstraat;Harderwijk;6,8;38,5;1,5;14,7;0,9;8,9
FL_IJM;NL:Q:49613077;Dolfinarium;Harderwijk;45,9;13,0;35,2;10,8;16,0;5,2
FL_IJM;NL:Q:49613078;Dolfinarium;Harderwijk;10,2;44,7;7,5;36,2;4,2;14,8
FL_IJM;NL:Q:49613095;Ziekenhuis Sint Jansdal;Harderwijk;5,3;1,2;0,0;0,0;0,0;0,0
FL_IJM;NL:Q:49613405;Plantage;Harderwijk;1,3;0,4;0,0;0,0;0,0;0,0
FL_IJM;NL:Q:49613406;Plantage;Harderwijk;0,2;1,4;0,0;0,0;0,0;0,0
FL_IJM;NL:Q:49613407;Centrum;Harderwijk;4,4;7,4;0,0;0,0;0,0;0,0
FL_IJM;NL:Q:49613408;Centrum;Harderwijk;6,6;4,2;0,0;0,0;0,0;0,0
FL_IJM;NL:Q:49613409;Selhorstweg;Harderwijk;23,9;5,6;9,5;3,3;5,0;2,0
FL_IJM;NL:Q:49613902;Station;Harderwijk;176,5;139,5;41,2;29,7;27,5;19,8
FL_IJM;NL:Q:49613903;Station;Harderwijk;137,2;131,0;61,1;50,1;39,8;45,4
FL_IJM;NL:Q:49613906;Station;Harderwijk;79,4;76,4;0,0;0,0;0,0;0,0
FL_IJM;NL:Q:49613907;Station;Harderwijk;117,1;116,7;59,7;58,6;46,1;42,2
FL_IJM;NL:Q:49630010;Camping Flevostrand;Biddinghuizen;3,9;5,7;2,9;4,8;1,6;1,9
FL_IJM;NL:Q:49630020;Bremerbergweg;Biddinghuizen;2,3;7,1;1,3;3,5;0,7;3,0
FL_IJM;NL:Q:49660010;Plein;Biddinghuizen;53,9;23,5;18,8;6,9;7,2;6,3
FL_IJM;NL:Q:49660020;Plein;Biddinghuizen;24,6;53,8;8,5;16,7;5,0;8,2
FL_IJM;NL:Q:49660030;Havenweg;Biddinghuizen;10,9;4,0;2,3;1,0;1,4;1,5
FL_IJM;NL:Q:49660040;Havenweg;Biddinghuizen;6,4;13,7;1,6;2,6;0,9;2,6
FL_IJM;NL:Q:49660050;Dreef;Biddinghuizen;14,9;17,1;3,6;7,6;2,2;5,6
FL_IJM;NL:Q:49660060;Botweg;Biddinghuizen;0,6;0,0;0,1;0,0;0,1;0,0
FL_IJM;NL:Q:49680010;Gruttoweg;Zeewolde;1,6;0,5;0,0;0,0;0,0;0,0
FL_IJM;NL:Q:49680020;Gruttoweg;Zeewolde;0,8;1,3;0,0;0,0;0,0;0,0
FL_IJM;NL:Q:49690010;Harderbroek;Zeewolde;0,4;0,9;0,0;0,2;0,0;0,1
FL_IJM;NL:Q:49700010;De Eemhof;Zeewolde;0,8;8,5;0,4;4,4;0,2;1,8
FL_IJM;NL:Q:49700020;De Eemhof;Zeewolde;5,3;0,7;2,9;0,7;3,8;0,1
FL_IJM;NL:Q:49730010;Alikruikweg;Biddinghuizen;2,8;1,7;0,7;0,8;0,3;0,2
FL_IJM;NL:Q:49730020;Alikruikweg;Biddinghuizen;1,6;1,7;0,7;0,3;0,5;0,1
FL_IJM;NL:Q:49730030;Bremerbergweg;Biddinghuizen;0,1;0,1;0,1;0,2;0,0;0,0
FL_IJM;NL:Q:49730040;Dreef;Biddinghuizen;15,2;16,2;6,1;3,2;5,3;2,0
FL_IJM;NL:Q:49730050;Bremerbergweg;Biddinghuizen;5,7;2,2;2,9;1,4;2,1;0,5
FL_IJM;NL:Q:49730060;Bremerbergweg;Biddinghuizen;0,0;0,4;0,2;0,5;0,1;0,3
FL_IJM;NL:Q:49790020;Overloop;Zeewolde;18,2;17,6;0,0;0,0;0,0;0,0
FL_IJM;NL:Q:49790030;Langezand;Zeewolde;2,0;28,1;1,0;17,5;1,3;10,5
FL_IJM;NL:Q:49790040;Kwartiermakerslaan;Zeewolde;7,0;38,0;0,9;16,2;0,5;10,2
FL_IJM;NL:Q:49790050;Oostergo;Zeewolde;2,9;8,0;2,2;4,0;1,7;2,7
FL_IJM;NL:Q:49790060;Naarderweg;Zeewolde;18,2;13,4;2,3;0,0;2,1;0,0
FL_IJM;NL:Q:49790070;Centrum;Zeewolde;8,4;20,3;9,0;12,5;5,2;5,5
FL_IJM;NL:Q:49790090;Kluunpad;Zeewolde;11,7;10,1;0,0;0,0;0,0;0,0
FL_IJM;NL:Q:49790100;NCC;Zeewolde;0,2;0,2;0,0;0,1;0,0;0,1
FL_IJM;NL:Q:49790110;Horsterweg;Zeewolde;16,4;10,9;0,0;0,0;0,0;0,0
FL_IJM;NL:Q:49790111;Fluitekruid;Zeewolde;8,7;8,9;4,9;5,9;4,2;3,9
FL_IJM;NL:Q:49790120;Centrum;Zeewolde;14,6;5,7;0,0;0,0;0,0;0,0
FL_IJM;NL:Q:49790121;Gildenveld;Zeewolde;0,4;1,4;1,7;2,5;0,9;1,1
FL_IJM;NL:Q:49790130;Oostergo;Zeewolde;6,3;1,3;0,0;0,0;0,0;0,0
FL_IJM;NL:Q:49790131;De Verbeelding;Zeewolde;8,7;11,9;5,7;6,8;4,1;4,0
FL_IJM;NL:Q:49790141;Kastanjelaan;Zeewolde;0,8;2,3;2,9;2,5;1,9;2,4
FL_IJM;NL:Q:49790150;Langezand;Zeewolde;14,6;1,2;0,0;0,0;0,0;0,0
FL_IJM;NL:Q:49790160;RCN-Dasselaarweg;Zeewolde;0,3;0,8;0,0;0,1;0,0;0,3
FL_IJM;NL:Q:49790170;RCN-Dasselaarweg;Zeewolde;0,6;0,5;0,4;0,1;0,2;0,0
FL_IJM;NL:Q:49790181;RCN-Eikenlaan;Zeewolde;1,0;0,6;0,6;1,6;0,7;0,4
FL_IJM;NL:Q:49790190;NCC;Zeewolde;0,1;0,2;0,1;0,0;0,1;0,0
FL_IJM;NL:Q:49790200;Klein Hoefblad;Zeewolde;27,1;26,1;0,0;0,0;0,0;0,0
FL_IJM;NL:Q:49790210;Mast;Zeewolde;13,1;25,8;2,0;0,4;1,4;0,4
FL_IJM;NL:Q:49790220;Naarderweg;Zeewolde;17,2;19,2;5,0;5,7;3,4;3,4
FL_IJM;NL:Q:49790230;Gildenveld;Zeewolde;0,6;0,0;2,0;0,0;1,1;0,0
FL_IJM;NL:Q:49790250;Bolwerk;Zeewolde;1,0;4,3;0,0;0,0;0,0;0,0
FL_IJM;NL:Q:49790260;Bolwerk;Zeewolde;4,6;0,7;0,0;0,0;0,0;0,0
FL_IJM;NL:Q:49790270;Trekkersveld;Zeewolde;4,6;6,2;0,0;0,0;0,0;0,0
FL_IJM;NL:Q:49790280;Trekkersveld;Zeewolde;5,6;5,5;0,0;0,0;0,0;0,0
FL_IJM;NL:Q:49790290;RCN-Eikenlaan;Zeewolde;0,2;0,8;0,0;0,0;0,0;0,0
FL_IJM;NL:Q:49790310;Industrieweg;Zeewolde;4,7;9,3;0,0;0,0;0,0;0,0
FL_IJM;NL:Q:49790320;Industrieweg;Zeewolde;7,7;5,8;0,0;0,0;0,0;0,0
FL_IJM;NL:Q:49790330;De Verbeelding;Zeewolde;11,4;6,3;0,0;0,0;0,0;0,0
FL_IJM;NL:Q:49790340;Overloop;Zeewolde;21,7;20,8;5,8;6,2;5,3;3,9
FL_IJM;NL:Q:49790350;Fluitekruid;Zeewolde;7,6;6,1;0,0;0,0;0,0;0,0
FL_IJM;NL:Q:49790360;Mast;Zeewolde;20,0;8,9;7,3;2,8;4,1;1,8
FL_IJM;NL:Q:49790380;Horsterweg;Zeewolde;14,1;15,6;6,3;5,1;4,0;3,4
FL_IJM;NL:Q:49790400;Klein Hoefblad;Zeewolde;29,6;24,1;11,6;5,8;7,3;5,3
FL_IJM;NL:Q:49790410;Schollevaar;Zeewolde;1,0;0,2;0,0;0,0;0,0;0,0
FL_IJM;NL:Q:49790420;Kluunpad;Zeewolde;10,2;10,2;0,0;0,0;0,0;0,0
FL_IJM;NL:Q:49790440;Schollevaar;Zeewolde;0,1;0,7;0,0;0,0;0,0;0,0
FL_IJM;NL:Q:49790480;Kwartiermakerslaan;Zeewolde;46,7;6,2;17,3;0,6;11,1;0,5
FL_IJM;NL:Q:49790490;Horsterweg;Zeewolde;8,5;10,3;0,0;0,0;0,0;0,0
FL_IJM;NL:Q:49790520;Horsterweg;Zeewolde;11,2;11,1;0,0;0,0;0,0;0,0
FL_IJM;NL:Q:49810010;Walibi Holland;Biddinghuizen;37,5;44,1;35,9;40,6;26,2;27,5
FL_IJM;NL:Q:50423020;GSG Arnhemseweg;Amersfoort;0,0;0,4;0,0;0,0;0,0;0,0
FL_IJM;NL:Q:50423040;GSG Paladijnenweg;Amersfoort;0,1;0,5;0,0;0,0;0,0;0,0
FL_IJM;NL:Q:50423050;GSG Paladijnenweg;Amersfoort;0,3;0,0;0,0;0,0;0,0;0,0
FL_IJM;NL:Q:50423320;GSG Arnhemseweg;Amersfoort;0,1;0,0;0,0;0,0;0,0;0,0
FL_IJM;NL:Q:50630280;Berencamperweg;Nijkerk;2,9;1,6;0,0;0,0;0,0;0,0
FL_IJM;NL:Q:50630290;Berencamperweg;Nijkerk;1,0;1,8;0,0;0,0;0,0;0,0
FL_IJM;NL:Q:50637008;Station;Nijkerk;57,4;64,2;0,0;0,0;0,0;0,0
FL_IJM;NL:Q:50637011;Zilverschoon;Nijkerk;1,1;4,4;0,0;0,0;0,0;0,0
FL_IJM;NL:Q:50637012;Zilverschoon;Nijkerk;3,8;1,4;0,0;0,0;0,0;0,0
FL_IJM;NL:Q:58520010;Busstation 't Oor;Almere Stad;1,6;0,8;1,7;0,5;1,5;0,6
FL_IJM;NL:Q:58610060;Vogelweg;Almere Hout;3,1;2,4;2,9;0,1;2,4;0,1
FL_IJM;NL:Q:58610080;Kasteel;Almere Stad;0,1;0,3;0,0;0,2;0,0;0,0
FL_IJM;NL:Q:58610090;Veluwsekant;Almere Stad;3,5;0,9;0,5;0,8;0,3;0,5
FL_IJM;NL:Q:58610100;Veluwsekant;Almere Stad;8,3;7,2;0,5;0,5;0,4;0,2
FL_IJM;NL:Q:58610110;De Kemphaan;Almere Hout;9,4;1,2;3,3;0,1;2,9;0,2
FL_IJM;NL:Q:58610120;De Kemphaan;Almere Hout;1,4;16,6;0,2;4,3;0,3;3,4
FL_IJM;NL:Q:58650050;Stedenwijk Zuid;Almere Stad;0,4;1,0;0,7;0,8;0,6;1,1
FL_IJM;NL:Q:58650150;Stedenwijk Midden;Almere Stad;0,4;0,7;0,6;0,5;0,6;0,5
FL_IJM;NL:Q:58650200;Stedenwijk Zuid;Almere Stad;2,9;0,7;2,0;0,6;3,2;0,6
FL_IJM;NL:Q:58650300;Stedenwijk Midden;Almere Stad;1,4;1,3;0,7;1,0;1,6;1,0
FL_IJM;NL:Q:58650330;Greta Garboplantsoen;Almere Stad;9,1;0,3;0,0;0,0;0,0;0,0
FL_IJM;NL:Q:58650340;Greta Garboplantsoen;Almere Stad;0,1;8,4;0,0;0,0;0,0;0,0
FL_IJM;NL:Q:58650350;Passage;Almere Stad;1,1;0,2;1,0;0,1;0,9;0,1
FL_IJM;NL:Q:58650360;Passage;Almere Stad;0,7;2,0;0,3;2,3;0,6;1,9
FL_IJM;NL:Q:58650370;Flevoziekenhuis;Almere Stad;11,9;0,6;0,0;0,0;0,0;0,0
FL_IJM;NL:Q:58650380;Flevoziekenhuis;Almere Stad;0,1;15,1;0,0;0,0;0,0;0,0
FL_IJM;NL:Q:58650430;Stadhuisplein;Almere Stad;16,7;2,4;2,7;0,0;1,4;0,0
FL_IJM;NL:Q:58650440;Stadhuisplein;Almere Stad;1,8;22,1;0,3;3,2;0,3;2,8
FL_IJM;NL:Q:58650590;Romy Schneiderweg;Almere Stad;1,0;0,4;0,0;0,0;0,0;0,0
FL_IJM;NL:Q:58650600;Romy Schneiderweg;Almere Stad;0,0;0,5;0,0;0,0;0,0;0,0
FL_IJM;NL:Q:58650610;Bunuellaan;Almere Stad;3,5;0,9;0,0;0,0;0,0;0,0
FL_IJM;NL:Q:58650620;Bunuellaan;Almere Stad;0,0;2,7;0,0;0,0;0,0;0,0
FL_IJM;NL:Q:58650640;Walt Disneyplantsoen;Almere Stad;0,1;5,0;0,0;0,0;0,0;0,0
FL_IJM;NL:Q:58650930;Busstation 't Oor;Almere Stad;2,2;1,6;0,6;2,1;1,3;1,9
FL_IJM;NL:Q:58650950;Veluwsekant;Almere Stad;7,7;7,7;0,0;0,0;0,0;0,0
FL_IJM;NL:Q:58650970;Kasteel;Almere Stad;0,2;0,0;0,2;0,1;0,2;0,0
FL_IJM;NL:Q:58655010;Station Centrum;Almere Stad;16,7;50,2;2,9;10,0;1,9;11,1
FL_IJM;NL:Q:58655070;Station Centrum;Almere Stad;10,9;3,1;12,4;1,5;7,8;3,0
FL_IJM;NL:Q:58655110;Station Centrum;Almere Stad;80,1;35,2;0,0;0,0;0,0;0,0
FL_IJM;NL:Q:58655610;Walt Disneyplantsoen;Almere Stad;6,6;1,8;0,0;0,0;0,0;0,0
FL_IJM;NL:Q:58710010;Vogelweg;Almere Hout;0,2;2,0;0,0;3,4;0,0;2,4
FL_IJM;NL:Q:58710020;Vogelweg;Almere Hout;2,4;2,5;0,0;0,0;0,0;0,0
FL_IJM;NL:Q:58710021;Stichtse Brug;Almere Hout;0,6;0,1;0,3;0,0;0,2;0,0
FL_IJM;NL:Q:58710040;Paradijsvogelweg;Almere Hout;4,9;0,8;0,0;0,0;0,0;0,0
FL_IJM;NL:Q:58710050;Paradijsvogelweg;Almere Hout;0,7;4,7;0,0;0,0;0,0;0,0
FL_IJM;NL:Q:58710100;Nachtegaallaan;Almere Hout;25,0;0,5;0,0;0,0;0,0;0,0
FL_IJM;NL:Q:58710110;Nachtegaallaan;Almere Hout;0,7;25,8;0,0;0,0;0,0;0,0
FL_IJM;NL:Q:58710120;Stichtsekant;Almere Hout;0,0;0,0;0,0;0,0;0,0;0,0
FL_IJM;NL:Q:59700010;Stichtse Brug;Almere Hout;0,4;0,2;0,1;0,2;0,1;0,2
LLS;NL:Q:15003520;Crematorium;Assen;11,4;9,2;6,0;5,5;2,5;2,4
LLS;NL:Q:49000010;Bouwweg;Lelystad;5,0;5,1;0,4;0,6;0,2;0,2
LLS;NL:Q:49000020;Atolplaza;Lelystad;6,7;6,7;1,8;1,7;0,8;1,0
LLS;NL:Q:49000030;Atolplaza;Lelystad;6,7;6,7;1,8;1,7;0,8;1,0
LLS;NL:Q:49000040;Ziekenhuis;Lelystad;8,9;21,0;4,6;11,1;1,7;5,2
LLS;NL:Q:49000050;Lelycentre;Lelystad;46,9;44,1;24,6;25,4;9,1;9,3
LLS;NL:Q:49000060;Rotondebrug;Lelystad;10,3;5,9;2,3;2,2;1,8;1,8
LLS;NL:Q:49000070;Rotondebrug;Lelystad;10,3;5,9;2,3;2,2;1,8;1,8
LLS;NL:Q:49000080;Politiebrug;Lelystad;4,6;6,5;1,9;2,5;1,2;1,5
LLS;NL:Q:49000101;Lelycentre;Lelystad;46,9;44,1;24,6;25,4;9,1;9,3
LLS;NL:Q:49000110;Plantagebrug;Lelystad;7,2;5,0;3,2;2,3;1,3;0,7
LLS;NL:Q:49000120;Plantagebrug;Lelystad;7,2;5,0;3,2;2,3;1,3;0,7
LLS;NL:Q:49000130;Zwembad De Koploper;Lelystad;2,7;2,9;2,8;2,6;0,8;0,8
LLS;NL:Q:49000140;Zwembad De Koploper;Lelystad;2,7;2,9;2,8;2,6;0,8;0,8
LLS;NL:Q:49000150;Oostkaap;Lelystad;5,6;5,3;2,7;2,9;0,8;0,8
LLS;NL:Q:49000162;Oostkaap;Lelystad;5,6;5,3;2,7;2,9;0,8;0,8
LLS;NL:Q:49000170;Centrumbrug;Lelystad;6,4;9,7;4,3;5,0;2,8;4,3
LLS;NL:Q:49000171;Centrumbrug;Lelystad;6,4;9,7;4,3;5,0;2,8;4,3
LLS;NL:Q:49000180;Oostvaardersbrug;Lelystad;15,1;13,6;9,5;6,7;3,0;3,0
LLS;NL:Q:49000220;Bingerden;Lelystad;15,0;16,4;3,9;4,3;1,8;2,2
LLS;NL:Q:49000240;Vecht;Lelystad;9,4;9,6;4,0;4,2;2,1;2,2
LLS;NL:Q:49000250;Vecht;Lelystad;9,4;9,6;4,0;4,2;2,1;2,2
LLS;NL:Q:49000280;Gooisebrug;Lelystad;7,3;25,2;2,8;5,9;1,3;2,8
LLS;NL:Q:49000290;Schouwbrug;Lelystad;0,4;2,4;0,2;1,0;0,1;0,6
LLS;NL:Q:49000300;Schouwbrug;Lelystad;0,4;2,4;0,2;1,0;0,1;0,6
LLS;NL:Q:49000310;Rijnland;Lelystad;0,2;3,4;0,3;1,3;0,0;0,4
LLS;NL:Q:49000320;Bongerd;Lelystad;8,0;8,5;4,3;4,1;1,7;1,6
LLS;NL:Q:49000330;Bongerd;Lelystad;8,0;8,5;4,3;4,1;1,7;1,6
LLS;NL:Q:49000340;Botterbrug;Lelystad;0,7;1,4;0,3;0,4;0,1;0,2
LLS;NL:Q:49000350;Botterbrug;Lelystad;0,7;1,4;0,3;0,4;0,1;0,2
LLS;NL:Q:49000370;Reygersbeek;Lelystad;7,8;3,6;5,1;2,6;3,8;1,5
LLS;NL:Q:49000380;Eaglelaan;Lelystad;0,8;0,5;0,2;0,1;0,0;0,0
LLS;NL:Q:49000400;Albatroslaan;Lelystad;1,2;0,8;0,2;0,1;0,0;0,0
LLS;NL:Q:49000430;Oostrandbrug;Lelystad;0,2;0,3;0,1;0,2;0,0;0,0
LLS;NL:Q:49000440;Val van Urk;Lelystad;13,9;14,6;6,4;6,7;3,0;3,6
LLS;NL:Q:49000450;Val van Urk;Lelystad;13,9;14,6;6,4;6,7;3,0;3,6
LLS;NL:Q:49000470;Oostrandbrug;Lelystad;0,2;0,3;0,1;0,2;0,0;0,0
LLS;NL:Q:49000520;Houtribhoogte;Lelystad;0,2;0,2;0,0;0,1;0,0;0,0
LLS;NL:Q:49000530;Schroefstraat;Lelystad;2,7;3,5;0,5;0,7;0,1;0,4
LLS;NL:Q:49000540;Schroefstraat;Lelystad;2,7;3,5;0,5;0,7;0,1;0,4
LLS;NL:Q:49000550;Langezand;Lelystad;3,3;3,4;1,9;1,9;0,6;0,6
LLS;NL:Q:49000560;Langezand;Lelystad;3,3;3,4;1,9;1,9;0,6;0,6
LLS;NL:Q:49000580;Parkhaven;Lelystad;0,3;0,3;0,0;0,0;0,0;0,0
LLS;NL:Q:49000600;Werkeiland;Lelystad;3,9;6,3;2,1;3,6;1,4;1,9
LLS;NL:Q:49000610;Werkeiland;Lelystad;3,9;6,3;2,1;3,6;1,4;1,9
LLS;NL:Q:49000620;Monnickendamstraat;Lelystad-Haven;25,0;31,5;13,6;16,8;5,4;7,8
LLS;NL:Q:49000630;Lemmerkade;Lelystad-Haven;13,8;7,4;8,4;4,7;4,6;2,4
LLS;NL:Q:49000640;Hondsdraf;Lelystad;0,0;0,0;0,0;0,0;0,0;0,0
LLS;NL:Q:49000660;Lemmerkade;Lelystad-Haven;13,8;7,4;8,4;4,7;4,6;2,4
LLS;NL:Q:49000670;Ringdijk;Lelystad-Haven;51,6;47,8;34,2;32,7;12,0;12,8
LLS;NL:Q:49000700;Houtribhoogte;Lelystad;0,2;0,2;0,0;0,1;0,0;0,0
LLS;NL:Q:49000710;Warande;Lelystad;6,6;6,1;3,1;2,9;1,1;1,1
LLS;NL:Q:49000720;Warande;Lelystad;6,6;6,1;3,1;2,9;1,1;1,1
LLS;NL:Q:49000730;H. Bekiusschool - De Rede;Lelystad;1,4;1,4;0,0;0,0;0,0;0,0
LLS;NL:Q:49000750;Vlieterbrug;Lelystad;8,8;9,6;3,6;5,4;3,1;3,6
LLS;NL:Q:49000800;Vlieterbrug;Lelystad;8,8;9,6;3,6;5,4;3,1;3,6
LLS;NL:Q:49000830;Golfparkbrug;Lelystad;0,0;0,1;0,0;0,0;0,0;0,0
LLS;NL:Q:49000870;Houtribsluis;Lelystad;0,0;0,1;0,1;0,0;0,0;0,0
LLS;NL:Q:49000900;Parlaan;Lelystad;0,1;0,2;0,0;0,0;0,0;0,0
LLS;NL:Q:49000910;Parlaan;Lelystad;0,1;0,2;0,0;0,0;0,0;0,0
LLS;NL:Q:49000940;Bronsweg;Lelystad;0,0;0,0;0,0;0,0;0,0;0,0
LLS;NL:Q:49000950;Bronsweg;Lelystad;0,0;0,0;0,0;0,0;0,0;0,0
LLS;NL:Q:49000960;Beginweg;Lelystad;0,0;0,1;0,0;0,0;0,0;0,0
LLS;NL:Q:49000970;Beginweg;Lelystad;0,0;0,1;0,0;0,0;0,0;0,0
LLS;NL:Q:49000980;Jagersveld;Lelystad;0,1;0,0;0,0;0,0;0,0;0,0
LLS;NL:Q:49000990;Jagersveld;Lelystad;0,1;0,0;0,0;0,0;0,0;0,0
LLS;NL:Q:49001000;Buitenhof;Lelystad;0,8;0,8;0,3;0,4;0,0;0,0
LLS;NL:Q:49001020;Hondsdraf;Lelystad;0,0;0,0;0,0;0,0;0,0;0,0
LLS;NL:Q:49001210;Houtribweg;Lelystad;0,7;0,3;0,0;0,0;0,0;0,0
LLS;NL:Q:49001220;Houtribweg;Lelystad;0,7;0,3;0,0;0,0;0,0;0,0
LLS;NL:Q:49001440;Geulbrug;Lelystad;2,5;0,9;1,0;0,8;0,5;0,4
LLS;NL:Q:49001450;Geulbrug;Lelystad;2,5;0,9;1,0;0,8;0,5;0,4
LLS;NL:Q:49001540;Gorsbrug;Lelystad;2,8;1,1;0,4;0,4;0,1;0,1
LLS;NL:Q:49001550;Gorsbrug;Lelystad;2,8;1,1;0,4;0,4;0,1;0,1
LLS;NL:Q:49001650;Agora;Lelystad;8,4;15,0;3,7;5,4;2,2;3,8
LLS;NL:Q:49001670;Salland;Lelystad;1,7;1,7;0,8;0,7;0,2;0,2
LLS;NL:Q:49001680;Salland;Lelystad;1,7;1,7;0,8;0,7;0,2;0,2
LLS;NL:Q:49001690;Salland;Lelystad;1,7;1,7;0,8;0,7;0,2;0,2
LLS;NL:Q:49001700;Agora;Lelystad;8,4;15,0;3,7;5,4;2,2;3,8
LLS;NL:Q:49001730;Veluwezoom;Lelystad;5,7;6,0;1,7;1,9;0,5;0,6
LLS;NL:Q:49001740;Veluwezoom;Lelystad;5,7;6,0;1,7;1,9;0,5;0,6
LLS;NL:Q:49001750;Baronie;Lelystad;6,1;5,8;3,4;2,9;1,5;1,1
LLS;NL:Q:49001760;Baronie;Lelystad;6,1;5,8;3,4;2,9;1,5;1,1
LLS;NL:Q:49002300;Jol West;Lelystad;4,2;3,9;2,6;2,4;0,6;0,6
LLS;NL:Q:49002310;Jol West;Lelystad;4,2;3,9;2,6;2,4;0,6;0,6
LLS;NL:Q:49002400;Winkelcentrum Jol;Lelystad;22,7;20,4;12,8;13,1;4,4;5,2
LLS;NL:Q:49002410;Winkelcentrum Jol;Lelystad;22,7;20,4;12,8;13,1;4,4;5,2
LLS;NL:Q:49002500;Punter Zuid;Lelystad;0,4;5,2;0,2;3,2;0,1;1,2
LLS;NL:Q:49002510;Punter Zuid;Lelystad;0,4;5,2;0,2;3,2;0,1;1,2
LLS;NL:Q:49002600;Punter;Lelystad;13,6;7,9;7,7;4,2;2,6;1,8
LLS;NL:Q:49002610;Punter;Lelystad;13,6;7,9;7,7;4,2;2,6;1,8
LLS;NL:Q:49002700;Gondel Noord;Lelystad;6,0;5,3;2,5;2,5;1,0;0,9
LLS;NL:Q:49002710;Gondel Noord;Lelystad;6,0;5,3;2,5;2,5;1,0;0,9
LLS;NL:Q:49002900;Winkelcentrum Kempenaar;Lelystad;6,0;6,9;2,5;3,0;0,0;0,0
LLS;NL:Q:49002910;Winkelcentrum Kempenaar;Lelystad;6,0;6,9;2,5;3,0;0,0;0,0
LLS;NL:Q:49003000;Kempenaar Midden;Lelystad;4,2;6,8;1,6;2,8;0,0;0,0
LLS;NL:Q:49003010;Kempenaar Midden;Lelystad;4,2;6,8;1,6;2,8;0,0;0,0
LLS;NL:Q:49003250;Ziekenhuis;Lelystad;8,9;21,0;4,6;11,1;1,7;5,2
LLS;NL:Q:49003300;De Hoven;Lelystad;4,3;12,2;1,3;4,3;0,3;1,9
LLS;NL:Q:49003320;De Hoven;Lelystad;4,3;12,2;1,3;4,3;0,3;1,9
LLS;NL:Q:49003360;'t Laar;Lelystad;1,0;1,2;0,5;0,6;0,2;0,3
LLS;NL:Q:49003370;'t Laar;Lelystad;1,0;1,2;0,5;0,6;0,2;0,3
LLS;NL:Q:49003500;Wold;Lelystad;10,6;7,9;4,0;3,4;1,4;2,0
LLS;NL:Q:49003510;Wold;Lelystad;10,6;7,9;4,0;3,4;1,4;2,0
LLS;NL:Q:49003600;Winkelcentrum Kamp;Lelystad;20,3;19,1;10,5;11,1;4,5;5,9
LLS;NL:Q:49003610;Winkelcentrum Kamp;Lelystad;20,3;19,1;10,5;11,1;4,5;5,9
LLS;NL:Q:49003700;Horst;Lelystad;7,9;6,8;3,6;3,4;1,1;1,3
LLS;NL:Q:49003710;Horst;Lelystad;7,9;6,8;3,6;3,4;1,1;1,3
LLS;NL:Q:49003900;Nienoord;Lelystad;13,3;11,3;5,0;5,1;2,4;2,9
LLS;NL:Q:49004000;Nienoord;Lelystad;13,3;11,3;5,0;5,1;2,4;2,9
LLS;NL:Q:49004110;Slotenlaan;Lelystad;11,4;9,2;6,0;5,5;2,5;2,4
LLS;NL:Q:49004120;Slotenlaan;Lelystad;11,4;9,2;6,0;5,5;2,5;2,4
LLS;NL:Q:49004240;Oostzeestraat;Lelystad;56,4;52,5;33,4;33,0;13,8;14,8
LLS;NL:Q:49004250;Oostzeestraat;Lelystad;56,4;52,5;33,4;33,0;13,8;14,8
LLS;NL:Q:49004270;Westhoven;Lelystad;2,4;4,1;0,6;1,4;0,3;0,5
LLS;NL:Q:49004340;Zwartezeestraat;Lelystad;21,6;21,5;10,8;10,6;4,5;4,8
LLS;NL:Q:49004350;Zwartezeestraat;Lelystad;21,6;21,5;10,8;10,6;4,5;4,8
LLS;NL:Q:49004500;De Rietlanden;Lelystad;4,9;4,5;0,6;0,6;0,3;0,2
LLS;NL:Q:49004510;Penitentiaire Inrichting;Lelystad;7,8;3,2;2,3;0,7;0,7;0,2
LLS;NL:Q:49004550;De Rietlanden;Lelystad;4,9;4,5;0,6;0,6;0,3;0,2
LLS;NL:Q:49004900;Bouwweg;Lelystad;5,0;5,1;0,4;0,6;0,2;0,2
LLS;NL:Q:49005010;Station Centrum;Lelystad;160,7;145,5;88,6;78,1;43,4;35,1
LLS;NL:Q:49005020;Station Centrum;Lelystad;160,7;145,5;88,6;78,1;43,4;35,1
LLS;NL:Q:49005030;Station Centrum;Lelystad;160,7;145,5;88,6;78,1;43,4;35,1
LLS;NL:Q:49005040;Station Centrum;Lelystad;160,7;145,5;88,6;78,1;43,4;35,1
LLS;NL:Q:49005050;Station Centrum;Lelystad;160,7;145,5;88,6;78,1;43,4;35,1
LLS;NL:Q:49005060;Station Centrum;Lelystad;160,7;145,5;88,6;78,1;43,4;35,1
LLS;NL:Q:49005070;Station Centrum;Lelystad;160,7;145,5;88,6;78,1;43,4;35,1
LLS;NL:Q:49005150;Vestebrug;Lelystad;4,7;4,3;1,8;1,5;0,9;1,0
LLS;NL:Q:49005200;Vestebrug;Lelystad;4,7;4,3;1,8;1,5;0,9;1,0
LLS;NL:Q:49005250;Schansbrug;Lelystad;1,0;2,6;0,5;1,0;0,2;0,2
LLS;NL:Q:49005300;Schansbrug;Lelystad;1,0;2,6;0,5;1,0;0,2;0,2
LLS;NL:Q:49005350;Politiebrug;Lelystad;4,6;6,5;1,9;2,5;1,2;1,5
LLS;NL:Q:49005400;Oostranddreef;Lelystad;0,2;0,2;0,1;0,2;0,0;0,0
LLS;NL:Q:49005550;Karveelbrug;Lelystad;4,3;5,2;2,1;2,2;1,6;2,2
LLS;NL:Q:49005600;Karveelbrug;Lelystad;4,3;5,2;2,1;2,2;1,6;2,2
LLS;NL:Q:49005650;Kempenaarbrug;Lelystad;8,3;9,2;4,4;5,0;3,2;3,9
LLS;NL:Q:49005700;Kempenaarbrug;Lelystad;8,3;9,2;4,4;5,0;3,2;3,9
LLS;NL:Q:49005750;Boeierbrug;Lelystad;9,9;10,1;4,1;5,1;2,2;2,7
LLS;NL:Q:49005800;Boeierbrug;Lelystad;9,9;10,1;4,1;5,1;2,2;2,7
LLS;NL:Q:49005850;Bataviahaven;Lelystad;9,7;9,7;9,1;7,8;5,2;4,1
LLS;NL:Q:49005920;Batavia Stad;Lelystad;106,7;126,7;128,5;148,0;85,2;97,0
LLS;NL:Q:49006460;Gondel Zuid;Lelystad;7,6;7,3;4,8;4,3;1,3;1,3
LLS;NL:Q:49006470;Gondel Zuid;Lelystad;7,6;7,3;4,8;4,3;1,3;1,3
LLS;NL:Q:49007200;Vaartweg;Lelystad;12,0;15,8;2,6;3,2;0,4;0,7
LLS;NL:Q:49007250;Vaartweg;Lelystad;12,0;15,8;2,6;3,2;0,4;0,7
LLS;NL:Q:49007530;Galjoenbrug;Lelystad;1,9;2,7;0,9;1,2;0,5;0,8
LLS;NL:Q:49007540;Galjoenbrug;Lelystad;1,9;2,7;0,9;1,2;0,5;0,8
LLS;NL:Q:49007850;Tjalk/Groenhorst;Lelystad;4,9;6,3;1,7;1,8;0,7;1,0
LLS;NL:Q:49007860;Tjalk/Groenhorst;Lelystad;4,9;6,3;1,7;1,8;0,7;1,0
LLS;NL:Q:49007870;Winkelcentrum Tjalk;Lelystad;9,1;9,6;5,7;7,2;2,4;2,8
LLS;NL:Q:49007880;Winkelcentrum Tjalk;Lelystad;9,1;9,6;5,7;7,2;2,4;2,8
LLS;NL:Q:49008050;Winkelcentrum Botter;Lelystad;7,7;9,8;4,6;6,1;1,8;2,5
LLS;NL:Q:49008060;Winkelcentrum Botter;Lelystad;7,7;9,8;4,6;6,1;1,8;2,5
LLS;NL:Q:49008150;Schoener;Lelystad;7,7;5,4;3,8;2,5;1,4;1,2
LLS;NL:Q:49008160;Schoener;Lelystad;7,7;5,4;3,8;2,5;1,4;1,2
LLS;NL:Q:49008250;Stuwweg;Lelystad;8,0;11,0;1,6;2,1;0,4;0,6
LLS;NL:Q:49008260;Stuwweg;Lelystad;8,0;11,0;1,6;2,1;0,4;0,6
LLS;NL:Q:49008290;Haagwinde;Lelystad;1,4;2,4;0,5;0,6;0,2;0,2
LLS;NL:Q:49008300;Haagwinde;Lelystad;1,4;2,4;0,5;0,6;0,2;0,2
LLS;NL:Q:49008310;Klaproos;Lelystad;5,3;4,3;2,5;2,0;1,0;0,9
LLS;NL:Q:49008320;Klaproos;Lelystad;5,3;4,3;2,5;2,0;1,0;0,9
LLS;NL:Q:49008330;Hollandse Hout;Lelystad;6,2;7,7;2,3;3,2;0,8;1,1
LLS;NL:Q:49008830;Palazzo;Lelystad;2,2;3,1;0,7;1,5;1,0;1,2
LLS;NL:Q:49008840;Palazzo;Lelystad;2,2;3,1;0,7;1,5;1,0;1,2
LLS;NL:Q:49009090;Duinbeek;Lelystad;18,6;18,1;4,7;5,0;2,4;2,6
LLS;NL:Q:49009095;Duinbeek;Lelystad;18,6;18,1;4,7;5,0;2,4;2,6
LLS;NL:Q:49110010;Airport Plaza;Lelystad;1,7;2,1;1,2;1,5;0,8;1,0
LLS;NL:Q:49110030;Aviodrome;Lelystad;2,0;4,0;2,8;3,5;1,5;2,4
LLS;NL:Q:49110240;Larserpoort;Lelystad;2,1;1,4;0,2;0,2;0,2;0,2
LLS;NL:Q:49110250;Larserpoort;Lelystad;2,1;1,4;0,2;0,2;0,2;0,2
LLS;NL:Q:49110280;Larserpoort;Lelystad;2,1;1,4;0,2;0,2;0,2;0,2
LLS;NL:Q:49110290;Larserpoort;Lelystad;2,1;1,4;0,2;0,2;0,2;0,2
LLS;NL:Q:49110300;Giant/Pascallaan;Lelystad;5,3;6,7;0,9;0,4;0,2;0,0
LLS;NL:Q:49110330;Inditex / Mac3;Lelystad;13,2;22,8;2,7;5,0;2,6;5,8
LLS;NL:Q:49110340;Omroep Flevoland;Lelystad;1,7;1,5;0,2;0,3;0,1;0,1
LLS;NL:Q:49110350;Omroep Flevoland;Lelystad;1,7;1,5;0,2;0,3;0,1;0,1
OV_IJM;NL:Q:16000030;Station;Meppel;3,2;0,0;0,0;0,0;0,0;0,0
OV_IJM;NL:Q:16000250;Station;Meppel;0,0;3,1;0,0;0,0;0,0;0,0
OV_IJM;NL:Q:16000600;Burg. Knopperslaan;Meppel;0,0;0,8;0,0;0,0;0,0;0,0
OV_IJM;NL:Q:16000610;Burg. Knopperslaan;Meppel;0,8;0,0;0,0;0,0;0,0;0,0
OV_IJM;NL:Q:16000710;Steenwijkerstraatweg;Meppel;0,0;0,0;0,0;0,0;0,0;0,0
OV_IJM;NL:Q:16000720;Steenwijkerstraatweg;Meppel;0,0;0,4;0,0;0,0;0,0;0,0
OV_IJM;NL:Q:16001010;Hugo de Grootstraat;Meppel;2,6;0,1;0,0;0,0;0,0;0,0
OV_IJM;NL:Q:16001020;Hugo de Grootstraat;Meppel;0,1;2,7;0,0;0,0;0,0;0,0
OV_IJM;NL:Q:16100010;Perceel 3;Nijeveen;0,1;0,4;0,0;0,0;0,0;0,0
OV_IJM;NL:Q:16100020;Perceel 3;Nijeveen;0,0;0,1;0,0;0,0;0,0;0,0
OV_IJM;NL:Q:16100060;Thijs van Urklaan;Kolderveen;0,0;0,0;0,0;0,0;0,0;0,0
OV_IJM;NL:Q:16180050;Redder;Staphorst;0,1;0,0;0,0;0,0;0,0;0,0
OV_IJM;NL:Q:16180060;Redder;Staphorst;0,0;0,0;0,0;0,0;0,0;0,0
OV_IJM;NL:Q:16180080;Reggersweg;Staphorst;0,0;0,0;0,0;0,0;0,0;0,0
OV_IJM;NL:Q:16180100;Vlakkenweg;Staphorst;0,0;0,0;0,0;0,0;0,0;0,0
OV_IJM;NL:Q:16180110;Vlakkenweg;Staphorst;0,0;0,0;0,0;0,0;0,0;0,0
OV_IJM;NL:Q:16180120;Geerligsland;Staphorst;0,0;0,0;0,0;0,0;0,0;0,0
OV_IJM;NL:Q:16180130;Geerligsland;Staphorst;0,0;0,0;0,0;0,0;0,0;0,0
OV_IJM;NL:Q:16180140;Jan Arendsland;Staphorst;0,0;0,0;0,0;0,0;0,0;0,0
OV_IJM;NL:Q:16180150;Jan Arendsland;Staphorst;0,0;0,0;0,0;0,0;0,0;0,0
OV_IJM;NL:Q:16180160;Snelweg;Staphorst;0,0;0,0;0,0;0,0;0,0;0,0
OV_IJM;NL:Q:16180170;Snelweg;Staphorst;0,0;0,0;0,0;0,0;0,0;0,0
OV_IJM;NL:Q:16180210;Hoogeweg;Staphorst;0,0;0,0;0,0;0,0;0,0;0,0
OV_IJM;NL:Q:16180220;Bergerslag;Staphorst;0,0;0,0;0,0;0,0;0,0;0,0
OV_IJM;NL:Q:16180240;Gemeentehuis;Staphorst;0,0;0,0;0,0;0,0;0,0;0,0
OV_IJM;NL:Q:16180340;Pieter Zandt College;Staphorst;0,0;0,0;0,0;0,0;0,0;0,0
OV_IJM;NL:Q:16280250;Conradsweg;Rouveen;0,0;0,0;0,0;0,0;0,0;0,0
OV_IJM;NL:Q:16280280;Dekkersweg;Rouveen;0,0;0,0;0,0;0,0;0,0;0,0
OV_IJM;NL:Q:16280290;Dekkersweg;Rouveen;0,0;0,0;0,0;0,0;0,0;0,0
OV_IJM;NL:Q:16300010;Gemeentehuis;Steenwijk;0,3;8,2;0,0;0,3;0,0;0,1
OV_IJM;NL:Q:16300020;Gemeentehuis;Steenwijk;6,7;0,6;0,2;0,0;0,1;0,0
OV_IJM;NL:Q:16300030;Vendelweg;Steenwijk;1,2;6,4;0,0;2,5;0,0;0,6
OV_IJM;NL:Q:16300040;Vendelweg;Steenwijk;6,7;1,0;1,7;0,0;1,5;0,0
OV_IJM;NL:Q:16300050;Matthijs Kiersstraat;Steenwijk;2,9;3,2;0,7;2,1;0,5;0,7
OV_IJM;NL:Q:16300070;Matthijs Kiersstraat;Steenwijk;3,4;0,2;2,1;0,0;0,9;0,0
OV_IJM;NL:Q:16301020;Station;Steenwijk;15,5;6,2;0,0;0,0;0,0;0,0
OV_IJM;NL:Q:16380190;Busstation;Lichtmis;0,0;0,0;0,0;0,0;0,0;0,0
OV_IJM;NL:Q:24350010;Spin;De Blesse;0,2;0,0;0,0;0,0;0,0;0,0
OV_IJM;NL:Q:24350020;Spin;De Blesse;0,0;0,1;0,0;0,0;0,0;0,0
OV_IJM;NL:Q:24350030;Bovenweg;De Blesse;0,4;0,7;0,0;0,0;0,0;0,0
OV_IJM;NL:Q:24350040;Bovenweg;De Blesse;0,5;0,0;0,0;0,0;0,0;0,0
OV_IJM;NL:Q:24350050;Friese Veldweg;De Blesse;0,1;1,0;0,0;0,0;0,0;0,0
OV_IJM;NL:Q:24350060;Friese Veldweg;De Blesse;0,4;0,1;0,0;0,0;0,0;0,0
OV_IJM;NL:Q:24350070;Lagebroekweg;Blesdijke;0,8;0,0;0,0;0,0;0,0;0,0
OV_IJM;NL:Q:24350080;Lagebroekweg;Blesdijke;0,0;0,7;0,0;0,0;0,0;0,0
OV_IJM;NL:Q:24350620;Noord;De Blesse;6,0;7,0;0,0;0,0;0,0;0,0
OV_IJM;NL:Q:24450030;Marijenkampen;Marijenkampen;0,2;0,1;0,0;0,0;0,0;0,0
OV_IJM;NL:Q:24450050;Eikenlaan;Willemsoord;0,0;0,2;0,0;0,0;0,0;0,0
OV_IJM;NL:Q:24450060;Eikenlaan;Willemsoord;0,1;0,0;0,0;0,0;0,0;0,0
OV_IJM;NL:Q:24450080;Marijenkampen;Marijenkampen;0,6;0,2;0,0;0,0;0,0;0,0
OV_IJM;NL:Q:24451400;'t Centrum;Steenwijkerwold;5,6;1,1;0,0;0,0;0,0;0,0
OV_IJM;NL:Q:24451800;Willemsoord;Willemsoord;2,0;0,4;0,0;0,0;0,0;0,0
OV_IJM;NL:Q:24451810;Willemsoord;Willemsoord;0,2;1,8;0,0;0,0;0,0;0,0
OV_IJM;NL:Q:24510020;Frieseweg;Oldemarkt;1,3;6,2;0,0;0,0;0,0;0,0
OV_IJM;NL:Q:24510040;Koningin Julianaweg;Oldemarkt;1,1;1,3;0,0;0,0;0,0;0,0
OV_IJM;NL:Q:24510060;Parochiehuis;Oldemarkt;0,4;4,2;0,0;0,0;0,0;0,0
OV_IJM;NL:Q:24510070;Kruisstraat;Oldemarkt;0,6;0,5;0,0;0,0;0,0;0,0
OV_IJM;NL:Q:24510080;Kruisstraat;Oldemarkt;0,4;0,4;0,0;0,0;0,0;0,0
OV_IJM;NL:Q:24510090;De Boterberg;Oldemarkt;0,6;0,6;0,0;0,0;0,0;0,0
OV_IJM;NL:Q:24510100;De Boterberg;Oldemarkt;0,8;0,1;0,0;0,0;0,0;0,0
OV_IJM;NL:Q:24550030;Zuidveen;Zuidveen;0,7;2,1;0,0;0,5;0,1;0,1
OV_IJM;NL:Q:24550040;Zuidveen;Zuidveen;2,8;0,8;0,2;0,1;0,2;0,1
OV_IJM;NL:Q:24550050;Groot Verlaat;Steenwijk;2,1;0,6;0,0;0,3;0,0;0,0
OV_IJM;NL:Q:24550060;Groot Verlaat;Steenwijk;0,6;2,7;0,1;0,2;0,0;0,0
OV_IJM;NL:Q:24550160;Dolderbrug;Steenwijk;0,5;1,3;0,0;0,0;0,0;0,0
OV_IJM;NL:Q:24550170;Dolderbrug;Steenwijk;0,9;0,4;0,0;0,0;0,0;0,0
OV_IJM;NL:Q:24550250;Station;Steenwijk;60,3;70,5;44,1;34,8;24,0;24,1
OV_IJM;NL:Q:24551420;'t Centrum;Steenwijkerwold;1,5;5,1;0,0;0,0;0,0;0,0
OV_IJM;NL:Q:24552310;Gemeentewerken;Tuk;0,6;0,2;0,0;0,0;0,0;0,0
OV_IJM;NL:Q:24552320;Gemeentewerken;Tuk;0,6;0,8;0,0;0,0;0,0;0,0
OV_IJM;NL:Q:24552330;Oldemarktseweg;Tuk;0,1;0,2;0,0;0,0;0,0;0,0
OV_IJM;NL:Q:24552340;Oldemarktseweg;Tuk;0,3;0,2;0,0;0,0;0,0;0,0
OV_IJM;NL:Q:24552350;Watertoren;Thij;0,0;0,1;0,0;0,0;0,0;0,0
OV_IJM;NL:Q:24552360;Watertoren;Thij;0,2;0,1;0,0;0,0;0,0;0,0
OV_IJM;NL:Q:24552370;Thij;Thij;0,1;0,2;0,0;0,0;0,0;0,0
OV_IJM;NL:Q:24552380;Thij;Thij;0,1;0,0;0,0;0,0;0,0;0,0
OV_IJM;NL:Q:24590100;Burchtstraat;Kuinre;5,9;2,3;0,0;0,0;0,0;0,0
OV_IJM;NL:Q:24610010;Venebosweg;Ossenzijl;0,8;0,3;0,0;0,0;0,0;0,0
OV_IJM;NL:Q:24610030;Kloosterdijk;Ossenzijl;0,3;0,1;0,0;0,0;0,0;0,0
OV_IJM;NL:Q:24610040;Kloosterdijk;Ossenzijl;0,1;0,0;0,0;0,0;0,0;0,0
OV_IJM;NL:Q:24622020;Busstation;Lemmer;0,0;0,0;0,0;0,0;0,0;0,0
OV_IJM;NL:Q:24625000;Busstation;Lemmer;0,0;0,0;0,0;0,0;0,0;0,0
OV_IJM;NL:Q:24680010;Uiterdijkenweg;Luttelgeest;0,4;0,0;0,0;0,0;0,0;0,0
OV_IJM;NL:Q:24680020;Uiterdijkenweg;Luttelgeest;0,0;0,2;0,0;0,0;0,0;0,0
OV_IJM;NL:Q:24750010;Zuivelfabriek;Kolderveen;0,0;0,0;0,0;0,0;0,0;0,0
OV_IJM;NL:Q:24750020;Zuivelfabriek;Kolderveen;0,0;0,0;0,0;0,0;0,0;0,0
OV_IJM;NL:Q:24750100;Nijeveenseweg;Meppel;0,0;0,0;0,0;0,0;0,0;0,0
OV_IJM;NL:Q:24750110;Nijeveenseweg;Meppel;0,0;0,0;0,0;0,0;0,0;0,0
OV_IJM;NL:Q:24820100;Creil;Creil;0,0;0,0;0,0;0,0;0,0;0,0
OV_IJM;NL:Q:24920060;Onderduikerspad;Espel;0,0;0,0;0,0;0,0;0,0;0,0
OV_IJM;NL:Q:24920110;Espel;Espel;0,0;0,0;0,0;0,0;0,0;0,0
OV_IJM;NL:Q:24920120;Espel;Espel;0,0;0,0;0,0;0,0;0,0;0,0
OV_IJM;NL:Q:25000010;Kettingstraat;Emmeloord;0,1;12,2;0,0;2,4;0,0;0,8
OV_IJM;NL:Q:25000020;Kettingstraat;Emmeloord;1,9;0,0;0,8;0,0;0,4;0,0
OV_IJM;NL:Q:25000030;Lange Dreef;Emmeloord;0,0;1,7;0,0;0,8;0,0;0,4
OV_IJM;NL:Q:25000040;Lange Dreef;Emmeloord;0,6;0,0;0,3;0,0;0,1;0,0
OV_IJM;NL:Q:25000050;Bunschotenlaan;Emmeloord;0,0;5,7;0,0;2,0;0,0;1,3
OV_IJM;NL:Q:25000070;Emmeloord - Oost;Emmeloord;0,0;2,7;0,0;0,5;0,0;0,0
OV_IJM;NL:Q:25000080;Emmeloord - Oost;Emmeloord;1,3;0,0;0,1;0,0;0,0;0,0
OV_IJM;NL:Q:25000100;Diemenlaan;Emmeloord;4,8;0,0;1,4;0,0;1,1;0,0
OV_IJM;NL:Q:25000130;Ecopark;Emmeloord;0,6;0,0;0,1;0,0;0,0;0,0
OV_IJM;NL:Q:25000140;Ecopark;Emmeloord;0,0;1,1;0,0;0,3;0,0;0,0
OV_IJM;NL:Q:25000150;Diemenlaan;Emmeloord;0,0;7,3;0,0;1,9;0,0;1,2
OV_IJM;NL:Q:25000180;Produktieweg;Emmeloord;0,0;0,0;0,0;0,0;0,0;0,0
OV_IJM;NL:Q:25000210;Zuyderzee College;Emmeloord;4,7;0,5;1,4;0,0;1,8;0,0
OV_IJM;NL:Q:25000260;Zuyderzee College;Emmeloord;0,0;5,1;0,0;1,8;0,0;1,4
OV_IJM;NL:Q:25000500;Medisch Centrum;Emmeloord;8,9;0,0;0,8;0,1;0,0;0,0
OV_IJM;NL:Q:25000550;Medisch Centrum;Emmeloord;0,0;7,3;0,0;0,2;0,0;0,0
OV_IJM;NL:Q:25000600;Antonius Ziekenhuis;Emmeloord;12,5;0,0;1,2;0,0;0,1;0,0
OV_IJM;NL:Q:25000650;Antonius Ziekenhuis;Emmeloord;0,0;9,0;0,0;0,7;0,0;0,0
OV_IJM;NL:Q:25000700;Urkerweg 18;Emmeloord;0,5;0,0;0,1;0,0;0,0;0,0
OV_IJM;NL:Q:25001400;Smeden;Emmeloord;1,1;0,0;0,3;0,0;0,5;0,0
OV_IJM;NL:Q:25001450;Smeden;Emmeloord;0,0;5,1;0,0;1,9;0,0;1,0
OV_IJM;NL:Q:25005010;Busstation;Emmeloord;8,8;43,2;1,2;9,9;0,7;5,9
OV_IJM;NL:Q:25005012;Busstation;Emmeloord;0,0;0,0;0,0;0,0;0,0;0,0
OV_IJM;NL:Q:25005013;Busstation;Emmeloord;20,6;6,3;7,2;1,5;3,8;10,0
OV_IJM;NL:Q:25005014;Busstation;Emmeloord;0,2;172,5;0,1;44,0;0,9;19,1
OV_IJM;NL:Q:25005021;Busstation;Emmeloord;150,8;0,1;35,0;0,1;38,7;0,8
OV_IJM;NL:Q:25005022;Busstation;Emmeloord;0,1;1,4;0,0;0,0;0,0;0,0
OV_IJM;NL:Q:25005023;Busstation;Emmeloord;0,0;0,1;0,0;0,0;0,0;0,0
OV_IJM;NL:Q:25060010;Brink;Luttelgeest;0,1;0,3;0,0;0,0;0,0;0,0
OV_IJM;NL:Q:25060020;Brink;Luttelgeest;0,3;0,1;0,0;0,0;0,0;0,0
OV_IJM;NL:Q:25060030;Luttelgeesterweg;Luttelgeest;0,0;0,0;0,0;0,0;0,0;0,0
OV_IJM;NL:Q:25060040;Luttelgeesterweg;Luttelgeest;0,0;0,0;0,0;0,0;0,0;0,0
OV_IJM;NL:Q:25060050;Lindeweg;Luttelgeest;0,1;0,0;0,0;0,0;0,0;0,0
OV_IJM;NL:Q:25060060;Lindeweg;Luttelgeest;0,0;0,1;0,0;0,0;0,0;0,0
OV_IJM;NL:Q:25060070;Orchideeenhoeve;Luttelgeest;0,6;0,0;0,0;0,0;0,0;0,0
OV_IJM;NL:Q:25060080;Orchideeenhoeve;Luttelgeest;0,1;0,4;0,0;0,0;0,0;0,0
OV_IJM;NL:Q:25060090;Oosterringweg;Luttelgeest;3,1;0,3;0,0;0,0;0,0;0,0
OV_IJM;NL:Q:25060100;Oosterringweg;Luttelgeest;0,2;2,0;0,0;0,0;0,0;0,0
OV_IJM;NL:Q:25060110;Schansweg;Luttelgeest;0,0;0,0;0,0;0,0;0,0;0,0
OV_IJM;NL:Q:25060120;Schansweg;Luttelgeest;0,0;0,1;0,0;0,0;0,0;0,0
OV_IJM;NL:Q:25070010;Luttelgeesterweg;Marknesse;0,0;0,3;0,0;0,0;0,0;0,0
OV_IJM;NL:Q:25070020;Luttelgeesterweg;Marknesse;0,2;0,0;0,1;0,0;0,0;0,0
OV_IJM;NL:Q:25070030;H.D. Louwes Hoeve;Emmeloord;0,0;0,0;0,0;0,0;0,0;0,0
OV_IJM;NL:Q:25070040;H.D. Louwes Hoeve;Emmeloord;0,0;0,0;0,0;0,0;0,0;0,0
OV_IJM;NL:Q:25070050;Lindeweg;Emmeloord;0,0;0,3;0,0;0,2;0,0;0,2
OV_IJM;NL:Q:25070060;Lindeweg;Emmeloord;0,2;0,0;0,3;0,0;0,3;0,0
OV_IJM;NL:Q:25130100;Sloefweg;Ens;2,6;0,0;0,5;0,0;0,6;0,0
OV_IJM;NL:Q:25130150;Sloefweg;Ens;0,0;1,3;0,0;0,2;0,0;0,3
OV_IJM;NL:Q:25130200;Bomenweg;Emmeloord;0,6;0,0;0,2;0,0;0,1;0,0
OV_IJM;NL:Q:25130250;Bomenweg;Emmeloord;0,0;0,6;0,0;0,3;0,0;0,0
OV_IJM;NL:Q:25130300;Kleiweg;Emmeloord;0,3;0,0;0,2;0,0;0,2;0,0
OV_IJM;NL:Q:25130350;Kleiweg;Emmeloord;0,0;0,7;0,0;0,2;0,0;0,1
OV_IJM;NL:Q:25131500;Bunschotenlaan;Emmeloord;3,0;0,0;0,9;0,0;2,7;0,0
OV_IJM;NL:Q:25150050;Urkerweg 18;Emmeloord;0,0;0,3;0,0;0,0;0,0;0,0
OV_IJM;NL:Q:25150100;Urkerweg 34;Tollebeek;0,1;0,0;0,0;0,0;0,0;0,0
OV_IJM;NL:Q:25150150;Urkerweg 34;Tollebeek;0,0;0,1;0,0;0,0;0,0;0,0
OV_IJM;NL:Q:25150200;Sint Hubertusplaats;Tollebeek;9,5;0,0;1,1;0,0;0,0;0,0
OV_IJM;NL:Q:25150250;Sint Hubertusplaats;Tollebeek;0,0;9,3;0,0;1,2;0,0;0,0
OV_IJM;NL:Q:25150300;Urkerweg 46;Tollebeek;0,3;0,0;0,0;0,0;0,0;0,0
OV_IJM;NL:Q:25150350;Urkerweg 46;Tollebeek;0,0;0,0;0,0;0,0;0,0;0,0
OV_IJM;NL:Q:25150400;Urkerdwarspad;Urk;0,1;0,0;0,0;0,0;0,0;0,0
OV_IJM;NL:Q:25170030;Zwembad Voorst;Kraggenburg;0,0;0,2;0,0;0,0;0,0;0,0
OV_IJM;NL:Q:25170040;Zwembad Voorst;Kraggenburg;0,2;0,0;0,1;0,0;0,1;0,0
OV_IJM;NL:Q:25170050;Picknickplaats;Kraggenburg;0,0;0,2;0,0;0,1;0,0;0,0
OV_IJM;NL:Q:25170060;Picknickplaats;Kraggenburg;0,2;0,0;0,0;0,0;0,0;0,0
OV_IJM;NL:Q:25170070;Mammouthweg;Kraggenburg;0,0;0,2;0,0;0,0;0,0;0,0
OV_IJM;NL:Q:25170080;Mammouthweg;Kraggenburg;0,1;0,0;0,0;0,0;0,0;0,0
OV_IJM;NL:Q:25170090;Leemringweg/Sloefweg;Marknesse;0,0;0,3;0,0;0,1;0,0;0,0
OV_IJM;NL:Q:25170100;Leemringweg/Sloefweg;Marknesse;0,2;0,0;0,1;0,0;0,0;0,0
OV_IJM;NL:Q:25170110;Boslaan;Marknesse;0,0;0,0;0,0;0,0;0,0;0,0
OV_IJM;NL:Q:25170120;Boslaan;Marknesse;0,0;0,0;0,0;0,0;0,0;0,0
OV_IJM;NL:Q:25170211;Busstation;Marknesse;0,0;14,0;0,0;2,7;0,0;2,7
OV_IJM;NL:Q:25170212;Busstation;Marknesse;12,3;4,4;0,0;0,0;0,0;0,0
OV_IJM;NL:Q:25170213;Busstation;Marknesse;4,3;2,3;0,0;0,0;0,0;0,0
OV_IJM;NL:Q:25170221;Busstation;Marknesse;14,1;0,1;2,8;0,0;2,2;0,4
OV_IJM;NL:Q:25170223;Busstation;Marknesse;1,4;18,8;0,0;0,0;0,0;0,0
OV_IJM;NL:Q:25170230;Breestraat;Marknesse;9,3;0,1;1,5;0,1;1,1;0,0
OV_IJM;NL:Q:25170240;Breestraat;Marknesse;0,0;11,7;0,0;4,5;0,0;2,2
OV_IJM;NL:Q:25170250;Netl;Kraggenburg;0,0;0,7;0,0;0,4;0,0;0,2
OV_IJM;NL:Q:25170260;Netl;Kraggenburg;0,6;0,0;0,4;0,0;0,8;0,0
OV_IJM;NL:Q:25180010;Busstation;Blokzijl;11,6;14,9;0,0;0,0;0,0;0,0
OV_IJM;NL:Q:25180020;Busstation;Blokzijl;15,5;0,0;0,0;0,0;0,0;0,0
OV_IJM;NL:Q:25180030;Uiterdijkenweg;Marknesse;0,0;0,3;0,0;0,0;0,0;0,0
OV_IJM;NL:Q:25180040;Uiterdijkenweg;Marknesse;0,2;0,0;0,0;0,0;0,0;0,0
OV_IJM;NL:Q:25180050;Steenwijkerdwarsweg;Marknesse;0,5;0,0;0,0;0,0;0,0;0,0
OV_IJM;NL:Q:25180060;Steenwijkerdwarsweg;Marknesse;0,0;0,7;0,0;0,0;0,0;0,0
OV_IJM;NL:Q:25230030;Ens;Ens;0,0;28,1;0,0;8,8;0,0;4,3
OV_IJM;NL:Q:25230040;Ens;Ens;25,6;0,0;7,5;0,0;6,0;0,0
OV_IJM;NL:Q:25240010;Domineesweg;Nagele;0,0;0,0;0,0;0,0;0,0;0,0
OV_IJM;NL:Q:25250010;Singel;Urk;5,6;5,3;1,5;1,1;0,0;0,0
OV_IJM;NL:Q:25250050;Urkerdwarspad;Urk;0,0;0,3;0,0;0,0;0,0;0,0
OV_IJM;NL:Q:25250100;Urkerweg 60;Urk;0,5;0,0;0,1;0,0;0,0;0,0
OV_IJM;NL:Q:25250150;Urkerweg 60;Urk;0,0;0,7;0,0;0,2;0,0;0,0
OV_IJM;NL:Q:25250210;Ransuil;Urk;0,3;12,4;0,0;0,9;0,0;0,0
OV_IJM;NL:Q:25250220;Ransuil;Urk;9,3;0,0;1,2;0,0;0,0;0,0
OV_IJM;NL:Q:25250230;Winkelcentrum;Urk;0,6;20,3;0,1;2,8;0,0;0,0
OV_IJM;NL:Q:25250240;Winkelcentrum;Urk;20,4;0,1;2,3;0,0;0,0;0,0
OV_IJM;NL:Q:25250270;Vlaak;Urk;11,8;15,6;1,0;1,1;0,0;0,0
OV_IJM;NL:Q:25250300;Rotholm;Urk;10,3;7,9;0,9;0,5;0,0;0,0
OV_IJM;NL:Q:25250850;Lange Dam;Urk;8,2;10,4;0,5;0,6;0,0;0,0
OV_IJM;NL:Q:25250950;De Noord;Urk;4,1;6,5;0,4;0,7;0,0;0,0
OV_IJM;NL:Q:25251000;Gemeentehuis;Urk;9,1;9,4;1,3;1,4;0,0;0,0
OV_IJM;NL:Q:25270010;Clarenberglaan;Vollenhove;32,2;52,7;8,5;11,3;3,4;6,0
OV_IJM;NL:Q:25270020;Clarenberglaan;Vollenhove;53,8;0,1;11,0;0,0;6,8;0,0
OV_IJM;NL:Q:25270030;Kraggenburg;Kraggenburg;5,3;6,4;1,3;1,7;0,8;0,8
OV_IJM;NL:Q:25270110;Vollenhoverweg/NOP;Marknesse;0,0;0,3;0,0;0,2;0,0;0,2
OV_IJM;NL:Q:25270120;Vollenhoverweg/NOP;Marknesse;0,3;0,0;0,1;0,0;0,0;0,0
OV_IJM;NL:Q:25270130;Repelweg;Marknesse;0,0;0,3;0,0;0,3;0,0;0,2
OV_IJM;NL:Q:25270140;Repelweg;Marknesse;0,2;0,0;0,1;0,0;0,1;0,0
OV_IJM;NL:Q:25270150;Voorsterweg;Marknesse;0,0;1,2;0,0;0,2;0,0;0,2
OV_IJM;NL:Q:25270160;Voorsterweg;Marknesse;1,1;0,0;0,2;0,0;0,1;0,0
OV_IJM;NL:Q:25270170;Voorstersluis;Marknesse;0,0;0,1;0,0;0,1;0,0;0,0
OV_IJM;NL:Q:25270180;Voorstersluis;Marknesse;0,3;0,0;0,1;0,0;0,1;0,0
OV_IJM;NL:Q:25270190;Paardenweg;Kraggenburg;0,0;0,3;0,0;0,0;0,0;0,0
OV_IJM;NL:Q:25270200;Paardenweg;Kraggenburg;0,3;0,0;0,0;0,0;0,0;0,0
OV_IJM;NL:Q:25280010;Boomkwekerij;Scheerwolde;0,7;2,3;0,0;0,0;0,0;0,0
OV_IJM;NL:Q:25280020;Boomkwekerij;Scheerwolde;2,4;0,7;0,0;0,0;0,0;0,0
OV_IJM;NL:Q:25280050;Beenderribben;Wetering;0,6;0,1;0,0;0,0;0,0;0,0
OV_IJM;NL:Q:25280060;Beenderribben;Wetering;0,0;0,5;0,0;0,0;0,0;0,0
OV_IJM;NL:Q:25280070;Wetering;Wetering;0,7;0,1;0,0;0,0;0,0;0,0
OV_IJM;NL:Q:25280080;Wetering;Wetering;0,1;0,8;0,0;0,0;0,0;0,0
OV_IJM;NL:Q:25280090;Veldhuisweg;Baarlo;0,1;0,0;0,0;0,0;0,0;0,0
OV_IJM;NL:Q:25280100;Veldhuisweg;Baarlo;0,5;0,2;0,0;0,0;0,0;0,0
OV_IJM;NL:Q:25330300;Zwartemeerweg;Ens;2,5;0,0;1,0;0,0;1,1;0,0
OV_IJM;NL:Q:25330350;Zwartemeerweg;Ens;1,8;2,8;0,7;1,7;0,2;0,6
OV_IJM;NL:Q:25350010;Markeweg;Blesdijke;0,5;1,4;0,0;0,0;0,0;0,0
OV_IJM;NL:Q:25350020;Markeweg;Blesdijke;1,6;0,6;0,0;0,0;0,0;0,0
OV_IJM;NL:Q:25350030;Dalhoeve;Blesdijke;0,0;0,5;0,0;0,0;0,0;0,0
OV_IJM;NL:Q:25350040;Dalhoeve;Blesdijke;0,5;0,0;0,0;0,0;0,0;0,0
OV_IJM;NL:Q:25350060;Parochiehuis;Oldemarkt;5,5;0,4;0,0;0,0;0,0;0,0
OV_IJM;NL:Q:25350090;Frieseweg;Oldemarkt;6,9;1,5;0,0;0,0;0,0;0,0
OV_IJM;NL:Q:25350310;Koningin Julianaweg;Oldemarkt;1,9;1,0;0,0;0,0;0,0;0,0
OV_IJM;NL:Q:25370010;Heetveld;Heetveld;0,6;2,0;0,1;0,6;0,0;0,8
OV_IJM;NL:Q:25370020;Heetveld;Heetveld;1,6;0,5;0,8;0,1;0,7;0,0
OV_IJM;NL:Q:25370070;Prot Chr Basisschool;Heetveld;0,8;2,8;0,2;1,3;0,0;0,4
OV_IJM;NL:Q:25370080;Prot Chr Basisschool;Heetveld;2,9;0,7;1,3;0,1;0,4;0,0
OV_IJM;NL:Q:25380010;Jan van Nassauweg;Scheerwolde;0,2;0,9;0,0;0,0;0,0;0,0
OV_IJM;NL:Q:25380020;Jan van Nassauweg;Scheerwolde;1,0;0,2;0,0;0,0;0,0;0,0
OV_IJM;NL:Q:25380030;Smalleweg;Scheerwolde;0,0;0,0;0,0;0,0;0,0;0,0
OV_IJM;NL:Q:25380040;Smalleweg;Scheerwolde;0,1;0,0;0,0;0,0;0,0;0,0
OV_IJM;NL:Q:25430010;Noorderrandweg;Kampereiland;0,6;1,2;0,0;0,3;0,0;0,3
OV_IJM;NL:Q:25430020;Noorderrandweg;Kampereiland;0,9;0,9;0,4;0,0;0,3;0,0
OV_IJM;NL:Q:25430030;Rechterveldweg;Kampereiland;0,7;2,8;0,1;1,1;0,0;0,6
OV_IJM;NL:Q:25430040;Rechterveldweg;Kampereiland;3,1;1,2;1,4;0,4;0,6;0,2
OV_IJM;NL:Q:25430050;Natuurbad Seveningen;Kampereiland;0,1;0,3;0,1;0,2;0,0;0,1
OV_IJM;NL:Q:25430100;Nesweg;Kampereiland;0,0;0,0;0,0;0,0;0,0;0,0
OV_IJM;NL:Q:25430150;Nesweg;Kampereiland;0,1;0,1;0,0;0,0;0,0;0,0
OV_IJM;NL:Q:25430200;Kampereiland Kerk;Kampereiland;0,7;0,2;0,1;0,1;0,0;0,0
OV_IJM;NL:Q:25430250;Kampereiland Kerk;Kampereiland;0,3;0,7;0,0;0,0;0,0;0,0
OV_IJM;NL:Q:25430300;Witte Brug;Kampereiland;0,2;0,9;0,1;0,0;0,0;0,0
OV_IJM;NL:Q:25430350;Witte Brug;Kampereiland;0,8;0,3;0,0;0,1;0,0;0,0
OV_IJM;NL:Q:25430390;Dam-Noorddiep;Kampereiland;0,4;0,2;0,0;0,0;0,0;0,0
OV_IJM;NL:Q:25430400;Dam-Noorddiep;Kampereiland;0,0;0,0;0,0;0,0;0,0;0,0
OV_IJM;NL:Q:25450810;Kooystraat;Ossenzijl;1,6;2,2;0,0;0,0;0,0;0,0
OV_IJM;NL:Q:25450820;Kooystraat;Ossenzijl;2,5;1,3;0,0;0,0;0,0;0,0
OV_IJM;NL:Q:25450830;Venebosweg;Ossenzijl;0,0;1,0;0,0;0,0;0,0;0,0
OV_IJM;NL:Q:25470010;De Velde;De Velde;0,4;2,1;0,3;1,3;0,2;0,8
OV_IJM;NL:Q:25470020;De Velde;De Velde;1,6;0,5;1,0;0,2;0,6;0,1
OV_IJM;NL:Q:25470030;Busstation;Zwartsluis;38,6;93,1;16,8;33,5;7,1;19,7
OV_IJM;NL:Q:25470040;Busstation;Zwartsluis;91,1;41,2;28,1;13,8;15,8;6,5
OV_IJM;NL:Q:25470050;Bejaardencentrum;Zwartsluis;1,3;0,9;0,3;0,1;0,2;0,0
OV_IJM;NL:Q:25470060;Bejaardencentrum;Zwartsluis;2,9;1,1;0,1;0,4;0,0;0,2
OV_IJM;NL:Q:25470070;De Krieger;De Krieger;0,0;4,7;0,0;0,8;0,0;0,4
OV_IJM;NL:Q:25470080;De Krieger;De Krieger;3,9;0,2;0,7;0,0;0,4;0,0
OV_IJM;NL:Q:25470081;De Krieger;De Krieger;0,0;1,4;0,0;0,0;0,0;0,0
OV_IJM;NL:Q:25480010;Chr. Basisschool;Kamperzeedijk;2,7;0,7;0,0;0,0;0,0;0,0
OV_IJM;NL:Q:25480020;Chr. Basisschool;Kamperzeedijk;1,0;3,2;0,0;0,0;0,0;0,0
OV_IJM;NL:Q:25580010;Nieuweweg;Genemuiden;7,7;6,2;0,1;0,9;0,0;0,0
OV_IJM;NL:Q:25580020;Nieuweweg;Genemuiden;6,9;7,1;0,7;0,1;0,0;0,0
OV_IJM;NL:Q:25580030;'t TAG;Genemuiden;9,8;14,1;0,6;1,7;0,0;0,0
OV_IJM;NL:Q:25580040;'t TAG;Genemuiden;25,2;25,7;1,6;0,0;0,0;0,0
OV_IJM;NL:Q:25630010;Koekoeksgemaal;Grafhorst;0,1;0,0;0,0;0,0;0,0;0,0
OV_IJM;NL:Q:25630020;Koekoeksgemaal;Grafhorst;0,0;0,0;0,0;0,0;0,0;0,0
OV_IJM;NL:Q:25630030;Vahl;IJsselmuiden;0,3;2,0;0,0;0,0;0,0;0,0
OV_IJM;NL:Q:25630040;Vahl;IJsselmuiden;1,3;0,4;0,0;0,0;0,0;0,0
OV_IJM;NL:Q:25630050;Fuite;IJsselmuiden;0,0;0,3;0,0;0,0;0,0;0,0
OV_IJM;NL:Q:25630060;Fuite;IJsselmuiden;0,1;0,0;0,0;0,0;0,0;0,0
OV_IJM;NL:Q:25630070;Plasweg;IJsselmuiden;0,2;0,2;0,0;0,0;0,0;0,0
OV_IJM;NL:Q:25630080;Plasweg;IJsselmuiden;0,2;0,3;0,0;0,0;0,0;0,0
OV_IJM;NL:Q:25630090;Groenendael;IJsselmuiden;0,2;0,8;0,0;0,0;0,0;0,0
OV_IJM;NL:Q:25630100;Groenendael;IJsselmuiden;0,6;0,2;0,0;0,0;0,0;0,0
OV_IJM;NL:Q:25630110;R.K. Kerk;IJsselmuiden;0,3;0,8;0,0;0,0;0,0;0,0
OV_IJM;NL:Q:25630120;R.K. Kerk;IJsselmuiden;0,6;0,2;0,0;0,0;0,0;0,0
OV_IJM;NL:Q:25670010;H. van Viandenplein;Hasselt;0,5;4,0;0,0;0,0;0,0;0,0
OV_IJM;NL:Q:25670020;H. van Viandenplein;Hasselt;3,3;0,6;0,0;0,0;0,0;0,0
OV_IJM;NL:Q:25670030;Centrum;Hasselt;26,7;141,4;7,3;47,9;2,2;20,2
OV_IJM;NL:Q:25670040;Centrum;Hasselt;187,7;77,0;55,9;18,5;20,0;2,1
OV_IJM;NL:Q:25680010;Sluis;Beukers;0,0;0,1;0,2;0,1;0,0;0,0
OV_IJM;NL:Q:25680020;Sluis;Beukers;0,0;0,0;0,0;0,0;0,0;0,0
OV_IJM;NL:Q:25680030;Blauwe Hand;Blauwe Hand;1,4;1,7;0,5;2,0;0,1;1,0
OV_IJM;NL:Q:25680040;Blauwe Hand;Blauwe Hand;1,9;1,6;1,5;0,5;1,3;0,1
OV_IJM;NL:Q:25780010;Dominee Hylkemaweg;Giethoorn;13,4;5,0;29,2;6,4;16,4;4,4
OV_IJM;NL:Q:25780020;Dominee Hylkemaweg;Giethoorn;4,8;14,2;4,3;31,4;2,4;16,0
OV_IJM;NL:Q:25780030;Kerkweg;Giethoorn;2,8;0,7;1,1;0,3;0,5;0,0
OV_IJM;NL:Q:25780040;Kerkweg;Giethoorn;0,8;3,1;0,0;1,7;0,1;0,9
OV_IJM;NL:Q:25780050;Hotel Harmonie;Giethoorn;0,6;0,3;0,5;0,2;0,6;0,4
OV_IJM;NL:Q:25780060;Hotel Harmonie;Giethoorn;0,3;0,8;0,4;0,7;0,5;0,2
OV_IJM;NL:Q:25830110;Oranjesingel;Kampen;4,2;1,7;0,3;0,4;0,0;0,0
OV_IJM;NL:Q:25830170;Station Zuid;Kampen;16,6;17,5;0,0;0,0;0,0;0,0
OV_IJM;NL:Q:25830190;Station Zuid;Kampen;27,3;23,9;5,9;5,9;0,0;0,0
OV_IJM;NL:Q:25830270;Leeghwaterstraat;Kampen;4,2;2,5;0,6;0,7;0,0;0,0
OV_IJM;NL:Q:25830280;Beekmanstraat;Kampen;3,6;2,9;0,5;0,8;0,0;0,0
OV_IJM;NL:Q:25830290;Amandelboom;Kampen;3,6;1,5;0,3;0,1;0,0;0,0
OV_IJM;NL:Q:25830300;Andoorn;Kampen;4,7;1,2;0,6;0,3;0,0;0,0
OV_IJM;NL:Q:25830310;Sterrekroos;Kampen;6,0;0,9;0,9;0,2;0,0;0,0
OV_IJM;NL:Q:25830320;Hilbert v Dijkstraat;Kampen;6,4;0,8;0,5;0,1;0,0;0,0
OV_IJM;NL:Q:25830330;Doctor Kolfflaan;Kampen;5,6;0,6;0,2;0,1;0,0;0,0
OV_IJM;NL:Q:25830340;Colijnlaan;Kampen;10,1;1,7;1,1;0,4;0,0;0,0
OV_IJM;NL:Q:25830360;Ommelandsingel;Kampen;3,3;0,4;0,6;0,2;0,0;0,0
OV_IJM;NL:Q:25830480;Bovenbroeksweg;Kampen;0,9;0,4;0,2;0,2;0,0;0,0
OV_IJM;NL:Q:25830490;Bovenbroeksweg;Kampen;0,3;1,1;0,2;0,3;0,0;0,0
OV_IJM;NL:Q:25830500;Loriestraat;Kampen;17,0;3,0;0,2;0,2;0,0;0,0
OV_IJM;NL:Q:25830510;Loriestraat;Kampen;5,0;9,0;0,6;0,1;0,0;0,0
OV_IJM;NL:Q:46000570;Dokter Hengeveldweg;Zwolle;1,0;1,0;0,0;0,0;0,0;0,0
OV_IJM;NL:Q:46001000;Park de Wezenlanden;Zwolle;0,3;2,7;0,0;0,0;0,0;0,0
OV_IJM;NL:Q:46001100;Assendorperdijk;Zwolle;0,3;5,3;0,0;0,0;0,0;0,0
OV_IJM;NL:Q:46001542;Dokter Hengeveldweg;Zwolle;0,6;1,3;0,0;0,0;0,0;0,0
OV_IJM;NL:Q:46001560;Isala ziekenhuis;Zwolle;0,7;15,6;0,0;0,0;0,0;0,0
OV_IJM;NL:Q:46001750;Provinciehuis;Zwolle;0,2;5,1;0,0;0,0;0,0;0,0
OV_IJM;NL:Q:46002960;Blaloweg/Hasselterweg;Zwolle;4,5;23,7;0,3;1,6;0,3;0,7
OV_IJM;NL:Q:46003240;Herenweg;Zwolle;0,0;0,0;0,0;0,0;0,0;0,0
OV_IJM;NL:Q:46004026;Station;Zwolle;47,1;19,7;0,0;0,0;0,0;0,0
OV_IJM;NL:Q:46004027;Station;Zwolle;229,3;196,3;76,8;66,5;53,8;49,8
OV_IJM;NL:Q:46004030;Station;Zwolle;45,6;49,1;0,0;0,0;0,0;0,0
OV_IJM;NL:Q:46004032;Station;Zwolle;0,8;13,4;0,0;0,0;0,0;0,0
OV_IJM;NL:Q:46004180;De Ruyterplein;Zwolle;0,0;0,1;0,0;0,0;0,0;0,0
OV_IJM;NL:Q:46004190;Corn. Houtmanstraat;Zwolle;0,2;0,1;0,0;0,0;0,0;0,0
OV_IJM;NL:Q:46004195;Corn. Houtmanstraat;Zwolle;0,2;0,2;0,0;0,0;0,0;0,0
OV_IJM;NL:Q:46004210;Herenweg;Zwolle;0,1;0,1;0,0;0,0;0,0;0,0
OV_IJM;NL:Q:46004500;Trompstraat;Zwolle;0,4;1,1;0,0;0,0;0,0;0,0
OV_IJM;NL:Q:46004530;Stadion;Zwolle;3,5;1,8;0,0;0,0;0,0;0,0
OV_IJM;NL:Q:46004740;Park de Wezenlanden;Zwolle;1,9;2,7;0,0;0,0;0,0;0,0
OV_IJM;NL:Q:46004760;Assendorperdijk;Zwolle;3,8;1,5;0,0;0,0;0,0;0,0
OV_IJM;NL:Q:46006255;Isala ziekenhuis;Zwolle;13,7;1,1;0,0;0,0;0,0;0,0
OV_IJM;NL:Q:46006400;Campus;Zwolle;34,3;0,3;0,0;0,0;0,0;0,0
OV_IJM;NL:Q:46006450;Campus;Zwolle;0,0;29,8;0,0;0,0;0,0;0,0
OV_IJM;NL:Q:46006600;Blaloweg/Rieteweg;Zwolle;4,3;3,3;0,4;0,4;0,3;0,7
OV_IJM;NL:Q:46006650;Blaloweg/Rieteweg;Zwolle;3,2;4,9;0,2;1,0;0,2;0,4
OV_IJM;NL:Q:46007010;Vrolijkheid;Zwolle;0,8;0,3;0,0;0,0;0,0;0,0
OV_IJM;NL:Q:46008380;Provinciehuis;Zwolle;3,2;1,0;0,0;0,0;0,0;0,0
OV_IJM;NL:Q:46008390;Trompstraat;Zwolle;1,2;0,4;0,0;0,0;0,0;0,0
OV_IJM;NL:Q:46008580;Stadion;Zwolle;0,4;7,0;0,0;0,0;0,0;0,0
OV_IJM;NL:Q:46010010;Vrolijkheid;Zwolle;0,0;0,7;0,0;0,0;0,0;0,0
OV_IJM;NL:Q:46010030;Zwembad/Landstede;Zwolle;4,0;5,4;0,0;0,0;0,0;0,0
OV_IJM;NL:Q:46010040;Zwembad/Landstede;Zwolle;0,1;6,9;0,0;0,0;0,0;0,0
OV_IJM;NL:Q:46100040;Katerdijk;zwolle;65,7;7,5;2,1;0,5;1,4;0,6
OV_IJM;NL:Q:46100050;Katerdijk;zwolle;9,3;88,1;0,5;1,9;0,5;1,2
OV_IJM;NL:Q:46100320;Breecamp;Zwolle;8,9;2,8;3,4;0,7;2,3;0,2
OV_IJM;NL:Q:46100330;Breecamp;Zwolle;2,3;8,0;0,9;2,8;0,3;2,0
OV_IJM;NL:Q:46104021;Katwolderplein/centrum;Zwolle;92,2;13,7;46,9;1,0;21,2;4,3
OV_IJM;NL:Q:46104022;Katwolderplein/centrum;Zwolle;27,0;71,0;6,4;50,5;5,6;18,6
OV_IJM;NL:Q:46120010;Havezatheweg;Genne;0,0;0,0;0,0;0,0;0,0;0,0
OV_IJM;NL:Q:46120020;Havezatheweg;Genne;0,0;0,0;0,0;0,0;0,0;0,0
OV_IJM;NL:Q:46120090;Bergkloosterweg;Zwolle;0,8;0,2;0,0;0,0;0,0;0,0
OV_IJM;NL:Q:46120120;Vechtbrug;Zwolle;0,0;0,1;0,0;0,0;0,0;0,0
OV_IJM;NL:Q:46120140;Bergkloosterweg;Zwolle;0,0;0,9;0,0;0,0;0,0;0,0
OV_IJM;NL:Q:46120160;Campherbeeklaan;Zwolle;0,1;0,7;0,0;0,0;0,0;0,0
OV_IJM;NL:Q:46120200;Campherbeeklaan;Zwolle;0,0;0,3;0,0;0,0;0,0;0,0
OV_IJM;NL:Q:46120410;Vechtbrug;Zwolle;0,5;0,1;0,0;0,0;0,0;0,0
OV_IJM;NL:Q:46120430;Vechterstrand;Genne;0,0;0,0;0,0;0,0;0,0;0,0
OV_IJM;NL:Q:46120440;Vechterstrand;Genne;0,0;0,0;0,0;0,0;0,0;0,0
OV_IJM;NL:Q:46120450;Doornweg/Vechtdijk;Genne;0,0;0,0;0,0;0,0;0,0;0,0
OV_IJM;NL:Q:46120460;Doornweg/Vechtdijk;Genne;0,0;0,0;0,0;0,0;0,0;0,0
OV_IJM;NL:Q:46120470;Vijfhoekweg;Genne;0,0;0,0;0,0;0,0;0,0;0,0
OV_IJM;NL:Q:46120480;Vijfhoekweg;Genne;0,0;0,0;0,0;0,0;0,0;0,0
OV_IJM;NL:Q:46120490;Dashorstweg;Genne;0,0;0,0;0,0;0,0;0,0;0,0
OV_IJM;NL:Q:46120500;Dashorstweg;Genne;0,0;0,0;0,0;0,0;0,0;0,0
OV_IJM;NL:Q:46120510;Klinkerweg;Genne;0,0;0,1;0,0;0,0;0,0;0,0
OV_IJM;NL:Q:46120520;Klinkerweg;Genne;0,1;0,0;0,0;0,0;0,0;0,0
OV_IJM;NL:Q:46120530;Glinthuisweg;Genne;0,0;0,0;0,0;0,0;0,0;0,0
OV_IJM;NL:Q:46120540;Glinthuisweg;Genne;0,0;0,0;0,0;0,0;0,0;0,0
OV_IJM;NL:Q:46120560;Verkavelingsweg;Genne;0,1;0,0;0,0;0,0;0,0;0,0
OV_IJM;NL:Q:46120730;Verkavelingsweg;Genne;0,0;0,0;0,0;0,0;0,0;0,0
OV_IJM;NL:Q:46301120;Industrieweg;Hasselt;3,8;2,5;0,8;0,1;0,4;0,1
OV_IJM;NL:Q:46302010;Zandvoortweg;Hasselt;0,0;0,1;0,0;0,0;0,0;0,0
OV_IJM;NL:Q:46302030;De Baak;Hasselt;0,2;2,8;0,0;0,0;0,0;0,0
OV_IJM;NL:Q:46302040;De Baak;Hasselt;3,4;0,2;0,0;0,0;0,0;0,0
OV_IJM;NL:Q:46302050;Kerspel;Hasselt;0,2;2,7;0,0;0,0;0,0;0,0
OV_IJM;NL:Q:46302060;Kerspel;Hasselt;3,3;0,1;0,0;0,0;0,0;0,0
OV_IJM;NL:Q:46302070;Sportvelden;Hasselt;0,3;0,6;0,0;0,0;0,0;0,0
OV_IJM;NL:Q:46302080;Sportvelden;Hasselt;0,8;0,5;0,0;0,0;0,0;0,0
OV_IJM;NL:Q:46302090;Stadsweg;Hasselt;0,2;1,9;0,1;1,6;0,0;0,6
OV_IJM;NL:Q:46302100;Stadsweg;Hasselt;2,4;0,3;0,8;0,2;0,3;0,1
OV_IJM;NL:Q:46302110;Industrieweg;Hasselt;2,0;4,9;0,9;0,9;0,2;0,5
OV_IJM;NL:Q:46320010;Het Rode Dak;Genne;0,0;0,0;0,0;0,0;0,0;0,0
OV_IJM;NL:Q:46320020;Het Rode Dak;Genne;0,0;0,0;0,0;0,0;0,0;0,0
OV_IJM;NL:Q:46320040;Boerderijweg;Genne;0,0;0,0;0,0;0,0;0,0;0,0
OV_IJM;NL:Q:46320050;Boerderijweg;Genne;0,0;0,0;0,0;0,0;0,0;0,0
OV_IJM;NL:Q:46320060;Zandvoortweg;Hasselt;0,0;0,1;0,0;0,0;0,0;0,0
OV_IJM;NL:Q:46403010;Kloosterziel;De Velde;0,1;0,4;0,1;0,2;0,0;0,2
OV_IJM;NL:Q:46403020;Kloosterziel;De Velde;0,3;0,0;0,2;0,0;0,0;0,1
OV_IJM;NL:Q:46501010;Kranerweerd;Zwartsluis;0,5;4,2;0,2;1,9;0,1;0,9
OV_IJM;NL:Q:46501020;Kranerweerd;Zwartsluis;3,3;0,4;1,6;0,2;0,7;0,1
OV_IJM;NL:Q:46501030;Nieuwesluis;Zwartsluis;2,3;16,3;1,1;7,6;1,4;5,4
OV_IJM;NL:Q:46501040;Nieuwesluis;Zwartsluis;13,0;0,4;5,7;0,2;3,8;0,1
OV_IJM;NL:Q:46501050;Zomerdijk;Zwartsluis;0,1;0,2;0,1;0,1;0,0;0,0
OV_IJM;NL:Q:46501060;Zomerdijk;Zwartsluis;0,2;0,2;0,0;0,1;0,0;0,1
OV_IJM;NL:Q:46501070;Westeinde - Rotonde;Zwartsluis;0,5;9,5;0,2;2,2;0,2;1,6
OV_IJM;NL:Q:46501080;Westeinde - Rotonde;Zwartsluis;18,5;0,6;6,6;0,4;4,4;0,2
OV_IJM;NL:Q:46511010;De Noorde;Zwartsluis;2,3;0,6;0,5;0,5;0,2;1,0
OV_IJM;NL:Q:46511020;De Noorde;Zwartsluis;0,7;3,0;0,4;0,8;0,5;0,4
OV_IJM;NL:Q:46511030;Zieltje;Zwartsluis;0,5;0,1;0,1;0,0;0,0;0,0
OV_IJM;NL:Q:46511040;Zieltje;Zwartsluis;0,1;0,1;0,1;0,0;0,0;0,0
OV_IJM;NL:Q:46520010;Flevoweg;St.Jansklooster;10,6;3,6;2,6;0,5;1,9;0,3
OV_IJM;NL:Q:46520020;Flevoweg;St.Jansklooster;3,8;11,3;0,7;2,3;0,3;1,8
OV_IJM;NL:Q:46520030;Veneweg;St.Jansklooster;12,8;1,9;2,9;0,5;1,0;0,4
OV_IJM;NL:Q:46520040;Veneweg;St.Jansklooster;2,7;14,6;0,5;2,9;0,2;1,2
OV_IJM;NL:Q:46522010;Barsbeek;Heetveld;1,2;2,4;0,2;0,8;0,0;0,1
OV_IJM;NL:Q:46522020;Barsbeek;Heetveld;1,7;0,8;0,5;0,1;0,1;0,0
OV_IJM;NL:Q:46522070;Barsbeek 36;St. Jansklooster;1,5;1,7;0,1;0,3;0,0;0,1
OV_IJM;NL:Q:46522080;Barsbeek 36;St. Jansklooster;1,4;1,3;0,1;0,1;0,2;0,0
OV_IJM;NL:Q:46522090;Kadoelen;Kadoelen;0,3;1,1;0,0;0,4;0,0;0,1
OV_IJM;NL:Q:46522100;Kadoelen;Kadoelen;1,3;0,5;0,3;0,0;0,2;0,0
OV_IJM;NL:Q:46522110;Dennenbos;St.Jansklooster;0,0;0,8;0,0;0,0;0,0;0,0
OV_IJM;NL:Q:46522120;Dennenbos;St.Jansklooster;1,0;0,0;0,0;0,0;0,0;0,0
OV_IJM;NL:Q:46522130;Oldenhof Kadoelerweg;St.Jansklooster;0,0;0,2;0,0;0,0;0,0;0,0
OV_IJM;NL:Q:46522140;Oldenhof Kadoelerweg;St.Jansklooster;0,2;0,0;0,0;0,0;0,0;0,0
OV_IJM;NL:Q:46522150;Halleweg;St.Jansklooster;0,0;0,3;0,0;0,0;0,0;0,0
OV_IJM;NL:Q:46522160;Halleweg;St.Jansklooster;0,2;0,0;0,0;0,0;0,0;0,0
OV_IJM;NL:Q:46522170;Zuurbeek;St.Jansklooster;0,0;0,0;0,0;0,0;0,0;0,0
OV_IJM;NL:Q:46522180;Zuurbeek;St.Jansklooster;0,0;0,0;0,0;0,0;0,0;0,0
OV_IJM;NL:Q:46531010;Verlengde Duinweg;St.Jansklooster;0,5;1,9;0,0;0,3;0,0;0,2
OV_IJM;NL:Q:46531020;Verlengde Duinweg;St.Jansklooster;3,1;0,8;0,5;0,1;0,3;0,1
OV_IJM;NL:Q:46531030;Weyert;Vollenhove;4,9;10,5;0,4;1,9;0,2;1,1
OV_IJM;NL:Q:46531040;Weyert;Vollenhove;9,3;3,8;2,1;0,2;1,0;0,1
OV_IJM;NL:Q:46531050;Zwembad;Vollenhove;0,0;4,6;0,0;2,2;0,0;1,3
OV_IJM;NL:Q:46531060;Zwembad;Vollenhove;4,6;0,0;1,9;0,0;1,8;0,0
OV_IJM;NL:Q:46541010;Overtoom;Genemuiden;25,8;17,2;3,5;0,0;0,0;0,0
OV_IJM;NL:Q:46541020;Overtoom;Genemuiden;10,0;16,3;0,1;3,0;0,0;0,0
OV_IJM;NL:Q:46541030;Hervormd Centrum;Genemuiden;10,0;9,4;0,9;0,0;0,0;0,0
OV_IJM;NL:Q:46541040;Hervormd Centrum;Genemuiden;4,5;5,3;0,0;1,1;0,0;0,0
OV_IJM;NL:Q:46541050;De Meente;Genemuiden;7,4;11,3;0,0;2,9;0,0;0,0
OV_IJM;NL:Q:46541060;De Meente;Genemuiden;22,7;17,1;3,1;0,0;0,0;0,0
OV_IJM;NL:Q:46552010;Prinsenkeet;Genemuiden;0,0;0,0;0,0;0,0;0,0;0,0
OV_IJM;NL:Q:46552020;Prinsenkeet;Genemuiden;0,7;0,0;0,0;0,0;0,0;0,0
OV_IJM;NL:Q:46552030;Oude Stoomgemaal;Genemuiden;0,0;0,1;0,0;0,0;0,0;0,0
OV_IJM;NL:Q:46552040;Oude Stoomgemaal;Genemuiden;0,1;0,1;0,0;0,0;0,0;0,0
OV_IJM;NL:Q:46552050;Kamperzeedijk 21;Kamperzeedijk;0,6;0,0;0,0;0,0;0,0;0,0
OV_IJM;NL:Q:46552060;Kamperzeedijk 21;Kamperzeedijk;0,0;0,3;0,0;0,0;0,0;0,0
OV_IJM;NL:Q:46560010;Kamperzeedijk/West;Kamperzeedijk;0,3;0,1;0,0;0,0;0,0;0,0
OV_IJM;NL:Q:46560020;Kamperzeedijk/West;Kamperzeedijk;0,0;0,3;0,0;0,0;0,0;0,0
OV_IJM;NL:Q:46560030;Kamperzeedijk 141;Kamperzeedijk;0,3;0,0;0,0;0,0;0,0;0,0
OV_IJM;NL:Q:46560040;Kamperzeedijk 141;Kamperzeedijk;0,0;0,3;0,0;0,0;0,0;0,0
OV_IJM;NL:Q:46560050;Nieuwe Gemaal;Kamperzeedijk;0,1;0,0;0,0;0,0;0,0;0,0
OV_IJM;NL:Q:46560060;Nieuwe Gemaal;Kamperzeedijk;0,0;0,2;0,0;0,0;0,0;0,0
OV_IJM;NL:Q:46560070;Mandjeswaard;Grafhorst;0,2;0,1;0,0;0,0;0,0;0,0
OV_IJM;NL:Q:46560080;Mandjeswaard;Grafhorst;0,1;0,2;0,0;0,0;0,0;0,0
OV_IJM;NL:Q:46602010;Belterweg;Belt Schutsloot;0,5;0,6;0,2;0,1;0,2;0,0
OV_IJM;NL:Q:46602020;Belterweg;Belt Schutsloot;0,7;0,5;0,0;0,4;0,0;0,2
OV_IJM;NL:Q:46630110;Strandje;Belt Schutsloot;0,0;0,0;0,1;0,0;0,0;0,0
OV_IJM;NL:Q:46630120;Strandje;Belt Schutsloot;0,1;0,1;0,0;0,2;0,0;0,0
OV_IJM;NL:Q:46630130;Giethoorn Zuid;Giethoorn;0,9;0,4;2,2;1,0;1,1;0,4
OV_IJM;NL:Q:46630140;Giethoorn Zuid;Giethoorn;0,6;1,1;0,4;2,5;0,2;1,4
OV_IJM;NL:Q:46630150;Hollands Venetië;Giethoorn;2,5;0,9;3,2;1,3;3,9;1,3
OV_IJM;NL:Q:46630160;Hollands Venetië;Giethoorn;1,0;2,6;0,4;3,9;0,5;3,9
OV_IJM;NL:Q:46630170;Hervormde Kerk;Wanneperveen;0,0;0,1;0,0;0,0;0,0;0,0
OV_IJM;NL:Q:46630180;Hervormde Kerk;Wanneperveen;0,2;0,0;0,0;0,0;0,0;0,0
OV_IJM;NL:Q:46630190;Veldweg;Wanneperveen;0,0;0,1;0,0;0,0;0,0;0,0
OV_IJM;NL:Q:46630200;Veldweg;Wanneperveen;0,1;0,0;0,0;0,0;0,0;0,0
OV_IJM;NL:Q:46630210;Hotel Belterwiede;Wanneperveen;0,0;0,2;0,0;0,0;0,0;0,0
OV_IJM;NL:Q:46630220;Hotel Belterwiede;Wanneperveen;0,2;0,0;0,0;0,0;0,0;0,0
OV_IJM;NL:Q:46630230;Perceel 252;Wanneperveen;0,0;0,0;0,0;0,0;0,0;0,0
OV_IJM;NL:Q:46630240;Perceel 252;Wanneperveen;0,0;0,0;0,0;0,0;0,0;0,0
OV_IJM;NL:Q:46641030;Groene Kruis;Giethoorn;3,3;2,0;1,3;0,6;0,7;0,3
OV_IJM;NL:Q:46641040;Groene Kruis;Giethoorn;2,1;3,0;0,6;1,3;0,4;0,6
OV_IJM;NL:Q:46650010;Lindehof;Giethoorn;0,4;0,4;0,3;0,1;0,3;0,0
OV_IJM;NL:Q:46650020;Lindehof;Giethoorn;0,5;0,6;0,2;0,5;0,2;0,3
OV_IJM;NL:Q:46650030;Brug;Giethoorn;0,3;0,1;0,1;0,1;0,1;0,0
OV_IJM;NL:Q:46650040;Brug;Giethoorn;0,3;0,5;0,1;0,3;0,0;0,2
OV_IJM;NL:Q:46650050;Perceel 9;Giethoorn;0,2;0,0;0,1;0,0;0,1;0,0
OV_IJM;NL:Q:46650060;Perceel 9;Giethoorn;0,1;0,1;0,0;0,1;0,0;0,0
OV_IJM;NL:Q:46660010;Perceel 106;Kolderveen;0,0;0,0;0,0;0,0;0,0;0,0
OV_IJM;NL:Q:46660020;Perceel 106;Kolderveen;0,0;0,0;0,0;0,0;0,0;0,0
OV_IJM;NL:Q:46660030;Nieuwedijk;Dinxterveen;0,0;0,0;0,0;0,0;0,0;0,0
OV_IJM;NL:Q:46660040;Nieuwedijk;Dinxterveen;0,0;0,0;0,0;0,0;0,0;0,0
OV_IJM;NL:Q:46660050;Gasthuisdijk;Dinxterveen;0,0;0,1;0,0;0,0;0,0;0,0
OV_IJM;NL:Q:46660060;Gasthuisdijk;Dinxterveen;0,4;0,0;0,0;0,0;0,0;0,0
OV_IJM;NL:Q:46660070;Perceel 44;Dinxterveen;0,0;0,1;0,0;0,0;0,0;0,0
OV_IJM;NL:Q:46660080;Perceel 44;Dinxterveen;0,0;0,0;0,0;0,0;0,0;0,0
OV_IJM;NL:Q:46660090;Urkerpad;Wanneperveen;0,0;0,0;0,0;0,0;0,0;0,0
OV_IJM;NL:Q:46660100;Urkerpad;Wanneperveen;0,0;0,0;0,0;0,0;0,0;0,0
OV_IJM;NL:Q:46660110;Perceel 80;Wanneperveen;0,0;0,1;0,0;0,0;0,0;0,0
OV_IJM;NL:Q:46660120;Perceel 80;Wanneperveen;0,0;0,0;0,0;0,0;0,0;0,0
OV_IJM;NL:Q:46660130;Wethouder Vosstraat;Wanneperveen;0,1;0,5;0,0;0,0;0,0;0,0
OV_IJM;NL:Q:46660140;Wethouder Vosstraat;Wanneperveen;0,6;0,0;0,0;0,0;0,0;0,0
OV_IJM;NL:Q:46660160;Roege Hoeve;Wanneperveen;0,0;0,0;0,0;0,0;0,0;0,0
OV_IJM;NL:Q:46660170;'t Haagje;Wanneperveen;0,1;0,2;0,0;0,0;0,0;0,0
OV_IJM;NL:Q:46660180;'t Haagje;Wanneperveen;0,3;0,1;0,0;0,0;0,0;0,0
OV_IJM;NL:Q:47130010;Hasselterweg;Zwolle;7,5;7,4;3,6;1,8;2,8;1,9
OV_IJM;NL:Q:47130020;Hasselterweg;Zwolle;3,7;7,5;1,1;3,6;1,0;2,0
OV_IJM;NL:Q:47130030;Zwolseweg;Zwolle;0,2;0,6;0,2;0,2;0,0;0,1
OV_IJM;NL:Q:47130040;Zwolseweg;Zwolle;0,5;0,3;0,4;0,4;0,3;0,1
OV_IJM;NL:Q:47130100;Veecaten;'s-Heerenbroek;0,0;0,0;0,0;0,0;0,0;0,0
OV_IJM;NL:Q:47130150;Veecaten;'s-Heerenbroek;0,0;0,0;0,0;0,0;0,0;0,0
OV_IJM;NL:Q:47130200;Bisschopswetering;'s-Heerenbroek;0,3;0,8;0,0;0,0;0,0;0,0
OV_IJM;NL:Q:47130250;Bisschopswetering;'s-Heerenbroek;0,7;0,3;0,0;0,0;0,0;0,0
OV_IJM;NL:Q:47130300;Schoolsteeg;'s-Heerenbroek;0,0;0,0;0,0;0,0;0,0;0,0
OV_IJM;NL:Q:47130350;Schoolsteeg;'s-Heerenbroek;0,0;0,0;0,0;0,0;0,0;0,0
OV_IJM;NL:Q:47130400;Zwolseweg 56;'s-Heerenbroek;0,0;0,0;0,0;0,0;0,0;0,0
OV_IJM;NL:Q:47132520;Blaloweg/Hasselterweg;Zwolle;18,0;5,1;1,0;0,5;1,0;0,6
OV_IJM;NL:Q:47140160;Brinkweg;Zalk;0,1;0,0;0,0;0,0;0,0;0,0
OV_IJM;NL:Q:47150010;Stationslaan;Hattem;0,0;0,0;0,0;0,0;0,0;0,0
OV_IJM;NL:Q:47150290;IJsselbrug;Hattem;0,2;0,0;0,0;0,0;0,0;0,0
OV_IJM;NL:Q:47150310;Dorpsweg;Hattem;0,0;0,0;0,0;0,0;0,0;0,0
OV_IJM;NL:Q:47150320;De Bongerd;Hattem;0,0;0,0;0,0;0,0;0,0;0,0
OV_IJM;NL:Q:47150800;Burg Bijleveldsingel;Hattem;0,0;0,1;0,0;0,0;0,0;0,0
OV_IJM;NL:Q:47150900;Vechtstraat;Hattem;0,1;0,0;0,0;0,0;0,0;0,0
OV_IJM;NL:Q:47155005;Centrum;Hattem;0,2;0,2;0,0;0,0;0,0;0,0
OV_IJM;NL:Q:47155007;Noord;Hattem;0,1;0,0;0,0;0,0;0,0;0,0
OV_IJM;NL:Q:47155010;IJsselbrug;Hattem;0,1;0,3;0,0;0,0;0,0;0,0
OV_IJM;NL:Q:47230050;Zwolseweg 56;Wilsum;0,0;0,0;0,0;0,0;0,0;0,0
OV_IJM;NL:Q:47230100;Quarles v. Uffordweg;Wilsum;0,0;0,0;0,0;0,0;0,0;0,0
OV_IJM;NL:Q:47230130;Dorpsweg;Wilsum;0,0;0,0;0,0;0,0;0,0;0,0
OV_IJM;NL:Q:47230150;Quarles v. Uffordweg;Wilsum;0,0;0,0;0,0;0,0;0,0;0,0
OV_IJM;NL:Q:47230180;Westenbergstraat;Wilsum;0,0;0,0;0,0;0,0;0,0;0,0
OV_IJM;NL:Q:47230200;Wilsumersteeg;Wilsum;0,0;0,0;0,0;0,0;0,0;0,0
OV_IJM;NL:Q:47230250;Wilsumersteeg;Wilsum;0,1;0,1;0,0;0,0;0,0;0,0
OV_IJM;NL:Q:47230300;Zwolseweg 44;IJsselmuiden;0,0;0,0;0,0;0,0;0,0;0,0
OV_IJM;NL:Q:47320060;Brinkweg;Zalk;0,0;0,0;0,0;0,0;0,0;0,0
OV_IJM;NL:Q:47320080;Zalkerdijk;De Zande;0,1;0,2;0,0;0,0;0,0;0,0
OV_IJM;NL:Q:47320090;Zalkerdijk;De Zande;0,2;0,0;0,0;0,0;0,0;0,0
OV_IJM;NL:Q:47320110;Oase;Zalk;0,2;0,1;0,0;0,0;0,0;0,0
OV_IJM;NL:Q:47320120;Oase;Zalk;0,1;0,2;0,0;0,0;0,0;0,0
OV_IJM;NL:Q:47330120;Beneluxweg;Kampen;5,9;1,1;0,7;0,2;0,0;0,0
OV_IJM;NL:Q:47330130;Beneluxweg;Kampen;1,1;6,7;0,1;0,8;0,0;0,0
OV_IJM;NL:Q:47330140;Oosterlandenweg;IJsselmuiden;0,0;0,0;0,0;0,0;0,0;0,0
OV_IJM;NL:Q:47330150;IJsselbrug;Kampen;12,7;1,9;2,1;0,2;0,0;0,0
OV_IJM;NL:Q:47330160;Venedijk;Kampen;1,0;0,1;0,0;0,0;0,0;0,0
OV_IJM;NL:Q:47330170;Oosterlandenweg;IJsselmuiden;0,2;0,0;0,0;0,0;0,0;0,0
OV_IJM;NL:Q:47330200;IJsselbrug;Kampen;0,8;12,3;0,3;2,5;0,0;0,0
OV_IJM;NL:Q:47330201;IJsselbrug;Kampen;0,6;1,0;0,0;0,0;0,0;0,0
OV_IJM;NL:Q:47330210;IJsselbrug;Kampen;0,0;0,1;0,0;0,0;0,0;0,0
OV_IJM;NL:Q:47330220;Colijnlaan;Kampen;2,0;6,7;0,5;1,0;0,0;0,0
OV_IJM;NL:Q:47330230;Ommelandsingel;Kampen;0,4;6,6;0,1;1,1;0,0;0,0
OV_IJM;NL:Q:47330250;Van Heutszplein;Kampen;1,4;0,6;0,2;0,2;0,0;0,0
OV_IJM;NL:Q:47330300;Van Heutszplein;Kampen;0,5;5,3;0,1;0,4;0,0;0,0
OV_IJM;NL:Q:47331110;Drostenstraat;IJsselmuiden;0,0;0,0;0,0;0,0;0,0;0,0
OV_IJM;NL:Q:47331120;Drostenstraat;IJsselmuiden;0,0;0,0;0,0;0,0;0,0;0,0
OV_IJM;NL:Q:47331140;Markeresstraat;IJsselmuiden;0,0;0,0;0,0;0,0;0,0;0,0
OV_IJM;NL:Q:47331160;Slenkstraat;IJsselmuiden;0,0;0,0;0,0;0,0;0,0;0,0
OV_IJM;NL:Q:47331170;Slenkstraat;IJsselmuiden;0,0;0,0;0,0;0,0;0,0;0,0
OV_IJM;NL:Q:47331180;Burg. van Engelenweg;IJsselmuiden;0,4;0,6;0,0;0,0;0,0;0,0
OV_IJM;NL:Q:47331230;Doctor Kolfflaan;Kampen;0,6;6,4;0,3;0,4;0,0;0,0
OV_IJM;NL:Q:47331250;Amandelboom;Kampen;1,9;3,6;0,3;0,2;0,0;0,0
OV_IJM;NL:Q:47331270;Akelei;Kampen;1,4;5,9;0,2;0,7;0,0;0,0
OV_IJM;NL:Q:47331280;Akelei;Kampen;6,3;1,1;0,4;0,3;0,0;0,0
OV_IJM;NL:Q:47331310;Vijverhof;Kampen;1,8;2,6;0,0;0,0;0,0;0,0
OV_IJM;NL:Q:47331320;Vijverhof;Kampen;2,3;1,7;0,0;0,0;0,0;0,0
OV_IJM;NL:Q:47331900;Bovenhavenstraat;Kampen;1,5;1,1;0,0;0,0;0,0;0,0
OV_IJM;NL:Q:47332200;Koornmarkt;Kampen;0,6;0,5;0,0;0,0;0,0;0,0
OV_IJM;NL:Q:47332210;Koornmarkt;Kampen;0,0;0,1;0,0;0,0;0,0;0,0
OV_IJM;NL:Q:47332300;Bovenhavenstraat;Kampen;0,1;0,0;0,0;0,0;0,0;0,0
OV_IJM;NL:Q:47332310;Meenteweg;Grafhorst;1,6;0,9;0,0;0,0;0,0;0,0
OV_IJM;NL:Q:47332320;Meenteweg;Grafhorst;1,2;1,7;0,0;0,0;0,0;0,0
OV_IJM;NL:Q:47332600;Verzinkerij;IJsselmuiden;0,0;0,4;0,0;0,0;0,0;0,0
OV_IJM;NL:Q:47332700;Grafhorsterweg;IJsselmuiden;2,0;2,6;0,2;0,3;0,1;0,2
OV_IJM;NL:Q:47332750;Grafhorsterweg;IJsselmuiden;0,8;0,6;0,0;0,1;0,0;0,1
OV_IJM;NL:Q:47332800;Natuurbad Seveningen;Kampereiland;0,4;0,2;0,1;0,0;0,2;0,0
OV_IJM;NL:Q:47332850;Zwolseweg 44;IJsselmuiden;0,1;0,1;0,0;0,0;0,0;0,0
OV_IJM;NL:Q:47332950;Verzinkerij;IJsselmuiden;0,5;0,3;0,0;0,0;0,0;0,0
OV_IJM;NL:Q:47333250;Oranjesingel;Kampen;1,3;4,9;0,1;0,9;0,0;0,0
OV_IJM;NL:Q:47333300;Oostzeestraat;Kampen;3,1;2,4;0,2;0,1;0,0;0,0
OV_IJM;NL:Q:47333350;Oostzeestraat;Kampen;2,0;3,3;0,1;0,4;0,0;0,0
OV_IJM;NL:Q:47333410;Almere College;Kampen;1,2;4,7;0,0;0,0;0,0;0,0
OV_IJM;NL:Q:47333450;Almere College;Kampen;4,6;0,9;0,0;0,0;0,0;0,0
OV_IJM;NL:Q:47333500;Nijverheidsstraat;Kampen;3,2;9,2;0,0;0,0;0,0;0,0
OV_IJM;NL:Q:47333650;Hilbert v Dijkstraat;Kampen;1,0;4,9;0,1;0,5;0,0;0,0
OV_IJM;NL:Q:47333850;Beekmanstraat;Kampen;2,6;3,4;1,3;0,6;0,0;0,0
OV_IJM;NL:Q:47333950;Leeghwaterstraat;Kampen;2,8;2,7;0,9;0,6;0,0;0,0
OV_IJM;NL:Q:47334050;Sterrekroos;Kampen;1,0;5,9;0,3;0,9;0,0;0,0
OV_IJM;NL:Q:47334070;Ereprijs;Kampen;4,7;0,7;0,6;0,1;0,0;0,0
OV_IJM;NL:Q:47334150;Ereprijs;Kampen;1,1;5,5;0,1;0,8;0,0;0,0
OV_IJM;NL:Q:47334350;Andoorn;Kampen;0,7;3,2;0,2;1,1;0,0;0,0
OV_IJM;NL:Q:47334450;Tormentil;Kampen;1,3;3,5;0,3;0,5;0,0;0,0
OV_IJM;NL:Q:47334460;Tormentil;Kampen;4,1;1,4;0,4;0,4;0,0;0,0
OV_IJM;NL:Q:47335000;Station;Kampen;1,2;0,0;0,0;0,0;0,0;0,0
OV_IJM;NL:Q:47335010;Station;Kampen;8,0;60,1;1,0;5,8;0,0;0,0
OV_IJM;NL:Q:47335020;Station;Kampen;74,3;30,5;8,5;0,9;0,0;0,0
OV_IJM;NL:Q:47335030;Station;Kampen;59,6;197,0;12,8;48,3;6,4;37,5
OV_IJM;NL:Q:47335040;Station;Kampen;233,9;70,7;63,7;14,6;35,2;17,3
OV_IJM;NL:Q:47335050;Station;Kampen;33,8;31,1;0,0;0,0;0,0;0,0
OV_IJM;NL:Q:47335060;Station;Kampen;23,7;33,2;0,0;0,0;0,0;0,0
OV_IJM;NL:Q:47336000;Kalmoessingel;Kampen;10,2;3,5;0,0;0,0;0,0;0,0
OV_IJM;NL:Q:47336050;Kalmoessingel;Kampen;2,7;8,5;0,0;0,0;0,0;0,0
OV_IJM;NL:Q:47336100;GSG Pieter Zandt;Kampen;0,5;0,3;0,0;0,0;0,0;0,0
OV_IJM;NL:Q:47337010;Burg. van Engelenweg;IJsselmuiden;0,5;0,6;0,0;0,0;0,0;0,0
OV_IJM;NL:Q:47420010;Onderdijks;Kampen;0,0;0,0;0,0;0,0;0,0;0,0
OV_IJM;NL:Q:47420020;Onderdijks;Kampen;0,0;0,1;0,0;0,0;0,0;0,0
OV_IJM;NL:Q:47420150;Venedijk;Kampen;19,2;15,9;0,0;0,0;0,0;0,0
OV_IJM;NL:Q:47430050;Nijverheidsstraat;Kampen;11,6;4,0;0,0;0,0;0,0;0,0
OV_IJM;NL:Q:47430200;Roggebotsluis;Dronten;27,7;36,8;0,0;0,0;0,0;0,0
OV_IJM;NL:Q:47430250;Roggebotsluis;Dronten;35,3;0,1;0,0;0,0;0,0;0,0
OV_IJM;NL:Q:47430300;Oudebosweg;Dronten;0,7;0,0;0,0;0,0;0,0;0,0
OV_IJM;NL:Q:47530020;Ketelweg;Dronten;0,1;0,0;0,0;0,0;0,0;0,0
OV_IJM;NL:Q:47530050;Oudebosweg;Dronten;0,0;0,2;0,0;0,0;0,0;0,0
OV_IJM;NL:Q:49000050;Lelycentre;Lelystad;0,0;0,1;0,0;0,0;0,0;0,0
OV_IJM;NL:Q:49000060;Rotondebrug;Lelystad;0,0;0,0;0,0;0,0;0,0;0,0
OV_IJM;NL:Q:49000101;Lelycentre;Lelystad;0,0;0,0;0,0;0,0;0,0;0,0
OV_IJM;NL:Q:49001220;Houtribweg;Lelystad;0,0;0,0;0,0;0,0;0,0;0,0
OV_IJM;NL:Q:49005010;Station Centrum;Lelystad;0,1;0,2;0,0;0,0;0,0;0,0
OV_IJM;NL:Q:49009991;;;0,0;0,0;0,0;0,0;0,0;0,0
OV_IJM;NL:Q:49330050;Rietweg;Dronten;0,0;0,0;0,0;0,0;0,0;0,0
OV_IJM;NL:Q:49340010;Bloemenwijk;Swifterbant;0,0;0,0;0,0;0,0;0,0;0,0
OV_IJM;NL:Q:49340090;De Lange Streek;Swifterbant;0,0;0,0;0,0;0,0;0,0;0,0
OV_IJM;NL:Q:49430110;Manege;Dronten;0,0;0,0;0,0;0,0;0,0;0,0
OV_IJM;NL:Q:49430120;Manege;Dronten;0,0;0,0;0,0;0,0;0,0;0,0
OV_IJM;NL:Q:49430200;Baskenstraat;Dronten;0,0;0,0;0,0;0,0;0,0;0,0
OV_IJM;NL:Q:49430300;De Boeg;Dronten;0,0;0,0;0,0;0,0;0,0;0,0
OV_IJM;NL:Q:49430393;Station;Dronten;0,0;0,0;0,0;0,0;0,0;0,0
OV_IJM;NL:Q:49430421;Station;Dronten;0,0;0,1;0,0;0,0;0,0;0,0
OV_IJM;NL:Q:49430422;Station;Dronten;0,1;0,4;0,0;0,0;0,0;0,0
OV_IJM;NL:Q:49430423;Station;Dronten;0,0;0,1;0,0;0,0;0,0;0,0
OV_IJM;NL:Q:49430425;Station;Dronten;21,8;47,7;0,0;0,0;0,0;0,0
OV_IJM;NL:Q:49430430;Dukaat;Dronten;0,0;0,0;0,0;0,0;0,0;0,0
OV_IJM;NL:Q:49430450;Het Spaarne;Dronten;0,0;0,0;0,0;0,0;0,0;0,0
OV_IJM;NL:Q:49430480;Het Spaarne;Dronten;0,0;0,0;0,0;0,0;0,0;0,0
OV_IJM;NL:Q:49430490;Beiersgulden;Dronten;0,0;0,0;0,0;0,0;0,0;0,0
OV_IJM;NL:Q:49430520;Eurosingel;Dronten;0,0;0,0;0,0;0,0;0,0;0,0
OV_IJM;NL:Q:49430590;Aeres Hogeschool;Dronten;0,1;0,0;0,0;0,0;0,0;0,0
OV_IJM;NL:Q:49430600;Aeres Hogeschool;Dronten;0,0;0,0;0,0;0,0;0,0;0,0
OV_IJM;NL:Q:49430610;Beiersgulden;Dronten;0,1;0,0;0,0;0,0;0,0;0,0
OV_IJM;NL:Q:49430620;De Morgen;Dronten;0,0;0,0;0,0;0,0;0,0;0,0
OV_IJM;NL:Q:49430630;De Morgen;Dronten;0,0;0,0;0,0;0,0;0,0;0,0
OV_IJM;NL:Q:49430640;De Barrage;Dronten;0,0;0,0;0,0;0,0;0,0;0,0
OV_IJM;NL:Q:49430650;De Barrage;Dronten;0,0;0,0;0,0;0,0;0,0;0,0
OV_IJM;NL:Q:49430760;Centrum;Dronten;0,2;0,0;0,0;0,0;0,0;0,0
OV_IJM;NL:Q:49530010;Ketelweg;Dronten;0,0;0,1;0,0;0,0;0,0;0,0
OV_IJM;NL:Q:49530020;Hanzeweg 17;Dronten;0,0;0,0;0,0;0,0;0,0;0,0
OV_IJM;NL:Q:49530030;Hanzeweg 17;Dronten;0,1;0,1;0,0;0,0;0,0;0,0
SAN;DE:Q:80000510;Markt;Elten;1,1;0,2;0,0;0,0;0,0;0,0
SAN;DE:Q:80000520;Markt;Elten;0,3;0,7;0,0;0,0;0,0;0,0
SAN;DE:Q:80000530;Neustadt;Elten;0,5;0,0;0,0;0,0;0,0;0,0
SAN;DE:Q:80000540;Neustadt;Elten;0,0;0,8;0,0;0,0;0,0;0,0
SAN;DE:Q:80000560;Hauberg;Elten;0,0;0,1;0,0;0,0;0,0;0,0
SAN;DE:Q:80000570;Feldhausener Weg;Elten;0,1;0,0;0,0;0,0;0,0;0,0
SAN;DE:Q:80000580;Feldhausener Weg;Elten;0,0;0,1;0,0;0,0;0,0;0,0
SAN;DE:Q:80000590;Hauberg;Elten;0,0;0,0;0,0;0,0;0,0;0,0
SAN;NL:Q:40000090;Station Velperpoort;Arnhem;343,3;209,1;162,4;125,8;97,3;92,6
SAN;NL:Q:40000100;Station Velperpoort;Arnhem;237,9;302,8;134,3;135,7;88,0;80,5
SAN;NL:Q:40000110;Hoflaan;Arnhem;44,3;202,0;14,7;83,4;11,9;62,6
SAN;NL:Q:40000120;Hoflaan;Arnhem;205,4;49,7;77,1;13,2;49,9;11,5
SAN;NL:Q:40000130;Raapopseweg;Arnhem;26,1;70,9;7,7;32,0;5,7;13,0
SAN;NL:Q:40000140;Raapopseweg;Arnhem;125,8;52,0;59,8;15,5;34,8;11,0
SAN;NL:Q:40000150;Huyghenslaan;Arnhem;7,7;35,8;3,3;29,9;2,4;19,6
SAN;NL:Q:40000160;Huyghenslaan;Arnhem;32,2;9,2;27,3;2,8;16,0;2,4
SAN;NL:Q:40000170;Esperantolaan;Arnhem;7,1;34,3;5,4;25,4;2,4;15,1
SAN;NL:Q:40000180;Esperantolaan;Arnhem;25,0;6,0;20,9;4,8;12,8;1,1
SAN;NL:Q:40000190;Vondellaan;Arnhem;10,7;66,3;2,5;25,6;1,2;14,5
SAN;NL:Q:40000200;Vondellaan;Arnhem;57,1;12,4;26,1;4,4;16,2;1,7
SAN;NL:Q:40000220;Bronbeek;Arnhem;14,4;3,1;12,0;2,0;8,4;1,0
SAN;NL:Q:40000310;Dedelstraat;Arnhem;0,3;12,9;0,3;6,9;0,1;3,5
SAN;NL:Q:40000320;van Speykstraat;Arnhem;12,0;0,3;5,4;0,0;2,6;0,0
SAN;NL:Q:40000330;van Speykstraat;Arnhem;0,3;6,8;0,2;3,0;0,1;1,8
SAN;NL:Q:40000340;Delta;Arnhem;0,1;9,5;0,0;0,0;0,0;0,0
SAN;NL:Q:40000350;Delta;Arnhem;8,8;0,0;0,0;0,0;0,0;0,0
SAN;NL:Q:40000360;IJsseloord 1;Arnhem;15,3;0,4;4,0;0,1;1,7;0,1
SAN;NL:Q:40000370;IJsseloord 1;Arnhem;1,5;14,6;2,1;4,9;0,8;2,6
SAN;NL:Q:40000380;Meander;Arnhem;0,3;16,1;0,0;0,0;0,0;0,0
SAN;NL:Q:40000390;Meander;Arnhem;12,5;0,0;0,0;0,0;0,0;0,0
SAN;NL:Q:40000510;Museum Arnhem;Arnhem;13,1;13,5;8,5;5,9;5,4;3,2
SAN;NL:Q:40000520;Museum Arnhem;Arnhem;34,1;22,4;19,3;12,9;15,0;8,1
SAN;NL:Q:40000530;Zwarteweg;Arnhem;13,1;57,5;5,2;31,1;4,3;18,2
SAN;NL:Q:40000540;Zwarteweg;Arnhem;49,5;12,0;32,5;4,4;18,7;3,5
SAN;NL:Q:40000550;Oranjestraat;Arnhem;17,1;81,6;10,0;50,5;7,2;29,7
SAN;NL:Q:40000560;Oranjestraat;Arnhem;82,4;14,2;45,5;9,1;26,4;5,8
SAN;NL:Q:40000570;Klingelbeekseweg;Arnhem;1,6;20,0;1,0;7,4;0,3;4,0
SAN;NL:Q:40000580;Klingelbeekseweg;Arnhem;11,7;2,1;5,5;1,9;2,5;0,8
SAN;NL:Q:40000600;Arnhems Buiten;Arnhem;67,3;7,7;21,2;3,1;15,3;1,8
SAN;NL:Q:40000650;tunnel IJsseloord;Arnhem;6,4;21,7;2,9;6,9;1,7;4,1
SAN;NL:Q:40000660;tunnel IJsseloord;Arnhem;18,7;9,1;8,2;4,1;5,4;2,3
SAN;NL:Q:40000670;Blankenweg;Arnhem;9,4;31,8;2,8;14,7;1,8;8,7
SAN;NL:Q:40000680;Blankenweg;Arnhem;20,5;9,2;8,5;2,7;5,6;1,4
SAN;NL:Q:40000690;Dr. C. Lelyweg Noord;Arnhem;22,8;26,4;6,7;9,0;2,8;7,6
SAN;NL:Q:40000700;Dr. C. Lelyweg Noord;Arnhem;10,2;24,1;5,4;5,7;4,6;2,8
SAN;NL:Q:40000970;IJsseloord 2;Arnhem;11,2;12,7;0,0;0,0;0,0;0,0
SAN;NL:Q:40001000;Middachtensingel;Arnhem;0,3;4,0;0,0;0,0;0,0;0,0
SAN;NL:Q:40001050;Sonsbeekweg;Arnhem;2,7;0,9;2,4;0,5;1,4;0,4
SAN;NL:Q:40001060;Sonsbeekweg;Arnhem;0,2;2,8;0,1;2,5;0,0;1,7
SAN;NL:Q:40001070;Burgemeestersplein;Arnhem;2,1;5,0;2,2;2,6;1,1;1,8
SAN;NL:Q:40001080;Burgemeestersplein;Arnhem;1,7;4,1;0,6;1,4;0,8;1,0
SAN;NL:Q:40001090;Burg. Weertsstraat;Arnhem;5,0;21,0;4,5;17,5;2,9;8,3
SAN;NL:Q:40001100;Burg. Weertsstraat;Arnhem;17,8;3,9;11,4;3,3;6,4;2,0
SAN;NL:Q:40001110;Izaak Evertslaan;Arnhem;0,8;12,6;1,2;10,2;0,6;4,6
SAN;NL:Q:40001120;Izaak Evertslaan;Arnhem;9,8;1,2;6,5;1,1;2,6;0,7
SAN;NL:Q:40001140;van Ruisdaelstraat;Arnhem;11,5;0,3;2,5;0,2;1,4;0,1
SAN;NL:Q:40001230;Landgoed Rosorum;Arnhem;0,0;0,8;0,0;0,0;0,0;0,0
SAN;NL:Q:40001240;Landgoed Rosorum;Arnhem;0,0;0,0;0,0;0,0;0,0;0,0
SAN;NL:Q:40001250;Schelmseweg;Arnhem;6,1;1,0;0,0;0,0;0,0;0,0
SAN;NL:Q:40001260;Amsterdamseweg/Het Dorp;Arnhem;0,3;0,0;0,0;0,0;0,0;0,0
SAN;NL:Q:40001270;Amsterdamseweg/Het Dorp;Arnhem;0,0;1,1;0,0;0,0;0,0;0,0
SAN;NL:Q:40001600;Het Venster;Arnhem;4,3;1,3;0,0;0,0;0,0;0,0
SAN;NL:Q:40001620;Beekdal Lyceum;Arnhem;6,2;5,2;0,0;0,0;0,0;0,0
SAN;NL:Q:40001630;Raapopseweg;Arnhem;21,0;50,1;8,1;33,1;5,4;29,0
SAN;NL:Q:40001670;De Drie Gasthuizen;Arnhem;5,7;75,3;2,3;33,7;1,7;19,5
SAN;NL:Q:40001680;De Drie Gasthuizen;Arnhem;69,8;6,5;27,7;2,2;16,5;1,0
SAN;NL:Q:40001690;Bernhardlaan;Arnhem;3,9;33,5;2,3;25,5;1,1;18,0
SAN;NL:Q:40001700;Bernhardlaan;Arnhem;29,0;1,6;23,0;0,3;15,8;0,4
SAN;NL:Q:40001710;Dr. Schaepmanlaan;Arnhem;13,8;103,9;8,5;50,9;4,5;31,9
SAN;NL:Q:40001720;Dr. Schaepmanlaan;Arnhem;112,9;8,1;52,5;3,6;33,5;1,9
SAN;NL:Q:40001730;Middenweg;Arnhem;4,7;40,4;1,1;28,7;0,2;17,5
SAN;NL:Q:40001740;Middenweg;Arnhem;44,5;4,5;34,4;1,0;18,7;0,3
SAN;NL:Q:40001750;Marktplein (Geitenkamp);Arnhem;5,2;86,8;4,8;62,1;1,1;37,4
SAN;NL:Q:40001760;Marktplein (Geitenkamp);Arnhem;93,5;2,9;66,8;3,5;39,2;0,6
SAN;NL:Q:40001770;Zaslaan;Arnhem;0,6;84,8;0,4;65,8;0,3;45,2
SAN;NL:Q:40001780;Zaslaan;Arnhem;66,8;0,6;52,0;0,3;31,6;0,3
SAN;NL:Q:40001790;Schuttersbergplein;Arnhem;4,8;76,5;1,4;58,4;0,8;36,8
SAN;NL:Q:40001800;Schuttersbergplein;Arnhem;71,7;4,8;57,2;0,5;34,7;0,4
SAN;NL:Q:40001810;Roerdomplaan;Arnhem;5,9;41,0;1,4;27,1;0,6;16,1
SAN;NL:Q:40001820;Roerdomplaan;Arnhem;36,9;0,1;22,0;0,1;12,6;0,0
SAN;NL:Q:40001870;Schuttersbergplein;Arnhem;3,3;4,1;0,6;1,6;0,0;0,0
SAN;NL:Q:40001880;Schuttersbergplein;Arnhem;4,4;3,1;2,1;0,8;0,0;0,0
SAN;NL:Q:40001890;Zaslaan;Arnhem;3,1;5,0;0,9;1,8;0,0;0,0
SAN;NL:Q:40001900;Zaslaan;Arnhem;10,7;4,0;4,4;0,9;0,0;0,0
SAN;NL:Q:40002050;Bothaplein;Arnhem;7,5;3,5;4,8;1,8;2,9;1,9
SAN;NL:Q:40002060;Bothaplein;Arnhem;1,5;11,6;0,6;7,2;0,5;3,9
SAN;NL:Q:40002070;Jacob Cremerstraat;Arnhem;5,6;40,5;3,4;20,7;3,0;14,3
SAN;NL:Q:40002080;Jacob Cremerstraat;Arnhem;21,3;5,3;9,8;3,2;6,8;2,6
SAN;NL:Q:40002090;Graaf Ottoplein;Arnhem;5,2;59,7;3,1;40,8;2,2;29,5
SAN;NL:Q:40002100;Graaf Ottoplein;Arnhem;50,4;5,8;29,8;3,7;20,7;2,2
SAN;NL:Q:40002110;Graaf Lodewijkstraat;Arnhem;12,4;49,7;7,5;42,9;5,3;32,4
SAN;NL:Q:40002120;Graaf Lodewijkstraat;Arnhem;50,8;11,2;38,5;7,5;26,2;5,6
SAN;NL:Q:40002130;Sint Antonielaan;Arnhem;3,7;22,9;3,3;16,9;1,6;11,1
SAN;NL:Q:40002140;Sint Antonielaan;Arnhem;18,8;5,1;13,4;3,3;8,0;2,2
SAN;NL:Q:40002150;Heselbergherweg;Arnhem;1,0;5,2;0,7;4,8;0,4;3,3
SAN;NL:Q:40002160;Heselbergherweg;Arnhem;4,6;2,5;4,3;1,0;2,2;0,6
SAN;NL:Q:40002170;Ziekenhuis Rijnstate;Arnhem;77,8;228,4;8,2;49,8;1,3;34,3
SAN;NL:Q:40002180;Ziekenhuis Rijnstate;Arnhem;225,8;64,1;47,1;5,1;37,6;0,7
SAN;NL:Q:40002550;Airborneplein;Arnhem;132,5;40,7;61,5;7,1;34,4;5,3
SAN;NL:Q:40002570;Stadstheater Arnhem;Arnhem;103,3;50,9;73,2;21,4;43,9;15,6
SAN;NL:Q:40002580;Airborneplein;Arnhem;47,7;218,6;12,5;94,4;9,2;49,7
SAN;NL:Q:40002590;De Monchyplein;Arnhem;153,6;359,6;92,6;257,6;54,7;170,5
SAN;NL:Q:40002600;De Monchyplein;Arnhem;330,4;109,7;248,1;65,7;152,0;40,3
SAN;NL:Q:40002610;Groene Weide;Arnhem;28,8;60,5;15,5;36,3;4,9;20,4
SAN;NL:Q:40002620;Groene Weide;Arnhem;73,8;38,4;44,5;22,8;22,4;8,8
SAN;NL:Q:40002630;Visserslaan;Arnhem;7,2;115,4;3,2;60,0;1,7;36,8
SAN;NL:Q:40002640;Visserslaan;Arnhem;116,9;7,9;59,6;4,4;36,0;2,1
SAN;NL:Q:40002650;Biezenlaan;Arnhem;3,1;114,2;1,5;68,4;1,0;40,1
SAN;NL:Q:40002660;Biezenlaan;Arnhem;97,4;3,9;58,5;2,0;31,4;1,1
SAN;NL:Q:40002680;Stadswaardenlaan;Arnhem;181,0;8,8;107,1;3,4;56,5;1,8
SAN;NL:Q:40002690;Stadswaardenlaan;Arnhem;11,6;144,6;5,7;93,1;2,7;50,6
SAN;NL:Q:40002770;Immerloo;Arnhem;1,3;37,9;1,1;14,3;0,3;6,5
SAN;NL:Q:40002780;Immerloo;Arnhem;33,6;1,4;11,1;0,5;6,2;0,3
SAN;NL:Q:40002800;Oude Huissenseweg;Arnhem;15,5;12,5;10,8;8,1;8,1;5,2
SAN;NL:Q:40002810;Oude Huissenseweg;Arnhem;14,0;33,2;9,1;26,7;5,7;21,6
SAN;NL:Q:40002901;Monnikensteeg;Arnhem;6,8;1,3;1,4;0,3;0,0;0,0
SAN;NL:Q:40002911;Monnikensteeg;Arnhem;1,6;2,9;0,2;1,7;0,0;0,0
SAN;NL:Q:40003000;Dedelstraat;Arnhem;19,5;0,2;9,4;0,0;5,2;0,0
SAN;NL:Q:40003030;Rozet;Arnhem;20,2;4,0;11,1;1,6;7,8;1,1
SAN;NL:Q:40003040;Rozet;Arnhem;3,5;39,1;1,7;19,2;0,6;12,0
SAN;NL:Q:40003070;Eusebiuskerk;Arnhem;19,1;10,5;11,3;2,6;6,5;1,1
SAN;NL:Q:40003080;Eusebiuskerk;Arnhem;12,3;39,6;1,7;24,2;0,6;12,5
SAN;NL:Q:40003130;Speenkruidstraat;Arnhem;9,2;16,6;3,6;12,3;2,1;8,2
SAN;NL:Q:40003140;Speenkruidstraat;Arnhem;17,7;7,6;10,0;3,2;7,6;1,4
SAN;NL:Q:40003170;Rijnhal;Arnhem;19,9;60,4;6,1;29,3;5,6;23,9
SAN;NL:Q:40003180;Rijnhal;Arnhem;57,9;22,6;28,1;8,0;23,8;7,1
SAN;NL:Q:40003200;Winkelcentrum Kronenburg;Arnhem;685,3;265,6;403,7;168,4;205,1;67,8
SAN;NL:Q:40003570;Sonsbeek;Arnhem;4,1;17,6;1,1;2,2;0,0;0,0
SAN;NL:Q:40003580;Sonsbeek;Arnhem;0,0;4,5;0,0;1,7;0,0;0,0
SAN;NL:Q:40003650;Wielewaalstraat/Hoogte80;Arnhem;1,0;2,1;0,2;1,3;0,0;0,0
SAN;NL:Q:40003660;Wielewaalstraat/Hoogte80;Arnhem;3,7;1,0;0,5;0,2;0,0;0,0
SAN;NL:Q:40003670;Dominee Bechtlaan;Arnhem;2,7;4,8;1,5;1,4;0,0;0,0
SAN;NL:Q:40003680;Dominee Bechtlaan;Arnhem;5,1;2,2;1,7;1,2;0,0;0,0
SAN;NL:Q:40003730;Sparrenweg;Arnhem;2,0;5,8;1,2;2,3;0,0;0,0
SAN;NL:Q:40003740;Sparrenweg;Arnhem;6,9;1,8;2,6;0,7;0,0;0,0
SAN;NL:Q:40003750;Heideweg;Arnhem;3,2;2,9;0,8;1,1;0,0;0,0
SAN;NL:Q:40003760;Heideweg;Arnhem;5,2;3,4;2,7;0,3;0,0;0,0
SAN;NL:Q:40003780;Arnhemse Allee;Arnhem;0,9;0,9;0,3;0,2;0,0;0,0
SAN;NL:Q:40003810;Dennenweg;Arnhem;1,1;2,5;0,1;0,9;0,0;0,0
SAN;NL:Q:40003820;Dennenweg;Arnhem;2,0;1,0;0,7;0,1;0,0;0,0
SAN;NL:Q:40004001;Centraal Station;Arnhem;390,7;425,1;52,1;131,5;15,2;76,0
SAN;NL:Q:40004002;Centraal Station;arnhem;365,3;282,1;200,0;171,9;162,2;93,5
SAN;NL:Q:40004003;Centraal Station;Arnhem;285,4;234,9;157,8;123,9;99,2;69,6
SAN;NL:Q:40004004;Centraal Station;Arnhem;334,9;400,8;185,8;231,8;122,0;135,3
SAN;NL:Q:40004005;Centraal Station;Arnhem;347,8;250,2;184,1;115,3;148,8;116,2
SAN;NL:Q:40004006;Centraal Station;Arnhem;819,9;771,2;544,3;535,5;540,5;315,9
SAN;NL:Q:40004007;Centraal Station;Arnhem;165,2;191,1;24,9;27,8;53,7;46,3
SAN;NL:Q:40004008;Centraal Station;Arnhem;257,6;266,4;144,9;124,3;98,9;100,2
SAN;NL:Q:40004009;Centraal Station;Arnhem;143,5;157,3;41,5;52,6;51,0;68,1
SAN;NL:Q:40004010;Centraal Station;Arnhem;587,7;544,2;338,1;276,2;255,3;153,3
SAN;NL:Q:40004015;Willemsplein;Arnhem;449,7;24,8;338,1;25,6;152,4;9,9
SAN;NL:Q:40004016;Willemsplein;Arnhem;335,9;19,1;256,9;17,5;139,7;7,9
SAN;NL:Q:40004017;Willemsplein;Arnhem;256,2;25,6;162,5;13,0;96,6;7,0
SAN;NL:Q:40004018;Willemsplein;Arnhem;237,0;5,7;151,1;3,0;82,3;2,4
SAN;NL:Q:40004019;Willemsplein;Arnhem;85,4;557,8;74,3;441,3;29,0;217,5
SAN;NL:Q:40004020;Willemsplein;Arnhem;124,0;814,2;101,9;497,1;44,4;268,4
SAN;NL:Q:40004021;Velperplein;Arnhem;1136,2;151,6;853,9;118,6;483,2;74,3
SAN;NL:Q:40004022;Velperplein;Arnhem;440,4;127,6;289,1;77,3;168,8;51,4
SAN;NL:Q:40004023;Velperplein;Arnhem;170,8;450,2;106,7;280,5;64,1;157,9
SAN;NL:Q:40004024;Velperplein;Arnhem;239,8;1159,1;191,5;920,6;104,5;504,4
SAN;NL:Q:40004030;Rijnstraat;Arnhem;422,4;12,9;391,8;6,1;222,7;3,9
SAN;NL:Q:40004040;Rijnstraat;Arnhem;20,6;583,3;9,4;585,2;7,3;303,3
SAN;NL:Q:40004050;de Praets;Arnhem;4,3;7,6;2,6;4,1;2,2;2,9
SAN;NL:Q:40004060;de Praets;Arnhem;6,3;20,3;3,5;18,7;2,1;11,0
SAN;NL:Q:40004070;Zonnedauwweg;Arnhem;1,8;16,7;1,1;12,5;0,4;10,6
SAN;NL:Q:40004080;Zonnedauwweg;Arnhem;13,7;1,2;10,1;0,9;6,6;0,6
SAN;NL:Q:40004090;Wilgenlaan;Arnhem;7,5;23,9;4,6;14,0;2,3;12,2
SAN;NL:Q:40004100;Wilgenlaan;Arnhem;25,9;5,6;17,1;3,2;13,1;1,9
SAN;NL:Q:40004170;De Grote Koppel;Arnhem;32,0;78,3;12,8;37,7;6,7;27,9
SAN;NL:Q:40004175;Kronenburg;Arnhem;3,0;1,4;2,4;0,8;1,7;0,5
SAN;NL:Q:40004180;De Grote Koppel;Arnhem;79,7;39,5;36,0;15,9;24,2;8,6
SAN;NL:Q:40004230;van Berkumstraat;Arnhem;0,5;4,2;0,3;2,3;0,1;1,6
SAN;NL:Q:40004240;van Berkumstraat;Arnhem;2,9;0,6;1,5;0,3;0,9;0,2
SAN;NL:Q:40004411;Centraal Station;Arnhem;190,1;232,7;107,2;112,9;95,5;70,1
SAN;NL:Q:40004412;Centraal Station;Arnhem;568,5;373,2;280,1;156,5;185,0;134,2
SAN;NL:Q:40004413;Centraal Station;Arnhem;398,0;520,8;175,0;227,1;159,6;168,0
SAN;NL:Q:40004414;Centraal Station;Arnhem;601,1;348,8;273,9;217,9;245,6;150,3
SAN;NL:Q:40004415;Centraal Station;Arnhem;443,9;673,4;268,2;289,7;198,6;192,9
SAN;NL:Q:40004416;Centraal Station;Arnhem;267,5;246,2;175,4;144,5;80,9;90,7
SAN;NL:Q:40004590;Rietgrachtstraat;Arnhem;88,4;76,2;37,1;37,9;27,0;30,0
SAN;NL:Q:40004600;Rietgrachtstraat;Arnhem;89,9;90,3;50,5;50,0;33,4;30,2
SAN;NL:Q:40004610;Gr. van Prinstererstraat;Arnhem;46,5;194,2;28,8;77,5;17,7;60,9
SAN;NL:Q:40004620;Gr. van Prinstererstraat;Arnhem;219,2;41,9;81,3;23,5;54,7;14,1
SAN;NL:Q:40004630;Hugo de Grootstraat;Arnhem;52,7;145,5;26,4;85,2;14,1;62,1
SAN;NL:Q:40004640;Hugo de Grootstraat;Arnhem;152,7;54,0;91,5;27,1;59,0;16,8
SAN;NL:Q:40004650;Maaslaan;Arnhem;3,4;56,2;1,8;36,9;1,0;25,7
SAN;NL:Q:40004660;Maaslaan;Arnhem;50,0;3,6;32,0;2,4;23,4;1,5
SAN;NL:Q:40004680;Waalstraat;Arnhem;110,3;6,4;66,6;5,8;45,3;2,6
SAN;NL:Q:40004685;Waalstraat;Arnhem;4,2;122,2;3,2;74,3;1,6;49,0
SAN;NL:Q:40004690;MFC Presikhaven;Arnhem;1,8;6,6;0,3;5,3;0,0;3,4
SAN;NL:Q:40004700;Lange Wal;Arnhem;173,5;21,2;105,7;3,9;70,2;2,2
SAN;NL:Q:40004730;Keulse Slag;Arnhem;64,0;397,3;35,4;208,0;19,7;157,9
SAN;NL:Q:40004740;Keulse Slag;Arnhem;434,9;60,6;275,6;34,5;171,2;18,8
SAN;NL:Q:40004750;Zuilesteinlaan/HTS;Arnhem;17,5;23,9;2,4;7,8;0,8;3,5
SAN;NL:Q:40004780;Elsweide/HAN;Arnhem;94,6;62,4;18,2;11,6;8,3;5,1
SAN;NL:Q:40004810;IJssellaan/HAN;Arnhem;3,3;51,7;0,0;0,0;0,0;0,0
SAN;NL:Q:40004820;IJssellaan/HAN;Arnhem;55,5;7,2;0,0;0,0;0,0;0,0
SAN;NL:Q:40004860;MFC Presikhaven;Arnhem;9,8;3,7;2,5;1,4;0,6;0,1
SAN;NL:Q:40005130;Onder de Linden;Arnhem;1,7;7,8;0,0;0,0;0,0;0,0
SAN;NL:Q:40005150;Kazernestraat;Arnhem;3,0;10,9;0,0;0,0;0,0;0,0
SAN;NL:Q:40005170;Klarendalseweg;Arnhem;15,1;15,4;0,0;0,0;0,0;0,0
SAN;NL:Q:40005190;Kazerneplein;Arnhem;16,7;15,5;0,0;0,0;0,0;0,0
SAN;NL:Q:40005210;WKC Klarendal;Arnhem;5,7;5,5;0,0;0,0;0,0;0,0
SAN;NL:Q:40005330;Station Presikhaaf;Arnhem;12,2;65,0;1,5;2,9;1,8;5,3
SAN;NL:Q:40005340;Station Presikhaaf;Arnhem;62,6;9,3;3,7;0,8;7,0;1,4
SAN;NL:Q:40005350;Dongestraat;Arnhem;2,4;10,2;0,2;0,9;0,6;2,0
SAN;NL:Q:40005360;Dongestraat;Arnhem;6,7;2,1;0,9;0,3;1,6;0,6
SAN;NL:Q:40005370;Kinderkamp;Arnhem;0,4;28,1;0,2;11,9;0,1;11,0
SAN;NL:Q:40005380;Kinderkamp;Arnhem;44,9;1,6;17,1;1,4;10,4;0,3
SAN;NL:Q:40005390;Malsenlaan;Arnhem;0,6;35,5;0,4;28,6;0,3;20,4
SAN;NL:Q:40005410;Malsenlaan;Arnhem;39,1;0,6;28,5;0,5;16,6;0,3
SAN;NL:Q:40005430;Grote Durk;Arnhem;0,2;32,1;0,1;24,5;0,1;15,5
SAN;NL:Q:40005440;Grote Durk;Arnhem;29,3;0,2;23,1;0,1;13,4;0,0
SAN;NL:Q:40005450;Oogststraat;Arnhem;2,7;1,9;0,0;0,0;0,0;0,0
SAN;NL:Q:40005470;Agnietenstraat;Arnhem;1,5;0,5;0,0;0,0;0,0;0,0
SAN;NL:Q:40005500;Stadskantoor;Arnhem;2,8;18,7;0,4;3,1;0,3;4,0
SAN;NL:Q:40006570;Badhuisstraat;Arnhem;4,5;8,7;1,7;3,3;1,4;2,0
SAN;NL:Q:40006580;Badhuisstraat;Arnhem;9,2;5,3;3,9;1,8;1,5;1,0
SAN;NL:Q:40006590;Stadskantoor;Arnhem;20,2;3,1;4,6;0,7;4,5;0,8
SAN;NL:Q:40006650;Van Oldenbarneveldtstraat;Arnhem;2,6;11,0;0,3;2,9;0,2;1,4
SAN;NL:Q:40006660;Van Oldenbarneveldtstraat;Arnhem;10,9;3,7;1,6;0,5;0,7;0,7
SAN;NL:Q:40006670;Haven;Arnhem;3,0;16,7;0,9;7,0;0,5;2,2
SAN;NL:Q:40006680;Haven;Arnhem;14,5;2,2;2,4;0,7;0,9;0,1
SAN;NL:Q:40006690;Dr. C. Lelyweg Zuid;Arnhem;1,9;10,3;1,2;3,0;0,8;1,4
SAN;NL:Q:40006700;Dr. C. Lelyweg Zuid;Arnhem;8,0;3,3;4,1;1,8;1,8;0,8
SAN;NL:Q:40006710;Kleefse Waard;Arnhem;11,9;46,0;0,2;2,5;0,2;1,9
SAN;NL:Q:40006720;Kleefse Waard;Arnhem;56,4;10,8;0,9;0,4;0,2;0,0
SAN;NL:Q:40006731;Bruningweg;Arnhem;2,6;16,6;0,1;2,6;0,2;0,9
SAN;NL:Q:40006741;Bruningweg;Arnhem;25,6;3,7;1,5;0,3;0,5;0,0
SAN;NL:Q:40006750;P. Calandweg;Arnhem;3,6;6,6;0,8;1,9;0,7;1,8
SAN;NL:Q:40006760;P. Calandweg;Arnhem;12,2;3,3;1,9;0,7;1,4;0,7
SAN;NL:Q:40006770;Slaakweg;Arnhem;1,0;6,9;0,7;3,8;0,3;2,9
SAN;NL:Q:40006780;Slaakweg;Arnhem;8,7;4,5;3,5;1,6;1,9;1,9
SAN;NL:Q:40006790;Lange Wal;Arnhem;24,5;218,7;9,5;142,0;5,2;94,8
SAN;NL:Q:40007090;Fonteinkruidstraat;Arnhem;49,0;53,1;29,5;38,1;18,0;26,3
SAN;NL:Q:40007100;Fonteinkruidstraat;Arnhem;60,9;52,6;41,6;33,6;26,8;20,4
SAN;NL:Q:40007530;St. Laurentiuslaan;Arnhem;54,7;105,5;30,4;62,1;18,8;24,8
SAN;NL:Q:40007540;St. Laurentiuslaan;Arnhem;104,6;61,8;68,5;34,0;28,0;24,2
SAN;NL:Q:40007570;Fokke Noordhoffstraat;Arnhem;0,4;27,0;0,1;20,8;0,2;13,7
SAN;NL:Q:40007580;Fokke Noordhoffstraat;Arnhem;15,3;0,5;11,9;0,3;7,8;0,1
SAN;NL:Q:40008550;Centraal Station (Sonsbeek);Arnhem;34,3;2,2;1,5;0,6;1,1;0,2
SAN;NL:Q:40008560;Centraal Station (Sonsbeek);Arnhem;1,1;51,8;0,2;1,6;0,2;1,2
SAN;NL:Q:40008570;Burg. Weertsstraat;Arnhem;3,0;17,0;0,6;8,0;0,4;3,1
SAN;NL:Q:40008580;Burg. Weertsstraat;Arnhem;7,7;5,2;3,0;0,5;2,9;0,3
SAN;NL:Q:40008590;Brouwerijweg;Arnhem;0,6;4,8;0,3;1,3;0,0;0,9
SAN;NL:Q:40008600;Brouwerijweg;Arnhem;3,3;0,9;0,8;0,1;1,0;0,0
SAN;NL:Q:40008610;van Wageningenstraat;Arnhem;0,6;32,5;0,0;2,1;0,0;0,9
SAN;NL:Q:40008620;van Wageningenstraat;Arnhem;3,1;0,8;0,8;0,1;0,4;0,1
SAN;NL:Q:40008630;Tormentilstraat;Arnhem;0,2;2,5;0,1;0,9;0,0;0,9
SAN;NL:Q:40008640;Tormentilstraat;Arnhem;18,8;0,2;1,6;0,0;1,1;0,0
SAN;NL:Q:40008650;Gentiaanstraat;Arnhem;0,2;6,2;0,0;2,4;0,0;2,0
SAN;NL:Q:40008660;Gentiaanstraat;Arnhem;5,4;0,5;2,7;0,1;2,7;0,0
SAN;NL:Q:40008670;Callunastraat;Arnhem;0,1;13,0;0,0;1,7;0,0;0,8
SAN;NL:Q:40008680;Callunastraat;Arnhem;10,5;0,2;1,4;0,0;1,0;0,0
SAN;NL:Q:40008690;Het Dorp;Arnhem;0,3;20,2;0,4;6,2;0,1;2,9
SAN;NL:Q:40008700;Het Dorp;Arnhem;22,7;0,3;3,3;0,2;1,8;0,0
SAN;NL:Q:40008730;Gelredome;Arnhem;13,9;38,8;11,0;38,9;8,2;24,6
SAN;NL:Q:40008740;Gelredome;Arnhem;46,5;16,9;39,8;14,6;27,3;9,6
SAN;NL:Q:40008750;Transferium;Arnhem;1,0;27,2;1,0;32,0;0,7;17,1
SAN;NL:Q:40008760;Transferium;Arnhem;15,6;1,0;19,5;0,7;9,1;0,6
SAN;NL:Q:40008840;Brekelenkampstraat;Arnhem;29,3;7,5;3,9;1,0;2,8;1,6
SAN;NL:Q:40009550;Kamphuizenlaan;Arnhem;0,5;60,8;0,3;48,3;0,3;29,4
SAN;NL:Q:40009560;Kamphuizenlaan;Arnhem;62,4;0,1;50,6;0,3;26,7;0,1
SAN;NL:Q:40009570;Geitenkamp;Arnhem;136,2;130,6;39,3;43,0;24,2;27,6
SAN;NL:Q:40009580;CIOS;Arnhem;2,4;30,9;0,3;1,5;0,0;0,0
SAN;NL:Q:40009581;CIOS;Arnhem;35,5;12,0;1,6;0,2;0,0;0,0
SAN;NL:Q:40009590;Het Duifje;Arnhem;110,8;27,3;73,5;19,4;33,4;8,8
SAN;NL:Q:40009591;Het Duifje;Arnhem;12,2;78,5;12,9;52,8;9,6;24,2
SAN;NL:Q:40009600;Presikhaaf/Cannenburgln;Arnhem;76,4;58,3;45,5;34,5;26,0;21,5
SAN;NL:Q:40010010;Viaduct Kroonse Wal;Arnhem;20,4;45,1;12,3;26,2;8,4;24,0
SAN;NL:Q:40010020;Viaduct Kroonse Wal;Arnhem;44,6;19,4;26,9;11,5;17,2;9,8
SAN;NL:Q:40013170;Gelderse Poort;Arnhem;15,4;3,6;1,9;0,7;0,9;0,3
SAN;NL:Q:40013180;Gelderse Poort;Arnhem;2,7;15,2;0,5;1,7;0,2;0,6
SAN;NL:Q:40013190;Winkelcentrum Kronenburg;Arnhem;291,7;687,9;197,2;389,0;79,4;193,9
SAN;NL:Q:40013205;Kronenburg;Arnhem;8,3;5,5;5,1;4,3;3,5;2,5
SAN;NL:Q:40013210;Croydonplein;Arnhem;10,4;11,3;7,7;7,8;4,4;2,8
SAN;NL:Q:40013220;Croydonplein;Arnhem;9,9;11,5;6,1;9,1;2,3;4,3
SAN;NL:Q:40013230;Eldens Viaduct;Arnhem;3,2;14,3;2,5;9,9;1,4;5,2
SAN;NL:Q:40013240;Eldens Viaduct;Arnhem;14,5;4,3;10,9;3,2;4,2;1,7
SAN;NL:Q:40013250;De Brink;Elden;2,1;11,0;1,1;9,6;0,7;3,3
SAN;NL:Q:40013260;De Brink;Elden;8,7;2,0;8,3;1,3;3,1;0,7
SAN;NL:Q:40013270;Mr. Merkxstraat;Elden;1,5;6,2;0,8;6,2;0,6;2,6
SAN;NL:Q:40013280;Mr. Merkxstraat;Elden;5,5;1,3;4,9;0,9;1,9;0,6
SAN;NL:Q:40013290;Mr.D.U.Stikkerstraat;Elden;3,5;30,6;2,2;17,5;1,5;9,9
SAN;NL:Q:40013300;Mr.D.U.Stikkerstraat;Elden;27,9;3,4;15,1;2,1;7,7;1,3
SAN;NL:Q:40013310;Randweg;Arnhem;21,2;48,7;6,8;15,7;3,0;11,2
SAN;NL:Q:40013330;Batavierenweg;Arnhem;2,3;9,9;0,9;4,6;0,6;5,5
SAN;NL:Q:40013340;Batavierenweg;Arnhem;1,6;1,2;0,3;0,2;0,0;0,0
SAN;NL:Q:40013350;Rotterdamsingel;Arnhem;0,5;8,2;0,1;1,4;0,0;0,0
SAN;NL:Q:40013360;Rotterdamsingel;Arnhem;9,3;0,7;1,5;0,1;0,0;0,0
SAN;NL:Q:40013390;Kroonse Wal;Arnhem;6,0;51,8;3,9;39,5;1,9;24,7
SAN;NL:Q:40013400;Kroonse Wal;Arnhem;53,3;10,3;43,0;7,4;23,7;3,6
SAN;NL:Q:40013410;Woudrichemstraat;Arnhem;13,3;57,3;7,5;37,1;5,1;22,9
SAN;NL:Q:40013420;Woudrichemstraat;Arnhem;63,5;9,0;40,2;5,9;25,6;3,3
SAN;NL:Q:40013450;Brabantweg;Arnhem;13,8;24,2;8,3;16,9;5,7;8,7
SAN;NL:Q:40013460;Brabantweg;Arnhem;20,4;6,8;14,5;4,9;7,3;3,4
SAN;NL:Q:40013480;Park Lingezegen;Elst;0,5;0,5;0,3;0,1;0,1;0,1
SAN;NL:Q:40013490;Park Lingezegen;Elst;0,1;0,5;0,2;0,9;0,1;0,1
SAN;NL:Q:40013500;Oude Tol;Elst;0,6;0,2;0,6;0,1;0,3;0,1
SAN;NL:Q:40013550;Hollandweg;Arnhem;1,5;16,8;0,9;15,7;0,6;7,7
SAN;NL:Q:40013560;Hollandweg;Arnhem;37,9;9,4;29,9;6,5;17,3;2,6
SAN;NL:Q:40013570;Wkc Schuytgraaf;Arnhem;3,4;10,6;2,3;7,2;1,2;3,2
SAN;NL:Q:40013575;Germanenveld;Arnhem;2,7;12,2;0,9;5,3;0,7;3,2
SAN;NL:Q:40013576;Germanenveld;Arnhem;15,0;8,4;6,5;4,0;3,6;2,5
SAN;NL:Q:40013580;Wkc Schuytgraaf;Arnhem;6,4;3,7;5,9;2,5;3,1;1,5
SAN;NL:Q:40013590;Station Arnhem Zuid;Arnhem;158,9;61,3;79,3;22,1;35,4;10,4
SAN;NL:Q:40013595;Station Arnhem Zuid;Arnhem;57,4;145,0;22,8;70,7;12,9;37,3
SAN;NL:Q:40013620;Hollandweg;Arnhem;7,7;2,3;3,1;1,2;1,5;0,6
SAN;NL:Q:40013630;Hollandweg;Arnhem;2,4;24,3;1,2;16,5;0,5;11,8
SAN;NL:Q:40014230;Rijnpoort;Arnhem;12,6;1,8;2,9;1,3;1,8;0,6
SAN;NL:Q:40014240;Rijnpoort;Arnhem;5,3;26,9;2,9;19,0;2,3;11,5
SAN;NL:Q:40014250;Veendamstraat;Arnhem;13,9;0,4;8,3;0,2;4,4;0,1
SAN;NL:Q:40014260;Veendamstraat;Arnhem;0,8;15,5;0,5;11,0;0,7;8,7
SAN;NL:Q:40014270;Winkelcentrum Vredenburg;Arnhem;27,3;2,2;17,6;1,5;12,1;0,8
SAN;NL:Q:40014280;Winkelcentrum Vredenburg;Arnhem;1,9;24,5;1,3;16,0;0,8;10,9
SAN;NL:Q:40014290;Frieslandsingel;Arnhem;17,9;0,7;10,6;0,1;7,4;0,1
SAN;NL:Q:40014291;Holthuizen;Arnhem;10,7;10,2;7,7;8,7;5,2;5,1
SAN;NL:Q:40014300;Frieslandsingel;Arnhem;1,0;1,9;0,8;1,9;0,5;0,7
SAN;NL:Q:40014320;Frieslandsingel;Arnhem;2,0;16,6;1,0;10,1;0,6;8,1
SAN;NL:Q:40014350;Ezingestraat;Arnhem;8,8;1,8;4,2;1,3;2,8;0,7
SAN;NL:Q:40014360;Ezingestraat;Arnhem;1,3;10,7;0,8;4,9;0,6;4,0
SAN;NL:Q:40014370;Aduardstraat;Arnhem;3,6;1,2;2,8;1,0;1,6;0,6
SAN;NL:Q:40014380;Aduardstraat;Arnhem;0,6;3,9;0,5;3,0;0,3;2,4
SAN;NL:Q:40014390;Slochterenweg;Arnhem;0,2;2,5;0,1;0,7;0,0;0,4
SAN;NL:Q:40014398;Slochterenweg;Arnhem;2,2;0,4;0,6;0,2;0,8;0,2
SAN;NL:Q:40017090;Hagemanswei;Arnhem;10,3;87,0;6,4;73,6;3,8;44,9
SAN;NL:Q:40017100;Hagemanswei;Arnhem;79,4;9,6;66,2;7,3;38,9;4,3
SAN;NL:Q:40017110;Bussumstraat;Arnhem;14,1;98,4;7,2;75,7;3,8;48,6
SAN;NL:Q:40017120;Bussumstraat;Arnhem;96,7;12,4;72,9;6,2;42,8;4,1
SAN;NL:Q:40017130;Winkelcentrum Elderhof;Arnhem;57,8;174,6;38,0;128,1;18,0;81,6
SAN;NL:Q:40017140;Winkelcentrum Elderhof;Arnhem;171,8;49,5;135,1;33,4;76,9;16,5
SAN;NL:Q:40017150;Hillegomweg;Arnhem;12,2;75,8;8,4;55,1;3,5;36,3
SAN;NL:Q:40017160;Hillegomweg;Arnhem;61,5;12,5;39,1;8,3;25,5;3,6
SAN;NL:Q:40018230;Kronenburgsingel;Arnhem;1,1;0,1;0,7;0,1;0,4;0,0
SAN;NL:Q:40018231;Groningensingel;Arnhem;44,7;158,0;15,1;67,3;11,9;51,6
SAN;NL:Q:40018240;Kronenburgsingel;Arnhem;0,1;1,3;0,0;1,5;0,0;1,3
SAN;NL:Q:40018241;Groningensingel;Arnhem;169,3;50,5;69,6;17,8;45,5;11,6
SAN;NL:Q:40018250;Mooieweg;Arnhem;5,4;52,4;2,5;35,4;1,6;21,8
SAN;NL:Q:40018260;Mooieweg;Arnhem;54,9;6,3;34,1;2,8;20,2;2,0
SAN;NL:Q:40018270;Overmaat;Arnhem;20,0;19,0;7,7;6,5;4,6;4,0
SAN;NL:Q:40018280;Overmaat;Arnhem;19,0;23,7;7,1;9,4;3,2;4,1
SAN;NL:Q:40018290;Randweg;Arnhem;1,0;5,0;0,8;3,7;0,3;1,4
SAN;NL:Q:40018300;Randweg;Arnhem;52,9;17,6;16,9;4,2;12,8;2,9
SAN;NL:Q:40018310;Zeelandsingel;Arnhem;2,3;14,1;1,4;10,2;0,3;4,1
SAN;NL:Q:40018320;Zeelandsingel;Arnhem;11,4;2,2;8,5;1,5;3,2;0,6
SAN;NL:Q:40018330;Terneuzenstraat;Arnhem;5,6;20,6;5,3;15,2;2,6;6,9
SAN;NL:Q:40018340;Terneuzenstraat;Arnhem;19,7;5,0;15,0;3,7;7,4;2,0
SAN;NL:Q:40018350;Echterboschstraat;Arnhem;29,7;6,4;20,4;4,8;12,3;2,8
SAN;NL:Q:40018360;Echterboschstraat;Arnhem;6,6;29,6;4,7;20,0;2,6;13,7
SAN;NL:Q:40018370;Maastrichtsingel;Arnhem;20,1;3,4;12,7;2,1;7,5;1,4
SAN;NL:Q:40018380;Maastrichtsingel;Arnhem;3,6;21,5;2,0;14,4;1,3;7,9
SAN;NL:Q:40018390;Sittardstraat;Arnhem;18,3;1,9;12,0;1,4;7,1;0,7
SAN;NL:Q:40018400;Sittardstraat;Arnhem;3,9;20,1;2,1;15,3;1,2;8,5
SAN;NL:Q:40018410;Altweertstraat;Arnhem;12,1;1,1;9,1;0,6;5,5;0,7
SAN;NL:Q:40018420;Altweertstraat;Arnhem;1,9;15,4;1,3;10,4;1,0;6,8
SAN;NL:Q:40018490;Lange Akkers/Limburgsngl;Arnhem;3,7;27,0;2,9;21,1;1,5;14,0
SAN;NL:Q:40018500;Lange Akkers/Limburgsngl;Arnhem;25,5;2,7;19,5;2,1;11,8;1,2
SAN;NL:Q:40018530;De Pas;Arnhem;12,2;3,9;7,7;3,2;3,7;1,8
SAN;NL:Q:40018540;De Pas;Arnhem;3,0;16,4;2,5;13,0;1,1;6,0
SAN;NL:Q:40018750;Poli Zuid;Arnhem;13,9;109,1;5,2;48,3;3,1;30,0
SAN;NL:Q:40018760;Poli Zuid;Arnhem;111,5;15,4;46,4;5,1;28,0;3,9
SAN;NL:Q:40018780;Rijkerswoerd;Arnhem;136,3;112,9;84,8;71,9;48,3;43,0
SAN;NL:Q:40018890;Dr. J. den Uylsingel;Arnhem;1,7;68,9;0,9;49,3;0,8;28,3
SAN;NL:Q:40018900;Dr. J. den Uylsingel;Arnhem;56,9;1,3;37,9;0,6;20,6;0,7
SAN;NL:Q:40018910;Otis Reddingplein;Arnhem;4,9;52,8;3,1;35,6;1,6;21,7
SAN;NL:Q:40018920;Otis Reddingplein;Arnhem;55,8;5,3;37,8;2,8;20,8;1,4
SAN;NL:Q:40018930;Mr. Oudsingel;Arnhem;2,6;113,8;0,9;76,6;0,6;40,4
SAN;NL:Q:40018935;Gerbrandysingel;Arnhem;0,9;67,3;0,3;42,2;0,2;28,4
SAN;NL:Q:40018940;Mr. Oudsingel;Arnhem;110,7;1,3;73,1;0,6;42,7;0,4
SAN;NL:Q:40018945;Gerbrandysingel;Arnhem;74,4;0,6;48,2;0,3;27,4;0,2
SAN;NL:Q:40019530;De Laar West/Bredasingel;Arnhem;21,9;33,6;15,8;25,6;8,8;16,4
SAN;NL:Q:40019560;De Laar West/Bredasingel;Arnhem;43,8;28,5;29,4;16,1;16,5;9,8
SAN;NL:Q:40019570;Luchtvaart;Arnhem;1,0;10,6;1,0;9,0;0,5;4,8
SAN;NL:Q:40019580;Luchtvaart;Arnhem;19,4;3,8;11,6;2,5;6,4;1,2
SAN;NL:Q:40019590;Ringdijk;Arnhem;0,2;2,1;0,1;1,3;0,1;0,8
SAN;NL:Q:40019600;Ringdijk;Arnhem;0,1;1,0;0,1;0,6;0,0;0,4
SAN;NL:Q:40019610;Centraalspoor;Arnhem;2,1;7,5;1,2;4,1;0,8;3,0
SAN;NL:Q:40019620;Centraalspoor;Arnhem;11,3;4,4;6,5;2,9;3,2;2,1
SAN;NL:Q:40019630;De Zeis;Arnhem;32,9;32,8;17,9;19,7;11,9;11,0
SAN;NL:Q:40019640;De Zeis;Arnhem;37,7;32,3;21,7;17,0;11,1;10,9
SAN;NL:Q:40019650;Koningskers;Arnhem;11,2;7,1;6,6;4,9;3,8;2,3
SAN;NL:Q:40019660;Koningskers;Arnhem;8,4;12,8;5,6;8,6;1,8;4,0
SAN;NL:Q:40019670;Pachterwaard;Arnhem;11,7;6,7;8,8;4,9;4,8;3,0
SAN;NL:Q:40019680;Pachterwaard;Arnhem;3,9;11,5;2,4;8,1;2,0;3,7
SAN;NL:Q:40019690;Metamorfosenallee;Arnhem;1,2;4,3;0,5;3,5;0,3;2,8
SAN;NL:Q:40019700;Metamorfosenallee;Arnhem;4,6;0,9;3,9;0,4;2,6;0,3
SAN;NL:Q:40019710;Herfsttooi;Arnhem;12,0;5,5;6,2;3,0;3,3;1,8
SAN;NL:Q:40019720;Herfsttooi;Arnhem;2,8;9,2;1,1;4,5;0,6;2,6
SAN;NL:Q:40070010;C. van Maasdijklaan;Schaarsbergen;4,0;0,1;0,0;0,0;0,0;0,0
SAN;NL:Q:40071130;van Ruisdaelstraat;Arnhem;0,5;13,3;0,3;4,3;0,2;2,2
SAN;NL:Q:40071150;Jacob Marislaan;Arnhem;0,4;26,8;0,1;6,7;0,2;4,0
SAN;NL:Q:40071160;Jacob Marislaan;Arnhem;24,3;0,3;6,9;0,1;3,6;0,2
SAN;NL:Q:40071170;Mesdaglaan;Arnhem;0,3;13,5;0,3;11,5;0,2;6,8
SAN;NL:Q:40071180;Mesdaglaan;Arnhem;9,5;0,2;8,7;0,2;4,2;0,2
SAN;NL:Q:40071191;Schelmseweg;Arnhem;10,1;0,7;9,3;0,1;5,4;0,0
SAN;NL:Q:40071192;Schelmseweg;Arnhem;0,8;9,8;0,3;7,0;0,2;3,8
SAN;NL:Q:40072160;Oremusplein;Arnhem;42,5;0,7;31,3;0,5;17,1;0,3
SAN;NL:Q:40072180;Beethovenlaan;Arnhem;30,3;6,1;25,4;3,8;12,1;1,2
SAN;NL:Q:40072190;Beethovenlaan;Arnhem;3,3;13,9;0,7;6,5;0,0;0,0
SAN;NL:Q:40072210;Chopinstraat;Arnhem;1,9;4,0;0,5;2,1;0,0;0,0
SAN;NL:Q:40072220;Chopinstraat;Arnhem;14,4;4,2;13,4;3,6;7,6;1,8
SAN;NL:Q:40072250;Moscowa;Arnhem;1,0;5,8;0,4;2,8;0,0;0,0
SAN;NL:Q:40072260;Moscowa;Arnhem;5,0;1,3;2,5;0,8;0,0;0,0
SAN;NL:Q:40072270;Openluchtmuseum Oost;Arnhem;1,6;14,1;1,3;9,6;0,0;0,0
SAN;NL:Q:40072280;Openluchtmuseum Oost;Arnhem;8,0;2,5;5,9;1,9;0,0;0,0
SAN;NL:Q:40072300;Openluchtmuseum West;Arnhem;37,9;16,8;52,7;28,2;33,0;21,4
SAN;NL:Q:40072310;Oremusplein;Arnhem;2,2;54,8;2,0;54,3;1,3;33,5
SAN;NL:Q:40072360;Peter van Anrooylaan;Arnhem;4,5;26,2;1,3;24,0;0,7;15,9
SAN;NL:Q:40072370;Ravelstraat;Arnhem;7,4;9,2;6,8;7,9;4,2;6,3
SAN;NL:Q:40078790;Lijnbaan;Schaarsbergen;0,1;5,4;0,2;4,9;0,0;2,3
SAN;NL:Q:40078800;Lijnbaan;Schaarsbergen;4,6;0,1;3,7;0,0;1,8;0,0
SAN;NL:Q:40078810;Warnsborn;Schaarsbergen;0,1;6,1;0,0;5,4;0,0;3,5
SAN;NL:Q:40078820;Warnsborn;Schaarsbergen;3,9;0,0;3,2;0,0;2,4;0,0
SAN;NL:Q:40078830;Menthenbergseweg;Schaarsbergen;0,0;6,8;0,1;2,4;0,0;1,8
SAN;NL:Q:40078840;Menthenbergseweg;Schaarsbergen;7,0;0,0;2,6;0,0;1,7;0,0
SAN;NL:Q:40078850;Kemperbergerweg;Schaarsbergen;0,1;2,9;0,2;1,8;0,1;1,4
SAN;NL:Q:40078860;Kemperbergerweg;Schaarsbergen;2,0;0,1;1,8;0,1;1,2;0,0
SAN;NL:Q:40078870;Casa Nova;Schaarsbergen;0,0;2,1;0,0;1,6;0,0;1,0
SAN;NL:Q:40078880;Casa Nova;Schaarsbergen;2,9;0,0;2,8;0,0;1,2;0,0
SAN;NL:Q:40078890;Dennenheide;Schaarsbergen;0,0;0,6;0,0;0,5;0,0;0,2
SAN;NL:Q:40078900;Dennenheide;Schaarsbergen;0,2;0,0;0,2;0,0;0,2;0,0
SAN;NL:Q:40078910;Pannekoekhuis;Schaarsbergen;0,0;3,7;0,0;3,7;0,0;1,6
SAN;NL:Q:40078920;Pannekoekhuis;Schaarsbergen;4,2;0,0;3,6;0,0;2,6;0,1
SAN;NL:Q:40078930;Museum 40-45;Schaarsbergen;0,0;13,7;0,0;7,8;0,0;5,6
SAN;NL:Q:40078940;Museum 40-45;Schaarsbergen;9,4;0,1;4,5;0,0;4,1;0,0
SAN;NL:Q:40078950;Koningsweg;Schaarsbergen;0,4;14,0;2,2;17,8;1,3;14,0
SAN;NL:Q:40078960;Koningsweg;Schaarsbergen;15,1;0,6;17,2;2,4;11,8;1,7
SAN;NL:Q:40078990;Kaderschool Luchtmacht;Schaarsbergen;0,0;4,1;0,0;0,0;0,0;0,0
SAN;NL:Q:40079000;Kaderschool Luchtmacht;Schaarsbergen;3,3;0,0;0,0;0,0;0,0;0,0
SAN;NL:Q:40079010;Viersprong;Schaarsbergen;0,0;2,7;0,0;0,0;0,0;0,0
SAN;NL:Q:40079020;Viersprong;Schaarsbergen;3,3;0,0;0,0;0,0;0,0;0,0
SAN;NL:Q:40079030;I.P.C.;Schaarsbergen;4,4;5,9;0,0;0,0;0,0;0,0
SAN;NL:Q:40079510;Burgers' Zoo;Arnhem;68,9;69,6;86,9;90,5;56,0;56,5
SAN;NL:Q:40079550;Alteveer;Arnhem;1,0;0,5;0,3;0,1;0,0;0,0
SAN;NL:Q:40079551;Alteveer;Arnhem;0,4;3,3;0,1;1,8;0,0;0,0
SAN;NL:Q:40100010;Kerklaan;Doorwerth;6,8;1,1;5,9;1,2;4,3;0,8
SAN;NL:Q:40100020;Wolfhezerweg;Oosterbeek;0,1;0,0;0,0;0,1;0,0;0,0
SAN;NL:Q:40100030;Wolfhezerweg;Oosterbeek;9,3;2,0;5,8;1,2;4,2;0,4
SAN;NL:Q:40100040;d'Oude Herbergh;Oosterbeek;3,1;27,7;1,7;14,5;1,3;12,0
SAN;NL:Q:40100050;d'Oude Herbergh;Oosterbeek;20,6;2,9;10,8;1,5;7,2;1,6
SAN;NL:Q:40100060;Airborne Museum;Oosterbeek;9,0;14,6;5,4;10,3;3,5;10,6
SAN;NL:Q:40100070;Airborne Museum;Oosterbeek;10,7;8,0;7,8;5,4;7,0;4,1
SAN;NL:Q:40100080;Vogelweg;Oosterbeek;19,5;4,6;12,4;2,1;6,3;1,2
SAN;NL:Q:40100100;Wolfhezerweg;Oosterbeek;1,4;8,1;1,3;5,3;1,3;3,5
SAN;NL:Q:40100150;Vogelweg;Oosterbeek;5,2;19,4;2,3;10,4;1,2;5,6
SAN;NL:Q:40100160;Station Oosterbeek;Oosterbeek;32,2;27,3;28,1;26,5;13,0;12,7
SAN;NL:Q:40100170;Station Oosterbeek;Oosterbeek;0,3;0,3;0,1;0,3;0,0;0,0
SAN;NL:Q:40100180;Station Oosterbeek;Oosterbeek;0,1;0,1;0,1;0,1;0,0;0,0
SAN;NL:Q:40100220;Julianaweg;Oosterbeek;6,6;2,2;2,7;1,4;1,2;0,6
SAN;NL:Q:40100230;Rechterenborg;Oosterbeek;0,6;0,0;0,6;0,0;0,0;0,0
SAN;NL:Q:40100240;Rechterenborg;Oosterbeek;0,0;0,8;0,0;0,6;0,0;0,0
SAN;NL:Q:40100250;Parkflat de Valkenburcht;Oosterbeek;0,5;0,0;0,5;0,0;0,0;0,0
SAN;NL:Q:40100260;Parkflat de Valkenburcht;Oosterbeek;0,0;0,4;0,0;0,4;0,0;0,0
SAN;NL:Q:40100270;Valkenburglaan;Oosterbeek;0,0;0,1;0,1;0,0;0,0;0,0
SAN;NL:Q:40100280;Valkenburglaan;Oosterbeek;0,1;0,0;0,0;0,0;0,0;0,0
SAN;NL:Q:40100290;Bilderberglaan;Oosterbeek;0,0;0,0;0,0;0,0;0,0;0,0
SAN;NL:Q:40100300;Bilderberglaan;Oosterbeek;0,0;0,0;0,0;0,0;0,0;0,0
SAN;NL:Q:40100310;Julianaweg;Oosterbeek;1,5;8,9;0,8;5,6;0,3;2,7
SAN;NL:Q:40100330;Sonnenberglaan;Oosterbeek;0,0;0,0;0,0;0,0;0,0;0,0
SAN;NL:Q:40100340;Sonnenberglaan;Oosterbeek;0,0;0,0;0,0;0,0;0,0;0,0
SAN;NL:Q:40100590;Arnhems Buiten;Arnhem;7,7;74,8;2,8;24,7;2,3;19,0
SAN;NL:Q:40100610;Mariendaal;Oosterbeek;1,2;10,7;1,3;5,9;0,5;3,3
SAN;NL:Q:40100620;Mariendaal;Oosterbeek;11,2;1,0;6,0;0,8;2,9;0,4
SAN;NL:Q:40100650;Beukenlaan;Oosterbeek;7,9;91,1;3,6;65,4;2,8;45,4
SAN;NL:Q:40100660;Beukenlaan;Oosterbeek;76,9;7,6;54,3;4,0;36,9;1,6
SAN;NL:Q:40100670;Weverstraat;Oosterbeek;11,4;87,0;7,6;67,2;4,2;38,7
SAN;NL:Q:40100680;Weverstraat;Oosterbeek;89,1;10,3;67,9;7,2;37,4;3,5
SAN;NL:Q:40100690;Gemeentehuis;Oosterbeek;26,6;61,5;19,7;44,5;6,2;25,4
SAN;NL:Q:40100700;Gemeentehuis;Oosterbeek;68,8;24,0;49,0;14,7;28,2;5,0
SAN;NL:Q:40100720;A. Weeninklaan;Oosterbeek;11,7;0,5;10,0;0,2;5,5;0,1
SAN;NL:Q:40100721;A. Weeninklaan;Oosterbeek;0,4;20,5;0,3;16,6;0,2;8,1
SAN;NL:Q:40100740;Cronjeweg;Oosterbeek;8,2;0,1;6,2;0,0;2,5;0,0
SAN;NL:Q:40100741;Cronjeweg;Oosterbeek;0,5;15,3;0,3;12,3;0,0;4,9
SAN;NL:Q:40100790;Gzc De Dennenkamp;Oosterbeek;0,2;0,6;0,1;0,3;0,0;0,0
SAN;NL:Q:40100800;Gzc De Dennenkamp;Oosterbeek;0,4;0,4;0,1;0,2;0,0;0,0
SAN;NL:Q:40100810;Tuin de Lage Oorsprong;Oosterbeek;0,0;0,1;0,0;0,2;0,0;0,0
SAN;NL:Q:40100820;Tuin de Lage Oorsprong;Oosterbeek;0,0;0,0;0,1;0,0;0,0;0,0
SAN;NL:Q:40100850;Oude Oosterbeekseweg;Heveadorp;0,0;0,2;0,0;0,0;0,0;0,0
SAN;NL:Q:40100860;Oude Oosterbeekseweg;Heveadorp;0,2;0,0;0,0;0,1;0,0;0,0
SAN;NL:Q:40100880;Westerbouwing;Oosterbeek;0,1;0,0;0,1;0,0;0,0;0,0
SAN;NL:Q:40105670;Van Toulon v.d. Koogweg;Oosterbeek;1,5;4,1;0,9;2,4;0,5;1,4
SAN;NL:Q:40105680;Van Toulon v.d. Koogweg;Oosterbeek;3,5;2,0;2,1;1,0;0,9;0,4
SAN;NL:Q:40105690;Oude Kerk;Oosterbeek;1,2;5,8;1,5;4,2;1,1;2,4
SAN;NL:Q:40105700;Oude Kerk;Oosterbeek;5,6;1,3;4,2;1,4;2,7;0,8
SAN;NL:Q:40105710;Kneppelhoutweg;Oosterbeek;1,0;2,2;0,8;0,8;0,7;0,5
SAN;NL:Q:40105720;Kneppelhoutweg;Oosterbeek;2,5;1,0;1,1;0,8;0,6;0,8
SAN;NL:Q:40105730;van Borsselenweg;Oosterbeek;0,1;0,6;0,1;0,6;0,1;0,3
SAN;NL:Q:40105740;van Borsselenweg;Oosterbeek;0,7;0,3;0,6;0,2;0,1;0,1
SAN;NL:Q:40105750;Drielse Veer;Oosterbeek;0,4;0,6;0,6;0,7;0,4;0,6
SAN;NL:Q:40105760;Drielse Veer;Oosterbeek;0,7;0,3;0,8;0,2;0,7;0,2
SAN;NL:Q:40105770;Dunolaan;Heveadorp;0,5;3,6;0,4;3,3;0,3;1,9
SAN;NL:Q:40105780;Dunolaan;Heveadorp;3,1;0,3;2,3;0,4;1,7;0,2
SAN;NL:Q:40105790;Beeklaan;Heveadorp;2,8;6,2;1,8;5,4;0,6;2,3
SAN;NL:Q:40105800;Beeklaan;Heveadorp;6,2;0,9;4,0;0,7;2,4;0,4
SAN;NL:Q:40105810;Wilhelmilaan;Heveadorp;2,0;4,7;1,5;3,6;0,5;1,6
SAN;NL:Q:40105820;Wilhelmilaan;Heveadorp;4,8;3,2;3,7;2,5;1,8;0,5
SAN;NL:Q:40120010;Aansluiting A12;Duiven;14,4;3,5;6,7;0,9;9,2;1,3
SAN;NL:Q:40120030;Hotel De Roskam;Rheden;1,9;0,9;1,1;0,2;0,7;0,2
SAN;NL:Q:40120050;Beekhuizenseweg;Velp;39,9;52,7;18,6;25,2;9,9;12,1
SAN;NL:Q:40120060;Beekhuizenseweg;Velp;15,4;3,5;4,3;0,6;1,9;1,1
SAN;NL:Q:40120070;A.G. Hofkeslaan;Velp;0,9;1,6;0,8;1,4;1,3;1,1
SAN;NL:Q:40120080;A.G. Hofkeslaan;Velp;1,5;0,7;0,8;0,4;1,2;0,5
SAN;NL:Q:40120090;Oosterwolde;Velp;0,7;0,3;0,9;0,4;0,8;0,2
SAN;NL:Q:40120100;Oosterwolde;Velp;0,9;0,7;0,2;0,7;0,3;0,6
SAN;NL:Q:40120110;Gasthuislaan;Velp;26,5;14,7;3,5;0,8;2,4;0,6
SAN;NL:Q:40120140;Reigerstraat;Velp;0,9;1,4;0,4;1,5;0,3;1,0
SAN;NL:Q:40120150;Gruttostraat;Velp;73,9;13,0;5,6;2,1;3,2;1,1
SAN;NL:Q:40120160;Gruttostraat;Velp;9,1;53,6;0,6;2,5;0,8;3,6
SAN;NL:Q:40120210;Bronbeek;Velp;2,5;14,7;1,6;11,7;0,8;8,5
SAN;NL:Q:40120230;Rozenhagelaan;Velp;0,9;21,0;0,7;18,9;0,3;11,5
SAN;NL:Q:40120240;Rozenhagelaan;Velp;15,2;1,4;12,0;0,8;7,4;0,5
SAN;NL:Q:40120250;Nordlaan;Velp;4,0;106,0;0,6;39,1;0,3;30,2
SAN;NL:Q:40120260;Nordlaan;Velp;104,4;5,0;38,5;0,6;25,3;0,8
SAN;NL:Q:40120270;Wilhelminastraat;Velp;5,9;142,4;4,4;120,6;1,1;73,8
SAN;NL:Q:40120280;Wilhelminastraat;Velp;140,4;5,9;114,7;4,8;63,8;2,0
SAN;NL:Q:40120290;Emmastraat;Velp;7,2;81,3;2,1;68,8;0,7;48,3
SAN;NL:Q:40120300;Emmastraat;Velp;78,8;7,2;64,5;2,4;35,2;0,4
SAN;NL:Q:40120310;Hogeweg;Velp;6,1;30,0;1,0;25,9;0,1;19,1
SAN;NL:Q:40120320;Hogeweg;Velp;25,7;3,4;23,1;0,9;18,4;0,0
SAN;NL:Q:40120330;Heemskerklaan;Velp;9,8;7,6;3,7;7,4;2,6;4,6
SAN;NL:Q:40120340;Heemskerklaan;Velp;5,6;1,1;4,4;0,8;3,4;0,0
SAN;NL:Q:40123750;Rhedens Lyceum;Rozendaal;4,3;7,4;0,3;0,2;0,0;0,0
SAN;NL:Q:40123770;Arnhemse Allee;Arnhem;1,1;0,4;0,3;0,2;0,0;0,0
SAN;NL:Q:40123790;Kerklaan;Rozendaal;0,4;3,6;0,3;2,4;0,0;0,0
SAN;NL:Q:40123800;Kerklaan;Rozendaal;2,6;0,6;1,5;0,4;0,0;0,0
SAN;NL:Q:40123810;Hertog van Gelrestraat;Rozendaal;0,2;2,0;0,1;0,6;0,0;0,0
SAN;NL:Q:40123820;Hertog van Gelrestraat;Rozendaal;2,1;0,5;0,8;0,1;0,0;0,0
SAN;NL:Q:40123830;Bergweg;Velp;0,7;3,5;0,1;1,5;0,0;0,0
SAN;NL:Q:40123840;Bergweg;Velp;2,4;0,6;1,1;0,1;0,0;0,0
SAN;NL:Q:40123910;Den Heuvel;Velp;3,3;8,4;1,1;3,3;0,0;0,0
SAN;NL:Q:40123920;Den Heuvel;Velp;6,2;3,6;2,1;1,0;0,0;0,0
SAN;NL:Q:40123930;Kerkstraat;Velp;0,0;5,6;0,0;2,1;0,0;0,0
SAN;NL:Q:40123940;Kerkstraat;Velp;5,2;0,1;2,7;0,0;0,0;0,0
SAN;NL:Q:40123950;Velperbroek;Velp;11,1;22,8;1,6;5,4;1,4;4,2
SAN;NL:Q:40123960;Velperbroek;Velp;27,7;15,5;7,4;1,5;4,4;2,3
SAN;NL:Q:40123980;Ziekenhuis;Velp;10,5;7,3;3,0;1,5;0,0;0,0
SAN;NL:Q:40123990;Ziekenhuis/Waterstraat;Velp;15,2;76,4;2,7;8,7;2,5;11,5
SAN;NL:Q:40124000;Ziekenhuis/Waterstraat;Velp;54,9;5,5;11,1;1,4;9,0;2,2
SAN;NL:Q:40124030;Haverland;Velp;2,5;15,4;1,0;6,2;1,6;8,4
SAN;NL:Q:40124040;Haverland;Velp;11,7;2,8;7,1;1,0;7,3;1,5
SAN;NL:Q:40124050;Graaf Ottostraat;Velp;4,6;28,9;1,6;5,1;1,9;7,2
SAN;NL:Q:40124060;Graaf Ottostraat;Velp;33,5;4,8;6,9;1,7;5,4;1,8
SAN;NL:Q:40124070;Graaf Gerhardstraat;Velp;6,1;49,0;1,0;3,8;1,7;5,7
SAN;NL:Q:40124080;Graaf Gerhardstraat;Velp;51,2;6,3;4,7;1,2;5,1;1,7
SAN;NL:Q:40124090;Brekelenkampstraat;Arnhem;5,8;24,8;1,2;2,4;1,6;4,1
SAN;NL:Q:40124820;Rozendaalselaan;Velp;1,5;0,3;0,8;0,1;0,0;0,0
SAN;NL:Q:40124830;Rozendaalselaan;Velp;2,3;3,1;0,1;1,1;0,0;0,0
SAN;NL:Q:40124840;Biesdelselaan;Velp;7,3;5,4;0,7;0,6;0,0;0,0
SAN;NL:Q:40124850;Biesdelselaan;Velp;2,8;8,8;0,5;1,1;0,0;0,0
SAN;NL:Q:40160030;Schelmseweg;Arnhem;0,9;5,2;0,0;0,0;0,0;0,0
SAN;NL:Q:40160070;Maasbergseweg;Arnhem;2,9;4,2;0,0;0,0;0,0;0,0
SAN;NL:Q:40160080;De Leeren Doedel;Arnhem;0,6;0,2;0,0;0,0;0,0;0,0
SAN;NL:Q:40160090;De Leeren Doedel;Arnhem;0,4;0,5;0,0;0,0;0,0;0,0
SAN;NL:Q:40160110;De Vijverberg;Arnhem;0,0;0,1;0,0;0,0;0,0;0,0
SAN;NL:Q:40160120;De Vijverberg;Arnhem;0,2;0,4;0,0;0,0;0,0;0,0
SAN;NL:Q:40160130;Klein Warnsborn;Arnhem;2,3;0,7;0,0;0,0;0,0;0,0
SAN;NL:Q:40160140;Klein Warnsborn;Arnhem;1,0;1,1;0,0;0,0;0,0;0,0
SAN;NL:Q:40160160;Sportcentrum Papendal;Arnhem;69,7;64,6;0,0;0,0;0,0;0,0
SAN;NL:Q:40160170;v.d. Valk Hotel Arnhem;Arnhem;0,6;5,4;0,0;0,0;0,0;0,0
SAN;NL:Q:40169091;Van der Valk/Papendal;Arnhem;8,3;0,1;0,0;0,0;0,0;0,0
SAN;NL:Q:40170020;C. van Maasdijklaan;Schaarsbergen;0,1;3,6;0,0;0,0;0,0;0,0
SAN;NL:Q:40170030;Hoenderloseweg;Deelen;0,5;0,0;0,0;0,0;0,0;0,0
SAN;NL:Q:40200010;Heidesteinlaan;Renkum;31,3;11,7;12,3;3,9;7,5;1,4
SAN;NL:Q:40200020;Patrimoniumweg;Heelsum;7,8;22,2;5,3;12,9;3,4;8,6
SAN;NL:Q:40200025;Patrimoniumweg;Heelsum;0,0;0,1;0,0;0,0;0,0;0,0
SAN;NL:Q:40200030;Patrimoniumweg;Heelsum;22,6;6,6;11,7;4,0;9,2;3,3
SAN;NL:Q:40200035;Patrimoniumweg;Heelsum;0,0;0,0;0,0;0,0;0,0;0,0
SAN;NL:Q:40200040;Het Beekdal;Heelsum;3,6;20,3;2,7;14,8;1,9;12,0
SAN;NL:Q:40200050;Het Beekdal;Heelsum;18,2;4,0;13,3;3,3;9,2;2,2
SAN;NL:Q:40200060;Doorwerthsestraat;Heelsum;1,3;7,4;0,8;6,4;0,5;3,5
SAN;NL:Q:40200070;Doorwerthsestraat;Heelsum;7,6;1,2;7,8;0,8;3,6;0,5
SAN;NL:Q:40200080;Kievitsdel;Heelsum;1,6;8,9;1,3;8,8;1,4;7,7
SAN;NL:Q:40200090;Kievitsdel;Doorwerth;6,1;2,2;4,8;1,5;5,4;1,1
SAN;NL:Q:40200100;Mooiland;Doorwerth;1,8;5,3;0,7;3,2;0,8;2,0
SAN;NL:Q:40200110;Mooiland;Doorwerth;4,3;2,0;2,7;0,4;1,4;0,4
SAN;NL:Q:40200120;Kasteelweg;Doorwerth;5,0;15,1;1,5;9,3;0,9;7,4
SAN;NL:Q:40200130;Kasteelweg;Doorwerth;16,0;4,8;8,1;1,7;6,2;1,3
SAN;NL:Q:40200140;Kerklaan;Doorwerth;1,0;10,0;0,8;8,5;0,6;8,0
SAN;NL:Q:40200160;Kerklaan;Doorwerth;0,0;0,0;0,0;0,0;0,0;0,0
SAN;NL:Q:40200190;Winkelcentr. De Weerd;Doorwerth;39,5;21,0;32,2;17,2;13,3;4,9
SAN;NL:Q:40200200;Winkelcentr. De Weerd;Doorwerth;20,3;33,8;15,3;26,7;4,8;10,8
SAN;NL:Q:40200220;Kievitsdel;Doorwerth;1,0;3,4;0,7;2,7;0,2;1,7
SAN;NL:Q:40200230;Kievitsdel;Doorwerth;6,0;1,7;5,9;1,3;2,9;0,8
SAN;NL:Q:40200240;Van Aldenburglaan;Doorwerth;0,3;2,3;0,3;2,1;0,2;0,9
SAN;NL:Q:40200270;Hackettweg;Heelsum;9,5;4,2;7,5;2,6;3,3;1,0
SAN;NL:Q:40200290;Dopheidelaan;Heelsum;7,7;4,3;8,0;3,5;3,0;1,2
SAN;NL:Q:40200300;Dopheidelaan;Heelsum;3,3;8,4;2,7;7,5;1,2;3,4
SAN;NL:Q:40200310;Rolandseck;Doorwerth;0,1;0,6;0,1;0,6;0,0;0,0
SAN;NL:Q:40200320;Rolandseck;Doorwerth;0,6;0,1;0,4;0,0;0,0;0,0
SAN;NL:Q:40200330;Spechtlaan;Doorwerth;0,0;0,3;0,1;0,2;0,0;0,0
SAN;NL:Q:40200340;Spechtlaan;Doorwerth;0,2;0,0;0,1;0,0;0,0;0,0
SAN;NL:Q:40200490;Heidestein;Heelsum;0,4;0,2;0,0;0,0;0,0;0,0
SAN;NL:Q:40200510;Heidestein;Heelsum;0,2;0,4;0,0;0,0;0,0;0,0
SAN;NL:Q:40205830;Van der Molenplein;Doorwerth;0,9;11,5;0,8;8,8;0,4;5,0
SAN;NL:Q:40205840;Van der Molenplein;Doorwerth;3,9;0,5;4,0;0,4;2,0;0,2
SAN;NL:Q:40205850;Berkenlaan;Doorwerth;7,7;37,0;4,3;23,5;2,8;14,7
SAN;NL:Q:40205860;Berkenlaan;Doorwerth;41,3;6,3;25,8;3,5;13,4;2,3
SAN;NL:Q:40205890;Van Aldenburglaan;Doorwerth;1,3;0,3;1,3;0,3;0,6;0,2
SAN;NL:Q:40210030;Hotel  Wolfheze;Wolfheze;0,1;0,1;0,1;0,0;0,0;0,0
SAN;NL:Q:40210040;Hotel  Wolfheze;Wolfheze;0,1;0,1;0,0;0,0;0,0;0,0
SAN;NL:Q:40210050;Balijeweg;Wolfheze;0,0;0,0;0,1;0,0;0,0;0,0
SAN;NL:Q:40210060;Balijeweg;Wolfheze;0,0;0,1;0,0;0,2;0,0;0,0
SAN;NL:Q:40210070;Station Wolfheze;Wolfheze;0,8;0,0;0,9;0,0;0,0;0,0
SAN;NL:Q:40210080;Station Wolfheze;Wolfheze;0,1;0,8;0,1;0,9;0,0;0,0
SAN;NL:Q:40210100;Het Schild;Wolfheze;1,5;1,2;1,5;1,0;0,0;0,0
SAN;NL:Q:40210180;Station/Parallelweg;Wolfheze;0,8;0,0;0,0;0,0;0,0;0,0
SAN;NL:Q:40210190;Station/Parallelweg;Wolfheze;0,1;1,7;0,0;0,0;0,0;0,0
SAN;NL:Q:40210200;Boshoeve;Wolfheze;0,0;0,0;0,0;0,0;0,0;0,0
SAN;NL:Q:40210210;Boshoeve;Wolfheze;0,0;0,0;0,0;0,0;0,0;0,0
SAN;NL:Q:40210220;De Buunderkamp;Wolfheze;0,0;0,2;0,0;0,0;0,0;0,0
SAN;NL:Q:40210230;De Buunderkamp;Wolfheze;0,2;0,0;0,0;0,0;0,0;0,0
SAN;NL:Q:40220070;Polenplein;Driel;0,5;0,2;0,0;0,0;0,0;0,0
SAN;NL:Q:40220080;Polenplein;Driel;0,2;0,6;0,0;0,0;0,0;0,0
SAN;NL:Q:40220090;Ausemsstraat;Driel;0,0;0,1;0,0;0,0;0,0;0,0
SAN;NL:Q:40220100;Ausemsstraat;Driel;0,0;0,0;0,0;0,0;0,0;0,0
SAN;NL:Q:40220110;Cremerstraat;Driel;0,1;0,0;0,0;0,0;0,0;0,0
SAN;NL:Q:40220120;Cremerstraat;Driel;0,0;0,1;0,0;0,0;0,0;0,0
SAN;NL:Q:40221020;Grote Breeken;Driel;7,9;0,3;3,5;0,1;2,4;0,0
SAN;NL:Q:40221030;Grote Breeken;Driel;0,2;7,4;0,1;4,8;0,1;2,6
SAN;NL:Q:40221190;De Meikers;Driel;2,3;26,5;0,9;14,2;0,9;9,1
SAN;NL:Q:40221200;De Meikers;Driel;26,4;1,6;13,9;0,9;7,8;0,8
SAN;NL:Q:40221210;Broeksingel;Driel;1,1;12,8;0,1;7,1;0,0;3,7
SAN;NL:Q:40221220;Broeksingel;Driel;14,9;1,4;7,7;0,2;4,2;0,0
SAN;NL:Q:40221310;Vredesteinsestraat;Driel;0,0;1,3;0,0;0,7;0,0;0,1
SAN;NL:Q:40221320;Vredesteinsestraat;Driel;2,2;0,0;0,9;0,0;0,4;0,0
SAN;NL:Q:40221330;Noordhoeksestraat;Driel;0,0;0,7;0,0;0,6;0,0;0,4
SAN;NL:Q:40221340;Noordhoeksestraat;Driel;0,8;0,0;0,8;0,0;0,4;0,0
SAN;NL:Q:40300040;Bokkedijk;Renkum;0,7;0,4;0,5;0,4;0,2;0,3
SAN;NL:Q:40300050;Bokkedijk;Renkum;0,3;2,4;0,3;1,3;0,2;0,6
SAN;NL:Q:40300060;Nieuweweg;Renkum;22,0;25,5;12,4;15,5;7,3;12,2
SAN;NL:Q:40300070;Nieuweweg;Renkum;31,1;21,1;20,3;12,4;9,9;7,0
SAN;NL:Q:40300080;Europalaan;Renkum;21,0;41,0;11,2;26,9;6,1;17,3
SAN;NL:Q:40300090;Europalaan;Renkum;43,7;21,1;28,5;12,6;16,0;6,9
SAN;NL:Q:40300100;Don Boscoweg;Renkum;7,4;29,9;3,5;17,7;2,3;16,0
SAN;NL:Q:40300110;Don Boscoweg;Renkum;29,4;6,4;17,6;3,9;11,7;2,5
SAN;NL:Q:40300120;Groeneweg;Renkum;4,3;15,6;2,9;9,6;1,8;9,3
SAN;NL:Q:40300130;Groeneweg;Renkum;14,1;4,6;9,4;2,9;6,6;2,0
SAN;NL:Q:40300140;Heidesteinlaan;Renkum;11,9;29,3;4,6;11,8;2,0;9,7
SAN;NL:Q:40300160;Hackettweg;Heelsum;4,0;8,2;2,8;5,7;1,2;2,1
SAN;NL:Q:40300170;Telefoonweg;Renkum;8,0;3,7;4,3;2,6;2,3;0,9
SAN;NL:Q:40300180;Telefoonweg;Renkum;3,3;7,7;2,2;4,9;0,7;1,8
SAN;NL:Q:40300190;Fluitersheuvel;Renkum;9,3;6,0;4,1;1,9;2,3;1,3
SAN;NL:Q:40300200;Fluitersheuvel;Renkum;5,0;10,1;2,1;4,8;1,0;3,6
SAN;NL:Q:40300230;Bellevue;Renkum;10,5;7,1;8,1;3,9;4,3;2,2
SAN;NL:Q:40300240;Bellevue;Renkum;5,3;10,3;3,3;6,7;1,3;3,8
SAN;NL:Q:40300270;Doelum;Renkum;13,5;4,1;7,6;2,8;4,9;1,0
SAN;NL:Q:40300280;Doelum;Renkum;3,4;12,3;2,6;7,1;0,6;4,5
SAN;NL:Q:40300380;Maatweg;Renkum;0,0;0,0;0,0;0,0;0,0;0,0
SAN;NL:Q:40300410;IJsbaan/Kortenburg;Renkum;0,0;0,0;0,0;0,0;0,0;0,0
SAN;NL:Q:40300420;IJsbaan/Kortenburg;Renkum;0,1;0,0;0,0;0,0;0,0;0,0
SAN;NL:Q:40300450;Waterweg;Renkum;0,1;0,1;0,0;0,0;0,0;0,0
SAN;NL:Q:40300460;Waterweg;Renkum;0,0;0,0;0,0;0,0;0,0;0,0
SAN;NL:Q:40300470;Nieuwe Keijenbergseweg;Renkum;0,2;0,0;0,0;0,0;0,0;0,0
SAN;NL:Q:40300480;Nieuwe Keijenbergseweg;Renkum;0,0;0,2;0,0;0,0;0,0;0,0
SAN;NL:Q:40300490;van Riessenstraat;Renkum;0,1;0,1;0,0;0,0;0,0;0,0
SAN;NL:Q:40300500;Dorpsstraat;Renkum;0,1;0,2;0,0;0,0;0,0;0,0
SAN;NL:Q:40300510;Centrum;Renkum;0,1;0,0;0,0;0,0;0,0;0,0
SAN;NL:Q:40300520;Centrum;Renkum;0,0;0,2;0,0;0,0;0,0;0,0
SAN;NL:Q:40300530;Wilgenpas;Renkum;0,5;0,1;0,0;0,0;0,0;0,0
SAN;NL:Q:40300540;Wilgenpas;Renkum;0,2;0,4;0,0;0,0;0,0;0,0
SAN;NL:Q:40320060;Poort v. Midden Gld Gr.;Heteren;0,6;6,9;0,0;0,0;0,0;0,0
SAN;NL:Q:40320070;Poort v. Midden Gld Gr.;Heteren;5,8;18,3;0,0;0,0;0,0;0,0
SAN;NL:Q:40320130;Nachtegaalstraat;Heteren;0,1;0,2;0,0;0,0;0,0;0,0
SAN;NL:Q:40320131;Nachtegaalstraat;Heteren;0,0;0,0;0,0;0,0;0,0;0,0
SAN;NL:Q:40320170;Elzenpas;Heteren;7,0;12,3;3,2;7,4;1,3;4,5
SAN;NL:Q:40320210;Beemdhof;Heteren;28,5;29,8;15,9;14,3;9,7;10,9
SAN;NL:Q:40320240;Schaapsakker;Heteren;10,2;0,9;4,8;0,5;2,4;0,2
SAN;NL:Q:40320320;Schoutenkamp;Heteren;0,6;0,6;0,0;0,0;0,0;0,0
SAN;NL:Q:40320360;Heetveld;Heteren;13,7;12,7;6,1;6,5;4,1;3,8
SAN;NL:Q:40320380;Onze Lieve Vrouwestraat;Heteren;10,5;6,4;4,2;2,5;2,3;1,6
SAN;NL:Q:40320390;Polderstraat;Heteren;4,3;29,1;2,9;13,5;0,4;3,7
SAN;NL:Q:40320400;Polderstraat;Heteren;40,5;0,8;18,5;0,3;4,3;0,0
SAN;NL:Q:40321330;Uilenburgsestraat;Heteren;0,2;1,3;0,2;0,6;0,0;0,6
SAN;NL:Q:40321340;Uilenburgsestraat;Heteren;0,0;0,0;0,0;0,0;0,0;0,0
SAN;NL:Q:40321350;Achterstraat/PvMG;Heteren;4,7;50,7;3,0;40,4;0,6;16,9
SAN;NL:Q:40321360;Achterstraat/PvMG;Heteren;34,5;0,8;21,2;0,1;2,8;0,0
SAN;NL:Q:40400080;Arboretumlaan;Wageningen;1,3;25,4;0,8;14,7;0,8;18,0
SAN;NL:Q:40400090;Arboretumlaan;Wageningen;24,9;1,9;16,2;1,1;9,0;1,0
SAN;NL:Q:40400100;Diedenweg;Wageningen;4,6;33,9;2,5;19,5;1,9;31,5
SAN;NL:Q:40400110;Diedenweg;Wageningen;32,8;6,2;22,7;3,7;14,0;2,4
SAN;NL:Q:40400170;Wageningse Berg;Wageningen;16,0;24,9;11,8;19,9;7,6;12,1
SAN;NL:Q:40400440;Wageningse Berg;Wageningen;17,8;15,2;13,8;13,0;8,6;10,2
SAN;NL:Q:40405012;Busstation;Wageningen;31,6;184,4;24,2;122,2;16,8;127,9
SAN;NL:Q:40405013;Busstation;Wageningen;388,0;185,6;314,2;147,9;159,1;143,6
SAN;NL:Q:40410030;Oranje Nassau's Oord;Wageningen;0,3;0,2;0,0;0,0;0,0;0,0
SAN;NL:Q:40410040;Oranje Nassau's Oord;Wageningen;0,2;0,3;0,0;0,0;0,0;0,0
SAN;NL:Q:40410050;Begraafplaats;Wageningen;0,0;0,1;0,0;0,0;0,0;0,0
SAN;NL:Q:40410060;Begraafplaats;Wageningen;0,1;0,0;0,0;0,0;0,0;0,0
SAN;NL:Q:40420018;Jansen van Doorn;Randwijk;0,0;0,0;0,0;0,1;0,0;0,0
SAN;NL:Q:40432001;De Harmonie;Laag-Soeren;1,9;0,0;0,9;0,0;0,9;0,0
SAN;NL:Q:40432002;De Harmonie;Laag-Soeren;0,0;3,3;0,0;1,4;0,0;1,7
SAN;NL:Q:40433002;'t Veentje;Eerbeek;0,0;0,5;0,0;0,2;0,0;0,3
SAN;NL:Q:40441001;Harderwijkerweg;Loenen;0,2;0,0;0,1;0,0;0,1;0,0
SAN;NL:Q:40441003;Bergakkerweg;Loenen;0,2;0,0;0,1;0,0;0,0;0,0
SAN;NL:Q:40441004;Bergakkerweg;Loenen;0,0;0,3;0,0;0,4;0,0;0,2
SAN;NL:Q:40441005;Bruisbeek;Loenen;0,4;0,0;0,4;0,0;0,4;0,0
SAN;NL:Q:40441006;Bruisbeek;Loenen;0,0;1,7;0,0;0,9;0,0;1,0
SAN;NL:Q:40441007;Leeuwenbergweg;Loenen;0,4;0,0;0,1;0,0;0,1;0,0
SAN;NL:Q:40441008;Leeuwenbergweg;Loenen;0,0;0,6;0,0;0,3;0,0;0,3
SAN;NL:Q:40441009;Hoge Bergweg;Loenen;0,3;0,0;0,1;0,0;0,0;0,0
SAN;NL:Q:40441010;Hoge Bergweg;Loenen;0,0;0,5;0,0;0,5;0,0;0,4
SAN;NL:Q:40451009;Hagenbrug;Beekbergen;0,1;0,0;0,0;0,0;0,0;0,0
SAN;NL:Q:40451010;Hagenbrug;Beekbergen;0,0;0,1;0,0;0,0;0,0;0,1
SAN;NL:Q:40451013;De Wipselberg;Beekbergen;0,1;0,0;0,0;0,0;0,1;0,0
SAN;NL:Q:40451014;De Wipselberg;Beekbergen;0,0;0,1;0,0;0,2;0,0;0,1
SAN;NL:Q:40451015;Hulleweg;Beekbergen;0,0;0,0;0,1;0,0;0,1;0,0
SAN;NL:Q:40451016;Hulleweg;Beekbergen;0,0;0,1;0,0;0,2;0,0;0,1
SAN;NL:Q:40451017;Zonnehuis;Beekbergen;0,0;0,0;0,0;0,0;0,1;0,0
SAN;NL:Q:40451018;Zonnehuis;Beekbergen;0,0;0,1;0,0;0,1;0,0;0,1
SAN;NL:Q:40451019;Kerkweg;Beekbergen;0,1;0,0;0,1;0,0;0,1;0,0
SAN;NL:Q:40451020;Kerkweg;Beekbergen;0,0;0,2;0,0;0,1;0,0;0,2
SAN;NL:Q:40451021;Koningsweg;Beekbergen;0,0;0,0;0,0;0,0;0,0;0,0
SAN;NL:Q:40451022;Koningsweg;Beekbergen;0,0;0,1;0,0;0,1;0,0;0,2
SAN;NL:Q:40451034;Laan van Westenenk;Apeldoorn;0,0;0,1;0,0;0,0;0,0;0,0
SAN;NL:Q:40451501;Laan van Malkenschoten;Apeldoorn;0,3;0,0;0,1;0,0;0,0;0,0
SAN;NL:Q:40451502;Laan van Malkenschoten;Apeldoorn;0,0;0,7;0,0;0,0;0,0;0,0
SAN;NL:Q:40541002;Harderwijkerweg;Loenen;0,0;0,3;0,0;0,4;0,0;0,2
SAN;NL:Q:40543001;'t Veentje;Eerbeek;0,2;0,0;0,2;0,0;0,2;0,0
SAN;NL:Q:40543003;Coldenhovenseweg;Eerbeek;0,4;0,0;0,2;0,0;0,2;0,0
SAN;NL:Q:40543004;Coldenhovenseweg;Eerbeek;0,0;1,6;0,0;0,8;0,0;0,6
SAN;NL:Q:40543005;Loubergweg;Eerbeek;0,6;0,0;0,4;0,0;0,2;0,0
SAN;NL:Q:40543006;Loubergweg;Eerbeek;0,0;2,4;0,0;0,6;0,0;0,7
SAN;NL:Q:40543007;Centrum;Eerbeek;1,3;0,0;0,8;0,0;1,1;0,0
SAN;NL:Q:40543008;Centrum;Eerbeek;0,0;3,4;0,0;1,7;0,0;2,2
SAN;NL:Q:40543009;Offenbachstraat;Eerbeek;2,0;0,0;1,1;0,0;1,3;0,0
SAN;NL:Q:40543010;Offenbachstraat;Eerbeek;0,0;8,0;0,0;4,0;0,0;3,2
SAN;NL:Q:40543011;Ringlaan;Eerbeek;2,2;0,0;0,4;0,0;0,6;0,0
SAN;NL:Q:40543012;Ringlaan;Eerbeek;0,0;4,5;0,0;1,4;0,0;1,5
SAN;NL:Q:40543013;Vondellaan;Eerbeek;1,2;0,0;0,7;0,0;0,6;0,0
SAN;NL:Q:40543014;Vondellaan;Eerbeek;0,0;3,6;0,0;0,8;0,0;1,5
SAN;NL:Q:40551002;Station;Apeldoorn;0,0;2,3;0,0;1,4;0,1;1,6
SAN;NL:Q:40551020;Hoofdstraat;Apeldoorn;0,0;1,7;0,0;2,4;0,0;0,7
SAN;NL:Q:40551021;Amaliapark;Apeldoorn;0,1;0,0;0,0;0,0;0,2;0,0
SAN;NL:Q:40551022;Amaliapark;Apeldoorn;0,0;0,3;0,0;0,5;0,0;0,4
SAN;NL:Q:40551023;Zichtweg;Apeldoorn;0,1;0,0;0,1;0,0;0,0;0,0
SAN;NL:Q:40551024;Zichtweg;Apeldoorn;0,0;0,1;0,0;0,2;0,0;0,3
SAN;NL:Q:40551025;Eendrachtstraat;Apeldoorn;0,1;0,0;0,0;0,0;0,0;0,0
SAN;NL:Q:40551026;Eendrachtstraat;Apeldoorn;0,0;0,4;0,0;0,2;0,0;0,3
SAN;NL:Q:40551027;Aluminiumweg;Apeldoorn;0,1;0,0;0,0;0,0;0,1;0,0
SAN;NL:Q:40551028;Aluminiumweg;Apeldoorn;0,0;0,3;0,0;0,1;0,0;0,1
SAN;NL:Q:40551029;Sebastiaanplein;Apeldoorn;0,1;0,0;0,1;0,0;0,1;0,0
SAN;NL:Q:40551030;Sebastiaanplein;Apeldoorn;0,0;0,1;0,0;0,1;0,0;0,2
SAN;NL:Q:40551031;Chopinlaan;Apeldoorn;0,1;0,0;0,1;0,0;0,0;0,0
SAN;NL:Q:40551032;Chopinlaan;Apeldoorn;0,0;0,8;0,0;0,0;0,0;0,2
SAN;NL:Q:40551033;Laan van Westenenk;Apeldoorn;0,0;0,0;0,1;0,0;0,1;0,0
SAN;NL:Q:40551084;Station;Apeldoorn;1,6;0,4;1,9;0,1;2,3;0,6
SAN;NL:Q:40551110;Hoofdstraat;Apeldoorn;0,6;0,0;1,5;0,0;0,3;0,0
SAN;NL:Q:41110030;Grevenveld;Huissen;13,6;56,7;6,1;42,8;4,3;26,6
SAN;NL:Q:41110040;Grevenveld;Huissen;49,7;11,3;37,8;5,4;24,5;3,4
SAN;NL:Q:41110050;Nielant;Huissen;40,0;91,5;18,9;65,0;13,0;38,1
SAN;NL:Q:41110060;Nielant;Huissen;90,4;37,5;64,0;20,3;36,6;10,9
SAN;NL:Q:41110070;Heirweg;Huissen;13,3;41,6;6,1;28,2;4,0;17,6
SAN;NL:Q:41110080;Heirweg;Huissen;34,8;11,6;24,1;5,3;14,7;4,2
SAN;NL:Q:41110090;Bredestraat;Huissen;15,8;48,8;9,5;36,1;6,0;22,5
SAN;NL:Q:41110100;Bredestraat;Huissen;55,7;16,1;38,3;8,5;21,9;6,3
SAN;NL:Q:41110110;Langekerkstraat;Huissen;29,1;54,4;18,5;40,7;10,6;25,4
SAN;NL:Q:41110120;Langekerkstraat;Huissen;49,6;24,5;36,1;14,5;22,6;8,7
SAN;NL:Q:41110150;Stadswal;Huissen;35,6;35,4;12,8;20,5;8,8;12,4
SAN;NL:Q:41110160;Stadswal;Huissen;38,1;39,6;22,8;15,1;13,1;9,1
SAN;NL:Q:41110170;Binnenveld;Huissen;1,4;6,4;0,9;4,1;0,4;2,1
SAN;NL:Q:41110180;Binnenveld;Huissen;6,0;3,3;2,9;0,8;2,4;0,7
SAN;NL:Q:41110210;Valom;Huissen;4,2;14,2;2,2;8,5;1,4;5,6
SAN;NL:Q:41110220;Valom;Huissen;8,1;3,9;3,8;1,7;2,5;1,1
SAN;NL:Q:41110230;Florapark;Huissen;17,6;12,6;5,3;8,5;3,6;6,5
SAN;NL:Q:41110240;Florapark;Huissen;16,5;18,6;11,3;6,3;7,2;4,1
SAN;NL:Q:41110250;Nieuwediep;Huissen;5,6;5,6;2,1;2,5;1,2;1,9
SAN;NL:Q:41110260;Nieuwediep;Huissen;6,3;4,7;3,6;2,1;1,5;1,0
SAN;NL:Q:41110300;Agropark;Huissen;23,0;19,2;5,8;7,6;2,6;3,3
SAN;NL:Q:41110310;Bergerden;Huissen;7,9;7,9;0,0;0,0;0,0;0,0
SAN;NL:Q:41110330;Polseweg;Huissen;0,0;1,0;0,0;0,6;0,0;0,2
SAN;NL:Q:41110340;Polseweg;Huissen;1,1;0,6;0,5;0,2;0,2;0,2
SAN;NL:Q:41110360;Geldersch Oord;Angeren;1,1;0,7;0,6;0,2;0,2;0,4
SAN;NL:Q:41110370;Hedera;Huissen;0,4;3,5;0,0;0,0;0,0;0,0
SAN;NL:Q:41110380;Hedera;Huissen;3,0;0,0;0,0;0,0;0,0;0,0
SAN;NL:Q:41110390;Mea Vota;Huissen;21,0;26,1;11,4;21,0;5,7;11,6
SAN;NL:Q:41110400;Mea Vota;Huissen;25,2;19,2;19,9;9,9;10,1;6,1
SAN;NL:Q:41150010;Dorpstraat/Hamersetraat;Westervoort;0,1;0,2;0,0;0,0;0,0;0,0
SAN;NL:Q:41150050;Het Ambacht;Westervoort;1,1;1,1;0,5;0,7;0,2;0,0
SAN;NL:Q:41150070;Leigraaf;Westervoort;15,0;2,5;9,7;1,4;6,4;0,5
SAN;NL:Q:41150080;Leigraaf;Westervoort;2,4;10,4;1,7;6,9;0,4;6,2
SAN;NL:Q:41150110;Sonnedach;Westervoort;47,4;4,8;37,7;1,9;23,0;1,0
SAN;NL:Q:41150120;Sonnedach;Westervoort;6,7;56,4;3,3;41,2;1,9;26,8
SAN;NL:Q:41150130;Sporthal de Pals;Westervoort;8,0;2,2;8,7;1,7;5,0;0,4
SAN;NL:Q:41150140;Sporthal de Pals;Westervoort;1,9;10,1;1,3;10,4;0,4;5,8
SAN;NL:Q:41150150;Vredenburg;Westervoort;10,0;1,7;7,4;1,0;5,4;0,6
SAN;NL:Q:41150160;Vredenburg;Westervoort;1,5;10,6;0,9;9,2;0,4;5,4
SAN;NL:Q:41151010;Lange Maat;Westervoort;5,1;1,1;3,8;0,5;2,4;0,1
SAN;NL:Q:41151020;Lange Maat;Westervoort;1,1;6,3;0,6;5,7;0,1;3,0
SAN;NL:Q:41151030;Ganzenpoel;Westervoort;41,5;5,1;30,4;2,8;17,0;1,4
SAN;NL:Q:41151040;Ganzenpoel;Westervoort;6,1;33,5;3,6;24,7;2,0;13,8
SAN;NL:Q:41151050;Nieuwhof;Westervoort;33,6;3,4;22,6;2,3;12,4;0,8
SAN;NL:Q:41151060;Nieuwhof;Westervoort;4,3;38,2;2,2;24,0;1,0;15,0
SAN;NL:Q:41151070;Santacker;Westervoort;35,5;2,2;27,1;2,0;15,2;0,5
SAN;NL:Q:41151080;Santacker;Westervoort;2,7;36,7;2,0;28,2;0,6;16,0
SAN;NL:Q:41151090;Emmerik;Westervoort;25,8;2,8;16,9;1,0;10,0;0,5
SAN;NL:Q:41151100;Emmerik;Westervoort;2,4;25,4;1,1;17,6;0,8;12,4
SAN;NL:Q:41151210;Station Westervoort;Westervoort;29,7;77,4;16,8;51,4;8,2;22,6
SAN;NL:Q:41151220;Station Westervoort;Westervoort;107,9;69,3;44,9;14,0;20,2;5,2
SAN;NL:Q:41152090;Heilweg;Westervoort;12,0;2,2;7,7;0,5;3,5;0,4
SAN;NL:Q:41200010;Oude Tol;Elst;0,1;0,9;0,1;0,9;0,0;0,1
SAN;NL:Q:41200040;Platinaweg;Elst;0,5;5,7;0,0;0,0;0,0;0,0
SAN;NL:Q:41200050;Platinaweg;Elst;4,3;0,9;0,0;0,0;0,0;0,0
SAN;NL:Q:41200070;Grote Molenstraat;Elst;0,8;3,4;0,4;2,0;0,2;1,0
SAN;NL:Q:41200080;Grote Molenstraat;Elst;3,0;0,8;1,4;0,6;1,0;0,3
SAN;NL:Q:41200090;Brahmsstraat;Elst;2,3;3,1;1,4;2,5;0,7;1,1
SAN;NL:Q:41200100;Brahmsstraat;Elst;3,3;3,1;2,7;3,5;1,2;1,0
SAN;NL:Q:41200110;W. de Zwijgerstraat;Elst;3,9;7,8;1,8;4,4;1,3;2,2
SAN;NL:Q:41200120;W. de Zwijgerstraat;Elst;10,5;3,9;5,8;1,7;2,5;0,8
SAN;NL:Q:41200130;Prinsenhof;Elst;9,6;21,5;5,7;13,8;2,2;8,2
SAN;NL:Q:41200140;Prinsenhof;Elst;21,4;8,0;13,1;5,2;8,6;1,3
SAN;NL:Q:41200150;Kerkeakkers;Elst;12,4;21,0;6,8;11,5;3,4;6,6
SAN;NL:Q:41200160;Kerkeakkers;Elst;21,1;12,2;12,6;6,7;6,8;3,8
SAN;NL:Q:41200170;Zwartenhof;Elst;1,8;1,6;1,1;0,8;0,8;0,4
SAN;NL:Q:41200180;Zwartenhof;Elst;1,2;1,8;0,5;1,4;0,4;0,8
SAN;NL:Q:41200190;Lange Dreef/Willemsstr.;Elst;9,3;6,6;4,6;1,7;1,6;0,4
SAN;NL:Q:41200200;Lange Dreef/Willemsstr.;Elst;6,3;9,2;1,1;4,7;0,3;1,4
SAN;NL:Q:41200210;de Griend;Elst;15,9;11,0;11,2;5,5;8,8;5,2
SAN;NL:Q:41200220;de Griend;Elst;10,2;17,5;4,8;11,4;3,6;9,7
SAN;NL:Q:41200230;Sportpark de Pas;Elst;0,3;0,2;0,3;0,1;0,2;0,0
SAN;NL:Q:41200240;Sportpark de Pas;Elst;0,2;1,5;0,1;1,1;0,0;0,4
SAN;NL:Q:41200250;de Vork;Elst;1,1;0,1;0,6;0,1;0,1;0,0
SAN;NL:Q:41200260;de Vork;Elst;0,1;0,3;0,1;0,2;0,0;0,0
SAN;NL:Q:41200270;Sint Maartenstraat;Elst;0,4;0,0;0,0;0,0;0,0;0,0
SAN;NL:Q:41200280;Sint Maartenstraat;Elst;0,0;0,4;0,0;0,0;0,0;0,0
SAN;NL:Q:41200290;Europaplein;Elst;0,5;0,4;0,0;0,0;0,0;0,0
SAN;NL:Q:41200310;Kleipeer;Elst;5,9;1,5;0,0;0,0;0,0;0,0
SAN;NL:Q:41200320;Kleipeer;Elst;1,5;5,1;0,0;0,0;0,0;0,0
SAN;NL:Q:41200330;Vergert;Elst;2,0;2,4;0,0;0,0;0,0;0,0
SAN;NL:Q:41200340;Vergert;Elst;2,4;2,3;0,0;0,0;0,0;0,0
SAN;NL:Q:41200350;Dorpsstraat;Elst;12,6;17,8;6,8;9,9;4,5;7,0
SAN;NL:Q:41200360;Dorpsstraat;Elst;16,1;15,2;9,1;8,2;5,3;6,3
SAN;NL:Q:41200370;Bemmelseweg;Elst;7,7;0,8;0,0;0,0;0,0;0,0
SAN;NL:Q:41200380;Bemmelseweg;Elst;0,6;10,0;0,0;0,0;0,0;0,0
SAN;NL:Q:41200510;Griegstraat;Elst;1,7;7,0;0,8;4,3;0,5;1,7
SAN;NL:Q:41200520;Griegstraat;Elst;2,3;0,6;1,5;0,5;0,4;0,2
SAN;NL:Q:41200530;De Wuurde;Elst;18,0;15,1;14,7;11,9;8,1;5,7
SAN;NL:Q:41200540;De Wuurde;Elst;15,4;15,9;10,7;13,4;4,6;6,6
SAN;NL:Q:41200600;Sneeuwjacht;Elst;4,2;13,9;2,4;8,2;1,4;5,2
SAN;NL:Q:41200610;Sneeuwjacht;Elst;12,1;3,9;6,9;2,3;4,4;1,2
SAN;NL:Q:41200620;Morgenster;Elst;13,0;25,1;6,9;10,5;6,6;6,5
SAN;NL:Q:41200630;Morgenster;Elst;26,5;11,7;10,8;7,8;5,9;6,7
SAN;NL:Q:41200690;Mozartstraat;Elst;0,0;0,0;0,0;0,1;0,0;0,0
SAN;NL:Q:41200720;Station Elst;Elst;71,6;65,9;15,2;13,1;9,9;8,9
SAN;NL:Q:41200730;Station Elst;Elst;70,2;69,4;13,2;13,4;10,0;8,0
SAN;NL:Q:41210010;Agropark;Huissen;17,5;25,3;6,2;6,6;3,6;3,0
SAN;NL:Q:41210070;Oostervelden;Bemmel;4,6;4,7;1,2;0,7;0,9;0,4
SAN;NL:Q:41210080;Oostervelden;Bemmel;1,5;2,2;0,5;2,1;0,4;1,0
SAN;NL:Q:41210090;Klappenburgstraat;Bemmel;5,6;1,5;3,1;0,6;1,5;0,5
SAN;NL:Q:41210100;Klappenburgstraat;Bemmel;1,0;4,6;0,5;4,2;0,4;1,7
SAN;NL:Q:41210110;Sportlaan;Bemmel;13,7;4,9;7,1;0,7;3,1;0,3
SAN;NL:Q:41210120;Sportlaan;Bemmel;3,3;12,5;0,9;7,0;0,3;3,8
SAN;NL:Q:41210130;Gemeentehuis;Bemmel;8,4;5,7;4,0;1,2;1,8;0,6
SAN;NL:Q:41210140;Gemeentehuis;Bemmel;2,8;6,0;1,1;4,4;0,4;2,3
SAN;NL:Q:41210150;Molenwei;Bemmel;1,8;0,6;0,6;0,3;0,3;0,1
SAN;NL:Q:41210160;Molenwei;Bemmel;0,5;2,9;0,3;1,6;0,0;0,9
SAN;NL:Q:41210170;Vossenhol;Bemmel;2,8;0,9;2,4;0,8;0,6;0,4
SAN;NL:Q:41210180;Vossenhol;Bemmel;0,9;3,8;0,5;2,9;0,4;1,4
SAN;NL:Q:41210200;de Pas;Bemmel;0,1;0,3;0,1;0,3;0,1;0,2
SAN;NL:Q:41210210;De Rosmolen;Bemmel;0,2;4,1;0,0;0,0;0,0;0,0
SAN;NL:Q:41210220;De Rosmolen;Bemmel;3,8;0,2;0,0;0,0;0,0;0,0
SAN;NL:Q:41210230;Loostraat;Bemmel;46,8;34,5;31,3;18,0;20,6;9,9
SAN;NL:Q:41210240;Loostraat;Bemmel;39,0;47,1;17,9;31,0;10,3;19,5
SAN;NL:Q:41210270;Dorpsstraat;Bemmel;27,6;32,2;17,6;20,0;10,5;11,6
SAN;NL:Q:41210290;Dorpsstraat;Bemmel;36,5;33,5;18,8;16,2;11,2;10,3
SAN;NL:Q:41210490;De Essenpas;Haalderen;1,1;3,3;0,5;1,0;0,3;0,4
SAN;NL:Q:41210510;Papenstraat;Bemmel;51,8;57,3;21,0;27,2;13,5;15,6
SAN;NL:Q:41210520;Papenstraat;Bemmel;59,3;52,2;24,7;22,2;15,5;15,0
SAN;NL:Q:41210650;Klein Rome;Bemmel;27,6;10,3;14,8;8,0;8,2;5,0
SAN;NL:Q:41210660;Klein Rome;Bemmel;9,8;27,4;7,1;16,2;4,2;8,7
SAN;NL:Q:41210680;Kerkenhofstraat;Ressen;2,5;4,6;1,0;1,9;0,6;1,2
SAN;NL:Q:41210690;Parksingel;Bemmel;30,3;11,4;17,4;7,1;10,1;4,5
SAN;NL:Q:41210700;Parksingel;Bemmel;11,4;32,4;7,6;18,5;4,5;11,0
SAN;NL:Q:41220010;Avegoor;Ellecom;1,1;1,0;1,0;0,8;0,6;0,5
SAN;NL:Q:41220030;Oprijlaan Middachten;De Steeg;0,6;0,2;0,1;0,1;0,0;0,1
SAN;NL:Q:41220040;Oprijlaan Middachten;De Steeg;0,1;0,1;0,0;0,0;0,1;0,3
SAN;NL:Q:41220050;Smidsallee;De Steeg;0,4;0,4;0,4;0,2;0,4;0,2
SAN;NL:Q:41220060;Smidsallee;De Steeg;0,5;0,9;0,1;0,2;0,1;0,2
SAN;NL:Q:41220070;Brantsenpark;De Steeg;6,9;3,4;3,2;1,8;3,7;2,2
SAN;NL:Q:41220080;Brantsenpark;De Steeg;3,1;7,1;1,7;3,0;1,4;3,8
SAN;NL:Q:41220090;Viaduct;De Steeg;0,4;0,3;0,3;0,1;0,3;0,1
SAN;NL:Q:41220100;Viaduct;De Steeg;0,2;0,3;0,0;0,1;0,1;0,2
SAN;NL:Q:41220110;Rozenbos;Rheden;0,8;0,3;1,2;0,2;0,6;0,1
SAN;NL:Q:41220120;Rozenbos;Rheden;0,2;1,3;0,1;0,9;0,1;0,4
SAN;NL:Q:41220130;Pinkelseweg;Rheden;0,2;0,4;0,0;0,3;0,0;0,2
SAN;NL:Q:41220140;Pinkelseweg;Rheden;0,1;0,2;0,0;0,2;0,0;0,4
SAN;NL:Q:41220150;Groenestraat;Rheden;6,0;4,9;4,7;2,3;4,4;2,4
SAN;NL:Q:41220160;Groenestraat;Rheden;4,1;5,1;1,8;4,4;1,9;3,9
SAN;NL:Q:41220170;Holtbankseweg;Rheden;1,6;0,9;1,1;0,4;0,9;0,4
SAN;NL:Q:41220180;Holtbankseweg;Rheden;1,0;2,3;0,3;1,4;0,4;1,2
SAN;NL:Q:41220190;Rhederhof;Rheden;4,0;1,9;3,7;0,5;4,0;0,6
SAN;NL:Q:41220200;Rhederhof;Rheden;0,9;3,9;0,7;3,5;0,4;4,5
SAN;NL:Q:41220220;Hotel De Roskam;Rheden;0,6;1,3;0,2;0,7;0,2;0,8
SAN;NL:Q:41220550;NH Kerk;Rheden;2,9;1,7;0,0;0,0;0,0;0,0
SAN;NL:Q:41220560;NH Kerk;Rheden;1,5;3,1;0,0;0,0;0,0;0,0
SAN;NL:Q:41220570;Oranjeweg;Rheden;15,1;0,8;0,0;0,0;0,0;0,0
SAN;NL:Q:41220580;Oranjeweg;Rheden;0,6;10,3;0,0;0,0;0,0;0,0
SAN;NL:Q:41220590;v. Heerdtplein;Rheden;8,3;0,3;0,0;0,0;0,0;0,0
SAN;NL:Q:41220600;v. Heerdtplein;Rheden;0,4;6,7;0,0;0,0;0,0;0,0
SAN;NL:Q:41220650;Overweg;Rheden;0,4;2,0;0,0;0,0;0,0;0,0
SAN;NL:Q:41220660;Overweg;Rheden;1,5;0,4;0,0;0,0;0,0;0,0
SAN;NL:Q:41230010;Groenestraat;Giesbeek;6,3;1,7;1,4;0,3;2,1;0,4
SAN;NL:Q:41230030;Kerkstraat;Lathum;5,8;1,0;1,1;0,3;2,2;0,3
SAN;NL:Q:41230040;Kerkstraat;Lathum;0,9;6,5;0,1;1,5;0,2;2,3
SAN;NL:Q:41230050;Rijderbosweg;Lathum;0,6;0,3;0,1;0,0;0,3;0,0
SAN;NL:Q:41230060;Rijderbosweg;Lathum;0,3;0,6;0,0;0,1;0,0;0,0
SAN;NL:Q:41230080;Aansluiting A12;Duiven;3,1;17,1;0,7;6,5;1,0;9,9
SAN;NL:Q:41250010;Helhoek;Duiven;0,0;0,0;0,0;0,0;0,0;0,0
SAN;NL:Q:41250030;De Plak;Duiven;0,2;0,0;0,2;0,0;0,0;0,0
SAN;NL:Q:41250040;De Plak;Duiven;0,0;0,0;0,0;0,1;0,0;0,0
SAN;NL:Q:41250050;Vergertlaan;Duiven;7,5;0,4;0,0;0,0;0,0;0,0
SAN;NL:Q:41250060;Vergertlaan;Duiven;0,5;6,3;0,0;0,1;0,0;0,0
SAN;NL:Q:41250090;Dorp;Duiven;11,2;4,0;11,6;2,4;6,7;0,8
SAN;NL:Q:41250100;Dorp;Duiven;4,2;14,0;2,5;12,4;0,9;7,6
SAN;NL:Q:41250110;Thuvine;Duiven;3,0;1,2;2,7;0,5;1,7;0,0
SAN;NL:Q:41250120;Thuvine;Duiven;0,0;4,7;0,0;4,9;0,0;2,7
SAN;NL:Q:41250130;van Goyenstraat;Duiven;16,4;2,5;12,1;1,2;8,3;0,0
SAN;NL:Q:41250140;van Goyenstraat;Duiven;3,8;17,7;1,7;14,2;0,1;7,4
SAN;NL:Q:41250150;Maststraat;Duiven;1,7;0,7;4,7;0,7;2,5;0,0
SAN;NL:Q:41250160;Maststraat;Duiven;0,0;2,6;0,0;6,4;0,0;3,8
SAN;NL:Q:41250180;Het Ambacht;Westervoort;1,1;1,8;1,0;0,7;0,1;0,3
SAN;NL:Q:41250190;Schapenweide;Duiven;8,7;0,7;2,7;0,3;0,0;0,0
SAN;NL:Q:41250200;Schapenweide;Duiven;0,8;7,6;0,4;2,8;0,0;0,0
SAN;NL:Q:41250210;Marketing;Duiven;6,0;0,1;0,0;0,0;0,0;0,0
SAN;NL:Q:41250220;Marketing;Duiven;0,1;6,8;0,0;0,0;0,0;0,0
SAN;NL:Q:41250490;Alliander;Duiven;5,8;13,5;0,0;0,0;0,0;0,0
SAN;NL:Q:41250530;IKEA;Duiven;0,5;13,9;0,0;0,0;0,0;0,0
SAN;NL:Q:41250540;IKEA;Duiven;19,7;2,6;0,0;0,0;0,0;0,0
SAN;NL:Q:41250550;Nieuwgraaf 31;Duiven;0,0;5,6;0,0;0,0;0,0;0,0
SAN;NL:Q:41250560;Nieuwgraaf 31;Duiven;3,7;0,1;0,0;0,0;0,0;0,0
SAN;NL:Q:41250630;Typograaf;Duiven;0,1;8,9;0,0;0,0;0,0;0,0
SAN;NL:Q:41250640;Typograaf;Duiven;7,1;0,1;0,0;0,0;0,0;0,0
SAN;NL:Q:41251110;Station Duiven;Duiven;18,7;7,1;11,7;6,2;7,5;4,5
SAN;NL:Q:41251120;Station Duiven;Duiven;7,6;17,8;2,3;12,6;1,5;7,0
SAN;NL:Q:41251130;Bellefleur;Duiven;0,2;1,9;0,0;0,0;0,0;0,0
SAN;NL:Q:41251135;Bellefleur;Duiven;2,0;0,4;0,0;0,0;0,0;0,0
SAN;NL:Q:41251370;Centerpoort Noord;Duiven;12,0;16,1;0,0;0,0;0,0;0,0
SAN;NL:Q:41252010;Talingstraat;Duiven;0,2;4,5;0,0;0,0;0,0;0,0
SAN;NL:Q:41252020;Talingstraat;Duiven;5,1;0,0;0,0;0,0;0,0;0,0
SAN;NL:Q:41252070;Grasklokje;Duiven;0,9;0,1;0,8;0,2;0,4;0,0
SAN;NL:Q:41252080;Grasklokje;Duiven;0,0;1,4;0,0;1,0;0,0;0,6
SAN;NL:Q:41252090;Eilandplein;Duiven;7,9;0,5;5,4;0,1;3,1;0,0
SAN;NL:Q:41252100;Eilandplein;Duiven;0,4;7,7;0,1;5,3;0,1;3,5
SAN;NL:Q:41252110;Schiermonnikoogstraat;Duiven;2,7;0,2;2,2;0,0;0,7;0,0
SAN;NL:Q:41252120;Schiermonnikoogstraat;Duiven;0,2;5,1;0,0;3,7;0,0;1,9
SAN;NL:Q:41252130;Klavierstraat;Duiven;10,2;0,6;4,9;0,1;3,0;0,1
SAN;NL:Q:41252140;Klavierstraat;Duiven;0,4;9,2;0,2;4,9;0,1;3,0
SAN;NL:Q:41252150;Opaal;Duiven;12,1;0,6;10,0;0,1;3,4;0,1
SAN;NL:Q:41252160;Opaal;Duiven;0,6;11,3;0,6;10,9;0,2;3,9
SAN;NL:Q:41252170;Engelstraat;Duiven;0,1;0,1;0,0;0,0;0,0;0,0
SAN;NL:Q:41252180;Engelstraat;Duiven;0,0;0,6;0,0;0,3;0,0;0,2
SAN;NL:Q:41252200;Heilweg;Westervoort;1,7;9,3;0,5;5,9;0,5;3,1
SAN;NL:Q:41260010;Geldersch Oord;Angeren;0,7;1,1;0,3;0,5;0,4;0,2
SAN;NL:Q:41260030;Kamervoort;Angeren;1,1;11,7;0,5;6,0;0,6;4,2
SAN;NL:Q:41260040;Kamervoort;Angeren;8,0;0,7;3,9;0,5;2,0;0,3
SAN;NL:Q:41260060;Julianastraat;Angeren;13,3;4,1;6,5;1,5;4,0;1,0
SAN;NL:Q:41260070;Molenstraat;Angeren;7,3;15,3;4,3;8,8;2,6;5,0
SAN;NL:Q:41260080;Molenstraat;Angeren;6,5;3,5;3,4;2,8;1,9;1,9
SAN;NL:Q:41260090;Sterrenberg;Angeren;0,5;1,4;0,1;0,6;0,0;0,2
SAN;NL:Q:41260100;Sterrenberg;Angeren;1,3;0,6;0,5;0,1;0,4;0,0
SAN;NL:Q:41260110;Boerenhoek;Angeren;0,1;1,1;0,2;0,6;0,0;0,5
SAN;NL:Q:41260120;Boerenhoek;Angeren;1,1;0,2;0,8;0,1;0,5;0,1
SAN;NL:Q:41260130;Stenen Palen;Doornenburg;0,3;0,9;0,2;0,5;0,1;0,4
SAN;NL:Q:41260140;Stenen Palen;Doornenburg;0,8;0,4;0,6;0,3;0,5;0,1
SAN;NL:Q:41260150;de Linge;Doornenburg;0,2;0,6;0,1;0,4;0,0;0,2
SAN;NL:Q:41260160;de Linge;Doornenburg;0,1;0,0;0,1;0,1;0,0;0,0
SAN;NL:Q:41260170;Krakkedel;Doornenburg;1,2;2,1;0,3;1,1;0,2;0,8
SAN;NL:Q:41260180;Krakkedel;Doornenburg;1,3;1,1;0,9;0,5;0,5;0,2
SAN;NL:Q:41260190;de Woerd;Doornenburg;0,5;0,8;0,2;0,4;0,0;0,5
SAN;NL:Q:41260200;de Woerd;Doornenburg;0,6;0,5;0,3;0,2;0,4;0,2
SAN;NL:Q:41260210;Rijnstraat;Doornenburg;3,7;5,3;1,3;3,5;0,8;2,1
SAN;NL:Q:41260220;Rijnstraat;Doornenburg;5,0;4,1;2,8;1,2;2,1;0,6
SAN;NL:Q:41260230;van Kol;Doornenburg;17,9;15,0;8,6;9,6;4,7;5,3
SAN;NL:Q:41260240;van Kol;Doornenburg;14,8;16,1;9,1;7,8;5,5;4,3
SAN;NL:Q:41260250;Blauwe Hoek;Doornenburg;2,1;1,5;1,5;1,7;0,4;0,7
SAN;NL:Q:41260260;Blauwe Hoek;Doornenburg;1,6;2,2;1,1;1,7;0,8;0,6
SAN;NL:Q:41260280;Molenstraat;Gendt;4,9;4,0;2,4;1,9;2,0;1,3
SAN;NL:Q:41320111;Station Dieren;Dieren;28,6;1,0;10,0;0,3;9,4;0,0
SAN;NL:Q:41320112;Station Dieren;Dieren;29,2;20,5;13,9;8,4;12,7;6,2
SAN;NL:Q:41320114;Station Dieren;Dieren;84,2;5,9;48,9;2,0;29,1;0,7
SAN;NL:Q:41320130;Doesburgse Dijk;Dieren;13,0;0,6;1,5;0,1;1,0;0,1
SAN;NL:Q:41320140;Doesburgse Dijk;Dieren;1,2;14,6;1,8;1,7;0,5;0,8
SAN;NL:Q:41320150;Hofstetten;Ellecom;0,2;0,3;0,2;0,4;0,2;0,3
SAN;NL:Q:41320160;Hofstetten;Ellecom;0,6;0,7;0,4;0,5;0,5;0,6
SAN;NL:Q:41320170;Dorp;Ellecom;3,1;1,9;1,5;1,0;2,2;1,2
SAN;NL:Q:41320180;Dorp;Ellecom;1,9;2,7;1,3;1,2;1,2;2,9
SAN;NL:Q:41320200;Avegoor;Ellecom;0,9;1,2;0,5;0,9;0,6;0,7
SAN;NL:Q:41320510;Langebrug;Doesburg;0,0;0,0;0,0;0,0;0,0;0,0
SAN;NL:Q:41320520;Langebrug;Dieren;0,0;0,1;0,1;0,0;0,1;0,0
SAN;NL:Q:41321110;Station Dieren;Dieren;8,1;76,9;5,1;52,0;2,9;30,5
SAN;NL:Q:41321220;Vogelplantsoen;Dieren;0,1;0,1;0,0;0,0;0,0;0,0
SAN;NL:Q:41321280;Sparrenhof;Dieren;0,4;0,3;0,1;0,0;0,0;0,0
SAN;NL:Q:41321300;Imboslaan Industrielaan;Dieren;0,1;0,0;0,0;0,0;0,0;0,0
SAN;NL:Q:41321320;Fazantlaan;Dieren;0,0;0,0;0,0;0,0;0,0;0,0
SAN;NL:Q:41321330;Fazantlaan;Dieren;0,0;0,1;0,0;0,0;0,0;0,0
SAN;NL:Q:41321410;Julius Rontgenlaan;Dieren;0,1;0,1;0,1;0,1;0,0;0,0
SAN;NL:Q:41321470;Gelders Hof;Dieren;0,0;0,0;0,0;0,0;0,0;0,0
SAN;NL:Q:41321500;Tellegenlaan;Dieren;0,2;0,4;0,0;0,1;0,0;0,0
SAN;NL:Q:41321510;Tellegenlaan;Dieren;0,1;0,2;0,0;0,1;0,0;0,0
SAN;NL:Q:41321520;Lindelaan;Dieren;0,0;0,0;0,0;0,0;0,0;0,0
SAN;NL:Q:41321530;Lindelaan;Dieren;0,0;0,0;0,0;0,0;0,0;0,0
SAN;NL:Q:41321540;Spankerenseweg;Dieren;0,0;0,0;0,0;0,0;0,0;0,0
SAN;NL:Q:41321550;Spankerenseweg;Dieren;0,1;0,0;0,0;0,0;0,0;0,0
SAN;NL:Q:41321560;Kanaaldijk;Spankeren;0,0;0,1;0,0;0,0;0,0;0,0
SAN;NL:Q:41321570;Kanaaldijk;Spankeren;0,0;0,0;0,0;0,0;0,0;0,0
SAN;NL:Q:41321580;Dorpsweg;Spankeren;0,0;0,0;0,0;0,0;0,0;0,0
SAN;NL:Q:41321600;Kerkweg;Spankeren;0,1;0,1;0,0;0,1;0,0;0,0
SAN;NL:Q:41321620;Loohof;Spankeren;0,1;0,1;0,1;0,0;0,0;0,0
SAN;NL:Q:41321630;Treubstraat;Dieren;0,0;0,0;0,0;0,0;0,0;0,0
SAN;NL:Q:41321660;E. van Beinumlaan;Dieren;0,0;0,0;0,0;0,0;0,0;0,0
SAN;NL:Q:41321720;Imboslaan Industrielaan;Dieren;0,0;0,2;0,0;0,0;0,0;0,0
SAN;NL:Q:41321730;Abelenlaan;Dieren;0,1;0,1;0,2;0,1;0,0;0,0
SAN;NL:Q:41321740;Larixhof;Dieren;0,1;0,1;0,1;0,0;0,0;0,0
SAN;NL:Q:41321760;Olmenhof;Dieren;0,2;0,1;0,0;0,0;0,0;0,0
SAN;NL:Q:41321830;Zilverakkerweg;Dieren;0,0;0,0;0,0;0,0;0,0;0,0
SAN;NL:Q:41321860;Willem de Feschlaan;Dieren;0,0;0,0;0,0;0,0;0,0;0,0
SAN;NL:Q:41321870;Admiraal Helfrichlaan;Dieren;0,1;0,0;0,0;0,0;0,0;0,0
SAN;NL:Q:41321880;Valeriuslaan;Dieren;0,0;0,0;0,0;0,0;0,0;0,0
SAN;NL:Q:41321890;van Limburg Stirumstraat;Dieren;0,0;0,2;0,0;0,0;0,0;0,0
SAN;NL:Q:41321900;van Limburg Stirumstraat;Dieren;0,1;0,0;0,1;0,0;0,0;0,0
SAN;NL:Q:41321910;Industrielaan;Dieren;0,0;0,1;0,0;0,0;0,0;0,0
SAN;NL:Q:41321920;Industrielaan;Dieren;0,1;0,0;0,0;0,0;0,0;0,0
SAN;NL:Q:41321930;Domeinlaan;Dieren;0,1;0,1;0,0;0,0;0,0;0,0
SAN;NL:Q:41321950;Crematorium Domeinlaan;Dieren;0,1;0,2;0,0;0,1;0,0;0,0
SAN;NL:Q:41321970;Beverodelaan;Dieren;0,0;0,1;0,0;0,0;0,0;0,0
SAN;NL:Q:41322000;Bernard Zweerslaan;Dieren;0,0;0,0;0,0;0,0;0,0;0,0
SAN;NL:Q:41327003;Callunaplein;Dieren;6,4;0,4;3,2;0,4;2,1;0,0
SAN;NL:Q:41327004;Callunaplein;Dieren;0,5;11,3;0,3;3,7;0,0;2,6
SAN;NL:Q:41327005;Rode Kruislaan;Dieren;7,6;0,0;1,9;0,0;1,5;0,0
SAN;NL:Q:41327006;Rode Kruislaan;Dieren;0,0;5,0;0,0;2,5;0,0;1,6
SAN;NL:Q:41327007;Geitenbergweg;Dieren;7,1;0,0;3,3;0,0;3,4;0,0
SAN;NL:Q:41327008;Geitenbergweg;Dieren;0,0;9,5;0,0;3,5;0,0;4,2
SAN;NL:Q:41327009;Crematorium;Dieren;1,5;0,0;0,7;0,0;0,6;0,0
SAN;NL:Q:41327010;Crematorium;Dieren;0,0;2,0;0,0;1,6;0,0;1,1
SAN;NL:Q:41327011;Cederlaan;Dieren;4,4;0,0;2,0;0,0;2,4;0,0
SAN;NL:Q:41327012;Cederlaan;Dieren;0,1;6,9;0,0;3,2;0,0;3,7
SAN;NL:Q:41330030;Wielbergen;Angerlo;1,0;0,2;0,2;0,2;0,3;0,2
SAN;NL:Q:41330040;Wielbergen;Angerlo;0,7;0,9;0,2;0,1;0,1;0,2
SAN;NL:Q:41330050;Bingerdenseweg;Angerlo;0,2;0,1;0,1;0,0;0,1;0,1
SAN;NL:Q:41330060;Bingerdenseweg;Angerlo;0,1;0,1;0,1;0,1;0,1;0,0
SAN;NL:Q:41330070;Tutenburgsestraat;Giesbeek;2,9;0,5;0,2;0,1;0,6;0,1
SAN;NL:Q:41330080;Tutenburgsestraat;Giesbeek;0,4;1,8;0,0;0,3;0,0;0,3
SAN;NL:Q:41330090;Zwalmstraat;Giesbeek;31,5;34,5;5,2;5,5;6,5;7,0
SAN;NL:Q:41330120;Groenestraat;Giesbeek;1,5;6,5;0,3;1,5;0,7;2,6
SAN;NL:Q:41330170;Beumerskamp;Doesburg;21,0;14,1;4,7;1,0;6,9;1,2
SAN;NL:Q:41350090;Oranjelaan;Zevenaar;0,9;2,5;0,2;2,3;0,0;0,0
SAN;NL:Q:41350100;Oranjelaan;Zevenaar;0,8;0,6;0,6;0,1;0,0;0,0
SAN;NL:Q:41350113;Station Zevenaar;Zevenaar;9,0;0,5;0,0;0,0;0,0;0,0
SAN;NL:Q:41350114;Station Zevenaar;Zevenaar;9,7;5,8;0,0;0,0;0,0;0,0
SAN;NL:Q:41350115;Station Uitstaphalte;Zevenaar;0,6;16,3;0,4;2,0;0,0;0,0
SAN;NL:Q:41350116;Station Zevenaar;Zevenaar;80,5;81,0;22,3;21,9;0,0;0,0
SAN;NL:Q:41350130;Oude Doesburgseweg;Zevenaar;12,9;4,8;7,7;1,8;0,0;0,0
SAN;NL:Q:41350140;Oude Doesburgseweg;Zevenaar;5,3;13,3;1,8;7,3;0,0;0,0
SAN;NL:Q:41350150;Sportcentrum;Zevenaar;6,0;7,9;3,0;1,6;0,0;0,0
SAN;NL:Q:41350160;Sportcentrum;Zevenaar;6,3;6,5;1,6;4,3;0,0;0,0
SAN;NL:Q:41350170;Zwembad;Zevenaar;1,8;2,0;1,0;0,6;0,0;0,0
SAN;NL:Q:41350180;Zwembad;Zevenaar;4,4;3,0;0,7;1,4;0,0;0,0
SAN;NL:Q:41350190;Ziekenhuis;Zevenaar;15,5;10,5;5,7;4,6;0,0;0,0
SAN;NL:Q:41350200;Ziekenhuis;Zevenaar;10,9;16,7;4,4;5,9;0,0;0,0
SAN;NL:Q:41350210;Rosorum;Zevenaar;9,4;3,2;3,3;0,8;0,0;0,0
SAN;NL:Q:41350220;Rosorum;Zevenaar;3,5;8,4;1,0;3,3;0,0;0,0
SAN;NL:Q:41350240;Helhoek;Duiven;0,0;0,0;0,0;0,0;0,0;0,0
SAN;NL:Q:41350250;Schellekrans;Zevenaar;2,9;1,0;1,2;0,6;0,0;0,0
SAN;NL:Q:41350260;Schellekrans;Zevenaar;1,9;3,0;0,4;1,6;0,0;0,0
SAN;NL:Q:41350270;Ziekenhuis Hoofdingang;Zevenaar;1,4;0,9;0,0;0,0;0,0;0,0
SAN;NL:Q:41350510;Ringbaan Oost;Zevenaar;0,2;0,0;0,0;0,0;0,0;0,0
SAN;NL:Q:41350520;Ringbaan Oost;Zevenaar;0,0;0,1;0,0;0,0;0,0;0,0
SAN;NL:Q:41350570;De Bem;Zevenaar;0,0;0,4;0,0;0,0;0,0;0,0
SAN;NL:Q:41350630;Tol;Zevenaar;0,7;0,5;0,0;0,0;0,0;0,0
SAN;NL:Q:41350650;Hengelder;Zevenaar;0,0;0,5;0,0;0,0;0,0;0,0
SAN;NL:Q:41350670;7Poort;Zevenaar;0,4;0,5;0,0;0,0;0,0;0,0
SAN;NL:Q:41351010;Buitenmolen;Zevenaar;0,0;0,1;0,0;0,0;0,0;0,0
SAN;NL:Q:41351020;Buitenmolen;Zevenaar;0,1;0,1;0,0;0,0;0,0;0,0
SAN;NL:Q:41351030;Maatjes;Zevenaar;0,0;0,1;0,0;0,0;0,0;0,0
SAN;NL:Q:41351040;Maatjes;Zevenaar;0,0;0,0;0,0;0,0;0,0;0,0
SAN;NL:Q:41351050;Mozartlaan;Zevenaar;0,0;0,0;0,0;0,0;0,0;0,0
SAN;NL:Q:41351060;Mozartlaan;Zevenaar;0,1;0,0;0,0;0,0;0,0;0,0
SAN;NL:Q:41352100;Didamseweg;Zevenaar;0,0;0,0;0,0;0,0;0,0;0,0
SAN;NL:Q:41352120;Didamseweg;Zevenaar;0,0;0,1;0,0;0,0;0,0;0,0
SAN;NL:Q:41353130;Subenhara;Zevenaar;2,6;5,0;1,7;1,8;0,0;0,0
SAN;NL:Q:41353140;Subenhara;Zevenaar;4,5;2,7;1,9;1,2;0,0;0,0
SAN;NL:Q:41360010;Molenstraat;Gendt;4,1;4,6;1,7;2,8;1,8;1,7
SAN;NL:Q:41360030;Olyhorststraat;Gendt;1,0;0,8;0,5;0,4;0,3;0,4
SAN;NL:Q:41360040;Olyhorststraat;Gendt;1,5;1,0;0,6;0,5;0,4;0,3
SAN;NL:Q:41360050;Kapelstraat;Gendt;4,1;4,8;1,7;1,8;1,1;1,9
SAN;NL:Q:41360060;Kapelstraat;Gendt;4,4;2,7;1,8;1,8;1,9;1,0
SAN;NL:Q:41360070;Julianaplein;Gendt;23,1;15,8;11,8;10,5;6,0;5,4
SAN;NL:Q:41360080;Julianaplein;Gendt;18,1;19,5;10,9;10,4;6,3;4,2
SAN;NL:Q:41360090;Markt;Gendt;3,1;2,9;1,3;2,8;0,6;1,4
SAN;NL:Q:41360100;Markt;Gendt;1,8;6,3;1,0;2,9;0,9;1,7
SAN;NL:Q:41360110;Baron van Gendtlaan;Gendt;10,0;6,1;4,7;2,6;2,9;1,5
SAN;NL:Q:41360120;Baron van Gendtlaan;Gendt;7,6;11,0;3,0;5,9;2,5;2,6
SAN;NL:Q:41360130;Kommerdijk;Gendt;2,1;1,5;1,9;1,5;1,8;0,5
SAN;NL:Q:41360140;Kommerdijk;Gendt;1,2;2,1;0,7;2,4;0,4;1,9
SAN;NL:Q:41360150;Kruisstraat;Gendt;3,5;1,6;2,2;0,9;1,5;0,4
SAN;NL:Q:41360160;Kruisstraat;Gendt;1,8;3,7;0,5;2,2;0,3;1,2
SAN;NL:Q:41360170;Industrieterrein;Gendt;4,3;3,1;1,2;0,9;0,8;0,4
SAN;NL:Q:41360180;Industrieterrein;Gendt;2,3;4,5;0,8;1,4;0,4;0,8
SAN;NL:Q:41360190;Groenestraat;Haalderen;0,9;0,4;0,6;0,2;0,2;0,2
SAN;NL:Q:41360200;Groenestraat;Haalderen;0,3;1,1;0,1;0,5;0,0;0,3
SAN;NL:Q:41360230;Kerk;Haalderen;9,2;4,3;5,6;2,5;3,6;1,4
SAN;NL:Q:41360240;Kerk;Haalderen;3,9;7,7;1,9;4,3;1,8;2,7
SAN;NL:Q:41360250;Lage Zandsestraat;Haalderen;3,6;1,6;3,2;1,4;1,2;0,8
SAN;NL:Q:41360260;Lage Zandsestraat;Haalderen;1,7;4,2;0,9;3,4;0,6;1,4
SAN;NL:Q:41360280;De Essenpas;Haalderen;2,9;1,3;0,6;0,7;0,3;0,4
SAN;NL:Q:41360510;Dwarsakker;Gendt;17,0;17,2;7,4;9,6;3,8;5,6
SAN;NL:Q:41360520;Dwarsakker;Gendt;16,7;15,8;8,2;7,0;5,7;3,0
SAN;NL:Q:41420010;NH Kerk;Drempt;1,2;0,0;0,4;0,0;0,5;0,0
SAN;NL:Q:41420050;Gouden Regenstraat;Doesburg;6,9;9,2;0,0;0,0;0,0;0,0
SAN;NL:Q:41420060;Gouden Regenstraat;Doesburg;10,5;5,6;0,0;0,0;0,0;0,0
SAN;NL:Q:41420070;Hoek Looiersweg;Doesburg;5,6;1,6;0,0;0,0;0,0;0,0
SAN;NL:Q:41420080;Hoek Looiersweg;Doesburg;2,9;3,3;0,0;0,0;0,0;0,0
SAN;NL:Q:41420090;Koppelweg;Doesburg;0,0;0,2;0,0;0,0;0,0;0,0
SAN;NL:Q:41420100;Koppelweg;Doesburg;0,2;1,2;0,0;0,0;0,0;0,0
SAN;NL:Q:41420110;Beinum;Doesburg;5,2;4,8;1,1;0,8;1,8;0,6
SAN;NL:Q:41420120;Beinum;Doesburg;3,4;2,5;0,5;0,7;0,8;1,3
SAN;NL:Q:41420130;Potsmaat;Doesburg;6,2;5,2;0,8;0,8;1,8;0,6
SAN;NL:Q:41420140;Potsmaat;Doesburg;4,8;5,5;0,6;1,2;0,7;1,3
SAN;NL:Q:41420150;tunnel Angerlo;Doesburg;8,4;10,0;1,6;0,8;1,9;1,3
SAN;NL:Q:41420160;tunnel Angerlo;Doesburg;7,7;7,0;0,7;1,6;1,2;2,3
SAN;NL:Q:41420180;Beumerskamp;Doesburg;13,0;21,0;1,5;4,3;1,8;5,1
SAN;NL:Q:41420210;Kraakselaan;Doesburg;49,9;39,7;6,5;18,7;5,8;13,0
SAN;NL:Q:41420220;Kraakselaan;Doesburg;46,2;12,5;20,8;1,3;15,0;0,7
SAN;NL:Q:41420230;Meipoort;Doesburg;32,2;13,2;18,2;2,1;13,0;2,2
SAN;NL:Q:41420240;Meipoort;Doesburg;16,5;39,9;3,2;21,7;3,3;15,5
SAN;NL:Q:41420250;Karel Doormansingel;Doesburg;24,9;4,0;13,8;0,2;8,2;0,2
SAN;NL:Q:41420260;Karel Doormansingel;Doesburg;4,6;29,1;0,1;14,2;0,2;8,9
SAN;NL:Q:41420270;Koepoortwal;Doesburg;17,2;1,6;11,0;0,2;7,3;0,1
SAN;NL:Q:41420280;Koepoortwal;Doesburg;2,5;20,0;0,1;12,4;0,0;6,4
SAN;NL:Q:41420290;Haven;Doesburg;2,5;0,8;2,3;0,2;2,9;0,4
SAN;NL:Q:41420300;Haven;Doesburg;0,9;4,4;0,4;2,3;0,6;3,4
SAN;NL:Q:41450030;Kwartiersedijk;Babberich;0,2;0,0;0,0;0,0;0,0;0,0
SAN;NL:Q:41450040;Kwartiersedijk;Babberich;0,0;0,1;0,0;0,0;0,0;0,0
SAN;NL:Q:41450050;Beekseweg;Babberich;0,0;0,1;0,0;0,0;0,0;0,0
SAN;NL:Q:41450060;Beekseweg;Babberich;0,1;0,4;0,0;0,0;0,0;0,0
SAN;NL:Q:41450070;Mariahoeve;Babberich;0,0;0,0;0,0;0,0;0,0;0,0
SAN;NL:Q:41450090;Franciscusstraat;Babberich;4,5;0,6;1,8;0,1;0,0;0,0
SAN;NL:Q:41450100;Franciscusstraat;Babberich;0,7;4,2;0,2;2,3;0,0;0,0
SAN;NL:Q:41450110;Gildestraat;Babberich;0,2;0,1;0,1;0,0;0,0;0,0
SAN;NL:Q:41450120;Gildestraat;Babberich;0,0;0,1;0,0;0,0;0,0;0,0
SAN;NL:Q:41450130;Dorpstraat;Babberich;2,6;0,2;0,7;0,0;0,0;0,0
SAN;NL:Q:41450140;Dorpstraat;Babberich;0,1;2,5;0,0;0,8;0,0;0,0
SAN;NL:Q:41450150;Schutterstent St. Anna;Oud Zevenaar;0,3;0,1;0,3;0,0;0,0;0,0
SAN;NL:Q:41450160;Schutterstent St. Anna;Oud Zevenaar;0,3;0,5;0,0;0,3;0,0;0,0
SAN;NL:Q:41520010;Manege;Laag Keppel;0,5;0,0;0,0;0,0;0,2;0,0
SAN;NL:Q:41520030;Gouden Leeuw;Laag Keppel;2,4;0,0;0,5;0,0;0,5;0,0
SAN;NL:Q:41520040;Gouden Leeuw;Laag Keppel;0,0;1,8;0,0;0,3;0,0;0,2
SAN;NL:Q:41520210;'t Smaaleke;Laag Keppel;0,3;0,0;0,0;0,0;0,1;0,0
SAN;NL:Q:41520220;'t Smaaleke;Laag Keppel;0,0;1,0;0,0;0,5;0,0;0,7
SAN;NL:Q:41520230;Weg naar Hoog-Keppel;Hoog Keppel;0,4;0,0;0,0;0,0;0,1;0,0
SAN;NL:Q:41520240;Weg naar Hoog-Keppel;Hoog Keppel;0,0;0,3;0,0;0,0;0,0;0,0
SAN;NL:Q:41520250;Burg. Vrijlandweg;Hoog Keppel;0,4;0,0;0,1;0,0;0,2;0,0
SAN;NL:Q:41520260;Burg. Vrijlandweg;Hoog Keppel;0,0;0,9;0,0;0,2;0,0;0,3
SAN;NL:Q:41520270;De Braamberg;Drempt;2,6;0,0;0,3;0,0;0,6;0,0
SAN;NL:Q:41520280;De Braamberg;Drempt;0,0;2,9;0,0;0,4;0,0;0,5
SAN;NL:Q:41520300;NH Kerk;Drempt;0,0;1,1;0,0;0,6;0,0;0,4
SAN;NL:Q:41620010;Den Ooiman;Doetinchem;1,8;0,0;0,2;0,0;0,3;0,0
SAN;NL:Q:41620030;IJzergieterij;Langerak;0,2;0,0;0,0;0,0;0,0;0,0
SAN;NL:Q:41620040;IJzergieterij;Langerak;0,0;0,9;0,0;0,0;0,0;0,0
SAN;NL:Q:41620060;Manege;Laag Keppel;0,0;0,9;0,0;0,1;0,0;0,2
SAN;NL:Q:41650010;Lobede;Tolkamer;24,3;26,8;6,9;6,6;0,0;0,0
SAN;NL:Q:41650020;Lobede;Tolkamer;0,0;0,3;0,0;0,0;0,0;0,0
SAN;NL:Q:41650050;Boterdijk/Molen;Lobith;0,0;0,0;0,0;0,0;0,0;0,0
SAN;NL:Q:41650060;Boterdijk/Molen;Lobith;0,0;0,1;0,0;0,0;0,0;0,0
SAN;NL:Q:41650070;Postkantoor;Tolkamer;5,7;0,5;2,1;0,0;0,0;0,0
SAN;NL:Q:41650080;Postkantoor;Tolkamer;0,0;0,3;0,0;0,0;0,0;0,0
SAN;NL:Q:41650085;Graaf Ottoweg;Lobith;0,6;4,1;0,1;0,8;0,0;0,0
SAN;NL:Q:41650090;Dorp;Lobith;23,5;0,5;5,1;0,1;0,0;0,0
SAN;NL:Q:41650100;Dorp;Lobith;0,6;16,5;0,1;4,2;0,0;0,0
SAN;NL:Q:41650110;Graaf Reinaldstraat;Lobith;11,6;0,1;2,7;0,0;0,0;0,0
SAN;NL:Q:41650120;Graaf Reinaldstraat;Lobith;0,5;6,1;0,0;1,3;0,0;0,0
SAN;NL:Q:41650130;Anjerstraat;Lobith;3,0;0,0;0,8;0,0;0,0;0,0
SAN;NL:Q:41650140;Anjerstraat;Lobith;0,2;9,1;0,0;2,3;0,0;0,0
SAN;NL:Q:41650150;De Bijland;Herwen;0,5;0,0;0,1;0,0;0,0;0,0
SAN;NL:Q:41650160;De Bijland;Herwen;0,0;0,4;0,0;0,2;0,0;0,0
SAN;NL:Q:41650200;Willibrordusweg;Spijk;0,7;1,1;0,0;0,0;0,0;0,0
SAN;NL:Q:41720230;Centrum;Doetinchem;13,9;0,0;2,6;0,0;3,4;0,0
SAN;NL:Q:41720240;Centrum;Doetinchem;0,0;22,5;0,0;5,8;0,0;6,5
SAN;NL:Q:41721104;Station;Doetinchem;13,8;21,2;4,1;5,5;4,0;6,8
SAN;NL:Q:41721110;Gemeentehuis;Doetinchem;2,4;0,0;0,4;0,0;0,3;0,0
SAN;NL:Q:41721120;Gemeentehuis;Doetinchem;0,0;6,2;0,0;1,1;0,0;0,8
SAN;NL:Q:41721130;2e Loolaan;Doetinchem;9,9;0,0;1,1;0,0;1,3;0,0
SAN;NL:Q:41721140;2e Loolaan;Doetinchem;0,0;19,9;0,0;1,3;0,0;2,0
SAN;NL:Q:41721160;Den Ooiman;Doetinchem;0,0;4,1;0,0;0,4;0,0;0,9
SAN;NL:Q:41750090;Schoolstraat;Aerdt;1,1;0,0;0,0;0,0;0,0;0,0
SAN;NL:Q:41750100;Schoolstraat;Aerdt;0,0;0,9;0,0;0,0;0,0;0,0
SAN;NL:Q:41750110;Kerkweg;Aerdt;1,8;0,0;0,0;0,0;0,0;0,0
SAN;NL:Q:41750120;Kerkweg;Aerdt;0,0;1,7;0,0;0,0;0,0;0,0
SAN;NL:Q:41750170;Hoogeweg;Pannerden;1,4;0,0;0,0;0,0;0,0;0,0
SAN;NL:Q:41750180;Mariahoeve;Babberich;0,0;0,0;0,0;0,0;0,0;0,0
SAN;NL:Q:41750210;Aerdtsestraat;Pannerden;4,2;0,0;0,0;0,0;0,0;0,0
SAN;NL:Q:41750280;Hoogeweg;Pannerden;0,0;2,1;0,0;0,0;0,0;0,0
SAN;NL:Q:41750360;Aerdtsedijk;Herwen;0,5;0,9;0,0;0,0;0,0;0,0
SAN;NL:Q:41750370;Nijverheidstraat;Herwen;0,5;0,2;0,2;0,1;0,0;0,0
SAN;NL:Q:41750380;Nijverheidstraat;Herwen;0,1;1,1;0,0;0,4;0,0;0,0
SAN;NL:Q:41750390;Dorpsplein;Pannerden;1,0;0,1;0,0;0,0;0,0;0,0
SAN;NL:Q:41750400;Dorpsplein;Pannerden;0,1;1,7;0,0;0,0;0,0;0,0
SAN;NL:Q:41750410;Heuvelhoek;Aerdt;0,2;0,0;0,0;0,0;0,0;0,0
SAN;NL:Q:41750420;Aerdtsestraat;Pannerden;0,0;2,3;0,0;0,0;0,0;0,0
SAN;NL:Q:41750430;Molenpad;Herwen;8,0;0,3;2,5;0,2;0,0;0,0
SAN;NL:Q:41750440;Molenpad;Herwen;0,5;8,0;0,2;1,8;0,0;0,0
SAN;NL:Q:60000030;Nassausingel;Nijmegen;70,6;32,3;63,7;27,1;35,1;12,9
SAN;NL:Q:60000040;Nassausingel;Nijmegen;20,1;127,8;18,1;126,8;7,3;64,2
SAN;NL:Q:60000060;Valkhof;Nijmegen;245,7;158,0;218,7;118,2;87,6;60,9
SAN;NL:Q:60000070;Hunnerpark;Nijmegen;116,4;52,7;79,2;24,1;42,0;26,1
SAN;NL:Q:60000080;Neerbosscheweg;Nijmegen;55,3;44,2;37,2;25,9;30,3;13,1
SAN;NL:Q:60000100;Dennenstraat;Nijmegen;55,8;22,6;29,9;12,3;16,8;6,9
SAN;NL:Q:60000120;Graafseweg/Wolfskuilseweg;Nijmegen;23,5;24,8;14,4;14,1;7,3;7,2
SAN;NL:Q:60000130;Rozenstraat;Nijmegen;17,9;23,4;11,8;12,6;6,2;9,2
SAN;NL:Q:60000140;Rozenstraat;Nijmegen;31,3;30,9;14,4;21,2;10,0;12,3
SAN;NL:Q:60000150;Graafseweg/Wolfskuilseweg;Nijmegen;21,4;21,3;12,2;12,1;7,2;9,6
SAN;NL:Q:60000170;Dennenstraat;Nijmegen;20,7;60,1;12,0;30,0;6,4;29,2
SAN;NL:Q:60000180;Prins Hendrikstraat;Nijmegen;11,7;26,1;13,8;15,5;5,6;14,0
SAN;NL:Q:60000190;Neerbosscheweg;Nijmegen;46,5;58,0;24,2;34,0;14,3;35,1
SAN;NL:Q:60000200;Hunnerpark;Nijmegen;74,8;151,5;45,4;132,6;24,2;67,4
SAN;NL:Q:60000210;Valkhof;Nijmegen;112,6;239,6;84,9;238,4;36,4;97,0
SAN;NL:Q:60000230;Terwindtstraat;Nijmegen;7,9;1,8;7,6;1,0;4,1;0,4
SAN;NL:Q:60000240;Terwindtstraat;Nijmegen;0,4;4,6;0,2;4,0;0,1;2,6
SAN;NL:Q:60000250;Waalkade;Nijmegen;57,1;76,6;52,8;61,1;29,8;48,6
SAN;NL:Q:60000260;Waalkade;Nijmegen;76,5;43,4;56,5;47,2;39,1;26,5
SAN;NL:Q:60000280;Joris Ivensplein;Nijmegen;15,7;60,0;13,1;58,2;7,3;25,3
SAN;NL:Q:60000300;Prins Hendrikstraat;Nijmegen;16,3;12,7;10,0;15,5;6,6;5,2
SAN;NL:Q:60000330;Groenestraat;Nijmegen;21,9;62,6;9,8;39,8;8,0;31,9
SAN;NL:Q:60000340;Groenestraat;Nijmegen;55,6;23,8;37,6;11,5;22,4;10,0
SAN;NL:Q:60000350;Sint Annamolen;Nijmegen;19,7;60,6;5,2;29,3;3,6;18,7
SAN;NL:Q:60000360;Sint Annamolen;Nijmegen;52,2;22,5;23,4;5,5;13,7;3,9
SAN;NL:Q:60000370;Voerweg;Nijmegen;26,5;55,7;31,2;81,4;9,2;27,0
SAN;NL:Q:60000380;Voerweg;Nijmegen;31,1;35,4;42,1;41,4;17,8;12,8
SAN;NL:Q:60000390;Sint Annastraat/Heiweg;Nijmegen;6,8;5,5;2,5;2,0;2,6;3,6
SAN;NL:Q:60000400;Sint Annastraat/Heiweg;Nijmegen;5,9;6,3;1,4;1,6;2,4;1,9
SAN;NL:Q:60000410;Scheidingsweg;Nijmegen;3,5;4,9;1,5;1,8;1,6;2,0
SAN;NL:Q:60000415;;;1,8;2,1;0,0;0,0;0,0;0,0
SAN;NL:Q:60000420;Scheidingsweg;Nijmegen;4,4;5,6;1,2;1,2;1,8;1,6
SAN;NL:Q:60000430;Hertogplein;Nijmegen;46,5;36,5;42,1;24,5;18,7;14,1
SAN;NL:Q:60000460;Marienboom;Nijmegen;29,2;5,2;21,8;2,4;14,3;1,0
SAN;NL:Q:60000470;Coehoornstraat;Nijmegen;0,0;0,0;0,0;0,0;0,0;0,0
SAN;NL:Q:60000480;Van Cranenborchstraat;Nijmegen;29,6;19,8;16,3;2,7;12,6;2,0
SAN;NL:Q:60000490;Kazerne;Nijmegen;22,1;58,1;13,6;31,7;9,6;25,9
SAN;NL:Q:60000500;Groenewoudseweg;Nijmegen;16,6;17,0;10,7;6,8;6,0;4,2
SAN;NL:Q:60000510;Groenewoudseweg;Nijmegen;16,1;18,7;6,7;12,9;5,1;7,0
SAN;NL:Q:60000520;Kazerne;Nijmegen;55,4;18,9;32,2;11,0;18,6;8,4
SAN;NL:Q:60000530;Van Cranenborchstraat;Nijmegen;17,7;33,9;2,9;18,2;1,6;14,9
SAN;NL:Q:60000550;Marienboom;Nijmegen;5,2;22,6;1,9;17,5;1,2;19,4
SAN;NL:Q:60000580;Hertogplein;Nijmegen;21,5;47,8;16,7;42,9;9,2;18,4
SAN;NL:Q:60000590;Sint Canisiussingel;Nijmegen;16,9;45,7;8,0;31,7;5,0;21,7
SAN;NL:Q:60000600;Sint Canisiussingel;Nijmegen;40,0;19,8;27,3;9,5;17,5;12,3
SAN;NL:Q:60000610;Joris Ivensplein;Nijmegen;61,0;10,8;50,4;8,6;21,5;5,6
SAN;NL:Q:60000630;Havenweg;Nijmegen;4,4;39,9;4,7;29,1;2,4;23,2
SAN;NL:Q:60000650;Kronenburgersingel;Nijmegen;81,7;92,5;65,9;85,5;34,6;48,1
SAN;NL:Q:60000660;Kronenburgersingel;Nijmegen;102,4;85,6;65,5;65,2;37,4;37,2
SAN;NL:Q:60000690;Hatertseweg/Grootstalseln;Nijmegen;17,3;38,2;6,8;17,8;4,8;17,6
SAN;NL:Q:60000700;Hatertseweg/Grootstalseln;Nijmegen;38,9;18,2;20,3;6,3;14,5;5,2
SAN;NL:Q:60000720;van Peltlaan;Nijmegen;80,6;55,9;50,6;23,4;32,6;24,8
SAN;NL:Q:60000740;Meentstraat;Nijmegen;32,3;31,8;16,4;4,9;11,0;4,1
SAN;NL:Q:60000760;Krekelstraat;Nijmegen;52,4;21,2;28,9;8,1;17,0;3,4
SAN;NL:Q:60000780;Kam. Onnesstraat;Nijmegen;39,0;19,6;23,1;5,7;14,2;5,5
SAN;NL:Q:60000810;van Peltlaan;Nijmegen;52,0;71,4;26,0;51,2;18,6;37,8
SAN;NL:Q:60000830;Krekelstraat;Nijmegen;26,7;48,6;10,0;26,8;4,3;19,7
SAN;NL:Q:60000850;Kam. Onnesstraat;Nijmegen;18,4;38,2;7,3;20,6;5,0;16,4
SAN;NL:Q:60000860;Burg. Daleslaan;Nijmegen;2,9;4,7;0,0;0,0;0,0;0,0
SAN;NL:Q:60000870;Burg. Daleslaan;Nijmegen;0,1;4,4;0,0;0,0;0,0;0,0
SAN;NL:Q:60000920;Waterkwartier;Nijmegen;0,2;1,0;0,1;0,7;0,1;0,6
SAN;NL:Q:60000930;Waterkwartier;Nijmegen;0,8;5,8;0,6;3,2;0,4;2,9
SAN;NL:Q:60000960;Pompweg;Ubbergen;5,7;4,9;3,5;1,2;2,1;0,8
SAN;NL:Q:60000970;Sluis Weurt;Nijmegen;10,1;1,3;3,5;0,9;2,0;0,5
SAN;NL:Q:60000990;Sluis Weurt;Nijmegen;1,7;11,9;0,9;3,5;0,4;3,0
SAN;NL:Q:60001001;Centraal Station;Nijmegen;73,1;827,1;33,4;341,7;24,7;264,9
SAN;NL:Q:60001002;Centraal Station;Nijmegen;76,7;1219,0;1,8;57,6;0,8;48,6
SAN;NL:Q:60001003;Centraal Station;Nijmegen;673,8;235,3;302,3;109,2;307,6;64,3
SAN;NL:Q:60001004;Centraal Station;Nijmegen;628,3;1268,6;382,1;707,4;273,4;463,6
SAN;NL:Q:60001005;Centraal Station;Nijmegen;396,3;73,8;188,9;27,2;98,4;10,6
SAN;NL:Q:60001006;Centraal Station;Nijmegen;971,8;493,8;510,7;300,1;451,6;168,0
SAN;NL:Q:60001007;Centraal Station;Nijmegen;995,7;791,8;526,1;329,7;363,4;222,2
SAN;NL:Q:60001008;Centraal Station;Nijmegen;414,8;462,5;208,5;287,0;149,5;173,6
SAN;NL:Q:60001010;Centraal Station;Nijmegen;380,0;374,8;192,0;189,5;115,8;129,9
SAN;NL:Q:60001011;Centraal Station;Nijmegen;810,8;418,5;523,7;235,4;370,3;172,2
SAN;NL:Q:60001012;Centraal Station;Nijmegen;642,0;437,3;323,9;268,4;276,4;142,4
SAN;NL:Q:60001013;Centraal Station;Nijmegen;908,9;64,6;0,0;0,0;0,0;0,0
SAN;NL:Q:60001020;Spoorkuil;Nijmegen;31,0;32,8;12,6;12,7;10,2;11,5
SAN;NL:Q:60001030;Spoorkuil;Nijmegen;20,3;15,0;10,2;8,5;9,6;7,4
SAN;NL:Q:60001040;Sint Maartenskliniek;Nijmegen;65,0;65,7;12,0;12,4;8,8;8,2
SAN;NL:Q:60001050;Havenweg;Nijmegen;30,2;4,5;20,5;4,4;16,6;2,3
SAN;NL:Q:60001060;Hengstdalseweg/Sophiaweg;Nijmegen;14,0;0,5;11,4;0,9;5,6;0,2
SAN;NL:Q:60001080;Beukstraat;Nijmegen;31,9;0,7;27,4;0,6;15,5;0,5
SAN;NL:Q:60001100;Hengstdalseweg/Broerdijk;Nijmegen;41,2;2,2;33,0;1,9;18,7;0,9
SAN;NL:Q:60001110;Meentstraat;Nijmegen;35,1;36,1;6,3;19,1;5,0;15,7
SAN;NL:Q:60001130;Pompweg;Ubbergen;5,9;5,4;1,1;2,9;0,8;1,9
SAN;NL:Q:60001160;Koningshof;Nijmegen;75,7;8,0;57,7;5,2;31,9;3,0
SAN;NL:Q:60001180;Obrechtstraat;Nijmegen;16,9;4,7;12,9;2,9;8,2;3,3
SAN;NL:Q:60001200;Smetiusstraat;Nijmegen;61,7;196,8;62,6;178,2;31,8;79,4
SAN;NL:Q:60001220;Badhuis;Nijmegen;36,1;11,2;28,8;10,9;15,5;4,4
SAN;NL:Q:60001230;Professorenwijk;Nijmegen;0,0;0,0;0,0;0,1;0,0;0,0
SAN;NL:Q:60001240;Dominicanenstraat;Nijmegen;37,1;6,2;21,0;5,4;13,8;2,8
SAN;NL:Q:60001250;Bowlingcentrum;Nijmegen;0,0;0,1;0,0;0,3;0,0;0,0
SAN;NL:Q:60001280;UMC Sint Radboud;Nijmegen;255,8;180,4;36,4;23,2;25,6;16,1
SAN;NL:Q:60001290;UMC Sint Radboud;Nijmegen;101,9;151,0;21,6;37,3;15,1;25,6
SAN;NL:Q:60001300;Oud Burgeren Gasthuis;Nijmegen;0,9;0,4;0,5;0,5;0,3;0,3
SAN;NL:Q:60001390;Energieweg/Wolfskuilsewg;Nijmegen;6,0;51,7;0,0;0,0;0,0;0,0
SAN;NL:Q:60001400;Energieweg/Wolfskuilsewg;Nijmegen;25,0;7,1;0,0;0,0;0,0;0,0
SAN;NL:Q:60001410;Dr. de Blecourtstraat;Nijmegen;42,3;14,1;0,0;0,0;0,0;0,0
SAN;NL:Q:60001420;Dr. de Blecourtstraat;Nijmegen;32,2;42,3;0,0;0,0;0,0;0,0
SAN;NL:Q:60001430;Station Goffert;Nijmegen;16,5;13,5;0,0;0,0;0,0;0,0
SAN;NL:Q:60001440;Station Goffert;Nijmegen;20,6;26,2;0,0;0,0;0,0;0,0
SAN;NL:Q:60001470;Akkerlaan;Nijmegen;30,2;5,3;14,7;3,2;9,8;1,3
SAN;NL:Q:60001480;Jan Massinkhal;Nijmegen;6,6;13,0;2,0;5,7;1,6;3,2
SAN;NL:Q:60001490;Jan Massinkhal;Nijmegen;10,9;5,5;3,2;1,4;2,0;1,3
SAN;NL:Q:60001540;Scheepvaartweg;Nijmegen;0,9;5,7;0,0;0,0;0,0;0,0
SAN;NL:Q:60001550;Scheepvaartweg;Nijmegen;5,8;1,2;0,0;0,0;0,0;0,0
SAN;NL:Q:60001600;Winkelsteeg;Nijmegen;28,6;31,3;5,1;7,4;2,8;2,4
SAN;NL:Q:60001610;Winkelsteeg;Nijmegen;27,7;26,9;6,0;3,5;2,6;3,4
SAN;NL:Q:60001630;Station Heyendaal;Nijmegen;169,4;671,0;23,1;65,6;28,6;84,3
SAN;NL:Q:60001640;Station Heyendaal;Nijmegen;544,4;161,5;65,9;19,6;36,1;16,8
SAN;NL:Q:60001670;HAN;Nijmegen;452,0;108,8;2,4;1,1;1,3;0,5
SAN;NL:Q:60001680;HAN;Nijmegen;20,9;28,9;0,6;1,7;0,4;0,4
SAN;NL:Q:60001690;Dominicanenstraat;Nijmegen;6,4;36,9;5,8;21,5;3,9;20,4
SAN;NL:Q:60001700;Smetiusstraat;Nijmegen;90,1;48,7;70,5;45,5;38,0;21,5
SAN;NL:Q:60001710;Badhuis;Nijmegen;18,6;39,1;18,0;27,9;7,9;20,6
SAN;NL:Q:60001720;Pandastraat;Nijmegen;45,8;4,7;19,1;1,1;10,6;0,6
SAN;NL:Q:60001730;Obrechtstraat;Nijmegen;4,8;22,5;2,9;18,0;2,6;10,6
SAN;NL:Q:60001740;Pandastraat;Nijmegen;3,6;31,0;1,1;16,1;0,7;9,2
SAN;NL:Q:60001750;Koningshof;Nijmegen;11,3;70,4;8,8;51,5;5,1;34,0
SAN;NL:Q:60001790;Hengstdalseweg/Broerdijk;Nijmegen;2,3;44,4;1,6;35,1;1,5;27,2
SAN;NL:Q:60001810;Beukstraat;Nijmegen;1,3;28,6;1,2;24,3;1,1;17,0
SAN;NL:Q:60001830;Hengstdalseweg/Sophiaweg;Nijmegen;0,6;19,7;0,4;14,7;0,3;9,1
SAN;NL:Q:60001840;Beemdstraat;Nijmegen;10,9;39,0;8,0;33,3;4,3;23,3
SAN;NL:Q:60001860;Heidebloemstraat;Nijmegen;21,9;73,6;11,0;51,3;6,5;39,7
SAN;NL:Q:60001870;Archimedesstraat;Nijmegen;50,3;16,8;37,9;8,9;19,7;4,2
SAN;NL:Q:60001880;Archimedesstraat;Nijmegen;20,2;55,3;10,1;45,4;5,0;28,8
SAN;NL:Q:60001890;Heidebloemstraat;Nijmegen;86,7;22,9;65,5;12,7;33,5;6,6
SAN;NL:Q:60001900;Galvanistraat;Nijmegen;49,5;18,9;44,7;13,9;24,1;6,6
SAN;NL:Q:60001910;Beemdstraat;Nijmegen;33,0;12,8;26,2;9,8;14,6;5,7
SAN;NL:Q:60001920;Irene Vorrinkstraat;Nijmegen;16,0;33,2;6,9;19,3;3,0;11,4
SAN;NL:Q:60001940;Edisonstraat;Nijmegen;21,1;39,1;16,7;32,1;6,3;20,5
SAN;NL:Q:60001950;Galvanistraat;Nijmegen;17,4;40,0;12,9;38,1;6,4;21,7
SAN;NL:Q:60001960;Akkerlaan;Nijmegen;4,5;29,3;2,5;15,7;1,3;16,1
SAN;NL:Q:60001970;Caesarstraat;Nijmegen;41,5;0,4;28,9;0,1;19,2;0,1
SAN;NL:Q:60001980;Caesarstraat;Nijmegen;0,4;37,8;0,1;29,1;0,1;17,7
SAN;NL:Q:60001990;Irene Vorrinkstraat;Nijmegen;20,5;16,3;9,9;6,8;6,3;2,7
SAN;NL:Q:60002001;Plein 1944;Nijmegen;348,4;322,6;305,1;266,4;130,0;112,4
SAN;NL:Q:60002002;Plein 1944;Nijmegen;458,2;225,1;492,5;270,2;175,1;99,9
SAN;NL:Q:60002003;Plein 1944;Nijmegen;7,3;38,5;24,1;38,4;0,0;0,0
SAN;NL:Q:60002004;Plein 1944;Nijmegen;0,2;0,0;3,0;0,0;0,0;0,0
SAN;NL:Q:60002005;Plein 1944;Nijmegen;181,4;120,2;184,9;62,3;65,4;34,8
SAN;NL:Q:60002006;Plein 1944;Nijmegen;84,6;193,4;64,4;204,4;21,2;76,6
SAN;NL:Q:60002010;Fransestraat;Nijmegen;17,4;36,9;12,4;14,5;8,0;9,9
SAN;NL:Q:60002020;Fransestraat;Nijmegen;26,2;19,2;13,0;11,2;6,0;9,9
SAN;NL:Q:60002090;Prins Bernhardstraat;Nijmegen;0,0;0,0;0,0;0,1;0,0;0,0
SAN;NL:Q:60002520;Tunnelweg;Nijmegen;100,8;39,8;56,7;28,9;51,4;19,5
SAN;NL:Q:60002580;Tunnelweg;Nijmegen;3,5;235,5;2,9;128,4;3,5;84,4
SAN;NL:Q:60003070;Edisonstraat;Nijmegen;42,4;19,0;35,3;14,5;19,5;5,3
SAN;NL:Q:60003120;Kanunnik Faberstraat;Nijmegen;30,8;14,6;23,3;11,4;14,4;8,2
SAN;NL:Q:60003140;Kan. Mijllinckstraat;Nijmegen;28,9;34,7;24,7;28,6;13,0;18,4
SAN;NL:Q:60003220;Kwekerijweg;Nijmegen;7,1;0,3;6,0;0,1;3,8;0,2
SAN;NL:Q:60003230;Kwekerijweg;Nijmegen;0,3;8,0;0,1;7,2;0,1;5,8
SAN;NL:Q:60003260;Gymnasion;Nijmegen;22,6;0,6;20,2;0,3;14,5;0,2
SAN;NL:Q:60003280;Huygensgebouw;Nijmegen;88,9;29,2;18,1;3,1;10,2;2,6
SAN;NL:Q:60003370;Merwedestraat;Nijmegen;5,5;45,8;5,0;40,4;1,8;16,5
SAN;NL:Q:60003430;Zwaluwstraat;Nijmegen;3,1;3,4;0,0;0,0;0,0;0,0
SAN;NL:Q:60003440;Zwaluwstraat;Nijmegen;1,1;6,5;0,0;0,0;0,0;0,0
SAN;NL:Q:60003450;Vlietstraat;Nijmegen;37,6;16,2;25,9;10,2;11,7;7,2
SAN;NL:Q:60003490;Biezenstraat;Nijmegen;50,3;5,3;37,4;4,9;18,6;2,2
SAN;NL:Q:60003580;Vlietstraat;Nijmegen;16,1;35,2;10,7;23,4;5,5;10,1
SAN;NL:Q:60003660;Biezenstraat;Nijmegen;5,3;47,2;5,0;36,9;2,3;17,2
SAN;NL:Q:60003720;Merwedestraat;Nijmegen;48,1;5,6;39,3;5,1;19,4;1,8
SAN;NL:Q:60003770;Huygensgebouw;Nijmegen;75,4;225,8;3,2;16,5;2,3;17,7
SAN;NL:Q:60003810;Gymnasion;Nijmegen;1,1;20,3;0,3;18,8;0,2;15,1
SAN;NL:Q:60003820;Houtlaan;Nijmegen;0,0;0,0;0,0;0,0;0,0;0,0
SAN;NL:Q:60003840;Kan. van Osstraat;Nijmegen;0,9;4,8;0,9;4,4;0,5;3,2
SAN;NL:Q:60003880;Industrieweg;Nijmegen;14,3;66,2;5,1;27,6;1,8;4,8
SAN;NL:Q:60003960;Industrieweg;Nijmegen;80,5;15,4;28,1;6,5;4,9;1,7
SAN;NL:Q:60004080;Tollensstraat;Nijmegen;29,3;72,9;16,1;54,9;8,5;32,3
SAN;NL:Q:60004120;Thijmstraat;Nijmegen;16,1;77,5;7,1;45,0;4,7;34,1
SAN;NL:Q:60004160;Dobbelmanweg/Groenestr.;Nijmegen;6,2;17,2;2,3;8,8;1,2;9,7
SAN;NL:Q:60004220;Hertstraat;Nijmegen;3,2;25,5;0,9;11,9;0,6;10,6
SAN;NL:Q:60004320;Muntweg/Wezenlaan;Nijmegen;14,5;49,0;8,1;35,4;5,3;23,5
SAN;NL:Q:60004370;Heideparkseweg;Nijmegen;21,1;5,6;18,8;2,5;12,2;1,7
SAN;NL:Q:60004380;Muntweg/Overweg;Nijmegen;4,8;29,3;2,8;20,2;1,8;14,8
SAN;NL:Q:60004420;Manningstraat;Nijmegen;1,1;14,8;0,9;13,1;0,7;8,4
SAN;NL:Q:60004450;Manningstraat;Nijmegen;11,4;1,2;8,1;0,6;4,0;0,6
SAN;NL:Q:60004490;Muntweg/Overweg;Nijmegen;27,5;4,9;18,0;2,5;9,8;1,1
SAN;NL:Q:60004520;Heideparkseweg;Nijmegen;3,6;22,3;2,1;17,9;1,4;13,9
SAN;NL:Q:60004530;Muntweg/Wezenlaan;Nijmegen;34,3;14,3;24,6;7,6;12,2;5,3
SAN;NL:Q:60004610;Hertstraat;Nijmegen;27,0;3,8;10,7;0,5;8,3;0,6
SAN;NL:Q:60004650;Willemsweg/Groenestraat;Nijmegen;38,9;13,2;25,7;5,4;15,3;3,3
SAN;NL:Q:60004690;Thijmstraat;Nijmegen;80,8;16,9;51,2;6,7;26,8;4,6
SAN;NL:Q:60004730;Tollensstraat;Nijmegen;80,8;38,6;54,7;18,9;31,5;11,4
SAN;NL:Q:60004810;CW-ziekenhuis;Nijmegen;128,3;43,3;24,8;6,8;16,6;4,1
SAN;NL:Q:60004820;CW-ziekenhuis;Nijmegen;39,6;119,2;7,3;21,8;4,8;15,2
SAN;NL:Q:60004830;Begraafplaats Jonkerbos;Nijmegen;60,7;26,2;31,2;7,7;17,7;6,4
SAN;NL:Q:60004840;Begraafplaats Jonkerbos;Nijmegen;24,2;58,5;7,3;32,0;4,5;22,2
SAN;NL:Q:60004850;Sanadome;Nijmegen;24,7;6,8;17,7;3,5;12,4;1,6
SAN;NL:Q:60004860;Sanadome;Nijmegen;5,4;28,3;2,3;18,3;1,2;12,0
SAN;NL:Q:60005160;Vijverhof;Nijmegen;22,7;0,5;20,3;0,2;12,4;0,2
SAN;NL:Q:60005180;Kwakkenbergweg/Sophiaweg;Nijmegen;44,7;0,5;17,1;0,4;9,3;0,1
SAN;NL:Q:60005190;Kwakkenbergweg/Sophiaweg;Nijmegen;0,7;39,7;0,3;15,6;0,2;14,1
SAN;NL:Q:60005290;Hatert-Centrum;Nijmegen;5,5;36,8;3,9;10,8;2,6;10,7
SAN;NL:Q:60005320;Broerweg;Nijmegen;75,4;0,6;38,2;0,1;22,0;0,0
SAN;NL:Q:60005330;Broerweg;Nijmegen;0,8;74,9;0,3;40,9;0,1;26,5
SAN;NL:Q:60005360;Mr. Franckenstraat;Nijmegen;3,7;2,2;2,1;0,3;1,8;0,2
SAN;NL:Q:60005370;Mr. Franckenstraat;Nijmegen;0,6;5,5;0,3;3,6;0,2;3,0
SAN;NL:Q:60005380;Mesdagstraat;Nijmegen;19,8;0,5;11,0;0,4;8,7;0,1
SAN;NL:Q:60005410;Hugo de Grootstraat;Nijmegen;4,2;31,0;1,3;17,7;1,0;15,6
SAN;NL:Q:60005440;Hugo de Grootstraat;Nijmegen;38,2;3,3;23,6;0,7;15,3;0,8
SAN;NL:Q:60005450;Mesdagstraat;Nijmegen;0,9;21,2;0,6;15,3;0,2;10,2
SAN;NL:Q:60005480;Mariaplein;Nijmegen;9,9;3,0;6,2;1,1;4,8;0,4
SAN;NL:Q:60005490;Mariaplein;Nijmegen;0,8;10,7;0,5;5,9;0,2;6,2
SAN;NL:Q:60005510;;;1,2;0,1;0,3;0,0;0,8;0,1
SAN;NL:Q:60005560;Hatert-Centrum;Nijmegen;47,8;4,5;15,5;2,5;10,8;3,3
SAN;NL:Q:60005650;Vijverhof;Nijmegen;0,7;24,3;0,5;22,2;0,2;12,9
SAN;NL:Q:60008020;Couwenbergstraat;Nijmegen;89,5;142,8;78,0;117,8;28,7;77,2
SAN;NL:Q:60008030;Hatert-Delsenhof;Nijmegen;32,4;26,3;27,4;21,5;14,7;10,5
SAN;NL:Q:60008040;Polkastraat;Nijmegen;77,3;62,3;57,7;44,8;31,3;26,8
SAN;NL:Q:60008050;Hogendorpstraat;Nijmegen;24,5;0,7;16,7;0,9;9,9;0,2
SAN;NL:Q:60008060;Hogendorpstraat;Nijmegen;3,1;35,9;2,5;26,9;0,9;17,5
SAN;NL:Q:60008070;Thorbeckestraat;Nijmegen;119,8;38,2;76,4;27,0;46,6;13,1
SAN;NL:Q:60008080;Winkelcentrum Notenhout;Nijmegen;120,3;0,9;104,9;0,5;53,6;0,2
SAN;NL:Q:60008090;Middachtenstraat;Nijmegen;36,5;0,2;25,2;0,3;16,5;0,1
SAN;NL:Q:60008100;Couwenbergstraat;Nijmegen;143,9;87,3;127,0;73,7;67,6;30,3
SAN;NL:Q:60008110;Treubstraat;Nijmegen;50,7;2,2;42,5;2,2;24,5;1,0
SAN;NL:Q:60008120;Aubadestraat;Nijmegen;59,3;1,1;49,8;0,5;27,8;0,4
SAN;NL:Q:60008140;v.d.Duyn van Maasdamstr.;Nijmegen;5,8;20,5;4,7;17,5;1,4;11,1
SAN;NL:Q:60008150;v.d.Duyn van Maasdamstr.;Nijmegen;38,1;8,2;31,2;6,1;16,6;1,9
SAN;NL:Q:60008160;Paul Krugerstraat;Nijmegen;116,6;8,9;91,5;5,8;51,0;2,2
SAN;NL:Q:60008180;Vuurdoornstraat;Nijmegen;99,9;6,8;75,5;4,4;45,6;2,3
SAN;NL:Q:60008190;Nocturnestraat;Nijmegen;0,4;32,5;0,4;24,7;0,2;15,7
SAN;NL:Q:60008200;Nocturnestraat;Nijmegen;42,0;0,3;33,1;0,1;18,4;0,1
SAN;NL:Q:60008220;Molenweg/Wolfskuilseweg;Nijmegen;37,8;8,8;30,3;5,6;16,0;2,8
SAN;NL:Q:60008240;Fuchsiastraat;Nijmegen;110,5;40,9;100,2;30,1;44,4;12,4
SAN;NL:Q:60008280;2e Oude Heselaan;Nijmegen;37,2;23,6;29,4;12,6;13,2;9,4
SAN;NL:Q:60008430;2e Oude Heselaan;Nijmegen;20,9;46,7;12,5;41,4;9,9;17,1
SAN;NL:Q:60008440;Treubstraat;Nijmegen;2,9;61,1;2,6;42,9;0,8;28,6
SAN;NL:Q:60008450;Fuchsiastraat;Nijmegen;52,6;105,8;38,0;91,7;15,8;41,7
SAN;NL:Q:60008460;Thorbeckestraat;Nijmegen;34,6;109,9;24,6;73,4;10,6;47,8
SAN;NL:Q:60008480;Middachtenstraat;Nijmegen;0,3;33,7;0,3;23,8;0,1;17,6
SAN;NL:Q:60008490;Molenweg/Wolfskuilseweg;Nijmegen;4,6;48,4;2,9;41,2;1,8;27,8
SAN;NL:Q:60008530;Vuurdoornstraat;Nijmegen;6,8;112,2;5,0;83,0;2,4;59,3
SAN;NL:Q:60008570;Paul Krugerstraat;Nijmegen;7,7;87,7;5,3;71,9;2,2;47,2
SAN;NL:Q:60008610;Aubadestraat;Nijmegen;0,6;66,3;0,4;52,9;0,3;31,5
SAN;NL:Q:60008620;Rosa de Limastraat;Nijmegen;1,1;34,5;0,6;27,5;0,2;14,7
SAN;NL:Q:60008630;Rosa de Limastraat;Nijmegen;27,5;1,5;20,0;1,5;10,4;0,4
SAN;NL:Q:60008650;Winkelcentrum Notenhout;Nijmegen;1,0;122,8;0,6;99,7;0,4;54,5
SAN;NL:Q:60009630;Erasmusgebouw;Nijmegen;282,7;423,8;6,8;26,8;6,1;23,8
SAN;NL:Q:60009640;Erasmusgebouw;Nijmegen;178,5;45,1;24,9;5,4;19,6;4,6
SAN;NL:Q:60009650;Spinozageb/Tandheelkunde;Nijmegen;164,2;211,9;5,4;4,4;4,0;3,3
SAN;NL:Q:60009661;Spinozageb/Tandheelkunde;Nijmegen;66,8;48,2;3,1;6,3;2,7;4,4
SAN;NL:Q:60100010;Sportpark Union;Malden;1,9;2,2;0,4;1,2;0,3;0,9
SAN;NL:Q:60100020;Rijksweg/Grote Loef;Malden;10,4;0,8;5,8;0,6;6,1;0,3
SAN;NL:Q:60100030;Grootveldschelaan;Malden;1,0;17,9;0,7;6,6;0,6;8,1
SAN;NL:Q:60100040;Groesbeekseweg;Malden;16,8;3,0;10,6;2,4;12,3;2,0
SAN;NL:Q:60100060;Kloosterstraat;Malden;13,7;1,1;11,1;0,4;11,6;0,4
SAN;NL:Q:60100070;Kloosterstraat;Malden;0,8;12,9;0,7;9,9;0,5;9,9
SAN;NL:Q:60100090;Groesbeekseweg;Malden;3,8;18,9;3,2;11,5;2,5;14,4
SAN;NL:Q:60100100;Grootveldschelaan;Malden;19,4;1,1;6,5;0,6;8,1;0,6
SAN;NL:Q:60100110;Rijksweg/Grote Loef;Malden;0,6;9,9;0,3;6,0;0,3;6,9
SAN;NL:Q:60100120;Sportpark Union;Malden;2,3;3,5;0,8;0,6;0,9;0,4
SAN;NL:Q:60100130;Rijksweg/Nertsstraat;Malden;0,3;6,2;0,3;2,7;0,5;2,8
SAN;NL:Q:60100140;Rijksweg/Nertsstraat;Malden;4,6;0,6;2,8;0,4;2,2;0,4
SAN;NL:Q:60100150;De Wieken;Malden;0,1;9,9;0,0;0,2;0,0;0,0
SAN;NL:Q:60100160;De Lage Horst;Malden;6,2;0,1;0,0;0,0;0,0;0,0
SAN;NL:Q:60100170;De Kruigang;Malden;0,1;3,4;0,0;0,0;0,0;0,0
SAN;NL:Q:60100180;De Veldschuur;Malden;14,1;0,2;0,0;0,0;0,0;0,0
SAN;NL:Q:60100190;De Veldschuur;Malden;0,1;11,7;0,0;0,2;0,0;0,0
SAN;NL:Q:60100200;De Kruigang;Malden;3,3;0,0;0,0;0,0;0,0;0,0
SAN;NL:Q:60100210;De Lage Horst;Malden;0,1;5,2;0,0;0,2;0,0;0,0
SAN;NL:Q:60100220;De Wieken;Malden;10,5;0,0;0,0;0,0;0,0;0,0
SAN;NL:Q:60100250;Vinkenlaan;Malden;0,0;6,0;0,0;0,0;0,0;0,0
SAN;NL:Q:60100260;Vinkenlaan;Malden;7,0;0,2;0,0;0,0;0,0;0,0
SAN;NL:Q:60100270;Heidezoom;Malden;1,7;7,6;0,0;0,1;0,0;0,0
SAN;NL:Q:60100280;Heidezoom;Malden;9,5;0,4;0,0;0,0;0,0;0,0
SAN;NL:Q:60100910;Plantsoenstraat;Malden;0,0;0,1;0,0;0,0;0,0;0,0
SAN;NL:Q:60100920;Plantsoenstraat;Malden;0,1;0,0;0,0;0,0;0,0;0,0
SAN;NL:Q:60100940;Broekkant/Malderburch;Malden;0,2;0,0;0,0;0,0;0,0;0,0
SAN;NL:Q:60101030;Zweefvliegveld;Malden;0,1;0,1;0,0;0,0;0,0;0,0
SAN;NL:Q:60101040;Zweefvliegveld;Malden;0,1;0,0;0,0;0,0;0,0;0,0
SAN;NL:Q:60101070;Groesbeekseweg/Bosweg;Malden;0,0;0,0;0,0;0,0;0,0;0,0
SAN;NL:Q:60101080;Groesbeekseweg/Bosweg;Malden;0,0;0,0;0,0;0,0;0,0;0,0
SAN;NL:Q:60101120;Schoolstraat;Malden;2,9;2,5;0,0;0,0;0,0;0,0
SAN;NL:Q:60109140;Raadhuisstraat;Malden;0,0;0,5;0,0;0,0;0,0;0,0
SAN;NL:Q:60110010;Dekkerswald;Groesbeek;4,2;33,3;3,0;20,7;1,3;13,9
SAN;NL:Q:60110020;Werkenrode;Groesbeek;27,8;5,3;14,1;2,8;10,8;1,5
SAN;NL:Q:60110030;Werkenrode;Groesbeek;5,3;31,3;3,1;15,9;1,3;12,4
SAN;NL:Q:60110040;Dekkerswald;Groesbeek;30,9;4,3;19,6;2,7;13,9;1,4
SAN;NL:Q:60110050;Pro Persona;Nijmegen;0,0;0,3;0,0;0,1;0,0;0,3
SAN;NL:Q:60110060;Pro Persona;Nijmegen;0,6;0,0;0,1;0,0;0,2;0,0
SAN;NL:Q:60110070;De Thermen/MMK;Nijmegen;0,0;0,3;0,0;0,5;0,0;0,4
SAN;NL:Q:60110090;De Thermen/MMK;Nijmegen;0,3;0,1;0,2;0,0;0,2;0,0
SAN;NL:Q:60110110;Museum Orientalis;Heilig Landstichting;0,3;0,3;0,0;0,0;0,2;0,4
SAN;NL:Q:60110130;Afrika Museum;Berg en Dal;1,9;1,4;1,8;1,8;0,9;0,8
SAN;NL:Q:60110150;Sionsweg;Heilig Landstichting;4,3;15,3;2,9;13,4;2,0;10,8
SAN;NL:Q:60110160;Sionsweg;Heilig Landstichting;16,0;5,8;14,1;3,7;11,4;2,2
SAN;NL:Q:60110440;Panovenlaan;Nijmegen;26,3;5,6;12,4;2,2;8,2;1,3
SAN;NL:Q:60110570;Panovenlaan;Nijmegen;5,6;29,9;1,8;14,6;1,3;9,5
SAN;NL:Q:60140050;Centrum;Heumen;0,2;0,4;0,0;0,0;0,0;0,0
SAN;NL:Q:60140060;Centrum;Heumen;0,5;0,1;0,0;0,0;0,0;0,0
SAN;NL:Q:60140090;Worsumseweg;Overasselt;0,0;0,0;0,0;0,0;0,0;0,0
SAN;NL:Q:60140100;Worsumseweg;Overasselt;0,1;0,0;0,0;0,0;0,0;0,0
SAN;NL:Q:60140130;Tempelstraat;Overasselt;0,2;0,1;0,0;0,0;0,0;0,0
SAN;NL:Q:60140140;Tempelstraat;Overasselt;0,1;0,1;0,0;0,0;0,0;0,0
SAN;NL:Q:60140170;Beatrixstraat;Overasselt;0,4;0,2;0,0;0,0;0,0;0,0
SAN;NL:Q:60140180;Beatrixstraat;Overasselt;0,3;0,4;0,0;0,0;0,0;0,0
SAN;NL:Q:60140310;Sint Walrick;Overasselt;0,2;3,4;0,2;3,0;0,2;1,8
SAN;NL:Q:60140320;Sint Walrick;Overasselt;3,1;0,3;2,9;0,1;2,3;0,1
SAN;NL:Q:60140330;Schatkuilsestraat;Overasselt;0,1;1,6;0,0;1,4;0,0;0,8
SAN;NL:Q:60140340;Schatkuilsestraat;Overasselt;1,7;0,1;1,1;0,0;1,1;0,0
SAN;NL:Q:60140350;Sleeburgsestraat;Overasselt;0,0;0,6;0,0;0,2;0,0;0,2
SAN;NL:Q:60140360;Sleeburgsestraat;Overasselt;0,5;0,0;0,2;0,0;0,2;0,0
SAN;NL:Q:60140370;Kasteelsestraat;Overasselt;0,0;0,7;0,0;0,3;0,0;0,2
SAN;NL:Q:60140380;Kasteelsestraat;Overasselt;0,2;0,1;0,1;0,0;0,0;0,0
SAN;NL:Q:60140390;Hoogstraat;Overasselt;1,4;21,0;0,4;8,1;0,4;6,2
SAN;NL:Q:60140400;Hoogstraat;Overasselt;21,6;1,2;7,1;0,4;5,7;0,3
SAN;NL:Q:60140410;Ewijkseweg;Overasselt;0,1;0,9;0,0;0,6;0,0;0,2
SAN;NL:Q:60140420;Ewijkseweg;Overasselt;1,1;0,1;0,5;0,0;0,4;0,0
SAN;NL:Q:60140430;Gaasselsedam;Overasselt;0,0;0,8;0,0;0,3;0,0;0,2
SAN;NL:Q:60140440;Gaasselsedam;Overasselt;0,9;0,1;0,3;0,0;0,3;0,0
SAN;NL:Q:60150010;Streekweg;Nijmegen;1,3;4,4;0,4;1,7;0,4;0,8
SAN;NL:Q:60150030;Teersdijk;Alverna;0,5;5,8;0,1;2,5;0,2;1,1
SAN;NL:Q:60150040;Heumenseweg;Alverna;12,0;2,6;6,1;0,5;3,2;0,4
SAN;NL:Q:60150050;Havenweg;Alverna;0,5;3,9;0,1;1,8;0,0;1,3
SAN;NL:Q:60150060;Havenweg;Alverna;2,1;0,6;1,0;0,2;0,7;0,0
SAN;NL:Q:60150070;Heumenseweg;Alverna;2,3;10,5;0,5;5,2;0,4;2,8
SAN;NL:Q:60150080;Teersdijk;Alverna;6,1;1,2;3,3;0,8;2,1;0,4
SAN;NL:Q:60150100;Streekweg;Nijmegen;3,7;2,5;1,4;0,5;1,2;0,5
SAN;NL:Q:60150110;Industriepark;Wijchen;0,4;1,8;0,1;1,2;0,1;1,3
SAN;NL:Q:60150120;Industriepark;Wijchen;2,5;0,6;0,8;0,1;0,8;0,1
SAN;NL:Q:60150130;Teersdijk;Alverna;0,7;4,0;0,5;1,4;0,3;1,4
SAN;NL:Q:60150180;Parksesteeg;Overasselt;0,5;0,1;0,5;0,1;0,3;0,0
SAN;NL:Q:60150200;Oude Nijmeegseweg;Overasselt;0,9;0,1;0,7;0,0;0,7;0,0
SAN;NL:Q:60150220;Cornelis Drebbelstraat;Wijchen;0,3;1,6;0,1;0,3;0,0;0,2
SAN;NL:Q:60150230;Cornelis Drebbelstraat;Wijchen;3,5;0,9;0,6;0,3;0,4;0,2
SAN;NL:Q:60150240;Graafsebrug;Nijmegen;34,5;4,7;27,4;2,6;15,6;1,3
SAN;NL:Q:60150250;Graafsebrug;Nijmegen;5,0;39,5;2,2;34,2;1,3;20,3
SAN;NL:Q:60150260;Viaductweg;Nijmegen;36,0;4,2;27,9;3,0;14,8;1,4
SAN;NL:Q:60150270;Viaductweg;Nijmegen;5,9;57,0;2,9;40,8;1,2;24,1
SAN;NL:Q:60150280;Kerkenbos;Nijmegen;3,3;1,1;0,9;0,2;0,6;0,2
SAN;NL:Q:60150290;Kerkenbos;Nijmegen;0,7;5,2;0,1;1,2;0,2;0,8
SAN;NL:Q:60150310;Oude Nijmeegseweg;Overasselt;0,2;2,1;0,1;1,6;0,0;0,8
SAN;NL:Q:60150330;Parksesteeg;Overasselt;0,0;0,7;0,1;0,7;0,0;0,6
SAN;NL:Q:60150490;Spijkerhofweg;Nijmegen;22,8;10,5;13,9;5,9;8,1;3,5
SAN;NL:Q:60150500;Spijkerhofweg;Nijmegen;8,2;22,3;4,6;12,9;2,9;8,8
SAN;NL:Q:60150530;Woonboulevard;Nijmegen;0,6;8,7;0,5;8,2;0,2;5,0
SAN;NL:Q:60150540;Woonboulevard;Nijmegen;3,8;2,5;4,0;1,7;2,6;0,7
SAN;NL:Q:60150840;van Boetbergweg/Aldenhof;Nijmegen;8,6;1,3;2,1;1,4;2,6;0,6
SAN;NL:Q:60150860;van Boetbergweg/Malvert;Nijmegen;41,2;5,6;28,6;6,7;15,6;3,1
SAN;NL:Q:60150930;van Boetbergweg/Aldenhof;Nijmegen;1,6;10,3;1,2;3,2;0,8;2,4
SAN;NL:Q:60150950;van Boetbergweg/Malvert;Nijmegen;2,7;39,3;1,7;29,6;0,9;18,9
SAN;NL:Q:60151001;Station Dukenburg;Nijmegen;13,0;205,0;6,4;180,3;4,5;67,5
SAN;NL:Q:60151002;Station Dukenburg;Nijmegen;320,4;178,8;244,9;102,6;102,2;53,8
SAN;NL:Q:60151003;Station Dukenburg;Nijmegen;249,5;282,3;152,8;214,6;50,8;138,2
SAN;NL:Q:60151004;Station Dukenburg;Nijmegen;152,0;89,3;63,7;39,4;37,2;18,8
SAN;NL:Q:60151005;Station Dukenburg;Nijmegen;182,1;177,4;128,1;78,2;72,2;41,1
SAN;NL:Q:60151006;Station Dukenburg;Nijmegen;208,2;168,7;151,7;96,6;91,7;28,8
SAN;NL:Q:60151010;Lagelandseweg;Nijmegen;4,9;0,5;0,0;0,0;0,0;0,0
SAN;NL:Q:60151020;Lagelandseweg;Nijmegen;0,8;8,0;0,0;0,0;0,0;0,0
SAN;NL:Q:60151030;Hogelandseweg;Nijmegen;9,8;1,3;0,0;0,0;0,0;0,0
SAN;NL:Q:60151040;Hogelandseweg;Nijmegen;1,0;8,3;0,0;0,0;0,0;0,0
SAN;NL:Q:60152000;Aldenhof 50/70 str.;Nijmegen;1,0;2,2;0,7;1,4;0,3;1,4
SAN;NL:Q:60152010;Aldenhof 52/64 str.;Nijmegen;4,2;5,6;3,1;4,5;2,1;3,3
SAN;NL:Q:60152020;Aldenhof 53/14 str.;Nijmegen;11,4;8,1;8,3;6,8;5,0;4,0
SAN;NL:Q:60152030;Aldenhof 13/38 str.;Nijmegen;14,5;11,5;11,1;9,0;4,6;4,4
SAN;NL:Q:60152040;Aldenhof 12/32 str.;Nijmegen;12,1;6,3;9,6;6,4;4,9;3,5
SAN;NL:Q:60152050;Weezenhof;Nijmegen;38,5;29,8;29,9;23,0;13,5;13,1
SAN;NL:Q:60152090;Weezenhof 10e straat;Nijmegen;46,2;0,2;35,9;0,1;15,1;0,1
SAN;NL:Q:60152150;Winkelcentrum Meijhorst;Nijmegen;0,0;1,9;0,1;1,5;0,1;1,0
SAN;NL:Q:60152160;Winkelcentrum Meijhorst;Nijmegen;2,1;7,9;1,4;4,3;0,8;2,4
SAN;NL:Q:60152210;Meijhorst-Sporthal;Nijmegen;130,0;5,6;85,4;3,9;39,3;2,0
SAN;NL:Q:60152230;De Doekenborg;Nijmegen;29,0;0,1;23,6;0,3;13,4;0,0
SAN;NL:Q:60152250;Meijhorst 13e straat;Nijmegen;85,3;4,4;58,0;3,2;29,1;1,1
SAN;NL:Q:60152290;Tolhuis 11e straat;Nijmegen;60,1;3,9;43,7;3,0;22,6;1,4
SAN;NL:Q:60152300;Van Apelterenweg;Nijmegen;51,2;0,9;40,6;0,8;20,3;0,4
SAN;NL:Q:60152330;Tolhuis 10e straat;Nijmegen;27,3;3,6;17,7;2,7;10,6;1,2
SAN;NL:Q:60152760;Tolhuis 10e straat;Nijmegen;2,6;32,7;1,6;20,3;1,2;12,7
SAN;NL:Q:60152780;Tolhuis 11e straat;Nijmegen;3,7;56,9;2,4;42,0;1,1;25,3
SAN;NL:Q:60152800;Van Apelterenweg;Nijmegen;1,1;47,3;0,5;34,6;0,4;18,6
SAN;NL:Q:60152820;Meijhorst 13e straat;Nijmegen;4,1;84,3;2,5;60,0;1,1;29,8
SAN;NL:Q:60152840;Meijhorst-Sporthal;Nijmegen;5,3;124,9;3,2;76,7;1,6;40,2
SAN;NL:Q:60152880;De Doekenborg;Nijmegen;0,2;34,9;0,2;30,7;0,1;16,0
SAN;NL:Q:60152920;Weezenhof 10e straat;Nijmegen;0,3;43,6;0,2;30,9;0,1;14,9
SAN;NL:Q:60154980;Steve Bikoplein;Nijmegen;13,9;6,5;4,5;2,5;4,9;2,2
SAN;NL:Q:60155010;Steve Bikoplein;Nijmegen;7,8;17,3;4,8;7,5;3,2;5,6
SAN;NL:Q:60155050;Zwanenveld 10e str.;Nijmegen;17,8;3,4;13,0;3,4;7,8;1,4
SAN;NL:Q:60155090;Zwanenveld 12e str.;Nijmegen;16,7;8,2;10,9;5,9;6,7;2,3
SAN;NL:Q:60155130;Lankforst 16e str.;Nijmegen;35,4;28,0;28,9;24,3;20,8;7,5
SAN;NL:Q:60155170;Lankforst 14e str.;Nijmegen;19,4;13,7;11,6;8,3;7,6;3,7
SAN;NL:Q:60155190;Winkelcentrum Malvert;Nijmegen;50,8;27,3;32,5;23,6;20,1;9,7
SAN;NL:Q:60155230;Malvert 13e straat;Nijmegen;21,5;11,1;17,8;9,2;10,0;5,6
SAN;NL:Q:60155600;Winkelcentrum Malvert;Nijmegen;27,0;53,7;21,8;35,2;8,6;21,4
SAN;NL:Q:60155620;Malvert 13e straat;Nijmegen;13,3;20,4;11,6;15,1;4,2;9,6
SAN;NL:Q:60155680;Lankforst 14e str.;Nijmegen;14,7;18,4;11,3;14,2;4,2;9,4
SAN;NL:Q:60155740;Lankforst 16e str.;Nijmegen;26,6;35,3;22,4;30,5;7,6;22,4
SAN;NL:Q:60155780;Zwanenveld 12e str.;Nijmegen;6,7;18,3;3,8;14,5;1,6;8,4
SAN;NL:Q:60155820;Zwanenveld 10e str.;Nijmegen;3,2;22,2;2,2;17,5;1,0;9,8
SAN;NL:Q:60157050;Horstacker;Nijmegen;0,5;74,0;0,4;47,6;0,2;25,5
SAN;NL:Q:60157080;Voorstenkamp/Gildekamp;Nijmegen;4,9;5,5;3,4;3,5;1,6;1,8
SAN;NL:Q:60157090;Meeuwseacker;Nijmegen;0,4;27,3;0,2;22,5;0,0;13,0
SAN;NL:Q:60157120;Gildekamp/Kluijskamp;Nijmegen;4,8;5,2;2,5;2,9;1,0;1,2
SAN;NL:Q:60157160;Wellenkamp/Hoefkamp;Nijmegen;7,7;6,5;6,5;5,6;2,5;2,7
SAN;NL:Q:60157220;Meeuwseacker;Nijmegen;29,5;0,3;26,4;0,3;14,0;0,1
SAN;NL:Q:60157260;Horstacker;Nijmegen;74,2;0,3;45,5;0,1;25,5;0,1
SAN;NL:Q:60157270;IJpenbroekweg;Nijmegen;9,7;4,1;2,8;1,7;2,8;1,5
SAN;NL:Q:60157280;IJpenbroekweg;Nijmegen;1,1;6,2;0,0;0,0;0,0;0,0
SAN;NL:Q:60157290;P+R Nijmegen West;Nijmegen;29,8;27,2;14,1;12,2;7,8;8,5
SAN;NL:Q:60157300;P+R Nijmegen West;Nijmegen;1,1;2,9;0,0;0,0;0,0;0,0
SAN;NL:Q:60157310;Poort Neerbosch ;Nijmegen;16,9;15,6;0,0;0,0;0,0;0,0
SAN;NL:Q:60157320;Poort Neerbosch ;Nijmegen;20,4;17,0;0,0;0,0;0,0;0,0
SAN;NL:Q:60159070;Zellersacker;Nijmegen;49,4;0,9;29,0;0,4;16,8;0,1
SAN;NL:Q:60159080;Hegdambroek;Nijmegen;1,1;26,4;0,3;14,7;0,2;7,9
SAN;NL:Q:60159090;Hillekensacker 10e str.;Nijmegen;39,2;2,3;23,7;1,0;11,5;0,6
SAN;NL:Q:60159110;Leuvensbroek;Nijmegen;92,3;13,4;54,6;4,9;28,9;2,0
SAN;NL:Q:60159120;Wedesteinbroek 12e str.;Nijmegen;2,1;56,0;0,3;17,3;0,1;8,9
SAN;NL:Q:60159130;Wedesteinbroek 22e str.;Nijmegen;17,2;0,6;12,5;0,4;6,4;0,2
SAN;NL:Q:60159140;Wedesteinbroek 22e str.;Nijmegen;0,9;19,6;0,5;13,5;0,2;7,5
SAN;NL:Q:60159150;Wedesteinbroek 12e str.;Nijmegen;48,3;2,7;14,6;0,3;7,7;0,0
SAN;NL:Q:60159160;Hillekensacker 10e str.;Nijmegen;2,1;34,9;0,6;23,3;0,6;12,6
SAN;NL:Q:60159170;Hegdambroek;Nijmegen;24,5;1,4;13,2;0,4;5,9;0,2
SAN;NL:Q:60159180;Leuvensbroek;Nijmegen;14,9;92,9;5,3;53,3;2,3;29,4
SAN;NL:Q:60159220;Zellersacker;Nijmegen;0,4;46,1;0,4;28,6;0,2;16,6
SAN;NL:Q:60190010;Rijksweg;Beek;2,1;4,8;0,4;0,6;0,2;0,5
SAN;NL:Q:60190020;Werchensestraat;Wercheren;0,1;0,0;0,0;0,0;0,0;0,0
SAN;NL:Q:60190030;Werchensestraat;Wercheren;0,0;0,1;0,0;0,0;0,0;0,0
SAN;NL:Q:60190040;Sint Hubertusweg;Beek;2,3;0,5;0,0;0,0;0,0;0,0
SAN;NL:Q:60190090;Leuthsestraat;Ooij;1,0;1,7;0,8;1,4;0,5;0,6
SAN;NL:Q:60190100;Erlecomseweg;Erlecom;0,8;0,2;0,2;0,0;0,2;0,0
SAN;NL:Q:60190110;De Sprong;Ooij;3,7;35,3;3,6;22,1;1,8;11,8
SAN;NL:Q:60190120;Steenfabriek;Erlecom;0,8;0,4;0,7;0,0;0,1;0,0
SAN;NL:Q:60190130;Nassaustraat;Ooij;1,2;8,2;1,1;5,6;0,5;3,0
SAN;NL:Q:60190140;Erlecomsedam;Ooij;5,8;1,4;1,2;0,5;0,7;0,2
SAN;NL:Q:60190150;Erlecomsedam;Ooij;1,1;4,4;0,4;1,0;0,2;0,3
SAN;NL:Q:60190160;Nassaustraat;Ooij;12,8;1,5;7,6;1,4;4,7;0,8
SAN;NL:Q:60190170;Steenfabriek;Erlecom;0,3;1,2;0,0;0,8;0,0;0,2
SAN;NL:Q:60190180;De Sprong;Ooij;26,6;3,4;17,7;3,7;9,5;1,6
SAN;NL:Q:60190190;Erlecomseweg;Erlecom;0,1;0,5;0,1;0,3;0,0;0,1
SAN;NL:Q:60190200;Leuthsestraat;Ooij;2,4;0,3;1,2;0,3;1,0;0,3
SAN;NL:Q:60190900;Natte Beek;Ubbergen;4,9;0,3;5,5;0,3;2,0;0,2
SAN;NL:Q:60190940;Ubbergse Holleweg;Ubbergen;10,6;6,5;4,2;0,5;2,6;0,2
SAN;NL:Q:60190980;De Refter;Ubbergen;3,3;1,1;4,2;0,2;2,2;0,4
SAN;NL:Q:60191150;Ubbergse Holleweg;Ubbergen;6,9;9,2;0,7;3,5;0,4;2,2
SAN;NL:Q:60191170;De Refter;Ubbergen;0,7;4,8;0,3;5,1;0,3;1,8
SAN;NL:Q:60191190;Natte Beek;Ubbergen;0,5;4,8;0,5;3,8;0,3;2,3
SAN;NL:Q:60195060;Hamerlaan;Berg en Dal;31,1;5,6;26,8;3,6;20,6;3,8
SAN;NL:Q:60195080;de Meerberg;Berg en Dal;21,2;0,3;20,5;0,3;11,8;0,1
SAN;NL:Q:60195120;Prins Alexanderlaan;Berg en Dal;17,9;0,2;15,7;0,1;9,2;0,0
SAN;NL:Q:60195690;Prins Alexanderlaan;Berg en Dal;0,3;20,8;0,2;20,0;0,1;10,3
SAN;NL:Q:60195730;de Meerberg;Berg en Dal;0,6;23,5;0,7;23,0;0,1;13,2
SAN;NL:Q:60196040;Kwartelstraat;Beek;0,3;0,3;0,0;0,0;0,0;0,0
SAN;NL:Q:60196060;Lindestraat;Beek;0,1;0,1;0,0;0,0;0,0;0,0
SAN;NL:Q:60196090;Kulturhus;Beek;0,1;0,1;0,0;0,0;0,0;0,0
SAN;NL:Q:60196100;Verbindingsweg;Beek;36,0;14,1;23,6;7,0;14,5;4,3
SAN;NL:Q:60196120;van Randwijckweg;Beek;0,0;0,0;0,0;0,4;0,0;0,0
SAN;NL:Q:60196140;Verbindingsweg;Beek;12,0;22,9;6,2;13,9;4,7;7,9
SAN;NL:Q:60196150;De Ravenberg;Beek;3,4;35,5;2,4;26,0;1,8;16,0
SAN;NL:Q:60196155;De Ravenberg;Beek;26,5;3,1;19,1;2,1;11,1;1,9
SAN;NL:Q:60196410;van Randwijckweg;Beek;0,1;0,3;0,0;0,0;0,0;0,0
SAN;NL:Q:60196500;Groot Berg en Dal;Berg en Dal;4,5;32,8;5,2;31,3;2,5;22,7
SAN;NL:Q:60196510;Groot Berg en Dal;Berg en Dal;0,4;0,6;0,0;0,0;0,0;0,0
SAN;NL:Q:60196530;Meidoornstraat;Beek;0,0;0,1;0,0;0,0;0,0;0,0
SAN;NL:Q:60196610;Kalorama;Beek;0,3;0,0;0,0;0,0;0,0;0,0
SAN;NL:Q:60196620;Kalorama;Beek;0,0;0,2;0,0;0,0;0,0;0,0
SAN;NL:Q:60200010;Sluisweg;Heumen;1,5;4,2;0,2;3,5;0,2;2,6
SAN;NL:Q:60200020;Cuijksesteeg;Mook;5,5;0,6;3,2;0,5;2,6;0,3
SAN;NL:Q:60200030;Rijksweg;Molenhoek;2,2;6,6;0,9;4,3;0,9;3,9
SAN;NL:Q:60200040;Gemeentehuis;Mook;3,4;1,6;2,5;0,8;3,0;0,2
SAN;NL:Q:60200050;Rijksweg/Veldweg;Mook;1,5;3,7;1,2;2,6;1,0;2,8
SAN;NL:Q:60200060;Rijksweg/Veldweg;Mook;3,9;1,1;2,4;0,6;2,2;0,7
SAN;NL:Q:60200070;Gemeentehuis;Mook;1,3;3,9;0,5;2,3;0,6;3,0
SAN;NL:Q:60200080;Rijksweg;Molenhoek;7,2;2,4;5,2;0,6;4,7;0,7
SAN;NL:Q:60200090;Cuijksesteeg;Mook;0,7;4,6;0,3;2,4;0,3;2,4
SAN;NL:Q:60200100;Sluisweg;Heumen;4,8;1,3;2,8;0,4;2,2;0,2
SAN;NL:Q:60200110;Rijksweg/Ringbaan;Molenhoek;0,0;0,0;0,0;0,0;0,0;0,0
SAN;NL:Q:60200130;Esdoornlaan;Molenhoek;0,0;0,0;0,0;0,2;0,0;0,0
SAN;NL:Q:60200180;Lijsterbeshof;Molenhoek;0,0;0,0;0,0;0,0;0,0;0,0
SAN;NL:Q:60200250;Station Mook Molenhoek;Molenhoek;0,0;0,0;0,0;0,0;0,0;0,0
SAN;NL:Q:60200260;Station Mook Molenhoek;Molenhoek;0,0;0,0;0,0;0,0;0,0;0,0
SAN;NL:Q:60200280;Station Mook Molenhoek;Molenhoek;0,0;0,0;0,0;0,2;0,0;0,0
SAN;NL:Q:60200350;'t Zwaantje;Mook;0,0;0,0;0,0;0,3;0,0;0,0
SAN;NL:Q:60210010;Stekkenberg;Groesbeek;4,3;29,6;2,5;20,2;0,6;11,7
SAN;NL:Q:60210021;Hemeltje;Breedeweg;6,0;0,1;2,9;0,0;1,8;0,0
SAN;NL:Q:60210030;Nieuweweg;Groesbeek;1,0;23,8;0,5;18,3;0,3;13,3
SAN;NL:Q:60210041;2e Colonjes;Groesbeek;13,8;0,0;7,7;0,0;4,8;0,0
SAN;NL:Q:60210050;De Oude Molen;Groesbeek;0,7;18,5;0,4;14,2;0,2;10,2
SAN;NL:Q:60210060;Herwendaal;Groesbeek;12,7;0,5;7,6;0,2;4,2;0,2
SAN;NL:Q:60210070;Händelstraat;Groesbeek;1,0;32,1;0,4;21,5;0,2;13,6
SAN;NL:Q:60210080;Zuidmolen;Groesbeek;48,4;3,1;30,0;2,5;18,2;0,9
SAN;NL:Q:60210090;Centrum;Groesbeek;10,5;106,5;6,3;60,3;2,2;32,6
SAN;NL:Q:60210110;Zuidmolen;Groesbeek;1,4;27,1;1,0;17,5;0,4;10,1
SAN;NL:Q:60210115;Zuidmolen;Groesbeek;0,3;0,1;0,0;0,0;0,0;0,0
SAN;NL:Q:60210120;Centrum;Groesbeek;133,2;9,5;83,1;6,2;44,3;2,1
SAN;NL:Q:60210130;Herwendaal;Groesbeek;0,4;13,0;0,5;7,7;0,1;4,0
SAN;NL:Q:60210140;De Oude Molen;Groesbeek;23,2;1,8;17,8;1,3;12,7;0,6
SAN;NL:Q:60210152;2e Colonjes;Groesbeek;0,1;11,8;0,0;8,3;0,0;3,8
SAN;NL:Q:60210160;Nieuweweg;Groesbeek;22,8;1,9;17,6;1,2;9,0;0,7
SAN;NL:Q:60210172;Hemeltje;Breedeweg;0,1;7,5;0,1;4,0;0,0;2,1
SAN;NL:Q:60210180;Stekkenberg;Groesbeek;25,9;6,6;17,0;4,2;9,2;1,5
SAN;NL:Q:60210191;Kerkplein;Breedeweg;41,7;33,7;19,2;17,4;12,1;9,5
SAN;NL:Q:60210210;Zuidmolen;Groesbeek;1,1;31,9;0,6;19,0;0,4;12,1
SAN;NL:Q:60210220;Hoge Horst;De Horst;1,0;0,0;0,5;0,0;0,4;0,0
SAN;NL:Q:60210240;Kruispunt;Groesbeek;10,6;0,1;3,0;0,1;2,3;0,0
SAN;NL:Q:60210250;Gooiseweg;Groesbeek;0,4;12,6;0,2;6,1;0,2;4,4
SAN;NL:Q:60210260;Kloosterstraat;Groesbeek;24,8;0,2;10,9;0,1;6,2;0,1
SAN;NL:Q:60210270;Kloosterstraat;Groesbeek;0,2;21,5;0,1;9,5;0,2;5,1
SAN;NL:Q:60210280;Gooiseweg;Groesbeek;13,1;0,5;6,1;0,2;3,9;0,0
SAN;NL:Q:60210290;Kruispunt;Groesbeek;0,1;5,8;0,0;2,3;0,0;1,6
SAN;NL:Q:60210310;Hoge Horst;De Horst;0,1;1,2;0,1;0,6;0,0;0,6
SAN;NL:Q:60210330;Kerk;De Horst;24,1;21,6;13,3;12,3;8,5;7,4
SAN;NL:Q:60210510;Cranenburgsestraat;Groesbeek;0,0;0,0;0,0;0,0;0,0;0,0
SAN;NL:Q:60211030;De Wolfsberg;Groesbeek;0,1;0,0;0,0;0,0;0,0;0,0
SAN;NL:Q:60211040;De Wolfsberg;Groesbeek;0,0;0,1;0,0;0,0;0,0;0,0
SAN;NL:Q:60211630;Canadese Begraafplaats;Groesbeek;0,0;0,1;0,0;0,0;0,0;0,0
SAN;NL:Q:60211640;Canadese Begraafplaats;Groesbeek;0,0;0,0;0,0;0,0;0,0;0,0
SAN;NL:Q:60214060;Spoorzicht;Groesbeek;0,0;0,0;0,0;0,0;0,0;0,0
SAN;NL:Q:60214110;Zwembad De Lubert;Groesbeek;0,0;0,0;0,0;0,0;0,0;0,0
SAN;NL:Q:60214130;Scholen;Groesbeek;0,0;0,0;0,0;0,0;0,0;0,0
SAN;NL:Q:60214150;Sportpark Zuid;Groesbeek;0,0;0,0;0,0;0,0;0,0;0,0
SAN;NL:Q:60250010;Rijdtsestraat;Alverna;0,5;3,7;0,6;2,3;0,3;0,9
SAN;NL:Q:60250020;Eindsestraat;Nederasselt;7,1;0,8;2,7;0,2;1,1;0,0
SAN;NL:Q:60250030;Eindsestraat;Nederasselt;1,7;8,9;0,8;3,7;0,6;2,4
SAN;NL:Q:60250040;Rijdtsestraat;Alverna;3,1;0,5;1,7;0,2;0,8;0,1
SAN;NL:Q:60250050;Broekstraat;Nederasselt;0,2;9,7;0,1;2,1;0,0;1,7
SAN;NL:Q:60250070;Kuilstraat;Nederasselt;0,1;2,9;0,0;1,1;0,0;0,9
SAN;NL:Q:60250080;Broekstraat;Nederasselt;9,3;0,3;2,0;0,2;2,1;0,1
SAN;NL:Q:60250100;Kuilstraat;Nederasselt;2,4;0,1;0,7;0,0;0,6;0,0
SAN;NL:Q:60250310;Oosterweg;Alverna;1,1;2,3;0,4;1,6;0,2;0,3
SAN;NL:Q:60250320;Oosterweg;Alverna;2,1;1,1;1,4;0,4;0,5;0,2
SAN;NL:Q:60250330;Huurlingsedam;Alverna;0,8;3,1;0,5;1,4;0,2;1,1
SAN;NL:Q:60250340;Huurlingsedam;Alverna;3,1;0,8;1,2;0,5;0,9;0,0
SAN;NL:Q:60290010;Duffeltdijk;Leuth;0,1;0,7;0,1;0,6;0,0;0,4
SAN;NL:Q:60290020;Industrieterrein;Leuth;1,5;0,2;0,8;0,2;0,5;0,1
SAN;NL:Q:60290030;De Hoge Kamp;Leuth;0,6;6,3;0,6;4,6;0,2;2,8
SAN;NL:Q:60290040;Morgenstraat;Leuth;9,6;1,6;5,9;1,5;3,7;1,2
SAN;NL:Q:60290050;Klaproosstraat;Leuth;1,0;6,9;1,0;3,7;1,0;3,1
SAN;NL:Q:60290060;Kerkplein;Leuth;23,4;3,2;9,3;2,0;6,2;0,7
SAN;NL:Q:60290070;Kerkplein;Leuth;3,5;22,4;2,2;9,5;0,6;5,7
SAN;NL:Q:60290080;Klaproosstraat;Leuth;4,6;1,1;2,5;1,0;1,8;0,7
SAN;NL:Q:60290090;Morgenstraat;Leuth;1,0;7,6;1,1;5,3;0,7;3,2
SAN;NL:Q:60290100;De Hoge Kamp;Leuth;5,0;0,4;4,1;0,6;2,6;0,1
SAN;NL:Q:60290110;Industrieterrein;Leuth;0,2;0,5;0,1;0,1;0,0;0,2
SAN;NL:Q:60290120;Duffeltdijk;Leuth;0,3;0,1;0,4;0,1;0,3;0,0
SAN;NL:Q:60290140;Biesterveld;Leuth;0,1;0,0;0,3;0,0;0,1;0,0
SAN;NL:Q:60290150;Biesterveld;Leuth;0,0;0,3;0,0;0,4;0,0;0,1
SAN;NL:Q:60290170;Molen;Kekerdom;0,0;0,1;0,0;0,0;0,0;0,0
SAN;NL:Q:60290180;Molen;Kekerdom;0,1;0,0;0,1;0,0;0,1;0,0
SAN;NL:Q:60290190;Eversberg;Kekerdom;0,0;1,3;0,0;0,8;0,0;0,7
SAN;NL:Q:60290200;Eversberg;Kekerdom;0,3;0,0;0,3;0,0;0,1;0,0
SAN;NL:Q:60290230;Weverstraat;Kekerdom;1,2;10,6;0,6;7,7;0,7;4,2
SAN;NL:Q:60290240;Weverstraat;Kekerdom;11,6;1,6;7,5;0,8;4,5;1,4
SAN;NL:Q:60300030;Rijksweg/Witteweg;Plasmolen;0,9;5,9;0,6;6,1;0,5;6,1
SAN;NL:Q:60300100;Rijksweg/Witteweg;Plasmolen;5,2;0,8;4,0;0,9;4,8;0,4
SAN;NL:Q:60300110;Helweg;Milsbeek;2,9;0,0;1,1;0,0;1,1;0,0
SAN;NL:Q:60300130;Milsbeek Zuid;Milsbeek;0,9;0,0;0,2;0,0;0,6;0,0
SAN;NL:Q:60300140;Oudebaan;Milsbeek;0,0;3,6;0,0;1,7;0,0;2,3
SAN;NL:Q:60300150;Oudebaan;Milsbeek;3,5;0,0;1,6;0,0;1,6;0,0
SAN;NL:Q:60300160;Rijksweg/Kerkstraat;Milsbeek;0,0;5,9;0,0;3,2;0,0;3,8
SAN;NL:Q:60300170;Rijksweg/Kerkstraat;Milsbeek;7,9;0,0;3,2;0,0;4,0;0,0
SAN;NL:Q:60300180;Milsbeek Zuid;Milsbeek;0,0;1,0;0,0;0,4;0,0;0,4
SAN;NL:Q:60300220;Helweg;Milsbeek;0,3;2,8;0,1;1,2;0,2;1,3
SAN;NL:Q:60350010;Busstation;Grave;78,8;31,7;32,5;12,2;23,5;10,3
SAN;NL:Q:60350020;Binckhof;Velp;3,8;0,0;2,0;0,0;0,9;0,0
SAN;NL:Q:60350030;Stoofweg;Grave;0,0;15,4;0,0;6,5;0,0;4,2
SAN;NL:Q:60350040;Generaal de Bonsweg;Grave;14,4;0,0;8,0;0,0;4,6;0,0
SAN;NL:Q:60350050;Busstation;Grave;10,0;51,4;3,2;23,8;2,0;10,3
SAN;NL:Q:60350060;Stoofweg;Grave;14,5;0,0;4,9;0,0;3,3;0,0
SAN;NL:Q:60350070;Generaal de Bonsweg;Grave;0,0;10,3;0,0;6,8;0,0;6,6
SAN;NL:Q:60350090;Binckhof;Velp;0,0;5,1;0,0;1,8;0,0;1,1
SAN;NL:Q:60390040;Rembrandtstraat;Millingen;29,5;0,0;14,0;0,0;8,6;0,0
SAN;NL:Q:60390060;Sportpark;Millingen;13,8;0,0;10,2;0,0;4,8;0,0
SAN;NL:Q:60390080;Gemeentehuis;Millingen;82,5;0,1;42,9;0,1;25,5;0,0
SAN;NL:Q:60390090;Molenveld;Millingen;0,2;13,2;0,1;7,4;0,1;3,9
SAN;NL:Q:60390110;Gezondheidscentrum;Millingen;0,7;39,5;0,4;18,7;0,2;10,1
SAN;NL:Q:60390120;Gezondheidscentrum;Millingen;37,3;0,4;14,7;0,2;9,9;0,1
SAN;NL:Q:60390140;Molenveld;Millingen;9,3;0,2;5,9;0,0;3,2;0,0
SAN;NL:Q:60390150;Gemeentehuis;Millingen;0,0;82,7;0,0;45,0;0,0;24,9
SAN;NL:Q:60390170;Sportpark;Millingen;0,1;16,1;0,2;9,8;0,0;5,7
SAN;NL:Q:60390190;Rembrandtstraat;Millingen;0,1;26,0;0,2;13,3;0,0;8,1
SAN;NL:Q:60390210;Grenskantoor;Millingen;14,5;10,4;8,1;5,2;4,7;2,1
SAN;NL:Q:60400100;Drie Kronen;Ottersum;0,0;1,0;0,0;0,1;0,0;0,2
SAN;NL:Q:60400110;Drie Kronen;Ottersum;1,4;0,0;0,3;0,0;0,2;0,0
SAN;NL:Q:60450315;Mgr. Borretstraat;Reek;0,0;5,2;0,0;2,3;0,0;1,2
SAN;NL:Q:60450325;Mgr. Borretstraat;Reek;0,4;0,0;0,3;0,0;0,1;0,0
SAN;NL:Q:60500010;Busstation;Gennep;22,0;0,2;9,5;0,2;12,1;1,4
SAN;NL:Q:60500020;Busstation;Gennep;0,0;19,2;0,0;9,4;0,2;11,9
SAN;NL:Q:60500210;Heijenseweg;Gennep;0,0;0,2;0,0;0,3;0,0;0,0
SAN;NL:Q:60500220;Heijenseweg;Gennep;0,6;0,0;0,4;0,0;0,1;0,0
SAN;NL:Q:60500250;Niersbrug;Gennep;0,0;4,0;0,0;3,7;0,0;4,4
SAN;NL:Q:60500260;Niersbrug;Gennep;4,9;0,0;4,3;0,0;4,0;0,0
SAN;NL:Q:60500270;Stiemensweg;Gennep;0,0;0,7;0,0;0,5;0,0;0,0
SAN;NL:Q:60500280;Stiemensweg;Gennep;1,0;0,0;0,3;0,0;0,1;0,0
SAN;NL:Q:60500290;Wilhelminaplein;Gennep;0,0;7,5;0,0;4,1;0,0;3,9
SAN;NL:Q:60500300;Wilhelminaplein;Gennep;8,0;0,0;4,9;0,0;4,8;0,0
SAN;NL:Q:60500310;Zuid-Oostwal;Gennep;3,7;0,0;3,3;0,0;3,0;0,0
SAN;NL:Q:60500320;Zuid-Oostwal;Gennep;0,0;4,6;0,0;4,2;0,0;3,4
SAN;NL:Q:60500330;De Groote Heeze;Heijen;0,0;0,8;0,0;0,1;0,0;0,0
SAN;NL:Q:60500340;De Groote Heeze;Heijen;1,3;0,0;0,0;0,0;0,0;0,0
SAN;NL:Q:60500350;Heesweg;Heijen;0,0;1,0;0,0;0,5;0,0;0,1
SAN;NL:Q:60500360;Heesweg;Heijen;1,1;0,0;0,5;0,0;0,0;0,0
SAN;NL:Q:60500370;Heijen Zuid;Heijen;0,0;1,3;0,0;0,3;0,0;0,1
SAN;NL:Q:60500380;Heijen Zuid;Heijen;1,5;0,0;0,4;0,0;0,0;0,0
SAN;NL:Q:60500390;Nieuwwijkstraat;Heijen;0,0;1,5;0,0;0,5;0,0;0,1
SAN;NL:Q:60500400;Nieuwwijkstraat;Heijen;2,2;0,0;0,5;0,0;0,0;0,0
SAN;NL:Q:60500430;Ottersumseweg;Ottersum;0,0;11,3;0,0;5,0;0,0;5,1
SAN;NL:Q:60500440;Ottersumseweg;Ottersum;13,4;0,0;4,2;0,0;4,7;0,0
SAN;NL:Q:60550170;Voederheil;Zeeland;0,0;3,9;0,0;1,7;0,0;1,8
SAN;NL:Q:60550180;Voederheil;Zeeland;7,4;0,0;3,2;0,0;2,7;0,0
SAN;NL:Q:60550190;Tweehekkenweg;Zeeland;0,0;10,7;0,0;3,3;0,0;2,2
SAN;NL:Q:60550200;Tweehekkenweg;Zeeland;9,3;0,0;2,9;0,0;2,8;0,0
SAN;NL:Q:60600100;Gening;Afferden;0,0;1,2;0,0;0,3;0,0;0,2
SAN;NL:Q:60600110;Gening;Afferden;2,0;0,0;0,3;0,0;0,0;0,0
SAN;NL:Q:60600120;Hengeland;Afferden;0,0;0,5;0,0;0,1;0,0;0,0
SAN;NL:Q:60600130;Hengeland;Afferden;0,4;0,0;0,2;0,0;0,0;0,0
SAN;NL:Q:60600140;Heukelom;Afferden;0,0;0,2;0,0;0,0;0,0;0,1
SAN;NL:Q:60600150;Heukelom;Afferden;0,1;0,0;0,2;0,0;0,0;0,0
SAN;NL:Q:60600160;Veer naar Sambeek;Afferden;0,0;1,4;0,0;0,4;0,0;0,2
SAN;NL:Q:60600170;Veer naar Sambeek;Afferden;2,0;0,0;0,4;0,0;0,0;0,0
SAN;NL:Q:60600200;Heijense Molen;Heijen;0,0;0,6;0,0;0,3;0,0;0,0
SAN;NL:Q:60600210;Heijense Molen;Heijen;0,6;0,0;0,2;0,0;0,0;0,0
SAN;NL:Q:60650250;Wijsthoek;Uden;0,0;8,0;0,0;2,8;0,0;1,6
SAN;NL:Q:60650420;Busstation;Uden;31,4;4,6;12,4;4,7;11,6;4,0
SAN;NL:Q:60650460;Busstation;Uden;3,5;33,4;1,6;17,0;2,4;7,1
SAN;NL:Q:60651160;Hoevenseweg;Uden;0,0;1,8;0,0;0,9;0,0;0,5
SAN;NL:Q:60651180;Hoevenseweg;Uden;2,0;0,0;0,6;0,0;0,4;0,0
SAN;NL:Q:60651380;Wijsthoek;Uden;7,3;0,0;2,4;0,1;2,0;0,0
SAN;NL:Q:60700100;Aijerdijk;Aijen;0,0;0,4;0,0;0,0;0,0;0,0
SAN;NL:Q:60700110;Aijerdijk;Aijen;0,7;0,0;0,1;0,0;0,0;0,0
SAN;NL:Q:60700160;Bergse Heide;Nieuw Bergen;0,0;1,1;0,0;0,2;0,0;0,2
SAN;NL:Q:60700170;Bergse Heide;Nieuw Bergen;1,9;0,0;0,3;0,0;0,0;0,0
SAN;NL:Q:60700180;De Flammert;Nieuw Bergen;0,0;0,4;0,0;0,0;0,0;0,0
SAN;NL:Q:60700190;De Flammert;Nieuw Bergen;0,7;0,0;0,2;0,0;0,0;0,0
SAN;NL:Q:60700200;Gemeentehuis;Nieuw Bergen;0,0;5,4;0,0;1,5;0,0;0,8
SAN;NL:Q:60700210;Gemeentehuis;Nieuw Bergen;7,6;0,0;1,3;0,0;0,3;0,0
SAN;NL:Q:61120010;Kerkstraat;Weurt;7,8;39,5;4,9;26,3;2,4;13,4
SAN;NL:Q:61120020;Hommelstraat;Beuningen;4,3;2,4;4,2;1,3;1,1;0,4
SAN;NL:Q:61120040;Kerk;Beuningen;15,7;11,7;12,5;6,9;5,4;2,2
SAN;NL:Q:61120050;Distelakkerstraat;Beuningen;0,6;7,9;0,4;5,0;0,1;2,1
SAN;NL:Q:61120060;Distelakkerstraat;Beuningen;7,4;0,6;4,0;0,5;2,2;0,2
SAN;NL:Q:61120070;Kerk;Beuningen;12,2;21,8;6,9;17,1;1,7;7,8
SAN;NL:Q:61120080;Kerk;Beuningen;1,1;0,6;0,0;0,0;0,0;0,0
SAN;NL:Q:61120090;Hommelstraat;Beuningen;2,4;5,6;1,5;4,4;0,6;2,2
SAN;NL:Q:61120100;Kerkstraat;Weurt;40,9;7,7;26,7;5,2;14,5;2,2
SAN;NL:Q:61120110;Pottenbakker;Beuningen;16,2;0,5;12,2;0,1;6,2;0,1
SAN;NL:Q:61120120;Haagstraat;Beuningen;0,4;9,7;0,1;5,9;0,1;3,0
SAN;NL:Q:61120130;Sporthal de Tinnegieter;Beuningen;52,9;1,3;31,6;0,4;17,5;0,2
SAN;NL:Q:61120150;Centrum;Beuningen;79,3;9,5;62,3;5,4;27,9;1,4
SAN;NL:Q:61120180;Centrum;Beuningen;9,9;82,1;5,3;65,5;1,3;26,8
SAN;NL:Q:61120200;Sporthal de Tinnegieter;Beuningen;1,8;41,1;0,4;24,9;0,1;14,5
SAN;NL:Q:61120210;Haagstraat;Beuningen;9,3;0,3;5,0;0,1;3,4;0,0
SAN;NL:Q:61120220;Pottenbakker;Beuningen;0,7;19,8;0,1;14,5;0,1;8,5
SAN;NL:Q:61120230;Schacht;Beuningen;50,7;2,2;35,5;0,2;21,8;0,1
SAN;NL:Q:61120240;Schacht;Beuningen;2,7;42,5;0,4;30,6;0,2;21,2
SAN;NL:Q:61120250;Aalsterveld;Beuningen;60,0;9,3;31,4;0,3;15,8;0,2
SAN;NL:Q:61120260;Aalsterveld;Beuningen;7,0;48,9;0,3;29,4;0,2;16,0
SAN;NL:Q:61120270;Wilgenoord;Beuningen;4,3;27,2;0,3;13,9;0,0;5,6
SAN;NL:Q:61120280;Wilgenoord;Beuningen;22,3;10,0;10,7;0,0;4,2;0,0
SAN;NL:Q:61120290;Hadrianussingel;Beuningen;2,1;4,8;0,2;4,9;0,1;3,5
SAN;NL:Q:61120300;Hadrianussingel;Beuningen;3,0;2,2;3,1;0,0;1,9;0,0
SAN;NL:Q:61120310;Tiberiuslaan;Beuningen;7,6;7,9;1,8;7,4;0,8;5,0
SAN;NL:Q:61120320;Tiberiuslaan;Beuningen;4,1;4,0;10,6;1,8;8,6;1,4
SAN;NL:Q:61120370;Lavendelstraat;Beuningen;21,6;0,6;16,5;0,2;10,6;0,1
SAN;NL:Q:61120380;Lavendelstraat;Beuningen;0,9;27,4;0,6;19,8;0,2;12,1
SAN;NL:Q:61120470;Gemeentehuis;Beuningen;4,1;16,0;2,8;9,8;1,4;4,9
SAN;NL:Q:61120480;Gemeentehuis;Beuningen;13,3;3,8;9,2;1,8;5,4;0,9
SAN;NL:Q:61120490;Beatrixplein;Beuningen;0,2;0,4;0,0;0,0;0,0;0,0
SAN;NL:Q:61120500;Beatrixplein;Beuningen;0,4;0,0;0,0;0,0;0,0;0,0
SAN;NL:Q:61121300;Forelgracht;Beuningen;1,8;0,2;0,0;0,0;0,0;0,0
SAN;NL:Q:61121310;Forelgracht;Beuningen;0,7;2,1;0,0;0,0;0,0;0,0
SAN;NL:Q:61121320;Snoekgracht;Beuningen;3,4;0,7;0,0;0,0;0,0;0,0
SAN;NL:Q:61121330;Snoekgracht;Beuningen;0,9;2,9;0,0;0,0;0,0;0,0
SAN;NL:Q:61121340;Ganzeneiland;Beuningen;3,8;0,4;0,0;0,0;0,0;0,0
SAN;NL:Q:61121350;Ganzeneiland;Beuningen;0,8;3,0;0,0;0,0;0,0;0,0
SAN;NL:Q:61121360;Wolfsbossingel;Beuningen;3,7;0,2;0,0;0,0;0,0;0,0
SAN;NL:Q:61121370;Wolfsbossingel;Beuningen;0,0;3,6;0,0;0,0;0,0;0,0
SAN;NL:Q:61190010;de Pas;Bemmel;1,5;0,7;1,7;0,8;0,3;0,3
SAN;NL:Q:61190030;Het Nevelveld;Doornik;0,1;0,0;0,2;0,1;0,1;0,1
SAN;NL:Q:61190040;Het Nevelveld;Doornik;0,0;0,1;0,0;0,1;0,0;0,0
SAN;NL:Q:61190051;Zandsepad;Doornik;0,5;0,4;0,4;0,3;0,4;0,1
SAN;NL:Q:61190061;Zandsepad;Doornik;0,3;0,7;0,1;0,3;0,0;0,1
SAN;NL:Q:61190070;Doornik;Doornik;0,6;0,1;0,4;0,0;0,3;0,0
SAN;NL:Q:61190080;Doornik;Doornik;0,1;0,7;0,1;0,4;0,0;0,5
SAN;NL:Q:61190090;Bekkersland;Doornik;1,5;0,2;1,0;0,2;0,4;0,1
SAN;NL:Q:61190100;Bekkersland;Doornik;0,4;0,9;0,1;0,7;0,1;0,2
SAN;NL:Q:61190110;Laauwikstraat;Lent;0,2;0,6;0,4;0,2;0,0;0,1
SAN;NL:Q:61190120;Eikenlaan;Lent;0,1;6,3;0,0;4,6;0,1;3,8
SAN;NL:Q:61190122;Laauwikstraat;Lent;0,8;2,7;0,5;1,7;0,2;0,9
SAN;NL:Q:61190130;Petuniastraat;Lent;11,3;0,4;7,5;0,4;4,6;0,0
SAN;NL:Q:61190140;Petuniastraat;Lent;0,2;9,7;0,1;7,7;0,1;4,8
SAN;NL:Q:61190150;Lentseveld;Lent;18,0;3,3;11,6;1,1;6,0;0,7
SAN;NL:Q:61190160;Lentseveld;Lent;0,0;8,9;0,0;5,2;0,0;2,8
SAN;NL:Q:61190190;Citadel College;Lent;12,6;8,7;1,9;0,6;1,1;0,4
SAN;NL:Q:61190200;Citadel College;Lent;9,2;12,0;0,8;1,4;0,5;1,2
SAN;NL:Q:61190230;Station Lent Laauwikstraat;Lent;37,6;23,6;30,8;15,3;15,8;8,5
SAN;NL:Q:61190240;Station Lent Laauwikstraat;Lent;28,1;58,7;16,1;50,9;10,3;29,8
SAN;NL:Q:61190250;Eikenlaan;Lent;9,4;0,3;6,8;0,1;4,6;0,1
SAN;NL:Q:61190270;Station Lent;Lent;8,1;15,8;10,7;9,8;5,4;5,5
SAN;NL:Q:61190280;Station Lent;Lent;13,9;6,5;8,0;5,2;4,2;2,7
SAN;NL:Q:61190300;Stationsstraat;Lent;14,3;21,6;5,1;9,6;2,8;5,8
SAN;NL:Q:61190310;Stationsstraat;Oosterhout;16,3;16,0;7,5;5,9;4,8;3,1
SAN;NL:Q:61190330;Kerkenhofstraat;Ressen;4,4;2,6;1,7;1,0;1,5;0,5
SAN;NL:Q:61190350;Oude Groenestraat;Oosterhout;20,3;11,4;12,8;6,1;9,6;4,3
SAN;NL:Q:61190360;Oude Groenestraat;Oosterhout;12,4;22,1;5,3;13,5;3,8;9,2
SAN;NL:Q:61190370;Turennesingel;Lent;2,1;1,5;1,3;1,3;0,6;0,8
SAN;NL:Q:61190380;Turennesingel;Lent;1,2;5,0;0,7;6,8;0,4;2,2
SAN;NL:Q:61190390;Dijkstraat;Lent;15,7;5,5;6,4;2,0;4,2;0,8
SAN;NL:Q:61190400;Dijkstraat;Lent;4,8;10,5;1,7;4,6;0,8;2,2
SAN;NL:Q:61190410;Kruidenstraat;Oosterhout;7,8;1,5;4,9;0,9;2,2;0,7
SAN;NL:Q:61190420;Kruidenstraat;Oosterhout;1,4;6,2;1,0;5,1;0,4;2,0
SAN;NL:Q:61190470;Terracottastraat;Oosterhout;38,7;11,3;28,4;6,9;19,6;5,8
SAN;NL:Q:61190480;Terracottastraat;Oosterhout;10,9;43,4;6,2;31,2;5,3;21,2
SAN;NL:Q:61190490;Van Boetzelaerstraat;Oosterhout;0,0;1,2;0,0;0,7;0,0;0,7
SAN;NL:Q:61190500;Van Boetzelaerstraat;Oosterhout;1,2;0,2;1,4;0,0;0,4;0,0
SAN;NL:Q:61190710;Jonagoldstraat;Oosterhout;48,0;7,3;31,1;3,7;13,1;1,7
SAN;NL:Q:61190720;Jonagoldstraat;Oosterhout;6,7;41,3;4,2;27,9;2,0;13,7
SAN;NL:Q:61190750;De Klif;Oosterhout;31,3;3,6;19,0;2,4;8,8;1,4
SAN;NL:Q:61190760;De Klif;Oosterhout;3,4;26,8;2,2;16,5;1,3;9,9
SAN;NL:Q:61190790;Aquilastraat;Oosterhout;19,2;2,1;12,5;1,3;5,4;0,6
SAN;NL:Q:61190800;Aquilastraat;Oosterhout;2,4;21,1;1,5;13,5;0,8;6,8
SAN;NL:Q:61191390;Frankrijkstraat;Lent;0,4;41,3;0,3;28,5;0,1;16,7
SAN;NL:Q:61191400;Frankrijkstraat;Lent;45,7;0,2;35,3;0,1;18,7;0,0
SAN;NL:Q:61191410;De Ster;Lent;0,4;44,8;0,1;27,7;0,2;16,1
SAN;NL:Q:61191460;De Ster;Lent;41,6;0,3;24,5;0,1;12,4;0,1
SAN;NL:Q:61191490;Dalidastraat;Lent;0,4;12,7;0,5;7,9;0,2;5,1
SAN;NL:Q:61191510;Thermion (West);Lent;0,1;9,8;0,2;4,9;0,4;2,9
SAN;NL:Q:61191520;Thermion (Oost);Lent;31,6;4,2;20,2;3,6;11,9;1,5
SAN;NL:Q:61191550;Fluitenkruid;Lent;17,5;0,1;12,0;0,0;6,4;0,1
SAN;NL:Q:61191560;Fluitenkruid;Lent;0,1;16,2;0,0;10,2;0,0;7,8
SAN;NL:Q:61191600;Duitslandstraat;Lent;0,3;0,7;0,1;0,7;0,0;0,2
SAN;NL:Q:61191610;Duitslandstraat;Lent;0,5;0,6;0,5;0,3;0,2;0,1
SAN;NL:Q:61192000;P+R Waalsprinter;Ressen;25,7;28,9;18,5;22,1;13,5;15,3
SAN;NL:Q:61200080;Gansstraat;Oosterhout;3,8;0,1;2,1;0,1;1,2;0,0
SAN;NL:Q:61200210;Van Woerkomstraat;Oosterhout;0,0;7,4;0,1;2,9;0,0;2,0
SAN;NL:Q:61200220;Van Woerkomstraat;Oosterhout;7,5;0,0;2,7;0,0;1,9;0,0
SAN;NL:Q:61200230;Zandstraat;Oosterhout;0,0;2,6;0,0;1,8;0,0;1,0
SAN;NL:Q:61200250;Vredesplein;Oosterhout;0,2;1,1;0,0;0,4;0,0;0,3
SAN;NL:Q:61200290;Peperstraat;Oosterhout;2,7;1,8;1,9;1,4;1,3;1,1
SAN;NL:Q:61220010;Julianastraat;Ewijk;7,4;26,1;2,9;16,2;1,3;5,1
SAN;NL:Q:61220020;Deijnschestraat;Winssen;1,1;0,2;0,7;0,0;0,3;0,0
SAN;NL:Q:61220030;Molenweg;Ewijk;0,3;1,4;0,3;0,8;0,0;0,6
SAN;NL:Q:61220040;Geerstraat;Winssen;2,4;0,9;1,1;0,1;0,6;0,2
SAN;NL:Q:61220060;Leegstraat;Winssen;15,3;2,6;8,9;1,1;3,6;0,3
SAN;NL:Q:61220070;Leegstraat;Winssen;2,8;13,0;1,0;7,7;0,4;3,1
SAN;NL:Q:61220090;Geerstraat;Winssen;0,6;2,5;0,1;1,5;0,1;0,4
SAN;NL:Q:61220100;Molenweg;Ewijk;2,9;0,2;2,1;0,2;0,7;0,0
SAN;NL:Q:61220110;Deijnschestraat;Winssen;0,2;1,3;0,1;1,0;0,0;0,2
SAN;NL:Q:61220120;Julianastraat;Ewijk;28,1;8,0;16,6;3,9;5,5;1,2
SAN;NL:Q:61220170;Keizershoeve;Ewijk;1,4;9,1;0,7;7,4;0,2;2,6
SAN;NL:Q:61220180;Keizershoeve;Ewijk;6,9;1,3;5,2;0,7;1,8;0,3
SAN;NL:Q:61220190;Plakstraat;Winssen;0,8;6,8;0,6;4,6;0,3;1,0
SAN;NL:Q:61220200;Plakstraat;Winssen;4,8;1,0;3,1;0,8;1,3;0,4
SAN;NL:Q:61240010;Nieuweweg;Wijchen;0,4;3,1;0,2;0,8;0,2;0,3
SAN;NL:Q:61240020;Kraaijenberg 79e straat;Wijchen;0,8;0,1;0,5;0,0;0,2;0,0
SAN;NL:Q:61240040;Kraaijenberg 86e straat;Wijchen;4,8;0,6;1,3;0,2;1,0;0,2
SAN;NL:Q:61240050;Aalsburg;Wijchen;0,0;0,0;0,0;0,0;0,0;0,0
SAN;NL:Q:61240060;Homberg;Wijchen;9,5;1,1;4,5;1,2;2,8;0,6
SAN;NL:Q:61240070;Buizerdstraat;Wijchen;0,2;4,5;0,0;2,0;0,0;1,9
SAN;NL:Q:61240080;Heilige Stoel 38/46;Wijchen;4,7;0,1;1,8;0,2;1,1;0,1
SAN;NL:Q:61240100;Heilige Stoel 38/48;Wijchen;7,7;0,2;2,9;0,2;2,4;0,1
SAN;NL:Q:61240110;Tunnelweg;Wijchen;0,1;8,1;0,0;3,6;0,1;2,8
SAN;NL:Q:61240120;Tunnelweg;Wijchen;6,8;0,3;2,1;0,1;1,8;0,1
SAN;NL:Q:61240130;Holenbergseweg;Wijchen;0,1;3,6;0,1;1,9;0,1;0,9
SAN;NL:Q:61240140;Holenbergseweg;Wijchen;3,6;0,2;1,7;0,1;0,9;0,2
SAN;NL:Q:61240150;Schoenaker;Wijchen;0,6;8,1;0,2;4,0;0,0;2,9
SAN;NL:Q:61240160;Schoenaker;Wijchen;0,5;0,6;0,0;0,1;0,0;0,2
SAN;NL:Q:61240170;Heilige Stoel 38/48;Wijchen;0,1;6,5;0,2;2,5;0,0;2,0
SAN;NL:Q:61240190;Heilige Stoel 38/46;Wijchen;0,1;4,4;0,2;1,5;0,0;1,1
SAN;NL:Q:61240200;Buizerdstraat;Wijchen;5,0;0,2;1,9;0,1;1,3;0,0
SAN;NL:Q:61240210;Homberg;Wijchen;0,7;9,3;0,6;4,1;0,2;2,6
SAN;NL:Q:61240220;Aalsburg;Wijchen;0,0;0,0;0,0;0,0;0,0;0,0
SAN;NL:Q:61240230;Kraaijenberg 86e straat;Wijchen;0,2;2,0;0,2;1,3;0,0;0,9
SAN;NL:Q:61240250;Kraaijenberg 79e straat;Wijchen;0,0;0,8;0,0;0,5;0,0;0,4
SAN;NL:Q:61240260;Nieuweweg;Wijchen;2,7;0,4;0,4;0,4;0,3;0,1
SAN;NL:Q:61240280;Station Wijchen;Wijchen;6,4;1,3;0,0;0,0;0,0;0,0
SAN;NL:Q:61240290;Herenstraat;Wijchen;0,1;0,0;0,0;0,1;0,0;0,0
SAN;NL:Q:61240300;Herenstraat;Wijchen;0,0;0,1;0,0;0,0;0,0;0,0
SAN;NL:Q:61240350;Blauwe Hof 40e straat;Wijchen;0,0;0,1;0,0;0,0;0,0;0,0
SAN;NL:Q:61240360;Blauwe Hof 40e straat;Wijchen;0,0;0,0;0,0;0,0;0,0;0,0
SAN;NL:Q:61240390;Huissteden;Wijchen;0,2;6,1;0,2;4,2;0,1;2,6
SAN;NL:Q:61240400;Huissteden;Wijchen;13,2;0,7;7,6;0,9;3,4;0,3
SAN;NL:Q:61240610;Zuiderpoort;Wijchen;0,9;21,8;0,6;9,3;0,2;6,9
SAN;NL:Q:61240620;Zuiderpoort;Wijchen;21,6;1,2;9,6;1,0;6,6;0,6
SAN;NL:Q:61240630;Kraaijenberg 83e straat;Wijchen;7,2;8,4;4,0;3,8;3,4;2,9
SAN;NL:Q:61240640;De Ververt;Wijchen;7,5;0,4;2,9;0,5;1,8;0,1
SAN;NL:Q:61240650;De Ververt;Wijchen;0,2;8,0;0,2;3,1;0,1;1,6
SAN;NL:Q:61240720;Kerkeveld;Wijchen;10,7;0,3;3,5;0,3;2,4;0,1
SAN;NL:Q:61240730;Kerkeveld;Wijchen;0,1;10,8;0,0;3,3;0,1;2,4
SAN;NL:Q:61240880;Bijsterh.22/Wilhelminal.;Wijchen;0,1;0,3;0,0;0,0;0,0;0,0
SAN;NL:Q:61240890;Bijsterh.22/Wilhelminal.;Wijchen;0,1;0,3;0,0;0,0;0,0;0,0
SAN;NL:Q:61240910;Palkerplein;Wijchen;0,2;12,0;0,2;1,0;0,1;0,6
SAN;NL:Q:61240920;Palkerplein;Wijchen;10,9;0,3;1,0;0,1;0,5;0,0
SAN;NL:Q:61240950;Bijsterhuizen 21;Wijchen;0,3;5,4;0,0;0,0;0,0;0,0
SAN;NL:Q:61240960;Bijsterhuizen 21;Wijchen;7,1;0,4;0,0;0,0;0,0;0,0
SAN;NL:Q:61240970;Bijsterhuizen 25;Wijchen;0,7;12,1;0,0;0,0;0,0;0,0
SAN;NL:Q:61240980;Bijsterhuizen 25;Wijchen;8,6;1,3;0,0;0,0;0,0;0,0
SAN;NL:Q:61240990;Bijsterhuizen 10;Wijchen;0,2;3,8;0,0;0,0;0,0;0,0
SAN;NL:Q:61241000;Bijsterhuizen 10;Wijchen;1,7;0,2;0,0;0,0;0,0;0,0
SAN;NL:Q:61241030;De Meerval;Wijchen;3,0;0,2;0,7;0,1;0,6;0,1
SAN;NL:Q:61241040;De Meerval;Wijchen;0,2;3,4;0,0;1,4;0,0;1,3
SAN;NL:Q:61241050;Europaplein;Wijchen;14,4;2,6;7,2;2,4;4,3;0,4
SAN;NL:Q:61241060;Europaplein;Wijchen;1,9;17,0;1,6;8,0;0,5;4,9
SAN;NL:Q:61241070;Meerdreef/Oosterweg;Wijchen;7,9;0,4;0,9;0,3;0,8;0,0
SAN;NL:Q:61241080;Meerdreef/Oosterweg;Wijchen;0,3;8,3;0,2;1,2;0,0;1,0
SAN;NL:Q:61241110;Mozaiek;Wijchen;1,1;1,1;0,0;0,0;0,0;0,0
SAN;NL:Q:61241270;Vijverlaan;Wijchen;0,3;4,0;0,2;1,3;0,1;1,3
SAN;NL:Q:61241280;Vijverlaan;Wijchen;3,3;0,3;0,9;0,1;0,7;0,1
SAN;NL:Q:61241310;Station Wijchen;Wijchen;7,7;26,0;1,2;15,3;0,9;11,9
SAN;NL:Q:61241320;Station Wijchen;Wijchen;19,9;10,0;10,4;3,3;11,5;2,2
SAN;NL:Q:61241400;Aalsburg;Wijchen;0,0;0,0;0,0;0,0;0,0;0,0
SAN;NL:Q:61241430;Kronenland;Wijchen;0,1;2,0;0,1;1,0;0,1;0,8
SAN;NL:Q:61241440;Kronenland;Wijchen;2,4;0,2;0,9;0,1;0,9;0,1
SAN;NL:Q:61241470;Sluiskamp;Wijchen;0,1;2,6;0,2;1,5;0,1;1,0
SAN;NL:Q:61241480;Sluiskamp;Wijchen;2,5;0,4;1,5;0,7;1,4;0,3
SAN;NL:Q:61241510;Blauwe Hof 60e straat;Wijchen;0,1;1,2;0,1;0,5;0,1;0,5
SAN;NL:Q:61241520;Blauwe Hof 60e straat;Wijchen;1,6;0,1;0,6;0,1;0,5;0,0
SAN;NL:Q:61242010;Veenhof;Wijchen;0,2;5,1;0,1;2,3;0,1;1,6
SAN;NL:Q:61242020;Veenhof;Wijchen;10,8;0,1;4,4;0,0;3,6;0,0
SAN;NL:Q:61242030;Weegbree;Wijchen;0,0;0,2;0,0;0,0;0,0;0,0
SAN;NL:Q:61242040;Weegbree;Wijchen;0,5;0,0;0,0;0,0;0,0;0,0
SAN;NL:Q:61249000;Station Wijchen;Wijchen;0,4;6,9;0,0;0,0;0,0;0,0
SAN;NL:Q:61301230;Kerkplein;Valburg;1,6;11,8;0,0;0,0;0,0;0,0
SAN;NL:Q:61301240;Kerkplein;Valburg;12,0;1,7;0,0;0,0;0,0;0,0
SAN;NL:Q:61301310;Strandpark Noord;Valburg;0,1;1,7;0,0;0,0;0,0;0,0
SAN;NL:Q:61301320;Strandpark Noord;Valburg;1,3;0,0;0,0;0,0;0,0;0,0
SAN;NL:Q:61320020;Klapstraat;Afferden;3,7;0,6;3,2;0,2;1,3;0,2
SAN;NL:Q:61320031;Koningstraat;Afferden;0,2;1,3;0,1;1,1;0,0;0,3
SAN;NL:Q:61320041;Pas;Afferden;8,7;1,4;5,9;0,6;2,3;0,3
SAN;NL:Q:61320051;Pas;Afferden;1,1;8,2;0,6;6,1;0,1;2,0
SAN;NL:Q:61320061;Koningstraat;Afferden;2,0;0,2;1,4;0,1;0,4;0,0
SAN;NL:Q:61320070;Klapstraat;Afferden;0,8;3,3;0,2;3,4;0,1;1,0
SAN;NL:Q:61320080;Grotestraat;Deest;12,4;3,4;6,0;2,2;2,3;1,0
SAN;NL:Q:61320110;Grotestraat;Deest;3,1;12,5;1,7;6,5;0,9;2,1
SAN;NL:Q:61330030;Willibrordstraat;Batenburg;0,8;0,0;0,0;0,0;0,0;0,0
SAN;NL:Q:61330070;RK Kerk;Batenburg;0,3;0,9;0,0;0,0;0,0;0,0
SAN;NL:Q:61340030;Leurseweg;Leur;0,0;0,1;0,0;0,0;0,0;0,0
SAN;NL:Q:61340040;Leurseweg;Leur;0,1;0,0;0,0;0,0;0,0;0,0
SAN;NL:Q:61340070;Broekstraat;Hernen;0,0;0,1;0,0;0,0;0,0;0,0
SAN;NL:Q:61340080;Broekstraat;Hernen;0,0;0,0;0,0;0,0;0,0;0,0
SAN;NL:Q:61340090;Smitskampje;Hernen;0,0;0,5;0,0;0,0;0,0;0,0
SAN;NL:Q:61340100;Smitskampje;Hernen;0,5;0,0;0,0;0,0;0,0;0,0
SAN;NL:Q:61400010;Lingebrug;Zetten;0,9;1,2;0,0;0,0;0,0;0,0
SAN;NL:Q:61400030;Molenstraat;Zetten;0,0;0,1;0,0;0,0;0,0;0,0
SAN;NL:Q:61400120;Molenstraat;Zetten;0,0;0,0;0,0;0,0;0,0;0,0
SAN;NL:Q:61400140;Lingebrug;Zetten;0,0;0,1;0,0;0,0;0,0;0,0
SAN;NL:Q:61401001;Station Zetten Andelst;Zetten;1,0;9,2;0,0;0,0;0,0;0,0
SAN;NL:Q:61401002;Station Zetten Andelst;Zetten;6,1;2,8;0,0;0,1;0,0;0,0
SAN;NL:Q:61401210;Brittanjesingel;Zetten;0,3;6,4;0,0;0,0;0,0;0,0
SAN;NL:Q:61401230;Brittanjesingel;Zetten;0,0;1,7;0,0;0,0;0,0;0,0
SAN;NL:Q:61401240;Brittanjesingel;Zetten;7,6;0,2;0,0;0,0;0,0;0,0
SAN;NL:Q:61401270;Stationsstraat;Zetten;0,0;1,8;0,0;0,0;0,0;0,0
SAN;NL:Q:61401280;Stationsstraat;Zetten;4,0;1,6;0,0;0,0;0,0;0,0
SAN;NL:Q:61401310;Hoofdstraat;Zetten;0,0;1,4;0,0;0,0;0,0;0,0
SAN;NL:Q:61401320;Hoofdstraat;Zetten;5,3;2,5;0,0;0,0;0,0;0,0
SAN;NL:Q:61402230;Wilhelminastraat;Andelst;2,2;4,7;0,0;0,0;0,0;0,0
SAN;NL:Q:61402240;Wilhelminastraat;Andelst;4,5;0,9;0,0;0,0;0,0;0,0
SAN;NL:Q:61402270;Monument;Andelst;0,3;0,7;0,0;0,0;0,0;0,0
SAN;NL:Q:61402280;Monument;Andelst;1,0;0,4;0,0;0,0;0,0;0,0
SAN;NL:Q:61403230;Planetenlaan;Herveld;0,8;3,7;0,0;0,0;0,0;0,0
SAN;NL:Q:61403240;Planetenlaan;Herveld;3,6;0,5;0,0;0,0;0,0;0,0
SAN;NL:Q:61403270;Stenenkamerstraat;Herveld;1,9;6,1;0,0;0,0;0,0;0,0
SAN;NL:Q:61403280;Stenenkamerstraat;Herveld;5,4;1,3;0,0;0,0;0,0;0,0
SAN;NL:Q:61403310;De Hoge Hof;Herveld;1,8;4,9;0,0;0,0;0,0;0,0
SAN;NL:Q:61403320;De Hoge Hof;Herveld;5,7;1,9;0,0;0,0;0,0;0,0
SAN;NL:Q:61404230;'t Hoeveslag;Herveld;0,3;1,1;0,0;0,0;0,0;0,0
SAN;NL:Q:61404240;'t Hoeveslag;Herveld;1,1;0,3;0,0;0,0;0,0;0,0
SAN;NL:Q:61404310;Lechstraat;Herveld;0,3;2,1;0,0;0,0;0,0;0,0
SAN;NL:Q:61404320;Lechstraat;Herveld;1,9;0,3;0,0;0,0;0,0;0,0
SAN;NL:Q:61404350;Molen de Vink;Herveld;0,5;1,5;0,0;0,0;0,0;0,0
SAN;NL:Q:61404360;Molen de Vink;Herveld;2,0;0,5;0,0;0,0;0,0;0,0
SAN;NL:Q:61410030;Veemarkt;Tiel;0,0;2,3;0,1;1,6;0,0;0,2
SAN;NL:Q:61410330;Veemarkt;Tiel;3,5;0,0;1,9;0,0;0,6;0,0
SAN;NL:Q:61410640;Laan van Westroijen;Tiel;1,9;0,0;0,4;0,0;0,1;0,0
SAN;NL:Q:61410690;Laan van Westroijen;Tiel;0,0;1,4;0,0;0,2;0,0;0,2
SAN;NL:Q:61411100;Station;Tiel;10,8;4,9;5,4;2,2;3,2;1,6
SAN;NL:Q:61412150;Predikbroedersweg;Tiel;0,0;1,0;0,0;0,2;0,0;0,1
SAN;NL:Q:61412160;Predikbroedersweg;Tiel;0,8;0,0;0,2;0,0;0,1;0,0
SAN;NL:Q:61420010;Pax Christi College;Druten;1,0;10,8;0,0;4,9;0,0;1,8
SAN;NL:Q:61420030;Hermes Garage;Druten;0,5;4,0;0,0;2,7;0,1;1,1
SAN;NL:Q:61420050;Markt;Druten;2,9;13,9;1,9;12,3;0,5;4,2
SAN;NL:Q:61420070;Javaplein;Druten;2,3;4,7;0,1;4,5;0,0;2,2
SAN;NL:Q:61420100;Markt;Druten;11,8;4,1;11,0;1,0;4,5;0,4
SAN;NL:Q:61420120;Hermes Garage;Druten;3,6;0,7;2,5;0,4;1,2;0,1
SAN;NL:Q:61420140;Pax Christi College;Druten;9,5;1,1;3,8;0,1;1,5;0,1
SAN;NL:Q:61420160;Gemeentehuis;Druten;0,7;7,3;0,3;5,7;0,0;2,4
SAN;NL:Q:61420180;Gemeentehuis;Druten;4,8;1,2;4,5;0,6;1,9;0,1
SAN;NL:Q:61420290;Javaplein;Druten;2,9;0,5;2,8;0,2;1,2;0,0
SAN;NL:Q:61420320;Westerhout;Puiflijk;0,0;0,7;0,0;0,9;0,0;0,2
SAN;NL:Q:61420330;Westerhout;Puiflijk;1,0;0,0;0,4;0,0;0,2;0,0
SAN;NL:Q:61420510;Scharenburg/N322;Druten;17,7;0,3;0,0;0,0;0,0;0,0
SAN;NL:Q:61420520;Scharenburg/N322;Druten;4,9;20,7;0,0;0,0;0,0;0,0
SAN;NL:Q:61421000;Busstation;Druten;90,3;73,6;0,0;0,0;0,0;0,0
SAN;NL:Q:61421001;Busstation;Druten;43,3;56,9;55,6;44,3;23,4;15,5
SAN;NL:Q:61421002;Busstation;Druten;154,8;138,6;0,0;0,0;0,0;0,0
SAN;NL:Q:61421004;Busstation;Druten;5,0;17,4;4,5;15,6;2,3;6,0
SAN;NL:Q:61440010;Schaarsestraat;Bergharen;0,0;0,1;0,0;0,0;0,0;0,0
SAN;NL:Q:61440020;Schaarsestraat;Bergharen;0,2;0,0;0,0;0,0;0,0;0,0
SAN;NL:Q:61440030;De Weem;Bergharen;0,0;1,3;0,0;0,0;0,0;0,0
SAN;NL:Q:61440040;De Weem;Bergharen;1,4;0,0;0,0;0,0;0,0;0,0
SAN;NL:Q:61440070;Grotestraat;Bergharen;0,0;0,3;0,0;0,0;0,0;0,0
SAN;NL:Q:61440080;Grotestraat;Bergharen;0,4;0,0;0,0;0,0;0,0;0,0
SAN;NL:Q:61520210;Molenstraat;Boven Leeuwen;0,0;1,3;0,0;0,9;0,0;0,6
SAN;NL:Q:61520220;Molenstraat;Boven Leeuwen;1,9;0,0;1,2;0,0;0,2;0,0
SAN;NL:Q:61520230;Akkerstraat;Beneden-Leeuwen;0,0;5,0;0,0;4,3;0,0;1,9
SAN;NL:Q:61520240;Akkerstraat;Beneden-Leeuwen;8,4;0,0;5,6;0,0;2,0;0,0
SAN;NL:Q:61520250;Veesteeg;Beneden Leeuwen;1,8;0,0;1,0;0,0;0,4;0,0
SAN;NL:Q:61520260;Veesteeg;Boven Leeuwen;0,0;1,3;0,0;0,8;0,0;0,3
SAN;NL:Q:61520350;Prins Willem Alexanderbrug;Beneden-Leeuwen;0,0;1,7;0,0;0,8;0,0;0,4
SAN;NL:Q:61520360;Prins Willem Alexanderbrug;Beneden-Leeuwen;2,5;0,0;1,2;0,0;0,6;0,0
SAN;NL:Q:69000160;Hakkesstraat;Venlo;0,0;0,0;0,0;0,0;0,0;0,0
SAN;NL:Q:69000170;Hakkesstraat;Venlo;0,0;0,0;0,0;0,0;0,0;0,0
SAN;NL:Q:69000280;Goltziusstraat;Venlo;0,0;0,0;0,0;0,0;0,0;0,0
SAN;NL:Q:69000340;Heilig Hartkerk;Venlo;0,0;0,1;0,0;0,0;0,0;0,0
SAN;NL:Q:69000350;Heilig Hartkerk;Venlo;0,0;0,0;0,0;0,0;0,0;0,0
SAN;NL:Q:69000380;Hogeweg;Venlo;0,0;0,1;0,0;0,0;0,0;0,1
SAN;NL:Q:69000390;Hogeweg;Venlo;0,1;0,0;0,0;0,0;0,0;0,0
SAN;NL:Q:69000440;Karbindersstraat;Venlo;0,0;0,1;0,0;0,0;0,0;0,0
SAN;NL:Q:69000450;Karbindersstraat;Venlo;0,1;0,0;0,0;0,0;0,0;0,0
SAN;NL:Q:69000660;Mgr. Nolensplein;Venlo;0,0;0,0;0,0;0,0;0,0;0,0
SAN;NL:Q:69000670;Mgr. Nolensplein;Venlo;0,0;0,0;0,0;0,0;0,0;0,0
SAN;NL:Q:69000930;Station;Venlo;0,5;0,3;0,3;0,4;0,0;0,0
SAN;NL:Q:69001090;Veldenseweg;Venlo;0,0;0,0;0,0;0,0;0,0;0,0
SAN;NL:Q:69100100;Hasselt;Velden;0,0;0,0;0,0;0,1;0,0;0,0
SAN;NL:Q:69100110;Hasselt;Velden;0,1;0,0;0,0;0,0;0,0;0,0
SAN;NL:Q:69100120;Markt;Velden;0,0;0,3;0,0;0,3;0,0;0,1
SAN;NL:Q:69100130;Markt;Velden;0,3;0,0;0,1;0,0;0,1;0,0
SAN;NL:Q:69100150;Taurus;Velden;0,0;0,0;0,0;0,0;0,0;0,0
SAN;NL:Q:69100160;Velden Zuid;Velden;0,0;0,1;0,0;0,0;0,0;0,0
SAN;NL:Q:69100170;Velden Zuid;Velden;0,1;0,0;0,1;0,0;0,0;0,0
SAN;NL:Q:69200100;De Voort;Lomm;0,0;0,0;0,0;0,0;0,0;0,0
SAN;NL:Q:69200110;De Voort;Lomm;0,2;0,0;0,1;0,0;0,0;0,0
SAN;NL:Q:69200120;Spikweien;Lomm;0,0;0,1;0,0;0,0;0,0;0,0
SAN;NL:Q:69200130;Spikweien;Lomm;0,0;0,0;0,0;0,0;0,0;0,0
SAN;NL:Q:69200140;Veer naar Lottum;Lomm;0,0;0,0;0,0;0,0;0,0;0,0
SAN;NL:Q:69200150;Veer naar Lottum;Lomm;0,0;0,0;0,0;0,0;0,0;0,0
SAN;NL:Q:69300100;Koestraat;Arcen;0,0;0,3;0,0;0,5;0,0;0,0
SAN;NL:Q:69300110;Koestraat;Arcen;0,3;0,0;0,4;0,0;0,0;0,0
SAN;NL:Q:69300120;Laakweg;Arcen;0,0;0,5;0,0;0,3;0,0;0,0
SAN;NL:Q:69300130;Laakweg;Arcen;0,5;0,0;0,2;0,0;0,1;0,0
SAN;NL:Q:69300140;Veer naar Broekhuizen;Arcen;0,0;0,3;0,0;0,3;0,0;0,0
SAN;NL:Q:69300150;Veer naar Broekhuizen;Arcen;0,3;0,0;0,1;0,0;0,2;0,0
SAN;NL:Q:69400100;Thermaalbad;Arcen;0,0;0,4;0,0;0,2;0,0;0,0
SAN;NL:Q:69400110;Thermaalbad;Arcen;0,4;0,0;0,1;0,0;0,0;0,0
SAN;NL:Q:69400120;Hotel de Hamert;Wellerlooi;0,0;0,1;0,0;0,0;0,0;0,0
SAN;NL:Q:69400130;Hotel de Hamert;Wellerlooi;0,1;0,0;0,0;0,0;0,0;0,0
SAN;NL:Q:69500100;Catharinastraat;Wellerlooi;0,0;0,6;0,0;0,2;0,0;0,0
SAN;NL:Q:69500110;Catharinastraat;Wellerlooi;0,7;0,0;0,2;0,0;0,0;0,0
SAN;NL:Q:69500120;Kruisstraat;Wellerlooi;0,0;0,1;0,0;0,0;0,0;0,0
SAN;NL:Q:69500130;Kruisstraat;Wellerlooi;0,1;0,0;0,0;0,0;0,0;0,0
SAN;NL:Q:69500140;Wellerlooi Zuid;Wellerlooi;0,0;0,0;0,0;0,0;0,0;0,0
SAN;NL:Q:69500150;Wellerlooi Zuid;Wellerlooi;0,1;0,0;0,0;0,0;0,0;0,0
SAN;NL:Q:69600100;Bosserheide;Well;0,0;0,2;0,0;0,1;0,0;0,0
SAN;NL:Q:69600110;Bosserheide;Well;0,1;0,0;0,1;0,0;0,0;0,0
SAN;NL:Q:69600120;Kasteellaan;Well;0,0;0,8;0,0;0,2;0,0;0,3
SAN;NL:Q:69600130;Kasteellaan;Well;1,5;0,0;0,4;0,0;0,1;0,0
SAN;NL:Q:69600220;Knikkerdorp;Well;0,0;0,2;0,0;0,1;0,0;0,1
SAN;NL:Q:69600230;Knikkerdorp;Well;0,2;0,0;0,1;0,0;0,0;0,0
SAN;NL:Q:69600240;Halve Maan;Well;0,0;0,2;0,0;0,0;0,0;0,0
SAN;NL:Q:69600250;Halve Maan;Well;0,3;0,0;0,0;0,0;0,0;0,0
SAN;NL:Q:69600280;Leuken;Well;0,0;0,1;0,0;0,1;0,0;0,0
SAN;NL:Q:69600290;Leuken;Well;0,1;0,0;0,0;0,0;0,0;0,0
