CONCESSIE;QUAYCODE;NAME;TOWN;INSTAP_WERK;UITSTAP_WERK;INSTAP_ZA;UITSTAP_ZA;INSTAP_ZO;UITSTAP_ZO
17;NL:Q:16000030;Station;Meppel;0,5;0,5;0,2;0,1;0,0;0,0
17;NL:Q:16000080;Station;Meppel;18,5;12,6;3,4;2,7;0,0;0,0
17;NL:Q:16000260;Medisch Centrum;Meppel;2,5;4,2;0,4;0,6;0,0;0,0
17;NL:Q:16000280;Gemeenteweg;Halfweg;0,0;0,0;0,0;0,0;0,0;0,0
17;NL:Q:16000290;Gemeenteweg;Halfweg;0,3;0,1;0,3;0,1;0,0;0,0
17;NL:Q:16000480;Station;Meppel;12,1;130,2;0,0;16,3;0,0;0,0
17;NL:Q:16000600;Burg. Knopperslaan;Meppel;0,5;0,7;0,0;0,0;0,0;0,0
17;NL:Q:16000610;Burg. Knopperslaan;Meppel;0,3;1,0;0,0;0,0;0,0;0,0
17;NL:Q:16000710;Steenwijkerstraatweg;Meppel;0,2;0,3;0,0;0,0;0,0;0,0
17;NL:Q:16000720;Steenwijkerstraatweg;Meppel;0,4;0,3;0,0;0,0;0,0;0,0
17;NL:Q:16000770;Reestplantsoen;Meppel;1,2;3,9;0,2;0,4;0,0;0,0
17;NL:Q:16000780;Reestplantsoen;Meppel;3,3;0,7;0,0;0,1;0,0;0,0
17;NL:Q:16000800;De Stouwe;Meppel;17,9;12,5;0,1;0,8;0,0;0,0
17;NL:Q:16000810;De Stouwe;Meppel;12,2;29,1;0,8;0,2;0,0;0,0
17;NL:Q:16000870;Station;Meppel;155,2;16,3;19,2;0,0;0,0;0,0
17;NL:Q:16000910;Leonard Springerlaan;Meppel;0,6;0,3;0,0;0,0;0,0;0,0
17;NL:Q:16000920;Leonard Springerlaan;Meppel;0,1;0,7;0,0;0,0;0,0;0,0
17;NL:Q:16000931;Prinsengracht;Meppel;2,4;2,0;0,7;1,3;0,0;0,0
17;NL:Q:16001010;Hugo de Grootstraat;Meppel;1,0;1,3;0,0;0,0;0,0;0,0
17;NL:Q:16001020;Hugo de Grootstraat;Meppel;1,5;1,8;0,0;0,0;0,0;0,0
17;NL:Q:16110060;Heerenweg;IJhorst;5,1;4,1;1,7;1,4;0,0;0,0
17;NL:Q:16110081;Havixhorst;De Schiphorst;0,1;0,7;0,2;0,4;0,0;0,0
17;NL:Q:16110090;Wiltenweg;De Wijk;0,3;4,1;0,3;0,9;0,0;0,0
17;NL:Q:16110220;Willem Koopsweg;De Wolden;0,4;4,3;0,2;0,8;0,0;0,0
17;NL:Q:16110230;Oosterakker;De Wolden;0,0;0,5;0,1;0,2;0,0;0,0
17;NL:Q:16110240;Verzorgingstehuis;De Wijk;2,9;2,3;1,6;1,0;0,0;0,0
17;NL:Q:16110260;Sparrenlaan;IJhorst;4,7;1,3;0,5;0,0;0,0;0,0
17;NL:Q:16180100;Vlakkenweg;Staphorst;1,5;4,6;0,2;0,2;0,0;0,0
17;NL:Q:16180110;Vlakkenweg;Staphorst;4,2;1,1;0,1;0,3;0,0;0,0
17;NL:Q:16180120;Geerligsland;Staphorst;0,8;2,9;0,1;0,1;0,0;0,0
17;NL:Q:16180130;Geerligsland;Staphorst;2,2;0,8;0,1;0,1;0,0;0,0
17;NL:Q:16180140;Jan Arendsland;Staphorst;1,2;8,3;0,0;0,9;0,0;0,0
17;NL:Q:16180150;Jan Arendsland;Staphorst;5,3;1,0;0,2;0,1;0,0;0,0
17;NL:Q:16180160;Snelweg;Staphorst;0,9;1,5;0,2;0,2;0,0;0,0
17;NL:Q:16180170;Snelweg;Staphorst;1,7;0,6;0,7;0,1;0,0;0,0
17;NL:Q:16180180;Achthoevenweg;Staphorst;7,2;13,9;0,7;0,8;0,0;0,0
17;NL:Q:16180190;Achthoevenweg;Staphorst;10,5;8,1;0,8;0,8;0,0;0,0
17;NL:Q:16180200;Hoogeweg;Staphorst;10,2;24,3;1,5;1,9;0,0;0,0
17;NL:Q:16180210;Hoogeweg;Staphorst;23,6;10,5;3,3;1,4;0,0;0,0
17;NL:Q:16180220;Bergerslag;Staphorst;16,4;21,1;2,2;3,1;0,0;0,0
17;NL:Q:16180230;Bergerslag;Staphorst;16,2;16,3;2,5;2,4;0,0;0,0
17;NL:Q:16180240;Gemeentehuis;Staphorst;13,6;20,4;2,1;1,6;0,0;0,0
17;NL:Q:16180250;Gemeentehuis;Staphorst;20,1;13,6;2,9;1,9;0,0;0,0
17;NL:Q:16180260;Lindenlaan;Staphorst;6,0;8,9;0,8;0,9;0,0;0,0
17;NL:Q:16180270;Lindenlaan;Staphorst;7,2;6,1;0,9;1,4;0,0;0,0
17;NL:Q:16180280;Bejaardenhuis;Staphorst;6,5;3,9;1,2;0,3;0,0;0,0
17;NL:Q:16180290;Bejaardenhuis;Staphorst;3,2;5,0;0,2;0,8;0,0;0,0
17;NL:Q:16180300;Prinses Beatrixstraat;Staphorst;6,2;4,3;3,3;0,6;0,0;0,0
17;NL:Q:16180310;Prinses Beatrixstraat;Staphorst;5,7;7,3;0,5;4,0;0,0;0,0
17;NL:Q:16180320;Boldewijnhuizen;Staphorst;0,3;0,9;0,1;0,2;0,0;0,0
17;NL:Q:16180330;Boldewijnhuizen;Staphorst;1,1;0,5;0,1;0,1;0,0;0,0
17;NL:Q:16280100;Oostermenneweg;Rouveen;1,1;4,0;0,1;0,5;0,0;0,0
17;NL:Q:16280110;Oostermenneweg;Rouveen;2,3;1,5;0,4;0,1;0,0;0,0
17;NL:Q:16280120;Zuideindigerweg;Rouveen;1,0;4,0;0,1;0,4;0,0;0,0
17;NL:Q:16280130;Zuideindigerweg;Rouveen;4,4;0,7;0,8;0,1;0,0;0,0
17;NL:Q:16280140;Stadsweg;Rouveen;0,8;0,8;0,1;0,1;0,0;0,0
17;NL:Q:16280150;Stadsweg;Rouveen;0,7;0,9;0,0;0,2;0,0;0,0
17;NL:Q:16280160;Oude Rijksweg 485;Rouveen;0,3;1,3;0,1;0,3;0,0;0,0
17;NL:Q:16280170;Oude Rijksweg 485;Rouveen;1,0;0,3;0,1;0,1;0,0;0,0
17;NL:Q:16280180;Hervormde Kerk;Rouveen;8,7;29,9;1,8;2,8;0,0;0,0
17;NL:Q:16280190;Hervormde Kerk;Rouveen;27,4;7,9;3,1;1,8;0,0;0,0
17;NL:Q:16280200;Oude Rijksweg 415;Rouveen;1,6;2,6;0,1;0,2;0,0;0,0
17;NL:Q:16280210;Oude Rijksweg 415;Rouveen;2,6;1,4;0,1;0,1;0,0;0,0
17;NL:Q:16280220;Oud Gereformeerde Kerk;Rouveen;0,1;2,0;0,1;0,1;0,0;0,0
17;NL:Q:16280230;Oud Gereformeerde Kerk;Rouveen;1,7;0,2;0,1;0,1;0,0;0,0
17;NL:Q:16280240;Conradsweg;Rouveen;0,7;3,6;0,1;0,1;0,0;0,0
17;NL:Q:16280250;Conradsweg;Rouveen;3,3;0,7;0,2;0,1;0,0;0,0
17;NL:Q:16280260;Schoolwijksweg;Rouveen;1,9;6,1;0,1;0,6;0,0;0,0
17;NL:Q:16280270;Schoolwijksweg;Rouveen;6,4;2,2;0,8;0,3;0,0;0,0
17;NL:Q:16280280;Dekkersweg;Rouveen;1,5;4,7;0,1;0,2;0,0;0,0
17;NL:Q:16280290;Dekkersweg;Rouveen;4,1;1,0;0,4;0,2;0,0;0,0
17;NL:Q:16301020;Station;Steenwijk;7,8;7,3;0,0;0,0;0,0;0,0
17;NL:Q:16380100;Markteweg;Lichtmis;1,9;3,0;0,2;0,2;0,0;0,0
17;NL:Q:16380110;Markteweg;Lichtmis;1,1;4,6;0,2;0,3;0,0;0,0
17;NL:Q:16380120;Steenwetering;Lichtmis;0,2;1,3;0,0;0,4;0,0;0,0
17;NL:Q:16380130;Steenwetering;Lichtmis;0,8;0,1;0,4;0,0;0,0;0,0
17;NL:Q:16380140;Meeleweg;Lichtmis;0,5;1,9;0,0;0,3;0,0;0,0
17;NL:Q:16380150;Meeleweg;Lichtmis;1,9;0,4;0,1;0,0;0,0;0,0
17;NL:Q:16380190;Busstation;Lichtmis;80,9;80,9;2,6;3,3;0,0;0,0
17;NL:Q:16580010;Noordeinde;Zwolle;0,2;1,9;0,0;0,8;0,1;0,1
17;NL:Q:16580020;Noordeinde;Zwolle;1,9;0,7;0,6;0,1;0,2;0,1
17;NL:Q:16580030;Westeinde;Zwolle;0,1;2,6;0,0;0,5;0,0;0,1
17;NL:Q:16580040;Westeinde;Zwolle;2,4;0,4;0,3;0,1;0,1;0,0
17;NL:Q:16580050;Markteweg;Zwolle;0,8;3,3;0,2;0,3;0,0;0,9
17;NL:Q:16580060;Markteweg;Zwolle;1,5;4,2;0,3;0,2;0,2;0,1
17;NL:Q:16580070;Kleefstraat;Zwolle;6,7;16,9;0,5;2,6;0,3;0,6
17;NL:Q:16580080;Kleefstraat;Zwolle;16,4;5,2;1,7;0,5;0,6;0,5
17;NL:Q:16680010;Dedemsweg;Ruitenveen;0,5;3,4;0,2;1,1;0,1;0,6
17;NL:Q:16680020;Dedemsweg;Ruitenveen;3,6;0,5;1,0;0,2;1,9;1,8
17;NL:Q:16680030;Kuitermansweg;Ruitenveen;0,3;4,8;0,2;1,8;0,0;1,0
17;NL:Q:16680040;Kuitermansweg;Ruitenveen;4,8;0,4;1,9;0,2;1,2;0,2
17;NL:Q:16680050;Nieuwe Kreuleweg;Ruitenveen;0,1;2,3;0,0;0,4;0,0;0,3
17;NL:Q:16680060;Nieuwe Kreuleweg;Ruitenveen;2,0;0,1;0,3;0,1;0,2;0,0
17;NL:Q:16680070;Hoevenweg;Ruitenveen;0,2;5,1;0,1;1,9;0,1;1,2
17;NL:Q:16680080;Hoevenweg;Ruitenveen;4,6;0,3;1,8;0,2;1,1;0,1
17;NL:Q:16680090;Middenweg;Ruitenveen;0,6;1,0;0,0;0,3;0,0;0,2
17;NL:Q:16680100;Middenweg;Ruitenveen;1,0;1,1;0,3;0,1;0,0;0,0
17;NL:Q:16680110;Nieuwendijk;Ruitenveen;0,1;1,4;0,0;0,2;0,0;0,2
17;NL:Q:16680120;Nieuwendijk;Ruitenveen;1,2;0,2;0,2;0,1;0,2;0,0
17;NL:Q:16780001;Schuilhut;Nieuwleusen;0,0;0,1;0,0;0,0;0,0;0,0
17;NL:Q:16780010;De Vlijt;Nieuwleusen;0,4;7,7;0,2;1,7;0,2;1,3
17;NL:Q:16780020;De Vlijt;Nieuwleusen;6,9;0,6;1,6;0,3;1,4;0,4
17;NL:Q:16780030;Oosterhulst;Nieuwleusen;0,2;1,8;0,0;0,5;0,0;0,4
17;NL:Q:16780040;Oosterhulst;Nieuwleusen;1,2;0,2;0,5;0,1;0,2;0,1
17;NL:Q:16780050;Den Hulst;Nieuwleusen;12,5;81,4;1,7;8,6;0,8;4,8
17;NL:Q:16780060;Den Hulst;Nieuwleusen;76,1;13,1;5,7;1,3;3,8;0,6
17;NL:Q:16780070;Bejaardencentrum;Nieuwleusen;4,1;21,4;1,7;8,1;0,8;4,5
17;NL:Q:16780080;Baron van Dedemstraat;Nieuwleusen;7,4;1,3;2,4;0,2;1,1;0,0
17;NL:Q:16780090;Gereformeerde Kerk;Nieuwleusen;4,7;26,5;1,3;9,7;0,3;4,7
17;NL:Q:16780100;Bejaardencentrum;Nieuwleusen;19,7;4,7;7,8;1,8;4,2;0,6
17;NL:Q:16780110;Zwembad;Nieuwleusen;3,0;31,3;1,0;6,6;0,5;5,2
17;NL:Q:16780120;Gereformeerde Kerk;Nieuwleusen;24,9;4,6;11,0;1,8;4,3;0,4
17;NL:Q:16780130;Centrum;Nieuwleusen;5,8;64,4;2,7;16,4;0,4;9,9
17;NL:Q:16780140;Zwembad;Nieuwleusen;30,8;3,3;7,9;1,2;5,4;0,7
17;NL:Q:16780150;Westeinde;Nieuwleusen;1,1;23,4;0,2;4,4;0,2;2,3
17;NL:Q:16780160;Centrum;Nieuwleusen;58,2;5,8;19,4;2,2;10,1;1,2
17;NL:Q:16780170;Bouwhuisweg;Nieuwleusen;0,4;8,8;0,2;2,5;0,1;1,6
17;NL:Q:16780180;Westeinde;Nieuwleusen;21,2;1,7;3,8;0,3;2,2;0,3
17;NL:Q:16780190;Molen;Nieuwleusen;0,2;5,4;0,1;1,3;0,1;0,9
17;NL:Q:16780200;Bouwhuisweg;Nieuwleusen;9,0;0,8;2,9;0,1;1,3;0,0
17;NL:Q:16780220;Molen;Nieuwleusen;4,7;0,3;1,4;0,1;0,8;0,0
17;NL:Q:16780300;Grote Markt;Nieuwleusen;0,1;0,0;0,0;0,0;0,0;0,0
17;NL:Q:16780310;Grote Markt;Nieuwleusen;0,0;0,0;0,0;0,0;0,0;0,0
17;NL:Q:16780560;Rollecater Brug;Nieuwleusen;12,5;2,1;0,0;0,0;0,0;0,0
17;NL:Q:16780570;Rollecater Brug;Nieuwleusen;1,4;11,7;0,0;0,0;0,0;0,0
17;NL:Q:17000040;Station;Hoogeveen;139,8;124,0;23,8;20,2;17,3;20,2
17;NL:Q:17000210;Buizerdlaan;Hoogeveen;17,7;15,9;3,2;1,8;2,5;2,6
17;NL:Q:17000220;Buizerdlaan;Hoogeveen;17,4;16,0;2,5;2,6;1,5;1,9
17;NL:Q:17000710;Mr. Cramerweg P+R;Hoogeveen;2,3;7,3;0,3;1,0;0,4;0,9
17;NL:Q:17000730;Mr. Cramerweg P+R;Hoogeveen;9,9;3,3;2,9;0,8;1,5;0,5
17;NL:Q:17001650;Willemskade;Hoogeveen;0,4;1,9;0,1;0,2;0,0;0,1
17;NL:Q:17001660;Willemskade;Hoogeveen;1,4;0,9;0,3;0,1;0,1;0,1
17;NL:Q:17003020;Industrieweg;Hoogeveen;6,3;0,2;0,1;0,0;0,0;0,0
17;NL:Q:17003030;Industrieweg;Hoogeveen;0,1;16,5;0,0;0,3;0,0;0,2
17;NL:Q:17003040;Tamboerpassage;Hoogeveen;19,0;7,4;4,5;0,7;2,1;0,4
17;NL:Q:17003050;Tamboerpassage;Hoogeveen;5,1;18,1;0,6;6,8;0,2;2,8
17;NL:Q:17003120;Wolfsbosstraat;Hoogeveen;2,4;4,3;0,5;0,4;0,4;0,4
17;NL:Q:17003130;Wolfsbosstraat;Hoogeveen;4,3;2,2;0,4;0,7;0,4;0,4
17;NL:Q:17003140;Valkenlaan;Hoogeveen;1,8;2,7;0,2;0,4;0,1;0,6
17;NL:Q:17003150;Valkenlaan;Hoogeveen;3,8;1,9;0,4;0,2;0,5;0,1
17;NL:Q:17003200;'t Haagje;Hoogeveen;5,0;3,9;1,0;0,3;0,5;0,2
17;NL:Q:17003210;'t Haagje;Hoogeveen;3,5;6,4;0,4;1,7;0,5;0,6
17;NL:Q:17190010;Buitenvaart;Hollandscheveld;3,5;2,8;0,2;0,3;0,0;0,1
17;NL:Q:17190020;Buitenvaart;Hollandscheveld;2,1;3,5;0,1;0,1;0,2;0,0
17;NL:Q:17190030;Opgaande 71;Hollandscheveld;0,3;2,1;0,2;0,3;0,1;0,2
17;NL:Q:17190040;Opgaande 71;Hollandscheveld;1,8;0,4;0,1;0,1;0,2;0,1
17;NL:Q:17190050;'t Hoekje;Hollandscheveld;6,4;13,8;0,6;2,2;0,4;1,2
17;NL:Q:17190060;'t Hoekje;Hollandscheveld;13,6;6,4;1,8;0,4;1,0;0,6
17;NL:Q:17190150;Carstensdijk;Zuideropgaande;1,9;4,0;0,1;0,8;0,2;0,4
17;NL:Q:17190160;Carstensdijk;Zuideropgaande;4,0;2,1;0,6;0,1;0,2;0,1
17;NL:Q:17190190;Schooldijkje;Zuideropgaande;0,0;0,2;0,0;0,0;0,0;0,0
17;NL:Q:17190200;Schooldijkje;Zuideropgaande;0,1;0,1;0,0;0,0;0,0;0,0
17;NL:Q:17290010;Riegshoogtendijk;Kerkenveld;0,2;0,1;0,0;0,0;0,0;0,1
17;NL:Q:17290020;Riegshoogtendijk;Kerkenveld;0,1;0,2;0,0;0,0;0,0;0,0
17;NL:Q:17290030;Gedempte Wijde Wijk;Kerkenveld;2,5;7,2;0,6;0,5;0,4;0,2
17;NL:Q:17290040;Gedempte Wijde Wijk;Kerkenveld;7,2;2,5;0,9;0,4;0,5;0,3
17;NL:Q:17290050;Ritmeesterweg;Kerkenveld;0,5;0,7;0,0;0,0;0,0;0,1
17;NL:Q:17290060;Ritmeesterweg;Kerkenveld;0,8;0,4;0,2;0,0;0,0;0,0
17;NL:Q:17290070;Riegshoogtendijk 3;Kerkenveld;0,0;0,0;0,0;0,0;0,0;0,0
17;NL:Q:17290080;Riegshoogtendijk 3;Kerkenveld;0,0;0,1;0,0;0,0;0,0;0,0
17;NL:Q:17290090;Hoogeveenseweg 33;Kerkenveld;0,5;0,5;0,1;0,2;0,0;0,2
17;NL:Q:17290100;Hoogeveenseweg 33;Kerkenveld;0,7;0,5;0,1;0,0;0,0;0,0
17;NL:Q:17290110;Braambergerweg;Kerkenveld;0,6;1,1;0,1;0,2;0,1;0,1
17;NL:Q:17290120;Braambergerweg;Kerkenveld;0,7;0,7;0,2;0,2;0,1;0,2
17;NL:Q:17290130;Hoogeveenseweg 11;Kerkenveld;0,8;0,2;0,3;0,0;0,0;0,1
17;NL:Q:17290140;Hoogeveenseweg 11;Kerkenveld;0,1;0,8;0,0;0,2;0,0;0,0
17;NL:Q:17350030;Riegshoogtendijk;Hollandscheveld;1,8;7,7;0,1;1,2;0,2;0,5
17;NL:Q:17350040;Riegshoogtendijk;Hollandscheveld;8,8;1,7;1,3;0,2;0,8;0,1
17;NL:Q:17350050;Jan Wintersdijkje;Zuideropgaande;0,1;0,5;0,0;0,1;0,0;0,2
17;NL:Q:17350060;Jan Wintersdijkje;Zuideropgaande;0,4;0,3;0,1;0,2;0,1;0,0
17;NL:Q:17480010;Centrum;Balkbrug;26,4;113,6;7,5;17,6;2,4;11,6
17;NL:Q:17480020;Centrum;Balkbrug;125,5;29,9;19,7;7,5;12,0;2,6
17;NL:Q:17480030;Zwolseweg;Balkbrug;0,4;2,9;0,2;1,6;0,2;0,8
17;NL:Q:17480040;Zwolseweg;Balkbrug;1,2;0,5;0,8;0,2;0,6;0,2
17;NL:Q:17480050;d 'Olde Heerd;Balkbrug;4,8;11,9;1,0;3,7;0,2;2,0
17;NL:Q:17480060;d 'Olde Heerd;Balkbrug;11,6;3,0;3,6;1,0;2,2;0,3
17;NL:Q:17480070;Zelhorstweg;Balkbrug;0,8;2,7;0,3;1,4;0,0;0,9
17;NL:Q:17480080;Zelhorstweg;Balkbrug;3,2;1,0;1,3;0,3;0,6;0,0
17;NL:Q:17480090;Nieuweweg (Sluis 4);Balkbrug;1,2;3,4;0,5;1,3;0,2;0,6
17;NL:Q:17480100;Nieuweweg (Sluis 4);Balkbrug;3,5;1,8;1,0;0,6;0,6;0,4
17;NL:Q:19000320;Trageldijk;Coevorden;1,4;0,1;0,0;0,0;0,0;0,0
17;NL:Q:19000330;Trageldijk;Coevorden;0,6;2,4;0,0;0,0;0,0;0,0
17;NL:Q:19001420;;;21,6;21,5;0,0;0,0;0,0;0,0
17;NL:Q:19180200;Scheidijk;De Krim;0,2;0,2;0,0;0,0;0,0;0,0
17;NL:Q:19180210;Scheidijk;De Krim;0,6;0,0;0,0;0,0;0,0;0,0
17;NL:Q:19180220;Dommerskanaal;De Krim;0,2;0,5;0,0;0,0;0,0;0,0
17;NL:Q:19180230;Dommerskanaal;De Krim;0,4;0,2;0,0;0,0;0,0;0,0
17;NL:Q:19180260;Nieuwlandseweg;De Krim;0,7;0,8;0,0;0,0;0,0;0,0
17;NL:Q:19180270;Nieuwlandseweg;De Krim;0,6;0,6;0,0;0,0;0,0;0,0
17;NL:Q:19180280;N.H. Kerk;De Krim;2,4;2,7;0,0;0,0;0,0;0,0
17;NL:Q:19180290;N.H. Kerk;De Krim;3,4;2,0;0,0;0,0;0,0;0,0
17;NL:Q:19180300;Horstra's Wijk;De Krim;2,4;1,7;0,0;0,0;0,0;0,0
17;NL:Q:19180330;Horstra's Wijk;De Krim;2,2;3,0;0,0;0,0;0,0;0,0
17;NL:Q:19180332;Horstra's Wijk/Marsstraat;De Krim;0,0;0,5;0,0;0,0;0,0;0,0
17;NL:Q:19180335;Horstra's Wijk/Marsstraat;De Krim;0,3;0,0;0,0;0,0;0,0;0,0
17;NL:Q:19180350;Marsstraat;De Krim;3,2;1,4;0,0;0,0;0,0;0,0
17;NL:Q:19180450;Slagenweg/Lutteresweg;Ane;0,1;0,6;0,0;0,0;0,0;0,0
17;NL:Q:19280010;Molenweg;De Krim;0,0;0,8;0,0;0,0;0,0;0,0
17;NL:Q:19280020;Molenweg;De Krim;0,8;0,0;0,0;0,0;0,0;0,0
17;NL:Q:19280030;Coevorderweg 171;De Krim;0,2;0,3;0,0;0,0;0,0;0,0
17;NL:Q:19280040;Coevorderweg 171;De Krim;0,6;0,2;0,0;0,0;0,0;0,0
17;NL:Q:19280050;Drukkerij Seinen;De Krim;0,3;0,1;0,0;0,0;0,0;0,0
17;NL:Q:19280060;Drukkerij Seinen;De Krim;0,1;0,3;0,0;0,0;0,0;0,0
17;NL:Q:19280070;Coevorderweg 105;De Krim;0,0;0,0;0,0;0,0;0,0;0,0
17;NL:Q:19280080;Coevorderweg 105;De Krim;0,1;0,0;0,0;0,0;0,0;0,0
17;NL:Q:19380010;Schuineslootweg;Slagharen;9,8;6,5;0,7;1,2;0,4;0,6
17;NL:Q:19380020;Schuineslootweg;Slagharen;6,8;9,9;0,9;0,5;1,0;0,3
17;NL:Q:19380030;Herenstraat 108;Slagharen;0,7;0,2;0,1;0,1;0,0;0,0
17;NL:Q:19380040;Herenstraat 108;Slagharen;0,4;0,8;0,1;0,0;0,0;0,0
17;NL:Q:19380050;Witmanweg;Slagharen;2,4;1,4;0,3;0,5;0,3;0,2
17;NL:Q:19380060;Witmanweg;Slagharen;0,8;2,4;0,1;0,4;0,4;0,2
17;NL:Q:19380070;Vergouwlaan;Slagharen;23,3;10,4;2,7;1,2;0,7;0,8
17;NL:Q:19380080;Vergouwlaan;Slagharen;9,5;19,5;1,5;1,6;1,2;1,2
17;NL:Q:19380151;Centrum;Lutten;150,9;20,8;16,3;1,6;8,2;1,2
17;NL:Q:19380162;Centrum;Lutten;22,7;154,0;3,9;19,4;2,9;9,6
17;NL:Q:19380191;Viaduct;Lutten;10,6;2,4;1,9;0,3;1,2;0,1
17;NL:Q:19380202;Viaduct;Lutten;2,7;11,6;0,3;2,2;0,2;1,1
17;NL:Q:19380280;Coevorderweg 89;Slagharen;0,3;0,0;0,0;0,0;0,0;0,0
17;NL:Q:19380290;Coevorderweg 89;Slagharen;0,0;0,5;0,0;0,0;0,0;0,0
17;NL:Q:19380301;Centrum;Slagharen;15,5;11,0;3,5;2,9;1,7;1,1
17;NL:Q:19380312;Centrum;Slagharen;9,1;18,3;2,6;4,1;2,8;1,3
17;NL:Q:19380313;Centrum;Slagharen;18,8;6,1;3,8;0,2;4,3;0,1
17;NL:Q:19380314;Centrum;Slagharen;4,8;18,0;0,0;4,1;0,2;3,5
17;NL:Q:19380320;Attractiepark;Slagharen;19,1;16,5;15,3;9,8;14,8;7,8
17;NL:Q:19380330;Attractiepark;Slagharen;15,4;18,1;10,5;17,1;9,0;10,6
17;NL:Q:19380340;Dedemsvaartseweg 84;Lutten;3,1;0,5;0,2;0,1;0,2;0,0
17;NL:Q:19380350;Dedemsvaartseweg 84;Lutten;0,8;2,7;0,0;0,4;0,1;0,2
17;NL:Q:19380360;Coevorderweg;Lutten;1,1;0,4;0,2;0,0;0,1;0,0
17;NL:Q:19380370;Coevorderweg;Lutten;0,6;1,4;0,1;0,2;0,0;0,1
17;NL:Q:19380380;Tottenhamstraat/Proatkoele;Lutten;1,7;0,3;0,2;0,6;0,2;0,2
17;NL:Q:19380390;Tottenhamstraat/Proatkoele;Lutten;0,3;1,8;0,8;0,2;0,2;0,2
17;NL:Q:19380400;Ongelukkige Wijk;Lutten;1,5;1,3;0,5;0,1;0,4;0,0
17;NL:Q:19380410;Ongelukkige Wijk;Lutten;1,3;1,5;0,1;0,2;0,0;0,4
17;NL:Q:19480010;Rheezerend 162;Dedemsvaart;0,5;1,4;0,1;0,3;0,1;0,1
17;NL:Q:19480020;Rheezerend 162;Dedemsvaart;1,4;0,6;0,1;0,1;0,1;0,1
17;NL:Q:19480030;Rheezerend;Dedemsvaart;1,0;2,2;0,4;0,6;0,1;0,3
17;NL:Q:19480040;Rheezerend;Dedemsvaart;2,7;1,2;0,6;0,4;0,5;0,1
17;NL:Q:19480050;Rheezerend 60;Dedemsvaart;0,8;3,5;0,2;0,3;0,0;0,4
17;NL:Q:19480060;Rheezerend 60;Dedemsvaart;1,4;0,9;0,3;0,2;0,7;0,1
17;NL:Q:19480070;Industrieweg;Dedemsvaart;5,3;2,5;0,1;0,4;0,1;0,2
17;NL:Q:19480080;Industrieweg;Dedemsvaart;2,7;4,3;0,4;0,2;0,9;0,1
17;NL:Q:19480090;Celsiusstraat;Dedemsvaart;3,9;1,5;0,1;0,3;0,0;0,3
17;NL:Q:19480100;Celsiusstraat;Dedemsvaart;1,6;4,4;0,4;0,3;0,2;0,1
17;NL:Q:19480110;Van Haeringenstraat;Dedemsvaart;2,1;1,6;0,5;0,2;0,5;0,4
17;NL:Q:19480120;Van Haeringenstraat;Dedemsvaart;1,1;2,9;0,2;0,4;0,3;0,3
17;NL:Q:19480130;De Magnolia;Dedemsvaart;8,6;25,8;1,2;4,5;0,8;2,3
17;NL:Q:19480140;De Magnolia;Dedemsvaart;39,3;18,5;4,5;1,9;2,8;0,8
17;NL:Q:19480150;Hazelaar;Dedemsvaart;6,6;26,8;1,4;3,9;0,4;1,9
17;NL:Q:19480160;Hazelaar;Dedemsvaart;28,4;6,6;3,3;0,9;2,3;0,4
17;NL:Q:19480170;Krikkenstraat;Dedemsvaart;7,9;7,5;2,7;2,9;0,8;1,2
17;NL:Q:19480180;Krikkenstraat;Dedemsvaart;7,6;11,0;2,0;1,2;1,0;2,2
17;NL:Q:19480190;Haitjema;Dedemsvaart;16,1;37,6;3,9;10,9;3,3;5,5
17;NL:Q:19480200;Haitjema;Dedemsvaart;46,5;17,5;12,6;3,4;7,1;1,6
17;NL:Q:19480230;Adelaarweg;Dedemsvaart;12,6;66,3;3,2;11,1;1,6;6,3
17;NL:Q:19480240;Adelaarweg;Dedemsvaart;72,7;13,8;10,0;2,5;7,2;1,4
17;NL:Q:19480250;Sportlaan;Dedemsvaart;14,5;28,0;1,8;6,6;1,1;4,0
17;NL:Q:19480260;Sportlaan;Dedemsvaart;30,5;15,7;6,0;1,9;4,4;1,3
17;NL:Q:19480280;Busstation;Dedemsvaart;63,2;13,2;14,8;1,3;10,5;0,9
17;NL:Q:19480290;Busstation;Dedemsvaart;15,1;78,7;2,1;15,4;1,2;9,4
17;NL:Q:19480300;Hoofdvaart 115;Dedemsvaart;2,0;0,3;0,4;0,1;0,3;0,0
17;NL:Q:19480310;Hoofdvaart 115;Dedemsvaart;0,3;2,0;0,1;0,5;0,6;0,3
17;NL:Q:19480320;Hoofdvaart 207;Dedemsvaart;2,7;0,3;0,4;0,1;0,1;0,0
17;NL:Q:19480330;Hoofdvaart 207;Dedemsvaart;0,6;3,0;0,0;0,2;0,0;0,2
17;NL:Q:19480340;Het Rak;Dedemsvaart;2,9;0,7;0,4;0,1;0,1;0,0
17;NL:Q:19480350;Het Rak;Dedemsvaart;0,5;2,0;0,0;0,3;0,0;0,3
17;NL:Q:19480360;De Pol;Dedemsvaart;2,2;0,8;0,8;0,0;0,8;0,0
17;NL:Q:19480370;De Pol;Dedemsvaart;0,3;1,8;0,0;0,9;0,0;0,5
17;NL:Q:19481990;S.G. van der Capellen;Dedemsvaart;6,6;7,6;0,0;0,0;0,0;0,0
17;NL:Q:19580000;Station;Gramsbergen;0,4;0,4;0,0;0,0;0,0;0,0
17;NL:Q:19580040;Aner Molen;Ane;0,0;0,1;0,0;0,0;0,0;0,0
17;NL:Q:19580060;De Viersprong;Ane;0,1;0,1;0,0;0,0;0,0;0,0
17;NL:Q:19580080;Slagenweg/Haarweg;Ane;0,2;0,2;0,0;0,0;0,0;0,0
17;NL:Q:19580100;Slagenweg/Schansweg;Ane;0,0;0,0;0,0;0,0;0,0;0,0
17;NL:Q:24550090;Onnaseveld;Steenwijk;0,0;0,0;0,0;0,0;0,0;0,0
17;NL:Q:24550100;Onnaseveld;Steenwijk;0,0;0,0;0,0;0,0;0,0;0,0
17;NL:Q:24550122;Bedelaarspad;Steenwijk;1,1;0,4;0,0;0,0;0,0;0,0
17;NL:Q:24550130;Bedelaarspad;Steenwijk;0,5;0,8;0,0;0,0;0,0;0,0
17;NL:Q:24550220;Westercluft;Steenwijk;0,2;0,4;0,0;0,0;0,0;0,0
17;NL:Q:24550230;Westercluft;Steenwijk;0,6;0,1;0,0;0,0;0,0;0,0
17;NL:Q:24550260;Station;Steenwijk;1,7;0,0;0,0;0,0;0,0;0,0
17;NL:Q:24550360;Kallenkoterallee;Steenwijk;0,3;0,3;0,0;0,0;0,0;0,0
17;NL:Q:24550370;Kallenkoterallee;Steenwijk;0,4;0,2;0,0;0,0;0,0;0,0
17;NL:Q:24550380;Gagelsweg;Steenwijk;0,3;0,2;0,0;0,0;0,0;0,0
17;NL:Q:24550390;Gagelsweg;Steenwijk;0,5;0,1;0,0;0,0;0,0;0,0
17;NL:Q:24550400;Oostercluft;Steenwijk;0,5;0,7;0,0;0,0;0,0;0,0
17;NL:Q:24550410;Oostercluft;Steenwijk;0,9;0,5;0,0;0,0;0,0;0,0
17;NL:Q:24550420;'t Schar;Steenwijk;0,8;0,8;0,0;0,0;0,0;0,0
17;NL:Q:24550430;'t Schar;Steenwijk;1,5;0,3;0,0;0,0;0,0;0,0
17;NL:Q:24650010;Veendijk;Veendijk;0,5;0,1;0,0;0,0;0,0;0,0
17;NL:Q:24650020;Veendijk;Veendijk;0,1;0,3;0,0;0,0;0,0;0,0
17;NL:Q:24650030;Bovenboer;Veendijk;0,2;0,1;0,0;0,0;0,0;0,0
17;NL:Q:24650040;Bovenboer;Veendijk;0,1;0,1;0,0;0,0;0,0;0,0
17;NL:Q:24650050;Havelterberg;Havelterberg;0,3;0,5;0,0;0,0;0,0;0,0
17;NL:Q:24650060;Havelterberg;Havelterberg;0,2;0,3;0,0;0,0;0,0;0,0
17;NL:Q:24650070;Rotonde;Havelterberg;0,1;0,1;0,0;0,0;0,0;0,0
17;NL:Q:24650080;Rotonde;Havelterberg;0,0;0,0;0,0;0,0;0,0;0,0
17;NL:Q:24750100;Nijeveenseweg;Meppel;0,2;0,8;0,0;0,0;0,0;0,0
17;NL:Q:24750110;Nijeveenseweg;Meppel;0,5;0,8;0,0;0,0;0,0;0,0
17;NL:Q:24750120;De Schalle;Nijeveen;0,1;2,5;0,0;0,0;0,0;0,0
17;NL:Q:24750130;De Schalle;Nijeveen;4,2;0,1;0,0;0,0;0,0;0,0
17;NL:Q:24750140;Molenweg;Nijeveen;0,2;2,8;0,0;0,0;0,0;0,0
17;NL:Q:24750150;Molenweg;Nijeveen;5,2;0,2;0,0;0,0;0,0;0,0
17;NL:Q:24750160;Gemeentehuis;Nijeveen;1,5;5,7;0,0;0,0;0,0;0,0
17;NL:Q:24750170;Gemeentehuis;Nijeveen;11,7;1,0;0,0;0,0;0,0;0,0
17;NL:Q:24750180;Kerkweg;Nijeveen;0,0;1,0;0,0;0,0;0,0;0,0
17;NL:Q:24750190;Kerkweg;Nijeveen;0,6;0,2;0,0;0,0;0,0;0,0
17;NL:Q:24750200;Zonneberg;Nijeveen;0,0;0,2;0,0;0,0;0,0;0,0
17;NL:Q:24750210;Zonneberg;Nijeveen;0,5;0,0;0,0;0,0;0,0;0,0
17;NL:Q:25770020;Mannagras;Zwolle;20,8;8,5;10,6;5,3;6,5;2,7
17;NL:Q:25770030;Klokkengieterlaan;Zwolle;37,0;3,5;22,3;2,2;14,5;1,5
17;NL:Q:25770035;Klokkengieterlaan;Zwolle;0,6;23,8;0,6;15,1;0,2;9,5
17;NL:Q:25770050;Karveelschipperstraat;Zwolle;30,8;5,5;17,5;3,0;10,3;1,4
17;NL:Q:25770055;Karveelschipperstraat;Zwolle;0,6;32,0;0,5;19,4;0,2;12,6
17;NL:Q:25770060;Veldbeemdgras;Zwolle;63,8;4,8;36,7;2,3;19,5;1,0
17;NL:Q:25770065;Veldbeemdgras;Zwolle;2,1;55,0;1,0;30,2;0,2;18,3
17;NL:Q:25770070;Goudsmidstraat;Zwolle;40,7;6,1;25,3;3,7;13,1;1,9
17;NL:Q:25770075;Goudsmidstraat;Zwolle;0,9;24,0;0,3;13,9;0,4;10,2
17;NL:Q:25770110;Fioringras;Zwolle;67,1;12,9;32,1;7,3;20,5;3,4
17;NL:Q:25770115;Fioringras;Zwolle;0,6;41,3;0,3;22,6;0,1;15,1
17;NL:Q:25770230;Bandijklaan;Zwolle;2,2;42,3;1,2;25,5;0,6;12,7
17;NL:Q:25770240;Bandijklaan;Zwolle;44,8;3,0;24,8;1,3;10,9;0,6
17;NL:Q:42124690;Kerkweg;Zwolle;5,7;6,7;3,3;5,8;2,5;2,8
17;NL:Q:43470010;Rabobank;Lettele;3,3;3,1;1,2;1,6;0,0;0,0
17;NL:Q:43470030;Heihoeve;Heeten;1,7;0,0;0,0;0,0;0,0;0,0
17;NL:Q:43470035;Heihoeve;Heeten;0,0;1,9;0,0;0,0;0,0;0,0
17;NL:Q:43470050;'t Reterink;Heeten;0,0;0,0;0,1;0,0;0,0;0,0
17;NL:Q:43470070;Zandbelterbrug;Schalkhaar;0,8;0,0;0,2;0,0;0,0;0,0
17;NL:Q:43470080;Zandbelterbrug;Schalkhaar;0,0;0,9;0,0;0,2;0,0;0,0
17;NL:Q:43470090;Spikker;Schalkhaar;0,1;0,1;0,0;0,0;0,0;0,0
17;NL:Q:43470100;Spikker;Schalkhaar;0,0;0,1;0,0;0,0;0,0;0,0
17;NL:Q:43470110;Garderegimentsweg;Schalkhaar;5,0;5,4;2,5;2,5;1,1;1,2
17;NL:Q:43470170;ten Havesweg;Okkenbroek;0,4;0,4;0,0;0,0;0,0;0,0
17;NL:Q:43470190;De Grote Brander;Okkenbroek;0,8;0,8;0,1;0,6;0,0;0,0
17;NL:Q:43479030;Doldermansweg;Lettele;0,0;0,1;0,1;0,2;0,0;0,0
17;NL:Q:43480010;'t Dijkhuis;Bathmen;12,9;0,7;9,0;0,0;2,9;0,1
17;NL:Q:43480020;'t Dijkhuis;Bathmen;2,0;13,2;0,5;10,6;0,1;3,4
17;NL:Q:43480050;Bannink;Deventer;0,8;0,8;0,2;0,1;0,3;0,0
17;NL:Q:43480060;Bannink;Deventer;0,1;1,1;0,1;0,3;0,0;0,2
17;NL:Q:43480070;Peppelerdijk;Deventer;0,9;0,1;0,1;0,0;0,2;0,0
17;NL:Q:43480080;Peppelerdijk;Deventer;0,1;0,3;0,0;0,3;0,2;0,1
17;NL:Q:43480100;Enklaan;Bathmen;0,8;22,8;0,1;10,6;0,1;6,5
17;NL:Q:43480150;Gemeentewerken;Bathmen;0,2;0,1;0,0;0,0;0,0;0,0
17;NL:Q:43480160;Gemeentewerken;Bathmen;0,0;0,1;0,0;0,0;0,0;0,0
17;NL:Q:43480180;Oude Molen;Bathmen;0,0;0,1;0,0;0,0;0,0;0,0
17;NL:Q:43480190;Polakstraat;Bathmen;11,8;0,9;4,0;0,0;2,1;0,0
17;NL:Q:43480200;Polakstraat;Bathmen;1,4;12,1;0,8;5,7;0,1;2,1
17;NL:Q:43480210;Vegerinkskamp;Bathmen;11,4;0,4;4,7;0,0;2,8;0,0
17;NL:Q:43480220;Vegerinkskamp;Bathmen;1,2;20,9;0,6;9,4;0,1;3,0
17;NL:Q:43480230;Looweg Kuiperij;Bathmen;4,1;9,6;2,3;3,8;1,6;4,2
17;NL:Q:43480240;Looweg Kuiperij;Bathmen;0,2;0,0;0,0;0,0;0,0;0,0
17;NL:Q:43480250;Schipbeeksweg;Bathmen;1,7;0,0;0,0;0,0;0,0;0,0
17;NL:Q:43480260;Schipbeeksweg;Bathmen;47,0;30,9;15,5;10,6;9,3;6,7
17;NL:Q:43480270;Enklaan;Bathmen;22,1;0,9;11,3;0,2;6,7;0,0
17;NL:Q:43570010;Zonnenbergerdijk;Heeten;1,5;0,0;0,5;0,0;0,0;0,0
17;NL:Q:43570030;Bathmenseweg;Heeten;1,7;0,0;0,1;0,0;0,0;0,0
17;NL:Q:43570040;Bathmenseweg;Heeten;0,0;1,8;0,0;0,2;0,0;0,0
17;NL:Q:43570050;Militair Complex;Heeten;0,0;0,0;0,0;0,0;0,0;0,0
17;NL:Q:43570060;Militair Complex;Heeten;0,0;0,1;0,0;0,0;0,0;0,0
17;NL:Q:43570080;'t Reterink;Heeten;0,0;0,1;0,0;0,1;0,0;0,0
17;NL:Q:43580010;Oude Molen;Bathmen;0,1;0,0;0,0;0,0;0,0;0,0
17;NL:Q:43580040;Wilmink;Bathmen;0,0;0,0;0,0;0,0;0,0;0,0
17;NL:Q:43580050;Java;Bathmen;0,0;0,0;0,0;0,0;0,0;0,0
17;NL:Q:43580060;Java;Bathmen;0,0;0,0;0,0;0,0;0,0;0,0
17;NL:Q:43630530;Driesprong;Bruinehaar;0,1;0,0;0,0;0,0;0,0;0,0
17;NL:Q:43640010;Handelsstraat;Hardenberg;0,0;0,0;0,0;0,0;0,0;0,0
17;NL:Q:43640020;Handelsstraat;Hardenberg;0,0;0,1;0,0;0,0;0,0;0,0
17;NL:Q:43640030;Wavin;Hardenberg;0,0;0,0;0,0;0,0;0,0;0,0
17;NL:Q:43640040;Wavin;Hardenberg;0,0;0,1;0,0;0,0;0,0;0,0
17;NL:Q:43640050;Ziekenhuis;Hardenberg;0,0;0,0;0,0;0,0;0,0;0,0
17;NL:Q:43640060;Ziekenhuis;Hardenberg;0,0;0,1;0,1;0,0;0,0;0,0
17;NL:Q:43640070;Station;Hardenberg;157,4;125,9;21,3;21,5;15,1;15,5
17;NL:Q:43640080;;;0,0;0,5;0,0;0,2;0,0;0,0
17;NL:Q:43640085;Station;Hardenberg;6,7;1,0;2,0;0,8;0,0;0,0
17;NL:Q:43640090;Kanaaldijk;Gramsbergen;0,0;0,0;0,0;0,0;0,0;0,0
17;NL:Q:43640110;Hattemattestraat;Gramsbergen;0,2;0,7;0,0;0,0;0,0;0,0
17;NL:Q:43640130;Welgelegen;Gramsbergen;0,2;0,2;0,0;0,0;0,0;0,0
17;NL:Q:43640150;Ziekenhuis;Hardenberg;0,0;0,0;0,0;0,0;0,0;0,0
17;NL:Q:43640190;Clara Feyoenaheem;Hardenberg;6,8;8,3;0,0;0,0;0,0;0,0
17;NL:Q:43640195;Clara Feyoenaheem;Hardenberg;0,1;0,0;0,1;0,2;0,0;0,0
17;NL:Q:43640210;Meteoorlaan;Hardenberg;0,0;0,0;0,0;0,1;0,0;0,0
17;NL:Q:43640211;Meteoorlaan;Hardenberg;11,5;10,0;0,1;0,0;0,0;0,0
17;NL:Q:43640230;Rheezerweg;Hardenberg;2,3;2,9;0,0;0,0;0,0;0,0
17;NL:Q:43640240;Rheezerweg;Hardenberg;0,0;0,0;0,0;0,0;0,0;0,0
17;NL:Q:43640250;Haarmolen;Heemserveen;19,0;26,1;3,3;5,6;1,4;3,2
17;NL:Q:43640260;Haarmolen;Heemserveen;24,6;19,1;7,9;4,1;2,6;1,7
17;NL:Q:43640310;Middenweg;Heemserveen;0,5;0,8;0,1;0,2;0,0;0,2
17;NL:Q:43640320;Middenweg;Heemserveen;0,3;0,5;0,0;0,0;0,2;0,1
17;NL:Q:43640330;Roelofsmulderweg;Heemserveen;0,1;0,1;0,0;0,0;0,0;0,0
17;NL:Q:43640340;Roelofsmulderweg;Heemserveen;0,1;0,2;0,0;0,0;0,0;0,0
17;NL:Q:43640350;Elfde Wijk;Heemserveen;0,2;0,6;0,0;0,0;0,1;0,1
17;NL:Q:43640360;Elfde Wijk;Heemserveen;0,4;0,4;0,0;0,1;0,0;0,1
17;NL:Q:43640370;De Nieuwe Haven;Hardenberg;0,0;1,3;0,0;0,4;0,0;0,0
17;NL:Q:43640380;De Nieuwe Haven;Hardenberg;0,2;0,0;0,2;0,0;0,0;0,0
17;NL:Q:43640390;Waterinkschool;Hardenberg;4,0;3,0;0,6;0,0;0,7;0,1
17;NL:Q:43640395;Waterinkschool;Hardenberg;0,0;0,0;0,0;0,0;0,0;0,0
17;NL:Q:43640397;Centrum;Hardenberg;34,6;22,0;2,5;0,3;1,0;0,1
17;NL:Q:43640410;Dwarsweg;Bruchterveld;0,0;0,1;0,0;0,0;0,0;0,0
17;NL:Q:43640430;Breeslootdijk;Bruchterveld;0,1;0,1;0,0;0,0;0,0;0,0
17;NL:Q:43640450;Morgenroodweg;Ebbenbroek;0,6;0,2;0,1;0,0;0,0;0,0
17;NL:Q:43640520;Dorpshuis;Bruchterveld;0,7;1,2;0,1;0,2;0,0;0,0
17;NL:Q:43640530;Gemeentehuis;Hardenberg;13,8;69,0;0,2;12,1;0,0;3,4
17;NL:Q:43640540;Gemeentehuis;Hardenberg;34,7;1,7;8,3;0,2;2,7;0,1
17;NL:Q:43640600;PKN Kerk;Bruchterveld;2,4;0,1;0,1;0,0;0,0;0,0
17;NL:Q:43640610;PKN Kerk;Bruchterveld;0,1;1,6;0,0;0,2;0,0;0,0
17;NL:Q:43640670;Broeklanderweg;Bruchterveld;0,0;0,0;0,0;0,0;0,0;0,0
17;NL:Q:43640710;Molenplein;Hardenberg;4,5;1,3;2,9;0,5;1,7;0,5
17;NL:Q:43640720;Molenplein;Hardenberg;1,5;3,1;0,3;2,9;0,3;1,4
17;NL:Q:43640730;Parkweg 57;Hardenberg;0,0;0,4;0,0;0,0;0,0;0,0
17;NL:Q:43640740;Parkweg 57;Hardenberg;0,1;0,0;0,0;0,0;0,0;0,0
17;NL:Q:43640750;De Brink;Hardenberg;0,5;0,5;0,2;0,2;0,0;0,0
17;NL:Q:43641000;Station;Hardenberg;5,1;6,0;0,2;0,5;0,0;0,0
17;NL:Q:43641020;Weversdijk;Hardenberg;0,0;0,1;0,0;0,0;0,0;0,0
17;NL:Q:43641030;Weversdijk;Hardenberg;0,0;0,1;0,0;0,0;0,0;0,0
17;NL:Q:43641040;Moderna;Hardenberg;0,2;0,5;0,0;0,0;0,0;0,0
17;NL:Q:43641050;Broeklanden;Hardenberg;0,0;0,0;0,0;0,0;0,0;0,0
17;NL:Q:43641060;Broeklanden;Hardenberg;0,0;0,1;0,0;0,0;0,0;0,0
17;NL:Q:43641070;Evenementenhal;Hardenberg;0,0;0,0;0,0;0,0;0,0;0,0
17;NL:Q:43641080;Lage Doelen;Hardenberg;0,0;0,0;0,0;0,0;0,0;0,0
17;NL:Q:43641110;Westeindigerdijk;Loozen;0,0;0,0;0,0;0,0;0,0;0,0
17;NL:Q:43641120;Westeindigerdijk;Loozen;0,0;0,3;0,0;0,0;0,0;0,0
17;NL:Q:43641203;Loozenweg;Loozen;0,0;0,0;0,0;0,0;0,0;0,0
17;NL:Q:43670030;Stellingmolen;Heeten;5,9;0,0;0,8;0,0;0,0;0,0
17;NL:Q:43670040;Stellingmolen;Heeten;0,0;5,8;0,0;1,0;0,0;0,0
17;NL:Q:43670060;Zonnenbergerdijk;Heeten;0,0;1,6;0,0;0,5;0,0;0,0
17;NL:Q:43670100;'t Pleintie;Nieuw-Heeten;4,0;3,3;0,8;0,4;0,0;0,0
17;NL:Q:43670120;Bijvanksweg;Nieuw-Heeten;0,5;0,7;0,2;0,3;0,0;0,0
17;NL:Q:43679030;Centrum;Heeten;6,8;5,5;1,2;1,7;0,0;0,0
17;NL:Q:43679035;Centrum;Heeten;0,1;0,5;0,0;0,0;0,0;0,0
17;NL:Q:43679040;Centrum;Heeten;0,5;0,2;0,1;0,0;0,0;0,0
17;NL:Q:43680010;Wagenvoorde;Bathmen;0,1;0,0;0,0;0,0;0,0;0,0
17;NL:Q:43680040;De Smid;Dijkerhoek;0,0;0,0;0,0;0,0;0,0;0,0
17;NL:Q:43680080;Wegstapel;Dijkerhoek;0,0;0,0;0,0;0,0;0,0;0,0
17;NL:Q:43680090;Vukking;Dijkerhoek;0,0;0,0;0,0;0,0;0,0;0,0
17;NL:Q:43680120;Aaltinksweg;Holten;0,0;0,1;0,0;0,0;0,0;0,0
17;NL:Q:43770150;Koerselmansweg;Okkenbroek;0,1;0,2;0,0;0,1;0,0;0,0
17;NL:Q:43770170;Okkenbroekerveldweg;Okkenbroek;0,3;0,0;0,0;0,0;0,0;0,0
17;NL:Q:43770180;Okkenbroekerveldweg;Okkenbroek;0,0;0,9;0,0;0,2;0,0;0,0
17;NL:Q:43770210;Oostermaatsdijk;Okkenbroek;0,2;0,3;0,1;0,2;0,0;0,0
17;NL:Q:43770230;Vlessendijk;Nieuw-Heeten;0,5;0,3;0,1;0,1;0,0;0,0
17;NL:Q:43779010;Kerk;Okkenbroek;1,5;0,4;0,1;0,3;0,0;0,0
17;NL:Q:43780090;Scholengemeenschap;Holten;0,0;7,4;0,0;0,0;0,0;0,0
17;NL:Q:43780100;Scholengemeenschap;Holten;6,1;0,0;0,0;0,0;0,0;0,0
17;NL:Q:43780150;Aaltinksweg;Holten;0,0;0,0;0,0;0,0;0,0;0,0
17;NL:Q:43890190;Dorpsstraat;Kloosterhaar;0,4;0,1;0,0;0,1;0,0;0,0
17;NL:Q:43890200;;;0,3;0,3;0,1;0,1;0,0;0,0
17;NL:Q:43890210;Dorpsstraat;Kloosterhaar;0,0;0,0;0,0;0,0;0,0;0,0
17;NL:Q:43890220;Verlengde Broekdijk;Kloosterhaar;0,1;0,0;0,1;0,0;0,0;0,0
17;NL:Q:43929030;Oude Deventerweg;Holten;0,4;0,0;0,0;0,0;0,0;0,0
17;NL:Q:43929040;Oude Deventerweg;Holten;0,0;0,0;0,0;0,0;0,0;0,0
17;NL:Q:43990002;Stationsweg;Mariënberg;0,0;0,0;0,1;0,0;0,0;0,0
17;NL:Q:43990060;Veenlust;Bergentheim;0,0;0,0;0,0;0,0;0,0;0,0
17;NL:Q:43990070;Kanaalbrug;Bergentheim;0,0;0,0;0,0;0,0;0,0;0,0
17;NL:Q:43990080;Kanaalbrug;Bergentheim;0,0;0,0;0,0;0,0;0,0;0,0
17;NL:Q:43990101;Station;Marienberg;0,7;0,5;0,7;0,4;0,0;0,0
17;NL:Q:43990110;Cafe;Beerzerveld;0,5;0,4;0,6;0,2;0,0;0,0
17;NL:Q:43990130;Schuurmanstraat;Beerzerveld;0,1;0,1;0,0;0,0;0,0;0,0
17;NL:Q:43990155;Van Alewijkstraat;Beerzerveld;0,0;0,0;0,0;0,0;0,0;0,0
17;NL:Q:43990160;Kloosterdijk;Marienberg;0,0;0,0;0,0;0,0;0,0;0,0
17;NL:Q:43990200;De Pallegarste;Marienberg;0,0;0,0;0,0;0,0;0,0;0,0
17;NL:Q:43990210;Camping Kleine Belties;Rheeze;0,0;0,0;0,1;0,1;0,0;0,0
17;NL:Q:43990220;Camping Kleine Belties;Rheeze;0,1;0,0;0,0;0,0;0,0;0,0
17;NL:Q:43990230;De Gloepe;Diffelen;0,0;0,1;0,0;0,1;0,0;0,0
17;NL:Q:43990240;De Gloepe;Diffelen;0,1;0,0;0,1;0,0;0,0;0,0
17;NL:Q:43990250;Rheezerkamp/Overweg;Rheeze;0,0;0,0;0,0;0,0;0,0;0,0
17;NL:Q:43990260;Rheezerkamp/Overweg;Rheeze;0,0;0,0;0,0;0,0;0,0;0,0
17;NL:Q:43990270;Ringweg;Rheeze;0,0;0,1;0,0;0,1;0,0;0,0
17;NL:Q:43990280;Ringweg;Rheeze;0,1;0,0;0,0;0,2;0,0;0,0
17;NL:Q:43990300;Haarweg;Bergentheim;0,0;0,0;0,0;0,0;0,0;0,0
17;NL:Q:43990310;J.H.C. Bastingplein;Bergentheim;0,0;0,0;0,0;0,0;0,0;0,0
17;NL:Q:43990320;J.H.C. Bastingplein;Bergentheim;0,0;0,0;0,0;0,0;0,0;0,0
17;NL:Q:43990430;Oud Bergentheim;Bergentheim;0,0;0,0;0,0;0,0;0,0;0,0
17;NL:Q:43990440;Oud Bergentheim;Bergentheim;0,0;0,1;0,0;0,0;0,0;0,0
17;NL:Q:43990530;Waaijerinkweg;Beerzerhaar;0,1;0,1;0,0;0,0;0,0;0,0
17;NL:Q:43990535;Campings;Beerze;0,2;0,4;0,0;0,2;0,0;0,0
17;NL:Q:43990540;Twentseweg;Beerze;0,0;0,0;0,0;0,1;0,0;0,0
17;NL:Q:43990550;Beerzerpoort;Beerze;0,0;0,1;0,0;0,1;0,0;0,0
17;NL:Q:43991100;Station;Marienberg;0,3;0,1;0,2;0,0;0,0;0,0
17;NL:Q:43992001;Camping De Oldemeijer;Rheeze;0,0;0,1;0,0;0,0;0,0;0,0
17;NL:Q:43992002;Camping De Oldemeijer;Rheeze;0,1;0,0;0,0;0,0;0,0;0,0
17;NL:Q:43992003;Camp. De Vechtstr./'t Veld;Rheeze;0,0;0,2;0,1;0,2;0,0;0,0
17;NL:Q:43992004;Camp. De Vechtstr./'t Veld;Rheeze;0,2;0,1;0,2;0,0;0,0;0,0
17;NL:Q:43992005;Camping De Zandstuve;Rheeze;0,0;0,1;0,0;0,2;0,0;0,0
17;NL:Q:43992006;Camping De Zandstuve;Rheeze;0,1;0,0;0,1;0,0;0,0;0,0
17;NL:Q:43992007;Familiecamping De Belten;Rheeze;0,0;0,0;0,0;0,0;0,0;0,0
17;NL:Q:43992008;Familiecamping De Belten;Rheeze;0,0;0,0;0,0;0,0;0,0;0,0
17;NL:Q:45871001;Theehuis De Lemelerberg;Lemele;0,0;0,0;0,0;0,0;0,0;0,0
17;NL:Q:45871003;Kerk;Lemele;0,3;0,2;0,0;0,0;0,0;0,0
17;NL:Q:45871005;Imminkhoeve;Lemele;0,0;0,0;0,0;0,0;0,0;0,0
17;NL:Q:45871006;Imminkhoeve;Lemele;0,0;0,0;0,0;0,0;0,0;0,0
17;NL:Q:45871008;Camping De Lemeler Esch;Lemele;0,0;0,0;0,0;0,0;0,0;0,0
17;NL:Q:45910010;Emtenbroekerdijk;Kloosterhaar;0,1;0,1;0,0;0,0;0,0;0,0
17;NL:Q:45910020;Emtenbroekerdijk;Kloosterhaar;0,9;0,9;0,2;0,1;0,0;0,0
17;NL:Q:45910030;Crullsweg;Kloosterhaar;0,0;0,0;0,0;0,0;0,0;0,0
17;NL:Q:45910040;Crullsweg;Kloosterhaar;0,0;0,0;0,0;0,0;0,0;0,0
17;NL:Q:45920010;Stationsweg;Bergentheim;0,0;0,1;0,0;0,1;0,0;0,0
17;NL:Q:45920020;Stationsweg;Bergentheim;0,0;0,1;0,0;0,0;0,0;0,0
17;NL:Q:45930010;Kuilenweg;Hardenberg;0,0;0,0;0,0;0,0;0,0;0,0
17;NL:Q:45930020;Kuilenweg;Hardenberg;0,0;0,0;0,0;0,0;0,0;0,0
17;NL:Q:45930030;Kerkweg;Bruchterveld;0,0;0,1;0,0;0,0;0,0;0,0
17;NL:Q:45930040;Kerkweg;Bruchterveld;0,0;0,0;0,0;0,0;0,0;0,0
17;NL:Q:45940500;Beerzerhooiweg;Beerze;0,1;0,2;0,0;0,0;0,0;0,0
17;NL:Q:45990010;Heuvelweg;Luttenberg;0,0;3,2;0,0;0,4;0,0;0,0
17;NL:Q:45990020;Heuvelweg;Luttenberg;2,2;0,1;0,3;0,1;0,0;0,0
17;NL:Q:45990030;Ter Borgweg;Luttenberg;0,0;2,8;0,0;0,1;0,0;0,0
17;NL:Q:45990040;Ter Borgweg;Luttenberg;2,8;0,0;0,2;0,0;0,0;0,0
17;NL:Q:46000040;Brekken;Zwolle;25,8;29,1;7,4;8,8;3,8;5,0
17;NL:Q:46000050;Händellaan;Zwolle;21,0;16,1;17,8;10,9;6,1;4,6
17;NL:Q:46000070;Diasporalaan;Zwolle;1,8;6,1;1,2;2,7;0,6;1,9
17;NL:Q:46000100;Diasporalaan;Zwolle;7,4;2,0;4,6;1,2;2,0;0,6
17;NL:Q:46000110;Van der Schuerenmarke;Zwolle;3,2;13,9;1,9;8,8;1,9;4,7
17;NL:Q:46000120;Van der Schuerenmarke;Zwolle;17,9;8,2;11,4;5,8;6,3;4,2
17;NL:Q:46000130;Van Nispensingel;Zwolle;1,9;16,4;1,5;11,8;1,9;6,3
17;NL:Q:46000140;Van Nispensingel;Zwolle;21,5;4,5;16,1;3,2;9,3;2,8
17;NL:Q:46000150;Van Hasseltmarke;Zwolle;0,4;6,6;0,3;4,3;0,1;2,6
17;NL:Q:46000160;Van Hasseltmarke;Zwolle;7,3;0,4;6,0;0,3;4,2;0,2
17;NL:Q:46000170;Molenweg;Zwolle;267,1;17,6;7,7;2,4;3,6;2,3
17;NL:Q:46000190;Zwartewaterallee;Zwolle;31,7;1,4;0,0;0,0;0,0;0,0
17;NL:Q:46000200;Zwartewaterallee;Zwolle;0,2;27,0;0,0;0,0;0,0;0,0
17;NL:Q:46000230;Klimopstraat;Zwolle;0,3;0,6;0,5;0,4;0,1;0,3
17;NL:Q:46000240;Lindestraat;Zwolle;0,7;0,4;0,1;0,0;0,1;0,0
17;NL:Q:46000330;Muijdermanstraat;Zwolle;1,0;6,5;0,5;2,2;0,2;0,6
17;NL:Q:46000340;Muijdermanstraat;Zwolle;5,8;1,0;2,1;0,5;0,8;0,3
17;NL:Q:46000430;Hollewandsweg;Zwolle;2,4;21,6;1,2;12,5;0,7;10,5
17;NL:Q:46000440;Hollewandsweg;Zwolle;24,9;1,8;14,7;0,8;9,4;0,8
17;NL:Q:46000550;Eekwal/Centrum;Zwolle;23,6;3,9;9,7;3,0;2,7;0,9
17;NL:Q:46000570;Dokter Hengeveldweg;Zwolle;57,5;135,3;5,6;13,3;3,2;9,8
17;NL:Q:46000800;Groot Wezenland;Zwolle;8,9;17,6;4,5;4,9;2,1;4,2
17;NL:Q:46000810;Nw. Deventerw./Ittersumall.;Zwolle;1,4;14,9;0,9;10,0;0,5;5,6
17;NL:Q:46000820;Nw. Deventerw./Ittersumall.;Zwolle;15,2;1,9;10,7;1,2;5,0;0,7
17;NL:Q:46000830;Troelstralaan;Zwolle;1,2;29,0;1,1;20,6;0,3;11,3
17;NL:Q:46000860;Troelstralaan;Zwolle;28,0;1,1;19,0;0,9;10,4;0,3
17;NL:Q:46000950;Groot Wezenland;Zwolle;8,8;7,7;3,9;5,3;2,9;1,5
17;NL:Q:46000955;Groot Wezenland;Zwolle;0,2;1,2;0,2;0,4;0,1;0,5
17;NL:Q:46001000;Park de Wezenlanden;Zwolle;75,0;66,8;2,9;5,7;1,7;2,6
17;NL:Q:46001010;Zuster van de Kolkstraat;Zwolle;0,6;2,7;0,3;2,0;0,2;0,9
17;NL:Q:46001020;Zuster van de Kolkstraat;Zwolle;2,7;0,6;1,7;0,4;1,0;0,2
17;NL:Q:46001030;Zwarteweg;Zwolle;1,1;9,6;0,4;4,6;0,1;2,4
17;NL:Q:46001040;Zwarteweg;Zwolle;9,5;1,1;3,1;0,4;2,5;0,3
17;NL:Q:46001100;Assendorperdijk;Zwolle;81,9;98,8;4,9;2,3;3,2;1,7
17;NL:Q:46001130;Roelingsbeek;Zwolle;23,0;12,6;18,5;9,9;8,4;5,3
17;NL:Q:46001170;Rijnlaan/Amstel;Zwolle;1,5;77,4;0,9;35,8;0,6;22,6
17;NL:Q:46001180;Rijnlaan/Amstel;Zwolle;73,8;2,1;37,1;0,9;16,8;0,7
17;NL:Q:46001200;Ittersumallee;Zwolle;2,5;17,7;0,0;0,0;0,0;0,0
17;NL:Q:46001300;Caspar Fagelstraat;Zwolle;42,6;2,7;21,6;0,8;15,6;0,6
17;NL:Q:46001320;Paulus Buysstraat;Zwolle;22,6;0,7;19,4;0,6;11,0;0,1
17;NL:Q:46001340;Celebesstraat;Zwolle;14,4;0,8;12,7;0,4;7,6;0,2
17;NL:Q:46001360;Thomas a Kempisstraat;Zwolle;38,3;5,1;27,1;2,4;15,2;1,0
17;NL:Q:46001380;Wkc Diezerpoort;Zwolle;22,9;10,2;10,2;11,8;4,9;3,4
17;NL:Q:46001542;Dokter Hengeveldweg;Zwolle;111,1;23,5;9,9;0,7;4,0;0,8
17;NL:Q:46001560;Isala ziekenhuis;Zwolle;276,9;195,8;14,1;8,1;5,4;4,0
17;NL:Q:46001610;Dijkstraat;Zwolle;66,0;132,6;54,8;46,3;18,9;22,3
17;NL:Q:46001630;Rodetorenplein;Zwolle;79,7;130,7;79,5;78,4;30,6;35,1
17;NL:Q:46001650;IJsselcentraleweg;Zwolle;5,1;15,6;0,6;6,1;0,4;3,3
17;NL:Q:46001660;Dijkstraat;Zwolle;74,4;63,8;30,0;60,9;14,4;19,6
17;NL:Q:46001670;Eekwal/Centrum;Zwolle;2,2;16,4;1,5;8,4;0,6;3,8
17;NL:Q:46001680;Rodetorenplein;Zwolle;141,5;90,7;68,6;68,3;23,4;32,5
17;NL:Q:46001710;van Karnebeektunnel;Zwolle;9,4;8,0;4,7;2,8;2,1;1,6
17;NL:Q:46001730;Lubeckplein;Zwolle;8,2;45,6;0,4;6,7;0,0;2,1
17;NL:Q:46001740;van Karnebeektunnel;Zwolle;4,3;12,7;1,4;5,9;0,4;3,5
17;NL:Q:46001750;Provinciehuis;Zwolle;27,2;48,0;11,8;34,5;4,9;9,9
17;NL:Q:46001760;Lubeckplein;Zwolle;8,1;1,0;1,9;0,2;0,5;0,1
17;NL:Q:46001770;Koggelaan;Zwolle;3,0;7,1;0,4;1,9;0,4;3,5
17;NL:Q:46001780;Koggelaan;Zwolle;3,6;4,7;1,0;2,1;0,7;0,7
17;NL:Q:46001790;Burg. van Walsumlaan;Zwolle;237,1;10,7;2,3;0,7;0,8;0,5
17;NL:Q:46001800;Burg. van Walsumlaan;Zwolle;9,5;199,5;0,5;2,8;0,2;0,4
17;NL:Q:46001830;Wkc Diezerpoort;Zwolle;6,3;40,8;7,3;19,6;2,8;12,0
17;NL:Q:46001870;Thomas a Kempisstraat;Zwolle;4,2;37,2;2,9;27,3;1,5;24,8
17;NL:Q:46001890;Celebesstraat;Zwolle;1,1;15,0;0,4;13,2;0,5;12,7
17;NL:Q:46001910;Paulus Buysstraat;Zwolle;0,9;22,9;0,5;18,3;0,3;14,4
17;NL:Q:46001930;Caspar Fagelstraat;Zwolle;4,2;38,9;2,2;20,2;1,3;15,3
17;NL:Q:46001970;Sassenpoort;Zwolle;29,0;25,6;24,3;14,4;13,1;5,9
17;NL:Q:46001990;Kerkbrugje;Zwolle;42,4;49,8;52,3;26,5;17,7;11,2
17;NL:Q:46002000;Kerkbrugje;Zwolle;62,8;50,0;32,6;67,5;11,5;21,0
17;NL:Q:46002010;Isala ziekenhuis;Zwolle;25,9;120,7;0,0;0,0;0,0;0,0
17;NL:Q:46002040;Sassenpoort;Zwolle;16,0;36,6;11,8;32,7;4,6;13,8
17;NL:Q:46002560;Kuyerhuislaan;Zwolle;1,7;3,8;0,0;0,0;0,0;0,0
17;NL:Q:46002620;Wkc Zuid;Zwolle;1,0;0,8;0,0;0,0;0,0;0,0
17;NL:Q:46002700;Gedeputeerdenlaan;Zwolle;15,1;12,4;8,9;8,6;7,1;5,4
17;NL:Q:46002710;Gedeputeerdenlaan;Zwolle;10,5;22,6;14,3;17,0;6,8;13,9
17;NL:Q:46002960;Blaloweg/Hasselterweg;Zwolle;7,7;1,1;4,5;0,4;2,8;0,2
17;NL:Q:46003000;Otterveld;Zwolle;3,4;12,2;2,2;9,5;1,4;6,2
17;NL:Q:46003050;Otterveld;Zwolle;13,0;3,3;9,5;2,2;6,2;1,4
17;NL:Q:46003110;Wkc Forelkolk;Zwolle;3,4;11,3;2,0;8,1;1,2;3,7
17;NL:Q:46003120;Wkc Forelkolk;Zwolle;10,7;2,5;7,8;1,7;3,3;0,8
17;NL:Q:46003130;Brasemkolk;Zwolle;0,9;3,8;0,7;3,0;0,2;1,8
17;NL:Q:46003140;Brasemkolk;Zwolle;3,2;1,9;2,2;1,4;1,1;0,2
17;NL:Q:46003150;Marsweg;Zwolle;0,2;0,1;0,0;0,0;0,0;0,0
17;NL:Q:46003170;Hazenveld;Zwolle;0,7;9,0;0,4;3,9;0,2;2,8
17;NL:Q:46003180;Hazenveld;Zwolle;10,4;1,4;6,0;0,8;2,5;0,3
17;NL:Q:46003200;Van Leeuwtemarke;Zwolle;2,3;17,9;1,3;15,0;1,0;9,1
17;NL:Q:46003240;Herenweg;Zwolle;9,2;2,4;0,9;0,6;0,4;0,1
17;NL:Q:46003250;Van Leeuwtemarke;Zwolle;16,8;2,2;12,9;1,5;8,7;1,2
17;NL:Q:46003290;Heerkensmarke;Zwolle;0,9;16,6;0,4;10,8;0,2;8,2
17;NL:Q:46003310;Heerkensmarke;Zwolle;18,5;1,3;12,0;0,7;6,8;0,4
17;NL:Q:46003800;Oldeneelallee;Zwolle;1,0;16,8;0,0;0,0;0,0;0,0
17;NL:Q:46003850;Oldeneelallee;Zwolle;11,3;2,1;0,0;0,0;0,0;0,0
17;NL:Q:46003900;Nieuwe Deventerweg/KWS;Zwolle;6,0;3,2;0,0;0,0;0,0;0,0
17;NL:Q:46003950;Nieuwe Deventerweg/KWS;Zwolle;3,0;5,3;0,0;0,0;0,0;0,0
17;NL:Q:46004001;Station;Zwolle;426,7;24,3;143,9;19,0;96,6;18,7
17;NL:Q:46004002;Station;Zwolle;421,3;4,0;189,3;4,7;125,3;1,4
17;NL:Q:46004003;Station;Zwolle;700,7;11,4;176,5;3,2;93,3;0,7
17;NL:Q:46004004;Station;Zwolle;124,7;21,7;0,0;0,0;0,0;0,0
17;NL:Q:46004005;Station;Zwolle;1682,9;19,8;0,0;0,0;0,0;0,0
17;NL:Q:46004010;Station;Zwolle;0,1;105,0;0,0;0,0;0,0;0,0
17;NL:Q:46004011;Station;Zwolle;243,7;72,0;95,0;25,9;84,1;36,2
17;NL:Q:46004021;Station;Zwolle;502,9;23,7;290,1;10,9;186,2;9,4
17;NL:Q:46004022;Station;Zwolle;326,4;2,8;78,7;1,0;63,0;1,7
17;NL:Q:46004023;Station;Zwolle;372,0;57,9;161,5;5,6;114,8;1,4
17;NL:Q:46004024;Station;Zwolle;594,9;6,1;0,0;0,0;0,0;0,0
17;NL:Q:46004025;Station;Zwolle;40,3;1,7;0,0;0,0;0,0;0,0
17;NL:Q:46004028;Station;Zwolle;738,5;31,0;241,9;6,7;183,2;8,2
17;NL:Q:46004030;Station;Zwolle;172,9;3,5;1,0;0,0;0,0;0,0
17;NL:Q:46004031;Station;Zwolle;10,2;1820,6;4,1;384,2;0,6;230,0
17;NL:Q:46004032;Station;Zwolle;10,2;3914,3;1,9;750,1;1,4;438,3
17;NL:Q:46004180;De Ruyterplein;Zwolle;0,3;6,2;0,1;4,2;0,1;3,0
17;NL:Q:46004190;Corn. Houtmanstraat;Zwolle;6,5;13,1;2,7;8,2;0,9;5,2
17;NL:Q:46004195;Corn. Houtmanstraat;Zwolle;2,5;5,3;2,3;2,1;1,1;0,7
17;NL:Q:46004210;Herenweg;Zwolle;9,4;20,3;3,1;9,4;1,3;5,8
17;NL:Q:46004270;Tesselschadestraat;Zwolle;22,5;12,9;15,2;7,6;6,9;3,9
17;NL:Q:46004310;Jacob Catsstraat;Zwolle;9,0;1,7;5,4;1,5;3,9;0,6
17;NL:Q:46004410;Schuurmanstraat;Zwolle;37,0;24,9;4,9;11,9;1,8;2,6
17;NL:Q:46004450;Schuurmanstraat;Zwolle;16,9;30,5;7,1;3,8;1,6;1,8
17;NL:Q:46004500;Trompstraat;Zwolle;63,3;18,2;23,2;5,0;10,0;2,5
17;NL:Q:46004530;Stadion;Zwolle;3,7;119,4;1,6;60,6;0,9;36,9
17;NL:Q:46004670;Deltion Campus;Zwolle;282,9;513,7;5,6;29,2;1,7;21,8
17;NL:Q:46004680;Deltion Campus;Zwolle;2706,7;2137,7;23,2;3,1;13,3;2,1
17;NL:Q:46004720;Hanzelanden Oost;Zwolle;12,1;18,0;0,5;2,9;0,3;1,0
17;NL:Q:46004721;Hanzelanden Oost;Zwolle;3,0;2,8;1,7;1,3;0,7;0,3
17;NL:Q:46004740;Park de Wezenlanden;Zwolle;53,8;65,3;5,0;3,7;2,7;3,1
17;NL:Q:46004760;Assendorperdijk;Zwolle;79,9;80,0;3,3;3,8;1,7;3,3
17;NL:Q:46004780;Ittersumallee;Zwolle;2,2;0,5;0,0;0,0;0,0;0,0
17;NL:Q:46004790;Nieuwe Deventerweg;Zwolle;1,0;17,0;0,6;13,8;0,4;8,5
17;NL:Q:46005335;Klooienberglaan;Zwolle;21,5;3,2;13,6;1,5;9,7;1,2
17;NL:Q:46005370;Wkc Diezerpoort;Zwolle;42,1;87,0;44,2;32,6;13,9;17,7
17;NL:Q:46005380;Wkc Diezerpoort;Zwolle;97,2;25,6;42,9;32,2;16,6;8,7
17;NL:Q:46005410;Frans Halsstraat;Zwolle;3,9;23,6;2,8;9,8;1,1;8,2
17;NL:Q:46005420;Frans Halsstraat;Zwolle;17,3;4,9;10,5;10,5;4,5;1,4
17;NL:Q:46005550;Pergolesisstraat;Zwolle;63,3;40,3;22,5;23,8;10,3;14,6
17;NL:Q:46005570;Buxtehudestraat;Zwolle;35,2;27,5;19,9;15,7;15,0;11,7
17;NL:Q:46005590;Bellinistraat;Zwolle;43,1;37,7;37,6;33,3;21,8;22,7
17;NL:Q:46005625;Klooienberglaan;Zwolle;3,7;19,9;1,9;13,7;1,1;11,0
17;NL:Q:46005850;Bachlaan;Zwolle;4,6;0,2;0,0;0,0;0,0;0,0
17;NL:Q:46005860;Bachlaan;Zwolle;0,2;2,6;0,0;0,0;0,0;0,0
17;NL:Q:46005880;Bachlaan;Zwolle;20,6;54,3;9,6;17,4;4,6;9,7
17;NL:Q:46005920;Hunzelaan;Zwolle;9,4;10,4;7,5;12,6;3,2;4,4
17;NL:Q:46006030;Dahliastraat;Zwolle;9,1;6,8;2,1;1,1;1,0;0,4
17;NL:Q:46006110;Hortensiastraat;Zwolle;14,5;5,8;5,0;2,0;3,5;1,7
17;NL:Q:46006130;Molenweg;Zwolle;50,9;307,6;3,0;11,0;2,3;6,4
17;NL:Q:46006150;Irisstraat;Zwolle;0,6;1,2;0,4;0,6;0,4;0,3
17;NL:Q:46006190;Klaasboerstraat;Zwolle;0,4;2,8;0,3;0,7;0,0;0,3
17;NL:Q:46006255;Isala ziekenhuis;Zwolle;286,8;264,5;35,3;47,0;18,9;23,7
17;NL:Q:46006530;Burgemeester Roelenweg;Zwolle;29,3;161,8;3,3;5,6;2,5;3,8
17;NL:Q:46006540;Burgemeester Roelenweg;Zwolle;83,0;82,0;4,2;8,0;3,0;5,0
17;NL:Q:46006600;Blaloweg/Rieteweg;Zwolle;1,0;13,2;0,8;4,2;0,5;4,7
17;NL:Q:46006650;Blaloweg/Rieteweg;Zwolle;13,2;1,0;1,2;0,6;1,5;0,3
17;NL:Q:46006820;Wkc De Dobbe;Zwolle;11,1;126,1;7,4;71,0;3,3;42,0
17;NL:Q:46006830;Wkc De Dobbe;Zwolle;7,9;0,4;0,0;0,0;0,0;0,0
17;NL:Q:46006840;De Zoom;Zwolle;0,4;4,9;0,0;0,0;0,0;0,0
17;NL:Q:46006850;De Zoom;Zwolle;9,7;0,3;0,0;0,0;0,0;0,0
17;NL:Q:46007000;Vrolijkheid;Zwolle;17,9;79,2;3,6;5,2;1,0;2,7
17;NL:Q:46007010;Vrolijkheid;Zwolle;40,5;14,0;2,4;2,7;1,3;0,4
17;NL:Q:46007020;Meppelerstraatweg;Zwolle;20,7;17,6;3,3;7,0;1,3;4,3
17;NL:Q:46007030;Meppelerstraatweg;Zwolle;47,3;36,2;9,4;6,9;5,0;2,4
17;NL:Q:46008050;Wkc Zuid/Democratenlaan;Zwolle;9,2;38,3;7,2;28,2;1,9;16,4
17;NL:Q:46008080;Wkc Zuid/Democratenlaan;Zwolle;41,7;5,4;31,8;4,7;17,1;1,0
17;NL:Q:46008110;Esdoornstraat;Zwolle;184,7;6,5;7,6;1,6;3,5;0,4
17;NL:Q:46008120;Esdoornstraat;Zwolle;13,3;199,5;1,4;8,7;0,7;5,5
17;NL:Q:46008160;Gombertstraat;Zwolle;79,8;13,9;44,1;11,7;20,7;4,8
17;NL:Q:46008180;Bachplein;Zwolle;30,9;181,4;14,8;53,6;7,2;40,8
17;NL:Q:46008220;Bachplein;Zwolle;249,3;75,2;96,2;48,3;46,8;19,4
17;NL:Q:46008240;Welle;Zwolle;16,6;16,2;12,3;11,6;4,7;6,4
17;NL:Q:46008250;Oosterdiep;Zwolle;32,6;32,8;27,7;28,0;13,3;17,9
17;NL:Q:46008260;Morra;Zwolle;19,1;6,7;16,3;5,9;7,0;3,1
17;NL:Q:46008270;Zijpe;Zwolle;28,8;11,2;17,8;8,4;9,3;4,7
17;NL:Q:46008290;Maaslaan;Zwolle;11,9;17,6;8,5;11,6;4,3;7,8
17;NL:Q:46008300;Volterbeek;Zwolle;32,3;30,3;24,6;24,7;13,9;15,2
17;NL:Q:46008320;Elsbeek;Zwolle;13,8;11,6;13,2;9,7;6,9;5,4
17;NL:Q:46008330;Volkerak;Zwolle;8,1;1,1;6,0;0,4;3,2;0,2
17;NL:Q:46008360;Wkc De Dobbe;Zwolle;113,7;9,3;60,6;7,0;29,9;1,8
17;NL:Q:46008380;Provinciehuis;Zwolle;42,8;30,5;22,2;10,7;8,6;5,8
17;NL:Q:46008390;Trompstraat;Zwolle;15,6;67,5;9,5;30,1;3,7;14,9
17;NL:Q:46008410;Hogenkampsweg;Zwolle;73,1;10,7;44,3;5,9;21,1;1,9
17;NL:Q:46008420;Jofferenlaan;Zwolle;0,7;2,8;0,4;1,4;0,2;0,8
17;NL:Q:46008430;Jofferenlaan;Zwolle;3,2;0,9;1,8;0,8;0,5;0,4
17;NL:Q:46008440;Wkc Zuid/Patriottenlaan;Zwolle;52,0;49,4;52,4;64,7;31,1;42,1
17;NL:Q:46008450;Wkc Zuid/Patriottenlaan;Zwolle;38,2;54,7;36,5;56,6;19,8;19,8
17;NL:Q:46008460;Hogenkampsweg;Zwolle;10,0;76,3;6,9;44,2;2,7;29,1
17;NL:Q:46008580;Stadion;Zwolle;521,0;379,7;42,5;0,4;30,3;0,4
17;NL:Q:46040010;Kasteel Rechteren;Dalfsen;0,0;0,0;0,0;0,0;0,0;0,0
17;NL:Q:46040020;Kasteel Rechteren;Dalfsen;0,0;0,0;0,0;0,0;0,0;0,0
17;NL:Q:46050010;Cafe Restaurant Madrid;Hessum;0,0;0,1;0,0;0,0;0,0;0,0
17;NL:Q:46050020;Cafe Restaurant Madrid;Hessum;0,1;0,0;0,0;0,0;0,0;0,0
17;NL:Q:46050030;Huize Vilsteren;Vilsteren;0,0;0,0;0,0;0,0;0,0;0,0
17;NL:Q:46050040;Huize Vilsteren;Vilsteren;0,2;0,0;0,0;0,0;0,0;0,0
17;NL:Q:46050060;Gasunie;Vilsteren;0,0;0,0;0,0;0,0;0,0;0,0
17;NL:Q:46050070;Kaasboerderij Heileuver;Dalmsholte;0,1;0,1;0,0;0,0;0,0;0,0
17;NL:Q:46050090;De Marshoeve;Dalmsholte;0,0;0,0;0,0;0,0;0,0;0,0
17;NL:Q:46050100;De Marshoeve;Dalmsholte;0,0;0,0;0,0;0,0;0,0;0,0
17;NL:Q:46060030;Camping Nieuwe Brug;Nieuwe Brug;0,0;0,0;0,0;0,0;0,0;0,0
17;NL:Q:46060040;Camping Nieuwe Brug;Nieuwe Brug;0,0;0,0;0,0;0,0;0,0;0,0
17;NL:Q:46100000;Frankhuizerallee;Zwolle;55,0;1,1;32,7;0,8;16,3;0,2
17;NL:Q:46100010;Frankhuizerallee;Zwolle;1,4;55,0;0,8;35,8;0,3;21,1
17;NL:Q:46100020;Twistvlietbrug;Zwolle;25,9;1,3;15,6;0,3;6,4;0,3
17;NL:Q:46100030;Twistvlietbrug;Zwolle;1,1;30,9;0,9;19,6;0,3;10,7
17;NL:Q:46100040;Katerdijk;zwolle;3,1;24,1;0,8;2,3;0,6;2,2
17;NL:Q:46100050;Katerdijk;zwolle;9,9;4,3;2,5;0,7;2,3;0,5
17;NL:Q:46100060;Belvederelaan;Zwolle;58,3;2,2;32,6;0,5;15,6;0,5
17;NL:Q:46100070;Belvederelaan;Zwolle;1,9;68,4;0,9;42,8;0,6;24,6
17;NL:Q:46100080;Wkc Stadshagen;Zwolle;70,8;5,3;45,7;3,8;23,3;1,3
17;NL:Q:46100090;Wkc Stadshagen;Zwolle;5,7;88,1;3,4;48,5;1,4;25,1
17;NL:Q:46100130;Rozentunnel;Zwolle;0,6;1,7;0,1;2,3;0,0;0,3
17;NL:Q:46100135;Station Stadshagen;Zwolle;6,9;0,7;0,0;0,0;0,0;0,0
17;NL:Q:46100150;Havezathentunnel;Zwolle;3,6;5,2;1,5;2,5;0,9;1,2
17;NL:Q:46100170;Nijenhuislaan;Zwolle;30,6;18,8;14,5;8,9;10,1;6,2
17;NL:Q:46100210;Dotterbloem;Zwolle;3,5;13,5;1,1;7,9;1,0;5,0
17;NL:Q:46100230;Bonkenhavestraat;Zwolle;17,1;13,7;7,5;6,3;4,3;3,8
17;NL:Q:46104021;Katwolderplein/centrum;Zwolle;447,3;278,7;209,2;87,3;88,4;57,8
17;NL:Q:46104022;Katwolderplein/centrum;Zwolle;323,7;602,3;64,4;212,3;34,4;89,6
17;NL:Q:46104031;Griegstraat;Zwolle;7,0;50,1;6,0;34,6;1,8;20,9
17;NL:Q:46104033;Waallaan;Zwolle;6,3;28,5;3,4;15,0;2,0;8,3
17;NL:Q:46110010;Kuyerhuislaan;Zwolle;1,9;1,3;0,0;0,0;0,0;0,0
17;NL:Q:46110100;Kroesenallee;Wijthmen;0,7;2,9;0,0;0,0;0,0;0,0
17;NL:Q:46110150;Kroesenallee;Wijthmen;2,2;0,6;0,0;0,0;0,0;0,0
17;NL:Q:46110400;De Marslanden;Wijthmen;6,1;12,0;0,0;0,0;0,0;0,0
17;NL:Q:46110750;School De Ambelt;Herfte;0,5;1,8;0,0;0,0;0,0;0,0
17;NL:Q:46112650;De Marslanden;Wijthmen;10,0;6,6;0,0;0,0;0,0;0,0
17;NL:Q:46120050;Bedrijvenpark Hessenpoort;Zwolle;27,5;4,2;2,2;1,1;0,0;0,0
17;NL:Q:46120060;Bedrijvenpark Hessenpoort;Zwolle;3,6;23,6;0,4;1,4;0,0;0,0
17;NL:Q:46120090;Bergkloosterweg;Zwolle;6,6;4,8;1,9;2,1;0,5;0,7
17;NL:Q:46120100;Bentheimstraat;Zwolle;33,3;4,3;24,7;2,3;14,1;1,4
17;NL:Q:46120110;Bentheimstraat;Zwolle;4,8;46,4;3,0;28,6;2,1;15,7
17;NL:Q:46120120;Vechtbrug;Zwolle;3,5;1,3;0,9;0,2;0,4;0,1
17;NL:Q:46120130;Vechtbrug;Zwolle;0,6;3,9;0,2;0,9;0,1;0,5
17;NL:Q:46120140;Bergkloosterweg;Zwolle;3,8;4,3;1,5;1,1;0,7;0,3
17;NL:Q:46120160;Campherbeeklaan;Zwolle;14,0;9,8;2,8;1,3;0,8;0,5
17;NL:Q:46120200;Campherbeeklaan;Zwolle;4,6;9,8;1,1;4,1;0,4;0,5
17;NL:Q:46120270;Nieuwleusenerdijk;Zwolle;4,8;3,0;0,2;0,0;0,0;0,0
17;NL:Q:46120280;Nieuwleusenerdijk;Zwolle;1,6;5,9;0,0;0,1;0,0;0,0
17;NL:Q:46124590;Hazelaarlaan;Zwolle;1,8;15,1;0,4;12,2;3,7;8,3
17;NL:Q:46124600;Hazelaarlaan;Zwolle;12,5;0,2;11,0;0,1;6,3;0,0
17;NL:Q:46124610;Wkc Berkum;Zwolle;2,7;21,1;2,4;17,1;1,0;9,7
17;NL:Q:46124620;Wkc Berkum;Zwolle;13,6;0,2;10,0;0,1;4,5;0,0
17;NL:Q:46124640;Vossiuslaan;Zwolle;3,7;6,5;3,1;7,7;1,6;3,2
17;NL:Q:46124650;Grotiuslaan;Zwolle;3,3;4,1;3,0;4,0;2,0;2,4
17;NL:Q:46124670;Hugo de Vrieslaan;Zwolle;4,7;5,5;5,5;5,9;3,0;3,2
17;NL:Q:46124710;Erasmuslaan;Zwolle;17,2;7,6;14,4;5,5;8,4;2,6
17;NL:Q:46200010;Gorterstraat;Zwolle;12,1;22,6;6,5;14,3;5,8;8,2
17;NL:Q:46200020;Martinetstraat;Zwolle;0,2;0,2;0,1;0,2;0,1;0,2
17;NL:Q:46200030;Koelmansstraat;Lenthe;1,4;1,2;0,0;0,0;0,0;0,0
17;NL:Q:46200050;Jonkman;Heino;8,7;2,1;0,0;0,0;0,0;0,0
17;NL:Q:46200070;Hagenweg;Lenthe;1,3;0,5;0,0;0,0;0,0;0,0
17;NL:Q:46200080;Hagenweg;Lenthe;0,2;1,4;0,0;0,0;0,0;0,0
17;NL:Q:46200100;De Gunne;Lenthe;0,1;0,1;0,0;0,0;0,0;0,0
17;NL:Q:46200110;De Gunne;Lenthe;0,0;0,1;0,0;0,0;0,0;0,0
17;NL:Q:46200120;De Jong;Lenthe;0,2;0,3;0,0;0,0;0,0;0,0
17;NL:Q:46200130;De Jong;Lenthe;0,3;0,2;0,0;0,0;0,0;0,0
17;NL:Q:46200400;Koelmansstraat;Lenthe;0,8;0,9;0,0;0,0;0,0;0,0
17;NL:Q:46200600;Koelmansstraat;Lenthe;0,0;0,1;0,0;0,0;0,0;0,0
17;NL:Q:46204001;Sportlaan;Zwolle;16,1;14,0;8,3;7,7;5,0;5,2
17;NL:Q:46204010;Molenhoek;Hoonhorst;0,3;0,2;0,0;0,0;0,0;0,0
17;NL:Q:46210020;Marsweg;Hoonhorst;0,1;1,7;0,0;0,0;0,0;0,0
17;NL:Q:46210030;Marsweg;Hoonhorst;0,4;0,0;0,0;0,0;0,0;0,0
17;NL:Q:46210060;Klapvoortweg;Hoonhorst;0,0;0,0;0,0;0,0;0,0;0,0
17;NL:Q:46210070;Klapvoortweg;Hoonhorst;0,0;0,0;0,0;0,0;0,0;0,0
17;NL:Q:46210080;Oudeweg;Emmen;0,1;0,2;0,0;0,0;0,0;0,0
17;NL:Q:46210090;Oudeweg;Emmen;0,3;0,1;0,0;0,0;0,0;0,0
17;NL:Q:46210110;Emmerweg;Emmen;0,2;0,2;0,0;0,0;0,0;0,0
17;NL:Q:46210120;Emmerweg;Emmen;0,1;0,3;0,0;0,0;0,0;0,0
17;NL:Q:46210130;Overweg NS;Dalfsen;0,1;0,1;0,0;0,0;0,0;0,0
17;NL:Q:46210140;Centrum;Hoonhorst;4,7;0,8;0,0;0,0;0,0;0,0
17;NL:Q:46210150;Centrum;Hoonhorst;1,1;4,0;0,0;0,0;0,0;0,0
17;NL:Q:46214000;Molenhoek;Hoonhorst;0,3;0,3;0,0;0,0;0,0;0,0
17;NL:Q:46291002;Broekdijk;Brucht;0,0;0,1;0,1;0,0;0,0;0,0
17;NL:Q:46300050;'t Reelaer;Heino;0,2;0,2;0,0;0,0;0,0;0,0
17;NL:Q:46300110;School;Lierderholthuis;0,7;1,2;0,0;0,0;0,0;0,0
17;NL:Q:46300130;Brug;Lierderholthuis;0,5;0,5;0,0;0,0;0,0;0,0
17;NL:Q:46300150;Kappert;Lierderholthuis;0,1;0,1;0,0;0,0;0,0;0,0
17;NL:Q:46300180;Kastanje;Heino;0,1;0,4;0,0;0,0;0,0;0,0
17;NL:Q:46300200;Wolfkamp;Heino;0,3;1,2;0,0;0,0;0,0;0,0
17;NL:Q:46300210;Station;Heino;10,0;4,2;0,0;0,0;0,0;0,0
17;NL:Q:46300230;Kiezebos;Heino;0,7;0,5;0,0;0,0;0,0;0,0
17;NL:Q:46300250;Wolfkamp;Heino;2,1;0,5;0,0;0,0;0,0;0,0
17;NL:Q:46300270;Brinkzicht;Heino;0,8;2,1;0,0;0,0;0,0;0,0
17;NL:Q:46300300;Klaproos;Heino;0,3;4,3;0,0;0,0;0,0;0,0
17;NL:Q:46300350;Klaproos;Heino;4,0;0,2;0,0;0,0;0,0;0,0
17;NL:Q:46300390;Marktplein;Heino;1,0;0,5;0,0;0,0;0,0;0,0
17;NL:Q:46300400;Marktplein;Heino;4,5;11,3;0,0;0,0;0,0;0,0
17;NL:Q:46300450;Marktplein;Heino;12,1;4,1;0,0;0,0;0,0;0,0
17;NL:Q:46300500;Van der Capellenweg;Heino;0,8;6,0;0,0;0,0;0,0;0,0
17;NL:Q:46300550;Van der Capellenweg;Heino;5,3;1,0;0,0;0,0;0,0;0,0
17;NL:Q:46300600;Jonkman;Heino;2,0;8,8;0,0;0,0;0,0;0,0
17;NL:Q:46300900;Bibliotheek;Heino;0,0;0,0;0,0;0,0;0,0;0,0
17;NL:Q:46300950;Bibliotheek;Heino;0,4;4,4;0,0;0,0;0,0;0,0
17;NL:Q:46301000;Pastorielaan;Heino;0,1;0,2;0,0;0,0;0,0;0,0
17;NL:Q:46301050;Pastorielaan;Heino;0,1;0,3;0,0;0,0;0,0;0,0
17;NL:Q:46310100;Overweg NS;Dalfsen;0,1;0,0;0,0;0,0;0,0;0,0
17;NL:Q:46310150;Gemeentehuis;Dalfsen;1,0;0,2;0,0;0,0;0,0;0,0
17;NL:Q:46310300;Gemeentehuis;Dalfsen;0,3;1,3;0,0;0,0;0,0;0,0
17;NL:Q:46310350;Pleijendal;Dalfsen;0,8;0,1;0,0;0,0;0,0;0,0
17;NL:Q:46310450;De Trefkoele;Dalfsen;4,0;1,9;0,0;0,0;0,0;0,0
17;NL:Q:46310500;Pleijendal;Dalfsen;0,1;0,9;0,0;0,0;0,0;0,0
17;NL:Q:46310600;De Trefkoele;Dalfsen;1,0;3,9;0,0;0,0;0,0;0,0
17;NL:Q:46310610;De Trefkoele;Dalfsen;0,0;0,1;0,0;0,0;0,0;0,0
17;NL:Q:46310620;De Trefkoele;Dalfsen;0,0;0,0;0,0;0,0;0,0;0,0
17;NL:Q:46310750;Bontekamp;Dalfsen;3,7;0,7;0,0;0,0;0,0;0,0
17;NL:Q:46310760;Bontekamp;Dalfsen;2,5;2,0;0,0;0,0;0,0;0,0
17;NL:Q:46310900;Bontekamp;Dalfsen;0,9;2,3;0,0;0,0;0,0;0,0
17;NL:Q:46311005;Station;Dalfsen;45,2;51,4;0,1;0,1;0,0;0,0
17;NL:Q:46311010;Foreco;Dalfsen;0,2;1,2;0,0;0,0;0,0;0,0
17;NL:Q:46311011;Foreco;Dalfsen;1,0;0,3;0,0;0,0;0,0;0,0
17;NL:Q:46311013;Kortersweg;Dalfsen;0,4;0,3;0,0;0,0;0,0;0,0
17;NL:Q:46311014;Kortersweg;Dalfsen;0,0;0,5;0,0;0,0;0,0;0,0
17;NL:Q:46311050;Polhaarweg;Dalfsen;0,8;6,9;0,0;0,0;0,0;0,0
17;NL:Q:46311100;Polhaarweg;Dalfsen;8,4;0,9;0,0;0,0;0,0;0,0
17;NL:Q:46311130;Haersolteweg;Dalfsen;0,0;0,0;0,0;0,0;0,0;0,0
17;NL:Q:46311140;Haersolteweg;Dalfsen;0,0;0,0;0,0;0,0;0,0;0,0
17;NL:Q:46311150;Gernerslag;Ankum;0,2;0,0;0,0;0,0;0,0;0,0
17;NL:Q:46311155;Huize Gerner;Dalfsen;0,0;0,1;0,0;0,0;0,0;0,0
17;NL:Q:46311160;Huize Gerner;Dalfsen;0,0;0,0;0,0;0,0;0,0;0,0
17;NL:Q:46311170;Langkamp;Dalfsen;0,0;0,0;0,0;0,0;0,0;0,0
17;NL:Q:46311180;Langkamp;Dalfsen;0,0;0,0;0,0;0,0;0,0;0,0
17;NL:Q:46311190;WZC Rosengaerde;Dalfsen;0,1;0,1;0,0;0,0;0,0;0,0
17;NL:Q:46311200;WZC Rosengaerde;Dalfsen;0,2;0,2;0,0;0,0;0,0;0,0
17;NL:Q:46311500;Kievitsbloem;Dalfsen;0,4;3,1;0,0;0,0;0,0;0,0
17;NL:Q:46311550;Kievitsbloem;Dalfsen;5,7;1,0;0,0;0,0;0,0;0,0
17;NL:Q:46330010;Noorderpark;Nieuwleusen;0,1;0,1;0,0;0,0;0,0;0,0
17;NL:Q:46390010;De Schakel;Gramsbergen;0,0;0,0;0,0;0,0;0,0;0,0
17;NL:Q:46390020;De Schakel;Gramsbergen;0,0;0,0;0,0;0,0;0,0;0,0
17;NL:Q:46390040;Loozermars/De Lhee;Gramsbergen;0,0;0,0;0,0;0,0;0,0;0,0
17;NL:Q:46400054;Station;Raalte;107,3;1,1;31,1;0,2;23,7;0,2
17;NL:Q:46400055;Station;Raalte;11,6;131,4;2,4;31,1;0,3;18,9
17;NL:Q:46400100;Station;Raalte;33,5;4,7;0,7;1,1;0,0;0,0
17;NL:Q:46400152;Kruisstraat;Raalte;16,7;0,9;5,5;0,2;3,4;0,1
17;NL:Q:46400200;Kruisstraat;Raalte;0,3;15,1;0,3;5,8;0,1;2,4
17;NL:Q:46400250;Westdorplaan;Raalte;34,7;3,8;10,8;0,6;8,6;0,7
17;NL:Q:46400300;Westdorplaan;Raalte;2,0;32,9;0,4;13,8;0,3;9,4
17;NL:Q:46400550;Postkantoor;Raalte;19,6;1,6;5,8;0,4;3,2;0,4
17;NL:Q:46400700;Postkantoor;Raalte;0,4;22,1;0,3;6,2;0,1;2,8
17;NL:Q:46401150;Pauluskerk;Raalte;33,6;7,2;14,9;2,9;10,0;1,6
17;NL:Q:46401250;De Haar;Raalte;5,4;2,0;0,0;0,1;0,0;0,0
17;NL:Q:46401350;Langkampweg;Raalte;5,8;1,0;0,1;0,1;0,0;0,0
17;NL:Q:46401400;De Hoven;Raalte;4,1;22,6;1,1;10,0;0,6;6,5
17;NL:Q:46401470;Carpoolplaats;Raalte;9,8;1,0;0,0;0,0;0,0;0,0
17;NL:Q:46401500;Pauluskerk;Raalte;5,9;32,8;1,4;14,1;0,8;10,9
17;NL:Q:46401550;Peelsbos;Raalte;0,2;0,0;0,0;0,0;0,0;0,0
17;NL:Q:46401600;De Haar;Raalte;1,9;4,4;0,2;0,0;0,0;0,0
17;NL:Q:46401700;Langkampweg;Raalte;0,3;4,6;0,0;0,0;0,0;0,0
17;NL:Q:46401820;Carpoolplaats;Raalte;0,4;10,4;0,0;0,0;0,0;0,0
17;NL:Q:46401900;Peelsbos;Raalte;0,0;0,1;0,0;0,0;0,0;0,0
17;NL:Q:46402010;Merel;Raalte;0,4;0,3;0,1;0,0;0,0;0,0
17;NL:Q:46402040;Merel;Raalte;0,1;0,3;0,0;0,0;0,0;0,0
17;NL:Q:46402050;Dumbarstraat;Raalte;9,2;1,0;0,0;0,0;0,0;0,0
17;NL:Q:46402060;Dumbarstraat;Raalte;1,4;8,3;0,1;0,0;0,0;0,0
17;NL:Q:46410050;Kloosterman;Oudleusen;0,1;0,0;0,0;0,0;0,0;0,0
17;NL:Q:46410100;Gernerslag;Ankum;0,0;0,2;0,0;0,0;0,0;0,0
17;NL:Q:46410150;De Stokte;Oudleusen;0,0;0,1;0,0;0,0;0,0;0,0
17;NL:Q:46410200;Kloosterman;Oudleusen;0,0;0,2;0,0;0,0;0,0;0,0
17;NL:Q:46410250;Wolfkamp;Oudleusen;0,9;0,1;0,0;0,0;0,0;0,0
17;NL:Q:46410300;De Stokte;Oudleusen;0,1;0,4;0,0;0,0;0,0;0,0
17;NL:Q:46410350;Mooirivier;Oudleusen;0,6;0,1;0,0;0,0;0,0;0,0
17;NL:Q:46410400;Wolfkamp;Oudleusen;0,1;0,3;0,0;0,0;0,0;0,0
17;NL:Q:46419003;De Stokte;Oudleusen;0,0;0,0;0,0;0,0;0,0;0,0
17;NL:Q:46419004;De Stokte;Oudleusen;0,0;0,1;0,0;0,0;0,0;0,0
17;NL:Q:46419005;Dennenkamp;Dalfsen;0,1;0,0;0,0;0,0;0,0;0,0
17;NL:Q:46419006;Dennenkamp;Oudleusen;0,0;0,1;0,0;0,0;0,0;0,0
17;NL:Q:46430150;Doktersbrug;Lemelerveld;0,9;0,1;0,0;0,0;0,0;0,0
17;NL:Q:46430250;Dwarsweg;Lemelerveld;1,4;0,1;0,0;0,0;0,0;0,0
17;NL:Q:46430300;Doktersbrug;Lemelerveld;0,2;1,0;0,0;0,0;0,0;0,0
17;NL:Q:46430350;Klipperstraat;Lemelerveld;37,8;2,6;0,0;0,0;0,0;0,0
17;NL:Q:46430400;Dwarsweg;Lemelerveld;0,1;1,6;0,0;0,0;0,0;0,0
17;NL:Q:46430450;Posthoornweg;Lemelerveld;1,4;0,0;0,0;0,0;0,0;0,0
17;NL:Q:46430500;Klipperstraat;Lemelerveld;2,5;33,4;0,0;0,0;0,0;0,0
17;NL:Q:46430550;Parallelstraat;Lemelerveld;5,4;1,9;0,4;0,0;0,0;0,0
17;NL:Q:46430600;Posthoornweg;Lemelerveld;0,0;1,1;0,0;0,0;0,0;0,0
17;NL:Q:46430700;Parallelstraat;Lemelerveld;0,0;1,8;0,0;0,8;0,0;0,0
17;NL:Q:46510050;Jutten;Varsen;0,5;0,0;0,0;0,0;0,0;0,0
17;NL:Q:46510100;Mooirivier;Oudleusen;0,1;0,6;0,0;0,0;0,0;0,0
17;NL:Q:46510150;Hessenweg West;Varsen;0,0;0,0;0,0;0,0;0,0;0,0
17;NL:Q:46510200;Jutten;Varsen;0,1;0,5;0,0;0,0;0,0;0,0
17;NL:Q:46510260;Varsenerdijk;Varsen;0,1;0,1;0,0;0,0;0,0;0,0
17;NL:Q:46510300;Hessenweg West;Varsen;0,0;0,1;0,0;0,0;0,0;0,0
17;NL:Q:46530100;Cafe De Posthoorn;Raalte;0,3;1,0;0,0;0,2;0,0;0,0
17;NL:Q:46530150;Cafe De Posthoorn;Raalte;1,4;0,4;0,0;0,0;0,0;0,0
17;NL:Q:46530200;Dijkman;Raalte;0,0;0,0;0,0;0,0;0,0;0,0
17;NL:Q:46530250;Dijkman;Raalte;0,0;0,7;0,0;0,0;0,0;0,0
17;NL:Q:46530450;De Hofstee;Raalte;0,0;0,0;0,0;0,0;0,0;0,0
17;NL:Q:46540050;Pleegsterhalte;Pleegste;1,3;0,4;0,5;0,1;0,3;0,1
17;NL:Q:46540100;De Heuvel;Pleegste;0,8;2,8;0,5;1,1;0,3;0,5
17;NL:Q:46540150;Van Rossum;Pleegste;0,5;0,2;0,2;0,1;0,2;0,1
17;NL:Q:46540200;Hoogspanningsgebouw;Pleegste;0,1;0,2;0,0;0,2;0,1;0,1
17;NL:Q:46540250;Hoogspanningsgebouw;Pleegste;0,2;0,2;0,1;0,0;0,2;0,1
17;NL:Q:46540300;Van Rossum;Pleegste;0,2;0,5;0,0;0,4;0,1;0,2
17;NL:Q:46540350;De Heuvel;Pleegste;2,7;0,9;1,1;0,4;0,5;0,2
17;NL:Q:46540400;Pleegsterhalte;Pleegste;0,3;1,3;0,1;0,6;0,0;0,3
17;NL:Q:46540450;De Hoven;Raalte;22,6;4,5;8,7;1,2;8,5;0,5
17;NL:Q:46540500;Broeklanderweg;Wesepe;0,5;4,1;0,1;1,4;0,1;1,2
17;NL:Q:46600100;Giethemer Kerkpad;Ommen;0,0;0,0;0,0;0,0;0,0;0,0
17;NL:Q:46610110;Varsenerdijk;Varsen;0,0;0,1;0,0;0,0;0,0;0,0
17;NL:Q:46610650;Station;Ommen;5,5;2,4;0,0;0,0;0,0;0,0
17;NL:Q:46611210;Markt;Ommen;0,0;0,0;0,0;0,0;0,0;0,0
17;NL:Q:46611250;Chevalleraustraat;Ommen;0,2;5,7;0,0;0,0;0,0;0,0
17;NL:Q:46611350;Strangeweg;Ommen;0,1;3,3;0,0;0,0;0,0;0,0
17;NL:Q:46611400;Chevalleraustraat;Ommen;5,6;0,5;0,0;0,0;0,0;0,0
17;NL:Q:46611500;Strangeweg;Ommen;5,0;0,8;0,0;0,0;0,0;0,0
17;NL:Q:46613020;Danteweg;Ommen;4,0;0,1;0,0;0,0;0,0;0,0
17;NL:Q:46613030;Danteweg;Ommen;0,0;3,1;0,0;0,0;0,0;0,0
17;NL:Q:46613040;Sogenbosstraat;Ommen;2,8;2,3;0,0;0,0;0,0;0,0
17;NL:Q:46613050;Centrum;Ommen;0,1;0,7;0,0;0,0;0,0;0,0
17;NL:Q:46613060;Centrum;Ommen;1,1;0,2;0,0;0,0;0,0;0,0
17;NL:Q:46640050;Boxbergerweg;Wesepe;4,7;3,1;1,6;0,8;1,3;0,4
17;NL:Q:46640070;Boxbergerweg;Wesepe;0,0;0,0;0,0;0,0;0,0;0,0
17;NL:Q:46640080;Boxbergerweg;Wesepe;0,0;0,0;0,0;0,0;0,0;0,0
17;NL:Q:46640100;Velsdijk;Wesepe;11,2;12,0;2,1;6,6;2,2;4,2
17;NL:Q:46640250;Velsdijk;Wesepe;11,3;10,6;5,9;2,1;3,6;1,7
17;NL:Q:46640300;Boxbergerweg;Wesepe;2,4;4,5;0,7;1,4;0,3;1,3
17;NL:Q:46640350;Broeklanderweg;Wesepe;4,2;0,6;0,9;0,3;1,5;0,0
17;NL:Q:46640400;Abdij Sion;Schalkhaar;2,0;3,1;0,9;1,9;0,6;2,2
17;NL:Q:46740010;De Wesenberg;Tongeren;0,2;0,2;0,0;0,0;0,0;0,0
17;NL:Q:46740020;De Wesenberg;Tongeren;0,1;1,2;0,0;0,1;0,0;0,0
17;NL:Q:46740100;Begraafplaats;Schalkhaar;1,2;2,0;0,3;0,5;0,3;0,5
17;NL:Q:46740150;Frieswijk;Schalkhaar;0,1;0,1;0,1;0,0;0,1;0,0
17;NL:Q:46740160;Crematorium;Schalkhaar;0,9;1,1;0,4;0,4;0,2;0,3
17;NL:Q:46740250;Frieswijkerweg;Schalkhaar;0,6;0,2;0,2;0,3;0,1;0,1
17;NL:Q:46740260;Crematorium;Schalkhaar;1,4;1,2;0,6;0,6;0,4;0,2
17;NL:Q:46740300;Frieswijk;Schalkhaar;0,0;0,2;0,1;0,1;0,1;0,1
17;NL:Q:46740350;Abdij Sion;Schalkhaar;2,7;1,9;1,9;0,6;1,4;0,4
17;NL:Q:46740400;Frieswijkerweg;Schalkhaar;0,1;0,7;0,1;0,2;0,0;0,2
17;NL:Q:46776310;Broekland;Broekland;1,5;1,6;0,6;0,1;0,0;0,0
17;NL:Q:46776320;Broekland;Broekland;2,7;1,3;0,3;0,5;0,0;0,0
17;NL:Q:46780020;Zonnenbergerweg;Wesepe;0,0;0,0;0,0;0,0;0,0;0,0
17;NL:Q:46780030;Kerk;Wesepe;0,0;0,0;0,0;0,0;0,0;0,0
17;NL:Q:46780040;Kerk;Wesepe;0,0;0,0;0,0;0,0;0,0;0,0
17;NL:Q:46800010;Ittersumallee;Zwolle;8,8;2,6;0,0;0,0;0,0;0,0
17;NL:Q:46840010;Hartkampweg;Raalte;0,0;0,0;0,0;0,0;0,0;0,0
17;NL:Q:46840020;Hartkampweg;Raalte;0,0;0,0;0,0;0,0;0,0;0,0
17;NL:Q:46840030;Gemeentehuis;Raalte;0,0;0,0;0,0;0,0;0,0;0,0
17;NL:Q:46841001;Ceintuurbaan;Raalte;0,0;0,1;0,0;0,0;0,0;0,0
17;NL:Q:46841002;Ceintuurbaan;Raalte;0,0;0,0;0,0;0,0;0,0;0,0
17;NL:Q:46890010;Tankstation;Lemelerveld;0,0;0,3;0,0;0,0;0,0;0,0
17;NL:Q:46890020;Tankstation;Lemelerveld;0,9;0,0;0,1;0,0;0,0;0,0
17;NL:Q:46890030;Evenemententerrein;Lemelerveld;6,5;7,0;0,6;0,6;0,0;0,0
17;NL:Q:46890040;Handelsweg;Lemelerveld;0,1;0,2;0,0;0,0;0,0;0,0
17;NL:Q:46970010;Stevenskamp;Heeten;0,0;0,0;0,0;0,0;0,0;0,0
17;NL:Q:46970020;Stevenskamp;Heeten;0,0;0,0;0,0;0,0;0,0;0,0
17;NL:Q:47132520;Blaloweg/Hasselterweg;Zwolle;2,9;11,6;0,7;7,5;0,5;4,5
17;NL:Q:47132620;Veronicaweg;Zwolle;13,9;24,7;8,7;17,6;5,2;9,2
17;NL:Q:47132750;Petuniaplein;Zwolle;41,6;40,8;30,8;30,8;20,0;22,3
17;NL:Q:47132800;Tesjeslaan;Zwolle;23,7;19,7;17,6;17,3;9,7;9,3
17;NL:Q:47132850;Melissepad;Zwolle;6,0;6,6;6,8;6,9;3,1;4,4
17;NL:Q:47132900;Loggerweg;Zwolle;11,6;13,9;1,4;1,5;0,7;0,5
17;NL:Q:47132950;Vogelmelkweg;Zwolle;16,3;12,8;12,9;10,9;7,4;7,1
17;NL:Q:47133000;Westenholterallee;Zwolle;40,0;21,7;1,7;0,8;0,5;0,3
17;NL:Q:47140010;Staatssecretarislaan;Zwolle;11,2;15,3;4,1;7,8;3,5;4,4
17;NL:Q:47140020;Staatssecretarislaan;Zwolle;18,8;12,4;11,2;6,3;4,8;4,3
17;NL:Q:47140030;Kamerledenlaan;Zwolle;8,8;8,6;7,6;6,9;5,4;4,9
17;NL:Q:47140040;Kamerledenlaan;Zwolle;10,9;10,8;8,0;7,3;4,7;4,9
17;NL:Q:47140050;Herxen;Wijhe;0,1;0,4;0,0;0,0;0,0;0,0
17;NL:Q:47140060;Rommestraat;Zwolle;14,8;27,5;8,5;19,7;6,5;13,5
17;NL:Q:47140070;Rommestraat;Zwolle;25,2;12,2;17,8;9,1;12,1;5,6
17;NL:Q:47140100;Zuidberg;Wijhe;0,1;0,0;0,0;0,0;0,0;0,0
17;NL:Q:47140110;Kerk;Laag Zuthem;0,6;0,4;0,0;0,0;0,0;0,0
17;NL:Q:47140150;Herxerenk;Wijhe;0,0;0,1;0,0;0,0;0,0;0,0
17;NL:Q:47140200;Herxen;Wijhe;0,7;0,0;0,0;0,0;0,0;0,0
17;NL:Q:47140250;Brug;Windesheim;0,3;4,2;0,0;0,0;0,0;0,0
17;NL:Q:47140300;Herxerenk;Wijhe;0,2;0,4;0,0;0,0;0,0;0,0
17;NL:Q:47140350;Zuthemerweg;Windesheim;0,0;0,7;0,0;0,0;0,0;0,0
17;NL:Q:47140400;Brug;Windesheim;3,9;0,2;0,0;0,0;0,0;0,0
17;NL:Q:47140450;Rommestraat;Zwolle;1,1;2,6;0,0;0,0;0,0;0,0
17;NL:Q:47140500;Zuthemerweg;Windesheim;0,5;0,1;0,0;0,0;0,0;0,0
17;NL:Q:47140550;IJsselcentraleweg;Zwolle;18,6;9,1;5,3;0,8;3,1;0,5
17;NL:Q:47140600;Rommestraat;Zwolle;2,3;1,9;0,0;0,0;0,0;0,0
17;NL:Q:47240050;Overweg NS;Wijhe;0,1;0,1;0,0;0,0;0,0;0,0
17;NL:Q:47240100;Oprit Dijk;Wijhe;0,1;0,1;0,0;0,0;0,0;0,0
17;NL:Q:47240150;Zuidberg;Wijhe;0,0;0,1;0,0;0,0;0,0;0,0
17;NL:Q:47240200;Overweg NS;Wijhe;0,1;0,0;0,0;0,0;0,0;0,0
17;NL:Q:47340100;Bezoekerscentrum;Den Nul;0,9;1,3;0,0;0,0;0,0;0,0
17;NL:Q:47340510;Langstraat;Wijhe;0,7;1,0;0,0;0,0;0,0;0,0
17;NL:Q:47340520;Langstraat;Wijhe;0,6;0,3;0,4;0,1;0,0;0,0
17;NL:Q:47340550;Oprit Dijk;Wijhe;0,1;0,1;0,0;0,0;0,0;0,0
17;NL:Q:47340600;Het Weytendaal;Wijhe;0,6;0,3;0,0;0,0;0,0;0,0
17;NL:Q:47340650;Raalterweg;Wijhe;4,1;5,4;0,1;0,3;0,0;0,0
17;NL:Q:47340700;Raalterweg;Wijhe;4,1;2,4;0,0;0,0;0,0;0,0
17;NL:Q:47340710;De Enk;Wijhe;0,8;1,1;0,0;0,0;0,0;0,0
17;NL:Q:47340720;De Enk;Wijhe;0,7;0,3;0,0;0,0;0,0;0,0
17;NL:Q:47340730;Zandhuisweg;Wijhe;1,2;2,0;0,0;0,0;0,0;0,0
17;NL:Q:47340740;Zandhuisweg;Wijhe;2,6;0,6;0,0;0,0;0,0;0,0
17;NL:Q:47340750;Boerhaar;Wijhe;1,5;0,5;0,0;0,0;0,0;0,0
17;NL:Q:47340760;Boerhaar;Wijhe;0,3;1,4;0,0;0,0;0,0;0,0
17;NL:Q:47340770;Peperkamp;Wijhe;3,9;1,6;0,0;0,0;0,0;0,0
17;NL:Q:47340780;Peperkamp;Wijhe;3,0;2,6;0,1;0,0;0,0;0,0
17;NL:Q:47340901;de Lange Slagen;Wijhe;0,1;9,6;0,0;0,0;0,0;0,0
17;NL:Q:47340902;de Lange Slagen;Wijhe;8,6;0,3;0,0;0,0;0,0;0,0
17;NL:Q:47440050;Puinweg 1;Boskamp;0,7;0,0;0,0;0,0;0,0;0,0
17;NL:Q:47440100;Hengforderweg;Boskamp;0,1;0,3;0,0;0,0;0,0;0,0
17;NL:Q:47440150;Puinweg 2;Boskamp;0,1;0,1;0,0;0,0;0,0;0,0
17;NL:Q:47440200;Puinweg 1;Boskamp;0,0;0,0;0,0;0,0;0,0;0,0
17;NL:Q:47440250;Hoenlo;Boskamp;0,2;0,1;0,0;0,0;0,0;0,0
17;NL:Q:47440300;Puinweg 2;Boskamp;0,1;0,0;0,0;0,0;0,0;0,0
17;NL:Q:47440400;Hoenlo;Boskamp;0,1;0,1;0,0;0,0;0,0;0,0
17;NL:Q:47440550;Jan Hooglandstraat;Olst;3,5;0,6;0,0;0,0;0,0;0,0
17;NL:Q:47440700;Jan Hooglandstraat;Olst;0,4;3,5;0,0;0,0;0,0;0,0
17;NL:Q:47440800;Station;Olst;0,8;1,5;0,0;0,0;0,0;0,0
17;NL:Q:47440810;Station;Olst;1,1;1,0;0,1;0,0;0,0;0,0
17;NL:Q:47440910;Wethouder A.G. Dekkerlaan;Olst;2,7;3,4;0,0;0,0;0,0;0,0
17;NL:Q:47440920;Wethouder A.G. Dekkerlaan;Olst;3,2;2,0;0,0;0,0;0,0;0,0
17;NL:Q:47440930;Veerweg;Olst;1,2;1,0;0,0;0,0;0,0;0,0
17;NL:Q:47440940;Veerweg;Olst;0,4;2,3;0,0;0,0;0,0;0,0
17;NL:Q:47440950;Holstweg;Den Nul;0,8;2,0;0,0;0,0;0,0;0,0
17;NL:Q:47441001;Scherpenzeelseweg;Den Nul;0,4;0,0;0,0;0,0;0,0;0,0
17;NL:Q:47441002;Scherpenzeelseweg;Den Nul;0,0;0,4;0,0;0,0;0,0;0,0
17;NL:Q:47441020;Centrum;Olst;4,5;6,9;0,0;0,0;0,0;0,0
17;NL:Q:47441040;Centrum;Olst;4,2;3,2;0,0;0,0;0,0;0,0
17;NL:Q:47441050;Bezoekerscentrum;Den Nul;1,6;1,2;0,0;0,0;0,0;0,0
17;NL:Q:47441100;Holstweg;Den Nul;1,9;1,2;0,0;0,0;0,0;0,0
17;NL:Q:47441200;Overkempe;Boskamp;1,4;2,8;0,0;0,0;0,0;0,0
17;NL:Q:47441250;Overkempe;Boskamp;2,7;1,8;0,0;0,0;0,0;0,0
17;NL:Q:47540050;Wetermansweg;Diepenveen;7,2;3,8;0,0;0,0;0,0;0,0
17;NL:Q:47540200;Wetermansweg;Diepenveen;4,1;6,6;0,0;0,0;0,0;0,0
17;NL:Q:47540210;Centrum;Diepenveen;3,6;3,1;0,0;0,0;0,0;0,0
17;NL:Q:47540220;Centrum;Diepenveen;3,4;4,0;0,0;0,0;0,0;0,0
17;NL:Q:47540250;Sallandsweg;Diepenveen;1,0;0,5;0,0;0,0;0,0;0,0
17;NL:Q:47540350;Baerselmansweg;Diepenveen;1,2;0,7;0,0;0,0;0,0;0,0
17;NL:Q:47540400;Sallandsweg;Diepenveen;0,3;0,9;0,0;0,0;0,0;0,0
17;NL:Q:47540450;Molenveldsweg;Diepenveen;0,3;0,1;0,0;0,0;0,0;0,0
17;NL:Q:47540500;Baerselmansweg;Diepenveen;0,9;1,2;0,0;0,0;0,0;0,0
17;NL:Q:47540550;Randerstraat;Boskamp;0,5;0,2;0,0;0,0;0,0;0,0
17;NL:Q:47540600;Molenveldsweg;Diepenveen;0,1;0,3;0,0;0,0;0,0;0,0
17;NL:Q:47540650;Langedijk;Boskamp;0,1;0,1;0,0;0,0;0,0;0,0
17;NL:Q:47540700;Randerstraat;Boskamp;0,2;0,6;0,0;0,0;0,0;0,0
17;NL:Q:47540750;Hengforderweg;Boskamp;0,2;1,0;0,0;0,0;0,0;0,0
17;NL:Q:47540800;Langedijk;Boskamp;0,3;0,1;0,0;0,0;0,0;0,0
17;NL:Q:47640030;Saxion Hogeschool;Deventer;32,3;86,1;5,1;43,9;0,1;14,6
17;NL:Q:47640050;Munsterstraat;Deventer;4,8;0,1;0,0;0,0;0,0;0,0
17;NL:Q:47640060;Munsterstraat;Deventer;0,1;4,6;0,0;0,0;0,0;0,0
17;NL:Q:47640070;Keulenstraat 1;Deventer;14,5;0,4;0,0;0,0;0,0;0,0
17;NL:Q:47640080;Keulenstraat 1;Deventer;0,1;16,0;0,0;0,0;0,0;0,0
17;NL:Q:47640090;Keulenstraat 2;Deventer;14,0;2,3;0,0;0,0;0,0;0,0
17;NL:Q:47640100;Keulenstraat 2;Deventer;0,1;18,2;0,0;0,0;0,0;0,0
17;NL:Q:47640110;Rigastraat;Deventer;4,7;0,5;0,0;0,0;0,0;0,0
17;NL:Q:47640120;Rigastraat;Deventer;0,0;1,5;0,0;0,0;0,0;0,0
17;NL:Q:47640130;Industrieweg;Deventer;0,0;0,9;0,0;0,0;0,0;0,0
17;NL:Q:47640140;Industrieweg;Deventer;1,4;0,3;0,0;0,0;0,0;0,0
17;NL:Q:47640150;Herfordstraat;Deventer;0,6;0,1;0,0;0,0;0,0;0,0
17;NL:Q:47640160;Herfordstraat;Deventer;0,1;0,8;0,0;0,0;0,0;0,0
17;NL:Q:47640190;Dortmundstraat;Deventer;0,5;0,5;0,0;0,0;0,0;0,0
17;NL:Q:47640200;Dortmundstraat;Deventer;0,3;0,3;0,0;0,0;0,0;0,0
17;NL:Q:47640230;Willem Witsenstraat;Deventer;66,3;4,9;31,3;2,5;16,7;1,4
17;NL:Q:47640240;Willem Witsenstraat;Deventer;4,2;62,0;2,7;31,3;2,9;19,3
17;NL:Q:47640290;Cröddenbrug;Deventer;0,5;0,5;0,3;0,2;0,0;0,0
17;NL:Q:47640370;De Bekkumer;Deventer;7,2;23,5;2,2;9,7;1,1;7,1
17;NL:Q:47640380;De Bekkumer;Deventer;20,0;7,6;8,7;2,2;4,6;1,3
17;NL:Q:47640390;Saxion Hogeschool;Deventer;55,5;60,1;22,0;3,6;11,1;1,7
17;NL:Q:47640410;Snippeling;Deventer;0,4;4,6;0,1;1,4;0,3;2,1
17;NL:Q:47640540;Verpleeghuis P.W. Janssen;Deventer;3,8;3,4;3,4;4,0;1,6;3,5
17;NL:Q:47640550;Rostockstraat;Deventer;1,3;0,5;0,0;0,0;0,0;0,0
17;NL:Q:47640560;Rostockstraat;Deventer;0,6;1,0;0,0;0,0;0,0;0,0
17;NL:Q:47640570;Koningsbergenstraat;Deventer;4,0;0,3;0,0;0,0;0,0;0,0
17;NL:Q:47640580;Koningsbergenstraat;Deventer;0,1;5,8;0,0;0,0;0,0;0,0
17;NL:Q:47640590;Arnsbergstraat;Deventer;3,5;0,1;0,0;0,0;0,0;0,0
17;NL:Q:47640600;Arnsbergstraat;Deventer;0,1;7,9;0,0;0,0;0,0;0,0
17;NL:Q:47640680;Runshoppingcentre;Deventer;7,7;1,3;4,0;0,6;2,5;0,2
17;NL:Q:47640690;Runshoppingcentre;Deventer;1,5;8,7;1,1;5,5;0,3;3,4
17;NL:Q:47640710;David Wijnveldtweg;Deventer;12,4;0,8;7,3;0,9;3,6;0,1
17;NL:Q:47640720;David Wijnveldtweg;Deventer;1,7;13,9;1,4;7,8;0,4;3,9
17;NL:Q:47640730;Albertus van Leusenweg;Deventer;55,3;2,7;27,5;1,6;16,1;0,8
17;NL:Q:47640740;Albertus van Leusenweg;Deventer;3,4;53,7;2,2;30,1;1,1;17,3
17;NL:Q:47640750;Alphons Diepenbrocklaan;Deventer;9,7;125,1;4,4;60,5;3,4;32,3
17;NL:Q:47640760;Alphons Diepenbrocklaan;Deventer;121,2;8,4;53,8;5,1;28,0;1,9
17;NL:Q:47640830;De Knoop;Deventer;49,3;4,1;25,8;2,0;14,2;0,7
17;NL:Q:47640835;De Knoop;Deventer;4,5;57,2;1,2;29,7;0,7;13,4
17;NL:Q:47640900;St. Jozef verpleeghuis;Deventer;8,7;10,6;3,2;2,6;3,8;2,3
17;NL:Q:47640910;St. Jozef verpleeghuis;Deventer;10,9;11,2;3,7;3,0;2,7;3,1
17;NL:Q:47640920;Wezenland;Deventer;6,9;8,2;3,2;2,3;3,4;1,6
17;NL:Q:47640930;Wezenland;Deventer;6,6;9,0;2,0;3,1;1,3;3,2
17;NL:Q:47640940;Begraafplaats;Schalkhaar;1,2;1,1;0,8;0,3;0,5;0,3
17;NL:Q:47641000;Station;Deventer;351,1;327,0;200,3;120,0;102,3;82,0
17;NL:Q:47641016;Station;Deventer;263,3;275,7;77,0;90,5;35,4;51,0
17;NL:Q:47641026;Station;Deventer;347,1;359,0;164,8;131,8;102,5;87,9
17;NL:Q:47641039;Station;Deventer;32,6;33,3;8,0;6,5;0,0;0,0
17;NL:Q:47641040;Station;Deventer;671,1;476,5;320,4;268,1;224,2;133,5
17;NL:Q:47641130;Deltaplein;Deventer;3,2;30,1;2,3;17,9;1,1;14,1
17;NL:Q:47641140;Deltaplein;Deventer;34,6;2,7;18,4;1,8;11,9;1,1
17;NL:Q:47641150;Douwelerwetering;Deventer;0,9;13,2;0,6;6,2;0,3;6,5
17;NL:Q:47641160;Douwelerwetering;Deventer;18,4;1,1;8,7;0,5;5,6;0,3
17;NL:Q:47641170;Biesboschlaan;Deventer;2,6;10,2;0,5;4,5;0,5;5,3
17;NL:Q:47641180;Biesboschlaan;Deventer;14,5;1,5;6,8;0,3;3,8;0,2
17;NL:Q:47641190;Amstellaan;Deventer;7,8;28,7;1,2;7,6;0,5;2,5
17;NL:Q:47641200;Snippeling;Deventer;36,8;5,3;10,4;1,8;6,4;0,8
17;NL:Q:47641240;Kleine Vos;Deventer;2,2;1,3;1,6;1,2;1,2;0,8
17;NL:Q:47641280;Zwaluwenburg;Deventer;21,4;12,9;13,8;9,1;7,0;6,0
17;NL:Q:47641300;Toutenburg;Deventer;8,3;7,0;5,1;5,4;2,7;3,8
17;NL:Q:47641320;Slangenburg;Deventer;2,5;1,6;1,4;1,5;0,8;1,7
17;NL:Q:47641370;Fonteinkruid;Deventer;26,9;3,4;19,2;1,9;9,5;0,8
17;NL:Q:47641380;Fonteinkruid;Deventer;1,9;7,6;1,2;9,6;1,2;8,1
17;NL:Q:47641410;Dovenetel;Deventer;0,8;7,4;0,5;5,0;0,7;5,4
17;NL:Q:47641420;Dovenetel;Deventer;10,4;0,7;7,5;0,7;3,1;0,2
17;NL:Q:47641430;Wkc Colmschate;Deventer;24,9;19,5;21,1;15,6;7,8;9,3
17;NL:Q:47641440;Wkc Colmschate;Deventer;5,2;5,9;3,8;6,1;3,4;6,3
17;NL:Q:47641450;Roessinksweg;Deventer;5,4;0,9;1,7;0,3;0,6;0,0
17;NL:Q:47641470;Oxersteeg;Deventer;6,5;2,7;5,4;1,5;2,4;0,7
17;NL:Q:47641490;Magnolia;Deventer;12,9;4,1;4,9;1,8;3,1;1,0
17;NL:Q:47641530;Hondsroos;Deventer;3,3;4,4;3,5;4,3;0,7;2,1
17;NL:Q:47641550;Siemelinksweg;Deventer;0,2;3,9;0,1;3,5;0,1;3,1
17;NL:Q:47641560;Siemelinksweg;Deventer;5,2;0,9;3,0;0,3;1,0;0,0
17;NL:Q:47641610;Bonenkamp;Deventer;6,7;8,1;4,1;6,8;2,1;3,1
17;NL:Q:47641630;Hannie Schaftpad;Deventer;8,2;7,0;5,3;5,9;2,3;3,3
17;NL:Q:47641670;J. Naberstraat;Deventer;18,9;15,6;8,9;8,1;3,9;3,6
17;NL:Q:47641730;Solingenstraat;Deventer;5,1;6,7;0,6;0,5;0,1;0,1
17;NL:Q:47641750;Sallcon;Deventer;2,6;0,4;0,0;0,0;0,0;0,0
17;NL:Q:47641760;Sallcon;Deventer;0,1;6,4;0,0;0,0;0,0;0,0
17;NL:Q:47641790;Maagdenburg;Deventer;6,7;8,7;1,2;1,6;0,5;0,7
17;NL:Q:47641940;Teugseplein;Deventer;0,4;1,2;0,0;0,0;0,0;0,0
17;NL:Q:47641950;Teugseplein;Deventer;1,1;0,4;0,0;0,0;0,0;0,0
17;NL:Q:47642030;Schurenstraat;Deventer;22,6;32,0;10,5;9,4;5,3;1,3
17;NL:Q:47642040;Schurenstraat;Deventer;17,4;20,5;1,9;9,1;0,7;5,0
17;NL:Q:47642050;Oude Begraafplaats;Deventer;2,0;1,1;0,7;0,7;0,4;0,3
17;NL:Q:47642060;Oude Begraafplaats;Deventer;0,5;2,7;0,5;1,1;0,0;1,0
17;NL:Q:47642072;IJ. de Schepperstraat;Deventer;5,8;5,0;2,8;2,1;1,9;1,3
17;NL:Q:47642081;IJ. de Schepperstraat;Deventer;5,1;7,3;1,9;2,5;1,9;2,4
17;NL:Q:47642090;Dapperstraat;Deventer;6,2;15,5;2,2;9,9;0,8;3,8
17;NL:Q:47642100;Dapperstraat;Deventer;14,4;7,3;10,2;1,8;4,5;1,6
17;NL:Q:47642110;Van Marckelplein;Deventer;2,8;8,2;0,5;6,7;0,5;2,7
17;NL:Q:47642120;Van Marckelplein;Deventer;10,4;2,4;5,9;0,6;3,1;0,6
17;NL:Q:47642150;Wkc Keizerslanden;Deventer;8,3;40,9;4,1;32,2;1,1;15,3
17;NL:Q:47642160;Wkc Keizerslanden;Deventer;43,8;7,5;28,9;3,6;13,5;2,1
17;NL:Q:47642170;Balderikstraat;Deventer;24,8;14,5;14,6;9,9;6,7;5,1
17;NL:Q:47642180;Balderikstraat;Deventer;22,3;31,3;10,5;19,5;6,5;9,9
17;NL:Q:47642190;Ludgerstraat;Deventer;10,4;10,5;3,1;5,7;2,3;2,4
17;NL:Q:47642200;Ludgerstraat;Deventer;17,0;13,1;11,1;5,4;2,4;2,9
17;NL:Q:47642210;Beeckestein;Deventer;2,8;8,5;0,3;6,6;0,2;1,0
17;NL:Q:47642220;Beeckestein;Deventer;6,6;3,9;4,0;0,8;1,1;0,7
17;NL:Q:47642230;Wkc Borgele;Deventer;4,0;18,0;0,3;3,4;2,0;9,5
17;NL:Q:47642240;Wkc Borgele;Deventer;39,5;15,0;28,7;17,1;10,6;3,2
17;NL:Q:47642250;Beugelskamp;Deventer;0,5;4,2;0,1;1,1;0,3;2,1
17;NL:Q:47642260;Beugelskamp;Deventer;8,5;3,4;6,1;4,2;1,7;0,6
17;NL:Q:47642270;Het Vlier;Deventer;2,7;10,6;0,3;2,3;1,5;3,8
17;NL:Q:47642280;Het Vlier;Deventer;20,9;10,6;10,7;9,8;4,2;2,1
17;NL:Q:47642290;Thomas Wildey;Deventer;0,3;1,0;0,5;1,3;1,5;2,7
17;NL:Q:47642300;Thomas Wildey;Deventer;12,2;16,3;8,4;15,7;2,8;2,4
17;NL:Q:47642320;Platvoet;Deventer;38,4;36,6;21,9;23,3;13,5;15,9
17;NL:Q:47643050;Nijverheidstraat;Deventer;1,2;2,0;0,2;1,2;0,3;0,6
17;NL:Q:47643060;Nijverheidstraat;Deventer;22,9;1,8;0,2;0,4;0,1;0,2
17;NL:Q:47643070;Rijsterborgherweg;Deventer;6,2;6,2;4,0;2,9;0,8;1,2
17;NL:Q:47643080;Rijsterborgherweg;Deventer;4,5;6,2;2,1;4,5;0,5;1,2
17;NL:Q:47643110;Radstakeweg;Deventer;0,9;11,6;0,6;5,9;0,2;2,6
17;NL:Q:47643120;Radstakeweg;Deventer;12,6;0,6;4,8;0,4;2,2;0,4
17;NL:Q:47643150;Erasmusstraat;Deventer;0,2;30,5;0,1;3,3;0,0;1,4
17;NL:Q:47643160;Erasmusstraat;Deventer;5,6;0,4;2,0;0,3;0,7;0,1
17;NL:Q:47643170;Zamenhofplein;Deventer;3,2;20,1;3,8;10,6;0,8;5,8
17;NL:Q:47643180;Zamenhofplein;Deventer;38,5;3,3;14,5;4,4;7,2;0,9
17;NL:Q:47643190;Vermeerstraat;Deventer;0,7;25,7;0,8;10,8;0,7;3,8
17;NL:Q:47643200;Vermeerstraat;Deventer;23,0;1,2;10,2;0,9;3,4;1,4
17;NL:Q:47643210;Moreelsestraat;Deventer;1,1;11,9;0,4;9,6;0,9;2,5
17;NL:Q:47643220;Moreelsestraat;Deventer;14,3;1,0;10,8;1,0;3,9;1,7
17;NL:Q:47643230;Rubensstraat;Deventer;0,8;11,4;0,3;7,0;0,7;1,6
17;NL:Q:47643240;Rubensstraat;Deventer;13,2;0,9;8,9;0,6;2,4;1,0
17;NL:Q:47643250;Sportveldenlaan;Deventer;0,5;4,7;0,2;2,9;0,8;1,3
17;NL:Q:47643260;Sportveldenlaan;Deventer;3,3;0,3;2,7;0,2;1,4;0,8
17;NL:Q:47643270;Verpleeghuis St. Jurrien;Deventer;0,5;6,4;0,8;7,4;1,2;2,3
17;NL:Q:47643280;Verpleeghuis St. Jurrien;Deventer;7,5;1,2;7,1;1,2;2,6;2,5
17;NL:Q:47643290;Joost van de Vondellaan;Deventer;0,7;5,6;0,2;3,4;0,7;1,3
17;NL:Q:47643300;Joost van de Vondellaan;Deventer;8,1;1,1;3,9;0,6;1,9;1,2
17;NL:Q:47643310;Lookersdijk;Deventer;0,7;2,6;0,3;1,9;0,4;0,6
17;NL:Q:47643320;Lookersdijk;Deventer;3,2;1,3;2,9;0,3;0,8;0,5
17;NL:Q:47643960;Beestenmarkt;Deventer;0,6;36,9;0,2;14,9;0,1;4,6
17;NL:Q:47643970;Beestenmarkt;Deventer;12,3;1,2;4,2;0,3;2,3;0,1
17;NL:Q:47643990;Bleekstraat;Deventer;2,3;0,8;1,3;0,4;1,0;0,3
17;NL:Q:47644000;Veenweg;Deventer;0,9;3,9;0,2;2,3;0,1;1,0
17;NL:Q:47644010;Veenweg;Deventer;1,7;1,5;0,9;0,4;0,4;0,3
17;NL:Q:47644040;Amstellaan;Deventer;24,5;8,1;6,0;2,5;2,5;0,8
17;NL:Q:47644050;Snippeling;Deventer;2,6;28,3;1,2;8,0;0,4;3,2
17;NL:Q:47644060;Hunneperweg;Deventer;0,6;8,6;0,2;3,2;0,0;1,0
17;NL:Q:47644080;Fesevurstraat;Deventer;3,5;5,3;2,2;1,4;0,9;1,2
17;NL:Q:47644090;Fesevurstraat;Deventer;3,8;4,4;1,2;2,8;1,3;1,4
17;NL:Q:47644110;Cornelis Lelylaan;Deventer;4,0;60,7;1,4;30,7;0,8;19,4
17;NL:Q:47644120;Cornelis Lelylaan;Deventer;62,0;3,7;29,8;1,6;16,6;0,7
17;NL:Q:47644150;Mecklenburgstraat;Deventer;7,5;0,3;4,3;0,1;2,5;0,1
17;NL:Q:47644160;Mecklenburgstraat;Deventer;0,2;5,3;0,1;3,4;0,0;2,1
17;NL:Q:47644170;Keizer Karellaan;Deventer;15,1;1,8;6,3;0,5;0,6;0,0
17;NL:Q:47644180;Keizer Karellaan;Deventer;0,2;2,6;0,1;1,4;0,0;0,5
17;NL:Q:47644230;Koningin Wilhelminalaan;Deventer;6,6;0,6;3,7;0,1;2,2;0,1
17;NL:Q:47644240;Koningin Wilhelminalaan;Deventer;0,5;6,1;0,1;2,5;0,1;2,6
17;NL:Q:47644290;Europaplein;Deventer;7,2;0,8;4,9;0,5;2,0;0,2
17;NL:Q:47644300;Europaplein;Deventer;0,6;8,6;0,2;3,6;0,3;1,8
17;NL:Q:47644310;Papenblik;Deventer;1,4;0,6;0,5;0,4;0,3;0,3
17;NL:Q:47644320;Papenblik;Deventer;0,3;1,8;0,2;0,8;0,3;0,6
17;NL:Q:47644370;Visbystraat;Deventer;7,7;11,4;0,0;0,0;0,0;0,0
17;NL:Q:47645001;Splithofstraat;Deventer;10,1;0,6;8,5;0,3;3,5;0,1
17;NL:Q:47645002;Splithofstraat;Deventer;0,6;9,8;0,1;7,3;0,1;3,3
17;NL:Q:47645020;Prinses Margrietstraat;Deventer;4,9;0,4;5,0;0,2;2,1;0,2
17;NL:Q:47645030;Prinses Margrietstraat;Deventer;0,4;3,8;0,1;3,9;0,2;1,2
17;NL:Q:47645083;Ziekenhuis;Deventer;107,0;111,4;18,9;22,8;13,3;14,3
17;NL:Q:47645090;Prins Bernhardweg;Schalkhaar;5,3;0,1;2,9;0,0;1,7;0,0
17;NL:Q:47645100;Prins Bernhardweg;Schalkhaar;0,2;4,3;0,1;2,8;0,1;1,3
17;NL:Q:47645110;Oerdijk;Schalkhaar;8,8;1,9;5,8;0,7;2,7;0,5
17;NL:Q:47645120;Oerdijk;Schalkhaar;0,1;4,2;0,1;2,9;0,0;1,4
17;NL:Q:47645150;Westenberg;Schalkhaar;25,5;0,2;13,2;0,1;7,8;0,1
17;NL:Q:47645160;Westenberg;Schalkhaar;0,6;26,7;0,3;14,9;0,2;12,3
17;NL:Q:47645170;Kerkweg;Schalkhaar;15,0;0,3;13,7;0,2;6,2;0,0
17;NL:Q:47645180;Kerkweg;Schalkhaar;0,5;12,3;1,0;13,8;0,6;4,4
17;NL:Q:47648050;Schooldijk;Lettele;0,1;0,1;0,1;0,1;0,0;0,0
17;NL:Q:47649001;Station Colmschate;Deventer;1,3;19,5;0,8;12,0;0,2;10,8
17;NL:Q:47649002;Station Colmschate;Deventer;14,3;2,5;7,9;3,2;5,7;2,9
17;NL:Q:47649010;Westfalenstraat;Deventer;19,4;1,7;1,1;0,2;0,4;0,1
17;NL:Q:47649020;Westfalenstraat;Deventer;0,8;16,9;0,0;2,4;0,1;1,2
17;NL:Q:47649040;Wijtenhorst;Deventer;12,1;1,8;8,2;0,8;3,3;0,4
17;NL:Q:47649050;Wijtenhorst;Deventer;1,6;12,8;0,7;8,1;0,4;3,9
17;NL:Q:47831503;Boerhaar;Boerhaar;0,4;0,1;0,0;0,1;0,0;0,0
17;NL:Q:47831611;Station;Wijhe;2,3;2,8;0,5;0,5;0,0;0,0
17;NL:Q:47839001;Havenpoort;Wijhe;0,1;0,1;0,0;0,0;0,0;0,0
17;NL:Q:47850010;Kerk;Boskamp;0,0;0,0;0,0;0,0;0,0;0,0
17;NL:Q:47850020;Kerk;Boskamp;0,0;0,0;0,0;0,0;0,0;0,0
17;NL:Q:47850030;Stenen Kruis;Eikelhof;0,0;0,0;0,0;0,0;0,0;0,0
17;NL:Q:47850040;Stenen Kruis;Eikelhof;0,0;0,0;0,0;0,0;0,0;0,0
17;NL:Q:47890001;Osnabruckstraat;Deventer;0,0;0,2;0,0;0,0;0,0;0,0
17;NL:Q:47890002;Osnabruckstraat;Deventer;0,1;0,0;0,0;0,0;0,0;0,0
17;NL:Q:47892001;Schouwburg/Centrum;Deventer;71,1;4,3;68,3;1,4;32,5;0,8
17;NL:Q:47892002;Schouwburg/Centrum;Deventer;13,3;113,0;8,9;112,3;0,2;52,5
17;NL:Q:47899001;Keolis/Van Wijnen;Deventer;0,3;2,3;0,0;0,0;0,0;0,0
17;NL:Q:47899002;Keolis/Van Wijnen;Deventer;2,0;0,2;0,0;0,0;0,0;0,0
17;NL:Q:47899901;Cröddendijk;Deventer;0,3;0,0;0,0;0,0;0,0;0,0
17;NL:Q:47899902;Cröddendijk;Deventer;0,0;0,4;0,0;0,1;0,0;0,0
17;NL:Q:47899903;De Scheg;Deventer;20,9;114,6;11,0;69,0;4,2;32,5
17;NL:Q:47899904;De Scheg;Deventer;36,3;11,1;25,0;4,2;8,2;2,1
17;NL:Q:47899905;De Scheg;Deventer;3,5;2,3;1,9;2,0;1,6;2,0
17;NL:Q:47899909;Huize Salland;Deventer;3,1;21,0;0,9;11,7;0,7;5,2
17;NL:Q:47899910;Huize Salland;Deventer;15,2;2,5;7,7;0,8;4,3;0,3
17;NL:Q:47899913;Brandweerdam;Deventer;2,1;14,9;0,8;3,2;0,7;1,5
17;NL:Q:47899914;Brandweerdam;Deventer;12,3;3,6;2,4;1,5;0,8;1,0
17;NL:Q:47908350;Nieuwe Deventerweg;Zwolle;17,8;1,4;13,1;1,2;7,9;0,6
17;NL:Q:47909001;Oostriklaan;Deventer;1,2;15,9;1,5;9,4;0,4;7,9
17;NL:Q:47909002;Oostriklaan;Deventer;8,0;0,1;4,4;0,1;2,9;0,0
18;NL:Q:40451075;Kapelmeestershoeve;Apeldoorn;8,3;3,4;4,9;3,7;2,0;1,3
18;NL:Q:40451076;Kapelmeestershoeve;Apeldoorn;8,0;12,7;5,5;8,1;3,3;5,0
18;NL:Q:40451077;De Eglantier;Apeldoorn;67,4;10,7;61,9;18,1;32,7;9,0
18;NL:Q:40451078;De Eglantier;Apeldoorn;7,9;67,6;8,5;50,9;5,1;28,9
18;NL:Q:40451096;Laan van Erica;Apeldoorn;2,0;7,4;0,8;7,2;0,8;4,8
18;NL:Q:40451097;Jaromirgaarde;Apeldoorn;12,4;1,5;9,8;1,7;4,7;0,6
18;NL:Q:40451098;Jaromirgaarde;Apeldoorn;0,6;14,7;0,6;9,6;0,3;6,5
18;NL:Q:40451099;Rademakersdonk;Apeldoorn;13,7;1,3;10,2;2,4;7,3;1,2
18;NL:Q:40451100;Rademakersdonk;Apeldoorn;0,2;15,0;1,0;11,9;0,5;8,4
18;NL:Q:40451101;Valkeniersdonk;Apeldoorn;18,9;4,3;11,9;6,4;5,9;3,1
18;NL:Q:40451103;Turfstekershoeve;Apeldoorn;24,4;7,8;13,1;7,2;6,9;3,8
18;NL:Q:40451129;Burgersveld;Apeldoorn;6,6;17,8;1,8;9,8;2,1;4,8
18;NL:Q:40451143;Soldeniersveld;Apeldoorn;9,6;7,8;9,0;7,7;4,3;4,1
18;NL:Q:40451145;Schepenenveld;Apeldoorn;6,9;7,9;6,2;5,7;2,6;2,7
18;NL:Q:40451153;Griffiersveld;Apeldoorn;5,1;8,5;1,8;3,6;1,4;2,2
18;NL:Q:40451161;Pottenbakkersdonk;Apeldoorn;13,4;12,5;7,5;7,7;3,6;4,3
18;NL:Q:40451163;Raadsherenveld;Apeldoorn;11,0;13,9;4,9;5,8;2,4;3,7
18;NL:Q:40451165;Rentmeestersveld;Apeldoorn;13,0;12,8;11,0;8,4;5,7;4,1
18;NL:Q:40451169;Zilversmidshoeve;Apeldoorn;6,2;7,2;2,8;4,5;2,1;2,5
18;NL:Q:40451173;Marskramersdonk;Apeldoorn;6,0;12,7;5,2;8,2;2,2;5,8
18;NL:Q:40451181;Ferguutgaarde;Apeldoorn;17,0;5,4;8,3;3,7;4,8;3,6
18;NL:Q:40451183;De Heemgaard;Apeldoorn;19,1;7,1;6,3;3,1;4,6;2,0
18;NL:Q:40451252;Kooikersdreef;Apeldoorn;1,4;11,1;1,0;9,1;0,7;5,5
18;NL:Q:40451259;Parlevinkershoeve;Apeldoorn;7,8;11,9;6,0;7,0;3,6;4,3
18;NL:Q:40451305;Minden;Apeldoorn;5,1;5,3;2,8;2,6;0,8;1,7
18;NL:Q:40451333;Ekro;Apeldoorn;12,8;14,1;0,0;0,0;0,0;0,0
18;NL:Q:40451343;Waagmeestershoeve;Apeldoorn;11,5;14,9;6,3;7,9;4,0;5,2
18;NL:Q:40451347;Boswachtersveld;Apeldoorn;13,0;10,0;8,4;6,8;4,9;3,8
18;NL:Q:40451351;Eglantierlaan;Apeldoorn;12,4;7,0;6,2;6,8;3,0;4,0
18;NL:Q:40471126;Beeklustweg;Apeldoorn;2,5;0,1;1,4;0,1;0,8;0,2
18;NL:Q:40471131;De Ugchelse Kei;Apeldoorn;10,1;2,6;6,7;1,7;2,3;1,0
18;NL:Q:40471152;Randerode;Apeldoorn;12,8;6,6;7,6;3,8;5,2;4,8
18;NL:Q:40471170;Middachten;Apeldoorn;13,0;0,5;6,4;0,2;3,9;0,0
18;NL:Q:40471171;Middachten;Apeldoorn;0,5;12,5;0,3;6,8;0,1;4,1
18;NL:Q:40471175;Vlietweg;Apeldoorn;0,6;17,0;0,2;7,0;0,2;4,0
18;NL:Q:40471295;Ugchelse Grensweg;Apeldoorn;9,1;1,4;7,2;0,8;3,2;0,4
18;NL:Q:40471301;Richtersweg;Apeldoorn;4,1;13,3;2,4;11,3;1,0;3,8
18;NL:Q:40471319;Hulkestein;Apeldoorn;1,7;4,2;2,8;4,1;0,6;1,2
18;NL:Q:40471327;G.P. Duuringlaan;Apeldoorn;5,5;9,2;5,6;10,1;1,4;3,3
18;NL:Q:40471338;Derk Kamphuisweg;Apeldoorn;8,8;0,1;5,6;0,0;1,3;0,0
18;NL:Q:40471339;Derk Kamphuisweg;Apeldoorn;1,0;13,9;1,0;9,5;0,6;3,9
18;NL:Q:40471434;Heidehof;Apeldoorn;2,8;3,4;3,6;4,3;1,8;2,0
18;NL:Q:40471467;Gelre Ziekenhuis;Apeldoorn;141,0;141,7;25,0;22,8;17,6;17,6
18;NL:Q:40551003;Marktplein;Apeldoorn;195,3;67,3;224,6;72,3;52,1;16,8
18;NL:Q:40551004;Marktplein;Apeldoorn;44,2;156,7;46,9;172,0;9,3;39,4
18;NL:Q:40551005;Oranjepark;Apeldoorn;4,2;18,3;3,7;4,6;2,3;4,3
18;NL:Q:40551006;Oranjepark;Apeldoorn;9,4;5,9;3,9;5,5;2,8;2,1
18;NL:Q:40551013;De Jagershuizen;Apeldoorn;12,6;10,8;9,8;9,6;4,7;5,1
18;NL:Q:40551015;Station;Apeldoorn;370,7;361,5;278,1;239,2;165,2;153,3
18;NL:Q:40551019;Hoofdstraat;Apeldoorn;107,6;35,6;91,4;48,8;27,5;9,7
18;NL:Q:40551020;Hoofdstraat;Apeldoorn;51,5;204,4;35,2;197,9;9,0;54,0
18;NL:Q:40551021;Amaliapark;Apeldoorn;31,4;5,5;14,9;3,2;8,9;1,5
18;NL:Q:40551022;Amaliapark;Apeldoorn;3,7;29,9;1,9;19,9;0,8;8,9
18;NL:Q:40551023;Zichtweg;Apeldoorn;3,8;8,0;0,9;6,7;0,9;3,0
18;NL:Q:40551024;Zichtweg;Apeldoorn;17,4;5,5;10,5;1,9;4,2;1,3
18;NL:Q:40551025;Eendrachtstraat;Apeldoorn;3,9;20,3;4,7;12,4;0,8;7,2
18;NL:Q:40551026;Eendrachtstraat;Apeldoorn;7,8;3,3;3,9;0,8;0,9;0,4
18;NL:Q:40551027;Aluminiumweg;Apeldoorn;8,6;25,0;1,5;18,1;0,9;9,0
18;NL:Q:40551028;Aluminiumweg;Apeldoorn;17,5;9,8;8,8;1,4;1,9;0,9
18;NL:Q:40551029;Sebastiaanplein;Apeldoorn;1,9;11,1;0,7;3,9;0,7;2,9
18;NL:Q:40551031;Chopinlaan;Apeldoorn;3,2;14,1;1,0;1,8;1,0;2,4
18;NL:Q:40551033;Laan van Westenenk;Apeldoorn;11,8;47,4;0,0;0,0;0,0;0,0
18;NL:Q:40551039;Bosweg;Apeldoorn;1,5;7,3;0,4;4,1;0,2;1,7
18;NL:Q:40551044;Bilderdijklaan;Apeldoorn;6,0;3,8;4,2;2,6;2,4;0,5
18;NL:Q:40551045;Grote Kerk;Apeldoorn;1,4;18,7;1,2;9,9;0,4;2,9
18;NL:Q:40551047;Gedenknaald;Apeldoorn;2,1;10,1;2,3;7,0;1,3;2,1
18;NL:Q:40551049;Station;Apeldoorn;178,6;19,2;0,0;0,0;0,0;0,0
18;NL:Q:40551051;Oosterlaan;Apeldoorn;3,2;1,1;1,2;0,3;1,0;0,4
18;NL:Q:40551052;Oosterlaan;Apeldoorn;0,9;3,4;0,6;1,7;0,5;1,0
18;NL:Q:40551053;Pinksterbloem;Apeldoorn;14,1;1,2;12,1;0,4;7,4;0,2
18;NL:Q:40551054;Pinksterbloem;Apeldoorn;1,3;17,7;0,5;11,2;0,3;6,6
18;NL:Q:40551057;Fauststraat;Apeldoorn;1,6;23,9;0,8;19,3;0,5;12,8
18;NL:Q:40551058;Fauststraat;Apeldoorn;22,1;2,0;17,9;0,9;12,7;0,5
18;NL:Q:40551063;Brug Deventerstraat;Apeldoorn;3,6;5,4;2,1;0,9;0,7;1,9
18;NL:Q:40551064;Brug Deventerstraat;Apeldoorn;6,8;7,3;2,2;2,7;2,1;1,9
18;NL:Q:40551065;Julianakerk;Apeldoorn;3,9;1,6;1,7;0,6;0,7;0,8
18;NL:Q:40551066;Julianakerk;Apeldoorn;1,0;5,2;0,4;2,4;0,2;1,3
18;NL:Q:40551072;GGNet;Apeldoorn;2,4;7,9;0,0;0,3;0,0;2,7
18;NL:Q:40551079;Gijsbrechtgaarde;Apeldoorn;11,1;2,0;10,1;1,5;6,5;0,3
18;NL:Q:40551080;Gijsbrechtgaarde;Apeldoorn;2,7;15,7;1,8;12,6;0,4;8,8
18;NL:Q:40551081;Welgelegenbrug;Apeldoorn;5,6;23,8;1,0;9,6;0,8;3,6
18;NL:Q:40551082;Welgelegenbrug;Apeldoorn;15,2;9,2;6,5;2,6;2,8;1,4
18;NL:Q:40551087;Apenheul;Apeldoorn;47,3;45,5;52,5;41,9;48,6;40,6
18;NL:Q:40551089;J. Fruytierschool;Apeldoorn;96,3;54,6;20,9;18,1;11,4;10,3
18;NL:Q:40551091;Wagenmakershoek;Apeldoorn;10,2;3,0;11,1;2,1;4,5;1,2
18;NL:Q:40551092;Wagenmakershoek;Apeldoorn;3,6;16,9;1,9;12,8;1,0;4,7
18;NL:Q:40551093;Glazeniershorst;Apeldoorn;31,3;3,8;33,6;2,3;18,8;1,3
18;NL:Q:40551094;Glazeniershorst;Apeldoorn;3,3;37,8;2,3;31,0;1,9;19,7
18;NL:Q:40551095;Laan van Erica;Apeldoorn;8,4;2,4;7,1;2,2;3,6;1,3
18;NL:Q:40551109;Balustrade;Apeldoorn;30,0;22,8;10,2;9,7;6,5;7,5
18;NL:Q:40551110;Hoofdstraat;Apeldoorn;39,9;14,0;27,6;1,5;11,2;1,1
18;NL:Q:40551111;Houttuinen-Noord;Apeldoorn;22,6;20,1;11,1;11,5;6,1;6,1
18;NL:Q:40551113;Belastingkantoor;Apeldoorn;152,1;213,7;6,7;19,7;3,9;11,3
18;NL:Q:40551115;Station;Apeldoorn;669,2;602,2;338,6;301,0;222,4;190,2
18;NL:Q:40551119;IJsselstraat;Apeldoorn;21,5;15,6;9,6;6,4;5,3;4,5
18;NL:Q:40551120;Aristotelesstraat;Apeldoorn;25,3;33,6;11,5;18,4;5,3;8,3
18;NL:Q:40551122;Station;Apeldoorn;706,0;709,6;267,7;220,2;206,1;137,1
18;NL:Q:40551123;Station;Apeldoorn;594,2;682,8;170,7;187,8;137,5;144,3
18;NL:Q:40551124;Bibliotheek;Apeldoorn;15,7;7,9;6,9;6,4;5,5;4,7
18;NL:Q:40551125;Bibliotheek;Apeldoorn;3,6;20,5;2,8;10,3;1,8;7,1
18;NL:Q:40551127;Beeklustweg;Apeldoorn;0,1;3,1;0,0;2,4;0,1;0,6
18;NL:Q:40551130;Station;Apeldoorn;208,3;114,9;69,8;38,9;51,3;19,7
18;NL:Q:40551133;Blekersweg;Apeldoorn;0,4;4,2;0,2;2,7;0,1;2,2
18;NL:Q:40551134;Blekersweg;Apeldoorn;6,0;0,9;2,8;0,3;1,7;0,2
18;NL:Q:40551135;Dianalaan;Apeldoorn;3,0;0,5;1,3;0,4;0,8;0,1
18;NL:Q:40551136;Dianalaan;Apeldoorn;0,8;3,9;0,3;1,9;0,1;1,2
18;NL:Q:40551137;Eburonenstraat;Apeldoorn;6,0;12,9;3,3;10,6;2,6;5,1
18;NL:Q:40551139;De Tol;Apeldoorn;24,1;1,9;12,7;1,2;5,4;0,3
18;NL:Q:40551140;De Tol;Apeldoorn;2,0;25,4;0,7;17,3;0,3;7,7
18;NL:Q:40551141;Georg Hegelstraat;Apeldoorn;30,9;0,1;21,8;0,2;11,8;0,0
18;NL:Q:40551142;Georg Hegelstraat;Apeldoorn;6,0;27,8;1,9;21,4;0,9;13,4
18;NL:Q:40551146;Burg. des Tombeplein;Apeldoorn;7,7;1,7;3,6;0,8;2,4;0,5
18;NL:Q:40551147;Burg. des Tombeplein;Apeldoorn;1,5;10,6;0,8;4,7;0,3;3,3
18;NL:Q:40551154;Leienplein;Apeldoorn;13,6;20,2;14,7;18,4;4,3;5,4
18;NL:Q:40551156;Oranjerie;Apeldoorn;1,4;3,1;0,4;2,5;0,6;1,4
18;NL:Q:40551157;Oranjerie;Apeldoorn;2,8;4,0;1,6;2,3;1,0;2,2
18;NL:Q:40551158;Politiebureau;Apeldoorn;10,5;3,8;7,3;1,4;3,1;0,7
18;NL:Q:40551159;Politiebureau;Apeldoorn;1,8;11,7;1,4;6,7;0,9;3,4
18;NL:Q:40551162;Staringlaan;Apeldoorn;16,3;2,7;11,4;4,3;3,5;0,8
18;NL:Q:40551166;Schuttersweg;Apeldoorn;27,6;1,4;6,2;0,4;4,1;0,3
18;NL:Q:40551167;Schuttersweg;Apeldoorn;1,4;20,4;0,3;6,4;0,2;4,5
18;NL:Q:40551174;Vlietweg;Apeldoorn;18,9;0,5;7,7;0,2;3,4;0,2
18;NL:Q:40551176;Laan van de Mensenrechten;Apeldoorn;6,5;3,6;2,6;0,6;1,2;0,5
18;NL:Q:40551177;Imkersdreef;Apeldoorn;17,8;2,8;8,3;0,8;3,9;0,5
18;NL:Q:40551178;Imkersdreef;Apeldoorn;1,9;17,5;0,8;9,1;0,6;5,8
18;NL:Q:40551179;Hoenderparkweg;Apeldoorn;1,8;27,1;0,7;16,9;0,9;9,6
18;NL:Q:40551180;Hoenderparkweg;Apeldoorn;30,7;1,5;20,7;0,3;9,4;0,1
18;NL:Q:40551185;Het Schip;Apeldoorn;12,3;9,6;8,7;8,5;3,0;2,9
18;NL:Q:40551187;Het Firmament;Apeldoorn;20,3;9,3;11,8;5,6;4,3;2,5
18;NL:Q:40551189;Linie;Apeldoorn;27,5;1,9;21,3;1,3;8,8;0,2
18;NL:Q:40551190;Linie;Apeldoorn;5,6;50,4;3,2;33,8;1,4;15,4
18;NL:Q:40551191;Dennenkamp;Apeldoorn;20,7;2,1;10,1;0,8;5,5;0,7
18;NL:Q:40551192;Dennenkamp;Apeldoorn;3,0;17,2;0,8;7,4;0,2;5,1
18;NL:Q:40551193;Wildernislaan;Apeldoorn;1,3;2,0;0,4;1,2;0,4;0,3
18;NL:Q:40551195;Zonnewende;Apeldoorn;10,3;10,5;4,0;4,5;2,4;2,9
18;NL:Q:40551197;Top Naeffstraat;Apeldoorn;26,0;1,0;11,3;0,3;6,3;0,3
18;NL:Q:40551198;Top Naeffstraat;Apeldoorn;1,4;22,4;0,3;9,9;0,3;6,7
18;NL:Q:40551200;Ritbroekstraat;Apeldoorn;5,8;1,2;1,4;1,3;1,1;0,3
18;NL:Q:40551201;Ritbroekstraat;Apeldoorn;0,8;10,5;0,5;3,5;0,3;2,2
18;NL:Q:40551204;Pr. W. Alexanderlaan;Apeldoorn;9,0;0,5;4,2;0,1;2,4;0,1
18;NL:Q:40551205;Pr. W. Alexanderlaan;Apeldoorn;0,9;10,4;0,2;5,7;0,1;3,2
18;NL:Q:40551212;Schopenhauerstraat;Apeldoorn;12,6;10,8;7,9;8,2;5,5;4,2
18;NL:Q:40551213;Mandala/Kazerne;Apeldoorn;56,7;39,4;31,2;25,4;15,6;37,5
18;NL:Q:40551218;Christiaan Geurtsweg;Apeldoorn;2,0;0,6;1,0;0,3;0,3;0,2
18;NL:Q:40551222;Asselsestraat;Apeldoorn;7,0;1,8;2,7;1,0;2,4;0,5
18;NL:Q:40551223;Asselsestraat;Apeldoorn;1,0;8,2;0,4;5,7;0,2;3,9
18;NL:Q:40551224;Driehuizerweg;Apeldoorn;17,6;3,6;9,7;2,6;5,0;1,3
18;NL:Q:40551225;Driehuizerweg;Apeldoorn;4,9;11,8;2,0;9,2;0,6;6,5
18;NL:Q:40551238;Winkelc. De Mheen;Apeldoorn;5,8;40,0;3,6;26,8;0,9;10,6
18;NL:Q:40551239;Winkelc. De Mheen;Apeldoorn;28,3;0,7;21,4;0,5;7,9;0,1
18;NL:Q:40551240;Kruizemuntstraat;Apeldoorn;0,7;9,8;0,2;7,8;0,3;3,8
18;NL:Q:40551241;Kruizemuntstraat;Apeldoorn;8,4;0,3;5,5;0,2;2,6;0,0
18;NL:Q:40551244;Beethovenlaan;Apeldoorn;23,4;15,7;13,8;8,4;6,9;4,2
18;NL:Q:40551246;Condorweg;Apeldoorn;0,4;0,9;0,2;0,8;0,1;0,7
18;NL:Q:40551247;Condorweg;Apeldoorn;0,4;3,1;0,1;0,2;0,1;0,1
18;NL:Q:40551249;Goeman Borgesiusstraat;Apeldoorn;5,1;3,4;2,7;1,9;1,9;1,6
18;NL:Q:40551253;Kooikersdreef;Apeldoorn;14,0;3,4;11,0;2,6;6,2;1,4
18;NL:Q:40551257;Maasstraat;Apeldoorn;6,6;4,8;3,7;3,1;1,8;1,6
18;NL:Q:40551266;Ravenweg;Apeldoorn;11,8;6,2;11,2;4,7;4,5;2,8
18;NL:Q:40551267;Salomonszegel;Apeldoorn;2,2;82,7;0,8;52,1;0,4;20,7
18;NL:Q:40551268;Salomonszegel;Apeldoorn;43,3;1,3;35,3;0,5;14,8;0,3
18;NL:Q:40551270;Schaperstraat;Apeldoorn;1,8;4,8;1,5;3,0;1,1;1,4
18;NL:Q:40551271;Sporthal Zuiderpark;Apeldoorn;27,4;18,5;9,9;5,4;6,4;3,1
18;NL:Q:40551275;Treubstraat;Apeldoorn;13,2;11,5;8,2;5,4;4,2;2,9
18;NL:Q:40551276;Vaartse Rijn;Apeldoorn;9,1;8,4;5,8;4,6;3,1;2,9
18;NL:Q:40551277;Vaartse Rijn;Apeldoorn;7,4;8,8;3,4;5,6;2,1;2,7
18;NL:Q:40551281;Vonderlaan;Apeldoorn;1,8;7,7;1,4;5,6;0,8;2,4
18;NL:Q:40551284;Zevenhuizenseweg;Apeldoorn;0,4;9,3;0,4;8,0;0,2;5,3
18;NL:Q:40551285;Zevenhuizenseweg;Apeldoorn;8,5;0,4;5,8;0,4;3,9;0,3
18;NL:Q:40551286;Zonnedauw;Apeldoorn;1,6;11,4;0,8;9,9;0,4;4,7
18;NL:Q:40551287;Zonnedauw;Apeldoorn;10,9;1,6;9,6;0,4;4,0;0,5
18;NL:Q:40551288;Wilhelminapark;Apeldoorn;0,7;4,0;0,4;2,4;0,2;1,5
18;NL:Q:40551290;Zwitsal;Apeldoorn;7,4;0,7;0,0;0,0;0,0;0,0
18;NL:Q:40551291;Zwitsal;Apeldoorn;0,6;8,3;0,0;0,0;0,0;0,0
18;NL:Q:40551293;Waltersingel;Apeldoorn;74,5;71,4;8,5;20,6;5,9;14,8
18;NL:Q:40551298;Ruimzichtlaan;Apeldoorn;6,5;0,6;6,8;0,6;1,8;0,3
18;NL:Q:40551299;Ruimzichtlaan;Apeldoorn;0,8;7,4;0,9;7,0;0,3;1,6
18;NL:Q:40551302;Prinsenweide;Apeldoorn;5,0;0,2;0,0;0,0;0,0;0,0
18;NL:Q:40551303;Prinsenweide;Apeldoorn;0,3;2,3;0,0;0,0;0,0;0,0
18;NL:Q:40551309;Lage Brink;Apeldoorn;1,5;1,3;0,0;0,0;0,0;0,0
18;NL:Q:40551311;Lage Kamp;Apeldoorn;0,4;1,7;0,0;0,0;0,0;0,0
18;NL:Q:40551312;Lage Kamp;Apeldoorn;2,0;0,0;0,0;0,0;0,0;0,0
18;NL:Q:40551315;Kathage;Apeldoorn;1,3;3,6;0,0;0,0;0,0;0,0
18;NL:Q:40551317;Johan Steenbergenstraat;Apeldoorn;0,4;2,7;0,0;0,0;0,0;0,0
18;NL:Q:40551318;Johan Steenbergenstraat;Apeldoorn;3,5;1,0;0,0;0,0;0,0;0,0
18;NL:Q:40551320;Jachtlaan;Apeldoorn;13,7;11,6;4,4;3,1;3,3;1,8
18;NL:Q:40551321;Hogekampweg;Apeldoorn;0,1;1,6;0,0;0,0;0,0;0,0
18;NL:Q:40551322;Hogekampweg;Apeldoorn;0,9;0,0;0,0;0,0;0,0;0,0
18;NL:Q:40551323;Hezeweg;Apeldoorn;0,9;7,9;1,2;7,1;0,4;2,7
18;NL:Q:40551324;Hezeweg;Apeldoorn;6,3;0,6;4,9;0,3;1,9;0,2
18;NL:Q:40551325;Hattemseweg;Apeldoorn;0,2;6,3;0,2;0,9;0,1;0,5
18;NL:Q:40551326;Hattemseweg;Apeldoorn;7,2;0,3;0,6;0,1;0,2;0,1
18;NL:Q:40551330;Erasmusstraat;Apeldoorn;198,1;60,7;0,0;0,0;0,0;0,0
18;NL:Q:40551331;Erasmusstraat;Apeldoorn;1,4;91,7;0,0;0,0;0,0;0,0
18;NL:Q:40551334;Elleboogweg;Apeldoorn;5,4;0,3;2,8;0,0;1,1;0,0
18;NL:Q:40551335;Elleboogweg;Apeldoorn;0,2;3,8;0,1;2,6;0,1;1,4
18;NL:Q:40551336;Einsteinlaan;Apeldoorn;3,9;0,5;0,0;0,0;0,0;0,0
18;NL:Q:40551337;Einsteinlaan;Apeldoorn;0,6;5,4;0,0;0,0;0,0;0,0
18;NL:Q:40551340;Curiestraat;Apeldoorn;12,0;0,1;0,0;0,0;0,0;0,0
18;NL:Q:40551341;Curiestraat;Apeldoorn;15,1;25,7;8,9;16,2;6,8;9,4
18;NL:Q:40551345;2e Beukenlaan;Apeldoorn;2,4;4,3;1,3;4,0;0,5;1,6
18;NL:Q:40551354;Kraaienweg;Apeldoorn;6,2;5,5;5,2;4,4;2,0;2,2
18;NL:Q:40551362;Auroralaan;Apeldoorn;1,0;13,1;1,0;7,4;0,2;3,4
18;NL:Q:40551370;Kinderboerderij Laag Buurlo;Apeldoorn;22,3;22,2;11,5;13,1;6,5;6,9
18;NL:Q:40551377;Schaperstraat;Apeldoorn;2,4;1,0;1,1;0,7;0,5;0,3
18;NL:Q:40551385;Dubbelbeek;Apeldoorn;10,2;6,8;5,0;4,8;2,4;3,5
18;NL:Q:40551388;Ordenplein;Apeldoorn;36,1;46,9;19,0;23,4;9,0;10,3
18;NL:Q:40551390;Mandala/Kazerne;Apeldoorn;22,1;13,6;9,2;6,1;6,5;7,7
18;NL:Q:40551422;Tangostraat;Apeldoorn;0,4;16,7;0,3;15,1;0,2;6,0
18;NL:Q:40551423;Tangostraat;Apeldoorn;31,1;1,6;27,7;0,7;5,5;0,1
18;NL:Q:40551424;Citroenvlinder;Apeldoorn;1,3;48,5;0,6;24,0;0,5;12,0
18;NL:Q:40551425;Citroenvlinder;Apeldoorn;53,0;0,4;26,5;0,3;11,7;0,1
18;NL:Q:40551428;Zuidbroek;Apeldoorn;4,6;5,4;2,4;3,3;0,9;1,3
18;NL:Q:40551430;De Spinozastraat;Apeldoorn;18,9;15,0;11,7;9,8;5,7;5,2
18;NL:Q:40551451;Prinses Beatrixlaan;Apeldoorn;0,4;8,1;0,1;2,5;1,3;1,2
18;NL:Q:40551452;Prinses Beatrixlaan;Apeldoorn;6,5;1,1;3,2;0,2;1,1;0,1
18;NL:Q:40551455;Lekstraat;Apeldoorn;12,1;9,1;5,9;6,3;4,3;3,3
18;NL:Q:40551456;Lekstraat;Apeldoorn;13,0;17,0;9,9;9,9;4,7;6,3
18;NL:Q:40551469;Bartelsweg;Apeldoorn;0,7;11,3;0,5;3,4;0,1;2,2
18;NL:Q:40551470;Bartelsweg;Apeldoorn;9,8;1,0;1,5;0,1;1,5;0,2
18;NL:Q:40551473;Aidastraat;Apeldoorn;2,0;24,0;1,0;22,6;1,5;17,0
18;NL:Q:40551474;Aidastraat;Apeldoorn;31,3;1,4;33,2;1,0;22,8;1,3
18;NL:Q:40551476;De Veenkamp;Apeldoorn;31,7;6,1;23,3;2,4;11,0;1,0
18;NL:Q:40551477;Bas Backerlaan;Apeldoorn;8,5;2,8;3,7;1,1;1,9;0,5
18;NL:Q:40551503;De Bovenkruier;Apeldoorn;10,9;0,4;6,7;0,3;5,5;0,1
18;NL:Q:40551504;De Bovenkruier;Apeldoorn;1,3;14,5;0,2;9,2;0,2;5,9
18;NL:Q:40551505;Wilhelm Tellstraat;Apeldoorn;10,3;0,9;6,0;0,7;5,4;0,4
18;NL:Q:40551506;Wilhelm Tellstraat;Apeldoorn;0,5;13,2;0,6;8,3;0,2;5,4
18;NL:Q:40551509;Hoenderloseweg;Apeldoorn;2,4;4,6;1,7;3,5;0,7;2,1
18;NL:Q:40551513;Oesterzwam;Apeldoorn;2,8;30,8;1,8;17,9;0,9;8,4
18;NL:Q:40551514;Oesterzwam;Apeldoorn;32,8;0,3;15,8;0,1;6,8;0,1
18;NL:Q:40551515;Saba;Apeldoorn;13,0;16,5;0,0;0,0;0,0;0,0
18;NL:Q:40551994;Arendsburght;Apeldoorn;7,7;10,2;8,7;13,4;2,7;4,1
18;NL:Q:41601071;GGNet;Apeldoorn;5,1;2,0;0,3;0,0;0,1;0,1
18;NL:Q:41601073;Drostendijk;Apeldoorn;0,9;0,0;0,0;0,0;0,0;0,0
18;NL:Q:41601074;Drostendijk;Apeldoorn;0,9;0,9;0,0;0,0;0,0;0,1
18;NL:Q:41607001;Woudweg;Teuge;0,9;0,1;0,1;0,0;0,0;0,0
18;NL:Q:41607002;Woudweg;Teuge;0,3;1,8;0,0;0,1;0,0;0,1
18;NL:Q:41607003;De Wacht;Teuge;0,7;2,6;0,0;1,1;0,2;0,4
18;NL:Q:41607004;De Wacht;Teuge;2,2;0,4;0,6;0,1;0,1;0,0
18;NL:Q:41607011;'t Wezeveld;Twello;0,1;0,9;0,0;0,2;0,0;0,2
18;NL:Q:41607013;Rijksstraatweg;Teuge;2,5;0,2;1,8;0,0;0,5;0,0
18;NL:Q:41607014;Rijksstraatweg;Teuge;0,4;3,6;0,1;1,6;0,0;0,6
18;NL:Q:41706003;Gemeentehuis;Twello;5,4;6,4;0,4;0,6;0,3;0,1
18;NL:Q:41706006;M. de Ruyterstraat;Twello;1,4;0,9;0,2;0,0;0,1;0,0
18;NL:Q:41706008;Piet Heinstraat;Twello;5,1;4,4;0,0;0,0;0,0;0,0
18;NL:Q:41706012;Beethovenlaan;Twello;0,4;0,4;0,0;0,1;0,0;0,1
18;NL:Q:41706013;Station;Twello;3,7;9,1;0,4;1,7;0,1;0,7
18;NL:Q:41706014;Bachstraat;Twello;2,5;2,2;0,1;0,1;0,1;0,1
18;NL:Q:41706018;Molenstraat;Twello;2,4;2,0;0,1;0,0;0,0;0,0
18;NL:Q:41706020;Oude Rijksstraatweg;Twello;1,8;0,9;0,1;0,0;0,2;0,0
18;NL:Q:41706027;Stationsstraat;Twello;0,2;3,5;0,0;0,1;0,0;0,0
18;NL:Q:41707012;'t Wezeveld;Teuge;0,4;0,0;0,1;0,0;0,0;0,0
18;NL:Q:60000094;Aalbert Cuyplaan;Apeldoorn;14,9;21,6;10,3;15,2;5,5;7,0
18;NL:Q:60000096;Auroralaan;Apeldoorn;12,8;1,1;5,9;0,7;3,2;0,2
18;NL:Q:60000102;Burg. Rosmalen Nepveulaan;Apeldoorn;4,6;2,6;2,9;2,1;1,1;0,8
18;NL:Q:60000108;De Cloese;Apeldoorn;15,0;12,8;7,2;6,9;2,6;2,6
18;NL:Q:60000111;Edelweisslaan;Apeldoorn;1,0;6,8;0,8;4,7;0,3;1,4
18;NL:Q:60000113;Emmaplein;Apeldoorn;1,8;7,8;0,5;4,7;0,4;3,0
18;NL:Q:60000115;Ferd. Bollaan;Apeldoorn;7,9;5,1;5,7;3,9;3,1;2,6
18;NL:Q:60000125;Het Kasteel;Apeldoorn;10,1;13,3;7,5;9,4;3,9;5,5
18;NL:Q:60000126;Hoge Dries;Apeldoorn;4,7;18,2;1,4;10,3;0,9;7,3
18;NL:Q:60000127;Hoofdstraat;Apeldoorn;71,1;17,1;73,8;14,9;17,6;3,4
18;NL:Q:60000134;Koning Lodewijklaan;Apeldoorn;11,2;6,2;10,4;5,8;3,3;1,8
18;NL:Q:60000142;Lippe Biesterfeldstraat;Apeldoorn;18,1;18,2;7,6;8,9;4,0;4,2
18;NL:Q:60000145;Marechausseekazerne;Apeldoorn;10,1;22,7;7,9;4,7;4,0;2,4
18;NL:Q:60000148;Mauvestraat;Apeldoorn;14,6;8,6;11,9;7,9;6,3;5,0
18;NL:Q:60000149;Marchantstraat;Apeldoorn;11,6;26,0;5,5;11,8;3,0;8,0
18;NL:Q:60000153;Orderparkweg;Apeldoorn;10,3;3,2;4,4;2,0;2,1;0,8
18;NL:Q:60000155;Orpheus;Apeldoorn;6,2;1,0;4,6;1,3;1,8;0,2
18;NL:Q:60000158;FizzionParc;Apeldoorn;10,2;14,3;0,0;0,0;0,0;0,0
18;NL:Q:60000159;Paulus Potterlaan;Apeldoorn;9,0;11,9;5,1;6,9;2,2;5,7
18;NL:Q:60000160;Achmea;Apeldoorn;64,2;97,0;0,0;0,0;0,0;0,0
18;NL:Q:60000161;Ptolemaeusstraat;Apeldoorn;0,0;1,5;0,0;1,1;0,0;0,0
18;NL:Q:60000162;Pythagorasstraat;Apeldoorn;0,3;5,3;0,2;4,0;0,0;0,0
18;NL:Q:60000167;Reigersweg;Apeldoorn;5,1;2,9;3,7;2,5;2,1;1,0
18;NL:Q:60000168;Rembrandtlaan;Apeldoorn;13,9;9,0;8,7;6,8;5,0;2,2
18;NL:Q:60000171;Robijnstraat;Apeldoorn;18,3;10,7;12,1;6,9;5,3;4,0
18;NL:Q:60000172;De Savornin Lohmanstraat;Apeldoorn;4,1;15,0;2,2;6,7;1,0;4,4
18;NL:Q:60000173;De Savornin Lohmanstraat;Apeldoorn;8,9;4,1;0,0;0,0;0,0;0,0
18;NL:Q:60000183;Stephensonstraat;Apeldoorn;16,2;57,4;9,1;13,3;5,2;7,7
18;NL:Q:60000185;Talingweg;Apeldoorn;17,7;10,1;14,1;7,2;6,7;3,5
18;NL:Q:60000186;Talma Borgh;Apeldoorn;19,6;32,1;16,1;21,6;6,8;11,3
18;NL:Q:60000191;Treverilaan;Apeldoorn;7,9;4,8;4,4;2,7;4,0;1,4
18;NL:Q:60000192;Tuinmanslaan;Apeldoorn;7,8;6,9;7,8;6,6;4,1;2,8
18;NL:Q:60000195;Valeriuslaan;Apeldoorn;10,4;10,3;6,3;6,4;4,0;5,1
18;NL:Q:60000196;Veenhuizerweg;Apeldoorn;7,4;0,7;5,0;0,2;2,2;0,0
18;NL:Q:60000203;Zuster Meyboomlaan;Apeldoorn;5,3;13,1;4,0;8,1;3,1;4,7
18;NL:Q:60001150;Mercatorplein;Apeldoorn;16,9;44,5;13,2;34,8;5,6;17,8
18;NL:Q:60002204;Wulpenlaan;Apeldoorn;0,9;0,4;0,4;0,2;0,1;0,1
18;NL:Q:60002205;Zanderijweg;Apeldoorn;22,1;29,3;15,9;15,5;7,4;9,5
18;NL:Q:60002208;Ptolemaeusstraat;Apeldoorn;4,1;0,3;2,6;0,2;0,0;0,0
18;NL:Q:60002210;Pythagorasstraat;Apeldoorn;0,3;0,1;0,2;0,0;0,0;0,0
19;NL:Q:25839175;GSG Pieter Zandt;Kampen;22,9;27,2;0,0;0,0;0,0;0,0
19;NL:Q:40001230;Landgoed Rosorum;Arnhem;2,2;15,9;1,2;4,8;0,6;2,5
19;NL:Q:40001240;Landgoed Rosorum;Arnhem;4,1;2,6;0,8;0,4;0,4;0,3
19;NL:Q:40001250;Schelmseweg;Arnhem;11,0;2,4;10,2;1,2;5,0;1,0
19;NL:Q:40001260;Amsterdamseweg/Het Dorp;Arnhem;18,8;0,9;5,2;0,2;4,3;0,3
19;NL:Q:40001270;Amsterdamseweg/Het Dorp;Arnhem;1,7;29,9;0,8;7,4;0,7;6,2
19;NL:Q:40001530;Roermondsplein;Arnhem;0,6;0,2;0,4;0,0;0,2;0,0
19;NL:Q:40001740;Middenweg;Arnhem;0,3;0,5;0,0;0,0;0,0;0,0
19;NL:Q:40001750;Marktplein (Geitenkamp);Arnhem;2,5;0,7;0,0;0,0;0,0;0,0
19;NL:Q:40001760;Marktplein (Geitenkamp);Arnhem;1,4;14,8;0,0;0,0;0,0;0,0
19;NL:Q:40002901;Monnikensteeg;Arnhem;0,3;0,1;0,0;0,0;0,0;0,0
19;NL:Q:40003030;Rozet;Arnhem;15,5;4,9;12,4;2,1;3,7;0,7
19;NL:Q:40003040;Rozet;Arnhem;2,3;23,8;1,8;22,0;0,5;7,0
19;NL:Q:40003070;Eusebiuskerk;Arnhem;15,0;15,9;16,7;1,8;4,1;0,3
19;NL:Q:40003080;Eusebiuskerk;Arnhem;6,0;27,4;2,4;36,1;0,2;9,7
19;NL:Q:40003570;Sonsbeek;Arnhem;29,0;102,5;9,0;17,6;5,3;18,2
19;NL:Q:40003580;Sonsbeek;Arnhem;43,4;39,1;5,0;11,8;4,1;9,2
19;NL:Q:40003650;Wielewaalstraat/Hoogte80;Arnhem;0,1;0,3;0,0;0,0;0,0;0,0
19;NL:Q:40003660;Wielewaalstraat/Hoogte80;Arnhem;0,3;0,1;0,0;0,0;0,0;0,0
19;NL:Q:40003670;Dominee Bechtlaan;Arnhem;0,1;0,1;0,0;0,0;0,0;0,0
19;NL:Q:40003680;Dominee Bechtlaan;Arnhem;0,2;0,4;0,0;0,0;0,0;0,0
19;NL:Q:40004009;Centraal Station;Arnhem;1106,8;715,8;360,6;255,5;235,8;175,0
19;NL:Q:40004018;Willemsplein;Arnhem;400,3;6,3;189,2;1,9;115,0;2,3
19;NL:Q:40004020;Willemsplein;Arnhem;9,7;427,0;4,0;190,1;3,2;106,3
19;NL:Q:40004730;Keulse Slag;Arnhem;35,0;20,3;14,1;12,9;5,0;4,8
19;NL:Q:40004740;Keulse Slag;Arnhem;47,0;40,4;28,1;19,8;10,3;5,9
19;NL:Q:40004750;Zuilesteinlaan/HTS;Arnhem;5,7;0,1;0,0;0,0;0,0;0,0
19;NL:Q:40004760;Zuilesteinlaan/HTS;Arnhem;0,1;24,5;0,0;0,0;0,0;0,0
19;NL:Q:40005230;Kloosterstraat;Arnhem;0,1;0,1;0,0;0,0;0,0;0,0
19;NL:Q:40005240;Middenweg;Arnhem;0,4;0,1;0,0;0,0;0,0;0,0
19;NL:Q:40005260;Kloosterstraat;Arnhem;4,4;0,1;0,0;0,0;0,0;0,0
19;NL:Q:40005270;Brederostraat;Arnhem;0,1;0,4;0,0;0,0;0,0;0,0
19;NL:Q:40005280;Brederostraat;Arnhem;4,1;0,0;0,0;0,0;0,0;0,0
19;NL:Q:40005290;Couperusstraat;Arnhem;0,1;1,5;0,0;0,0;0,0;0,0
19;NL:Q:40005300;Couperusstraat;Arnhem;1,1;0,1;0,0;0,0;0,0;0,0
19;NL:Q:40005500;Stadskantoor;Arnhem;2,4;14,2;1,4;5,7;0,2;1,4
19;NL:Q:40006570;Badhuisstraat;Arnhem;6,5;6,9;2,2;3,6;0,5;0,6
19;NL:Q:40006580;Badhuisstraat;Arnhem;5,6;4,0;5,0;2,7;1,0;0,5
19;NL:Q:40006590;Stadskantoor;Arnhem;17,7;9,2;3,8;1,1;1,1;0,2
19;NL:Q:40006650;Van Oldenbarneveldtstraat;Arnhem;1,2;16,8;0,4;1,6;0,1;0,4
19;NL:Q:40006660;Van Oldenbarneveldtstraat;Arnhem;8,1;3,4;1,7;0,4;0,1;0,3
19;NL:Q:40006670;Haven;Arnhem;2,2;12,7;0,8;2,5;0,2;0,6
19;NL:Q:40006680;Haven;Arnhem;6,3;2,7;2,1;0,6;0,2;0,0
19;NL:Q:40006690;Dr. C. Lelyweg Zuid;Arnhem;1,3;6,0;1,1;1,2;0,7;0,2
19;NL:Q:40006700;Dr. C. Lelyweg Zuid;Arnhem;5,0;2,0;3,2;2,4;0,9;0,7
19;NL:Q:40006710;Kleefse Waard;Arnhem;13,7;42,5;0,3;1,0;0,1;0,1
19;NL:Q:40006720;Kleefse Waard;Arnhem;17,6;18,9;1,7;0,2;0,1;0,1
19;NL:Q:40006731;Bruningweg;Arnhem;2,5;14,4;0,2;1,2;0,1;0,2
19;NL:Q:40006741;Bruningweg;Arnhem;10,3;4,2;0,7;0,4;0,1;0,0
19;NL:Q:40006750;P. Calandweg;Arnhem;4,8;4,3;1,7;1,5;0,3;0,3
19;NL:Q:40006760;P. Calandweg;Arnhem;4,1;5,0;2,4;1,4;0,8;0,4
19;NL:Q:40006770;Slaakweg;Arnhem;2,9;5,6;0,7;4,4;0,2;1,0
19;NL:Q:40006780;Slaakweg;Arnhem;4,6;5,8;2,9;2,6;0,7;0,8
19;NL:Q:40006790;Lange Wal;Arnhem;12,4;11,3;5,3;6,7;1,6;2,7
19;NL:Q:40008550;Centraal Station (Sonsbeek);Arnhem;83,1;2,4;28,5;0,6;24,0;0,5
19;NL:Q:40008560;Centraal Station (Sonsbeek);Arnhem;1,0;91,1;0,7;38,5;0,1;33,6
19;NL:Q:40008570;Burg. Weertsstraat;Arnhem;7,8;22,9;3,2;11,4;3,4;8,2
19;NL:Q:40008580;Burg. Weertsstraat;Arnhem;6,7;6,4;5,0;3,9;0,9;3,7
19;NL:Q:40008840;Brekelenkampstraat;Arnhem;4,9;4,8;4,3;1,2;1,1;0,8
19;NL:Q:40009043;Saksen Weimar Kazerne;Arnhem;0,1;9,6;0,0;0,0;0,0;0,0
19;NL:Q:40009065;Dalweg;Arnhem;3,5;5,6;1,3;1,5;0,9;0,9
19;NL:Q:40009066;Dalweg;Arnhem;6,3;9,8;1,6;4,9;1,4;4,2
19;NL:Q:40009067;De Braamberg;Arnhem;66,8;15,8;8,3;2,5;5,7;2,1
19;NL:Q:40009068;De Braamberg;Arnhem;11,7;68,4;1,9;11,2;1,6;9,2
19;NL:Q:40009069;Moscowa;Arnhem;42,0;39,3;15,0;5,4;11,1;3,0
19;NL:Q:40009107;Elsweide/HAN;Arnhem;11,0;0,2;0,0;0,0;0,0;0,0
19;NL:Q:40009581;CIOS;Arnhem;5,0;0,2;0,0;0,0;0,0;0,0
19;NL:Q:40059041;Golflinks;Arnhem;16,6;11,4;10,8;4,2;6,6;1,5
19;NL:Q:40059042;Golflinks;Arnhem;10,8;20,0;3,4;11,9;1,9;6,9
19;NL:Q:40059070;Moscowa;Arnhem;38,9;64,5;3,7;23,2;2,6;15,6
19;NL:Q:40120030;Hotel De Roskam;Rheden;2,8;1,7;3,0;1,3;1,0;0,6
19;NL:Q:40120050;Beekhuizenseweg;Velp;3,3;23,7;1,7;13,2;0,8;1,8
19;NL:Q:40120060;Beekhuizenseweg;Velp;22,2;2,8;11,3;1,4;2,6;1,0
19;NL:Q:40120070;A.G. Hofkeslaan;Velp;1,7;3,0;1,2;2,2;0,6;0,9
19;NL:Q:40120080;A.G. Hofkeslaan;Velp;3,4;2,1;2,4;1,4;0,7;0,5
19;NL:Q:40120090;Oosterwolde;Velp;1,9;1,1;1,6;0,7;0,4;0,3
19;NL:Q:40120100;Oosterwolde;Velp;1,2;1,7;0,4;0,9;0,2;0,7
19;NL:Q:40120110;Gasthuislaan;Velp;7,5;4,5;7,2;1,1;2,4;0,5
19;NL:Q:40120140;Reigerstraat;Velp;2,1;4,2;0,5;3,3;0,3;1,1
19;NL:Q:40120150;Gruttostraat;Velp;18,6;23,0;11,8;3,0;3,1;0,7
19;NL:Q:40120160;Gruttostraat;Velp;25,5;19,4;1,6;9,1;0,9;2,6
19;NL:Q:40123990;Ziekenhuis/Waterstraat;Velp;11,9;16,9;3,7;13,7;1,7;3,4
19;NL:Q:40124000;Ziekenhuis/Waterstraat;Velp;12,9;4,5;15,4;1,8;4,4;0,6
19;NL:Q:40124030;Haverland;Velp;3,9;6,2;2,6;7,6;0,9;3,0
19;NL:Q:40124040;Haverland;Velp;7,2;2,3;10,4;1,9;2,7;1,0
19;NL:Q:40124050;Graaf Ottostraat;Velp;5,6;8,3;2,5;8,4;1,1;2,2
19;NL:Q:40124060;Graaf Ottostraat;Velp;9,3;4,6;13,1;2,3;3,0;1,6
19;NL:Q:40124070;Graaf Gerhardstraat;Velp;7,0;10,1;2,1;4,3;0,7;1,8
19;NL:Q:40124080;Graaf Gerhardstraat;Velp;14,6;7,2;7,7;2,0;2,4;0,7
19;NL:Q:40124090;Brekelenkampstraat;Arnhem;4,3;6,9;1,4;3,2;0,8;1,1
19;NL:Q:40160030;Schelmseweg;Arnhem;2,1;21,3;1,3;11,9;0,6;8,9
19;NL:Q:40160070;Maasbergseweg;Arnhem;0,4;16,2;0,1;5,7;0,0;4,2
19;NL:Q:40160080;De Leeren Doedel;Arnhem;1,5;0,4;2,2;0,2;1,5;0,1
19;NL:Q:40160090;De Leeren Doedel;Arnhem;0,2;2,6;0,1;3,2;0,1;2,4
19;NL:Q:40160110;De Vijverberg;Arnhem;0,1;0,5;0,1;0,6;0,2;0,6
19;NL:Q:40160120;De Vijverberg;Arnhem;0,4;0,5;0,5;0,1;0,6;0,2
19;NL:Q:40160130;Klein Warnsborn;Arnhem;1,7;3,3;0,3;1,5;0,2;2,4
19;NL:Q:40160140;Klein Warnsborn;Arnhem;2,0;0,8;0,9;0,2;0,8;0,1
19;NL:Q:40169091;Van der Valk/Papendal;Arnhem;39,5;6,3;38,6;1,7;21,2;1,3
19;NL:Q:40169092;Van der Valk/Papendal;Arnhem;3,2;72,8;1,2;41,1;0,8;32,3
19;NL:Q:40169093;Revalidatie Centrum BIO;Arnhem;3,2;0,6;1,0;0,1;0,6;0,0
19;NL:Q:40169094;Revalidatie Centrum BIO;Arnhem;0,1;2,0;0,0;1,0;0,1;0,2
19;NL:Q:40169095;Grijsoord;Arnhem;0,2;0,1;0,2;0,1;0,0;0,0
19;NL:Q:40169096;Grijsoord;Arnhem;0,2;0,4;0,0;0,3;0,0;0,2
19;NL:Q:40169098;'s-Koonings Jaght;Arnhem;0,8;43,6;0,2;13,9;0,2;10,5
19;NL:Q:40258001;Schalterdalweg;Woeste Hoeve;3,6;4,1;4,5;2,9;2,9;2,1
19;NL:Q:40269001;Oud Reemsterweg;Oud Reemst;0,6;0,2;0,5;0,1;0,7;0,2
19;NL:Q:40269002;Oud Reemsterweg;Oud Reemst;0,2;0,9;0,2;0,8;0,2;0,8
19;NL:Q:40269003;Huize Jeekel;Oud Reemst;0,1;0,2;0,2;0,1;0,1;0,2
19;NL:Q:40269004;Huize Jeekel;Oud Reemst;0,1;0,2;0,0;0,1;0,0;0,2
19;NL:Q:40269097;'s-Koonings Jaght;Arnhem;34,4;1,1;12,6;0,4;10,1;0,5
19;NL:Q:40300170;Telefoonweg;Renkum;1,4;0,8;0,0;0,0;0,0;0,0
19;NL:Q:40344001;Apeldoornseweg;'s Heeren Loo;18,7;5,3;5,7;1,0;5,0;1,1
19;NL:Q:40344002;Apeldoornseweg;'s Heeren Loo;4,2;20,6;1,6;6,0;1,3;4,6
19;NL:Q:40351001;Stoppelbergweg;Beekbergen;3,1;5,4;2,4;5,2;1,9;4,3
19;NL:Q:40351002;Stoppelbergweg;Beekbergen;4,9;3,6;6,1;2,3;3,9;1,9
19;NL:Q:40351003;Vossenfarm;Beekbergen;0,6;2,9;0,6;2,3;0,3;1,0
19;NL:Q:40351004;Vossenfarm;Beekbergen;1,9;0,7;1,9;0,6;0,7;0,2
19;NL:Q:40351006;Berg en Dalweg;Beekbergen;2,0;3,3;1,6;1,8;0,9;2,1
19;NL:Q:40358002;Schalterdalweg;Woeste Hoeve;3,1;5,1;2,4;5,2;2,1;3,6
19;NL:Q:40360001;'t Lage Veld;Otterlo;3,1;1,8;3,8;1,2;3,3;1,1
19;NL:Q:40360002;'t Lage Veld;Otterlo;1,5;3,7;0,9;3,6;1,2;2,3
19;NL:Q:40360003;De Zanding;Otterlo;5,5;2,6;4,8;1,8;4,7;1,1
19;NL:Q:40360004;De Zanding;Otterlo;1,7;5,2;1,0;4,0;1,3;1,8
19;NL:Q:40360005;Onderlangs;Otterlo;8,9;2,6;4,4;1,5;4,0;0,6
19;NL:Q:40360006;Onderlangs;Otterlo;1,9;10,2;1,1;5,4;1,1;3,8
19;NL:Q:40360007;Centrum;Otterlo;29,7;2,7;33,4;1,8;30,0;1,7
19;NL:Q:40360008;Centrum;Otterlo;3,0;22,7;2,6;21,7;2,3;20,4
19;NL:Q:40360009;Rotonde;Otterlo;70,5;62,6;53,9;33,4;49,5;30,0
19;NL:Q:40360010;Rotonde;Otterlo;60,0;74,8;39,8;59,1;41,2;44,2
19;NL:Q:40360013;Rotonde;Otterlo;34,9;41,7;16,8;10,2;12,0;5,2
19;NL:Q:40360014;Rotonde;Otterlo;43,3;26,8;10,1;13,0;4,6;12,8
19;NL:Q:40360019;Begraafplaats;Otterlo;0,4;0,6;0,6;1,2;0,6;1,1
19;NL:Q:40360020;Begraafplaats;Otterlo;0,3;0,4;0,5;0,2;0,7;0,5
19;NL:Q:40361002;Museum Schietkamp;Harskamp;1,3;5,0;0,7;1,1;0,2;0,8
19;NL:Q:40362008;Ingang Otterlo;De Hoge Veluwe;0,6;6,1;0,6;16,0;0,9;15,2
19;NL:Q:40374001;Centrum;Hoenderloo;9,5;15,2;7,7;12,0;7,7;8,5
19;NL:Q:40374002;Centrum;Hoenderloo;14,9;7,6;12,5;5,8;9,6;3,8
19;NL:Q:40374005;Krimweg Dorp;Hoenderloo;2,5;6,0;1,7;3,4;1,1;3,2
19;NL:Q:40374006;Krimweg Dorp;Hoenderloo;3,8;2,9;3,7;2,0;2,7;1,3
19;NL:Q:40374011;Hoenderloo Groep;Hoenderloo;4,9;4,5;1,9;2,2;1,6;3,2
19;NL:Q:40374012;Hoenderloo Groep;Hoenderloo;8,1;5,6;4,6;4,0;3,7;7,0
19;NL:Q:40374013;Miggelenbergweg;Hoenderloo;4,1;17,4;2,4;12,4;3,3;11,5
19;NL:Q:40374014;Miggelenbergweg;Hoenderloo;15,8;4,7;10,2;3,3;7,0;2,0
19;NL:Q:40400080;Arboretumlaan;Wageningen;0,8;11,9;0,8;10,2;0,5;15,0
19;NL:Q:40400085;Arboretumlaan;Wageningen;8,5;1,2;7,3;0,7;5,8;1,0
19;NL:Q:40402017;Bosweg;Bennekom;10,1;2,6;6,0;2,5;4,2;2,1
19;NL:Q:40406007;Dolderstraat;Wageningen;20,2;4,3;16,5;3,6;12,8;3,0
19;NL:Q:40406008;Dolderstraat;Wageningen;3,8;12,9;2,8;9,9;1,4;14,2
19;NL:Q:40406009;Nobelweg;Wageningen;77,9;12,3;70,5;6,7;41,8;4,4
19;NL:Q:40406010;Nobelweg;Wageningen;16,5;46,0;6,4;30,3;3,5;66,4
19;NL:Q:40406011;Mansholtlaan;Wageningen;12,7;1,2;6,5;1,6;4,6;0,9
19;NL:Q:40406012;Mansholtlaan;Wageningen;1,6;17,4;0,7;4,7;0,3;8,4
19;NL:Q:40406013;Buissteeg;Wageningen;5,3;1,9;5,1;2,3;3,9;0,6
19;NL:Q:40406014;Buissteeg;Wageningen;1,9;10,2;2,9;6,6;0,8;7,3
19;NL:Q:40406019;Haagsteeg;Wageningen;455,1;58,3;301,5;15,8;162,6;18,1
19;NL:Q:40406020;Haagsteeg;Wageningen;54,2;399,5;12,8;229,8;14,7;433,3
19;NL:Q:40406021;Business- en Science Park;Wageningen;152,5;28,0;83,4;14,6;54,6;11,8
19;NL:Q:40406022;Business- en Science Park;Wageningen;24,9;141,1;13,3;65,0;14,4;92,2
19;NL:Q:40406023;Dijkgraaf;Wageningen;91,1;11,7;143,1;17,0;87,8;11,9
19;NL:Q:40406024;Dijkgraaf;Wageningen;9,5;86,4;17,1;129,8;9,5;136,4
19;NL:Q:40406025;Bornsesteeg;Wageningen;98,3;40,1;195,9;36,9;106,0;25,2
19;NL:Q:40406026;Bornsesteeg;Wageningen;31,8;88,8;38,8;173,7;23,8;196,4
19;NL:Q:40406027;Hoevestein;Wageningen;160,4;24,2;129,8;12,5;74,2;9,4
19;NL:Q:40406028;Hoevestein;Wageningen;21,7;141,8;10,1;141,0;8,2;207,1
19;NL:Q:40406029;Campus/Atlas;Wageningen;397,4;39,0;70,8;9,6;36,8;6,8
19;NL:Q:40406030;Campus/Atlas;Wageningen;38,1;418,9;9,9;72,2;9,5;81,0
19;NL:Q:40406035;Busstation;Wageningen;851,5;809,2;678,7;541,5;413,3;651,4
19;NL:Q:40406051;Geertjesweg;Wageningen;28,7;1,5;27,8;1,2;15,9;0,7
19;NL:Q:40406052;Geertjesweg;Wageningen;1,7;17,4;1,2;13,3;0,6;28,0
19;NL:Q:40407021;Mondriaanlaan;Wageningen;112,4;14,5;0,0;0,0;3,6;1,0
19;NL:Q:40407022;Mondriaanlaan;Wageningen;12,1;90,0;0,0;0,0;0,3;32,2
19;NL:Q:40407023;Campus/Forum;Wageningen;373,9;109,5;0,0;0,0;1,8;1,6
19;NL:Q:40407024;Campus/Forum;Wageningen;118,8;307,5;0,0;0,0;1,4;57,1
19;NL:Q:40432001;De Harmonie;Laag-Soeren;10,4;2,2;5,7;1,7;1,6;0,3
19;NL:Q:40432002;De Harmonie;Laag-Soeren;2,0;11,5;1,2;5,0;0,4;1,9
19;NL:Q:40433002;'t Veentje;Eerbeek;0,2;1,4;0,2;0,3;0,0;0,3
19;NL:Q:40441001;Harderwijkerweg;Loenen;3,2;3,7;0,7;1,4;0,3;0,3
19;NL:Q:40441003;Bergakkerweg;Loenen;1,3;7,4;1,2;2,3;0,3;0,9
19;NL:Q:40441004;Bergakkerweg;Loenen;7,8;1,9;2,2;1,3;0,7;0,4
19;NL:Q:40441005;Bruisbeek;Loenen;7,3;18,3;3,3;5,5;0,8;1,9
19;NL:Q:40441006;Bruisbeek;Loenen;20,7;6,1;8,9;3,2;3,1;1,0
19;NL:Q:40441007;Leeuwenbergweg;Loenen;4,0;17,6;2,0;7,0;0,7;2,3
19;NL:Q:40441008;Leeuwenbergweg;Loenen;14,4;3,9;6,9;1,3;2,6;0,3
19;NL:Q:40441009;Hoge Bergweg;Loenen;2,8;12,2;1,5;6,2;0,5;1,8
19;NL:Q:40441010;Hoge Bergweg;Loenen;11,9;3,9;8,9;1,9;3,1;0,7
19;NL:Q:40441011;Hoofdweg;Lieren;0,5;0,2;0,0;0,0;0,0;0,0
19;NL:Q:40441014;Voorsterweg;Lieren;2,4;2,4;0,0;0,0;0,0;0,0
19;NL:Q:40451005;Berg en Dalweg;Beekbergen;2,9;3,0;1,4;2,0;1,3;2,8
19;NL:Q:40451007;De Smittenberg;Beekbergen;30,4;25,1;17,1;14,7;13,4;15,2
19;NL:Q:40451008;De Smittenberg;Beekbergen;16,7;29,7;15,2;16,4;11,7;11,9
19;NL:Q:40451009;Hagenbrug;Beekbergen;19,2;31,6;7,7;17,8;6,4;10,3
19;NL:Q:40451010;Hagenbrug;Beekbergen;24,2;17,2;15,1;6,9;7,1;5,1
19;NL:Q:40451013;De Wipselberg;Beekbergen;0,7;3,8;0,3;3,9;0,1;1,3
19;NL:Q:40451014;De Wipselberg;Beekbergen;3,0;0,9;3,7;0,6;1,8;0,7
19;NL:Q:40451015;Hulleweg;Beekbergen;0,5;4,4;0,3;3,8;0,2;1,0
19;NL:Q:40451016;Hulleweg;Beekbergen;5,1;1,0;5,1;0,7;1,3;0,2
19;NL:Q:40451017;Zonnehuis;Beekbergen;1,3;4,6;0,8;2,7;0,3;1,2
19;NL:Q:40451018;Zonnehuis;Beekbergen;4,2;2,2;2,9;0,6;0,6;0,4
19;NL:Q:40451019;Kerkweg;Beekbergen;4,3;6,4;2,8;8,5;1,4;0,9
19;NL:Q:40451020;Kerkweg;Beekbergen;10,0;2,8;7,6;2,4;1,8;1,0
19;NL:Q:40451021;Koningsweg;Beekbergen;0,5;1,5;0,5;1,7;0,1;0,3
19;NL:Q:40451022;Koningsweg;Beekbergen;2,5;0,8;2,3;0,4;0,2;0,4
19;NL:Q:40451034;Laan van Westenenk;Apeldoorn;25,5;13,0;1,4;0,9;0,8;0,6
19;NL:Q:40451075;Kapelmeestershoeve;Apeldoorn;4,4;11,7;0,0;0,0;0,0;0,0
19;NL:Q:40451076;Kapelmeestershoeve;Apeldoorn;15,6;4,0;0,0;0,1;0,0;0,0
19;NL:Q:40451077;De Eglantier;Apeldoorn;35,9;26,8;0,7;0,4;0,0;0,0
19;NL:Q:40451078;De Eglantier;Apeldoorn;29,7;38,7;0,2;0,1;0,0;0,0
19;NL:Q:40451096;Laan van Erica;Apeldoorn;9,3;4,9;0,0;0,1;0,0;0,0
19;NL:Q:40451097;Jaromirgaarde;Apeldoorn;8,1;7,2;0,1;0,0;0,0;0,0
19;NL:Q:40451098;Jaromirgaarde;Apeldoorn;8,3;9,0;0,0;0,0;0,0;0,0
19;NL:Q:40451099;Rademakersdonk;Apeldoorn;7,2;3,6;0,0;0,0;0,0;0,0
19;NL:Q:40451100;Rademakersdonk;Apeldoorn;5,0;7,2;0,0;0,1;0,0;0,0
19;NL:Q:40451101;Valkeniersdonk;Apeldoorn;10,3;8,5;0,1;0,1;0,0;0,0
19;NL:Q:40451102;Valkeniersdonk;Apeldoorn;7,5;12,1;0,0;0,1;0,0;0,0
19;NL:Q:40451103;Turfstekershoeve;Apeldoorn;8,4;11,7;0,1;0,1;0,0;0,0
19;NL:Q:40451105;Landdrostlaan;Apeldoorn;6,1;29,0;0,1;0,2;0,0;0,0
19;NL:Q:40451106;Landdrostlaan;Apeldoorn;25,9;10,4;0,1;0,0;0,0;0,0
19;NL:Q:40451143;Soldeniersveld;Apeldoorn;0,5;0,0;0,0;0,0;0,0;0,0
19;NL:Q:40451181;Ferguutgaarde;Apeldoorn;5,2;0,4;0,0;0,0;0,0;0,0
19;NL:Q:40451182;De Heemgaard;Apeldoorn;29,9;9,2;0,0;0,0;0,0;0,0
19;NL:Q:40451183;De Heemgaard;Apeldoorn;7,2;40,2;0,0;0,0;0,0;0,0
19;NL:Q:40451210;Ferguutgaarde;Apeldoorn;3,6;6,3;0,0;0,0;0,0;0,0
19;NL:Q:40451252;Kooikersdreef;Apeldoorn;6,4;3,9;0,0;0,0;0,0;0,0
19;NL:Q:40451259;Parlevinkershoeve;Apeldoorn;13,7;12,7;0,0;0,1;0,0;0,0
19;NL:Q:40451351;Eglantierlaan;Apeldoorn;1,5;0,8;0,0;0,0;0,0;0,0
19;NL:Q:40451402;Veldbrugweg;Lieren;0,0;0,5;0,0;0,0;0,0;0,0
19;NL:Q:40451403;Veldbrugweg;Lieren;0,5;0,0;0,0;0,0;0,0;0,0
19;NL:Q:40451404;Tullekensmolenweg;Lieren;0,0;0,8;0,0;0,0;0,0;0,0
19;NL:Q:40451405;Tullekensmolenweg;Lieren;0,6;0,0;0,0;0,0;0,0;0,0
19;NL:Q:40451406;Molenberg;Lieren;0,0;1,1;0,0;0,0;0,0;0,0
19;NL:Q:40451407;Molenberg;Lieren;0,2;0,0;0,0;0,0;0,0;0,0
19;NL:Q:40451408;Dorpshuis;Oosterhuizen;0,0;1,0;0,0;0,0;0,0;0,0
19;NL:Q:40451409;Dorpshuis;Oosterhuizen;1,6;0,0;0,0;0,0;0,0;0,0
19;NL:Q:40451412;Wittekruisweg;Oosterhuizen;0,0;0,5;0,0;0,0;0,0;0,0
19;NL:Q:40451413;Wittekruisweg;Oosterhuizen;0,4;0,1;0,0;0,0;0,0;0,0
19;NL:Q:40451414;Vinkenkamp;Oosterhuizen;0,0;0,1;0,0;0,0;0,0;0,0
19;NL:Q:40451415;Vinkenkamp;Oosterhuizen;0,1;0,0;0,0;0,0;0,0;0,0
19;NL:Q:40451416;Veendijk;Oosterhuizen;0,0;1,0;0,0;0,0;0,0;0,0
19;NL:Q:40451417;Veendijk;Oosterhuizen;0,4;0,0;0,0;0,0;0,0;0,0
19;NL:Q:40451418;Camping Bosgraaf;Oosterhuizen;0,2;0,2;0,0;0,0;0,0;0,0
19;NL:Q:40451459;Achterste Kerkweg;Oosterhuizen;0,2;0,0;0,0;0,0;0,0;0,0
19;NL:Q:40451461;Wilmersdorf;Apeldoorn;1,3;0,0;0,0;0,0;0,0;0,0
19;NL:Q:40451462;Wilmersdorf;Apeldoorn;0,0;2,5;0,0;0,0;0,0;0,0
19;NL:Q:40451501;Laan van Malkenschoten;Apeldoorn;89,8;49,5;9,1;4,7;5,0;0,9
19;NL:Q:40451502;Laan van Malkenschoten;Apeldoorn;107,0;107,3;6,5;12,6;0,7;4,9
19;NL:Q:40459001;Aventurijn;Loenen;1,1;0,1;0,0;0,0;0,0;0,0
19;NL:Q:40461001;Museum Schietkamp;Harskamp;4,4;1,3;1,1;0,5;0,4;0,4
19;NL:Q:40461003;Centrum;Harskamp;7,4;4,7;3,2;1,6;1,5;0,9
19;NL:Q:40461004;Centrum;Harskamp;3,3;8,4;1,4;3,8;0,6;1,2
19;NL:Q:40461005;De Spil;Harskamp;12,6;3,4;2,3;0,8;1,0;0,3
19;NL:Q:40461006;De Spil;Harskamp;4,0;12,8;0,9;2,9;0,2;1,0
19;NL:Q:40461007;Kraatsweg;Harskamp;17,5;11,4;7,4;2,2;3,4;0,6
19;NL:Q:40461008;Kraatsweg;Harskamp;12,4;15,2;1,4;6,2;0,4;2,3
19;NL:Q:40461009;Radioweg;Harskamp;1,9;3,3;0,7;0,6;0,3;0,2
19;NL:Q:40461010;Radioweg;Harskamp;3,4;3,6;0,4;1,4;0,1;0,7
19;NL:Q:40461011;Kraaikamperweg;Harskamp;2,0;1,9;1,0;0,1;0,3;0,0
19;NL:Q:40461012;Kraaikamperweg;Harskamp;0,7;1,3;0,2;0,5;0,0;0,3
19;NL:Q:40461013;Hoog Buurloseweg;Harskamp;3,2;3,5;1,5;0,6;1,4;0,1
19;NL:Q:40461014;Hoog Buurloseweg;Harskamp;4,1;4,0;0,8;1,3;0,3;0,8
19;NL:Q:40461015;Westenengerdijk;Harskamp;4,6;11,8;0,4;0,2;0,2;0,0
19;NL:Q:40461017;Harscamp;Harskamp;8,8;4,3;3,8;0,4;2,3;0,1
19;NL:Q:40461018;Harscamp;Harskamp;5,2;9,8;0,6;4,6;0,1;2,0
19;NL:Q:40463001;Hazendonkweg;Stroe;1,3;0,5;0,1;0,1;0,1;0,2
19;NL:Q:40463002;Hazendonkweg;Stroe;0,1;0,9;0,0;0,3;0,0;0,3
19;NL:Q:40463004;Heetweg;Stroe;2,4;4,0;0,3;1,5;0,2;0,6
19;NL:Q:40471170;Middachten;Apeldoorn;0,2;0,2;0,6;0,1;0,1;0,1
19;NL:Q:40471171;Middachten;Apeldoorn;0,1;0,8;0,2;0,7;0,1;0,7
19;NL:Q:40471175;Vlietweg;Apeldoorn;0,3;0,7;0,4;0,5;0,2;0,2
19;NL:Q:40471228;Laan van Spitsbergen;Apeldoorn;20,6;8,9;10,6;3,6;5,2;2,4
19;NL:Q:40471463;Hoog Buurloseweg;Hoenderloo;2,9;2,8;1,2;1,6;1,3;1,8
19;NL:Q:40471464;Hoog Buurloseweg;Hoenderloo;1,5;3,2;0,7;1,1;0,4;0,4
19;NL:Q:40471465;Van der Valk/De Cantharel;Apeldoorn;4,2;14,0;2,3;11,2;2,6;8,5
19;NL:Q:40471466;Van der Valk/De Cantharel;Apeldoorn;10,8;5,0;9,8;4,1;6,2;3,5
19;NL:Q:40471467;Gelre Ziekenhuis;Apeldoorn;1,8;1,9;1,7;1,2;1,3;1,1
19;NL:Q:40480015;Kronkelweg;Hoenderloo;2,0;1,7;0,5;0,8;0,6;0,8
19;NL:Q:40480016;Kronkelweg;Hoenderloo;1,4;2,1;0,6;0,4;0,7;0,6
19;NL:Q:40482003;Bezoekerscentrum;De Hoge Veluwe;4,1;0,3;7,4;0,2;7,6;0,9
19;NL:Q:40482004;Bezoekerscentrum;De Hoge Veluwe;1,1;4,5;1,7;6,7;1,5;5,5
19;NL:Q:40482005;Kroller Muller Museum;De Hoge Veluwe;9,9;0,8;15,7;1,0;18,6;1,2
19;NL:Q:40482006;Kroller Muller Museum;De Hoge Veluwe;0,3;10,3;0,6;17,8;0,6;19,9
19;NL:Q:40482007;Ingang Otterlo;De Hoge Veluwe;2,4;0,8;3,7;1,2;4,4;1,5
19;NL:Q:40512001;Station Ede-Wageningen;Ede;10,5;1535,5;2,3;758,6;1,3;503,7
19;NL:Q:40512002;Station Ede-Wageningen;Ede;417,5;4,2;84,2;1,5;52,0;0,6
19;NL:Q:40512003;Moreelsestraat;Ede;11,6;3,1;3,4;2,4;1,1;0,6
19;NL:Q:40512004;Moreelsestraat;Ede;3,3;10,7;2,2;2,7;1,3;1,0
19;NL:Q:40512005;Vossenweg;Bennekom;23,6;5,1;15,9;4,2;10,7;2,3
19;NL:Q:40512006;Vossenweg;Bennekom;4,5;21,3;3,6;12,2;2,7;12,9
19;NL:Q:40512007;Ziekenhuis Gelderse Vallei;Ede;0,1;0,7;0,0;0,4;0,0;0,0
19;NL:Q:40512008;Ziekenhuis Gelderse Vallei;Ede;0,4;0,1;0,3;0,2;0,0;0,0
19;NL:Q:40512009;Strooyweg;Bennekom;15,6;2,2;10,9;1,8;7,4;1,6
19;NL:Q:40512010;Strooyweg;Bennekom;1,2;13,0;0,9;11,1;0,8;11,1
19;NL:Q:40512011;Molenstraat;Bennekom;16,9;3,8;8,6;3,4;5,4;2,7
19;NL:Q:40512012;Molenstraat;Bennekom;3,6;12,8;2,8;6,8;3,1;8,0
19;NL:Q:40512013;Hof van Sint Pieter;Bennekom;10,4;2,3;6,0;1,7;4,5;1,5
19;NL:Q:40512014;Hof van Sint Pieter;Bennekom;1,6;9,2;1,5;5,5;1,4;5,3
19;NL:Q:40512015;Bart van Elstplantsoen;Bennekom;32,3;9,9;15,6;10,9;9,9;4,4
19;NL:Q:40512016;Bart van Elstplantsoen;Bennekom;11,3;26,1;10,8;14,2;5,0;13,9
19;NL:Q:40512018;Bosweg;Bennekom;2,0;8,7;1,9;5,6;1,4;6,2
19;NL:Q:40512019;Horalaan;Ede;5,8;22,7;2,2;3,9;1,6;4,5
19;NL:Q:40512020;Horalaan;Ede;17,8;10,0;3,6;1,8;3,4;3,4
19;NL:Q:40512021;De Reehorst;Ede;7,0;5,8;0,5;3,9;0,1;1,9
19;NL:Q:40512022;De Reehorst;Ede;4,6;7,3;3,2;2,1;2,0;0,7
19;NL:Q:40512023;Bovenbuurtweg;Ede;173,1;277,7;31,2;25,8;20,6;17,4
19;NL:Q:40512024;Bovenbuurtweg;Ede;255,6;159,7;24,1;23,7;21,0;22,4
19;NL:Q:40512025;Jan Vermeerstraat;Ede;18,6;5,5;6,3;1,9;1,5;1,7
19;NL:Q:40512026;Jan Vermeerstraat;Ede;5,9;15,3;1,8;5,4;1,3;1,4
19;NL:Q:40512027;Stadspoort;Ede;93,8;118,2;54,7;67,4;27,6;42,3
19;NL:Q:40512028;Stadspoort;Ede;95,8;78,5;49,5;33,2;40,1;32,5
19;NL:Q:40512030;Ziekenhuis Gelderse Vallei;Ede;209,2;142,8;42,2;41,2;29,9;32,6
19;NL:Q:40512031;Van Steenbergenweg;Ede;0,3;1,3;0,2;1,0;0,1;0,3
19;NL:Q:40512033;Prof. Oudpark;Ede;2,5;2,1;1,1;1,5;0,9;0,7
19;NL:Q:40512035;Coornhertstate;Ede;23,9;6,8;7,9;4,8;3,5;2,0
19;NL:Q:40512036;Coornhertstate;Ede;6,2;20,9;5,2;6,8;1,4;3,7
19;NL:Q:40512037;'t Riet;Ede;19,0;5,4;7,9;4,4;3,0;1,3
19;NL:Q:40512039;Ben Goerionsingel;Ede;6,0;1,6;1,6;0,7;0,6;0,3
19;NL:Q:40512040;Ben Goerionsingel;Ede;2,7;5,0;0,6;1,4;0,2;0,8
19;NL:Q:40512131;Kenniscampus;Ede;212,7;42,9;5,2;2,8;0,7;0,8
19;NL:Q:40512132;Kenniscampus;Ede;41,7;251,8;3,1;5,3;0,9;4,9
19;NL:Q:40512153;De Gelderhorst;Ede;7,9;10,0;3,3;7,5;2,1;2,4
19;NL:Q:40512154;De Gelderhorst;Ede;0,7;0,7;1,4;1,3;0,0;0,0
19;NL:Q:40512201;Halderbrink;Bennekom;30,3;14,8;17,7;8,2;11,3;4,9
19;NL:Q:40512202;Halderbrink;Bennekom;13,6;37,5;6,8;25,0;6,0;19,0
19;NL:Q:40512203;Hoekelumse Brinkweg;Bennekom;10,4;3,3;4,5;2,3;6,4;1,7
19;NL:Q:40512204;Hoekelumse Brinkweg;Bennekom;2,9;11,5;2,0;7,1;2,0;5,3
19;NL:Q:40512207;Heidelaan;Bennekom;5,1;1,1;2,6;0,5;1,7;1,0
19;NL:Q:40512208;Heidelaan;Bennekom;2,4;9,9;1,5;6,9;1,9;6,8
19;NL:Q:40512999;Ziekenhuis Gelderse Vallei;Ede;285,7;364,7;67,8;72,9;42,6;45,9
19;NL:Q:40513003;Mausoleum;Ede;0,1;0,0;0,2;0,0;0,0;0,0
19;NL:Q:40513004;Mausoleum;Ede;0,0;0,2;0,0;0,1;0,0;0,0
19;NL:Q:40513014;Maanderzand;Ede;0,4;0,3;0,8;0,6;0,0;0,0
19;NL:Q:40513015;Beatrixpark;Ede;0,2;0,1;0,0;0,1;0,0;0,0
19;NL:Q:40513016;Beatrixpark;Ede;0,2;0,1;0,0;0,0;0,0;0,0
19;NL:Q:40513019;Zuiderkroon;Ede;0,0;0,5;0,0;0,2;0,0;0,0
19;NL:Q:40513020;Zuiderkroon;Ede;0,2;0,0;0,2;0,0;0,0;0,0
19;NL:Q:40513027;Billitonlaan/Timorlaan;Ede;6,6;11,4;2,0;4,8;2,3;5,8
19;NL:Q:40513028;Billitonlaan/Timorlaan;Ede;12,8;6,4;5,5;2,1;6,2;2,0
19;NL:Q:40513029;Kerkweg;Ede;0,1;0,1;0,0;0,0;0,0;0,0
19;NL:Q:40513030;Kerkweg;Ede;0,1;0,0;0,1;0,0;0,0;0,0
19;NL:Q:40513031;Koekeltse Boslaan;Ede;6,3;12,6;4,6;10,8;2,1;3,3
19;NL:Q:40513032;Koekeltse Boslaan;Ede;13,0;7,3;7,4;6,3;1,9;2,4
19;NL:Q:40513037;Prof. Oudpark;Ede;2,1;2,5;1,1;1,7;0,8;0,8
19;NL:Q:40513038;'t Riet;Ede;5,1;18,2;3,6;8,4;1,6;3,1
19;NL:Q:40513039;Belvedere;Ede;0,8;0,8;1,5;1,0;0,0;0,0
19;NL:Q:40522125;La Vendula;Ede;0,7;0,2;0,5;0,0;0,2;0,0
19;NL:Q:40528001;Roekelseweg;Wekerom;3,3;1,3;1,6;0,2;0,6;0,2
19;NL:Q:40528002;Roekelseweg;Wekerom;1,5;2,9;0,4;1,0;0,1;0,3
19;NL:Q:40528003;Wekeromse Buurtweg;Wekerom;5,4;2,8;1,3;0,5;1,0;0,2
19;NL:Q:40528004;Wekeromse Buurtweg;Wekerom;4,2;6,9;0,5;2,6;0,2;1,5
19;NL:Q:40528006;Garage Veldhuizen;De Valk;0,0;0,3;0,0;0,0;0,0;0,0
19;NL:Q:40528007;Kruispunt;Wekerom;13,6;22,4;3,6;0,8;1,5;0,2
19;NL:Q:40528008;Kruispunt;Wekerom;17,1;10,5;0,9;3,6;0,3;1,5
19;NL:Q:40528009;A.G. Wijersweg;Wekerom;3,6;0,1;0,0;0,0;0,0;0,0
19;NL:Q:40528010;A.G. Wijersweg;Wekerom;0,0;1,1;0,0;0,0;0,0;0,0
19;NL:Q:40528011;Dorpsplein;Wekerom;0,5;0,4;0,4;0,3;0,0;0,0
19;NL:Q:40528026;Westenengerdijk;Harskamp;9,2;2,6;0,5;0,5;0,0;0,1
19;NL:Q:40541002;Harderwijkerweg;Loenen;3,3;2,0;1,4;0,9;0,3;0,3
19;NL:Q:40542001;Hallsebrug;Hall;0,3;0,0;0,2;0,0;0,0;0,0
19;NL:Q:40542002;Hallsebrug;Hall;0,1;0,2;0,0;0,1;0,0;0,0
19;NL:Q:40543001;'t Veentje;Eerbeek;0,7;0,5;0,7;0,7;0,3;0,0
19;NL:Q:40543003;Coldenhovenseweg;Eerbeek;4,9;7,0;3,4;1,6;0,6;0,4
19;NL:Q:40543004;Coldenhovenseweg;Eerbeek;6,9;6,6;1,2;3,5;0,5;0,7
19;NL:Q:40543005;Loubergweg;Eerbeek;8,8;11,2;1,5;1,8;0,7;0,4
19;NL:Q:40543006;Loubergweg;Eerbeek;9,9;8,4;2,6;1,7;0,6;0,7
19;NL:Q:40543007;Centrum;Eerbeek;16,8;17,0;6,6;4,8;1,9;1,2
19;NL:Q:40543008;Centrum;Eerbeek;14,6;14,3;4,0;5,4;1,7;1,7
19;NL:Q:40543009;Offenbachstraat;Eerbeek;33,5;45,7;11,0;12,1;2,9;4,0
19;NL:Q:40543010;Offenbachstraat;Eerbeek;56,2;40,0;16,1;13,8;4,6;3,1
19;NL:Q:40543011;Ringlaan;Eerbeek;22,8;60,3;5,6;11,7;1,7;3,7
19;NL:Q:40543012;Ringlaan;Eerbeek;41,8;16,1;11,6;5,0;4,1;1,9
19;NL:Q:40543013;Vondellaan;Eerbeek;11,7;23,9;3,4;6,2;1,2;2,1
19;NL:Q:40543014;Vondellaan;Eerbeek;28,5;11,5;9,2;3,8;3,0;1,5
19;NL:Q:40543015;'t Hungeling;Eerbeek;0,5;0,0;0,0;0,0;0,0;0,0
19;NL:Q:40543016;'t Hungeling;Eerbeek;0,0;0,6;0,0;0,0;0,0;0,0
19;NL:Q:40543021;De Beekwal;Eerbeek;0,1;2,5;0,0;0,9;0,0;0,0
19;NL:Q:40543027;Loenenseweg;Eerbeek;0,6;0,0;0,0;0,0;0,0;0,0
19;NL:Q:40543028;Bijenkorf;Eerbeek;0,0;0,9;0,0;0,0;0,0;0,0
19;NL:Q:40543029;Bijenkorf;Eerbeek;1,1;0,0;0,0;0,0;0,0;0,0
19;NL:Q:40543030;Blekerserf;Eerbeek;0,0;0,7;0,0;0,0;0,0;0,0
19;NL:Q:40543031;Blekerserf;Eerbeek;0,8;0,0;0,0;0,0;0,0;0,0
19;NL:Q:40543032;Ydinkerf;Eerbeek;0,0;0,6;0,0;0,0;0,0;0,0
19;NL:Q:40543033;Ydinkerf;Eerbeek;0,7;0,0;0,0;0,0;0,0;0,0
19;NL:Q:40543034;Odinkerf;Eerbeek;0,0;0,2;0,0;0,0;0,0;0,0
19;NL:Q:40543035;Odinkerf;Eerbeek;0,9;0,0;0,0;0,0;0,0;0,0
19;NL:Q:40543036;Loenenseweg;Eerbeek;0,1;0,5;0,0;0,0;0,0;0,0
19;NL:Q:40543051;Landal Coldenhove;Eerbeek;3,0;3,4;0,0;0,0;0,0;0,0
19;NL:Q:40543061;Zwembad;Eerbeek;0,2;0,1;0,0;0,0;0,0;0,0
19;NL:Q:40543062;Zwembad;Eerbeek;0,0;0,2;0,0;0,0;0,0;0,0
19;NL:Q:40543077;Kloosterstraat;Eerbeek;0,5;0,1;0,0;0,0;0,0;0,0
19;NL:Q:40543081;Boerhaavelaan;Eerbeek;1,3;1,7;1,8;1,8;0,0;0,0
19;NL:Q:40548076;Dierenseweg;Eerbeek;1,0;1,7;0,0;0,0;0,0;0,0
19;NL:Q:40550001;Van Haeftenkazerne;Apeldoorn;15,8;13,7;7,4;8,2;6,3;5,1
19;NL:Q:40550002;Van Haeftenkazerne;Apeldoorn;9,0;15,4;5,2;6,7;3,9;5,5
19;NL:Q:40551001;Station;Apeldoorn;13,6;13,2;0,0;0,0;0,0;0,0
19;NL:Q:40551003;Marktplein;Apeldoorn;183,6;22,0;89,6;4,3;35,9;1,2
19;NL:Q:40551004;Marktplein;Apeldoorn;32,2;241,3;20,6;125,7;5,1;43,7
19;NL:Q:40551005;Oranjepark;Apeldoorn;35,4;6,8;8,4;2,5;5,2;2,3
19;NL:Q:40551006;Oranjepark;Apeldoorn;10,0;44,9;2,5;21,0;2,3;7,7
19;NL:Q:40551015;Station;Apeldoorn;371,6;344,7;1,6;2,3;0,0;0,0
19;NL:Q:40551020;Hoofdstraat;Apeldoorn;14,0;176,7;9,8;144,0;2,3;48,7
19;NL:Q:40551021;Amaliapark;Apeldoorn;53,0;1,5;29,3;0,9;16,5;0,3
19;NL:Q:40551022;Amaliapark;Apeldoorn;2,0;81,5;1,1;46,0;0,5;26,3
19;NL:Q:40551023;Zichtweg;Apeldoorn;31,0;9,6;12,7;8,0;7,7;3,1
19;NL:Q:40551024;Zichtweg;Apeldoorn;8,6;31,6;8,1;13,3;2,9;7,8
19;NL:Q:40551025;Eendrachtstraat;Apeldoorn;26,2;12,6;10,9;7,9;9,2;3,1
19;NL:Q:40551026;Eendrachtstraat;Apeldoorn;10,0;24,5;5,6;10,9;3,3;6,1
19;NL:Q:40551027;Aluminiumweg;Apeldoorn;30,3;15,2;12,1;12,2;8,5;3,7
19;NL:Q:40551028;Aluminiumweg;Apeldoorn;14,3;24,7;11,5;10,6;5,7;6,3
19;NL:Q:40551029;Sebastiaanplein;Apeldoorn;16,0;33,2;6,7;7,8;4,5;3,9
19;NL:Q:40551030;Sebastiaanplein;Apeldoorn;13,3;17,7;6,0;7,1;2,7;4,6
19;NL:Q:40551031;Chopinlaan;Apeldoorn;30,4;38,9;7,3;7,4;5,3;5,7
19;NL:Q:40551032;Chopinlaan;Apeldoorn;53,9;34,9;7,0;8,7;4,0;6,4
19;NL:Q:40551033;Laan van Westenenk;Apeldoorn;28,0;29,3;3,3;4,4;2,4;1,6
19;NL:Q:40551036;Koningin Julianatoren;Apeldoorn;6,6;1,5;11,9;1,4;8,5;1,0
19;NL:Q:40551037;Paleis Het Loo;Apeldoorn;22,1;2,2;3,7;1,6;3,4;1,2
19;NL:Q:40551038;Paleis Het Loo;Apeldoorn;4,4;12,8;3,9;3,7;3,2;2,3
19;NL:Q:40551039;Bosweg;Apeldoorn;2,4;2,5;0,4;0,8;1,0;0,2
19;NL:Q:40551040;Bosweg;Apeldoorn;9,4;1,0;3,2;0,3;1,6;0,5
19;NL:Q:40551041;Marktplein;Apeldoorn;53,4;3,8;18,7;1,2;5,5;0,1
19;NL:Q:40551045;Grote Kerk;Apeldoorn;29,4;21,5;15,8;11,8;10,7;12,7
19;NL:Q:40551046;Grote Kerk;Apeldoorn;19,5;20,1;10,5;12,0;8,1;7,1
19;NL:Q:40551047;Gedenknaald;Apeldoorn;37,8;15,8;10,4;15,8;9,0;13,9
19;NL:Q:40551048;Gedenknaald;Apeldoorn;25,5;25,5;21,7;10,2;15,0;8,3
19;NL:Q:40551049;Station;Apeldoorn;463,6;477,5;228,7;211,2;155,6;136,5
19;NL:Q:40551051;Oosterlaan;Apeldoorn;2,0;12,3;0,0;0,0;0,0;0,0
19;NL:Q:40551052;Oosterlaan;Apeldoorn;12,7;3,2;0,0;0,0;0,0;0,0
19;NL:Q:40551053;Pinksterbloem;Apeldoorn;15,2;21,4;0,0;0,0;0,0;0,0
19;NL:Q:40551054;Pinksterbloem;Apeldoorn;22,7;10,9;0,0;0,0;0,0;0,0
19;NL:Q:40551057;Fauststraat;Apeldoorn;32,5;26,8;0,0;0,0;0,0;0,0
19;NL:Q:40551058;Fauststraat;Apeldoorn;31,7;32,1;0,0;0,0;0,0;0,0
19;NL:Q:40551060;Laan van de Dierenriem;Apeldoorn;21,7;38,3;0,0;0,0;0,0;0,0
19;NL:Q:40551061;Laan van de Leeuw;Apeldoorn;11,4;29,0;0,0;0,0;0,0;0,0
19;NL:Q:40551062;Laan van de Leeuw;Apeldoorn;29,2;13,8;0,0;0,0;0,0;0,0
19;NL:Q:40551079;Gijsbrechtgaarde;Apeldoorn;6,1;13,4;0,1;0,0;0,0;0,0
19;NL:Q:40551080;Gijsbrechtgaarde;Apeldoorn;16,1;7,0;0,1;0,0;0,0;0,0
19;NL:Q:40551081;Welgelegenbrug;Apeldoorn;2,0;21,6;0,0;0,1;0,0;0,0
19;NL:Q:40551082;Welgelegenbrug;Apeldoorn;25,4;3,2;0,1;0,0;0,0;0,0
19;NL:Q:40551084;Station;Apeldoorn;422,1;356,0;56,3;55,2;32,5;39,7
19;NL:Q:40551089;J. Fruytierschool;Apeldoorn;164,1;207,4;0,0;0,0;0,0;0,0
19;NL:Q:40551091;Wagenmakershoek;Apeldoorn;5,9;10,7;0,0;0,1;0,0;0,0
19;NL:Q:40551092;Wagenmakershoek;Apeldoorn;11,2;5,7;0,1;0,0;0,0;0,0
19;NL:Q:40551093;Glazeniershorst;Apeldoorn;20,9;13,5;0,1;0,0;0,0;0,0
19;NL:Q:40551094;Glazeniershorst;Apeldoorn;16,0;13,0;0,0;0,1;0,0;0,0
19;NL:Q:40551095;Laan van Erica;Apeldoorn;4,5;10,1;0,0;0,0;0,0;0,0
19;NL:Q:40551110;Hoofdstraat;Apeldoorn;154,4;10,5;106,2;3,9;37,6;0,8
19;NL:Q:40551130;Station;Apeldoorn;162,1;148,8;72,5;66,1;63,0;46,6
19;NL:Q:40551174;Vlietweg;Apeldoorn;0,7;0,2;0,9;0,3;0,6;0,3
19;NL:Q:40551177;Imkersdreef;Apeldoorn;5,2;4,1;0,0;0,0;0,0;0,0
19;NL:Q:40551178;Imkersdreef;Apeldoorn;4,1;6,0;0,0;0,0;0,0;0,0
19;NL:Q:40551179;Hoenderparkweg;Apeldoorn;0,2;2,7;0,3;2,3;0,2;2,2
19;NL:Q:40551180;Hoenderparkweg;Apeldoorn;0,9;0,8;1,6;0,8;0,5;0,3
19;NL:Q:40551213;Mandala/Kazerne;Apeldoorn;0,9;0,1;0,0;0,0;0,0;0,0
19;NL:Q:40551218;Christiaan Geurtsweg;Apeldoorn;1,0;5,2;0,3;2,3;0,4;1,1
19;NL:Q:40551219;Christiaan Geurtsweg;Apeldoorn;5,3;2,4;2,1;0,3;2,6;0,7
19;NL:Q:40551226;Jean Monnetpark;Apeldoorn;4,7;7,3;0,8;2,3;0,8;1,0
19;NL:Q:40551227;Jean Monnetpark;Apeldoorn;7,0;5,2;1,7;0,9;1,7;0,8
19;NL:Q:40551229;Laan van Spitsbergen;Apeldoorn;8,2;17,4;2,4;7,5;2,5;5,7
19;NL:Q:40551234;Schumanpark;Apeldoorn;9,2;2,5;1,6;0,4;1,0;0,4
19;NL:Q:40551235;Schumanpark;Apeldoorn;2,3;11,6;0,3;2,2;0,5;2,1
19;NL:Q:40551253;Kooikersdreef;Apeldoorn;3,6;0,8;0,0;0,0;0,0;0,0
19;NL:Q:40551330;Erasmusstraat;Apeldoorn;0,2;25,6;0,0;0,0;0,0;0,0
19;NL:Q:40551331;Erasmusstraat;Apeldoorn;19,1;0,1;0,0;0,0;0,0;0,0
19;NL:Q:40551373;Station;Apeldoorn;488,5;526,3;207,0;176,9;156,7;145,6
19;NL:Q:40551390;Mandala/Kazerne;Apeldoorn;0,2;0,2;0,0;0,0;0,0;0,0
19;NL:Q:40551445;Omnisport;Apeldoorn;1,0;0,6;0,0;0,0;0,0;0,0
19;NL:Q:40551446;Omnisport;Apeldoorn;0,7;1,3;0,0;0,0;0,0;0,0
19;NL:Q:40551473;Aidastraat;Apeldoorn;45,2;25,0;0,0;0,0;0,0;0,0
19;NL:Q:40551474;Aidastraat;Apeldoorn;47,5;43,2;0,0;0,0;0,0;0,0
19;NL:Q:40559001;Lange Amerikaweg;Apeldoorn;2,0;0,0;0,0;0,0;0,0;0,0
19;NL:Q:40559002;Lange Amerikaweg;Apeldoorn;0,0;2,7;0,0;0,0;0,0;0,0
19;NL:Q:40559003;Wkc Musketiersveld;Apeldoorn;0,4;0,1;0,0;0,0;0,0;0,0
19;NL:Q:40559004;Wkc Musketiersveld;Apeldoorn;0,1;0,8;0,0;0,0;0,0;0,0
19;NL:Q:40563003;Heetweg;Stroe;3,8;1,9;0,8;0,1;2,3;0,4
19;NL:Q:40563005;Topperweg;Stroe;1,6;1,2;0,9;0,1;0,2;0,1
19;NL:Q:40563006;Topperweg;Stroe;1,7;1,3;0,7;0,8;0,1;0,1
19;NL:Q:40563007;Kootwijkerdijk;Stroe;0,4;0,4;0,1;0,3;0,2;0,1
19;NL:Q:40563008;Kootwijkerdijk;Stroe;0,3;0,3;0,1;0,0;0,1;0,0
19;NL:Q:40563009;Ravenweg;Stroe;11,9;43,6;1,9;8,1;1,1;2,8
19;NL:Q:40563010;Ravenweg;Stroe;2,4;0,0;0,0;0,0;0,0;0,0
19;NL:Q:40563011;Centrum;Stroe;3,9;3,8;1,7;1,0;0,9;0,2
19;NL:Q:40563012;Centrum;Stroe;6,3;4,9;1,2;1,8;0,6;0,7
19;NL:Q:40563013;De Drie Musketiers;Stroe;2,3;2,8;1,2;0,9;1,0;0,8
19;NL:Q:40563014;De Drie Musketiers;Stroe;1,3;0,7;0,6;0,8;0,3;0,2
19;NL:Q:40563015;Majoor Mulder Kazerne;Stroe;0,3;0,5;0,1;0,0;0,1;0,0
19;NL:Q:40563016;Majoor Mulder Kazerne;Stroe;0,2;0,4;0,0;0,1;0,0;0,1
19;NL:Q:40563017;Ravenweg;Stroe;0,0;1,1;0,0;0,0;0,0;0,0
19;NL:Q:40563018;Ravenweg;Stroe;38,2;8,7;7,6;1,6;2,9;0,7
19;NL:Q:40569008;Militair tehuis;Wittenberg;0,1;0,2;0,0;0,0;0,0;0,0
19;NL:Q:40612043;Tolhuislaan;Ede;3,3;5,2;2,8;3,4;0,7;0,9
19;NL:Q:40612044;Tolhuislaan;Ede;7,4;10,4;4,0;4,3;1,5;1,2
19;NL:Q:40612045;Ericalaan;Ede;13,3;11,4;4,2;4,9;3,2;3,1
19;NL:Q:40612046;Ericalaan;Ede;7,3;16,1;1,8;7,1;0,9;3,4
19;NL:Q:40612047;Maanderweg;Ede;4,3;14,3;0,8;7,2;1,1;6,1
19;NL:Q:40612048;Maanderweg;Ede;8,5;4,5;4,6;1,9;3,9;1,4
19;NL:Q:40612050;Station Ede Centrum;Ede;16,5;13,0;8,4;8,5;7,5;3,7
19;NL:Q:40612051;Jadestraat;Ede;9,0;7,9;5,3;3,7;2,1;2,8
19;NL:Q:40612052;Jadestraat;Ede;5,3;9,7;1,8;8,3;2,2;3,0
19;NL:Q:40612053;Schaapsweg/Veenderweg;Ede;3,6;5,0;2,1;1,9;1,4;2,1
19;NL:Q:40612054;Schaapsweg/Veenderweg;Ede;5,9;3,3;1,6;1,4;1,9;1,0
19;NL:Q:40612055;Ganzeweide;Ede;4,7;12,6;2,0;5,9;1,5;6,2
19;NL:Q:40612056;Ganzeweide;Ede;15,1;4,0;6,0;2,0;6,1;1,3
19;NL:Q:40612059;Mariendaal;Ede;27,0;42,9;17,7;12,4;10,2;10,0
19;NL:Q:40612060;Mariendaal;Ede;32,3;17,4;8,4;10,3;5,0;3,2
19;NL:Q:40612061;Durendaal;Ede;3,7;4,6;2,5;4,7;1,3;2,2
19;NL:Q:40612062;Durendaal;Ede;5,1;9,3;2,8;6,0;1,0;2,8
19;NL:Q:40612063;Middelbeek;Ede;6,5;7,3;4,3;3,7;1,4;1,9
19;NL:Q:40612064;Middelbeek;Ede;6,9;6,2;2,8;6,2;1,5;1,5
19;NL:Q:40612065;Schoutenhof;Ede;5,7;7,2;4,7;4,5;2,2;2,2
19;NL:Q:40612067;Aalbeek;Ede;28,5;15,4;22,3;5,6;7,7;4,1
19;NL:Q:40612068;Aalbeek;Ede;18,0;23,8;5,5;20,1;3,2;6,3
19;NL:Q:40612069;Nienhof;Ede;12,4;9,1;9,1;3,3;4,6;3,4
19;NL:Q:40612070;Nienhof;Ede;8,0;9,5;2,5;6,8;1,4;3,4
19;NL:Q:40612071;Binnenhof;Ede;12,5;1,8;9,3;0,5;2,9;0,3
19;NL:Q:40612072;Binnenhof;Ede;8,0;10,1;2,2;7,9;1,3;3,0
19;NL:Q:40612073;Hogerhorst;Ede;38,5;21,9;24,6;6,2;10,3;6,0
19;NL:Q:40612074;Hogerhorst;Ede;14,0;27,3;2,7;18,7;2,3;9,4
19;NL:Q:40612075;Hoekenburg;Ede;23,4;15,2;13,2;3,7;5,7;3,9
19;NL:Q:40612076;Hoekenburg;Ede;13,0;21,3;2,3;10,2;1,7;3,4
19;NL:Q:40612077;Kranenburg;Ede;35,3;9,6;23,0;4,6;8,7;3,6
19;NL:Q:40612078;Kranenburg;Ede;9,2;29,4;1,8;19,9;2,3;7,0
19;NL:Q:40612079;Proosdijerveldweg;Ede;3,5;2,5;2,8;1,0;0,9;1,0
19;NL:Q:40612080;Proosdijerveldweg;Ede;2,0;4,5;0,6;2,9;0,3;0,7
19;NL:Q:40612081;Cultura;Ede;9,9;21,8;5,0;26,2;1,7;4,7
19;NL:Q:40612082;Cultura;Ede;11,5;13,8;8,4;6,1;1,2;0,7
19;NL:Q:40612083;Grotestraat;Ede;33,1;29,1;22,1;30,9;6,8;7,0
19;NL:Q:40612084;Grotestraat;Ede;42,9;37,7;50,8;23,7;6,5;6,7
19;NL:Q:40612085;Raadhuis;Ede;45,7;61,4;13,1;19,4;8,4;7,8
19;NL:Q:40612086;Raadhuis;Ede;61,3;41,3;19,6;12,7;9,0;10,4
19;NL:Q:40612087;Doelenstraat;Ede;52,6;36,3;32,6;33,3;9,4;10,0
19;NL:Q:40612088;Doelenstraat;Ede;38,2;72,1;25,0;40,1;8,7;11,5
19;NL:Q:40612089;Politiebureau;Ede;52,2;23,5;37,9;14,9;12,0;5,8
19;NL:Q:40612090;Politiebureau;Ede;25,9;55,1;11,6;35,5;5,9;11,5
19;NL:Q:40612092;Hogewoud;Ede;12,1;13,8;2,4;3,8;2,4;3,0
19;NL:Q:40612095;N224/Veldhuizen;Ede;7,5;3,0;1,4;0,8;1,9;1,0
19;NL:Q:40612096;N224/Veldhuizen;Ede;4,3;7,9;1,0;2,9;0,8;2,8
19;NL:Q:40612097;Stakenberg;Ede;15,0;12,3;4,9;2,3;5,1;2,7
19;NL:Q:40612098;Stakenberg;Ede;11,9;16,0;3,0;6,1;3,0;4,0
19;NL:Q:40612101;Schaapsweg/Molenstraat;Ede;8,8;3,4;4,1;2,2;1,9;0,9
19;NL:Q:40612103;Schaapsweg/Molenstraat;Ede;3,7;10,0;2,1;5,2;1,3;1,1
19;NL:Q:40612105;Station Ede Centrum;Ede;23,6;26,4;11,7;15,8;5,9;7,7
19;NL:Q:40612113;Van Pabstlaan;Ede;0,2;0,1;0,1;0,1;0,0;0,0
19;NL:Q:40612114;Van Pabstlaan;Ede;0,1;0,2;0,0;0,2;0,0;0,0
19;NL:Q:40612115;Eikenlaan;Ede;0,2;0,1;0,0;0,3;0,0;0,0
19;NL:Q:40612116;Eikenlaan;Ede;0,1;0,2;0,2;0,0;0,0;0,0
19;NL:Q:40612118;De Bosrand;Ede;2,2;6,0;1,4;3,7;0,9;2,3
19;NL:Q:40612119;Schutterweg;Ede;3,6;2,7;0,6;0,1;0,1;0,0
19;NL:Q:40612120;Schutterweg;Ede;3,2;4,3;0,5;0,4;0,0;0,1
19;NL:Q:40612121;Cannenburgerbos;Ede;8,3;7,7;1,8;3,3;1,3;2,3
19;NL:Q:40612123;Lagewoud;Ede;7,7;7,4;1,5;3,6;1,4;1,8
19;NL:Q:40612124;Lagewoud;Ede;7,1;7,1;3,2;1,7;1,7;1,2
19;NL:Q:40612125;Dalerveen;Ede;10,3;4,9;3,1;2,5;3,4;2,5
19;NL:Q:40612126;Dalerveen;Ede;5,3;11,6;1,9;3,0;1,5;3,1
19;NL:Q:40612127;Darwinstraat;Ede;14,0;4,7;0,7;0,3;0,1;0,1
19;NL:Q:40612128;Darwinstraat;Ede;3,5;16,1;0,2;0,7;0,1;0,2
19;NL:Q:40612151;Station Ede-Wageningen;Ede;289,3;5,6;164,2;3,4;47,2;0,9
19;NL:Q:40612161;Station Ede-Wageningen;Ede;196,9;3,1;36,9;0,5;27,3;0,5
19;NL:Q:40612162;Station Ede-Wageningen;Ede;257,6;3,2;199,1;4,5;315,5;3,5
19;NL:Q:40612163;Station Ede-Wageningen;Ede;111,5;1,1;45,8;0,2;22,2;0,4
19;NL:Q:40612164;Station Ede-Wageningen;Ede;170,2;1,2;92,5;0,7;92,9;0,6
19;NL:Q:40612166;Station Ede-Wageningen;Ede;135,4;3,7;54,9;1,3;44,2;1,1
19;NL:Q:40612167;Station Ede-Wageningen;Ede;2059,4;2113,0;1184,5;1255,3;1720,7;720,1
19;NL:Q:40612168;Station Ede-Wageningen;Ede;3,9;0,2;0,0;0,0;0,0;0,0
19;NL:Q:40622091;Hogewoud;Ede;23,8;14,4;6,7;3,2;5,5;2,4
19;NL:Q:40622117;De Bosrand;Ede;4,5;2,5;3,1;1,2;2,3;0,7
19;NL:Q:40622119;Driesprong;Ede;5,1;8,0;3,1;1,5;1,6;0,4
19;NL:Q:40622120;Driesprong;Ede;6,2;5,7;0,9;4,3;0,6;2,2
19;NL:Q:40622121;Hoge Valksedijk;Ede;0,9;0,2;0,6;0,1;0,2;0,1
19;NL:Q:40622122;Hoge Valksedijk;Ede;0,1;0,9;0,0;0,9;0,1;0,3
19;NL:Q:40622123;De Valouwe;Ede;0,1;0,2;0,1;0,0;0,1;0,0
19;NL:Q:40622124;De Valouwe;Ede;0,1;0,1;0,2;0,2;0,0;0,1
19;NL:Q:40622126;La Vendula;Ede;0,5;1,6;0,1;1,2;0,0;0,1
19;NL:Q:40631001;School met de Bijbel;De Valk;5,7;0,4;0,0;0,0;0,0;0,0
19;NL:Q:40631002;School met de Bijbel;De Valk;0,3;4,3;0,0;0,0;0,0;0,0
19;NL:Q:40631003;Geref. Gemeente;De Valk;4,4;0,5;0,0;0,0;0,0;0,0
19;NL:Q:40631004;Geref. Gemeente;De Valk;0,2;3,1;0,0;0,0;0,0;0,0
19;NL:Q:40631005;Garage Veldhuizen;De Valk;0,1;0,0;0,0;0,0;0,0;0,0
19;NL:Q:40631009;Cooperatie;De Valk;2,8;0,7;0,0;0,0;0,0;0,0
19;NL:Q:40631010;Cooperatie;De Valk;0,1;0,0;0,0;0,0;0,0;0,0
19;NL:Q:40643008;Hoeve Oud Milligen;Nieuw Milligen;3,2;1,4;0,8;1,3;2,3;0,5
19;NL:Q:40649001;Busstation;Wittenberg;67,2;40,4;19,0;18,4;2,2;1,8
19;NL:Q:40649002;Busstation;Wittenberg;23,9;80,0;11,4;23,0;4,4;13,1
19;NL:Q:40649003;Busstation;Wittenberg;29,6;45,2;9,2;13,4;4,9;4,6
19;NL:Q:40649004;Busstation;Wittenberg;23,6;17,6;6,5;7,0;4,1;5,5
19;NL:Q:40649005;Busstation;Wittenberg;55,1;34,0;23,0;7,6;8,5;7,6
19;NL:Q:40649006;Busstation;Wittenberg;39,5;18,2;8,2;6,0;5,9;3,0
19;NL:Q:40649009;Militair tehuis;Wittenberg;0,1;1,8;0,0;0,6;0,0;0,3
19;NL:Q:40649011;Tolnegenweg;Wittenberg;1,1;1,1;1,2;1,0;1,3;0,5
19;NL:Q:40650001;Wieselseweg;Wenum;4,6;11,6;1,6;5,8;1,8;3,8
19;NL:Q:40650002;Wieselseweg;Wenum;12,8;5,1;4,5;1,3;3,5;1,1
19;NL:Q:40650003;Papegaaiweg;Wenum;6,3;17,5;1,8;8,2;0,8;4,4
19;NL:Q:40650004;Papegaaiweg;Wenum;15,7;6,6;6,8;1,8;4,3;1,0
19;NL:Q:40650006;De Haere;Wenum;3,3;1,5;2,5;0,6;1,8;0,4
19;NL:Q:40651059;Laan van de Dierenriem;Apeldoorn;37,4;27,2;0,0;0,0;0,0;0,0
19;NL:Q:40664001;Oosterbrinkweg;Kootwijkerbroek;0,4;0,3;0,0;0,4;0,0;0,0
19;NL:Q:40664002;Oosterbrinkweg;Kootwijkerbroek;0,3;0,3;0,6;0,0;0,1;0,1
19;NL:Q:40664003;Garderbroekerweg;Kootwijkerbroek;3,9;4,4;0,5;1,2;0,1;0,6
19;NL:Q:40664004;Garderbroekerweg;Kootwijkerbroek;4,1;3,5;0,8;0,6;0,4;0,1
19;NL:Q:40664007;Kosterijweg;Kootwijkerbroek;10,6;6,7;2,2;2,1;1,1;0,8
19;NL:Q:40664008;Kosterijweg;Kootwijkerbroek;4,8;9,4;2,0;2,5;0,4;1,1
19;NL:Q:40664009;Essenerweg;Kootwijkerbroek;12,1;11,6;0,9;1,7;0,3;0,7
19;NL:Q:40664010;Essenerweg;Kootwijkerbroek;11,9;11,4;2,7;1,4;0,4;0,2
19;NL:Q:40664011;Nachtegaalweg;Kootwijkerbroek;0,8;3,4;1,5;1,1;0,0;0,5
19;NL:Q:40664012;Nachtegaalweg;Kootwijkerbroek;1,7;0,9;0,9;0,5;0,1;0,0
19;NL:Q:40664013;Wencopperweg;Kootwijkerbroek;2,6;2,4;0,3;0,2;0,1;0,1
19;NL:Q:40664014;Wencopperweg;Kootwijkerbroek;1,9;2,5;0,4;0,4;0,0;0,0
19;NL:Q:40664015;Gereformeerde Kerk;Kootwijkerbroek;0,6;1,8;0,1;0,6;0,1;0,2
19;NL:Q:40664016;Gereformeerde Kerk;Kootwijkerbroek;1,6;0,6;0,3;0,4;0,2;0,1
19;NL:Q:40665002;Esvelderweg;Barneveld;0,4;0,8;0,1;0,2;0,0;0,1
19;NL:Q:40671035;Koningin Julianatoren;Apeldoorn;1,0;7,9;2,0;14,1;1,0;8,8
19;NL:Q:40679006;Echoput;Hoog Soeren;3,2;1,0;3,3;0,3;2,3;0,2
19;NL:Q:40680001;Huis Voorstonden;Voorstonden;0,2;0,5;0,1;0,0;0,0;0,0
19;NL:Q:40680002;Huis Voorstonden;Voorstonden;0,0;0,1;0,0;0,1;0,0;0,0
19;NL:Q:40680003;Halte de Molen;Voorstonden;0,4;0,2;0,1;0,0;0,0;0,0
19;NL:Q:40680004;Halte de Molen;Voorstonden;0,1;0,5;0,0;0,1;0,0;0,0
19;NL:Q:40682001;School met de Bijbel;Tonden;0,3;0,1;0,1;0,0;0,0;0,0
19;NL:Q:40682002;School met de Bijbel;Tonden;0,0;0,9;0,0;0,2;0,0;0,0
19;NL:Q:40682003;ABK huis;Hall;0,8;0,2;0,5;0,1;0,0;0,0
19;NL:Q:40682004;ABK huis;Hall;0,1;0,9;0,2;0,6;0,0;0,0
19;NL:Q:40682005;Hogestraat;Hall;2,1;2,1;0,3;0,2;0,0;0,0
19;NL:Q:40682007;School;Hall;2,9;0,5;0,1;0,0;0,0;0,0
19;NL:Q:40682008;School;Hall;0,3;2,4;0,0;0,2;0,0;0,0
19;NL:Q:40685001;Buurtweg;Oeken;0,7;0,1;0,1;0,0;0,0;0,0
19;NL:Q:40685002;Buurtweg;Oeken;0,0;0,9;0,0;0,1;0,0;0,0
19;NL:Q:40712009;Pascalstraat;Ede;30,0;25,4;5,5;9,4;3,0;5,3
19;NL:Q:40712010;Pascalstraat;Ede;24,9;37,2;9,5;3,2;5,3;2,8
19;NL:Q:40712011;Lumierestraat;Ede;10,3;5,6;0,8;1,4;1,1;0,4
19;NL:Q:40712012;Lumierestraat;Ede;5,0;12,6;2,0;0,6;0,3;1,1
19;NL:Q:40712013;Niels Bohrstraat;Ede;19,3;6,6;1,1;0,9;0,6;0,4
19;NL:Q:40712014;Niels Bohrstraat;Ede;8,6;23,6;1,1;1,4;0,7;1,0
19;NL:Q:40712019;Pakhuisweg;Ede;4,1;3,2;1,5;1,5;0,8;0,3
19;NL:Q:40712020;Pakhuisweg;Ede;1,0;3,7;1,2;1,6;0,1;0,8
19;NL:Q:40712021;Kievitsmeent;Ede;5,3;4,9;0,7;0,7;0,4;0,2
19;NL:Q:40712022;Kievitsmeent;Ede;3,5;5,9;0,1;0,6;0,0;0,1
19;NL:Q:40712137;Einsteinstraat;Ede;4,5;13,8;2,4;7,0;0,4;2,2
19;NL:Q:40712138;Einsteinstraat;Ede;11,8;7,8;7,7;3,6;2,1;1,4
19;NL:Q:40712159;Amperestraat;Ede;25,7;10,4;1,4;0,9;0,4;0,1
19;NL:Q:40712160;Amperestraat;Ede;8,2;31,7;0,5;2,8;0,2;0,4
19;NL:Q:40712161;Doornlaan;Ede;0,0;0,3;0,0;0,1;0,0;0,0
19;NL:Q:40712162;Doornlaan;Ede;0,3;0,0;0,1;0,0;0,0;0,0
19;NL:Q:40715013;Buurtlaan-Oost;Veenendaal;7,4;2,5;0,5;0,2;0,3;0,2
19;NL:Q:40726001;Hooiweg;Garderen;3,3;5,8;2,9;5,7;0,4;1,2
19;NL:Q:40726002;Hooiweg;Garderen;5,7;3,3;5,6;3,6;1,3;0,3
19;NL:Q:40726003;Bakkerstraat;Garderen;17,5;33,0;4,7;13,6;1,7;4,5
19;NL:Q:40726004;Bakkerstraat;Garderen;36,7;19,3;14,3;6,4;4,3;1,8
19;NL:Q:40726005;West-end;Garderen;0,7;4,8;0,3;1,6;1,1;1,0
19;NL:Q:40726006;West-end;Garderen;4,9;1,0;1,2;0,6;0,7;0,2
19;NL:Q:40726007;Heideheuvel;Garderen;0,8;3,3;0,8;1,8;0,6;0,8
19;NL:Q:40726008;Heideheuvel;Garderen;3,0;0,9;1,4;1,2;1,4;0,3
19;NL:Q:40726009;De Hertshoorn;Garderen;0,9;1,5;1,3;1,9;0,6;0,9
19;NL:Q:40726010;De Hertshoorn;Garderen;1,6;0,8;1,8;1,5;1,7;0,5
19;NL:Q:40726011;Veluw Hul;Garderen;0,2;0,9;0,2;1,1;0,2;0,8
19;NL:Q:40726012;Veluw Hul;Garderen;0,6;0,2;0,8;0,1;0,9;0,1
19;NL:Q:40726013;Kastelenhof;Garderen;0,3;0,6;0,2;0,7;0,0;0,0
19;NL:Q:40726015;Houtdorp;Garderen;0,0;0,0;0,2;0,0;0,0;0,0
19;NL:Q:40726016;Houtdorp;Garderen;0,0;0,0;0,0;0,2;0,0;0,0
19;NL:Q:40746011;Bosweg;Voorthuizen;3,2;1,5;1,8;1,0;1,9;0,3
19;NL:Q:40746013;Hunnenweg;Voorthuizen;1,4;3,9;0,3;0,6;0,5;0,2
19;NL:Q:40746014;Hunnenweg;Voorthuizen;3,9;1,6;0,5;0,7;0,3;0,5
19;NL:Q:40746015;De Zanderij;Voorthuizen;9,0;4,4;3,7;2,1;3,7;0,7
19;NL:Q:40746016;De Zanderij;Voorthuizen;4,9;8,8;2,5;3,8;1,5;3,1
19;NL:Q:40746017;De IJsvogel;Voorthuizen;2,7;1,7;2,1;1,8;1,5;0,6
19;NL:Q:40746018;De IJsvogel;Voorthuizen;1,7;3,4;1,9;3,2;0,5;1,7
19;NL:Q:40749006;Tolnegenweg;Wittenberg;0,9;0,9;0,7;1,3;0,4;0,3
19;NL:Q:40750001;Station;Lunteren;13,5;2,6;2,4;1,2;0,0;0,0
19;NL:Q:40750003;Roskammersteeg;Lunteren;0,0;0,6;0,0;0,4;0,0;0,0
19;NL:Q:40750004;Roskammersteeg;Lunteren;0,6;0,0;0,3;0,0;0,0;0,0
19;NL:Q:40750005;Hertenlaan;Lunteren;0,0;0,4;0,0;0,2;0,0;0,0
19;NL:Q:40750006;Hertenlaan;Lunteren;0,2;0,0;0,1;0,0;0,0;0,0
19;NL:Q:40750007;Everlaan;Lunteren;0,6;0,5;0,1;0,1;0,0;0,0
19;NL:Q:40750009;Viaduct;Lunteren;0,1;0,2;0,0;0,1;0,0;0,0
19;NL:Q:40750010;Viaduct;Lunteren;0,3;0,2;0,0;0,0;0,0;0,0
19;NL:Q:40750013;De Molen;Lunteren;0,0;0,2;0,1;0,1;0,0;0,0
19;NL:Q:40750014;De Molen;Lunteren;0,4;0,1;0,1;0,0;0,0;0,0
19;NL:Q:40750015;De Wormshoef;Lunteren;11,0;0,4;0,0;0,2;0,0;0,0
19;NL:Q:40750016;De Wormshoef;Lunteren;0,8;7,8;0,1;0,0;0,0;0,0
19;NL:Q:40751003;Rehoboth;Meulunteren;1,1;0,5;0,0;0,1;0,0;0,0
19;NL:Q:40751004;Rehoboth;Meulunteren;0,5;1,0;0,1;0,0;0,0;0,0
19;NL:Q:40751005;Bijweg;Meulunteren;0,4;0,3;0,0;0,1;0,0;0,0
19;NL:Q:40751006;Bijweg;Meulunteren;0,1;0,1;0,0;0,0;0,0;0,0
19;NL:Q:40751011;Hessenweg;Meulunteren;0,7;0,6;0,0;0,4;0,0;0,0
19;NL:Q:40751012;Hessenweg;Meulunteren;0,5;1,0;0,2;0,0;0,0;0,0
19;NL:Q:40755075;Schaffelaartheater;Barneveld;0,0;1,4;0,0;0,7;0,0;0,0
19;NL:Q:40755085;Schaffelaartheater;Barneveld;0,7;0,0;0,6;0,0;0,0;0,0
19;NL:Q:40765001;Esvelderweg;Barneveld;0,7;0,7;0,2;0,1;0,1;0,3
19;NL:Q:40765005;Norschoterweg;Barneveld;0,4;0,4;0,2;0,2;0,1;0,1
19;NL:Q:40765006;Norschoterweg;Barneveld;0,7;1,4;0,0;0,2;0,0;0,1
19;NL:Q:40765007;Praktijkschool Barneveld;Barneveld;49,8;53,8;0,8;0,5;0,4;0,1
19;NL:Q:40765008;Praktijkschool Barneveld;Barneveld;29,9;48,9;0,2;0,7;0,3;0,6
19;NL:Q:40765009;Julianaplein;Barneveld;4,3;2,8;1,3;0,4;0,6;0,4
19;NL:Q:40765010;Julianaplein;Barneveld;2,7;5,4;0,2;1,3;0,1;0,3
19;NL:Q:40765011;Van Dompselaerstraat;Barneveld;3,9;1,2;0,5;0,5;0,5;0,2
19;NL:Q:40765012;Van Dompselaerstraat;Barneveld;1,0;4,5;0,4;1,3;0,1;0,4
19;NL:Q:40765013;Station Barneveld Centrum;Barneveld;119,7;76,7;34,2;20,5;16,2;8,3
19;NL:Q:40765014;Station Barneveld Centrum;Barneveld;110,7;96,0;23,2;30,6;13,2;16,0
19;NL:Q:40765015;Vliegersvelderlaan;Barneveld;0,6;6,8;0,0;1,2;0,0;0,5
19;NL:Q:40765016;Vliegersvelderlaan;Barneveld;7,1;0,9;1,1;0,1;0,6;0,1
19;NL:Q:40765017;Van Wijnbergenlaan;Barneveld;0,3;2,4;0,1;0,3;0,1;0,6
19;NL:Q:40765018;Van Wijnbergenlaan;Barneveld;1,9;0,5;0,3;0,1;0,2;0,1
19;NL:Q:40765023;Torenplein;Barneveld;0,4;0,1;0,2;0,1;0,0;0,0
19;NL:Q:40765024;Torenplein;Barneveld;0,0;0,8;0,0;0,3;0,0;0,0
19;NL:Q:40765029;Narcissenstraat;Barneveld;1,8;1,3;0,5;0,2;0,0;0,0
19;NL:Q:40765030;Narcissenstraat;Barneveld;1,7;1,8;0,7;0,5;0,0;0,0
19;NL:Q:40765031;Begraafplaats De Plantage;Barneveld;0,8;0,9;0,2;0,2;0,0;0,0
19;NL:Q:40765032;Begraafplaats De Plantage;Barneveld;0,7;0,7;0,1;0,2;0,0;0,0
19;NL:Q:40765041;Nijkerkerweg;Barneveld;1,8;2,3;0,0;0,0;0,0;0,0
19;NL:Q:40765042;Nijkerkerweg;Barneveld;2,0;2,1;0,0;0,0;0,0;0,0
19;NL:Q:40765045;Evenementenhal;Barneveld;0,5;1,5;0,0;0,0;0,0;0,0
19;NL:Q:40765046;Evenementenhal;Barneveld;0,7;1,0;0,0;0,0;0,0;0,0
19;NL:Q:40765047;Troelstralaan;Barneveld;0,4;4,1;0,0;0,0;0,0;0,0
19;NL:Q:40765048;Troelstralaan;Barneveld;3,2;0,5;0,0;0,0;0,0;0,0
19;NL:Q:40765055;De Meerwaarde;Barneveld;0,3;0,5;0,0;0,0;0,0;0,0
19;NL:Q:40765061;Churchillstraat;Barneveld;0,1;0,3;0,0;0,1;0,0;0,0
19;NL:Q:40765062;Churchillstraat;Barneveld;0,2;0,6;0,1;0,7;0,0;0,0
19;NL:Q:40765068;Nieuwe Markt;Barneveld;0,8;0,8;0,9;0,5;0,0;0,0
19;NL:Q:40765073;Vellerselaan;Barneveld;0,0;1,0;0,0;0,0;0,0;0,0
19;NL:Q:40765074;Vellerselaan;Barneveld;0,9;0,0;0,0;0,0;0,0;0,0
19;NL:Q:40779002;Het Aardhuis;Hoog Soeren;1,2;1,1;0,4;0,5;0,4;0,6
19;NL:Q:40779003;Oranjeoord;Hoog Soeren;0,5;0,8;0,2;0,4;0,2;0,3
19;NL:Q:40779004;Oranjeoord;Hoog Soeren;1,4;1,1;0,3;0,3;0,3;0,1
19;NL:Q:40779005;Echoput;Hoog Soeren;0,4;3,8;0,2;4,5;0,3;2,7
19;NL:Q:40783001;Kruispunt;Nieuw Millingen;5,2;14,8;2,1;12,9;2,2;9,5
19;NL:Q:40783002;Kruispunt;Nieuw Millingen;12,0;6,4;9,1;2,8;7,7;1,7
19;NL:Q:40783003;Kon. Luchtmacht;Nieuw Milligen;0,5;2,6;0,1;0,2;0,0;0,6
19;NL:Q:40783004;Kon. Luchtmacht;Nieuw Milligen;2,3;0,6;0,1;0,2;0,1;0,1
19;NL:Q:40783005;Ouwendorperweg;Nieuw Milligen;0,7;2,4;0,1;0,6;0,1;0,1
19;NL:Q:40783006;Ouwendorperweg;Nieuw Milligen;2,5;0,8;0,6;0,2;0,3;0,2
19;NL:Q:40783007;Hoeve Oud Milligen;Nieuw Milligen;0,6;4,4;0,5;1,8;0,7;0,9
19;NL:Q:40783010;Bos en Heide;Nieuw Milligen;1,7;0,1;0,0;0,0;0,0;0,0
19;NL:Q:40783011;Meerveld;Nieuw Milligen;0,6;4,9;0,0;0,0;0,0;0,0
19;NL:Q:40783012;Meerveld;Nieuw Milligen;3,3;0,9;0,0;0,0;0,0;0,0
19;NL:Q:40789001;Het Aardhuis;Hoog Soeren;2,0;5,0;0,3;0,6;0,4;0,4
19;NL:Q:40800325;Stationsstraat;Veenendaal;0,2;1,1;0,1;0,4;0,0;0,0
19;NL:Q:40800326;Stationsstraat;Veenendaal;0,1;0,2;0,1;0,0;0,0;0,0
19;NL:Q:40800390;De Grote Pekken;Veenendaal;18,4;2,1;3,6;0,4;2,7;0,2
19;NL:Q:40800400;De Grote Pekken;Veenendaal;1,1;20,5;0,5;4,8;0,1;4,1
19;NL:Q:40800410;Rembrandtpark;Veenendaal;8,3;3,6;2,2;1,2;0,0;0,0
19;NL:Q:40800420;Rembrandtpark;Veenendaal;3,8;6,5;1,7;2,3;0,0;0,0
19;NL:Q:40800430;Rossiniweg;Veenendaal;2,0;4,2;0,1;0,6;0,0;0,0
19;NL:Q:40800440;Jan Vermeerstraat;Veenendaal;1,8;2,6;0,4;0,6;0,0;0,0
19;NL:Q:40800450;Jan Vermeerstraat;Veenendaal;2,4;1,4;0,2;0,8;0,0;0,0
19;NL:Q:40800470;Station West;Veenendaal;8,8;6,3;1,5;2,2;0,0;0,0
19;NL:Q:40800480;Station West;Veenendaal;7,1;7,5;1,6;1,3;0,0;0,0
19;NL:Q:40800490;Boekvink;Veenendaal;2,4;6,6;0,3;1,3;0,0;0,0
19;NL:Q:40800500;Boekvink;Veenendaal;6,6;2,0;0,9;0,1;0,0;0,0
19;NL:Q:40800510;Tuinfluiter;Veenendaal;2,8;5,1;0,2;0,3;0,0;0,0
19;NL:Q:40800520;Tuinfluiter;Veenendaal;4,9;1,8;0,2;0,3;0,0;0,0
19;NL:Q:40800610;Spitsbergenweg;Veenendaal;2,7;15,2;1,1;3,2;0,6;1,3
19;NL:Q:40800620;Spitsbergenweg;Veenendaal;16,3;3,5;2,6;1,4;1,4;0,5
19;NL:Q:40800630;De Meent;Veenendaal;4,2;16,9;0,4;1,5;0,4;1,1
19;NL:Q:40800640;De Meent;Veenendaal;19,5;4,9;1,2;0,6;1,4;0,3
19;NL:Q:40800700;'t Kofschip;Veenendaal;3,5;5,0;0,5;0,6;0,0;0,0
19;NL:Q:40800710;'t Kofschip;Veenendaal;3,6;3,3;0,6;1,0;0,0;0,0
19;NL:Q:40800800;Rossiniweg;Veenendaal;4,8;2,0;0,4;0,2;0,0;0,0
19;NL:Q:40800820;Zwaaiplein;Veenendaal;1,6;0,7;0,6;0,6;0,0;0,0
19;NL:Q:40800830;Zwaaiplein;Veenendaal;0,9;2,1;0,4;0,8;0,0;0,0
19;NL:Q:40800910;Arsenaal;Veenendaal;2,2;1,0;0,2;0,1;0,0;0,0
19;NL:Q:40800920;Arsenaal;Veenendaal;0,8;2,5;0,2;0,2;0,0;0,0
19;NL:Q:40800930;Kazemat;Veenendaal;0,6;0,4;0,3;0,1;0,0;0,0
19;NL:Q:40800940;Kazemat;Veenendaal;0,6;0,5;0,1;0,4;0,0;0,0
19;NL:Q:40800960;Händellaan;Veenendaal;3,5;1,9;0,6;1,0;0,0;0,0
19;NL:Q:40800970;Händellaan;Veenendaal;2,2;2,1;0,1;0,4;0,0;0,0
19;NL:Q:40800980;Smetanadreef;Veenendaal;4,1;1,8;0,5;0,6;0,0;0,0
19;NL:Q:40800990;Smetanadreef;Veenendaal;2,4;5,1;0,7;0,9;0,0;0,0
19;NL:Q:40801300;Landjuweel;Veenendaal;1,7;11,5;0,6;1,4;0,0;0,0
19;NL:Q:40801310;Landjuweel;Veenendaal;10,4;2,0;0,5;0,3;0,0;0,0
19;NL:Q:40801320;Klovenier;Veenendaal;0,3;6,0;0,0;0,6;0,0;0,0
19;NL:Q:40801330;Klovenier;Veenendaal;4,3;0,4;0,1;0,0;0,0;0,0
19;NL:Q:40801350;De Schutterij;Veenendaal;4,1;2,1;1,2;0,4;0,0;0,0
19;NL:Q:40801410;Regge;Veenendaal;3,2;4,0;0,6;0,6;0,0;0,0
19;NL:Q:40801420;Regge;Veenendaal;5,2;3,6;1,0;0,9;0,0;0,0
19;NL:Q:40801480;Stat. Centrum/Kerkewijk;Veenendaal;11,8;73,3;2,9;15,4;0,0;0,0
19;NL:Q:40801510;Munnikenweg;Veenendaal;4,9;13,9;0,3;1,4;0,0;0,0
19;NL:Q:40801520;Munnikenweg;Veenendaal;13,6;4,2;0,9;0,3;0,0;0,0
19;NL:Q:40801530;De Schutterij;Veenendaal;1,3;5,0;0,3;1,9;0,0;0,0
19;NL:Q:40801540;Stat. Centrum/Rembrandtlaan;Veenendaal;3,4;2,7;0,6;1,0;0,0;0,0
19;NL:Q:40802001;Heuvelsesteeg;Overberg;0,6;0,7;0,1;0,2;0,0;0,0
19;NL:Q:40802003;Bergweg;Overberg;0,3;0,6;0,1;0,4;0,0;0,0
19;NL:Q:40802005;De Ossenberg;Overberg;1,5;1,0;0,8;0,7;0,0;0,0
19;NL:Q:40802007;Rijksinrichting de Overberg;Overberg;0,1;0,1;0,2;0,0;0,0;0,0
19;NL:Q:40802009;Driesprong;Overberg;0,5;0,6;0,6;0,4;0,0;0,0
19;NL:Q:40802011;Slaperdijk;Overberg;0,1;0,1;0,1;0,0;0,0;0,0
19;NL:Q:40802014;Haarweg School;Overberg;0,1;0,1;0,0;0,2;0,0;0,0
19;NL:Q:40802016;Haspel;Overberg;0,0;0,0;0,0;0,0;0,0;0,0
19;NL:Q:40802018;Overweg;Overberg;0,0;0,1;0,0;0,1;0,0;0,0
19;NL:Q:40805005;Prins Clauslaan;Veenendaal;13,0;5,2;3,0;1,8;1,7;1,6
19;NL:Q:40805006;Prins Clauslaan;Veenendaal;7,3;25,5;2,4;9,2;1,6;2,2
19;NL:Q:40805007;Sirius;Veenendaal;36,2;11,5;6,3;2,8;4,6;4,0
19;NL:Q:40805008;Sirius;Veenendaal;12,6;32,9;3,3;5,2;2,4;3,9
19;NL:Q:40805014;Buurtlaan-Oost;Veenendaal;1,4;9,6;0,2;1,1;0,1;0,3
19;NL:Q:40805015;Van Veldekelaan;Veenendaal;0,4;0,1;0,0;0,1;0,0;0,0
19;NL:Q:40805016;Van Veldekelaan;Veenendaal;0,1;0,6;0,0;0,3;0,0;0,0
19;NL:Q:40805017;Station West;Veenendaal;0,4;1,4;0,4;0,8;0,0;0,0
19;NL:Q:40805018;Station West;Veenendaal;1,2;0,8;0,9;0,3;0,0;0,0
19;NL:Q:40805027;Politiebureau;Veenendaal;34,2;6,0;10,9;2,0;4,9;1,1
19;NL:Q:40805028;Politiebureau;Veenendaal;4,4;45,0;1,0;14,6;0,4;8,8
19;NL:Q:40805037;'t Boveneind;Veenendaal;0,6;0,4;0,0;0,1;0,0;0,0
19;NL:Q:40805038;'t Boveneind;Veenendaal;0,2;0,8;0,2;0,2;0,0;0,0
19;NL:Q:40805120;Stat. Centrum/Plein;Veenendaal;175,2;69,8;32,0;10,3;26,1;16,9
19;NL:Q:40806010;Centrum/ Wolweg;Veenendaal;1,0;1,5;1,1;0,9;0,0;0,0
19;NL:Q:40806020;Centrum/ Wolweg;Veenendaal;1,1;0,9;0,7;1,1;0,0;0,0
19;NL:Q:40829001;De Rusthoeve;Koudhoorn;0,3;2,1;0,2;0,7;0,1;0,4
19;NL:Q:40829002;De Rusthoeve;Koudhoorn;1,9;0,4;0,7;0,4;0,2;0,1
19;NL:Q:40829003;Mooi Veluwe;Koudhoorn;2,0;6,4;1,5;4,0;1,0;3,1
19;NL:Q:40829004;Mooi Veluwe;Koudhoorn;5,5;1,8;4,9;1,2;4,3;0,4
19;NL:Q:40829005;Landgoed Groot Spriel;Koudhoorn;0,0;0,2;0,0;0,2;0,0;0,1
19;NL:Q:40829006;Landgoed Groot Spriel;Koudhoorn;0,1;0,1;0,0;0,0;0,1;0,1
19;NL:Q:40829007;School Schovenhorst;Koudhoorn;0,8;1,2;0,3;0,4;0,7;0,1
19;NL:Q:40829010;Landgoed Schovenhorst;Koudhoorn;0,6;0,7;0,6;0,5;0,7;0,4
19;NL:Q:40883009;Bos en Heide;Nieuw Milligen;0,2;1,7;0,0;0,0;0,0;0,0
19;NL:Q:40885006;Openbare Basisschool;Oeken;0,2;0,1;0,1;0,0;0,0;0,0
19;NL:Q:40885007;Openbare Basisschool;Oeken;0,0;0,6;0,0;0,2;0,0;0,0
19;NL:Q:40887001;Garderenseweg;Uddel;0,4;0,2;0,0;0,0;0,0;0,0
19;NL:Q:40887002;Garderenseweg;Uddel;0,2;0,5;0,0;0,0;0,0;0,0
19;NL:Q:40887003;Cafe Uddelermeer;Uddel;2,1;3,4;1,5;1,8;0,4;1,2
19;NL:Q:40887004;Cafe Uddelermeer;Uddel;3,3;2,5;1,2;1,6;0,7;0,3
19;NL:Q:40887005;Bleeke Hoeve;Uddel;1,0;2,6;0,4;0,9;0,0;0,2
19;NL:Q:40887006;Bleeke Hoeve;Uddel;1,7;1,4;1,0;0,6;0,3;0,2
19;NL:Q:40887007;Uttilochweg;Uddel;20,6;25,3;3,4;5,0;0,1;0,5
19;NL:Q:40887008;Uttilochweg;Uddel;26,9;18,2;5,6;2,8;0,9;0,2
19;NL:Q:40887009;Markveldweg;Uddel;9,7;14,9;1,8;1,8;0,5;0,2
19;NL:Q:40887010;Markveldweg;Uddel;22,5;11,5;2,3;2,2;0,2;0,4
19;NL:Q:40887012;Noord Riezen;Uddel;0,4;0,4;0,1;0,2;0,1;0,0
19;NL:Q:40982002;Hooiweg/Middenweg;Elspeet;0,2;0,9;0,0;0,0;0,0;0,1
19;NL:Q:40982003;Veenweg;Elspeet;1,6;4,0;0,1;0,0;0,0;0,0
19;NL:Q:40982004;Veenweg;Elspeet;5,1;1,1;0,0;0,0;0,0;0,0
19;NL:Q:40982005;Gerrit Mouwweg;Elspeet;2,2;1,7;0,1;0,0;0,1;0,0
19;NL:Q:40982006;Gerrit Mouwweg;Elspeet;1,7;2,9;0,0;0,1;0,0;0,1
19;NL:Q:40982007;Centrum;Elspeet;23,2;35,2;5,9;3,6;1,3;0,6
19;NL:Q:40982008;Centrum;Elspeet;36,4;20,8;4,3;4,9;0,5;0,5
19;NL:Q:40982009;Kleine Kolonieweg;Elspeet;3,5;3,5;1,3;1,0;0,3;0,1
19;NL:Q:40982010;Kleine Kolonieweg;Elspeet;3,9;3,2;0,7;1,4;0,2;0,1
19;NL:Q:40982011;Bosrand;Elspeet;1,0;0,3;0,4;0,3;0,1;0,1
19;NL:Q:40982012;Bosrand;Elspeet;0,3;1,2;0,3;0,5;0,0;0,1
19;NL:Q:40982021;Landgoed Noorderheide;Elspeet;0,1;0,7;0,1;0,2;0,0;0,0
19;NL:Q:40982025;Sluiterweg;Elspeet;6,2;1,1;1,6;0,4;0,3;0,0
19;NL:Q:40982026;Sluiterweg;Elspeet;1,1;6,3;0,2;2,0;0,0;0,3
19;NL:Q:40982027;Vierhouterweg;Elspeet;12,0;4,1;2,8;1,4;0,5;0,3
19;NL:Q:40982028;Vierhouterweg;Elspeet;3,2;9,9;1,0;3,2;0,3;0,4
19;NL:Q:40987011;Noord Riezen;Uddel;0,2;0,5;0,2;0,1;0,0;0,1
19;NL:Q:41220010;Avegoor;Ellecom;3,6;2,6;2,7;1,9;0,9;0,7
19;NL:Q:41220030;Oprijlaan Middachten;De Steeg;0,6;1,2;0,5;0,8;0,3;0,4
19;NL:Q:41220040;Oprijlaan Middachten;De Steeg;0,2;0,6;0,2;0,3;0,2;0,2
19;NL:Q:41220050;Smidsallee;De Steeg;0,7;0,8;0,2;0,3;0,2;0,1
19;NL:Q:41220060;Smidsallee;De Steeg;1,0;1,2;0,4;0,3;0,2;0,2
19;NL:Q:41220070;Brantsenpark;De Steeg;13,5;10,3;7,2;3,3;2,6;1,2
19;NL:Q:41220080;Brantsenpark;De Steeg;9,0;14,4;3,5;8,2;1,0;3,0
19;NL:Q:41220090;Viaduct;De Steeg;1,4;0,6;0,4;0,1;0,1;0,1
19;NL:Q:41220100;Viaduct;De Steeg;0,3;1,4;0,1;0,4;0,1;0,1
19;NL:Q:41220110;Rozenbos;Rheden;2,4;0,6;1,2;0,5;0,2;0,1
19;NL:Q:41220120;Rozenbos;Rheden;0,5;2,3;0,5;1,3;0,2;0,3
19;NL:Q:41220130;Pinkelseweg;Rheden;0,6;0,7;0,2;0,3;0,1;0,1
19;NL:Q:41220140;Pinkelseweg;Rheden;0,6;0,5;0,1;0,2;0,1;0,1
19;NL:Q:41220150;Groenestraat;Rheden;13,5;8,3;11,1;6,3;4,8;2,5
19;NL:Q:41220160;Groenestraat;Rheden;10,7;13,5;5,2;10,1;2,2;3,9
19;NL:Q:41220170;Holtbankseweg;Rheden;3,4;2,1;2,0;1,1;0,8;0,2
19;NL:Q:41220180;Holtbankseweg;Rheden;1,8;5,4;0,5;3,1;0,2;1,4
19;NL:Q:41220190;Rhederhof;Rheden;7,8;4,2;9,6;2,0;3,2;0,5
19;NL:Q:41220200;Rhederhof;Rheden;5,1;8,9;2,1;10,3;0,5;4,3
19;NL:Q:41220220;Hotel De Roskam;Rheden;1,2;2,0;1,4;3,1;0,4;0,7
19;NL:Q:41320111;Station Dieren;Dieren;46,2;73,1;20,8;31,0;7,5;10,9
19;NL:Q:41320112;Station Dieren;Dieren;71,3;43,3;33,1;14,9;11,0;6,0
19;NL:Q:41320150;Hofstetten;Ellecom;2,7;2,0;1,2;2,3;0,5;0,4
19;NL:Q:41320160;Hofstetten;Ellecom;1,7;2,7;0,9;1,4;0,3;0,7
19;NL:Q:41320170;Dorp;Ellecom;7,8;4,1;4,2;2,0;2,4;0,8
19;NL:Q:41320180;Dorp;Ellecom;5,3;7,7;2,0;4,8;0,9;2,6
19;NL:Q:41320200;Avegoor;Ellecom;1,8;3,8;1,9;2,9;0,8;1,0
19;NL:Q:41327003;Callunaplein;Dieren;16,0;8,5;6,6;5,0;2,0;0,9
19;NL:Q:41327004;Callunaplein;Dieren;10,7;20,8;5,9;8,3;1,5;2,2
19;NL:Q:41327005;Rode Kruislaan;Dieren;13,7;7,2;5,7;2,9;2,0;1,0
19;NL:Q:41327006;Rode Kruislaan;Dieren;6,5;12,8;2,0;4,9;0,5;1,8
19;NL:Q:41327007;Geitenbergweg;Dieren;19,8;6,3;9,5;2,8;3,5;1,2
19;NL:Q:41327008;Geitenbergweg;Dieren;6,4;19,8;3,2;10,0;0,6;3,7
19;NL:Q:41327009;Crematorium;Dieren;6,9;3,0;3,2;1,6;0,8;0,4
19;NL:Q:41327010;Crematorium;Dieren;3,8;7,1;1,7;4,4;0,4;1,6
19;NL:Q:41327011;Cederlaan;Dieren;17,4;6,4;10,3;2,1;4,2;0,6
19;NL:Q:41327012;Cederlaan;Dieren;4,5;17,7;1,9;10,1;1,1;3,1
19;NL:Q:41448023;Hazenberg;Brummen;0,0;0,3;0,0;0,0;0,0;0,0
19;NL:Q:41448024;Hazenberg;Brummen;0,2;0,0;0,0;0,0;0,0;0,0
19;NL:Q:41448027;Arnhemsestraat;Leuvenheim;2,3;1,2;0,3;0,2;0,0;0,0
19;NL:Q:41448031;Hoofdstraat;Leuvenheim;0,5;0,2;0,1;0,0;0,0;0,0
19;NL:Q:41448033;School;Leuvenheim;0,1;0,1;0,1;0,0;0,0;0,0
19;NL:Q:41448035;Spankerenseweg;Leuvenheim;0,1;0,1;0,0;0,0;0,0;0,0
19;NL:Q:41448037;Het Bret;Brummen;0,3;0,0;0,3;0,0;0,0;0,0
19;NL:Q:41448038;Het Bret;Brummen;0,0;0,6;0,0;0,2;0,0;0,0
19;NL:Q:41448039;De Pothof;Brummen;0,1;0,0;0,0;0,0;0,0;0,0
19;NL:Q:41448040;De Pothof;Brummen;0,0;0,2;0,0;0,1;0,0;0,0
19;NL:Q:41448043;Tolzicht;Brummen;0,1;0,1;0,1;0,0;0,0;0,0
19;NL:Q:41448044;Tolzicht;Brummen;0,0;0,2;0,0;0,1;0,0;0,0
19;NL:Q:41448045;Centrum;Brummen;4,6;4,1;1,6;1,5;0,0;0,0
19;NL:Q:41448047;Cortenoeverseweg;Brummen;1,3;0,0;0,6;0,0;0,0;0,0
19;NL:Q:41448048;Cortenoeverseweg;Brummen;0,0;0,6;0,0;0,3;0,0;0,0
19;NL:Q:41448049;Kampweg;Brummen;8,9;0,6;3,7;0,1;0,0;0,0
19;NL:Q:41448050;Kampweg;Brummen;0,1;7,5;0,0;1,9;0,0;0,0
19;NL:Q:41448051;Meengatstraat;Brummen;0,8;0,1;0,6;0,0;0,0;0,0
19;NL:Q:41448052;Meengatstraat;Brummen;0,0;0,9;0,0;0,7;0,0;0,0
19;NL:Q:41448053;Berkelder;Brummen;0,4;0,1;0,2;0,0;0,0;0,0
19;NL:Q:41448054;Berkelder;Brummen;0,0;0,7;0,0;0,2;0,0;0,0
19;NL:Q:41448055;Elzenbosweg;Brummen;3,4;1,1;1,8;0,7;0,0;0,0
19;NL:Q:41448056;Elzenbosweg;Brummen;0,8;3,1;0,6;1,5;0,0;0,0
19;NL:Q:41448057;Michaelshoeve;Brummen;3,1;0,5;0,6;0,1;0,0;0,0
19;NL:Q:41448058;Michaelshoeve;Brummen;0,0;3,0;0,0;0,2;0,0;0,0
19;NL:Q:41448061;Station;Brummen;15,1;1,2;0,4;0,1;0,0;0,0
19;NL:Q:41448062;Station;Brummen;0,9;12,9;0,1;0,2;0,0;0,0
19;NL:Q:41448066;De Hulsthoeve;Brummen;0,0;0,1;0,0;0,0;0,0;0,0
19;NL:Q:41448067;De Hulsthoeve;Brummen;0,0;0,1;0,0;0,0;0,0;0,0
19;NL:Q:41448069;Dierenseweg;Eerbeek;0,9;0,0;0,0;0,0;0,0;0,0
19;NL:Q:41448072;Plein Vijf;Brummen;0,6;0,0;0,0;0,0;0,0;0,0
19;NL:Q:41448073;Plein Vijf;Brummen;0,0;1,2;0,0;0,0;0,0;0,0
19;NL:Q:41448074;Tuinstraat;Brummen;0,1;0,0;0,0;0,0;0,0;0,0
19;NL:Q:41448075;Tuinstraat;Brummen;0,0;0,5;0,0;0,0;0,0;0,0
19;NL:Q:41448077;Gemeentehuis;Brummen;0,0;0,2;0,0;0,0;0,0;0,0
19;NL:Q:41448078;Gemeentehuis;Brummen;0,1;0,0;0,0;0,0;0,0;0,0
19;NL:Q:41448079;Reuvershoeve;Brummen;0,1;0,1;0,0;0,2;0,0;0,0
19;NL:Q:41448080;Reuvershoeve;Brummen;0,0;0,2;0,2;0,0;0,0;0,0
19;NL:Q:41635003;Broekstraat;Klarenbeek;0,1;0,4;0,0;0,0;0,0;0,0
19;NL:Q:41635004;Broekstraat;Klarenbeek;0,5;0,6;0,0;0,0;0,0;0,0
19;NL:Q:41635011;Elsbosweg;Klarenbeek;0,6;1,0;0,4;0,0;0,0;0,0
19;NL:Q:41635012;Elsbosweg;Klarenbeek;1,1;0,5;0,0;0,5;0,0;0,0
19;NL:Q:41640170;Busstation;Zutphen;41,6;40,9;12,6;13,5;0,0;0,0
19;NL:Q:41648003;IJsselbrug;Zutphen (Hoven);0,1;0,3;0,2;0,3;0,0;0,0
19;NL:Q:41648004;IJsselbrug;Zutphen (Hoven);0,1;0,1;0,1;0,1;0,0;0,0
19;NL:Q:41648005;Achterhoven;Zutphen (Hoven);0,4;0,0;0,2;0,0;0,0;0,0
19;NL:Q:41648006;Achterhoven;Zutphen (Hoven);0,0;0,7;0,0;0,4;0,0;0,0
19;NL:Q:41648014;IJsselbrug;Zutphen;0,2;0,8;0,2;0,2;0,0;0,0
19;NL:Q:41665001;Station;Klarenbeek;3,1;2,0;4,7;1,9;0,0;0,0
19;NL:Q:41668005;Thermen Bussloo;Bussloo;7,3;9,2;5,4;6,6;4,6;4,6
19;NL:Q:41670002;Ecofactorij;Apeldoorn;0,9;0,5;0,0;0,0;0,0;0,0
19;NL:Q:41676030;IJsseldijk;Apeldoorn;0,8;1,3;0,0;0,0;0,0;0,0
19;NL:Q:41676040;IJsseldijk;Apeldoorn;0,6;1,0;0,0;0,0;0,0;0,0
19;NL:Q:41676057;;;1,4;0,3;0,0;0,0;0,0;0,0
19;NL:Q:41676058;Wilp Achterhoek;Wilp-Achterhoek;0,0;0,4;0,0;0,0;0,0;0,0
19;NL:Q:41676059;Wilp Achterhoek;Wilp;0,5;0,1;0,0;0,0;0,0;0,0
19;NL:Q:41706001;Station;Twello;20,5;15,2;7,1;6,8;5,0;5,1
19;NL:Q:41706002;Station;Twello;16,7;16,3;1,7;1,2;0,9;0,4
19;NL:Q:41706003;Gemeentehuis;Twello;3,3;0,6;0,1;0,0;0,1;0,0
19;NL:Q:41706004;Gemeentehuis;Twello;0,3;2,9;0,0;0,4;0,0;0,2
19;NL:Q:41706005;M. de Ruyterstraat;Twello;0,0;0,2;0,0;0,1;0,0;0,0
19;NL:Q:41706006;M. de Ruyterstraat;Twello;0,4;0,1;0,0;0,0;0,0;0,0
19;NL:Q:41706007;Piet Heinstraat;Twello;0,1;0,2;0,0;0,0;0,0;0,0
19;NL:Q:41706008;Piet Heinstraat;Twello;0,2;0,1;0,0;0,0;0,0;0,0
19;NL:Q:41706009;Troelstralaan;Twello;0,4;0,2;0,0;0,0;0,0;0,0
19;NL:Q:41706010;Troelstralaan;Twello;0,1;0,4;0,0;0,1;0,0;0,0
19;NL:Q:41706011;Beethovenlaan;Twello;0,1;0,2;0,0;0,0;0,0;0,0
19;NL:Q:41706012;Beethovenlaan;Twello;0,1;0,3;0,0;0,0;0,0;0,0
19;NL:Q:41706021;Lindelaan;Twello;0,0;0,1;0,0;0,0;0,0;0,0
19;NL:Q:41706022;Lindelaan;Twello;0,1;0,0;0,0;0,0;0,0;0,0
19;NL:Q:41706023;Overmars;Twello;0,0;0,1;0,0;0,3;0,0;0,2
19;NL:Q:41706024;Overmars;Twello;0,1;0,1;0,0;0,0;0,0;0,0
19;NL:Q:41706025;Terwoldseweg;Twello;0,0;0,4;0,0;0,0;0,0;0,0
19;NL:Q:41706026;Terwoldseweg;Twello;0,1;0,1;0,0;0,0;0,0;0,0
19;NL:Q:41706027;Stationsstraat;Twello;0,0;0,2;0,0;0,1;0,0;0,0
19;NL:Q:41706028;Stationsstraat;Twello;0,0;0,1;0,0;0,0;0,0;0,0
19;NL:Q:41706029;Burg. van der Feltzweg;Twello;0,2;0,1;0,0;0,0;0,0;0,0
19;NL:Q:41706030;Burg. van der Feltzweg;Twello;0,1;0,2;0,0;0,0;0,0;0,0
19;NL:Q:41706031;Oude Binnenweg;Twello;0,3;0,1;0,0;0,0;0,0;0,0
19;NL:Q:41706032;Oude Binnenweg;Twello;0,1;0,5;0,0;0,0;0,0;0,0
19;NL:Q:41706033;Holthuizerstraat;Twello;0,8;1,7;0,0;0,0;0,0;0,0
19;NL:Q:41706035;Het Grotenhuis;Twello;0,3;0,7;0,0;0,0;0,0;0,0
19;NL:Q:41706037;Derk Brouwerstraat;Twello;0,6;0,1;0,0;0,0;0,0;0,0
19;NL:Q:41706038;Derk Brouwerstraat;Twello;0,1;0,7;0,0;0,0;0,0;0,0
19;NL:Q:41706039;Stinzenlaan;Twello;0,8;0,0;0,0;0,0;0,0;0,0
19;NL:Q:41706040;Stinzenlaan;Twello;0,0;0,8;0,0;0,0;0,0;0,0
19;NL:Q:41706051;Engelenburgstraat;Twello;1,0;0,2;0,0;0,1;0,0;0,0
19;NL:Q:41706052;Engelenburgstraat;Twello;0,2;2,6;0,0;0,1;0,0;0,0
19;NL:Q:41706053;Martinushof;Twello;0,7;0,1;0,1;0,1;0,0;0,0
19;NL:Q:41706054;Martinushof;Twello;0,1;1,5;0,1;0,0;0,0;0,0
19;NL:Q:41707003;Wilpsedijk;Steenenkamer;0,5;0,2;0,0;0,0;0,0;0,0
19;NL:Q:41710001;Begraafplaats;Wilp;0,2;0,1;0,0;0,1;0,1;0,0
19;NL:Q:41710002;Begraafplaats;Wilp;0,1;0,6;0,1;0,2;0,0;0,0
19;NL:Q:41710003;De Lathmer;Wilp;2,6;1,4;1,8;0,3;0,8;0,1
19;NL:Q:41710004;De Lathmer;Wilp;1,0;2,8;0,3;1,4;0,3;1,0
19;NL:Q:41710005;Molenallee;Wilp;3,7;1,2;0,9;0,3;0,4;0,0
19;NL:Q:41710006;Molenallee;Wilp;1,6;4,0;0,6;1,2;0,1;0,5
19;NL:Q:41710007;Carpoolplaats;Wilp;0,0;0,0;0,0;0,0;0,0;0,0
19;NL:Q:41710009;Roggencampweg;Wilp;0,9;0,5;0,2;1,0;0,0;0,0
19;NL:Q:41710010;Roggencampweg;Wilp;0,3;1,4;0,2;0,2;0,0;0,1
19;NL:Q:41716001;Wilper Korenmolen;Posterenk;1,5;1,3;0,2;1,3;0,0;0,4
19;NL:Q:41716002;Wilper Korenmolen;Posterenk;0,9;1,2;1,1;0,1;0,2;0,0
19;NL:Q:41718001;Bussloselaan;Bussloo;2,0;0,3;0,1;0,3;0,0;0,0
19;NL:Q:41718002;De Nieuwenhof;Gietelo;0,7;1,9;0,3;0,4;0,0;0,1
19;NL:Q:41718022;Bussloselaan;Bussloo;0,2;1,1;0,1;0,2;0,0;0,1
19;NL:Q:41761001;Klarenbeekseweg;Voorst;0,1;0,2;0,0;0,0;0,0;0,0
19;NL:Q:41761002;Klarenbeekseweg;Voorst;0,1;0,2;0,0;0,1;0,0;0,0
19;NL:Q:41761003;Huize Enkstein;Voorst;1,1;1,4;0,6;0,1;0,0;0,0
19;NL:Q:41761004;Huize Enkstein;Voorst;0,8;1,6;0,1;0,5;0,1;0,0
19;NL:Q:41761005;Huize de Beele;Voorst;0,2;1,3;0,0;0,4;0,0;0,0
19;NL:Q:41761006;Huize de Beele;Voorst;1,7;2,5;0,4;1,0;0,1;0,0
19;NL:Q:41761007;Station Voorst-Empe;Voorst;18,5;12,9;5,8;4,3;1,9;1,4
19;NL:Q:41768001;De Nieuwenhof;Gietelo;1,9;2,1;0,7;0,9;0,1;0,1
19;NL:Q:46004007;Station;Zwolle;267,6;251,6;82,3;72,0;39,5;35,5
19;NL:Q:46004008;Station;Zwolle;322,3;336,4;0,0;0,0;0,0;0,0
19;NL:Q:46004009;Station;Zwolle;345,2;243,4;2,8;3,1;3,4;3,0
19;NL:Q:46004010;Station;Zwolle;386,4;383,5;218,7;187,9;151,8;169,8
19;NL:Q:46004670;Deltion Campus;Zwolle;0,0;40,5;0,0;0,0;0,0;0,0
19;NL:Q:46004680;Deltion Campus;Zwolle;1,9;0,9;0,0;0,0;0,0;0,0
19;NL:Q:46100040;Katerdijk;zwolle;123,9;61,6;0,0;0,0;0,0;0,0
19;NL:Q:46100050;Katerdijk;zwolle;8,1;159,7;0,0;0,0;0,0;0,0
19;NL:Q:46104001;Het Engelse Werk;Zwolle;7,1;7,1;11,2;23,6;3,1;2,7
19;NL:Q:46104002;Het Engelse Werk;Zwolle;7,1;9,2;3,7;7,3;2,6;3,7
19;NL:Q:46104003;Oranje Nassaulaan;Zwolle;8,4;91,0;0,1;4,3;0,0;0,0
19;NL:Q:46104004;Oranje Nassaulaan;Zwolle;35,8;7,6;0,0;0,2;0,0;0,0
19;NL:Q:46104005;Koningin Wilhelminastraat;Zwolle;4,6;30,6;0,0;0,5;0,0;0,0
19;NL:Q:46104006;Koningin Wilhelminastraat;Zwolle;31,4;6,8;0,2;0,6;0,0;0,0
19;NL:Q:46104021;Katwolderplein/centrum;Zwolle;285,1;89,6;127,8;13,9;78,4;9,5
19;NL:Q:46104022;Katwolderplein/centrum;Zwolle;133,1;228,9;36,7;161,9;30,6;85,5
19;NL:Q:46104027;Voorsterpoort;Zwolle;48,2;14,8;0,0;0,0;0,0;0,0
19;NL:Q:46104028;Voorsterpoort;Zwolle;12,3;54,9;0,0;0,0;0,0;0,0
19;NL:Q:47151001;Centrum;Hattemerbroek;17,4;3,5;6,0;1,7;4,4;0,9
19;NL:Q:47151002;Centrum;Hattemerbroek;6,5;16,5;1,4;6,3;0,9;3,8
19;NL:Q:47155001;Pompstation;Hattem;10,5;2,5;8,7;1,3;4,3;0,8
19;NL:Q:47155003;Zuid;Hattem;38,2;8,7;18,7;3,2;10,9;1,7
19;NL:Q:47155004;Zuid;Hattem;8,0;38,5;3,4;21,7;2,5;12,6
19;NL:Q:47155005;Centrum;Hattem;63,7;8,3;47,8;6,1;22,9;2,2
19;NL:Q:47155006;Centrum;Hattem;8,1;66,3;10,9;44,7;2,6;20,7
19;NL:Q:47155007;Noord;Hattem;72,2;9,2;39,7;4,9;22,8;2,2
19;NL:Q:47155008;Noord;Hattem;10,2;75,7;5,2;39,4;2,4;25,4
19;NL:Q:47155009;IJsselbrug;Hattem;3,7;6,9;1,9;3,8;0,5;1,8
19;NL:Q:47155010;IJsselbrug;Hattem;3,1;2,8;1,9;1,5;0,9;0,7
19;NL:Q:47155012;IJsselbrug;Hattem;3,1;1,3;1,4;0,4;0,6;0,3
19;NL:Q:47155037;Carpoolplaats A50;Hattem;4,9;3,5;0,0;0,0;0,0;0,0
19;NL:Q:47155038;Carpoolplaats A50;Hattem;4,6;4,7;0,0;0,0;0,0;0,0
19;NL:Q:47210003;Cafe Rest. Coelenhage;Wezep;18,3;13,2;8,5;6,5;4,1;2,4
19;NL:Q:47210004;Cafe Rest. Coelenhage;Wezep;13,1;18,1;6,0;7,8;2,2;3,4
19;NL:Q:47210005;Veluwelaan;Wezep;53,1;8,7;16,0;3,0;8,4;1,7
19;NL:Q:47210006;Veluwelaan;Wezep;8,6;42,5;2,5;11,9;1,3;8,3
19;NL:Q:47210007;W. de Zwijgerkazerne;Hattemerbroek;21,6;2,0;12,1;1,1;4,8;0,4
19;NL:Q:47210008;W. de Zwijgerkazerne;hattemerbroek;3,3;32,0;0,9;11,8;0,5;7,3
19;NL:Q:47210009;A28/IJsselvliedt;Wezep;7,6;1,5;0,0;0,0;0,0;0,0
19;NL:Q:47210010;A28/IJsselvliedt;Wezep;0,4;7,3;0,0;0,0;0,0;0,0
19;NL:Q:47210011;Begraafplaats;Wezep;0,1;0,2;0,0;0,0;0,0;0,0
19;NL:Q:47210012;Begraafplaats;Wezep;0,0;0,8;0,0;0,0;0,0;0,0
19;NL:Q:47210013;Meidoornplein;Wezep;0,1;2,4;0,0;0,0;0,0;0,0
19;NL:Q:47210014;Meidoornplein;Wezep;2,2;0,2;0,0;0,0;0,0;0,0
19;NL:Q:47210015;Station;Wezep;13,3;11,6;2,2;1,9;0,0;0,0
19;NL:Q:47254001;Nachtegaalweg;Wapenveld;58,9;17,8;20,4;9,1;12,9;5,1
19;NL:Q:47254003;Molenweg;Wapenveld;47,4;10,6;23,9;3,6;12,7;1,3
19;NL:Q:47254004;Molenweg;Wapenveld;11,7;48,6;4,3;21,6;1,6;13,4
19;NL:Q:47254005;Parkweg;Wapenveld;16,7;2,5;6,3;1,4;3,7;0,6
19;NL:Q:47254006;Parkweg;Wapenveld;2,2;16,2;0,7;6,3;0,4;4,7
19;NL:Q:47254007;Ir R.R. v/d Zeelaan;Wapenveld;3,4;1,7;1,4;0,2;1,9;0,2
19;NL:Q:47254008;Ir R.R. v/d Zeelaan;Wapenveld;1,1;5,9;0,6;2,8;0,2;2,2
19;NL:Q:47255002;Pompstation;Hattem;2,2;11,8;1,2;8,5;0,9;5,9
19;NL:Q:47310010;Begraafplaats;Oosterwolde;0,1;0,2;0,0;0,0;0,0;0,0
19;NL:Q:47310020;Begraafplaats;Oosterwolde;0,1;0,1;0,0;0,0;0,0;0,0
19;NL:Q:47312001;Mulligenweg;'t Loo;0,0;0,1;0,0;0,0;0,0;0,0
19;NL:Q:47312002;Mulligenweg;'t Loo;0,0;0,1;0,0;0,0;0,0;0,0
19;NL:Q:47312003;Putstraat;t Loo;0,2;0,2;0,0;0,0;0,0;0,0
19;NL:Q:47312004;Putstraat;t Loo;0,1;0,2;0,0;0,0;0,0;0,0
19;NL:Q:47312005;Landal Landgoed 't Loo;'t Loo;2,7;3,2;0,0;0,0;0,0;0,0
19;NL:Q:47312008;Harm Aartsweg;'t Loo;0,5;0,5;0,0;0,0;0,0;0,0
19;NL:Q:47312009;Sportlaan;t Loo;0,5;0,1;0,0;0,0;0,0;0,0
19;NL:Q:47312010;Sportlaan;t Loo;0,0;0,1;0,0;0,0;0,0;0,0
19;NL:Q:47312011;D'olde Dreiput;t Loo;0,6;0,0;0,0;0,0;0,0;0,0
19;NL:Q:47312012;D'olde Dreiput;t Loo;0,1;0,7;0,0;0,0;0,0;0,0
19;NL:Q:47319001;Rustenburgsweg;Oldebroek;24,2;4,4;3,2;1,8;1,5;0,9
19;NL:Q:47319002;Rustenburgsweg;Oldebroek;5,0;23,0;1,6;3,0;0,9;2,2
19;NL:Q:47319003;Centrum;Oldebroek;67,0;12,6;18,2;5,3;8,6;2,3
19;NL:Q:47319004;Centrum;Oldebroek;14,4;68,1;5,9;15,6;2,8;9,1
19;NL:Q:47319005;Cafe 't Wissel;Oldebroek;27,9;3,3;5,0;1,3;2,0;0,5
19;NL:Q:47319006;Cafe 't Wissel;Oldebroek;2,9;28,0;0,8;5,3;0,3;2,5
19;NL:Q:47319007;Verlengde Looweg;Oldebroek;15,0;3,1;1,7;0,7;0,8;0,3
19;NL:Q:47319008;Verlengde Looweg;Oldebroek;2,4;14,1;0,7;1,1;0,3;0,5
19;NL:Q:47319009;Hogenbrinkweg;Oldebroek;9,4;2,1;2,6;0,2;1,1;0,0
19;NL:Q:47319010;Hogenbrinkweg;Oldebroek;1,8;10,1;0,7;2,2;0,2;1,3
19;NL:Q:47319011;De Molen;Oldebroek;9,3;1,0;1,7;0,6;0,9;0,1
19;NL:Q:47319012;De Molen;Oldebroek;0,7;8,6;0,5;1,0;0,0;0,6
19;NL:Q:47319013;De Hullen;Oldebroek;0,8;0,1;0,0;0,0;0,0;0,0
19;NL:Q:47319014;De Hullen;Oldebroek;0,0;0,5;0,0;0,0;0,0;0,0
19;NL:Q:47319015;Gemeentehuis;Oldebroek;0,7;0,1;0,0;0,0;0,0;0,0
19;NL:Q:47319016;Gemeentehuis;Oldebroek;0,1;0,7;0,0;0,0;0,0;0,0
19;NL:Q:47319017;Boerderijmuseum;Oldebroek;0,1;0,0;0,0;0,0;0,0;0,0
19;NL:Q:47319018;Boerderijmuseum;Oldebroek;0,0;0,4;0,0;0,0;0,0;0,0
19;NL:Q:47319173;Schiksweg;Oosterwolde;1,1;1,1;0,0;0,0;0,0;0,0
19;NL:Q:47319990;Centrum;Oosterwolde;0,2;0,1;0,0;0,0;0,0;0,0
19;NL:Q:47350001;Zwolseweg;Heerde;19,5;7,5;7,2;2,0;5,7;1,2
19;NL:Q:47350002;Zwolseweg;Heerde;7,1;20,9;1,8;8,9;1,1;4,9
19;NL:Q:47353011;Dreefseweg/Isala;Heerde;21,0;6,0;6,4;2,5;4,4;1,4
19;NL:Q:47354002;Nachtegaalweg;Wapenveld;18,5;57,1;9,6;19,8;5,5;14,3
19;NL:Q:47354012;Dreefseweg/Isala;Heerde;5,7;21,0;1,9;7,7;1,0;5,9
19;NL:Q:47366999;Dorp;Vorchten;0,4;0,4;0,1;0,1;0,0;0,0
19;NL:Q:47369001;Kerkstraat;Veessen;0,1;0,8;0,0;0,2;0,0;0,0
19;NL:Q:47369003;IJsseldijk;Veessen;0,1;0,5;0,0;0,2;0,0;0,0
19;NL:Q:47369005;De Zaaier;Veessen;1,0;0,4;0,1;0,0;0,0;0,0
19;NL:Q:47369007;Zijmarsweg;Veessen;0,1;0,1;0,0;0,0;0,0;0,0
19;NL:Q:47369011;Ned. Herv. Kerk;Veessen;1,5;0,2;0,2;0,0;0,0;0,0
19;NL:Q:47369015;Kloosterakkers;Veessen;0,3;0,3;0,1;0,0;0,0;0,0
19;NL:Q:47369020;Veerweg;Veessen;0,1;0,1;0,0;0,0;0,0;0,0
19;NL:Q:47413001;Dorpshuis;Hoge Enk;0,1;1,4;0,0;0,0;0,0;0,0
19;NL:Q:47413002;Dorpshuis;Hoge Enk;1,7;0,8;0,0;0,0;0,0;0,0
19;NL:Q:47417003;Begraafplaats;Doornspijk;8,2;2,7;1,2;1,1;0,6;0,2
19;NL:Q:47418001;Molendorp;Elburg;13,3;7,8;2,2;2,4;3,2;1,7
19;NL:Q:47418002;Molendorp;Elburg;6,6;11,9;2,3;2,9;1,1;1,7
19;NL:Q:47418003;Het Nieuwe Feithenhof;Elburg;8,2;3,3;1,8;2,1;1,1;1,1
19;NL:Q:47418004;Het Nieuwe Feithenhof;Elburg;3,1;6,9;2,2;1,2;0,7;0,9
19;NL:Q:47418005;Centrum;Elburg;35,0;18,8;15,8;14,4;6,4;5,9
19;NL:Q:47418006;Centrum;Elburg;21,1;35,0;15,4;15,4;7,2;6,4
19;NL:Q:47418007;Hellenbeekstraat;Elburg;60,6;36,7;11,8;11,0;6,7;4,8
19;NL:Q:47418008;Hellenbeekstraat;Elburg;39,2;45,2;10,3;8,9;4,9;6,0
19;NL:Q:47418009;Coragestraat;Elburg;46,0;18,5;10,9;4,3;4,2;1,6
19;NL:Q:47418010;Coragestraat;Elburg;20,4;53,6;4,2;11,2;1,5;5,1
19;NL:Q:47418011;Klaverplein;Elburg;31,9;8,5;6,7;1,9;4,4;1,3
19;NL:Q:47418012;Klaverplein;Elburg;8,6;33,8;2,3;6,5;1,0;4,3
19;NL:Q:47418013;Zilverschoon;Elburg;48,0;26,2;10,7;4,3;6,2;2,2
19;NL:Q:47418014;Zilverschoon;Elburg;27,0;47,2;4,6;9,0;1,9;5,3
19;NL:Q:47418021;Eperweg;Elburg;11,6;2,5;2,2;0,5;0,5;0,0
19;NL:Q:47418022;Eperweg;Elburg;2,4;11,8;0,4;2,6;0,1;0,5
19;NL:Q:47453003;Wendhorst;Heerde;50,9;22,1;12,4;5,8;10,4;3,2
19;NL:Q:47453004;Wendhorst;Heerde;22,6;52,2;5,1;12,7;3,0;6,8
19;NL:Q:47453005;Brinklaan;Heerde;124,7;43,0;34,9;17,0;24,5;9,5
19;NL:Q:47453006;Brinklaan;Heerde;42,3;119,3;13,4;31,1;7,9;17,2
19;NL:Q:47453007;Centrum Groene Hart;Heerde;0,8;0,8;0,3;0,2;0,0;0,0
19;NL:Q:47453013;Molenkampweg;Heerde;66,1;17,2;18,1;7,1;12,0;4,6
19;NL:Q:47453014;Molenkampweg;Heerde;19,0;79,5;8,7;23,8;6,2;15,8
19;NL:Q:47453017;Ingang Wendhorst;Heerde;0,1;0,0;0,0;0,0;0,0;0,0
19;NL:Q:47453018;Ingang Wendhorst;Heerde;0,0;0,0;0,0;0,0;0,0;0,0
19;NL:Q:47453020;Keuterstraat;Heerde;0,0;0,5;0,0;0,1;0,0;0,0
19;NL:Q:47453021;Keuterstraat;Heerde;0,6;0,3;0,0;0,0;0,0;0,0
19;NL:Q:47453029;Heerderstrand;Heerde;0,1;0,2;0,1;0,0;0,0;0,0
19;NL:Q:47453030;Heerderstrand;Heerde;0,1;0,3;0,0;0,3;0,0;0,0
19;NL:Q:47453053;Transferium Horsthoek;Heerde;35,1;17,0;11,8;9,8;8,2;4,9
19;NL:Q:47453054;Transferium Horsthoek;Heerde;20,6;29,0;6,1;10,8;4,6;5,9
19;NL:Q:47516015;Elburgerweg;Nunspeet;9,3;7,2;1,7;1,2;0,7;0,3
19;NL:Q:47517001;Centrum;Doornspijk;31,2;20,1;4,0;9,8;2,0;2,4
19;NL:Q:47517002;Centrum;Doornspijk;17,9;28,3;8,7;3,9;2,0;2,2
19;NL:Q:47517004;Begraafplaats;Doornspijk;2,8;7,1;0,7;1,1;0,1;0,8
19;NL:Q:47552005;Centrum;Epe;102,2;125,4;41,2;41,7;24,0;21,7
19;NL:Q:47552006;Centrum;Epe;117,1;83,0;38,3;33,9;27,1;19,4
19;NL:Q:47552009;Diepenweg;Epe;0,4;0,0;0,0;0,0;0,0;0,0
19;NL:Q:47552010;Diepenweg;Epe;0,3;0,8;0,0;0,0;0,0;0,0
19;NL:Q:47552011;Hammerstraat;Epe;0,0;0,0;0,0;0,0;0,0;0,0
19;NL:Q:47552012;Hammerstraat;Epe;0,1;0,2;0,0;0,0;0,0;0,0
19;NL:Q:47552013;Sportpark;Epe;0,6;0,1;0,0;0,0;0,0;0,0
19;NL:Q:47552014;Sportpark;Epe;0,2;0,7;0,0;0,0;0,0;0,0
19;NL:Q:47552015;Apeldoorns Kanaal;Epe;0,3;0,1;0,1;0,0;0,0;0,0
19;NL:Q:47552016;Apeldoorns Kanaal;Epe;0,1;0,3;0,0;0,0;0,1;0,0
19;NL:Q:47552017;Politiebureau;Epe;14,5;7,3;7,5;4,6;5,1;3,6
19;NL:Q:47552018;Politiebureau;Epe;7,9;17,3;4,4;9,2;2,8;6,1
19;NL:Q:47552019;Sint Jorisweg;Epe;16,7;44,1;4,4;18,4;3,8;8,9
19;NL:Q:47552021;Lohuizerweg ;Epe;24,7;21,9;5,0;5,1;4,1;3,7
19;NL:Q:47552023;Klaarbeek;Epe;83,4;98,8;20,0;35,4;14,3;24,2
19;NL:Q:47552024;Klaarbeek;Epe;106,2;85,6;39,7;19,3;29,8;12,6
19;NL:Q:47561001;Station;t Harde;14,9;5,9;0,0;0,0;0,0;0,0
19;NL:Q:47561003;Centrum;t Harde;0,2;0,2;0,0;0,0;0,0;0,0
19;NL:Q:47561004;Centrum;t Harde;0,2;0,3;0,0;0,0;0,0;0,0
19;NL:Q:47561005;Sportlaan;t Harde;1,0;1,1;0,0;0,0;0,0;0,0
19;NL:Q:47561006;Sportlaan;t Harde;0,1;0,6;0,0;0,0;0,0;0,0
19;NL:Q:47561007;Munnikenweg;t Harde;1,3;2,5;0,0;0,0;0,0;0,0
19;NL:Q:47561008;Munnikenweg;t Harde;0,6;0,9;0,0;0,0;0,0;0,0
19;NL:Q:47561009;De Hokseberg;t Harde;0,2;1,0;0,0;0,0;0,0;0,0
19;NL:Q:47561010;De Hokseberg;t Harde;0,2;0,8;0,0;0,0;0,0;0,0
19;NL:Q:47616001;Vreeweg;Nunspeet;6,2;2,6;2,1;0,7;1,6;0,2
19;NL:Q:47616005;Berenbosweg;Nunspeet;0,6;0,1;0,3;0,0;0,1;0,0
19;NL:Q:47616006;Berenbosweg;Nunspeet;0,1;0,8;0,0;0,0;0,0;0,0
19;NL:Q:47616007;Station;Nunspeet;102,3;100,6;36,6;29,9;18,1;7,8
19;NL:Q:47616008;Station;Nunspeet;117,9;110,4;58,7;47,1;20,7;29,2
19;NL:Q:47616009;Centrum;Nunspeet;43,7;9,6;18,9;2,6;5,6;0,1
19;NL:Q:47616010;Centrum;Nunspeet;6,3;48,9;2,5;24,1;0,3;6,4
19;NL:Q:47616013;Oenenburgweg;Nunspeet;7,0;6,9;1,6;2,0;0,8;0,9
19;NL:Q:47616014;Oenenburgweg;Nunspeet;6,9;6,0;2,0;1,3;1,4;0,7
19;NL:Q:47616019;Elspeterweg;Nunspeet;0,2;1,9;0,1;0,6;0,0;1,0
19;NL:Q:47616020;Elspeterweg;Nunspeet;0,7;0,3;0,2;0,4;0,1;0,1
19;NL:Q:47616022;Camping de Tol;Nunspeet;0,2;0,5;0,1;0,4;0,1;0,0
19;NL:Q:47616025;Gemeentehuis;Nunspeet;0,3;0,2;0,0;0,0;0,0;0,0
19;NL:Q:47616026;Gemeentehuis;Nunspeet;0,2;2,0;0,4;1,5;0,0;0,2
19;NL:Q:47616027;Verzorgingstehuis Bunterhoek;Nunspeet;0,6;0,8;0,0;0,0;0,0;0,0
19;NL:Q:47616028;Verzorgingstehuis Bunterhoek;Nunspeet;0,7;1,2;0,2;0,5;0,1;0,2
19;NL:Q:47616029;De Bunte;Nunspeet;2,6;4,1;0,0;0,0;0,0;0,0
19;NL:Q:47616030;De Bunte;Nunspeet;5,7;2,8;0,5;0,8;0,2;0,2
19;NL:Q:47616031;'t Hul;Nunspeet;0,8;0,9;0,0;0,0;0,0;0,0
19;NL:Q:47616032;'t Hul;Nunspeet;1,5;1,1;0,2;0,5;0,1;0,2
19;NL:Q:47616034;Elburgerweg;Nunspeet;8,6;8,8;1,4;1,9;0,3;1,2
19;NL:Q:47616041;Waterweg;Nunspeet;6,6;1,8;1,4;0,2;0,7;0,0
19;NL:Q:47616042;Waterweg;Nunspeet;2,8;5,9;0,1;1,2;0,1;0,5
19;NL:Q:47616043;Oosterlaan;Nunspeet;4,1;3,6;0,8;0,7;0,5;0,2
19;NL:Q:47616044;Oosterlaan;Nunspeet;2,7;5,0;0,3;0,9;0,2;0,3
19;NL:Q:47616045;De Sparrenhorst;Nunspeet;0,9;0,6;0,4;0,3;0,2;0,1
19;NL:Q:47616046;De Sparrenhorst;Nunspeet;0,4;1,4;0,3;0,6;0,2;0,2
19;NL:Q:47616047;Gruppendelerweg;Nunspeet;1,1;0,5;0,0;0,0;0,0;0,0
19;NL:Q:47616048;Gruppendelerweg;Nunspeet;0,6;1,5;0,1;0,3;0,1;0,2
19;NL:Q:47625001;Boshoekerweg;Oene;0,4;0,5;0,0;0,0;0,0;0,0
19;NL:Q:47625002;Boshoekerweg;Oene;0,5;0,4;0,0;0,0;0,0;0,0
19;NL:Q:47625003;Dorpsstraat;Oene;4,6;3,9;0,2;0,2;0,1;0,1
19;NL:Q:47625004;Dorpsstraat;Oene;5,3;4,3;0,2;0,2;0,1;0,1
19;NL:Q:47625005;Kuiperkampseweg;Oene;0,0;0,3;0,0;0,1;0,0;0,0
19;NL:Q:47625006;Kuiperkampseweg;Oene;0,4;0,1;0,0;0,0;0,0;0,0
19;NL:Q:47641039;Station;Deventer;20,6;15,7;0,0;0,0;0,0;0,0
19;NL:Q:47650001;Vaassen-Zuid;Vaassen;61,5;147,1;15,2;77,7;10,5;45,9
19;NL:Q:47650002;Vaassen-Zuid;Vaassen;155,3;57,0;82,5;13,5;41,2;9,6
19;NL:Q:47650003;Oosterhof;Vaassen;33,0;61,2;7,3;31,0;5,6;19,5
19;NL:Q:47650004;Oosterhof;Vaassen;61,8;31,7;29,5;7,0;16,9;4,5
19;NL:Q:47650005;De Haere;Wenum;1,8;4,0;0,5;3,1;0,3;1,3
19;NL:Q:47650006;Centrum;Vaassen;45,8;33,6;24,1;12,2;16,0;7,0
19;NL:Q:47650007;Vaassen-Noord;Vaassen;13,7;19,2;5,0;8,6;3,8;4,5
19;NL:Q:47650008;Vaassen-Noord;Vaassen;21,8;13,9;9,8;4,5;5,2;2,7
19;NL:Q:47650009;Centrum;Vaassen;33,0;45,2;11,5;24,4;9,7;14,9
19;NL:Q:47651001;Handelsebrug;Emst;9,0;13,3;2,3;3,2;1,1;1,9
19;NL:Q:47651002;Handelsebrug;Emst;11,4;10,2;2,5;3,2;1,7;1,6
19;NL:Q:47651003;Hezeplein;Emst;23,4;21,3;5,5;9,0;4,6;5,3
19;NL:Q:47651004;Hezeplein;Emst;19,8;21,1;9,2;5,8;6,7;3,2
19;NL:Q:47651005;Oranjeweg;Emst;9,4;8,8;2,0;3,9;2,3;2,5
19;NL:Q:47651006;Oranjeweg;Emst;11,0;10,2;3,5;2,3;2,4;1,7
19;NL:Q:47713001;Landgoed Hulshorst;Hulshorst;2,5;2,1;2,3;1,9;1,7;0,6
19;NL:Q:47713003;Oudeweg;Hulshorst;3,5;4,4;3,2;2,0;2,2;1,0
19;NL:Q:47713004;Oudeweg;Hulshorst;4,4;4,3;1,2;3,2;0,8;2,1
19;NL:Q:47713005;Varelseweg;Hulshorst;3,5;3,3;1,6;1,4;1,3;0,6
19;NL:Q:47713006;Varelseweg;Hulshorst;3,0;3,2;1,1;0,9;0,8;1,3
19;NL:Q:47713007;School Hulshorst;Hulshorst;2,0;2,8;2,3;0,7;1,5;0,4
19;NL:Q:47713008;School Hulshorst;Hulshorst;2,4;2,5;1,0;2,1;2,2;0,4
19;NL:Q:47713009;Onder de Bos;Hulshorst;2,6;1,0;0,4;0,3;0,1;0,2
19;NL:Q:47713010;Onder de Bos;Hulshorst;0,8;2,5;0,2;0,3;0,0;0,1
19;NL:Q:47716002;Vreeweg;Nunspeet;4,0;6,3;0,6;1,2;0,2;0,8
19;NL:Q:47724001;Dorpsplein;Nijbroek;1,6;2,8;0,1;0,1;0,0;0,0
19;NL:Q:47724002;Dorpsplein;Nijbroek;2,1;1,9;0,1;0,3;0,1;0,1
19;NL:Q:47730001;Emstermate;Terwolde;0,3;0,3;0,0;0,0;0,0;0,0
19;NL:Q:47730002;Emstermate;Terwolde;0,1;0,3;0,0;0,0;0,0;0,0
19;NL:Q:47730003;Twelloseweg;Terwolde;1,1;0,1;0,2;0,0;0,1;0,0
19;NL:Q:47730004;Twelloseweg;Terwolde;0,2;1,7;0,0;0,2;0,0;0,2
19;NL:Q:47730005;Molenweg;Terwolde;7,5;0,8;0,5;0,0;0,3;0,0
19;NL:Q:47730006;Molenweg;Terwolde;1,2;7,4;0,0;0,4;0,0;0,3
19;NL:Q:47730007;Molen De Ooievaar;Terwolde;1,1;0,1;0,1;0,1;0,0;0,0
19;NL:Q:47730008;Molen De Ooievaar;Terwolde;0,4;1,1;0,0;0,1;0,0;0,0
19;NL:Q:47786021;Camping de Tol;Nunspeet;0,4;0,1;0,3;0,0;0,0;0,0
19;NL:Q:47786023;Halfweg;Nunspeet;4,2;1,4;1,5;0,6;0,2;0,2
19;NL:Q:47786024;Halfweg;Nunspeet;1,1;6,2;0,7;1,7;0,2;0,4
19;NL:Q:47788004;De Mallejan;Vierhouten;0,3;2,8;0,7;3,6;0,1;0,4
19;NL:Q:47882022;Landgoed Noorderheide;Elspeet;0,2;0,3;0,3;0,3;0,1;0,1
19;NL:Q:47888001;Centrum;Vierhouten;10,8;2,1;8,7;2,8;3,9;0,4
19;NL:Q:47888002;Centrum;Vierhouten;2,2;10,3;3,0;10,0;0,5;2,5
19;NL:Q:47888003;De Mallejan;Vierhouten;1,6;0,5;2,1;0,3;0,8;0,2
19;NL:Q:47888005;Noordkampen;Vierhouten;1,7;0,2;1,2;0,1;0,2;0,1
19;NL:Q:47888006;Noordkampen;Vierhouten;0,2;3,2;0,1;2,3;0,0;0,7
19;NL:Q:47888007;'t Frusselt;Vierhouten;0,6;0,4;0,3;0,5;0,3;0,1
19;NL:Q:47888008;'t Frusselt;Vierhouten;0,3;1,4;0,2;1,2;0,1;0,2
19;NL:Q:47888009;Elspeterbosweg;Vierhouten;1,3;0,1;0,4;0,1;0,1;0,0
19;NL:Q:47888010;Elspeterbosweg;Vierhouten;0,1;1,4;0,0;0,3;0,0;0,1
19;NL:Q:47892001;Schouwburg/Centrum;Deventer;0,3;0,0;0,0;0,0;0,0;0,0
19;NL:Q:47892002;Schouwburg/Centrum;Deventer;0,0;1,2;0,0;0,0;0,0;0,0
19;NL:Q:47894001;Buitensocieteit;De Worp;1,4;0,3;0,0;0,0;0,0;0,0
19;NL:Q:47894002;Buitensocieteit;De Worp;0,2;1,6;0,0;0,0;0,0;0,0
19;NL:Q:47894003;Spaarpotstraat;De Worp;0,5;1,5;0,0;0,0;0,0;0,0
19;NL:Q:47894004;Spaarpotstraat;De Worp;1,0;0,3;0,0;0,0;0,0;0,0
19;NL:Q:47897004;Wilpsedijk;Steenenkamer;0,1;0,2;0,0;0,0;0,0;0,0
19;NL:Q:47899007;Boreelkazerne;Deventer;0,1;7,7;0,0;0,0;0,0;0,0
19;NL:Q:47899008;Boreelkazerne;Deventer;5,0;0,3;0,0;0,0;0,0;0,0
19;NL:Q:49610015;Fokko Kortlanglaan;Ermelo;2,7;4,0;0,6;1,3;0,1;0,8
19;NL:Q:49610021;Bouw en Infrapark;Harderwijk;5,1;6,9;0,0;0,0;0,0;0,0
19;NL:Q:49610030;Wattstraat;Harderwijk;0,0;0,0;0,0;0,0;0,0;0,0
19;NL:Q:49610040;Wattstraat;Harderwijk;0,0;0,0;0,0;0,0;0,0;0,0
19;NL:Q:49613003;Ziekenhuis Sint Jansdal;Harderwijk;3,2;14,7;1,1;6,2;0,6;3,3
19;NL:Q:49613010;Selhorstweg;Harderwijk;11,6;14,9;3,4;3,2;1,1;1,8
19;NL:Q:49613017;Mecklenburglaan;Harderwijk;0,3;28,5;0,0;2,2;0,0;1,4
19;NL:Q:49613018;Mecklenburglaan;Harderwijk;19,7;0,4;1,7;1,4;0,9;0,0
19;NL:Q:49613019;Voorste Wei;Harderwijk;0,2;1,4;0,0;0,0;0,0;0,0
19;NL:Q:49613020;Voorste Wei;Harderwijk;1,5;0,4;0,0;0,0;0,0;0,0
19;NL:Q:49613021;Stadswei;Harderwijk;2,1;1,3;1,3;0,7;0,6;0,2
19;NL:Q:49613022;Stadswei;Harderwijk;0,9;1,8;0,2;0,6;0,1;0,5
19;NL:Q:49613023;Couperuslaan;Harderwijk;1,6;1,8;0,0;0,0;0,1;0,0
19;NL:Q:49613024;Couperuslaan;Harderwijk;0,4;1,8;0,0;0,0;0,0;0,0
19;NL:Q:49613025;RK Kerk;Harderwijk;1,1;0,9;0,2;0,2;0,0;0,1
19;NL:Q:49613026;RK Kerk;Harderwijk;0,5;0,9;0,0;0,0;0,0;0,0
19;NL:Q:49613027;Deventerweg;Harderwijk;6,7;6,3;0,3;0,3;0,2;0,1
19;NL:Q:49613028;Deventerweg;Harderwijk;3,1;8,2;0,1;0,1;0,1;0,1
19;NL:Q:49613029;Hotel Van der Valk;Harderwijk;0,0;0,6;0,0;0,0;0,0;0,0
19;NL:Q:49613030;Hotel Van der Valk;Harderwijk;4,0;2,5;0,1;0,0;0,0;0,0
19;NL:Q:49613033;Salentijnerhout;Harderwijk;3,6;10,3;0,9;3,5;0,7;1,8
19;NL:Q:49613034;Salentijnerhout;Harderwijk;11,4;4,7;3,6;1,8;2,6;1,2
19;NL:Q:49613035;Triasplein;Harderwijk;31,1;5,1;11,1;2,2;4,8;1,1
19;NL:Q:49613036;Triasplein;Harderwijk;6,8;31,6;3,7;12,4;2,2;5,9
19;NL:Q:49613037;Ragtimedreef;Harderwijk;2,1;6,7;0,5;4,0;0,7;1,9
19;NL:Q:49613038;Ragtimedreef;Harderwijk;6,2;1,9;2,7;0,8;1,2;0,7
19;NL:Q:49613039;IJsselmeerpad;Harderwijk;2,4;4,9;0,9;2,5;0,3;0,9
19;NL:Q:49613040;IJsselmeerpad;Harderwijk;4,1;2,1;3,1;0,4;0,9;0,4
19;NL:Q:49613041;De Roef;Harderwijk;3,4;8,8;1,0;1,1;0,8;0,5
19;NL:Q:49613042;De Roef;Harderwijk;3,6;4,0;1,8;1,1;0,2;0,7
19;NL:Q:49613046;Anne Franklaan;Harderwijk;8,1;6,7;2,0;2,0;0,1;0,1
19;NL:Q:49613048;De Aanleg;Harderwijk;2,5;2,1;0,9;0,8;0,0;0,2
19;NL:Q:49613052;Doornekamp;Harderwijk;2,1;2,0;0,8;0,8;0,1;0,1
19;NL:Q:49613054;Frankenskamp;Harderwijk;2,0;3,2;0,7;1,1;0,1;0,1
19;NL:Q:49613056;Karel Doormanlaan;Harderwijk;0,9;1,7;0,5;1,6;0,0;0,1
19;NL:Q:49613058;Kiekmure;Harderwijk;18,9;15,7;5,3;4,8;0,2;0,7
19;NL:Q:49613060;Lammertkamp;Harderwijk;1,7;1,4;0,5;0,3;0,0;0,1
19;NL:Q:49613062;Hazelaarlaan;Harderwijk;7,6;1,0;0,1;0,4;0,0;0,0
19;NL:Q:49613064;Tinnegieter;Harderwijk;7,3;5,0;3,6;2,8;0,4;0,4
19;NL:Q:49613066;Veldkamp;Harderwijk;0,8;0,4;0,3;0,3;0,0;0,0
19;NL:Q:49613068;Walstein;Harderwijk;4,7;4,9;0,9;2,4;0,1;0,3
19;NL:Q:49613070;Welkoop;Harderwijk;3,4;4,1;1,5;2,1;0,0;0,2
19;NL:Q:49613072;Zuiderzeestraatweg;Harderwijk;2,0;1,9;0,6;0,9;0,1;0,1
19;NL:Q:49613074;De Wittenhagen;Harderwijk;12,2;7,5;3,0;2,7;0,3;0,7
19;NL:Q:49613075;Burg. de Meesterstraat;Harderwijk;8,5;8,0;2,8;1,2;1,3;1,2
19;NL:Q:49613076;Burg. de Meesterstraat;Harderwijk;7,9;7,2;1,6;2,9;1,8;1,3
19;NL:Q:49613077;Dolfinarium;Harderwijk;12,2;14,9;7,2;9,4;3,3;6,3
19;NL:Q:49613078;Dolfinarium;Harderwijk;13,8;11,8;12,6;10,0;9,0;4,8
19;NL:Q:49613091;Ziekenhuis Sint Jansdal;Harderwijk;1,1;2,6;0,0;0,1;0,0;0,0
19;NL:Q:49613095;Ziekenhuis Sint Jansdal;Harderwijk;17,6;6,3;6,4;1,8;2,6;0,9
19;NL:Q:49613100;Ziekenhuis Sint Jansdal;Harderwijk;1,6;1,8;0,1;0,0;0,1;0,1
19;NL:Q:49613405;Plantage;Harderwijk;2,0;4,3;0,5;1,4;0,0;0,2
19;NL:Q:49613406;Plantage;Harderwijk;0,8;1,5;0,0;0,0;0,0;0,0
19;NL:Q:49613407;Centrum;Harderwijk;10,1;5,4;0,3;0,4;0,1;0,1
19;NL:Q:49613408;Centrum;Harderwijk;12,7;31,0;11,3;28,7;0,6;3,9
19;NL:Q:49613409;Selhorstweg;Harderwijk;11,2;10,1;2,5;3,5;1,4;1,0
19;NL:Q:49613412;Alberdingk Thijmlaan;Harderwijk;3,1;4,9;1,0;2,3;0,1;1,3
19;NL:Q:49613501;Westermeenweg;Harderwijk;1,4;19,3;0,9;4,4;0,5;2,5
19;NL:Q:49613502;Westermeenweg;Harderwijk;12,4;0,7;2,8;0,0;1,3;0,3
19;NL:Q:49613901;Station;Harderwijk;91,4;113,1;32,8;23,8;21,1;15,8
19;NL:Q:49613904;Station;Harderwijk;119,1;108,0;40,8;17,7;10,5;2,4
19;NL:Q:49613905;Station;Harderwijk;227,9;162,4;62,3;60,5;34,7;40,3
19;NL:Q:49619001;Buitenbrinkweg;Horst;0,1;0,4;0,0;0,4;0,0;0,0
19;NL:Q:49619002;Buitenbrinkweg;Horst;0,5;0,0;0,2;0,0;0,0;0,0
19;NL:Q:49712001;Grevenhofsweg;Hierden;1,5;0,8;0,3;0,4;0,2;0,2
19;NL:Q:49712002;Grevenhofsweg;Hierden;0,6;1,8;0,3;0,7;0,1;0,3
19;NL:Q:49712003;Molenweg;Hierden;20,5;4,5;11,8;5,9;11,3;5,8
19;NL:Q:49712004;Molenweg;Hierden;5,5;22,3;4,9;11,1;3,8;8,9
19;NL:Q:49712005;Wijtgraaf;Hierden;2,6;1,0;1,8;0,7;1,8;0,6
19;NL:Q:49712006;Wijtgraaf;Hierden;1,5;2,8;1,0;1,5;0,8;1,0
19;NL:Q:49713002;Landgoed Hulshorst;Hulshorst;2,3;1,6;2,2;1,6;0,9;0,7
19;NL:Q:49713084;Voltastraat;Harderwijk;3,0;1,9;0,4;0,7;0,1;0,3
19;NL:Q:49713085;Voltastraat;Harderwijk;1,8;4,2;0,4;0,7;0,1;0,1
19;NL:Q:49713086;Celsiusstraat;Harderwijk;10,1;6,0;0,2;0,2;0,1;0,2
19;NL:Q:49713087;Celsiusstraat;Harderwijk;4,5;12,4;0,1;0,5;0,1;0,2
19;NL:Q:49713088;Kelvinstraat;Harderwijk;6,5;2,0;0,1;0,1;0,1;0,0
19;NL:Q:49713089;Kelvinstraat;Harderwijk;0,8;8,4;0,0;0,4;0,0;0,1
19;NL:Q:49720001;Sonneheerdt;Ermelo;25,5;17,7;1,3;0,8;1,4;0,3
19;NL:Q:49720003;Hamburgerweg;Ermelo;24,2;17,6;11,9;4,8;5,5;2,8
19;NL:Q:49720004;Hamburgerweg;Ermelo;20,2;22,6;4,3;10,4;3,3;4,3
19;NL:Q:49720005;'t Weitje;Ermelo;0,6;8,0;0,3;0,8;0,0;0,0
19;NL:Q:49720006;'t Weitje;Ermelo;7,6;0,8;0,6;0,5;0,0;0,0
19;NL:Q:49720007;Eendenparkweg;Ermelo;6,1;6,3;1,0;1,4;0,6;0,2
19;NL:Q:49720008;Eendenparkweg;Ermelo;5,7;7,9;1,4;1,6;0,3;0,3
19;NL:Q:49720009;Nassaulaan;Ermelo;2,3;2,0;1,5;1,3;1,8;0,6
19;NL:Q:49720010;Nassaulaan;Ermelo;1,6;2,1;0,8;1,1;0,7;1,2
19;NL:Q:49720011;Fazantlaan;Ermelo;1,5;2,1;1,1;0,5;0,8;0,6
19;NL:Q:49720012;Fazantlaan;Ermelo;2,4;1,9;0,7;1,0;0,5;0,4
19;NL:Q:49720016;Fokko Kortlanglaan;Ermelo;4,1;3,6;1,6;0,8;0,9;0,3
19;NL:Q:49720023;Varenhof;Ermelo;0,1;0,1;0,1;0,0;0,0;0,0
19;NL:Q:49720024;Varenhof;Ermelo;0,1;0,2;0,0;0,2;0,0;0,0
19;NL:Q:49720027;Dirk Staalweg;Ermelo;4,4;4,9;1,3;2,6;0,7;1,0
19;NL:Q:49720028;Dirk Staalweg;Ermelo;3,3;5,5;1,7;2,3;1,2;1,0
19;NL:Q:49720037;Station;Ermelo;6,1;4,0;1,4;2,0;0,0;0,0
19;NL:Q:49720038;Station;Ermelo;4,8;4,4;3,5;0,9;0,0;0,0
19;NL:Q:49720049;Lange Haeg;Ermelo;1,3;2,4;0,4;0,4;0,7;0,2
19;NL:Q:49720050;Lange Haeg;Ermelo;2,6;1,3;0,4;0,5;0,4;0,2
19;NL:Q:49720051;Veldwijkerweg;Ermelo;3,6;4,5;1,5;1,7;1,3;1,2
19;NL:Q:49720052;Veldwijkerweg;Ermelo;4,6;3,9;1,5;1,7;0,8;1,1
19;NL:Q:49720053;Dr. van Dalelaan;Ermelo;2,7;4,0;1,4;1,7;0,8;0,7
19;NL:Q:49720054;Dr. van Dalelaan;Ermelo;3,7;3,7;1,2;2,1;0,8;1,1
19;NL:Q:49720055;Generaal Spoorkazerne;Ermelo;0,1;0,5;0,0;0,0;0,0;0,0
19;NL:Q:49720056;Generaal Spoorkazerne;Ermelo;0,4;0,4;0,0;0,0;0,0;0,0
19;NL:Q:49720057;Triade;Ermelo;0,4;0,2;0,3;0,1;0,0;0,0
19;NL:Q:49720058;Triade;Ermelo;0,7;0,4;0,6;0,5;0,0;0,0
19;NL:Q:49720059;Gemeentehuis;Ermelo;0,1;0,4;0,3;0,3;0,0;0,0
19;NL:Q:49720060;Gemeentehuis;Ermelo;0,4;0,6;0,8;0,5;0,0;0,0
19;NL:Q:49720061;De Meerkanten;Ermelo;0,0;0,1;0,0;0,1;0,0;0,0
19;NL:Q:49720062;De Meerkanten;Ermelo;0,0;0,0;0,0;0,0;0,0;0,0
19;NL:Q:49720063;'t Weitje;Ermelo;11,3;11,5;3,7;5,0;1,6;1,8
19;NL:Q:49720064;'t Weitje;Ermelo;12,5;12,9;5,2;3,7;1,9;1,8
19;NL:Q:49720150;Kolbaanweg;Ermelo;1,9;1,6;0,4;0,5;0,4;0,6
19;NL:Q:49720160;Kolbaanweg;Ermelo;0,7;1,7;0,3;0,6;0,4;0,2
19;NL:Q:49720170;Molenaarsplein;Ermelo;0,0;0,0;0,0;0,0;0,0;0,0
19;NL:Q:49720180;Molenaarsplein;Ermelo;0,0;0,0;0,0;0,0;0,0;0,0
19;NL:Q:49726005;Horsterhoeve;Horst;0,0;0,2;0,0;0,3;0,0;0,0
19;NL:Q:49726006;Horsterhoeve;Horst;0,3;0,0;0,4;0,0;0,0;0,0
19;NL:Q:49726007;Groot Horloo;Horst;1,0;0,8;0,6;0,6;0,0;0,0
19;NL:Q:49726017;Zeeweg;Horst;0,0;2,1;0,0;0,7;0,0;0,0
19;NL:Q:49726018;Zeeweg;Horst;1,7;0,0;0,5;0,0;0,0;0,0
19;NL:Q:49783031;Sonnevanck;Harderwijk;2,9;2,8;0,2;0,3;0,1;0,2
19;NL:Q:49787007;Ullerberg;Leuvenum;2,2;2,9;0,0;0,0;0,0;0,0
19;NL:Q:49787008;Ullerberg;Leuvenum;0,6;0,3;0,0;0,0;0,0;0,0
19;NL:Q:49804001;Boshuis;Drie;0,5;0,1;0,2;0,3;0,0;0,0
19;NL:Q:49804002;Boshuis;Drie;0,1;0,9;0,2;0,6;0,0;0,0
19;NL:Q:49804003;Schaapskooi;Drie;0,1;0,0;0,2;0,1;0,0;0,0
19;NL:Q:49804004;Schaapskooi;Drie;0,0;0,2;0,1;0,3;0,0;0,0
19;NL:Q:49804005;Paalberg;Drie;0,4;0,0;0,5;0,1;0,0;0,0
19;NL:Q:49804006;Paalberg;Drie;0,0;0,2;0,1;0,2;0,0;0,0
19;NL:Q:49805003;Kriemelberg;Drie;0,3;0,2;0,2;0,1;0,0;0,0
19;NL:Q:49805004;Kriemelberg;Drie;0,0;0,5;0,1;0,5;0,0;0,0
19;NL:Q:49808001;Abri;Speuld;0,2;0,0;0,2;0,0;0,0;0,0
19;NL:Q:49808002;Abri;Speuld;0,0;0,3;0,0;0,2;0,0;0,0
19;NL:Q:49808003;Garderenseweg;Speuld;0,3;0,1;0,1;0,0;0,0;0,0
19;NL:Q:49808004;Garderenseweg;Speuld;0,2;0,5;0,0;0,3;0,0;0,0
19;NL:Q:49808005;Buurtweg;Speuld;0,2;0,1;0,0;0,1;0,0;0,0
19;NL:Q:49808006;Buurtweg;Speuld;0,0;0,1;0,0;0,0;0,0;0,0
19;NL:Q:49808011;De Bosrand;Speuld;0,2;0,1;0,2;0,1;0,0;0,0
19;NL:Q:49808012;De Bosrand;Speuld;0,1;0,2;0,1;0,6;0,0;0,0
19;NL:Q:49820002;Sonneheerdt;Ermelo;18,2;25,1;0,9;2,3;0,3;1,3
19;NL:Q:49821001;Station;Putten;84,9;0,8;38,3;0,1;27,9;0,5
19;NL:Q:49821002;Station;Putten;0,2;73,4;0,2;29,3;0,0;23,9
19;NL:Q:49821003;Stationsstraat;Putten;3,3;0,4;0,5;0,2;0,8;0,1
19;NL:Q:49821004;Stationsstraat;Putten;0,2;2,8;0,0;0,7;0,0;0,1
19;NL:Q:49821005;Oude Rijksweg;Putten;0,1;0,0;0,0;0,0;0,0;0,0
19;NL:Q:49821006;Oude Rijksweg;Putten;0,0;0,4;0,0;0,0;0,0;0,0
19;NL:Q:49821007;Zuiderveldweg;Putten;3,7;4,2;2,6;1,7;1,8;1,1
19;NL:Q:49821008;Zuiderveldweg;Putten;3,4;4,0;1,6;2,5;1,1;1,3
19;NL:Q:49821009;Brinkstraat;Putten;13,1;23,8;4,4;7,8;2,3;3,7
19;NL:Q:49821010;Brinkstraat;Putten;20,1;14,4;7,5;5,2;3,1;2,5
19;NL:Q:49821011;Centrum;Putten;43,4;69,9;15,1;23,8;7,5;10,9
19;NL:Q:49821012;Centrum;Putten;75,0;41,0;22,5;14,9;12,9;7,8
19;NL:Q:49821013;Bosrand;Putten;4,2;3,4;1,7;1,7;0,9;1,8
19;NL:Q:49821014;Bosrand;Putten;3,1;3,3;1,3;1,3;1,7;0,4
19;NL:Q:49821023;Bijsterenseweg;Putten;12,1;3,6;1,3;1,5;0,6;0,7
19;NL:Q:49821024;Bijsterenseweg;Putten;3,5;11,1;0,9;1,7;0,5;0,6
19;NL:Q:49821025;Heihaas;Putten;2,2;7,5;1,4;5,8;1,0;0,9
19;NL:Q:49821027;Dorpsstraat;Putten;13,6;19,6;5,2;8,1;1,8;2,2
19;NL:Q:49821028;Dorpsstraat;Putten;16,7;11,7;6,5;4,1;2,3;2,8
19;NL:Q:49821029;Kerkstraat;Putten;10,6;23,7;3,6;7,1;1,4;2,7
19;NL:Q:49821030;Kerkstraat;Putten;23,1;10,2;4,8;2,8;3,4;1,3
19;NL:Q:49821037;Welkoop;Putten;16,9;8,4;3,5;1,4;1,1;0,9
19;NL:Q:49821038;Welkoop;Putten;8,3;16,4;1,2;3,1;0,9;1,3
19;NL:Q:49829009;Landgoed Schovenhorst;Koudhoorn;0,2;0,8;0,4;0,8;0,4;0,4
19;NL:Q:49882001;Hooiweg/Middenweg;Elspeet;0,9;0,4;0,0;0,0;0,0;0,0
19;NL:Q:49887001;School;Leuvenum;0,5;0,1;0,0;0,0;0,0;0,0
19;NL:Q:49887002;School;Leuvenum;0,2;0,4;0,0;0,0;0,0;0,0
19;NL:Q:49887003;De Zwarte Boer;Leuvenum;0,6;0,8;0,1;0,0;0,2;0,0
19;NL:Q:49887004;De Zwarte Boer;Leuvenum;0,7;0,8;0,1;0,8;0,0;0,6
19;NL:Q:49887005;Het Roode Koper;Leuvenum;0,1;0,2;0,0;0,0;0,1;0,0
19;NL:Q:49887006;Het Roode Koper;Leuvenum;0,1;0,3;0,0;0,1;0,0;0,0
19;NL:Q:49889001;Kasteel Staverden;Staverden;0,4;0,4;0,3;0,0;0,3;0,0
19;NL:Q:49889002;Kasteel Staverden;Staverden;0,4;0,8;0,0;0,8;0,1;0,9
19;NL:Q:49889003;Navobi;Staverden;0,1;0,5;0,1;0,0;0,0;0,0
19;NL:Q:49889004;Navobi;Staverden;0,3;0,1;0,0;0,1;0,0;0,0
19;NL:Q:50420131;Centrum;Amersfoort;22,9;15,3;14,2;9,8;7,9;8,0
19;NL:Q:50420143;Centrum;Amersfoort;21,7;24,5;10,1;13,5;6,3;7,3
19;NL:Q:50420351;Blekerseiland;Amersfoort;5,4;9,6;4,0;4,8;3,2;4,5
19;NL:Q:50420400;Blekerseiland;Amersfoort;10,4;8,1;4,4;4,9;3,8;2,7
19;NL:Q:50420511;Hendrik van Viandenstraat;Amersfoort;5,9;5,8;2,7;2,2;2,3;2,2
19;NL:Q:50420520;Hendrik van Viandenstraat;Amersfoort;5,4;3,8;2,0;2,0;2,2;2,4
19;NL:Q:50420540;De Kei;Amersfoort;11,3;15,6;3,3;9,9;2,8;6,8
19;NL:Q:50420660;Station Schothorst;Amersfoort;3,6;64,2;0,0;0,0;0,0;0,0
19;NL:Q:50420671;Oudegein;Amersfoort;4,6;0,1;0,0;0,0;0,0;0,0
19;NL:Q:50420680;Oudegein;Amersfoort;0,2;2,6;0,0;0,0;0,0;0,0
19;NL:Q:50420931;Silverstein;Amersfoort;1,0;0,1;0,0;0,0;0,0;0,0
19;NL:Q:50420940;Silverstein;Amersfoort;0,0;0,7;0,0;0,0;0,0;0,0
19;NL:Q:50420970;Paladijnenweg;Amersfoort;14,5;16,4;0,0;0,0;0,0;0,0
19;NL:Q:50421210;Eemplein;Amersfoort;0,1;0,0;0,0;0,0;0,0;0,0
19;NL:Q:50421220;Eemplein;Amersfoort;0,0;0,2;0,0;0,0;0,0;0,0
19;NL:Q:50422160;Snouckaertlaan;Amersfoort;0,6;3,1;0,2;1,5;0,1;0,9
19;NL:Q:50422540;De Kei;Amersfoort;16,8;10,4;7,5;3,8;5,3;4,1
19;NL:Q:50423020;GSG Arnhemseweg;Amersfoort;0,2;0,1;0,0;0,0;0,0;0,0
19;NL:Q:50423040;GSG Paladijnenweg;Amersfoort;2,3;3,4;0,0;0,0;0,0;0,0
19;NL:Q:50423320;GSG Arnhemseweg;Amersfoort;0,0;0,1;0,0;0,0;0,0;0,0
19;NL:Q:50423410;Hoornbeeck/Van Lodenstein;Amersfoort;27,2;45,8;0,0;0,0;0,0;0,0
19;NL:Q:50425050;Centraal Station;Amersfoort;140,2;0,8;69,5;0,2;59,6;0,1
19;NL:Q:50425090;Centraal Station;Amersfoort;0,6;156,6;0,0;58,5;0,3;51,6
19;NL:Q:50428009;Hogeweg;Amersfoort;3,8;2,3;2,4;2,8;2,2;1,1
19;NL:Q:50428010;Hogeweg;Amersfoort;2,3;5,2;1,9;3,2;0,9;3,2
19;NL:Q:50428011;Amerena;Amersfoort;37,6;4,7;17,6;2,3;10,4;1,0
19;NL:Q:50428012;Amerena;Amersfoort;3,4;24,7;1,4;12,1;1,0;9,2
19;NL:Q:50428014;Barneveldseweg;Amersfoort;2,0;23,7;1,0;6,8;0,3;5,8
19;NL:Q:50428050;De Stuwdam;Amersfoort;8,9;1,1;1,2;0,7;0,6;0,3
19;NL:Q:50428051;De Stuwdam;Amersfoort;1,4;9,3;0,5;1,6;0,2;0,9
19;NL:Q:50450161;Geertrudishof;Leusden;1,1;0,9;0,4;0,3;0,0;0,0
19;NL:Q:50450170;Geertrudishof;Leusden;2,8;1,9;0,7;0,5;0,0;0,0
19;NL:Q:50450281;Middenweg;Leusden;0,2;3,3;0,2;0,7;0,0;0,0
19;NL:Q:50450330;Bohemen;Leusden;0,5;1,1;0,2;0,1;0,0;0,0
19;NL:Q:50450332;Bohemen;Leusden;2,8;0,3;0,8;0,1;0,0;0,0
19;NL:Q:50450360;Beekridder;Leusden;0,0;0,2;0,0;0,0;0,0;0,0
19;NL:Q:50450380;Bosveld;Leusden;0,1;0,1;0,0;0,1;0,0;0,0
19;NL:Q:50450390;Beekridder;Leusden;0,1;0,1;0,0;0,0;0,0;0,0
19;NL:Q:50450400;Bosveld;Leusden;0,3;0,1;0,1;0,0;0,0;0,0
19;NL:Q:50450410;Munnikhove;Leusden;0,0;0,0;0,0;0,0;0,0;0,0
19;NL:Q:50450420;Munnikhove;Leusden;0,0;0,0;0,1;0,0;0,0;0,0
19;NL:Q:50450440;Hamershof;Leusden;0,1;0,3;0,0;0,0;0,0;0,0
19;NL:Q:50450450;Hamershof;Leusden;0,1;0,2;0,0;0,0;0,0;0,0
19;NL:Q:50450530;Rossenberglaan;Leusden;0,2;0,2;0,1;0,1;0,0;0,0
19;NL:Q:50450541;Rossenberglaan;Leusden;0,3;0,1;0,0;0,1;0,0;0,0
19;NL:Q:50450730;Groene Zoom;Leusden;1,4;0,8;0,3;1,0;0,0;0,0
19;NL:Q:50450733;Groene Zoom;Leusden;1,1;1,5;0,4;0,3;0,0;0,0
19;NL:Q:50450740;Walenburg;Leusden;0,1;0,1;0,1;0,0;0,0;0,0
19;NL:Q:50450770;Walenburg;Leusden;0,1;0,2;0,0;0,0;0,0;0,0
19;NL:Q:50456019;Storkstraat;Leusden;2,7;1,3;0,1;0,2;0,0;0,0
19;NL:Q:50456020;Storkstraat;Leusden;1,0;2,3;0,1;0,2;0,0;0,0
19;NL:Q:50456021;Wederik;Leusden;0,1;0,7;0,0;0,0;0,0;0,0
19;NL:Q:50456022;Wederik;Leusden;1,1;0,1;0,2;0,1;0,0;0,0
19;NL:Q:50457003;Stoutenburgerlaan;Stoutenburg;0,4;0,0;0,2;0,1;0,0;0,0
19;NL:Q:50457004;Stoutenburgerlaan;Stoutenburg;0,1;0,2;0,0;0,0;0,0;0,0
19;NL:Q:50457005;Driesprong;Stoutenburg;0,6;0,1;0,5;0,0;0,0;0,0
19;NL:Q:50457006;Driesprong;Stoutenburg;0,2;1,6;0,3;0,8;0,0;0,0
19;NL:Q:50520110;Rotonde Ikea;Amersfoort;0,6;1,9;0,4;0,7;0,2;0,6
19;NL:Q:50520200;Rotonde Ikea;Amersfoort;1,7;0,9;0,8;0,5;0,7;0,3
19;NL:Q:50520231;Station Schothorst;Amersfoort;110,5;10,4;27,9;23,6;17,1;15,0
19;NL:Q:50520240;Trompetstraat;Amersfoort;0,6;2,9;0,1;0,8;0,1;0,7
19;NL:Q:50520251;Trompetstraat;Amersfoort;3,7;0,6;0,7;0,1;0,4;0,1
19;NL:Q:50520260;Piccolopad;Amersfoort;0,3;0,5;0,1;0,4;0,1;0,1
19;NL:Q:50520271;Piccolopad;Amersfoort;0,5;0,9;0,3;0,2;0,1;0,1
19;NL:Q:50520280;Curiestraat;Amersfoort;3,7;1,5;1,1;0,3;0,8;0,2
19;NL:Q:50520291;Curiestraat;Amersfoort;1,7;7,6;0,4;1,8;0,2;1,0
19;NL:Q:50520310;Hermelijnvlinder;Amersfoort;3,8;1,0;0,9;0,4;0,6;0,2
19;NL:Q:50520311;Hermelijnvlinder;Amersfoort;1,0;5,5;0,4;1,8;0,4;0,9
19;NL:Q:50520320;Apollovlinder;Amersfoort;4,7;1,2;0,5;0,3;0,7;0,6
19;NL:Q:50520331;Apollovlinder;Amersfoort;1,2;7,4;0,5;1,0;0,5;0,5
19;NL:Q:50520340;De Brand;Amersfoort;9,3;6,0;2,7;1,7;2,2;1,0
19;NL:Q:50520350;De Brand;Amersfoort;5,0;14,3;2,1;2,7;1,1;2,5
19;NL:Q:50520450;Danzigweg;Amersfoort;0,2;1,5;0,0;0,2;0,1;0,2
19;NL:Q:50520510;Danzigweg;Amersfoort;1,5;0,2;0,1;0,1;0,1;0,1
19;NL:Q:50521160;Heideweg ;Amersfoort;7,4;35,3;2,0;2,4;1,1;1,7
19;NL:Q:50521170;Heideweg ;Amersfoort;11,6;10,1;2,0;2,2;1,8;1,2
19;NL:Q:50529003;Houtrust;Hooglanderveen;0,3;0,7;0,0;0,3;0,1;0,2
19;NL:Q:50529004;Houtrust;Hooglanderveen;0,7;0,7;0,3;0,0;0,1;0,1
19;NL:Q:50529005;Van Zuilenlaan;Hooglanderveen;0,4;0,7;0,2;0,3;0,1;0,1
19;NL:Q:50529006;Van Zuilenlaan;Hooglanderveen;0,6;1,0;0,2;0,1;0,1;0,1
19;NL:Q:50529007;Van Beeklaan;Hooglanderveen;0,2;0,1;0,1;0,1;0,0;0,2
19;NL:Q:50529008;Van Beeklaan;Hooglanderveen;0,1;0,5;0,2;0,1;0,0;0,1
19;NL:Q:50529011;Holleweg;Hooglanderveen;0,2;0,6;0,0;0,1;0,0;0,1
19;NL:Q:50531001;Oude Lageweg;Amersfoort;18,2;2,2;1,1;0,9;0,9;0,5
19;NL:Q:50531002;Oude Lageweg;Amersfoort;4,2;2,9;2,4;1,2;0,3;0,7
19;NL:Q:50531003;Van Tuyllstraat;Hooglanderveen;0,1;0,1;0,3;0,3;0,0;0,1
19;NL:Q:50531004;Van Tuyllstraat;Hooglanderveen;0,1;0,2;0,0;0,0;0,0;0,1
19;NL:Q:50531005;Klaarwater;Hoevelaken;0,2;0,1;0,1;0,1;0,4;0,1
19;NL:Q:50531006;Klaarwater;Hoevelaken;0,1;0,2;0,1;0,2;0,0;0,1
19;NL:Q:50531007;Hofweg;Hoevelaken;2,4;0,6;5,0;2,4;1,0;0,0
19;NL:Q:50531008;Hofweg;Hoevelaken;0,6;2,9;0,2;1,4;0,0;0,8
19;NL:Q:50531009;Julianalaan;Hoevelaken;14,0;3,6;6,0;1,7;2,9;0,3
19;NL:Q:50531010;Julianalaan;Hoevelaken;3,8;12,5;1,3;5,6;0,3;3,5
19;NL:Q:50531011;Gemeentehuis;Hoevelaken;10,6;3,4;10,1;1,9;5,9;0,9
19;NL:Q:50531012;Gemeentehuis;Hoevelaken;3,8;11,1;2,4;9,3;0,7;5,2
19;NL:Q:50531013;Stoutenburgerlaan;Hoevelaken;4,6;2,4;4,5;0,7;2,6;0,4
19;NL:Q:50531014;Stoutenburgerlaan;Hoevelaken;1,9;4,7;0,7;4,0;0,4;3,0
19;NL:Q:50531015;Koninginneweg;Hoevelaken;6,8;7,1;1,9;0,5;1,4;0,1
19;NL:Q:50531016;Koninginneweg;Hoevelaken;7,0;5,1;0,2;2,5;0,1;1,6
19;NL:Q:50531017;Huize Hoevelaken;Hoevelaken;11,6;1,2;1,6;0,7;0,9;0,3
19;NL:Q:50531018;Huize Hoevelaken;Hoevelaken;4,7;2,7;0,4;2,0;0,2;0,8
19;NL:Q:50531021;Bedrijventerrein Hogenbrink;Hoevelaken;0,3;1,2;0,1;0,1;0,0;0,0
19;NL:Q:50531022;Bedrijventerrein Hogenbrink;Hoevelaken;1,0;0,5;0,1;0,1;0,0;0,0
19;NL:Q:50531031;Station;Hoevelaken;22,5;39,0;10,9;9,5;5,1;3,1
19;NL:Q:50531032;Station;Hoevelaken;4,9;2,0;2,0;0,2;0,0;0,0
19;NL:Q:50532002;Ravengoedseweg;Zwartebroek;0,0;0,7;0,0;0,2;0,0;0,4
19;NL:Q:50538013;Barneveldseweg;Amersfoort;15,2;2,4;2,8;1,2;1,9;0,5
19;NL:Q:50543001;Bulderweg;Driedorp;0,0;0,1;0,0;0,0;0,0;0,0
19;NL:Q:50543002;Bulderweg;Driedorp;0,0;0,0;0,0;0,0;0,0;0,0
19;NL:Q:50543003;Peerweg;Driedorp;0,0;0,0;0,0;0,0;0,0;0,0
19;NL:Q:50543004;Peerweg;Driedorp;0,0;0,0;0,0;0,0;0,0;0,0
19;NL:Q:50543005;Slichtenhorsterweg;Driedorp;0,6;0,0;0,0;0,0;0,0;0,0
19;NL:Q:50543006;Slichtenhorsterweg;Driedorp;0,0;0,2;0,0;0,0;0,0;0,0
19;NL:Q:50549001;Appelsestraat;Appel;0,1;0,0;0,0;0,0;0,0;0,0
19;NL:Q:50549002;Appelsestraat;Appel;0,0;0,1;0,0;0,0;0,0;0,0
19;NL:Q:50549004;Akkerweg;Appel;0,0;0,0;0,0;0,0;0,0;0,0
19;NL:Q:50610040;De Molen;Scherpenzeel;0,0;0,0;0,0;0,0;0,0;0,0
19;NL:Q:50610050;De Molen;Scherpenzeel;0,1;0,0;0,0;0,0;0,0;0,0
19;NL:Q:50610060;Pluimenweg;Scherpenzeel;0,0;0,1;0,0;0,0;0,0;0,0
19;NL:Q:50610070;Pluimenweg;Scherpenzeel;0,1;0,0;0,0;0,0;0,0;0,0
19;NL:Q:50610080;Holevoetplein;Scherpenzeel;0,0;0,3;0,0;0,0;0,0;0,0
19;NL:Q:50610090;Holevoetplein;Scherpenzeel;3,4;1,0;1,3;0,8;0,0;0,0
19;NL:Q:50610100;Kerk;Scherpenzeel;0,0;0,2;0,0;0,0;0,0;0,0
19;NL:Q:50610110;Kerk;Scherpenzeel;0,3;0,0;0,1;0,0;0,0;0,0
19;NL:Q:50617003;Vijverlaan;Scherpenzeel;0,8;0,0;0,1;0,0;0,0;0,0
19;NL:Q:50617004;Vijverlaan;Scherpenzeel;0,0;0,7;0,0;0,1;0,0;0,0
19;NL:Q:50617005;Kerk;Scherpenzeel;1,6;0,1;0,9;0,0;0,0;0,0
19;NL:Q:50617006;Kerk;Scherpenzeel;0,0;3,0;0,0;1,3;0,0;0,0
19;NL:Q:50617007;Eikenlaan;Scherpenzeel;2,4;0,0;0,3;0,0;0,0;0,0
19;NL:Q:50617008;Eikenlaan;Scherpenzeel;0,1;2,7;0,0;0,3;0,0;0,0
19;NL:Q:50617009;De Haar;Scherpenzeel;0,0;0,0;0,0;0,0;0,0;0,0
19;NL:Q:50617010;De Haar;Scherpenzeel;0,0;0,3;0,0;0,2;0,0;0,0
19;NL:Q:50617011;Huigenbosch;Scherpenzeel;0,3;0,0;0,0;0,0;0,0;0,0
19;NL:Q:50617012;Huigenbosch;Scherpenzeel;0,0;0,0;0,0;0,0;0,0;0,0
19;NL:Q:50630001;Centrum;Nijkerkerveen;6,2;2,3;1,1;1,2;1,5;0,5
19;NL:Q:50630002;Centrum;Nijkerkerveen;2,7;5,3;0,8;1,7;0,6;0,9
19;NL:Q:50630003;Van den Brandhof;Nijkerkerveen;0,3;0,7;0,2;0,2;0,0;0,0
19;NL:Q:50630004;Van den Brandhof;Nijkerkerveen;0,3;0,3;0,1;0,2;0,0;0,0
19;NL:Q:50630005;Laakweg;Nijkerkerveen;0,1;0,1;0,0;0,1;0,0;0,0
19;NL:Q:50630006;Laakweg;Nijkerkerveen;0,1;0,1;0,1;0,1;0,0;0,0
19;NL:Q:50630007;Dorp;Nijkerkerveen;0,7;0,4;0,2;0,1;0,0;0,0
19;NL:Q:50630008;Dorp;Nijkerkerveen;0,4;0,3;0,1;0,1;0,0;0,0
19;NL:Q:50630009;D. Ruitenbeekstraat;Nijkerkerveen;0,6;0,9;0,5;0,1;0,0;0,0
19;NL:Q:50630010;D. Ruitenbeekstraat;Nijkerkerveen;1,2;0,5;0,1;0,5;0,0;0,0
19;NL:Q:50630280;Berencamperweg;Nijkerk;0,1;0,5;0,0;0,0;0,0;0,0
19;NL:Q:50630290;Berencamperweg;Nijkerk;0,0;0,1;0,0;0,0;0,0;0,0
19;NL:Q:50631016;School Diermen;Putten;0,9;0,4;0,3;0,1;0,2;0,4
19;NL:Q:50637001;De Salentein;Nijkerk;0,8;0,7;0,5;0,2;0,2;0,2
19;NL:Q:50637002;De Salentein;Nijkerk;0,4;1,4;0,1;0,8;0,2;0,4
19;NL:Q:50637003;Tinbergenlaan;Nijkerk;8,5;6,3;2,9;1,7;0,7;1,0
19;NL:Q:50637004;Tinbergenlaan;Nijkerk;5,8;7,0;0,9;2,8;1,1;1,0
19;NL:Q:50637005;Van Rensselaerstraat;Nijkerk;10,7;7,4;5,0;2,8;2,7;2,1
19;NL:Q:50637006;Van Rensselaerstraat;Nijkerk;6,9;10,0;2,4;3,9;1,8;2,1
19;NL:Q:50637007;Station;Nijkerk;38,2;24,2;14,2;9,7;7,4;6,7
19;NL:Q:50637008;Station;Nijkerk;40,3;37,8;16,9;12,7;6,6;7,0
19;NL:Q:50637011;Zilverschoon;Nijkerk;7,4;11,2;1,3;1,4;0,9;1,4
19;NL:Q:50637012;Zilverschoon;Nijkerk;10,4;7,0;1,7;2,6;1,3;1,3
19;NL:Q:50637013;Sparrenlaan;Nijkerk;1,1;0,4;0,3;0,2;0,3;0,1
19;NL:Q:50637014;Sparrenlaan;Nijkerk;0,4;1,2;0,1;0,2;0,0;0,1
19;NL:Q:50637015;Callenbachstraat;Nijkerk;4,8;2,7;1,3;0,7;0,8;0,2
19;NL:Q:50637016;Callenbachstraat;Nijkerk;2,1;6,8;0,7;2,2;0,4;2,2
19;NL:Q:50637025;Torenstraat;Nijkerk;0,2;2,9;0,0;1,8;0,0;0,0
19;NL:Q:50637026;Torenstraat;Nijkerk;2,3;0,8;0,7;0,2;0,0;0,0
19;NL:Q:50637045;Kievitslaan;Nijkerk;0,1;0,0;0,0;0,0;0,0;0,0
19;NL:Q:50637046;Kievitslaan;Nijkerk;0,1;0,3;0,0;0,0;0,0;0,0
19;NL:Q:50637053;Corlaer College;Nijkerk;27,6;32,5;6,1;8,3;3,5;5,1
19;NL:Q:50637054;Corlaer College;Nijkerk;29,3;23,7;7,8;6,2;5,6;4,5
19;NL:Q:50639009;Holleweg;Hooglanderveen;0,4;0,2;0,0;0,1;0,0;0,1
19;NL:Q:50642001;Ravengoedseweg;Zwartebroek;0,8;0,1;0,3;0,0;0,3;0,0
19;NL:Q:50642003;School;Zwartebroek;8,1;1,3;3,6;0,9;2,4;0,3
19;NL:Q:50642004;School;Zwartebroek;1,7;6,3;1,1;3,5;0,2;1,9
19;NL:Q:50642005;Ned. Herv. Kerk;Zwartebroek;1,0;0,3;0,4;0,5;0,6;0,3
19;NL:Q:50642006;Ned. Herv. Kerk;Zwartebroek;0,1;0,9;0,2;0,5;0,4;0,2
19;NL:Q:50645001;De Tolboom;Terschuur;7,5;2,1;3,1;1,2;1,4;0,6
19;NL:Q:50645002;De Tolboom;Terschuur;2,4;6,9;1,4;3,1;0,6;1,7
19;NL:Q:50645003;Leemweg;Terschuur;0,6;0,5;0,2;0,2;0,1;0,1
19;NL:Q:50645004;Leemweg;Terschuur;0,3;1,0;0,2;0,3;0,1;0,1
19;NL:Q:50645005;De Palmpol;Terschuur;0,5;0,4;0,2;0,0;0,1;0,1
19;NL:Q:50645006;De Palmpol;Terschuur;0,0;0,4;0,0;0,3;0,0;0,2
19;NL:Q:50645007;Van Beek;Terschuur;0,8;0,2;0,2;0,1;0,3;0,1
19;NL:Q:50645008;Van Beek;Terschuur;0,7;0,7;0,1;0,5;0,2;0,3
19;NL:Q:50645010;Oude Ambachten Museum;Terschuur;1,0;2,2;0,4;1,3;0,4;0,7
19;NL:Q:50664001;Helweg;Achterveld;0,1;0,3;0,0;0,4;0,0;0,0
19;NL:Q:50664003;Klettersteeg;Achterveld;0,0;0,1;0,0;0,1;0,0;0,0
19;NL:Q:50664004;Klettersteeg;Achterveld;0,1;0,1;0,1;0,2;0,0;0,0
19;NL:Q:50664005;Kerkdijk;Achterveld;0,7;1,1;0,2;0,1;0,0;0,0
19;NL:Q:50664006;Kerkdijk;Achterveld;0,6;0,6;0,1;0,2;0,0;0,0
19;NL:Q:50664007;Huize St. Joseph;Achterveld;1,6;1,5;0,4;0,7;0,0;0,0
19;NL:Q:50664008;Huize St. Joseph;Achterveld;1,4;1,5;0,3;0,3;0,0;0,0
19;NL:Q:50664009;De Hessenkar;Achterveld;1,9;0,6;0,3;0,2;0,0;0,0
19;NL:Q:50664010;De Hessenkar;Achterveld;0,7;3,0;0,1;0,6;0,0;0,0
19;NL:Q:50664019;RK Kerk;Achterveld;0,6;0,2;0,1;0,1;0,0;0,0
19;NL:Q:50664020;RK Kerk;Achterveld;0,2;0,4;0,1;0,3;0,0;0,0
19;NL:Q:50664023;Postweg;Achterveld;0,2;0,2;0,0;0,1;0,0;0,0
19;NL:Q:50664024;Postweg;Achterveld;0,2;0,3;0,2;0,1;0,0;0,0
19;NL:Q:50731015;School Diermen;Putten;0,3;1,0;0,0;0,3;0,3;0,0
19;NL:Q:50731017;School Hoef;Putten;3,0;1,1;0,5;0,7;0,7;0,1
19;NL:Q:50731018;School Hoef;Putten;1,2;2,9;0,5;1,2;0,1;0,4
19;NL:Q:50731043;Henslare;Putten;1,0;0,6;0,1;0,3;0,1;0,1
19;NL:Q:50731044;Henslare;Putten;0,6;1,5;0,1;0,2;0,0;0,2
19;NL:Q:50745009;Oude Ambachten Museum;Terschuur;1,5;1,2;1,6;0,5;0,6;0,4
19;NL:Q:50745011;Kruispunt Harselaar;Terschuur;0,1;0,0;0,0;0,0;0,0;0,0
19;NL:Q:50745012;Kruispunt Harselaar;Terschuur;0,0;0,1;0,0;0,0;0,0;0,0
19;NL:Q:50745021;Zeumerseweg;Barneveld;0,4;3,6;0,0;0,6;0,2;0,4
19;NL:Q:50745022;Zeumerseweg;Barneveld;1,6;0,4;0,4;0,2;0,1;0,0
19;NL:Q:50746001;Lankerenseweg;Voorthuizen;2,7;1,0;0,4;0,1;0,1;0,0
19;NL:Q:50746002;Lankerenseweg;Voorthuizen;1,3;1,7;0,2;0,5;0,0;0,4
19;NL:Q:50746003;Verbindingsweg;Voorthuizen;4,9;6,7;1,3;1,6;1,1;1,3
19;NL:Q:50746004;Verbindingsweg;Voorthuizen;2,5;2,7;0,4;1,1;0,2;0,7
19;NL:Q:50746005;Buitenlust;Voorthuizen;9,6;7,8;2,9;1,1;1,8;0,7
19;NL:Q:50746006;Buitenlust;Voorthuizen;9,8;11,2;1,1;3,3;0,6;2,2
19;NL:Q:50746007;De Punt;Voorthuizen;81,2;102,8;30,6;25,1;20,0;13,3
19;NL:Q:50746008;De Punt;Voorthuizen;97,7;71,0;24,0;31,1;14,0;17,0
19;NL:Q:50746009;Roelenengweg;Voorthuizen;4,0;10,0;1,7;3,0;2,6;1,9
19;NL:Q:50746010;Roelenengweg;Voorthuizen;11,1;4,8;3,3;2,7;2,5;1,6
19;NL:Q:50746012;Bosweg;Voorthuizen;1,3;3,7;0,8;2,4;0,4;1,1
19;NL:Q:50747002;Struik;Nijkerk;3,5;2,6;0,9;0,8;0,4;0,6
19;NL:Q:50763001;Licht en Ruimte;De Glind;0,4;0,1;0,1;0,0;0,0;0,0
19;NL:Q:50763002;Licht en Ruimte;De Glind;0,0;0,3;0,1;0,0;0,0;0,0
19;NL:Q:50763003;Prinses Beatrixschool;De Glind;0,1;0,0;0,0;0,0;0,0;0,0
19;NL:Q:50763004;Prinses Beatrixschool;De Glind;0,0;0,1;0,0;0,0;0,0;0,0
19;NL:Q:50763005;De Glind;De Glind;0,8;0,0;0,4;0,0;0,0;0,0
19;NL:Q:50763006;De Glind;De Glind;0,1;0,8;0,1;0,3;0,0;0,0
19;NL:Q:50763007;Schoonderbekerweg;De Glind;4,1;0,3;1,1;0,3;0,0;0,0
19;NL:Q:50763008;Schoonderbekerweg;De Glind;0,5;4,7;0,2;0,8;0,0;0,0
19;NL:Q:50765033;De Pelmolen;Barneveld;0,1;0,1;0,0;0,0;0,0;0,0
19;NL:Q:50765034;De Pelmolen;Barneveld;0,0;0,1;0,0;0,0;0,0;0,0
19;NL:Q:50765035;De Nieuwe Eshof;Barneveld;0,1;0,1;0,1;0,0;0,0;0,0
19;NL:Q:50765036;De Nieuwe Eshof;Barneveld;0,0;0,0;0,0;0,0;0,0;0,0
19;NL:Q:50765037;De Eshof;Barneveld;0,0;0,0;0,0;0,0;0,0;0,0
19;NL:Q:50765038;De Eshof;Barneveld;0,0;0,0;0,0;0,1;0,0;0,0
19;NL:Q:50765039;Boerderij Veerman;Barneveld;0,0;0,1;0,0;0,2;0,0;0,0
19;NL:Q:50765040;Boerderij Veerman;Barneveld;0,0;0,0;0,0;0,0;0,0;0,0
19;NL:Q:50765067;Anthonie Fokkerstraat;Barneveld;1,7;0,5;0,2;0,1;0,0;0,0
19;NL:Q:50765068;Anthonie Fokkerstraat;Barneveld;0,3;2,5;0,0;0,3;0,0;0,0
19;NL:Q:50767013;Kolfschoten;Scherpenzeel;0,0;0,0;0,0;0,0;0,0;0,0
19;NL:Q:50767014;Kolfschoten;Scherpenzeel;0,1;0,4;0,0;0,0;0,0;0,0
19;NL:Q:50769001;Klein Moorst;De Glind;1,0;0,1;0,1;0,0;0,0;0,0
19;NL:Q:50769002;Klein Moorst;De Glind;0,0;0,7;0,1;0,2;0,0;0,0
19;NL:Q:50812001;Stat. Veenendaal-De Klomp;De Klomp;75,4;70,4;18,4;11,7;0,0;1,8
19;NL:Q:50812002;Stat. Veenendaal-De Klomp;De Klomp;83,2;90,3;22,7;23,9;17,7;19,8
19;NL:Q:50812003;Stat. Veenendaal-De Klomp;De Klomp;10,0;10,1;2,8;1,5;0,0;0,0
19;NL:Q:50814001;Scheivoor;De Klomp;0,0;0,0;0,0;0,1;0,0;0,0
19;NL:Q:50814002;Scheivoor;De Klomp;0,0;0,0;0,1;0,0;0,0;0,0
19;NL:Q:50814003;School;Ederveen;0,1;0,6;0,0;0,2;0,0;0,0
19;NL:Q:50814004;School;Ederveen;0,5;0,3;0,0;0,2;0,0;0,0
19;NL:Q:50814005;Rabobank;Ederveen;0,2;0,7;0,1;0,1;0,0;0,0
19;NL:Q:50814006;Rabobank;Ederveen;0,5;1,2;0,2;0,2;0,0;0,0
19;NL:Q:50814007;Luntersekade;Ederveen;0,2;0,6;0,1;0,2;0,0;0,0
19;NL:Q:50814011;Kruisbeekweg;Ederveen;0,5;4,4;0,0;0,0;0,0;0,0
19;NL:Q:50814012;Kruisbeekweg;Ederveen;2,9;1,3;0,0;0,0;0,0;0,0
19;NL:Q:50814013;Drieenhuizerweg;Ederveen;0,0;0,3;0,0;0,0;0,0;0,0
19;NL:Q:50814014;Drieenhuizerweg;Ederveen;0,0;0,1;0,0;0,0;0,0;0,0
19;NL:Q:50841026;Heihaas;Putten;7,7;2,6;5,6;1,3;1,3;0,6
19;NL:Q:50847001;Struik;Nijkerk;2,1;3,5;0,5;1,0;0,3;0,6
19;NL:Q:50848001;Veenhuizerveldweg;Huinen;4,7;7,2;1,7;2,4;1,4;1,4
19;NL:Q:50848002;Veenhuizerveldweg;Huinen;6,7;5,5;1,9;2,3;1,6;1,4
19;NL:Q:50848003;Oude Garderenseweg;Huinen;4,8;7,0;1,1;2,7;1,6;1,7
19;NL:Q:50848004;Oude Garderenseweg;Huinen;7,1;5,0;2,8;1,2;2,2;0,6
19;NL:Q:60000021;Helweg;Barneveld;0,2;0,1;0,2;0,1;0,0;0,0
19;NL:Q:60000127;Hoofdstraat;Apeldoorn;38,7;1,5;20,9;0,2;13,0;1,1
19;NL:Q:60000203;Zuster Meyboomlaan;Apeldoorn;0,3;1,0;0,2;0,9;0,3;0,6
19;NL:Q:60000225;Valkenhuizen;Arnhem;0,3;0,3;0,1;0,2;0,1;0,3
19;NL:Q:99990032;Station Barneveld Noord;Barneveld;8,5;1,3;2,9;0,2;1,2;0,1
19;NL:Q:99990033;Station Barneveld Noord;Barneveld;1,0;9,1;0,1;2,4;0,0;1,6
20;NL:Q:40000090;Station Velperpoort;Arnhem;46,3;39,3;44,8;39,8;15,0;16,7
20;NL:Q:40000110;Hoflaan;Arnhem;22,8;16,9;14,6;12,0;7,1;4,5
20;NL:Q:40000130;Raapopseweg;Arnhem;15,9;10,9;10,0;7,0;4,4;3,2
20;NL:Q:40000150;Huyghenslaan;Arnhem;6,7;4,5;5,3;4,5;3,3;1,7
20;NL:Q:40000190;Vondellaan;Arnhem;5,2;6,9;0,0;0,0;0,0;0,0
20;NL:Q:40000200;Vondellaan;Arnhem;7,6;4,2;0,0;0,0;0,0;0,0
20;NL:Q:40004007;Centraal Station;Arnhem;102,4;0,0;122,6;0,0;57,4;0,0
20;NL:Q:40004017;Willemsplein;Arnhem;30,1;1,6;42,3;0,7;15,4;0,1
20;NL:Q:40004020;Willemsplein;Arnhem;0,8;31,5;0,5;53,9;0,2;14,3
20;NL:Q:40004022;Velperplein;Arnhem;31,8;2,5;44,3;3,1;16,1;1,2
20;NL:Q:40004023;Velperplein;Arnhem;4,8;40,1;3,4;55,9;2,6;20,5
20;NL:Q:40004416;Centraal Station;Arnhem;0,0;90,0;0,0;94,3;0,0;41,6
20;NL:Q:40004700;Lange Wal;Arnhem;8,7;2,0;9,0;1,4;3,5;0,8
20;NL:Q:40004730;Keulse Slag;Arnhem;8,8;17,1;9,3;25,0;2,7;15,5
20;NL:Q:40004740;Keulse Slag;Arnhem;23,7;9,5;31,7;11,2;11,4;4,3
20;NL:Q:40005330;Station Presikhaaf;Arnhem;3,3;11,5;3,6;10,3;1,2;4,6
20;NL:Q:40005340;Station Presikhaaf;Arnhem;7,6;2,3;10,9;2,7;5,8;1,3
20;NL:Q:40005350;Dongestraat;Arnhem;1,0;3,2;0,9;4,2;0,3;2,3
20;NL:Q:40005360;Dongestraat;Arnhem;2,3;1,3;2,2;1,4;1,2;0,3
20;NL:Q:40006790;Lange Wal;Arnhem;4,7;7,6;3,1;13,2;0,9;6,4
20;NL:Q:40008840;Brekelenkampstraat;Arnhem;1,5;2,8;3,5;1,8;1,2;0,3
20;NL:Q:40120010;Aansluiting A12;Duiven;4,3;1,5;17,6;3,7;5,7;1,2
20;NL:Q:40120030;Hotel De Roskam;Rheden;1,0;0,4;0,0;0,0;0,0;0,0
20;NL:Q:40120050;Beekhuizenseweg;Velp;2,0;2,2;0,0;0,0;0,0;0,0
20;NL:Q:40120060;Beekhuizenseweg;Velp;3,3;1,7;0,0;0,0;0,0;0,0
20;NL:Q:40120250;Nordlaan;Velp;1,6;13,3;0,0;0,0;0,0;0,0
20;NL:Q:40120260;Nordlaan;Velp;7,9;1,5;0,0;0,0;0,0;0,0
20;NL:Q:40120290;Emmastraat;Velp;4,3;5,9;0,0;0,0;0,0;0,0
20;NL:Q:40120300;Emmastraat;Velp;4,3;4,6;0,0;0,0;0,0;0,0
20;NL:Q:40123950;Velperbroek;Velp;4,7;4,3;4,5;10,2;1,3;3,5
20;NL:Q:40123960;Velperbroek;Velp;3,7;12,8;11,6;5,4;4,3;2,0
20;NL:Q:40123990;Ziekenhuis/Waterstraat;Velp;4,5;7,1;2,1;12,4;0,5;5,4
20;NL:Q:40124000;Ziekenhuis/Waterstraat;Velp;3,2;0,6;7,0;1,7;2,6;0,6
20;NL:Q:40124030;Haverland;Velp;0,6;4,6;1,2;10,1;0,3;4,3
20;NL:Q:40124040;Haverland;Velp;3,2;0,8;6,3;0,9;2,8;0,3
20;NL:Q:40124050;Graaf Ottostraat;Velp;0,5;4,7;1,7;9,3;0,5;3,3
20;NL:Q:40124060;Graaf Ottostraat;Velp;2,9;0,4;7,4;1,7;2,4;0,8
20;NL:Q:40124070;Graaf Gerhardstraat;Velp;1,9;5,5;1,1;6,4;0,1;2,9
20;NL:Q:40124080;Graaf Gerhardstraat;Velp;3,9;1,2;3,4;1,2;1,9;0,3
20;NL:Q:40124090;Brekelenkampstraat;Arnhem;2,1;2,2;1,3;5,8;0,3;2,4
20;NL:Q:40551089;J. Fruytierschool;Apeldoorn;24,5;35,7;0,0;0,0;0,0;0,0
20;NL:Q:41220220;Hotel De Roskam;Rheden;0,3;1,2;0,0;0,0;0,0;0,0
20;NL:Q:41220550;NH Kerk;Rheden;2,9;1,5;0,0;0,0;0,0;0,0
20;NL:Q:41220560;NH Kerk;Rheden;1,3;3,5;0,0;0,0;0,0;0,0
20;NL:Q:41220570;Oranjeweg;Rheden;8,5;1,1;0,0;0,0;0,0;0,0
20;NL:Q:41220580;Oranjeweg;Rheden;1,1;9,9;0,0;0,0;0,0;0,0
20;NL:Q:41220590;v. Heerdtplein;Rheden;7,1;0,4;0,0;0,0;0,0;0,0
20;NL:Q:41220600;v. Heerdtplein;Rheden;0,5;6,8;0,0;0,0;0,0;0,0
20;NL:Q:41220650;Overweg;Rheden;2,4;2,2;0,0;0,0;0,0;0,0
20;NL:Q:41230010;Groenestraat;Giesbeek;3,4;0,7;5,8;1,9;1,8;1,1
20;NL:Q:41230030;Kerkstraat;Lathum;3,6;0,4;5,8;0,7;1,7;0,2
20;NL:Q:41230040;Kerkstraat;Lathum;0,5;3,6;0,6;5,8;0,2;1,5
20;NL:Q:41230050;Rijderbosweg;Lathum;0,1;0,1;0,0;0,1;0,2;0,0
20;NL:Q:41230060;Rijderbosweg;Lathum;0,4;0,1;0,1;0,3;0,0;0,0
20;NL:Q:41230080;Aansluiting A12;Duiven;1,6;4,1;3,7;17,5;1,2;5,9
20;NL:Q:41270010;Eikenlaan;Bronckhorst;0,0;0,0;0,0;0,0;0,0;0,0
20;NL:Q:41270020;Eikenlaan;Bronckhorst;0,0;0,0;0,0;0,0;0,0;0,0
20;NL:Q:41270030;Heiligenbeeldenmuseum;Bronckhorst;0,0;0,0;0,0;0,0;0,0;0,0
20;NL:Q:41270040;Heiligenbeeldenmuseum;Bronckhorst;0,0;0,0;0,0;0,0;0,0;0,0
20;NL:Q:41310020;Raadhuisstraat;Vorden;0,0;0,3;0,0;0,0;0,0;0,0
20;NL:Q:41310030;Centrum;Vorden;0,4;4,1;0,0;0,0;0,0;0,0
20;NL:Q:41310040;Centrum;Vorden;4,3;0,8;0,0;0,0;0,0;0,0
20;NL:Q:41310050;De Horsterkamp Zuid;Vorden;1,0;8,2;0,1;0,6;0,1;0,8
20;NL:Q:41310060;De Horsterkamp Zuid;Vorden;8,7;2,5;0,8;0,6;0,8;0,5
20;NL:Q:41310070;Villa Nuova;Vorden;0,6;2,3;0,0;0,0;0,0;0,0
20;NL:Q:41310080;Villa Nuova;Vorden;2,0;0,9;0,0;0,0;0,0;0,0
20;NL:Q:41310090;Raadhuisstraat;Vorden;0,2;0,2;0,0;0,0;0,0;0,0
20;NL:Q:41310290;Station;Vorden;272,4;240,3;51,1;38,7;32,9;43,8
20;NL:Q:41310293;Station;Vorden;0,1;0,0;0,0;0,0;0,0;0,0
20;NL:Q:41310330;De Bleek;Vorden;0,2;7,7;0,1;3,2;0,1;1,1
20;NL:Q:41310340;De Bleek;Vorden;5,5;0,9;2,5;0,5;0,8;0,1
20;NL:Q:41310350;De Wehme;Vorden;0,1;0,1;0,0;0,0;0,0;0,0
20;NL:Q:41310360;De Wehme;Vorden;0,0;0,0;0,0;0,0;0,0;0,0
20;NL:Q:41330030;Wielbergen;Angerlo;0,3;0,3;0,4;0,1;0,1;0,1
20;NL:Q:41330040;Wielbergen;Angerlo;0,3;0,2;0,2;0,3;0,1;0,2
20;NL:Q:41330050;Bingerdenseweg;Angerlo;0,1;0,0;0,2;0,3;0,1;0,1
20;NL:Q:41330060;Bingerdenseweg;Angerlo;0,2;0,1;0,3;0,2;0,0;0,1
20;NL:Q:41330070;Tutenburgsestraat;Giesbeek;2,0;0,4;2,4;0,2;0,5;0,0
20;NL:Q:41330080;Tutenburgsestraat;Giesbeek;0,5;1,0;0,1;0,8;0,2;0,3
20;NL:Q:41330090;Zwalmstraat;Giesbeek;19,0;18,9;19,6;21,7;6,9;7,0
20;NL:Q:41330120;Groenestraat;Giesbeek;0,8;3,1;1,2;7,7;0,4;2,4
20;NL:Q:41330170;Beumerskamp;Doesburg;11,2;5,8;19,8;4,7;6,7;1,4
20;NL:Q:41400010;De Boggelaar;Warnsveld;0,6;1,1;0,0;0,0;0,0;0,0
20;NL:Q:41400020;De Boggelaar;Warnsveld;0,7;0,7;0,0;0,0;0,0;0,0
20;NL:Q:41400110;Kasteel Hackfort;Vorden;0,1;0,3;0,0;0,0;0,0;0,0
20;NL:Q:41400120;Kasteel Hackfort;Vorden;0,2;0,2;0,0;0,0;0,0;0,0
20;NL:Q:41410030;Gemeentehuis;Hengelo;0,8;2,2;0,1;0,5;0,3;0,6
20;NL:Q:41410040;Gemeentehuis;Hengelo;75,4;76,1;19,7;16,9;12,8;9,8
20;NL:Q:41410150;Van Neck;Hengelo;1,8;2,4;0,2;0,4;0,2;0,2
20;NL:Q:41410160;Van Neck;Hengelo;3,2;2,1;0,2;0,5;0,2;0,5
20;NL:Q:41410190;Vordenseweg;Hengelo;16,7;18,8;5,9;5,5;3,7;3,8
20;NL:Q:41410210;Banninkstraat;Hengelo;23,1;25,8;5,4;10,0;7,1;5,7
20;NL:Q:41410230;Vordenseweg;Hengelo;18,4;17,4;3,9;4,4;4,7;2,3
20;NL:Q:41410250;Banninkstraat;Hengelo;25,3;24,5;9,9;8,2;5,8;5,7
20;NL:Q:41420010;NH Kerk;Drempt;1,2;1,9;0,9;1,5;0,3;0,3
20;NL:Q:41420110;Beinum;Doesburg;2,8;2,9;4,6;3,1;1,0;1,2
20;NL:Q:41420120;Beinum;Doesburg;3,9;1,9;2,7;3,3;0,7;1,5
20;NL:Q:41420130;Potsmaat;Doesburg;1,7;2,0;6,0;1,6;1,6;1,1
20;NL:Q:41420140;Potsmaat;Doesburg;2,6;3,1;1,2;3,5;0,3;1,4
20;NL:Q:41420150;tunnel Angerlo;Doesburg;3,1;4,0;5,3;2,6;2,9;0,6
20;NL:Q:41420160;tunnel Angerlo;Doesburg;8,4;3,5;3,7;7,6;0,6;2,4
20;NL:Q:41420180;Beumerskamp;Doesburg;12,3;11,8;4,8;20,1;1,2;6,3
20;NL:Q:41420210;Kraakselaan;Doesburg;42,0;14,4;15,6;14,7;4,0;5,1
20;NL:Q:41420220;Kraakselaan;Doesburg;12,7;55,6;16,6;17,2;4,8;5,1
20;NL:Q:41420230;Meipoort;Doesburg;13,2;14,7;22,4;8,1;6,9;1,8
20;NL:Q:41420240;Meipoort;Doesburg;22,5;11,5;11,0;17,9;1,9;6,3
20;NL:Q:41420250;Karel Doormansingel;Doesburg;1,9;9,4;0,0;0,0;0,0;0,0
20;NL:Q:41420260;Karel Doormansingel;Doesburg;4,4;2,6;0,0;0,0;0,0;0,0
20;NL:Q:41420270;Koepoortwal;Doesburg;5,7;5,9;0,0;0,0;0,0;0,0
20;NL:Q:41420290;Haven;Doesburg;2,1;1,0;8,1;1,0;2,5;0,3
20;NL:Q:41420300;Haven;Doesburg;0,8;4,3;1,1;10,1;0,2;3,5
20;NL:Q:41430070;Cafe Den Bremer;Toldijk;5,2;3,9;2,6;1,6;2,5;0,9
20;NL:Q:41430110;Zuivelfabriek;Steenderen;1,0;0,4;0,1;0,1;0,1;0,1
20;NL:Q:41430120;Zuivelfabriek;Steenderen;0,5;1,3;0,1;0,3;0,1;0,2
20;NL:Q:41430130;Gemeentehuis;Steenderen;2,9;1,6;0,6;0,4;0,7;0,3
20;NL:Q:41430140;Gemeentehuis;Steenderen;1,2;3,3;0,4;1,9;0,2;0,9
20;NL:Q:41430150;Dorp;Steenderen;16,7;13,7;7,0;4,2;5,6;1,9
20;NL:Q:41430160;Dorp;Steenderen;14,5;15,1;5,2;7,3;3,1;5,1
20;NL:Q:41430170;Aviko;Steenderen;12,6;6,3;5,1;2,4;3,7;0,9
20;NL:Q:41430180;Aviko;Steenderen;7,0;13,4;2,3;6,2;0,8;3,0
20;NL:Q:41470010;Station;Didam;4,8;5,6;0,0;0,0;0,0;0,0
20;NL:Q:41470050;Raadhuisstraat;Didam;0,9;0,2;0,0;0,0;0,0;0,0
20;NL:Q:41470060;Raadhuisstraat;Didam;0,1;0,7;0,0;0,0;0,0;0,0
20;NL:Q:41470070;De Hoevert;Didam;0,8;0,8;0,0;0,0;0,0;0,0
20;NL:Q:41470080;De Hoevert;Didam;1,3;1,2;0,0;0,0;0,0;0,0
20;NL:Q:41470110;Gemeentehuis;Didam;0,0;0,0;0,0;0,0;0,0;0,0
20;NL:Q:41470120;Gemeentehuis;Didam;0,0;0,1;0,0;0,0;0,0;0,0
20;NL:Q:41470130;De Linde;Didam;0,6;0,5;0,0;0,0;0,0;0,0
20;NL:Q:41470140;De Linde;Didam;1,4;0,3;0,0;0,0;0,0;0,0
20;NL:Q:41470210;Kapelstraat;Loil;0,1;0,2;0,0;0,0;0,0;0,0
20;NL:Q:41470220;Kapelstraat;Loil;0,2;0,0;0,0;0,0;0,0;0,0
20;NL:Q:41471130;Kerk;Didam;1,1;0,9;0,0;0,0;0,0;0,0
20;NL:Q:41471140;Kerk;Didam;0,7;0,4;0,0;0,0;0,0;0,0
20;NL:Q:41480010;Elver;Nieuw-Wehl;1,4;4,8;0,0;0,0;0,0;0,0
20;NL:Q:41480020;Elver;Nieuw-Wehl;3,1;2,0;0,0;0,0;0,0;0,0
20;NL:Q:41490030;Centrum;Wehl;0,1;0,2;0,0;0,0;0,0;0,0
20;NL:Q:41490040;Centrum;Wehl;0,3;0,1;0,0;0,0;0,0;0,0
20;NL:Q:41490050;Station;Wehl;11,4;15,7;0,0;0,0;0,0;0,0
20;NL:Q:41490070;Brandweerkazerne;Wehl;0,1;0,3;0,0;0,0;0,0;0,0
20;NL:Q:41490080;Brandweerkazerne;Wehl;0,1;0,0;0,0;0,0;0,0;0,0
20;NL:Q:41500010;Gelre ziekenhuizen;Zutphen;30,2;22,9;3,3;2,9;2,4;2,3
20;NL:Q:41500020;Gelre ziekenhuizen;Zutphen;16,6;30,9;3,3;3,5;2,7;2,8
20;NL:Q:41500030;Bieshorstlaan;Warnsveld;3,2;5,9;1,0;2,2;0,7;2,0
20;NL:Q:41500050;'t Horseler;Warnsveld;42,2;39,8;11,9;13,3;9,5;9,4
20;NL:Q:41500060;'t Horseler;Warnsveld;3,4;1,3;0,0;0,0;0,0;0,0
20;NL:Q:41500070;GGNet;Warnsveld;3,9;3,8;0,1;0,2;0,1;0,3
20;NL:Q:41500080;GGNet;Warnsveld;5,5;3,7;0,0;0,0;0,0;0,0
20;NL:Q:41500090;Winkelcentrum Dreiumme;Warnsveld;13,9;37,2;4,6;17,0;3,6;11,3
20;NL:Q:41500150;;;0,0;0,3;0,0;0,2;0,1;0,2
20;NL:Q:41500151;Havepad;Warnsveld;7,1;11,7;3,9;6,4;2,6;6,3
20;NL:Q:41500160;Overkamp;Warnsveld;109,4;109,3;48,8;48,8;34,9;33,8
20;NL:Q:41500170;Overkamp;Warnsveld;3,1;1,7;0,0;0,0;0,0;0,0
20;NL:Q:41500190;Ooyerhoekseweg;Warnsveld;3,4;6,1;0,8;2,5;0,6;1,9
20;NL:Q:41500200;Ooyerhoekseweg;Warnsveld;5,6;4,7;2,3;0,8;1,8;0,7
20;NL:Q:41500251;Rhienderinklaan;Warnsveld;0,9;1,9;0,4;1,5;0,0;0,0
20;NL:Q:41500261;Rhienderinklaan;Warnsveld;1,3;1,0;1,1;0,7;0,0;0,0
20;NL:Q:41500270;Den Bouw;Warnsveld;0,5;0,2;0,2;0,0;0,0;0,0
20;NL:Q:41500280;Den Bouw;Warnsveld;0,2;1,4;0,0;0,4;0,0;0,0
20;NL:Q:41500310;Martinuskerk;Warnsveld;1,1;0,4;0,1;0,1;0,0;0,0
20;NL:Q:41500320;Martinuskerk;Warnsveld;0,3;2,0;0,1;0,6;0,0;0,0
20;NL:Q:41500470;Welgelegen;Warnsveld;26,9;30,5;6,0;9,2;5,3;7,3
20;NL:Q:41500550;Kerkpad;Warnsveld;1,6;6,3;0,4;3,1;0,0;0,0
20;NL:Q:41500560;Kerkpad;Warnsveld;6,3;1,7;2,5;0,2;0,0;0,0
20;NL:Q:41501010;De Groene Jager;Wichmond;0,3;0,4;0,3;0,0;0,2;0,1
20;NL:Q:41501100;De Vlieg;Vierakker;0,1;1,3;0,0;0,7;0,0;0,0
20;NL:Q:41501410;Leesten Oost;Warnsveld;1,0;0,7;0,0;0,1;0,0;0,2
20;NL:Q:41501420;Leesten Oost;Warnsveld;0,2;0,5;0,0;0,0;0,0;0,0
20;NL:Q:41501430;Winkelcentrum Dreiumme;Warnsveld;0,6;0,4;0,2;0,1;0,0;0,0
20;NL:Q:41501440;Winkelcentrum Dreiumme;Warnsveld;25,6;10,6;11,7;3,3;8,0;3,3
20;NL:Q:41501450;Klooster;Warnsveld;9,0;8,7;1,1;3,6;0,8;2,8
20;NL:Q:41501460;Klooster;Warnsveld;30,5;16,8;13,7;8,4;12,6;6,5
20;NL:Q:41501470;Leesten;Warnsveld;18,7;22,9;2,8;9,7;1,4;5,8
20;NL:Q:41501480;Leesten;Warnsveld;18,7;17,5;9,9;2,3;6,0;1,4
20;NL:Q:41503001;Gelderhorst;Zutphen;0,5;0,1;0,1;0,0;0,0;0,0
20;NL:Q:41503010;Den Elter;Zutphen;0,4;0,9;0,2;0,1;0,2;0,2
20;NL:Q:41504001;Gelderhorst;Zutphen;0,2;3,7;0,0;0,7;0,0;0,0
20;NL:Q:41504060;Den Elter;Zutphen;1,0;0,5;0,1;0,6;0,0;0,1
20;NL:Q:41504070;Bronsbergen;Zutphen;3,2;1,3;1,5;0,2;1,5;0,1
20;NL:Q:41504080;Bronsbergen;Zutphen;1,3;4,4;0,2;1,8;0,1;1,3
20;NL:Q:41504090;Revelhorst;Zutphen;1,4;6,0;0,4;2,3;0,7;2,5
20;NL:Q:41504100;Revelhorst;Zutphen;5,5;1,3;1,5;0,4;1,7;0,7
20;NL:Q:41509030;Prins Bernhardlaan;Zutphen;1,7;0,8;1,2;0,7;0,0;0,0
20;NL:Q:41509040;Prins Bernhardlaan;Zutphen;0,6;1,3;0,2;1,3;0,0;0,0
20;NL:Q:41510180;Keijenborg;Bronckhorst;8,4;2,3;2,6;0,7;2,7;0,6
20;NL:Q:41510190;Keijenborg;Bronckhorst;1,8;9,9;0,4;3,6;0,4;2,3
20;NL:Q:41520010;Manege;Laag Keppel;1,6;0,2;1,0;0,2;0,8;0,1
20;NL:Q:41520030;Gouden Leeuw;Laag Keppel;4,1;1,7;2,5;1,2;1,3;0,2
20;NL:Q:41520040;Gouden Leeuw;Laag Keppel;1,5;3,7;1,2;2,0;0,2;0,5
20;NL:Q:41520050;Brede school;Hummelo;1,9;1,2;1,2;1,4;1,2;0,4
20;NL:Q:41520060;Brede school;Hummelo;1,2;1,9;0,7;1,3;0,3;1,3
20;NL:Q:41520110;Zelhemseweg;Hummelo;7,3;3,3;5,3;2,5;3,1;2,1
20;NL:Q:41520120;Zelhemseweg;Hummelo;3,6;7,3;3,0;4,0;1,4;2,7
20;NL:Q:41520210;'t Smaaleke;Laag Keppel;0,8;0,6;0,3;0,6;0,2;0,3
20;NL:Q:41520220;'t Smaaleke;Laag Keppel;0,7;1,7;0,9;1,0;0,2;0,5
20;NL:Q:41520230;Weg naar Hoog-Keppel;Hoog Keppel;0,7;0,7;0,1;0,2;0,1;0,1
20;NL:Q:41520240;Weg naar Hoog-Keppel;Hoog Keppel;0,6;0,8;0,4;0,1;0,1;0,1
20;NL:Q:41520250;Burg. Vrijlandweg;Hoog Keppel;1,2;0,2;0,7;0,1;0,2;0,0
20;NL:Q:41520260;Burg. Vrijlandweg;Hoog Keppel;0,4;1,1;0,1;0,7;0,0;0,2
20;NL:Q:41520270;De Braamberg;Drempt;5,0;5,2;2,6;2,2;0,8;0,5
20;NL:Q:41520280;De Braamberg;Drempt;5,8;3,5;4,1;2,9;0,6;0,6
20;NL:Q:41530030;Covik;Baak;1,3;0,7;1,0;0,1;1,1;0,0
20;NL:Q:41530040;Covik;Baak;0,7;1,8;0,1;1,7;0,1;1,1
20;NL:Q:41530070;Dorp;Baak;12,8;5,8;6,1;1,5;4,7;1,3
20;NL:Q:41530080;Dorp;Baak;6,3;13,7;1,5;8,2;1,5;4,3
20;NL:Q:41530120;De Groene Jager;Zutphen;0,5;0,3;0,5;0,6;0,1;0,2
20;NL:Q:41530150;Hackforterweg;Wichmond;0,5;1,5;0,0;0,0;0,0;0,0
20;NL:Q:41530160;Hackforterweg;Wichmond;1,3;0,3;0,0;0,0;0,0;0,0
20;NL:Q:41530170;De Vlieg;Vierakker;1,2;0,1;0,3;0,0;0,0;0,0
20;NL:Q:41530180;Van den Brink;Wichmond;0,1;0,0;0,0;0,0;0,0;0,0
20;NL:Q:41530200;Dorpsstraat;Wichmond;2,2;0,3;0,6;0,0;0,0;0,0
20;NL:Q:41530210;Dorpsstraat;Wichmond;0,3;1,7;0,0;0,7;0,0;0,0
20;NL:Q:41580001;Pater Smitsstraat;Didam;1,5;0,0;0,0;0,0;0,0;0,0
20;NL:Q:41580002;Pater Smitsstraat;Didam;0,0;0,7;0,0;0,0;0,0;0,0
20;NL:Q:41610070;Waarlo;Zelhem;11,1;2,5;0,8;1,2;1,4;0,6
20;NL:Q:41610080;Waarlo;Zelhem;2,4;11,5;0,6;1,8;0,7;0,6
20;NL:Q:41610090;Suselbeek;Velswijk;2,7;6,5;1,1;1,9;1,9;1,2
20;NL:Q:41610100;Suselbeek;Velswijk;6,8;3,1;2,3;1,2;1,3;0,8
20;NL:Q:41620010;Den Ooiman;Doetinchem;3,6;15,6;2,5;1,1;1,4;0,5
20;NL:Q:41620030;IJzergieterij;Langerak;0,7;1,0;0,4;0,4;0,3;0,3
20;NL:Q:41620040;IJzergieterij;Langerak;0,8;0,8;0,8;0,4;0,3;0,3
20;NL:Q:41620060;Manege;Laag Keppel;0,1;1,2;0,1;1,3;0,2;0,3
20;NL:Q:41640030;Van der Capellenlaan;Zutphen;7,9;12,1;1,7;3,8;1,4;4,4
20;NL:Q:41640040;Van der Capellenlaan;Zutphen;7,3;8,4;1,9;2,1;1,8;2,6
20;NL:Q:41640050;Weg naar Laren;Zutphen;5,0;5,0;1,8;2,0;0,8;0,7
20;NL:Q:41640060;Weg naar Laren;Zutphen;10,1;9,1;3,8;2,9;3,1;1,7
20;NL:Q:41640070;Coehoornsingel;Zutphen;0,7;1,9;0,1;0,8;0,1;0,5
20;NL:Q:41640080;Coehoornsingel;Zutphen;1,5;1,3;0,7;0,1;0,4;0,1
20;NL:Q:41640090;'s-Heerensteen;Zutphen;4,5;4,0;1,6;0,2;1,0;0,2
20;NL:Q:41640091;'s-Heerensteen;Zutphen;1,7;4,3;0,3;1,2;0,1;0,8
20;NL:Q:41640110;Berkelsingel;Zutphen;1,2;23,9;1,0;10,2;0,4;5,9
20;NL:Q:41640120;Berkelsingel;Zutphen;8,7;1,1;3,7;0,5;2,2;0,3
20;NL:Q:41640130;Rijkenhage;Zutphen;1,3;85,9;0,3;73,5;0,3;26,5
20;NL:Q:41640140;Rijkenhage;Zutphen;59,8;2,7;47,6;0,7;16,9;1,1
20;NL:Q:41640170;Busstation;Zutphen;216,1;0,5;84,5;0,6;60,6;0,6
20;NL:Q:41640171;Busstation;Zutphen;141,2;0,0;54,1;0,0;40,4;0,0
20;NL:Q:41640172;Busstation;Zutphen;179,4;0,0;87,4;0,0;38,9;0,0
20;NL:Q:41640173;Busstation;Zutphen;15,7;0,2;6,2;0,1;0,0;0,0
20;NL:Q:41640174;Busstation;Zutphen;2,6;639,0;2,7;216,1;0,9;154,9
20;NL:Q:41640176;Busstation;Zutphen;166,1;0,0;63,2;0,0;49,6;0,0
20;NL:Q:41640200;Dr. Bosstraat;Zutphen;43,5;45,9;10,7;15,2;8,1;11,1
20;NL:Q:41640221;Thorbeckesingel;Zutphen;1,9;9,5;0,1;0,8;0,1;0,6
20;NL:Q:41640231;Thorbeckesingel;Zutphen;23,7;9,0;6,9;4,6;5,2;3,2
20;NL:Q:41640320;IJsselflat;Zutphen;0,5;13,5;0,0;0,3;0,0;0,2
20;NL:Q:41640330;IJsselflat;Zutphen;15,5;4,1;3,3;2,9;1,7;1,3
20;NL:Q:41640340;De Waarden;Zutphen;0,8;4,2;0,0;0,7;0,0;0,4
20;NL:Q:41640350;De Waarden;Zutphen;9,1;6,0;3,5;3,9;2,7;2,8
20;NL:Q:41640360;Weerdslag 100-193;Zutphen;0,9;9,1;0,2;1,1;0,2;1,1
20;NL:Q:41640370;Weerdslag 100-193;Zutphen;21,7;11,3;10,3;8,3;6,2;5,5
20;NL:Q:41640380;De Brink;Zutphen;1,4;7,2;0,2;0,9;0,0;0,4
20;NL:Q:41640390;De Brink;Zutphen;15,4;11,7;12,0;14,5;6,7;7,0
20;NL:Q:41640400;Braamkamp;Zutphen;1,5;8,4;0,0;0,9;0,1;0,8
20;NL:Q:41640410;Braamkamp;Zutphen;21,1;15,2;6,3;9,4;4,6;6,4
20;NL:Q:41640430;Tichelkuilen;Zutphen;75,1;74,0;60,1;61,1;35,0;34,5
20;NL:Q:41640570;Arnold Kaldenbachstraat;Zutphen;15,7;19,8;6,8;10,5;4,3;7,9
20;NL:Q:41642010;Oude Begraafplaats;Zutphen;16,9;19,0;7,2;6,9;5,8;6,2
20;NL:Q:41642030;Watertoren;Zutphen;18,3;17,2;10,5;10,1;5,2;6,7
20;NL:Q:41644610;Van Heemstrastraat;Zutphen;8,0;2,6;0,0;0,0;0,0;0,0
20;NL:Q:41644620;Van Heemstrastraat;Zutphen;2,7;7,3;0,0;0,0;0,0;0,0
20;NL:Q:41644650;Bornhof;Zutphen;3,0;1,5;0,0;0,0;0,0;0,0
20;NL:Q:41644660;Bornhof;Zutphen;1,5;3,7;0,0;0,0;0,0;0,0
20;NL:Q:41644670;Graaf Ottosingel;Zutphen;0,2;2,9;0,0;0,0;0,0;0,0
20;NL:Q:41645680;Polsbroek;Zutphen;1,9;1,1;0,0;0,0;0,0;0,0
20;NL:Q:41648014;IJsselbrug;Zutphen;0,0;0,0;0,0;0,0;0,0;0,0
20;NL:Q:41680010;Didamseweg;Beek;0,4;0,3;0,0;0,0;0,0;0,0
20;NL:Q:41680020;Didamseweg;Beek;0,0;0,2;0,0;0,0;0,0;0,0
20;NL:Q:41680030;'t Heuveltje;Beek;0,0;0,7;0,0;0,0;0,0;0,0
20;NL:Q:41680040;'t Heuveltje;Beek;0,5;0,1;0,0;0,0;0,0;0,0
20;NL:Q:41680050;Kerk;Beek;5,0;3,6;0,0;0,0;0,0;0,0
20;NL:Q:41680070;'t Peeske;Beek;0,0;0,3;0,0;0,0;0,0;0,0
20;NL:Q:41680080;'t Peeske;Beek;0,2;0,3;0,0;0,0;0,0;0,0
20;NL:Q:41718002;De Nieuwenhof;Gietelo;0,0;0,0;0,0;0,0;0,0;0,0
20;NL:Q:41720030;Zelhemseweg;Doetinchem;5,2;11,9;4,2;5,4;4,5;3,8
20;NL:Q:41720040;Zelhemseweg;Doetinchem;15,8;5,0;8,7;4,7;4,8;3,1
20;NL:Q:41720070;Karel Doormanstraat;Doetinchem;0,1;0,3;0,0;0,0;0,0;0,0
20;NL:Q:41720090;Van Starkenborghstraat;Doetinchem;0,0;0,2;0,0;0,0;0,0;0,0
20;NL:Q:41720110;Churchillstraat;Doetinchem;0,2;0,4;0,0;0,0;0,0;0,0
20;NL:Q:41720130;Plein 40-45;Doetinchem;0,0;0,3;0,0;0,0;0,0;0,0
20;NL:Q:41720150;Sportcentrum Rozengaarde;Doetinchem;0,0;0,1;0,0;0,0;0,0;0,0
20;NL:Q:41720190;Rozengaardseweg;Doetinchem;52,3;19,9;7,6;5,6;4,8;3,2
20;NL:Q:41720200;Rozengaardseweg;Doetinchem;53,6;72,2;2,3;11,1;2,7;5,5
20;NL:Q:41720210;Raadhuisstraat;Doetinchem;26,3;4,5;5,6;1,4;3,0;1,0
20;NL:Q:41720220;Raadhuisstraat;Doetinchem;5,1;47,2;1,7;15,1;0,9;5,1
20;NL:Q:41720230;Centrum;Doetinchem;84,4;28,3;42,0;7,7;13,1;4,0
20;NL:Q:41720240;Centrum;Doetinchem;27,3;75,4;5,7;55,2;2,2;14,3
20;NL:Q:41720252;Station;Doetinchem;24,1;1713,1;0,0;399,7;0,0;251,1
20;NL:Q:41720280;Gruitpoort;Doetinchem;0,1;0,9;0,0;0,0;0,0;0,0
20;NL:Q:41720290;Het Weerdje;Doetinchem;0,1;0,0;0,0;0,0;0,0;0,0
20;NL:Q:41720310;Wolborgenmate;Doetinchem;0,0;0,2;0,0;0,0;0,0;0,0
20;NL:Q:41720340;Bastinglaan;Doetinchem;0,0;0,3;0,0;0,0;0,0;0,0
20;NL:Q:41720360;Boekweitdreef;Doetinchem;0,1;0,1;0,0;0,0;0,0;0,0
20;NL:Q:41720390;Wannedreef;Doetinchem;0,2;0,7;0,0;0,0;0,0;0,0
20;NL:Q:41720400;Roggedreef;Doetinchem;0,0;0,1;0,0;0,0;0,0;0,0
20;NL:Q:41720410;Eduard Schilderinkstraat;Doetinchem;21,6;5,3;11,7;2,2;7,4;1,8
20;NL:Q:41720420;Eduard Schilderinkstraat;Doetinchem;5,6;19,4;1,9;9,8;2,2;5,5
20;NL:Q:41720430;Burg. Kehrerstraat;Doetinchem;15,7;12,0;1,2;1,0;0,7;1,3
20;NL:Q:41720440;Burg. Kehrerstraat;Doetinchem;12,1;16,8;0,7;1,0;1,1;0,7
20;NL:Q:41720450;Klompenfabriek;Doetinchem;104,1;35,2;5,6;1,0;4,7;0,8
20;NL:Q:41720460;Klompenfabriek;Doetinchem;12,0;102,9;0,9;4,8;0,7;2,7
20;NL:Q:41720470;Graafschap College;Doetinchem;52,4;82,9;1,6;0,1;1,2;0,1
20;NL:Q:41720480;Graafschap College;Doetinchem;61,5;120,1;0,3;3,1;0,1;1,7
20;NL:Q:41720490;Hof van Oxford;Doetinchem;0,1;0,3;0,0;0,0;0,0;0,0
20;NL:Q:41720500;Alfred Mozerplein;Doetinchem;0,1;0,3;0,0;0,0;0,0;0,0
20;NL:Q:41720520;Willy Brandtplein;Doetinchem;0,5;0,8;0,0;0,0;0,0;0,0
20;NL:Q:41720540;Slingeland Loc. Gezellenlaan;Doetinchem;0,0;0,4;0,0;0,0;0,0;0,0
20;NL:Q:41720580;Wijnbergsebrug;Doetinchem;1,0;4,2;0,2;1,8;0,2;0,6
20;NL:Q:41720590;Wijnbergsebrug;Doetinchem;4,0;2,9;0,6;0,2;0,6;0,2
20;NL:Q:41720600;De Hoop;Doetinchem;0,1;0,1;0,0;0,0;0,0;0,0
20;NL:Q:41720650;Sportpark Zuid;Doetinchem;15,8;13,8;0,0;0,0;0,0;0,0
20;NL:Q:41720670;Zuivelweg;Doetinchem;20,1;4,2;0,0;0,0;0,0;0,0
20;NL:Q:41720680;Zuivelweg;Doetinchem;2,9;19,7;0,0;0,0;0,0;0,0
20;NL:Q:41720690;Slotlaan;Doetinchem;0,0;0,2;0,0;0,0;0,0;0,0
20;NL:Q:41720840;Schavenweide;Doetinchem;0,1;0,5;0,0;0,0;0,0;0,0
20;NL:Q:41720860;Jindo;Doetinchem;0,0;0,0;0,0;0,0;0,0;0,0
20;NL:Q:41720880;Zuivelweg/Mackaylaan;Doetinchem;0,0;0,1;0,0;0,0;0,0;0,0
20;NL:Q:41721050;Watertoren;Doetinchem;23,0;11,5;3,9;3,5;2,1;2,8
20;NL:Q:41721060;Watertoren;Doetinchem;10,5;29,9;2,9;4,0;1,9;1,7
20;NL:Q:41721100;Station;Doetinchem;383,6;2,6;72,0;0,0;45,1;0,0
20;NL:Q:41721101;Station;Doetinchem;1122,2;0,0;271,4;0,0;169,7;0,0
20;NL:Q:41721102;Station;Doetinchem;331,2;7,9;53,2;0,0;45,4;0,0
20;NL:Q:41721103;Station;Doetinchem;34,6;0,0;0,0;0,0;0,0;0,0
20;NL:Q:41721104;Station;Doetinchem;1,0;0,0;3,2;0,0;6,3;0,0
20;NL:Q:41721110;Gemeentehuis;Doetinchem;30,0;74,9;8,9;4,3;4,3;1,8
20;NL:Q:41721120;Gemeentehuis;Doetinchem;13,5;13,6;3,8;4,2;0,6;2,0
20;NL:Q:41721130;2e Loolaan;Doetinchem;61,1;60,9;9,1;1,6;4,2;0,9
20;NL:Q:41721140;2e Loolaan;Doetinchem;56,9;97,3;0,9;9,4;0,4;3,8
20;NL:Q:41721160;Den Ooiman;Doetinchem;10,6;4,5;1,8;2,1;0,5;1,2
20;NL:Q:41723030;Loolaan;Doetinchem;38,3;88,3;3,7;3,5;1,8;3,2
20;NL:Q:41723040;Loolaan;Doetinchem;100,3;42,1;2,5;3,8;1,9;1,6
20;NL:Q:41723050;Slingeland Ziekenhuis;Doetinchem;23,3;47,5;5,9;8,3;5,5;5,5
20;NL:Q:41723060;Slingeland Ziekenhuis;Doetinchem;44,3;24,2;6,8;4,5;6,2;4,1
20;NL:Q:41723070;Slingeland Zkh. Hoofdingang;Doetinchem;5,7;1,5;0,0;0,0;0,0;0,0
20;NL:Q:41723080;'t Anker;Doetinchem;0,0;0,2;0,0;0,0;0,0;0,0
20;NL:Q:41723110;Kruisberg;Doetinchem;40,2;9,2;4,0;2,7;4,7;1,8
20;NL:Q:41723120;Kruisberg;Doetinchem;7,8;41,4;2,5;5,1;1,6;3,5
20;NL:Q:41723170;Bunderhorst;Doetinchem;0,0;0,3;0,0;0,0;0,0;0,0
20;NL:Q:41723530;Station De Huet;Doetinchem;0,2;1,7;0,0;0,0;0,0;0,0
20;NL:Q:41723550;De Bongerd;Doetinchem;0,0;0,0;0,0;0,0;0,0;0,0
20;NL:Q:41723570;Kersenbloesem;Doetinchem;0,1;0,1;0,0;0,0;0,0;0,0
20;NL:Q:41723590;Kruidenlaan;Doetinchem;0,0;0,1;0,0;0,0;0,0;0,0
20;NL:Q:41723630;Bedrijventerrein;Doetinchem;1,8;18,8;0,0;0,4;0,1;0,0
20;NL:Q:41723640;Bedrijventerrein;Doetinchem;15,4;2,4;0,2;0,1;0,0;0,1
20;NL:Q:41723650;Woonboulevard;Doetinchem;3,7;13,1;0,8;1,6;0,6;0,7
20;NL:Q:41723660;Woonboulevard;Doetinchem;11,5;3,4;1,4;1,2;0,5;1,1
20;NL:Q:41730030;Tolbrug;Toldijk;1,5;1,2;0,8;0,5;0,4;0,3
20;NL:Q:41730040;Tolbrug;Toldijk;1,1;1,6;0,9;0,8;0,1;0,7
20;NL:Q:41730050;Lamstraat;Toldijk;0,1;0,2;0,0;0,0;0,1;0,1
20;NL:Q:41730060;Lamstraat;Toldijk;0,1;0,3;0,0;0,2;0,0;0,3
20;NL:Q:41730070;Zonnebrug;Toldijk;1,4;0,3;0,2;0,1;0,2;0,0
20;NL:Q:41730080;Zonnebrug;Toldijk;0,2;1,5;0,1;0,3;0,0;0,3
20;NL:Q:41730100;Cafe Den Bremer;Toldijk;4,4;5,2;2,0;3,0;1,1;2,4
20;NL:Q:41740010;Rustoordlaan;Eefde;3,8;2,5;2,0;2,0;1,3;1,3
20;NL:Q:41740020;Rustoordlaan;Eefde;2,8;6,8;2,0;3,8;1,2;2,8
20;NL:Q:41740030;Het Spijk;Eefde;7,8;10,2;3,2;4,3;2,0;2,1
20;NL:Q:41740031;Het Spijk;Eefde;12,2;8,5;5,6;3,3;2,0;2,4
20;NL:Q:41740050;Het Hart;Eefde;19,5;16,0;8,2;8,3;4,5;5,2
20;NL:Q:41740060;Het Hart;Eefde;11,4;13,3;6,7;6,4;4,9;3,6
20;NL:Q:41740070;Teenkweg;Eefde;8,8;5,1;3,0;3,2;1,5;1,7
20;NL:Q:41740080;Teenkweg;Eefde;10,2;6,8;4,8;2,5;3,0;1,4
20;NL:Q:41740110;Vredenhof;Eefde;1,0;0,9;0,2;0,8;0,4;0,2
20;NL:Q:41740120;Vredenhof;Eefde;0,8;10,4;0,8;3,8;0,3;1,9
20;NL:Q:41740130;Quatre Bras;Eefde;4,5;7,0;2,0;3,4;1,2;2,0
20;NL:Q:41740140;Quatre Bras;Eefde;6,2;4,6;2,7;2,3;1,9;1,9
20;NL:Q:41740150;Kerkhof;Gorssel;1,4;2,2;1,0;1,7;1,4;1,0
20;NL:Q:41761002;Klarenbeekseweg;Voorst;0,0;0,0;0,0;0,0;0,0;0,0
20;NL:Q:41761003;Huize Enkstein;Voorst;0,1;0,0;0,0;0,0;0,0;0,0
20;NL:Q:41761004;Huize Enkstein;Voorst;0,0;0,0;0,0;0,0;0,0;0,0
20;NL:Q:41761006;Huize de Beele;Voorst;0,0;0,5;0,0;0,0;0,0;0,0
20;NL:Q:41761009;Station Voorst-Empe;Voorst;0,0;0,1;0,0;0,0;0,0;0,0
20;NL:Q:41761010;Station Voorst-Empe;Voorst;0,0;0,0;0,0;0,0;0,0;0,0
20;NL:Q:41768001;De Nieuwenhof;Gietelo;0,0;0,1;0,0;0,0;0,0;0,0
20;NL:Q:41770010;Vunderingweg;Almen;2,4;0,0;0,9;0,1;0,0;0,0
20;NL:Q:41770030;Almense Brug;Almen;3,4;0,2;1,6;0,2;0,0;0,0
20;NL:Q:41770040;Almense Brug;Almen;0,1;3,8;0,2;1,6;0,0;0,0
20;NL:Q:41770050;Keyenbeltsweg;Almen;0,9;0,0;0,4;0,0;0,0;0,0
20;NL:Q:41770060;Keyenbeltsweg;Almen;0,0;0,6;0,0;0,4;0,0;0,0
20;NL:Q:41770070;Het Mastler;Eefde;2,4;0,1;1,6;0,1;0,0;0,0
20;NL:Q:41770080;Het Mastler;Eefde;0,1;3,0;0,0;1,8;0,0;0,0
20;NL:Q:41770090;De Uitrusting;Eefde;0,9;0,1;1,0;0,1;0,0;0,0
20;NL:Q:41770100;De Uitrusting;Eefde;0,1;1,4;0,2;1,2;0,0;0,0
20;NL:Q:41770110;Crematorium;Warnsveld;0,1;0,2;0,1;0,6;0,0;0,0
20;NL:Q:41770120;Crematorium;Warnsveld;0,0;0,1;0,2;0,1;0,0;0,0
20;NL:Q:41780010;Hoofdstraat;Kilder;0,1;0,4;0,0;0,0;0,0;0,0
20;NL:Q:41780020;Hoofdstraat;Kilder;0,5;0,1;0,0;0,0;0,0;0,0
20;NL:Q:41780030;Dorp;Kilder;0,1;0,3;0,0;0,0;0,0;0,0
20;NL:Q:41780040;Dorp;Kilder;0,2;0,1;0,0;0,0;0,0;0,0
20;NL:Q:41790030;Busstation;'S-Heerenberg;202,4;208,5;73,1;66,9;48,0;44,2
20;NL:Q:41790070;Busstation;'s-Heerenberg;12,9;1,7;0,0;0,0;0,0;0,0
20;NL:Q:41790080;Maria van Nassaulaan;'S-Heerenberg;41,9;45,7;16,4;17,2;11,6;14,2
20;NL:Q:41790100;Hangaarts;'S-Heerenberg;69,7;76,4;20,1;22,0;11,8;14,1
20;NL:Q:41790130;Tolhuis;Zeddam;1,6;4,7;0,4;1,6;0,6;1,3
20;NL:Q:41790140;Tolhuis;Zeddam;6,2;2,5;2,1;0,9;1,4;0,5
20;NL:Q:41790150;Hertenkamp;Zeddam;3,5;22,9;1,5;8,9;1,1;6,2
20;NL:Q:41790160;Hertenkamp;Zeddam;23,6;2,9;12,2;1,6;6,2;0,9
20;NL:Q:41790190;Kilderseweg;Zeddam;0,2;4,5;0,2;3,8;0,1;1,9
20;NL:Q:41790200;Kilderseweg;Zeddam;2,6;0,2;1,9;0,1;1,7;0,1
20;NL:Q:41796010;Dorp;Stokkum;0,8;0,3;0,0;0,0;0,0;0,0
20;NL:Q:41796020;Dorp;Stokkum;2,3;1,5;0,0;0,0;0,0;0,0
20;NL:Q:41796030;Slotlaan;'S-Heerenberg;1,3;0,5;0,0;0,0;0,0;0,0
20;NL:Q:41796040;Slotlaan;'S-Heerenberg;0,5;2,1;0,0;0,0;0,0;0,0
20;NL:Q:41796050;'t Goor;'S-Heerenberg;2,2;0,4;0,0;0,0;0,0;0,0
20;NL:Q:41796060;'t Goor;'S-Heerenberg;0,2;2,4;0,0;0,0;0,0;0,0
20;NL:Q:41796070;De Kapelhoek;'S-Heerenberg;3,9;1,0;0,0;0,0;0,0;0,0
20;NL:Q:41796080;De Kapelhoek;'S-Heerenberg;1,3;4,7;0,0;0,0;0,0;0,0
20;NL:Q:41796110;Lange Heg;Stokkum;0,3;0,0;0,0;0,0;0,0;0,0
20;NL:Q:41796120;Lange Heg;Stokkum;0,1;1,0;0,0;0,0;0,0;0,0
20;NL:Q:41800070;Kasteel Slangenburg;Slangenburg;1,9;1,0;0,0;0,0;0,0;0,0
20;NL:Q:41800080;Kasteel Slangenburg;Slangenburg;0,8;2,8;0,0;0,0;0,0;0,0
20;NL:Q:41820010;De Hamaker;Terborg;0,8;5,0;0,7;3,9;0,4;2,6
20;NL:Q:41820030;Cafe Hartjes;Gaanderen;0,6;1,9;0,2;1,7;0,0;1,2
20;NL:Q:41820040;Cafe Hartjes;Gaanderen;1,3;0,7;1,7;0,2;0,8;0,0
20;NL:Q:41820050;Winkelcentrum;Gaanderen;2,3;8,0;1,6;6,5;0,9;3,9
20;NL:Q:41820060;Winkelcentrum;Gaanderen;5,4;2,3;6,5;1,6;2,4;1,3
20;NL:Q:41820070;Slakweg;Gaanderen;1,4;0,5;1,2;0,2;0,1;0,1
20;NL:Q:41820080;Slakweg;Gaanderen;0,1;1,5;0,0;0,6;0,0;0,4
20;NL:Q:41820090;De Pol;Doetinchem;0,9;0,3;0,3;0,6;0,9;0,5
20;NL:Q:41820100;De Pol;Doetinchem;0,4;1,5;0,5;0,8;0,6;0,6
20;NL:Q:41820130;McDonald's;Doetinchem;14,8;8,0;3,1;3,8;1,9;2,3
20;NL:Q:41820140;McDonald's;Doetinchem;9,8;14,7;3,8;4,3;2,4;2,6
20;NL:Q:41870010;Voormalig Station;Almen;1,0;0,1;0,4;0,0;0,0;0,0
20;NL:Q:41870030;Hogenkampsweg;Almen;3,5;0,4;5,0;0,2;0,0;0,0
20;NL:Q:41870040;Hogenkampsweg;Almen;0,5;4,0;0,3;4,5;0,0;0,0
20;NL:Q:41870050;De Ehze;Almen;0,7;0,0;0,8;0,2;0,0;0,0
20;NL:Q:41870060;De Ehze;Almen;0,0;1,1;0,2;1,2;0,0;0,0
20;NL:Q:41870070;Groot Have;Almen;1,2;0,0;0,8;0,0;0,0;0,0
20;NL:Q:41870080;Groot Have;Almen;0,1;1,2;0,0;0,5;0,0;0,0
20;NL:Q:41870100;De Hoofdige Boer;Almen;4,6;5,3;4,1;4,8;0,0;0,0
20;NL:Q:41870110;Van Wassenaerlaan;Almen;13,0;0,2;6,1;0,1;0,0;0,0
20;NL:Q:41870120;Van Wassenaerlaan;Almen;0,6;13,3;0,3;6,5;0,0;0,0
20;NL:Q:41870140;Vunderingweg;Almen;0,0;1,7;0,6;1,1;0,0;0,0
20;NL:Q:41880010;Laakweg;Azewijn;0,7;1,1;0,0;0,0;0,0;0,0
20;NL:Q:41880020;Laakweg;Azewijn;0,4;1,4;0,0;0,0;0,0;0,0
20;NL:Q:41890050;Buiting;Braamt;1,8;11,4;1,0;9,1;0,6;4,6
20;NL:Q:41890060;Buiting;Braamt;11,1;1,9;10,0;0,9;9,1;0,9
20;NL:Q:41890090;Stroombroek;Braamt;1,2;7,8;1,3;4,0;1,2;2,6
20;NL:Q:41890100;Stroombroek;Wijnbergen;7,5;1,3;3,8;1,3;3,3;1,3
20;NL:Q:41900050;Boesvelderdijk;Westendorp;8,1;4,4;0,0;0,0;0,0;0,0
20;NL:Q:41900060;Boesvelderdijk;Westendorp;4,8;7,8;0,0;0,0;0,0;0,0
20;NL:Q:41910070;Markt;Zelhem;50,6;24,7;20,9;6,5;12,5;4,1
20;NL:Q:41910080;Markt;Zelhem;24,9;51,7;8,5;20,1;8,1;14,3
20;NL:Q:41910110;Stikkenweg;Zelhem;11,8;26,6;1,0;5,1;1,2;3,2
20;NL:Q:41910120;Stikkenweg;Zelhem;26,8;11,7;7,0;1,6;3,1;0,7
20;NL:Q:41910150;Schildersoord;Zelhem;7,8;11,0;1,5;2,6;2,5;2,4
20;NL:Q:41910160;Schildersoord;Zelhem;11,9;7,8;3,6;1,4;2,3;1,9
20;NL:Q:41910310;Zonnekamp;Zelhem;0,3;0,2;0,0;0,0;0,0;0,0
20;NL:Q:41911010;Kerkwijk;Zelhem;0,5;0,0;0,0;0,0;0,0;0,0
20;NL:Q:41911020;Kerkwijk;Zelhem;0,0;0,5;0,0;0,0;0,0;0,0
20;NL:Q:41911090;Dennenhoeve;Zelhem;0,0;0,1;0,0;0,0;0,0;0,0
20;NL:Q:41911100;Dennenhoeve;Zelhem;0,0;0,1;0,0;0,0;0,0;0,0
20;NL:Q:41911110;De Betteld;Zelhem;0,1;0,1;0,0;0,0;0,0;0,0
20;NL:Q:41911120;De Betteld;Zelhem;0,0;0,3;0,0;0,0;0,0;0,0
20;NL:Q:41920050;Slingerparallel;Etten;17,6;3,2;4,6;1,1;3,6;0,6
20;NL:Q:41920060;Slingerparallel;Etten;2,4;16,6;1,0;5,5;0,7;3,3
20;NL:Q:41920090;Ulftsestraat;Terborg/Silvolde;0,1;0,7;0,0;0,0;0,0;0,0
20;NL:Q:41920100;Ulftsestraat;Terborg/Silvolde;0,3;0,2;0,0;0,0;0,0;0,0
20;NL:Q:41920210;De Schuylenburgh;Silvolde;0,6;0,5;0,0;0,0;0,0;0,0
20;NL:Q:41920250;Galgenberg;Silvolde;0,2;0,4;0,0;0,0;0,0;0,0
20;NL:Q:41920260;Galgenberg;Silvolde;0,7;0,6;0,0;0,0;0,0;0,0
20;NL:Q:41920270;Roomberg;Silvolde;0,2;0,3;0,0;0,0;0,0;0,0
20;NL:Q:41920280;Roomberg;Silvolde;0,1;0,3;0,0;0,0;0,0;0,0
20;NL:Q:41920290;Markt;Silvolde;0,6;0,9;0,0;0,0;0,0;0,0
20;NL:Q:41920300;Markt;Silvolde;0,6;0,6;0,0;0,0;0,0;0,0
20;NL:Q:41920310;De Lovink;Terborg;2,0;1,8;0,3;1,0;0,3;0,6
20;NL:Q:41920320;De Lovink;Terborg;2,4;2,0;1,0;0,4;0,4;0,3
20;NL:Q:41920330;Politiebureau;Terborg;0,8;0,5;0,2;0,1;0,1;0,1
20;NL:Q:41920340;Politiebureau;Terborg;0,3;0,9;0,1;0,4;0,0;0,3
20;NL:Q:41920350;Station;Terborg;12,9;22,2;5,5;6,0;2,7;3,5
20;NL:Q:41920352;Station;Terborg;15,7;11,1;6,0;6,7;3,7;2,8
20;NL:Q:41920360;Kerk;Terborg;0,7;0,1;0,0;0,0;0,0;0,0
20;NL:Q:41920370;Kerk;Terborg;0,2;0,6;0,0;0,0;0,0;0,0
20;NL:Q:41920380;Antonia;Terborg;1,6;1,4;0,0;0,0;0,0;0,0
20;NL:Q:41920400;De Kameleon;Terborg;0,6;0,1;0,0;0,0;0,0;0,0
20;NL:Q:41920410;De Kameleon;Terborg;0,0;0,9;0,0;0,0;0,0;0,0
20;NL:Q:41920420;De Hamaker;Terborg;3,9;1,2;2,5;0,8;1,7;0,4
20;NL:Q:41920470;De Belterman;Silvolde;1,7;25,2;0,7;7,8;0,5;5,4
20;NL:Q:41920480;De Belterman;Silvolde;30,4;2,2;9,1;0,7;5,3;0,4
20;NL:Q:41920500;Doctor Dreesstraat;Silvolde;9,2;2,0;3,0;1,0;1,5;0,6
20;NL:Q:41920520;Doctor Dreesstraat;Silvolde;1,7;8,4;1,0;3,2;0,7;1,9
20;NL:Q:41970050;Dorpsstraat;Laren;37,8;31,4;14,4;16,2;13,7;6,1
20;NL:Q:41970060;Dorpsstraat;Laren;28,9;36,9;10,9;13,2;3,7;10,4
20;NL:Q:41970090;Maalderij Jansen;Laren;6,5;1,0;1,3;0,9;1,0;0,7
20;NL:Q:41970100;Maalderij Jansen;Laren;1,2;7,3;1,0;1,6;0,7;0,6
20;NL:Q:41970110;Slootsmid;Laren;1,2;0,1;0,2;0,0;0,0;0,0
20;NL:Q:41970120;Slootsmid;Laren;0,1;1,6;0,1;0,9;0,0;0,0
20;NL:Q:41970130;Lindenbergsedijk;Laren;0,2;0,1;0,2;0,1;0,0;0,0
20;NL:Q:41970140;Lindenbergsedijk;Laren;0,1;0,2;0,0;0,4;0,0;0,0
20;NL:Q:41970150;Rossweg;Laren;1,4;0,0;0,5;0,0;0,0;0,0
20;NL:Q:41970160;Rossweg;Laren;0,0;1,6;0,0;0,5;0,0;0,0
20;NL:Q:41970170;Markeloseweg;Laren;0,0;1,9;0,0;1,7;0,0;0,0
20;NL:Q:41970180;Voormalig Station;Almen;0,0;1,3;0,1;0,6;0,0;0,0
20;NL:Q:41972000;Markeloseweg;Laren;1,3;0,0;1,1;0,0;0,0;0,0
20;NL:Q:42020030;Almende College;Ulft;3,9;5,8;0,0;0,0;0,0;0,0
20;NL:Q:42020050;Berghseweg;Ulft;74,2;3,2;14,7;0,2;8,8;0,2
20;NL:Q:42020060;Berghseweg;Ulft;0,8;64,6;0,3;13,9;0,3;7,0
20;NL:Q:42020070;Debbeshoek;Ulft;48,4;4,5;16,7;0,8;10,8;0,5
20;NL:Q:42020080;Debbeshoek;Ulft;2,2;43,4;0,9;17,9;0,4;10,9
20;NL:Q:42020090;DRU Industriepark;Ulft;0,7;54,7;1,2;14,2;0,9;9,1
20;NL:Q:42020100;DRU Industriepark;Ulft;53,2;1,0;13,4;0,4;8,1;0,3
20;NL:Q:42020110;Thorbeckestraat;Ulft;20,7;1,5;3,6;0,2;2,2;0,1
20;NL:Q:42020120;Thorbeckestraat;Ulft;0,3;20,2;0,2;4,5;0,3;3,1
20;NL:Q:42020130;Kerk Ulft Noord;Ulft;31,9;2,3;8,8;0,1;4,9;0,0
20;NL:Q:42020140;Kerk Ulft Noord;Ulft;0,8;30,3;0,2;8,9;0,0;4,9
20;NL:Q:42020160;Riezenweg;Ulft;0,8;14,4;0,1;0,9;0,2;0,8
20;NL:Q:42020190;Keurkamer;Ulft;0,0;0,1;0,0;0,0;0,0;0,0
20;NL:Q:42020210;Riezenweg;Ulft;13,6;1,1;1,0;0,1;0,7;0,0
20;NL:Q:42020220;Ulftseweg;Bontebrug;0,4;1,0;0,0;0,0;0,0;0,0
20;NL:Q:42020230;Ulftseweg;Bontebrug;0,0;0,4;0,0;0,0;0,0;0,0
20;NL:Q:42021010;Rijnweg;Gendringen;33,0;2,2;8,7;0,1;4,3;0,0
20;NL:Q:42021020;Rijnweg;Gendringen;0,8;29,9;0,3;8,8;0,1;5,2
20;NL:Q:42021030;Wesenthorstlaan;Ulft;35,3;1,5;6,6;0,0;3,5;0,1
20;NL:Q:42021040;Wesenthorstlaan;Ulft;0,4;30,4;0,1;6,5;0,0;3,1
20;NL:Q:42021120;Weg achter de Blenk;Oude IJsselstreek;1,5;4,5;0,0;0,0;0,0;0,0
20;NL:Q:42021150;Weg achter de Blenk;Oude IJsselstreek;5,7;1,5;0,0;0,0;0,0;0,0
20;NL:Q:42026030;Dorp;Varsselder;0,1;0,7;0,0;0,0;0,0;0,0
20;NL:Q:42026040;Dorp;Varsselder;0,4;2,4;0,0;0,0;0,0;0,0
20;NL:Q:42026050;Ter Voert;Megchelen;1,9;0,8;0,0;0,0;0,0;0,0
20;NL:Q:42026070;Kerkplein;Gendringen;87,3;83,7;23,9;22,0;16,1;14,0
20;NL:Q:42210010;Brokkenstraat;Breedenbroek;1,5;0,1;0,1;0,0;0,1;0,0
20;NL:Q:42210030;Hebinck;Breedenbroek;8,4;0,9;1,2;0,0;1,2;0,0
20;NL:Q:42210040;Hebinck;Breedenbroek;0,6;8,7;0,0;1,8;0,0;1,0
20;NL:Q:42210050;Weg naar De Heurne;Dinxperlo;16,5;0,1;4,2;0,1;3,2;0,0
20;NL:Q:42210051;Weg naar De Heurne;Dinxperlo;1,2;21,4;0,1;5,8;0,0;3,1
20;NL:Q:42210060;Weg naar De Heurne;Dinxperlo;8,6;10,5;0,0;0,0;0,0;0,0
20;NL:Q:42210070;Groene Kruis;Dinxperlo;21,5;0,3;5,5;0,1;3,9;0,0
20;NL:Q:42210071;Groene Kruis;Dinxperlo;1,2;27,6;0,0;5,9;0,0;4,9
20;NL:Q:42210090;Willem van Oranjeplein;Dinxperlo;0,0;5,6;0,5;0,0;1,0;0,0
20;NL:Q:42210091;Willem van Oranjeplein;Dinxperlo;97,6;82,5;17,8;17,3;10,2;10,0
20;NL:Q:42210290;De Prins;Breedenbroek;0,0;0,0;0,0;0,0;0,0;0,0
20;NL:Q:42210300;De Prins;Breedenbroek;0,1;0,0;0,0;0,0;0,0;0,0
20;NL:Q:42211310;De Kroeze;Breedenbroek;0,0;0,3;0,0;0,0;0,0;0,0
20;NL:Q:42211320;De Kroeze;Breedenbroek;0,0;0,0;0,0;0,0;0,0;0,0
20;NL:Q:42213010;Bohnenweide;Breedenbroek;3,0;0,2;0,4;0,0;0,7;0,0
20;NL:Q:42213020;Bohnenweide;Breedenbroek;0,5;3,2;0,0;0,8;0,0;0,4
20;NL:Q:42213110;Kerk;De Heurne;0,3;1,8;0,0;0,0;0,0;0,0
20;NL:Q:42213120;Kerk;De Heurne;0,8;0,5;0,0;0,0;0,0;0,0
20;NL:Q:42213160;Bruggink;De Heurne;1,5;1,6;0,0;0,0;0,0;0,0
20;NL:Q:42213170;Bruggink;De Heurne;0,8;1,7;0,0;0,0;0,0;0,0
20;NL:Q:42220017;Centrum;Aalten;0,4;0,4;0,0;0,0;0,0;0,0
20;NL:Q:42220018;Centrum;Aalten;0,1;0,9;0,0;0,0;0,0;0,0
20;NL:Q:42220019;Zonneheuvel;Aalten;0,4;0,4;0,0;0,0;0,0;0,0
20;NL:Q:42220020;Zonneheuvel;Aalten;0,1;0,6;0,0;0,0;0,0;0,0
20;NL:Q:42220021;'t Walfort;Aalten;0,4;1,4;0,0;0,0;0,0;0,0
20;NL:Q:42220022;'t Walfort;Aalten;0,4;0,4;0,0;0,0;0,0;0,0
20;NL:Q:42220023;Tramstraat;Breedevoort;2,3;3,5;0,0;0,0;0,0;0,0
20;NL:Q:42220024;Tramstraat;Breedevoort;2,2;2,3;0,0;0,0;0,0;0,0
20;NL:Q:42220110;De Pol;Aalten;1,1;0,2;0,0;0,0;0,0;0,0
20;NL:Q:42220120;De Pol;Aalten;0,1;1,0;0,0;0,0;0,0;0,0
20;NL:Q:42220130;Ludgerstraat;Aalten;0,1;0,0;0,0;0,0;0,0;0,0
20;NL:Q:42220140;Ludgerstraat;Aalten;0,0;0,4;0,0;0,0;0,0;0,0
20;NL:Q:42220150;Station;Aalten;35,6;20,9;0,0;0,0;0,0;0,0
20;NL:Q:42220170;Admiraal de Ruyterstraat;Aalten;0,2;2,9;0,0;0,0;0,0;0,0
20;NL:Q:42220180;Admiraal de Ruyterstraat;Aalten;1,2;0,1;0,0;0,0;0,0;0,0
20;NL:Q:42220290;Dijkstraat;Aalten;0,6;1,6;0,0;0,0;0,0;0,0
20;NL:Q:42340010;Domme Aanleg;Barlo;0,4;0,6;0,0;0,0;0,0;0,0
20;NL:Q:42340020;Domme Aanleg;Barlo;0,3;0,8;0,0;0,0;0,0;0,0
20;NL:Q:42400010;Kwekerij Gelria;Winterswijk;0,1;0,5;0,3;0,0;0,0;0,0
20;NL:Q:42400090;De Harmonie;Winterswijk;26,7;1,9;1,6;0,1;0,0;0,0
20;NL:Q:42400100;De Harmonie;Winterswijk;1,0;28,6;0,2;1,7;0,0;0,0
20;NL:Q:42400110;De Peperbus;Winterswijk;0,9;35,6;0,0;7,1;0,0;0,0
20;NL:Q:42400120;De Peperbus;Winterswijk;32,2;1,5;5,2;0,1;0,0;0,0
20;NL:Q:42400130;Ziekenhuis;Winterswijk;22,8;2,2;1,8;0,2;0,0;0,0
20;NL:Q:42400140;Ziekenhuis;Winterswijk;2,1;28,8;0,2;1,8;0,0;0,0
20;NL:Q:42400190;Busstation;Winterswijk;96,4;0,0;6,6;0,0;0,0;0,0
20;NL:Q:42400470;De Driemark;Winterswijk;8,6;2,0;0,6;0,1;0,0;0,0
20;NL:Q:42400480;De Driemark;Winterswijk;1,2;8,3;0,0;1,1;0,0;0,0
20;NL:Q:42400590;Pelkwijk;Winterswijk;11,4;6,4;0,3;0,0;0,0;0,0
20;NL:Q:42400600;Pelkwijk;Winterswijk;3,8;11,5;0,2;0,4;0,0;0,0
20;NL:Q:42400630;Kloetenseweg;Winterswijk;15,1;7,9;0,9;0,2;0,0;0,0
20;NL:Q:42400640;Kloetenseweg;Winterswijk;7,0;15,4;0,3;0,8;0,0;0,0
20;NL:Q:42400650;Vredensehof;Winterswijk;16,5;8,5;1,7;1,1;0,0;0,0
20;NL:Q:42400660;Vredensehof;Winterswijk;8,2;15,4;0,6;1,3;0,0;0,0
20;NL:Q:42400692;Jaspersweg;Winterswijk;0,7;9,7;0,3;1,2;0,0;0,0
20;NL:Q:42400693;Jaspersweg;Winterswijk;9,9;0,9;0,6;0,4;0,0;0,0
20;NL:Q:42500070;Weg naar Meddo;Meddo;0,1;5,4;0,0;0,1;0,0;0,0
20;NL:Q:42500080;Weg naar Meddo;Meddo;3,2;0,6;0,0;0,1;0,0;0,0
20;NL:Q:42500120;Kwekerij Gelria;Winterswijk;0,6;0,2;0,0;0,2;0,0;0,0
20;NL:Q:42510010;Kroezenhoek;Kroezenhoek;0,1;0,6;0,1;0,2;0,0;0,2
20;NL:Q:42510020;;;0,0;0,2;0,0;0,0;0,0;0,0
20;NL:Q:42510030;Marmelhorst;Kroezenhoek;0,3;2,2;0,0;0,4;0,0;0,3
20;NL:Q:42510040;Marmelhorst;Kroezenhoek;2,5;0,0;0,4;0,0;0,2;0,0
20;NL:Q:42510050;Marmelhorstweg;Breedenbroek;0,0;0,0;0,0;0,0;0,0;0,0
20;NL:Q:42510060;Brokkenstraat;Breedenbroek;0,0;0,7;0,0;0,1;0,0;0,1
20;NL:Q:42510230;Keurhorsterweg;Sinderen;0,1;0,4;0,0;0,0;0,0;0,0
20;NL:Q:42510240;Keurhorsterweg;Sinderen;0,1;0,1;0,0;0,0;0,0;0,0
20;NL:Q:42510270;Luimesweg;Sinderen;0,0;0,1;0,0;0,0;0,0;0,0
20;NL:Q:42510280;Luimesweg;Sinderen;0,3;0,1;0,0;0,0;0,0;0,0
20;NL:Q:42510310;Klok;Sinderen;0,2;1,6;0,0;0,0;0,0;0,0
20;NL:Q:42510320;Klok;Sinderen;1,6;0,4;0,0;0,0;0,0;0,0
20;NL:Q:42610060;Kroezenhoek;Kroezenhoek;0,7;0,1;0,2;0,1;0,1;0,0
20;NL:Q:43000010;Centraal Station;Enschede;236,2;426,4;0,0;0,0;0,0;0,0
20;NL:Q:43000011;Centraal Station;Enschede;187,3;0,0;0,0;0,0;0,0;0,0
20;NL:Q:43000040;Van Heekplein;Enschede;7,9;2,0;0,0;0,0;0,0;0,0
20;NL:Q:43000045;Van Heekplein;Enschede;0,8;8,5;0,0;0,0;0,0;0,0
20;NL:Q:43000050;MST Haaksbergerstraat;Enschede;27,3;31,9;0,0;0,0;0,0;0,0
20;NL:Q:43001830;Rabobank;Enschede;5,9;4,5;0,0;0,0;0,0;0,0
20;NL:Q:43001840;Rabobank;Enschede;12,3;4,7;0,0;0,0;0,0;0,0
20;NL:Q:43001850;P+R Zuiderval;Enschede;28,4;5,9;0,0;0,0;0,0;0,0
20;NL:Q:43001860;P+R Zuiderval;Enschede;18,6;30,8;0,0;0,0;0,0;0,0
20;NL:Q:43130010;Platinastraat;Hengelo;2,1;11,6;0,0;0,0;0,0;0,0
20;NL:Q:43130030;Bellersweg;Beckum;0,1;0,7;0,0;0,0;0,0;0,0
20;NL:Q:43130040;Bellersweg;Beckum;0,6;0,1;0,0;0,0;0,0;0,0
20;NL:Q:43130050;Sluitersdijk;Beckum;0,0;0,1;0,0;0,0;0,0;0,0
20;NL:Q:43130060;Sluitersdijk;Beckum;0,1;0,0;0,0;0,0;0,0;0,0
20;NL:Q:43130080;Wolfkaterweg;Beckum;3,8;0,2;0,0;0,0;0,0;0,0
20;NL:Q:43130090;R.K. Kerk;Beckum;0,7;5,7;0,0;0,0;0,0;0,0
20;NL:Q:43130100;R.K. Kerk;Beckum;1,3;0,8;0,0;0,0;0,0;0,0
20;NL:Q:43130140;Bentelerweg;Beckum;0,0;0,0;0,0;0,0;0,0;0,0
20;NL:Q:43210850;Lansinkesweg;Hengelo;11,5;5,3;0,0;0,0;0,0;0,0
20;NL:Q:43211019;Centraal Station;Hengelo;109,2;0,0;0,0;0,0;0,0;0,0
20;NL:Q:43211021;Centraal Station;Hengelo;0,0;74,0;0,0;0,0;0,0;0,0
20;NL:Q:43212810;Buitenweg;Hengelo;1,4;1,3;0,0;0,0;0,0;0,0
20;NL:Q:43212830;Geerdinksweg;Hengelo;0,8;1,5;0,0;0,0;0,0;0,0
20;NL:Q:43212840;Geerdinksweg;Hengelo;1,4;0,6;0,0;0,0;0,0;0,0
20;NL:Q:43212850;IJsselstraat;Hengelo;0,4;1,4;0,0;0,0;0,0;0,0
20;NL:Q:43212860;IJsselstraat;Hengelo;1,5;0,3;0,0;0,0;0,0;0,0
20;NL:Q:43212870;Vockersweg;Hengelo;0,9;8,8;0,0;0,0;0,0;0,0
20;NL:Q:43212880;Vockersweg;Hengelo;6,0;0,6;0,0;0,0;0,0;0,0
20;NL:Q:43212900;Platinastraat;Hengelo;4,8;1,5;0,0;0,0;0,0;0,0
20;NL:Q:43212910;Dieselstraat;Hengelo;2,9;0,6;0,0;0,0;0,0;0,0
20;NL:Q:43212920;Dieselstraat;Hengelo;0,5;1,4;0,0;0,0;0,0;0,0
20;NL:Q:43230010;Bentelerweg;Stepelo;0,0;0,2;0,0;0,0;0,0;0,0
20;NL:Q:43230030;Beckummerweg;Stepelo;0,5;0,4;0,0;0,0;0,0;0,0
20;NL:Q:43230040;Beckummerweg;Stepelo;0,2;0,1;0,0;0,0;0,0;0,0
20;NL:Q:43230050;Deelweg;Stepelo;0,0;0,5;0,0;0,0;0,0;0,0
20;NL:Q:43230060;Deelweg;Stepelo;0,5;0,1;0,0;0,0;0,0;0,0
20;NL:Q:43230070;Hulstweg;Stepelo;0,1;0,5;0,0;0,0;0,0;0,0
20;NL:Q:43230080;Hulstweg;Stepelo;0,4;0,1;0,0;0,0;0,0;0,0
20;NL:Q:43230110;Metaalstraat;Haaksbergen;0,7;2,0;0,0;0,0;0,0;0,0
20;NL:Q:43230120;Metaalstraat;Haaksbergen;0,8;0,5;0,0;0,0;0,0;0,0
20;NL:Q:43230140;Veldmaterstraat;Haaksbergen;1,1;10,4;0,0;0,0;0,0;0,0
20;NL:Q:44010050;Wolfersveen;Zelhem;3,0;5,0;1,9;1,0;1,4;0,5
20;NL:Q:44010060;Wolfersveen;Zelhem;4,9;3,4;1,1;1,2;0,8;0,3
20;NL:Q:44010090;Het Zonnetje;Zelhem;1,9;3,3;0,3;1,0;0,6;0,6
20;NL:Q:44010100;Het Zonnetje;Wolfersveen;3,3;2,2;1,2;1,1;1,3;0,4
20;NL:Q:44020030;Generaalsweg;Heelweg;0,0;0,1;0,0;0,0;0,0;0,0
20;NL:Q:44020040;Generaalsweg;Heelweg;0,3;0,4;0,0;0,0;0,0;0,0
20;NL:Q:44020110;Aaltenseweg;Varsseveld;6,6;11,1;0,6;0,4;0,3;0,2
20;NL:Q:44020120;Aaltenseweg;Varsseveld;9,0;9,5;0,3;0,6;0,3;0,2
20;NL:Q:44020130;Den Es;Varsseveld;18,1;35,5;0,0;0,0;0,0;0,0
20;NL:Q:44020141;Den Es;Varsseveld;33,9;15,6;0,0;0,0;0,0;0,0
20;NL:Q:44020151;Prinsenhof;Varsseveld;0,2;0,1;0,0;0,0;0,0;0,0
20;NL:Q:44020161;Prinsenhof;Varsseveld;0,2;0,3;0,0;0,0;0,0;0,0
20;NL:Q:44020310;Duthler;Varsseveld;0,6;0,7;0,0;0,0;0,0;0,0
20;NL:Q:44020320;Duthler;Varsseveld;1,4;1,0;0,0;0,0;0,0;0,0
20;NL:Q:44021050;Station;Varsseveld;34,4;124,7;0,0;54,7;0,0;41,3
20;NL:Q:44021060;;;116,9;24,9;50,0;0,0;76,3;0,0
20;NL:Q:44022030;Twenteroute;Varsseveld;0,0;0,1;0,0;0,0;0,0;0,0
20;NL:Q:44022040;Twenteroute;Varsseveld;0,0;0,0;0,0;0,0;0,0;0,0
20;NL:Q:44030010;Sluiskes;Lintelo;0,2;0,5;0,0;0,0;0,0;0,0
20;NL:Q:44030020;Sluiskes;Lintelo;0,7;1,2;0,0;0,0;0,0;0,0
20;NL:Q:44300070;Blanckenborgh;Haaksbergen;0,4;0,8;0,0;0,0;0,0;0,0
20;NL:Q:44300110;Busstation;Haaksbergen;72,8;42,6;123,7;0,0;77,9;0,0
20;NL:Q:44300111;Busstation;Haaksbergen;5,8;0,0;0,0;0,0;0,0;0,0
20;NL:Q:44300112;Busstation;Haaksbergen;0,0;15,1;0,0;88,9;0,0;97,7
20;NL:Q:44300130;Lansinkstraat;Haaksbergen;1,4;4,8;1,3;20,7;0,9;23,7
20;NL:Q:44300140;Lansinkstraat;Haaksbergen;1,7;1,7;0,1;0,8;0,0;1,2
20;NL:Q:44300150;Scholtenhage;Haaksbergen;2,7;0,9;3,1;0,2;1,8;0,1
20;NL:Q:44300160;Scholtenhage;Haaksbergen;1,5;2,6;0,5;3,3;0,2;2,8
20;NL:Q:44300270;Wiedenbroeksingel;Haaksbergen;24,7;27,8;0,0;0,0;0,0;0,0
20;NL:Q:44300280;Wiedenbroeksingel;Haaksbergen;0,8;6,5;0,0;0,0;0,0;0,0
20;NL:Q:44300310;Mr. Eenhuisstraat;Haaksbergen;5,6;5,7;0,0;0,0;0,0;0,0
20;NL:Q:44300320;Mr. Eenhuisstraat;Haaksbergen;3,6;5,5;0,0;0,0;0,0;0,0
20;NL:Q:44301050;Veldmaterstraat;Haaksbergen;7,1;1,5;0,0;0,0;0,0;0,0
20;NL:Q:44340030;Staring College;Lochem;20,9;26,1;5,3;1,5;5,2;0,9
20;NL:Q:44340040;Staring College;Lochem;27,6;20,4;1,2;7,3;1,2;4,1
20;NL:Q:44340090;Vakantiepark Ruighenrode;Lochem;0,3;1,1;0,0;0,0;0,0;0,0
20;NL:Q:44410010;Kerkemeijer;Rekken;1,4;1,8;0,0;0,0;0,0;0,0
20;NL:Q:44410030;Lindevoort;Rekken;3,4;3,1;0,0;0,0;0,0;0,0
20;NL:Q:44410070;Doctor Slotlaan;Rekken;0,8;1,2;0,0;0,0;0,0;0,0
20;NL:Q:44410090;Camping Den Borg;Rekken;0,8;0,9;0,0;0,0;0,0;0,0
20;NL:Q:44410110;Cafe Rotering;Rekken;0,2;0,6;0,0;0,0;0,0;0,0
20;NL:Q:44500177;Busstation;Neede;0,0;76,4;0,0;19,1;0,0;10,2
20;NL:Q:44500210;De Valkhof;Neede;0,2;0,0;0,0;0,0;0,0;0,0
20;NL:Q:44500220;De Valkhof;Neede;0,0;0,5;0,0;0,0;0,0;0,0
20;NL:Q:44500230;De Huikert;Neede;0,2;0,0;0,0;0,0;0,0;0,0
20;NL:Q:44500240;De Huikert;Neede;0,0;0,3;0,0;0,0;0,0;0,0
20;NL:Q:44500250;Christelijke School;Neede;0,4;0,1;0,0;0,0;0,0;0,0
20;NL:Q:44500260;Christelijke School;Neede;0,0;0,3;0,0;0,0;0,0;0,0
20;NL:Q:44500310;Diekmaatschool;Neede;15,2;1,0;2,3;0,1;1,0;0,0
20;NL:Q:44500320;Diekmaatschool;Neede;0,5;16,6;0,0;3,0;0,1;1,2
20;NL:Q:44500330;Rozenboom;Neede;0,0;1,5;0,1;0,1;0,0;0,1
20;NL:Q:44500340;Rozenboom;Neede;1,5;0,0;0,2;0,0;0,1;0,0
20;NL:Q:44500350;Hulshof;Eibergen;0,4;0,0;0,1;0,0;0,1;0,0
20;NL:Q:44500360;Hulshof;Eibergen;0,1;0,4;0,0;0,1;0,0;0,1
20;NL:Q:44500390;Peppeldijk;Eibergen;0,6;0,2;0,0;0,0;0,1;0,0
20;NL:Q:44500400;Peppeldijk;Eibergen;0,2;0,4;0,1;0,1;0,0;0,0
20;NL:Q:44500430;Garage Grooters;Eibergen;80,0;123,4;20,6;40,5;13,9;20,5
20;NL:Q:44500440;Garage Grooters;Eibergen;114,4;67,8;40,0;21,5;21,1;13,4
20;NL:Q:44500450;Viersprong;Eibergen;109,3;123,2;20,9;18,2;13,4;12,4
20;NL:Q:44500460;Viersprong;Eibergen;111,3;101,2;14,1;17,2;14,7;12,9
20;NL:Q:44500510;De Kiefte;Oost Gelre;13,5;16,3;1,5;2,1;1,8;1,5
20;NL:Q:44500520;De Kiefte;Groenlo;13,5;13,8;2,6;1,7;1,7;1,6
20;NL:Q:44500550;De Meergaarden;Eibergen;0,4;0,2;0,0;0,0;0,0;0,0
20;NL:Q:44500570;Bartelinksgang;Eibergen;0,6;0,7;0,0;0,0;0,0;0,0
20;NL:Q:44500590;Hassink;Noordijk;1,2;1,8;0,0;0,0;0,0;0,0
20;NL:Q:44500600;Hassink;Noordijk;0,5;0,5;0,0;0,0;0,0;0,0
20;NL:Q:44501210;Busstation;Neede;0,0;1,4;0,0;0,0;0,0;0,0
20;NL:Q:44501220;Busstation;Neede;78,4;0,0;18,3;0,0;11,6;0,0
20;NL:Q:44600090;Den Sliem;Groenlo;0,1;0,1;0,0;0,0;0,0;0,0
20;NL:Q:44600100;Den Sliem;Groenlo;0,1;0,6;0,0;0,0;0,0;0,0
20;NL:Q:44600131;Busstation;Groenlo;189,3;209,9;37,3;29,8;30,8;13,5
20;NL:Q:44600132;Busstation;Groenlo;34,7;104,9;10,0;37,9;14,3;38,3
20;NL:Q:44600133;Busstation;Groenlo;108,3;81,0;11,6;36,5;11,6;21,2
20;NL:Q:44600134;Busstation;Groenlo;87,9;79,9;19,1;0,0;0,0;0,0
20;NL:Q:44600135;Busstation;Groenlo;90,9;47,5;28,2;7,8;36,7;14,8
20;NL:Q:44600136;Busstation;Groenlo;13,7;0,4;0,0;0,0;0,0;0,0
20;NL:Q:44600200;Het Blik;Groenlo;0,1;0,2;0,0;0,0;0,0;0,0
20;NL:Q:44600210;Het Blik;Groenlo;0,2;0,6;0,0;0,0;0,0;0,0
20;NL:Q:44600220;De Molenberg;Groenlo;0,2;5,7;0,0;0,0;0,0;0,0
20;NL:Q:44600230;De Molenberg;Groenlo;1,9;0,7;0,0;0,0;0,0;0,0
20;NL:Q:44600390;Hartreize;Groenlo;49,2;7,0;17,3;2,0;12,9;1,0
20;NL:Q:44600400;Hartreize;Groenlo;6,2;53,1;1,4;19,6;1,0;15,8
20;NL:Q:44600410;Noordgang;Groenlo;0,7;1,0;0,0;0,0;0,0;0,0
20;NL:Q:44600430;Zuidgang;Oost Gelre;0,1;0,4;0,0;0,0;0,0;0,0
20;NL:Q:44610010;Ellenkamp;Haarlo;1,0;1,3;0,0;0,0;0,0;0,0
20;NL:Q:44610020;Ellenkamp;Haarlo;0,6;0,5;0,0;0,0;0,0;0,0
20;NL:Q:44700050;Erve Kots;Lievelde;0,0;0,2;0,0;0,0;0,0;0,0
20;NL:Q:44700060;Erve Kots;Lievelde;0,0;0,0;0,0;0,0;0,0;0,0
20;NL:Q:44700070;Station;Lievelde;169,9;123,1;64,9;33,3;46,9;32,5
20;NL:Q:44710050;Busstation;Borculo;302,3;301,1;77,5;69,3;60,7;71,4
20;NL:Q:44710052;Busstation;Borculo;42,1;31,3;6,3;5,6;5,8;5,7
20;NL:Q:44710070;Cycloonpark;Borculo;0,7;25,3;0,3;9,4;0,2;6,4
20;NL:Q:44710080;Cycloonpark;Borculo;25,5;2,0;8,8;0,5;8,3;0,8
20;NL:Q:44710110;Snofhutte;Borculo;7,4;14,2;0,7;2,8;0,3;1,5
20;NL:Q:44710120;Snofhutte;Borculo;14,7;7,7;2,4;1,0;1,7;0,5
20;NL:Q:44710160;Leostichting;Borculo;15,3;14,5;0,0;0,0;0,0;0,0
20;NL:Q:44710210;'t Hof;Borculo;0,9;0,9;0,0;0,0;0,0;0,0
20;NL:Q:44710220;'t Hof;Borculo;0,0;1,3;0,0;0,0;0,0;0,0
20;NL:Q:44710410;Graaf Wichmanstraat;Borculo;13,1;5,4;4,3;1,0;1,9;1,1
20;NL:Q:44710420;Graaf Wichmanstraat;Borculo;3,2;14,4;0,2;4,3;0,1;2,9
20;NL:Q:44710450;Bejaardencentrum;Borculo;7,6;1,8;3,6;0,3;2,3;0,3
20;NL:Q:44710460;Bejaardencentrum;Borculo;1,7;7,7;0,2;3,3;0,3;1,8
20;NL:Q:44710470;Berkellaan;Borculo;14,3;6,0;3,7;1,4;3,8;1,1
20;NL:Q:44710480;Berkellaan;Borculo;5,9;14,4;0,8;3,9;0,7;3,0
20;NL:Q:44710490;De Prikke;Borculo;0,2;0,5;0,3;0,2;0,2;0,2
20;NL:Q:44710500;De Prikke;Borculo;0,2;0,4;0,1;0,3;0,1;0,3
20;NL:Q:44710520;Beekvliet;Barchem;0,7;0,6;0,0;0,2;0,0;0,1
20;NL:Q:44710550;Kamerlingh Onnesstraat;Borculo;0,1;0,3;0,0;0,0;0,0;0,0
20;NL:Q:44710560;Kamerlingh Onnesstraat;Borculo;0,1;0,7;0,0;0,0;0,0;0,0
20;NL:Q:44730010;Dute;Beltrum;2,4;1,3;0,0;0,0;0,0;0,0
20;NL:Q:44730020;Dute;Beltrum;1,0;2,4;0,0;0,0;0,0;0,0
20;NL:Q:44740041;De Pessink;Epse;10,0;5,3;3,5;6,0;4,2;3,2
20;NL:Q:44740042;De Pessink;Epse;2,3;7,7;0,9;1,8;0,9;1,1
20;NL:Q:44800024;Driehoek;Lichtenvoorde;19,3;35,3;5,8;19,4;5,2;14,7
20;NL:Q:44800030;Mercatorstraat;Lichtenvoorde;2,2;2,3;0,0;0,0;0,0;0,0
20;NL:Q:44800040;Mercatorstraat;Lichtenvoorde;2,0;2,0;0,0;0,0;0,0;0,0
20;NL:Q:44800050;Richterslaan;Lichtenvoorde;0,4;1,2;0,0;0,0;0,0;0,0
20;NL:Q:44800060;Richterslaan;Lichtenvoorde;0,7;0,3;0,0;0,0;0,0;0,0
20;NL:Q:44800070;Galileistraat;Lichtenvoorde;9,8;1,9;0,0;0,0;0,0;0,0
20;NL:Q:44800080;Galileistraat;Lichtenvoorde;19,8;37,7;0,9;3,1;0,3;2,6
20;NL:Q:44800110;Edisonstraat;Lichtenvoorde;0,5;1,1;0,0;0,0;0,0;0,0
20;NL:Q:44800120;Edisonstraat;Lichtenvoorde;1,1;0,4;0,0;0,0;0,0;0,0
20;NL:Q:44800130;Hagenstraat;Lichtenvoorde;0,2;1,4;0,0;0,0;0,0;0,0
20;NL:Q:44800140;Hagenstraat;Lichtenvoorde;1,2;0,3;0,0;0,0;0,0;0,0
20;NL:Q:44800170;Twenteroute;Lichtenvoorde;235,8;224,7;43,3;40,0;44,7;29,3
20;NL:Q:44800250;Zuid;Lichtenvoorde;31,1;13,5;2,8;1,5;3,5;1,4
20;NL:Q:44800260;Zuid;Lichtenvoorde;21,4;31,5;1,7;5,1;2,7;2,8
20;NL:Q:44802230;Wentholtpark;Lichtenvoorde;36,1;37,8;9,2;11,2;8,2;7,1
20;NL:Q:44802240;Meidoornstraat;Lichtenvoorde;95,2;95,6;22,8;22,7;18,8;18,7
20;NL:Q:44802270;;;42,2;43,7;9,5;12,9;9,6;9,2
20;NL:Q:44810050;Weg naar Vosheuvel;Ruurlo;0,6;1,3;0,1;0,4;0,2;0,1
20;NL:Q:44810060;Weg naar Vosheuvel;Ruurlo;5,5;0,7;0,2;0,2;0,3;0,1
20;NL:Q:44810090;Haarskamp;Ruurlo;18,5;21,3;3,7;3,4;4,0;3,2
20;NL:Q:44810100;Haarskamp;Ruurlo;3,1;0,0;0,0;0,0;0,0;0,0
20;NL:Q:44810170;Station;Ruurlo;81,6;81,5;27,3;14,7;23,8;10,9
20;NL:Q:44810180;Station;Ruurlo;80,2;87,1;15,3;27,6;9,7;25,5
20;NL:Q:44811070;Leostichting;Borculo;13,0;14,6;0,0;0,0;0,0;0,0
20;NL:Q:44811110;'t Rikkelder;Ruurlo;15,9;13,8;6,9;1,9;4,2;1,2
20;NL:Q:44811120;'t Rikkelder;Ruurlo;14,5;15,1;2,3;8,2;1,0;3,6
20;NL:Q:44811140;Nijenhuis;Ruurlo;0,1;0,1;0,0;0,0;0,0;0,0
20;NL:Q:44811150;Nijenhuis;Ruurlo;0,1;0,1;0,0;0,0;0,0;0,0
20;NL:Q:44813100;De Bundeling;Ruurlo;1,3;0,5;0,0;0,0;0,0;0,0
20;NL:Q:44850010;Beekvliet;Barchem;0,7;0,8;0,1;0,1;0,2;0,1
20;NL:Q:44850030;Viersprong;Barchem;0,2;0,1;0,1;0,0;0,2;0,0
20;NL:Q:44850040;Viersprong;Barchem;0,1;0,3;0,1;0,2;0,0;0,2
20;NL:Q:44850070;Centrum;Barchem;7,9;8,3;3,2;3,0;2,9;1,9
20;NL:Q:44850080;Centrum;Barchem;9,3;8,0;3,2;4,8;2,3;2,4
20;NL:Q:44850090;Woodbrookers;Barchem;1,1;0,6;1,0;0,4;0,7;0,6
20;NL:Q:44850100;Woodbrookers;Barchem;0,3;1,3;0,3;1,1;0,3;1,0
20;NL:Q:44850130;Dollehoedsdijk;Barchem;3,5;0,9;1,1;0,5;0,6;0,3
20;NL:Q:44850140;Dollehoedsdijk;Barchem;0,7;3,5;0,4;0,9;0,4;0,7
20;NL:Q:44900050;Harreveld;Harreveld;20,2;24,6;4,4;7,0;4,0;13,8
20;NL:Q:44900060;Harreveld;Harreveld;26,6;25,5;7,7;5,0;4,7;4,6
20;NL:Q:44900090;Radstake;Heelweg;5,3;5,9;0,8;1,5;0,7;1,2
20;NL:Q:44900100;Radstake;Heelweg;6,0;5,9;1,2;2,2;1,2;1,4
20;NL:Q:44910030;'t Sikkeler;Ruurlo;2,3;1,6;0,2;0,2;0,3;0,3
20;NL:Q:44910040;'t Sikkeler;Ruurlo;1,3;1,9;0,1;0,6;0,0;0,4
20;NL:Q:44910070;Cafe Wentink;Veldhoek;3,3;5,5;0,4;1,6;0,7;0,8
20;NL:Q:44910080;Cafe Wentink;Veldhoek;5,5;3,5;2,2;1,1;1,0;0,8
20;NL:Q:44930010;R.K. Kerk;Zieuwent;1,1;3,1;0,0;0,0;0,0;0,0
20;NL:Q:44930020;R.K. Kerk;Zieuwent;3,6;1,0;0,0;0,0;0,0;0,0
20;NL:Q:44930030;R.K. Kerk;Marienvelde;2,7;0,7;0,0;0,0;0,0;0,0
20;NL:Q:44930040;R.K. Kerk;Marienvelde;0,7;3,2;0,0;0,0;0,0;0,0
20;NL:Q:44930050;Waalderweg;Marienvelde;0,0;1,0;0,0;0,0;0,0;0,0
20;NL:Q:44930060;Waalderweg;Marienvelde;0,4;0,8;0,0;0,0;0,0;0,0
20;NL:Q:44930110;Cuppers;Zieuwent;0,1;0,4;0,0;0,0;0,0;0,0
20;NL:Q:44930120;Cuppers;Zieuwent;0,9;0,0;0,0;0,0;0,0;0,0
20;NL:Q:44931170;Cafe De Tolhut;Marienvelde;0,3;0,2;0,0;0,0;0,0;0,0
20;NL:Q:44931171;Cafe De Tolhut;Marienvelde;0,0;0,3;0,0;0,0;0,0;0,0
20;NL:Q:44940010;Dorpsstraat;Halle;1,1;0,2;0,0;0,0;0,0;0,0
20;NL:Q:44940020;Nijhof;Halle;1,4;0,8;0,0;0,0;0,0;0,0
20;NL:Q:44940210;Nijhof;Halle;1,1;1,0;0,0;0,0;0,0;0,0
20;NL:Q:44940530;Dorpsstraat;Halle;0,3;0,9;0,0;0,0;0,0;0,0
20;NL:Q:44950030;Hoog Langen;Lochem;2,2;2,0;0,8;0,6;1,4;0,5
20;NL:Q:44950040;Hoog Langen;Lochem;1,9;2,1;0,6;1,4;0,2;1,2
20;NL:Q:44950050;Hotel Hof van Gelre;Lochem;0,1;0,3;0,0;0,0;0,0;0,0
20;NL:Q:44950070;St. Jozef Rusthuis;Lochem;8,4;8,9;3,5;2,3;3,0;1,1
20;NL:Q:44950080;St. Jozef Rusthuis;Lochem;6,9;8,5;1,8;2,7;1,5;2,6
20;NL:Q:44950090;de Hoge weide;Lochem;0,0;0,2;0,0;0,0;0,0;0,0
20;NL:Q:44950110;Hotel Paasberg;Lochem;0,1;0,1;0,0;0,0;0,0;0,0
20;NL:Q:44950130;De Graafschap;Lochem;0,1;0,1;0,0;0,0;0,0;0,0
20;NL:Q:44950140;De Graafschap;Lochem;0,2;1,7;0,0;0,0;0,0;0,0
20;NL:Q:44950150;Noorderwal;Lochem;0,4;3,7;0,0;0,0;0,0;0,0
20;NL:Q:44950170;Gemeentehuis;Lochem;0,0;0,4;0,0;0,0;0,0;0,0
20;NL:Q:44950180;Centrum Zuid;Lochem;0,3;0,7;0,0;0,0;0,0;0,0
20;NL:Q:44950190;Hotel De Scheperskamp;Lochem;0,1;0,2;0,0;0,0;0,0;0,0
20;NL:Q:44950200;Gemeentehuis;Lochem;0,0;0,7;0,0;0,0;0,0;0,0
20;NL:Q:44950210;Exel Tol;Lochem;17,3;1,4;2,4;0,4;2,0;0,9
20;NL:Q:44950220;Exel Tol;Lochem;1,6;16,7;0,4;2,3;0,2;2,2
20;NL:Q:44950330;Greutink;Lochem;43,0;25,9;14,0;9,1;9,7;4,2
20;NL:Q:44950340;Greutink;Lochem;26,3;43,8;9,6;14,2;4,6;8,4
20;NL:Q:44950370;De Luchte;Lochem;39,9;17,9;10,0;3,3;7,0;2,0
20;NL:Q:44950380;De Luchte;Lochem;17,5;36,8;3,3;9,4;2,5;5,6
20;NL:Q:44950390;Kerkhof;Lochem;0,2;0,0;0,0;0,0;0,0;0,0
20;NL:Q:44950400;Kerkhof;Lochem;0,0;0,1;0,0;0,0;0,0;0,0
20;NL:Q:44950410;Station;Lochem;20,8;8,3;0,0;0,0;0,0;0,0
20;NL:Q:44950480;Tramstraat;Lochem;0,3;1,0;0,0;0,0;0,0;0,0
20;NL:Q:44950490;Graaf Hendriklaan;Lochem;0,6;4,8;0,0;0,0;0,0;0,0
20;NL:Q:44950500;Graaf Hendriklaan;Lochem;2,3;0,1;0,0;0,0;0,0;0,0
20;NL:Q:44950510;Albert Hahnweg;Lochem;0,8;4,4;0,0;0,0;0,0;0,0
20;NL:Q:44950520;Albert Hahnweg;Lochem;2,6;0,1;0,0;0,0;0,0;0,0
20;NL:Q:44951600;Noorderwal;Lochem;0,7;0,0;0,0;0,0;0,0;0,0
20;NL:Q:45120020;Esrein;Hengelo;2,8;22,6;0,0;0,0;0,0;0,0
20;NL:Q:45120040;Ketelmakerij;Hengelo;1,1;1,4;0,0;0,0;0,0;0,0
20;NL:Q:47640030;Saxion Hogeschool;Deventer;12,6;131,3;0,4;23,3;0,3;11,6
20;NL:Q:47640040;Saxion Hogeschool;Deventer;93,0;29,9;16,5;0,4;7,6;0,5
20;NL:Q:47640140;Industrieweg;Deventer;3,1;6,7;0,5;2,6;0,1;0,5
20;NL:Q:47641010;Station;Deventer;453,4;369,9;167,1;140,1;109,7;121,2
20;NL:Q:47641070;Gotlandstraat;Deventer;8,1;19,3;0,4;1,1;0,1;0,2
20;NL:Q:47641080;Gotlandstraat;Deventer;21,1;11,6;0,3;0,6;0,1;0,2
20;NL:Q:47641870;Zweedsestraat;Deventer;21,9;62,1;2,8;10,5;1,1;4,8
20;NL:Q:47641880;Zweedsestraat;Deventer;41,2;23,8;8,7;4,6;6,3;1,3
20;NL:Q:47641890;Hanzeweg;Deventer;2,6;7,2;0,3;0,2;0,1;0,0
20;NL:Q:47641900;Hanzeweg;Deventer;9,9;3,2;0,1;0,3;0,2;0,2
20;NL:Q:47641920;Mr. De Boerplein;Deventer;12,4;9,5;6,2;4,6;3,5;2,8
20;NL:Q:47641930;Mr. De Boerplein;Deventer;3,9;2,8;1,3;4,0;0,8;2,5
20;NL:Q:47646030;Industrieweg;Deventer;3,1;5,9;0,1;2,2;0,1;1,1
20;NL:Q:47740040;De Pessink;Epse;11,4;12,4;5,1;5,3;3,8;6,0
20;NL:Q:47740050;Bloemenkamp;Gorssel;19,9;40,5;8,7;18,7;5,8;12,0
20;NL:Q:47740060;Bloemenkamp;Gorssel;40,6;20,3;19,8;9,0;12,8;6,7
20;NL:Q:47740090;Museum MORE;Gorssel;19,2;34,2;19,3;22,8;12,0;16,4
20;NL:Q:47740100;Museum MORE;Gorssel;32,5;19,6;19,8;20,1;14,9;12,9
20;NL:Q:47740160;Kerkhof;Gorssel;2,0;1,6;0,7;0,8;0,9;1,4
20;NL:Q:47740230;Larikshoeve;Epse;1,0;0,1;0,7;0,0;0,5;0,1
20;NL:Q:47740240;Larikshoeve;Epse;0,2;1,5;0,2;0,8;0,1;0,6
20;NL:Q:47740270;Viersprong;Epse;15,0;2,6;6,5;1,3;3,4;0,9
20;NL:Q:47740280;Viersprong;Epse;2,6;14,4;0,8;6,1;1,2;2,8
20;NL:Q:47870030;Oesterschelp;Hassink;3,7;0,2;1,2;0,2;0,9;0,1
20;NL:Q:47870040;Oesterschelp;Hassink;0,3;3,6;0,0;1,2;0,2;0,7
20;NL:Q:47870050;De Drie Kieften;Hassink;2,1;0,2;1,4;0,2;1,4;0,1
20;NL:Q:47870060;De Drie Kieften;Hassink;0,2;2,3;0,1;2,1;0,1;1,0
20;NL:Q:47870090;'t Joppe;Joppe;4,5;0,5;2,0;0,1;2,5;0,1
20;NL:Q:47870100;'t Joppe;Joppe;0,6;5,3;0,3;2,7;0,1;1,8
20;NL:Q:47970050;De Vennink;Harfsen;2,6;0,2;1,1;0,2;1,3;0,2
20;NL:Q:47970060;De Vennink;Harfsen;0,2;2,8;0,2;1,3;0,2;0,6
20;NL:Q:47970090;School;Harfsen;29,3;6,3;9,1;1,7;7,1;1,0
20;NL:Q:47970100;School;Harfsen;6,0;28,8;1,8;10,7;1,1;5,7
20;NL:Q:47970110;Maalderij Goldstein;Harfsen;2,3;1,5;2,1;0,4;1,3;0,4
20;NL:Q:47970120;Maalderij Goldstein;Harfsen;1,8;2,7;0,5;1,9;0,3;0,9
20;NL:Q:91000114;;;137,5;158,6;43,5;49,7;32,9;43,0
20;NL:Q:91000140;;;0,0;78,9;0,0;5,8;0,0;0,0
21;NL:Q:18500010;Noordikslaan;Almelo;10,7;8,1;0,0;0,0;0,0;0,0
21;NL:Q:18500120;Sliepersdijk;Hoge Hexel;0,5;0,0;0,0;0,0;0,0;0,0
21;NL:Q:18500130;Sliepersdijk;Hoge Hexel;0,2;0,6;0,0;0,0;0,0;0,0
21;NL:Q:18500140;Hammerweg;Vriezenveen;0,0;0,0;0,0;0,0;0,0;0,0
21;NL:Q:39017001;P2 Slagersmatenweg;Boekelo;0,0;0,0;0,0;0,0;0,0;0,0
21;NL:Q:43000010;Centraal Station;Enschede;411,4;567,6;198,0;162,9;140,7;85,0
21;NL:Q:43000011;Centraal Station;Enschede;806,2;549,9;216,3;157,2;89,6;85,5
21;NL:Q:43000012;Centraal Station;Enschede;679,7;518,1;209,6;257,7;129,4;129,7
21;NL:Q:43000014;Centraal Station;Enschede;504,3;442,3;169,6;159,6;105,7;72,7
21;NL:Q:43000015;Centraal Station;Enschede;545,9;787,8;184,6;237,9;124,4;74,8
21;NL:Q:43000016;Centraal Station;Enschede;436,0;354,4;110,7;154,1;79,3;77,2
21;NL:Q:43000017;Centraal Station;Enschede;326,9;375,9;155,0;102,5;116,5;58,2
21;NL:Q:43000018;Centraal Station;Enschede;414,0;469,0;176,4;164,0;120,0;91,3
21;NL:Q:43000019;Centraal Station;Enschede;523,6;643,8;196,7;130,3;114,6;81,6
21;NL:Q:43000020;Centraal Station;Enschede;441,6;2,8;140,7;0,2;81,5;0,5
21;NL:Q:43000031;Van Heekplein;Enschede;171,3;86,4;162,7;67,4;49,5;16,9
21;NL:Q:43000032;Van Heekplein;Enschede;255,9;87,0;216,0;55,0;73,3;17,5
21;NL:Q:43000034;Van Heekplein;Enschede;145,8;40,6;127,1;30,0;43,6;0,4
21;NL:Q:43000039;Van Heekplein;Enschede;69,4;138,3;36,3;150,3;9,3;67,0
21;NL:Q:43000040;Van Heekplein;Enschede;151,8;280,2;158,9;292,2;34,2;96,3
21;NL:Q:43000045;Van Heekplein;Enschede;224,6;354,5;181,2;340,7;59,8;111,9
21;NL:Q:43000050;MST Haaksbergerstraat;Enschede;22,5;93,9;7,1;27,7;2,9;14,4
21;NL:Q:43000051;MST Haaksbergerstraat;Enschede;70,3;21,7;24,8;6,9;12,9;5,0
21;NL:Q:43000130;Spinnerplein;Enschede;10,7;24,9;3,3;14,2;3,1;4,6
21;NL:Q:43000140;Spinnerplein;Enschede;27,2;9,7;16,8;2,0;6,3;3,1
21;NL:Q:43000195;Wkc Stadsveld;Enschede;38,5;18,8;22,8;10,3;11,6;4,7
21;NL:Q:43000220;Deurningerstraat;Enschede;19,3;17,8;6,8;8,4;2,2;4,0
21;NL:Q:43000230;Deurningerstraat;Enschede;13,5;22,6;6,2;10,4;3,1;4,0
21;NL:Q:43000240;Station Kennispark;Enschede;85,7;103,1;22,3;32,4;14,6;7,5
21;NL:Q:43000250;Roombeek;Enschede;36,9;158,1;11,4;53,5;6,6;23,0
21;NL:Q:43000260;Roombeek;Enschede;148,4;36,8;44,6;9,9;18,7;4,9
21;NL:Q:43000270;Hulsmaatstraat;Enschede;38,0;67,7;9,0;26,1;4,7;11,5
21;NL:Q:43000280;Hulsmaatstraat;Enschede;89,4;47,3;32,4;8,9;11,8;4,9
21;NL:Q:43000300;Horstlindelaan;Enschede;4,4;6,7;2,5;5,3;1,1;2,4
21;NL:Q:43000320;Handellaan;Enschede;12,5;9,8;10,2;8,5;4,3;4,2
21;NL:Q:43000340;Slagman;Enschede;9,0;8,2;3,1;3,2;1,9;2,2
21;NL:Q:43000350;Stroinksbleekweg;Enschede;1,6;49,8;1,1;19,5;0,2;9,7
21;NL:Q:43000360;Stroinksbleekweg;Enschede;39,9;1,0;18,5;0,7;7,4;0,3
21;NL:Q:43000370;Buizerdstraat;Enschede;7,2;42,8;3,4;19,1;0,8;10,2
21;NL:Q:43000380;Spechtstraat;Enschede;54,0;18,9;22,9;10,2;9,2;3,5
21;NL:Q:43000490;G.J. van Heekstraat;Enschede;3,7;16,4;1,0;10,4;0,4;6,6
21;NL:Q:43000510;Lambertus Buddestraat;Enschede;6,9;51,8;1,5;16,7;1,1;9,2
21;NL:Q:43000520;Lambertus Buddestraat;Enschede;49,2;6,6;19,3;1,5;8,9;0,9
21;NL:Q:43000530;Volkspark;Enschede;14,9;22,6;7,3;8,7;4,1;5,8
21;NL:Q:43000540;Volkspark;Enschede;12,2;21,2;5,6;7,2;2,8;5,4
21;NL:Q:43000610;Toekomststraat;Enschede;6,0;25,6;2,5;17,4;0,9;14,4
21;NL:Q:43000620;Toekomststraat;Enschede;43,1;7,0;30,6;1,8;14,6;2,4
21;NL:Q:43000630;Weegschaalstraat;Enschede;8,6;59,6;2,6;38,0;1,3;20,3
21;NL:Q:43000640;Weegschaalstraat;Enschede;56,8;5,0;35,6;1,7;18,2;1,3
21;NL:Q:43000650;Wkc Twekkelerveld;Enschede;32,7;76,9;26,9;50,8;15,7;26,7
21;NL:Q:43000660;Wkc Twekkelerveld;Enschede;73,3;24,9;49,4;17,9;22,8;14,2
21;NL:Q:43000670;Olieslagweg;Enschede;3,6;15,1;1,4;8,9;0,7;4,7
21;NL:Q:43000680;Olieslagweg;Enschede;18,9;3,5;10,8;0,8;4,1;0,7
21;NL:Q:43000690;Jupiterstraat;Enschede;3,5;45,3;0,8;37,8;0,9;20,3
21;NL:Q:43000700;Jupiterstraat;Enschede;49,5;2,3;36,8;0,8;16,3;0,5
21;NL:Q:43000711;Capitool;Enschede;1,4;14,5;0,4;1,3;0,1;1,0
21;NL:Q:43000720;Capitool;Enschede;13,6;3,1;1,6;1,4;2,0;0,4
21;NL:Q:43000810;Beethovenlaan;Enschede;16,3;9,1;7,7;4,6;3,2;3,0
21;NL:Q:43001000;Centraal Station;Enschede;640,3;475,3;132,6;154,7;71,8;123,5
21;NL:Q:43001001;Centraal Station;Enschede;2,1;534,1;0,8;167,5;0,3;88,4
21;NL:Q:43001050;Boddenkamp;Enschede;26,5;15,1;6,0;6,1;3,0;2,8
21;NL:Q:43001060;Boddenkamp;Enschede;40,3;37,9;12,7;9,7;6,4;4,9
21;NL:Q:43001090;Dr. J. van Damstraat;Enschede;14,2;6,3;6,9;4,8;2,6;2,3
21;NL:Q:43001110;Fazantstraat;Enschede;26,8;2,6;13,2;1,6;6,0;0,8
21;NL:Q:43001180;Waalstraat;Enschede;52,8;44,0;27,5;25,0;13,4;14,2
21;NL:Q:43001190;Deppenbroekstraat;Enschede;2,9;14,7;2,6;7,2;1,7;2,6
21;NL:Q:43001200;Het Achtervoort;Enschede;22,7;25,3;9,9;11,1;8,9;9,0
21;NL:Q:43001210;Het Voortman;Enschede;5,8;12,6;7,1;13,9;1,9;3,4
21;NL:Q:43001310;Wkc Deppenbroek;Enschede;44,1;47,0;25,4;23,9;12,0;16,5
21;NL:Q:43001340;Vanekerstraat;Enschede;23,1;17,0;15,7;12,4;7,3;9,4
21;NL:Q:43001360;P.A. van Deldenstraat;Enschede;17,8;19,1;7,8;7,3;4,9;5,3
21;NL:Q:43001430;Sparrendaal;Enschede;39,8;3,8;23,8;2,5;8,0;0,5
21;NL:Q:43001440;Sparrendaal;Enschede;2,7;34,6;2,5;19,9;0,3;7,7
21;NL:Q:43001450;Gelderlandstraat;Enschede;4,3;43,9;3,5;25,8;1,1;17,7
21;NL:Q:43001460;Gelderlandstraat;Enschede;48,2;4,7;29,8;3,0;14,8;0,7
21;NL:Q:43001470;Utrechtlaan;Enschede;24,6;186,2;1,0;10,4;0,6;6,0
21;NL:Q:43001480;Utrechtlaan;Enschede;184,9;25,2;10,6;1,2;4,0;0,6
21;NL:Q:43001490;Zuid Hollandlaan;Enschede;1,7;21,4;0,6;8,8;0,2;5,6
21;NL:Q:43001500;Zuid Hollandlaan;Enschede;23,5;2,2;8,7;0,9;4,5;0,6
21;NL:Q:43001550;Wkc Boswinkel;Enschede;22,6;117,8;12,5;57,1;4,3;34,8
21;NL:Q:43001560;Wkc Boswinkel;Enschede;111,2;17,8;58,7;10,4;29,2;3,4
21;NL:Q:43001570;Tuindorp Broekheurne;Enschede;1,9;56,4;1,6;32,5;0,3;16,0
21;NL:Q:43001580;Tuindorp Broekheurne;Enschede;58,7;1,9;28,9;1,0;11,6;0,2
21;NL:Q:43001600;Het Lang;Enschede;0,3;0,3;0,2;0,2;0,0;0,0
21;NL:Q:43001620;Het Riet;Enschede;0,0;0,2;0,0;0,1;0,0;0,0
21;NL:Q:43001630;Verrijzeniskerk;Enschede;1,0;46,3;0,3;18,3;0,1;10,3
21;NL:Q:43001640;Lintveldebrink;Enschede;23,2;0,1;11,3;0,3;5,0;0,0
21;NL:Q:43001650;Hazendijk;Enschede;1,5;17,1;1,4;10,0;0,1;4,0
21;NL:Q:43001660;Verrijzeniskerk;Enschede;54,0;1,7;22,4;0,4;9,0;0,1
21;NL:Q:43001670;Broekheurnerborg;Enschede;1,0;0,9;1,6;1,4;0,0;0,0
21;NL:Q:43001671;Broekheurnerplein;Enschede;1,6;1,1;2,2;1,7;0,0;0,0
21;NL:Q:43001690;De Kiepe;Enschede;1,2;11,4;0,2;5,6;0,1;1,8
21;NL:Q:43001700;Broekheurne-Ring;Enschede;12,5;0,5;5,7;0,1;2,6;0,2
21;NL:Q:43001710;Lintveldebrink;Enschede;1,0;25,2;0,3;13,5;0,1;5,6
21;NL:Q:43001720;De Kiepe;Enschede;7,8;0,9;3,5;0,2;1,3;0,1
21;NL:Q:43001730;Hertmebrink;Enschede;14,2;45,8;8,7;24,5;2,6;12,5
21;NL:Q:43001740;Hertmebrink;Enschede;63,0;12,6;34,8;6,6;17,8;1,6
21;NL:Q:43001750;Wkc Het Bijvank;Enschede;17,8;0,7;6,1;0,2;2,9;0,2
21;NL:Q:43001760;Wkc Het Bijvank;Enschede;1,1;17,4;0,7;8,2;0,2;3,3
21;NL:Q:43001770;Vlierstraat;Enschede;2,6;40,5;0,4;12,9;0,3;8,1
21;NL:Q:43001780;Vlierstraat;Enschede;36,6;2,5;13,7;1,4;6,8;0,6
21;NL:Q:43001790;Het Oosterveld;Enschede;4,8;73,9;1,6;31,4;0,7;15,2
21;NL:Q:43001800;Het Oosterveld;Enschede;73,7;3,1;31,7;0,6;14,0;0,7
21;NL:Q:43001810;Saasveldbrink;Enschede;0,0;0,1;0,0;0,0;0,0;0,0
21;NL:Q:43001820;Herikebrink;Enschede;45,9;2,7;17,7;0,8;5,9;0,4
21;NL:Q:43001830;Rabobank;Enschede;10,5;50,6;3,8;9,5;1,8;4,8
21;NL:Q:43001840;Rabobank;Enschede;39,4;14,3;9,9;4,8;3,1;2,8
21;NL:Q:43001850;P+R Zuiderval;Enschede;33,7;54,1;9,8;28,3;3,9;8,9
21;NL:Q:43001860;P+R Zuiderval;Enschede;46,9;37,7;28,6;9,7;9,3;3,2
21;NL:Q:43001870;Het Leunenberg;Enschede;1,0;42,9;1,0;27,4;0,1;9,4
21;NL:Q:43001880;Het Leunenberg;Enschede;39,8;1,0;27,0;0,8;8,9;0,2
21;NL:Q:43001900;De Posten;Enschede;84,8;73,8;32,2;26,6;13,7;12,0
21;NL:Q:43001910;Wkc Zuid;Enschede;19,8;78,9;11,4;42,3;2,3;16,4
21;NL:Q:43001918;Wkc Zuid;Enschede;2,7;1,3;3,3;0,9;0,0;0,0
21;NL:Q:43001920;Wkc Zuid;Enschede;56,9;16,6;32,4;10,4;12,3;2,3
21;NL:Q:43001930;De Reulver;Enschede;3,4;42,2;1,0;19,9;0,4;11,1
21;NL:Q:43001940;De Reulver;Enschede;31,4;3,3;14,7;1,1;7,1;0,4
21;NL:Q:43001950;Ypelobrink;Enschede;37,9;1,7;17,8;0,3;9,8;0,2
21;NL:Q:43001960;Ypelobrink;Enschede;0,9;40,1;0,1;17,8;0,0;10,5
21;NL:Q:43001970;Zunabrink;Enschede;33,7;1,0;13,3;0,5;10,6;2,1
21;NL:Q:43001980;Zunabrink;Enschede;1,7;28,9;1,0;12,3;0,3;7,9
21;NL:Q:43002000;Hengeveldebrink;Enschede;22,2;2,3;10,3;0,5;4,7;0,1
21;NL:Q:43002030;Rozenstraat;Enschede;0,7;1,8;0,1;0,4;0,0;0,2
21;NL:Q:43002040;Rozenstraat;Enschede;1,5;0,2;0,3;0,1;0,2;0,0
21;NL:Q:43002050;Ribbeltsweg;Enschede;0,5;5,1;0,1;2,0;0,0;1,5
21;NL:Q:43002070;Laaressingel;Enschede;1,1;21,4;0,4;9,2;0,3;4,2
21;NL:Q:43002080;Laaressingel;Enschede;24,5;2,7;7,4;2,0;2,9;0,6
21;NL:Q:43002090;Asterstraat;Enschede;0,9;11,8;0,2;9,1;0,0;2,9
21;NL:Q:43002100;Asterstraat;Enschede;7,2;0,2;6,9;0,1;2,5;0,0
21;NL:Q:43002110;Hyacintstraat;Enschede;0,7;3,8;0,5;1,8;0,1;1,3
21;NL:Q:43002120;Hyacintstraat;Enschede;11,1;0,6;6,3;0,5;2,1;0,2
21;NL:Q:43002130;Gladiolenstraat;Enschede;6,8;25,9;4,6;14,2;0,6;3,5
21;NL:Q:43002140;Gladiolenstraat;Enschede;10,1;1,9;6,6;1,4;2,3;0,1
21;NL:Q:43002220;Wkc Stroinkslanden;Enschede;6,3;68,7;4,0;35,9;1,4;19,3
21;NL:Q:43002250;Oosterstraat;Enschede;2,3;3,1;1,1;0,5;0,3;0,5
21;NL:Q:43002260;Oosterstraat;Enschede;1,8;2,6;0,3;2,2;0,2;0,7
21;NL:Q:43002290;Sportpark;Enschede;38,0;1,4;12,9;0,1;8,2;0,1
21;NL:Q:43002300;Sportpark;Enschede;1,3;37,0;0,3;12,5;0,1;7,4
21;NL:Q:43002310;Mariendaal;Enschede;19,6;0,8;6,5;0,2;3,2;0,1
21;NL:Q:43002320;Mariendaal;Enschede;0,6;18,6;0,2;8,2;0,1;4,2
21;NL:Q:43002500;Bonhoeffer Bruggert;Enschede;32,3;33,2;12,3;10,7;6,3;10,2
21;NL:Q:43002510;Soendastraat;Enschede;7,0;13,7;4,0;4,9;3,2;4,3
21;NL:Q:43002520;Soendastraat;Enschede;8,7;5,4;4,7;4,7;2,6;1,8
21;NL:Q:43002530;Bankastraat;Enschede;5,5;24,2;2,6;8,1;1,5;7,9
21;NL:Q:43002540;Bankastraat;Enschede;17,9;4,9;5,0;2,4;2,7;0,8
21;NL:Q:43002570;Madioenstraat;Enschede;2,3;2,1;1,3;0,7;0,0;0,0
21;NL:Q:43002600;Aquadrome;Enschede;71,1;11,3;21,1;2,8;9,9;1,3
21;NL:Q:43002601;Aquadrome;Enschede;10,1;87,8;2,8;23,8;1,4;11,4
21;NL:Q:43002610;Brinkstraat;Enschede;4,0;3,3;1,7;1,8;0,0;0,0
21;NL:Q:43002630;J.P. Coenstraat;Enschede;2,3;3,2;0,9;0,6;0,0;0,0
21;NL:Q:43002650;Padangstraat;Enschede;3,6;3,2;2,6;1,7;0,0;0,0
21;NL:Q:43002790;Rembrandtlaan;Enschede;4,8;9,9;3,5;5,9;1,4;6,2
21;NL:Q:43002830;De Hatteler;Enschede;16,1;26,7;8,6;14,5;2,7;7,0
21;NL:Q:43002850;Albert Cuypstraat;Enschede;6,0;43,4;4,2;22,9;2,3;18,4
21;NL:Q:43002860;Zuivelstraat;Enschede;80,2;0,8;46,0;0,3;20,7;0,3
21;NL:Q:43002870;Zuivelstraat;Enschede;2,9;71,0;1,8;41,0;0,3;30,6
21;NL:Q:43003070;Pathmossingel;Enschede;0,0;0,1;0,0;0,0;0,0;0,1
21;NL:Q:43003080;Pathmossingel;Enschede;0,0;0,0;0,0;0,0;0,0;0,0
21;NL:Q:43003090;Poolmansweg;Enschede;2,4;68,7;1,0;36,2;1,1;28,6
21;NL:Q:43003100;Poolmansweg;Enschede;65,5;2,0;34,8;1,0;20,0;0,6
21;NL:Q:43003110;Lindestraat;Enschede;0,4;16,2;0,3;6,9;0,2;5,2
21;NL:Q:43003120;Lindestraat;Enschede;16,7;0,3;7,9;0,1;3,7;0,0
21;NL:Q:43003180;Bruggertstraat;Enschede;6,3;8,4;0,6;0,9;0,5;0,7
21;NL:Q:43003200;C. Troostlaan;Enschede;10,6;7,5;4,4;3,2;2,1;1,4
21;NL:Q:43003210;E. de Wittestraat;Enschede;9,5;9,9;3,8;4,6;1,8;2,2
21;NL:Q:43003250;Fre Cohenlaan;Enschede;15,8;14,2;9,7;8,1;3,9;3,8
21;NL:Q:43003280;Ferdinand Bolstraat;Enschede;40,1;9,7;20,9;4,5;8,8;2,2
21;NL:Q:43003400;Wkc Stroinkslanden;Enschede;1,9;1,8;1,2;1,7;0,0;0,0
21;NL:Q:43003440;Hanenberglanden;Enschede;63,2;55,4;28,2;21,5;14,5;15,6
21;NL:Q:43003460;Hesselinklanden;Enschede;48,1;33,9;25,3;18,8;11,8;8,4
21;NL:Q:43003480;Auskamplanden;Enschede;39,8;33,6;20,8;14,7;11,0;8,4
21;NL:Q:43003500;Hasmanlanden;Enschede;53,6;56,2;23,6;28,3;12,5;16,6
21;NL:Q:43003530;Tiemeister;Enschede;4,1;49,5;0,8;4,3;0,9;2,3
21;NL:Q:43003540;Tiemeister;Enschede;50,9;4,1;4,0;1,1;1,5;0,4
21;NL:Q:43003570;Schabbinklanden;Enschede;0,7;35,5;0,6;19,1;0,2;10,3
21;NL:Q:43003580;Schabbinklanden;Enschede;27,1;0,2;13,7;0,1;7,7;0,1
21;NL:Q:43003600;Bekmanlanden;Enschede;21,8;11,4;10,1;5,9;4,6;3,6
21;NL:Q:43003620;Vrielinklanden;Enschede;46,9;34,3;18,9;13,1;7,1;7,1
21;NL:Q:43003640;Verwooldslanden;Enschede;34,9;2,3;16,8;1,0;7,2;0,4
21;NL:Q:43003680;Wkc De Posten;Enschede;0,3;0,3;0,1;0,2;0,0;0,0
21;NL:Q:43003700;Verzorgingshuis De Posten;Enschede;0,8;0,6;1,0;0,8;0,0;0,0
21;NL:Q:43003870;Buurserstraat;Enschede;3,0;49,1;0,9;19,3;0,3;11,3
21;NL:Q:43003880;Buurserstraat;Enschede;65,1;3,4;27,1;2,2;13,0;0,8
21;NL:Q:43003900;Stadsdeelkantoor Zuid;Enschede;0,6;2,1;0,2;2,7;0,0;0,0
21;NL:Q:43004010;Borstelweg;Enschede;7,5;14,2;2,8;6,0;1,5;5,2
21;NL:Q:43004020;Borstelweg;Enschede;11,6;7,2;4,8;1,8;2,4;1,2
21;NL:Q:43004050;Lonnekerbrugstraat;Enschede;0,0;1,4;0,0;0,0;0,0;0,0
21;NL:Q:43004060;Lonnekerbrugstraat;Enschede;1,2;0,2;0,0;0,0;0,0;0,0
21;NL:Q:43004090;Orion;Enschede;0,0;0,1;0,0;0,0;0,0;0,0
21;NL:Q:43004100;Orion;Enschede;0,1;0,3;0,0;0,0;0,0;0,0
21;NL:Q:43004170;Twekkeler Es;Enschede;1,3;2,5;0,0;0,0;0,0;0,0
21;NL:Q:43004180;Twekkeler Es;Enschede;2,8;2,4;0,0;0,0;0,0;0,0
21;NL:Q:43004310;De Hoeveler;Enschede;0,6;4,9;0,0;0,0;0,0;0,0
21;NL:Q:43004320;De Hoeveler;Enschede;4,1;1,5;0,0;0,0;0,0;0,0
21;NL:Q:43004340;Scansped;Enschede;0,0;0,4;0,0;0,0;0,0;0,0
21;NL:Q:43004350;Scansped;Enschede;0,2;0,0;0,0;0,0;0,0;0,0
21;NL:Q:43004370;Dr. J. Wagenaarstraat;Enschede;19,9;0,3;4,0;0,0;0,2;0,3
21;NL:Q:43004410;Transportcentrum;Enschede;3,0;4,4;0,0;0,0;0,0;0,0
21;NL:Q:43004420;Transportcentrum;Enschede;4,8;3,4;0,0;0,0;0,0;0,0
21;NL:Q:43004450;Kanaalstraat;Enschede;0,2;0,5;0,0;0,0;0,0;0,0
21;NL:Q:43004460;Kanaalstraat;Enschede;0,7;0,3;0,0;0,0;0,0;0,0
21;NL:Q:43004550;Olympialaan;Enschede;3,8;2,9;1,3;0,6;0,0;0,0
21;NL:Q:43004590;Hendrik Smeltweg;Enschede;2,6;8,9;0,7;3,7;0,1;0,1
21;NL:Q:43005030;C.F. Klaarstraat;Enschede;33,7;61,7;25,6;24,3;10,5;20,6
21;NL:Q:43005040;C.F. Klaarstraat;Enschede;53,3;27,1;21,2;22,2;9,6;8,6
21;NL:Q:43005190;Wooldrik;Enschede;8,6;94,6;3,2;32,3;2,0;22,3
21;NL:Q:43005440;Schuttersveld;Enschede;25,4;42,2;8,4;12,6;1,7;3,6
21;NL:Q:43005450;Schuttersveld;Enschede;28,9;26,5;9,2;7,4;3,1;2,2
21;NL:Q:43005530;Goolkatenweg;Enschede;49,0;47,6;11,6;13,1;4,2;5,5
21;NL:Q:43005540;Goolkatenweg;Enschede;43,3;46,4;12,0;10,0;3,3;5,3
21;NL:Q:43005570;Ledeboerpark;Enschede;40,3;22,9;16,0;10,1;6,6;11,4
21;NL:Q:43005580;Ledeboerpark;Enschede;23,1;38,5;12,4;11,8;4,3;17,4
21;NL:Q:43005590;Uranusstraat;Enschede;32,8;34,9;12,7;10,5;5,5;8,5
21;NL:Q:43005600;Uranusstraat;Enschede;34,9;32,3;10,2;11,8;3,8;12,9
21;NL:Q:43005630;Westerbegraafplaats/UT;Enschede;153,7;148,7;3,8;10,8;1,5;3,7
21;NL:Q:43005640;Westerbegraafplaats/UT;Enschede;152,4;175,9;8,7;4,2;3,2;3,1
21;NL:Q:43005710;Kennispark/UT;Enschede;81,7;204,8;35,7;23,1;14,4;12,9
21;NL:Q:43006030;De Klomp;Enschede;0,1;0,1;0,2;0,1;0,0;0,0
21;NL:Q:43006040;De Klomp;Enschede;0,0;0,2;0,0;0,3;0,0;0,0
21;NL:Q:43006090;Voortmansweg;Enschede;2,1;3,3;0,8;1,0;0,5;0,6
21;NL:Q:43006100;Voortmansweg;Enschede;4,8;4,4;1,0;1,2;0,8;1,1
21;NL:Q:43006140;Driesprong;Lonneker;0,3;0,5;0,2;0,2;0,3;0,1
21;NL:Q:43006160;Kotkampweg;Enschede;16,6;28,3;7,2;6,0;4,3;3,5
21;NL:Q:43006170;Kotkampweg;Enschede;24,9;22,9;7,7;7,8;4,6;6,2
21;NL:Q:43006980;Veldkampstraat;Enschede;9,1;17,7;5,6;6,3;7,3;6,1
21;NL:Q:43006990;Veldkampstraat;Enschede;15,1;8,0;5,7;4,8;2,0;8,7
21;NL:Q:43007120;Getfertsingel;Enschede;14,4;3,5;8,4;1,9;2,9;1,4
21;NL:Q:43007130;Getfertsingel;Enschede;3,6;16,1;2,2;8,5;1,0;2,2
21;NL:Q:43007140;Stevenfennestraat;Enschede;30,5;7,4;17,9;6,6;7,6;8,8
21;NL:Q:43007150;Stevenfennestraat;Enschede;6,4;28,5;7,5;19,1;4,1;7,8
21;NL:Q:43007160;Dr. v.d. Zandestraat;Enschede;41,3;8,8;24,1;5,8;10,1;6,5
21;NL:Q:43007170;Dr. v.d. Zandestraat;Enschede;9,5;42,1;7,0;25,5;4,6;10,8
21;NL:Q:43007180;Borgbos;Enschede;7,3;7,3;3,3;3,4;1,8;3,0
21;NL:Q:43007190;Borgbos;Enschede;7,3;8,4;3,7;4,4;3,0;1,8
21;NL:Q:43007200;Usseler Esch;Usselo;0,9;0,8;0,4;0,2;0,2;0,3
21;NL:Q:43008030;Floraparkstraat;Enschede;5,9;8,7;2,9;5,4;0,8;1,9
21;NL:Q:43008050;Onlandhorst;Enschede;4,2;3,4;1,5;1,3;0,6;0,5
21;NL:Q:43008070;Wkc Stokhorst;Enschede;15,7;17,1;11,4;12,3;3,5;4,1
21;NL:Q:43008090;Hoge Boekelerweg;Enschede;11,8;8,8;7,3;6,0;3,5;3,2
21;NL:Q:43008110;Wkc 't Ribbelt;Enschede;12,3;8,2;6,2;4,1;3,1;3,3
21;NL:Q:43008130;Dotterbloemstraat;Enschede;26,0;5,1;7,4;0,3;2,4;0,1
21;NL:Q:43008200;Lindenhof;Enschede;56,3;20,0;40,2;14,6;14,1;6,0
21;NL:Q:43008220;Wooldrik;Enschede;93,8;7,7;32,6;3,3;16,3;1,9
21;NL:Q:43008240;Marie de Roodelaan;Enschede;14,1;6,5;5,0;1,8;2,8;2,2
21;NL:Q:43008390;Auke Vleerstraat;Enschede;0,2;0,8;0,0;0,0;0,0;0,0
21;NL:Q:43008400;Auke Vleerstraat;Enschede;0,6;0,6;0,0;0,0;0,0;0,0
21;NL:Q:43008410;Usselerrondweg;Enschede;0,6;0,2;0,0;0,0;0,0;0,0
21;NL:Q:43008420;Usselerrondweg;Enschede;0,1;0,5;0,0;0,0;0,0;0,0
21;NL:Q:43010010;Lindenhof;Enschede;23,2;60,3;16,2;40,5;5,5;15,3
21;NL:Q:43010030;Winterweg;Enschede;2,4;22,6;0,8;9,9;0,3;5,1
21;NL:Q:43010050;Dolphia;Enschede;2,0;54,2;1,2;24,8;0,4;10,9
21;NL:Q:43010070;Esmarkelaan;Enschede;4,4;52,7;1,7;23,3;0,4;9,4
21;NL:Q:43010110;Oikos;Glanerbrug;82,6;73,6;31,8;29,6;15,7;14,8
21;NL:Q:43010140;Schoolstraat;Glanerbrug;74,4;51,0;42,4;26,0;16,9;9,3
21;NL:Q:43010220;Tolstraat;Glanerbrug;49,4;56,7;21,8;26,6;8,5;12,4
21;NL:Q:43010240;Symfoniestraat;Glanerbrug;60,3;55,1;23,3;21,2;11,0;12,1
21;NL:Q:43010330;Ekersdijk;Glanerbrug;12,9;76,9;3,0;36,6;0,8;18,1
21;NL:Q:43010350;Eilermarke;Glanerbrug;54,5;67,6;21,9;29,4;8,8;14,0
21;NL:Q:43010370;Schipholtstraat;Glanerbrug;61,4;72,6;23,9;30,4;11,2;13,1
21;NL:Q:43011040;Winterweg;Enschede;23,1;2,3;11,6;0,9;4,8;0,7
21;NL:Q:43011060;Dolphia;Enschede;53,0;2,4;23,3;1,9;8,0;0,5
21;NL:Q:43011080;Esmarkelaan;Enschede;54,8;4,3;26,8;1,4;10,9;0,5
21;NL:Q:43011120;Zwarteweg;Glanerbrug;72,6;12,4;35,8;5,1;14,8;2,5
21;NL:Q:43021790;Boskamphoek;Enschede;2,0;25,2;0,1;16,4;0,0;7,7
21;NL:Q:43021800;Boskamphoek;Enschede;23,0;1,0;14,4;0,1;6,2;0,1
21;NL:Q:43021810;Herikebrink;Enschede;3,3;39,3;0,8;16,4;0,5;6,3
21;NL:Q:43021830;Beekwoudehoek;Enschede;3,5;38,5;0,2;20,0;0,1;11,0
21;NL:Q:43021840;Beekwoudehoek;Enschede;43,4;2,9;21,4;0,2;10,2;0,1
21;NL:Q:43021850;Honinglohoek;Enschede;7,0;65,7;0,2;38,1;0,2;18,2
21;NL:Q:43021860;Honinglohoek;Enschede;68,2;3,5;40,5;0,1;15,9;0,1
21;NL:Q:43021870;Wkc Helmerhoek;Enschede;6,9;66,3;0,4;33,6;0,1;15,1
21;NL:Q:43021880;Wkc Helmerhoek;Enschede;64,2;5,7;36,3;0,1;15,2;0,1
21;NL:Q:43021970;Graeshoek;Enschede;2,1;24,7;0,2;16,6;0,1;7,1
21;NL:Q:43021980;Graeshoek;Enschede;24,5;0,8;16,0;0,0;6,0;0,0
21;NL:Q:43021990;Hengeveldebrink;Enschede;2,2;20,7;0,3;10,2;0,1;5,7
21;NL:Q:43022000;Disselhoek;Enschede;26,5;23,9;11,4;10,7;5,4;6,7
21;NL:Q:43022010;Dubbelinckhoek;Enschede;5,0;26,8;0,2;10,6;0,2;6,6
21;NL:Q:43022020;Dubbelinckhoek;Enschede;27,8;2,5;13,0;0,1;5,4;0,0
21;NL:Q:43100080;Tinsteden;Enschede;5,8;7,5;0,0;0,0;0,0;0,0
21;NL:Q:43100120;Ganzebosweg;Boekelo;0,0;0,1;0,0;0,0;0,0;0,0
21;NL:Q:43100350;Windmolenweg/Centrum;Boekelo;3,2;0,0;2,0;0,0;0,0;0,0
21;NL:Q:43100355;Windmolenweg/Centrum;Boekelo;0,1;2,3;0,0;1,3;0,0;0,0
21;NL:Q:43100360;Smaragdstraat;Boekelo;0,0;2,5;0,0;1,5;0,0;0,0
21;NL:Q:43100370;Smaragdstraat;Boekelo;0,3;0,0;0,0;0,0;0,0;0,0
21;NL:Q:43100410;R.K. Kerk;Boekelo;3,8;3,2;0,8;0,7;0,0;0,0
21;NL:Q:43100420;R.K. Kerk;Boekelo;0,0;0,1;0,0;0,0;0,0;0,0
21;NL:Q:43100600;De Blekerij;Boekelo;7,2;0,1;1,6;0,0;0,0;0,0
21;NL:Q:43100780;Henry Dunantlaan;Boekelo;0,4;2,0;0,2;0,8;0,0;0,0
21;NL:Q:43100800;Weleweg;Boekelo;0,8;4,4;0,3;1,1;0,0;0,0
21;NL:Q:43100970;Marssteden;Enschede;6,9;6,3;0,0;0,0;0,0;0,0
21;NL:Q:43101010;Kopersteden;Enschede;3,0;3,6;0,0;0,0;0,0;0,0
21;NL:Q:43110010;Oude Grensweg;Hengelo;20,8;19,0;9,4;11,8;3,6;3,0
21;NL:Q:43110070;De Broeierd;Enschede;47,7;85,1;28,4;33,3;7,7;20,3
21;NL:Q:43110080;De Broeierd;Enschede;69,8;51,7;38,2;22,3;9,5;7,7
21;NL:Q:43110120;UT/Drienerbeeklaan;Enschede;11,7;5,2;5,6;0,5;8,3;0,3
21;NL:Q:43110130;UT/Drienerbeeklaan;Enschede;4,0;14,8;0,6;6,9;0,7;24,0
21;NL:Q:43110140;UT/Hoofdingang;Enschede;12,2;4,5;0,0;0,0;0,0;0,0
21;NL:Q:43110150;UT/Hoofdingang;Enschede;3,3;11,3;0,0;0,0;0,0;0,0
21;NL:Q:43110160;Kennispark/UT;Enschede;174,3;65,4;20,2;26,1;9,4;12,2
21;NL:Q:43110170;Kettingbrug;Hengelo;3,8;2,5;1,7;1,3;0,6;0,6
21;NL:Q:43110180;Kettingbrug;Hengelo;2,3;6,1;0,6;1,9;0,3;1,1
21;NL:Q:43110190;Station Kennispark;Enschede;71,3;96,4;7,3;27,1;3,5;13,3
21;NL:Q:43110210;UT/De Hems;Enschede;2,1;78,2;0,8;57,9;0,6;83,1
21;NL:Q:43110211;UT/De Hems;Enschede;82,3;0,9;62,6;0,8;37,1;0,3
21;NL:Q:43110230;UT/Calslaan;Enschede;0,7;0,0;9,2;0,4;7,5;0,3
21;NL:Q:43110240;UT/Calslaan;Enschede;0,0;1,7;0,2;9,7;0,3;38,4
21;NL:Q:43110250;UT/Reelaan;Enschede;1,0;16,1;0,2;14,1;1,1;14,5
21;NL:Q:43110260;UT/Reelaan;Enschede;15,9;0,5;13,2;0,1;6,6;0,1
21;NL:Q:43110270;UT/Langenkampweg;Enschede;44,0;29,9;55,7;33,4;22,3;65,1
21;NL:Q:43110280;UT/Sportcentrum;Enschede;1,9;0,1;0,0;0,0;0,0;0,0
21;NL:Q:43110310;UT/Hallenweg;Enschede;2,6;55,4;0,0;0,0;0,0;0,0
21;NL:Q:43110320;UT/Hallenweg;Enschede;61,3;3,7;0,0;0,0;0,0;0,0
21;NL:Q:43110330;UT/Bastille;Enschede;1,4;31,5;0,0;0,0;0,0;0,0
21;NL:Q:43110340;UT/Bastille;Enschede;30,1;0,5;0,0;0,0;0,0;0,0
21;NL:Q:43111290;UT/De Zul;Enschede;1,1;30,1;0,0;0,0;0,0;0,0
21;NL:Q:43111300;UT/De Zul;Enschede;32,7;1,8;0,0;0,0;0,0;0,0
21;NL:Q:43130010;Platinastraat;Hengelo;9,4;36,4;2,7;5,0;1,2;1,5
21;NL:Q:43130030;Bellersweg;Beckum;0,7;2,5;0,1;0,4;0,1;0,2
21;NL:Q:43130040;Bellersweg;Beckum;2,2;0,3;0,3;0,1;0,1;0,1
21;NL:Q:43130050;Sluitersdijk;Beckum;0,2;0,5;0,1;0,2;0,0;0,1
21;NL:Q:43130060;Sluitersdijk;Beckum;0,5;0,4;0,2;0,2;0,2;0,1
21;NL:Q:43130070;Wolfkaterweg;Beckum;1,0;14,9;0,3;5,3;0,2;4,0
21;NL:Q:43130080;Wolfkaterweg;Beckum;14,1;0,6;4,5;0,6;3,3;0,3
21;NL:Q:43130090;R.K. Kerk;Beckum;1,7;4,9;0,9;2,2;0,6;2,0
21;NL:Q:43130100;R.K. Kerk;Beckum;6,4;1,5;5,2;0,7;3,0;0,7
21;NL:Q:43130140;Bentelerweg;Beckum;0,6;0,1;0,4;0,0;0,3;0,0
21;NL:Q:43150010;Grens;Buurse;2,1;0,0;0,0;0,0;0,0;0,0
21;NL:Q:43150020;Grens;Buurse;0,0;1,8;0,0;0,0;0,0;0,0
21;NL:Q:43150030;Braambrug;Buurse;0,6;0,0;0,0;0,0;0,0;0,0
21;NL:Q:43150040;Braambrug;Buurse;0,1;0,7;0,0;0,0;0,0;0,0
21;NL:Q:43150050;Garage Den Posten;Buurse;0,8;0,1;0,0;0,0;0,0;0,0
21;NL:Q:43150060;Garage Den Posten;Buurse;0,1;2,2;0,0;0,0;0,0;0,0
21;NL:Q:43150090;Zendvelderweg;Buurse;0,5;0,0;0,0;0,0;0,0;0,0
21;NL:Q:43150100;Zendvelderweg;Buurse;0,0;0,9;0,0;0,0;0,0;0,0
21;NL:Q:43150110;Hofweg;Buurse;0,6;0,0;0,0;0,0;0,0;0,0
21;NL:Q:43150120;Hofweg;Buurse;0,1;0,9;0,0;0,0;0,0;0,0
21;NL:Q:43150130;Koekkoeksbrug;Buurse;0,5;0,1;0,0;0,0;0,0;0,0
21;NL:Q:43150140;Koekkoeksbrug;Buurse;0,2;0,8;0,0;0,0;0,0;0,0
21;NL:Q:43150150;Cafe Winkelman;Buurse;7,8;6,1;0,0;0,0;0,0;0,0
21;NL:Q:43160150;Cafe De Witte;Hengevelde;1,7;1,7;0,0;0,0;0,0;0,0
21;NL:Q:43160152;Cafe De Witte;Hengevelde;2,2;2,0;0,2;0,1;0,0;0,0
21;NL:Q:43160160;Cafe De Witte;Hengevelde;1,4;1,5;0,0;0,0;0,0;0,0
21;NL:Q:43160162;Cafe De Witte;Hengevelde;1,6;3,0;0,1;0,5;0,0;0,0
21;NL:Q:43160210;Cafe Roesscher;Hengevelde;0,7;0,1;0,0;0,0;0,0;0,0
21;NL:Q:43160220;Cafe Roesscher;Hengevelde;0,0;0,5;0,0;0,0;0,0;0,0
21;NL:Q:43160250;Kerk;Hengevelde;9,9;28,9;1,2;3,5;0,0;0,0
21;NL:Q:43160260;Kerk;Hengevelde;29,3;9,5;2,7;1,1;0,0;0,0
21;NL:Q:43160310;Transformatorhuis;Hengevelde;0,2;0,8;0,0;0,0;0,0;0,0
21;NL:Q:43160320;Transformatorhuis;Hengevelde;0,7;0,5;0,0;0,0;0,0;0,0
21;NL:Q:43160370;Centrum;St. Isidorushoeve;3,0;3,2;0,2;0,7;0,0;0,0
21;NL:Q:43160382;Centrum;St. Isidorushoeve;3,1;2,6;0,4;0,1;0,0;0,0
21;NL:Q:43160390;Weg naar Rietmolen;St. Isidorushoeve;0,6;0,5;0,0;0,2;0,0;0,0
21;NL:Q:43160400;Weg naar Rietmolen;St. Isidorushoeve;0,6;1,1;0,1;0,0;0,0;0,0
21;NL:Q:43170010;Driesprong;Lonneker;0,4;0,5;0,1;0,3;0,0;0,4
21;NL:Q:43170030;Lonnekermolenweg;Losser;0,3;0,7;0,4;0,7;0,1;0,1
21;NL:Q:43170040;Lonnekermolenweg;Losser;0,5;0,5;0,6;0,6;0,1;0,3
21;NL:Q:43170050;Oude Losserseweg;Losser;0,0;0,3;0,0;0,1;0,0;0,1
21;NL:Q:43170060;Oude Losserseweg;Losser;0,2;0,1;0,1;0,0;0,1;0,0
21;NL:Q:43170070;Landweerweg;Losser;0,2;1,9;0,0;0,4;0,1;0,3
21;NL:Q:43170080;Landweerweg;Losser;1,6;0,1;0,2;0,3;0,1;0,1
21;NL:Q:43170100;Pompstation;Losser;1,0;0,1;0,2;0,1;0,2;0,4
21;NL:Q:43180030;Dorpsstraat;Lonneker;0,8;6,9;0,4;3,6;0,2;2,3
21;NL:Q:43180040;Dorpsstraat;Lonneker;3,4;0,8;1,7;0,2;0,9;0,2
21;NL:Q:43180050;Scholten Reimerstraat;Lonneker;4,8;18,2;1,4;7,2;0,9;3,1
21;NL:Q:43180060;Scholten Reimerstraat;Lonneker;21,5;5,1;8,8;1,3;3,8;0,7
21;NL:Q:43180070;Beukerweg;Lonneker;0,4;2,5;0,1;1,6;0,0;0,7
21;NL:Q:43180080;Beukerweg;Lonneker;2,8;0,8;1,4;0,1;0,5;0,1
21;NL:Q:43180090;Landweerweg;Lonneker;0,4;1,2;0,2;0,8;0,0;0,2
21;NL:Q:43180100;Landweerweg;Lonneker;0,9;0,8;0,8;0,1;0,6;0,1
21;NL:Q:43180110;Prins Bernhardpark;Lonneker;0,0;0,4;0,0;0,1;0,0;0,2
21;NL:Q:43180120;Prins Bernhardpark;Lonneker;0,4;0,1;0,2;0,0;0,1;0,0
21;NL:Q:43180130;Veendijk;Lonneker;0,3;1,2;0,0;0,7;0,1;0,4
21;NL:Q:43180140;Veendijk;Lonneker;1,0;0,2;0,4;0,1;0,2;0,0
21;NL:Q:43180160;Hanzepoort;Oldenzaal;16,7;6,4;2,3;3,2;0,9;1,3
21;NL:Q:43210020;Berfloplein;Hengelo;11,0;0,2;3,1;0,0;0,0;0,0
21;NL:Q:43210040;Brouwerijstraat;Hengelo;0,9;0,1;0,3;0,0;0,0;0,0
21;NL:Q:43210050;Brouwerijstraat;Hengelo;0,1;1,8;0,2;0,8;0,0;0,0
21;NL:Q:43210060;Twekkelerplein;Hengelo;5,3;0,6;2,2;0,1;0,0;0,0
21;NL:Q:43210070;Twekkelerplein;Hengelo;0,9;5,5;0,5;2,9;0,0;0,0
21;NL:Q:43210080;Athenestraat;Hengelo;4,7;0,1;1,0;0,0;0,0;0,0
21;NL:Q:43210090;Athenestraat;Hengelo;0,1;4,7;0,1;1,0;0,0;0,0
21;NL:Q:43210100;Berfloplein;Hengelo;0,9;10,3;0,2;3,2;0,0;0,0
21;NL:Q:43210110;Berfloweg;Hengelo;0,3;4,2;0,6;2,1;0,0;0,0
21;NL:Q:43210120;Berfloweg;Hengelo;2,0;0,0;0,6;0,0;0,0;0,0
21;NL:Q:43210130;Pruisische Veldweg;Hengelo;0,3;2,2;0,1;1,2;0,0;0,0
21;NL:Q:43210140;Pruisische Veldweg;Hengelo;1,8;0,0;0,3;0,0;0,0;0,0
21;NL:Q:43210150;Vuurdoornplein;Hengelo;10,5;24,1;2,7;4,7;0,0;0,0
21;NL:Q:43210160;Vuurdoornplein;Hengelo;12,8;0,0;2,8;0,0;0,0;0,0
21;NL:Q:43210170;Goudenregenstraat;Hengelo;0,7;2,0;0,1;0,8;0,0;0,0
21;NL:Q:43210180;Jasmijnstraat;Hengelo;12,4;8,1;2,5;2,3;0,0;0,0
21;NL:Q:43210190;Heraklesstraat;Hengelo;0,7;8,6;0,1;1,2;0,0;0,0
21;NL:Q:43210200;Heraklesstraat;Hengelo;10,2;0,0;2,2;0,0;0,0;0,0
21;NL:Q:43210290;Gerardus Majella;Hengelo;7,9;18,7;4,1;6,8;2,2;4,3
21;NL:Q:43210300;Gerardus Majella;Hengelo;10,1;4,8;3,8;5,2;1,9;2,0
21;NL:Q:43210380;Wkc Hengelose Es;Hengelo;59,2;9,0;20,3;3,3;0,0;0,0
21;NL:Q:43210390;Wkc Hengelose Es;Hengelo;9,6;59,8;5,1;28,4;5,6;13,2
21;NL:Q:43210430;Achterhoek;Hengelo;13,7;2,0;3,9;0,5;0,0;0,0
21;NL:Q:43210440;Achterhoek;Hengelo;1,9;14,2;0,7;5,6;1,0;3,5
21;NL:Q:43210520;Steenmeijerstraat;Hengelo;6,1;2,6;4,5;1,9;1,3;0,7
21;NL:Q:43210580;Pasteurstraat;Hengelo;7,7;7,7;3,7;4,7;0,8;1,2
21;NL:Q:43210590;Twickelcollege;Hengelo;10,8;8,6;4,7;4,3;1,3;1,3
21;NL:Q:43210610;Narcisstraat;Hengelo;2,1;3,2;0,7;1,1;0,5;0,6
21;NL:Q:43210645;Industriestraat;Hengelo;0,7;4,4;0,1;1,3;0,0;0,5
21;NL:Q:43210650;Nijverheidsstraat;Hengelo;2,6;3,2;1,1;1,2;0,3;0,8
21;NL:Q:43210655;Industriestraat;Hengelo;0,6;0,3;0,0;0,0;0,0;0,0
21;NL:Q:43210670;Krabbenbosplein;Hengelo;3,3;4,2;3,5;4,6;0,8;0,9
21;NL:Q:43210690;Catharinastraat;Hengelo;2,9;4,7;2,1;3,4;0,9;1,6
21;NL:Q:43210710;Gezinastraat;Hengelo;3,1;5,3;2,4;4,4;0,5;1,0
21;NL:Q:43210730;Laurastraat;Hengelo;1,8;2,7;0,9;2,3;0,3;0,9
21;NL:Q:43210750;Babcockstraat;Hengelo;2,1;5,8;1,4;2,9;0,3;1,9
21;NL:Q:43210770;Zernikestraat;Hengelo;3,5;7,1;2,1;3,8;0,8;0,8
21;NL:Q:43210790;Meijersweg;Hengelo;0,9;3,4;0,5;2,5;0,1;0,5
21;NL:Q:43210820;Willem de Clerqstraat;Hengelo;2,0;7,8;0,6;2,7;0,1;0,8
21;NL:Q:43210850;Lansinkesweg;Hengelo;22,9;4,4;4,0;3,0;0,8;0,1
21;NL:Q:43210860;Lansinkesweg;Hengelo;3,5;57,5;0,1;2,8;0,0;2,5
21;NL:Q:43210890;GOLS-straat;Hengelo;0,2;0,5;0,0;0,0;0,0;0,0
21;NL:Q:43210940;Griegstraat;Hengelo;7,7;7,5;4,4;3,7;0,6;1,4
21;NL:Q:43210960;Kasbah;Hengelo;11,6;11,8;5,4;5,0;0,7;1,0
21;NL:Q:43210980;Paganinistraat;Hengelo;14,0;16,0;9,1;9,6;0,8;1,9
21;NL:Q:43211011;Centraal Station;Hengelo;670,5;4,4;256,2;3,0;158,5;1,5
21;NL:Q:43211012;Centraal Station;Hengelo;84,8;23,4;37,4;3,0;4,0;0,9
21;NL:Q:43211016;Centraal Station;Hengelo;78,0;131,7;42,6;67,9;14,8;12,4
21;NL:Q:43211017;Centraal Station;Hengelo;72,0;72,7;18,8;18,3;0,0;0,0
21;NL:Q:43211019;Centraal Station;Hengelo;318,2;27,5;118,8;2,7;78,4;0,5
21;NL:Q:43211020;Centraal Station;Hengelo;924,0;761,6;223,4;207,8;254,7;73,8
21;NL:Q:43211022;Centraal Station;Hengelo;149,0;1,7;47,7;0,3;25,4;0,2
21;NL:Q:43211023;Centraal Station;Hengelo;0,1;26,5;0,0;0,0;0,0;0,0
21;NL:Q:43211024;Centraal Station;Hengelo;272,9;1247,4;48,6;414,0;11,7;234,9
21;NL:Q:43211030;Grundellaan;Hengelo;1,4;1,2;0,4;0,3;0,1;0,2
21;NL:Q:43211040;Grundellaan;Hengelo;1,2;2,4;0,2;0,8;0,1;0,2
21;NL:Q:43211060;Staringstraat;Hengelo;8,6;4,0;4,3;1,9;0,8;0,4
21;NL:Q:43211070;Klaverstraat;Hengelo;4,8;2,5;1,1;1,1;0,4;0,2
21;NL:Q:43211080;Klaverstraat;Hengelo;1,2;3,9;0,7;1,9;0,2;0,7
21;NL:Q:43211090;Van Koetsveldstraat;Hengelo;5,7;1,3;4,0;0,0;0,7;0,4
21;NL:Q:43211100;Van Koetsveldstraat;Hengelo;0,4;7,8;0,1;4,4;0,6;1,7
21;NL:Q:43211110;Rhijnvis Feithstraat;Hengelo;18,9;0,7;5,7;0,4;1,5;0,0
21;NL:Q:43211120;Rhijnvis Feithstraat;Hengelo;1,1;16,8;0,3;6,4;0,1;1,6
21;NL:Q:43211130;Jan Prinsstraat;Hengelo;15,3;1,2;5,4;0,0;1,3;0,0
21;NL:Q:43211140;Jan Prinsstraat;Hengelo;3,2;48,7;1,2;18,1;0,6;4,2
21;NL:Q:43211150;Willem de Merodestraat;Hengelo;11,0;3,6;5,1;2,8;1,2;0,4
21;NL:Q:43211170;'t Swafert;Hengelo;9,1;5,9;6,9;4,3;1,2;1,2
21;NL:Q:43211190;Wkc Groot Driene;Hengelo;27,3;3,7;14,8;3,3;2,6;0,2
21;NL:Q:43211200;Boomgaard;Hengelo;21,7;11,5;7,5;4,7;2,0;1,6
21;NL:Q:43211230;Sportlaan Driene;Hengelo;8,8;17,7;5,4;7,5;1,1;0,6
21;NL:Q:43211240;IKEA;Hengelo;8,5;27,8;8,7;27,1;3,7;14,8
21;NL:Q:43211250;IKEA;Hengelo;28,9;12,5;24,1;7,1;14,0;3,4
21;NL:Q:43211260;Vosboer;Hengelo;5,8;18,0;0,2;2,4;0,1;0,9
21;NL:Q:43211270;Vosboer;Hengelo;14,0;6,5;1,1;0,2;0,4;0,2
21;NL:Q:43211280;Wkc Groot Driene;Hengelo;7,0;0,8;0,0;0,0;0,0;0,0
21;NL:Q:43211290;Wkc Groot Driene;Hengelo;0,5;5,4;0,0;0,0;0,0;0,0
21;NL:Q:43211350;Wkc Hasselo;Hengelo;63,9;9,6;35,0;4,2;15,2;0,4
21;NL:Q:43211360;Wkc Hasselo;Hengelo;5,2;48,9;2,9;20,9;0,0;0,0
21;NL:Q:43211370;Wkc Hasselo;Hengelo;0,3;9,7;0,5;10,2;0,6;16,0
21;NL:Q:43211380;Robert Stolzstraat;Hengelo;0,9;4,5;0,9;5,0;2,9;6,3
21;NL:Q:43211410;Middelhoek;Hengelo;35,0;16,0;12,6;7,4;7,3;7,4
21;NL:Q:43211420;Middelhoek;Hengelo;5,7;20,5;2,1;5,2;0,0;0,0
21;NL:Q:43211450;Molendijkhoek;Hengelo;38,6;14,8;16,1;9,2;8,3;9,4
21;NL:Q:43211460;Molendijkhoek;Hengelo;2,5;22,8;0,6;6,8;0,0;0,0
21;NL:Q:43211490;Bovenhoek;Hengelo;83,7;24,5;37,8;14,9;17,3;15,1
21;NL:Q:43211500;Bovenhoek;Hengelo;5,4;56,8;1,0;18,0;0,0;0,0
21;NL:Q:43211510;Bruninkshoek;Hengelo;52,3;16,8;21,1;6,7;9,2;5,7
21;NL:Q:43211520;Bruninkshoek;Hengelo;3,7;34,8;0,7;12,6;0,0;0,0
21;NL:Q:43211530;Schothorsthoek;Hengelo;18,7;0,9;7,7;0,2;4,1;0,0
21;NL:Q:43211540;Schothorsthoek;Hengelo;0,7;24,7;0,3;13,1;0,1;9,6
21;NL:Q:43211570;Tijertshoek;Hengelo;9,4;11,7;3,4;2,8;0,0;0,0
21;NL:Q:43211580;Tijertshoek;Hengelo;19,0;13,4;4,7;3,3;0,0;0,0
21;NL:Q:43211590;Plein;Hengelo;6,1;1,1;4,3;0,6;2,2;0,1
21;NL:Q:43211600;Plein;Hengelo;1,6;6,4;0,8;4,2;0,7;2,0
21;NL:Q:43211610;Campus West;Hengelo;15,4;6,2;1,0;1,7;0,6;0,4
21;NL:Q:43211620;Campus West;Hengelo;6,0;15,2;0,3;1,1;0,2;0,3
21;NL:Q:43211630;Holec;Hengelo;14,4;1,3;0,2;0,0;0,0;0,0
21;NL:Q:43211640;Holec;Hengelo;1,0;15,1;0,2;0,4;0,1;0,2
21;NL:Q:43211670;Stadskantoor;Hengelo;47,0;8,5;2,1;0,5;0,0;0,0
21;NL:Q:43211680;Stadskantoor;Hengelo;7,5;50,6;0,8;4,8;0,8;3,0
21;NL:Q:43211710;Roershoek;Hengelo;29,1;26,6;5,5;9,5;4,9;8,1
21;NL:Q:43211720;Roershoek;Hengelo;19,6;20,0;4,0;3,7;0,0;0,0
21;NL:Q:43211730;Kristenbos;Hengelo;31,9;7,2;9,2;0,7;0,0;0,0
21;NL:Q:43211740;Kristenbos;Hengelo;5,8;30,3;3,4;14,3;5,5;8,1
21;NL:Q:43211750;Beekpark;Hengelo;10,3;28,4;2,8;11,1;4,2;6,1
21;NL:Q:43211760;Beekpark;Hengelo;31,9;11,9;6,6;1,5;0,0;0,0
21;NL:Q:43211870;Wkc Slangenbeek;Hengelo;34,1;57,6;12,5;24,1;15,6;16,6
21;NL:Q:43211880;Wkc Slangenbeek;Hengelo;60,2;35,2;19,3;8,2;0,0;0,0
21;NL:Q:43212010;Grundellaan;Hengelo;48,1;8,5;8,3;1,7;2,3;0,9
21;NL:Q:43212020;Grundellaan;Hengelo;6,4;50,1;0,7;9,3;0,3;3,1
21;NL:Q:43212030;Haverweg;Hengelo;52,9;11,2;22,1;5,7;7,5;1,9
21;NL:Q:43212040;Haverweg;Hengelo;14,1;60,5;7,6;23,3;1,7;7,7
21;NL:Q:43212050;Henriette Roland Holststraat;Hengelo;5,0;0,3;0,0;0,0;0,0;0,0
21;NL:Q:43212060;Oude Grensweg;Hengelo;13,7;20,3;6,0;8,3;2,1;3,7
21;NL:Q:43212080;Henriette Roland Holststraat;Hengelo;0,3;4,9;0,0;0,0;0,0;0,0
21;NL:Q:43212100;De Brink;Hengelo;22,5;6,3;15,6;1,1;5,9;1,0
21;NL:Q:43212110;De Brink;Hengelo;1,3;44,0;0,3;44,4;0,0;8,7
21;NL:Q:43212120;Essent;Hengelo;13,1;4,6;1,3;0,9;0,4;0,4
21;NL:Q:43212130;Essent;Hengelo;2,6;16,5;0,5;1,3;0,3;0,7
21;NL:Q:43212140;Twente Milieu;Hengelo;6,8;1,3;0,4;0,2;0,3;0,1
21;NL:Q:43212150;Twente Milieu;Hengelo;2,0;8,9;0,3;0,6;0,1;0,2
21;NL:Q:43212180;Expo Westermaat;Hengelo;0,4;0,1;0,1;0,0;0,1;0,1
21;NL:Q:43212190;Expo Westermaat;Hengelo;0,2;0,8;0,0;0,2;0,0;0,1
21;NL:Q:43212260;Thiemsbrug;Hengelo;21,5;6,2;13,7;1,9;6,9;1,4
21;NL:Q:43212270;'t Wilbert West;Hengelo;1,5;1,5;0,8;0,4;0,5;0,4
21;NL:Q:43212280;'t Wilbert West;Hengelo;0,8;1,2;0,3;0,7;0,3;0,5
21;NL:Q:43212290;'t Wilbert Oost;Hengelo;19,1;4,2;3,9;0,9;0,0;0,0
21;NL:Q:43212300;'t Wilbert Oost;Hengelo;3,1;20,5;1,1;6,0;0,3;4,4
21;NL:Q:43212470;Boldershoekweg;Hengelo;0,2;1,8;0,0;0,0;0,0;0,0
21;NL:Q:43212480;Boldershoekweg;Hengelo;1,1;0,1;0,0;0,0;0,0;0,0
21;NL:Q:43212530;Onyxstraat;Hengelo;0,0;1,3;0,0;0,0;0,0;0,0
21;NL:Q:43212540;Onyxstraat;Hengelo;1,4;0,3;0,0;0,0;0,0;0,0
21;NL:Q:43212550;Makro;Hengelo;1,1;6,9;0,0;0,0;0,0;0,0
21;NL:Q:43212560;Makro;Hengelo;6,0;0,7;0,0;0,0;0,0;0,0
21;NL:Q:43212590;Thiemsbrug;Hengelo;30,2;5,0;25,2;1,9;9,7;1,3
21;NL:Q:43212600;Thiemsbrug;Hengelo;6,5;45,1;2,0;39,4;1,1;17,7
21;NL:Q:43212610;Campus Oost;Hengelo;5,9;1,2;0,4;0,2;0,0;0,0
21;NL:Q:43212620;Campus Oost;Hengelo;0,5;9,3;0,2;0,5;0,1;0,5
21;NL:Q:43212750;Europalaan;Hengelo;2,5;0,5;0,0;0,0;0,0;0,0
21;NL:Q:43212760;Europalaan;Hengelo;0,0;2,7;0,0;0,0;0,0;0,0
21;NL:Q:43212810;Buitenweg;Hengelo;2,4;3,5;1,1;2,0;0,9;1,1
21;NL:Q:43212820;Buitenweg;Hengelo;3,4;3,2;1,9;1,3;0,9;0,8
21;NL:Q:43212830;Geerdinksweg;Hengelo;2,3;4,8;1,3;3,6;0,8;1,8
21;NL:Q:43212840;Geerdinksweg;Hengelo;3,2;2,3;2,9;1,2;1,6;0,4
21;NL:Q:43212850;IJsselstraat;Hengelo;1,4;7,0;0,7;2,0;0,4;0,8
21;NL:Q:43212860;IJsselstraat;Hengelo;7,3;3,7;2,0;1,1;0,7;0,8
21;NL:Q:43212870;Vockersweg;Hengelo;2,2;27,0;0,5;2,0;0,5;1,5
21;NL:Q:43212880;Vockersweg;Hengelo;25,3;3,7;1,9;0,7;1,8;0,6
21;NL:Q:43212900;Platinastraat;Hengelo;25,7;6,5;3,1;2,5;0,9;1,4
21;NL:Q:43212910;Dieselstraat;Hengelo;7,7;1,1;5,9;1,0;2,5;0,9
21;NL:Q:43212920;Dieselstraat;Hengelo;1,2;4,5;0,8;3,2;0,8;2,4
21;NL:Q:43212930;Platinastraat;Hengelo;7,9;1,1;0,0;0,0;0,0;0,0
21;NL:Q:43213010;M.A. de Ruyterstraat;Hengelo;1,7;10,3;0,1;0,6;0,0;0,0
21;NL:Q:43213020;M.A. de Ruyterstraat;Hengelo;12,2;2,0;2,0;1,0;1,0;0,1
21;NL:Q:43213050;Backenhagenlaan;Hengelo;0,6;12,0;0,2;1,9;0,0;0,0
21;NL:Q:43213060;Backenhagenlaan;Hengelo;11,4;1,5;3,1;0,5;2,9;0,5
21;NL:Q:43213070;Hamerstraat;Hengelo;0,6;7,5;0,2;1,6;0,0;0,0
21;NL:Q:43213080;Hamerstraat;Hengelo;8,9;1,0;3,5;0,3;1,2;1,0
21;NL:Q:43213090;Klaas de Rookstraat;Hengelo;1,2;10,3;0,1;2,1;0,0;0,0
21;NL:Q:43213100;Klaas de Rookstraat;Hengelo;10,2;2,6;4,3;1,7;5,9;2,8
21;NL:Q:43213150;Westelijke Esweg;Hengelo;6,4;1,6;2,0;0,2;0,0;0,0
21;NL:Q:43213170;Westelijke Esweg;Hengelo;1,5;6,6;0,6;1,6;0,0;0,0
21;NL:Q:43213300;ZGT Hoofdingang;Hengelo;19,4;15,1;5,2;2,8;1,0;1,1
21;NL:Q:43213320;Aletta Jacobslaan;Hengelo;2,9;2,8;1,8;1,9;0,7;1,5
21;NL:Q:43213340;Sabina Klinkhamerweg;Hengelo;6,2;5,4;1,8;1,0;0,3;0,3
21;NL:Q:43214030;Het Broek;Hengelo;34,2;43,8;7,8;13,8;8,8;9,4
21;NL:Q:43214040;Het Broek;Hengelo;44,2;31,1;8,4;3,3;0,0;0,0
21;NL:Q:43214050;Akzo Poort 1;Hengelo;0,1;1,6;0,0;0,0;0,0;0,0
21;NL:Q:43214060;Akzo Poort 1;Hengelo;1,4;0,2;0,0;0,0;0,0;0,0
21;NL:Q:43214070;Willem de Kooningstraat;Hengelo;21,4;1,3;4,0;0,2;0,0;0,0
21;NL:Q:43214080;Willem de Kooningstraat;Hengelo;1,0;23,0;0,7;5,4;1,3;2,2
21;NL:Q:43214990;Station Hengelo Oost;Hengelo;1,1;5,4;0,0;0,0;0,0;0,0
21;NL:Q:43215000;Station Hengelo Oost;Hengelo;7,5;7,7;1,5;2,4;0,2;0,4
21;NL:Q:43215010;Klein Driene;Hengelo;27,3;6,6;12,7;3,1;7,9;1,0
21;NL:Q:43215020;Klein Driene;Hengelo;6,4;30,1;3,1;13,4;1,4;8,8
21;NL:Q:43215030;De Noork;Hengelo;48,1;6,3;20,4;3,5;13,2;2,4
21;NL:Q:43215040;De Noork;Hengelo;5,8;47,4;3,3;21,0;2,3;20,6
21;NL:Q:43218090;Sabastraat;Hengelo;8,2;5,2;3,4;2,4;1,8;0,8
21;NL:Q:43218110;Balistraat;Hengelo;2,1;0,8;0,6;0,5;0,1;0,1
21;NL:Q:43218130;Mitchamplein;Hengelo;0,9;1,6;0,4;1,2;0,2;0,8
21;NL:Q:43220011;Molkenboer;Oldenzaal;10,2;5,0;1,6;3,3;0,0;0,0
21;NL:Q:43220012;Molkenboer;Oldenzaal;4,9;14,0;2,3;1,6;0,0;0,0
21;NL:Q:43220100;Kalheupinklaan;Oldenzaal;0,4;0,5;0,2;0,1;0,0;0,0
21;NL:Q:43220110;Kalheupinklaan;Oldenzaal;0,3;0,6;0,1;0,2;0,0;0,0
21;NL:Q:43220150;Johanna van Burenlaan;Oldenzaal;14,4;14,8;2,7;4,5;0,0;0,0
21;NL:Q:43220170;Wkc De Thij;Oldenzaal;36,3;39,1;9,5;9,8;0,0;0,0
21;NL:Q:43220190;Cato Elderinklaan;Oldenzaal;25,7;23,3;3,5;3,8;0,0;0,0
21;NL:Q:43220260;Saasvelderlaan;Oldenzaal;13,9;12,9;2,3;2,3;0,0;0,0
21;NL:Q:43220270;Oude Postweg;Oldenzaal;2,2;1,4;0,3;0,4;0,4;0,7
21;NL:Q:43220280;Oude Postweg;Oldenzaal;1,5;4,1;0,3;0,8;0,5;0,4
21;NL:Q:43220290;Nardusboer;Oldenzaal;4,7;4,6;1,8;2,0;0,0;0,0
21;NL:Q:43220400;Griekenlandlaan;Oldenzaal;4,6;0,2;0,1;0,1;0,0;0,0
21;NL:Q:43220410;Ziekenhuis;Oldenzaal;16,8;12,9;4,1;7,6;1,4;4,0
21;NL:Q:43220411;Ziekenhuis;Oldenzaal;8,6;25,4;3,0;5,0;1,3;1,9
21;NL:Q:43220430;Hofmeijerstraat;Oldenzaal;7,1;18,1;2,9;5,8;0,9;1,5
21;NL:Q:43220440;Hofmeijerstraat;Oldenzaal;9,4;8,0;4,3;4,9;1,4;1,1
21;NL:Q:43220450;Vos de Waelstraat;Oldenzaal;36,7;21,4;9,7;7,9;3,4;2,1
21;NL:Q:43220460;Vos de Waelstraat;Oldenzaal;29,0;36,2;8,0;11,0;2,9;3,7
21;NL:Q:43220470;Richter Bosstraat;Oldenzaal;8,1;14,8;3,0;6,2;2,7;3,6
21;NL:Q:43220490;Thijsniederweg;Oldenzaal;21,2;9,4;4,4;1,9;0,0;0,0
21;NL:Q:43220500;Koksweg;Oldenzaal;2,7;2,8;0,5;0,8;0,5;0,6
21;NL:Q:43220511;Tijgaardenstraat;Oldenzaal;2,4;15,1;1,1;3,0;0,0;0,0
21;NL:Q:43220521;Tijgaardenstraat;Oldenzaal;15,4;1,1;2,7;0,7;0,0;0,0
21;NL:Q:43220531;Viaduct Graven Es;Oldenzaal;1,1;9,9;0,3;2,1;0,0;0,0
21;NL:Q:43220541;Viaduct Graven Es;Oldenzaal;9,9;0,6;2,2;0,1;0,0;0,0
21;NL:Q:43220551;Engelbertinklaan;Oldenzaal;0,4;15,8;0,3;3,4;0,0;0,0
21;NL:Q:43220561;Engelbertinklaan;Oldenzaal;14,7;0,4;2,9;0,0;0,0;0,0
21;NL:Q:43220570;Hunenveldweg;Oldenzaal;0,6;48,1;0,0;5,9;0,0;0,0
21;NL:Q:43220580;Hunenveldweg;Oldenzaal;41,8;0,2;4,2;0,0;0,0;0,0
21;NL:Q:43220590;Griekenlandlaan;Oldenzaal;0,8;4,1;0,2;1,0;0,0;0,0
21;NL:Q:43220690;Wkc De Essen;Oldenzaal;6,4;2,3;0,5;0,7;0,0;0,0
21;NL:Q:43220700;Wkc De Essen;Oldenzaal;3,0;6,5;0,6;1,0;0,0;0,0
21;NL:Q:43220710;Nachtschade;Oldenzaal;3,1;3,6;0,2;0,4;0,0;0,0
21;NL:Q:43220720;Nachtschade;Oldenzaal;4,8;2,9;0,3;0,3;0,0;0,0
21;NL:Q:43220730;Zevenblad;Oldenzaal;5,8;2,4;0,6;0,8;0,0;0,0
21;NL:Q:43220740;Zevenblad;Oldenzaal;3,8;5,2;1,0;0,9;0,0;0,0
21;NL:Q:43220760;Bentheimergraven;Oldenzaal;3,5;2,4;0,3;0,2;0,0;0,0
21;NL:Q:43220761;Bentheimergraven;Oldenzaal;2,9;2,7;0,2;0,3;0,0;0,0
21;NL:Q:43220790;Thijlaan;Oldenzaal;4,8;6,0;1,4;2,2;0,0;0,0
21;NL:Q:43220841;Station;Oldenzaal;196,2;181,1;32,1;28,2;11,2;15,5
21;NL:Q:43220842;Station;Oldenzaal;123,8;156,5;30,5;77,7;13,4;37,9
21;NL:Q:43220843;Station;Oldenzaal;40,8;43,8;6,7;6,2;0,0;0,0
21;NL:Q:43220851;Hyacintstraat;Oldenzaal;1,3;12,0;0,6;2,1;0,0;0,0
21;NL:Q:43220861;Hyacintstraat;Oldenzaal;12,7;2,3;1,4;2,0;0,0;0,0
21;NL:Q:43220900;Station;Oldenzaal;308,9;267,8;86,9;68,7;38,9;16,9
21;NL:Q:43220910;Station;Oldenzaal;129,3;141,7;44,8;0,3;0,0;0,0
21;NL:Q:43221040;Loweg;Oldenzaal;0,4;1,0;0,1;0,5;0,1;0,6
21;NL:Q:43221210;Wkc Zuid Berghuizen;Oldenzaal;52,3;13,1;20,2;4,2;6,2;1,1
21;NL:Q:43221220;Wkc Zuid Berghuizen;Oldenzaal;14,2;47,8;5,0;16,6;1,2;5,3
21;NL:Q:43221250;Schapendijk;Oldenzaal;9,1;3,6;2,3;0,6;0,9;0,2
21;NL:Q:43221260;Schapendijk;Oldenzaal;2,7;13,9;0,7;4,7;0,2;2,1
21;NL:Q:43221270;Lossersestraat;Oldenzaal;0,9;0,5;0,2;0,3;0,0;0,0
21;NL:Q:43221280;Lossersestraat;Oldenzaal;0,2;0,7;0,2;0,0;0,0;0,0
21;NL:Q:43221290;Postweg;Losser;1,0;0,3;0,0;0,0;0,0;0,0
21;NL:Q:43221300;Postweg;Losser;0,3;1,1;0,2;0,2;0,0;0,0
21;NL:Q:43221450;J.H. Nieuwenhuisstraat;Oldenzaal;28,4;5,1;5,8;0,8;2,8;0,3
21;NL:Q:43221460;J.H. Nieuwenhuisstraat;Oldenzaal;4,3;29,6;1,2;5,2;0,5;2,4
21;NL:Q:43221470;Elsmors;Oldenzaal;12,0;2,9;1,0;0,2;0,2;0,1
21;NL:Q:43221480;Elsmors;Oldenzaal;1,9;12,6;0,1;1,4;0,2;0,5
21;NL:Q:43221500;Hanzepoort;Oldenzaal;5,6;18,9;1,8;3,3;1,0;1,4
21;NL:Q:43221510;Zandhorstlaan;Oldenzaal;14,2;14,0;3,6;3,0;0,0;0,0
21;NL:Q:43221530;Hunenveldlaan;Oldenzaal;15,5;4,2;2,7;1,1;0,0;0,0
21;NL:Q:43222010;Ganzenmarkt;Oldenzaal;0,4;0,5;0,2;0,2;0,0;0,0
21;NL:Q:43222020;Ganzenmarkt;Oldenzaal;0,4;0,6;0,1;0,3;0,0;0,0
21;NL:Q:43222030;De Molenkamp;Oldenzaal;0,6;1,5;0,0;0,2;0,0;0,0
21;NL:Q:43222040;De Molenkamp;Oldenzaal;0,7;1,4;0,1;0,1;0,0;0,0
21;NL:Q:43222060;De Grote Zwaan;De Lutte;0,0;0,9;0,0;0,7;0,0;0,0
21;NL:Q:43222650;Oliemolenstraat;Oldenzaal;24,2;24,8;7,0;6,4;3,7;4,6
21;NL:Q:43222660;Oliemolenstraat;Oldenzaal;14,7;8,5;1,6;1,3;0,9;0,4
21;NL:Q:43230010;Bentelerweg;Stepelo;0,1;0,8;0,1;0,6;0,0;0,5
21;NL:Q:43230030;Beckummerweg;Stepelo;0,3;1,2;0,1;0,7;0,2;0,4
21;NL:Q:43230040;Beckummerweg;Stepelo;1,3;0,2;0,6;0,1;0,4;0,1
21;NL:Q:43230050;Deelweg;Stepelo;0,2;1,5;0,1;0,4;0,0;0,5
21;NL:Q:43230060;Deelweg;Stepelo;1,7;0,2;0,5;0,3;0,1;0,3
21;NL:Q:43230070;Hulstweg;Stepelo;0,2;1,6;0,0;0,3;0,0;0,2
21;NL:Q:43230080;Hulstweg;Stepelo;1,9;0,3;0,3;0,1;0,1;0,1
21;NL:Q:43230110;Metaalstraat;Haaksbergen;2,3;6,6;0,1;1,2;0,0;0,4
21;NL:Q:43230120;Metaalstraat;Haaksbergen;5,6;2,6;0,6;0,2;0,6;0,1
21;NL:Q:43230140;Veldmaterstraat;Haaksbergen;3,6;39,3;0,7;13,2;0,8;10,0
21;NL:Q:43240010;De Grote Zwaan;De Lutte;1,0;0,0;0,7;0,0;0,0;0,0
21;NL:Q:43240030;Hanhofweg;De Lutte;0,1;1,1;0,0;0,4;0,0;0,0
21;NL:Q:43240040;Hanhofweg;De Lutte;0,5;0,0;0,1;0,0;0,0;0,0
21;NL:Q:43240050;R.K. Kerk;De Lutte;7,6;16,3;1,0;1,8;0,0;0,0
21;NL:Q:43240100;Sporthal;De Lutte;1,6;0,0;0,3;0,0;0,0;0,0
21;NL:Q:43250050;Losserhof;Losser;1,4;6,5;0,3;2,2;0,0;0,0
21;NL:Q:43250060;Losserhof;Losser;5,3;2,1;1,3;0,4;0,0;0,0
21;NL:Q:43250090;Snippertweg;Losser;0,1;2,0;0,0;0,5;0,0;0,0
21;NL:Q:43250100;Snippertweg;Losser;2,0;0,2;0,5;0,1;0,0;0,0
21;NL:Q:43250110;Irisstraat;Losser;0,5;5,7;0,3;1,7;0,0;0,0
21;NL:Q:43250120;Irisstraat;Losser;6,3;0,5;1,8;0,2;0,0;0,0
21;NL:Q:43250130;R.K. Kerk;Losser;4,4;85,0;2,3;32,8;1,2;17,4
21;NL:Q:43250140;R.K. Kerk;Losser;84,2;4,0;33,8;2,4;18,1;1,1
21;NL:Q:43250150;Langenkamp;Losser;4,8;33,0;3,1;11,5;1,1;7,4
21;NL:Q:43250160;Langenkamp;Losser;34,8;5,0;13,7;2,6;6,7;1,6
21;NL:Q:43250170;Arendstraat;Losser;1,9;31,2;0,7;10,2;0,5;7,4
21;NL:Q:43250180;Arendstraat;Losser;35,5;1,9;11,7;0,8;6,5;0,7
21;NL:Q:43250370;Prins Bernhardstraat;Overdinkel;0,4;29,3;0,2;11,2;0,1;4,9
21;NL:Q:43250380;Prins Bernhardstraat;Overdinkel;30,4;0,2;10,7;0,1;5,1;0,0
21;NL:Q:43250390;Tjibbe Knolstraat;Overdinkel;0,6;29,6;0,4;9,6;0,3;4,6
21;NL:Q:43250400;Schoolstraat;Overdinkel;89,3;70,5;27,6;19,9;13,8;11,2
21;NL:Q:43250440;Tjibbe Knolstraat;Overdinkel;16,0;0,0;6,3;0,0;3,6;0,0
21;NL:Q:43250510;Pompstation;Losser;1,9;1,1;0,0;0,2;0,2;0,2
21;NL:Q:43250520;R.K. Kerk;Overdinkel;22,4;0,1;6,5;0,1;4,1;0,0
21;NL:Q:43250530;Kranengoorweg;Losser;0,1;1,5;0,1;2,6;0,0;0,6
21;NL:Q:43250540;Kranengoorweg;Losser;0,8;0,0;0,9;0,0;0,1;0,0
21;NL:Q:43250550;Broekhoekweg;Losser;0,1;8,7;0,1;5,8;0,0;2,4
21;NL:Q:43250560;Broekhoekweg;Losser;5,0;0,2;4,8;0,1;1,6;0,0
21;NL:Q:43250570;St. Martinusschool;Losser;0,2;10,6;0,2;5,4;0,2;3,2
21;NL:Q:43250580;St. Martinusschool;Losser;10,3;0,5;4,8;0,2;2,9;0,1
21;NL:Q:43250590;Dinkelbrug;Losser;0,0;1,7;0,0;0,5;0,0;0,1
21;NL:Q:43250600;Dinkelbrug;Overdinkel;1,8;0,0;0,2;0,0;0,1;0,0
21;NL:Q:43250610;Strootsweg;Losser;0,0;1,9;0,0;0,2;0,0;0,1
21;NL:Q:43250620;Strootsweg;Overdinkel;1,9;0,0;0,4;0,0;0,2;0,0
21;NL:Q:43250630;Kerkhofweg;Overdinkel;0,2;10,1;0,2;3,0;0,1;1,5
21;NL:Q:43250640;Kerkhofweg;Overdinkel;5,4;0,1;0,8;0,0;0,6;0,1
21;NL:Q:43250650;Haydnstraat;Losser;0,5;41,4;0,3;11,8;0,4;7,1
21;NL:Q:43250660;Haydnstraat;Losser;41,0;0,6;12,2;1,1;6,7;0,5
21;NL:Q:43250710;R.K. Kerk;Overdinkel;0,4;17,3;0,2;4,9;0,2;2,8
21;NL:Q:43251230;De Pol Noord;Losser;2,8;40,7;1,1;6,7;0,4;3,7
21;NL:Q:43251240;De Pol Noord;Losser;43,5;2,6;8,4;1,2;3,0;0,5
21;NL:Q:43259670;Haydnstraat;Losser;1,9;85,8;0,8;21,6;0,6;11,1
21;NL:Q:43259680;Haydnstraat;Losser;89,6;1,5;25,0;0,8;11,9;0,4
21;NL:Q:43259690;Doctor Staringstraat;Losser;42,5;2,5;13,8;1,2;5,8;0,7
21;NL:Q:43259700;Doctor Staringstraat;Losser;2,4;43,0;1,2;13,4;0,4;7,9
21;NL:Q:43310030;Dikkerslaan;Borne;1,0;1,0;1,5;0,2;0,2;0,1
21;NL:Q:43310040;Dikkerslaan;Borne;1,5;1,1;0,6;1,0;0,2;0,4
21;NL:Q:43310050;De Bieffel;Borne;2,9;3,7;0,5;0,5;0,2;0,3
21;NL:Q:43310090;Station;Borne;49,2;52,8;9,7;8,6;4,0;4,6
21;NL:Q:43310110;Europastraat;Borne;3,9;3,2;1,2;0,4;0,8;0,2
21;NL:Q:43310120;Europastraat;Borne;2,3;0,6;0,3;0,1;0,4;0,1
21;NL:Q:43310130;Grotestraat;Borne;5,9;2,1;1,5;0,4;0,6;0,3
21;NL:Q:43310140;Grotestraat;Borne;2,0;5,6;0,2;1,4;0,2;0,6
21;NL:Q:43310230;Paardebloem;Borne;0,2;0,1;0,0;0,0;0,0;0,0
21;NL:Q:43310240;Paardebloem;Borne;0,1;0,3;0,0;0,0;0,0;0,0
21;NL:Q:43310250;Wkc Stroom Esch;Borne;2,5;0,9;0,0;0,0;0,0;0,0
21;NL:Q:43310260;Wkc Stroom Esch;Borne;1,9;4,5;0,0;0,0;0,0;0,0
21;NL:Q:43310270;'t Dijkhuis;Borne;0,1;0,4;0,0;0,0;0,0;0,0
21;NL:Q:43310280;'t Dijkhuis;Borne;0,4;0,1;0,0;0,0;0,0;0,0
21;NL:Q:43310290;Het Witte Huis;Borne;1,0;1,5;0,8;0,7;0,4;0,3
21;NL:Q:43310300;Het Witte Huis;Borne;1,6;2,2;1,0;1,2;0,2;0,7
21;NL:Q:43310330;Hazelaarstraat;Borne;0,0;0,0;0,0;0,0;0,0;0,0
21;NL:Q:43310350;Wkc Letterveld;Borne;0,3;0,1;0,0;0,0;0,0;0,0
21;NL:Q:43310370;Seringenstraat;Borne;0,1;0,1;0,0;0,0;0,0;0,0
21;NL:Q:43310390;Dreef;Borne;0,0;0,0;0,0;0,0;0,0;0,0
21;NL:Q:43310410;Grotestraat;Borne;0,1;0,2;0,0;0,0;0,0;0,0
21;NL:Q:43310420;Grotestraat;Borne;0,0;0,0;0,0;0,0;0,0;0,0
21;NL:Q:43311010;R.K. Kerk;Hertme;0,3;0,3;0,0;0,0;0,0;0,0
21;NL:Q:43311020;R.K. Kerk;Hertme;0,0;1,0;0,0;0,0;0,0;0,0
21;NL:Q:43311030;Dorsetplein;Borne;0,1;0,5;0,0;0,0;0,0;0,0
21;NL:Q:43311040;Dorsetplein;Borne;0,4;0,1;0,0;0,0;0,0;0,0
21;NL:Q:43320010;Koksweg;Beuningen;0,1;1,0;0,1;0,7;0,0;0,4
21;NL:Q:43320090;Saron;Beuningen;0,9;6,1;0,9;2,0;0,3;1,5
21;NL:Q:43320100;Saron;Beuningen;5,8;1,1;2,7;0,8;1,7;0,3
21;NL:Q:43320140;Beuningen;Beuningen;14,6;0,1;2,4;0,0;0,9;0,0
21;NL:Q:43330010;'t Laantje;Rossum;0,6;0,0;0,1;0,0;0,1;0,0
21;NL:Q:43330030;Paalmaatsdijk;Rossum;0,0;0,1;0,0;0,0;0,0;0,0
21;NL:Q:43330040;Paalmaatsdijk;Rossum;0,0;0,1;0,0;0,1;0,0;0,0
21;NL:Q:43330070;Grotestraat;Rossum;24,7;3,7;0,8;0,4;0,6;0,4
21;NL:Q:43330080;Grotestraat;Rossum;4,7;23,2;0,2;1,0;0,4;0,4
21;NL:Q:43330090;De Weeldbaan;Rossum;9,8;2,4;1,9;0,2;0,8;0,3
21;NL:Q:43330100;De Weeldbaan;Rossum;2,7;10,1;0,5;1,8;0,3;0,9
21;NL:Q:43330110;Tramweg;Rossum;1,1;0,1;0,6;0,1;0,1;0,1
21;NL:Q:43330120;Tramweg;Rossum;0,1;1,3;0,0;0,9;0,0;0,0
21;NL:Q:43330130;Boschweg;Rossum;1,1;0,1;0,0;0,0;0,0;0,1
21;NL:Q:43330140;Boschweg;Rossum;0,2;1,2;0,0;0,0;0,1;0,0
21;NL:Q:43330150;Bibliotheek;Rossum;0,2;0,2;0,0;0,0;0,0;0,0
21;NL:Q:43330160;Loweg;Oldenzaal;1,2;1,0;0,8;0,2;0,4;0,0
21;NL:Q:43330170;De Hersmole;Rossum;0,0;0,1;0,0;0,0;0,0;0,0
21;NL:Q:43330180;De Hersmole;Rossum;0,0;0,0;0,0;0,0;0,0;0,0
21;NL:Q:43340040;R.K. Kerk;Deurningen;9,8;0,4;2,8;0,3;0,0;0,0
21;NL:Q:43340050;R.K. Kerk;Deurningen;0,7;12,9;0,2;3,8;0,0;0,0
21;NL:Q:43340100;Grootsweg;Gammelke;1,0;0,1;0,3;0,0;0,0;0,0
21;NL:Q:43340110;Grootsweg;Gammelke;0,0;1,3;0,0;0,4;0,0;0,0
21;NL:Q:43340120;Wiefferweg;Gammelke;2,7;0,1;0,4;0,0;0,0;0,0
21;NL:Q:43340130;Wiefferweg;Gammelke;0,0;3,0;0,0;0,6;0,0;0,0
21;NL:Q:43340140;Veldzijde;Deurningen;9,8;0,6;2,8;0,1;0,0;0,0
21;NL:Q:43340150;Veldzijde;Deurningen;0,6;6,6;0,1;0,8;0,0;0,0
21;NL:Q:43350010;Bornsestraat;Weerselo;0,4;0,3;0,1;0,3;0,0;0,0
21;NL:Q:43350030;Het Stift;Weerselo;0,0;0,1;0,0;0,0;0,0;0,0
21;NL:Q:43350040;Het Stift;Weerselo;0,2;0,0;0,0;0,0;0,0;0,0
21;NL:Q:43350050;Gemeentehuis;Weerselo;0,2;1,2;0,0;0,0;0,0;0,0
21;NL:Q:43350060;Gemeentehuis;Weerselo;2,1;0,7;0,0;0,0;0,0;0,0
21;NL:Q:43350070;Holtwijkerstraat;Weerselo;2,2;0,8;0,4;0,1;0,0;0,0
21;NL:Q:43350080;Holtwijkerstraat;Weerselo;0,8;5,3;0,2;1,8;0,0;0,0
21;NL:Q:43350090;Deurningerstraat;Weerselo;0,2;0,3;0,1;0,1;0,0;0,0
21;NL:Q:43350100;Deurningerstraat;Weerselo;0,3;0,3;0,0;0,1;0,0;0,0
21;NL:Q:43350110;Oude Weerseloseweg;Lemselo;0,0;0,4;0,0;0,1;0,0;0,0
21;NL:Q:43350120;Oude Weerseloseweg;Lemselo;0,3;0,0;0,1;0,1;0,0;0,0
21;NL:Q:43350130;Morsweg;Lemselo;0,1;0,6;0,1;0,0;0,0;0,0
21;NL:Q:43350140;Morsweg;Lemselo;0,6;0,1;0,0;0,1;0,0;0,0
21;NL:Q:43350170;Ittersbergstraat;Weerselo;24,8;13,7;2,9;1,8;0,0;0,0
21;NL:Q:43350180;Ittersbergstraat;Weerselo;15,9;24,9;2,2;3,2;0,0;0,0
21;NL:Q:43350190;Het Hoikinck;Weerselo;17,2;3,3;4,9;0,4;0,0;0,0
21;NL:Q:43350200;Het Hoikinck;Weerselo;5,7;15,5;0,4;2,6;0,0;0,0
21;NL:Q:43350210;Sporthal;Weerselo;0,0;0,9;0,0;0,0;0,0;0,0
21;NL:Q:43350220;Sporthal;Weerselo;0,3;0,0;0,0;0,0;0,0;0,0
21;NL:Q:43350230;Cafe Bruins;Saasveld;5,1;0,4;0,0;0,0;0,0;0,0
21;NL:Q:43350240;Cafe Bruins;Saasveld;0,3;4,3;0,0;0,0;0,0;0,0
21;NL:Q:43350250;Echelpoelweg;Gammelke;0,0;0,9;0,0;0,1;0,0;0,0
21;NL:Q:43350260;Echelpoelweg;Gammelke;0,5;0,0;0,0;0,0;0,0;0,0
21;NL:Q:43350270;Gammelkerstraat;Gammelke;0,1;0,7;0,0;0,1;0,0;0,0
21;NL:Q:43350280;Gammelkerstraat;Gammelke;0,7;0,2;0,0;0,1;0,0;0,0
21;NL:Q:43350290;Ootmarsumsedijk;Lemselo;0,8;7,0;0,1;0,3;0,0;0,0
21;NL:Q:43350300;Ootmarsumsedijk;Lemselo;7,6;0,7;0,2;0,1;0,0;0,0
21;NL:Q:43350330;Oude Deurningerstraat;Gammelke;1,0;0,0;0,0;0,0;0,0;0,0
21;NL:Q:43350340;Oude Deurningerstraat;Gammelke;0,0;0,5;0,0;0,0;0,0;0,0
21;NL:Q:43350350;Voortmorsstraat;Weerselo;4,0;2,0;0,4;0,8;0,0;0,0
21;NL:Q:43350360;Voortmorsstraat;Weerselo;1,7;4,1;0,3;0,4;0,0;0,0
21;NL:Q:43360131;Mozartstraat;Almelo;2,4;2,0;1,4;1,2;0,0;0,0
21;NL:Q:43380010;Hondorp;Gelselaar;3,3;4,4;0,4;1,2;0,0;0,0
21;NL:Q:43380020;Hondorp;Gelselaar;4,1;3,4;0,8;0,4;0,0;0,0
21;NL:Q:43380070;School;Geesteren;0,1;0,8;0,0;0,0;0,0;0,0
21;NL:Q:43380080;School;Geesteren;0,8;0,1;0,1;0,0;0,0;0,0
21;NL:Q:43380110;Baan;Geesteren;1,0;7,6;0,2;1,3;0,0;0,0
21;NL:Q:43380120;Baan;Geesteren;8,3;1,4;1,3;0,1;0,0;0,0
21;NL:Q:43380150;Bouwhuis;Geesteren;0,3;0,5;0,0;0,2;0,0;0,0
21;NL:Q:43380160;Bouwhuis;Geesteren;0,3;0,0;0,0;0,0;0,0;0,0
21;NL:Q:43400010;Kerkweg;Tilligte;0,3;0,3;0,0;0,0;0,0;0,0
21;NL:Q:43400020;Kerkweg;Tilligte;0,2;0,2;0,0;0,0;0,0;0,0
21;NL:Q:43400030;Wiemselweg;Tilligte;0,0;0,0;0,0;0,0;0,0;0,0
21;NL:Q:43400040;Wiemselweg;Tilligte;0,0;0,0;0,0;0,0;0,0;0,0
21;NL:Q:43400090;Dusinksweg;Tilligte;0,0;0,0;0,0;0,0;0,0;0,0
21;NL:Q:43400100;Dusinksweg;Tilligte;0,0;0,0;0,0;0,0;0,0;0,0
21;NL:Q:43400120;Cafe Arends;Lattrop;1,1;0,4;0,0;0,0;0,0;0,0
21;NL:Q:43400130;R.K. Kerk;Lattrop;0,1;0,2;0,0;0,0;0,0;0,0
21;NL:Q:43400140;R.K. Kerk;Lattrop;0,8;0,1;0,0;0,0;0,0;0,0
21;NL:Q:43400170;Viersprong;Lattrop;0,0;0,6;0,0;0,0;0,0;0,0
21;NL:Q:43400180;Viersprong;Lattrop;0,2;0,1;0,0;0,0;0,0;0,0
21;NL:Q:43400190;Cafe Arends;Lattrop;0,4;1,8;0,0;0,0;0,0;0,0
21;NL:Q:43400210;Viersprong De Holtweijde;Lattrop;0,2;0,8;0,0;0,0;0,0;0,0
21;NL:Q:43400220;Viersprong De Holtweijde;Lattrop;0,6;0,2;0,0;0,0;0,0;0,0
21;NL:Q:43410010;Mastboersweg;Zenderen;0,5;0,3;0,1;0,0;0,0;0,0
21;NL:Q:43410050;Old Coopers Hall;Zenderen;5,9;3,6;2,5;1,6;1,4;1,3
21;NL:Q:43410060;Old Coopers Hall;Zenderen;3,3;5,9;2,1;2,5;2,0;1,1
21;NL:Q:43410090;Reefsweg;Zenderen;1,8;2,1;0,4;1,2;0,3;1,0
21;NL:Q:43410100;Reefsweg;Zenderen;2,2;1,9;0,4;0,4;0,6;0,4
21;NL:Q:43410120;De Bieffel;Borne;2,5;4,1;0,3;0,6;0,2;0,1
21;NL:Q:43420010;Beuningen;Beuningen;0,3;14,0;0,1;2,2;0,0;1,1
21;NL:Q:43420030;Dinkeloord;Denekamp;0,3;1,3;0,4;1,2;0,2;1,1
21;NL:Q:43420040;Dinkeloord;Denekamp;1,2;0,3;1,4;0,2;1,0;0,1
21;NL:Q:43420110;Julianastraat;Denekamp;0,3;0,0;0,0;0,0;0,0;0,0
21;NL:Q:43420150;Churchillstraat;Denekamp;0,2;41,0;0,1;8,4;0,0;4,9
21;NL:Q:43420160;Churchillstraat;Denekamp;38,8;0,1;9,2;0,0;8,8;2,3
21;NL:Q:43420170;Onder de Linden;Denekamp;110,5;93,4;15,0;12,4;9,2;6,1
21;NL:Q:43420210;Veldkampsweg;Denekamp;0,7;53,9;0,0;12,3;0,1;7,8
21;NL:Q:43420220;Veldkampsweg;Denekamp;57,3;0,1;14,2;0,4;8,4;1,0
21;NL:Q:43420230;St. Nicolaasstichting;Denekamp;0,1;0,1;0,0;0,0;0,0;0,0
21;NL:Q:43420240;St. Nicolaasstichting;Denekamp;0,1;0,2;0,0;0,0;0,0;0,0
21;NL:Q:43420270;De Borghert;Denekamp;0,0;15,7;0,1;3,8;0,0;2,7
21;NL:Q:43420280;De Borghert;Denekamp;15,9;0,3;3,2;0,0;1,7;0,0
21;NL:Q:43420290;De Volharding;Denekamp;0,1;19,9;0,0;8,7;0,0;3,8
21;NL:Q:43420300;De Volharding;Denekamp;20,8;0,2;8,3;0,0;3,9;0,0
21;NL:Q:43420310;Den Alerdink;Denekamp;0,1;0,0;0,0;0,0;0,0;0,0
21;NL:Q:43420320;Den Alerdink;Denekamp;0,0;0,3;0,0;0,0;0,0;0,0
21;NL:Q:43420330;Israelisch Kerkhof;Denekamp;0,3;0,0;0,0;0,0;0,0;0,0
21;NL:Q:43420340;Israelisch Kerkhof;Denekamp;0,0;0,2;0,0;0,0;0,0;0,0
21;NL:Q:43420370;Oranjestraat;Denekamp;1,7;66,2;0,5;24,9;0,1;11,2
21;NL:Q:43420380;Oranjestraat;Denekamp;61,2;0,3;24,1;0,1;12,2;0,0
21;NL:Q:43420390;Wilhelminastraat;Denekamp;0,2;1,0;0,0;0,0;0,0;0,0
21;NL:Q:43420400;Gerardus Majella;Denekamp;0,2;0,2;0,0;0,0;0,0;0,0
21;NL:Q:43430010;Oosterveldsweg;Vasse;0,6;1,0;0,0;0,1;0,0;0,1
21;NL:Q:43430030;De Roezenberg;Vasse;0,4;0,5;0,0;0,1;0,0;0,1
21;NL:Q:43430040;De Roezenberg;Vasse;0,4;0,4;0,1;0,2;0,1;0,1
21;NL:Q:43430050;Nutterseweg;Ootmarsum;1,1;0,9;0,6;0,2;2,9;0,0
21;NL:Q:43430060;Nutterseweg;Ootmarsum;1,1;1,8;0,4;0,2;2,3;0,1
21;NL:Q:43430070;Bielebelt;Ootmarsum;1,0;0,2;0,0;0,1;0,4;0,1
21;NL:Q:43430080;Bielebelt;Ootmarsum;0,4;1,1;0,1;0,2;0,2;0,2
21;NL:Q:43430090;Denekamperstraat;Ootmarsum;63,1;59,2;9,8;10,2;7,2;5,4
21;NL:Q:43430110;Molenstraat;Ootmarsum;1,5;2,3;0,0;0,0;0,0;0,0
21;NL:Q:43430130;Almelosestraat;Ootmarsum;4,7;1,7;1,1;0,7;0,8;0,6
21;NL:Q:43430140;Almelosestraat;Ootmarsum;1,6;6,9;0,5;1,4;0,6;1,0
21;NL:Q:43430330;Bovenesweg;Vasse;0,0;0,1;0,1;0,0;0,3;0,2
21;NL:Q:43430340;Bovenesweg;Vasse;0,1;0,4;0,1;0,3;0,2;0,0
21;NL:Q:43430350;Vasserweg;Ootmarsum;1,2;2,8;0,2;0,7;0,3;1,2
21;NL:Q:43430360;Vasserweg;Ootmarsum;1,1;0,2;0,4;0,1;0,6;0,0
21;NL:Q:43430510;Laagsestraat;Ootmarsum;0,1;0,8;0,0;0,0;0,0;0,0
21;NL:Q:43430520;Laagsestraat;Ootmarsum;0,2;0,0;0,0;0,0;0,0;0,0
21;NL:Q:43430530;Winhofflaan;Ootmarsum;0,0;0,5;0,0;0,0;0,0;0,0
21;NL:Q:43430540;Winhofflaan;Ootmarsum;0,3;0,0;0,0;0,0;0,0;0,0
21;NL:Q:43430810;Stobbenkamp;Ootmarsum;13,1;4,3;4,9;1,0;4,1;1,0
21;NL:Q:43430820;Stobbenkamp;Ootmarsum;6,1;14,4;2,2;5,4;2,2;3,6
21;NL:Q:43430830;Wolfsbree;Ootmarsum;20,2;10,1;1,9;1,4;1,7;0,3
21;NL:Q:43430840;Wolfsbree;Ootmarsum;11,4;20,5;1,0;2,7;1,4;1,0
21;NL:Q:43430850;Kleinesweg;Ootmarsum;10,1;1,8;1,5;0,5;0,6;0,5
21;NL:Q:43430860;Kleinesweg;Ootmarsum;2,3;10,2;1,0;1,8;0,6;0,9
21;NL:Q:43430870;Enktermorsweg;Ootmarsum;0,0;0,0;0,0;0,1;0,1;0,0
21;NL:Q:43430880;Enktermorsweg;Ootmarsum;0,0;0,1;0,0;0,1;0,1;0,0
21;NL:Q:43430890;Groot Agelo;Ootmarsum;1,2;0,5;0,1;0,0;0,0;0,0
21;NL:Q:43430900;Groot Agelo;Ootmarsum;0,5;1,1;0,0;0,1;0,0;0,1
21;NL:Q:43430910;Voortsweg;Ootmarsum;2,9;0,8;0,5;0,1;0,1;0,1
21;NL:Q:43430920;Voortsweg;Ootmarsum;0,7;2,5;0,1;0,3;0,1;0,2
21;NL:Q:43430930;Agelerbrug;Ootmarsum;0,1;0,1;0,0;0,2;0,1;0,0
21;NL:Q:43430940;Agelerbrug;Ootmarsum;0,2;0,4;0,2;0,3;0,0;0,1
21;NL:Q:43430960;'t Laantje;Ootmarsum;0,1;0,8;0,1;0,2;0,0;0,0
21;NL:Q:43430970;Cafe Groot Agelo;Agelo;0,5;0,0;0,0;0,0;0,0;0,0
21;NL:Q:43430980;Cafe Groot Agelo;Agelo;0,0;0,5;0,0;0,0;0,0;0,0
21;NL:Q:43440070;Businesspark Twente;Almelo;0,4;0,7;0,0;0,0;0,0;0,0
21;NL:Q:43440080;Businesspark Twente;Almelo;0,7;0,7;0,0;0,0;0,0;0,0
21;NL:Q:43450010;Gemeentehuis;Diepenheim;1,7;22,3;0,9;4,7;0,0;0,0
21;NL:Q:43450020;Gemeentehuis;Diepenheim;23,3;1,6;3,5;0,8;0,0;0,0
21;NL:Q:43450030;Warmelo;Diepenheim;0,1;0,5;0,0;0,4;0,0;0,0
21;NL:Q:43450040;Warmelo;Diepenheim;0,4;0,1;0,3;0,1;0,0;0,0
21;NL:Q:43450050;Boszicht;Diepenheim;0,1;0,9;0,0;0,2;0,0;0,0
21;NL:Q:43450090;Lindelaan;Diepenheim;0,8;13,2;0,0;2,1;0,0;0,0
21;NL:Q:43450100;Lindelaan;Diepenheim;13,0;0,3;1,5;0,1;0,0;0,0
21;NL:Q:43450110;Schipbeekbrug;Diepenheim;0,1;2,5;0,2;1,3;0,0;0,0
21;NL:Q:43450120;Schipbeekbrug;Diepenheim;1,8;0,1;0,8;0,0;0,0;0,0
21;NL:Q:43450130;Roesink;Diepenheim;0,0;0,6;0,1;0,1;0,0;0,0
21;NL:Q:43450140;Roesink;Diepenheim;1,0;0,1;0,2;0,1;0,0;0,0
21;NL:Q:43510010;Centraal Station;Almelo;0,1;0,6;0,0;0,0;0,0;0,0
21;NL:Q:43510011;Centraal Station;Almelo;67,7;90,7;6,7;9,5;0,0;0,0
21;NL:Q:43510013;Centraal Station;Almelo;219,1;283,4;37,5;45,2;21,4;14,3
21;NL:Q:43510014;Centraal Station;Almelo;528,9;533,2;120,1;118,5;61,5;48,4
21;NL:Q:43510017;Centraal Station;Almelo;327,7;245,4;72,7;53,9;51,4;32,7
21;NL:Q:43510018;Centraal Station;Almelo;543,6;454,9;87,1;58,4;48,6;50,2
21;NL:Q:43510031;Centrumplein;Almelo;6,0;1,1;2,4;0,5;0,0;0,0
21;NL:Q:43510032;Centrumplein;Almelo;3,6;12,3;1,7;12,6;0,0;0,0
21;NL:Q:43510033;Centrumplein;Almelo;2,3;19,4;1,2;11,1;0,0;0,0
21;NL:Q:43510034;Centrumplein;Almelo;12,1;16,8;10,4;16,2;0,0;0,0
21;NL:Q:43510035;Centrumplein;Almelo;53,9;37,6;35,4;13,8;8,3;4,4
21;NL:Q:43510039;Centrumplein;Almelo;16,6;37,6;17,5;31,1;1,8;9,4
21;NL:Q:43510040;Centrumplein;Almelo;14,9;1,5;13,2;0,3;0,8;0,2
21;NL:Q:43510041;Centrumplein;Almelo;10,6;5,7;2,8;2,4;0,0;0,0
21;NL:Q:43510051;Boddenstraat;Almelo;60,2;4,3;28,7;0,9;5,4;0,5
21;NL:Q:43510052;Boddenstraat;Almelo;1,5;50,8;0,3;38,8;0,1;8,1
21;NL:Q:43510071;Brugstraat;Almelo;5,9;3,6;0,9;0,8;0,9;0,3
21;NL:Q:43510081;Tijhofslaan;Almelo;5,4;8,6;0,8;1,6;0,5;0,8
21;NL:Q:43510091;Vriezebrug;Almelo;6,5;5,2;3,4;0,9;0,8;1,1
21;NL:Q:43510100;Vredeveld;Almelo;27,6;12,4;6,2;2,3;0,0;0,0
21;NL:Q:43510110;De Klokkenbelt;Almelo;1,2;6,6;0,3;3,1;0,4;3,1
21;NL:Q:43510121;De Klokkenbelt;Almelo;9,6;8,8;2,9;2,0;1,9;1,2
21;NL:Q:43510123;;;4,3;1,4;1,1;0,4;0,0;0,0
21;NL:Q:43510130;Brandersweg;Almelo;1,0;7,4;0,3;4,3;0,2;4,2
21;NL:Q:43510140;Brandersweg;Almelo;5,9;1,3;2,9;0,3;0,0;0,0
21;NL:Q:43510150;St. Josephstraat;Almelo;7,8;22,3;4,5;11,4;2,4;6,8
21;NL:Q:43510160;St. Josephstraat;Almelo;20,8;5,0;9,0;2,8;0,0;0,0
21;NL:Q:43510190;Baniersweg;Almelo;2,5;9,4;1,1;3,7;0,9;3,2
21;NL:Q:43510200;Baniersweg;Almelo;9,3;2,6;4,0;0,8;0,0;0,0
21;NL:Q:43510210;Bevrijdingslaan;Almelo;4,6;10,5;1,7;5,1;2,4;3,9
21;NL:Q:43510220;Bevrijdingslaan;Almelo;10,4;3,4;2,6;0,7;0,0;0,0
21;NL:Q:43510230;Koningshoek;Almelo;9,0;5,1;2,1;0,9;0,0;0,0
21;NL:Q:43510240;Keppel;Almelo;6,6;13,7;2,4;4,9;2,2;3,4
21;NL:Q:43510250;Keppel;Almelo;11,7;5,8;2,6;1,0;0,0;0,0
21;NL:Q:43510260;Vredeveld;Almelo;20,4;29,3;7,2;10,2;6,4;7,6
21;NL:Q:43510270;De Eik;Almelo;24,0;13,2;5,0;2,6;0,0;0,0
21;NL:Q:43510280;De Eik;Almelo;24,8;34,8;6,9;10,6;5,6;8,1
21;NL:Q:43510290;De Haere;Almelo;23,9;14,0;7,8;4,7;0,0;0,0
21;NL:Q:43510300;De Haere;Almelo;24,9;28,9;12,8;13,2;7,5;7,5
21;NL:Q:43510310;Wkc Schelfhorst;Almelo;16,1;16,3;3,7;6,1;0,0;0,0
21;NL:Q:43510320;Wkc Schelfhorst;Almelo;26,0;29,6;13,7;13,5;7,2;8,8
21;NL:Q:43510330;Wickenburg;Almelo;8,5;12,1;2,2;4,0;0,0;0,0
21;NL:Q:43510340;Wickenburg;Almelo;18,6;16,7;10,2;9,2;4,6;5,9
21;NL:Q:43510350;Sandenburg;Almelo;6,8;7,5;1,2;3,0;0,0;0,0
21;NL:Q:43510360;Sandenburg;Almelo;15,9;12,1;9,5;5,5;3,8;3,8
21;NL:Q:43510370;Blikkenburg;Almelo;3,0;5,5;0,8;0,9;0,0;0,0
21;NL:Q:43510380;Blikkenburg;Almelo;10,9;7,4;5,3;3,2;2,4;2,0
21;NL:Q:43510390;Rustweg;Almelo;2,3;1,3;1,7;0,8;1,8;1,0
21;NL:Q:43510400;Rustweg;Almelo;1,0;6,0;0,7;1,8;0,0;0,0
21;NL:Q:43510410;Heetveldsweg;Almelo;11,1;4,3;4,8;1,5;4,0;0,8
21;NL:Q:43510411;Heetveldsweg;Almelo;3,2;5,1;0,7;2,2;0,5;0,9
21;NL:Q:43510420;Schelfhorstpark;Almelo;11,9;2,0;8,2;0,8;7,7;0,7
21;NL:Q:43510421;Schelfhorstpark;Almelo;2,4;14,7;1,0;6,7;0,6;1,7
21;NL:Q:43510430;Stadion;Almelo;0,6;16,2;0,2;4,5;0,0;0,0
21;NL:Q:43510440;Stadion;Almelo;12,2;0,8;8,4;0,5;4,6;0,1
21;NL:Q:43510470;Ziekenhuisgroep Twente;Almelo;60,3;47,5;13,8;11,7;7,0;5,6
21;NL:Q:43510480;Ziekenhuisgroep Twente;Almelo;9,5;29,0;1,5;4,0;0,0;0,0
21;NL:Q:43510485;Kalverstraat;Almelo;0,7;6,2;0,0;0,3;0,0;0,0
21;NL:Q:43510495;Kalverstraat;Almelo;0,9;1,4;0,0;0,1;0,0;0,0
21;NL:Q:43510750;Sporthal Rembrandtlaan;Almelo;4,1;22,3;2,1;8,1;0,9;10,7
21;NL:Q:43510751;Sporthal Rembrandtlaan;Almelo;0,8;6,7;0,2;2,9;0,0;0,0
21;NL:Q:43510760;Sporthal Rembrandtlaan;Almelo;22,7;4,6;9,3;1,7;5,3;0,5
21;NL:Q:43510770;Frederik van Eedenstraat;Almelo;6,8;12,6;1,3;2,1;0,6;1,6
21;NL:Q:43510780;Frederik van Eedenstraat;Almelo;15,3;6,2;2,8;1,3;0,9;0,7
21;NL:Q:43510790;Jacob van Ruysdaelstraat;Almelo;1,2;10,5;0,1;4,2;0,0;0,0
21;NL:Q:43510800;Jacob van Ruysdaelstraat;Almelo;11,1;0,7;3,8;0,1;0,0;0,0
21;NL:Q:43510870;Groot Bokhove;Almelo;7,6;2,7;3,2;1,8;1,8;0,9
21;NL:Q:43510880;Groot Bokhove;Almelo;1,3;5,5;1,3;1,4;0,0;0,0
21;NL:Q:43510890;De Wingerd;Almelo;10,1;17,2;4,1;3,9;1,9;1,6
21;NL:Q:43510900;De Wingerd;Almelo;9,0;10,8;3,0;5,0;0,9;2,2
21;NL:Q:43510910;De Koppel;Almelo;18,9;9,3;1,3;3,3;0,5;1,3
21;NL:Q:43510920;De Koppel;Almelo;7,1;6,5;3,4;2,2;1,2;1,1
21;NL:Q:43510960;Koningshoek;Almelo;4,4;11,9;2,1;3,5;1,9;3,3
21;NL:Q:43510970;KSG Canisius;Almelo;4,1;4,0;0,5;0,4;0,0;0,0
21;NL:Q:43511010;Appelstraat;Almelo;3,4;0,5;0,4;0,4;0,0;0,0
21;NL:Q:43511020;Appelstraat;Almelo;0,3;12,8;0,0;1,2;0,0;0,0
21;NL:Q:43511030;Groen van Prinstererstraat;Almelo;0,3;0,1;0,0;0,0;0,0;0,0
21;NL:Q:43511040;Groen van Prinstererstraat;Almelo;0,5;0,4;0,3;0,0;0,0;0,0
21;NL:Q:43511050;Sweelincklaan;Almelo;0,6;3,0;0,3;1,5;0,0;0,0
21;NL:Q:43511060;Sweelincklaan;Almelo;1,7;0,2;0,8;0,0;0,0;0,0
21;NL:Q:43511070;Obrechtstraat;Almelo;0,6;2,7;0,3;0,8;0,0;0,0
21;NL:Q:43511080;Obrechtstraat;Almelo;1,4;0,1;0,4;0,0;0,0;0,0
21;NL:Q:43511090;C. van Renneslaan;Almelo;2,3;7,1;0,8;4,0;0,0;0,0
21;NL:Q:43511100;Paganinistraat;Almelo;6,9;4,5;2,2;1,6;0,0;0,0
21;NL:Q:43511120;Tsjaikowskystraat;Almelo;8,5;8,2;2,2;1,8;0,0;0,0
21;NL:Q:43511140;Haydnlaan;Almelo;5,1;4,4;3,6;2,2;0,0;0,0
21;NL:Q:43511160;Hoog Schuilenburg;Almelo;5,3;4,1;4,5;3,0;0,0;0,0
21;NL:Q:43511200;Sibeliusstraat;Almelo;7,4;6,5;2,0;2,1;0,0;0,0
21;NL:Q:43511210;Nico Werkmanlaan;Almelo;7,3;4,1;0,1;1,6;0,0;0,0
21;NL:Q:43511220;Nico Werkmanlaan;Almelo;3,4;0,2;2,3;0,0;0,0;0,0
21;NL:Q:43511230;Nieuw Witvoet;Almelo;1,0;20,7;0,8;12,1;0,5;9,3
21;NL:Q:43511240;De Taling;Almelo;1,9;10,6;0,7;3,2;1,1;2,6
21;NL:Q:43511270;Vincent van Goghplein;Almelo;23,3;25,4;2,2;10,0;0,0;0,0
21;NL:Q:43511280;Vincent van Goghplein;Almelo;21,2;2,3;8,8;0,7;0,0;0,0
21;NL:Q:43511290;ROC De Sumpel;Almelo;0,6;123,5;0,0;3,6;0,0;0,0
21;NL:Q:43511300;ROC De Sumpel;Almelo;84,9;0,3;1,5;0,0;0,0;0,0
21;NL:Q:43511310;De Ara;Almelo;12,9;10,0;6,7;4,1;3,1;2,7
21;NL:Q:43511320;De Ara;Almelo;8,5;8,0;1,2;2,5;0,0;0,0
21;NL:Q:43511330;De Taling;Almelo;14,3;2,3;2,4;0,2;0,0;0,0
21;NL:Q:43511340;De Boerenzwaluw;Almelo;9,8;8,2;2,2;1,6;0,0;0,0
21;NL:Q:43511350;De Boerenzwaluw;Almelo;12,9;11,6;5,2;4,9;3,1;3,6
21;NL:Q:43511360;Wkc Windmolenbroek;Almelo;19,6;18,1;5,2;6,6;0,0;0,0
21;NL:Q:43511370;Wkc Windmolenbroek;Almelo;22,4;24,7;12,3;11,4;6,8;8,0
21;NL:Q:43511380;De Hop;Almelo;17,8;10,4;4,6;2,7;0,0;0,0
21;NL:Q:43511390;De Hop;Almelo;14,4;18,9;7,9;9,7;4,6;5,6
21;NL:Q:43511400;De Kolibrie;Almelo;8,1;9,7;3,4;3,9;4,1;3,9
21;NL:Q:43511410;De Kolibrie;Almelo;10,4;6,5;2,2;1,8;0,0;0,0
21;NL:Q:43511460;Nieuw Witvoet;Almelo;13,0;0,6;2,6;0,2;0,0;0,0
21;NL:Q:43511480;Betuining;Almelo;18,6;10,9;0,6;0,1;0,0;0,0
21;NL:Q:43511490;Betuining;Almelo;7,1;19,1;0,0;1,0;0,0;0,0
21;NL:Q:43511500;Grand Canal;Almelo;6,9;0,4;1,0;0,2;0,0;0,0
21;NL:Q:43511510;Grand Canal;Almelo;0,2;6,0;0,1;1,4;0,0;0,0
21;NL:Q:43511530;De Specht;Almelo;2,1;9,0;1,1;2,5;1,1;0,9
21;NL:Q:43511531;De Specht;Almelo;8,4;3,8;1,0;0,3;0,0;0,0
21;NL:Q:43511550;De Mees;Almelo;8,2;9,7;2,8;4,2;2,2;3,1
21;NL:Q:43511560;De Mees;Almelo;9,5;5,8;2,0;1,1;0,0;0,0
21;NL:Q:43511570;De Putter;Almelo;8,0;15,5;2,6;5,5;2,4;3,5
21;NL:Q:43511580;De Putter;Almelo;16,2;7,9;3,3;1,6;0,0;0,0
21;NL:Q:43511591;Buurstede;Almelo;8,4;11,0;2,6;5,0;0,7;0,8
21;NL:Q:43511593;Buurstede;Almelo;5,1;1,6;0,6;0,4;0,3;0,4
21;NL:Q:43511602;Buurstede;Almelo;12,0;12,6;5,3;4,2;3,1;1,6
21;NL:Q:43511610;De Patrijs;Almelo;5,9;12,8;1,8;4,2;3,4;3,9
21;NL:Q:43511620;De Patrijs;Almelo;18,8;10,1;2,9;1,4;0,0;0,0
21;NL:Q:43511640;Woonboulevard;Almelo;20,3;8,8;5,3;2,8;2,5;1,4
21;NL:Q:43511650;Woonboulevard;Almelo;2,6;40,9;0,7;2,4;0,0;0,0
21;NL:Q:43511670;Zwaluwenstraat;Almelo;1,5;0,5;0,5;0,0;0,0;0,0
21;NL:Q:43511680;Zwaluwenstraat;Almelo;0,4;2,3;0,4;2,1;0,0;0,0
21;NL:Q:43511690;Wondestraat;Almelo;3,8;1,9;1,1;0,2;0,0;0,0
21;NL:Q:43511700;Wondestraat;Almelo;1,8;3,6;0,1;0,9;0,0;0,0
21;NL:Q:43511710;Frans Halsstraat;Almelo;1,3;7,9;0,2;2,2;0,0;0,0
21;NL:Q:43511720;Frans Halsstraat;Almelo;13,3;1,2;3,1;0,3;0,0;0,0
21;NL:Q:43511730;Ten Dam;Almelo;6,1;4,0;0,0;0,1;0,0;0,0
21;NL:Q:43511740;Ten Dam;Almelo;3,2;6,0;0,0;0,1;0,0;0,0
21;NL:Q:43511750;Pergola;Almelo;2,7;0,2;0,3;0,1;0,0;0,0
21;NL:Q:43511760;Pergola;Almelo;0,4;2,3;0,0;0,3;0,0;0,0
21;NL:Q:43512051;De Klokkenbelt;Almelo;7,7;11,1;0,9;2,6;0,4;0,6
21;NL:Q:43512060;Viaduct;Almelo;4,2;3,3;0,1;0,2;0,0;0,0
21;NL:Q:43512070;Elsboerlaan;Almelo;23,3;4,9;0,9;1,2;0,3;0,8
21;NL:Q:43512080;Elsboerlaan;Almelo;5,7;23,5;2,6;1,2;1,0;0,9
21;NL:Q:43512090;Meulenbeldlaan;Almelo;0,4;4,7;0,1;1,5;0,0;0,8
21;NL:Q:43512100;Meulenbeldlaan;Almelo;4,2;0,6;1,1;0,1;0,8;0,0
21;NL:Q:43512110;Huize Alexandra;Almelo;1,0;10,6;0,6;4,0;0,2;3,4
21;NL:Q:43512120;Huize Alexandra;Almelo;14,1;0,9;6,0;0,6;3,2;0,1
21;NL:Q:43512130;Het Meulenbelt;Almelo;3,3;10,0;0,4;2,2;0,1;2,2
21;NL:Q:43512140;Het Meulenbelt;Almelo;13,8;3,2;3,5;0,2;2,4;0,1
21;NL:Q:43512160;Oostermaatweg;Vriezenveen;0,2;1,1;0,0;0,0;0,1;0,0
21;NL:Q:43512170;Markgraven;Almelo;1,3;10,6;0,1;2,1;0,1;0,9
21;NL:Q:43512180;Markgraven;Almelo;11,6;1,7;1,5;0,2;0,6;0,3
21;NL:Q:43512190;Karelskamp;Almelo;8,1;3,9;0,4;0,2;0,1;1,5
21;NL:Q:43512200;Karelskamp;Almelo;3,3;7,8;0,2;0,1;0,1;0,1
21;NL:Q:43512210;Oude Veemarkt;Almelo;5,2;3,1;1,5;0,8;0,6;0,3
21;NL:Q:43512220;Oude Veemarkt;Almelo;2,0;4,6;0,4;1,5;0,6;0,4
21;NL:Q:43512230;Violierstraat;Almelo;5,2;16,5;1,5;7,6;1,4;10,2
21;NL:Q:43512240;Violierstraat;Almelo;11,8;4,1;6,0;2,1;3,7;1,1
21;NL:Q:43512250;De Kei;Almelo;1,9;2,3;0,5;0,5;0,2;0,4
21;NL:Q:43512260;De Kei;Almelo;3,9;1,9;1,4;0,6;1,5;0,3
21;NL:Q:43512270;Planthofsweg;Almelo;2,9;3,2;0,1;0,1;0,0;0,1
21;NL:Q:43512280;Planthofsweg;Almelo;2,6;3,8;0,0;0,1;0,1;0,1
21;NL:Q:43512310;De Niendure;Almelo;0,2;0,6;0,0;0,0;0,0;0,1
21;NL:Q:43512320;De Niendure;Almelo;0,1;0,1;0,1;0,0;0,0;0,0
21;NL:Q:43512340;Mastboersweg;Almelo;0,3;0,4;0,1;0,0;0,0;0,0
21;NL:Q:43512410;Koningshoek;Almelo;9,7;10,7;1,6;2,5;0,8;0,8
21;NL:Q:43512420;Koningshoek;Almelo;12,9;7,7;2,9;1,4;1,4;0,8
21;NL:Q:43512430;Robbenhaarsweg;Almelo;0,5;5,9;0,2;1,6;0,4;0,4
21;NL:Q:43512440;Robbenhaarsweg;Almelo;7,0;0,5;1,1;0,2;0,4;0,4
21;NL:Q:43512450;Mariaparochie;Almelo;0,6;2,8;0,1;0,6;0,2;0,8
21;NL:Q:43512460;Mariaparochie;Almelo;1,5;0,6;0,3;0,2;0,4;0,2
21;NL:Q:43512470;Kampkuiper;Harbrinkhoek;0,7;10,6;0,2;1,7;0,4;0,6
21;NL:Q:43512480;Kampkuiper;Harbrinkhoek;12,2;0,5;0,8;0,1;0,8;0,3
21;NL:Q:43512490;Frielinkstraat;Harbrinkhoek;0,7;10,5;0,6;0,5;0,2;0,4
21;NL:Q:43512500;Frielinkstraat;Harbrinkhoek;11,5;0,8;0,4;0,3;0,4;0,2
21;NL:Q:43512510;Mariaparochie;Almelo;0,5;3,7;0,1;0,8;0,0;0,0
21;NL:Q:43512520;Mariaparochie;Almelo;3,3;0,7;0,7;0,1;0,0;0,0
21;NL:Q:43512540;Mekkelenberg;Albergen;1,5;0,3;0,2;0,0;0,0;0,0
21;NL:Q:43512550;Leuvinksveld;Harbrinkhoek;0,2;4,1;0,1;0,3;0,1;0,3
21;NL:Q:43512560;Leuvinksveld;Harbrinkhoek;4,7;0,2;0,4;0,1;0,3;0,1
21;NL:Q:43512610;Bellavistastraat;Almelo;0,4;38,3;0,0;0,6;0,0;0,0
21;NL:Q:43512611;Bellavistastraat;Almelo;11,8;0,8;0,5;0,2;0,0;0,0
21;NL:Q:43512670;Bavinkelsweg;Almelo;0,6;1,8;0,0;0,0;0,0;0,0
21;NL:Q:43512680;Bavinkelsweg;Almelo;1,7;0,6;0,0;0,1;0,1;0,0
21;NL:Q:43512790;Sluisweg;Almelo;1,7;0,1;0,0;0,0;0,0;0,0
21;NL:Q:43512810;Noordikslaan;Almelo;0,1;5,1;0,0;0,0;0,0;0,0
21;NL:Q:43512830;Van Riemsdijkweg;Almelo;0,1;0,2;0,0;0,1;0,0;0,0
21;NL:Q:43512840;Van Riemsdijkweg;Almelo;0,2;0,1;0,0;0,0;0,0;0,0
21;NL:Q:43512850;Van den Broekeweg;Almelo;0,9;15,2;0,0;0,3;0,0;0,0
21;NL:Q:43512860;Van den Broekeweg;Almelo;15,9;1,2;0,4;0,1;0,0;0,0
21;NL:Q:43512870;Beatrix de Rijkweg;Almelo;0,6;6,8;0,0;0,2;0,0;0,0
21;NL:Q:43512880;Beatrix de Rijkweg;Almelo;0,9;0,2;0,0;0,0;0,0;0,0
21;NL:Q:43512950;Valeriusstraat;Almelo;4,6;2,9;0,4;0,2;0,0;0,0
21;NL:Q:43514010;Egbert ten Catelaan;Almelo;1,1;18,8;0,1;0,8;0,0;0,0
21;NL:Q:43514020;Egbert ten Catelaan;Almelo;11,3;2,1;0,7;0,2;0,0;0,0
21;NL:Q:43530010;De Viersprong;Tubbergen;0,7;1,3;0,4;0,5;0,2;0,4
21;NL:Q:43530030;Boakenkampsweg;Vasse;0,2;0,6;0,1;0,1;0,0;0,0
21;NL:Q:43530040;Boakenkampsweg;Vasse;0,8;0,3;0,1;0,1;0,2;0,0
21;NL:Q:43530050;Bolscher;Vasse;3,7;7,6;0,3;1,2;0,6;0,8
21;NL:Q:43530060;Bolscher;Vasse;7,7;3,1;0,7;0,8;1,1;0,2
21;NL:Q:43530070;R.K. Kerk;Vasse;7,0;8,8;0,8;1,9;1,1;1,8
21;NL:Q:43530080;R.K. Kerk;Vasse;8,4;6,7;1,8;1,3;2,6;0,8
21;NL:Q:43530100;Oosterveldsweg;Vasse;0,8;0,8;0,0;0,2;0,0;0,0
21;NL:Q:43550280;R.K. Kerk;Reutum;2,2;1,5;0,0;0,0;0,0;0,0
21;NL:Q:43550310;Agelerweg;Reutum;0,0;0,1;0,0;0,0;0,0;0,0
21;NL:Q:43550320;Agelerweg;Reutum;0,1;0,3;0,0;0,0;0,0;0,0
21;NL:Q:43560012;Herman Heijermansstraat;Goor;14,0;1,7;1,8;0,3;0,0;0,0
21;NL:Q:43560014;Herman Heijermansstraat;Goor;0,8;14,3;0,5;1,7;0,0;0,0
21;NL:Q:43560020;Station;Goor;67,4;78,3;14,2;7,8;0,0;0,0
21;NL:Q:43560050;School;Elsenerbroek;0,1;0,1;0,0;0,0;0,0;0,0
21;NL:Q:43560060;School;Elsenerbroek;0,1;0,3;0,0;0,0;0,0;0,0
21;NL:Q:43560070;Korte Dijk;Goor;0,6;3,9;0,0;0,4;0,0;0,0
21;NL:Q:43560080;Korte Dijk;Goor;3,8;1,4;0,4;0,3;0,0;0,0
21;NL:Q:43560121;Station;Goor;85,1;64,2;13,4;9,9;0,0;0,0
21;NL:Q:43560125;Station;Goor;102,9;62,1;18,5;10,2;0,0;0,0
21;NL:Q:43560126;Station;Goor;64,1;99,6;14,3;14,0;0,0;0,0
21;NL:Q:43560130;Oad garage;Goor;5,4;2,3;0,7;0,2;0,0;0,0
21;NL:Q:43560140;Oad garage;Goor;2,2;6,6;0,2;0,8;0,0;0,0
21;NL:Q:43560210;Hazenkamp;Herikerberg;0,6;0,5;0,3;0,2;0,0;0,0
21;NL:Q:43560230;Jachtlust;Goor;6,3;14,4;0,9;0,7;0,0;0,0
21;NL:Q:43560240;Jachtlust;Goor;15,3;7,1;0,8;1,2;0,0;0,0
21;NL:Q:43560250;Huishoudschool;Goor;1,5;10,1;0,5;0,7;0,0;0,0
21;NL:Q:43560260;Huishoudschool;Goor;9,5;1,6;0,6;0,3;0,0;0,0
21;NL:Q:43560350;Reggebrug;Elsenerbroek;0,2;0,1;0,0;0,0;0,0;0,0
21;NL:Q:43560360;Reggebrug;Elsenerbroek;0,1;0,2;0,0;0,1;0,0;0,0
21;NL:Q:43560370;Zomerweg;Goor;2,1;1,3;0,0;0,0;0,0;0,0
21;NL:Q:43560380;Zomerweg;Goor;1,1;2,5;0,0;0,1;0,0;0,0
21;NL:Q:43560490;Kevelhamlaan;Goor;0,4;0,1;0,2;0,0;0,0;0,0
21;NL:Q:43560500;Kevelhamlaan;Goor;0,1;0,1;0,0;0,1;0,0;0,0
21;NL:Q:43560510;Ripperda;Goor;0,0;0,4;0,0;0,2;0,0;0,0
21;NL:Q:43560520;Ripperda;Goor;0,1;0,0;0,1;0,0;0,0;0,0
21;NL:Q:43560540;Boszicht;Diepenheim;0,7;0,1;0,1;0,0;0,0;0,0
21;NL:Q:43560610;Wiener Bentelerscheidingsweg;Goor;0,2;1,5;0,0;0,4;0,0;0,0
21;NL:Q:43560620;Wiener Bentelerscheidingsweg;Goor;1,2;0,2;0,0;0,1;0,0;0,0
21;NL:Q:43590010;Oostermaatweg;Vriezenveen;0,6;5,3;0,0;1,7;0,0;1,5
21;NL:Q:43590030;De Zuivering;Vriezenveen;1,0;5,3;0,2;0,9;0,0;0,7
21;NL:Q:43590040;De Zuivering;Vriezenveen;2,2;0,3;0,2;0,0;0,0;0,0
21;NL:Q:43590050;Zuivelfabriek;Vriezenveen;3,6;10,2;0,1;1,6;0,1;1,5
21;NL:Q:43590060;Zuivelfabriek;Vriezenveen;10,6;5,4;2,0;0,4;1,3;0,0
21;NL:Q:43590070;'t Midden;Vriezenveen;15,1;28,3;1,1;3,1;0,5;2,5
21;NL:Q:43590080;'t Midden;Vriezenveen;28,8;14,3;3,4;1,2;1,9;0,4
21;NL:Q:43590100;Westerveenweg;Vriezenveen;0,2;0,3;0,1;0,0;0,0;0,0
21;NL:Q:43590210;Sluisweg;Almelo;0,1;2,1;0,0;0,1;0,0;0,0
21;NL:Q:43590230;Albardastraat;Aadorp;0,2;8,3;0,2;0,9;0,0;0,0
21;NL:Q:43590240;Albardastraat;Aadorp;8,7;0,2;0,7;0,1;0,0;0,0
21;NL:Q:43590250;Berkenlaan;Aadorp;0,1;2,9;0,0;0,4;0,0;0,0
21;NL:Q:43590260;Berkenlaan;Aadorp;2,8;0,2;0,3;0,0;0,0;0,0
21;NL:Q:43590270;Peppellaan;Aadorp;0,6;4,2;0,0;1,4;0,0;0,0
21;NL:Q:43590280;Peppellaan;Aadorp;5,5;0,5;2,0;0,0;0,0;0,0
21;NL:Q:43590300;De Merel;Vriezenveen;9,4;0,1;1,2;0,0;0,0;0,0
21;NL:Q:43590310;Westerweilandweg;Vriezenveen;0,0;7,1;0,0;0,9;0,0;0,0
21;NL:Q:43590320;Westerweilandweg;Vriezenveen;9,1;0,0;1,2;0,0;0,0;0,0
21;NL:Q:43590330;De Nachtegaal;Vriezenveen;0,1;9,7;0,0;1,4;0,0;0,0
21;NL:Q:43590340;De Nachtegaal;Vriezenveen;13,2;0,1;2,3;0,0;0,0;0,0
21;NL:Q:43590540;Prinsenweg;Vriezenveen;2,7;0,0;0,4;0,0;0,0;0,0
21;NL:Q:43590550;Prinsenweg;Vriezenveen;0,1;1,5;0,1;0,4;0,0;0,0
21;NL:Q:43590700;Nieuwe Daarlerveenseweg;Vriezenveen;5,9;4,8;0,9;0,7;0,0;0,0
21;NL:Q:43590740;Karel Schaapstraat;Vriezenveen;18,9;0,0;1,8;0,0;0,0;0,0
21;NL:Q:43590750;Karel Schaapstraat;Vriezenveen;0,2;15,9;0,1;1,5;0,0;0,0
21;NL:Q:43590760;Broekland;Vriezenveen;7,5;0,1;1,2;0,0;0,0;0,0
21;NL:Q:43590770;Broekland;Vriezenveen;0,0;5,8;0,0;0,6;0,0;0,0
21;NL:Q:43590800;Petersburgstraat;Vriezenveen;16,8;0,2;2,4;0,0;0,0;0,0
21;NL:Q:43590810;Petersburgstraat;Vriezenveen;0,2;16,4;0,1;2,5;0,0;0,0
21;NL:Q:43598290;De Merel;Vriezenveen;0,1;8,6;0,0;1,3;0,0;0,0
21;NL:Q:43621010;N.H. Kerk;Wierden;3,1;2,6;1,4;1,1;0,0;0,0
21;NL:Q:43621020;N.H. Kerk;Wierden;0,2;4,2;0,0;1,0;0,0;0,0
21;NL:Q:43621030;Nijstad;Notter;0,5;0,2;0,0;0,0;0,0;0,0
21;NL:Q:43621040;Nijstad;Notter;0,2;0,3;0,1;0,0;0,0;0,0
21;NL:Q:43621050;Klokkendijk;Rijssen;1,2;0,2;0,1;0,1;0,0;0,0
21;NL:Q:43621070;Grimberg;Nijstad;0,0;0,3;0,2;0,1;0,0;0,0
21;NL:Q:43621080;Grimberg;Nijstad;0,1;0,0;0,3;0,2;0,0;0,0
21;NL:Q:43621130;Enterweg;Wierden;0,8;0,1;0,2;0,2;0,0;0,0
21;NL:Q:43621140;Enterweg;Wierden;0,4;0,3;0,0;0,2;0,0;0,0
21;NL:Q:43621170;Smeijerskampstraat;Wierden;2,4;3,8;0,5;1,2;0,0;0,0
21;NL:Q:43621180;Smeijerskampstraat;Wierden;3,2;1,9;0,8;0,1;0,0;0,0
21;NL:Q:43621190;Akeleistraat;Wierden;2,2;1,5;0,6;0,1;0,0;0,0
21;NL:Q:43621200;Akeleistraat;Wierden;4,5;1,7;1,1;0,2;0,0;0,0
21;NL:Q:43621210;Aadorpsweg;Wierden;2,5;1,6;0,2;0,1;0,0;0,0
21;NL:Q:43621220;Aadorpsweg;Wierden;3,4;3,1;0,4;0,4;0,0;0,0
21;NL:Q:43630010;Manderveenseweg;Tubbergen;0,2;2,5;0,0;0,2;0,1;0,2
21;NL:Q:43630060;Bruno van Ommenstraat;Tubbergen;20,6;14,1;2,1;0,8;0,8;0,7
21;NL:Q:43630070;Julianastraat;Tubbergen;4,9;9,4;0,9;3,0;0,7;1,6
21;NL:Q:43630080;Julianastraat;Tubbergen;20,1;14,1;3,5;2,1;2,0;0,7
21;NL:Q:43630090;Binnenveldsweg;Tubbergen;5,7;27,6;0,8;4,2;0,7;3,2
21;NL:Q:43630100;Binnenveldsweg;Tubbergen;31,0;4,5;3,1;0,8;4,2;0,6
21;NL:Q:43630110;Haarboersweg;Tubbergen;0,1;0,5;0,1;0,6;0,0;0,2
21;NL:Q:43630120;Haarboersweg;Tubbergen;0,4;0,1;0,3;0,0;0,8;0,1
21;NL:Q:43630140;De Viersprong;Tubbergen;1,2;1,1;0,4;0,7;0,5;0,5
21;NL:Q:43630150;Almeloseweg;Tubbergen;2,2;24,0;0,4;4,4;0,4;3,5
21;NL:Q:43630160;Almeloseweg;Tubbergen;35,3;11,5;5,9;1,3;3,8;0,4
21;NL:Q:43630410;Veendijk;Manderveen;0,0;0,0;0,0;0,0;0,0;0,0
21;NL:Q:43630420;Veendijk;Manderveen;0,0;0,0;0,0;0,0;0,0;0,0
21;NL:Q:43630430;Broekdijk;Manderveen;0,0;0,0;0,0;0,0;0,0;0,0
21;NL:Q:43630530;Driesprong;Bruinehaar;1,5;0,7;0,0;0,0;0,0;0,0
21;NL:Q:43630570;Wiekslag;Tubbergen;25,4;26,0;2,1;3,8;0,0;0,0
21;NL:Q:43630680;Slutkeboer;Manderveen;0,0;0,1;0,0;0,0;0,0;0,0
21;NL:Q:43630690;Slutkeboer;Manderveen;0,0;0,0;0,0;0,0;0,0;0,0
21;NL:Q:43630700;Bruno van Ommenstraat;Tubbergen;3,3;11,6;0,4;1,8;0,6;1,2
21;NL:Q:43630710;Nijverheidsstraat;Tubbergen;0,5;1,7;0,0;0,4;0,0;0,0
21;NL:Q:43630720;Marconistraat;Tubbergen;0,7;1,1;0,0;0,3;0,0;0,0
21;NL:Q:43640010;Handelsstraat;Hardenberg;1,2;0,6;0,0;0,0;0,0;0,0
21;NL:Q:43640020;Handelsstraat;Hardenberg;0,2;0,8;0,0;0,0;0,0;0,0
21;NL:Q:43640030;Wavin;Hardenberg;0,6;0,2;0,0;0,0;0,0;0,0
21;NL:Q:43640040;Wavin;Hardenberg;0,1;0,4;0,0;0,0;0,0;0,0
21;NL:Q:43640050;Ziekenhuis;Hardenberg;1,4;3,5;0,0;0,0;0,0;0,0
21;NL:Q:43640060;Ziekenhuis;Hardenberg;1,5;0,5;0,0;0,0;0,0;0,0
21;NL:Q:43640070;Station;Hardenberg;89,7;79,5;0,0;0,0;0,0;0,0
21;NL:Q:43640180;Bruchterbeekweg;Hardenberg;0,2;0,3;0,0;0,0;0,0;0,0
21;NL:Q:43640370;De Nieuwe Haven;Hardenberg;1,2;3,2;0,0;0,0;0,0;0,0
21;NL:Q:43640380;De Nieuwe Haven;Hardenberg;3,5;2,1;0,0;0,0;0,0;0,0
21;NL:Q:43640390;Waterinkschool;Hardenberg;0,0;0,0;0,0;0,0;0,0;0,0
21;NL:Q:43640397;Centrum;Hardenberg;3,2;4,5;0,0;0,0;0,0;0,0
21;NL:Q:43640540;Gemeentehuis;Hardenberg;0,1;0,1;0,0;0,0;0,0;0,0
21;NL:Q:43650010;Viersprong;Fleringen;43,6;41,8;4,9;5,3;0,0;0,0
21;NL:Q:43650210;Hagveldsweg;Fleringen;0,1;0,2;0,0;0,0;0,0;0,0
21;NL:Q:43650220;Hagveldsweg;Fleringen;0,1;0,0;0,0;0,0;0,0;0,0
21;NL:Q:43650230;Kanaal;Fleringen;1,7;1,2;0,1;0,2;0,0;0,0
21;NL:Q:43650240;Kanaal;Fleringen;1,2;1,5;0,2;0,0;0,0;0,0
21;NL:Q:43650250;Oude Almelosedijk;Fleringen;0,5;0,8;0,4;0,2;0,0;0,0
21;NL:Q:43650260;Oude Almelosedijk;Fleringen;0,6;0,6;0,3;0,4;0,0;0,0
21;NL:Q:43650280;Bornsestraat;Weerselo;0,3;0,5;0,3;0,2;0,0;0,0
21;NL:Q:43650290;Herinckhaveweg;Fleringen;0,2;0,4;0,0;0,1;0,0;0,0
21;NL:Q:43660010;Herikerberg;Herikerberg;0,3;0,5;0,3;0,1;0,0;0,0
21;NL:Q:43660020;Herikerberg;Herikerberg;0,6;0,5;0,1;0,5;0,0;0,0
21;NL:Q:43660030;Burg. de Beaufortplein;Markelo;16,3;7,0;3,7;1,2;0,0;0,0
21;NL:Q:43660040;Burg. de Beaufortplein;Markelo;7,3;16,1;1,0;5,0;0,0;0,0
21;NL:Q:43660050;Hessenheem;Herikerberg;4,9;2,0;0,9;0,4;0,0;0,0
21;NL:Q:43660060;Hessenheem;Herikerberg;1,9;6,4;0,2;1,6;0,0;0,0
21;NL:Q:43660070;Cafe De Poppe;Markelo;2,5;1,1;1,1;0,4;0,0;0,0
21;NL:Q:43660090;Krabbenbos;Markelo;0,7;0,2;0,1;0,0;0,0;0,0
21;NL:Q:43660100;Krabbenbos;Markelo;0,1;0,8;0,1;0,3;0,0;0,0
21;NL:Q:43660110;Larenseweg;Markelo;5,5;7,3;1,2;0,8;0,0;0,0
21;NL:Q:43660120;Larenseweg;Markelo;7,2;4,6;0,9;1,0;0,0;0,0
21;NL:Q:43660130;De Koekoek;Markelo;26,9;9,1;2,8;1,1;0,0;0,0
21;NL:Q:43660140;De Koekoek;Markelo;8,4;24,9;1,0;2,4;0,0;0,0
21;NL:Q:43660160;Hazenkamp;Herikerberg;0,4;0,5;0,2;0,3;0,0;0,0
21;NL:Q:43690450;Haarakkersweg;Langeveen;0,0;0,5;0,0;0,0;0,0;0,0
21;NL:Q:43690460;Haarakkersweg;Langeveen;0,8;0,0;0,0;0,0;0,0;0,0
21;NL:Q:43690480;Dwarsstraat;Langeveen;0,1;0,0;0,0;0,0;0,0;0,0
21;NL:Q:43690490;Dwarsstraat;Langeveen;0,0;0,5;0,0;0,0;0,0;0,0
21;NL:Q:43690500;Cafe Nobbenhuis;Langeveen;2,0;0,0;0,0;0,0;0,0;0,0
21;NL:Q:43690510;R.K. Kerk;Langeveen;1,4;0,7;0,0;0,0;0,0;0,0
21;NL:Q:43690520;R.K. Kerk;Langeveen;0,0;1,4;0,0;0,0;0,0;0,0
21;NL:Q:43690530;Cafe Nobbenhuis;Langeveen;0,0;2,0;0,0;0,0;0,0;0,0
21;NL:Q:43720260;Station;Nijverdal;60,3;56,8;19,2;14,8;0,0;0,0
21;NL:Q:43720261;Station;Nijverdal;87,3;79,8;7,9;6,6;0,0;0,0
21;NL:Q:43720270;Spoorstraat;Nijverdal;0,1;2,4;0,0;0,5;0,0;0,0
21;NL:Q:43720280;Spoorstraat;Nijverdal;1,8;0,2;0,4;0,0;0,0;0,0
21;NL:Q:43720290;Gemeentehuis;Nijverdal;3,7;0,2;1,1;0,1;0,0;0,0
21;NL:Q:43720300;Gemeentehuis;Nijverdal;0,0;2,9;0,0;0,7;0,0;0,0
21;NL:Q:43720310;Molenweg;Nijverdal;1,5;0,3;0,3;0,0;0,0;0,0
21;NL:Q:43720320;Molenweg;Nijverdal;0,1;2,3;0,0;1,0;0,0;0,0
21;NL:Q:43720490;Ereprijs;Nijverdal;15,6;0,5;5,7;0,1;0,0;0,0
21;NL:Q:43720500;Ereprijs;Nijverdal;0,4;16,7;0,1;4,4;0,0;0,0
21;NL:Q:43720570;Helmkruidlaan;Nijverdal;1,8;0,4;0,1;0,1;0,0;0,0
21;NL:Q:43720580;Helmkruidlaan;Nijverdal;0,2;2,4;0,0;0,2;0,0;0,0
21;NL:Q:43720630;Polhaarweg;Nijverdal;7,4;0,1;1,1;0,1;0,0;0,0
21;NL:Q:43720640;Polhaarweg;Nijverdal;0,3;6,3;0,1;0,8;0,0;0,0
21;NL:Q:43720810;Sporthal;Nijverdal;2,8;0,7;0,3;0,2;0,0;0,0
21;NL:Q:43720820;Sporthal;Nijverdal;0,4;3,4;0,1;0,2;0,0;0,0
21;NL:Q:43720830;Helmerink;Nijverdal;5,9;4,9;0,1;0,6;0,0;0,0
21;NL:Q:43720840;Helmerink;Nijverdal;5,1;4,7;0,2;0,3;0,0;0,0
21;NL:Q:43720920;Bolink;Nijverdal;0,8;0,7;0,4;0,7;0,0;0,0
21;NL:Q:43720970;Centrum;Nijverdal;1,2;1,8;1,3;1,6;0,0;0,0
21;NL:Q:43721050;Bergleidingweg;Nijverdal;2,0;6,9;0,4;1,0;0,0;0,0
21;NL:Q:43721060;Bergleidingweg;Nijverdal;7,1;2,1;0,8;0,8;0,0;0,0
21;NL:Q:43721070;Buitencentrum;Nijverdal;0,2;0,5;0,0;0,0;0,0;0,0
21;NL:Q:43730050;Veeneggeweg;Harbrinkhoek;0,0;1,1;0,0;0,1;0,0;0,0
21;NL:Q:43730060;Veeneggeweg;Harbrinkhoek;1,2;0,0;0,2;0,0;0,0;0,0
21;NL:Q:43730070;Landriteweg;Geesteren;0,1;0,8;0,0;0,0;0,0;0,1
21;NL:Q:43730080;Landriteweg;Geesteren;0,5;0,1;0,0;0,0;0,1;0,0
21;NL:Q:43730090;Geesterseveldweg;Geesteren;0,1;2,8;0,0;0,3;0,0;0,1
21;NL:Q:43730100;Geesterseveldweg;Geesteren;3,2;0,0;0,0;0,0;0,2;0,0
21;NL:Q:43730110;Poolsweg;Geesteren;0,1;1,5;0,0;0,2;0,0;0,1
21;NL:Q:43730120;Poolsweg;Geesteren;1,6;0,2;0,1;0,0;0,2;0,1
21;NL:Q:43730130;Lutkeberg;Geesteren;2,5;27,4;0,7;2,0;0,3;1,1
21;NL:Q:43730140;Lutkeberg;Geesteren;29,1;2,6;1,8;0,6;2,2;0,1
21;NL:Q:43730150;Dorpsstraat;Geesteren;1,5;18,6;0,1;2,0;0,1;1,4
21;NL:Q:43730160;Dorpsstraat;Geesteren;18,4;2,2;1,2;0,3;1,8;0,2
21;NL:Q:43730170;Mensinkkamp;Geesteren;1,4;6,3;0,3;0,9;0,2;0,7
21;NL:Q:43730180;Mensinkkamp;Geesteren;8,2;1,8;0,8;0,3;0,9;0,3
21;NL:Q:43730190;Volmersweg;Geesteren;0,2;2,3;0,1;0,4;0,1;0,3
21;NL:Q:43730200;Volmersweg;Geesteren;2,8;0,8;0,1;0,1;0,4;0,1
21;NL:Q:43730210;Knoefbakker;Geesteren;0,6;14,8;0,1;0,7;0,2;0,7
21;NL:Q:43730212;Knoefbakker;Geesteren;3,2;0,2;0,0;0,0;0,0;0,0
21;NL:Q:43730220;Knoefbakker;Geesteren;15,8;3,2;0,5;0,1;1,1;0,1
21;NL:Q:43730240;Manderveenseweg;Tubbergen;2,4;0,3;0,2;0,0;0,3;0,1
21;NL:Q:43730250;Voshaarweg;Harbrinkhoek;0,4;2,1;0,3;0,3;0,1;0,5
21;NL:Q:43730260;Voshaarweg;Harbrinkhoek;2,3;0,5;0,3;0,2;0,2;0,1
21;NL:Q:43740010;Hammerdijk;Vroomshoop;0,1;0,5;0,0;0,0;0,0;0,0
21;NL:Q:43740020;Pres. Kennedystraat;Vroomshoop;11,0;7,9;1,2;0,5;0,0;0,0
21;NL:Q:43740030;Pres. Kennedystraat;Vroomshoop;13,0;13,9;0,8;0,9;0,0;0,0
21;NL:Q:43740050;Sallandia;Vroomshoop;0,2;0,1;0,0;0,0;0,0;0,0
21;NL:Q:43740060;Sallandia;Vroomshoop;0,1;0,0;0,0;0,0;0,0;0,0
21;NL:Q:43740070;Dalvoorderslag;Vroomshoop;0,2;1,5;0,0;0,0;0,0;0,0
21;NL:Q:43740080;Dalvoorderslag;Vroomshoop;1,5;0,4;0,0;0,0;0,0;0,0
21;NL:Q:43740090;Tonnendijk;Vroomshoop;3,4;9,2;0,6;0,6;0,0;0,0
21;NL:Q:43740100;Tonnendijk;Vroomshoop;9,5;3,9;0,5;0,3;0,0;0,0
21;NL:Q:43740130;Beatrixstraat;Vroomshoop;8,5;9,6;0,8;1,1;0,0;0,0
21;NL:Q:43740140;Beatrixstraat;Vroomshoop;6,5;8,5;0,6;1,4;0,0;0,0
21;NL:Q:43740180;Zwembad;Vroomshoop;0,4;0,5;0,1;0,2;0,0;0,0
21;NL:Q:43750010;Mekkelenberg;Albergen;0,7;1,4;0,0;0,3;0,0;0,0
21;NL:Q:43750020;Herinckhaveweg;Albergen;0,4;0,2;0,0;0,0;0,0;0,0
21;NL:Q:43750030;Hofmaatsweg;Albergen;0,1;0,8;0,0;0,0;0,0;0,0
21;NL:Q:43750040;Hofmaatsweg;Albergen;0,9;0,5;0,1;0,0;0,0;0,0
21;NL:Q:43750050;Gravendijk;Albergen;0,1;1,6;0,0;0,4;0,0;0,0
21;NL:Q:43750060;Gravendijk;Albergen;1,6;0,2;0,2;0,0;0,0;0,0
21;NL:Q:43750070;Assinkshoekweg;Albergen;0,0;1,4;0,0;0,1;0,0;0,0
21;NL:Q:43750080;Assinkshoekweg;Albergen;1,4;0,0;0,1;0,0;0,0;0,0
21;NL:Q:43750090;Van Koersveldweg;Albergen;0,5;3,8;0,1;0,7;0,0;0,0
21;NL:Q:43750100;Van Koersveldweg;Albergen;3,8;0,7;0,5;0,1;0,0;0,0
21;NL:Q:43750130;Zenderseweg;Albergen;4,3;34,3;0,4;3,4;0,0;0,0
21;NL:Q:43750140;Zenderseweg;Albergen;38,0;4,3;3,0;0,3;0,0;0,0
21;NL:Q:43750150;Molenbinnenweg;Albergen;0,3;4,4;0,0;0,3;0,0;0,0
21;NL:Q:43750160;Molenbinnenweg;Albergen;4,7;0,4;0,3;0,0;0,0;0,0
21;NL:Q:43750170;Kloosteresweg;Albergen;2,3;6,8;0,1;0,6;0,0;0,0
21;NL:Q:43750180;Kloosteresweg;Albergen;8,4;2,2;0,5;0,1;0,0;0,0
21;NL:Q:43750190;Brakenweg;Albergen;0,4;1,9;0,0;0,3;0,0;0,0
21;NL:Q:43750200;Brakenweg;Albergen;2,3;0,6;0,3;0,0;0,0;0,0
21;NL:Q:43760010;Handwijzer;Marle;0,0;0,3;0,0;0,2;0,0;0,0
21;NL:Q:43760020;Handwijzer;Marle;0,3;0,0;0,1;0,0;0,0;0,0
21;NL:Q:43760070;Kerkstraat;Daarlerveen;1,1;1,1;0,0;0,3;0,0;0,0
21;NL:Q:43760080;Station;Daarlerveen;0,6;0,3;1,0;0,9;0,0;0,0
21;NL:Q:43760100;'n Tip;Daarle;1,0;4,8;0,6;0,9;0,0;0,0
21;NL:Q:43760110;'n Tip;Daarle;4,4;0,1;0,4;0,0;0,0;0,0
21;NL:Q:43780040;Centrum;Holten;4,5;2,8;0,1;0,8;0,0;0,0
21;NL:Q:43780050;Station;Holten;29,9;30,8;5,5;6,4;0,0;0,0
21;NL:Q:43780100;Scholengemeenschap;Holten;6,7;2,6;0,6;0,6;0,0;0,0
21;NL:Q:43780110;Borkeld;Holten;2,2;0,8;0,7;0,4;0,0;0,0
21;NL:Q:43780120;Borkeld;Holten;0,3;1,8;0,3;0,7;0,0;0,0
21;NL:Q:43780140;Cafe De Poppe;Markelo;1,0;2,4;0,3;1,1;0,0;0,0
21;NL:Q:43780170;De Driesprong;Holten;2,2;0,1;1,1;0,0;0,0;0,0
21;NL:Q:43780180;De Driesprong;Holten;0,4;2,1;0,0;0,9;0,0;0,0
21;NL:Q:43780220;Diessenplas;Holten;24,5;48,2;0,2;0,2;0,0;0,0
21;NL:Q:43780240;Kon. Wilhelminastraat;Holten;9,5;2,1;0,7;0,9;0,0;0,0
21;NL:Q:43780310;Kerkhofsweg;Holten;1,4;0,2;0,8;0,0;0,0;0,0
21;NL:Q:43780320;Kerkhofsweg;Holten;12,7;4,4;0,4;1,1;0,0;0,0
21;NL:Q:43790010;Sluiskade;Westerhaar;2,2;11,6;0,2;1,4;0,1;1,1
21;NL:Q:43790020;Sluiskade;Westerhaar;12,4;1,7;1,7;0,2;1,3;0,0
21;NL:Q:43790030;De Klaampe;Westerhaar;0,3;4,8;0,1;0,8;0,0;0,6
21;NL:Q:43790040;De Klaampe;Westerhaar;3,8;1,3;0,5;0,2;0,4;0,0
21;NL:Q:43790050;Leidijk;Westerhaar;0,3;7,8;0,0;1,9;0,0;1,4
21;NL:Q:43790060;Leidijk;Westerhaar;5,2;0,6;0,8;0,1;1,6;1,0
21;NL:Q:43790070;Wollegrasstraat;Westerhaar;7,2;5,0;0,9;1,1;0,0;0,0
21;NL:Q:43790080;Wollegrasstraat;Westerhaar;7,0;7,5;0,6;1,0;0,0;0,0
21;NL:Q:43790090;Westerveenweg;Vriezenveen;0,3;0,2;0,0;0,1;0,0;0,0
21;NL:Q:43790100;Schapenweg;Westerhaar;1,9;3,9;0,0;0,0;0,0;0,0
21;NL:Q:43790110;Vroomshoopseweg;Westerhaar;0,7;1,2;0,1;0,2;0,0;0,0
21;NL:Q:43790120;Vroomshoopseweg;Westerhaar;1,2;0,8;0,3;0,1;0,0;0,0
21;NL:Q:43790130;Dalweg;Westerhaar;1,8;4,4;0,0;0,6;0,0;0,4
21;NL:Q:43790140;Dalweg;Westerhaar;4,5;1,6;0,6;0,1;0,4;0,0
21;NL:Q:43790150;Busstation;Westerhaar;53,9;14,7;4,3;0,9;3,4;0,1
21;NL:Q:43790160;Busstation;Westerhaar;51,7;52,4;0,0;0,0;0,0;0,0
21;NL:Q:43790170;Busstation;Westerhaar;18,0;51,5;1,1;2,8;0,0;3,6
21;NL:Q:43790190;Hammerdijk;Westerhaar;0,4;0,0;0,0;0,0;0,0;0,0
21;NL:Q:43820070;Schapenmarkt;Hellendoorn;0,8;8,3;1,2;10,0;0,0;0,0
21;NL:Q:43820080;Schapenmarkt;Hellendoorn;6,9;0,4;5,3;0,4;0,0;0,0
21;NL:Q:43820230;De Blenke;Hellendoorn;1,4;0,0;0,8;0,0;0,0;0,0
21;NL:Q:43820240;De Blenke;Hellendoorn;0,1;1,7;0,1;0,5;0,0;0,0
21;NL:Q:43820310;Looweg;Hellendoorn;0,0;0,8;0,0;0,2;0,0;0,0
21;NL:Q:43820320;Looweg;Hellendoorn;0,9;0,0;0,2;0,0;0,0;0,0
21;NL:Q:43820330;Krönnenzommer;Hellendoorn;2,4;2,1;0,9;0,6;0,0;0,0
21;NL:Q:43820410;Reggeweg;Hellendoorn;4,0;0,5;1,6;0,3;0,0;0,0
21;NL:Q:43820450;Schuilenburgerweg;Hellendoorn;1,7;0,1;0,7;0,1;0,0;0,0
21;NL:Q:43820470;Collenstaartweg;Hulsen;1,7;0,3;0,2;0,5;0,0;0,0
21;NL:Q:43820480;Collenstaartweg;Hulsen;0,3;1,9;0,0;0,1;0,0;0,0
21;NL:Q:43840010;Zwembad;Vroomshoop;0,3;0,6;0,1;0,0;0,0;0,0
21;NL:Q:43840030;De Kooyen;Den Ham;1,9;0,7;0,2;0,0;0,0;0,0
21;NL:Q:43840040;De Kooyen;Den Ham;0,7;1,7;0,0;0,1;0,0;0,0
21;NL:Q:43840050;Middenweg;Den Ham;2,6;1,0;0,2;0,0;0,0;0,0
21;NL:Q:43840060;Middenweg;Den Ham;0,7;2,5;0,1;0,2;0,0;0,0
21;NL:Q:43840070;Driesprong;Den Ham;8,2;7,9;1,7;1,7;0,0;0,0
21;NL:Q:43840080;Driesprong;Den Ham;6,8;7,0;1,2;1,5;0,0;0,0
21;NL:Q:43840090;Geref. Kerk;Den Ham;21,2;6,0;2,7;0,5;0,0;0,0
21;NL:Q:43840100;Geref. Kerk;Den Ham;6,8;21,3;0,5;2,3;0,0;0,0
21;NL:Q:43840110;Zuivelfabriek;Den Ham;6,4;5,1;0,4;0,8;0,0;0,0
21;NL:Q:43840120;Zuivelfabriek;Den Ham;4,0;6,7;0,6;0,6;0,0;0,0
21;NL:Q:43840130;Smitstraat;Den Ham;24,8;13,2;1,6;1,2;0,0;0,0
21;NL:Q:43840140;Smitstraat;Den Ham;13,7;25,0;1,4;2,9;0,0;0,0
21;NL:Q:43840170;Noordmeer;Den Ham;0,1;0,1;0,0;0,0;0,0;0,0
21;NL:Q:43840240;Het Liefferdinck;Den Ham;0,1;0,0;0,1;0,0;0,0;0,0
21;NL:Q:43840260;Brink;Den Ham;1,2;0,8;0,1;0,3;0,0;0,0
21;NL:Q:43860010;Kapoene;Enter;0,1;0,7;0,0;0,1;0,0;0,0
21;NL:Q:43860030;R.K. Kerk;Enter;13,4;12,9;1,2;1,6;0,0;0,0
21;NL:Q:43860040;R.K. Kerk;Enter;15,7;13,7;1,6;2,2;0,0;0,0
21;NL:Q:43860070;Rohaan;Enter;1,2;1,5;0,1;0,3;0,0;0,0
21;NL:Q:43860080;Rohaan;Enter;1,0;1,2;0,2;0,3;0,0;0,0
21;NL:Q:43860090;Stationsweg;Enter;4,0;7,2;0,3;0,9;0,0;0,0
21;NL:Q:43860100;Stationsweg;Enter;6,3;3,3;0,3;0,4;0,0;0,0
21;NL:Q:43860110;Brandput;Enter;16,0;18,2;0,9;3,3;0,0;0,0
21;NL:Q:43860120;Brandput;Enter;19,3;15,3;2,7;1,6;0,0;0,0
21;NL:Q:43860130;Braamhaar;Enter;12,0;8,0;0,2;0,7;0,0;0,0
21;NL:Q:43860140;Braamhaar;Enter;7,8;11,3;0,5;0,5;0,0;0,0
21;NL:Q:43860150;Heerink;Enter;1,0;1,1;0,0;0,0;0,0;0,0
21;NL:Q:43860160;Heerink;Enter;1,1;0,7;0,0;0,0;0,0;0,0
21;NL:Q:43860180;Jagersweg;Enter;0,2;0,1;0,0;0,0;0,0;0,0
21;NL:Q:43860190;Jagersweg;Enter;0,3;0,3;0,0;0,1;0,0;0,0
21;NL:Q:43870010;Bolink;Nijverdal;0,5;1,5;0,3;0,1;0,0;0,0
21;NL:Q:43870050;Blokkendijk;Zuna;0,4;1,8;0,1;0,2;0,0;0,0
21;NL:Q:43870060;Blokkendijk;Zuna;1,8;0,5;0,2;0,3;0,0;0,0
21;NL:Q:43870130;Spoelerstraat;Rijssen;0,9;8,8;0,0;0,2;0,0;0,0
21;NL:Q:43870140;Spoelerstraat;Rijssen;7,4;1,9;0,1;0,1;0,0;0,0
21;NL:Q:43880030;Oude Veemarkt;Rijssen;0,9;9,1;0,1;4,1;0,0;0,0
21;NL:Q:43880031;Oude Veemarkt;Rijssen;5,8;2,6;2,8;0,5;0,0;0,0
21;NL:Q:43880050;Eltheto;Rijssen;6,5;4,5;0,4;0,9;0,0;0,0
21;NL:Q:43880070;Station;Rijssen;29,6;30,9;9,1;6,7;0,0;0,0
21;NL:Q:43880073;Station;Rijssen;61,9;77,4;13,3;8,6;0,0;0,0
21;NL:Q:43880075;;;5,6;5,7;1,1;0,7;0,0;0,0
21;NL:Q:43880110;Roelf Bosmastraat;Rijssen;11,5;8,1;1,0;0,5;0,0;0,0
21;NL:Q:43880130;Huize Maranatha;Rijssen;5,7;4,5;0,3;0,6;0,0;0,0
21;NL:Q:43880150;Koninginneweg;Rijssen;0,9;0,6;0,1;0,2;0,0;0,0
21;NL:Q:43880170;Vermeerstraat;Rijssen;11,3;7,7;0,6;0,7;0,0;0,0
21;NL:Q:43880190;Wellehof;Rijssen;2,3;1,9;0,2;0,3;0,0;0,0
21;NL:Q:43880210;Scholengemeenschap;Rijssen;7,7;15,7;0,7;0,9;0,0;0,0
21;NL:Q:43880220;Scholengemeenschap;Rijssen;15,6;5,1;1,4;0,4;0,0;0,0
21;NL:Q:43880230;Stationsdwarsweg;Rijssen;0,4;0,1;0,2;0,1;0,0;0,0
21;NL:Q:43880240;Stationsdwarsweg;Rijssen;0,0;0,5;0,0;0,1;0,0;0,0
21;NL:Q:43880260;Klokkendijk;Rijssen;0,1;1,1;0,0;0,1;0,0;0,0
21;NL:Q:43880270;Waterhoen;Rijssen;2,1;11,8;0,3;0,9;0,0;0,0
21;NL:Q:43880280;Waterhoen;Rijssen;11,2;1,0;0,8;0,2;0,0;0,0
21;NL:Q:43880310;Kryptonstraat;Rijssen;1,3;4,3;0,0;0,0;0,0;0,0
21;NL:Q:43880320;Kryptonstraat;Rijssen;4,4;1,8;0,1;0,1;0,0;0,0
21;NL:Q:43880330;Schapendijk;Rijssen;0,8;2,2;0,2;0,4;0,0;0,0
21;NL:Q:43880340;Schapendijk;Rijssen;1,5;0,8;0,2;0,8;0,0;0,0
21;NL:Q:43880350;Reggesteyn/Cattelaar;Rijssen;8,4;4,7;0,3;0,3;0,0;0,0
21;NL:Q:43880360;Reggesteyn/Cattelaar;Rijssen;4,7;8,6;0,3;0,3;0,0;0,0
21;NL:Q:43880380;Kapoene;Rijssen;1,2;0,2;0,0;0,0;0,0;0,0
21;NL:Q:43880450;Holterweg/Banisweg;Rijssen;0,0;0,1;0,0;0,0;0,0;0,0
21;NL:Q:43880460;Holterweg/Banisweg;Rijssen;0,1;0,0;0,0;0,0;0,0;0,0
21;NL:Q:43880510;Molenstalweg;Rijssen;0,0;0,0;0,0;0,0;0,0;0,0
21;NL:Q:43880520;Molenstalweg;Rijssen;0,5;0,1;0,2;0,0;0,0;0,0
21;NL:Q:43880530;Hagslagen;Rijssen;0,3;0,4;0,0;0,1;0,0;0,0
21;NL:Q:43880540;Hagslagen;Rijssen;0,3;0,2;0,1;0,0;0,0;0,0
21;NL:Q:43880570;Scholekster;Rijssen;0,7;3,9;0,1;0,3;0,0;0,0
21;NL:Q:43880580;Scholekster;Rijssen;5,6;1,2;0,2;0,2;0,0;0,0
21;NL:Q:43880600;Parkstede;Rijssen;1,9;2,8;0,3;0,8;0,0;0,0
21;NL:Q:43880610;Parkstede;Rijssen;2,4;0,9;0,6;0,1;0,0;0,0
21;NL:Q:43880630;R.K. Kerkhof;Rijssen;2,8;2,4;0,0;0,2;0,0;0,0
21;NL:Q:43890010;Schapenweg;Westerhaar;2,8;1,4;0,0;0,0;0,0;0,0
21;NL:Q:43890030;Meijerboersweg;Westerhaar;2,3;0,6;0,0;0,0;0,0;0,0
21;NL:Q:43890040;Meijerboersweg;Westerhaar;0,6;2,5;0,0;0,0;0,0;0,0
21;NL:Q:43890050;Driesprong;Sibculo;9,2;5,2;0,0;0,0;0,0;0,0
21;NL:Q:43890060;Driesprong;Sibculo;5,8;11,1;0,0;0,0;0,0;0,0
21;NL:Q:43890070;Bergweg;Sibculo;0,7;0,9;0,0;0,0;0,0;0,0
21;NL:Q:43890080;Bergweg;Sibculo;1,0;1,1;0,0;0,0;0,0;0,0
21;NL:Q:43890090;Schoolstraat;Kloosterhaar;5,2;2,2;0,0;0,0;0,0;0,0
21;NL:Q:43890100;Schoolstraat;Kloosterhaar;2,4;5,6;0,0;0,0;0,0;0,0
21;NL:Q:43890110;Viersprong;Kloosterhaar;4,6;3,3;0,0;0,0;0,0;0,0
21;NL:Q:43890120;Viersprong;Kloosterhaar;3,8;6,2;0,0;0,0;0,0;0,0
21;NL:Q:43890130;Oude Vaart;Kloosterhaar;0,0;0,1;0,0;0,0;0,0;0,0
21;NL:Q:43890140;Oude Vaart;Kloosterhaar;0,1;0,1;0,0;0,0;0,0;0,0
21;NL:Q:43890150;Post;Kloosterhaar;0,0;0,1;0,0;0,0;0,0;0,0
21;NL:Q:43890160;Post;Kloosterhaar;0,0;0,0;0,0;0,0;0,0;0,0
21;NL:Q:43890170;Horstra;Kloosterhaar;0,1;0,4;0,0;0,0;0,0;0,0
21;NL:Q:43890180;Horstra;Kloosterhaar;0,4;0,1;0,0;0,0;0,0;0,0
21;NL:Q:43990030;Pannemansbos;Bergentheim;0,0;0,0;0,0;0,0;0,0;0,0
21;NL:Q:43990040;Pannemansbos;Bergentheim;0,1;0,1;0,0;0,0;0,0;0,0
21;NL:Q:43990050;Veenlust;Bergentheim;0,3;0,5;0,0;0,0;0,0;0,0
21;NL:Q:43990060;Veenlust;Bergentheim;0,4;1,0;0,0;0,0;0,0;0,0
21;NL:Q:43990070;Kanaalbrug;Bergentheim;1,5;1,3;0,0;0,0;0,0;0,0
21;NL:Q:43990080;Kanaalbrug;Bergentheim;2,9;2,7;0,0;0,0;0,0;0,0
21;NL:Q:43990090;Gereformeerde Kerk;Bergentheim;3,6;4,1;0,0;0,0;0,0;0,0
21;NL:Q:43990170;Bruchterbeekweg;Bergentheim;0,1;0,5;0,0;0,0;0,0;0,0
21;NL:Q:44100010;Usseler Esch;Usselo;0,6;1,4;0,3;0,7;0,3;0,4
21;NL:Q:44100030;Kerk;Usselo;3,9;5,3;2,0;3,1;1,3;1,3
21;NL:Q:44100040;Kerk;Usselo;4,1;3,6;2,7;1,6;1,2;1,2
21;NL:Q:44100050;Helmerstraat;Usselo;0,7;0,2;0,3;0,2;0,2;0,0
21;NL:Q:44100060;Helmerstraat;Usselo;0,4;2,6;0,1;1,1;0,1;0,6
21;NL:Q:44100070;Crematorium;Usselo;0,5;2,7;0,3;1,3;0,1;0,6
21;NL:Q:44100080;Crematorium;Enschede;4,5;0,8;1,9;0,7;0,7;0,5
21;NL:Q:44100090;Teesinklanderweg;Usselo;0,3;1,2;0,2;0,6;0,1;0,4
21;NL:Q:44100100;Teesinklanderweg;Usselo;0,8;0,4;0,4;0,3;0,3;0,3
21;NL:Q:44100120;Badweg;Usselo;2,2;0,5;1,0;0,2;0,5;0,3
21;NL:Q:44100540;Military;Boekelo;0,0;0,0;0,1;0,1;0,1;0,1
21;NL:Q:44105010;Usselerhofweg;Enschede;0,1;0,4;0,0;0,3;0,0;0,0
21;NL:Q:44105020;Usselerhofweg;Usselo;0,5;0,2;0,1;0,0;0,0;0,0
21;NL:Q:44105030;Landsteinerlaan;Boekelo;0,1;3,8;0,0;1,0;0,0;0,0
21;NL:Q:44105040;Landsteinerlaan;Boekelo;3,2;0,0;0,5;0,0;0,0;0,0
21;NL:Q:44200010;Badweg;Usselo;0,2;2,6;0,1;1,3;0,1;0,3
21;NL:Q:44200030;Zonnebeekweg;Usselo;0,2;0,6;0,1;0,1;0,1;0,0
21;NL:Q:44200040;Zonnebeekweg;Usselo;0,5;0,1;0,1;0,0;0,2;0,1
21;NL:Q:44200050;Rutbeekweg;Usselo;0,4;3,2;0,3;2,4;0,2;0,8
21;NL:Q:44200060;Rutbeekweg;Usselo;2,6;1,1;1,8;0,4;0,9;0,1
21;NL:Q:44200070;Hazenweg;Usselo;0,4;1,3;0,3;1,0;0,1;0,7
21;NL:Q:44200080;Hazenweg;Usselo;1,8;0,8;0,8;0,5;0,4;0,3
21;NL:Q:44200100;Wittepalenweg;Haaksbergen;0,9;0,2;0,4;0,3;0,1;0,0
21;NL:Q:44220010;Camping Westerholt;Delden;1,3;0,9;0,3;0,4;0,0;0,0
21;NL:Q:44220020;Camping Westerholt;Delden;0,8;1,3;0,4;0,3;0,0;0,0
21;NL:Q:44220030;Carelshaven;Delden;0,0;0,1;0,0;0,0;0,0;0,0
21;NL:Q:44220040;Carelshaven;Delden;0,1;0,3;0,1;0,1;0,0;0,0
21;NL:Q:44220050;Villapark;Delden;0,0;0,1;0,0;0,0;0,0;0,0
21;NL:Q:44220060;Villapark;Delden;0,2;0,2;0,1;0,0;0,0;0,0
21;NL:Q:44220070;Station;Delden;5,8;10,7;0,0;0,0;0,0;0,0
21;NL:Q:44220080;Station;Delden;31,5;21,2;2,6;2,1;0,0;0,0
21;NL:Q:44220090;R.K. Kerk;Delden;0,4;0,8;0,0;0,0;0,0;0,0
21;NL:Q:44220100;R.K. Kerk;Delden;1,1;2,4;0,9;1,2;0,0;0,0
21;NL:Q:44220110;Europalaan;Delden;1,2;0,2;0,0;0,0;0,0;0,0
21;NL:Q:44220120;Europalaan;Delden;0,1;1,1;0,0;0,0;0,0;0,0
21;NL:Q:44220140;Nijlandsweg;Bentelo;0,0;0,0;0,0;0,0;0,0;0,0
21;NL:Q:44220150;S.G. Twickel;Delden;0,7;1,5;0,1;0,5;0,0;0,0
21;NL:Q:44229030;Politiebureau;Delden;3,1;1,5;0,3;0,5;0,0;0,0
21;NL:Q:44229040;Politiebureau;Delden;0,2;0,9;0,0;0,0;0,0;0,0
21;NL:Q:44230010;'t Schaafje;Bornerbroek;0,7;0,4;0,2;0,1;0,0;0,0
21;NL:Q:44230020;'t Schaafje;Bornerbroek;0,5;0,5;0,1;0,1;0,0;0,0
21;NL:Q:44300010;Wittepalenweg;Haaksbergen;0,1;0,9;0,0;0,3;0,0;0,1
21;NL:Q:44300050;Weg naar Veldmaat;Haaksbergen;7,2;53,3;1,9;20,4;1,4;9,7
21;NL:Q:44300060;Weg naar Veldmaat;Haaksbergen;52,2;7,8;22,4;2,3;10,8;1,7
21;NL:Q:44300070;Blanckenborgh;Haaksbergen;7,4;40,3;1,3;14,9;0,9;7,6
21;NL:Q:44300080;Blanckenborgh;Haaksbergen;39,4;7,4;14,6;1,4;7,6;0,6
21;NL:Q:44300090;Fazantstraat;Haaksbergen;2,0;30,2;0,4;11,8;0,2;5,6
21;NL:Q:44300100;Fazantstraat;Haaksbergen;29,2;2,2;9,6;0,6;5,1;0,3
21;NL:Q:44300110;Busstation;Haaksbergen;32,9;35,9;0,0;0,0;0,0;0,0
21;NL:Q:44300111;Busstation;Haaksbergen;24,9;79,8;0,0;45,8;0,2;30,5
21;NL:Q:44300112;Busstation;Haaksbergen;247,4;91,8;153,5;24,1;122,3;18,9
21;NL:Q:44300114;Busstation;Haaksbergen;119,3;41,3;58,5;5,5;45,4;0,2
21;NL:Q:44300115;Busstation;Haaksbergen;95,3;263,5;23,2;159,8;16,2;77,6
21;NL:Q:44300130;Lansinkstraat;Haaksbergen;12,1;10,7;2,5;5,8;1,4;4,5
21;NL:Q:44300140;Lansinkstraat;Haaksbergen;8,6;9,6;3,6;1,8;2,8;1,5
21;NL:Q:44300150;Scholtenhage;Haaksbergen;12,8;12,1;1,9;5,1;1,7;3,0
21;NL:Q:44300160;Scholtenhage;Haaksbergen;13,9;17,5;7,6;2,1;4,3;1,9
21;NL:Q:44300180;Weerninksweg;Brammelo;1,6;0,3;0,5;0,1;0,2;0,1
21;NL:Q:44300185;Weerninksweg;Brammelo;0,2;5,2;0,1;0,8;0,0;0,6
21;NL:Q:44300270;Wiedenbroeksingel;Haaksbergen;23,0;6,7;6,6;1,9;5,6;0,3
21;NL:Q:44300280;Wiedenbroeksingel;Haaksbergen;6,3;22,0;1,7;6,7;0,3;4,7
21;NL:Q:44300310;Mr. Eenhuisstraat;Haaksbergen;12,9;11,7;7,2;0,7;4,9;0,5
21;NL:Q:44300320;Mr. Eenhuisstraat;Haaksbergen;11,5;15,6;0,4;9,7;0,3;6,0
21;NL:Q:44300350;Het Wiedenbroek;Haaksbergen;0,1;3,0;0,0;0,7;0,0;0,0
21;NL:Q:44300360;Het Wiedenbroek;Haaksbergen;1,7;0,1;0,5;0,0;0,0;0,0
21;NL:Q:44300450;Richterstraat;Haaksbergen;7,1;2,0;0,1;0,6;0,0;0,0
21;NL:Q:44300460;Richterstraat;Haaksbergen;2,6;5,1;0,5;0,1;0,0;0,0
21;NL:Q:44300470;H. v.d. Haarstraat;Haaksbergen;13,4;4,4;1,0;2,5;0,0;0,0
21;NL:Q:44300480;H. v.d. Haarstraat;Haaksbergen;4,9;10,8;0,9;0,4;0,0;0,0
21;NL:Q:44300490;Van Limborgstraat;Haaksbergen;6,5;3,6;0,0;0,9;0,0;0,0
21;NL:Q:44300500;Van Limborgstraat;Haaksbergen;3,6;5,3;0,6;0,1;0,0;0,0
21;NL:Q:44300570;Industriestraat;Haaksbergen;1,8;0,4;0,0;0,0;0,0;0,0
21;NL:Q:44300580;Industriestraat;Haaksbergen;0,6;1,7;0,0;0,0;0,0;0,0
21;NL:Q:44300610;De Volmer;Haaksbergen;9,1;1,8;0,0;0,0;0,0;0,0
21;NL:Q:44300620;De Volmer;Haaksbergen;2,0;6,8;0,0;0,0;0,0;0,0
21;NL:Q:44300690;Twijnerstraat;Haaksbergen;2,9;0,9;0,0;0,0;0,0;0,0
21;NL:Q:44300700;Twijnerstraat;Haaksbergen;0,4;2,0;0,0;0,0;0,0;0,0
21;NL:Q:44301030;Eykenhof;Haaksbergen;91,0;18,5;30,6;7,5;23,0;3,3
21;NL:Q:44301040;Eykenhof;Haaksbergen;18,4;85,4;5,2;28,7;2,5;19,1
21;NL:Q:44301050;Veldmaterstraat;Haaksbergen;39,1;3,9;14,5;1,4;10,9;0,6
21;NL:Q:44301080;Huurnerhof;Haaksbergen;0,1;1,0;0,0;0,0;0,0;0,0
21;NL:Q:44330010;Nijlandsweg;Bentelo;0,0;0,0;0,0;0,0;0,0;0,0
21;NL:Q:44330020;Dissel;Bentelo;0,0;0,0;0,0;0,0;0,0;0,0
21;NL:Q:44330030;De Rustende Jager;Bentelo;0,1;0,5;0,0;0,0;0,0;0,0
21;NL:Q:44330040;De Rustende Jager;Bentelo;0,5;0,1;0,0;0,0;0,0;0,0
21;NL:Q:44350010;Groothuis;Hengevelde;0,0;0,1;0,0;0,0;0,0;0,0
21;NL:Q:44350020;Groothuis;Hengevelde;0,1;0,0;0,0;0,0;0,0;0,0
21;NL:Q:44350030;Nijhuis;Hengevelde;0,0;0,4;0,0;0,0;0,0;0,0
21;NL:Q:44350040;Nijhuis;Hengevelde;0,1;0,0;0,0;0,0;0,0;0,0
21;NL:Q:44350050;Scholten;Hengevelde;0,0;1,2;0,0;0,0;0,0;0,0
21;NL:Q:44350060;Scholten;Hengevelde;1,8;0,0;0,0;0,0;0,0;0,0
21;NL:Q:44350070;Ten Dam;Markvelde;0,0;0,1;0,0;0,0;0,0;0,0
21;NL:Q:44350080;Ten Dam;Markvelde;0,0;0,0;0,0;0,0;0,0;0,0
21;NL:Q:44390010;Dissel;Bentelo;0,0;0,5;0,0;0,0;0,0;0,0
21;NL:Q:44390030;Smeenk;Bentelo;0,1;0,2;0,0;0,0;0,0;0,0
21;NL:Q:44390040;Smeenk;Bentelo;0,1;0,0;0,0;0,0;0,0;0,0
21;NL:Q:44390050;Rupert;Bentelo;0,0;0,4;0,0;0,0;0,0;0,0
21;NL:Q:44390060;Rupert;Bentelo;0,4;0,0;0,0;0,0;0,0;0,0
21;NL:Q:44390070;R.K. Kerk;Bentelo;0,4;4,1;0,0;0,0;0,0;0,0
21;NL:Q:44390080;R.K. Kerk;Bentelo;5,5;0,5;0,0;0,0;0,0;0,0
21;NL:Q:44400030;Poort Diaconie;Brammelo;1,9;2,1;1,2;0,6;0,1;0,2
21;NL:Q:44400040;Poort Diaconie;Brammelo;3,9;3,1;1,1;1,2;0,4;0,0
21;NL:Q:44400050;Kerkweg;Brammelo;0,0;0,5;0,0;0,1;0,0;0,1
21;NL:Q:44400060;Kerkweg;Brammelo;0,3;0,2;0,3;0,0;0,1;0,0
21;NL:Q:44400070;Roerink;Brammelo;0,2;1,1;0,0;0,3;0,0;0,3
21;NL:Q:44400080;Roerink;Brammelo;1,2;0,2;0,1;0,0;0,1;0,0
21;NL:Q:44400100;Vloedsteegweg;Rietmolen;1,0;0,3;0,4;0,2;0,3;0,1
21;NL:Q:44400110;Rietmolen;Rietmolen;2,7;15,8;0,5;3,6;0,3;1,8
21;NL:Q:44490010;De Bonkert;Markvelde;0,0;0,0;0,0;0,0;0,0;0,0
21;NL:Q:44490020;De Bonkert;Markvelde;0,0;0,0;0,0;0,0;0,0;0,0
21;NL:Q:44499010;School;Markvelde;0,0;0,0;0,0;0,0;0,0;0,0
21;NL:Q:44499020;School;Markvelde;0,0;0,0;0,0;0,0;0,0;0,0
21;NL:Q:44500010;Vloedsteegweg;Rietmolen;0,4;1,1;0,2;0,6;0,1;0,3
21;NL:Q:44500060;Rietmolen;Rietmolen;17,7;3,3;3,3;0,8;2,2;0,4
21;NL:Q:44500150;Wheemergaarden;Neede;4,7;25,0;1,2;6,3;0,7;4,2
21;NL:Q:44500160;Wheemergaarden;Neede;25,3;4,8;5,8;1,2;3,1;0,5
21;NL:Q:44500173;Parallelweg;Neede;13,3;36,6;0,7;3,7;0,8;1,9
21;NL:Q:44500174;Parallelweg;Neede;24,0;14,2;3,0;0,9;1,5;0,3
21;NL:Q:44500210;De Valkhof;Neede;7,7;14,0;3,1;5,8;2,8;3,3
21;NL:Q:44500220;De Valkhof;Neede;11,3;12,1;4,3;5,0;2,0;3,3
21;NL:Q:44500230;De Huikert;Neede;12,7;16,8;3,4;5,1;3,4;2,8
21;NL:Q:44500240;De Huikert;Neede;17,0;12,0;4,5;3,8;2,2;3,4
21;NL:Q:44500250;Christelijke School;Neede;13,7;20,7;3,4;3,5;3,3;1,9
21;NL:Q:44500260;Christelijke School;Neede;22,7;12,7;4,0;3,9;1,7;3,0
21;NL:Q:44500310;Diekmaatschool;Neede;17,2;3,9;2,0;1,6;0,9;1,1
21;NL:Q:44500320;Diekmaatschool;Neede;4,4;7,4;1,1;1,5;0,5;1,1
21;NL:Q:44500430;Garage Grooters;Eibergen;0,7;39,3;0,0;0,0;0,0;0,0
21;NL:Q:44500440;Garage Grooters;Eibergen;26,6;0,0;0,0;0,0;0,0;0,0
21;NL:Q:44500450;Viersprong;Eibergen;1,1;33,4;0,0;0,0;0,0;0,0
21;NL:Q:44500460;Viersprong;Eibergen;42,5;0,0;0,0;0,0;0,0;0,0
21;NL:Q:44500530;Industrieweg;Neede;1,3;3,7;0,3;0,5;0,2;1,0
21;NL:Q:44500540;Industrieweg;Neede;3,8;1,6;0,5;0,3;0,9;0,3
21;NL:Q:44500610;Hilhorst;Neede;0,3;0,0;0,0;0,0;0,0;0,0
21;NL:Q:44500620;Hilhorst;Neede;0,0;0,3;0,0;0,0;0,0;0,0
21;NL:Q:44500630;'t Roodland;Neede;0,1;2,5;0,0;0,0;0,0;0,0
21;NL:Q:44500640;'t Roodland;Neede;4,6;0,4;0,0;0,0;0,0;0,0
21;NL:Q:44501210;Busstation;Neede;76,7;88,4;17,9;29,3;9,7;21,6
21;NL:Q:44501220;Busstation;Neede;82,9;53,0;36,3;13,4;23,2;8,3
21;NL:Q:44509010;'t Klumpke;Neede;0,6;0,1;0,0;0,0;0,0;0,0
21;NL:Q:44509020;'t Klumpke;Neede;0,2;0,4;0,0;0,0;0,0;0,0
21;NL:Q:44610030;Transformator;Neede;1,5;3,3;0,4;0,9;0,1;0,4
21;NL:Q:44610040;Transformator;Neede;3,1;1,4;0,5;1,2;0,3;0,3
21;NL:Q:44710050;Busstation;Borculo;206,1;207,0;57,8;60,1;62,5;40,3
21;NL:Q:44710051;Busstation;Borculo;22,1;22,9;3,3;4,7;0,0;0,0
21;NL:Q:44710531;Keizer Ottostraat;Borculo;0,5;3,6;0,0;1,4;0,0;0,0
21;NL:Q:44710533;Keizer Ottostraat;Borculo;3,6;0,1;0,8;0,0;0,0;0,0
21;NL:Q:44710541;Nettelhorsterweg;Borculo;6,7;3,1;2,2;0,2;1,9;0,4
21;NL:Q:44710542;Nettelhorsterweg;Borculo;2,5;8,4;2,4;4,0;0,4;1,8
21;NL:Q:45110010;Iepweg;Hengelo;0,0;0,1;0,0;0,0;0,0;0,0
21;NL:Q:45110020;Iepweg;Hengelo;0,0;0,0;0,0;0,0;0,0;0,0
21;NL:Q:45120010;Esrein;Hengelo;3,3;1,6;0,0;0,0;0,0;0,0
21;NL:Q:45120020;Esrein;Hengelo;1,2;9,2;0,0;0,0;0,0;0,0
21;NL:Q:45120030;Ketelmakerij;Hengelo;0,2;0,9;0,0;0,0;0,0;0,0
21;NL:Q:45120040;Ketelmakerij;Hengelo;0,9;0,2;0,0;0,0;0,0;0,0
21;NL:Q:45160010;Viaduct;Almelo;2,7;5,9;0,1;0,1;0,0;0,0
21;NL:Q:45160030;Eierbaan;Bornerbroek;1,7;4,3;0,1;0,4;0,0;0,0
21;NL:Q:45160040;Eierbaan;Bornerbroek;4,2;1,7;0,4;0,1;0,0;0,0
21;NL:Q:45160050;Goorsedijk;Bornerbroek;0,4;0,4;0,0;0,1;0,0;0,0
21;NL:Q:45160060;Goorsedijk;Bornerbroek;1,5;1,7;0,1;0,3;0,0;0,0
21;NL:Q:45169010;R.K. Kerk;Bornerbroek;2,6;2,6;0,2;0,4;0,0;0,0
21;NL:Q:45169020;R.K. Kerk;Bornerbroek;2,0;1,7;0,2;0,1;0,0;0,0
21;NL:Q:45210011;Boekweit;Borne;0,4;0,5;0,0;0,0;0,0;0,0
21;NL:Q:45210017;Rogge;Borne;0,3;0,3;0,0;0,0;0,0;0,0
21;NL:Q:45210019;Bornsebeek;Borne;0,5;0,3;0,0;0,0;0,0;0,0
21;NL:Q:45210021;Blauwgras;Borne;0,1;0,2;0,0;0,0;0,0;0,0
21;NL:Q:45210023;Hesselerbeek;Borne;0,3;0,3;0,0;0,0;0,0;0,0
21;NL:Q:45210025;De Veste;Borne;0,2;0,7;0,0;0,0;0,0;0,0
21;NL:Q:45210027;Bongerd;Borne;0,0;0,1;0,0;0,0;0,0;0,0
21;NL:Q:45210110;Fleminghof;Borne;0,0;0,1;0,0;0,0;0,0;0,0
21;NL:Q:45210115;Fleminghof;Borne;0,0;0,0;0,0;0,0;0,0;0,0
21;NL:Q:45210120;De Bleek;Borne;0,1;0,1;0,0;0,0;0,0;0,0
21;NL:Q:45210130;Sancta Maria;Borne;0,0;0,1;0,0;0,0;0,0;0,0
21;NL:Q:45210135;Sancta Maria;Borne;0,1;0,5;0,0;0,0;0,0;0,0
21;NL:Q:45210140;Vedergras;Borne;0,1;0,1;0,0;0,0;0,0;0,0
21;NL:Q:45210150;Struisgras;Borne;0,1;0,1;0,0;0,0;0,0;0,0
21;NL:Q:45210160;Hanzestraat;Borne;0,1;0,1;0,0;0,0;0,0;0,0
21;NL:Q:45210170;Het Wooldrik;Borne;0,2;0,3;0,0;0,0;0,0;0,0
21;NL:Q:45210180;Ridderspoor;Borne;0,0;0,1;0,0;0,0;0,0;0,0
21;NL:Q:45331001;Leeuwerikstraat;De Lutte;5,9;0,0;0,3;0,0;0,0;0,0
21;NL:Q:45331003;Spechtstraat;De Lutte;4,4;0,0;0,2;0,0;0,0;0,0
21;NL:Q:45391001;De Hagen;Saasveld;1,7;1,6;0,0;0,0;0,0;0,0
21;NL:Q:45510050;Nieuwland;Almelo;0,8;2,4;0,1;0,3;0,1;0,3
21;NL:Q:45510060;Nieuwland;Almelo;1,1;1,1;0,4;0,3;0,3;0,1
21;NL:Q:45510070;Nijreessingel;Almelo;0,2;1,6;0,0;0,0;0,0;0,3
21;NL:Q:45510080;Nijreessingel;Almelo;2,6;0,2;0,2;0,0;0,1;0,1
21;NL:Q:45551001;Paadje;Reutum;0,0;0,5;0,0;0,0;0,0;0,0
21;NL:Q:45551002;Paadje;Reutum;0,8;0,7;0,0;0,0;0,0;0,0
21;NL:Q:45570010;Dorp;Tilligte;0,0;0,0;0,0;0,0;0,0;0,0
21;NL:Q:45641001;De Amanshoeve;Manderveen;0,0;0,1;0,0;0,0;0,0;0,0
21;NL:Q:45770001;Gereformeerde Kerk;Daarle;3,5;0,0;0,0;0,0;0,0;0,0
21;NL:Q:45770002;Gereformeerde Kerk;Daarle;0,0;3,1;0,0;0,0;0,0;0,0
21;NL:Q:45850010;Hellendoornsebergweg;Hellendoorn;0,4;0,7;0,0;0,0;0,0;0,0
21;NL:Q:45920010;Stationsweg;Bergentheim;15,6;16,3;0,0;0,0;0,0;0,0
21;NL:Q:45980001;'t Kruuspunt;Haarle;6,9;5,3;0,0;0,0;0,0;0,0
21;NL:Q:45980002;'t Kruuspunt;Haarle;5,8;5,6;0,0;0,0;0,0;0,0
21;NL:Q:45980003;Molenweg;Haarle;1,8;2,3;0,0;0,0;0,0;0,0
21;NL:Q:45980005;Stationsweg;Haarle;0,2;0,3;0,0;0,0;0,0;0,0
21;NL:Q:45980006;Stationsweg;Haarle;0,1;0,6;0,0;0,0;0,0;0,0
21;NL:Q:46290001;Vechtdalcollege;Hardenberg;0,8;2,4;0,0;0,0;0,0;0,0
21;NL:Q:46400055;Station;Raalte;14,4;11,2;0,0;0,0;0,0;0,0
21;NL:Q:46400200;Kruisstraat;Raalte;0,0;0,2;0,0;0,0;0,0;0,0
21;NL:Q:46400300;Westdorplaan;Raalte;0,1;0,1;0,0;0,0;0,0;0,0
21;NL:Q:46400700;Postkantoor;Raalte;0,1;0,1;0,0;0,0;0,0;0,0
21;NL:Q:46401500;Pauluskerk;Raalte;0,8;0,1;0,0;0,0;0,0;0,0
21;NL:Q:46402010;Merel;Raalte;0,1;0,2;0,0;0,0;0,0;0,0
21;NL:Q:46409003;Zwolsestraat;Raalte;2,4;5,9;0,0;0,0;0,0;0,0
21;NL:Q:46600100;Giethemer Kerkpad;Ommen;0,1;0,1;0,1;0,0;0,0;0,0
21;NL:Q:46600130;De Groene Jager;Den Ham;1,5;0,1;0,4;0,0;0,0;0,0
21;NL:Q:46600140;De Groene Jager;Den Ham;1,0;2,5;0,1;0,7;0,0;0,0
21;NL:Q:46600150;Giethemer Kerkpad;Ommen;0,5;0,2;0,2;0,0;0,0;0,0
21;NL:Q:46600180;Noordmeer;Den Ham;0,0;0,1;0,0;0,1;0,0;0,0
21;NL:Q:46600200;Besthmen;Ommen;0,1;0,0;0,2;0,1;0,0;0,0
21;NL:Q:46601010;Kasteel Eerde;Eerde;2,2;0,9;0,5;0,1;0,0;0,0
21;NL:Q:46601020;Kasteel Eerde;Eerde;0,7;3,1;0,0;0,4;0,0;0,0
21;NL:Q:46601050;Steile Oever;Ommen;0,2;0,3;0,2;0,0;0,0;0,0
21;NL:Q:46601060;Steile Oever;Ommen;0,2;0,2;0,1;0,2;0,0;0,0
21;NL:Q:46601080;Besthmen;Ommen;0,1;0,2;0,0;0,1;0,0;0,0
21;NL:Q:46610650;Station;Ommen;83,3;81,4;13,3;9,3;0,0;0,0
21;NL:Q:46611500;Strangeweg;Ommen;19,7;20,0;1,5;3,0;0,0;0,0
21;NL:Q:46613050;Centrum;Ommen;3,2;0,1;0,8;0,0;0,0;0,0
21;NL:Q:46613060;Centrum;Ommen;4,5;7,7;0,8;2,3;0,0;0,0
21;NL:Q:46851001;Nijverdalseweg;Marienheem;0,2;0,2;0,0;0,0;0,0;0,0
21;NL:Q:46851002;Nijverdalseweg;Marienheem;0,1;0,6;0,0;0,0;0,0;0,0
21;NL:Q:47644061;Schuilenburgerweg;Hellendoorn;0,1;1,8;0,1;0,7;0,0;0,0
21;NL:Q:47644062;Reggeweg;Hellendoorn;0,2;3,6;0,4;2,0;0,0;0,0
23;NL:Q:40320040;Liefkenshoek;Heteren;0,0;0,7;0,0;0,0;0,0;0,0
23;NL:Q:40320130;Nachtegaalstraat;Heteren;0,0;1,5;0,0;0,0;0,0;0,0
23;NL:Q:40320131;Nachtegaalstraat;Heteren;0,8;0,0;0,0;0,0;0,0;0,0
23;NL:Q:40320160;Elzenpas;Heteren;0,0;0,2;0,0;0,0;0,0;0,0
23;NL:Q:40320170;Elzenpas;Heteren;0,5;0,1;0,0;0,0;0,0;0,0
23;NL:Q:40320210;Beemdhof;Heteren;2,2;0,0;0,0;0,0;0,0;0,0
23;NL:Q:40322011;Beemdhof;Heteren;0,0;0,7;0,0;0,0;0,0;0,0
23;NL:Q:40400060;Costerweg;Wageningen;1,2;45,2;0,5;6,9;0,2;9,3
23;NL:Q:40400070;Costerweg;Wageningen;38,0;2,4;9,0;0,5;5,3;1,4
23;NL:Q:40405000;Busstation;Wageningen;0,0;108,9;0,0;23,8;0,0;21,3
23;NL:Q:40405011;Busstation;Wageningen;111,1;0,0;38,4;0,0;22,4;0,0
23;NL:Q:40420030;Nijburgsestraat;Randwijk;0,0;0,0;0,0;0,0;0,0;0,0
23;NL:Q:40420040;Nijburgsestraat;Randwijk;0,0;0,2;0,0;0,0;0,0;0,0
23;NL:Q:40420050;Bredeweg;Randwijk;0,0;0,1;0,0;0,0;0,0;0,0
23;NL:Q:40420060;Bredeweg;Randwijk;0,0;0,0;0,0;0,0;0,0;0,0
23;NL:Q:40420070;Prins Bernhardstraat;Randwijk;2,0;0,4;0,0;0,0;0,0;0,0
23;NL:Q:40420080;Prins Bernhardstraat;Randwijk;0,4;1,3;0,0;0,0;0,0;0,0
23;NL:Q:40420090;NUON huisje;Randwijk;0,1;0,0;0,0;0,0;0,0;0,0
23;NL:Q:40420100;NUON huisje;Randwijk;0,0;0,2;0,0;0,0;0,0;0,0
23;NL:Q:40420130;Kerk;Indoornik;0,0;0,0;0,0;0,0;0,0;0,0
23;NL:Q:40420140;Kerk;Randwijk;0,0;0,0;0,0;0,0;0,0;0,0
23;NL:Q:40500010;Militaire Begraafplaats;Rhenen;0,4;0,1;0,1;0,1;0,2;0,1
23;NL:Q:40500020;Grebbesluis;Rhenen;2,1;2,6;1,5;1,1;1,5;0,7
23;NL:Q:40500030;Grebbesluis;Rhenen;3,1;2,2;1,2;0,9;0,7;0,8
23;NL:Q:40500060;Huppelpad;Wageningen;0,5;0,4;0,2;0,2;0,2;0,1
23;NL:Q:40500070;Huppelpad;Wageningen;0,4;0,5;0,0;0,2;0,1;0,2
23;NL:Q:40500080;Nudenoord;Wageningen;5,4;4,9;3,5;1,6;1,9;1,1
23;NL:Q:40500090;Nudenoord;Wageningen;6,6;5,2;0,8;1,9;0,6;3,6
23;NL:Q:40600100;Station/Tuinlaan;Rhenen;100,0;99,1;23,2;32,3;14,9;17,3
23;NL:Q:40600120;Ouwehands Dierenpark;Rhenen;4,7;6,4;5,1;6,0;3,5;4,3
23;NL:Q:40600130;Ouwehands Dierenpark;Rhenen;8,1;4,7;3,5;5,0;2,2;3,8
23;NL:Q:40600140;Militaire Begraafplaats;Rhenen;0,3;0,3;0,3;0,2;0,3;0,3
23;NL:Q:40600151;Station;Rhenen;44,5;45,6;0,0;0,0;0,0;0,0
23;NL:Q:51340010;Hotel Vianen;Vianen;5,9;0,3;0,9;0,2;0,7;0,1
23;NL:Q:51340170;Prinses Julianastraat;Vianen;2,5;2,4;0,8;0,7;0,6;0,4
23;NL:Q:51340232;Busstation Lekbrug (west);Vianen;0,0;2,2;0,3;0,6;0,2;0,6
23;NL:Q:51340234;Busstation Lekbrug (west);Vianen;29,1;0,0;6,6;0,3;3,9;0,1
23;NL:Q:51340243;Busstation Lekbrug (Oost);Vianen;0,0;0,0;0,0;0,0;0,0;0,1
23;NL:Q:51340244;Busstation Lekbrug (Oost);Vianen;0,2;23,5;0,0;5,7;0,0;3,8
23;NL:Q:51340250;Hagenweg;Vianen;0,7;1,7;0,2;0,4;0,1;0,2
23;NL:Q:51340260;Hagenweg;Vianen;1,3;1,8;0,7;0,3;0,3;0,2
23;NL:Q:51340290;Centrum;Vianen;7,1;7,1;2,7;3,4;1,8;1,7
23;NL:Q:51340411;Stuartweg;Vianen;5,2;2,3;0,1;0,3;0,2;0,2
23;NL:Q:51341260;Hotel Vianen;Vianen;0,0;5,9;0,0;1,8;0,0;1,2
23;NL:Q:51341570;Lange Dreef;Vianen;1,4;7,7;0,2;0,2;0,1;0,1
23;NL:Q:51341580;Lange Dreef;Vianen;5,1;4,3;0,1;0,2;0,1;0,3
23;NL:Q:51470010;Tienhovenseweg;Hagestein;0,4;2,0;0,1;0,1;0,1;0,2
23;NL:Q:51470020;Tienhovenseweg;Hagestein;0,5;0,4;0,2;0,2;0,1;0,2
23;NL:Q:51470030;Kortenoever;Hagestein;0,2;0,0;0,3;0,1;0,0;0,0
23;NL:Q:51470040;Kortenoever;Hagestein;0,0;0,1;0,0;0,5;0,1;0,1
23;NL:Q:51470050;Autenasekade;Hagestein;0,1;0,1;0,1;0,0;0,0;0,0
23;NL:Q:51470060;Autenasekade;Hagestein;0,1;0,1;0,0;0,2;0,0;0,0
23;NL:Q:51470070;Nijensteinseweg;Hagestein;2,5;3,8;0,9;1,3;0,7;0,7
23;NL:Q:51470080;Nijensteinseweg;Hagestein;4,0;2,1;0,6;0,7;0,6;0,5
23;NL:Q:51470090;Stuwstraat;Hagestein;2,0;2,3;1,5;0,4;0,8;0,2
23;NL:Q:51470100;Stuwstraat;Hagestein;2,5;1,9;0,5;1,5;0,1;0,8
23;NL:Q:51470130;Biezenweg;Hagestein;0,9;1,9;0,2;0,1;0,4;0,1
23;NL:Q:51470140;Biezenweg;Hagestein;2,7;0,8;0,1;0,2;0,2;0,2
23;NL:Q:51470150;Hagesteinsestraat;Vianen;1,5;1,7;0,4;0,4;0,6;0,5
23;NL:Q:51471020;Hoefslag;Hagestein;0,2;2,6;0,2;0,3;0,1;0,4
23;NL:Q:51570030;Diefdijk;Everdingen;0,1;0,2;0,1;0,3;0,0;0,1
23;NL:Q:51570040;Diefdijk;Everdingen;0,2;0,2;0,1;0,2;0,1;0,1
23;NL:Q:51570170;De Hommel;Everdingen;4,4;2,9;0,9;1,0;0,5;0,4
23;NL:Q:51570180;De Hommel;Everdingen;4,9;4,4;0,5;1,1;0,4;0,6
23;NL:Q:51670010;Hamseweg;Culemborg;0,2;0,0;0,1;0,1;0,1;0,0
23;NL:Q:51670020;Hamseweg;Culemborg;0,2;0,3;0,0;0,2;0,0;0,1
23;NL:Q:51670030;Beukeboom;Culemborg;5,1;7,1;2,3;1,8;1,1;1,4
23;NL:Q:51670040;Guido Gezelleweg;Culemborg;0,3;3,7;0,0;0,0;0,0;0,0
23;NL:Q:51670050;Guido Gezelleweg;Culemborg;0,1;0,7;0,0;0,0;0,0;0,0
23;NL:Q:51670120;Beukeboom;Culemborg;6,4;4,6;2,0;3,4;1,6;2,2
23;NL:Q:51670130;Station;Culemborg;40,8;74,4;10,3;26,8;6,6;24,7
23;NL:Q:51670140;Station;Culemborg;78,2;37,1;36,8;6,3;25,2;5,4
23;NL:Q:51670530;SG Lek en Linge;Culemborg;4,7;12,0;0,0;0,0;0,0;0,0
23;NL:Q:51670550;SG Lek en Linge;Culemborg;4,9;0,0;0,0;0,0;0,0;0,0
23;NL:Q:51670720;Weidsteeg;Culemborg;5,5;3,1;2,1;2,1;1,9;1,4
23;NL:Q:51670730;Weidsteeg;Culemborg;2,1;5,0;1,0;1,8;0,7;1,4
23;NL:Q:51670750;Weidsteeg/Zandstraat;Culemborg;1,6;13,6;0,5;3,8;0,2;2,1
23;NL:Q:51670760;Weidsteeg/Zandstraat;Culemborg;16,7;3,3;3,4;1,8;2,5;0,8
23;NL:Q:51670780;Kon. Wilhelmina College;Culemborg;6,9;0,9;0,0;0,0;0,0;0,0
23;NL:Q:51670790;Kon. Wilhelmina College;Culemborg;0,0;6,8;0,0;0,0;0,0;0,0
23;NL:Q:51670820;Stationssingel;Culemborg;0,8;0,3;0,2;0,1;0,3;0,0
23;NL:Q:51670830;Stationssingel;Culemborg;0,1;1,7;0,1;0,6;0,0;0,6
23;NL:Q:51671280;Schootsveldpad;Culemborg;0,2;0,0;0,0;0,2;0,1;0,0
23;NL:Q:51671290;Schootsveldpad;Culemborg;0,1;0,3;0,1;0,1;0,0;0,2
23;NL:Q:51671300;Wijsenbeekweg;Culemborg;0,7;1,1;0,3;0,2;0,2;0,1
23;NL:Q:51671310;Wijsenbeekweg;Culemborg;0,5;0,9;0,0;0,2;0,0;0,1
23;NL:Q:51671320;Belle van Zuylenlaan;Culemborg;3,2;5,0;0,7;0,8;0,8;0,7
23;NL:Q:51671330;Belle van Zuylenlaan;Culemborg;4,1;2,7;0,2;0,7;0,4;0,4
23;NL:Q:51671340;Winkelcentrum Parijsch;Culemborg;3,2;5,2;1,3;1,6;0,7;1,2
23;NL:Q:51671350;Winkelcentrum Parijsch;Culemborg;3,7;2,8;1,5;1,3;1,0;0,9
23;NL:Q:51750040;Walstraat;Gorinchem;19,4;4,7;14,3;1,0;5,6;0,1
23;NL:Q:51750070;Station;Gorinchem;0,0;98,5;0,0;17,6;0,0;12,4
23;NL:Q:51750071;Station;Gorinchem;0,0;0,0;0,0;0,0;0,0;0,0
23;NL:Q:51750077;Station;Gorinchem;111,5;4,6;22,7;0,0;8,4;0,0
23;NL:Q:51750110;Walstraat;Gorinchem;5,2;16,6;1,5;16,4;1,3;6,0
23;NL:Q:51750120;Fortes Lyceum;Gorinchem;10,8;6,8;1,2;1,6;0,8;0,1
23;NL:Q:51750150;Anna Blamanstraat;Gorinchem;4,4;4,1;2,3;1,6;2,7;0,2
23;NL:Q:51750160;Anna Blamanstraat;Gorinchem;2,8;1,2;1,7;1,3;0,5;0,7
23;NL:Q:51750190;Muzenlaan;Gorinchem;0,3;10,7;0,1;3,8;0,1;0,7
23;NL:Q:51750230;Graaf Reinaldweg;Gorinchem;0,5;3,6;0,4;1,3;0,2;0,2
23;NL:Q:51750240;Fortes Lyceum;Gorinchem;3,8;10,6;0,9;0,9;1,1;0,5
23;NL:Q:51750280;Flank;Gorinchem;0,0;0,0;0,0;0,0;0,0;0,0
23;NL:Q:51750290;Flank;Gorinchem;0,0;0,0;0,0;0,0;0,0;0,0
23;NL:Q:51750380;Glacis;Gorinchem;0,0;0,0;0,0;0,0;0,0;0,0
23;NL:Q:51750390;Glacis;Gorinchem;0,0;0,0;0,0;0,0;0,0;0,0
23;NL:Q:51750410;Merwedekanaal;Gorinchem;10,7;0,6;0,8;0,1;0,7;0,0
23;NL:Q:51750420;Merwedekanaal;Gorinchem;0,5;17,1;0,0;0,7;0,1;0,5
23;NL:Q:51751200;Muzenlaan;Gorinchem;5,7;4,2;2,4;4,4;1,4;1,7
23;NL:Q:51751240;Graaf Reinaldweg;Gorinchem;1,4;0,6;0,4;0,5;0,4;0,3
23;NL:Q:51752010;Nieuwe Hoven;Gorinchem;1,7;0,3;0,0;0,0;0,0;0,0
23;NL:Q:51752020;Nieuwe Hoven;Gorinchem;0,1;0,5;0,0;0,0;0,0;0,0
23;NL:Q:51752130;Viaduct A15/Gomarus;Gorinchem;26,0;20,1;0,0;0,0;0,0;0,0
23;NL:Q:51753080;Beatrixlaan;Dalem;3,2;7,7;0,9;2,4;0,9;1,1
23;NL:Q:51753090;Beatrixlaan;Dalem;3,9;4,3;2,6;1,7;2,8;0,8
23;NL:Q:51755510;Griendweg;Gorinchem;0,0;0,0;0,0;0,0;0,0;0,0
23;NL:Q:51755520;Griendweg;Dalem;0,0;0,1;0,0;0,0;0,0;0,0
23;NL:Q:51760060;Recht van ter Leede;Leerdam;0,4;0,4;0,0;0,0;0,0;0,0
23;NL:Q:51760090;Station Leerdam;Leerdam;3,9;16,0;0,5;0,0;0,0;0,0
23;NL:Q:51760120;Station Leerdam;Leerdam;20,7;4,1;0,0;0,8;0,0;0,0
23;NL:Q:51760130;Recht van ter Leede;Leerdam;0,0;0,7;0,0;0,1;0,0;0,0
23;NL:Q:51760230;Lingepolikliniek;Leerdam;0,6;0,7;0,1;0,0;0,0;0,0
23;NL:Q:51760250;Dr. C. Voogdplein;Leerdam;1,2;0,4;0,0;0,0;0,0;0,0
23;NL:Q:51760260;Dr. C. Voogdplein;Leerdam;0,1;0,9;0,1;0,0;0,0;0,0
23;NL:Q:51760270;Prinses Marijkestraat;Leerdam;0,5;0,2;0,0;0,0;0,0;0,0
23;NL:Q:51760280;Prinses Marijkestraat;Leerdam;0,1;0,4;0,0;0,0;0,0;0,0
23;NL:Q:51760360;Lingepolikliniek;Leerdam;0,1;0,7;0,0;0,1;0,0;0,0
23;NL:Q:51760370;Gemeentehuis;Asperen;0,6;0,1;0,2;0,0;0,0;0,0
23;NL:Q:51760380;Gemeentehuis;Asperen;0,0;0,2;0,0;0,1;0,0;0,0
23;NL:Q:51760390;Kerkweg;Asperen;0,0;0,0;0,0;0,0;0,0;0,0
23;NL:Q:51760400;Kerkweg;Asperen;0,0;0,0;0,0;0,0;0,0;0,0
23;NL:Q:51760410;Gruttersdam;Asperen;0,9;0,6;0,0;0,1;0,0;0,0
23;NL:Q:51760420;Gruttersdam;Asperen;1,7;1,7;0,1;0,0;0,0;0,0
23;NL:Q:51760430;Raadhuisplein;Asperen;2,1;1,5;0,0;0,0;0,0;0,0
23;NL:Q:51760440;Raadhuisplein;Asperen;2,0;2,5;0,0;0,0;0,0;0,0
23;NL:Q:51760450;Baronie;Asperen;0,4;0,2;0,0;0,0;0,0;0,0
23;NL:Q:51760460;Baronie;Asperen;0,1;0,6;0,0;0,0;0,0;0,0
23;NL:Q:51760470;Drostlaan;Asperen;1,0;0,7;0,0;0,0;0,0;0,0
23;NL:Q:51760480;Drostlaan;Asperen;1,0;1,4;0,0;0,0;0,0;0,0
23;NL:Q:51760550;Brandweer;Asperen;0,4;0,8;0,1;0,0;0,0;0,0
23;NL:Q:51760560;Brandweer;Asperen;0,1;0,2;0,0;0,2;0,0;0,0
23;NL:Q:51760570;Stardam;Asperen;0,1;0,1;0,1;0,0;0,0;0,0
23;NL:Q:51760580;Stardam;Asperen;0,0;0,0;0,0;0,0;0,0;0,0
23;NL:Q:51760590;Schildkamp;Asperen;0,5;0,4;0,2;0,1;0,0;0,0
23;NL:Q:51760600;Schildkamp;Asperen;0,1;0,2;0,0;0,0;0,0;0,0
23;NL:Q:51769070;De Schakel;Acquoy;0,1;0,0;0,1;0,0;0,0;0,0
23;NL:Q:51769080;De Schakel;Acquoy;0,0;0,1;0,0;0,0;0,0;0,0
23;NL:Q:51769110;Achterweg;Acquoy;0,0;0,1;0,0;0,0;0,0;0,0
23;NL:Q:51769120;Achterweg;Acquoy;0,1;0,0;0,0;0,0;0,0;0,0
23;NL:Q:60000280;Joris Ivensplein;Nijmegen;2,4;16,2;1,7;9,3;0,8;10,9
23;NL:Q:60000610;Joris Ivensplein;Nijmegen;15,8;2,6;9,8;1,8;14,6;3,4
23;NL:Q:60000630;Havenweg;Nijmegen;0,9;8,6;0,9;3,8;1,1;8,5
23;NL:Q:60000970;Sluis Weurt;Nijmegen;1,4;2,4;0,5;1,0;0,3;1,7
23;NL:Q:60000990;Sluis Weurt;Nijmegen;1,7;1,7;0,9;0,7;2,4;1,8
23;NL:Q:60001002;Centraal Station;Nijmegen;155,3;0,0;76,0;0,0;129,5;0,0
23;NL:Q:60001003;Centraal Station;Nijmegen;0,0;117,1;0,0;53,4;0,0;86,5
23;NL:Q:60001050;Havenweg;Nijmegen;5,7;0,9;3,8;0,7;2,2;1,2
23;NL:Q:60001200;Smetiusstraat;Nijmegen;8,7;6,5;5,2;1,1;6,8;5,1
23;NL:Q:60001700;Smetiusstraat;Nijmegen;1,7;9,4;0,5;5,6;0,3;6,3
23;NL:Q:60002005;Plein 1944;Nijmegen;50,9;14,0;36,2;8,1;46,5;13,6
23;NL:Q:60002006;Plein 1944;Nijmegen;4,6;49,3;3,9;39,3;2,6;36,7
23;NL:Q:60003370;Merwedestraat;Nijmegen;0,8;9,5;1,3;6,9;1,5;10,3
23;NL:Q:60003450;Vlietstraat;Nijmegen;3,1;3,7;2,1;2,3;1,2;4,0
23;NL:Q:60003490;Biezenstraat;Nijmegen;6,4;1,0;3,8;0,5;2,7;1,2
23;NL:Q:60003580;Vlietstraat;Nijmegen;5,5;6,1;4,7;3,2;5,7;6,8
23;NL:Q:60003660;Biezenstraat;Nijmegen;0,9;9,1;0,6;3,5;1,3;8,5
23;NL:Q:60003720;Merwedestraat;Nijmegen;6,5;1,3;4,1;1,0;3,0;1,5
23;NL:Q:60003880;Industrieweg;Nijmegen;0,7;9,8;0,2;2,3;0,5;2,1
23;NL:Q:60003960;Industrieweg;Nijmegen;9,5;2,7;3,3;0,8;0,8;0,9
23;NL:Q:61120010;Kerkstraat;Weurt;0,1;9,8;0,0;5,8;0,0;11,1
23;NL:Q:61120020;Hommelstraat;Beuningen;4,1;1,4;2,6;0,9;3,8;1,2
23;NL:Q:61120040;Kerk;Beuningen;11,1;1,8;6,4;0,8;9,5;0,9
23;NL:Q:61120050;Distelakkerstraat;Beuningen;0,2;1,4;0,1;0,9;0,2;1,3
23;NL:Q:61120060;Distelakkerstraat;Beuningen;1,5;0,2;0,7;0,2;0,4;0,1
23;NL:Q:61120070;Kerk;Beuningen;7,5;16,3;3,6;8,0;4,9;15,7
23;NL:Q:61120090;Hommelstraat;Beuningen;1,2;5,6;0,7;2,9;0,8;4,7
23;NL:Q:61120100;Kerkstraat;Weurt;6,6;0,6;4,3;0,3;2,9;0,9
23;NL:Q:61120470;Gemeentehuis;Beuningen;1,3;4,9;0,7;2,0;1,1;5,8
23;NL:Q:61120480;Gemeentehuis;Beuningen;3,7;7,5;1,7;4,2;1,3;5,3
23;NL:Q:61220010;Julianastraat;Ewijk;4,2;24,6;1,4;11,1;2,4;14,8
23;NL:Q:61220020;Deijnschestraat;Winssen;0,6;0,2;0,2;0,0;0,5;0,1
23;NL:Q:61220030;Molenweg;Ewijk;0,1;1,3;0,1;0,7;0,1;1,2
23;NL:Q:61220040;Geerstraat;Winssen;2,0;0,4;0,7;0,2;1,1;0,1
23;NL:Q:61220060;Leegstraat;Winssen;11,1;2,2;5,3;0,4;6,6;0,7
23;NL:Q:61220070;Leegstraat;Winssen;1,1;9,1;0,4;4,8;0,7;5,1
23;NL:Q:61220090;Geerstraat;Winssen;0,3;1,9;0,2;1,1;0,2;1,2
23;NL:Q:61220100;Molenweg;Ewijk;1,1;0,2;0,8;0,1;1,0;0,2
23;NL:Q:61220110;Deijnschestraat;Winssen;0,0;0,9;0,1;0,5;0,0;0,8
23;NL:Q:61220120;Julianastraat;Ewijk;23,7;5,8;10,8;2,3;14,3;2,2
23;NL:Q:61220170;Keizershoeve;Ewijk;0,9;6,5;0,4;4,3;0,8;6,9
23;NL:Q:61220180;Keizershoeve;Ewijk;5,9;1,4;3,9;0,5;5,9;0,4
23;NL:Q:61220190;Plakstraat;Winssen;0,5;5,8;0,3;3,3;0,7;4,0
23;NL:Q:61220200;Plakstraat;Winssen;4,7;0,7;2,4;0,2;4,3;0,3
23;NL:Q:61280010;Achterstraat;Varik;0,2;0,6;0,0;0,0;0,0;0,0
23;NL:Q:61280020;Esterwegsestoep;Heesselt;0,0;0,1;0,0;0,0;0,0;0,0
23;NL:Q:61280030;Kerkstraat 3;Varik;0,1;0,3;0,0;0,0;0,0;0,0
23;NL:Q:61280040;Van Riemsdijk;Heesselt;0,1;0,0;0,0;0,0;0,0;0,0
23;NL:Q:61280060;Gemeneweg;Heesselt;0,0;0,0;0,0;0,0;0,0;0,0
23;NL:Q:61280070;Kerkstraat 38;Varik;0,5;1,4;0,0;0,0;0,0;0,0
23;NL:Q:61280080;Kerklaan;Heesselt;0,1;0,3;0,0;0,0;0,0;0,0
23;NL:Q:61280090;Postkantoor;Varik;0,5;0,8;0,0;0,0;0,0;0,0
23;NL:Q:61280100;Gerestraat 40;Heesselt;0,1;0,0;0,0;0,0;0,0;0,0
23;NL:Q:61280110;Toevershof;Varik;0,5;1,1;0,0;0,0;0,0;0,0
23;NL:Q:61280120;Heesselt;Heesselt;0,0;0,1;0,0;0,0;0,0;0,0
23;NL:Q:61280130;Walgtsestraat;Varik;0,4;0,4;0,0;0,0;0,0;0,0
23;NL:Q:61280140;Sportterrein;Varik;0,0;0,4;0,0;0,0;0,0;0,0
23;NL:Q:61280150;Sportterrein;Varik;0,0;0,0;0,0;0,0;0,0;0,0
23;NL:Q:61280160;Walgtsestraat;Varik;0,4;0,2;0,0;0,0;0,0;0,0
23;NL:Q:61280170;Heesselt;Heesselt;0,0;0,0;0,0;0,0;0,0;0,0
23;NL:Q:61280180;Toevershof;Varik;1,3;0,3;0,0;0,0;0,0;0,0
23;NL:Q:61280190;Gerestraat 40;Heesselt;0,0;0,2;0,0;0,0;0,0;0,0
23;NL:Q:61280200;Postkantoor;Varik;0,8;0,4;0,0;0,0;0,0;0,0
23;NL:Q:61280210;Kerklaan;Heesselt;0,3;0,1;0,0;0,0;0,0;0,0
23;NL:Q:61280220;Kerkstraat 38;Varik;1,0;0,5;0,0;0,0;0,0;0,0
23;NL:Q:61280230;Gemeneweg;Heesselt;0,0;0,4;0,0;0,0;0,0;0,0
23;NL:Q:61280240;Kerkstraat 3;Varik;0,2;0,1;0,0;0,0;0,0;0,0
23;NL:Q:61280250;Van Riemsdijk;Heesselt;0,0;0,1;0,0;0,0;0,0;0,0
23;NL:Q:61280260;Achterstraat;Varik;0,3;0,4;0,0;0,0;0,0;0,0
23;NL:Q:61280270;Esterwegsestoep;Heesselt;0,0;0,0;0,0;0,0;0,0;0,0
23;NL:Q:61311020;Passewaaij;Tiel;10,3;0,0;0,0;0,0;0,0;0,0
23;NL:Q:61311030;Passewaaij;Tiel;0,0;11,6;0,0;0,0;0,0;0,0
23;NL:Q:61320020;Klapstraat;Afferden;3,1;0,6;1,7;0,1;2,6;0,3
23;NL:Q:61320031;Koningstraat;Afferden;0,0;0,6;0,0;0,9;0,0;0,8
23;NL:Q:61320041;Pas;Afferden;8,9;1,0;3,8;0,3;7,6;0,3
23;NL:Q:61320051;Pas;Afferden;0,6;7,5;0,1;4,1;0,4;5,9
23;NL:Q:61320061;Koningstraat;Afferden;1,3;0,1;0,7;0,0;1,2;0,0
23;NL:Q:61320070;Klapstraat;Afferden;0,2;1,3;0,2;0,9;0,2;1,5
23;NL:Q:61320080;Grotestraat;Deest;10,0;3,2;4,4;1,7;5,7;1,8
23;NL:Q:61320110;Grotestraat;Deest;1,9;8,5;0,9;5,0;1,4;6,1
23;NL:Q:61350010;Esterweg;Opijnen;0,0;0,0;0,0;0,0;0,0;0,0
23;NL:Q:61350020;PGEM Station;Neerijnen;0,1;0,3;0,0;0,0;0,0;0,0
23;NL:Q:61350030;Zandstraat 59;Opijnen;0,5;0,3;0,0;0,0;0,0;0,0
23;NL:Q:61350040;School;Neerijnen;0,2;0,1;0,0;0,0;0,0;0,0
23;NL:Q:61350050;Nieuwe Stoep;Opijnen;0,2;0,2;0,0;0,0;0,0;0,0
23;NL:Q:61350060;De Vor;Neerijnen;0,0;0,1;0,0;0,0;0,0;0,0
23;NL:Q:61350070;Smid van Empel;Opijnen;0,7;0,3;0,0;0,0;0,0;0,0
23;NL:Q:61350080;Repelsestraat;Opijnen;0,1;1,0;0,0;0,0;0,0;0,0
23;NL:Q:61350090;Gemeentehuis;Opijnen;3,1;1,9;0,0;0,0;0,0;0,0
23;NL:Q:61350100;Gemeentehuis;Opijnen;2,0;0,9;0,0;0,0;0,0;0,0
23;NL:Q:61350110;Repelsestraat;Opijnen;0,0;0,0;0,0;0,0;0,0;0,0
23;NL:Q:61350120;Smid van Empel;Opijnen;0,2;0,7;0,0;0,0;0,0;0,0
23;NL:Q:61350130;De Vor;Neerijnen;0,0;0,0;0,0;0,0;0,0;0,0
23;NL:Q:61350140;Nieuwe Stoep;Opijnen;0,0;0,1;0,0;0,0;0,0;0,0
23;NL:Q:61350150;School;Neerijnen;0,3;0,3;0,0;0,0;0,0;0,0
23;NL:Q:61350160;Zandstraat 59;Opijnen;0,3;0,3;0,0;0,0;0,0;0,0
23;NL:Q:61350170;PGEM Station;Neerijnen;0,1;0,4;0,0;0,0;0,0;0,0
23;NL:Q:61350180;Esterweg;Opijnen;0,0;0,0;0,0;0,0;0,0;0,0
23;NL:Q:61360010;Burg. Verweijlaan;Geldermalsen;0,1;0,0;0,0;0,0;0,0;0,0
23;NL:Q:61360030;Prinses Marijkeweg;Geldermalsen;0,5;0,2;0,0;0,2;0,0;0,0
23;NL:Q:61360040;Prinses Marijkeweg;Geldermalsen;0,2;3,3;0,0;0,0;0,0;0,0
23;NL:Q:61360060;Zorgcentrum;Geldermalsen;0,0;0,6;0,0;0,1;0,0;0,0
23;NL:Q:61360080;Poppenbouwing Oost;Geldermalsen;0,8;1,0;0,0;0,0;0,0;0,0
23;NL:Q:61360110;Centrum;Geldermalsen;0,6;0,1;0,0;0,0;0,0;0,0
23;NL:Q:61360120;Kostverlorenkade;Geldermalsen;0,0;0,1;0,0;0,0;0,0;0,0
23;NL:Q:61360130;Gemeentehuis;Geldermalsen;0,1;0,0;0,0;0,0;0,0;0,0
23;NL:Q:61360140;Gemeentehuis;Geldermalsen;0,0;0,1;0,0;0,0;0,0;0,0
23;NL:Q:61360180;Burg. Verweijlaan;Geldermalsen;0,0;0,5;0,0;0,2;0,0;0,0
23;NL:Q:61360220;Tunnelweg;Geldermalsen;0,0;0,0;0,0;0,0;0,0;0,0
23;NL:Q:61360230;Tunnelweg;Geldermalsen;0,0;0,0;0,0;0,0;0,0;0,0
23;NL:Q:61360270;Centrum;Geldermalsen;0,1;1,3;0,0;0,5;0,0;0,0
23;NL:Q:61360290;Kalenberg;Meteren;15,9;7,1;1,5;4,5;0,6;2,8
23;NL:Q:61360300;Kalenberg;Meteren;4,2;16,2;0,4;1,6;0,3;0,7
23;NL:Q:61360310;Landbouwhuis;Meteren;3,4;1,0;0,8;0,7;0,2;0,6
23;NL:Q:61360320;Landbouwhuis;Meteren;0,9;4,4;0,3;0,6;0,4;0,2
23;NL:Q:61360330;Rode Kruis Gebouw;Geldermalsen;0,0;0,7;0,0;0,0;0,0;0,0
23;NL:Q:61360350;Station;Geldermalsen;101,0;3,8;27,7;0,3;15,0;0,1
23;NL:Q:61360360;Station;Geldermalsen;3,3;86,4;0,5;16,7;0,1;10,5
23;NL:Q:61360370;Station;Geldermalsen;2,9;0,0;0,5;0,0;0,0;0,0
23;NL:Q:61360380;Rode Kruis Gebouw;Geldermalsen;0,5;0,0;0,0;0,0;0,0;0,0
23;NL:Q:61360510;Voetbalveld;Geldermalsen;1,2;0,5;0,0;0,0;0,0;0,0
23;NL:Q:61360550;Rijnstraat;Geldermalsen;0,0;0,0;0,0;0,0;0,0;0,0
23;NL:Q:61360640;Hogeweide;Geldermalsen;1,0;0,9;0,0;0,0;0,0;0,0
23;NL:Q:61361050;Werkzaak;Geldermalsen;21,7;9,6;0,0;0,0;0,0;0,0
23;NL:Q:61361060;Werkzaak;Geldermalsen;5,0;25,6;0,0;0,0;0,0;0,0
23;NL:Q:61361310;Groeneweg;Buurmalsen;0,0;0,0;0,0;0,0;0,0;0,0
23;NL:Q:61361330;J.F. Kennedylaan;Geldermalsen;0,1;2,5;0,0;0,0;0,0;0,0
23;NL:Q:61361340;J.F. Kennedylaan;Geldermalsen;0,1;0,2;0,0;0,0;0,0;0,0
23;NL:Q:61361350;Rijksstraatweg;Buurmalsen;0,0;0,0;0,0;0,0;0,0;0,0
23;NL:Q:61361360;Rooimond;Buurmalsen;0,0;0,0;0,0;0,0;0,0;0,0
23;NL:Q:61361370;Rooimond;Buurmalsen;0,0;0,1;0,0;0,0;0,0;0,0
23;NL:Q:61361380;Rijksstraatweg;Buurmalsen;0,0;0,0;0,0;0,0;0,0;0,0
23;NL:Q:61362010;Hondsgemet;Est;0,1;1,1;0,0;0,0;0,0;0,0
23;NL:Q:61362020;Kerk;Est;0,3;0,3;0,0;0,1;0,0;0,0
23;NL:Q:61363010;Dorpshuis;Tricht;0,1;0,1;0,1;0,0;0,0;0,0
23;NL:Q:61368120;Verlengde Bredestraat;Meteren;0,0;0,0;0,0;0,0;0,0;0,0
23;NL:Q:61368130;De Plantage;Meteren;0,0;0,0;0,0;0,0;0,0;0,0
23;NL:Q:61368296;MFC de Pluk;West Betuwe;0,0;0,2;0,0;0,1;0,0;0,0
23;NL:Q:61369060;Groeneweg;Buurmalsen;0,0;0,0;0,0;0,0;0,0;0,0
23;NL:Q:61369180;Dorpsstraat;Meteren;0,1;0,1;0,1;0,0;0,0;0,0
23;NL:Q:61369410;Kostverlorenkade;Geldermalsen;0,0;0,0;0,0;0,1;0,0;0,0
23;NL:Q:61369430;Rijnstraat;Geldermalsen;0,0;0,0;0,0;0,0;0,0;0,0
23;NL:Q:61369550;Lokhorstschool;Deil;0,1;2,6;0,0;0,0;0,0;0,0
23;NL:Q:61369560;Lokhorstschool;Deil;0,0;0,0;0,0;0,0;0,0;0,0
23;NL:Q:61369570;Schoresteynstraat;Deil;0,0;0,1;0,0;0,0;0,0;0,0
23;NL:Q:61369580;Schoresteynstraat;Deil;0,0;0,0;0,0;0,0;0,0;0,0
23;NL:Q:61370020;Klepperheide;Kerk-Avezaath;0,3;0,4;0,3;0,2;0,1;0,1
23;NL:Q:61370110;Klepperheide;Kerk-Avezaath;0,3;0,4;0,1;0,3;0,1;0,2
23;NL:Q:61370210;N834/Daver;Kerk-Avezaath;1,8;1,7;1,0;1,0;0,7;1,4
23;NL:Q:61370220;N834/Daver;Kapel Avezaath Buren;1,7;1,8;0,9;1,0;0,4;0,7
23;NL:Q:61380010;Ophemertsedijk;Tiel;0,0;0,0;0,0;0,0;0,0;0,0
23;NL:Q:61380020;Kloppenhof;Ophemert;0,1;0,0;0,0;0,0;0,0;0,0
23;NL:Q:61380030;Steenfabriek;Ophemert;0,0;0,0;0,0;0,0;0,0;0,0
23;NL:Q:61380040;Van Beesd;Ophemert;0,7;0,0;0,0;0,0;0,0;0,0
23;NL:Q:61380050;Rode Molen;Ophemert;0,0;0,0;0,0;0,0;0,0;0,0
23;NL:Q:61380060;Griedesteeg;Ophemert;1,5;0,1;0,0;0,0;0,0;0,0
23;NL:Q:61380070;Hermoesestraat;Ophemert;0,0;0,0;0,0;0,0;0,0;0,0
23;NL:Q:61380080;Vivo;Ophemert;0,6;0,1;0,0;0,0;0,0;0,0
23;NL:Q:61380090;Waalbandijk;Ophemert;0,0;0,0;0,0;0,0;0,0;0,0
23;NL:Q:61380100;Goossen Janssenstraat;Ophemert;0,3;0,0;0,0;0,0;0,0;0,0
23;NL:Q:61380110;Molenstraat;Ophemert;0,0;0,0;0,0;0,0;0,0;0,0
23;NL:Q:61380120;Molenstraat;Ophemert;0,0;0,0;0,0;0,0;0,0;0,0
23;NL:Q:61380130;Goossen Janssenstraat;Ophemert;0,0;0,3;0,0;0,0;0,0;0,0
23;NL:Q:61380140;Waalbandijk;Ophemert;0,0;0,0;0,0;0,0;0,0;0,0
23;NL:Q:61380150;Vivo;Ophemert;0,1;0,7;0,0;0,0;0,0;0,0
23;NL:Q:61380160;Hermoesestraat;Ophemert;0,0;0,0;0,0;0,0;0,0;0,0
23;NL:Q:61380170;Griedesteeg;Ophemert;0,2;1,7;0,0;0,0;0,0;0,0
23;NL:Q:61380180;Rode Molen;Ophemert;0,0;0,0;0,0;0,0;0,0;0,0
23;NL:Q:61380190;Van Beesd;Ophemert;0,1;0,2;0,0;0,0;0,0;0,0
23;NL:Q:61380210;Kloppenhof;Ophemert;0,0;0,0;0,0;0,0;0,0;0,0
23;NL:Q:61380220;Ophemertsedijk;Tiel;0,0;0,0;0,0;0,0;0,0;0,0
23;NL:Q:61400010;Lingebrug;Zetten;0,0;0,1;0,0;0,0;0,0;0,0
23;NL:Q:61400030;Molenstraat;Zetten;0,0;0,0;0,0;0,0;0,0;0,0
23;NL:Q:61400120;Molenstraat;Zetten;0,0;0,0;0,0;0,0;0,0;0,0
23;NL:Q:61400140;Lingebrug;Zetten;0,0;0,1;0,0;0,0;0,0;0,0
23;NL:Q:61400160;Vogelenzang;Andelst;0,0;0,1;0,0;0,0;0,0;0,0
23;NL:Q:61400390;Vogelenzang;Andelst;0,6;0,0;0,0;0,0;0,0;0,0
23;NL:Q:61401001;Station Zetten Andelst;Zetten;3,9;4,0;0,0;0,0;0,0;0,0
23;NL:Q:61401170;Monument;Andelst;0,1;0,1;0,0;0,0;0,0;0,0
23;NL:Q:61401230;Brittanjesingel;Zetten;0,6;0,4;0,0;0,0;0,0;0,0
23;NL:Q:61401240;Brittanjesingel;Zetten;0,6;0,7;0,0;0,0;0,0;0,0
23;NL:Q:61401270;Stationsstraat;Zetten;0,2;0,5;0,0;0,0;0,0;0,0
23;NL:Q:61401280;Stationsstraat;Zetten;0,2;0,3;0,0;0,0;0,0;0,0
23;NL:Q:61401310;Hoofdstraat;Zetten;0,8;0,5;0,0;0,0;0,0;0,0
23;NL:Q:61401320;Hoofdstraat;Zetten;0,4;0,6;0,0;0,0;0,0;0,0
23;NL:Q:61402270;Monument;Andelst;0,3;0,3;0,0;0,0;0,0;0,0
23;NL:Q:61402310;Industrieweg;Andelst;0,0;0,1;0,0;0,0;0,0;0,0
23;NL:Q:61402320;Industrieweg;Andelst;0,0;0,2;0,0;0,0;0,0;0,0
23;NL:Q:61410030;Veemarkt;Tiel;17,9;38,4;3,3;24,6;1,5;11,4
23;NL:Q:61410050;Lingedijk;Tiel;2,7;0,2;1,7;0,2;0,9;0,0
23;NL:Q:61410070;Station Noordzijde;Tiel;17,2;15,3;7,5;4,8;5,7;2,8
23;NL:Q:61410080;Vrijthof;Tiel;2,2;2,0;0,0;0,0;0,0;0,0
23;NL:Q:61410090;Prinses Marijkelaan;Tiel;0,5;0,7;0,4;0,5;0,4;0,1
23;NL:Q:61410120;Prinses Marijkelaan;Tiel;0,0;0,9;0,1;0,8;0,0;0,2
23;NL:Q:61410130;Vrijthof;Tiel;2,2;1,7;0,0;0,1;0,0;0,0
23;NL:Q:61410140;Station Noordzijde;Tiel;0,2;33,6;0,1;15,4;0,1;11,3
23;NL:Q:61410160;Lingedijk;Tiel;0,1;5,1;0,1;1,8;0,0;1,3
23;NL:Q:61410180;Sportpark Ridderweide;Tiel;1,5;0,2;0,0;0,0;0,0;0,0
23;NL:Q:61410200;Sporthal de Betuwe;Tiel;8,5;0,8;0,0;0,0;0,0;0,0
23;NL:Q:61410210;Hoog Kellenseweg;Tiel;1,3;5,2;0,9;1,1;0,2;0,6
23;NL:Q:61410220;Batouwe;Tiel;4,1;1,1;0,0;0,0;0,0;0,0
23;NL:Q:61410240;Westlede;Tiel;2,5;0,5;0,0;0,0;0,0;0,0
23;NL:Q:61410250;Grote Brugse Grintweg;Tiel;7,4;2,6;2,7;1,1;1,4;0,7
23;NL:Q:61410260;Teisterbantlaan;Tiel;0,0;0,1;0,0;0,0;0,0;0,0
23;NL:Q:61410290;Station;Tiel;15,3;9,8;7,9;0,0;4,7;0,0
23;NL:Q:61410300;Heiligestraat;Tiel;0,0;0,3;0,0;0,0;0,0;0,0
23;NL:Q:61410310;Station;Tiel;1,7;0,0;1,1;0,0;1,0;0,0
23;NL:Q:61410320;Station;Tiel;184,8;119,3;48,5;31,0;48,8;39,2
23;NL:Q:61410330;Veemarkt;Tiel;37,1;23,2;14,5;1,3;8,3;0,4
23;NL:Q:61410340;Station;Tiel;0,5;0,0;0,0;0,0;0,0;0,0
23;NL:Q:61410370;Santwyckse Poort;Tiel;1,7;6,5;0,7;3,6;0,2;1,2
23;NL:Q:61410380;Grote Brugse Grintweg;Tiel;7,0;6,9;2,6;2,7;1,9;1,2
23;NL:Q:61410390;Heiligestraat;Tiel;0,3;0,3;0,0;0,0;0,0;0,0
23;NL:Q:61410420;Hoog Kellenseweg;Tiel;0,1;1,5;0,0;1,5;0,0;0,4
23;NL:Q:61410430;Teisterbantlaan;Tiel;0,9;0,0;0,0;0,0;0,0;0,0
23;NL:Q:61410450;Westlede;Tiel;0,5;2,2;0,0;0,0;0,0;0,0
23;NL:Q:61410470;Batouwe;Tiel;1,3;4,9;0,0;0,0;0,0;0,0
23;NL:Q:61410490;Sporthal de Betuwe;Tiel;3,7;0,4;0,0;0,0;0,0;0,0
23;NL:Q:61410510;Sportpark Ridderweide;Tiel;0,7;6,2;0,0;0,0;0,0;0,0
23;NL:Q:61410530;Rijksscholengemeenschap;Tiel;10,5;14,6;2,5;3,4;1,1;1,3
23;NL:Q:61410580;Rijksscholengemeenschap;Tiel;4,4;1,7;0,0;0,0;0,0;0,0
23;NL:Q:61410640;Laan van Westroijen;Tiel;7,9;4,1;0,6;0,8;1,4;0,8
23;NL:Q:61410690;Laan van Westroijen;Tiel;3,7;5,4;0,5;0,5;1,2;1,6
23;NL:Q:61410700;Lokstraat;Tiel;1,9;0,5;0,6;0,1;0,4;0,2
23;NL:Q:61410710;Lokstraat;Tiel;0,4;2,2;0,1;0,7;0,2;0,5
23;NL:Q:61410720;Rauwenhof;Tiel;1,1;0,5;0,0;0,0;0,0;0,0
23;NL:Q:61410730;Rauwenhof;Tiel;0,2;1,8;0,5;0,5;0,1;0,5
23;NL:Q:61410740;ROC Rivor;Tiel;9,5;20,7;0,1;0,1;0,1;0,1
23;NL:Q:61410750;Rauwenhof;Tiel;2,6;2,1;0,6;0,8;0,5;0,2
23;NL:Q:61410770;ROC Rivor;Tiel;15,8;18,9;0,0;0,1;0,1;0,0
23;NL:Q:61410800;Voetveer;Tiel;0,9;0,7;0,6;0,6;0,6;0,6
23;NL:Q:61410810;Voetveer;Tiel;0,7;0,9;0,4;0,9;0,2;0,3
23;NL:Q:61410940;Santwyckse Poort;Tiel;5,8;1,8;2,2;0,7;1,0;0,3
23;NL:Q:61410970;Groenendaal Plus;Tiel;1,9;0,4;2,0;0,3;1,5;0,2
23;NL:Q:61410980;Groenendaal Plus;Tiel;0,4;2,3;0,2;2,4;0,1;1,3
23;NL:Q:61411000;Inundatiekanaal;Tiel;1,0;0,1;0,0;0,0;0,0;0,0
23;NL:Q:61411010;Inundatiekanaal;Tiel;0,4;1,5;0,0;0,0;0,0;0,0
23;NL:Q:61411050;Jhr. P.A. Reuchlinlaan;Tiel;0,2;0,9;0,0;0,0;0,0;0,0
23;NL:Q:61411060;Jhr. P.A. Reuchlinlaan;Tiel;0,1;0,1;0,0;0,0;0,0;0,0
23;NL:Q:61411070;Sportpark Rauwenhof;Tiel;1,4;0,3;0,3;0,4;1,7;0,0
23;NL:Q:61411080;Sportpark Rauwenhof;Tiel;0,3;1,3;0,4;0,4;0,2;0,5
23;NL:Q:61411100;Station;Tiel;1,6;5,4;0,3;1,6;0,4;1,5
23;NL:Q:61412090;Elzenpasch Zuid;Tiel;4,1;5,6;0,7;1,6;0,7;2,0
23;NL:Q:61412100;Elzenpasch Zuid;Tiel;1,4;0,5;0,8;0,8;0,8;0,4
23;NL:Q:61412130;Elzenpasch West;Tiel;0,0;0,0;0,2;0,6;0,2;0,4
23;NL:Q:61412140;Elzenpasch West;Tiel;0,0;0,0;0,0;0,4;0,1;0,6
23;NL:Q:61412150;Predikbroedersweg;Tiel;1,9;3,3;0,2;0,5;0,5;0,7
23;NL:Q:61412160;Predikbroedersweg;Tiel;8,8;1,6;0,2;0,3;0,8;0,4
23;NL:Q:61412170;Westluidense Poort;Tiel;0,3;2,7;0,2;0,8;0,0;0,2
23;NL:Q:61412180;Westluidense Poort;Tiel;1,7;0,6;0,8;0,4;0,2;0,4
23;NL:Q:61412190;Waardenburglaan;Tiel;4,9;0,0;0,0;0,0;0,0;0,0
23;NL:Q:61412200;Waardenburglaan;Tiel;0,0;6,4;0,0;0,0;0,0;0,0
23;NL:Q:61420010;Pax Christi College;Druten;0,4;7,9;0,0;3,6;0,1;4,2
23;NL:Q:61420030;Hermes Garage;Druten;0,7;3,4;0,2;2,2;0,1;3,2
23;NL:Q:61420050;Markt;Druten;1,1;11,0;0,7;7,4;1,0;8,8
23;NL:Q:61420070;Javaplein;Druten;0,2;3,7;0,0;3,1;0,0;3,8
23;NL:Q:61420100;Markt;Druten;11,7;0,8;5,5;0,2;9,6;0,4
23;NL:Q:61420120;Hermes Garage;Druten;4,0;2,0;1,5;0,8;2,5;1,1
23;NL:Q:61420140;Pax Christi College;Druten;8,6;2,2;1,6;0,1;3,2;0,3
23;NL:Q:61420160;Gemeentehuis;Druten;0,4;4,8;0,2;4,4;0,2;3,9
23;NL:Q:61420180;Gemeentehuis;Druten;4,1;0,9;2,3;0,4;3,1;0,7
23;NL:Q:61420190;Kerkstraat;Puiflijk;1,9;5,8;0,8;2,3;0,7;1,6
23;NL:Q:61420200;Kerkstraat;Puiflijk;5,6;2,4;1,8;0,6;2,6;0,7
23;NL:Q:61420290;Javaplein;Druten;1,6;0,6;1,9;1,1;2,7;0,5
23;NL:Q:61420300;Koekoeksnest;Druten;13,1;24,3;3,8;3,7;2,4;3,9
23;NL:Q:61420310;Koekoeksnest;Druten;3,9;11,7;0,8;3,7;0,6;3,5
23;NL:Q:61420320;Westerhout;Puiflijk;6,5;5,7;1,4;1,3;2,0;0,7
23;NL:Q:61420330;Westerhout;Puiflijk;3,7;7,0;0,8;1,1;0,5;1,5
23;NL:Q:61421000;Busstation;Druten;67,3;0,0;41,9;0,0;65,3;0,0
23;NL:Q:61421001;Busstation;Druten;0,0;59,6;0,0;38,3;0,0;54,1
23;NL:Q:61421004;Busstation;Druten;215,2;94,0;42,3;15,5;35,4;21,6
23;NL:Q:61421010;Busstation;Druten;57,4;165,2;14,0;37,2;21,9;27,4
23;NL:Q:61450020;Waalbandijk;Tuil;4,0;2,5;1,5;0,5;0,6;0,2
23;NL:Q:61450060;Achterweg;Waardenburg;4,1;1,1;0,9;0,2;0,4;0,2
23;NL:Q:61450090;Busstation;Waardenburg;14,8;16,3;1,2;4,5;0,6;2,6
23;NL:Q:61450130;Achterweg;Waardenburg;1,3;6,2;0,3;1,0;0,2;0,4
23;NL:Q:61450170;Waalbandijk;Tuil;2,1;4,7;0,5;1,2;0,1;0,9
23;NL:Q:61451010;McDonalds;Waardenburg;0,4;0,8;0,0;0,0;0,0;0,0
23;NL:Q:61451190;Busstation;Waardenburg;19,1;17,9;2,9;2,0;1,6;0,6
23;NL:Q:61451290;Rijweg;Waardenburg;2,1;1,1;0,3;0,5;0,0;0,5
23;NL:Q:61451300;Rijweg;Neerijnen;1,1;1,5;0,3;0,1;0,2;0,0
23;NL:Q:61470010;Lutterveld;Erichem;0,8;0,9;0,5;0,6;0,4;0,3
23;NL:Q:61470020;Oranjehof;Buren;1,4;5,4;1,8;1,2;1,2;1,2
23;NL:Q:61470030;Binnenstraat;Erichem;0,8;0,2;0,1;0,1;0,4;0,1
23;NL:Q:61470050;Kerk;Erichem;1,8;1,3;0,9;0,6;1,7;0,2
23;NL:Q:61470060;Kerk;Erichem;1,3;1,9;0,5;0,9;0,2;0,4
23;NL:Q:61470070;Erichemseweg;Erichem;0,6;0,1;0,1;0,0;0,0;0,2
23;NL:Q:61470080;Ridder Alartlaan;Buren;3,6;8,3;1,2;1,7;0,6;0,9
23;NL:Q:61470090;Ridder Alartlaan;Buren;8,8;3,8;1,2;0,9;1,1;0,5
23;NL:Q:61470100;Erichemseweg;Erichem;0,1;0,5;0,0;0,1;0,0;0,1
23;NL:Q:61470120;Plantsoen;Buren;2,9;8,0;1,9;4,1;1,5;3,3
23;NL:Q:61470130;Plantsoen;Buren;8,1;3,3;3,8;1,8;4,2;1,4
23;NL:Q:61470140;Binnenstraat;Erichem;0,4;0,5;0,1;0,3;0,1;0,1
23;NL:Q:61470150;Oranjehof;Buren;5,2;1,0;1,1;1,4;2,5;0,8
23;NL:Q:61470160;Lutterveld;Erichem;0,9;0,8;0,8;0,6;0,3;0,5
23;NL:Q:61490010;Tielsestraat 43;Maurikseveld;0,0;0,2;0,2;0,0;0,0;0,1
23;NL:Q:61490020;Mauriksestraat;Maurikseveld;0,2;0,1;0,0;0,1;0,0;0,1
23;NL:Q:61490030;Tielsestraat 68;Maurikseveld;0,0;0,4;0,0;0,2;0,0;0,0
23;NL:Q:61490040;Tielsestraat 68;Maurikseveld;0,5;0,0;0,0;0,0;0,0;0,0
23;NL:Q:61490050;Mauriksestraat;Maurikseveld;0,1;0,2;0,0;0,1;0,0;0,1
23;NL:Q:61490060;Tielsestraat 43;Maurikseveld;0,1;0,1;0,0;0,0;0,0;0,0
23;NL:Q:61490070;Beldert;Maurik;0,8;1,4;0,7;2,9;0,2;0,5
23;NL:Q:61490080;Beldert;Maurik;0,9;0,9;1,0;0,3;0,3;0,2
23;NL:Q:61500010;Waggelekooy;Andelst;0,0;0,0;0,0;0,0;0,0;0,0
23;NL:Q:61500040;Betonfabriek;Dodewaard;0,2;1,6;0,0;0,0;0,0;0,0
23;NL:Q:61500050;Molenhofstraat;Wely;0,0;0,0;0,0;0,0;0,0;0,0
23;NL:Q:61500060;De Maten;Dodewaard;0,7;2,0;0,0;0,0;0,0;0,0
23;NL:Q:61500080;Molenpol;Dodewaard;0,9;2,0;0,0;0,0;0,0;0,0
23;NL:Q:61500090;Welysestraat;Hien;0,0;0,0;0,0;0,0;0,0;0,0
23;NL:Q:61500100;Pluimenburgsestraat;Dodewaard;0,1;0,3;0,0;0,0;0,0;0,0
23;NL:Q:61500110;Kerk;Hien;0,0;0,0;0,0;0,0;0,0;0,0
23;NL:Q:61500120;Kerk;Hien;0,0;0,1;0,0;0,0;0,0;0,0
23;NL:Q:61500130;Pluimenburgsestraat;Dodewaard;0,3;0,4;0,0;0,0;0,0;0,0
23;NL:Q:61500140;Welysestraat;Hien;0,0;0,0;0,0;0,0;0,0;0,0
23;NL:Q:61500150;Molenpol;Dodewaard;1,9;0,5;0,0;0,0;0,0;0,0
23;NL:Q:61500160;Smalleweg;Hien;0,0;0,0;0,0;0,0;0,0;0,0
23;NL:Q:61500170;De Maten;Dodewaard;1,8;0,7;0,0;0,0;0,0;0,0
23;NL:Q:61500180;Molenhofstraat;Dodewaard;0,0;0,0;0,0;0,0;0,0;0,0
23;NL:Q:61500190;Betonfabriek;Dodewaard;0,5;0,1;0,0;0,0;0,0;0,0
23;NL:Q:61500200;De Drie Akkers;Dodewaard;0,0;0,0;0,0;0,0;0,0;0,0
23;NL:Q:61500220;Waggelekooy;Andelst;0,0;0,5;0,0;0,0;0,0;0,0
23;NL:Q:61510050;Voorstraat;Echteld;4,8;5,2;2,0;1,1;1,7;0,9
23;NL:Q:61510120;Voorstraat;Echteld;4,5;5,4;0,8;3,2;1,0;1,5
23;NL:Q:61520210;Molenstraat;Boven Leeuwen;16,5;18,8;3,0;3,6;3,4;2,9
23;NL:Q:61520220;Molenstraat;Boven Leeuwen;18,8;16,3;3,6;2,8;3,4;3,5
23;NL:Q:61520230;Akkerstraat;Beneden-Leeuwen;51,7;60,6;13,2;13,8;17,5;11,0
23;NL:Q:61520240;Akkerstraat;Beneden-Leeuwen;59,4;53,4;15,6;12,8;13,2;12,4
23;NL:Q:61520250;Veesteeg;Beneden Leeuwen;18,7;10,6;3,3;1,9;3,3;2,1
23;NL:Q:61520260;Veesteeg;Boven Leeuwen;10,7;20,2;2,0;4,0;2,3;2,3
23;NL:Q:61520350;Prins Willem Alexanderbrug;Beneden-Leeuwen;18,1;15,4;2,0;1,7;3,1;1,9
23;NL:Q:61520360;Prins Willem Alexanderbrug;Beneden-Leeuwen;16,4;20,4;3,2;2,7;2,1;3,1
23;NL:Q:61550060;Bejaardencentrum;Haaften;15,6;10,5;1,7;2,2;1,5;2,2
23;NL:Q:61550080;Rabobank;Haaften;14,3;5,6;3,4;1,8;2,5;0,6
23;NL:Q:61550150;Rabobank;Haaften;9,3;20,3;2,6;3,8;1,1;1,8
23;NL:Q:61550170;Bejaardencentrum;Haaften;14,3;14,3;3,0;1,8;1,4;1,0
23;NL:Q:61550310;Hertog Karelweg/Kerkewaard;Haaften;0,7;2,3;0,4;0,3;0,1;0,2
23;NL:Q:61550320;Hertog Karelweg/Kerkewaard;Haaften;1,1;0,5;0,2;0,2;0,1;0,5
23;NL:Q:61551060;Marijkestraat;Haaften;1,3;3,1;0,3;0,4;0,1;0,1
23;NL:Q:61551170;Marijkestraat;Haaften;3,0;1,8;0,5;0,3;0,1;0,1
23;NL:Q:61570030;Krupheulstraat;Asch;0,3;0,5;0,1;0,1;0,1;0,2
23;NL:Q:61570040;De Kamp;Zoelmond;0,8;1,9;0,6;0,6;0,4;0,5
23;NL:Q:61570050;Kerkpad;Asch;3,4;0,7;1,0;1,1;0,9;0,7
23;NL:Q:61570060;Kerk;Zoelmond;5,3;12,2;1,1;3,8;0,6;2,1
23;NL:Q:61570070;Kerk;Zoelmond;12,5;4,1;3,4;0,9;2,4;0,5
23;NL:Q:61570080;Kerkpad;Asch;0,8;3,5;0,9;1,4;0,4;1,0
23;NL:Q:61570090;De Kamp;Zoelmond;1,6;0,8;0,4;0,7;0,2;0,5
23;NL:Q:61570100;Krupheulstraat;Asch;0,4;0,5;0,1;0,3;0,0;0,3
23;NL:Q:61570120;'t Hanenest;Asch;0,1;0,1;0,0;0,1;0,0;0,0
23;NL:Q:61570130;'t Hanenest;Buren;0,0;0,0;0,0;0,2;0,0;0,3
23;NL:Q:61570210;Het Molenhuis;Beusichem;1,5;0,7;0,7;0,2;0,7;0,0
23;NL:Q:61570220;Het Molenhuis;Beusichem;0,5;1,6;0,1;0,9;0,1;0,3
23;NL:Q:61580010;De Heuvel;Rijswijk;0,2;0,3;0,0;0,0;0,0;0,0
23;NL:Q:61580020;De Heuvel;Rijswijk;0,0;0,2;0,0;0,0;0,0;0,0
23;NL:Q:61580030;De Kleine Taveerne;Rijswijk;0,4;0,0;0,0;0,0;0,0;0,0
23;NL:Q:61580040;De Kleine Taveerne;Rijswijk;0,0;0,5;0,0;0,0;0,0;0,0
23;NL:Q:61580050;Prinses Marijkesluis;Rijswijk;0,4;0,2;0,0;0,0;0,0;0,0
23;NL:Q:61580060;Prinses Marijkesluis;Rijswijk;0,0;0,3;0,0;0,0;0,0;0,0
23;NL:Q:61589010;Vlierenhut;Zoelmond;0,2;0,0;0,0;0,0;0,0;0,0
23;NL:Q:61589020;Vlierenhut;Zoelmond;0,0;0,2;0,0;0,0;0,0;0,0
23;NL:Q:61589030;van Dieen;Ravenswaay;0,0;0,1;0,0;0,0;0,0;0,0
23;NL:Q:61589040;van Dieen;Ravenswaay;0,0;0,0;0,0;0,0;0,0;0,0
23;NL:Q:61589050;Donkerstraat;Ravenswaaij;0,4;0,0;0,0;0,0;0,0;0,0
23;NL:Q:61589060;Donkerstraat;Ravenswaaij;0,1;0,5;0,0;0,0;0,0;0,0
23;NL:Q:61589070;Ravenswaaijse steeg;Ravenswaaij;0,0;0,0;0,0;0,0;0,0;0,0
23;NL:Q:61589080;Ravenswaaijse steeg;Ravenswaaij;0,0;0,0;0,0;0,0;0,0;0,0
23;NL:Q:61589100;Anna's Hoeve;Ravenswaaij;0,2;0,4;0,0;0,0;0,0;0,0
23;NL:Q:61589110;Anna's Hoeve;Ravenswaaij;0,0;0,0;0,0;0,0;0,0;0,0
23;NL:Q:61589140;Hoekenburgplein;Rijswijk;0,2;0,7;0,0;0,0;0,0;0,0
23;NL:Q:61589150;Hoekenburgplein;Rijswijk;0,9;0,4;0,0;0,0;0,0;0,0
23;NL:Q:61590020;Tielsestraat;Maurik;5,2;3,5;0,9;0,1;0,7;0,1
23;NL:Q:61590040;Meidoornstraat;Maurik;10,0;3,7;2,9;0,6;1,9;0,4
23;NL:Q:61590050;;;0,1;0,8;0,0;0,0;0,0;0,0
23;NL:Q:61590060;Rabobank;Maurik;4,8;14,1;1,6;4,6;1,9;1,9
23;NL:Q:61590070;Muziektent;Eck En Wiel;5,3;9,3;1,3;4,0;0,8;3,6
23;NL:Q:61590080;Brandweerkazerne;Maurik;18,2;5,5;4,9;0,9;2,8;0,6
23;NL:Q:61590100;Sportpark;Maurik;1,0;1,3;0,1;0,2;0,1;0,1
23;NL:Q:61590110;Homoetsestraat;Eck En Wiel;0,9;0,9;0,4;0,2;0,0;0,1
23;NL:Q:61590120;Homoetsestraat;Eck En Wiel;1,1;0,7;0,2;0,2;0,1;0,1
23;NL:Q:61590130;Sportpark;Maurik;0,7;1,3;0,0;0,2;0,0;0,6
23;NL:Q:61590150;Brandweerkazerne;Maurik;5,1;15,6;1,0;4,3;0,6;3,0
23;NL:Q:61590160;Muziektent;Eck En Wiel;12,1;6,8;3,9;1,3;3,7;0,9
23;NL:Q:61590170;Rabobank;Maurik;16,6;4,7;5,0;1,5;3,2;1,8
23;NL:Q:61590210;Tielsestraat;Maurik;2,6;5,3;0,2;0,8;0,4;0,7
23;NL:Q:61590230;Doejenburg;Maurik;1,6;1,3;0,2;0,1;0,2;0,1
23;NL:Q:61590270;Meidoornstraat;Maurik;2,3;7,4;0,7;3,6;0,2;2,8
23;NL:Q:61590340;Dorpsstraat;Ingen;7,0;8,0;1,0;3,6;0,7;3,3
23;NL:Q:61590350;Dorpsstraat;Ingen;8,5;6,6;3,2;1,0;2,9;0,6
23;NL:Q:61590400;Bejaardencentrum De Valentijn;Maurik;0,7;0,4;0,0;0,0;0,0;0,0
23;NL:Q:61599010;Parkstraat;Maurik;0,0;0,0;0,0;0,0;0,0;0,0
23;NL:Q:61599020;Parkstraat;Maurik;0,0;0,1;0,0;0,0;0,0;0,0
23;NL:Q:61599030;Van de Geerstraat;Maurik;0,1;0,0;0,0;0,0;0,0;0,0
23;NL:Q:61599040;Van de Geerstraat;Maurik;0,0;0,4;0,0;0,0;0,0;0,0
23;NL:Q:61599050;Cafe van Dijk;Maurik;0,3;0,0;0,0;0,0;0,0;0,0
23;NL:Q:61599060;Cafe van Dijk;Maurik;0,0;0,9;0,0;0,0;0,0;0,0
23;NL:Q:61599100;Ibisstraat;Maurik;0,0;0,3;0,0;0,0;0,0;0,0
23;NL:Q:61599110;Prinses Marijkelaan;Maurik;0,1;0,0;0,0;0,0;0,0;0,0
23;NL:Q:61599120;Prinses Marijkelaan;Maurik;0,0;1,6;0,0;0,0;0,0;0,0
23;NL:Q:61600020;Tielsestraat;Opheusden;0,0;0,0;0,0;0,0;0,0;0,0
23;NL:Q:61600030;Station;Opheusden;0,3;1,9;0,0;0,0;0,0;0,0
23;NL:Q:61600040;De Oude Stomerij;Opheusden;0,0;0,1;0,0;0,0;0,0;0,0
23;NL:Q:61600050;Tolsestraat;Opheusden;0,2;0,3;0,0;0,0;0,0;0,0
23;NL:Q:61600060;Opheusdenseveer;Opheusden;0,1;0,5;0,0;0,0;0,0;0,0
23;NL:Q:61600070;Dalwagenseweg;Opheusden;0,1;0,2;0,0;0,0;0,0;0,0
23;NL:Q:61600090;Gemeentehuis;Opheusden;0,6;1,5;0,0;0,0;0,0;0,0
23;NL:Q:61600120;Gemeentehuis;Opheusden;0,8;0,9;0,0;0,0;0,0;0,0
23;NL:Q:61600140;Dalwagenseweg;Opheusden;0,1;0,1;0,0;0,0;0,0;0,0
23;NL:Q:61600150;Opheusdenseveer;Opheusden;0,0;0,1;0,0;0,0;0,0;0,0
23;NL:Q:61600160;Tolsestraat;Opheusden;0,4;0,1;0,0;0,0;0,0;0,0
23;NL:Q:61600180;Station;Opheusden;2,5;0,9;0,0;0,0;0,0;0,0
23;NL:Q:61600190;Tielsestraat;Opheusden;0,0;0,0;0,0;0,0;0,0;0,0
23;NL:Q:61600210;De Oude Stomerij;Opheusden;0,0;0,0;0,0;0,0;0,0;0,0
23;NL:Q:61610030;Keizerstraat;Ijzendoorn;3,8;3,4;1,7;0,5;0,7;0,3
23;NL:Q:61610040;Keizerstraat;Ijzendoorn;4,1;5,6;0,4;2,1;0,3;1,3
23;NL:Q:61610130;De Heuning;Ochten;2,4;1,1;0,4;0,1;0,1;0,1
23;NL:Q:61610140;De Heuning;Ochten;1,0;2,7;0,1;0,4;0,0;0,2
23;NL:Q:61610400;Brandweerkazerne;Ochten;8,5;6,1;2,9;1,4;1,6;0,8
23;NL:Q:61610410;Brandweerkazerne;Ochten;7,2;8,7;1,2;2,7;0,7;2,0
23;NL:Q:61610420;Burgemeester Houtkoperlaan;Ochten;9,3;6,0;3,4;1,4;1,7;0,9
23;NL:Q:61610430;Burgemeester Houtkoperlaan;Ochten;7,4;9,0;1,5;3,3;0,8;2,0
23;NL:Q:61610440;Carpoolplaats;Ochten;1,6;5,2;1,3;0,4;1,0;1,1
23;NL:Q:61610450;Carpoolplaats;Ochten;4,4;2,4;0,6;2,3;0,3;1,5
23;NL:Q:61650160;Irenestraat;Hellouw;7,2;10,5;2,1;1,7;0,6;1,2
23;NL:Q:61650170;Irenestraat;Hellouw;10,7;6,6;1,8;1,5;0,8;0,8
23;NL:Q:61650180;Zandsteeg;Herwijnen;2,6;2,8;0,6;0,8;0,3;0,4
23;NL:Q:61650190;Zandsteeg;Herwijnen;3,1;2,5;0,4;0,8;0,4;0,6
23;NL:Q:61660010;Station;Beesd;1,8;1,2;0,3;0,1;0,0;0,0
23;NL:Q:61660040;Huis te Beestlaan;Beesd;0,1;0,6;0,0;0,0;0,0;0,0
23;NL:Q:61660050;Betuwestrand;Beesd;0,0;0,0;0,0;0,1;0,0;0,0
23;NL:Q:61660060;Betuwestrand;Beesd;0,2;0,5;0,1;0,1;0,0;0,0
23;NL:Q:61669030;Veerweg;Beesd;0,1;0,3;0,1;0,0;0,0;0,0
23;NL:Q:61669031;Veerweg;Beesd;0,3;0,3;0,0;0,1;0,0;0,0
23;NL:Q:61669060;Busstation;Rhenoy;1,4;0,7;0,1;0,1;0,0;0,0
23;NL:Q:61669230;Mr. Mierasstraat;Beesd;0,8;0,1;0,0;0,0;0,0;0,0
23;NL:Q:61669240;Mr. Mierasstraat;Beesd;0,1;0,4;0,0;0,0;0,0;0,0
23;NL:Q:61669250;Oude Waag;Beesd;0,2;0,3;0,0;0,0;0,0;0,0
23;NL:Q:61669260;Oude Waag;Beesd;0,0;0,5;0,0;0,0;0,0;0,0
23;NL:Q:61669270;Dorpsplein;Beesd;0,5;0,5;0,0;0,1;0,0;0,0
23;NL:Q:61669280;Dorpsplein;Beesd;0,1;0,5;0,1;0,1;0,0;0,0
23;NL:Q:61669550;Huis te Beestlaan;Beesd;0,4;0,2;0,0;0,1;0,0;0,0
23;NL:Q:61670010;Kerk;Beusichem;14,5;7,0;8,3;2,5;7,4;1,3
23;NL:Q:61670020;Lekdijk;Beusichem;0,0;0,1;0,0;0,1;0,0;0,0
23;NL:Q:61670030;Oranjestraat;Beusichem;11,1;2,8;4,7;0,8;3,1;0,5
23;NL:Q:61670040;Lekdijk West;Beusichem;0,0;0,0;0,0;0,0;0,0;0,0
23;NL:Q:61670050;Koningsstraatje;Beusichem;1,2;0,4;0,8;0,2;0,3;0,1
23;NL:Q:61670060;Veerweg;Beusichem;0,8;1,3;0,2;0,6;0,1;0,4
23;NL:Q:61670070;Veerweg;Beusichem;1,5;0,1;0,4;0,1;0,3;0,1
23;NL:Q:61670080;Koningsstraatje;Beusichem;0,4;2,0;0,2;1,2;0,1;0,6
23;NL:Q:61670090;Lekdijk West;Beusichem;0,0;0,1;0,0;0,0;0,0;0,0
23;NL:Q:61670100;Oranjestraat;Beusichem;2,8;11,3;0,8;4,4;0,4;3,7
23;NL:Q:61671020;Lekdijk;Beusichem;0,0;0,0;0,0;0,0;0,1;0,0
23;NL:Q:61671120;Kerk;Beusichem;12,7;18,5;2,4;10,0;1,2;7,6
23;NL:Q:61690100;Canadalaan;Ommeren;0,9;0,9;0,3;1,2;0,1;1,0
23;NL:Q:61690120;De Roskam;Ommeren;1,6;1,2;0,6;0,4;0,2;0,1
23;NL:Q:61690130;Vogelenzangseweg;Lienden;7,4;8,8;2,9;2,3;1,6;1,3
23;NL:Q:61690140;Voorstraat;Lienden;1,0;0,2;0,1;0,2;0,0;0,1
23;NL:Q:61690150;Voorstraat;Lienden;0,5;0,9;0,0;0,3;0,2;0,1
23;NL:Q:61690160;Vogelenzangseweg;Lienden;8,1;7,4;1,7;2,6;1,5;1,9
23;NL:Q:61690170;De Roskam;Ommeren;1,3;1,7;0,3;0,8;0,1;0,4
23;NL:Q:61690190;Canadalaan;Ommeren;1,1;0,9;1,0;0,3;0,9;0,1
23;NL:Q:61690330;Adelsweg;Lienden;3,9;5,4;0,8;1,1;0,4;0,9
23;NL:Q:61690340;Adelsweg;Lienden;4,6;3,3;1,6;1,2;0,8;0,4
23;NL:Q:61690360;Achterstraat;Lienden;0,0;0,1;0,0;0,0;0,0;0,0
23;NL:Q:61700010;Markstraat;Kesteren;0,0;1,0;0,0;0,0;0,0;0,0
23;NL:Q:61700030;Recticel;Kesteren;0,0;0,2;0,0;0,0;0,0;0,0
23;NL:Q:61700050;Station;Kesteren;140,7;126,3;36,4;36,1;27,3;20,6
23;NL:Q:61700060;Recticel;Kesteren;0,8;0,0;0,0;0,0;0,0;0,0
23;NL:Q:61700080;Markstraat;Kesteren;0,0;0,0;0,0;0,0;0,0;0,0
23;NL:Q:61700110;De Leede;Kesteren;38,0;40,7;6,6;6,8;3,9;4,2
23;NL:Q:61700120;De Leede;Kesteren;0,1;2,2;0,3;0,6;0,2;0,6
23;NL:Q:61700180;Schenkhofstraat;Kesteren;0,7;3,6;0,2;2,3;0,1;2,2
23;NL:Q:61700230;Schenkhofstraat;Kesteren;3,5;1,9;1,8;0,8;1,3;0,5
23;NL:Q:61700310;Stationsstraat;Kesteren;0,4;0,2;0,0;0,0;0,0;0,0
23;NL:Q:61700410;Broekdijk;Kesteren;0,6;0,2;0,1;0,1;0,0;0,0
23;NL:Q:61700420;;;0,1;0,7;0,0;0,0;0,0;0,1
23;NL:Q:61739090;Zoetenhoek;Deil;0,0;0,1;0,0;0,0;0,0;0,0
23;NL:Q:61739100;Zoetenhoek;Deil;0,0;0,0;0,1;0,0;0,0;0,0
23;NL:Q:61739110;Mr. W.M. Kolffstraat;Deil;0,0;0,2;0,0;0,0;0,0;0,0
23;NL:Q:61739120;Mr. W.M. Kolffstraat;Deil;0,0;0,0;0,0;0,0;0,0;0,0
23;NL:Q:61739130;Monument;Enspijk;0,0;0,3;0,0;0,0;0,0;0,0
23;NL:Q:61739140;Monument;Enspijk;0,1;0,0;0,0;0,1;0,0;0,0
23;NL:Q:61739160;Korte Veersteeg;Enspijk;0,0;0,0;0,0;0,0;0,0;0,0
23;NL:Q:61739170;Haarstraat;Enspijk;0,1;1,0;0,0;0,1;0,0;0,0
23;NL:Q:61749150;R.M. van Gellicumstraat;Rumpt;0,0;0,1;0,0;0,1;0,0;0,0
23;NL:Q:61749160;O.B.S. De Springplank;Rumpt;0,0;0,0;0,0;0,0;0,0;0,0
23;NL:Q:61749170;Achtermonde;Rumpt;0,0;0,2;0,0;0,1;0,0;0,0
23;NL:Q:61749180;Achtermonde;Rumpt;0,3;0,1;0,1;0,0;0,0;0,0
23;NL:Q:61749270;Veerweg/N327;Rumpt;1,2;0,3;0,0;0,0;0,0;0,0
23;NL:Q:61749320;Veerweg/N327;Beesd;0,1;0,7;0,0;0,0;0,0;0,0
23;NL:Q:61749510;Lingebrug;Gellicum;0,1;0,0;0,0;0,0;0,0;0,0
23;NL:Q:61749520;Lingebrug;Gellicum;0,1;0,0;0,0;0,0;0,0;0,0
23;NL:Q:61750260;Nieuwe Steeg;Herwijnen;12,2;40,0;2,9;12,0;1,2;6,8
23;NL:Q:61750270;Nieuwe Steeg;Herwijnen;41,6;12,4;13,1;4,2;5,9;1,2
23;NL:Q:61760030;Gragtdijk;Heukelum;0,1;1,0;0,0;0,0;0,0;0,0
23;NL:Q:61760140;Gragtdijk;Heukelum;0,9;0,2;0,0;0,0;0,0;0,0
23;NL:Q:61760170;Kasteel Heukelum;Heukelum;0,0;0,1;0,0;0,0;0,0;0,0
23;NL:Q:61760180;Kasteel Heukelum;Heukelum;0,1;0,1;0,0;0,0;0,0;0,0
23;NL:Q:61760190;Voorste Gewind;Heukelum;6,5;10,9;0,0;0,0;0,0;0,0
23;NL:Q:61760200;Voorste Gewind;Heukelum;12,5;3,4;0,0;0,0;0,0;0,0
23;NL:Q:61760230;Brakelseveer;Vuren;8,8;3,1;1,2;0,9;0,4;0,2
23;NL:Q:61760240;Brakelseveer;Vuren;6,7;6,4;0,6;1,5;0,3;0,5
23;NL:Q:61850190;Molenlaan;Vuren;19,0;5,3;7,3;2,1;3,8;1,4
23;NL:Q:61850200;Molenlaan;Vuren;6,1;19,1;1,8;8,3;1,2;3,7
23;NL:Q:61860030;Uswente;Spijk;0,0;0,0;0,0;0,0;0,0;0,0
23;NL:Q:61860040;Postkantoor;Spijk;0,1;0,0;0,0;0,0;0,0;0,0
23;NL:Q:61860060;De Lindehof;Spijk;0,0;0,5;0,0;0,0;0,0;0,0
23;NL:Q:61860070;Zuiderlingedijk 103;Spijk;0,1;0,0;0,0;0,0;0,0;0,0
23;NL:Q:61860080;Spijkerbak;Spijk;0,0;0,1;0,0;0,0;0,0;0,0
23;NL:Q:61860110;Spijkerbak;Spijk;0,1;0,0;0,0;0,0;0,0;0,0
23;NL:Q:61860120;Zuiderlingedijk 103;Spijk;0,0;0,0;0,0;0,0;0,0;0,0
23;NL:Q:61860130;De Lindehof;Spijk;0,3;0,0;0,0;0,0;0,0;0,0
23;NL:Q:61860150;Postkantoor;Spijk;0,1;0,1;0,0;0,0;0,0;0,0
23;NL:Q:61860180;Lingegemaal;Spijk;0,0;0,1;0,0;0,0;0,0;0,0
23;NL:Q:61860190;Lingegemaal;Spijk;0,0;0,0;0,0;0,0;0,0;0,0
23;NL:Q:62220010;De Leijenstein;Kerkdriel;1,6;0,3;0,0;0,0;0,0;0,0
23;NL:Q:62220020;De Leijenstein;Kerkdriel;0,4;0,8;0,2;0,2;0,1;0,1
23;NL:Q:62220030;De Geerden;Velddriel;1,3;8,6;0,4;2,7;0,1;1,6
23;NL:Q:62220040;De Geerden;Velddriel;8,6;1,5;2,5;0,4;1,6;0,1
23;NL:Q:62220090;Kapelstraat;Velddriel;0,4;0,4;0,0;0,0;0,0;0,0
23;NL:Q:62220100;Kapelstraat;Velddriel;0,0;0,0;0,0;0,0;0,0;0,0
23;NL:Q:62220250;Ipperakkeren;Kerkdriel;0,1;1,7;0,1;0,1;0,1;0,2
23;NL:Q:62220260;Ipperakkeren;Kerkdriel;3,4;1,5;0,0;0,0;0,0;0,0
23;NL:Q:62220270;Kerkstraat;Kerkdriel;0,0;1,1;0,0;0,1;0,1;0,1
23;NL:Q:62220280;Kerkstraat;Kerkdriel;5,1;8,0;0,0;0,0;0,1;0,1
23;NL:Q:62220410;Kloosterstraat;Kerkdriel;4,7;43,8;0,7;9,2;0,9;8,4
23;NL:Q:62220420;Kloosterstraat;Kerkdriel;43,3;3,7;10,4;0,8;6,7;0,9
23;NL:Q:62220470;Ronde Morgen;Kerkdriel;5,5;92,2;1,4;28,8;1,2;19,5
23;NL:Q:62220471;Ronde Morgen;Kerkdriel;87,5;3,2;33,2;1,3;18,7;0,3
23;NL:Q:62220480;N831/Wordenseweg;Velddriel;2,3;20,5;0,3;6,2;0,2;4,3
23;NL:Q:62220481;N831/Wordenseweg;Velddriel;20,0;0,7;6,2;4,8;3,8;0,2
23;NL:Q:62220490;MFC De Kreek;Kerkdriel;2,0;1,6;0,1;0,2;0,1;0,1
23;NL:Q:62220500;MFC De Kreek;Kerkdriel;0,0;0,0;0,0;0,0;0,0;0,1
23;NL:Q:62230010;Maaijenstraat;Well;1,5;26,8;0,0;8,6;0,0;5,3
23;NL:Q:62230020;Maaijenstraat;Well;19,3;1,1;6,6;0,1;3,5;0,0
23;NL:Q:62230080;Haarstraat;Ammerzoden;24,6;1,3;13,6;0,2;9,0;0,1
23;NL:Q:62230090;Haarstraat;Ammerzoden;0,3;23,2;0,3;11,7;0,1;8,6
23;NL:Q:62230100;Ammerzodenseweg;Ammerzoden;1,4;0,4;1,0;0,0;0,8;0,1
23;NL:Q:62230110;Ammerzodenseweg;Ammerzoden;0,1;1,7;0,0;0,9;0,1;0,9
23;NL:Q:62230120;Ammerstraat;Ammerzoden;25,2;3,2;8,3;0,1;7,3;0,2
23;NL:Q:62230130;Ammerstraat;Ammerzoden;0,4;20,9;0,0;6,9;0,2;7,1
23;NL:Q:62230140;Wellsedam;Ammerzoden;29,6;2,3;11,7;0,4;9,1;0,2
23;NL:Q:62230150;Wellsedam;Ammerzoden;0,4;20,5;0,2;9,7;0,1;5,8
23;NL:Q:62230190;Schokkerstraat;Ammerzoden;0,9;7,7;0,5;3,0;0,1;3,1
23;NL:Q:62231070;Dorpstraat;Well;1,2;0,3;0,0;0,0;0,0;0,0
23;NL:Q:62231080;Dorpstraat;Well;10,2;5,5;4,0;1,7;2,2;1,0
23;NL:Q:62320050;Burchtstraat;Rossum;0,4;0,1;0,0;0,0;0,0;0,0
23;NL:Q:62320060;Burchtstraat;Rossum;0,0;1,0;0,0;0,1;0,0;0,0
23;NL:Q:62320070;Sportveld;Rossum;0,7;0,1;0,0;0,0;0,0;0,0
23;NL:Q:62320080;Sportveld;Rossum;0,0;0,7;0,0;0,0;0,0;0,0
23;NL:Q:62320090;H. Walterus van Heelstraat;Hurwenen;1,2;0,0;0,0;0,0;0,0;0,0
23;NL:Q:62320100;H. Walterus van Heelstraat;Hurwenen;0,0;0,4;0,0;0,0;0,0;0,0
23;NL:Q:62320110;Wielewaallaan;Hurwenen;1,8;0,2;0,1;0,1;0,0;0,0
23;NL:Q:62320120;Wielewaallaan;Hurwenen;0,0;2,3;0,0;0,0;0,0;0,0
23;NL:Q:62320130;Dorpstraat;Hurwenen;0,9;0,2;0,1;0,1;0,0;0,0
23;NL:Q:62320150;Marshallweg;Hurwenen;0,9;0,4;0,0;0,0;0,0;0,0
23;NL:Q:62320160;Marshallweg;Hurwenen;0,0;0,5;0,0;0,0;0,0;0,0
23;NL:Q:62320180;Julianaweg;Rossum;19,0;3,2;5,7;0,2;2,8;0,1
23;NL:Q:62320190;Van Heemstraweg;Hurwenen;1,1;0,1;0,2;0,3;0,1;0,1
23;NL:Q:62320200;Van Heemstraweg;Hurwenen;0,0;0,7;0,0;0,0;0,0;0,0
23;NL:Q:62320240;Dorpstraat;Hurwenen;0,0;1,0;0,0;0,0;0,0;0,0
23;NL:Q:62320300;Kerk;Alem;0,7;1,3;0,2;0,2;0,1;0,1
23;NL:Q:62320320;Rotonde;Alem;1,2;10,0;0,1;1,3;0,2;1,0
23;NL:Q:62320321;Rotonde;Alem;10,7;1,4;2,1;0,2;1,0;0,2
23;NL:Q:62320470;De Vaste Burcht;Rossum;0,1;0,8;0,0;0,1;0,0;0,2
23;NL:Q:62320490;De Vaste Burcht;Rossum;27,5;8,9;8,9;2,2;5,8;1,1
23;NL:Q:62320500;De Vaste Burcht;Rossum;8,8;27,7;2,5;8,1;2,2;5,4
23;NL:Q:62321180;Julianaweg;Rossum;2,5;22,4;0,5;5,8;0,1;4,6
23;NL:Q:62330030;Klemit (Wellseind);Nederhemert;0,0;0,3;0,0;0,0;0,0;0,0
23;NL:Q:62330040;Klemit (Wellseind);Nederhemert;0,1;0,1;0,0;0,0;0,0;0,0
23;NL:Q:62330050;Delwijnsestraat;Delwijnen;0,1;0,5;0,0;0,0;0,0;0,0
23;NL:Q:62330060;Delwijnsestraat;Delwijnen;0,5;0,1;0,0;0,0;0,1;0,0
23;NL:Q:62330070;Kapelstraat;Nederhemert;0,0;0,2;0,0;0,0;0,0;0,0
23;NL:Q:62330080;Kapelstraat;Nederhemert;0,2;0,1;0,1;0,0;0,0;0,0
23;NL:Q:62330110;Hofstraat;Nederhemert-Noord;0,1;4,5;0,1;0,1;0,0;0,0
23;NL:Q:62330120;Hofstraat;Nederhemert-Noord;5,4;0,2;0,2;0,2;0,0;0,0
23;NL:Q:62330130;Molenstraat;Nederhemert-Noord;0,0;0,7;0,0;0,0;0,0;0,0
23;NL:Q:62330140;Molenstraat;Nederhemert-Noord;0,9;0,1;0,0;0,0;0,0;0,0
23;NL:Q:62330150;Maasdijk 15;Wellseind;0,0;0,2;0,0;0,0;0,0;0,0
23;NL:Q:62330160;Maasdijk 15;Wellseind;0,0;0,0;0,0;0,0;0,0;0,0
23;NL:Q:62330210;Nederhemertsekade;Nederhemert;1,0;1,1;0,0;0,0;0,0;0,0
23;NL:Q:62330220;Nederhemertsekade;Nederhemert;0,0;0,1;0,0;0,0;0,0;0,0
23;NL:Q:62420050;De Buke;Heerewaarden;11,6;23,3;2,5;6,4;2,4;4,6
23;NL:Q:62420060;;;24,9;10,4;7,6;2,6;4,6;2,2
23;NL:Q:62430010;Maasdijk;Aalst;0,0;1,3;0,0;0,0;0,0;0,1
23;NL:Q:62430020;Maasdijk;Aalst;1,2;0,1;0,0;0,0;0,1;0,0
23;NL:Q:62430040;Capreton;Aalst;0,1;0,1;0,0;0,0;0,0;0,0
23;NL:Q:62430050;Capreton;Aalst;0,4;0,0;0,0;0,0;0,0;0,0
23;NL:Q:62430060;M. van Rossumstraat;Poederoijen;0,2;0,0;0,0;0,0;0,0;0,0
23;NL:Q:62430070;M. van Rossumstraat;Poederoijen;0,0;0,5;0,0;0,0;0,1;0,0
23;NL:Q:62430080;;;0,0;0,0;0,0;0,0;0,0;0,0
23;NL:Q:62430090;;;0,0;0,0;0,0;0,0;0,0;0,0
23;NL:Q:62430100;Vleugeldijk;Poederoijen;0,3;0,0;0,0;0,0;0,0;0,0
23;NL:Q:62430110;Vleugeldijk;Poederoijen;0,0;0,2;0,0;0,0;0,0;0,0
23;NL:Q:62430120;Maasdijk;Poederoijen;0,3;0,0;0,0;0,0;0,0;0,0
23;NL:Q:62430130;Maasdijk;Poederoijen;0,0;0,1;0,0;0,0;0,0;0,0
23;NL:Q:62430140;Dorpsweg;Poederoijen;0,5;0,0;0,0;0,3;0,4;0,1
23;NL:Q:62430150;Dorpsweg;Poederoijen;0,2;0,6;0,1;0,2;0,2;0,0
23;NL:Q:62430160;Maas Waalweg;Nederhemert-Noord;0,1;0,0;0,0;0,0;0,0;0,0
23;NL:Q:62430170;Maas Waalweg;Nederhemert-Noord;0,0;0,0;0,0;0,0;0,0;0,0
23;NL:Q:62430200;Hambloksestraat;Aalst;0,1;0,0;0,0;0,0;0,0;0,0
23;NL:Q:62430210;Hambloksestraat;Aalst;0,0;0,1;0,0;0,0;0,0;0,0
23;NL:Q:62430220;De Rietschoof;Aalst;0,5;0,0;0,0;0,0;0,1;0,0
23;NL:Q:62430230;De Rietschoof;Aalst;0,0;0,4;0,0;0,0;0,0;0,0
23;NL:Q:62430240;Zonnepad;Aalst;0,0;1,9;0,0;0,0;0,0;0,0
23;NL:Q:62430241;Zonnepad;Aalst;3,6;0,0;0,0;0,0;0,0;0,0
23;NL:Q:62430260;Goudenregenlaan;Aalst;3,0;0,1;0,2;0,1;0,0;0,1
23;NL:Q:62430270;Goudenregenlaan;Aalst;0,1;2,9;0,0;0,0;0,0;0,0
23;NL:Q:62430420;E.P. van Ooijenstraat;Aalst;1,2;1,0;0,0;0,0;0,0;0,0
23;NL:Q:62430430;E.P. van Ooijenstraat;Aalst;0,0;2,0;0,3;0,3;0,0;0,0
23;NL:Q:62430440;E.P. van Ooijenstraat;Aalst;3,5;0,1;0,0;0,5;0,1;0,2
23;NL:Q:62430450;Kerk;Aalst;0,1;0,7;0,0;0,0;0,0;0,0
23;NL:Q:62430460;Kerk;Aalst;1,2;0,0;0,0;0,1;0,1;0,1
23;NL:Q:62431080;De Kraaij;Zaltbommel;0,3;0,3;0,0;0,0;0,0;0,0
23;NL:Q:62431180; De Kraaij;Zaltbommel;0,1;0,1;0,0;0,0;0,0;0,0
23;NL:Q:62431190; De Kraaij;Zaltbommel;0,1;0,4;0,0;0,0;0,0;0,0
23;NL:Q:62470010;Hogeweg;Bruchem;0,3;0,3;0,0;0,1;0,1;0,1
23;NL:Q:62470020;Hogeweg;Bruchem;0,6;1,5;0,0;0,1;0,0;0,0
23;NL:Q:62470030;Peperstraat;Bruchem;0,0;0,1;0,0;0,0;0,0;0,0
23;NL:Q:62470040;Peperstraat;Bruchem;0,0;0,2;0,0;0,0;0,0;0,0
23;NL:Q:62470050;Groenestraat;Bruchem;0,0;0,5;0,0;0,0;0,0;0,0
23;NL:Q:62470060;Groenestraat;Bruchem;0,6;0,1;0,0;0,0;0,0;0,0
23;NL:Q:62470070;Den Hoek;Bruchem;3,6;3,1;0,1;0,1;0,1;0,1
23;NL:Q:62470080;Den Hoek;Bruchem;3,0;2,9;0,0;0,0;0,0;0,0
23;NL:Q:62470150;Molenveldweg;Kerkwijk;2,6;0,8;0,0;0,0;0,0;0,1
23;NL:Q:62470160;Molenveldweg;Kerkwijk;0,6;2,0;0,0;0,0;0,0;0,0
23;NL:Q:62470170;Aalderwijksestraat;Kerkwijk;0,2;0,5;0,1;0,1;0,0;0,1
23;NL:Q:62470180;Aalderwijksestraat;Kerkwijk;1,6;0,3;0,0;0,0;0,0;0,0
23;NL:Q:62470200;Molenveldweg;Kerkwijk;0,0;0,1;0,0;0,0;0,0;0,0
23;NL:Q:62520060;Nieuwstraat;Dreumel;40,2;38,0;9,1;8,2;6,4;6,9
23;NL:Q:62520061;Nieuwstraat;Dreumel;35,8;41,2;8,9;9,0;7,8;6,6
23;NL:Q:62570010;Karstraat;Zaltbommel;1,9;2,5;0,2;0,2;0,0;0,2
23;NL:Q:62570020;Karstraat;Zaltbommel;1,3;1,8;0,0;0,0;0,0;0,0
23;NL:Q:62570050;Peerboltestraat;Zaltbommel;0,8;0,1;0,0;0,0;0,0;0,0
23;NL:Q:62570080;Plaatsmajoor;Zaltbommel;0,3;0,4;0,0;0,0;0,0;0,0
23;NL:Q:62570150;Kloosterwiel;Zaltbommel;1,9;4,0;0,0;0,0;0,0;0,0
23;NL:Q:62570160;Kloosterwiel;Zaltbommel;3,7;3,5;0,1;0,4;0,2;0,1
23;NL:Q:62570170;Leutsestraat;Zaltbommel;0,1;1,0;0,0;0,0;0,0;0,0
23;NL:Q:62570180;Leutsestraat;Zaltbommel;1,1;0,1;0,0;0,0;0,0;0,0
23;NL:Q:62570231;Marten van Rossemsingel;Zaltbommel;0,4;2,0;0,0;0,0;0,0;0,0
23;NL:Q:62570241;Marten van Rossemsingel;Zaltbommel;1,3;0,6;0,0;0,0;0,0;0,0
23;NL:Q:62570250;Station;Zaltbommel;92,4;88,9;8,1;3,2;3,6;2,6
23;NL:Q:62570252;Station;Zaltbommel;37,2;28,5;1,5;1,1;1,4;1,1
23;NL:Q:62570280;Oude Bosscheweg;Zaltbommel;0,0;0,0;0,0;0,1;0,0;0,1
23;NL:Q:62570300;Oude Bosscheweg;Zaltbommel;1,3;1,8;0,1;0,1;0,0;0,1
23;NL:Q:62570310;Oude Bosscheweg;Zaltbommel;2,3;6,0;2,2;2,8;2,1;2,6
23;NL:Q:62570340;Van Voordenpark;Zaltbommel;0,2;0,8;0,0;0,0;0,0;0,0
23;NL:Q:62570360;Portage;Zaltbommel;0,9;0,5;0,0;0,0;0,0;0,0
23;NL:Q:62570430;Cambium College;Zaltbommel;4,8;4,5;0,0;0,0;0,0;0,0
23;NL:Q:62570440;Cambium College;Zaltbommel;16,9;10,9;0,2;0,2;0,1;0,0
23;NL:Q:62570450;Plaatsmajoor;Zaltbommel;0,2;0,2;0,2;0,1;0,0;0,0
23;NL:Q:62570460;Hoogaarsstraat;Zaltbommel;2,7;3,9;0,0;0,0;0,0;0,0
23;NL:Q:62570470;Hoogaarsstraat;Zaltbommel;4,8;2,3;0,0;0,0;0,0;0,0
23;NL:Q:62570480;Schutskooi;Zaltbommel;0,9;1,2;0,2;0,2;0,1;0,3
23;NL:Q:62570490;Schutskooi;Zaltbommel;0,9;1,1;0,0;0,2;0,1;0,0
23;NL:Q:62570500;Rabobank;Zaltbommel;1,3;0,2;0,0;0,0;0,1;0,1
23;NL:Q:62570510;Rabobank;Zaltbommel;1,0;4,1;0,1;0,4;0,1;0,2
23;NL:Q:62570520;Pr. Willem Alexanderstraat;Gameren;3,9;0,2;0,0;0,0;0,0;0,0
23;NL:Q:62570530;Pr. Willem Alexanderstraat;Gameren;0,4;4,4;0,1;0,2;0,1;0,1
23;NL:Q:62570910;Carpoolplaats;Zaltbommel;1,0;2,7;0,5;0,3;0,3;0,3
23;NL:Q:62570920;Gemeentekantoor;Zaltbommel;2,1;1,4;0,0;0,0;0,0;0,0
23;NL:Q:62570930;Gemeentekantoor;Zaltbommel;0,4;3,0;0,0;0,0;0,0;0,0
23;NL:Q:62570940;Hotel Zaltbommel;Zaltbommel;0,5;0,7;0,0;0,2;0,0;0,0
23;NL:Q:62570950;Hotel Zaltbommel;Zaltbommel;0,1;0,9;0,0;0,0;0,0;0,0
23;NL:Q:62571020;Thorbeckestraat;Zaltbommel;2,8;2,2;0,1;0,0;0,0;0,0
23;NL:Q:62571030;Valeton;Zaltbommel;0,4;0,7;0,5;0,1;0,6;0,2
23;NL:Q:62571040;Valeton;Zaltbommel;0,2;0,1;0,2;0,0;0,1;0,0
23;NL:Q:62571060;Thorbeckestraat;Zaltbommel;4,2;10,7;0,2;0,2;0,0;0,1
23;NL:Q:62571080;Bommelsekade;Zaltbommel;0,0;0,6;0,0;0,0;0,0;0,0
23;NL:Q:62571090;Bommelsekade;Zaltbommel;0,4;0,2;0,0;0,0;0,0;0,0
23;NL:Q:62571110;Rotonde-Hogeweg;Zaltbommel;0,5;4,0;0,0;0,0;0,1;0,1
23;NL:Q:62571120;Rotonde-Hogeweg;Zaltbommel;2,6;0,3;0,2;0,2;0,2;0,2
23;NL:Q:62571270;Thorbeckestraat;Zaltbommel;0,7;0,5;0,0;0,0;0,0;0,0
23;NL:Q:62620120;Zijvond;Wamel;1,4;2,5;0,7;0,9;0,4;0,3
23;NL:Q:62620130;Zijvond;Wamel;2,0;1,5;0,5;0,7;0,2;0,2
23;NL:Q:62620140;Hollenhof;Wamel;19,4;23,2;4,8;4,4;4,4;3,6
23;NL:Q:62620150;Hollenhof;Wamel;23,4;19,1;4,5;5,3;3,4;3,2
23;NL:Q:62670050;Middelkampseweg;Gameren;0,4;0,3;0,0;0,0;0,0;0,0
23;NL:Q:62670060;Middelkampseweg;Gameren;0,0;0,0;0,0;0,0;0,0;0,1
23;NL:Q:62670070;Bejaardencentrum;Gameren;0,5;5,6;0,0;0,2;0,1;0,2
23;NL:Q:62670080;Burgerstraat;Gameren;0,0;0,0;0,0;0,0;0,0;0,0
23;NL:Q:62670090;Ridderstraat;Gameren;0,3;2,6;0,1;0,2;0,0;0,1
23;NL:Q:62670100;Hendrikstraat;Gameren;0,0;0,0;0,0;0,0;0,0;0,0
23;NL:Q:62670110;Hendrikstraat;Gameren;0,0;0,0;0,0;0,0;0,0;0,0
23;NL:Q:62670120;Ridderstraat;Gameren;3,1;0,1;0,0;0,0;0,0;0,1
23;NL:Q:62670140;Bejaardencentrum;Gameren;5,6;0,4;0,0;0,0;0,0;0,0
23;NL:Q:62670150;Kerk;Nieuwaal;0,0;0,0;0,1;0,1;0,0;0,0
23;NL:Q:62670160;Kerk;Nieuwaal;0,0;0,0;0,0;0,0;0,0;0,0
23;NL:Q:62670170;Kerkstraat;Nieuwaal;0,0;0,0;0,0;0,1;0,1;0,0
23;NL:Q:62670180;Kerkstraat;Nieuwaal;0,0;0,0;0,0;0,0;0,0;0,0
23;NL:Q:62670190;Hogeweg;Gameren;1,3;1,2;0,0;0,0;0,0;0,0
23;NL:Q:62670200;Hogeweg;Nieuwaal;0,0;0,1;0,0;0,0;0,0;0,0
23;NL:Q:62671090;Burgerstraat;Gameren;0,0;0,0;0,0;0,1;0,0;0,0
23;NL:Q:62770010;;;0,3;1,0;0,0;0,0;0,0;0,0
23;NL:Q:62770020;;;0,1;0,2;0,0;0,0;0,0;0,0
23;NL:Q:62770030;Nieuwstraat;Zuilichem;0,0;0,0;0,0;0,0;0,0;0,0
23;NL:Q:62770040;Meidijk;Zuilichem;0,2;0,0;0,0;0,0;0,0;0,0
23;NL:Q:62770050;Kweldijk;Zaltbommel;1,0;0,1;0,0;0,0;0,0;0,0
23;NL:Q:62770060;PGEM Huisje;Zuilichem;1,0;0,0;0,0;0,0;0,0;0,0
23;NL:Q:62770070;Centrum;Zuilichem;0,3;10,8;0,3;0,3;0,2;0,1
23;NL:Q:62770080;Centrum;Zuilichem;12,1;0,3;0,0;0,0;0,0;0,0
23;NL:Q:62770090;Zijlstraat;Zuilichem;0,7;0,0;0,0;0,0;0,0;0,0
23;NL:Q:62770130;Nieuwstraat;Zuilichem;0,0;0,0;0,0;0,0;0,0;0,0
23;NL:Q:62770140;Meidijk;Zuilichem;0,0;0,4;0,0;0,0;0,0;0,0
23;NL:Q:62770150;Kweldijk;Zaltbommel;0,1;1,0;0,0;0,0;0,0;0,0
23;NL:Q:62770160;PGEM Huisje;Zuilichem;0,1;0,6;0,0;0,1;0,0;0,0
23;NL:Q:62771030;Bolt;Nieuwaal;0,0;0,0;0,0;0,0;0,0;0,1
23;NL:Q:62870010;Weitjesweg;Brakel;0,1;16,4;0,6;0,6;0,2;0,2
23;NL:Q:62870020;Weitjesweg;Brakel;16,7;0,1;0,1;0,1;0,0;0,1
23;NL:Q:62870030;Marktplein;Brakel;0,0;0,1;0,1;0,3;0,1;0,2
23;NL:Q:62870050;Flegelstraat;Brakel;0,0;0,0;0,0;0,0;0,1;0,1
23;NL:Q:62870060;Flegelstraat;Brakel;1,8;1,4;0,0;0,0;0,1;0,0
23;NL:Q:62870130;J. Aartendam;Brakel;0,0;0,0;0,0;0,1;0,0;0,0
23;NL:Q:62870140;J. Aartendam;Brakel;3,5;2,3;0,0;0,0;0,0;0,0
23;NL:Q:62871010;Weitjesweg;Brakel;0,1;0,2;0,0;0,0;0,0;0,0
23;NL:Q:62871110;Weitjesweg;Brakel;0,0;0,2;0,0;0,0;0,0;0,0
23;NL:Q:62871130;Marktplein;Brakel;3,2;1,3;0,1;0,0;0,0;0,0
23;NL:Q:63000100;Centraal Station;'S-Hertogenbosch;5,2;589,2;0,0;206,4;0,0;149,9
23;NL:Q:63000191;Centraal Station;'S-Hertogenbosch;597,6;7,4;202,3;0,0;155,2;0,0
23;NL:Q:63000810;Baden Powellstraat;'S-Hertogenbosch;0,8;0,0;0,0;0,0;0,0;0,0
23;NL:Q:63000880;Baden Powellstraat;'S-Hertogenbosch;0,0;1,8;0,0;0,0;0,0;0,0
23;NL:Q:63005710;Aartshertogenlaan;'S-Hertogenbosch;0,0;4,1;0,0;0,0;0,0;0,0
23;NL:Q:63005720;Aartshertogenlaan;'S-Hertogenbosch;3,4;0,0;0,0;0,0;0,0;0,0
23;NL:Q:63006030;Orthenseweg;'S-Hertogenbosch;22,4;19,3;6,9;10,7;4,7;8,9
23;NL:Q:63006060;Orthenseweg;'S-Hertogenbosch;22,2;20,5;10,1;7,1;5,3;4,1
23;NL:Q:63006130;Rompertsebaan;'S-Hertogenbosch;3,0;0,0;0,0;0,0;0,0;0,0
23;NL:Q:63006140;Rompertsebaan;'S-Hertogenbosch;0,0;2,5;0,0;0,0;0,0;0,0
23;NL:Q:63006490;Orthen;'S-Hertogenbosch;8,5;4,9;3,2;2,1;2,1;0,8
23;NL:Q:63006500;Orthen;'S-Hertogenbosch;16,3;19,6;2,7;10,2;0,9;8,1
23;NL:Q:63007400;Hambakenweg;'S-Hertogenbosch;25,3;1,9;10,0;1,7;6,5;0,6
23;NL:Q:63007410;Hambakenweg;'S-Hertogenbosch;3,2;25,5;1,0;7,4;0,6;6,6
23;NL:Q:63007740;Bruistensingel;'S-Hertogenbosch;0,0;6,0;0,0;0,0;0,0;0,0
23;NL:Q:63008740;Station Oost;'S-Hertogenbosch;6,0;0,1;0,0;0,0;0,0;0,0
23;NL:Q:63010020;Titaniumlaan;'s-Hertogenbosch;2,5;0,4;0,0;0,0;0,0;0,0
23;NL:Q:63010070;Treurenburg;'S-Hertogenbosch;4,0;14,0;1,4;7,2;1,1;6,6
23;NL:Q:63010080;Treurenburg;'S-Hertogenbosch;3,9;1,7;6,4;1,1;4,6;0,8
23;NL:Q:63010090;Titaniumlaan;'s-Hertogenbosch;0,2;3,6;0,0;0,0;0,0;0,0
23;NL:Q:63010140;Blankensteijn;Hedel;38,1;3,1;20,7;0,8;14,9;0,5
23;NL:Q:63010150;Blankensteijn;Hedel;1,4;35,6;0,7;16,9;0,5;14,6
23;NL:Q:63010210;Prinses Beatrixstraat;Hedel;1,7;36,9;1,0;16,5;0,6;10,4
23;NL:Q:63010240;Prinses Beatrixstraat;Hedel;29,6;1,4;13,0;0,9;7,8;0,4
23;NL:Q:63010330;Uithovensestraat;Hedel;0,0;0,0;0,0;0,0;0,1;0,0
23;NL:Q:63010340;Uithovensestraat;Hedel;0,0;0,0;0,0;0,0;0,0;0,0
23;NL:Q:63010350;Oudewaai;Hedel;1,5;9,4;0,1;3,6;0,1;2,4
23;NL:Q:63010360;Oudewaai;Hedel;9,9;1,1;4,8;0,1;3,8;0,2
23;NL:Q:63011010;Baronieweg;Hedel;16,7;1,4;5,5;1,0;2,7;0,5
23;NL:Q:63011020;Baronieweg;Hedel;3,2;19,4;1,3;5,5;0,3;3,6
23;NL:Q:63011030;Baronieweg;Hedel;0,1;0,3;0,0;0,0;0,0;0,0
23;NL:Q:63011040;Baronieweg;Hedel;0,3;1,0;0,0;0,0;0,0;0,0
23;NL:Q:63011050;Breedstraat;Hedel;0,0;1,3;0,0;0,0;0,0;0,0
23;NL:Q:63011080;Breedstraat;Hedel;0,6;0,2;0,0;0,0;0,0;0,0
23;NL:Q:63280090;Maasdijk;Nederhemert;0,0;0,0;0,0;0,0;0,0;0,0
23;NL:Q:63280100;Maasdijk;Nederhemert;0,0;0,0;0,0;0,0;0,0;0,0
23;NL:Q:63290040;;;0,0;0,0;0,0;0,0;0,0;0,0
23;NL:Q:63291180;Kromme Nol;Wijk En Aalburg;0,3;0,9;0,0;0,0;0,0;0,0
23;NL:Q:63291280;Kromme Nol;Wijk en Aalburg;0,1;0,4;0,0;0,0;0,0;0,0
23;NL:Q:63390020;Polstraat;Wijk en Aalburg;0,0;0,0;0,0;0,0;0,0;0,0
23;NL:Q:63390030;Polstraat;Wijk en Aalburg;0,0;0,0;0,0;0,0;0,0;0,0
23;NL:Q:63390040;Perzikstraat;Wijk en Aalburg;6,6;0,0;0,0;0,0;0,0;0,0
23;NL:Q:63390050;Perzikstraat;Wijk en Aalburg;0,0;4,9;0,0;0,0;0,0;0,0
23;NL:Q:63390080;Kortestraat;Wijk en Aalburg;0,6;0,0;0,0;0,0;0,0;0,0
23;NL:Q:63390090;Kortestraat;Wijk en Aalburg;0,0;0,4;0,0;0,0;0,0;0,0
23;NL:Q:63590020;Hoge Maasdijk;Giessen;0,0;0,0;0,0;0,0;0,0;0,0
23;NL:Q:63590030;Hoge Maasdijk;Giessen;0,0;0,4;0,1;0,1;0,0;0,0
23;NL:Q:63590040;Koningin Emmastraat;Andel;0,0;0,0;0,0;0,1;0,0;0,0
23;NL:Q:63590050;Koningin Emmastraat;Andel;0,0;0,0;0,0;0,0;0,0;0,0
23;NL:Q:63590060;Hofflaan;Andel;0,0;0,0;0,0;0,0;0,0;0,0
23;NL:Q:63590110;Hofflaan;Andel;0,0;0,0;0,0;0,1;0,0;0,0
23;NL:Q:63590140;Prinsentuin;Andel;16,8;18,9;0,0;0,0;0,0;0,0
23;NL:Q:63590170;Randweg-Tankstation;Giessen;1,0;0,7;0,0;0,1;0,1;0,1
23;NL:Q:63591110;Julianastraat;Andel;0,0;0,0;0,0;0,0;0,0;0,0
23;NL:Q:63591120;Julianastraat;Andel;0,1;0,3;0,0;0,2;0,1;0,1
23;NL:Q:63595020;Huiswerf;Andel;0,0;0,0;0,0;0,0;0,0;0,0
23;NL:Q:63595030;Huiswerf;Andel;0,0;0,2;0,0;0,1;0,0;0,0
FL_IJM;NL:Q:16300010;Gemeentehuis;Steenwijk;0,0;11,5;0,0;0,0;0,0;0,0
FL_IJM;NL:Q:16300020;Gemeentehuis;Steenwijk;2,2;0,0;0,0;0,0;0,0;0,0
FL_IJM;NL:Q:16300030;Vendelweg;Steenwijk;0,1;3,0;0,0;0,0;0,0;0,0
FL_IJM;NL:Q:16300040;Vendelweg;Steenwijk;1,0;0,0;0,0;0,0;0,0;0,0
FL_IJM;NL:Q:16300050;Matthijs Kiersstraat;Steenwijk;1,2;2,6;0,0;0,0;0,0;0,0
FL_IJM;NL:Q:16300070;Matthijs Kiersstraat;Steenwijk;1,7;0,0;0,0;0,0;0,0;0,0
FL_IJM;NL:Q:16301020;Station;Steenwijk;2,9;0,0;0,0;0,0;0,0;0,0
FL_IJM;NL:Q:24350010;Spin;De Blesse;0,1;0,0;0,0;0,0;0,0;0,0
FL_IJM;NL:Q:24350020;Spin;De Blesse;0,0;0,1;0,0;0,0;0,0;0,0
FL_IJM;NL:Q:24350030;Bovenweg;De Blesse;0,0;0,0;0,0;0,0;0,0;0,0
FL_IJM;NL:Q:24350040;Bovenweg;De Blesse;0,0;0,0;0,0;0,0;0,0;0,0
FL_IJM;NL:Q:24350050;Friese Veldweg;De Blesse;0,3;0,0;0,0;0,0;0,0;0,0
FL_IJM;NL:Q:24350060;Friese Veldweg;De Blesse;0,0;0,3;0,0;0,0;0,0;0,0
FL_IJM;NL:Q:24350070;Lagebroekweg;Blesdijke;0,0;0,2;0,0;0,0;0,0;0,0
FL_IJM;NL:Q:24350080;Lagebroekweg;Blesdijke;0,3;0,0;0,0;0,0;0,0;0,0
FL_IJM;NL:Q:24350620;Noord;De Blesse;1,5;2,2;0,0;0,0;0,0;0,0
FL_IJM;NL:Q:24450030;Marijenkampen;Marijenkampen;0,4;0,0;0,0;0,0;0,0;0,0
FL_IJM;NL:Q:24450080;Marijenkampen;Marijenkampen;0,0;0,4;0,0;0,0;0,0;0,0
FL_IJM;NL:Q:24451400;'t Centrum;Steenwijkerwold;0,0;0,6;0,0;0,0;0,0;0,0
FL_IJM;NL:Q:24451800;Willemsoord;Willemsoord;0,0;0,1;0,0;0,0;0,0;0,0
FL_IJM;NL:Q:24451810;Willemsoord;Willemsoord;0,1;0,0;0,0;0,0;0,0;0,0
FL_IJM;NL:Q:24510020;Frieseweg;Oldemarkt;1,8;0,0;0,0;0,0;0,0;0,0
FL_IJM;NL:Q:24510040;Koningin Julianaweg;Oldemarkt;0,4;0,0;0,0;0,0;0,0;0,0
FL_IJM;NL:Q:24510060;Parochiehuis;Oldemarkt;0,3;0,0;0,0;0,0;0,0;0,0
FL_IJM;NL:Q:24510070;Kruisstraat;Oldemarkt;0,7;0,0;0,0;0,0;0,0;0,0
FL_IJM;NL:Q:24510080;Kruisstraat;Oldemarkt;0,0;0,7;0,0;0,0;0,0;0,0
FL_IJM;NL:Q:24510090;De Boterberg;Oldemarkt;0,3;0,0;0,0;0,0;0,0;0,0
FL_IJM;NL:Q:24510100;De Boterberg;Oldemarkt;0,0;0,2;0,0;0,0;0,0;0,0
FL_IJM;NL:Q:24550030;Zuidveen;Zuidveen;0,0;1,1;0,0;0,0;0,0;0,0
FL_IJM;NL:Q:24550040;Zuidveen;Zuidveen;0,8;0,0;0,0;0,0;0,0;0,0
FL_IJM;NL:Q:24550050;Groot Verlaat;Steenwijk;1,8;0,0;0,0;0,0;0,0;0,0
FL_IJM;NL:Q:24550060;Groot Verlaat;Steenwijk;0,0;2,4;0,0;0,0;0,0;0,0
FL_IJM;NL:Q:24550160;Dolderbrug;Steenwijk;0,0;0,1;0,0;0,0;0,0;0,0
FL_IJM;NL:Q:24550170;Dolderbrug;Steenwijk;0,1;0,0;0,0;0,0;0,0;0,0
FL_IJM;NL:Q:24550250;Station;Steenwijk;22,0;40,9;0,0;0,0;0,0;0,0
FL_IJM;NL:Q:24551420;'t Centrum;Steenwijkerwold;0,6;0,0;0,0;0,0;0,0;0,0
FL_IJM;NL:Q:24552310;Gemeentewerken;Tuk;0,0;0,0;0,0;0,0;0,0;0,0
FL_IJM;NL:Q:24552320;Gemeentewerken;Tuk;0,0;0,0;0,0;0,0;0,0;0,0
FL_IJM;NL:Q:24552330;Oldemarktseweg;Tuk;0,0;0,0;0,0;0,0;0,0;0,0
FL_IJM;NL:Q:24552340;Oldemarktseweg;Tuk;0,0;0,1;0,0;0,0;0,0;0,0
FL_IJM;NL:Q:24552370;Thij;Thij;0,0;0,0;0,0;0,0;0,0;0,0
FL_IJM;NL:Q:24552380;Thij;Thij;0,0;0,0;0,0;0,0;0,0;0,0
FL_IJM;NL:Q:24590100;Burchtstraat;Kuinre;14,2;9,0;0,0;0,0;0,0;0,0
FL_IJM;NL:Q:24610010;Venebosweg;Ossenzijl;0,0;0,2;0,0;0,0;0,0;0,0
FL_IJM;NL:Q:24610030;Kloosterdijk;Ossenzijl;0,1;0,0;0,0;0,0;0,0;0,0
FL_IJM;NL:Q:24610040;Kloosterdijk;Ossenzijl;0,3;0,9;0,0;0,0;0,0;0,0
FL_IJM;NL:Q:24620110;Lemsterweg;Rutten;0,0;0,5;0,0;0,0;0,0;0,0
FL_IJM;NL:Q:24620130;Houtmolen;Lemmer;2,1;8,0;0,0;0,0;0,0;0,0
FL_IJM;NL:Q:24620140;Houtmolen;Lemmer;6,9;0,2;0,0;0,0;0,0;0,0
FL_IJM;NL:Q:24622020;Busstation;Lemmer;24,5;15,4;0,0;0,0;0,0;0,0
FL_IJM;NL:Q:24625000;Busstation;Lemmer;11,3;14,4;0,0;0,0;0,0;0,0
FL_IJM;NL:Q:24680010;Uiterdijkenweg;Luttelgeest;0,0;0,1;0,0;0,0;0,0;0,0
FL_IJM;NL:Q:24680020;Uiterdijkenweg;Luttelgeest;0,1;0,1;0,0;0,0;0,0;0,0
FL_IJM;NL:Q:24720010;Lemsterpoort;Rutten;20,5;5,8;0,0;0,0;0,0;0,0
FL_IJM;NL:Q:24720020;Lemsterpoort;Rutten;6,6;19,2;0,0;0,0;0,0;0,0
FL_IJM;NL:Q:24720090;Noordermeerweg;Rutten;0,2;0,7;0,0;0,0;0,0;0,0
FL_IJM;NL:Q:24720100;Noordermeerweg;Rutten;0,5;0,1;0,0;0,0;0,0;0,0
FL_IJM;NL:Q:24720120;Lemsterweg;Rutten;0,2;0,0;0,0;0,0;0,0;0,0
FL_IJM;NL:Q:24820030;Wrakkenpad;Creil;0,2;1,4;0,0;0,0;0,0;0,0
FL_IJM;NL:Q:24820040;Wrakkenpad;Creil;1,7;0,2;0,0;0,0;0,0;0,0
FL_IJM;NL:Q:24820050;IJzerpad;Rutten;0,3;0,2;0,0;0,0;0,0;0,0
FL_IJM;NL:Q:24820060;IJzerpad;Rutten;0,1;0,3;0,0;0,0;0,0;0,0
FL_IJM;NL:Q:24820090;Creil;Creil;26,5;4,0;0,0;0,0;0,0;0,0
FL_IJM;NL:Q:24820100;Creil;Creil;4,5;24,2;0,0;0,0;0,0;0,0
FL_IJM;NL:Q:24920030;Weg van Ongenade;Espel;0,1;0,0;0,0;0,0;0,0;0,0
FL_IJM;NL:Q:24920040;Weg van Ongenade;Espel;0,0;0,1;0,0;0,0;0,0;0,0
FL_IJM;NL:Q:24920050;Onderduikerspad;Espel;0,1;0,6;0,0;0,0;0,0;0,0
FL_IJM;NL:Q:24920060;Onderduikerspad;Espel;0,8;0,2;0,0;0,0;0,0;0,0
FL_IJM;NL:Q:24920070;Noordermiddenweg;Espel;0,8;0,2;0,0;0,0;0,0;0,0
FL_IJM;NL:Q:24920080;Espelerweg;Emmeloord;0,0;0,1;0,0;0,0;0,0;0,0
FL_IJM;NL:Q:24920090;Noordermiddenweg;Espel;0,2;0,7;0,0;0,0;0,0;0,0
FL_IJM;NL:Q:24920100;Espelerweg;Emmeloord;0,0;0,1;0,0;0,0;0,0;0,0
FL_IJM;NL:Q:24920110;Espel;Espel;2,8;10,5;0,0;0,0;0,0;0,0
FL_IJM;NL:Q:24920120;Espel;Espel;11,5;2,7;0,0;0,0;0,0;0,0
FL_IJM;NL:Q:24920130;Klutenpad;Creil;0,1;0,7;0,0;0,0;0,0;0,0
FL_IJM;NL:Q:24920140;Klutenpad;Creil;0,8;0,0;0,0;0,0;0,0;0,0
FL_IJM;NL:Q:25000010;Kettingstraat;Emmeloord;1,0;29,8;0,1;6,6;0,0;2,6
FL_IJM;NL:Q:25000020;Kettingstraat;Emmeloord;20,0;0,2;3,5;0,0;1,8;0,1
FL_IJM;NL:Q:25000030;Lange Dreef;Emmeloord;0,3;5,1;0,1;2,7;0,0;1,1
FL_IJM;NL:Q:25000040;Lange Dreef;Emmeloord;3,6;0,3;1,9;0,1;0,6;0,1
FL_IJM;NL:Q:25000050;Bunschotenlaan;Emmeloord;4,7;20,0;0,7;6,2;0,3;3,6
FL_IJM;NL:Q:25000070;Emmeloord - Oost;Emmeloord;3,1;5,2;0,1;0,8;0,0;0,1
FL_IJM;NL:Q:25000080;Emmeloord - Oost;Emmeloord;3,9;4,3;0,3;0,2;0,2;0,0
FL_IJM;NL:Q:25000100;Diemenlaan;Emmeloord;10,4;3,5;2,5;1,5;2,2;0,3
FL_IJM;NL:Q:25000130;Ecopark;Emmeloord;0,9;0,9;0,1;0,0;0,2;0,0
FL_IJM;NL:Q:25000140;Ecopark;Emmeloord;0,5;1,2;0,0;0,1;0,0;0,1
FL_IJM;NL:Q:25000150;Diemenlaan;Emmeloord;1,5;17,6;0,5;4,4;0,2;2,8
FL_IJM;NL:Q:25000160;Ondernemersweg;Emmeloord;0,5;0,6;0,0;0,0;0,0;0,0
FL_IJM;NL:Q:25000170;Ondernemersweg;Emmeloord;0,5;1,0;0,0;0,0;0,0;0,0
FL_IJM;NL:Q:25000180;Produktieweg;Emmeloord;2,9;0,6;0,0;0,0;0,0;0,0
FL_IJM;NL:Q:25000190;Produktieweg;Emmeloord;0,6;4,4;0,0;0,0;0,0;0,0
FL_IJM;NL:Q:25000210;Zuyderzee College;Emmeloord;13,8;5,5;4,2;0,6;4,1;0,1
FL_IJM;NL:Q:25000260;Zuyderzee College;Emmeloord;3,2;15,4;0,5;4,4;0,2;2,7
FL_IJM;NL:Q:25000410;Begraafplaats;Emmeloord;19,8;5,0;0,0;0,0;0,0;0,0
FL_IJM;NL:Q:25000420;Begraafplaats;Emmeloord;4,8;36,2;0,0;0,0;0,0;0,0
FL_IJM;NL:Q:25000430;Dr. W.M. Verhaarlaan;Emmeloord;0,7;0,3;0,0;0,0;0,0;0,0
FL_IJM;NL:Q:25000440;Dr. W.M. Verhaarlaan;Emmeloord;0,3;1,3;0,0;0,0;0,0;0,0
FL_IJM;NL:Q:25000450;Schaftweg/Espelerweg;Emmeloord;1,2;1,7;0,0;0,0;0,0;0,0
FL_IJM;NL:Q:25000460;Schaftweg/Espelerweg;Emmeloord;0,6;1,3;0,0;0,0;0,0;0,0
FL_IJM;NL:Q:25000500;Medisch Centrum;Emmeloord;23,8;61,1;1,3;12,2;0,2;5,8
FL_IJM;NL:Q:25000550;Medisch Centrum;Emmeloord;53,3;22,9;10,6;1,3;6,2;0,5
FL_IJM;NL:Q:25000600;Antonius Ziekenhuis;Emmeloord;32,9;51,1;5,6;21,4;1,9;10,3
FL_IJM;NL:Q:25000650;Antonius Ziekenhuis;Emmeloord;42,9;27,8;18,2;6,1;11,4;2,4
FL_IJM;NL:Q:25000700;Urkerweg 18;Emmeloord;0,3;0,2;0,1;0,0;0,0;0,0
FL_IJM;NL:Q:25001400;Smeden;Emmeloord;10,7;1,1;3,4;0,4;2,1;0,0
FL_IJM;NL:Q:25001450;Smeden;Emmeloord;8,0;29,1;0,2;7,0;0,0;3,3
FL_IJM;NL:Q:25005010;Busstation;Emmeloord;97,7;163,8;9,4;30,7;1,6;16,2
FL_IJM;NL:Q:25005012;Busstation;Emmeloord;129,4;16,4;51,6;26,6;59,7;14,7
FL_IJM;NL:Q:25005013;Busstation;Emmeloord;122,2;112,2;47,2;54,0;27,4;46,5
FL_IJM;NL:Q:25005014;Busstation;Emmeloord;293,1;365,9;49,5;81,8;6,8;36,2
FL_IJM;NL:Q:25005021;Busstation;Emmeloord;324,4;268,1;78,2;45,6;73,6;3,8
FL_IJM;NL:Q:25005022;Busstation;Emmeloord;73,8;117,4;0,0;0,0;0,0;0,0
FL_IJM;NL:Q:25005023;Busstation;Emmeloord;49,6;12,6;0,0;0,0;0,0;0,0
FL_IJM;NL:Q:25060010;Brink;Luttelgeest;10,8;0,7;0,0;0,0;0,0;0,0
FL_IJM;NL:Q:25060020;Brink;Luttelgeest;0,7;8,4;0,0;0,0;0,0;0,0
FL_IJM;NL:Q:25060030;Luttelgeesterweg;Luttelgeest;0,1;0,5;0,0;0,0;0,0;0,0
FL_IJM;NL:Q:25060040;Luttelgeesterweg;Luttelgeest;0,3;0,0;0,0;0,0;0,0;0,0
FL_IJM;NL:Q:25060050;Lindeweg;Luttelgeest;0,1;0,5;0,0;0,0;0,0;0,0
FL_IJM;NL:Q:25060060;Lindeweg;Luttelgeest;0,3;0,1;0,0;0,0;0,0;0,0
FL_IJM;NL:Q:25060070;Orchideeenhoeve;Luttelgeest;1,1;2,6;0,0;0,0;0,0;0,0
FL_IJM;NL:Q:25060080;Orchideeenhoeve;Luttelgeest;2,3;1,0;0,0;0,0;0,0;0,0
FL_IJM;NL:Q:25060090;Oosterringweg;Luttelgeest;6,1;12,9;0,0;0,0;0,0;0,0
FL_IJM;NL:Q:25060100;Oosterringweg;Luttelgeest;14,4;4,0;0,0;0,0;0,0;0,0
FL_IJM;NL:Q:25060110;Schansweg;Luttelgeest;0,0;0,1;0,0;0,0;0,0;0,0
FL_IJM;NL:Q:25060120;Schansweg;Luttelgeest;0,1;0,1;0,0;0,0;0,0;0,0
FL_IJM;NL:Q:25070010;Luttelgeesterweg;Marknesse;0,4;1,8;0,0;0,3;0,1;0,2
FL_IJM;NL:Q:25070020;Luttelgeesterweg;Marknesse;0,9;0,6;0,1;0,2;0,1;0,1
FL_IJM;NL:Q:25070030;H.D. Louwes Hoeve;Emmeloord;0,0;0,0;0,0;0,0;0,0;0,0
FL_IJM;NL:Q:25070040;H.D. Louwes Hoeve;Emmeloord;0,0;0,0;0,0;0,0;0,0;0,0
FL_IJM;NL:Q:25070050;Lindeweg;Emmeloord;0,3;0,3;0,1;0,2;0,1;0,3
FL_IJM;NL:Q:25070060;Lindeweg;Emmeloord;0,3;0,2;0,3;0,1;0,1;0,2
FL_IJM;NL:Q:25130100;Sloefweg;Ens;2,2;1,2;0,6;0,2;0,4;0,3
FL_IJM;NL:Q:25130150;Sloefweg;Ens;1,4;2,1;0,4;0,8;0,1;1,0
FL_IJM;NL:Q:25130200;Bomenweg;Emmeloord;1,1;0,3;0,3;0,1;0,4;0,1
FL_IJM;NL:Q:25130250;Bomenweg;Emmeloord;0,3;1,2;0,2;0,5;0,0;0,2
FL_IJM;NL:Q:25130300;Kleiweg;Emmeloord;1,0;0,3;0,2;0,0;0,5;0,1
FL_IJM;NL:Q:25130350;Kleiweg;Emmeloord;0,9;1,1;0,1;0,2;0,0;0,1
FL_IJM;NL:Q:25131500;Bunschotenlaan;Emmeloord;11,4;5,3;3,6;0,8;5,3;0,2
FL_IJM;NL:Q:25140100;Schaftweg/Nagelerweg;Emmeloord;0,1;0,2;0,0;0,0;0,0;0,0
FL_IJM;NL:Q:25140150;Schaftweg/Nagelerweg;Emmeloord;0,1;0,3;0,0;0,0;0,0;0,0
FL_IJM;NL:Q:25140300;Johannes Postweg;Nagele;0,0;0,0;0,0;0,0;0,0;0,0
FL_IJM;NL:Q:25140350;Johannes Postweg;Nagele;0,2;0,2;0,0;0,0;0,0;0,0
FL_IJM;NL:Q:25150050;Urkerweg 18;Emmeloord;0,1;0,3;0,1;0,1;0,0;0,0
FL_IJM;NL:Q:25150100;Urkerweg 34;Tollebeek;0,7;0,4;0,1;0,1;0,0;0,0
FL_IJM;NL:Q:25150150;Urkerweg 34;Tollebeek;0,3;1,1;0,1;0,4;0,0;0,0
FL_IJM;NL:Q:25150200;Sint Hubertusplaats;Tollebeek;44,9;7,9;8,0;3,9;0,0;0,0
FL_IJM;NL:Q:25150250;Sint Hubertusplaats;Tollebeek;8,7;47,4;3,7;7,6;0,0;0,0
FL_IJM;NL:Q:25150300;Urkerweg 46;Tollebeek;0,3;0,4;0,0;0,0;0,0;0,0
FL_IJM;NL:Q:25150350;Urkerweg 46;Tollebeek;0,1;0,3;0,1;0,0;0,0;0,0
FL_IJM;NL:Q:25150400;Urkerdwarspad;Urk;0,7;0,0;0,3;0,0;0,0;0,0
FL_IJM;NL:Q:25170030;Zwembad Voorst;Kraggenburg;0,2;0,1;0,1;0,2;0,1;0,1
FL_IJM;NL:Q:25170040;Zwembad Voorst;Kraggenburg;0,1;0,2;0,1;0,3;0,3;0,0
FL_IJM;NL:Q:25170050;Picknickplaats;Kraggenburg;0,5;0,3;0,1;0,1;0,1;0,1
FL_IJM;NL:Q:25170060;Picknickplaats;Kraggenburg;0,7;0,4;0,1;0,1;0,1;0,1
FL_IJM;NL:Q:25170070;Mammouthweg;Kraggenburg;1,5;0,4;0,5;0,1;0,1;0,0
FL_IJM;NL:Q:25170080;Mammouthweg;Kraggenburg;0,2;1,2;0,1;0,5;0,0;0,1
FL_IJM;NL:Q:25170090;Leemringweg/Sloefweg;Marknesse;0,7;0,9;0,1;0,2;0,1;0,1
FL_IJM;NL:Q:25170100;Leemringweg/Sloefweg;Marknesse;0,9;0,9;0,1;0,1;0,1;0,0
FL_IJM;NL:Q:25170110;Boslaan;Marknesse;1,2;0,0;0,0;0,0;0,0;0,0
FL_IJM;NL:Q:25170120;Boslaan;Marknesse;0,0;0,7;0,0;0,0;0,0;0,0
FL_IJM;NL:Q:25170211;Busstation;Marknesse;52,7;31,3;9,2;3,4;4,2;3,8
FL_IJM;NL:Q:25170212;Busstation;Marknesse;42,6;7,9;0,0;0,0;0,0;0,0
FL_IJM;NL:Q:25170213;Busstation;Marknesse;24,9;4,8;0,0;0,0;0,0;0,0
FL_IJM;NL:Q:25170221;Busstation;Marknesse;36,3;76,3;5,6;8,0;4,7;5,5
FL_IJM;NL:Q:25170223;Busstation;Marknesse;19,1;49,9;0,0;0,0;0,0;0,0
FL_IJM;NL:Q:25170230;Breestraat;Marknesse;27,4;25,5;4,6;8,8;3,0;4,6
FL_IJM;NL:Q:25170240;Breestraat;Marknesse;18,1;25,0;7,1;5,5;3,5;2,5
FL_IJM;NL:Q:25170250;Netl;Kraggenburg;0,3;0,5;0,2;0,5;0,4;0,5
FL_IJM;NL:Q:25170260;Netl;Kraggenburg;0,3;0,4;0,5;1,1;0,6;0,2
FL_IJM;NL:Q:25180010;Busstation;Blokzijl;18,3;0,0;0,0;0,0;0,0;0,0
FL_IJM;NL:Q:25180020;Busstation;Blokzijl;27,6;17,7;0,0;0,0;0,0;0,0
FL_IJM;NL:Q:25180030;Uiterdijkenweg;Marknesse;1,9;0,7;0,0;0,0;0,0;0,0
FL_IJM;NL:Q:25180040;Uiterdijkenweg;Marknesse;0,8;2,1;0,0;0,0;0,0;0,0
FL_IJM;NL:Q:25180050;Steenwijkerdwarsweg;Marknesse;1,1;2,3;0,0;0,0;0,0;0,0
FL_IJM;NL:Q:25180060;Steenwijkerdwarsweg;Marknesse;2,3;1,5;0,0;0,0;0,0;0,0
FL_IJM;NL:Q:25230030;Ens;Ens;49,2;61,2;14,6;17,1;6,1;9,3
FL_IJM;NL:Q:25230040;Ens;Ens;57,7;46,9;15,8;14,2;12,9;6,4
FL_IJM;NL:Q:25240010;Domineesweg;Nagele;58,3;65,5;9,7;12,2;13,0;5,5
FL_IJM;NL:Q:25240150;Professor Brandsmaw.;Nagele;0,0;0,0;0,0;0,0;0,0;0,0
FL_IJM;NL:Q:25240200;Professor Brandsmaw.;Nagele;0,0;0,0;0,0;0,0;0,0;0,0
FL_IJM;NL:Q:25240800;Nagele;Nagele;24,8;4,6;0,0;0,0;0,0;0,0
FL_IJM;NL:Q:25240850;Nagele;Nagele;5,8;20,8;0,0;0,0;0,0;0,0
FL_IJM;NL:Q:25250010;Singel;Urk;44,2;39,2;16,6;11,4;0,0;0,0
FL_IJM;NL:Q:25250050;Urkerdwarspad;Urk;0,4;1,3;0,0;0,5;0,0;0,0
FL_IJM;NL:Q:25250100;Urkerweg 60;Urk;6,7;0,5;0,9;0,0;0,0;0,0
FL_IJM;NL:Q:25250150;Urkerweg 60;Urk;0,5;7,9;0,0;1,1;0,0;0,0
FL_IJM;NL:Q:25250210;Ransuil;Urk;9,3;64,0;0,8;7,7;0,0;0,0
FL_IJM;NL:Q:25250220;Ransuil;Urk;46,8;2,3;7,3;0,5;0,0;0,0
FL_IJM;NL:Q:25250230;Winkelcentrum;Urk;8,6;105,2;2,6;13,9;0,0;0,0
FL_IJM;NL:Q:25250240;Winkelcentrum;Urk;102,6;5,0;16,0;1,6;0,0;0,0
FL_IJM;NL:Q:25250270;Vlaak;Urk;72,4;81,5;4,8;6,9;0,0;0,0
FL_IJM;NL:Q:25250300;Rotholm;Urk;68,5;50,4;11,6;5,7;0,0;0,0
FL_IJM;NL:Q:25250850;Lange Dam;Urk;54,2;62,6;5,3;7,8;0,0;0,0
FL_IJM;NL:Q:25250950;De Noord;Urk;30,7;36,2;3,7;6,7;0,0;0,0
FL_IJM;NL:Q:25251000;Gemeentehuis;Urk;74,6;73,8;9,7;13,2;0,0;0,0
FL_IJM;NL:Q:25251510;Marsdiep;Urk;0,2;0,5;0,0;0,0;0,0;0,0
FL_IJM;NL:Q:25251520;Marsdiep;Urk;0,6;0,0;0,0;0,0;0,0;0,0
FL_IJM;NL:Q:25251530;Griend;Urk;0,0;4,8;0,0;0,0;0,0;0,0
FL_IJM;NL:Q:25251540;Griend;Urk;4,6;0,1;0,0;0,0;0,0;0,0
FL_IJM;NL:Q:25251570;Keteldiep;Urk;0,2;1,3;0,0;0,0;0,0;0,0
FL_IJM;NL:Q:25251580;Keteldiep;Urk;1,1;0,0;0,0;0,0;0,0;0,0
FL_IJM;NL:Q:25270010;Clarenberglaan;Vollenhove;40,3;0,1;8,2;0,0;2,6;0,0
FL_IJM;NL:Q:25270020;Clarenberglaan;Vollenhove;52,3;39,7;17,2;6,7;15,7;2,6
FL_IJM;NL:Q:25270030;Kraggenburg;Kraggenburg;30,2;28,4;7,8;7,0;3,7;4,2
FL_IJM;NL:Q:25270110;Vollenhoverweg/NOP;Marknesse;0,0;0,9;0,0;0,2;0,0;0,2
FL_IJM;NL:Q:25270120;Vollenhoverweg/NOP;Marknesse;0,7;0,5;0,1;0,3;0,1;0,1
FL_IJM;NL:Q:25270130;Repelweg;Marknesse;0,4;0,5;0,1;0,3;0,0;0,6
FL_IJM;NL:Q:25270140;Repelweg;Marknesse;0,4;0,2;0,7;0,1;0,4;0,0
FL_IJM;NL:Q:25270150;Voorsterweg;Marknesse;0,7;2,4;0,1;0,5;0,0;0,4
FL_IJM;NL:Q:25270160;Voorsterweg;Marknesse;1,8;0,4;0,4;0,2;0,4;0,1
FL_IJM;NL:Q:25270170;Voorstersluis;Marknesse;0,0;0,2;0,0;0,1;0,1;0,1
FL_IJM;NL:Q:25270180;Voorstersluis;Marknesse;0,2;0,2;0,1;0,1;0,2;0,1
FL_IJM;NL:Q:25270190;Paardenweg;Kraggenburg;2,3;0,3;0,1;0,1;0,2;0,1
FL_IJM;NL:Q:25270200;Paardenweg;Kraggenburg;0,1;2,3;0,1;0,2;0,0;0,1
FL_IJM;NL:Q:25280010;Boomkwekerij;Scheerwolde;0,4;0,0;0,0;0,0;0,0;0,0
FL_IJM;NL:Q:25280020;Boomkwekerij;Scheerwolde;0,0;0,6;0,0;0,0;0,0;0,0
FL_IJM;NL:Q:25280050;Beenderribben;Wetering;0,0;0,0;0,0;0,0;0,0;0,0
FL_IJM;NL:Q:25280060;Beenderribben;Wetering;0,0;0,0;0,0;0,0;0,0;0,0
FL_IJM;NL:Q:25280070;Wetering;Wetering;0,0;0,4;0,0;0,0;0,0;0,0
FL_IJM;NL:Q:25280080;Wetering;Wetering;0,1;0,0;0,0;0,0;0,0;0,0
FL_IJM;NL:Q:25280090;Veldhuisweg;Baarlo;0,0;0,0;0,0;0,0;0,0;0,0
FL_IJM;NL:Q:25280100;Veldhuisweg;Baarlo;0,1;0,0;0,0;0,0;0,0;0,0
FL_IJM;NL:Q:25300010;Domineesweg;Nagele;5,1;4,9;0,0;0,0;0,0;0,0
FL_IJM;NL:Q:25330300;Zwartemeerweg;Ens;3,7;2,0;1,1;0,8;1,1;0,2
FL_IJM;NL:Q:25330350;Zwartemeerweg;Ens;2,1;0,0;0,6;0,0;0,3;0,0
FL_IJM;NL:Q:25350010;Markeweg;Blesdijke;0,1;0,0;0,0;0,0;0,0;0,0
FL_IJM;NL:Q:25350020;Markeweg;Blesdijke;0,0;0,2;0,0;0,0;0,0;0,0
FL_IJM;NL:Q:25350030;Dalhoeve;Blesdijke;0,0;0,0;0,0;0,0;0,0;0,0
FL_IJM;NL:Q:25350040;Dalhoeve;Blesdijke;0,0;0,0;0,0;0,0;0,0;0,0
FL_IJM;NL:Q:25350060;Parochiehuis;Oldemarkt;0,0;0,2;0,0;0,0;0,0;0,0
FL_IJM;NL:Q:25350090;Frieseweg;Oldemarkt;0,0;2,2;0,0;0,0;0,0;0,0
FL_IJM;NL:Q:25350310;Koningin Julianaweg;Oldemarkt;0,0;0,7;0,0;0,0;0,0;0,0
FL_IJM;NL:Q:25370010;Heetveld;Heetveld;0,7;0,0;0,2;0,0;0,0;0,0
FL_IJM;NL:Q:25370020;Heetveld;Heetveld;0,0;0,8;0,0;0,2;0,0;0,1
FL_IJM;NL:Q:25370070;Prot Chr Basisschool;Heetveld;1,9;0,0;0,6;0,0;0,1;0,0
FL_IJM;NL:Q:25370080;Prot Chr Basisschool;Heetveld;0,0;2,1;0,0;0,6;0,0;0,1
FL_IJM;NL:Q:25380010;Jan van Nassauweg;Scheerwolde;0,2;1,2;0,0;0,0;0,0;0,0
FL_IJM;NL:Q:25380020;Jan van Nassauweg;Scheerwolde;1,4;0,0;0,0;0,0;0,0;0,0
FL_IJM;NL:Q:25380030;Smalleweg;Scheerwolde;0,0;0,1;0,0;0,0;0,0;0,0
FL_IJM;NL:Q:25380040;Smalleweg;Scheerwolde;0,0;0,0;0,0;0,0;0,0;0,0
FL_IJM;NL:Q:25430010;Noorderrandweg;Kampereiland;1,0;0,0;0,1;0,0;0,0;0,0
FL_IJM;NL:Q:25430020;Noorderrandweg;Kampereiland;0,0;1,0;0,0;0,1;0,0;0,0
FL_IJM;NL:Q:25430030;Rechterveldweg;Kampereiland;2,3;0,0;0,2;0,0;0,1;0,0
FL_IJM;NL:Q:25430040;Rechterveldweg;Kampereiland;0,0;2,3;0,0;0,3;0,0;0,3
FL_IJM;NL:Q:25430050;Natuurbad Seveningen;Kampereiland;0,1;0,0;0,2;0,0;0,1;0,0
FL_IJM;NL:Q:25430100;Nesweg;Kampereiland;0,0;0,4;0,0;0,0;0,0;0,0
FL_IJM;NL:Q:25430150;Nesweg;Kampereiland;0,3;0,0;0,0;0,0;0,0;0,0
FL_IJM;NL:Q:25430200;Kampereiland Kerk;Kampereiland;0,2;0,5;0,0;0,0;0,0;0,0
FL_IJM;NL:Q:25430250;Kampereiland Kerk;Kampereiland;0,4;0,0;0,0;0,0;0,0;0,0
FL_IJM;NL:Q:25430300;Witte Brug;Kampereiland;0,1;0,7;0,0;0,0;0,0;0,0
FL_IJM;NL:Q:25430350;Witte Brug;Kampereiland;0,7;0,0;0,0;0,0;0,0;0,0
FL_IJM;NL:Q:25430390;Dam-Noorddiep;Kampereiland;0,0;0,0;0,0;0,0;0,0;0,0
FL_IJM;NL:Q:25430400;Dam-Noorddiep;Kampereiland;0,0;0,1;0,0;0,0;0,0;0,0
FL_IJM;NL:Q:25440050;Visvijverweg;Swifterbant;0,6;0,6;0,0;0,0;0,0;0,0
FL_IJM;NL:Q:25440100;Visvijverweg;Swifterbant;0,6;0,4;0,0;0,0;0,0;0,0
FL_IJM;NL:Q:25450810;Kooystraat;Ossenzijl;2,3;0,0;0,0;0,0;0,0;0,0
FL_IJM;NL:Q:25450820;Kooystraat;Ossenzijl;0,0;2,0;0,0;0,0;0,0;0,0
FL_IJM;NL:Q:25450830;Venebosweg;Ossenzijl;0,0;0,0;0,0;0,0;0,0;0,0
FL_IJM;NL:Q:25470010;De Velde;De Velde;0,2;0,0;0,0;0,0;0,0;0,0
FL_IJM;NL:Q:25470020;De Velde;De Velde;0,0;0,2;0,0;0,0;0,0;0,0
FL_IJM;NL:Q:25470030;Busstation;Zwartsluis;8,7;0,1;2,3;0,0;1,7;0,0
FL_IJM;NL:Q:25470040;Busstation;Zwartsluis;0,1;16,3;0,0;5,3;0,1;3,6
FL_IJM;NL:Q:25470070;De Krieger;De Krieger;0,1;0,0;0,0;0,0;0,0;0,0
FL_IJM;NL:Q:25470080;De Krieger;De Krieger;0,0;0,3;0,0;0,1;0,0;0,0
FL_IJM;NL:Q:25670030;Centrum;Hasselt;2,7;0,1;1,8;0,1;0,5;0,0
FL_IJM;NL:Q:25670040;Centrum;Hasselt;0,0;4,7;0,0;3,6;0,1;1,4
FL_IJM;NL:Q:25780010;Dominee Hylkemaweg;Giethoorn;0,0;0,0;0,0;0,0;0,0;0,0
FL_IJM;NL:Q:25780020;Dominee Hylkemaweg;Giethoorn;0,0;0,0;0,0;0,1;0,0;0,0
FL_IJM;NL:Q:25780050;Hotel Harmonie;Giethoorn;0,0;0,0;0,0;0,0;0,0;0,0
FL_IJM;NL:Q:25780060;Hotel Harmonie;Giethoorn;0,0;0,0;0,0;0,0;0,0;0,0
FL_IJM;NL:Q:25830090;Gemeentehuis;Kampen;0,0;0,5;0,0;0,0;0,0;0,0
FL_IJM;NL:Q:25830110;Oranjesingel;Kampen;0,0;2,1;0,0;0,0;0,0;0,0
FL_IJM;NL:Q:25830170;Station Zuid;Kampen;0,5;4,0;0,0;0,0;0,0;0,0
FL_IJM;NL:Q:25830190;Station Zuid;Kampen;0,0;0,0;0,0;0,0;0,0;0,0
FL_IJM;NL:Q:25830340;Colijnlaan;Kampen;0,0;0,0;0,0;0,0;0,0;0,0
FL_IJM;NL:Q:25830360;Ommelandsingel;Kampen;0,0;0,0;0,0;0,0;0,0;0,0
FL_IJM;NL:Q:25830510;Loriestraat;Kampen;0,0;0,0;0,0;0,0;0,0;0,0
FL_IJM;NL:Q:38400120;Florasingel;Bovenkarspel;0,0;0,0;0,0;0,0;0,0;0,0
FL_IJM;NL:Q:38402010;Streekhof;Bovenkarspel;0,0;0,1;0,0;0,0;0,0;0,0
FL_IJM;NL:Q:38402020;Streekhof;Grootebroek;0,0;0,0;0,0;0,0;0,0;0,0
FL_IJM;NL:Q:38410030;'t Fortuin;Wervershoof;0,0;0,0;0,0;0,0;0,0;0,0
FL_IJM;NL:Q:38410040;Raadhuisplein;Wervershoof;0,0;0,0;0,0;0,0;0,0;0,0
FL_IJM;NL:Q:38410050;R.K. Kerk;Wervershoof;0,0;0,0;0,0;0,0;0,0;0,0
FL_IJM;NL:Q:38410060;R.K. Kerk;Wervershoof;0,0;0,0;0,0;0,0;0,0;0,0
FL_IJM;NL:Q:38410070;Raadhuisplein;Wervershoof;0,0;0,0;0,0;0,0;0,0;0,0
FL_IJM;NL:Q:38500010;Station;Enkhuizen;0,2;0,5;0,0;0,0;0,0;0,0
FL_IJM;NL:Q:38510060;Burg.Doumastraat;Andijk;0,0;0,0;0,0;0,0;0,0;0,0
FL_IJM;NL:Q:38510110;Kuin;Andijk;0,0;0,0;0,0;0,0;0,0;0,0
FL_IJM;NL:Q:38610060;Sorghvliet;Andijk;0,0;0,0;0,0;0,0;0,0;0,0
FL_IJM;NL:Q:38610080;Gedeputeerde Laanweg;Andijk;0,0;0,1;0,0;0,0;0,0;0,0
FL_IJM;NL:Q:38610170;Sorghvliet;Andijk;0,0;0,0;0,0;0,0;0,0;0,0
FL_IJM;NL:Q:38610190;Klamptweid/Kleingouw;Andijk;0,0;0,0;0,0;0,0;0,0;0,0
FL_IJM;NL:Q:46002960;Blaloweg/Hasselterweg;Zwolle;0,0;4,0;0,0;1,8;0,0;0,4
FL_IJM;NL:Q:46004026;Station;Zwolle;27,4;0,1;0,0;0,0;0,0;0,0
FL_IJM;NL:Q:46004027;Station;Zwolle;44,0;54,3;12,4;15,0;10,9;20,4
FL_IJM;NL:Q:46004030;Station;Zwolle;0,0;0,2;0,0;0,0;0,0;0,0
FL_IJM;NL:Q:46004032;Station;Zwolle;0,0;17,3;0,0;0,0;0,0;0,0
FL_IJM;NL:Q:46006400;Campus;Zwolle;54,2;0,0;0,0;0,0;0,0;0,0
FL_IJM;NL:Q:46006450;Campus;Zwolle;0,0;52,1;0,0;0,0;0,0;0,0
FL_IJM;NL:Q:46006600;Blaloweg/Rieteweg;Zwolle;0,5;0,0;0,0;0,0;0,0;0,0
FL_IJM;NL:Q:46006650;Blaloweg/Rieteweg;Zwolle;0,0;2,8;0,0;0,2;0,0;0,1
FL_IJM;NL:Q:46008580;Stadion;Zwolle;0,0;0,0;0,0;0,0;0,0;0,0
FL_IJM;NL:Q:46100040;Katerdijk;zwolle;40,3;0,0;0,4;0,0;0,0;0,0
FL_IJM;NL:Q:46100050;Katerdijk;zwolle;0,0;76,2;0,0;0,1;0,0;0,3
FL_IJM;NL:Q:46100320;Breecamp;Zwolle;0,0;0,5;0,0;0,2;0,0;0,1
FL_IJM;NL:Q:46100330;Breecamp;Zwolle;0,2;0,0;0,1;0,0;0,1;0,0
FL_IJM;NL:Q:46104021;Katwolderplein/centrum;Zwolle;25,2;0,0;4,7;0,0;3,1;0,0
FL_IJM;NL:Q:46104022;Katwolderplein/centrum;Zwolle;0,0;19,4;0,0;10,1;0,0;5,8
FL_IJM;NL:Q:46301120;Industrieweg;Hasselt;0,0;0,4;0,0;0,1;0,0;0,0
FL_IJM;NL:Q:46302090;Stadsweg;Hasselt;0,1;0,0;0,0;0,0;0,0;0,0
FL_IJM;NL:Q:46302100;Stadsweg;Hasselt;0,0;0,2;0,0;0,5;0,0;0,2
FL_IJM;NL:Q:46302110;Industrieweg;Hasselt;0,2;0,0;0,0;0,0;0,0;0,0
FL_IJM;NL:Q:46403010;Kloosterziel;De Velde;0,0;0,0;0,0;0,0;0,0;0,0
FL_IJM;NL:Q:46403020;Kloosterziel;De Velde;0,0;0,0;0,0;0,0;0,0;0,0
FL_IJM;NL:Q:46501010;Kranerweerd;Zwartsluis;0,1;0,0;0,0;0,0;0,0;0,0
FL_IJM;NL:Q:46501020;Kranerweerd;Zwartsluis;0,0;0,2;0,0;0,1;0,0;0,1
FL_IJM;NL:Q:46501030;Nieuwesluis;Zwartsluis;0,5;0,0;0,8;0,0;1,0;0,0
FL_IJM;NL:Q:46501040;Nieuwesluis;Zwartsluis;0,0;0,5;0,0;0,3;0,0;0,0
FL_IJM;NL:Q:46501070;Westeinde - Rotonde;Zwartsluis;0,2;0,0;0,2;0,0;0,0;0,0
FL_IJM;NL:Q:46501080;Westeinde - Rotonde;Zwartsluis;0,0;0,4;0,0;0,3;0,0;0,0
FL_IJM;NL:Q:46511010;De Noorde;Zwartsluis;1,1;0,0;0,2;0,0;0,0;0,0
FL_IJM;NL:Q:46511020;De Noorde;Zwartsluis;0,0;1,4;0,0;0,4;0,0;0,3
FL_IJM;NL:Q:46511030;Zieltje;Zwartsluis;0,0;0,0;0,0;0,0;0,0;0,0
FL_IJM;NL:Q:46511040;Zieltje;Zwartsluis;0,0;0,0;0,0;0,0;0,0;0,0
FL_IJM;NL:Q:46520010;Flevoweg;St.Jansklooster;0,0;5,4;0,0;1,2;0,0;0,7
FL_IJM;NL:Q:46520020;Flevoweg;St.Jansklooster;5,4;0,0;0,9;0,0;0,5;0,0
FL_IJM;NL:Q:46520030;Veneweg;St.Jansklooster;0,0;2,4;0,0;0,8;0,0;0,4
FL_IJM;NL:Q:46520040;Veneweg;St.Jansklooster;2,6;0,0;0,3;0,0;0,4;0,0
FL_IJM;NL:Q:46522010;Barsbeek;Heetveld;1,0;0,0;0,1;0,0;0,0;0,0
FL_IJM;NL:Q:46522020;Barsbeek;Heetveld;0,0;1,2;0,0;0,2;0,0;0,1
FL_IJM;NL:Q:46522070;Barsbeek 36;St. Jansklooster;1,7;0,0;0,0;0,0;0,0;0,0
FL_IJM;NL:Q:46522080;Barsbeek 36;St. Jansklooster;0,0;1,8;0,0;0,0;0,0;0,0
FL_IJM;NL:Q:46522090;Kadoelen;Kadoelen;0,8;0,0;0,1;0,0;0,0;0,0
FL_IJM;NL:Q:46522100;Kadoelen;Kadoelen;0,0;1,1;0,0;0,4;0,0;0,1
FL_IJM;NL:Q:46531010;Verlengde Duinweg;St.Jansklooster;0,5;0,0;0,1;0,0;0,1;0,0
FL_IJM;NL:Q:46531020;Verlengde Duinweg;St.Jansklooster;0,0;0,9;0,0;0,1;0,0;0,2
FL_IJM;NL:Q:46531030;Weyert;Vollenhove;8,7;0,0;0,6;0,0;0,3;0,0
FL_IJM;NL:Q:46531040;Weyert;Vollenhove;0,0;6,6;0,0;0,7;0,0;0,2
FL_IJM;NL:Q:46531050;Zwembad;Vollenhove;10,3;9,2;2,7;4,1;1,6;2,9
FL_IJM;NL:Q:46531060;Zwembad;Vollenhove;11,1;13,1;3,8;3,3;4,0;2,1
FL_IJM;NL:Q:46602010;Belterweg;Belt Schutsloot;0,0;0,0;0,0;0,0;0,0;0,0
FL_IJM;NL:Q:46630140;Giethoorn Zuid;Giethoorn;0,0;0,0;0,0;0,1;0,0;0,0
FL_IJM;NL:Q:46630160;Hollands Venetië;Giethoorn;0,0;0,0;0,0;0,1;0,0;0,0
FL_IJM;NL:Q:47130010;Hasselterweg;Zwolle;1,3;0,0;0,4;0,0;0,2;0,0
FL_IJM;NL:Q:47130020;Hasselterweg;Zwolle;0,0;1,5;0,0;0,8;0,0;0,4
FL_IJM;NL:Q:47130030;Zwolseweg;Zwolle;0,1;0,0;0,0;0,0;0,0;0,0
FL_IJM;NL:Q:47130040;Zwolseweg;Zwolle;0,0;0,1;0,0;0,1;0,0;0,1
FL_IJM;NL:Q:47130100;Veecaten;'s-Heerenbroek;0,0;0,0;0,0;0,0;0,0;0,0
FL_IJM;NL:Q:47130150;Veecaten;'s-Heerenbroek;0,1;0,0;0,0;0,0;0,0;0,0
FL_IJM;NL:Q:47130200;Bisschopswetering;'s-Heerenbroek;0,0;0,2;0,0;0,0;0,0;0,0
FL_IJM;NL:Q:47130250;Bisschopswetering;'s-Heerenbroek;0,1;0,0;0,0;0,0;0,0;0,0
FL_IJM;NL:Q:47130300;Schoolsteeg;'s-Heerenbroek;0,0;0,0;0,0;0,0;0,0;0,0
FL_IJM;NL:Q:47130350;Schoolsteeg;'s-Heerenbroek;0,0;0,0;0,0;0,0;0,0;0,0
FL_IJM;NL:Q:47130400;Zwolseweg 56;'s-Heerenbroek;0,0;0,0;0,0;0,0;0,0;0,0
FL_IJM;NL:Q:47132520;Blaloweg/Hasselterweg;Zwolle;2,0;0,0;0,2;0,0;0,0;0,0
FL_IJM;NL:Q:47230150;Quarles v. Uffordweg;Wilsum;0,0;0,0;0,0;0,0;0,0;0,0
FL_IJM;NL:Q:47230200;Wilsumersteeg;Wilsum;0,0;0,0;0,0;0,0;0,0;0,0
FL_IJM;NL:Q:47230250;Wilsumersteeg;Wilsum;0,0;0,0;0,0;0,0;0,0;0,0
FL_IJM;NL:Q:47230300;Zwolseweg 44;IJsselmuiden;0,0;0,0;0,0;0,0;0,0;0,0
FL_IJM;NL:Q:47330080;Gemeentehuis;Kampen;0,3;0,0;0,0;0,0;0,0;0,0
FL_IJM;NL:Q:47330130;Beneluxweg;Kampen;0,0;0,0;0,0;0,0;0,0;0,0
FL_IJM;NL:Q:47330150;IJsselbrug;Kampen;4,4;0,0;0,0;0,0;0,0;0,0
FL_IJM;NL:Q:47330200;IJsselbrug;Kampen;0,0;9,2;0,0;0,0;0,0;0,0
FL_IJM;NL:Q:47330201;IJsselbrug;Kampen;0,7;0,0;0,0;0,0;0,0;0,0
FL_IJM;NL:Q:47330210;IJsselbrug;Kampen;0,0;1,7;0,0;0,0;0,0;0,0
FL_IJM;NL:Q:47330250;Van Heutszplein;Kampen;1,0;0,0;0,0;0,0;0,0;0,0
FL_IJM;NL:Q:47330300;Van Heutszplein;Kampen;0,0;4,5;0,0;0,0;0,0;0,0
FL_IJM;NL:Q:47331270;Akelei;Kampen;0,0;0,0;0,0;0,0;0,0;0,0
FL_IJM;NL:Q:47331310;Vijverhof;Kampen;1,5;0,0;0,0;0,0;0,0;0,0
FL_IJM;NL:Q:47331320;Vijverhof;Kampen;0,0;2,1;0,0;0,0;0,0;0,0
FL_IJM;NL:Q:47331900;Bovenhavenstraat;Kampen;0,2;0,0;0,0;0,0;0,0;0,0
FL_IJM;NL:Q:47332200;Koornmarkt;Kampen;0,2;0,0;0,0;0,0;0,0;0,0
FL_IJM;NL:Q:47332210;Koornmarkt;Kampen;0,0;0,7;0,0;0,0;0,0;0,0
FL_IJM;NL:Q:47332300;Bovenhavenstraat;Kampen;0,0;0,1;0,0;0,0;0,0;0,0
FL_IJM;NL:Q:47332600;Verzinkerij;IJsselmuiden;0,0;0,4;0,0;0,0;0,0;0,0
FL_IJM;NL:Q:47332700;Grafhorsterweg;IJsselmuiden;0,6;4,6;0,0;0,4;0,0;0,3
FL_IJM;NL:Q:47332750;Grafhorsterweg;IJsselmuiden;1,9;0,2;0,1;0,0;0,1;0,0
FL_IJM;NL:Q:47332800;Natuurbad Seveningen;Kampereiland;0,3;0,3;0,0;0,2;0,1;0,1
FL_IJM;NL:Q:47332950;Verzinkerij;IJsselmuiden;0,3;0,0;0,0;0,0;0,0;0,0
FL_IJM;NL:Q:47333250;Oranjesingel;Kampen;0,7;0,0;0,0;0,0;0,0;0,0
FL_IJM;NL:Q:47333300;Oostzeestraat;Kampen;0,0;1,1;0,0;0,0;0,0;0,0
FL_IJM;NL:Q:47333350;Oostzeestraat;Kampen;0,5;0,0;0,0;0,0;0,0;0,0
FL_IJM;NL:Q:47333410;Almere College;Kampen;0,0;4,9;0,0;0,0;0,0;0,0
FL_IJM;NL:Q:47333450;Almere College;Kampen;4,0;0,0;0,0;0,0;0,0;0,0
FL_IJM;NL:Q:47333500;Nijverheidsstraat;Kampen;0,0;18,5;0,0;0,0;0,0;0,0
FL_IJM;NL:Q:47333850;Beekmanstraat;Kampen;0,0;0,0;0,0;0,0;0,0;0,0
FL_IJM;NL:Q:47334450;Tormentil;Kampen;0,0;0,0;0,0;0,0;0,0;0,0
FL_IJM;NL:Q:47334750;Isala Polikliniek;Kampen;0,5;0,0;0,0;0,0;0,0;0,0
FL_IJM;NL:Q:47334800;Isala Polikliniek;Kampen;0,0;0,3;0,0;0,0;0,0;0,0
FL_IJM;NL:Q:47335010;Station;Kampen;0,3;0,0;0,0;0,0;0,0;0,0
FL_IJM;NL:Q:47335020;Station;Kampen;0,1;3,7;0,0;0,0;0,0;0,0
FL_IJM;NL:Q:47335030;Station;Kampen;82,8;383,9;21,0;89,6;12,4;70,2
FL_IJM;NL:Q:47335040;Station;Kampen;446,6;83,2;104,6;24,2;55,6;24,6
FL_IJM;NL:Q:47335050;Station;Kampen;5,9;5,0;0,0;0,0;0,0;0,0
FL_IJM;NL:Q:47335060;Station;Kampen;1,4;20,5;0,0;0,0;0,0;0,0
FL_IJM;NL:Q:47336000;Kalmoessingel;Kampen;1,6;0,0;0,0;0,0;0,0;0,0
FL_IJM;NL:Q:47336050;Kalmoessingel;Kampen;0,0;9,4;0,0;0,0;0,0;0,0
FL_IJM;NL:Q:47336100;GSG Pieter Zandt;Kampen;14,8;17,0;0,0;0,0;0,0;0,0
FL_IJM;NL:Q:47430050;Nijverheidsstraat;Kampen;14,9;0,0;0,0;0,0;0,0;0,0
FL_IJM;NL:Q:47430200;Roggebotsluis;Dronten;36,6;0,0;0,0;0,0;0,0;0,0
FL_IJM;NL:Q:47430250;Roggebotsluis;Dronten;44,2;36,6;0,0;0,0;0,0;0,0
FL_IJM;NL:Q:47430300;Oudebosweg;Dronten;1,9;0,5;0,0;0,0;0,0;0,0
FL_IJM;NL:Q:47530020;Ketelweg;Dronten;0,3;0,2;0,0;0,0;0,0;0,0
FL_IJM;NL:Q:47530050;Oudebosweg;Dronten;0,2;0,5;0,0;0,0;0,0;0,0
FL_IJM;NL:Q:49000050;Lelycentre;Lelystad;21,6;13,8;4,7;1,0;0,0;0,0
FL_IJM;NL:Q:49000060;Rotondebrug;Lelystad;2,3;2,4;0,4;0,4;0,0;0,0
FL_IJM;NL:Q:49000070;Rotondebrug;Lelystad;9,8;10,6;0,5;1,0;0,0;0,0
FL_IJM;NL:Q:49000101;Lelycentre;Lelystad;14,7;21,0;1,1;4,9;0,0;0,0
FL_IJM;NL:Q:49000170;Centrumbrug;Lelystad;13,7;17,7;2,3;5,3;1,7;6,8
FL_IJM;NL:Q:49000171;Centrumbrug;Lelystad;22,4;16,2;5,1;2,9;4,2;1,9
FL_IJM;NL:Q:49000640;Hondsdraf;Lelystad;0,2;0,3;0,0;0,0;0,0;0,0
FL_IJM;NL:Q:49000750;Vlieterbrug;Lelystad;10,3;2,2;2,7;1,3;0,0;0,0
FL_IJM;NL:Q:49000800;Vlieterbrug;Lelystad;1,7;5,1;0,7;1,9;0,0;0,0
FL_IJM;NL:Q:49000850;Kwikstraat;Lelystad;1,8;0,1;0,2;0,0;0,0;0,0
FL_IJM;NL:Q:49001020;Hondsdraf;Lelystad;1,1;0,2;0,0;0,0;0,0;0,0
FL_IJM;NL:Q:49001210;Houtribweg;Lelystad;5,2;0,7;0,2;0,1;0,4;0,1
FL_IJM;NL:Q:49001220;Houtribweg;Lelystad;0,9;11,8;0,2;0,9;0,1;1,0
FL_IJM;NL:Q:49003300;De Hoven;Lelystad;6,8;1,9;1,3;0,4;0,7;0,2
FL_IJM;NL:Q:49003320;De Hoven;Lelystad;0,9;16,1;0,3;2,2;0,2;1,1
FL_IJM;NL:Q:49004500;De Rietlanden;Lelystad;3,8;22,4;1,1;4,7;0,8;2,8
FL_IJM;NL:Q:49004550;De Rietlanden;Lelystad;20,1;8,3;4,3;1,1;2,4;0,6
FL_IJM;NL:Q:49005010;Station Centrum;Lelystad;311,6;368,8;128,7;103,2;73,4;53,4
FL_IJM;NL:Q:49005020;Station Centrum;Lelystad;31,9;10,7;8,6;1,6;0,0;0,0
FL_IJM;NL:Q:49005030;Station Centrum;Lelystad;306,3;221,9;108,5;94,1;67,1;93,2
FL_IJM;NL:Q:49005150;Vestebrug;Lelystad;2,7;1,2;0,4;0,6;0,0;0,0
FL_IJM;NL:Q:49005200;Vestebrug;Lelystad;0,9;2,2;0,2;0,5;0,0;0,0
FL_IJM;NL:Q:49005250;Schansbrug;Lelystad;1,1;2,9;0,1;0,3;0,0;0,0
FL_IJM;NL:Q:49005300;Schansbrug;Lelystad;2,0;1,9;0,2;0,1;0,0;0,0
FL_IJM;NL:Q:49005400;Oostranddreef;Lelystad;1,8;0,6;0,0;0,0;0,0;0,0
FL_IJM;NL:Q:49005500;Runderweg;Lelystad;1,2;0,2;0,0;0,0;0,0;0,0
FL_IJM;NL:Q:49005950;Crematorium;Lelystad;1,0;0,2;1,3;0,1;0,0;0,0
FL_IJM;NL:Q:49006500;Crematorium;Lelystad;0,2;1,6;0,3;2,2;0,0;0,0
FL_IJM;NL:Q:49006800;Pekstraat;Lelystad;0,1;5,1;0,0;1,0;0,0;0,0
FL_IJM;NL:Q:49006850;Pekstraat;Lelystad;2,3;0,1;0,7;0,1;0,0;0,0
FL_IJM;NL:Q:49008810;Palazzo;Lelystad;8,9;36,1;3,6;7,3;3,4;5,9
FL_IJM;NL:Q:49008820;Palazzo;Lelystad;35,8;19,1;8,9;7,4;5,9;8,5
FL_IJM;NL:Q:49008850;Larserpoortweg;Lelystad;20,1;4,4;2,8;0,3;1,6;0,3
FL_IJM;NL:Q:49111010;Natuurpark;Lelystad;3,9;1,5;1,8;0,5;0,9;0,2
FL_IJM;NL:Q:49111020;Larserpoortweg;Lelystad;3,3;22,5;0,3;4,5;0,7;3,4
FL_IJM;NL:Q:49130010;Zeeasterpad;Lelystad;0,3;0,6;0,0;0,0;0,0;0,0
FL_IJM;NL:Q:49130020;Runderweg;Lelystad;0,1;1,5;0,0;0,0;0,0;0,0
FL_IJM;NL:Q:49140010;Steenstraat;Lelystad;13,6;1,4;1,2;0,1;0,0;0,0
FL_IJM;NL:Q:49140020;Steenstraat;Lelystad;1,8;17,6;0,0;1,4;0,0;0,0
FL_IJM;NL:Q:49140050;Edelhertweg;Lelystad;0,1;0,0;0,0;0,0;0,0;0,0
FL_IJM;NL:Q:49140060;Kwikstraat;Lelystad;0,2;2,6;0,0;0,2;0,0;0,0
FL_IJM;NL:Q:49210010;Vogelweg;Lelystad;1,4;4,4;0,9;0,3;0,3;0,2
FL_IJM;NL:Q:49210020;Natuurpark;Lelystad;1,2;3,8;0,3;2,2;0,1;1,2
FL_IJM;NL:Q:49210040;Eendenweg;Lelystad;6,0;11,0;1,4;12,3;0,9;8,3
FL_IJM;NL:Q:49210050;Eendenweg;Lelystad;9,7;5,9;10,4;1,5;6,7;1,2
FL_IJM;NL:Q:49230010;Lisdoddepad;Dronten;0,0;0,0;0,0;0,0;0,0;0,0
FL_IJM;NL:Q:49230020;Zeeasterpad;Lelystad;0,6;0,0;0,0;0,0;0,0;0,0
FL_IJM;NL:Q:49240010;Proefstation;Lelystad;2,3;0,0;0,1;0,0;0,0;0,0
FL_IJM;NL:Q:49240020;Proefstation;Lelystad;0,0;2,2;0,0;0,0;0,0;0,0
FL_IJM;NL:Q:49240030;Klokbekerweg;Lelystad;0,3;0,0;0,3;0,0;0,0;0,0
FL_IJM;NL:Q:49240040;Klokbekerweg;Lelystad;0,0;0,6;0,0;0,4;0,0;0,0
FL_IJM;NL:Q:49240050;Vuursteenweg;Swifterbant;0,2;0,0;0,0;0,0;0,0;0,0
FL_IJM;NL:Q:49240060;Edelhertweg;Lelystad;0,0;0,2;0,0;0,1;0,0;0,0
FL_IJM;NL:Q:49310010;Gooiseweg;Zeewolde;0,7;0,4;0,1;0,1;0,3;0,1
FL_IJM;NL:Q:49310020;Vogelweg;Lelystad;4,0;1,6;0,3;0,7;0,3;0,3
FL_IJM;NL:Q:49330010;Roodbeenweg;Dronten;0,0;0,0;0,0;0,0;0,0;0,0
FL_IJM;NL:Q:49330020;Roodbeenweg;Dronten;0,0;0,0;0,0;0,0;0,0;0,0
FL_IJM;NL:Q:49330040;Lisdoddeweg;Dronten;0,0;0,0;0,0;0,0;0,0;0,0
FL_IJM;NL:Q:49330050;Rietweg;Dronten;2,0;0,8;0,0;0,0;0,0;0,0
FL_IJM;NL:Q:49330060;Lisdoddepad;Dronten;0,0;0,0;0,0;0,0;0,0;0,0
FL_IJM;NL:Q:49340010;Bloemenwijk;Swifterbant;61,5;38,3;14,0;9,7;10,8;9,4
FL_IJM;NL:Q:49340020;Bloemenwijk;Swifterbant;37,4;53,7;5,3;7,8;0,0;0,0
FL_IJM;NL:Q:49340040;Industrieweg;Swifterbant;0,3;2,1;0,0;0,2;0,0;0,0
FL_IJM;NL:Q:49340050;Industrieweg;Swifterbant;1,4;0,9;0,2;0,1;0,3;0,1
FL_IJM;NL:Q:49340060;Rivierduinweg;Swifterbant;0,0;0,7;0,2;1,6;0,0;0,0
FL_IJM;NL:Q:49340070;Rivierduinweg;Swifterbant;0,3;0,0;0,9;0,2;0,0;0,0
FL_IJM;NL:Q:49340080;De Lange Streek;Swifterbant;49,8;52,3;16,1;12,0;0,0;0,0
FL_IJM;NL:Q:49340090;De Lange Streek;Swifterbant;64,6;58,1;19,0;18,8;12,7;13,9
FL_IJM;NL:Q:49340100;Tarpanweg;Swifterbant;0,1;2,6;0,0;0,4;0,0;0,0
FL_IJM;NL:Q:49340120;Vuursteenweg;Swifterbant;0,0;0,2;0,0;0,2;0,0;0,0
FL_IJM;NL:Q:49340140;Het Blazoen;Swifterbant;2,0;0,9;0,0;0,0;0,0;0,0
FL_IJM;NL:Q:49410010;Sternweg;Zeewolde;0,6;1,3;0,5;1,3;0,3;0,9
FL_IJM;NL:Q:49410020;Gooiseweg;Zeewolde;0,2;0,7;0,1;0,4;0,1;0,5
FL_IJM;NL:Q:49430020;Melisse;Dronten;4,8;11,2;0,9;2,9;1,0;2,2
FL_IJM;NL:Q:49430050;De Haflinger;Dronten;2,1;0,1;0,0;0,0;0,0;0,0
FL_IJM;NL:Q:49430060;De Haflinger;Dronten;0,1;0,8;0,0;0,0;0,0;0,0
FL_IJM;NL:Q:49430070;Langstraat Zuid;Dronten;6,8;3,9;2,8;1,6;2,1;1,2
FL_IJM;NL:Q:49430080;Langstraat Zuid;Dronten;4,0;6,0;1,7;2,2;0,6;2,1
FL_IJM;NL:Q:49430110;Manege;Dronten;13,6;11,3;0,0;0,0;0,0;0,0
FL_IJM;NL:Q:49430120;Manege;Dronten;13,2;15,5;0,0;0,0;0,0;0,0
FL_IJM;NL:Q:49430130;De Ark;Dronten;11,9;3,9;5,8;1,6;3,4;1,4
FL_IJM;NL:Q:49430140;De Ark;Dronten;3,9;10,4;1,0;3,9;0,9;3,1
FL_IJM;NL:Q:49430150;Baskenstraat;Dronten;2,0;2,9;0,0;0,0;0,0;0,0
FL_IJM;NL:Q:49430200;Baskenstraat;Dronten;2,0;5,4;0,0;0,0;0,0;0,0
FL_IJM;NL:Q:49430210;Langstraat;Dronten;13,9;7,7;3,2;2,3;2,7;1,7
FL_IJM;NL:Q:49430220;Langstraat;Dronten;7,5;12,7;2,8;2,4;1,4;2,4
FL_IJM;NL:Q:49430250;De Boeg;Dronten;5,2;4,4;0,0;0,0;0,0;0,0
FL_IJM;NL:Q:49430260;Rietweg;Dronten;0,9;0,6;0,0;0,0;0,0;0,0
FL_IJM;NL:Q:49430300;De Boeg;Dronten;5,8;5,3;0,0;0,0;0,0;0,0
FL_IJM;NL:Q:49430310;De Ketting;Dronten;13,8;8,3;4,4;2,9;2,7;2,4
FL_IJM;NL:Q:49430320;De Ketting;Dronten;9,1;12,4;2,7;3,7;2,3;2,1
FL_IJM;NL:Q:49430393;Station;Dronten;2,4;0,1;0,0;0,0;0,0;0,0
FL_IJM;NL:Q:49430421;Station;Dronten;121,3;30,9;28,3;10,5;27,6;10,1
FL_IJM;NL:Q:49430422;Station;Dronten;152,6;236,0;42,7;52,4;29,1;32,6
FL_IJM;NL:Q:49430423;Station;Dronten;7,4;8,4;0,0;0,0;0,0;0,0
FL_IJM;NL:Q:49430425;Station;Dronten;207,8;166,6;0,0;0,0;0,0;0,0
FL_IJM;NL:Q:49430430;Dukaat;Dronten;1,7;1,3;0,0;0,0;0,3;0,3
FL_IJM;NL:Q:49430450;Het Spaarne;Dronten;7,4;3,5;0,9;0,4;0,8;0,2
FL_IJM;NL:Q:49430460;Dukaat;Dronten;1,5;3,9;0,0;0,0;0,0;0,0
FL_IJM;NL:Q:49430470;Rendierweg;Dronten;0,5;0,5;0,2;0,1;0,1;0,0
FL_IJM;NL:Q:49430480;Het Spaarne;Dronten;1,3;8,6;0,4;1,1;0,0;0,3
FL_IJM;NL:Q:49430490;Beiersgulden;Dronten;6,0;5,8;1,2;2,0;0,0;0,0
FL_IJM;NL:Q:49430500;Rendierweg;Dronten;0,3;1,1;0,0;0,2;0,1;0,1
FL_IJM;NL:Q:49430510;Eurosingel;Dronten;5,1;4,9;0,0;0,0;0,5;1,1
FL_IJM;NL:Q:49430520;Eurosingel;Dronten;8,5;11,8;0,0;0,0;0,0;0,0
FL_IJM;NL:Q:49430590;Aeres Hogeschool;Dronten;24,6;19,2;0,0;0,0;0,9;8,5
FL_IJM;NL:Q:49430600;Aeres Hogeschool;Dronten;17,4;30,4;0,0;0,0;0,0;0,0
FL_IJM;NL:Q:49430610;Beiersgulden;Dronten;1,9;2,4;0,9;1,7;0,3;0,9
FL_IJM;NL:Q:49430620;De Morgen;Dronten;5,7;5,0;0,0;0,0;0,0;0,0
FL_IJM;NL:Q:49430630;De Morgen;Dronten;4,6;5,5;0,0;0,0;0,0;0,0
FL_IJM;NL:Q:49430640;De Barrage;Dronten;5,3;5,7;0,0;0,0;0,0;0,0
FL_IJM;NL:Q:49430650;De Barrage;Dronten;4,5;5,9;0,0;0,0;0,0;0,0
FL_IJM;NL:Q:49430740;Meerpaal;Dronten;6,0;18,9;1,7;14,6;0,9;3,1
FL_IJM;NL:Q:49430750;Meerpaal;Dronten;22,7;9,0;11,6;3,8;3,2;1,8
FL_IJM;NL:Q:49430760;Centrum;Dronten;47,3;122,4;5,6;11,0;0,9;4,2
FL_IJM;NL:Q:49430770;Centrum;Dronten;73,9;18,3;9,2;8,2;6,4;3,9
FL_IJM;NL:Q:49440010;Elandweg;Swifterbant;0,0;0,0;0,0;0,0;0,0;0,0
FL_IJM;NL:Q:49440020;Elandweg;Swifterbant;0,0;0,1;0,0;0,0;0,0;0,0
FL_IJM;NL:Q:49440030;Tarpanweg;Swifterbant;1,2;0,1;0,3;0,0;0,3;0,1
FL_IJM;NL:Q:49480010;Reigerweg;Zeewolde;0,5;0,1;0,0;0,0;0,0;0,0
FL_IJM;NL:Q:49480020;Reigerweg;Zeewolde;0,1;0,5;0,0;0,0;0,0;0,0
FL_IJM;NL:Q:49490010;Slingerpad;Zeewolde;0,4;3,4;0,1;0,7;0,0;0,4
FL_IJM;NL:Q:49490020;Slingerpad;Zeewolde;2,6;0,5;0,5;0,0;0,3;0,0
FL_IJM;NL:Q:49490030;Nijkerkersluis;Zeewolde;0,6;1,1;0,0;0,0;0,0;0,0
FL_IJM;NL:Q:49490040;Nijkerkersluis;Zeewolde;0,8;0,6;0,0;0,0;0,0;0,0
FL_IJM;NL:Q:49490090;Flevo-Nat/Wielseweg;Zeewolde;1,1;0,1;1,2;0,1;2,4;0,2
FL_IJM;NL:Q:49490100;Flevo-Nat/Wielseweg;Zeewolde;0,1;0,6;0,0;0,9;0,0;0,5
FL_IJM;NL:Q:49510020;Harderhaven;Harderhaven;3,2;44,4;2,7;22,6;1,6;11,3
FL_IJM;NL:Q:49510030;Harderhaven;Harderhaven;43,5;4,2;21,3;3,7;11,0;1,9
FL_IJM;NL:Q:49510040;Harderbroek;Zeewolde;0,3;1,0;0,1;0,0;0,0;0,2
FL_IJM;NL:Q:49510080;Camping Flevostrand;Biddinghuizen;8,1;4,9;5,5;3,7;3,9;3,0
FL_IJM;NL:Q:49510100;Sternweg;Zeewolde;0,7;0,7;1,0;1,6;0,8;0,3
FL_IJM;NL:Q:49530010;Ketelweg;Dronten;0,1;0,4;0,0;0,0;0,0;0,0
FL_IJM;NL:Q:49530020;Hanzeweg 17;Dronten;0,1;0,8;0,0;0,0;0,0;0,0
FL_IJM;NL:Q:49530030;Hanzeweg 17;Dronten;0,8;0,1;0,0;0,0;0,0;0,0
FL_IJM;NL:Q:49560010;Palingweg;Biddinghuizen;0,0;0,2;0,0;0,1;0,0;0,0
FL_IJM;NL:Q:49560020;Palingweg;Biddinghuizen;0,1;0,0;0,0;0,0;0,1;0,0
FL_IJM;NL:Q:49560030;Garnaalweg;Dronten;0,0;0,0;0,0;0,1;0,0;0,0
FL_IJM;NL:Q:49560040;Garnaalweg;Dronten;0,1;0,0;0,0;0,0;0,1;0,0
FL_IJM;NL:Q:49560050;Botweg;Biddinghuizen;0,4;0,2;0,1;0,1;0,0;0,0
FL_IJM;NL:Q:49560070;Melisse;Dronten;11,5;4,5;3,6;1,2;2,3;1,0
FL_IJM;NL:Q:49580010;Dodaarsweg;Zeewolde;0,2;0,5;0,0;0,0;0,0;0,0
FL_IJM;NL:Q:49580020;Dodaarsweg;Zeewolde;0,7;0,4;0,0;0,0;0,0;0,0
FL_IJM;NL:Q:49590010;Nulderpad;Zeewolde;0,1;0,3;0,0;0,6;0,0;0,0
FL_IJM;NL:Q:49590020;Nulderpad;Zeewolde;0,1;0,2;0,3;0,0;0,1;0,0
FL_IJM;NL:Q:49613003;Ziekenhuis Sint Jansdal;Harderwijk;1,3;12,7;0,0;0,0;0,0;0,0
FL_IJM;NL:Q:49613010;Selhorstweg;Harderwijk;9,7;56,9;4,0;21,9;2,0;10,7
FL_IJM;NL:Q:49613075;Burg. de Meesterstraat;Harderwijk;68,1;19,8;22,8;7,0;16,4;3,1
FL_IJM;NL:Q:49613076;Burg. de Meesterstraat;Harderwijk;15,2;62,9;4,7;24,2;1,9;15,7
FL_IJM;NL:Q:49613077;Dolfinarium;Harderwijk;71,7;31,6;59,1;34,7;30,3;24,8
FL_IJM;NL:Q:49613078;Dolfinarium;Harderwijk;25,7;65,1;23,9;63,1;18,0;28,8
FL_IJM;NL:Q:49613095;Ziekenhuis Sint Jansdal;Harderwijk;8,6;1,9;0,0;0,0;0,0;0,0
FL_IJM;NL:Q:49613405;Plantage;Harderwijk;2,1;1,0;0,0;0,0;0,0;0,0
FL_IJM;NL:Q:49613406;Plantage;Harderwijk;0,7;3,0;0,0;0,0;0,0;0,0
FL_IJM;NL:Q:49613407;Centrum;Harderwijk;8,7;10,4;0,0;0,0;0,0;0,0
FL_IJM;NL:Q:49613408;Centrum;Harderwijk;9,4;6,7;0,0;0,0;0,0;0,0
FL_IJM;NL:Q:49613409;Selhorstweg;Harderwijk;41,2;10,2;16,8;4,6;9,6;3,2
FL_IJM;NL:Q:49613902;Station;Harderwijk;277,3;233,2;68,7;50,3;52,2;33,1
FL_IJM;NL:Q:49613903;Station;Harderwijk;245,1;231,8;101,0;91,7;69,9;77,6
FL_IJM;NL:Q:49613906;Station;Harderwijk;139,5;139,7;0,0;0,0;0,0;0,0
FL_IJM;NL:Q:49613907;Station;Harderwijk;223,8;217,3;150,1;118,8;116,3;98,5
FL_IJM;NL:Q:49630010;Camping Flevostrand;Biddinghuizen;5,5;9,4;6,6;6,9;4,7;3,2
FL_IJM;NL:Q:49630020;Bremerbergweg;Biddinghuizen;3,0;8,7;1,1;6,4;1,3;5,3
FL_IJM;NL:Q:49660010;Plein;Biddinghuizen;81,6;36,5;26,8;12,8;12,1;11,3
FL_IJM;NL:Q:49660020;Plein;Biddinghuizen;35,1;82,7;14,0;23,9;9,4;14,0
FL_IJM;NL:Q:49660030;Havenweg;Biddinghuizen;20,8;7,8;5,8;1,9;3,1;1,5
FL_IJM;NL:Q:49660040;Havenweg;Biddinghuizen;13,5;25,7;3,2;6,0;2,5;3,5
FL_IJM;NL:Q:49660050;Dreef;Biddinghuizen;32,0;24,7;5,6;10,4;3,8;6,5
FL_IJM;NL:Q:49660060;Botweg;Biddinghuizen;0,1;0,3;0,0;0,4;0,0;0,0
FL_IJM;NL:Q:49680010;Gruttoweg;Zeewolde;2,5;1,3;0,0;0,0;0,0;0,0
FL_IJM;NL:Q:49680020;Gruttoweg;Zeewolde;1,0;2,2;0,0;0,0;0,0;0,0
FL_IJM;NL:Q:49690010;Harderbroek;Zeewolde;0,2;0,7;0,1;0,8;0,1;0,1
FL_IJM;NL:Q:49700010;De Eemhof;Zeewolde;1,4;13,1;1,1;10,6;0,8;6,7
FL_IJM;NL:Q:49700020;De Eemhof;Zeewolde;9,9;1,3;8,9;1,4;10,6;0,7
FL_IJM;NL:Q:49730010;Alikruikweg;Biddinghuizen;3,9;2,4;0,7;1,0;0,1;0,6
FL_IJM;NL:Q:49730020;Alikruikweg;Biddinghuizen;2,5;4,1;0,9;0,6;0,6;0,4
FL_IJM;NL:Q:49730030;Bremerbergweg;Biddinghuizen;0,1;0,4;1,4;0,6;0,0;0,7
FL_IJM;NL:Q:49730040;Dreef;Biddinghuizen;22,2;30,0;8,6;5,2;7,4;2,7
FL_IJM;NL:Q:49730050;Bremerbergweg;Biddinghuizen;6,3;3,4;4,0;1,8;3,3;1,1
FL_IJM;NL:Q:49730060;Bremerbergweg;Biddinghuizen;0,6;1,5;0,3;3,6;0,2;2,7
FL_IJM;NL:Q:49790020;Overloop;Zeewolde;30,9;27,4;0,0;0,0;0,0;0,0
FL_IJM;NL:Q:49790030;Langezand;Zeewolde;2,5;26,1;2,0;14,9;1,0;8,4
FL_IJM;NL:Q:49790040;Kwartiermakerslaan;Zeewolde;12,2;91,7;1,4;32,6;0,5;21,5
FL_IJM;NL:Q:49790050;Oostergo;Zeewolde;3,8;14,7;3,7;6,1;3,1;5,2
FL_IJM;NL:Q:49790060;Naarderweg;Zeewolde;34,2;22,8;3,0;0,1;2,9;0,0
FL_IJM;NL:Q:49790070;Centrum;Zeewolde;14,4;34,0;13,4;17,9;7,0;9,3
FL_IJM;NL:Q:49790090;Kluunpad;Zeewolde;19,0;16,3;0,0;0,0;0,0;0,0
FL_IJM;NL:Q:49790100;NCC;Zeewolde;1,0;0,4;0,0;0,1;0,1;0,0
FL_IJM;NL:Q:49790110;Horsterweg;Zeewolde;37,8;20,4;0,0;0,0;0,0;0,0
FL_IJM;NL:Q:49790111;Fluitekruid;Zeewolde;14,9;13,0;8,9;8,5;6,6;7,2
FL_IJM;NL:Q:49790120;Centrum;Zeewolde;26,6;11,1;0,0;0,0;0,0;0,0
FL_IJM;NL:Q:49790121;Gildenveld;Zeewolde;0,5;1,5;3,4;3,4;1,2;1,8
FL_IJM;NL:Q:49790130;Oostergo;Zeewolde;12,5;2,2;0,0;0,0;0,0;0,0
FL_IJM;NL:Q:49790131;De Verbeelding;Zeewolde;14,7;14,8;8,8;8,7;6,0;5,4
FL_IJM;NL:Q:49790141;Kastanjelaan;Zeewolde;1,0;1,9;3,4;4,1;3,2;3,4
FL_IJM;NL:Q:49790150;Langezand;Zeewolde;18,5;1,3;0,0;0,0;0,0;0,0
FL_IJM;NL:Q:49790160;RCN-Dasselaarweg;Zeewolde;0,5;1,2;0,0;0,6;0,0;0,2
FL_IJM;NL:Q:49790170;RCN-Dasselaarweg;Zeewolde;1,2;0,7;0,6;0,1;0,5;0,0
FL_IJM;NL:Q:49790181;RCN-Eikenlaan;Zeewolde;1,7;0,7;1,8;3,4;0,6;0,6
FL_IJM;NL:Q:49790190;NCC;Zeewolde;0,3;0,7;0,0;0,0;0,2;0,0
FL_IJM;NL:Q:49790200;Klein Hoefblad;Zeewolde;44,1;48,6;0,0;0,0;0,0;0,0
FL_IJM;NL:Q:49790210;Mast;Zeewolde;40,0;57,6;2,5;0,5;1,4;0,2
FL_IJM;NL:Q:49790220;Naarderweg;Zeewolde;30,9;34,8;9,9;9,2;7,4;6,8
FL_IJM;NL:Q:49790230;Gildenveld;Zeewolde;1,2;0,0;2,1;0,1;1,6;0,1
FL_IJM;NL:Q:49790250;Bolwerk;Zeewolde;2,2;9,1;0,0;0,0;0,0;0,0
FL_IJM;NL:Q:49790260;Bolwerk;Zeewolde;9,1;2,0;0,0;0,0;0,0;0,0
FL_IJM;NL:Q:49790270;Trekkersveld;Zeewolde;8,4;5,1;0,0;0,0;0,0;0,0
FL_IJM;NL:Q:49790280;Trekkersveld;Zeewolde;4,8;8,8;0,0;0,0;0,0;0,0
FL_IJM;NL:Q:49790290;RCN-Eikenlaan;Zeewolde;1,1;1,5;0,0;0,0;0,0;0,0
FL_IJM;NL:Q:49790310;Industrieweg;Zeewolde;7,1;9,9;0,0;0,0;0,0;0,0
FL_IJM;NL:Q:49790320;Industrieweg;Zeewolde;9,0;9,8;0,0;0,0;0,0;0,0
FL_IJM;NL:Q:49790330;De Verbeelding;Zeewolde;15,1;12,5;0,0;0,0;0,0;0,0
FL_IJM;NL:Q:49790340;Overloop;Zeewolde;34,6;35,7;11,1;11,7;7,8;8,4
FL_IJM;NL:Q:49790350;Fluitekruid;Zeewolde;11,2;11,8;0,0;0,0;0,0;0,0
FL_IJM;NL:Q:49790360;Mast;Zeewolde;59,5;24,0;12,2;5,4;7,8;3,5
FL_IJM;NL:Q:49790380;Horsterweg;Zeewolde;23,4;35,0;9,6;8,7;7,8;6,9
FL_IJM;NL:Q:49790400;Klein Hoefblad;Zeewolde;48,8;37,5;17,7;9,3;10,7;7,0
FL_IJM;NL:Q:49790410;Schollevaar;Zeewolde;1,6;0,4;0,0;0,0;0,0;0,0
FL_IJM;NL:Q:49790420;Kluunpad;Zeewolde;16,2;16,9;0,0;0,0;0,0;0,0
FL_IJM;NL:Q:49790440;Schollevaar;Zeewolde;0,4;1,4;0,0;0,0;0,0;0,0
FL_IJM;NL:Q:49790480;Kwartiermakerslaan;Zeewolde;82,3;19,8;29,0;0,7;15,4;0,4
FL_IJM;NL:Q:49790490;Horsterweg;Zeewolde;8,7;17,8;0,0;0,0;0,0;0,0
FL_IJM;NL:Q:49790520;Horsterweg;Zeewolde;20,2;14,3;0,0;0,0;0,0;0,0
FL_IJM;NL:Q:49810010;Walibi Holland;Biddinghuizen;83,5;99,8;89,6;120,4;80,3;91,4
FL_IJM;NL:Q:50423020;GSG Arnhemseweg;Amersfoort;0,2;1,7;0,0;0,0;0,0;0,0
FL_IJM;NL:Q:50423040;GSG Paladijnenweg;Amersfoort;0,0;1,6;0,0;0,0;0,0;0,0
FL_IJM;NL:Q:50423050;GSG Paladijnenweg;Amersfoort;1,2;0,0;0,0;0,0;0,0;0,0
FL_IJM;NL:Q:50423320;GSG Arnhemseweg;Amersfoort;0,5;0,0;0,0;0,0;0,0;0,0
FL_IJM;NL:Q:50630280;Berencamperweg;Nijkerk;6,3;4,2;0,0;0,0;0,0;0,0
FL_IJM;NL:Q:50630290;Berencamperweg;Nijkerk;2,5;4,6;0,0;0,0;0,0;0,0
FL_IJM;NL:Q:50637008;Station;Nijkerk;119,5;132,1;0,0;0,0;0,0;0,0
FL_IJM;NL:Q:50637011;Zilverschoon;Nijkerk;1,4;5,2;0,0;0,0;0,0;0,0
FL_IJM;NL:Q:50637012;Zilverschoon;Nijkerk;5,1;1,9;0,0;0,0;0,0;0,0
FL_IJM;NL:Q:58520010;Busstation 't Oor;Almere Stad;3,2;1,5;4,4;1,9;3,3;1,5
FL_IJM;NL:Q:58610060;Vogelweg;Almere Hout;4,8;2,0;5,2;0,0;3,4;0,1
FL_IJM;NL:Q:58610080;Kasteel;Almere Stad;0,1;0,6;0,1;0,3;0,1;0,3
FL_IJM;NL:Q:58610090;Veluwsekant;Almere Stad;6,6;1,3;0,7;1,2;0,6;0,9
FL_IJM;NL:Q:58610100;Veluwsekant;Almere Stad;13,6;22,4;1,3;2,8;0,9;1,6
FL_IJM;NL:Q:58610110;De Kemphaan;Almere Hout;13,3;1,8;8,8;0,2;7,1;0,2
FL_IJM;NL:Q:58610120;De Kemphaan;Almere Hout;2,4;20,8;0,1;10,2;0,3;5,9
FL_IJM;NL:Q:58650050;Stedenwijk Zuid;Almere Stad;0,8;1,7;1,4;1,5;1,0;2,7
FL_IJM;NL:Q:58650150;Stedenwijk Midden;Almere Stad;1,6;0,8;2,3;0,8;1,5;1,1
FL_IJM;NL:Q:58650200;Stedenwijk Zuid;Almere Stad;5,3;2,0;5,1;1,8;7,2;1,2
FL_IJM;NL:Q:58650300;Stedenwijk Midden;Almere Stad;2,5;2,9;1,7;2,2;3,8;2,3
FL_IJM;NL:Q:58650330;Greta Garboplantsoen;Almere Stad;11,0;0,6;0,0;0,0;0,0;0,0
FL_IJM;NL:Q:58650340;Greta Garboplantsoen;Almere Stad;0,2;11,0;0,0;0,0;0,0;0,0
FL_IJM;NL:Q:58650350;Passage;Almere Stad;2,0;0,3;2,1;0,2;2,7;0,5
FL_IJM;NL:Q:58650360;Passage;Almere Stad;1,3;4,8;0,9;4,0;1,6;4,0
FL_IJM;NL:Q:58650370;Flevoziekenhuis;Almere Stad;24,9;1,3;0,0;0,0;0,0;0,0
FL_IJM;NL:Q:58650380;Flevoziekenhuis;Almere Stad;0,4;29,8;0,0;0,0;0,0;0,0
FL_IJM;NL:Q:58650430;Stadhuisplein;Almere Stad;28,8;9,2;5,0;0,1;3,9;0,2
FL_IJM;NL:Q:58650440;Stadhuisplein;Almere Stad;5,0;32,8;0,4;7,3;0,8;6,1
FL_IJM;NL:Q:58650590;Romy Schneiderweg;Almere Stad;1,2;0,8;0,0;0,0;0,0;0,0
FL_IJM;NL:Q:58650600;Romy Schneiderweg;Almere Stad;0,0;0,9;0,0;0,0;0,0;0,0
FL_IJM;NL:Q:58650610;Bunuellaan;Almere Stad;6,3;1,8;0,0;0,0;0,0;0,0
FL_IJM;NL:Q:58650620;Bunuellaan;Almere Stad;0,1;4,1;0,0;0,0;0,0;0,0
FL_IJM;NL:Q:58650640;Walt Disneyplantsoen;Almere Stad;0,2;5,7;0,0;0,0;0,0;0,0
FL_IJM;NL:Q:58650930;Busstation 't Oor;Almere Stad;7,4;3,0;2,8;3,5;2,2;2,7
FL_IJM;NL:Q:58650950;Veluwsekant;Almere Stad;16,1;13,3;0,0;0,0;0,0;0,0
FL_IJM;NL:Q:58650970;Kasteel;Almere Stad;0,2;0,1;0,1;0,1;0,2;0,1
FL_IJM;NL:Q:58655010;Station Centrum;Almere Stad;41,4;99,9;11,2;22,8;6,3;28,0
FL_IJM;NL:Q:58655070;Station Centrum;Almere Stad;14,0;1,9;22,2;3,8;13,6;2,6
FL_IJM;NL:Q:58655110;Station Centrum;Almere Stad;122,5;49,1;0,0;0,0;0,0;0,0
FL_IJM;NL:Q:58655610;Walt Disneyplantsoen;Almere Stad;8,1;3,2;0,0;0,0;0,0;0,0
FL_IJM;NL:Q:58710010;Vogelweg;Almere Hout;0,2;3,5;0,1;5,8;0,1;4,1
FL_IJM;NL:Q:58710020;Vogelweg;Almere Hout;1,7;4,8;0,0;0,0;0,0;0,0
FL_IJM;NL:Q:58710021;Stichtse Brug;Almere Hout;2,2;0,4;1,2;0,2;1,2;0,1
FL_IJM;NL:Q:58710040;Paradijsvogelweg;Almere Hout;3,9;0,9;0,0;0,0;0,0;0,0
FL_IJM;NL:Q:58710050;Paradijsvogelweg;Almere Hout;0,9;4,8;0,0;0,0;0,0;0,0
FL_IJM;NL:Q:58710100;Nachtegaallaan;Almere Hout;32,6;0,9;0,0;0,0;0,0;0,0
FL_IJM;NL:Q:58710110;Nachtegaallaan;Almere Hout;0,6;30,9;0,0;0,0;0,0;0,0
FL_IJM;NL:Q:59700010;Stichtse Brug;Almere Hout;1,0;2,0;0,2;1,8;0,3;1,1
LLS;NL:Q:49000010;Bouwweg;Lelystad;8,6;10,0;0,8;1,4;0,3;0,4
LLS;NL:Q:49000020;Atolplaza;Lelystad;12,7;12,9;3,5;3,8;1,6;1,6
LLS;NL:Q:49000030;Atolplaza;Lelystad;12,7;12,9;3,5;3,8;1,6;1,6
LLS;NL:Q:49000040;Ziekenhuis;Lelystad;15,2;28,4;7,9;16,8;2,7;7,1
LLS;NL:Q:49000050;Lelycentre;Lelystad;85,0;73,7;42,2;37,7;14,9;15,5
LLS;NL:Q:49000060;Rotondebrug;Lelystad;17,1;7,1;4,5;3,5;3,0;2,5
LLS;NL:Q:49000070;Rotondebrug;Lelystad;17,1;7,1;4,5;3,5;3,0;2,5
LLS;NL:Q:49000080;Politiebrug;Lelystad;6,9;6,3;1,5;1,6;1,0;0,9
LLS;NL:Q:49000101;Lelycentre;Lelystad;85,0;73,7;42,2;37,7;14,9;15,5
LLS;NL:Q:49000110;Plantagebrug;Lelystad;14,0;10,5;7,2;5,5;2,9;1,9
LLS;NL:Q:49000120;Plantagebrug;Lelystad;14,0;10,5;7,2;5,5;2,9;1,9
LLS;NL:Q:49000130;Zwembad De Koploper;Lelystad;5,2;5,1;4,7;4,2;1,3;1,0
LLS;NL:Q:49000140;Zwembad De Koploper;Lelystad;5,2;5,1;4,7;4,2;1,3;1,0
LLS;NL:Q:49000150;Oostkaap;Lelystad;9,7;8,2;4,4;4,0;1,5;1,5
LLS;NL:Q:49000162;Oostkaap;Lelystad;9,7;8,2;4,4;4,0;1,5;1,5
LLS;NL:Q:49000170;Centrumbrug;Lelystad;12,1;14,6;7,9;8,4;6,8;6,7
LLS;NL:Q:49000171;Centrumbrug;Lelystad;12,1;14,6;7,9;8,4;6,8;6,7
LLS;NL:Q:49000180;Oostvaardersbrug;Lelystad;28,6;25,8;15,2;12,6;6,2;6,3
LLS;NL:Q:49000220;Bingerden;Lelystad;26,4;26,9;7,3;8,0;4,6;5,1
LLS;NL:Q:49000240;Vecht;Lelystad;17,4;18,9;8,9;9,3;4,3;4,2
LLS;NL:Q:49000250;Vecht;Lelystad;17,4;18,9;8,9;9,3;4,3;4,2
LLS;NL:Q:49000280;Gooisebrug;Lelystad;13,2;46,0;3,5;9,6;2,0;4,8
LLS;NL:Q:49000290;Schouwbrug;Lelystad;1,1;1,8;0,3;0,6;0,2;0,4
LLS;NL:Q:49000300;Schouwbrug;Lelystad;1,1;1,8;0,3;0,6;0,2;0,4
LLS;NL:Q:49000310;Rijnland;Lelystad;1,6;15,1;1,2;6,2;0,2;2,6
LLS;NL:Q:49000320;Bongerd;Lelystad;17,1;16,2;8,1;7,9;3,9;3,8
LLS;NL:Q:49000330;Bongerd;Lelystad;17,1;16,2;8,1;7,9;3,9;3,8
LLS;NL:Q:49000340;Botterbrug;Lelystad;1,7;2,6;0,7;1,0;0,3;0,8
LLS;NL:Q:49000350;Botterbrug;Lelystad;1,7;2,6;0,7;1,0;0,3;0,8
LLS;NL:Q:49000370;Reygersbeek;Lelystad;14,1;6,7;14,0;6,9;10,2;4,9
LLS;NL:Q:49000380;Eaglelaan;Lelystad;3,1;2,4;0,5;0,5;0,0;0,0
LLS;NL:Q:49000400;Albatroslaan;Lelystad;4,0;3,4;0,8;1,1;0,0;0,0
LLS;NL:Q:49000430;Oostrandbrug;Lelystad;0,6;1,1;0,4;0,5;0,0;0,0
LLS;NL:Q:49000440;Val van Urk;Lelystad;22,3;23,5;10,0;10,8;4,8;5,5
LLS;NL:Q:49000450;Val van Urk;Lelystad;22,3;23,5;10,0;10,8;4,8;5,5
LLS;NL:Q:49000470;Oostrandbrug;Lelystad;0,6;1,1;0,4;0,5;0,0;0,0
LLS;NL:Q:49000520;Houtribhoogte;Lelystad;0,8;1,2;0,4;0,9;0,0;0,0
LLS;NL:Q:49000530;Schroefstraat;Lelystad;4,0;5,2;1,2;1,6;0,3;0,5
LLS;NL:Q:49000540;Schroefstraat;Lelystad;4,0;5,2;1,2;1,6;0,3;0,5
LLS;NL:Q:49000550;Langezand;Lelystad;8,4;7,7;3,8;3,6;1,7;1,2
LLS;NL:Q:49000560;Langezand;Lelystad;8,4;7,7;3,8;3,6;1,7;1,2
LLS;NL:Q:49000580;Parkhaven;Lelystad;0,5;0,5;0,1;0,0;0,0;0,0
LLS;NL:Q:49000600;Werkeiland;Lelystad;7,0;11,1;4,6;6,6;2,9;3,6
LLS;NL:Q:49000610;Werkeiland;Lelystad;7,0;11,1;4,6;6,6;2,9;3,6
LLS;NL:Q:49000620;Monnickendamstraat;Lelystad-Haven;54,0;67,4;24,0;30,3;9,3;14,9
LLS;NL:Q:49000630;Lemmerkade;Lelystad-Haven;23,4;12,3;13,8;7,7;7,4;3,3
LLS;NL:Q:49000640;Hondsdraf;Lelystad;0,1;0,2;0,1;0,0;0,0;0,0
LLS;NL:Q:49000660;Lemmerkade;Lelystad-Haven;23,4;12,3;13,8;7,7;7,4;3,3
LLS;NL:Q:49000670;Ringdijk;Lelystad-Haven;86,9;80,0;55,3;52,7;24,6;24,9
LLS;NL:Q:49000700;Houtribhoogte;Lelystad;0,8;1,2;0,4;0,9;0,0;0,0
LLS;NL:Q:49000710;Warande;Lelystad;11,5;8,5;5,2;3,9;2,0;2,1
LLS;NL:Q:49000720;Warande;Lelystad;11,5;8,5;5,2;3,9;2,0;2,1
LLS;NL:Q:49000730;H. Bekiusschool - De Rede;Lelystad;1,9;1,9;0,0;0,0;0,0;0,0
LLS;NL:Q:49000750;Vlieterbrug;Lelystad;16,2;17,9;7,5;9,9;5,3;6,6
LLS;NL:Q:49000760;Boterbloemhof;Lelystad;5,7;10,1;2,3;4,5;0,9;1,9
LLS;NL:Q:49000800;Vlieterbrug;Lelystad;16,2;17,9;7,5;9,9;5,3;6,6
LLS;NL:Q:49000830;Golfparkbrug;Lelystad;0,0;0,1;0,0;0,1;0,0;0,0
LLS;NL:Q:49000870;Houtribsluis;Lelystad;0,4;0,6;0,4;0,5;0,0;0,0
LLS;NL:Q:49000900;Parlaan;Lelystad;0,2;0,6;0,1;0,3;0,0;0,0
LLS;NL:Q:49000910;Parlaan;Lelystad;0,2;0,6;0,1;0,3;0,0;0,0
LLS;NL:Q:49000940;Bronsweg;Lelystad;0,1;0,1;0,1;0,0;0,0;0,0
LLS;NL:Q:49000950;Bronsweg;Lelystad;0,1;0,1;0,1;0,0;0,0;0,0
LLS;NL:Q:49000960;Beginweg;Lelystad;0,0;0,1;0,0;0,0;0,0;0,0
LLS;NL:Q:49000970;Beginweg;Lelystad;0,0;0,1;0,0;0,0;0,0;0,0
LLS;NL:Q:49000980;Jagersveld;Lelystad;0,3;0,1;0,1;0,1;0,0;0,0
LLS;NL:Q:49000990;Jagersveld;Lelystad;0,3;0,1;0,1;0,1;0,0;0,0
LLS;NL:Q:49001000;Buitenhof;Lelystad;3,7;3,3;1,5;1,2;0,1;0,0
LLS;NL:Q:49001020;Hondsdraf;Lelystad;0,1;0,2;0,1;0,0;0,0;0,0
LLS;NL:Q:49001210;Houtribweg;Lelystad;2,7;0,4;0,0;0,1;0,1;0,0
LLS;NL:Q:49001220;Houtribweg;Lelystad;2,7;0,4;0,0;0,1;0,1;0,0
LLS;NL:Q:49001440;Geulbrug;Lelystad;5,3;3,6;2,1;1,9;0,8;0,5
LLS;NL:Q:49001450;Geulbrug;Lelystad;5,3;3,6;2,1;1,9;0,8;0,5
LLS;NL:Q:49001540;Gorsbrug;Lelystad;5,5;3,3;1,0;0,8;0,4;0,4
LLS;NL:Q:49001550;Gorsbrug;Lelystad;5,5;3,3;1,0;0,8;0,4;0,4
LLS;NL:Q:49001650;Agora;Lelystad;24,0;41,7;8,3;10,7;4,5;6,1
LLS;NL:Q:49001670;Salland;Lelystad;4,2;0,7;1,2;0,4;0,4;0,1
LLS;NL:Q:49001680;Salland;Lelystad;4,2;0,7;1,2;0,4;0,4;0,1
LLS;NL:Q:49001690;Salland;Lelystad;4,2;0,7;1,2;0,4;0,4;0,1
LLS;NL:Q:49001700;Agora;Lelystad;24,0;41,7;8,3;10,7;4,5;6,1
LLS;NL:Q:49001730;Veluwezoom;Lelystad;14,0;15,8;3,8;4,7;1,5;1,9
LLS;NL:Q:49001740;Veluwezoom;Lelystad;14,0;15,8;3,8;4,7;1,5;1,9
LLS;NL:Q:49001750;Baronie;Lelystad;13,7;11,8;4,5;4,6;1,8;1,9
LLS;NL:Q:49001760;Baronie;Lelystad;13,7;11,8;4,5;4,6;1,8;1,9
LLS;NL:Q:49002300;Jol West;Lelystad;7,6;6,8;5,1;4,8;1,4;1,2
LLS;NL:Q:49002310;Jol West;Lelystad;7,6;6,8;5,1;4,8;1,4;1,2
LLS;NL:Q:49002400;Winkelcentrum Jol;Lelystad;41,7;37,9;23,2;22,5;8,1;9,1
LLS;NL:Q:49002410;Winkelcentrum Jol;Lelystad;41,7;37,9;23,2;22,5;8,1;9,1
LLS;NL:Q:49002500;Punter Zuid;Lelystad;0,5;11,8;0,3;7,0;0,2;2,7
LLS;NL:Q:49002510;Punter Zuid;Lelystad;0,5;11,8;0,3;7,0;0,2;2,7
LLS;NL:Q:49002600;Punter;Lelystad;27,1;17,5;14,7;9,5;5,6;4,1
LLS;NL:Q:49002610;Punter;Lelystad;27,1;17,5;14,7;9,5;5,6;4,1
LLS;NL:Q:49002700;Gondel Noord;Lelystad;12,4;13,3;6,2;6,6;2,1;2,4
LLS;NL:Q:49002710;Gondel Noord;Lelystad;12,4;13,3;6,2;6,6;2,1;2,4
LLS;NL:Q:49002900;Winkelcentrum Kempenaar;Lelystad;1,2;1,4;0,0;0,0;0,0;0,0
LLS;NL:Q:49002910;Winkelcentrum Kempenaar;Lelystad;1,2;1,4;0,0;0,0;0,0;0,0
LLS;NL:Q:49003000;Kempenaar Midden;Lelystad;1,2;1,0;0,0;0,0;0,0;0,0
LLS;NL:Q:49003010;Kempenaar Midden;Lelystad;1,2;1,0;0,0;0,0;0,0;0,0
LLS;NL:Q:49003250;Ziekenhuis;Lelystad;15,2;28,4;7,9;16,8;2,7;7,1
LLS;NL:Q:49003300;De Hoven;Lelystad;6,7;29,9;1,8;12,1;1,0;5,3
LLS;NL:Q:49003320;De Hoven;Lelystad;6,7;29,9;1,8;12,1;1,0;5,3
LLS;NL:Q:49003360;'t Laar;Lelystad;1,9;2,0;1,0;1,3;1,0;0,7
LLS;NL:Q:49003370;'t Laar;Lelystad;1,9;2,0;1,0;1,3;1,0;0,7
LLS;NL:Q:49003500;Wold;Lelystad;16,6;16,0;8,6;8,4;4,2;4,7
LLS;NL:Q:49003510;Wold;Lelystad;16,6;16,0;8,6;8,4;4,2;4,7
LLS;NL:Q:49003600;Winkelcentrum Kamp;Lelystad;37,1;30,2;20,1;17,2;10,6;9,1
LLS;NL:Q:49003610;Winkelcentrum Kamp;Lelystad;37,1;30,2;20,1;17,2;10,6;9,1
LLS;NL:Q:49003700;Horst;Lelystad;9,7;15,7;5,2;8,4;2,2;3,8
LLS;NL:Q:49003710;Horst;Lelystad;9,7;15,7;5,2;8,4;2,2;3,8
LLS;NL:Q:49003900;Nienoord;Lelystad;20,3;19,0;9,6;9,5;4,9;5,0
LLS;NL:Q:49004000;Nienoord;Lelystad;20,3;19,0;9,6;9,5;4,9;5,0
LLS;NL:Q:49004110;Slotenlaan;Lelystad;27,1;24,1;15,5;16,3;7,2;8,6
LLS;NL:Q:49004120;Slotenlaan;Lelystad;27,1;24,1;15,5;16,3;7,2;8,6
LLS;NL:Q:49004240;Oostzeestraat;Lelystad;98,8;89,1;58,0;54,7;27,7;22,9
LLS;NL:Q:49004250;Oostzeestraat;Lelystad;98,8;89,1;58,0;54,7;27,7;22,9
LLS;NL:Q:49004270;Westhoven;Lelystad;7,2;6,4;1,5;1,4;1,3;1,0
LLS;NL:Q:49004340;Zwartezeestraat;Lelystad;36,3;32,9;17,3;15,4;8,0;6,4
LLS;NL:Q:49004350;Zwartezeestraat;Lelystad;36,3;32,9;17,3;15,4;8,0;6,4
LLS;NL:Q:49004410;Kempenaar Oost;Lelystad;0,2;1,7;0,0;0,0;0,0;0,0
LLS;NL:Q:49004500;De Rietlanden;Lelystad;13,1;11,8;1,4;1,4;0,6;1,0
LLS;NL:Q:49004510;Penitentiaire Inrichting;Lelystad;17,7;7,1;7,2;3,1;1,2;0,5
LLS;NL:Q:49004550;De Rietlanden;Lelystad;13,1;11,8;1,4;1,4;0,6;1,0
LLS;NL:Q:49004900;Bouwweg;Lelystad;8,6;10,0;0,8;1,4;0,3;0,4
LLS;NL:Q:49005010;Station Centrum;Lelystad;264,3;246,6;147,2;134,7;76,5;67,6
LLS;NL:Q:49005020;Station Centrum;Lelystad;264,3;246,6;147,2;134,7;76,5;67,6
LLS;NL:Q:49005030;Station Centrum;Lelystad;264,3;246,6;147,2;134,7;76,5;67,6
LLS;NL:Q:49005040;Station Centrum;Lelystad;264,3;246,6;147,2;134,7;76,5;67,6
LLS;NL:Q:49005050;Station Centrum;Lelystad;264,3;246,6;147,2;134,7;76,5;67,6
LLS;NL:Q:49005060;Station Centrum;Lelystad;264,3;246,6;147,2;134,7;76,5;67,6
LLS;NL:Q:49005070;Station Centrum;Lelystad;264,3;246,6;147,2;134,7;76,5;67,6
LLS;NL:Q:49005150;Vestebrug;Lelystad;8,8;7,2;2,4;2,4;1,3;0,9
LLS;NL:Q:49005200;Vestebrug;Lelystad;8,8;7,2;2,4;2,4;1,3;0,9
LLS;NL:Q:49005250;Schansbrug;Lelystad;3,2;4,5;1,0;1,0;0,5;0,6
LLS;NL:Q:49005300;Schansbrug;Lelystad;3,2;4,5;1,0;1,0;0,5;0,6
LLS;NL:Q:49005350;Politiebrug;Lelystad;6,9;6,3;1,5;1,6;1,0;0,9
LLS;NL:Q:49005400;Oostranddreef;Lelystad;0,9;1,0;0,2;0,5;0,0;0,0
LLS;NL:Q:49005550;Karveelbrug;Lelystad;7,4;8,6;3,5;4,3;2,6;3,7
LLS;NL:Q:49005600;Karveelbrug;Lelystad;7,4;8,6;3,5;4,3;2,6;3,7
LLS;NL:Q:49005650;Kempenaarbrug;Lelystad;19,0;18,7;9,5;9,8;6,1;7,7
LLS;NL:Q:49005700;Kempenaarbrug;Lelystad;19,0;18,7;9,5;9,8;6,1;7,7
LLS;NL:Q:49005750;Boeierbrug;Lelystad;13,2;8,4;8,4;5,2;6,5;3,8
LLS;NL:Q:49005800;Boeierbrug;Lelystad;13,2;8,4;8,4;5,2;6,5;3,8
LLS;NL:Q:49005850;Bataviahaven;Lelystad;13,7;10,8;14,4;11,1;8,4;6,1
LLS;NL:Q:49005920;Batavia Stad;Lelystad;145,7;177,9;208,9;246,9;165,6;197,3
LLS;NL:Q:49006460;Gondel Zuid;Lelystad;14,9;14,9;8,9;9,4;2,9;3,5
LLS;NL:Q:49006470;Gondel Zuid;Lelystad;14,9;14,9;8,9;9,4;2,9;3,5
LLS;NL:Q:49007200;Vaartweg;Lelystad;19,2;24,9;4,6;5,2;0,7;1,1
LLS;NL:Q:49007250;Vaartweg;Lelystad;19,2;24,9;4,6;5,2;0,7;1,1
LLS;NL:Q:49007530;Galjoenbrug;Lelystad;2,9;4,3;1,0;2,0;0,5;1,3
LLS;NL:Q:49007540;Galjoenbrug;Lelystad;2,9;4,3;1,0;2,0;0,5;1,3
LLS;NL:Q:49007850;Tjalk/Groenhorst;Lelystad;11,1;11,6;3,1;3,3;1,4;1,6
LLS;NL:Q:49007860;Tjalk/Groenhorst;Lelystad;11,1;11,6;3,1;3,3;1,4;1,6
LLS;NL:Q:49007870;Winkelcentrum Tjalk;Lelystad;15,9;17,7;10,5;11,6;3,5;3,9
LLS;NL:Q:49007880;Winkelcentrum Tjalk;Lelystad;15,9;17,7;10,5;11,6;3,5;3,9
LLS;NL:Q:49008050;Winkelcentrum Botter;Lelystad;22,4;24,3;12,0;13,9;4,6;4,3
LLS;NL:Q:49008060;Winkelcentrum Botter;Lelystad;22,4;24,3;12,0;13,9;4,6;4,3
LLS;NL:Q:49008150;Schoener;Lelystad;13,8;10,8;7,5;5,6;2,9;2,1
LLS;NL:Q:49008160;Schoener;Lelystad;13,8;10,8;7,5;5,6;2,9;2,1
LLS;NL:Q:49008250;Stuwweg;Lelystad;10,9;14,7;1,4;2,4;0,7;1,2
LLS;NL:Q:49008260;Stuwweg;Lelystad;10,9;14,7;1,4;2,4;0,7;1,2
LLS;NL:Q:49008290;Haagwinde;Lelystad;0,8;1,7;0,2;0,5;0,0;0,2
LLS;NL:Q:49008300;Haagwinde;Lelystad;0,8;1,7;0,2;0,5;0,0;0,2
LLS;NL:Q:49008310;Klaproos;Lelystad;4,1;3,0;1,7;1,1;0,8;0,6
LLS;NL:Q:49008320;Klaproos;Lelystad;4,1;3,0;1,7;1,1;0,8;0,6
LLS;NL:Q:49008330;Hollandse Hout;Lelystad;4,5;5,6;2,1;2,7;0,7;1,1
LLS;NL:Q:49008830;Palazzo;Lelystad;1,4;1,7;0,0;0,0;0,0;0,0
LLS;NL:Q:49008840;Palazzo;Lelystad;1,4;1,7;0,0;0,0;0,0;0,0
LLS;NL:Q:49009090;Duinbeek;Lelystad;32,6;31,7;7,7;8,2;3,8;4,1
LLS;NL:Q:49009095;Duinbeek;Lelystad;32,6;31,7;7,7;8,2;3,8;4,1
LLS;NL:Q:49110010;Airport Plaza;Lelystad;2,3;2,9;0,0;0,0;0,0;0,0
LLS;NL:Q:49110030;Aviodrome;Lelystad;1,1;1,9;0,0;0,0;0,0;0,0
LLS;NL:Q:49110240;Larserpoort;Lelystad;1,2;2,2;0,0;0,0;0,0;0,0
LLS;NL:Q:49110250;Larserpoort;Lelystad;1,2;2,2;0,0;0,0;0,0;0,0
LLS;NL:Q:49110280;Larserpoort;Lelystad;1,2;2,2;0,0;0,0;0,0;0,0
LLS;NL:Q:49110290;Larserpoort;Lelystad;1,2;2,2;0,0;0,0;0,0;0,0
LLS;NL:Q:49110300;Giant/Pascallaan;Lelystad;2,3;5,0;0,0;0,0;0,0;0,1
LLS;NL:Q:49110330;Inditex / Mac3;Lelystad;10,3;14,9;0,0;0,0;0,0;0,2
LLS;NL:Q:49110340;Omroep Flevoland;Lelystad;0,9;0,9;0,0;0,0;0,0;0,0
LLS;NL:Q:49110350;Omroep Flevoland;Lelystad;0,9;0,9;0,0;0,0;0,0;0,0
OV_IJM;NL:Q:16000030;Station;Meppel;9,1;0,6;0,0;0,0;0,0;0,0
OV_IJM;NL:Q:16000250;Station;Meppel;1,8;9,3;0,0;0,0;0,0;0,0
OV_IJM;NL:Q:16000600;Burg. Knopperslaan;Meppel;0,1;0,4;0,0;0,0;0,0;0,0
OV_IJM;NL:Q:16000610;Burg. Knopperslaan;Meppel;0,6;0,2;0,0;0,0;0,0;0,0
OV_IJM;NL:Q:16000710;Steenwijkerstraatweg;Meppel;0,1;0,3;0,0;0,0;0,0;0,0
OV_IJM;NL:Q:16000720;Steenwijkerstraatweg;Meppel;0,3;0,2;0,0;0,0;0,0;0,0
OV_IJM;NL:Q:16001010;Hugo de Grootstraat;Meppel;5,3;0,5;0,0;0,0;0,0;0,0
OV_IJM;NL:Q:16001020;Hugo de Grootstraat;Meppel;0,4;5,7;0,0;0,0;0,0;0,0
OV_IJM;NL:Q:16100010;Perceel 3;Nijeveen;0,2;3,2;0,0;0,0;0,0;0,0
OV_IJM;NL:Q:16100020;Perceel 3;Nijeveen;1,4;0,2;0,0;0,0;0,0;0,0
OV_IJM;NL:Q:16100030;Perceel 56;Kolderveen;0,0;0,0;0,0;0,0;0,0;0,0
OV_IJM;NL:Q:16100040;Perceel 56;Kolderveen;0,1;0,0;0,0;0,0;0,0;0,0
OV_IJM;NL:Q:16100050;Thijs van Urklaan;Kolderveen;0,0;0,0;0,0;0,0;0,0;0,0
OV_IJM;NL:Q:16100060;Thijs van Urklaan;Kolderveen;0,1;0,0;0,0;0,0;0,0;0,0
OV_IJM;NL:Q:16180050;Redder;Staphorst;0,0;0,0;0,0;0,0;0,0;0,0
OV_IJM;NL:Q:16180060;Redder;Staphorst;0,0;0,1;0,0;0,0;0,0;0,0
OV_IJM;NL:Q:16180070;Reggersweg;Staphorst;0,0;0,0;0,0;0,0;0,0;0,0
OV_IJM;NL:Q:16180080;Reggersweg;Staphorst;0,0;0,0;0,0;0,0;0,0;0,0
OV_IJM;NL:Q:16180100;Vlakkenweg;Staphorst;0,0;0,0;0,0;0,0;0,0;0,0
OV_IJM;NL:Q:16180110;Vlakkenweg;Staphorst;0,0;0,0;0,0;0,0;0,0;0,0
OV_IJM;NL:Q:16180120;Geerligsland;Staphorst;0,0;0,0;0,0;0,0;0,0;0,0
OV_IJM;NL:Q:16180130;Geerligsland;Staphorst;0,0;0,0;0,0;0,0;0,0;0,0
OV_IJM;NL:Q:16180140;Jan Arendsland;Staphorst;0,0;0,0;0,0;0,0;0,0;0,0
OV_IJM;NL:Q:16180150;Jan Arendsland;Staphorst;0,0;0,0;0,0;0,0;0,0;0,0
OV_IJM;NL:Q:16180160;Snelweg;Staphorst;0,0;0,0;0,0;0,0;0,0;0,0
OV_IJM;NL:Q:16180170;Snelweg;Staphorst;0,0;0,0;0,0;0,0;0,0;0,0
OV_IJM;NL:Q:16180180;Achthoevenweg;Staphorst;0,0;0,0;0,0;0,0;0,0;0,0
OV_IJM;NL:Q:16180190;Achthoevenweg;Staphorst;0,0;0,0;0,0;0,0;0,0;0,0
OV_IJM;NL:Q:16180200;Hoogeweg;Staphorst;0,0;0,0;0,0;0,0;0,0;0,0
OV_IJM;NL:Q:16180210;Hoogeweg;Staphorst;0,0;0,0;0,0;0,0;0,0;0,0
OV_IJM;NL:Q:16180220;Bergerslag;Staphorst;0,0;0,1;0,0;0,0;0,0;0,0
OV_IJM;NL:Q:16180230;Bergerslag;Staphorst;0,0;0,0;0,0;0,0;0,0;0,0
OV_IJM;NL:Q:16180240;Gemeentehuis;Staphorst;0,0;0,1;0,0;0,0;0,0;0,0
OV_IJM;NL:Q:16180250;Gemeentehuis;Staphorst;0,0;0,0;0,0;0,0;0,0;0,0
OV_IJM;NL:Q:16180340;Pieter Zandt College;Staphorst;0,1;0,0;0,0;0,0;0,0;0,0
OV_IJM;NL:Q:16280140;Stadsweg;Rouveen;0,0;0,0;0,0;0,0;0,0;0,0
OV_IJM;NL:Q:16280180;Hervormde Kerk;Rouveen;0,0;0,0;0,0;0,0;0,0;0,0
OV_IJM;NL:Q:16280190;Hervormde Kerk;Rouveen;0,0;0,0;0,0;0,0;0,0;0,0
OV_IJM;NL:Q:16280240;Conradsweg;Rouveen;0,0;0,0;0,0;0,0;0,0;0,0
OV_IJM;NL:Q:16280250;Conradsweg;Rouveen;0,0;0,0;0,0;0,0;0,0;0,0
OV_IJM;NL:Q:16280260;Schoolwijksweg;Rouveen;0,0;0,0;0,0;0,0;0,0;0,0
OV_IJM;NL:Q:16280270;Schoolwijksweg;Rouveen;0,0;0,0;0,0;0,0;0,0;0,0
OV_IJM;NL:Q:16280280;Dekkersweg;Rouveen;0,0;0,0;0,0;0,0;0,0;0,0
OV_IJM;NL:Q:16280290;Dekkersweg;Rouveen;0,0;0,0;0,0;0,0;0,0;0,0
OV_IJM;NL:Q:16300010;Gemeentehuis;Steenwijk;0,9;15,5;0,1;0,6;0,1;0,4
OV_IJM;NL:Q:16300020;Gemeentehuis;Steenwijk;15,1;1,3;0,5;0,0;0,4;0,0
OV_IJM;NL:Q:16300030;Vendelweg;Steenwijk;1,7;7,4;0,1;1,9;0,1;1,5
OV_IJM;NL:Q:16300040;Vendelweg;Steenwijk;7,8;1,4;3,1;0,3;3,2;0,1
OV_IJM;NL:Q:16300050;Matthijs Kiersstraat;Steenwijk;8,4;5,2;0,3;1,6;0,9;0,6
OV_IJM;NL:Q:16300070;Matthijs Kiersstraat;Steenwijk;6,8;0,9;1,7;0,2;0,4;0,0
OV_IJM;NL:Q:16301020;Station;Steenwijk;22,6;11,0;0,0;0,0;0,0;0,0
OV_IJM;NL:Q:16380190;Busstation;Lichtmis;0,0;0,1;0,0;0,0;0,0;0,0
OV_IJM;NL:Q:17000060;Station;Hoogeveen;0,1;0,0;0,0;0,0;0,0;0,0
OV_IJM;NL:Q:17190050;'t Hoekje;Hollandscheveld;0,0;0,1;0,0;0,0;0,0;0,0
OV_IJM;NL:Q:17190060;'t Hoekje;Hollandscheveld;0,0;0,0;0,0;0,0;0,0;0,0
OV_IJM;NL:Q:17310030;Zwarte Dijkje;Noordscheschut;0,1;0,0;0,0;0,0;0,0;0,0
OV_IJM;NL:Q:17310040;Zwarte Dijkje;Noordscheschut;0,0;0,0;0,0;0,0;0,0;0,0
OV_IJM;NL:Q:24350010;Spin;De Blesse;0,2;0,1;0,0;0,0;0,0;0,0
OV_IJM;NL:Q:24350020;Spin;De Blesse;0,0;0,1;0,0;0,0;0,0;0,0
OV_IJM;NL:Q:24350030;Bovenweg;De Blesse;0,2;1,6;0,0;0,0;0,0;0,0
OV_IJM;NL:Q:24350040;Bovenweg;De Blesse;1,4;0,1;0,0;0,0;0,0;0,0
OV_IJM;NL:Q:24350050;Friese Veldweg;De Blesse;0,3;1,8;0,0;0,0;0,0;0,0
OV_IJM;NL:Q:24350060;Friese Veldweg;De Blesse;1,0;0,3;0,0;0,0;0,0;0,0
OV_IJM;NL:Q:24350070;Lagebroekweg;Blesdijke;1,4;0,3;0,0;0,0;0,0;0,0
OV_IJM;NL:Q:24350080;Lagebroekweg;Blesdijke;0,3;1,0;0,0;0,0;0,0;0,0
OV_IJM;NL:Q:24350620;Noord;De Blesse;9,9;9,6;0,0;0,0;0,0;0,0
OV_IJM;NL:Q:24450030;Marijenkampen;Marijenkampen;0,4;0,2;0,0;0,0;0,0;0,0
OV_IJM;NL:Q:24450050;Eikenlaan;Willemsoord;0,0;0,4;0,0;0,0;0,0;0,0
OV_IJM;NL:Q:24450060;Eikenlaan;Willemsoord;0,4;0,0;0,0;0,0;0,0;0,0
OV_IJM;NL:Q:24450080;Marijenkampen;Marijenkampen;0,2;0,5;0,0;0,0;0,0;0,0
OV_IJM;NL:Q:24451400;'t Centrum;Steenwijkerwold;9,7;1,4;0,0;0,0;0,0;0,0
OV_IJM;NL:Q:24451800;Willemsoord;Willemsoord;6,0;0,3;0,0;0,0;0,0;0,0
OV_IJM;NL:Q:24451810;Willemsoord;Willemsoord;0,3;5,4;0,0;0,0;0,0;0,0
OV_IJM;NL:Q:24510020;Frieseweg;Oldemarkt;2,0;12,5;0,0;0,0;0,0;0,0
OV_IJM;NL:Q:24510040;Koningin Julianaweg;Oldemarkt;0,8;2,5;0,0;0,0;0,0;0,0
OV_IJM;NL:Q:24510060;Parochiehuis;Oldemarkt;0,4;6,1;0,0;0,0;0,0;0,0
OV_IJM;NL:Q:24510070;Kruisstraat;Oldemarkt;0,7;0,6;0,0;0,0;0,0;0,0
OV_IJM;NL:Q:24510080;Kruisstraat;Oldemarkt;0,5;0,7;0,0;0,0;0,0;0,0
OV_IJM;NL:Q:24510090;De Boterberg;Oldemarkt;0,3;0,6;0,0;0,0;0,0;0,0
OV_IJM;NL:Q:24510100;De Boterberg;Oldemarkt;0,7;0,2;0,0;0,0;0,0;0,0
OV_IJM;NL:Q:24550030;Zuidveen;Zuidveen;1,0;3,8;0,1;0,6;0,1;0,3
OV_IJM;NL:Q:24550040;Zuidveen;Zuidveen;4,3;1,0;0,5;0,2;0,8;0,1
OV_IJM;NL:Q:24550050;Groot Verlaat;Steenwijk;2,9;1,3;0,2;0,3;0,1;0,1
OV_IJM;NL:Q:24550060;Groot Verlaat;Steenwijk;0,7;3,5;0,1;0,2;0,2;0,3
OV_IJM;NL:Q:24550160;Dolderbrug;Steenwijk;0,9;3,1;0,5;0,6;0,9;0,6
OV_IJM;NL:Q:24550170;Dolderbrug;Steenwijk;1,5;0,9;1,3;0,2;0,4;0,0
OV_IJM;NL:Q:24550250;Station;Steenwijk;169,6;166,4;154,0;132,5;140,2;122,7
OV_IJM;NL:Q:24551420;'t Centrum;Steenwijkerwold;2,0;8,2;0,0;0,0;0,0;0,0
OV_IJM;NL:Q:24552310;Gemeentewerken;Tuk;0,5;0,4;0,0;0,0;0,0;0,0
OV_IJM;NL:Q:24552320;Gemeentewerken;Tuk;0,5;0,7;0,0;0,0;0,0;0,0
OV_IJM;NL:Q:24552330;Oldemarktseweg;Tuk;0,1;0,3;0,0;0,0;0,0;0,0
OV_IJM;NL:Q:24552340;Oldemarktseweg;Tuk;0,5;0,2;0,0;0,0;0,0;0,0
OV_IJM;NL:Q:24552350;Watertoren;Thij;0,1;0,5;0,0;0,0;0,0;0,0
OV_IJM;NL:Q:24552360;Watertoren;Thij;0,4;0,1;0,0;0,0;0,0;0,0
OV_IJM;NL:Q:24552370;Thij;Thij;0,0;0,4;0,0;0,0;0,0;0,0
OV_IJM;NL:Q:24552380;Thij;Thij;0,3;0,0;0,0;0,0;0,0;0,0
OV_IJM;NL:Q:24590100;Burchtstraat;Kuinre;11,8;3,9;0,0;0,0;0,0;0,0
OV_IJM;NL:Q:24610010;Venebosweg;Ossenzijl;1,2;0,2;0,0;0,0;0,0;0,0
OV_IJM;NL:Q:24610030;Kloosterdijk;Ossenzijl;0,1;0,3;0,0;0,0;0,0;0,0
OV_IJM;NL:Q:24610040;Kloosterdijk;Ossenzijl;0,3;0,0;0,0;0,0;0,0;0,0
OV_IJM;NL:Q:24622020;Busstation;Lemmer;0,0;0,0;0,0;0,0;0,0;0,0
OV_IJM;NL:Q:24680010;Uiterdijkenweg;Luttelgeest;0,0;0,0;0,0;0,0;0,0;0,0
OV_IJM;NL:Q:24680020;Uiterdijkenweg;Luttelgeest;0,0;0,1;0,0;0,0;0,0;0,0
OV_IJM;NL:Q:24720020;Lemsterpoort;Rutten;0,0;0,0;0,0;0,0;0,0;0,0
OV_IJM;NL:Q:24750010;Zuivelfabriek;Kolderveen;0,0;0,1;0,0;0,0;0,0;0,0
OV_IJM;NL:Q:24750020;Zuivelfabriek;Kolderveen;0,1;0,0;0,0;0,0;0,0;0,0
OV_IJM;NL:Q:24750100;Nijeveenseweg;Meppel;0,0;0,2;0,0;0,0;0,0;0,0
OV_IJM;NL:Q:24750110;Nijeveenseweg;Meppel;0,2;0,1;0,0;0,0;0,0;0,0
OV_IJM;NL:Q:24820100;Creil;Creil;0,0;0,0;0,0;0,0;0,0;0,0
OV_IJM;NL:Q:24920030;Weg van Ongenade;Espel;0,0;0,0;0,0;0,0;0,0;0,0
OV_IJM;NL:Q:24920090;Noordermiddenweg;Espel;0,0;0,0;0,0;0,0;0,0;0,0
OV_IJM;NL:Q:24920110;Espel;Espel;0,0;0,0;0,0;0,0;0,0;0,0
OV_IJM;NL:Q:25000010;Kettingstraat;Emmeloord;0,1;11,0;0,0;1,9;0,0;0,9
OV_IJM;NL:Q:25000020;Kettingstraat;Emmeloord;1,9;0,0;0,4;0,0;0,3;0,1
OV_IJM;NL:Q:25000030;Lange Dreef;Emmeloord;0,0;1,3;0,0;1,2;0,0;0,4
OV_IJM;NL:Q:25000040;Lange Dreef;Emmeloord;0,4;0,0;0,5;0,0;0,2;0,0
OV_IJM;NL:Q:25000050;Bunschotenlaan;Emmeloord;0,0;18,1;0,0;5,2;0,0;3,1
OV_IJM;NL:Q:25000070;Emmeloord - Oost;Emmeloord;0,0;3,1;0,0;0,5;0,0;0,1
OV_IJM;NL:Q:25000080;Emmeloord - Oost;Emmeloord;1,5;0,0;0,1;0,0;0,1;0,0
OV_IJM;NL:Q:25000100;Diemenlaan;Emmeloord;9,3;0,0;1,9;0,0;1,8;0,0
OV_IJM;NL:Q:25000130;Ecopark;Emmeloord;0,4;0,0;0,0;0,0;0,0;0,0
OV_IJM;NL:Q:25000140;Ecopark;Emmeloord;0,0;0,9;0,0;0,0;0,0;0,1
OV_IJM;NL:Q:25000150;Diemenlaan;Emmeloord;0,0;15,1;0,0;3,6;0,0;2,6
OV_IJM;NL:Q:25000180;Produktieweg;Emmeloord;0,0;0,1;0,0;0,0;0,0;0,0
OV_IJM;NL:Q:25000210;Zuyderzee College;Emmeloord;8,8;0,5;2,9;0,0;3,3;0,0
OV_IJM;NL:Q:25000260;Zuyderzee College;Emmeloord;0,0;8,5;0,0;3,2;0,0;2,3
OV_IJM;NL:Q:25000410;Begraafplaats;Emmeloord;0,0;0,0;0,0;0,0;0,0;0,0
OV_IJM;NL:Q:25000500;Medisch Centrum;Emmeloord;19,4;0,0;0,8;0,0;0,0;0,0
OV_IJM;NL:Q:25000550;Medisch Centrum;Emmeloord;0,0;14,9;0,0;0,6;0,0;0,0
OV_IJM;NL:Q:25000600;Antonius Ziekenhuis;Emmeloord;21,1;0,0;2,7;0,0;0,0;0,0
OV_IJM;NL:Q:25000650;Antonius Ziekenhuis;Emmeloord;0,0;14,7;0,0;1,7;0,0;0,0
OV_IJM;NL:Q:25000700;Urkerweg 18;Emmeloord;0,2;0,0;0,0;0,0;0,0;0,0
OV_IJM;NL:Q:25001400;Smeden;Emmeloord;3,5;0,1;2,2;0,0;1,6;0,0
OV_IJM;NL:Q:25001450;Smeden;Emmeloord;0,0;16,8;0,0;4,8;0,0;2,5
OV_IJM;NL:Q:25005010;Busstation;Emmeloord;19,7;66,9;3,2;15,5;1,2;7,9
OV_IJM;NL:Q:25005012;Busstation;Emmeloord;0,0;0,0;0,0;0,0;0,1;0,3
OV_IJM;NL:Q:25005013;Busstation;Emmeloord;25,1;5,6;9,8;1,4;6,1;14,1
OV_IJM;NL:Q:25005014;Busstation;Emmeloord;0,4;320,6;0,0;70,3;2,1;32,6
OV_IJM;NL:Q:25005021;Busstation;Emmeloord;272,5;0,2;64,4;0,1;67,2;0,8
OV_IJM;NL:Q:25005022;Busstation;Emmeloord;0,1;2,6;0,0;0,0;0,0;0,0
OV_IJM;NL:Q:25005023;Busstation;Emmeloord;0,4;0,1;0,0;0,0;0,0;0,0
OV_IJM;NL:Q:25060010;Brink;Luttelgeest;0,0;0,7;0,0;0,0;0,0;0,0
OV_IJM;NL:Q:25060020;Brink;Luttelgeest;0,5;0,1;0,0;0,0;0,0;0,0
OV_IJM;NL:Q:25060030;Luttelgeesterweg;Luttelgeest;0,0;0,0;0,0;0,0;0,0;0,0
OV_IJM;NL:Q:25060040;Luttelgeesterweg;Luttelgeest;0,0;0,0;0,0;0,0;0,0;0,0
OV_IJM;NL:Q:25060050;Lindeweg;Luttelgeest;0,1;0,0;0,0;0,0;0,0;0,0
OV_IJM;NL:Q:25060060;Lindeweg;Luttelgeest;0,0;0,1;0,0;0,0;0,0;0,0
OV_IJM;NL:Q:25060070;Orchideeenhoeve;Luttelgeest;1,1;0,1;0,0;0,0;0,0;0,0
OV_IJM;NL:Q:25060080;Orchideeenhoeve;Luttelgeest;0,0;1,0;0,0;0,0;0,0;0,0
OV_IJM;NL:Q:25060090;Oosterringweg;Luttelgeest;4,6;0,5;0,0;0,0;0,0;0,0
OV_IJM;NL:Q:25060100;Oosterringweg;Luttelgeest;0,1;3,9;0,0;0,0;0,0;0,0
OV_IJM;NL:Q:25060110;Schansweg;Luttelgeest;0,0;0,0;0,0;0,0;0,0;0,0
OV_IJM;NL:Q:25060120;Schansweg;Luttelgeest;0,0;0,1;0,0;0,0;0,0;0,0
OV_IJM;NL:Q:25070010;Luttelgeesterweg;Marknesse;0,0;1,0;0,0;0,3;0,0;0,1
OV_IJM;NL:Q:25070020;Luttelgeesterweg;Marknesse;0,3;0,0;0,1;0,0;0,1;0,0
OV_IJM;NL:Q:25070030;H.D. Louwes Hoeve;Emmeloord;0,0;0,0;0,0;0,0;0,0;0,0
OV_IJM;NL:Q:25070040;H.D. Louwes Hoeve;Emmeloord;0,0;0,0;0,0;0,0;0,0;0,0
OV_IJM;NL:Q:25070050;Lindeweg;Emmeloord;0,0;0,3;0,0;0,2;0,0;0,3
OV_IJM;NL:Q:25070060;Lindeweg;Emmeloord;0,3;0,0;0,3;0,0;0,1;0,0
OV_IJM;NL:Q:25130100;Sloefweg;Ens;2,1;0,0;0,6;0,0;0,4;0,0
OV_IJM;NL:Q:25130150;Sloefweg;Ens;0,0;2,1;0,0;0,7;0,0;0,7
OV_IJM;NL:Q:25130200;Bomenweg;Emmeloord;1,0;0,0;0,2;0,0;0,3;0,0
OV_IJM;NL:Q:25130250;Bomenweg;Emmeloord;0,0;1,1;0,0;0,5;0,0;0,2
OV_IJM;NL:Q:25130300;Kleiweg;Emmeloord;0,9;0,0;0,2;0,0;0,5;0,0
OV_IJM;NL:Q:25130350;Kleiweg;Emmeloord;0,0;1,1;0,0;0,2;0,0;0,1
OV_IJM;NL:Q:25131500;Bunschotenlaan;Emmeloord;10,1;0,0;3,1;0,0;4,7;0,0
OV_IJM;NL:Q:25150050;Urkerweg 18;Emmeloord;0,0;0,1;0,0;0,1;0,0;0,0
OV_IJM;NL:Q:25150100;Urkerweg 34;Tollebeek;0,2;0,0;0,0;0,0;0,0;0,0
OV_IJM;NL:Q:25150150;Urkerweg 34;Tollebeek;0,0;0,4;0,0;0,1;0,0;0,0
OV_IJM;NL:Q:25150200;Sint Hubertusplaats;Tollebeek;20,3;0,0;1,8;0,0;0,0;0,0
OV_IJM;NL:Q:25150250;Sint Hubertusplaats;Tollebeek;0,0;19,6;0,0;2,0;0,0;0,0
OV_IJM;NL:Q:25150300;Urkerweg 46;Tollebeek;0,1;0,0;0,0;0,0;0,0;0,0
OV_IJM;NL:Q:25150350;Urkerweg 46;Tollebeek;0,0;0,1;0,0;0,0;0,0;0,0
OV_IJM;NL:Q:25150400;Urkerdwarspad;Urk;0,4;0,0;0,1;0,0;0,0;0,0
OV_IJM;NL:Q:25170030;Zwembad Voorst;Kraggenburg;0,0;0,1;0,0;0,2;0,0;0,1
OV_IJM;NL:Q:25170040;Zwembad Voorst;Kraggenburg;0,1;0,0;0,1;0,0;0,3;0,0
OV_IJM;NL:Q:25170050;Picknickplaats;Kraggenburg;0,0;0,2;0,0;0,1;0,0;0,0
OV_IJM;NL:Q:25170060;Picknickplaats;Kraggenburg;0,7;0,0;0,0;0,0;0,1;0,0
OV_IJM;NL:Q:25170070;Mammouthweg;Kraggenburg;0,0;0,1;0,0;0,0;0,0;0,0
OV_IJM;NL:Q:25170080;Mammouthweg;Kraggenburg;0,0;0,0;0,1;0,0;0,0;0,0
OV_IJM;NL:Q:25170090;Leemringweg/Sloefweg;Marknesse;0,0;0,9;0,0;0,2;0,0;0,1
OV_IJM;NL:Q:25170100;Leemringweg/Sloefweg;Marknesse;0,9;0,0;0,1;0,0;0,1;0,0
OV_IJM;NL:Q:25170120;Boslaan;Marknesse;0,0;0,0;0,0;0,0;0,0;0,0
OV_IJM;NL:Q:25170211;Busstation;Marknesse;0,1;28,5;0,0;3,2;0,0;3,6
OV_IJM;NL:Q:25170212;Busstation;Marknesse;22,2;6,0;0,0;0,0;0,0;0,0
OV_IJM;NL:Q:25170213;Busstation;Marknesse;4,6;3,3;0,0;0,0;0,0;0,0
OV_IJM;NL:Q:25170221;Busstation;Marknesse;30,0;0,4;4,4;0,0;4,1;0,5
OV_IJM;NL:Q:25170223;Busstation;Marknesse;2,7;33,0;0,0;0,0;0,0;0,0
OV_IJM;NL:Q:25170230;Breestraat;Marknesse;17,9;0,2;2,6;0,0;2,5;0,3
OV_IJM;NL:Q:25170240;Breestraat;Marknesse;0,0;20,6;0,0;3,7;0,0;2,2
OV_IJM;NL:Q:25170250;Netl;Kraggenburg;0,0;0,4;0,0;0,4;0,0;0,5
OV_IJM;NL:Q:25170260;Netl;Kraggenburg;0,2;0,0;0,4;0,0;0,4;0,0
OV_IJM;NL:Q:25180010;Busstation;Blokzijl;18,4;27,0;0,0;0,0;0,0;0,0
OV_IJM;NL:Q:25180020;Busstation;Blokzijl;27,4;0,0;0,0;0,0;0,0;0,0
OV_IJM;NL:Q:25180030;Uiterdijkenweg;Marknesse;0,0;0,7;0,0;0,0;0,0;0,0
OV_IJM;NL:Q:25180040;Uiterdijkenweg;Marknesse;0,8;0,0;0,0;0,0;0,0;0,0
OV_IJM;NL:Q:25180050;Steenwijkerdwarsweg;Marknesse;1,0;0,0;0,0;0,0;0,0;0,0
OV_IJM;NL:Q:25180060;Steenwijkerdwarsweg;Marknesse;0,2;1,5;0,0;0,0;0,0;0,0
OV_IJM;NL:Q:25230030;Ens;Ens;0,2;61,0;0,1;17,0;0,0;9,3
OV_IJM;NL:Q:25230040;Ens;Ens;57,1;0,0;15,7;0,0;12,8;0,0
OV_IJM;NL:Q:25240010;Domineesweg;Nagele;0,0;0,0;0,0;0,0;0,0;0,0
OV_IJM;NL:Q:25240150;Professor Brandsmaw.;Nagele;0,0;0,0;0,0;0,0;0,0;0,0
OV_IJM;NL:Q:25240800;Nagele;Nagele;0,0;0,0;0,0;0,0;0,0;0,0
OV_IJM;NL:Q:25240850;Nagele;Nagele;0,0;0,0;0,0;0,0;0,0;0,0
OV_IJM;NL:Q:25250010;Singel;Urk;9,4;11,6;3,6;2,3;0,0;0,0
OV_IJM;NL:Q:25250050;Urkerdwarspad;Urk;0,0;0,6;0,0;0,1;0,0;0,0
OV_IJM;NL:Q:25250100;Urkerweg 60;Urk;0,8;0,0;0,3;0,0;0,0;0,0
OV_IJM;NL:Q:25250150;Urkerweg 60;Urk;0,0;1,0;0,0;0,2;0,0;0,0
OV_IJM;NL:Q:25250210;Ransuil;Urk;0,3;21,4;0,0;2,0;0,0;0,0
OV_IJM;NL:Q:25250220;Ransuil;Urk;16,1;0,0;1,2;0,0;0,0;0,0
OV_IJM;NL:Q:25250230;Winkelcentrum;Urk;0,7;41,6;0,1;3,7;0,0;0,0
OV_IJM;NL:Q:25250240;Winkelcentrum;Urk;39,9;0,2;3,6;0,1;0,0;0,0
OV_IJM;NL:Q:25250270;Vlaak;Urk;25,9;31,5;1,7;1,9;0,0;0,0
OV_IJM;NL:Q:25250300;Rotholm;Urk;23,2;18,2;2,9;1,3;0,0;0,0
OV_IJM;NL:Q:25250850;Lange Dam;Urk;20,5;23,9;0,9;1,7;0,0;0,0
OV_IJM;NL:Q:25250950;De Noord;Urk;11,5;14,9;0,5;0,9;0,0;0,0
OV_IJM;NL:Q:25251000;Gemeentehuis;Urk;21,0;20,4;2,2;2,7;0,0;0,0
OV_IJM;NL:Q:25270010;Clarenberglaan;Vollenhove;41,0;90,2;8,3;15,9;2,6;10,2
OV_IJM;NL:Q:25270020;Clarenberglaan;Vollenhove;85,1;0,1;17,3;0,0;15,3;0,0
OV_IJM;NL:Q:25270030;Kraggenburg;Kraggenburg;8,8;9,6;1,3;2,0;1,2;1,4
OV_IJM;NL:Q:25270110;Vollenhoverweg/NOP;Marknesse;0,0;0,9;0,0;0,2;0,0;0,2
OV_IJM;NL:Q:25270120;Vollenhoverweg/NOP;Marknesse;0,7;0,0;0,1;0,0;0,1;0,0
OV_IJM;NL:Q:25270130;Repelweg;Marknesse;0,0;0,5;0,0;0,3;0,0;0,6
OV_IJM;NL:Q:25270140;Repelweg;Marknesse;0,3;0,0;0,7;0,0;0,4;0,0
OV_IJM;NL:Q:25270150;Voorsterweg;Marknesse;0,0;2,3;0,0;0,5;0,0;0,4
OV_IJM;NL:Q:25270160;Voorsterweg;Marknesse;1,7;0,0;0,3;0,0;0,3;0,1
OV_IJM;NL:Q:25270170;Voorstersluis;Marknesse;0,0;0,2;0,0;0,1;0,0;0,1
OV_IJM;NL:Q:25270180;Voorstersluis;Marknesse;0,2;0,0;0,1;0,0;0,2;0,0
OV_IJM;NL:Q:25270190;Paardenweg;Kraggenburg;0,0;0,1;0,0;0,1;0,0;0,1
OV_IJM;NL:Q:25270200;Paardenweg;Kraggenburg;0,1;0,0;0,0;0,0;0,0;0,0
OV_IJM;NL:Q:25280010;Boomkwekerij;Scheerwolde;0,5;5,5;0,0;0,0;0,0;0,0
OV_IJM;NL:Q:25280020;Boomkwekerij;Scheerwolde;5,8;0,6;0,0;0,0;0,0;0,0
OV_IJM;NL:Q:25280050;Beenderribben;Wetering;0,6;0,0;0,0;0,0;0,0;0,0
OV_IJM;NL:Q:25280060;Beenderribben;Wetering;0,0;0,6;0,0;0,0;0,0;0,0
OV_IJM;NL:Q:25280070;Wetering;Wetering;1,2;0,4;0,0;0,0;0,0;0,0
OV_IJM;NL:Q:25280080;Wetering;Wetering;0,2;1,6;0,0;0,0;0,0;0,0
OV_IJM;NL:Q:25280090;Veldhuisweg;Baarlo;0,0;0,0;0,0;0,0;0,0;0,0
OV_IJM;NL:Q:25280100;Veldhuisweg;Baarlo;0,1;0,1;0,0;0,0;0,0;0,0
OV_IJM;NL:Q:25300010;Domineesweg;Nagele;0,0;0,1;0,0;0,0;0,0;0,0
OV_IJM;NL:Q:25330300;Zwartemeerweg;Ens;3,7;0,0;1,1;0,0;1,0;0,0
OV_IJM;NL:Q:25330350;Zwartemeerweg;Ens;2,1;4,6;0,7;2,0;0,3;1,0
OV_IJM;NL:Q:25350010;Markeweg;Blesdijke;0,1;1,1;0,0;0,0;0,0;0,0
OV_IJM;NL:Q:25350020;Markeweg;Blesdijke;1,2;0,2;0,0;0,0;0,0;0,0
OV_IJM;NL:Q:25350030;Dalhoeve;Blesdijke;0,0;0,8;0,0;0,0;0,0;0,0
OV_IJM;NL:Q:25350040;Dalhoeve;Blesdijke;0,9;0,0;0,0;0,0;0,0;0,0
OV_IJM;NL:Q:25350060;Parochiehuis;Oldemarkt;8,3;0,3;0,0;0,0;0,0;0,0
OV_IJM;NL:Q:25350090;Frieseweg;Oldemarkt;13,2;2,4;0,0;0,0;0,0;0,0
OV_IJM;NL:Q:25350310;Koningin Julianaweg;Oldemarkt;2,9;0,7;0,0;0,0;0,0;0,0
OV_IJM;NL:Q:25370010;Heetveld;Heetveld;1,1;6,4;0,5;1,3;0,1;1,8
OV_IJM;NL:Q:25370020;Heetveld;Heetveld;5,1;0,8;1,6;0,2;1,1;0,1
OV_IJM;NL:Q:25370070;Prot Chr Basisschool;Heetveld;2,4;8,4;0,7;2,2;0,1;1,2
OV_IJM;NL:Q:25370080;Prot Chr Basisschool;Heetveld;8,5;2,2;2,3;0,6;1,3;0,1
OV_IJM;NL:Q:25380010;Jan van Nassauweg;Scheerwolde;1,1;1,2;0,0;0,0;0,0;0,0
OV_IJM;NL:Q:25380020;Jan van Nassauweg;Scheerwolde;1,4;0,6;0,0;0,0;0,0;0,0
OV_IJM;NL:Q:25380030;Smalleweg;Scheerwolde;0,1;0,1;0,0;0,0;0,0;0,0
OV_IJM;NL:Q:25380040;Smalleweg;Scheerwolde;0,0;0,0;0,0;0,0;0,0;0,0
OV_IJM;NL:Q:25430010;Noorderrandweg;Kampereiland;1,0;2,6;0,1;0,4;0,0;0,5
OV_IJM;NL:Q:25430020;Noorderrandweg;Kampereiland;2,3;1,0;0,5;0,1;0,4;0,0
OV_IJM;NL:Q:25430030;Rechterveldweg;Kampereiland;2,3;4,2;0,2;1,6;0,1;1,0
OV_IJM;NL:Q:25430040;Rechterveldweg;Kampereiland;4,1;2,3;1,8;0,4;0,7;0,3
OV_IJM;NL:Q:25430050;Natuurbad Seveningen;Kampereiland;0,2;0,4;0,2;0,5;0,1;0,3
OV_IJM;NL:Q:25430100;Nesweg;Kampereiland;0,0;0,4;0,0;0,0;0,0;0,0
OV_IJM;NL:Q:25430150;Nesweg;Kampereiland;0,4;0,1;0,0;0,1;0,0;0,0
OV_IJM;NL:Q:25430200;Kampereiland Kerk;Kampereiland;1,7;0,6;0,2;0,0;0,0;0,0
OV_IJM;NL:Q:25430250;Kampereiland Kerk;Kampereiland;0,4;1,7;0,0;0,2;0,0;0,1
OV_IJM;NL:Q:25430300;Witte Brug;Kampereiland;0,5;0,7;0,5;0,0;0,1;0,0
OV_IJM;NL:Q:25430350;Witte Brug;Kampereiland;0,7;0,6;0,0;0,5;0,0;0,0
OV_IJM;NL:Q:25430390;Dam-Noorddiep;Kampereiland;0,0;0,3;0,0;0,1;0,0;0,1
OV_IJM;NL:Q:25430400;Dam-Noorddiep;Kampereiland;0,1;0,1;0,0;0,0;0,0;0,0
OV_IJM;NL:Q:25450810;Kooystraat;Ossenzijl;2,3;2,7;0,0;0,0;0,0;0,0
OV_IJM;NL:Q:25450820;Kooystraat;Ossenzijl;3,1;2,0;0,0;0,0;0,0;0,0
OV_IJM;NL:Q:25450830;Venebosweg;Ossenzijl;0,0;1,2;0,0;0,0;0,0;0,0
OV_IJM;NL:Q:25470010;De Velde;De Velde;0,4;3,5;0,2;1,6;0,1;1,7
OV_IJM;NL:Q:25470020;De Velde;De Velde;3,1;0,5;0,9;0,1;1,4;0,0
OV_IJM;NL:Q:25470030;Busstation;Zwartsluis;59,1;150,4;20,4;52,2;11,5;34,1
OV_IJM;NL:Q:25470040;Busstation;Zwartsluis;138,5;62,5;42,6;16,1;26,2;10,0
OV_IJM;NL:Q:25470050;Bejaardencentrum;Zwartsluis;1,7;2,1;0,5;0,2;0,3;0,2
OV_IJM;NL:Q:25470060;Bejaardencentrum;Zwartsluis;9,1;1,9;0,1;1,0;0,0;0,5
OV_IJM;NL:Q:25470070;De Krieger;De Krieger;0,1;4,5;0,0;0,7;0,0;0,5
OV_IJM;NL:Q:25470080;De Krieger;De Krieger;5,2;0,5;0,9;0,1;0,6;0,0
OV_IJM;NL:Q:25470081;De Krieger;De Krieger;0,1;1,8;0,0;0,0;0,0;0,0
OV_IJM;NL:Q:25480010;Chr. Basisschool;Kamperzeedijk;4,2;1,3;0,0;0,0;0,0;0,0
OV_IJM;NL:Q:25480020;Chr. Basisschool;Kamperzeedijk;1,7;4,5;0,0;0,0;0,0;0,0
OV_IJM;NL:Q:25580010;Nieuweweg;Genemuiden;9,4;10,3;0,0;2,3;0,0;0,0
OV_IJM;NL:Q:25580020;Nieuweweg;Genemuiden;11,1;9,7;0,9;0,0;0,0;0,0
OV_IJM;NL:Q:25580030;'t TAG;Genemuiden;19,7;29,2;2,5;2,8;0,0;0,0
OV_IJM;NL:Q:25580040;'t TAG;Genemuiden;54,5;52,3;1,9;0,0;0,0;0,0
OV_IJM;NL:Q:25630010;Koekoeksgemaal;Grafhorst;0,4;0,0;0,0;0,0;0,0;0,0
OV_IJM;NL:Q:25630020;Koekoeksgemaal;Grafhorst;0,0;0,5;0,0;0,0;0,0;0,0
OV_IJM;NL:Q:25630030;Vahl;IJsselmuiden;0,1;2,7;0,0;0,0;0,0;0,0
OV_IJM;NL:Q:25630040;Vahl;IJsselmuiden;1,8;0,2;0,0;0,0;0,0;0,0
OV_IJM;NL:Q:25630050;Fuite;IJsselmuiden;0,1;0,6;0,0;0,0;0,0;0,0
OV_IJM;NL:Q:25630060;Fuite;IJsselmuiden;0,5;0,2;0,0;0,0;0,0;0,0
OV_IJM;NL:Q:25630070;Plasweg;IJsselmuiden;0,4;0,9;0,0;0,0;0,0;0,0
OV_IJM;NL:Q:25630080;Plasweg;IJsselmuiden;0,9;0,4;0,0;0,0;0,0;0,0
OV_IJM;NL:Q:25630090;Groenendael;IJsselmuiden;0,6;1,2;0,0;0,0;0,0;0,0
OV_IJM;NL:Q:25630100;Groenendael;IJsselmuiden;1,0;0,6;0,0;0,0;0,0;0,0
OV_IJM;NL:Q:25630110;R.K. Kerk;IJsselmuiden;0,3;1,0;0,0;0,0;0,0;0,0
OV_IJM;NL:Q:25630120;R.K. Kerk;IJsselmuiden;0,8;0,3;0,0;0,0;0,0;0,0
OV_IJM;NL:Q:25670010;H. van Viandenplein;Hasselt;0,3;9,3;0,0;0,0;0,0;0,0
OV_IJM;NL:Q:25670020;H. van Viandenplein;Hasselt;7,3;0,2;0,0;0,0;0,0;0,0
OV_IJM;NL:Q:25670030;Centrum;Hasselt;43,8;250,1;12,0;88,6;5,0;34,7
OV_IJM;NL:Q:25670040;Centrum;Hasselt;320,3;123,1;103,8;28,6;36,8;5,0
OV_IJM;NL:Q:25680010;Sluis;Beukers;0,0;0,0;0,0;0,0;0,0;0,0
OV_IJM;NL:Q:25680020;Sluis;Beukers;0,0;0,0;0,0;0,1;0,0;0,0
OV_IJM;NL:Q:25680030;Blauwe Hand;Blauwe Hand;4,6;6,2;1,1;3,3;1,1;1,6
OV_IJM;NL:Q:25680040;Blauwe Hand;Blauwe Hand;6,7;5,8;3,0;1,4;1,2;0,7
OV_IJM;NL:Q:25780010;Dominee Hylkemaweg;Giethoorn;58,7;10,7;117,0;15,4;104,9;14,6
OV_IJM;NL:Q:25780020;Dominee Hylkemaweg;Giethoorn;8,7;57,8;7,4;114,3;4,9;104,2
OV_IJM;NL:Q:25780030;Kerkweg;Giethoorn;4,8;2,1;2,8;0,3;1,6;0,3
OV_IJM;NL:Q:25780040;Kerkweg;Giethoorn;3,2;6,6;0,5;4,1;0,7;3,1
OV_IJM;NL:Q:25780050;Hotel Harmonie;Giethoorn;1,4;0,7;1,5;0,6;1,5;0,4
OV_IJM;NL:Q:25780060;Hotel Harmonie;Giethoorn;0,6;1,5;1,1;1,3;0,4;1,2
OV_IJM;NL:Q:25830090;Gemeentehuis;Kampen;0,5;0,5;0,0;0,0;0,0;0,0
OV_IJM;NL:Q:25830110;Oranjesingel;Kampen;7,1;3,8;0,4;1,0;0,0;0,0
OV_IJM;NL:Q:25830170;Station Zuid;Kampen;33,9;34,2;0,0;0,0;0,0;0,0
OV_IJM;NL:Q:25830190;Station Zuid;Kampen;46,4;40,2;13,7;11,1;0,0;0,0
OV_IJM;NL:Q:25830270;Leeghwaterstraat;Kampen;5,7;3,5;0,9;1,2;0,0;0,0
OV_IJM;NL:Q:25830280;Beekmanstraat;Kampen;7,5;4,2;0,8;1,1;0,0;0,0
OV_IJM;NL:Q:25830290;Amandelboom;Kampen;5,6;2,8;0,6;1,0;0,0;0,0
OV_IJM;NL:Q:25830300;Andoorn;Kampen;8,1;1,9;1,2;0,9;0,0;0,0
OV_IJM;NL:Q:25830310;Sterrekroos;Kampen;12,6;1,4;2,0;0,7;0,0;0,0
OV_IJM;NL:Q:25830320;Hilbert v Dijkstraat;Kampen;13,7;2,4;1,1;0,4;0,0;0,0
OV_IJM;NL:Q:25830330;Doctor Kolfflaan;Kampen;12,7;1,9;0,8;0,2;0,0;0,0
OV_IJM;NL:Q:25830340;Colijnlaan;Kampen;18,0;2,6;2,2;0,7;0,0;0,0
OV_IJM;NL:Q:25830360;Ommelandsingel;Kampen;6,1;1,1;0,8;0,9;0,0;0,0
OV_IJM;NL:Q:25830480;Bovenbroeksweg;Kampen;1,5;0,7;0,2;0,4;0,0;0,0
OV_IJM;NL:Q:25830490;Bovenbroeksweg;Kampen;0,6;1,7;0,2;0,2;0,0;0,0
OV_IJM;NL:Q:25830500;Loriestraat;Kampen;17,0;4,9;0,4;0,6;0,0;0,0
OV_IJM;NL:Q:25830510;Loriestraat;Kampen;5,6;14,0;0,6;0,4;0,0;0,0
OV_IJM;NL:Q:25830530;Blauwe Engel;Kampen;0,0;0,5;0,0;0,0;0,0;0,0
OV_IJM;NL:Q:38400120;Florasingel;Bovenkarspel;0,0;0,0;0,0;0,0;0,0;0,0
OV_IJM;NL:Q:38402010;Streekhof;Bovenkarspel;0,0;0,9;0,0;0,0;0,0;0,0
OV_IJM;NL:Q:38402020;Streekhof;Grootebroek;1,0;0,0;0,0;0,0;0,0;0,0
OV_IJM;NL:Q:38410050;R.K. Kerk;Wervershoof;0,0;0,0;0,0;0,0;0,0;0,0
OV_IJM;NL:Q:38410070;Raadhuisplein;Wervershoof;0,0;0,0;0,0;0,0;0,0;0,0
OV_IJM;NL:Q:38500010;Station;Enkhuizen;6,7;4,5;0,0;0,0;0,0;0,0
OV_IJM;NL:Q:38610060;Sorghvliet;Andijk;2,7;0,0;0,0;0,0;0,0;0,0
OV_IJM;NL:Q:38610070;Gedeputeerde Laanweg;Andijk;0,0;0,0;0,0;0,0;0,0;0,0
OV_IJM;NL:Q:38610080;Gedeputeerde Laanweg;Andijk;0,0;2,4;0,0;0,0;0,0;0,0
OV_IJM;NL:Q:46000570;Dokter Hengeveldweg;Zwolle;2,2;2,7;0,0;0,0;0,0;0,0
OV_IJM;NL:Q:46000800;Groot Wezenland;Zwolle;0,2;0,1;0,0;0,0;0,0;0,0
OV_IJM;NL:Q:46000950;Groot Wezenland;Zwolle;0,0;0,1;0,0;0,0;0,0;0,0
OV_IJM;NL:Q:46001000;Park de Wezenlanden;Zwolle;1,4;5,6;0,0;0,0;0,0;0,0
OV_IJM;NL:Q:46001100;Assendorperdijk;Zwolle;2,5;12,7;0,0;0,0;0,0;0,0
OV_IJM;NL:Q:46001542;Dokter Hengeveldweg;Zwolle;1,1;2,7;0,0;0,0;0,0;0,0
OV_IJM;NL:Q:46001560;Isala ziekenhuis;Zwolle;1,6;29,6;0,0;0,0;0,0;0,0
OV_IJM;NL:Q:46001750;Provinciehuis;Zwolle;0,3;7,5;0,0;0,0;0,0;0,0
OV_IJM;NL:Q:46002960;Blaloweg/Hasselterweg;Zwolle;5,6;29,6;1,3;7,3;1,5;2,3
OV_IJM;NL:Q:46003240;Herenweg;Zwolle;0,1;0,0;0,0;0,0;0,0;0,0
OV_IJM;NL:Q:46004026;Station;Zwolle;79,2;31,9;0,0;0,0;0,0;0,0
OV_IJM;NL:Q:46004027;Station;Zwolle;350,4;294,1;119,2;104,8;81,6;91,4
OV_IJM;NL:Q:46004030;Station;Zwolle;79,7;85,4;0,0;0,0;0,0;0,0
OV_IJM;NL:Q:46004032;Station;Zwolle;1,8;22,6;0,0;0,0;0,0;0,0
OV_IJM;NL:Q:46004180;De Ruyterplein;Zwolle;0,1;0,1;0,0;0,0;0,0;0,0
OV_IJM;NL:Q:46004190;Corn. Houtmanstraat;Zwolle;0,4;0,2;0,0;0,0;0,0;0,0
OV_IJM;NL:Q:46004195;Corn. Houtmanstraat;Zwolle;0,3;0,6;0,0;0,0;0,0;0,0
OV_IJM;NL:Q:46004210;Herenweg;Zwolle;0,2;0,2;0,0;0,0;0,0;0,0
OV_IJM;NL:Q:46004410;Schuurmanstraat;Zwolle;0,1;1,5;0,0;0,0;0,0;0,0
OV_IJM;NL:Q:46004450;Schuurmanstraat;Zwolle;1,5;0,5;0,0;0,0;0,0;0,0
OV_IJM;NL:Q:46004500;Trompstraat;Zwolle;1,1;1,2;0,0;0,0;0,0;0,0
OV_IJM;NL:Q:46004530;Stadion;Zwolle;6,6;4,0;0,0;0,0;0,0;0,0
OV_IJM;NL:Q:46004740;Park de Wezenlanden;Zwolle;4,0;9,3;0,0;0,0;0,0;0,0
OV_IJM;NL:Q:46004760;Assendorperdijk;Zwolle;12,9;8,5;0,0;0,0;0,0;0,0
OV_IJM;NL:Q:46006255;Isala ziekenhuis;Zwolle;25,0;4,9;0,0;0,0;0,0;0,0
OV_IJM;NL:Q:46006400;Campus;Zwolle;70,7;0,3;0,0;0,0;0,0;0,0
OV_IJM;NL:Q:46006450;Campus;Zwolle;0,1;60,1;0,0;0,0;0,0;0,0
OV_IJM;NL:Q:46006600;Blaloweg/Rieteweg;Zwolle;5,8;3,6;0,4;0,4;0,4;0,7
OV_IJM;NL:Q:46006650;Blaloweg/Rieteweg;Zwolle;5,0;8,2;0,6;1,3;1,6;0,9
OV_IJM;NL:Q:46007010;Vrolijkheid;Zwolle;1,4;0,8;0,0;0,0;0,0;0,0
OV_IJM;NL:Q:46008380;Provinciehuis;Zwolle;5,0;1,9;0,0;0,0;0,0;0,0
OV_IJM;NL:Q:46008390;Trompstraat;Zwolle;1,0;1,3;0,0;0,0;0,0;0,0
OV_IJM;NL:Q:46008580;Stadion;Zwolle;1,0;9,7;0,0;0,0;0,0;0,0
OV_IJM;NL:Q:46010010;Vrolijkheid;Zwolle;0,0;1,8;0,0;0,0;0,0;0,0
OV_IJM;NL:Q:46010030;Zwembad/Landstede;Zwolle;14,4;12,3;0,0;0,0;0,0;0,0
OV_IJM;NL:Q:46010040;Zwembad/Landstede;Zwolle;0,3;21,0;0,0;0,0;0,0;0,0
OV_IJM;NL:Q:46100040;Katerdijk;zwolle;137,8;7,9;2,5;1,1;1,6;1,0
OV_IJM;NL:Q:46100050;Katerdijk;zwolle;10,7;187,4;0,5;1,4;1,1;1,3
OV_IJM;NL:Q:46100320;Breecamp;Zwolle;17,6;3,6;9,0;1,3;4,7;0,5
OV_IJM;NL:Q:46100330;Breecamp;Zwolle;3,0;17,1;0,9;6,2;0,4;4,7
OV_IJM;NL:Q:46104021;Katwolderplein/centrum;Zwolle;157,4;18,9;75,2;2,0;35,6;5,1
OV_IJM;NL:Q:46104022;Katwolderplein/centrum;Zwolle;46,6;111,9;11,6;85,8;12,0;31,6
OV_IJM;NL:Q:46120010;Havezatheweg;Genne;0,0;0,1;0,0;0,0;0,0;0,0
OV_IJM;NL:Q:46120020;Havezatheweg;Genne;0,0;0,0;0,0;0,0;0,0;0,0
OV_IJM;NL:Q:46120090;Bergkloosterweg;Zwolle;1,3;0,3;0,0;0,0;0,0;0,0
OV_IJM;NL:Q:46120120;Vechtbrug;Zwolle;0,1;0,1;0,0;0,0;0,0;0,0
OV_IJM;NL:Q:46120140;Bergkloosterweg;Zwolle;0,2;1,0;0,0;0,0;0,0;0,0
OV_IJM;NL:Q:46120160;Campherbeeklaan;Zwolle;0,8;1,2;0,0;0,0;0,0;0,0
OV_IJM;NL:Q:46120200;Campherbeeklaan;Zwolle;0,0;0,5;0,0;0,0;0,0;0,0
OV_IJM;NL:Q:46120410;Vechtbrug;Zwolle;0,5;0,3;0,0;0,0;0,0;0,0
OV_IJM;NL:Q:46120430;Vechterstrand;Genne;0,0;0,1;0,0;0,0;0,0;0,0
OV_IJM;NL:Q:46120440;Vechterstrand;Genne;0,0;0,0;0,0;0,0;0,0;0,0
OV_IJM;NL:Q:46120450;Doornweg/Vechtdijk;Genne;0,0;0,1;0,0;0,0;0,0;0,0
OV_IJM;NL:Q:46120460;Doornweg/Vechtdijk;Genne;0,0;0,0;0,0;0,0;0,0;0,0
OV_IJM;NL:Q:46120470;Vijfhoekweg;Genne;0,0;0,0;0,0;0,0;0,0;0,0
OV_IJM;NL:Q:46120480;Vijfhoekweg;Genne;0,0;0,0;0,0;0,0;0,0;0,0
OV_IJM;NL:Q:46120490;Dashorstweg;Genne;0,0;0,1;0,0;0,0;0,0;0,0
OV_IJM;NL:Q:46120500;Dashorstweg;Genne;0,0;0,0;0,0;0,0;0,0;0,0
OV_IJM;NL:Q:46120510;Klinkerweg;Genne;0,2;0,8;0,0;0,0;0,0;0,0
OV_IJM;NL:Q:46120520;Klinkerweg;Genne;0,9;0,0;0,0;0,0;0,0;0,0
OV_IJM;NL:Q:46120530;Glinthuisweg;Genne;0,0;0,0;0,0;0,0;0,0;0,0
OV_IJM;NL:Q:46120540;Glinthuisweg;Genne;0,0;0,1;0,0;0,0;0,0;0,0
OV_IJM;NL:Q:46120560;Verkavelingsweg;Genne;0,1;0,0;0,0;0,0;0,0;0,0
OV_IJM;NL:Q:46120730;Verkavelingsweg;Genne;0,0;0,1;0,0;0,0;0,0;0,0
OV_IJM;NL:Q:46301120;Industrieweg;Hasselt;5,3;3,3;1,3;0,4;0,3;0,1
OV_IJM;NL:Q:46302010;Zandvoortweg;Hasselt;0,0;0,4;0,0;0,0;0,0;0,0
OV_IJM;NL:Q:46302030;De Baak;Hasselt;0,1;5,6;0,0;0,0;0,0;0,0
OV_IJM;NL:Q:46302040;De Baak;Hasselt;6,9;0,1;0,0;0,0;0,0;0,0
OV_IJM;NL:Q:46302050;Kerspel;Hasselt;0,3;8,5;0,0;0,0;0,0;0,0
OV_IJM;NL:Q:46302060;Kerspel;Hasselt;10,1;0,1;0,0;0,0;0,0;0,0
OV_IJM;NL:Q:46302070;Sportvelden;Hasselt;0,5;1,3;0,0;0,0;0,0;0,0
OV_IJM;NL:Q:46302080;Sportvelden;Hasselt;1,8;0,7;0,0;0,0;0,0;0,0
OV_IJM;NL:Q:46302090;Stadsweg;Hasselt;0,6;3,7;0,2;2,8;0,3;1,1
OV_IJM;NL:Q:46302100;Stadsweg;Hasselt;3,2;0,8;1,3;0,7;1,0;0,2
OV_IJM;NL:Q:46302110;Industrieweg;Hasselt;2,8;7,5;0,8;1,2;0,1;0,8
OV_IJM;NL:Q:46302140;Matenweg;Hasselt;0,0;0,0;0,0;0,0;0,0;0,0
OV_IJM;NL:Q:46302170;Matenweg;Hasselt;0,0;0,0;0,0;0,0;0,0;0,0
OV_IJM;NL:Q:46320010;Het Rode Dak;Genne;0,1;0,0;0,0;0,0;0,0;0,0
OV_IJM;NL:Q:46320020;Het Rode Dak;Genne;0,0;0,0;0,0;0,0;0,0;0,0
OV_IJM;NL:Q:46320040;Boerderijweg;Genne;0,1;0,0;0,0;0,0;0,0;0,0
OV_IJM;NL:Q:46320050;Boerderijweg;Genne;0,0;0,1;0,0;0,0;0,0;0,0
OV_IJM;NL:Q:46320060;Zandvoortweg;Hasselt;0,1;0,0;0,0;0,0;0,0;0,0
OV_IJM;NL:Q:46403010;Kloosterziel;De Velde;0,1;0,7;0,0;0,1;0,0;0,1
OV_IJM;NL:Q:46403020;Kloosterziel;De Velde;0,7;0,1;0,1;0,0;0,1;0,0
OV_IJM;NL:Q:46501010;Kranerweerd;Zwartsluis;0,5;9,3;0,2;2,6;0,1;2,0
OV_IJM;NL:Q:46501020;Kranerweerd;Zwartsluis;6,7;0,7;1,6;0,4;0,5;0,1
OV_IJM;NL:Q:46501030;Nieuwesluis;Zwartsluis;2,2;30,8;2,2;13,6;2,4;9,1
OV_IJM;NL:Q:46501040;Nieuwesluis;Zwartsluis;26,9;0,9;12,6;0,6;7,1;0,1
OV_IJM;NL:Q:46501050;Zomerdijk;Zwartsluis;0,0;0,1;0,1;0,0;0,0;0,0
OV_IJM;NL:Q:46501060;Zomerdijk;Zwartsluis;0,0;0,1;0,0;0,0;0,0;0,0
OV_IJM;NL:Q:46501070;Westeinde - Rotonde;Zwartsluis;0,6;14,5;0,4;3,1;0,1;2,6
OV_IJM;NL:Q:46501080;Westeinde - Rotonde;Zwartsluis;29,3;0,6;13,2;0,5;8,8;0,1
OV_IJM;NL:Q:46511010;De Noorde;Zwartsluis;1,6;0,8;0,5;1,3;0,3;2,2
OV_IJM;NL:Q:46511020;De Noorde;Zwartsluis;0,8;1,7;1,5;1,0;1,6;0,3
OV_IJM;NL:Q:46511030;Zieltje;Zwartsluis;0,0;0,1;0,0;0,0;0,0;0,0
OV_IJM;NL:Q:46511040;Zieltje;Zwartsluis;0,0;0,0;0,0;0,0;0,0;0,0
OV_IJM;NL:Q:46520010;Flevoweg;St.Jansklooster;13,1;5,5;2,9;1,3;2,5;0,7
OV_IJM;NL:Q:46520020;Flevoweg;St.Jansklooster;6,2;16,1;1,2;2,6;0,6;1,9
OV_IJM;NL:Q:46520030;Veneweg;St.Jansklooster;21,7;2,5;4,3;0,8;2,4;0,5
OV_IJM;NL:Q:46520040;Veneweg;St.Jansklooster;3,3;28,1;0,5;4,4;0,4;2,1
OV_IJM;NL:Q:46522010;Barsbeek;Heetveld;1,4;3,4;0,1;1,4;0,0;0,4
OV_IJM;NL:Q:46522020;Barsbeek;Heetveld;3,3;1,3;1,8;0,3;0,3;0,1
OV_IJM;NL:Q:46522070;Barsbeek 36;St. Jansklooster;1,9;3,9;0,0;0,3;0,0;0,4
OV_IJM;NL:Q:46522080;Barsbeek 36;St. Jansklooster;3,4;1,9;0,6;0,0;0,3;0,0
OV_IJM;NL:Q:46522090;Kadoelen;Kadoelen;1,2;3,0;0,4;1,2;0,1;0,5
OV_IJM;NL:Q:46522100;Kadoelen;Kadoelen;2,3;1,2;1,0;0,5;0,9;0,1
OV_IJM;NL:Q:46522110;Dennenbos;St.Jansklooster;0,0;1,6;0,0;0,0;0,0;0,0
OV_IJM;NL:Q:46522120;Dennenbos;St.Jansklooster;1,9;0,0;0,0;0,0;0,0;0,0
OV_IJM;NL:Q:46522130;Oldenhof Kadoelerweg;St.Jansklooster;0,0;0,7;0,0;0,0;0,0;0,0
OV_IJM;NL:Q:46522140;Oldenhof Kadoelerweg;St.Jansklooster;0,7;0,0;0,0;0,0;0,0;0,0
OV_IJM;NL:Q:46522150;Halleweg;St.Jansklooster;0,0;0,3;0,0;0,0;0,0;0,0
OV_IJM;NL:Q:46522160;Halleweg;St.Jansklooster;0,1;0,0;0,0;0,0;0,0;0,0
OV_IJM;NL:Q:46522170;Zuurbeek;St.Jansklooster;0,0;0,0;0,0;0,0;0,0;0,0
OV_IJM;NL:Q:46522180;Zuurbeek;St.Jansklooster;0,1;0,0;0,0;0,0;0,0;0,0
OV_IJM;NL:Q:46531010;Verlengde Duinweg;St.Jansklooster;0,6;3,5;0,1;0,4;0,1;0,1
OV_IJM;NL:Q:46531020;Verlengde Duinweg;St.Jansklooster;2,4;0,9;0,2;0,1;0,2;0,3
OV_IJM;NL:Q:46531030;Weyert;Vollenhove;8,9;18,3;0,7;3,1;0,3;2,0
OV_IJM;NL:Q:46531040;Weyert;Vollenhove;15,9;6,7;2,4;0,7;2,1;0,2
OV_IJM;NL:Q:46531050;Zwembad;Vollenhove;0,0;9,2;0,0;4,1;0,0;2,8
OV_IJM;NL:Q:46531060;Zwembad;Vollenhove;11,0;0,0;3,8;0,0;3,8;0,0
OV_IJM;NL:Q:46541010;Overtoom;Genemuiden;42,1;28,1;5,2;0,0;0,0;0,0
OV_IJM;NL:Q:46541020;Overtoom;Genemuiden;15,4;27,5;0,0;4,3;0,0;0,0
OV_IJM;NL:Q:46541030;Hervormd Centrum;Genemuiden;20,0;17,4;2,1;0,0;0,0;0,0
OV_IJM;NL:Q:46541040;Hervormd Centrum;Genemuiden;6,6;10,6;0,0;1,7;0,0;0,0
OV_IJM;NL:Q:46541050;De Meente;Genemuiden;12,3;20,4;0,0;3,2;0,0;0,0
OV_IJM;NL:Q:46541060;De Meente;Genemuiden;43,0;31,1;4,1;0,0;0,0;0,0
OV_IJM;NL:Q:46552010;Prinsenkeet;Genemuiden;0,2;0,1;0,0;0,0;0,0;0,0
OV_IJM;NL:Q:46552020;Prinsenkeet;Genemuiden;0,1;0,1;0,0;0,0;0,0;0,0
OV_IJM;NL:Q:46552030;Oude Stoomgemaal;Genemuiden;0,0;0,0;0,0;0,0;0,0;0,0
OV_IJM;NL:Q:46552040;Oude Stoomgemaal;Genemuiden;0,0;0,1;0,0;0,0;0,0;0,0
OV_IJM;NL:Q:46552050;Kamperzeedijk 21;Kamperzeedijk;0,3;0,1;0,0;0,0;0,0;0,0
OV_IJM;NL:Q:46552060;Kamperzeedijk 21;Kamperzeedijk;0,0;0,4;0,0;0,0;0,0;0,0
OV_IJM;NL:Q:46560010;Kamperzeedijk/West;Kamperzeedijk;0,5;0,3;0,0;0,0;0,0;0,0
OV_IJM;NL:Q:46560020;Kamperzeedijk/West;Kamperzeedijk;0,3;0,6;0,0;0,0;0,0;0,0
OV_IJM;NL:Q:46560030;Kamperzeedijk 141;Kamperzeedijk;0,1;0,1;0,0;0,0;0,0;0,0
OV_IJM;NL:Q:46560040;Kamperzeedijk 141;Kamperzeedijk;0,1;0,1;0,0;0,0;0,0;0,0
OV_IJM;NL:Q:46560050;Nieuwe Gemaal;Kamperzeedijk;0,1;0,1;0,0;0,0;0,0;0,0
OV_IJM;NL:Q:46560060;Nieuwe Gemaal;Kamperzeedijk;0,0;0,2;0,0;0,0;0,0;0,0
OV_IJM;NL:Q:46560070;Mandjeswaard;Grafhorst;0,3;0,1;0,0;0,0;0,0;0,0
OV_IJM;NL:Q:46560080;Mandjeswaard;Grafhorst;0,1;0,3;0,0;0,0;0,0;0,0
OV_IJM;NL:Q:46602010;Belterweg;Belt Schutsloot;1,5;3,0;0,5;0,1;0,3;0,1
OV_IJM;NL:Q:46602020;Belterweg;Belt Schutsloot;3,2;1,5;0,0;0,5;0,1;0,1
OV_IJM;NL:Q:46630110;Strandje;Belt Schutsloot;0,0;0,0;0,0;0,0;0,1;0,0
OV_IJM;NL:Q:46630120;Strandje;Belt Schutsloot;0,0;0,1;0,0;0,1;0,0;0,1
OV_IJM;NL:Q:46630130;Giethoorn Zuid;Giethoorn;3,4;0,9;5,2;1,8;5,9;1,1
OV_IJM;NL:Q:46630140;Giethoorn Zuid;Giethoorn;1,2;3,6;0,9;5,8;0,4;4,3
OV_IJM;NL:Q:46630150;Hollands Venetië;Giethoorn;8,6;2,5;12,7;3,0;11,8;2,1
OV_IJM;NL:Q:46630160;Hollands Venetië;Giethoorn;1,7;7,1;0,8;7,3;1,0;7,7
OV_IJM;NL:Q:46630170;Hervormde Kerk;Wanneperveen;0,0;0,7;0,0;0,0;0,0;0,0
OV_IJM;NL:Q:46630180;Hervormde Kerk;Wanneperveen;0,9;0,0;0,0;0,0;0,0;0,0
OV_IJM;NL:Q:46630190;Veldweg;Wanneperveen;0,0;0,5;0,0;0,0;0,0;0,0
OV_IJM;NL:Q:46630200;Veldweg;Wanneperveen;0,5;0,0;0,0;0,0;0,0;0,0
OV_IJM;NL:Q:46630210;Hotel Belterwiede;Wanneperveen;0,0;0,7;0,0;0,0;0,0;0,0
OV_IJM;NL:Q:46630220;Hotel Belterwiede;Wanneperveen;0,8;0,0;0,0;0,0;0,0;0,0
OV_IJM;NL:Q:46630230;Perceel 252;Wanneperveen;0,0;0,1;0,0;0,0;0,0;0,0
OV_IJM;NL:Q:46630240;Perceel 252;Wanneperveen;0,1;0,0;0,0;0,0;0,0;0,0
OV_IJM;NL:Q:46630250;Pavilj. Belterwiede;Wanneperveen;0,0;0,0;0,0;0,0;0,0;0,0
OV_IJM;NL:Q:46630260;Pavilj. Belterwiede;Wanneperveen;0,0;0,0;0,0;0,0;0,0;0,0
OV_IJM;NL:Q:46641030;Groene Kruis;Giethoorn;6,1;3,2;3,2;1,3;2,2;0,6
OV_IJM;NL:Q:46641040;Groene Kruis;Giethoorn;4,0;4,7;1,4;2,3;0,8;1,7
OV_IJM;NL:Q:46650010;Lindehof;Giethoorn;1,3;0,4;0,4;0,7;0,8;0,3
OV_IJM;NL:Q:46650020;Lindehof;Giethoorn;0,6;1,9;0,6;1,9;0,3;1,2
OV_IJM;NL:Q:46650030;Brug;Giethoorn;0,9;0,1;0,1;0,0;0,2;0,1
OV_IJM;NL:Q:46650040;Brug;Giethoorn;0,3;1,0;0,0;0,3;0,0;0,1
OV_IJM;NL:Q:46650050;Perceel 9;Giethoorn;0,2;0,1;0,1;0,1;0,0;0,1
OV_IJM;NL:Q:46650060;Perceel 9;Giethoorn;0,1;0,1;0,0;0,1;0,0;0,2
OV_IJM;NL:Q:46660010;Perceel 106;Kolderveen;0,0;0,0;0,0;0,0;0,0;0,0
OV_IJM;NL:Q:46660020;Perceel 106;Kolderveen;0,1;0,0;0,0;0,0;0,0;0,0
OV_IJM;NL:Q:46660030;Nieuwedijk;Dinxterveen;0,0;0,0;0,0;0,0;0,0;0,0
OV_IJM;NL:Q:46660040;Nieuwedijk;Dinxterveen;0,0;0,0;0,0;0,0;0,0;0,0
OV_IJM;NL:Q:46660050;Gasthuisdijk;Dinxterveen;0,0;0,3;0,0;0,0;0,0;0,0
OV_IJM;NL:Q:46660060;Gasthuisdijk;Dinxterveen;0,7;0,0;0,0;0,0;0,0;0,0
OV_IJM;NL:Q:46660070;Perceel 44;Dinxterveen;0,0;0,1;0,0;0,0;0,0;0,0
OV_IJM;NL:Q:46660080;Perceel 44;Dinxterveen;0,2;0,0;0,0;0,0;0,0;0,0
OV_IJM;NL:Q:46660090;Urkerpad;Wanneperveen;0,0;0,1;0,0;0,0;0,0;0,0
OV_IJM;NL:Q:46660100;Urkerpad;Wanneperveen;0,0;0,0;0,0;0,0;0,0;0,0
OV_IJM;NL:Q:46660110;Perceel 80;Wanneperveen;0,0;0,2;0,0;0,0;0,0;0,0
OV_IJM;NL:Q:46660120;Perceel 80;Wanneperveen;0,1;0,0;0,0;0,0;0,0;0,0
OV_IJM;NL:Q:46660130;Wethouder Vosstraat;Wanneperveen;0,1;1,3;0,0;0,0;0,0;0,0
OV_IJM;NL:Q:46660140;Wethouder Vosstraat;Wanneperveen;1,8;0,0;0,0;0,0;0,0;0,0
OV_IJM;NL:Q:46660150;Roege Hoeve;Wanneperveen;0,0;0,1;0,0;0,0;0,0;0,0
OV_IJM;NL:Q:46660160;Roege Hoeve;Wanneperveen;0,0;0,0;0,0;0,0;0,0;0,0
OV_IJM;NL:Q:46660170;'t Haagje;Wanneperveen;0,0;0,5;0,0;0,0;0,0;0,0
OV_IJM;NL:Q:46660180;'t Haagje;Wanneperveen;0,6;0,0;0,0;0,0;0,0;0,0
OV_IJM;NL:Q:47130010;Hasselterweg;Zwolle;12,7;11,6;4,2;3,2;2,7;2,6
OV_IJM;NL:Q:47130020;Hasselterweg;Zwolle;11,9;11,8;3,7;4,1;4,6;2,4
OV_IJM;NL:Q:47130030;Zwolseweg;Zwolle;0,3;1,7;0,1;0,8;0,1;0,3
OV_IJM;NL:Q:47130040;Zwolseweg;Zwolle;1,5;0,3;0,2;0,6;0,4;0,2
OV_IJM;NL:Q:47130100;Veecaten;'s-Heerenbroek;0,1;0,0;0,0;0,0;0,0;0,0
OV_IJM;NL:Q:47130150;Veecaten;'s-Heerenbroek;0,2;0,2;0,0;0,0;0,0;0,0
OV_IJM;NL:Q:47130200;Bisschopswetering;'s-Heerenbroek;0,8;1,9;0,0;0,0;0,0;0,0
OV_IJM;NL:Q:47130250;Bisschopswetering;'s-Heerenbroek;1,7;1,0;0,0;0,0;0,0;0,0
OV_IJM;NL:Q:47130300;Schoolsteeg;'s-Heerenbroek;0,2;0,1;0,0;0,0;0,0;0,0
OV_IJM;NL:Q:47130350;Schoolsteeg;'s-Heerenbroek;0,0;0,2;0,0;0,0;0,0;0,0
OV_IJM;NL:Q:47130400;Zwolseweg 56;'s-Heerenbroek;0,0;0,0;0,0;0,0;0,0;0,0
OV_IJM;NL:Q:47132520;Blaloweg/Hasselterweg;Zwolle;23,0;8,0;3,0;1,6;1,9;0,6
OV_IJM;NL:Q:47140160;Brinkweg;Zalk;0,4;0,0;0,0;0,0;0,0;0,0
OV_IJM;NL:Q:47150010;Stationslaan;Hattem;0,0;0,0;0,0;0,0;0,0;0,0
OV_IJM;NL:Q:47150290;IJsselbrug;Hattem;0,6;0,0;0,0;0,0;0,0;0,0
OV_IJM;NL:Q:47150310;Dorpsweg;Hattem;0,0;0,0;0,0;0,0;0,0;0,0
OV_IJM;NL:Q:47150320;De Bongerd;Hattem;0,2;0,5;0,0;0,0;0,0;0,0
OV_IJM;NL:Q:47150800;Burg Bijleveldsingel;Hattem;0,0;0,5;0,0;0,0;0,0;0,0
OV_IJM;NL:Q:47150900;Vechtstraat;Hattem;0,1;0,2;0,0;0,0;0,0;0,0
OV_IJM;NL:Q:47155005;Centrum;Hattem;1,1;0,5;0,0;0,0;0,0;0,0
OV_IJM;NL:Q:47155007;Noord;Hattem;0,4;0,0;0,0;0,0;0,0;0,0
OV_IJM;NL:Q:47155010;IJsselbrug;Hattem;0,1;1,1;0,0;0,0;0,0;0,0
OV_IJM;NL:Q:47230050;Zwolseweg 56;Wilsum;0,0;0,0;0,0;0,0;0,0;0,0
OV_IJM;NL:Q:47230100;Quarles v. Uffordweg;Wilsum;0,0;0,0;0,0;0,0;0,0;0,0
OV_IJM;NL:Q:47230110;Molenbelt;Wilsum;0,1;0,0;0,0;0,0;0,0;0,0
OV_IJM;NL:Q:47230130;Dorpsweg;Wilsum;0,0;0,0;0,0;0,0;0,0;0,0
OV_IJM;NL:Q:47230150;Quarles v. Uffordweg;Wilsum;0,0;0,1;0,0;0,0;0,0;0,0
OV_IJM;NL:Q:47230160;Nieuwstad;Wilsum;0,0;0,0;0,0;0,0;0,0;0,0
OV_IJM;NL:Q:47230170;Nieuwstad;Wilsum;0,0;0,0;0,0;0,0;0,0;0,0
OV_IJM;NL:Q:47230180;Westenbergstraat;Wilsum;0,5;0,5;0,0;0,0;0,0;0,0
OV_IJM;NL:Q:47230200;Wilsumersteeg;Wilsum;0,1;0,0;0,0;0,0;0,0;0,0
OV_IJM;NL:Q:47230250;Wilsumersteeg;Wilsum;0,0;0,1;0,0;0,0;0,0;0,0
OV_IJM;NL:Q:47230300;Zwolseweg 44;IJsselmuiden;0,0;0,1;0,0;0,0;0,0;0,0
OV_IJM;NL:Q:47320060;Brinkweg;Zalk;0,0;0,1;0,0;0,0;0,0;0,0
OV_IJM;NL:Q:47320070;Koelucht;De Zande;0,0;0,0;0,0;0,0;0,0;0,0
OV_IJM;NL:Q:47320080;Zalkerdijk;De Zande;0,3;1,1;0,0;0,0;0,0;0,0
OV_IJM;NL:Q:47320090;Zalkerdijk;De Zande;1,4;0,2;0,0;0,0;0,0;0,0
OV_IJM;NL:Q:47320110;Oase;Zalk;0,5;0,5;0,0;0,0;0,0;0,0
OV_IJM;NL:Q:47320120;Oase;Zalk;0,5;0,6;0,0;0,0;0,0;0,0
OV_IJM;NL:Q:47330080;Gemeentehuis;Kampen;0,4;0,7;0,0;0,0;0,0;0,0
OV_IJM;NL:Q:47330120;Beneluxweg;Kampen;12,3;1,4;1,3;0,4;0,0;0,0
OV_IJM;NL:Q:47330130;Beneluxweg;Kampen;1,2;14,1;0,3;1,2;0,0;0,0
OV_IJM;NL:Q:47330140;Oosterlandenweg;IJsselmuiden;0,0;0,3;0,0;0,0;0,0;0,0
OV_IJM;NL:Q:47330150;IJsselbrug;Kampen;16,6;3,8;4,3;0,7;0,0;0,0
OV_IJM;NL:Q:47330160;Venedijk;Kampen;3,1;0,5;0,0;0,0;0,0;0,0
OV_IJM;NL:Q:47330170;Oosterlandenweg;IJsselmuiden;0,1;0,1;0,0;0,0;0,0;0,0
OV_IJM;NL:Q:47330200;IJsselbrug;Kampen;0,8;18,4;0,2;5,3;0,0;0,0
OV_IJM;NL:Q:47330201;IJsselbrug;Kampen;2,7;2,1;0,0;0,0;0,0;0,0
OV_IJM;NL:Q:47330210;IJsselbrug;Kampen;0,1;2,7;0,0;0,0;0,0;0,0
OV_IJM;NL:Q:47330220;Colijnlaan;Kampen;2,7;11,4;0,7;1,7;0,0;0,0
OV_IJM;NL:Q:47330230;Ommelandsingel;Kampen;0,2;12,0;0,0;1,9;0,0;0,0
OV_IJM;NL:Q:47330250;Van Heutszplein;Kampen;2,2;1,9;0,1;0,5;0,0;0,0
OV_IJM;NL:Q:47330300;Van Heutszplein;Kampen;0,8;7,1;0,3;0,9;0,0;0,0
OV_IJM;NL:Q:47331110;Drostenstraat;IJsselmuiden;0,0;0,0;0,0;0,0;0,0;0,0
OV_IJM;NL:Q:47331120;Drostenstraat;IJsselmuiden;0,0;0,3;0,0;0,0;0,0;0,0
OV_IJM;NL:Q:47331130;Markeresstraat;IJsselmuiden;0,0;0,0;0,0;0,0;0,0;0,0
OV_IJM;NL:Q:47331140;Markeresstraat;IJsselmuiden;0,0;0,1;0,0;0,0;0,0;0,0
OV_IJM;NL:Q:47331160;Slenkstraat;IJsselmuiden;0,0;0,2;0,0;0,0;0,0;0,0
OV_IJM;NL:Q:47331170;Slenkstraat;IJsselmuiden;0,1;0,0;0,0;0,0;0,0;0,0
OV_IJM;NL:Q:47331180;Burg. van Engelenweg;IJsselmuiden;1,2;1,4;0,0;0,0;0,0;0,0
OV_IJM;NL:Q:47331230;Doctor Kolfflaan;Kampen;1,8;12,8;0,2;1,2;0,0;0,0
OV_IJM;NL:Q:47331250;Amandelboom;Kampen;3,5;5,9;0,7;0,4;0,0;0,0
OV_IJM;NL:Q:47331270;Akelei;Kampen;2,2;10,8;0,3;1,2;0,0;0,0
OV_IJM;NL:Q:47331280;Akelei;Kampen;11,0;1,8;1,0;0,4;0,0;0,0
OV_IJM;NL:Q:47331310;Vijverhof;Kampen;1,9;4,7;0,0;0,0;0,0;0,0
OV_IJM;NL:Q:47331320;Vijverhof;Kampen;3,4;2,1;0,0;0,0;0,0;0,0
OV_IJM;NL:Q:47331900;Bovenhavenstraat;Kampen;2,4;2,7;0,0;0,0;0,0;0,0
OV_IJM;NL:Q:47332200;Koornmarkt;Kampen;1,9;2,1;0,0;0,0;0,0;0,0
OV_IJM;NL:Q:47332210;Koornmarkt;Kampen;0,2;1,1;0,0;0,0;0,0;0,0
OV_IJM;NL:Q:47332300;Bovenhavenstraat;Kampen;2,9;0,5;0,0;0,0;0,0;0,0
OV_IJM;NL:Q:47332310;Meenteweg;Grafhorst;2,7;1,2;0,0;0,0;0,0;0,0
OV_IJM;NL:Q:47332320;Meenteweg;Grafhorst;1,3;2,8;0,0;0,0;0,0;0,0
OV_IJM;NL:Q:47332600;Verzinkerij;IJsselmuiden;0,1;1,0;0,0;0,0;0,0;0,0
OV_IJM;NL:Q:47332700;Grafhorsterweg;IJsselmuiden;1,0;4,7;0,1;0,4;0,0;0,3
OV_IJM;NL:Q:47332750;Grafhorsterweg;IJsselmuiden;1,9;0,8;0,1;0,0;0,1;0,0
OV_IJM;NL:Q:47332800;Natuurbad Seveningen;Kampereiland;0,5;0,4;0,3;0,2;0,2;0,1
OV_IJM;NL:Q:47332850;Zwolseweg 44;IJsselmuiden;0,0;0,0;0,0;0,0;0,0;0,0
OV_IJM;NL:Q:47332950;Verzinkerij;IJsselmuiden;0,5;0,5;0,0;0,0;0,0;0,0
OV_IJM;NL:Q:47333250;Oranjesingel;Kampen;2,0;9,7;0,3;1,2;0,0;0,0
OV_IJM;NL:Q:47333300;Oostzeestraat;Kampen;7,9;2,0;0,3;0,3;0,0;0,0
OV_IJM;NL:Q:47333350;Oostzeestraat;Kampen;2,5;6,4;0,3;0,7;0,0;0,0
OV_IJM;NL:Q:47333410;Almere College;Kampen;1,7;5,0;0,0;0,0;0,0;0,0
OV_IJM;NL:Q:47333450;Almere College;Kampen;6,6;1,8;0,0;0,0;0,0;0,0
OV_IJM;NL:Q:47333500;Nijverheidsstraat;Kampen;5,1;18,5;0,0;0,0;0,0;0,0
OV_IJM;NL:Q:47333650;Hilbert v Dijkstraat;Kampen;2,3;11,6;0,2;1,3;0,0;0,0
OV_IJM;NL:Q:47333850;Beekmanstraat;Kampen;4,5;5,9;1,4;1,7;0,0;0,0
OV_IJM;NL:Q:47333950;Leeghwaterstraat;Kampen;4,0;4,5;1,7;0,8;0,0;0,0
OV_IJM;NL:Q:47334050;Sterrekroos;Kampen;2,0;11,3;0,5;2,4;0,0;0,0
OV_IJM;NL:Q:47334070;Ereprijs;Kampen;8,9;1,2;1,0;0,2;0,0;0,0
OV_IJM;NL:Q:47334150;Ereprijs;Kampen;1,7;10,5;0,5;1,9;0,0;0,0
OV_IJM;NL:Q:47334350;Andoorn;Kampen;1,8;5,8;0,5;1,7;0,0;0,0
OV_IJM;NL:Q:47334450;Tormentil;Kampen;2,2;6,1;0,2;1,0;0,0;0,0
OV_IJM;NL:Q:47334460;Tormentil;Kampen;7,1;2,2;0,7;0,3;0,0;0,0
OV_IJM;NL:Q:47334750;Isala Polikliniek;Kampen;0,6;0,3;0,0;0,0;0,0;0,0
OV_IJM;NL:Q:47334800;Isala Polikliniek;Kampen;0,1;0,4;0,0;0,0;0,0;0,0
OV_IJM;NL:Q:47335000;Station;Kampen;5,6;0,2;0,0;0,0;0,0;0,0
OV_IJM;NL:Q:47335010;Station;Kampen;18,3;119,4;2,6;11,6;0,0;0,0
OV_IJM;NL:Q:47335020;Station;Kampen;136,1;39,1;18,2;1,6;0,0;0,0
OV_IJM;NL:Q:47335030;Station;Kampen;108,0;391,4;22,3;92,4;13,4;71,4
OV_IJM;NL:Q:47335040;Station;Kampen;463,3;116,6;111,7;26,2;58,8;25,0
OV_IJM;NL:Q:47335050;Station;Kampen;56,3;46,8;0,0;0,0;0,0;0,0
OV_IJM;NL:Q:47335060;Station;Kampen;39,7;52,2;0,0;0,0;0,0;0,0
OV_IJM;NL:Q:47336000;Kalmoessingel;Kampen;9,8;6,1;0,0;0,0;0,0;0,0
OV_IJM;NL:Q:47336050;Kalmoessingel;Kampen;5,0;9,6;0,0;0,0;0,0;0,0
OV_IJM;NL:Q:47336100;GSG Pieter Zandt;Kampen;27,4;28,2;0,0;0,0;0,0;0,0
OV_IJM;NL:Q:47337010;Burg. van Engelenweg;IJsselmuiden;1,7;1,4;0,0;0,0;0,0;0,0
OV_IJM;NL:Q:47420010;Onderdijks;Kampen;0,0;0,1;0,0;0,0;0,0;0,0
OV_IJM;NL:Q:47420020;Onderdijks;Kampen;0,1;0,1;0,0;0,0;0,0;0,0
OV_IJM;NL:Q:47420100;Koelucht;De Zande;0,0;0,0;0,0;0,0;0,0;0,0
OV_IJM;NL:Q:47420150;Venedijk;Kampen;27,0;23,7;0,0;0,0;0,0;0,0
OV_IJM;NL:Q:47430050;Nijverheidsstraat;Kampen;20,6;7,6;0,0;0,0;0,0;0,0
OV_IJM;NL:Q:47430200;Roggebotsluis;Dronten;37,7;43,8;0,0;0,0;0,0;0,0
OV_IJM;NL:Q:47430250;Roggebotsluis;Dronten;42,8;0,1;0,0;0,0;0,0;0,0
OV_IJM;NL:Q:47430300;Oudebosweg;Dronten;1,8;0,0;0,0;0,0;0,0;0,0
OV_IJM;NL:Q:47530020;Ketelweg;Dronten;0,3;0,0;0,0;0,0;0,0;0,0
OV_IJM;NL:Q:47530050;Oudebosweg;Dronten;0,0;0,5;0,0;0,0;0,0;0,0
OV_IJM;NL:Q:49000050;Lelycentre;Lelystad;0,0;4,0;0,0;0,0;0,0;0,0
OV_IJM;NL:Q:49000060;Rotondebrug;Lelystad;0,0;0,0;0,0;0,0;0,0;0,0
OV_IJM;NL:Q:49000070;Rotondebrug;Lelystad;0,0;1,1;0,0;0,0;0,0;0,0
OV_IJM;NL:Q:49000101;Lelycentre;Lelystad;3,1;0,0;0,0;0,0;0,0;0,0
OV_IJM;NL:Q:49000171;Centrumbrug;Lelystad;0,0;0,0;0,0;0,0;0,0;0,0
OV_IJM;NL:Q:49005010;Station Centrum;Lelystad;8,1;5,6;0,0;0,0;0,0;0,0
OV_IJM;NL:Q:49005020;Station Centrum;Lelystad;0,0;1,1;0,0;0,0;0,0;0,0
OV_IJM;NL:Q:49005030;Station Centrum;Lelystad;0,0;0,1;0,0;0,0;0,0;0,2
OV_IJM;NL:Q:49008810;Palazzo;Lelystad;0,0;0,0;0,0;0,0;0,0;0,0
OV_IJM;NL:Q:49008820;Palazzo;Lelystad;0,0;0,0;0,0;0,0;0,0;0,0
OV_IJM;NL:Q:49210020;Natuurpark;Lelystad;0,0;0,0;0,0;0,0;0,0;0,0
OV_IJM;NL:Q:49330050;Rietweg;Dronten;0,0;0,6;0,0;0,0;0,0;0,0
OV_IJM;NL:Q:49340010;Bloemenwijk;Swifterbant;0,1;0,0;0,0;0,0;0,0;0,0
OV_IJM;NL:Q:49340020;Bloemenwijk;Swifterbant;0,0;0,1;0,0;0,0;0,0;0,0
OV_IJM;NL:Q:49340040;Industrieweg;Swifterbant;0,0;0,0;0,0;0,0;0,0;0,0
OV_IJM;NL:Q:49340080;De Lange Streek;Swifterbant;0,0;0,1;0,0;0,0;0,0;0,0
OV_IJM;NL:Q:49340090;De Lange Streek;Swifterbant;0,1;0,0;0,0;0,0;0,0;0,0
OV_IJM;NL:Q:49430120;Manege;Dronten;0,0;0,0;0,0;0,0;0,0;0,0
OV_IJM;NL:Q:49430150;Baskenstraat;Dronten;0,0;0,0;0,0;0,0;0,0;0,0
OV_IJM;NL:Q:49430250;De Boeg;Dronten;0,0;0,0;0,0;0,0;0,0;0,0
OV_IJM;NL:Q:49430260;Rietweg;Dronten;0,7;0,0;0,0;0,0;0,0;0,0
OV_IJM;NL:Q:49430300;De Boeg;Dronten;0,0;0,0;0,0;0,0;0,0;0,0
OV_IJM;NL:Q:49430393;Station;Dronten;2,3;0,0;0,0;0,0;0,0;0,0
OV_IJM;NL:Q:49430421;Station;Dronten;0,0;0,5;0,0;0,0;0,0;0,0
OV_IJM;NL:Q:49430422;Station;Dronten;0,4;0,4;0,0;0,0;0,0;0,0
OV_IJM;NL:Q:49430423;Station;Dronten;0,0;2,3;0,0;0,0;0,0;0,0
OV_IJM;NL:Q:49430425;Station;Dronten;38,3;71,5;0,0;0,0;0,0;0,0
OV_IJM;NL:Q:49430450;Het Spaarne;Dronten;0,0;0,0;0,0;0,0;0,0;0,0
OV_IJM;NL:Q:49430470;Rendierweg;Dronten;0,0;0,0;0,0;0,0;0,0;0,0
OV_IJM;NL:Q:49430490;Beiersgulden;Dronten;0,0;0,0;0,0;0,0;0,0;0,0
OV_IJM;NL:Q:49430500;Rendierweg;Dronten;0,0;0,0;0,0;0,0;0,0;0,0
OV_IJM;NL:Q:49430520;Eurosingel;Dronten;0,0;0,0;0,0;0,0;0,0;0,0
OV_IJM;NL:Q:49430590;Aeres Hogeschool;Dronten;0,2;0,0;0,0;0,0;0,0;0,0
OV_IJM;NL:Q:49430600;Aeres Hogeschool;Dronten;0,0;0,1;0,0;0,0;0,0;0,0
OV_IJM;NL:Q:49430610;Beiersgulden;Dronten;0,0;0,0;0,0;0,0;0,0;0,0
OV_IJM;NL:Q:49430620;De Morgen;Dronten;0,1;0,0;0,0;0,0;0,0;0,0
OV_IJM;NL:Q:49430630;De Morgen;Dronten;0,0;0,0;0,0;0,0;0,0;0,0
OV_IJM;NL:Q:49430640;De Barrage;Dronten;0,0;0,0;0,0;0,0;0,0;0,0
OV_IJM;NL:Q:49430650;De Barrage;Dronten;0,0;0,0;0,0;0,0;0,0;0,0
OV_IJM;NL:Q:49430760;Centrum;Dronten;0,4;0,0;0,0;0,0;0,0;0,0
OV_IJM;NL:Q:49430770;Centrum;Dronten;0,0;0,0;0,0;0,0;0,0;0,0
OV_IJM;NL:Q:49530010;Ketelweg;Dronten;0,0;0,4;0,0;0,0;0,0;0,0
OV_IJM;NL:Q:49530020;Hanzeweg 17;Dronten;0,1;0,3;0,0;0,0;0,0;0,0
OV_IJM;NL:Q:49530030;Hanzeweg 17;Dronten;0,0;0,1;0,0;0,0;0,0;0,0
OV_IJM;NL:Q:49613077;Dolfinarium;Harderwijk;0,0;0,0;0,0;0,0;0,0;0,0
OV_IJM;NL:Q:49613902;Station;Harderwijk;0,0;0,0;0,0;0,0;0,0;0,0
OV_IJM;NL:Q:49660050;Dreef;Biddinghuizen;0,0;0,0;0,0;0,0;0,0;0,0
OV_IJM;NL:Q:49790030;Langezand;Zeewolde;0,0;0,0;0,0;0,0;0,0;0,0
OV_IJM;NL:Q:60151006;Station Dukenburg;Nijmegen;0,0;0,0;0,0;0,0;0,0;0,0
OV_IJM;NL:Q:60152210;Meijhorst-Sporthal;Nijmegen;0,0;0,0;0,0;0,0;0,0;0,0
SAN;DE:Q:80000510;Markt;Elten;6,2;1,2;0,0;0,0;0,0;0,0
SAN;DE:Q:80000520;Markt;Elten;1,2;4,7;0,0;0,0;0,0;0,0
SAN;DE:Q:80000530;Neustadt;Elten;3,2;0,1;0,0;0,0;0,0;0,0
SAN;DE:Q:80000540;Neustadt;Elten;0,0;3,2;0,0;0,0;0,0;0,0
SAN;DE:Q:80000560;Hauberg;Elten;0,2;0,6;0,0;0,0;0,0;0,0
SAN;DE:Q:80000570;Feldhausener Weg;Elten;0,1;0,0;0,0;0,0;0,0;0,0
SAN;DE:Q:80000580;Feldhausener Weg;Elten;0,0;0,9;0,0;0,0;0,0;0,0
SAN;DE:Q:80000590;Hauberg;Elten;0,5;0,0;0,0;0,0;0,0;0,0
SAN;NL:Q:40000090;Station Velperpoort;Arnhem;621,6;359,9;247,9;204,0;152,1;149,1
SAN;NL:Q:40000100;Station Velperpoort;Arnhem;423,8;575,9;224,5;206,2;138,4;124,6
SAN;NL:Q:40000110;Hoflaan;Arnhem;90,4;433,4;30,0;156,9;23,8;115,1
SAN;NL:Q:40000120;Hoflaan;Arnhem;455,1;95,8;148,7;24,0;91,7;17,7
SAN;NL:Q:40000130;Raapopseweg;Arnhem;53,6;146,5;12,5;62,3;9,1;26,5
SAN;NL:Q:40000140;Raapopseweg;Arnhem;284,0;99,8;112,7;25,5;68,9;18,2
SAN;NL:Q:40000150;Huyghenslaan;Arnhem;11,0;64,5;5,3;56,8;3,6;39,7
SAN;NL:Q:40000160;Huyghenslaan;Arnhem;56,8;13,5;50,6;5,4;29,6;4,1
SAN;NL:Q:40000170;Esperantolaan;Arnhem;9,8;61,4;8,6;45,0;3,5;26,1
SAN;NL:Q:40000180;Esperantolaan;Arnhem;39,9;7,5;34,4;6,7;21,4;1,9
SAN;NL:Q:40000190;Vondellaan;Arnhem;26,4;179,2;5,6;57,3;2,4;34,8
SAN;NL:Q:40000200;Vondellaan;Arnhem;142,1;31,4;61,8;8,1;39,4;3,3
SAN;NL:Q:40000220;Bronbeek;Arnhem;37,5;7,3;32,7;5,0;22,5;2,9
SAN;NL:Q:40000310;Dedelstraat;Arnhem;0,4;17,6;0,4;10,6;0,1;4,4
SAN;NL:Q:40000320;van Speykstraat;Arnhem;21,6;0,9;7,8;0,1;4,1;0,0
SAN;NL:Q:40000330;van Speykstraat;Arnhem;1,0;11,8;0,3;5,8;0,2;3,4
SAN;NL:Q:40000340;Delta;Arnhem;0,3;19,5;0,0;0,0;0,0;0,0
SAN;NL:Q:40000350;Delta;Arnhem;15,4;0,1;0,0;0,0;0,0;0,0
SAN;NL:Q:40000360;IJsseloord 1;Arnhem;22,9;0,5;4,6;0,2;2,5;0,2
SAN;NL:Q:40000370;IJsseloord 1;Arnhem;1,1;18,8;3,1;6,7;1,6;4,0
SAN;NL:Q:40000380;Meander;Arnhem;0,3;18,3;0,0;0,0;0,0;0,0
SAN;NL:Q:40000390;Meander;Arnhem;14,1;0,1;0,0;0,0;0,0;0,0
SAN;NL:Q:40000510;Museum Arnhem;Arnhem;38,4;42,3;20,8;15,9;15,2;9,0
SAN;NL:Q:40000520;Museum Arnhem;Arnhem;37,0;63,6;13,1;32,2;9,7;20,1
SAN;NL:Q:40000530;Zwarteweg;Arnhem;25,2;114,0;11,0;59,5;7,2;40,3
SAN;NL:Q:40000540;Zwarteweg;Arnhem;98,5;23,8;59,0;8,8;38,9;5,4
SAN;NL:Q:40000550;Oranjestraat;Arnhem;28,3;154,2;17,4;86,1;11,1;59,9
SAN;NL:Q:40000560;Oranjestraat;Arnhem;157,9;25,9;84,1;16,2;50,0;9,9
SAN;NL:Q:40000570;Klingelbeekseweg;Arnhem;2,2;54,3;1,2;18,2;0,6;7,4
SAN;NL:Q:40000580;Klingelbeekseweg;Arnhem;31,7;3,7;13,9;3,1;6,7;1,6
SAN;NL:Q:40000600;Arnhems Buiten;Arnhem;152,0;15,7;42,1;7,2;29,8;5,0
SAN;NL:Q:40000650;tunnel IJsseloord;Arnhem;11,3;32,7;3,1;9,3;1,7;3,6
SAN;NL:Q:40000660;tunnel IJsseloord;Arnhem;31,3;15,8;10,4;5,2;5,2;2,8
SAN;NL:Q:40000670;Blankenweg;Arnhem;12,3;47,0;3,9;21,8;2,1;14,3
SAN;NL:Q:40000680;Blankenweg;Arnhem;31,7;12,8;13,4;3,3;11,3;2,1
SAN;NL:Q:40000690;Dr. C. Lelyweg Noord;Arnhem;22,8;30,4;6,5;14,7;3,6;9,3
SAN;NL:Q:40000700;Dr. C. Lelyweg Noord;Arnhem;10,8;23,7;7,9;7,1;5,0;3,0
SAN;NL:Q:40000970;IJsseloord 2;Arnhem;30,2;37,3;0,0;0,0;0,0;0,0
SAN;NL:Q:40001000;Middachtensingel;Arnhem;0,5;8,3;0,0;0,0;0,0;0,0
SAN;NL:Q:40001050;Sonsbeekweg;Arnhem;4,5;1,2;3,7;1,0;2,6;1,4
SAN;NL:Q:40001060;Sonsbeekweg;Arnhem;0,3;7,2;0,4;5,1;0,2;4,0
SAN;NL:Q:40001070;Burgemeestersplein;Arnhem;3,6;5,8;2,8;4,3;2,4;2,7
SAN;NL:Q:40001080;Burgemeestersplein;Arnhem;2,5;12,6;1,2;3,8;0,6;2,6
SAN;NL:Q:40001090;Burg. Weertsstraat;Arnhem;8,4;33,9;6,2;25,8;4,4;14,7
SAN;NL:Q:40001100;Burg. Weertsstraat;Arnhem;29,6;7,8;20,3;5,7;10,2;3,4
SAN;NL:Q:40001110;Izaak Evertslaan;Arnhem;2,2;22,2;1,7;19,0;1,3;9,9
SAN;NL:Q:40001120;Izaak Evertslaan;Arnhem;18,5;2,7;14,4;2,1;6,9;1,3
SAN;NL:Q:40001140;van Ruisdaelstraat;Arnhem;17,4;0,9;8,1;0,2;5,0;0,1
SAN;NL:Q:40001230;Landgoed Rosorum;Arnhem;0,1;5,6;0,0;0,0;0,0;0,0
SAN;NL:Q:40001240;Landgoed Rosorum;Arnhem;0,3;0,2;0,0;0,0;0,0;0,0
SAN;NL:Q:40001250;Schelmseweg;Arnhem;16,0;2,4;0,0;0,0;0,0;0,0
SAN;NL:Q:40001260;Amsterdamseweg/Het Dorp;Arnhem;1,6;0,1;0,0;0,0;0,0;0,0
SAN;NL:Q:40001270;Amsterdamseweg/Het Dorp;Arnhem;0,3;6,2;0,0;0,0;0,0;0,0
SAN;NL:Q:40001600;Het Venster;Arnhem;6,4;2,5;0,0;0,0;0,0;0,0
SAN;NL:Q:40001620;Beekdal Lyceum;Arnhem;14,5;12,2;0,0;0,0;0,0;0,0
SAN;NL:Q:40001630;Raapopseweg;Arnhem;37,6;121,5;12,0;57,3;8,4;55,3
SAN;NL:Q:40001670;De Drie Gasthuizen;Arnhem;10,3;152,1;3,9;66,9;2,7;42,1
SAN;NL:Q:40001680;De Drie Gasthuizen;Arnhem;136,2;11,6;57,6;4,4;36,9;3,1
SAN;NL:Q:40001690;Bernhardlaan;Arnhem;5,3;74,1;2,3;56,2;1,3;39,0
SAN;NL:Q:40001700;Bernhardlaan;Arnhem;66,2;3,3;53,0;1,2;37,3;1,2
SAN;NL:Q:40001710;Dr. Schaepmanlaan;Arnhem;24,4;197,1;12,5;91,6;6,8;62,1
SAN;NL:Q:40001720;Dr. Schaepmanlaan;Arnhem;213,3;14,5;99,0;5,0;60,5;2,7
SAN;NL:Q:40001730;Middenweg;Arnhem;8,3;75,6;2,3;53,8;0,6;36,7
SAN;NL:Q:40001740;Middenweg;Arnhem;81,0;7,5;67,2;2,0;40,6;0,6
SAN;NL:Q:40001750;Marktplein (Geitenkamp);Arnhem;10,4;132,2;9,2;99,2;1,4;64,7
SAN;NL:Q:40001760;Marktplein (Geitenkamp);Arnhem;146,0;6,5;103,8;5,0;66,9;0,8
SAN;NL:Q:40001770;Zaslaan;Arnhem;1,3;130,4;0,8;103,2;0,8;79,9
SAN;NL:Q:40001780;Zaslaan;Arnhem;107,5;1,5;81,0;0,6;59,6;0,5
SAN;NL:Q:40001790;Schuttersbergplein;Arnhem;13,1;116,7;1,9;88,2;1,4;61,1
SAN;NL:Q:40001800;Schuttersbergplein;Arnhem;107,2;13,4;85,7;0,9;57,3;0,5
SAN;NL:Q:40001810;Roerdomplaan;Arnhem;2,2;70,6;1,0;49,9;0,5;28,6
SAN;NL:Q:40001820;Roerdomplaan;Arnhem;55,0;0,4;35,1;0,3;20,1;0,2
SAN;NL:Q:40001870;Schuttersbergplein;Arnhem;4,1;5,1;1,1;2,0;0,0;0,0
SAN;NL:Q:40001880;Schuttersbergplein;Arnhem;6,0;4,2;4,4;1,4;0,0;0,0
SAN;NL:Q:40001890;Zaslaan;Arnhem;4,4;5,9;1,0;2,5;0,0;0,0
SAN;NL:Q:40001900;Zaslaan;Arnhem;10,3;4,2;6,3;1,5;0,0;0,0
SAN;NL:Q:40002050;Bothaplein;Arnhem;15,2;6,3;8,1;3,0;7,2;3,5
SAN;NL:Q:40002060;Bothaplein;Arnhem;3,8;25,5;1,2;15,5;0,8;9,4
SAN;NL:Q:40002070;Jacob Cremerstraat;Arnhem;12,5;78,9;7,6;33,7;5,6;30,5
SAN;NL:Q:40002080;Jacob Cremerstraat;Arnhem;42,6;9,7;17,2;7,9;11,8;4,6
SAN;NL:Q:40002090;Graaf Ottoplein;Arnhem;9,7;105,7;6,8;67,2;6,1;56,1
SAN;NL:Q:40002100;Graaf Ottoplein;Arnhem;105,4;11,6;60,6;7,6;40,8;5,6
SAN;NL:Q:40002110;Graaf Lodewijkstraat;Arnhem;22,0;100,7;13,2;72,5;11,2;62,5
SAN;NL:Q:40002120;Graaf Lodewijkstraat;Arnhem;105,5;21,4;73,7;12,4;50,0;10,7
SAN;NL:Q:40002130;Sint Antonielaan;Arnhem;5,9;45,0;4,9;29,6;4,8;22,2
SAN;NL:Q:40002140;Sint Antonielaan;Arnhem;44,6;11,0;27,5;7,7;18,4;6,1
SAN;NL:Q:40002150;Heselbergherweg;Arnhem;1,7;12,1;1,0;12,0;1,0;9,2
SAN;NL:Q:40002160;Heselbergherweg;Arnhem;10,5;1,7;9,4;0,9;7,2;0,8
SAN;NL:Q:40002170;Ziekenhuis Rijnstate;Arnhem;118,8;414,1;13,7;101,0;2,7;72,9
SAN;NL:Q:40002180;Ziekenhuis Rijnstate;Arnhem;420,1;104,3;95,0;9,3;76,7;2,3
SAN;NL:Q:40002550;Airborneplein;Arnhem;247,0;90,5;107,2;20,3;51,7;10,3
SAN;NL:Q:40002570;Stadstheater Arnhem;Arnhem;159,3;107,4;116,3;42,8;71,3;31,2
SAN;NL:Q:40002580;Airborneplein;Arnhem;101,6;416,1;22,3;189,1;11,4;85,0
SAN;NL:Q:40002590;De Monchyplein;Arnhem;224,4;574,2;133,6;399,4;76,4;282,4
SAN;NL:Q:40002600;De Monchyplein;Arnhem;522,6;166,8;397,1;101,3;248,8;63,2
SAN;NL:Q:40002610;Groene Weide;Arnhem;46,6;116,2;20,7;64,5;7,1;38,4
SAN;NL:Q:40002620;Groene Weide;Arnhem;127,0;56,0;74,3;30,9;43,9;13,3
SAN;NL:Q:40002630;Visserslaan;Arnhem;10,5;198,3;5,4;96,8;2,8;61,6
SAN;NL:Q:40002640;Visserslaan;Arnhem;200,2;13,4;95,5;5,9;55,4;3,0
SAN;NL:Q:40002650;Biezenlaan;Arnhem;4,7;182,0;3,1;107,5;1,8;63,2
SAN;NL:Q:40002660;Biezenlaan;Arnhem;163,7;5,4;96,8;3,9;55,9;1,9
SAN;NL:Q:40002680;Stadswaardenlaan;Arnhem;275,8;12,4;170,4;6,7;95,7;2,4
SAN;NL:Q:40002690;Stadswaardenlaan;Arnhem;16,3;217,2;10,0;135,7;3,5;82,2
SAN;NL:Q:40002770;Immerloo;Arnhem;2,5;60,9;1,0;24,3;0,6;12,6
SAN;NL:Q:40002780;Immerloo;Arnhem;57,1;2,6;18,4;1,1;10,2;0,8
SAN;NL:Q:40002800;Oude Huissenseweg;Arnhem;20,5;20,2;15,3;11,5;11,1;7,8
SAN;NL:Q:40002810;Oude Huissenseweg;Arnhem;21,4;52,2;10,8;39,6;7,7;32,6
SAN;NL:Q:40002901;Monnikensteeg;Arnhem;11,6;1,6;2,2;0,2;0,0;0,0
SAN;NL:Q:40002911;Monnikensteeg;Arnhem;2,2;6,1;0,3;2,9;0,0;0,0
SAN;NL:Q:40003000;Dedelstraat;Arnhem;26,4;0,2;14,9;0,1;6,9;0,1
SAN;NL:Q:40003030;Rozet;Arnhem;32,9;8,2;14,0;2,5;12,6;1,4
SAN;NL:Q:40003040;Rozet;Arnhem;3,1;65,0;0,6;34,7;0,3;20,1
SAN;NL:Q:40003070;Eusebiuskerk;Arnhem;24,3;18,0;17,1;4,3;9,8;1,9
SAN;NL:Q:40003080;Eusebiuskerk;Arnhem;27,6;51,2;4,1;37,1;1,6;21,3
SAN;NL:Q:40003130;Speenkruidstraat;Arnhem;11,8;26,1;5,4;18,5;2,9;12,7
SAN;NL:Q:40003140;Speenkruidstraat;Arnhem;29,8;10,3;17,2;4,7;11,3;2,5
SAN;NL:Q:40003170;Rijnhal;Arnhem;39,3;123,0;11,8;57,5;11,9;56,8
SAN;NL:Q:40003180;Rijnhal;Arnhem;117,0;39,8;56,3;16,8;56,2;14,8
SAN;NL:Q:40003200;Winkelcentrum Kronenburg;Arnhem;1340,4;480,2;685,2;294,2;350,9;114,7
SAN;NL:Q:40003570;Sonsbeek;Arnhem;4,9;24,7;1,5;4,7;0,0;0,0
SAN;NL:Q:40003580;Sonsbeek;Arnhem;14,6;7,4;0,9;2,3;0,0;0,0
SAN;NL:Q:40003650;Wielewaalstraat/Hoogte80;Arnhem;1,7;3,3;0,4;3,0;0,0;0,0
SAN;NL:Q:40003660;Wielewaalstraat/Hoogte80;Arnhem;7,1;1,8;1,3;0,5;0,0;0,0
SAN;NL:Q:40003670;Dominee Bechtlaan;Arnhem;3,2;6,1;1,0;2,2;0,0;0,0
SAN;NL:Q:40003680;Dominee Bechtlaan;Arnhem;9,4;2,9;4,1;1,2;0,0;0,0
SAN;NL:Q:40003730;Sparrenweg;Arnhem;3,0;7,6;1,5;3,4;0,0;0,0
SAN;NL:Q:40003740;Sparrenweg;Arnhem;10,3;2,9;4,1;1,1;0,0;0,0
SAN;NL:Q:40003750;Heideweg;Arnhem;5,2;3,8;1,1;1,6;0,0;0,0
SAN;NL:Q:40003760;Heideweg;Arnhem;7,2;5,6;3,7;0,3;0,0;0,0
SAN;NL:Q:40003780;Arnhemse Allee;Arnhem;1,0;1,1;0,6;0,2;0,0;0,0
SAN;NL:Q:40003810;Dennenweg;Arnhem;1,2;6,3;0,3;2,3;0,0;0,0
SAN;NL:Q:40003820;Dennenweg;Arnhem;5,9;1,4;2,5;0,4;0,0;0,0
SAN;NL:Q:40004001;Centraal Station;Arnhem;724,4;741,6;88,5;188,6;23,8;117,7
SAN;NL:Q:40004002;Centraal Station;arnhem;762,8;498,8;405,8;378,4;322,5;182,4
SAN;NL:Q:40004003;Centraal Station;Arnhem;462,1;435,5;266,9;221,3;172,9;130,3
SAN;NL:Q:40004004;Centraal Station;Arnhem;580,9;749,2;299,3;446,7;222,2;301,2
SAN;NL:Q:40004005;Centraal Station;Arnhem;687,7;439,6;384,6;205,8;355,7;234,9
SAN;NL:Q:40004006;Centraal Station;Arnhem;1596,4;1472,0;937,8;903,1;1001,9;581,2
SAN;NL:Q:40004007;Centraal Station;Arnhem;332,7;346,8;39,4;47,9;98,2;72,8
SAN;NL:Q:40004008;Centraal Station;Arnhem;454,8;427,2;259,6;217,2;191,1;175,6
SAN;NL:Q:40004009;Centraal Station;Arnhem;292,2;291,1;69,4;85,0;92,7;107,2
SAN;NL:Q:40004010;Centraal Station;Arnhem;1198,2;1216,2;633,7;586,4;475,0;281,5
SAN;NL:Q:40004015;Willemsplein;Arnhem;803,0;56,8;694,6;64,0;333,3;27,3
SAN;NL:Q:40004016;Willemsplein;Arnhem;615,0;48,9;527,2;36,7;282,7;20,7
SAN;NL:Q:40004017;Willemsplein;Arnhem;509,3;61,6;336,0;36,8;206,8;21,6
SAN;NL:Q:40004018;Willemsplein;Arnhem;466,4;11,1;301,4;6,4;195,2;7,8
SAN;NL:Q:40004019;Willemsplein;Arnhem;180,2;1094,7;177,7;937,6;73,0;479,9
SAN;NL:Q:40004020;Willemsplein;Arnhem;155,6;1510,2;192,2;1009,2;65,7;561,2
SAN;NL:Q:40004021;Velperplein;Arnhem;1847,6;286,9;1382,1;204,6;816,6;141,1
SAN;NL:Q:40004022;Velperplein;Arnhem;805,1;244,7;509,5;146,5;314,1;104,4
SAN;NL:Q:40004023;Velperplein;Arnhem;330,0;817,8;193,4;516,2;122,4;302,4
SAN;NL:Q:40004024;Velperplein;Arnhem;437,6;1930,5;334,5;1530,9;196,9;868,9
SAN;NL:Q:40004030;Rijnstraat;Arnhem;784,8;24,9;821,3;13,8;490,6;12,3
SAN;NL:Q:40004040;Rijnstraat;Arnhem;33,2;1057,7;12,6;1202,5;10,3;647,9
SAN;NL:Q:40004050;de Praets;Arnhem;5,9;13,8;14,6;30,8;4,1;7,3
SAN;NL:Q:40004060;de Praets;Arnhem;9,9;46,5;20,6;60,1;4,1;24,7
SAN;NL:Q:40004070;Zonnedauwweg;Arnhem;3,2;28,6;1,9;22,9;1,0;19,5
SAN;NL:Q:40004080;Zonnedauwweg;Arnhem;24,6;2,1;19,5;1,2;13,3;0,7
SAN;NL:Q:40004090;Wilgenlaan;Arnhem;10,4;37,2;6,8;22,2;3,8;21,4
SAN;NL:Q:40004100;Wilgenlaan;Arnhem;45,1;6,9;29,3;4,1;23,7;3,0
SAN;NL:Q:40004170;De Grote Koppel;Arnhem;50,7;119,2;20,8;67,0;12,4;49,8
SAN;NL:Q:40004175;Kronenburg;Arnhem;4,0;3,1;2,8;1,5;2,8;0,8
SAN;NL:Q:40004180;De Grote Koppel;Arnhem;127,0;69,9;63,1;28,9;48,7;17,0
SAN;NL:Q:40004230;van Berkumstraat;Arnhem;1,3;8,5;0,5;5,1;0,3;3,2
SAN;NL:Q:40004240;van Berkumstraat;Arnhem;6,5;1,5;3,1;0,7;1,9;0,4
SAN;NL:Q:40004411;Centraal Station;Arnhem;323,8;371,4;182,0;184,8;159,8;125,1
SAN;NL:Q:40004412;Centraal Station;Arnhem;1215,7;772,8;528,7;277,0;344,9;243,2
SAN;NL:Q:40004413;Centraal Station;Arnhem;823,2;1119,0;321,9;435,3;296,4;315,2
SAN;NL:Q:40004414;Centraal Station;Arnhem;1363,8;736,8;449,2;415,0;424,6;289,8
SAN;NL:Q:40004415;Centraal Station;Arnhem;813,4;1456,7;506,9;487,1;375,7;335,0
SAN;NL:Q:40004416;Centraal Station;Arnhem;480,9;505,6;370,8;276,6;166,3;165,4
SAN;NL:Q:40004590;Rietgrachtstraat;Arnhem;180,1;167,1;69,3;66,5;41,3;53,7
SAN;NL:Q:40004600;Rietgrachtstraat;Arnhem;190,1;173,2;87,7;95,7;57,6;47,3
SAN;NL:Q:40004610;Gr. van Prinstererstraat;Arnhem;84,5;395,5;41,7;127,1;27,8;106,8
SAN;NL:Q:40004620;Gr. van Prinstererstraat;Arnhem;462,5;82,0;139,3;37,8;98,7;22,0
SAN;NL:Q:40004630;Hugo de Grootstraat;Arnhem;104,0;223,9;37,8;139,0;24,8;101,5
SAN;NL:Q:40004640;Hugo de Grootstraat;Arnhem;242,0;106,9;159,4;39,2;97,9;25,9
SAN;NL:Q:40004650;Maaslaan;Arnhem;8,0;100,4;3,9;63,8;3,9;51,8
SAN;NL:Q:40004660;Maaslaan;Arnhem;87,5;9,5;59,1;3,9;43,4;2,7
SAN;NL:Q:40004680;Waalstraat;Arnhem;213,7;15,5;121,4;9,5;80,3;4,7
SAN;NL:Q:40004685;Waalstraat;Arnhem;9,0;227,7;5,5;125,6;3,2;88,7
SAN;NL:Q:40004690;MFC Presikhaven;Arnhem;3,0;11,3;0,5;6,8;0,1;5,2
SAN;NL:Q:40004700;Lange Wal;Arnhem;282,3;37,6;173,0;6,5;118,5;5,0
SAN;NL:Q:40004730;Keulse Slag;Arnhem;114,7;791,8;52,1;333,0;26,6;275,6
SAN;NL:Q:40004740;Keulse Slag;Arnhem;865,5;115,0;458,2;53,1;298,7;27,3
SAN;NL:Q:40004750;Zuilesteinlaan/HTS;Arnhem;15,3;104,9;1,3;17,6;0,9;8,1
SAN;NL:Q:40004780;Elsweide/HAN;Arnhem;413,0;210,1;39,6;20,5;18,2;10,2
SAN;NL:Q:40004810;IJssellaan/HAN;Arnhem;2,4;113,2;0,0;0,0;0,0;0,0
SAN;NL:Q:40004820;IJssellaan/HAN;Arnhem;116,5;19,1;0,0;0,0;0,0;0,0
SAN;NL:Q:40004860;MFC Presikhaven;Arnhem;11,6;5,1;3,5;1,7;0,7;0,2
SAN;NL:Q:40005130;Onder de Linden;Arnhem;3,9;18,0;0,0;0,0;0,0;0,0
SAN;NL:Q:40005150;Kazernestraat;Arnhem;7,5;15,3;0,0;0,0;0,0;0,0
SAN;NL:Q:40005170;Klarendalseweg;Arnhem;25,2;27,0;0,0;0,0;0,0;0,0
SAN;NL:Q:40005190;Kazerneplein;Arnhem;32,7;31,4;0,0;0,0;0,0;0,0
SAN;NL:Q:40005210;WKC Klarendal;Arnhem;14,5;11,8;0,0;0,0;0,0;0,0
SAN;NL:Q:40005330;Station Presikhaaf;Arnhem;34,0;160,1;1,7;5,2;2,3;8,8
SAN;NL:Q:40005340;Station Presikhaaf;Arnhem;171,4;22,7;5,3;1,8;12,1;2,8
SAN;NL:Q:40005350;Dongestraat;Arnhem;4,4;15,3;0,2;1,8;0,7;4,0
SAN;NL:Q:40005360;Dongestraat;Arnhem;10,7;3,8;1,5;0,8;1,9;0,6
SAN;NL:Q:40005370;Kinderkamp;Arnhem;1,3;66,3;0,4;23,8;0,2;23,5
SAN;NL:Q:40005380;Kinderkamp;Arnhem;107,1;4,1;30,9;1,6;21,9;0,6
SAN;NL:Q:40005390;Malsenlaan;Arnhem;0,8;65,7;0,5;50,1;0,5;36,1
SAN;NL:Q:40005410;Malsenlaan;Arnhem;71,5;1,0;56,0;0,6;30,5;0,4
SAN;NL:Q:40005430;Grote Durk;Arnhem;0,3;44,7;0,3;29,2;0,1;17,9
SAN;NL:Q:40005440;Grote Durk;Arnhem;44,2;0,2;27,5;0,2;16,4;0,3
SAN;NL:Q:40005450;Oogststraat;Arnhem;6,3;3,8;0,0;0,0;0,0;0,0
SAN;NL:Q:40005470;Agnietenstraat;Arnhem;2,6;0,9;0,0;0,0;0,0;0,0
SAN;NL:Q:40005500;Stadskantoor;Arnhem;7,6;29,7;0,8;6,2;0,4;6,4
SAN;NL:Q:40006570;Badhuisstraat;Arnhem;9,0;14,8;2,4;6,7;1,8;3,3
SAN;NL:Q:40006580;Badhuisstraat;Arnhem;14,5;10,6;6,6;2,8;2,2;1,6
SAN;NL:Q:40006590;Stadskantoor;Arnhem;33,2;6,1;6,2;1,8;4,1;1,4
SAN;NL:Q:40006650;Van Oldenbarneveldtstraat;Arnhem;4,5;26,6;0,4;4,6;0,2;1,6
SAN;NL:Q:40006660;Van Oldenbarneveldtstraat;Arnhem;25,7;6,7;3,1;0,7;1,2;0,9
SAN;NL:Q:40006670;Haven;Arnhem;4,2;23,5;1,3;7,7;0,6;2,8
SAN;NL:Q:40006680;Haven;Arnhem;18,6;3,4;2,3;0,7;1,1;0,1
SAN;NL:Q:40006690;Dr. C. Lelyweg Zuid;Arnhem;1,9;16,0;1,6;3,4;0,7;2,1
SAN;NL:Q:40006700;Dr. C. Lelyweg Zuid;Arnhem;14,5;4,2;5,8;3,0;3,1;1,0
SAN;NL:Q:40006710;Kleefse Waard;Arnhem;19,1;75,0;0,4;3,0;0,1;1,5
SAN;NL:Q:40006720;Kleefse Waard;Arnhem;88,6;15,0;1,0;0,8;0,4;0,2
SAN;NL:Q:40006731;Bruningweg;Arnhem;3,4;26,4;0,3;1,8;0,1;0,7
SAN;NL:Q:40006741;Bruningweg;Arnhem;44,9;7,3;1,3;0,5;0,5;0,0
SAN;NL:Q:40006750;P. Calandweg;Arnhem;4,8;8,2;1,3;3,1;1,2;2,0
SAN;NL:Q:40006760;P. Calandweg;Arnhem;16,9;4,3;3,4;1,0;2,0;0,8
SAN;NL:Q:40006770;Slaakweg;Arnhem;2,3;10,7;0,9;5,2;0,7;4,5
SAN;NL:Q:40006780;Slaakweg;Arnhem;9,3;5,6;5,2;2,0;2,1;1,4
SAN;NL:Q:40006790;Lange Wal;Arnhem;40,5;352,6;12,4;226,2;9,3;161,8
SAN;NL:Q:40007090;Fonteinkruidstraat;Arnhem;87,4;98,5;50,5;66,8;32,0;47,3
SAN;NL:Q:40007100;Fonteinkruidstraat;Arnhem;106,2;91,5;76,0;56,4;49,6;34,7
SAN;NL:Q:40007530;St. Laurentiuslaan;Arnhem;90,4;152,1;49,1;86,4;31,0;37,3
SAN;NL:Q:40007540;St. Laurentiuslaan;Arnhem;156,8;94,1;94,7;51,9;40,4;40,1
SAN;NL:Q:40007570;Fokke Noordhoffstraat;Arnhem;0,6;35,0;0,3;27,3;0,3;18,4
SAN;NL:Q:40007580;Fokke Noordhoffstraat;Arnhem;23,3;0,7;16,7;0,1;9,8;0,2
SAN;NL:Q:40008550;Centraal Station (Sonsbeek);Arnhem;89,8;3,9;4,2;1,1;2,6;0,5
SAN;NL:Q:40008560;Centraal Station (Sonsbeek);Arnhem;1,7;140,9;0,2;2,9;0,2;3,0
SAN;NL:Q:40008570;Burg. Weertsstraat;Arnhem;8,0;25,8;1,3;14,1;0,9;4,9
SAN;NL:Q:40008580;Burg. Weertsstraat;Arnhem;13,6;11,5;3,7;1,2;3,8;1,0
SAN;NL:Q:40008590;Brouwerijweg;Arnhem;0,8;11,2;0,2;3,6;0,1;1,2
SAN;NL:Q:40008600;Brouwerijweg;Arnhem;4,6;2,1;3,2;0,3;1,1;0,3
SAN;NL:Q:40008610;van Wageningenstraat;Arnhem;1,1;80,2;0,1;4,1;0,0;1,5
SAN;NL:Q:40008620;van Wageningenstraat;Arnhem;8,4;1,1;1,6;0,2;1,1;0,3
SAN;NL:Q:40008630;Tormentilstraat;Arnhem;0,7;7,5;0,0;3,1;0,0;3,2
SAN;NL:Q:40008640;Tormentilstraat;Arnhem;49,0;0,7;3,3;0,0;2,4;0,0
SAN;NL:Q:40008650;Gentiaanstraat;Arnhem;0,5;12,4;0,0;5,1;0,1;4,2
SAN;NL:Q:40008660;Gentiaanstraat;Arnhem;9,0;1,3;6,4;0,2;4,5;0,0
SAN;NL:Q:40008670;Callunastraat;Arnhem;0,2;21,4;0,0;4,5;0,0;2,2
SAN;NL:Q:40008680;Callunastraat;Arnhem;19,4;0,4;4,4;0,1;3,0;0,1
SAN;NL:Q:40008690;Het Dorp;Arnhem;1,2;32,0;0,6;12,7;0,5;6,4
SAN;NL:Q:40008700;Het Dorp;Arnhem;38,3;1,2;6,1;0,7;4,0;0,4
SAN;NL:Q:40008710;Gelredome;Arnhem;0,0;0,0;0,1;0,0;0,0;0,0
SAN;NL:Q:40008730;Gelredome;Arnhem;21,5;73,4;22,2;107,4;12,4;43,8
SAN;NL:Q:40008740;Gelredome;Arnhem;79,4;25,2;80,5;33,6;43,9;12,1
SAN;NL:Q:40008750;Transferium;Arnhem;1,8;53,1;1,3;74,2;0,8;34,9
SAN;NL:Q:40008760;Transferium;Arnhem;32,5;2,0;45,9;1,5;21,1;1,1
SAN;NL:Q:40008840;Brekelenkampstraat;Arnhem;53,1;16,9;5,9;1,8;4,2;1,9
SAN;NL:Q:40009550;Kamphuizenlaan;Arnhem;0,8;109,9;0,8;81,7;0,4;51,1
SAN;NL:Q:40009560;Kamphuizenlaan;Arnhem;115,0;0,4;91,2;0,3;48,3;0,2
SAN;NL:Q:40009570;Geitenkamp;Arnhem;323,7;272,0;93,0;90,4;61,3;62,3
SAN;NL:Q:40009580;CIOS;Arnhem;3,6;47,3;0,5;4,5;0,0;0,0
SAN;NL:Q:40009581;CIOS;Arnhem;54,5;53,6;3,6;0,5;0,0;0,0
SAN;NL:Q:40009590;Het Duifje;Arnhem;143,7;17,3;105,1;18,8;43,6;8,4
SAN;NL:Q:40009591;Het Duifje;Arnhem;34,9;126,5;25,6;81,7;23,4;44,0
SAN;NL:Q:40009600;Presikhaaf/Cannenburgln;Arnhem;135,0;103,0;74,6;51,7;46,8;40,3
SAN;NL:Q:40010010;Viaduct Kroonse Wal;Arnhem;37,3;81,8;18,1;47,1;12,7;39,3
SAN;NL:Q:40010020;Viaduct Kroonse Wal;Arnhem;82,9;36,2;51,0;16,8;33,2;15,3
SAN;NL:Q:40013170;Gelderse Poort;Arnhem;31,3;6,6;2,8;1,7;1,9;0,7
SAN;NL:Q:40013180;Gelderse Poort;Arnhem;6,0;30,3;1,0;2,5;0,3;1,2
SAN;NL:Q:40013190;Winkelcentrum Kronenburg;Arnhem;527,5;1357,7;345,8;642,6;139,3;320,1
SAN;NL:Q:40013205;Kronenburg;Arnhem;11,9;10,2;7,5;7,8;6,2;5,2
SAN;NL:Q:40013210;Croydonplein;Arnhem;16,8;14,4;12,1;10,4;6,0;5,4
SAN;NL:Q:40013220;Croydonplein;Arnhem;12,1;19,5;9,7;15,4;4,1;8,1
SAN;NL:Q:40013230;Eldens Viaduct;Arnhem;4,6;17,4;3,1;11,0;1,3;7,3
SAN;NL:Q:40013240;Eldens Viaduct;Arnhem;13,9;6,9;13,6;4,5;5,4;2,2
SAN;NL:Q:40013250;De Brink;Elden;3,4;22,0;1,8;19,9;1,2;8,3
SAN;NL:Q:40013260;De Brink;Elden;18,4;2,9;15,2;2,1;6,7;1,4
SAN;NL:Q:40013270;Mr. Merkxstraat;Elden;1,8;12,1;1,0;10,1;0,9;5,0
SAN;NL:Q:40013280;Mr. Merkxstraat;Elden;11,9;1,8;8,8;1,1;3,7;0,8
SAN;NL:Q:40013290;Mr.D.U.Stikkerstraat;Elden;5,2;40,6;3,7;25,9;2,8;17,2
SAN;NL:Q:40013300;Mr.D.U.Stikkerstraat;Elden;38,4;4,8;23,9;2,9;13,7;1,9
SAN;NL:Q:40013310;Randweg;Arnhem;44,6;108,8;12,8;28,4;5,4;20,0
SAN;NL:Q:40013330;Batavierenweg;Arnhem;4,4;22,6;1,5;6,1;0,9;7,3
SAN;NL:Q:40013340;Batavierenweg;Arnhem;3,2;1,7;0,2;0,2;0,0;0,0
SAN;NL:Q:40013350;Rotterdamsingel;Arnhem;0,9;11,2;0,1;1,8;0,0;0,0
SAN;NL:Q:40013360;Rotterdamsingel;Arnhem;13,1;1,4;2,7;0,0;0,0;0,0
SAN;NL:Q:40013390;Kroonse Wal;Arnhem;8,1;91,2;8,2;76,5;3,7;44,5
SAN;NL:Q:40013400;Kroonse Wal;Arnhem;104,1;15,4;89,5;15,3;48,2;7,5
SAN;NL:Q:40013410;Woudrichemstraat;Arnhem;16,8;96,1;8,8;60,9;5,9;42,4
SAN;NL:Q:40013420;Woudrichemstraat;Arnhem;101,2;13,4;69,5;8,4;40,4;4,5
SAN;NL:Q:40013450;Brabantweg;Arnhem;27,7;34,5;15,3;26,8;10,8;15,3
SAN;NL:Q:40013460;Brabantweg;Arnhem;27,1;11,2;21,2;8,3;12,5;3,5
SAN;NL:Q:40013480;Park Lingezegen;Elst;0,3;0,6;0,3;0,8;0,1;0,2
SAN;NL:Q:40013490;Park Lingezegen;Elst;0,3;0,8;0,4;0,5;0,1;0,3
SAN;NL:Q:40013500;Oude Tol;Elst;2,7;1,6;2,3;1,1;1,0;0,2
SAN;NL:Q:40013550;Hollandweg;Arnhem;1,4;35,8;1,5;28,9;1,2;16,3
SAN;NL:Q:40013560;Hollandweg;Arnhem;70,0;13,7;55,2;9,9;36,5;6,9
SAN;NL:Q:40013570;Wkc Schuytgraaf;Arnhem;6,2;19,3;3,0;12,2;1,4;6,5
SAN;NL:Q:40013575;Germanenveld;Arnhem;5,2;20,4;2,4;11,7;1,1;6,3
SAN;NL:Q:40013576;Germanenveld;Arnhem;30,1;16,2;15,5;6,8;7,4;4,3
SAN;NL:Q:40013580;Wkc Schuytgraaf;Arnhem;8,4;7,0;6,8;4,0;3,7;2,3
SAN;NL:Q:40013590;Station Arnhem Zuid;Arnhem;274,2;126,4;137,1;42,5;67,3;17,7
SAN;NL:Q:40013595;Station Arnhem Zuid;Arnhem;117,9;228,2;47,3;122,1;19,3;69,8
SAN;NL:Q:40013620;Hollandweg;Arnhem;13,7;4,1;4,9;1,9;2,0;0,9
SAN;NL:Q:40013630;Hollandweg;Arnhem;6,1;47,8;2,4;30,5;1,5;20,4
SAN;NL:Q:40014230;Rijnpoort;Arnhem;42,3;4,5;5,4;2,6;3,3;1,7
SAN;NL:Q:40014240;Rijnpoort;Arnhem;11,3;52,2;6,1;34,4;3,5;25,1
SAN;NL:Q:40014250;Veendamstraat;Arnhem;30,1;1,1;20,9;0,7;10,8;0,4
SAN;NL:Q:40014260;Veendamstraat;Arnhem;1,2;36,2;0,6;27,0;0,7;17,8
SAN;NL:Q:40014270;Winkelcentrum Vredenburg;Arnhem;52,8;3,7;41,6;2,3;25,6;1,2
SAN;NL:Q:40014280;Winkelcentrum Vredenburg;Arnhem;3,8;46,1;2,5;33,5;1,3;25,6
SAN;NL:Q:40014290;Frieslandsingel;Arnhem;36,8;0,8;21,1;0,3;14,1;0,2
SAN;NL:Q:40014291;Holthuizen;Arnhem;24,5;20,7;17,7;16,5;12,7;11,9
SAN;NL:Q:40014300;Frieslandsingel;Arnhem;1,4;3,1;1,1;1,9;0,6;1,2
SAN;NL:Q:40014320;Frieslandsingel;Arnhem;3,5;31,0;1,6;18,9;1,1;14,6
SAN;NL:Q:40014350;Ezingestraat;Arnhem;15,7;3,3;6,7;1,7;5,2;1,5
SAN;NL:Q:40014360;Ezingestraat;Arnhem;2,7;19,5;1,3;8,4;0,9;7,1
SAN;NL:Q:40014370;Aduardstraat;Arnhem;4,4;1,4;3,0;0,8;1,9;0,6
SAN;NL:Q:40014380;Aduardstraat;Arnhem;1,5;5,2;0,6;3,9;0,5;3,3
SAN;NL:Q:40014390;Slochterenweg;Arnhem;0,3;3,5;0,1;1,4;0,1;1,4
SAN;NL:Q:40014398;Slochterenweg;Arnhem;2,7;0,5;1,1;0,2;1,3;0,1
SAN;NL:Q:40017090;Hagemanswei;Arnhem;16,5;187,6;10,8;160,2;6,7;108,6
SAN;NL:Q:40017100;Hagemanswei;Arnhem;167,7;17,0;143,7;11,2;91,3;7,6
SAN;NL:Q:40017110;Bussumstraat;Arnhem;22,3;183,3;12,3;148,5;6,5;104,8
SAN;NL:Q:40017120;Bussumstraat;Arnhem;182,6;21,1;145,7;11,7;96,2;6,5
SAN;NL:Q:40017130;Winkelcentrum Elderhof;Arnhem;91,5;305,3;54,6;229,6;27,5;148,8
SAN;NL:Q:40017140;Winkelcentrum Elderhof;Arnhem;297,4;73,9;241,9;45,8;142,9;22,9
SAN;NL:Q:40017150;Hillegomweg;Arnhem;18,7;135,9;12,8;105,8;8,6;75,4
SAN;NL:Q:40017160;Hillegomweg;Arnhem;112,5;21,1;83,9;11,9;57,1;6,7
SAN;NL:Q:40018230;Kronenburgsingel;Arnhem;1,5;0,1;1,0;0,0;0,9;0,1
SAN;NL:Q:40018231;Groningensingel;Arnhem;78,3;248,2;26,6;110,8;18,2;86,6
SAN;NL:Q:40018240;Kronenburgsingel;Arnhem;0,1;2,0;0,2;2,0;0,0;1,8
SAN;NL:Q:40018241;Groningensingel;Arnhem;259,4;91,8;115,3;29,9;77,5;22,2
SAN;NL:Q:40018250;Mooieweg;Arnhem;9,8;88,7;4,2;58,7;2,5;34,9
SAN;NL:Q:40018260;Mooieweg;Arnhem;102,1;10,7;66,1;4,8;37,3;2,8
SAN;NL:Q:40018270;Overmaat;Arnhem;33,0;29,4;11,7;13,5;8,2;8,9
SAN;NL:Q:40018280;Overmaat;Arnhem;29,5;38,8;8,9;14,2;4,7;8,6
SAN;NL:Q:40018290;Randweg;Arnhem;1,4;8,4;0,7;6,5;0,2;1,8
SAN;NL:Q:40018300;Randweg;Arnhem;117,2;38,7;31,6;7,6;23,2;4,6
SAN;NL:Q:40018310;Zeelandsingel;Arnhem;3,0;25,3;2,4;17,0;0,7;7,4
SAN;NL:Q:40018320;Zeelandsingel;Arnhem;19,3;2,8;17,6;2,3;5,7;0,9
SAN;NL:Q:40018330;Terneuzenstraat;Arnhem;9,2;29,1;8,2;24,2;3,4;10,7
SAN;NL:Q:40018340;Terneuzenstraat;Arnhem;29,0;7,7;29,2;6,0;11,4;3,5
SAN;NL:Q:40018350;Echterboschstraat;Arnhem;45,3;9,6;31,9;6,4;18,0;4,3
SAN;NL:Q:40018360;Echterboschstraat;Arnhem;10,0;43,5;7,2;32,2;4,4;19,2
SAN;NL:Q:40018370;Maastrichtsingel;Arnhem;39,7;6,3;25,9;4,4;12,8;2,2
SAN;NL:Q:40018380;Maastrichtsingel;Arnhem;6,7;37,6;4,0;26,3;2,9;14,5
SAN;NL:Q:40018390;Sittardstraat;Arnhem;31,4;4,0;22,8;2,6;12,0;1,8
SAN;NL:Q:40018400;Sittardstraat;Arnhem;6,5;32,3;4,6;25,4;2,6;13,8
SAN;NL:Q:40018410;Altweertstraat;Arnhem;15,6;2,1;13,1;1,2;7,7;1,1
SAN;NL:Q:40018420;Altweertstraat;Arnhem;2,2;24,8;1,3;17,1;1,0;10,9
SAN;NL:Q:40018490;Lange Akkers/Limburgsngl;Arnhem;5,5;47,2;4,6;41,4;2,9;25,5
SAN;NL:Q:40018500;Lange Akkers/Limburgsngl;Arnhem;51,9;4,1;40,9;4,0;24,8;2,3
SAN;NL:Q:40018530;De Pas;Arnhem;13,7;6,2;15,6;5,2;5,6;2,0
SAN;NL:Q:40018540;De Pas;Arnhem;5,4;26,2;3,9;22,6;1,4;8,8
SAN;NL:Q:40018750;Poli Zuid;Arnhem;23,1;184,8;6,9;86,4;4,7;50,3
SAN;NL:Q:40018760;Poli Zuid;Arnhem;186,8;25,7;83,6;8,5;49,8;5,6
SAN;NL:Q:40018780;Rijkerswoerd;Arnhem;266,8;232,4;167,6;139,4;89,9;87,0
SAN;NL:Q:40018890;Dr. J. den Uylsingel;Arnhem;2,1;142,3;1,7;97,5;1,1;61,0
SAN;NL:Q:40018900;Dr. J. den Uylsingel;Arnhem;121,3;2,5;82,8;1,3;47,0;0,8
SAN;NL:Q:40018910;Otis Reddingplein;Arnhem;8,9;103,5;3,9;70,3;1,8;42,9
SAN;NL:Q:40018920;Otis Reddingplein;Arnhem;116,1;9,4;75,6;3,9;43,4;1,9
SAN;NL:Q:40018930;Mr. Oudsingel;Arnhem;4,3;212,1;1,8;138,6;1,3;81,7
SAN;NL:Q:40018935;Gerbrandysingel;Arnhem;1,8;132,9;1,2;83,3;0,9;52,0
SAN;NL:Q:40018940;Mr. Oudsingel;Arnhem;193,2;2,1;133,8;1,3;75,7;0,7
SAN;NL:Q:40018945;Gerbrandysingel;Arnhem;172,7;1,3;108,8;0,8;62,9;0,5
SAN;NL:Q:40019530;De Laar West/Bredasingel;Arnhem;37,5;62,4;26,5;50,7;14,7;31,4
SAN;NL:Q:40019560;De Laar West/Bredasingel;Arnhem;74,7;38,0;59,4;24,3;32,0;16,1
SAN;NL:Q:40019570;Luchtvaart;Arnhem;2,1;19,0;1,6;13,5;0,8;7,9
SAN;NL:Q:40019580;Luchtvaart;Arnhem;24,5;4,6;16,4;3,4;8,7;2,5
SAN;NL:Q:40019590;Ringdijk;Arnhem;0,8;3,5;0,2;2,6;0,1;1,3
SAN;NL:Q:40019600;Ringdijk;Arnhem;0,4;1,8;0,2;1,0;0,1;0,4
SAN;NL:Q:40019610;Centraalspoor;Arnhem;3,6;15,2;3,4;11,9;1,7;5,8
SAN;NL:Q:40019620;Centraalspoor;Arnhem;22,5;8,6;16,6;5,6;7,6;3,5
SAN;NL:Q:40019630;De Zeis;Arnhem;53,5;63,1;36,2;38,9;21,7;23,2
SAN;NL:Q:40019640;De Zeis;Arnhem;71,0;54,2;41,7;31,6;22,6;19,6
SAN;NL:Q:40019650;Koningskers;Arnhem;20,6;13,5;14,0;10,3;8,8;5,8
SAN;NL:Q:40019660;Koningskers;Arnhem;14,9;23,7;10,3;17,4;4,5;9,7
SAN;NL:Q:40019670;Pachterwaard;Arnhem;20,2;13,5;14,8;9,1;8,8;5,0
SAN;NL:Q:40019680;Pachterwaard;Arnhem;9,5;18,5;5,7;11,1;2,9;7,4
SAN;NL:Q:40019690;Metamorfosenallee;Arnhem;2,1;7,1;0,5;5,9;0,5;4,2
SAN;NL:Q:40019700;Metamorfosenallee;Arnhem;7,9;1,6;4,1;1,0;3,1;0,6
SAN;NL:Q:40019710;Herfsttooi;Arnhem;14,9;7,8;10,2;5,3;5,0;2,8
SAN;NL:Q:40019720;Herfsttooi;Arnhem;3,9;11,6;2,2;7,9;1,7;5,1
SAN;NL:Q:40070010;C. van Maasdijklaan;Schaarsbergen;8,2;0,1;0,0;0,0;0,0;0,0
SAN;NL:Q:40071130;van Ruisdaelstraat;Arnhem;1,0;19,0;0,5;9,7;0,5;4,6
SAN;NL:Q:40071150;Jacob Marislaan;Arnhem;0,8;55,2;0,3;16,4;0,2;9,6
SAN;NL:Q:40071160;Jacob Marislaan;Arnhem;50,2;0,4;14,2;0,2;8,4;0,3
SAN;NL:Q:40071170;Mesdaglaan;Arnhem;0,6;22,8;0,8;23,6;0,4;14,9
SAN;NL:Q:40071180;Mesdaglaan;Arnhem;19,1;0,3;20,0;0,3;10,3;0,1
SAN;NL:Q:40071191;Schelmseweg;Arnhem;23,1;0,3;20,3;0,2;13,1;0,2
SAN;NL:Q:40071192;Schelmseweg;Arnhem;0,7;21,2;0,6;15,5;0,3;12,2
SAN;NL:Q:40072160;Oremusplein;Arnhem;60,4;1,0;50,7;0,9;31,6;0,6
SAN;NL:Q:40072180;Beethovenlaan;Arnhem;54,7;9,8;53,0;7,9;24,2;3,3
SAN;NL:Q:40072190;Beethovenlaan;Arnhem;4,4;23,6;1,1;12,2;0,0;0,0
SAN;NL:Q:40072210;Chopinstraat;Arnhem;2,9;7,4;0,6;4,9;0,0;0,0
SAN;NL:Q:40072220;Chopinstraat;Arnhem;29,2;6,8;28,3;5,4;17,4;4,6
SAN;NL:Q:40072250;Moscowa;Arnhem;2,1;9,2;1,3;6,1;0,0;0,0
SAN;NL:Q:40072260;Moscowa;Arnhem;8,8;2,6;5,7;2,8;0,0;0,0
SAN;NL:Q:40072270;Openluchtmuseum Oost;Arnhem;3,4;31,1;1,6;18,4;0,0;0,0
SAN;NL:Q:40072280;Openluchtmuseum Oost;Arnhem;16,8;4,6;7,2;3,0;0,0;0,0
SAN;NL:Q:40072300;Openluchtmuseum West;Arnhem;94,1;42,4;122,4;72,1;100,1;68,7
SAN;NL:Q:40072310;Oremusplein;Arnhem;3,1;93,3;2,9;99,2;2,1;69,8
SAN;NL:Q:40072360;Peter van Anrooylaan;Arnhem;10,1;60,3;3,5;51,7;2,0;39,0
SAN;NL:Q:40072370;Ravelstraat;Arnhem;14,8;18,7;13,7;19,4;8,1;12,6
SAN;NL:Q:40078790;Lijnbaan;Schaarsbergen;0,3;14,2;0,3;11,8;0,1;6,8
SAN;NL:Q:40078800;Lijnbaan;Schaarsbergen;14,7;0,3;10,0;0,2;5,9;0,0
SAN;NL:Q:40078810;Warnsborn;Schaarsbergen;0,1;12,6;0,2;11,6;0,1;6,7
SAN;NL:Q:40078820;Warnsborn;Schaarsbergen;9,4;0,1;9,7;0,1;5,4;0,1
SAN;NL:Q:40078830;Menthenbergseweg;Schaarsbergen;0,1;16,2;0,3;5,4;0,0;4,4
SAN;NL:Q:40078840;Menthenbergseweg;Schaarsbergen;17,5;0,1;5,4;0,1;4,7;0,1
SAN;NL:Q:40078850;Kemperbergerweg;Schaarsbergen;0,3;8,6;0,8;4,1;0,1;3,0
SAN;NL:Q:40078860;Kemperbergerweg;Schaarsbergen;6,9;0,2;3,3;0,2;2,1;0,2
SAN;NL:Q:40078870;Casa Nova;Schaarsbergen;0,1;3,7;0,1;4,0;0,0;2,3
SAN;NL:Q:40078880;Casa Nova;Schaarsbergen;5,2;0,0;5,7;0,1;2,8;0,1
SAN;NL:Q:40078890;Dennenheide;Schaarsbergen;0,0;1,0;0,0;0,6;0,0;0,5
SAN;NL:Q:40078900;Dennenheide;Schaarsbergen;0,4;0,0;0,4;0,0;0,3;0,0
SAN;NL:Q:40078910;Pannekoekhuis;Schaarsbergen;0,1;6,5;0,1;6,5;0,1;3,8
SAN;NL:Q:40078920;Pannekoekhuis;Schaarsbergen;7,1;0,1;7,8;0,1;5,2;0,0
SAN;NL:Q:40078930;Museum 40-45;Schaarsbergen;0,5;28,3;0,5;18,0;0,4;10,4
SAN;NL:Q:40078940;Museum 40-45;Schaarsbergen;19,0;0,1;12,8;0,1;7,9;0,0
SAN;NL:Q:40078950;Koningsweg;Schaarsbergen;1,0;17,9;4,3;21,3;2,9;17,5
SAN;NL:Q:40078960;Koningsweg;Schaarsbergen;19,3;0,3;20,3;1,4;15,6;0,8
SAN;NL:Q:40078990;Kaderschool Luchtmacht;Schaarsbergen;0,0;2,1;0,0;0,0;0,0;0,0
SAN;NL:Q:40079000;Kaderschool Luchtmacht;Schaarsbergen;1,6;0,0;0,0;0,0;0,0;0,0
SAN;NL:Q:40079010;Viersprong;Schaarsbergen;0,1;3,5;0,0;0,0;0,0;0,0
SAN;NL:Q:40079020;Viersprong;Schaarsbergen;3,7;0,0;0,0;0,0;0,0;0,0
SAN;NL:Q:40079030;I.P.C.;Schaarsbergen;6,0;7,3;0,0;0,0;0,0;0,0
SAN;NL:Q:40079510;Burgers' Zoo;Arnhem;128,9;131,2;178,1;185,6;152,7;157,4
SAN;NL:Q:40079550;Alteveer;Arnhem;2,2;1,2;1,4;0,5;0,0;0,0
SAN;NL:Q:40079551;Alteveer;Arnhem;0,6;6,6;0,3;3,6;0,0;0,0
SAN;NL:Q:40100010;Kerklaan;Doorwerth;15,2;2,7;9,7;1,6;6,3;1,0
SAN;NL:Q:40100020;Wolfhezerweg;Oosterbeek;0,5;0,2;0,3;0,1;0,0;0,0
SAN;NL:Q:40100030;Wolfhezerweg;Oosterbeek;19,2;6,5;13,2;2,3;8,4;1,2
SAN;NL:Q:40100040;d'Oude Herbergh;Oosterbeek;6,3;53,7;3,2;24,4;2,1;20,5
SAN;NL:Q:40100050;d'Oude Herbergh;Oosterbeek;38,2;5,6;19,9;4,7;13,9;1,9
SAN;NL:Q:40100060;Airborne Museum;Oosterbeek;15,6;38,4;11,9;26,3;7,9;22,7
SAN;NL:Q:40100070;Airborne Museum;Oosterbeek;28,0;16,2;27,0;19,5;16,4;7,3
SAN;NL:Q:40100080;Vogelweg;Oosterbeek;35,3;6,9;25,9;4,0;12,4;2,1
SAN;NL:Q:40100100;Wolfhezerweg;Oosterbeek;4,2;15,5;3,3;10,8;1,5;6,4
SAN;NL:Q:40100150;Vogelweg;Oosterbeek;8,7;32,2;5,3;19,9;2,6;11,6
SAN;NL:Q:40100160;Station Oosterbeek;Oosterbeek;58,8;45,8;52,6;42,7;28,4;25,5
SAN;NL:Q:40100170;Station Oosterbeek;Oosterbeek;0,9;1,0;0,3;0,9;0,0;0,0
SAN;NL:Q:40100180;Station Oosterbeek;Oosterbeek;0,6;0,8;0,2;0,5;0,0;0,0
SAN;NL:Q:40100220;Julianaweg;Oosterbeek;9,9;2,9;6,8;2,4;2,6;1,3
SAN;NL:Q:40100230;Rechterenborg;Oosterbeek;3,2;0,1;2,9;0,0;0,0;0,0
SAN;NL:Q:40100240;Rechterenborg;Oosterbeek;0,1;3,6;0,0;3,9;0,0;0,0
SAN;NL:Q:40100250;Parkflat de Valkenburcht;Oosterbeek;3,1;0,2;2,2;0,2;0,0;0,0
SAN;NL:Q:40100260;Parkflat de Valkenburcht;Oosterbeek;0,1;2,8;0,2;2,2;0,0;0,0
SAN;NL:Q:40100270;Valkenburglaan;Oosterbeek;0,2;0,4;0,1;0,2;0,0;0,0
SAN;NL:Q:40100280;Valkenburglaan;Oosterbeek;0,2;0,1;0,1;0,1;0,0;0,0
SAN;NL:Q:40100290;Bilderberglaan;Oosterbeek;0,0;0,0;0,1;0,0;0,0;0,0
SAN;NL:Q:40100300;Bilderberglaan;Oosterbeek;0,0;0,0;0,1;0,0;0,0;0,0
SAN;NL:Q:40100310;Julianaweg;Oosterbeek;2,4;15,7;2,1;11,7;1,4;5,3
SAN;NL:Q:40100330;Sonnenberglaan;Oosterbeek;0,0;0,2;0,0;0,0;0,0;0,0
SAN;NL:Q:40100340;Sonnenberglaan;Oosterbeek;0,2;0,1;0,1;0,0;0,0;0,0
SAN;NL:Q:40100590;Arnhems Buiten;Arnhem;14,7;161,5;7,8;44,5;5,9;33,6
SAN;NL:Q:40100610;Mariendaal;Oosterbeek;2,6;26,0;2,1;12,2;1,6;6,4
SAN;NL:Q:40100620;Mariendaal;Oosterbeek;22,7;2,2;12,0;1,5;5,8;1,1
SAN;NL:Q:40100650;Beukenlaan;Oosterbeek;13,6;162,3;7,5;114,8;6,6;84,9
SAN;NL:Q:40100660;Beukenlaan;Oosterbeek;140,8;12,1;105,5;6,1;69,1;3,8
SAN;NL:Q:40100670;Weverstraat;Oosterbeek;20,7;163,1;19,0;150,9;9,9;78,5
SAN;NL:Q:40100680;Weverstraat;Oosterbeek;169,8;19,7;138,9;11,1;75,2;7,8
SAN;NL:Q:40100690;Gemeentehuis;Oosterbeek;54,1;134,7;30,5;100,3;12,5;55,4
SAN;NL:Q:40100700;Gemeentehuis;Oosterbeek;146,3;51,4;114,1;25,5;56,1;9,6
SAN;NL:Q:40100720;A. Weeninklaan;Oosterbeek;24,1;0,8;63,0;1,7;11,9;0,3
SAN;NL:Q:40100721;A. Weeninklaan;Oosterbeek;0,5;34,2;8,6;63,8;0,2;18,8
SAN;NL:Q:40100740;Cronjeweg;Oosterbeek;14,5;0,4;13,1;0,2;7,4;0,0
SAN;NL:Q:40100741;Cronjeweg;Oosterbeek;0,9;28,6;0,8;22,4;0,1;12,7
SAN;NL:Q:40100790;Gzc De Dennenkamp;Oosterbeek;1,1;4,1;0,3;0,6;0,0;0,0
SAN;NL:Q:40100800;Gzc De Dennenkamp;Oosterbeek;2,5;1,9;0,4;0,5;0,0;0,0
SAN;NL:Q:40100810;Tuin de Lage Oorsprong;Oosterbeek;0,0;0,5;0,0;0,5;0,0;0,0
SAN;NL:Q:40100820;Tuin de Lage Oorsprong;Oosterbeek;0,2;0,1;0,2;0,1;0,0;0,0
SAN;NL:Q:40100850;Oude Oosterbeekseweg;Heveadorp;0,3;0,7;0,1;0,2;0,0;0,0
SAN;NL:Q:40100860;Oude Oosterbeekseweg;Heveadorp;0,9;0,3;0,2;0,1;0,0;0,0
SAN;NL:Q:40100870;Westerbouwing;Oosterbeek;0,0;0,1;0,0;0,1;0,0;0,0
SAN;NL:Q:40100880;Westerbouwing;Oosterbeek;0,3;0,0;0,4;0,0;0,0;0,0
SAN;NL:Q:40105670;Van Toulon v.d. Koogweg;Oosterbeek;2,3;6,8;3,9;5,3;0,6;2,8
SAN;NL:Q:40105680;Van Toulon v.d. Koogweg;Oosterbeek;7,4;3,1;5,2;1,7;3,1;0,8
SAN;NL:Q:40105690;Oude Kerk;Oosterbeek;2,4;11,3;3,0;8,2;1,7;4,9
SAN;NL:Q:40105700;Oude Kerk;Oosterbeek;11,2;2,8;10,9;3,7;6,2;1,2
SAN;NL:Q:40105710;Kneppelhoutweg;Oosterbeek;1,6;4,5;1,0;2,5;1,2;1,5
SAN;NL:Q:40105720;Kneppelhoutweg;Oosterbeek;4,8;1,5;2,4;1,3;1,3;1,0
SAN;NL:Q:40105730;van Borsselenweg;Oosterbeek;0,2;1,3;0,2;1,7;0,2;0,7
SAN;NL:Q:40105740;van Borsselenweg;Oosterbeek;1,3;0,2;0,9;0,5;0,8;0,3
SAN;NL:Q:40105750;Drielse Veer;Oosterbeek;0,5;1,4;1,0;1,7;0,8;1,5
SAN;NL:Q:40105760;Drielse Veer;Oosterbeek;1,1;0,4;1,8;0,3;1,8;0,2
SAN;NL:Q:40105770;Dunolaan;Heveadorp;0,7;6,9;0,5;5,1;0,6;3,3
SAN;NL:Q:40105780;Dunolaan;Heveadorp;5,3;0,7;6,0;0,4;3,4;0,7
SAN;NL:Q:40105790;Beeklaan;Heveadorp;3,9;12,8;3,2;10,1;1,2;5,9
SAN;NL:Q:40105800;Beeklaan;Heveadorp;12,8;1,7;8,7;2,9;5,3;0,9
SAN;NL:Q:40105810;Wilhelmilaan;Heveadorp;2,5;7,4;2,2;5,1;1,2;2,9
SAN;NL:Q:40105820;Wilhelmilaan;Heveadorp;7,8;3,2;7,2;7,4;3,7;1,2
SAN;NL:Q:40120010;Aansluiting A12;Duiven;20,4;5,7;8,5;2,4;14,6;1,8
SAN;NL:Q:40120030;Hotel De Roskam;Rheden;3,3;2,3;1,9;1,1;1,8;0,7
SAN;NL:Q:40120050;Beekhuizenseweg;Velp;85,2;99,8;43,1;48,4;21,7;22,6
SAN;NL:Q:40120060;Beekhuizenseweg;Velp;32,4;6,9;8,4;1,4;4,2;2,2
SAN;NL:Q:40120070;A.G. Hofkeslaan;Velp;1,4;2,1;0,8;1,6;1,6;1,8
SAN;NL:Q:40120080;A.G. Hofkeslaan;Velp;2,0;1,3;1,1;0,8;1,6;0,9
SAN;NL:Q:40120090;Oosterwolde;Velp;0,9;0,7;0,9;0,4;1,1;0,6
SAN;NL:Q:40120100;Oosterwolde;Velp;0,8;0,8;0,3;0,3;0,3;0,7
SAN;NL:Q:40120110;Gasthuislaan;Velp;65,5;31,1;6,9;1,3;4,4;1,2
SAN;NL:Q:40120140;Reigerstraat;Velp;1,2;2,6;0,3;2,1;0,5;1,3
SAN;NL:Q:40120150;Gruttostraat;Velp;180,3;27,2;10,9;2,9;6,7;1,9
SAN;NL:Q:40120160;Gruttostraat;Velp;21,5;137,6;0,8;4,1;1,8;4,6
SAN;NL:Q:40120210;Bronbeek;Velp;5,7;39,2;4,7;33,1;2,6;22,6
SAN;NL:Q:40120230;Rozenhagelaan;Velp;1,9;38,7;1,6;29,8;0,6;18,3
SAN;NL:Q:40120240;Rozenhagelaan;Velp;23,6;3,8;20,4;2,3;11,8;0,7
SAN;NL:Q:40120250;Nordlaan;Velp;11,0;207,8;1,8;71,0;1,1;50,6
SAN;NL:Q:40120260;Nordlaan;Velp;201,5;12,1;74,4;1,8;42,8;1,2
SAN;NL:Q:40120270;Wilhelminastraat;Velp;11,7;237,0;7,9;214,3;2,5;139,9
SAN;NL:Q:40120280;Wilhelminastraat;Velp;232,1;11,6;204,9;9,0;115,2;3,3
SAN;NL:Q:40120290;Emmastraat;Velp;16,2;146,5;4,3;130,5;1,1;89,5
SAN;NL:Q:40120300;Emmastraat;Velp;142,7;14,9;121,0;4,4;71,3;0,4
SAN;NL:Q:40120310;Hogeweg;Velp;9,7;59,9;2,4;49,6;0,3;36,1
SAN;NL:Q:40120320;Hogeweg;Velp;49,2;5,6;41,5;2,0;29,1;0,2
SAN;NL:Q:40120330;Heemskerklaan;Velp;6,1;15,1;2,0;15,2;1,4;8,6
SAN;NL:Q:40120340;Heemskerklaan;Velp;12,7;2,0;13,2;1,3;7,2;0,1
SAN;NL:Q:40123750;Rhedens Lyceum;Rozendaal;8,4;13,9;1,0;0,6;0,0;0,0
SAN;NL:Q:40123770;Arnhemse Allee;Arnhem;1,3;0,6;0,6;0,3;0,0;0,0
SAN;NL:Q:40123790;Kerklaan;Rozendaal;0,6;5,9;0,2;3,4;0,0;0,0
SAN;NL:Q:40123800;Kerklaan;Rozendaal;4,2;0,9;2,6;0,5;0,0;0,0
SAN;NL:Q:40123810;Hertog van Gelrestraat;Rozendaal;0,2;3,2;0,1;1,1;0,0;0,0
SAN;NL:Q:40123820;Hertog van Gelrestraat;Rozendaal;3,2;0,4;1,6;0,1;0,0;0,0
SAN;NL:Q:40123830;Bergweg;Velp;1,2;4,8;0,2;3,2;0,0;0,0
SAN;NL:Q:40123840;Bergweg;Velp;3,2;1,0;1,3;0,2;0,0;0,0
SAN;NL:Q:40123910;Den Heuvel;Velp;5,8;11,0;2,1;4,1;0,0;0,0
SAN;NL:Q:40123920;Den Heuvel;Velp;10,0;6,2;4,0;2,0;0,0;0,0
SAN;NL:Q:40123930;Kerkstraat;Velp;0,2;9,5;0,0;2,1;0,0;0,0
SAN;NL:Q:40123940;Kerkstraat;Velp;7,3;0,2;2,8;0,0;0,0;0,0
SAN;NL:Q:40123950;Velperbroek;Velp;18,2;39,1;2,2;9,0;2,6;7,0
SAN;NL:Q:40123960;Velperbroek;Velp;45,2;31,5;12,0;2,4;7,7;2,6
SAN;NL:Q:40123980;Ziekenhuis;Velp;15,9;11,2;3,1;2,2;0,0;0,0
SAN;NL:Q:40123990;Ziekenhuis/Waterstraat;Velp;25,5;141,3;4,2;12,3;4,3;19,3
SAN;NL:Q:40124000;Ziekenhuis/Waterstraat;Velp;91,9;7,2;13,9;2,4;14,1;2,1
SAN;NL:Q:40124030;Haverland;Velp;4,9;22,2;1,8;9,7;2,8;15,3
SAN;NL:Q:40124040;Haverland;Velp;15,9;3,8;12,2;1,9;12,2;2,6
SAN;NL:Q:40124050;Graaf Ottostraat;Velp;8,2;50,8;2,7;8,8;3,4;13,6
SAN;NL:Q:40124060;Graaf Ottostraat;Velp;62,4;8,2;13,4;2,7;11,4;3,1
SAN;NL:Q:40124070;Graaf Gerhardstraat;Velp;13,7;118,3;1,4;5,5;2,1;9,8
SAN;NL:Q:40124080;Graaf Gerhardstraat;Velp;131,4;13,7;7,5;2,5;7,2;2,4
SAN;NL:Q:40124090;Brekelenkampstraat;Arnhem;11,4;50,4;1,6;5,4;1,8;6,8
SAN;NL:Q:40124820;Rozendaalselaan;Velp;3,6;0,6;1,6;0,1;0,0;0,0
SAN;NL:Q:40124830;Rozendaalselaan;Velp;3,3;6,0;0,3;1,7;0,0;0,0
SAN;NL:Q:40124840;Biesdelselaan;Velp;15,6;10,3;1,7;0,2;0,0;0,0
SAN;NL:Q:40124850;Biesdelselaan;Velp;6,5;18,7;0,5;2,0;0,0;0,0
SAN;NL:Q:40160030;Schelmseweg;Arnhem;2,9;10,6;0,0;0,0;0,0;0,0
SAN;NL:Q:40160070;Maasbergseweg;Arnhem;5,9;8,0;0,0;0,0;0,0;0,0
SAN;NL:Q:40160080;De Leeren Doedel;Arnhem;1,8;0,4;0,0;0,0;0,0;0,0
SAN;NL:Q:40160090;De Leeren Doedel;Arnhem;0,1;2,4;0,0;0,0;0,0;0,0
SAN;NL:Q:40160110;De Vijverberg;Arnhem;0,0;0,3;0,0;0,0;0,0;0,0
SAN;NL:Q:40160120;De Vijverberg;Arnhem;0,2;0,4;0,0;0,0;0,0;0,0
SAN;NL:Q:40160130;Klein Warnsborn;Arnhem;4,1;1,6;0,0;0,0;0,0;0,0
SAN;NL:Q:40160140;Klein Warnsborn;Arnhem;2,3;2,5;0,0;0,0;0,0;0,0
SAN;NL:Q:40160160;Sportcentrum Papendal;Arnhem;180,2;167,3;0,0;0,0;0,0;0,0
SAN;NL:Q:40160170;v.d. Valk Hotel Arnhem;Arnhem;1,0;11,6;0,0;0,0;0,0;0,0
SAN;NL:Q:40169091;Van der Valk/Papendal;Arnhem;17,0;0,4;0,0;0,0;0,0;0,0
SAN;NL:Q:40170020;C. van Maasdijklaan;Schaarsbergen;0,3;6,0;0,0;0,0;0,0;0,0
SAN;NL:Q:40170030;Hoenderloseweg;Deelen;0,9;0,0;0,0;0,0;0,0;0,0
SAN;NL:Q:40200010;Heidesteinlaan;Renkum;59,2;30,1;25,4;6,7;14,9;4,8
SAN;NL:Q:40200020;Patrimoniumweg;Heelsum;14,6;46,0;6,7;28,1;5,3;21,8
SAN;NL:Q:40200025;Patrimoniumweg;Heelsum;0,4;0,2;0,0;0,0;0,0;0,0
SAN;NL:Q:40200030;Patrimoniumweg;Heelsum;45,7;13,9;24,7;6,7;19,0;5,4
SAN;NL:Q:40200035;Patrimoniumweg;Heelsum;0,0;0,4;0,0;0,0;0,0;0,0
SAN;NL:Q:40200040;Het Beekdal;Heelsum;7,8;37,3;3,7;26,3;2,3;18,2
SAN;NL:Q:40200050;Het Beekdal;Heelsum;34,5;8,5;24,7;4,7;15,6;3,1
SAN;NL:Q:40200060;Doorwerthsestraat;Heelsum;3,1;14,7;2,1;12,0;1,4;6,6
SAN;NL:Q:40200070;Doorwerthsestraat;Heelsum;14,2;3,3;18,3;2,6;6,6;1,1
SAN;NL:Q:40200080;Kievitsdel;Heelsum;3,1;16,9;2,5;13,5;2,3;11,1
SAN;NL:Q:40200090;Kievitsdel;Doorwerth;11,7;4,2;9,8;2,6;9,2;1,8
SAN;NL:Q:40200100;Mooiland;Doorwerth;2,9;11,5;1,1;5,3;0,9;4,7
SAN;NL:Q:40200110;Mooiland;Doorwerth;9,3;3,0;3,5;0,8;3,1;0,7
SAN;NL:Q:40200120;Kasteelweg;Doorwerth;11,8;30,9;2,8;16,8;2,0;13,4
SAN;NL:Q:40200130;Kasteelweg;Doorwerth;31,7;11,1;19,8;2,8;11,6;2,5
SAN;NL:Q:40200140;Kerklaan;Doorwerth;1,6;22,3;1,2;15,1;1,1;12,9
SAN;NL:Q:40200160;Kerklaan;Doorwerth;0,0;0,0;0,0;0,4;0,0;0,0
SAN;NL:Q:40200190;Winkelcentr. De Weerd;Doorwerth;70,0;37,8;55,5;27,8;22,8;8,9
SAN;NL:Q:40200200;Winkelcentr. De Weerd;Doorwerth;41,1;61,9;28,7;51,8;9,7;18,3
SAN;NL:Q:40200220;Kievitsdel;Doorwerth;1,7;5,4;1,3;7,2;0,6;3,6
SAN;NL:Q:40200230;Kievitsdel;Doorwerth;9,9;2,2;12,1;1,7;5,7;0,9
SAN;NL:Q:40200240;Van Aldenburglaan;Doorwerth;0,2;3,6;0,8;5,0;0,3;1,8
SAN;NL:Q:40200270;Hackettweg;Heelsum;15,8;6,7;13,7;5,4;5,5;2,0
SAN;NL:Q:40200290;Dopheidelaan;Heelsum;11,4;5,7;16,7;5,0;5,3;2,2
SAN;NL:Q:40200300;Dopheidelaan;Heelsum;5,3;15,9;3,7;16,2;2,0;7,1
SAN;NL:Q:40200310;Rolandseck;Doorwerth;0,3;2,7;0,3;2,1;0,0;0,0
SAN;NL:Q:40200320;Rolandseck;Doorwerth;2,9;0,5;2,1;0,6;0,0;0,0
SAN;NL:Q:40200330;Spechtlaan;Doorwerth;1,9;1,7;1,9;0,5;0,0;0,0
SAN;NL:Q:40200340;Spechtlaan;Doorwerth;1,2;0,1;0,3;0,1;0,0;0,0
SAN;NL:Q:40200490;Heidestein;Heelsum;2,0;1,1;0,0;0,0;0,0;0,0
SAN;NL:Q:40200510;Heidestein;Heelsum;1,3;2,3;0,0;0,0;0,0;0,0
SAN;NL:Q:40205830;Van der Molenplein;Doorwerth;1,6;23,7;1,2;15,0;0,7;10,2
SAN;NL:Q:40205840;Van der Molenplein;Doorwerth;9,6;1,2;7,7;0,9;3,7;0,5
SAN;NL:Q:40205850;Berkenlaan;Doorwerth;12,3;62,4;7,5;35,2;5,1;25,0
SAN;NL:Q:40205860;Berkenlaan;Doorwerth;71,5;10,0;43,5;6,0;25,2;4,0
SAN;NL:Q:40205890;Van Aldenburglaan;Doorwerth;2,7;0,7;2,8;0,4;2,1;0,3
SAN;NL:Q:40210030;Hotel  Wolfheze;Wolfheze;0,3;0,3;0,3;0,1;0,0;0,0
SAN;NL:Q:40210040;Hotel  Wolfheze;Wolfheze;0,3;0,2;0,1;0,2;0,0;0,0
SAN;NL:Q:40210050;Balijeweg;Wolfheze;0,3;0,1;0,2;0,0;0,0;0,0
SAN;NL:Q:40210060;Balijeweg;Wolfheze;0,1;0,3;0,0;0,2;0,0;0,0
SAN;NL:Q:40210070;Station Wolfheze;Wolfheze;3,6;0,0;3,2;0,0;0,0;0,0
SAN;NL:Q:40210080;Station Wolfheze;Wolfheze;0,8;3,9;0,3;3,7;0,0;0,0
SAN;NL:Q:40210100;Het Schild;Wolfheze;6,5;5,1;3,1;2,7;0,0;0,0
SAN;NL:Q:40210180;Station/Parallelweg;Wolfheze;4,8;0,0;0,0;0,0;0,0;0,0
SAN;NL:Q:40210190;Station/Parallelweg;Wolfheze;0,3;8,7;0,0;0,0;0,0;0,0
SAN;NL:Q:40210200;Boshoeve;Wolfheze;0,1;0,1;0,0;0,0;0,0;0,0
SAN;NL:Q:40210210;Boshoeve;Wolfheze;0,1;0,1;0,0;0,0;0,0;0,0
SAN;NL:Q:40210220;De Buunderkamp;Wolfheze;0,1;1,0;0,0;0,0;0,0;0,0
SAN;NL:Q:40210230;De Buunderkamp;Wolfheze;1,0;0,4;0,0;0,0;0,0;0,0
SAN;NL:Q:40220070;Polenplein;Driel;1,2;0,3;0,0;0,0;0,0;0,0
SAN;NL:Q:40220080;Polenplein;Driel;0,5;1,2;0,0;0,0;0,0;0,0
SAN;NL:Q:40220090;Ausemsstraat;Driel;0,1;0,2;0,0;0,0;0,0;0,0
SAN;NL:Q:40220100;Ausemsstraat;Driel;0,1;0,1;0,0;0,0;0,0;0,0
SAN;NL:Q:40220110;Cremerstraat;Driel;0,3;0,0;0,0;0,0;0,0;0,0
SAN;NL:Q:40220120;Cremerstraat;Driel;1,5;0,3;0,0;0,0;0,0;0,0
SAN;NL:Q:40221020;Grote Breeken;Driel;15,7;0,4;8,4;0,2;4,7;0,2
SAN;NL:Q:40221030;Grote Breeken;Driel;0,4;15,8;0,1;9,1;0,2;4,8
SAN;NL:Q:40221190;De Meikers;Driel;4,3;55,3;3,2;25,5;1,3;16,0
SAN;NL:Q:40221200;De Meikers;Driel;58,6;3,5;28,5;3,2;16,2;1,2
SAN;NL:Q:40221210;Broeksingel;Driel;3,1;25,4;0,6;12,2;0,2;7,3
SAN;NL:Q:40221220;Broeksingel;Driel;27,9;2,6;12,9;0,5;7,5;0,2
SAN;NL:Q:40221310;Vredesteinsestraat;Driel;0,1;2,0;0,0;1,4;0,0;0,3
SAN;NL:Q:40221320;Vredesteinsestraat;Driel;2,2;0,1;0,7;0,0;0,4;0,0
SAN;NL:Q:40221330;Noordhoeksestraat;Driel;0,0;1,0;0,0;0,6;0,0;0,4
SAN;NL:Q:40221340;Noordhoeksestraat;Driel;1,1;0,0;0,8;0,0;0,4;0,0
SAN;NL:Q:40300020;Grotelaan;wageningen;0,0;0,0;0,0;0,0;0,0;0,0
SAN;NL:Q:40300040;Bokkedijk;Renkum;1,0;0,6;0,7;0,6;0,4;0,9
SAN;NL:Q:40300050;Bokkedijk;Renkum;0,5;2,9;0,7;1,9;0,2;0,7
SAN;NL:Q:40300060;Nieuweweg;Renkum;33,7;39,5;18,4;22,6;11,0;18,8
SAN;NL:Q:40300070;Nieuweweg;Renkum;47,4;33,9;29,9;18,1;14,7;11,6
SAN;NL:Q:40300080;Europalaan;Renkum;35,8;77,0;23,7;47,0;12,1;28,3
SAN;NL:Q:40300090;Europalaan;Renkum;83,3;36,7;53,4;24,4;29,0;13,1
SAN;NL:Q:40300100;Don Boscoweg;Renkum;13,3;58,6;6,1;32,9;4,7;25,7
SAN;NL:Q:40300110;Don Boscoweg;Renkum;57,2;13,1;31,4;6,5;19,8;4,8
SAN;NL:Q:40300120;Groeneweg;Renkum;7,5;32,9;4,5;17,3;3,5;17,0
SAN;NL:Q:40300130;Groeneweg;Renkum;29,4;11,8;19,7;5,0;11,8;3,5
SAN;NL:Q:40300140;Heidesteinlaan;Renkum;24,7;46,4;9,2;21,9;6,3;17,9
SAN;NL:Q:40300160;Hackettweg;Heelsum;7,3;12,6;5,8;9,4;2,3;5,1
SAN;NL:Q:40300170;Telefoonweg;Renkum;15,7;7,1;10,0;5,8;5,0;2,1
SAN;NL:Q:40300180;Telefoonweg;Renkum;5,7;14,3;4,9;8,9;1,6;3,9
SAN;NL:Q:40300190;Fluitersheuvel;Renkum;16,3;9,4;7,8;3,5;4,4;2,4
SAN;NL:Q:40300200;Fluitersheuvel;Renkum;8,1;16,8;2,8;8,6;1,7;5,9
SAN;NL:Q:40300210;Mr. van Damweg;Renkum;0,4;0,1;0,0;0,0;0,0;0,0
SAN;NL:Q:40300230;Bellevue;Renkum;21,0;11,0;15,0;6,9;6,8;2,9
SAN;NL:Q:40300240;Bellevue;Renkum;10,3;16,4;4,6;14,0;2,5;6,4
SAN;NL:Q:40300270;Doelum;Renkum;22,5;6,4;17,5;5,4;8,0;1,7
SAN;NL:Q:40300280;Doelum;Renkum;5,2;21,0;4,4;14,1;1,6;8,0
SAN;NL:Q:40300380;Maatweg;Renkum;0,1;0,4;0,0;0,0;0,0;0,0
SAN;NL:Q:40300410;IJsbaan/Kortenburg;Renkum;0,1;0,1;0,0;0,0;0,0;0,0
SAN;NL:Q:40300420;IJsbaan/Kortenburg;Renkum;0,2;0,0;0,0;0,0;0,0;0,0
SAN;NL:Q:40300450;Waterweg;Renkum;0,8;0,4;0,0;0,0;0,0;0,0
SAN;NL:Q:40300460;Waterweg;Renkum;0,1;0,4;0,0;0,0;0,0;0,0
SAN;NL:Q:40300470;Nieuwe Keijenbergseweg;Renkum;1,0;0,2;0,0;0,0;0,0;0,0
SAN;NL:Q:40300480;Nieuwe Keijenbergseweg;Renkum;0,2;0,9;0,0;0,0;0,0;0,0
SAN;NL:Q:40300490;van Riessenstraat;Renkum;0,9;0,6;0,0;0,0;0,0;0,0
SAN;NL:Q:40300500;Dorpsstraat;Renkum;0,5;1,2;0,0;0,0;0,0;0,0
SAN;NL:Q:40300510;Centrum;Renkum;0,8;0,3;0,0;0,0;0,0;0,0
SAN;NL:Q:40300520;Centrum;Renkum;0,3;1,1;0,0;0,0;0,0;0,0
SAN;NL:Q:40300530;Wilgenpas;Renkum;3,4;0,7;0,0;0,0;0,0;0,0
SAN;NL:Q:40300540;Wilgenpas;Renkum;1,0;2,6;0,0;0,0;0,0;0,0
SAN;NL:Q:40320060;Poort v. Midden Gld Gr.;Heteren;0,4;5,5;0,0;0,0;0,0;0,0
SAN;NL:Q:40320070;Poort v. Midden Gld Gr.;Heteren;8,7;22,8;0,0;0,0;0,0;0,0
SAN;NL:Q:40320130;Nachtegaalstraat;Heteren;0,1;0,0;0,0;0,0;0,0;0,0
SAN;NL:Q:40320170;Elzenpas;Heteren;18,7;25,0;7,3;14,2;3,5;7,3
SAN;NL:Q:40320210;Beemdhof;Heteren;61,9;53,1;34,2;24,0;19,0;17,8
SAN;NL:Q:40320230;Schaapsakker;Heteren;0,0;0,3;0,0;0,0;0,0;0,0
SAN;NL:Q:40320240;Schaapsakker;Heteren;18,8;4,8;8,1;1,4;4,3;0,7
SAN;NL:Q:40320320;Schoutenkamp;Heteren;0,5;0,6;0,0;0,0;0,0;0,0
SAN;NL:Q:40320330;Schoutenkamp;Heteren;0,1;3,7;0,0;0,0;0,0;0,0
SAN;NL:Q:40320360;Heetveld;Heteren;29,8;25,6;10,5;7,8;6,4;5,9
SAN;NL:Q:40320380;Onze Lieve Vrouwestraat;Heteren;17,0;17,6;4,7;5,4;2,3;4,1
SAN;NL:Q:40320390;Polderstraat;Heteren;5,1;49,8;3,1;23,8;0,4;6,3
SAN;NL:Q:40320400;Polderstraat;Heteren;59,2;0,6;30,8;0,2;7,8;0,1
SAN;NL:Q:40321330;Uilenburgsestraat;Heteren;0,1;2,3;0,1;1,4;0,0;0,8
SAN;NL:Q:40321340;Uilenburgsestraat;Heteren;0,5;0,1;0,0;0,0;0,0;0,0
SAN;NL:Q:40321350;Achterstraat/PvMG;Heteren;3,9;59,5;2,4;57,0;0,4;19,0
SAN;NL:Q:40321360;Achterstraat/PvMG;Heteren;41,5;0,2;29,2;0,0;4,1;0,1
SAN;NL:Q:40400080;Arboretumlaan;Wageningen;2,6;47,4;1,2;26,5;2,2;34,7
SAN;NL:Q:40400090;Arboretumlaan;Wageningen;48,4;5,1;27,2;1,8;18,5;2,6
SAN;NL:Q:40400100;Diedenweg;Wageningen;7,0;65,4;4,6;33,8;3,0;54,9
SAN;NL:Q:40400110;Diedenweg;Wageningen;61,9;10,3;36,1;8,0;23,6;5,2
SAN;NL:Q:40400170;Wageningse Berg;Wageningen;26,1;31,8;22,8;24,4;16,7;17,6
SAN;NL:Q:40400440;Wageningse Berg;Wageningen;24,3;26,2;17,5;22,4;11,6;21,5
SAN;NL:Q:40405012;Busstation;Wageningen;131,3;410,3;93,4;260,9;63,0;304,1
SAN;NL:Q:40405013;Busstation;Wageningen;626,5;257,4;453,3;186,8;266,2;197,4
SAN;NL:Q:40410030;Oranje Nassau's Oord;Wageningen;0,9;0,5;0,0;0,0;0,0;0,0
SAN;NL:Q:40410040;Oranje Nassau's Oord;Wageningen;0,7;1,2;0,0;0,0;0,0;0,0
SAN;NL:Q:40410050;Begraafplaats;Wageningen;0,2;0,4;0,0;0,0;0,0;0,0
SAN;NL:Q:40410060;Begraafplaats;Wageningen;0,8;0,2;0,0;0,0;0,0;0,0
SAN;NL:Q:40420018;Jansen van Doorn;Randwijk;0,0;0,0;0,0;0,1;0,0;0,0
SAN;NL:Q:40420130;Kerk;Indoornik;0,0;0,0;0,0;0,5;0,0;0,0
SAN;NL:Q:40432001;De Harmonie;Laag-Soeren;3,7;0,0;0,9;0,0;1,9;0,0
SAN;NL:Q:40432002;De Harmonie;Laag-Soeren;0,0;6,4;0,0;2,8;0,0;3,0
SAN;NL:Q:40433002;'t Veentje;Eerbeek;0,0;0,7;0,0;0,5;0,0;0,2
SAN;NL:Q:40441001;Harderwijkerweg;Loenen;0,5;0,0;0,0;0,0;0,2;0,0
SAN;NL:Q:40441003;Bergakkerweg;Loenen;0,3;0,0;0,2;0,0;0,1;0,0
SAN;NL:Q:40441004;Bergakkerweg;Loenen;0,0;0,6;0,0;0,3;0,0;0,5
SAN;NL:Q:40441005;Bruisbeek;Loenen;1,1;0,0;0,6;0,0;0,4;0,0
SAN;NL:Q:40441006;Bruisbeek;Loenen;0,0;3,2;0,0;1,5;0,0;1,1
SAN;NL:Q:40441007;Leeuwenbergweg;Loenen;0,9;0,0;0,2;0,0;0,1;0,0
SAN;NL:Q:40441008;Leeuwenbergweg;Loenen;0,0;1,6;0,0;0,7;0,0;0,7
SAN;NL:Q:40441009;Hoge Bergweg;Loenen;0,4;0,0;0,3;0,0;0,1;0,0
SAN;NL:Q:40441010;Hoge Bergweg;Loenen;0,0;1,0;0,0;0,8;0,0;0,5
SAN;NL:Q:40451009;Hagenbrug;Beekbergen;0,1;0,0;0,1;0,0;0,1;0,0
SAN;NL:Q:40451010;Hagenbrug;Beekbergen;0,0;0,1;0,0;0,1;0,0;0,0
SAN;NL:Q:40451013;De Wipselberg;Beekbergen;0,0;0,0;0,0;0,0;0,1;0,0
SAN;NL:Q:40451014;De Wipselberg;Beekbergen;0,0;0,1;0,0;0,3;0,0;0,2
SAN;NL:Q:40451015;Hulleweg;Beekbergen;0,0;0,0;0,1;0,0;0,0;0,0
SAN;NL:Q:40451016;Hulleweg;Beekbergen;0,0;0,1;0,0;0,1;0,0;0,2
SAN;NL:Q:40451017;Zonnehuis;Beekbergen;0,0;0,0;0,0;0,0;0,1;0,0
SAN;NL:Q:40451018;Zonnehuis;Beekbergen;0,0;0,1;0,0;0,1;0,0;0,1
SAN;NL:Q:40451019;Kerkweg;Beekbergen;0,2;0,0;0,1;0,0;0,1;0,0
SAN;NL:Q:40451020;Kerkweg;Beekbergen;0,0;0,3;0,0;0,3;0,0;0,2
SAN;NL:Q:40451021;Koningsweg;Beekbergen;0,1;0,0;0,0;0,0;0,0;0,0
SAN;NL:Q:40451022;Koningsweg;Beekbergen;0,0;0,1;0,0;0,2;0,0;0,2
SAN;NL:Q:40451034;Laan van Westenenk;Apeldoorn;0,0;0,2;0,0;0,0;0,0;0,0
SAN;NL:Q:40451501;Laan van Malkenschoten;Apeldoorn;0,2;0,0;0,0;0,0;0,1;0,0
SAN;NL:Q:40451502;Laan van Malkenschoten;Apeldoorn;0,0;1,7;0,0;0,1;0,0;0,1
SAN;NL:Q:40541002;Harderwijkerweg;Loenen;0,0;0,6;0,0;0,6;0,0;0,4
SAN;NL:Q:40543001;'t Veentje;Eerbeek;0,2;0,0;0,1;0,0;0,2;0,0
SAN;NL:Q:40543003;Coldenhovenseweg;Eerbeek;0,9;0,0;0,2;0,0;0,3;0,0
SAN;NL:Q:40543004;Coldenhovenseweg;Eerbeek;0,0;3,1;0,0;1,2;0,0;1,7
SAN;NL:Q:40543005;Loubergweg;Eerbeek;1,5;0,0;0,3;0,0;0,3;0,0
SAN;NL:Q:40543006;Loubergweg;Eerbeek;0,0;5,6;0,0;1,0;0,0;1,1
SAN;NL:Q:40543007;Centrum;Eerbeek;2,1;0,0;1,2;0,0;1,3;0,0
SAN;NL:Q:40543008;Centrum;Eerbeek;0,0;6,3;0,0;2,3;0,0;2,9
SAN;NL:Q:40543009;Offenbachstraat;Eerbeek;3,3;0,0;2,4;0,0;1,7;0,0
SAN;NL:Q:40543010;Offenbachstraat;Eerbeek;0,0;13,9;0,0;5,5;0,0;4,7
SAN;NL:Q:40543011;Ringlaan;Eerbeek;3,8;0,0;1,0;0,0;1,1;0,0
SAN;NL:Q:40543012;Ringlaan;Eerbeek;0,0;9,3;0,0;2,0;0,0;2,4
SAN;NL:Q:40543013;Vondellaan;Eerbeek;2,1;0,0;0,5;0,0;0,7;0,0
SAN;NL:Q:40543014;Vondellaan;Eerbeek;0,0;6,3;0,0;1,7;0,0;2,8
SAN;NL:Q:40551002;Station;Apeldoorn;0,1;4,5;0,1;2,8;0,3;2,7
SAN;NL:Q:40551020;Hoofdstraat;Apeldoorn;0,0;2,2;0,0;3,3;0,0;1,2
SAN;NL:Q:40551021;Amaliapark;Apeldoorn;0,2;0,0;0,1;0,0;0,1;0,0
SAN;NL:Q:40551022;Amaliapark;Apeldoorn;0,0;0,5;0,0;0,5;0,0;0,3
SAN;NL:Q:40551023;Zichtweg;Apeldoorn;0,1;0,0;0,2;0,0;0,1;0,0
SAN;NL:Q:40551024;Zichtweg;Apeldoorn;0,0;0,2;0,0;0,2;0,0;0,5
SAN;NL:Q:40551025;Eendrachtstraat;Apeldoorn;0,1;0,0;0,2;0,0;0,1;0,0
SAN;NL:Q:40551026;Eendrachtstraat;Apeldoorn;0,0;0,2;0,0;0,1;0,0;0,1
SAN;NL:Q:40551027;Aluminiumweg;Apeldoorn;0,4;0,0;0,1;0,0;0,2;0,0
SAN;NL:Q:40551028;Aluminiumweg;Apeldoorn;0,0;0,4;0,0;0,1;0,0;0,2
SAN;NL:Q:40551029;Sebastiaanplein;Apeldoorn;0,3;0,0;0,1;0,0;0,1;0,0
SAN;NL:Q:40551030;Sebastiaanplein;Apeldoorn;0,0;0,2;0,0;0,0;0,0;0,1
SAN;NL:Q:40551031;Chopinlaan;Apeldoorn;0,3;0,0;0,1;0,0;0,0;0,0
SAN;NL:Q:40551032;Chopinlaan;Apeldoorn;0,0;0,6;0,0;0,2;0,0;0,2
SAN;NL:Q:40551033;Laan van Westenenk;Apeldoorn;0,0;0,0;0,0;0,0;0,1;0,0
SAN;NL:Q:40551084;Station;Apeldoorn;2,8;0,7;3,0;0,1;3,3;0,7
SAN;NL:Q:40551110;Hoofdstraat;Apeldoorn;1,0;0,0;2,5;0,0;0,9;0,0
SAN;NL:Q:41110030;Grevenveld;Huissen;28,5;119,1;14,5;94,1;8,5;56,5
SAN;NL:Q:41110040;Grevenveld;Huissen;108,0;20,8;89,1;11,9;51,3;7,0
SAN;NL:Q:41110050;Nielant;Huissen;80,5;190,7;33,5;128,9;21,6;75,2
SAN;NL:Q:41110060;Nielant;Huissen;187,9;71,7;128,9;34,0;74,0;20,0
SAN;NL:Q:41110070;Heirweg;Huissen;28,5;82,0;12,5;57,5;7,8;39,4
SAN;NL:Q:41110080;Heirweg;Huissen;69,1;22,9;49,9;10,7;28,8;7,3
SAN;NL:Q:41110090;Bredestraat;Huissen;39,1;102,3;22,0;74,6;13,4;49,0
SAN;NL:Q:41110100;Bredestraat;Huissen;120,6;38,5;85,1;20,1;54,4;14,1
SAN;NL:Q:41110110;Langekerkstraat;Huissen;51,5;91,8;35,1;78,2;18,7;44,7
SAN;NL:Q:41110120;Langekerkstraat;Huissen;80,7;43,8;71,5;26,9;42,4;14,3
SAN;NL:Q:41110150;Stadswal;Huissen;66,5;72,3;26,2;46,9;19,7;27,6
SAN;NL:Q:41110160;Stadswal;Huissen;79,9;69,8;52,0;29,8;28,7;19,6
SAN;NL:Q:41110170;Binnenveld;Huissen;2,9;11,8;1,6;7,5;0,9;3,3
SAN;NL:Q:41110180;Binnenveld;Huissen;10,9;7,4;6,4;1,6;4,3;1,4
SAN;NL:Q:41110210;Valom;Huissen;7,5;29,8;3,6;17,5;2,2;9,1
SAN;NL:Q:41110220;Valom;Huissen;12,8;5,7;8,1;2,4;4,8;1,6
SAN;NL:Q:41110230;Florapark;Huissen;35,3;26,8;14,0;20,1;8,0;10,9
SAN;NL:Q:41110240;Florapark;Huissen;36,6;37,6;28,8;14,6;14,8;6,8
SAN;NL:Q:41110250;Nieuwediep;Huissen;8,6;12,7;3,8;5,8;2,9;3,0
SAN;NL:Q:41110260;Nieuwediep;Huissen;13,9;9,7;6,4;4,8;3,4;3,2
SAN;NL:Q:41110300;Agropark;Huissen;37,5;39,1;10,2;11,0;5,0;5,8
SAN;NL:Q:41110310;Bergerden;Huissen;10,6;11,0;0,0;0,0;0,0;0,0
SAN;NL:Q:41110330;Polseweg;Huissen;0,0;2,3;0,1;0,9;0,0;0,7
SAN;NL:Q:41110340;Polseweg;Huissen;1,7;1,1;0,9;0,2;0,4;0,3
SAN;NL:Q:41110360;Geldersch Oord;Angeren;2,4;0,5;1,1;0,2;0,9;0,2
SAN;NL:Q:41110370;Hedera;Huissen;0,6;4,3;0,0;0,0;0,0;0,0
SAN;NL:Q:41110380;Hedera;Huissen;4,3;0,0;0,0;0,0;0,0;0,0
SAN;NL:Q:41110390;Mea Vota;Huissen;48,5;53,7;23,9;48,8;13,3;26,5
SAN;NL:Q:41110400;Mea Vota;Huissen;58,6;40,2;49,6;18,7;24,4;10,2
SAN;NL:Q:41150010;Dorpstraat/Hamersetraat;Westervoort;0,6;0,5;0,0;0,0;0,0;0,0
SAN;NL:Q:41150050;Het Ambacht;Westervoort;2,2;1,5;1,2;0,7;0,5;0,2
SAN;NL:Q:41150070;Leigraaf;Westervoort;23,0;3,5;15,2;2,0;8,5;0,7
SAN;NL:Q:41150080;Leigraaf;Westervoort;3,8;14,4;2,1;11,1;0,5;6,8
SAN;NL:Q:41150110;Sonnedach;Westervoort;74,6;7,2;67,6;4,2;37,8;2,5
SAN;NL:Q:41150120;Sonnedach;Westervoort;9,0;83,7;5,6;69,8;2,8;45,3
SAN;NL:Q:41150130;Sporthal de Pals;Westervoort;13,0;3,8;16,7;2,7;8,3;0,5
SAN;NL:Q:41150140;Sporthal de Pals;Westervoort;3,2;17,5;2,1;19,4;0,9;10,8
SAN;NL:Q:41150150;Vredenburg;Westervoort;21,1;4,1;19,4;2,2;12,8;0,9
SAN;NL:Q:41150160;Vredenburg;Westervoort;3,6;22,6;1,3;21,8;0,5;13,6
SAN;NL:Q:41151010;Lange Maat;Westervoort;10,7;1,8;7,1;1,0;4,0;0,3
SAN;NL:Q:41151020;Lange Maat;Westervoort;1,7;12,8;0,7;9,9;0,2;4,3
SAN;NL:Q:41151030;Ganzenpoel;Westervoort;83,2;9,0;64,7;4,2;34,9;2,3
SAN;NL:Q:41151040;Ganzenpoel;Westervoort;9,8;69,2;5,3;53,3;3,4;30,8
SAN;NL:Q:41151050;Nieuwhof;Westervoort;57,0;4,8;43,6;2,6;24,9;1,9
SAN;NL:Q:41151060;Nieuwhof;Westervoort;5,7;65,4;2,9;49,3;2,1;28,8
SAN;NL:Q:41151070;Santacker;Westervoort;61,3;3,2;46,2;2,4;28,8;1,2
SAN;NL:Q:41151080;Santacker;Westervoort;4,6;60,9;3,2;48,6;1,5;29,6
SAN;NL:Q:41151090;Emmerik;Westervoort;43,0;3,1;31,8;1,8;18,6;0,7
SAN;NL:Q:41151100;Emmerik;Westervoort;2,8;42,5;1,4;32,7;0,8;22,2
SAN;NL:Q:41151210;Station Westervoort;Westervoort;47,5;119,4;31,5;104,5;14,0;43,5
SAN;NL:Q:41151220;Station Westervoort;Westervoort;217,5;147,6;87,3;27,6;36,6;8,2
SAN;NL:Q:41152090;Heilweg;Westervoort;22,8;3,1;13,5;1,3;5,7;0,8
SAN;NL:Q:41200010;Oude Tol;Elst;0,6;4,7;0,6;3,4;0,3;1,5
SAN;NL:Q:41200040;Platinaweg;Elst;1,6;9,9;0,0;0,0;0,0;0,0
SAN;NL:Q:41200050;Platinaweg;Elst;9,0;2,1;0,0;0,0;0,0;0,0
SAN;NL:Q:41200070;Grote Molenstraat;Elst;3,3;13,4;1,8;7,6;0,8;4,4
SAN;NL:Q:41200080;Grote Molenstraat;Elst;11,9;3,0;6,2;2,2;2,9;0,8
SAN;NL:Q:41200090;Brahmsstraat;Elst;8,9;13,2;5,5;8,7;2,7;4,9
SAN;NL:Q:41200100;Brahmsstraat;Elst;13,1;7,4;9,7;6,1;3,9;1,9
SAN;NL:Q:41200110;W. de Zwijgerstraat;Elst;7,6;12,5;3,7;8,1;2,8;3,9
SAN;NL:Q:41200120;W. de Zwijgerstraat;Elst;13,2;6,5;8,2;3,0;4,3;2,3
SAN;NL:Q:41200130;Prinsenhof;Elst;21,7;35,4;13,3;22,5;6,2;12,8
SAN;NL:Q:41200140;Prinsenhof;Elst;36,7;16,7;23,5;10,8;14,2;4,8
SAN;NL:Q:41200150;Kerkeakkers;Elst;22,5;32,7;12,5;22,7;6,6;11,8
SAN;NL:Q:41200160;Kerkeakkers;Elst;34,0;20,0;23,0;12,2;11,5;5,8
SAN;NL:Q:41200170;Zwartenhof;Elst;4,8;2,7;2,4;1,4;1,2;0,6
SAN;NL:Q:41200180;Zwartenhof;Elst;2,5;4,2;1,3;3,3;0,9;1,3
SAN;NL:Q:41200190;Lange Dreef/Willemsstr.;Elst;18,0;17,5;7,4;3,8;3,7;1,7
SAN;NL:Q:41200200;Lange Dreef/Willemsstr.;Elst;13,1;13,7;2,8;7,7;1,1;2,9
SAN;NL:Q:41200210;de Griend;Elst;33,0;19,2;19,1;12,1;16,1;10,1
SAN;NL:Q:41200220;de Griend;Elst;18,3;38,5;10,6;21,7;7,2;17,4
SAN;NL:Q:41200230;Sportpark de Pas;Elst;0,6;0,2;0,6;0,4;0,3;0,0
SAN;NL:Q:41200240;Sportpark de Pas;Elst;0,2;3,2;0,3;2,4;0,1;0,7
SAN;NL:Q:41200250;de Vork;Elst;0,8;0,1;0,2;0,1;0,2;0,0
SAN;NL:Q:41200260;de Vork;Elst;0,1;0,7;0,0;0,3;0,0;0,2
SAN;NL:Q:41200270;Sint Maartenstraat;Elst;3,4;0,1;0,0;0,0;0,0;0,0
SAN;NL:Q:41200280;Sint Maartenstraat;Elst;0,1;3,3;0,0;0,0;0,0;0,0
SAN;NL:Q:41200290;Europaplein;Elst;1,8;1,7;0,0;0,0;0,0;0,0
SAN;NL:Q:41200310;Kleipeer;Elst;11,2;2,5;0,0;0,0;0,0;0,0
SAN;NL:Q:41200320;Kleipeer;Elst;2,8;8,1;0,0;0,0;0,0;0,0
SAN;NL:Q:41200330;Vergert;Elst;3,9;2,7;0,0;0,0;0,0;0,0
SAN;NL:Q:41200340;Vergert;Elst;2,9;4,3;0,0;0,0;0,0;0,0
SAN;NL:Q:41200350;Dorpsstraat;Elst;20,8;34,7;12,0;15,1;12,0;13,0
SAN;NL:Q:41200360;Dorpsstraat;Elst;26,6;25,2;12,9;13,9;10,6;12,7
SAN;NL:Q:41200370;Bemmelseweg;Elst;16,5;1,4;0,0;0,0;0,0;0,0
SAN;NL:Q:41200380;Bemmelseweg;Elst;0,9;20,5;0,0;0,0;0,0;0,0
SAN;NL:Q:41200510;Griegstraat;Elst;2,8;11,6;1,6;8,3;0,6;2,9
SAN;NL:Q:41200520;Griegstraat;Elst;8,3;2,8;4,8;1,6;1,5;0,8
SAN;NL:Q:41200530;De Wuurde;Elst;35,9;28,1;24,0;18,8;12,6;10,5
SAN;NL:Q:41200540;De Wuurde;Elst;29,0;29,9;18,6;22,0;9,5;10,0
SAN;NL:Q:41200600;Sneeuwjacht;Elst;10,8;28,0;5,4;17,0;3,9;10,2
SAN;NL:Q:41200610;Sneeuwjacht;Elst;23,9;8,2;14,8;5,2;8,1;3,0
SAN;NL:Q:41200620;Morgenster;Elst;23,8;46,8;11,5;19,9;9,7;13,3
SAN;NL:Q:41200630;Morgenster;Elst;51,9;22,7;22,9;12,5;13,0;11,5
SAN;NL:Q:41200680;Mozartstraat;Elst;0,0;0,0;0,0;0,0;0,0;0,0
SAN;NL:Q:41200690;Mozartstraat;Elst;0,0;0,0;0,0;0,9;0,0;0,0
SAN;NL:Q:41200720;Station Elst;Elst;121,0;129,1;19,1;23,2;15,9;13,5
SAN;NL:Q:41200730;Station Elst;Elst;127,5;124,0;22,3;19,9;16,4;14,6
SAN;NL:Q:41210010;Agropark;Huissen;37,6;44,6;11,7;11,3;7,0;5,8
SAN;NL:Q:41210070;Oostervelden;Bemmel;7,2;8,1;2,0;1,0;1,1;0,8
SAN;NL:Q:41210080;Oostervelden;Bemmel;1,5;2,3;0,5;2,9;0,9;1,4
SAN;NL:Q:41210090;Klappenburgstraat;Bemmel;10,5;2,9;5,1;0,7;2,4;0,4
SAN;NL:Q:41210100;Klappenburgstraat;Bemmel;1,1;7,9;0,7;7,5;0,3;2,9
SAN;NL:Q:41210110;Sportlaan;Bemmel;19,6;7,0;12,7;1,6;5,8;1,1
SAN;NL:Q:41210120;Sportlaan;Bemmel;4,4;16,7;1,7;13,9;1,1;5,7
SAN;NL:Q:41210130;Gemeentehuis;Bemmel;12,9;14,8;9,6;4,5;3,7;1,9
SAN;NL:Q:41210140;Gemeentehuis;Bemmel;11,8;11,3;3,9;11,4;1,9;5,3
SAN;NL:Q:41210150;Molenwei;Bemmel;5,1;1,2;2,9;0,6;1,4;0,2
SAN;NL:Q:41210160;Molenwei;Bemmel;1,4;5,3;0,5;3,4;0,4;2,6
SAN;NL:Q:41210170;Vossenhol;Bemmel;3,2;1,7;4,0;1,4;2,2;0,7
SAN;NL:Q:41210180;Vossenhol;Bemmel;1,2;4,3;0,9;5,5;0,6;2,8
SAN;NL:Q:41210200;de Pas;Bemmel;0,1;0,8;0,1;0,7;0,1;0,4
SAN;NL:Q:41210210;De Rosmolen;Bemmel;0,2;5,5;0,0;0,0;0,0;0,0
SAN;NL:Q:41210220;De Rosmolen;Bemmel;5,9;0,3;0,0;0,0;0,0;0,0
SAN;NL:Q:41210230;Loostraat;Bemmel;98,9;60,4;63,0;35,6;36,7;21,2
SAN;NL:Q:41210240;Loostraat;Bemmel;64,2;101,1;35,9;59,3;21,9;38,0
SAN;NL:Q:41210270;Dorpsstraat;Bemmel;61,4;53,3;30,8;32,7;19,0;21,7
SAN;NL:Q:41210290;Dorpsstraat;Bemmel;64,3;68,1;33,5;29,3;22,0;18,2
SAN;NL:Q:41210490;De Essenpas;Haalderen;1,3;5,5;1,2;1,8;0,5;0,4
SAN;NL:Q:41210510;Papenstraat;Bemmel;124,8;108,4;46,8;52,4;28,2;27,3
SAN;NL:Q:41210520;Papenstraat;Bemmel;112,0;126,6;51,2;44,3;26,9;30,3
SAN;NL:Q:41210650;Klein Rome;Bemmel;61,8;21,2;35,3;15,0;22,1;9,2
SAN;NL:Q:41210660;Klein Rome;Bemmel;20,8;61,6;14,4;37,1;8,8;21,4
SAN;NL:Q:41210680;Kerkenhofstraat;Ressen;3,3;9,0;2,0;4,5;1,0;2,4
SAN;NL:Q:41210690;Parksingel;Bemmel;65,7;20,8;34,6;15,8;22,1;9,1
SAN;NL:Q:41210700;Parksingel;Bemmel;21,1;68,2;16,2;34,2;9,3;21,4
SAN;NL:Q:41220010;Avegoor;Ellecom;2,2;1,8;1,7;1,7;2,7;1,6
SAN;NL:Q:41220030;Oprijlaan Middachten;De Steeg;0,6;0,5;0,2;0,4;0,4;0,7
SAN;NL:Q:41220040;Oprijlaan Middachten;De Steeg;0,3;0,3;0,2;0,2;0,3;0,4
SAN;NL:Q:41220050;Smidsallee;De Steeg;0,8;0,9;0,5;0,4;0,7;0,5
SAN;NL:Q:41220060;Smidsallee;De Steeg;0,9;0,8;0,6;0,3;0,4;0,3
SAN;NL:Q:41220070;Brantsenpark;De Steeg;11,3;7,3;6,8;2,8;6,7;2,6
SAN;NL:Q:41220080;Brantsenpark;De Steeg;7,7;11,2;2,3;5,6;2,3;6,0
SAN;NL:Q:41220090;Viaduct;De Steeg;0,7;0,5;0,7;0,1;0,4;0,2
SAN;NL:Q:41220100;Viaduct;De Steeg;0,4;0,7;0,0;0,5;0,2;0,4
SAN;NL:Q:41220110;Rozenbos;Rheden;1,2;0,4;0,8;0,7;0,7;0,3
SAN;NL:Q:41220120;Rozenbos;Rheden;0,3;2,0;0,3;0,8;0,5;0,7
SAN;NL:Q:41220130;Pinkelseweg;Rheden;0,5;0,5;0,2;0,3;0,4;0,3
SAN;NL:Q:41220140;Pinkelseweg;Rheden;0,3;0,3;0,1;0,3;0,1;0,2
SAN;NL:Q:41220150;Groenestraat;Rheden;10,8;9,1;9,2;3,8;9,5;4,6
SAN;NL:Q:41220160;Groenestraat;Rheden;6,8;8,6;3,3;9,1;4,0;6,9
SAN;NL:Q:41220170;Holtbankseweg;Rheden;2,8;1,4;1,7;0,5;1,7;0,6
SAN;NL:Q:41220180;Holtbankseweg;Rheden;1,3;4,3;0,3;3,1;0,5;2,9
SAN;NL:Q:41220190;Rhederhof;Rheden;6,1;3,9;6,0;1,6;6,9;1,1
SAN;NL:Q:41220200;Rhederhof;Rheden;2,2;6,6;1,9;6,9;1,0;7,2
SAN;NL:Q:41220220;Hotel De Roskam;Rheden;1,6;4,2;0,6;2,1;0,8;2,1
SAN;NL:Q:41220550;NH Kerk;Rheden;6,9;2,8;0,0;0,0;0,0;0,0
SAN;NL:Q:41220560;NH Kerk;Rheden;3,4;7,0;0,0;0,0;0,0;0,0
SAN;NL:Q:41220570;Oranjeweg;Rheden;31,6;1,8;0,0;0,0;0,0;0,0
SAN;NL:Q:41220580;Oranjeweg;Rheden;2,3;25,3;0,0;0,0;0,0;0,0
SAN;NL:Q:41220590;v. Heerdtplein;Rheden;13,9;1,3;0,0;0,0;0,0;0,0
SAN;NL:Q:41220600;v. Heerdtplein;Rheden;1,1;15,4;0,0;0,0;0,0;0,0
SAN;NL:Q:41220650;Overweg;Rheden;1,3;5,7;0,0;0,0;0,0;0,0
SAN;NL:Q:41220660;Overweg;Rheden;3,6;1,0;0,0;0,0;0,0;0,0
SAN;NL:Q:41230010;Groenestraat;Giesbeek;13,0;2,1;2,2;0,7;4,4;1,1
SAN;NL:Q:41230030;Kerkstraat;Lathum;12,3;1,5;2,3;0,4;3,5;0,7
SAN;NL:Q:41230040;Kerkstraat;Lathum;1,7;12,3;0,3;2,1;0,3;2,9
SAN;NL:Q:41230050;Rijderbosweg;Lathum;0,4;0,7;0,0;0,0;0,1;0,1
SAN;NL:Q:41230060;Rijderbosweg;Lathum;0,4;1,3;0,6;0,5;0,0;0,1
SAN;NL:Q:41230080;Aansluiting A12;Duiven;4,8;25,7;1,3;9,2;1,6;15,5
SAN;NL:Q:41250010;Helhoek;Duiven;0,1;0,0;0,1;0,0;0,0;0,0
SAN;NL:Q:41250030;De Plak;Duiven;0,1;0,1;0,1;0,0;0,0;0,0
SAN;NL:Q:41250040;De Plak;Duiven;0,0;0,1;0,1;0,3;0,0;0,0
SAN;NL:Q:41250050;Vergertlaan;Duiven;13,4;0,7;0,0;0,0;0,0;0,0
SAN;NL:Q:41250060;Vergertlaan;Duiven;1,0;11,8;0,0;0,5;0,0;0,0
SAN;NL:Q:41250090;Dorp;Duiven;17,7;6,5;17,9;5,8;10,7;1,6
SAN;NL:Q:41250100;Dorp;Duiven;7,3;22,0;4,5;18,9;2,0;13,9
SAN;NL:Q:41250110;Thuvine;Duiven;5,5;2,5;5,8;1,2;3,7;0,1
SAN;NL:Q:41250120;Thuvine;Duiven;0,1;8,6;0,0;8,2;0,0;5,0
SAN;NL:Q:41250130;van Goyenstraat;Duiven;27,9;3,9;21,2;3,0;14,2;0,1
SAN;NL:Q:41250140;van Goyenstraat;Duiven;7,0;28,3;3,8;25,3;0,3;14,8
SAN;NL:Q:41250150;Maststraat;Duiven;3,2;0,9;7,4;1,2;3,2;0,2
SAN;NL:Q:41250160;Maststraat;Duiven;0,0;4,0;0,1;10,5;0,0;5,7
SAN;NL:Q:41250180;Het Ambacht;Westervoort;1,2;3,3;1,2;2,5;0,1;0,4
SAN;NL:Q:41250190;Schapenweide;Duiven;15,6;1,8;5,5;0,9;0,0;0,0
SAN;NL:Q:41250200;Schapenweide;Duiven;1,7;11,6;0,8;4,9;0,0;0,0
SAN;NL:Q:41250210;Marketing;Duiven;12,4;0,2;0,0;0,0;0,0;0,0
SAN;NL:Q:41250220;Marketing;Duiven;0,2;15,4;0,0;0,0;0,0;0,0
SAN;NL:Q:41250490;Alliander;Duiven;30,2;54,3;0,0;0,0;0,0;0,0
SAN;NL:Q:41250530;IKEA;Duiven;0,8;20,2;0,0;0,0;0,0;0,0
SAN;NL:Q:41250540;IKEA;Duiven;35,5;4,5;0,0;0,0;0,0;0,0
SAN;NL:Q:41250550;Nieuwgraaf 31;Duiven;0,0;10,0;0,0;0,0;0,0;0,0
SAN;NL:Q:41250560;Nieuwgraaf 31;Duiven;6,8;0,1;0,0;0,0;0,0;0,0
SAN;NL:Q:41250630;Typograaf;Duiven;0,2;18,5;0,0;0,0;0,0;0,0
SAN;NL:Q:41250640;Typograaf;Duiven;15,3;0,2;0,0;0,0;0,0;0,0
SAN;NL:Q:41251110;Station Duiven;Duiven;30,0;14,0;20,0;7,8;10,7;4,9
SAN;NL:Q:41251120;Station Duiven;Duiven;11,9;28,3;9,0;36,3;4,8;12,3
SAN;NL:Q:41251130;Bellefleur;Duiven;0,7;3,2;0,0;0,1;0,0;0,0
SAN;NL:Q:41251135;Bellefleur;Duiven;2,8;0,8;0,0;0,0;0,0;0,0
SAN;NL:Q:41251370;Centerpoort Noord;Duiven;25,7;33,0;0,0;0,0;0,0;0,0
SAN;NL:Q:41252010;Talingstraat;Duiven;0,2;7,6;0,0;0,2;0,0;0,0
SAN;NL:Q:41252020;Talingstraat;Duiven;8,3;0,1;0,0;0,0;0,0;0,0
SAN;NL:Q:41252070;Grasklokje;Duiven;1,9;0,2;1,3;0,0;0,7;0,0
SAN;NL:Q:41252080;Grasklokje;Duiven;0,1;2,1;0,1;2,3;0,0;1,0
SAN;NL:Q:41252090;Eilandplein;Duiven;14,4;0,8;9,3;0,2;6,8;0,1
SAN;NL:Q:41252100;Eilandplein;Duiven;0,5;13,9;0,2;9,8;0,2;6,5
SAN;NL:Q:41252110;Schiermonnikoogstraat;Duiven;6,2;0,6;5,1;0,1;2,3;0,0
SAN;NL:Q:41252120;Schiermonnikoogstraat;Duiven;0,7;8,0;0,1;7,0;0,1;3,4
SAN;NL:Q:41252130;Klavierstraat;Duiven;20,4;1,6;13,6;0,2;6,8;0,1
SAN;NL:Q:41252140;Klavierstraat;Duiven;1,1;18,4;0,3;14,2;0,1;7,7
SAN;NL:Q:41252150;Opaal;Duiven;23,6;2,3;19,4;0,2;8,8;0,1
SAN;NL:Q:41252160;Opaal;Duiven;1,6;20,3;0,8;19,2;0,4;9,7
SAN;NL:Q:41252170;Engelstraat;Duiven;0,1;0,1;0,1;0,1;0,1;0,0
SAN;NL:Q:41252180;Engelstraat;Duiven;0,0;1,8;0,1;1,3;0,0;0,7
SAN;NL:Q:41252200;Heilweg;Westervoort;2,8;18,5;2,2;10,0;0,8;6,4
SAN;NL:Q:41260010;Geldersch Oord;Angeren;0,4;2,4;0,3;1,5;0,1;0,8
SAN;NL:Q:41260030;Kamervoort;Angeren;2,2;23,6;1,5;14,6;0,9;7,1
SAN;NL:Q:41260040;Kamervoort;Angeren;16,5;1,3;8,1;1,3;4,1;0,8
SAN;NL:Q:41260060;Julianastraat;Angeren;23,8;6,8;13,0;3,4;7,5;1,6
SAN;NL:Q:41260070;Molenstraat;Angeren;10,3;25,7;6,2;15,8;3,9;10,1
SAN;NL:Q:41260080;Molenstraat;Angeren;11,1;5,6;6,4;3,6;3,6;2,0
SAN;NL:Q:41260090;Sterrenberg;Angeren;1,0;3,3;0,2;1,3;0,1;0,3
SAN;NL:Q:41260100;Sterrenberg;Angeren;3,4;1,3;0,9;0,3;0,8;0,1
SAN;NL:Q:41260110;Boerenhoek;Angeren;0,2;1,2;0,1;0,9;0,1;0,6
SAN;NL:Q:41260120;Boerenhoek;Angeren;1,4;0,3;0,8;0,2;0,6;0,1
SAN;NL:Q:41260130;Stenen Palen;Doornenburg;0,4;1,1;0,6;1,1;0,2;0,6
SAN;NL:Q:41260140;Stenen Palen;Doornenburg;1,1;0,6;0,9;0,8;0,7;0,4
SAN;NL:Q:41260150;de Linge;Doornenburg;0,1;0,6;0,2;0,4;0,0;0,2
SAN;NL:Q:41260160;de Linge;Doornenburg;0,2;0,1;0,1;0,2;0,0;0,0
SAN;NL:Q:41260170;Krakkedel;Doornenburg;2,5;6,2;0,9;2,8;0,6;1,8
SAN;NL:Q:41260180;Krakkedel;Doornenburg;5,1;2,2;2,3;1,1;1,7;0,5
SAN;NL:Q:41260190;de Woerd;Doornenburg;0,8;1,5;0,4;1,0;0,4;0,6
SAN;NL:Q:41260200;de Woerd;Doornenburg;1,0;0,6;0,4;0,4;0,7;0,3
SAN;NL:Q:41260210;Rijnstraat;Doornenburg;7,9;13,3;3,4;7,3;1,9;4,7
SAN;NL:Q:41260220;Rijnstraat;Doornenburg;13,0;8,6;6,8;2,8;4,8;1,6
SAN;NL:Q:41260230;van Kol;Doornenburg;37,8;28,5;16,9;17,7;11,1;10,2
SAN;NL:Q:41260240;van Kol;Doornenburg;30,6;33,7;17,2;14,1;10,2;7,6
SAN;NL:Q:41260250;Blauwe Hoek;Doornenburg;3,5;2,8;1,4;2,0;0,5;0,7
SAN;NL:Q:41260260;Blauwe Hoek;Doornenburg;2,8;5,0;2,0;2,6;0,6;1,2
SAN;NL:Q:41260280;Molenstraat;Gendt;10,6;8,9;5,0;3,4;4,3;2,6
SAN;NL:Q:41320111;Station Dieren;Dieren;56,6;6,1;19,6;1,6;15,5;0,0
SAN;NL:Q:41320112;Station Dieren;Dieren;53,1;37,4;20,1;22,5;20,7;11,1
SAN;NL:Q:41320114;Station Dieren;Dieren;134,2;14,1;81,0;5,2;52,9;3,1
SAN;NL:Q:41320130;Doesburgse Dijk;Dieren;24,0;1,5;1,9;0,1;2,1;0,1
SAN;NL:Q:41320140;Doesburgse Dijk;Dieren;2,8;25,7;1,4;2,5;0,6;2,0
SAN;NL:Q:41320150;Hofstetten;Ellecom;0,1;1,7;0,1;1,0;0,1;1,0
SAN;NL:Q:41320160;Hofstetten;Ellecom;1,5;1,6;0,8;1,2;1,0;1,0
SAN;NL:Q:41320170;Dorp;Ellecom;6,7;3,3;3,8;1,2;4,5;1,5
SAN;NL:Q:41320180;Dorp;Ellecom;3,6;6,1;1,6;3,2;1,5;5,4
SAN;NL:Q:41320200;Avegoor;Ellecom;1,6;2,7;1,4;2,2;1,3;2,0
SAN;NL:Q:41320510;Langebrug;Doesburg;0,1;0,1;0,0;0,0;0,1;0,1
SAN;NL:Q:41320520;Langebrug;Dieren;0,1;0,2;0,0;0,2;0,0;0,1
SAN;NL:Q:41321110;Station Dieren;Dieren;24,4;137,1;15,4;90,8;7,0;58,3
SAN;NL:Q:41321220;Vogelplantsoen;Dieren;0,2;0,4;0,1;0,1;0,0;0,0
SAN;NL:Q:41321280;Sparrenhof;Dieren;1,9;2,0;0,4;0,3;0,0;0,0
SAN;NL:Q:41321300;Imboslaan Industrielaan;Dieren;0,4;0,3;0,1;0,0;0,0;0,0
SAN;NL:Q:41321320;Fazantlaan;Dieren;0,0;0,0;0,0;0,0;0,0;0,0
SAN;NL:Q:41321330;Fazantlaan;Dieren;0,0;0,6;0,1;0,2;0,0;0,0
SAN;NL:Q:41321410;Julius Rontgenlaan;Dieren;0,4;0,5;0,7;0,7;0,0;0,0
SAN;NL:Q:41321470;Gelders Hof;Dieren;0,0;0,0;0,1;0,0;0,0;0,0
SAN;NL:Q:41321500;Tellegenlaan;Dieren;0,8;2,1;0,2;0,3;0,0;0,0
SAN;NL:Q:41321510;Tellegenlaan;Dieren;0,7;1,2;0,2;0,9;0,0;0,0
SAN;NL:Q:41321520;Lindelaan;Dieren;0,0;0,2;0,0;0,0;0,0;0,0
SAN;NL:Q:41321530;Lindelaan;Dieren;0,1;0,1;0,0;0,0;0,0;0,0
SAN;NL:Q:41321540;Spankerenseweg;Dieren;0,0;0,3;0,0;0,0;0,0;0,0
SAN;NL:Q:41321550;Spankerenseweg;Dieren;0,5;0,0;0,1;0,0;0,0;0,0
SAN;NL:Q:41321560;Kanaaldijk;Spankeren;0,6;0,6;0,1;0,1;0,0;0,0
SAN;NL:Q:41321570;Kanaaldijk;Spankeren;0,2;0,0;0,0;0,0;0,0;0,0
SAN;NL:Q:41321580;Dorpsweg;Spankeren;0,2;0,4;0,0;0,1;0,0;0,0
SAN;NL:Q:41321600;Kerkweg;Spankeren;0,9;0,5;0,2;0,3;0,0;0,0
SAN;NL:Q:41321620;Loohof;Spankeren;0,8;0,4;0,2;0,0;0,0;0,0
SAN;NL:Q:41321630;Treubstraat;Dieren;0,0;0,1;0,0;0,0;0,0;0,0
SAN;NL:Q:41321660;E. van Beinumlaan;Dieren;0,2;0,1;0,1;0,1;0,0;0,0
SAN;NL:Q:41321720;Imboslaan Industrielaan;Dieren;0,0;0,1;0,0;0,0;0,0;0,0
SAN;NL:Q:41321730;Abelenlaan;Dieren;0,9;0,9;0,7;0,8;0,0;0,0
SAN;NL:Q:41321740;Larixhof;Dieren;0,5;0,3;0,2;0,4;0,0;0,0
SAN;NL:Q:41321760;Olmenhof;Dieren;1,1;0,4;0,1;0,2;0,0;0,0
SAN;NL:Q:41321830;Zilverakkerweg;Dieren;0,2;0,2;0,0;0,0;0,0;0,0
SAN;NL:Q:41321860;Willem de Feschlaan;Dieren;0,0;0,0;0,0;0,0;0,0;0,0
SAN;NL:Q:41321870;Admiraal Helfrichlaan;Dieren;0,5;0,3;0,1;0,0;0,0;0,0
SAN;NL:Q:41321880;Valeriuslaan;Dieren;0,1;0,0;0,1;0,1;0,0;0,0
SAN;NL:Q:41321890;van Limburg Stirumstraat;Dieren;0,1;1,0;0,0;0,3;0,0;0,0
SAN;NL:Q:41321900;van Limburg Stirumstraat;Dieren;0,4;0,0;0,5;0,0;0,0;0,0
SAN;NL:Q:41321910;Industrielaan;Dieren;0,0;0,7;0,0;0,1;0,0;0,0
SAN;NL:Q:41321920;Industrielaan;Dieren;0,1;0,0;0,0;0,0;0,0;0,0
SAN;NL:Q:41321930;Domeinlaan;Dieren;0,2;0,6;0,2;0,2;0,0;0,0
SAN;NL:Q:41321950;Crematorium Domeinlaan;Dieren;0,2;1,0;0,1;0,6;0,0;0,0
SAN;NL:Q:41321970;Beverodelaan;Dieren;0,0;0,4;0,0;0,2;0,0;0,0
SAN;NL:Q:41321980;Hans Brandts Buyslaan;Dieren;0,1;0,0;0,0;0,0;0,0;0,0
SAN;NL:Q:41322000;Bernard Zweerslaan;Dieren;0,1;0,0;0,0;0,0;0,0;0,0
SAN;NL:Q:41327003;Callunaplein;Dieren;13,3;2,5;6,0;1,4;3,8;0,0
SAN;NL:Q:41327004;Callunaplein;Dieren;3,4;20,4;2,4;7,0;0,0;5,9
SAN;NL:Q:41327005;Rode Kruislaan;Dieren;12,8;0,2;4,8;0,4;3,5;0,0
SAN;NL:Q:41327006;Rode Kruislaan;Dieren;0,1;8,2;0,1;3,6;0,0;4,0
SAN;NL:Q:41327007;Geitenbergweg;Dieren;14,6;0,0;5,0;0,0;5,3;0,0
SAN;NL:Q:41327008;Geitenbergweg;Dieren;0,0;14,8;0,0;5,7;0,0;7,4
SAN;NL:Q:41327009;Crematorium;Dieren;3,7;0,0;1,2;0,0;1,3;0,0
SAN;NL:Q:41327010;Crematorium;Dieren;0,0;4,4;0,0;2,2;0,0;2,5
SAN;NL:Q:41327011;Cederlaan;Dieren;10,3;0,0;2,9;0,0;3,9;0,0
SAN;NL:Q:41327012;Cederlaan;Dieren;0,2;13,1;0,1;5,2;0,0;6,1
SAN;NL:Q:41330030;Wielbergen;Angerlo;1,0;0,3;0,0;0,0;0,4;0,1
SAN;NL:Q:41330040;Wielbergen;Angerlo;0,8;1,5;0,1;0,2;0,1;0,3
SAN;NL:Q:41330050;Bingerdenseweg;Angerlo;0,3;0,2;0,2;0,2;0,1;0,1
SAN;NL:Q:41330060;Bingerdenseweg;Angerlo;0,2;0,3;0,1;0,2;0,1;0,2
SAN;NL:Q:41330070;Tutenburgsestraat;Giesbeek;33,7;2,0;5,1;0,1;6,7;0,1
SAN;NL:Q:41330080;Tutenburgsestraat;Giesbeek;0,9;2,9;0,0;0,5;0,2;0,6
SAN;NL:Q:41330090;Zwalmstraat;Giesbeek;26,9;63,1;5,0;8,6;5,2;11,7
SAN;NL:Q:41330120;Groenestraat;Giesbeek;7,3;14,7;1,2;3,1;1,8;5,0
SAN;NL:Q:41330170;Beumerskamp;Doesburg;43,7;23,4;9,0;2,0;11,4;3,2
SAN;NL:Q:41350090;Oranjelaan;Zevenaar;1,1;3,9;0,6;3,4;0,0;0,0
SAN;NL:Q:41350100;Oranjelaan;Zevenaar;1,9;1,5;1,0;1,0;0,0;0,0
SAN;NL:Q:41350113;Station Zevenaar;Zevenaar;46,7;13,1;0,0;0,0;0,0;0,0
SAN;NL:Q:41350114;Station Zevenaar;Zevenaar;61,0;54,9;0,0;0,0;0,0;0,0
SAN;NL:Q:41350115;Station Uitstaphalte;Zevenaar;1,3;44,1;0,3;3,2;0,0;0,0
SAN;NL:Q:41350116;Station Zevenaar;Zevenaar;136,2;135,7;41,2;44,1;0,0;0,0
SAN;NL:Q:41350130;Oude Doesburgseweg;Zevenaar;19,7;9,6;14,1;4,6;0,0;0,0
SAN;NL:Q:41350140;Oude Doesburgseweg;Zevenaar;11,1;19,6;4,1;14,3;0,0;0,0
SAN;NL:Q:41350150;Sportcentrum;Zevenaar;9,2;18,7;6,5;2,8;0,0;0,0
SAN;NL:Q:41350160;Sportcentrum;Zevenaar;13,9;7,8;3,1;6,4;0,0;0,0
SAN;NL:Q:41350170;Zwembad;Zevenaar;3,4;3,7;2,2;1,5;0,0;0,0
SAN;NL:Q:41350180;Zwembad;Zevenaar;12,9;5,3;1,8;3,6;0,0;0,0
SAN;NL:Q:41350190;Ziekenhuis;Zevenaar;30,5;13,3;12,9;7,6;0,0;0,0
SAN;NL:Q:41350200;Ziekenhuis;Zevenaar;20,8;35,7;7,4;10,8;0,0;0,0
SAN;NL:Q:41350210;Rosorum;Zevenaar;7,5;7,3;3,5;1,8;0,0;0,0
SAN;NL:Q:41350220;Rosorum;Zevenaar;8,0;10,6;1,9;6,3;0,0;0,0
SAN;NL:Q:41350240;Helhoek;Duiven;0,0;0,2;0,0;0,2;0,0;0,0
SAN;NL:Q:41350250;Schellekrans;Zevenaar;1,8;1,4;0,6;1,5;0,0;0,0
SAN;NL:Q:41350260;Schellekrans;Zevenaar;3,2;5,0;1,1;2,2;0,0;0,0
SAN;NL:Q:41350270;Ziekenhuis Hoofdingang;Zevenaar;7,5;7,1;0,0;0,0;0,0;0,0
SAN;NL:Q:41350510;Ringbaan Oost;Zevenaar;0,9;0,0;0,0;0,0;0,0;0,0
SAN;NL:Q:41350520;Ringbaan Oost;Zevenaar;0,1;0,7;0,0;0,0;0,0;0,0
SAN;NL:Q:41350570;De Bem;Zevenaar;0,6;2,5;0,0;0,0;0,0;0,0
SAN;NL:Q:41350630;Tol;Zevenaar;1,4;1,2;0,0;0,0;0,0;0,0
SAN;NL:Q:41350650;Hengelder;Zevenaar;0,5;3,0;0,0;0,0;0,0;0,0
SAN;NL:Q:41350670;7Poort;Zevenaar;3,1;2,0;0,0;0,0;0,0;0,0
SAN;NL:Q:41351010;Buitenmolen;Zevenaar;0,2;0,3;0,0;0,0;0,0;0,0
SAN;NL:Q:41351020;Buitenmolen;Zevenaar;0,2;0,6;0,0;0,0;0,0;0,0
SAN;NL:Q:41351030;Maatjes;Zevenaar;0,0;0,4;0,0;0,0;0,0;0,0
SAN;NL:Q:41351040;Maatjes;Zevenaar;0,1;0,0;0,0;0,0;0,0;0,0
SAN;NL:Q:41351050;Mozartlaan;Zevenaar;0,0;0,3;0,0;0,0;0,0;0,0
SAN;NL:Q:41351060;Mozartlaan;Zevenaar;0,5;0,1;0,0;0,0;0,0;0,0
SAN;NL:Q:41352100;Didamseweg;Zevenaar;0,1;0,0;0,0;0,0;0,0;0,0
SAN;NL:Q:41352120;Didamseweg;Zevenaar;0,0;0,2;0,0;0,0;0,0;0,0
SAN;NL:Q:41353130;Subenhara;Zevenaar;4,6;9,3;2,5;3,7;0,0;0,0
SAN;NL:Q:41353140;Subenhara;Zevenaar;7,0;4,6;3,9;2,2;0,0;0,0
SAN;NL:Q:41360010;Molenstraat;Gendt;9,0;9,5;4,0;4,9;1,9;4,3
SAN;NL:Q:41360030;Olyhorststraat;Gendt;2,9;2,1;1,2;1,5;1,1;0,9
SAN;NL:Q:41360040;Olyhorststraat;Gendt;2,2;2,6;1,1;1,4;0,8;0,8
SAN;NL:Q:41360050;Kapelstraat;Gendt;11,3;10,1;3,7;6,4;2,4;4,5
SAN;NL:Q:41360060;Kapelstraat;Gendt;9,3;5,9;4,9;3,0;3,0;2,0
SAN;NL:Q:41360070;Julianaplein;Gendt;48,7;30,6;24,2;21,7;11,4;10,3
SAN;NL:Q:41360080;Julianaplein;Gendt;37,5;44,3;21,5;18,8;12,5;9,4
SAN;NL:Q:41360090;Markt;Gendt;7,4;5,5;4,1;3,7;1,7;2,0
SAN;NL:Q:41360100;Markt;Gendt;5,0;10,3;3,3;4,6;1,6;2,5
SAN;NL:Q:41360110;Baron van Gendtlaan;Gendt;18,8;9,3;8,6;4,7;4,2;3,4
SAN;NL:Q:41360120;Baron van Gendtlaan;Gendt;10,8;19,7;4,4;8,6;4,1;4,4
SAN;NL:Q:41360130;Kommerdijk;Gendt;4,0;2,0;2,8;2,4;2,1;0,9
SAN;NL:Q:41360140;Kommerdijk;Gendt;1,7;4,5;2,0;3,6;1,0;2,3
SAN;NL:Q:41360150;Kruisstraat;Gendt;7,8;2,6;4,9;1,5;2,6;0,9
SAN;NL:Q:41360160;Kruisstraat;Gendt;2,4;7,3;1,1;4,2;0,6;2,4
SAN;NL:Q:41360170;Industrieterrein;Gendt;6,5;3,7;3,2;1,8;0,9;0,8
SAN;NL:Q:41360180;Industrieterrein;Gendt;3,2;7,2;1,1;2,9;0,8;1,2
SAN;NL:Q:41360190;Groenestraat;Haalderen;1,6;0,6;1,1;0,5;0,9;0,5
SAN;NL:Q:41360200;Groenestraat;Haalderen;0,4;1,6;0,4;0,6;0,2;0,5
SAN;NL:Q:41360210;Kolkweg;Haalderen;0,4;0,4;0,1;0,1;0,1;0,0
SAN;NL:Q:41360220;Kolkweg;Haalderen;0,4;0,5;0,1;0,3;0,1;0,1
SAN;NL:Q:41360230;Kerk;Haalderen;10,6;3,7;5,1;3,0;3,7;1,8
SAN;NL:Q:41360240;Kerk;Haalderen;3,5;9,2;1,8;4,8;1,1;3,5
SAN;NL:Q:41360250;Lage Zandsestraat;Haalderen;5,9;3,3;5,2;2,3;2,3;1,2
SAN;NL:Q:41360260;Lage Zandsestraat;Haalderen;3,5;7,0;1,7;5,2;1,1;2,2
SAN;NL:Q:41360280;De Essenpas;Haalderen;6,0;2,4;1,1;1,0;0,4;0,4
SAN;NL:Q:41360510;Dwarsakker;Gendt;35,8;30,9;15,1;18,2;7,3;9,9
SAN;NL:Q:41360520;Dwarsakker;Gendt;29,6;33,6;16,4;11,7;9,8;6,3
SAN;NL:Q:41420010;NH Kerk;Drempt;1,1;0,0;0,1;0,0;0,1;0,0
SAN;NL:Q:41420050;Gouden Regenstraat;Doesburg;13,7;12,1;0,0;0,0;0,0;0,0
SAN;NL:Q:41420060;Gouden Regenstraat;Doesburg;18,4;9,5;0,0;0,0;0,0;0,0
SAN;NL:Q:41420070;Hoek Looiersweg;Doesburg;9,1;2,3;0,0;0,0;0,0;0,0
SAN;NL:Q:41420080;Hoek Looiersweg;Doesburg;4,1;5,6;0,0;0,0;0,0;0,0
SAN;NL:Q:41420090;Koppelweg;Doesburg;0,1;0,4;0,0;0,0;0,0;0,0
SAN;NL:Q:41420100;Koppelweg;Doesburg;0,2;2,1;0,0;0,0;0,0;0,0
SAN;NL:Q:41420110;Beinum;Doesburg;14,6;10,4;2,4;1,6;3,3;2,1
SAN;NL:Q:41420120;Beinum;Doesburg;8,0;6,4;1,1;1,1;1,6;2,2
SAN;NL:Q:41420130;Potsmaat;Doesburg;7,3;8,5;0,8;0,7;2,5;0,8
SAN;NL:Q:41420140;Potsmaat;Doesburg;6,8;7,6;0,7;1,3;1,0;2,4
SAN;NL:Q:41420150;tunnel Angerlo;Doesburg;15,8;17,6;2,8;1,2;4,1;1,3
SAN;NL:Q:41420160;tunnel Angerlo;Doesburg;14,4;12,6;1,2;1,9;1,1;4,1
SAN;NL:Q:41420180;Beumerskamp;Doesburg;23,7;38,9;2,6;6,7;2,9;10,9
SAN;NL:Q:41420210;Kraakselaan;Doesburg;86,9;82,4;13,4;31,2;10,0;24,5
SAN;NL:Q:41420220;Kraakselaan;Doesburg;92,4;22,9;31,6;0,8;23,1;0,5
SAN;NL:Q:41420230;Meipoort;Doesburg;61,1;24,6;35,5;3,5;27,0;4,0
SAN;NL:Q:41420240;Meipoort;Doesburg;30,0;68,9;4,3;38,5;5,1;25,8
SAN;NL:Q:41420250;Karel Doormansingel;Doesburg;44,0;7,4;20,8;0,5;14,3;0,3
SAN;NL:Q:41420260;Karel Doormansingel;Doesburg;7,8;54,3;0,4;25,3;0,2;14,9
SAN;NL:Q:41420270;Koepoortwal;Doesburg;36,9;3,0;27,9;0,3;18,6;0,2
SAN;NL:Q:41420280;Koepoortwal;Doesburg;9,0;47,3;0,3;29,7;0,2;16,8
SAN;NL:Q:41420290;Haven;Doesburg;4,2;1,8;2,9;0,6;3,4;0,4
SAN;NL:Q:41420300;Haven;Doesburg;1,2;6,3;0,3;4,0;0,4;5,4
SAN;NL:Q:41450030;Kwartiersedijk;Babberich;0,5;0,1;0,0;0,0;0,0;0,0
SAN;NL:Q:41450040;Kwartiersedijk;Babberich;0,0;0,2;0,0;0,0;0,0;0,0
SAN;NL:Q:41450050;Beekseweg;Babberich;0,0;0,1;0,0;0,0;0,0;0,0
SAN;NL:Q:41450060;Beekseweg;Babberich;0,3;1,1;0,0;0,0;0,0;0,0
SAN;NL:Q:41450070;Mariahoeve;Babberich;0,0;0,0;0,0;0,0;0,0;0,0
SAN;NL:Q:41450090;Franciscusstraat;Babberich;7,0;0,6;4,4;0,3;0,0;0,0
SAN;NL:Q:41450100;Franciscusstraat;Babberich;0,5;6,4;0,3;3,4;0,0;0,0
SAN;NL:Q:41450110;Gildestraat;Babberich;0,2;0,1;0,2;0,1;0,0;0,0
SAN;NL:Q:41450120;Gildestraat;Babberich;0,0;0,2;0,0;0,6;0,0;0,0
SAN;NL:Q:41450130;Dorpstraat;Babberich;5,1;0,1;1,8;0,0;0,0;0,0
SAN;NL:Q:41450140;Dorpstraat;Babberich;0,0;4,5;0,0;1,8;0,0;0,0
SAN;NL:Q:41450150;Schutterstent St. Anna;Oud Zevenaar;0,6;0,5;0,2;0,1;0,0;0,0
SAN;NL:Q:41450160;Schutterstent St. Anna;Oud Zevenaar;0,9;1,0;0,1;0,6;0,0;0,0
SAN;NL:Q:41520010;Manege;Laag Keppel;0,5;0,0;0,1;0,0;0,1;0,0
SAN;NL:Q:41520030;Gouden Leeuw;Laag Keppel;5,9;0,0;0,9;0,0;1,3;0,0
SAN;NL:Q:41520040;Gouden Leeuw;Laag Keppel;0,0;4,7;0,0;0,7;0,0;1,1
SAN;NL:Q:41520210;'t Smaaleke;Laag Keppel;1,4;0,0;0,1;0,0;0,2;0,0
SAN;NL:Q:41520220;'t Smaaleke;Laag Keppel;0,0;2,8;0,0;0,6;0,0;0,8
SAN;NL:Q:41520230;Weg naar Hoog-Keppel;Hoog Keppel;0,9;0,0;0,0;0,0;0,1;0,0
SAN;NL:Q:41520240;Weg naar Hoog-Keppel;Hoog Keppel;0,0;0,9;0,0;0,1;0,0;0,1
SAN;NL:Q:41520250;Burg. Vrijlandweg;Hoog Keppel;0,8;0,0;0,2;0,0;0,6;0,0
SAN;NL:Q:41520260;Burg. Vrijlandweg;Hoog Keppel;0,0;2,1;0,0;0,2;0,0;0,8
SAN;NL:Q:41520270;De Braamberg;Drempt;5,7;0,0;1,3;0,0;1,3;0,0
SAN;NL:Q:41520280;De Braamberg;Drempt;0,0;6,5;0,0;1,1;0,0;1,5
SAN;NL:Q:41520300;NH Kerk;Drempt;0,0;2,0;0,0;0,7;0,0;0,4
SAN;NL:Q:41620010;Den Ooiman;Doetinchem;2,5;0,0;0,3;0,0;0,7;0,0
SAN;NL:Q:41620030;IJzergieterij;Langerak;0,7;0,0;0,0;0,0;0,0;0,0
SAN;NL:Q:41620040;IJzergieterij;Langerak;0,0;1,4;0,0;0,0;0,0;0,1
SAN;NL:Q:41620060;Manege;Laag Keppel;0,0;0,6;0,0;0,1;0,0;0,3
SAN;NL:Q:41650010;Lobede;Tolkamer;47,6;44,0;13,3;11,7;0,0;0,0
SAN;NL:Q:41650020;Lobede;Tolkamer;0,4;1,6;0,0;0,0;0,0;0,0
SAN;NL:Q:41650050;Boterdijk/Molen;Lobith;0,2;0,5;0,0;0,0;0,0;0,0
SAN;NL:Q:41650060;Boterdijk/Molen;Lobith;0,0;0,3;0,0;0,0;0,0;0,0
SAN;NL:Q:41650070;Postkantoor;Tolkamer;8,0;0,8;1,8;0,1;0,0;0,0
SAN;NL:Q:41650080;Postkantoor;Tolkamer;0,0;1,8;0,0;0,0;0,0;0,0
SAN;NL:Q:41650085;Graaf Ottoweg;Lobith;0,6;11,1;0,2;1,7;0,0;0,0
SAN;NL:Q:41650090;Dorp;Lobith;40,8;1,8;10,8;0,2;0,0;0,0
SAN;NL:Q:41650100;Dorp;Lobith;2,8;35,9;0,4;7,6;0,0;0,0
SAN;NL:Q:41650110;Graaf Reinaldstraat;Lobith;21,5;0,1;5,0;0,0;0,0;0,0
SAN;NL:Q:41650120;Graaf Reinaldstraat;Lobith;0,1;17,2;0,0;3,7;0,0;0,0
SAN;NL:Q:41650130;Anjerstraat;Lobith;12,0;0,1;4,3;0,0;0,0;0,0
SAN;NL:Q:41650140;Anjerstraat;Lobith;0,3;13,9;0,1;3,6;0,0;0,0
SAN;NL:Q:41650150;De Bijland;Herwen;0,5;0,0;0,2;0,0;0,0;0,0
SAN;NL:Q:41650160;De Bijland;Herwen;0,0;0,6;0,0;0,2;0,0;0,0
SAN;NL:Q:41650200;Willibrordusweg;Spijk;6,4;10,7;0,0;0,0;0,0;0,0
SAN;NL:Q:41720230;Centrum;Doetinchem;30,5;0,0;6,6;0,0;5,2;0,0
SAN;NL:Q:41720240;Centrum;Doetinchem;0,0;45,0;0,0;12,6;0,0;9,6
SAN;NL:Q:41721104;Station;Doetinchem;29,4;40,6;6,1;7,3;8,3;10,2
SAN;NL:Q:41721110;Gemeentehuis;Doetinchem;3,1;0,2;0,2;0,0;0,2;0,0
SAN;NL:Q:41721120;Gemeentehuis;Doetinchem;0,0;9,0;0,0;0,8;0,0;0,6
SAN;NL:Q:41721130;2e Loolaan;Doetinchem;15,9;0,0;1,4;0,0;1,7;0,0
SAN;NL:Q:41721140;2e Loolaan;Doetinchem;0,0;39,8;0,0;1,7;0,0;3,3
SAN;NL:Q:41721160;Den Ooiman;Doetinchem;0,0;5,0;0,0;0,7;0,0;1,2
SAN;NL:Q:41750090;Schoolstraat;Aerdt;5,1;0,2;0,0;0,0;0,0;0,0
SAN;NL:Q:41750100;Schoolstraat;Aerdt;0,1;3,9;0,0;0,0;0,0;0,0
SAN;NL:Q:41750110;Kerkweg;Aerdt;10,8;0,0;0,0;0,0;0,0;0,0
SAN;NL:Q:41750120;Kerkweg;Aerdt;0,0;10,5;0,0;0,0;0,0;0,0
SAN;NL:Q:41750170;Hoogeweg;Pannerden;9,6;0,1;0,0;0,0;0,0;0,0
SAN;NL:Q:41750180;Mariahoeve;Babberich;0,0;0,0;0,0;0,0;0,0;0,0
SAN;NL:Q:41750210;Aerdtsestraat;Pannerden;24,6;0,3;0,0;0,0;0,0;0,0
SAN;NL:Q:41750280;Hoogeweg;Pannerden;0,1;12,6;0,0;0,0;0,0;0,0
SAN;NL:Q:41750360;Aerdtsedijk;Herwen;3,0;4,1;0,0;0,0;0,0;0,0
SAN;NL:Q:41750370;Nijverheidstraat;Herwen;1,3;0,2;0,8;0,2;0,0;0,0
SAN;NL:Q:41750380;Nijverheidstraat;Herwen;0,5;1,6;0,1;0,8;0,0;0,0
SAN;NL:Q:41750390;Dorpsplein;Pannerden;0,6;0,4;0,0;0,0;0,0;0,0
SAN;NL:Q:41750400;Dorpsplein;Pannerden;0,4;8,9;0,0;0,0;0,0;0,0
SAN;NL:Q:41750410;Heuvelhoek;Aerdt;1,2;0,5;0,0;0,0;0,0;0,0
SAN;NL:Q:41750420;Aerdtsestraat;Pannerden;0,3;11,6;0,0;0,0;0,0;0,0
SAN;NL:Q:41750430;Molenpad;Herwen;11,9;0,9;4,1;0,2;0,0;0,0
SAN;NL:Q:41750440;Molenpad;Herwen;0,9;11,8;0,2;3,3;0,0;0,0
SAN;NL:Q:60000030;Nassausingel;Nijmegen;142,6;76,6;215,0;229,1;113,5;137,1
SAN;NL:Q:60000040;Nassausingel;Nijmegen;40,2;250,3;109,3;420,2;55,7;213,4
SAN;NL:Q:60000050;Burchtstraat;Nijmegen;167,0;187,6;18,2;18,0;11,0;14,9
SAN;NL:Q:60000060;Valkhof;Nijmegen;346,3;213,1;270,3;110,8;119,7;73,7
SAN;NL:Q:60000070;Hunnerpark;Nijmegen;224,8;117,3;107,2;35,4;62,5;46,8
SAN;NL:Q:60000080;Neerbosscheweg;Nijmegen;121,1;110,0;78,1;59,3;55,9;27,8
SAN;NL:Q:60000100;Dennenstraat;Nijmegen;119,8;35,6;70,3;21,2;39,2;11,1
SAN;NL:Q:60000120;Graafseweg/Wolfskuilseweg;Nijmegen;51,9;37,1;34,0;18,8;18,1;11,8
SAN;NL:Q:60000130;Rozenstraat;Nijmegen;30,5;49,4;13,4;23,6;9,1;21,2
SAN;NL:Q:60000140;Rozenstraat;Nijmegen;142,7;48,2;67,1;27,8;64,0;16,3
SAN;NL:Q:60000150;Graafseweg/Wolfskuilseweg;Nijmegen;32,5;44,7;18,1;26,8;9,3;21,3
SAN;NL:Q:60000170;Dennenstraat;Nijmegen;37,8;130,4;21,8;67,9;10,1;63,4
SAN;NL:Q:60000180;Prins Hendrikstraat;Nijmegen;17,6;46,9;39,4;37,8;17,1;32,0
SAN;NL:Q:60000190;Neerbosscheweg;Nijmegen;74,9;117,3;37,6;67,3;21,4;69,0
SAN;NL:Q:60000200;Hunnerpark;Nijmegen;182,9;295,0;56,5;178,6;37,5;91,9
SAN;NL:Q:60000210;Valkhof;Nijmegen;152,8;318,2;83,4;278,0;39,6;119,8
SAN;NL:Q:60000220;Burchtstraat;Nijmegen;194,2;168,0;18,2;15,3;14,3;6,0
SAN;NL:Q:60000230;Terwindtstraat;Nijmegen;20,5;3,2;22,0;3,3;12,5;1,0
SAN;NL:Q:60000240;Terwindtstraat;Nijmegen;0,8;9,7;0,8;9,6;0,6;6,2
SAN;NL:Q:60000250;Waalkade;Nijmegen;41,2;71,1;41,3;58,4;26,5;47,6
SAN;NL:Q:60000260;Waalkade;Nijmegen;63,7;36,9;49,0;47,8;37,7;25,6
SAN;NL:Q:60000280;Joris Ivensplein;Nijmegen;36,4;116,5;28,9;133,3;13,4;57,2
SAN;NL:Q:60000300;Prins Hendrikstraat;Nijmegen;31,6;19,6;20,0;45,4;14,9;21,9
SAN;NL:Q:60000330;Groenestraat;Nijmegen;40,2;122,0;18,6;82,0;14,5;68,9
SAN;NL:Q:60000340;Groenestraat;Nijmegen;110,9;43,4;77,0;18,8;45,3;16,3
SAN;NL:Q:60000350;Sint Annamolen;Nijmegen;36,2;126,2;7,4;61,3;6,2;38,7
SAN;NL:Q:60000360;Sint Annamolen;Nijmegen;107,0;42,0;52,6;8,6;31,7;6,4
SAN;NL:Q:60000370;Voerweg;Nijmegen;31,7;63,2;32,3;74,7;12,2;28,5
SAN;NL:Q:60000380;Voerweg;Nijmegen;31,8;39,4;42,7;38,1;18,2;14,2
SAN;NL:Q:60000390;Sint Annastraat/Heiweg;Nijmegen;8,6;12,4;2,5;3,8;2,8;7,7
SAN;NL:Q:60000400;Sint Annastraat/Heiweg;Nijmegen;11,8;7,0;2,0;2,2;4,4;2,8
SAN;NL:Q:60000410;Scheidingsweg;Nijmegen;5,2;8,4;2,3;2,9;3,0;4,1
SAN;NL:Q:60000415;;;3,5;3,2;0,0;0,0;0,0;0,0
SAN;NL:Q:60000420;Scheidingsweg;Nijmegen;8,5;10,0;3,4;2,2;4,1;4,1
SAN;NL:Q:60000430;Hertogplein;Nijmegen;76,8;74,6;53,9;36,7;25,0;23,3
SAN;NL:Q:60000460;Marienboom;Nijmegen;63,8;14,2;48,3;3,8;29,0;2,9
SAN;NL:Q:60000470;Coehoornstraat;Nijmegen;0,0;0,0;0,0;0,1;0,0;0,0
SAN;NL:Q:60000480;Van Cranenborchstraat;Nijmegen;55,4;51,8;25,8;4,3;19,2;3,3
SAN;NL:Q:60000490;Kazerne;Nijmegen;29,6;118,0;20,9;69,8;16,2;60,3
SAN;NL:Q:60000500;Groenewoudseweg;Nijmegen;38,0;31,5;21,2;9,4;10,9;6,8
SAN;NL:Q:60000510;Groenewoudseweg;Nijmegen;32,9;42,7;11,0;24,0;8,7;15,4
SAN;NL:Q:60000520;Kazerne;Nijmegen;118,3;28,0;72,2;18,5;41,4;14,9
SAN;NL:Q:60000530;Van Cranenborchstraat;Nijmegen;41,5;59,3;4,0;28,1;3,8;24,4
SAN;NL:Q:60000550;Marienboom;Nijmegen;12,8;49,0;3,3;37,5;2,3;43,3
SAN;NL:Q:60000580;Hertogplein;Nijmegen;39,0;87,3;18,9;61,5;12,4;26,2
SAN;NL:Q:60000590;Sint Canisiussingel;Nijmegen;35,2;85,0;79,4;273,2;49,9;151,5
SAN;NL:Q:60000600;Sint Canisiussingel;Nijmegen;63,6;41,5;195,0;94,0;108,3;85,0
SAN;NL:Q:60000610;Joris Ivensplein;Nijmegen;91,5;27,3;87,7;17,8;37,5;10,5
SAN;NL:Q:60000630;Havenweg;Nijmegen;4,9;75,3;4,5;52,4;2,5;31,4
SAN;NL:Q:60000650;Kronenburgersingel;Nijmegen;65,2;99,1;50,3;92,3;26,4;52,2
SAN;NL:Q:60000660;Kronenburgersingel;Nijmegen;75,5;79,7;44,9;54,4;26,0;33,6
SAN;NL:Q:60000690;Hatertseweg/Grootstalseln;Nijmegen;31,3;75,0;12,1;37,2;7,0;36,2
SAN;NL:Q:60000700;Hatertseweg/Grootstalseln;Nijmegen;75,0;32,2;42,2;11,6;27,8;7,7
SAN;NL:Q:60000720;van Peltlaan;Nijmegen;134,7;101,8;91,1;35,5;56,8;37,9
SAN;NL:Q:60000740;Meentstraat;Nijmegen;66,6;51,8;32,8;8,7;20,0;7,5
SAN;NL:Q:60000760;Krekelstraat;Nijmegen;102,6;39,0;56,1;14,3;34,5;7,7
SAN;NL:Q:60000780;Kam. Onnesstraat;Nijmegen;77,3;33,7;45,7;8,0;29,9;7,0
SAN;NL:Q:60000810;van Peltlaan;Nijmegen;87,5;121,3;38,6;89,4;25,1;63,8
SAN;NL:Q:60000830;Krekelstraat;Nijmegen;49,6;92,8;16,9;50,7;7,5;39,3
SAN;NL:Q:60000850;Kam. Onnesstraat;Nijmegen;33,3;73,9;9,3;40,8;5,9;37,1
SAN;NL:Q:60000860;Burg. Daleslaan;Nijmegen;5,8;11,3;0,0;0,0;0,0;0,0
SAN;NL:Q:60000870;Burg. Daleslaan;Nijmegen;0,1;9,0;0,0;0,0;0,0;0,0
SAN;NL:Q:60000920;Waterkwartier;Nijmegen;0,0;0,0;0,0;0,0;0,0;0,1
SAN;NL:Q:60000930;Waterkwartier;Nijmegen;0,0;0,1;0,0;0,2;0,0;0,2
SAN;NL:Q:60000960;Pompweg;Ubbergen;11,1;10,1;7,5;1,5;4,2;1,3
SAN;NL:Q:60000970;Sluis Weurt;Nijmegen;16,5;2,7;5,3;1,5;3,9;0,9
SAN;NL:Q:60000990;Sluis Weurt;Nijmegen;2,7;21,1;1,0;7,6;0,7;5,8
SAN;NL:Q:60001001;Centraal Station;Nijmegen;155,0;1659,7;69,4;655,6;23,4;508,4
SAN;NL:Q:60001002;Centraal Station;Nijmegen;728,5;4172,6;5,4;120,8;4,5;90,8
SAN;NL:Q:60001003;Centraal Station;Nijmegen;1199,7;465,9;619,0;182,4;636,4;114,5
SAN;NL:Q:60001004;Centraal Station;Nijmegen;1166,4;2354,4;620,0;1197,0;493,5;812,8
SAN;NL:Q:60001005;Centraal Station;Nijmegen;756,5;160,2;320,0;36,7;171,4;9,9
SAN;NL:Q:60001006;Centraal Station;Nijmegen;1815,5;908,2;823,4;548,5;827,2;303,6
SAN;NL:Q:60001007;Centraal Station;Nijmegen;1958,0;1698,8;896,7;570,9;653,1;405,2
SAN;NL:Q:60001008;Centraal Station;Nijmegen;696,3;764,7;315,3;480,6;234,0;294,8
SAN;NL:Q:60001010;Centraal Station;Nijmegen;711,4;744,6;369,4;352,4;214,6;244,0
SAN;NL:Q:60001011;Centraal Station;Nijmegen;1376,0;800,0;952,7;404,9;690,7;307,0
SAN;NL:Q:60001012;Centraal Station;Nijmegen;1221,3;820,0;582,1;481,0;527,8;299,4
SAN;NL:Q:60001013;Centraal Station;Nijmegen;3181,0;17,9;0,0;0,0;0,0;0,0
SAN;NL:Q:60001020;Spoorkuil;Nijmegen;65,5;65,0;24,8;25,8;22,9;24,3
SAN;NL:Q:60001030;Spoorkuil;Nijmegen;38,8;31,6;15,9;17,2;13,0;15,4
SAN;NL:Q:60001040;Sint Maartenskliniek;Nijmegen;121,6;120,6;24,3;26,7;14,4;16,5
SAN;NL:Q:60001050;Havenweg;Nijmegen;61,7;5,4;38,2;6,5;22,9;3,0
SAN;NL:Q:60001060;Hengstdalseweg/Sophiaweg;Nijmegen;28,2;0,9;23,6;0,9;14,7;0,6
SAN;NL:Q:60001080;Beukstraat;Nijmegen;61,0;1,3;47,0;1,0;26,1;0,9
SAN;NL:Q:60001100;Hengstdalseweg/Broerdijk;Nijmegen;91,6;5,4;67,4;4,3;40,1;2,7
SAN;NL:Q:60001110;Meentstraat;Nijmegen;54,7;75,0;11,6;37,5;8,9;33,1
SAN;NL:Q:60001130;Pompweg;Ubbergen;12,2;10,4;2,1;5,4;1,7;3,8
SAN;NL:Q:60001160;Koningshof;Nijmegen;115,2;11,5;84,9;8,7;48,9;5,6
SAN;NL:Q:60001180;Obrechtstraat;Nijmegen;36,3;8,6;22,9;5,4;14,4;4,6
SAN;NL:Q:60001200;Smetiusstraat;Nijmegen;145,7;440,4;115,7;289,8;65,5;132,9
SAN;NL:Q:60001210;Heyend.weg/Archipelstraat;Nijmegen;0,0;0,0;0,0;0,1;0,0;0,0
SAN;NL:Q:60001220;Badhuis;Nijmegen;70,4;16,9;51,8;18,6;30,4;7,7
SAN;NL:Q:60001230;Professorenwijk;Nijmegen;0,0;0,1;0,0;0,3;0,0;0,0
SAN;NL:Q:60001240;Dominicanenstraat;Nijmegen;62,2;9,0;36,0;8,8;25,7;5,0
SAN;NL:Q:60001250;Bowlingcentrum;Nijmegen;0,0;0,2;0,0;1,2;0,0;0,0
SAN;NL:Q:60001280;UMC Sint Radboud;Nijmegen;675,9;503,0;81,0;42,6;56,8;32,3
SAN;NL:Q:60001290;UMC Sint Radboud;Nijmegen;241,3;313,8;41,6;82,7;30,8;59,9
SAN;NL:Q:60001300;Oud Burgeren Gasthuis;Nijmegen;0,0;0,0;0,0;0,0;0,0;0,1
SAN;NL:Q:60001390;Energieweg/Wolfskuilsewg;Nijmegen;13,2;119,2;0,0;0,0;0,0;0,0
SAN;NL:Q:60001400;Energieweg/Wolfskuilsewg;Nijmegen;4,7;15,7;0,0;0,0;0,0;0,0
SAN;NL:Q:60001410;Dr. de Blecourtstraat;Nijmegen;77,0;22,7;0,0;0,0;0,0;0,0
SAN;NL:Q:60001420;Dr. de Blecourtstraat;Nijmegen;110,2;78,9;0,0;0,0;0,0;0,0
SAN;NL:Q:60001430;Station Goffert;Nijmegen;28,6;28,2;0,0;0,0;0,0;0,0
SAN;NL:Q:60001440;Station Goffert;Nijmegen;31,9;52,0;0,0;0,0;0,0;0,0
SAN;NL:Q:60001470;Akkerlaan;Nijmegen;48,4;10,8;27,2;5,9;14,6;2,8
SAN;NL:Q:60001480;Jan Massinkhal;Nijmegen;12,2;27,3;4,5;6,8;2,7;7,0
SAN;NL:Q:60001490;Jan Massinkhal;Nijmegen;20,0;9,3;5,9;3,5;6,1;2,5
SAN;NL:Q:60001540;Scheepvaartweg;Nijmegen;1,1;12,0;0,0;0,0;0,0;0,0
SAN;NL:Q:60001550;Scheepvaartweg;Nijmegen;13,0;1,4;0,0;0,0;0,0;0,0
SAN;NL:Q:60001600;Winkelsteeg;Nijmegen;41,0;45,3;5,8;5,4;2,6;1,7
SAN;NL:Q:60001610;Winkelsteeg;Nijmegen;40,1;38,8;4,7;3,4;1,8;3,8
SAN;NL:Q:60001630;Station Heyendaal;Nijmegen;461,8;2158,1;37,5;125,6;51,2;159,4
SAN;NL:Q:60001640;Station Heyendaal;Nijmegen;1662,9;622,3;127,3;34,8;74,7;26,9
SAN;NL:Q:60001670;HAN;Nijmegen;1517,1;407,8;5,0;2,4;1,9;1,7
SAN;NL:Q:60001680;HAN;Nijmegen;82,1;63,2;1,7;3,3;0,7;2,5
SAN;NL:Q:60001690;Dominicanenstraat;Nijmegen;9,7;66,2;10,7;36,7;8,2;35,5
SAN;NL:Q:60001700;Smetiusstraat;Nijmegen;222,6;150,8;121,4;91,8;66,9;44,8
SAN;NL:Q:60001710;Badhuis;Nijmegen;30,5;76,6;31,4;51,4;15,9;41,6
SAN;NL:Q:60001720;Pandastraat;Nijmegen;89,8;9,9;43,5;1,9;23,6;0,8
SAN;NL:Q:60001730;Obrechtstraat;Nijmegen;7,4;42,2;4,5;29,8;5,0;21,2
SAN;NL:Q:60001740;Pandastraat;Nijmegen;7,6;67,9;1,6;35,9;0,9;22,0
SAN;NL:Q:60001750;Koningshof;Nijmegen;17,6;103,3;13,6;76,2;8,0;54,3
SAN;NL:Q:60001790;Hengstdalseweg/Broerdijk;Nijmegen;4,6;79,9;3,4;58,3;3,1;49,7
SAN;NL:Q:60001810;Beukstraat;Nijmegen;2,0;51,1;1,4;37,6;1,7;32,8
SAN;NL:Q:60001830;Hengstdalseweg/Sophiaweg;Nijmegen;1,6;37,9;1,5;25,2;1,1;19,8
SAN;NL:Q:60001840;Beemdstraat;Nijmegen;17,1;67,9;10,7;56,0;5,0;44,2
SAN;NL:Q:60001860;Heidebloemstraat;Nijmegen;32,8;130,3;13,4;89,5;7,6;72,1
SAN;NL:Q:60001870;Archimedesstraat;Nijmegen;79,6;27,9;61,5;11,9;32,5;6,2
SAN;NL:Q:60001880;Archimedesstraat;Nijmegen;32,4;89,9;13,3;73,3;6,2;47,3
SAN;NL:Q:60001890;Heidebloemstraat;Nijmegen;159,7;36,7;114,6;15,7;59,8;7,6
SAN;NL:Q:60001900;Galvanistraat;Nijmegen;101,3;31,3;84,5;22,2;49,9;7,5
SAN;NL:Q:60001910;Beemdstraat;Nijmegen;59,3;20,7;50,4;14,0;28,2;6,1
SAN;NL:Q:60001920;Irene Vorrinkstraat;Nijmegen;25,5;56,4;13,2;35,4;5,6;22,8
SAN;NL:Q:60001940;Edisonstraat;Nijmegen;29,9;57,0;22,3;53,8;8,7;33,6
SAN;NL:Q:60001950;Galvanistraat;Nijmegen;31,0;89,1;22,6;74,9;8,0;51,6
SAN;NL:Q:60001960;Akkerlaan;Nijmegen;9,1;49,3;3,4;26,3;2,3;24,8
SAN;NL:Q:60001970;Caesarstraat;Nijmegen;59,2;0,7;44,2;0,2;28,8;0,4
SAN;NL:Q:60001980;Caesarstraat;Nijmegen;0,7;60,1;0,1;48,8;0,1;26,5
SAN;NL:Q:60001990;Irene Vorrinkstraat;Nijmegen;61,0;25,7;38,1;13,9;25,4;7,0
SAN;NL:Q:60002001;Plein 1944;Nijmegen;686,1;602,9;503,4;462,0;234,8;250,0
SAN;NL:Q:60002002;Plein 1944;Nijmegen;1030,7;461,0;902,9;467,8;405,9;197,0
SAN;NL:Q:60002003;Plein 1944;Nijmegen;114,9;243,7;116,2;107,6;16,1;9,1
SAN;NL:Q:60002004;Plein 1944;Nijmegen;115,0;210,8;25,8;18,7;10,4;14,6
SAN;NL:Q:60002005;Plein 1944;Nijmegen;304,0;170,1;322,1;119,9;121,6;59,3
SAN;NL:Q:60002006;Plein 1944;Nijmegen;120,5;308,2;123,6;360,1;46,2;139,1
SAN;NL:Q:60002010;Fransestraat;Nijmegen;34,4;82,6;18,7;28,3;13,3;24,8
SAN;NL:Q:60002020;Fransestraat;Nijmegen;65,6;31,4;26,5;19,8;13,2;17,5
SAN;NL:Q:60002090;Prins Bernhardstraat;Nijmegen;0,0;0,0;0,0;0,0;0,0;0,0
SAN;NL:Q:60002520;Tunnelweg;Nijmegen;196,8;63,3;107,4;51,7;93,7;35,7
SAN;NL:Q:60002580;Tunnelweg;Nijmegen;7,7;449,3;6,2;225,2;6,5;138,1
SAN;NL:Q:60003070;Edisonstraat;Nijmegen;65,6;26,5;58,8;18,6;36,4;6,8
SAN;NL:Q:60003120;Kanunnik Faberstraat;Nijmegen;56,9;29,8;48,6;26,1;29,5;17,9
SAN;NL:Q:60003140;Kan. Mijllinckstraat;Nijmegen;54,0;59,9;43,6;48,9;27,8;37,4
SAN;NL:Q:60003220;Kwekerijweg;Nijmegen;12,4;0,4;12,9;0,2;7,8;0,3
SAN;NL:Q:60003230;Kwekerijweg;Nijmegen;0,5;10,6;0,2;12,6;0,2;10,8
SAN;NL:Q:60003260;Gymnasion;Nijmegen;66,2;3,1;40,1;0,9;38,9;0,5
SAN;NL:Q:60003280;Huygensgebouw;Nijmegen;215,7;80,1;41,9;6,3;26,8;4,3
SAN;NL:Q:60003370;Merwedestraat;Nijmegen;7,9;77,4;7,0;78,7;2,3;30,8
SAN;NL:Q:60003430;Zwaluwstraat;Nijmegen;7,7;5,6;0,0;0,0;0,0;0,0
SAN;NL:Q:60003440;Zwaluwstraat;Nijmegen;5,0;11,9;0,0;0,0;0,0;0,0
SAN;NL:Q:60003450;Vlietstraat;Nijmegen;69,3;23,0;46,8;15,7;21,6;11,6
SAN;NL:Q:60003490;Biezenstraat;Nijmegen;86,3;7,3;62,2;6,7;30,6;4,1
SAN;NL:Q:60003580;Vlietstraat;Nijmegen;25,4;70,9;17,1;46,0;9,7;21,9
SAN;NL:Q:60003660;Biezenstraat;Nijmegen;7,4;70,3;5,5;54,1;3,2;25,8
SAN;NL:Q:60003720;Merwedestraat;Nijmegen;85,5;8,7;69,9;8,9;33,0;3,9
SAN;NL:Q:60003770;Huygensgebouw;Nijmegen;262,3;648,9;6,3;42,8;4,2;41,0
SAN;NL:Q:60003810;Gymnasion;Nijmegen;4,5;54,9;0,9;43,7;0,7;39,6
SAN;NL:Q:60003820;Houtlaan;Nijmegen;0,0;0,0;0,0;0,1;0,0;0,0
SAN;NL:Q:60003840;Kan. van Osstraat;Nijmegen;1,1;9,4;1,1;8,9;0,6;7,3
SAN;NL:Q:60003880;Industrieweg;Nijmegen;24,9;119,3;7,9;40,8;2,2;7,5
SAN;NL:Q:60003960;Industrieweg;Nijmegen;150,1;24,3;42,0;10,1;9,8;4,3
SAN;NL:Q:60004080;Tollensstraat;Nijmegen;47,9;114,2;21,2;67,3;11,6;45,8
SAN;NL:Q:60004120;Thijmstraat;Nijmegen;23,0;127,2;8,6;66,0;6,7;50,2
SAN;NL:Q:60004160;Dobbelmanweg/Groenestr.;Nijmegen;10,5;30,2;3,0;15,1;1,9;16,9
SAN;NL:Q:60004220;Hertstraat;Nijmegen;7,2;48,3;2,4;25,4;1,1;22,0
SAN;NL:Q:60004320;Muntweg/Wezenlaan;Nijmegen;14,5;77,0;6,5;58,7;4,3;38,8
SAN;NL:Q:60004370;Heideparkseweg;Nijmegen;42,6;9,2;42,3;5,3;24,1;2,2
SAN;NL:Q:60004380;Muntweg/Overweg;Nijmegen;8,6;50,4;3,9;46,7;2,5;31,4
SAN;NL:Q:60004420;Manningstraat;Nijmegen;1,7;24,1;1,4;28,1;1,3;15,5
SAN;NL:Q:60004450;Manningstraat;Nijmegen;17,9;2,6;17,7;2,5;10,1;1,5
SAN;NL:Q:60004490;Muntweg/Overweg;Nijmegen;48,5;8,0;36,8;3,4;23,3;2,1
SAN;NL:Q:60004520;Heideparkseweg;Nijmegen;6,0;43,5;4,0;37,8;2,3;25,9
SAN;NL:Q:60004530;Muntweg/Wezenlaan;Nijmegen;53,4;15,7;39,3;6,7;18,9;4,3
SAN;NL:Q:60004610;Hertstraat;Nijmegen;48,0;5,9;26,4;1,5;17,6;0,9
SAN;NL:Q:60004650;Willemsweg/Groenestraat;Nijmegen;66,8;20,6;44,3;6,8;27,6;5,8
SAN;NL:Q:60004690;Thijmstraat;Nijmegen;123,2;25,2;63,2;11,8;36,2;7,2
SAN;NL:Q:60004730;Tollensstraat;Nijmegen;142,4;55,5;78,0;24,9;43,4;14,1
SAN;NL:Q:60004810;CW-ziekenhuis;Nijmegen;240,8;78,8;42,1;12,8;30,1;8,7
SAN;NL:Q:60004820;CW-ziekenhuis;Nijmegen;70,6;224,1;13,5;40,4;10,3;27,7
SAN;NL:Q:60004830;Begraafplaats Jonkerbos;Nijmegen;109,2;49,1;57,4;11,8;34,4;10,3
SAN;NL:Q:60004840;Begraafplaats Jonkerbos;Nijmegen;46,1;97,8;12,8;57,0;8,3;37,4
SAN;NL:Q:60004850;Sanadome;Nijmegen;39,2;13,1;30,9;5,4;21,7;4,5
SAN;NL:Q:60004860;Sanadome;Nijmegen;7,9;54,6;4,0;33,5;2,5;24,1
SAN;NL:Q:60005160;Vijverhof;Nijmegen;36,2;1,3;36,1;0,5;22,8;0,4
SAN;NL:Q:60005180;Kwakkenbergweg/Sophiaweg;Nijmegen;88,3;1,1;33,8;0,2;19,7;0,4
SAN;NL:Q:60005190;Kwakkenbergweg/Sophiaweg;Nijmegen;1,3;81,4;0,4;30,6;0,5;30,5
SAN;NL:Q:60005290;Hatert-Centrum;Nijmegen;12,2;79,1;4,7;18,8;4,4;21,5
SAN;NL:Q:60005320;Broerweg;Nijmegen;149,2;1,5;71,4;0,4;40,8;0,2
SAN;NL:Q:60005330;Broerweg;Nijmegen;1,4;141,7;0,7;73,1;0,3;50,0
SAN;NL:Q:60005360;Mr. Franckenstraat;Nijmegen;6,3;7,1;3,8;2,0;3,2;0,8
SAN;NL:Q:60005370;Mr. Franckenstraat;Nijmegen;2,7;11,0;2,8;4,8;1,1;4,6
SAN;NL:Q:60005380;Mesdagstraat;Nijmegen;39,6;1,7;22,8;0,4;16,1;0,5
SAN;NL:Q:60005410;Hugo de Grootstraat;Nijmegen;8,1;66,4;4,1;34,1;2,6;28,9
SAN;NL:Q:60005440;Hugo de Grootstraat;Nijmegen;73,3;6,9;42,6;1,8;27,2;1,4
SAN;NL:Q:60005450;Mesdagstraat;Nijmegen;1,9;46,9;0,7;30,2;0,6;19,5
SAN;NL:Q:60005480;Mariaplein;Nijmegen;11,4;4,9;8,6;4,2;6,6;2,3
SAN;NL:Q:60005490;Mariaplein;Nijmegen;1,4;21,0;0,6;17,1;0,3;16,8
SAN;NL:Q:60005560;Hatert-Centrum;Nijmegen;97,6;9,4;27,7;4,2;19,8;4,5
SAN;NL:Q:60005650;Vijverhof;Nijmegen;2,0;39,0;0,7;37,1;0,7;23,6
SAN;NL:Q:60008020;Couwenbergstraat;Nijmegen;98,3;176,4;81,8;140,8;30,5;105,3
SAN;NL:Q:60008030;Hatert-Delsenhof;Nijmegen;49,0;37,6;49,1;31,9;27,4;17,2
SAN;NL:Q:60008040;Polkastraat;Nijmegen;108,2;85,4;72,3;55,3;44,9;40,7
SAN;NL:Q:60008050;Hogendorpstraat;Nijmegen;46,0;1,1;32,6;1,1;19,7;0,4
SAN;NL:Q:60008060;Hogendorpstraat;Nijmegen;0,5;43,7;0,2;33,1;0,1;23,0
SAN;NL:Q:60008070;Thorbeckestraat;Nijmegen;175,7;46,8;111,0;35,0;67,4;15,2
SAN;NL:Q:60008080;Winkelcentrum Notenhout;Nijmegen;178,4;1,3;146,8;1,5;78,8;0,6
SAN;NL:Q:60008090;Middachtenstraat;Nijmegen;51,0;0,3;34,4;0,5;22,5;0,1
SAN;NL:Q:60008100;Couwenbergstraat;Nijmegen;182,0;121,6;160,2;100,9;93,5;38,3
SAN;NL:Q:60008110;Treubstraat;Nijmegen;91,6;2,6;71,1;2,8;42,8;0,6
SAN;NL:Q:60008120;Aubadestraat;Nijmegen;98,9;1,8;79,1;1,3;42,0;0,5
SAN;NL:Q:60008140;v.d.Duyn van Maasdamstr.;Nijmegen;30,3;37,3;23,9;26,6;8,5;22,8
SAN;NL:Q:60008150;v.d.Duyn van Maasdamstr.;Nijmegen;23,9;9,8;18,5;7,3;12,9;3,2
SAN;NL:Q:60008160;Paul Krugerstraat;Nijmegen;183,3;13,2;136,5;6,2;77,7;2,7
SAN;NL:Q:60008180;Vuurdoornstraat;Nijmegen;177,0;9,5;128,8;5,6;73,6;3,4
SAN;NL:Q:60008190;Nocturnestraat;Nijmegen;0,7;44,2;0,6;34,9;0,4;24,0
SAN;NL:Q:60008200;Nocturnestraat;Nijmegen;57,1;0,4;46,5;0,5;24,9;0,1
SAN;NL:Q:60008220;Molenweg/Wolfskuilseweg;Nijmegen;82,5;12,8;66,0;8,9;35,0;4,6
SAN;NL:Q:60008240;Fuchsiastraat;Nijmegen;232,1;55,1;199,7;40,6;97,6;15,1
SAN;NL:Q:60008280;2e Oude Heselaan;Nijmegen;19,9;37,8;14,2;19,7;7,3;15,2
SAN;NL:Q:60008430;2e Oude Heselaan;Nijmegen;30,9;77,0;16,2;60,0;15,3;29,0
SAN;NL:Q:60008440;Treubstraat;Nijmegen;3,9;102,1;3,8;76,8;0,8;50,9
SAN;NL:Q:60008450;Fuchsiastraat;Nijmegen;71,3;180,7;50,6;151,0;18,6;74,2
SAN;NL:Q:60008460;Thorbeckestraat;Nijmegen;44,1;198,0;34,5;133,3;13,4;91,9
SAN;NL:Q:60008480;Middachtenstraat;Nijmegen;0,4;45,0;0,2;32,7;0,1;24,1
SAN;NL:Q:60008490;Molenweg/Wolfskuilseweg;Nijmegen;8,1;97,6;4,4;76,7;2,6;56,0
SAN;NL:Q:60008530;Vuurdoornstraat;Nijmegen;10,1;193,3;6,1;142,5;3,7;98,8
SAN;NL:Q:60008570;Paul Krugerstraat;Nijmegen;10,5;135,0;5,5;103,7;2,5;69,4
SAN;NL:Q:60008610;Aubadestraat;Nijmegen;0,9;106,9;0,8;81,3;0,3;50,0
SAN;NL:Q:60008620;Rosa de Limastraat;Nijmegen;2,6;63,3;1,5;44,5;0,9;23,8
SAN;NL:Q:60008630;Rosa de Limastraat;Nijmegen;54,9;3,1;37,4;2,1;17,6;1,2
SAN;NL:Q:60008650;Winkelcentrum Notenhout;Nijmegen;1,7;176,3;1,3;128,9;0,5;76,3
SAN;NL:Q:60009630;Erasmusgebouw;Nijmegen;1064,8;1452,2;14,4;67,3;13,1;68,1
SAN;NL:Q:60009640;Erasmusgebouw;Nijmegen;547,9;130,3;65,9;11,1;62,4;11,1
SAN;NL:Q:60009650;Spinozageb/Tandheelkunde;Nijmegen;607,5;750,2;12,4;12,9;7,4;6,4
SAN;NL:Q:60009661;Spinozageb/Tandheelkunde;Nijmegen;204,6;127,2;11,3;15,1;4,8;9,2
SAN;NL:Q:60100010;Sportpark Union;Malden;2,2;4,4;0,9;2,1;0,6;2,7
SAN;NL:Q:60100020;Rijksweg/Grote Loef;Malden;25,0;1,7;12,7;0,8;13,6;0,9
SAN;NL:Q:60100030;Grootveldschelaan;Malden;1,6;34,0;0,5;12,6;0,9;15,0
SAN;NL:Q:60100040;Groesbeekseweg;Malden;33,5;4,2;19,2;3,3;27,8;3,0
SAN;NL:Q:60100060;Kloosterstraat;Malden;31,9;2,3;22,9;1,7;26,6;1,6
SAN;NL:Q:60100070;Kloosterstraat;Malden;1,6;24,5;1,0;15,3;1,2;19,8
SAN;NL:Q:60100090;Groesbeekseweg;Malden;5,9;37,1;4,3;21,4;4,5;35,6
SAN;NL:Q:60100100;Grootveldschelaan;Malden;40,0;1,9;15,9;0,6;17,0;0,8
SAN;NL:Q:60100110;Rijksweg/Grote Loef;Malden;0,8;20,1;1,0;11,9;1,2;15,2
SAN;NL:Q:60100120;Sportpark Union;Malden;5,0;5,4;1,1;0,7;2,0;0,8
SAN;NL:Q:60100130;Rijksweg/Nertsstraat;Malden;0,7;9,2;0,6;4,8;0,5;4,4
SAN;NL:Q:60100140;Rijksweg/Nertsstraat;Malden;7,3;1,2;3,6;0,5;4,2;0,6
SAN;NL:Q:60100150;De Wieken;Malden;0,1;17,2;0,0;0,7;0,0;0,0
SAN;NL:Q:60100160;De Lage Horst;Malden;11,7;0,4;0,0;0,0;0,0;0,0
SAN;NL:Q:60100170;De Kruigang;Malden;0,2;6,2;0,0;0,2;0,0;0,0
SAN;NL:Q:60100180;De Veldschuur;Malden;31,3;1,2;0,0;0,0;0,0;0,0
SAN;NL:Q:60100190;De Veldschuur;Malden;0,2;20,9;0,0;0,4;0,0;0,0
SAN;NL:Q:60100200;De Kruigang;Malden;8,3;0,1;0,0;0,0;0,0;0,0
SAN;NL:Q:60100210;De Lage Horst;Malden;0,3;10,2;0,0;0,5;0,0;0,0
SAN;NL:Q:60100220;De Wieken;Malden;18,9;0,1;0,0;0,0;0,0;0,0
SAN;NL:Q:60100250;Vinkenlaan;Malden;0,1;13,6;0,0;0,5;0,0;0,0
SAN;NL:Q:60100260;Vinkenlaan;Malden;13,3;0,6;0,0;0,0;0,0;0,0
SAN;NL:Q:60100270;Heidezoom;Malden;5,7;14,1;0,0;0,4;0,0;0,0
SAN;NL:Q:60100280;Heidezoom;Malden;17,2;1,6;0,0;0,0;0,0;0,0
SAN;NL:Q:60100910;Plantsoenstraat;Malden;0,1;0,5;0,0;0,0;0,0;0,0
SAN;NL:Q:60100920;Plantsoenstraat;Malden;0,4;0,2;0,0;0,0;0,0;0,0
SAN;NL:Q:60100940;Broekkant/Malderburch;Malden;1,2;0,1;0,0;0,0;0,0;0,0
SAN;NL:Q:60101030;Zweefvliegveld;Malden;0,1;0,4;0,0;0,0;0,0;0,0
SAN;NL:Q:60101040;Zweefvliegveld;Malden;0,3;0,1;0,0;0,0;0,0;0,0
SAN;NL:Q:60101070;Groesbeekseweg/Bosweg;Malden;0,0;0,2;0,0;0,0;0,0;0,0
SAN;NL:Q:60101080;Groesbeekseweg/Bosweg;Malden;0,1;0,1;0,0;0,0;0,0;0,0
SAN;NL:Q:60101120;Schoolstraat;Malden;16,8;14,1;0,0;0,0;0,0;0,0
SAN;NL:Q:60109140;Raadhuisstraat;Malden;0,0;1,9;0,0;0,0;0,0;0,0
SAN;NL:Q:60110010;Dekkerswald;Groesbeek;7,0;58,0;4,6;30,6;2,2;25,1
SAN;NL:Q:60110020;Werkenrode;Groesbeek;43,7;12,2;19,7;6,7;13,3;3,3
SAN;NL:Q:60110030;Werkenrode;Groesbeek;12,6;47,3;7,1;20,6;3,7;16,6
SAN;NL:Q:60110040;Dekkerswald;Groesbeek;54,2;8,1;29,2;4,1;22,9;2,2
SAN;NL:Q:60110050;Pro Persona;Nijmegen;0,0;0,0;0,0;0,0;0,0;0,0
SAN;NL:Q:60110060;Pro Persona;Nijmegen;0,0;0,0;0,0;0,0;0,0;0,0
SAN;NL:Q:60110070;De Thermen/MMK;Nijmegen;0,0;0,0;0,0;0,0;0,0;0,0
SAN;NL:Q:60110090;De Thermen/MMK;Nijmegen;0,0;0,0;0,0;0,0;0,0;0,0
SAN;NL:Q:60110110;Museum Orientalis;Heilig Landstichting;0,0;0,0;0,1;0,0;0,1;0,2
SAN;NL:Q:60110130;Afrika Museum;Berg en Dal;0,1;0,1;3,4;3,5;2,6;2,3
SAN;NL:Q:60110150;Sionsweg;Heilig Landstichting;5,2;27,9;3,8;26,7;3,1;18,6
SAN;NL:Q:60110160;Sionsweg;Heilig Landstichting;28,7;7,0;25,0;4,4;18,1;3,8
SAN;NL:Q:60110440;Panovenlaan;Nijmegen;32,8;7,6;18,7;3,1;13,9;2,9
SAN;NL:Q:60110570;Panovenlaan;Nijmegen;7,2;36,1;3,2;21,7;2,5;15,7
SAN;NL:Q:60140050;Centrum;Heumen;0,9;2,1;0,0;0,0;0,0;0,0
SAN;NL:Q:60140060;Centrum;Heumen;2,9;0,9;0,0;0,0;0,0;0,0
SAN;NL:Q:60140090;Worsumseweg;Overasselt;0,0;0,3;0,0;0,0;0,0;0,0
SAN;NL:Q:60140100;Worsumseweg;Overasselt;0,3;0,0;0,0;0,0;0,0;0,0
SAN;NL:Q:60140130;Tempelstraat;Overasselt;0,9;0,7;0,0;0,0;0,0;0,0
SAN;NL:Q:60140140;Tempelstraat;Overasselt;0,3;0,7;0,0;0,0;0,0;0,0
SAN;NL:Q:60140170;Beatrixstraat;Overasselt;1,8;1,6;0,0;0,0;0,0;0,0
SAN;NL:Q:60140180;Beatrixstraat;Overasselt;2,2;1,6;0,0;0,0;0,0;0,0
SAN;NL:Q:60140310;Sint Walrick;Overasselt;0,5;8,7;0,2;5,7;0,2;5,2
SAN;NL:Q:60140320;Sint Walrick;Overasselt;8,6;1,1;7,0;0,3;8,1;0,7
SAN;NL:Q:60140330;Schatkuilsestraat;Overasselt;0,2;2,9;0,0;1,3;0,0;0,9
SAN;NL:Q:60140340;Schatkuilsestraat;Overasselt;2,8;0,2;1,2;0,0;1,8;0,0
SAN;NL:Q:60140350;Sleeburgsestraat;Overasselt;0,3;3,9;0,0;0,3;0,1;0,4
SAN;NL:Q:60140360;Sleeburgsestraat;Overasselt;2,9;0,2;0,3;0,0;0,3;0,0
SAN;NL:Q:60140370;Kasteelsestraat;Overasselt;0,1;1,6;0,0;0,8;0,1;0,4
SAN;NL:Q:60140380;Kasteelsestraat;Overasselt;0,2;0,0;0,0;0,0;0,0;0,0
SAN;NL:Q:60140390;Hoogstraat;Overasselt;2,9;44,1;1,3;16,1;0,8;11,5
SAN;NL:Q:60140400;Hoogstraat;Overasselt;46,5;3,0;14,0;1,3;11,6;0,7
SAN;NL:Q:60140410;Ewijkseweg;Overasselt;0,2;1,3;0,1;0,3;0,0;0,7
SAN;NL:Q:60140420;Ewijkseweg;Overasselt;1,3;0,2;0,3;0,0;0,8;0,0
SAN;NL:Q:60140430;Gaasselsedam;Overasselt;0,2;1,3;0,4;0,5;0,2;0,4
SAN;NL:Q:60140440;Gaasselsedam;Overasselt;1,0;0,4;0,5;0,1;0,5;0,0
SAN;NL:Q:60150010;Streekweg;Nijmegen;3,5;10,2;0,7;2,2;0,6;1,7
SAN;NL:Q:60150030;Teersdijk;Alverna;1,4;10,3;0,4;6,7;0,3;1,5
SAN;NL:Q:60150040;Heumenseweg;Alverna;22,3;5,2;10,4;0,7;4,7;0,6
SAN;NL:Q:60150050;Havenweg;Alverna;1,0;9,4;0,3;2,5;0,1;1,5
SAN;NL:Q:60150060;Havenweg;Alverna;5,2;0,6;1,8;0,4;0,9;0,1
SAN;NL:Q:60150070;Heumenseweg;Alverna;4,7;22,0;1,2;7,5;0,7;4,6
SAN;NL:Q:60150080;Teersdijk;Alverna;9,9;2,7;7,2;2,1;5,6;1,2
SAN;NL:Q:60150100;Streekweg;Nijmegen;6,1;6,9;1,2;1,2;1,1;1,0
SAN;NL:Q:60150110;Industriepark;Wijchen;1,3;5,1;0,2;2,1;0,4;2,7
SAN;NL:Q:60150120;Industriepark;Wijchen;4,4;1,2;1,8;0,3;2,5;0,3
SAN;NL:Q:60150130;Teersdijk;Alverna;1,0;5,3;0,6;3,2;0,8;3,7
SAN;NL:Q:60150180;Parksesteeg;Overasselt;0,7;0,1;0,6;0,0;0,9;0,0
SAN;NL:Q:60150200;Oude Nijmeegseweg;Overasselt;3,2;0,3;1,1;0,1;1,2;0,0
SAN;NL:Q:60150220;Cornelis Drebbelstraat;Wijchen;0,4;2,6;0,1;0,3;0,1;0,5
SAN;NL:Q:60150230;Cornelis Drebbelstraat;Wijchen;4,8;1,0;0,6;0,1;0,8;0,2
SAN;NL:Q:60150240;Graafsebrug;Nijmegen;84,4;7,0;61,8;4,1;32,4;1,8
SAN;NL:Q:60150250;Graafsebrug;Nijmegen;7,2;85,6;4,0;71,9;2,0;44,5
SAN;NL:Q:60150260;Viaductweg;Nijmegen;69,7;5,7;45,7;3,1;25,0;1,8
SAN;NL:Q:60150270;Viaductweg;Nijmegen;12,3;102,2;2,0;64,5;1,3;35,5
SAN;NL:Q:60150280;Kerkenbos;Nijmegen;4,1;2,2;0,3;0,2;0,3;0,1
SAN;NL:Q:60150290;Kerkenbos;Nijmegen;1,0;7,0;0,1;0,8;0,1;0,8
SAN;NL:Q:60150310;Oude Nijmeegseweg;Overasselt;0,4;3,6;0,1;1,7;0,1;1,4
SAN;NL:Q:60150330;Parksesteeg;Overasselt;0,1;1,0;0,0;0,6;0,1;1,2
SAN;NL:Q:60150490;Spijkerhofweg;Nijmegen;45,0;15,6;22,7;4,1;13,6;1,9
SAN;NL:Q:60150500;Spijkerhofweg;Nijmegen;10,3;36,1;3,4;17,8;1,9;13,9
SAN;NL:Q:60150530;Woonboulevard;Nijmegen;1,2;16,1;0,6;12,7;0,3;7,7
SAN;NL:Q:60150540;Woonboulevard;Nijmegen;5,1;3,9;4,9;2,8;2,7;1,2
SAN;NL:Q:60150840;van Boetbergweg/Aldenhof;Nijmegen;24,3;3,3;5,1;1,4;3,7;1,8
SAN;NL:Q:60150860;van Boetbergweg/Malvert;Nijmegen;124,1;12,0;86,1;11,0;46,4;5,6
SAN;NL:Q:60150930;van Boetbergweg/Aldenhof;Nijmegen;3,7;26,0;1,4;6,3;2,3;5,5
SAN;NL:Q:60150950;van Boetbergweg/Malvert;Nijmegen;4,4;78,2;3,6;55,9;2,1;40,0
SAN;NL:Q:60151001;Station Dukenburg;Nijmegen;37,2;343,8;15,4;286,8;16,8;101,8
SAN;NL:Q:60151002;Station Dukenburg;Nijmegen;472,3;239,7;345,3;122,2;138,5;66,2
SAN;NL:Q:60151003;Station Dukenburg;Nijmegen;377,6;483,9;228,2;339,6;66,8;231,4
SAN;NL:Q:60151004;Station Dukenburg;Nijmegen;236,6;134,4;90,7;57,0;50,5;29,2
SAN;NL:Q:60151005;Station Dukenburg;Nijmegen;284,8;276,1;207,1;122,7;128,1;55,9
SAN;NL:Q:60151006;Station Dukenburg;Nijmegen;353,8;258,6;244,6;141,7;141,3;40,5
SAN;NL:Q:60151010;Lagelandseweg;Nijmegen;9,0;0,6;0,0;0,0;0,0;0,0
SAN;NL:Q:60151020;Lagelandseweg;Nijmegen;0,9;16,3;0,0;0,0;0,0;0,0
SAN;NL:Q:60151030;Hogelandseweg;Nijmegen;21,0;2,0;0,0;0,0;0,0;0,0
SAN;NL:Q:60151040;Hogelandseweg;Nijmegen;1,6;13,2;0,0;0,0;0,0;0,0
SAN;NL:Q:60152000;Aldenhof 50/70 str.;Nijmegen;1,5;3,1;1,1;1,8;0,4;1,6
SAN;NL:Q:60152010;Aldenhof 52/64 str.;Nijmegen;4,6;5,7;3,2;5,0;2,2;4,2
SAN;NL:Q:60152020;Aldenhof 53/14 str.;Nijmegen;15,9;13,1;12,2;9,9;6,9;6,2
SAN;NL:Q:60152030;Aldenhof 13/38 str.;Nijmegen;16,9;13,1;14,2;12,6;7,1;6,4
SAN;NL:Q:60152040;Aldenhof 12/32 str.;Nijmegen;13,9;7,9;11,4;6,6;7,2;4,5
SAN;NL:Q:60152050;Weezenhof;Nijmegen;83,7;67,2;64,5;51,2;35,8;31,0
SAN;NL:Q:60152090;Weezenhof 10e straat;Nijmegen;81,4;0,5;60,1;0,3;29,8;0,2
SAN;NL:Q:60152150;Winkelcentrum Meijhorst;Nijmegen;0,0;2,4;0,0;1,6;0,1;1,1
SAN;NL:Q:60152160;Winkelcentrum Meijhorst;Nijmegen;3,2;10,1;2,1;5,6;1,5;4,2
SAN;NL:Q:60152210;Meijhorst-Sporthal;Nijmegen;190,7;8,3;117,8;3,9;61,9;2,0
SAN;NL:Q:60152230;De Doekenborg;Nijmegen;44,1;0,5;39,4;1,2;21,3;0,1
SAN;NL:Q:60152250;Meijhorst 13e straat;Nijmegen;143,9;5,2;93,2;3,4;46,9;1,3
SAN;NL:Q:60152290;Tolhuis 11e straat;Nijmegen;99,1;5,2;71,5;3,0;36,2;1,5
SAN;NL:Q:60152300;Van Apelterenweg;Nijmegen;88,4;1,6;58,9;1,6;34,2;0,3
SAN;NL:Q:60152330;Tolhuis 10e straat;Nijmegen;52,6;5,2;34,8;3,6;21,2;1,8
SAN;NL:Q:60152760;Tolhuis 10e straat;Nijmegen;4,3;62,6;1,8;38,0;1,7;25,2
SAN;NL:Q:60152780;Tolhuis 11e straat;Nijmegen;4,8;96,9;2,3;74,2;1,5;41,7
SAN;NL:Q:60152800;Van Apelterenweg;Nijmegen;1,7;85,2;0,7;55,8;0,3;33,6
SAN;NL:Q:60152820;Meijhorst 13e straat;Nijmegen;5,0;134,8;2,9;92,2;1,7;50,5
SAN;NL:Q:60152840;Meijhorst-Sporthal;Nijmegen;6,3;186,1;3,7;108,7;1,9;62,2
SAN;NL:Q:60152880;De Doekenborg;Nijmegen;0,3;53,1;0,4;46,9;0,2;24,2
SAN;NL:Q:60152920;Weezenhof 10e straat;Nijmegen;0,4;77,4;0,5;62,0;0,1;30,8
SAN;NL:Q:60154980;Steve Bikoplein;Nijmegen;22,0;7,5;7,8;3,5;7,7;2,5
SAN;NL:Q:60155010;Steve Bikoplein;Nijmegen;7,9;27,0;4,5;11,0;4,0;8,7
SAN;NL:Q:60155050;Zwanenveld 10e str.;Nijmegen;26,9;4,2;20,0;3,1;13,0;1,7
SAN;NL:Q:60155090;Zwanenveld 12e str.;Nijmegen;23,7;13,6;16,6;8,1;8,7;2,9
SAN;NL:Q:60155130;Lankforst 16e str.;Nijmegen;48,5;41,2;39,7;33,1;27,7;13,1
SAN;NL:Q:60155170;Lankforst 14e str.;Nijmegen;38,1;26,3;22,3;13,7;14,6;5,7
SAN;NL:Q:60155190;Winkelcentrum Malvert;Nijmegen;85,3;45,8;56,9;37,0;33,7;13,7
SAN;NL:Q:60155230;Malvert 13e straat;Nijmegen;38,9;19,4;28,6;17,3;18,9;7,2
SAN;NL:Q:60155600;Winkelcentrum Malvert;Nijmegen;44,1;84,9;33,3;56,5;10,4;36,3
SAN;NL:Q:60155620;Malvert 13e straat;Nijmegen;22,1;34,1;21,0;24,2;5,6;18,2
SAN;NL:Q:60155680;Lankforst 14e str.;Nijmegen;29,1;36,4;17,4;24,0;6,8;17,9
SAN;NL:Q:60155740;Lankforst 16e str.;Nijmegen;41,1;48,0;32,6;40,5;11,0;30,4
SAN;NL:Q:60155780;Zwanenveld 12e str.;Nijmegen;9,6;22,7;5,6;18,1;2,2;10,4
SAN;NL:Q:60155820;Zwanenveld 10e str.;Nijmegen;2,8;34,0;1,5;24,9;1,0;17,2
SAN;NL:Q:60157050;Horstacker;Nijmegen;0,6;105,7;0,2;61,9;0,2;36,1
SAN;NL:Q:60157080;Voorstenkamp/Gildekamp;Nijmegen;5,5;6,4;3,7;4,7;1,8;2,3
SAN;NL:Q:60157090;Meeuwseacker;Nijmegen;2,0;44,8;0,3;30,2;0,1;19,1
SAN;NL:Q:60157120;Gildekamp/Kluijskamp;Nijmegen;6,4;6,9;4,4;4,8;3,6;3,2
SAN;NL:Q:60157160;Wellenkamp/Hoefkamp;Nijmegen;10,5;7,4;9,2;6,9;3,6;3,8
SAN;NL:Q:60157220;Meeuwseacker;Nijmegen;46,9;0,7;37,4;0,3;22,2;0,2
SAN;NL:Q:60157260;Horstacker;Nijmegen;106,2;0,5;61,5;0,2;33,0;0,1
SAN;NL:Q:60157270;IJpenbroekweg;Nijmegen;16,4;3,9;2,8;1,1;3,1;1,1
SAN;NL:Q:60157280;IJpenbroekweg;Nijmegen;1,6;12,8;0,0;0,0;0,0;0,0
SAN;NL:Q:60157290;P+R Nijmegen West;Nijmegen;37,8;33,4;14,4;14,0;10,6;10,9
SAN;NL:Q:60157300;P+R Nijmegen West;Nijmegen;1,4;4,5;0,0;0,0;0,0;0,0
SAN;NL:Q:60157310;Poort Neerbosch ;Nijmegen;27,5;35,6;0,0;0,0;0,0;0,0
SAN;NL:Q:60157320;Poort Neerbosch ;Nijmegen;52,9;27,1;0,0;0,0;0,0;0,0
SAN;NL:Q:60159070;Zellersacker;Nijmegen;94,3;1,0;59,2;0,5;34,2;0,2
SAN;NL:Q:60159080;Hegdambroek;Nijmegen;2,1;53,9;0,7;31,8;1,0;19,4
SAN;NL:Q:60159090;Hillekensacker 10e str.;Nijmegen;68,0;2,1;39,7;1,2;21,8;0,7
SAN;NL:Q:60159110;Leuvensbroek;Nijmegen;145,0;22,7;88,4;4,9;44,1;2,9
SAN;NL:Q:60159120;Wedesteinbroek 12e str.;Nijmegen;3,6;104,9;0,6;28,6;0,3;14,2
SAN;NL:Q:60159130;Wedesteinbroek 22e str.;Nijmegen;32,3;1,2;22,5;0,4;12,0;0,2
SAN;NL:Q:60159140;Wedesteinbroek 22e str.;Nijmegen;1,1;36,2;0,4;25,8;0,4;14,3
SAN;NL:Q:60159150;Wedesteinbroek 12e str.;Nijmegen;89,5;4,4;29,6;0,3;13,3;0,5
SAN;NL:Q:60159160;Hillekensacker 10e str.;Nijmegen;1,9;62,5;1,2;40,9;0,5;26,0
SAN;NL:Q:60159170;Hegdambroek;Nijmegen;49,2;3,3;30,7;0,6;16,4;0,9
SAN;NL:Q:60159180;Leuvensbroek;Nijmegen;23,8;144,2;6,4;83,5;2,4;42,9
SAN;NL:Q:60159220;Zellersacker;Nijmegen;0,6;86,8;0,4;54,9;0,2;32,3
SAN;NL:Q:60190010;Rijksweg;Beek;4,0;16,3;1,0;0,9;0,6;0,5
SAN;NL:Q:60190020;Werchensestraat;Wercheren;0,2;0,0;0,0;0,0;0,0;0,0
SAN;NL:Q:60190030;Werchensestraat;Wercheren;0,0;0,3;0,0;0,0;0,0;0,0
SAN;NL:Q:60190040;Sint Hubertusweg;Beek;9,3;2,0;0,0;0,0;0,0;0,0
SAN;NL:Q:60190090;Leuthsestraat;Ooij;0,3;2,5;0,1;2,3;0,1;0,6
SAN;NL:Q:60190100;Erlecomseweg;Erlecom;2,5;0,2;1,4;0,2;0,9;0,1
SAN;NL:Q:60190110;De Sprong;Ooij;7,8;69,1;7,4;42,5;3,6;21,7
SAN;NL:Q:60190120;Steenfabriek;Erlecom;0,9;1,0;0,6;0,1;0,4;0,1
SAN;NL:Q:60190130;Nassaustraat;Ooij;1,7;19,0;1,7;11,5;0,9;6,0
SAN;NL:Q:60190140;Erlecomsedam;Ooij;3,6;1,8;1,7;0,7;0,7;0,2
SAN;NL:Q:60190150;Erlecomsedam;Ooij;1,7;5,2;0,6;1,3;0,3;0,5
SAN;NL:Q:60190160;Nassaustraat;Ooij;21,2;1,6;13,7;1,5;6,2;1,1
SAN;NL:Q:60190170;Steenfabriek;Erlecom;0,8;1,2;0,1;1,1;0,1;0,4
SAN;NL:Q:60190180;De Sprong;Ooij;64,2;6,9;42,3;6,6;22,2;2,7
SAN;NL:Q:60190190;Erlecomseweg;Erlecom;0,2;1,5;0,2;0,7;0,0;0,8
SAN;NL:Q:60190200;Leuthsestraat;Ooij;2,3;0,2;1,3;0,1;0,7;0,1
SAN;NL:Q:60190900;Natte Beek;Ubbergen;9,1;0,5;9,4;0,4;4,1;0,2
SAN;NL:Q:60190940;Ubbergse Holleweg;Ubbergen;20,8;13,2;8,4;1,3;4,5;0,7
SAN;NL:Q:60190980;De Refter;Ubbergen;6,0;2,0;7,8;1,5;6,3;0,9
SAN;NL:Q:60191150;Ubbergse Holleweg;Ubbergen;13,6;17,6;1,7;5,7;1,1;4,4
SAN;NL:Q:60191170;De Refter;Ubbergen;1,4;7,5;0,9;10,2;0,9;3,9
SAN;NL:Q:60191190;Natte Beek;Ubbergen;0,6;8,6;0,3;6,6;0,3;4,7
SAN;NL:Q:60195060;Hamerlaan;Berg en Dal;58,3;10,9;49,5;7,2;39,8;6,9
SAN;NL:Q:60195080;de Meerberg;Berg en Dal;39,6;1,1;42,8;0,5;24,9;0,3
SAN;NL:Q:60195120;Prins Alexanderlaan;Berg en Dal;35,5;0,6;34,4;0,2;17,5;0,2
SAN;NL:Q:60195690;Prins Alexanderlaan;Berg en Dal;0,6;38,6;0,3;37,3;0,3;21,3
SAN;NL:Q:60195730;de Meerberg;Berg en Dal;0,9;43,7;0,7;45,4;0,5;28,4
SAN;NL:Q:60196040;Kwartelstraat;Beek;1,9;2,1;0,0;0,0;0,0;0,0
SAN;NL:Q:60196060;Lindestraat;Beek;1,3;0,8;0,0;0,0;0,0;0,0
SAN;NL:Q:60196090;Kulturhus;Beek;0,8;0,6;0,0;0,0;0,0;0,0
SAN;NL:Q:60196100;Verbindingsweg;Beek;72,7;23,3;49,0;8,9;30,6;5,3
SAN;NL:Q:60196120;van Randwijckweg;Beek;0,1;0,0;0,0;1,0;0,0;0,0
SAN;NL:Q:60196140;Verbindingsweg;Beek;17,9;40,9;8,4;28,3;5,3;17,2
SAN;NL:Q:60196150;De Ravenberg;Beek;4,9;59,8;3,0;48,2;2,5;28,5
SAN;NL:Q:60196155;De Ravenberg;Beek;46,2;3,2;36,0;3,3;22,7;2,1
SAN;NL:Q:60196410;van Randwijckweg;Beek;0,3;2,5;0,0;0,0;0,0;0,0
SAN;NL:Q:60196500;Groot Berg en Dal;Berg en Dal;10,6;63,2;9,0;56,5;6,3;46,4
SAN;NL:Q:60196510;Groot Berg en Dal;Berg en Dal;2,3;2,6;0,0;0,0;0,0;0,0
SAN;NL:Q:60196530;Meidoornstraat;Beek;0,2;0,6;0,0;0,0;0,0;0,0
SAN;NL:Q:60196610;Kalorama;Beek;2,7;0,4;0,0;0,0;0,0;0,0
SAN;NL:Q:60196620;Kalorama;Beek;0,2;1,7;0,0;0,0;0,0;0,0
SAN;NL:Q:60200010;Sluisweg;Heumen;1,4;9,7;0,6;4,0;0,7;6,1
SAN;NL:Q:60200020;Cuijksesteeg;Mook;10,3;0,7;4,9;0,4;5,7;0,3
SAN;NL:Q:60200030;Rijksweg;Molenhoek;2,6;12,3;1,1;6,1;1,7;7,6
SAN;NL:Q:60200040;Gemeentehuis;Mook;8,3;1,6;3,7;0,8;4,1;0,8
SAN;NL:Q:60200050;Rijksweg/Veldweg;Mook;1,3;6,4;1,3;5,1;1,1;4,6
SAN;NL:Q:60200060;Rijksweg/Veldweg;Mook;7,2;1,1;4,3;0,7;4,6;0,7
SAN;NL:Q:60200070;Gemeentehuis;Mook;1,6;7,5;0,9;3,1;1,2;5,5
SAN;NL:Q:60200080;Rijksweg;Molenhoek;11,7;3,4;7,4;0,9;7,1;1,4
SAN;NL:Q:60200090;Cuijksesteeg;Mook;0,9;7,8;0,5;2,6;0,7;5,0
SAN;NL:Q:60200100;Sluisweg;Heumen;10,7;1,9;4,3;0,6;5,3;0,4
SAN;NL:Q:60200110;Rijksweg/Ringbaan;Molenhoek;0,0;0,0;0,0;0,5;0,0;0,0
SAN;NL:Q:60200130;Esdoornlaan;Molenhoek;0,0;0,0;0,0;0,8;0,0;0,0
SAN;NL:Q:60200180;Lijsterbeshof;Molenhoek;0,0;0,0;0,0;0,4;0,0;0,0
SAN;NL:Q:60200250;Station Mook Molenhoek;Molenhoek;0,1;0,1;0,0;0,0;0,0;0,0
SAN;NL:Q:60200260;Station Mook Molenhoek;Molenhoek;0,1;0,0;0,0;0,0;0,0;0,0
SAN;NL:Q:60200280;Station Mook Molenhoek;Molenhoek;0,0;0,0;0,0;1,6;0,0;0,0
SAN;NL:Q:60200350;'t Zwaantje;Mook;0,0;0,0;0,0;0,3;0,0;0,0
SAN;NL:Q:60210010;Stekkenberg;Groesbeek;4,9;58,3;3,0;34,1;1,6;22,9
SAN;NL:Q:60210021;Hemeltje;Breedeweg;12,3;0,1;5,0;0,1;3,2;0,1
SAN;NL:Q:60210030;Nieuweweg;Groesbeek;2,0;43,9;1,5;31,4;0,9;25,9
SAN;NL:Q:60210041;2e Colonjes;Groesbeek;25,8;0,1;16,5;0,1;8,5;0,1
SAN;NL:Q:60210050;De Oude Molen;Groesbeek;2,0;40,3;1,1;32,3;0,8;22,1
SAN;NL:Q:60210060;Herwendaal;Groesbeek;19,0;1,0;11,9;0,7;7,8;0,3
SAN;NL:Q:60210070;Händelstraat;Groesbeek;1,6;64,2;0,6;49,1;0,3;32,6
SAN;NL:Q:60210080;Zuidmolen;Groesbeek;99,4;6,9;56,6;5,0;35,7;1,5
SAN;NL:Q:60210090;Centrum;Groesbeek;17,6;196,1;9,8;100,5;2,9;59,2
SAN;NL:Q:60210110;Zuidmolen;Groesbeek;3,0;54,7;1,1;30,0;0,5;18,3
SAN;NL:Q:60210115;Zuidmolen;Groesbeek;1,5;1,1;0,0;0,0;0,0;0,0
SAN;NL:Q:60210120;Centrum;Groesbeek;239,0;17,2;141,0;9,0;79,8;2,5
SAN;NL:Q:60210130;Herwendaal;Groesbeek;1,0;20,9;0,8;11,1;0,3;6,3
SAN;NL:Q:60210140;De Oude Molen;Groesbeek;52,5;3,9;46,8;2,8;30,8;1,2
SAN;NL:Q:60210152;2e Colonjes;Groesbeek;0,1;21,1;0,1;11,8;0,1;7,4
SAN;NL:Q:60210160;Nieuweweg;Groesbeek;42,3;2,8;30,1;3,5;21,0;1,3
SAN;NL:Q:60210172;Hemeltje;Breedeweg;0,1;13,9;0,0;6,9;0,1;2,7
SAN;NL:Q:60210180;Stekkenberg;Groesbeek;51,4;8,5;29,9;6,3;18,3;3,3
SAN;NL:Q:60210191;Kerkplein;Breedeweg;82,6;63,9;38,2;30,9;23,6;17,7
SAN;NL:Q:60210210;Zuidmolen;Groesbeek;1,4;60,5;1,0;32,1;0,7;21,2
SAN;NL:Q:60210220;Hoge Horst;De Horst;1,4;0,0;0,6;0,0;0,3;0,0
SAN;NL:Q:60210240;Kruispunt;Groesbeek;26,2;0,1;8,4;0,1;5,5;0,1
SAN;NL:Q:60210250;Gooiseweg;Groesbeek;0,4;20,3;0,3;9,9;0,1;5,9
SAN;NL:Q:60210260;Kloosterstraat;Groesbeek;49,4;0,3;21,8;0,2;13,6;0,7
SAN;NL:Q:60210270;Kloosterstraat;Groesbeek;0,3;44,2;0,2;17,8;0,3;10,3
SAN;NL:Q:60210280;Gooiseweg;Groesbeek;21,9;0,6;8,9;0,3;5,3;0,2
SAN;NL:Q:60210290;Kruispunt;Groesbeek;0,1;12,4;0,1;5,2;0,1;2,9
SAN;NL:Q:60210310;Hoge Horst;De Horst;0,1;2,1;0,1;0,7;0,0;0,4
SAN;NL:Q:60210330;Kerk;De Horst;47,1;40,0;22,4;19,1;12,7;10,8
SAN;NL:Q:60210350;De Mallemolen;Groesbeek;0,0;0,0;0,0;0,0;0,0;0,0
SAN;NL:Q:60210370;Gezondheidscentrum;Groesbeek;0,0;0,0;0,0;0,0;0,0;0,0
SAN;NL:Q:60210510;Cranenburgsestraat;Groesbeek;0,0;0,0;0,0;0,1;0,0;0,0
SAN;NL:Q:60211030;De Wolfsberg;Groesbeek;0,5;1,0;0,0;0,0;0,0;0,0
SAN;NL:Q:60211040;De Wolfsberg;Groesbeek;0,1;0,3;0,0;0,0;0,0;0,0
SAN;NL:Q:60211160;Henry Dunantstraat;Groesbeek;0,0;0,0;0,0;0,0;0,0;0,0
SAN;NL:Q:60211630;Canadese Begraafplaats;Groesbeek;0,1;0,8;0,0;0,0;0,0;0,0
SAN;NL:Q:60211640;Canadese Begraafplaats;Groesbeek;0,1;0,1;0,0;0,0;0,0;0,0
SAN;NL:Q:60214050;Spoorzicht;Groesbeek;0,0;0,0;0,0;0,0;0,0;0,0
SAN;NL:Q:60214060;Spoorzicht;Groesbeek;0,0;0,0;0,0;0,0;0,0;0,0
SAN;NL:Q:60214110;Zwembad De Lubert;Groesbeek;0,0;0,0;0,0;0,0;0,0;0,0
SAN;NL:Q:60214120;Zwembad De Lubert;Groesbeek;0,0;0,0;0,0;0,0;0,0;0,0
SAN;NL:Q:60214130;Scholen;Groesbeek;0,0;0,0;0,0;0,0;0,0;0,0
SAN;NL:Q:60214140;Scholen;Groesbeek;0,0;0,0;0,0;0,0;0,0;0,0
SAN;NL:Q:60214150;Sportpark Zuid;Groesbeek;0,0;0,0;0,0;0,0;0,0;0,0
SAN;NL:Q:60214160;Sportpark Zuid;Groesbeek;0,0;0,0;0,0;0,0;0,0;0,0
SAN;NL:Q:60214270;De Strekel;Groesbeek;0,0;0,0;0,0;0,0;0,0;0,0
SAN;NL:Q:60214280;De Strekel;Groesbeek;0,0;0,0;0,0;0,0;0,0;0,0
SAN;NL:Q:60250010;Rijdtsestraat;Alverna;0,7;5,9;0,4;1,5;0,1;1,0
SAN;NL:Q:60250020;Eindsestraat;Nederasselt;6,7;2,1;5,5;0,7;3,1;0,3
SAN;NL:Q:60250030;Eindsestraat;Nederasselt;2,1;9,0;0,7;6,2;0,7;3,6
SAN;NL:Q:60250040;Rijdtsestraat;Alverna;4,6;0,6;1,3;0,3;0,7;0,1
SAN;NL:Q:60250050;Broekstraat;Nederasselt;0,3;7,0;0,0;1,2;0,0;1,4
SAN;NL:Q:60250070;Kuilstraat;Nederasselt;0,3;4,8;0,1;1,3;0,0;1,9
SAN;NL:Q:60250080;Broekstraat;Nederasselt;8,1;1,0;1,3;0,2;2,0;0,2
SAN;NL:Q:60250100;Kuilstraat;Nederasselt;4,8;0,3;1,4;0,0;1,1;0,1
SAN;NL:Q:60250310;Oosterweg;Alverna;2,7;4,4;0,4;1,7;0,1;0,9
SAN;NL:Q:60250320;Oosterweg;Alverna;2,8;2,1;0,9;0,3;0,9;0,2
SAN;NL:Q:60250330;Huurlingsedam;Alverna;1,2;7,0;0,4;3,2;0,2;2,1
SAN;NL:Q:60250340;Huurlingsedam;Alverna;6,2;1,4;3,0;0,4;1,7;0,1
SAN;NL:Q:60290010;Duffeltdijk;Leuth;0,1;0,7;0,1;1,0;0,1;0,5
SAN;NL:Q:60290020;Industrieterrein;Leuth;0,4;0,4;0,2;0,2;0,2;0,1
SAN;NL:Q:60290030;De Hoge Kamp;Leuth;0,9;10,3;0,9;10,3;0,5;5,2
SAN;NL:Q:60290040;Morgenstraat;Leuth;14,5;3,0;12,7;2,8;8,3;1,4
SAN;NL:Q:60290050;Klaproosstraat;Leuth;1,5;9,6;1,6;7,9;1,8;4,8
SAN;NL:Q:60290060;Kerkplein;Leuth;47,4;4,4;17,3;2,4;9,1;0,8
SAN;NL:Q:60290070;Kerkplein;Leuth;4,4;45,3;2,7;17,2;1,0;9,1
SAN;NL:Q:60290080;Klaproosstraat;Leuth;7,1;1,8;5,1;1,8;3,4;0,9
SAN;NL:Q:60290090;Morgenstraat;Leuth;1,8;11,4;2,6;9,8;0,9;7,0
SAN;NL:Q:60290100;De Hoge Kamp;Leuth;8,4;0,7;9,4;0,5;4,3;0,2
SAN;NL:Q:60290110;Industrieterrein;Leuth;0,6;0,3;0,2;0,2;0,1;0,1
SAN;NL:Q:60290120;Duffeltdijk;Leuth;0,3;0,1;0,6;0,1;0,5;0,0
SAN;NL:Q:60290140;Biesterveld;Leuth;0,4;0,1;0,2;0,0;0,3;0,1
SAN;NL:Q:60290150;Biesterveld;Leuth;0,1;0,5;0,0;0,4;0,1;0,2
SAN;NL:Q:60290170;Molen;Kekerdom;0,0;0,1;0,0;0,0;0,0;0,1
SAN;NL:Q:60290180;Molen;Kekerdom;0,1;0,1;0,1;0,1;0,0;0,1
SAN;NL:Q:60290190;Eversberg;Kekerdom;0,0;2,0;0,0;1,4;0,0;1,0
SAN;NL:Q:60290200;Eversberg;Kekerdom;0,5;0,0;0,3;0,0;0,2;0,0
SAN;NL:Q:60290230;Weverstraat;Kekerdom;1,0;23,6;0,5;13,3;0,6;8,4
SAN;NL:Q:60290240;Weverstraat;Kekerdom;24,5;1,5;13,8;1,0;8,0;1,1
SAN;NL:Q:60300010;Swaere Noodt;Plasmolen;0,0;0,0;0,0;0,0;0,0;0,0
SAN;NL:Q:60300030;Rijksweg/Witteweg;Plasmolen;1,2;9,8;1,0;9,1;1,3;10,7
SAN;NL:Q:60300100;Rijksweg/Witteweg;Plasmolen;10,0;1,2;5,8;1,6;10,2;1,0
SAN;NL:Q:60300110;Helweg;Milsbeek;7,0;0,0;2,1;0,0;1,9;0,0
SAN;NL:Q:60300120;Swaere Noodt;Plasmolen;0,0;0,0;0,0;0,0;0,0;0,0
SAN;NL:Q:60300130;Milsbeek Zuid;Milsbeek;1,1;0,0;0,2;0,0;0,8;0,0
SAN;NL:Q:60300140;Oudebaan;Milsbeek;0,0;6,4;0,0;2,3;0,0;3,0
SAN;NL:Q:60300150;Oudebaan;Milsbeek;8,0;0,0;1,8;0,0;2,9;0,0
SAN;NL:Q:60300160;Rijksweg/Kerkstraat;Milsbeek;0,0;9,1;0,0;3,8;0,0;5,3
SAN;NL:Q:60300170;Rijksweg/Kerkstraat;Milsbeek;14,5;0,0;4,5;0,0;6,7;0,0
SAN;NL:Q:60300180;Milsbeek Zuid;Milsbeek;0,0;1,1;0,0;0,3;0,0;0,5
SAN;NL:Q:60300220;Helweg;Milsbeek;0,4;5,4;0,3;2,0;0,2;3,1
SAN;NL:Q:60350010;Busstation;Grave;256,5;139,8;70,0;27,4;53,6;31,7
SAN;NL:Q:60350020;Binckhof;Velp;8,4;0,0;3,5;0,0;3,1;0,0
SAN;NL:Q:60350030;Stoofweg;Grave;0,0;28,9;0,0;11,7;0,0;6,3
SAN;NL:Q:60350040;Generaal de Bonsweg;Grave;10,9;0,0;5,5;0,1;3,8;0,0
SAN;NL:Q:60350050;Busstation;Grave;27,3;115,2;7,4;46,0;4,4;18,6
SAN;NL:Q:60350060;Stoofweg;Grave;27,1;0,0;8,6;0,0;5,7;0,0
SAN;NL:Q:60350070;Generaal de Bonsweg;Grave;0,0;9,5;0,0;5,1;0,0;6,2
SAN;NL:Q:60350080;Heijtmorgen;Velp;0,0;0,0;0,0;0,0;0,0;0,0
SAN;NL:Q:60350090;Binckhof;Velp;0,0;12,8;0,0;3,8;0,0;3,4
SAN;NL:Q:60355880;Heijtmorgen;Velp;0,0;0,0;0,0;0,0;0,0;0,0
SAN;NL:Q:60390040;Rembrandtstraat;Millingen;58,1;0,0;22,4;0,1;14,1;0,1
SAN;NL:Q:60390060;Sportpark;Millingen;26,1;0,1;18,7;0,1;10,5;0,1
SAN;NL:Q:60390080;Gemeentehuis;Millingen;158,4;0,3;71,8;0,3;39,6;0,1
SAN;NL:Q:60390090;Molenveld;Millingen;0,3;20,3;0,5;12,8;0,3;6,9
SAN;NL:Q:60390110;Gezondheidscentrum;Millingen;1,5;81,8;0,9;30,5;0,3;22,3
SAN;NL:Q:60390120;Gezondheidscentrum;Millingen;72,8;0,6;27,3;0,2;17,5;0,1
SAN;NL:Q:60390140;Molenveld;Millingen;14,4;0,4;9,3;0,3;5,7;0,1
SAN;NL:Q:60390150;Gemeentehuis;Millingen;0,1;157,3;0,0;72,8;0,0;37,7
SAN;NL:Q:60390170;Sportpark;Millingen;0,3;27,3;0,1;18,2;0,0;10,6
SAN;NL:Q:60390190;Rembrandtstraat;Millingen;0,2;50,9;0,4;20,7;0,1;13,7
SAN;NL:Q:60390210;Grenskantoor;Millingen;28,9;19,5;9,8;7,1;6,2;4,4
SAN;NL:Q:60400100;Drie Kronen;Ottersum;0,0;1,9;0,0;0,5;0,0;0,4
SAN;NL:Q:60400110;Drie Kronen;Ottersum;2,9;0,0;0,2;0,0;0,6;0,0
SAN;NL:Q:60450060;Rijksweg;Reek;0,0;0,0;0,0;0,0;0,0;0,0
SAN;NL:Q:60450130;Rijksweg;Reek;0,0;0,1;0,0;0,0;0,0;0,0
SAN;NL:Q:60450315;Mgr. Borretstraat;Reek;0,0;13,8;0,0;5,1;0,0;1,8
SAN;NL:Q:60450325;Mgr. Borretstraat;Reek;0,2;0,0;0,3;0,0;0,0;0,0
SAN;NL:Q:60500010;Busstation;Gennep;51,9;0,5;16,9;0,0;21,7;1,2
SAN;NL:Q:60500020;Busstation;Gennep;0,5;39,2;0,0;13,6;1,2;21,6
SAN;NL:Q:60500210;Heijenseweg;Gennep;0,0;0,3;0,0;0,3;0,0;0,1
SAN;NL:Q:60500220;Heijenseweg;Gennep;0,3;0,0;0,5;0,0;0,0;0,0
SAN;NL:Q:60500250;Niersbrug;Gennep;0,0;6,4;0,0;4,1;0,0;5,2
SAN;NL:Q:60500260;Niersbrug;Gennep;9,3;0,0;5,6;0,0;6,6;0,0
SAN;NL:Q:60500270;Stiemensweg;Gennep;0,0;1,1;0,0;0,7;0,0;0,2
SAN;NL:Q:60500280;Stiemensweg;Gennep;2,3;0,0;0,5;0,0;0,1;0,0
SAN;NL:Q:60500290;Wilhelminaplein;Gennep;0,0;12,7;0,0;6,9;0,0;7,6
SAN;NL:Q:60500300;Wilhelminaplein;Gennep;15,0;0,0;8,8;0,0;8,0;0,0
SAN;NL:Q:60500310;Zuid-Oostwal;Gennep;6,3;0,0;5,3;0,0;5,5;0,0
SAN;NL:Q:60500320;Zuid-Oostwal;Gennep;0,0;8,3;0,0;6,3;0,0;6,2
SAN;NL:Q:60500330;De Groote Heeze;Heijen;0,0;0,5;0,0;0,1;0,0;0,0
SAN;NL:Q:60500340;De Groote Heeze;Heijen;0,7;0,0;0,1;0,0;0,0;0,0
SAN;NL:Q:60500350;Heesweg;Heijen;0,0;1,8;0,0;0,7;0,0;0,3
SAN;NL:Q:60500360;Heesweg;Heijen;2,0;0,0;0,7;0,0;0,0;0,0
SAN;NL:Q:60500370;Heijen Zuid;Heijen;0,0;1,6;0,0;0,9;0,0;0,3
SAN;NL:Q:60500380;Heijen Zuid;Heijen;3,1;0,0;0,9;0,0;0,1;0,0
SAN;NL:Q:60500390;Nieuwwijkstraat;Heijen;0,0;2,9;0,0;0,9;0,0;0,3
SAN;NL:Q:60500400;Nieuwwijkstraat;Heijen;5,0;0,0;1,1;0,0;0,0;0,0
SAN;NL:Q:60500430;Ottersumseweg;Ottersum;0,0;23,5;0,0;7,4;0,0;9,9
SAN;NL:Q:60500440;Ottersumseweg;Ottersum;30,6;0,0;8,1;0,0;10,5;0,0
SAN;NL:Q:60550170;Voederheil;Zeeland;0,0;8,9;0,0;2,0;0,0;1,8
SAN;NL:Q:60550180;Voederheil;Zeeland;15,4;0,0;5,8;0,0;4,5;0,0
SAN;NL:Q:60550190;Tweehekkenweg;Zeeland;0,0;26,2;0,0;5,3;0,0;3,9
SAN;NL:Q:60550200;Tweehekkenweg;Zeeland;18,7;0,0;4,8;0,0;5,1;0,0
SAN;NL:Q:60600100;Gening;Afferden;0,0;2,7;0,0;0,9;0,0;0,4
SAN;NL:Q:60600110;Gening;Afferden;5,2;0,0;1,1;0,0;0,1;0,0
SAN;NL:Q:60600120;Hengeland;Afferden;0,0;0,2;0,0;0,3;0,0;0,0
SAN;NL:Q:60600130;Hengeland;Afferden;0,1;0,0;0,2;0,0;0,0;0,0
SAN;NL:Q:60600140;Heukelom;Afferden;0,0;0,2;0,0;0,1;0,0;0,0
SAN;NL:Q:60600150;Heukelom;Afferden;0,2;0,0;0,0;0,0;0,0;0,0
SAN;NL:Q:60600160;Veer naar Sambeek;Afferden;0,0;2,6;0,0;0,5;0,0;0,2
SAN;NL:Q:60600170;Veer naar Sambeek;Afferden;4,4;0,0;0,8;0,0;0,0;0,0
SAN;NL:Q:60600200;Heijense Molen;Heijen;0,0;0,3;0,0;0,2;0,0;0,1
SAN;NL:Q:60600210;Heijense Molen;Heijen;0,4;0,0;0,2;0,0;0,0;0,0
SAN;NL:Q:60650250;Wijsthoek;Uden;0,0;16,0;0,0;4,8;0,0;2,6
SAN;NL:Q:60650420;Busstation;Uden;43,7;6,4;13,7;2,6;12,0;4,6
SAN;NL:Q:60650460;Busstation;Uden;19,1;79,5;10,0;29,8;12,7;13,2
SAN;NL:Q:60651160;Hoevenseweg;Uden;0,0;0,0;0,0;0,1;0,0;0,0
SAN;NL:Q:60651180;Hoevenseweg;Uden;0,0;0,0;0,0;0,0;0,0;0,0
SAN;NL:Q:60651380;Wijsthoek;Uden;12,9;0,0;3,8;0,0;4,1;0,1
SAN;NL:Q:60700100;Aijerdijk;Aijen;0,0;0,6;0,0;0,1;0,0;0,0
SAN;NL:Q:60700110;Aijerdijk;Aijen;1,3;0,0;0,1;0,0;0,0;0,0
SAN;NL:Q:60700160;Bergse Heide;Nieuw Bergen;0,0;2,4;0,0;0,4;0,0;0,2
SAN;NL:Q:60700170;Bergse Heide;Nieuw Bergen;3,9;0,0;0,6;0,0;0,0;0,0
SAN;NL:Q:60700180;De Flammert;Nieuw Bergen;0,0;0,2;0,0;0,0;0,0;0,1
SAN;NL:Q:60700190;De Flammert;Nieuw Bergen;0,7;0,0;0,2;0,0;0,1;0,0
SAN;NL:Q:60700200;Gemeentehuis;Nieuw Bergen;0,0;10,0;0,0;2,4;0,0;1,0
SAN;NL:Q:60700210;Gemeentehuis;Nieuw Bergen;17,5;0,0;3,3;0,0;0,3;0,0
SAN;NL:Q:61120010;Kerkstraat;Weurt;12,9;77,4;8,8;49,4;3,6;24,9
SAN;NL:Q:61120020;Hommelstraat;Beuningen;11,8;4,6;11,5;2,1;3,7;0,7
SAN;NL:Q:61120040;Kerk;Beuningen;27,4;19,4;22,0;13,4;9,0;4,3
SAN;NL:Q:61120050;Distelakkerstraat;Beuningen;0,9;14,3;0,4;8,4;0,5;3,6
SAN;NL:Q:61120060;Distelakkerstraat;Beuningen;13,7;0,8;7,2;1,0;4,2;0,4
SAN;NL:Q:61120070;Kerk;Beuningen;21,4;40,1;13,8;26,6;4,5;16,2
SAN;NL:Q:61120080;Kerk;Beuningen;4,7;3,5;0,0;0,0;0,0;0,0
SAN;NL:Q:61120090;Hommelstraat;Beuningen;4,8;13,2;2,6;9,7;1,0;3,9
SAN;NL:Q:61120100;Kerkstraat;Weurt;81,1;11,7;53,2;9,6;28,9;3,2
SAN;NL:Q:61120110;Pottenbakker;Beuningen;34,5;1,2;21,3;0,3;13,5;0,1
SAN;NL:Q:61120120;Haagstraat;Beuningen;0,6;24,5;0,2;14,9;0,1;6,9
SAN;NL:Q:61120130;Sporthal de Tinnegieter;Beuningen;104,0;4,9;56,9;0,8;31,0;0,5
SAN;NL:Q:61120150;Centrum;Beuningen;148,3;13,1;115,8;6,8;58,3;2,2
SAN;NL:Q:61120180;Centrum;Beuningen;16,0;143,2;8,3;108,8;2,6;51,3
SAN;NL:Q:61120200;Sporthal de Tinnegieter;Beuningen;4,8;88,9;1,1;51,1;0,4;28,8
SAN;NL:Q:61120210;Haagstraat;Beuningen;22,2;0,3;11,6;0,5;7,8;0,1
SAN;NL:Q:61120220;Pottenbakker;Beuningen;1,4;40,6;0,1;24,7;0,1;16,1
SAN;NL:Q:61120230;Schacht;Beuningen;87,9;5,6;58,2;0,4;34,5;0,2
SAN;NL:Q:61120240;Schacht;Beuningen;6,7;75,9;0,4;54,0;0,3;33,9
SAN;NL:Q:61120250;Aalsterveld;Beuningen;111,4;18,3;61,1;0,6;35,9;0,8
SAN;NL:Q:61120260;Aalsterveld;Beuningen;17,1;90,3;0,6;53,6;0,7;32,3
SAN;NL:Q:61120270;Wilgenoord;Beuningen;8,7;36,8;0,3;21,3;0,1;11,6
SAN;NL:Q:61120280;Wilgenoord;Beuningen;28,8;18,6;15,6;0,1;9,3;0,0
SAN;NL:Q:61120290;Hadrianussingel;Beuningen;5,2;11,9;0,1;11,2;0,0;7,2
SAN;NL:Q:61120300;Hadrianussingel;Beuningen;7,1;5,8;7,1;0,1;3,8;0,2
SAN;NL:Q:61120310;Tiberiuslaan;Beuningen;19,5;15,2;9,0;19,5;4,9;12,3
SAN;NL:Q:61120320;Tiberiuslaan;Beuningen;8,4;9,4;25,2;2,1;20,7;1,7
SAN;NL:Q:61120370;Lavendelstraat;Beuningen;50,3;0,9;37,3;0,4;20,6;0,2
SAN;NL:Q:61120380;Lavendelstraat;Beuningen;1,1;63,0;0,6;42,2;0,4;25,8
SAN;NL:Q:61120470;Gemeentehuis;Beuningen;4,7;32,1;4,2;22,6;1,8;11,4
SAN;NL:Q:61120480;Gemeentehuis;Beuningen;31,2;4,7;20,8;3,4;13,0;1,4
SAN;NL:Q:61120490;Beatrixplein;Beuningen;0,7;2,8;0,0;0,0;0,0;0,0
SAN;NL:Q:61120500;Beatrixplein;Beuningen;1,6;0,0;0,0;0,0;0,0;0,0
SAN;NL:Q:61121300;Forelgracht;Beuningen;4,7;0,5;0,0;0,0;0,0;0,0
SAN;NL:Q:61121310;Forelgracht;Beuningen;1,8;4,3;0,0;0,0;0,0;0,0
SAN;NL:Q:61121320;Snoekgracht;Beuningen;6,8;1,5;0,0;0,0;0,0;0,0
SAN;NL:Q:61121330;Snoekgracht;Beuningen;1,7;5,1;0,0;0,0;0,0;0,0
SAN;NL:Q:61121340;Ganzeneiland;Beuningen;10,1;0,8;0,0;0,0;0,0;0,0
SAN;NL:Q:61121350;Ganzeneiland;Beuningen;1,3;7,8;0,0;0,0;0,0;0,0
SAN;NL:Q:61121360;Wolfsbossingel;Beuningen;7,8;0,1;0,0;0,0;0,0;0,0
SAN;NL:Q:61121370;Wolfsbossingel;Beuningen;0,0;7,7;0,0;0,0;0,0;0,0
SAN;NL:Q:61190010;de Pas;Bemmel;2,3;1,1;2,4;1,3;0,7;0,4
SAN;NL:Q:61190030;Het Nevelveld;Doornik;0,2;0,2;0,2;0,4;0,1;0,1
SAN;NL:Q:61190040;Het Nevelveld;Doornik;0,0;0,2;0,1;0,4;0,0;0,1
SAN;NL:Q:61190051;Zandsepad;Doornik;1,4;0,8;1,7;0,3;0,8;0,1
SAN;NL:Q:61190061;Zandsepad;Doornik;0,8;0,9;0,4;1,2;0,2;0,7
SAN;NL:Q:61190070;Doornik;Doornik;1,1;0,2;0,9;0,2;0,4;0,1
SAN;NL:Q:61190080;Doornik;Doornik;0,1;1,2;0,2;1,2;0,1;0,7
SAN;NL:Q:61190090;Bekkersland;Doornik;1,3;0,4;1,2;0,7;0,6;0,2
SAN;NL:Q:61190100;Bekkersland;Doornik;0,5;1,7;0,6;2,2;0,3;1,0
SAN;NL:Q:61190110;Laauwikstraat;Lent;4,9;3,8;5,0;2,2;1,9;1,4
SAN;NL:Q:61190120;Eikenlaan;Lent;0,6;12,3;0,1;7,6;0,1;6,7
SAN;NL:Q:61190122;Laauwikstraat;Lent;0,1;5,2;0,1;7,7;0,1;2,3
SAN;NL:Q:61190130;Petuniastraat;Lent;22,7;0,9;15,3;0,7;8,9;0,2
SAN;NL:Q:61190140;Petuniastraat;Lent;0,6;18,7;0,4;12,7;0,2;8,7
SAN;NL:Q:61190150;Lentseveld;Lent;32,0;5,2;21,1;2,6;11,9;1,2
SAN;NL:Q:61190160;Lentseveld;Lent;0,0;14,9;0,1;9,4;0,0;5,5
SAN;NL:Q:61190190;Citadel College;Lent;19,0;17,4;2,4;1,3;1,5;0,8
SAN;NL:Q:61190200;Citadel College;Lent;17,3;18,7;1,7;2,8;0,9;1,5
SAN;NL:Q:61190230;Station Lent Laauwikstraat;Lent;86,0;44,9;60,7;23,6;33,5;13,2
SAN;NL:Q:61190240;Station Lent Laauwikstraat;Lent;50,8;122,1;28,5;96,6;17,7;59,0
SAN;NL:Q:61190250;Eikenlaan;Lent;16,9;0,7;12,0;0,4;8,3;0,1
SAN;NL:Q:61190270;Station Lent;Lent;17,0;32,6;19,9;15,9;12,1;9,4
SAN;NL:Q:61190280;Station Lent;Lent;26,9;14,1;15,1;11,1;8,4;6,9
SAN;NL:Q:61190300;Stationsstraat;Lent;21,4;42,8;8,0;16,7;4,3;9,7
SAN;NL:Q:61190310;Stationsstraat;Oosterhout;36,6;23,5;15,3;8,9;9,5;5,0
SAN;NL:Q:61190330;Kerkenhofstraat;Ressen;9,0;3,4;4,7;2,0;3,1;0,7
SAN;NL:Q:61190350;Oude Groenestraat;Oosterhout;37,0;24,1;23,6;9,4;17,8;7,3
SAN;NL:Q:61190360;Oude Groenestraat;Oosterhout;24,0;46,5;8,8;28,4;7,1;21,1
SAN;NL:Q:61190370;Turennesingel;Lent;4,0;1,8;3,6;2,0;1,5;0,6
SAN;NL:Q:61190380;Turennesingel;Lent;4,6;8,1;3,2;11,1;0,8;4,5
SAN;NL:Q:61190390;Dijkstraat;Lent;23,8;10,7;6,5;3,2;4,3;1,5
SAN;NL:Q:61190400;Dijkstraat;Lent;9,8;26,5;2,0;7,8;1,7;5,1
SAN;NL:Q:61190410;Kruidenstraat;Oosterhout;16,3;2,5;11,4;1,8;3,3;1,0
SAN;NL:Q:61190420;Kruidenstraat;Oosterhout;2,2;10,9;1,2;8,8;0,4;3,3
SAN;NL:Q:61190470;Terracottastraat;Oosterhout;73,1;20,4;56,5;9,5;40,7;8,5
SAN;NL:Q:61190480;Terracottastraat;Oosterhout;18,1;84,4;9,5;59,9;6,9;47,6
SAN;NL:Q:61190490;Van Boetzelaerstraat;Oosterhout;0,0;0,1;0,0;0,0;0,0;0,1
SAN;NL:Q:61190500;Van Boetzelaerstraat;Oosterhout;0,1;0,0;0,1;0,0;0,1;0,0
SAN;NL:Q:61190710;Jonagoldstraat;Oosterhout;89,3;9,8;63,7;6,2;25,6;3,3
SAN;NL:Q:61190720;Jonagoldstraat;Oosterhout;9,1;70,2;7,5;53,2;3,6;21,0
SAN;NL:Q:61190750;De Klif;Oosterhout;46,0;4,4;29,5;3,0;12,7;1,6
SAN;NL:Q:61190760;De Klif;Oosterhout;3,6;34,4;2,9;25,2;1,8;9,4
SAN;NL:Q:61190790;Aquilastraat;Oosterhout;28,4;2,8;23,3;1,8;8,7;1,0
SAN;NL:Q:61190800;Aquilastraat;Oosterhout;2,7;25,9;2,4;21,2;1,4;8,2
SAN;NL:Q:61191390;Frankrijkstraat;Lent;0,5;71,9;0,2;44,6;0,1;26,8
SAN;NL:Q:61191400;Frankrijkstraat;Lent;81,2;0,7;59,9;0,9;33,0;0,1
SAN;NL:Q:61191410;De Ster;Lent;0,6;76,3;0,3;48,9;0,1;29,2
SAN;NL:Q:61191460;De Ster;Lent;73,6;0,7;44,1;0,5;24,5;0,2
SAN;NL:Q:61191490;Dalidastraat;Lent;1,3;21,1;1,2;14,6;0,2;9,7
SAN;NL:Q:61191510;Thermion (West);Lent;0,2;22,1;0,2;10,2;0,1;6,1
SAN;NL:Q:61191520;Thermion (Oost);Lent;61,0;9,4;39,4;4,3;20,4;2,9
SAN;NL:Q:61191550;Fluitenkruid;Lent;32,8;0,3;23,2;0,2;14,3;0,2
SAN;NL:Q:61191560;Fluitenkruid;Lent;0,3;27,7;0,2;19,3;0,0;13,4
SAN;NL:Q:61192000;P+R Waalsprinter;Ressen;53,8;56,5;43,2;49,7;28,0;31,6
SAN;NL:Q:61200080;Gansstraat;Oosterhout;0,2;0,0;0,1;0,0;0,2;0,0
SAN;NL:Q:61200210;Van Woerkomstraat;Oosterhout;0,0;0,4;0,0;0,3;0,0;0,3
SAN;NL:Q:61200220;Van Woerkomstraat;Oosterhout;0,4;0,0;0,4;0,0;0,5;0,0
SAN;NL:Q:61200230;Zandstraat;Oosterhout;0,0;0,1;0,0;0,0;0,0;0,1
SAN;NL:Q:61200250;Vredesplein;Oosterhout;0,0;0,1;0,0;0,0;0,0;0,1
SAN;NL:Q:61200290;Peperstraat;Oosterhout;0,2;0,1;0,1;0,1;0,1;0,1
SAN;NL:Q:61220010;Julianastraat;Ewijk;16,4;60,7;5,7;29,1;2,2;10,6
SAN;NL:Q:61220020;Deijnschestraat;Winssen;2,5;0,3;1,8;0,1;0,5;0,0
SAN;NL:Q:61220030;Molenweg;Ewijk;0,5;3,6;0,3;2,4;0,2;0,7
SAN;NL:Q:61220040;Geerstraat;Winssen;5,8;1,2;2,5;0,6;0,8;0,2
SAN;NL:Q:61220060;Leegstraat;Winssen;26,5;4,2;15,4;1,9;6,2;0,7
SAN;NL:Q:61220070;Leegstraat;Winssen;4,9;24,8;1,6;12,7;0,7;4,6
SAN;NL:Q:61220090;Geerstraat;Winssen;1,0;6,5;0,5;2,4;0,1;0,7
SAN;NL:Q:61220100;Molenweg;Ewijk;3,7;0,4;2,0;0,2;0,8;0,1
SAN;NL:Q:61220110;Deijnschestraat;Winssen;0,3;2,5;0,2;1,8;0,0;0,4
SAN;NL:Q:61220120;Julianastraat;Ewijk;68,2;14,8;33,8;6,3;11,9;2,0
SAN;NL:Q:61220170;Keizershoeve;Ewijk;3,5;21,1;1,0;15,1;0,6;5,8
SAN;NL:Q:61220180;Keizershoeve;Ewijk;16,9;2,5;11,6;0,8;5,1;0,6
SAN;NL:Q:61220190;Plakstraat;Winssen;1,6;16,5;0,9;10,4;0,3;3,7
SAN;NL:Q:61220200;Plakstraat;Winssen;13,2;1,4;7,5;1,2;3,5;0,4
SAN;NL:Q:61240010;Nieuweweg;Wijchen;0,9;5,7;0,2;0,9;0,1;0,5
SAN;NL:Q:61240020;Kraaijenberg 79e straat;Wijchen;1,4;0,1;0,4;0,0;0,4;0,0
SAN;NL:Q:61240040;Kraaijenberg 86e straat;Wijchen;6,1;1,0;1,3;0,2;1,3;0,1
SAN;NL:Q:61240050;Aalsburg;Wijchen;0,1;0,1;0,0;0,0;0,0;0,0
SAN;NL:Q:61240060;Homberg;Wijchen;13,8;1,9;6,5;1,0;3,3;0,9
SAN;NL:Q:61240070;Buizerdstraat;Wijchen;0,2;7,5;0,1;3,7;0,1;3,3
SAN;NL:Q:61240080;Heilige Stoel 38/46;Wijchen;8,1;0,5;4,0;0,7;2,5;0,3
SAN;NL:Q:61240100;Heilige Stoel 38/48;Wijchen;13,0;0,2;4,0;0,1;2,6;0,1
SAN;NL:Q:61240110;Tunnelweg;Wijchen;0,2;14,3;0,1;6,2;0,1;5,5
SAN;NL:Q:61240120;Tunnelweg;Wijchen;11,7;0,3;3,1;0,2;2,1;0,2
SAN;NL:Q:61240130;Holenbergseweg;Wijchen;0,1;6,2;0,1;3,2;0,1;1,8
SAN;NL:Q:61240140;Holenbergseweg;Wijchen;6,6;0,2;2,8;0,2;1,3;0,1
SAN;NL:Q:61240150;Schoenaker;Wijchen;1,5;16,7;0,2;6,8;0,2;4,7
SAN;NL:Q:61240160;Schoenaker;Wijchen;0,1;1,7;0,2;0,7;0,0;0,2
SAN;NL:Q:61240170;Heilige Stoel 38/48;Wijchen;0,1;11,1;0,1;3,2;0,1;2,9
SAN;NL:Q:61240190;Heilige Stoel 38/46;Wijchen;0,4;7,0;0,4;3,7;0,2;2,0
SAN;NL:Q:61240200;Buizerdstraat;Wijchen;7,6;0,3;3,0;0,2;2,6;0,1
SAN;NL:Q:61240210;Homberg;Wijchen;0,8;13,8;0,4;6,0;0,3;3,6
SAN;NL:Q:61240220;Aalsburg;Wijchen;0,0;0,0;0,0;0,2;0,0;0,0
SAN;NL:Q:61240230;Kraaijenberg 86e straat;Wijchen;0,2;2,8;0,0;1,0;0,0;1,1
SAN;NL:Q:61240250;Kraaijenberg 79e straat;Wijchen;0,0;1,9;0,0;0,8;0,0;0,6
SAN;NL:Q:61240260;Nieuweweg;Wijchen;4,6;1,0;0,7;0,3;0,6;0,5
SAN;NL:Q:61240280;Station Wijchen;Wijchen;34,2;5,9;0,0;0,0;0,0;0,0
SAN;NL:Q:61240290;Herenstraat;Wijchen;0,6;0,1;0,0;0,2;0,0;0,0
SAN;NL:Q:61240300;Herenstraat;Wijchen;0,1;1,0;0,0;0,0;0,0;0,0
SAN;NL:Q:61240350;Blauwe Hof 40e straat;Wijchen;0,1;0,3;0,0;0,0;0,0;0,0
SAN;NL:Q:61240360;Blauwe Hof 40e straat;Wijchen;0,3;0,1;0,0;0,0;0,0;0,0
SAN;NL:Q:61240380;Diepvoorde;Wijchen;0,0;0,0;0,0;0,0;0,0;0,0
SAN;NL:Q:61240390;Huissteden;Wijchen;0,3;11,4;0,3;7,2;0,2;4,6
SAN;NL:Q:61240400;Huissteden;Wijchen;21,2;1,3;10,9;1,7;5,0;0,7
SAN;NL:Q:61240610;Zuiderpoort;Wijchen;1,3;32,9;1,1;14,4;0,7;11,3
SAN;NL:Q:61240620;Zuiderpoort;Wijchen;34,7;2,6;14,8;1,7;10,6;0,9
SAN;NL:Q:61240630;Kraaijenberg 83e straat;Wijchen;15,3;15,7;7,2;7,5;5,2;5,7
SAN;NL:Q:61240640;De Ververt;Wijchen;10,3;0,5;5,4;0,8;4,0;0,3
SAN;NL:Q:61240650;De Ververt;Wijchen;0,1;10,9;0,1;5,1;0,1;3,7
SAN;NL:Q:61240680;Oud-Ravensteinseweg;Wijchen;0,0;0,0;0,0;0,2;0,0;0,0
SAN;NL:Q:61240720;Kerkeveld;Wijchen;22,4;0,5;6,4;0,8;6,1;0,2
SAN;NL:Q:61240730;Kerkeveld;Wijchen;0,5;21,8;0,2;7,1;0,1;5,4
SAN;NL:Q:61240880;Bijsterh.22/Wilhelminal.;Wijchen;0,6;2,3;0,0;0,0;0,0;0,0
SAN;NL:Q:61240890;Bijsterh.22/Wilhelminal.;Wijchen;0,5;0,7;0,0;0,0;0,0;0,0
SAN;NL:Q:61240910;Palkerplein;Wijchen;0,4;17,9;0,2;2,3;0,1;1,0
SAN;NL:Q:61240920;Palkerplein;Wijchen;16,2;0,5;2,1;0,2;0,9;0,1
SAN;NL:Q:61240950;Bijsterhuizen 21;Wijchen;0,6;11,4;0,0;0,0;0,0;0,0
SAN;NL:Q:61240960;Bijsterhuizen 21;Wijchen;11,0;0,9;0,0;0,0;0,0;0,0
SAN;NL:Q:61240970;Bijsterhuizen 25;Wijchen;0,8;15,4;0,0;0,0;0,0;0,0
SAN;NL:Q:61240980;Bijsterhuizen 25;Wijchen;12,2;0,9;0,0;0,0;0,0;0,0
SAN;NL:Q:61240990;Bijsterhuizen 10;Wijchen;0,3;8,6;0,0;0,0;0,0;0,0
SAN;NL:Q:61241000;Bijsterhuizen 10;Wijchen;5,3;0,6;0,0;0,0;0,0;0,0
SAN;NL:Q:61241030;De Meerval;Wijchen;6,2;0,5;1,0;0,1;1,2;0,1
SAN;NL:Q:61241040;De Meerval;Wijchen;0,3;6,8;0,0;2,4;0,1;1,8
SAN;NL:Q:61241050;Europaplein;Wijchen;25,2;6,2;9,9;3,0;6,2;0,9
SAN;NL:Q:61241060;Europaplein;Wijchen;5,0;28,3;2,2;9,4;0,7;7,2
SAN;NL:Q:61241070;Meerdreef/Oosterweg;Wijchen;7,7;0,8;1,0;0,3;1,3;0,2
SAN;NL:Q:61241080;Meerdreef/Oosterweg;Wijchen;0,8;9,1;0,0;1,3;0,0;1,4
SAN;NL:Q:61241110;Mozaiek;Wijchen;5,3;5,1;0,0;0,0;0,0;0,0
SAN;NL:Q:61241270;Vijverlaan;Wijchen;0,3;9,4;0,2;3,5;0,1;2,8
SAN;NL:Q:61241280;Vijverlaan;Wijchen;6,3;0,6;2,0;0,2;2,1;0,1
SAN;NL:Q:61241310;Station Wijchen;Wijchen;12,2;53,7;2,6;34,2;1,5;20,6
SAN;NL:Q:61241320;Station Wijchen;Wijchen;42,1;16,9;19,0;6,3;21,9;4,7
SAN;NL:Q:61241400;Aalsburg;Wijchen;0,0;0,1;0,0;0,0;0,0;0,0
SAN;NL:Q:61241430;Kronenland;Wijchen;0,2;2,9;0,1;1,3;0,0;1,1
SAN;NL:Q:61241440;Kronenland;Wijchen;3,6;0,4;1,7;0,2;1,7;0,0
SAN;NL:Q:61241470;Sluiskamp;Wijchen;0,2;6,3;0,3;2,4;0,3;2,0
SAN;NL:Q:61241480;Sluiskamp;Wijchen;7,0;0,9;2,6;0,9;2,5;0,3
SAN;NL:Q:61241510;Blauwe Hof 60e straat;Wijchen;0,2;2,6;0,1;1,0;0,1;1,1
SAN;NL:Q:61241520;Blauwe Hof 60e straat;Wijchen;3,1;0,2;1,3;0,2;1,0;0,1
SAN;NL:Q:61242010;Veenhof;Wijchen;0,8;9,5;0,0;3,6;0,1;2,8
SAN;NL:Q:61242020;Veenhof;Wijchen;22,5;0,2;8,7;0,2;5,9;0,1
SAN;NL:Q:61242030;Weegbree;Wijchen;0,4;0,7;0,0;0,0;0,0;0,0
SAN;NL:Q:61242040;Weegbree;Wijchen;1,6;0,1;0,0;0,0;0,0;0,0
SAN;NL:Q:61249000;Station Wijchen;Wijchen;2,3;34,2;0,0;0,0;0,0;0,0
SAN;NL:Q:61301230;Kerkplein;Valburg;1,7;24,9;0,0;0,0;0,0;0,0
SAN;NL:Q:61301240;Kerkplein;Valburg;27,5;2,6;0,0;0,0;0,0;0,0
SAN;NL:Q:61301310;Strandpark Noord;Valburg;0,1;3,9;0,0;0,0;0,0;0,0
SAN;NL:Q:61301320;Strandpark Noord;Valburg;3,1;0,5;0,0;0,0;0,0;0,0
SAN;NL:Q:61320020;Klapstraat;Afferden;5,6;1,2;7,2;0,5;3,2;0,5
SAN;NL:Q:61320031;Koningstraat;Afferden;0,2;2,3;0,1;1,5;0,1;0,6
SAN;NL:Q:61320041;Pas;Afferden;18,4;2,0;10,2;1,1;4,5;0,4
SAN;NL:Q:61320051;Pas;Afferden;2,1;18,0;0,7;10,2;0,3;3,6
SAN;NL:Q:61320061;Koningstraat;Afferden;1,9;0,2;1,0;0,5;0,4;0,1
SAN;NL:Q:61320070;Klapstraat;Afferden;1,0;5,3;0,3;6,1;0,1;2,3
SAN;NL:Q:61320080;Grotestraat;Deest;29,5;6,6;12,6;3,3;5,5;1,5
SAN;NL:Q:61320110;Grotestraat;Deest;5,9;28,8;3,0;12,1;1,1;3,9
SAN;NL:Q:61330030;Willibrordstraat;Batenburg;4,0;0,2;0,0;0,0;0,0;0,0
SAN;NL:Q:61330070;RK Kerk;Batenburg;2,1;4,7;0,0;0,0;0,0;0,0
SAN;NL:Q:61340030;Leurseweg;Leur;0,0;0,3;0,0;0,0;0,0;0,0
SAN;NL:Q:61340040;Leurseweg;Leur;0,2;0,0;0,0;0,0;0,0;0,0
SAN;NL:Q:61340070;Broekstraat;Hernen;0,0;0,7;0,0;0,0;0,0;0,0
SAN;NL:Q:61340080;Broekstraat;Hernen;0,0;0,0;0,0;0,0;0,0;0,0
SAN;NL:Q:61340090;Smitskampje;Hernen;0,0;2,0;0,0;0,0;0,0;0,0
SAN;NL:Q:61340100;Smitskampje;Hernen;2,4;0,0;0,0;0,0;0,0;0,0
SAN;NL:Q:61400010;Lingebrug;Zetten;1,0;0,2;0,0;0,0;0,0;0,0
SAN;NL:Q:61400030;Molenstraat;Zetten;0,3;0,0;0,0;0,0;0,0;0,0
SAN;NL:Q:61400120;Molenstraat;Zetten;0,0;0,2;0,0;0,0;0,0;0,0
SAN;NL:Q:61400140;Lingebrug;Zetten;0,2;0,9;0,0;0,0;0,0;0,0
SAN;NL:Q:61401001;Station Zetten Andelst;Zetten;3,4;12,8;0,0;0,0;0,0;0,0
SAN;NL:Q:61401002;Station Zetten Andelst;Zetten;8,3;1,5;0,0;1,8;0,0;0,0
SAN;NL:Q:61401230;Brittanjesingel;Zetten;0,1;10,9;0,0;0,0;0,0;0,0
SAN;NL:Q:61401240;Brittanjesingel;Zetten;10,5;0,1;0,0;0,0;0,0;0,0
SAN;NL:Q:61401270;Stationsstraat;Zetten;0,1;8,9;0,0;0,0;0,0;0,0
SAN;NL:Q:61401280;Stationsstraat;Zetten;7,7;0,0;0,0;0,0;0,0;0,0
SAN;NL:Q:61401310;Hoofdstraat;Zetten;0,0;6,4;0,0;0,0;0,0;0,0
SAN;NL:Q:61401320;Hoofdstraat;Zetten;7,8;0,0;0,0;0,0;0,0;0,0
SAN;NL:Q:61402230;Wilhelminastraat;Andelst;2,8;7,8;0,0;0,0;0,0;0,0
SAN;NL:Q:61402240;Wilhelminastraat;Andelst;7,4;0,8;0,0;0,0;0,0;0,0
SAN;NL:Q:61402270;Monument;Andelst;0,9;2,3;0,0;0,0;0,0;0,0
SAN;NL:Q:61402280;Monument;Andelst;2,5;0,5;0,0;0,0;0,0;0,0
SAN;NL:Q:61403230;Planetenlaan;Herveld;1,1;8,1;0,0;0,0;0,0;0,0
SAN;NL:Q:61403240;Planetenlaan;Herveld;7,5;0,4;0,0;0,0;0,0;0,0
SAN;NL:Q:61403270;Stenenkamerstraat;Herveld;3,3;11,8;0,0;0,0;0,0;0,0
SAN;NL:Q:61403280;Stenenkamerstraat;Herveld;11,4;1,0;0,0;0,0;0,0;0,0
SAN;NL:Q:61403310;De Hoge Hof;Herveld;3,5;10,5;0,0;0,0;0,0;0,0
SAN;NL:Q:61403320;De Hoge Hof;Herveld;11,5;2,1;0,0;0,0;0,0;0,0
SAN;NL:Q:61404230;'t Hoeveslag;Herveld;0,2;2,7;0,0;0,0;0,0;0,0
SAN;NL:Q:61404240;'t Hoeveslag;Herveld;2,3;0,2;0,0;0,0;0,0;0,0
SAN;NL:Q:61404310;Lechstraat;Herveld;0,2;3,2;0,0;0,0;0,0;0,0
SAN;NL:Q:61404320;Lechstraat;Herveld;2,2;0,1;0,0;0,0;0,0;0,0
SAN;NL:Q:61404350;Molen de Vink;Herveld;1,1;3,7;0,0;0,0;0,0;0,0
SAN;NL:Q:61404360;Molen de Vink;Herveld;4,1;0,8;0,0;0,0;0,0;0,0
SAN;NL:Q:61410030;Veemarkt;Tiel;0,1;4,2;0,0;1,4;0,0;0,5
SAN;NL:Q:61410330;Veemarkt;Tiel;5,2;0,0;3,3;0,0;1,1;0,0
SAN;NL:Q:61410640;Laan van Westroijen;Tiel;3,1;0,0;0,8;0,0;0,6;0,0
SAN;NL:Q:61410690;Laan van Westroijen;Tiel;0,0;2,4;0,0;0,5;0,0;0,2
SAN;NL:Q:61411100;Station;Tiel;20,3;8,4;11,9;3,0;5,8;2,6
SAN;NL:Q:61412150;Predikbroedersweg;Tiel;0,1;1,8;0,0;0,3;0,0;0,2
SAN;NL:Q:61412160;Predikbroedersweg;Tiel;1,3;0,0;0,5;0,0;0,2;0,0
SAN;NL:Q:61420010;Pax Christi College;Druten;2,1;24,7;0,1;8,6;0,1;3,1
SAN;NL:Q:61420030;Hermes Garage;Druten;1,6;9,1;0,3;6,8;0,1;2,7
SAN;NL:Q:61420050;Markt;Druten;3,8;27,7;1,2;20,5;0,8;7,9
SAN;NL:Q:61420070;Javaplein;Druten;1,3;8,0;0,2;8,6;0,1;3,4
SAN;NL:Q:61420100;Markt;Druten;24,0;5,7;19,9;2,9;7,0;1,0
SAN;NL:Q:61420120;Hermes Garage;Druten;8,0;1,3;5,4;0,4;1,7;0,2
SAN;NL:Q:61420140;Pax Christi College;Druten;18,3;2,6;4,8;0,2;2,0;0,2
SAN;NL:Q:61420160;Gemeentehuis;Druten;1,2;10,3;0,6;11,2;0,2;3,8
SAN;NL:Q:61420180;Gemeentehuis;Druten;7,5;2,6;7,7;1,1;2,6;0,5
SAN;NL:Q:61420290;Javaplein;Druten;4,8;0,7;6,0;0,5;2,1;0,1
SAN;NL:Q:61420320;Westerhout;Puiflijk;0,0;2,3;0,0;1,1;0,0;0,2
SAN;NL:Q:61420330;Westerhout;Puiflijk;2,4;0,0;0,4;0,0;0,1;0,0
SAN;NL:Q:61420510;Scharenburg/N322;Druten;37,6;1,0;0,0;0,0;0,0;0,0
SAN;NL:Q:61420520;Scharenburg/N322;Druten;1,4;38,6;0,0;0,0;0,0;0,0
SAN;NL:Q:61421000;Busstation;Druten;216,0;173,8;0,0;0,0;0,0;0,0
SAN;NL:Q:61421001;Busstation;Druten;81,2;110,7;109,8;82,5;45,6;30,7
SAN;NL:Q:61421002;Busstation;Druten;296,9;283,6;0,0;0,0;0,0;0,0
SAN;NL:Q:61421004;Busstation;Druten;7,0;18,7;9,6;22,7;4,2;10,9
SAN;NL:Q:61440010;Schaarsestraat;Bergharen;0,0;0,8;0,0;0,0;0,0;0,0
SAN;NL:Q:61440020;Schaarsestraat;Bergharen;1,2;0,0;0,0;0,0;0,0;0,0
SAN;NL:Q:61440030;De Weem;Bergharen;0,1;6,1;0,0;0,0;0,0;0,0
SAN;NL:Q:61440040;De Weem;Bergharen;7,1;0,1;0,0;0,0;0,0;0,0
SAN;NL:Q:61440070;Grotestraat;Bergharen;0,5;1,7;0,0;0,0;0,0;0,0
SAN;NL:Q:61440080;Grotestraat;Bergharen;1,7;0,0;0,0;0,0;0,0;0,0
SAN;NL:Q:61520210;Molenstraat;Boven Leeuwen;0,0;1,8;0,0;1,8;0,0;1,0
SAN;NL:Q:61520220;Molenstraat;Boven Leeuwen;3,3;0,0;2,2;0,0;0,7;0,0
SAN;NL:Q:61520230;Akkerstraat;Beneden-Leeuwen;0,0;7,5;0,0;7,2;0,0;2,7
SAN;NL:Q:61520240;Akkerstraat;Beneden-Leeuwen;14,2;0,0;10,9;0,0;3,3;0,0
SAN;NL:Q:61520250;Veesteeg;Beneden Leeuwen;3,5;0,0;2,3;0,0;0,6;0,0
SAN;NL:Q:61520260;Veesteeg;Boven Leeuwen;0,0;1,3;0,0;1,7;0,0;0,6
SAN;NL:Q:61520350;Prins Willem Alexanderbrug;Beneden-Leeuwen;0,0;1,4;0,0;1,3;0,0;0,3
SAN;NL:Q:61520360;Prins Willem Alexanderbrug;Beneden-Leeuwen;2,7;0,0;1,5;0,0;0,9;0,0
SAN;NL:Q:69000160;Hakkesstraat;Venlo;0,0;0,1;0,0;0,0;0,0;0,0
SAN;NL:Q:69000170;Hakkesstraat;Venlo;0,1;0,0;0,0;0,0;0,0;0,0
SAN;NL:Q:69000180;Bisch. Schrijnenstraat;Venlo;0,0;0,0;0,0;0,0;0,0;0,0
SAN;NL:Q:69000190;Bisch. Schrijnenstraat;Venlo;0,0;0,0;0,0;0,0;0,0;0,0
SAN;NL:Q:69000280;Goltziusstraat;Venlo;0,0;0,0;0,0;0,0;0,0;0,0
SAN;NL:Q:69000290;Goltziusstraat;Venlo;0,0;0,0;0,0;0,0;0,0;0,0
SAN;NL:Q:69000340;Heilig Hartkerk;Venlo;0,0;0,1;0,0;0,1;0,0;0,0
SAN;NL:Q:69000350;Heilig Hartkerk;Venlo;0,3;0,0;0,1;0,0;0,0;0,0
SAN;NL:Q:69000380;Hogeweg;Venlo;0,0;0,0;0,0;0,0;0,0;0,2
SAN;NL:Q:69000390;Hogeweg;Venlo;0,0;0,0;0,0;0,0;0,0;0,0
SAN;NL:Q:69000440;Karbindersstraat;Venlo;0,0;0,0;0,0;0,0;0,0;0,0
SAN;NL:Q:69000450;Karbindersstraat;Venlo;0,0;0,0;0,0;0,0;0,0;0,0
SAN;NL:Q:69000660;Mgr. Nolensplein;Venlo;0,0;0,1;0,0;0,0;0,0;0,0
SAN;NL:Q:69000670;Mgr. Nolensplein;Venlo;0,0;0,0;0,0;0,0;0,0;0,0
SAN;NL:Q:69000930;Station;Venlo;1,2;0,8;0,8;0,8;0,1;0,1
SAN;NL:Q:69001090;Veldenseweg;Venlo;0,0;0,0;0,0;0,0;0,0;0,0
SAN;NL:Q:69001100;Veldenseweg;Venlo;0,0;0,0;0,0;0,0;0,0;0,0
SAN;NL:Q:69100100;Hasselt;Velden;0,0;0,1;0,0;0,1;0,0;0,0
SAN;NL:Q:69100110;Hasselt;Velden;0,2;0,0;0,0;0,0;0,0;0,0
SAN;NL:Q:69100120;Markt;Velden;0,0;0,6;0,0;0,2;0,0;0,1
SAN;NL:Q:69100130;Markt;Velden;1,2;0,0;0,1;0,0;0,1;0,0
SAN;NL:Q:69100140;Taurus;Velden;0,0;0,0;0,0;0,2;0,0;0,0
SAN;NL:Q:69100150;Taurus;Velden;0,0;0,0;0,0;0,0;0,0;0,0
SAN;NL:Q:69100160;Velden Zuid;Velden;0,0;0,2;0,0;0,0;0,0;0,0
SAN;NL:Q:69100170;Velden Zuid;Velden;0,4;0,0;0,0;0,0;0,0;0,0
SAN;NL:Q:69200100;De Voort;Lomm;0,0;0,0;0,0;0,0;0,0;0,0
SAN;NL:Q:69200110;De Voort;Lomm;0,8;0,0;0,0;0,0;0,0;0,0
SAN;NL:Q:69200120;Spikweien;Lomm;0,0;0,3;0,0;0,0;0,0;0,0
SAN;NL:Q:69200130;Spikweien;Lomm;0,0;0,0;0,0;0,0;0,0;0,0
SAN;NL:Q:69200140;Veer naar Lottum;Lomm;0,0;0,0;0,0;0,0;0,0;0,0
SAN;NL:Q:69200150;Veer naar Lottum;Lomm;0,0;0,0;0,1;0,0;0,0;0,0
SAN;NL:Q:69300100;Koestraat;Arcen;0,0;0,5;0,0;0,6;0,0;0,1
SAN;NL:Q:69300110;Koestraat;Arcen;1,0;0,0;0,4;0,0;0,1;0,0
SAN;NL:Q:69300120;Laakweg;Arcen;0,0;1,0;0,0;0,5;0,0;0,2
SAN;NL:Q:69300130;Laakweg;Arcen;1,9;0,0;0,2;0,0;0,4;0,0
SAN;NL:Q:69300140;Veer naar Broekhuizen;Arcen;0,0;0,3;0,0;0,8;0,0;0,0
SAN;NL:Q:69300150;Veer naar Broekhuizen;Arcen;0,3;0,0;0,5;0,0;0,1;0,0
SAN;NL:Q:69400100;Thermaalbad;Arcen;0,0;0,3;0,0;0,4;0,0;0,1
SAN;NL:Q:69400110;Thermaalbad;Arcen;0,3;0,0;0,2;0,0;0,1;0,0
SAN;NL:Q:69400120;Hotel de Hamert;Wellerlooi;0,0;0,1;0,0;0,0;0,0;0,0
SAN;NL:Q:69400130;Hotel de Hamert;Wellerlooi;0,4;0,0;0,0;0,0;0,0;0,0
SAN;NL:Q:69500100;Catharinastraat;Wellerlooi;0,0;1,1;0,0;0,2;0,0;0,0
SAN;NL:Q:69500110;Catharinastraat;Wellerlooi;1,3;0,0;0,3;0,0;0,0;0,0
SAN;NL:Q:69500120;Kruisstraat;Wellerlooi;0,0;0,2;0,0;0,1;0,0;0,0
SAN;NL:Q:69500130;Kruisstraat;Wellerlooi;0,3;0,0;0,0;0,0;0,0;0,0
SAN;NL:Q:69500140;Wellerlooi Zuid;Wellerlooi;0,0;0,1;0,0;0,0;0,0;0,0
SAN;NL:Q:69500150;Wellerlooi Zuid;Wellerlooi;0,1;0,0;0,0;0,0;0,0;0,0
SAN;NL:Q:69600100;Bosserheide;Well;0,0;0,2;0,0;0,1;0,0;0,1
SAN;NL:Q:69600110;Bosserheide;Well;0,4;0,0;0,2;0,0;0,0;0,0
SAN;NL:Q:69600120;Kasteellaan;Well;0,0;2,3;0,0;1,0;0,0;1,1
SAN;NL:Q:69600130;Kasteellaan;Well;5,2;0,0;0,9;0,0;0,1;0,0
SAN;NL:Q:69600220;Knikkerdorp;Well;0,0;0,1;0,0;0,0;0,0;0,0
SAN;NL:Q:69600230;Knikkerdorp;Well;0,1;0,0;0,2;0,0;0,0;0,0
SAN;NL:Q:69600240;Halve Maan;Well;0,0;0,2;0,0;0,1;0,0;0,0
SAN;NL:Q:69600250;Halve Maan;Well;0,3;0,0;0,2;0,0;0,0;0,0
SAN;NL:Q:69600280;Leuken;Well;0,0;0,1;0,0;0,1;0,0;0,0
SAN;NL:Q:69600290;Leuken;Well;0,1;0,0;0,1;0,0;0,0;0,0
