CONCESSIE;QUAYCODE;NAME;TOWN;INSTAP_WERK;UITSTAP_WERK;INSTAP_ZA;UITSTAP_ZA;INSTAP_ZO;UITSTAP_ZO
IJV;NL:Q:16000030;Station;Meppel;8,3;16,4;1,7;4,1;0,0;0,0
IJV;NL:Q:16000040;Ziekenhuis;Meppel;12,6;2,7;3,8;0,7;0,0;0,0
IJV;NL:Q:16000280;Gemeenteweg;Halfweg;0,1;0,0;0,0;0,0;0,0;0,0
IJV;NL:Q:16000290;Gemeenteweg;Halfweg;0,4;0,1;0,0;0,2;0,0;0,0
IJV;NL:Q:16000600;Burg. Knopperslaan;Meppel;0,0;0,3;0,0;0,0;0,0;0,0
IJV;NL:Q:16000610;Burg. Knopperslaan;Meppel;0,2;0,0;0,0;0,0;0,0;0,0
IJV;NL:Q:16000710;Steenwijkerstraatweg;Meppel;0,2;0,1;0,0;0,0;0,0;0,0
IJV;NL:Q:16000720;Steenwijkerstraatweg;Meppel;0,0;0,3;0,0;0,0;0,0;0,0
IJV;NL:Q:16000770;Reestplantsoen;Meppel;1,5;0,7;0,3;0,1;0,0;0,0
IJV;NL:Q:16000780;Reestplantsoen;Meppel;1,3;1,0;0,1;0,2;0,0;0,0
IJV;NL:Q:16000800;De Stouwe;Meppel;8,2;5,5;0,2;0,4;0,0;0,0
IJV;NL:Q:16000810;De Stouwe;Meppel;5,9;9,0;0,8;0,2;0,0;0,0
IJV;NL:Q:16000870;Station;Meppel;89,2;108,1;15,9;24,5;0,0;0,0
IJV;NL:Q:16000910;Leonard Springerlaan;Meppel;4,3;3,2;2,9;0,0;0,0;0,0
IJV;NL:Q:16000920;Leonard Springerlaan;Meppel;22,3;0,5;4,4;0,4;0,0;0,0
IJV;NL:Q:16000931;Prinsengracht;Meppel;3,5;3,0;1,9;1,5;0,0;0,0
IJV;NL:Q:16001010;Hugo de Grootstraat;Meppel;0,8;0,1;0,0;0,0;0,0;0,0
IJV;NL:Q:16001020;Hugo de Grootstraat;Meppel;0,0;1,1;0,0;0,0;0,0;0,0
IJV;NL:Q:16110060;Heerenweg;IJhorst;4,3;5,0;0,7;1,9;0,0;0,0
IJV;NL:Q:16110081;Havixhorst;De Schiphorst;0,1;0,5;0,0;0,5;0,0;0,0
IJV;NL:Q:16110090;Wiltenweg;De Wijk;0,3;1,4;0,1;0,7;0,0;0,0
IJV;NL:Q:16110220;Willem Koopsweg;De Wijk;0,6;2,5;0,2;1,4;0,0;0,0
IJV;NL:Q:16110230;Oosterakker;De Wijk;0,1;1,0;0,0;0,7;0,0;0,0
IJV;NL:Q:16110240;Verzorgingstehuis;De Wijk;3,9;1,3;2,9;0,4;0,0;0,0
IJV;NL:Q:16110260;Sparrenlaan;IJhorst;3,2;2,1;0,8;0,3;0,0;0,0
IJV;NL:Q:16180050;Redder;Staphorst;2,0;2,4;0,0;0,0;0,0;0,0
IJV;NL:Q:16180060;Redder;Staphorst;0,0;1,7;0,0;0,0;0,0;0,0
IJV;NL:Q:16180070;Reggersweg;Staphorst;2,0;0,0;0,0;0,0;0,0;0,0
IJV;NL:Q:16180080;Reggersweg;Staphorst;0,0;0,7;0,0;0,0;0,0;0,0
IJV;NL:Q:16180100;Vlakkenweg;Staphorst;1,0;3,5;0,6;0,0;0,0;0,0
IJV;NL:Q:16180110;Vlakkenweg;Staphorst;5,0;1,3;0,3;0,1;0,0;0,0
IJV;NL:Q:16180120;Geerligsland;Staphorst;1,8;3,9;0,1;0,3;0,0;0,0
IJV;NL:Q:16180130;Geerligsland;Staphorst;5,7;2,4;0,1;0,0;0,0;0,0
IJV;NL:Q:16180140;Jan Arendsland;Staphorst;1,3;4,0;0,2;0,5;0,0;0,0
IJV;NL:Q:16180150;Jan Arendsland;Staphorst;5,7;1,7;0,6;0,2;0,0;0,0
IJV;NL:Q:16180160;Snelweg;Staphorst;1,8;7,3;0,9;1,7;0,0;0,0
IJV;NL:Q:16180170;Snelweg;Staphorst;8,3;3,1;2,2;1,8;0,0;0,0
IJV;NL:Q:16180180;Achthoevenweg;Staphorst;5,5;7,0;0,3;1,0;0,0;0,0
IJV;NL:Q:16180190;Achthoevenweg;Staphorst;4,7;6,2;0,6;0,7;0,0;0,0
IJV;NL:Q:16180200;Hoogeweg;Staphorst;8,1;10,5;1,5;2,7;0,0;0,0
IJV;NL:Q:16180210;Hoogeweg;Staphorst;13,8;8,5;3,4;1,0;0,0;0,0
IJV;NL:Q:16180220;Bergerslag;Staphorst;16,7;9,5;4,9;2,4;0,0;0,0
IJV;NL:Q:16180230;Bergerslag;Staphorst;11,4;16,4;3,1;3,3;0,0;0,0
IJV;NL:Q:16180240;Gemeentehuis;Staphorst;11,4;18,8;2,8;2,1;0,0;0,0
IJV;NL:Q:16180250;Gemeentehuis;Staphorst;17,8;16,0;3,2;2,7;0,0;0,0
IJV;NL:Q:16180260;Lindenlaan;Staphorst;7,6;4,3;2,0;1,4;0,0;0,0
IJV;NL:Q:16180270;Lindenlaan;Staphorst;4,0;8,9;1,5;2,4;0,0;0,0
IJV;NL:Q:16180280;Bejaardenhuis;Staphorst;3,3;1,4;1,5;0,9;0,0;0,0
IJV;NL:Q:16180290;Bejaardenhuis;Staphorst;1,9;2,6;1,0;1,8;0,0;0,0
IJV;NL:Q:16180300;Prinses Beatrixstraat;Staphorst;8,3;4,1;2,8;0,8;0,0;0,0
IJV;NL:Q:16180310;Prinses Beatrixstraat;Staphorst;6,8;8,9;1,2;2,8;0,0;0,0
IJV;NL:Q:16180320;Boldewijnhuizen;Staphorst;0,4;0,3;0,0;0,0;0,0;0,0
IJV;NL:Q:16180330;Boldewijnhuizen;Staphorst;0,4;0,5;0,0;0,1;0,0;0,0
IJV;NL:Q:16180340;Pieter Zandt College;Staphorst;8,9;7,9;0,0;0,0;0,0;0,0
IJV;NL:Q:16280100;Oostermenneweg;Rouveen;0,4;1,0;0,1;0,9;0,0;0,0
IJV;NL:Q:16280110;Oostermenneweg;Rouveen;1,8;0,8;0,5;0,1;0,0;0,0
IJV;NL:Q:16280120;Zuideindigerweg;Rouveen;1,6;2,6;0,2;0,4;0,0;0,0
IJV;NL:Q:16280130;Zuideindigerweg;Rouveen;3,8;1,7;0,8;0,2;0,0;0,0
IJV;NL:Q:16280140;Stadsweg;Rouveen;0,4;0,8;0,0;0,5;0,0;0,0
IJV;NL:Q:16280150;Stadsweg;Rouveen;0,9;0,4;0,1;0,0;0,0;0,0
IJV;NL:Q:16280160;Oude Rijksweg 485;Rouveen;0,9;2,6;0,2;0,3;0,0;0,0
IJV;NL:Q:16280170;Oude Rijksweg 485;Rouveen;2,6;0,9;0,4;0,3;0,0;0,0
IJV;NL:Q:16280180;Hervormde Kerk;Rouveen;8,5;16,9;1,7;2,1;0,0;0,0
IJV;NL:Q:16280190;Hervormde Kerk;Rouveen;18,5;8,2;3,8;1,4;0,0;0,0
IJV;NL:Q:16280200;Oude Rijksweg 415;Rouveen;0,6;2,3;0,0;0,3;0,0;0,0
IJV;NL:Q:16280210;Oude Rijksweg 415;Rouveen;2,7;0,9;0,2;0,2;0,0;0,0
IJV;NL:Q:16280220;Oud Gereformeerde Kerk;Rouveen;0,9;2,4;0,0;0,4;0,0;0,0
IJV;NL:Q:16280230;Oud Gereformeerde Kerk;Rouveen;3,4;1,2;0,3;0,1;0,0;0,0
IJV;NL:Q:16280240;Conradsweg;Rouveen;1,0;3,5;0,1;0,1;0,0;0,0
IJV;NL:Q:16280250;Conradsweg;Rouveen;4,0;0,7;0,2;0,0;0,0;0,0
IJV;NL:Q:16280260;Schoolwijksweg;Rouveen;1,5;5,3;0,0;0,2;0,0;0,0
IJV;NL:Q:16280270;Schoolwijksweg;Rouveen;6,0;1,5;0,4;0,0;0,0;0,0
IJV;NL:Q:16280280;Dekkersweg;Rouveen;2,4;6,7;0,3;0,1;0,0;0,0
IJV;NL:Q:16280290;Dekkersweg;Rouveen;9,8;2,6;0,4;0,2;0,0;0,0
IJV;NL:Q:16300010;Gemeentehuis;Steenwijk;0,5;4,8;0,2;0,5;0,1;0,4
IJV;NL:Q:16300020;Gemeentehuis;Steenwijk;5,0;1,2;0,5;0,1;0,2;0,1
IJV;NL:Q:16300030;Vendelweg;Steenwijk;2,4;7,9;0,5;3,0;0,2;1,2
IJV;NL:Q:16300040;Vendelweg;Steenwijk;8,8;2,0;4,2;0,4;1,9;0,3
IJV;NL:Q:16300050;Matthijs Kiersstraat;Steenwijk;8,1;7,5;4,2;3,2;4,4;1,6
IJV;NL:Q:16300070;Matthijs Kiersstraat;Steenwijk;5,9;1,5;4,5;4,2;4,0;2,4
IJV;NL:Q:16301010;Station;Steenwijk;133,7;90,7;170,3;148,5;113,1;112,6
IJV;NL:Q:16301020;Station;Steenwijk;31,2;73,0;1,9;16,8;1,7;12,7
IJV;NL:Q:16380100;Haersterbroekweg;Zwolle;1,1;2,8;0,1;0,5;0,0;0,0
IJV;NL:Q:16380110;Haersterbroekweg;Zwolle;1,4;1,2;0,8;0,1;0,0;0,0
IJV;NL:Q:16380120;Steenwetering;Lichtmis;0,1;0,6;0,1;0,5;0,0;0,0
IJV;NL:Q:16380130;Steenwetering;Lichtmis;0,6;0,1;0,2;0,0;0,0;0,0
IJV;NL:Q:16380140;Meeleweg;Lichtmis;0,5;0,2;0,0;0,0;0,0;0,0
IJV;NL:Q:16380150;Meeleweg;Lichtmis;0,1;0,4;0,0;0,0;0,0;0,0
IJV;NL:Q:16380190;Busstation;Lichtmis;77,4;80,5;3,9;4,7;0,0;0,0
IJV;NL:Q:16580010;Noordeinde;Zwolle;0,1;1,0;0,1;0,8;0,0;0,5
IJV;NL:Q:16580020;Noordeinde;Zwolle;0,9;0,1;0,6;0,0;0,3;0,0
IJV;NL:Q:16580030;Westeinde;Zwolle;0,2;3,0;0,1;0,7;0,1;0,5
IJV;NL:Q:16580040;Westeinde;Zwolle;2,8;0,3;0,7;0,1;0,5;0,0
IJV;NL:Q:16580050;Bentheimpad;Zwolle;1,0;1,7;0,3;0,9;0,3;1,5
IJV;NL:Q:16580060;Bentheimpad;Zwolle;1,6;1,4;0,8;0,3;1,3;0,2
IJV;NL:Q:16580070;Kleefstraat;Zwolle;7,4;21,2;2,0;8,8;0,8;4,3
IJV;NL:Q:16580080;Kleefstraat;Zwolle;16,5;5,6;6,7;0,8;3,6;0,3
IJV;NL:Q:16680010;Dedemsweg;Ruitenveen;0,3;3,8;0,2;1,5;0,1;0,9
IJV;NL:Q:16680020;Dedemsweg;Ruitenveen;4,6;0,2;1,8;0,0;0,6;0,0
IJV;NL:Q:16680030;Kuitermansweg;Ruitenveen;0,1;2,3;0,2;1,1;0,0;0,3
IJV;NL:Q:16680040;Kuitermansweg;Ruitenveen;2,4;0,2;1,5;0,1;0,5;0,0
IJV;NL:Q:16680050;Nieuwe Kreuleweg;Ruitenveen;0,2;2,6;0,3;1,2;0,0;0,6
IJV;NL:Q:16680060;Nieuwe Kreuleweg;Ruitenveen;2,6;0,2;0,9;0,3;0,5;0,1
IJV;NL:Q:16680070;Hoevenweg;Ruitenveen;0,2;2,1;0,1;1,1;0,0;0,8
IJV;NL:Q:16680080;Hoevenweg;Ruitenveen;1,7;0,1;0,8;0,1;0,8;0,0
IJV;NL:Q:16680090;Middenweg;Ruitenveen;0,2;0,8;0,0;0,2;0,1;0,1
IJV;NL:Q:16680100;Middenweg;Ruitenveen;1,0;0,4;0,2;0,1;0,0;0,1
IJV;NL:Q:16680110;Nieuwendijk;Ruitenveen;0,2;0,5;0,1;0,3;0,0;0,4
IJV;NL:Q:16680120;Nieuwendijk;Ruitenveen;0,4;0,2;0,4;0,1;0,5;0,0
IJV;NL:Q:16780001;Schuilhut;Nieuwleusen;0,3;2,3;0,1;1,1;0,0;0,0
IJV;NL:Q:16780010;De Vlijt;Nieuwleusen;0,0;2,6;0,1;1,2;0,1;0,5
IJV;NL:Q:16780020;De Vlijt;Nieuwleusen;2,3;0,1;0,9;0,0;0,9;0,0
IJV;NL:Q:16780030;Oosterhulst;Nieuwleusen;0,1;1,1;0,1;0,7;0,0;0,3
IJV;NL:Q:16780040;Oosterhulst;Nieuwleusen;1,2;0,2;0,8;0,2;0,5;0,0
IJV;NL:Q:16780050;Den Hulst;Nieuwleusen;9,7;72,4;2,8;11,3;3,8;7,6
IJV;NL:Q:16780060;Den Hulst;Nieuwleusen;74,5;10,4;11,5;1,8;6,2;2,5
IJV;NL:Q:16780070;Bejaardencentrum;Nieuwleusen;2,6;14,4;1,5;7,7;0,5;4,7
IJV;NL:Q:16780090;Gereformeerde Kerk;Nieuwleusen;4,5;31,4;2,2;14,1;0,7;8,1
IJV;NL:Q:16780100;Bejaardencentrum;Nieuwleusen;13,8;2,7;7,9;1,1;5,0;0,6
IJV;NL:Q:16780110;Zwembad;Nieuwleusen;2,1;18,8;1,7;9,9;0,6;6,0
IJV;NL:Q:16780120;Gereformeerde Kerk;Nieuwleusen;30,2;4,6;14,6;2,2;6,3;0,4
IJV;NL:Q:16780130;Centrum;Nieuwleusen;4,8;35,5;3,5;23,4;2,1;13,7
IJV;NL:Q:16780140;Zwembad;Nieuwleusen;20,9;2,1;10,9;1,2;5,9;0,4
IJV;NL:Q:16780150;Westeinde;Nieuwleusen;0,4;12,6;0,5;4,1;0,1;2,2
IJV;NL:Q:16780160;Centrum;Nieuwleusen;34,8;3,7;30,8;2,6;11,9;1,5
IJV;NL:Q:16780170;Bouwhuisweg;Nieuwleusen;0,3;9,3;0,4;3,4;0,1;2,7
IJV;NL:Q:16780180;Westeinde;Nieuwleusen;12,5;0,7;3,8;0,4;1,7;0,1
IJV;NL:Q:16780190;Molen;Nieuwleusen;0,2;1,7;0,2;1,5;0,0;1,0
IJV;NL:Q:16780200;Bouwhuisweg;Nieuwleusen;9,3;0,3;4,2;0,2;2,8;0,0
IJV;NL:Q:16780220;Molen;Nieuwleusen;1,5;0,2;0,9;0,1;0,6;0,0
IJV;NL:Q:16780300;Grote Markt;Nieuwleusen;2,8;0,1;0,7;0,1;0,0;0,0
IJV;NL:Q:16780310;Grote Markt;Nieuwleusen;0,2;2,8;0,0;0,6;0,0;0,0
IJV;NL:Q:16780560;Rollecater Brug;Nieuwleusen;8,8;3,2;0,0;0,0;0,0;0,0
IJV;NL:Q:16780570;Rollecater Brug;Nieuwleusen;2,7;9,2;0,0;0,0;0,0;0,0
IJV;NL:Q:17000040;Station;Hoogeveen;71,3;89,4;14,8;22,2;8,2;15,9
IJV;NL:Q:17000060;Station;Hoogeveen;1,7;0,5;0,0;0,0;0,0;0,0
IJV;NL:Q:17000210;Buizerdlaan;Hoogeveen;11,2;10,2;2,0;1,7;1,7;0,9
IJV;NL:Q:17000220;Buizerdlaan;Hoogeveen;8,8;9,7;2,8;1,7;1,1;1,0
IJV;NL:Q:17000710;Mr. Cramerweg P+R;Hoogeveen;2,0;4,8;1,1;1,1;0,9;0,7
IJV;NL:Q:17000730;Mr. Cramerweg P+R;Hoogeveen;6,3;1,7;3,8;0,8;1,7;1,0
IJV;NL:Q:17000750;Buitenvaart;Hoogeveen;1,5;5,3;0,2;0,5;0,1;0,2
IJV;NL:Q:17000760;Buitenvaart;Hoogeveen;3,6;1,6;0,3;0,0;0,1;0,1
IJV;NL:Q:17001650;Willemskade;Hoogeveen;0,5;2,0;0,1;0,7;0,0;0,4
IJV;NL:Q:17001660;Willemskade;Hoogeveen;2,2;0,7;0,4;0,1;0,2;0,1
IJV;NL:Q:17003020;Industrieweg;Hoogeveen;6,2;0,2;2,1;0,0;0,9;0,0
IJV;NL:Q:17003030;Industrieweg;Hoogeveen;24,3;2,6;5,2;0,5;2,4;0,2
IJV;NL:Q:17003040;Tamboerpassage;Hoogeveen;12,2;3,0;4,2;0,8;2,8;0,3
IJV;NL:Q:17003050;Tamboerpassage;Hoogeveen;1,6;11,2;0,8;7,0;0,2;2,4
IJV;NL:Q:17003120;Wolfsbosstraat;Hoogeveen;4,7;10,1;0,8;1,4;0,7;0,4
IJV;NL:Q:17003130;Wolfsbosstraat;Hoogeveen;5,7;4,3;2,1;1,5;0,9;0,6
IJV;NL:Q:17003140;Valkenlaan;Hoogeveen;2,1;4,5;0,5;1,2;0,4;0,5
IJV;NL:Q:17003150;Valkenlaan;Hoogeveen;3,8;2,2;1,5;0,5;1,0;0,2
IJV;NL:Q:17003200;'t Haagje;Hoogeveen;14,8;8,1;3,4;1,3;1,6;0,7
IJV;NL:Q:17003210;'t Haagje;Hoogeveen;6,5;14,4;2,3;5,4;0,9;1,7
IJV;NL:Q:17190010;Hollandschedijk;Hollandscheveld;0,7;0,8;0,1;0,1;0,1;0,0
IJV;NL:Q:17190020;Hollandschedijk;Hollandscheveld;0,8;0,6;0,1;0,1;0,0;0,0
IJV;NL:Q:17190030;Opgaande 71;Hollandscheveld;0,3;0,3;0,2;0,3;0,0;0,1
IJV;NL:Q:17190040;Opgaande 71;Hollandscheveld;0,2;0,2;0,0;0,1;0,0;0,0
IJV;NL:Q:17190050;'t Hoekje;Hollandscheveld;4,1;7,4;0,4;1,8;0,2;0,8
IJV;NL:Q:17190060;'t Hoekje;Hollandscheveld;8,7;4,5;2,9;0,7;1,1;0,1
IJV;NL:Q:17190150;Carstensdijk;Zuideropgaande;1,3;1,5;0,2;0,9;0,1;0,4
IJV;NL:Q:17190160;Carstensdijk;Zuideropgaande;1,4;1,3;0,8;0,1;0,5;0,1
IJV;NL:Q:17190190;Schooldijkje;Zuideropgaande;0,2;0,1;0,0;0,1;0,0;0,0
IJV;NL:Q:17190200;Schooldijkje;Zuideropgaande;0,0;0,1;0,0;0,0;0,0;0,0
IJV;NL:Q:17290010;Riegshoogtendijk;Kerkenveld;0,1;0,0;0,0;0,0;0,0;0,0
IJV;NL:Q:17290020;Riegshoogtendijk;Kerkenveld;0,0;0,2;0,0;0,1;0,0;0,0
IJV;NL:Q:17290030;Gedempte Wijde Wijk;Kerkenveld;3,8;1,2;0,6;0,5;0,1;0,1
IJV;NL:Q:17290040;Gedempte Wijde Wijk;Kerkenveld;1,1;3,6;0,8;0,3;0,5;0,1
IJV;NL:Q:17290050;Ritmeesterweg;Kerkenveld;0,0;0,2;0,0;0,0;0,0;0,0
IJV;NL:Q:17290060;Ritmeesterweg;Kerkenveld;0,2;0,0;0,0;0,0;0,0;0,0
IJV;NL:Q:17290070;Riegshoogtendijk 3;Kerkenveld;0,0;0,0;0,0;0,0;0,0;0,0
IJV;NL:Q:17290080;Riegshoogtendijk 3;Kerkenveld;0,0;0,0;0,0;0,0;0,0;0,0
IJV;NL:Q:17290090;Hoogeveenseweg 33;Kerkenveld;0,3;0,2;0,0;0,1;0,0;0,0
IJV;NL:Q:17290100;Hoogeveenseweg 33;Kerkenveld;0,2;0,4;0,0;0,0;0,0;0,0
IJV;NL:Q:17290110;Braambergerweg;Kerkenveld;1,5;0,9;0,2;0,2;0,2;0,1
IJV;NL:Q:17290120;Braambergerweg;Kerkenveld;0,6;1,1;0,2;0,1;0,0;0,0
IJV;NL:Q:17290130;Hoogeveenseweg 11;Kerkenveld;0,1;0,1;0,0;0,1;0,0;0,0
IJV;NL:Q:17290140;Hoogeveenseweg 11;Kerkenveld;0,3;0,6;0,0;0,1;0,0;0,0
IJV;NL:Q:17310030;Zwarte Dijkje;Noordscheschut;2,2;1,2;0,0;0,0;0,0;0,0
IJV;NL:Q:17350030;Riegshoogtendijk;Hollandscheveld;3,6;4,8;0,2;0,8;0,3;0,6
IJV;NL:Q:17350040;Riegshoogtendijk;Hollandscheveld;5,3;3,5;1,6;0,3;0,4;0,7
IJV;NL:Q:17350050;Jan Wintersdijkje;Zuideropgaande;0,5;0,7;0,1;0,2;0,0;0,1
IJV;NL:Q:17350060;Jan Wintersdijkje;Zuideropgaande;0,8;0,4;0,1;0,0;0,0;0,1
IJV;NL:Q:17480010;Centrum;Balkbrug;11,7;59,3;7,4;16,5;3,3;7,9
IJV;NL:Q:17480020;Centrum;Balkbrug;63,5;10,7;17,4;5,1;7,4;2,6
IJV;NL:Q:17480030;Zwolseweg;Balkbrug;0,2;1,9;0,3;1,7;0,1;0,7
IJV;NL:Q:17480040;Zwolseweg;Balkbrug;2,0;0,3;1,4;0,3;1,0;0,2
IJV;NL:Q:17480050;d 'Olde Heerd;Balkbrug;1,4;8,2;0,9;3,5;0,5;1,8
IJV;NL:Q:17480060;d 'Olde Heerd;Balkbrug;8,1;1,2;4,1;0,5;1,7;0,4
IJV;NL:Q:17480070;Zelhorstweg;Balkbrug;0,3;0,7;0,1;1,0;0,1;0,4
IJV;NL:Q:17480080;Zelhorstweg;Balkbrug;0,6;0,3;0,7;0,1;0,5;0,1
IJV;NL:Q:17480090;Nieuweweg (Sluis 4);Balkbrug;0,7;2,9;0,4;1,6;0,5;1,0
IJV;NL:Q:17480100;Nieuweweg (Sluis 4);Balkbrug;3,6;0,8;1,7;0,5;1,3;0,5
IJV;NL:Q:17481010;Ommerweg/Centrum;Balkbrug;0,3;2,7;0,0;0,0;0,0;0,0
IJV;NL:Q:17481020;Ommerweg/Centrum;Balkbrug;6,7;1,4;0,0;0,0;0,0;0,0
IJV;NL:Q:19000320;Trageldijk;Coevorden;2,4;1,4;0,0;0,0;0,0;0,0
IJV;NL:Q:19000330;Trageldijk;Coevorden;4,7;0,6;0,0;0,0;0,0;0,0
IJV;NL:Q:19001420;Station;Coevorden;7,8;11,6;0,0;0,0;0,0;0,0
IJV;NL:Q:19180200;Scheidijk;De Krim;0,0;0,1;0,0;0,0;0,0;0,0
IJV;NL:Q:19180220;Dommerskanaal;De Krim;0,1;0,5;0,0;0,0;0,0;0,0
IJV;NL:Q:19180230;Dommerskanaal;De Krim;0,5;0,0;0,0;0,0;0,0;0,0
IJV;NL:Q:19180260;Nieuwlandseweg;De Krim;0,1;0,2;0,0;0,0;0,0;0,0
IJV;NL:Q:19180270;Nieuwlandseweg;De Krim;0,1;0,0;0,0;0,0;0,0;0,0
IJV;NL:Q:19180280;N.H. Kerk;De Krim;1,0;1,3;0,0;0,0;0,0;0,0
IJV;NL:Q:19180290;N.H. Kerk;De Krim;1,3;0,6;0,0;0,0;0,0;0,0
IJV;NL:Q:19180300;Horstra's Wijk;De Krim;1,2;1,2;0,0;0,0;0,0;0,0
IJV;NL:Q:19180330;Horstra's Wijk;De Krim;2,0;1,4;0,0;0,0;0,0;0,0
IJV;NL:Q:19180332;Horstra's Wijk/Marsstraat;De Krim;0,3;2,5;0,0;0,0;0,0;0,0
IJV;NL:Q:19180335;Horstra's Wijk/Marsstraat;De Krim;2,1;0,0;0,0;0,0;0,0;0,0
IJV;NL:Q:19180350;Marsstraat;De Krim;2,5;1,5;0,0;0,0;0,0;0,0
IJV;NL:Q:19180450;Slagenweg/Lutteresweg;Ane;0,1;0,0;0,0;0,0;0,0;0,0
IJV;NL:Q:19180460;Slagenweg/Lutteresweg;Ane;0,1;0,1;0,0;0,0;0,0;0,0
IJV;NL:Q:19180500;Hoofdweg;De Krim;0,2;0,2;0,0;0,0;0,0;0,0
IJV;NL:Q:19280010;Molenweg;De Krim;0,0;0,0;0,0;0,0;0,0;0,0
IJV;NL:Q:19280020;Molenweg;De Krim;0,0;0,0;0,0;0,0;0,0;0,0
IJV;NL:Q:19280030;Coevorderweg 171;De Krim;0,0;0,0;0,0;0,0;0,0;0,0
IJV;NL:Q:19280040;Coevorderweg 171;De Krim;0,0;0,0;0,0;0,0;0,0;0,0
IJV;NL:Q:19280050;Drukkerij Seinen;De Krim;0,2;0,0;0,0;0,0;0,0;0,0
IJV;NL:Q:19280060;Drukkerij Seinen;De Krim;0,0;0,1;0,0;0,0;0,0;0,0
IJV;NL:Q:19280070;Coevorderweg 105;De Krim;0,0;0,0;0,0;0,0;0,0;0,0
IJV;NL:Q:19280080;Coevorderweg 105;De Krim;0,0;0,0;0,0;0,0;0,0;0,0
IJV;NL:Q:19380010;Schuineslootweg;Slagharen;6,0;5,3;0,8;0,7;0,4;0,3
IJV;NL:Q:19380020;Schuineslootweg;Slagharen;5,5;5,9;0,9;0,9;0,5;1,2
IJV;NL:Q:19380030;Herenstraat 108;Slagharen;0,1;0,1;0,0;0,1;0,1;0,1
IJV;NL:Q:19380040;Herenstraat 108;Slagharen;0,3;0,3;0,0;0,1;0,4;0,1
IJV;NL:Q:19380050;Witmanweg;Slagharen;1,0;1,2;0,2;0,2;0,2;0,1
IJV;NL:Q:19380060;Witmanweg;Slagharen;0,5;1,7;0,1;0,5;0,1;0,2
IJV;NL:Q:19380070;Vergouwlaan;Slagharen;18,8;9,3;4,3;2,0;2,1;0,9
IJV;NL:Q:19380080;Vergouwlaan;Slagharen;11,1;15,7;2,8;3,2;1,3;2,2
IJV;NL:Q:19380151;Centrum;Lutten;87,3;15,6;16,0;7,0;7,6;5,0
IJV;NL:Q:19380162;Centrum;Lutten;9,6;88,0;3,3;16,2;2,3;8,1
IJV;NL:Q:19380191;Viaduct;Lutten;4,4;1,1;1,2;0,6;0,4;0,2
IJV;NL:Q:19380202;Viaduct;Lutten;0,9;4,5;0,3;1,3;0,1;0,4
IJV;NL:Q:19380280;Coevorderweg 89;Slagharen;0,0;0,2;0,0;0,0;0,0;0,0
IJV;NL:Q:19380290;Coevorderweg 89;Slagharen;0,0;0,8;0,0;0,0;0,0;0,0
IJV;NL:Q:19380301;Centrum;Slagharen;10,3;7,5;3,7;2,1;1,6;1,2
IJV;NL:Q:19380312;Centrum;Slagharen;6,0;11,5;1,6;4,3;1,4;2,1
IJV;NL:Q:19380313;Centrum;Slagharen;7,6;4,5;1,1;0,2;0,5;0,2
IJV;NL:Q:19380314;Centrum;Slagharen;3,7;7,7;0,0;2,2;0,0;1,2
IJV;NL:Q:19380320;Attractiepark;Slagharen;10,1;13,6;6,7;14,5;6,0;5,3
IJV;NL:Q:19380330;Attractiepark;Slagharen;15,0;4,7;13,6;2,7;9,4;1,6
IJV;NL:Q:19380340;Dedemsvaartseweg 84;Lutten;0,3;0,1;0,1;0,0;0,1;0,0
IJV;NL:Q:19380350;Dedemsvaartseweg 84;Lutten;0,1;0,1;0,0;0,0;0,0;0,0
IJV;NL:Q:19380360;Coevorderweg;Lutten;0,3;0,1;0,1;0,0;0,0;0,0
IJV;NL:Q:19380370;Coevorderweg;Lutten;0,1;0,2;0,0;0,1;0,0;0,0
IJV;NL:Q:19380380;Tottenhamstraat/Proatkoele;Lutten;0,3;0,2;0,0;0,1;0,0;0,0
IJV;NL:Q:19380390;Tottenhamstraat/Proatkoele;Lutten;0,1;0,2;0,0;0,0;0,0;0,0
IJV;NL:Q:19380400;Ongelukkige Wijk;Lutten;0,3;0,5;0,0;0,0;0,0;0,0
IJV;NL:Q:19380410;Ongelukkige Wijk;Lutten;0,7;0,2;0,0;0,0;0,0;0,0
IJV;NL:Q:19480010;Rheezerend 162;Dedemsvaart;1,5;0,2;0,2;0,0;0,1;0,1
IJV;NL:Q:19480020;Rheezerend 162;Dedemsvaart;0,1;1,4;0,0;0,2;0,0;0,1
IJV;NL:Q:19480030;Rheezerend;Dedemsvaart;0,5;0,8;0,0;0,3;0,0;0,1
IJV;NL:Q:19480040;Rheezerend;Dedemsvaart;0,9;0,6;0,2;0,1;0,1;0,1
IJV;NL:Q:19480050;Rheezerend 60;Dedemsvaart;0,1;0,1;0,1;0,0;0,0;0,0
IJV;NL:Q:19480060;Rheezerend 60;Dedemsvaart;0,1;0,2;0,0;0,1;0,0;0,0
IJV;NL:Q:19480070;Industrieweg;Dedemsvaart;1,4;0,5;0,1;0,0;0,0;0,0
IJV;NL:Q:19480080;Industrieweg;Dedemsvaart;0,3;1,5;0,0;0,1;0,0;0,0
IJV;NL:Q:19480090;Celsiusstraat;Dedemsvaart;1,4;1,1;0,2;0,0;0,1;0,0
IJV;NL:Q:19480100;Celsiusstraat;Dedemsvaart;1,0;1,7;0,2;0,2;0,0;0,0
IJV;NL:Q:19480110;Van Haeringenstraat;Dedemsvaart;0,9;0,2;0,2;0,0;0,1;0,0
IJV;NL:Q:19480120;Van Haeringenstraat;Dedemsvaart;0,2;1,3;0,0;0,4;0,0;0,0
IJV;NL:Q:19480130;De Magnolia;Dedemsvaart;7,5;24,5;3,2;6,0;1,9;3,6
IJV;NL:Q:19480140;De Magnolia;Dedemsvaart;31,4;9,3;5,3;2,4;3,9;2,5
IJV;NL:Q:19480150;Hazelaar;Dedemsvaart;8,6;21,2;2,6;3,9;1,0;1,9
IJV;NL:Q:19480160;Hazelaar;Dedemsvaart;20,6;4,6;3,7;0,3;2,1;0,3
IJV;NL:Q:19480170;Krikkenstraat;Dedemsvaart;3,6;6,2;0,5;1,8;0,7;1,8
IJV;NL:Q:19480180;Krikkenstraat;Dedemsvaart;6,3;3,1;1,8;0,5;1,3;0,5
IJV;NL:Q:19480190;Haitjema;Dedemsvaart;12,8;21,4;4,2;10,8;2,5;5,6
IJV;NL:Q:19480200;Haitjema;Dedemsvaart;32,1;14,9;13,1;3,6;6,8;1,5
IJV;NL:Q:19480230;Adelaarweg;Dedemsvaart;10,0;50,9;1,7;11,1;0,8;6,7
IJV;NL:Q:19480240;Adelaarweg;Dedemsvaart;37,3;11,5;7,8;1,0;4,4;0,8
IJV;NL:Q:19480250;Sportlaan;Dedemsvaart;6,8;14,6;1,6;5,5;0,8;3,2
IJV;NL:Q:19480260;Sportlaan;Dedemsvaart;15,7;3,8;3,7;1,0;2,8;0,4
IJV;NL:Q:19480290;Busstation;Dedemsvaart;17,4;86,5;4,5;19,9;2,2;12,7
IJV;NL:Q:19480300;Hoofdvaart 115;Dedemsvaart;0,7;0,1;0,8;0,1;0,4;0,0
IJV;NL:Q:19480310;Hoofdvaart 115;Dedemsvaart;0,0;0,7;0,1;0,6;0,0;0,3
IJV;NL:Q:19480320;Hoofdvaart 207;Dedemsvaart;1,3;0,0;0,7;0,0;0,2;0,0
IJV;NL:Q:19480330;Hoofdvaart 207;Dedemsvaart;0,0;1,1;0,1;0,5;0,0;0,2
IJV;NL:Q:19480340;Het Rak;Dedemsvaart;1,5;0,1;0,5;0,1;0,1;0,0
IJV;NL:Q:19480350;Het Rak;Dedemsvaart;0,1;1,5;0,1;0,3;0,1;0,3
IJV;NL:Q:19480360;De Pol;Dedemsvaart;2,0;0,5;1,1;0,5;0,9;0,2
IJV;NL:Q:19480370;De Pol;Dedemsvaart;0,5;2,0;0,6;1,1;0,3;0,7
IJV;NL:Q:19481260;Busstation;Dedemsvaart;40,3;0,9;18,3;0,3;12,6;0,2
IJV;NL:Q:19481270;Busstation;Dedemsvaart;35,1;0,4;0,0;0,0;0,0;0,0
IJV;NL:Q:19481990;Zwiersstraat;Dedemsvaart;3,3;4,0;0,0;0,0;0,0;0,0
IJV;NL:Q:19580000;Station;Gramsbergen;0,8;1,4;0,0;0,0;0,0;0,0
IJV;NL:Q:19580040;Aner Molen;Ane;0,0;0,1;0,0;0,0;0,0;0,0
IJV;NL:Q:19580050;Aner Molen;Ane;0,0;0,0;0,0;0,0;0,0;0,0
IJV;NL:Q:19580060;De Viersprong;Ane;0,0;0,3;0,0;0,0;0,0;0,0
IJV;NL:Q:19580070;De Viersprong;Ane;0,4;0,0;0,0;0,0;0,0;0,0
IJV;NL:Q:19580080;Slagenweg/Haarweg;Ane;0,0;0,0;0,0;0,0;0,0;0,0
IJV;NL:Q:19580090;Slagenweg/Haarweg;Ane;0,0;0,0;0,0;0,0;0,0;0,0
IJV;NL:Q:19580100;Slagenweg/Schansweg;Ane;0,0;0,0;0,0;0,0;0,0;0,0
IJV;NL:Q:19580110;Slagenweg/Schansweg;Ane;0,0;0,0;0,0;0,0;0,0;0,0
IJV;NL:Q:24350010;Spin;De Blesse;0,0;0,2;0,0;0,0;0,0;0,0
IJV;NL:Q:24350020;Spin;De Blesse;0,3;0,0;0,0;0,0;0,0;0,0
IJV;NL:Q:24350030;Bovenweg;De Blesse;0,8;1,2;0,0;0,0;0,0;0,0
IJV;NL:Q:24350050;Friese Veldweg;De Blesse;0,1;0,3;0,0;0,0;0,0;0,0
IJV;NL:Q:24350060;Friese Veldweg;De Blesse;0,4;0,0;0,0;0,0;0,0;0,0
IJV;NL:Q:24350070;Lagebroekweg;Blesdijke;1,5;0,0;0,0;0,0;0,0;0,0
IJV;NL:Q:24350080;Lagebroekweg;Blesdijke;0,1;1,2;0,0;0,0;0,0;0,0
IJV;NL:Q:24350620;Noord;De Blesse;1,1;2,1;0,0;0,0;0,0;0,0
IJV;NL:Q:24450030;Marijenkampen;Marijenkampen;0,0;0,5;0,0;0,0;0,0;0,0
IJV;NL:Q:24450050;Eikenlaan;Willemsoord;0,0;0,4;0,0;0,0;0,0;0,0
IJV;NL:Q:24450060;Eikenlaan;Willemsoord;0,1;0,2;0,0;0,0;0,0;0,0
IJV;NL:Q:24450080;Marijenkampen;Marijenkampen;0,2;0,0;0,0;0,0;0,0;0,0
IJV;NL:Q:24451400;'t Centrum;Steenwijkerwold;6,7;0,5;0,0;0,0;0,0;0,0
IJV;NL:Q:24451800;Willemsoord;Willemsoord;1,7;0,2;0,0;0,0;0,0;0,0
IJV;NL:Q:24451810;Willemsoord;Willemsoord;0,3;1,6;0,0;0,0;0,0;0,0
IJV;NL:Q:24490050;Spanga;Spanga;0,0;0,1;0,0;0,0;0,0;0,0
IJV;NL:Q:24490060;Spanga;Spanga;0,0;0,0;0,0;0,0;0,0;0,0
IJV;NL:Q:24490800;Hoek Spanga;Scherpenzeel;0,2;0,5;0,0;0,0;0,0;0,0
IJV;NL:Q:24490810;Hoek Spanga;Scherpenzeel;0,6;0,3;0,0;0,0;0,0;0,0
IJV;NL:Q:24510020;Frieseweg;Oldemarkt;1,2;7,2;0,0;0,0;0,0;0,0
IJV;NL:Q:24510040;Koningin Julianaweg;Oldemarkt;6,7;5,9;0,0;0,0;0,0;0,0
IJV;NL:Q:24510060;Parochiehuis;Oldemarkt;0,2;2,4;0,0;0,0;0,0;0,0
IJV;NL:Q:24510070;Kruisstraat;Oldemarkt;1,2;0,0;0,0;0,0;0,0;0,0
IJV;NL:Q:24510080;Kruisstraat;Oldemarkt;0,6;0,5;0,0;0,0;0,0;0,0
IJV;NL:Q:24510090;De Boterberg;Oldemarkt;0,2;0,0;0,0;0,0;0,0;0,0
IJV;NL:Q:24510100;De Boterberg;Oldemarkt;0,0;0,2;0,0;0,0;0,0;0,0
IJV;NL:Q:24550030;Zuidveen;Zuidveen;2,7;3,1;0,2;0,8;0,3;0,6
IJV;NL:Q:24550040;Zuidveen;Zuidveen;3,2;2,2;1,1;0,3;0,9;0,2
IJV;NL:Q:24550050;Groot Verlaat;Steenwijk;5,1;2,0;0,5;0,2;0,4;0,2
IJV;NL:Q:24550060;Groot Verlaat;Steenwijk;1,7;5,7;0,2;0,5;0,1;0,4
IJV;NL:Q:24550160;Dolderbrug;Steenwijk;5,6;1,4;5,8;0,5;6,2;0,2
IJV;NL:Q:24550170;Dolderbrug;Steenwijk;2,5;3,0;3,7;0,2;3,8;0,2
IJV;NL:Q:24551420;'t Centrum;Steenwijkerwold;1,8;7,2;0,0;0,0;0,0;0,0
IJV;NL:Q:24552310;Gemeentewerken;Tuk;0,5;0,3;0,0;0,0;0,0;0,0
IJV;NL:Q:24552320;Gemeentewerken;Tuk;0,5;0,5;0,0;0,0;0,0;0,0
IJV;NL:Q:24552330;Oldemarktseweg;Tuk;0,3;0,6;0,0;0,0;0,0;0,0
IJV;NL:Q:24552340;Oldemarktseweg;Tuk;0,7;0,2;0,0;0,0;0,0;0,0
IJV;NL:Q:24552350;Watertoren;Thij;0,0;0,2;0,0;0,0;0,0;0,0
IJV;NL:Q:24552360;Watertoren;Thij;0,2;0,1;0,0;0,0;0,0;0,0
IJV;NL:Q:24552370;Thij;Thij;0,1;0,4;0,0;0,0;0,0;0,0
IJV;NL:Q:24552380;Thij;Thij;0,7;0,1;0,0;0,0;0,0;0,0
IJV;NL:Q:24590100;Burchtstraat;Kuinre;4,7;4,3;0,0;0,0;0,0;0,0
IJV;NL:Q:24610010;Venebosweg;Ossenzijl;0,1;0,1;0,0;0,0;0,0;0,0
IJV;NL:Q:24620110;Lemsterweg;Rutten;0,0;0,3;0,0;0,0;0,0;0,0
IJV;NL:Q:24620130;Houtmolen;Lemmer;1,9;2,8;0,0;0,0;0,0;0,0
IJV;NL:Q:24620140;Houtmolen;Lemmer;2,9;0,5;0,0;0,0;0,0;0,0
IJV;NL:Q:24622020;Busstation;Lemmer;7,6;8,5;0,0;0,0;0,0;0,0
IJV;NL:Q:24680010;Uiterdijkenweg;Luttelgeest;0,9;0,3;0,0;0,0;0,0;0,0
IJV;NL:Q:24680020;Uiterdijkenweg;Luttelgeest;0,5;0,1;0,0;0,0;0,0;0,0
IJV;NL:Q:24680050;Slijkenburg;Slijkenburg;0,0;0,1;0,0;0,0;0,0;0,0
IJV;NL:Q:24680060;Slijkenburg;Slijkenburg;0,1;0,0;0,0;0,0;0,0;0,0
IJV;NL:Q:24720010;Lemsterpoort;Rutten;6,6;2,1;0,0;0,0;0,0;0,0
IJV;NL:Q:24720020;Lemsterpoort;Rutten;3,5;5,9;0,0;0,0;0,0;0,0
IJV;NL:Q:24720090;Noordermeerweg;Rutten;0,3;1,3;0,0;0,0;0,0;0,0
IJV;NL:Q:24720100;Noordermeerweg;Rutten;0,6;1,0;0,0;0,0;0,0;0,0
IJV;NL:Q:24720120;Lemsterweg;Rutten;0,3;0,7;0,0;0,0;0,0;0,0
IJV;NL:Q:24820030;Wrakkenpad;Creil;0,2;3,0;0,0;0,0;0,0;0,0
IJV;NL:Q:24820040;Wrakkenpad;Creil;1,3;0,1;0,0;0,0;0,0;0,0
IJV;NL:Q:24820050;IJzerpad;Rutten;0,1;0,4;0,0;0,0;0,0;0,0
IJV;NL:Q:24820060;IJzerpad;Rutten;0,2;0,8;0,0;0,0;0,0;0,0
IJV;NL:Q:24820090;Creil;Creil;14,3;1,6;0,0;0,0;0,0;0,0
IJV;NL:Q:24820100;Creil;Creil;3,9;12,9;0,0;0,0;0,0;0,0
IJV;NL:Q:24920030;Weg van Ongenade;Espel;0,1;0,1;0,0;0,0;0,0;0,0
IJV;NL:Q:24920040;Weg van Ongenade;Espel;0,1;0,1;0,0;0,0;0,0;0,0
IJV;NL:Q:24920050;Onderduikerspad;Espel;0,2;1,4;0,0;0,0;0,0;0,0
IJV;NL:Q:24920060;Onderduikerspad;Espel;0,6;0,2;0,0;0,0;0,0;0,0
IJV;NL:Q:24920070;Noordermiddenweg;Espel;0,3;0,3;0,0;0,0;0,0;0,0
IJV;NL:Q:24920080;Espelerweg;Emmeloord;0,1;0,1;0,0;0,0;0,0;0,0
IJV;NL:Q:24920090;Noordermiddenweg;Espel;0,3;0,3;0,0;0,0;0,0;0,0
IJV;NL:Q:24920100;Espelerweg;Emmeloord;0,0;0,2;0,0;0,0;0,0;0,0
IJV;NL:Q:24920110;Espel;Espel;1,7;6,6;0,0;0,0;0,0;0,0
IJV;NL:Q:24920120;Espel;Espel;6,6;0,9;0,0;0,0;0,0;0,0
IJV;NL:Q:24920130;Klutenpad;Creil;0,5;1,0;0,0;0,0;0,0;0,0
IJV;NL:Q:24920140;Klutenpad;Creil;0,8;0,5;0,0;0,0;0,0;0,0
IJV;NL:Q:25000010;Kettingstraat;Emmeloord;24,7;28,1;6,2;13,5;1,6;4,7
IJV;NL:Q:25000020;Kettingstraat;Emmeloord;28,8;10,6;13,7;0,8;4,6;0,2
IJV;NL:Q:25000030;Lange Dreef;Emmeloord;2,3;12,1;0,3;10,6;0,1;5,8
IJV;NL:Q:25000040;Lange Dreef;Emmeloord;10,6;2,4;9,6;0,2;4,6;0,1
IJV;NL:Q:25000050;Bunschotenlaan;Emmeloord;5,5;12,4;2,5;4,1;0,6;2,6
IJV;NL:Q:25000070;Emmeloord - Oost;Emmeloord;3,7;3,6;0,3;0,8;0,1;0,5
IJV;NL:Q:25000080;Emmeloord - Oost;Emmeloord;3,7;4,8;0,6;0,6;0,4;0,0
IJV;NL:Q:25000100;Diemenlaan;Emmeloord;10,0;4,6;2,4;1,2;2,0;0,4
IJV;NL:Q:25000130;Ecopark;Emmeloord;1,5;2,0;0,2;0,2;0,2;0,1
IJV;NL:Q:25000140;Ecopark;Emmeloord;2,0;2,1;0,1;0,1;0,1;0,1
IJV;NL:Q:25000150;Diemenlaan;Emmeloord;9,7;13,9;1,4;3,3;0,5;1,8
IJV;NL:Q:25000160;Ondernemersweg;Emmeloord;1,3;1,8;0,0;0,0;0,0;0,0
IJV;NL:Q:25000170;Ondernemersweg;Emmeloord;0,8;1,6;0,0;0,0;0,0;0,0
IJV;NL:Q:25000180;Produktieweg;Emmeloord;1,3;1,2;0,0;0,0;0,0;0,0
IJV;NL:Q:25000190;Produktieweg;Emmeloord;0,2;1,4;0,0;0,0;0,0;0,0
IJV;NL:Q:25000210;Zuyderzee College;Emmeloord;12,1;17,6;5,8;0,9;4,4;0,3
IJV;NL:Q:25000260;Zuyderzee College;Emmeloord;7,7;15,1;1,2;6,5;0,4;3,7
IJV;NL:Q:25000410;Begraafplaats;Emmeloord;11,2;9,7;0,0;0,0;0,0;0,0
IJV;NL:Q:25000420;Begraafplaats;Emmeloord;16,6;12,2;0,0;0,0;0,0;0,0
IJV;NL:Q:25000430;Dr. W.M. Verhaarlaan;Emmeloord;0,7;1,2;0,0;0,0;0,0;0,0
IJV;NL:Q:25000440;Dr. W.M. Verhaarlaan;Emmeloord;0,5;0,4;0,0;0,0;0,0;0,0
IJV;NL:Q:25000470;Nieuwlandenlaan;Emmeloord;0,5;1,3;0,0;0,0;0,0;0,0
IJV;NL:Q:25000480;Nieuwlandenlaan;Emmeloord;1,3;1,5;0,0;0,0;0,0;0,0
IJV;NL:Q:25000500;Medisch Centrum;Emmeloord;24,5;49,1;16,1;16,7;10,7;7,7
IJV;NL:Q:25000550;Medisch Centrum;Emmeloord;35,6;25,2;18,5;5,8;8,6;1,7
IJV;NL:Q:25000600;Antonius Ziekenhuis;Emmeloord;35,9;49,5;11,2;32,4;2,4;12,7
IJV;NL:Q:25000650;Antonius Ziekenhuis;Emmeloord;42,2;29,5;28,4;10,1;11,7;2,3
IJV;NL:Q:25000700;Urkerweg 18;Emmeloord;7,7;0,3;0,1;0,2;0,0;0,0
IJV;NL:Q:25001400;Smeden;Emmeloord;11,1;14,2;7,4;5,1;6,4;1,0
IJV;NL:Q:25001450;Smeden;Emmeloord;18,9;15,1;2,1;9,8;10,0;3,7
IJV;NL:Q:25005010;Busstation;Emmeloord;34,3;37,5;0,0;0,0;0,0;0,0
IJV;NL:Q:25005012;Busstation;Emmeloord;119,3;46,0;64,0;35,9;44,4;20,8
IJV;NL:Q:25005013;Busstation;Emmeloord;91,7;103,3;45,4;45,1;24,9;28,2
IJV;NL:Q:25005014;Busstation;Emmeloord;218,6;271,3;63,5;89,3;7,5;34,6
IJV;NL:Q:25005021;Busstation;Emmeloord;267,4;214,5;90,4;68,3;46,2;21,8
IJV;NL:Q:25005022;Busstation;Emmeloord;38,8;25,9;0,0;0,0;0,0;0,0
IJV;NL:Q:25005023;Busstation;Emmeloord;94,0;124,4;1,3;39,7;1,6;29,8
IJV;NL:Q:25060010;Brink;Luttelgeest;4,1;0,4;0,0;0,0;0,0;0,0
IJV;NL:Q:25060020;Brink;Luttelgeest;0,7;2,8;0,0;0,0;0,0;0,0
IJV;NL:Q:25060030;Luttelgeesterweg;Luttelgeest;0,6;0,1;0,0;0,0;0,0;0,0
IJV;NL:Q:25060040;Luttelgeesterweg;Luttelgeest;1,7;0,0;0,0;0,0;0,0;0,0
IJV;NL:Q:25060050;Lindeweg;Luttelgeest;0,0;0,1;0,0;0,0;0,0;0,0
IJV;NL:Q:25060060;Lindeweg;Luttelgeest;0,0;0,1;0,0;0,0;0,0;0,0
IJV;NL:Q:25060070;Pantropica;Luttelgeest;0,0;0,0;0,0;0,0;0,0;0,0
IJV;NL:Q:25060080;Pantropica;Luttelgeest;0,0;0,0;0,0;0,0;0,0;0,0
IJV;NL:Q:25060090;Oosterringweg;Luttelgeest;1,2;32,5;0,0;0,0;0,0;0,0
IJV;NL:Q:25060100;Oosterringweg;Luttelgeest;39,0;0,5;0,0;0,0;0,0;0,0
IJV;NL:Q:25060110;Schansweg;Luttelgeest;0,3;1,3;0,0;0,0;0,0;0,0
IJV;NL:Q:25060120;Schansweg;Luttelgeest;0,2;0,0;0,0;0,0;0,0;0,0
IJV;NL:Q:25070010;Luttelgeesterweg;Marknesse;1,2;0,5;0,2;0,5;0,0;0,2
IJV;NL:Q:25070020;Luttelgeesterweg;Marknesse;0,7;1,3;0,4;0,2;0,2;0,1
IJV;NL:Q:25070030;H.D. Louwes Hoeve;Emmeloord;0,1;0,1;0,0;0,1;0,0;0,0
IJV;NL:Q:25070040;H.D. Louwes Hoeve;Emmeloord;0,1;0,1;0,0;0,0;0,0;0,0
IJV;NL:Q:25070050;Lindeweg;Emmeloord;0,2;0,4;0,0;0,1;0,0;0,0
IJV;NL:Q:25070060;Lindeweg;Emmeloord;0,5;0,3;0,0;0,2;0,1;0,1
IJV;NL:Q:25130100;Sloefweg;Ens;2,7;2,6;1,4;2,5;0,9;1,4
IJV;NL:Q:25130150;Sloefweg;Ens;3,5;4,2;3,7;2,0;1,2;1,8
IJV;NL:Q:25130200;Bomenweg;Emmeloord;1,0;0,3;0,1;0,3;0,2;0,1
IJV;NL:Q:25130250;Bomenweg;Emmeloord;0,3;1,8;0,1;0,2;0,1;0,2
IJV;NL:Q:25130300;Kleiweg;Emmeloord;0,7;0,4;0,2;0,2;0,4;0,1
IJV;NL:Q:25130350;Kleiweg;Emmeloord;0,7;3,6;0,2;0,5;0,1;0,3
IJV;NL:Q:25131500;Bunschotenlaan;Emmeloord;10,2;5,0;3,4;1,4;2,3;0,7
IJV;NL:Q:25140100;Schaftweg/Nagelerweg;Emmeloord;0,3;0,1;0,0;0,0;0,0;0,0
IJV;NL:Q:25140150;Schaftweg/Nagelerweg;Emmeloord;0,1;0,5;0,0;0,0;0,0;0,0
IJV;NL:Q:25140300;Johannes Postweg;Nagele;0,0;0,2;0,0;0,0;0,0;0,0
IJV;NL:Q:25140350;Johannes Postweg;Nagele;0,1;0,1;0,0;0,0;0,0;0,0
IJV;NL:Q:25150050;Urkerweg 18;Emmeloord;0,1;1,1;0,0;0,6;0,0;0,0
IJV;NL:Q:25150100;Urkerweg 34;Tollebeek;1,8;0,5;0,5;0,4;0,0;0,0
IJV;NL:Q:25150150;Urkerweg 34;Tollebeek;0,4;0,8;0,1;0,5;0,0;0,0
IJV;NL:Q:25150200;Tollebeek;Tollebeek;32,5;7,7;13,1;4,2;0,0;0,0
IJV;NL:Q:25150250;Tollebeek;Tollebeek;6,7;30,3;3,7;9,7;0,0;0,0
IJV;NL:Q:25150300;Urkerweg 46;Tollebeek;0,9;0,2;0,0;0,0;0,0;0,0
IJV;NL:Q:25150350;Urkerweg 46;Tollebeek;0,0;2,6;0,0;1,0;0,0;0,0
IJV;NL:Q:25150400;Urkerdwarspad;Urk;2,3;0,3;0,1;0,1;0,0;0,0
IJV;NL:Q:25170030;Zwembad Voorst;Kraggenburg;0,2;1,6;0,3;0,8;0,1;0,3
IJV;NL:Q:25170040;Zwembad Voorst;Kraggenburg;0,3;0,3;0,3;0,2;1,3;0,2
IJV;NL:Q:25170050;Picknickplaats;Kraggenburg;0,3;0,7;0,0;0,3;0,1;0,4
IJV;NL:Q:25170060;Picknickplaats;Kraggenburg;1,2;0,6;0,2;0,2;0,4;0,2
IJV;NL:Q:25170070;Mammouthweg;Kraggenburg;0,4;0,2;0,6;0,2;0,6;0,1
IJV;NL:Q:25170080;Mammouthweg;Kraggenburg;0,4;0,6;0,4;0,7;0,3;0,6
IJV;NL:Q:25170090;Leemringweg/Sloefweg;Marknesse;0,6;0,2;0,1;0,1;0,0;0,1
IJV;NL:Q:25170100;Leemringweg/Sloefweg;Marknesse;0,2;0,3;0,1;0,2;0,1;0,1
IJV;NL:Q:25170110;Boslaan;Marknesse;3,4;0,2;0,0;0,0;0,0;0,0
IJV;NL:Q:25170120;Boslaan;Marknesse;0,1;3,4;0,0;0,0;0,0;0,0
IJV;NL:Q:25170211;Busstation;Marknesse;15,8;15,3;13,0;3,9;5,2;4,1
IJV;NL:Q:25170212;Busstation;Marknesse;10,7;6,8;0,0;0,0;0,0;0,0
IJV;NL:Q:25170221;Busstation;Marknesse;21,6;20,8;7,3;12,7;4,4;5,6
IJV;NL:Q:25170223;Busstation;Marknesse;21,0;23,7;0,0;0,0;0,0;0,0
IJV;NL:Q:25170230;Breestraat;Marknesse;32,7;25,7;10,2;14,5;6,0;7,3
IJV;NL:Q:25170240;Breestraat;Marknesse;20,0;30,5;11,6;10,8;6,6;6,0
IJV;NL:Q:25170250;Netl;Kraggenburg;1,1;2,6;1,1;3,9;1,5;2,7
IJV;NL:Q:25170260;Netl;Kraggenburg;1,5;1,4;2,7;2,4;4,5;1,1
IJV;NL:Q:25180010;Busstation;Blokzijl;11,8;16,1;0,0;0,0;0,0;0,0
IJV;NL:Q:25180020;Busstation;Blokzijl;10,4;8,4;0,0;0,0;0,0;0,0
IJV;NL:Q:25180030;Uiterdijkenweg;Marknesse;1,8;2,0;0,0;0,0;0,0;0,0
IJV;NL:Q:25180040;Uiterdijkenweg;Marknesse;6,0;1,9;0,0;0,0;0,0;0,0
IJV;NL:Q:25180050;Steenwijkerdwarsweg;Marknesse;0,3;0,8;0,0;0,0;0,0;0,0
IJV;NL:Q:25180060;Steenwijkerdwarsweg;Marknesse;0,5;0,4;0,0;0,0;0,0;0,0
IJV;NL:Q:25230030;Ens;Ens;37,3;39,9;18,5;14,9;7,3;7,7
IJV;NL:Q:25230040;Ens;Ens;38,4;37,1;14,2;15,8;10,1;6,3
IJV;NL:Q:25240010;Domineesweg;Nagele;10,7;4,4;7,3;1,7;8,6;0,6
IJV;NL:Q:25240150;Professor Brandsmaweg;Nagele;0,9;0,7;0,0;0,0;0,0;0,0
IJV;NL:Q:25240200;Professor Brandsmaweg;Nagele;0,7;9,8;0,0;0,0;0,0;0,0
IJV;NL:Q:25240800;Nagele;Nagele;14,6;7,3;0,0;0,0;0,0;0,0
IJV;NL:Q:25240850;Nagele;Nagele;15,3;15,4;0,0;0,0;0,0;0,0
IJV;NL:Q:25250010;Singel;Urk;117,9;90,1;40,4;34,2;0,0;0,0
IJV;NL:Q:25250050;Urkerdwarspad;Urk;0,5;1,4;0,1;0,4;0,0;0,0
IJV;NL:Q:25250210;Ransuil;Urk;22,6;78,7;2,3;14,1;0,0;0,0
IJV;NL:Q:25250220;Ransuil;Urk;68,5;7,3;15,6;1,2;0,0;0,0
IJV;NL:Q:25250230;Winkelcentrum;Urk;15,8;72,1;3,5;18,9;0,0;0,0
IJV;NL:Q:25250240;Winkelcentrum;Urk;71,0;12,7;20,2;3,2;0,0;0,0
IJV;NL:Q:25250270;Vlaak;Urk;36,9;57,7;2,2;7,1;0,0;0,0
IJV;NL:Q:25250300;Rotholm;Urk;52,7;27,9;12,8;6,0;0,0;0,0
IJV;NL:Q:25250310;Meep;Urk;1,2;1,5;0,0;0,0;0,0;0,0
IJV;NL:Q:25250320;Meep;Urk;0,5;0,1;0,0;0,0;0,0;0,0
IJV;NL:Q:25250330;Vlieter;Urk;0,1;1,2;0,0;0,0;0,0;0,0
IJV;NL:Q:25250340;Vlieter;Urk;0,8;0,4;0,0;0,0;0,0;0,0
IJV;NL:Q:25250350;Pampus;Urk;0,1;9,7;0,0;0,0;0,0;0,0
IJV;NL:Q:25250360;Pampus;Urk;5,3;0,0;0,0;0,0;0,0;0,0
IJV;NL:Q:25250370;Michiel de Ruyterallee;Urk;8,4;0,3;0,0;0,0;0,0;0,0
IJV;NL:Q:25250380;Michiel de Ruyterallee;Urk;1,7;8,7;0,0;0,0;0,0;0,0
IJV;NL:Q:25250850;Lange Dam;Urk;30,8;33,5;2,7;5,6;0,0;0,0
IJV;NL:Q:25250950;De Noord;Urk;48,2;34,5;3,4;6,2;0,0;0,0
IJV;NL:Q:25251000;Gemeentehuis;Urk;17,5;49,1;1,4;5,6;0,0;0,0
IJV;NL:Q:25270010;Clarenberglaan;Vollenhove;38,6;47,7;14,6;11,4;4,0;8,3
IJV;NL:Q:25270020;Clarenberglaan;Vollenhove;71,0;50,1;19,4;12,9;12,0;3,6
IJV;NL:Q:25270030;Kraggenburg;Kraggenburg;30,1;24,0;18,5;15,1;8,3;8,3
IJV;NL:Q:25270110;Vollenhoverweg/NOP;Marknesse;0,1;0,3;0,0;0,3;0,0;0,1
IJV;NL:Q:25270120;Vollenhoverweg/NOP;Marknesse;0,2;0,2;0,1;0,1;0,2;0,1
IJV;NL:Q:25270130;Repelweg;Marknesse;0,1;0,2;0,1;0,4;0,0;0,1
IJV;NL:Q:25270140;Repelweg;Marknesse;0,1;0,1;0,2;0,4;0,1;0,1
IJV;NL:Q:25270150;Voorsterweg;Marknesse;2,3;5,0;3,9;6,2;2,7;2,1
IJV;NL:Q:25270160;Voorsterweg;Marknesse;4,8;3,0;6,4;3,8;1,9;2,4
IJV;NL:Q:25270170;Voorstersluis;Marknesse;0,1;0,3;0,1;0,3;0,0;0,1
IJV;NL:Q:25270180;Voorstersluis;Marknesse;0,5;0,2;0,2;0,2;0,2;0,1
IJV;NL:Q:25270190;Paardenweg;Kraggenburg;0,7;0,8;0,1;0,2;0,0;0,1
IJV;NL:Q:25270200;Paardenweg;Kraggenburg;0,8;2,6;0,1;1,4;0,1;0,6
IJV;NL:Q:25280010;Boomkwekerij;Scheerwolde;0,9;2,8;0,0;0,0;0,0;0,0
IJV;NL:Q:25280020;Boomkwekerij;Scheerwolde;2,4;0,7;0,0;0,0;0,0;0,0
IJV;NL:Q:25280050;Beenderribben;Wetering;0,5;0,0;0,0;0,0;0,0;0,0
IJV;NL:Q:25280060;Beenderribben;Wetering;0,0;0,4;0,0;0,0;0,0;0,0
IJV;NL:Q:25280070;Wetering;Wetering;0,7;0,1;0,0;0,0;0,0;0,0
IJV;NL:Q:25280080;Wetering;Wetering;0,1;0,7;0,0;0,0;0,0;0,0
IJV;NL:Q:25280090;Veldhuisweg;Baarlo;0,2;0,9;0,0;0,0;0,0;0,0
IJV;NL:Q:25280100;Veldhuisweg;Baarlo;0,5;0,2;0,0;0,0;0,0;0,0
IJV;NL:Q:25300010;Domineesweg;Nagele;4,0;7,5;0,8;5,2;0,4;2,0
IJV;NL:Q:25330300;Zwartemeerweg;Ens;5,3;23,4;6,2;8,9;2,7;2,7
IJV;NL:Q:25330350;Zwartemeerweg;Ens;4,8;7,9;10,5;8,5;2,6;2,4
IJV;NL:Q:25350010;Markeweg;Blesdijke;0,1;1,7;0,0;0,0;0,0;0,0
IJV;NL:Q:25350020;Markeweg;Blesdijke;1,8;0,1;0,0;0,0;0,0;0,0
IJV;NL:Q:25350030;Dalhoeve;Blesdijke;0,0;0,4;0,0;0,0;0,0;0,0
IJV;NL:Q:25350040;Dalhoeve;Blesdijke;0,2;0,0;0,0;0,0;0,0;0,0
IJV;NL:Q:25350060;Parochiehuis;Oldemarkt;3,1;0,2;0,0;0,0;0,0;0,0
IJV;NL:Q:25350090;Frieseweg;Oldemarkt;7,3;0,7;0,0;0,0;0,0;0,0
IJV;NL:Q:25350310;Koningin Julianaweg;Oldemarkt;0,0;1,8;0,0;0,0;0,0;0,0
IJV;NL:Q:25370010;Heetveld;Heetveld;1,2;6,6;0,3;2,4;0,2;1,2
IJV;NL:Q:25370020;Heetveld;Heetveld;5,5;0,9;1,6;0,6;1,3;0,2
IJV;NL:Q:25370070;Prot Chr Basisschool;Heetveld;0,5;4,7;0,1;1,1;0,0;0,3
IJV;NL:Q:25370080;Prot Chr Basisschool;Heetveld;6,2;0,5;2,2;0,0;0,4;0,0
IJV;NL:Q:25380010;Jan van Nassauweg;Scheerwolde;0,5;1,2;0,0;0,0;0,0;0,0
IJV;NL:Q:25380020;Jan van Nassauweg;Scheerwolde;1,1;0,5;0,0;0,0;0,0;0,0
IJV;NL:Q:25380030;Smalleweg;Scheerwolde;0,3;0,5;0,0;0,0;0,0;0,0
IJV;NL:Q:25380040;Smalleweg;Scheerwolde;0,1;0,3;0,0;0,0;0,0;0,0
IJV;NL:Q:25430010;Noorderrandweg;Kampereiland;0,1;1,3;0,0;0,3;0,0;0,1
IJV;NL:Q:25430020;Noorderrandweg;Kampereiland;0,7;0,3;0,1;0,0;0,0;0,0
IJV;NL:Q:25430030;Rechterveldweg;Kampereiland;0,8;3,1;0,6;2,0;0,9;2,5
IJV;NL:Q:25430040;Rechterveldweg;Kampereiland;3,2;0,8;2,4;0,2;1,7;0,2
IJV;NL:Q:25430050;Natuurbad Seveningen;Kampereiland;1,1;0,8;0,5;0,7;0,1;0,3
IJV;NL:Q:25430200;Kampereiland Kerk;Kampereiland;0,6;0,8;0,1;0,0;0,1;0,0
IJV;NL:Q:25430250;Kampereiland Kerk;Kampereiland;0,1;0,7;0,0;0,2;0,0;0,1
IJV;NL:Q:25430300;Witte Brug;Kampereiland;0,5;0,4;0,5;0,2;0,1;0,1
IJV;NL:Q:25430350;Witte Brug;Kampereiland;0,4;0,6;0,2;0,5;0,0;0,1
IJV;NL:Q:25440050;Visvijverweg;Swifterbant;5,9;0,8;0,0;0,0;0,0;0,0
IJV;NL:Q:25440100;Visvijverweg;Swifterbant;1,1;5,7;0,0;0,0;0,0;0,0
IJV;NL:Q:25450810;Kooystraat;Ossenzijl;0,9;1,5;0,0;0,0;0,0;0,0
IJV;NL:Q:25450820;Kooystraat;Ossenzijl;1,0;0,3;0,0;0,0;0,0;0,0
IJV;NL:Q:25450830;Venebosweg;Ossenzijl;0,2;0,2;0,0;0,0;0,0;0,0
IJV;NL:Q:25470010;De Velde;De Velde;0,3;1,7;0,4;1,1;0,2;1,1
IJV;NL:Q:25470020;De Velde;De Velde;1,5;0,5;1,2;0,5;1,1;0,1
IJV;NL:Q:25470030;Busstation;Zwartsluis;47,3;142,1;26,8;77,4;18,9;50,1
IJV;NL:Q:25470040;Busstation;Zwartsluis;122,9;26,6;60,8;8,2;34,5;4,3
IJV;NL:Q:25470050;Bejaardencentrum;Zwartsluis;3,5;0,2;2,0;0,3;2,4;0,2
IJV;NL:Q:25470060;Bejaardencentrum;Zwartsluis;4,7;1,3;2,9;0,6;2,6;0,3
IJV;NL:Q:25470070;De Krieger;De Krieger;0,1;3,5;0,1;1,0;0,0;0,5
IJV;NL:Q:25470080;De Krieger;De Krieger;6,0;0,6;1,0;0,2;0,4;0,0
IJV;NL:Q:25470081;De Krieger;De Krieger;0,1;2,9;0,0;0,0;0,0;0,0
IJV;NL:Q:25480010;Oostermaat;Kamperzeedijk;3,2;1,2;0,8;0,9;0,0;0,0
IJV;NL:Q:25480020;Oostermaat;Kamperzeedijk;1,5;5,0;1,5;3,2;0,0;0,0
IJV;NL:Q:25580010;Nieuweweg;Genemuiden;6,2;7,8;1,4;1,6;0,0;0,0
IJV;NL:Q:25580020;Nieuweweg;Genemuiden;12,7;5,2;2,0;0,7;0,0;0,0
IJV;NL:Q:25580030;'t TAG;Genemuiden;43,4;35,4;3,8;5,1;0,0;0,0
IJV;NL:Q:25580040;'t TAG;Genemuiden;13,4;18,2;5,6;4,4;0,0;0,0
IJV;NL:Q:25630030;Vahl;IJsselmuiden;0,3;0,2;0,3;0,1;0,0;0,0
IJV;NL:Q:25630040;Vahl;IJsselmuiden;0,0;0,4;0,2;0,3;0,0;0,0
IJV;NL:Q:25630050;Fuite;IJsselmuiden;0,2;1,7;0,1;0,8;0,0;0,0
IJV;NL:Q:25630060;Fuite;IJsselmuiden;1,5;0,2;0,6;0,2;0,0;0,0
IJV;NL:Q:25630070;Plasweg;IJsselmuiden;0,1;0,4;0,0;0,3;0,0;0,0
IJV;NL:Q:25630080;Plasweg;IJsselmuiden;0,4;0,2;0,3;0,2;0,0;0,0
IJV;NL:Q:25630090;Groenendael;IJsselmuiden;0,9;1,1;0,1;0,6;0,0;0,0
IJV;NL:Q:25630100;Groenendael;IJsselmuiden;1,4;0,9;0,6;0,5;0,0;0,0
IJV;NL:Q:25630110;R.K. Kerk;IJsselmuiden;1,3;1,0;2,1;0,4;0,0;0,0
IJV;NL:Q:25630120;R.K. Kerk;IJsselmuiden;1,3;0,6;2,1;0,9;0,0;0,0
IJV;NL:Q:25670010;H. van Viandenplein;Hasselt;0,5;2,4;0,0;0,0;0,0;0,0
IJV;NL:Q:25670020;H. van Viandenplein;Hasselt;2,6;0,4;0,0;0,0;0,0;0,0
IJV;NL:Q:25670030;Centrum;Hasselt;71,3;188,4;17,5;83,7;6,0;33,3
IJV;NL:Q:25670040;Centrum;Hasselt;219,5;107,0;113,8;40,0;37,0;4,8
IJV;NL:Q:25680010;Sluis;Beukers;0,1;0,1;0,2;0,0;0,0;0,0
IJV;NL:Q:25680020;Sluis;Beukers;0,0;0,1;0,0;0,0;0,0;0,0
IJV;NL:Q:25680030;Blauwe Hand;Blauwe Hand;1,2;3,3;0,5;2,2;0,5;1,5
IJV;NL:Q:25680040;Blauwe Hand;Blauwe Hand;4,2;2,5;2,3;2,1;2,6;1,7
IJV;NL:Q:25770010;Mannagras;Zwolle;0,9;7,8;0,5;5,4;0,3;2,8
IJV;NL:Q:25770020;Mannagras;Zwolle;9,0;2,2;6,6;1,1;2,9;0,6
IJV;NL:Q:25770030;Klokkengieterlaan;Zwolle;24,3;1,5;18,4;0,6;9,2;0,3
IJV;NL:Q:25770035;Klokkengieterlaan;Zwolle;1,2;22,5;0,8;17,2;0,4;10,6
IJV;NL:Q:25770050;Karveelschipperstraat;Zwolle;21,7;2,8;14,9;1,4;7,7;0,6
IJV;NL:Q:25770055;Karveelschipperstraat;Zwolle;1,7;19,7;0,7;14,1;0,6;7,6
IJV;NL:Q:25770060;Veldbeemdgras;Zwolle;43,2;1,7;30,5;0,6;13,9;0,2
IJV;NL:Q:25770065;Veldbeemdgras;Zwolle;1,4;37,6;0,7;27,4;0,6;14,5
IJV;NL:Q:25770070;Goudsmidstraat;Zwolle;27,3;2,5;21,9;1,4;9,8;0,6
IJV;NL:Q:25770075;Goudsmidstraat;Zwolle;1,7;22,3;0,9;16,9;0,7;8,7
IJV;NL:Q:25770110;Fioringras;Zwolle;42,1;4,9;29,2;2,8;14,6;1,5
IJV;NL:Q:25770115;Fioringras;Zwolle;3,1;37,6;1,9;27,6;1,4;19,1
IJV;NL:Q:25770230;Bandijklaan;Zwolle;2,8;29,3;0,8;17,3;0,4;8,5
IJV;NL:Q:25770240;Bandijklaan;Zwolle;27,9;3,8;18,3;0,9;7,2;0,6
IJV;NL:Q:25780010;Dominee Hylkemaweg;Giethoorn;71,1;11,5;107,3;16,0;73,8;15,3
IJV;NL:Q:25780020;Dominee Hylkemaweg;Giethoorn;15,0;71,5;51,3;144,9;43,5;96,8
IJV;NL:Q:25780030;Kerkweg;Giethoorn;4,3;0,7;1,5;0,3;1,4;0,4
IJV;NL:Q:25780040;Kerkweg;Giethoorn;0,9;4,7;0,9;2,4;0,6;1,7
IJV;NL:Q:25780050;Hotel Harmonie;Giethoorn;1,3;0,4;1,1;0,5;0,5;0,2
IJV;NL:Q:25780060;Hotel Harmonie;Giethoorn;0,6;1,1;1,0;1,1;1,1;0,5
IJV;NL:Q:25830110;Oranjesingel;Kampen;5,6;9,9;1,0;0,8;0,0;0,0
IJV;NL:Q:25830170;Station Zuid;Kampen;84,9;57,8;5,5;0,9;0,0;0,0
IJV;NL:Q:25830190;Station Zuid;Kampen;24,9;57,1;6,4;12,0;0,1;0,1
IJV;NL:Q:25830290;Amandelboom;Kampen;4,7;6,4;1,3;1,4;0,0;0,0
IJV;NL:Q:25830300;Andoorn;Kampen;5,3;6,2;1,7;2,5;0,0;0,0
IJV;NL:Q:25830310;Sterrekroos;Kampen;9,2;10,3;2,7;2,4;0,0;0,0
IJV;NL:Q:25830320;Hilbert v Dijkstraat;Kampen;4,7;3,7;0,8;1,1;0,0;0,0
IJV;NL:Q:25830330;Doctor Kolfflaan;Kampen;5,4;5,0;1,1;1,4;0,0;0,0
IJV;NL:Q:25830490;Bovenbroeksweg;Kampen;5,1;2,1;1,0;0,5;0,0;0,0
IJV;NL:Q:25830550;Kwekerije;Kampen;0,1;4,5;0,1;1,0;0,0;0,0
IJV;NL:Q:25830560;Europa Allee;Kampen;9,8;1,5;1,2;0,3;0,0;0,0
IJV;NL:Q:25830570;Symfonielaan;Kampen;10,2;0,2;1,8;0,0;0,1;0,0
IJV;NL:Q:25830580;Lovinkstraat;Kampen;23,7;31,1;6,6;8,1;0,0;0,1
IJV;NL:Q:25830590;Lange Akker;Kampen;1,6;2,1;0,4;0,6;0,0;0,0
IJV;NL:Q:25830600;Begraafplaats Bovenbroek;Kampen;0,0;0,3;0,0;0,3;0,0;0,0
IJV;NL:Q:25830610;Jan van Arkelstraat;Kampen;2,6;3,2;1,1;0,7;0,0;0,0
IJV;NL:Q:40300170;Telefoonweg;Renkum;0,7;0,3;0,0;0,0;0,0;0,0
IJV;NL:Q:40300180;Telefoonweg;Renkum;0,1;0,1;0,0;0,0;0,0;0,0
IJV;NL:Q:40344001;Apeldoornseweg;'s Heeren Loo;0,0;0,1;0,0;0,0;0,0;0,0
IJV;NL:Q:40344002;Apeldoornseweg;'s Heeren Loo;0,0;0,0;0,0;0,0;0,0;0,0
IJV;NL:Q:40360009;Rotonde;Otterlo;0,0;0,1;0,0;0,0;0,0;0,0
IJV;NL:Q:40360010;Rotonde;Otterlo;0,1;0,1;0,0;0,0;0,0;0,0
IJV;NL:Q:40360013;Rotonde;Otterlo;1,0;0,2;0,0;0,0;0,0;0,0
IJV;NL:Q:40360014;Rotonde;Otterlo;0,0;0,6;0,0;0,0;0,0;0,0
IJV;NL:Q:40406011;Mansholtlaan;Wageningen;0,2;0,1;0,0;0,0;0,0;0,0
IJV;NL:Q:40406012;Mansholtlaan;Wageningen;0,0;0,3;0,0;0,0;0,0;0,0
IJV;NL:Q:40441001;Harderwijkerweg;Loenen;0,0;0,0;0,0;0,0;0,0;0,0
IJV;NL:Q:40441003;Bergakkerweg;Loenen;0,0;0,3;0,0;0,0;0,0;0,0
IJV;NL:Q:40441004;Bergakkerweg;Loenen;0,3;0,1;0,0;0,0;0,0;0,0
IJV;NL:Q:40441005;Bruisbeek;Loenen;0,1;0,9;0,0;0,0;0,0;0,0
IJV;NL:Q:40441006;Bruisbeek;Loenen;1,4;0,1;0,0;0,0;0,0;0,0
IJV;NL:Q:40441007;Leeuwenbergweg;Loenen;0,0;0,3;0,0;0,0;0,0;0,0
IJV;NL:Q:40441008;Leeuwenbergweg;Loenen;0,3;0,0;0,0;0,0;0,0;0,0
IJV;NL:Q:40441009;Hoge Bergweg;Loenen;0,1;0,2;0,0;0,0;0,0;0,0
IJV;NL:Q:40441010;Hoge Bergweg;Loenen;0,2;0,2;0,0;0,0;0,0;0,0
IJV;NL:Q:40441011;Hoofdweg;Loenen;0,9;0,5;0,0;0,0;0,0;0,0
IJV;NL:Q:40441014;Voorsterweg;Loenen;0,4;1,9;0,0;0,0;0,0;0,0
IJV;NL:Q:40451034;Laan van Westenenk;Apeldoorn;1,9;2,3;0,0;0,0;0,0;0,0
IJV;NL:Q:40451075;Kapelmeestershoeve;Apeldoorn;20,0;19,3;12,6;15,5;6,6;9,9
IJV;NL:Q:40451076;Kapelmeestershoeve;Apeldoorn;6,9;17,6;5,6;13,2;3,9;8,4
IJV;NL:Q:40451077;De Eglantier;Apeldoorn;51,6;17,6;55,9;17,4;24,0;10,2
IJV;NL:Q:40451078;De Eglantier;Apeldoorn;17,9;40,7;18,6;32,0;10,7;15,7
IJV;NL:Q:40451096;Laan van Erica;Apeldoorn;2,5;9,9;2,4;10,2;1,5;5,5
IJV;NL:Q:40451097;Jaromirgaarde;Apeldoorn;6,3;3,4;3,6;2,1;1,5;1,6
IJV;NL:Q:40451099;Rademakersdonk;Apeldoorn;14,9;5,8;12,5;4,5;6,5;2,7
IJV;NL:Q:40451100;Rademakersdonk;Apeldoorn;4,7;11,9;3,1;8,0;2,2;5,5
IJV;NL:Q:40451101;Valkeniersdonk;Apeldoorn;14,1;16,1;8,2;10,6;4,4;6,4
IJV;NL:Q:40451102;Valkeniersdonk;Apeldoorn;7,0;10,9;3,4;5,3;2,7;3,6
IJV;NL:Q:40451105;Landdrostlaan;Apeldoorn;0,4;0,7;0,0;0,0;0,0;0,0
IJV;NL:Q:40451106;Landdrostlaan;Apeldoorn;1,6;0,9;0,0;0,0;0,0;0,0
IJV;NL:Q:40451143;Soldeniersveld;Apeldoorn;2,3;0,0;0,0;0,0;0,0;0,0
IJV;NL:Q:40451181;Ferguutgaarde;Apeldoorn;19,1;7,7;13,0;2,6;6,0;1,4
IJV;NL:Q:40451182;De Heemgaard;Apeldoorn;16,0;30,7;4,2;21,9;2,6;12,8
IJV;NL:Q:40451183;De Heemgaard;Apeldoorn;26,0;13,1;13,1;1,3;7,1;0,7
IJV;NL:Q:40451190;Bouwmeestershoeve;Apeldoorn;17,9;4,9;18,7;3,1;8,7;2,8
IJV;NL:Q:40451195;Bouwmeestershoeve;Apeldoorn;17,1;12,3;14,3;8,4;9,2;5,4
IJV;NL:Q:40451210;Ferguutgaarde;Apeldoorn;6,1;17,1;3,3;11,6;1,1;5,9
IJV;NL:Q:40451252;Kooikersdreef;Apeldoorn;2,8;9,4;2,3;9,7;1,0;6,3
IJV;NL:Q:40451333;Ekro;Apeldoorn;8,3;13,6;0,0;0,0;0,0;0,0
IJV;NL:Q:40451340;Ekro;Apeldoorn;1,4;1,2;0,0;0,0;0,0;0,0
IJV;NL:Q:40451351;Eglantierlaan;Apeldoorn;9,1;4,3;8,9;2,6;4,4;1,6
IJV;NL:Q:40451402;Veldbrugweg;Lieren;0,1;0,8;0,0;0,0;0,0;0,0
IJV;NL:Q:40451403;Veldbrugweg;Lieren;0,9;0,0;0,0;0,0;0,0;0,0
IJV;NL:Q:40451404;Tullekensmolenweg;Lieren;0,0;1,2;0,0;0,0;0,0;0,0
IJV;NL:Q:40451405;Tullekensmolenweg;Lieren;1,3;0,0;0,0;0,0;0,0;0,0
IJV;NL:Q:40451406;Molenberg;Lieren;0,0;0,5;0,0;0,0;0,0;0,0
IJV;NL:Q:40451407;Molenberg;Lieren;0,6;0,0;0,0;0,0;0,0;0,0
IJV;NL:Q:40451408;Dorpshuis;Oosterhuizen;0,1;1,1;0,0;0,0;0,0;0,0
IJV;NL:Q:40451409;Dorpshuis;Oosterhuizen;0,6;0,0;0,0;0,0;0,0;0,0
IJV;NL:Q:40451412;Wittekruisweg;Oosterhuizen;0,0;0,4;0,0;0,0;0,0;0,0
IJV;NL:Q:40451413;Wittekruisweg;Oosterhuizen;0,5;0,0;0,0;0,0;0,0;0,0
IJV;NL:Q:40451414;Vinkenkamp;Oosterhuizen;0,1;0,8;0,0;0,0;0,0;0,0
IJV;NL:Q:40451415;Vinkenkamp;Oosterhuizen;0,6;0,0;0,0;0,0;0,0;0,0
IJV;NL:Q:40451416;Veendijk;Oosterhuizen;0,4;0,4;0,0;0,0;0,0;0,0
IJV;NL:Q:40451417;Veendijk;Oosterhuizen;0,5;0,0;0,0;0,0;0,0;0,0
IJV;NL:Q:40451418;Camping Bosgraaf;Oosterhuizen;0,9;1,2;0,0;0,0;0,0;0,0
IJV;NL:Q:40451461;Wilmersdorf;Apeldoorn;3,8;0,1;0,0;0,0;0,0;0,0
IJV;NL:Q:40451462;Wilmersdorf;Apeldoorn;0,3;4,7;0,0;0,0;0,0;0,0
IJV;NL:Q:40459001;Aventurijn;Loenen;0,6;0,2;0,0;0,0;0,0;0,0
IJV;NL:Q:40461003;Centrum;Harskamp;0,1;0,0;0,0;0,0;0,0;0,0
IJV;NL:Q:40461004;Centrum;Harskamp;0,0;0,1;0,0;0,0;0,0;0,0
IJV;NL:Q:40461005;De Spil;Harskamp;4,1;0,0;0,0;0,0;0,0;0,0
IJV;NL:Q:40461006;De Spil;Harskamp;0,3;2,2;0,0;0,0;0,0;0,0
IJV;NL:Q:40461007;Kraatsweg;Harskamp;0,1;2,2;0,0;0,0;0,0;0,0
IJV;NL:Q:40461008;Kraatsweg;Harskamp;1,2;0,0;0,0;0,0;0,0;0,0
IJV;NL:Q:40461009;Radioweg;Harskamp;0,1;0,4;0,0;0,0;0,0;0,0
IJV;NL:Q:40461010;Radioweg;Harskamp;0,6;0,0;0,0;0,0;0,0;0,0
IJV;NL:Q:40461013;Hoog Buurloseweg;Harskamp;0,0;0,3;0,0;0,0;0,0;0,0
IJV;NL:Q:40461014;Hoog Buurloseweg;Harskamp;0,4;0,0;0,0;0,0;0,0;0,0
IJV;NL:Q:40461015;Westenengerdijk;Harskamp;0,1;2,8;0,0;0,0;0,0;0,0
IJV;NL:Q:40461017;Julianastraat;Harskamp;0,0;0,0;0,0;0,0;0,0;0,0
IJV;NL:Q:40461018;Julianastraat;Harskamp;0,0;0,0;0,0;0,0;0,0;0,0
IJV;NL:Q:40463004;Heetweg;Stroe;2,1;0,2;0,0;0,0;0,0;0,0
IJV;NL:Q:40471131;De Ugchelse Kei;Ugchelen;2,3;1,4;1,6;0,7;0,0;0,0
IJV;NL:Q:40471152;Randerode;Apeldoorn;9,9;7,1;6,6;4,3;2,8;2,0
IJV;NL:Q:40471170;Middachten;Apeldoorn;12,1;0,3;8,6;0,2;5,1;0,0
IJV;NL:Q:40471171;Middachten;Apeldoorn;1,1;13,8;0,8;7,9;0,6;4,2
IJV;NL:Q:40471175;Vlietweg;Apeldoorn;1,2;15,8;0,8;8,9;0,7;4,2
IJV;NL:Q:40471295;Ugchelsegrensweg;Ugchelen;3,1;0,2;2,2;0,3;0,0;0,0
IJV;NL:Q:40471300;Markendoel;Ugchelen;0,5;3,7;0,2;2,2;0,0;0,0
IJV;NL:Q:40471301;Richtersweg;Ugchelen;0,5;1,7;0,8;0,4;0,0;0,0
IJV;NL:Q:40471327;G.P. Duuringlaan;Ugchelen;1,8;2,6;1,1;2,3;0,0;0,0
IJV;NL:Q:40471349;Molecatenlaan;Apeldoorn;26,4;24,1;8,4;11,0;5,9;6,2
IJV;NL:Q:40471434;Heidehof;Ugchelen;1,7;0,6;0,8;0,2;0,0;0,0
IJV;NL:Q:40471464;Hoog Buurloseweg;Apeldoorn;0,0;0,0;0,0;0,0;0,0;0,0
IJV;NL:Q:40471466;Van der Valk/De Cantharel;Apeldoorn;0,0;0,0;0,0;0,0;0,0;0,0
IJV;NL:Q:40471467;Gelre Ziekenhuis;Apeldoorn;72,5;80,7;13,3;14,8;8,5;10,1
IJV;NL:Q:40471472;Het Leesten;Apeldoorn;0,0;0,0;0,0;0,0;0,0;0,0
IJV;NL:Q:40480015;Kronkelweg;Hoenderloo;0,0;0,0;0,0;0,0;0,0;0,0
IJV;NL:Q:40480016;Kronkelweg;Hoenderloo;0,0;0,0;0,0;0,0;0,0;0,0
IJV;NL:Q:40512001;Station Ede-Wageningen;Ede;0,0;3,4;0,0;0,0;0,0;0,0
IJV;NL:Q:40512005;Vossenweg;Bennekom;1,6;0,0;0,0;0,0;0,0;0,0
IJV;NL:Q:40512006;Vossenweg;Bennekom;0,0;0,7;0,0;0,0;0,0;0,0
IJV;NL:Q:40512009;Strooijweg;Bennekom;0,0;0,0;0,0;0,0;0,0;0,0
IJV;NL:Q:40512010;Strooijweg;Bennekom;0,0;0,0;0,0;0,0;0,0;0,0
IJV;NL:Q:40512011;Molenstraat;Bennekom;1,8;0,0;0,0;0,0;0,0;0,0
IJV;NL:Q:40512012;Molenstraat;Bennekom;0,0;0,9;0,0;0,0;0,0;0,0
IJV;NL:Q:40512013;Hof van Sint Pieter;Bennekom;0,4;0,0;0,0;0,0;0,0;0,0
IJV;NL:Q:40512014;Hof van Sint Pieter;Bennekom;0,0;0,3;0,0;0,0;0,0;0,0
IJV;NL:Q:40512015;Bart van Elstplantsoen;Bennekom;2,2;0,0;0,0;0,0;0,0;0,0
IJV;NL:Q:40512016;Bart van Elstplantsoen;Bennekom;0,0;1,1;0,0;0,0;0,0;0,0
IJV;NL:Q:40512019;Horalaan;Ede;1,1;0,1;0,0;0,0;0,0;0,0
IJV;NL:Q:40512020;Horalaan;Ede;0,1;0,4;0,0;0,0;0,0;0,0
IJV;NL:Q:40512022;De Reehorst;Ede;0,0;0,0;0,0;0,0;0,0;0,0
IJV;NL:Q:40512203;Hoekelumse Brinkweg;Bennekom;0,5;0,0;0,0;0,0;0,0;0,0
IJV;NL:Q:40512204;Hoekelumse Brinkweg;Bennekom;0,1;0,4;0,0;0,0;0,0;0,0
IJV;NL:Q:40512207;Heidelaan;Bennekom;0,0;0,0;0,0;0,0;0,0;0,0
IJV;NL:Q:40512208;Heidelaan;Bennekom;0,0;0,0;0,0;0,0;0,0;0,0
IJV;NL:Q:40512507;Station Ede-Wageningen;Ede;4,6;0,3;0,0;0,0;0,0;0,0
IJV;NL:Q:40528001;Roekelseweg;Wekerom;0,0;0,1;0,0;0,0;0,0;0,0
IJV;NL:Q:40528002;Roekelseweg;Wekerom;0,2;0,0;0,0;0,0;0,0;0,0
IJV;NL:Q:40528003;Wekeromse Buurtweg;Wekerom;0,0;0,4;0,0;0,0;0,0;0,0
IJV;NL:Q:40528004;Wekeromse Buurtweg;Wekerom;0,2;0,0;0,0;0,0;0,0;0,0
IJV;NL:Q:40528007;Kruispunt;Wekerom;0,2;3,9;0,0;0,0;0,0;0,0
IJV;NL:Q:40528008;Kruispunt;Wekerom;6,3;0,2;0,0;0,0;0,0;0,0
IJV;NL:Q:40528009;A.G. Wijersweg;Wekerom;0,8;0,0;0,0;0,0;0,0;0,0
IJV;NL:Q:40528010;A.G. Wijersweg;Wekerom;0,0;0,2;0,0;0,0;0,0;0,0
IJV;NL:Q:40528026;Westenengerdijk;Harskamp;1,9;0,0;0,0;0,0;0,0;0,0
IJV;NL:Q:40541002;Harderwijkerweg;Loenen;0,2;0,0;0,0;0,0;0,0;0,0
IJV;NL:Q:40542001;Hallsebrug;Hall;0,2;0,0;0,1;0,0;0,0;0,0
IJV;NL:Q:40542002;Hallsebrug;Hall;0,0;0,4;0,0;0,2;0,0;0,0
IJV;NL:Q:40543003;Coldenhovenseweg;Eerbeek;0,1;0,3;0,0;0,0;0,0;0,0
IJV;NL:Q:40543004;Coldenhovenseweg;Eerbeek;0,6;0,3;0,0;0,0;0,0;0,0
IJV;NL:Q:40543005;Loubergweg;Eerbeek;0,0;0,1;0,0;0,0;0,0;0,0
IJV;NL:Q:40543006;Loubergweg;Eerbeek;0,3;0,0;0,0;0,0;0,0;0,0
IJV;NL:Q:40543007;Centrum;Eerbeek;11,0;0,8;1,7;0,1;0,0;0,0
IJV;NL:Q:40543008;Centrum;Eerbeek;1,4;10,5;0,1;0,9;0,0;0,0
IJV;NL:Q:40543009;Offenbachstraat;Eerbeek;14,2;2,6;4,0;0,4;0,0;0,0
IJV;NL:Q:40543010;Offenbachstraat;Eerbeek;5,0;13,8;1,2;2,9;0,0;0,0
IJV;NL:Q:40543011;Ringlaan;Eerbeek;0,1;3,4;0,0;0,0;0,0;0,0
IJV;NL:Q:40543012;Ringlaan;Eerbeek;4,1;0,1;0,0;0,0;0,0;0,0
IJV;NL:Q:40543013;Vondellaan;Eerbeek;0,0;0,6;0,0;0,0;0,0;0,0
IJV;NL:Q:40543014;Vondellaan;Eerbeek;0,4;0,0;0,0;0,0;0,0;0,0
IJV;NL:Q:40543015;'t Hungeling;Eerbeek;0,3;0,0;0,2;0,0;0,0;0,0
IJV;NL:Q:40543016;'t Hungeling;Eerbeek;0,0;1,2;0,0;0,2;0,0;0,0
IJV;NL:Q:40543024;Rozenstraat;Eerbeek;0,0;0,2;0,0;0,0;0,0;0,0
IJV;NL:Q:40543025;Rozenstraat;Eerbeek;0,1;0,0;0,0;0,0;0,0;0,0
IJV;NL:Q:40543027;Loenenseweg;Eerbeek;0,8;0,1;0,0;0,0;0,0;0,0
IJV;NL:Q:40543028;Bijenkorf;Eerbeek;0,0;1,2;0,0;0,0;0,0;0,0
IJV;NL:Q:40543029;Bijenkorf;Eerbeek;2,3;0,0;0,0;0,0;0,0;0,0
IJV;NL:Q:40543036;Loenenseweg;Eerbeek;0,1;0,6;0,0;0,0;0,0;0,0
IJV;NL:Q:40543038;Molenaarserf;Eerbeek;0,0;0,6;0,0;0,0;0,0;0,0
IJV;NL:Q:40543039;Molenaarserf;Eerbeek;0,4;0,0;0,0;0,0;0,0;0,0
IJV;NL:Q:40543040;Doornbosch Hofstede;Eerbeek;0,0;1,2;0,0;0,0;0,0;0,0
IJV;NL:Q:40543041;Doornbosch Hofstede;Eerbeek;1,1;0,3;0,0;0,0;0,0;0,0
IJV;NL:Q:40543051;Landal Coldenhove;Eerbeek;1,8;2,9;0,0;0,0;0,0;0,0
IJV;NL:Q:40543061;Zwembad;Eerbeek;0,5;0,1;0,0;0,0;0,0;0,0
IJV;NL:Q:40543062;Zwembad;Eerbeek;0,9;0,1;0,0;0,0;0,0;0,0
IJV;NL:Q:40543081;Boerhaavelaan;Eerbeek;1,4;2,5;0,9;1,2;0,0;0,0
IJV;NL:Q:40548001;Kollergang;Eerbeek;2,0;2,3;0,0;0,0;0,0;0,0
IJV;NL:Q:40548002;Kollergang;Eerbeek;3,3;2,4;0,0;0,0;0,0;0,0
IJV;NL:Q:40548076;Dierenseweg;Eerbeek;0,1;0,4;0,0;0,0;0,0;0,0
IJV;NL:Q:40550001;Van Haeftenkazerne;Apeldoorn;10,5;20,2;6,1;18,9;4,3;14,2
IJV;NL:Q:40550002;Van Haeftenkazerne;Apeldoorn;17,5;10,3;10,2;5,6;8,7;3,6
IJV;NL:Q:40550200;Waltersingel;Apeldoorn;40,5;2,3;11,0;1,2;6,9;0,5
IJV;NL:Q:40551001;Station;Apeldoorn;47,0;63,1;20,3;18,5;0,0;0,0
IJV;NL:Q:40551003;Marktplein;Apeldoorn;381,7;70,8;325,7;54,7;116,1;14,7
IJV;NL:Q:40551004;Marktplein;Apeldoorn;167,8;404,4;67,2;364,8;26,1;120,5
IJV;NL:Q:40551005;Oranjepark;Apeldoorn;24,9;17,0;13,0;7,9;6,4;3,8
IJV;NL:Q:40551006;Oranjepark;Apeldoorn;11,3;34,8;6,1;57,9;2,6;11,6
IJV;NL:Q:40551019;Hoofdstraat;Apeldoorn;84,9;19,0;62,2;13,9;23,1;6,7
IJV;NL:Q:40551020;Hoofdstraat;Apeldoorn;78,2;86,9;33,2;67,6;13,0;24,3
IJV;NL:Q:40551021;Amaliapark;Apeldoorn;10,0;1,8;8,9;1,3;3,6;0,9
IJV;NL:Q:40551022;Amaliapark;Apeldoorn;1,3;12,2;1,0;6,8;0,6;2,7
IJV;NL:Q:40551023;Zichtweg;Apeldoorn;1,3;0,8;0,0;0,0;0,0;0,0
IJV;NL:Q:40551024;Zichtweg;Apeldoorn;1,2;0,4;0,0;0,0;0,0;0,0
IJV;NL:Q:40551025;Eendrachtstraat;Apeldoorn;0,5;1,6;0,0;0,0;0,0;0,0
IJV;NL:Q:40551026;Eendrachtstraat;Apeldoorn;2,0;0,3;0,0;0,0;0,0;0,0
IJV;NL:Q:40551027;Aluminiumweg;Apeldoorn;0,4;2,1;0,0;0,0;0,0;0,0
IJV;NL:Q:40551028;Aluminiumweg;Apeldoorn;3,0;0,1;0,0;0,0;0,0;0,0
IJV;NL:Q:40551029;Sebastiaanplein;Apeldoorn;0,4;1,7;0,0;0,0;0,0;0,0
IJV;NL:Q:40551030;Sebastiaanplein;Apeldoorn;3,0;0,1;0,0;0,0;0,0;0,0
IJV;NL:Q:40551031;Chopinlaan;Apeldoorn;0,8;2,4;0,0;0,0;0,0;0,0
IJV;NL:Q:40551032;Chopinlaan;Apeldoorn;3,5;0,6;0,0;0,0;0,0;0,0
IJV;NL:Q:40551033;Laan van Westenenk;Apeldoorn;5,9;28,7;0,0;0,0;0,0;0,0
IJV;NL:Q:40551036;Julianatoren;Apeldoorn;9,0;9,1;13,5;1,4;7,9;0,6
IJV;NL:Q:40551037;Paleis Het Loo;Apeldoorn;7,9;10,7;5,6;16,3;2,7;6,9
IJV;NL:Q:40551038;Paleis Het Loo;Apeldoorn;9,2;11,7;19,7;5,8;6,7;2,3
IJV;NL:Q:40551039;Bosweg;Apeldoorn;4,4;11,8;2,1;10,1;1,6;7,2
IJV;NL:Q:40551040;Bosweg;Apeldoorn;10,3;4,6;6,8;3,6;4,3;2,0
IJV;NL:Q:40551045;Grote Kerk;Apeldoorn;20,0;33,4;19,3;26,5;11,4;16,2
IJV;NL:Q:40551046;Grote Kerk;Apeldoorn;25,9;12,5;18,2;13,3;9,8;6,3
IJV;NL:Q:40551047;Gedenknaald;Apeldoorn;18,4;37,1;13,7;46,6;7,8;33,8
IJV;NL:Q:40551048;Gedenknaald;Apeldoorn;41,2;17,9;50,7;13,7;35,2;7,2
IJV;NL:Q:40551049;Station;Apeldoorn;224,7;213,3;82,0;64,0;40,6;36,6
IJV;NL:Q:40551051;Oosterlaan;Apeldoorn;2,4;7,3;0,6;0,2;0,3;0,2
IJV;NL:Q:40551052;Oosterlaan;Apeldoorn;8,5;2,9;0,3;1,1;0,3;0,6
IJV;NL:Q:40551053;Pinksterbloem;Apeldoorn;25,0;22,0;0,7;9,1;0,3;6,2
IJV;NL:Q:40551054;Pinksterbloem;Apeldoorn;24,3;22,7;9,9;0,4;6,1;0,2
IJV;NL:Q:40551057;Fauststraat;Apeldoorn;22,5;38,6;0,1;0,7;0,2;0,3
IJV;NL:Q:40551058;Fauststraat;Apeldoorn;34,4;22,4;0,4;0,1;0,2;0,1
IJV;NL:Q:40551060;Laan van de Dierenriem;Apeldoorn;29,8;30,5;0,1;0,1;0,0;0,0
IJV;NL:Q:40551061;Laan van de Leeuw;Apeldoorn;11,0;32,1;0,0;0,1;0,0;0,1
IJV;NL:Q:40551062;Laan van de Leeuw;Apeldoorn;30,6;15,1;0,1;0,1;0,2;0,0
IJV;NL:Q:40551063;Brug Deventerstraat;Apeldoorn;3,9;6,0;3,5;2,7;1,9;1,7
IJV;NL:Q:40551064;Brug Deventerstraat;Apeldoorn;5,7;4,1;2,9;2,8;2,1;1,6
IJV;NL:Q:40551065;Julianakerk;Apeldoorn;4,5;2,5;3,3;0,5;1,0;0,8
IJV;NL:Q:40551066;Julianakerk;Apeldoorn;2,7;4,3;1,0;3,8;1,3;1,3
IJV;NL:Q:40551072;GGNet;Apeldoorn;3,3;38,0;0,4;5,3;0,3;3,9
IJV;NL:Q:40551079;Gijsbrechtgaarde;Apeldoorn;8,9;0,7;5,8;0,6;3,3;0,3
IJV;NL:Q:40551080;Gijsbrechtgaarde;Apeldoorn;2,4;13,2;1,4;5,6;0,8;3,5
IJV;NL:Q:40551081;Welgelegenbrug;Apeldoorn;128,0;20,9;28,7;8,5;16,8;5,4
IJV;NL:Q:40551082;Welgelegenbrug;Apeldoorn;29,0;16,3;15,7;4,7;10,7;2,9
IJV;NL:Q:40551087;Apenheul;Apeldoorn;35,4;33,9;46,0;41,9;28,4;23,3
IJV;NL:Q:40551089;J. Fruytierschool;Apeldoorn;98,8;61,0;17,2;15,4;4,4;4,5
IJV;NL:Q:40551090;J. Fruytierschool;Apeldoorn;36,5;47,6;0,0;0,0;0,0;0,0
IJV;NL:Q:40551091;Wagenmakershoek;Apeldoorn;9,5;2,7;6,0;1,9;3,6;1,1
IJV;NL:Q:40551092;Wagenmakershoek;Apeldoorn;3,4;11,5;1,8;6,8;1,6;4,7
IJV;NL:Q:40551093;Glazeniershorst;Apeldoorn;28,1;4,4;32,5;2,8;18,6;1,9
IJV;NL:Q:40551094;Glazeniershorst;Apeldoorn;6,1;37,0;5,0;37,4;2,7;22,9
IJV;NL:Q:40551095;Laan van Erica;Apeldoorn;8,8;2,4;12,1;3,2;6,5;1,8
IJV;NL:Q:40551109;Balustrade;Apeldoorn;8,5;6,2;10,3;6,4;3,6;1,9
IJV;NL:Q:40551110;Hoofdstraat;Apeldoorn;14,8;3,9;0,6;0,3;0,0;0,0
IJV;NL:Q:40551111;Houttuinen-Noord;Apeldoorn;6,6;6,1;4,3;3,8;1,5;1,2
IJV;NL:Q:40551113;Belastingkantoor;Apeldoorn;6,0;97,6;1,5;18,2;1,0;10,9
IJV;NL:Q:40551115;Station;Apeldoorn;655,4;766,7;393,9;413,3;242,6;234,9
IJV;NL:Q:40551122;Station;Apeldoorn;486,6;501,4;272,6;288,7;160,6;146,7
IJV;NL:Q:40551123;Station;Apeldoorn;267,7;282,7;109,8;109,2;73,9;66,0
IJV;NL:Q:40551124;Bibliotheek;Apeldoorn;12,6;15,6;8,2;12,9;5,1;5,1
IJV;NL:Q:40551125;Bibliotheek;Apeldoorn;8,0;17,3;6,3;12,0;2,7;7,3
IJV;NL:Q:40551130;Station;Apeldoorn;214,7;194,3;2,6;2,0;2,9;3,1
IJV;NL:Q:40551133;Blekersweg;Apeldoorn;0,3;3,5;0,3;2,2;0,1;1,1
IJV;NL:Q:40551134;Blekersweg;Apeldoorn;6,0;0,7;3,0;0,3;1,9;0,3
IJV;NL:Q:40551135;Dianalaan;Apeldoorn;0,7;0,2;0,4;0,1;0,1;0,0
IJV;NL:Q:40551136;Dianalaan;Apeldoorn;0,3;0,8;0,1;0,5;0,0;0,1
IJV;NL:Q:40551137;Eburonenstraat;Apeldoorn;1,5;11,7;1,6;11,8;1,0;5,6
IJV;NL:Q:40551139;De Tol;Apeldoorn;27,2;4,3;20,9;1,8;12,2;1,2
IJV;NL:Q:40551140;De Tol;Apeldoorn;3,9;25,2;3,0;22,2;2,0;12,5
IJV;NL:Q:40551141;Georg Hegelstraat;Apeldoorn;42,1;2,5;39,4;1,5;23,1;0,9
IJV;NL:Q:40551142;Georg Hegelstraat;Apeldoorn;4,5;37,7;2,9;35,3;1,9;20,6
IJV;NL:Q:40551146;Burg. des Tombeplein;Apeldoorn;13,3;3,5;8,1;3,0;6,7;1,2
IJV;NL:Q:40551147;Burg. des Tombeplein;Apeldoorn;3,6;14,3;2,3;9,2;1,0;4,7
IJV;NL:Q:40551150;Belastingkantoor;Apeldoorn;85,3;2,6;20,5;1,2;9,9;1,3
IJV;NL:Q:40551154;Leienplein;Apeldoorn;5,7;13,8;4,7;15,7;2,2;4,8
IJV;NL:Q:40551155;Leienplein;Apeldoorn;7,7;7,1;10,2;6,3;3,1;3,6
IJV;NL:Q:40551156;Oranjerie;Apeldoorn;2,5;4,1;1,7;4,6;0,8;2,0
IJV;NL:Q:40551157;Oranjerie;Apeldoorn;3,0;3,4;2,2;2,7;1,3;2,0
IJV;NL:Q:40551158;Politiebureau;Apeldoorn;11,1;2,9;8,0;1,7;4,4;0,5
IJV;NL:Q:40551159;Politiebureau;Apeldoorn;3,8;11,4;2,1;8,4;0,8;5,1
IJV;NL:Q:40551166;Schuttersweg;Apeldoorn;17,9;1,3;10,8;0,8;5,8;0,3
IJV;NL:Q:40551167;Schuttersweg;Apeldoorn;1,5;17,6;0,6;11,3;0,3;6,2
IJV;NL:Q:40551174;Vlietweg;Apeldoorn;18,7;0,6;10,2;0,2;4,4;0,1
IJV;NL:Q:40551177;Imkersdreef;Apeldoorn;32,4;3,4;8,5;0,7;5,7;0,3
IJV;NL:Q:40551178;Imkersdreef;Apeldoorn;8,1;20,7;1,8;9,9;0,7;7,7
IJV;NL:Q:40551179;Hoenderparkweg;Apeldoorn;2,5;25,5;2,0;20,8;1,8;11,4
IJV;NL:Q:40551180;Hoenderparkweg;Apeldoorn;19,4;1,5;18,4;0,7;9,2;0,2
IJV;NL:Q:40551185;Het Schip;Apeldoorn;2,5;2,3;3,1;2,0;0,8;0,7
IJV;NL:Q:40551187;Het Firmament;Apeldoorn;6,7;2,3;3,7;1,8;1,6;0,7
IJV;NL:Q:40551189;Linie;Apeldoorn;18,5;1,0;9,2;1,2;3,6;0,2
IJV;NL:Q:40551190;Linie;Apeldoorn;3,5;21,0;4,6;13,0;1,8;2,9
IJV;NL:Q:40551191;Dennenkamp;Apeldoorn;24,5;1,6;10,3;0,5;2,9;0,1
IJV;NL:Q:40551192;Dennenkamp;Apeldoorn;2,4;24,1;1,8;7,8;0,4;2,5
IJV;NL:Q:40551195;Zonnewende;Apeldoorn;3,3;2,5;1,6;2,0;1,0;1,0
IJV;NL:Q:40551197;Top Naeffstraat;Apeldoorn;12,2;0,5;7,6;0,1;2,3;0,1
IJV;NL:Q:40551198;Top Naeffstraat;Apeldoorn;0,8;13,4;0,9;5,5;0,3;2,6
IJV;NL:Q:40551200;Ritbroekstraat;Apeldoorn;2,6;0,6;0,7;0,4;0,6;0,2
IJV;NL:Q:40551201;Ritbroekstraat;Apeldoorn;0,5;3,2;0,4;0,8;0,4;1,1
IJV;NL:Q:40551213;Mandala;Apeldoorn;29,6;38,5;8,4;17,9;5,7;32,4
IJV;NL:Q:40551238;Wkc De Mheen;Apeldoorn;2,6;24,0;2,3;23,4;0,9;11,2
IJV;NL:Q:40551239;Wkc De Mheen;Apeldoorn;22,9;1,3;24,5;1,2;10,9;0,6
IJV;NL:Q:40551240;Kruizemuntstraat;Apeldoorn;0,7;7,5;0,8;6,8;0,4;4,4
IJV;NL:Q:40551241;Kruizemuntstraat;Apeldoorn;7,7;0,7;6,1;0,3;4,0;0,2
IJV;NL:Q:40551246;Condorweg;Apeldoorn;1,3;1,8;0,3;1,2;0,2;0,6
IJV;NL:Q:40551247;Condorweg;Apeldoorn;0,9;3,3;0,7;0,8;0,1;0,4
IJV;NL:Q:40551253;Kooikersdreef;Apeldoorn;10,4;3,9;9,7;2,4;5,3;1,2
IJV;NL:Q:40551267;Salomonszegel;Apeldoorn;3,0;33,8;2,3;34,3;0,8;18,4
IJV;NL:Q:40551268;Salomonszegel;Apeldoorn;39,2;1,6;44,0;0,5;22,4;0,3
IJV;NL:Q:40551270;Schaperstraat;Apeldoorn;3,0;6,4;1,3;3,0;1,0;2,0
IJV;NL:Q:40551280;Schaperstraat;Apeldoorn;6,1;3,5;3,9;1,7;2,0;1,0
IJV;NL:Q:40551281;Vonderlaan;Apeldoorn;0,7;0,9;0,4;0,7;0,0;0,0
IJV;NL:Q:40551284;Zevenhuizenseweg;Apeldoorn;0,5;3,5;0,7;5,8;0,2;2,1
IJV;NL:Q:40551285;Zevenhuizenseweg;Apeldoorn;3,4;0,5;4,6;0,5;1,8;0,2
IJV;NL:Q:40551286;Zonnedauw;Apeldoorn;1,2;5,2;0,9;6,9;0,4;3,6
IJV;NL:Q:40551287;Zonnedauw;Apeldoorn;5,0;2,2;5,1;1,4;2,4;0,8
IJV;NL:Q:40551288;Wilhelminapark;Apeldoorn;0,4;2,0;0,2;1,6;0,1;0,3
IJV;NL:Q:40551290;Zwitsal;Apeldoorn;9,4;1,7;0,0;0,0;0,0;0,0
IJV;NL:Q:40551291;Zwitsal;Apeldoorn;0,5;9,1;0,0;0,0;0,0;0,0
IJV;NL:Q:40551293;Waltersingel;Apeldoorn;11,1;43,2;4,1;15,6;4,1;8,9
IJV;NL:Q:40551298;Ruimzichtlaan;Apeldoorn;2,0;0,4;0,8;0,1;0,0;0,0
IJV;NL:Q:40551299;Ruimzichtlaan;Apeldoorn;0,5;1,7;0,2;0,7;0,0;0,0
IJV;NL:Q:40551302;Prinsenweide;Apeldoorn;0,0;0,0;0,0;0,0;0,0;0,0
IJV;NL:Q:40551303;Prinsenweide;Apeldoorn;0,0;0,1;0,0;0,0;0,0;0,0
IJV;NL:Q:40551309;Lage Brink;Apeldoorn;0,0;0,0;0,0;0,0;0,0;0,0
IJV;NL:Q:40551311;Lage Kamp;Apeldoorn;0,0;0,0;0,0;0,0;0,0;0,0
IJV;NL:Q:40551312;Lage Kamp;Apeldoorn;0,0;0,0;0,0;0,0;0,0;0,0
IJV;NL:Q:40551315;Kathage;Apeldoorn;0,0;0,1;0,0;0,0;0,0;0,0
IJV;NL:Q:40551317;Johan Steenbergenstraat;Apeldoorn;0,2;1,6;0,0;0,0;0,0;0,0
IJV;NL:Q:40551318;Johan Steenbergenstraat;Apeldoorn;1,9;0,3;0,0;0,0;0,0;0,0
IJV;NL:Q:40551320;Jachtlaan;Apeldoorn;11,7;7,9;6,0;3,2;4,7;2,0
IJV;NL:Q:40551323;Hezeweg;Apeldoorn;0,5;3,5;0,2;1,3;0,0;0,0
IJV;NL:Q:40551324;Hezeweg;Apeldoorn;4,0;0,5;2,2;0,2;0,0;0,0
IJV;NL:Q:40551327;Staalweg;Apeldoorn;0,1;1,2;0,3;0,2;0,0;0,0
IJV;NL:Q:40551328;Staalweg;Apeldoorn;0,3;0,1;0,6;0,2;0,0;0,0
IJV;NL:Q:40551330;Erasmusstraat;Apeldoorn;74,2;37,7;0,0;0,0;0,0;0,0
IJV;NL:Q:40551331;Erasmusstraat;Apeldoorn;45,5;105,7;0,0;0,0;0,0;0,0
IJV;NL:Q:40551336;Einsteinlaan;Apeldoorn;27,1;10,1;0,0;0,0;0,0;0,0
IJV;NL:Q:40551337;Einsteinlaan;Apeldoorn;9,2;8,1;0,0;0,0;0,0;0,0
IJV;NL:Q:40551340;Curiestraat;Apeldoorn;16,1;1,6;0,0;0,0;0,0;0,0
IJV;NL:Q:40551341;Curiestraat;Apeldoorn;9,1;9,6;2,9;11,2;1,5;3,0
IJV;NL:Q:40551362;Auroralaan;Apeldoorn;0,6;4,1;0,5;4,4;0,1;1,1
IJV;NL:Q:40551373;Station;Apeldoorn;361,5;386,8;251,4;198,5;176,5;140,3
IJV;NL:Q:40551388;Ordenplein;Apeldoorn;11,6;34,7;7,3;25,6;4,1;10,1
IJV;NL:Q:40551390;Mandala;Apeldoorn;19,6;13,5;8,9;5,8;5,1;4,1
IJV;NL:Q:40551422;Tangostraat;Apeldoorn;1,9;39,7;2,3;32,4;1,3;18,3
IJV;NL:Q:40551423;Tangostraat;Apeldoorn;31,2;0,4;23,7;0,4;12,9;0,1
IJV;NL:Q:40551424;Citroenvlinder;Apeldoorn;2,9;53,1;2,6;38,8;1,5;18,4
IJV;NL:Q:40551425;Citroenvlinder;Apeldoorn;58,1;0,3;40,7;0,3;18,3;0,2
IJV;NL:Q:40551428;Zuidbroek;Apeldoorn;11,8;16,1;6,1;7,1;2,9;4,4
IJV;NL:Q:40551445;Omnisport;Apeldoorn;0,4;0,6;0,0;0,0;0,0;0,0
IJV;NL:Q:40551446;Omnisport;Apeldoorn;0,1;0,9;0,0;0,0;0,0;0,0
IJV;NL:Q:40551451;Prinses Beatrixlaan;Apeldoorn;1,8;8,9;0,5;4,8;0,3;3,1
IJV;NL:Q:40551452;Prinses Beatrixlaan;Apeldoorn;8,0;2,2;4,6;0,4;2,3;0,2
IJV;NL:Q:40551456;Lekstraat;Apeldoorn;6,1;4,8;0,0;0,0;0,0;0,0
IJV;NL:Q:40551469;Bartelsweg;Apeldoorn;2,7;19,0;1,3;8,4;0,8;5,6
IJV;NL:Q:40551470;Bartelsweg;Apeldoorn;16,3;1,5;5,8;0,8;4,0;0,9
IJV;NL:Q:40551473;Aidastraat;Apeldoorn;44,8;39,9;0,1;0,7;0,2;0,5
IJV;NL:Q:40551474;Aidastraat;Apeldoorn;44,9;42,8;0,7;0,1;0,6;0,2
IJV;NL:Q:40551476;De Veenkamp;Apeldoorn;18,6;3,8;18,1;2,8;5,9;0,4
IJV;NL:Q:40551477;Bas Backerlaan;Apeldoorn;4,6;1,0;2,7;0,6;1,3;0,1
IJV;NL:Q:40551485;Bas Backerlaan;Apeldoorn;0,4;1,1;0,2;1,1;0,0;0,0
IJV;NL:Q:40551486;De Veenkamp;Apeldoorn;0,4;3,4;0,3;2,6;0,0;0,0
IJV;NL:Q:40551490;De Groene Hoven;Apeldoorn;16,4;3,2;17,2;4,6;3,2;1,1
IJV;NL:Q:40551500;De Groene Hoven;Apeldoorn;12,5;12,1;1,1;2,8;0,3;0,1
IJV;NL:Q:40551513;Oesterzwam;Apeldoorn;5,5;34,4;2,7;25,2;1,2;11,6
IJV;NL:Q:40551514;Oesterzwam;Apeldoorn;34,5;0,3;26,1;0,4;11,1;0,1
IJV;NL:Q:40551515;Saba;Apeldoorn;9,9;11,3;0,0;0,0;0,0;0,0
IJV;NL:Q:40551994;Arendsburght;Apeldoorn;1,7;2,3;3,9;4,0;0,0;0,0
IJV;NL:Q:40552240;Fugastraat;Apeldoorn;8,7;0,5;10,4;0,4;4,7;0,2
IJV;NL:Q:40552250;Fugastraat;Apeldoorn;0,7;9,9;0,5;9,4;0,4;4,6
IJV;NL:Q:40559001;Lange Amerikaweg;Apeldoorn;3,2;0,2;0,0;0,0;0,0;0,0
IJV;NL:Q:40559002;Lange Amerikaweg;Apeldoorn;0,2;3,7;0,0;0,0;0,0;0,0
IJV;NL:Q:40559003;Wkc Musketiersveld;Apeldoorn;3,9;0,0;0,0;0,0;0,0;0,0
IJV;NL:Q:40559004;Wkc Musketiersveld;Apeldoorn;0,5;3,6;0,0;0,0;0,0;0,0
IJV;NL:Q:40563003;Heetweg;Stroe;0,1;1,2;0,0;0,0;0,0;0,0
IJV;NL:Q:40563009;Ravenweg;Stroe;0,0;0,3;0,0;0,0;0,0;0,0
IJV;NL:Q:40563010;Ravenweg;Stroe;2,3;1,8;0,0;0,0;0,0;0,0
IJV;NL:Q:40563011;Centrum;Stroe;1,2;0,9;0,0;0,0;0,0;0,0
IJV;NL:Q:40563012;Centrum;Stroe;0,9;1,2;0,0;0,0;0,0;0,0
IJV;NL:Q:40563015;Majoor Mulder Kazerne;Stroe;0,5;0,2;0,0;0,0;0,0;0,0
IJV;NL:Q:40563016;Majoor Mulder Kazerne;Stroe;0,5;0,7;0,0;0,0;0,0;0,0
IJV;NL:Q:40563017;Ravenweg;Stroe;2,0;2,2;0,0;0,0;0,0;0,0
IJV;NL:Q:40569008;Militair tehuis;Wittenberg;0,1;0,3;0,0;0,0;0,0;0,0
IJV;NL:Q:40612010;Dennenlaan;Ede;0,2;0,0;0,0;0,0;0,0;0,0
IJV;NL:Q:40612020;Dennenlaan;Ede;0,0;0,1;0,0;0,0;0,0;0,0
IJV;NL:Q:40612030;Ericalaan;Ede;0,1;0,0;0,0;0,0;0,0;0,0
IJV;NL:Q:40612040;Ericalaan;Ede;0,1;0,0;0,0;0,0;0,0;0,0
IJV;NL:Q:40612085;Centrum/Raadhuis;Ede;0,5;10,7;0,0;0,0;0,0;0,0
IJV;NL:Q:40612086;Centrum/Raadhuis;Ede;16,1;0,1;0,0;0,0;0,0;0,0
IJV;NL:Q:40612118;De Bosrand;Ede;0,1;0,1;0,0;0,0;0,0;0,0
IJV;NL:Q:40622117;De Bosrand;Ede;0,2;0,0;0,0;0,0;0,0;0,0
IJV;NL:Q:40622119;Driesprong;Ede;0,2;1,0;0,0;0,0;0,0;0,0
IJV;NL:Q:40622120;Driesprong;Ede;0,8;0,1;0,0;0,0;0,0;0,0
IJV;NL:Q:40622121;Hoge Valksedijk;Ede;0,0;0,0;0,0;0,0;0,0;0,0
IJV;NL:Q:40622123;De Valouwe;Ede;0,0;0,0;0,0;0,0;0,0;0,0
IJV;NL:Q:40622124;De Valouwe;Ede;0,0;0,0;0,0;0,0;0,0;0,0
IJV;NL:Q:40631001;School met de Bijbel;De Valk;1,0;0,0;0,0;0,0;0,0;0,0
IJV;NL:Q:40631002;School met de Bijbel;De Valk;0,0;0,7;0,0;0,0;0,0;0,0
IJV;NL:Q:40631003;Geref. Gemeente;De Valk;0,7;0,0;0,0;0,0;0,0;0,0
IJV;NL:Q:40631004;Geref. Gemeente;De Valk;0,1;0,5;0,0;0,0;0,0;0,0
IJV;NL:Q:40631010;Cooperatie;De Valk;0,0;0,0;0,0;0,0;0,0;0,0
IJV;NL:Q:40643008;Hoeve Oud Milligen;Nieuw Milligen;3,8;3,1;1,8;1,7;1,1;2,4
IJV;NL:Q:40649001;Busstation;Wittenberg;18,5;11,9;0,0;0,0;0,0;0,0
IJV;NL:Q:40649002;Busstation;Wittenberg;10,7;38,7;3,5;13,5;2,6;9,7
IJV;NL:Q:40649005;Busstation;Wittenberg;28,4;12,0;14,0;4,8;5,2;8,7
IJV;NL:Q:40649006;Busstation;Wittenberg;9,0;4,5;0,0;0,0;0,0;0,0
IJV;NL:Q:40649009;Militair tehuis;Wittenberg;0,3;0,6;0,0;0,0;0,0;0,0
IJV;NL:Q:40649011;Tolnegenweg;Wittenberg;1,4;1,2;1,5;0,9;0,4;0,5
IJV;NL:Q:40650001;Wieselseweg;Wenum;3,9;10,8;2,0;6,7;1,2;3,0
IJV;NL:Q:40650002;Wieselseweg;Wenum;15,9;3,6;6,0;2,2;3,2;1,1
IJV;NL:Q:40650003;Papegaaiweg;Wenum;3,1;12,5;2,3;10,7;1,4;4,8
IJV;NL:Q:40650004;Papegaaiweg;Wenum;13,7;2,8;8,8;1,8;4,4;1,1
IJV;NL:Q:40650006;De Haere;Wenum;3,2;1,4;2,6;0,5;1,0;0,3
IJV;NL:Q:40651059;Laan van de Dierenriem;Apeldoorn;29,0;35,5;0,1;0,1;0,2;0,1
IJV;NL:Q:40664001;Oosterbrinkweg;Kootwijkerbroek;0,0;0,3;0,0;0,0;0,0;0,0
IJV;NL:Q:40664002;Oosterbrinkweg;Kootwijkerbroek;0,2;0,1;0,0;0,0;0,0;0,0
IJV;NL:Q:40664003;Garderbroekerweg;Kootwijkerbroek;3,0;0,9;0,0;0,0;0,0;0,0
IJV;NL:Q:40664004;Garderbroekerweg;Kootwijkerbroek;0,9;3,2;0,0;0,0;0,0;0,0
IJV;NL:Q:40664007;Kosterijweg;Kootwijkerbroek;4,2;3,8;0,0;0,0;0,0;0,0
IJV;NL:Q:40664008;Kosterijweg;Kootwijkerbroek;4,0;3,5;0,0;0,0;0,0;0,0
IJV;NL:Q:40664009;Essenerweg;Kootwijkerbroek;2,4;2,3;0,0;0,0;0,0;0,0
IJV;NL:Q:40664010;Essenerweg;Kootwijkerbroek;3,0;3,3;0,0;0,0;0,0;0,0
IJV;NL:Q:40664011;Nachtegaalweg;Kootwijkerbroek;0,4;2,0;0,0;0,0;0,0;0,0
IJV;NL:Q:40664012;Nachtegaalweg;Kootwijkerbroek;1,0;0,4;0,0;0,0;0,0;0,0
IJV;NL:Q:40664013;Wencopperweg;Kootwijkerbroek;0,7;1,0;0,0;0,0;0,0;0,0
IJV;NL:Q:40664014;Wencopperweg;Kootwijkerbroek;0,8;0,7;0,0;0,0;0,0;0,0
IJV;NL:Q:40664015;Gereformeerde Kerk;Kootwijkerbroek;1,2;0,8;0,0;0,0;0,0;0,0
IJV;NL:Q:40664016;Gereformeerde Kerk;Kootwijkerbroek;0,7;1,1;0,0;0,0;0,0;0,0
IJV;NL:Q:40665002;Esvelderweg;Barneveld;0,1;0,1;0,0;0,0;0,0;0,0
IJV;NL:Q:40671035;Julianatoren;Apeldoorn;1,2;9,5;1,5;15,2;0,7;8,9
IJV;NL:Q:40679006;Echoput;Hoog Soeren;3,9;2,9;3,8;2,1;2,3;0,3
IJV;NL:Q:40680003;Halte de Molen;Voorstonden;0,2;0,0;0,0;0,0;0,0;0,0
IJV;NL:Q:40680004;Halte de Molen;Voorstonden;0,0;0,2;0,0;0,1;0,0;0,0
IJV;NL:Q:40682003;ABK huis;Hall;0,5;0,1;0,6;0,0;0,0;0,0
IJV;NL:Q:40682004;ABK huis;Hall;0,1;0,7;0,0;0,8;0,0;0,0
IJV;NL:Q:40682005;Hogestraat;Hall;0,4;0,1;0,2;0,0;0,0;0,0
IJV;NL:Q:40682006;Hogestraat;Hall;0,1;0,4;0,1;0,3;0,0;0,0
IJV;NL:Q:40682007;School;Hall;0,9;0,1;0,3;0,1;0,0;0,0
IJV;NL:Q:40682008;School;Hall;0,1;0,7;0,0;0,3;0,0;0,0
IJV;NL:Q:40685001;Buurtweg;Oeken;0,6;0,1;0,3;0,0;0,0;0,0
IJV;NL:Q:40685002;Buurtweg;Oeken;0,1;0,5;0,0;0,5;0,0;0,0
IJV;NL:Q:40726001;Hooiweg;Garderen;0,7;1,1;0,0;0,0;0,0;0,0
IJV;NL:Q:40726002;Hooiweg;Garderen;1,2;2,1;0,0;0,0;0,0;0,0
IJV;NL:Q:40726003;Bakkerstraat;Garderen;3,9;7,7;0,0;0,8;0,0;0,0
IJV;NL:Q:40726004;Bakkerstraat;Garderen;7,8;4,7;0,8;0,2;0,0;0,0
IJV;NL:Q:40726013;Kastelenhof;Garderen;0,6;0,1;0,5;0,1;0,0;0,0
IJV;NL:Q:40726014;Kastelenhof;Garderen;0,7;0,6;0,4;0,9;0,0;0,0
IJV;NL:Q:40726015;Houtdorp;Garderen;0,1;0,0;0,0;0,0;0,0;0,0
IJV;NL:Q:40726016;Houtdorp;Garderen;0,0;0,0;0,0;0,0;0,0;0,0
IJV;NL:Q:40746011;Bosweg;Voorthuizen;1,3;1,1;1,9;1,4;0,8;1,0
IJV;NL:Q:40746013;Hunnenweg;Voorthuizen;0,8;0,9;0,4;0,5;0,3;0,2
IJV;NL:Q:40746014;Hunnenweg;Voorthuizen;0,9;0,9;0,6;0,5;0,2;0,2
IJV;NL:Q:40746015;De Zanderij;Voorthuizen;6,9;1,6;6,2;1,5;3,4;0,9
IJV;NL:Q:40746016;De Zanderij;Voorthuizen;2,0;6,8;2,0;6,3;1,1;2,3
IJV;NL:Q:40746017;De IJsvogel;Voorthuizen;4,5;2,4;4,9;1,7;2,8;1,2
IJV;NL:Q:40746018;De IJsvogel;Voorthuizen;2,6;5,5;2,1;5,1;1,2;2,3
IJV;NL:Q:40749006;Tolnegenweg;Wittenberg;0,9;0,8;0,9;0,8;0,5;0,4
IJV;NL:Q:40750015;De Wormshoef;Lunteren;3,9;0,1;0,0;0,0;0,0;0,0
IJV;NL:Q:40750016;De Wormshoef;Lunteren;0,0;1,9;0,0;0,0;0,0;0,0
IJV;NL:Q:40751003;Rehoboth;Meulunteren;1,2;0,0;0,0;0,0;0,0;0,0
IJV;NL:Q:40751004;Rehoboth;Meulunteren;0,0;1,0;0,0;0,0;0,0;0,0
IJV;NL:Q:40751005;Bijweg;Meulunteren;0,5;0,0;0,0;0,0;0,0;0,0
IJV;NL:Q:40751006;Bijweg;Meulunteren;0,0;0,1;0,0;0,0;0,0;0,0
IJV;NL:Q:40751011;Hessenweg;Meulunteren;0,0;0,0;0,0;0,0;0,0;0,0
IJV;NL:Q:40751012;Hessenweg;Meulunteren;0,0;0,1;0,0;0,0;0,0;0,0
IJV;NL:Q:40765001;Esvelderweg;Barneveld;0,1;0,1;0,0;0,0;0,0;0,0
IJV;NL:Q:40765005;Norschoterweg;Barneveld;0,1;0,4;0,0;0,0;0,0;0,0
IJV;NL:Q:40765006;Norschoterweg;Barneveld;0,1;0,1;0,0;0,0;0,0;0,0
IJV;NL:Q:40765007;Praktijkschool Barneveld;Barneveld;7,3;22,0;0,0;0,0;0,0;0,0
IJV;NL:Q:40765008;Praktijkschool Barneveld;Barneveld;13,7;7,0;0,0;0,0;0,0;0,0
IJV;NL:Q:40765009;Julianaplein;Barneveld;1,3;0,0;0,0;0,0;0,0;0,0
IJV;NL:Q:40765010;Julianaplein;Barneveld;0,0;1,1;0,0;0,0;0,0;0,0
IJV;NL:Q:40765011;Van Dompselaerstraat;Barneveld;0,1;0,0;0,0;0,0;0,0;0,0
IJV;NL:Q:40765012;Van Dompselaerstraat;Barneveld;0,0;0,4;0,0;0,0;0,0;0,0
IJV;NL:Q:40765013;Station Barneveld Centrum;Barneveld;142,5;25,9;35,4;2,5;14,8;1,3
IJV;NL:Q:40765014;Station Barneveld Centrum;Barneveld;4,3;121,7;0,0;37,3;0,0;15,6
IJV;NL:Q:40765015;Vliegersvelderlaan;Barneveld;13,6;3,7;5,4;0,9;1,7;0,3
IJV;NL:Q:40765016;Vliegersvelderlaan;Barneveld;6,4;0,7;3,1;0,2;1,2;0,2
IJV;NL:Q:40765017;Van Wijnbergenlaan;Barneveld;0,3;1,5;0,2;0,5;0,0;0,3
IJV;NL:Q:40765018;Van Wijnbergenlaan;Barneveld;1,3;0,6;0,6;0,0;0,2;0,0
IJV;NL:Q:40765023;Torenplein;Barneveld;2,0;0,2;0,7;0,1;0,0;0,0
IJV;NL:Q:40765024;Torenplein;Barneveld;3,7;1,5;0,8;1,0;0,0;0,0
IJV;NL:Q:40765029;Narcissenstraat;Barneveld;1,3;0,5;0,5;0,0;0,0;0,0
IJV;NL:Q:40765030;Narcissenstraat;Barneveld;0,7;1,4;0,2;0,2;0,0;0,0
IJV;NL:Q:40765031;Begraafplaats De Plantage;Barneveld;0,4;0,2;0,1;0,1;0,0;0,0
IJV;NL:Q:40765032;Begraafplaats De Plantage;Barneveld;0,3;1,3;0,0;0,0;0,0;0,0
IJV;NL:Q:40765041;Nijkerkerweg;Barneveld;0,5;0,4;0,0;0,0;0,0;0,0
IJV;NL:Q:40765042;Nijkerkerweg;Barneveld;0,6;0,1;0,0;0,0;0,0;0,0
IJV;NL:Q:40765045;Evenementenhal;Barneveld;0,1;0,4;0,0;0,0;0,0;0,0
IJV;NL:Q:40765046;Evenementenhal;Barneveld;0,0;0,1;0,0;0,0;0,0;0,0
IJV;NL:Q:40765047;Troelstralaan;Barneveld;0,1;0,2;0,0;0,0;0,0;0,0
IJV;NL:Q:40765048;Troelstralaan;Barneveld;0,1;0,3;0,0;0,0;0,0;0,0
IJV;NL:Q:40779002;Het Aardhuis;Hoog Soeren;0,8;0,3;0,9;0,3;0,6;0,3
IJV;NL:Q:40779003;Oranjeoord;Hoog Soeren;0,2;1,9;0,2;1,3;0,1;1,2
IJV;NL:Q:40779004;Oranjeoord;Hoog Soeren;0,6;0,3;0,4;0,3;0,3;0,1
IJV;NL:Q:40779005;Echoput;Hoog Soeren;0,8;2,4;0,8;2,3;1,0;1,7
IJV;NL:Q:40783001;Kruispunt;Nieuw Milligen;2,8;9,9;3,0;7,5;1,3;4,5
IJV;NL:Q:40783002;Kruispunt;Nieuw Milligen;11,0;4,9;8,3;5,3;5,5;2,0
IJV;NL:Q:40783003;Kon. Luchtmacht;Nieuw Milligen;0,3;3,2;0,2;1,9;0,0;2,4
IJV;NL:Q:40783004;Kon. Luchtmacht;Nieuw Milligen;1,4;0,3;0,2;0,3;0,5;0,2
IJV;NL:Q:40783005;Ouwendorperweg;Nieuw Milligen;0,8;1,6;0,2;0,7;0,2;0,3
IJV;NL:Q:40783006;Ouwendorperweg;Nieuw Milligen;1,2;0,7;0,4;0,7;0,5;0,1
IJV;NL:Q:40783007;Hoeve Oud Milligen;Nieuw Milligen;1,0;3,1;0,6;1,4;0,5;1,0
IJV;NL:Q:40783010;Bos en Heide;Nieuw Milligen;2,3;0,6;1,6;0,1;0,3;0,0
IJV;NL:Q:40783011;Meerveld;Nieuw Milligen;0,5;5,6;0,6;5,3;0,0;0,6
IJV;NL:Q:40783012;Meerveld;Nieuw Milligen;4,4;0,8;3,5;1,1;0,3;0,0
IJV;NL:Q:40783111;Kruispunt;Nieuw Milligen;0,4;0,5;0,0;0,0;0,0;0,0
IJV;NL:Q:40783112;Kruispunt;Nieuw Milligen;1,0;0,2;0,0;0,0;0,0;0,0
IJV;NL:Q:40789001;Het Aardhuis;Hoog Soeren;1,6;2,9;1,5;1,7;0,7;1,1
IJV;NL:Q:40883009;Bos en Heide;Nieuw Milligen;0,4;1,7;0,2;1,6;0,0;0,5
IJV;NL:Q:40885006;Openbare Basisschool;Oeken;0,3;0,1;0,3;0,1;0,0;0,0
IJV;NL:Q:40885007;Openbare Basisschool;Oeken;0,0;0,5;0,0;0,3;0,0;0,0
IJV;NL:Q:40887001;Garderenseweg;Uddel;1,0;1,4;0,2;0,5;0,0;0,1
IJV;NL:Q:40887002;Garderenseweg;Uddel;2,0;1,2;0,6;0,2;0,1;0,1
IJV;NL:Q:40887003;Cafe Uddelermeer;Uddel;1,0;2,8;0,3;1,4;0,1;0,2
IJV;NL:Q:40887004;Cafe Uddelermeer;Uddel;2,6;1,5;1,2;0,5;0,1;0,0
IJV;NL:Q:40887005;Bleeke Hoeve;Uddel;0,9;1,7;0,2;0,5;0,0;0,0
IJV;NL:Q:40887006;Bleeke Hoeve;Uddel;1,8;1,8;0,7;0,4;0,1;0,0
IJV;NL:Q:40887007;Uttilochweg;Uddel;10,9;15,0;0,6;3,2;0,0;0,2
IJV;NL:Q:40887008;Uttilochweg;Uddel;19,7;12,4;4,3;0,9;0,2;0,0
IJV;NL:Q:40887009;Markveldweg;Uddel;4,2;8,3;0,9;2,9;0,2;1,1
IJV;NL:Q:40887010;Markveldweg;Uddel;12,8;5,2;3,2;0,9;0,2;0,1
IJV;NL:Q:40887012;Noord Riezen;Uddel;0,8;0,6;2,0;0,4;0,2;0,1
IJV;NL:Q:40982002;Hooiweg/Middenweg;Elspeet;0,1;0,3;0,0;0,0;0,0;0,0
IJV;NL:Q:40982003;Veenweg;Elspeet;1,3;0,6;0,0;0,0;0,0;0,0
IJV;NL:Q:40982004;Veenweg;Elspeet;0,7;1,7;0,0;0,0;0,0;0,0
IJV;NL:Q:40982005;Gerrit Mouwweg;Elspeet;5,3;2,4;0,1;0,0;0,0;0,0
IJV;NL:Q:40982006;Gerrit Mouwweg;Elspeet;2,8;5,4;0,0;0,0;0,0;0,0
IJV;NL:Q:40982007;Centrum;Elspeet;18,2;27,3;4,7;4,1;0,2;0,6
IJV;NL:Q:40982008;Centrum;Elspeet;31,9;16,9;5,6;3,7;0,4;0,2
IJV;NL:Q:40982009;Kleine Kolonieweg;Elspeet;2,5;5,7;0,5;1,6;0,2;0,2
IJV;NL:Q:40982010;Kleine Kolonieweg;Elspeet;6,4;3,2;1,3;0,7;0,1;0,1
IJV;NL:Q:40982011;Bosrand;Elspeet;1,2;0,6;0,4;0,5;0,0;0,0
IJV;NL:Q:40982012;Bosrand;Elspeet;0,8;0,9;0,7;0,5;0,0;0,0
IJV;NL:Q:40982021;Landgoed Noorderheide;Elspeet;0,2;0,1;0,1;0,1;0,0;0,0
IJV;NL:Q:40982025;Sluiterweg;Elspeet;1,5;0,2;0,4;0,3;0,0;0,1
IJV;NL:Q:40982026;Sluiterweg;Elspeet;0,3;1,7;0,4;0,9;0,0;0,0
IJV;NL:Q:40982027;Vierhouterweg;Elspeet;7,1;2,3;4,3;1,2;0,6;0,0
IJV;NL:Q:40982028;Vierhouterweg;Elspeet;2,6;6,0;1,6;4,3;0,2;0,1
IJV;NL:Q:40987011;Noord Riezen;Uddel;0,3;0,9;0,4;1,3;0,0;0,1
IJV;NL:Q:41448023;Hazenberg;Brummen;0,0;0,3;0,0;0,0;0,0;0,0
IJV;NL:Q:41448024;Hazenberg;Brummen;0,7;0,0;0,0;0,0;0,0;0,0
IJV;NL:Q:41448027;Arnhemsestraat;Leuvenheim;0,3;0,8;0,4;0,6;0,0;0,0
IJV;NL:Q:41448031;Hoofdstraat;Leuvenheim;0,5;0,4;0,1;0,1;0,0;0,0
IJV;NL:Q:41448033;School;Leuvenheim;0,2;0,2;0,0;0,1;0,0;0,0
IJV;NL:Q:41448035;Spankerenseweg;Leuvenheim;0,6;0,1;0,2;0,0;0,0;0,0
IJV;NL:Q:41448037;Het Bret;Brummen;0,4;0,0;0,1;0,0;0,0;0,0
IJV;NL:Q:41448038;Het Bret;Brummen;0,1;0,3;0,1;0,2;0,0;0,0
IJV;NL:Q:41448039;De Pothof;Brummen;0,0;0,0;0,0;0,0;0,0;0,0
IJV;NL:Q:41448040;De Pothof;Brummen;0,0;0,1;0,0;0,0;0,0;0,0
IJV;NL:Q:41448043;Tolzicht;Brummen;0,1;0,0;0,0;0,0;0,0;0,0
IJV;NL:Q:41448044;Tolzicht;Brummen;0,1;0,3;0,0;0,2;0,0;0,0
IJV;NL:Q:41448045;Centrum;Brummen;4,5;4,6;2,0;1,5;0,0;0,0
IJV;NL:Q:41448047;Cortenoeverseweg;Brummen;1,3;0,0;1,2;0,0;0,0;0,0
IJV;NL:Q:41448048;Cortenoeverseweg;Brummen;0,1;1,6;0,1;1,2;0,0;0,0
IJV;NL:Q:41448049;Kampweg;Brummen;10,2;0,2;3,8;0,1;0,0;0,0
IJV;NL:Q:41448050;Kampweg;Brummen;0,5;7,8;0,6;2,9;0,0;0,0
IJV;NL:Q:41448051;Meengatstraat;Brummen;2,4;0,2;1,0;0,0;0,0;0,0
IJV;NL:Q:41448052;Meengatstraat;Brummen;0,1;2,8;0,2;0,8;0,0;0,0
IJV;NL:Q:41448053;Berkelder;Brummen;1,4;0,1;0,8;0,1;0,0;0,0
IJV;NL:Q:41448054;Berkelder;Brummen;0,1;1,0;0,0;0,8;0,0;0,0
IJV;NL:Q:41448055;Elzenbosweg;Brummen;3,4;0,4;1,6;0,3;0,0;0,0
IJV;NL:Q:41448056;Elzenbosweg;Brummen;0,5;3,7;0,6;1,8;0,0;0,0
IJV;NL:Q:41448057;Michaelshoeve;Brummen;2,1;1,1;0,7;0,2;0,0;0,0
IJV;NL:Q:41448058;Michaelshoeve;Brummen;1,6;2,3;0,4;0,6;0,0;0,0
IJV;NL:Q:41448061;Station;Brummen;14,3;0,9;0,8;0,2;0,0;0,0
IJV;NL:Q:41448062;Station;Brummen;1,2;14,9;0,4;0,8;0,0;0,0
IJV;NL:Q:41448066;De Hulsthoeve;Brummen;0,1;0,1;0,0;0,0;0,0;0,0
IJV;NL:Q:41448067;De Hulsthoeve;Brummen;0,0;0,0;0,0;0,0;0,0;0,0
IJV;NL:Q:41448069;Dierenseweg;Eerbeek;0,6;0,1;0,0;0,0;0,0;0,0
IJV;NL:Q:41448072;Plein Vijf;Brummen;1,3;0,0;0,0;0,0;0,0;0,0
IJV;NL:Q:41448073;Plein Vijf;Brummen;0,0;2,1;0,0;0,0;0,0;0,0
IJV;NL:Q:41448074;Tuinstraat;Brummen;0,5;0,0;0,0;0,0;0,0;0,0
IJV;NL:Q:41448075;Tuinstraat;Brummen;0,8;0,2;0,0;0,0;0,0;0,0
IJV;NL:Q:41448077;Gemeentehuis;Brummen;0,0;1,0;0,0;0,0;0,0;0,0
IJV;NL:Q:41448078;Gemeentehuis;Brummen;0,8;0,0;0,0;0,0;0,0;0,0
IJV;NL:Q:41448079;Reuvershoeve;Brummen;0,9;0,3;0,0;0,1;0,0;0,0
IJV;NL:Q:41448080;Reuvershoeve;Brummen;0,1;0,1;0,0;0,0;0,0;0,0
IJV;NL:Q:41601071;GGNet;Apeldoorn;42,2;2,7;5,6;0,1;2,6;0,1
IJV;NL:Q:41601073;Drostendijk;Apeldoorn;1,3;0,2;0,0;0,0;0,1;0,0
IJV;NL:Q:41601074;Drostendijk;Apeldoorn;0,2;2,4;0,1;0,7;0,1;0,3
IJV;NL:Q:41607001;Woudweg;Teuge;1,5;0,3;0,3;0,1;0,3;0,1
IJV;NL:Q:41607002;Woudweg;Teuge;0,3;1,7;0,2;0,5;0,0;0,2
IJV;NL:Q:41607003;De Wacht;Teuge;0,8;4,7;0,3;0,9;0,0;0,5
IJV;NL:Q:41607004;De Wacht;Teuge;4,2;0,7;0,8;0,2;0,2;0,0
IJV;NL:Q:41607013;Rijksstraatweg;Teuge;2,4;0,3;1,7;0,0;0,4;0,0
IJV;NL:Q:41607014;Rijksstraatweg;Teuge;0,5;3,0;0,2;1,9;0,3;0,6
IJV;NL:Q:41635003;Broekstraat;Klarenbeek;0,3;0,8;0,0;0,0;0,0;0,0
IJV;NL:Q:41635004;Broekstraat;Klarenbeek;0,5;0,5;0,0;0,4;0,0;0,0
IJV;NL:Q:41635011;Elsbosweg;Klarenbeek;0,9;0,1;0,2;0,0;0,0;0,0
IJV;NL:Q:41635012;Elsbosweg;Klarenbeek;0,0;0,8;0,0;0,3;0,0;0,0
IJV;NL:Q:41640170;Busstation;Zutphen;19,9;45,7;13,4;21,6;0,0;0,0
IJV;NL:Q:41648003;IJsselbrug;Zutphen (Hoven);19,9;0,3;4,8;0,3;0,0;0,0
IJV;NL:Q:41648014;IJsselbrug;Zutphen (Hoven);3,9;1,9;1,5;1,1;0,0;0,0
IJV;NL:Q:41665001;Station;Klarenbeek;1,9;2,2;2,2;0,7;0,0;0,0
IJV;NL:Q:41668005;Thermen Bussloo;Bussloo;3,7;6,3;2,9;3,8;1,1;1,1
IJV;NL:Q:41670002;Ecofactorij;Apeldoorn;2,1;0,7;0,0;0,0;0,0;0,0
IJV;NL:Q:41676030;IJsseldijk;Apeldoorn;0,6;1,6;0,0;0,0;0,0;0,0
IJV;NL:Q:41676040;IJsseldijk;Apeldoorn;0,4;0,5;0,0;0,0;0,0;0,0
IJV;NL:Q:41676057;Ecofactorij;Apeldoorn;1,6;0,4;0,0;0,0;0,0;0,0
IJV;NL:Q:41706001;Station;Twello;17,8;19,3;4,4;5,8;1,6;1,3
IJV;NL:Q:41706002;Station;Twello;4,0;1,2;1,7;1,2;0,8;0,2
IJV;NL:Q:41706003;Gemeentehuis;Twello;8,1;6,1;1,2;0,4;0,3;0,3
IJV;NL:Q:41706004;Gemeentehuis;Twello;4,9;4,9;1,4;1,0;0,0;0,7
IJV;NL:Q:41706006;M. de Ruyterstraat;Twello;3,0;1,8;0,0;0,0;0,0;0,0
IJV;NL:Q:41706007;Piet Heinstraat;Twello;0,1;0,5;0,1;0,1;0,2;0,0
IJV;NL:Q:41706008;Piet Heinstraat;Twello;2,3;2,1;0,1;0,1;0,1;0,1
IJV;NL:Q:41706009;Troelstralaan;Twello;0,0;0,2;0,0;0,1;0,0;0,0
IJV;NL:Q:41706010;Troelstralaan;Twello;0,0;0,8;0,0;0,4;0,0;0,0
IJV;NL:Q:41706011;Beethovenlaan;Twello;0,2;0,6;0,0;0,2;0,0;0,0
IJV;NL:Q:41706012;Beethovenlaan;Twello;1,3;1,2;0,2;0,0;0,1;0,1
IJV;NL:Q:41706013;Station;Twello;5,1;15,8;0,8;2,2;0,1;0,7
IJV;NL:Q:41706014;Bachstraat;Twello;1,8;1,3;0,2;0,1;0,1;0,0
IJV;NL:Q:41706018;Molenstraat;Twello;1,4;1,2;0,1;0,0;0,1;0,0
IJV;NL:Q:41706020;Oude Rijksstraatweg;Twello;1,6;0,4;0,2;0,0;0,0;0,0
IJV;NL:Q:41706021;Lindelaan;Twello;0,0;0,0;0,0;0,0;0,0;0,0
IJV;NL:Q:41706022;Lindelaan;Twello;0,1;0,0;0,0;0,2;0,0;0,0
IJV;NL:Q:41706023;Overmars;Twello;0,0;0,0;0,0;0,0;0,0;0,0
IJV;NL:Q:41706024;Overmars;Twello;0,1;0,0;0,2;0,0;0,1;0,0
IJV;NL:Q:41706025;Terwoldseweg;Twello;0,0;0,0;0,0;0,0;0,0;0,0
IJV;NL:Q:41706026;Terwoldseweg;Twello;0,0;0,1;0,0;0,1;0,0;0,0
IJV;NL:Q:41706027;Stationsstraat;Twello;0,5;2,6;0,1;0,5;0,2;0,1
IJV;NL:Q:41706028;Stationsstraat;Twello;0,3;0,0;0,3;0,1;0,1;0,0
IJV;NL:Q:41706051;Engelenburgstraat;Twello;1,7;0,6;0,0;0,2;0,0;0,0
IJV;NL:Q:41706052;Engelenburgstraat;Twello;0,2;1,8;0,0;0,0;0,1;0,0
IJV;NL:Q:41706053;Martinushof;Twello;0,9;0,8;0,0;0,2;0,0;0,1
IJV;NL:Q:41706054;Martinushof;Twello;0,3;1,5;0,0;0,2;0,0;0,0
IJV;NL:Q:41710001;Begraafplaats;Wilp;0,2;0,2;0,1;0,1;0,0;0,0
IJV;NL:Q:41710002;Begraafplaats;Wilp;0,1;0,2;0,0;0,0;0,0;0,0
IJV;NL:Q:41710003;De Lathmer;Wilp;2,9;1,3;0,4;0,2;0,1;0,1
IJV;NL:Q:41710004;De Lathmer;Wilp;1,0;2,6;0,2;0,5;0,0;0,1
IJV;NL:Q:41710005;Molenallee;Wilp;1,8;1,9;0,4;0,9;0,1;0,1
IJV;NL:Q:41710006;Molenallee;Wilp;2,3;2,4;0,9;0,9;0,0;0,1
IJV;NL:Q:41710009;Roggencampweg;Wilp;0,6;0,3;0,1;0,2;0,2;0,0
IJV;NL:Q:41710010;Roggencampweg;Wilp;0,3;0,8;0,1;0,1;0,0;0,0
IJV;NL:Q:41716001;Wilper Korenmolen;Posterenk;0,4;0,7;0,1;0,5;0,0;0,1
IJV;NL:Q:41716002;Wilper Korenmolen;Posterenk;0,7;0,4;0,5;0,1;0,0;0,0
IJV;NL:Q:41718001;Bussloselaan;Bussloo;0,5;0,2;0,1;0,1;0,0;0,0
IJV;NL:Q:41718002;De Nieuwenhof;Gietelo;0,3;0,8;0,1;0,2;0,0;0,0
IJV;NL:Q:41718022;Bussloselaan;Bussloo;0,3;0,5;0,2;0,2;0,0;0,0
IJV;NL:Q:41761001;Klarenbeekseweg;Voorst;8,0;0,7;0,4;0,2;0,0;0,1
IJV;NL:Q:41761002;Klarenbeekseweg;Voorst;0,7;1,4;0,4;0,1;0,1;0,0
IJV;NL:Q:41761003;Huize Enkstein;Voorst;0,6;3,9;0,0;0,3;0,0;0,0
IJV;NL:Q:41761004;Huize Enkstein;Voorst;4,1;5,7;0,5;0,2;0,1;0,0
IJV;NL:Q:41761005;Huize de Beele;Voorst;3,8;0,2;0,8;0,0;0,0;0,0
IJV;NL:Q:41761006;Huize de Beele;Voorst;0,9;0,3;0,2;0,1;0,0;0,0
IJV;NL:Q:41761007;Station Voorst-Empe;Voorst;12,5;17,1;2,3;2,0;0,3;0,6
IJV;NL:Q:41768001;De Nieuwenhof;Gietelo;1,0;0,4;0,3;0,1;0,0;0,0
IJV;NL:Q:43470010;Lettele;Lettele;6,5;0,1;3,1;0,0;0,0;0,0
IJV;NL:Q:43470020;Lettele;Lettele;0,3;6,6;0,3;5,3;0,0;0,0
IJV;NL:Q:43470030;Heihoeve;Heeten;0,1;0,0;0,0;0,0;0,0;0,0
IJV;NL:Q:43470035;Heihoeve;Heeten;0,0;0,1;0,0;0,0;0,0;0,0
IJV;NL:Q:43470070;Zandbelterbrug;Schalkhaar;0,6;0,0;0,0;0,0;0,0;0,0
IJV;NL:Q:43470080;Zandbelterbrug;Schalkhaar;0,0;0,7;0,0;0,0;0,0;0,0
IJV;NL:Q:43470090;Spikker;Schalkhaar;0,1;0,0;0,0;0,0;0,0;0,0
IJV;NL:Q:43470100;Spikker;Schalkhaar;0,0;0,1;0,0;0,0;0,0;0,0
IJV;NL:Q:43470110;Garderegimentsweg;Schalkhaar;6,6;7,8;4,8;5,4;2,2;3,2
IJV;NL:Q:43470170;ten Havesweg;Okkenbroek;0,7;0,0;0,0;0,0;0,0;0,0
IJV;NL:Q:43470180;ten Havesweg;Okkenbroek;0,0;0,5;0,0;0,0;0,0;0,0
IJV;NL:Q:43470190;De Grote Brander;Okkenbroek;0,6;0,0;0,1;0,0;0,0;0,0
IJV;NL:Q:43470200;De Grote Brander;Okkenbroek;0,0;0,5;0,0;0,2;0,0;0,0
IJV;NL:Q:43479030;Doldermansweg;Lettele;0,2;0,0;0,1;0,0;0,0;0,0
IJV;NL:Q:43479040;Doldermansweg;Lettele;0,0;0,2;0,0;0,0;0,0;0,0
IJV;NL:Q:43480010;'t Dijkhuis;Bathmen;14,8;0,2;13,3;0,0;5,3;0,0
IJV;NL:Q:43480020;'t Dijkhuis;Bathmen;0,7;9,1;1,0;9,2;0,6;5,0
IJV;NL:Q:43480050;Bannink;Deventer;0,9;0,0;0,6;0,0;0,5;0,0
IJV;NL:Q:43480060;Bannink;Deventer;0,0;1,0;0,0;0,6;0,0;0,4
IJV;NL:Q:43480070;Peppelerdijk;Deventer;0,4;0,1;0,3;0,0;0,1;0,1
IJV;NL:Q:43480080;Peppelerdijk;Deventer;0,1;0,3;0,0;0,3;0,0;0,1
IJV;NL:Q:43480100;Enklaan;Bathmen;1,0;32,6;1,3;19,1;0,6;12,4
IJV;NL:Q:43480150;Gemeentewerken;Bathmen;0,1;0,0;0,0;0,0;0,0;0,0
IJV;NL:Q:43480160;Gemeentewerken;Bathmen;0,0;0,1;0,0;0,0;0,0;0,0
IJV;NL:Q:43480180;Oude Molen;Bathmen;0,0;0,0;0,0;0,0;0,0;0,0
IJV;NL:Q:43480190;Polakstraat;Bathmen;18,0;0,2;10,0;0,1;4,3;0,0
IJV;NL:Q:43480200;Polakstraat;Bathmen;0,5;15,9;0,4;9,1;0,5;5,4
IJV;NL:Q:43480210;Vegerinkskamp;Bathmen;12,2;0,3;9,6;0,2;4,3;0,1
IJV;NL:Q:43480220;Vegerinkskamp;Bathmen;1,9;21,0;0,9;16,2;0,6;8,5
IJV;NL:Q:43480230;Looweg Kuiperij;Bathmen;8,5;11,6;3,3;5,7;1,8;3,9
IJV;NL:Q:43480240;Looweg Kuiperij;Bathmen;0,1;0,0;0,0;0,0;0,0;0,0
IJV;NL:Q:43480250;Schipbeeksweg;Bathmen;0,2;0,0;0,0;0,0;0,0;0,0
IJV;NL:Q:43480260;Schipbeeksweg;Bathmen;24,1;20,5;15,3;10,5;8,4;5,2
IJV;NL:Q:43480270;Enklaan;Bathmen;32,5;0,2;22,5;0,1;10,3;0,0
IJV;NL:Q:43570010;Zonnenbergerdijk;Heeten;0,3;0,0;0,0;0,0;0,0;0,0
IJV;NL:Q:43570030;Bathmenseweg;Heeten;0,8;0,0;0,0;0,0;0,0;0,0
IJV;NL:Q:43570040;Bathmenseweg;Heeten;0,0;0,9;0,0;0,0;0,0;0,0
IJV;NL:Q:43570050;Militair Complex;Heeten;0,1;0,0;0,0;0,0;0,0;0,0
IJV;NL:Q:43570060;Militair Complex;Heeten;0,0;0,1;0,0;0,0;0,0;0,0
IJV;NL:Q:43580010;Oude Molen;Bathmen;0,0;0,0;0,0;0,0;0,0;0,0
IJV;NL:Q:43580030;Wilmink;Bathmen;0,0;0,0;0,0;0,0;0,0;0,0
IJV;NL:Q:43580050;Java;Bathmen;0,0;0,0;0,0;0,0;0,0;0,0
IJV;NL:Q:43580100;Wagenvoorde;Bathmen;0,0;0,0;0,0;0,0;0,0;0,0
IJV;NL:Q:43630530;Driesprong;Bruinehaar;1,0;1,0;0,0;0,0;0,0;0,0
IJV;NL:Q:43640010;Handelsstraat;Hardenberg;0,3;0,4;0,0;0,0;0,0;0,0
IJV;NL:Q:43640020;Handelsstraat;Hardenberg;0,2;0,3;0,0;0,0;0,0;0,0
IJV;NL:Q:43640030;Wavin;Hardenberg;0,0;0,2;0,0;0,0;0,0;0,0
IJV;NL:Q:43640040;Wavin;Hardenberg;0,2;0,0;0,0;0,0;0,0;0,0
IJV;NL:Q:43640050;Ziekenhuis;Hardenberg;0,2;0,4;0,0;0,0;0,0;0,0
IJV;NL:Q:43640060;Ziekenhuis;Hardenberg;0,3;0,1;0,0;0,0;0,0;0,0
IJV;NL:Q:43640070;Station;Hardenberg;131,6;122,0;30,5;32,5;15,4;20,6
IJV;NL:Q:43640080;Evenementenhal;Hardenberg;0,0;0,7;0,0;0,0;0,0;0,0
IJV;NL:Q:43640085;Station;Hardenberg;11,6;4,1;1,6;2,3;0,0;0,0
IJV;NL:Q:43640110;Hattemattestraat;Gramsbergen;0,4;0,1;0,0;0,0;0,0;0,0
IJV;NL:Q:43640120;Hattemattestraat;Gramsbergen;0,0;0,3;0,0;0,0;0,0;0,0
IJV;NL:Q:43640130;Welgelegen;Gramsbergen;0,1;0,1;0,0;0,0;0,0;0,0
IJV;NL:Q:43640140;Welgelegen;Gramsbergen;0,0;0,3;0,0;0,0;0,0;0,0
IJV;NL:Q:43640150;Ziekenhuis;Hardenberg;5,0;2,2;1,2;0,0;0,0;0,0
IJV;NL:Q:43640195;Clara Feyoena Heem;Hardenberg;0,0;0,4;0,0;0,4;0,0;0,0
IJV;NL:Q:43640210;Meteoorlaan;Hardenberg;0,1;0,0;0,1;0,0;0,0;0,0
IJV;NL:Q:43640211;Meteoorlaan;Hardenberg;0,3;0,0;0,4;0,0;0,0;0,0
IJV;NL:Q:43640230;Rheezerweg;Hardenberg;0,0;0,1;0,1;0,0;0,0;0,0
IJV;NL:Q:43640240;Rheezerweg;Hardenberg;0,1;0,0;0,0;0,0;0,0;0,0
IJV;NL:Q:43640250;Haarmolen;Heemserveen;14,4;20,3;3,6;4,3;2,1;2,5
IJV;NL:Q:43640260;Haarmolen;Heemserveen;20,0;19,9;6,4;3,7;3,0;1,7
IJV;NL:Q:43640310;Middenweg;Heemserveen;0,3;1,1;0,0;0,4;0,1;0,4
IJV;NL:Q:43640320;Middenweg;Heemserveen;0,1;0,3;0,0;0,1;0,0;0,1
IJV;NL:Q:43640330;Roelofsmulderweg;Heemserveen;0,2;0,2;0,0;0,0;0,0;0,0
IJV;NL:Q:43640340;Roelofsmulderweg;Heemserveen;0,1;0,3;0,0;0,1;0,0;0,0
IJV;NL:Q:43640350;Elfde Wijk;Heemserveen;0,3;0,3;0,1;0,1;0,0;0,0
IJV;NL:Q:43640360;Elfde Wijk;Heemserveen;0,2;0,2;0,2;0,1;0,0;0,0
IJV;NL:Q:43640370;De Nieuwe Haven;Hardenberg;0,3;1,1;0,0;0,1;0,0;0,0
IJV;NL:Q:43640380;De Nieuwe Haven;Hardenberg;1,6;0,1;0,2;0,0;0,0;0,0
IJV;NL:Q:43640390;SBO De Oase;Hardenberg;1,7;0,1;0,3;0,0;0,2;0,0
IJV;NL:Q:43640397;Centrum;Hardenberg;2,1;4,9;0,0;0,0;0,0;0,0
IJV;NL:Q:43640450;Morgenroodweg;Ebbenbroek;0,7;0,0;0,0;0,0;0,0;0,0
IJV;NL:Q:43640460;Morgenroodweg;Ebbenbroek;0,0;0,5;0,0;0,0;0,0;0,0
IJV;NL:Q:43640530;Gemeentehuis;Hardenberg;12,8;28,2;4,2;7,1;1,6;1,8
IJV;NL:Q:43640540;Gemeentehuis;Hardenberg;21,7;2,7;6,7;0,8;2,2;0,2
IJV;NL:Q:43640600;PKN Kerk;Bruchterveld;1,6;0,0;0,0;0,0;0,0;0,0
IJV;NL:Q:43640610;PKN Kerk;Bruchterveld;0,1;1,4;0,0;0,0;0,0;0,0
IJV;NL:Q:43640620;Meester Holtropstraat;Bruchterveld;1,5;0,0;0,0;0,0;0,0;0,0
IJV;NL:Q:43640630;Meester Holtropstraat;Bruchterveld;0,0;1,1;0,0;0,0;0,0;0,0
IJV;NL:Q:43640710;Molenplein;Hardenberg;4,1;1,5;1,7;0,8;0,6;0,3
IJV;NL:Q:43640720;Molenplein;Hardenberg;0,7;3,3;0,4;1,1;0,4;0,3
IJV;NL:Q:43640730;Parkweg 57;Hardenberg;0,2;0,2;0,0;0,0;0,0;0,0
IJV;NL:Q:43641000;Station;Hardenberg;3,8;15,4;0,0;0,0;0,0;0,0
IJV;NL:Q:43641020;Weversdijk;Hardenberg;0,0;0,1;0,0;0,0;0,0;0,0
IJV;NL:Q:43641030;Weversdijk;Hardenberg;0,1;0,0;0,0;0,0;0,0;0,0
IJV;NL:Q:43641040;Moderna;Hardenberg;0,1;1,3;0,0;0,0;0,0;0,0
IJV;NL:Q:43641045;Moderna;Hardenberg;1,4;0,0;0,0;0,0;0,0;0,0
IJV;NL:Q:43641050;Broeklanden;Hardenberg;0,3;0,0;0,0;0,0;0,0;0,0
IJV;NL:Q:43641060;Broeklanden;Hardenberg;0,0;1,3;0,0;0,0;0,0;0,0
IJV;NL:Q:43641070;Evenementenhal;Hardenberg;0,1;0,0;0,0;0,0;0,0;0,0
IJV;NL:Q:43670030;Stellingmolen;Heeten;3,3;0,0;0,0;0,0;0,0;0,0
IJV;NL:Q:43670040;Stellingmolen;Heeten;1,6;2,2;0,0;0,0;0,0;0,0
IJV;NL:Q:43670060;Zonnenbergerdijk;Heeten;0,2;1,8;0,0;0,0;0,0;0,0
IJV;NL:Q:43670100;'t Pleintie;Nieuw-Heeten;2,8;2,9;0,6;1,0;0,0;0,0
IJV;NL:Q:43670120;Bijvanksweg;Nieuw-Heeten;0,7;0,5;0,5;0,0;0,0;0,0
IJV;NL:Q:43670130;Bijvanksweg;Nieuw-Heeten;0,7;0,4;0,1;0,1;0,0;0,0
IJV;NL:Q:43679040;Centrum;Heeten;10,2;10,5;0,0;0,0;0,0;0,0
IJV;NL:Q:43680030;De Smid;Dijkerhoek;0,0;0,0;0,0;0,0;0,0;0,0
IJV;NL:Q:43680040;De Smid;Dijkerhoek;0,0;0,0;0,0;0,0;0,0;0,0
IJV;NL:Q:43680070;Wegstapel;Dijkerhoek;0,0;0,0;0,0;0,0;0,0;0,0
IJV;NL:Q:43680090;Vukking;Dijkerhoek;0,0;0,2;0,0;0,0;0,0;0,0
IJV;NL:Q:43680120;Aaltinksweg;Holten;0,0;0,0;0,0;0,0;0,0;0,0
IJV;NL:Q:43770150;Koerselmansweg;Okkenbroek;0,0;0,0;0,0;0,0;0,0;0,0
IJV;NL:Q:43770160;Koerselmansweg;Okkenbroek;0,0;0,0;0,0;0,0;0,0;0,0
IJV;NL:Q:43770170;Okkenbroekerveldweg;Okkenbroek;0,2;0,0;0,0;0,0;0,0;0,0
IJV;NL:Q:43770180;Okkenbroekerveldweg;Okkenbroek;0,0;0,1;0,0;0,2;0,0;0,0
IJV;NL:Q:43770210;Butersdijk;Okkenbroek;0,2;0,0;0,2;0,0;0,0;0,0
IJV;NL:Q:43770220;Butersdijk;Okkenbroek;0,0;0,3;0,0;0,2;0,0;0,0
IJV;NL:Q:43770230;Vlessendijk;Nieuw-Heeten;0,0;0,0;0,2;0,0;0,0;0,0
IJV;NL:Q:43770240;Vlessendijk;Nieuw-Heeten;0,0;0,1;0,0;0,2;0,0;0,0
IJV;NL:Q:43779010;Kerk;Okkenbroek;1,8;0,0;0,4;0,0;0,0;0,0
IJV;NL:Q:43779020;Kerk;Okkenbroek;0,1;1,8;0,0;0,8;0,0;0,0
IJV;NL:Q:43780090;De Waerdenborch;Holten;0,0;0,0;0,0;0,0;0,0;0,0
IJV;NL:Q:43780100;De Waerdenborch;Holten;0,6;0,1;0,0;0,0;0,0;0,0
IJV;NL:Q:43780150;Aaltinksweg;Holten;0,0;0,0;0,0;0,0;0,0;0,0
IJV;NL:Q:43890190;Dorpsstraat;Kloosterhaar;1,3;0,2;0,0;0,0;0,0;0,0
IJV;NL:Q:43890200;Verlengde Broekdijk;Kloosterhaar;0,0;0,4;0,0;0,0;0,0;0,0
IJV;NL:Q:43890210;Dorpsstraat;Kloosterhaar;1,3;1,5;0,0;0,0;0,0;0,0
IJV;NL:Q:43890220;Verlengde Broekdijk;Kloosterhaar;0,3;0,0;0,0;0,0;0,0;0,0
IJV;NL:Q:43929030;Oude Deventerweg;Holten;0,1;0,0;0,0;0,0;0,0;0,0
IJV;NL:Q:43929040;Oude Deventerweg;Holten;0,0;0,5;0,0;0,0;0,0;0,0
IJV;NL:Q:43990002;Stationsweg;Mariënberg;0,0;0,0;0,0;0,0;0,0;0,0
IJV;NL:Q:43990070;Kanaalbrug;Bergentheim;0,1;0,2;0,0;0,3;0,0;0,0
IJV;NL:Q:43990080;Kanaalbrug;Bergentheim;0,1;0,0;0,0;0,0;0,0;0,0
IJV;NL:Q:43990110;Cafe;Beerzerveld;0,5;1,0;0,1;0,1;0,0;0,0
IJV;NL:Q:43990130;Schuurmanstraat;Beerzerveld;0,5;0,3;0,0;0,1;0,0;0,0
IJV;NL:Q:43990155;Van Alewijkstraat;Beerzerveld;0,3;0,1;0,1;0,0;0,0;0,0
IJV;NL:Q:43990160;Kloosterdijk;Mariënberg;0,1;0,0;0,0;0,0;0,0;0,0
IJV;NL:Q:43990200;De Pallegarste;Mariënberg;0,0;0,0;0,0;0,0;0,0;0,0
IJV;NL:Q:43990210;Camping Kleine Belties;Rheeze;0,0;0,1;0,2;0,2;0,0;0,0
IJV;NL:Q:43990220;Camping Kleine Belties;Rheeze;0,3;0,1;0,2;0,2;0,0;0,0
IJV;NL:Q:43990230;De Gloepe;Diffelen;0,1;0,1;0,1;0,2;0,0;0,0
IJV;NL:Q:43990240;De Gloepe;Diffelen;0,1;0,0;0,1;0,0;0,0;0,0
IJV;NL:Q:43990250;Rheezerkamp/Overweg;Rheeze;0,0;0,2;0,1;0,2;0,0;0,0
IJV;NL:Q:43990260;Rheezerkamp/Overweg;Rheeze;0,2;0,1;0,2;0,4;0,0;0,0
IJV;NL:Q:43990270;Ringweg;Rheeze;0,2;0,4;0,4;0,4;0,0;0,0
IJV;NL:Q:43990280;Ringweg;Rheeze;0,3;0,2;0,2;0,3;0,0;0,0
IJV;NL:Q:43990290;Haarweg;Bergentheim;0,1;0,1;0,1;0,1;0,0;0,0
IJV;NL:Q:43990300;Haarweg;Bergentheim;0,0;0,0;0,0;0,0;0,0;0,0
IJV;NL:Q:43990330;'t Vonder;Brucht;0,1;0,0;0,0;0,0;0,0;0,0
IJV;NL:Q:43990340;'t Vonder;Brucht;0,0;0,0;0,0;0,0;0,0;0,0
IJV;NL:Q:43990350;Kanaalweg West;Brucht;0,0;0,0;0,0;0,0;0,0;0,0
IJV;NL:Q:43990360;Kanaalweg West;Brucht;0,0;0,0;0,0;0,0;0,0;0,0
IJV;NL:Q:43990430;Oud Bergentheim;Bergentheim;0,0;0,1;0,0;0,0;0,0;0,0
IJV;NL:Q:43990440;Oud Bergentheim;Bergentheim;0,0;0,0;0,0;0,0;0,0;0,0
IJV;NL:Q:43990530;Waaijerinkweg;Beerzerhaar;0,5;0,0;0,0;0,0;0,0;0,0
IJV;NL:Q:43990535;Campings;Beerze;0,3;0,7;0,1;0,5;0,0;0,0
IJV;NL:Q:43990540;Oude Beerzerweg;Beerze;0,0;0,1;0,0;0,1;0,0;0,0
IJV;NL:Q:43990550;Beerzerpoort;Beerze;0,1;0,3;0,1;0,2;0,0;0,0
IJV;NL:Q:43991100;Station;Mariënberg;2,6;2,3;2,3;1,3;0,0;0,0
IJV;NL:Q:43992001;Camping De Oldemeijer;Rheeze;0,0;0,1;0,0;0,1;0,0;0,0
IJV;NL:Q:43992002;Camping De Oldemeijer;Rheeze;0,1;0,1;0,0;0,1;0,0;0,0
IJV;NL:Q:43992003;Camp. De Vechtstr./'t Veld;Rheeze;0,2;0,5;0,3;0,2;0,0;0,0
IJV;NL:Q:43992004;Camp. De Vechtstr./'t Veld;Rheeze;0,3;0,2;0,3;0,2;0,0;0,0
IJV;NL:Q:43992005;Camping De Zandstuve;Rheeze;0,1;0,1;0,0;0,3;0,0;0,0
IJV;NL:Q:43992006;Camping De Zandstuve;Rheeze;0,1;0,0;0,1;0,0;0,0;0,0
IJV;NL:Q:43992007;Familiecamping De Belten;Rheeze;0,0;0,1;0,0;0,1;0,0;0,0
IJV;NL:Q:43992008;Familiecamping De Belten;Rheeze;0,1;0,0;0,1;0,0;0,0;0,0
IJV;NL:Q:45860010;Hankate;Hankate;2,9;0,5;0,0;0,0;0,0;0,0
IJV;NL:Q:45860030;Boksloot;Lemele;0,5;0,4;0,0;0,0;0,0;0,0
IJV;NL:Q:45871001;Theehuis De Lemelerberg;Lemele;0,1;0,4;0,0;0,0;0,0;0,0
IJV;NL:Q:45871003;Kerk;Lemele;13,0;0,7;0,0;0,0;0,0;0,0
IJV;NL:Q:45871004;Kerk;Lemele;0,6;11,7;0,0;0,0;0,0;0,0
IJV;NL:Q:45871005;Imminkhoeve;Lemele;0,5;0,4;0,0;0,0;0,0;0,0
IJV;NL:Q:45871006;Imminkhoeve;Lemele;0,4;0,3;0,0;0,0;0,0;0,0
IJV;NL:Q:45871007;Camping De Lemeler Esch;Lemele;0,0;0,0;0,0;0,0;0,0;0,0
IJV;NL:Q:45871008;Camping De Lemeler Esch;Lemele;0,0;0,4;0,0;0,0;0,0;0,0
IJV;NL:Q:45910010;Emtenbroekerdijk;Kloosterhaar;0,0;0,0;0,0;0,0;0,0;0,0
IJV;NL:Q:45910020;Emtenbroekerdijk;Kloosterhaar;0,0;0,0;0,0;0,0;0,0;0,0
IJV;NL:Q:45910030;Crullsweg;Kloosterhaar;0,0;0,0;0,0;0,0;0,0;0,0
IJV;NL:Q:45910040;Crullsweg;Kloosterhaar;0,1;0,1;0,0;0,0;0,0;0,0
IJV;NL:Q:45920010;Stationsweg;Bergentheim;0,3;1,1;0,2;0,2;0,0;0,0
IJV;NL:Q:45920020;Stationsweg;Bergentheim;0,4;0,2;0,5;0,2;0,0;0,0
IJV;NL:Q:45940500;Beerzerhooiweg;Beerze;0,2;0,1;0,0;0,0;0,0;0,0
IJV;NL:Q:45990010;Heuvelweg;Luttenberg;0,1;0,8;0,0;0,0;0,0;0,0
IJV;NL:Q:45990020;Heuvelweg;Luttenberg;2,3;0,1;0,0;0,0;0,0;0,0
IJV;NL:Q:45990030;Ter Borgweg;Luttenberg;0,1;4,2;0,0;0,0;0,0;0,0
IJV;NL:Q:45990040;Ter Borgweg;Luttenberg;2,5;0,0;0,0;0,0;0,0;0,0
IJV;NL:Q:46000030;Brekken;Zwolle;1,3;2,2;1,0;1,2;0,5;1,2
IJV;NL:Q:46000040;Brekken;Zwolle;2,0;0,9;1,4;0,8;0,8;0,3
IJV;NL:Q:46000050;Händellaan;Zwolle;8,8;7,5;8,5;1,0;3,4;0,3
IJV;NL:Q:46000060;Händellaan;Zwolle;1,7;10,8;1,3;10,6;0,5;2,4
IJV;NL:Q:46000070;Diasporalaan;Zwolle;1,1;1,7;0,9;0,8;0,8;0,6
IJV;NL:Q:46000100;Diasporalaan;Zwolle;2,0;1,0;2,0;0,6;0,6;0,6
IJV;NL:Q:46000110;Van der Schuerenmarke;Zwolle;1,1;9,9;1,2;8,2;0,4;4,3
IJV;NL:Q:46000120;Van der Schuerenmarke;Zwolle;11,4;1,8;8,2;1,4;5,8;0,7
IJV;NL:Q:46000130;Van Nispensingel;Zwolle;1,2;16,7;1,8;10,9;0,6;8,8
IJV;NL:Q:46000140;Van Nispensingel;Zwolle;20,3;2,1;12,6;0,9;8,4;0,4
IJV;NL:Q:46000150;Van Hasseltmarke;Zwolle;0,5;7,2;1,0;4,9;0,4;4,3
IJV;NL:Q:46000160;Van Hasseltmarke;Zwolle;8,3;0,2;4,3;0,1;4,1;0,1
IJV;NL:Q:46000170;Molenweg;Zwolle;197,9;10,9;0,0;0,0;0,0;0,0
IJV;NL:Q:46000190;Zwartewaterallee;Zwolle;13,9;26,5;0,0;0,0;0,0;0,0
IJV;NL:Q:46000200;Zwartewaterallee;Zwolle;7,1;18,4;0,0;0,0;0,0;0,0
IJV;NL:Q:46000430;Hollewandsweg;Zwolle;0,9;7,9;0,4;4,8;0,5;3,5
IJV;NL:Q:46000440;Hollewandsweg;Zwolle;10,6;1,5;7,3;1,1;4,0;0,6
IJV;NL:Q:46000570;Dokter Hengeveldweg;Zwolle;76,7;183,4;9,6;37,9;5,4;25,9
IJV;NL:Q:46000800;Groot Wezenland;Zwolle;48,7;19,8;33,6;5,9;15,5;4,1
IJV;NL:Q:46000810;Nw. Deventerw./Ittersumall.;Zwolle;1,4;22,0;1,5;16,1;0,6;11,7
IJV;NL:Q:46000820;Nw. Deventerw./Ittersumall.;Zwolle;19,3;1,5;14,1;0,9;6,6;0,5
IJV;NL:Q:46000830;Troelstralaan;Zwolle;1,7;41,0;3,7;33,0;1,6;22,1
IJV;NL:Q:46000860;Troelstralaan;Zwolle;42,6;1,5;29,8;0,2;20,8;0,2
IJV;NL:Q:46000950;Groot Wezenland;Zwolle;11,9;51,3;2,6;39,4;1,3;16,4
IJV;NL:Q:46001000;Park de Wezenlanden;Zwolle;68,0;92,6;16,7;22,7;9,6;12,2
IJV;NL:Q:46001070;Volterbeek;Zwolle;5,7;13,9;6,7;13,6;2,0;5,7
IJV;NL:Q:46001100;Assendorperdijk;Zwolle;69,6;70,6;20,7;19,3;10,0;12,4
IJV;NL:Q:46001110;Maaslaan;Zwolle;0,7;1,8;0,4;2,6;0,3;1,1
IJV;NL:Q:46001120;Roelingsbeek;Zwolle;3,3;10,1;2,1;11,6;0,9;3,6
IJV;NL:Q:46001130;Roelingsbeek;Zwolle;12,1;1,7;10,4;0,8;4,5;0,4
IJV;NL:Q:46001170;Rijnlaan/Amstel;Zwolle;3,1;49,5;1,2;26,0;0,7;13,0
IJV;NL:Q:46001180;Rijnlaan/Amstel;Zwolle;53,0;2,6;31,5;0,9;14,1;0,7
IJV;NL:Q:46001200;Ittersumallee;Zwolle;2,3;5,1;0,0;0,0;0,0;0,0
IJV;NL:Q:46001210;Volkerak;Zwolle;0,5;2,5;0,4;2,7;0,2;0,7
IJV;NL:Q:46001230;Elsbeek;Zwolle;2,2;6,6;2,9;14,4;0,9;3,2
IJV;NL:Q:46001290;Wkc De Dobbe;Zwolle;6,8;43,9;4,5;31,2;1,2;15,4
IJV;NL:Q:46001300;Caspar Fagelstraat;Zwolle;20,3;1,8;1,1;0,2;0,9;0,2
IJV;NL:Q:46001320;Paulus Buysstraat;Zwolle;13,7;3,4;2,4;5,6;1,0;2,8
IJV;NL:Q:46001340;Celebesstraat;Zwolle;18,1;7,5;3,4;0,3;2,4;0,2
IJV;NL:Q:46001542;Dokter Hengeveldweg;Zwolle;141,3;24,9;45,6;5,7;24,8;3,5
IJV;NL:Q:46001560;Isala ziekenhuis;Zwolle;312,7;115,6;67,5;10,6;35,4;5,0
IJV;NL:Q:46001610;Dijkstraat;Zwolle;33,5;43,4;32,5;21,8;12,1;6,5
IJV;NL:Q:46001630;Rodetorenplein;Zwolle;42,4;81,9;47,8;63,6;16,0;19,8
IJV;NL:Q:46001650;IJsselcentraleweg;Zwolle;5,2;8,3;2,7;2,4;1,1;1,5
IJV;NL:Q:46001660;Dijkstraat;Zwolle;34,6;41,4;16,8;38,6;8,1;10,9
IJV;NL:Q:46001680;Rodetorenplein;Zwolle;98,4;50,4;62,1;39,5;16,6;14,1
IJV;NL:Q:46001750;Provinciehuis;Zwolle;11,2;4,9;0,6;0,4;0,7;0,2
IJV;NL:Q:46001790;Burg. van Walsumlaan;Zwolle;43,7;6,4;0,3;0,4;0,1;0,7
IJV;NL:Q:46001800;Burg. van Walsumlaan;Zwolle;4,5;24,6;0,3;0,4;0,4;0,2
IJV;NL:Q:46001890;Celebesstraat;Zwolle;7,5;22,0;0,9;8,3;0,7;6,9
IJV;NL:Q:46001910;Paulus Buysstraat;Zwolle;2,9;16,6;0,2;6,3;0,1;4,7
IJV;NL:Q:46001930;Caspar Fagelstraat;Zwolle;2,4;19,9;0,2;5,7;0,4;3,3
IJV;NL:Q:46001970;Sassenpoort;Zwolle;23,5;10,8;21,6;8,4;8,7;3,8
IJV;NL:Q:46001990;Kerkbrugje;Zwolle;32,5;35,1;38,8;17,4;14,7;7,6
IJV;NL:Q:46002000;Kerkbrugje;Zwolle;51,8;33,1;25,4;43,3;9,1;13,9
IJV;NL:Q:46002010;Isala ziekenhuis;Zwolle;10,8;69,9;0,0;0,0;0,0;0,0
IJV;NL:Q:46002040;Sassenpoort;Zwolle;6,9;23,3;5,0;21,8;1,4;9,3
IJV;NL:Q:46002560;Kuyerhuislaan;Zwolle;0,4;2,1;0,0;0,0;0,0;0,0
IJV;NL:Q:46002620;Wkc Zuid;Zwolle;2,0;2,3;0,0;0,0;0,0;0,0
IJV;NL:Q:46002700;Gedeputeerdenlaan;Zwolle;5,0;14,5;4,1;12,1;2,2;9,7
IJV;NL:Q:46002710;Gedeputeerdenlaan;Zwolle;12,4;9,5;8,6;5,8;5,8;3,6
IJV;NL:Q:46002960;Blaloweg/Hasselterweg;Zwolle;46,0;41,0;3,9;2,6;3,6;1,9
IJV;NL:Q:46003000;Otterveld;Zwolle;0,7;4,2;0,4;2,7;0,2;3,5
IJV;NL:Q:46003050;Otterveld;Zwolle;6,3;1,0;4,8;0,8;2,7;0,4
IJV;NL:Q:46003110;Wkc Forelkolk;Zwolle;2,4;2,8;1,4;1,7;0,3;0,7
IJV;NL:Q:46003120;Wkc Forelkolk;Zwolle;2,6;1,2;1,8;1,1;0,8;0,4
IJV;NL:Q:46003130;Brasemkolk;Zwolle;0,4;1,0;0,5;0,6;0,2;0,5
IJV;NL:Q:46003140;Brasemkolk;Zwolle;1,3;1,1;1,0;0,9;0,6;0,3
IJV;NL:Q:46003170;Hazenveld;Zwolle;0,5;3,2;0,7;1,9;0,4;1,4
IJV;NL:Q:46003180;Hazenveld;Zwolle;3,4;0,7;2,1;0,5;1,3;0,3
IJV;NL:Q:46003200;Van Leeuwtemarke;Zwolle;1,0;6,5;0,9;5,2;0,2;2,0
IJV;NL:Q:46003240;Herenweg;Zwolle;27,4;8,9;9,6;3,3;6,3;1,2
IJV;NL:Q:46003250;Van Leeuwtemarke;Zwolle;9,0;0,8;5,3;0,5;3,0;0,4
IJV;NL:Q:46003290;Heerkensmarke;Zwolle;0,5;4,8;0,6;3,1;0,1;1,9
IJV;NL:Q:46003310;Heerkensmarke;Zwolle;6,2;0,6;5,1;0,6;2,6;0,2
IJV;NL:Q:46003800;Oldeneelallee;Zwolle;0,9;2,4;0,0;0,0;0,0;0,0
IJV;NL:Q:46003850;Oldeneelallee;Zwolle;3,0;2,5;0,0;0,0;0,0;0,0
IJV;NL:Q:46003900;Nieuwe Deventerweg/KWS;Zwolle;1,8;3,7;0,0;0,0;0,0;0,0
IJV;NL:Q:46003950;Nieuwe Deventerweg/KWS;Zwolle;3,9;1,9;0,0;0,0;0,0;0,0
IJV;NL:Q:46004001;Station;Zwolle;345,3;344,1;135,0;148,2;73,3;119,1
IJV;NL:Q:46004002;Station;Zwolle;749,0;168,8;339,4;61,2;157,2;24,2
IJV;NL:Q:46004003;Station;Zwolle;1075,4;185,8;228,1;32,1;143,6;4,7
IJV;NL:Q:46004004;Station;Zwolle;1340,8;229,9;0,0;0,0;0,0;0,0
IJV;NL:Q:46004006;Station;Zwolle;13,6;833,6;10,4;293,7;5,7;144,4
IJV;NL:Q:46004007;Station;Zwolle;0,5;209,7;0,3;17,0;0,3;9,4
IJV;NL:Q:46004008;Station;Zwolle;69,6;339,1;0,0;1,7;0,0;2,8
IJV;NL:Q:46004009;Station;Zwolle;522,4;111,3;103,7;5,6;62,5;4,8
IJV;NL:Q:46004010;Station;Zwolle;421,5;418,6;253,1;233,4;181,0;167,0
IJV;NL:Q:46004011;Station;Zwolle;288,4;199,8;178,4;61,3;113,1;47,8
IJV;NL:Q:46004021;Station;Zwolle;382,5;81,3;186,2;58,7;127,0;35,7
IJV;NL:Q:46004023;Station;Zwolle;524,7;107,8;0,0;0,0;0,0;0,0
IJV;NL:Q:46004025;Station;Zwolle;4,8;937,7;4,4;392,4;2,8;194,5
IJV;NL:Q:46004026;Station;Zwolle;142,4;30,7;0,0;0,0;0,0;0,0
IJV;NL:Q:46004027;Station;Zwolle;244,1;214,9;140,8;104,2;96,6;85,1
IJV;NL:Q:46004030;Station;Zwolle;53,4;15,3;0,0;0,0;0,0;0,0
IJV;NL:Q:46004031;Station;Zwolle;3,3;497,3;0,0;0,0;0,0;0,0
IJV;NL:Q:46004032;Station;Zwolle;27,7;1695,8;0,2;141,5;0,0;73,0
IJV;NL:Q:46004210;Herenweg;Zwolle;60,1;32,7;5,7;16,2;1,9;10,7
IJV;NL:Q:46004500;Trompstraat;Zwolle;26,7;3,4;3,7;0,3;2,4;0,2
IJV;NL:Q:46004530;Stadion;Zwolle;6,8;144,1;2,1;41,2;1,3;17,5
IJV;NL:Q:46004670;Deltion Campus;Zwolle;255,8;420,2;4,7;34,4;2,7;25,2
IJV;NL:Q:46004680;Deltion Campus;Zwolle;1960,0;1771,0;33,5;3,4;15,1;2,9
IJV;NL:Q:46004720;Hanzelanden Oost;Zwolle;61,4;4,3;23,6;1,9;26,6;1,0
IJV;NL:Q:46004721;Hanzelanden Oost;Zwolle;5,9;8,1;4,8;2,0;3,3;1,2
IJV;NL:Q:46004760;Assendorperdijk;Zwolle;0,0;0,0;0,0;0,0;0,0;0,0
IJV;NL:Q:46004790;Nieuwe Deventerweg;Zwolle;1,2;21,9;1,9;15,4;0,6;10,9
IJV;NL:Q:46005335;Klooienberglaan;Zwolle;24,4;5,3;14,9;2,2;7,4;1,3
IJV;NL:Q:46005410;Frans Halsstraat;Zwolle;4,1;18,7;3,9;10,2;1,0;5,0
IJV;NL:Q:46005420;Frans Halsstraat;Zwolle;20,7;4,4;14,2;2,5;5,5;0,4
IJV;NL:Q:46005550;Pergolesisstraat;Zwolle;14,3;1,3;8,2;0,7;3,4;0,6
IJV;NL:Q:46005570;Buxtehudestraat;Zwolle;9,2;0,8;6,5;0,4;3,4;0,5
IJV;NL:Q:46005590;Bellinistraat;Zwolle;26,2;2,7;24,5;1,2;10,7;1,0
IJV;NL:Q:46005625;Klooienberglaan;Zwolle;5,1;21,1;2,3;15,4;1,7;11,0
IJV;NL:Q:46005810;Morra;Zwolle;3,1;7,6;1,8;5,7;0,7;3,9
IJV;NL:Q:46005850;Bachlaan;Zwolle;7,7;30,0;2,9;20,3;1,6;9,3
IJV;NL:Q:46005860;Bachlaan;Zwolle;37,5;5,8;21,7;2,8;11,0;1,5
IJV;NL:Q:46005870;Oosterdiep;Zwolle;5,9;6,3;4,8;8,3;2,6;3,7
IJV;NL:Q:46005890;Welle;Zwolle;3,6;4,9;2,3;5,2;1,1;1,8
IJV;NL:Q:46005910;Hunzelaan;Zwolle;2,5;2,5;1,2;2,0;0,9;1,2
IJV;NL:Q:46005920;Hunzelaan;Zwolle;3,5;1,4;2,8;0,8;1,1;0,4
IJV;NL:Q:46005990;Zijpe;Zwolle;4,4;8,3;2,6;4,9;1,7;3,1
IJV;NL:Q:46006030;Dahliastraat;Zwolle;113,1;4,1;0,0;0,0;0,0;0,0
IJV;NL:Q:46006110;Hortensiastraat;Zwolle;3,6;1,6;0,0;0,0;0,0;0,0
IJV;NL:Q:46006130;Molenweg;Zwolle;17,4;212,6;0,0;0,0;0,0;0,0
IJV;NL:Q:46006255;Isala ziekenhuis;Zwolle;101,4;210,6;14,9;71,0;9,9;34,9
IJV;NL:Q:46006400;Campus;Zwolle;31,4;22,1;0,0;0,0;0,0;0,0
IJV;NL:Q:46006530;Burgemeester Roelenweg;Zwolle;29,8;123,6;5,9;5,7;2,4;2,5
IJV;NL:Q:46006540;Burgemeester Roelenweg;Zwolle;92,1;49,7;6,2;7,1;2,7;5,3
IJV;NL:Q:46006600;Blaloweg/Rieteweg;Zwolle;8,0;26,2;0,7;2,3;0,9;3,3
IJV;NL:Q:46006650;Blaloweg/Rieteweg;Zwolle;21,0;13,0;1,5;1,2;1,9;1,4
IJV;NL:Q:46006820;Wkc De Dobbe/Rijnlaan;Zwolle;5,2;41,1;3,8;27,4;1,9;19,0
IJV;NL:Q:46006830;Wkc De Dobbe/Rijnlaan;Zwolle;33,4;5,9;20,5;3,4;13,9;1,0
IJV;NL:Q:46006840;De Zoom;Zwolle;27,4;19,0;9,7;8,6;6,4;5,7
IJV;NL:Q:46006850;De Zoom;Zwolle;12,5;26,4;4,0;11,4;2,3;5,0
IJV;NL:Q:46007000;Vrolijkheid;Zwolle;33,0;46,2;7,4;6,0;4,3;3,1
IJV;NL:Q:46007010;Vrolijkheid;Zwolle;28,6;22,7;4,0;5,1;2,0;1,9
IJV;NL:Q:46007020;Meppelerstraatweg;Zwolle;44,1;41,5;23,5;13,6;14,7;5,9
IJV;NL:Q:46007030;Meppelerstraatweg;Zwolle;35,7;51,1;18,6;21,4;9,6;12,3
IJV;NL:Q:46008050;Wkc Zuid/Democratenlaan;Zwolle;4,2;19,0;3,5;12,9;0,5;5,6
IJV;NL:Q:46008080;Wkc Zuid/Democratenlaan;Zwolle;20,5;4,0;16,0;2,7;8,4;0,8
IJV;NL:Q:46008110;Esdoornstraat;Zwolle;290,2;6,4;14,3;1,3;5,4;0,8
IJV;NL:Q:46008120;Esdoornstraat;Zwolle;9,1;283,6;2,2;11,4;0,6;3,8
IJV;NL:Q:46008130;Gombertstraat;Zwolle;3,4;24,8;2,3;15,7;0,5;6,5
IJV;NL:Q:46008140;Buxtehudestraat;Zwolle;0,4;5,9;0,5;4,8;0,1;2,1
IJV;NL:Q:46008150;Bellinistraat;Zwolle;3,7;18,7;2,3;18,6;1,7;7,3
IJV;NL:Q:46008160;Gombertstraat;Zwolle;22,5;3,0;16,9;1,2;7,8;0,3
IJV;NL:Q:46008180;Bachplein;Zwolle;46,8;283,6;22,7;91,6;13,1;60,3
IJV;NL:Q:46008190;Pergolesisstraat;Zwolle;1,3;17,6;1,0;9,1;0,3;3,0
IJV;NL:Q:46008220;Bachplein;Zwolle;291,0;39,9;102,4;18,9;53,6;10,9
IJV;NL:Q:46008240;Welle;Zwolle;6,5;1,9;6,9;1,2;1,7;0,6
IJV;NL:Q:46008250;Oosterdiep;Zwolle;10,1;4,2;10,0;2,5;3,8;1,7
IJV;NL:Q:46008260;Morra;Zwolle;7,8;1,1;5,8;0,7;2,1;0,1
IJV;NL:Q:46008270;Zijpe;Zwolle;10,5;3,2;7,5;2,6;3,2;1,0
IJV;NL:Q:46008290;Maaslaan;Zwolle;2,6;0,7;2,4;0,2;0,8;0,3
IJV;NL:Q:46008300;Volterbeek;Zwolle;16,2;2,9;15,0;2,2;6,1;0,6
IJV;NL:Q:46008320;Elsbeek;Zwolle;8,0;1,2;15,6;1,5;3,3;0,5
IJV;NL:Q:46008330;Volkerak;Zwolle;3,5;0,3;2,1;0,4;1,6;0,1
IJV;NL:Q:46008360;Wkc De Dobbe;Zwolle;43,4;7,4;30,0;4,7;13,1;1,3
IJV;NL:Q:46008380;Provinciehuis;Zwolle;5,6;20,6;0,6;2,0;0,3;1,8
IJV;NL:Q:46008390;Trompstraat;Zwolle;2,9;45,2;0,7;12,9;0,9;10,4
IJV;NL:Q:46008410;Hogenkampsweg;Zwolle;56,4;8,7;53,3;5,7;23,6;2,2
IJV;NL:Q:46008440;Wkc Zuid/Patriottenlaan;Zwolle;44,1;24,3;27,3;14,5;13,8;5,7
IJV;NL:Q:46008450;Wkc Zuid/Patriottenlaan;Zwolle;20,1;49,7;14,4;29,3;5,9;16,6
IJV;NL:Q:46008460;Hogenkampsweg;Zwolle;9,6;48,2;5,6;44,6;2,7;25,1
IJV;NL:Q:46008580;Stadion;Zwolle;336,3;281,8;12,7;0,2;5,0;0,4
IJV;NL:Q:46010010;Rechterland;Zwolle;0,5;1,6;0,0;0,0;0,0;0,0
IJV;NL:Q:46010030;Zwembad/Landstede;Zwolle;7,5;15,4;0,0;0,0;0,0;0,0
IJV;NL:Q:46010040;Zwembad/Landstede;Zwolle;13,0;12,7;0,0;0,0;0,0;0,0
IJV;NL:Q:46040010;Kasteel Rechteren;Rechteren;0,1;0,1;0,0;0,0;0,0;0,0
IJV;NL:Q:46040020;Kasteel Rechteren;Rechteren;0,1;0,2;0,0;0,0;0,0;0,0
IJV;NL:Q:46050010;Cafe Restaurant Madrid;Hessum;1,9;6,0;0,0;0,0;0,0;0,0
IJV;NL:Q:46050020;Cafe Restaurant Madrid;Hessum;4,3;1,0;0,0;0,0;0,0;0,0
IJV;NL:Q:46050030;Huize Vilsteren;Vilsteren;0,5;6,0;0,0;0,0;0,0;0,0
IJV;NL:Q:46050040;Huize Vilsteren;Vilsteren;5,9;0,3;0,0;0,0;0,0;0,0
IJV;NL:Q:46050130;Camping Laarbrug;Vilsteren;0,1;0,3;0,0;0,0;0,0;0,0
IJV;NL:Q:46050140;Camping Laarbrug;Vilsteren;0,3;0,1;0,0;0,0;0,0;0,0
IJV;NL:Q:46060030;Camping Nieuwe Brug;Nieuwe Brug;0,1;0,4;0,0;0,0;0,0;0,0
IJV;NL:Q:46060040;Camping Nieuwe Brug;Nieuwe Brug;0,3;0,1;0,0;0,0;0,0;0,0
IJV;NL:Q:46100000;Frankhuizerallee;Zwolle;27,6;3,6;17,2;0,8;7,6;0,5
IJV;NL:Q:46100010;Frankhuizerallee;Zwolle;2,9;29,3;0,6;18,1;0,5;10,2
IJV;NL:Q:46100020;Twistvlietbrug;Zwolle;23,8;2,0;16,5;1,5;9,1;0,4
IJV;NL:Q:46100030;Twistvlietbrug;Zwolle;1,9;24,7;1,7;19,7;0,9;9,6
IJV;NL:Q:46100040;Katerdijk;Zwolle;123,3;30,9;5,2;3,1;4,2;2,8
IJV;NL:Q:46100050;Katerdijk;Zwolle;19,8;175,6;2,2;4,2;2,4;3,5
IJV;NL:Q:46100060;Belvederelaan;Zwolle;52,7;8,9;24,2;1,2;10,9;0,6
IJV;NL:Q:46100070;Belvederelaan;Zwolle;6,5;77,7;0,7;28,3;0,2;14,0
IJV;NL:Q:46100080;Wkc Stadshagen;Zwolle;41,7;3,4;31,7;2,1;14,3;0,7
IJV;NL:Q:46100090;Wkc Stadshagen;Zwolle;5,6;55,1;2,9;42,7;1,2;19,5
IJV;NL:Q:46100135;Station Stadshagen;Zwolle;132,6;11,2;0,0;1,0;0,0;0,5
IJV;NL:Q:46100145;Station Stadshagen;Zwolle;25,7;53,9;12,2;10,7;6,8;5,7
IJV;NL:Q:46100150;Havezathentunnel;Zwolle;11,8;17,9;6,8;2,3;3,4;1,8
IJV;NL:Q:46100160;Havezathentunnel;Zwolle;8,1;9,0;2,5;8,3;1,0;4,6
IJV;NL:Q:46100170;Nijenhuislaan;Zwolle;20,8;3,7;17,8;1,9;8,8;1,4
IJV;NL:Q:46100180;Nijenhuislaan;Zwolle;1,4;18,1;1,2;14,3;0,9;8,0
IJV;NL:Q:46100230;Bonkenhavestraat;Zwolle;12,6;2,0;0,1;0,0;0,1;0,0
IJV;NL:Q:46100240;Bonkenhavestraat;Zwolle;2,2;9,9;0,0;0,1;0,1;0,0
IJV;NL:Q:46100320;Breecamp;Zwolle;25,4;5,2;9,9;1,7;6,2;1,2
IJV;NL:Q:46100330;Breecamp;Zwolle;4,2;27,5;2,2;11,2;0,5;6,7
IJV;NL:Q:46104001;Het Engelse Werk;Zwolle;7,5;7,3;6,7;4,4;4,6;3,3
IJV;NL:Q:46104002;Het Engelse Werk;Zwolle;7,7;7,9;5,1;6,9;3,5;4,6
IJV;NL:Q:46104003;Oranje Nassaulaan;Zwolle;7,4;82,5;3,9;2,3;2,6;1,1
IJV;NL:Q:46104004;Oranje Nassaulaan;Zwolle;33,1;7,5;1,9;3,7;1,0;2,3
IJV;NL:Q:46104005;Koningin Wilhelminastraat;Zwolle;81,8;34,7;12,0;20,7;8,3;5,9
IJV;NL:Q:46104006;Koningin Wilhelminastraat;Zwolle;42,5;13,5;18,7;2,3;10,8;1,9
IJV;NL:Q:46104021;Katwolderplein/Centrum;Zwolle;759,9;346,0;430,3;111,8;210,3;83,4
IJV;NL:Q:46104022;Katwolderplein/Centrum;Zwolle;797,5;763,5;180,6;477,1;116,7;202,6
IJV;NL:Q:46104027;Voorsterpoort;Zwolle;18,9;10,9;0,0;0,0;0,0;0,0
IJV;NL:Q:46104028;Voorsterpoort;Zwolle;7,7;33,0;0,0;0,0;0,0;0,0
IJV;NL:Q:46104030;Waallaan;Zwolle;15,2;6,7;11,8;3,2;9,1;1,8
IJV;NL:Q:46104031;Griegstraat;Zwolle;1,9;18,0;0,5;14,4;0,2;6,8
IJV;NL:Q:46104033;Waallaan;Zwolle;6,3;15,9;3,0;12,4;3,3;11,0
IJV;NL:Q:46104040;Griegstraat;Zwolle;19,4;3,5;15,9;0,8;7,2;0,4
IJV;NL:Q:46110010;Kuyerhuislaan;Zwolle;1,6;0,4;0,0;0,0;0,0;0,0
IJV;NL:Q:46110100;Kroesenallee;Wijthmen;0,3;0,8;0,0;0,0;0,0;0,0
IJV;NL:Q:46110150;Kroesenallee;Wijthmen;0,8;0,3;0,0;0,0;0,0;0,0
IJV;NL:Q:46110310;Mindenstraat;Zwolle;7,2;15,8;0,0;0,4;0,0;0,0
IJV;NL:Q:46110330;Mindenstraat;Zwolle;5,8;1,9;0,2;0,1;0,0;0,0
IJV;NL:Q:46110350;Westfalenstraat;Zwolle;42,6;14,3;0,1;1,0;0,0;0,0
IJV;NL:Q:46110360;Westfalenstraat;Zwolle;63,6;1,8;0,9;0,0;0,0;0,0
IJV;NL:Q:46110400;De Marslanden;Wijthmen;1,9;5,3;0,0;0,0;0,0;0,0
IJV;NL:Q:46110750;School De Ambelt;Herfte;0,9;0,8;0,0;0,0;0,0;0,0
IJV;NL:Q:46112650;De Marslanden;Wijthmen;3,7;2,9;0,0;0,0;0,0;0,0
IJV;NL:Q:46120010;Havezatheweg;Genne;0,0;0,0;0,0;0,0;0,0;0,0
IJV;NL:Q:46120020;Havezatheweg;Genne;0,0;0,0;0,0;0,0;0,0;0,0
IJV;NL:Q:46120050;Bedrijvenpark Hessenpoort;Zwolle;39,2;4,0;0,6;0,7;0,0;0,0
IJV;NL:Q:46120060;Bedrijvenpark Hessenpoort;Zwolle;4,9;41,0;0,5;0,7;0,0;0,0
IJV;NL:Q:46120090;Bergkloosterweg;Zwolle;4,6;8,5;2,4;7,1;1,1;4,0
IJV;NL:Q:46120100;Bentheimstraat;Zwolle;47,5;7,1;40,9;2,2;24,8;1,3
IJV;NL:Q:46120110;Bentheimstraat;Zwolle;7,7;54,8;4,2;42,8;2,3;25,8
IJV;NL:Q:46120120;Vechtbrug;Zwolle;3,7;3,8;2,2;0,2;1,0;0,1
IJV;NL:Q:46120130;Vechtbrug;Zwolle;3,8;3,5;0,2;1,9;0,2;0,9
IJV;NL:Q:46120140;Bergkloosterweg;Zwolle;8,0;4,3;8,2;1,5;5,1;0,8
IJV;NL:Q:46120160;Campherbeeklaan;Zwolle;11,0;4,3;5,6;1,1;3,2;0,3
IJV;NL:Q:46120200;Campherbeeklaan;Zwolle;3,3;10,0;1,0;5,6;0,8;3,2
IJV;NL:Q:46120210;Pommerenstraat;Zwolle;4,6;4,8;0,0;0,0;0,0;0,0
IJV;NL:Q:46120230;Paderbornstraat;Zwolle;5,5;5,7;0,0;0,0;0,0;0,0
IJV;NL:Q:46120240;Ravensburgstraat;Zwolle;2,3;1,5;0,0;0,0;0,0;0,0
IJV;NL:Q:46120290;Siegenstraat;Zwolle;7,7;11,1;0,6;0,8;0,0;0,0
IJV;NL:Q:46120300;Siegenstraat;Zwolle;8,2;1,4;1,4;0,6;0,0;0,0
IJV;NL:Q:46120410;Vechtbrug;Zwolle;5,7;1,6;0,0;0,0;0,0;0,0
IJV;NL:Q:46120430;Vechterstrand;Genne;0,0;0,0;0,0;0,0;0,0;0,0
IJV;NL:Q:46120440;Vechterstrand;Genne;0,0;0,0;0,0;0,0;0,0;0,0
IJV;NL:Q:46120450;Doornweg/Vechtdijk;Genne;0,0;0,0;0,0;0,0;0,0;0,0
IJV;NL:Q:46120470;Vijfhoekweg;Genne;0,0;0,0;0,0;0,0;0,0;0,0
IJV;NL:Q:46120480;Vijfhoekweg;Genne;0,0;0,0;0,0;0,0;0,0;0,0
IJV;NL:Q:46120490;Dashorstweg;Genne;0,0;0,0;0,0;0,0;0,0;0,0
IJV;NL:Q:46120500;Dashorstweg;Genne;0,0;0,0;0,0;0,0;0,0;0,0
IJV;NL:Q:46120510;Klinkerweg;Genne;0,0;0,0;0,0;0,0;0,0;0,0
IJV;NL:Q:46120520;Klinkerweg;Genne;0,0;0,0;0,0;0,0;0,0;0,0
IJV;NL:Q:46120530;Glinthuisweg;Genne;0,1;0,0;0,0;0,0;0,0;0,0
IJV;NL:Q:46120540;Glinthuisweg;Genne;0,0;0,1;0,0;0,0;0,0;0,0
IJV;NL:Q:46120560;Verkavelingsweg;Genne;0,1;0,0;0,0;0,0;0,0;0,0
IJV;NL:Q:46120730;Verkavelingsweg;Genne;0,0;0,1;0,0;0,0;0,0;0,0
IJV;NL:Q:46124590;Hazelaarlaan;Zwolle;0,6;8,3;1,7;3,9;1,6;2,0
IJV;NL:Q:46124600;Hazelaarlaan;Zwolle;6,7;0,2;2,1;0,2;1,1;0,0
IJV;NL:Q:46124610;Wkc Berkum;Zwolle;0,3;8,4;0,1;6,5;0,1;4,9
IJV;NL:Q:46124620;Wkc Berkum;Zwolle;6,6;0,4;2,9;1,2;2,4;1,1
IJV;NL:Q:46124710;Erasmuslaan;Zwolle;10,6;0,2;0,0;0,0;0,0;0,0
IJV;NL:Q:46124720;Erasmuslaan;Zwolle;0,2;9,0;0,0;0,1;0,0;0,0
IJV;NL:Q:46160110;Het Laar;Ommen;0,1;0,1;0,0;0,0;0,0;0,0
IJV;NL:Q:46160120;Het Laar;Ommen;0,1;0,3;0,0;0,0;0,0;0,0
IJV;NL:Q:46161010;Haarsweg;Ommen;1,0;1,3;0,0;0,0;0,0;0,0
IJV;NL:Q:46161030;Alteveer;Ommen;0,6;0,1;0,0;0,0;0,0;0,0
IJV;NL:Q:46200010;Gorterstraat;Zwolle;0,7;8,9;0,2;0,2;0,1;0,2
IJV;NL:Q:46200020;Martinetstraat;Zwolle;2,7;1,7;0,2;0,0;0,0;0,0
IJV;NL:Q:46200030;Koelmansstraat;Lenthe;0,5;0,2;0,0;0,0;0,0;0,0
IJV;NL:Q:46200040;Boormolen;Zwolle;9,6;6,0;0,4;0,6;0,3;0,4
IJV;NL:Q:46200050;Jonkman;Heino;3,6;1,9;0,0;0,0;0,0;0,0
IJV;NL:Q:46200070;Hagenweg;Lenthe;0,2;0,1;0,0;0,0;0,0;0,0
IJV;NL:Q:46200080;Hagenweg;Lenthe;0,1;0,2;0,0;0,0;0,0;0,0
IJV;NL:Q:46200100;De Gunne;Lenthe;0,0;0,0;0,0;0,0;0,0;0,0
IJV;NL:Q:46200110;De Gunne;Lenthe;0,0;0,0;0,0;0,0;0,0;0,0
IJV;NL:Q:46200120;De Jong;Lenthe;0,0;0,0;0,0;0,0;0,0;0,0
IJV;NL:Q:46200130;De Jong;Lenthe;0,0;0,0;0,0;0,0;0,0;0,0
IJV;NL:Q:46200400;Koelmansstraat;Lenthe;0,2;0,7;0,0;0,0;0,0;0,0
IJV;NL:Q:46204001;Sportlaan;Zwolle;4,1;1,9;0,1;0,0;0,0;0,0
IJV;NL:Q:46204010;Molenhoek;Hoonhorst;0,2;0,1;0,0;0,0;0,0;0,0
IJV;NL:Q:46210020;Marsweg;Hoonhorst;0,1;0,2;0,0;0,0;0,0;0,0
IJV;NL:Q:46210030;Marsweg;Hoonhorst;0,0;0,0;0,0;0,0;0,0;0,0
IJV;NL:Q:46210060;Klapvoortweg;Hoonhorst;0,0;0,2;0,0;0,0;0,0;0,0
IJV;NL:Q:46210070;Klapvoortweg;Hoonhorst;0,2;0,1;0,0;0,0;0,0;0,0
IJV;NL:Q:46210080;Oudeweg;Emmen;0,1;0,2;0,0;0,0;0,0;0,0
IJV;NL:Q:46210090;Oudeweg;Emmen;0,1;0,0;0,0;0,0;0,0;0,0
IJV;NL:Q:46210110;Emmerweg;Emmen;0,1;0,1;0,0;0,0;0,0;0,0
IJV;NL:Q:46210120;Emmerweg;Emmen;0,1;0,1;0,0;0,0;0,0;0,0
IJV;NL:Q:46210130;Overweg NS;Dalfsen;0,0;0,2;0,0;0,0;0,0;0,0
IJV;NL:Q:46210140;Centrum;Hoonhorst;0,5;0,6;0,0;0,0;0,0;0,0
IJV;NL:Q:46210150;Centrum;Hoonhorst;0,6;0,6;0,0;0,0;0,0;0,0
IJV;NL:Q:46211001;De Markte;Zwolle;0,5;0,5;0,0;0,1;0,0;0,0
IJV;NL:Q:46211002;De Markte;Zwolle;0,1;0,7;0,1;0,1;0,0;0,0
IJV;NL:Q:46214000;Molenhoek;Hoonhorst;0,1;0,1;0,0;0,0;0,0;0,0
IJV;NL:Q:46250050;Tolhuisweg;Witharen;0,0;0,0;0,0;0,0;0,0;0,0
IJV;NL:Q:46250070;De Haar;Witharen;0,0;0,0;0,0;0,0;0,0;0,0
IJV;NL:Q:46250130;Emslandweg;Ommen;0,0;0,0;0,0;0,0;0,0;0,0
IJV;NL:Q:46291001;Broekdijk;Brucht;0,0;0,3;0,0;0,5;0,0;0,0
IJV;NL:Q:46291002;Broekdijk;Brucht;0,0;0,0;0,1;0,0;0,0;0,0
IJV;NL:Q:46300050;'t Reelaer;Heino;0,1;0,0;0,0;0,0;0,0;0,0
IJV;NL:Q:46300110;School;Lierderholthuis;0,5;0,2;0,0;0,0;0,0;0,0
IJV;NL:Q:46300120;School;Lierderholthuis;0,3;0,5;0,0;0,0;0,0;0,0
IJV;NL:Q:46300130;Brug;Lierderholthuis;0,8;0,0;0,0;0,0;0,0;0,0
IJV;NL:Q:46300140;Brug;Lierderholthuis;0,1;0,9;0,0;0,0;0,0;0,0
IJV;NL:Q:46300150;Kappert;Lierderholthuis;0,3;0,1;0,0;0,0;0,0;0,0
IJV;NL:Q:46300160;Kappert;Lierderholthuis;0,1;0,3;0,0;0,0;0,0;0,0
IJV;NL:Q:46300180;Kastanje;Heino;0,1;0,5;0,0;0,0;0,0;0,0
IJV;NL:Q:46300200;Wolfkamp;Heino;0,1;0,2;0,0;0,0;0,0;0,0
IJV;NL:Q:46300210;Station;Heino;7,0;7,3;0,0;0,0;0,0;0,0
IJV;NL:Q:46300230;Kiezebos;Heino;1,9;0,2;0,0;0,0;0,0;0,0
IJV;NL:Q:46300240;Kiezebos;Heino;0,2;2,0;0,0;0,0;0,0;0,0
IJV;NL:Q:46300250;Wolfkamp;Heino;0,3;0,1;0,0;0,0;0,0;0,0
IJV;NL:Q:46300270;Het Sterrenrijk;Heino;1,2;0,9;0,0;0,0;0,0;0,0
IJV;NL:Q:46300280;Het Sterrenrijk;Heino;0,9;1,4;0,0;0,0;0,0;0,0
IJV;NL:Q:46300300;Klaproos;Heino;0,2;1,1;0,0;0,0;0,0;0,0
IJV;NL:Q:46300350;Klaproos;Heino;0,7;0,2;0,0;0,0;0,0;0,0
IJV;NL:Q:46300390;Marktplein;Heino;2,9;4,7;0,0;0,0;0,0;0,0
IJV;NL:Q:46300400;Marktplein;Heino;2,3;4,1;0,0;0,0;0,0;0,0
IJV;NL:Q:46300450;Marktplein;Heino;4,6;1,9;0,0;0,0;0,0;0,0
IJV;NL:Q:46300500;Van der Capellenweg;Heino;0,6;2,0;0,0;0,0;0,0;0,0
IJV;NL:Q:46300550;Van der Capellenweg;Heino;2,1;0,6;0,0;0,0;0,0;0,0
IJV;NL:Q:46300600;Jonkman;Heino;1,5;2,6;0,0;0,0;0,0;0,0
IJV;NL:Q:46301050;Prunus;Heino;0,0;0,0;0,0;0,0;0,0;0,0
IJV;NL:Q:46301120;Industrieweg;Hasselt;8,6;7,2;5,6;1,7;2,8;0,8
IJV;NL:Q:46302010;Zandvoortweg;Hasselt;0,1;0,1;0,0;0,0;0,0;0,0
IJV;NL:Q:46302030;De Baak;Hasselt;0,1;1,1;0,0;0,0;0,0;0,0
IJV;NL:Q:46302040;De Baak;Hasselt;1,6;0,2;0,0;0,0;0,0;0,0
IJV;NL:Q:46302050;Kerspel;Hasselt;0,2;1,4;0,0;0,0;0,0;0,0
IJV;NL:Q:46302060;Kerspel;Hasselt;1,8;0,2;0,0;0,0;0,0;0,0
IJV;NL:Q:46302070;Sportvelden;Hasselt;2,1;0,3;0,0;0,0;0,0;0,0
IJV;NL:Q:46302080;Sportvelden;Hasselt;1,0;0,1;0,0;0,0;0,0;0,0
IJV;NL:Q:46302090;Stadsweg;Hasselt;0,9;9,1;0,2;5,6;0,1;2,3
IJV;NL:Q:46302100;Stadsweg;Hasselt;4,0;0,8;2,4;0,3;1,1;0,2
IJV;NL:Q:46302110;Industrieweg;Hasselt;3,9;8,9;0,5;4,8;0,2;2,5
IJV;NL:Q:46302130;Ter Wee;Hasselt;0,0;0,0;0,0;0,0;0,0;0,0
IJV;NL:Q:46302140;Matenweg;Hasselt;0,1;0,4;0,0;0,0;0,0;0,0
IJV;NL:Q:46302150;Hasselterpand;Hasselt;0,0;0,1;0,0;0,0;0,0;0,0
IJV;NL:Q:46302160;Hasselterpand;Hasselt;0,0;0,1;0,0;0,0;0,0;0,0
IJV;NL:Q:46302170;Matenweg;Hasselt;0,0;0,1;0,0;0,0;0,0;0,0
IJV;NL:Q:46310100;Overweg NS;Dalfsen;0,0;0,1;0,0;0,0;0,0;0,0
IJV;NL:Q:46310150;Gemeentehuis;Dalfsen;8,0;3,6;1,6;1,0;0,0;0,0
IJV;NL:Q:46310300;Gemeentehuis;Dalfsen;4,5;1,8;1,1;0,3;0,0;0,0
IJV;NL:Q:46310350;Pleijendal;Dalfsen;1,0;0,1;0,0;0,0;0,0;0,0
IJV;NL:Q:46310450;De Trefkoele;Dalfsen;2,1;1,1;0,0;0,0;0,0;0,0
IJV;NL:Q:46310500;Pleijendal;Dalfsen;0,2;0,9;0,0;0,0;0,0;0,0
IJV;NL:Q:46310600;De Trefkoele;Dalfsen;0,4;1,2;0,0;0,0;0,0;0,0
IJV;NL:Q:46310610;De Trefkoele;Dalfsen;2,7;2,3;0,5;0,8;0,0;0,0
IJV;NL:Q:46310620;De Trefkoele;Dalfsen;1,3;3,8;0,5;0,1;0,0;0,0
IJV;NL:Q:46310750;Bontekamp;Dalfsen;3,3;0,6;0,0;0,0;0,0;0,0
IJV;NL:Q:46310900;Bontekamp;Dalfsen;0,9;2,0;0,0;0,0;0,0;0,0
IJV;NL:Q:46311005;Station;Dalfsen;52,6;52,3;5,1;6,6;0,0;0,0
IJV;NL:Q:46311010;Foreco;Dalfsen;0,1;0,0;0,0;0,0;0,0;0,0
IJV;NL:Q:46311011;Foreco;Dalfsen;0,0;0,2;0,0;0,0;0,0;0,0
IJV;NL:Q:46311013;Kortersweg;Dalfsen;0,0;0,0;0,0;0,0;0,0;0,0
IJV;NL:Q:46311014;Kortersweg;Dalfsen;0,0;0,1;0,0;0,0;0,0;0,0
IJV;NL:Q:46311050;Polhaarweg;Dalfsen;0,7;6,8;0,3;1,5;0,0;0,0
IJV;NL:Q:46311100;Polhaarweg;Dalfsen;7,4;0,7;2,2;0,3;0,0;0,0
IJV;NL:Q:46311130;Haersolteweg;Dalfsen;0,5;2,3;0,1;1,0;0,0;0,0
IJV;NL:Q:46311140;Haersolteweg;Dalfsen;2,3;0,5;1,2;0,0;0,0;0,0
IJV;NL:Q:46311155;Huize Gerner;Dalfsen;0,8;1,1;0,8;0,5;0,0;0,0
IJV;NL:Q:46311160;Huize Gerner;Dalfsen;0,5;0,4;0,3;0,5;0,0;0,0
IJV;NL:Q:46311170;Langkamp;Dalfsen;1,2;0,9;0,1;0,2;0,0;0,0
IJV;NL:Q:46311180;Langkamp;Dalfsen;0,9;1,3;0,3;0,1;0,0;0,0
IJV;NL:Q:46311190;WZC Rosengaerde;Dalfsen;3,4;2,2;0,9;0,5;0,0;0,0
IJV;NL:Q:46311200;WZC Rosengaerde;Dalfsen;5,3;9,6;0,3;1,1;0,0;0,0
IJV;NL:Q:46311500;Kievitsbloem;Dalfsen;0,4;3,3;0,2;0,8;0,0;0,0
IJV;NL:Q:46311550;Kievitsbloem;Dalfsen;5,2;0,3;0,9;0,1;0,0;0,0
IJV;NL:Q:46320010;Het Rode Dak;Genne;0,0;0,0;0,0;0,0;0,0;0,0
IJV;NL:Q:46320020;Het Rode Dak;Genne;0,0;0,0;0,0;0,0;0,0;0,0
IJV;NL:Q:46320040;Boerderijweg;Genne;0,0;0,0;0,0;0,0;0,0;0,0
IJV;NL:Q:46320050;Boerderijweg;Genne;0,0;0,0;0,0;0,0;0,0;0,0
IJV;NL:Q:46320060;Zandvoortweg;Hasselt;0,0;0,0;0,0;0,0;0,0;0,0
IJV;NL:Q:46330010;Noorderpark;Nieuwleusen;2,2;1,1;0,6;0,5;0,0;0,0
IJV;NL:Q:46350380;Rijksinst. Veldzicht;Balkbrug;0,0;0,0;0,0;0,0;0,0;0,0
IJV;NL:Q:46390010;De Schakel;Gramsbergen;0,2;0,0;0,0;0,0;0,0;0,0
IJV;NL:Q:46390020;De Schakel;Gramsbergen;0,1;0,4;0,0;0,0;0,0;0,0
IJV;NL:Q:46390030;Loozermars/De Lhee;Gramsbergen;0,1;0,0;0,0;0,0;0,0;0,0
IJV;NL:Q:46390040;Loozermars/De Lhee;Gramsbergen;0,0;0,1;0,0;0,0;0,0;0,0
IJV;NL:Q:46400054;Station;Raalte;77,9;77,5;26,7;27,9;15,0;18,9
IJV;NL:Q:46400055;Station;Raalte;8,5;12,0;0,0;0,0;0,0;0,0
IJV;NL:Q:46400100;Station;Raalte;12,4;15,1;0,8;2,6;0,0;0,0
IJV;NL:Q:46400152;Kruisstraat;Raalte;18,9;15,3;12,3;3,4;5,1;1,7
IJV;NL:Q:46400200;Kruisstraat;Raalte;17,5;11,9;7,1;7,8;5,4;2,5
IJV;NL:Q:46400250;Westdorplaan;Raalte;33,6;5,2;17,9;0,8;11,1;0,6
IJV;NL:Q:46400300;Westdorplaan;Raalte;4,7;36,7;1,1;19,6;0,7;11,7
IJV;NL:Q:46400550;Willem Stoltehof;Raalte;17,3;1,4;7,8;0,3;4,6;0,4
IJV;NL:Q:46400700;Willem Stoltehof;Raalte;1,4;16,5;0,2;7,5;0,2;3,9
IJV;NL:Q:46401150;Pauluskerk;Raalte;26,1;7,8;17,9;2,8;9,9;1,6
IJV;NL:Q:46401250;De Haar;Raalte;3,4;2,3;0,4;0,8;0,0;0,0
IJV;NL:Q:46401350;Langkampweg;Raalte;2,3;0,2;0,5;0,1;0,0;0,0
IJV;NL:Q:46401400;De Hoven;Raalte;5,4;15,6;1,2;9,8;0,7;5,7
IJV;NL:Q:46401470;Carpoolplaats;Raalte;6,3;2,9;0,0;0,0;0,0;0,0
IJV;NL:Q:46401500;Pauluskerk;Raalte;7,5;27,3;2,3;15,9;1,5;8,7
IJV;NL:Q:46401550;Peelsbos;Raalte;0,2;0,1;0,0;0,0;0,0;0,0
IJV;NL:Q:46401600;De Haar;Raalte;2,6;2,1;1,1;0,4;0,0;0,0
IJV;NL:Q:46401700;Langkampweg;Raalte;0,4;2,7;0,1;1,0;0,0;0,0
IJV;NL:Q:46401820;Carpoolplaats;Raalte;1,0;5,4;0,0;0,0;0,0;0,0
IJV;NL:Q:46401900;Peelsbos;Raalte;0,0;0,2;0,0;0,0;0,0;0,0
IJV;NL:Q:46402010;Merel;Raalte;0,1;0,3;0,0;0,0;0,0;0,0
IJV;NL:Q:46402040;Merel;Raalte;0,2;0,2;0,0;0,0;0,0;0,0
IJV;NL:Q:46402050;Dumbarstraat;Raalte;5,2;1,6;0,2;0,3;0,0;0,0
IJV;NL:Q:46402060;Dumbarstraat;Raalte;2,1;4,9;0,6;0,4;0,0;0,0
IJV;NL:Q:46403010;Kloosterziel;De Velde;0,1;0,2;0,0;0,2;0,0;0,1
IJV;NL:Q:46403020;Kloosterziel;De Velde;0,1;0,0;0,2;0,0;0,2;0,0
IJV;NL:Q:46419003;De Stokte;Oudleusen;0,3;0,0;0,1;0,0;0,0;0,0
IJV;NL:Q:46419004;De Stokte;Oudleusen;0,0;0,3;0,0;0,1;0,0;0,0
IJV;NL:Q:46419005;Dennenkamp;Oudleusen;4,1;0,5;1,1;0,1;0,0;0,0
IJV;NL:Q:46419006;Dennenkamp;Oudleusen;0,6;2,2;0,1;0,7;0,0;0,0
IJV;NL:Q:46430150;Doktersbrug;Lemelerveld;0,3;0,0;0,0;0,0;0,0;0,0
IJV;NL:Q:46430250;Dwarsweg;Lemelerveld;0,4;0,0;0,0;0,0;0,0;0,0
IJV;NL:Q:46430300;Doktersbrug;Lemelerveld;0,0;0,4;0,0;0,0;0,0;0,0
IJV;NL:Q:46430350;Klipperstraat;Lemelerveld;5,8;0,0;0,0;0,0;0,0;0,0
IJV;NL:Q:46430400;Dwarsweg;Lemelerveld;0,0;0,1;0,0;0,0;0,0;0,0
IJV;NL:Q:46430450;Posthoornweg;Lemelerveld;7,9;0,1;0,0;0,0;0,0;0,0
IJV;NL:Q:46430460;Posthoornweg;Lemelerveld;0,0;2,5;0,0;0,0;0,0;0,0
IJV;NL:Q:46430500;Klipperstraat;Lemelerveld;0,0;5,9;0,0;0,0;0,0;0,0
IJV;NL:Q:46430550;Parallelstraat;Lemelerveld;4,3;0,7;0,0;0,0;0,0;0,0
IJV;NL:Q:46430600;Posthoornweg;Lemelerveld;0,0;4,9;0,0;0,0;0,0;0,0
IJV;NL:Q:46430700;Parallelstraat;Lemelerveld;1,1;2,9;0,0;0,0;0,0;0,0
IJV;NL:Q:46450340;Varkensmarkt;Raalte;5,6;2,3;0,0;0,0;0,0;0,0
IJV;NL:Q:46501010;Kranerweerd;Zwartsluis;1,2;7,5;0,1;2,6;0,2;1,8
IJV;NL:Q:46501020;Kranerweerd;Zwartsluis;5,2;1,3;1,4;0,1;1,0;0,0
IJV;NL:Q:46501030;Nieuwesluis;Zwartsluis;2,4;25,4;0,5;13,3;0,6;8,9
IJV;NL:Q:46501040;Nieuwesluis;Zwartsluis;22,7;1,4;10,3;0,3;5,9;0,3
IJV;NL:Q:46501050;Zomerdijk;Zwartsluis;0,5;0,2;0,1;0,1;0,2;0,1
IJV;NL:Q:46501060;Zomerdijk;Zwartsluis;0,2;0,2;0,1;0,2;0,1;0,0
IJV;NL:Q:46501070;Westeinde - Rotonde;Zwartsluis;1,2;11,0;0,3;2,3;0,2;1,8
IJV;NL:Q:46501080;Westeinde - Rotonde;Zwartsluis;14,1;0,9;5,9;0,5;3,6;0,1
IJV;NL:Q:46511010;De Noorde;Zwartsluis;1,6;1,6;0,6;1,5;0,4;2,0
IJV;NL:Q:46511020;De Noorde;Zwartsluis;1,2;1,8;1,1;0,9;1,8;0,4
IJV;NL:Q:46511030;Zieltje;Zwartsluis;0,0;0,1;0,0;0,1;0,0;0,1
IJV;NL:Q:46511040;Zieltje;Zwartsluis;0,1;0,0;0,1;0,0;0,2;0,0
IJV;NL:Q:46520010;Flevoweg;Sint Jansklooster;13,1;5,2;2,8;1,3;1,7;0,4
IJV;NL:Q:46520020;Flevoweg;Sint Jansklooster;5,2;12,1;1,3;2,3;0,3;1,4
IJV;NL:Q:46520030;Veneweg;Sint Jansklooster;13,7;2,3;3,5;0,8;1,9;0,6
IJV;NL:Q:46520040;Veneweg;Sint Jansklooster;2,7;14,0;0,7;3,6;0,4;1,8
IJV;NL:Q:46522010;Barsbeek;Heetveld;0,6;2,2;0,0;0,5;0,1;0,2
IJV;NL:Q:46522020;Barsbeek;Heetveld;2,5;0,5;0,6;0,0;0,3;0,0
IJV;NL:Q:46522070;Barsbeek 36;Sint Jansklooster;0,4;3,2;0,2;0,5;0,1;0,2
IJV;NL:Q:46522080;Barsbeek 36;Sint Jansklooster;2,3;0,4;0,2;0,1;0,1;0,1
IJV;NL:Q:46522090;Kadoelen;Kadoelen;0,8;0,7;0,0;0,2;0,0;0,1
IJV;NL:Q:46522100;Kadoelen;Kadoelen;1,6;0,6;0,2;0,0;0,4;0,0
IJV;NL:Q:46522110;Dennenbos;Sint Jansklooster;0,0;0,6;0,0;0,0;0,0;0,0
IJV;NL:Q:46522120;Dennenbos;Sint Jansklooster;0,5;0,0;0,0;0,0;0,0;0,0
IJV;NL:Q:46522130;Oldenhof Kadoelerweg;Sint Jansklooster;0,0;0,2;0,0;0,0;0,0;0,0
IJV;NL:Q:46522140;Oldenhof Kadoelerweg;Sint Jansklooster;0,2;0,1;0,0;0,0;0,0;0,0
IJV;NL:Q:46522150;Halleweg;Sint Jansklooster;0,0;0,2;0,0;0,0;0,0;0,0
IJV;NL:Q:46522160;Halleweg;Sint Jansklooster;0,2;0,0;0,0;0,0;0,0;0,0
IJV;NL:Q:46522170;Zuurbeek;Sint Jansklooster;0,1;0,1;0,0;0,0;0,0;0,0
IJV;NL:Q:46522180;Zuurbeek;Sint Jansklooster;0,1;0,0;0,0;0,0;0,0;0,0
IJV;NL:Q:46531010;Verlengde Duinweg;Sint Jansklooster;0,3;0,9;0,1;0,5;0,0;0,1
IJV;NL:Q:46531020;Verlengde Duinweg;Sint Jansklooster;0,9;0,5;0,4;0,1;0,1;0,0
IJV;NL:Q:46531030;Weyert;Vollenhove;6,3;11,5;0,4;3,4;0,3;2,1
IJV;NL:Q:46531040;Weyert;Vollenhove;12,8;5,2;3,0;0,6;1,8;0,5
IJV;NL:Q:46531050;Zwembad;Vollenhove;13,0;26,9;5,0;13,5;1,7;5,5
IJV;NL:Q:46531060;Zwembad;Vollenhove;14,6;14,6;8,9;6,2;5,2;2,0
IJV;NL:Q:46540050;Pleegsterhalte;Pleegste;0,6;0,1;0,2;0,0;0,2;0,1
IJV;NL:Q:46540100;De Heuvel;Pleegste;0,4;2,0;0,4;1,1;0,2;0,9
IJV;NL:Q:46540150;Van Rossum;Pleegste;1,0;0,2;0,8;0,1;1,2;0,1
IJV;NL:Q:46540200;Hoogspanningsgebouw;Pleegste;0,1;0,5;0,0;0,4;0,0;0,2
IJV;NL:Q:46540250;Hoogspanningsgebouw;Pleegste;0,3;0,2;0,3;0,1;0,2;0,1
IJV;NL:Q:46540300;Van Rossum;Pleegste;0,1;1,2;0,2;1,0;0,2;0,4
IJV;NL:Q:46540350;De Heuvel;Pleegste;2,4;0,5;1,7;0,5;0,9;0,2
IJV;NL:Q:46540400;Pleegsterhalte;Pleegste;0,0;0,6;0,0;1,2;0,0;0,1
IJV;NL:Q:46540450;De Hoven;Raalte;14,7;4,7;9,9;1,2;7,2;0,6
IJV;NL:Q:46540500;Broeklanderweg;Wesepe;0,5;3,0;0,0;2,6;0,1;1,4
IJV;NL:Q:46541010;Overtoom;Genemuiden;36,6;19,7;10,7;3,1;0,0;0,0
IJV;NL:Q:46541020;Overtoom;Genemuiden;15,9;30,4;3,7;9,1;0,0;0,0
IJV;NL:Q:46541030;Hervormd Centrum;Genemuiden;17,5;8,1;3,7;2,2;0,0;0,0
IJV;NL:Q:46541040;Hervormd Centrum;Genemuiden;4,4;13,7;1,4;3,3;0,0;0,0
IJV;NL:Q:46541050;De Meente;Genemuiden;9,5;19,6;3,2;5,9;0,0;0,0
IJV;NL:Q:46541060;De Meente;Genemuiden;26,2;15,0;6,2;4,4;0,0;0,0
IJV;NL:Q:46552030;Oude Stoomgemaal;Genemuiden;0,7;0,8;0,1;0,4;0,0;0,0
IJV;NL:Q:46552040;Oude Stoomgemaal;Genemuiden;0,4;0,1;0,1;0,3;0,0;0,0
IJV;NL:Q:46552050;Kamperzeedijk 21;Kamperzeedijk;0,4;2,6;0,3;0,1;0,0;0,0
IJV;NL:Q:46552060;Kamperzeedijk 21;Kamperzeedijk;0,1;0,5;0,1;0,4;0,0;0,0
IJV;NL:Q:46560010;Kamperzeedijk/West;Kamperzeedijk;2,4;0,8;2,3;0,5;0,0;0,0
IJV;NL:Q:46560020;Kamperzeedijk/West;Kamperzeedijk;0,9;0,2;1,6;0,2;0,0;0,0
IJV;NL:Q:46560050;Nieuwe Gemaal;Kamperzeedijk;0,1;0,1;0,0;0,1;0,0;0,0
IJV;NL:Q:46560060;Nieuwe Gemaal;Kamperzeedijk;0,0;0,1;0,1;0,1;0,0;0,0
IJV;NL:Q:46560070;Mandjeswaard;Grafhorst;0,1;0,1;0,0;0,0;0,0;0,0
IJV;NL:Q:46560080;Mandjeswaard;Grafhorst;0,1;0,2;0,0;0,2;0,0;0,0
IJV;NL:Q:46600100;Giethemer Kerkpad;Ommen;0,4;0,2;0,0;0,0;0,0;0,0
IJV;NL:Q:46600150;Giethemer Kerkpad;Ommen;0,1;0,2;0,0;0,0;0,0;0,0
IJV;NL:Q:46602010;Belterweg;Belt Schutsloot;0,6;0,3;0,3;0,2;0,2;0,2
IJV;NL:Q:46602020;Belterweg;Belt Schutsloot;0,2;0,6;0,1;0,2;0,1;0,1
IJV;NL:Q:46610650;Station;Ommen;13,6;19,5;0,0;0,0;0,0;0,0
IJV;NL:Q:46611210;Markt;Ommen;2,5;4,4;0,0;0,0;0,0;0,0
IJV;NL:Q:46611250;Chevalleraustraat;Ommen;3,3;3,6;0,0;0,0;0,0;0,0
IJV;NL:Q:46611400;Chevalleraustraat;Ommen;0,1;0,9;0,0;0,0;0,0;0,0
IJV;NL:Q:46611500;Strangeweg;Ommen;3,2;1,9;0,0;0,0;0,0;0,0
IJV;NL:Q:46613020;Danteweg;Ommen;6,7;6,7;0,0;0,0;0,0;0,0
IJV;NL:Q:46613030;Danteweg;Ommen;1,2;0,8;0,0;0,0;0,0;0,0
IJV;NL:Q:46613050;Centrum;Ommen;2,8;0,9;0,0;0,0;0,0;0,0
IJV;NL:Q:46613060;Centrum;Ommen;0,0;0,0;0,0;0,0;0,0;0,0
IJV;NL:Q:46630110;Strandje;Belt Schutsloot;0,2;0,0;0,1;0,1;0,1;0,1
IJV;NL:Q:46630120;Strandje;Belt Schutsloot;0,0;0,6;0,2;0,3;0,0;0,2
IJV;NL:Q:46630130;Giethoorn Zuid;Giethoorn;3,0;0,9;3,8;0,8;2,3;0,9
IJV;NL:Q:46630140;Giethoorn Zuid;Giethoorn;1,1;2,7;1,7;5,4;1,6;2,7
IJV;NL:Q:46630150;Hollands Venetië;Giethoorn;10,3;3,0;13,4;5,8;10,0;3,6
IJV;NL:Q:46630160;Hollands Venetië;Giethoorn;3,4;9,3;6,8;15,7;6,9;12,2
IJV;NL:Q:46630170;Hervormde Kerk;Wanneperveen;0,0;0,1;0,0;0,0;0,0;0,0
IJV;NL:Q:46630180;Hervormde Kerk;Wanneperveen;0,1;0,0;0,0;0,0;0,0;0,0
IJV;NL:Q:46630190;Veldweg;Wanneperveen;0,0;0,1;0,0;0,0;0,0;0,0
IJV;NL:Q:46630200;Veldweg;Wanneperveen;0,2;0,0;0,0;0,0;0,0;0,0
IJV;NL:Q:46630210;Hotel Belterwiede;Wanneperveen;0,0;0,1;0,0;0,0;0,0;0,0
IJV;NL:Q:46630220;Hotel Belterwiede;Wanneperveen;0,0;0,0;0,0;0,0;0,0;0,0
IJV;NL:Q:46630230;Perceel 252;Wanneperveen;0,0;0,0;0,0;0,0;0,0;0,0
IJV;NL:Q:46630240;Perceel 252;Wanneperveen;0,0;0,0;0,0;0,0;0,0;0,0
IJV;NL:Q:46640050;Boxbergerweg;Wesepe;5,2;1,8;4,1;0,6;1,9;0,3
IJV;NL:Q:46640070;Boxbergerweg;Wesepe;0,1;0,2;0,0;0,0;0,0;0,0
IJV;NL:Q:46640080;Boxbergerweg;Wesepe;0,2;0,1;0,0;0,0;0,0;0,0
IJV;NL:Q:46640100;Velsdijk;Wesepe;4,2;7,2;1,2;6,1;1,1;3,7
IJV;NL:Q:46640250;Velsdijk;Wesepe;6,4;3,9;7,2;1,0;4,3;1,2
IJV;NL:Q:46640300;Boxbergerweg;Wesepe;2,0;6,4;1,5;2,9;0,4;1,7
IJV;NL:Q:46640350;Broeklanderweg;Wesepe;2,8;0,6;2,8;0,1;1,3;0,1
IJV;NL:Q:46640400;Klooster Nieuw Sion;Schalkhaar;0,0;0,1;0,0;0,0;0,0;0,0
IJV;NL:Q:46641030;Groene Kruis;Giethoorn;5,6;1,6;3,1;1,7;3,1;1,2
IJV;NL:Q:46641040;Groene Kruis;Giethoorn;2,2;5,7;2,8;3,0;2,4;2,8
IJV;NL:Q:46650010;Lindehof;Giethoorn;1,7;0,3;0,7;0,5;0,4;0,4
IJV;NL:Q:46650020;Lindehof;Giethoorn;0,3;1,8;0,5;0,9;0,5;0,5
IJV;NL:Q:46650030;Brug;Giethoorn;0,9;0,2;0,2;0,1;0,1;0,1
IJV;NL:Q:46650040;Brug;Giethoorn;0,1;0,8;0,0;0,2;0,1;0,2
IJV;NL:Q:46650050;Perceel 9;Giethoorn;0,1;0,1;0,2;0,1;0,0;0,0
IJV;NL:Q:46650060;Perceel 9;Giethoorn;0,1;0,1;0,0;0,1;0,1;0,0
IJV;NL:Q:46660030;Nieuwedijk;Dinxterveen;0,0;0,1;0,0;0,0;0,0;0,0
IJV;NL:Q:46660040;Nieuwedijk;Dinxterveen;0,0;0,0;0,0;0,0;0,0;0,0
IJV;NL:Q:46660050;Gasthuisdijk;Dinxterveen;0,0;0,3;0,0;0,0;0,0;0,0
IJV;NL:Q:46660060;Gasthuisdijk;Dinxterveen;0,3;0,0;0,0;0,0;0,0;0,0
IJV;NL:Q:46660070;Perceel 44;Dinxterveen;0,0;0,0;0,0;0,0;0,0;0,0
IJV;NL:Q:46660080;Perceel 44;Dinxterveen;0,0;0,0;0,0;0,0;0,0;0,0
IJV;NL:Q:46660090;Urkerpad;Wanneperveen;0,0;0,0;0,0;0,0;0,0;0,0
IJV;NL:Q:46660100;Urkerpad;Wanneperveen;0,0;0,0;0,0;0,0;0,0;0,0
IJV;NL:Q:46660110;Perceel 80;Wanneperveen;0,0;0,0;0,0;0,0;0,0;0,0
IJV;NL:Q:46660130;Wethouder Vosstraat;Wanneperveen;0,1;0,3;0,0;0,0;0,0;0,0
IJV;NL:Q:46660140;Wethouder Vosstraat;Wanneperveen;0,3;0,0;0,0;0,0;0,0;0,0
IJV;NL:Q:46660150;Roege Hoeve;Wanneperveen;0,0;0,0;0,0;0,0;0,0;0,0
IJV;NL:Q:46660160;Roege Hoeve;Wanneperveen;0,0;0,0;0,0;0,0;0,0;0,0
IJV;NL:Q:46660170;'t Haagje;Wanneperveen;0,0;0,7;0,0;0,0;0,0;0,0
IJV;NL:Q:46660180;'t Haagje;Wanneperveen;0,9;0,0;0,0;0,0;0,0;0,0
IJV;NL:Q:46740010;De Wesenberg;Tongeren;0,4;0,1;0,1;0,0;0,0;0,0
IJV;NL:Q:46740020;De Wesenberg;Tongeren;0,0;1,0;0,0;0,2;0,0;0,0
IJV;NL:Q:46740100;Begraafplaats;Schalkhaar;1,4;4,8;0,8;2,8;0,6;2,1
IJV;NL:Q:46740150;Frieswijk;Schalkhaar;0,3;0,1;0,4;0,0;0,3;0,1
IJV;NL:Q:46740160;Crematorium;Schalkhaar;1,1;2,1;1,2;0,6;0,4;0,3
IJV;NL:Q:46740250;Frieswijkerweg;Schalkhaar;0,2;0,2;0,2;0,1;0,1;0,0
IJV;NL:Q:46740260;Crematorium;Schalkhaar;1,9;1,3;0,4;1,2;0,7;0,5
IJV;NL:Q:46740300;Frieswijk;Schalkhaar;0,1;0,3;0,0;0,3;0,0;0,2
IJV;NL:Q:46740350;Klooster Nieuw Sion;Schalkhaar;0,1;0,0;0,0;0,0;0,0;0,0
IJV;NL:Q:46740400;Frieswijkerweg;Schalkhaar;0,2;0,3;0,0;0,6;0,1;0,1
IJV;NL:Q:46776310;Broekland;Broekland;0,3;0,6;0,1;0,9;0,0;0,0
IJV;NL:Q:46776320;Broekland;Broekland;1,5;0,5;1,3;0,2;0,0;0,0
IJV;NL:Q:46780010;Zonnenbergerweg;Wesepe;0,0;0,0;0,0;0,0;0,0;0,0
IJV;NL:Q:46780020;Zonnenbergerweg;Wesepe;0,0;0,1;0,0;0,0;0,0;0,0
IJV;NL:Q:46780030;Kerk;Wesepe;0,3;0,2;0,0;0,0;0,0;0,0
IJV;NL:Q:46780040;Kerk;Wesepe;0,1;0,5;0,0;0,0;0,0;0,0
IJV;NL:Q:46800010;Ittersumallee;Zwolle;2,8;3,3;0,0;0,0;0,0;0,0
IJV;NL:Q:46820110;Colckhof;Laag Zuthem;0,1;0,9;0,0;0,0;0,0;0,0
IJV;NL:Q:46820120;Colckhof;Laag Zuthem;0,7;0,1;0,0;0,0;0,0;0,0
IJV;NL:Q:46840010;Hartkampweg;Raalte;0,2;0,3;0,0;0,0;0,0;0,0
IJV;NL:Q:46840020;Hartkampweg;Raalte;0,3;0,4;0,0;0,0;0,0;0,0
IJV;NL:Q:46840030;Gemeentehuis;Raalte;0,0;0,3;0,0;0,0;0,0;0,0
IJV;NL:Q:46840040;Gemeentehuis;Raalte;0,2;0,1;0,0;0,0;0,0;0,0
IJV;NL:Q:46841001;Ceintuurbaan;Raalte;1,2;1,8;0,0;0,0;0,0;0,0
IJV;NL:Q:46841002;Ceintuurbaan;Raalte;1,4;0,8;0,0;0,0;0,0;0,0
IJV;NL:Q:46870010;Migaweg;Dalmsholte;1,2;0,5;0,0;0,0;0,0;0,0
IJV;NL:Q:46870030;Maanweg;Lemele;0,1;0,2;0,0;0,0;0,0;0,0
IJV;NL:Q:46890030;Evenemententerrein;Lemelerveld;13,5;14,7;0,0;0,0;0,0;0,0
IJV;NL:Q:46890040;Handelsweg;Lemelerveld;2,3;0,8;0,0;0,0;0,0;0,0
IJV;NL:Q:46890050;Handelsweg;Lemelerveld;0,0;0,3;0,0;0,0;0,0;0,0
IJV;NL:Q:46890070;Kroonplein;Lemelerveld;0,8;0,3;0,0;0,0;0,0;0,0
IJV;NL:Q:46970010;Stevenskamp;Heeten;1,6;0,3;0,0;0,0;0,0;0,0
IJV;NL:Q:46970020;Stevenskamp;Heeten;0,1;1,0;0,0;0,0;0,0;0,0
IJV;NL:Q:47130010;Hasselterweg;Zwolle;10,9;22,4;6,5;4,9;3,9;3,5
IJV;NL:Q:47130020;Hasselterweg;Zwolle;7,7;9,2;3,0;5,0;2,2;3,3
IJV;NL:Q:47130030;Zwolseweg;Zwolle;0,5;3,0;0,3;2,3;0,3;0,8
IJV;NL:Q:47130040;Zwolseweg;Zwolle;2,2;0,8;1,6;0,9;0,4;0,5
IJV;NL:Q:47130100;Veecaten;'s-Heerenbroek;0,1;0,1;0,0;0,0;0,0;0,0
IJV;NL:Q:47130150;Veecaten;'s-Heerenbroek;0,0;0,1;0,0;0,0;0,0;0,0
IJV;NL:Q:47130200;Bisschopswetering;'s-Heerenbroek;0,0;0,1;0,0;0,0;0,0;0,0
IJV;NL:Q:47130250;Bisschopswetering;'s-Heerenbroek;0,3;0,1;0,0;0,0;0,0;0,0
IJV;NL:Q:47130300;Schoolsteeg;'s-Heerenbroek;0,0;0,0;0,0;0,0;0,0;0,0
IJV;NL:Q:47130350;Schoolsteeg;'s-Heerenbroek;0,1;0,0;0,0;0,0;0,0;0,0
IJV;NL:Q:47132520;Blaloweg/Hasselterweg;Zwolle;28,9;43,3;2,1;5,5;1,6;3,8
IJV;NL:Q:47132620;Veronicaweg;Zwolle;5,6;12,3;3,8;7,8;2,0;6,3
IJV;NL:Q:47132750;Petuniaplein;Zwolle;19,1;17,7;14,7;14,7;8,8;7,8
IJV;NL:Q:47132800;Tesjeslaan;Zwolle;11,0;8,8;8,4;7,3;3,5;2,6
IJV;NL:Q:47132850;Melissepad;Zwolle;5,3;4,2;3,5;2,7;3,4;2,8
IJV;NL:Q:47132900;Loggerweg;Zwolle;7,4;7,0;0,9;1,3;0,3;0,5
IJV;NL:Q:47132950;Vogelmelkweg;Zwolle;8,7;5,2;6,7;4,3;3,6;2,8
IJV;NL:Q:47133000;Westenholterallee;Zwolle;31,6;15,7;2,1;1,3;0,2;0,1
IJV;NL:Q:47140010;Staatssecretarislaan;Zwolle;2,7;15,6;2,3;8,5;0,9;5,3
IJV;NL:Q:47140020;Staatssecretarislaan;Zwolle;15,9;2,5;9,5;1,2;6,2;0,8
IJV;NL:Q:47140030;Kamerledenlaan;Zwolle;5,1;9,0;5,0;7,5;1,5;4,6
IJV;NL:Q:47140040;Kamerledenlaan;Zwolle;11,7;4,8;11,1;4,1;3,9;1,2
IJV;NL:Q:47140050;Herxen;Wijhe;0,1;0,2;0,0;0,0;0,0;0,0
IJV;NL:Q:47140060;Rommestraat;Zwolle;10,1;11,8;7,4;7,8;5,9;4,8
IJV;NL:Q:47140070;Rommestraat;Zwolle;9,5;11,6;5,5;10,0;3,5;6,5
IJV;NL:Q:47140110;Laag-Zuthem;Laag-Zuthem;1,7;1,4;0,0;0,0;0,0;0,0
IJV;NL:Q:47140150;Herxerenk;Wijhe;0,0;0,2;0,0;0,0;0,0;0,0
IJV;NL:Q:47140160;Brinkweg;Zalk;0,5;0,2;0,0;0,0;0,0;0,0
IJV;NL:Q:47140200;Herxen;Wijhe;0,3;0,1;0,0;0,0;0,0;0,0
IJV;NL:Q:47140250;Brug;Windesheim;0,4;1,0;0,0;0,0;0,0;0,0
IJV;NL:Q:47140300;Herxerenk;Wijhe;0,2;0,1;0,0;0,0;0,0;0,0
IJV;NL:Q:47140350;Zuthemerweg;Windesheim;0,2;0,1;0,0;0,0;0,0;0,0
IJV;NL:Q:47140400;Brug;Windesheim;1,3;0,4;0,0;0,0;0,0;0,0
IJV;NL:Q:47140450;Rommestraat;Zwolle;1,8;2,6;0,0;0,0;0,0;0,0
IJV;NL:Q:47140500;Zuthemerweg;Windesheim;0,1;0,3;0,0;0,0;0,0;0,0
IJV;NL:Q:47140550;IJsselcentraleweg;Zwolle;15,9;10,2;3,7;1,2;1,8;0,6
IJV;NL:Q:47140600;Rommestraat;Zwolle;1,8;1,2;0,0;0,0;0,0;0,0
IJV;NL:Q:47150010;Stationslaan;Hattem;0,3;0,6;0,0;0,0;0,0;0,0
IJV;NL:Q:47150290;IJsselbrug;Hattem;0,6;0,3;0,0;0,0;0,0;0,0
IJV;NL:Q:47150310;Dorpsweg;Hattem;0,1;0,0;0,0;0,0;0,0;0,0
IJV;NL:Q:47150320;De Bongerd;Hattem;0,0;0,6;0,0;0,0;0,0;0,0
IJV;NL:Q:47150900;Vechtstraat;Hattem;0,1;0,5;0,0;0,0;0,0;0,0
IJV;NL:Q:47151001;Centrum;Hattemerbroek;16,2;3,1;9,6;1,4;4,6;0,8
IJV;NL:Q:47151002;Centrum;Hattemerbroek;3,8;16,9;1,6;9,3;1,1;5,5
IJV;NL:Q:47155001;Pompstation;Hattem;8,3;0,9;9,6;1,2;4,7;0,5
IJV;NL:Q:47155003;Zuid;Hattem;38,3;9,2;22,3;4,5;12,8;2,7
IJV;NL:Q:47155004;Zuid;Hattem;10,1;42,5;6,5;26,7;2,7;16,1
IJV;NL:Q:47155005;Centrum;Hattem;50,1;7,5;48,7;6,7;24,5;2,4
IJV;NL:Q:47155006;Centrum;Hattem;9,7;55,1;8,7;46,6;3,8;25,5
IJV;NL:Q:47155007;Noord;Hattem;49,3;8,3;30,0;4,7;19,7;2,4
IJV;NL:Q:47155008;Noord;Hattem;10,5;52,1;8,0;32,4;3,4;21,4
IJV;NL:Q:47155009;IJsselbrug;Hattem;7,7;4,9;1,9;2,3;0,7;1,0
IJV;NL:Q:47155010;IJsselbrug;Hattem;2,8;6,9;1,2;1,4;0,7;0,9
IJV;NL:Q:47155012;IJsselbrug;Hattem;2,3;2,5;1,2;1,1;0,6;0,4
IJV;NL:Q:47155037;Carpoolplaats A50;Hattem;2,5;1,5;0,0;0,0;0,0;0,0
IJV;NL:Q:47155038;Carpoolplaats A50;Hattem;1,5;2,9;0,0;0,0;0,0;0,0
IJV;NL:Q:47210005;Veluwelaan;Wezep;51,8;15,6;23,1;8,4;10,1;2,9
IJV;NL:Q:47210006;Veluwelaan;Wezep;11,9;52,7;7,2;20,9;2,5;12,9
IJV;NL:Q:47210007;W. de Zwijgerkazerne;Wezep;31,3;2,5;23,4;2,0;7,6;0,7
IJV;NL:Q:47210008;W. de Zwijgerkazerne;Wezep;3,6;33,8;3,6;17,8;1,0;8,6
IJV;NL:Q:47210009;A28/IJsselvliedt;Wezep;3,2;0,7;0,0;0,0;0,0;0,0
IJV;NL:Q:47210010;A28/IJsselvliedt;Wezep;0,9;1,1;0,0;0,0;0,0;0,0
IJV;NL:Q:47210011;Begraafplaats;Wezep;0,8;0,1;0,0;0,0;0,0;0,0
IJV;NL:Q:47210012;Begraafplaats;Wezep;0,1;0,4;0,0;0,0;0,0;0,0
IJV;NL:Q:47210013;Meidoornplein;Wezep;2,8;2,8;0,0;0,0;0,0;0,0
IJV;NL:Q:47210014;Meidoornplein;Wezep;3,8;1,3;0,0;0,0;0,0;0,0
IJV;NL:Q:47210015;Station;Wezep;11,6;19,0;2,4;3,4;0,0;0,0
IJV;NL:Q:47210017;A28/Rondweg;Wezep;2,2;0,5;0,0;0,0;0,0;0,0
IJV;NL:Q:47210018;A28/Rondweg;Wezep;0,2;1,2;0,0;0,0;0,0;0,0
IJV;NL:Q:47210019;A28/IJsselvliedt;Wezep;13,9;6,3;8,5;3,0;4,2;1,1
IJV;NL:Q:47210020;A28/IJsselvliedt;Wezep;10,7;14,4;6,5;8,0;3,1;5,1
IJV;NL:Q:47230050;Zwolseweg 56;'s-Heerenbroek;0,0;0,1;0,0;0,0;0,0;0,0
IJV;NL:Q:47230100;Quarles v. Uffordweg;Wilsum;0,1;0,0;0,0;0,0;0,0;0,0
IJV;NL:Q:47230130;Dorpsweg;Wilsum;0,1;0,0;0,0;0,0;0,0;0,0
IJV;NL:Q:47230150;Quarles v. Uffordweg;Wilsum;0,0;0,1;0,0;0,0;0,0;0,0
IJV;NL:Q:47230160;Nieuwstad;Wilsum;0,0;0,0;0,0;0,0;0,0;0,0
IJV;NL:Q:47230170;Nieuwstad;Wilsum;0,0;0,0;0,0;0,0;0,0;0,0
IJV;NL:Q:47230180;Westenbergstraat;Wilsum;0,1;0,2;0,0;0,0;0,0;0,0
IJV;NL:Q:47230190;van Reestraat;Wilsum;0,1;0,1;0,0;0,0;0,0;0,0
IJV;NL:Q:47230200;Wilsumersteeg;Wilsum;0,0;0,0;0,0;0,0;0,0;0,0
IJV;NL:Q:47230250;Wilsumersteeg;Wilsum;0,0;0,2;0,0;0,0;0,0;0,0
IJV;NL:Q:47230300;Zwolseweg 44;IJsselmuiden;0,0;0,1;0,0;0,0;0,0;0,0
IJV;NL:Q:47240050;Overweg NS;Wijhe;0,0;0,0;0,0;0,0;0,0;0,0
IJV;NL:Q:47240100;Oprit Dijk;Wijhe;0,2;0,3;0,0;0,0;0,0;0,0
IJV;NL:Q:47240200;Overweg NS;Wijhe;0,0;0,0;0,0;0,0;0,0;0,0
IJV;NL:Q:47254001;Nachtegaalweg;Wapenveld;43,8;15,9;21,7;8,0;13,0;6,2
IJV;NL:Q:47254003;Molenweg;Wapenveld;36,8;12,2;20,0;8,1;10,0;2,9
IJV;NL:Q:47254004;Molenweg;Wapenveld;13,6;41,7;9,3;22,1;3,7;12,9
IJV;NL:Q:47254005;Parkweg;Wapenveld;8,9;2,0;4,8;1,2;2,9;0,5
IJV;NL:Q:47254006;Parkweg;Wapenveld;2,4;10,5;1,1;6,1;0,6;3,3
IJV;NL:Q:47254007;Ir R.R. v/d Zeelaan;Wapenveld;5,0;2,5;2,0;1,0;1,4;0,2
IJV;NL:Q:47254008;Ir R.R. v/d Zeelaan;Wapenveld;2,2;6,5;0,7;3,6;0,2;1,6
IJV;NL:Q:47255002;Pompstation;Hattem;1,4;10,2;2,2;10,6;0,7;6,2
IJV;NL:Q:47310010;Begraafplaats;Oosterwolde;0,2;0,1;0,0;0,0;0,0;0,0
IJV;NL:Q:47310020;Begraafplaats;Oosterwolde;0,2;0,2;0,0;0,0;0,0;0,0
IJV;NL:Q:47312001;Bongersweg;'t Loo;0,0;3,0;0,0;0,0;0,0;0,0
IJV;NL:Q:47312002;Bongersweg;'t Loo;0,4;0,0;0,0;0,0;0,0;0,0
IJV;NL:Q:47312003;Putstraat;'t Loo;0,7;0,3;0,0;0,0;0,0;0,0
IJV;NL:Q:47312004;Putstraat;'t Loo;0,9;0,3;0,0;0,0;0,0;0,0
IJV;NL:Q:47312005;Landal Landgoed 't Loo;'t Loo;2,1;1,3;0,0;0,0;0,0;0,0
IJV;NL:Q:47312008;Harm Aartsweg;'t Loo;0,8;0,1;0,0;0,0;0,0;0,0
IJV;NL:Q:47312009;Sportlaan;'t Loo;0,2;0,0;0,0;0,0;0,0;0,0
IJV;NL:Q:47312010;Sportlaan;'t Loo;0,0;0,3;0,0;0,0;0,0;0,0
IJV;NL:Q:47312011;D'olde Dreiput;'t Loo;1,0;0,0;0,0;0,0;0,0;0,0
IJV;NL:Q:47312012;D'olde Dreiput;'t Loo;0,2;1,0;0,0;0,0;0,0;0,0
IJV;NL:Q:47319001;Rustenburgsweg;Oldebroek;21,6;3,9;6,6;2,7;2,7;1,1
IJV;NL:Q:47319002;Rustenburgsweg;Oldebroek;3,9;19,8;4,1;6,0;0,8;3,1
IJV;NL:Q:47319003;Centrum;Oldebroek;60,4;17,0;23,7;9,3;9,6;3,7
IJV;NL:Q:47319004;Centrum;Oldebroek;18,7;60,4;11,5;22,0;3,9;11,0
IJV;NL:Q:47319005;Cafe 't Wissel;Oldebroek;20,6;3,3;6,8;1,6;3,6;0,6
IJV;NL:Q:47319006;Cafe 't Wissel;Oldebroek;2,9;18,9;2,1;7,0;0,9;3,3
IJV;NL:Q:47319007;Verlengde Looweg;Oldebroek;7,0;1,8;1,9;0,7;1,1;0,2
IJV;NL:Q:47319008;Verlengde Looweg;Oldebroek;1,6;7,2;1,0;1,8;0,3;1,2
IJV;NL:Q:47319009;Hogenbrinkweg;Oldebroek;4,3;2,1;1,3;0,9;0,7;0,3
IJV;NL:Q:47319010;Hogenbrinkweg;Oldebroek;2,1;4,3;0,7;1,6;0,4;1,2
IJV;NL:Q:47319011;De Molen;Oldebroek;7,9;1,0;2,1;0,5;0,8;0,2
IJV;NL:Q:47319012;De Molen;Oldebroek;1,3;5,8;0,5;1,6;0,3;0,8
IJV;NL:Q:47319013;De Hullen;Oldebroek;1,0;0,3;0,0;0,0;0,0;0,0
IJV;NL:Q:47319014;De Hullen;Oldebroek;0,2;0,9;0,0;0,0;0,0;0,0
IJV;NL:Q:47319015;Gemeentehuis;Oldebroek;1,0;0,3;0,0;0,0;0,0;0,0
IJV;NL:Q:47319016;Gemeentehuis;Oldebroek;0,1;0,9;0,0;0,0;0,0;0,0
IJV;NL:Q:47319017;Boerderijmuseum;Oldebroek;0,2;0,0;0,0;0,0;0,0;0,0
IJV;NL:Q:47319018;Boerderijmuseum;Oldebroek;0,1;0,3;0,0;0,0;0,0;0,0
IJV;NL:Q:47319173;Schiksweg;Oosterwolde;0,8;1,3;0,0;0,0;0,0;0,0
IJV;NL:Q:47319990;Centrum;Oosterwolde;0,3;0,1;0,0;0,0;0,0;0,0
IJV;NL:Q:47320060;Brinkweg;Zalk;0,1;0,2;0,0;0,0;0,0;0,0
IJV;NL:Q:47320070;Koelucht;De Zande;0,0;0,0;0,0;0,0;0,0;0,0
IJV;NL:Q:47320080;Zalkerdijk;De Zande;0,1;0,2;0,0;0,0;0,0;0,0
IJV;NL:Q:47320090;Zalkerdijk;De Zande;0,2;0,2;0,0;0,0;0,0;0,0
IJV;NL:Q:47320110;Oase;Zalk;0,3;0,2;0,0;0,0;0,0;0,0
IJV;NL:Q:47320120;Oase;Zalk;0,3;0,2;0,0;0,0;0,0;0,0
IJV;NL:Q:47330010;Acacialaan;Kampen;3,3;12,1;0,7;1,3;0,0;0,0
IJV;NL:Q:47330080;Gemeentehuis;Kampen;8,3;10,9;4,3;4,1;0,1;0,0
IJV;NL:Q:47330120;Beneluxweg;Kampen;6,1;6,4;1,0;1,7;0,0;0,0
IJV;NL:Q:47330140;Oosterlandenweg;IJsselmuiden;0,0;0,5;0,0;0,0;0,0;0,0
IJV;NL:Q:47330150;IJsselbrug;Kampen;16,7;4,1;0,0;0,0;0,0;0,0
IJV;NL:Q:47330160;Venedijk;Kampen;7,5;0,3;0,0;0,0;0,0;0,0
IJV;NL:Q:47330170;Oosterlandenweg;IJsselmuiden;0,3;0,0;0,0;0,0;0,0;0,0
IJV;NL:Q:47330200;IJsselbrug;Kampen;33,0;18,5;13,7;3,9;0,0;0,0
IJV;NL:Q:47330201;IJsselbrug;Kampen;6,9;5,2;2,6;1,0;0,0;0,0
IJV;NL:Q:47330210;IJsselbrug;Kampen;0,1;0,9;0,0;0,0;0,0;0,0
IJV;NL:Q:47330230;Hanzelaan;Kampen;9,1;8,6;3,2;2,7;0,0;0,0
IJV;NL:Q:47330250;Van Heutszplein;Kampen;1,1;0,9;0,0;0,0;0,0;0,0
IJV;NL:Q:47330300;Van Heutszplein;Kampen;0,8;5,6;0,3;1,1;0,0;0,0
IJV;NL:Q:47331110;Drostenstraat;IJsselmuiden;0,4;0,0;0,0;0,0;0,0;0,0
IJV;NL:Q:47331120;Drostenstraat;IJsselmuiden;0,0;0,6;0,0;0,0;0,0;0,0
IJV;NL:Q:47331160;Slenkstraat;IJsselmuiden;0,0;1,9;0,0;0,0;0,0;0,0
IJV;NL:Q:47331170;Slenkstraat;IJsselmuiden;1,3;0,0;0,0;0,0;0,0;0,0
IJV;NL:Q:47331180;Burg. van Engelenweg;IJsselmuiden;0,5;1,2;0,1;0,6;0,0;0,0
IJV;NL:Q:47331280;Akelei;Kampen;13,3;10,0;2,6;2,1;0,0;0,0
IJV;NL:Q:47331310;Vijverhof;Kampen;4,1;3,7;0,0;0,0;0,0;0,0
IJV;NL:Q:47331320;Vijverhof;Kampen;3,0;3,2;0,0;0,0;0,0;0,0
IJV;NL:Q:47331900;Bovenhavenstraat;Kampen;4,3;13,3;0,9;1,5;0,0;0,0
IJV;NL:Q:47332200;Koornmarkt;Kampen;2,5;5,4;0,9;1,3;0,0;0,0
IJV;NL:Q:47332210;Koornmarkt;Kampen;0,2;0,4;0,0;0,0;0,0;0,0
IJV;NL:Q:47332300;Bovenhavenstraat;Kampen;0,2;0,2;0,0;0,0;0,0;0,0
IJV;NL:Q:47332310;Meenteweg;Grafhorst;1,8;0,8;0,8;0,8;0,0;0,0
IJV;NL:Q:47332320;Meenteweg;Grafhorst;1,3;1,9;0,8;0,6;0,0;0,0
IJV;NL:Q:47332600;Verzinkerij;IJsselmuiden;0,0;0,4;0,0;0,0;0,0;0,0
IJV;NL:Q:47332700;Grafhorsterweg;IJsselmuiden;43,4;1,6;8,7;1,6;10,7;0,5
IJV;NL:Q:47332750;Grafhorsterweg;IJsselmuiden;6,7;1,4;3,7;0,6;4,1;0,2
IJV;NL:Q:47332800;Natuurbad Seveningen;Kampereiland;0,7;0,6;0,4;0,2;0,2;0,1
IJV;NL:Q:47332850;Zwolseweg 44;IJsselmuiden;0,0;0,0;0,0;0,0;0,0;0,0
IJV;NL:Q:47332950;Verzinkerij;IJsselmuiden;0,7;1,3;0,0;0,0;0,0;0,0
IJV;NL:Q:47333250;Oranjesingel;Kampen;2,3;3,4;0,0;0,0;0,0;0,0
IJV;NL:Q:47333300;Oostzeestraat;Kampen;5,8;1,5;0,5;0,1;0,0;0,0
IJV;NL:Q:47333350;Oostzeestraat;Kampen;5,5;3,4;0,0;0,0;0,0;0,0
IJV;NL:Q:47333400;Almere College;Kampen;2,5;2,0;0,7;0,7;0,0;0,0
IJV;NL:Q:47333410;Almere College;Kampen;2,5;8,8;0,0;0,0;0,0;0,0
IJV;NL:Q:47333450;Almere College;Kampen;11,4;4,4;0,0;0,0;0,0;0,0
IJV;NL:Q:47333500;Nijverheidsstraat;Kampen;5,8;16,7;0,0;0,0;0,0;0,0
IJV;NL:Q:47333850;Beekmanstraat;Kampen;3,8;2,2;2,4;1,0;0,0;0,0
IJV;NL:Q:47333950;Leeghwaterstraat;Kampen;4,9;3,2;1,1;0,8;0,0;0,0
IJV;NL:Q:47334070;Ereprijs;Kampen;5,3;4,5;0,9;1,6;0,0;0,0
IJV;NL:Q:47334460;Tormentil;Kampen;5,0;11,2;1,7;2,4;0,0;0,0
IJV;NL:Q:47334750;Isala Polikliniek;Kampen;0,7;9,7;0,3;3,0;0,0;0,0
IJV;NL:Q:47335010;Station;Kampen;7,5;6,8;0,0;0,0;0,0;0,0
IJV;NL:Q:47335020;Station;Kampen;105,1;119,5;23,8;35,7;0,0;0,0
IJV;NL:Q:47335030;Station;Kampen;10,0;7,8;0,0;0,0;0,0;0,0
IJV;NL:Q:47335040;Station;Kampen;352,0;356,7;123,1;109,0;59,4;80,0
IJV;NL:Q:47335050;Station;Kampen;75,3;78,0;0,8;5,4;0,0;0,0
IJV;NL:Q:47335060;Station;Kampen;21,6;15,1;16,0;16,0;0,0;0,0
IJV;NL:Q:47336000;Kalmoessingel;Kampen;16,2;2,8;0,0;0,0;0,0;0,0
IJV;NL:Q:47336050;Kalmoessingel;Kampen;6,2;17,0;0,0;0,0;0,0;0,0
IJV;NL:Q:47336100;GSG Pieter Zandt;Kampen;78,8;70,5;0,0;0,0;0,0;0,0
IJV;NL:Q:47337010;Burg. van Engelenweg;IJsselmuiden;1,2;1,0;0,4;0,1;0,0;0,0
IJV;NL:Q:47340100;Bezoekerscentrum;Den Nul;0,2;0,5;0,0;0,0;0,0;0,0
IJV;NL:Q:47340520;Langstraat;Wijhe;3,1;2,9;1,1;1,3;0,0;0,0
IJV;NL:Q:47340550;Oprit Dijk;Wijhe;0,3;0,2;0,0;0,0;0,0;0,0
IJV;NL:Q:47340650;Raalterweg;Wijhe;2,9;3,1;1,3;0,2;0,0;0,0
IJV;NL:Q:47340700;Raalterweg;Wijhe;4,0;1,7;0,0;0,0;0,0;0,0
IJV;NL:Q:47340710;De Enk;Wijhe;0,7;0,5;0,0;0,0;0,0;0,0
IJV;NL:Q:47340720;De Enk;Wijhe;0,4;0,4;0,0;0,0;0,0;0,0
IJV;NL:Q:47340730;Zandhuisweg;Wijhe;1,2;1,0;0,0;0,0;0,0;0,0
IJV;NL:Q:47340740;Zandhuisweg;Wijhe;0,9;1,0;0,0;0,0;0,0;0,0
IJV;NL:Q:47340750;Boerhaar;Wijhe;1,5;0,2;0,0;0,0;0,0;0,0
IJV;NL:Q:47340760;Boerhaar;Wijhe;0,2;1,0;0,0;0,0;0,0;0,0
IJV;NL:Q:47340770;Peperkamp;Wijhe;4,7;1,6;0,0;0,0;0,0;0,0
IJV;NL:Q:47340780;Peperkamp;Wijhe;3,8;3,5;0,8;0,4;0,0;0,0
IJV;NL:Q:47340901;de Lange Slagen;Wijhe;0,9;2,4;0,0;0,0;0,0;0,0
IJV;NL:Q:47340902;de Lange Slagen;Wijhe;2,5;0,8;0,0;0,0;0,0;0,0
IJV;NL:Q:47350001;Zwolseweg;Heerde;20,7;6,0;9,6;3,1;4,4;1,7
IJV;NL:Q:47350002;Zwolseweg;Heerde;6,3;23,2;4,2;10,0;1,7;4,6
IJV;NL:Q:47353011;Dreefseweg/Isala;Heerde;23,3;12,3;15,6;8,5;9,0;5,0
IJV;NL:Q:47354002;Nachtegaalweg;Wapenveld;17,3;42,4;8,7;20,5;7,3;11,7
IJV;NL:Q:47354012;Dreefseweg/Isala;Heerde;13,3;23,7;9,0;16,1;5,2;10,1
IJV;NL:Q:47366999;Dorp;Vorchten;0,1;0,1;0,1;0,1;0,0;0,0
IJV;NL:Q:47369003;IJsseldijk;Veessen;0,0;1,1;0,0;0,2;0,0;0,0
IJV;NL:Q:47369005;De Zaaier;Veessen;0,2;0,3;0,1;0,0;0,0;0,0
IJV;NL:Q:47369007;Zijmarsweg;Veessen;0,0;0,1;0,0;0,0;0,0;0,0
IJV;NL:Q:47369011;Ned. Herv. Kerk;Veessen;1,4;0,0;0,2;0,0;0,0;0,0
IJV;NL:Q:47369012;Ned. Herv. Kerk;Veessen;0,1;0,8;0,0;0,3;0,0;0,0
IJV;NL:Q:47369015;Kloosterakkers;Veessen;0,6;0,0;0,1;0,0;0,0;0,0
IJV;NL:Q:47369020;Veerweg;Veessen;0,1;0,1;0,0;0,0;0,0;0,0
IJV;NL:Q:47413001;Dorpshuis;Hoge Enk;0,1;0,5;0,0;0,0;0,0;0,0
IJV;NL:Q:47413002;Dorpshuis;Hoge Enk;0,5;0,1;0,0;0,0;0,0;0,0
IJV;NL:Q:47417003;Begraafplaats;Doornspijk;5,4;1,7;0,8;0,7;0,4;0,3
IJV;NL:Q:47418001;Molendorp;Elburg;12,9;6,4;2,8;2,5;2,2;1,1
IJV;NL:Q:47418002;Molendorp;Elburg;4,1;10,3;2,9;3,1;0,9;1,5
IJV;NL:Q:47418003;Het Nieuwe Feithenhof;Elburg;5,3;3,2;3,0;2,3;0,9;0,6
IJV;NL:Q:47418004;Het Nieuwe Feithenhof;Elburg;2,8;4,9;1,8;2,7;0,3;0,5
IJV;NL:Q:47418005;Centrum;Elburg;38,8;21,3;28,3;18,3;10,3;6,0
IJV;NL:Q:47418006;Centrum;Elburg;22,7;39,4;23,5;28,9;6,6;10,3
IJV;NL:Q:47418007;Hellenbeekstraat;Elburg;61,3;37,9;16,9;19,6;10,4;8,7
IJV;NL:Q:47418008;Hellenbeekstraat;Elburg;36,2;47,1;22,8;12,9;9,7;9,4
IJV;NL:Q:47418009;Coragestraat;Elburg;33,3;14,9;12,0;4,5;6,3;1,9
IJV;NL:Q:47418010;Coragestraat;Elburg;15,8;38,0;5,7;11,2;2,2;6,2
IJV;NL:Q:47418011;Klaverplein;Elburg;25,8;8,9;7,6;2,5;4,2;1,2
IJV;NL:Q:47418012;Klaverplein;Elburg;10,1;25,4;3,7;6,9;1,4;2,8
IJV;NL:Q:47418013;Zilverschoon;Elburg;47,5;22,5;14,9;4,5;7,3;3,0
IJV;NL:Q:47418014;Zilverschoon;Elburg;24,6;44,9;8,9;11,2;2,7;6,8
IJV;NL:Q:47418021;Eperweg;Elburg;11,6;2,2;2,5;1,0;1,5;0,3
IJV;NL:Q:47418022;Eperweg;Elburg;3,2;12,5;1,1;2,7;0,3;1,5
IJV;NL:Q:47420010;Onderdijks;Kampen;0,2;0,0;0,0;0,0;0,0;0,0
IJV;NL:Q:47420020;Onderdijks;Kampen;0,1;0,4;0,0;0,0;0,0;0,0
IJV;NL:Q:47420100;Koelucht;De Zande;0,0;0,0;0,0;0,0;0,0;0,0
IJV;NL:Q:47420150;Venedijk;Kampen;21,3;20,3;0,0;0,0;0,0;0,0
IJV;NL:Q:47430050;Nijverheidsstraat;Kampen;18,7;10,4;0,0;0,0;0,0;0,0
IJV;NL:Q:47430200;Roggebotsluis;Dronten;55,8;78,5;0,0;0,0;0,0;0,0
IJV;NL:Q:47430250;Roggebotsluis;Dronten;73,0;32,5;0,0;0,0;0,0;0,0
IJV;NL:Q:47430300;Oudebosweg;Dronten;1,0;0,5;0,0;0,0;0,0;0,0
IJV;NL:Q:47440050;Puinweg 1;Boskamp;0,1;0,0;0,0;0,0;0,0;0,0
IJV;NL:Q:47440100;Hengforderweg;Boskamp;0,3;0,7;0,0;0,0;0,0;0,0
IJV;NL:Q:47440150;Puinweg 2;Boskamp;0,1;0,0;0,0;0,0;0,0;0,0
IJV;NL:Q:47440200;Puinweg 1;Boskamp;0,0;0,1;0,0;0,0;0,0;0,0
IJV;NL:Q:47440250;Hoenlo;Boskamp;0,5;0,1;0,0;0,0;0,0;0,0
IJV;NL:Q:47440300;Puinweg 2;Boskamp;0,0;0,1;0,0;0,0;0,0;0,0
IJV;NL:Q:47440400;Hoenlo;Boskamp;0,2;0,3;0,0;0,0;0,0;0,0
IJV;NL:Q:47440550;Jan Hooglandstraat;Olst;1,6;0,4;0,0;0,0;0,0;0,0
IJV;NL:Q:47440700;Jan Hooglandstraat;Olst;0,5;1,5;0,0;0,0;0,0;0,0
IJV;NL:Q:47440800;Station;Olst;1,1;0,9;0,0;0,0;0,0;0,0
IJV;NL:Q:47440810;Station;Olst;3,8;3,2;0,0;0,0;0,0;0,0
IJV;NL:Q:47440910;Wethouder A.G. Dekkerlaan;Olst;3,2;0,6;0,0;0,0;0,0;0,0
IJV;NL:Q:47440920;Wethouder A.G. Dekkerlaan;Olst;0,8;2,3;0,0;0,0;0,0;0,0
IJV;NL:Q:47440930;Veerweg;Olst;1,5;0,6;0,0;0,0;0,0;0,0
IJV;NL:Q:47440940;Veerweg;Olst;1,0;1,3;0,0;0,0;0,0;0,0
IJV;NL:Q:47440950;Holstweg;Den Nul;0,8;0,5;0,0;0,0;0,0;0,0
IJV;NL:Q:47441001;Scherpenzeelseweg;Den Nul;0,0;0,1;0,0;0,0;0,0;0,0
IJV;NL:Q:47441002;Scherpenzeelseweg;Den Nul;0,0;0,1;0,0;0,0;0,0;0,0
IJV;NL:Q:47441020;Centrum;Olst;4,1;3,8;0,0;0,0;0,0;0,0
IJV;NL:Q:47441040;Centrum;Olst;2,9;2,8;0,0;0,0;0,0;0,0
IJV;NL:Q:47441050;Bezoekerscentrum;Den Nul;0,4;0,3;0,0;0,0;0,0;0,0
IJV;NL:Q:47441100;Holstweg;Den Nul;0,6;0,8;0,0;0,0;0,0;0,0
IJV;NL:Q:47441200;Overkempe;Boskamp;1,1;2,7;0,0;0,0;0,0;0,0
IJV;NL:Q:47441250;Overkempe;Boskamp;3,2;1,0;0,0;0,0;0,0;0,0
IJV;NL:Q:47453003;Eperweg;Heerde;47,6;20,1;15,1;8,7;8,7;4,9
IJV;NL:Q:47453004;Eperweg;Heerde;20,8;46,3;8,8;13,0;4,8;8,8
IJV;NL:Q:47453005;Brinklaan;Heerde;93,0;37,3;39,8;17,0;16,1;7,4
IJV;NL:Q:47453006;Brinklaan;Heerde;39,1;93,3;23,5;37,2;8,9;16,8
IJV;NL:Q:47453007;Centrum Groene Hart;Heerde;0,9;1,2;0,3;0,8;0,0;0,0
IJV;NL:Q:47453013;Molenkampweg;Heerde;48,6;12,0;23,3;6,0;11,2;4,1
IJV;NL:Q:47453014;Molenkampweg;Heerde;13,8;53,5;9,2;23,5;3,9;13,8
IJV;NL:Q:47453017;Ingang Wendhorst;Heerde;0,2;0,0;0,1;0,0;0,0;0,0
IJV;NL:Q:47453018;Ingang Wendhorst;Heerde;0,0;0,2;0,0;0,0;0,0;0,0
IJV;NL:Q:47453020;Keuterstraat;Heerde;0,1;0,4;0,0;0,1;0,0;0,0
IJV;NL:Q:47453021;Keuterstraat;Heerde;0,6;0,0;0,1;0,1;0,0;0,0
IJV;NL:Q:47453029;Heerderstrand;Heerde;4,7;0,1;1,0;0,1;0,0;0,0
IJV;NL:Q:47453030;Heerderstrand;Heerde;0,6;0,3;0,3;0,3;0,0;0,0
IJV;NL:Q:47453053;Transferium Horsthoek;Heerde;22,5;9,5;13,1;7,7;9,4;5,1
IJV;NL:Q:47453054;Transferium Horsthoek;Heerde;12,1;23,9;10,2;16,8;6,5;10,0
IJV;NL:Q:47453060;Kerkdijk;Heerde;0,2;0,0;0,0;0,0;0,0;0,0
IJV;NL:Q:47453070;Kerkdijk;Heerde;0,0;0,4;0,0;0,1;0,0;0,0
IJV;NL:Q:47516015;Elburgerweg;Nunspeet;17,5;20,3;8,1;7,0;3,0;3,6
IJV;NL:Q:47517001;Centrum;Doornspijk;18,1;17,6;4,9;7,7;2,0;2,5
IJV;NL:Q:47517002;Centrum;Doornspijk;14,9;15,1;6,2;4,7;1,9;2,3
IJV;NL:Q:47517004;Begraafplaats;Doornspijk;1,4;5,1;0,5;0,6;0,2;0,6
IJV;NL:Q:47530020;Ketelweg;Dronten;0,2;0,3;0,0;0,0;0,0;0,0
IJV;NL:Q:47530050;Oudebosweg;Dronten;0,3;1,6;0,0;0,0;0,0;0,0
IJV;NL:Q:47540050;Wetermansweg;Diepenveen;5,3;1,3;0,0;0,0;0,0;0,0
IJV;NL:Q:47540100;Havezatelaan;Deventer;2,9;2,2;0,0;0,0;0,0;0,0
IJV;NL:Q:47540200;Wetermansweg;Diepenveen;1,3;3,7;0,0;0,0;0,0;0,0
IJV;NL:Q:47540210;Centrum;Diepenveen;3,0;1,0;0,0;0,0;0,0;0,0
IJV;NL:Q:47540220;Centrum;Diepenveen;1,4;3,8;0,0;0,0;0,0;0,0
IJV;NL:Q:47540250;Sallandsweg;Diepenveen;0,6;0,3;0,0;0,0;0,0;0,0
IJV;NL:Q:47540350;Baerselmansweg;Diepenveen;0,5;0,9;0,0;0,0;0,0;0,0
IJV;NL:Q:47540400;Sallandsweg;Diepenveen;0,2;0,6;0,0;0,0;0,0;0,0
IJV;NL:Q:47540450;Molenveldsweg;Diepenveen;0,2;0,2;0,0;0,0;0,0;0,0
IJV;NL:Q:47540500;Baerselmansweg;Diepenveen;0,6;0,6;0,0;0,0;0,0;0,0
IJV;NL:Q:47540550;Randerstraat;Boskamp;0,3;0,4;0,0;0,0;0,0;0,0
IJV;NL:Q:47540600;Molenveldsweg;Diepenveen;0,2;0,5;0,0;0,0;0,0;0,0
IJV;NL:Q:47540650;Langedijk;Boskamp;0,2;0,0;0,0;0,0;0,0;0,0
IJV;NL:Q:47540700;Randerstraat;Boskamp;0,5;0,2;0,0;0,0;0,0;0,0
IJV;NL:Q:47540750;Hengforderweg;Boskamp;0,4;0,4;0,0;0,0;0,0;0,0
IJV;NL:Q:47540800;Langedijk;Boskamp;0,0;0,3;0,0;0,0;0,0;0,0
IJV;NL:Q:47551990;Tongerenseweg;Epe;0,2;1,1;0,0;0,0;0,0;0,0
IJV;NL:Q:47552000;Tongerenseweg;Epe;1,3;0,1;0,0;0,0;0,0;0,0
IJV;NL:Q:47552005;Centrum;Epe;104,7;122,5;65,9;54,6;28,8;28,8
IJV;NL:Q:47552006;Centrum;Epe;121,7;86,2;49,7;40,0;26,2;27,0
IJV;NL:Q:47552009;Diepenweg;Epe;0,1;0,4;0,0;0,0;0,0;0,0
IJV;NL:Q:47552010;Diepenweg;Epe;3,1;4,8;1,9;2,4;0,7;1,4
IJV;NL:Q:47552011;Hammerstraat;Epe;0,1;0,3;0,1;0,0;0,0;0,0
IJV;NL:Q:47552012;Hammerstraat;Epe;0,0;0,0;0,0;0,0;0,0;0,0
IJV;NL:Q:47552013;Sportpark;Epe;0,2;0,1;0,0;0,0;0,0;0,0
IJV;NL:Q:47552014;Sportpark;Epe;0,1;0,1;0,0;0,0;0,0;0,0
IJV;NL:Q:47552015;Apeldoorns Kanaal;Epe;0,0;0,1;0,0;0,0;0,0;0,0
IJV;NL:Q:47552016;Apeldoorns Kanaal;Epe;0,1;0,0;0,0;0,0;0,0;0,0
IJV;NL:Q:47552017;Politiebureau;Epe;15,2;15,5;8,7;11,5;5,0;7,9
IJV;NL:Q:47552018;Politiebureau;Epe;12,1;16,9;9,9;9,1;4,9;6,2
IJV;NL:Q:47552019;Sint Jorisweg;Epe;15,1;34,2;7,1;25,1;4,6;9,6
IJV;NL:Q:47552021;Lohuizerweg ;Epe;28,4;18,9;9,5;6,0;5,6;3,7
IJV;NL:Q:47552023;Klaarbeek;Epe;70,1;82,7;18,6;33,3;11,6;20,9
IJV;NL:Q:47552024;Klaarbeek;Epe;85,3;67,6;43,2;17,1;21,7;10,4
IJV;NL:Q:47561001;Station 't Harde;'t Harde;10,5;10,7;0,0;0,0;0,0;0,0
IJV;NL:Q:47561003;Centrum;'t Harde;1,0;0,6;0,0;0,0;0,0;0,0
IJV;NL:Q:47561004;Centrum;'t Harde;3,0;0,3;0,0;0,0;0,0;0,0
IJV;NL:Q:47561005;Sportlaan;'t Harde;1,5;1,8;0,0;0,0;0,0;0,0
IJV;NL:Q:47561006;Sportlaan;'t Harde;0,3;1,3;0,0;0,0;0,0;0,0
IJV;NL:Q:47561007;Munnikenweg;'t Harde;1,3;0,7;0,0;0,0;0,0;0,0
IJV;NL:Q:47561008;Munnikenweg;'t Harde;0,4;1,3;0,0;0,0;0,0;0,0
IJV;NL:Q:47561009;De Hokseberg;'t Harde;0,3;0,7;0,0;0,0;0,0;0,0
IJV;NL:Q:47561010;De Hokseberg;'t Harde;0,2;0,5;0,0;0,0;0,0;0,0
IJV;NL:Q:47616001;Vreeweg;Nunspeet;2,3;2,0;1,1;0,3;0,0;0,0
IJV;NL:Q:47616003;Station;Nunspeet;67,1;116,6;30,6;53,6;1,3;25,7
IJV;NL:Q:47616004;Station;Nunspeet;123,6;76,7;57,4;31,3;28,0;3,2
IJV;NL:Q:47616005;Berenbosweg;Nunspeet;1,3;0,2;0,7;0,2;0,0;0,0
IJV;NL:Q:47616006;Berenbosweg;Nunspeet;0,9;0,9;0,2;0,7;0,0;0,0
IJV;NL:Q:47616009;Centrum;Nunspeet;32,9;20,4;22,0;11,0;5,3;0,9
IJV;NL:Q:47616010;Centrum;Nunspeet;18,7;25,6;7,5;27,0;5,2;3,6
IJV;NL:Q:47616013;Oenenburgweg;Nunspeet;13,1;24,3;4,8;12,2;3,2;6,0
IJV;NL:Q:47616014;Oenenburgweg;Nunspeet;24,3;12,7;10,7;3,6;4,6;2,5
IJV;NL:Q:47616019;Elspeterweg;Nunspeet;0,2;0,8;0,1;0,4;0,0;0,0
IJV;NL:Q:47616020;Elspeterweg;Nunspeet;1,1;0,3;1,0;0,2;0,1;0,0
IJV;NL:Q:47616022;Camping de Tol;Nunspeet;0,2;0,5;0,0;0,2;0,0;0,0
IJV;NL:Q:47616025;Gemeentehuis;Nunspeet;0,2;0,4;0,2;0,3;0,0;0,0
IJV;NL:Q:47616027;Verzorgingstehuis Bunterhoek;Nunspeet;2,3;3,5;0,6;0,5;0,0;0,0
IJV;NL:Q:47616029;De Bunte;Nunspeet;2,9;3,8;1,2;0,5;0,0;0,1
IJV;NL:Q:47616030;De Bunte;Nunspeet;2,4;0,0;0,0;0,0;0,0;0,0
IJV;NL:Q:47616031;'t Hul;Nunspeet;7,3;1,7;2,3;0,6;0,0;0,1
IJV;NL:Q:47616032;'t Hul;Nunspeet;1,5;0,0;0,0;0,0;0,0;0,0
IJV;NL:Q:47616034;Elburgerweg;Nunspeet;17,3;15,7;4,7;5,9;2,3;2,6
IJV;NL:Q:47616041;Waterweg;Nunspeet;2,9;2,3;1,4;0,3;0,0;0,0
IJV;NL:Q:47616042;Waterweg;Nunspeet;0,9;2,4;0,2;1,3;0,1;0,0
IJV;NL:Q:47616043;Oosterlaan;Nunspeet;6,4;15,6;2,7;7,4;0,8;3,4
IJV;NL:Q:47616044;Oosterlaan;Nunspeet;14,1;6,9;5,3;3,4;2,3;1,5
IJV;NL:Q:47616045;De Sparrenhorst;Nunspeet;3,7;2,5;3,1;2,6;1,5;1,9
IJV;NL:Q:47616046;De Sparrenhorst;Nunspeet;3,2;3,6;1,7;2,9;1,4;1,1
IJV;NL:Q:47616047;Gruppendelerweg;Nunspeet;0,0;0,3;0,0;0,0;0,0;0,0
IJV;NL:Q:47616048;Gruppendelerweg;Nunspeet;0,5;0,0;0,0;0,0;0,0;0,0
IJV;NL:Q:47625001;Boshoekerweg;Oene;0,1;0,1;0,1;0,1;0,0;0,0
IJV;NL:Q:47625002;Boshoekerweg;Oene;0,2;0,1;0,1;0,1;0,0;0,1
IJV;NL:Q:47625003;Dorpsstraat;Oene;1,0;0,5;0,1;0,0;0,1;0,1
IJV;NL:Q:47625004;Dorpsstraat;Oene;1,1;0,8;0,3;0,2;0,0;0,1
IJV;NL:Q:47625005;Kuiperkampseweg;Oene;0,1;0,0;0,0;0,0;0,0;0,0
IJV;NL:Q:47625006;Kuiperkampseweg;Oene;0,0;0,1;0,0;0,0;0,1;0,0
IJV;NL:Q:47640030;Saxion Hogeschool;Deventer;30,1;65,9;3,0;34,3;1,5;15,0
IJV;NL:Q:47640050;Munsterstraat;Deventer;4,0;1,6;0,0;0,0;0,0;0,0
IJV;NL:Q:47640060;Munsterstraat;Deventer;1,4;4,1;0,0;0,0;0,0;0,0
IJV;NL:Q:47640070;Keulenstraat 1;Deventer;3,3;1,4;0,0;0,0;0,0;0,0
IJV;NL:Q:47640080;Keulenstraat 1;Deventer;1,1;4,1;0,0;0,0;0,0;0,0
IJV;NL:Q:47640090;Keulenstraat 2;Deventer;7,2;1,8;0,0;0,0;0,0;0,0
IJV;NL:Q:47640100;Keulenstraat 2;Deventer;0,4;8,6;0,0;0,0;0,0;0,0
IJV;NL:Q:47640110;Rigastraat;Deventer;1,4;0,1;0,0;0,0;0,0;0,0
IJV;NL:Q:47640120;Rigastraat;Deventer;0,1;1,2;0,0;0,0;0,0;0,0
IJV;NL:Q:47640130;Industrieweg;Deventer;0,1;1,3;0,0;0,0;0,0;0,0
IJV;NL:Q:47640140;Industrieweg;Deventer;1,4;0,1;0,0;0,0;0,0;0,0
IJV;NL:Q:47640150;Herfordstraat;Deventer;0,9;0,2;0,0;0,0;0,0;0,0
IJV;NL:Q:47640160;Herfordstraat;Deventer;0,1;1,1;0,0;0,0;0,0;0,0
IJV;NL:Q:47640190;Dortmundstraat;Deventer;1,2;1,6;0,0;0,0;0,0;0,0
IJV;NL:Q:47640200;Dortmundstraat;Deventer;2,1;2,7;0,0;0,0;0,0;0,0
IJV;NL:Q:47640230;Willem Witsenstraat;Deventer;44,6;18,3;31,2;9,0;16,5;6,4
IJV;NL:Q:47640240;Willem Witsenstraat;Deventer;23,9;33,9;12,6;18,8;6,9;11,8
IJV;NL:Q:47640290;Cröddenbrug;Deventer;1,9;0,0;0,5;0,0;0,0;0,0
IJV;NL:Q:47640300;Cröddenbrug;Deventer;0,1;0,8;0,1;0,5;0,0;0,0
IJV;NL:Q:47640370;De Bekkumer;Deventer;2,5;15,6;1,0;6,9;1,4;4,4
IJV;NL:Q:47640380;De Bekkumer;Deventer;15,8;2,0;7,6;1,2;3,0;1,0
IJV;NL:Q:47640390;Saxion Hogeschool;Deventer;45,3;40,4;22,5;5,3;15,5;3,3
IJV;NL:Q:47640410;Snippeling;Deventer;0,3;4,0;0,0;0,0;0,0;0,0
IJV;NL:Q:47640530;Verpleeghuis P.W. Janssen;Deventer;3,3;9,7;1,7;10,9;0,7;8,0
IJV;NL:Q:47640540;Verpleeghuis P.W. Janssen;Deventer;8,2;3,1;6,7;2,4;3,1;0,9
IJV;NL:Q:47640550;Rostockstraat;Deventer;0,4;0,4;0,0;0,0;0,0;0,0
IJV;NL:Q:47640560;Rostockstraat;Deventer;0,2;0,7;0,0;0,0;0,0;0,0
IJV;NL:Q:47640570;Koningsbergenstraat;Deventer;3,7;0,6;0,0;0,0;0,0;0,0
IJV;NL:Q:47640580;Koningsbergenstraat;Deventer;0,2;5,1;0,0;0,0;0,0;0,0
IJV;NL:Q:47640590;Arnsbergstraat;Deventer;4,3;0,2;0,0;0,0;0,0;0,0
IJV;NL:Q:47640600;Arnsbergstraat;Deventer;0,3;5,5;0,0;0,0;0,0;0,0
IJV;NL:Q:47640680;Runshoppingcentre;Deventer;8,0;0,6;0,0;0,0;0,0;0,0
IJV;NL:Q:47640690;Runshoppingcentre;Deventer;0,9;11,1;0,0;0,0;0,0;0,0
IJV;NL:Q:47640700;Bedrijvenpark A1;Deventer;3,6;0,2;0,0;0,0;0,0;0,0
IJV;NL:Q:47640710;David Wijnveldtweg;Deventer;2,0;5,6;1,6;6,2;0,9;3,7
IJV;NL:Q:47640720;David Wijnveldtweg;Deventer;7,5;3,7;6,9;2,6;3,9;1,9
IJV;NL:Q:47640730;Albertus van Leusenweg;Deventer;18,4;20,2;10,3;15,2;5,6;8,9
IJV;NL:Q:47640740;Albertus van Leusenweg;Deventer;31,9;15,1;22,7;8,4;12,4;3,8
IJV;NL:Q:47640750;Alphons Diepenbrocklaan;Deventer;44,0;67,7;27,9;44,3;14,6;23,4
IJV;NL:Q:47640760;Alphons Diepenbrocklaan;Deventer;49,9;49,4;32,5;35,1;17,6;19,7
IJV;NL:Q:47640800;Bedrijvenpark A1;Deventer;0,5;7,7;0,0;0,0;0,0;0,0
IJV;NL:Q:47640830;De Knoop;Deventer;50,8;6,6;41,6;2,8;24,9;1,7
IJV;NL:Q:47640835;De Knoop;Deventer;3,5;34,6;2,3;25,6;0,9;11,1
IJV;NL:Q:47640840;Birnieweg/Hotel;Deventer;3,5;1,0;0,0;0,0;0,0;0,0
IJV;NL:Q:47640850;Nering Bögelweg;Deventer;0,5;0,8;0,0;0,0;0,0;0,0
IJV;NL:Q:47640860;Nering Bögelweg/Sligro;Deventer;1,1;2,4;0,0;0,0;0,0;0,0
IJV;NL:Q:47640890;Havezatelaan;Deventer;3,0;1,7;0,0;0,0;0,0;0,0
IJV;NL:Q:47640900;St. Jozef verpleeghuis;Deventer;15,2;4,2;7,1;2,9;4,7;3,0
IJV;NL:Q:47640910;St. Jozef verpleeghuis;Deventer;7,5;15,8;4,1;6,0;4,0;3,6
IJV;NL:Q:47640920;Wezenland;Deventer;10,2;6,2;6,2;2,4;3,6;1,3
IJV;NL:Q:47640930;Wezenland;Deventer;5,5;8,8;2,3;5,8;0,9;4,8
IJV;NL:Q:47640940;Begraafplaats;Schalkhaar;4,0;1,2;1,8;0,9;1,8;0,5
IJV;NL:Q:47641000;Station;Deventer;410,6;676,8;269,9;332,6;120,2;168,5
IJV;NL:Q:47641010;Station;Deventer;77,4;34,9;47,2;16,4;22,6;3,3
IJV;NL:Q:47641016;Station;Deventer;15,9;286,2;17,0;238,4;10,0;117,4
IJV;NL:Q:47641026;Station;Deventer;202,2;49,3;99,4;10,8;54,1;7,1
IJV;NL:Q:47641040;Station;Deventer;554,7;164,0;262,4;87,3;170,8;31,0
IJV;NL:Q:47641130;Deltaplein;Deventer;29,0;1,4;16,8;0,8;7,3;0,4
IJV;NL:Q:47641140;Deltaplein;Deventer;3,9;27,1;3,3;15,7;0,9;5,2
IJV;NL:Q:47641150;Douwelerwetering;Deventer;1,0;6,3;0,9;4,9;0,3;1,3
IJV;NL:Q:47641160;Douwelerwetering;Deventer;7,0;0,9;5,5;0,3;2,2;0,2
IJV;NL:Q:47641170;Biesboschlaan;Deventer;1,0;4,8;0,6;4,0;0,4;1,4
IJV;NL:Q:47641180;Biesboschlaan;Deventer;7,0;0,8;6,0;0,3;1,8;0,1
IJV;NL:Q:47641190;Amstellaan;Deventer;10,2;20,7;3,1;9,2;1,6;9,2
IJV;NL:Q:47641200;Snippeling;Deventer;38,7;10,8;22,3;2,7;12,6;1,6
IJV;NL:Q:47641240;Kleine Vos;Deventer;6,3;1,0;4,8;0,6;2,1;0,7
IJV;NL:Q:47641250;Kleine Vos;Deventer;0,6;8,8;0,4;7,7;0,2;5,2
IJV;NL:Q:47641280;Zwaluwenburg;Deventer;33,6;5,6;26,8;4,1;11,9;1,9
IJV;NL:Q:47641290;Zwaluwenburg;Deventer;4,0;30,5;2,3;20,5;1,4;13,3
IJV;NL:Q:47641300;Toutenburg;Deventer;11,6;3,3;9,9;1,7;6,0;1,4
IJV;NL:Q:47641310;Toutenburg;Deventer;1,7;11,5;1,2;9,1;0,6;6,2
IJV;NL:Q:47641320;Slangenburg;Deventer;3,8;0,8;2,8;0,8;1,5;0,5
IJV;NL:Q:47641330;Slangenburg;Deventer;0,5;3,3;0,3;2,4;0,2;1,8
IJV;NL:Q:47641530;Hondsroos;Deventer;25,4;23,4;20,7;18,2;8,7;7,3
IJV;NL:Q:47641610;Bonenkamp;Deventer;3,0;0,7;2,9;0,2;1,3;0,2
IJV;NL:Q:47641620;Bonenkamp;Deventer;0,7;2,6;0,5;2,9;0,3;1,5
IJV;NL:Q:47641630;Hannie Schaftpad;Deventer;7,1;1,3;5,7;0,7;2,9;0,2
IJV;NL:Q:47641640;Hannie Schaftpad;Deventer;1,9;6,9;0,7;4,4;0,4;1,9
IJV;NL:Q:47641670;J. Naberstraat;Deventer;17,9;2,7;15,7;0,6;5,3;0,3
IJV;NL:Q:47641680;J. Naberstraat;Deventer;3,9;17,6;1,1;14,7;0,6;5,1
IJV;NL:Q:47641730;Solingenstraat;Deventer;6,8;0,6;2,3;0,2;0,9;0,1
IJV;NL:Q:47641740;Solingenstraat;Deventer;0,5;9,9;0,2;5,8;0,1;2,6
IJV;NL:Q:47641750;Schonenvaardersstraat;Deventer;1,2;0,2;0,0;0,0;0,0;0,0
IJV;NL:Q:47641760;Schonenvaardersstraat;Deventer;0,1;2,5;0,0;0,0;0,0;0,0
IJV;NL:Q:47641790;Maagdenburg;Deventer;4,6;0,4;1,5;0,0;0,2;0,0
IJV;NL:Q:47641800;Maagdenburg;Deventer;0,4;3,8;0,1;1,7;0,1;0,2
IJV;NL:Q:47641940;Teugseplein;Deventer;0,4;2,3;0,0;0,0;0,0;0,0
IJV;NL:Q:47641950;Teugseplein;Deventer;12,6;0,3;0,0;0,0;0,0;0,0
IJV;NL:Q:47642030;Schurenstraat;Deventer;17,6;30,4;14,1;5,0;5,0;3,4
IJV;NL:Q:47642040;Schurenstraat;Deventer;56,3;17,7;28,9;7,5;12,7;3,5
IJV;NL:Q:47642050;Oude Begraafplaats;Deventer;2,3;1,3;1,2;0,7;0,6;0,4
IJV;NL:Q:47642060;Oude Begraafplaats;Deventer;0,7;3,4;0,2;2,3;0,1;1,5
IJV;NL:Q:47642072;IJ. de Schepperstraat;Deventer;5,1;5,3;3,8;2,2;1,7;0,7
IJV;NL:Q:47642081;IJ. de Schepperstraat;Deventer;5,2;8,0;2,8;4,7;1,4;2,3
IJV;NL:Q:47642090;Dapperstraat;Deventer;4,5;12,6;3,4;8,3;1,4;2,5
IJV;NL:Q:47642100;Dapperstraat;Deventer;7,2;4,8;4,9;2,9;1,7;2,0
IJV;NL:Q:47642110;Van Marckelplein;Deventer;1,6;7,1;2,6;7,5;0,3;1,6
IJV;NL:Q:47642120;Van Marckelplein;Deventer;8,0;1,5;7,1;0,9;2,1;0,4
IJV;NL:Q:47642150;Wkc Keizerslanden;Deventer;8,2;34,8;8,9;24,2;1,7;7,5
IJV;NL:Q:47642160;Wkc Keizerslanden;Deventer;31,7;7,4;22,5;5,5;7,2;1,4
IJV;NL:Q:47642170;Balderikstraat;Deventer;3,7;12,9;5,2;8,3;1,1;3,5
IJV;NL:Q:47642180;Balderikstraat;Deventer;16,5;4,5;11,8;2,6;4,1;0,9
IJV;NL:Q:47642190;Ludgerstraat;Deventer;1,5;7,8;2,0;5,2;0,7;1,9
IJV;NL:Q:47642200;Ludgerstraat;Deventer;8,9;2,2;6,3;1,4;1,8;0,8
IJV;NL:Q:47642210;Beeckestein;Deventer;1,2;16,2;0,9;10,0;0,4;3,4
IJV;NL:Q:47642220;Beeckestein;Deventer;16,0;5,1;10,0;1,7;3,5;1,2
IJV;NL:Q:47642230;Wkc Borgele;Deventer;9,1;15,7;8,8;10,8;2,6;4,1
IJV;NL:Q:47642240;Wkc Borgele;Deventer;29,9;11,7;20,8;8,4;6,9;2,9
IJV;NL:Q:47642250;Beugelskamp;Deventer;2,0;14,0;1,6;10,1;0,7;2,9
IJV;NL:Q:47642260;Beugelskamp;Deventer;6,8;3,1;4,6;2,5;2,0;0,8
IJV;NL:Q:47642270;Het Vlier;Deventer;5,0;12,3;5,1;10,1;2,0;3,3
IJV;NL:Q:47642280;Het Vlier;Deventer;17,0;6,5;14,8;4,8;5,4;2,4
IJV;NL:Q:47642290;Thomas Wildey;Deventer;9,0;11,5;6,8;8,0;3,2;3,5
IJV;NL:Q:47642300;Thomas Wildey;Deventer;15,9;7,2;11,3;4,1;4,3;2,0
IJV;NL:Q:47642320;Platvoet;Deventer;36,3;39,4;31,9;32,7;9,7;14,2
IJV;NL:Q:47643050;Nijverheidstraat;Deventer;5,7;6,8;3,5;3,6;1,3;1,2
IJV;NL:Q:47643060;Nijverheidstraat;Deventer;27,9;1,6;15,4;1,0;6,5;0,3
IJV;NL:Q:47643070;Rijsterborgherweg;Deventer;8,7;4,7;6,1;2,6;1,7;0,8
IJV;NL:Q:47643080;Rijsterborgherweg;Deventer;4,2;7,9;1,9;7,0;0,6;1,7
IJV;NL:Q:47643110;Radstakeweg;Deventer;1,6;9,4;1,4;6,6;0,4;2,4
IJV;NL:Q:47643120;Radstakeweg;Deventer;7,8;1,2;5,3;0,4;1,4;0,3
IJV;NL:Q:47643150;Erasmusstraat;Deventer;0,9;13,6;0,5;5,5;0,2;2,3
IJV;NL:Q:47643160;Erasmusstraat;Deventer;4,7;0,4;3,6;0,2;1,3;0,4
IJV;NL:Q:47643170;Zamenhofplein;Deventer;8,4;26,7;6,9;16,5;3,0;6,2
IJV;NL:Q:47643180;Zamenhofplein;Deventer;32,8;7,3;19,8;4,0;6,9;2,0
IJV;NL:Q:47643190;Vermeerstraat;Deventer;4,5;14,4;3,6;11,4;1,1;4,8
IJV;NL:Q:47643200;Vermeerstraat;Deventer;15,9;4,2;10,8;1,7;4,1;0,8
IJV;NL:Q:47643210;Moreelsestraat;Deventer;2,6;9,9;2,2;9,6;1,2;3,4
IJV;NL:Q:47643220;Moreelsestraat;Deventer;12,4;3,7;12,1;3,1;3,0;1,5
IJV;NL:Q:47643230;Rubensstraat;Deventer;2,9;8,2;3,0;7,7;1,3;3,7
IJV;NL:Q:47643240;Rubensstraat;Deventer;11,0;3,2;9,4;2,5;3,6;1,4
IJV;NL:Q:47643250;Sportveldenlaan;Deventer;2,3;3,2;1,4;3,7;0,5;1,5
IJV;NL:Q:47643260;Sportveldenlaan;Deventer;3,4;2,6;2,9;1,4;0,8;0,8
IJV;NL:Q:47643270;Verpleeghuis St. Jurrien;Deventer;4,2;5,1;3,9;5,5;1,5;2,6
IJV;NL:Q:47643280;Verpleeghuis St. Jurrien;Deventer;7,3;3,7;8,0;3,0;3,7;1,4
IJV;NL:Q:47643290;Joost van de Vondellaan;Deventer;2,9;3,5;2,4;3,6;1,0;2,1
IJV;NL:Q:47643300;Joost van de Vondellaan;Deventer;4,4;3,0;3,8;2,5;2,0;1,7
IJV;NL:Q:47643310;Lookersdijk;Deventer;3,3;1,4;2,9;1,8;1,3;1,2
IJV;NL:Q:47643320;Lookersdijk;Deventer;2,1;1,9;3,5;1,5;1,6;1,2
IJV;NL:Q:47643960;Beestenmarkt;Deventer;1,3;25,1;0,8;14,2;0,5;7,1
IJV;NL:Q:47643970;Beestenmarkt;Deventer;17,7;3,4;9,5;2,4;6,9;0,9
IJV;NL:Q:47643990;Bleekstraat;Deventer;3,6;0,9;2,2;0,5;1,2;0,3
IJV;NL:Q:47644000;Veenweg;Deventer;1,3;8,3;0,9;3,9;0,8;2,9
IJV;NL:Q:47644010;Veenweg;Deventer;2,6;2,0;1,1;1,5;0,8;1,0
IJV;NL:Q:47644040;Amstellaan;Deventer;20,3;10,8;10,9;4,2;5,4;1,8
IJV;NL:Q:47644050;Snippeling;Deventer;6,3;28,6;3,0;17,7;1,8;13,7
IJV;NL:Q:47644060;Hunneperweg;Deventer;1,6;15,5;1,0;11,2;0,7;7,8
IJV;NL:Q:47644080;Fesevurstraat;Deventer;7,8;4,9;6,9;2,5;4,0;1,9
IJV;NL:Q:47644090;Fesevurstraat;Deventer;4,8;7,1;2,4;5,9;1,9;6,1
IJV;NL:Q:47644110;Cornelis Lelylaan;Deventer;4,1;33,4;2,6;19,5;1,6;11,0
IJV;NL:Q:47644120;Cornelis Lelylaan;Deventer;34,9;7,6;22,3;4,8;11,4;2,8
IJV;NL:Q:47644290;Europaplein;Deventer;1,3;0,5;0,0;0,0;0,0;0,0
IJV;NL:Q:47644300;Europaplein;Deventer;0,8;2,2;0,0;0,0;0,0;0,0
IJV;NL:Q:47644310;Papenblik;Deventer;0,3;1,6;0,0;0,0;0,0;0,0
IJV;NL:Q:47644320;Papenblik;Deventer;0,9;0,5;0,0;0,0;0,0;0,0
IJV;NL:Q:47644370;Visbystraat;Deventer;5,4;0,4;0,0;0,0;0,0;0,0
IJV;NL:Q:47644380;Visbystraat;Deventer;0,2;9,6;0,0;0,0;0,0;0,0
IJV;NL:Q:47645001;Splithofstraat;Deventer;3,1;2,5;0,0;0,0;0,0;0,0
IJV;NL:Q:47645002;Splithofstraat;Deventer;4,5;3,6;0,0;0,0;0,0;0,0
IJV;NL:Q:47645083;Ziekenhuis;Deventer;79,5;81,0;17,0;15,5;10,7;11,1
IJV;NL:Q:47645090;Prins Bernhardweg;Schalkhaar;7,5;0,1;5,0;0,1;1,7;0,1
IJV;NL:Q:47645100;Prins Bernhardweg;Schalkhaar;0,5;7,9;0,6;5,5;0,1;2,0
IJV;NL:Q:47645110;Oerdijk;Schalkhaar;12,4;1,5;10,2;0,4;4,1;0,1
IJV;NL:Q:47645120;Oerdijk;Schalkhaar;0,7;9,2;0,5;8,5;0,2;3,7
IJV;NL:Q:47645150;Westenberg;Schalkhaar;41,0;1,1;28,7;0,8;15,1;0,5
IJV;NL:Q:47645160;Westenberg;Schalkhaar;5,0;44,6;2,8;27,6;0,7;19,5
IJV;NL:Q:47645170;Kerkweg;Schalkhaar;17,3;0,4;12,9;0,3;5,2;0,2
IJV;NL:Q:47645180;Kerkweg;Schalkhaar;1,5;15,5;1,7;13,2;0,7;4,6
IJV;NL:Q:47648050;Schooldijk;Lettele;0,2;0,0;0,1;0,0;0,0;0,0
IJV;NL:Q:47648060;Schooldijk;Lettele;0,0;0,3;0,0;0,4;0,0;0,0
IJV;NL:Q:47649001;Station Colmschate;Deventer;2,0;0,1;1,3;0,1;0,7;0,0
IJV;NL:Q:47649002;Station Colmschate;Deventer;1,4;3,5;0,3;1,9;0,0;1,6
IJV;NL:Q:47649010;Westfalenstraat;Deventer;16,4;0,7;0,0;0,0;0,0;0,0
IJV;NL:Q:47649020;Westfalenstraat;Deventer;0,7;17,3;0,0;0,0;0,0;0,0
IJV;NL:Q:47649040;Wijtenhorst;Deventer;11,7;1,9;5,0;1,0;3,3;0,5
IJV;NL:Q:47649050;Wijtenhorst;Deventer;2,4;10,6;0,8;5,3;0,6;3,7
IJV;NL:Q:47650001;Vaassen-Zuid;Vaassen;38,5;115,6;15,1;69,2;10,6;41,4
IJV;NL:Q:47650002;Vaassen-Zuid;Vaassen;124,0;34,6;83,3;15,0;40,0;7,2
IJV;NL:Q:47650003;Oosterhof;Vaassen;24,5;52,6;8,5;29,0;4,5;18,8
IJV;NL:Q:47650004;Oosterhof;Vaassen;54,5;23,1;34,7;8,8;15,3;4,1
IJV;NL:Q:47650005;De Haere;Wenum;1,1;3,4;0,6;2,3;0,2;1,1
IJV;NL:Q:47650006;Centrum;Vaassen;20,7;25,9;18,9;16,4;8,9;8,2
IJV;NL:Q:47650007;Vaassen-Noord;Vaassen;12,6;27,7;4,8;20,9;3,0;11,1
IJV;NL:Q:47650008;Vaassen-Noord;Vaassen;27,0;11,6;21,0;5,5;9,8;2,8
IJV;NL:Q:47650009;Centrum;Vaassen;25,6;16,0;14,4;13,0;8,4;7,8
IJV;NL:Q:47651001;Handelsebrug;Emst;13,7;12,3;4,0;4,5;2,1;3,2
IJV;NL:Q:47651002;Handelsebrug;Emst;15,5;12,3;4,3;3,7;2,4;2,4
IJV;NL:Q:47651003;Hezeplein;Emst;16,8;15,2;8,1;8,2;4,0;4,7
IJV;NL:Q:47651004;Hezeplein;Emst;15,7;15,5;9,4;9,4;5,0;4,4
IJV;NL:Q:47651005;Oranjeweg;Emst;4,5;7,9;2,6;3,7;1,3;2,4
IJV;NL:Q:47651006;Oranjeweg;Emst;7,9;4,5;3,4;2,2;2,4;1,1
IJV;NL:Q:47713001;Landgoed Hulshorst;Hulshorst;1,2;0,6;1,8;0,7;0,0;0,0
IJV;NL:Q:47713003;Oudeweg;Hulshorst;1,3;1,4;1,1;0,8;0,1;0,0
IJV;NL:Q:47713004;Oudeweg;Hulshorst;1,4;1,6;0,6;1,0;0,0;0,0
IJV;NL:Q:47713005;Varelseweg;Hulshorst;1,4;1,3;1,0;0,3;0,0;0,0
IJV;NL:Q:47713006;Varelseweg;Hulshorst;1,5;1,0;0,6;0,6;0,0;0,0
IJV;NL:Q:47713007;School Hulshorst;Hulshorst;1,6;1,3;0,8;0,8;0,0;0,0
IJV;NL:Q:47713008;School Hulshorst;Hulshorst;1,3;1,0;0,8;0,7;0,0;0,0
IJV;NL:Q:47713009;Onder de Bos;Hulshorst;0,5;0,4;0,3;0,2;0,0;0,0
IJV;NL:Q:47713010;Onder de Bos;Hulshorst;0,6;0,5;0,2;0,4;0,0;0,0
IJV;NL:Q:47716002;Vreeweg;Nunspeet;3,6;2,7;0,5;0,6;0,1;0,0
IJV;NL:Q:47724001;Dorpsplein;Nijbroek;0,2;0,1;0,1;0,0;0,0;0,1
IJV;NL:Q:47724002;Dorpsplein;Nijbroek;0,2;0,2;0,0;0,1;0,0;0,1
IJV;NL:Q:47730001;Emstermate;Terwolde;0,0;0,0;0,0;0,0;0,0;0,0
IJV;NL:Q:47730002;Emstermate;Terwolde;0,0;0,0;0,0;0,0;0,0;0,1
IJV;NL:Q:47730003;Twelloseweg;Terwolde;0,1;0,1;0,0;0,0;0,0;0,0
IJV;NL:Q:47730004;Twelloseweg;Terwolde;0,1;0,2;0,0;0,0;0,0;0,1
IJV;NL:Q:47730005;Molenweg;Terwolde;2,1;0,3;0,7;0,2;0,2;0,1
IJV;NL:Q:47730006;Molenweg;Terwolde;0,7;2,0;0,3;0,6;0,1;0,4
IJV;NL:Q:47730007;Molen De Ooievaar;Terwolde;0,2;0,0;0,0;0,0;0,1;0,0
IJV;NL:Q:47730008;Molen De Ooievaar;Terwolde;0,1;0,2;0,0;0,1;0,0;0,0
IJV;NL:Q:47786021;Camping de Tol;Nunspeet;0,2;0,1;0,3;0,2;0,0;0,1
IJV;NL:Q:47786023;Halfweg;Nunspeet;1,7;0,2;0,7;0,2;0,1;0,0
IJV;NL:Q:47786024;Halfweg;Nunspeet;0,2;2,1;0,2;0,6;0,0;0,0
IJV;NL:Q:47788004;De Mallejan;Vierhouten;0,7;1,3;0,5;1,2;0,2;0,0
IJV;NL:Q:47830010;Krijtenberg;Wijhe;2,0;2,2;1,1;0,7;0,0;0,0
IJV;NL:Q:47831503;Boerhaar;Boerhaar;0,3;0,2;0,1;0,1;0,0;0,0
IJV;NL:Q:47831611;Station;Wijhe;1,3;4,1;0,9;1,9;0,0;0,0
IJV;NL:Q:47839001;Havenpoort;Wijhe;0,3;0,3;0,0;0,1;0,0;0,0
IJV;NL:Q:47850010;Kerk;Boskamp;0,8;0,8;0,0;0,0;0,0;0,0
IJV;NL:Q:47850020;Kerk;Boskamp;0,5;0,8;0,0;0,0;0,0;0,0
IJV;NL:Q:47850030;Stenen Kruis;Eikelhof;0,0;0,1;0,0;0,0;0,0;0,0
IJV;NL:Q:47850040;Stenen Kruis;Eikelhof;0,2;0,1;0,0;0,0;0,0;0,0
IJV;NL:Q:47882022;Landgoed Noorderheide;Elspeet;0,0;0,2;0,0;0,1;0,0;0,0
IJV;NL:Q:47888001;Centrum;Vierhouten;4,9;1,9;3,7;1,5;0,4;0,2
IJV;NL:Q:47888002;Centrum;Vierhouten;2,0;5,4;1,5;6,3;0,3;0,2
IJV;NL:Q:47888003;De Mallejan;Vierhouten;1,3;0,5;1,4;0,6;0,1;0,1
IJV;NL:Q:47888005;Noordkampen;Vierhouten;1,4;0,4;0,8;0,1;0,1;0,1
IJV;NL:Q:47888006;Noordkampen;Vierhouten;0,4;2,4;0,3;1,2;0,0;0,1
IJV;NL:Q:47888007;'t Frusselt;Vierhouten;0,8;0,4;0,5;0,3;0,0;0,2
IJV;NL:Q:47888008;'t Frusselt;Vierhouten;0,1;0,8;0,2;1,0;0,0;0,0
IJV;NL:Q:47888009;Elspeterbosweg;Vierhouten;0,2;0,1;0,2;0,2;0,0;0,0
IJV;NL:Q:47888010;Elspeterbosweg;Vierhouten;0,1;0,4;0,2;0,3;0,0;0,1
IJV;NL:Q:47890001;Osnabruckstraat;Deventer;0,0;0,4;0,0;0,0;0,0;0,0
IJV;NL:Q:47890002;Osnabruckstraat;Deventer;0,3;0,1;0,0;0,0;0,0;0,0
IJV;NL:Q:47892001;Schouwburg/Centrum;Deventer;138,2;37,6;159,2;16,2;67,2;6,2
IJV;NL:Q:47892002;Schouwburg/Centrum;Deventer;123,0;162,6;77,5;218,0;46,0;82,2
IJV;NL:Q:47899001;Van Wijnen;Deventer;0,2;4,7;0,0;0,0;0,0;0,0
IJV;NL:Q:47899002;Van Wijnen;Deventer;4,2;0,5;0,0;0,0;0,0;0,0
IJV;NL:Q:47899903;De Scheg;Deventer;18,7;96,1;11,9;79,4;4,3;34,0
IJV;NL:Q:47899904;De Scheg;Deventer;69,6;9,0;70,8;4,7;25,3;1,3
IJV;NL:Q:47899905;De Scheg;Deventer;0,8;7,2;0,3;6,8;0,2;5,0
IJV;NL:Q:47899909;Huize Salland;Deventer;1,6;15,3;1,7;10,0;1,1;4,7
IJV;NL:Q:47899910;Huize Salland;Deventer;15,5;2,2;10,5;1,6;3,9;1,2
IJV;NL:Q:47899913;Brandweerdam;Deventer;5,0;18,8;3,5;7,0;2,6;3,6
IJV;NL:Q:47899914;Brandweerdam;Deventer;18,2;6,5;5,5;4,6;2,6;6,6
IJV;NL:Q:47908350;Nieuwe Deventerweg;Zwolle;23,4;1,3;16,3;0,8;9,8;0,4
IJV;NL:Q:47909001;Oostriklaan;Deventer;3,0;5,9;1,7;2,9;1,2;1,8
IJV;NL:Q:47909002;Oostriklaan;Deventer;2,4;3,5;1,0;3,3;0,6;1,7
IJV;NL:Q:49000010;Bouwweg;Lelystad;2,6;10,4;0,3;0,9;0,1;0,6
IJV;NL:Q:49000020;Atolplaza;Lelystad;17,4;17,6;7,6;6,8;2,6;3,8
IJV;NL:Q:49000040;Ziekenhuis;Lelystad;59,2;39,8;44,9;14,4;13,4;5,9
IJV;NL:Q:49000050;Lelycentre/Houtribdreef;Lelystad;104,3;39,9;65,1;24,5;18,6;10,4
IJV;NL:Q:49000060;Rotondebrug;Lelystad;12,1;9,9;9,2;10,3;5,3;7,2
IJV;NL:Q:49000070;Rotondebrug;Lelystad;15,1;7,5;13,2;9,5;6,9;4,4
IJV;NL:Q:49000080;Politiebrug;Lelystad;14,0;5,7;7,2;2,4;3,8;1,3
IJV;NL:Q:49000101;Lelycentre/Houtribdreef;Lelystad;20,4;66,5;14,8;42,1;8,8;17,1
IJV;NL:Q:49000120;Plantagebrug;Lelystad;25,2;14,7;14,4;8,0;7,9;4,3
IJV;NL:Q:49000140;Zwembad De Koploper;Lelystad;15,8;18,5;7,5;7,8;2,2;3,6
IJV;NL:Q:49000162;Oostkaap;Lelystad;21,6;20,6;10,6;10,8;3,8;3,6
IJV;NL:Q:49000170;Centrumbrug;Lelystad;20,1;49,8;15,4;35,8;11,5;25,6
IJV;NL:Q:49000171;Centrumbrug;Lelystad;50,9;16,2;34,3;14,4;19,4;10,4
IJV;NL:Q:49000180;Oostvaardersbrug;Lelystad;12,5;20,1;9,0;12,3;3,2;5,5
IJV;NL:Q:49000220;Bingerden;Lelystad;28,9;24,4;9,7;8,7;4,2;4,3
IJV;NL:Q:49000250;Vecht;Lelystad;27,4;25,9;12,2;14,9;4,6;5,7
IJV;NL:Q:49000280;Gooisebrug;Lelystad;8,5;35,0;3,7;17,6;1,3;8,8
IJV;NL:Q:49000290;Schouwbrug;Lelystad;7,2;21,5;3,9;15,5;2,7;4,8
IJV;NL:Q:49000300;Schouwbrug;Lelystad;23,4;2,3;12,3;1,2;6,3;0,4
IJV;NL:Q:49000320;Bongerd;Lelystad;29,7;28,3;16,8;15,1;7,4;8,5
IJV;NL:Q:49000340;Botterbrug;Lelystad;2,0;6,9;0,8;4,2;0,8;2,9
IJV;NL:Q:49000350;Botterbrug;Lelystad;4,1;3,3;1,8;1,3;1,2;0,8
IJV;NL:Q:49000370;Reygersbeek;Lelystad;18,6;7,0;14,1;5,0;13,0;5,2
IJV;NL:Q:49000380;Eaglelaan;Lelystad;2,0;1,6;0,7;0,7;0,0;0,0
IJV;NL:Q:49000400;Albatroslaan;Lelystad;4,7;3,9;1,5;1,1;0,0;0,0
IJV;NL:Q:49000430;Oostrandbrug;Lelystad;2,8;10,2;1,7;3,7;0,3;2,0
IJV;NL:Q:49000450;Val van Urk;Lelystad;41,6;41,8;21,3;23,9;8,6;11,0
IJV;NL:Q:49000470;Oostrandbrug;Lelystad;12,7;1,1;6,2;0,9;1,0;0,2
IJV;NL:Q:49000480;Golfpark;Lelystad;0,2;1,2;0,3;2,3;0,0;0,0
IJV;NL:Q:49000520;Houtribhoogte;Lelystad;0,9;2,0;0,5;1,3;0,0;0,0
IJV;NL:Q:49000530;Schroefstraat;Lelystad;5,7;7,5;1,9;2,7;1,1;2,9
IJV;NL:Q:49000550;Langezand;Lelystad;18,2;17,5;7,5;9,5;3,4;4,1
IJV;NL:Q:49000580;Parkhaven;Lelystad;0,8;0,2;0,3;0,0;0,0;0,0
IJV;NL:Q:49000590;Deko Marina;Lelystad;0,3;0,5;0,3;0,3;0,0;0,0
IJV;NL:Q:49000600;Werkeiland;Lelystad;11,1;0,3;6,8;0,3;3,4;0,2
IJV;NL:Q:49000610;Werkeiland;Lelystad;2,4;20,0;2,1;12,0;1,1;6,9
IJV;NL:Q:49000620;Monnickendamstraat;Lelystad-Haven;33,5;47,3;15,9;24,5;7,0;12,7
IJV;NL:Q:49000630;Lemmerkade;Lelystad-Haven;22,9;0,4;16,1;0,3;8,2;0,1
IJV;NL:Q:49000640;Hondsdraf;Lelystad;0,5;4,9;0,0;0,0;0,0;0,0
IJV;NL:Q:49000660;Lemmerkade;Lelystad-Haven;28,3;15,5;18,8;9,8;9,6;5,3
IJV;NL:Q:49000670;Ringdijk;Lelystad-Haven;60,9;69,4;45,8;52,5;17,0;22,8
IJV;NL:Q:49000700;Houtribhoogte;Lelystad;1,2;0,4;0,3;0,3;0,0;0,0
IJV;NL:Q:49000710;Warande;Lelystad;5,1;37,6;4,3;15,8;1,4;8,1
IJV;NL:Q:49000720;Warande;Lelystad;37,0;0,7;14,3;0,5;5,9;0,1
IJV;NL:Q:49000730;H. Bekiusschool - De Rede;Lelystad;1,1;0,5;0,0;0,0;0,0;0,0
IJV;NL:Q:49000750;Vlieterbrug;Lelystad;18,5;8,5;10,7;6,9;5,2;3,7
IJV;NL:Q:49000800;Vlieterbrug;Lelystad;12,5;15,0;7,4;9,3;5,4;6,4
IJV;NL:Q:49000850;Kwikstraat;Lelystad;4,2;0,8;1,4;0,1;0,3;0,0
IJV;NL:Q:49000870;Houtribsluis;Lelystad;1,1;0,5;1,3;0,6;0,0;0,0
IJV;NL:Q:49000900;Parlaan;Lelystad;1,5;0,9;1,2;0,5;0,0;0,0
IJV;NL:Q:49000950;Bronsweg;Lelystad;0,2;0,1;0,0;0,0;0,0;0,0
IJV;NL:Q:49000970;Beginweg;Lelystad;0,7;0,4;0,3;0,1;0,0;0,0
IJV;NL:Q:49000990;Jagersveld;Lelystad;10,4;0,4;3,9;0,0;0,0;0,0
IJV;NL:Q:49001000;Buitenhof;Lelystad;9,0;6,4;3,5;0,6;0,0;0,0
IJV;NL:Q:49001020;Hondsdraf;Lelystad;2,1;0,3;0,4;1,9;0,0;0,0
IJV;NL:Q:49001210;Houtribweg;Lelystad;14,1;3,5;1,8;0,9;1,0;0,3
IJV;NL:Q:49001220;Houtribweg;Lelystad;3,7;15,4;0,4;2,2;0,3;1,8
IJV;NL:Q:49001440;Geulbrug;Lelystad;1,3;3,9;0,3;1,8;0,2;1,4
IJV;NL:Q:49001450;Geulbrug;Lelystad;10,8;3,8;4,9;1,6;2,5;0,4
IJV;NL:Q:49001540;Gorsbrug;Lelystad;1,7;2,1;0,4;0,8;0,2;0,8
IJV;NL:Q:49001550;Gorsbrug;Lelystad;10,5;5,4;3,3;2,0;1,5;1,5
IJV;NL:Q:49001650;Agora;Lelystad;81,3;49,8;45,2;36,7;25,3;17,5
IJV;NL:Q:49001680;Salland;Lelystad;10,0;1,1;5,8;0,2;2,4;0,2
IJV;NL:Q:49001690;Salland;Lelystad;1,5;12,6;1,5;6,6;0,8;3,1
IJV;NL:Q:49001700;Agora;Lelystad;49,6;23,1;28,5;5,0;15,1;6,1
IJV;NL:Q:49001730;Veluwezoom;Lelystad;1,4;15,9;1,3;7,1;0,4;2,6
IJV;NL:Q:49001740;Veluwezoom;Lelystad;15,8;0,6;7,0;0,2;2,3;0,1
IJV;NL:Q:49001750;Baronie;Lelystad;15,2;0,6;6,4;0,5;2,8;0,1
IJV;NL:Q:49001760;Baronie;Lelystad;2,0;15,9;1,7;7,8;0,7;2,9
IJV;NL:Q:49002300;Jol West;Lelystad;2,8;10,5;1,4;6,7;0,5;2,5
IJV;NL:Q:49002310;Jol West;Lelystad;8,7;0,2;6,8;0,1;2,6;0,0
IJV;NL:Q:49002400;Winkelcentrum Jol;Lelystad;11,9;43,4;7,9;29,1;3,4;11,4
IJV;NL:Q:49002410;Winkelcentrum Jol;Lelystad;38,5;1,8;26,8;0,3;8,6;0,1
IJV;NL:Q:49002500;Punter Zuid;Lelystad;2,0;16,0;0,7;8,4;0,4;3,2
IJV;NL:Q:49002600;Punter;Lelystad;4,5;22,9;2,2;12,2;0,6;4,4
IJV;NL:Q:49002610;Punter;Lelystad;28,3;0,7;16,2;0,1;5,6;0,0
IJV;NL:Q:49002700;Gondel Noord;Lelystad;2,8;23,1;1,6;14,9;1,1;5,2
IJV;NL:Q:49002710;Gondel Noord;Lelystad;19,9;0,8;14,3;0,5;3,7;0,1
IJV;NL:Q:49002900;Winkelcentrum Kempenaar;Lelystad;0,0;0,3;0,0;0,3;0,0;0,0
IJV;NL:Q:49002910;Winkelcentrum Kempenaar;Lelystad;0,3;0,1;0,1;0,1;0,0;0,0
IJV;NL:Q:49003000;Kempenaar Midden;Lelystad;0,1;0,2;0,1;0,3;0,0;0,0
IJV;NL:Q:49003010;Kempenaar Midden;Lelystad;0,5;0,1;0,2;0,0;0,0;0,0
IJV;NL:Q:49003250;Ziekenhuis;Lelystad;43,4;73,2;22,9;43,7;7,9;11,6
IJV;NL:Q:49003300;De Hoven;Lelystad;35,2;47,7;10,1;25,7;5,9;10,4
IJV;NL:Q:49003320;De Hoven;Lelystad;71,9;18,1;38,5;4,6;26,2;3,4
IJV;NL:Q:49003360;'t Laar;Lelystad;1,2;3,4;0,8;2,1;0,3;0,6
IJV;NL:Q:49003370;'t Laar;Lelystad;2,4;3,6;0,9;1,4;0,5;0,4
IJV;NL:Q:49003500;Wold;Lelystad;28,4;7,1;14,8;3,8;5,9;2,3
IJV;NL:Q:49003510;Wold;Lelystad;2,4;18,0;1,1;10,8;0,6;5,0
IJV;NL:Q:49003600;Winkelcentrum Kamp;Lelystad;52,4;19,4;33,5;13,0;14,3;6,1
IJV;NL:Q:49003610;Winkelcentrum Kamp;Lelystad;5,6;42,0;3,1;27,8;1,8;14,4
IJV;NL:Q:49003700;Horst;Lelystad;24,3;13,2;13,8;7,2;4,0;4,0
IJV;NL:Q:49003710;Horst;Lelystad;4,7;14,0;1,9;10,9;1,3;4,6
IJV;NL:Q:49003900;Nienoord;Lelystad;6,4;16,9;3,2;10,5;1,4;6,3
IJV;NL:Q:49004000;Nienoord;Lelystad;25,1;12,5;12,9;7,4;6,4;3,5
IJV;NL:Q:49004110;Slotenlaan;Lelystad;18,8;50,7;9,5;27,3;5,3;14,4
IJV;NL:Q:49004120;Slotenlaan;Lelystad;62,2;7,7;34,5;3,8;11,9;2,4
IJV;NL:Q:49004240;Oostzeestraat;Lelystad;127,0;35,4;85,2;25,7;33,1;12,6
IJV;NL:Q:49004250;Oostzeestraat;Lelystad;6,1;123,5;5,1;81,8;3,8;39,4
IJV;NL:Q:49004270;Westhoven;Lelystad;7,6;8,9;2,3;4,0;1,1;1,6
IJV;NL:Q:49004340;Zwartezeestraat;Lelystad;53,1;16,5;27,2;11,8;12,8;6,8
IJV;NL:Q:49004350;Zwartezeestraat;Lelystad;10,7;44,0;5,0;24,3;2,6;12,9
IJV;NL:Q:49004500;De Rietlanden;Lelystad;21,9;21,7;4,5;5,8;1,9;3,4
IJV;NL:Q:49004510;Penitentiaire Inrichting;Lelystad;16,7;10,9;4,9;1,4;2,3;0,8
IJV;NL:Q:49004550;De Rietlanden;Lelystad;20,5;27,6;4,2;5,4;2,4;3,2
IJV;NL:Q:49004900;Bouwweg;Lelystad;7,1;0,9;1,4;0,2;0,3;0,0
IJV;NL:Q:49005010;Station Centrum;Lelystad;281,3;1138,3;220,4;723,0;137,0;392,2
IJV;NL:Q:49005020;Station Centrum;Lelystad;77,7;4,1;26,0;2,0;14,0;1,1
IJV;NL:Q:49005030;Station Centrum;Lelystad;263,8;31,0;92,5;5,9;64,1;4,0
IJV;NL:Q:49005040;Station Centrum;Lelystad;371,1;369,3;357,5;197,9;217,6;124,3
IJV;NL:Q:49005050;Station Centrum;Lelystad;490,1;234,7;271,5;147,9;151,5;62,8
IJV;NL:Q:49005060;Station Centrum;Lelystad;250,9;112,2;116,2;51,8;56,1;20,4
IJV;NL:Q:49005070;Station Centrum;Lelystad;332,2;204,1;195,1;125,3;93,6;51,0
IJV;NL:Q:49005150;Vestebrug;Lelystad;5,5;2,2;2,1;1,0;1,0;0,4
IJV;NL:Q:49005200;Vestebrug;Lelystad;3,6;6,0;1,3;2,1;0,4;0,9
IJV;NL:Q:49005250;Schansbrug;Lelystad;19,8;3,2;12,8;0,8;6,8;0,3
IJV;NL:Q:49005300;Schansbrug;Lelystad;6,4;9,6;4,9;5,1;1,8;1,7
IJV;NL:Q:49005350;Politiebrug;Lelystad;5,2;21,1;2,8;11,5;2,4;6,1
IJV;NL:Q:49005400;Oostranddreef;Lelystad;3,1;3,5;0,9;1,2;0,3;0,4
IJV;NL:Q:49005500;Runderweg;Lelystad;1,3;0,8;0,0;0,0;0,0;0,0
IJV;NL:Q:49005550;Karveelbrug;Lelystad;14,7;2,5;8,3;2,6;5,4;3,0
IJV;NL:Q:49005600;Karveelbrug;Lelystad;4,1;17,6;4,4;11,4;3,2;8,5
IJV;NL:Q:49005650;Kempenaarbrug;Lelystad;32,5;5,2;17,4;6,0;8,2;4,0
IJV;NL:Q:49005700;Kempenaarbrug;Lelystad;6,9;31,7;5,2;19,6;3,1;12,0
IJV;NL:Q:49005750;Boeierbrug;Lelystad;28,1;1,6;18,6;1,8;10,9;1,3
IJV;NL:Q:49005800;Boeierbrug;Lelystad;15,6;22,0;18,3;14,0;15,3;10,9
IJV;NL:Q:49005850;Bataviahaven;Lelystad;11,7;14,7;11,4;12,8;7,2;6,1
IJV;NL:Q:49005920;Batavia Stad;Lelystad;126,7;164,8;229,7;263,8;159,4;188,8
IJV;NL:Q:49005950;Crematorium;Lelystad;0,8;0,4;1,1;0,1;0,1;0,0
IJV;NL:Q:49006460;Gondel Zuid;Lelystad;3,1;23,5;1,4;11,9;1,2;4,7
IJV;NL:Q:49006470;Gondel Zuid;Lelystad;19,0;0,6;12,3;0,3;3,5;0,1
IJV;NL:Q:49006500;Crematorium;Lelystad;0,4;1,3;0,1;1,5;0,0;0,3
IJV;NL:Q:49006800;Pekstraat;Lelystad;0,6;5,8;0,0;0,4;0,0;0,2
IJV;NL:Q:49006850;Pekstraat;Lelystad;3,4;1,2;0,0;0,0;0,0;0,0
IJV;NL:Q:49007200;Vaartweg;Lelystad;4,7;15,5;1,7;6,4;0,1;0,7
IJV;NL:Q:49007250;Vaartweg;Lelystad;11,5;1,2;4,6;0,7;0,4;0,2
IJV;NL:Q:49007530;Galjoenbrug;Lelystad;7,1;22,8;4,9;11,0;2,5;6,9
IJV;NL:Q:49007540;Galjoenbrug;Lelystad;18,4;1,7;9,5;0,7;4,8;0,5
IJV;NL:Q:49007550;Bedrijvenbrug;Lelystad;2,0;9,4;1,8;5,7;1,3;3,6
IJV;NL:Q:49007560;Bedrijvenbrug;Lelystad;7,3;1,5;3,3;1,9;1,7;1,4
IJV;NL:Q:49007850;Tjalk/Groenhorst;Lelystad;7,4;3,9;2,4;3,3;0,7;0,8
IJV;NL:Q:49007860;Tjalk/Groenhorst;Lelystad;3,6;6,5;1,5;2,8;0,6;1,2
IJV;NL:Q:49007870;Winkelcentrum Tjalk;Lelystad;7,5;8,3;5,6;5,3;1,4;1,9
IJV;NL:Q:49007880;Winkelcentrum Tjalk;Lelystad;11,2;9,6;7,8;7,3;2,7;2,6
IJV;NL:Q:49008050;Winkelcentrum Botter;Lelystad;16,6;5,0;9,4;3,1;3,0;0,7
IJV;NL:Q:49008060;Winkelcentrum Botter;Lelystad;7,5;17,9;4,2;10,1;1,3;3,4
IJV;NL:Q:49008150;Schoener;Lelystad;11,5;1,0;6,2;0,6;1,9;0,3
IJV;NL:Q:49008160;Schoener;Lelystad;2,8;10,9;1,5;6,2;0,4;3,5
IJV;NL:Q:49008250;Stuwweg;Lelystad;8,2;0,9;1,8;0,4;0,6;0,2
IJV;NL:Q:49008260;Stuwweg;Lelystad;3,2;13,2;0,8;3,2;0,3;1,2
IJV;NL:Q:49008290;Haagwinde;Lelystad;21,8;1,5;6,6;0,2;2,2;0,1
IJV;NL:Q:49008300;Haagwinde;Lelystad;8,6;24,0;3,7;7,6;1,4;2,4
IJV;NL:Q:49008310;Klaproos;Lelystad;15,1;0,5;7,7;0,1;4,0;0,0
IJV;NL:Q:49008320;Klaproos;Lelystad;2,0;17,3;1,5;9,3;0,6;3,9
IJV;NL:Q:49008330;Hollandse Hout;Lelystad;7,7;12,4;3,4;6,9;1,3;2,4
IJV;NL:Q:49008810;Palazzo;Lelystad;25,9;40,3;11,7;9,4;14,1;6,4
IJV;NL:Q:49008820;Palazzo;Lelystad;41,0;34,3;13,3;15,8;9,9;15,7
IJV;NL:Q:49008850;Larserpoortweg;Lelystad;8,9;3,9;5,2;0,8;4,6;0,6
IJV;NL:Q:49009090;Duinbeek;Lelystad;45,3;21,1;13,2;9,3;6,6;5,6
IJV;NL:Q:49009095;Duinbeek;Lelystad;8,7;41,9;3,1;14,2;1,9;7,2
IJV;NL:Q:49009991;Emmawijk/Centrum;Zwolle;221,3;139,1;86,6;130,0;56,6;45,3
IJV;NL:Q:49009992;Emmawijk/Centrum;Zwolle;104,3;85,2;103,6;34,6;46,8;17,3
IJV;NL:Q:49110010;Airport Plaza;Lelystad;2,5;2,5;1,2;0,6;0,4;0,2
IJV;NL:Q:49110030;Aviodrome;Lelystad;5,9;7,2;10,2;12,1;5,8;5,9
IJV;NL:Q:49110240;Larserpoort;Lelystad;15,6;0,1;3,5;0,1;2,9;0,1
IJV;NL:Q:49110250;Larserpoort;Lelystad;1,6;15,2;0,5;6,7;0,5;4,6
IJV;NL:Q:49110300;Giant/Pascallaan;Lelystad;4,6;8,4;1,6;1,1;0,8;0,4
IJV;NL:Q:49110330;Inditex / Mac3;Lelystad;30,9;39,4;7,8;12,6;8,0;12,9
IJV;NL:Q:49110340;Omroep Flevoland;Lelystad;4,3;0,1;0,2;0,0;0,1;0,1
IJV;NL:Q:49110350;Omroep Flevoland;Lelystad;0,7;6,6;0,1;0,1;0,0;0,2
IJV;NL:Q:49111010;Natuurpark;Lelystad;4,9;2,3;1,4;0,8;2,3;0,7
IJV;NL:Q:49111020;Larserpoortweg;Lelystad;3,5;18,9;1,0;8,6;0,7;6,7
IJV;NL:Q:49140010;Steenstraat;Lelystad;15,7;3,9;2,4;0,1;0,9;0,0
IJV;NL:Q:49140020;Steenstraat;Lelystad;4,0;18,5;0,1;2,9;0,0;0,7
IJV;NL:Q:49140050;Edelhertweg;Lelystad;0,3;0,0;0,0;0,0;0,0;0,0
IJV;NL:Q:49140060;Kwikstraat;Lelystad;0,9;3,6;0,1;1,4;0,0;0,2
IJV;NL:Q:49210010;Vogelweg;Lelystad;4,0;3,4;1,7;0,9;1,5;0,5
IJV;NL:Q:49210020;Natuurpark;Lelystad;2,2;6,2;1,6;2,3;1,1;2,2
IJV;NL:Q:49210040;Eendenweg;Lelystad;3,6;5,2;3,0;8,1;1,6;4,7
IJV;NL:Q:49210050;Eendenweg;Lelystad;3,4;4,2;5,2;3,1;3,1;1,4
IJV;NL:Q:49240010;Proefstation;Lelystad;1,6;0,2;0,2;0,1;0,0;0,0
IJV;NL:Q:49240020;Proefstation;Lelystad;0,1;1,7;0,0;0,3;0,0;0,1
IJV;NL:Q:49240030;Klokbekerweg;Lelystad;0,1;1,6;0,3;0,1;0,0;0,1
IJV;NL:Q:49240040;Klokbekerweg;Lelystad;2,0;0,4;0,1;0,3;0,1;0,0
IJV;NL:Q:49240050;Vuursteenweg;Swifterbant;0,1;0,2;0,3;0,1;0,1;0,0
IJV;NL:Q:49240060;Edelhertweg;Lelystad;0,0;0,2;0,1;0,1;0,0;0,0
IJV;NL:Q:49310010;Gooiseweg;Zeewolde;1,0;0,8;0,6;0,2;0,3;0,2
IJV;NL:Q:49310020;Vogelweg;Lelystad;2,8;2,3;0,9;1,7;0,6;1,6
IJV;NL:Q:49330050;Rietweg;Dronten;0,1;0,0;0,0;0,0;0,0;0,0
IJV;NL:Q:49340010;Bloemenwijk;Swifterbant;25,7;11,3;4,2;2,8;1,8;1,3
IJV;NL:Q:49340020;Bloemenwijk;Swifterbant;14,8;25,6;4,4;4,2;1,6;2,2
IJV;NL:Q:49340040;Industrieweg;Swifterbant;0,8;1,4;0,1;0,3;0,0;0,2
IJV;NL:Q:49340050;Industrieweg;Swifterbant;0,9;0,9;0,3;0,1;0,1;0,1
IJV;NL:Q:49340060;Rivierduinweg;Swifterbant;1,6;1,6;1,1;3,1;0,8;1,8
IJV;NL:Q:49340070;Rivierduinweg;Swifterbant;1,6;1,1;2,4;1,4;1,3;0,8
IJV;NL:Q:49340080;De Lange Streek;Swifterbant;19,6;33,2;8,1;6,1;3,0;2,5
IJV;NL:Q:49340090;De Lange Streek;Swifterbant;34,5;17,9;6,7;6,1;2,8;2,4
IJV;NL:Q:49340100;Tarpanweg;Swifterbant;2,7;6,3;0,8;1,4;0,3;0,6
IJV;NL:Q:49340120;Vuursteenweg;Swifterbant;0,3;0,1;0,0;0,3;0,2;0,3
IJV;NL:Q:49410010;Sternweg;Zeewolde;1,0;1,1;1,6;0,5;1,1;0,7
IJV;NL:Q:49410020;Gooiseweg;Zeewolde;0,5;0,8;0,1;0,5;0,2;0,3
IJV;NL:Q:49430020;Melisse;Dronten;3,7;11,5;2,6;4,7;1,5;3,4
IJV;NL:Q:49430030;Sint Antoniusgilde;Dronten;4,1;3,2;0,6;0,7;0,0;0,0
IJV;NL:Q:49430040;Sint Antoniusgilde;Dronten;3,8;2,0;0,0;0,0;0,0;0,0
IJV;NL:Q:49430050;De Haflinger;Dronten;0,3;3,2;0,1;0,5;0,0;0,0
IJV;NL:Q:49430060;De Haflinger;Dronten;2,6;0,0;0,5;0,0;0,0;0,0
IJV;NL:Q:49430070;Langstraat Zuid;Dronten;4,5;3,1;2,0;1,5;1,4;1,3
IJV;NL:Q:49430080;Langstraat Zuid;Dronten;3,7;3,4;1,6;1,6;1,3;1,2
IJV;NL:Q:49430090;De Killick;Dronten;0,0;1,4;0,0;0,2;0,0;0,0
IJV;NL:Q:49430100;De Killick;Dronten;0,1;0,1;0,0;0,0;0,0;0,0
IJV;NL:Q:49430110;Manege;Dronten;0,3;0,6;0,0;0,2;0,0;0,0
IJV;NL:Q:49430120;Manege;Dronten;1,0;0,3;0,0;0,0;0,0;0,0
IJV;NL:Q:49430130;De Ark;Dronten;7,3;2,9;4,5;0,7;2,4;0,4
IJV;NL:Q:49430140;De Ark;Dronten;3,0;7,1;0,9;3,1;0,4;2,1
IJV;NL:Q:49430150;Baskenstraat;Dronten;0,0;0,0;0,0;0,0;0,0;0,0
IJV;NL:Q:49430160;Golfresidentie;Dronten;3,8;0,8;1,0;0,2;0,0;0,0
IJV;NL:Q:49430170;Lijzijde;Dronten;0,1;1,3;0,1;0,3;0,0;0,0
IJV;NL:Q:49430180;Lijzijde;Dronten;1,4;0,3;0,0;0,0;0,0;0,0
IJV;NL:Q:49430210;Langstraat;Dronten;12,5;5,4;4,6;1,9;3,2;1,4
IJV;NL:Q:49430220;Langstraat;Dronten;4,1;10,4;1,6;3,8;1,2;2,9
IJV;NL:Q:49430230;Vermiljoen;Dronten;2,0;1,9;0,0;0,0;0,0;0,0
IJV;NL:Q:49430240;Vermiljoen;Dronten;0,3;2,1;0,1;0,9;0,0;0,0
IJV;NL:Q:49430260;Rietweg;Dronten;0,0;0,0;0,0;0,0;0,0;0,0
IJV;NL:Q:49430300;De Boeg;Dronten;0,0;0,0;0,0;0,0;0,0;0,0
IJV;NL:Q:49430310;De Ketting;Dronten;7,2;7,1;2,8;4,2;1,3;2,2
IJV;NL:Q:49430320;De Ketting;Dronten;9,0;6,4;4,3;2,3;2,7;1,5
IJV;NL:Q:49430391;Station;Dronten;51,4;49,5;0,1;15,3;0,0;7,8
IJV;NL:Q:49430393;Station;Dronten;0,2;0,0;0,0;0,0;0,0;0,0
IJV;NL:Q:49430400;De Lichtboei;Dronten;0,1;1,7;0,1;0,5;0,0;0,0
IJV;NL:Q:49430405;De Lichtboei;Dronten;2,8;0,2;0,1;0,0;0,0;0,0
IJV;NL:Q:49430421;Station;Dronten;100,0;114,3;14,6;7,6;6,8;2,6
IJV;NL:Q:49430422;Station;Dronten;81,7;108,0;23,6;31,4;16,5;19,2
IJV;NL:Q:49430423;Station;Dronten;0,0;0,1;0,0;0,0;0,0;0,0
IJV;NL:Q:49430425;Station;Dronten;76,0;71,6;12,3;9,1;0,0;0,0
IJV;NL:Q:49430430;Dukaat;Dronten;0,7;0,2;0,0;0,0;0,0;0,0
IJV;NL:Q:49430450;Het Spaarne;Dronten;7,6;9,6;0,8;0,5;0,5;0,3
IJV;NL:Q:49430460;Dukaat;Dronten;0,3;1,9;0,1;0,3;0,0;0,0
IJV;NL:Q:49430470;Rendierweg;Dronten;2,6;1,0;0,2;0,3;0,1;0,0
IJV;NL:Q:49430480;Het Spaarne;Dronten;5,7;7,0;0,4;0,9;0,2;0,2
IJV;NL:Q:49430490;Beiersgulden;Dronten;3,8;11,5;3,3;1,9;2,0;0,6
IJV;NL:Q:49430500;Rendierweg;Dronten;0,8;5,0;0,2;0,2;0,0;0,1
IJV;NL:Q:49430510;Eurosingel;Dronten;2,8;2,4;0,0;0,0;0,0;0,0
IJV;NL:Q:49430520;Eurosingel;Dronten;2,5;5,8;0,3;1,0;0,0;0,0
IJV;NL:Q:49430590;Aeres Hogeschool;Dronten;0,1;3,0;0,0;0,0;0,0;0,0
IJV;NL:Q:49430600;Aeres Hogeschool;Dronten;10,6;7,0;0,0;0,0;0,0;0,0
IJV;NL:Q:49430610;Beiersgulden;Dronten;9,4;2,7;6,0;1,2;2,7;0,8
IJV;NL:Q:49430620;De Morgen;Dronten;4,1;0,9;0,7;0,1;0,0;0,0
IJV;NL:Q:49430630;De Morgen;Dronten;0,4;3,3;0,0;0,1;0,0;0,0
IJV;NL:Q:49430640;De Barrage;Dronten;2,9;0,1;0,3;0,1;0,0;0,0
IJV;NL:Q:49430650;De Barrage;Dronten;0,1;2,5;0,0;0,0;0,0;0,0
IJV;NL:Q:49430740;Meerpaal;Dronten;4,6;23,5;1,3;14,8;0,6;5,2
IJV;NL:Q:49430750;Meerpaal;Dronten;27,1;5,0;11,6;2,0;5,2;1,1
IJV;NL:Q:49430760;Centrum;Dronten;62,2;88,9;8,9;11,0;5,2;5,2
IJV;NL:Q:49430770;Centrum;Dronten;51,7;8,0;13,7;1,4;7,9;1,6
IJV;NL:Q:49430780;Het Ruim;Dronten;1,8;2,4;1,0;1,1;0,0;0,0
IJV;NL:Q:49430790;Het Ruim;Dronten;0,2;2,1;0,1;0,1;0,0;0,0
IJV;NL:Q:49430800;Wkc Dronten-West;Dronten;5,6;6,8;1,6;0,8;0,0;0,0
IJV;NL:Q:49430820;Wijnvat;Dronten;6,4;0,4;0,1;0,1;0,0;0,0
IJV;NL:Q:49430830;Wijnvat;Dronten;0,6;5,3;0,1;1,4;0,0;0,0
IJV;NL:Q:49430840;Cobra;Dronten;3,3;7,0;0,0;0,0;0,0;0,0
IJV;NL:Q:49430850;Cobra;Dronten;7,1;2,8;2,3;0,8;0,0;0,0
IJV;NL:Q:49430860;Het Tussendek;Dronten;1,0;4,8;0,6;1,4;0,0;0,0
IJV;NL:Q:49430870;Het Tussendek;Dronten;2,8;0,9;0,0;0,0;0,0;0,0
IJV;NL:Q:49430880;Spiegelstraat;Dronten;0,1;0,7;0,0;0,1;0,0;0,0
IJV;NL:Q:49430890;Spiegelstraat;Dronten;0,8;0,1;0,0;0,0;0,0;0,0
IJV;NL:Q:49430900;Oud-Dronten;Dronten;0,0;1,4;0,0;0,1;0,0;0,0
IJV;NL:Q:49430910;Oud-Dronten;Dronten;1,7;0,1;0,0;0,0;0,0;0,0
IJV;NL:Q:49430920;Langstraat;Dronten;0,1;1,3;0,1;0,5;0,0;0,0
IJV;NL:Q:49430930;Langstraat;Dronten;1,1;0,2;0,0;0,0;0,0;0,0
IJV;NL:Q:49430940;Wkc Dronten-Zuid;Dronten;2,0;5,1;1,4;2,0;0,0;0,0
IJV;NL:Q:49430950;Wkc Dronten-Zuid;Dronten;6,8;1,2;0,1;0,0;0,0;0,0
IJV;NL:Q:49430960;Burgemeester Dekker Sportpark;Dronten;0,2;0,1;0,1;0,3;0,0;0,0
IJV;NL:Q:49430970;Burgemeester Dekker Sportpark;Dronten;0,1;0,7;0,0;0,0;0,0;0,0
IJV;NL:Q:49431020;Biddingringweg;Dronten;0,1;0,5;0,0;0,0;0,0;0,0
IJV;NL:Q:49431030;Biddingringweg;Dronten;2,2;0,3;0,0;0,0;0,0;0,0
IJV;NL:Q:49431110;Het Korhoen;Dronten;0,0;1,0;0,0;0,3;0,0;0,0
IJV;NL:Q:49431120;Het Korhoen;Dronten;3,3;0,1;0,0;0,0;0,0;0,0
IJV;NL:Q:49431130;De Lepelaar;Dronten;0,1;0,4;0,0;0,1;0,0;0,0
IJV;NL:Q:49431140;De Lepelaar;Dronten;0,7;0,1;0,0;0,0;0,0;0,0
IJV;NL:Q:49431150;De Reiger;Dronten;0,1;1,0;0,0;0,1;0,0;0,0
IJV;NL:Q:49431160;De Reiger;Dronten;1,1;0,2;0,0;0,0;0,0;0,0
IJV;NL:Q:49431170;Winter;Dronten;1,3;4,3;0,2;1,2;0,0;0,0
IJV;NL:Q:49440010;Elandweg;Swifterbant;0,1;0,3;0,0;0,1;0,1;0,0
IJV;NL:Q:49440020;Elandweg;Swifterbant;0,9;0,2;0,1;0,1;0,2;0,1
IJV;NL:Q:49440030;Tarpanweg;Swifterbant;6,4;2,8;1,9;0,5;0,6;0,4
IJV;NL:Q:49480010;Reigerweg;Zeewolde;1,8;1,0;0,0;0,0;0,0;0,0
IJV;NL:Q:49480020;Reigerweg;Zeewolde;1,0;1,7;0,0;0,0;0,0;0,0
IJV;NL:Q:49490010;Slingerpad;Zeewolde;0,6;1,1;0,0;0,0;0,0;0,0
IJV;NL:Q:49490020;Slingerpad;Zeewolde;1,1;0,6;0,0;0,0;0,0;0,0
IJV;NL:Q:49490030;Nijkerkersluis;Zeewolde;0,5;2,2;0,0;0,0;0,0;0,0
IJV;NL:Q:49490040;Nijkerkersluis;Zeewolde;1,6;0,5;0,0;0,0;0,0;0,0
IJV;NL:Q:49490090;Flevo-Nat/Wielseweg;Zeewolde;0,1;0,0;0,0;0,0;0,1;0,0
IJV;NL:Q:49490100;Flevo-Nat/Wielseweg;Zeewolde;0,0;0,1;0,0;0,0;0,0;0,0
IJV;NL:Q:49510020;Harderhaven;Harderhaven;11,0;34,5;12,3;13,2;9,7;8,7
IJV;NL:Q:49510030;Harderhaven;Harderhaven;38,9;7,5;13,6;6,3;9,8;3,3
IJV;NL:Q:49510040;Harderbroek;Zeewolde;0,3;0,5;0,2;0,1;0,2;0,1
IJV;NL:Q:49510080;Camping Flevostrand;Biddinghuizen;8,9;3,0;13,1;2,6;9,3;2,6
IJV;NL:Q:49510100;Sternweg;Zeewolde;0,8;2,1;0,6;2,9;0,5;3,9
IJV;NL:Q:49530010;Ketelweg;Dronten;0,1;0,2;0,0;0,0;0,0;0,0
IJV;NL:Q:49560070;Melisse;Dronten;12,3;3,1;4,4;2,1;3,2;1,5
IJV;NL:Q:49580010;Dodaarsweg;Zeewolde;2,2;0,7;0,0;0,0;0,0;0,0
IJV;NL:Q:49580020;Dodaarsweg;Zeewolde;0,4;2,2;0,0;0,0;0,0;0,0
IJV;NL:Q:49590010;Nulderpad;Zeewolde;0,1;1,2;0,0;0,0;0,0;0,0
IJV;NL:Q:49590020;Nulderpad;Zeewolde;0,7;0,3;0,0;0,0;0,0;0,0
IJV;NL:Q:49610015;Fokko Kortlanglaan;Ermelo;3,2;5,2;0,9;1,2;0,4;0,5
IJV;NL:Q:49610021;Bouw en Infrapark;Harderwijk;3,6;0,4;0,0;0,0;0,0;0,0
IJV;NL:Q:49610031;Boekhorstlaan;Harderwijk;0,4;3,6;0,0;0,0;0,0;0,0
IJV;NL:Q:49610090;Zuidwalstraat;Harderwijk;4,4;8,9;1,9;4,4;1,2;2,1
IJV;NL:Q:49611010;Wkc Stadsdennen;Harderwijk;0,4;0,1;0,0;0,0;0,0;0,0
IJV;NL:Q:49611020;J. P. Heijelaan;Harderwijk;1,1;0,1;0,0;0,0;0,0;0,0
IJV;NL:Q:49613003;Ziekenhuis Sint Jansdal;Harderwijk;3,2;22,1;0,0;0,0;0,0;0,0
IJV;NL:Q:49613010;Selhorstweg;Harderwijk;63,0;59,9;31,7;25,2;18,7;11,2
IJV;NL:Q:49613011;Alberdingk Thijmlaan;Harderwijk;16,0;1,8;0,0;0,0;0,0;0,0
IJV;NL:Q:49613017;Mecklenburglaan;Harderwijk;0,2;24,9;0,1;3,1;0,0;3,0
IJV;NL:Q:49613018;Mecklenburglaan;Harderwijk;21,7;0,5;2,6;0,1;2,5;0,0
IJV;NL:Q:49613019;Voorste Wei;Harderwijk;0,2;0,9;0,2;0,4;0,0;0,0
IJV;NL:Q:49613020;Voorste Wei;Harderwijk;0,8;0,2;0,3;0,0;0,0;0,0
IJV;NL:Q:49613021;Vliepad;Harderwijk;1,4;1,0;0,0;0,0;0,0;0,0
IJV;NL:Q:49613022;Vliepad;Harderwijk;0,2;1,2;0,0;0,1;0,0;0,0
IJV;NL:Q:49613023;Couperuslaan;Harderwijk;3,5;2,2;0,0;0,3;0,0;0,0
IJV;NL:Q:49613024;Couperuslaan;Harderwijk;1,5;4,5;0,1;0,0;0,0;0,0
IJV;NL:Q:49613025;Van Maerlantlaan;Harderwijk;0,5;0,4;0,0;0,0;0,0;0,0
IJV;NL:Q:49613026;Van Maerlantlaan;Harderwijk;0,2;1,0;0,0;0,0;0,0;0,0
IJV;NL:Q:49613027;Tweelingstad;Harderwijk;0,0;0,0;0,0;0,0;0,0;0,0
IJV;NL:Q:49613028;Tweelingstad;Harderwijk;0,0;0,0;0,0;0,0;0,1;0,0
IJV;NL:Q:49613029;Hotel Van der Valk;Harderwijk;0,2;0,3;0,0;0,0;0,0;0,0
IJV;NL:Q:49613030;Hotel Van der Valk;Harderwijk;2,3;1,6;0,0;0,0;0,0;0,0
IJV;NL:Q:49613033;Salentijnerhout;Harderwijk;2,8;4,4;0,0;0,0;0,0;0,0
IJV;NL:Q:49613034;Salentijnerhout;Harderwijk;3,5;2,0;0,0;0,0;0,0;0,0
IJV;NL:Q:49613035;Triasplein;Harderwijk;9,3;2,6;0,0;0,0;0,1;0,0
IJV;NL:Q:49613036;Triasplein;Harderwijk;3,0;9,9;0,0;0,0;0,0;0,1
IJV;NL:Q:49613037;Ragtimedreef;Harderwijk;1,3;2,2;0,0;0,0;0,0;0,0
IJV;NL:Q:49613038;Ragtimedreef;Harderwijk;1,7;1,4;0,0;0,0;0,0;0,0
IJV;NL:Q:49613039;IJsselmeerpad;Harderwijk;1,4;1,1;0,0;0,0;0,0;0,0
IJV;NL:Q:49613040;IJsselmeerpad;Harderwijk;0,9;1,3;0,0;0,0;0,0;0,0
IJV;NL:Q:49613041;De Roef;Harderwijk;1,9;1,5;0,0;0,0;0,0;0,0
IJV;NL:Q:49613042;De Roef;Harderwijk;0,6;2,4;0,0;0,0;0,0;0,0
IJV;NL:Q:49613045;Anne Franklaan;Harderwijk;0,1;0,8;0,0;0,2;0,0;0,0
IJV;NL:Q:49613046;Anne Franklaan;Harderwijk;4,8;2,5;0,3;0,0;0,0;0,0
IJV;NL:Q:49613049;De Wittenhagen;Harderwijk;0,7;0,0;0,1;0,0;0,0;0,0
IJV;NL:Q:49613052;Doornekamp;Harderwijk;0,2;0,4;0,0;0,0;0,0;0,0
IJV;NL:Q:49613054;Frankenskamp;Harderwijk;0,9;1,1;0,0;0,0;0,0;0,0
IJV;NL:Q:49613057;Kiekmure;Harderwijk;0,3;1,3;0,1;0,4;0,0;0,0
IJV;NL:Q:49613058;Kiekmure;Harderwijk;5,3;3,2;0,5;0,1;0,0;0,0
IJV;NL:Q:49613060;Lammertkamp;Harderwijk;0,8;0,5;0,0;0,0;0,0;0,0
IJV;NL:Q:49613068;Walstein;Harderwijk;2,0;1,3;0,0;0,0;0,0;0,0
IJV;NL:Q:49613070;Welkoop;Harderwijk;2,0;3,3;0,0;0,0;0,0;0,0
IJV;NL:Q:49613072;Zuiderzeestraatweg;Harderwijk;1,6;1,4;0,0;0,0;0,0;0,0
IJV;NL:Q:49613074;De Wittenhagen;Harderwijk;0,1;0,4;0,0;0,1;0,0;0,0
IJV;NL:Q:49613075;Burg. de Meesterstraat;Harderwijk;56,4;22,8;21,7;7,2;11,2;4,3
IJV;NL:Q:49613076;Burg. de Meesterstraat;Harderwijk;17,0;46,5;8,9;21,1;5,4;9,6
IJV;NL:Q:49613077;Dolfinarium;Harderwijk;83,6;26,3;65,3;29,3;28,0;14,7
IJV;NL:Q:49613078;Dolfinarium;Harderwijk;26,0;76,4;30,3;83,0;15,4;28,4
IJV;NL:Q:49613091;Ziekenhuis Sint Jansdal;Harderwijk;0,0;0,0;0,0;0,0;0,0;0,0
IJV;NL:Q:49613095;Ziekenhuis Sint Jansdal;Harderwijk;19,2;6,1;0,0;0,0;0,0;0,0
IJV;NL:Q:49613100;Ziekenhuis Sint Jansdal;Harderwijk;0,0;0,0;0,0;0,0;0,0;0,0
IJV;NL:Q:49613405;Plantage;Harderwijk;6,7;2,0;0,2;0,1;0,0;0,0
IJV;NL:Q:49613406;Plantage;Harderwijk;1,2;5,9;0,1;0,2;0,0;0,0
IJV;NL:Q:49613407;Centrum;Harderwijk;12,7;21,3;1,0;0,6;0,0;0,0
IJV;NL:Q:49613408;Centrum;Harderwijk;19,3;22,1;0,6;6,9;0,0;0,0
IJV;NL:Q:49613409;Selhorstweg;Harderwijk;49,8;25,5;24,1;22,5;13,6;9,2
IJV;NL:Q:49613412;Alberdingk Thijmlaan;Harderwijk;0,2;2,2;0,0;0,0;0,0;0,0
IJV;NL:Q:49613501;Westermeenweg;Harderwijk;68,7;23,8;5,0;8,3;1,0;5,4
IJV;NL:Q:49613502;Westermeenweg;Harderwijk;36,3;10,3;7,8;0,6;5,4;0,1
IJV;NL:Q:49613901;Station;Harderwijk;8,8;72,2;0,1;10,1;0,0;0,2
IJV;NL:Q:49613902;Station;Harderwijk;165,3;185,3;51,9;62,7;35,3;42,5
IJV;NL:Q:49613903;Station;Harderwijk;174,4;189,4;83,5;84,8;51,8;57,6
IJV;NL:Q:49613904;Station;Harderwijk;196,1;169,6;179,7;144,7;136,6;122,4
IJV;NL:Q:49613905;Station;Harderwijk;128,9;98,1;0,1;0,0;0,1;0,0
IJV;NL:Q:49613906;Station;Harderwijk;116,3;139,1;25,4;23,8;13,8;19,7
IJV;NL:Q:49613907;Station;Harderwijk;32,2;2,5;15,7;6,7;0,2;0,0
IJV;NL:Q:49614029;Deventerweg;Harderwijk;0,6;1,5;0,0;0,1;0,0;0,0
IJV;NL:Q:49614030;Deventerweg;Harderwijk;1,7;0,8;0,8;0,6;0,0;0,0
IJV;NL:Q:49614047;Goeman Borgesiuslaan;Harderwijk;0,1;1,4;0,0;0,2;0,0;0,0
IJV;NL:Q:49614048;Goeman Borgesiuslaan;Harderwijk;1,4;0,1;0,2;0,0;0,0;0,0
IJV;NL:Q:49619001;Buitenbrinkweg;Horst;0,0;0,9;0,0;0,5;0,0;0,0
IJV;NL:Q:49619002;Buitenbrinkweg;Horst;1,0;0,0;0,4;0,0;0,0;0,0
IJV;NL:Q:49630010;Camping Flevostrand;Biddinghuizen;2,7;8,7;4,1;9,2;3,0;5,0
IJV;NL:Q:49630020;Bremerbergweg;Biddinghuizen;5,3;7,1;5,4;6,2;2,4;5,0
IJV;NL:Q:49660010;Plein;Biddinghuizen;71,3;35,2;25,8;13,0;11,8;7,7
IJV;NL:Q:49660020;Plein;Biddinghuizen;43,9;71,3;17,7;24,4;9,2;14,3
IJV;NL:Q:49660030;Havenweg;Biddinghuizen;18,5;16,4;4,2;4,2;2,1;3,1
IJV;NL:Q:49660040;Havenweg;Biddinghuizen;15,6;20,8;2,5;4,1;2,5;2,6
IJV;NL:Q:49660050;Dreef;Biddinghuizen;24,5;21,7;6,5;6,9;2,9;3,4
IJV;NL:Q:49680010;Gruttoweg;Zeewolde;1,3;2,4;0,0;0,0;0,0;0,0
IJV;NL:Q:49680020;Gruttoweg;Zeewolde;1,8;0,9;0,0;0,0;0,0;0,0
IJV;NL:Q:49690010;Harderbroek;Zeewolde;0,2;0,6;0,1;0,2;0,1;0,1
IJV;NL:Q:49700010;De Eemhof;Zeewolde;1,5;2,2;0,9;1,0;0,8;0,6
IJV;NL:Q:49712001;Grevenhofsweg;Hierden;0,5;1,4;0,4;0,4;0,0;0,0
IJV;NL:Q:49712002;Grevenhofsweg;Hierden;1,2;1,2;0,3;0,6;0,0;0,0
IJV;NL:Q:49712003;Molenweg;Hierden;3,0;3,2;2,3;2,3;0,0;0,0
IJV;NL:Q:49712004;Molenweg;Hierden;2,9;4,1;1,6;3,5;0,0;0,1
IJV;NL:Q:49712005;Wijtgraaf;Hierden;2,7;1,0;2,3;0,5;0,0;0,0
IJV;NL:Q:49712006;Wijtgraaf;Hierden;1,1;2,0;0,9;1,5;0,0;0,0
IJV;NL:Q:49713002;Landgoed Hulshorst;Hulshorst;0,6;0,8;1,0;1,2;0,0;0,1
IJV;NL:Q:49713084;Voltastraat;Harderwijk;1,6;1,2;0,1;0,1;0,0;0,0
IJV;NL:Q:49713085;Voltastraat;Harderwijk;0,9;2,0;0,1;0,5;0,0;0,0
IJV;NL:Q:49713086;Celsiusstraat;Harderwijk;5,5;4,0;0,1;0,1;0,0;0,0
IJV;NL:Q:49713087;Celsiusstraat;Harderwijk;2,6;7,4;0,1;0,7;0,0;0,0
IJV;NL:Q:49713088;Kelvinstraat;Harderwijk;1,0;1,3;0,2;0,1;0,0;0,0
IJV;NL:Q:49713089;Kelvinstraat;Harderwijk;0,6;3,0;0,0;0,5;0,0;0,0
IJV;NL:Q:49720001;Sonneheerdt;Ermelo;20,9;11,0;0,4;0,2;0,5;0,1
IJV;NL:Q:49720003;Hamburgerweg;Ermelo;14,8;11,2;7,0;1,7;2,1;1,0
IJV;NL:Q:49720004;Hamburgerweg;Ermelo;11,6;14,0;2,7;6,5;1,1;1,7
IJV;NL:Q:49720005;Smidsweg;Ermelo;0,0;0,0;0,0;0,0;0,0;0,0
IJV;NL:Q:49720006;Smidsweg;Ermelo;0,0;0,0;0,0;0,0;0,0;0,0
IJV;NL:Q:49720007;Eendenparkweg;Ermelo;5,0;5,2;2,3;1,9;1,1;0,5
IJV;NL:Q:49720008;Eendenparkweg;Ermelo;5,4;5,4;1,8;1,6;0,7;0,6
IJV;NL:Q:49720009;Nassaulaan;Ermelo;11,0;2,0;2,0;1,1;1,3;0,5
IJV;NL:Q:49720010;Nassaulaan;Ermelo;1,9;10,1;0,7;2,0;0,4;1,0
IJV;NL:Q:49720011;Fazantlaan;Ermelo;1,2;2,7;0,9;1,3;0,6;0,5
IJV;NL:Q:49720012;Fazantlaan;Ermelo;2,5;1,2;1,1;0,9;0,4;0,3
IJV;NL:Q:49720016;Fokko Kortlanglaan;Ermelo;5,4;3,1;1,2;0,8;0,6;0,6
IJV;NL:Q:49720023;Varenhof;Ermelo;0,1;0,1;0,1;0,0;0,0;0,0
IJV;NL:Q:49720024;Varenhof;Ermelo;0,2;0,3;0,2;0,2;0,0;0,0
IJV;NL:Q:49720027;Dirk Staalweg;Ermelo;2,6;2,6;0,0;0,0;0,0;0,0
IJV;NL:Q:49720028;Dirk Staalweg;Ermelo;1,9;3,2;0,0;0,0;0,0;0,0
IJV;NL:Q:49720037;Station;Ermelo;6,3;3,8;1,0;2,6;0,0;0,0
IJV;NL:Q:49720038;Station;Ermelo;5,1;3,7;4,0;1,5;0,0;0,0
IJV;NL:Q:49720049;Lange Haeg;Ermelo;0,8;1,2;0,0;0,0;0,0;0,0
IJV;NL:Q:49720050;Lange Haeg;Ermelo;1,2;0,6;0,0;0,0;0,0;0,0
IJV;NL:Q:49720051;Veldwijkerweg;Ermelo;1,6;4,7;0,0;0,0;0,0;0,0
IJV;NL:Q:49720052;Veldwijkerweg;Ermelo;3,9;1,8;0,0;0,0;0,0;0,0
IJV;NL:Q:49720053;Dr. van Dalelaan;Ermelo;2,2;1,6;0,0;0,0;0,0;0,0
IJV;NL:Q:49720054;Dr. van Dalelaan;Ermelo;2,0;2,1;0,0;0,0;0,0;0,0
IJV;NL:Q:49720055;Generaal Spoorkazerne;Ermelo;0,4;0,7;0,0;0,0;0,0;0,0
IJV;NL:Q:49720056;Generaal Spoorkazerne;Ermelo;0,6;0,2;0,0;0,0;0,0;0,0
IJV;NL:Q:49720057;Triade;Ermelo;0,9;0,4;0,4;0,1;0,0;0,0
IJV;NL:Q:49720058;Triade;Ermelo;0,4;0,8;0,1;0,5;0,0;0,0
IJV;NL:Q:49720059;Gemeentehuis;Ermelo;0,8;0,6;0,7;0,8;0,0;0,0
IJV;NL:Q:49720060;Gemeentehuis;Ermelo;1,6;1,0;1,3;1,0;0,0;0,0
IJV;NL:Q:49720061;De Meerkanten;Ermelo;0,0;0,5;0,0;0,1;0,0;0,0
IJV;NL:Q:49720062;De Meerkanten;Ermelo;0,1;0,0;0,1;0,0;0,0;0,0
IJV;NL:Q:49720063;'t Weitje;Ermelo;10,3;11,6;4,8;7,2;2,2;3,8
IJV;NL:Q:49720064;'t Weitje;Ermelo;11,0;11,0;5,7;4,1;3,2;2,5
IJV;NL:Q:49720150;Kolbaanweg;Ermelo;0,7;0,6;0,0;0,0;0,0;0,0
IJV;NL:Q:49720160;Kolbaanweg;Ermelo;0,3;0,5;0,0;0,0;0,0;0,0
IJV;NL:Q:49720170;Molenaarsplein;Ermelo;0,8;0,6;0,1;0,7;0,0;0,0
IJV;NL:Q:49720180;Molenaarsplein;Ermelo;0,7;0,7;0,6;0,4;0,0;0,0
IJV;NL:Q:49726005;Horsterhoeve;Horst;0,3;0,8;0,2;0,4;0,0;0,0
IJV;NL:Q:49726006;Horsterhoeve;Horst;0,3;0,2;0,2;0,2;0,0;0,0
IJV;NL:Q:49726007;Groot Horloo;Horst;2,1;1,4;1,5;0,8;0,0;0,0
IJV;NL:Q:49726017;Zeeweg;Horst;0,1;2,2;0,1;0,8;0,0;0,0
IJV;NL:Q:49726018;Zeeweg;Horst;1,0;0,1;0,6;0,1;0,0;0,0
IJV;NL:Q:49730010;Alikruikweg;Biddinghuizen;1,0;2,7;0,2;1,6;0,1;0,8
IJV;NL:Q:49730020;Alikruikweg;Biddinghuizen;2,3;1,4;0,9;0,5;0,4;0,1
IJV;NL:Q:49730030;Bremerbergweg;Biddinghuizen;16,3;1,1;21,9;0,7;18,2;1,1
IJV;NL:Q:49730040;Dreef;Biddinghuizen;21,9;20,7;8,2;4,2;4,8;2,4
IJV;NL:Q:49730050;Bremerbergweg;Biddinghuizen;5,2;5,7;4,8;5,0;3,1;2,4
IJV;NL:Q:49730060;Bremerbergweg;Biddinghuizen;7,2;2,9;11,8;3,7;11,0;2,8
IJV;NL:Q:49783031;Sonnevanck;Harderwijk;0,9;1,2;0,0;0,0;0,0;0,0
IJV;NL:Q:49787007;Ullerberg;Leuvenum;0,1;0,1;0,0;0,0;0,0;0,0
IJV;NL:Q:49787008;Ullerberg;Leuvenum;0,0;0,5;0,0;0,0;0,0;0,0
IJV;NL:Q:49790020;Overloop;Zeewolde;23,3;18,1;0,2;0,1;0,1;0,1
IJV;NL:Q:49790030;Langezand;Zeewolde;3,1;20,9;1,5;14,2;0,9;7,7
IJV;NL:Q:49790040;Kwartiermakerslaan;Zeewolde;18,0;87,5;3,2;40,4;1,2;22,9
IJV;NL:Q:49790050;Oostergo;Zeewolde;11,0;6,1;12,6;3,3;5,8;1,6
IJV;NL:Q:49790060;Naarderweg;Zeewolde;25,8;16,4;0,3;0,1;0,1;0,0
IJV;NL:Q:49790070;Centrum;Zeewolde;5,5;32,3;3,9;20,5;2,7;9,7
IJV;NL:Q:49790090;Kluunpad;Zeewolde;15,7;14,6;0,0;0,0;0,0;0,0
IJV;NL:Q:49790100;NCC;Zeewolde;0,3;0,3;0,0;0,0;0,0;0,0
IJV;NL:Q:49790110;Speenkruid;Zeewolde;24,3;14,6;0,0;0,0;0,0;0,0
IJV;NL:Q:49790111;Fluitekruid;Zeewolde;10,1;4,9;6,7;7,6;3,1;4,2
IJV;NL:Q:49790120;Centrum;Zeewolde;24,4;6,1;0,0;0,0;0,0;0,0
IJV;NL:Q:49790121;Gildenveld;Zeewolde;0,1;0,1;2,6;1,4;1,7;0,9
IJV;NL:Q:49790130;Oostergo;Zeewolde;4,7;6,2;0,0;0,0;0,0;0,0
IJV;NL:Q:49790131;De Verbeelding;Zeewolde;9,5;7,3;6,8;6,2;5,1;4,4
IJV;NL:Q:49790141;Kastanjelaan;Zeewolde;0,1;0,2;1,9;1,5;1,8;0,8
IJV;NL:Q:49790150;Langezand;Zeewolde;16,6;2,1;0,0;0,0;0,0;0,0
IJV;NL:Q:49790160;RCN-Dasselaarweg;Zeewolde;0,5;1,2;0,0;0,1;0,0;0,0
IJV;NL:Q:49790170;RCN-Dasselaarweg;Zeewolde;0,9;0,6;0,1;0,0;0,0;0,0
IJV;NL:Q:49790181;RCN-Eikenlaan;Zeewolde;0,7;1,6;0,6;1,0;0,7;0,4
IJV;NL:Q:49790190;NCC;Zeewolde;0,2;0,5;0,0;0,1;0,0;0,0
IJV;NL:Q:49790200;Klein Hoefblad;Zeewolde;30,9;34,7;0,2;0,1;0,1;0,0
IJV;NL:Q:49790210;Mast;Zeewolde;18,6;35,4;0,7;0,9;0,3;1,4
IJV;NL:Q:49790220;Naarderweg;Zeewolde;23,1;27,4;10,1;7,0;4,7;3,5
IJV;NL:Q:49790230;Gildenveld;Zeewolde;0,1;0,0;0,3;0,0;0,2;0,0
IJV;NL:Q:49790250;Bolwerk;Zeewolde;1,3;4,5;0,0;0,0;0,0;0,0
IJV;NL:Q:49790260;Bolwerk;Zeewolde;4,3;1,3;0,0;0,0;0,0;0,0
IJV;NL:Q:49790270;Trekkersveld;Zeewolde;28,0;16,6;0,0;0,0;0,0;0,0
IJV;NL:Q:49790280;Trekkersveld;Zeewolde;16,6;25,9;0,0;0,0;0,0;0,0
IJV;NL:Q:49790290;RCN-Eikenlaan;Zeewolde;0,9;2,1;0,0;0,0;0,0;0,0
IJV;NL:Q:49790310;Industrieweg;Zeewolde;6,6;7,1;0,0;0,0;0,0;0,0
IJV;NL:Q:49790320;Industrieweg;Zeewolde;6,2;9,6;0,0;0,0;0,0;0,0
IJV;NL:Q:49790330;De Verbeelding;Zeewolde;9,4;10,3;0,0;0,0;0,0;0,0
IJV;NL:Q:49790340;Overloop;Zeewolde;22,7;24,8;8,1;7,5;5,8;5,0
IJV;NL:Q:49790350;Fluitekruid;Zeewolde;7,7;8,8;0,0;0,0;0,0;0,0
IJV;NL:Q:49790360;Mast;Zeewolde;33,5;11,9;11,2;1,8;6,2;1,6
IJV;NL:Q:49790380;Speenkruid;Zeewolde;19,1;24,0;10,3;7,8;5,2;5,2
IJV;NL:Q:49790400;Klein Hoefblad;Zeewolde;31,7;26,6;12,4;6,7;6,4;4,1
IJV;NL:Q:49790410;Schollevaar;Zeewolde;2,4;0,8;0,0;0,0;0,0;0,0
IJV;NL:Q:49790420;Kluunpad;Zeewolde;16,2;16,8;0,0;0,0;0,0;0,0
IJV;NL:Q:49790440;Schollevaar;Zeewolde;1,0;3,1;0,0;0,0;0,0;0,0
IJV;NL:Q:49790480;Kwartiermakerslaan;Zeewolde;82,3;12,8;37,0;1,2;18,6;0,7
IJV;NL:Q:49790490;Horsterweg;Zeewolde;8,3;13,8;0,0;0,0;0,0;0,0
IJV;NL:Q:49790520;Horsterweg;Zeewolde;13,8;8,7;0,0;0,0;0,0;0,0
IJV;NL:Q:49790530;Omloop;Zeewolde;10,8;4,7;5,3;0,4;2,3;0,3
IJV;NL:Q:49790535;Omloop;Zeewolde;5,4;9,6;0,6;4,3;0,3;2,2
IJV;NL:Q:49804001;Boshuis;Drie;0,2;0,0;0,3;0,2;0,0;0,0
IJV;NL:Q:49804002;Boshuis;Drie;0,0;0,3;0,1;0,4;0,0;0,0
IJV;NL:Q:49804003;Schaapskooi;Drie;0,4;0,0;0,8;0,1;0,0;0,0
IJV;NL:Q:49804004;Schaapskooi;Drie;0,0;0,7;0,0;0,7;0,0;0,0
IJV;NL:Q:49804005;Paalberg;Drie;0,6;0,1;0,8;0,0;0,0;0,0
IJV;NL:Q:49804006;Paalberg;Drie;0,0;0,7;0,0;0,8;0,0;0,0
IJV;NL:Q:49805003;Kriemelberg;Drie;0,4;0,1;0,2;0,1;0,0;0,0
IJV;NL:Q:49805004;Kriemelberg;Drie;0,0;0,5;0,0;0,4;0,0;0,0
IJV;NL:Q:49808001;Abri;Speuld;0,4;0,1;0,4;0,1;0,0;0,0
IJV;NL:Q:49808002;Abri;Speuld;0,1;0,5;0,0;0,1;0,0;0,0
IJV;NL:Q:49808003;Garderenseweg;Speuld;0,7;0,1;0,1;0,0;0,0;0,0
IJV;NL:Q:49808004;Garderenseweg;Speuld;0,1;0,9;0,0;0,1;0,0;0,0
IJV;NL:Q:49808005;Buurtweg;Speuld;0,1;0,0;0,1;0,0;0,0;0,0
IJV;NL:Q:49808006;Buurtweg;Speuld;0,0;0,2;0,0;0,1;0,0;0,0
IJV;NL:Q:49808011;De Bosrand;Speuld;0,2;0,2;0,1;0,1;0,0;0,0
IJV;NL:Q:49808012;De Bosrand;Speuld;0,0;0,2;0,0;0,1;0,0;0,0
IJV;NL:Q:49810010;Walibi Holland;Biddinghuizen;58,8;86,3;85,5;139,3;84,0;118,1
IJV;NL:Q:49820002;Sonneheerdt;Ermelo;10,3;20,9;0,3;0,5;0,2;1,0
IJV;NL:Q:49821007;Zuiderveldweg;Putten;3,8;3,0;3,2;1,4;0,5;1,2
IJV;NL:Q:49821008;Zuiderveldweg;Putten;3,3;4,5;1,0;3,1;1,2;0,7
IJV;NL:Q:49821009;Brinkstraat;Putten;16,0;28,2;5,3;8,3;0,8;4,8
IJV;NL:Q:49821010;Brinkstraat;Putten;26,7;13,4;9,1;3,5;4,8;0,7
IJV;NL:Q:49821011;Centrum;Putten;23,0;28,3;9,3;7,5;2,2;5,1
IJV;NL:Q:49821012;Centrum;Putten;28,4;21,7;7,7;9,5;5,5;2,9
IJV;NL:Q:49821023;Bijsterenseweg;Putten;7,1;3,1;0,0;0,0;0,0;0,0
IJV;NL:Q:49821024;Bijsterenseweg;Putten;2,2;5,6;0,0;0,0;0,0;0,0
IJV;NL:Q:49821025;Heihaas;Putten;2,8;6,7;1,3;4,9;0,6;0,8
IJV;NL:Q:49821027;Dorpsstraat;Putten;4,5;4,6;0,0;0,0;0,0;0,0
IJV;NL:Q:49821028;Dorpsstraat;Putten;5,0;3,3;0,0;0,0;0,0;0,0
IJV;NL:Q:49821029;Kerkstraat;Putten;3,7;4,7;0,0;0,0;0,0;0,0
IJV;NL:Q:49821030;Kerkstraat;Putten;5,0;3,9;0,0;0,0;0,0;0,0
IJV;NL:Q:49821037;Welkoop;Putten;10,9;9,8;2,3;2,6;1,0;1,6
IJV;NL:Q:49821038;Welkoop;Putten;9,6;9,4;2,7;2,4;1,6;0,6
IJV;NL:Q:49882001;Hooiweg/Middenweg;Elspeet;0,3;0,2;0,0;0,0;0,0;0,0
IJV;NL:Q:49887001;School;Leuvenum;0,0;0,1;0,0;0,0;0,0;0,0
IJV;NL:Q:49887002;School;Leuvenum;0,1;0,1;0,0;0,0;0,0;0,0
IJV;NL:Q:49887003;De Zwarte Boer;Leuvenum;0,5;0,2;0,0;0,0;0,0;0,0
IJV;NL:Q:49887004;De Zwarte Boer;Leuvenum;0,2;0,4;0,0;0,0;0,0;0,0
IJV;NL:Q:49887005;Het Roode Koper;Leuvenum;0,2;0,4;0,0;0,0;0,0;0,1
IJV;NL:Q:49887006;Het Roode Koper;Leuvenum;0,3;0,3;0,0;0,0;0,0;0,0
IJV;NL:Q:49889001;Kasteel Staverden;Staverden;0,2;0,2;0,0;0,0;0,0;0,0
IJV;NL:Q:49889002;Kasteel Staverden;Staverden;0,2;0,3;0,0;0,0;0,0;0,0
IJV;NL:Q:49889003;Navobi;Staverden;0,3;0,3;0,0;0,0;0,0;0,0
IJV;NL:Q:49889004;Navobi;Staverden;0,2;0,3;0,0;0,0;0,0;0,0
IJV;NL:Q:50420131;Centrum;Amersfoort;17,7;12,3;13,4;8,2;7,6;5,7
IJV;NL:Q:50420143;Centrum;Amersfoort;12,0;19,7;6,4;14,0;3,0;6,6
IJV;NL:Q:50420351;Blekerseiland;Amersfoort;5,5;12,1;5,6;8,1;2,1;6,6
IJV;NL:Q:50420400;Blekerseiland;Amersfoort;14,0;7,3;6,8;5,3;4,3;2,4
IJV;NL:Q:50420511;Hendrik van Viandenstraat;Amersfoort;5,0;5,2;2,4;2,4;1,1;2,9
IJV;NL:Q:50420520;Hendrik van Viandenstraat;Amersfoort;6,3;3,8;2,6;2,8;2,0;1,2
IJV;NL:Q:50420540;De Kei;Amersfoort;10,8;16,0;4,8;13,4;1,9;5,4
IJV;NL:Q:50422160;Snouckaertlaan;Amersfoort;3,3;3,6;1,4;1,4;1,3;1,2
IJV;NL:Q:50422540;De Kei;Amersfoort;15,2;8,0;12,5;3,5;7,4;4,1
IJV;NL:Q:50423040;GSG Paladijnenweg;Amersfoort;0,2;0,4;0,0;0,0;0,0;0,0
IJV;NL:Q:50423115;Hoefkwartier/De Hoef;Amersfoort;4,3;1,4;0,0;0,0;0,0;0,0
IJV;NL:Q:50423125;Hoefkwartier/De Hoef;Amersfoort;0,7;4,7;0,0;0,0;0,0;0,0
IJV;NL:Q:50423320;GSG Arnhemseweg;Amersfoort;0,2;0,3;0,0;0,0;0,0;0,0
IJV;NL:Q:50423410;Hoornbeeck/Van Lodenstein;Amersfoort;5,3;10,1;0,0;0,0;0,0;0,0
IJV;NL:Q:50425050;Centraal Station;Amersfoort;133,2;12,9;75,1;2,0;60,8;1,2
IJV;NL:Q:50425090;Centraal Station;Amersfoort;0,1;98,1;0,0;53,8;0,0;39,0
IJV;NL:Q:50428009;Hogeweg;Amersfoort;6,8;3,6;4,1;1,7;2,9;0,8
IJV;NL:Q:50428010;Hogeweg;Amersfoort;2,5;10,0;1,7;5,6;1,2;6,8
IJV;NL:Q:50428011;Amerena;Amersfoort;22,7;3,3;12,0;2,8;6,9;1,7
IJV;NL:Q:50428012;Amerena;Amersfoort;4,7;25,9;3,2;17,3;1,9;11,9
IJV;NL:Q:50428014;Barneveldseweg;Amersfoort;3,4;22,9;2,7;8,2;1,9;4,6
IJV;NL:Q:50428050;De Stuwdam;Amersfoort;5,1;2,5;1,2;0,4;0,9;0,2
IJV;NL:Q:50428051;De Stuwdam;Amersfoort;2,4;5,8;0,6;1,3;0,2;0,9
IJV;NL:Q:50450161;Geertrudishof;Leusden;3,1;4,7;1,8;1,7;0,0;0,0
IJV;NL:Q:50450170;Geertrudishof;Leusden;3,9;3,2;2,0;0,7;0,0;0,0
IJV;NL:Q:50450530;Rossenberglaan;Leusden;0,5;0,6;0,8;0,1;0,0;0,0
IJV;NL:Q:50450541;Rossenberglaan;Leusden;0,6;0,6;0,1;0,8;0,0;0,1
IJV;NL:Q:50450660;Albert Buininggaarde;Leusden;0,4;1,0;0,2;0,4;0,0;0,0
IJV;NL:Q:50450670;Albert Buininggaarde;Leusden;1,1;0,6;0,3;0,8;0,0;0,0
IJV;NL:Q:50450730;Groene Zoom;Leusden;2,6;3,1;0,9;0,5;0,1;0,0
IJV;NL:Q:50450733;Groene Zoom;Leusden;2,3;2,0;0,6;0,7;0,0;0,0
IJV;NL:Q:50456019;Storkstraat;Leusden;4,1;1,8;0,8;0,4;0,0;0,0
IJV;NL:Q:50456020;Storkstraat;Leusden;2,3;3,9;0,4;0,3;0,0;0,0
IJV;NL:Q:50456021;Wederik;Leusden;0,9;1,1;0,4;0,2;0,0;0,0
IJV;NL:Q:50456022;Wederik;Leusden;2,1;0,9;0,2;0,2;0,0;0,0
IJV;NL:Q:50457003;Stoutenburgerlaan;Stoutenburg;0,3;0,0;0,0;0,0;0,0;0,0
IJV;NL:Q:50457004;Stoutenburgerlaan;Stoutenburg;0,1;0,4;0,0;0,2;0,0;0,0
IJV;NL:Q:50457005;Driesprong;Stoutenburg;0,7;0,1;0,1;0,0;0,0;0,0
IJV;NL:Q:50457006;Driesprong;Stoutenburg;0,9;1,0;0,1;0,2;0,0;0,0
IJV;NL:Q:50457010;Kasteel Stoutenburg;Stoutenburg;0,1;0,2;0,0;0,2;0,0;0,0
IJV;NL:Q:50457020;Kasteel Stoutenburg;Stoutenburg;0,1;0,1;0,1;0,0;0,0;0,0
IJV;NL:Q:50520110;Rotonde Ikea;Amersfoort;1,1;1,5;0,0;0,0;0,0;0,0
IJV;NL:Q:50520200;Rotonde Ikea;Amersfoort;2,1;1,5;0,0;0,0;0,0;0,0
IJV;NL:Q:50520210;Rotonde Podium;Amersfoort;0,2;0,4;0,0;0,0;0,0;0,0
IJV;NL:Q:50520220;Rotonde Podium;Amersfoort;0,4;0,4;0,0;0,0;0,0;0,0
IJV;NL:Q:50520450;Danzigweg;Amersfoort;0,5;0,7;0,0;0,0;0,0;0,0
IJV;NL:Q:50520470;Buitenveldseweg;Amersfoort;0,3;0,3;0,0;0,0;0,0;0,0
IJV;NL:Q:50520510;Danzigweg;Amersfoort;1,6;0,8;0,0;0,0;0,0;0,0
IJV;NL:Q:50520520;Buitenveldseweg;Amersfoort;0,9;0,5;0,0;0,0;0,0;0,0
IJV;NL:Q:50520560;Vrouwenpolder;Amersfoort;0,4;0,9;0,0;0,0;0,0;0,0
IJV;NL:Q:50520580;Texelstraat;Amersfoort;8,0;1,8;0,0;0,0;0,0;0,0
IJV;NL:Q:50520600;Texelstraat;Amersfoort;3,2;0,5;0,0;0,0;0,0;0,0
IJV;NL:Q:50520660;Vrouwenpolder;Amersfoort;0,7;0,6;0,0;0,0;0,0;0,0
IJV;NL:Q:50521160;Heideweg ;Amersfoort;1,3;3,7;0,0;0,0;0,0;0,0
IJV;NL:Q:50521170;Heideweg ;Amersfoort;3,8;1,9;0,0;0,0;0,0;0,0
IJV;NL:Q:50529000;Station Vathorst;Amersfoort;42,3;40,7;0,0;0,0;0,0;0,0
IJV;NL:Q:50531001;Oude Lageweg;Amersfoort;1,6;1,8;1,2;0,8;0,3;0,9
IJV;NL:Q:50531002;Oude Lageweg;Amersfoort;1,4;2,3;0,9;2,0;0,6;0,6
IJV;NL:Q:50531005;Klaarwater;Hoevelaken;0,1;0,1;0,3;0,0;0,1;0,0
IJV;NL:Q:50531006;Klaarwater;Hoevelaken;0,0;0,3;0,0;0,4;0,0;0,1
IJV;NL:Q:50531007;Hofweg;Hoevelaken;4,1;0,7;2,3;0,5;1,1;0,2
IJV;NL:Q:50531008;Hofweg;Hoevelaken;0,8;3,9;0,7;2,6;0,1;1,4
IJV;NL:Q:50531009;Julianalaan;Hoevelaken;9,6;5,3;6,2;0,9;3,5;0,1
IJV;NL:Q:50531010;Julianalaan;Hoevelaken;4,9;9,5;1,3;5,7;0,4;3,8
IJV;NL:Q:50531011;Gemeentehuis;Hoevelaken;9,6;4,0;8,6;3,3;4,2;1,6
IJV;NL:Q:50531012;Gemeentehuis;Hoevelaken;5,1;9,1;3,6;8,2;2,3;5,0
IJV;NL:Q:50531013;Stoutenburgerlaan;Hoevelaken;4,6;1,3;3,9;0,8;1,8;0,2
IJV;NL:Q:50531014;Stoutenburgerlaan;Hoevelaken;1,7;4,2;1,0;3,9;0,2;1,7
IJV;NL:Q:50531015;Koninginneweg;Hoevelaken;3,3;2,0;1,9;0,3;1,2;0,2
IJV;NL:Q:50531016;Koninginneweg;Hoevelaken;2,1;3,5;0,2;2,6;0,1;1,3
IJV;NL:Q:50531017;Huize Hoevelaken;Hoevelaken;2,7;1,3;2,3;1,1;1,4;0,5
IJV;NL:Q:50531018;Huize Hoevelaken;Hoevelaken;1,6;2,7;1,0;3,6;0,3;1,7
IJV;NL:Q:50531021;Bedrijventerrein Hogenbrink;Hoevelaken;1,7;2,4;0,2;0,2;0,0;0,0
IJV;NL:Q:50531022;Bedrijventerrein Hogenbrink;Hoevelaken;2,3;1,1;0,5;0,5;0,0;0,0
IJV;NL:Q:50531031;Station;Hoevelaken;23,6;27,5;13,8;14,8;7,5;4,6
IJV;NL:Q:50531032;Station;Hoevelaken;8,2;4,6;3,0;1,3;0,0;0,0
IJV;NL:Q:50532002;Ravengoedseweg;Zwartebroek;0,0;0,1;0,0;0,1;0,1;0,0
IJV;NL:Q:50538013;Barneveldseweg;Amersfoort;17,6;3,7;5,7;3,2;3,6;1,4
IJV;NL:Q:50543002;Bulderweg;Driedorp;0,0;0,0;0,0;0,0;0,0;0,0
IJV;NL:Q:50543003;Peerweg;Driedorp;0,0;0,0;0,0;0,0;0,0;0,0
IJV;NL:Q:50543005;Slichtenhorsterweg;Driedorp;0,0;0,0;0,0;0,0;0,0;0,0
IJV;NL:Q:50543006;Slichtenhorsterweg;Driedorp;0,0;0,0;0,0;0,0;0,0;0,0
IJV;NL:Q:50549001;Appelsestraat;Appel;0,0;0,0;0,0;0,0;0,0;0,0
IJV;NL:Q:50549002;Appelsestraat;Appel;0,0;0,0;0,0;0,0;0,0;0,0
IJV;NL:Q:50549003;Akkerweg;Appel;0,0;0,0;0,0;0,0;0,0;0,0
IJV;NL:Q:50630003;Van den Brandhof;Nijkerkerveen;0,4;1,3;0,2;0,5;0,0;0,0
IJV;NL:Q:50630004;Van den Brandhof;Nijkerkerveen;0,5;0,4;0,2;0,3;0,0;0,0
IJV;NL:Q:50630005;Laakweg;Nijkerkerveen;0,1;0,3;0,2;0,2;0,0;0,0
IJV;NL:Q:50630006;Laakweg;Nijkerkerveen;0,4;0,1;0,3;0,2;0,0;0,0
IJV;NL:Q:50630007;Dorp;Nijkerkerveen;1,0;0,3;0,3;0,2;0,0;0,0
IJV;NL:Q:50630008;Dorp;Nijkerkerveen;0,7;1,2;0,3;0,2;0,0;0,0
IJV;NL:Q:50630009;D. Ruitenbeekstraat;Nijkerkerveen;0,5;0,3;1,7;0,0;0,0;0,0
IJV;NL:Q:50630010;D. Ruitenbeekstraat;Nijkerkerveen;0,4;0,5;0,2;1,8;0,0;0,0
IJV;NL:Q:50630280;Berencamperweg;Nijkerk;9,7;3,5;0,0;0,0;0,0;0,0
IJV;NL:Q:50630290;Berencamperweg;Nijkerk;3,5;7,7;0,0;0,0;0,0;0,0
IJV;NL:Q:50631016;School Diermen;Putten;0,7;0,5;0,0;0,0;0,0;0,0
IJV;NL:Q:50637001;De Salentein;Nijkerk;1,0;1,1;0,0;0,0;0,0;0,0
IJV;NL:Q:50637002;De Salentein;Nijkerk;1,0;1,9;0,0;0,0;0,0;0,0
IJV;NL:Q:50637003;Tinbergenlaan;Nijkerk;8,6;5,8;2,0;1,8;0,0;0,0
IJV;NL:Q:50637004;Tinbergenlaan;Nijkerk;7,0;10,6;2,2;1,4;0,0;0,0
IJV;NL:Q:50637005;Van Rensselaerstraat;Nijkerk;7,2;4,3;0,9;0,3;0,0;0,0
IJV;NL:Q:50637006;Van Rensselaerstraat;Nijkerk;7,5;8,9;1,0;1,4;0,0;0,0
IJV;NL:Q:50637007;Station;Nijkerk;17,4;87,9;0,0;0,0;0,0;0,0
IJV;NL:Q:50637008;Station;Nijkerk;108,6;37,3;4,5;6,6;0,0;0,0
IJV;NL:Q:50637011;Zilverschoon;Nijkerk;10,6;12,5;0,0;0,0;0,0;0,0
IJV;NL:Q:50637012;Zilverschoon;Nijkerk;12,4;15,1;0,0;0,0;0,0;0,0
IJV;NL:Q:50637015;Callenbachstraat;Nijkerk;3,1;13,9;0,0;0,0;0,0;0,0
IJV;NL:Q:50637016;Callenbachstraat;Nijkerk;6,1;4,0;0,0;0,0;0,0;0,0
IJV;NL:Q:50637025;Torenstraat;Nijkerk;2,4;4,0;1,7;2,2;0,0;0,0
IJV;NL:Q:50637026;Torenstraat;Nijkerk;4,1;1,4;1,8;0,6;0,0;0,0
IJV;NL:Q:50637045;Kievitslaan;Nijkerk;0,0;0,0;0,0;0,0;0,0;0,0
IJV;NL:Q:50637046;Kievitslaan;Nijkerk;0,0;0,0;0,0;0,0;0,0;0,0
IJV;NL:Q:50637053;Corlaer College;Nijkerk;8,6;15,0;0,0;0,0;0,0;0,0
IJV;NL:Q:50637054;Corlaer College;Nijkerk;18,4;10,8;0,0;0,0;0,0;0,0
IJV;NL:Q:50637063;Agaatvlinder;Nijkerk;10,5;3,2;0,0;0,0;0,0;0,0
IJV;NL:Q:50637064;Agaatvlinder;Nijkerk;6,3;11,8;0,0;0,0;0,0;0,0
IJV;NL:Q:50642001;Ravengoedseweg;Zwartebroek;0,1;0,0;0,0;0,0;0,1;0,1
IJV;NL:Q:50642003;School;Zwartebroek;5,2;0,6;2,9;0,4;1,5;0,2
IJV;NL:Q:50642004;School;Zwartebroek;0,9;4,8;0,4;2,5;0,3;1,9
IJV;NL:Q:50642005;Ned. Herv. Kerk;Zwartebroek;0,6;0,3;0,3;0,1;0,2;0,1
IJV;NL:Q:50642006;Ned. Herv. Kerk;Zwartebroek;0,3;0,7;0,2;0,4;0,1;0,2
IJV;NL:Q:50645001;De Tolboom;Terschuur;3,7;1,6;4,1;1,2;2,8;0,5
IJV;NL:Q:50645002;De Tolboom;Terschuur;1,6;3,4;1,1;5,5;0,4;2,8
IJV;NL:Q:50645003;Leemweg;Terschuur;0,4;0,4;0,1;0,0;0,0;0,0
IJV;NL:Q:50645004;Leemweg;Terschuur;0,3;0,6;0,0;0,2;0,0;0,0
IJV;NL:Q:50645005;De Palmpol;Terschuur;0,2;0,2;0,0;0,1;0,0;0,0
IJV;NL:Q:50645006;De Palmpol;Terschuur;0,0;0,3;0,0;0,2;0,1;0,0
IJV;NL:Q:50645007;Van Beek;Terschuur;0,2;0,0;0,1;0,0;0,0;0,0
IJV;NL:Q:50645008;Van Beek;Terschuur;0,0;0,2;0,0;0,1;0,0;0,1
IJV;NL:Q:50645010;Oude Ambachten Museum;Terschuur;0,4;0,9;0,1;0,5;0,2;0,2
IJV;NL:Q:50664001;Helweg;Achterveld;0,2;0,2;0,0;0,0;0,0;0,0
IJV;NL:Q:50664003;Klettersteeg;Achterveld;0,4;0,6;0,1;0,2;0,0;0,0
IJV;NL:Q:50664004;Klettersteeg;Achterveld;0,6;0,5;0,6;0,3;0,0;0,0
IJV;NL:Q:50664007;Huize St. Joseph;Achterveld;1,2;0,8;0,7;0,3;0,0;0,0
IJV;NL:Q:50664008;Huize St. Joseph;Achterveld;1,3;1,3;0,8;0,5;0,0;0,0
IJV;NL:Q:50664009;De Hessenkar;Achterveld;1,8;1,1;0,8;0,3;0,0;0,0
IJV;NL:Q:50664010;De Hessenkar;Achterveld;0,9;1,9;0,6;0,8;0,0;0,0
IJV;NL:Q:50664019;RK Kerk;Achterveld;1,1;0,6;0,6;0,4;0,0;0,0
IJV;NL:Q:50664020;RK Kerk;Achterveld;0,5;1,1;0,3;0,4;0,0;0,0
IJV;NL:Q:50664023;Postweg;Achterveld;0,1;0,3;0,1;0,0;0,0;0,0
IJV;NL:Q:50664024;Postweg;Achterveld;0,1;0,3;0,0;0,2;0,0;0,0
IJV;NL:Q:50731015;School Diermen;Putten;0,3;0,7;0,0;0,0;0,0;0,0
IJV;NL:Q:50731017;School Hoef;Putten;0,3;0,3;0,0;0,0;0,0;0,0
IJV;NL:Q:50731018;School Hoef;Putten;0,2;0,6;0,0;0,0;0,0;0,0
IJV;NL:Q:50731043;Henslare;Putten;0,3;0,4;0,0;0,0;0,0;0,0
IJV;NL:Q:50731044;Henslare;Putten;0,3;0,4;0,0;0,0;0,0;0,0
IJV;NL:Q:50745009;Oude Ambachten Museum;Terschuur;0,5;0,3;0,4;0,2;0,1;0,1
IJV;NL:Q:50745011;Kruispunt Harselaar;Terschuur;1,4;0,5;1,1;0,5;0,7;0,2
IJV;NL:Q:50745012;Kruispunt Harselaar;Terschuur;0,8;1,5;0,3;1,4;0,1;1,0
IJV;NL:Q:50745021;Zeumerseweg;Barneveld;0,3;3,0;0,3;1,1;0,1;0,0
IJV;NL:Q:50745022;Zeumerseweg;Barneveld;2,4;0,7;1,3;0,3;0,1;0,1
IJV;NL:Q:50746001;Lankerenseweg;Voorthuizen;1,3;0,9;0,6;0,0;0,1;0,1
IJV;NL:Q:50746002;Lankerenseweg;Voorthuizen;0,7;0,8;0,0;0,8;0,0;0,1
IJV;NL:Q:50746003;Verbindingsweg;Voorthuizen;1,8;3,1;0,7;0,6;0,2;0,7
IJV;NL:Q:50746004;Verbindingsweg;Voorthuizen;2,8;2,4;0,8;1,1;0,7;0,6
IJV;NL:Q:50746005;Buitenlust;Voorthuizen;12,5;9,2;5,2;2,3;2,7;1,1
IJV;NL:Q:50746006;Buitenlust;Voorthuizen;7,0;13,0;1,6;5,5;0,8;3,1
IJV;NL:Q:50746007;De Punt;Voorthuizen;51,1;46,9;31,4;24,2;14,9;8,3
IJV;NL:Q:50746008;De Punt;Voorthuizen;52,9;49,9;29,4;30,7;11,3;15,9
IJV;NL:Q:50746009;Roelenengweg;Voorthuizen;1,1;4,0;0,9;2,9;1,2;1,0
IJV;NL:Q:50746010;Roelenengweg;Voorthuizen;4,5;1,4;3,7;1,4;1,5;1,2
IJV;NL:Q:50746012;Bosweg;Voorthuizen;1,1;2,5;1,6;2,6;1,0;1,2
IJV;NL:Q:50746021;Dorpskerk;Voorthuizen;4,4;8,9;1,8;1,8;0,7;0,9
IJV;NL:Q:50746022;Dorpskerk;Voorthuizen;8,2;4,5;2,3;2,2;1,1;1,0
IJV;NL:Q:50747002;Struik;Nijkerk;2,1;2,0;1,2;1,0;0,9;0,8
IJV;NL:Q:50765033;De Pelmolen;Barneveld;0,1;0,2;0,0;0,1;0,0;0,0
IJV;NL:Q:50765034;De Pelmolen;Barneveld;0,2;0,1;0,2;0,0;0,0;0,0
IJV;NL:Q:50765035;De Nieuwe Eshof;Barneveld;0,0;0,0;0,1;0,0;0,0;0,0
IJV;NL:Q:50765036;De Nieuwe Eshof;Barneveld;0,0;0,0;0,0;0,0;0,0;0,0
IJV;NL:Q:50765037;De Eshof;Barneveld;0,0;0,1;0,2;0,0;0,0;0,0
IJV;NL:Q:50765038;De Eshof;Barneveld;0,0;0,3;0,0;0,2;0,0;0,0
IJV;NL:Q:50765039;Boerderij Veerman;Barneveld;0,0;0,0;0,1;0,1;0,0;0,0
IJV;NL:Q:50765040;Boerderij Veerman;Barneveld;0,1;0,0;0,1;0,1;0,0;0,0
IJV;NL:Q:50841026;Heihaas;Putten;6,2;3,2;4,9;1,0;1,7;0,3
IJV;NL:Q:50847001;Struik;Nijkerk;1,3;2,3;0,9;1,1;0,8;0,8
IJV;NL:Q:50848001;Veenhuizerveldweg;Huinen;4,0;5,0;2,1;2,1;0,8;0,8
IJV;NL:Q:50848002;Veenhuizerveldweg;Huinen;4,5;4,4;2,7;2,6;1,4;0,8
IJV;NL:Q:50848003;Oude Garderenseweg;Huinen;2,2;4,6;1,5;2,6;1,1;0,6
IJV;NL:Q:50848004;Oude Garderenseweg;Huinen;4,3;2,3;3,0;1,2;1,3;0,4
IJV;NL:Q:58520010;Busstation 't Oor;Almere Stad;0,3;0,3;0,3;0,2;0,3;0,1
IJV;NL:Q:58610060;Vogelweg;Almere Hout;3,1;2,5;0,2;0,0;0,1;0,0
IJV;NL:Q:58610080;Kasteel;Almere Stad;0,0;0,0;0,0;0,0;0,1;0,0
IJV;NL:Q:58610090;Veluwsekant;Almere Stad;0,2;0,1;0,1;0,2;0,0;0,1
IJV;NL:Q:58610100;Veluwsekant;Almere Stad;21,1;7,4;0,1;0,0;0,2;0,1
IJV;NL:Q:58610110;De Kemphaan;Almere Hout;17,2;2,0;0,6;0,0;0,3;0,0
IJV;NL:Q:58610120;De Kemphaan;Almere Hout;2,4;20,2;0,1;0,4;0,0;0,7
IJV;NL:Q:58650050;Stedenwijk Zuid;Almere Stad;0,1;0,1;0,0;0,1;0,1;0,2
IJV;NL:Q:58650071;Hortus;Almere Stad;0,0;0,4;0,0;0,1;0,0;0,0
IJV;NL:Q:58650081;Hortus;Almere Stad;0,3;0,1;0,0;0,0;0,1;0,1
IJV;NL:Q:58650150;Stedenwijk Midden;Almere Stad;0,1;0,1;0,1;0,0;0,1;0,1
IJV;NL:Q:58650200;Stedenwijk Zuid;Almere Stad;0,1;0,1;0,0;0,1;0,0;0,1
IJV;NL:Q:58650300;Stedenwijk Midden;Almere Stad;0,0;0,2;0,0;0,1;0,0;0,1
IJV;NL:Q:58650330;Greta Garboplantsoen;Almere Stad;9,3;0,3;0,0;0,0;0,0;0,0
IJV;NL:Q:58650340;Greta Garboplantsoen;Almere Stad;0,2;8,6;0,0;0,0;0,0;0,0
IJV;NL:Q:58650350;Passage;Almere Stad;0,1;0,1;0,2;0,0;0,4;0,1
IJV;NL:Q:58650360;Passage;Almere Stad;0,1;0,2;0,0;0,4;0,0;0,1
IJV;NL:Q:58650370;Flevoziekenhuis;Almere Stad;21,2;0,5;0,0;0,0;0,0;0,0
IJV;NL:Q:58650380;Flevoziekenhuis;Almere Stad;0,3;27,9;0,0;0,0;0,0;0,0
IJV;NL:Q:58650430;Stadhuisplein;Almere Stad;49,0;6,6;0,5;0,0;0,5;0,0
IJV;NL:Q:58650440;Stadhuisplein;Almere Stad;45,1;43,3;0,1;0,5;0,0;0,1
IJV;NL:Q:58650590;Romy Schneiderweg;Almere Stad;1,5;0,5;0,0;0,0;0,0;0,0
IJV;NL:Q:58650600;Romy Schneiderweg;Almere Stad;0,0;0,9;0,0;0,0;0,0;0,0
IJV;NL:Q:58650610;Bunuellaan;Almere Stad;4,4;1,2;0,0;0,0;0,0;0,0
IJV;NL:Q:58650620;Bunuellaan;Almere Stad;0,1;4,1;0,0;0,0;0,0;0,0
IJV;NL:Q:58650640;Walt Disneyplantsoen;Almere Stad;0,1;13,9;0,0;0,0;0,0;0,0
IJV;NL:Q:58650930;Busstation 't Oor;Almere Stad;0,1;0,3;0,0;0,2;0,2;0,2
IJV;NL:Q:58650950;Veluwsekant;Almere Stad;14,2;17,7;0,0;0,0;0,0;0,0
IJV;NL:Q:58650970;Kasteel;Almere Stad;0,0;0,0;0,0;0,0;0,0;0,0
IJV;NL:Q:58655070;Station Centrum;Almere Stad;3,5;2,2;3,5;3,5;2,8;1,7
IJV;NL:Q:58655110;Station Centrum;Almere Stad;128,2;158,5;0,0;0,0;0,0;0,0
IJV;NL:Q:58655610;Walt Disneyplantsoen;Almere Stad;9,8;2,7;0,0;0,0;0,0;0,0
IJV;NL:Q:58710010;Vogelweg;Almere Hout;0,0;0,1;0,1;0,2;0,0;0,2
IJV;NL:Q:58710020;Vogelweg;Almere Hout;2,7;4,6;0,0;0,0;0,0;0,0
IJV;NL:Q:58710021;Stichtse Brug;Almere Haven;0,2;0,1;0,0;0,1;0,0;0,0
IJV;NL:Q:58710040;Paradijsvogelweg;Almere Hout;53,3;1,5;0,0;0,0;0,0;0,0
IJV;NL:Q:58710050;Paradijsvogelweg;Almere Hout;3,2;54,3;0,0;0,0;0,0;0,0
IJV;NL:Q:58710100;Nachtegaallaan;Almere Hout;55,0;1,1;0,0;0,0;0,0;0,0
IJV;NL:Q:58710110;Nachtegaallaan;Almere Hout;3,0;58,9;0,0;0,0;0,0;0,0
IJV;NL:Q:58710120;Stichtsekant;Almere Haven;0,8;0,0;0,4;0,0;0,2;0,0
IJV;NL:Q:58710130;Stichtsekant;Almere Haven;0,0;0,3;0,1;0,2;0,0;0,6
IJV;NL:Q:59700010;Stichtse Brug;Almere Haven;0,0;0,3;0,0;0,0;0,0;0,1
IJV;NL:Q:60000021;Helweg;Achterveld;0,1;0,1;0,0;0,0;0,0;0,0
IJV;NL:Q:60000094;Aalbert Cuyplaan;Apeldoorn;4,8;20,9;2,8;15,9;0,6;7,9
IJV;NL:Q:60000096;Auroralaan;Apeldoorn;3,2;0,4;3,2;0,1;0,5;0,1
IJV;NL:Q:60000102;Burg. Roosmale Nepveulaan;Apeldoorn;1,4;0,5;1,7;1,1;0,0;0,0
IJV;NL:Q:60000111;Edelweisslaan;Apeldoorn;0,7;8,6;0,5;3,6;0,4;2,2
IJV;NL:Q:60000113;Emmaplein;Apeldoorn;0,3;2,6;0,2;2,8;0,2;1,9
IJV;NL:Q:60000115;Ferd. Bollaan;Apeldoorn;11,1;4,3;8,9;4,0;4,6;1,9
IJV;NL:Q:60000125;Het Kasteel;Apeldoorn;3,4;3,2;2,3;3,1;1,0;0,9
IJV;NL:Q:60000134;Koning Lodewijklaan;Apeldoorn;3,0;1,0;3,4;1,3;0,0;0,0
IJV;NL:Q:60000142;Lippe Biesterfeldstraat;Apeldoorn;0,9;2,4;0,4;1,0;0,0;0,0
IJV;NL:Q:60000145;Marechausseekazerne;Apeldoorn;0,6;1,3;1,1;2,0;0,0;0,0
IJV;NL:Q:60000148;Mauvestraat;Apeldoorn;19,5;5,5;15,1;4,1;7,3;2,7
IJV;NL:Q:60000149;Marchantstraat;Apeldoorn;6,9;39,2;4,1;29,1;2,4;13,9
IJV;NL:Q:60000151;Marchantstraat;Apeldoorn;40,4;6,8;31,9;2,2;14,6;1,0
IJV;NL:Q:60000155;Orpheus;Apeldoorn;0,9;0,2;1,0;0,2;0,0;0,0
IJV;NL:Q:60000158;FizzionParc;Apeldoorn;5,2;9,7;0,0;0,0;0,0;0,0
IJV;NL:Q:60000159;Paulus Potterlaan;Apeldoorn;26,0;8,0;17,9;5,5;8,4;2,8
IJV;NL:Q:60000160;Achmea;Apeldoorn;28,5;30,9;0,0;0,0;0,0;0,0
IJV;NL:Q:60000162;Wkc Anklaar;Apeldoorn;5,2;42,2;4,4;52,7;2,0;29,3
IJV;NL:Q:60000168;Rembrandtlaan;Apeldoorn;15,2;10,5;9,6;7,9;4,2;4,0
IJV;NL:Q:60000171;Robijnstraat;Apeldoorn;4,4;1,7;5,4;2,5;0,0;0,0
IJV;NL:Q:60000172;De Savornin Lohmanstraat;Apeldoorn;3,6;19,1;1,8;14,9;1,2;6,1
IJV;NL:Q:60000173;De Savornin Lohmanstraat;Apeldoorn;17,9;5,6;12,8;1,4;4,8;1,0
IJV;NL:Q:60000183;Stephensonstraat;Apeldoorn;0,0;0,0;0,0;0,0;0,0;0,0
IJV;NL:Q:60000186;Talma Borgh;Apeldoorn;4,2;7,8;4,1;7,2;1,7;2,5
IJV;NL:Q:60000192;Tuinmanslaan;Apeldoorn;3,4;2,2;5,3;5,9;0,0;0,0
IJV;NL:Q:60000203;Zuster Meyboomlaan;Apeldoorn;3,8;9,7;2,8;5,4;1,3;4,1
IJV;NL:Q:60001150;Mercatorplein;Apeldoorn;4,0;17,9;2,9;18,0;0,9;5,8
IJV;NL:Q:60002205;Zanderijweg;Apeldoorn;18,6;1,9;12,2;0,8;5,7;0,6
IJV;NL:Q:60002210;Wkc Anklaar;Apeldoorn;48,6;4,8;50,4;2,7;24,1;1,7
IJV;NL:Q:99990032;Station Barneveld Noord;Barneveld;14,4;5,9;4,8;1,7;2,6;0,2
IJV;NL:Q:99990033;Station Barneveld Noord;Barneveld;3,4;13,7;1,2;5,8;0,1;1,8
SAN;DE:Q:80000060;Hulsmann;Wyler;0,9;0,1;0,9;0,2;0,4;0,2
SAN;DE:Q:80000070;Vogelsang;Wyler;0,0;0,3;0,1;0,5;0,1;0,1
SAN;DE:Q:80000080;Vogelsang;Wyler;0,0;0,1;0,1;0,0;0,0;0,0
SAN;DE:Q:80000090;Hulsmann;Wyler;0,1;0,8;0,2;0,8;0,0;0,4
SAN;DE:Q:80000130;Altes Zollamt;Wyler;0,2;0,5;1,0;0,8;0,1;0,3
SAN;DE:Q:80000140;Altes Zollamt;Wyler;0,5;0,1;1,1;0,2;0,5;0,2
SAN;DE:Q:80000170;Muhle;Wyler;0,1;0,3;0,1;0,2;0,0;0,2
SAN;DE:Q:80000180;Muhle;Wyler;0,3;0,1;0,4;0,1;0,3;0,0
SAN;DE:Q:80000190;Schulweg;Wyler;0,0;0,0;0,0;0,0;0,0;0,0
SAN;DE:Q:80000210;Grenzweg;Wyler;0,1;0,2;0,0;0,2;0,0;0,1
SAN;DE:Q:80000220;Grenzweg;Wyler;0,2;0,1;0,3;0,1;0,2;0,0
SAN;DE:Q:80000250;Richtersgut;Kranenburg;0,1;0,7;0,1;0,8;0,1;0,5
SAN;DE:Q:80000260;Richtersgut;Kranenburg;0,7;0,1;1,3;0,1;0,8;0,0
SAN;DE:Q:80000300;Kranenburg Mitte;Kranenburg;1,3;0,1;2,5;0,2;1,2;0,1
SAN;DE:Q:80000330;Bürgermeisteramt;Kranenburg;0,4;2,5;0,4;4,1;0,1;0,7
SAN;DE:Q:80000340;Bürgermeisteramt;Kranenburg;2,2;0,2;3,3;0,7;0,5;0,1
SAN;DE:Q:80000350;Tütthees;Kranenburg;0,0;0,3;0,1;0,2;0,0;0,3
SAN;DE:Q:80000360;Tütthees;Kranenburg;0,4;0,0;0,5;0,0;0,6;0,1
SAN;DE:Q:80000370;B9 Bahnübergang;Kranenburg;0,0;0,2;0,0;0,1;0,0;0,1
SAN;DE:Q:80000380;B9 Bahnübergang;Kranenburg;0,1;0,0;0,3;0,0;0,2;0,0
SAN;DE:Q:80000390;Bahnhof;Emmerich;2,0;1,2;2,9;1,7;1,5;0,8
SAN;DE:Q:80000400;Bahnhof;Emmerich;0,7;0,7;0,6;0,9;0,1;0,5
SAN;DE:Q:80000410;Bahnhof;Kleve;3,4;0,7;5,3;1,2;3,5;0,6
SAN;DE:Q:80000420;Bahnhof;Kleve;1,0;2,1;1,8;3,7;0,8;1,3
SAN;DE:Q:80000490;Frasselter Weg;Frasselt;0,3;0,1;0,7;0,1;0,5;0,0
SAN;DE:Q:80000500;Frasselter Weg;Frasselt;0,1;0,3;0,0;0,3;0,1;0,2
SAN;DE:Q:80000510;Markt;Elten;3,5;0,7;0,0;0,0;0,0;0,0
SAN;DE:Q:80000520;Markt;Elten;0,9;3,2;0,0;0,0;0,0;0,0
SAN;DE:Q:80000530;Neustadt;Elten;1,6;0,1;0,0;0,0;0,0;0,0
SAN;DE:Q:80000540;Neustadt;Elten;0,2;1,3;0,0;0,0;0,0;0,0
SAN;DE:Q:80000560;Hauberg;Elten;0,1;0,4;0,0;0,0;0,0;0,0
SAN;DE:Q:80000570;Feldhausener Weg;Elten;0,3;0,1;0,0;0,0;0,0;0,0
SAN;DE:Q:80000580;Feldhausener Weg;Elten;0,1;0,6;0,0;0,0;0,0;0,0
SAN;DE:Q:80000590;Hauberg;Elten;0,6;0,2;0,0;0,0;0,0;0,0
SAN;DE:Q:80000610;Feuerwehr;Kranenburg;0,3;1,8;0,5;2,0;0,1;1,5
SAN;DE:Q:80000620;Feuerwehr;Kranenburg;1,1;0,1;0,8;0,1;0,8;0,2
SAN;DE:Q:80000640;Galgensteeg;Kranenburg;0,3;0,1;0,3;0,2;0,1;0,0
SAN;DE:Q:80000650;Galgensteeg;Kranenburg;0,1;0,2;0,1;0,4;0,1;0,2
SAN;DE:Q:80000920;Bomshof;Nütterden;0,0;0,0;0,0;0,0;0,0;0,1
SAN;DE:Q:80000930;Bomshof;Nütterden;0,1;0,4;0,2;0,3;0,1;0,3
SAN;DE:Q:80000980;Kirche;Nütterden;0,3;0,8;0,2;0,9;0,2;0,6
SAN;DE:Q:80000990;Kirche;Nütterden;1,1;0,1;1,6;0,4;1,4;0,1
SAN;DE:Q:80001120;Koekkoekplatz;Kleve;4,2;0,2;8,1;0,2;3,2;0,1
SAN;DE:Q:80001130;Koekkoekplatz;Kleve;0,3;3,2;0,7;7,7;0,2;2,4
SAN;DE:Q:80001140;Gruftstraße;Kleve;0,6;0,2;1,0;0,0;0,7;0,1
SAN;DE:Q:80001150;Gruftstraße;Kleve;0,1;0,6;0,1;1,2;0,0;0,6
SAN;DE:Q:80001160;Museum Kurhaus/Tiergarten;Kleve;0,3;0,1;0,4;0,0;0,1;0,0
SAN;DE:Q:80001170;Museum Kurhaus/Tiergarten;Kleve;0,0;0,3;0,1;0,2;0,0;0,2
SAN;DE:Q:80001180;Schützenhaus;Kleve;0,1;0,0;0,0;0,1;0,0;0,0
SAN;DE:Q:80001190;Schützenhaus;Kleve;0,0;0,0;0,1;0,2;0,0;0,1
SAN;DE:Q:80001200;Hochschule;Kleve;0,3;0,1;0,6;0,0;0,1;0,0
SAN;DE:Q:80001210;Hochschule;Kleve;0,1;1,2;0,0;2,5;0,4;0,8
SAN;DE:Q:80001220;Schulstraße;Kleve;0,1;0,0;0,7;0,0;0,2;0,0
SAN;DE:Q:80001230;Schulstraße;Kleve;0,0;0,1;0,1;0,2;0,0;0,1
SAN;DE:Q:80001240;Reeserstraße;Kleve;0,1;0,0;0,3;0,0;0,1;0,0
SAN;DE:Q:80001250;Reeserstraße;Kleve;0,0;0,1;0,0;0,1;0,1;0,1
SAN;DE:Q:80001260;Hoherweg;Kleve;0,1;0,0;0,2;0,0;0,1;0,0
SAN;DE:Q:80001270;Hoherweg;Kleve;0,0;0,1;0,1;0,2;0,0;0,2
SAN;DE:Q:80001280;Kellen Offenberg;Kleve;0,1;0,0;0,3;0,0;0,2;0,0
SAN;DE:Q:80001290;Kellen Offenberg;Kleve;0,0;0,0;0,0;0,1;0,0;0,1
SAN;DE:Q:80001300;Euregio;Kleve;0,0;0,0;0,0;0,0;0,1;0,0
SAN;DE:Q:80001310;Euregio;Kleve;0,0;0,0;0,0;0,0;0,0;0,0
SAN;DE:Q:80001320;Lippenhof;Kleve;0,0;0,0;0,0;0,0;0,0;0,0
SAN;DE:Q:80001330;Lippenhof;Kleve;0,0;0,0;0,0;0,0;0,0;0,0
SAN;DE:Q:80001340;Alte Mühle;Kleve;0,0;0,0;0,0;0,0;0,0;0,0
SAN;DE:Q:80001350;Alte Mühle;Kleve;0,0;0,0;0,0;0,0;0,0;0,0
SAN;DE:Q:80001360;Warbeyen;Kleve;0,1;0,0;0,0;0,0;0,0;0,0
SAN;DE:Q:80001370;Warbeyen;Kleve;0,0;0,0;0,0;0,0;0,0;0,0
SAN;DE:Q:80001380;Grünerweg;Kleve;0,0;0,0;0,0;0,0;0,0;0,0
SAN;DE:Q:80001390;Grünerweg;Kleve;0,0;0,0;0,0;0,0;0,0;0,0
SAN;DE:Q:80001400;Überhorsthof;Kleve;0,0;0,0;0,0;0,0;0,0;0,0
SAN;DE:Q:80001410;Überhorsthof;Kleve;0,0;0,0;0,0;0,0;0,0;0,0
SAN;DE:Q:80001420;Brückenkopf links;Kleve;0,0;0,0;0,0;0,0;0,0;0,0
SAN;DE:Q:80001430;Brückenkopf links;Kleve;0,0;0,0;0,0;0,0;0,0;0,0
SAN;DE:Q:80001440;Brückenkopf rechts;Emmerich;0,0;0,0;0,0;0,0;0,0;0,0
SAN;DE:Q:80001450;Brückenkopf rechts;Emmerich;0,0;0,0;0,0;0,1;0,0;0,0
SAN;DE:Q:80001460;van den Berghstraße;Emmerich;0,1;0,0;0,1;0,0;0,1;0,0
SAN;DE:Q:80001470;van den Berghstraße;Emmerich;0,0;0,1;0,0;0,1;0,0;0,1
SAN;DE:Q:80001480;Geistmarkt;Emmerich;0,0;0,0;0,1;0,0;0,0;0,0
SAN;DE:Q:80001490;Geistmarkt;Emmerich;0,0;0,1;0,0;0,2;0,0;0,1
SAN;DE:Q:80001500;Nonnenplatz;Emmerich;0,0;0,0;0,2;0,0;0,1;0,0
SAN;DE:Q:80001510;Nonnenplatz;Emmerich;0,0;0,1;0,0;0,1;0,0;0,0
SAN;DE:Q:80001560;Kleiner Löwe;Emmerich;0,2;0,0;0,2;0,0;0,1;0,0
SAN;DE:Q:80001570;Kleiner Löwe;Emmerich;0,0;0,0;0,0;0,0;0,0;0,0
SAN;DE:Q:80001590;Derksen;Emmerich;0,0;0,0;0,0;0,0;0,0;0,0
SAN;DE:Q:80001600;Derksen;Emmerich;0,0;0,0;0,0;0,0;0,1;0,0
SAN;DE:Q:80002000;Am Löwentor;Emmerich;0,1;0,0;0,3;0,0;0,0;0,0
SAN;DE:Q:80002010;Am Löwentor;Emmerich;0,0;0,0;0,2;0,1;0,0;0,0
SAN;DE:Q:80002020;Geistmarkt;Emmerich;0,0;0,0;0,1;0,0;0,0;0,0
SAN;DE:Q:80002060;Amtsgericht;Emmerich;0,0;0,0;0,0;0,0;0,0;0,0
SAN;DE:Q:80002090;Goebelstraße;Emmerich;0,0;0,0;0,0;0,0;0,0;0,0
SAN;DE:Q:80003000;Nollenburger Weg;Emmerich;0,0;0,0;0,0;0,0;0,0;0,0
SAN;DE:Q:80003010;Nollenburger Weg;Emmerich;0,0;0,0;0,0;0,0;0,0;0,0
SAN;DE:Q:80003020;Embricana;Emmerich;0,0;0,0;0,0;0,0;0,0;0,0
SAN;DE:Q:80003030;Embricana;Emmerich;0,0;0,0;0,0;0,0;0,0;0,0
SAN;DE:Q:80003040;Realschule;Emmerich;0,0;0,0;0,0;0,0;0,0;0,0
SAN;DE:Q:80003050;Einkaufszentrum;Kranenburg;1,4;0,2;2,7;0,5;0,3;0,1
SAN;DE:Q:80003060;Einkaufszentrum;Kranenburg;0,1;1,2;0,2;1,9;0,0;0,1
SAN;DE:Q:80006010;Siedlung;Nütterden;0,0;0,1;0,0;0,1;0,0;0,1
SAN;DE:Q:80006020;Siedlung;Nütterden;0,1;0,1;0,2;0,2;0,0;0,1
SAN;DE:Q:80006030;Neu Nütterden;Nütterden;0,0;0,2;0,1;0,2;0,0;0,1
SAN;DE:Q:80006040;Neu Nütterden;Nütterden;0,3;0,1;0,2;0,1;0,2;0,0
SAN;DE:Q:80006050;Heide;Donsbrüggen;0,0;0,2;0,3;0,3;0,0;0,1
SAN;DE:Q:80006060;Heide;Donsbrüggen;0,2;0,0;0,1;0,0;0,1;0,0
SAN;DE:Q:80006070;Gnadenthal;Donsbrüggen;0,0;0,1;0,0;0,1;0,0;0,0
SAN;DE:Q:80006080;Gnadenthal;Donsbrüggen;0,3;0,1;0,6;0,2;0,2;0,1
SAN;DE:Q:80006980;Kirche;Donsbrüggen;0,1;0,3;0,1;0,7;0,1;0,1
SAN;DE:Q:80006990;Kirche;Donsbrüggen;0,3;0,1;1,1;0,2;0,2;0,0
SAN;NL:Q:40000090;Station Velperpoort;Arnhem;652,7;356,9;298,5;219,0;210,1;183,8
SAN;NL:Q:40000100;Station Velperpoort;Arnhem;403,2;617,3;280,1;271,5;188,7;188,3
SAN;NL:Q:40000110;Hoflaan;Arnhem;114,0;664,8;47,1;232,0;36,0;183,7
SAN;NL:Q:40000120;Hoflaan;Arnhem;551,9;90,9;213,2;29,9;127,3;25,2
SAN;NL:Q:40000130;Raapopseweg;Arnhem;76,0;164,6;10,3;25,7;8,9;17,1
SAN;NL:Q:40000140;Raapopseweg;Arnhem;765,8;181,4;166,9;37,6;102,8;27,2
SAN;NL:Q:40000150;Huijghenslaan;Arnhem;9,8;170,9;5,2;85,1;2,9;66,3
SAN;NL:Q:40000160;Huijghenslaan;Arnhem;42,9;11,1;35,9;6,7;27,9;3,6
SAN;NL:Q:40000190;Vondellaan;Arnhem;6,4;53,3;2,8;34,4;1,6;19,4
SAN;NL:Q:40000200;Vondellaan;Arnhem;32,3;7,6;28,4;2,6;17,3;1,1
SAN;NL:Q:40000220;Bronbeek;Arnhem;8,2;1,7;10,1;2,4;6,6;0,7
SAN;NL:Q:40000310;Dedelstraat;Arnhem;0,8;30,0;1,3;16,8;0,7;11,3
SAN;NL:Q:40000320;van Speykstraat;Arnhem;24,5;0,8;19,2;0,1;7,8;0,0
SAN;NL:Q:40000330;van Speykstraat;Arnhem;0,7;14,6;1,4;14,9;1,1;6,5
SAN;NL:Q:40000340;Delta;Arnhem;0,2;17,1;0,0;0,0;0,0;0,0
SAN;NL:Q:40000350;Delta;Arnhem;14,7;0,1;0,0;0,0;0,0;0,0
SAN;NL:Q:40000360;IJsseloord 1;Arnhem;34,2;1,2;13,2;2,6;8,0;1,3
SAN;NL:Q:40000370;IJsseloord 1;Arnhem;1,3;30,9;3,3;15,3;1,7;8,8
SAN;NL:Q:40000380;Meander;Arnhem;0,6;21,2;0,0;0,0;0,0;0,0
SAN;NL:Q:40000390;Meander;Arnhem;19,9;0,1;0,0;0,0;0,0;0,0
SAN;NL:Q:40000510;Museum Arnhem;Arnhem;126,3;53,8;82,2;36,6;53,2;21,0
SAN;NL:Q:40000520;Museum Arnhem;Arnhem;71,5;66,5;60,3;62,3;38,9;37,4
SAN;NL:Q:40000530;Zwarteweg;Arnhem;21,1;83,0;8,5;45,9;6,7;34,1
SAN;NL:Q:40000540;Zwarteweg;Arnhem;76,1;19,3;48,1;6,8;27,4;4,1
SAN;NL:Q:40000550;Oranjestraat;Arnhem;38,7;159,6;21,3;85,8;12,8;55,4
SAN;NL:Q:40000560;Oranjestraat;Arnhem;151,3;34,2;79,2;17,6;41,7;11,4
SAN;NL:Q:40000570;Klingelbeekseweg;Arnhem;1,2;14,7;0,4;4,4;0,3;1,8
SAN;NL:Q:40000580;Klingelbeekseweg;Arnhem;7,3;1,6;5,1;1,0;2,4;1,1
SAN;NL:Q:40000600;Arnhems Buiten;Arnhem;140,3;14,9;34,4;7,5;22,2;4,2
SAN;NL:Q:40000650;tunnel IJsseloord;Arnhem;7,9;21,2;2,2;6,4;1,4;2,2
SAN;NL:Q:40000660;tunnel IJsseloord;Arnhem;20,7;8,8;6,8;3,4;2,2;1,7
SAN;NL:Q:40000670;Blankenweg;Arnhem;6,4;26,3;5,5;14,7;1,6;9,1
SAN;NL:Q:40000680;Blankenweg;Arnhem;24,8;6,8;11,6;8,0;7,8;1,6
SAN;NL:Q:40000690;Dr. C. Lelyweg Noord;Arnhem;15,6;26,4;7,5;20,6;3,9;9,6
SAN;NL:Q:40000700;Dr. C. Lelyweg Noord;Arnhem;14,9;15,8;14,1;6,6;5,7;3,9
SAN;NL:Q:40000970;IJsseloord 2;Arnhem;35,2;39,2;0,0;0,0;0,0;0,0
SAN;NL:Q:40001000;Middachtensingel;Arnhem;0,3;7,5;0,0;0,0;0,0;0,0
SAN;NL:Q:40001050;Sonsbeekweg;Arnhem;5,4;1,8;6,1;1,2;5,1;0,9
SAN;NL:Q:40001060;Sonsbeekweg;Arnhem;0,7;8,0;0,7;7,8;0,3;5,6
SAN;NL:Q:40001070;Burgemeestersplein;Arnhem;3,9;5,4;3,6;3,2;2,9;2,6
SAN;NL:Q:40001080;Burgemeestersplein;Arnhem;2,9;11,0;1,4;4,3;0,8;4,0
SAN;NL:Q:40001090;Burg. Weertsstraat;Arnhem;12,1;29,9;9,7;28,6;8,0;19,3
SAN;NL:Q:40001100;Burg. Weertsstraat;Arnhem;28,9;7,3;22,9;5,8;13,3;4,1
SAN;NL:Q:40001110;Izaak Evertslaan;Arnhem;2,5;22,2;2,8;20,1;2,0;13,9
SAN;NL:Q:40001120;Izaak Evertslaan;Arnhem;15,6;2,3;12,7;1,9;6,8;2,2
SAN;NL:Q:40001140;van Ruisdaelstraat;Arnhem;11,5;0,4;7,5;0,1;4,9;0,1
SAN;NL:Q:40001240;Landgoed Rosorum;Arnhem;0,0;0,0;0,0;0,0;0,0;0,0
SAN;NL:Q:40001250;Schelmseweg;Arnhem;9,5;0,6;0,0;0,0;0,0;0,0
SAN;NL:Q:40001300;Industriepark Kleefse Waard;Arnhem;13,1;19,3;3,0;4,9;0,7;1,9
SAN;NL:Q:40001600;Het Venster;Arnhem;5,6;0,4;0,0;0,0;0,0;0,0
SAN;NL:Q:40001620;Beekdal Lyceum;Arnhem;7,5;1,7;0,0;0,0;0,0;0,0
SAN;NL:Q:40001630;Raapopseweg;Arnhem;50,3;212,5;20,0;65,2;11,8;55,8
SAN;NL:Q:40001670;De Drie Gasthuizen;Arnhem;11,3;186,5;4,6;69,0;3,3;42,0
SAN;NL:Q:40001680;De Drie Gasthuizen;Arnhem;179,1;13,3;63,8;4,4;39,9;2,3
SAN;NL:Q:40001690;Bernhardlaan;Arnhem;5,2;65,2;2,4;60,9;1,9;37,8
SAN;NL:Q:40001700;Bernhardlaan;Arnhem;65,9;5,0;62,7;11,6;35,8;1,3
SAN;NL:Q:40001710;Dr. Schaepmanlaan;Arnhem;57,0;190,6;37,3;118,5;20,8;75,6
SAN;NL:Q:40001720;Dr. Schaepmanlaan;Arnhem;187,3;34,7;131,0;22,8;76,4;13,4
SAN;NL:Q:40001730;Middenweg;Arnhem;16,1;70,2;2,7;52,2;1,4;35,2
SAN;NL:Q:40001740;Middenweg;Arnhem;82,1;11,1;70,2;1,9;42,2;0,9
SAN;NL:Q:40001750;Marktplein (Geitenkamp);Arnhem;8,9;96,7;6,8;92,2;1,7;57,9
SAN;NL:Q:40001760;Marktplein (Geitenkamp);Arnhem;124,6;5,9;120,3;4,6;69,3;1,1
SAN;NL:Q:40001770;Zaslaan;Arnhem;5,1;155,7;2,2;135,5;1,8;91,5
SAN;NL:Q:40001780;Zaslaan;Arnhem;129,3;5,3;117,0;2,7;71,4;1,0
SAN;NL:Q:40001790;Schuttersbergplein;Arnhem;7,2;136,3;2,5;110,6;1,2;83,9
SAN;NL:Q:40001800;Schuttersbergplein;Arnhem;117,6;3,9;101,3;0,6;74,1;0,3
SAN;NL:Q:40001810;Roerdomplaan;Arnhem;1,2;62,3;0,6;51,1;0,9;33,1
SAN;NL:Q:40001820;Roerdomplaan;Arnhem;46,9;0,3;35,9;0,2;24,4;0,2
SAN;NL:Q:40001880;Schuttersbergplein;Arnhem;6,0;2,2;4,1;0,8;0,0;0,0
SAN;NL:Q:40002050;Bothaplein;Arnhem;17,6;6,9;14,7;5,3;11,1;4,8
SAN;NL:Q:40002060;Bothaplein;Arnhem;5,0;16,7;3,0;16,3;1,9;8,0
SAN;NL:Q:40002070;Jacob Cremerstraat;Arnhem;11,0;62,6;9,8;38,5;9,1;32,3
SAN;NL:Q:40002080;Jacob Cremerstraat;Arnhem;43,6;8,9;24,3;8,6;15,3;6,2
SAN;NL:Q:40002090;Graaf Ottoplein;Arnhem;9,3;83,9;7,9;68,3;8,1;51,7
SAN;NL:Q:40002100;Graaf Ottoplein;Arnhem;85,0;11,3;60,7;8,9;40,7;9,6
SAN;NL:Q:40002110;Graaf Lodewijkstraat;Arnhem;31,9;104,6;20,7;84,8;17,7;62,6
SAN;NL:Q:40002120;Graaf Lodewijkstraat;Arnhem;127,5;30,8;102,6;22,7;68,0;18,7
SAN;NL:Q:40002130;Sint Antonielaan;Arnhem;8,8;60,4;5,1;39,5;4,5;31,6
SAN;NL:Q:40002140;Sint Antonielaan;Arnhem;37,0;7,6;18,6;4,6;14,1;5,2
SAN;NL:Q:40002150;Heselbergherweg;Arnhem;1,7;19,2;1,2;15,0;1,3;13,1
SAN;NL:Q:40002160;Heselbergherweg;Arnhem;9,3;1,7;8,3;1,7;7,6;1,9
SAN;NL:Q:40002170;Ziekenhuis Rijnstate;Arnhem;63,9;375,0;11,8;93,0;2,3;63,6
SAN;NL:Q:40002180;Ziekenhuis Rijnstate;Arnhem;383,5;73,6;99,1;10,8;69,7;1,9
SAN;NL:Q:40002550;Airborneplein;Arnhem;233,9;76,7;138,2;48,2;91,3;35,9
SAN;NL:Q:40002570;Stadstheater Arnhem;Arnhem;166,0;70,5;136,6;42,6;87,2;31,3
SAN;NL:Q:40002580;Airborneplein;Arnhem;96,9;372,7;47,5;214,7;32,7;119,0
SAN;NL:Q:40002590;De Monchyplein;Arnhem;325,4;644,1;208,5;556,9;129,2;425,7
SAN;NL:Q:40002600;De Monchyplein;Arnhem;584,8;257,3;539,3;163,3;396,3;106,6
SAN;NL:Q:40002610;Groene Weide;Arnhem;54,7;77,4;24,5;53,4;9,8;33,5
SAN;NL:Q:40002620;Groene Weide;Arnhem;108,7;57,1;83,8;28,7;42,9;16,0
SAN;NL:Q:40002630;Visserslaan;Arnhem;8,3;151,0;4,8;110,5;3,4;71,6
SAN;NL:Q:40002640;Visserslaan;Arnhem;161,4;10,7;119,9;6,7;67,6;4,7
SAN;NL:Q:40002650;Biezenlaan;Arnhem;2,7;170,2;2,1;118,3;1,5;74,0
SAN;NL:Q:40002660;Biezenlaan;Arnhem;171,6;3,6;126,2;2,8;66,5;1,6
SAN;NL:Q:40002680;Stadswaardenlaan;Arnhem;347,0;25,0;256,8;15,2;145,1;9,0
SAN;NL:Q:40002690;Stadswaardenlaan;Arnhem;31,9;335,9;18,7;238,5;11,1;154,0
SAN;NL:Q:40002770;Immerloo;Arnhem;1,4;73,2;0,9;33,5;0,2;13,1
SAN;NL:Q:40002780;Immerloo;Arnhem;66,2;2,0;23,8;1,2;9,8;0,4
SAN;NL:Q:40002800;Oude Huissenseweg;Arnhem;28,8;24,8;25,0;11,3;24,6;8,7
SAN;NL:Q:40002810;Oude Huissenseweg;Arnhem;23,8;55,8;12,4;49,9;8,1;41,1
SAN;NL:Q:40002901;Monnikensteeg;Arnhem;14,5;0,9;4,3;0,4;0,0;0,0
SAN;NL:Q:40002911;Monnikensteeg;Arnhem;0,8;5,4;0,8;5,8;0,0;0,0
SAN;NL:Q:40003000;Dedelstraat;Arnhem;39,5;0,5;24,4;0,2;13,8;0,1
SAN;NL:Q:40003030;Rozet;Arnhem;93,0;16,7;42,3;5,4;29,0;3,3
SAN;NL:Q:40003040;Rozet;Arnhem;10,1;97,2;4,3;55,0;2,1;36,2
SAN;NL:Q:40003070;Eusebiuskerk;Arnhem;68,3;51,2;44,1;10,8;25,9;5,0
SAN;NL:Q:40003080;Eusebiuskerk;Arnhem;38,7;99,9;9,7;83,2;2,9;49,9
SAN;NL:Q:40003100;WKC Kronenburg;Arnhem;864,2;237,6;500,2;166,2;307,5;93,2
SAN;NL:Q:40003110;WKC Kronenburg;Arnhem;288,8;158,1;207,7;92,2;98,5;47,9
SAN;NL:Q:40003130;Speenkruidstraat;Arnhem;15,1;25,4;11,5;22,5;5,5;12,2
SAN;NL:Q:40003140;Speenkruidstraat;Arnhem;19,5;14,3;15,8;11,5;8,2;5,0
SAN;NL:Q:40003170;Rijnhal;Arnhem;53,5;130,8;15,7;81,4;12,6;64,9
SAN;NL:Q:40003180;Rijnhal;Arnhem;127,1;62,4;89,7;26,4;70,4;20,0
SAN;NL:Q:40003200;Winkelcentrum Kronenburg;Arnhem;7,4;4,4;4,6;2,3;3,1;1,4
SAN;NL:Q:40003570;Sonsbeek;Arnhem;9,1;17,7;5,2;7,7;0,0;0,0
SAN;NL:Q:40003580;Sonsbeek;Arnhem;30,2;7,0;3,5;4,2;0,0;0,0
SAN;NL:Q:40003650;Wielewaalstraat/Hoogte80;Arnhem;1,4;4,2;0,5;6,2;0,0;0,0
SAN;NL:Q:40003660;Wielewaalstraat/Hoogte80;Arnhem;11,4;1,1;2,5;0,6;0,0;0,0
SAN;NL:Q:40003670;Dominee Bechtlaan;Arnhem;2,0;5,5;1,1;5,1;0,0;0,0
SAN;NL:Q:40003680;Dominee Bechtlaan;Arnhem;7,9;2,3;7,0;1,2;0,0;0,0
SAN;NL:Q:40003730;Sparrenweg;Arnhem;1,5;6,5;1,8;5,3;0,0;0,0
SAN;NL:Q:40003740;Sparrenweg;Arnhem;7,7;1,8;6,4;1,3;0,0;0,0
SAN;NL:Q:40003750;Heideweg;Arnhem;3,1;3,9;2,4;3,3;0,0;0,0
SAN;NL:Q:40003760;Heideweg;Arnhem;5,9;2,4;4,5;1,8;0,0;0,0
SAN;NL:Q:40003780;Arnhemse Allee;Arnhem;0,9;0,6;0,4;0,1;0,0;0,0
SAN;NL:Q:40003810;Dennenweg;Arnhem;1,9;6,0;0,8;4,0;0,0;0,0
SAN;NL:Q:40003820;Dennenweg;Arnhem;7,3;1,5;4,5;0,6;0,0;0,0
SAN;NL:Q:40004001;Centraal Station;Arnhem;327,2;85,0;287,2;67,7;169,6;23,2
SAN;NL:Q:40004002;Centraal Station;Arnhem;1454,2;1441,7;1145,6;1192,7;988,5;662,2
SAN;NL:Q:40004003;Centraal Station;Arnhem;924,1;191,7;597,7;107,9;393,7;52,5
SAN;NL:Q:40004004;Centraal Station;Arnhem;461,5;634,2;250,7;404,9;199,4;269,4
SAN;NL:Q:40004005;Centraal Station;Arnhem;576,9;397,4;433,1;265,5;370,9;244,9
SAN;NL:Q:40004006;Centraal Station;Arnhem;1142,9;431,7;538,3;224,7;416,8;209,5
SAN;NL:Q:40004007;Centraal Station;Arnhem;612,8;160,7;312,8;74,8;235,4;43,6
SAN;NL:Q:40004008;Centraal Station;Arnhem;915,4;512,1;683,7;152,8;520,0;71,1
SAN;NL:Q:40004009;Centraal Station;Arnhem;0,0;42,8;0,0;1,7;0,0;1,1
SAN;NL:Q:40004010;Centraal Station;Arnhem;271,9;51,3;46,1;4,5;95,2;10,1
SAN;NL:Q:40004011;Centraal Station;Arnhem;32,5;2318,2;31,8;1402,2;16,7;1006,0
SAN;NL:Q:40004015;Willemsplein;Arnhem;629,6;39,4;611,4;28,0;368,3;12,3
SAN;NL:Q:40004016;Willemsplein;Arnhem;567,1;70,7;491,3;49,4;317,0;27,3
SAN;NL:Q:40004017;Willemsplein;Arnhem;507,8;78,2;296,7;41,4;229,8;27,4
SAN;NL:Q:40004018;Willemsplein;Arnhem;347,4;24,3;229,3;13,3;187,6;15,3
SAN;NL:Q:40004019;Willemsplein;Arnhem;355,9;1189,5;173,2;1120,8;94,5;614,3
SAN;NL:Q:40004020;Willemsplein;Arnhem;65,7;1038,3;53,1;793,0;30,4;468,1
SAN;NL:Q:40004021;Velperplein;Arnhem;1747,8;275,1;1447,4;210,7;949,3;147,4
SAN;NL:Q:40004022;Velperplein;Arnhem;832,0;178,0;554,0;99,8;377,9;70,3
SAN;NL:Q:40004023;Velperplein;Arnhem;270,5;857,5;176,7;562,6;109,6;353,5
SAN;NL:Q:40004024;Velperplein;Arnhem;408,0;1873,2;338,4;1676,2;211,2;1031,5
SAN;NL:Q:40004030;Rijnstraat;Arnhem;885,4;107,1;1012,5;69,9;665,4;42,7
SAN;NL:Q:40004040;Rijnstraat;Arnhem;98,8;1099,7;43,9;1370,5;25,8;775,8
SAN;NL:Q:40004050;de Praets;Arnhem;5,7;21,4;7,3;21,1;3,6;10,7
SAN;NL:Q:40004060;de Praets;Arnhem;11,2;70,4;18,1;92,3;5,7;42,6
SAN;NL:Q:40004070;Zonnedauwweg;Arnhem;5,3;18,8;3,6;15,5;1,9;9,4
SAN;NL:Q:40004080;Zonnedauwweg;Arnhem;13,7;7,6;16,6;5,4;7,4;2,8
SAN;NL:Q:40004090;Wilgenlaan;Arnhem;20,3;32,8;13,6;21,4;7,9;11,5
SAN;NL:Q:40004100;Wilgenlaan;Arnhem;38,5;14,9;29,2;10,9;15,1;5,2
SAN;NL:Q:40004170;De Grote Koppel;Arnhem;72,6;131,1;39,5;90,6;27,6;59,8
SAN;NL:Q:40004180;De Grote Koppel;Arnhem;142,2;84,2;93,6;45,4;56,6;29,5
SAN;NL:Q:40004230;van Berkumstraat;Arnhem;4,5;6,2;2,4;4,0;1,3;4,2
SAN;NL:Q:40004240;van Berkumstraat;Arnhem;3,1;6,0;3,0;4,3;1,8;2,6
SAN;NL:Q:40004411;Centraal Station;Arnhem;384,7;393,8;365,5;272,9;277,5;250,0
SAN;NL:Q:40004412;Centraal Station;Arnhem;891,6;761,7;485,3;367,0;311,0;228,2
SAN;NL:Q:40004413;Centraal Station;Arnhem;728,6;855,7;333,1;451,8;308,3;275,3
SAN;NL:Q:40004414;Centraal Station;Arnhem;1095,3;532,7;500,1;245,5;383,1;192,4
SAN;NL:Q:40004415;Centraal Station;Arnhem;815,4;1273,7;623,6;746,9;473,0;421,4
SAN;NL:Q:40004416;Centraal Station;Arnhem;1,3;173,3;1,3;125,0;0,4;83,2
SAN;NL:Q:40004590;Rietgrachtstraat;Arnhem;129,1;143,7;67,1;62,2;34,6;45,4
SAN;NL:Q:40004600;Rietgrachtstraat;Arnhem;154,7;135,5;75,1;87,8;40,9;44,0
SAN;NL:Q:40004610;Gr. van Prinstererstraat;Arnhem;63,6;182,7;42,6;115,0;22,7;91,5
SAN;NL:Q:40004620;Gr. van Prinstererstraat;Arnhem;208,9;59,7;147,5;39,6;90,4;21,4
SAN;NL:Q:40004630;Hugo de Grootstraat;Arnhem;96,1;244,9;42,2;170,1;25,7;114,3
SAN;NL:Q:40004640;Hugo de Grootstraat;Arnhem;259,6;92,7;184,0;42,5;111,4;22,7
SAN;NL:Q:40004650;Maaslaan;Arnhem;16,3;122,0;10,4;82,7;6,9;60,1
SAN;NL:Q:40004660;Maaslaan;Arnhem;119,9;22,6;89,6;14,6;56,4;7,4
SAN;NL:Q:40004680;Waalstraat;Arnhem;188,1;22,8;107,3;11,9;66,9;6,7
SAN;NL:Q:40004685;Waalstraat;Arnhem;11,7;210,6;6,4;110,5;4,3;75,2
SAN;NL:Q:40004690;MFC Presikhaven;Arnhem;5,6;22,4;0,8;15,4;0,4;5,8
SAN;NL:Q:40004700;Lange Wal;Arnhem;312,5;43,1;247,1;8,7;126,8;6,6
SAN;NL:Q:40004730;Keulse Slag;Arnhem;160,6;575,0;87,2;295,5;53,9;236,7
SAN;NL:Q:40004740;Keulse Slag;Arnhem;727,4;157,6;477,6;95,2;311,2;53,9
SAN;NL:Q:40004750;Zuilesteinlaan/HTS;Arnhem;25,8;48,3;0,0;0,0;0,0;0,0
SAN;NL:Q:40004780;Elsweide/HAN;Arnhem;293,1;187,3;0,5;0,2;0,2;0,0
SAN;NL:Q:40004810;IJssellaan/HAN;Arnhem;21,6;189,7;8,3;87,0;3,5;69,5
SAN;NL:Q:40004820;IJssellaan/HAN;Arnhem;136,5;29,9;58,8;7,3;40,7;4,0
SAN;NL:Q:40004860;MFC Presikhaven;Arnhem;17,5;7,3;10,0;1,5;2,4;0,7
SAN;NL:Q:40005330;Station Presikhaaf;Arnhem;33,9;296,7;7,6;58,2;5,7;52,7
SAN;NL:Q:40005340;Station Presikhaaf;Arnhem;207,3;35,0;55,9;8,0;52,4;7,1
SAN;NL:Q:40005350;Dongestraat;Arnhem;4,2;12,0;0,2;3,1;1,2;7,2
SAN;NL:Q:40005360;Dongestraat;Arnhem;10,4;4,8;2,4;0,7;5,6;1,5
SAN;NL:Q:40005370;Kinderkamp;Arnhem;2,8;75,9;0,9;46,2;0,8;29,7
SAN;NL:Q:40005380;Kinderkamp;Arnhem;112,2;3,5;61,1;1,8;31,7;1,3
SAN;NL:Q:40005390;Malsenlaan;Arnhem;2,1;68,8;0,9;64,0;0,6;45,6
SAN;NL:Q:40005410;Malsenlaan;Arnhem;89,8;1,1;71,8;0,4;41,3;0,5
SAN;NL:Q:40005430;Grote Durk;Arnhem;1,4;69,7;0,5;57,5;0,5;35,1
SAN;NL:Q:40005440;Grote Durk;Arnhem;66,6;4,1;53,4;1,1;33,6;1,3
SAN;NL:Q:40005500;Stadskantoor;Arnhem;19,6;61,8;9,2;29,9;5,2;18,1
SAN;NL:Q:40006570;Badhuisstraat;Arnhem;17,0;31,1;7,1;23,0;5,6;14,3
SAN;NL:Q:40006580;Badhuisstraat;Arnhem;23,4;18,8;18,0;8,4;12,1;6,4
SAN;NL:Q:40006590;Stadskantoor;Arnhem;68,0;37,5;23,4;14,8;12,8;12,4
SAN;NL:Q:40006650;Van Oldenbarneveldtstraat;Arnhem;18,1;50,7;9,8;16,8;5,7;11,2
SAN;NL:Q:40006660;Van Oldenbarneveldtstraat;Arnhem;50,8;19,5;20,8;8,8;14,5;5,7
SAN;NL:Q:40006670;Haven;Arnhem;10,7;64,7;4,6;27,4;1,7;14,7
SAN;NL:Q:40006680;Haven;Arnhem;79,3;23,2;46,9;11,7;22,1;5,1
SAN;NL:Q:40006690;Dr. C. Lelyweg Zuid;Arnhem;11,6;27,4;7,8;13,3;4,2;6,5
SAN;NL:Q:40006700;Industriepark Kleefse Waard;Arnhem;21,3;19,1;3,2;5,5;3,0;2,1
SAN;NL:Q:40006710;Kleefse Waard;Arnhem;28,1;85,4;2,1;3,6;0,3;1,6
SAN;NL:Q:40006720;Kleefse Waard;Arnhem;88,9;29,4;3,2;2,8;1,4;0,9
SAN;NL:Q:40006731;Bruningweg;Arnhem;9,0;45,4;1,0;8,3;0,2;2,8
SAN;NL:Q:40006741;Bruningweg;Arnhem;45,4;13,7;6,1;1,9;2,6;0,8
SAN;NL:Q:40006750;P. Calandweg;Arnhem;7,8;17,5;4,3;8,2;2,5;7,2
SAN;NL:Q:40006760;P. Calandweg;Arnhem;16,8;9,6;8,4;4,5;4,4;2,5
SAN;NL:Q:40006770;Slaakweg;Arnhem;6,2;18,0;2,4;12,5;1,2;7,8
SAN;NL:Q:40006780;Slaakweg;Arnhem;20,0;12,1;12,6;4,1;7,7;3,4
SAN;NL:Q:40006790;Lange Wal;Arnhem;65,0;419,7;27,5;337,9;14,5;186,7
SAN;NL:Q:40007090;Fonteinkruidstraat;Arnhem;136,3;139,3;81,0;119,7;55,2;91,4
SAN;NL:Q:40007100;Fonteinkruidstraat;Arnhem;158,5;139,6;137,0;87,1;94,7;57,2
SAN;NL:Q:40007530;St. Laurentiuslaan;Arnhem;82,1;154,7;59,8;104,5;43,4;54,9
SAN;NL:Q:40007540;St. Laurentiuslaan;Arnhem;176,7;76,4;115,3;62,9;60,8;45,6
SAN;NL:Q:40007570;Fokke Noordhoffstraat;Arnhem;0,5;41,6;0,4;29,6;0,3;21,9
SAN;NL:Q:40007580;Fokke Noordhoffstraat;Arnhem;23,1;0,5;18,3;0,6;13,1;0,2
SAN;NL:Q:40008550;Centraal Station (Sonsbeek);Arnhem;57,3;2,8;2,9;0,3;3,1;0,4
SAN;NL:Q:40008560;Centraal Station (Sonsbeek);Arnhem;2,2;81,3;0,1;4,0;0,1;3,6
SAN;NL:Q:40008570;Burg. Weertsstraat;Arnhem;7,6;31,1;0,8;7,2;0,6;9,8
SAN;NL:Q:40008580;Burg. Weertsstraat;Arnhem;13,5;8,5;4,5;0,7;3,8;0,5
SAN;NL:Q:40008590;Brouwerijweg;Arnhem;0,6;8,0;0,5;2,5;0,1;2,7
SAN;NL:Q:40008600;Brouwerijweg;Arnhem;8,1;2,0;1,6;0,2;1,7;0,1
SAN;NL:Q:40008610;van Wageningenstraat;Arnhem;0,4;40,2;0,0;2,0;0,0;1,8
SAN;NL:Q:40008620;van Wageningenstraat;Arnhem;7,4;0,6;3,4;0,2;1,8;0,1
SAN;NL:Q:40008630;Tormentilstraat;Arnhem;0,2;5,1;0,0;2,3;0,0;1,7
SAN;NL:Q:40008640;Tormentilstraat;Arnhem;22,5;0,3;2,7;0,0;2,1;0,0
SAN;NL:Q:40008650;Gentiaanstraat;Arnhem;1,6;11,8;0,0;5,0;0,2;7,3
SAN;NL:Q:40008660;Gentiaanstraat;Arnhem;15,2;1,0;8,2;0,4;6,3;0,4
SAN;NL:Q:40008670;Callunastraat;Arnhem;0,3;14,9;0,0;2,9;0,1;1,9
SAN;NL:Q:40008680;Callunastraat;Arnhem;14,2;0,3;3,0;0,0;1,8;0,0
SAN;NL:Q:40008690;Het Dorp;Arnhem;0,6;35,2;0,8;5,8;0,8;6,4
SAN;NL:Q:40008700;Het Dorp;Arnhem;30,5;0,9;4,6;1,0;4,2;1,1
SAN;NL:Q:40008730;Gelredome;Arnhem;26,9;100,6;42,5;209,7;19,1;74,6
SAN;NL:Q:40008740;Gelredome;Arnhem;89,1;32,0;149,5;56,7;67,4;22,2
SAN;NL:Q:40008750;Transferium;Arnhem;2,6;36,0;4,9;65,8;2,5;33,4
SAN;NL:Q:40008760;Transferium;Arnhem;28,1;2,6;46,4;2,9;24,4;1,8
SAN;NL:Q:40008840;Brekelenkampstraat;Arnhem;88,6;23,9;31,9;6,4;25,3;5,2
SAN;NL:Q:40009067;De Braamberg;Arnhem;2,0;0,0;0,0;0,0;0,0;0,0
SAN;NL:Q:40009068;De Braamberg;Arnhem;0,0;0,1;0,0;0,0;0,0;0,0
SAN;NL:Q:40009069;Moscowa;Arnhem;4,5;0,0;0,0;0,0;0,0;0,0
SAN;NL:Q:40009107;Elsweide/HAN;Arnhem;0,0;0,3;0,0;0,8;0,0;0,4
SAN;NL:Q:40009330;Station Presikhaaf;Arnhem;0,0;0,7;0,0;1,8;0,0;1,2
SAN;NL:Q:40009550;Kamphuizenlaan;Arnhem;2,2;141,1;1,5;128,7;1,3;91,2
SAN;NL:Q:40009560;Kamphuizenlaan;Arnhem;148,1;0,9;137,7;0,5;88,1;0,8
SAN;NL:Q:40009570;Geitenkamp;Arnhem;224,9;170,1;79,2;80,5;50,6;55,4
SAN;NL:Q:40009580;CIOS;Arnhem;3,5;84,2;0,3;6,3;0,0;0,0
SAN;NL:Q:40009581;CIOS;Arnhem;52,9;26,4;4,9;0,6;0,0;0,0
SAN;NL:Q:40009590;Het Duifje;Arnhem;184,8;67,1;157,7;50,5;87,7;31,9
SAN;NL:Q:40009591;Het Duifje;Arnhem;14,8;105,1;13,7;87,7;4,1;48,2
SAN;NL:Q:40009600;Presikhaaf/Cannenburgln;Arnhem;153,4;134,9;98,5;81,7;63,1;56,0
SAN;NL:Q:40010010;Viaduct Kroonse Wal;Arnhem;35,3;75,9;16,8;46,3;15,1;41,8
SAN;NL:Q:40010020;Viaduct Kroonse Wal;Arnhem;70,7;30,5;55,7;16,3;41,8;15,1
SAN;NL:Q:40013000;WKC Kronenburg;Arnhem;169,1;337,1;108,1;182,6;59,3;86,7
SAN;NL:Q:40013010;WKC Kronenburg;Arnhem;269,4;824,6;196,2;502,2;118,2;304,9
SAN;NL:Q:40013170;Gelderse Poort;Arnhem;42,3;8,4;3,5;1,2;2,4;0,7
SAN;NL:Q:40013180;Gelderse Poort;Arnhem;7,3;36,7;1,0;4,2;0,6;2,8
SAN;NL:Q:40013190;Winkelcentrum Kronenburg;Arnhem;5,3;8,2;2,3;3,5;1,5;2,7
SAN;NL:Q:40013210;Croydonplein;Arnhem;6,2;11,0;5,4;9,6;2,5;4,3
SAN;NL:Q:40013220;Croydonplein;Arnhem;6,0;6,5;7,9;7,4;2,8;2,2
SAN;NL:Q:40013230;Eldens Viaduct;Arnhem;8,6;21,6;5,2;17,4;3,2;11,2
SAN;NL:Q:40013240;Eldens Viaduct;Arnhem;23,7;12,9;24,4;7,0;10,4;3,8
SAN;NL:Q:40013250;De Brink;Elden;5,0;20,7;2,4;18,3;1,8;8,4
SAN;NL:Q:40013260;De Brink;Elden;21,5;5,7;20,3;2,1;8,5;1,5
SAN;NL:Q:40013270;Mr. Merkxstraat;Elden;1,9;10,9;1,3;11,5;0,4;5,6
SAN;NL:Q:40013280;Mr. Merkxstraat;Elden;10,5;1,8;10,0;1,2;5,3;0,4
SAN;NL:Q:40013290;Mr.D.U.Stikkerstraat;Elden;7,8;68,2;5,1;46,7;3,3;30,5
SAN;NL:Q:40013300;Mr.D.U.Stikkerstraat;Elden;62,8;7,3;49,5;6,0;29,4;3,4
SAN;NL:Q:40013310;Randweg;Arnhem;40,2;103,5;14,1;39,3;8,8;30,8
SAN;NL:Q:40013330;Batavierenweg;Arnhem;8,7;30,2;2,3;11,4;2,0;8,3
SAN;NL:Q:40013340;Batavierenweg;Arnhem;6,0;2,8;4,4;1,0;0,0;0,0
SAN;NL:Q:40013350;Rotterdamsingel;Arnhem;1,0;9,0;0,5;2,1;0,0;0,0
SAN;NL:Q:40013360;Rotterdamsingel;Arnhem;12,8;1,7;3,5;0,4;0,0;0,0
SAN;NL:Q:40013390;Kroonse Wal;Arnhem;16,8;75,0;13,6;67,7;9,7;46,1
SAN;NL:Q:40013400;Kroonse Wal;Arnhem;72,7;23,4;76,1;18,0;41,2;12,4
SAN;NL:Q:40013410;Woudrichemstraat;Arnhem;23,8;81,3;16,4;58,8;14,1;39,9
SAN;NL:Q:40013420;Woudrichemstraat;Arnhem;82,4;17,7;65,1;12,9;36,7;10,7
SAN;NL:Q:40013450;Brabantweg;Arnhem;23,3;38,7;16,1;31,1;10,8;23,8
SAN;NL:Q:40013460;Brabantweg;Arnhem;29,2;12,1;24,3;8,6;16,7;4,9
SAN;NL:Q:40013480;Park Lingezegen;Elst;1,1;1,3;1,2;1,7;0,4;0,9
SAN;NL:Q:40013490;Park Lingezegen;Elst;1,0;2,4;0,8;2,4;0,6;0,8
SAN;NL:Q:40013550;Hollandweg;Arnhem;4,7;21,2;3,3;21,3;2,4;14,2
SAN;NL:Q:40013560;Hollandweg;Arnhem;61,6;26,1;54,4;19,3;40,7;13,2
SAN;NL:Q:40013570;Wkc Schuytgraaf;Arnhem;10,8;22,5;7,6;19,2;4,2;10,2
SAN;NL:Q:40013575;Germanenveld;Arnhem;3,5;29,1;2,8;20,6;1,6;11,6
SAN;NL:Q:40013576;Germanenveld;Arnhem;40,6;14,7;30,1;9,6;15,9;5,5
SAN;NL:Q:40013580;Wkc Schuytgraaf;Arnhem;15,9;12,6;13,0;9,4;7,3;4,2
SAN;NL:Q:40013590;Station Arnhem Zuid;Arnhem;297,0;124,8;188,3;52,7;96,7;26,2
SAN;NL:Q:40013595;Station Arnhem Zuid;Arnhem;105,4;281,7;43,8;195,4;25,5;128,7
SAN;NL:Q:40013620;Hollandweg;Arnhem;11,6;7,8;5,0;3,6;3,8;2,4
SAN;NL:Q:40013630;Hollandweg;Arnhem;5,6;28,3;3,4;22,8;2,4;16,6
SAN;NL:Q:40014230;Rijnpoort;Arnhem;56,5;19,2;10,6;13,8;11,4;1,7
SAN;NL:Q:40014240;Rijnpoort;Arnhem;19,6;57,9;12,2;33,7;4,3;30,1
SAN;NL:Q:40014250;Veendamstraat;Arnhem;54,4;6,4;49,5;1,8;34,2;0,2
SAN;NL:Q:40014260;Veendamstraat;Arnhem;6,4;40,8;2,4;37,0;0,1;31,0
SAN;NL:Q:40014270;Winkelcentrum Vredenburg;Arnhem;49,9;6,4;46,7;4,4;28,1;1,1
SAN;NL:Q:40014280;Winkelcentrum Vredenburg;Arnhem;6,3;48,4;5,1;40,3;1,5;29,6
SAN;NL:Q:40014290;Frieslandsingel;Arnhem;32,6;5,3;28,3;1,8;18,4;0,3
SAN;NL:Q:40014300;Frieslandsingel;Arnhem;5,2;27,1;1,5;21,1;0,2;16,1
SAN;NL:Q:40014350;Ezingestraat;Arnhem;16,7;8,7;12,8;1,3;9,7;0,0
SAN;NL:Q:40014360;Ezingestraat;Arnhem;11,1;18,4;1,4;12,8;0,2;13,3
SAN;NL:Q:40014370;Aduardstraat;Arnhem;9,8;2,5;8,8;0,9;6,7;0,1
SAN;NL:Q:40014380;Aduardstraat;Arnhem;2,2;15,7;1,0;10,4;0,3;11,2
SAN;NL:Q:40014390;Slochterenweg;Arnhem;8,4;12,1;3,6;6,3;2,2;7,4
SAN;NL:Q:40014398;Slochterenweg;Arnhem;13,3;24,5;6,3;12,6;8,7;7,3
SAN;NL:Q:40017090;Hagemanswei;Arnhem;19,9;152,5;14,8;154,3;9,7;111,6
SAN;NL:Q:40017100;Hagemanswei;Arnhem;156,3;20,9;155,6;16,6;107,1;10,0
SAN;NL:Q:40017110;Bussumstraat;Arnhem;31,0;161,0;16,9;142,7;11,1;95,3
SAN;NL:Q:40017120;Bussumstraat;Arnhem;161,5;30,6;148,7;21,7;94,7;11,2
SAN;NL:Q:40017130;WKC Elderhof;Arnhem;107,7;241,5;72,1;217,3;43,2;162,5
SAN;NL:Q:40017140;WKC Elderhof;Arnhem;258,0;90,9;241,2;58,1;169,7;37,3
SAN;NL:Q:40017150;Hillegomweg;Arnhem;39,6;162,1;25,2;138,9;17,6;113,6
SAN;NL:Q:40017160;Hillegomweg;Arnhem;105,0;29,8;96,1;18,3;71,1;10,5
SAN;NL:Q:40018231;Groningensingel;Arnhem;77,7;323,4;29,7;162,3;21,9;125,2
SAN;NL:Q:40018241;Groningensingel;Arnhem;333,5;73,1;168,5;29,8;115,6;23,8
SAN;NL:Q:40018250;Mooieweg;Arnhem;14,8;109,4;8,5;81,1;4,1;52,3
SAN;NL:Q:40018260;Mooieweg;Arnhem;104,1;18,9;85,1;10,4;55,5;4,3
SAN;NL:Q:40018270;Overmaat;Arnhem;36,9;34,7;15,0;14,8;9,6;12,1
SAN;NL:Q:40018280;Overmaat;Arnhem;24,8;40,5;12,9;16,3;9,8;10,4
SAN;NL:Q:40018290;Randweg;Arnhem;1,8;8,6;0,6;6,3;0,4;3,5
SAN;NL:Q:40018300;Randweg;Arnhem;112,4;34,2;48,6;10,6;32,6;6,9
SAN;NL:Q:40018310;Zeelandsingel;Arnhem;3,4;16,2;3,2;16,7;1,7;8,2
SAN;NL:Q:40018320;Zeelandsingel;Arnhem;14,4;3,4;16,1;2,5;6,7;1,8
SAN;NL:Q:40018330;Terneuzenstraat;Arnhem;6,7;20,6;5,0;20,8;3,2;10,6
SAN;NL:Q:40018340;Terneuzenstraat;Arnhem;15,9;8,0;19,9;4,3;7,7;2,2
SAN;NL:Q:40018350;Echterboschstraat;Arnhem;58,3;13,9;46,6;11,5;32,4;7,3
SAN;NL:Q:40018360;Echterboschstraat;Arnhem;10,5;51,1;10,9;44,9;5,8;29,1
SAN;NL:Q:40018370;Maastrichtsingel;Arnhem;45,2;12,9;30,6;8,8;19,0;6,7
SAN;NL:Q:40018380;Maastrichtsingel;Arnhem;12,0;35,9;7,6;25,6;5,2;14,3
SAN;NL:Q:40018390;Sittardstraat;Arnhem;29,1;7,1;24,9;5,4;13,9;2,9
SAN;NL:Q:40018400;Sittardstraat;Arnhem;7,8;34,9;5,8;30,1;4,2;20,4
SAN;NL:Q:40018410;Altweertstraat;Arnhem;12,9;2,8;10,7;1,8;7,3;1,3
SAN;NL:Q:40018420;Altweertstraat;Arnhem;2,6;22,2;2,7;17,7;1,3;12,9
SAN;NL:Q:40018490;Lange Akkers/Limburgsngl;Arnhem;8,6;53,2;8,4;44,0;4,1;33,1
SAN;NL:Q:40018500;Lange Akkers/Limburgsngl;Arnhem;60,0;8,0;49,8;5,8;34,3;5,0
SAN;NL:Q:40018530;De Pas;Arnhem;25,4;11,7;23,6;9,1;14,7;5,6
SAN;NL:Q:40018540;De Pas;Arnhem;8,2;37,2;5,7;39,6;4,3;27,3
SAN;NL:Q:40018750;Poli Zuid;Arnhem;26,7;190,2;11,5;103,6;8,9;70,7
SAN;NL:Q:40018760;Poli Zuid;Arnhem;206,0;30,1;103,4;12,2;61,1;8,4
SAN;NL:Q:40018780;Rijkerswoerd;Arnhem;204,4;186,0;166,8;145,0;97,4;93,7
SAN;NL:Q:40018890;Dr. J. den Uylsingel;Arnhem;1,6;93,7;1,2;71,8;0,8;44,4
SAN;NL:Q:40018900;Dr. J. den Uylsingel;Arnhem;78,7;2,5;65,3;1,0;35,9;0,6
SAN;NL:Q:40018910;Otis Reddingplein;Arnhem;8,0;64,3;5,4;47,4;2,8;28,2
SAN;NL:Q:40018920;Otis Reddingplein;Arnhem;70,8;7,7;59,1;6,1;29,9;2,8
SAN;NL:Q:40018930;Mr. Oudsingel;Arnhem;3,6;166,3;2,1;121,0;1,2;77,2
SAN;NL:Q:40018935;Gerbrandysingel;Arnhem;1,5;101,5;1,2;81,7;0,9;50,9
SAN;NL:Q:40018940;Mr. Oudsingel;Arnhem;145,4;2,5;109,3;1,7;63,3;0,6
SAN;NL:Q:40018945;Gerbrandysingel;Arnhem;146,9;1,7;118,9;1,5;65,9;1,0
SAN;NL:Q:40019040;Tijdelijke Halte;Arnhem;0,3;19,7;0,2;16,4;0,1;9,7
SAN;NL:Q:40019050;Tijdelijke Halte;Arnhem;16,3;0,2;14,3;0,1;7,6;0,1
SAN;NL:Q:40019530;De Laar/Bredasingel;Arnhem;51,0;55,3;30,7;45,5;20,6;28,8
SAN;NL:Q:40019560;De Laar/Bredasingel;Arnhem;68,7;52,9;57,3;41,8;33,7;25,7
SAN;NL:Q:40019570;Luchtvaart;Arnhem;3,0;23,6;1,5;18,1;1,4;11,7
SAN;NL:Q:40019580;Luchtvaart;Arnhem;32,3;7,6;23,4;4,2;11,5;2,8
SAN;NL:Q:40019590;Ringdijk;Arnhem;7,0;21,8;3,0;17,8;2,7;11,0
SAN;NL:Q:40019600;Ringdijk;Arnhem;30,5;12,7;26,0;7,5;12,5;4,9
SAN;NL:Q:40019610;Centraalspoor;Arnhem;4,8;14,0;4,2;11,8;2,4;7,8
SAN;NL:Q:40019620;Centraalspoor;Arnhem;19,2;8,8;17,2;6,9;9,8;3,8
SAN;NL:Q:40019630;De Zeis;Arnhem;63,5;60,3;45,3;41,1;27,5;26,7
SAN;NL:Q:40019640;De Zeis;Arnhem;67,8;55,6;51,7;40,1;28,9;25,5
SAN;NL:Q:40019650;Koningskers;Arnhem;19,7;11,7;14,5;8,2;8,4;6,0
SAN;NL:Q:40019660;Koningskers;Arnhem;9,0;21,1;7,0;16,1;4,2;9,2
SAN;NL:Q:40019670;Pachterwaard;Arnhem;25,2;15,5;17,5;10,9;9,8;8,7
SAN;NL:Q:40019680;Pachterwaard;Arnhem;7,6;16,3;6,5;14,9;3,9;9,5
SAN;NL:Q:40019690;Metamorfosenallee;Arnhem;3,5;9,4;1,4;9,9;1,0;7,7
SAN;NL:Q:40019700;Metamorfosenallee;Arnhem;8,2;2,5;5,9;1,9;5,4;1,1
SAN;NL:Q:40019710;Herfsttooi;Arnhem;45,2;19,3;31,3;12,4;14,1;10,2
SAN;NL:Q:40019720;Herfsttooi;Arnhem;8,8;32,2;5,3;21,7;2,7;11,6
SAN;NL:Q:40019730;Minervasingel;Arnhem;1,4;13,4;0,7;8,3;0,7;7,2
SAN;NL:Q:40019740;Minervasingel;Arnhem;12,7;1,1;9,0;1,1;8,7;0,6
SAN;NL:Q:40059041;Golflinks;Arnhem;1,5;0,0;0,1;0,0;0,1;0,0
SAN;NL:Q:40059042;Golflinks;Arnhem;0,0;0,0;0,0;0,0;0,0;0,0
SAN;NL:Q:40059070;Moscowa;Arnhem;0,0;0,1;0,0;0,0;0,0;0,0
SAN;NL:Q:40070010;C. van Maasdijklaan;Schaarsbergen;8,0;0,1;0,0;0,0;0,0;0,0
SAN;NL:Q:40071130;van Ruisdaelstraat;Arnhem;1,0;14,3;0,7;7,5;0,5;5,6
SAN;NL:Q:40071150;Jacob Marislaan;Arnhem;0,9;22,3;0,4;14,8;0,6;11,7
SAN;NL:Q:40071160;Jacob Marislaan;Arnhem;25,3;0,4;14,8;0,3;11,2;0,3
SAN;NL:Q:40071170;Mesdaglaan;Arnhem;0,4;18,7;0,5;20,7;0,3;12,4
SAN;NL:Q:40071180;Mesdaglaan;Arnhem;16,2;0,3;15,8;0,5;10,2;0,2
SAN;NL:Q:40071191;Schelmseweg;Arnhem;18,8;0,6;21,2;0,8;14,4;0,5
SAN;NL:Q:40071192;Schelmseweg;Arnhem;0,8;19,2;0,9;21,2;0,9;14,2
SAN;NL:Q:40072160;Oremusplein;Arnhem;86,7;1,6;79,8;1,6;52,0;1,2
SAN;NL:Q:40072180;Beethovenlaan;Arnhem;66,4;9,4;62,9;7,2;33,5;3,1
SAN;NL:Q:40072190;Beethovenlaan;Arnhem;3,9;23,3;1,8;15,8;0,0;0,0
SAN;NL:Q:40072210;Chopinstraat;Arnhem;2,9;6,1;0,8;4,4;0,0;0,0
SAN;NL:Q:40072220;Chopinstraat;Arnhem;31,7;6,9;32,4;5,0;18,1;3,7
SAN;NL:Q:40072250;Moscowa/Schelmseweg;Arnhem;1,6;7,6;0,7;5,7;0,0;0,0
SAN;NL:Q:40072260;Moscowa/Schelmseweg;Arnhem;6,6;1,7;4,8;1,0;0,0;0,0
SAN;NL:Q:40072270;Openluchtmuseum Oost;Arnhem;2,8;28,5;3,8;31,3;0,0;0,0
SAN;NL:Q:40072280;Openluchtmuseum Oost;Arnhem;17,8;4,4;13,5;6,3;0,0;0,0
SAN;NL:Q:40072300;Openluchtmuseum West;Arnhem;88,5;21,4;132,6;32,5;109,5;29,8
SAN;NL:Q:40072310;Oremusplein;Arnhem;3,0;121,8;3,2;129,8;2,5;94,9
SAN;NL:Q:40072360;Peter van Anrooylaan;Arnhem;6,9;87,1;2,8;104,0;1,8;91,4
SAN;NL:Q:40072370;Ravelstraat;Arnhem;9,4;19,6;11,0;22,5;7,0;15,6
SAN;NL:Q:40078790;Lijnbaan;Schaarsbergen;0,2;10,4;0,2;8,8;0,2;6,4
SAN;NL:Q:40078800;Lijnbaan;Schaarsbergen;11,5;0,3;9,9;0,2;5,7;0,2
SAN;NL:Q:40078810;Warnsborn;Schaarsbergen;0,2;10,2;0,3;12,7;0,3;8,1
SAN;NL:Q:40078820;Warnsborn;Schaarsbergen;9,4;0,2;12,0;0,2;8,2;0,2
SAN;NL:Q:40078830;Menthenbergseweg;Schaarsbergen;0,1;11,2;0,1;8,3;0,3;4,6
SAN;NL:Q:40078840;Menthenbergseweg;Schaarsbergen;11,8;0,1;8,2;0,1;3,5;0,1
SAN;NL:Q:40078850;Kemperbergerweg;Schaarsbergen;0,1;5,8;0,2;5,0;0,0;3,4
SAN;NL:Q:40078860;Kemperbergerweg;Schaarsbergen;6,0;0,1;4,6;0,2;3,0;0,1
SAN;NL:Q:40078870;Casa Nova;Schaarsbergen;0,0;3,5;0,2;3,8;0,1;2,6
SAN;NL:Q:40078880;Casa Nova;Schaarsbergen;3,3;0,0;3,8;0,1;2,6;0,0
SAN;NL:Q:40078890;Dennenheide;Schaarsbergen;0,0;0,9;0,0;1,1;0,0;0,5
SAN;NL:Q:40078900;Dennenheide;Schaarsbergen;0,3;0,0;1,0;0,0;0,6;0,0
SAN;NL:Q:40078910;Pannekoekhuis;Schaarsbergen;0,1;6,6;0,1;6,7;0,1;5,4
SAN;NL:Q:40078920;Pannekoekhuis;Schaarsbergen;8,8;0,2;9,4;0,2;7,4;0,2
SAN;NL:Q:40078930;Museum 40-45;Schaarsbergen;0,2;18,1;0,5;12,5;0,1;6,1
SAN;NL:Q:40078940;Museum 40-45;Schaarsbergen;13,2;0,1;8,0;0,2;4,2;0,2
SAN;NL:Q:40078950;Koningsweg;Schaarsbergen;1,3;30,6;3,3;41,5;3,0;35,1
SAN;NL:Q:40078960;Koningsweg;Schaarsbergen;30,2;2,2;51,3;5,6;35,2;6,3
SAN;NL:Q:40078990;Buitenplaats Koningsweg;Schaarsbergen;0,0;7,1;0,0;0,0;0,0;0,0
SAN;NL:Q:40079000;Buitenplaats Koningsweg;Schaarsbergen;7,6;0,1;0,0;0,0;0,0;0,0
SAN;NL:Q:40079010;Viersprong;Schaarsbergen;0,1;5,2;0,0;0,0;0,0;0,0
SAN;NL:Q:40079020;Viersprong;Schaarsbergen;5,8;0,0;0,0;0,0;0,0;0,0
SAN;NL:Q:40079030;I.P.C.;Schaarsbergen;5,3;7,5;0,0;0,0;0,0;0,0
SAN;NL:Q:40079510;Burgers' Zoo;Arnhem;137,4;132,3;195,1;185,6;161,8;157,4
SAN;NL:Q:40079550;Alteveer;Arnhem;1,9;0,7;1,0;0,7;0,0;0,0
SAN;NL:Q:40079551;Alteveer;Arnhem;0,7;5,8;0,2;4,0;0,0;0,0
SAN;NL:Q:40100010;Kerklaan;Doorwerth;23,4;4,8;19,4;3,0;15,6;2,4
SAN;NL:Q:40100020;Wolfhezerweg;Oosterbeek;0,2;0,2;0,0;0,2;0,0;0,0
SAN;NL:Q:40100030;Wolfhezerweg;Oosterbeek;13,5;3,7;15,1;2,6;8,9;1,3
SAN;NL:Q:40100040;d'Oude Herbergh;Oosterbeek;7,6;52,6;7,1;34,6;3,7;22,6
SAN;NL:Q:40100050;d'Oude Herbergh;Oosterbeek;44,4;7,1;31,2;5,9;19,4;3,6
SAN;NL:Q:40100060;Airborne Museum;Oosterbeek;14,8;56,7;12,9;61,5;8,4;38,6
SAN;NL:Q:40100070;Airborne Museum;Oosterbeek;49,3;16,5;58,0;24,8;31,3;8,9
SAN;NL:Q:40100080;Vogelweg;Oosterbeek;37,1;5,1;26,7;2,9;12,5;1,5
SAN;NL:Q:40100100;Wolfhezerweg;Oosterbeek;2,4;12,6;2,5;14,3;1,7;7,4
SAN;NL:Q:40100150;Vogelweg;Oosterbeek;6,0;28,2;5,2;22,9;1,7;11,7
SAN;NL:Q:40100170;Station Oosterbeek;Oosterbeek;2,5;0,5;2,1;0,6;0,0;0,0
SAN;NL:Q:40100180;Station Oosterbeek;Oosterbeek;0,9;3,3;0,5;2,8;0,0;0,0
SAN;NL:Q:40100220;Julianaweg;Oosterbeek;8,6;2,4;8,1;2,0;7,4;1,6
SAN;NL:Q:40100230;Rechterenborg;Oosterbeek;2,4;0,1;1,7;0,2;0,0;0,0
SAN;NL:Q:40100240;Rechterenborg;Oosterbeek;0,1;3,0;0,0;1,7;0,0;0,0
SAN;NL:Q:40100250;Parkflat de Valkenburcht;Oosterbeek;1,6;0,3;1,0;0,2;0,0;0,0
SAN;NL:Q:40100260;Parkflat de Valkenburcht;Oosterbeek;0,2;0,5;0,3;0,4;0,0;0,0
SAN;NL:Q:40100270;Valkenburglaan;Oosterbeek;0,2;0,2;0,2;0,3;0,0;0,0
SAN;NL:Q:40100280;Valkenburglaan;Oosterbeek;0,2;0,4;0,2;0,3;0,0;0,0
SAN;NL:Q:40100290;Bilderberglaan;Oosterbeek;0,0;0,0;0,0;0,0;0,0;0,0
SAN;NL:Q:40100300;Bilderberglaan;Oosterbeek;0,0;0,0;0,0;0,0;0,0;0,0
SAN;NL:Q:40100310;Julianaweg;Oosterbeek;2,3;9,3;2,9;9,7;0,9;6,8
SAN;NL:Q:40100330;Sonnenberglaan;Oosterbeek;0,0;0,3;0,0;0,1;0,0;0,0
SAN;NL:Q:40100340;Sonnenberglaan;Oosterbeek;0,2;1,0;0,0;0,9;0,0;0,0
SAN;NL:Q:40100590;Arnhems Buiten;Arnhem;15,7;151,2;7,5;33,4;5,7;22,9
SAN;NL:Q:40100610;Mariendaal;Oosterbeek;1,0;7,9;0,8;3,6;0,7;1,4
SAN;NL:Q:40100620;Mariendaal;Oosterbeek;6,4;1,2;3,3;0,6;1,9;0,2
SAN;NL:Q:40100650;Beukenlaan;Oosterbeek;13,6;129,8;7,6;99,1;7,7;70,5
SAN;NL:Q:40100660;Beukenlaan;Oosterbeek;114,9;11,5;91,8;6,2;62,4;5,3
SAN;NL:Q:40100670;Weverstraat;Oosterbeek;21,9;128,4;21,9;148,6;8,2;67,8
SAN;NL:Q:40100680;Weverstraat;Oosterbeek;128,6;21,2;108,8;14,9;66,8;6,9
SAN;NL:Q:40100690;Gemeentehuis;Oosterbeek;43,2;107,0;30,5;88,9;15,6;46,6
SAN;NL:Q:40100700;Gemeentehuis;Oosterbeek;102,6;38,7;136,1;30,5;44,2;11,1
SAN;NL:Q:40100740;Cronjeweg;Oosterbeek;1,1;0,6;1,8;0,1;0,0;0,0
SAN;NL:Q:40100741;Cronjeweg;Oosterbeek;0,3;0,7;0,1;1,3;0,0;0,0
SAN;NL:Q:40100790;Gzc De Dennenkamp;Oosterbeek;0,9;2,4;0,5;0,6;0,0;0,0
SAN;NL:Q:40100800;Gzc De Dennenkamp;Oosterbeek;1,4;1,3;0,3;0,2;0,0;0,0
SAN;NL:Q:40100810;Tuin de Lage Oorsprong;Oosterbeek;0,0;0,1;0,0;0,0;0,0;0,0
SAN;NL:Q:40100820;Tuin de Lage Oorsprong;Oosterbeek;0,1;0,0;0,1;0,2;0,0;0,0
SAN;NL:Q:40100850;Oude Oosterbeekseweg;Heveadorp;0,3;0,3;0,0;0,1;0,0;0,0
SAN;NL:Q:40100860;Oude Oosterbeekseweg;Heveadorp;0,4;0,3;0,2;0,2;0,0;0,0
SAN;NL:Q:40100870;Westerbouwing;Oosterbeek;0,0;0,1;0,0;0,1;0,0;0,0
SAN;NL:Q:40100880;Westerbouwing;Oosterbeek;0,0;0,0;0,0;0,1;0,0;0,0
SAN;NL:Q:40105670;Van Toulon v.d. Koogweg;Oosterbeek;2,0;8,2;4,9;7,9;1,4;3,7
SAN;NL:Q:40105680;Van Toulon v.d. Koogweg;Oosterbeek;8,9;2,6;6,8;2,3;4,2;1,8
SAN;NL:Q:40105690;Oude Kerk;Oosterbeek;2,2;9,6;2,6;9,6;1,4;5,1
SAN;NL:Q:40105700;Oude Kerk;Oosterbeek;11,7;2,4;10,8;2,2;7,3;1,3
SAN;NL:Q:40105710;Kneppelhoutweg;Oosterbeek;1,9;3,5;1,4;2,2;0,9;1,3
SAN;NL:Q:40105720;Kneppelhoutweg;Oosterbeek;3,0;1,5;2,3;1,9;1,4;0,9
SAN;NL:Q:40105730;van Borsselenweg;Oosterbeek;0,3;1,4;0,2;0,8;0,2;0,6
SAN;NL:Q:40105740;van Borsselenweg;Oosterbeek;1,5;0,4;0,9;0,2;0,7;0,3
SAN;NL:Q:40105750;Drielse Veer;Oosterbeek;0,4;3,0;0,7;3,2;0,6;1,9
SAN;NL:Q:40105760;Drielse Veer;Oosterbeek;1,7;0,3;2,5;0,7;2,1;0,5
SAN;NL:Q:40105770;Dunolaan;Heveadorp;0,3;5,0;0,8;5,2;0,3;2,2
SAN;NL:Q:40105780;Dunolaan;Heveadorp;4,1;0,4;4,0;1,4;2,2;0,5
SAN;NL:Q:40105790;Beeklaan;Heveadorp;3,3;8,1;3,1;7,5;1,4;4,0
SAN;NL:Q:40105800;Beeklaan;Heveadorp;8,3;1,6;8,0;1,8;4,6;0,8
SAN;NL:Q:40105810;Wilhelmilaan;Heveadorp;1,5;5,2;1,2;3,4;0,7;3,3
SAN;NL:Q:40105820;Wilhelmilaan;Heveadorp;5,1;2,2;4,0;5,6;3,0;1,0
SAN;NL:Q:40120010;Aansluiting A12;Duiven;25,1;6,4;11,5;2,3;19,9;2,6
SAN;NL:Q:40120030;Hotel De Roskam;Rheden;31,2;20,1;20,9;4,0;15,5;3,9
SAN;NL:Q:40120050;Beekhuizenseweg;Velp;61,4;89,4;30,7;45,3;21,4;27,5
SAN;NL:Q:40120060;Beekhuizenseweg;Velp;43,5;13,0;13,7;5,1;8,6;3,6
SAN;NL:Q:40120070;A.G. Hofkeslaan;Velp;6,0;10,9;2,3;5,3;3,7;4,6
SAN;NL:Q:40120080;A.G. Hofkeslaan;Velp;4,6;5,6;3,6;3,2;4,9;6,6
SAN;NL:Q:40120090;Oosterwolde;Velp;2,3;1,1;1,4;0,6;1,2;1,0
SAN;NL:Q:40120100;Oosterwolde;Velp;1,2;2,0;0,6;0,8;0,6;1,8
SAN;NL:Q:40120110;Gasthuislaan;Velp;48,6;34,2;9,3;2,1;6,3;1,9
SAN;NL:Q:40120140;Reigerstraat;Velp;1,7;2,3;0,9;4,0;0,8;2,1
SAN;NL:Q:40120150;Gruttostraat;Velp;138,4;32,7;11,8;5,4;8,8;4,3
SAN;NL:Q:40120160;Gruttostraat;Velp;34,8;102,1;2,4;8,2;2,0;6,3
SAN;NL:Q:40120210;Bronbeek;Arnhem;1,5;12,2;1,6;15,4;0,7;8,9
SAN;NL:Q:40120230;Rozenhagelaan;Velp;0,6;21,5;0,8;15,7;0,3;13,6
SAN;NL:Q:40120240;Rozenhagelaan;Velp;20,4;0,9;13,6;0,8;8,5;0,3
SAN;NL:Q:40120250;Nordlaan;Velp;2,5;70,9;0,6;35,2;0,4;24,9
SAN;NL:Q:40120260;Nordlaan;Velp;58,6;2,9;34,2;0,6;21,1;0,1
SAN;NL:Q:40120270;Wilhelminastraat;Velp;7,9;148,7;6,0;159,2;4,2;97,5
SAN;NL:Q:40120280;Wilhelminastraat;Velp;146,7;6,8;150,4;4,6;83,8;2,3
SAN;NL:Q:40120290;Emmastraat;Velp;13,5;99,7;4,0;105,3;1,8;68,6
SAN;NL:Q:40120300;Emmastraat;Velp;93,1;12,6;97,9;3,7;53,3;0,9
SAN;NL:Q:40120310;Hogeweg;Velp;3,3;34,1;1,4;37,0;0,1;30,6
SAN;NL:Q:40120320;Hogeweg;Velp;27,9;2,8;31,2;2,0;23,9;0,2
SAN;NL:Q:40120330;Heemskerklaan;Velp;1,1;10,6;1,0;12,6;0,3;9,8
SAN;NL:Q:40120340;Heemskerklaan;Velp;8,3;3,7;10,1;2,2;7,1;1,1
SAN;NL:Q:40123750;Rhedens Lyceum;Rozendaal;4,2;1,7;1,7;0,1;0,0;0,0
SAN;NL:Q:40123770;Arnhemse Allee;Arnhem;0,6;0,8;0,2;0,7;0,0;0,0
SAN;NL:Q:40123790;Kerklaan;Rozendaal;0,5;4,6;0,5;4,0;0,0;0,0
SAN;NL:Q:40123800;Kerklaan;Rozendaal;4,0;1,1;3,6;0,7;0,0;0,0
SAN;NL:Q:40123810;Hertog van Gelrestraat;Rozendaal;1,1;3,2;0,2;2,7;0,0;0,0
SAN;NL:Q:40123820;Hertog van Gelrestraat;Rozendaal;4,1;1,1;2,5;0,2;0,0;0,0
SAN;NL:Q:40123830;Bergweg;Velp;0,4;3,3;0,1;3,0;0,0;0,0
SAN;NL:Q:40123840;Bergweg;Velp;4,0;1,1;2,6;0,1;0,0;0,0
SAN;NL:Q:40123910;Den Heuvel;Velp;2,2;7,1;1,7;6,1;0,0;0,0
SAN;NL:Q:40123920;Den Heuvel;Velp;6,3;1,8;4,7;1,1;0,0;0,0
SAN;NL:Q:40123930;Kerkstraat;Velp;0,1;5,7;0,0;1,9;0,0;0,0
SAN;NL:Q:40123940;Kerkstraat;Velp;5,4;0,1;2,6;0,0;0,0;0,0
SAN;NL:Q:40123950;Velperbroek;Velp;13,0;21,1;2,7;9,1;3,0;7,0
SAN;NL:Q:40123960;Velperbroek;Velp;22,0;14,0;12,3;1,4;6,3;2,6
SAN;NL:Q:40123980;Parking President Kennedylaan;Velp;5,7;4,0;3,8;2,2;0,0;0,0
SAN;NL:Q:40123990;Waterstraat;Velp;23,2;118,8;9,1;21,4;7,1;22,8
SAN;NL:Q:40124000;Waterstraat;Velp;92,0;11,3;37,7;4,6;28,3;4,5
SAN;NL:Q:40124030;Haverland;Velp;6,8;30,9;3,6;15,1;3,4;20,7
SAN;NL:Q:40124040;Haverland;Velp;27,6;7,7;21,2;3,0;18,8;3,4
SAN;NL:Q:40124050;Graaf Ottostraat;Velp;11,2;65,7;6,2;12,3;6,0;15,8
SAN;NL:Q:40124060;Graaf Ottostraat;Velp;75,8;10,3;21,6;4,6;20,2;5,3
SAN;NL:Q:40124070;Graaf Gerhardstraat;Velp;11,1;113,9;3,1;7,9;2,4;10,4
SAN;NL:Q:40124080;Graaf Gerhardstraat;Velp;145,1;10,7;12,5;2,3;13,1;2,0
SAN;NL:Q:40124090;Brekelenkampstraat;Arnhem;19,8;107,0;4,6;37,2;4,8;32,3
SAN;NL:Q:40124820;Rozendaalselaan;Velp;3,5;0,7;2,2;0,0;0,0;0,0
SAN;NL:Q:40124830;Rozendaalselaan;Velp;1,1;5,6;0,3;3,4;0,0;0,0
SAN;NL:Q:40124840;Biesdelselaan;Velp;8,6;1,3;1,8;0,4;0,0;0,0
SAN;NL:Q:40124850;Biesdelselaan;Velp;1,0;9,1;0,3;2,8;0,0;0,0
SAN;NL:Q:40129250;Nordlaan;Velp;3,8;96,4;1,4;63,8;0,7;42,9
SAN;NL:Q:40129260;Nordlaan;Velp;86,2;4,1;45,8;1,1;32,4;0,5
SAN;NL:Q:40160030;Schelmseweg;Arnhem;0,6;11,0;0,0;0,0;0,0;0,0
SAN;NL:Q:40160070;Maasbergseweg;Arnhem;8,7;10,0;0,0;0,0;0,0;0,0
SAN;NL:Q:40160080;De Leeren Doedel;Arnhem;1,3;0,2;0,0;0,0;0,0;0,0
SAN;NL:Q:40160090;De Leeren Doedel;Arnhem;0,2;2,4;0,0;0,0;0,0;0,0
SAN;NL:Q:40160110;De Vijverberg;Arnhem;0,0;0,6;0,0;0,0;0,0;0,0
SAN;NL:Q:40160120;De Vijverberg;Arnhem;0,4;0,4;0,0;0,0;0,0;0,0
SAN;NL:Q:40160130;Klein Warnsborn;Arnhem;2,8;2,6;0,0;0,0;0,0;0,0
SAN;NL:Q:40160140;Klein Warnsborn;Arnhem;1,3;1,5;0,0;0,0;0,0;0,0
SAN;NL:Q:40160160;Sportcentrum Papendal;Arnhem;90,4;90,0;0,0;0,0;0,0;0,0
SAN;NL:Q:40160170;v.d. Valk Hotel Arnhem;Arnhem;2,6;4,5;0,0;0,0;0,0;0,0
SAN;NL:Q:40169091;Van der Valk/Papendal;Arnhem;15,2;1,9;0,0;0,0;0,0;0,0
SAN;NL:Q:40169098;'s-Koonings Jaght;Arnhem;0,0;0,0;0,0;0,0;0,0;0,0
SAN;NL:Q:40170020;C. van Maasdijklaan;Schaarsbergen;0,3;7,5;0,0;0,0;0,0;0,0
SAN;NL:Q:40170030;Hoenderloseweg;Deelen;3,7;0,2;0,0;0,0;0,0;0,0
SAN;NL:Q:40200010;Heidesteinlaan;Renkum;55,7;26,1;36,0;16,9;22,6;11,3
SAN;NL:Q:40200020;Patrimoniumweg;Heelsum;14,8;31,2;12,0;26,3;6,6;19,0
SAN;NL:Q:40200025;Patrimoniumweg;Heelsum;0,1;0,3;0,0;0,0;0,0;0,0
SAN;NL:Q:40200030;Patrimoniumweg;Heelsum;34,1;13,7;29,5;10,2;18,5;6,8
SAN;NL:Q:40200035;Patrimoniumweg;Heelsum;0,1;0,3;0,0;0,0;0,0;0,0
SAN;NL:Q:40200040;Het Beekdal;Heelsum;9,7;31,9;7,8;28,5;4,7;20,3
SAN;NL:Q:40200050;Het Beekdal;Heelsum;30,5;10,2;28,4;7,9;19,1;5,4
SAN;NL:Q:40200060;Doorwerthsestraat;Heelsum;3,2;14,7;2,8;13,8;1,7;7,9
SAN;NL:Q:40200070;Doorwerthsestraat;Heelsum;8,9;2,8;8,5;2,6;5,5;1,5
SAN;NL:Q:40200080;Kievitsdel;Heelsum;3,9;9,7;4,1;10,2;3,1;8,1
SAN;NL:Q:40200090;Kievitsdel;Doorwerth;9,4;4,2;10,8;2,3;6,8;2,7
SAN;NL:Q:40200100;Mooiland;Doorwerth;4,1;12,1;2,5;9,2;1,6;6,0
SAN;NL:Q:40200110;Mooiland;Doorwerth;11,1;5,0;7,7;2,7;5,9;1,1
SAN;NL:Q:40200120;Kasteelweg;Doorwerth;10,5;31,0;7,0;25,4;2,8;16,2
SAN;NL:Q:40200130;Kasteelweg;Doorwerth;31,0;9,9;21,3;4,5;14,5;3,2
SAN;NL:Q:40200140;Kerklaan;Doorwerth;4,8;27,4;3,2;23,2;2,9;19,4
SAN;NL:Q:40200160;Kerklaan;Doorwerth;0,0;0,0;0,0;0,0;0,0;0,0
SAN;NL:Q:40200190;Winkelcentr. De Weerd;Doorwerth;54,0;29,7;42,7;19,1;21,5;6,8
SAN;NL:Q:40200200;Winkelcentr. De Weerd;Doorwerth;31,1;47,0;21,2;39,5;7,3;19,4
SAN;NL:Q:40200220;Kievitsdel;Doorwerth;1,1;4,0;1,0;3,3;0,8;1,7
SAN;NL:Q:40200230;Kievitsdel;Doorwerth;5,0;1,4;5,3;1,5;3,6;0,7
SAN;NL:Q:40200240;Van Aldenburglaan;Doorwerth;0,4;2,2;0,3;2,6;0,1;1,1
SAN;NL:Q:40200270;Hackettweg;Heelsum;12,7;4,9;11,6;3,2;6,1;1,9
SAN;NL:Q:40200290;Dopheidelaan;Heelsum;10,5;3,7;10,5;3,4;5,4;1,8
SAN;NL:Q:40200300;Dopheidelaan;Heelsum;2,6;10,5;2,9;9,2;1,4;6,1
SAN;NL:Q:40200310;Rolandseck;Doorwerth;0,2;1,7;0,0;0,5;0,0;0,0
SAN;NL:Q:40200320;Rolandseck;Doorwerth;1,9;0,3;0,8;0,0;0,0;0,0
SAN;NL:Q:40200330;Spechtlaan;Doorwerth;0,3;1,0;0,1;0,6;0,0;0,0
SAN;NL:Q:40200340;Spechtlaan;Doorwerth;0,9;0,1;0,5;0,0;0,0;0,0
SAN;NL:Q:40200490;Heidestein;Heelsum;2,6;0,8;0,0;0,0;0,0;0,0
SAN;NL:Q:40200510;Heidestein;Heelsum;0,9;2,5;0,0;0,0;0,0;0,0
SAN;NL:Q:40205830;Van der Molenplein;Doorwerth;1,8;17,5;1,4;12,7;1,0;7,8
SAN;NL:Q:40205840;Van der Molenplein;Doorwerth;7,9;1,1;9,6;0,6;3,9;0,3
SAN;NL:Q:40205850;Berkenlaan;Doorwerth;11,6;44,4;5,6;33,0;2,7;22,6
SAN;NL:Q:40205860;Berkenlaan;Doorwerth;55,9;10,1;43,5;5,7;25,1;3,0
SAN;NL:Q:40205890;Van Aldenburglaan;Doorwerth;1,3;0,8;1,2;0,7;0,7;0,4
SAN;NL:Q:40210030;Hotel  Wolfheze;Wolfheze;0,4;0,3;0,1;0,1;0,0;0,0
SAN;NL:Q:40210040;Hotel  Wolfheze;Wolfheze;0,2;0,2;0,0;0,1;0,0;0,0
SAN;NL:Q:40210050;Balijeweg;Wolfheze;0,5;0,0;0,1;0,0;0,0;0,0
SAN;NL:Q:40210060;Balijeweg;Wolfheze;0,3;0,7;0,0;0,1;0,0;0,0
SAN;NL:Q:40210070;Station Wolfheze;Wolfheze;4,0;1,6;3,5;0,1;0,0;0,0
SAN;NL:Q:40210080;Station Wolfheze;Wolfheze;0,6;3,4;0,2;2,9;0,0;0,0
SAN;NL:Q:40210100;Het Schild;Wolfheze;5,4;2,7;3,5;3,2;0,0;0,0
SAN;NL:Q:40210180;Station/Parallelweg;Wolfheze;2,8;2,0;0,0;0,0;0,0;0,0
SAN;NL:Q:40210190;Station/Parallelweg;Wolfheze;0,4;3,5;0,0;0,0;0,0;0,0
SAN;NL:Q:40210200;Boshoeve;Wolfheze;0,0;0,0;0,0;0,0;0,0;0,0
SAN;NL:Q:40210210;Boshoeve;Wolfheze;0,0;0,0;0,0;0,0;0,0;0,0
SAN;NL:Q:40210220;De Buunderkamp;Wolfheze;0,4;0,4;0,0;0,0;0,0;0,0
SAN;NL:Q:40210230;De Buunderkamp;Wolfheze;0,5;0,3;0,0;0,0;0,0;0,0
SAN;NL:Q:40220070;Polenplein;Driel;5,5;0,7;0,0;0,0;0,0;0,0
SAN;NL:Q:40220080;Polenplein;Driel;1,2;5,5;0,0;0,0;0,0;0,0
SAN;NL:Q:40220090;Ausemsstraat;Driel;1,0;0,3;0,0;0,0;0,0;0,0
SAN;NL:Q:40220100;Ausemsstraat;Driel;0,1;0,7;0,0;0,0;0,0;0,0
SAN;NL:Q:40220110;Cremerstraat;Driel;1,3;0,2;0,0;0,0;0,0;0,0
SAN;NL:Q:40220120;Cremerstraat;Driel;0,1;1,0;0,0;0,0;0,0;0,0
SAN;NL:Q:40221020;Grote Breeken;Driel;20,1;0,5;12,5;0,3;7,4;0,4
SAN;NL:Q:40221030;Grote Breeken;Driel;0,5;21,2;0,2;11,3;0,3;7,0
SAN;NL:Q:40221190;De Meikers;Driel;2,3;39,0;1,8;22,4;2,2;18,2
SAN;NL:Q:40221200;De Meikers;Driel;45,1;2,0;27,9;2,3;21,2;1,8
SAN;NL:Q:40221210;Broeksingel;Driel;1,1;24,9;0,6;14,2;0,4;10,7
SAN;NL:Q:40221220;Broeksingel;Driel;23,8;1,7;16,8;1,0;10,9;0,4
SAN;NL:Q:40221310;Vredesteinsestraat;Driel;0,0;1,0;0,0;0,7;0,0;0,6
SAN;NL:Q:40221320;Vredesteinsestraat;Driel;0,7;0,1;0,8;0,0;0,4;0,0
SAN;NL:Q:40221330;Noordhoeksestraat;Driel;0,0;1,0;0,0;0,6;0,0;0,6
SAN;NL:Q:40221340;Noordhoeksestraat;Driel;0,9;0,0;0,7;0,0;0,4;0,0
SAN;NL:Q:40258001;Schalterdalweg;Woeste Hoeve;0,0;0,0;0,0;0,0;0,0;0,0
SAN;NL:Q:40259001;Schalterdalweg;Beekbergen;0,1;0,1;0,1;0,2;0,1;0,1
SAN;NL:Q:40269097;'s-Koonings Jaght;Arnhem;0,0;0,0;0,1;0,0;0,0;0,0
SAN;NL:Q:40300020;Grotelaan;Wageningen;0,0;0,0;0,0;0,0;0,0;0,0
SAN;NL:Q:40300040;Bokkedijk;Renkum;2,1;0,7;1,4;1,0;1,1;0,3
SAN;NL:Q:40300050;Bokkedijk;Renkum;1,2;3,7;1,1;3,2;0,6;2,2
SAN;NL:Q:40300060;Nieuweweg;Renkum;15,9;11,8;9,0;10,1;3,7;5,4
SAN;NL:Q:40300070;Nieuweweg;Renkum;15,7;11,7;12,8;6,8;5,4;3,7
SAN;NL:Q:40300080;Europalaan;Renkum;16,0;19,0;11,7;14,8;4,7;8,5
SAN;NL:Q:40300090;Europalaan;Renkum;22,8;12,9;18,2;8,2;10,7;4,8
SAN;NL:Q:40300100;Don Boscoweg;Renkum;0,0;0,2;0,0;0,1;0,0;0,0
SAN;NL:Q:40300110;Don Boscoweg;Renkum;0,0;0,0;0,0;0,0;0,0;0,0
SAN;NL:Q:40300120;Groeneweg;Renkum;0,0;0,2;0,0;0,1;0,0;0,0
SAN;NL:Q:40300130;Groeneweg;Renkum;0,3;0,5;0,0;0,0;0,0;0,0
SAN;NL:Q:40300140;Heidesteinlaan;Renkum;24,7;46,5;17,2;35,4;11,1;25,8
SAN;NL:Q:40300160;Hackettweg;Heelsum;5,8;11,0;5,2;9,8;2,4;4,5
SAN;NL:Q:40300170;Telefoonweg;Renkum;13,7;6,4;11,7;5,2;5,5;2,2
SAN;NL:Q:40300180;Telefoonweg;Renkum;5,5;12,4;4,4;9,2;1,8;4,5
SAN;NL:Q:40300190;Fluitersheuvel;Renkum;14,0;6,8;9,5;5,4;4,7;2,5
SAN;NL:Q:40300200;Fluitersheuvel;Renkum;6,1;13,2;4,3;8,0;2,0;5,7
SAN;NL:Q:40300230;Bellevue;Renkum;26,2;9,7;20,5;8,5;11,4;4,6
SAN;NL:Q:40300240;Bellevue;Renkum;10,6;22,1;9,3;15,6;5,8;9,2
SAN;NL:Q:40300270;Doelum;Renkum;21,1;6,7;15,2;5,7;9,4;2,3
SAN;NL:Q:40300280;Doelum;Renkum;6,4;16,7;5,7;11,1;2,2;8,7
SAN;NL:Q:40300300;Melkdam;Renkum;100,9;48,2;87,3;32,4;50,1;25,4
SAN;NL:Q:40300310;Melkdam;Renkum;34,4;101,8;26,9;81,5;19,3;61,4
SAN;NL:Q:40300410;IJsbaan/Kortenburg;Renkum;0,0;0,1;0,0;0,0;0,0;0,0
SAN;NL:Q:40300420;IJsbaan/Kortenburg;Renkum;0,2;0,0;0,0;0,0;0,0;0,0
SAN;NL:Q:40300450;Waterweg;Renkum;0,3;0,4;0,0;0,0;0,0;0,0
SAN;NL:Q:40300460;Waterweg;Renkum;0,3;0,2;0,0;0,0;0,0;0,0
SAN;NL:Q:40300470;Nieuwe Keijenbergseweg;Renkum;0,5;0,4;0,0;0,0;0,0;0,0
SAN;NL:Q:40300480;Nieuwe Keijenbergseweg;Renkum;0,5;0,5;0,0;0,0;0,0;0,0
SAN;NL:Q:40300490;van Riessenstraat;Renkum;0,9;0,7;0,0;0,0;0,0;0,0
SAN;NL:Q:40300500;Dorpsstraat;Renkum;0,5;0,9;0,0;0,0;0,0;0,0
SAN;NL:Q:40300510;Centrum;Renkum;0,7;0,9;0,0;0,0;0,0;0,0
SAN;NL:Q:40300520;Centrum;Renkum;0,4;1,4;0,0;0,0;0,0;0,0
SAN;NL:Q:40300530;Wilgenpas;Renkum;2,9;0,5;0,0;0,0;0,0;0,0
SAN;NL:Q:40300540;Wilgenpas;Renkum;0,7;2,4;0,0;0,0;0,0;0,0
SAN;NL:Q:40320060;Poort v. Midden Gld Gr.;Heteren;0,3;4,0;0,0;0,0;0,0;0,0
SAN;NL:Q:40320070;Poort v. Midden Gld Gr.;Heteren;10,5;23,4;0,0;0,0;0,0;0,0
SAN;NL:Q:40320130;Nachtegaalstraat;Heteren;0,4;1,5;0,0;0,0;0,0;0,0
SAN;NL:Q:40320131;Nachtegaalstraat;Heteren;0,5;0,0;0,0;0,0;0,0;0,0
SAN;NL:Q:40320170;Elzenpas;Heteren;11,2;20,0;5,8;12,1;3,3;9,2
SAN;NL:Q:40320210;Beemdhof;Heteren;48,1;41,7;28,9;25,7;17,8;16,9
SAN;NL:Q:40320240;Schaapsakker;Heteren;16,8;1,7;9,6;0,5;6,5;0,4
SAN;NL:Q:40320320;Schoutenkamp;Heteren;1,0;4,2;0,0;0,0;0,0;0,0
SAN;NL:Q:40320330;Schoutenkamp;Heteren;1,9;0,4;0,0;0,0;0,0;0,0
SAN;NL:Q:40320360;Heetveld;Heteren;17,4;16,5;11,4;8,8;6,6;5,8
SAN;NL:Q:40320380;Onze Lieve Vrouwestraat;Heteren;9,9;11,3;5,9;6,0;3,1;4,6
SAN;NL:Q:40320390;Polderstraat;Heteren;7,3;67,1;4,8;21,3;0,6;10,4
SAN;NL:Q:40320400;Polderstraat;Heteren;53,8;0,9;21,8;0,2;10,0;0,1
SAN;NL:Q:40321330;Uilenburgsestraat;Heteren;1,1;4,6;0,9;2,5;0,1;2,7
SAN;NL:Q:40321340;Uilenburgsestraat;Heteren;2,2;0,7;1,8;0,8;1,7;0,1
SAN;NL:Q:40321350;Achterstraat/PvMG;Heteren;29,7;86,3;12,2;44,2;1,6;35,8
SAN;NL:Q:40321360;Achterstraat/PvMG;Heteren;60,0;0,5;26,4;0,5;6,2;0,1
SAN;NL:Q:40351001;Stoppelbergweg;Beekbergen;0,1;0,4;0,1;0,8;0,1;0,6
SAN;NL:Q:40351002;Stoppelbergweg;Beekbergen;0,5;0,0;1,2;0,1;0,8;0,1
SAN;NL:Q:40351003;Vossenfarm;Beekbergen;0,0;0,6;0,1;0,9;0,0;0,7
SAN;NL:Q:40351004;Vossenfarm;Beekbergen;0,1;0,0;0,1;0,0;0,1;0,0
SAN;NL:Q:40358002;Schalterdalweg;Woeste Hoeve;0,2;0,3;0,2;0,4;0,2;0,2
SAN;NL:Q:40360003;De Zanding;Otterlo;0,0;0,0;0,0;0,0;0,0;0,0
SAN;NL:Q:40360009;Rotonde;Otterlo;0,0;0,0;0,0;0,0;0,0;0,0
SAN;NL:Q:40360010;Rotonde;Otterlo;0,0;0,0;0,0;0,0;0,0;0,0
SAN;NL:Q:40374013;Miggelenbergweg;Hoenderloo;0,0;0,0;0,0;0,0;0,0;0,0
SAN;NL:Q:40400080;Arboretumlaan;Wageningen;2,5;57,3;1,2;43,2;1,2;40,2
SAN;NL:Q:40400090;Arboretumlaan;Wageningen;53,3;6,7;46,0;4,4;27,5;3,4
SAN;NL:Q:40400100;Diedenweg;Wageningen;9,5;63,9;8,5;47,4;4,1;65,9
SAN;NL:Q:40400110;Diedenweg;Wageningen;58,0;13,8;45,3;11,7;26,9;7,9
SAN;NL:Q:40400170;Wageningse Berg;Wageningen;32,8;49,5;31,8;38,0;22,1;29,2
SAN;NL:Q:40400440;Wageningse Berg;Wageningen;48,5;36,9;35,7;36,6;23,3;27,8
SAN;NL:Q:40400530;van Uvenweg;Wageningen;0,0;0,0;0,0;0,0;0,0;0,0
SAN;NL:Q:40405000;Busstation;Wageningen;709,4;612,4;596,5;494,2;323,7;510,4
SAN;NL:Q:40405012;Busstation;Wageningen;19,6;67,8;15,4;53,6;9,9;32,6
SAN;NL:Q:40405013;Busstation;Wageningen;98,8;51,6;102,0;42,6;57,3;31,8
SAN;NL:Q:40406014;Buissteeg;Wageningen;0,0;0,0;0,0;0,0;0,0;0,0
SAN;NL:Q:40406020;Haagsteeg;Wageningen;0,0;0,0;0,0;0,0;0,0;0,0
SAN;NL:Q:40406026;Bornsesteeg;Wageningen;0,0;0,0;0,0;0,0;0,0;0,0
SAN;NL:Q:40406028;Hoevestein;Wageningen;0,0;0,0;0,0;0,0;0,0;0,0
SAN;NL:Q:40410030;Oranje Nassau's Oord;Wageningen;0,8;0,9;0,0;0,0;0,0;0,0
SAN;NL:Q:40410040;Oranje Nassau's Oord;Wageningen;0,6;0,6;0,0;0,0;0,0;0,0
SAN;NL:Q:40410050;Begraafplaats;Wageningen;0,2;0,4;0,0;0,0;0,0;0,0
SAN;NL:Q:40410060;Begraafplaats;Wageningen;0,4;0,4;0,0;0,0;0,0;0,0
SAN;NL:Q:40432001;De Harmonie;Laag-Soeren;5,9;0,7;3,8;0,7;2,7;0,2
SAN;NL:Q:40432002;De Harmonie;Laag-Soeren;0,7;9,2;0,5;4,8;0,2;3,1
SAN;NL:Q:40433002;Wilhelminapark;Eerbeek;0,1;2,2;0,2;1,4;0,1;0,6
SAN;NL:Q:40441001;Harderwijkerweg;Loenen;2,0;0,7;0,6;0,7;0,4;0,6
SAN;NL:Q:40441003;Bergakkerweg;Loenen;1,4;1,6;1,5;1,8;0,6;1,4
SAN;NL:Q:40441004;Bergakkerweg;Loenen;1,5;2,3;1,9;1,5;0,8;1,4
SAN;NL:Q:40441005;Bruisbeek;Loenen;4,6;3,9;4,4;4,8;2,4;3,1
SAN;NL:Q:40441006;Bruisbeek;Loenen;6,3;8,2;9,3;6,5;5,3;5,5
SAN;NL:Q:40441007;Leeuwenbergweg;Loenen;1,8;3,3;1,9;3,7;0,9;1,8
SAN;NL:Q:40441008;Leeuwenbergweg;Loenen;2,6;2,6;4,0;2,6;2,0;0,8
SAN;NL:Q:40441009;Hoge Bergweg;Loenen;1,3;3,5;1,9;3,5;0,8;1,8
SAN;NL:Q:40441010;Hoge Bergweg;Loenen;3,7;2,0;5,7;1,9;3,4;0,9
SAN;NL:Q:40449650;Bruisbeek/Centrum;Loenen;0,5;1,3;0,6;1,2;0,4;0,9
SAN;NL:Q:40451007;De Smittenberg;Beekbergen;0,7;1,3;0,8;1,6;0,4;1,2
SAN;NL:Q:40451008;De Smittenberg;Beekbergen;0,8;0,3;1,8;0,4;0,7;0,3
SAN;NL:Q:40451009;Hagenbrug;Beekbergen;1,1;3,6;1,7;5,5;1,1;3,2
SAN;NL:Q:40451010;Hagenbrug;Beekbergen;5,2;1,1;5,6;1,3;2,8;1,1
SAN;NL:Q:40451013;De Wipselberg;Beekbergen;1,8;7,0;0,8;4,9;0,8;3,5
SAN;NL:Q:40451014;De Wipselberg;Beekbergen;8,0;1,5;6,4;1,0;3,9;0,9
SAN;NL:Q:40451015;Hulleweg;Beekbergen;0,5;10,6;2,1;36,8;0,9;17,2
SAN;NL:Q:40451016;Hulleweg;Beekbergen;11,7;0,4;47,0;1,4;20,2;0,9
SAN;NL:Q:40451017;Zonnehuis;Beekbergen;1,1;1,7;1,2;1,2;1,5;0,8
SAN;NL:Q:40451018;Zonnehuis;Beekbergen;1,3;2,3;1,5;2,4;1,0;2,1
SAN;NL:Q:40451019;Kerkweg;Beekbergen;5,6;4,3;11,4;8,2;4,7;3,4
SAN;NL:Q:40451020;Kerkweg;Beekbergen;3,9;2,3;9,6;4,4;3,5;2,6
SAN;NL:Q:40451021;Koningsweg;Beekbergen;0,5;2,4;0,8;5,0;0,4;2,6
SAN;NL:Q:40451022;Koningsweg;Beekbergen;1,0;0,5;0,8;0,6;0,4;0,6
SAN;NL:Q:40451034;Laan van Westenenk;Apeldoorn;0,9;0,7;1,1;0,9;0,2;0,7
SAN;NL:Q:40451077;De Eglantier;Apeldoorn;0,0;0,1;0,0;0,0;0,0;0,0
SAN;NL:Q:40451078;De Eglantier;Apeldoorn;3,6;0,0;0,0;0,0;0,0;0,0
SAN;NL:Q:40451096;Laan van Erica;Apeldoorn;0,0;0,1;0,0;0,0;0,0;0,0
SAN;NL:Q:40451105;Landdrostlaan;Apeldoorn;0,0;0,1;0,0;0,0;0,0;0,0
SAN;NL:Q:40451106;Landdrostlaan;Apeldoorn;2,8;0,0;0,0;0,0;0,0;0,0
SAN;NL:Q:40451190;Bouwmeestershoeve;Apeldoorn;0,0;0,0;0,0;0,0;0,0;0,0
SAN;NL:Q:40451195;Bouwmeestershoeve;Apeldoorn;0,9;0,0;0,0;0,0;0,0;0,0
SAN;NL:Q:40451501;Laan van Malkenschoten;Apeldoorn;5,0;2,4;1,0;0,8;0,5;0,2
SAN;NL:Q:40451502;Laan van Malkenschoten;Apeldoorn;3,9;4,7;0,3;0,8;0,2;0,7
SAN;NL:Q:40512006;Vossenweg;Bennekom;0,0;0,0;0,0;0,0;0,0;0,0
SAN;NL:Q:40512014;Hof van Sint Pieter;Bennekom;0,0;0,0;0,0;0,0;0,0;0,0
SAN;NL:Q:40512016;Bart van Elstplantsoen;Bennekom;0,0;0,0;0,0;0,0;0,0;0,0
SAN;NL:Q:40512024;Bovenbuurtweg;Ede;0,0;0,0;0,0;0,0;0,0;0,0
SAN;NL:Q:40512500;Station Ede-Wageningen;Ede;0,2;0,0;0,0;0,0;0,0;0,0
SAN;NL:Q:40512502;Station Ede-Wageningen;Ede;0,0;0,0;0,0;0,0;0,0;0,0
SAN;NL:Q:40512503;Station Ede-Wageningen;Ede;0,0;0,0;0,0;0,0;0,0;0,0
SAN;NL:Q:40512506;Station Ede-Wageningen;Ede;0,0;0,0;0,0;0,0;0,0;0,0
SAN;NL:Q:40512999;Ziekenhuis Gelderse Vallei;Ede;0,0;0,0;0,0;0,0;0,0;0,0
SAN;NL:Q:40541002;Harderwijkerweg;Loenen;0,4;2,1;0,5;0,8;0,3;0,7
SAN;NL:Q:40543001;Wilhelminapark;Eerbeek;0,5;0,2;0,2;0,2;0,2;0,1
SAN;NL:Q:40543003;Coldenhovenseweg;Eerbeek;2,6;0,4;1,5;0,2;1,3;0,3
SAN;NL:Q:40543004;Coldenhovenseweg;Eerbeek;0,8;5,2;0,4;2,9;0,2;1,7
SAN;NL:Q:40543005;Loubergweg;Eerbeek;7,0;1,5;3,1;1,1;2,3;0,6
SAN;NL:Q:40543006;Loubergweg;Eerbeek;1,9;10,0;1,7;4,5;0,6;2,6
SAN;NL:Q:40543007;Centrum;Eerbeek;9,1;2,5;6,4;1,9;4,1;0,9
SAN;NL:Q:40543008;Centrum;Eerbeek;2,0;13,3;2,3;8,7;1,2;5,5
SAN;NL:Q:40543009;Offenbachstraat;Eerbeek;15,4;4,9;9,0;4,1;5,4;2,8
SAN;NL:Q:40543010;Offenbachstraat;Eerbeek;5,9;27,7;6,2;13,6;3,0;8,7
SAN;NL:Q:40543011;Ringlaan;Eerbeek;17,4;6,6;8,5;7,6;4,8;4,8
SAN;NL:Q:40543012;Ringlaan;Eerbeek;6,7;21,3;9,3;7,2;4,5;6,6
SAN;NL:Q:40543013;Vondellaan;Eerbeek;9,0;3,4;5,0;3,4;2,5;2,4
SAN;NL:Q:40543014;Vondellaan;Eerbeek;3,0;13,6;6,0;5,3;3,1;2,8
SAN;NL:Q:40551002;Station;Apeldoorn;1,1;27,5;1,6;22,8;0,7;18,1
SAN;NL:Q:40551015;Station;Apeldoorn;14,4;7,3;0,2;0,2;0,1;0,0
SAN;NL:Q:40551020;Hoofdstraat;Apeldoorn;1,1;28,9;1,5;61,9;0,7;24,3
SAN;NL:Q:40551021;Amaliapark;Apeldoorn;6,7;0,3;6,7;0,2;5,0;0,2
SAN;NL:Q:40551022;Amaliapark;Apeldoorn;0,2;8,4;0,2;12,3;0,1;6,2
SAN;NL:Q:40551023;Zichtweg;Apeldoorn;2,4;2,2;2,1;1,7;1,4;0,9
SAN;NL:Q:40551024;Zichtweg;Apeldoorn;1,7;2,9;1,3;2,8;0,9;2,1
SAN;NL:Q:40551025;Eendrachtstraat;Apeldoorn;9,2;4,4;14,7;5,7;5,4;2,1
SAN;NL:Q:40551026;Eendrachtstraat;Apeldoorn;3,2;7,2;2,4;11,5;1,0;4,3
SAN;NL:Q:40551027;Aluminiumweg;Apeldoorn;2,3;3,7;2,6;3,0;1,5;1,8
SAN;NL:Q:40551028;Aluminiumweg;Apeldoorn;3,4;2,6;2,4;3,0;1,1;1,2
SAN;NL:Q:40551029;Sebastiaanplein;Apeldoorn;1,4;4,3;1,6;2,9;1,5;1,6
SAN;NL:Q:40551030;Sebastiaanplein;Apeldoorn;3,7;1,9;2,7;1,9;1,7;1,1
SAN;NL:Q:40551031;Chopinlaan;Apeldoorn;2,8;4,5;4,0;2,5;1,9;1,7
SAN;NL:Q:40551032;Chopinlaan;Apeldoorn;4,8;2,4;2,5;4,1;1,2;2,2
SAN;NL:Q:40551033;Laan van Westenenk;Apeldoorn;1,4;1,6;0,4;1,0;0,1;0,7
SAN;NL:Q:40551081;Welgelegenbrug;Apeldoorn;0,0;0,0;0,0;0,0;0,0;0,0
SAN;NL:Q:40551082;Welgelegenbrug;Apeldoorn;0,8;0,0;0,0;0,0;0,0;0,0
SAN;NL:Q:40551084;Station;Apeldoorn;6,2;0,9;5,3;1,7;2,8;0,6
SAN;NL:Q:40551093;Glazeniershorst;Apeldoorn;0,0;0,1;0,0;0,0;0,0;0,0
SAN;NL:Q:40551094;Glazeniershorst;Apeldoorn;2,5;0,0;0,0;0,0;0,0;0,0
SAN;NL:Q:40551097;Laan van Erica;Apeldoorn;1,2;0,0;0,0;0,0;0,0;0,0
SAN;NL:Q:40551110;Hoofdstraat;Apeldoorn;29,3;0,9;47,0;1,1;23,4;0,7
SAN;NL:Q:40551229;Laan van Spitsbergen;Apeldoorn;0,0;0,0;0,0;0,0;0,0;0,0
SAN;NL:Q:40551373;Station;Apeldoorn;37,0;7,7;34,1;12,3;25,9;6,5
SAN;NL:Q:40612085;Centrum/Raadhuis;Ede;0,0;0,0;0,0;0,0;0,0;0,0
SAN;NL:Q:40612128;Darwinstraat;Ede;0,0;0,0;0,0;0,0;0,0;0,0
SAN;NL:Q:40712010;Pascalstraat;Ede;0,0;0,0;0,0;0,0;0,0;0,0
SAN;NL:Q:40712012;Lumierestraat;Ede;0,0;0,0;0,0;0,0;0,0;0,0
SAN;NL:Q:40712160;Amperestraat;Ede;0,0;0,0;0,0;0,0;0,0;0,0
SAN;NL:Q:40765010;Julianaplein;Barneveld;0,0;0,0;0,0;0,0;0,0;0,0
SAN;NL:Q:40765011;Van Dompselaerstraat;Barneveld;0,0;0,0;0,0;0,0;0,0;0,0
SAN;NL:Q:40805028;Politiebureau;Veenendaal;0,0;0,0;0,0;0,0;0,0;0,0
SAN;NL:Q:41110030;Grevenveld;Huissen;21,0;90,0;13,4;75,5;7,8;57,9
SAN;NL:Q:41110040;Grevenveld;Huissen;83,3;16,4;75,4;12,7;49,9;8,6
SAN;NL:Q:41110050;Nielant;Huissen;71,9;158,6;42,2;124,4;25,6;89,6
SAN;NL:Q:41110060;Nielant;Huissen;160,0;64,7;137,9;37,9;84,9;24,4
SAN;NL:Q:41110070;Heirweg;Huissen;25,0;68,2;15,9;62,0;10,5;41,6
SAN;NL:Q:41110080;Heirweg;Huissen;62,0;23,6;57,8;15,0;32,0;11,2
SAN;NL:Q:41110090;Bredestraat;Huissen;28,8;80,6;21,1;64,7;15,4;45,2
SAN;NL:Q:41110100;Bredestraat;Huissen;96,0;26,1;78,8;19,0;47,3;14,7
SAN;NL:Q:41110110;Langekerkstraat;Huissen;43,7;73,4;32,5;68,8;19,7;47,6
SAN;NL:Q:41110120;Langekerkstraat;Huissen;67,0;35,6;71,8;26,6;42,6;16,1
SAN;NL:Q:41110150;Stadswal;Huissen;47,0;70,9;29,9;54,5;18,6;33,0
SAN;NL:Q:41110160;Stadswal;Huissen;72,1;51,5;56,8;28,5;32,9;19,8
SAN;NL:Q:41110170;Binnenveld;Huissen;1,4;5,9;0,6;4,6;0,6;2,3
SAN;NL:Q:41110180;Binnenveld;Huissen;4,7;2,4;3,8;0,7;1,7;0,6
SAN;NL:Q:41110210;Valom;Huissen;2,4;13,2;1,3;8,5;0,9;5,6
SAN;NL:Q:41110220;Valom;Huissen;7,5;1,8;5,5;1,1;3,5;0,6
SAN;NL:Q:41110230;Florapark;Huissen;32,3;25,4;15,8;20,4;9,8;14,9
SAN;NL:Q:41110240;Florapark;Huissen;34,4;29,0;29,4;13,4;17,5;9,9
SAN;NL:Q:41110250;Nieuwediep;Huissen;6,2;10,3;4,2;8,4;2,1;6,6
SAN;NL:Q:41110260;Nieuwediep;Huissen;8,7;6,0;7,9;4,2;3,9;2,0
SAN;NL:Q:41110300;Agropark;Huissen;45,4;39,9;16,2;14,4;9,4;8,2
SAN;NL:Q:41110310;Bergerden;Huissen;11,9;12,0;0,0;0,0;0,0;0,0
SAN;NL:Q:41110330;Polseweg;Huissen;0,3;3,8;0,3;1,3;0,2;0,7
SAN;NL:Q:41110340;Polseweg;Huissen;2,5;1,5;1,0;0,6;1,1;0,5
SAN;NL:Q:41110360;Geldersch Oord;Angeren;2,4;0,6;2,0;0,5;1,2;0,3
SAN;NL:Q:41110370;Hedera;Huissen;0,0;0,7;0,0;0,0;0,0;0,0
SAN;NL:Q:41110380;Hedera;Huissen;0,9;0,3;0,0;0,0;0,0;0,0
SAN;NL:Q:41110390;Mea Vota;Huissen;47,5;53,8;30,3;44,4;18,9;30,5
SAN;NL:Q:41110400;Mea Vota;Huissen;52,5;43,5;46,8;24,7;27,0;18,1
SAN;NL:Q:41150010;Dorpstraat/Hamersetraat;Westervoort;1,1;0,3;0,0;0,0;0,0;0,0
SAN;NL:Q:41150050;Het Ambacht;Westervoort;3,0;2,3;3,2;2,0;1,4;1,0
SAN;NL:Q:41150070;Leigraaf;Westervoort;17,6;3,7;15,3;3,4;7,8;0,6
SAN;NL:Q:41150080;Leigraaf;Westervoort;4,1;13,6;4,1;10,2;0,7;6,3
SAN;NL:Q:41150110;Sonnedach;Westervoort;58,0;5,4;55,2;3,8;29,8;1,3
SAN;NL:Q:41150120;Sonnedach;Westervoort;7,1;63,0;3,8;55,3;1,8;35,2
SAN;NL:Q:41150130;Sporthal de Pals;Westervoort;11,5;2,7;11,9;1,4;6,6;0,8
SAN;NL:Q:41150140;Sporthal de Pals;Westervoort;2,8;15,7;1,2;15,5;1,4;9,4
SAN;NL:Q:41150150;Vredenburg;Westervoort;20,6;4,9;19,8;2,8;10,2;1,1
SAN;NL:Q:41150160;Vredenburg;Westervoort;4,7;20,0;2,5;17,8;1,1;11,5
SAN;NL:Q:41151010;Lange Maat;Westervoort;11,6;2,4;9,9;2,2;5,0;0,6
SAN;NL:Q:41151020;Lange Maat;Westervoort;2,5;13,4;1,8;12,7;0,7;8,4
SAN;NL:Q:41151030;Ganzenpoel;Westervoort;56,2;7,4;56,4;5,6;27,5;2,1
SAN;NL:Q:41151040;Ganzenpoel;Westervoort;9,1;51,1;6,9;46,8;3,4;27,1
SAN;NL:Q:41151050;Nieuwhof;Westervoort;54,6;6,3;46,8;4,0;25,6;1,7
SAN;NL:Q:41151060;Nieuwhof;Westervoort;6,5;59,9;3,4;45,9;1,3;29,0
SAN;NL:Q:41151070;Santacker;Westervoort;59,7;4,3;49,6;6,2;30,8;1,6
SAN;NL:Q:41151080;Santacker;Westervoort;5,4;56,3;7,2;48,4;1,6;31,5
SAN;NL:Q:41151090;Emmerik;Westervoort;37,7;3,1;33,6;2,9;18,4;0,8
SAN;NL:Q:41151100;Emmerik;Westervoort;4,0;35,9;3,4;32,2;0,9;21,9
SAN;NL:Q:41151210;Station Westervoort;Westervoort;57,0;102,7;34,6;89,2;20,7;42,9
SAN;NL:Q:41151220;Station Westervoort;Westervoort;201,8;152,4;87,8;37,2;40,7;13,0
SAN;NL:Q:41152090;Heilweg;Westervoort;9,5;1,6;7,0;0,3;2,8;0,2
SAN;NL:Q:41200040;Platinaweg;Elst;0,6;11,9;0,0;0,0;0,0;0,0
SAN;NL:Q:41200050;Platinaweg;Elst;6,6;2,1;0,0;0,0;0,0;0,0
SAN;NL:Q:41200070;Grote Molenstraat;Elst;2,8;7,5;1,4;6,5;0,5;2,5
SAN;NL:Q:41200080;Grote Molenstraat;Elst;7,0;3,1;5,3;1,5;1,8;0,9
SAN;NL:Q:41200090;Brahmsstraat;Elst;5,6;5,1;5,0;4,0;2,5;2,2
SAN;NL:Q:41200100;Brahmsstraat;Elst;6,5;5,5;6,3;4,5;2,2;2,3
SAN;NL:Q:41200110;W. de Zwijgerstraat;Elst;6,1;12,4;4,0;6,0;2,3;2,8
SAN;NL:Q:41200120;W. de Zwijgerstraat;Elst;12,9;5,9;4,9;3,1;2,2;2,0
SAN;NL:Q:41200130;Prinsenhof;Elst;13,5;18,3;10,0;13,7;6,3;7,4
SAN;NL:Q:41200140;Prinsenhof;Elst;19,7;11,6;13,2;8,2;7,4;6,1
SAN;NL:Q:41200150;Kerkeakkers;Elst;13,6;15,6;10,7;12,3;4,4;5,9
SAN;NL:Q:41200160;Kerkeakkers;Elst;16,7;13,3;11,9;8,3;6,5;3,9
SAN;NL:Q:41200170;Zwartenhof;Elst;4,2;1,6;2,7;2,1;1,1;0,7
SAN;NL:Q:41200180;Zwartenhof;Elst;1,6;4,4;1,9;2,7;1,1;1,7
SAN;NL:Q:41200190;Lange Dreef/Willemsstr.;Elst;12,1;11,7;7,2;2,2;3,1;0,9
SAN;NL:Q:41200200;Lange Dreef/Willemsstr.;Elst;15,1;18,1;3,1;7,6;0,9;3,3
SAN;NL:Q:41200210;de Griend;Elst;28,1;24,4;22,9;14,1;19,3;11,2
SAN;NL:Q:41200220;de Griend;Elst;19,9;29,1;11,9;25,1;9,6;20,7
SAN;NL:Q:41200230;Sportpark de Pas;Elst;1,1;0,7;1,8;1,0;0,7;0,3
SAN;NL:Q:41200240;Sportpark de Pas;Elst;0,7;4,5;1,1;3,5;0,4;1,7
SAN;NL:Q:41200250;de Vork;Elst;0,3;0,4;0,4;0,3;0,2;0,2
SAN;NL:Q:41200260;de Vork;Elst;0,4;1,9;0,1;1,2;0,1;0,5
SAN;NL:Q:41200270;Sint Maartenstraat;Elst;2,3;0,8;0,0;0,0;0,0;0,0
SAN;NL:Q:41200280;Sint Maartenstraat;Elst;0,0;4,3;0,0;0,0;0,0;0,0
SAN;NL:Q:41200290;Europaplein;Elst;5,2;2,0;0,0;0,0;0,0;0,0
SAN;NL:Q:41200310;Kleipeer;Elst;9,4;1,4;0,0;0,0;0,0;0,0
SAN;NL:Q:41200320;Kleipeer;Elst;1,3;7,7;0,0;0,0;0,0;0,0
SAN;NL:Q:41200330;Vergert;Elst;3,2;3,6;0,0;0,0;0,0;0,0
SAN;NL:Q:41200340;Vergert;Elst;3,7;3,8;0,0;0,0;0,0;0,0
SAN;NL:Q:41200350;Dorpsstraat;Elst;25,2;33,9;17,2;21,0;11,2;15,6
SAN;NL:Q:41200360;Dorpsstraat;Elst;30,0;32,2;16,8;18,4;14,7;14,5
SAN;NL:Q:41200370;Bemmelseweg;Elst;5,6;0,9;0,0;0,0;0,0;0,0
SAN;NL:Q:41200380;Bemmelseweg;Elst;1,5;11,2;0,0;0,0;0,0;0,0
SAN;NL:Q:41200510;Griegstraat;Elst;1,9;7,0;1,3;5,5;0,7;2,2
SAN;NL:Q:41200520;Griegstraat;Elst;4,7;2,3;4,5;1,3;1,6;0,8
SAN;NL:Q:41200530;De Wuurde;Elst;22,0;21,6;17,0;16,5;8,4;10,3
SAN;NL:Q:41200540;De Wuurde;Elst;25,1;20,0;18,1;15,8;10,4;8,0
SAN;NL:Q:41200600;Sneeuwjacht;Elst;11,4;21,2;8,3;13,2;5,8;9,3
SAN;NL:Q:41200610;Sneeuwjacht;Elst;20,3;10,5;15,2;6,8;10,1;5,7
SAN;NL:Q:41200620;Morgenster;Elst;16,1;29,5;13,5;16,2;12,0;11,4
SAN;NL:Q:41200630;Morgenster;Elst;32,5;17,7;17,7;13,4;10,6;12,9
SAN;NL:Q:41200720;Station Elst;Elst;102,4;131,7;16,5;32,2;13,0;24,0
SAN;NL:Q:41200730;Station Elst;Elst;140,9;73,8;29,6;16,0;25,2;14,7
SAN;NL:Q:41200760;Poli Rijnstate Elst;Elst;12,2;58,0;4,2;12,2;3,2;10,1
SAN;NL:Q:41200770;Poli Rijnstate Elst;Elst;46,2;12,0;5,1;5,2;4,4;4,2
SAN;NL:Q:41210010;Agropark;Huissen;39,0;49,6;15,7;14,8;8,3;9,9
SAN;NL:Q:41210070;Oostervelden;Bemmel;9,7;8,5;1,9;1,0;1,0;0,9
SAN;NL:Q:41210080;Oostervelden;Bemmel;2,5;3,6;0,6;2,8;0,6;1,4
SAN;NL:Q:41210090;Klappenburgstraat;Bemmel;11,1;3,0;9,6;1,3;4,9;1,1
SAN;NL:Q:41210100;Klappenburgstraat;Bemmel;1,5;11,2;1,7;10,7;1,1;4,5
SAN;NL:Q:41210110;Sportlaan;Bemmel;21,3;9,6;9,9;1,2;4,3;0,9
SAN;NL:Q:41210120;Sportlaan;Bemmel;4,2;15,2;1,4;10,8;0,7;4,2
SAN;NL:Q:41210130;Gemeentehuis;Bemmel;16,8;14,9;7,9;5,5;4,1;2,8
SAN;NL:Q:41210140;Gemeentehuis;Bemmel;12,9;16,4;4,4;10,7;2,8;5,4
SAN;NL:Q:41210150;Molenwei;Bemmel;4,9;1,6;4,2;1,2;1,9;0,6
SAN;NL:Q:41210160;Molenwei;Bemmel;1,6;7,2;0,8;5,7;0,7;3,2
SAN;NL:Q:41210170;Vossenhol;Bemmel;6,3;1,6;5,4;0,8;2,3;0,6
SAN;NL:Q:41210180;Vossenhol;Bemmel;1,5;7,8;0,8;5,3;0,6;3,1
SAN;NL:Q:41210200;de Pas;Bemmel;0,1;1,1;0,1;0,7;0,1;0,4
SAN;NL:Q:41210210;De Rosmolen;Bemmel;0,2;6,8;0,0;0,0;0,0;0,0
SAN;NL:Q:41210220;De Rosmolen;Bemmel;6,6;0,2;0,0;0,0;0,0;0,0
SAN;NL:Q:41210230;Loostraat;Bemmel;59,7;49,8;48,4;32,4;34,9;25,5
SAN;NL:Q:41210240;Loostraat;Bemmel;60,4;60,4;34,9;47,2;22,1;32,7
SAN;NL:Q:41210270;Dorpsstraat;Bemmel;42,5;44,6;31,1;30,9;21,9;23,3
SAN;NL:Q:41210290;Dorpsstraat;Bemmel;51,7;51,9;30,7;28,5;21,5;22,7
SAN;NL:Q:41210490;De Essenpas;Haalderen;3,3;5,1;3,1;2,3;1,1;0,8
SAN;NL:Q:41210510;Papenstraat;Bemmel;98,3;94,4;54,4;50,2;30,2;30,2
SAN;NL:Q:41210520;Papenstraat;Bemmel;101,0;90,3;51,4;46,5;26,9;32,6
SAN;NL:Q:41210590;De Plak;Bemmel;0,3;10,5;0,0;0,0;0,0;0,0
SAN;NL:Q:41210650;Klein Rome;Bemmel;41,8;12,9;31,9;10,0;22,3;6,1
SAN;NL:Q:41210660;Klein Rome;Bemmel;10,8;38,7;8,4;28,4;5,5;22,6
SAN;NL:Q:41210680;Kerkenhofstraat;Ressen;2,8;7,2;1,8;9,9;0,9;5,4
SAN;NL:Q:41210690;Parksingel;Bemmel;47,7;19,0;32,9;13,8;22,0;9,4
SAN;NL:Q:41210700;Parksingel;Bemmel;20,4;45,4;13,4;30,6;9,3;24,2
SAN;NL:Q:41219180;Vossenhol;Bemmel;0,0;0,0;0,0;0,0;0,0;0,0
SAN;NL:Q:41220010;Avegoor;Ellecom;4,0;2,7;4,3;2,2;4,7;1,9
SAN;NL:Q:41220030;Oprijlaan Middachten;De Steeg;0,3;1,3;0,3;1,2;0,7;1,2
SAN;NL:Q:41220040;Oprijlaan Middachten;De Steeg;0,3;0,9;0,3;1,3;0,6;1,1
SAN;NL:Q:41220050;Smidsallee;De Steeg;1,3;2,0;0,8;1,1;0,7;0,9
SAN;NL:Q:41220060;Smidsallee;De Steeg;2,2;2,3;1,7;1,4;1,5;1,2
SAN;NL:Q:41220070;Brantsenpark;De Steeg;22,5;13,0;9,8;6,0;8,8;3,4
SAN;NL:Q:41220080;Brantsenpark;De Steeg;12,9;19,4;6,2;9,9;4,5;7,1
SAN;NL:Q:41220090;Viaduct;De Steeg;2,8;3,0;0,8;0,6;0,3;0,8
SAN;NL:Q:41220100;Viaduct;De Steeg;1,6;3,1;0,4;1,5;0,1;1,1
SAN;NL:Q:41220110;Rozenbos;Rheden;3,1;1,6;2,0;0,4;0,9;0,3
SAN;NL:Q:41220120;Rozenbos;Rheden;1,0;3,4;0,4;2,1;0,2;1,0
SAN;NL:Q:41220130;Pinkelseweg;Rheden;4,7;2,4;2,8;0,9;1,8;0,9
SAN;NL:Q:41220140;Pinkelseweg;Rheden;1,6;4,6;0,6;2,2;0,6;1,7
SAN;NL:Q:41220150;Groenestraat;Rheden;16,3;16,6;11,1;6,5;12,6;4,8
SAN;NL:Q:41220160;Groenestraat;Rheden;13,6;16,0;6,0;11,9;7,3;13,3
SAN;NL:Q:41220170;Holtbankseweg;Rheden;5,8;4,4;4,1;1,5;3,7;1,3
SAN;NL:Q:41220180;Holtbankseweg;Rheden;2,8;8,9;1,4;6,3;1,1;7,0
SAN;NL:Q:41220190;Rhederhof;Rheden;11,1;5,0;9,6;2,3;9,1;2,2
SAN;NL:Q:41220200;Rhederhof;Rheden;4,9;13,6;1,9;10,7;1,7;11,3
SAN;NL:Q:41220220;Hotel De Roskam;Rheden;22,0;29,1;5,2;20,9;5,4;15,6
SAN;NL:Q:41220550;Dorpskerk;Rheden;6,8;2,0;0,0;0,0;0,0;0,0
SAN;NL:Q:41220560;Dorpskerk;Rheden;1,9;6,6;0,0;0,0;0,0;0,0
SAN;NL:Q:41220570;Oranjeweg;Rheden;14,1;1,8;0,0;0,0;0,0;0,0
SAN;NL:Q:41220580;Oranjeweg;Rheden;1,1;13,8;0,0;0,0;0,0;0,0
SAN;NL:Q:41220590;v. Heerdtplein;Rheden;12,9;0,9;0,0;0,0;0,0;0,0
SAN;NL:Q:41220600;v. Heerdtplein;Rheden;1,5;13,6;0,0;0,0;0,0;0,0
SAN;NL:Q:41220650;Overweg;Rheden;0,5;3,7;0,0;0,0;0,0;0,0
SAN;NL:Q:41220660;Overweg;Rheden;2,4;0,7;0,0;0,0;0,0;0,0
SAN;NL:Q:41229560;A348;Rheden;0,0;0,0;0,0;0,0;0,0;0,0
SAN;NL:Q:41230010;Groenestraat;Giesbeek;9,1;3,6;2,3;1,0;2,3;1,5
SAN;NL:Q:41230030;Kerkstraat;Lathum;10,3;2,2;3,9;1,1;6,7;1,8
SAN;NL:Q:41230040;Kerkstraat;Lathum;1,5;10,1;0,4;3,1;1,2;5,1
SAN;NL:Q:41230050;Rijderbosweg;Lathum;2,1;0,8;0,2;0,1;0,5;0,1
SAN;NL:Q:41230060;Rijderbosweg;Lathum;0,4;3,6;0,0;1,2;0,2;1,7
SAN;NL:Q:41230080;Aansluiting A12;Duiven;5,0;30,5;1,2;17,2;1,9;26,3
SAN;NL:Q:41250010;Helhoek;Duiven;0,1;0,1;0,0;0,1;0,0;0,0
SAN;NL:Q:41250030;De Plak;Duiven;0,0;0,2;0,1;0,2;0,0;0,0
SAN;NL:Q:41250040;De Plak;Duiven;0,0;0,2;0,0;0,2;0,0;0,0
SAN;NL:Q:41250050;Vergertlaan;Duiven;22,8;4,1;15,1;2,7;7,7;1,3
SAN;NL:Q:41250060;Vergertlaan;Duiven;2,4;20,3;1,3;14,5;0,8;8,3
SAN;NL:Q:41250090;Dorp;Duiven;24,8;9,6;29,7;6,1;16,0;2,9
SAN;NL:Q:41250100;Dorp;Duiven;9,9;26,7;5,7;27,1;1,5;16,6
SAN;NL:Q:41250110;Thuvine;Duiven;6,1;1,6;4,6;0,9;3,4;0,2
SAN;NL:Q:41250120;Thuvine;Duiven;1,7;7,4;0,7;6,1;0,0;3,9
SAN;NL:Q:41250130;Van Goyenstraat;Duiven;13,6;3,6;21,6;2,1;13,2;0,2
SAN;NL:Q:41250140;Van Goyenstraat;Duiven;3,9;12,2;2,7;19,2;0,3;14,0
SAN;NL:Q:41250150;Maststraat;Duiven;3,4;3,5;9,2;2,3;5,3;0,6
SAN;NL:Q:41250160;Maststraat;Duiven;0,3;4,3;0,2;7,7;0,1;5,5
SAN;NL:Q:41250180;Het Ambacht;Westervoort;4,9;5,2;2,2;3,8;1,1;2,4
SAN;NL:Q:41250190;Schapenweide;Duiven;5,9;2,1;3,8;1,8;0,0;0,0
SAN;NL:Q:41250200;Schapenweide;Duiven;2,5;4,6;1,6;4,0;0,0;0,0
SAN;NL:Q:41250210;Marketing;Duiven;9,8;0,0;0,0;0,0;0,0;0,0
SAN;NL:Q:41250220;Marketing;Duiven;0,1;12,1;0,0;0,0;0,0;0,0
SAN;NL:Q:41250490;Alliander;Duiven;1,6;39,4;0,0;0,0;0,0;0,0
SAN;NL:Q:41250530;IKEA;Duiven;0,6;12,8;0,0;0,0;0,0;0,0
SAN;NL:Q:41250540;IKEA;Duiven;55,1;3,0;0,0;0,0;0,0;0,0
SAN;NL:Q:41250550;Nieuwgraaf 31;Duiven;1,1;23,9;0,0;0,0;0,0;0,0
SAN;NL:Q:41250560;Nieuwgraaf 31;Duiven;10,1;0,2;0,0;0,0;0,0;0,0
SAN;NL:Q:41250630;Typograaf;Duiven;0,3;20,4;0,0;0,0;0,0;0,0
SAN;NL:Q:41250640;Typograaf;Duiven;20,2;0,3;0,0;0,0;0,0;0,0
SAN;NL:Q:41251110;Station Duiven;Duiven;20,6;8,7;17,9;2,1;8,4;0,9
SAN;NL:Q:41251120;Station Duiven;Duiven;4,6;17,4;1,1;15,1;0,8;7,6
SAN;NL:Q:41251130;Bellefleur;Duiven;0,1;6,0;0,0;4,2;0,0;2,1
SAN;NL:Q:41251135;Bellefleur;Duiven;2,6;0,2;1,2;0,1;1,1;0,0
SAN;NL:Q:41251370;Centerpoort Noord;Duiven;11,4;14,6;0,0;0,0;0,0;0,0
SAN;NL:Q:41252010;Talingstraat;Duiven;0,1;8,8;0,0;4,5;0,0;2,8
SAN;NL:Q:41252020;Talingstraat;Duiven;10,4;0,1;5,2;0,0;2,3;0,0
SAN;NL:Q:41252070;Grasklokje;Duiven;1,8;0,2;0,4;0,2;0,3;0,1
SAN;NL:Q:41252080;Grasklokje;Duiven;0,1;2,1;0,1;1,7;0,1;1,0
SAN;NL:Q:41252090;Eilandplein;Duiven;15,3;0,9;14,6;0,6;6,4;0,4
SAN;NL:Q:41252100;Eilandplein;Duiven;1,0;14,7;0,4;12,7;0,2;6,8
SAN;NL:Q:41252110;Schiermonnikoogstraat;Duiven;4,9;0,3;3,8;0,1;1,4;0,1
SAN;NL:Q:41252120;Schiermonnikoogstraat;Duiven;0,2;3,9;0,0;4,0;0,0;1,3
SAN;NL:Q:41252130;Klavierstraat;Duiven;8,2;1,5;5,8;0,7;2,7;0,6
SAN;NL:Q:41252140;Klavierstraat;Duiven;0,7;6,4;0,2;3,9;0,2;2,3
SAN;NL:Q:41252150;Opaal;Duiven;6,8;0,8;6,2;0,4;2,4;0,1
SAN;NL:Q:41252160;Opaal;Duiven;1,0;6,5;0,4;6,0;0,3;3,2
SAN;NL:Q:41252170;Engelstraat;Duiven;0,2;0,1;0,1;0,0;0,2;0,0
SAN;NL:Q:41252180;Engelstraat;Duiven;0,0;0,8;0,1;1,1;0,0;0,6
SAN;NL:Q:41252200;Heilweg;Westervoort;1,6;10,4;0,5;7,1;0,5;3,8
SAN;NL:Q:41259090;Saturnus/Westsingel;Duiven;6,5;0,7;5,4;0,1;1,7;0,3
SAN;NL:Q:41259100;Saturnus/Westsingel;Duiven;0,4;6,3;0,2;5,8;0,2;2,4
SAN;NL:Q:41259970;Saturnus/Eltensestraat;Duiven;4,1;0,6;2,6;0,3;1,8;0,3
SAN;NL:Q:41259990;Saturnus/Eltensestraat;Duiven;0,3;4,6;0,0;2,8;0,0;1,1
SAN;NL:Q:41260010;Geldersch Oord;Angeren;0,3;3,5;0,2;2,3;0,2;1,7
SAN;NL:Q:41260030;Kamervoort;Angeren;3,4;25,1;1,8;17,9;1,1;12,4
SAN;NL:Q:41260040;Kamervoort;Angeren;23,8;1,8;17,2;1,6;10,6;0,8
SAN;NL:Q:41260060;Julianastraat;Angeren;18,5;5,3;14,2;3,2;7,6;1,1
SAN;NL:Q:41260070;Molenstraat;Angeren;11,9;25,5;7,7;18,2;4,4;14,1
SAN;NL:Q:41260080;Molenstraat;Angeren;12,9;6,4;9,7;3,1;6,2;2,6
SAN;NL:Q:41260090;Sterrenberg;Angeren;1,5;3,2;0,2;2,0;0,1;1,6
SAN;NL:Q:41260100;Sterrenberg;Angeren;2,0;2,1;1,0;0,6;0,9;0,4
SAN;NL:Q:41260110;Boerenhoek;Angeren;0,7;1,3;0,2;1,2;0,2;0,7
SAN;NL:Q:41260120;Boerenhoek;Angeren;1,3;1,0;0,7;0,3;0,6;0,2
SAN;NL:Q:41260130;Stenen Palen;Doornenburg;0,5;2,4;0,4;2,6;0,6;2,3
SAN;NL:Q:41260140;Stenen Palen;Doornenburg;3,1;0,5;2,8;0,5;2,7;0,5
SAN;NL:Q:41260150;de Linge;Doornenburg;0,2;0,6;0,1;0,3;0,0;0,3
SAN;NL:Q:41260160;de Linge;Doornenburg;0,2;0,2;0,1;0,1;0,1;0,0
SAN;NL:Q:41260170;Krakkedel;Doornenburg;1,0;2,9;1,2;1,7;0,3;1,0
SAN;NL:Q:41260180;Krakkedel;Doornenburg;2,8;0,9;1,8;0,6;0,8;0,4
SAN;NL:Q:41260190;de Woerd;Doornenburg;1,9;3,8;1,7;3,3;1,2;3,3
SAN;NL:Q:41260200;de Woerd;Doornenburg;2,9;0,6;1,5;0,4;2,5;0,3
SAN;NL:Q:41260210;Rijnstraat;Doornenburg;9,7;8,3;3,1;5,5;1,6;3,4
SAN;NL:Q:41260220;Rijnstraat;Doornenburg;9,9;11,7;7,1;5,0;4,9;3,6
SAN;NL:Q:41260230;van Kol;Doornenburg;26,8;19,8;16,6;15,1;10,3;9,3
SAN;NL:Q:41260240;van Kol;Doornenburg;21,1;21,7;17,9;10,7;9,4;7,1
SAN;NL:Q:41260250;Blauwe Hoek;Doornenburg;3,6;5,7;3,2;4,6;1,4;3,1
SAN;NL:Q:41260260;Blauwe Hoek;Doornenburg;3,9;4,0;2,7;3,1;2,0;1,5
SAN;NL:Q:41260280;Molenstraat;Gendt;4,2;3,9;3,7;2,8;2,2;1,4
SAN;NL:Q:41320111;Station Dieren;Dieren;79,7;64,3;28,9;39,1;21,9;23,6
SAN;NL:Q:41320112;Station Dieren;Dieren;106,1;56,6;52,0;21,2;35,5;23,0
SAN;NL:Q:41320114;Station Dieren;Dieren;127,5;17,3;76,2;16,9;48,8;7,4
SAN;NL:Q:41320130;Doesburgse Dijk;Dieren;10,0;0,2;1,9;0,1;1,1;0,0
SAN;NL:Q:41320140;Doesburgse Dijk;Dieren;0,6;15,8;1,0;5,1;0,3;2,8
SAN;NL:Q:41320150;Hofstetten;Ellecom;0,1;2,4;0,2;1,5;0,0;1,0
SAN;NL:Q:41320160;Hofstetten;Ellecom;1,9;2,0;1,6;1,5;1,1;1,3
SAN;NL:Q:41320170;Dorp;Ellecom;15,5;7,1;7,3;3,2;6,5;3,4
SAN;NL:Q:41320180;Dorp;Ellecom;8,1;12,2;5,1;6,1;4,1;6,4
SAN;NL:Q:41320200;Avegoor;Ellecom;3,0;5,1;2,8;4,9;2,2;4,7
SAN;NL:Q:41320510;Langebrug;Doesburg;0,1;0,4;0,1;0,1;0,1;0,0
SAN;NL:Q:41320520;Langebrug;Doesburg;0,1;0,5;0,0;0,1;0,0;0,2
SAN;NL:Q:41321110;Station Dieren;Dieren;7,8;108,8;3,7;61,1;2,6;40,8
SAN;NL:Q:41321220;Vogelplantsoen;Dieren;0,4;0,6;0,4;0,4;0,0;0,0
SAN;NL:Q:41321280;Sparrenhof;Dieren;1,6;0,8;0,4;0,3;0,0;0,0
SAN;NL:Q:41321300;Imboslaan Industrielaan;Dieren;0,6;0,3;0,0;0,1;0,0;0,0
SAN;NL:Q:41321320;Fazantlaan;Dieren;0,1;0,1;0,0;0,0;0,0;0,0
SAN;NL:Q:41321330;Fazantlaan;Dieren;0,0;0,5;0,0;0,2;0,0;0,0
SAN;NL:Q:41321410;Julius Rontgenlaan;Dieren;0,5;0,5;0,0;0,2;0,0;0,0
SAN;NL:Q:41321470;Gelders Hof;Dieren;0,1;0,1;0,0;0,0;0,0;0,0
SAN;NL:Q:41321500;Tellegenlaan;Dieren;0,8;3,0;0,3;0,7;0,0;0,0
SAN;NL:Q:41321510;Tellegenlaan;Dieren;0,7;1,6;0,2;0,8;0,0;0,0
SAN;NL:Q:41321520;Lindelaan;Dieren;0,0;0,6;0,0;0,1;0,0;0,0
SAN;NL:Q:41321530;Lindelaan;Dieren;0,7;0,0;0,0;0,0;0,0;0,0
SAN;NL:Q:41321540;Spankerenseweg;Dieren;0,0;0,3;0,0;0,2;0,0;0,0
SAN;NL:Q:41321550;Spankerenseweg;Dieren;0,2;0,0;0,0;0,0;0,0;0,0
SAN;NL:Q:41321560;Kanaaldijk;Spankeren;0,2;1,0;0,1;0,3;0,0;0,0
SAN;NL:Q:41321570;Kanaaldijk;Spankeren;1,3;0,0;0,1;0,0;0,0;0,0
SAN;NL:Q:41321580;Dorpsweg;Spankeren;0,1;0,4;0,0;0,0;0,0;0,0
SAN;NL:Q:41321600;Kerkweg;Spankeren;0,9;1,0;0,3;0,4;0,0;0,0
SAN;NL:Q:41321620;Loohof;Spankeren;0,6;0,2;0,1;0,0;0,0;0,0
SAN;NL:Q:41321630;Treubstraat;Dieren;0,0;0,2;0,0;0,1;0,0;0,0
SAN;NL:Q:41321660;E. van Beinumlaan;Dieren;0,3;0,3;0,1;0,2;0,0;0,0
SAN;NL:Q:41321720;Imboslaan Industrielaan;Dieren;0,1;1,4;0,0;0,3;0,0;0,0
SAN;NL:Q:41321730;Abelenlaan;Dieren;0,9;1,1;1,8;1,4;0,0;0,0
SAN;NL:Q:41321740;Larixhof;Dieren;0,8;0,5;0,3;0,2;0,0;0,0
SAN;NL:Q:41321760;Olmenhof;Dieren;1,2;0,7;0,1;0,4;0,0;0,0
SAN;NL:Q:41321830;Zilverakkerweg;Dieren;0,2;0,1;0,1;0,0;0,0;0,0
SAN;NL:Q:41321860;Willem de Feschlaan;Dieren;0,2;0,3;0,4;0,3;0,0;0,0
SAN;NL:Q:41321870;Admiraal Helfrichlaan;Dieren;0,5;0,1;0,1;0,1;0,0;0,0
SAN;NL:Q:41321880;Valeriuslaan;Dieren;0,5;0,0;0,3;0,0;0,0;0,0
SAN;NL:Q:41321890;van Limburg Stirumstraat;Dieren;0,0;0,7;0,0;0,1;0,0;0,0
SAN;NL:Q:41321900;van Limburg Stirumstraat;Dieren;0,2;0,1;0,1;0,0;0,0;0,0
SAN;NL:Q:41321910;Industrielaan;Dieren;0,1;1,5;0,0;0,2;0,0;0,0
SAN;NL:Q:41321920;Industrielaan;Dieren;0,6;0,1;0,1;0,1;0,0;0,0
SAN;NL:Q:41321930;Domeinlaan;Dieren;0,0;0,6;0,0;0,7;0,0;0,0
SAN;NL:Q:41321950;Crematorium Domeinlaan;Dieren;0,9;1,4;0,8;1,0;0,0;0,0
SAN;NL:Q:41321970;Beverodelaan;Dieren;0,1;0,5;0,0;0,3;0,0;0,0
SAN;NL:Q:41321980;Hans Brandts Buyslaan;Dieren;0,2;0,0;0,0;0,0;0,0;0,0
SAN;NL:Q:41322000;Bernard Zweerslaan;Dieren;0,0;0,0;0,0;0,0;0,0;0,0
SAN;NL:Q:41327003;Callunaplein;Dieren;25,0;4,9;11,8;4,8;6,1;1,1
SAN;NL:Q:41327004;Callunaplein;Dieren;7,1;32,0;6,4;12,9;1,3;6,6
SAN;NL:Q:41327005;Rode Kruislaan;Dieren;22,8;1,7;5,9;1,2;4,2;0,6
SAN;NL:Q:41327006;Rode Kruislaan;Dieren;1,6;22,2;1,3;6,9;0,5;4,9
SAN;NL:Q:41327007;Geitenbergweg;Dieren;39,5;1,7;9,3;1,3;6,3;1,4
SAN;NL:Q:41327008;Geitenbergweg;Dieren;2,0;37,5;1,8;10,0;1,2;7,0
SAN;NL:Q:41327009;Crematorium;Dieren;11,7;0,5;3,9;0,6;3,3;0,4
SAN;NL:Q:41327010;Crematorium;Dieren;0,4;12,1;0,5;5,1;0,3;4,3
SAN;NL:Q:41327011;Cederlaan;Dieren;21,5;0,7;10,3;0,9;8,9;0,6
SAN;NL:Q:41327012;Cederlaan;Dieren;1,8;23,0;1,2;11,9;0,6;9,6
SAN;NL:Q:41330030;Wielbergen;Angerlo;0,3;0,7;0,0;0,1;0,2;0,2
SAN;NL:Q:41330040;Wielbergen;Angerlo;0,1;0,4;0,0;0,1;0,1;0,1
SAN;NL:Q:41330050;Bingerdenseweg;Angerlo;0,2;0,1;0,1;0,0;0,1;0,1
SAN;NL:Q:41330060;Bingerdenseweg;Angerlo;0,0;0,3;0,0;0,1;0,0;0,1
SAN;NL:Q:41330070;Tutenburgsestraat;Giesbeek;1,2;0,8;0,3;0,1;0,6;0,1
SAN;NL:Q:41330080;Tutenburgsestraat;Giesbeek;0,3;6,9;0,1;1,3;0,1;2,6
SAN;NL:Q:41330090;Zwalmstraat;Giesbeek;43,6;35,3;10,5;6,8;12,9;10,1
SAN;NL:Q:41330120;Groenestraat;Giesbeek;1,8;9,6;0,7;3,0;0,9;3,0
SAN;NL:Q:41330170;Beumerskamp;Doesburg;26,7;19,8;7,8;1,4;9,3;2,6
SAN;NL:Q:41350090;Oranjelaan;Zevenaar;1,2;3,5;0,9;4,0;0,0;0,0
SAN;NL:Q:41350100;Oranjelaan;Zevenaar;2,1;2,6;1,3;1,5;0,1;0,0
SAN;NL:Q:41350113;Station Zevenaar;Zevenaar;15,6;0,9;0,0;0,0;0,0;0,0
SAN;NL:Q:41350114;Station Zevenaar;Zevenaar;38,4;25,0;0,0;0,0;0,0;0,0
SAN;NL:Q:41350115;Station Uitstaphalte;Zevenaar;16,9;47,3;0,0;0,0;0,0;0,0
SAN;NL:Q:41350116;Station Zevenaar;Zevenaar;75,4;102,1;36,7;45,9;0,2;0,1
SAN;NL:Q:41350130;Oude Doesburgseweg;Zevenaar;22,3;11,6;22,7;4,8;0,1;0,0
SAN;NL:Q:41350140;Oude Doesburgseweg;Zevenaar;10,6;20,0;4,5;20,0;0,0;0,0
SAN;NL:Q:41350150;Sportcentrum;Zevenaar;7,9;10,5;5,2;2,0;0,1;0,0
SAN;NL:Q:41350160;Sportcentrum;Zevenaar;9,5;8,3;1,4;5,9;0,0;0,0
SAN;NL:Q:41350170;Zwembad;Zevenaar;3,1;5,7;3,8;2,4;0,0;0,0
SAN;NL:Q:41350180;Zwembad;Zevenaar;8,9;5,7;2,2;4,5;0,0;0,0
SAN;NL:Q:41350190;Ziekenhuis;Zevenaar;15,0;12,2;10,5;8,2;0,0;0,1
SAN;NL:Q:41350200;Ziekenhuis;Zevenaar;21,2;22,3;6,8;7,7;0,0;0,0
SAN;NL:Q:41350210;Rosorum;Zevenaar;9,0;4,5;8,0;2,4;0,0;0,0
SAN;NL:Q:41350220;Rosorum;Zevenaar;5,0;8,7;2,1;7,8;0,0;0,0
SAN;NL:Q:41350240;Helhoek;Duiven;0,0;0,2;0,1;0,2;0,0;0,0
SAN;NL:Q:41350250;Schellekrans;Zevenaar;5,1;1,6;3,1;1,0;0,0;0,0
SAN;NL:Q:41350260;Schellekrans;Zevenaar;2,0;4,6;0,8;2,8;0,0;0,0
SAN;NL:Q:41350270;Ziekenhuis Hoofdingang;Zevenaar;0,4;3,1;0,0;0,0;0,0;0,0
SAN;NL:Q:41350510;Ringbaan Oost;Zevenaar;0,3;0,0;0,0;0,0;0,0;0,0
SAN;NL:Q:41350520;Ringbaan Oost;Zevenaar;0,3;0,3;0,0;0,0;0,0;0,0
SAN;NL:Q:41350570;De Bem;Zevenaar;0,8;2,5;0,0;0,0;0,0;0,0
SAN;NL:Q:41350630;Tol;Zevenaar;1,5;1,6;0,0;0,0;0,0;0,0
SAN;NL:Q:41350650;Hengelder;Zevenaar;0,8;0,6;0,0;0,0;0,0;0,0
SAN;NL:Q:41350670;7Poort;Zevenaar;1,8;2,0;0,0;0,0;0,0;0,0
SAN;NL:Q:41351010;Buitenmolen;Zevenaar;0,2;0,9;0,0;0,0;0,0;0,0
SAN;NL:Q:41351020;Buitenmolen;Zevenaar;0,6;0,3;0,0;0,0;0,0;0,0
SAN;NL:Q:41351030;Maatjes;Zevenaar;0,1;0,5;0,0;0,0;0,0;0,0
SAN;NL:Q:41351040;Maatjes;Zevenaar;0,2;0,0;0,0;0,0;0,0;0,0
SAN;NL:Q:41351050;Mozartlaan;Zevenaar;0,1;0,6;0,0;0,0;0,0;0,0
SAN;NL:Q:41351060;Mozartlaan;Zevenaar;1,0;0,1;0,0;0,0;0,0;0,0
SAN;NL:Q:41352100;Didamseweg;Zevenaar;0,2;0,1;0,0;0,0;0,0;0,0
SAN;NL:Q:41352120;Didamseweg;Zevenaar;0,1;0,4;0,0;0,0;0,0;0,0
SAN;NL:Q:41353130;Subenhara;Zevenaar;6,3;8,2;8,4;11,3;0,0;0,0
SAN;NL:Q:41353140;Subenhara;Zevenaar;8,2;7,6;8,5;5,7;0,1;0,0
SAN;NL:Q:41360010;Molenstraat;Gendt;4,5;4,1;3,1;3,7;2,4;2,6
SAN;NL:Q:41360030;Olyhorststraat;Gendt;2,8;2,7;1,5;1,6;1,3;1,0
SAN;NL:Q:41360040;Olyhorststraat;Gendt;2,8;2,4;1,6;1,4;0,9;1,1
SAN;NL:Q:41360050;Kapelstraat;Gendt;13,1;5,2;4,7;5,5;2,7;4,5
SAN;NL:Q:41360060;Kapelstraat;Gendt;5,4;6,1;5,1;2,8;3,7;1,4
SAN;NL:Q:41360070;Julianaplein;Gendt;37,4;34,8;24,5;23,9;10,3;12,0
SAN;NL:Q:41360080;Julianaplein;Gendt;37,6;37,4;26,2;17,7;14,2;8,5
SAN;NL:Q:41360090;Markt;Gendt;4,9;7,1;3,2;3,1;1,2;1,8
SAN;NL:Q:41360100;Markt;Gendt;5,6;6,6;1,8;3,3;1,5;1,7
SAN;NL:Q:41360110;Baron van Gendtlaan;Gendt;22,0;7,9;13,7;4,3;9,3;3,9
SAN;NL:Q:41360120;Baron van Gendtlaan;Gendt;9,1;18,7;5,9;9,6;4,8;7,1
SAN;NL:Q:41360130;Kommerdijk;Gendt;0,5;3,7;0,5;1,8;0,1;1,7
SAN;NL:Q:41360140;Kommerdijk;Gendt;4,1;3,7;1,6;2,2;1,0;1,7
SAN;NL:Q:41360150;Kruisstraat;Gendt;11,4;5,0;10,9;3,8;5,8;2,8
SAN;NL:Q:41360160;Kruisstraat;Gendt;4,8;10,1;3,2;9,4;2,4;5,3
SAN;NL:Q:41360170;Industrieterrein;Gendt;5,9;4,1;3,6;3,8;1,3;1,2
SAN;NL:Q:41360180;Industrieterrein;Gendt;4,7;6,3;3,1;2,7;1,4;1,4
SAN;NL:Q:41360190;Groenestraat;Haalderen;2,8;1,0;1,0;0,8;0,5;0,8
SAN;NL:Q:41360200;Groenestraat;Haalderen;0,8;3,5;0,7;1,2;0,3;0,8
SAN;NL:Q:41360230;Kerk;Haalderen;12,5;4,4;9,2;3,3;3,7;2,5
SAN;NL:Q:41360240;Kerk;Haalderen;4,3;11,0;4,3;7,1;3,1;3,9
SAN;NL:Q:41360250;Lage Zandsestraat;Haalderen;8,0;2,8;7,7;2,2;3,6;2,0
SAN;NL:Q:41360260;Lage Zandsestraat;Haalderen;2,6;8,0;2,1;7,6;1,3;3,5
SAN;NL:Q:41360280;De Essenpas;Haalderen;4,2;3,9;1,5;2,3;0,4;1,2
SAN;NL:Q:41360510;Dwarsakker;Gendt;27,1;27,9;15,6;18,4;6,8;11,9
SAN;NL:Q:41360520;Dwarsakker;Gendt;27,2;27,4;16,6;13,5;10,9;6,7
SAN;NL:Q:41420010;Kerkstraat;Drempt;0,5;0,3;0,2;0,1;0,4;0,3
SAN;NL:Q:41420050;Gouden Regenstraat;Doesburg;8,7;7,2;0,0;0,0;0,0;0,0
SAN;NL:Q:41420060;Gouden Regenstraat;Doesburg;10,2;5,6;0,0;0,0;0,0;0,0
SAN;NL:Q:41420070;Hoek Looiersweg;Doesburg;4,4;1,4;0,0;0,0;0,0;0,0
SAN;NL:Q:41420080;Hoek Looiersweg;Doesburg;3,1;3,7;0,0;0,0;0,0;0,0
SAN;NL:Q:41420090;Koppelweg;Doesburg;0,5;0,3;0,0;0,0;0,0;0,0
SAN;NL:Q:41420100;Koppelweg;Doesburg;0,2;1,9;0,0;0,0;0,0;0,0
SAN;NL:Q:41420110;Beinum;Doesburg;6,4;10,3;1,3;0,9;2,6;0,9
SAN;NL:Q:41420120;Beinum;Doesburg;11,2;5,1;1,4;0,9;0,9;1,5
SAN;NL:Q:41420130;Potsmaat;Doesburg;6,6;5,8;1,3;0,6;2,5;0,8
SAN;NL:Q:41420140;Potsmaat;Doesburg;5,3;6,5;0,9;1,1;0,7;1,7
SAN;NL:Q:41420150;tunnel Angerlo;Doesburg;10,8;14,8;3,0;0,9;4,1;1,8
SAN;NL:Q:41420160;tunnel Angerlo;Doesburg;12,8;9,2;1,8;1,8;1,7;3,1
SAN;NL:Q:41420180;Beumerskamp;Doesburg;21,9;23,9;2,2;5,0;2,6;7,7
SAN;NL:Q:41420210;Kraakselaan;Doesburg;56,8;58,8;9,7;24,4;9,3;19,8
SAN;NL:Q:41420220;Kraakselaan;Doesburg;61,8;36,7;25,5;5,8;21,2;5,4
SAN;NL:Q:41420230;Meipoort;Doesburg;51,1;22,4;28,6;5,0;22,9;4,2
SAN;NL:Q:41420240;Meipoort;Doesburg;18,3;49,7;5,3;25,6;4,6;20,4
SAN;NL:Q:41420250;Karel Doormansingel;Doesburg;34,4;9,3;20,4;0,2;13,7;0,5
SAN;NL:Q:41420260;Karel Doormansingel;Doesburg;4,7;40,3;0,6;22,3;0,3;14,6
SAN;NL:Q:41420270;Koepoortwal;Doesburg;27,4;2,8;18,2;0,2;11,1;0,2
SAN;NL:Q:41420280;Koepoortwal;Doesburg;1,9;29,2;0,4;18,8;0,2;10,8
SAN;NL:Q:41420290;Haven;Doesburg;3,2;1,7;2,2;0,4;3,8;0,5
SAN;NL:Q:41420300;Haven;Doesburg;0,9;4,6;0,8;3,4;0,8;4,6
SAN;NL:Q:41450030;Kwartiersedijk;Babberich;0,5;0,0;0,0;0,0;0,0;0,0
SAN;NL:Q:41450040;Kwartiersedijk;Babberich;0,1;0,9;0,0;0,0;0,0;0,0
SAN;NL:Q:41450050;Beekseweg;Babberich;0,4;0,1;0,0;0,0;0,0;0,0
SAN;NL:Q:41450060;Beekseweg;Babberich;0,2;1,0;0,0;0,0;0,0;0,0
SAN;NL:Q:41450070;Mariahoeve;Babberich;0,2;0,1;0,0;0,0;0,0;0,0
SAN;NL:Q:41450130;Dorpstraat;Babberich;1,6;0,1;0,0;0,0;0,0;0,0
SAN;NL:Q:41450140;Dorpstraat;Babberich;0,0;2,3;0,0;0,0;0,0;0,0
SAN;NL:Q:41450150;Schutterstent St. Anna;Oud-Zevenaar;1,8;0,9;0,7;0,6;0,0;0,0
SAN;NL:Q:41450160;Schutterstent St. Anna;Oud-Zevenaar;32,1;16,8;10,8;4,8;0,0;0,0
SAN;NL:Q:41450170;Witte Kruis;Babberich;14,0;0,3;5,2;0,2;0,0;0,0
SAN;NL:Q:41450180;Witte Kruis;Babberich;0,3;10,3;0,1;3,9;0,0;0,0
SAN;NL:Q:41520010;Manege;Laag-Keppel;0,3;0,0;0,0;0,0;0,1;0,1
SAN;NL:Q:41520030;Gouden Leeuw;Laag-Keppel;2,8;0,4;0,5;0,2;0,7;0,2
SAN;NL:Q:41520040;Gouden Leeuw;Laag-Keppel;0,3;1,9;0,1;0,6;0,2;0,8
SAN;NL:Q:41520210;Van Pallandtlaan;Laag-Keppel;0,2;0,1;0,0;0,0;0,1;0,1
SAN;NL:Q:41520220;Van Pallandtlaan;Laag-Keppel;0,2;0,9;0,1;0,2;0,1;0,3
SAN;NL:Q:41520230;Monumentenweg;Hoog Keppel;0,7;0,4;0,0;0,0;0,2;0,1
SAN;NL:Q:41520240;Monumentenweg;Hoog Keppel;0,2;0,6;0,0;0,1;0,2;0,2
SAN;NL:Q:41520250;Hessenweg;Hoog Keppel;0,9;0,4;0,1;0,0;0,2;0,1
SAN;NL:Q:41520260;Hessenweg;Hoog Keppel;0,2;1,4;0,0;0,3;0,0;0,2
SAN;NL:Q:41520270;De Braamberg;Drempt;4,9;1,4;1,0;0,8;1,0;0,8
SAN;NL:Q:41520280;De Braamberg;Drempt;1,4;4,7;1,2;0,7;0,8;0,7
SAN;NL:Q:41520300;Kerkstraat;Drempt;0,2;1,1;0,0;0,3;0,2;0,7
SAN;NL:Q:41620010;Den Ooiman;Doetinchem;2,4;0,6;0,3;0,1;0,4;0,1
SAN;NL:Q:41620030;Langerak;Langerak;0,5;0,1;0,0;0,1;0,0;0,0
SAN;NL:Q:41620040;Langerak;Langerak;0,1;0,9;0,0;0,1;0,1;0,1
SAN;NL:Q:41620060;Manege;Laag-Keppel;0,0;0,4;0,0;0,2;0,0;0,2
SAN;NL:Q:41650010;Lobede;Tolkamer;25,4;22,1;11,4;10,5;0,0;0,0
SAN;NL:Q:41650020;Lobede;Tolkamer;0,4;2,4;0,0;0,0;0,0;0,0
SAN;NL:Q:41650050;Boterdijk/Molen;Lobith;0,4;0,0;0,0;0,0;0,0;0,0
SAN;NL:Q:41650060;Boterdijk/Molen;Lobith;0,1;0,6;0,0;0,0;0,0;0,0
SAN;NL:Q:41650070;Postkantoor;Tolkamer;10,5;0,3;3,3;0,2;0,0;0,0
SAN;NL:Q:41650080;Postkantoor;Tolkamer;0,0;1,7;0,0;0,0;0,0;0,0
SAN;NL:Q:41650085;Graaf Ottoweg;Lobith;2,2;9,4;0,3;2,5;0,0;0,0
SAN;NL:Q:41650090;Dorp;Lobith;28,9;1,2;12,7;0,3;0,0;0,0
SAN;NL:Q:41650100;Dorp;Lobith;1,2;23,3;0,3;7,5;0,0;0,0
SAN;NL:Q:41650110;Graaf Reinaldstraat;Lobith;16,3;0,1;5,8;0,0;0,0;0,0
SAN;NL:Q:41650120;Graaf Reinaldstraat;Lobith;0,1;12,1;0,1;3,8;0,0;0,0
SAN;NL:Q:41650130;Anjerstraat;Lobith;12,5;0,1;4,7;0,0;0,0;0,0
SAN;NL:Q:41650140;Anjerstraat;Lobith;0,2;12,7;0,2;3,6;0,0;0,0
SAN;NL:Q:41650150;De Bijland;Herwen;0,7;0,1;0,3;0,0;0,0;0,0
SAN;NL:Q:41650160;De Bijland;Herwen;0,1;1,1;0,1;0,6;0,0;0,0
SAN;NL:Q:41650200;Willibrordusweg;Spijk;6,1;5,0;0,0;0,0;0,0;0,0
SAN;NL:Q:41650220;Tengnagelwaard;Spijk;0,0;4,7;0,0;0,0;0,0;0,0
SAN;NL:Q:41650230;Tengnagelwaard;Spijk;3,9;0,0;0,0;0,0;0,0;0,0
SAN;NL:Q:41720230;Centrum;Doetinchem;27,4;0,5;6,4;0,1;7,9;0,1
SAN;NL:Q:41720240;Centrum;Doetinchem;0,7;28,9;0,3;10,7;0,4;9,8
SAN;NL:Q:41721104;Station;Doetinchem;29,3;28,3;6,8;7,2;7,3;9,4
SAN;NL:Q:41721110;Gemeentehuis;Doetinchem;5,8;0,3;1,2;0,1;1,2;0,1
SAN;NL:Q:41721120;Gemeentehuis;Doetinchem;0,3;7,0;0,0;1,9;0,2;1,7
SAN;NL:Q:41721130;2e Loolaan;Doetinchem;24,1;2,0;1,0;0,1;1,9;0,1
SAN;NL:Q:41721140;2e Loolaan;Doetinchem;2,5;26,8;0,1;2,1;0,1;2,0
SAN;NL:Q:41721160;Den Ooiman;Doetinchem;0,7;2,7;0,1;0,5;0,2;0,4
SAN;NL:Q:41750050;Aerdtsedijk;Herwen;10,5;0,6;3,9;0,3;0,0;0,0
SAN;NL:Q:41750060;Aerdtsedijk;Herwen;0,5;8,2;0,4;1,7;0,0;0,0
SAN;NL:Q:41750070;Nijverheidstraat;Herwen;3,1;0,5;1,4;0,2;0,0;0,0
SAN;NL:Q:41750080;Nijverheidstraat;Herwen;0,3;2,8;0,2;1,4;0,0;0,0
SAN;NL:Q:41750090;Schoolstraat;Aerdt;2,5;0,2;0,0;0,0;0,0;0,0
SAN;NL:Q:41750100;Schoolstraat;Aerdt;0,2;2,2;0,0;0,0;0,0;0,0
SAN;NL:Q:41750110;Kerkweg;Aerdt;3,7;0,0;0,0;0,0;0,0;0,0
SAN;NL:Q:41750120;Kerkweg;Aerdt;0,1;3,8;0,0;0,0;0,0;0,0
SAN;NL:Q:41750170;Hoogeweg;Pannerden;7,8;0,1;0,0;0,0;0,0;0,0
SAN;NL:Q:41750180;Mariahoeve;Babberich;0,0;0,3;0,0;0,1;0,0;0,0
SAN;NL:Q:41750210;Aerdtsestraat;Pannerden;11,6;0,2;0,0;0,0;0,0;0,0
SAN;NL:Q:41750280;Hoogeweg;Pannerden;0,1;8,9;0,0;0,0;0,0;0,0
SAN;NL:Q:41750350;Aerdtsedijk;Herwen;0,0;0,0;0,0;0,0;0,0;0,0
SAN;NL:Q:41750360;Aerdtsedijk;Herwen;1,0;2,4;0,0;0,0;0,0;0,0
SAN;NL:Q:41750390;Dorpsplein;Pannerden;5,7;0,3;0,0;0,0;0,0;0,0
SAN;NL:Q:41750400;Dorpsplein;Pannerden;0,2;6,6;0,0;0,0;0,0;0,0
SAN;NL:Q:41750410;Heuvelhoek;Aerdt;0,7;0,5;0,0;0,0;0,0;0,0
SAN;NL:Q:41750420;Aerdtsestraat;Pannerden;0,2;7,2;0,0;0,0;0,0;0,0
SAN;NL:Q:59151801;Vechtsebanen;Utrecht;0,0;0,0;0,0;0,0;0,0;0,0
SAN;NL:Q:60000030;Centrum Zuid;Nijmegen;257,1;104,0;267,2;77,8;183,9;58,1
SAN;NL:Q:60000040;Centrum Zuid;Nijmegen;137,1;369,7;98,8;448,3;62,0;268,7
SAN;NL:Q:60000060;Valkhof;Nijmegen;186,8;166,5;226,5;179,5;106,7;104,0
SAN;NL:Q:60000070;Hunnerpark;Nijmegen;77,2;53,3;68,8;28,8;43,1;32,5
SAN;NL:Q:60000080;Neerbosscheweg;Nijmegen;95,8;91,7;71,0;59,5;52,2;32,3
SAN;NL:Q:60000100;Dennenstraat;Nijmegen;155,3;41,9;99,2;27,7;59,6;17,4
SAN;NL:Q:60000105;Cavaljéweg;Nijmegen;20,4;16,9;22,3;10,2;12,4;5,8
SAN;NL:Q:60000120;Graafseweg/Wolfskuilseweg;Nijmegen;45,0;33,5;37,4;19,4;21,3;16,2
SAN;NL:Q:60000130;Rozenstraat;Nijmegen;34,3;46,3;22,3;29,7;15,9;25,0
SAN;NL:Q:60000140;Rozenstraat;Nijmegen;56,4;55,2;36,7;40,3;23,5;26,8
SAN;NL:Q:60000150;Graafseweg/Wolfskuilseweg;Nijmegen;29,4;41,4;17,8;35,9;13,1;36,6
SAN;NL:Q:60000165;Cavaljéweg;Nijmegen;18,0;35,7;10,2;32,8;5,2;28,5
SAN;NL:Q:60000170;Dennenstraat;Nijmegen;41,5;152,5;27,3;86,8;17,2;77,4
SAN;NL:Q:60000180;Prins Hendrikstraat;Nijmegen;28,7;59,9;23,5;41,7;16,3;32,9
SAN;NL:Q:60000190;Neerbosscheweg;Nijmegen;67,5;66,4;38,1;45,9;25,0;39,9
SAN;NL:Q:60000200;Hunnerpark;Nijmegen;68,8;100,0;57,4;110,6;41,7;57,8
SAN;NL:Q:60000210;Valkhof;Nijmegen;133,9;224,1;138,3;287,6;76,6;136,9
SAN;NL:Q:60000230;Terwindtstraat;Nijmegen;13,2;3,3;16,2;2,5;10,0;1,2
SAN;NL:Q:60000240;Terwindtstraat;Nijmegen;1,1;8,7;0,9;10,5;0,3;7,1
SAN;NL:Q:60000250;Waalkade;Nijmegen;60,0;102,4;80,1;120,2;51,8;89,9
SAN;NL:Q:60000260;Waalkade;Nijmegen;123,0;49,9;143,2;68,2;97,3;44,0
SAN;NL:Q:60000280;Joris Ivensplein;Nijmegen;56,3;129,1;47,7;184,2;25,0;74,0
SAN;NL:Q:60000300;Prins Hendrikstraat;Nijmegen;49,7;39,7;32,6;28,2;20,9;25,9
SAN;NL:Q:60000330;Groenestraat;Nijmegen;49,5;118,0;25,7;93,1;23,2;74,8
SAN;NL:Q:60000340;Groenestraat;Nijmegen;105,5;54,3;84,9;27,0;51,2;24,0
SAN;NL:Q:60000350;Sint Annamolen;Nijmegen;46,7;136,9;11,5;66,8;7,3;49,3
SAN;NL:Q:60000360;Sint Annamolen;Nijmegen;111,3;46,9;54,7;12,9;33,9;6,7
SAN;NL:Q:60000370;Voerweg;Nijmegen;48,2;88,7;68,9;110,4;30,4;49,3
SAN;NL:Q:60000380;Voerweg;Nijmegen;47,9;69,1;55,9;96,9;26,7;40,9
SAN;NL:Q:60000390;Sint Annastraat/Heiweg;Nijmegen;6,3;7,6;3,8;5,2;3,7;8,0
SAN;NL:Q:60000400;Sint Annastraat/Heiweg;Nijmegen;6,7;5,7;5,1;3,3;6,2;4,2
SAN;NL:Q:60000410;Scheidingsweg;Nijmegen;3,5;5,2;3,4;4,7;3,4;4,7
SAN;NL:Q:60000420;Scheidingsweg;Nijmegen;5,4;4,4;4,3;3,0;5,3;3,0
SAN;NL:Q:60000430;Hertogplein;Nijmegen;103,0;63,1;122,0;40,7;63,0;30,4
SAN;NL:Q:60000460;Marienboom;Nijmegen;67,1;15,6;57,3;7,6;35,9;5,1
SAN;NL:Q:60000480;Van Cranenborchstraat;Nijmegen;30,4;27,0;16,8;4,5;10,5;3,1
SAN;NL:Q:60000490;Kazerne;Nijmegen;44,9;99,8;32,5;61,5;26,3;49,1
SAN;NL:Q:60000500;Groenewoudseweg;Nijmegen;29,6;45,9;21,0;15,8;10,4;9,1
SAN;NL:Q:60000510;Groenewoudseweg;Nijmegen;42,9;35,6;16,2;26,9;10,4;14,3
SAN;NL:Q:60000520;Kazerne;Nijmegen;92,2;44,2;54,8;30,7;29,8;22,8
SAN;NL:Q:60000530;Van Cranenborchstraat;Nijmegen;24,9;33,6;3,7;20,9;2,7;14,5
SAN;NL:Q:60000550;Marienboom;Nijmegen;10,5;55,4;4,9;43,5;4,2;51,1
SAN;NL:Q:60000580;Hertogplein;Nijmegen;40,9;101,4;26,5;123,7;16,6;61,3
SAN;NL:Q:60000590;Centrum Oost;Nijmegen;168,1;277,2;112,8;319,2;84,2;208,4
SAN;NL:Q:60000600;Centrum Oost;Nijmegen;268,4;147,7;276,1;106,5;198,3;99,8
SAN;NL:Q:60000610;Joris Ivensplein;Nijmegen;141,3;50,7;173,6;40,5;82,1;26,0
SAN;NL:Q:60000630;Havenweg;Nijmegen;30,9;87,1;22,0;64,8;12,7;46,4
SAN;NL:Q:60000650;Kronenburgersingel;Nijmegen;125,1;157,8;118,2;165,6;68,4;107,0
SAN;NL:Q:60000660;Kronenburgersingel;Nijmegen;157,1;133,6;147,3;136,4;83,4;80,7
SAN;NL:Q:60000690;Hatertseweg/Grootstalseln;Nijmegen;27,7;68,1;13,4;47,4;10,5;44,5
SAN;NL:Q:60000700;Hatertseweg/Grootstalseln;Nijmegen;75,4;31,2;55,9;13,9;39,4;14,2
SAN;NL:Q:60000720;van Peltlaan;Nijmegen;129,7;121,7;103,4;58,1;70,1;51,1
SAN;NL:Q:60000740;Meentstraat;Nijmegen;70,4;74,4;46,6;13,1;28,1;9,4
SAN;NL:Q:60000760;Krekelstraat;Nijmegen;82,9;38,9;69,3;18,0;45,3;11,9
SAN;NL:Q:60000780;Kam. Onnesstraat;Nijmegen;63,6;26,8;48,8;12,5;34,7;10,7
SAN;NL:Q:60000810;van Peltlaan;Nijmegen;101,5;113,6;49,6;95,5;38,4;73,5
SAN;NL:Q:60000830;Krekelstraat;Nijmegen;41,3;69,3;19,7;50,1;12,6;42,4
SAN;NL:Q:60000850;Kam. Onnesstraat;Nijmegen;26,0;57,1;12,0;40,9;10,9;34,8
SAN;NL:Q:60000860;Burg. Daleslaan;Nijmegen;8,3;23,3;0,0;0,0;0,0;0,0
SAN;NL:Q:60000870;Burg. Daleslaan;Nijmegen;14,5;9,9;0,0;0,0;0,0;0,0
SAN;NL:Q:60000905;Nyma;Nijmegen;107,3;23,9;98,8;23,7;47,1;9,6
SAN;NL:Q:60000915;Nyma;Nijmegen;22,0;112,0;17,5;137,3;9,2;45,7
SAN;NL:Q:60000925;Ferry Portierstraat;Nijmegen;33,5;9,3;28,9;7,0;17,3;3,3
SAN;NL:Q:60000935;Ferry Portierstraat;Nijmegen;7,5;39,4;5,5;33,3;3,6;20,7
SAN;NL:Q:60000960;Pompweg;Ubbergen;10,6;3,0;9,0;1,7;5,0;2,1
SAN;NL:Q:60000970;Sluis Weurt;Nijmegen;16,2;5,7;9,7;3,7;3,6;1,2
SAN;NL:Q:60000990;Sluis Weurt;Nijmegen;3,6;23,7;1,5;15,9;0,9;8,4
SAN;NL:Q:60001002;Centraal Station;Nijmegen;498,6;5180,3;95,2;962,3;79,2;658,7
SAN;NL:Q:60001003;Centraal Station;Nijmegen;895,7;374,6;738,0;226,4;729,9;179,2
SAN;NL:Q:60001004;Centraal Station;Nijmegen;1125,1;2023,2;744,7;1543,9;607,3;1027,8
SAN;NL:Q:60001005;Centraal Station;Nijmegen;608,2;73,9;376,8;64,6;245,4;40,6
SAN;NL:Q:60001006;Centraal Station;Nijmegen;1831,2;1050,4;978,3;608,6;827,9;436,4
SAN;NL:Q:60001007;Centraal Station;Nijmegen;1632,7;1525,5;1048,2;708,6;775,4;417,7
SAN;NL:Q:60001008;Centraal Station;Nijmegen;776,1;911,6;437,7;629,8;348,5;414,9
SAN;NL:Q:60001010;Centraal Station;Nijmegen;592,9;645,5;348,3;405,1;236,0;258,2
SAN;NL:Q:60001011;Centraal Station;Nijmegen;1446,9;812,6;1056,9;552,7;742,3;376,6
SAN;NL:Q:60001012;Centraal Station;Nijmegen;1421,6;629,4;715,5;418,8;611,0;251,5
SAN;NL:Q:60001013;Centraal Station;Nijmegen;2996,1;142,7;0,9;0,1;0,6;0,4
SAN;NL:Q:60001020;Spoorkuil;Nijmegen;42,4;77,1;26,2;55,9;18,7;42,0
SAN;NL:Q:60001030;Spoorkuil;Nijmegen;37,5;30,9;22,4;22,2;19,3;22,4
SAN;NL:Q:60001040;Sint Maartenskliniek;Nijmegen;99,7;102,9;17,8;25,2;15,8;20,2
SAN;NL:Q:60001050;Havenweg;Nijmegen;7,8;6,2;6,3;6,0;3,8;2,8
SAN;NL:Q:60001060;Hengstdalseweg/Sophiaweg;Nijmegen;30,3;2,6;24,0;0,7;19,1;1,1
SAN;NL:Q:60001080;Beukstraat;Nijmegen;64,5;1,6;57,6;0,8;34,9;0,6
SAN;NL:Q:60001100;Hengstdalseweg/Broerdijk;Nijmegen;84,3;4,2;72,0;2,9;45,6;2,0
SAN;NL:Q:60001110;Meentstraat;Nijmegen;67,5;56,7;14,5;45,9;10,9;33,8
SAN;NL:Q:60001130;Pompweg;Ubbergen;3,5;8,8;2,8;6,9;2,6;4,9
SAN;NL:Q:60001160;Koningshof;Nijmegen;195,7;21,1;170,6;15,7;104,7;7,7
SAN;NL:Q:60001180;Obrechtstraat;Nijmegen;35,3;9,7;28,9;7,3;16,4;5,7
SAN;NL:Q:60001200;Smetiusstraat;Nijmegen;115,8;267,4;118,6;297,8;80,7;154,7
SAN;NL:Q:60001220;Badhuis;Nijmegen;81,2;25,5;66,4;24,2;39,5;14,1
SAN;NL:Q:60001240;Dominicanenstraat;Nijmegen;59,6;13,5;44,4;10,5;28,7;6,5
SAN;NL:Q:60001280;Radboud UMC;Nijmegen;681,0;425,5;118,8;43,8;77,3;35,9
SAN;NL:Q:60001290;Radboud UMC;Nijmegen;230,7;339,5;42,1;104,1;35,2;75,2
SAN;NL:Q:60001390;Energieweg/Wolfskuilsewg;Nijmegen;14,9;117,0;0,0;0,0;0,0;0,0
SAN;NL:Q:60001400;Energieweg/Wolfskuilsewg;Nijmegen;108,2;15,9;0,0;0,0;0,0;0,0
SAN;NL:Q:60001410;Dr. de Blecourtstraat;Nijmegen;7,0;27,6;0,0;0,0;0,0;0,0
SAN;NL:Q:60001420;Dr. de Blecourtstraat;Nijmegen;27,7;9,1;0,0;0,0;0,0;0,0
SAN;NL:Q:60001430;Station Goffert;Nijmegen;17,0;14,5;0,0;0,0;0,0;0,0
SAN;NL:Q:60001440;Station Goffert;Nijmegen;12,6;23,2;0,0;0,0;0,0;0,0
SAN;NL:Q:60001470;Akkerlaan;Nijmegen;37,9;11,6;36,4;7,8;18,5;6,1
SAN;NL:Q:60001480;Jan Massinkhal;Nijmegen;7,6;17,7;4,9;10,4;3,6;8,7
SAN;NL:Q:60001490;Jan Massinkhal;Nijmegen;12,0;8,3;7,0;6,8;7,0;3,7
SAN;NL:Q:60001540;Scheepvaartweg;Nijmegen;1,5;15,6;0,0;0,0;0,0;0,0
SAN;NL:Q:60001550;Scheepvaartweg;Nijmegen;18,4;3,1;0,0;0,0;0,0;0,0
SAN;NL:Q:60001590;d'Almarasweg;Nijmegen;0,0;0,0;0,0;0,0;0,0;0,0
SAN;NL:Q:60001600;Winkelsteeg;Nijmegen;78,0;59,7;45,2;21,7;35,3;18,0
SAN;NL:Q:60001610;Winkelsteeg;Nijmegen;59,8;75,6;24,3;43,3;17,8;40,5
SAN;NL:Q:60001620;d'Almarasweg;Nijmegen;0,1;0,0;0,0;0,0;0,0;0,0
SAN;NL:Q:60001630;Station Heyendaal;Nijmegen;356,7;1663,5;49,7;193,9;43,9;220,3
SAN;NL:Q:60001640;Station Heyendaal;Nijmegen;1208,7;331,2;222,1;48,4;135,7;37,1
SAN;NL:Q:60001670;HAN;Nijmegen;1224,7;270,3;6,5;2,7;2,7;2,1
SAN;NL:Q:60001680;HAN;Nijmegen;62,7;59,5;1,8;5,3;1,2;3,1
SAN;NL:Q:60001690;Dominicanenstraat;Nijmegen;15,0;64,2;14,2;45,7;11,3;40,8
SAN;NL:Q:60001700;Smetiusstraat;Nijmegen;129,0;139,8;144,3;158,6;80,1;87,8
SAN;NL:Q:60001710;Badhuis;Nijmegen;39,2;80,8;34,0;66,2;21,8;52,4
SAN;NL:Q:60001720;Winkelcentrum Steenbokstraat;Nijmegen;60,9;5,6;37,1;2,3;21,3;1,6
SAN;NL:Q:60001730;Obrechtstraat;Nijmegen;11,3;41,4;6,4;36,8;5,4;20,9
SAN;NL:Q:60001740;Winkelcentrum Steenbokstraat;Nijmegen;5,2;50,0;1,7;35,2;1,3;19,8
SAN;NL:Q:60001750;Koningshof;Nijmegen;28,2;174,4;21,0;148,0;12,0;105,2
SAN;NL:Q:60001790;Hengstdalseweg/Broerdijk;Nijmegen;4,5;80,3;3,3;68,9;2,8;52,5
SAN;NL:Q:60001810;Beukstraat;Nijmegen;2,4;62,6;1,4;54,9;1,6;38,7
SAN;NL:Q:60001830;Hengstdalseweg/Sophiaweg;Nijmegen;2,0;37,5;1,1;27,7;1,7;22,6
SAN;NL:Q:60001840;Beemdstraat;Nijmegen;19,7;55,6;14,5;60,2;7,7;47,0
SAN;NL:Q:60001860;Heidebloemstraat;Nijmegen;33,9;114,5;16,8;99,5;11,6;86,5
SAN;NL:Q:60001870;Archimedesstraat;Nijmegen;65,5;22,3;63,1;18,2;38,7;9,4
SAN;NL:Q:60001880;Archimedesstraat;Nijmegen;24,3;75,8;20,9;73,2;9,7;50,6
SAN;NL:Q:60001890;Heidebloemstraat;Nijmegen;124,2;39,2;110,8;17,6;67,1;10,9
SAN;NL:Q:60001900;Galvanistraat;Nijmegen;85,3;33,7;90,7;27,9;49,8;11,3
SAN;NL:Q:60001910;Beemdstraat;Nijmegen;48,5;21,5;57,2;18,9;34,6;8,4
SAN;NL:Q:60001920;Irene Vorrinkstraat;Nijmegen;36,1;70,8;14,9;44,5;7,1;27,6
SAN;NL:Q:60001940;Edisonstraat;Nijmegen;34,2;70,4;25,3;52,3;12,7;38,2
SAN;NL:Q:60001950;Galvanistraat;Nijmegen;37,1;71,4;27,2;76,8;11,9;46,8
SAN;NL:Q:60001960;Akkerlaan;Nijmegen;8,7;35,9;6,0;36,2;4,5;25,8
SAN;NL:Q:60001970;Caesarstraat;Nijmegen;54,9;0,6;51,9;0,4;37,3;0,3
SAN;NL:Q:60001980;Caesarstraat;Nijmegen;0,8;47,6;0,4;43,1;0,6;35,9
SAN;NL:Q:60001990;Irene Vorrinkstraat;Nijmegen;68,4;33,7;47,9;16,0;30,8;9,6
SAN;NL:Q:60002001;Plein 1944;Nijmegen;458,9;526,4;536,1;494,0;308,4;267,4
SAN;NL:Q:60002002;Plein 1944;Nijmegen;620,0;338,6;717,0;447,0;317,8;242,6
SAN;NL:Q:60002003;Plein 1944;Nijmegen;5,8;74,7;2,9;114,8;0,0;0,0
SAN;NL:Q:60002005;Plein 1944;Nijmegen;420,7;299,8;467,6;212,3;242,9;91,3
SAN;NL:Q:60002006;Plein 1944;Nijmegen;322,0;388,6;281,9;535,4;137,7;232,1
SAN;NL:Q:60002010;Fransestraat;Nijmegen;32,1;49,1;26,5;25,0;19,4;19,3
SAN;NL:Q:60002020;Fransestraat;Nijmegen;35,3;36,8;17,7;31,8;8,8;26,4
SAN;NL:Q:60002520;Tunnelweg;Nijmegen;200,2;62,3;140,2;40,5;114,0;30,7
SAN;NL:Q:60002580;Tunnelweg;Nijmegen;7,9;444,2;6,4;294,8;6,3;190,8
SAN;NL:Q:60003070;Edisonstraat;Nijmegen;75,4;32,7;63,4;22,7;37,7;11,4
SAN;NL:Q:60003120;Kanunnik Faberstraat;Nijmegen;56,9;22,5;52,1;21,3;34,3;15,1
SAN;NL:Q:60003140;Kan. Mijllinckstraat;Nijmegen;60,6;63,7;55,7;61,3;33,6;43,0
SAN;NL:Q:60003220;Kwekerijweg;Nijmegen;12,9;0,5;14,8;0,1;12,3;0,5
SAN;NL:Q:60003230;Kwekerijweg;Nijmegen;0,9;18,2;0,9;19,6;0,5;13,7
SAN;NL:Q:60003260;Gymnasion;Nijmegen;85,9;2,2;70,1;0,7;47,6;0,7
SAN;NL:Q:60003280;Huygensgebouw;Nijmegen;104,7;63,9;59,1;10,9;35,0;8,2
SAN;NL:Q:60003370;Merwedestraat;Nijmegen;3,3;23,7;2,8;19,2;1,3;7,9
SAN;NL:Q:60003430;Zwaluwstraat;Nijmegen;15,4;7,5;0,0;0,0;0,3;0,8
SAN;NL:Q:60003440;Zwaluwstraat;Nijmegen;7,9;25,5;0,0;0,0;0,0;0,6
SAN;NL:Q:60003450;Vlietstraat;Nijmegen;64,3;15,5;27,6;9,4;10,8;5,3
SAN;NL:Q:60003490;Biezenstraat;Nijmegen;39,2;3,6;33,2;3,3;8,9;1,3
SAN;NL:Q:60003580;Vlietstraat;Nijmegen;14,3;56,7;11,0;22,1;4,5;10,7
SAN;NL:Q:60003660;Biezenstraat;Nijmegen;4,1;35,1;2,8;27,3;1,6;10,2
SAN;NL:Q:60003720;Merwedestraat;Nijmegen;23,7;2,6;19,2;3,1;7,9;1,0
SAN;NL:Q:60003770;Huygensgebouw;Nijmegen;301,9;685,9;10,5;65,8;7,9;57,8
SAN;NL:Q:60003810;Gymnasion;Nijmegen;3,2;64,6;1,3;69,6;0,6;47,7
SAN;NL:Q:60003880;Industrieweg;Nijmegen;15,9;71,9;4,3;25,6;1,7;8,3
SAN;NL:Q:60003960;Industrieweg;Nijmegen;71,2;17,1;25,9;7,2;9,8;1,9
SAN;NL:Q:60004080;Tollensstraat;Nijmegen;66,3;125,6;42,7;104,6;25,7;62,5
SAN;NL:Q:60004120;Thijmstraat;Nijmegen;25,0;120,1;11,8;92,1;7,6;53,8
SAN;NL:Q:60004160;Dobbelmanweg/Groenestr.;Nijmegen;12,0;23,3;4,9;20,9;4,6;19,2
SAN;NL:Q:60004220;Hertstraat;Nijmegen;4,4;32,5;1,9;26,8;1,4;20,6
SAN;NL:Q:60004320;Muntweg/Wezenlaan;Nijmegen;32,3;101,3;19,3;71,8;14,1;44,5
SAN;NL:Q:60004370;Heideparkseweg;Nijmegen;61,7;16,0;56,7;9,5;36,3;5,5
SAN;NL:Q:60004380;Muntweg/Overweg;Nijmegen;14,0;53,9;5,8;51,0;4,9;30,8
SAN;NL:Q:60004420;Manningstraat;Nijmegen;2,1;29,3;2,3;40,3;1,6;21,3
SAN;NL:Q:60004450;Manningstraat;Nijmegen;20,2;2,8;30,6;3,9;13,5;2,1
SAN;NL:Q:60004490;Muntweg/Overweg;Nijmegen;57,0;13,5;48,7;5,7;28,1;3,9
SAN;NL:Q:60004520;Heideparkseweg;Nijmegen;11,0;61,2;7,3;52,5;5,2;41,6
SAN;NL:Q:60004530;Muntweg/Wezenlaan;Nijmegen;80,7;24,8;54,1;15,6;34,9;12,4
SAN;NL:Q:60004610;Hertstraat;Nijmegen;31,5;4,9;29,3;1,5;18,2;1,2
SAN;NL:Q:60004650;Willemsweg/Groenestraat;Nijmegen;69,7;27,6;55,8;11,5;35,6;8,6
SAN;NL:Q:60004690;Thijmstraat;Nijmegen;112,2;31,4;84,9;13,4;51,6;10,3
SAN;NL:Q:60004730;Tollensstraat;Nijmegen;151,9;68,8;127,1;44,6;83,3;28,8
SAN;NL:Q:60004810;CW-ziekenhuis;Nijmegen;224,6;56,9;70,0;20,7;45,8;19,4
SAN;NL:Q:60004820;CW-ziekenhuis;Nijmegen;55,8;206,1;18,9;56,7;15,3;35,4
SAN;NL:Q:60004830;Begraafplaats Jonkerbos;Nijmegen;126,8;48,1;82,8;23,5;55,8;25,8
SAN;NL:Q:60004840;Begraafplaats Jonkerbos;Nijmegen;43,8;118,2;21,4;87,1;22,7;72,2
SAN;NL:Q:60004850;Sanadome;Nijmegen;47,7;8,8;58,4;11,0;32,0;10,6
SAN;NL:Q:60004860;Sanadome;Nijmegen;5,9;68,5;7,2;67,2;7,0;36,7
SAN;NL:Q:60005160;Vijverhof;Nijmegen;36,4;0,9;36,0;0,2;23,3;0,1
SAN;NL:Q:60005180;Kwakkenbergweg/Sophiaweg;Nijmegen;92,2;2,2;38,2;1,1;26,1;0,4
SAN;NL:Q:60005190;Kwakkenbergweg/Sophiaweg;Nijmegen;1,8;89,1;0,9;39,7;0,5;35,3
SAN;NL:Q:60005290;Hatert-Centrum;Nijmegen;10,8;87,1;4,2;23,1;4,5;31,5
SAN;NL:Q:60005320;Broerweg;Nijmegen;107,9;1,2;77,2;0,5;51,6;0,3
SAN;NL:Q:60005330;Broerweg;Nijmegen;1,4;111,2;0,6;84,2;0,6;63,4
SAN;NL:Q:60005360;Mr. Franckenstraat;Nijmegen;21,7;10,0;18,5;4,7;11,6;3,1
SAN;NL:Q:60005370;Mr. Franckenstraat;Nijmegen;6,7;31,7;3,9;17,8;2,9;16,9
SAN;NL:Q:60005380;Mesdagstraat;Nijmegen;40,3;1,9;25,7;0,7;17,5;0,3
SAN;NL:Q:60005410;Hugo de Grootstraat;Nijmegen;4,8;60,5;2,2;39,3;1,7;33,4
SAN;NL:Q:60005440;Hugo de Grootstraat;Nijmegen;73,1;5,2;52,7;1,3;34,1;1,4
SAN;NL:Q:60005450;Mesdagstraat;Nijmegen;2,3;44,2;0,9;32,8;0,7;28,6
SAN;NL:Q:60005560;Hatert-Centrum;Nijmegen;127,3;10,6;41,6;4,3;28,8;4,2
SAN;NL:Q:60005650;Vijverhof;Nijmegen;1,5;38,7;0,9;36,6;0,4;24,4
SAN;NL:Q:60007075;Busstation Vierdaagse;Nijmegen;19,2;1,2;19,5;1,7;20,3;1,0
SAN;NL:Q:60008020;Couwenbergstraat;Nijmegen;162,9;262,7;112,4;205,1;61,3;151,9
SAN;NL:Q:60008030;Hatert-Delsenhof;Nijmegen;57,8;47,9;50,1;38,9;28,1;21,3
SAN;NL:Q:60008040;Polkastraat;Nijmegen;121,8;105,3;107,1;88,0;66,6;60,8
SAN;NL:Q:60008050;Hogendorpstraat;Nijmegen;30,6;6,1;27,4;2,9;17,4;1,7
SAN;NL:Q:60008060;Hogendorpstraat;Nijmegen;7,4;103,9;6,4;77,9;3,6;59,8
SAN;NL:Q:60008070;Thorbeckestraat;Nijmegen;220,1;67,0;151,1;47,4;110,6;30,2
SAN;NL:Q:60008080;Wkc Notenhout;Nijmegen;198,8;1,8;186,7;1,0;111,4;0,7
SAN;NL:Q:60008090;Middachtenstraat;Nijmegen;64,5;1,5;51,2;1,7;33,7;0,8
SAN;NL:Q:60008100;Couwenbergstraat;Nijmegen;259,1;157,8;231,0;104,4;135,5;56,1
SAN;NL:Q:60008110;Treubstraat;Nijmegen;78,0;4,0;72,5;2,9;48,4;1,4
SAN;NL:Q:60008120;Aubadestraat;Nijmegen;91,6;1,9;99,3;2,0;58,4;0,9
SAN;NL:Q:60008140;v.d.Duyn van Maasdamstr.;Nijmegen;6,5;26,5;5,6;22,9;3,2;18,7
SAN;NL:Q:60008150;v.d.Duyn van Maasdamstr.;Nijmegen;30,9;11,4;27,0;9,7;17,9;5,4
SAN;NL:Q:60008160;Paul Krugerstraat;Nijmegen;202,0;21,5;168,0;11,3;106,2;6,2
SAN;NL:Q:60008180;Vuurdoornstraat;Nijmegen;171,9;11,8;158,6;7,8;99,5;4,6
SAN;NL:Q:60008190;Nocturnestraat;Nijmegen;0,5;57,3;0,3;50,7;0,3;32,0
SAN;NL:Q:60008200;Nocturnestraat;Nijmegen;77,1;1,6;66,4;1,3;40,1;1,1
SAN;NL:Q:60008220;Molenweg/Wolfskuilseweg;Nijmegen;82,6;14,2;77,2;9,2;48,0;6,3
SAN;NL:Q:60008240;Fuchsiastraat;Nijmegen;197,8;61,1;188,8;48,0;100,5;24,2
SAN;NL:Q:60008280;2e Oude Heselaan;Nijmegen;71,4;41,2;54,2;22,3;31,4;16,2
SAN;NL:Q:60008430;2e Oude Heselaan;Nijmegen;35,6;87,0;21,3;67,8;15,8;39,8
SAN;NL:Q:60008440;Treubstraat;Nijmegen;10,6;89,0;7,8;72,4;2,9;51,6
SAN;NL:Q:60008450;Fuchsiastraat;Nijmegen;73,9;179,5;56,7;164,0;25,7;91,8
SAN;NL:Q:60008460;Thorbeckestraat;Nijmegen;56,9;160,5;40,5;117,3;25,8;102,7
SAN;NL:Q:60008480;Middachtenstraat;Nijmegen;0,5;52,8;0,5;40,8;0,3;29,2
SAN;NL:Q:60008490;Molenweg/Wolfskuilseweg;Nijmegen;12,1;104,3;8,3;96,0;7,0;70,4
SAN;NL:Q:60008530;Vuurdoornstraat;Nijmegen;12,7;180,9;8,1;160,8;5,4;114,8
SAN;NL:Q:60008570;Paul Krugerstraat;Nijmegen;19,0;160,0;11,9;132,0;5,8;98,1
SAN;NL:Q:60008610;Aubadestraat;Nijmegen;1,0;106,3;0,9;107,6;0,4;71,4
SAN;NL:Q:60008620;Rosa de Limastraat;Nijmegen;2,2;49,2;2,1;44,8;0,9;28,0
SAN;NL:Q:60008630;Rosa de Limastraat;Nijmegen;55,3;4,1;41,9;3,1;26,5;2,0
SAN;NL:Q:60008650;Wkc Notenhout;Nijmegen;1,5;201,0;1,2;180,8;0,5;113,0
SAN;NL:Q:60009050;Havenweg;Nijmegen;57,4;21,6;41,8;15,8;28,8;9,3
SAN;NL:Q:60009490;Kazerne;Nijmegen;0,7;1,8;0,4;2,8;0,1;0,4
SAN;NL:Q:60009500;Groenewoudseweg;Nijmegen;0,2;0,1;0,0;0,0;0,0;0,0
SAN;NL:Q:60009630;Erasmusgebouw;Nijmegen;1279,0;1528,0;18,4;83,9;23,6;86,3
SAN;NL:Q:60009640;Erasmusgebouw;Nijmegen;261,9;103,9;70,7;17,3;66,8;22,7
SAN;NL:Q:60009650;Spinozageb/Tandheelkunde;Nijmegen;509,5;493,9;12,1;9,0;8,9;4,4
SAN;NL:Q:60009661;Spinozageb/Tandheelkunde;Nijmegen;63,7;91,6;6,7;18,8;3,4;12,4
SAN;NL:Q:60100010;Sportpark Union;Malden;1,7;2,7;0,9;3,1;0,9;3,4
SAN;NL:Q:60100020;Rijksweg/Grote Loef;Malden;25,2;1,6;14,2;1,7;12,5;1,1
SAN;NL:Q:60100030;Grootveldschelaan;Malden;1,0;19,5;0,6;11,0;0,4;13,5
SAN;NL:Q:60100040;Groesbeekseweg;Malden;36,8;6,2;21,9;3,8;23,6;3,1
SAN;NL:Q:60100060;Kloosterstraat;Malden;43,8;3,3;28,8;2,5;22,1;1,4
SAN;NL:Q:60100070;Kloosterstraat;Malden;1,6;33,5;1,9;23,1;1,7;19,3
SAN;NL:Q:60100090;Groesbeekseweg;Malden;6,5;31,6;4,9;19,9;3,3;24,1
SAN;NL:Q:60100100;Grootveldschelaan;Malden;23,7;1,3;14,2;1,2;10,9;0,4
SAN;NL:Q:60100110;Rijksweg/Grote Loef;Malden;2,0;20,2;0,9;10,1;0,8;11,5
SAN;NL:Q:60100120;Sportpark Union;Malden;3,5;1,9;3,0;1,0;3,9;1,1
SAN;NL:Q:60100130;Rijksweg/Nertsstraat;Malden;0,4;3,9;0,6;4,8;0,3;4,5
SAN;NL:Q:60100140;Rijksweg/Nertsstraat;Malden;3,1;0,4;3,3;1,1;2,6;0,3
SAN;NL:Q:60100160;De Lage Horst;Malden;0,0;0,3;0,0;0,0;0,0;0,0
SAN;NL:Q:60100180;De Veldschuur;Malden;0,0;0,1;0,0;0,0;0,0;0,0
SAN;NL:Q:60100190;De Veldschuur;Malden;0,4;0,0;0,0;0,0;0,0;0,0
SAN;NL:Q:60100210;De Lage Horst;Malden;0,3;0,0;0,0;0,0;0,0;0,0
SAN;NL:Q:60100250;Vinkenlaan;Malden;0,1;0,1;0,0;0,0;0,0;0,0
SAN;NL:Q:60100260;Vinkenlaan;Malden;0,4;0,7;0,0;0,0;0,0;0,0
SAN;NL:Q:60100270;Heidezoom;Malden;0,3;0,1;0,0;0,0;0,0;0,0
SAN;NL:Q:60100280;Heidezoom;Malden;0,1;0,6;0,0;0,0;0,0;0,0
SAN;NL:Q:60100910;Plantsoenstraat;Malden;0,6;0,5;0,0;0,0;0,0;0,0
SAN;NL:Q:60100920;Plantsoenstraat;Malden;0,9;0,1;0,0;0,0;0,0;0,0
SAN;NL:Q:60100940;Broekkant/Malderburch;Malden;1,6;0,0;0,0;0,0;0,0;0,0
SAN;NL:Q:60101030;Zweefvliegveld;Malden;0,2;0,7;0,0;0,0;0,0;0,0
SAN;NL:Q:60101040;Zweefvliegveld;Malden;0,4;0,1;0,0;0,0;0,0;0,0
SAN;NL:Q:60101070;Groesbeekseweg/Bosweg;Malden;0,0;0,2;0,0;0,0;0,0;0,0
SAN;NL:Q:60101080;Groesbeekseweg/Bosweg;Malden;0,2;0,1;0,0;0,0;0,0;0,0
SAN;NL:Q:60101110;Schoolstraat;Malden;5,2;5,5;0,0;0,0;0,0;0,0
SAN;NL:Q:60101120;Schoolstraat;Malden;17,4;16,2;0,0;0,0;0,0;0,0
SAN;NL:Q:60109140;Raadhuisstraat;Malden;0,2;2,7;0,0;0,0;0,0;0,0
SAN;NL:Q:60109910;Groesbeekseweg;Malden;0,0;0,1;0,0;0,0;0,0;0,0
SAN;NL:Q:60110010;Dekkerswald;Groesbeek;34,0;70,3;17,7;56,8;10,1;43,9
SAN;NL:Q:60110020;Werkenrode;Groesbeek;32,2;13,8;17,8;8,8;12,5;4,6
SAN;NL:Q:60110030;Werkenrode;Groesbeek;10,7;37,2;5,6;21,3;2,9;15,5
SAN;NL:Q:60110040;Dekkerswald;Groesbeek;69,8;33,0;59,6;16,4;41,4;9,1
SAN;NL:Q:60110150;Sionsweg;Heilig Landstichting;6,9;43,7;6,7;58,2;5,1;39,6
SAN;NL:Q:60110160;Sionsweg;Heilig Landstichting;43,2;8,4;59,8;7,7;39,6;5,3
SAN;NL:Q:60110440;Panovenlaan;Nijmegen;62,6;12,5;40,7;11,0;23,0;3,8
SAN;NL:Q:60110570;Panovenlaan;Nijmegen;10,5;62,4;4,7;36,7;3,8;26,2
SAN;NL:Q:60119060; Stekkenberg 4 Daagse;Groesbeek;1,0;1,5;0,0;0,0;0,0;0,0
SAN;NL:Q:60140050;Centrum;Heumen;2,4;2,8;0,0;0,0;0,0;0,0
SAN;NL:Q:60140060;Centrum;Heumen;2,5;1,5;0,0;0,0;0,0;0,0
SAN;NL:Q:60140090;Worsumseweg;Overasselt;0,1;0,1;0,0;0,0;0,0;0,0
SAN;NL:Q:60140100;Worsumseweg;Overasselt;0,1;0,2;0,0;0,0;0,0;0,0
SAN;NL:Q:60140130;Tempelstraat;Overasselt;1,4;1,4;0,0;0,0;0,0;0,0
SAN;NL:Q:60140140;Tempelstraat;Overasselt;1,0;1,3;0,0;0,0;0,0;0,0
SAN;NL:Q:60140170;Beatrixstraat;Overasselt;1,7;1,1;0,0;0,0;0,0;0,0
SAN;NL:Q:60140180;Beatrixstraat;Overasselt;1,5;1,2;0,0;0,0;0,0;0,0
SAN;NL:Q:60140310;Sint Walrick;Overasselt;0,5;8,2;1,1;6,8;0,4;4,1
SAN;NL:Q:60140320;Sint Walrick;Overasselt;7,1;0,9;8,2;1,5;11,9;0,3
SAN;NL:Q:60140330;Schatkuilsestraat;Overasselt;0,3;2,4;0,1;1,5;0,1;0,8
SAN;NL:Q:60140340;Schatkuilsestraat;Overasselt;2,7;0,4;2,1;0,2;1,2;0,1
SAN;NL:Q:60140350;Sleeburgsestraat;Overasselt;0,2;2,3;0,1;1,3;0,0;0,8
SAN;NL:Q:60140360;Sleeburgsestraat;Overasselt;1,6;0,3;0,4;0,1;0,4;0,1
SAN;NL:Q:60140370;Kasteelsestraat;Overasselt;0,0;0,0;0,0;0,0;0,0;0,1
SAN;NL:Q:60140390;Hoogstraat;Overasselt;2,5;34,5;2,0;15,2;0,7;12,2
SAN;NL:Q:60140400;Hoogstraat;Overasselt;37,9;2,8;19,1;1,7;14,4;0,8
SAN;NL:Q:60140410;Ewijkseweg;Overasselt;0,5;1,9;0,2;1,4;0,1;0,6
SAN;NL:Q:60140420;Ewijkseweg;Overasselt;1,7;0,5;1,6;0,2;0,4;0,2
SAN;NL:Q:60140430;Gaasselsedam;Overasselt;0,1;1,1;0,1;0,5;0,2;0,6
SAN;NL:Q:60140440;Gaasselsedam;Overasselt;0,9;0,1;0,8;0,1;0,6;0,2
SAN;NL:Q:60150010;Streekweg;Nijmegen;3,7;23,6;3,1;14,1;1,9;9,6
SAN;NL:Q:60150030;Teersdijk;Alverna;2,9;17,4;1,2;8,6;0,6;2,9
SAN;NL:Q:60150040;Heumenseweg;Alverna;18,8;4,9;14,9;1,2;6,4;0,9
SAN;NL:Q:60150050;Havenweg;Alverna;0,8;9,1;0,4;4,1;0,3;2,1
SAN;NL:Q:60150060;Havenweg;Alverna;6,2;1,1;2,8;0,5;1,2;0,2
SAN;NL:Q:60150070;Heumenseweg;Alverna;4,9;17,7;1,7;13,4;1,0;6,3
SAN;NL:Q:60150080;Teersdijk;Alverna;20,1;6,1;14,3;7,6;8,5;3,5
SAN;NL:Q:60150100;Streekweg;Nijmegen;6,7;7,6;3,2;3,9;2,3;2,1
SAN;NL:Q:60150110;Industriepark;Wijchen;2,2;6,7;1,1;7,0;0,6;5,1
SAN;NL:Q:60150120;Industriepark;Wijchen;6,5;2,7;7,2;1,2;4,4;0,7
SAN;NL:Q:60150130;Teersdijk;Alverna;3,3;11,9;2,9;7,3;1,9;5,3
SAN;NL:Q:60150180;Parksesteeg;Overasselt;1,3;0,1;0,7;0,1;1,3;0,1
SAN;NL:Q:60150200;Oude Nijmeegseweg;Overasselt;2,2;0,1;1,1;0,1;1,4;0,1
SAN;NL:Q:60150220;Cornelis Drebbelstraat;Wijchen;1,5;4,1;0,2;1,0;0,1;1,1
SAN;NL:Q:60150230;Cornelis Drebbelstraat;Wijchen;5,4;2,4;2,8;1,1;1,5;0,4
SAN;NL:Q:60150240;Graafsebrug;Nijmegen;56,8;8,6;55,3;6,3;30,2;3,6
SAN;NL:Q:60150250;Graafsebrug;Nijmegen;7,8;70,6;5,4;71,8;2,9;43,6
SAN;NL:Q:60150260;Viaductweg;Nijmegen;63,0;14,8;43,2;12,3;27,5;6,6
SAN;NL:Q:60150270;Viaductweg;Nijmegen;7,8;82,7;4,7;59,1;2,0;37,5
SAN;NL:Q:60150280;Kerkenbos;Nijmegen;1,4;0,9;0,0;0,0;0,0;0,0
SAN;NL:Q:60150290;Kerkenbos;Nijmegen;5,7;4,3;0,0;0,0;0,0;0,0
SAN;NL:Q:60150310;Oude Nijmeegseweg;Overasselt;0,1;2,6;0,3;2,2;0,1;2,2
SAN;NL:Q:60150330;Parksesteeg;Overasselt;0,1;1,6;0,0;1,2;0,0;1,3
SAN;NL:Q:60150490;Spijkerhofweg;Nijmegen;33,7;14,5;22,2;6,2;16,0;3,5
SAN;NL:Q:60150500;Spijkerhofweg;Nijmegen;13,3;41,5;5,4;30,0;3,7;23,4
SAN;NL:Q:60150530;Woonboulevard;Nijmegen;0,6;13,6;0,9;13,2;0,5;8,9
SAN;NL:Q:60150540;Woonboulevard;Nijmegen;5,7;2,2;8,2;2,1;5,1;1,3
SAN;NL:Q:60150840;van Boetbergweg/Aldenhof;Nijmegen;22,4;1,7;6,3;1,2;5,7;1,3
SAN;NL:Q:60150860;van Boetbergweg/Malvert;Nijmegen;70,9;14,1;45,7;10,2;28,7;5,9
SAN;NL:Q:60150930;van Boetbergweg/Aldenhof;Nijmegen;2,1;20,3;1,9;5,3;1,1;6,3
SAN;NL:Q:60150950;van Boetbergweg/Malvert;Nijmegen;6,1;66,3;3,3;50,4;2,4;38,8
SAN;NL:Q:60151001;Station Dukenburg;Nijmegen;4,4;368,0;4,6;272,2;3,1;121,4
SAN;NL:Q:60151002;Station Dukenburg;Nijmegen;563,1;179,7;353,6;117,1;209,1;116,6
SAN;NL:Q:60151003;Station Dukenburg;Nijmegen;423,8;490,4;288,2;353,7;119,4;231,5
SAN;NL:Q:60151004;Station Dukenburg;Nijmegen;136,0;105,4;51,7;33,7;54,0;36,2
SAN;NL:Q:60151005;Station Dukenburg;Nijmegen;376,9;329,4;275,2;175,5;228,0;90,8
SAN;NL:Q:60151006;Station Dukenburg;Nijmegen;322,2;263,0;235,2;170,4;123,6;60,7
SAN;NL:Q:60151010;Lagelandseweg;Nijmegen;7,8;0,5;0,0;0,0;0,0;0,0
SAN;NL:Q:60151020;Lagelandseweg;Nijmegen;0,6;14,1;0,0;0,0;0,0;0,0
SAN;NL:Q:60151030;Hogelandseweg;Nijmegen;13,3;2,1;0,0;0,0;0,0;0,0
SAN;NL:Q:60151040;Hogelandseweg;Nijmegen;1,6;8,6;0,0;0,0;0,0;0,0
SAN;NL:Q:60152020;Aldenhof 53/14 str.;Nijmegen;38,2;5,6;28,2;5,8;13,8;1,0
SAN;NL:Q:60152030;Aldenhof 13/38 str.;Nijmegen;26,1;0,3;20,4;0,3;8,3;1,1
SAN;NL:Q:60152040;Aldenhof 12/32 str.;Nijmegen;33,2;0,3;23,3;0,1;7,1;0,0
SAN;NL:Q:60152050;Weezenhof;Nijmegen;45,8;34,5;46,5;34,8;29,3;25,4
SAN;NL:Q:60152090;Weezenhof 10e straat;Nijmegen;40,2;0,3;36,4;0,5;21,8;0,5
SAN;NL:Q:60152120;Aldenhof 53/14 str.;Nijmegen;1,3;24,8;0,7;19,6;0,8;11,2
SAN;NL:Q:60152130;Aldenhof 13/38 str.;Nijmegen;0,2;21,2;0,2;18,0;0,0;6,2
SAN;NL:Q:60152140;Aldenhof 12/32 str.;Nijmegen;0,3;31,6;0,2;23,6;0,1;7,1
SAN;NL:Q:60152150;Winkelcentrum Meijhorst;Nijmegen;0,6;0,1;0,9;0,1;3,4;0,9
SAN;NL:Q:60152160;Winkelcentrum Meijhorst;Nijmegen;0,1;2,3;0,3;2,8;1,0;10,9
SAN;NL:Q:60152210;Meijhorst-Sporthal;Nijmegen;220,1;7,9;146,2;3,3;83,9;2,0
SAN;NL:Q:60152230;De Doekenborg;Nijmegen;18,0;0,2;17,5;0,2;15,4;0,1
SAN;NL:Q:60152250;Meijhorst 13e straat;Nijmegen;144,5;3,7;112,0;2,1;63,6;1,3
SAN;NL:Q:60152290;Tolhuis 11e straat;Nijmegen;97,4;6,3;92,0;3,1;48,1;1,6
SAN;NL:Q:60152300;Van Apelterenweg;Nijmegen;70,3;1,8;65,4;1,2;42,5;0,6
SAN;NL:Q:60152330;Tolhuis 10e straat;Nijmegen;43,7;7,1;38,8;3,4;20,0;1,7
SAN;NL:Q:60152760;Tolhuis 10e straat;Nijmegen;6,7;65,3;3,2;50,4;1,6;30,6
SAN;NL:Q:60152780;Tolhuis 11e straat;Nijmegen;7,1;94,1;2,7;82,7;1,7;50,7
SAN;NL:Q:60152800;Van Apelterenweg;Nijmegen;0,8;65,9;0,8;51,1;0,8;41,0
SAN;NL:Q:60152820;Meijhorst 13e straat;Nijmegen;4,0;135,1;2,0;106,2;1,4;60,3
SAN;NL:Q:60152840;Meijhorst-Sporthal;Nijmegen;8,5;227,4;4,2;143,3;1,6;82,0
SAN;NL:Q:60152880;De Doekenborg;Nijmegen;0,3;24,8;0,3;22,5;0,2;20,1
SAN;NL:Q:60152920;Weezenhof 10e straat;Nijmegen;0,3;37,4;0,3;33,9;0,3;20,3
SAN;NL:Q:60154980;Steve Bikoplein;Nijmegen;43,9;15,9;20,8;14,3;18,8;13,2
SAN;NL:Q:60155010;Steve Bikoplein;Nijmegen;8,2;35,7;7,9;19,2;6,7;18,7
SAN;NL:Q:60155050;Zwanenveld 10e str.;Nijmegen;39,4;6,1;25,5;5,9;17,2;3,1
SAN;NL:Q:60155090;Zwanenveld 12e str.;Nijmegen;32,2;13,5;17,4;9,8;12,2;4,9
SAN;NL:Q:60155130;Lankforst 16e str.;Nijmegen;48,0;36,7;41,8;32,1;29,8;14,3
SAN;NL:Q:60155170;Lankforst 14e str.;Nijmegen;34,9;19,6;21,5;9,4;14,8;5,4
SAN;NL:Q:60155190;Winkelcentrum Malvert;Nijmegen;86,2;47,6;57,2;35,2;41,2;19,5
SAN;NL:Q:60155230;Malvert 13e straat;Nijmegen;43,8;20,1;33,8;15,6;20,8;6,6
SAN;NL:Q:60155600;Winkelcentrum Malvert;Nijmegen;46,1;91,8;38,6;64,3;18,3;48,9
SAN;NL:Q:60155620;Malvert 13e straat;Nijmegen;25,1;42,3;21,6;32,5;7,1;23,0
SAN;NL:Q:60155680;Lankforst 14e str.;Nijmegen;21,0;31,8;11,4;22,7;4,6;15,9
SAN;NL:Q:60155740;Lankforst 16e str.;Nijmegen;41,6;49,9;36,1;44,3;19,2;31,9
SAN;NL:Q:60155780;Zwanenveld 12e str.;Nijmegen;12,0;30,6;8,6;17,7;3,9;12,7
SAN;NL:Q:60155820;Zwanenveld 10e str.;Nijmegen;3,1;37,3;2,7;28,3;1,3;21,1
SAN;NL:Q:60157050;Horstacker;Nijmegen;1,4;121,2;0,3;80,3;0,6;46,7
SAN;NL:Q:60157080;Voorstenkamp/Gildekamp;Nijmegen;1,1;4,2;0,0;0,1;0,0;0,0
SAN;NL:Q:60157090;Meeuwseacker;Nijmegen;0,3;24,4;0,2;27,2;0,2;12,8
SAN;NL:Q:60157120;Gildekamp/Kluijskamp;Nijmegen;1,2;10,0;0,0;0,0;0,0;0,0
SAN;NL:Q:60157130;Wellenkamp/Hoefkamp;Nijmegen;12,4;1,9;0,7;2,1;3,3;4,6
SAN;NL:Q:60157160;Wellenkamp/Hoefkamp;Nijmegen;1,8;10,1;0,0;0,0;0,0;0,0
SAN;NL:Q:60157170;Gildekamp/Kluijskamp;Nijmegen;8,7;1,0;0,1;0,5;0,5;2,2
SAN;NL:Q:60157210;Voorstenkamp/Gildekamp;Nijmegen;5,5;2,5;1,4;2,7;4,3;3,8
SAN;NL:Q:60157220;Meeuwseacker;Nijmegen;41,5;0,4;42,8;0,2;21,1;0,2
SAN;NL:Q:60157260;Horstacker;Nijmegen;122,1;1,0;86,0;0,6;48,3;0,3
SAN;NL:Q:60157270;IJpenbroekweg;Nijmegen;22,0;0,2;23,0;0,4;13,9;0,2
SAN;NL:Q:60157280;IJpenbroekweg;Nijmegen;0,3;49,0;0,5;45,6;0,8;34,5
SAN;NL:Q:60157290;P+R Nijmegen West;Nijmegen;59,8;50,1;28,5;17,9;17,0;11,9
SAN;NL:Q:60157300;P+R Nijmegen West;Nijmegen;3,0;6,9;0,0;0,0;0,0;0,0
SAN;NL:Q:60157310;Poort Neerbosch;Nijmegen;59,9;44,0;0,0;0,0;0,0;0,0
SAN;NL:Q:60157320;Poort Neerbosch;Nijmegen;56,0;59,9;0,0;0,0;0,0;0,0
SAN;NL:Q:60159070;Zellersacker;Nijmegen;87,8;1,9;68,9;1,1;38,7;0,8
SAN;NL:Q:60159080;Hegdambroek;Nijmegen;2,5;47,1;0,9;26,4;0,8;15,3
SAN;NL:Q:60159090;Hillekensacker 10e str.;Nijmegen;77,3;3,9;64,1;2,3;35,1;1,4
SAN;NL:Q:60159110;Leuvensbroek;Nijmegen;132,0;33,8;91,2;7,6;48,1;3,3
SAN;NL:Q:60159120;Wedesteinbroek 12e str.;Nijmegen;4,6;82,9;1,5;25,5;1,4;15,7
SAN;NL:Q:60159130;Wedesteinbroek 22e str.;Nijmegen;34,9;3,5;29,8;1,0;15,9;0,5
SAN;NL:Q:60159140;Wedesteinbroek 22e str.;Nijmegen;1,5;35,8;0,5;28,1;0,5;20,1
SAN;NL:Q:60159150;Wedesteinbroek 12e str.;Nijmegen;83,8;5,6;27,3;1,4;16,0;1,1
SAN;NL:Q:60159160;Hillekensacker 10e str.;Nijmegen;3,1;70,9;1,8;57,8;1,3;33,6
SAN;NL:Q:60159170;Hegdambroek;Nijmegen;46,4;3,9;25,5;1,1;14,6;1,0
SAN;NL:Q:60159180;Leuvensbroek;Nijmegen;36,5;135,7;7,3;88,4;3,3;53,0
SAN;NL:Q:60159220;Zellersacker;Nijmegen;1,3;72,1;0,4;52,9;0,3;34,2
SAN;NL:Q:60190010;Rijksweg;Beek;3,7;14,5;0,8;2,3;0,5;1,5
SAN;NL:Q:60190015;Sint Hubertusweg;Beek;0,4;1,2;0,5;1,5;0,2;1,0
SAN;NL:Q:60190020;Werchensestraat;Wercheren;0,3;0,0;0,0;0,0;0,0;0,0
SAN;NL:Q:60190030;Werchensestraat;Wercheren;0,0;0,9;0,0;0,0;0,0;0,0
SAN;NL:Q:60190040;Sint Hubertusweg;Beek;5,7;1,7;1,2;1,0;0,7;0,4
SAN;NL:Q:60190060;Sportpark;Beek;1,2;0,3;1,6;0,2;0,8;0,2
SAN;NL:Q:60190070;Sportpark;Beek;0,2;0,8;0,2;1,5;0,1;0,8
SAN;NL:Q:60190090;Leuthsestraat;Ooij;0,1;3,5;0,3;2,9;0,2;1,7
SAN;NL:Q:60190100;Erlecomseweg;Erlecom;1,8;0,2;1,4;0,1;0,8;0,1
SAN;NL:Q:60190110;De Sprong;Ooij;3,7;52,2;6,0;43,1;4,1;26,5
SAN;NL:Q:60190120;Steenfabriek;Erlecom;1,2;0,1;1,3;0,0;0,9;0,0
SAN;NL:Q:60190130;Nassaustraat;Ooij;0,8;11,7;1,0;8,4;0,4;4,4
SAN;NL:Q:60190140;Erlecomsedam;Ooij;5,5;0,6;2,4;0,4;1,8;0,1
SAN;NL:Q:60190150;Erlecomsedam;Ooij;0,7;5,4;0,4;2,6;0,4;1,9
SAN;NL:Q:60190160;Nassaustraat;Ooij;14,1;1,3;9,7;1,5;4,5;0,5
SAN;NL:Q:60190170;Steenfabriek;Erlecom;0,1;1,7;0,0;1,9;0,1;1,1
SAN;NL:Q:60190180;De Sprong;Ooij;52,9;3,7;47,5;4,0;25,7;2,9
SAN;NL:Q:60190190;Erlecomseweg;Erlecom;0,1;1,5;0,0;1,1;0,1;0,6
SAN;NL:Q:60190200;Leuthsestraat;Ooij;2,5;0,9;1,4;0,5;1,1;0,2
SAN;NL:Q:60190220;Struikenweg;Ooij;0,0;0,1;0,0;0,1;0,0;0,1
SAN;NL:Q:60190900;Natte Beek;Ubbergen;8,4;0,5;11,6;1,2;3,9;0,4
SAN;NL:Q:60190940;Ubbergse Holleweg;Ubbergen;17,0;8,2;10,9;1,3;5,5;0,9
SAN;NL:Q:60190980;De Refter;Ubbergen;6,5;1,2;9,2;1,0;6,1;0,7
SAN;NL:Q:60191150;Ubbergse Holleweg;Ubbergen;9,0;14,2;1,5;7,6;1,3;5,9
SAN;NL:Q:60191170;De Refter;Ubbergen;0,8;8,0;0,8;10,5;0,7;5,1
SAN;NL:Q:60191190;Natte Beek;Ubbergen;0,3;6,8;0,4;8,1;0,3;4,9
SAN;NL:Q:60195060;Hamerlaan;Berg en Dal;60,2;12,7;60,5;12,0;41,0;8,5
SAN;NL:Q:60195080;de Meerberg;Berg en Dal;39,8;0,7;55,2;0,8;35,1;0,1
SAN;NL:Q:60195100;Nieuwe Holleweg;Berg en Dal;0,0;0,0;0,0;0,0;0,0;0,1
SAN;NL:Q:60195120;Prins Alexanderlaan;Berg en Dal;29,7;0,6;34,0;0,6;18,3;0,2
SAN;NL:Q:60195690;Prins Alexanderlaan;Berg en Dal;0,8;32,5;0,6;37,1;0,2;22,7
SAN;NL:Q:60195730;de Meerberg;Berg en Dal;0,7;42,2;0,9;53,6;0,5;36,8
SAN;NL:Q:60196040;Kwartelstraat;Beek;2,7;2,1;0,0;0,0;0,0;0,0
SAN;NL:Q:60196060;Lindestraat;Beek;0,7;0,5;0,0;0,0;0,0;0,0
SAN;NL:Q:60196090;Kulturhus;Beek;0,6;0,5;0,0;0,0;0,0;0,0
SAN;NL:Q:60196100;Verbindingsweg;Beek;59,3;17,4;47,6;8,1;24,7;4,0
SAN;NL:Q:60196120;van Randwijckweg;Beek;0,0;0,0;0,0;0,0;0,0;0,1
SAN;NL:Q:60196140;Verbindingsweg;Beek;12,0;29,9;7,4;24,9;4,3;16,8
SAN;NL:Q:60196150;De Ravenberg;Beek;3,4;61,6;4,0;55,5;2,5;35,3
SAN;NL:Q:60196155;De Ravenberg;Beek;49,9;2,8;52,5;2,4;28,1;1,5
SAN;NL:Q:60196410;van Randwijckweg;Beek;0,2;2,7;0,0;0,0;0,0;0,0
SAN;NL:Q:60196500;Groot Berg en Dal;Berg en Dal;9,0;64,2;8,8;63,1;1,8;46,1
SAN;NL:Q:60196510;Groot Berg en Dal;Berg en Dal;3,6;3,0;0,0;0,0;0,0;0,0
SAN;NL:Q:60196530;Meidoornstraat;Beek;0,4;1,0;0,0;0,0;0,0;0,0
SAN;NL:Q:60196610;Kalorama;Beek;1,9;0,5;0,0;0,0;0,0;0,0
SAN;NL:Q:60196620;Kalorama;Beek;0,2;1,3;0,0;0,0;0,0;0,0
SAN;NL:Q:60200010;Sluisweg;Heumen;1,8;10,5;1,1;9,1;1,1;6,9
SAN;NL:Q:60200020;Cuijksesteeg;Mook;13,6;1,1;8,7;1,1;6,8;0,8
SAN;NL:Q:60200030;Rijksweg;Molenhoek;3,8;11,2;2,3;8,9;1,5;7,8
SAN;NL:Q:60200035;Mookerhof;Mook;0,6;0,1;0,0;0,0;0,0;0,0
SAN;NL:Q:60200040;Gemeentehuis;Mook;10,0;1,9;7,7;1,6;5,7;1,0
SAN;NL:Q:60200045;Mookerhof;Mook;0,1;0,6;0,0;0,0;0,0;0,0
SAN;NL:Q:60200050;Rijksweg/Veldweg;Mook;1,6;7,8;1,2;4,8;1,6;4,6
SAN;NL:Q:60200055;Winkelcentrum;Mook;0,2;0,6;0,0;0,0;0,0;0,0
SAN;NL:Q:60200060;Rijksweg/Veldweg;Mook;8,3;1,6;5,4;1,2;4,6;0,9
SAN;NL:Q:60200065;Winkelcentrum;Mook;0,3;0,2;0,0;0,0;0,0;0,0
SAN;NL:Q:60200070;Gemeentehuis;Mook;2,5;8,5;1,7;6,4;0,7;5,7
SAN;NL:Q:60200075;Mortel;Mook;0,1;1,0;0,0;0,0;0,0;0,0
SAN;NL:Q:60200080;Rijksweg;Molenhoek;11,9;2,7;12,6;1,5;9,2;2,0
SAN;NL:Q:60200085;Mortel;Mook;0,9;0,3;0,0;0,0;0,0;0,0
SAN;NL:Q:60200090;Cuijksesteeg;Mook;1,0;9,3;1,2;5,5;1,1;6,0
SAN;NL:Q:60200100;Sluisweg;Heumen;12,9;1,8;6,1;0,8;6,4;0,9
SAN;NL:Q:60200250;Station Mook Molenhoek;Molenhoek;2,9;3,3;0,0;0,0;0,0;0,0
SAN;NL:Q:60200260;Station Mook Molenhoek;Molenhoek;4,2;2,4;0,0;0,0;0,0;0,0
SAN;NL:Q:60200330;Begraafplaats;Mook;0,0;0,0;0,0;0,0;0,0;0,0
SAN;NL:Q:60200390;Centrum;Molenhoek;0,3;1,8;0,0;0,0;0,0;0,0
SAN;NL:Q:60200400;Centrum;Molenhoek;1,7;0,5;0,0;0,0;0,0;0,0
SAN;NL:Q:60200410;Kerk;Molenhoek;0,2;0,8;0,0;0,0;0,0;0,0
SAN;NL:Q:60200420;Kerk;Molenhoek;0,4;0,2;0,0;0,0;0,0;0,0
SAN;NL:Q:60210010;Stekkenberg;Groesbeek;6,8;65,4;7,7;45,3;3,6;38,7
SAN;NL:Q:60210021;Hemeltje;Breedeweg;19,7;0,3;11,9;0,0;6,2;0,0
SAN;NL:Q:60210030;Nieuweweg;Groesbeek;1,4;37,5;1,1;30,9;0,7;24,3
SAN;NL:Q:60210041;2e Colonjes;Groesbeek;23,0;0,2;16,7;0,2;9,1;0,1
SAN;NL:Q:60210050;De Oude Molen;Groesbeek;1,9;35,0;1,8;31,5;1,1;23,4
SAN;NL:Q:60210060;Herwendaal;Groesbeek;29,6;1,9;24,3;1,1;13,5;1,0
SAN;NL:Q:60210070;Händelstraat;Groesbeek;2,1;84,2;1,2;60,9;0,7;50,0
SAN;NL:Q:60210080;Zuidmolen;Groesbeek;80,0;4,9;70,4;3,5;38,4;1,4
SAN;NL:Q:60210090;Centrum;Groesbeek;22,8;198,5;11,7;128,8;5,2;79,5
SAN;NL:Q:60210110;Zuidmolen;Groesbeek;2,1;46,9;1,6;36,3;0,6;26,6
SAN;NL:Q:60210115;Zuidmolen;Groesbeek;1,7;2,1;0,0;0,0;0,1;0,0
SAN;NL:Q:60210120;Centrum;Groesbeek;266,2;20,6;196,3;10,7;118,8;3,7
SAN;NL:Q:60210130;Herwendaal;Groesbeek;2,0;25,8;1,0;18,3;0,5;10,7
SAN;NL:Q:60210140;De Oude Molen;Groesbeek;53,4;3,5;44,8;3,7;35,8;1,9
SAN;NL:Q:60210152;2e Colonjes;Groesbeek;0,2;16,8;0,1;16,2;0,2;10,1
SAN;NL:Q:60210160;Nieuweweg;Groesbeek;40,2;4,1;30,8;2,9;20,3;1,8
SAN;NL:Q:60210172;Hemeltje;Breedeweg;0,2;19,6;0,1;11,6;0,1;7,5
SAN;NL:Q:60210180;Stekkenberg;Groesbeek;63,7;9,6;46,6;10,2;32,2;4,3
SAN;NL:Q:60210191;Kerkplein;Breedeweg;74,6;59,9;45,8;34,2;26,3;21,8
SAN;NL:Q:60210210;Zuidmolen;Groesbeek;1,1;55,0;1,7;39,9;0,6;28,0
SAN;NL:Q:60210220;Hoge Horst;De Horst;1,9;1,1;0,8;0,1;0,3;0,0
SAN;NL:Q:60210240;Kruispunt;Groesbeek;16,3;0,5;10,4;0,2;6,0;0,0
SAN;NL:Q:60210250;Gooiseweg;Groesbeek;0,3;17,0;0,1;10,6;0,2;7,5
SAN;NL:Q:60210260;Kloosterstraat;Groesbeek;42,7;0,9;25,1;0,6;13,4;0,6
SAN;NL:Q:60210270;Kloosterstraat;Groesbeek;0,5;34,4;0,5;18,9;0,4;10,8
SAN;NL:Q:60210280;Gooiseweg;Groesbeek;21,1;0,3;12,7;0,5;7,0;0,1
SAN;NL:Q:60210290;Kruispunt;Groesbeek;0,2;9,6;0,1;4,8;0,0;3,1
SAN;NL:Q:60210310;Hoge Horst;De Horst;0,0;2,2;0,0;1,5;0,0;0,6
SAN;NL:Q:60210330;Kerk;De Horst;32,4;26,8;25,6;19,0;12,7;12,4
SAN;NL:Q:60210350;De Mallemolen;Groesbeek;0,1;0,0;0,0;0,0;0,0;0,0
SAN;NL:Q:60210370;Gezondheidscentrum;Groesbeek;0,0;0,0;0,0;0,0;0,0;0,0
SAN;NL:Q:60211030;De Wolfsberg;Groesbeek;0,4;0,4;0,0;0,0;0,0;0,0
SAN;NL:Q:60211040;De Wolfsberg;Groesbeek;0,1;0,6;0,0;0,0;0,0;0,0
SAN;NL:Q:60211150;Henry Dunantstraat;Groesbeek;0,0;0,0;0,0;0,0;0,0;0,0
SAN;NL:Q:60211160;Henry Dunantstraat;Groesbeek;0,0;0,0;0,0;0,0;0,0;0,0
SAN;NL:Q:60211630;Canadese Begraafplaats;Groesbeek;0,2;0,4;0,0;0,0;0,0;0,0
SAN;NL:Q:60211640;Canadese Begraafplaats;Groesbeek;0,3;0,3;0,0;0,0;0,0;0,0
SAN;NL:Q:60214050;Spoorzicht;Groesbeek;0,0;0,0;0,0;0,0;0,0;0,0
SAN;NL:Q:60214070;Winkelc. Margrietstraat;Groesbeek;0,0;0,0;0,0;0,0;0,0;0,0
SAN;NL:Q:60214075;Zevenheuvelenhuis;Groesbeek;0,0;0,0;0,0;0,0;0,0;0,0
SAN;NL:Q:60214085;Zevenheuvelenhuis;Groesbeek;0,0;0,0;0,0;0,0;0,0;0,0
SAN;NL:Q:60214090;Burg. Ottenhoffstraat;Groesbeek;0,0;0,0;0,0;0,0;0,0;0,0
SAN;NL:Q:60214100;Burg. Ottenhoffstraat;Groesbeek;0,0;0,0;0,0;0,0;0,0;0,0
SAN;NL:Q:60214110;Zwembad De Lubert;Groesbeek;0,0;0,0;0,0;0,0;0,0;0,0
SAN;NL:Q:60214120;Zwembad De Lubert;Groesbeek;0,0;0,0;0,0;0,0;0,0;0,0
SAN;NL:Q:60214130;Scholen;Groesbeek;0,0;0,0;0,0;0,0;0,0;0,0
SAN;NL:Q:60214150;Sportpark Zuid;Groesbeek;0,0;0,0;0,0;0,0;0,0;0,0
SAN;NL:Q:60214160;Sportpark Zuid;Groesbeek;0,0;0,0;0,0;0,0;0,0;0,0
SAN;NL:Q:60214270;De Strekel;Groesbeek;0,0;0,0;0,0;0,0;0,0;0,0
SAN;NL:Q:60214280;De Strekel;Groesbeek;0,0;0,0;0,0;0,0;0,0;0,0
SAN;NL:Q:60250010;Rijdtsestraat;Alverna;0,9;3,5;0,4;1,6;0,3;1,0
SAN;NL:Q:60250020;Eindsestraat;Nederasselt;6,7;2,0;5,0;1,0;2,9;0,8
SAN;NL:Q:60250030;Eindsestraat;Nederasselt;2,1;11,1;1,9;7,9;1,2;5,4
SAN;NL:Q:60250040;Rijdtsestraat;Alverna;3,0;1,2;1,7;0,3;0,7;0,4
SAN;NL:Q:60250050;Broekstraat;Nederasselt;0,4;3,9;0,0;0,9;0,0;1,1
SAN;NL:Q:60250060;Eindsestraat;Nederasselt;0,8;0,1;0,0;0,0;0,0;0,0
SAN;NL:Q:60250070;Kuilstraat;Nederasselt;0,9;5,5;0,2;1,9;0,2;1,7
SAN;NL:Q:60250080;Broekstraat;Nederasselt;6,2;1,0;1,6;0,1;1,6;0,1
SAN;NL:Q:60250100;Kuilstraat;Nederasselt;5,8;0,5;2,6;0,1;1,8;0,1
SAN;NL:Q:60250110;Veldsestraat;Balgoij;0,2;0,7;0,0;0,0;0,0;0,0
SAN;NL:Q:60250120;Veldsestraat;Balgoij;1,0;0,1;0,0;0,0;0,0;0,0
SAN;NL:Q:60250130;Wegelaar;Balgoij;0,1;0,4;0,0;0,0;0,0;0,0
SAN;NL:Q:60250140;Wegelaar;Balgoij;0,3;0,0;0,0;0,0;0,0;0,0
SAN;NL:Q:60250310;Oosterweg;Alverna;0,8;3,9;0,6;1,5;0,2;1,0
SAN;NL:Q:60250320;Oosterweg;Alverna;2,8;1,4;1,3;0,5;0,7;0,5
SAN;NL:Q:60250330;Huurlingsedam;Alverna;2,4;12,1;0,8;6,7;0,7;4,8
SAN;NL:Q:60250340;Huurlingsedam;Alverna;14,5;2,0;8,0;0,7;5,2;0,9
SAN;NL:Q:60290010;Duffeltdijk;Leuth;0,1;0,9;0,1;1,0;0,0;1,2
SAN;NL:Q:60290020;Industrieterrein;Leuth;0,0;0,0;0,0;0,0;0,0;0,0
SAN;NL:Q:60290030;De Hoge Kamp;Leuth;1,4;9,8;0,9;8,6;0,5;5,3
SAN;NL:Q:60290040;Morgenstraat;Leuth;12,1;3,1;10,7;3,3;5,0;1,7
SAN;NL:Q:60290050;Klaproosstraat;Leuth;1,5;7,4;1,8;7,5;1,7;4,3
SAN;NL:Q:60290060;Kerkplein;Leuth;32,3;4,1;14,8;2,6;7,7;1,3
SAN;NL:Q:60290070;Kerkplein;Leuth;5,0;31,9;3,1;13,6;2,1;9,4
SAN;NL:Q:60290080;Klaproosstraat;Leuth;5,7;1,7;5,6;2,6;3,1;1,3
SAN;NL:Q:60290090;Morgenstraat;Leuth;1,8;8,6;2,7;7,0;1,0;4,9
SAN;NL:Q:60290100;De Hoge Kamp;Leuth;8,5;1,0;7,5;1,5;3,9;0,4
SAN;NL:Q:60290110;Industrieterrein;Leuth;0,0;0,0;0,0;0,0;0,0;0,0
SAN;NL:Q:60290120;Duffeltdijk;Leuth;1,1;0,2;1,1;0,3;0,9;0,1
SAN;NL:Q:60290190;Eversberg;Kekerdom;0,0;1,3;0,0;1,0;0,0;0,7
SAN;NL:Q:60290200;Eversberg;Kekerdom;0,2;0,2;0,2;0,2;0,4;0,2
SAN;NL:Q:60290230;Weverstraat;Kekerdom;1,5;11,4;0,6;10,1;0,6;6,1
SAN;NL:Q:60290240;Weverstraat;Kekerdom;12,2;1,9;10,8;1,5;5,6;1,4
SAN;NL:Q:60300030;Rijksweg/Witteweg;Plasmolen;1,7;8,7;1,8;7,7;2,9;8,9
SAN;NL:Q:60300100;Rijksweg/Witteweg;Plasmolen;8,9;2,0;8,7;4,4;10,4;3,1
SAN;NL:Q:60300110;Helweg;Milsbeek;2,0;0,3;2,5;0,7;2,0;0,7
SAN;NL:Q:60300130;Milsbeek Zuid;Milsbeek;1,2;0,3;0,6;0,1;0,5;0,2
SAN;NL:Q:60300140;Oudebaan;Milsbeek;0,1;4,3;0,1;2,0;0,1;2,0
SAN;NL:Q:60300150;Oudebaan;Milsbeek;3,3;0,1;2,3;0,2;0,8;0,1
SAN;NL:Q:60300160;Rijksweg/Kerkstraat;Milsbeek;0,6;10,6;0,8;6,2;0,5;4,6
SAN;NL:Q:60300170;Rijksweg/Kerkstraat;Milsbeek;14,4;0,9;9,2;0,7;6,2;0,6
SAN;NL:Q:60300180;Milsbeek Zuid;Milsbeek;0,1;1,1;0,1;0,8;0,2;0,7
SAN;NL:Q:60300220;Helweg;Milsbeek;0,3;2,5;0,3;2,7;0,5;2,8
SAN;NL:Q:60300260;Plein;Plasmolen;0,5;0,1;0,0;0,0;0,0;0,0
SAN;NL:Q:60300270;Plein;Plasmolen;0,4;1,0;0,0;0,0;0,0;0,0
SAN;NL:Q:60300290;Gemeenschapshuis;Middelaar;1,9;1,8;0,0;0,0;0,0;0,0
SAN;NL:Q:60300295;Kopseweg;Middelaar;0,2;0,1;0,0;0,0;0,0;0,0
SAN;NL:Q:60300300;Elzenstraat;Middelaar;0,3;0,0;0,0;0,0;0,0;0,0
SAN;NL:Q:60300305;Bouwsteeg;Middelaar;0,4;0,2;0,0;0,0;0,0;0,0
SAN;NL:Q:60300310;Elzenstraat;Middelaar;0,5;0,8;0,0;0,0;0,0;0,0
SAN;NL:Q:60350010;Busstation;Grave;199,1;113,5;85,8;38,4;56,3;39,9
SAN;NL:Q:60350020;Binckhof;Velp;7,2;0,2;4,6;0,3;3,0;0,1
SAN;NL:Q:60350030;Stoofweg;Grave;1,7;26,6;1,8;15,1;0,6;11,2
SAN;NL:Q:60350040;Generaal de Bonsweg;Grave;25,8;1,0;19,7;1,0;14,7;0,9
SAN;NL:Q:60350050;Busstation;Grave;17,7;71,9;7,0;45,4;5,2;24,2
SAN;NL:Q:60350055;Stoofweg;Grave;0,3;2,0;0,0;0,0;0,0;0,0
SAN;NL:Q:60350060;Stoofweg;Grave;29,7;1,6;13,1;1,2;8,4;0,5
SAN;NL:Q:60350070;Generaal de Bonsweg;Grave;1,1;17,6;1,2;14,0;1,1;14,1
SAN;NL:Q:60350090;Binckhof;Velp;0,4;11,1;0,3;6,2;0,2;4,4
SAN;NL:Q:60350120;Burg. de Bourbonplein;Escharen;0,3;0,1;0,0;0,0;0,0;0,0
SAN;NL:Q:60350140;Estersveld;Grave;4,4;0,0;0,0;0,0;0,0;0,0
SAN;NL:Q:60350210;Tijmlaan;Grave;0,0;1,3;0,0;0,0;0,0;0,0
SAN;NL:Q:60350230;Estersveld;Grave;0,3;3,0;0,0;0,0;0,0;0,0
SAN;NL:Q:60350250;Burg. de Bourbonplein;Escharen;0,8;0,8;0,0;0,0;0,0;0,0
SAN;NL:Q:60350320;Tijmlaan;Grave;1,0;0,0;0,0;0,0;0,0;0,0
SAN;NL:Q:60350580;Prins Willem Alexanderplantsoen;Grave;1,0;0,0;0,0;0,0;0,0;0,0
SAN;NL:Q:60355580;Prins Willem Alexanderplantsoen;Grave;0,1;1,1;0,0;0,0;0,0;0,0
SAN;NL:Q:60390040;Rembrandtstraat;Millingen aan de Rijn;44,0;0,2;18,1;0,1;10,6;0,0
SAN;NL:Q:60390060;Sportpark;Millingen aan de Rijn;21,0;0,1;19,0;0,0;11,0;0,1
SAN;NL:Q:60390080;Gemeentehuis;Millingen aan de Rijn;104,1;0,7;69,7;0,5;43,9;0,3
SAN;NL:Q:60390090;Molenveld;Millingen aan de Rijn;0,5;12,4;0,3;10,7;0,2;5,4
SAN;NL:Q:60390110;Gezondheidscentrum;Millingen aan de Rijn;0,4;39,0;0,3;23,0;0,3;15,1
SAN;NL:Q:60390120;Gezondheidscentrum;Millingen aan de Rijn;41,0;0,6;24,8;0,3;13,0;0,1
SAN;NL:Q:60390140;Molenveld;Millingen aan de Rijn;10,4;0,5;7,7;0,4;4,7;0,2
SAN;NL:Q:60390150;Gemeentehuis;Millingen aan de Rijn;0,7;106,1;0,7;68,2;0,2;41,2
SAN;NL:Q:60390170;Sportpark;Millingen aan de Rijn;0,1;21,9;0,1;17,4;0,1;10,7
SAN;NL:Q:60390190;Rembrandtstraat;Millingen aan de Rijn;0,2;38,8;0,1;16,0;0,0;11,9
SAN;NL:Q:60390210;Grenskantoor;Millingen aan de Rijn;23,1;17,3;11,9;11,1;6,7;6,0
SAN;NL:Q:60399020;Steenstraat;Millingen aan de Rijn;1,1;0,0;0,5;0,0;0,0;0,0
SAN;NL:Q:60399030;Steenstraat;Millingen aan de Rijn;0,0;1,0;0,0;1,2;0,0;0,0
SAN;NL:Q:60399090;Tijdelijke Halte;Millingen aan de Rijn;0,0;0,6;0,0;0,4;0,0;0,0
SAN;NL:Q:60399140;Tijdelijke Halte;Millingen aan de Rijn;0,1;0,0;0,1;0,0;0,0;0,0
SAN;NL:Q:60400100;Drie Kronen;Ottersum;0,2;2,2;0,1;1,1;0,1;1,5
SAN;NL:Q:60400110;Drie Kronen;Ottersum;2,0;0,1;0,9;0,1;0,4;0,1
SAN;NL:Q:60450315;Mgr. Borretstraat;Reek;0,6;8,3;0,6;3,9;0,6;3,1
SAN;NL:Q:60450325;Mgr. Borretstraat;Reek;7,4;0,7;5,8;0,7;2,8;0,7
SAN;NL:Q:60500010;Busstation;Gennep;58,7;9,1;26,2;3,4;19,7;10,1
SAN;NL:Q:60500020;Busstation;Gennep;3,9;41,6;3,6;15,6;5,6;16,0
SAN;NL:Q:60500210;Heijenseweg;Gennep;0,1;0,3;0,0;0,3;0,1;0,2
SAN;NL:Q:60500220;Heijenseweg;Gennep;0,4;1,0;0,3;0,3;0,1;0,2
SAN;NL:Q:60500250;Niersbrug;Gennep;0,8;9,4;0,2;7,3;0,3;5,8
SAN;NL:Q:60500260;Niersbrug;Gennep;11,3;0,8;9,3;0,7;8,1;0,4
SAN;NL:Q:60500270;Stiemensweg;Gennep;1,5;0,6;0,3;0,6;0,2;0,5
SAN;NL:Q:60500280;Stiemensweg;Gennep;1,6;0,6;0,5;0,1;0,7;0,1
SAN;NL:Q:60500290;Wilhelminaplein;Gennep;2,3;19,1;5,8;11,2;2,5;11,8
SAN;NL:Q:60500300;Wilhelminaplein;Gennep;16,2;2,8;11,9;4,4;8,0;2,2
SAN;NL:Q:60500330;De Groote Heeze;Heijen;0,1;0,9;0,1;0,2;0,0;0,1
SAN;NL:Q:60500340;De Groote Heeze;Heijen;0,9;0,4;0,3;0,1;0,1;0,0
SAN;NL:Q:60500350;Heesweg;Heijen;0,2;1,7;0,4;1,3;0,0;0,8
SAN;NL:Q:60500360;Heesweg;Heijen;1,0;0,2;1,8;0,1;1,1;0,1
SAN;NL:Q:60500370;Heijen Zuid;Heijen;0,3;2,4;0,8;3,0;0,3;2,2
SAN;NL:Q:60500380;Heijen Zuid;Heijen;2,9;0,3;3,6;0,5;3,0;0,3
SAN;NL:Q:60500390;Nieuwwijkstraat;Heijen;0,3;2,7;0,4;4,0;0,5;2,2
SAN;NL:Q:60500400;Nieuwwijkstraat;Heijen;3,4;0,3;5,7;0,7;3,1;0,4
SAN;NL:Q:60500430;Ottersumseweg;Ottersum;0,5;21,4;0,8;8,4;0,1;10,7
SAN;NL:Q:60500440;Ottersumseweg;Ottersum;27,1;0,3;14,2;0,3;9,9;0,2
SAN;NL:Q:60550170;Voederheil;Zeeland;0,4;3,5;0,4;1,8;0,4;2,1
SAN;NL:Q:60550180;Voederheil;Zeeland;3,2;0,4;2,2;0,4;2,1;0,4
SAN;NL:Q:60550190;Tweehekkenweg;Zeeland;3,2;17,9;3,9;5,1;2,8;4,5
SAN;NL:Q:60550200;Tweehekkenweg;Zeeland;15,0;2,9;8,4;4,2;4,8;1,8
SAN;NL:Q:60600100;Gening;Afferden;0,5;1,8;0,8;1,3;0,5;0,9
SAN;NL:Q:60600110;Gening;Afferden;1,7;0,5;1,1;1,3;1,4;0,3
SAN;NL:Q:60600120;Hengeland;Afferden;0,1;0,5;0,2;0,2;0,1;0,3
SAN;NL:Q:60600130;Hengeland;Afferden;0,2;0,2;0,2;0,2;0,1;0,2
SAN;NL:Q:60600140;Heukelom;Afferden;0,0;0,2;0,1;0,1;0,1;0,4
SAN;NL:Q:60600150;Heukelom;Afferden;0,1;0,1;0,3;0,2;0,2;0,2
SAN;NL:Q:60600160;Veer naar Sambeek;Afferden;0,7;1,6;0,7;1,7;0,5;1,0
SAN;NL:Q:60600170;Veer naar Sambeek;Afferden;1,9;0,6;2,3;1,1;1,9;0,8
SAN;NL:Q:60600200;Heijense Molen;Heijen;0,3;0,6;1,1;0,9;0,3;0,7
SAN;NL:Q:60600210;Heijense Molen;Heijen;0,9;0,3;1,8;0,8;0,9;0,4
SAN;NL:Q:60600220;Heiland;Heijen;0,4;5,6;0,3;2,9;0,1;2,2
SAN;NL:Q:60600230;Heiland;Heijen;6,5;0,3;3,4;0,3;2,4;0,2
SAN;NL:Q:60650250;Wijsthoek;Uden;0,6;16,0;0,6;5,9;0,3;3,3
SAN;NL:Q:60650460;Busstation;Uden;62,2;81,2;45,9;46,7;30,5;26,9
SAN;NL:Q:60651160;Hoevenseweg;Uden;0,6;4,9;0,4;1,6;0,3;1,9
SAN;NL:Q:60651180;Hoevenseweg;Uden;3,8;0,9;2,5;1,3;1,3;0,6
SAN;NL:Q:60651380;Wijsthoek;Uden;12,1;0,6;5,3;0,6;4,0;0,2
SAN;NL:Q:60700100;Aijerdijk;Aijen;0,1;0,7;0,2;0,3;0,2;0,2
SAN;NL:Q:60700110;Aijerdijk;Aijen;0,6;0,1;0,3;0,1;0,4;0,1
SAN;NL:Q:60700160;Bergse Heide;Nieuw-Bergen;0,3;0,8;0,2;0,5;0,1;0,5
SAN;NL:Q:60700170;Bergse Heide;Nieuw-Bergen;0,8;0,3;0,5;0,2;0,5;0,3
SAN;NL:Q:60700180;De Flammert;Nieuw-Bergen;0,4;0,8;0,1;0,9;0,1;0,5
SAN;NL:Q:60700190;De Flammert;Nieuw-Bergen;0,2;0,2;0,4;0,3;0,1;0,1
SAN;NL:Q:60700200;Gemeentehuis;Nieuw-Bergen;2,3;8,6;2,8;5,3;2,5;4,7
SAN;NL:Q:60700210;Gemeentehuis;Nieuw-Bergen;10,4;2,1;7,9;2,3;6,6;2,2
SAN;NL:Q:61120010;Kerkstraat;Weurt;15,7;96,5;11,2;70,5;7,1;44,7
SAN;NL:Q:61120020;Hommelstraat;Beuningen;9,2;3,9;8,4;2,3;3,1;1,1
SAN;NL:Q:61120040;Kerk;Beuningen;47,3;21,5;45,0;18,1;20,2;5,4
SAN;NL:Q:61120050;Distelakkerstraat;Beuningen;1,0;12,5;0,8;12,5;0,6;9,5
SAN;NL:Q:61120060;Distelakkerstraat;Beuningen;11,3;1,5;11,8;1,2;5,8;0,8
SAN;NL:Q:61120070;Kerk;Beuningen;22,6;48,1;17,8;37,8;6,6;22,9
SAN;NL:Q:61120080;Kerk;Beuningen;11,9;10,6;0,0;0,0;0,0;0,0
SAN;NL:Q:61120090;Hommelstraat;Beuningen;4,5;11,7;1,6;9,2;0,8;5,5
SAN;NL:Q:61120100;Kerkstraat;Weurt;94,5;15,1;77,1;11,2;35,3;6,0
SAN;NL:Q:61120110;Pottenbakker;Beuningen;34,5;2,0;24,0;0,3;14,7;0,1
SAN;NL:Q:61120120;Haagstraat;Beuningen;0,6;18,0;0,7;17,1;0,4;11,6
SAN;NL:Q:61120130;Sporthal de Tinnegieter;Beuningen;77,3;4,4;60,3;1,1;37,4;1,0
SAN;NL:Q:61120150;Centrum;Beuningen;132,0;18,7;113,0;8,5;59,3;3,9
SAN;NL:Q:61120180;Centrum;Beuningen;19,9;142,8;10,4;110,3;5,4;71,1
SAN;NL:Q:61120200;Sporthal de Tinnegieter;Beuningen;4,3;66,7;1,0;50,8;0,8;32,8
SAN;NL:Q:61120210;Haagstraat;Beuningen;14,9;0,5;13,3;0,3;7,2;0,4
SAN;NL:Q:61120220;Pottenbakker;Beuningen;2,9;38,7;0,2;25,9;0,3;18,2
SAN;NL:Q:61120230;Schacht;Beuningen;76,9;4,1;61,4;0,4;39,6;0,3
SAN;NL:Q:61120240;Schacht;Beuningen;5,6;66,2;0,6;52,7;0,3;37,9
SAN;NL:Q:61120250;Aalsterveld;Beuningen;81,0;14,3;63,9;0,7;36,3;0,4
SAN;NL:Q:61120260;Aalsterveld;Beuningen;14,7;71,9;0,8;55,1;0,7;36,7
SAN;NL:Q:61120270;Wilgenoord;Beuningen;6,0;28,0;0,3;22,3;0,1;12,1
SAN;NL:Q:61120280;Wilgenoord;Beuningen;22,3;8,0;20,1;0,1;11,4;0,1
SAN;NL:Q:61120290;Hadrianussingel;Beuningen;2,0;8,8;0,1;11,4;0,1;6,6
SAN;NL:Q:61120300;Hadrianussingel;Beuningen;6,2;2,4;10,5;0,1;4,5;0,0
SAN;NL:Q:61120310;Tiberiuslaan;Beuningen;11,8;15,9;3,0;17,3;0,4;10,4
SAN;NL:Q:61120320;Tiberiuslaan;Beuningen;9,3;7,9;17,6;2,6;10,6;1,5
SAN;NL:Q:61120370;Lavendelstraat;Beuningen;51,2;1,1;44,3;0,5;26,7;0,6
SAN;NL:Q:61120380;Lavendelstraat;Beuningen;1,0;52,2;1,1;45,6;0,9;30,1
SAN;NL:Q:61120470;Gemeentehuis;Beuningen;3,9;38,6;2,9;33,6;0,8;24,6
SAN;NL:Q:61120480;Gemeentehuis;Beuningen;37,5;4,5;32,9;2,6;22,1;0,8
SAN;NL:Q:61120490;Beatrixplein;Beuningen;0,1;3,2;0,0;0,0;0,0;0,0
SAN;NL:Q:61120500;Beatrixplein;Beuningen;3,5;0,0;0,0;0,0;0,0;0,0
SAN;NL:Q:61121300;Forelgracht;Beuningen;1,8;0,2;0,0;0,0;0,0;0,0
SAN;NL:Q:61121310;Forelgracht;Beuningen;0,6;2,6;0,0;0,0;0,0;0,0
SAN;NL:Q:61121320;Snoekgracht;Beuningen;3,4;2,0;0,0;0,0;0,0;0,0
SAN;NL:Q:61121330;Snoekgracht;Beuningen;2,5;2,8;0,0;0,0;0,0;0,0
SAN;NL:Q:61121340;Ganzeneiland;Beuningen;1,7;0,8;0,0;0,0;0,0;0,0
SAN;NL:Q:61121350;Ganzeneiland;Beuningen;0,9;1,3;0,0;0,0;0,0;0,0
SAN;NL:Q:61121360;Wolfsbossingel;Beuningen;3,6;0,4;0,0;0,0;0,0;0,0
SAN;NL:Q:61121370;Wolfsbossingel;Beuningen;0,1;3,5;0,0;0,0;0,0;0,0
SAN;NL:Q:61129270;Wilgenoord;Beuningen Gld;0,1;0,1;0,0;0,0;0,0;0,0
SAN;NL:Q:61190010;de Pas;Bemmel;0,4;0,2;0,3;0,2;0,2;0,1
SAN;NL:Q:61190030;Het Nevelveld;Doornik;1,0;0,1;0,5;0,2;0,2;0,0
SAN;NL:Q:61190040;Het Nevelveld;Doornik;0,1;2,7;0,1;2,2;0,1;1,1
SAN;NL:Q:61190051;Zandsepad;Doornik;3,6;0,9;2,6;0,6;1,6;0,5
SAN;NL:Q:61190061;Zandsepad;Doornik;1,3;1,2;0,8;1,2;0,7;0,6
SAN;NL:Q:61190070;Doornik;Doornik;1,8;0,3;1,4;0,3;1,1;0,2
SAN;NL:Q:61190080;Doornik;Doornik;0,3;2,1;0,1;1,8;0,2;1,4
SAN;NL:Q:61190090;Bekkersland;Doornik;1,5;0,9;2,7;0,4;0,6;0,5
SAN;NL:Q:61190100;Bekkersland;Doornik;0,6;1,4;0,7;2,1;0,3;0,7
SAN;NL:Q:61190120;Eikenlaan;Lent;0,3;9,4;0,2;8,6;0,1;7,2
SAN;NL:Q:61190122;Laauwikstraat;Lent;1,6;8,5;0,9;7,5;0,5;4,1
SAN;NL:Q:61190130;Petuniastraat;Lent;22,5;1,1;19,1;0,8;14,2;0,7
SAN;NL:Q:61190140;Petuniastraat;Lent;0,9;19,7;0,9;16,1;0,6;11,3
SAN;NL:Q:61190150;Lentseveld;Lent;32,0;4,1;24,6;1,7;14,3;1,1
SAN;NL:Q:61190160;Lentseveld;Lent;3,0;22,3;1,9;16,4;1,2;9,5
SAN;NL:Q:61190230;Station Lent Laauwikstraat;Lent;76,7;39,9;79,1;30,9;60,3;21,4
SAN;NL:Q:61190240;Station Lent Laauwikstraat;Lent;40,6;101,3;32,3;110,2;20,4;89,7
SAN;NL:Q:61190250;Eikenlaan;Lent;15,2;0,9;14,0;0,6;10,1;0,4
SAN;NL:Q:61190270;Station Lent;Lent;17,6;16,4;16,0;11,3;12,9;9,3
SAN;NL:Q:61190280;Station Lent;Lent;14,3;11,2;7,9;9,4;7,6;12,0
SAN;NL:Q:61190300;Stationsstraat;Lent;31,2;37,2;12,6;20,6;6,6;17,4
SAN;NL:Q:61190310;Stationsstraat;Oosterhout;38,5;37,3;20,5;15,0;16,3;8,6
SAN;NL:Q:61190330;Kerkenhofstraat;Ressen;5,5;2,9;6,8;2,0;7,3;1,4
SAN;NL:Q:61190350;Oude Groenestraat;Oosterhout;74,7;27,2;48,5;16,3;32,3;11,8
SAN;NL:Q:61190360;Oude Groenestraat;Oosterhout;31,9;65,0;17,7;44,6;13,1;35,0
SAN;NL:Q:61190370;Turennesingel;Lent;6,4;2,1;6,2;1,1;2,5;0,8
SAN;NL:Q:61190380;Turennesingel;Lent;1,5;6,7;0,7;7,4;0,3;3,3
SAN;NL:Q:61190390;Dijkstraat;Lent;36,8;8,2;29,2;4,2;13,8;2,5
SAN;NL:Q:61190400;Dijkstraat;Lent;6,0;32,2;2,5;20,8;1,5;12,8
SAN;NL:Q:61190410;Kruidenstraat;Oosterhout;18,9;2,3;15,1;1,7;7,8;1,1
SAN;NL:Q:61190420;Kruidenstraat;Oosterhout;2,0;18,6;1,8;12,2;0,7;6,1
SAN;NL:Q:61190450;Italiëstraat;Lent;15,0;4,2;14,7;2,3;10,1;2,8
SAN;NL:Q:61190460;Italiëstraat;Lent;4,2;13,5;2,1;14,6;2,0;12,3
SAN;NL:Q:61190470;Terracottastraat;Oosterhout;87,4;30,8;58,2;14,9;48,5;12,6
SAN;NL:Q:61190480;Terracottastraat;Oosterhout;27,3;75,4;15,1;60,5;11,1;51,2
SAN;NL:Q:61190530;Hof van Holland;Lent;61,0;51,2;55,4;43,9;27,2;34,6
SAN;NL:Q:61190540;Hof van Holland;Lent;56,9;72,0;44,2;56,8;33,4;33,4
SAN;NL:Q:61190710;Jonagoldstraat;Oosterhout;80,1;8,3;63,8;7,1;37,3;3,8
SAN;NL:Q:61190720;Jonagoldstraat;Oosterhout;10,2;80,3;7,6;57,1;4,2;32,4
SAN;NL:Q:61190750;De Klif;Oosterhout;65,0;4,8;46,7;3,3;27,7;1,8
SAN;NL:Q:61190760;De Klif;Oosterhout;4,6;66,6;3,6;43,4;1,9;27,4
SAN;NL:Q:61190790;Aquilastraat;Oosterhout;38,2;2,9;33,6;2,4;16,0;1,4
SAN;NL:Q:61190800;Aquilastraat;Oosterhout;3,1;45,4;2,4;32,5;0,9;19,6
SAN;NL:Q:61191390;Frankrijkstraat;Lent;0,5;67,9;0,4;55,2;0,6;39,1
SAN;NL:Q:61191400;Frankrijkstraat;Lent;68,0;0,4;59,5;0,2;38,9;0,2
SAN;NL:Q:61191410;De Ster;Lent;0,4;63,9;0,3;48,9;0,2;33,4
SAN;NL:Q:61191460;De Ster;Lent;60,7;0,4;47,6;0,3;31,3;0,1
SAN;NL:Q:61191490;Dalidastraat;Lent;0,4;19,8;0,7;15,8;0,4;12,4
SAN;NL:Q:61191510;Thermion (West);Lent;0,1;14,0;0,1;9,1;0,1;6,2
SAN;NL:Q:61191520;Thermion (Oost);Lent;45,9;7,3;35,4;5,1;21,7;3,2
SAN;NL:Q:61191550;Fluitenkruid;Lent;29,5;0,2;25,1;0,1;15,6;0,1
SAN;NL:Q:61191560;Fluitenkruid;Lent;0,5;26,3;0,2;22,9;0,3;15,9
SAN;NL:Q:61191580;Veur Lent;Lent;2,2;15,1;1,6;13,6;1,1;10,3
SAN;NL:Q:61191590;Veur Lent;Lent;7,5;2,9;8,3;3,2;5,7;1,7
SAN;NL:Q:61191600;Duitslandstraat;Lent;2,2;8,2;1,7;9,2;1,5;4,1
SAN;NL:Q:61191610;Duitslandstraat;Lent;10,9;2,6;11,9;2,1;5,9;1,3
SAN;NL:Q:61192000;P+R Nijmegen Noord;Ressen;50,7;55,4;62,6;69,8;46,8;51,9
SAN;NL:Q:61200080;Gansstraat;Oosterhout;10,3;5,6;7,3;2,3;4,6;2,3
SAN;NL:Q:61200230;Zandstraat;Oosterhout;3,3;0,9;1,5;0,4;1,4;0,3
SAN;NL:Q:61200250;Vredesplein;Oosterhout;3,7;0,2;1,7;0,0;1,4;0,1
SAN;NL:Q:61200290;Peperstraat;Oosterhout;4,8;12,9;1,4;6,4;1,1;6,1
SAN;NL:Q:61220010;Julianastraat;Ewijk;10,0;38,8;4,5;30,6;1,6;12,7
SAN;NL:Q:61220020;Deijnschestraat;Winssen;2,4;0,8;2,2;0,7;1,1;0,2
SAN;NL:Q:61220030;Molenweg;Ewijk;0,4;3,6;0,2;3,5;0,1;1,9
SAN;NL:Q:61220040;Geerstraat;Winssen;4,7;0,5;2,9;0,5;2,4;0,3
SAN;NL:Q:61220060;Leegstraat;Winssen;21,6;4,4;18,0;2,3;8,6;1,0
SAN;NL:Q:61220070;Leegstraat;Winssen;4,8;18,9;2,3;13,9;1,0;8,1
SAN;NL:Q:61220090;Geerstraat;Winssen;0,2;4,7;0,3;3,2;0,4;1,6
SAN;NL:Q:61220100;Molenweg;Ewijk;3,2;0,6;3,6;0,6;1,5;0,1
SAN;NL:Q:61220110;Deijnschestraat;Winssen;0,3;2,2;0,2;1,8;0,1;1,0
SAN;NL:Q:61220120;Julianastraat;Ewijk;42,5;8,2;41,1;4,7;14,1;1,6
SAN;NL:Q:61220170;Keizershoeve;Ewijk;1,7;15,7;2,2;16,4;0,5;8,5
SAN;NL:Q:61220180;Keizershoeve;Ewijk;15,0;1,6;18,1;2,0;6,0;0,5
SAN;NL:Q:61220190;Plakstraat;Winssen;1,1;14,4;1,2;10,7;0,8;5,1
SAN;NL:Q:61220200;Plakstraat;Winssen;14,8;1,2;13,6;1,1;5,5;0,9
SAN;NL:Q:61229170;Rotonde Schoenaker;Ewijk;0,0;0,1;0,0;0,0;0,0;0,0
SAN;NL:Q:61229180;Rotonde Schoenaker;Ewijk;0,0;0,0;0,0;0,0;0,0;0,0
SAN;NL:Q:61229280;Wilgenoord;Beuningen Gld;0,0;0,1;0,0;0,0;0,0;0,0
SAN;NL:Q:61240010;Nieuweweg;Wijchen;3,9;10,5;1,5;3,9;1,3;2,6
SAN;NL:Q:61240020;Kraaijenberg 79e straat;Wijchen;2,7;0,0;1,1;0,0;0,5;0,0
SAN;NL:Q:61240040;Kraaijenberg 86e straat;Wijchen;8,1;0,0;3,2;0,0;1,5;0,0
SAN;NL:Q:61240050;Aalsburg;Wijchen;0,4;0,1;0,0;0,0;0,0;0,0
SAN;NL:Q:61240060;Homberg;Wijchen;17,3;0,1;12,3;0,1;8,5;0,1
SAN;NL:Q:61240080;Heilige Stoel 38/46;Wijchen;9,0;0,0;4,7;0,0;4,1;0,0
SAN;NL:Q:61240100;Heilige Stoel 38/48;Wijchen;11,0;0,4;5,4;0,2;3,8;0,1
SAN;NL:Q:61240130;Holenbergseweg;Wijchen;0,4;1,3;0,0;0,0;0,0;0,0
SAN;NL:Q:61240150;Schoenaker;Wijchen;4,6;2,1;0,0;0,0;0,0;0,0
SAN;NL:Q:61240160;Schoenaker;Wijchen;1,4;5,3;0,0;0,0;0,0;0,0
SAN;NL:Q:61240170;Heilige Stoel 38/48;Wijchen;0,3;10,7;0,1;4,8;0,2;4,2
SAN;NL:Q:61240190;Heilige Stoel 38/46;Wijchen;0,1;9,1;0,0;6,0;0,0;5,4
SAN;NL:Q:61240210;Homberg;Wijchen;0,2;16,4;0,1;10,6;0,1;7,4
SAN;NL:Q:61240230;Kraaijenberg 86e straat;Wijchen;0,0;4,4;0,0;1,5;0,0;1,6
SAN;NL:Q:61240250;Kraaijenberg 79e straat;Wijchen;0,0;3,3;0,0;1,5;0,0;0,9
SAN;NL:Q:61240260;Nieuweweg;Wijchen;8,4;3,9;2,4;1,3;1,8;1,4
SAN;NL:Q:61240280;Station Wijchen;Wijchen;64,7;10,1;0,0;0,0;0,0;0,0
SAN;NL:Q:61240290;Herenstraat;Wijchen;1,7;0,1;0,0;0,0;0,0;0,0
SAN;NL:Q:61240300;Herenstraat;Wijchen;0,2;2,4;0,0;0,0;0,0;0,0
SAN;NL:Q:61240350;Blauwe Hof 40e straat;Wijchen;0,2;0,4;0,0;0,0;0,0;0,0
SAN;NL:Q:61240360;Blauwe Hof 40e straat;Wijchen;0,7;0,3;0,0;0,0;0,0;0,0
SAN;NL:Q:61240370;Diepvoorde;Wijchen;1,2;10,4;0,4;5,7;0,1;5,0
SAN;NL:Q:61240380;Diepvoorde;Wijchen;14,2;1,0;7,0;0,2;5,0;0,1
SAN;NL:Q:61240390;Huissteden;Wijchen;1,1;15,3;0,3;7,5;0,4;6,2
SAN;NL:Q:61240400;Huissteden;Wijchen;22,0;1,4;11,1;0,6;7,9;0,1
SAN;NL:Q:61240610;Zuiderpoort;Wijchen;3,5;39,8;1,2;22,3;1,0;18,0
SAN;NL:Q:61240620;Zuiderpoort;Wijchen;38,8;1,9;24,6;1,0;16,2;0,7
SAN;NL:Q:61240625;Zuiderpoort;Wijchen;0,6;1,2;0,0;0,0;0,0;0,0
SAN;NL:Q:61240630;Kraaijenberg 83e straat;Wijchen;5,3;4,3;3,4;3,2;1,9;1,8
SAN;NL:Q:61240640;De Ververt;Wijchen;15,3;0,6;9,1;0,3;6,1;0,2
SAN;NL:Q:61240650;De Ververt;Wijchen;0,4;13,0;0,3;8,5;0,2;6,5
SAN;NL:Q:61240680;Oud-Ravensteinseweg;Wijchen;7,5;1,8;3,4;1,6;2,5;0,8
SAN;NL:Q:61240690;Oud-Ravensteinseweg;Wijchen;1,8;6,0;1,2;3,6;0,5;2,8
SAN;NL:Q:61240720;Kerkeveld;Wijchen;28,8;0,8;9,9;0,4;7,2;0,5
SAN;NL:Q:61240730;Kerkeveld;Wijchen;0,5;29,5;0,3;10,4;0,4;7,9
SAN;NL:Q:61240760;Passedwarsstraat;Wijchen;9,2;2,8;5,0;0,2;3,7;0,1
SAN;NL:Q:61240770;Passedwarsstraat;Wijchen;0,5;7,2;0,0;3,9;0,0;3,4
SAN;NL:Q:61240880;Bijsterh.22/Wilhelminal.;Wijchen;2,0;4,2;0,0;0,0;0,0;0,0
SAN;NL:Q:61240890;Bijsterh.22/Wilhelminal.;Wijchen;3,7;1,4;0,0;0,0;0,0;0,0
SAN;NL:Q:61240910;Palkerplein;Wijchen;0,4;25,1;0,0;0,0;0,0;0,0
SAN;NL:Q:61240920;Palkerplein;Wijchen;21,3;0,1;0,0;0,0;0,0;0,0
SAN;NL:Q:61240950;Bijsterhuizen 21;Wijchen;0,2;11,0;0,0;0,0;0,0;0,0
SAN;NL:Q:61240960;Bijsterhuizen 21;Wijchen;10,8;0,5;0,0;0,0;0,0;0,0
SAN;NL:Q:61240970;Bijsterhuizen 25;Wijchen;0,9;29,2;0,0;0,0;0,0;0,0
SAN;NL:Q:61240980;Bijsterhuizen 25;Wijchen;23,1;3,9;0,0;0,0;0,0;0,0
SAN;NL:Q:61240990;Bijsterhuizen 10;Wijchen;0,0;5,7;0,0;0,0;0,0;0,0
SAN;NL:Q:61241000;Bijsterhuizen 10;Wijchen;4,2;0,1;0,0;0,0;0,0;0,0
SAN;NL:Q:61241030;De Meerval;Wijchen;7,7;1,7;3,5;0,3;2,6;0,3
SAN;NL:Q:61241040;De Meerval;Wijchen;1,9;10,1;0,1;5,1;0,2;4,4
SAN;NL:Q:61241050;Europaplein;Wijchen;29,8;7,6;19,4;3,8;12,4;1,8
SAN;NL:Q:61241060;Europaplein;Wijchen;6,8;42,3;3,2;25,2;1,7;15,5
SAN;NL:Q:61241070;Meerdreef/Oosterweg;Wijchen;16,5;2,6;5,7;0,4;4,0;0,2
SAN;NL:Q:61241080;Meerdreef/Oosterweg;Wijchen;1,6;16,5;0,3;6,3;0,3;4,7
SAN;NL:Q:61241110;Mozaiek;Wijchen;6,5;6,6;0,0;0,0;0,0;0,0
SAN;NL:Q:61241270;Vijverlaan;Wijchen;1,1;10,0;0,9;5,8;0,5;6,1
SAN;NL:Q:61241280;Vijverlaan;Wijchen;9,2;1,6;4,0;1,3;4,5;0,9
SAN;NL:Q:61241310;Station Wijchen;Wijchen;23,2;83,9;12,0;53,6;5,3;44,3
SAN;NL:Q:61241320;Station Wijchen;Wijchen;68,1;35,0;42,8;19,9;34,3;8,9
SAN;NL:Q:61241400;Aalsburg;Wijchen;0,1;0,2;0,0;0,0;0,0;0,0
SAN;NL:Q:61242010;Veenhof;Wijchen;0,7;1,3;0,0;0,0;0,0;0,0
SAN;NL:Q:61242020;Veenhof;Wijchen;0,9;0,8;0,0;0,0;0,0;0,0
SAN;NL:Q:61242040;Weegbree;Wijchen;1,1;0,2;0,0;0,0;0,0;0,0
SAN;NL:Q:61249000;Station Wijchen;Wijchen;3,8;55,4;0,0;0,0;0,0;0,0
SAN;NL:Q:61301230;Kerkplein;Valburg;3,1;17,7;0,0;0,0;0,0;0,0
SAN;NL:Q:61301240;Kerkplein;Valburg;16,9;2,8;0,0;0,0;0,0;0,0
SAN;NL:Q:61301310;Strandpark Noord;Valburg;0,2;1,5;0,0;0,0;0,0;0,0
SAN;NL:Q:61301320;Strandpark Noord;Valburg;0,7;0,1;0,0;0,0;0,0;0,0
SAN;NL:Q:61320020;Klapstraat;Afferden;13,0;1,5;12,1;0,8;3,9;0,4
SAN;NL:Q:61320031;Koningstraat;Afferden;0,2;2,2;0,3;2,5;0,1;1,4
SAN;NL:Q:61320041;Pas;Afferden;14,3;2,1;11,9;1,0;5,5;0,6
SAN;NL:Q:61320051;Pas;Afferden;2,5;14,5;0,7;10,1;0,5;4,9
SAN;NL:Q:61320061;Koningstraat;Afferden;2,8;0,5;2,1;0,4;1,2;0,1
SAN;NL:Q:61320070;Klapstraat;Afferden;1,6;12,8;0,7;9,8;0,4;5,3
SAN;NL:Q:61320080;Grotestraat;Deest;20,9;5,0;14,6;3,8;5,6;1,5
SAN;NL:Q:61320110;Grotestraat;Deest;6,7;21,2;3,5;11,2;1,5;6,8
SAN;NL:Q:61330030;Willibrordusstraat;Batenburg;0,4;0,0;0,0;0,0;0,0;0,0
SAN;NL:Q:61330040;Willibrordusstraat;Batenburg;0,4;1,8;0,0;0,0;0,0;0,0
SAN;NL:Q:61330070;RK Kerk;Batenburg;2,5;2,0;0,0;0,0;0,0;0,0
SAN;NL:Q:61340030;Leurseweg;Leur;0,0;0,3;0,0;0,0;0,0;0,0
SAN;NL:Q:61340040;Leurseweg;Leur;0,2;0,1;0,0;0,0;0,0;0,0
SAN;NL:Q:61340070;Broekstraat;Hernen;0,0;0,3;0,0;0,0;0,0;0,0
SAN;NL:Q:61340080;Broekstraat;Hernen;0,2;0,0;0,0;0,0;0,0;0,0
SAN;NL:Q:61340090;Smitskampje;Hernen;0,0;1,4;0,0;0,0;0,0;0,0
SAN;NL:Q:61340100;Smitskampje;Hernen;2,2;0,0;0,0;0,0;0,0;0,0
SAN;NL:Q:61400010;Lingebrug;Zetten;1,0;3,0;0,0;0,0;0,0;0,0
SAN;NL:Q:61400030;Molenstraat;Zetten;0,4;1,3;0,0;0,0;0,0;0,0
SAN;NL:Q:61401001;Station Zetten-Andelst;Zetten;0,6;20,8;0,0;0,0;0,0;0,0
SAN;NL:Q:61401002;Station Zetten-Andelst;Zetten;16,1;6,4;0,0;0,0;0,0;0,0
SAN;NL:Q:61401210;Brittanjesingel;Zetten;0,6;11,4;0,0;0,0;0,0;0,0
SAN;NL:Q:61401240;Brittanjesingel;Zetten;13,0;0,3;0,0;0,0;0,0;0,0
SAN;NL:Q:61401280;Stationsstraat;Zetten;8,6;5,1;0,0;0,0;0,0;0,0
SAN;NL:Q:61401320;Hoofdstraat;Zetten;12,8;11,3;0,0;0,0;0,0;0,0
SAN;NL:Q:61402230;Wilhelminastraat;Andelst;3,5;6,4;0,0;0,0;0,0;0,0
SAN;NL:Q:61402240;Wilhelminastraat;Andelst;8,9;4,1;0,0;0,0;0,0;0,0
SAN;NL:Q:61402270;Monument;Andelst;1,0;2,7;0,0;0,0;0,0;0,0
SAN;NL:Q:61402280;Monument;Andelst;2,3;1,2;0,0;0,0;0,0;0,0
SAN;NL:Q:61403230;Planetenlaan;Herveld;1,8;5,2;0,0;0,0;0,0;0,0
SAN;NL:Q:61403240;Planetenlaan;Herveld;6,0;2,0;0,0;0,0;0,0;0,0
SAN;NL:Q:61403270;Stenenkamerstraat;Herveld;2,5;7,4;0,0;0,0;0,0;0,0
SAN;NL:Q:61403280;Stenenkamerstraat;Herveld;9,5;3,6;0,0;0,0;0,0;0,0
SAN;NL:Q:61403310;De Hoge Hof;Herveld;3,2;12,1;0,0;0,0;0,0;0,0
SAN;NL:Q:61403320;De Hoge Hof;Herveld;13,9;5,4;0,0;0,0;0,0;0,0
SAN;NL:Q:61404230;'t Hoeveslag;Herveld;0,2;0,8;0,0;0,0;0,0;0,0
SAN;NL:Q:61404240;'t Hoeveslag;Herveld;0,6;0,2;0,0;0,0;0,0;0,0
SAN;NL:Q:61404310;Lechstraat;Herveld;0,5;3,8;0,0;0,0;0,0;0,0
SAN;NL:Q:61404320;Lechstraat;Herveld;3,9;0,8;0,0;0,0;0,0;0,0
SAN;NL:Q:61404350;Molen de Vink;Herveld;0,7;1,9;0,0;0,0;0,0;0,0
SAN;NL:Q:61404360;Molen de Vink;Herveld;3,2;1,4;0,0;0,0;0,0;0,0
SAN;NL:Q:61410030;Veemarkt;Tiel;0,1;7,1;0,2;7,5;0,2;3,9
SAN;NL:Q:61410330;Veemarkt;Tiel;7,8;0,1;8,9;0,7;3,9;0,1
SAN;NL:Q:61410640;Laan van Westroijen;Tiel;4,3;0,7;2,8;1,2;0,8;0,4
SAN;NL:Q:61410690;Laan van Westroijen;Tiel;0,6;4,4;0,5;2,3;0,3;0,8
SAN;NL:Q:61411100;Station;Tiel;15,7;12,1;17,0;11,7;9,1;6,4
SAN;NL:Q:61412150;Predikbroedersweg;Tiel;0,2;1,3;0,4;1,4;0,1;0,6
SAN;NL:Q:61412160;Predikbroedersweg;Tiel;1,2;0,4;1,7;0,2;0,6;0,1
SAN;NL:Q:61420010;Pax Christi College;Druten;2,4;12,9;0,1;7,9;0,1;4,3
SAN;NL:Q:61420030;Hermes Garage;Druten;1,7;10,4;0,4;8,1;0,3;4,4
SAN;NL:Q:61420050;Markt;Druten;4,3;27,2;1,8;28,1;1,6;12,7
SAN;NL:Q:61420100;Markt;Druten;22,0;4,0;28,7;2,5;11,3;1,5
SAN;NL:Q:61420120;Hermes Garage;Druten;9,9;1,5;9,7;0,5;3,9;0,1
SAN;NL:Q:61420140;Pax Christi College;Druten;7,9;2,5;5,6;0,2;2,7;0,1
SAN;NL:Q:61420160;Gemeentehuis;Druten;5,8;15,1;1,1;16,0;0,8;8,5
SAN;NL:Q:61420180;Gemeentehuis;Druten;9,9;2,4;14,6;1,5;5,9;0,7
SAN;NL:Q:61420320;Westerhout;Puiflijk;0,4;2,2;0,2;2,0;0,1;0,7
SAN;NL:Q:61420330;Westerhout;Puiflijk;1,9;0,8;1,4;0,8;0,2;0,3
SAN;NL:Q:61420510;Scharenburg/N322;Druten;30,3;3,2;0,0;0,0;0,0;0,0
SAN;NL:Q:61420520;Scharenburg/N322;Druten;3,5;31,3;0,0;0,0;0,0;0,0
SAN;NL:Q:61421000;Busstation;Druten;228,5;169,6;0,0;0,0;0,0;0,0
SAN;NL:Q:61421001;Busstation;Druten;77,2;97,1;124,6;69,5;50,0;39,2
SAN;NL:Q:61421002;Busstation;Druten;241,7;221,1;0,0;0,0;0,0;0,0
SAN;NL:Q:61421004;Busstation;Druten;13,6;27,3;24,2;37,0;8,4;17,3
SAN;NL:Q:61440010;Schaarsestraat;Bergharen;0,0;0,7;0,0;0,0;0,0;0,0
SAN;NL:Q:61440020;Schaarsestraat;Bergharen;0,6;0,0;0,0;0,0;0,0;0,0
SAN;NL:Q:61440030;De Weem;Bergharen;0,0;2,4;0,0;0,0;0,0;0,0
SAN;NL:Q:61440040;De Weem;Bergharen;6,9;0,0;0,0;0,0;0,0;0,0
SAN;NL:Q:61440070;Grotestraat;Bergharen;0,3;2,3;0,0;0,0;0,0;0,0
SAN;NL:Q:61440080;Grotestraat;Bergharen;1,5;0,0;0,0;0,0;0,0;0,0
SAN;NL:Q:61520210;Molenstraat;Boven-Leeuwen;0,7;2,4;1,4;2,3;0,4;1,3
SAN;NL:Q:61520220;Molenstraat;Boven-Leeuwen;3,1;0,7;2,2;1,1;0,9;0,5
SAN;NL:Q:61520230;Akkerstraat;Beneden-Leeuwen;4,7;8,8;5,2;8,9;1,8;4,3
SAN;NL:Q:61520240;Akkerstraat;Beneden-Leeuwen;11,1;3,7;8,1;4,2;3,5;1,9
SAN;NL:Q:61520250;Veesteeg;Boven-Leeuwen;4,2;1,1;2,1;1,5;1,7;0,9
SAN;NL:Q:61520260;Veesteeg;Boven-Leeuwen;1,7;3,6;1,6;3,0;0,8;1,1
SAN;NL:Q:61520350;Prins Willem Alexanderbrug;Beneden-Leeuwen;1,9;3,0;1,4;2,4;1,4;1,3
SAN;NL:Q:61520360;Prins Willem Alexanderbrug;Beneden-Leeuwen;3,2;1,7;1,7;1,6;1,0;1,0
SAN;NL:Q:69000160;Hakkesstraat;Venlo;0,8;0,3;1,8;0,5;1,0;0,3
SAN;NL:Q:69000170;Hakkesstraat;Venlo;0,4;1,5;0,3;1,3;0,2;1,4
SAN;NL:Q:69000180;Bisschop Schrijnenstraat;Venlo;0,5;1,0;0,0;0,0;0,0;0,4
SAN;NL:Q:69000190;Bisschop Schrijnenstraat;Venlo;1,1;0,9;0,0;0,0;0,0;0,2
SAN;NL:Q:69000280;Goltziusstraat;Venlo;0,0;1,3;0,0;0,0;0,0;0,3
SAN;NL:Q:69000290;Goltziusstraat;Venlo;1,0;0,2;0,0;0,0;0,1;0,0
SAN;NL:Q:69000300;Groenveldsingel;Venlo;0,0;0,0;0,1;0,1;0,2;0,1
SAN;NL:Q:69000310;Groenveldsingel;Venlo;0,0;0,0;0,1;0,2;0,0;0,2
SAN;NL:Q:69000340;Heilig Hartkerk;Venlo;1,2;1,5;2,3;3,1;1,3;1,5
SAN;NL:Q:69000350;Heilig Hartkerk;Venlo;1,4;1,3;3,2;2,4;2,1;1,3
SAN;NL:Q:69000380;Hogeweg;Venlo;0,7;1,3;0,0;0,0;0,1;0,2
SAN;NL:Q:69000390;Hogeweg;Venlo;1,1;1,2;0,0;0,0;0,2;0,3
SAN;NL:Q:69000440;Karbindersstraat;Venlo;2,1;0,6;2,8;1,0;2,0;0,8
SAN;NL:Q:69000450;Karbindersstraat;Venlo;0,8;2,0;1,1;1,6;1,1;1,5
SAN;NL:Q:69000600;Maagdenbergplein;Venlo;0,0;0,0;0,8;0,4;0,6;0,2
SAN;NL:Q:69000610;Maagdenbergplein;Venlo;0,0;0,0;0,2;1,6;0,1;0,7
SAN;NL:Q:69000660;Mgr. Nolensplein;Venlo;0,4;3,1;0,0;0,0;0,1;0,8
SAN;NL:Q:69000670;Mgr. Nolensplein;Venlo;3,5;0,7;0,0;0,0;1,2;0,2
SAN;NL:Q:69000880;Stalbergweg;Venlo;0,0;0,0;0,2;0,2;0,1;0,0
SAN;NL:Q:69000890;Stalbergweg;Venlo;0,0;0,0;0,5;0,8;0,2;0,7
SAN;NL:Q:69000950;Station Venlo;Venlo;17,1;15,3;26,1;35,9;24,4;20,4
SAN;NL:Q:69001090;Veldenseweg;Venlo;0,2;1,1;0,3;1,0;0,5;0,9
SAN;NL:Q:69001100;Veldenseweg;Venlo;1,1;0,3;1,2;0,5;0,7;0,4
SAN;NL:Q:69100100;Hasselt;Velden;0,2;0,2;0,5;0,2;0,7;0,2
SAN;NL:Q:69100110;Hasselt;Velden;0,3;0,3;0,1;0,5;0,1;0,3
SAN;NL:Q:69100120;Markt;Velden;2,5;0,9;4,8;1,6;3,7;1,0
SAN;NL:Q:69100130;Markt;Velden;1,1;1,8;1,2;3,1;1,3;2,7
SAN;NL:Q:69100140;Taurus;Velden;0,6;0,1;0,9;0,3;0,5;0,1
SAN;NL:Q:69100150;Taurus;Velden;0,2;1,2;0,1;1,9;0,1;1,0
SAN;NL:Q:69100160;Velden Zuid;Velden;1,1;0,1;1,4;0,1;1,2;0,2
SAN;NL:Q:69100170;Velden Zuid;Velden;0,3;1,3;0,2;1,2;0,2;1,3
SAN;NL:Q:69200100;De Voort;Lomm;0,1;0,1;0,0;0,0;0,1;0,0
SAN;NL:Q:69200110;De Voort;Lomm;0,4;1,1;0,2;1,5;0,6;1,0
SAN;NL:Q:69200120;Spikweien;Lomm;2,4;0,5;4,9;0,2;2,4;0,3
SAN;NL:Q:69200130;Spikweien;Lomm;0,2;1,5;0,2;1,7;0,2;2,1
SAN;NL:Q:69200140;Veer naar Lottum;Lomm;0,6;0,6;1,7;1,4;0,5;1,1
SAN;NL:Q:69200150;Veer naar Lottum;Lomm;0,0;0,5;0,1;0,9;0,0;0,5
SAN;NL:Q:69300160;Rotonde N271;Arcen;4,4;0,9;8,5;1,3;6,0;1,0
SAN;NL:Q:69300170;Rotonde N271;Arcen;1,6;4,9;2,3;5,9;2,1;6,2
SAN;NL:Q:69400100;Thermaalbad;Arcen;1,1;0,5;2,2;1,2;1,1;1,0
SAN;NL:Q:69400110;Thermaalbad;Arcen;0,4;0,9;0,9;1,9;1,3;1,5
SAN;NL:Q:69400120;Walbeckerweg;Wellerlooi;0,1;0,2;0,1;0,2;0,3;0,1
SAN;NL:Q:69400130;Walbeckerweg;Wellerlooi;0,1;0,1;0,1;0,1;0,4;0,1
SAN;NL:Q:69500100;Catharinastraat;Wellerlooi;0,5;1,2;0,7;0,6;0,4;0,3
SAN;NL:Q:69500110;Catharinastraat;Wellerlooi;1,0;0,4;0,8;0,4;1,9;0,3
SAN;NL:Q:69500120;Kruisstraat;Wellerlooi;0,0;0,2;0,0;0,1;0,1;0,1
SAN;NL:Q:69500130;Kruisstraat;Wellerlooi;0,1;0,1;0,2;0,1;0,2;0,0
SAN;NL:Q:69500140;Wellerlooi Zuid;Wellerlooi;0,0;0,1;0,1;0,1;0,1;0,1
SAN;NL:Q:69500150;Wellerlooi Zuid;Wellerlooi;0,1;0,1;0,1;0,2;0,0;0,1
SAN;NL:Q:69600120;Kasteellaan;Well;0,7;3,5;1,5;3,1;0,8;4,4
SAN;NL:Q:69600130;Kasteellaan;Well;1,3;0,4;1,8;0,4;1,3;0,7
SAN;NL:Q:69600220;Knikkerdorp;Well;0,1;0,2;0,1;0,2;0,2;0,3
SAN;NL:Q:69600230;Knikkerdorp;Well;2,9;0,5;3,5;0,4;2,6;1,3
SAN;NL:Q:69600240;Halve Maan;Well;0,2;0,3;0,2;0,2;0,2;0,1
SAN;NL:Q:69600250;Halve Maan;Well;0,1;0,1;0,4;0,3;0,3;0,1
SAN;NL:Q:69600280;Leuken;Well;0,1;0,9;0,6;1,1;0,3;0,5
SAN;NL:Q:69600290;Leuken;Well;0,7;0,1;0,9;0,4;0,6;0,2
SAN;NL:Q:80000020;Landesgrenze;Wyler;0,3;0,0;0,5;0,0;0,3;0,0
SAN;NL:Q:80000050;Landesgrenze;Wyler;0,0;0,1;0,1;0,1;0,0;0,0
VZ;NL:Q:40000510;Museum Arnhem;Arnhem;0,0;0,0;0,0;0,0;0,0;0,0
VZ;NL:Q:40000970;IJsseloord 2;Arnhem;0,0;0,0;0,0;0,0;0,0;0,0
VZ;NL:Q:40001230;Landgoed Rosorum;Arnhem;2,9;16,4;2,2;8,2;2,1;3,2
VZ;NL:Q:40001240;Landgoed Rosorum;Arnhem;7,9;2,2;2,7;1,6;1,6;1,5
VZ;NL:Q:40001250;Schelmseweg;Arnhem;12,6;1,3;13,1;0,8;5,7;0,7
VZ;NL:Q:40001260;Amsterdamseweg/Het Dorp;Arnhem;17,2;2,1;8,0;1,2;4,8;0,9
VZ;NL:Q:40001270;Amsterdamseweg/Het Dorp;Arnhem;1,4;20,7;0,4;9,7;0,4;4,4
VZ;NL:Q:40003030;Rozet;Arnhem;3,3;3,1;1,6;0,0;0,8;0,0
VZ;NL:Q:40003040;Rozet;Arnhem;1,2;4,9;0,0;1,2;0,0;0,8
VZ;NL:Q:40003070;Eusebiuskerk;Arnhem;3,6;0,3;1,8;0,0;1,3;0,0
VZ;NL:Q:40003080;Eusebiuskerk;Arnhem;3,7;5,1;0,1;4,2;0,0;2,3
VZ;NL:Q:40003110;WKC Kronenburg;Arnhem;0,0;0,0;0,0;0,0;0,0;0,0
VZ;NL:Q:40003570;Sonsbeek;Arnhem;34,4;122,0;17,2;24,5;12,8;19,9
VZ;NL:Q:40003580;Sonsbeek;Arnhem;86,1;35,0;8,9;18,6;8,1;13,7
VZ;NL:Q:40004001;Centraal Station;Arnhem;0,0;0,0;0,0;0,2;0,0;0,0
VZ;NL:Q:40004002;Centraal Station;Arnhem;0,0;0,2;0,0;0,0;0,0;0,0
VZ;NL:Q:40004003;Centraal Station;Arnhem;0,0;0,3;0,0;0,4;0,0;0,2
VZ;NL:Q:40004006;Centraal Station;Arnhem;0,0;0,2;0,0;0,1;0,0;0,1
VZ;NL:Q:40004007;Centraal Station;Arnhem;140,4;144,1;107,0;33,4;73,7;17,9
VZ;NL:Q:40004008;Centraal Station;Arnhem;0,0;0,2;0,0;0,9;0,0;0,1
VZ;NL:Q:40004009;Centraal Station;Arnhem;636,3;140,4;292,7;95,0;225,0;85,9
VZ;NL:Q:40004010;Centraal Station;Arnhem;0,0;0,0;0,0;0,0;0,0;0,0
VZ;NL:Q:40004011;Centraal Station;Arnhem;16,0;273,0;11,8;122,3;8,0;118,8
VZ;NL:Q:40004015;Willemsplein;Arnhem;0,0;0,0;0,0;0,1;0,0;0,0
VZ;NL:Q:40004016;Willemsplein;Arnhem;0,0;0,0;0,0;0,1;0,0;0,0
VZ;NL:Q:40004018;Willemsplein;Arnhem;357,8;15,8;235,9;8,3;149,8;6,2
VZ;NL:Q:40004020;Willemsplein;Arnhem;7,3;405,8;5,3;271,3;3,1;164,3
VZ;NL:Q:40004030;Rijnstraat;Arnhem;1,1;0,1;1,9;0,2;0,9;0,3
VZ;NL:Q:40004040;Rijnstraat;Arnhem;0,1;1,6;0,2;4,1;0,1;0,4
VZ;NL:Q:40004050;de Praets;Arnhem;0,2;0,1;0,0;0,0;0,0;0,1
VZ;NL:Q:40004060;de Praets;Arnhem;0,0;0,0;0,0;0,0;0,0;0,0
VZ;NL:Q:40004730;Keulse Slag;Arnhem;10,0;0,1;3,2;0,0;2,0;0,0
VZ;NL:Q:40004740;Keulse Slag;Arnhem;6,3;14,1;0,6;5,7;0,3;3,8
VZ;NL:Q:40005500;Stadskantoor;Arnhem;1,3;3,8;0,1;0,8;0,0;0,6
VZ;NL:Q:40006570;Badhuisstraat;Arnhem;0,9;0,0;0,3;0,0;0,3;0,0
VZ;NL:Q:40006580;Badhuisstraat;Arnhem;1,2;1,3;0,2;0,4;0,0;0,5
VZ;NL:Q:40006590;Stadskantoor;Arnhem;2,8;0,1;0,5;0,0;0,4;0,0
VZ;NL:Q:40006650;Van Oldenbarneveldtstraat;Arnhem;0,7;0,2;0,0;0,0;0,2;0,0
VZ;NL:Q:40006660;Van Oldenbarneveldtstraat;Arnhem;2,5;1,0;0,3;0,1;0,0;0,2
VZ;NL:Q:40006670;Haven;Arnhem;0,5;0,2;0,1;0,0;0,0;0,0
VZ;NL:Q:40006680;Haven;Arnhem;3,3;0,5;0,2;0,1;0,0;0,1
VZ;NL:Q:40006690;Dr. C. Lelyweg Zuid;Arnhem;0,1;0,1;0,0;0,0;0,0;0,0
VZ;NL:Q:40006710;Kleefse Waard;Arnhem;5,6;0,3;0,0;0,0;0,0;0,0
VZ;NL:Q:40006720;Kleefse Waard;Arnhem;4,9;6,4;0,0;0,1;0,0;0,0
VZ;NL:Q:40006731;Bruningweg;Arnhem;1,0;0,2;0,2;0,0;0,0;0,0
VZ;NL:Q:40006741;Bruningweg;Arnhem;2,1;2,7;0,0;0,3;0,0;0,1
VZ;NL:Q:40006750;P. Calandweg;Arnhem;1,0;0,1;0,5;0,0;0,4;0,0
VZ;NL:Q:40006760;P. Calandweg;Arnhem;0,7;1,5;0,0;0,5;0,0;0,4
VZ;NL:Q:40006770;Slaakweg;Arnhem;1,5;0,0;0,5;0,0;0,4;0,0
VZ;NL:Q:40006780;Slaakweg;Arnhem;0,6;2,2;0,1;0,4;0,0;0,3
VZ;NL:Q:40006790;Lange Wal;Arnhem;2,8;0,0;1,3;0,0;0,8;0,0
VZ;NL:Q:40007090;Fonteinkruidstraat;Arnhem;0,1;0,1;0,0;0,1;0,4;0,3
VZ;NL:Q:40007100;Fonteinkruidstraat;Arnhem;0,1;0,1;0,0;0,0;0,0;0,0
VZ;NL:Q:40008550;Centraal Station (Sonsbeek);Arnhem;73,4;3,4;46,1;2,2;28,2;0,6
VZ;NL:Q:40008560;Centraal Station (Sonsbeek);Arnhem;1,6;91,8;1,9;60,0;0,9;43,8
VZ;NL:Q:40008570;Burg. Weertsstraat;Arnhem;8,9;25,6;6,0;27,0;4,0;9,4
VZ;NL:Q:40008580;Burg. Weertsstraat;Arnhem;12,8;7,2;13,0;5,4;6,1;3,8
VZ;NL:Q:40008710;Gelredome;Arnhem;11,1;6,6;11,9;6,1;15,0;10,2
VZ;NL:Q:40008750;Transferium;Arnhem;0,1;2,7;0,1;2,9;0,2;3,2
VZ;NL:Q:40008760;Transferium;Arnhem;0,4;0,1;0,0;0,2;0,0;0,0
VZ;NL:Q:40008840;Brekelenkampstraat;Arnhem;0,8;5,2;0,1;0,7;0,0;0,7
VZ;NL:Q:40009067;De Braamberg;Arnhem;38,3;11,5;9,4;3,8;7,3;4,4
VZ;NL:Q:40009068;De Braamberg;Arnhem;7,4;55,6;3,1;16,3;3,5;11,8
VZ;NL:Q:40009069;Moscowa;Arnhem;37,5;28,2;16,6;5,5;15,4;4,8
VZ;NL:Q:40009591;Het Duifje;Arnhem;0,0;0,0;0,0;0,0;0,0;0,0
VZ;NL:Q:40059041;Golflinks;Arnhem;41,5;7,4;36,5;5,0;26,2;3,5
VZ;NL:Q:40059042;Golflinks;Arnhem;6,5;45,4;3,4;36,5;3,4;31,4
VZ;NL:Q:40059070;Moscowa;Arnhem;28,7;80,8;4,6;28,6;4,9;24,1
VZ;NL:Q:40120030;Hotel De Roskam;Rheden;0,8;12,1;0,3;1,7;0,0;1,3
VZ;NL:Q:40120050;Beekhuizenseweg;Velp;0,2;15,7;0,0;3,4;0,0;1,4
VZ;NL:Q:40120060;Beekhuizenseweg;Velp;10,3;0,0;2,6;0,0;1,7;0,0
VZ;NL:Q:40120070;A.G. Hofkeslaan;Velp;0,1;4,1;0,0;1,2;0,0;1,2
VZ;NL:Q:40120080;A.G. Hofkeslaan;Velp;1,0;0,0;0,8;0,0;0,5;0,0
VZ;NL:Q:40120090;Oosterwolde;Velp;0,0;0,5;0,0;0,2;0,1;0,2
VZ;NL:Q:40120100;Oosterwolde;Velp;0,5;0,0;0,1;0,0;0,1;0,0
VZ;NL:Q:40120110;Gasthuislaan;Velp;0,2;3,8;0,1;0,8;0,1;0,9
VZ;NL:Q:40120140;Reigerstraat;Velp;0,7;0,0;0,4;0,0;0,2;0,0
VZ;NL:Q:40120150;Gruttostraat;Velp;1,4;18,6;0,2;0,8;0,0;1,0
VZ;NL:Q:40120160;Gruttostraat;Velp;14,8;0,0;0,6;0,0;0,7;0,0
VZ;NL:Q:40123990;Waterstraat;Velp;6,0;0,0;2,1;0,0;1,6;0,0
VZ;NL:Q:40124000;Waterstraat;Velp;0,8;4,3;0,1;1,1;0,1;1,2
VZ;NL:Q:40124030;Haverland;Velp;0,6;0,1;0,4;0,0;0,4;0,0
VZ;NL:Q:40124040;Haverland;Velp;0,7;1,6;0,5;0,7;0,1;0,8
VZ;NL:Q:40124050;Graaf Ottostraat;Velp;1,6;0,0;0,8;0,0;0,8;0,0
VZ;NL:Q:40124060;Graaf Ottostraat;Velp;0,6;2,3;0,2;1,2;0,1;1,9
VZ;NL:Q:40124070;Graaf Gerhardstraat;Velp;1,8;0,0;0,3;0,0;0,3;0,0
VZ;NL:Q:40124080;Graaf Gerhardstraat;Velp;3,2;2,5;0,3;0,4;0,0;0,4
VZ;NL:Q:40124090;Brekelenkampstraat;Arnhem;3,5;0,0;0,4;0,0;0,4;0,0
VZ;NL:Q:40160030;Schelmseweg;Arnhem;2,3;19,4;1,2;18,3;0,7;7,2
VZ;NL:Q:40160070;Maasbergseweg;Arnhem;0,5;16,3;0,1;5,1;0,0;3,4
VZ;NL:Q:40160080;De Leeren Doedel;Arnhem;3,4;0,5;9,1;0,5;5,7;0,5
VZ;NL:Q:40160090;De Leeren Doedel;Arnhem;0,3;4,5;0,6;12,0;0,4;8,7
VZ;NL:Q:40160110;De Vijverberg;Arnhem;0,1;1,3;0,0;2,4;0,0;1,4
VZ;NL:Q:40160120;De Vijverberg;Arnhem;0,5;0,2;0,9;0,4;0,7;0,1
VZ;NL:Q:40160130;Klein Warnsborn;Arnhem;1,0;4,4;1,1;3,3;0,3;2,9
VZ;NL:Q:40160140;Klein Warnsborn;Arnhem;1,9;0,5;2,1;0,4;1,8;0,3
VZ;NL:Q:40169091;Van der Valk/Papendal;Arnhem;35,3;4,8;49,7;2,4;26,3;1,4
VZ;NL:Q:40169092;Van der Valk/Papendal;Arnhem;4,2;50,4;1,8;45,0;1,1;27,1
VZ;NL:Q:40169093;Bio Vakantieoord;Arnhem;4,6;0,3;1,4;0,1;1,2;0,1
VZ;NL:Q:40169094;Bio Vakantieoord;Arnhem;0,3;2,9;0,1;2,6;0,0;1,1
VZ;NL:Q:40169095;Grijsoord;Arnhem;0,1;0,1;0,1;0,1;0,0;0,0
VZ;NL:Q:40169096;Grijsoord;Arnhem;0,1;1,3;0,1;1,0;0,0;0,9
VZ;NL:Q:40169098;'s-Koonings Jaght;Arnhem;0,8;25,1;0,8;10,1;0,7;7,9
VZ;NL:Q:40258001;Schalterdalweg;Woeste Hoeve;7,7;4,3;7,4;4,9;5,6;3,3
VZ;NL:Q:40259001;Schalterdalweg;Beekbergen;0,3;0,3;0,2;0,2;0,2;0,1
VZ;NL:Q:40269001;Oud Reemsterweg;Oud Reemst;1,5;0,6;2,2;0,8;1,0;0,5
VZ;NL:Q:40269002;Oud Reemsterweg;Oud Reemst;0,4;2,7;0,6;3,2;0,2;1,7
VZ;NL:Q:40269097;'s-Koonings Jaght;Arnhem;23,6;1,0;11,2;1,1;8,2;1,0
VZ;NL:Q:40320170;Elzenpas;Heteren;0,0;0,0;0,0;0,0;0,0;0,0
VZ;NL:Q:40320210;Beemdhof;Heteren;0,0;0,0;0,0;0,0;0,0;0,0
VZ;NL:Q:40344001;Apeldoornseweg;'s Heeren Loo;22,7;5,6;9,8;3,4;8,2;2,9
VZ;NL:Q:40344002;Apeldoornseweg;'s Heeren Loo;3,6;26,7;1,8;12,6;0,9;9,2
VZ;NL:Q:40351001;Stoppelbergweg;Beekbergen;3,6;6,6;6,6;12,2;4,4;8,2
VZ;NL:Q:40351002;Stoppelbergweg;Beekbergen;7,2;4,7;17,0;7,6;10,6;5,1
VZ;NL:Q:40351003;Vossenfarm;Beekbergen;1,4;6,8;1,1;7,4;1,2;6,2
VZ;NL:Q:40351004;Vossenfarm;Beekbergen;3,6;1,8;2,7;2,0;2,8;1,4
VZ;NL:Q:40358002;Schalterdalweg;Woeste Hoeve;4,0;8,0;4,9;8,5;3,4;5,5
VZ;NL:Q:40360001;'t Lage Veld;Otterlo;5,5;0,9;7,3;1,5;5,6;0,9
VZ;NL:Q:40360002;'t Lage Veld;Otterlo;0,9;6,5;1,2;8,8;0,7;5,6
VZ;NL:Q:40360003;De Zanding;Otterlo;6,7;2,3;8,1;2,3;5,4;1,2
VZ;NL:Q:40360004;De Zanding;Otterlo;1,5;5,4;1,6;6,1;1,7;3,0
VZ;NL:Q:40360005;Onderlangs;Otterlo;9,8;3,0;8,5;2,5;7,2;1,1
VZ;NL:Q:40360006;Onderlangs;Otterlo;1,9;11,0;1,0;9,2;0,5;5,2
VZ;NL:Q:40360007;Centrum;Otterlo;13,5;2,2;16,3;3,3;11,6;1,4
VZ;NL:Q:40360008;Centrum;Otterlo;1,9;12,8;2,0;12,8;1,6;7,4
VZ;NL:Q:40360009;Rotonde;Otterlo;74,5;70,5;68,4;78,6;58,3;54,1
VZ;NL:Q:40360010;Rotonde;Otterlo;81,0;77,2;86,5;66,2;66,8;46,8
VZ;NL:Q:40360019;Sterrenberg;Otterlo;0,4;0,4;0,8;1,0;0,4;0,4
VZ;NL:Q:40360020;Sterrenberg;Otterlo;0,7;3,0;1,4;0,9;1,0;2,5
VZ;NL:Q:40362008;Ingang Otterlo;De Hoge Veluwe;0,4;3,8;1,4;9,5;2,9;11,4
VZ;NL:Q:40374001;Centrum;Hoenderloo;9,7;14,5;12,4;16,3;11,8;10,9
VZ;NL:Q:40374002;Centrum;Hoenderloo;16,0;9,4;19,8;12,6;14,2;9,3
VZ;NL:Q:40374005;Krimweg Dorp;Hoenderloo;2,1;3,6;1,8;5,9;1,8;3,5
VZ;NL:Q:40374006;Krimweg Dorp;Hoenderloo;2,5;2,4;4,9;1,8;3,0;1,3
VZ;NL:Q:40374011;Laan van Eikenhof;Hoenderloo;7,5;8,2;6,1;8,3;4,0;9,2
VZ;NL:Q:40374012;Laan van Eikenhof;Hoenderloo;10,7;7,2;11,2;5,9;9,0;6,5
VZ;NL:Q:40374013;Miggelenbergweg;Hoenderloo;5,8;16,5;3,6;15,7;3,9;14,9
VZ;NL:Q:40374014;Miggelenbergweg;Hoenderloo;16,9;6,1;14,9;3,3;15,0;2,5
VZ;NL:Q:40400080;Arboretumlaan;Wageningen;0,0;0,5;0,0;0,4;0,0;1,1
VZ;NL:Q:40400085;Arboretumlaan;Wageningen;0,3;0,1;0,1;0,0;0,6;0,0
VZ;NL:Q:40400530;van Uvenweg;Wageningen;24,4;4,9;24,2;3,8;15,0;2,4
VZ;NL:Q:40400540;van Uvenweg;Wageningen;2,4;24,0;1,9;29,9;0,7;27,6
VZ;NL:Q:40402017;Bosweg;Bennekom;3,1;1,6;2,3;1,3;1,5;0,9
VZ;NL:Q:40405000;Busstation;Wageningen;9,5;66,4;13,2;85,8;6,3;81,9
VZ;NL:Q:40405013;Busstation;Wageningen;98,7;74,5;173,1;117,8;115,2;151,7
VZ;NL:Q:40406007;Dolderstraat;Wageningen;0,8;0,2;0,8;0,0;1,1;0,2
VZ;NL:Q:40406008;Dolderstraat;Wageningen;0,1;0,9;0,1;0,8;0,2;1,5
VZ;NL:Q:40406009;Nobelweg;Wageningen;1,5;0,4;1,3;0,4;2,2;0,3
VZ;NL:Q:40406010;Nobelweg;Wageningen;0,3;1,7;0,2;2,0;0,1;3,6
VZ;NL:Q:40406011;Mansholtlaan;Wageningen;0,5;0,1;0,4;0,1;0,8;0,1
VZ;NL:Q:40406012;Mansholtlaan;Wageningen;0,1;1,1;0,0;0,5;0,1;1,7
VZ;NL:Q:40406013;Buissteeg;Wageningen;3,7;2,2;5,1;2,2;3,4;1,4
VZ;NL:Q:40406014;Buissteeg;Wageningen;1,0;4,1;1,5;7,0;0,6;5,9
VZ;NL:Q:40406019;Haagsteeg;Wageningen;530,6;52,4;429,7;22,8;260,7;29,7
VZ;NL:Q:40406020;Haagsteeg;Wageningen;45,5;454,5;17,0;331,1;13,9;458,7
VZ;NL:Q:40406021;Business- en Science Park;Wageningen;205,1;53,6;152,2;30,6;110,9;24,0
VZ;NL:Q:40406022;Business- en Science Park;Wageningen;49,4;203,3;28,8;145,9;19,3;152,5
VZ;NL:Q:40406023;Dijkgraaf;Wageningen;51,9;18,9;91,7;19,3;65,7;17,2
VZ;NL:Q:40406024;Dijkgraaf;Wageningen;12,0;59,6;13,8;73,7;9,6;86,5
VZ;NL:Q:40406025;Bornsesteeg;Wageningen;89,5;49,3;171,2;42,4;118,9;36,8
VZ;NL:Q:40406026;Bornsesteeg;Wageningen;47,9;104,6;45,5;138,2;30,8;136,8
VZ;NL:Q:40406027;Hoevestein;Wageningen;228,4;38,9;197,7;26,0;124,9;19,3
VZ;NL:Q:40406028;Hoevestein;Wageningen;41,6;180,4;25,1;141,0;17,4;171,4
VZ;NL:Q:40406029;Campus/Omnia;Wageningen;323,7;49,1;53,0;13,3;33,8;8,8
VZ;NL:Q:40406030;Campus/Omnia;Wageningen;45,9;411,9;12,5;48,2;9,1;57,1
VZ;NL:Q:40406035;Busstation;Wageningen;792,1;736,5;584,1;456,9;381,5;452,2
VZ;NL:Q:40406051;Geertjesweg;Wageningen;0,8;0,0;1,1;0,0;1,6;0,0
VZ;NL:Q:40406052;Geertjesweg;Wageningen;0,0;0,7;0,0;0,8;0,0;1,9
VZ;NL:Q:40407021;Mondriaanlaan;Wageningen;164,8;40,3;85,2;14,2;53,2;8,9
VZ;NL:Q:40407022;Mondriaanlaan;Wageningen;36,5;119,7;14,8;73,3;10,1;96,8
VZ;NL:Q:40407023;Campus/Forum;Wageningen;522,7;202,1;103,4;34,7;51,9;24,4
VZ;NL:Q:40407024;Campus/Forum;Wageningen;203,9;458,2;33,1;124,6;26,0;142,7
VZ;NL:Q:40432001;De Harmonie;Laag-Soeren;8,5;1,8;4,3;1,2;2,5;1,4
VZ;NL:Q:40432002;De Harmonie;Laag-Soeren;2,0;10,0;1,6;4,2;1,7;3,0
VZ;NL:Q:40433002;Wilhelminapark;Eerbeek;1,1;2,3;0,3;0,8;0,1;0,6
VZ;NL:Q:40441001;Harderwijkerweg;Loenen;2,5;2,7;0,4;0,8;0,5;0,5
VZ;NL:Q:40441003;Bergakkerweg;Loenen;2,1;4,2;1,7;1,7;1,1;0,9
VZ;NL:Q:40441004;Bergakkerweg;Loenen;3,5;2,2;1,5;1,3;1,1;1,0
VZ;NL:Q:40441005;Bruisbeek;Loenen;6,8;13,4;4,8;5,8;2,0;4,5
VZ;NL:Q:40441006;Bruisbeek;Loenen;19,9;8,8;8,9;5,3;6,3;4,1
VZ;NL:Q:40441007;Leeuwenbergweg;Loenen;2,3;10,1;1,2;5,4;1,0;3,5
VZ;NL:Q:40441008;Leeuwenbergweg;Loenen;8,8;2,5;4,0;1,8;2,8;0,7
VZ;NL:Q:40441009;Hoge Bergweg;Loenen;1,4;8,4;1,6;5,3;1,2;2,9
VZ;NL:Q:40441010;Hoge Bergweg;Loenen;7,7;1,7;6,2;1,8;4,3;0,8
VZ;NL:Q:40449650;Bruisbeek/Centrum;Loenen;1,5;4,5;0,8;2,3;0,6;2,0
VZ;NL:Q:40451007;De Smittenberg;Beekbergen;28,1;22,8;24,1;33,8;17,7;22,0
VZ;NL:Q:40451008;De Smittenberg;Beekbergen;21,0;25,4;31,1;22,1;22,7;17,8
VZ;NL:Q:40451009;Hagenbrug;Beekbergen;13,1;23,3;8,7;22,9;6,7;12,1
VZ;NL:Q:40451010;Hagenbrug;Beekbergen;25,6;12,5;27,0;7,8;13,1;5,0
VZ;NL:Q:40451013;De Wipselberg;Beekbergen;1,4;10,3;0,8;6,1;0,8;5,5
VZ;NL:Q:40451014;De Wipselberg;Beekbergen;10,7;1,0;6,9;0,8;5,3;0,6
VZ;NL:Q:40451015;Hulleweg;Beekbergen;0,5;2,7;0,2;3,0;0,5;2,1
VZ;NL:Q:40451016;Hulleweg;Beekbergen;2,6;0,5;2,5;0,4;1,8;0,5
VZ;NL:Q:40451017;Zonnehuis;Beekbergen;1,6;4,9;0,8;1,4;0,3;0,6
VZ;NL:Q:40451018;Zonnehuis;Beekbergen;3,9;2,1;1,2;0,7;0,4;0,6
VZ;NL:Q:40451019;Kerkweg;Beekbergen;3,8;11,3;2,3;4,9;0,9;2,8
VZ;NL:Q:40451020;Kerkweg;Beekbergen;9,2;2,3;4,9;1,4;2,7;0,7
VZ;NL:Q:40451021;Koningsweg;Beekbergen;0,6;3,3;0,2;1,1;0,1;0,8
VZ;NL:Q:40451022;Koningsweg;Beekbergen;2,5;0,7;1,5;0,3;0,6;0,3
VZ;NL:Q:40451034;Laan van Westenenk;Apeldoorn;16,6;19,4;7,1;5,0;4,3;3,5
VZ;NL:Q:40451077;De Eglantier;Apeldoorn;30,4;29,6;0,0;0,0;0,0;0,0
VZ;NL:Q:40451078;De Eglantier;Apeldoorn;33,6;27,2;0,0;0,0;0,0;0,0
VZ;NL:Q:40451096;Laan van Erica;Apeldoorn;5,0;15,7;0,0;0,0;0,0;0,0
VZ;NL:Q:40451105;Landdrostlaan;Apeldoorn;6,5;24,4;0,0;0,0;0,0;0,0
VZ;NL:Q:40451106;Landdrostlaan;Apeldoorn;25,9;8,7;0,0;0,0;0,0;0,0
VZ;NL:Q:40451190;Bouwmeestershoeve;Apeldoorn;6,2;8,3;0,0;0,0;0,0;0,0
VZ;NL:Q:40451195;Bouwmeestershoeve;Apeldoorn;8,3;4,5;0,0;0,0;0,0;0,0
VZ;NL:Q:40451501;Laan van Malkenschoten;Apeldoorn;64,8;34,9;11,2;3,4;9,4;1,5
VZ;NL:Q:40451502;Laan van Malkenschoten;Apeldoorn;60,3;73,0;3,7;11,1;1,2;8,8
VZ;NL:Q:40461007;Kraatsweg;Harskamp;8,3;1,7;3,6;1,0;1,8;0,6
VZ;NL:Q:40461008;Kraatsweg;Harskamp;1,0;6,2;0,9;2,8;0,6;0,9
VZ;NL:Q:40461009;Radioweg;Harskamp;0,5;0,5;0,8;0,1;0,7;0,1
VZ;NL:Q:40461010;Radioweg;Harskamp;0,3;0,5;0,2;0,6;0,1;0,5
VZ;NL:Q:40461013;Hoog Buurloseweg;Harskamp;1,7;1,1;1,7;0,5;2,3;0,4
VZ;NL:Q:40461014;Hoog Buurloseweg;Harskamp;1,0;1,7;0,4;1,7;0,3;1,5
VZ;NL:Q:40461015;Westenengerdijk;Harskamp;0,8;0,9;1,0;0,3;0,3;0,1
VZ;NL:Q:40461017;Julianastraat;Harskamp;10,8;2,1;6,2;0,4;4,1;0,7
VZ;NL:Q:40461018;Julianastraat;Harskamp;1,8;10,1;0,7;6,1;0,6;4,0
VZ;NL:Q:40463004;Heetweg;Stroe;0,3;2,8;0,4;1,2;0,2;1,0
VZ;NL:Q:40471228;Laan van Spitsbergen;Apeldoorn;38,4;10,1;19,5;4,9;15,4;3,5
VZ;NL:Q:40471463;Hoog Buurloseweg;Apeldoorn;1,2;5,4;0,4;4,5;0,5;3,5
VZ;NL:Q:40471464;Hoog Buurloseweg;Apeldoorn;3,0;2,1;2,1;1,5;1,5;1,1
VZ;NL:Q:40471465;Van der Valk/De Cantharel;Apeldoorn;2,7;14,6;2,6;12,8;2,8;11,4
VZ;NL:Q:40471466;Van der Valk/De Cantharel;Apeldoorn;15,8;3,0;13,2;2,5;9,4;1,8
VZ;NL:Q:40471471;Het Leesten;Apeldoorn;0,7;2,5;0,9;2,4;0,7;2,9
VZ;NL:Q:40471472;Het Leesten;Apeldoorn;1,4;1,9;1,3;1,8;1,7;1,1
VZ;NL:Q:40480015;Kronkelweg;Hoenderloo;0,7;1,3;0,7;1,6;0,9;1,2
VZ;NL:Q:40480016;Kronkelweg;Hoenderloo;0,5;3,4;0,9;5,2;0,4;3,7
VZ;NL:Q:40482003;Bezoekerscentrum;De Hoge Veluwe;1,3;0,3;2,8;0,6;2,5;0,3
VZ;NL:Q:40482004;Bezoekerscentrum;De Hoge Veluwe;1,2;6,0;2,5;7,5;0,9;4,7
VZ;NL:Q:40482005;Kroller Muller Museum;De Hoge Veluwe;10,3;0,5;23,4;1,0;17,1;1,7
VZ;NL:Q:40482006;Kroller Muller Museum;De Hoge Veluwe;0,9;8,3;0,8;20,1;1,4;15,4
VZ;NL:Q:40482007;Ingang Otterlo;De Hoge Veluwe;3,4;0,4;3,0;1,0;1,9;0,8
VZ;NL:Q:40512003;Moreelsestraat;Ede;5,5;4,9;2,4;1,6;1,5;0,7
VZ;NL:Q:40512004;Moreelsestraat;Ede;4,4;56,0;1,7;4,5;1,1;2,2
VZ;NL:Q:40512005;Vossenweg;Bennekom;21,3;4,8;23,5;4,6;18,0;3,8
VZ;NL:Q:40512006;Vossenweg;Bennekom;5,8;19,6;5,9;21,0;4,4;19,3
VZ;NL:Q:40512009;Strooijweg;Bennekom;25,8;5,1;20,3;3,4;11,2;3,0
VZ;NL:Q:40512010;Strooijweg;Bennekom;4,8;28,5;3,8;21,4;3,0;20,6
VZ;NL:Q:40512011;Molenstraat;Bennekom;17,6;4,5;10,5;4,4;8,1;3,8
VZ;NL:Q:40512012;Molenstraat;Bennekom;4,7;16,4;4,1;10,7;3,7;9,5
VZ;NL:Q:40512013;Hof van Sint Pieter;Bennekom;15,0;5,0;9,3;3,2;7,8;2,2
VZ;NL:Q:40512014;Hof van Sint Pieter;Bennekom;5,0;16,7;2,8;11,5;1,8;8,6
VZ;NL:Q:40512015;Bart van Elstplantsoen;Bennekom;20,2;9,1;15,1;7,6;10,7;3,4
VZ;NL:Q:40512016;Bart van Elstplantsoen;Bennekom;8,9;22,9;7,6;17,6;3,4;16,2
VZ;NL:Q:40512018;Bosweg;Bennekom;1,4;8,8;1,3;8,4;1,0;9,2
VZ;NL:Q:40512019;Horalaan;Ede;8,5;88,1;2,4;25,1;1,4;17,7
VZ;NL:Q:40512020;Horalaan;Ede;172,2;143,6;69,9;70,3;76,6;36,9
VZ;NL:Q:40512023;Bovenbuurtweg;Ede;71,8;161,7;19,1;20,5;14,1;17,7
VZ;NL:Q:40512024;Bovenbuurtweg;Ede;175,6;131,4;43,2;85,0;36,0;53,3
VZ;NL:Q:40512025;Jan Vermeerstraat;Ede;18,6;4,3;5,6;1,9;2,2;1,3
VZ;NL:Q:40512026;Jan Vermeerstraat;Ede;4,2;15,2;2,9;4,7;1,5;3,9
VZ;NL:Q:40512027;Stadspoort;Ede;47,6;87,8;39,2;61,6;26,2;40,8
VZ;NL:Q:40512028;Stadspoort;Ede;82,8;52,0;56,3;35,7;39,1;25,4
VZ;NL:Q:40512030;Ziekenhuis Gelderse Vallei;Ede;133,9;75,5;48,3;27,7;30,5;25,4
VZ;NL:Q:40512031;Van Steenbergenweg;Ede;1,4;10,1;0,5;4,4;0,2;2,2
VZ;NL:Q:40512033;Prof. Oudpark;Ede;5,1;2,0;1,2;1,9;0,3;1,0
VZ;NL:Q:40512035;Coornhertstate;Ede;16,8;5,7;6,4;4,4;3,4;2,5
VZ;NL:Q:40512036;Coornhertstate;Ede;5,9;15,4;4,6;6,0;2,1;4,3
VZ;NL:Q:40512037;'t Riet;Ede;14,0;5,3;7,5;5,4;4,0;2,5
VZ;NL:Q:40512039;Ben Goerionsingel;Ede;5,6;2,0;2,8;1,9;1,0;0,8
VZ;NL:Q:40512040;Ben Goerionsingel;Ede;1,1;5,3;1,6;3,2;0,3;1,6
VZ;NL:Q:40512131;Kenniscampus;Ede;105,2;49,8;7,1;4,2;1,3;1,9
VZ;NL:Q:40512132;Kenniscampus;Ede;46,3;111,9;4,9;6,8;1,6;4,1
VZ;NL:Q:40512201;Halderbrink;Bennekom;28,9;17,6;17,3;9,4;12,0;7,8
VZ;NL:Q:40512202;Halderbrink;Bennekom;13,4;43,5;7,7;20,3;6,2;20,7
VZ;NL:Q:40512203;Hoekelumse Brinkweg;Bennekom;9,7;3,5;7,6;3,6;5,4;2,7
VZ;NL:Q:40512204;Hoekelumse Brinkweg;Bennekom;3,4;12,1;3,5;9,6;2,9;7,2
VZ;NL:Q:40512207;Heidelaan;Bennekom;10,0;2,8;5,9;2,9;4,9;2,1
VZ;NL:Q:40512208;Heidelaan;Bennekom;3,3;13,3;2,6;8,2;2,2;7,9
VZ;NL:Q:40512500;Station Ede-Wageningen;Ede;1360,2;667,7;579,9;349,6;732,0;179,8
VZ;NL:Q:40512501;Station Ede-Wageningen;Ede;611,8;385,3;563,2;420,3;669,4;304,9
VZ;NL:Q:40512502;Station Ede-Wageningen;Ede;347,9;109,9;421,3;167,3;491,2;63,8
VZ;NL:Q:40512503;Station Ede-Wageningen;Ede;146,9;72,1;24,4;29,0;31,0;36,0
VZ;NL:Q:40512504;Station Ede-Wageningen;Ede;475,3;231,9;195,5;148,5;141,3;149,7
VZ;NL:Q:40512505;Station Ede-Wageningen;Ede;211,3;136,6;126,7;54,9;59,2;37,1
VZ;NL:Q:40512506;Station Ede-Wageningen;Ede;184,9;104,3;120,8;49,4;89,0;27,8
VZ;NL:Q:40512507;Station Ede-Wageningen;Ede;68,6;46,3;39,7;34,9;34,7;36,4
VZ;NL:Q:40512508;Station Ede-Wageningen;Ede;69,8;1454,7;54,7;947,5;61,8;624,8
VZ;NL:Q:40512999;Ziekenhuis Gelderse Vallei;Ede;183,2;221,1;69,9;79,7;53,5;49,7
VZ;NL:Q:40513027;Billitonlaan/Timorlaan;Ede;8,2;15,0;5,7;10,8;2,3;5,2
VZ;NL:Q:40513028;Billitonlaan/Timorlaan;Ede;15,8;6,1;10,9;4,9;6,2;2,4
VZ;NL:Q:40513031;Koekeltse Boslaan;Ede;8,2;15,9;5,1;7,2;2,7;5,2
VZ;NL:Q:40513032;Koekeltse Boslaan;Ede;15,8;10,9;7,3;6,4;4,0;3,8
VZ;NL:Q:40513037;Prof. Oudpark;Ede;1,5;4,3;1,2;1,7;0,7;0,8
VZ;NL:Q:40513038;'t Riet;Ede;5,4;13,6;6,2;8,2;2,6;4,6
VZ;NL:Q:40522125;Wekeromse Zand;Ede;0,6;0,1;0,4;0,1;0,6;0,1
VZ;NL:Q:40528001;Roekelseweg;Wekerom;2,7;0,2;2,7;0,3;1,3;0,2
VZ;NL:Q:40528002;Roekelseweg;Wekerom;0,2;2,5;0,5;1,6;0,1;1,2
VZ;NL:Q:40528003;Wekeromse Buurtweg;Wekerom;1,2;0,5;1,1;0,3;0,5;0,3
VZ;NL:Q:40528004;Wekeromse Buurtweg;Wekerom;0,5;1,6;0,2;1,2;0,4;0,6
VZ;NL:Q:40528006;Lage Valkseweg;De Valk;1,5;2,0;0,2;0,2;0,0;0,1
VZ;NL:Q:40528007;Kruispunt;Wekerom;4,8;2,5;4,5;1,1;2,4;0,5
VZ;NL:Q:40528008;Kruispunt;Wekerom;1,7;4,6;1,6;3,9;0,9;2,4
VZ;NL:Q:40528009;A.G. Wijersweg;Wekerom;3,0;3,6;1,5;1,2;0,7;0,2
VZ;NL:Q:40528010;A.G. Wijersweg;Wekerom;3,8;2,9;1,0;0,8;0,1;1,1
VZ;NL:Q:40528011;Dorpsplein;Wekerom;0,3;0,2;0,1;0,2;0,0;0,0
VZ;NL:Q:40528019;De Maalderij;Wekerom;7,5;4,3;3,9;0,7;2,6;0,5
VZ;NL:Q:40528020;De Maalderij;Wekerom;3,9;9,4;1,0;4,0;0,2;2,4
VZ;NL:Q:40528026;Westenengerdijk;Harskamp;0,4;1,9;0,1;1,5;0,1;1,3
VZ;NL:Q:40541002;Harderwijkerweg;Loenen;2,7;2,3;0,7;0,6;0,7;0,3
VZ;NL:Q:40543001;Wilhelminapark;Eerbeek;1,0;1,3;0,2;0,1;0,4;0,2
VZ;NL:Q:40543003;Coldenhovenseweg;Eerbeek;3,9;1,6;1,6;0,6;1,3;0,5
VZ;NL:Q:40543004;Coldenhovenseweg;Eerbeek;1,7;4,7;0,7;2,1;0,5;1,1
VZ;NL:Q:40543005;Loubergweg;Eerbeek;8,5;4,7;2,1;1,9;2,8;1,2
VZ;NL:Q:40543006;Loubergweg;Eerbeek;5,1;8,3;1,1;3,1;1,5;1,6
VZ;NL:Q:40543007;Centrum;Eerbeek;11,2;6,8;6,4;4,2;5,2;1,9
VZ;NL:Q:40543008;Centrum;Eerbeek;5,6;12,5;2,9;7,1;1,7;5,0
VZ;NL:Q:40543009;Offenbachstraat;Eerbeek;22,3;19,5;9,2;8,3;6,7;3,4
VZ;NL:Q:40543010;Offenbachstraat;Eerbeek;23,4;27,5;11,0;11,6;5,2;6,8
VZ;NL:Q:40543011;Ringlaan;Eerbeek;23,9;35,2;6,3;9,3;4,8;6,8
VZ;NL:Q:40543012;Ringlaan;Eerbeek;33,2;19,3;9,3;4,5;5,5;4,2
VZ;NL:Q:40543013;Vondellaan;Eerbeek;12,0;13,1;3,9;4,4;1,9;2,8
VZ;NL:Q:40543014;Vondellaan;Eerbeek;15,1;12,3;5,2;3,0;2,1;2,3
VZ;NL:Q:40551002;Station;Apeldoorn;13,1;464,7;7,3;235,0;6,5;173,5
VZ;NL:Q:40551015;Station;Apeldoorn;394,4;148,0;248,9;56,4;205,0;57,0
VZ;NL:Q:40551020;Hoofdstraat;Apeldoorn;13,0;186,7;8,2;182,9;3,7;102,3
VZ;NL:Q:40551021;Amaliapark;Apeldoorn;65,6;5,5;52,4;2,7;41,2;1,8
VZ;NL:Q:40551022;Amaliapark;Apeldoorn;1,7;75,5;1,2;67,3;0,7;47,0
VZ;NL:Q:40551023;Zichtweg;Apeldoorn;24,3;18,0;17,4;15,6;11,8;9,3
VZ;NL:Q:40551024;Zichtweg;Apeldoorn;14,8;24,9;14,7;18,1;8,7;13,2
VZ;NL:Q:40551025;Eendrachtstraat;Apeldoorn;28,2;25,7;25,8;24,9;13,9;12,5
VZ;NL:Q:40551026;Eendrachtstraat;Apeldoorn;21,3;26,2;17,5;23,8;10,1;11,6
VZ;NL:Q:40551027;Aluminiumweg;Apeldoorn;22,5;28,1;14,8;25,6;12,3;12,1
VZ;NL:Q:40551028;Aluminiumweg;Apeldoorn;25,0;16,3;20,7;13,1;10,9;10,4
VZ;NL:Q:40551029;Sebastiaanplein;Apeldoorn;20,6;36,1;13,1;22,2;10,0;15,2
VZ;NL:Q:40551030;Sebastiaanplein;Apeldoorn;33,3;23,5;24,1;14,7;15,2;11,0
VZ;NL:Q:40551031;Chopinlaan;Apeldoorn;21,6;40,9;15,8;17,4;9,9;14,9
VZ;NL:Q:40551032;Chopinlaan;Apeldoorn;47,0;24,6;21,2;16,5;12,0;11,4
VZ;NL:Q:40551033;Laan van Westenenk;Apeldoorn;20,7;18,2;3,6;7,1;2,9;4,6
VZ;NL:Q:40551081;Welgelegenbrug;Apeldoorn;0,3;9,8;0,0;0,0;0,0;0,0
VZ;NL:Q:40551082;Welgelegenbrug;Apeldoorn;11,4;2,0;0,0;0,0;0,0;0,0
VZ;NL:Q:40551084;Station;Apeldoorn;63,7;17,2;21,2;6,9;16,5;4,1
VZ;NL:Q:40551093;Glazeniershorst;Apeldoorn;8,7;17,0;0,0;0,0;0,0;0,0
VZ;NL:Q:40551094;Glazeniershorst;Apeldoorn;20,7;4,3;0,0;0,0;0,0;0,0
VZ;NL:Q:40551097;Laan van Erica;Apeldoorn;14,4;8,5;0,0;0,0;0,0;0,0
VZ;NL:Q:40551110;Hoofdstraat;Apeldoorn;180,1;13,2;156,0;6,5;90,2;3,7
VZ;NL:Q:40551218;Christiaan Geurtsweg;Apeldoorn;4,2;9,1;1,7;5,2;1,0;5,2
VZ;NL:Q:40551219;Christiaan Geurtsweg;Apeldoorn;10,1;7,0;5,8;2,2;5,9;1,6
VZ;NL:Q:40551226;Jean Monnetpark;Apeldoorn;12,5;6,5;3,6;3,5;1,7;2,2
VZ;NL:Q:40551227;Jean Monnetpark;Apeldoorn;6,9;16,6;4,5;3,6;3,1;2,6
VZ;NL:Q:40551229;Laan van Spitsbergen;Apeldoorn;11,7;36,8;4,8;16,8;5,3;14,1
VZ;NL:Q:40551234;Schumanpark;Apeldoorn;8,7;1,9;0,8;0,6;0,5;0,4
VZ;NL:Q:40551235;Schumanpark;Apeldoorn;1,5;12,6;0,4;3,2;0,4;2,8
VZ;NL:Q:40551373;Station;Apeldoorn;311,6;113,8;123,8;50,9;107,0;38,1
VZ;NL:Q:40563003;Heetweg;Stroe;3,4;0,9;1,4;0,8;1,0;0,3
VZ;NL:Q:40563005;Topperweg;Stroe;0,6;0,3;1,2;0,5;0,6;0,3
VZ;NL:Q:40563006;Topperweg;Stroe;0,5;0,6;0,6;1,6;0,3;0,8
VZ;NL:Q:40563007;Kootwijkerdijk;Stroe;0,4;0,1;0,2;0,1;0,2;0,0
VZ;NL:Q:40563008;Kootwijkerdijk;Stroe;0,0;0,4;0,0;0,3;0,1;0,3
VZ;NL:Q:40563009;Ravenweg;Stroe;1,7;0,3;1,1;0,3;0,9;0,1
VZ;NL:Q:40563011;Centrum;Stroe;2,0;1,0;1,1;0,6;0,7;0,3
VZ;NL:Q:40563012;Centrum;Stroe;1,4;1,8;0,6;1,2;0,1;0,7
VZ;NL:Q:40563013;Wolweg/Viaduct;Stroe;0,6;0,9;0,3;0,4;0,5;0,2
VZ;NL:Q:40563014;Wolweg/Viaduct;Stroe;0,8;0,4;0,5;0,2;0,1;0,3
VZ;NL:Q:40563015;Majoor Mulder Kazerne;Stroe;2,5;0,7;0,7;0,6;0,7;0,4
VZ;NL:Q:40563016;Majoor Mulder Kazerne;Stroe;1,3;2,0;0,3;1,1;0,2;0,8
VZ;NL:Q:40563018;Ravenweg;Stroe;0,3;1,4;0,3;0,8;0,2;0,6
VZ;NL:Q:40569008;Militair tehuis;Wittenberg;0,2;0,4;0,1;0,1;0,0;0,2
VZ;NL:Q:40612010;Dennenlaan;Ede;27,2;33,7;17,2;20,8;9,8;13,5
VZ;NL:Q:40612020;Dennenlaan;Ede;3,6;13,4;2,0;6,8;2,0;3,7
VZ;NL:Q:40612030;Ericalaan;Ede;21,7;35,9;10,6;17,3;5,9;16,0
VZ;NL:Q:40612040;Ericalaan;Ede;35,2;21,8;18,6;10,2;11,6;6,4
VZ;NL:Q:40612047;Centrum/Maanderweg;Ede;6,1;36,6;4,0;25,2;1,6;8,1
VZ;NL:Q:40612048;Centrum/Maanderweg;Ede;17,9;8,5;14,1;7,0;3,8;2,1
VZ;NL:Q:40612050;Station Ede Centrum;Ede;31,8;32,5;29,5;30,6;10,0;10,3
VZ;NL:Q:40612051;Jadestraat;Ede;17,0;15,7;18,5;8,8;4,8;4,4
VZ;NL:Q:40612052;Jadestraat;Ede;7,5;18,0;6,0;19,6;3,0;5,6
VZ;NL:Q:40612053;Schaapsweg/Veenderweg;Ede;3,4;6,3;1,9;3,1;0,7;1,6
VZ;NL:Q:40612054;Schaapsweg/Veenderweg;Ede;4,9;3,5;2,9;3,4;1,2;1,1
VZ;NL:Q:40612055;Ganzeweide;Ede;6,1;16,1;3,9;12,6;1,6;7,4
VZ;NL:Q:40612056;Ganzeweide;Ede;14,9;5,1;12,3;3,2;7,4;1,6
VZ;NL:Q:40612059;Mariendaal;Ede;27,6;52,1;19,9;24,1;8,8;14,7
VZ;NL:Q:40612060;Mariendaal;Ede;37,1;21,9;16,4;15,9;9,1;7,6
VZ;NL:Q:40612061;Durendaal;Ede;3,0;3,9;2,7;2,5;1,0;1,4
VZ;NL:Q:40612062;Durendaal;Ede;3,6;4,4;1,3;3,5;0,6;2,1
VZ;NL:Q:40612063;Middelbeek;Ede;4,5;4,7;4,8;3,6;1,9;1,9
VZ;NL:Q:40612064;Middelbeek;Ede;4,0;5,5;2,7;6,1;1,6;2,6
VZ;NL:Q:40612065;Schoutenhof;Ede;4,1;4,6;3,5;3,2;1,7;2,2
VZ;NL:Q:40612067;Aalbeek;Ede;30,7;23,1;27,8;10,4;11,9;7,2
VZ;NL:Q:40612068;Aalbeek;Ede;26,7;23,9;10,7;21,9;6,9;9,6
VZ;NL:Q:40612069;Nienhof;Ede;11,6;7,8;8,6;2,6;3,4;2,6
VZ;NL:Q:40612070;Nienhof;Ede;5,8;9,6;2,0;7,1;1,3;3,6
VZ;NL:Q:40612071;Binnenhof;Ede;18,1;7,9;12,7;4,0;6,5;3,5
VZ;NL:Q:40612072;Binnenhof;Ede;6,2;10,0;2,8;6,7;2,1;4,2
VZ;NL:Q:40612073;Hogerhorst;Ede;43,3;17,7;29,5;7,1;14,8;6,2
VZ;NL:Q:40612074;Hogerhorst;Ede;15,5;27,1;5,3;20,0;4,4;12,9
VZ;NL:Q:40612075;Hoekenburg;Ede;20,1;14,4;12,2;4,7;6,4;4,4
VZ;NL:Q:40612076;Hoekenburg;Ede;12,7;20,8;2,3;12,5;2,2;8,7
VZ;NL:Q:40612077;Kranenburg;Ede;26,4;6,7;19,2;3,8;10,3;2,7
VZ;NL:Q:40612078;Kranenburg;Ede;11,4;26,1;3,8;16,6;2,7;10,4
VZ;NL:Q:40612079;Proosdijerveldweg;Ede;6,4;3,3;5,0;1,2;3,4;0,7
VZ;NL:Q:40612080;Proosdijerveldweg;Ede;4,4;5,3;1,2;4,5;1,1;3,6
VZ;NL:Q:40612081;Cultura;Ede;12,2;41,2;6,9;49,7;3,4;13,3
VZ;NL:Q:40612082;Cultura;Ede;27,6;11,5;25,7;5,9;7,6;2,5
VZ;NL:Q:40612083;Centrum/Grotestraat;Ede;35,1;46,0;24,5;48,3;10,3;13,4
VZ;NL:Q:40612084;Centrum/Grotestraat;Ede;57,1;31,2;62,6;20,1;15,1;8,9
VZ;NL:Q:40612085;Centrum/Raadhuis;Ede;54,9;60,5;26,9;39,2;15,3;24,4
VZ;NL:Q:40612086;Centrum/Raadhuis;Ede;55,7;64,9;37,2;39,2;22,9;29,3
VZ;NL:Q:40612092;Hogewoud;Ede;10,6;14,4;4,1;7,3;2,6;4,1
VZ;NL:Q:40612095;N224/Veldhuizen;Ede;3,7;3,1;2,8;2,1;1,8;1,0
VZ;NL:Q:40612096;N224/Veldhuizen;Ede;3,5;4,8;1,8;4,0;1,1;2,8
VZ;NL:Q:40612097;Stakenberg;Ede;16,7;11,1;10,0;6,9;4,9;3,3
VZ;NL:Q:40612098;Stakenberg;Ede;13,2;22,8;7,2;15,0;3,9;7,8
VZ;NL:Q:40612101;Schaapsweg/Molenstraat;Ede;8,5;4,2;2,8;2,8;2,0;1,1
VZ;NL:Q:40612103;Schaapsweg/Molenstraat;Ede;4,1;7,8;1,8;2,5;0,8;2,0
VZ;NL:Q:40612105;Station Ede Centrum;Ede;28,5;49,8;27,8;41,1;9,6;11,3
VZ;NL:Q:40612118;De Bosrand;Ede;3,9;9,6;3,1;7,2;2,0;4,8
VZ;NL:Q:40612119;Schutterweg;Ede;3,7;2,4;0,3;0,2;0,1;0,1
VZ;NL:Q:40612120;Schutterweg;Ede;3,3;4,5;0,2;0,2;0,0;0,1
VZ;NL:Q:40612121;Cannenburgerbos;Ede;10,4;12,5;3,8;5,3;3,2;3,3
VZ;NL:Q:40612123;Lagewoud;Ede;13,1;13,3;5,8;9,9;4,7;4,9
VZ;NL:Q:40612124;Lagewoud;Ede;23,2;14,2;13,5;6,0;5,1;4,1
VZ;NL:Q:40612127;Darwinstraat;Ede;10,2;1,9;0,3;0,2;0,1;0,0
VZ;NL:Q:40612128;Darwinstraat;Ede;2,7;13,2;0,2;0,2;0,2;0,1
VZ;NL:Q:40612129;Veenwoud;Ede;16,6;18,9;9,2;13,0;4,5;6,5
VZ;NL:Q:40612130;Veenwoud;Ede;21,3;16,0;15,3;7,9;7,5;4,6
VZ;NL:Q:40622091;Hogewoud;Ede;19,2;10,3;10,4;5,2;5,1;3,5
VZ;NL:Q:40622117;De Bosrand;Ede;7,9;3,9;5,2;3,3;3,4;2,4
VZ;NL:Q:40622119;Driesprong;Ede;7,6;3,2;5,2;2,1;3,7;0,9
VZ;NL:Q:40622120;Driesprong;Ede;2,2;8,9;2,4;5,5;2,7;4,4
VZ;NL:Q:40622121;Hoge Valksedijk;Ede;0,6;0,1;0,5;0,4;0,7;0,0
VZ;NL:Q:40622122;Hoge Valksedijk;Ede;0,1;0,5;0,2;0,5;0,0;0,4
VZ;NL:Q:40622123;De Valouwe;Ede;0,1;0,0;0,1;0,0;0,1;0,1
VZ;NL:Q:40622124;De Valouwe;Ede;0,0;0,4;0,1;1,3;0,1;0,3
VZ;NL:Q:40622126;Wekeromse Zand;Ede;0,1;0,8;0,1;0,7;0,0;0,6
VZ;NL:Q:40631001;School met de Bijbel;De Valk;0,0;0,2;0,0;0,2;0,0;0,0
VZ;NL:Q:40631002;School met de Bijbel;De Valk;0,2;0,1;0,1;0,0;0,0;0,0
VZ;NL:Q:40631003;Geref. Gemeente;De Valk;0,0;0,0;0,0;0,0;0,0;0,0
VZ;NL:Q:40631004;Geref. Gemeente;De Valk;0,0;0,0;0,1;0,0;0,0;0,0
VZ;NL:Q:40631005;Lage Valkseweg;De Valk;1,4;1,6;0,2;0,4;0,1;0,2
VZ;NL:Q:40631009;Cooperatie;De Valk;0,0;0,0;0,0;0,0;0,0;0,0
VZ;NL:Q:40631010;Cooperatie;De Valk;0,0;0,0;0,1;0,0;0,0;0,0
VZ;NL:Q:40649001;Busstation;Wittenberg;20,4;10,4;7,1;5,0;5,7;8,7
VZ;NL:Q:40649002;Busstation;Wittenberg;14,6;12,8;7,8;6,9;4,3;6,2
VZ;NL:Q:40649009;Militair tehuis;Wittenberg;0,4;2,8;0,2;2,0;0,1;2,2
VZ;NL:Q:40664003;Garderbroekerweg;Kootwijkerbroek;0,0;0,0;0,0;0,0;0,0;0,0
VZ;NL:Q:40664004;Garderbroekerweg;Kootwijkerbroek;0,1;0,0;0,0;0,0;0,0;0,0
VZ;NL:Q:40664007;Kosterijweg;Kootwijkerbroek;0,1;0,1;0,0;0,0;0,0;0,0
VZ;NL:Q:40664008;Kosterijweg;Kootwijkerbroek;0,3;0,0;0,0;0,0;0,0;0,0
VZ;NL:Q:40664009;Essenerweg;Kootwijkerbroek;0,0;0,1;0,0;0,0;0,0;0,0
VZ;NL:Q:40664010;Essenerweg;Kootwijkerbroek;0,2;0,0;0,0;0,0;0,0;0,0
VZ;NL:Q:40664011;Nachtegaalweg;Kootwijkerbroek;0,0;0,0;0,0;0,0;0,0;0,0
VZ;NL:Q:40664012;Nachtegaalweg;Kootwijkerbroek;0,0;0,0;0,0;0,0;0,0;0,0
VZ;NL:Q:40664013;Wencopperweg;Kootwijkerbroek;0,0;0,0;0,0;0,0;0,0;0,0
VZ;NL:Q:40664014;Wencopperweg;Kootwijkerbroek;0,1;0,0;0,0;0,0;0,0;0,0
VZ;NL:Q:40664015;Gereformeerde Kerk;Kootwijkerbroek;0,0;0,0;0,0;0,0;0,0;0,0
VZ;NL:Q:40664016;Gereformeerde Kerk;Kootwijkerbroek;0,0;0,0;0,0;0,0;0,0;0,0
VZ;NL:Q:40712009;Pascalstraat;Ede;10,9;11,3;1,1;2,7;1,7;3,9
VZ;NL:Q:40712010;Pascalstraat;Ede;12,1;23,5;2,4;2,5;3,4;4,7
VZ;NL:Q:40712011;Lumierestraat;Ede;10,4;4,9;0,5;0,6;0,8;0,4
VZ;NL:Q:40712012;Lumierestraat;Ede;4,8;14,2;0,7;0,8;0,3;1,1
VZ;NL:Q:40712013;Niels Bohrstraat;Ede;8,7;3,7;1,2;0,5;0,6;0,4
VZ;NL:Q:40712014;Niels Bohrstraat;Ede;3,3;9,6;0,8;0,8;0,4;0,5
VZ;NL:Q:40712019;Pakhuisweg;Ede;0,7;0,7;0,2;0,3;0,2;0,3
VZ;NL:Q:40712020;Pakhuisweg;Ede;0,8;0,9;0,2;0,2;0,2;0,2
VZ;NL:Q:40712021;Kievitsmeent;Ede;4,4;7,8;0,8;2,4;0,3;1,3
VZ;NL:Q:40712022;Kievitsmeent;Ede;7,1;4,4;2,3;1,6;1,2;0,5
VZ;NL:Q:40712137;Einsteinstraat;Ede;6,3;24,1;2,8;11,9;1,3;7,3
VZ;NL:Q:40712138;Einsteinstraat;Ede;24,5;15,8;12,2;8,0;6,8;5,2
VZ;NL:Q:40712159;Amperestraat;Ede;18,2;5,4;1,1;0,6;0,8;0,3
VZ;NL:Q:40712160;Amperestraat;Ede;6,9;24,8;0,8;1,0;0,1;0,6
VZ;NL:Q:40715013;Buurtlaan-Oost;Veenendaal;1,6;0,3;0,4;0,1;0,4;0,2
VZ;NL:Q:40726001;Hooiweg;Garderen;1,3;4,3;2,3;4,3;0,4;1,2
VZ;NL:Q:40726002;Hooiweg;Garderen;3,6;1,6;3,8;2,3;1,9;0,3
VZ;NL:Q:40726003;Bakkerstraat;Garderen;5,2;7,8;3,0;4,7;3,1;2,5
VZ;NL:Q:40726004;Bakkerstraat;Garderen;7,3;6,2;3,8;4,1;3,1;2,0
VZ;NL:Q:40726005;Buurtstraat;Garderen;0,9;2,7;0,3;1,9;0,3;0,9
VZ;NL:Q:40726006;Buurtstraat;Garderen;3,0;1,1;0,9;0,4;1,1;0,1
VZ;NL:Q:40726007;Heideheuvel;Garderen;0,9;3,1;0,7;2,2;0,3;1,1
VZ;NL:Q:40726008;Heideheuvel;Garderen;1,9;0,9;1,1;0,9;1,2;0,4
VZ;NL:Q:40726009;De Hertshoorn;Garderen;1,4;2,9;1,6;2,7;1,3;2,1
VZ;NL:Q:40726010;De Hertshoorn;Garderen;2,5;1,3;2,3;1,3;2,8;1,4
VZ;NL:Q:40750001;Station;Lunteren;2,0;13,5;0,6;4,4;0,0;0,0
VZ;NL:Q:40750003;Roskammersteeg;Lunteren;0,1;2,2;0,1;1,6;0,0;0,0
VZ;NL:Q:40750004;Roskammersteeg;Lunteren;1,9;0,0;1,5;0,0;0,0;0,0
VZ;NL:Q:40750005;Hertenlaan;Lunteren;0,2;1,8;0,0;0,2;0,0;0,0
VZ;NL:Q:40750006;Hertenlaan;Lunteren;2,1;0,1;0,2;0,0;0,0;0,0
VZ;NL:Q:40750007;Everlaan;Lunteren;0,6;0,6;0,3;0,3;0,0;0,0
VZ;NL:Q:40750009;Viaduct;Lunteren;0,2;0,3;0,1;0,2;0,0;0,0
VZ;NL:Q:40750010;Viaduct;Lunteren;0,2;0,3;0,2;0,2;0,0;0,0
VZ;NL:Q:40750013;De Molen;Lunteren;0,1;0,5;0,0;1,0;0,0;0,0
VZ;NL:Q:40750014;De Molen;Lunteren;0,7;0,2;1,0;0,1;0,0;0,0
VZ;NL:Q:40750015;De Wormshoef;Lunteren;0,1;0,5;0,1;0,1;0,0;0,0
VZ;NL:Q:40750016;De Wormshoef;Lunteren;0,2;0,1;0,0;0,0;0,0;0,0
VZ;NL:Q:40751003;Rehoboth;Meulunteren;0,0;0,3;0,0;0,3;0,0;0,0
VZ;NL:Q:40751004;Rehoboth;Meulunteren;0,2;0,0;0,0;0,0;0,0;0,0
VZ;NL:Q:40751005;Bijweg;Meulunteren;0,0;0,2;0,0;0,2;0,0;0,0
VZ;NL:Q:40751006;Bijweg;Meulunteren;0,2;0,0;0,1;0,0;0,0;0,0
VZ;NL:Q:40751011;Hessenweg;Meulunteren;0,0;0,7;0,2;0,4;0,0;0,0
VZ;NL:Q:40751012;Hessenweg;Meulunteren;0,6;0,0;0,4;0,0;0,0;0,0
VZ;NL:Q:40755075;Schaffelaartheater;Barneveld;0,8;3,3;0,2;1,8;0,0;0,0
VZ;NL:Q:40755085;Schaffelaartheater;Barneveld;1,5;0,1;0,5;0,0;0,0;0,0
VZ;NL:Q:40760005;Valkseweg;Barneveld;0,5;6,5;0,4;1,7;0,1;1,4
VZ;NL:Q:40760010;Valkseweg;Barneveld;7,6;1,0;1,8;0,2;1,6;0,1
VZ;NL:Q:40761001;Van Lodenstein College;Barneveld;0,0;0,0;0,0;0,0;0,0;0,0
VZ;NL:Q:40761002;Van Lodenstein College;Barneveld;0,0;0,0;0,0;0,0;0,0;0,0
VZ;NL:Q:40761003;Lange Voren;Barneveld;1,7;15,0;0,5;1,9;0,3;1,0
VZ;NL:Q:40761004;Lange Voren;Barneveld;15,4;1,9;2,1;0,8;1,2;0,4
VZ;NL:Q:40765009;Julianaplein;Barneveld;1,7;0,1;0,3;0,0;0,3;0,1
VZ;NL:Q:40765010;Julianaplein;Barneveld;0,1;1,7;0,0;0,6;0,0;0,4
VZ;NL:Q:40765011;Van Dompselaerstraat;Barneveld;0,6;0,4;0,1;0,2;0,2;0,1
VZ;NL:Q:40765012;Van Dompselaerstraat;Barneveld;0,4;4,5;0,1;1,5;0,0;1,4
VZ;NL:Q:40765013;Station Barneveld Centrum;Barneveld;12,9;57,4;8,9;23,8;3,1;10,0
VZ;NL:Q:40765014;Station Barneveld Centrum;Barneveld;81,0;5,1;36,6;5,3;21,0;2,7
VZ;NL:Q:40765029;Narcissenstraat;Barneveld;0,8;1,0;0,2;0,6;0,0;0,0
VZ;NL:Q:40765030;Narcissenstraat;Barneveld;1,1;1,0;0,3;0,2;0,0;0,0
VZ;NL:Q:40765031;Begraafplaats De Plantage;Barneveld;0,2;0,4;0,0;0,0;0,0;0,0
VZ;NL:Q:40765032;Begraafplaats De Plantage;Barneveld;0,4;0,1;0,0;0,0;0,0;0,0
VZ;NL:Q:40765045;Evenementenhal;Barneveld;8,9;9,3;6,2;8,4;3,8;4,2
VZ;NL:Q:40765047;Troelstralaan;Barneveld;8,2;1,8;0,5;0,8;0,4;0,1
VZ;NL:Q:40765048;Troelstralaan;Barneveld;1,5;20,7;0,2;2,1;0,0;0,7
VZ;NL:Q:40765061;Churchillstraat;Barneveld;0,6;0,7;0,0;0,1;0,0;0,0
VZ;NL:Q:40765062;Churchillstraat;Barneveld;0,1;0,3;0,1;0,0;0,0;0,0
VZ;NL:Q:40765073;Vellerselaan;Barneveld;0,1;0,0;0,0;0,0;0,0;0,0
VZ;NL:Q:40765074;Vellerselaan;Barneveld;0,0;0,4;0,0;0,0;0,0;0,0
VZ;NL:Q:40800321;Korte Dreef;Veenendaal;0,7;2,3;0,4;0,8;0,0;0,0
VZ;NL:Q:40800322;Korte Dreef;Veenendaal;3,6;0,6;1,2;0,3;0,0;0,0
VZ;NL:Q:40800325;Stationsstraat;Veenendaal;0,5;1,6;0,1;0,2;0,0;0,0
VZ;NL:Q:40800326;Stationsstraat;Veenendaal;1,5;1,0;0,6;0,3;0,0;0,0
VZ;NL:Q:40800370;Griftweg;De Klomp;0,8;0,9;0,1;0,8;0,0;0,0
VZ;NL:Q:40800380;Griftweg;De Klomp;0,8;2,8;0,7;0,7;0,0;0,0
VZ;NL:Q:40800390;De Grote Pekken;Veenendaal;12,4;2,5;2,1;1,2;2,3;1,0
VZ;NL:Q:40800400;De Grote Pekken;Veenendaal;1,0;11,2;0,3;3,5;0,2;3,0
VZ;NL:Q:40800410;Rembrandtpark;Veenendaal;12,7;2,8;4,4;1,0;0,0;0,0
VZ;NL:Q:40800420;Rembrandtpark;Veenendaal;3,1;9,5;0,3;2,0;0,0;0,0
VZ;NL:Q:40800430;Rossiniweg;Veenendaal;4,1;1,8;0,0;0,1;0,0;0,0
VZ;NL:Q:40800440;Jan Vermeerstraat;Veenendaal;0,8;4,4;0,3;1,1;0,0;0,0
VZ;NL:Q:40800450;Jan Vermeerstraat;Veenendaal;4,4;1,0;1,1;0,4;0,0;0,0
VZ;NL:Q:40800470;Station West;Veenendaal;9,8;4,5;0,8;1,0;0,0;0,0
VZ;NL:Q:40800480;Station West;Veenendaal;5,5;8,8;0,9;0,2;0,0;0,0
VZ;NL:Q:40800490;Boekvink;Veenendaal;2,2;1,5;0,4;0,3;0,0;0,0
VZ;NL:Q:40800500;Boekvink;Veenendaal;1,7;1,7;0,2;0,1;0,0;0,0
VZ;NL:Q:40800510;Tuinfluiter;Veenendaal;1,0;1,4;0,1;0,3;0,0;0,0
VZ;NL:Q:40800520;Tuinfluiter;Veenendaal;1,9;1,3;0,1;0,0;0,0;0,0
VZ;NL:Q:40800610;Spitsbergenweg;Veenendaal;0,7;6,6;0,4;1,0;0,5;1,2
VZ;NL:Q:40800620;Spitsbergenweg;Veenendaal;7,7;1,2;1,0;0,7;1,2;0,9
VZ;NL:Q:40800630;De Meent;Veenendaal;1,1;7,8;0,4;1,0;0,5;1,0
VZ;NL:Q:40800640;De Meent;Veenendaal;8,6;1,2;0,9;0,4;0,9;0,5
VZ;NL:Q:40800700;'t Kofschip;Veenendaal;1,7;3,8;0,2;0,7;0,0;0,0
VZ;NL:Q:40800710;'t Kofschip;Veenendaal;4,9;1,5;0,3;0,3;0,0;0,0
VZ;NL:Q:40800800;Rossiniweg;Veenendaal;2,4;2,6;0,2;0,4;0,0;0,0
VZ;NL:Q:40800820;Zwaaiplein;Veenendaal;11,5;2,3;7,3;1,7;0,0;0,0
VZ;NL:Q:40800830;Zwaaiplein;Veenendaal;3,5;8,3;1,9;4,8;0,0;0,0
VZ;NL:Q:40800910;Arsenaal;Veenendaal;1,2;0,9;0,0;0,3;0,0;0,0
VZ;NL:Q:40800920;Arsenaal;Veenendaal;0,7;1,2;0,1;0,3;0,0;0,0
VZ;NL:Q:40800930;Kazemat;Veenendaal;0,1;1,0;0,0;0,1;0,0;0,0
VZ;NL:Q:40800940;Kazemat;Veenendaal;2,1;0,4;0,0;0,0;0,0;0,0
VZ;NL:Q:40800960;Händellaan;Veenendaal;1,2;1,6;0,0;0,1;0,0;0,0
VZ;NL:Q:40800970;Händellaan;Veenendaal;1,6;1,0;0,0;0,1;0,0;0,0
VZ;NL:Q:40800980;Smetanadreef;Veenendaal;1,9;1,0;0,1;0,1;0,0;0,0
VZ;NL:Q:40800990;Smetanadreef;Veenendaal;1,1;1,8;0,2;0,3;0,0;0,0
VZ;NL:Q:40801300;Landjuweel;Veenendaal;1,3;3,1;0,2;0,5;0,0;0,0
VZ;NL:Q:40801310;Landjuweel;Veenendaal;2,9;1,3;0,8;0,2;0,0;0,0
VZ;NL:Q:40801320;Klovenier;Veenendaal;0,7;1,4;0,0;0,4;0,0;0,0
VZ;NL:Q:40801330;Klovenier;Veenendaal;0,9;2,0;0,3;0,1;0,0;0,0
VZ;NL:Q:40801360;Gildetrom;Veenendaal;0,8;2,1;0,0;0,4;0,0;0,0
VZ;NL:Q:40801370;Gildetrom;Veenendaal;0,4;1,6;0,1;0,1;0,0;0,0
VZ;NL:Q:40801410;Regge;Veenendaal;1,5;5,3;0,2;0,6;0,0;0,0
VZ;NL:Q:40801420;Regge;Veenendaal;7,2;1,9;0,5;0,2;0,0;0,0
VZ;NL:Q:40801480;Stat. Centrum/Kerkewijk;Veenendaal;12,9;72,2;1,8;13,4;0,0;0,0
VZ;NL:Q:40801510;Munnikenweg;Veenendaal;6,8;3,5;0,3;0,7;0,0;0,0
VZ;NL:Q:40801520;Munnikenweg;Veenendaal;5,4;4,5;0,6;0,3;0,0;0,0
VZ;NL:Q:40801540;Stat. Centrum/Rembrandtlaan;Veenendaal;5,0;3,3;1,8;0,8;0,0;0,0
VZ;NL:Q:40802001;Heuvelsesteeg;Overberg;0,4;0,3;0,2;0,3;0,0;0,0
VZ;NL:Q:40802003;Bergweg;Overberg;0,4;0,4;0,1;0,0;0,0;0,0
VZ;NL:Q:40802005;De Ossenberg;Overberg;1,2;0,9;1,3;0,7;0,0;0,0
VZ;NL:Q:40802007;Rijksinrichting de Overberg;Overberg;0,1;0,1;0,2;0,1;0,0;0,0
VZ;NL:Q:40802009;Driesprong;Overberg;0,7;0,1;0,4;0,2;0,0;0,0
VZ;NL:Q:40802011;Slaperdijk;Overberg;1,1;0,1;0,6;0,1;0,0;0,0
VZ;NL:Q:40802014;Haarweg School;Overberg;0,2;0,3;0,0;0,1;0,0;0,0
VZ;NL:Q:40802016;Haspel;Overberg;0,1;0,8;0,0;0,2;0,0;0,0
VZ;NL:Q:40802018;Haarweg/Eindseweg;Overberg;0,1;0,2;0,0;0,1;0,0;0,0
VZ;NL:Q:40805005;Prins Clauslaan;Veenendaal;13,3;2,1;2,5;1,6;4,0;1,1
VZ;NL:Q:40805006;Prins Clauslaan;Veenendaal;1,8;11,1;1,2;2,6;1,2;3,0
VZ;NL:Q:40805007;Sirius;Veenendaal;4,9;22,5;2,3;4,3;2,3;5,8
VZ;NL:Q:40805008;Sirius;Veenendaal;23,9;4,9;3,9;2,3;5,4;1,8
VZ;NL:Q:40805014;Buurtlaan-Oost;Veenendaal;0,2;3,2;0,3;0,7;0,1;0,5
VZ;NL:Q:40805015;Van Veldekelaan;Veenendaal;0,0;0,8;0,0;0,1;0,0;0,0
VZ;NL:Q:40805016;Van Veldekelaan;Veenendaal;0,1;0,0;0,1;0,0;0,0;0,0
VZ;NL:Q:40805017;Station West;Veenendaal;3,4;1,3;1,4;1,1;0,0;0,0
VZ;NL:Q:40805018;Station West;Veenendaal;0,9;3,4;0,7;1,5;0,0;0,0
VZ;NL:Q:40805027;Politiebureau;Veenendaal;22,4;4,3;6,7;2,6;7,2;2,3
VZ;NL:Q:40805028;Politiebureau;Veenendaal;2,6;27,1;1,7;7,9;1,0;8,2
VZ;NL:Q:40805120;Stat. Centrum/Plein;Veenendaal;74,6;15,1;17,2;8,6;21,8;18,9
VZ;NL:Q:40806010;Centrum/ Wolweg;Veenendaal;4,0;5,2;2,9;3,9;0,0;0,0
VZ;NL:Q:40806020;Centrum/ Wolweg;Veenendaal;9,0;3,2;4,4;2,3;0,0;0,0
VZ;NL:Q:40806030;Dijkstraat-West;Veenendaal;0,8;0,0;0,3;0,1;0,0;0,0
VZ;NL:Q:40806040;Dijkstraat-West;Veenendaal;0,0;0,8;0,0;0,5;0,0;0,0
VZ;NL:Q:40829001;Hessenweg;Koudhoorn;0,6;1,7;0,3;1,0;0,3;0,7
VZ;NL:Q:40829002;Hessenweg;Koudhoorn;1,0;0,7;0,8;0,5;0,5;0,3
VZ;NL:Q:40829003;Wildforsterweg;Koudhoorn;1,1;3,9;0,8;3,7;1,1;2,4
VZ;NL:Q:40829004;Wildforsterweg;Koudhoorn;3,7;0,8;3,5;0,5;2,8;0,6
VZ;NL:Q:40829007;School Schovenhorst;Koudhoorn;0,2;1,3;0,5;0,9;0,2;0,4
VZ;NL:Q:40829008;School Schovenhorst;Putten;0,7;0,2;1,1;0,3;0,2;0,2
VZ;NL:Q:40829010;Landgoed Schovenhorst;Koudhoorn;0,5;0,4;0,9;0,6;0,6;0,4
VZ;NL:Q:41151220;Station Westervoort;Westervoort;0,0;0,0;0,0;0,0;0,0;0,0
VZ;NL:Q:41220010;Avegoor;Ellecom;0,1;1,3;0,0;0,8;0,0;0,8
VZ;NL:Q:41220030;Oprijlaan Middachten;De Steeg;0,0;0,7;0,0;0,5;0,0;0,4
VZ;NL:Q:41220040;Oprijlaan Middachten;De Steeg;0,0;0,0;0,1;0,0;0,1;0,0
VZ;NL:Q:41220050;Smidsallee;De Steeg;0,0;1,0;0,0;0,7;0,0;0,4
VZ;NL:Q:41220060;Smidsallee;De Steeg;0,9;0,0;0,6;0,0;0,4;0,0
VZ;NL:Q:41220070;Brantsenpark;De Steeg;0,6;7,7;0,1;3,4;0,0;1,8
VZ;NL:Q:41220080;Brantsenpark;De Steeg;3,9;0,0;1,8;0,0;0,9;0,0
VZ;NL:Q:41220090;Viaduct;De Steeg;0,1;1,5;0,0;0,2;0,0;0,3
VZ;NL:Q:41220100;Viaduct;De Steeg;0,4;0,0;0,0;0,0;0,0;0,0
VZ;NL:Q:41220110;Rozenbos;Rheden;0,1;0,7;0,0;0,2;0,0;0,1
VZ;NL:Q:41220120;Rozenbos;Rheden;0,4;0,0;0,2;0,0;0,0;0,0
VZ;NL:Q:41220130;Pinkelseweg;Rheden;0,0;1,1;0,0;0,4;0,0;0,4
VZ;NL:Q:41220140;Pinkelseweg;Rheden;0,7;0,0;0,1;0,0;0,2;0,0
VZ;NL:Q:41220150;Groenestraat;Rheden;0,3;8,6;0,0;3,1;0,0;2,8
VZ;NL:Q:41220160;Groenestraat;Rheden;5,8;0,0;2,6;0,0;2,9;0,0
VZ;NL:Q:41220170;Holtbankseweg;Rheden;0,0;3,0;0,1;0,9;0,0;0,7
VZ;NL:Q:41220180;Holtbankseweg;Rheden;1,6;0,0;0,8;0,0;0,6;0,0
VZ;NL:Q:41220190;Rhederhof;Rheden;0,2;3,3;0,1;1,4;0,1;1,3
VZ;NL:Q:41220200;Rhederhof;Rheden;2,6;0,0;1,0;0,0;1,0;0,0
VZ;NL:Q:41220220;Hotel De Roskam;Rheden;12,1;0,1;1,7;0,0;1,5;0,0
VZ;NL:Q:41250130;Van Goyenstraat;Duiven;0,0;0,0;0,0;0,0;0,0;0,0
VZ;NL:Q:41320111;Station Dieren;Dieren;33,2;88,2;10,5;37,6;8,9;30,8
VZ;NL:Q:41320112;Station Dieren;Dieren;88,1;0,1;35,2;0,0;25,1;0,0
VZ;NL:Q:41320150;Hofstetten;Ellecom;0,0;1,9;0,0;1,4;0,0;0,9
VZ;NL:Q:41320160;Hofstetten;Ellecom;0,8;0,0;1,0;0,0;0,3;0,0
VZ;NL:Q:41320170;Dorp;Ellecom;0,3;4,0;0,1;2,2;0,0;1,9
VZ;NL:Q:41320180;Dorp;Ellecom;2,7;0,0;1,3;0,0;1,0;0,0
VZ;NL:Q:41320200;Avegoor;Ellecom;0,4;0,0;0,2;0,0;0,3;0,0
VZ;NL:Q:41327003;Callunaplein;Dieren;20,0;8,8;8,4;4,0;4,7;2,2
VZ;NL:Q:41327004;Callunaplein;Dieren;12,4;21,6;5,2;7,7;2,9;4,1
VZ;NL:Q:41327005;Rode Kruislaan;Dieren;20,6;8,0;4,3;3,2;2,9;1,9
VZ;NL:Q:41327006;Rode Kruislaan;Dieren;6,1;19,1;2,7;5,2;1,8;3,3
VZ;NL:Q:41327007;Geitenbergweg;Dieren;39,3;8,3;9,2;3,1;6,2;3,2
VZ;NL:Q:41327008;Geitenbergweg;Dieren;9,3;33,9;3,6;8,0;3,0;5,6
VZ;NL:Q:41327009;Crematorium;Dieren;12,4;2,9;4,7;1,0;3,7;0,6
VZ;NL:Q:41327010;Crematorium;Dieren;3,4;11,3;1,2;4,3;0,9;4,3
VZ;NL:Q:41327011;Cederlaan;Dieren;23,0;3,8;10,9;3,1;9,6;1,6
VZ;NL:Q:41327012;Cederlaan;Dieren;3,7;21,3;2,5;10,0;1,5;8,4
VZ;NL:Q:49821001;Station;Putten;61,1;53,6;50,4;40,1;46,2;30,6
VZ;NL:Q:49821003;Stationsstraat;Putten;1,2;1,0;0,8;0,5;0,5;0,5
VZ;NL:Q:49821004;Stationsstraat;Putten;0,3;2,6;0,2;1,1;0,1;0,7
VZ;NL:Q:49821011;Centrum;Putten;8,8;10,7;8,1;4,8;6,0;2,4
VZ;NL:Q:49821012;Centrum;Putten;13,8;9,1;7,4;8,4;3,2;6,3
VZ;NL:Q:49821013;Calcariaweg;Putten;2,9;2,9;1,0;3,0;1,3;2,0
VZ;NL:Q:49821014;Calcariaweg;Putten;3,0;2,4;2,1;1,0;2,1;0,7
VZ;NL:Q:49821027;Dorpsstraat;Putten;2,9;9,3;1,8;8,3;2,2;4,2
VZ;NL:Q:49821028;Dorpsstraat;Putten;8,7;2,0;6,5;2,0;3,6;1,0
VZ;NL:Q:49821029;Kerkstraat;Putten;3,4;9,0;1,7;6,4;0,9;4,7
VZ;NL:Q:49821030;Kerkstraat;Putten;8,9;3,9;5,6;2,0;3,9;1,1
VZ;NL:Q:49829009;Landgoed Schovenhorst;Koudhoorn;0,3;0,6;0,3;1,1;0,7;0,6
VZ;NL:Q:50423060;Hoornbeeck/Van Lodenstein;Amersfoort;0,7;1,6;0,0;0,0;0,0;0,0
VZ;NL:Q:50610080;Holevoetplein;Scherpenzeel;0,8;2,5;0,3;0,4;0,0;0,0
VZ;NL:Q:50610090;Holevoetplein;Scherpenzeel;3,2;0,7;0,6;0,1;0,0;0,0
VZ;NL:Q:50610100;Kerk;Scherpenzeel;0,1;3,6;0,1;0,9;0,0;0,0
VZ;NL:Q:50610110;Kerk;Scherpenzeel;3,9;0,0;1,5;0,0;0,0;0,0
VZ;NL:Q:50610290;Barneveldsestraat;Scherpenzeel;0,0;0,0;0,0;0,0;0,0;0,0
VZ;NL:Q:50610300;Barneveldsestraat;Scherpenzeel;0,0;0,0;0,0;0,0;0,0;0,0
VZ;NL:Q:50617003;Vijverlaan;Scherpenzeel;0,1;0,0;0,0;0,0;0,0;0,0
VZ;NL:Q:50617004;Vijverlaan;Scherpenzeel;0,0;1,0;0,0;0,2;0,0;0,0
VZ;NL:Q:50617007;Eikenlaan;Scherpenzeel;1,7;0,0;0,6;0,0;0,0;0,0
VZ;NL:Q:50617008;Eikenlaan;Scherpenzeel;0,1;1,7;0,0;0,5;0,0;0,0
VZ;NL:Q:50617009;De Haar;Scherpenzeel;0,1;0,0;0,0;0,0;0,0;0,0
VZ;NL:Q:50617010;De Haar;Scherpenzeel;0,1;0,2;0,0;0,0;0,0;0,0
VZ;NL:Q:50617011;Huigenbosch;Scherpenzeel;0,3;0,0;0,0;0,0;0,0;0,0
VZ;NL:Q:50617012;Huigenbosch;Scherpenzeel;0,0;0,2;0,0;0,0;0,0;0,0
VZ;NL:Q:50710030;De Dennen;Renswoude;0,0;0,0;0,0;0,0;0,0;0,0
VZ;NL:Q:50710040;Barneveldsestraat;Renswoude;0,1;0,0;0,0;0,0;0,0;0,0
VZ;NL:Q:50710050;Barneveldsestraat;Renswoude;0,0;0,5;0,0;0,0;0,0;0,0
VZ;NL:Q:50710060;Kerkstraat;Renswoude;0,0;0,0;0,0;0,0;0,0;0,0
VZ;NL:Q:50710070;Kerkstraat;Renswoude;0,0;0,1;0,0;0,0;0,0;0,0
VZ;NL:Q:50763001;Licht en Ruimte;De Glind;0,4;0,0;0,0;0,0;0,0;0,0
VZ;NL:Q:50763002;Licht en Ruimte;De Glind;0,0;0,4;0,0;0,2;0,0;0,0
VZ;NL:Q:50763003;Prinses Beatrixschool;De Glind;0,1;0,0;0,1;0,1;0,0;0,0
VZ;NL:Q:50763004;Prinses Beatrixschool;De Glind;0,0;0,1;0,0;0,0;0,0;0,0
VZ;NL:Q:50763005;De Glind;De Glind;0,3;0,0;0,1;0,0;0,0;0,0
VZ;NL:Q:50763006;De Glind;De Glind;0,1;1,0;0,0;0,5;0,0;0,0
VZ;NL:Q:50763007;Schoonderbekerweg;De Glind;21,4;0,5;7,5;0,5;0,0;0,0
VZ;NL:Q:50763008;Schoonderbekerweg;De Glind;0,9;18,4;0,4;5,4;0,0;0,0
VZ;NL:Q:50765067;Anthonie Fokkerstraat;Barneveld;4,9;1,7;0,8;0,1;0,0;0,0
VZ;NL:Q:50765068;Anthonie Fokkerstraat;Barneveld;0,6;6,3;0,2;0,7;0,0;0,0
VZ;NL:Q:50767013;Kolfschoten;Scherpenzeel;0,1;0,0;0,0;0,0;0,0;0,0
VZ;NL:Q:50767014;Kolfschoten;Scherpenzeel;0,0;0,2;0,0;0,0;0,0;0,0
VZ;NL:Q:50769001;Klein Moorst;De Glind;0,5;0,1;0,2;0,1;0,0;0,0
VZ;NL:Q:50769002;Klein Moorst;De Glind;0,2;0,5;0,0;0,3;0,0;0,0
VZ;NL:Q:50812001;Stat. Veenendaal-De Klomp;De Klomp;28,8;30,1;7,4;3,8;0,0;0,0
VZ;NL:Q:50812002;Stat. Veenendaal-De Klomp;De Klomp;106,7;114,9;66,9;64,2;29,3;30,5
VZ;NL:Q:50812003;Stat. Veenendaal-De Klomp;De Klomp;26,5;31,4;9,4;14,8;0,0;0,0
VZ;NL:Q:50814001;Scheivoor;De Klomp;0,2;2,9;0,0;1,2;0,0;0,0
VZ;NL:Q:50814002;Scheivoor;De Klomp;0,4;0,2;0,0;0,1;0,0;0,0
VZ;NL:Q:50814003;School;Ederveen;0,7;0,9;0,1;0,6;0,0;0,0
VZ;NL:Q:50814004;School;Ederveen;1,1;0,9;0,7;0,2;0,0;0,0
VZ;NL:Q:50814005;Hortensiastraat;Ederveen;2,8;1,8;1,1;0,9;0,0;0,0
VZ;NL:Q:50814006;Hortensiastraat;Ederveen;2,3;2,8;1,9;1,0;0,0;0,0
VZ;NL:Q:50814007;Luntersekade;Ederveen;0,5;0,5;0,2;0,1;0,0;0,0
VZ;NL:Q:50814011;Kruisbeekweg;Ederveen;2,5;3,3;1,9;3,1;0,0;0,0
VZ;NL:Q:50814012;Kruisbeekweg;Ederveen;3,1;2,9;4,5;1,8;0,0;0,0
VZ;NL:Q:50814013;Drieenhuizerweg;Ederveen;0,2;0,2;0,1;0,4;0,0;0,0
VZ;NL:Q:50814014;Drieenhuizerweg;Ederveen;0,3;0,2;0,0;0,1;0,0;0,0
VZ;NL:Q:91000116;Station;Lunteren;17,9;1,1;6,5;0,4;0,0;0,0
