STOPPLACECODE;NAME;TOWN;INSTAP_WERK;UITSTAP_WERK;INSTAP_ZA;UITSTAP_ZA;INSTAP_ZO;UITSTAP_ZO
NL:S:18500010;Noordikslaan;Almelo;0,0;0,9;0,0;0,0;0,0;0,0
NL:S:30007148;Weerdestein;Amsterdam;0,4;0,8;0,1;0,2;0,1;0,2
NL:S:31008016;Rhoon;Rhoon;1,9;1,7;1,5;1,8;0,0;0,0
NL:S:40320210;Beemdhof;Heteren;1,2;2,2;0,6;1,0;0,2;0,4
NL:S:40420130;Kerk;Indoornik;2,6;3,2;0,5;0,8;0,3;0,9
NL:S:43000010;Centraal Station;Enschede;3188,9;3116,6;1157,0;1070,6;779,4;655,6
NL:S:43000031;Van Heekplein;Enschede;457,1;447,0;349,3;348,6;127,3;131,4
NL:S:43000050;MST Haaksbergerstraat;Enschede;11,0;17,2;4,4;5,9;2,8;3,5
NL:S:43000130;Spinnerplein;Enschede;24,5;26,0;12,8;13,0;6,2;6,6
NL:S:43000195;Wkc Stadsveld;Enschede;55,0;38,8;35,5;22,3;18,1;13,0
NL:S:43000220;Deurningerstraat;Enschede;16,0;20,8;8,2;9,7;3,6;5,6
NL:S:43000240;Station Kennispark;Enschede;50,4;78,7;19,2;39,0;21,2;20,5
NL:S:43000250;Roombeek;Enschede;74,0;77,5;29,7;27,1;14,5;13,5
NL:S:43000270;Hulsmaatstraat;Enschede;80,1;66,1;24,2;19,0;15,3;13,4
NL:S:43000300;Horstlindelaan;Enschede;1,7;2,9;1,8;2,4;0,7;0,9
NL:S:43000320;Handellaan;Enschede;5,6;5,0;3,2;2,7;1,5;1,6
NL:S:43000340;Slagman;Enschede;4,5;4,5;1,0;1,1;0,4;0,5
NL:S:43000350;Stroinksbleekweg;Enschede;37,3;39,9;15,3;15,7;9,6;9,1
NL:S:43000370;Buizerdstraat;Enschede;2,8;27,1;3,2;14,5;0,5;7,6
NL:S:43000380;Spechtstraat;Enschede;6,5;2,4;2,5;0,8;1,1;0,3
NL:S:43000490;G.J. van Heekstraat;Enschede;1,0;7,6;1,1;3,7;0,6;4,3
NL:S:43000510;Van der Duijn van Maasdamlaan;Rotterdam;30,8;29,2;12,7;10,7;5,3;7,6
NL:S:43000530;Volkspark;Enschede;17,6;34,1;12,2;19,6;7,5;11,9
NL:S:43000610;Toekomststraat;Enschede;21,3;13,9;12,3;9,7;7,8;11,5
NL:S:43000630;Weegschaalstraat;Enschede;36,2;35,6;22,1;21,1;12,5;14,0
NL:S:43000650;Wkc Twekkelerveld;Enschede;66,6;62,0;53,8;46,3;28,7;29,2
NL:S:43000670;Olieslagweg;Enschede;12,1;8,9;6,0;7,2;3,6;4,9
NL:S:43000690;Jupiterstraat;Enschede;25,2;21,5;21,3;18,2;11,2;10,4
NL:S:43000711;Capitool;Enschede;10,2;12,5;1,4;2,5;0,8;1,4
NL:S:43000810;Beethovenlaan;Enschede;19,2;6,2;6,8;2,2;3,2;1,2
NL:S:43001050;Boddenkamp;Enschede;26,3;24,7;8,6;8,2;9,0;3,2
NL:S:43001090;Dr. J. van Damstraat;Enschede;4,6;2,2;2,1;1,0;1,4;0,8
NL:S:43001110;Fazantstraat;Enschede;7,9;0,4;3,0;0,1;1,2;0,1
NL:S:43001180;Waalstraat;Enschede;27,6;23,5;13,1;11,6;7,3;8,0
NL:S:43001190;Deppenbroekstraat;Enschede;2,4;9,0;1,0;3,9;0,2;1,6
NL:S:43001200;Het Achtervoort;Enschede;13,8;16,2;5,5;6,1;4,3;4,8
NL:S:43001210;Het Voortman;Enschede;3,2;8,1;2,9;5,5;0,7;2,1
NL:S:43001310;Wkc Deppenbroek;Enschede;28,3;27,3;14,2;12,8;8,5;8,9
NL:S:43001340;Vanekerstraat;Enschede;11,5;8,5;7,6;5,0;4,5;4,4
NL:S:43001360;P.A. van Deldenstraat;Enschede;7,2;7,3;3,4;3,5;2,4;2,3
NL:S:43001430;Sparrendaal;Enschede;26,0;23,1;11,4;10,0;5,8;4,7
NL:S:43001450;Gelderlandstraat;Enschede;36,9;36,5;23,5;21,9;12,5;12,8
NL:S:43001470;Utrechtlaan;Enschede;137,9;136,8;6,5;7,8;4,4;5,4
NL:S:43001490;Zuid Hollandlaan;Enschede;15,3;14,3;5,8;6,1;3,4;4,0
NL:S:43001550;Wkc Boswinkel;Enschede;73,3;75,8;46,8;47,0;23,8;28,6
NL:S:43001570;Tuindorp Broekheurne;Enschede;42,5;36,9;18,1;17,6;10,8;10,4
NL:S:43001600;Het Lang;Enschede;0,0;0,0;0,0;0,0;0,0;0,0
NL:S:43001620;Het Riet;Enschede;0,0;0,0;0,0;0,0;0,0;0,0
NL:S:43001630;Verrijzeniskerk;Enschede;39,3;34,0;12,5;10,1;6,8;7,0
NL:S:43001640;Lintveldebrink;Enschede;15,4;12,6;7,2;5,9;4,5;4,5
NL:S:43001650;Hazendijk;Enschede;0,5;9,6;0,2;5,2;0,1;2,4
NL:S:43001670;Broekheurnerborg;Enschede;0,6;0,4;0,5;0,3;0,0;0,0
NL:S:43001671;Broekheurnerplein;Enschede;0,3;0,2;0,5;0,2;0,0;0,0
NL:S:43001690;De Kiepe;Enschede;4,7;6,0;1,6;2,3;1,1;2,3
NL:S:43001700;Broekheurne-Ring;Enschede;6,5;0,3;3,5;0,1;1,8;0,0
NL:S:43001730;Hertmebrink;Enschede;46,9;39,6;23,6;19,9;10,9;9,8
NL:S:43001750;Wkc Het Bijvank;Enschede;9,4;9,6;5,0;3,7;2,1;1,7
NL:S:43001770;Vlierstraat;Enschede;12,9;22,5;4,2;7,4;3,1;5,7
NL:S:43001790;Het Oosterveld;Enschede;53,3;49,8;18,4;17,3;10,7;11,1
NL:S:43001810;Saasveldbrink;Enschede;0,0;0,0;0,0;0,0;0,0;0,0
NL:S:43001820;Herikebrink;Enschede;31,4;26,8;9,6;9,5;5,0;4,4
NL:S:43001830;Rabobank;Enschede;25,4;34,2;8,4;12,0;6,7;8,9
NL:S:43001850;P+R Zuiderval;Enschede;32,9;37,7;14,5;14,6;6,9;6,9
NL:S:43001870;Het Leunenberg;Enschede;26,0;29,0;16,7;18,4;5,9;6,3
NL:S:43001900;De Posten;Enschede;57,4;51,1;14,8;14,2;10,4;6,9
NL:S:43001910;Wkc Zuid;Enschede;41,0;53,6;24,3;32,4;9,2;14,0
NL:S:43001930;De Reulver;Enschede;25,8;24,6;9,2;9,5;4,8;6,5
NL:S:43001950;Ypelobrink;Enschede;25,1;24,7;16,7;14,6;9,6;10,7
NL:S:43001970;Zunabrink;Enschede;25,1;20,9;11,1;9,7;6,0;6,9
NL:S:43002000;Hengeveldebrink;Enschede;16,4;13,4;5,8;4,8;2,5;2,2
NL:S:43002070;Laaressingel;Enschede;10,6;14,7;3,6;6,1;1,5;3,2
NL:S:43002090;Asterstraat;Enschede;4,8;8,4;2,2;3,2;0,5;1,3
NL:S:43002110;Hyacintstraat;Enschede;6,4;3,0;3,0;1,0;0,9;0,7
NL:S:43002130;Gladiolenstraat;Enschede;9,9;10,3;5,9;7,1;1,5;1,8
NL:S:43002220;Wkc Stroinkslanden;Enschede;13,6;51,7;5,1;25,0;2,2;15,6
NL:S:43002290;Sportpark;Enschede;25,9;25,3;10,8;10,7;6,6;8,5
NL:S:43002310;Mariendaal;Enschede;15,1;14,8;4,0;4,5;2,4;3,1
NL:S:43002500;Bonhoeffer Bruggert;Enschede;0,2;21,0;0,2;7,3;0,1;6,9
NL:S:43002510;Soendastraat;Enschede;9,2;11,4;5,7;6,8;2,3;4,3
NL:S:43002530;Bankastraat;Enschede;14,3;18,4;5,8;7,2;2,8;5,5
NL:S:43002570;Madioenstraat;Enschede;0,6;0,5;0,2;0,2;0,0;0,0
NL:S:43002600;Aquadrome;Enschede;61,4;68,2;11,8;12,2;6,1;6,6
NL:S:43002610;Brinkstraat;Enschede;0,7;0,7;0,6;0,7;0,0;0,0
NL:S:43002630;J.P. Coenstraat;Enschede;0,7;0,7;0,3;0,2;0,0;0,0
NL:S:43002650;Padangstraat;Enschede;0,8;0,9;0,6;0,5;0,0;0,0
NL:S:43002790;Rembrandtlaan;Enschede;18,5;32,2;10,7;18,5;5,4;16,1
NL:S:43002820;De Hatteler;Enschede;16,0;10,6;6,5;6,2;4,3;3,7
NL:S:43002840;Albert Cuypstraat;Enschede;0,4;1,5;0,1;0,3;0,2;0,8
NL:S:43002860;Zuivelstraat;Enschede;0,7;2,0;0,2;0,7;0,2;1,0
NL:S:43003070;Pathmossingel;Enschede;0,0;0,8;0,0;0,1;0,0;0,6
NL:S:43003090;Poolmansweg;Enschede;0,2;0,7;0,0;0,1;0,1;0,2
NL:S:43003110;Lindestraat;Enschede;0,1;0,4;0,0;0,0;0,0;0,2
NL:S:43003200;C. Troostlaan;Enschede;0,0;0,0;0,0;0,0;0,0;0,0
NL:S:43003220;Henriette Ronnerlaan;Enschede;0,2;12,3;0,1;5,3;0,0;3,4
NL:S:43003250;Fre Cohenlaan;Enschede;10,2;8,1;3,7;3,8;2,2;2,5
NL:S:43003270;Ferdinand Bolstraat;Enschede;14,3;11,0;5,0;5,0;2,1;3,1
NL:S:43003440;Hanenberglanden;Enschede;36,4;30,9;18,7;13,0;10,2;10,8
NL:S:43003460;Hesselinklanden;Enschede;25,6;17,4;12,4;7,5;5,6;4,5
NL:S:43003480;Auskamplanden;Enschede;19,1;16,2;8,2;7,6;4,9;4,8
NL:S:43003500;Hasmanlanden;Enschede;29,7;32,1;13,0;14,2;7,2;9,1
NL:S:43003530;Tiemeister;Enschede;36,2;36,5;2,8;3,3;1,3;1,7
NL:S:43003570;Schabbinklanden;Enschede;14,9;18,6;6,1;7,3;3,3;3,7
NL:S:43003600;Bekmanlanden;Enschede;14,4;7,9;4,7;2,8;2,6;1,5
NL:S:43003620;Vrielinklanden;Enschede;21,2;16,8;8,3;5,9;3,2;2,6
NL:S:43003640;Verwooldslanden;Enschede;19,3;0,6;8,6;0,4;4,8;0,1
NL:S:43003680;Wkc De Posten;Enschede;0,0;0,1;0,0;0,1;0,0;0,0
NL:S:43003700;Verzorgingshuis De Posten;Enschede;0,4;0,4;0,5;0,6;0,0;0,0
NL:S:43003870;Buurserstraat;Enschede;35,1;30,1;12,5;10,1;7,1;6,8
NL:S:43003900;Zenderenbrink;Enschede;0,1;0,5;0,0;0,6;0,0;0,0
NL:S:43004010;Borstelweg;Enschede;33,5;24,7;11,8;9,3;7,3;6,4
NL:S:43004050;Lonnekerbrugstraat;Enschede;1,7;2,3;0,0;0,0;0,0;0,0
NL:S:43004090;Orion;Enschede;0,2;1,0;0,0;0,0;0,0;0,0
NL:S:43004170;Twekkeler Es;Enschede;3,5;4,2;0,0;0,0;0,0;0,0
NL:S:43004310;De Hoeveler;Enschede;4,7;4,4;0,0;0,0;0,0;0,0
NL:S:43004340;Scansped;Enschede;0,7;0,9;0,0;0,0;0,0;0,0
NL:S:43004370;Dr. J. Wagenaarstraat;Enschede;5,8;0,0;1,5;0,0;0,0;0,1
NL:S:43004410;Transportcentrum;Enschede;8,3;11,0;0,0;0,0;0,0;0,0
NL:S:43004450;Kanaalstraat;Enschede;0,6;0,6;0,0;0,0;0,0;0,0
NL:S:43004550;Olympialaan;Enschede;0,9;0,6;0,3;0,1;0,0;0,0
NL:S:43004590;Hendrik Smeltweg;Enschede;0,7;2,1;0,2;0,9;0,0;0,0
NL:S:43005030;C.F. Klaarstraat;Enschede;58,1;54,6;28,3;26,9;13,6;18,2
NL:S:43005190;Wooldrik;Enschede;62,2;63,2;21,6;23,0;11,9;16,7
NL:S:43005440;Schuttersveld;Enschede;22,9;29,5;8,6;12,2;3,4;6,4
NL:S:43005530;G.J. van Heekpark;Enschede;52,3;51,1;16,0;16,0;8,9;12,6
NL:S:43005570;Ledeboerpark;Enschede;39,5;38,4;15,3;12,9;9,1;18,1
NL:S:43005590;Uranusstraat;Enschede;42,5;44,0;12,5;12,8;6,8;16,0
NL:S:43005630;Westerbegraafplaats/UT;Enschede;123,4;132,9;6,9;6,8;5,2;6,0
NL:S:43005710;Kennispark/UT;Enschede;119,0;114,3;45,2;32,4;23,9;23,8
NL:S:43006090;Voortmansweg;Enschede;5,4;5,6;2,3;1,6;1,0;0,9
NL:S:43006160;Kotkampweg;Enschede;16,5;18,5;7,9;7,6;5,4;5,8
NL:S:43006980;Veldkampstraat;Enschede;0,2;0,7;0,0;0,2;0,0;0,1
NL:S:43007120;Getfertsingel;Enschede;0,3;0,1;0,2;0,0;0,1;0,1
NL:S:43007140;Stevenfennestraat;Enschede;25,7;19,8;11,9;9,9;7,2;7,0
NL:S:43007160;Dr. v.d. Zandestraat;Enschede;31,3;23,0;13,8;10,3;7,9;7,7
NL:S:43007180;Borgbos;Enschede;2,4;2,6;1,3;1,2;0,8;0,9
NL:S:43007200;Usseler Esch;Usselo;0,7;0,8;0,4;0,5;0,1;0,1
NL:S:43008030;Floraparkstraat;Enschede;3,2;4,6;1,4;1,9;0,5;0,9
NL:S:43008050;Onlandhorst;Enschede;2,0;1,7;0,8;0,9;1,5;0,2
NL:S:43008070;Wkc Stokhorst;Enschede;10,1;10,4;5,7;5,8;1,8;2,0
NL:S:43008090;Hoge Boekelerweg;Enschede;6,3;5,7;4,3;3,6;1,8;1,9
NL:S:43008110;Wkc 't Ribbelt;Enschede;6,1;4,4;2,7;1,4;1,9;1,3
NL:S:43008130;Dotterbloemstraat;Enschede;5,4;0,9;3,7;1,0;0,6;0,0
NL:S:43008200;Lindenhof;Enschede;41,9;41,0;24,7;24,8;10,2;10,6
NL:S:43008230;Marie de Roodelaan;Enschede;8,1;6,4;3,5;2,4;2,1;3,5
NL:S:43008390;Auke Vleerstraat;Enschede;1,1;1,8;0,0;0,0;0,0;0,0
NL:S:43008410;Usselerrondweg;Enschede;0,6;0,7;0,0;0,0;0,0;0,0
NL:S:43010030;Winterweg;Enschede;13,1;12,6;5,5;5,2;2,1;2,6
NL:S:43010050;Dolphia;Enschede;27,7;29,2;11,8;12,2;5,8;7,0
NL:S:43010070;Esmarkelaan;Enschede;36,6;41,0;12,1;14,7;6,3;5,7
NL:S:43010110;Oikos;Glanerbrug;56,5;39,6;20,5;15,8;12,4;9,1
NL:S:43010140;Schoolstraat;Glanerbrug;33,9;22,5;17,3;10,8;6,8;3,7
NL:S:43010220;Tolstraat;Glanerbrug;16,6;20,3;8,7;11,0;3,8;5,9
NL:S:43010240;Symfoniestraat;Glanerbrug;28,1;28,7;8,8;10,2;4,8;5,6
NL:S:43010330;Ekersdijk;Glanerbrug;7,9;41,0;2,4;18,6;1,6;11,9
NL:S:43010350;Eilermarke;Glanerbrug;29,9;35,5;10,2;13,6;6,6;8,4
NL:S:43010370;Schipholtstraat;Glanerbrug;37,0;40,1;13,0;15,1;6,4;8,3
NL:S:43011120;Zwarteweg;Glanerbrug;27,5;4,5;15,2;1,7;5,6;0,7
NL:S:43021790;Boskamphoek;Enschede;14,8;14,7;7,9;7,9;3,5;3,7
NL:S:43021830;Beekwoudehoek;Enschede;27,3;25,6;11,2;11,9;7,8;8,5
NL:S:43021850;Honinglohoek;Enschede;43,0;36,8;20,8;19,2;11,7;11,6
NL:S:43021870;Wkc Helmerhoek;Enschede;45,5;45,5;20,2;19,2;10,4;11,4
NL:S:43021970;Graeshoek;Enschede;11,5;11,1;6,3;6,3;3,6;3,1
NL:S:43022000;Disselhoek;Enschede;13,0;12,5;4,0;4,6;2,8;2,1
NL:S:43022010;Dubbelinckhoek;Enschede;16,6;15,5;6,0;5,0;3,7;2,7
NL:S:43100070;Tinsteden;Enschede;4,7;6,5;0,0;0,0;0,0;0,0
NL:S:43100120;Ganzebosweg;Boekelo;0,0;0,2;0,0;0,0;0,0;0,0
NL:S:43100350;Windmolenweg/Centrum;Boekelo;1,3;1,7;0,5;0,8;0,0;0,0
NL:S:43100360;Smaragdstraat;Boekelo;0,2;0,5;0,1;0,3;0,0;0,0
NL:S:43100410;Marcellinuskerk;Boekelo;1,2;0,8;0,4;0,2;0,0;0,0
NL:S:43100600;De Blekerij;Boekelo;1,7;0,0;0,8;0,0;0,0;0,0
NL:S:43100780;Henry Dunantlaan;Boekelo;0,1;0,5;0,0;0,2;0,0;0,0
NL:S:43100800;Weleweg;Boekelo;0,1;0,7;0,0;0,3;0,0;0,0
NL:S:43100970;Marssteden;Enschede;8,3;7,6;0,0;0,0;0,0;0,0
NL:S:43101010;Kopersteden;Enschede;4,1;5,3;0,0;0,0;0,0;0,0
NL:S:43110010;Oude Grensweg;Hengelo;12,7;13,9;5,9;6,3;3,8;4,4
NL:S:43110070;De Broeierd;Enschede;66,9;67,3;48,6;32,6;22,0;58,4
NL:S:43110120;UT/Drienerbeeklaan;Enschede;8,6;19,6;5,7;21,3;4,4;14,4
NL:S:43110140;UT/Hoofdingang;Enschede;5,5;9,2;0,0;0,0;0,0;0,0
NL:S:43110170;Kettingbrug;Hengelo;3,1;3,9;2,0;1,7;0,9;1,2
NL:S:43110210;UT/De Hems;Enschede;14,2;14,8;21,5;21,3;10,8;17,2
NL:S:43110230;UT/Calslaan;Enschede;0,4;1,7;6,0;12,7;3,4;8,2
NL:S:43110250;UT/Reelaan;Enschede;6,7;8,3;5,9;11,7;3,7;7,8
NL:S:43110270;UT/Langenkampweg;Enschede;36,9;31,6;45,1;31,9;21,1;39,3
NL:S:43110280;UT/Sportcentrum;Enschede;2,4;1,3;1,2;1,5;1,1;2,1
NL:S:43110310;UT/Hallenweg;Enschede;26,3;26,1;0,0;0,0;0,0;0,0
NL:S:43110330;UT/Bastille;Enschede;8,9;7,2;0,0;0,0;0,0;0,0
NL:S:43111290;UT/De Zul;Enschede;24,6;25,9;0,0;0,0;0,0;0,0
NL:S:43130010;Platinastraat;Hengelo;18,4;23,9;5,9;6,0;1,5;1,4
NL:S:43130030;Bellersweg;Beckum;1,4;1,4;0,2;0,7;0,1;0,2
NL:S:43130050;Sluitersdijk;Beckum;1,2;1,7;0,4;0,5;0,2;0,1
NL:S:43130070;Wolfkaterweg;Beckum;5,1;6,2;2,2;4,1;1,4;2,5
NL:S:43130090;R.K. Kerk;Beckum;4,1;3,3;2,3;1,7;1,1;1,1
NL:S:43130140;Bentelerweg;Beckum;0,4;0,5;0,1;0,6;0,1;0,2
NL:S:43150010;Grens;Buurse;0,4;0,5;0,0;0,0;0,0;0,0
NL:S:43150030;Braambrug;Buurse;0,4;0,4;0,0;0,0;0,0;0,0
NL:S:43150050;Garage Den Posten;Buurse;0,2;1,1;0,0;0,0;0,0;0,0
NL:S:43150090;Zendvelderweg;Buurse;0,4;0,3;0,0;0,0;0,0;0,0
NL:S:43150110;Hofweg;Buurse;0,7;0,2;0,0;0,0;0,0;0,0
NL:S:43150130;Koekkoeksbrug;Buurse;0,0;0,5;0,0;0,0;0,0;0,0
NL:S:43150150;Cafe Winkelman;Buurse;2,2;1,1;0,0;0,0;0,0;0,0
NL:S:43160150;Cafe De Witte;Hengevelde;3,9;5,7;0,2;0,2;0,0;0,0
NL:S:43160210;Cafe Roesscher;Hengevelde;0,2;0,2;0,0;0,0;0,0;0,0
NL:S:43160250;Kerk;Hengevelde;21,5;19,0;3,7;4,0;0,0;0,0
NL:S:43160310;Transformatorhuis;Hengevelde;0,8;0,9;0,0;0,1;0,0;0,0
NL:S:43160370;Centrum;St. Isidorushoeve;2,0;2,1;0,4;0,5;0,0;0,0
NL:S:43160390;Weg naar Rietmolen;St. Isidorushoeve;0,2;0,4;0,1;0,2;0,0;0,0
NL:S:43170030;Lonnekermolenweg;Losser;0,4;0,5;0,1;0,3;0,1;0,2
NL:S:43170050;Oude Losserseweg;Losser;0,2;0,4;0,1;0,1;0,0;0,0
NL:S:43170070;Landweerweg;Losser;0,6;0,6;0,2;0,2;0,1;0,0
NL:S:43170100;Pompstation;Losser;0,2;0,2;0,1;0,1;0,1;0,1
NL:S:43180030;Dorpsstraat;Lonneker;3,4;3,9;1,0;2,4;0,5;0,7
NL:S:43180050;Scholten Reimerstraat;Lonneker;12,8;12,0;4,2;3,8;2,4;2,3
NL:S:43180070;Beukerweg;Lonneker;1,0;1,4;0,7;0,8;0,4;0,6
NL:S:43180090;Landweerweg;Lonneker;1,1;1,1;0,8;1,0;0,4;0,4
NL:S:43180110;Prins Bernhardpark;Lonneker;1,1;1,3;0,2;0,3;0,3;0,3
NL:S:43180130;Veendijk;Lonneker;1,0;0,8;0,4;0,6;0,2;0,3
NL:S:43180160;Hanzepoort;Oldenzaal;13,7;15,8;4,0;4,6;2,3;2,7
NL:S:43210020;Berfloplein;Hengelo;6,5;6,0;1,1;1,7;0,0;0,0
NL:S:43210040;Brouwerijstraat;Hengelo;0,9;0,7;0,4;0,3;0,0;0,0
NL:S:43210060;Twekkelerplein;Hengelo;3,8;4,0;1,5;1,6;0,0;0,1
NL:S:43210080;Athenestraat;Hengelo;3,6;3,5;0,6;0,6;0,0;0,0
NL:S:43210110;Berfloweg;Hengelo;1,7;2,6;0,5;1,8;0,0;0,0
NL:S:43210130;Pruisische Veldweg;Hengelo;1,3;2,3;0,2;1,2;0,1;0,1
NL:S:43210150;Vuurdoornplein;Hengelo;30,4;31,0;6,0;5,5;0,1;0,1
NL:S:43210170;Goudenregenstraat;Hengelo;1,7;0,1;0,3;0,2;0,0;0,0
NL:S:43210180;Jasmijnstraat;Hengelo;2,8;3,6;0,8;0,5;0,0;0,0
NL:S:43210190;Heraklesstraat;Hengelo;3,1;4,2;0,8;0,9;0,0;0,0
NL:S:43210290;Gerardus Majella;Hengelo;6,9;7,9;2,9;3,8;1,3;4,7
NL:S:43210380;Wkc Hengelose Es;Hengelo;35,7;37,6;16,2;19,2;3,4;10,1
NL:S:43210430;Achterhoek;Hengelo;10,2;9,3;4,2;4,2;0,6;2,4
NL:S:43210520;Steenmeijerstraat;Hengelo;2,4;1,0;1,4;0,6;0,4;0,4
NL:S:43210580;Pasteurstraat;Hengelo;2,4;3,4;1,1;2,1;0,5;0,4
NL:S:43210590;Twickelcollege;Hengelo;5,2;4,5;1,8;1,3;0,5;0,3
NL:S:43210610;Narcisstraat;Hengelo;0,7;1,3;0,2;0,7;0,1;0,4
NL:S:43210645;Industriestraat;Hengelo;0,6;2,2;0,2;1,2;0,0;0,6
NL:S:43210650;Nijverheidsstraat;Hengelo;0,8;1,3;0,3;0,6;0,2;0,5
NL:S:43210670;Krabbenbosplein;Hengelo;2,5;2,6;1,8;2,3;0,5;0,8
NL:S:43210690;Catharinastraat;Hengelo;1,8;4,3;1,0;2,5;0,4;1,2
NL:S:43210710;Gezinastraat;Hengelo;1,8;2,3;0,5;1,4;0,3;0,4
NL:S:43210730;Laurastraat;Hengelo;0,4;1,2;0,3;1,0;0,1;0,4
NL:S:43210750;Babcockstraat;Hengelo;0,6;1,9;0,5;1,9;0,1;1,3
NL:S:43210770;Zernikestraat;Hengelo;1,8;4,1;1,4;1,9;0,8;0,5
NL:S:43210790;Meijersweg;Hengelo;0,6;2,0;0,4;1,6;0,3;0,6
NL:S:43210820;Willem de Clerqstraat;Hengelo;1,4;2,0;0,4;0,5;0,1;0,2
NL:S:43210850;Lansinkesweg;Hengelo;22,6;42,4;1,4;2,3;0,6;1,2
NL:S:43210890;GOLS-straat;Hengelo;0,1;0,4;0,2;0,2;0,0;0,0
NL:S:43210940;Griegstraat;Hengelo;5,5;4,7;2,8;3,9;0,3;0,9
NL:S:43210960;Kasbah;Hengelo;9,0;8,4;2,7;3,2;1,0;1,1
NL:S:43210980;Paganinistraat;Hengelo;8,6;8,7;8,0;6,0;1,1;0,9
NL:S:43211011;Centraal Station;Hengelo;1370,7;1216,4;487,7;431,9;323,7;223,6
NL:S:43211030;Grundellaan;Hengelo;24,8;26,9;6,8;8,6;3,2;4,3
NL:S:43211060;Staringstraat;Hengelo;4,0;1,4;2,5;1,0;0,3;0,1
NL:S:43211070;Klaverstraat;Hengelo;5,4;4,1;1,7;1,4;0,4;0,4
NL:S:43211090;Van Koetsveldstraat;Hengelo;4,8;5,5;1,6;1,7;0,4;0,7
NL:S:43211110;Rhijnvis Feithstraat;Hengelo;8,1;8,4;2,0;2,3;0,8;0,8
NL:S:43211130;Jan Prinsstraat;Hengelo;9,3;22,9;4,0;9,2;1,4;2,2
NL:S:43211150;Willem de Merodestraat;Hengelo;6,4;4,3;4,2;3,2;0,6;0,6
NL:S:43211170;'t Swafert;Hengelo;4,0;2,5;3,2;1,8;0,8;0,4
NL:S:43211190;Wkc Groot Driene;Hengelo;18,9;6,1;7,3;2,8;1,3;0,4
NL:S:43211200;Boomgaard;Hengelo;13,9;7,5;6,6;5,5;1,6;1,0
NL:S:43211230;Sportlaan Driene;Hengelo;5,8;10,6;2,6;3,2;0,3;0,4
NL:S:43211240;IKEA;Hengelo;18,4;19,0;15,5;16,1;9,4;8,4
NL:S:43211260;Vosboer;Hengelo;13,7;15,5;1,3;1,8;0,9;1,1
NL:S:43211350;Wkc Hasselo;Hengelo;30,6;33,2;16,9;18,7;8,6;9,4
NL:S:43211380;Robert Stolzstraat;Hengelo;0,4;2,3;0,6;2,6;2,4;4,9
NL:S:43211410;Middelhoek;Hengelo;18,3;15,8;5,7;5,4;3,7;3,5
NL:S:43211450;Molendijkhoek;Hengelo;21,5;20,7;7,7;7,2;4,3;4,7
NL:S:43211490;Bovenhoek;Hengelo;43,4;38,5;16,2;16,7;8,5;7,9
NL:S:43211510;Bruninkshoek;Hengelo;27,5;25,0;8,8;8,9;4,1;2,3
NL:S:43211530;Schothorsthoek;Hengelo;9,1;9,7;3,1;3,9;1,5;2,2
NL:S:43211570;Tijertshoek;Hengelo;17,2;15,7;4,6;5,6;0,0;0,0
NL:S:43211590;Plein;Hengelo;3,8;3,9;2,6;3,6;1,4;1,1
NL:S:43211610;Campus West;Hengelo;8,9;9,6;0,7;0,6;0,2;0,3
NL:S:43211630;Holec;Hengelo;8,5;8,9;0,1;0,2;0,0;0,1
NL:S:43211670;Hazenweg;Hengelo;19,7;23,4;3,7;4,2;0,5;1,4
NL:S:43211710;Roershoek;Hengelo;20,8;20,4;6,1;7,5;3,2;4,7
NL:S:43211730;Kristenbos;Hengelo;18,2;16,8;6,2;7,1;3,8;4,2
NL:S:43211750;Stenendokweg;Amsterdam;19,4;19,6;4,6;6,5;2,7;4,3
NL:S:43211870;Wkc Slangenbeek;Hengelo;48,8;46,9;17,3;18,1;10,2;10,8
NL:S:43212030;Haverweg;Hengelo;42,2;47,1;20,8;24,0;9,4;11,2
NL:S:43212050;Henriette Roland Holststraat;Hengelo;2,1;2,5;0,0;0,0;0,0;0,0
NL:S:43212100;De Brink;Hengelo;3,8;13,1;2,8;9,3;1,3;2,3
NL:S:43212120;Slachthuisweg;Hengelo;11,2;12,6;0,7;0,9;0,7;0,7
NL:S:43212140;Twente Milieu;Hengelo;7,9;8,3;0,5;0,9;0,1;0,2
NL:S:43212180;Expo Westermaat;Hengelo;1,4;1,2;0,1;0,1;0,1;0,1
NL:S:43212260;Thiemsbrug;Hengelo;30,1;33,8;18,3;20,3;8,7;7,5
NL:S:43212270;'t Wilbert West;Hengelo;3,3;4,2;0,6;0,8;0,9;0,5
NL:S:43212290;'t Wilbert Oost;Hengelo;8,1;8,5;2,5;3,3;0,2;2,5
NL:S:43212470;Boldershoekweg;Hengelo;1,2;1,7;0,0;0,0;0,0;0,0
NL:S:43212530;Onyxstraat;Hengelo;1,0;1,9;0,0;0,0;0,0;0,0
NL:S:43212550;Makro;Hengelo;6,7;7,6;0,0;0,0;0,0;0,0
NL:S:43212610;Campus Oost;Hengelo;3,4;4,7;0,5;0,5;0,0;0,3
NL:S:43212750;Europalaan;Hengelo;1,2;1,7;0,0;0,0;0,0;0,0
NL:S:43212810;Buitenweg;Hengelo;3,8;5,5;2,0;2,1;1,6;1,5
NL:S:43212830;Geerdinksweg;Hengelo;5,9;6,2;2,5;2,2;1,2;1,5
NL:S:43212850;IJsselstraat;Hengelo;5,5;5,2;1,7;1,7;0,6;0,8
NL:S:43212870;Vockersweg;Hengelo;11,6;12,6;1,0;1,7;0,4;0,4
NL:S:43212910;Dieselstraat;Hengelo;5,7;3,9;5,5;3,2;1,8;2,8
NL:S:43213010;M.A. de Ruyterstraat;Hengelo;0,8;1,2;0,1;0,3;0,1;0,3
NL:S:43213050;Backenhagenlaan;Hengelo;8,2;6,2;2,9;2,5;4,4;0,4
NL:S:43213070;Hamerstraat;Hengelo;3,9;4,3;1,1;1,2;0,5;0,6
NL:S:43213090;Klaas de Rookstraat;Hengelo;4,5;4,8;2,1;2,0;3,6;1,4
NL:S:43213150;Westelijke Esweg;Hengelo;3,8;3,5;1,0;1,0;0,0;0,0
NL:S:43213300;ZGT Hoofdingang;Hengelo;11,0;8,6;2,7;1,8;0,9;0,5
NL:S:43213320;Aletta Jacobslaan;Hengelo;1,5;1,5;0,7;0,7;0,3;0,4
NL:S:43213340;Sabina Klinkhamerweg;Hengelo;5,0;4,2;1,1;1,1;0,5;0,5
NL:S:43214030;Het Broek;Hengelo;38,9;37,3;8,8;10,9;5,1;5,6
NL:S:43214050;Boortorenweg;Hengelo;2,6;3,2;0,0;0,0;0,0;0,0
NL:S:43214070;Willem de Kooningstraat;Hengelo;10,0;11,0;2,9;3,8;0,6;1,8
NL:S:43214990;Station Hengelo Oost;Hengelo;3,6;5,7;0,6;1,5;0,3;0,4
NL:S:43215010;Klein Driene;Hengelo;18,2;19,8;8,5;9,5;6,1;6,2
NL:S:43215030;De Noork;Hengelo;29,3;29,9;14,3;14,8;7,5;9,9
NL:S:43218090;Sabastraat;Hengelo;4,9;4,1;1,8;1,2;0,8;0,5
NL:S:43218110;Balistraat;Hengelo;2,6;4,1;0,5;2,7;0,2;0,8
NL:S:43218130;Mitchamplein;Hengelo;0,3;0,7;0,2;0,2;0,1;0,1
NL:S:43220011;Molkenboer;Oldenzaal;4,0;6,2;1,8;2,5;0,0;0,0
NL:S:43220100;Kalheupinklaan;Oldenzaal;0,0;0,1;0,1;0,0;0,0;0,0
NL:S:43220150;Johanna van Burenlaan;Oldenzaal;5,9;6,6;1,6;2,5;0,0;0,0
NL:S:43220170;Wkc De Thij;Oldenzaal;19,9;21,1;6,2;7,1;0,0;0,0
NL:S:43220190;Cato Elderinklaan;Oldenzaal;17,8;16,5;2,4;1,9;0,0;0,0
NL:S:43220260;Saasvelderlaan;Oldenzaal;6,6;6,6;1,0;1,0;0,0;0,0
NL:S:43220270;Oude Postweg;Oldenzaal;3,3;3,1;0,3;0,8;0,6;1,3
NL:S:43220290;Nardusboer;Oldenzaal;2,3;2,4;1,2;0,7;0,0;0,0
NL:S:43220400;Griekenlandlaan;Oldenzaal;3,3;2,7;0,2;0,7;0,0;0,0
NL:S:43220410;Ziekenhuis;Oldenzaal;18,4;23,8;5,1;7,1;2,0;2,9
NL:S:43220430;Hofmeijerstraat;Oldenzaal;10,6;14,9;4,0;5,5;2,0;2,3
NL:S:43220450;Vos de Waelstraat;Oldenzaal;48,7;47,2;11,9;14,6;4,6;4,4
NL:S:43220470;Richter Bosstraat;Oldenzaal;4,8;8,0;2,1;3,7;1,6;2,1
NL:S:43220490;Thijsniederweg;Oldenzaal;9,0;4,8;2,0;1,0;0,0;0,0
NL:S:43220500;Koksweg;Oldenzaal;0,5;0,6;0,3;0,3;0,1;0,2
NL:S:43220511;Tijgaardenstraat;Oldenzaal;6,4;6,2;1,6;2,7;0,0;0,0
NL:S:43220531;Viaduct Graven Es;Oldenzaal;4,0;4,3;1,1;1,4;0,0;0,0
NL:S:43220551;Engelbertinklaan;Oldenzaal;8,1;7,7;1,7;2,4;0,0;0,0
NL:S:43220570;Hunenveldweg;Oldenzaal;19,0;21,8;2,2;3,1;0,0;0,0
NL:S:43220690;Wkc De Essen;Oldenzaal;6,1;5,4;1,1;1,3;0,0;0,0
NL:S:43220710;Nachtschade;Oldenzaal;2,4;2,1;0,3;0,4;0,0;0,0
NL:S:43220730;Zevenblad;Oldenzaal;4,3;3,7;0,9;1,6;0,0;0,0
NL:S:43220760;Bentheimergraven;Oldenzaal;1,7;1,7;0,3;0,3;0,0;0,0
NL:S:43220790;Thijlaan;Oldenzaal;3,5;3,8;0,8;0,7;0,0;0,0
NL:S:43220840;Station;Oldenzaal;489,1;488,5;126,3;112,0;45,4;51,0
NL:S:43220851;Hyacintstraat;Oldenzaal;3,2;3,9;0,4;1,5;0,0;0,0
NL:S:43221040;Loweg;Oldenzaal;1,0;1,2;0,2;0,5;0,6;0,6
NL:S:43221210;Wkc Zuid Berghuizen;Oldenzaal;36,7;33,6;16,5;12,9;6,6;5,1
NL:S:43221250;Schapendijk;Oldenzaal;7,1;9,5;1,8;3,2;1,1;2,1
NL:S:43221270;Lossersestraat;Oldenzaal;0,8;1,4;0,2;0,6;0,0;0,0
NL:S:43221290;De Breek;Oosthuizen;0,8;1,1;0,1;0,2;0,0;0,0
NL:S:43221450;J.H. Nieuwenhuisstraat;Oldenzaal;16,5;18,8;3,3;4,0;1,7;2,0
NL:S:43221470;Elsmors;Oldenzaal;15,4;14,8;2,3;2,7;0,9;1,8
NL:S:43221510;Zandhorstlaan;Oldenzaal;7,4;6,2;2,1;1,5;0,0;0,0
NL:S:43221530;Hunenveldlaan;Oldenzaal;9,9;3,3;2,3;0,8;0,0;0,0
NL:S:43222010;Ganzenmarkt;Oldenzaal;0,1;0,2;0,0;0,1;0,0;0,0
NL:S:43222030;De Molenkamp;Oldenzaal;0,2;0,4;0,0;0,0;0,0;0,0
NL:S:43222060;De Grote Zwaan;De Lutte;0,3;0,2;0,2;0,1;0,0;0,0
NL:S:43222650;Oliemolenstraat;Oldenzaal;16,8;12,5;4,9;3,3;2,3;2,6
NL:S:43230030;Beckummerweg;Stepelo;1,6;1,4;0,2;0,4;0,3;0,9
NL:S:43230050;Deelweg;Stepelo;1,2;2,4;1,0;0,6;0,4;0,6
NL:S:43230070;Hulstweg;Stepelo;1,7;0,7;0,1;0,2;0,1;0,1
NL:S:43230110;Metaalstraat;Haaksbergen;8,5;10,5;0,7;1,4;0,6;0,4
NL:S:43230140;Veldmaterstraat;Haaksbergen;28,3;28,8;11,8;12,2;7,8;7,5
NL:S:43240030;Hanhofweg;De Lutte;0,5;0,2;0,0;0,0;0,0;0,0
NL:S:43240050;R.K. Kerk;De Lutte;1,1;3,4;0,1;0,4;0,0;0,0
NL:S:43240100;Sporthal;De Lutte;0,6;0,0;0,0;0,0;0,0;0,0
NL:S:43250050;Losserhof;Losser;2,1;2,7;1,2;2,0;0,0;0,0
NL:S:43250090;Snippertweg;Losser;0,8;0,8;0,1;0,2;0,0;0,0
NL:S:43250110;Irisstraat;Losser;5,8;5,8;1,5;1,3;0,0;0,0
NL:S:43250130;R.K. Kerk;Losser;88,3;88,7;25,6;29,4;15,4;14,6
NL:S:43250150;Langenkamp;Losser;5,7;7,7;2,3;4,2;0,6;2,5
NL:S:43250170;Arendstraat;Losser;60,1;54,7;20,9;19,8;14,0;12,2
NL:S:43250370;Prins Bernhardstraat;Overdinkel;18,6;16,9;7,2;6,6;5,1;4,5
NL:S:43250390;Tjibbe Knolstraat;Overdinkel;9,2;16,7;3,1;5,5;1,8;3,1
NL:S:43250400;Schoolstraat;Overdinkel;52,0;40,1;16,2;14,1;8,1;5,6
NL:S:43250520;R.K. Kerk;Overdinkel;13,3;12,6;4,5;4,5;2,8;2,6
NL:S:43250530;Kranengoorweg;Losser;0,3;0,8;0,2;1,5;0,1;0,4
NL:S:43250550;Broekhoekweg;Losser;2,1;3,7;1,9;1,4;0,9;0,7
NL:S:43250570;St. Martinusschool;Losser;8,0;8,9;3,1;4,5;2,6;2,8
NL:S:43250590;Dinkelbrug;Losser;0,7;0,7;0,2;0,2;0,0;0,2
NL:S:43250610;Strootsweg;Losser;0,7;0,9;0,2;0,3;0,1;0,2
NL:S:43250630;Kerkhofweg;Overdinkel;2,9;4,0;0,5;1,2;0,4;0,6
NL:S:43250650;Haydnstraat;Losser;32,0;32,3;8,3;10,7;6,4;7,3
NL:S:43251230;De Pol Noord;Losser;27,7;25,6;5,4;4,0;2,3;2,6
NL:S:43310030;Dikkerslaan;Borne;1,9;2,0;2,1;1,3;0,4;0,5
NL:S:43310050;De Bieffel;Borne;3,3;4,5;0,5;0,8;0,3;0,3
NL:S:43310090;Station;Borne;19,9;22,4;2,9;2,8;1,4;2,2
NL:S:43310110;Europastraat;Borne;2,8;1,7;1,2;0,2;0,5;0,2
NL:S:43310130;Grotestraat;Borne;2,9;3,1;0,6;1,0;0,6;0,4
NL:S:43310230;Paardebloem;Borne;0,4;0,4;0,0;0,0;0,0;0,0
NL:S:43310250;Wkc Stroom Esch;Borne;1,9;2,4;0,0;0,0;0,0;0,0
NL:S:43310270;'t Dijkhuis;Borne;0,1;0,2;0,0;0,0;0,0;0,0
NL:S:43310290;Het Witte Huis;Borne;3,4;3,7;1,3;1,5;0,3;1,2
NL:S:43310330;Hazelaarstraat;Borne;0,0;0,0;0,0;0,0;0,0;0,0
NL:S:43310350;Wkc Letterveld;Borne;0,2;0,0;0,0;0,0;0,0;0,0
NL:S:43310370;Seringenstraat;Borne;0,0;0,0;0,0;0,0;0,0;0,0
NL:S:43310390;Dreef;Borne;0,0;0,0;0,0;0,0;0,0;0,0
NL:S:43310410;Grotestraat;Borne;0,0;0,1;0,0;0,0;0,0;0,0
NL:S:43311010;R.K. Kerk;Hertme;0,3;0,4;0,0;0,0;0,0;0,0
NL:S:43311030;Dorsetplein;Borne;0,3;0,7;0,0;0,0;0,0;0,0
NL:S:43320090;Saron;Beuningen;4,5;4,6;1,6;1,4;1,0;0,7
NL:S:43320140;Beuningen;Beuningen;8,3;8,2;1,4;1,5;1,2;0,9
NL:S:43330010;'t Laantje;Rossum;0,6;0,6;0,0;0,1;0,1;0,0
NL:S:43330030;Paalmaatsdijk;Rossum;0,1;0,1;0,0;0,0;0,0;0,1
NL:S:43330070;Grotestraat;Rossum;15,2;14,8;0,7;1,3;1,0;0,9
NL:S:43330090;De Weeldbaan;Rossum;8,3;7,4;1,4;1,2;1,3;1,3
NL:S:43330110;Tramweg;Rossum;0,3;0,5;0,1;0,2;0,2;0,1
NL:S:43330130;Boschweg;Rossum;0,8;0,8;0,0;0,0;0,1;0,0
NL:S:43330150;Bibliotheek;Rossum;0,0;0,0;0,0;0,0;0,0;0,0
NL:S:43330170;De Hersmole;Rossum;0,0;0,0;0,0;0,0;0,0;0,0
NL:S:43340040;R.K. Kerk;Deurningen;6,4;6,5;1,5;1,5;0,0;0,0
NL:S:43340100;Grootsweg;Gammelke;0,5;1,0;0,0;0,2;0,0;0,0
NL:S:43340120;Wiefferweg;Gammelke;1,1;1,2;0,2;0,3;0,0;0,0
NL:S:43340140;Veldzijde;Deurningen;3,3;2,8;0,5;0,6;0,0;0,0
NL:S:43350010;Bornsestraat;Weerselo;0,9;0,9;0,3;0,5;0,0;0,0
NL:S:43350030;Het Stift;Weerselo;0,5;0,5;0,0;0,0;0,0;0,0
NL:S:43350050;Gemeentehuis;Weerselo;1,9;1,4;0,0;0,0;0,0;0,0
NL:S:43350070;Holtwijkerstraat;Weerselo;2,7;4,7;0,3;1,1;0,0;0,0
NL:S:43350090;Station;Feanwalden;0,7;0,4;0,7;0,1;0,0;0,0
NL:S:43350110;Oude Weerseloseweg;Lemselo;0,8;0,7;0,0;0,0;0,0;0,0
NL:S:43350130;Morsweg;Lemselo;0,2;0,5;0,0;0,0;0,0;0,0
NL:S:43350170;Ittersbergstraat;Weerselo;26,0;24,5;4,8;5,2;0,0;0,0
NL:S:43350190;Het Hoikinck;Weerselo;9,1;9,1;2,4;2,6;0,0;0,0
NL:S:43350210;Sporthal;Weerselo;0,2;0,1;0,0;0,0;0,0;0,0
NL:S:43350230;Cafe Bruins;Saasveld;1,4;0,6;0,0;0,0;0,0;0,0
NL:S:43350250;Echelpoelweg;Gammelke;0,1;0,2;0,0;0,0;0,0;0,0
NL:S:43350270;Gammelkerstraat;Gammelke;0,3;0,2;0,0;0,0;0,0;0,0
NL:S:43350290;Ootmarsumsedijk;Lemselo;2,6;2,0;0,5;0,2;0,0;0,0
NL:S:43350330;Oude Deurningerstraat;Gammelke;0,4;0,2;0,0;0,0;0,0;0,0
NL:S:43350350;Voortmorsstraat;Weerselo;3,2;3,4;0,5;0,6;0,0;0,0
NL:S:43360131;Mozartstraat;Almelo;1,1;1,0;0,3;0,3;0,0;0,0
NL:S:43380010;Hondorp;Gelselaar;4,6;4,5;1,6;1,9;0,0;0,0
NL:S:43380070;School;Geesteren;0,7;0,8;0,4;0,1;0,0;0,0
NL:S:43380110;Baan;Geesteren;4,4;4,1;0,9;1,5;0,0;0,0
NL:S:43380150;Bouwhuis;Geesteren;0,5;0,6;0,5;0,1;0,0;0,0
NL:S:43400010;Kerkweg;Tilligte;0,2;0,3;0,0;0,0;0,0;0,0
NL:S:43400030;Wiemselweg;Tilligte;0,0;0,0;0,0;0,0;0,0;0,0
NL:S:43400090;Dusinksweg;Tilligte;0,1;0,1;0,0;0,0;0,0;0,0
NL:S:43400120;Cafe Arends;Lattrop;0,8;0,6;0,0;0,0;0,0;0,0
NL:S:43400130;R.K. Kerk;Lattrop;0,7;0,3;0,0;0,0;0,0;0,0
NL:S:43400170;Viersprong;Lattrop;0,1;0,1;0,0;0,0;0,0;0,0
NL:S:43400210;Viersprong De Holtweijde;Lattrop;0,2;0,2;0,0;0,0;0,0;0,0
NL:S:43410010;Mastboersweg;Zenderen;0,0;0,1;0,0;0,1;0,0;0,1
NL:S:43410050;Old Coopers Hall;Zenderen;6,7;6,4;2,3;2,9;2,1;1,8
NL:S:43410090;Reefsweg;Zenderen;2,7;3,1;0,9;0,8;0,3;0,5
NL:S:43420030;Dinkeloord;Denekamp;1,4;1,4;0,8;1,2;0,9;0,6
NL:S:43420110;Julianastraat;Denekamp;0,1;0,0;0,0;0,0;0,0;0,0
NL:S:43420150;Churchillstraat;Denekamp;27,6;26,3;7,3;6,8;4,2;4,5
NL:S:43420170;Onder de Linden;Denekamp;74,2;62,3;15,1;12,6;8,8;7,3
NL:S:43420210;Veldkampsweg;Denekamp;29,8;27,4;6,1;6,5;4,3;4,1
NL:S:43420230;St. Nicolaasstichting;Denekamp;0,1;0,1;0,0;0,0;0,0;0,0
NL:S:43420270;De Borghert;Denekamp;8,5;8,9;2,4;2,8;1,3;1,4
NL:S:43420290;De Volharding;Denekamp;11,4;11,4;3,7;4,0;2,6;2,9
NL:S:43420310;Den Alerdink;Denekamp;0,0;0,1;0,0;0,0;0,0;0,0
NL:S:43420330;Israelisch Kerkhof;Denekamp;0,2;0,1;0,0;0,0;0,0;0,0
NL:S:43420370;Oranjestraat;Denekamp;38,3;41,6;15,3;16,3;7,1;8,2
NL:S:43420390;Wilhelminastraat;Denekamp;0,0;0,4;0,0;0,0;0,0;0,0
NL:S:43420400;Gerardus Majella;Denekamp;0,1;0,0;0,0;0,0;0,0;0,0
NL:S:43430010;Oosterveldsweg;Vasse;1,0;1,1;0,0;0,2;0,1;0,1
NL:S:43430030;De Roezenberg;Vasse;0,4;0,3;0,1;0,2;0,6;0,2
NL:S:43430050;Nutterseweg;Ootmarsum;1,1;1,1;0,5;0,3;1,8;0,2
NL:S:43430070;Bielebelt;Ootmarsum;0,6;0,7;0,2;0,2;1,3;0,1
NL:S:43430090;Denekamperstraat;Ootmarsum;37,5;38,2;6,7;7,9;5,4;4,7
NL:S:43430110;Molenstraat;Ootmarsum;0,9;1,8;0,0;0,0;0,0;0,0
NL:S:43430130;Almelosestraat;Ootmarsum;4,3;4,6;1,3;1,8;1,3;1,2
NL:S:43430330;Bovenesweg;Vasse;0,1;0,2;0,1;0,2;0,2;0,1
NL:S:43430350;Vasserweg;Ootmarsum;1,5;2,6;0,7;0,8;0,9;1,1
NL:S:43430510;Laagsestraat;Ootmarsum;2,1;0,3;0,0;0,0;0,0;0,0
NL:S:43430530;Winhofflaan;Ootmarsum;0,1;0,2;0,0;0,0;0,0;0,0
NL:S:43430810;Stobbenkamp;Ootmarsum;8,4;8,4;3,9;3,4;3,3;2,2
NL:S:43430830;Wolfsbree;Ootmarsum;16,0;15,4;1,8;2,9;2,8;1,4
NL:S:43430850;Kleinesweg;Ootmarsum;11,9;11,3;1,7;2,2;1,1;1,4
NL:S:43430870;Enktermorsweg;Ootmarsum;0,3;0,4;0,7;0,8;0,0;0,0
NL:S:43430890;Groot Agelo;Ootmarsum;0,9;1,1;0,0;0,2;0,1;0,1
NL:S:43430910;Voortsweg;Ootmarsum;1,1;1,1;0,2;0,2;0,1;0,0
NL:S:43430930;Agelerbrug;Ootmarsum;0,1;0,2;0,0;0,0;0,1;0,1
NL:S:43430970;Cafe Groot Agelo;Agelo;0,1;0,1;0,0;0,0;0,0;0,0
NL:S:43440070;Businesspark Twente;Almelo;1,1;1,5;0,1;0,1;0,0;0,0
NL:S:43450010;Gemeentehuis;Diepenheim;11,8;10,6;3,5;3,8;0,0;0,0
NL:S:43450030;Warmelo;Diepenheim;0,5;0,6;0,2;0,4;0,0;0,0
NL:S:43450050;Boszicht;Diepenheim;0,5;0,4;0,0;0,2;0,0;0,0
NL:S:43450090;Lindelaan;Diepenheim;7,6;6,6;1,6;1,5;0,0;0,0
NL:S:43450110;Schipbeekbrug;Diepenheim;1,0;1,0;0,4;0,4;0,0;0,0
NL:S:43450130;Roesink;Diepenheim;0,1;0,2;0,1;0,0;0,0;0,0
NL:S:43510010;Centraal Station;Almelo;937,0;867,7;222,0;179,8;115,2;96,1
NL:S:43510031;Centrumplein;Almelo;62,0;65,9;44,2;44,9;8,7;9,1
NL:S:43510051;Boddenstraat;Almelo;20,7;27,1;13,2;18,3;3,2;5,1
NL:S:43510071;Brugstraat;Almelo;1,6;2,4;0,4;0,3;0,4;0,2
NL:S:43510081;Tijhofslaan;Almelo;2,9;2,7;0,5;0,7;0,1;0,2
NL:S:43510091;Vriezebrug;Almelo;5,7;3,8;1,9;1,3;1,1;0,7
NL:S:43510100;Vredeveld;Almelo;29,6;26,6;8,0;8,0;4,4;5,2
NL:S:43510110;De Klokkenbelt;Almelo;13,7;17,7;4,4;5,8;1,8;3,3
NL:S:43510130;Brandersweg;Almelo;4,7;6,4;1,8;3,2;0,4;3,9
NL:S:43510150;St. Josephstraat;Almelo;17,0;16,8;10,0;10,8;1,7;4,2
NL:S:43510190;Baniersweg;Almelo;8,1;8,2;2,7;3,9;0,5;2,6
NL:S:43510210;Bevrijdingslaan;Almelo;9,2;9,9;3,8;4,8;2,4;2,9
NL:S:43510230;Koningshoek;Almelo;20,4;19,7;5,4;6,3;2,7;4,5
NL:S:43510240;Keppel;Almelo;9,0;9,4;2,1;3,3;1,3;1,8
NL:S:43510270;De Eik;Almelo;23,6;23,8;5,8;7,8;2,8;5,3
NL:S:43510290;De Haere;Almelo;24,5;22,7;12,1;10,8;5,7;5,3
NL:S:43510310;Wkc Schelfhorst;Almelo;30,8;32,4;13,3;13,2;5,2;5,5
NL:S:43510330;Wickenburg;Almelo;18,0;18,3;7,9;8,3;3,1;4,5
NL:S:43510350;Sandenburg;Almelo;12,6;11,6;4,6;4,4;2,1;1,9
NL:S:43510370;Blikkenburg;Almelo;11,6;9,4;4,6;3,0;2,4;1,6
NL:S:43510390;Rustweg;Almelo;3,4;5,1;2,5;2,2;1,3;0,4
NL:S:43510410;Heetveldsweg;Almelo;10,0;7,6;4,6;3,8;4,2;1,7
NL:S:43510420;Schelfhorstpark;Almelo;14,2;13,6;6,8;5,1;5,9;1,6
NL:S:43510430;Stadion;Almelo;6,4;8,8;3,9;2,6;1,5;0,4
NL:S:43510470;Ziekenhuisgroep Twente;Almelo;43,7;50,0;9,6;10,5;5,0;4,0
NL:S:43510485;Kalverstraat;Almelo;0,7;0,8;0,2;0,2;0,0;0,0
NL:S:43510750;Rembrandtveld;Almelo;11,2;12,6;4,0;5,0;3,2;5,0
NL:S:43510770;Frederik van Eedenstraat;Almelo;5,3;5,6;1,9;2,2;0,8;1,1
NL:S:43510790;Jacob van Ruysdaelstraat;Almelo;7,8;7,4;3,2;3,8;0,0;0,0
NL:S:43510870;Groot Bokhove;Almelo;4,1;3,2;2,2;1,3;0,5;0,3
NL:S:43510890;De Wingerd;Almelo;9,0;11,9;3,6;5,1;1,6;2,1
NL:S:43510910;De Koppel;Almelo;7,8;10,7;2,8;3,7;1,1;1,6
NL:S:43510970;KSG Canisius;Almelo;1,8;1,6;0,3;0,1;0,0;0,0
NL:S:43511010;Appelstraat;Almelo;2,1;7,6;0,3;1,0;0,0;0,0
NL:S:43511030;Groen van Prinstererstraat;Almelo;0,8;0,4;0,1;0,0;0,0;0,0
NL:S:43511050;Sweelincklaan;Almelo;0,9;1,6;0,3;0,9;0,0;0,0
NL:S:43511070;Obrechtstraat;Almelo;0,9;1,5;0,3;0,2;0,0;0,0
NL:S:43511090;C. van Renneslaan;Almelo;0,6;3,0;0,4;1,1;0,0;0,0
NL:S:43511100;Paganinistraat;Almelo;4,9;3,4;1,7;1,0;0,0;0,0
NL:S:43511120;Tsjaikowskystraat;Almelo;4,6;3,5;1,2;1,2;0,0;0,0
NL:S:43511140;Haydnlaan;Almelo;2,3;1,7;1,2;0,8;0,0;0,0
NL:S:43511160;Hoog Schuilenburg;Almelo;1,5;1,8;1,3;1,2;0,0;0,0
NL:S:43511200;Sibeliusstraat;Almelo;4,0;3,1;0,8;0,9;0,0;0,0
NL:S:43511210;Nico Werkmanlaan;Almelo;4,4;2,6;0,9;0,9;0,0;0,0
NL:S:43511230;Nieuw Witvoet;Almelo;10,0;12,9;1,7;4,8;0,5;4,9
NL:S:43511240;De Taling;Almelo;9,5;9,1;2,6;3,0;1,4;1,8
NL:S:43511270;Vincent van Goghplein;Almelo;21,2;19,7;5,1;5,4;0,0;0,0
NL:S:43511290;ROC De Sumpel;Almelo;56,9;56,6;1,1;1,5;0,0;0,0
NL:S:43511310;De Ara;Almelo;12,0;9,9;2,7;3,5;1,2;1,9
NL:S:43511340;De Boerenzwaluw;Almelo;16,2;14,4;5,2;5,6;2,5;3,0
NL:S:43511360;Wkc Windmolenbroek;Almelo;19,6;23,3;10,8;11,6;4,7;4,8
NL:S:43511380;De Hop;Almelo;21,1;17,1;8,5;8,6;4,8;5,3
NL:S:43511400;De Kolibrie;Almelo;13,4;11,9;5,8;4,6;3,8;4,3
NL:S:43511480;Betuining;Almelo;11,8;12,2;0,4;0,6;0,0;0,0
NL:S:43511500;Grand Canal;Almelo;6,6;5,4;1,2;1,0;0,0;0,0
NL:S:43511530;De Specht;Almelo;7,3;9,1;1,1;1,7;0,4;0,5
NL:S:43511550;De Mees;Almelo;9,1;8,6;3,0;3,2;1,3;1,7
NL:S:43511570;De Putter;Almelo;16,9;18,3;5,3;4,4;2,0;3,3
NL:S:43511591;Buurstede;Almelo;10,4;12,8;4,1;4,7;2,1;2,2
NL:S:43511610;De Patrijs;Almelo;17,2;15,3;2,7;4,3;1,0;1,8
NL:S:43511640;Woonboulevard;Almelo;13,6;27,7;3,7;3,5;2,1;1,1
NL:S:43511670;Zwaluwenstraat;Almelo;1,1;1,0;0,5;0,3;0,0;0,0
NL:S:43511690;Wondestraat;Almelo;2,8;2,2;0,9;0,6;0,0;0,0
NL:S:43511710;Frans Halsstraat;Almelo;10,1;9,1;2,3;2,3;0,0;0,0
NL:S:43511730;Ten Dam;Almelo;3,8;4,2;0,2;0,2;0,0;0,0
NL:S:43511750;Pergola;Almelo;1,9;1,6;0,2;0,3;0,0;0,0
NL:S:43512060;Viaduct;Almelo;4,0;4,8;0,0;0,0;0,0;0,0
NL:S:43512070;Elsboerlaan;Almelo;0,1;0,3;0,0;0,0;0,0;0,0
NL:S:43512090;Meulenbeldlaan;Almelo;0,0;0,0;0,0;0,0;0,0;0,0
NL:S:43512110;Huize Alexandra;Almelo;0,0;0,0;0,0;0,0;0,0;0,0
NL:S:43512130;Het Meulenbelt;Almelo;0,2;0,0;0,2;0,0;0,0;0,0
NL:S:43512160;Oostermaatweg;Vriezenveen;0,0;0,0;0,0;0,0;0,0;0,0
NL:S:43512170;Markgraven;Almelo;7,3;6,1;1,0;1,3;0,6;0,8
NL:S:43512190;Karelskamp;Almelo;12,3;13,4;1,5;0,9;0,2;0,4
NL:S:43512210;Oude Veemarkt;Almelo;4,5;5,3;1,9;2,1;0,7;0,9
NL:S:43512230;Violierstraat;Almelo;8,9;11,2;4,6;6,0;4,6;5,8
NL:S:43512250;De Kei;Almelo;2,1;1,9;0,6;0,7;0,6;0,4
NL:S:43512270;Planthofsweg;Almelo;4,4;5,0;0,2;0,2;0,0;0,0
NL:S:43512310;De Niendure;Almelo;0,3;0,3;0,1;0,0;0,0;0,0
NL:S:43512430;Robbenhaarsweg;Almelo;5,6;4,5;0,8;1,1;0,6;0,8
NL:S:43512450;Mariaparochie;Almelo;1,8;2,0;0,5;0,7;0,5;0,5
NL:S:43512470;Kampkuiper;Harbrinkhoek;8,7;7,9;0,8;1,3;0,4;0,5
NL:S:43512490;Frielinkstraat;Harbrinkhoek;6,9;6,3;0,6;0,7;0,8;0,5
NL:S:43512510;Mariaparochie;Almelo;2,0;2,4;0,5;1,0;0,0;0,0
NL:S:43512540;Mekkelenberg;Albergen;0,9;1,0;0,2;0,1;0,0;0,0
NL:S:43512550;Leuvinksveld;Harbrinkhoek;2,8;2,8;0,7;1,6;0,9;1,2
NL:S:43512610;Bellavistastraat;Almelo;4,7;12,2;0,4;0,9;0,0;0,0
NL:S:43512670;Bavinkelsweg;Almelo;0,8;0,9;0,1;0,1;0,1;0,1
NL:S:43512790;Sluisweg;Almelo;2,0;2,4;0,9;0,0;0,0;0,0
NL:S:43512830;Van Riemsdijkweg;Almelo;0,6;1,4;0,0;0,1;0,0;0,0
NL:S:43512850;Van den Broekeweg;Almelo;6,9;8,9;0,2;0,6;0,0;0,0
NL:S:43512870;Beatrix de Rijkweg;Almelo;4,0;6,0;0,6;0,8;0,0;0,0
NL:S:43512950;Valeriusstraat;Almelo;2,4;0,7;0,3;0,2;0,0;0,0
NL:S:43514010;Egbert ten Catelaan;Almelo;4,6;6,0;0,3;0,4;0,0;0,0
NL:S:43530010;De Viersprong;Tubbergen;3,8;3,7;0,5;0,7;0,5;0,3
NL:S:43530030;Boakenkampsweg;Vasse;0,7;0,7;0,2;0,1;0,2;0,1
NL:S:43530050;Bolscher;Vasse;6,1;5,8;0,9;1,5;1,1;0,7
NL:S:43530070;R.K. Kerk;Vasse;13,6;13,3;2,2;3,0;1,8;1,5
NL:S:43550270;R.K. Kerk;Reutum;0,9;0,4;0,0;0,0;0,0;0,0
NL:S:43550310;Agelerweg;Reutum;0,0;0,0;0,0;0,0;0,0;0,0
NL:S:43560011;Herman Heijermansstraat;Goor;7,4;8,3;1,0;1,3;0,0;0,0
NL:S:43560020;Station;Goor;146,6;147,1;41,3;37,4;0,0;0,0
NL:S:43560050;School;Elsenerbroek;0,1;0,2;0,0;0,1;0,0;0,0
NL:S:43560070;Korte Dijk;Goor;4,2;4,4;0,3;0,5;0,0;0,0
NL:S:43560130;Oad garage;Goor;5,8;5,5;1,2;1,2;0,0;0,0
NL:S:43560210;Hazenkamp;Herikerberg;0,4;0,5;0,2;0,2;0,0;0,0
NL:S:43560230;Jachtlust;Goor;9,4;9,8;1,2;1,6;0,0;0,0
NL:S:43560250;Huishoudschool;Goor;1,7;2,6;0,6;0,5;0,0;0,0
NL:S:43560350;Reggebrug;Elsenerbroek;0,2;0,2;0,0;0,0;0,0;0,0
NL:S:43560370;Zomerweg;Goor;1,6;2,0;0,1;0,3;0,0;0,0
NL:S:43560490;Kevelhamlaan;Goor;0,1;0,1;0,0;0,0;0,0;0,0
NL:S:43560510;Ripperda;Goor;0,2;0,2;0,1;0,4;0,0;0,0
NL:S:43560610;Wiener Bentelerscheidingsweg;Goor;1,0;1,1;0,3;0,5;0,0;0,0
NL:S:43590030;De Zuivering;Vriezenveen;0,2;0,0;0,0;0,0;0,0;0,0
NL:S:43590050;Zuivelfabriek;Vriezenveen;0,2;0,1;0,1;0,0;0,0;0,0
NL:S:43590070;'t Midden;Vriezenveen;1,3;0,0;0,2;0,0;0,0;0,0
NL:S:43590230;Albardastraat;Aadorp;5,4;5,7;0,5;0,6;0,0;0,0
NL:S:43590250;Berkenlaan;Aadorp;1,5;1,5;0,2;0,1;0,0;0,0
NL:S:43590270;Peppellaan;Aadorp;3,4;3,6;1,2;1,1;0,0;0,0
NL:S:43590300;De Merel;Vriezenveen;5,3;4,6;0,8;0,7;0,0;0,0
NL:S:43590310;Westerweilandweg;Vriezenveen;5,0;3,8;1,5;1,0;0,0;0,0
NL:S:43590330;De Nachtegaal;Vriezenveen;6,4;4,8;0,8;0,9;0,0;0,0
NL:S:43590540;Prinsenweg;Vriezenveen;1,8;1,4;0,2;0,4;0,0;0,0
NL:S:43590700;Nieuwe Daarlerveenseweg;Vriezenveen;3,5;3,2;0,5;0,5;0,0;0,0
NL:S:43590740;Karel Schaapstraat;Vriezenveen;10,5;8,8;1,1;1,1;0,0;0,0
NL:S:43590760;Broekland;Vriezenveen;3,7;3,2;0,8;0,5;0,0;0,0
NL:S:43590800;Petersburgstraat;Vriezenveen;11,9;10,5;2,1;2,5;0,0;0,0
NL:S:43621010;N.H. Kerk;Wierden;1,8;3,5;1,0;1,7;0,0;0,0
NL:S:43621030;Nijstad;Notter;0,4;0,3;0,3;0,1;0,0;0,0
NL:S:43621050;Klokkendijk;Rijssen;1,0;1,8;0,2;0,3;0,0;0,0
NL:S:43621070;Grimberg;Nijstad;0,1;0,2;0,2;0,2;0,0;0,0
NL:S:43621130;Enterweg;Wierden;0,8;0,5;0,2;0,3;0,0;0,0
NL:S:43621170;Smeijerskampstraat;Wierden;1,7;2,1;0,7;0,7;0,0;0,0
NL:S:43621190;Akeleistraat;Wierden;2,5;1,5;0,7;0,5;0,0;0,0
NL:S:43621210;Aadorpsweg;Wierden;2,7;2,3;0,3;0,2;0,0;0,0
NL:S:43630010;Manderveenseweg;Tubbergen;2,9;2,4;1,0;1,2;0,7;0,2
NL:S:43630060;Bruno van Ommenstraat;Tubbergen;32,3;32,0;6,8;8,0;3,9;3,6
NL:S:43630070;Julianastraat;Tubbergen;6,4;4,9;1,3;1,5;0,8;0,6
NL:S:43630090;Binnenveldsweg;Tubbergen;26,9;24,3;5,1;5,2;3,8;3,4
NL:S:43630110;Haarboersweg;Tubbergen;1,3;1,3;0,5;0,7;0,4;0,3
NL:S:43630130;Almeloseweg;Tubbergen;7,1;7,9;2,4;2,4;1,6;1,8
NL:S:43630530;Driesprong;Bruinehaar;0,5;0,4;0,0;0,0;0,0;0,0
NL:S:43630570;Wiekslag;Tubbergen;5,8;6,9;0,5;1,3;0,0;0,0
NL:S:43630710;Nijverheidsstraat;Tubbergen;0,5;0,4;0,1;0,1;0,0;0,0
NL:S:43630720;Marconistraat;Tubbergen;1,4;2,0;0,2;0,5;0,0;0,0
NL:S:43640010;Handelsstraat;Hardenberg;1,0;1,7;0,0;0,0;0,0;0,0
NL:S:43640030;Wavin;Hardenberg;0,4;0,9;0,0;0,0;0,0;0,0
NL:S:43640050;Ziekenhuis;Hardenberg;1,1;1,9;0,0;0,0;0,0;0,0
NL:S:43640070;Station;Hardenberg;46,5;46,1;0,0;0,0;0,0;0,0
NL:S:43640180;Bruchterbeekweg;Hardenberg;0,2;0,3;0,0;0,0;0,0;0,0
NL:S:43640370;De Nieuwe Haven;Hardenberg;2,7;3,3;0,0;0,0;0,0;0,0
NL:S:43650010;Viersprong;Fleringen;19,8;21,4;2,6;4,2;0,0;0,0
NL:S:43650210;Hagveldsweg;Fleringen;0,3;0,5;0,0;0,1;0,0;0,0
NL:S:43650230;Kanaal;Fleringen;0,8;0,8;0,1;0,2;0,0;0,0
NL:S:43650250;Oude Almelosedijk;Fleringen;1,2;1,3;0,5;0,6;0,0;0,0
NL:S:43650290;Herinckhaveweg;Fleringen;0,4;0,3;0,0;0,2;0,0;0,0
NL:S:43660010;Herikerberg;Herikerberg;0,8;1,0;0,5;0,7;0,0;0,0
NL:S:43660030;Burg. de Beaufortplein;Markelo;13,4;12,9;5,8;6,1;0,0;0,0
NL:S:43660050;Hessenheem;Herikerberg;2,6;3,2;0,9;1,0;0,0;0,0
NL:S:43660070;Cafe De Poppe;Markelo;2,5;3,1;0,9;1,0;0,0;0,0
NL:S:43660090;Krabbenbos;Markelo;1,2;1,0;0,2;0,2;0,0;0,0
NL:S:43660110;Larenseweg;Markelo;4,4;4,1;1,0;1,2;0,0;0,0
NL:S:43660130;De Koekoek;Markelo;12,5;12,4;2,3;2,4;0,0;0,0
NL:S:43690450;Haarakkersweg;Langeveen;0,0;0,1;0,0;0,0;0,0;0,0
NL:S:43690480;Dwarsstraat;Langeveen;0,0;0,0;0,0;0,0;0,0;0,0
NL:S:43690500;Cafe Nobbenhuis;Langeveen;0,8;0,6;0,0;0,0;0,0;0,0
NL:S:43690510;R.K. Kerk;Langeveen;0,5;0,6;0,0;0,0;0,0;0,0
NL:S:43720260;Station;Nijverdal;64,9;61,7;17,6;12,6;0,0;0,0
NL:S:43720270;Spoorstraat;Nijverdal;1,9;2,4;0,5;0,7;0,0;0,0
NL:S:43720290;Gemeentehuis;Nijverdal;1,7;0,8;0,3;0,1;0,0;0,0
NL:S:43720310;Molenweg;Nijverdal;0,4;0,2;0,1;0,1;0,0;0,0
NL:S:43720490;Ereprijs;Nijverdal;9,0;8,0;2,1;2,1;0,0;0,0
NL:S:43720570;Helmkruidlaan;Nijverdal;1,4;1,7;0,1;0,1;0,0;0,0
NL:S:43720630;Polhaarweg;Nijverdal;3,1;2,3;0,4;0,3;0,0;0,0
NL:S:43720810;Sporthal;Nijverdal;1,3;1,9;0,3;0,6;0,0;0,0
NL:S:43720830;Helmerink;Nijverdal;6,6;5,9;0,5;0,7;0,0;0,0
NL:S:43720920;Bolink;Nijverdal;0,7;1,2;0,2;0,2;0,0;0,0
NL:S:43720970;Centrum;Nijverdal;0,5;0,9;0,1;1,2;0,0;0,0
NL:S:43721050;Bergleidingweg;Nijverdal;6,9;6,8;0,8;1,2;0,0;0,0
NL:S:43721070;Buitencentrum;Nijverdal;0,2;0,1;0,0;0,0;0,0;0,0
NL:S:43730050;Veeneggeweg;Harbrinkhoek;0,7;0,8;0,1;0,2;0,1;0,0
NL:S:43730070;Landriteweg;Geesteren;0,8;0,8;0,0;0,1;0,1;0,1
NL:S:43730090;Geesterseveldweg;Geesteren;1,2;1,4;0,3;0,4;0,4;0,4
NL:S:43730110;Poolsweg;Geesteren;0,8;0,8;0,3;0,1;0,1;0,1
NL:S:43730130;Lutkeberg;Geesteren;25,2;23,4;2,2;2,2;1,7;0,9
NL:S:43730150;Dorpsstraat;Geesteren;12,6;13,7;1,3;2,4;1,5;1,4
NL:S:43730170;Mensinkkamp;Geesteren;5,9;4,3;1,1;0,8;0,8;0,4
NL:S:43730190;Volmersweg;Geesteren;1,4;1,4;0,1;0,0;0,1;0,1
NL:S:43730210;Knoefbakker;Geesteren;8,9;9,0;0,3;0,5;0,6;0,5
NL:S:43730250;Voshaarweg;Harbrinkhoek;0,5;0,5;0,1;0,3;0,1;0,1
NL:S:43740020;Pres. Kennedystraat;Vroomshoop;0,6;0,0;0,0;0,0;0,0;0,0
NL:S:43740050;Sallandia;Vroomshoop;0,0;0,0;0,0;0,0;0,0;0,0
NL:S:43740070;Dalvoorderslag;Vroomshoop;0,1;0,0;0,0;0,0;0,0;0,0
NL:S:43740090;Tonnendijk;Vroomshoop;0,5;0,0;0,0;0,0;0,0;0,0
NL:S:43740130;Beatrixstraat;Vroomshoop;0,1;0,0;0,0;0,0;0,0;0,0
NL:S:43740180;Zwembad;Vroomshoop;0,0;0,0;0,0;0,0;0,0;0,0
NL:S:43750030;Hofmaatsweg;Albergen;1,5;1,4;0,2;0,1;0,0;0,0
NL:S:43750050;Gravendijk;Albergen;1,4;1,3;0,8;0,8;0,0;0,0
NL:S:43750070;Assinkshoekweg;Albergen;0,6;0,7;0,1;0,1;0,0;0,0
NL:S:43750090;Van Koersveldweg;Albergen;2,8;3,0;0,4;0,5;0,0;0,0
NL:S:43750130;Zenderseweg;Albergen;21,6;20,6;3,1;4,8;0,0;0,0
NL:S:43750150;Molenbinnenweg;Albergen;2,0;2,1;0,1;0,2;0,0;0,0
NL:S:43750170;Kloosteresweg;Albergen;4,9;4,4;0,6;0,7;0,0;0,0
NL:S:43750190;Brakenweg;Albergen;1,2;1,0;0,1;0,1;0,0;0,0
NL:S:43760010;Handwijzer;Marle;0,1;0,1;0,0;0,1;0,0;0,0
NL:S:43760070;Kerkstraat;Daarlerveen;0,0;0,4;0,0;0,4;0,0;0,0
NL:S:43760080;Station;Daarlerveen;0,3;0,2;0,1;0,3;0,0;0,0
NL:S:43760100;'n Tip;Daarle;1,7;1,4;2,2;2,1;0,0;0,0
NL:S:43780030;Centrum;Holten;0,7;0,9;0,1;0,2;0,0;0,0
NL:S:43780050;Station;Holten;17,5;14,9;6,0;5,8;0,0;0,0
NL:S:43780090;Scholengemeenschap;Holten;2,5;1,4;0,5;0,3;0,0;0,0
NL:S:43780110;Borkeld;Holten;2,1;2,1;0,9;1,0;0,0;0,0
NL:S:43780170;De Driesprong;Holten;1,1;1,1;0,5;0,4;0,0;0,0
NL:S:43780210;Diessenplas;Holten;15,2;18,6;0,3;0,4;0,0;0,0
NL:S:43780230;Kon. Wilhelminastraat;Holten;2,2;0,8;0,2;0,5;0,0;0,0
NL:S:43780310;Kerkhofsweg;Holten;1,1;0,9;0,3;0,6;0,0;0,0
NL:S:43790010;Sluiskade;Westerhaar;0,2;0,0;0,0;0,0;0,0;0,0
NL:S:43790030;De Klaampe;Westerhaar;0,1;0,0;0,0;0,0;0,0;0,0
NL:S:43790050;Leidijk;Westerhaar;0,0;0,0;0,0;0,0;0,0;0,0
NL:S:43790070;Wollegrasstraat;Westerhaar;1,8;2,2;0,0;0,0;0,0;0,0
NL:S:43790100;Schapenweg;Westerhaar;3,9;3,7;0,0;0,0;0,0;0,0
NL:S:43790110;Vroomshoopseweg;Westerhaar;0,0;0,0;0,0;0,0;0,0;0,0
NL:S:43790130;Dalweg;Westerhaar;0,0;0,0;0,0;0,0;0,0;0,0
NL:S:43790150;Busstation;Westerhaar;18,4;18,0;0,1;0,0;0,0;0,0
NL:S:43820070;Schapenmarkt;Hellendoorn;4,0;5,2;5,0;6,8;0,0;0,0
NL:S:43820230;De Blenke;Hellendoorn;0,9;0,9;0,2;0,3;0,0;0,0
NL:S:43820270;Hellendoornsebergweg;Hellendoorn;0,0;0,0;0,0;0,0;0,0;0,0
NL:S:43820310;Looweg;Hellendoorn;0,3;0,3;0,3;0,0;0,0;0,0
NL:S:43820330;Krönnenzommer;Hellendoorn;0,8;0,9;0,1;0,2;0,0;0,0
NL:S:43820410;Reggeweg;Hellendoorn;1,8;1,7;0,8;0,4;0,0;0,0
NL:S:43820450;Schuilenburgerweg;Hellendoorn;1,9;2,1;0,2;0,3;0,0;0,0
NL:S:43820470;Collenstaartweg;Hulsen;0,9;1,3;0,1;0,2;0,0;0,0
NL:S:43840050;Middenweg;Den Ham;0,0;0,0;0,0;0,0;0,0;0,0
NL:S:43840070;Driesprong;Den Ham;1,0;0,9;0,7;1,4;0,0;0,0
NL:S:43840090;Geref. Kerk;Den Ham;0,5;0,0;0,0;0,0;0,0;0,0
NL:S:43840110;Zuivelfabriek;Den Ham;0,0;0,1;0,0;0,0;0,0;0,0
NL:S:43840130;Smitstraat;Den Ham;0,6;0,0;0,0;0,0;0,0;0,0
NL:S:43840170;Noordmeer;Den Ham;0,0;0,0;0,0;0,0;0,0;0,0
NL:S:43840240;Het Liefferdinck;Den Ham;0,1;0,0;0,1;0,0;0,0;0,0
NL:S:43840260;Brink;Den Ham;0,2;0,3;0,0;0,1;0,0;0,0
NL:S:43860010;Kapoene;Enter;0,9;1,0;0,3;0,2;0,0;0,0
NL:S:43860030;R.K. Kerk;Enter;7,6;7,4;1,1;1,5;0,0;0,0
NL:S:43860070;Rohaan;Enter;3,7;3,7;0,4;0,8;0,0;0,0
NL:S:43860090;Stationsweg;Enter;1,8;2,1;0,6;0,8;0,0;0,0
NL:S:43860110;Brandput;Enter;8,0;7,7;0,8;1,4;0,0;0,0
NL:S:43860130;Braamhaar;Enter;12,3;11,6;1,0;1,7;0,0;0,0
NL:S:43860150;Heerink;Enter;1,2;1,2;0,1;0,1;0,0;0,0
NL:S:43860180;Jagersweg;Enter;0,7;0,6;0,0;0,0;0,0;0,0
NL:S:43870050;Blokkendijk;Zuna;0,4;0,6;0,1;0,3;0,0;0,0
NL:S:43870130;Spoelerstraat;Rijssen;4,2;6,0;0,1;0,4;0,0;0,0
NL:S:43880030;Oude Veemarkt;Rijssen;2,8;4,0;1,5;2,2;0,0;0,0
NL:S:43880070;Station;Rijssen;52,6;50,8;17,5;11,1;0,0;0,0
NL:S:43880120;Waterhoen;Rijssen;4,5;4,4;0,6;0,7;0,0;0,0
NL:S:43880210;Scholengemeenschap;Rijssen;10,7;9,9;0,8;1,1;0,0;0,0
NL:S:43880230;Stationsdwarsweg;Rijssen;0,3;0,4;0,0;0,0;0,0;0,0
NL:S:43880310;Kryptonstraat;Rijssen;3,3;3,8;0,1;0,2;0,0;0,0
NL:S:43880330;Schapendijk;Rijssen;0,8;1,1;0,3;0,6;0,0;0,0
NL:S:43880350;Reggesteyn/Cattelaar;Rijssen;8,6;9,4;0,4;0,5;0,0;0,0
NL:S:43880450;Holterweg/Banisweg;Rijssen;2,1;2,0;0,1;0,3;0,0;0,0
NL:S:43880510;Molenstalweg;Rijssen;0,3;0,4;0,2;0,1;0,0;0,0
NL:S:43880530;Hagslagen;Rijssen;8,6;8,2;1,8;1,3;0,0;0,0
NL:S:43880570;Scholekster;Rijssen;2,7;2,6;0,2;0,1;0,0;0,0
NL:S:43880600;Parkstede;Rijssen;1,0;1,2;0,4;0,6;0,0;0,0
NL:S:43890030;Meijerboersweg;Westerhaar;0,6;0,8;0,0;0,0;0,0;0,0
NL:S:43890050;Driesprong;Sibculo;7,7;7,8;0,0;0,0;0,0;0,0
NL:S:43890070;Bergweg;Sibculo;0,9;1,1;0,0;0,0;0,0;0,0
NL:S:43890090;Schoolstraat;Kloosterhaar;3,5;5,7;0,0;0,0;0,0;0,0
NL:S:43890110;Viersprong;Kloosterhaar;4,3;3,5;0,0;0,0;0,0;0,0
NL:S:43890130;Oude Vaart;Kloosterhaar;0,3;0,4;0,0;0,0;0,0;0,0
NL:S:43890150;Post;Kloosterhaar;0,0;0,1;0,0;0,0;0,0;0,0
NL:S:43890170;Horstra;Kloosterhaar;0,2;0,4;0,0;0,0;0,0;0,0
NL:S:43990030;Pannemansbos;Bergentheim;0,1;0,1;0,0;0,0;0,0;0,0
NL:S:43990070;Kanaalbrug;Bergentheim;2,5;2,9;0,0;0,0;0,0;0,0
NL:S:44100030;Kerk;Usselo;1,7;1,6;0,8;0,7;0,2;0,3
NL:S:44100050;Helmerstraat;Usselo;0,2;0,2;0,1;0,1;0,0;0,1
NL:S:44100070;Crematorium;Usselo;0,1;0,7;0,1;0,8;0,1;0,1
NL:S:44100090;Teesinklanderweg;Usselo;0,2;0,6;0,2;0,3;0,1;0,0
NL:S:44100120;Badweg;Usselo;0,3;0,3;0,4;0,3;0,1;0,1
NL:S:44100540;Military;Boekelo;0,0;0,0;0,1;0,2;0,0;0,0
NL:S:44105030;Landsteinerlaan;Boekelo;1,5;1,3;0,4;0,3;0,0;0,0
NL:S:44200030;Zonnebeekweg;Usselo;0,0;0,1;0,0;0,0;0,0;0,0
NL:S:44200050;Rutbeekweg;Usselo;0,4;0,5;0,3;0,3;0,2;0,3
NL:S:44200070;Hazenweg;Usselo;0,4;0,3;0,2;0,2;0,1;0,0
NL:S:44200100;Wittepalenweg;Haaksbergen;0,1;0,0;0,1;0,0;0,0;0,0
NL:S:44220010;Camping Westerholt;Delden;0,6;0,7;0,9;1,1;0,0;0,0
NL:S:44220030;Carelshaven;Delden;0,1;0,1;0,1;0,0;0,0;0,0
NL:S:44220050;Villapark;Delden;0,1;0,1;0,1;0,0;0,0;0,0
NL:S:44220070;Station;Delden;17,7;15,0;1,2;1,9;0,0;0,0
NL:S:44220090;R.K. Kerk;Delden;0,8;1,4;0,4;0,5;0,0;0,0
NL:S:44220110;Europalaan;Delden;0,3;0,6;0,0;0,0;0,0;0,0
NL:S:44220140;Nijlandsweg;Bentelo;0,0;0,0;0,0;0,0;0,0;0,0
NL:S:44220150;S.G. Twickel;Delden;0,5;1,0;0,1;0,5;0,0;0,0
NL:S:44229030;Politiebureau;Delden;1,8;1,5;0,1;0,1;0,0;0,0
NL:S:44230010;'t Schaafje;Bornerbroek;0,6;0,6;0,2;0,2;0,0;0,0
NL:S:44300030;Oude Kampweg;Haaksbergen;0,0;0,1;0,0;0,0;0,0;0,0
NL:S:44300050;Weg naar Veldmaat;Haaksbergen;22,1;24,4;7,7;10,1;4,5;5,2
NL:S:44300070;Blanckenborgh;Haaksbergen;24,2;21,5;8,6;8,6;4,3;4,2
NL:S:44300090;Fazantstraat;Haaksbergen;12,4;13,8;5,1;5,5;3,2;3,5
NL:S:44300110;Busstation;Haaksbergen;320,8;325,3;149,0;155,6;110,0;85,0
NL:S:44300130;Lansinkstraat;Haaksbergen;13,9;13,3;2,7;3,4;1,8;2,1
NL:S:44300150;Scholtenhage;Haaksbergen;20,7;20,2;6,3;6,9;3,2;2,5
NL:S:44300180;Weerninksweg;Brammelo;1,1;2,6;0,2;0,9;0,4;0,7
NL:S:44300270;Wiedenbroeksingel;Haaksbergen;15,1;15,5;5,8;5,7;4,4;3,7
NL:S:44300310;Mr. Eenhuisstraat;Haaksbergen;13,8;18,4;5,5;7,8;4,3;5,1
NL:S:44300350;Het Wiedenbroek;Haaksbergen;1,0;1,2;0,2;0,2;0,0;0,0
NL:S:44300450;Richterstraat;Haaksbergen;4,6;3,9;0,7;0,6;0,0;0,0
NL:S:44300470;H. v.d. Haarstraat;Haaksbergen;8,1;6,4;0,8;1,0;0,0;0,0
NL:S:44300490;Van Limborgstraat;Haaksbergen;2,6;2,4;0,4;0,4;0,0;0,0
NL:S:44300570;Industriestraat;Haaksbergen;0,8;0,9;0,0;0,0;0,0;0,0
NL:S:44300610;De Volmer;Haaksbergen;4,5;4,0;0,0;0,0;0,0;0,0
NL:S:44300690;Twijnerstraat;Haaksbergen;1,4;1,4;0,0;0,0;0,0;0,0
NL:S:44301030;Eykenhof;Haaksbergen;67,1;69,1;26,6;24,6;17,2;17,0
NL:S:44301080;Huurnerhof;Haaksbergen;0,0;0,0;0,0;0,0;0,0;0,0
NL:S:44330020;Dissel;Bentelo;0,1;0,0;0,0;0,0;0,0;0,0
NL:S:44330030;De Rustende Jager;Bentelo;0,3;0,3;0,0;0,0;0,0;0,0
NL:S:44350010;Groothuis;Hengevelde;0,0;0,0;0,0;0,0;0,0;0,0
NL:S:44350030;Nijhuis;Hengevelde;0,1;0,2;0,0;0,0;0,0;0,0
NL:S:44350050;Scholten;Hengevelde;0,5;0,4;0,0;0,0;0,0;0,0
NL:S:44350070;Ten Dam;Markvelde;0,1;0,1;0,0;0,0;0,0;0,0
NL:S:44390030;Smeenk;Bentelo;0,0;0,1;0,0;0,0;0,0;0,0
NL:S:44390050;Rupert;Bentelo;0,1;0,1;0,0;0,0;0,0;0,0
NL:S:44390070;R.K. Kerk;Bentelo;1,7;1,8;0,0;0,0;0,0;0,0
NL:S:44400030;Poort Diaconie;Brammelo;2,3;2,5;0,8;0,5;0,4;0,2
NL:S:44400050;Kerkweg;Brammelo;0,5;0,9;0,1;0,2;0,1;0,2
NL:S:44400070;Roerink;Brammelo;3,5;3,1;0,5;0,6;0,3;0,4
NL:S:44400100;Vloedsteegweg;Rietmolen;1,6;0,7;0,3;0,3;0,2;0,2
NL:S:44400110;Rietmolen;Rietmolen;4,4;5,7;1,4;1,5;0,4;0,6
NL:S:44490010;De Bonkert;Markvelde;0,0;0,0;0,0;0,0;0,0;0,0
NL:S:44499010;School;Markvelde;0,0;0,0;0,0;0,0;0,0;0,0
NL:S:44500150;Wheemergaarden;Neede;10,1;10,4;2,4;2,8;1,5;1,6
NL:S:44500173;Parallelweg;Neede;15,6;18,5;1,8;1,8;0,9;0,8
NL:S:44500177;Busstation;Neede;86,0;77,4;28,3;23,4;17,0;12,9
NL:S:44500210;De Valkhof;Neede;13,3;17,5;4,2;7,6;2,8;3,3
NL:S:44500230;De Huikert;Neede;20,3;19,8;7,1;7,6;4,9;4,5
NL:S:44500250;Christelijke School;Neede;23,1;21,3;10,9;8,0;4,9;4,1
NL:S:44500310;Diekmaatschool;Neede;20,7;19,4;3,7;3,9;2,9;2,3
NL:S:44500430;Garage Grooters;Eibergen;22,8;21,3;0,0;0,0;0,0;0,0
NL:S:44500450;Viersprong;Eibergen;26,9;22,7;0,0;0,0;0,0;0,0
NL:S:44500530;Industrieweg;Neede;2,1;2,4;0,3;0,6;0,2;0,2
NL:S:44500610;Hilhorst;Neede;0,1;0,1;0,0;0,0;0,0;0,0
NL:S:44500630;'t Roodland;Neede;1,0;0,6;0,0;0,0;0,0;0,0
NL:S:44509010;Lolotte;Neede;0,4;0,4;0,0;0,0;0,0;0,0
NL:S:44610030;Transformator;Neede;3,4;2,4;0,7;0,8;0,3;0,5
NL:S:44710050;Busstation;Borculo;140,5;139,8;44,1;45,4;33,6;22,1
NL:S:44710531;Keizer Ottostraat;Borculo;2,5;1,6;0,7;0,9;0,0;0,0
NL:S:44710541;Nettelhorsterweg;Borculo;4,3;5,3;0,8;0,6;0,8;1,0
NL:S:45110010;Iepweg;Hengelo;0,9;1,7;0,3;0,7;0,1;0,5
NL:S:45120010;Esrein;Hengelo;1,5;2,9;0,0;0,0;0,0;0,0
NL:S:45120030;Ketelmakerij;Hengelo;1,9;2,4;0,0;0,0;0,0;0,0
NL:S:45160030;Eierbaan;Bornerbroek;4,6;4,4;0,6;0,6;0,0;0,0
NL:S:45160050;Goorsedijk;Bornerbroek;0,5;0,3;0,2;0,1;0,0;0,0
NL:S:45169010;R.K. Kerk;Bornerbroek;3,5;3,3;0,2;0,8;0,0;0,0
NL:S:45210011;Boekweit;Borne;0,0;0,1;0,0;0,0;0,0;0,0
NL:S:45210017;Rogge;Borne;0,4;0,2;0,0;0,0;0,0;0,0
NL:S:45210019;Bornsebeek;Borne;0,2;0,2;0,0;0,0;0,0;0,0
NL:S:45210021;Blauwgras;Borne;0,0;0,0;0,0;0,0;0,0;0,0
NL:S:45210023;Hesselerbeek;Borne;0,0;0,0;0,0;0,0;0,0;0,0
NL:S:45210025;De Veste;Borne;0,1;0,1;0,0;0,0;0,0;0,0
NL:S:45210027;Bongerd;Borne;0,0;0,1;0,0;0,0;0,0;0,0
NL:S:45210110;Fleminghof;Borne;0,1;0,1;0,0;0,0;0,0;0,0
NL:S:45210120;De Bleek;Borne;0,1;0,0;0,0;0,0;0,0;0,0
NL:S:45210130;Sancta Maria;Borne;0,1;0,5;0,0;0,0;0,0;0,0
NL:S:45210140;Vedergras;Borne;0,0;0,0;0,0;0,0;0,0;0,0
NL:S:45210160;Hanzestraat;Borne;0,1;0,1;0,0;0,0;0,0;0,0
NL:S:45210170;Het Wooldrik;Borne;0,0;0,1;0,0;0,0;0,0;0,0
NL:S:45210180;Ridderspoor;Borne;0,0;0,0;0,0;0,0;0,0;0,0
NL:S:45331001;Leeuwerikstraat;De Lutte;0,8;0,0;0,0;0,0;0,0;0,0
NL:S:45331003;Spechtstraat;De Lutte;1,0;0,0;0,0;0,0;0,0;0,0
NL:S:45391001;De Hagen;Saasveld;0,4;0,9;0,0;0,0;0,0;0,0
NL:S:45510050;Nieuwland;Almelo;2,7;2,9;0,9;1,2;1,0;0,9
NL:S:45510070;Nijreessingel;Almelo;1,1;1,1;0,0;0,4;0,1;0,2
NL:S:45551001;Paadje;Reutum;0,2;0,2;0,0;0,0;0,0;0,0
NL:S:45570010;Dorp;Tilligte;0,1;0,0;0,0;0,0;0,0;0,0
NL:S:45920010;Stationsweg;Bergentheim;11,8;10,6;0,0;0,0;0,0;0,0
NL:S:45980001;'t Kruuspunt;Haarle;2,4;1,9;0,0;0,0;0,0;0,0
NL:S:45980003;Molenweg;Haarle;0,4;0,4;0,0;0,0;0,0;0,0
NL:S:45980005;Stationsweg;Haarle;0,1;0,1;0,0;0,0;0,0;0,0
NL:S:46160660;Station;Ommen;0,3;0,0;0,0;0,0;0,0;0,0
NL:S:46400054;Station;Raalte;3,3;3,0;0,0;0,0;0,0;0,0
NL:S:46400152;Kruisstraat;Raalte;0,0;0,1;0,0;0,0;0,0;0,0
NL:S:46400250;Westdorplaan;Raalte;0,1;0,0;0,0;0,0;0,0;0,0
NL:S:46400550;Postkantoor;Raalte;0,0;0,0;0,0;0,0;0,0;0,0
NL:S:46401150;Pauluskerk;Raalte;0,9;0,1;0,0;0,0;0,0;0,0
NL:S:46402010;Merel;Raalte;0,0;0,2;0,0;0,0;0,0;0,0
NL:S:46409003;Zwolsestraat;Raalte;0,3;1,1;0,0;0,0;0,0;0,0
NL:S:46601010;Kasteel Eerde;Eerde;0,0;0,0;0,0;0,0;0,0;0,0
NL:S:46601050;Steile Oever;Ommen;0,0;0,0;0,0;0,0;0,0;0,0
NL:S:46611350;Strangeweg;Ommen;0,2;0,0;0,0;0,0;0,0;0,0
NL:S:46613050;Centrum;Ommen;0,0;0,0;0,0;0,0;0,0;0,0
NL:S:46851001;Nijverdalseweg;Marienheem;0,1;0,2;0,0;0,0;0,0;0,0
NL:S:58710021;Crematorium;Enschede;1,3;0,7;0,5;0,7;0,1;0,0
NL:S:60000180;Gerard Terborghstraat;Haaksbergen;0,0;0,1;0,0;0,0;0,0;0,0
NL:S:60000740;High Tech Systems Park;Hengelo;0,1;0,0;0,0;0,0;0,0;0,0
NL:S:60101110;Jadestraat;Hengelo;0,1;0,1;0,0;0,0;0,0;0,0
NL:S:60150180;Opaalstraat;Hengelo;0,0;0,1;0,0;0,0;0,0;0,0
NL:S:60196500;Attractiepark de Waarbeek;Hengelo;0,0;0,0;0,0;0,0;0,0;0,0
NL:S:72800110;Rosinkweg;Enschede;0,1;0,2;0,0;0,1;0,0;0,0
NL:S:73158859;Struisgras;Borne;0,2;0,1;0,0;0,0;0,0;0,0
NL:S:30004401;Matterhorn;Amsterdam;13,6;15,8;1,5;1,9;0,9;0,6
NL:S:30004432;Oeverpad;Amsterdam;2,2;2,5;2,0;2,5;1,9;2,4
NL:S:30008007;Valkseweg;Barneveld;0,0;0,0;0,0;0,0;0,0;0,0
NL:S:31000493;Keizerswaard;Rotterdam;0,4;0,5;0,0;0,0;0,0;0,0
NL:S:40001230;Landgoed Rosorum;Arnhem;4,4;9,8;1,8;4,3;0,8;1,9
NL:S:40001250;Schelmseweg;Arnhem;8,6;12,6;6,9;7,2;3,8;5,4
NL:S:40001260;Wethouder Hartmannbrug;Barger-Compascuum;11,0;16,7;3,9;5,2;1,8;3,1
NL:S:40003030;Rozet;Arnhem;13,8;18,9;13,0;15,3;5,5;4,0
NL:S:40003570;Sonsbeek;Arnhem;60,2;88,1;15,1;23,2;9,8;15,5
NL:S:40004001;Centraal Station;Arnhem;558,7;409,8;243,4;195,7;149,1;139,3
NL:S:40004015;Willemsplein;Arnhem;278,2;249,0;157,6;133,2;86,7;72,7
NL:S:40004700;Lange Wal;Arnhem;7,6;12,9;3,8;6,0;1,3;2,5
NL:S:40004730;Keulse Slag;Arnhem;75,8;40,6;31,9;22,3;10,2;6,6
NL:S:40005500;Stadskantoor;Arnhem;17,5;15,1;3,6;4,5;1,1;2,3
NL:S:40006570;Badhuisstraat;Arnhem;7,3;8,5;4,4;4,1;1,0;0,7
NL:S:40006650;Van Oldenbarneveldtstraat;Arnhem;3,7;5,4;1,1;1,2;0,4;0,3
NL:S:40006670;Haven;Arnhem;5,1;8,7;1,9;2,7;0,3;0,4
NL:S:40006710;Kleefse Waard;Arnhem;20,8;40,8;1,7;0,9;0,4;0,4
NL:S:40006731;Bruningweg;Arnhem;7,0;10,6;1,7;1,6;0,2;0,2
NL:S:40006750;P. Calandweg;Arnhem;7,8;7,9;2,6;2,0;0,6;0,7
NL:S:40006770;Slaakweg;Arnhem;6,7;11,1;2,9;4,0;0,8;1,3
NL:S:40008550;Centraal Station (Sonsbeek);Arnhem;32,8;53,6;20,2;31,4;14,0;21,9
NL:S:40008570;Burg. Weertsstraat;Arnhem;12,7;22,9;9,8;14,0;5,0;8,4
NL:S:40008840;Brekelenkampstraat;Arnhem;8,2;11,8;4,0;5,1;0,9;1,9
NL:S:40009012;Eusebiuskerk;Arnhem;19,2;31,3;13,5;22,5;3,5;5,1
NL:S:40009019;Dr. C. Lelyweg Zuid;Arnhem;5,3;7,0;5,2;3,9;1,1;0,5
NL:S:40009067;De Braamberg;Arnhem;39,5;50,8;7,9;12,0;6,1;7,2
NL:S:40009069;Moscowa;Arnhem;53,5;81,2;13,3;18,4;10,9;13,2
NL:S:40013450;Brabantweg;Arnhem;1,5;2,1;0,5;1,1;0,0;0,0
NL:S:40059041;Golflinks;Arnhem;12,1;12,9;10,5;10,4;6,5;5,8
NL:S:40120030;Hotel De Roskam;Rheden;0,8;0,9;0,7;1,2;0,3;0,5
NL:S:40120050;Beekhuizenseweg;Velp;15,3;19,5;7,7;7,4;1,6;1,8
NL:S:40120070;A.G. Hofkeslaan;Velp;3,8;2,6;2,3;2,0;0,6;0,7
NL:S:40120110;Gasthuislaan;Velp;3,7;2,1;3,9;1,3;1,2;0,4
NL:S:40120140;Reigerstraat;Velp;1,0;5,2;0,5;2,2;0,2;0,5
NL:S:40120150;Gruttostraat;Velp;32,5;26,7;8,5;5,9;2,2;2,1
NL:S:40123990;Ziekenhuis/Waterstraat;Velp;16,4;16,7;12,8;11,2;4,1;3,5
NL:S:40124030;Haverland;Velp;6,4;7,1;7,6;6,2;1,9;1,7
NL:S:40124070;Graaf Gerhardstraat;Velp;12,9;10,3;5,2;3,3;1,6;1,7
NL:S:40129183;Graaf Ottostraat;Velp;10,8;8,4;9,3;7,0;2,5;2,5
NL:S:40129193;Oosterwolde;Velp;1,4;2,1;1,2;1,3;0,5;0,5
NL:S:40160070;Maasbergseweg;Arnhem;0,4;16,2;0,2;7,9;0,2;5,1
NL:S:40160080;De Leeren Doedel;Arnhem;1,0;1,4;1,7;1,8;1,3;1,9
NL:S:40160110;De Vijverberg;Arnhem;0,3;0,5;0,7;0,7;0,3;0,4
NL:S:40160130;Klein Warnsborn;Arnhem;3,3;2,9;2,5;1,7;1,0;2,2
NL:S:40169091;Van der Valk/Papendal;Arnhem;27,7;32,4;39,3;41,4;20,6;23,9
NL:S:40169093;Revalidatie Centrum BIO;Arnhem;3,7;1,5;0,8;0,9;0,4;0,3
NL:S:40169095;Grijsoord;Arnhem;0,2;0,3;0,0;0,2;0,1;0,1
NL:S:40169098;'s-Koonings Jaght;Arnhem;22,5;26,7;11,5;12,2;7,4;7,5
NL:S:40258001;Schalterdalweg;Woeste Hoeve;4,1;4,9;4,4;6,4;4,5;3,7
NL:S:40269001;Oud Reemsterweg;Oud Reemst;0,8;1,0;1,0;1,0;0,7;0,9
NL:S:40344001;Apeldoornseweg;'s Heeren Loo;16,2;17,5;6,9;8,3;5,9;6,4
NL:S:40351001;Stoppelbergweg;Beekbergen;5,3;6,0;5,7;5,9;4,5;3,5
NL:S:40351003;Vossenfarm;Beekbergen;0,9;1,4;1,2;1,6;0,3;0,3
NL:S:40351006;Berg en Dalweg;Beekbergen;2,9;4,3;2,1;2,7;1,5;2,0
NL:S:40360001;'t Lage Veld;Otterlo;6,4;7,7;3,4;4,3;4,3;2,6
NL:S:40360003;De Zanding;Otterlo;11,7;12,6;6,3;6,9;7,4;6,7
NL:S:40360005;Onderlangs;Otterlo;8,8;10,7;4,7;5,9;4,3;4,6
NL:S:40360007;Centrum;Otterlo;8,9;8,2;8,8;7,6;5,9;3,5
NL:S:40360009;Rotonde;Otterlo;125,5;125,6;102,0;100,0;77,4;69,2
NL:S:40360019;Sterrenberg;Otterlo;0,5;0,8;0,9;1,5;0,7;1,0
NL:S:40362008;Ingang Otterlo;De Hoge Veluwe;2,1;3,1;5,0;7,7;3,9;4,8
NL:S:40374001;Centrum;Hoenderloo;19,2;19,8;25,8;27,6;18,3;16,4
NL:S:40374005;Krimweg Dorp;Hoenderloo;4,1;4,7;4,6;4,8;3,9;2,7
NL:S:40374011;Hoenderloo Groep;Hoenderloo;7,9;6,9;4,8;4,5;3,5;4,4
NL:S:40374013;Miggelenbergweg;Hoenderloo;9,4;10,9;7,8;9,8;7,4;6,1
NL:S:40400080;Arboretumlaan;Wageningen;18,6;17,3;18,7;14,7;8,3;14,3
NL:S:40402017;Bosweg;Bennekom;8,0;8,2;4,7;6,8;3,6;4,9
NL:S:40405000;Busstation;Wageningen;528,8;498,4;464,7;378,1;292,0;431,0
NL:S:40406007;Dolderstraat;Wageningen;27,3;21,1;24,1;15,7;11,9;14,0
NL:S:40406009;Nobelweg;Wageningen;80,7;63,5;84,2;57,5;41,6;62,1
NL:S:40406011;Mansholtlaan;Wageningen;15,4;12,6;15,5;11,7;6,8;8,5
NL:S:40406013;Buissteeg;Wageningen;6,4;6,8;7,1;6,9;3,5;3,2
NL:S:40406019;Haagsteeg;Wageningen;286,2;276,5;214,7;178,1;128,5;309,8
NL:S:40406021;Business- en Science Park;Wageningen;119,2;114,3;84,2;75,3;59,3;104,2
NL:S:40406023;Dijkgraaf;Wageningen;56,8;68,1;63,7;57,0;33,3;68,9
NL:S:40406025;Bornsesteeg;Wageningen;70,9;75,9;97,2;82,4;48,1;83,4
NL:S:40406027;Hoevestein;Wageningen;80,3;81,3;58,6;64,7;45,4;99,6
NL:S:40406029;Campus/Atlas;Wageningen;191,8;227,4;36,2;37,8;23,4;42,1
NL:S:40406051;Geertjesweg;Wageningen;23,4;19,3;23,8;15,9;11,6;16,3
NL:S:40407021;Mondriaanlaan;Wageningen;84,8;65,2;46,0;39,0;36,7;68,3
NL:S:40407023;Campus/Forum;Wageningen;220,0;194,4;71,0;73,5;48,8;108,2
NL:S:40432001;De Harmonie;Laag-Soeren;8,9;9,1;4,9;4,6;1,2;2,0
NL:S:40433002;'t Veentje;Eerbeek;0,7;1,6;0,7;0,9;0,3;0,4
NL:S:40441001;Harderwijkerweg;Loenen;1,5;1,8;0,8;0,8;0,2;0,3
NL:S:40441003;Bergakkerweg;Loenen;3,4;3,8;2,7;3,3;1,0;0,8
NL:S:40441005;Bruisbeek;Loenen;8,3;8,6;5,7;5,2;1,9;1,3
NL:S:40441007;Leeuwenbergweg;Loenen;8,1;9,5;5,2;5,3;1,8;1,5
NL:S:40441009;Hoge Bergweg;Loenen;8,6;9,2;8,4;8,2;3,5;1,9
NL:S:40451007;De Smittenberg;Beekbergen;22,9;25,9;18,2;20,5;13,8;13,4
NL:S:40451009;Hagenbrug;Beekbergen;23,5;23,0;14,5;15,1;8,7;8,4
NL:S:40451013;De Wipselberg;Beekbergen;2,6;3,0;2,8;3,7;2,0;1,3
NL:S:40451015;Hulleweg;Beekbergen;3,6;3,8;5,7;5,1;1,4;1,2
NL:S:40451017;Zonnehuis;Beekbergen;3,8;4,7;2,3;3,0;0,8;1,3
NL:S:40451019;Kerkweg;Beekbergen;8,0;5,9;7,8;5,7;1,4;1,4
NL:S:40451021;Koningsweg;Beekbergen;3,4;2,7;2,0;2,7;0,5;0,6
NL:S:40451034;Laan van Westenenk;Apeldoorn;20,5;21,0;5,6;5,9;3,0;3,4
NL:S:40451075;Kapelmeestershoeve;Apeldoorn;8,7;4,0;0,0;0,0;0,0;0,0
NL:S:40451077;De Eglantier;Apeldoorn;33,9;17,0;0,0;0,0;0,0;0,0
NL:S:40451096;Laan van Erica;Apeldoorn;9,0;7,3;0,0;0,0;0,0;0,0
NL:S:40451097;Jaromirgaarde;Apeldoorn;0,0;0,1;0,0;0,0;0,0;0,0
NL:S:40451099;Rademakersdonk;Apeldoorn;7,8;4,3;0,0;0,0;0,0;0,0
NL:S:40451101;Kazerneweg;Klazienaveen;7,6;4,5;0,0;0,0;0,0;0,0
NL:S:40451103;Turfstekershoeve;Apeldoorn;5,6;5,6;0,0;0,0;0,0;0,0
NL:S:40451105;Landdrostlaan;Apeldoorn;16,3;18,2;0,0;0,0;0,0;0,0
NL:S:40451259;Parlevinkershoeve;Apeldoorn;6,6;1,4;0,0;0,0;0,0;0,0
NL:S:40451501;Laan van Malkenschoten;Apeldoorn;36,5;32,7;8,6;10,0;5,2;4,7
NL:S:40461007;Kraatsweg;Harskamp;9,8;8,8;3,2;3,3;1,9;1,7
NL:S:40461009;Radioweg;Harskamp;1,5;1,9;0,7;0,8;0,7;0,7
NL:S:40461011;Kraaikamperweg;Harskamp;0,8;0,7;0,3;0,2;0,0;0,1
NL:S:40461013;Hoog Buurloseweg;Harskamp;2,2;2,1;1,3;1,4;1,8;1,1
NL:S:40461015;Westenengerdijk;Harskamp;2,7;3,1;0,9;0,8;0,5;0,4
NL:S:40461017;Harscamp;Harskamp;9,1;9,6;6,0;6,4;3,7;2,5
NL:S:40463001;Hazendonkweg;Stroe;0,4;0,5;0,1;0,3;0,0;0,1
NL:S:40463004;Heetweg;Stroe;2,4;2,3;0,4;0,8;0,7;0,7
NL:S:40471228;Laan van Spitsbergen;Apeldoorn;30,7;31,5;18,5;20,0;13,7;14,4
NL:S:40471463;Hoog Buurloseweg;Hoenderloo;5,8;6,8;2,2;3,5;1,6;1,8
NL:S:40471465;Van der Valk/De Cantharel;Apeldoorn;10,4;10,9;9,7;10,5;7,9;9,0
NL:S:40480015;Kronkelweg;Hoenderloo;1,1;1,2;2,2;0,7;0,6;0,6
NL:S:40482003;Bezoekerscentrum;De Hoge Veluwe;2,0;2,2;4,6;5,2;3,4;3,2
NL:S:40482005;Kroller Muller Museum;De Hoge Veluwe;5,7;5,3;10,0;12,7;7,7;8,5
NL:S:40512001;Station Ede-Wageningen;Ede;2056,2;2047,8;1263,5;1378,4;1530,2;912,0
NL:S:40512003;Moreelsestraat;Ede;7,3;6,6;2,8;3,2;0,8;0,8
NL:S:40512005;Vossenweg;Bennekom;21,2;19,9;16,5;14,7;9,6;10,5
NL:S:40512007;Ziekenhuis Gelderse Vallei;Ede;314,2;332,6;76,1;79,7;54,0;56,4
NL:S:40512009;Strooyweg;Bennekom;19,1;16,5;10,1;12,1;6,7;8,8
NL:S:40512011;Molenstraat;Bennekom;18,8;17,0;11,8;11,1;6,3;7,1
NL:S:40512013;Hof van Sint Pieter;Bennekom;12,2;12,3;6,0;7,2;4,7;6,3
NL:S:40512015;Bart van Elstplantsoen;Bennekom;29,5;25,1;17,7;17,1;8,9;10,7
NL:S:40512019;Horalaan;Ede;27,0;34,9;5,6;5,4;2,9;3,3
NL:S:40512021;De Reehorst;Ede;14,2;15,0;9,0;10,8;6,8;6,8
NL:S:40512023;Bovenbuurtweg;Ede;202,0;221,2;26,6;29,0;24,6;23,8
NL:S:40512025;Jan Vermeerstraat;Ede;12,1;10,6;4,3;3,9;1,9;2,0
NL:S:40512027;Stadspoort;Ede;83,0;86,7;48,8;52,1;33,8;33,2
NL:S:40512031;Van Steenbergenweg;Ede;0,2;0,6;0,0;0,3;0,0;0,1
NL:S:40512033;Prof. Oudpark;Ede;2,8;3,5;1,8;2,0;0,5;0,9
NL:S:40512035;Coornhertstate;Ede;15,1;15,0;6,8;7,1;2,2;3,0
NL:S:40512037;'t Riet;Ede;11,2;9,8;4,7;4,6;1,6;1,8
NL:S:40512039;Ben Goerionsingel;Ede;5,0;4,9;2,4;2,7;0,7;0,7
NL:S:40512131;Kenniscampus;Ede;114,8;133,1;4,7;4,7;1,5;3,5
NL:S:40512153;De Gelderhorst;Ede;1,7;2,2;0,7;1,6;0,2;0,3
NL:S:40512201;Halderbrink;Bennekom;27,1;28,5;13,1;15,2;11,4;16,7
NL:S:40512203;Hoekelumse Brinkweg;Bennekom;10,0;11,1;7,1;7,6;3,3;3,6
NL:S:40512207;Heidelaan;Bennekom;9,0;14,7;5,2;8,4;3,6;4,6
NL:S:40513027;Billitonlaan/Timorlaan;Ede;7,3;8,1;4,9;4,8;4,6;3,4
NL:S:40513031;Koekeltse Boslaan;Ede;13,5;13,6;4,7;4,7;2,5;3,3
NL:S:40522125;La Vendula;Ede;0,2;0,3;0,3;0,6;0,3;0,2
NL:S:40528001;Roekelseweg;Wekerom;1,9;2,2;1,8;1,8;0,9;0,3
NL:S:40528003;Wekeromse Buurtweg;Wekerom;2,0;2,3;1,0;1,2;0,8;0,8
NL:S:40528006;Garage Veldhuizen;De Valk;1,2;2,8;0,3;0,8;0,2;0,2
NL:S:40528007;Kruispunt;Wekerom;29,6;30,2;10,4;9,8;3,0;2,8
NL:S:40528009;A.G. Wijersweg;Wekerom;0,1;0,1;0,0;0,0;0,0;0,0
NL:S:40528011;Dorpsplein;Wekerom;0,1;0,1;0,0;0,0;0,0;0,0
NL:S:40543003;Coldenhovenseweg;Eerbeek;5,8;7,9;2,2;2,6;0,9;0,7
NL:S:40543005;Loubergweg;Eerbeek;12,0;11,7;4,8;3,9;1,3;1,4
NL:S:40543007;Centrum;Eerbeek;10,1;11,4;6,2;6,9;2,4;2,4
NL:S:40543009;Offenbachstraat;Eerbeek;28,1;27,3;15,7;14,3;5,5;4,0
NL:S:40543011;Ringlaan;Eerbeek;24,8;27,4;8,7;10,0;3,3;3,3
NL:S:40543013;Vondellaan;Eerbeek;14,3;12,1;5,9;4,6;2,0;1,8
NL:S:40551001;Station;Apeldoorn;491,8;478,4;261,5;227,8;185,9;156,5
NL:S:40551019;Hoofdstraat;Apeldoorn;130,4;130,8;80,0;80,1;40,4;39,6
NL:S:40551021;Amaliapark;Apeldoorn;37,6;42,9;38,8;44,4;14,4;17,1
NL:S:40551023;Zichtweg;Apeldoorn;33,2;34,5;19,0;19,4;11,1;9,1
NL:S:40551025;Eendrachtstraat;Apeldoorn;32,6;33,6;19,6;22,3;9,2;9,3
NL:S:40551027;Aluminiumweg;Apeldoorn;29,9;27,9;21,0;19,2;11,5;10,6
NL:S:40551029;Sebastiaanplein;Apeldoorn;26,5;29,1;12,0;14,8;7,4;7,6
NL:S:40551031;Chopinlaan;Apeldoorn;57,6;53,3;17,2;18,0;9,8;11,8
NL:S:40551079;Gijsbrechtgaarde;Apeldoorn;10,9;7,2;0,0;0,0;0,0;0,0
NL:S:40551081;Welgelegenbrug;Apeldoorn;5,4;4,7;0,0;0,0;0,0;0,0
NL:S:40551091;Bargerweg West;Barger Oosterveld;6,0;4,3;0,0;0,0;0,0;0,0
NL:S:40551093;Glazeniershorst;Apeldoorn;12,7;6,7;0,0;0,0;0,0;0,0
NL:S:40551218;Christiaan Geurtsweg;Apeldoorn;7,7;9,3;3,9;5,3;2,7;4,9
NL:S:40551226;Jean Monnetpark;Apeldoorn;14,7;19,0;3,8;7,2;3,5;4,7
NL:S:40551234;Schumanpark;Apeldoorn;7,2;8,8;1,0;1,9;1,1;1,3
NL:S:40563005;Topperweg;Stroe;2,1;1,8;0,5;0,5;0,5;0,2
NL:S:40563007;Kootwijkerdijk;Stroe;0,5;0,6;0,1;0,3;0,4;0,2
NL:S:40563009;Ravenweg;Stroe;3,2;3,1;0,6;0,9;0,6;0,4
NL:S:40563011;Centrum;Stroe;4,0;5,2;2,4;2,3;2,6;1,4
NL:S:40563013;De Drie Musketiers;Stroe;0,6;1,1;0,8;1,0;0,8;0,5
NL:S:40563015;Majoor Mulder Kazerne;Stroe;0,8;1,6;0,0;0,1;0,0;0,4
NL:S:40569008;Militair tehuis;Wittenberg;0,4;0,5;0,1;0,2;0,1;0,3
NL:S:40612043;Tolhuislaan;Ede;12,7;8,2;7,7;3,4;3,6;1,7
NL:S:40612045;Ericalaan;Ede;10,9;19,1;4,2;12,8;3,3;6,4
NL:S:40612047;Maanderweg;Ede;0,9;1,3;0,6;0,8;0,2;0,6
NL:S:40612050;Station Ede Centrum;Ede;2,3;2,1;1,2;1,5;0,7;0,8
NL:S:40612051;Jadestraat;Ede;0,8;0,8;0,6;0,7;0,1;0,1
NL:S:40612053;Schaapsweg/Veenderweg;Ede;0,7;0,7;0,4;0,3;0,1;0,2
NL:S:40612055;Ganzeweide;Ede;10,4;17,9;6,2;9,8;5,8;6,2
NL:S:40612059;Mariendaal;Ede;39,4;40,0;14,6;15,8;6,6;8,8
NL:S:40612061;Durendaal;Ede;3,1;4,7;2,6;3,4;1,0;1,9
NL:S:40612063;Middelbeek;Ede;5,9;6,2;3,3;4,4;2,3;2,1
NL:S:40612065;Schoutenhof;Ede;2,2;4,3;1,7;2,2;1,0;1,5
NL:S:40612067;Aalbeek;Ede;31,3;23,5;17,3;13,0;8,2;6,6
NL:S:40612069;Nienhof;Ede;9,4;9,3;5,6;6,6;2,9;3,8
NL:S:40612071;Binnenhof;Ede;11,4;12,1;5,4;5,6;2,9;3,1
NL:S:40612073;Hogerhorst;Ede;40,1;30,9;18,5;15,8;8,7;8,9
NL:S:40612075;Hoekenburg;Ede;29,4;26,8;11,4;10,5;6,5;6,7
NL:S:40612077;Kranenburg;Ede;25,6;21,6;14,2;12,8;6,5;6,2
NL:S:40612079;Proosdijerveldweg;Ede;3,1;4,4;1,9;3,1;0,7;1,4
NL:S:40612081;Cultura;Ede;14,0;20,5;9,4;16,5;1,8;3,5
NL:S:40612083;Grotestraat;Ede;47,4;36,9;41,4;27,0;10,6;8,6
NL:S:40612085;Raadhuis;Ede;46,8;45,6;26,3;26,6;16,5;16,9
NL:S:40612087;Doelenstraat;Ede;54,2;58,8;40,9;48,0;14,1;20,5
NL:S:40612089;Politiebureau;Ede;45,0;39,6;33,3;30,8;14,5;17,3
NL:S:40612092;Hogewoud;Ede;13,2;12,7;4,5;4,8;5,6;3,5
NL:S:40612095;N224/Veldhuizen;Ede;5,9;5,7;1,7;2,5;3,4;2,8
NL:S:40612097;Stakenberg;Ede;14,8;15,2;5,3;5,4;5,3;4,1
NL:S:40612101;Schaapsweg/Molenstraat;Ede;9,2;8,1;3,8;3,6;1,9;1,6
NL:S:40612118;De Bosrand;Ede;5,0;7,3;3,7;3,9;2,3;3,0
NL:S:40612119;Schutterweg;Ede;4,9;5,7;0,3;0,1;0,2;0,1
NL:S:40612121;Cannenburgerbos;Ede;5,1;3,8;2,1;1,1;1,0;1,1
NL:S:40612123;Lagewoud;Ede;9,4;10,2;3,6;4,4;2,6;2,7
NL:S:40612125;Dalerveen;Ede;9,3;9,6;3,6;3,9;3,3;4,0
NL:S:40612127;Darwinstraat;Ede;9,9;10,9;0,4;0,3;0,1;0,0
NL:S:40622119;Driesprong;Ede;7,4;9,2;4,0;5,2;2,7;3,0
NL:S:40622121;Hoge Valksedijk;Ede;0,3;0,5;0,2;0,6;0,2;0,4
NL:S:40622123;De Valouwe;Ede;0,3;0,5;0,6;1,0;0,4;0,3
NL:S:40631001;School met de Bijbel;De Valk;0,2;0,1;0,0;0,0;0,0;0,0
NL:S:40631003;Geref. Gemeente;De Valk;0,1;0,0;0,0;0,0;0,0;0,0
NL:S:40631009;Cooperatie;De Valk;0,0;0,0;0,0;0,0;0,0;0,0
NL:S:40649001;Busstation;Wittenberg;37,2;30,5;12,2;12,8;9,2;9,1
NL:S:40664003;Garderbroekerweg;Kootwijkerbroek;0,1;0,1;0,0;0,0;0,0;0,0
NL:S:40664007;Kosterijweg;Kootwijkerbroek;0,0;0,0;0,0;0,0;0,0;0,0
NL:S:40664009;Essenerweg;Kootwijkerbroek;0,3;0,2;0,0;0,0;0,0;0,0
NL:S:40664011;Nachtegaalweg;Kootwijkerbroek;0,0;0,0;0,0;0,0;0,0;0,0
NL:S:40664013;Wencopperweg;Kootwijkerbroek;0,3;0,1;0,0;0,0;0,0;0,0
NL:S:40664015;Gereformeerde Kerk;Kootwijkerbroek;0,0;0,0;0,0;0,0;0,0;0,0
NL:S:40712009;Pascalstraat;Ede;12,2;12,3;2,2;2,3;1,8;1,8
NL:S:40712011;Lumierestraat;Ede;13,2;10,4;0,9;1,0;0,8;1,0
NL:S:40712013;Niels Bohrstraat;Ede;12,9;12,5;1,1;0,8;0,9;0,8
NL:S:40712019;Pakhuisweg;Ede;1,8;2,2;0,7;0,6;0,3;0,4
NL:S:40712021;Kievitsmeent;Ede;3,0;4,0;0,3;0,6;0,3;0,4
NL:S:40712137;Einsteinstraat;Ede;12,3;14,3;6,1;6,5;1,8;2,4
NL:S:40712159;Amperestraat;Ede;23,0;23,9;1,1;1,4;0,6;1,7
NL:S:40715013;Westelijke Doorsnee;Emmer-Compascuum;3,2;4,0;0,3;0,4;0,4;0,2
NL:S:40726001;Hooiweg;Garderen;2,5;2,9;2,9;3,4;1,6;1,2
NL:S:40726003;Bakkerstraat;Garderen;17,8;14,8;6,6;8,9;4,2;4,5
NL:S:40726005;West-end;Garderen;1,9;1,5;0,8;1,4;1,4;0,6
NL:S:40726007;Heideheuvel;Garderen;3,1;3,2;1,4;1,8;1,2;0,8
NL:S:40726009;De Hertshoorn;Garderen;1,8;1,7;1,4;1,6;2,0;1,4
NL:S:40726011;Veluw Hul;Garderen;0,5;0,8;0,8;0,9;0,9;0,4
NL:S:40750001;Station;Lunteren;4,1;1,2;0,3;0,3;0,0;0,0
NL:S:40750003;Roskammersteeg;Lunteren;0,1;0,1;0,0;0,0;0,0;0,0
NL:S:40750005;Hertenlaan;Lunteren;0,1;0,1;0,0;0,0;0,0;0,0
NL:S:40750007;Everlaan;Lunteren;0,3;0,1;0,0;0,0;0,0;0,0
NL:S:40750009;Viaduct;Lunteren;0,1;0,1;0,0;0,0;0,0;0,0
NL:S:40750013;De Molen;Lunteren;0,1;0,1;0,0;0,1;0,0;0,0
NL:S:40750015;De Wormshoef;Lunteren;0,0;0,1;0,1;0,1;0,0;0,0
NL:S:40751003;Rehoboth;Meulunteren;0,1;0,0;0,0;0,0;0,0;0,0
NL:S:40751005;Bijweg;Meulunteren;0,1;0,1;0,0;0,0;0,0;0,0
NL:S:40751011;Hessenweg;Meulunteren;0,2;0,1;0,0;0,1;0,0;0,0
NL:S:40755075;Florijnstraat;Ridderkerk;0,1;0,1;0,0;0,1;0,0;0,0
NL:S:40765009;Julianaplein;Barneveld;1,4;4,3;0,4;0,8;0,2;0,2
NL:S:40765011;Van Dompselaerstraat;Barneveld;2,0;3,3;0,6;1,3;0,5;0,6
NL:S:40765013;Station Barneveld Centrum;Barneveld;42,0;30,8;14,9;11,2;7,8;4,3
NL:S:40765029;Narcissenstraat;Barneveld;0,1;0,1;0,3;0,1;0,0;0,0
NL:S:40765031;Begraafplaats De Plantage;Barneveld;0,1;0,1;0,0;0,0;0,0;0,0
NL:S:40765061;Churchillstraat;Barneveld;0,1;0,3;0,0;0,3;0,0;0,0
NL:S:40765068;Nieuwe Markt;Barneveld;0,6;0,4;0,2;0,2;0,0;0,0
NL:S:40765073;Vellerselaan;Barneveld;0,6;0,9;0,0;0,0;0,0;0,0
NL:S:40800325;Stationsstraat;Veenendaal;0,3;0,7;0,0;0,1;0,0;0,0
NL:S:40800370;Griftweg;De Klomp;0,4;0,3;0,0;0,1;0,0;0,0
NL:S:40800390;De Grote Pekken;Veenendaal;18,7;14,0;2,5;2,0;2,8;2,7
NL:S:40800410;Rembrandtpark;Veenendaal;4,9;5,0;1,6;1,3;0,0;0,0
NL:S:40800430;Rossiniweg;Veenendaal;2,7;3,1;0,4;0,6;0,0;0,0
NL:S:40800440;Jan Vermeerstraat;Veenendaal;2,2;1,9;0,4;0,5;0,0;0,0
NL:S:40800470;Station West;Veenendaal;10,1;7,6;2,9;2,6;0,0;0,0
NL:S:40800490;Boekvink;Veenendaal;5,1;5,1;0,9;1,4;0,0;0,0
NL:S:40800510;Tuinfluiter;Veenendaal;3,0;3,1;0,3;0,5;0,0;0,0
NL:S:40800610;Spitsbergenweg;Veenendaal;12,1;9,0;2,6;3,0;2,5;2,3
NL:S:40800630;De Meent;Veenendaal;10,0;7,6;1,5;0,8;1,3;1,2
NL:S:40800700;'t Kofschip;Veenendaal;3,0;3,3;0,2;0,4;0,0;0,0
NL:S:40800820;Zwaaiplein;Veenendaal;1,8;2,4;0,6;0,4;0,0;0,0
NL:S:40800910;Arsenaal;Veenendaal;2,1;2,7;0,4;0,3;0,0;0,0
NL:S:40800930;Kazemat;Veenendaal;1,2;2,1;0,5;0,7;0,0;0,0
NL:S:40800960;Händellaan;Veenendaal;1,5;1,4;0,2;0,9;0,0;0,0
NL:S:40800980;Smetanadreef;Veenendaal;2,3;2,3;0,4;0,7;0,0;0,0
NL:S:40801300;Landjuweel;Veenendaal;4,8;6,6;1,2;2,0;0,0;0,0
NL:S:40801320;Klovenier;Veenendaal;2,0;2,6;0,2;0,1;0,0;0,0
NL:S:40801350;De Schutterij;Veenendaal;4,2;4,8;0,6;1,1;0,0;0,0
NL:S:40801410;Regge;Veenendaal;6,9;4,9;0,4;0,8;0,0;0,0
NL:S:40801470;Stat. Centrum/Kerkewijk;Veenendaal;5,4;43,3;2,3;5,7;0,0;0,0
NL:S:40801510;Munnikenweg;Veenendaal;8,0;8,4;1,1;1,1;0,0;0,0
NL:S:40801540;Stat. Centrum/Rembrandtlaan;Veenendaal;1,0;2,1;0,1;1,2;0,0;0,0
NL:S:40802001;Heuvelsesteeg;Overberg;0,2;0,3;0,0;0,1;0,0;0,0
NL:S:40802003;Bergweg;Overberg;0,1;0,0;0,0;0,1;0,0;0,0
NL:S:40802005;De Ossenberg;Overberg;0,4;0,2;0,2;0,3;0,0;0,0
NL:S:40802007;Rijksinrichting de Overberg;Overberg;0,0;0,0;0,0;0,0;0,0;0,0
NL:S:40802009;Driesprong;Overberg;0,3;0,3;0,2;0,4;0,0;0,0
NL:S:40802011;Slaperdijk;Overberg;0,1;0,0;0,0;0,0;0,0;0,0
NL:S:40802014;Haarweg School;Overberg;0,1;0,1;0,0;0,0;0,0;0,0
NL:S:40802016;Haspel;Overberg;0,0;0,1;0,0;0,0;0,0;0,0
NL:S:40802018;Overweg;Overberg;0,0;0,0;0,0;0,0;0,0;0,0
NL:S:40805005;Prins Clauslaan;Veenendaal;11,1;9,0;1,5;1,7;2,2;2,8
NL:S:40805007;Sirius;Veenendaal;29,9;24,3;4,8;3,8;5,5;5,0
NL:S:40805015;Van Veldekelaan;Veenendaal;0,1;0,3;0,0;0,0;0,0;0,0
NL:S:40805017;Station West;Veenendaal;0,9;1,0;0,5;0,3;0,0;0,0
NL:S:40805027;Politiebureau;Veenendaal;41,1;36,6;8,3;9,5;7,5;7,3
NL:S:40805037;'t Boveneind;Veenendaal;0,3;0,2;0,1;0,0;0,0;0,0
NL:S:40805120;Stat. Centrum/Plein;Veenendaal;74,7;11,8;11,9;5,0;15,2;8,8
NL:S:40806010;Centrum/ Wolweg;Veenendaal;1,4;1,7;0,5;0,5;0,0;0,0
NL:S:40829001;De Rusthoeve;Koudhoorn;1,7;1,8;0,6;0,9;0,7;0,5
NL:S:40829003;Mooi Veluwe;Koudhoorn;4,3;4,7;4,2;3,7;4,0;2,4
NL:S:40829005;Landgoed Groot Spriel;Koudhoorn;0,1;0,1;0,1;0,1;0,1;0,1
NL:S:40829007;School Schovenhorst;Koudhoorn;0,6;0,7;0,2;0,2;0,4;0,1
NL:S:40829010;Landgoed Schovenhorst;Koudhoorn;1,1;1,1;0,9;0,9;0,8;0,8
NL:S:41220010;Avegoor;Ellecom;3,1;4,0;2,0;2,7;0,8;0,5
NL:S:41220030;Oprijlaan Middachten;De Steeg;0,4;0,7;0,1;0,4;0,1;0,1
NL:S:41220050;Smidsallee;De Steeg;1,9;1,8;1,2;0,7;0,2;0,2
NL:S:41220070;Brantsenpark;De Steeg;14,3;12,0;7,1;8,4;3,0;2,6
NL:S:41220090;Viaduct;De Steeg;1,0;1,1;0,3;0,7;0,1;0,1
NL:S:41220110;Rozenbos;Rheden;1,5;1,1;0,9;1,3;0,4;0,3
NL:S:41220130;Pinkelseweg;Rheden;0,9;1,2;0,4;0,8;0,2;0,4
NL:S:41220150;Groenestraat;Rheden;11,8;11,6;9,2;7,2;3,5;2,7
NL:S:41220170;Holtbankseweg;Rheden;3,0;4,9;1,1;2,3;0,7;0,9
NL:S:41220190;Rhederhof;Rheden;7,8;8,1;5,8;7,4;2,9;2,3
NL:S:41320111;Station Dieren;Dieren;73,5;66,6;37,8;29,7;12,1;10,3
NL:S:41320150;Hofstetten;Ellecom;1,0;3,7;0,6;2,1;0,1;0,6
NL:S:41320170;Dorp;Ellecom;6,8;6,4;3,7;5,1;1,1;1,3
NL:S:41321420;Callunaplein;Dieren;15,7;16,4;8,8;8,3;2,0;2,1
NL:S:41327005;Rode Kruislaan;Dieren;12,7;12,2;4,8;4,9;1,3;0,8
NL:S:41327007;Geitenbergweg;Dieren;22,6;17,0;8,2;9,2;3,4;3,5
NL:S:41327009;Crematorium;Dieren;5,9;5,2;2,5;2,4;0,6;0,6
NL:S:41327011;Cederlaan;Dieren;12,7;13,4;5,8;7,0;2,6;2,5
NL:S:49821001;Station;Putten;45,7;40,8;29,8;21,8;22,5;19,2
NL:S:49821003;Stationsstraat;Putten;0,1;0,5;0,2;0,3;0,1;0,2
NL:S:49821011;Centrum;Putten;18,2;17,9;8,7;9,5;6,0;4,5
NL:S:49821013;Bosrand;Putten;3,7;3,5;2,3;2,6;1,8;1,3
NL:S:49821027;Dorpsstraat;Putten;5,9;6,2;3,4;3,7;2,5;2,3
NL:S:49821029;Kerkstraat;Putten;10,0;12,0;4,2;6,2;2,2;2,5
NL:S:50423010;Hoornbeeck/Van Lodenstein;Amersfoort;0,9;1,6;0,0;0,0;0,0;0,0
NL:S:50610040;De Molen;Scherpenzeel;0,1;0,1;0,0;0,0;0,0;0,0
NL:S:50610060;Pluimenweg;Scherpenzeel;0,5;0,5;0,0;0,0;0,0;0,0
NL:S:50610080;Holevoetplein;Scherpenzeel;2,5;2,0;0,5;0,1;0,0;0,0
NL:S:50610100;Kerk;Scherpenzeel;2,2;3,5;0,0;0,2;0,0;0,0
NL:S:50617003;Vijverlaan;Scherpenzeel;0,1;0,1;0,1;0,0;0,0;0,0
NL:S:50617005;Kerk;Scherpenzeel;0,4;0,0;0,3;0,0;0,0;0,0
NL:S:50617007;Eikenlaan;Scherpenzeel;1,3;2,0;0,2;0,0;0,0;0,0
NL:S:50617009;De Haar;Scherpenzeel;0,0;0,1;0,0;0,0;0,0;0,0
NL:S:50617011;Huigenbosch;Scherpenzeel;0,0;0,0;0,0;0,0;0,0;0,0
NL:S:50763001;Licht en Ruimte;De Glind;0,1;0,1;0,1;0,0;0,0;0,0
NL:S:50763003;Prinses Beatrixschool;De Glind;0,0;0,0;0,0;0,0;0,0;0,0
NL:S:50763005;De Glind;De Glind;0,1;0,1;0,1;0,0;0,0;0,0
NL:S:50763007;Schoonderbekerweg;De Glind;0,7;1,6;0,5;0,1;0,0;0,0
NL:S:50765067;Anthonie Fokkerstraat;Barneveld;0,4;1,1;0,1;0,2;0,0;0,0
NL:S:50767013;Kolfschoten;Scherpenzeel;0,1;0,0;0,0;0,0;0,0;0,0
NL:S:50769001;Klein Moorst;De Glind;0,0;0,1;0,1;0,0;0,0;0,0
NL:S:50812001;Spoorpad;Vorden;109,1;138,8;39,8;70,2;19,7;24,1
NL:S:50814001;Scheivoor;De Klomp;0,1;0,1;0,0;0,0;0,0;0,0
NL:S:50814003;School;Ederveen;0,2;0,2;0,0;0,1;0,0;0,0
NL:S:50814005;Rabobank;Ederveen;0,2;0,3;0,0;0,0;0,0;0,0
NL:S:50814007;Luntersekade;Ederveen;0,2;0,2;0,0;0,1;0,0;0,0
NL:S:50814011;Kruisbeekweg;Ederveen;0,5;0,6;0,0;0,1;0,0;0,0
NL:S:50814013;Hendoweg;Dokkum;0,0;0,0;0,0;0,0;0,0;0,0
NL:S:16300010;Gemeentehuis;Steenwijk;0,7;5,4;0,0;0,0;0,0;0,0
NL:S:16300030;Vendelweg;Steenwijk;0,4;1,9;0,0;0,0;0,0;0,0
NL:S:16300050;Matthijs Kiersstraat;Steenwijk;0,9;1,7;0,0;0,0;0,0;0,0
NL:S:16301010;Station;Steenwijk;15,8;26,2;0,0;0,0;0,0;0,0
NL:S:24160500;Sallandlaan;Heerenveen;0,0;0,0;0,0;0,0;0,0;0,0
NL:S:24350010;Spin;De Blesse;0,0;0,0;0,0;0,0;0,0;0,0
NL:S:24350030;Bovenweg;De Blesse;0,4;0,0;0,0;0,0;0,0;0,0
NL:S:24350050;Friese Veldweg;De Blesse;0,0;0,0;0,0;0,0;0,0;0,0
NL:S:24350070;Lagebroekweg;Blesdijke;0,2;0,2;0,0;0,0;0,0;0,0
NL:S:24350600;Noord;De Blesse;1,6;2,9;0,0;0,0;0,0;0,0
NL:S:24450030;Marijenkampen;Marijenkampen;0,2;0,2;0,0;0,0;0,0;0,0
NL:S:24451400;'t Centrum;Steenwijkerwold;0,7;0,6;0,0;0,0;0,0;0,0
NL:S:24451800;Willemsoord;Willemsoord;0,2;0,4;0,0;0,0;0,0;0,0
NL:S:24510020;Frieseweg;Oldemarkt;1,8;2,0;0,0;0,0;0,0;0,0
NL:S:24510040;Koningin Julianaweg;Oldemarkt;1,4;1,4;0,0;0,0;0,0;0,0
NL:S:24510060;Parochiehuis;Oldemarkt;0,1;0,2;0,0;0,0;0,0;0,0
NL:S:24510070;Kruisstraat;Oldemarkt;1,1;1,2;0,0;0,0;0,0;0,0
NL:S:24510090;De Boterberg;Oldemarkt;0,1;0,2;0,0;0,0;0,0;0,0
NL:S:24550030;Zuidveen;Zuidveen;0,5;0,8;0,0;0,0;0,0;0,0
NL:S:24550050;Groot Verlaat;Steenwijk;0,9;1,0;0,0;0,0;0,0;0,0
NL:S:24550160;Dolderbrug;Steenwijk;0,0;0,1;0,0;0,0;0,0;0,0
NL:S:24552310;Gemeentewerken;Tuk;0,0;0,0;0,0;0,0;0,0;0,0
NL:S:24552330;Oldemarktseweg;Tuk;0,0;0,1;0,0;0,0;0,0;0,0
NL:S:24552350;Watertoren;Thij;0,0;0,1;0,0;0,0;0,0;0,0
NL:S:24552370;Thij;Thij;0,0;0,0;0,0;0,0;0,0;0,0
NL:S:24590100;Burchtstraat;Kuinre;7,4;4,7;0,0;0,0;0,0;0,0
NL:S:24610010;Venebosweg;Ossenzijl;0,1;0,2;0,0;0,0;0,0;0,0
NL:S:24610030;Kloosterdijk;Ossenzijl;0,1;0,2;0,0;0,0;0,0;0,0
NL:S:24620010;Busstation;Lemmer;22,3;21,4;0,0;0,0;0,0;0,0
NL:S:24620110;Lemsterweg;Rutten;0,5;0,5;0,0;0,0;0,0;0,0
NL:S:24620130;Houtmolen;Lemmer;4,3;4,7;0,0;0,0;0,0;0,0
NL:S:24680010;Uiterdijkenweg;Luttelgeest;0,1;0,1;0,0;0,0;0,0;0,0
NL:S:24720010;Lemsterpoort;Rutten;16,3;15,2;0,0;0,0;0,0;0,0
NL:S:24720090;Noordermeerweg;Rutten;0,6;0,7;0,0;0,0;0,0;0,0
NL:S:24820030;Wrakkenpad;Creil;1,6;1,1;0,0;0,0;0,0;0,0
NL:S:24820050;IJzerpad;Rutten;0,6;0,6;0,0;0,0;0,0;0,0
NL:S:24820090;Creil;Creil;22,1;19,6;0,0;0,0;0,0;0,0
NL:S:24920030;Weg van Ongenade;Espel;0,2;0,2;0,0;0,0;0,0;0,0
NL:S:24920050;Onderduikerspad;Espel;0,4;0,4;0,0;0,0;0,0;0,0
NL:S:24920070;Noordermiddenweg;Espel;0,9;1,3;0,0;0,0;0,0;0,0
NL:S:24920080;Espelerweg;Emmeloord;0,2;0,4;0,0;0,0;0,0;0,0
NL:S:24920110;Espel;Espel;10,9;9,4;0,0;0,0;0,0;0,0
NL:S:24920130;Klutenpad;Creil;0,5;0,6;0,0;0,0;0,0;0,0
NL:S:25000010;Kettingstraat;Emmeloord;17,4;23,9;4,3;5,9;1,3;1,8
NL:S:25000030;Lange Dreef;Emmeloord;5,5;6,4;2,0;2,9;0,6;0,8
NL:S:25000050;Bunschotenlaan;Emmeloord;10,4;12,1;3,5;4,5;3,9;1,9
NL:S:25000070;Emmeloord - Oost;Emmeloord;3,7;4,6;0,3;0,4;0,1;0,0
NL:S:25000100;Diemenlaan;Emmeloord;11,3;12,4;2,6;2,9;3,1;1,6
NL:S:25000130;Ecopark;Emmeloord;2,2;3,1;0,1;0,1;0,0;0,0
NL:S:25000160;Ondernemersweg;Emmeloord;2,2;3,2;0,0;0,0;0,0;0,0
NL:S:25000180;Produktieweg;Emmeloord;1,5;2,4;0,0;0,0;0,0;0,0
NL:S:25000210;Zuyderzee College;Emmeloord;12,4;16,2;4,2;4,4;1,8;2,2
NL:S:25000410;Begraafplaats;Emmeloord;14,7;21,3;0,0;0,0;0,0;0,0
NL:S:25000430;Dr. W.M. Verhaarlaan;Emmeloord;0,5;0,6;0,0;0,0;0,0;0,0
NL:S:25000450;Schaftweg/Espelerweg;Emmeloord;0,7;1,3;0,0;0,0;0,0;0,0
NL:S:25000500;Medisch Centrum;Emmeloord;48,0;53,7;11,0;11,4;4,8;5,8
NL:S:25000600;Antonius Ziekenhuis;Emmeloord;62,9;59,4;21,1;22,0;11,8;11,9
NL:S:25000700;Urkerweg 18;Emmeloord;0,8;0,7;0,5;0,4;0,0;0,0
NL:S:25001400;Smeden;Emmeloord;4,2;10,2;1,4;4,2;1,2;1,7
NL:S:25005010;Busstation;Emmeloord;706,1;692,6;167,5;180,5;120,9;93,1
NL:S:25060010;Brink;Luttelgeest;9,1;7,7;0,0;0,0;0,0;0,0
NL:S:25060030;Luttelgeesterweg;Luttelgeest;0,1;0,3;0,0;0,0;0,0;0,0
NL:S:25060050;Lindeweg;Luttelgeest;0,3;0,6;0,0;0,0;0,0;0,0
NL:S:25060070;Orchideeenhoeve;Luttelgeest;1,6;1,7;0,0;0,0;0,0;0,0
NL:S:25060090;Oosterringweg;Luttelgeest;23,1;17,8;0,0;0,0;0,0;0,0
NL:S:25060110;Schansweg;Luttelgeest;0,0;0,1;0,0;0,0;0,0;0,0
NL:S:25070010;Luttelgeesterweg;Marknesse;1,2;1,1;0,1;0,4;0,2;0,2
NL:S:25070030;H.D. Louwes Hoeve;Emmeloord;0,1;0,1;0,0;0,0;0,0;0,0
NL:S:25070050;Bakovensweg;Bourtange;0,4;0,4;0,3;0,4;0,5;0,2
NL:S:25130100;Sloefweg;Ens;1,4;1,4;0,9;0,8;0,3;0,8
NL:S:25130200;Bomenweg;Emmeloord;0,8;0,9;0,3;0,3;0,5;0,2
NL:S:25130300;Kleiweg;Emmeloord;0,8;0,7;0,1;0,4;0,2;0,1
NL:S:25140100;Schaftweg/Nagelerweg;Emmeloord;0,2;0,4;0,0;0,0;0,0;0,0
NL:S:25140300;Johannes Postweg;Nagele;0,1;0,0;0,0;0,0;0,0;0,0
NL:S:25150100;Urkerweg 34;Tollebeek;0,5;0,8;0,0;0,1;0,0;0,0
NL:S:25150200;Sint Hubertusplaats;Tollebeek;32,3;32,5;12,8;12,1;0,0;0,0
NL:S:25150300;Urkerweg 46;Tollebeek;0,2;0,2;0,2;0,3;0,0;0,0
NL:S:25150400;Urkerdwarspad;Urk;0,8;1,0;0,1;0,1;0,0;0,0
NL:S:25170030;Zwembad Voorst;Kraggenburg;0,5;0,7;0,3;0,2;0,3;0,2
NL:S:25170050;Picknickplaats;Kraggenburg;1,4;1,1;0,2;0,3;0,1;0,2
NL:S:25170070;Mammouthweg;Kraggenburg;0,4;0,4;0,1;0,2;0,1;0,1
NL:S:25170090;Leemringweg/Sloefweg;Marknesse;0,5;0,5;0,1;0,1;0,0;0,1
NL:S:25170110;Boslaan;Marknesse;0,3;0,2;0,0;0,0;0,0;0,0
NL:S:25170211;Busstation;Marknesse;129,0;123,5;11,3;11,7;6,8;7,3
NL:S:25170230;Breestraat;Marknesse;28,4;30,9;10,1;13,1;5,9;6,0
NL:S:25170250;Netl;Kraggenburg;1,4;1,7;1,0;1,2;1,4;0,5
NL:S:25180010;Busstation;Blokzijl;25,4;9,5;0,0;0,0;0,0;0,0
NL:S:25180030;Uiterdijkenweg;Marknesse;1,7;1,7;0,0;0,0;0,0;0,0
NL:S:25180050;Steenwijkerdwarsweg;Marknesse;0,4;0,5;0,0;0,0;0,0;0,0
NL:S:25230030;Ens;Ens;58,4;53,1;18,0;17,4;11,4;7,6
NL:S:25240010;Domineesweg;Nagele;43,1;45,6;5,0;7,3;7,6;5,1
NL:S:25240150;Professor Brandsmaw.;Nagele;0,1;0,1;0,0;0,0;0,0;0,0
NL:S:25240800;Nagele;Nagele;21,8;19,6;0,0;0,0;0,0;0,0
NL:S:25250010;Singel;Urk;29,3;19,5;11,4;8,0;0,0;0,0
NL:S:25250100;Urkerweg 60;Urk;8,8;8,9;1,4;1,6;0,0;0,0
NL:S:25250210;Ransuil;Urk;42,0;54,3;7,9;8,9;0,0;0,0
NL:S:25250230;Winkelcentrum;Urk;66,3;64,2;14,3;11,6;0,0;0,0
NL:S:25250270;Vlaak;Urk;26,7;37,8;1,8;4,2;0,0;0,0
NL:S:25250300;Rotholm;Urk;36,5;24,8;8,4;3,6;0,0;0,0
NL:S:25250850;Lange Dam;Urk;29,0;32,3;4,0;5,3;0,0;0,0
NL:S:25250950;De Noord;Urk;13,2;17,9;1,8;2,8;0,0;0,0
NL:S:25251000;Gemeentehuis;Urk;42,5;44,3;5,5;7,8;0,0;0,0
NL:S:25251510;Marsdiep;Urk;1,4;1,1;0,0;0,0;0,0;0,0
NL:S:25251530;Griend;Urk;1,3;1,7;0,0;0,0;0,0;0,0
NL:S:25251570;Keteldiep;Urk;0,9;1,1;0,0;0,0;0,0;0,0
NL:S:25270010;Clarenberglaan;Vollenhove;65,9;26,4;19,3;6,9;12,5;3,9
NL:S:25270030;Kraggenburg;Kraggenburg;19,7;18,5;6,3;5,2;2,2;2,6
NL:S:25270110;Vollenhoverweg/NOP;Marknesse;0,2;0,4;0,1;0,4;0,1;0,2
NL:S:25270130;Repelweg;Marknesse;0,3;0,3;0,0;0,1;0,1;0,1
NL:S:25270150;Voorsterweg;Marknesse;2,1;2,4;0,7;0,9;0,4;0,4
NL:S:25270170;Voorstersluis;Marknesse;0,1;0,2;0,3;0,1;0,1;0,2
NL:S:25270190;Paardenweg;Kraggenburg;1,2;1,4;0,3;0,4;0,1;0,1
NL:S:25280010;Boomkwekerij;Scheerwolde;0,8;0,8;0,0;0,0;0,0;0,0
NL:S:25280050;Beenderribben;Wetering;0,0;0,0;0,0;0,0;0,0;0,0
NL:S:25280070;Wetering;Wetering;0,1;0,1;0,0;0,0;0,0;0,0
NL:S:25280090;Veldhuisweg;Baarlo;0,0;0,0;0,0;0,0;0,0;0,0
NL:S:25330300;Zwartemeerweg;Ens;4,3;1,3;1,7;0,8;1,5;0,5
NL:S:25350010;Markeweg;Blesdijke;0,4;0,4;0,0;0,0;0,0;0,0
NL:S:25350030;Dalhoeve;Blesdijke;0,0;0,0;0,0;0,0;0,0;0,0
NL:S:25370010;Heetveld;Heetveld;0,5;0,6;0,2;0,2;0,1;0,2
NL:S:25370070;Prot Chr Basisschool;Heetveld;0,8;0,6;0,1;0,0;0,0;0,1
NL:S:25380010;Jan van Nassauweg;Scheerwolde;1,4;1,1;0,0;0,0;0,0;0,0
NL:S:25380030;Smalleweg;Scheerwolde;0,0;0,0;0,0;0,0;0,0;0,0
NL:S:25430010;Noorderrandweg;Kampereiland;1,2;0,9;0,0;0,0;0,0;0,0
NL:S:25430030;Rechterveldweg;Kampereiland;0,9;1,0;0,3;0,3;0,1;0,8
NL:S:25430050;Natuurbad Seveningen;Kampereiland;0,2;0,2;0,3;0,2;0,1;0,0
NL:S:25430100;Nesweg;Kampereiland;0,0;0,0;0,0;0,0;0,0;0,0
NL:S:25430200;Kampereiland Kerk;Kampereiland;0,7;0,7;0,0;0,1;0,0;0,1
NL:S:25430300;Witte Brug;Kampereiland;1,4;1,4;0,0;0,0;0,0;0,0
NL:S:25440050;Visvijverweg;Swifterbant;1,0;1,3;0,0;0,0;0,0;0,0
NL:S:25450810;Kooystraat;Ossenzijl;1,8;1,9;0,0;0,0;0,0;0,0
NL:S:25470010;De Velde;De Velde;0,1;0,3;0,1;0,3;0,1;0,3
NL:S:25470030;Busstation;Zwartsluis;5,2;12,5;2,9;4,9;1,6;2,1
NL:S:25470070;De Krieger;De Krieger;0,1;0,2;0,0;0,2;0,0;0,1
NL:S:25670030;Centrum;Hasselt;2,6;4,0;1,0;3,3;0,5;0,7
NL:S:25780010;Dominee Hylkemaweg;Giethoorn;0,0;0,0;0,0;0,0;0,0;0,0
NL:S:25830110;Oranjesingel;Kampen;0,6;1,1;0,0;0,0;0,0;0,0
NL:S:25830170;Station Zuid;Kampen;0,0;0,0;0,0;0,0;0,0;0,0
NL:S:25830270;Leeghwaterstraat;Kampen;0,0;0,0;0,0;0,0;0,0;0,0
NL:S:25830280;Beekmanstraat;Kampen;0,0;0,0;0,0;0,0;0,0;0,0
NL:S:25830290;Amandelboom;Kampen;0,0;0,0;0,0;0,0;0,0;0,0
NL:S:25830310;Sterrekroos;Kampen;0,0;0,0;0,0;0,0;0,0;0,0
NL:S:25830320;Hilbert v Dijkstraat;Kampen;0,0;0,0;0,0;0,0;0,0;0,0
NL:S:25830500;Loriestraat;Kampen;0,0;0,0;0,0;0,0;0,0;0,0
NL:S:25839175;GSG Pieter Zandt;Kampen;0,0;0,0;0,0;0,0;0,0;0,0
NL:S:46002960;Blaloweg/Hasselterweg;Zwolle;0,7;3,0;0,0;0,1;0,0;0,1
NL:S:46004007;Station;Zwolle;43,4;52,8;11,2;13,3;9,3;12,9
NL:S:46004530;Stadion;Zwolle;0,0;0,0;0,0;0,0;0,0;0,0
NL:S:46006400;Campus;Zwolle;24,1;25,5;0,0;0,0;0,0;0,0
NL:S:46006600;Blaloweg/Rieteweg;Zwolle;0,3;1,3;0,0;0,0;0,0;0,0
NL:S:46007000;Vrolijkheid;Zwolle;0,0;0,0;0,0;0,0;0,0;0,0
NL:S:46100040;Katerdijk;zwolle;22,3;39,4;0,2;0,2;0,1;0,2
NL:S:46100330;Breecamp;Zwolle;0,3;0,4;0,2;0,1;0,4;0,4
NL:S:46104021;Katwolderplein/centrum;Zwolle;10,8;11,5;2,5;4,7;1,1;3,4
NL:S:46120160;Campherbeeklaan;Zwolle;0,0;0,0;0,0;0,0;0,0;0,0
NL:S:46301120;Industrieweg;Hasselt;0,0;0,3;0,0;0,0;0,0;0,0
NL:S:46302090;Stadsweg;Hasselt;0,1;0,1;0,1;0,1;0,0;0,0
NL:S:46403010;Kloosterziel;De Velde;0,0;0,0;0,0;0,0;0,0;0,0
NL:S:46501010;Kranerweerd;Zwartsluis;0,0;0,1;0,0;0,1;0,0;0,0
NL:S:46501030;Nieuwesluis;Zwartsluis;0,0;0,3;0,1;0,2;0,2;0,1
NL:S:46501070;Westeinde - Rotonde;Zwartsluis;0,5;0,5;0,1;0,2;0,1;0,2
NL:S:46511010;De Noorde;Zwartsluis;0,5;1,6;0,3;0,6;0,0;0,3
NL:S:46511030;Zieltje;Zwartsluis;0,0;0,0;0,0;0,0;0,0;0,0
NL:S:46520010;Flevoweg;St.Jansklooster;5,3;4,8;1,6;1,8;0,8;0,9
NL:S:46520030;Veneweg;St.Jansklooster;3,4;3,1;1,0;0,7;0,4;0,7
NL:S:46522010;Barsbeek;Heetveld;0,6;0,5;0,1;0,1;0,1;0,0
NL:S:46522070;Barsbeek 36;St. Jansklooster;0,7;0,6;0,0;0,0;0,0;0,0
NL:S:46522090;Kadoelen;Kadoelen;0,1;0,2;0,1;0,1;0,0;0,0
NL:S:46531010;Verlengde Duinweg;St.Jansklooster;0,3;0,5;0,1;0,2;0,1;0,1
NL:S:46531030;Weyert;Vollenhove;3,5;3,2;0,4;0,7;0,0;0,1
NL:S:46531050;Zwembad;Vollenhove;13,9;13,6;5,0;5,1;4,5;3,4
NL:S:47130010;Hasselterweg;Zwolle;1,4;1,1;0,3;0,4;0,0;0,3
NL:S:47130030;Zwolseweg;Zwolle;0,0;0,1;0,0;0,1;0,0;0,1
NL:S:47130100;Veecaten;'s-Heerenbroek;0,0;0,0;0,0;0,0;0,0;0,0
NL:S:47130200;Bisschopswetering;'s-Heerenbroek;0,0;0,0;0,0;0,0;0,0;0,0
NL:S:47130300;Schoolsteeg;'s-Heerenbroek;0,0;0,0;0,0;0,0;0,0;0,0
NL:S:47230200;Wilsumersteeg;Wilsum;0,0;0,0;0,0;0,0;0,0;0,0
NL:S:47230300;Zwolseweg 44;IJsselmuiden;0,0;0,0;0,0;0,0;0,0;0,0
NL:S:47330120;Beneluxweg;Kampen;0,0;0,0;0,0;0,0;0,0;0,0
NL:S:47330150;IJsselbrug;Kampen;4,3;9,1;0,0;0,0;0,0;0,0
NL:S:47330250;Van Heutszplein;Kampen;0,7;3,9;0,0;0,0;0,0;0,0
NL:S:47331270;Akelei;Kampen;0,0;0,0;0,0;0,0;0,0;0,0
NL:S:47331310;Vijverhof;Kampen;1,8;2,3;0,0;0,0;0,0;0,0
NL:S:47332600;Verzinkerij;IJsselmuiden;0,2;0,3;0,0;0,0;0,0;0,0
NL:S:47332700;Holwortel;Leeuwarden;0,6;1,0;0,1;0,1;0,1;0,1
NL:S:47333300;Oostzeestraat;Kampen;0,9;2,7;0,0;0,0;0,0;0,0
NL:S:47333410;Almere College;Kampen;3,6;5,2;0,0;0,0;0,0;0,0
NL:S:47333500;Nijverheidsstraat;Kampen;8,6;12,3;0,0;0,0;0,0;0,0
NL:S:47334070;Ereprijs;Kampen;0,0;0,0;0,0;0,0;0,0;0,0
NL:S:47334450;Tormentil;Kampen;0,0;0,0;0,0;0,0;0,0;0,0
NL:S:47335000;Station;Kampen;324,5;314,9;90,2;77,8;45,5;67,1
NL:S:47336000;Kalmoessingel;Kampen;2,5;10,6;0,0;0,0;0,0;0,0
NL:S:47430200;Willem Bestevaerstraat;Kolhorn;80,2;31,8;0,0;0,0;0,0;0,0
NL:S:47430300;Oudebosweg;Dronten;0,4;0,5;0,0;0,0;0,0;0,0
NL:S:47530020;Ketelweg;Dronten;0,5;0,6;0,0;0,0;0,0;0,0
NL:S:49000050;Lelycentre;Lelystad;22,1;17,3;8,0;3,0;0,0;0,0
NL:S:49000060;Rotondebrug;Lelystad;5,1;3,8;0,6;0,3;0,0;0,0
NL:S:49000170;Centrumbrug;Lelystad;18,3;13,9;4,4;3,8;4,7;4,2
NL:S:49000750;Vlieterbrug;Lelystad;10,1;8,1;2,6;1,1;0,0;0,0
NL:S:49000850;Kwikstraat;Lelystad;3,5;3,7;0,4;0,2;0,0;0,0
NL:S:49001020;Hondsdraf;Lelystad;0,6;0,5;0,0;0,0;0,0;0,0
NL:S:49001210;Houtribweg;Lelystad;7,0;10,5;0,7;1,3;0,5;1,1
NL:S:49003300;De Hoven;Lelystad;6,9;13,3;1,0;2,0;0,5;1,1
NL:S:49004500;De Rietlanden;Lelystad;13,8;18,4;2,4;2,8;2,3;2,5
NL:S:49005010;Station Centrum;Lelystad;454,2;421,4;172,3;147,7;100,6;104,8
NL:S:49005150;Vestebrug;Lelystad;3,1;2,4;0,6;0,5;0,0;0,0
NL:S:49005250;Schansbrug;Lelystad;0,8;1,1;0,1;0,3;0,0;0,0
NL:S:49005400;Oostranddreef;Lelystad;0,8;0,3;0,0;0,0;0,0;0,0
NL:S:49005500;Runderweg;Lelystad;0,4;0,7;0,0;0,0;0,0;0,0
NL:S:49005950;Crematorium;Lelystad;0,7;1,3;1,2;1,3;0,0;0,0
NL:S:49006800;Pekstraat;Lelystad;2,3;3,5;0,4;0,6;0,0;0,0
NL:S:49008810;Palazzo;Lelystad;50,3;54,7;15,5;14,7;11,9;8,9
NL:S:49008850;Larserpoortweg;Lelystad;9,9;20,3;1,9;4,2;1,4;2,5
NL:S:49111010;Natuurpark;Lelystad;4,2;4,3;1,2;1,3;0,8;0,8
NL:S:49130010;Zeeasterpad;Lelystad;0,0;0,0;0,0;0,0;0,0;0,0
NL:S:49140010;Steenstraat;Lelystad;9,5;12,3;0,7;0,8;0,0;0,0
NL:S:49140050;Edelhertweg;Lelystad;0,1;0,1;0,0;0,0;0,0;0,0
NL:S:49210010;Vogelweg;Lelystad;5,5;5,2;0,9;1,1;1,0;0,9
NL:S:49210040;Eendenweg;Lelystad;5,4;4,3;3,5;2,8;1,6;1,2
NL:S:49230010;Lisdoddepad;Dronten;0,0;0,0;0,0;0,0;0,0;0,0
NL:S:49240010;Proefstation;Lelystad;0,8;0,6;0,0;0,0;0,0;0,0
NL:S:49240030;Klokbekerweg;Lelystad;0,3;0,3;0,2;0,1;0,0;0,0
NL:S:49240050;Vuursteenweg;Swifterbant;0,1;0,1;0,0;0,2;0,0;0,0
NL:S:49310010;Gooiseweg;Zeewolde;1,2;1,1;0,3;0,3;0,2;0,1
NL:S:49330030;Lisdoddeweg;Dronten;0,0;0,0;0,0;0,0;0,0;0,0
NL:S:49330050;Rietweg;Dronten;0,3;0,2;0,0;0,0;0,0;0,0
NL:S:49340010;Bloemenwijk;Swifterbant;52,2;48,6;11,2;12,0;8,1;6,7
NL:S:49340040;Industrieweg;Swifterbant;1,0;1,2;0,4;0,4;0,3;0,2
NL:S:49340060;Rivierduinweg;Swifterbant;0,4;0,5;0,4;0,4;0,0;0,0
NL:S:49340080;De Lange Streek;Swifterbant;74,2;70,5;24,1;20,4;10,7;11,5
NL:S:49340100;Tarpanweg;Swifterbant;1,7;2,1;0,4;0,8;0,1;0,0
NL:S:49340140;Het Blazoen;Swifterbant;0,6;0,4;0,0;0,0;0,0;0,0
NL:S:49410010;Sternweg;Zeewolde;1,4;1,9;0,8;1,4;0,4;0,6
NL:S:49430020;Melisse;Dronten;11,9;12,2;4,0;3,5;2,8;2,7
NL:S:49430050;De Haflinger;Dronten;0,3;0,1;0,0;0,0;0,0;0,0
NL:S:49430070;Langstraat Zuid;Dronten;7,0;5,6;1,7;1,7;1,9;1,7
NL:S:49430110;Manege;Dronten;7,0;6,4;0,0;0,0;0,0;0,0
NL:S:49430130;De Ark;Dronten;9,1;8,1;3,4;3,7;2,5;2,0
NL:S:49430150;Baskenstraat;Dronten;0,8;2,7;0,0;0,0;0,0;0,0
NL:S:49430210;Langstraat;Dronten;13,1;12,3;3,4;3,5;2,4;2,7
NL:S:49430250;De Boeg;Dronten;1,6;1,7;0,0;0,0;0,0;0,0
NL:S:49430310;De Ketting;Dronten;15,9;13,8;6,3;5,1;4,0;3,4
NL:S:49430390;Station;Dronten;274,5;265,9;50,5;46,9;42,1;36,1
NL:S:49430430;Dukaat;Dronten;1,5;2,7;0,0;0,0;0,3;0,2
NL:S:49430450;Het Spaarne;Dronten;9,1;11,0;1,0;1,1;0,9;0,8
NL:S:49430470;Rendierweg;Dronten;1,1;1,5;0,7;0,4;0,1;0,1
NL:S:49430490;Beiersgulden;Dronten;3,7;3,7;1,3;2,3;0,7;0,5
NL:S:49430510;Eurosingel;Dronten;5,4;5,6;0,0;0,0;0,2;0,9
NL:S:49430590;Aeres Hogeschool;Dronten;15,4;18,0;0,0;0,0;0,2;4,2
NL:S:49430620;De Morgen;Dronten;3,9;3,7;0,0;0,0;0,0;0,0
NL:S:49430640;De Barrage;Dronten;3,7;3,7;0,0;0,0;0,0;0,0
NL:S:49430740;Meerpaal;Dronten;19,3;16,9;8,5;10,9;3,0;3,8
NL:S:49430760;Centrum;Dronten;60,2;72,9;8,8;10,5;4,5;4,8
NL:S:49440010;Elandweg;Swifterbant;0,2;0,2;0,0;0,1;0,1;0,0
NL:S:49480010;Dienstenweg;Vorden;1,6;1,1;0,0;0,0;0,0;0,0
NL:S:49490010;Slingerpad;Zeewolde;1,7;1,6;0,1;0,1;0,2;0,1
NL:S:49490030;Nijkerkersluis;Zeewolde;1,1;1,4;0,0;0,0;0,0;0,0
NL:S:49490090;Flevo-Nat/Wielseweg;Zeewolde;1,3;0,5;0,5;0,5;1,2;0,2
NL:S:49510020;Harderhaven;Harderhaven;19,1;32,1;7,4;14,4;5,3;7,5
NL:S:49510040;Harderbroek;Zeewolde;0,3;0,8;0,2;0,7;0,2;0,4
NL:S:49510080;Camping Flevostrand;Biddinghuizen;10,7;10,3;10,5;9,9;9,0;3,8
NL:S:49530020;Hanzeweg 17;Dronten;5,1;0,3;0,0;0,0;0,0;0,0
NL:S:49560010;Palingweg;Biddinghuizen;0,2;0,4;0,0;0,0;0,2;0,0
NL:S:49560030;Garnaalweg;Dronten;0,2;0,2;0,0;0,1;0,0;0,0
NL:S:49560050;Botweg;Biddinghuizen;0,3;0,5;0,0;0,1;0,0;0,0
NL:S:49580010;Dodaarsweg;Zeewolde;0,5;0,6;0,0;0,0;0,0;0,0
NL:S:49590010;Nulderpad;Zeewolde;0,3;0,6;0,1;0,4;0,0;0,1
NL:S:49613001;Station;Harderwijk;604,0;550,1;250,6;202,0;190,3;175,6
NL:S:49613003;Ziekenhuis Sint Jansdal;Harderwijk;6,7;5,9;0,0;0,0;0,0;0,0
NL:S:49613010;Selhorstweg;Harderwijk;26,7;32,0;11,6;13,4;6,0;6,8
NL:S:49613075;Burg. de Meesterstraat;Harderwijk;56,2;61,9;19,4;25,9;12,4;12,1
NL:S:49613077;Dolfinarium;Harderwijk;48,1;48,8;33,1;38,0;20,7;18,8
NL:S:49613405;Plantage;Harderwijk;2,9;2,9;0,0;0,0;0,0;0,0
NL:S:49613407;Centrum;Harderwijk;10,8;14,1;0,0;0,0;0,0;0,0
NL:S:49630020;Bremerbergweg;Biddinghuizen;8,5;11,0;3,8;7,4;3,1;6,7
NL:S:49660010;Plein;Biddinghuizen;88,6;86,2;26,9;25,8;14,8;15,1
NL:S:49660030;Havenweg;Biddinghuizen;21,0;17,8;4,1;3,4;3,9;3,9
NL:S:49660050;Dreef;Biddinghuizen;35,4;34,7;9,4;11,3;7,9;7,6
NL:S:49680010;Gruttoweg;Zeewolde;1,7;1,6;0,0;0,0;0,0;0,0
NL:S:49700010;De Eemhof;Zeewolde;6,5;9,3;3,8;5,0;5,3;3,3
NL:S:49730010;Alikruikweg;Biddinghuizen;4,3;4,7;1,3;1,3;0,6;0,7
NL:S:49790020;Overloop;Zeewolde;44,9;42,9;5,8;5,4;5,5;4,4
NL:S:49790030;Langezand;Zeewolde;17,0;21,4;1,6;16,8;1,3;9,2
NL:S:49790040;Kwartiermakerslaan;Zeewolde;63,2;62,0;19,5;22,5;11,1;16,1
NL:S:49790050;Oostergo;Zeewolde;10,3;9,4;1,8;3,4;1,3;2,2
NL:S:49790060;Naarderweg;Zeewolde;43,5;37,6;12,7;7,0;7,8;5,0
NL:S:49790070;Centrum;Zeewolde;22,9;26,4;9,9;12,4;4,5;5,6
NL:S:49790090;Kluunpad;Zeewolde;23,2;23,6;0,0;0,0;0,0;0,0
NL:S:49790100;NCC;Zeewolde;0,2;0,3;0,0;0,1;0,1;0,2
NL:S:49790110;Horsterweg;Zeewolde;50,8;49,6;6,4;5,7;3,9;3,9
NL:S:49790111;Fluitekruid;Zeewolde;18,6;17,4;5,4;6,0;3,9;4,1
NL:S:49790121;Gildenveld;Zeewolde;1,3;1,4;4,1;3,0;2,2;2,1
NL:S:49790131;De Verbeelding;Zeewolde;21,3;19,3;6,8;7,2;5,0;3,9
NL:S:49790141;Kastanjelaan;Zeewolde;1,0;1,4;3,9;3,0;2,7;3,1
NL:S:49790160;RCN-Dasselaarweg;Zeewolde;1,2;1,5;0,2;0,4;0,5;0,1
NL:S:49790181;RCN-Eikenlaan;Zeewolde;1,6;1,4;0,3;1,3;0,6;0,2
NL:S:49790200;Klein Hoefblad;Zeewolde;53,5;49,4;9,7;4,9;6,7;3,1
NL:S:49790210;Mast;Zeewolde;46,2;44,1;10,2;4,2;7,3;2,9
NL:S:49790250;Bolwerk;Zeewolde;5,8;7,4;0,0;0,0;0,0;0,0
NL:S:49790270;Trekkersveld;Zeewolde;12,0;15,4;0,0;0,0;0,0;0,0
NL:S:49790310;Industrieweg;Zeewolde;12,6;14,3;0,0;0,0;0,0;0,0
NL:S:49790410;Schollevaar;Zeewolde;1,2;1,5;0,0;0,0;0,0;0,0
NL:S:49810010;Walibi Holland;Biddinghuizen;64,7;81,0;89,3;109,3;80,8;93,1
NL:S:50423020;GSG Arnhemseweg;Amersfoort;0,0;0,1;0,0;0,0;0,0;0,0
NL:S:50423040;GSG Paladijnenweg;Amersfoort;0,4;0,7;0,0;0,0;0,0;0,0
NL:S:50630280;Berencamperweg;Nijkerk;6,0;5,9;0,0;0,0;0,0;0,0
NL:S:50637007;Station;Nijkerk;73,2;78,9;0,0;0,0;0,0;0,0
NL:S:50637011;Zilverschoon;Nijkerk;2,6;4,0;0,0;0,0;0,0;0,0
NL:S:53360920;Nieuwlandenlaan;Emmeloord;0,9;1,4;0,0;0,0;0,0;0,0
NL:S:53511750;De Poort;Swifterbant;0,7;0,9;0,0;0,1;0,0;0,0
NL:S:58520010;Busstation 't Oor;Almere Stad;4,4;3,8;3,9;4,2;2,9;3,6
NL:S:58610060;Vogelweg;Almere Hout;7,0;8,9;3,3;4,2;3,0;3,4
NL:S:58610080;Kasteel;Almere Stad;0,3;0,2;0,3;0,2;0,2;0,1
NL:S:58610090;Veluwsekant;Almere Stad;25,3;17,5;1,2;1,9;0,6;1,3
NL:S:58610110;De Kemphaan;Almere Hout;13,0;21,7;4,7;5,2;3,5;4,2
NL:S:58650050;Stedenwijk Zuid;Almere Stad;3,1;1,8;2,8;1,3;4,4;1,7
NL:S:58650150;Stedenwijk Midden;Almere Stad;1,9;2,1;1,4;1,4;2,8;1,8
NL:S:58650330;Greta Garboplantsoen;Almere Stad;12,4;11,7;0,0;0,0;0,0;0,0
NL:S:58650350;Passage;Almere Stad;2,0;2,5;2,1;2,1;2,5;2,5
NL:S:58650370;Flevoziekenhuis;Almere Stad;12,0;13,8;0,0;0,0;0,0;0,0
NL:S:58650430;Stadhuisplein;Almere Stad;23,5;27,6;3,7;4,3;3,5;3,3
NL:S:58650590;Romy Schneiderweg;Almere Stad;1,1;1,2;0,0;0,0;0,0;0,0
NL:S:58650610;Bunuellaan;Almere Stad;3,2;3,4;0,0;0,0;0,0;0,0
NL:S:58650640;Walt Disneyplantsoen;Almere Stad;8,5;8,5;0,0;0,0;0,0;0,0
NL:S:58655000;Station Centrum;Almere Stad;115,6;103,1;16,4;13,6;12,8;16,5
NL:S:58710021;Crematorium;Enschede;1,7;1,2;0,3;0,6;0,2;0,5
NL:S:58710040;Paradijsvogelweg;Almere Hout;6,9;7,8;0,0;0,0;0,0;0,0
NL:S:58710100;Nachtegaallaan;Almere Hout;29,7;29,8;0,0;0,0;0,0;0,0
NL:S:58710120;Stichtsekant;Almere Hout;0,0;0,0;0,0;0,0;0,1;0,0
BE:S:22010050;Zuid(Centrum);Gent;0,2;0,3;0,1;0,2;0,0;0,0
DE:S:80000510;Markt;Elten;0,3;0,3;0,0;0,1;0,0;0,0
NL:S:15005620;Het Sticht;Assen;0,0;0,3;0,0;0,0;0,0;0,0
NL:S:15006710;Lonerstraat;Assen;0,2;0,1;0,0;0,0;0,0;0,0
NL:S:16000010;Station;Meppel;69,8;64,4;11,5;9,1;0,0;0,0
NL:S:16000260;Medisch Centrum;Meppel;0,5;0,8;0,1;0,1;0,0;0,0
NL:S:16000280;Gemeenteweg;Halfweg;0,1;0,0;0,0;0,0;0,0;0,0
NL:S:16000800;De Stouwe;Meppel;7,2;8,5;0,5;0,6;0,0;0,0
NL:S:16000880;Reestplantsoen;Meppel;1,1;1,3;0,0;0,0;0,0;0,0
NL:S:16000910;Leonard Springerlaan;Meppel;0,5;0,6;0,3;0,1;0,0;0,0
NL:S:16002610;Prinsengracht;Meppel;0,8;0,7;0,6;0,5;0,0;0,0
NL:S:16110060;Heerenweg;IJhorst;1,4;1,3;0,3;0,3;0,0;0,0
NL:S:16110081;Havixhorst;De Schiphorst;0,0;0,1;0,0;0,1;0,0;0,0
NL:S:16110090;Wiltenweg;De Wijk;0,0;0,4;0,0;0,4;0,0;0,0
NL:S:16110220;Willem Koopsweg;De Wolden;0,4;0,6;0,2;0,6;0,0;0,0
NL:S:16110230;Oosterakker;De Wijk;0,0;0,0;0,1;0,0;0,0;0,0
NL:S:16110240;Verzorgingstehuis;De Wijk;0,7;0,4;0,3;0,1;0,0;0,0
NL:S:16110260;Sparrenlaan;IJhorst;1,0;0,2;0,0;0,0;0,0;0,0
NL:S:16180100;Vlakkenweg;Staphorst;1,8;1,9;0,1;0,2;0,0;0,0
NL:S:16180120;Geerligsland;Staphorst;1,2;1,8;0,0;0,1;0,0;0,0
NL:S:16180140;Jan Arendsland;Staphorst;2,1;2,9;0,3;0,2;0,0;0,0
NL:S:16180160;Snelweg;Staphorst;1,2;1,2;0,3;0,2;0,0;0,0
NL:S:16180180;Achthoevenweg;Staphorst;7,4;8,7;0,3;0,5;0,0;0,0
NL:S:16180200;Hoogeweg;Staphorst;13,0;11,6;1,1;1,2;0,0;0,0
NL:S:16180220;Bergerslag;Staphorst;17,5;16,7;2,4;2,2;0,0;0,0
NL:S:16180240;Gemeentehuis;Staphorst;17,7;17,2;2,8;2,4;0,0;0,0
NL:S:16180260;Lindenlaan;Staphorst;5,8;6,1;0,9;1,3;0,0;0,0
NL:S:16180280;Bejaardenhuis;Staphorst;3,0;2,6;0,7;0,6;0,0;0,0
NL:S:16180300;Prinses Beatrixstraat;Staphorst;5,0;4,8;1,1;1,6;0,0;0,0
NL:S:16180320;Boldewijnhuizen;Staphorst;0,1;0,1;0,1;0,0;0,0;0,0
NL:S:16280100;Oostermenneweg;Rouveen;2,5;2,4;0,6;0,5;0,0;0,0
NL:S:16280120;Zuideindigerweg;Rouveen;2,2;1,8;0,2;0,2;0,0;0,0
NL:S:16280140;Stadsweg;Rouveen;0,1;0,1;0,1;0,0;0,0;0,0
NL:S:16280160;Oude Rijksweg 485;Rouveen;0,6;0,5;0,0;0,2;0,0;0,0
NL:S:16280180;Hervormde Kerk;Rouveen;17,1;14,3;2,2;2,3;0,0;0,0
NL:S:16280200;Oude Rijksweg 415;Rouveen;2,1;2,4;0,2;0,3;0,0;0,0
NL:S:16280220;Oud Gereformeerde Kerk;Rouveen;1,3;1,4;0,1;0,3;0,0;0,0
NL:S:16280240;Conradsweg;Rouveen;1,9;1,6;0,1;0,0;0,0;0,0
NL:S:16280260;Schoolwijksweg;Rouveen;2,5;2,5;0,2;0,1;0,0;0,0
NL:S:16280280;Dekkersweg;Rouveen;2,7;2,8;0,2;0,1;0,0;0,0
NL:S:16380100;Haersterbroekweg;Zwolle;2,3;3,8;0,1;0,1;0,0;0,0
NL:S:16380120;Steenwetering;Lichtmis;0,6;0,6;0,2;0,1;0,0;0,0
NL:S:16380140;Meeleweg;Lichtmis;0,7;0,8;0,3;0,1;0,0;0,0
NL:S:16380190;Busstation;Lichtmis;15,9;18,0;2,1;2,4;0,0;0,0
NL:S:16580010;Noordeinde;Zwolle;0,8;1,1;0,2;0,3;0,1;0,1
NL:S:16580030;Westeinde;Zwolle;2,7;2,8;0,7;0,8;0,3;0,5
NL:S:16580050;Markteweg;Zwolle;6,3;5,4;3,6;3,8;2,7;3,0
NL:S:16580070;Kleefstraat;Zwolle;57,8;24,8;5,3;5,2;2,2;3,2
NL:S:16680010;Dedemsweg;Ruitenveen;3,3;3,6;1,2;1,1;0,7;0,5
NL:S:16680030;Kuitermansweg;Ruitenveen;1,5;1,6;0,5;0,5;0,4;0,4
NL:S:16680050;Nieuwe Kreuleweg;Ruitenveen;0,8;0,9;1,0;1,1;0,3;0,4
NL:S:16680070;Hoevenweg;Ruitenveen;3,3;3,3;1,6;1,2;0,8;1,1
NL:S:16680090;Middenweg;Ruitenveen;0,8;1,0;0,2;0,2;0,2;0,2
NL:S:16680110;Nieuwendijk;Ruitenveen;1,1;1,2;0,4;0,7;0,2;0,2
NL:S:16780001;Schuilhut;Nieuwleusen;0,1;0,2;0,0;0,0;0,0;0,0
NL:S:16780010;De Vlijt;Nieuwleusen;4,5;4,8;1,0;1,9;0,8;0,8
NL:S:16780030;Oosterhulst;Nieuwleusen;1,4;2,2;0,3;0,6;0,1;0,2
NL:S:16780050;Den Hulst;Nieuwleusen;39,0;40,2;8,0;7,4;4,9;5,3
NL:S:16780070;Bejaardencentrum;Nieuwleusen;16,6;17,3;6,4;7,1;4,1;4,2
NL:S:16780080;Baron van Dedemstraat;Nieuwleusen;2,4;0,5;0,9;0,1;0,3;0,1
NL:S:16780090;Gereformeerde Kerk;Nieuwleusen;23,5;22,1;7,5;7,2;4,2;4,2
NL:S:16780110;Zwembad;Nieuwleusen;23,5;21,9;8,4;8,0;3,6;4,6
NL:S:16780130;Centrum;Nieuwleusen;39,8;41,5;14,8;14,3;8,6;7,3
NL:S:16780150;Westeinde;Nieuwleusen;14,5;14,2;4,6;5,0;3,1;3,5
NL:S:16780170;Bouwhuisweg;Nieuwleusen;4,7;4,7;1,3;0,9;0,6;0,9
NL:S:16780190;Molen;Nieuwleusen;4,4;5,5;1,5;1,5;1,1;1,0
NL:S:16780300;Grote Markt;Nieuwleusen;0,4;0,4;0,2;0,1;0,0;0,0
NL:S:16780560;Rollecater Brug;Nieuwleusen;3,3;3,3;0,0;0,0;0,0;0,0
NL:S:17000010;Station;Hoogeveen;98,8;82,2;20,3;18,9;11,3;13,5
NL:S:17000210;Buizerdlaan;Hoogeveen;22,9;23,5;6,2;5,1;2,7;2,2
NL:S:17000710;Mr. Cramerweg P+R;Hoogeveen;5,3;6,7;2,0;1,8;0,9;0,8
NL:S:17001650;Willemskade;Hoogeveen;1,3;1,6;0,2;0,2;0,1;0,1
NL:S:17003020;Industrieweg;Hoogeveen;3,4;6,9;0,1;0,1;0,0;0,0
NL:S:17003040;Tamboerpassage;Hoogeveen;11,4;11,2;3,8;4,6;1,2;1,2
NL:S:17003120;Wolfsbosstraat;Hoogeveen;8,4;9,9;1,1;0,8;0,5;0,7
NL:S:17003140;Valkenlaan;Hoogeveen;4,0;5,7;0,9;1,3;0,6;0,4
NL:S:17003200;'t Haagje;Hoogeveen;11,3;13,1;2,3;3,3;0,8;1,1
NL:S:17190010;Buitenvaart;Hollandscheveld;3,6;4,7;0,2;0,4;0,1;0,1
NL:S:17190030;Opgaande 71;Hollandscheveld;1,1;1,0;0,0;0,1;0,0;0,0
NL:S:17190050;'t Hoekje;Hollandscheveld;14,0;15,3;1,5;1,7;1,0;1,4
NL:S:17190150;Carstensdijk;Zuideropgaande;3,2;3,3;0,3;0,5;0,1;0,1
NL:S:17190190;Schooldijkje;Zuideropgaande;0,1;0,1;0,0;0,0;0,0;0,0
NL:S:17290010;Riegshoogtendijk;Kerkenveld;0,1;0,3;0,0;0,0;0,0;0,0
NL:S:17290030;Gedempte Wijde Wijk;Kerkenveld;2,8;2,6;0,6;0,4;0,5;0,3
NL:S:17290050;Ritmeesterweg;Kerkenveld;0,4;0,5;0,1;0,1;0,0;0,1
NL:S:17290070;Riegshoogtendijk 3;Kerkenveld;0,0;0,1;0,0;0,0;0,0;0,0
NL:S:17290090;Hoogeveenseweg 33;Kerkenveld;0,1;0,1;0,1;0,1;0,0;0,1
NL:S:17290110;Braambergerweg;Kerkenveld;0,4;0,6;0,0;0,1;0,1;0,1
NL:S:17290130;Hoogeveenseweg 11;Kerkenveld;0,8;0,9;0,1;0,2;0,1;0,0
NL:S:17350030;Riegshoogtendijk;Hollandscheveld;9,0;9,1;1,6;1,0;0,9;0,6
NL:S:17350050;Jan Wintersdijkje;Zuideropgaande;0,6;0,7;0,1;0,2;0,0;0,0
NL:S:17480030;Zwolseweg;Balkbrug;15,1;16,1;4,2;5,2;2,9;3,4
NL:S:17480050;d 'Olde Heerd;Balkbrug;9,7;9,2;2,4;2,8;1,7;2,0
NL:S:17480070;Zelhorstweg;Balkbrug;1,6;1,5;0,6;0,9;0,6;0,2
NL:S:17480090;Nieuweweg (Sluis 4);Balkbrug;4,9;4,8;2,1;2,0;1,0;1,3
NL:S:19000320;Trageldijk;Coevorden;1,2;2,2;0,0;0,0;0,0;0,0
NL:S:19180200;Scheidijk;De Krim;0,0;0,0;0,0;0,0;0,0;0,0
NL:S:19180220;Dommerskanaal;De Krim;0,9;0,9;0,0;0,0;0,0;0,0
NL:S:19180260;Nieuwlandseweg;De Krim;0,7;0,6;0,0;0,0;0,0;0,0
NL:S:19180280;N.H. Kerk;De Krim;3,7;2,9;0,0;0,0;0,0;0,0
NL:S:19180300;Horstra's Wijk;De Krim;2,8;2,7;0,0;0,0;0,0;0,0
NL:S:19180332;Horstra's Wijk/Marsstraat;De Krim;0,8;0,9;0,0;0,0;0,0;0,0
NL:S:19180350;Marsstraat;De Krim;2,2;0,6;0,0;0,0;0,0;0,0
NL:S:19180450;Slagenweg/Lutteresweg;Ane;0,1;0,4;0,0;0,0;0,0;0,0
NL:S:19180500;Hoofdweg;De Krim;1,4;1,7;0,0;0,0;0,0;0,0
NL:S:19280010;Molenweg;De Krim;0,2;0,1;0,0;0,0;0,0;0,0
NL:S:19280030;Coevorderweg 171;De Krim;0,3;0,3;0,0;0,0;0,0;0,0
NL:S:19280050;Drukkerij Seinen;De Krim;0,3;0,3;0,0;0,0;0,0;0,0
NL:S:19280070;Coevorderweg 105;De Krim;0,0;0,0;0,0;0,0;0,0;0,0
NL:S:19380010;Schuineslootweg;Slagharen;10,8;10,2;1,2;1,5;1,0;1,3
NL:S:19380030;Herenstraat 108;Slagharen;0,2;0,4;0,1;0,2;0,0;0,1
NL:S:19380050;Witmanweg;Slagharen;1,5;3,9;0,3;0,7;0,1;0,3
NL:S:19380070;Vergouwlaan;Slagharen;24,0;19,2;2,9;2,1;1,9;1,2
NL:S:19380151;Centrum;Lutten;109,5;110,4;11,4;12,2;8,7;8,2
NL:S:19380191;Viaduct;Lutten;5,2;5,5;1,2;1,5;0,6;0,9
NL:S:19380280;Coevorderweg 89;Slagharen;0,2;0,3;0,0;0,0;0,0;0,0
NL:S:19380301;Centrum;Slagharen;31,5;32,5;4,9;6,3;3,3;2,9
NL:S:19380320;Attractiepark;Slagharen;20,4;21,7;15,0;16,8;12,3;9,0
NL:S:19380340;Dedemsvaartseweg 84;Lutten;0,7;0,6;0,1;0,1;0,0;0,1
NL:S:19380360;Coevorderweg;Lutten;0,2;0,2;0,0;0,0;0,1;0,1
NL:S:19380380;Tottenhamstraat/Proatkoele;Lutten;0,5;0,5;0,1;0,1;0,1;0,1
NL:S:19380400;Ongelukkige Wijk;Lutten;1,3;1,2;0,1;0,0;0,1;0,1
NL:S:19480010;Rheezerend 162;Dedemsvaart;0,4;0,4;0,0;0,1;0,1;0,0
NL:S:19480030;Rheezerend;Dedemsvaart;0,7;0,9;0,0;0,1;0,1;0,1
NL:S:19480050;Rheezerend 60;Dedemsvaart;0,3;0,4;0,1;0,1;0,1;0,1
NL:S:19480070;Industrieweg;Dedemsvaart;3,0;3,7;0,2;0,0;0,1;0,1
NL:S:19480090;Celsiusstraat;Dedemsvaart;3,5;3,3;0,4;0,2;0,1;0,0
NL:S:19480110;Van Haeringenstraat;Dedemsvaart;1,0;1,5;0,3;0,2;0,5;0,1
NL:S:19480130;De Magnolia;Dedemsvaart;29,8;28,6;5,5;5,7;3,8;3,8
NL:S:19480150;Hazelaar;Dedemsvaart;23,8;23,8;4,6;4,3;2,7;2,2
NL:S:19480170;Krikkenstraat;Dedemsvaart;11,0;12,4;2,1;2,7;1,4;1,9
NL:S:19480190;Haitjema;Dedemsvaart;31,8;30,2;9,9;8,6;6,9;5,4
NL:S:19480230;Adelaarweg;Dedemsvaart;38,7;36,2;7,8;7,5;6,1;4,6
NL:S:19480250;Sportlaan;Dedemsvaart;19,5;20,8;3,1;4,1;1,9;2,1
NL:S:19480280;Busstation;Dedemsvaart;71,2;72,4;14,0;12,3;11,7;9,3
NL:S:19480300;Hoofdvaart 115;Dedemsvaart;1,7;1,8;0,5;0,3;0,3;0,1
NL:S:19480320;Hoofdvaart 207;Dedemsvaart;0,9;1,1;0,1;0,2;0,1;0,2
NL:S:19480340;Het Rak;Dedemsvaart;2,1;2,0;0,4;0,6;0,3;0,2
NL:S:19480360;De Pol;Dedemsvaart;1,7;1,9;0,3;0,5;0,3;0,2
NL:S:19481990;S.G. van der Capellen;Dedemsvaart;0,3;0,4;0,0;0,0;0,0;0,0
NL:S:19580000;Station;Gramsbergen;0,2;0,4;0,0;0,0;0,0;0,0
NL:S:19580040;Aner Molen;Ane;0,0;0,1;0,0;0,0;0,0;0,0
NL:S:19580060;De Viersprong;Ane;0,1;0,3;0,0;0,0;0,0;0,0
NL:S:19580080;Slagenweg/Haarweg;Ane;0,0;0,0;0,0;0,0;0,0;0,0
NL:S:19580100;Slagenweg/Schansweg;Ane;0,0;0,0;0,0;0,0;0,0;0,0
NL:S:24160500;Sallandlaan;Heerenveen;75,1;126,7;37,3;62,6;14,7;26,2
NL:S:25770020;Mannagras;Zwolle;11,7;8,2;5,5;4,1;3,0;3,4
NL:S:25770030;Klokkengieterlaan;Zwolle;18,1;16,9;11,9;10,1;6,2;6,4
NL:S:25770050;Karveelschipperstraat;Zwolle;12,9;12,6;7,7;7,7;5,2;5,6
NL:S:25770060;Veldbeemdgras;Zwolle;25,9;23,2;15,1;12,6;8,8;9,2
NL:S:25770070;Goudsmidstraat;Zwolle;24,0;19,3;11,7;10,0;6,5;6,9
NL:S:25770110;Fioringras;Zwolle;28,1;26,5;15,2;16,4;10,0;9,9
NL:S:25770230;Bandijklaan;Zwolle;22,2;25,0;10,2;11,2;5,2;6,1
NL:S:25839175;GSG Pieter Zandt;Kampen;3,3;6,1;0,0;0,0;0,0;0,0
NL:S:30004021;Osdorpplein West;Amsterdam;0,4;0,2;0,0;0,0;0,0;0,0
NL:S:30004057;Hemsterhuisstraat;Amsterdam;28,0;12,4;7,3;6,3;3,4;2,8
NL:S:30004167;Langsom;Amsterdam;9,4;15,1;9,1;11,5;5,3;7,5
NL:S:30004322;Station Lelylaan;Amsterdam;18,8;17,2;2,2;6,4;2,2;18,5
NL:S:30004432;Oeverpad;Amsterdam;0,0;0,0;0,0;0,0;0,0;0,0
NL:S:31000515;Horsweg;Hoogvliet Rotterdam;2,6;3,7;0,0;0,0;0,0;0,0
NL:S:31001106;Bergse Dorpsstraat;Rotterdam;1,0;0,2;0,0;0,0;0,0;0,0
NL:S:31001350;Beijerlandselaan;Rotterdam;0,1;0,1;0,0;0,0;0,0;0,0
NL:S:31002060;Minervalaan;Rotterdam;0,8;0,3;0,0;0,0;0,0;0,0
NL:S:31002325;Singaporestraat;Rotterdam;1,8;1,7;0,0;0,0;0,0;0,0
NL:S:31006223;Dorpsstraat;Barendrecht;2,4;2,0;0,0;0,0;0,0;0,0
NL:S:31006540;'t Zwaantje;Ridderkerk;2,7;2,6;0,0;0,0;0,0;0,0
NL:S:37436000;Beveland;Beverwijk;0,9;1,4;0,0;0,0;0,0;0,0
NL:S:40300170;Telefoonweg;Renkum;0,2;0,0;0,0;0,0;0,0;0,0
NL:S:40344001;Apeldoornseweg;'s Heeren Loo;0,0;0,1;0,0;0,0;0,0;0,0
NL:S:40360009;Rotonde;Otterlo;0,6;0,5;0,0;0,0;0,0;0,0
NL:S:40361002;Museum Schietkamp;Harskamp;0,0;0,0;0,0;0,0;0,0;0,0
NL:S:40372001;Uitgang Hoenderloo;De Hoge Veluwe;5,7;5,6;1,4;1,3;0,7;1,2
NL:S:40406011;Mansholtlaan;Wageningen;0,2;0,1;0,0;0,0;0,0;0,0
NL:S:40441001;Harderwijkerweg;Loenen;0,0;0,0;0,0;0,0;0,0;0,0
NL:S:40441003;Bergakkerweg;Loenen;0,1;0,3;0,0;0,0;0,0;0,0
NL:S:40441005;Bruisbeek;Loenen;0,2;0,2;0,0;0,0;0,0;0,0
NL:S:40441007;Leeuwenbergweg;Loenen;0,1;0,5;0,0;0,0;0,0;0,0
NL:S:40441009;Hoge Bergweg;Loenen;0,0;0,1;0,0;0,0;0,0;0,0
NL:S:40441011;Hoofdweg;Lieren;0,2;0,0;0,0;0,0;0,0;0,0
NL:S:40441014;Voorsterweg;Lieren;0,2;0,4;0,0;0,0;0,0;0,0
NL:S:40451034;Laan van Westenenk;Apeldoorn;3,1;8,3;0,0;0,0;0,0;0,0
NL:S:40451075;Kapelmeestershoeve;Apeldoorn;18,4;23,0;13,7;14,0;9,2;9,7
NL:S:40451077;De Eglantier;Apeldoorn;50,2;62,6;52,0;47,1;28,1;27,3
NL:S:40451096;Laan van Erica;Apeldoorn;8,1;11,2;7,4;9,0;5,2;6,6
NL:S:40451097;Jaromirgaarde;Apeldoorn;0,0;0,1;0,0;0,0;0,0;0,1
NL:S:40451099;Rademakersdonk;Apeldoorn;10,2;13,8;7,4;8,5;5,9;6,4
NL:S:40451101;Kazerneweg;Klazienaveen;10,4;15,1;8,0;9,2;4,0;5,3
NL:S:40451103;Turfstekershoeve;Apeldoorn;10,5;8,5;7,4;3,6;4,9;2,3
NL:S:40451105;Landdrostlaan;Apeldoorn;0,6;0,6;0,0;0,0;0,0;0,0
NL:S:40451143;Soldeniersveld;Apeldoorn;0,4;0,0;0,0;0,0;0,0;0,0
NL:S:40451181;Ferguutgaarde;Apeldoorn;12,9;13,1;6,6;6,9;4,9;4,6
NL:S:40451182;De Heemgaard;Apeldoorn;25,7;28,9;6,5;10,6;4,7;8,0
NL:S:40451252;Kooikersdreef;Apeldoorn;8,5;9,2;8,2;8,5;3,5;4,1
NL:S:40451259;Parlevinkershoeve;Apeldoorn;7,5;12,1;3,7;7,2;2,1;3,8
NL:S:40451333;Ekro;Apeldoorn;9,7;12,6;0,0;0,0;0,0;0,0
NL:S:40451351;Eglantierlaan;Apeldoorn;9,1;5,9;6,2;4,0;3,2;2,3
NL:S:40451402;Veldbrugweg;Lieren;0,3;0,1;0,0;0,0;0,0;0,0
NL:S:40451404;Tullekensmolenweg;Lieren;0,2;0,1;0,0;0,0;0,0;0,0
NL:S:40451406;Molenberg;Lieren;0,1;0,1;0,0;0,0;0,0;0,0
NL:S:40451408;Dorpshuis;Oosterhuizen;0,3;0,2;0,0;0,0;0,0;0,0
NL:S:40451412;Wittekruisweg;Oosterhuizen;0,0;0,0;0,0;0,0;0,0;0,0
NL:S:40451414;Vinkenkamp;Oosterhuizen;0,1;0,0;0,0;0,0;0,0;0,0
NL:S:40451416;Veendijk;Oosterhuizen;0,1;0,1;0,0;0,0;0,0;0,0
NL:S:40451418;Camping Bosgraaf;Oosterhuizen;0,0;0,0;0,0;0,0;0,0;0,0
NL:S:40451459;Achterste Kerkweg;Oosterhuizen;0,1;0,0;0,0;0,0;0,0;0,0
NL:S:40451461;Wilmersdorf;Apeldoorn;0,7;0,5;0,0;0,0;0,0;0,0
NL:S:40459001;Aventurijn;Loenen;0,2;0,0;0,0;0,0;0,0;0,0
NL:S:40461003;Centrum;Harskamp;0,3;0,2;0,0;0,0;0,0;0,0
NL:S:40461005;De Spil;Harskamp;1,7;1,5;0,0;0,0;0,0;0,0
NL:S:40461007;Kraatsweg;Harskamp;1,7;0,9;0,0;0,0;0,0;0,0
NL:S:40461009;Radioweg;Harskamp;0,6;0,3;0,0;0,0;0,0;0,0
NL:S:40461011;Kraaikamperweg;Harskamp;0,0;0,1;0,0;0,0;0,0;0,0
NL:S:40461013;Hoog Buurloseweg;Harskamp;0,6;0,6;0,0;0,0;0,0;0,0
NL:S:40461015;Westenengerdijk;Harskamp;3,6;2,9;0,0;0,0;0,0;0,0
NL:S:40461017;Harscamp;Harskamp;2,1;1,2;0,0;0,0;0,0;0,0
NL:S:40463001;Hazendonkweg;Stroe;0,0;0,0;0,0;0,0;0,0;0,0
NL:S:40463004;Heetweg;Stroe;0,7;0,7;0,0;0,0;0,0;0,0
NL:S:40471131;De Ugchelse Kei;Apeldoorn;0,4;0,1;0,0;0,0;0,0;0,0
NL:S:40471152;Randerode;Apeldoorn;12,3;10,2;7,2;5,1;5,1;3,9
NL:S:40471170;Middachten;Apeldoorn;6,1;7,0;3,6;3,3;1,7;2,0
NL:S:40471175;Vlietweg;Apeldoorn;8,4;7,3;3,3;3,0;2,8;1,6
NL:S:40471295;Ugchelsegrensweg;Ugchelen;0,1;0,0;0,0;0,0;0,0;0,0
NL:S:40471301;Richtersweg;Apeldoorn;0,1;0,1;0,0;0,0;0,0;0,0
NL:S:40471327;G.P. Duuringlaan;Apeldoorn;0,4;0,2;0,0;0,0;0,0;0,0
NL:S:40471349;Molecatenlaan;Apeldoorn;1,4;8,9;1,3;4,5;0,8;2,3
NL:S:40471434;Heidehof;Apeldoorn;0,1;0,2;0,0;0,0;0,0;0,0
NL:S:40471463;Hoog Buurloseweg;Hoenderloo;0,0;0,0;0,0;0,0;0,0;0,0
NL:S:40471465;Van der Valk/De Cantharel;Apeldoorn;0,1;0,1;0,0;0,0;0,0;0,0
NL:S:40471467;Gelre Ziekenhuis;Apeldoorn;81,6;70,1;17,7;14,7;12,0;10,1
NL:S:40480015;Kronkelweg;Hoenderloo;0,0;0,0;0,0;0,0;0,0;0,0
NL:S:40512001;Station Ede-Wageningen;Ede;3,2;5,1;0,0;0,0;0,0;0,0
NL:S:40512005;Vossenweg;Bennekom;1,8;1,0;0,0;0,0;0,0;0,0
NL:S:40512011;Molenstraat;Bennekom;2,2;1,2;0,0;0,0;0,0;0,0
NL:S:40512013;Hof van Sint Pieter;Bennekom;0,0;0,0;0,0;0,0;0,0;0,0
NL:S:40512015;Bart van Elstplantsoen;Bennekom;1,2;0,7;0,0;0,0;0,0;0,0
NL:S:40512019;Horalaan;Ede;0,0;0,0;0,0;0,0;0,0;0,0
NL:S:40512021;De Reehorst;Ede;5,5;2,7;0,0;0,0;0,0;0,0
NL:S:40512203;Hoekelumse Brinkweg;Bennekom;1,5;0,9;0,0;0,0;0,0;0,0
NL:S:40512207;Heidelaan;Bennekom;0,0;0,0;0,0;0,0;0,0;0,0
NL:S:40522125;La Vendula;Ede;0,0;0,0;0,0;0,0;0,0;0,0
NL:S:40528001;Roekelseweg;Wekerom;0,2;0,2;0,0;0,0;0,0;0,0
NL:S:40528003;Wekeromse Buurtweg;Wekerom;0,3;0,3;0,0;0,0;0,0;0,0
NL:S:40528006;Garage Veldhuizen;De Valk;0,0;0,1;0,0;0,0;0,0;0,0
NL:S:40528007;Kruispunt;Wekerom;8,1;6,5;0,0;0,0;0,0;0,0
NL:S:40528009;A.G. Wijersweg;Wekerom;0,7;0,2;0,0;0,0;0,0;0,0
NL:S:40542001;Hallsebrug;Hall;0,0;0,1;0,1;0,0;0,0;0,0
NL:S:40543003;Coldenhovenseweg;Eerbeek;0,2;0,1;0,0;0,0;0,0;0,0
NL:S:40543005;Loubergweg;Eerbeek;0,2;0,2;0,0;0,0;0,0;0,0
NL:S:40543007;Centrum;Eerbeek;2,1;1,0;0,3;0,0;0,0;0,0
NL:S:40543009;Offenbachstraat;Eerbeek;4,7;5,2;0,6;0,4;0,0;0,0
NL:S:40543011;Ringlaan;Eerbeek;1,4;1,3;0,0;0,0;0,0;0,0
NL:S:40543013;Vondellaan;Eerbeek;0,5;0,4;0,0;0,0;0,0;0,0
NL:S:40543015;'t Hungeling;Eerbeek;0,0;0,1;0,0;0,0;0,0;0,0
NL:S:40543020;De Beekwal;Eerbeek;0,0;0,5;0,0;0,1;0,0;0,0
NL:S:40543027;Loenenseweg;Eerbeek;0,2;0,1;0,0;0,0;0,0;0,0
NL:S:40543028;Bijenkorf;Eerbeek;0,9;0,9;0,0;0,0;0,0;0,0
NL:S:40543030;Blekerserf;Eerbeek;0,0;0,2;0,0;0,0;0,0;0,0
NL:S:40543032;Ydinkerf;Eerbeek;0,1;0,0;0,0;0,0;0,0;0,0
NL:S:40543034;Odinkerf;Eerbeek;0,1;0,2;0,0;0,0;0,0;0,0
NL:S:40543051;Landal Coldenhove;Eerbeek;1,3;1,2;0,0;0,0;0,0;0,0
NL:S:40543061;Zwembad;Eerbeek;0,1;0,1;0,0;0,0;0,0;0,0
NL:S:40543077;Kloosterstraat;Eerbeek;0,1;0,1;0,0;0,0;0,0;0,0
NL:S:40543081;Boerhaavelaan;Eerbeek;0,1;0,1;0,0;0,0;0,0;0,0
NL:S:40548076;Dierenseweg;Eerbeek;0,2;0,2;0,0;0,0;0,0;0,0
NL:S:40550001;Van Haeftenkazerne;Apeldoorn;19,2;22,4;11,9;13,9;8,6;8,5
NL:S:40551001;Station;Apeldoorn;1678,1;1564,1;674,5;580,0;450,8;393,1
NL:S:40551003;Marktplein;Apeldoorn;253,2;256,3;166,5;166,8;49,7;51,9
NL:S:40551005;Oranjepark;Apeldoorn;27,1;30,2;9,2;12,4;5,4;6,5
NL:S:40551019;Hoofdstraat;Apeldoorn;74,6;67,7;37,5;36,8;16,4;15,3
NL:S:40551021;Amaliapark;Apeldoorn;4,6;5,8;9,5;8,5;3,0;2,7
NL:S:40551036;Koningin Julianatoren;Apeldoorn;5,6;6,8;6,3;6,8;2,9;3,8
NL:S:40551037;Paleis Het Loo;Apeldoorn;9,4;6,1;4,9;3,9;2,4;2,2
NL:S:40551039;Bosweg;Apeldoorn;3,5;3,3;1,5;1,6;1,3;0,6
NL:S:40551045;Grote Kerk;Apeldoorn;33,6;32,4;19,2;20,2;14,0;12,8
NL:S:40551047;Gedenknaald;Apeldoorn;32,1;31,2;19,1;21,8;16,5;15,4
NL:S:40551051;Oosterlaan;Apeldoorn;5,1;6,9;0,0;0,0;0,0;0,0
NL:S:40551053;Pinksterbloem;Apeldoorn;28,7;28,0;0,2;0,1;0,2;0,2
NL:S:40551057;Fauststraat;Apeldoorn;45,2;45,3;0,0;0,0;0,0;0,0
NL:S:40551060;Laan van de Dierenriem;Apeldoorn;27,0;33,5;0,0;0,0;0,0;0,0
NL:S:40551061;Laan van de Leeuw;Apeldoorn;22,7;26,7;0,0;0,0;0,0;0,0
NL:S:40551063;Brug Deventerstraat;Apeldoorn;5,0;6,5;2,7;2,7;1,9;1,7
NL:S:40551065;Julianakerk;Apeldoorn;5,4;7,1;1,6;2,1;0,9;1,0
NL:S:40551072;GGNet;Apeldoorn;11,7;14,3;0,0;0,0;0,0;0,0
NL:S:40551079;Gijsbrechtgaarde;Apeldoorn;6,8;10,7;6,6;7,8;4,0;5,3
NL:S:40551081;Welgelegenbrug;Apeldoorn;12,1;17,1;4,8;6,0;2,5;4,3
NL:S:40551087;Apenheul;Apeldoorn;16,0;14,1;17,7;15,3;15,6;14,8
NL:S:40551089;J. Fruytierschool;Apeldoorn;122,9;147,9;9,4;9,6;4,4;4,4
NL:S:40551091;Bargerweg West;Barger Oosterveld;8,4;10,4;4,2;4,7;2,4;3,0
NL:S:40551093;Glazeniershorst;Apeldoorn;25,9;31,4;24,1;21,8;13,6;14,7
NL:S:40551109;Balustrade;Apeldoorn;8,0;3,4;3,5;2,4;2,0;2,6
NL:S:40551111;Houttuinen-Noord;Apeldoorn;6,4;5,1;3,3;3,3;2,4;1,8
NL:S:40551113;Belastingkantoor;Apeldoorn;59,8;66,0;10,9;12,0;7,4;8,2
NL:S:40551124;Bibliotheek;Apeldoorn;12,7;17,6;6,3;9,8;4,4;5,6
NL:S:40551133;Blekersweg;Apeldoorn;3,1;2,5;1,5;0,9;1,2;0,7
NL:S:40551135;Dianalaan;Apeldoorn;1,1;1,3;0,9;1,3;0,2;0,4
NL:S:40551137;Eburonenstraat;Apeldoorn;0,5;10,1;0,3;10,7;0,2;5,7
NL:S:40551139;De Tol;Apeldoorn;18,4;17,2;10,8;10,9;8,3;6,9
NL:S:40551141;Georg Hegelstraat;Apeldoorn;57,1;53,2;36,8;36,3;23,1;22,7
NL:S:40551146;Burg. des Tombeplein;Apeldoorn;8,9;10,5;5,4;5,5;3,2;3,9
NL:S:40551154;Leienplein;Apeldoorn;10,3;13,5;9,9;14,2;2,7;3,7
NL:S:40551156;Oranjerie;Apeldoorn;3,6;5,9;3,8;7,8;1,2;3,1
NL:S:40551158;Splitting;Barger Oosterveld;7,8;7,6;4,4;3,9;2,8;2,3
NL:S:40551166;Schuttersweg;Apeldoorn;19,1;17,3;9,5;8,8;4,3;5,1
NL:S:40551177;Imkersdreef;Apeldoorn;11,8;12,8;6,4;6,8;2,7;3,7
NL:S:40551179;Hoenderparkweg;Apeldoorn;15,2;15,2;10,1;10,2;6,8;7,0
NL:S:40551185;Het Schip;Apeldoorn;3,5;2,3;2,6;1,9;0,9;0,9
NL:S:40551187;Het Firmament;Apeldoorn;5,2;2,2;1,9;0,8;1,0;0,5
NL:S:40551189;Linie;Apeldoorn;10,8;12,7;9,7;12,0;2,8;5,3
NL:S:40551191;Dennenkamp;Apeldoorn;11,8;7,6;3,9;2,6;2,2;2,0
NL:S:40551195;Zonnewende;Apeldoorn;3,4;2,6;1,7;1,6;0,7;1,2
NL:S:40551197;Top Naeffstraat;Apeldoorn;7,6;6,1;2,9;3,7;1,9;2,0
NL:S:40551200;Ritbroekstraat;Apeldoorn;1,4;1,8;0,6;0,4;0,2;0,5
NL:S:40551213;Mandala/Kazerne;Apeldoorn;35,0;42,6;16,9;22,5;11,8;15,1
NL:S:40551238;Wkc De Mheen;Apeldoorn;25,4;33,2;24,8;27,0;12,9;12,5
NL:S:40551240;Kruizemuntstraat;Apeldoorn;9,0;10,5;7,1;8,9;4,9;5,3
NL:S:40551246;Condorweg;Apeldoorn;1,6;3,1;0,8;1,0;0,2;0,4
NL:S:40551267;Salomonszegel;Apeldoorn;0,8;0,6;0,8;0,5;0,4;0,5
NL:S:40551270;Schaperstraat;Apeldoorn;7,8;7,9;3,3;3,7;2,2;2,5
NL:S:40551281;Vonderlaan;Apeldoorn;0,0;0,1;0,0;0,1;0,0;0,0
NL:S:40551284;Zevenhuizenseweg;Apeldoorn;0,1;0,1;0,0;0,1;0,0;0,0
NL:S:40551286;Zonnedauw;Apeldoorn;0,1;0,2;0,1;0,1;0,0;0,1
NL:S:40551288;Wilhelminapark;Apeldoorn;0,3;1,4;0,1;1,0;0,0;0,5
NL:S:40551290;Zwitsal;Apeldoorn;7,5;8,1;0,0;0,0;0,0;0,0
NL:S:40551293;Waltersingel;Apeldoorn;26,7;32,2;10,6;17,5;6,4;8,2
NL:S:40551298;Ruimzichtlaan;Apeldoorn;0,2;0,2;0,0;0,0;0,0;0,0
NL:S:40551317;Johan Steenbergenstraat;Apeldoorn;0,8;1,0;0,0;0,0;0,0;0,0
NL:S:40551320;Jachtlaan;Apeldoorn;4,3;2,6;1,7;0,6;0,9;0,4
NL:S:40551323;Hezeweg;Apeldoorn;0,2;0,2;0,0;0,0;0,0;0,0
NL:S:40551330;Erasmusstraat;Apeldoorn;116,7;112,7;0,0;0,0;0,0;0,0
NL:S:40551336;Einsteinlaan;Apeldoorn;2,1;3,0;0,0;0,0;0,0;0,0
NL:S:40551340;Curiestraat;Apeldoorn;9,5;8,1;0,0;0,0;0,0;0,0
NL:S:40551362;Auroralaan;Apeldoorn;2,3;2,6;1,1;2,1;0,4;1,3
NL:S:40551388;Ordenplein;Apeldoorn;4,3;22,5;3,3;12,5;1,6;6,1
NL:S:40551422;Tangostraat;Apeldoorn;15,9;18,4;15,2;16,7;7,7;8,3
NL:S:40551424;Citroenvlinder;Apeldoorn;34,0;29,3;14,8;13,2;7,0;6,9
NL:S:40551428;Zuidbroek;Apeldoorn;1,9;2,5;0,8;0,9;0,5;0,3
NL:S:40551445;Omnisport;Apeldoorn;0,3;0,4;0,0;0,0;0,0;0,0
NL:S:40551451;Prinses Beatrixlaan;Apeldoorn;5,7;5,2;1,5;1,3;0,8;1,0
NL:S:40551455;Lekstraat;Apeldoorn;19,8;15,0;0,0;0,0;0,0;0,0
NL:S:40551469;Bartelsweg;Apeldoorn;12,3;14,2;4,1;4,6;2,9;3,8
NL:S:40551473;Aidastraat;Apeldoorn;92,0;83,9;0,0;0,0;0,0;0,0
NL:S:40551476;De Veenkamp;Apeldoorn;16,6;4,5;11,6;0,9;5,4;0,1
NL:S:40551477;Bas Backerlaan;Apeldoorn;3,0;1,0;1,6;0,4;0,8;0,1
NL:S:40551513;Euroweg;Ridderkerk;16,7;16,1;8,6;10,2;4,8;5,1
NL:S:40551515;Saba;Apeldoorn;11,2;13,4;0,0;0,0;0,0;0,0
NL:S:40551994;Arendsburght;Apeldoorn;0,0;0,0;0,4;0,4;0,0;0,0
NL:S:40559001;Lange Amerikaweg;Apeldoorn;0,2;0,3;0,0;0,0;0,0;0,0
NL:S:40559003;Wkc Musketiersveld;Apeldoorn;0,1;0,2;0,0;0,0;0,0;0,0
NL:S:40563005;Topperweg;Stroe;0,0;0,0;0,0;0,0;0,0;0,0
NL:S:40563009;Ravenweg;Stroe;4,0;5,1;0,0;0,0;0,0;0,0
NL:S:40563011;Centrum;Stroe;4,3;3,0;0,0;0,0;0,0;0,0
NL:S:40563013;De Drie Musketiers;Stroe;1,1;0,9;0,0;0,0;0,0;0,0
NL:S:40563015;Majoor Mulder Kazerne;Stroe;0,8;0,9;0,0;0,0;0,0;0,0
NL:S:40569008;Militair tehuis;Wittenberg;0,3;1,3;0,0;0,0;0,0;0,0
NL:S:40612043;Tolhuislaan;Ede;0,6;0,0;0,0;0,0;0,0;0,0
NL:S:40612045;Ericalaan;Ede;0,1;0,1;0,0;0,0;0,0;0,0
NL:S:40612085;Raadhuis;Ede;17,5;12,8;0,0;0,0;0,0;0,0
NL:S:40612087;Doelenstraat;Ede;0,2;0,1;0,0;0,0;0,0;0,0
NL:S:40612089;Politiebureau;Ede;3,5;1,6;0,0;0,0;0,0;0,0
NL:S:40612118;De Bosrand;Ede;0,0;0,1;0,0;0,0;0,0;0,0
NL:S:40622119;Driesprong;Ede;2,6;2,4;0,0;0,0;0,0;0,0
NL:S:40622121;Hoge Valksedijk;Ede;0,1;0,1;0,0;0,0;0,0;0,0
NL:S:40622123;De Valouwe;Ede;0,0;0,0;0,0;0,0;0,0;0,0
NL:S:40631001;School met de Bijbel;De Valk;3,1;1,9;0,0;0,0;0,0;0,0
NL:S:40631003;Geref. Gemeente;De Valk;1,0;0,7;0,0;0,0;0,0;0,0
NL:S:40631009;Cooperatie;De Valk;0,0;0,0;0,0;0,0;0,0;0,0
NL:S:40643008;Hoeve Oud Milligen;Nieuw Milligen;1,8;3,6;1,5;1,6;2,1;1,2
NL:S:40649001;Busstation;Wittenberg;82,9;86,5;17,0;17,1;9,9;17,7
NL:S:40649011;Tolnegenweg;Wittenberg;1,3;1,8;0,7;0,8;1,4;0,6
NL:S:40650001;Wieselseweg;Wenum;8,7;8,0;3,1;4,6;2,6;1,9
NL:S:40650003;Papegaaiweg;Wenum;10,1;10,4;4,3;6,5;2,6;3,5
NL:S:40650006;De Haere;Wenum;2,6;3,5;1,0;1,9;1,3;0,9
NL:S:40664001;Oosterbrinkweg;Kootwijkerbroek;0,1;0,1;0,0;0,0;0,0;0,0
NL:S:40664003;Garderbroekerweg;Kootwijkerbroek;3,8;3,4;0,0;0,0;0,0;0,0
NL:S:40664007;Kosterijweg;Kootwijkerbroek;6,6;6,6;0,0;0,0;0,0;0,0
NL:S:40664009;Essenerweg;Kootwijkerbroek;8,0;7,3;0,0;0,0;0,0;0,0
NL:S:40664011;Nachtegaalweg;Kootwijkerbroek;2,0;3,0;0,0;0,0;0,0;0,0
NL:S:40664013;Wencopperweg;Kootwijkerbroek;1,5;1,5;0,0;0,0;0,0;0,0
NL:S:40664015;Gereformeerde Kerk;Kootwijkerbroek;0,6;1,0;0,0;0,0;0,0;0,0
NL:S:40665002;Esvelderweg;Barneveld;0,2;0,6;0,0;0,0;0,0;0,0
NL:S:40679006;Echoput;Hoog Soeren;4,0;4,5;5,6;6,2;3,9;3,6
NL:S:40680001;Huis Voorstonden;Voorstonden;0,0;0,0;0,0;0,0;0,0;0,0
NL:S:40680003;Halte de Molen;Voorstonden;0,1;0,1;0,0;0,0;0,0;0,0
NL:S:40682001;School met de Bijbel;Tonden;0,0;0,1;0,0;0,0;0,0;0,0
NL:S:40682003;ABK huis;Hall;0,1;0,2;0,1;0,1;0,0;0,0
NL:S:40682005;Hogestraat;Hall;0,1;0,1;0,1;0,0;0,0;0,0
NL:S:40682007;School;Hall;0,3;0,3;0,1;0,1;0,0;0,0
NL:S:40685001;Buurtweg;Oeken;0,0;0,0;0,0;0,0;0,0;0,0
NL:S:40726001;Hooiweg;Garderen;0,8;1,4;0,0;0,0;0,0;0,0
NL:S:40726003;Bakkerstraat;Garderen;9,3;12,5;0,3;0,2;0,0;0,0
NL:S:40726013;Kastelenhof;Garderen;0,1;0,2;0,2;0,1;0,0;0,0
NL:S:40726015;Houtdorp;Garderen;0,0;0,0;0,0;0,0;0,0;0,0
NL:S:40746011;Bosweg;Voorthuizen;2,4;3,2;2,2;2,2;2,1;1,0
NL:S:40746013;Hunnenweg;Voorthuizen;1,2;1,5;0,6;0,7;0,3;0,4
NL:S:40746015;De Zanderij;Voorthuizen;7,6;8,0;5,3;5,8;4,2;2,7
NL:S:40746017;De IJsvogel;Voorthuizen;5,8;5,3;4,6;4,8;2,6;1,8
NL:S:40750015;De Wormshoef;Lunteren;4,8;2,8;0,0;0,0;0,0;0,0
NL:S:40751003;Rehoboth;Meulunteren;0,4;0,3;0,0;0,0;0,0;0,0
NL:S:40751005;Bijweg;Meulunteren;0,0;0,0;0,0;0,0;0,0;0,0
NL:S:40751011;Hessenweg;Meulunteren;0,1;0,0;0,0;0,0;0,0;0,0
NL:S:40765005;Norschoterweg;Barneveld;0,2;0,3;0,0;0,0;0,0;0,0
NL:S:40765007;Praktijkschool Barneveld;Barneveld;9,1;12,7;0,0;0,0;0,0;0,0
NL:S:40765009;Julianaplein;Barneveld;1,5;0,7;0,0;0,0;0,0;0,0
NL:S:40765011;Van Dompselaerstraat;Barneveld;0,8;0,4;0,0;0,0;0,0;0,0
NL:S:40765013;Station Barneveld Centrum;Barneveld;109,8;92,8;27,8;21,4;12,9;14,0
NL:S:40765015;Vliegersvelderlaan;Barneveld;5,8;5,6;1,3;1,0;0,9;0,4
NL:S:40765017;Van Wijnbergenlaan;Barneveld;1,4;2,4;0,4;0,2;0,2;0,3
NL:S:40765023;Torenplein;Barneveld;0,1;0,3;0,1;0,1;0,0;0,0
NL:S:40765029;Narcissenstraat;Barneveld;0,5;0,5;0,0;0,1;0,0;0,0
NL:S:40765031;Begraafplaats De Plantage;Barneveld;0,3;0,3;0,1;0,0;0,0;0,0
NL:S:40765041;Nijkerkerweg;Barneveld;0,1;0,0;0,0;0,0;0,0;0,0
NL:S:40765045;Evenementenhal;Barneveld;0,0;0,0;0,0;0,0;0,0;0,0
NL:S:40765047;Troelstralaan;Barneveld;0,0;0,0;0,0;0,0;0,0;0,0
NL:S:40779002;Het Aardhuis;Hoog Soeren;0,9;3,6;0,8;0,7;0,5;0,3
NL:S:40779003;Oranjeoord;Hoog Soeren;1,2;1,3;0,6;0,6;0,4;0,4
NL:S:40783001;Kruispunt;Nieuw Millingen;10,4;12,3;8,6;11,5;6,9;7,5
NL:S:40783003;Kon. Luchtmacht;Nieuw Milligen;1,6;1,7;0,1;0,1;0,2;0,1
NL:S:40783005;Ouwendorperweg;Nieuw Milligen;1,1;1,3;0,2;0,2;0,1;0,1
NL:S:40783010;Bos en Heide;Nieuw Milligen;2,6;1,9;1,9;1,5;0,0;0,0
NL:S:40783011;Meerveld;Nieuw Milligen;4,5;6,4;3,4;5,6;0,0;0,0
NL:S:40885006;Openbare Basisschool;Oeken;0,1;0,1;0,0;0,0;0,0;0,0
NL:S:40887001;Garderenseweg;Uddel;0,7;0,8;0,1;0,1;0,0;0,0
NL:S:40887003;Cafe Uddelermeer;Uddel;4,8;5,4;1,5;1,7;0,0;0,0
NL:S:40887005;Bleeke Hoeve;Uddel;2,1;2,5;0,7;0,5;0,0;0,0
NL:S:40887007;Uttilochweg;Uddel;28,8;26,2;6,1;5,7;0,0;0,0
NL:S:40887009;Markveldweg;Uddel;16,4;13,1;2,7;1,8;0,0;0,0
NL:S:40887012;Noord Riezen;Uddel;0,5;0,7;0,9;1,1;0,0;0,0
NL:S:40982002;Hooiweg/Middenweg;Elspeet;0,4;0,5;0,0;0,0;0,0;0,0
NL:S:40982003;Veenweg;Elspeet;1,4;1,4;0,0;0,0;0,0;0,0
NL:S:40982005;Gerrit Mouwweg;Elspeet;4,2;3,7;0,0;0,0;0,0;0,0
NL:S:40982007;Centrum;Elspeet;41,4;38,5;7,5;7,1;0,0;0,0
NL:S:40982009;Kleine Kolonieweg;Elspeet;3,6;3,6;1,2;1,0;0,0;0,0
NL:S:40982011;Bosrand;Elspeet;1,4;1,6;0,4;0,3;0,0;0,0
NL:S:40982021;Landgoed Noorderheide;Elspeet;0,1;0,2;0,1;0,2;0,0;0,0
NL:S:40982025;Sluiterweg;Elspeet;3,2;3,6;1,1;1,1;0,0;0,0
NL:S:40982027;Vierhouterweg;Elspeet;5,7;4,5;2,9;2,5;0,0;0,0
NL:S:41448023;Hazenberg;Brummen;0,1;0,2;0,0;0,0;0,0;0,0
NL:S:41448027;Arnhemsestraat;Leuvenheim;0,4;0,3;0,1;0,1;0,0;0,0
NL:S:41448031;Hoofdstraat;Leuvenheim;0,0;0,0;0,0;0,0;0,0;0,0
NL:S:41448033;School;Leuvenheim;0,0;0,0;0,0;0,0;0,0;0,0
NL:S:41448035;Spankerenseweg;Leuvenheim;0,1;0,0;0,0;0,0;0,0;0,0
NL:S:41448037;Het Bret;Brummen;0,0;0,1;0,0;0,0;0,0;0,0
NL:S:41448039;De Pothof;Brummen;0,0;0,0;0,0;0,0;0,0;0,0
NL:S:41448043;Tolzicht;Brummen;0,1;0,1;0,0;0,0;0,0;0,0
NL:S:41448045;Centrum;Brummen;0,7;0,9;0,2;0,4;0,0;0,0
NL:S:41448047;Cortenoeverseweg;Brummen;0,4;0,1;0,3;0,1;0,0;0,0
NL:S:41448049;Kampweg;Brummen;2,8;1,3;0,8;1,2;0,0;0,0
NL:S:41448051;Meengatstraat;Brummen;0,4;0,2;0,1;0,2;0,0;0,0
NL:S:41448053;Berkelder;Brummen;0,2;0,1;0,1;0,2;0,0;0,0
NL:S:41448055;Elzenbosweg;Brummen;0,8;0,5;0,3;0,4;0,0;0,0
NL:S:41448057;Michaelshoeve;Brummen;0,4;0,3;0,2;0,1;0,0;0,0
NL:S:41448061;Station;Brummen;3,5;3,4;0,1;0,1;0,0;0,0
NL:S:41448066;De Hulsthoeve;Brummen;0,0;0,1;0,0;0,0;0,0;0,0
NL:S:41448072;Plein Vijf;Brummen;0,3;0,4;0,0;0,0;0,0;0,0
NL:S:41448074;Tuinstraat;Brummen;0,0;0,1;0,0;0,0;0,0;0,0
NL:S:41448077;Gemeentehuis;Brummen;0,2;0,2;0,0;0,0;0,0;0,0
NL:S:41448079;Reuvershoeve;Brummen;0,0;0,2;0,0;0,0;0,0;0,0
NL:S:41601073;Drostendijk;Apeldoorn;1,2;1,1;0,0;0,0;0,0;0,0
NL:S:41607001;Woudweg;Teuge;1,6;1,7;0,0;0,0;0,0;0,0
NL:S:41607003;De Wacht;Teuge;2,8;3,5;0,0;0,0;0,0;0,0
NL:S:41607011;'t Wezeveld;Twello;0,4;0,5;0,0;0,0;0,0;0,0
NL:S:41607013;Rijksstraatweg;Teuge;2,6;3,3;0,0;0,0;0,0;0,0
NL:S:41635003;Broekstraat;Klarenbeek;0,1;0,2;0,0;0,1;0,0;0,0
NL:S:41635011;Elsbosweg;Klarenbeek;0,1;0,2;0,2;0,1;0,0;0,0
NL:S:41640170;Busstation;Zutphen;6,7;7,7;3,8;2,9;0,0;0,0
NL:S:41648003;IJsselbrug;Zutphen (Hoven);0,2;0,3;0,0;0,2;0,0;0,0
NL:S:41648005;Achterhoven;Zutphen (Hoven);0,0;0,2;0,0;0,0;0,0;0,0
NL:S:41665001;Station;Klarenbeek;0,5;0,4;0,4;0,6;0,0;0,0
NL:S:41668005;Thermen Bussloo;Bussloo;1,3;2,4;0,8;1,2;0,0;0,0
NL:S:41670002;Ecofactorij;Apeldoorn;1,3;0,5;0,0;0,0;0,0;0,0
NL:S:41676030;IJsseldijk;Apeldoorn;0,8;0,7;0,0;0,0;0,0;0,0
NL:S:41676058;Wilp Achterhoek;Wilp-Achterhoek;0,2;0,4;0,0;0,0;0,0;0,0
NL:S:41706001;Station;Twello;18,3;17,0;1,7;1,1;0,0;0,0
NL:S:41706003;Gemeentehuis;Twello;4,9;5,4;0,0;0,1;0,0;0,0
NL:S:41706005;M. de Ruyterstraat;Twello;1,4;0,6;0,0;0,0;0,0;0,0
NL:S:41706007;Piet Heinstraat;Twello;2,4;1,9;0,0;0,0;0,0;0,0
NL:S:41706009;Troelstralaan;Twello;0,0;0,0;0,0;0,1;0,0;0,0
NL:S:41706011;Beethovenlaan;Twello;0,6;0,7;0,0;0,1;0,0;0,0
NL:S:41706014;Bachstraat;Twello;1,7;1,2;0,0;0,0;0,0;0,0
NL:S:41706018;Molenstraat;Twello;2,0;1,7;0,0;0,0;0,0;0,0
NL:S:41706020;Oude Rijksstraatweg;Twello;1,8;0,6;0,0;0,0;0,0;0,0
NL:S:41706021;Lindelaan;Twello;0,1;0,1;0,0;0,0;0,0;0,0
NL:S:41706023;Overmars;Twello;0,0;0,0;0,0;0,0;0,0;0,0
NL:S:41706025;Terwoldseweg;Twello;0,1;0,1;0,0;0,0;0,0;0,0
NL:S:41706027;Stationsstraat;Twello;0,1;1,1;0,0;0,0;0,0;0,0
NL:S:41706035;Het Grotenhuis;Twello;0,0;0,0;0,0;0,0;0,0;0,0
NL:S:41706051;Engelenburgstraat;Twello;0,4;0,8;0,0;0,1;0,0;0,0
NL:S:41706053;Martinushof;Twello;0,1;0,2;0,0;0,1;0,0;0,0
NL:S:41710001;Begraafplaats;Wilp;0,0;0,0;0,0;0,0;0,0;0,0
NL:S:41710003;De Lathmer;Wilp;0,5;0,5;0,2;0,3;0,0;0,0
NL:S:41710005;Molenallee;Wilp;1,2;1,1;0,2;0,1;0,0;0,0
NL:S:41710009;Roggencampweg;Wilp;0,2;0,3;0,0;0,0;0,0;0,0
NL:S:41716001;Wilper Korenmolen;Posterenk;0,2;0,2;0,3;0,1;0,0;0,0
NL:S:41718001;Bussloselaan;Bussloo;0,1;0,2;0,0;0,0;0,0;0,0
NL:S:41718002;De Nieuwenhof;Gietelo;0,2;0,3;0,1;0,1;0,0;0,0
NL:S:41761001;Klarenbeekseweg;Voorst;0,1;0,1;0,0;0,0;0,0;0,0
NL:S:41761003;Huize Enkstein;Voorst;1,5;1,2;0,2;0,0;0,0;0,0
NL:S:41761005;Huize de Beele;Voorst;0,1;0,1;0,0;0,0;0,0;0,0
NL:S:41761007;Station Voorst-Empe;Voorst;3,5;3,1;0,4;0,4;0,0;0,0
NL:S:43470010;Rabobank;Lettele;1,2;0,7;0,6;1,4;0,0;0,0
NL:S:43470030;Heihoeve;Heeten;0,0;0,0;0,0;0,0;0,0;0,0
NL:S:43470050;'t Reterink;Heeten;0,0;0,0;0,0;0,0;0,0;0,0
NL:S:43470070;Zandbelterbrug;Schalkhaar;0,4;0,3;0,0;0,0;0,0;0,0
NL:S:43470090;Spikker;Schalkhaar;0,0;0,0;0,0;0,0;0,0;0,0
NL:S:43470110;Garderegimentsweg;Schalkhaar;3,0;3,4;1,7;2,5;1,1;1,7
NL:S:43470170;ten Havesweg;Okkenbroek;0,0;0,1;0,0;0,0;0,0;0,0
NL:S:43470190;De Grote Brander;Okkenbroek;0,3;0,2;0,0;0,0;0,0;0,0
NL:S:43479030;Doldermansweg;Lettele;0,0;0,0;0,0;0,1;0,0;0,0
NL:S:43480010;'t Dijkhuis;Bathmen;10,3;9,3;5,1;4,8;3,0;3,6
NL:S:43480050;Bannink;Deventer;1,9;2,0;0,4;0,4;0,1;0,2
NL:S:43480070;Peppelerdijk;Deventer;0,1;0,2;0,1;0,1;0,0;0,0
NL:S:43480100;Enklaan;Bathmen;12,7;12,6;6,4;6,2;4,0;4,7
NL:S:43480150;Gemeentewerken;Bathmen;0,0;0,0;0,0;0,0;0,0;0,0
NL:S:43480180;Oude Molen;Bathmen;0,0;0,0;0,0;0,0;0,0;0,0
NL:S:43480190;Polakstraat;Bathmen;9,1;9,0;3,3;3,3;3,1;2,0
NL:S:43480210;Vegerinkskamp;Bathmen;6,4;10,8;3,1;6,2;3,2;4,1
NL:S:43480230;Looweg Kuiperij;Bathmen;2,3;5,0;0,8;2,0;0,7;1,7
NL:S:43480250;Schipbeeksweg;Bathmen;24,6;17,3;9,0;5,5;6,0;3,9
NL:S:43570010;Zonnenbergerdijk;Heeten;0,5;0,4;0,0;0,0;0,0;0,0
NL:S:43570030;Bathmenseweg;Heeten;0,3;0,3;0,0;0,0;0,0;0,0
NL:S:43570050;Militair Complex;Heeten;0,0;0,1;0,0;0,0;0,0;0,0
NL:S:43580100;Wagenvoorde;Bathmen;0,0;0,0;0,0;0,0;0,0;0,0
NL:S:43630530;Driesprong;Bruinehaar;0,2;0,2;0,0;0,0;0,0;0,0
NL:S:43640010;Handelsstraat;Hardenberg;0,0;0,0;0,0;0,0;0,0;0,0
NL:S:43640030;Wavin;Hardenberg;0,0;0,0;0,0;0,0;0,0;0,0
NL:S:43640050;Ziekenhuis;Hardenberg;0,0;0,0;0,0;0,0;0,0;0,0
NL:S:43640070;Station;Hardenberg;102,0;97,4;24,5;22,6;15,3;14,6
NL:S:43640110;Hattemattestraat;Gramsbergen;0,5;0,3;0,0;0,0;0,0;0,0
NL:S:43640130;Welgelegen;Gramsbergen;0,0;0,1;0,0;0,0;0,0;0,0
NL:S:43640150;Ziekenhuis;Hardenberg;0,0;0,0;0,1;0,0;0,0;0,0
NL:S:43640190;Clara Feyoenaheem;Hardenberg;0,0;0,0;0,0;0,0;0,0;0,0
NL:S:43640210;Meteoorlaan;Hardenberg;0,0;0,0;0,0;0,0;0,0;0,0
NL:S:43640230;Rheezerweg;Hardenberg;0,0;0,0;0,0;0,0;0,0;0,0
NL:S:43640250;Haarmolen;Heemserveen;35,4;35,1;8,6;6,0;3,6;5,3
NL:S:43640310;Middenweg;Heemserveen;0,4;1,1;0,1;0,3;0,1;0,1
NL:S:43640330;Roelofsmulderweg;Heemserveen;0,0;0,0;0,0;0,0;0,0;0,0
NL:S:43640350;Elfde Wijk;Heemserveen;0,6;0,7;0,1;0,0;0,1;0,0
NL:S:43640370;De Nieuwe Haven;Hardenberg;0,0;0,2;0,0;0,1;0,0;0,0
NL:S:43640390;Waterinkschool;Hardenberg;1,9;0,8;0,5;0,1;0,2;0,0
NL:S:43640397;Centrum;Hardenberg;20,8;6,9;1,2;0,0;0,7;0,1
NL:S:43640450;Morgenroodweg;Ebbenbroek;0,0;0,0;0,0;0,0;0,0;0,0
NL:S:43640530;Gemeentehuis;Hardenberg;27,3;43,8;4,7;5,8;1,8;2,6
NL:S:43640600;PKN Kerk;Bruchterveld;0,3;0,2;0,0;0,0;0,0;0,0
NL:S:43640690;Parkweg 57;Hardenberg;0,0;0,0;0,0;0,0;0,0;0,0
NL:S:43640710;Molenplein;Hardenberg;9,9;8,8;2,9;1,8;1,3;1,2
NL:S:43641020;Weversdijk;Hardenberg;0,0;0,3;0,0;0,0;0,0;0,0
NL:S:43641040;Moderna;Hardenberg;0,0;0,1;0,0;0,0;0,0;0,0
NL:S:43641050;Broeklanden;Hardenberg;0,0;0,2;0,0;0,0;0,0;0,0
NL:S:43641070;Evenementenhal;Hardenberg;0,0;0,0;0,0;0,0;0,0;0,0
NL:S:43670030;Stellingmolen;Heeten;1,3;1,0;0,0;0,0;0,0;0,0
NL:S:43670100;'t Pleintie;Nieuw-Heeten;1,8;0,8;0,1;0,1;0,0;0,0
NL:S:43670120;Bijvanksweg;Nieuw-Heeten;0,3;0,2;0,0;0,1;0,0;0,0
NL:S:43679030;Centrum;Heeten;2,9;2,1;0,0;0,0;0,0;0,0
NL:S:43680030;De Smid;Dijkerhoek;0,0;0,0;0,0;0,0;0,0;0,0
NL:S:43680120;Aaltinksweg;Holten;0,0;0,0;0,0;0,0;0,0;0,0
NL:S:43770150;Koerselmansweg;Okkenbroek;0,0;0,0;0,0;0,0;0,0;0,0
NL:S:43770170;Okkenbroekerveldweg;Okkenbroek;0,0;0,3;0,0;0,1;0,0;0,0
NL:S:43770210;Oostermaatsdijk;Okkenbroek;0,0;0,0;0,0;0,1;0,0;0,0
NL:S:43770230;Vlessendijk;Nieuw-Heeten;0,1;0,1;0,0;0,0;0,0;0,0
NL:S:43779010;Kerk;Okkenbroek;0,9;0,2;0,2;0,3;0,0;0,0
NL:S:43780090;Scholengemeenschap;Holten;0,8;0,5;0,0;0,0;0,0;0,0
NL:S:43890190;Dorpsstraat;Kloosterhaar;0,2;0,1;0,0;0,0;0,0;0,0
NL:S:43890220;Verlengde Broekdijk;Kloosterhaar;0,0;0,0;0,0;0,0;0,0;0,0
NL:S:43929030;Oude Deventerweg;Holten;0,1;0,0;0,0;0,0;0,0;0,0
NL:S:43990001;Stationsweg;Mariënberg;0,0;0,0;0,0;0,0;0,0;0,0
NL:S:43990070;Kanaalbrug;Bergentheim;0,0;0,0;0,0;0,1;0,0;0,0
NL:S:43990101;Station;Marienberg;0,5;0,2;0,1;0,1;0,0;0,0
NL:S:43990110;Cafe;Beerzerveld;0,1;0,1;0,0;0,0;0,0;0,0
NL:S:43990130;Schuurmanstraat;Beerzerveld;0,1;0,0;0,0;0,0;0,0;0,0
NL:S:43990155;Van Alewijkstraat;Beerzerveld;0,0;0,0;0,0;0,0;0,0;0,0
NL:S:43990210;Camping Kleine Belties;Rheeze;0,0;0,1;0,0;0,0;0,0;0,0
NL:S:43990230;De Gloepe;Diffelen;0,0;0,0;0,0;0,0;0,0;0,0
NL:S:43990250;Rheezerkamp/Overweg;Rheeze;0,0;0,1;0,0;0,0;0,0;0,0
NL:S:43990270;Ringweg;Rheeze;0,1;0,1;0,0;0,1;0,0;0,0
NL:S:43990430;Oud Bergentheim;Bergentheim;0,0;0,1;0,0;0,0;0,0;0,0
NL:S:43990530;Waaijerinkweg;Beerzerhaar;0,0;0,1;0,0;0,0;0,0;0,0
NL:S:43990535;Campings;Beerze;0,0;0,2;0,0;0,0;0,0;0,0
NL:S:43990540;Twentseweg;Beerze;0,0;0,0;0,0;0,0;0,0;0,0
NL:S:43990550;Beerzerpoort;Beerze;0,0;0,0;0,0;0,0;0,0;0,0
NL:S:43992001;Camping De Oldemeijer;Rheeze;0,0;0,0;0,0;0,0;0,0;0,0
NL:S:43992003;Camp. De Vechtstr./'t Veld;Rheeze;0,0;0,1;0,0;0,0;0,0;0,0
NL:S:43992005;Camping De Zandstuve;Rheeze;0,1;0,0;0,0;0,0;0,0;0,0
NL:S:43992007;Familiecamping De Belten;Rheeze;0,0;0,0;0,0;0,0;0,0;0,0
NL:S:45871001;Theehuis De Lemelerberg;Lemele;0,1;0,1;0,0;0,0;0,0;0,0
NL:S:45871003;Kerk;Lemele;1,6;1,2;0,0;0,0;0,0;0,0
NL:S:45871005;Imminkhoeve;Lemele;0,2;0,2;0,0;0,0;0,0;0,0
NL:S:45871007;Camping De Lemeler Esch;Lemele;0,2;0,4;0,0;0,0;0,0;0,0
NL:S:45910030;Crullsweg;Kloosterhaar;0,0;0,0;0,0;0,0;0,0;0,0
NL:S:45920010;Stationsweg;Bergentheim;0,0;0,0;0,0;0,0;0,0;0,0
NL:S:45930010;Kuilenweg;Hardenberg;0,0;0,0;0,0;0,0;0,0;0,0
NL:S:45930030;Kerkweg;Bruchterveld;0,1;0,0;0,0;0,0;0,0;0,0
NL:S:45940500;Beerzerhooiweg;Beerze;0,1;0,0;0,0;0,0;0,0;0,0
NL:S:45990010;Heuvelweg;Luttenberg;0,9;0,9;0,0;0,0;0,0;0,0
NL:S:45990030;Ter Borgweg;Luttenberg;1,0;0,7;0,0;0,0;0,0;0,0
NL:S:46000030;Brekken;Zwolle;1,3;1,1;0,9;0,5;0,2;0,3
NL:S:46000110;Van der Schuerenmarke;Zwolle;8,4;9,0;6,6;8,0;2,8;3,5
NL:S:46000130;Van Nispensingel;Zwolle;14,6;14,4;10,7;11,4;5,4;7,8
NL:S:46000150;Van Hasseltmarke;Zwolle;8,1;7,9;4,1;4,9;2,0;2,5
NL:S:46000170;Molenweg;Zwolle;32,8;50,1;0,0;0,0;0,0;0,0
NL:S:46000190;Zwartewaterallee;Zwolle;0,3;3,8;0,0;0,0;0,0;0,0
NL:S:46000430;Hollewandsweg;Zwolle;0,3;0,4;0,0;0,2;0,3;0,1
NL:S:46000570;Dokter Hengeveldweg;Zwolle;106,3;103,4;15,3;13,9;8,8;8,5
NL:S:46000800;Groot Wezenland;Zwolle;11,6;17,8;4,8;6,0;2,5;2,9
NL:S:46000810;Nw. Deventerw./Ittersumall.;Zwolle;21,0;20,7;10,1;10,9;7,4;7,3
NL:S:46000830;Troelstralaan;Zwolle;42,3;34,4;24,2;19,1;12,7;13,3
NL:S:46001000;Park de Wezenlanden;Zwolle;49,0;60,5;13,9;13,7;5,9;8,0
NL:S:46001070;Volterbeek;Zwolle;14,4;12,4;10,0;9,0;7,0;6,7
NL:S:46001100;Assendorperdijk;Zwolle;141,7;138,5;14,7;15,0;9,0;11,8
NL:S:46001110;Maaslaan;Zwolle;7,0;8,9;4,5;6,5;3,6;4,9
NL:S:46001120;Roelingsbeek;Zwolle;14,3;12,4;11,0;9,7;5,5;5,4
NL:S:46001170;Rijnlaan/Amstel;Zwolle;42,0;38,7;17,5;14,4;8,8;11,5
NL:S:46001200;Ittersumallee;Zwolle;4,8;10,0;0,0;0,0;0,0;0,0
NL:S:46001210;Volkerak;Zwolle;3,7;3,3;3,1;2,9;1,6;1,7
NL:S:46001230;Elsbeek;Zwolle;6,8;6,3;4,8;5,0;3,5;3,1
NL:S:46001290;Wkc De Dobbe;Zwolle;49,7;49,7;28,3;28,9;15,7;17,4
NL:S:46001300;Caspar Fagelstraat;Zwolle;22,6;19,1;0,0;0,0;0,0;0,0
NL:S:46001320;Paulus Buysstraat;Zwolle;10,5;8,4;0,0;0,0;0,0;0,0
NL:S:46001340;Celebesstraat;Zwolle;15,0;12,6;0,0;0,0;0,0;0,0
NL:S:46001380;Wkc Diezerpoort;Zwolle;94,1;91,3;59,9;45,5;25,5;26,9
NL:S:46001560;Isala ziekenhuis;Zwolle;333,8;297,6;36,5;35,9;20,3;17,8
NL:S:46001610;Dijkstraat;Zwolle;28,2;28,5;16,9;16,5;4,9;5,2
NL:S:46001630;Rodetorenplein;Zwolle;62,6;68,5;33,7;39,6;12,2;10,4
NL:S:46001650;IJsselcentraleweg;Zwolle;16,9;17,6;3,4;3,7;2,3;1,1
NL:S:46001710;van Karnebeektunnel;Zwolle;1,2;3,1;0,0;0,0;0,0;0,0
NL:S:46001750;Provinciehuis;Zwolle;4,4;4,0;0,0;0,0;0,0;0,0
NL:S:46001970;Sassenpoort;Zwolle;15,4;19,4;11,8;12,8;5,5;5,7
NL:S:46001990;Kerkbrugje;Zwolle;48,6;43,9;31,0;31,8;10,9;11,4
NL:S:46002560;Kuyerhuislaan;Zwolle;1,4;2,0;0,0;0,0;0,0;0,0
NL:S:46002620;Wkc Zuid;Zwolle;0,4;0,3;0,0;0,0;0,0;0,0
NL:S:46002700;Gedeputeerdenlaan;Zwolle;4,5;6,3;2,2;2,9;0,6;2,2
NL:S:46002960;Blaloweg/Hasselterweg;Zwolle;4,0;5,1;1,2;2,5;1,1;1,2
NL:S:46003240;Herenweg;Zwolle;17,7;18,4;8,0;9,8;5,4;7,0
NL:S:46003800;Oldeneelallee;Zwolle;7,0;6,7;0,0;0,0;0,0;0,0
NL:S:46003900;Nieuwe Deventerweg/KWS;Zwolle;22,0;34,3;8,3;13,8;6,1;0,8
NL:S:46004007;Station;Zwolle;4269,5;3991,4;948,9;839,8;665,4;543,5
NL:S:46004410;Schuurmanstraat;Zwolle;54,8;53,8;24,1;23,7;10,8;12,6
NL:S:46004500;Trompstraat;Zwolle;22,2;20,7;0,0;0,0;0,0;0,0
NL:S:46004530;Stadion;Zwolle;207,7;235,8;0,0;0,0;0,0;0,0
NL:S:46004670;Deltion Campus;Zwolle;1385,9;1382,1;24,3;26,8;16,6;22,5
NL:S:46004720;Hanzelanden Oost;Zwolle;0,9;4,9;0,5;1,7;0,2;0,8
NL:S:46004790;Nieuwe Deventerweg;Zwolle;16,6;17,4;10,7;9,2;4,5;6,2
NL:S:46005335;Klooienberglaan;Zwolle;21,0;21,8;13,4;11,1;8,6;10,5
NL:S:46005410;Frans Halsstraat;Zwolle;12,5;20,9;9,2;8,2;2,2;4,8
NL:S:46005810;Morra;Zwolle;3,4;3,2;2,1;1,5;1,7;2,0
NL:S:46005850;Bachlaan;Zwolle;33,6;38,8;15,5;22,1;7,1;10,0
NL:S:46005870;Oosterdiep;Zwolle;3,5;2,4;3,1;2,0;1,3;1,1
NL:S:46005890;Welle;Zwolle;2,6;2,1;1,1;0,8;0,6;0,6
NL:S:46005910;Hunzelaan;Zwolle;0,9;0,8;0,5;0,5;0,4;0,3
NL:S:46005990;Zijpe;Zwolle;19,0;18,4;10,5;10,5;6,3;7,6
NL:S:46006030;Dahliastraat;Zwolle;13,7;0,7;0,1;0,0;0,0;0,0
NL:S:46006110;Hortensiastraat;Zwolle;0,9;0,4;0,0;0,0;0,0;0,0
NL:S:46006530;Burgemeester Roelenweg;Zwolle;41,7;61,0;9,5;12,2;7,1;11,5
NL:S:46006600;Blaloweg/Rieteweg;Zwolle;3,0;4,1;0,6;1,3;0,4;1,2
NL:S:46006820;Wkc De Dobbe/Rijnlaan;Zwolle;7,5;11,5;3,6;6,9;2,8;5,0
NL:S:46006840;De Zoom;Zwolle;35,9;32,8;6,2;7,3;6,2;5,8
NL:S:46007000;Vrolijkheid;Zwolle;76,7;77,7;6,1;7,3;3,4;3,6
NL:S:46007020;Meppelerstraatweg;Zwolle;50,8;60,2;20,0;20,5;10,8;12,1
NL:S:46008050;Wkc Zuid/Democratenlaan;Zwolle;0,8;1,6;0,2;0,4;0,5;0,1
NL:S:46008110;Esdoornstraat;Zwolle;114,5;107,4;8,5;5,7;3,4;2,6
NL:S:46008180;Bachplein;Zwolle;156,5;136,4;75,4;67,3;46,2;52,4
NL:S:46008410;Hogenkampsweg;Zwolle;50,6;50,4;36,5;33,6;20,7;21,8
NL:S:46008440;Wkc Zuid/Patriottenlaan;Zwolle;30,9;29,3;18,2;15,9;2,6;10,4
NL:S:46040010;Kasteel Rechteren;Dalfsen;0,0;0,0;0,0;0,0;0,0;0,0
NL:S:46050010;Cafe Restaurant Madrid;Hessum;0,1;0,2;0,0;0,0;0,0;0,0
NL:S:46050030;Huize Vilsteren;Vilsteren;0,4;0,3;0,0;0,0;0,0;0,0
NL:S:46050050;Gasunie;Vilsteren;0,2;0,2;0,0;0,0;0,0;0,0
NL:S:46050070;Kaasboerderij Heileuver;Dalmsholte;0,0;0,0;0,0;0,0;0,0;0,0
NL:S:46050090;De Marshoeve;Dalmsholte;0,1;0,2;0,0;0,0;0,0;0,0
NL:S:46060040;Camping Nieuwe Brug;Nieuwe Brug;0,1;0,2;0,0;0,0;0,0;0,0
NL:S:46100000;Frankhuizerallee;Zwolle;18,6;22,4;11,8;13,6;5,5;7,2
NL:S:46100020;Twistvlietbrug;Zwolle;13,1;15,0;8,9;10,0;5,2;6,6
NL:S:46100040;Katerdijk;zwolle;75,8;144,4;0,8;0,7;0,7;1,7
NL:S:46100060;Belvederelaan;Zwolle;35,0;45,8;16,0;20,9;7,2;14,5
NL:S:46100080;Wkc Stadshagen;Zwolle;29,7;34,8;21,9;23,8;13,5;13,7
NL:S:46100135;Station Stadshagen;Zwolle;84,5;34,1;11,7;10,1;9,0;8,2
NL:S:46100150;Havezathentunnel;Zwolle;5,1;10,8;3,0;6,2;2,0;4,6
NL:S:46100170;Nijenhuislaan;Zwolle;12,8;12,9;6,7;6,3;3,6;4,0
NL:S:46100230;Bonkenhavestraat;Zwolle;7,0;6,6;4,2;3,9;2,7;2,5
NL:S:46104001;Het Engelse Werk;Zwolle;9,6;9,8;6,7;6,8;3,9;4,4
NL:S:46104003;Oranje Nassaulaan;Zwolle;26,3;45,5;4,5;5,4;2,2;2,8
NL:S:46104005;Koningin Wilhelminastraat;Zwolle;32,5;40,9;7,1;9,0;4,2;6,7
NL:S:46104021;Katwolderplein/centrum;Zwolle;612,4;505,0;237,6;232,8;121,5;132,2
NL:S:46104027;Voorsterpoort;Zwolle;16,0;23,7;0,0;0,0;0,0;0,0
NL:S:46104031;Griegstraat;Zwolle;22,1;28,2;14,8;16,1;7,1;7,1
NL:S:46104033;Waallaan;Zwolle;22,9;26,5;12,8;13,4;8,4;9,9
NL:S:46110100;Kroesenallee;Wijthmen;1,1;1,2;0,0;0,0;0,0;0,0
NL:S:46110400;De Marslanden;Wijthmen;8,4;10,7;0,0;0,0;0,0;0,0
NL:S:46110750;School De Ambelt;Herfte;1,4;2,2;0,0;0,0;0,0;0,0
NL:S:46120050;Bedrijvenpark Hessenpoort;Zwolle;23,2;21,7;0,4;0,7;0,0;0,0
NL:S:46120090;Bergkloosterweg;Zwolle;8,3;8,7;4,8;5,8;3,9;3,5
NL:S:46120100;Bentheimstraat;Zwolle;29,2;36,2;23,6;21,6;12,5;12,2
NL:S:46120120;Vechtbrug;Zwolle;2,6;2,6;1,2;3,9;1,3;1,1
NL:S:46120160;Campherbeeklaan;Zwolle;11,5;11,7;6,0;6,3;4,1;3,8
NL:S:46120270;Nieuwleusenerdijk;Zwolle;17,9;6,1;0,1;0,2;0,0;0,0
NL:S:46124590;Hazelaarlaan;Zwolle;4,1;3,5;0,0;0,0;0,0;0,0
NL:S:46124610;Wkc Berkum;Zwolle;4,7;5,3;0,0;0,0;0,0;0,0
NL:S:46124710;Erasmuslaan;Zwolle;5,8;5,1;0,0;0,0;0,0;0,0
NL:S:46160660;Station;Ommen;2,3;2,1;0,0;0,0;0,0;0,0
NL:S:46200010;Gorterstraat;Zwolle;6,8;12,9;3,5;6,9;2,1;4,6
NL:S:46200020;Martinetstraat;Zwolle;3,6;1,6;2,0;0,9;1,4;0,4
NL:S:46200030;Koelmansstraat;Lenthe;1,2;1,1;0,0;0,0;0,0;0,0
NL:S:46200050;Jonkman;Heino;2,9;3,3;0,0;0,0;0,0;0,0
NL:S:46200070;Hagenweg;Lenthe;0,4;0,4;0,0;0,0;0,0;0,0
NL:S:46200100;De Gunne;Lenthe;0,0;0,0;0,0;0,0;0,0;0,0
NL:S:46200120;De Jong;Lenthe;0,0;0,0;0,0;0,0;0,0;0,0
NL:S:46204001;Sportlaan;Zwolle;11,2;3,5;5,2;1,3;2,5;0,8
NL:S:46204010;Molenhoek;Hoonhorst;0,2;0,4;0,0;0,0;0,0;0,0
NL:S:46210020;Marsweg;Hoonhorst;0,4;0,4;0,0;0,0;0,0;0,0
NL:S:46210060;Klapvoortweg;Hoonhorst;0,0;0,1;0,0;0,0;0,0;0,0
NL:S:46210080;Oudeweg;Emmen;0,1;0,1;0,0;0,0;0,0;0,0
NL:S:46210110;Emmerweg;Emmen;0,2;0,2;0,0;0,0;0,0;0,0
NL:S:46210130;Overweg NS;Dalfsen;0,0;0,1;0,0;0,0;0,0;0,0
NL:S:46210140;Centrum;Hoonhorst;2,0;1,7;0,0;0,0;0,0;0,0
NL:S:46291001;Broekdijk;Brucht;0,0;0,0;0,0;0,0;0,0;0,0
NL:S:46300050;'t Reelaer;Heino;0,0;0,0;0,0;0,0;0,0;0,0
NL:S:46300110;School;Lierderholthuis;0,1;0,3;0,0;0,0;0,0;0,0
NL:S:46300130;Brug;Lierderholthuis;0,2;0,1;0,0;0,0;0,0;0,0
NL:S:46300150;Kappert;Lierderholthuis;0,1;0,1;0,0;0,0;0,0;0,0
NL:S:46300180;Kastanje;Heino;0,0;0,1;0,0;0,0;0,0;0,0
NL:S:46300200;Wolfkamp;Heino;0,6;0,4;0,0;0,0;0,0;0,0
NL:S:46300210;Station;Heino;3,2;1,9;0,0;0,0;0,0;0,0
NL:S:46300230;Kiezebos;Heino;0,2;0,1;0,0;0,0;0,0;0,0
NL:S:46300270;Brinkzicht;Heino;0,3;0,5;0,0;0,0;0,0;0,0
NL:S:46300300;Klaproos;Heino;0,9;0,8;0,0;0,0;0,0;0,0
NL:S:46300390;Marktplein;Heino;8,2;7,8;0,0;0,0;0,0;0,0
NL:S:46300500;Van der Capellenweg;Heino;1,6;1,7;0,0;0,0;0,0;0,0
NL:S:46301000;Pastorielaan;Heino;0,1;0,4;0,0;0,0;0,0;0,0
NL:S:46310150;Gemeentehuis;Dalfsen;1,4;1,4;0,1;0,1;0,0;0,0
NL:S:46310350;Pleijendal;Dalfsen;1,1;1,0;0,0;0,0;0,0;0,0
NL:S:46310450;De Trefkoele;Dalfsen;1,9;1,5;0,0;0,0;0,0;0,0
NL:S:46310620;De Trefkoele;Dalfsen;0,4;0,7;0,1;0,1;0,0;0,0
NL:S:46310750;Bontekamp;Dalfsen;0,6;0,5;0,0;0,0;0,0;0,0
NL:S:46311005;Station;Dalfsen;30,8;29,9;1,0;0,5;0,0;0,0
NL:S:46311010;Foreco;Dalfsen;0,1;0,2;0,0;0,0;0,0;0,0
NL:S:46311013;Kortersweg;Dalfsen;0,0;0,0;0,0;0,0;0,0;0,0
NL:S:46311050;Polhaarweg;Dalfsen;2,5;2,1;0,2;0,1;0,0;0,0
NL:S:46311130;Haersolteweg;Dalfsen;0,1;0,2;0,0;0,1;0,0;0,0
NL:S:46311155;Huize Gerner;Dalfsen;0,3;0,2;0,1;0,2;0,0;0,0
NL:S:46311170;Langkamp;Dalfsen;0,1;0,4;0,0;0,1;0,0;0,0
NL:S:46311190;WZC Rosengaerde;Dalfsen;0,9;1,2;0,1;0,2;0,0;0,0
NL:S:46311500;Kievitsbloem;Dalfsen;3,0;1,9;0,0;0,1;0,0;0,0
NL:S:46330010;Noorderpark;Nieuwleusen;0,3;0,4;0,0;0,0;0,0;0,0
NL:S:46350360;Centrum;Balkbrug;45,8;43,3;11,2;10,2;6,4;4,9
NL:S:46390010;De Schakel;Gramsbergen;0,0;0,1;0,0;0,0;0,0;0,0
NL:S:46390030;Loozermars/De Lhee;Gramsbergen;0,1;0,1;0,0;0,0;0,0;0,0
NL:S:46400054;Station;Raalte;83,8;78,6;23,5;16,2;15,4;11,4
NL:S:46400152;Kruisstraat;Raalte;11,4;11,2;4,9;5,4;2,2;2,0
NL:S:46400250;Westdorplaan;Raalte;18,3;20,0;6,0;7,2;5,4;4,9
NL:S:46400550;Postkantoor;Raalte;9,1;11,1;3,1;3,0;1,8;1,7
NL:S:46401150;Pauluskerk;Raalte;32,2;31,7;10,6;11,4;8,9;9,1
NL:S:46401250;De Haar;Raalte;3,3;2,4;0,1;0,1;0,0;0,0
NL:S:46401350;Langkampweg;Raalte;1,9;2,0;0,0;0,1;0,0;0,0
NL:S:46401400;De Hoven;Raalte;14,1;14,5;6,6;8,3;5,1;5,2
NL:S:46401470;Carpoolplaats;Raalte;4,6;4,8;0,0;0,0;0,0;0,0
NL:S:46401550;Peelsbos;Raalte;0,1;0,1;0,0;0,0;0,0;0,0
NL:S:46402010;Merel;Raalte;0,1;0,4;0,0;0,0;0,0;0,0
NL:S:46402050;Dumbarstraat;Raalte;4,5;4,7;0,1;0,1;0,0;0,0
NL:S:46410150;De Stokte;Oudleusen;0,0;0,1;0,0;0,1;0,0;0,0
NL:S:46419005;Dennenkamp;Dalfsen;0,4;0,5;0,0;0,2;0,0;0,0
NL:S:46430150;Doktersbrug;Lemelerveld;1,4;1,2;0,0;0,0;0,0;0,0
NL:S:46430250;Dwarsweg;Lemelerveld;0,8;0,7;0,0;0,0;0,0;0,0
NL:S:46430350;Klipperstraat;Lemelerveld;8,0;8,5;0,0;0,0;0,0;0,0
NL:S:46430450;Posthoornweg;Lemelerveld;0,6;0,7;0,0;0,0;0,0;0,0
NL:S:46430550;Parallelstraat;Lemelerveld;2,8;1,0;0,0;0,0;0,0;0,0
NL:S:46521030;Mindenstraat;Zwolle;12,4;11,9;0,1;0,4;0,0;0,0
NL:S:46530100;Cafe De Posthoorn;Raalte;0,3;0,1;0,0;0,0;0,0;0,0
NL:S:46540050;Pleegsterhalte;Pleegste;0,7;0,8;0,2;0,2;0,1;0,2
NL:S:46540100;De Heuvel;Pleegste;1,5;1,4;0,6;0,8;0,4;0,6
NL:S:46540150;Van Rossum;Pleegste;1,1;1,1;0,2;0,4;0,1;0,1
NL:S:46540200;Hoogspanningsgebouw;Pleegste;1,5;1,5;0,8;0,8;0,7;0,6
NL:S:46540500;Broeklanderweg;Wesepe;3,2;3,8;2,3;1,7;1,2;1,0
NL:S:46590250;Paderbornstraat;Zwolle;6,4;7,2;0,0;0,0;0,0;0,0
NL:S:46600100;Giethemer Kerkpad;Ommen;0,1;0,1;0,0;0,0;0,0;0,0
NL:S:46611200;Markt;Ommen;0,3;0,2;0,0;0,0;0,0;0,0
NL:S:46611250;Chevalleraustraat;Ommen;0,4;0,6;0,0;0,0;0,0;0,0
NL:S:46613020;Danteweg;Ommen;0,4;0,3;0,0;0,0;0,0;0,0
NL:S:46613050;Centrum;Ommen;0,1;0,6;0,0;0,0;0,0;0,0
NL:S:46640050;Boxbergerweg;Wesepe;3,4;3,8;1,5;1,8;0,7;0,9
NL:S:46640100;Velsdijk;Wesepe;10,6;10,4;3,7;3,6;2,3;2,4
NL:S:46640400;Abdij Sion;Schalkhaar;3,0;3,7;2,5;3,2;2,6;2,5
NL:S:46740010;De Wesenberg;Tongeren;0,1;0,3;0,0;0,0;0,0;0,0
NL:S:46740100;Begraafplaats;Schalkhaar;1,6;1,8;0,7;0,6;0,5;0,6
NL:S:46740150;Frieswijk;Schalkhaar;0,1;0,1;0,1;0,1;0,1;0,0
NL:S:46740160;Crematorium;Schalkhaar;2,6;2,6;0,7;0,5;0,4;0,5
NL:S:46740250;Frieswijkerweg;Schalkhaar;0,6;0,6;0,2;0,2;0,1;0,0
NL:S:46776310;Broekland;Broekland;2,0;1,2;0,0;0,2;0,0;0,0
NL:S:46780010;Zonnenbergerweg;Wesepe;0,0;0,1;0,0;0,0;0,0;0,0
NL:S:46780030;Kerk;Wesepe;0,0;0,1;0,0;0,0;0,0;0,0
NL:S:46840010;Hartkampweg;Raalte;0,1;0,2;0,0;0,0;0,0;0,0
NL:S:46840030;Gemeentehuis;Raalte;0,1;0,0;0,0;0,0;0,0;0,0
NL:S:46841001;Ceintuurbaan;Raalte;0,1;0,3;0,0;0,0;0,0;0,0
NL:S:46890030;Evenemententerrein;Lemelerveld;12,1;10,0;0,0;0,0;0,0;0,0
NL:S:46890040;Handelsweg;Lemelerveld;0,2;0,3;0,0;0,0;0,0;0,0
NL:S:46970010;Stevenskamp;Heeten;0,0;0,0;0,0;0,0;0,0;0,0
NL:S:47132620;Veronicaweg;Zwolle;7,7;13,2;3,3;5,6;1,6;2,5
NL:S:47132750;Petuniaplein;Zwolle;13,0;11,2;8,2;7,3;5,1;5,1
NL:S:47132800;Tesjeslaan;Zwolle;5,8;5,1;4,0;3,4;2,4;1,6
NL:S:47132850;Melissepad;Zwolle;2,5;2,0;2,4;2,0;1,0;1,8
NL:S:47132900;Loggerweg;Zwolle;3,2;3,1;1,6;1,5;0,2;0,5
NL:S:47132950;Vogelmelkweg;Zwolle;6,6;4,6;4,5;3,5;2,7;2,0
NL:S:47133000;Westenholterallee;Zwolle;22,1;10,0;5,4;2,5;0,3;0,1
NL:S:47140010;Staatssecretarislaan;Zwolle;12,0;11,6;5,1;4,9;1,9;4,3
NL:S:47140030;Kamerledenlaan;Zwolle;9,9;10,3;8,4;7,8;3,0;3,9
NL:S:47140050;Herxen;Wijhe;0,8;0,5;0,0;0,0;0,0;0,0
NL:S:47140060;Rommestraat;Zwolle;20,5;21,3;12,5;13,2;9,8;8,9
NL:S:47140100;Zuidberg;Wijhe;0,1;0,1;0,0;0,0;0,0;0,0
NL:S:47140110;Kerk;Laag Zuthem;0,4;0,3;0,0;0,0;0,0;0,0
NL:S:47140150;Herxerenk;Wijhe;0,1;0,1;0,0;0,0;0,0;0,0
NL:S:47140250;Brug;Windesheim;2,6;2,1;0,0;0,0;0,0;0,0
NL:S:47140350;Zuthemerweg;Windesheim;0,1;0,1;0,0;0,0;0,0;0,0
NL:S:47140450;Rommestraat;Zwolle;4,3;3,1;0,0;0,0;0,0;0,0
NL:S:47151001;Centrum;Hattemerbroek;12,7;13,8;4,7;5,5;3,6;3,4
NL:S:47155001;Pompstation;Hattem;7,6;7,7;5,4;6,1;4,5;4,1
NL:S:47155003;Zuid;Hattem;28,6;30,2;11,5;12,9;9,5;10,1
NL:S:47155005;Centrum;Hattem;35,0;37,2;26,4;27,4;16,1;16,5
NL:S:47155007;Noord;Hattem;45,0;45,7;20,3;21,5;14,1;15,5
NL:S:47155009;IJsselbrug;Hattem;9,7;9,9;4,4;5,0;1,5;1,8
NL:S:47155037;Carpoolplaats A50;Hattem;3,1;3,7;0,0;0,0;0,0;0,0
NL:S:47210003;Cafe Rest. Coelenhage;Wezep;27,8;28,6;10,2;12,5;5,0;5,3
NL:S:47210005;Veluwelaan;Wezep;43,7;42,4;14,2;13,7;9,3;10,0
NL:S:47210007;W. de Zwijgerkazerne;Hattemerbroek;24,8;26,7;11,1;10,1;5,6;6,4
NL:S:47210009;A28/IJsselvliedt;Wezep;1,4;1,2;0,0;0,0;0,0;0,0
NL:S:47210011;Begraafplaats;Wezep;0,1;0,2;0,0;0,0;0,0;0,0
NL:S:47210013;Meidoornplein;Wezep;0,7;0,6;0,0;0,0;0,0;0,0
NL:S:47210015;Station;Wezep;3,9;2,8;0,4;0,3;0,0;0,0
NL:S:47240050;Overweg NS;Wijhe;0,1;0,1;0,0;0,0;0,0;0,0
NL:S:47240100;Oprit Dijk;Wijhe;0,1;0,2;0,0;0,0;0,0;0,0
NL:S:47254001;Nachtegaalweg;Wapenveld;47,8;46,0;18,6;19,6;12,3;12,1
NL:S:47254003;Molenweg;Wapenveld;37,9;39,4;18,1;16,0;9,3;9,0
NL:S:47254005;Parkweg;Wapenveld;7,4;7,7;4,2;4,9;3,7;3,8
NL:S:47254007;Ir R.R. v/d Zeelaan;Wapenveld;2,3;3,2;1,1;2,0;0,9;1,0
NL:S:47310010;Begraafplaats;Oosterwolde;0,1;0,1;0,0;0,0;0,0;0,0
NL:S:47312001;Bongersweg;'t Loo;0,0;0,0;0,0;0,0;0,0;0,0
NL:S:47312003;Pommerenstraat;Zwolle;3,8;4,6;0,0;0,0;0,0;0,0
NL:S:47312005;Landal Landgoed 't Loo;'t Loo;0,0;0,0;0,0;0,0;0,0;0,0
NL:S:47312008;Harm Aartsweg;'t Loo;1,4;1,4;0,0;0,0;0,0;0,0
NL:S:47312009;Sportlaan;t Loo;0,1;0,1;0,0;0,0;0,0;0,0
NL:S:47312011;D'olde Dreiput;t Loo;0,2;0,2;0,0;0,0;0,0;0,0
NL:S:47319001;Rustenburgsweg;Oldebroek;18,9;17,9;4,6;4,6;2,5;3,0
NL:S:47319003;Centrum;Oldebroek;50,1;49,4;19,3;19,2;9,0;8,9
NL:S:47319005;Cafe 't Wissel;Oldebroek;19,2;20,0;2,9;4,1;1,4;1,8
NL:S:47319007;Verlengde Looweg;Oldebroek;8,3;8,7;2,4;2,8;1,4;1,0
NL:S:47319009;Hogenbrinkweg;Oldebroek;7,9;8,6;1,6;1,9;1,1;1,6
NL:S:47319011;De Molen;Oldebroek;6,7;6,0;1,5;1,4;0,5;0,7
NL:S:47319013;De Hullen;Oldebroek;0,2;0,2;0,0;0,0;0,0;0,0
NL:S:47319015;Gemeentehuis;Oldebroek;0,2;0,2;0,0;0,0;0,0;0,0
NL:S:47319017;Boerderijmuseum;Oldebroek;0,0;0,0;0,0;0,0;0,0;0,0
NL:S:47319173;Schiksweg;Oosterwolde;0,0;0,0;0,0;0,0;0,0;0,0
NL:S:47319990;Centrum;Oosterwolde;0,0;0,1;0,0;0,0;0,0;0,0
NL:S:47332310;Ravensburgstraat;Zwolle;1,0;2,0;0,0;0,0;0,0;0,0
NL:S:47340100;Bezoekerscentrum;Den Nul;0,6;0,6;0,0;0,0;0,0;0,0
NL:S:47340510;Langstraat;Wijhe;0,1;0,1;0,2;0,0;0,0;0,0
NL:S:47340650;Raalterweg;Wijhe;6,1;5,1;0,2;0,1;0,0;0,0
NL:S:47340710;De Enk;Wijhe;1,3;0,7;0,0;0,0;0,0;0,0
NL:S:47340730;Zandhuisweg;Wijhe;2,7;2,7;0,0;0,0;0,0;0,0
NL:S:47340750;Boerhaar;Wijhe;0,9;1,0;0,0;0,0;0,0;0,0
NL:S:47340770;Peperkamp;Wijhe;3,5;2,1;0,1;0,0;0,0;0,0
NL:S:47340901;de Lange Slagen;Wijhe;2,9;3,5;0,0;0,0;0,0;0,0
NL:S:47350001;Zwolseweg;Heerde;19,5;21,2;7,3;8,3;5,2;5,7
NL:S:47353011;Dreefseweg/Isala;Heerde;21,3;21,7;5,3;6,3;5,1;5,9
NL:S:47366999;Dorp;Vorchten;0,1;0,1;0,0;0,0;0,0;0,0
NL:S:47369001;Kerkstraat;Veessen;0,0;0,1;0,0;0,0;0,0;0,0
NL:S:47369003;IJsseldijk;Veessen;0,0;0,1;0,0;0,0;0,0;0,0
NL:S:47369005;De Zaaier;Veessen;0,2;0,1;0,1;0,0;0,0;0,0
NL:S:47369007;Zijmarsweg;Veessen;0,0;0,0;0,0;0,0;0,0;0,0
NL:S:47369011;Ned. Herv. Kerk;Veessen;0,3;0,0;0,1;0,0;0,0;0,0
NL:S:47369015;Kloosterakkers;Veessen;0,1;0,0;0,0;0,0;0,0;0,0
NL:S:47369020;Veerweg;Veessen;0,0;0,0;0,0;0,0;0,0;0,0
NL:S:47413001;Dorpshuis;Hoge Enk;0,3;0,3;0,0;0,0;0,0;0,0
NL:S:47417003;Begraafplaats;Doornspijk;3,9;3,7;0,8;0,7;0,3;0,4
NL:S:47418001;Molendorp;Elburg;16,4;15,6;5,8;5,5;2,3;3,1
NL:S:47418003;Het Nieuwe Feithenhof;Elburg;8,9;8,4;2,5;2,7;2,0;1,9
NL:S:47418005;Centrum;Elburg;40,1;40,6;22,2;21,8;11,2;9,3
NL:S:47418007;Hellenbeekstraat;Elburg;66,8;58,2;22,1;20,5;9,7;8,6
NL:S:47418009;Coragestraat;Elburg;43,0;44,6;10,5;9,7;6,2;7,3
NL:S:47418011;Klaverplein;Elburg;26,3;26,8;7,6;8,2;4,0;4,9
NL:S:47418013;Zilverschoon;Elburg;55,0;52,1;11,3;10,4;6,1;6,0
NL:S:47418021;Eperweg;Elburg;8,5;9,6;2,2;1,6;0,8;0,6
NL:S:47440050;Puinweg 1;Boskamp;0,0;0,1;0,0;0,0;0,0;0,0
NL:S:47440100;Hengforderweg;Boskamp;0,7;0,7;0,0;0,0;0,0;0,0
NL:S:47440150;Puinweg 2;Boskamp;0,1;0,1;0,0;0,0;0,0;0,0
NL:S:47440250;Hoenlo;Boskamp;0,2;0,2;0,0;0,0;0,0;0,0
NL:S:47440550;Jan Hooglandstraat;Olst;1,2;0,8;0,0;0,0;0,0;0,0
NL:S:47440800;Station;Olst;2,0;2,0;0,0;0,0;0,0;0,0
NL:S:47440910;Wethouder A.G. Dekkerlaan;Olst;3,0;2,4;0,0;0,0;0,0;0,0
NL:S:47440930;Veerweg;Olst;1,9;2,7;0,0;0,0;0,0;0,0
NL:S:47440950;Holstweg;Den Nul;1,5;1,4;0,0;0,0;0,0;0,0
NL:S:47441001;Scherpenzeelseweg;Den Nul;0,2;0,0;0,0;0,0;0,0;0,0
NL:S:47441020;Centrum;Olst;3,6;3,9;0,0;0,0;0,0;0,0
NL:S:47441200;Overkempe;Boskamp;1,8;2,1;0,0;0,0;0,0;0,0
NL:S:47453003;Wendhorst;Heerde;46,2;49,8;12,3;14,6;8,7;9,2
NL:S:47453005;Brinklaan;Heerde;91,0;83,6;33,2;31,1;18,2;15,3
NL:S:47453007;Centrum Groene Hart;Heerde;0,1;0,2;0,0;0,2;0,0;0,0
NL:S:47453013;Molenkampweg;Heerde;48,4;51,0;16,5;17,3;11,6;11,9
NL:S:47453017;Ingang Wendhorst;Heerde;0,0;0,0;0,0;0,0;0,0;0,0
NL:S:47453020;Keuterstraat;Heerde;0,1;0,2;0,1;0,1;0,0;0,0
NL:S:47453029;Heerderstrand;Heerde;0,1;0,2;0,0;0,0;0,0;0,0
NL:S:47453053;Transferium Horsthoek;Heerde;19,4;21,0;8,4;10,9;7,7;7,3
NL:S:47516015;Elburgerweg;Nunspeet;22,7;22,9;6,6;5,4;2,6;2,9
NL:S:47517001;Centrum;Doornspijk;22,4;22,2;7,1;7,2;3,2;4,4
NL:S:47540050;Wetermansweg;Diepenveen;6,4;5,6;0,0;0,0;0,0;0,0
NL:S:47540100;Havezatelaan;Deventer;2,2;2,2;0,0;0,0;0,0;0,0
NL:S:47540210;Centrum;Diepenveen;2,8;2,6;0,0;0,0;0,0;0,0
NL:S:47540250;Sallandsweg;Diepenveen;0,4;0,4;0,0;0,0;0,0;0,0
NL:S:47540350;Baerselmansweg;Diepenveen;0,3;0,3;0,0;0,0;0,0;0,0
NL:S:47540450;Molenveldsweg;Diepenveen;0,2;0,4;0,0;0,0;0,0;0,0
NL:S:47540550;Randerstraat;Boskamp;0,6;0,4;0,0;0,0;0,0;0,0
NL:S:47540650;Langedijk;Boskamp;0,6;0,8;0,0;0,0;0,0;0,0
NL:S:47552005;Centrum;Epe;117,7;114,1;45,3;42,4;29,6;23,4
NL:S:47552009;Diepenweg;Epe;0,5;0,8;0,0;0,0;0,0;0,0
NL:S:47552011;Hammerstraat;Epe;0,5;0,5;0,0;0,0;0,0;0,0
NL:S:47552013;Sportpark;Epe;1,8;1,0;0,0;0,0;0,0;0,0
NL:S:47552015;Apeldoorns Kanaal;Epe;0,4;0,4;0,0;0,0;0,0;0,0
NL:S:47552017;Politiebureau;Epe;15,2;18,6;8,9;10,1;5,5;7,9
NL:S:47552019;Sint Jorisweg;Epe;21,3;28,3;6,7;13,2;4,5;5,2
NL:S:47552021;Soestdijkseplein;'s-Gravenhage;13,1;15,0;3,7;4,5;3,6;3,3
NL:S:47552023;Klaarbeek;Epe;111,9;106,4;36,5;35,9;29,0;25,2
NL:S:47561001;Station;t Harde;7,2;7,8;0,0;0,0;0,0;0,0
NL:S:47561003;Centrum;t Harde;0,2;0,2;0,0;0,0;0,0;0,0
NL:S:47561005;Sportlaan;t Harde;0,3;0,4;0,0;0,0;0,0;0,0
NL:S:47561007;Munnikenweg;t Harde;1,0;0,5;0,0;0,0;0,0;0,0
NL:S:47561009;De Hokseberg;t Harde;0,1;0,5;0,0;0,0;0,0;0,0
NL:S:47616001;Vreeweg;Nunspeet;3,7;2,8;0,5;0,5;0,0;0,0
NL:S:47616005;Berenbosweg;Nunspeet;1,3;1,7;0,5;0,6;0,0;0,0
NL:S:47616007;Station;Nunspeet;170,2;167,2;64,3;62,2;19,6;16,4
NL:S:47616009;Centrum;Nunspeet;23,7;27,5;14,4;17,2;2,6;3,7
NL:S:47616013;Oenenburgweg;Nunspeet;20,3;20,8;7,7;7,3;4,2;3,7
NL:S:47616019;Elspeterweg;Nunspeet;0,9;1,2;0,2;0,3;0,0;0,0
NL:S:47616022;Camping de Tol;Nunspeet;0,2;0,3;0,2;0,2;0,0;0,0
NL:S:47616025;Gemeentehuis;Nunspeet;0,3;0,4;0,2;0,2;0,0;0,0
NL:S:47616027;Verzorgingstehuis Bunterhoek;Nunspeet;0,9;1,2;0,4;0,4;0,0;0,0
NL:S:47616029;De Bunte;Nunspeet;1,4;1,4;0,7;0,4;0,0;0,0
NL:S:47616031;'t Hul;Nunspeet;0,9;0,7;0,2;0,2;0,0;0,0
NL:S:47616041;Waterweg;Nunspeet;4,0;4,0;1,1;1,0;0,0;0,0
NL:S:47616043;Oosterlaan;Nunspeet;12,2;13,5;2,8;3,3;1,8;2,1
NL:S:47616045;De Sparrenhorst;Nunspeet;2,9;3,5;2,1;1,9;1,3;1,4
NL:S:47616047;Gruppendelerweg;Nunspeet;1,1;0,9;0,1;0,0;0,0;0,0
NL:S:47625001;Boshoekerweg;Oene;0,4;0,3;0,0;0,0;0,0;0,0
NL:S:47625003;Dorpsstraat;Oene;5,3;4,4;0,0;0,0;0,0;0,0
NL:S:47625005;Kuiperkampseweg;Oene;0,1;0,2;0,0;0,0;0,0;0,0
NL:S:47640030;Saxion Hogeschool;Deventer;30,4;49,9;9,3;14,3;5,1;8,6
NL:S:47640050;Munsterstraat;Deventer;4,1;4,2;0,0;0,0;0,0;0,0
NL:S:47640070;Keulenstraat 1;Deventer;3,6;5,0;0,0;0,0;0,0;0,0
NL:S:47640090;Keulenstraat 2;Deventer;6,9;9,5;0,0;0,0;0,0;0,0
NL:S:47640110;Rigastraat;Deventer;1,1;1,0;0,0;0,0;0,0;0,0
NL:S:47640150;Herfordstraat;Deventer;1,2;1,3;0,0;0,0;0,0;0,0
NL:S:47640190;Dortmundstraat;Deventer;1,8;3,2;0,0;0,0;0,0;0,0
NL:S:47640230;Willem Witsenstraat;Deventer;35,1;33,9;15,4;18,0;9,2;13,3
NL:S:47640290;Cröddenbrug;Deventer;0,1;0,1;0,1;0,1;0,0;0,0
NL:S:47640370;De Bekkumer;Deventer;13,1;15,8;4,7;5,7;3,5;5,0
NL:S:47640410;Snippeling;Deventer;45,2;38,3;21,5;16,2;12,5;10,7
NL:S:47640540;Verpleeghuis P.W. Janssen;Deventer;7,9;11,1;3,8;7,4;2,5;4,7
NL:S:47640550;Rostockstraat;Deventer;0,2;1,0;0,0;0,0;0,0;0,0
NL:S:47640570;Koningsbergenstraat;Deventer;1,7;2,7;0,0;0,0;0,0;0,0
NL:S:47640590;Arnsbergstraat;Deventer;5,6;6,5;0,0;0,0;0,0;0,0
NL:S:47640680;Runshoppingcentre;Deventer;5,3;4,9;0,0;0,0;0,0;0,0
NL:S:47640710;David Wijnveldtweg;Deventer;6,1;7,6;3,8;4,6;1,6;2,2
NL:S:47640730;Albertus van Leusenweg;Deventer;26,1;25,0;13,9;16,8;9,5;10,2
NL:S:47640750;Alphons Diepenbrocklaan;Deventer;76,0;79,8;34,1;40,5;22,8;25,1
NL:S:47640830;De Knoop;Deventer;36,3;31,5;23,1;17,9;12,6;10,6
NL:S:47640900;St. Jozef verpleeghuis;Deventer;14,7;15,4;4,1;4,7;2,4;2,8
NL:S:47640920;Wezenland;Deventer;16,5;15,6;5,8;5,4;4,4;4,4
NL:S:47641000;Station;Deventer;972,2;838,7;450,4;354,4;302,5;232,3
NL:S:47641130;Deltaplein;Deventer;8,1;8,4;0,0;0,0;0,0;0,0
NL:S:47641150;Douwelerwetering;Deventer;5,5;3,7;0,0;0,0;0,0;0,0
NL:S:47641170;Biesboschlaan;Deventer;5,5;3,9;0,0;0,0;0,0;0,0
NL:S:47641190;Amstellaan;Deventer;28,3;32,7;10,8;13,1;5,9;6,5
NL:S:47641240;Kleine Vos;Deventer;3,4;4,8;2,2;3,8;1,3;2,2
NL:S:47641280;Zwaluwenburg;Deventer;19,4;19,1;9,4;10,2;5,8;7,3
NL:S:47641300;Toutenburg;Deventer;6,8;7,4;4,6;4,4;2,8;5,1
NL:S:47641320;Slangenburg;Deventer;1,8;2,3;0,9;2,1;1,0;1,6
NL:S:47641530;Hondsroos;Deventer;10,0;10,7;6,8;6,5;3,4;3,8
NL:S:47641610;Bonenkamp;Deventer;2,0;1,8;1,4;1,5;0,6;0,5
NL:S:47641630;Hannie Schaftpad;Deventer;5,5;4,0;5,0;3,3;3,1;2,5
NL:S:47641670;J. Naberstraat;Deventer;18,0;17,4;8,8;9,2;5,4;5,8
NL:S:47641730;Solingenstraat;Deventer;3,8;5,5;1,3;1,2;0,4;0,5
NL:S:47641750;Schonenvaardersstraat;Deventer;1,6;2,7;0,0;0,0;0,0;0,0
NL:S:47641790;Maagdenburg;Deventer;5,2;5,0;0,5;0,8;0,3;0,4
NL:S:47641940;Teugseplein;Deventer;0,7;0,5;0,0;0,0;0,0;0,0
NL:S:47642030;Schurenstraat;Deventer;13,9;16,3;4,2;5,2;2,7;3,6
NL:S:47642050;Oude Begraafplaats;Deventer;1,3;2,7;0,8;1,5;1,1;1,1
NL:S:47642072;Winneweer;Winneweer;6,0;7,1;3,5;3,6;1,9;1,7
NL:S:47642090;Dapperstraat;Deventer;12,2;14,5;6,1;7,0;2,7;4,1
NL:S:47642110;Van Marckelplein;Deventer;9,5;8,8;5,1;4,8;2,9;4,2
NL:S:47642150;Wkc Keizerslanden;Deventer;44,0;45,6;27,3;31,9;16,2;18,0
NL:S:47642170;Balderikstraat;Deventer;23,2;18,8;13,2;11,2;7,5;6,9
NL:S:47642190;Ludgerstraat;Deventer;14,1;14,2;7,0;6,5;4,1;4,0
NL:S:47642210;Beeckestein;Deventer;3,3;5,0;1,2;2,4;1,0;1,9
NL:S:47642230;Wkc Borgele;Deventer;25,0;23,9;17,3;15,5;8,3;9,1
NL:S:47642250;Beugelskamp;Deventer;5,0;6,2;2,4;3,4;3,2;4,7
NL:S:47642270;Het Vlier;Deventer;11,1;10,0;8,3;7,8;6,7;5,9
NL:S:47642290;Thomas Wildey;Deventer;16,0;16,2;8,3;7,4;6,3;6,1
NL:S:47642320;Platvoet;Deventer;27,7;29,1;16,7;18,7;11,0;12,0
NL:S:47643050;Nijverheidstraat;Deventer;1,2;2,6;0,5;0,8;0,5;0,5
NL:S:47643070;Rijsterborgherweg;Deventer;7,7;8,8;3,8;5,8;2,3;3,2
NL:S:47643110;Radstakeweg;Deventer;6,1;6,3;3,2;3,2;1,9;3,1
NL:S:47643150;Erasmusstraat;Deventer;3,1;15,9;2,2;3,2;1,3;1,6
NL:S:47643170;Zamenhofplein;Deventer;29,5;19,4;14,0;12,8;8,3;8,3
NL:S:47643190;Vermeerstraat;Deventer;12,3;12,0;7,3;7,2;4,5;4,5
NL:S:47643210;Moreelsestraat;Deventer;9,5;8,3;7,1;6,6;4,5;4,1
NL:S:47643230;Rubensstraat;Deventer;5,7;6,3;3,4;3,6;1,5;1,9
NL:S:47643250;Sportveldenlaan;Deventer;2,1;2,2;2,6;2,8;1,8;2,5
NL:S:47643270;Verpleeghuis St. Jurrien;Deventer;7,7;6,6;5,3;5,2;2,2;3,2
NL:S:47643290;Joost van de Vondellaan;Deventer;4,0;4,9;2,8;3,2;1,6;1,9
NL:S:47643310;Lookersdijk;Deventer;2,1;2,2;1,8;1,8;1,0;2,4
NL:S:47643960;Beestenmarkt;Deventer;15,4;21,9;7,7;10,0;5,5;6,8
NL:S:47643990;Bleekstraat;Deventer;2,9;1,1;1,2;0,5;0,7;0,4
NL:S:47644000;Veenweg;Deventer;3,6;6,8;1,6;2,9;1,0;2,3
NL:S:47644060;Hunneperweg;Deventer;1,4;16,1;1,0;14,8;0,6;6,2
NL:S:47644080;Fesevurstraat;Deventer;6,2;7,8;3,7;4,6;2,5;2,7
NL:S:47644110;Cornelis Lelylaan;Deventer;26,4;25,0;11,1;10,8;5,9;7,4
NL:S:47644290;Europaplein;Deventer;1,2;1,7;0,0;0,0;0,0;0,0
NL:S:47644310;Papenblik;Deventer;0,8;1,3;0,0;0,0;0,0;0,0
NL:S:47644370;Visbystraat;Deventer;2,5;4,5;0,0;0,0;0,0;0,0
NL:S:47645001;Splithofstraat;Deventer;6,6;5,8;0,0;0,0;0,0;0,0
NL:S:47645083;Ziekenhuis;Deventer;55,1;55,8;8,7;9,0;6,7;6,3
NL:S:47645090;Prins Bernhardweg;Schalkhaar;4,9;4,2;1,7;2,1;1,4;1,2
NL:S:47645110;Oerdijk;Schalkhaar;2,0;2,9;2,0;2,6;1,6;1,9
NL:S:47645150;Westenberg;Schalkhaar;27,8;29,0;15,6;14,8;9,6;15,0
NL:S:47645170;Kerkweg;Schalkhaar;12,5;9,1;6,8;6,4;5,9;4,6
NL:S:47646030;Industrieweg;Deventer;0,8;0,9;0,0;0,0;0,0;0,0
NL:S:47648050;Schooldijk;Lettele;0,0;0,0;0,0;0,0;0,0;0,0
NL:S:47649001;Rodenrijs;Berkel en Rodenrijs;1,5;2,5;0,9;1,4;0,6;0,9
NL:S:47649010;Westfalenstraat;Deventer;13,6;15,0;0,0;0,0;0,0;0,0
NL:S:47649040;Wijtenhorst;Deventer;7,0;8,1;2,6;3,0;1,5;1,7
NL:S:47650001;Vaassen-Zuid;Vaassen;117,3;111,0;55,8;52,1;29,5;32,5
NL:S:47650003;Oosterhof;Vaassen;52,1;51,7;19,0;20,8;12,2;12,0
NL:S:47650006;Centrum;Vaassen;41,1;40,0;21,3;22,7;13,1;11,8
NL:S:47650007;Vaassen-Noord;Vaassen;17,2;15,8;7,8;8,3;5,3;4,3
NL:S:47651001;Handelsebrug;Emst;13,1;14,2;3,2;3,1;1,8;2,1
NL:S:47651003;Hezeplein;Emst;20,1;19,2;7,2;7,8;5,9;5,7
NL:S:47651005;Oranjeweg;Emst;11,1;10,1;3,3;4,0;2,6;2,2
NL:S:47713001;Landgoed Hulshorst;Hulshorst;1,5;1,5;2,5;2,1;0,0;0,0
NL:S:47713003;Oudeweg;Hulshorst;2,9;3,3;2,2;2,0;0,0;0,0
NL:S:47713005;Varelseweg;Hulshorst;2,4;2,3;1,6;0,9;0,0;0,0
NL:S:47713007;School Hulshorst;Hulshorst;1,3;1,7;0,9;0,7;0,0;0,0
NL:S:47713009;Onder de Bos;Hulshorst;1,6;1,6;0,2;0,3;0,0;0,0
NL:S:47724001;Dorpsplein;Nijbroek;1,4;1,1;0,0;0,0;0,0;0,0
NL:S:47730001;Emstermate;Terwolde;0,3;0,4;0,0;0,0;0,0;0,0
NL:S:47730003;Twelloseweg;Terwolde;0,7;0,7;0,0;0,0;0,0;0,0
NL:S:47730005;Molenweg;Terwolde;2,8;2,7;0,0;0,0;0,0;0,0
NL:S:47730007;Molen De Ooievaar;Terwolde;0,3;0,2;0,0;0,0;0,0;0,0
NL:S:47786023;Halfweg;Nunspeet;2,6;3,9;1,5;1,4;0,0;0,0
NL:S:47788004;De Mallejan;Vierhouten;1,9;2,7;1,3;1,3;0,0;0,0
NL:S:47831503;Boerhaar;Boerhaar;0,3;0,1;0,0;0,0;0,0;0,0
NL:S:47831611;Station;Wijhe;1,3;1,5;0,2;0,2;0,0;0,0
NL:S:47839001;Havenpoort;Wijhe;0,1;0,1;0,0;0,1;0,0;0,0
NL:S:47850010;Kerk;Boskamp;0,1;0,1;0,0;0,0;0,0;0,0
NL:S:47850030;Stenen Kruis;Eikelhof;0,0;0,0;0,0;0,0;0,0;0,0
NL:S:47888001;Centrum;Vierhouten;5,5;5,4;3,7;5,1;0,0;0,0
NL:S:47888005;Noordkampen;Vierhouten;1,4;2,1;1,0;1,3;0,0;0,0
NL:S:47888007;'t Frusselt;Vierhouten;0,9;1,2;0,5;1,1;0,0;0,0
NL:S:47888009;Elspeterbosweg;Vierhouten;0,5;0,5;0,4;0,4;0,0;0,0
NL:S:47890001;Osnabruckstraat;Deventer;0,2;0,2;0,0;0,0;0,0;0,0
NL:S:47892001;Schouwburg/Centrum;Deventer;44,7;64,5;38,7;60,5;18,7;26,7
NL:S:47899001;Keolis/Van Wijnen;Deventer;1,2;2,9;0,0;0,0;0,0;0,0
NL:S:47899901;Cröddendijk;Deventer;0,2;0,1;0,1;0,0;0,0;0,0
NL:S:47899903;De Scheg;Deventer;48,0;62,5;33,1;40,2;15,8;24,6
NL:S:47899909;Huize Salland;Deventer;8,7;10,1;4,3;6,3;3,2;4,7
NL:S:47899913;Brandweerdam;Deventer;8,5;9,4;3,1;4,5;2,0;2,6
NL:S:47909001;Oostriklaan;Deventer;7,4;7,6;2,8;3,8;1,8;2,1
NL:S:49610015;Fokko Kortlanglaan;Ermelo;6,1;6,3;1,6;1,2;1,0;1,1
NL:S:49610021;Bouw en Infrapark;Harderwijk;0,3;0,8;0,0;0,0;0,0;0,0
NL:S:49610030;Wattstraat;Harderwijk;0,8;1,2;0,0;0,0;0,0;0,0
NL:S:49613001;Station;Harderwijk;184,9;163,3;32,8;30,3;14,4;17,8
NL:S:49613003;Ziekenhuis Sint Jansdal;Harderwijk;8,3;10,2;0,0;0,0;0,0;0,0
NL:S:49613010;Selhorstweg;Harderwijk;5,5;6,1;1,6;1,5;0,0;0,0
NL:S:49613011;Alberdingk Thijmlaan;Harderwijk;1,5;1,6;0,0;0,0;0,0;0,0
NL:S:49613017;Mecklenburglaan;Harderwijk;15,2;19,0;1,0;1,3;0,7;1,4
NL:S:49613019;Voorste Wei;Harderwijk;1,0;0,7;0,0;0,0;0,0;0,0
NL:S:49613021;Stadswei;Harderwijk;0,5;1,0;0,0;0,0;0,0;0,0
NL:S:49613023;Couperuslaan;Harderwijk;1,6;1,9;0,0;0,0;0,0;0,0
NL:S:49613025;RK Kerk;Harderwijk;0,8;1,1;0,0;0,0;0,0;0,0
NL:S:49613027;Deventerweg;Harderwijk;5,5;7,9;0,0;0,0;0,0;0,0
NL:S:49613029;Hotel Van der Valk;Harderwijk;3,0;2,1;0,0;0,0;0,0;0,0
NL:S:49613033;Salentijnerhout;Harderwijk;2,7;3,2;0,0;0,0;0,0;0,0
NL:S:49613035;Triasplein;Harderwijk;13,3;11,0;0,0;0,0;0,0;0,0
NL:S:49613037;Ragtimedreef;Harderwijk;3,1;3,2;0,0;0,0;0,0;0,0
NL:S:49613039;IJsselmeerpad;Harderwijk;1,6;1,2;0,0;0,0;0,0;0,0
NL:S:49613041;De Roef;Harderwijk;1,4;2,3;0,0;0,0;0,0;0,0
NL:S:49613045;Anne Franklaan;Harderwijk;1,6;1,1;0,0;0,0;0,0;0,0
NL:S:49613049;De Wittenhagen;Harderwijk;0,7;0,7;0,0;0,0;0,0;0,0
NL:S:49613051;Doornekamp;Harderwijk;0,3;0,8;0,0;0,0;0,0;0,0
NL:S:49613053;Frankenskamp;Harderwijk;1,0;1,1;0,0;0,0;0,0;0,0
NL:S:49613055;Karel Doormanlaan;Harderwijk;0,7;0,4;0,0;0,0;0,0;0,0
NL:S:49613057;Kiekmure;Harderwijk;3,5;2,2;0,0;0,0;0,0;0,0
NL:S:49613059;Lammertkamp;Harderwijk;0,2;0,3;0,0;0,0;0,0;0,0
NL:S:49613067;Walstein;Harderwijk;1,2;1,1;0,0;0,0;0,0;0,0
NL:S:49613069;Welkoop;Harderwijk;1,9;2,0;0,0;0,0;0,0;0,0
NL:S:49613071;Zuiderzeestraatweg;Harderwijk;0,5;0,5;0,0;0,0;0,0;0,0
NL:S:49613075;Burg. de Meesterstraat;Harderwijk;4,8;3,5;1,8;1,7;0,0;0,0
NL:S:49613077;Dolfinarium;Harderwijk;8,0;6,5;6,8;6,8;0,0;0,0
NL:S:49613405;Plantage;Harderwijk;0,9;1,2;0,0;0,0;0,0;0,0
NL:S:49613407;Centrum;Harderwijk;8,3;10,7;0,0;0,0;0,0;0,0
NL:S:49613501;Westermeenweg;Harderwijk;8,3;12,0;2,3;4,1;1,5;2,7
NL:S:49619001;Buitenbrinkweg;Horst;0,0;0,0;0,0;0,0;0,0;0,0
NL:S:49712001;Grevenhofsweg;Hierden;1,5;1,2;0,8;0,6;0,0;0,0
NL:S:49712003;Molenweg;Hierden;7,2;6,7;3,5;3,8;0,0;0,0
NL:S:49712005;Wijtgraaf;Hierden;1,2;1,3;0,9;0,7;0,0;0,0
NL:S:49713084;Voltastraat;Harderwijk;1,9;2,4;0,5;0,7;0,0;0,0
NL:S:49713086;Celsiusstraat;Harderwijk;8,7;10,6;0,3;0,3;0,0;0,0
NL:S:49713088;Kelvinstraat;Harderwijk;2,8;4,1;0,2;0,2;0,0;0,0
NL:S:49720001;Sonneheerdt;Ermelo;21,3;21,6;1,1;1,2;0,5;0,3
NL:S:49720003;Hamburgerweg;Ermelo;24,1;22,6;5,4;5,9;3,7;2,8
NL:S:49720005;'t Weitje;Ermelo;16,3;16,0;6,2;6,2;4,1;2,5
NL:S:49720007;Eendenparkweg;Ermelo;6,9;7,8;2,2;1,9;0,6;0,5
NL:S:49720009;Nassaulaan;Ermelo;2,0;2,3;0,6;1,1;0,9;0,4
NL:S:49720011;Fazantlaan;Ermelo;2,2;2,9;0,7;1,0;0,7;0,4
NL:S:49720023;Varenhof;Ermelo;0,0;0,1;0,0;0,0;0,0;0,0
NL:S:49720027;Dirk Staalweg;Ermelo;2,6;4,1;0,0;0,0;0,0;0,0
NL:S:49720037;Station;Ermelo;5,0;2,8;1,3;0,7;0,0;0,0
NL:S:49720049;Lange Haeg;Ermelo;1,0;1,3;0,0;0,0;0,0;0,0
NL:S:49720051;Veldwijkerweg;Ermelo;4,0;5,0;0,0;0,0;0,0;0,0
NL:S:49720053;Dr. van Dalelaan;Ermelo;3,2;3,5;0,0;0,0;0,0;0,0
NL:S:49720055;Generaal Spoorkazerne;Ermelo;0,5;0,5;0,0;0,0;0,0;0,0
NL:S:49720057;Triade;Ermelo;0,3;0,1;0,2;0,2;0,0;0,0
NL:S:49720059;Gemeentehuis;Ermelo;0,1;0,2;0,2;0,1;0,0;0,0
NL:S:49720061;De Meerkanten;Ermelo;0,1;0,0;0,0;0,0;0,0;0,0
NL:S:49720150;Kolbaanweg;Ermelo;1,1;1,2;0,0;0,0;0,0;0,0
NL:S:49720170;Molenaarsplein;Ermelo;0,1;0,2;0,2;0,2;0,0;0,0
NL:S:49726005;Horsterhoeve;Horst;0,1;0,1;0,0;0,1;0,0;0,0
NL:S:49726007;Groot Horloo;Horst;0,2;0,1;0,1;0,1;0,0;0,0
NL:S:49726017;Zeeweg;Horst;0,2;0,2;0,1;0,4;0,0;0,0
NL:S:49783031;Sonnevanck;Harderwijk;1,2;1,5;0,0;0,0;0,0;0,0
NL:S:49787007;Ullerberg;Leuvenum;0,6;0,7;0,0;0,0;0,0;0,0
NL:S:49804001;Boshuis;Drie;0,1;0,3;0,1;0,2;0,0;0,0
NL:S:49804003;Schaapskooi;Drie;0,0;0,1;0,0;0,1;0,0;0,0
NL:S:49804005;Paalberg;Drie;0,3;0,1;0,3;0,1;0,0;0,0
NL:S:49805003;Kriemelberg;Drie;0,1;0,4;0,0;0,2;0,0;0,0
NL:S:49808001;Abri;Speuld;0,1;0,1;0,0;0,1;0,0;0,0
NL:S:49808003;Garderenseweg;Speuld;0,0;0,0;0,0;0,0;0,0;0,0
NL:S:49808005;Buurtweg;Speuld;0,0;0,0;0,0;0,0;0,0;0,0
NL:S:49808011;De Bosrand;Speuld;0,1;0,1;0,1;0,1;0,0;0,0
NL:S:49821005;Oude Rijksweg;Putten;0,1;0,1;0,0;0,0;0,0;0,0
NL:S:49821007;Zuiderveldweg;Putten;3,4;3,5;0,8;1,4;0,7;0,6
NL:S:49821009;Brinkstraat;Putten;18,9;20,1;6,5;6,0;2,8;2,2
NL:S:49821011;Centrum;Putten;40,2;36,3;10,5;8,3;5,5;4,7
NL:S:49821023;Bijsterenseweg;Putten;4,0;4,0;0,0;0,0;0,0;0,0
NL:S:49821025;Heihaas;Putten;9,0;8,5;4,0;4,3;2,1;1,2
NL:S:49821027;Dorpsstraat;Putten;7,0;6,2;0,0;0,0;0,0;0,0
NL:S:49821029;Kerkstraat;Putten;8,2;8,2;0,0;0,0;0,0;0,0
NL:S:49821037;Welkoop;Putten;19,5;18,6;3,7;3,8;1,5;1,8
NL:S:49887001;School;Leuvenum;0,3;0,3;0,0;0,0;0,0;0,0
NL:S:49887003;De Zwarte Boer;Leuvenum;0,6;1,2;0,0;0,0;0,0;0,0
NL:S:49887005;Het Roode Koper;Leuvenum;0,5;0,4;0,0;0,0;0,0;0,0
NL:S:49889001;Kasteel Staverden;Staverden;0,6;0,9;0,0;0,0;0,0;0,0
NL:S:49889003;Navobi;Staverden;0,5;0,5;0,0;0,0;0,0;0,0
NL:S:50420130;Snouckaertlaan;Amersfoort;0,1;2,5;0,0;1,4;0,0;1,0
NL:S:50420131;Centrum;Amersfoort;17,2;13,2;10,4;7,6;6,6;4,4
NL:S:50420351;Blekerseiland;Amersfoort;8,4;9,6;4,9;5,7;3,5;4,8
NL:S:50420511;Hendrik van Viandenstraat;Amersfoort;5,4;4,9;2,0;1,8;2,2;1,7
NL:S:50420540;De Kei;Amersfoort;11,0;10,8;6,7;6,5;4,2;3,6
NL:S:50421210;Eemplein;Amersfoort;0,0;0,1;0,0;0,0;0,0;0,0
NL:S:50423010;Hoornbeeck/Van Lodenstein;Amersfoort;3,2;5,6;0,0;0,0;0,0;0,0
NL:S:50423020;GSG Arnhemseweg;Amersfoort;0,1;0,1;0,0;0,0;0,0;0,0
NL:S:50423040;GSG Paladijnenweg;Amersfoort;0,1;0,2;0,0;0,0;0,0;0,0
NL:S:50425000;Centraal Station;Amersfoort;83,0;77,5;41,0;35,7;34,9;29,8
NL:S:50428009;Hogeweg;Amersfoort;4,2;5,2;3,2;4,3;1,9;2,9
NL:S:50428011;Amerena;Amersfoort;26,0;25,1;11,0;12,1;7,6;9,6
NL:S:50428014;Barneveldseweg;Amersfoort;11,1;12,8;4,4;6,1;3,2;3,9
NL:S:50428050;De Stuwdam;Amersfoort;7,7;7,6;1,0;1,2;0,6;0,5
NL:S:50450161;Geertrudishof;Leusden;1,3;1,1;0,2;0,3;0,0;0,0
NL:S:50450281;Middenweg;Leusden;0,0;0,1;0,0;0,0;0,0;0,0
NL:S:50450311;Bohemen;Leusden;0,0;0,0;0,0;0,0;0,0;0,0
NL:S:50450380;Bosveld;Leusden;0,0;0,0;0,0;0,0;0,0;0,0
NL:S:50450420;Munnikhove;Leusden;0,0;0,0;0,0;0,0;0,0;0,0
NL:S:50450440;Hamershof;Leusden;0,0;0,0;0,0;0,0;0,0;0,0
NL:S:50450530;Rossenberglaan;Leusden;0,3;0,3;0,1;0,1;0,0;0,0
NL:S:50450710;Groene Zoom;Leusden;1,4;1,0;0,3;0,3;0,0;0,0
NL:S:50450740;Ambachtsweg;Vorden;0,0;0,0;0,0;0,0;0,0;0,0
NL:S:50456019;Storkstraat;Leusden;1,2;1,2;0,5;0,1;0,0;0,0
NL:S:50456021;Wederik;Leusden;0,6;0,3;0,0;0,0;0,0;0,0
NL:S:50457003;Stoutenburgerlaan;Stoutenburg;0,1;0,1;0,1;0,0;0,0;0,0
NL:S:50457005;Driesprong;Stoutenburg;0,1;0,1;0,0;0,1;0,0;0,0
NL:S:50529000;Station Vathorst;Amersfoort;16,1;20,3;0,0;0,0;0,0;0,0
NL:S:50531001;Oude Lageweg;Amersfoort;3,8;3,8;1,0;1,2;0,6;0,8
NL:S:50531005;Klaarwater;Hoevelaken;0,3;0,2;0,1;0,1;0,1;0,1
NL:S:50531007;Hofweg;Hoevelaken;2,8;3,3;1,2;2,1;1,2;1,2
NL:S:50531009;Julianalaan;Hoevelaken;6,7;6,8;3,6;3,3;2,1;2,5
NL:S:50531011;Gemeentehuis;Hoevelaken;6,2;6,5;4,7;4,6;2,6;2,8
NL:S:50531013;Stoutenburgerlaan;Hoevelaken;2,4;2,8;1,6;1,9;1,0;1,3
NL:S:50531015;Koninginneweg;Hoevelaken;6,8;7,1;1,2;1,8;1,0;1,0
NL:S:50531017;Huize Hoevelaken;Hoevelaken;2,0;2,2;1,4;1,1;0,8;1,2
NL:S:50531021;Bedrijventerrein Hogenbrink;Hoevelaken;0,3;0,5;0,0;0,0;0,0;0,0
NL:S:50531031;Station;Hoevelaken;14,7;13,0;10,5;6,5;5,6;3,0
NL:S:50532002;Ravengoedseweg;Zwartebroek;0,5;0,6;0,0;0,4;0,2;0,3
NL:S:50630003;Van den Brandhof;Nijkerkerveen;0,1;0,2;0,1;0,2;0,0;0,0
NL:S:50630005;Laakweg;Nijkerkerveen;0,2;0,3;0,0;0,1;0,0;0,0
NL:S:50630007;Dorp;Nijkerkerveen;0,3;0,5;0,1;0,1;0,0;0,0
NL:S:50630009;D. Ruitenbeekstraat;Nijkerkerveen;0,4;0,5;0,2;0,1;0,0;0,0
NL:S:50630280;Berencamperweg;Nijkerk;0,0;0,1;0,0;0,0;0,0;0,0
NL:S:50631016;School Diermen;Putten;0,2;0,1;0,0;0,0;0,0;0,0
NL:S:50637001;De Salentein;Nijkerk;0,5;0,8;0,0;0,0;0,0;0,0
NL:S:50637003;Tinbergenlaan;Nijkerk;2,6;3,3;0,4;0,7;0,0;0,0
NL:S:50637005;Van Rensselaerstraat;Nijkerk;5,1;6,3;0,1;0,3;0,0;0,0
NL:S:50637007;Station;Nijkerk;26,5;17,8;0,9;1,3;0,0;0,0
NL:S:50637011;Zilverschoon;Nijkerk;9,1;9,2;0,0;0,0;0,0;0,0
NL:S:50637013;Sparrenlaan;Nijkerk;0,2;0,3;0,0;0,0;0,0;0,0
NL:S:50637015;Callenbachstraat;Nijkerk;2,9;2,5;0,0;0,0;0,0;0,0
NL:S:50637025;Torenstraat;Nijkerk;1,0;1,2;0,1;0,6;0,0;0,0
NL:S:50637053;Corlaer College;Nijkerk;23,9;23,9;0,0;0,0;0,0;0,0
NL:S:50642003;School;Zwartebroek;3,5;3,3;1,9;2,1;0,8;1,2
NL:S:50642005;Ned. Herv. Kerk;Zwartebroek;0,8;0,7;0,3;0,7;0,5;0,2
NL:S:50645001;De Tolboom;Terschuur;5,0;4,1;3,7;3,6;1,5;2,1
NL:S:50645003;Leemweg;Terschuur;0,3;0,5;0,1;0,3;0,1;0,2
NL:S:50645005;De Palmpol;Terschuur;0,4;0,3;0,0;0,2;0,2;0,1
NL:S:50645007;Van Beek;Terschuur;0,2;0,2;0,0;0,1;0,1;0,1
NL:S:50645010;Oude Ambachten Museum;Terschuur;0,8;1,1;0,8;1,1;0,3;0,5
NL:S:50664001;Helweg;Achterveld;0,1;0,1;0,0;0,0;0,0;0,0
NL:S:50664003;Klettersteeg;Achterveld;0,1;0,1;0,1;0,0;0,0;0,0
NL:S:50664005;Kerkdijk;Achterveld;0,0;0,0;0,0;0,0;0,0;0,0
NL:S:50664007;Huize St. Joseph;Achterveld;0,2;0,3;0,0;0,2;0,0;0,0
NL:S:50664009;De Hessenkar;Achterveld;0,4;0,6;0,3;0,2;0,0;0,0
NL:S:50664019;RK Kerk;Achterveld;0,4;0,4;0,1;0,1;0,0;0,0
NL:S:50664023;Postweg;Achterveld;0,0;0,2;0,0;0,1;0,0;0,0
NL:S:50731017;School Hoef;Putten;1,0;1,1;0,0;0,0;0,0;0,0
NL:S:50731043;Henslare;Putten;0,5;0,5;0,0;0,0;0,0;0,0
NL:S:50745021;Zeumerseweg;Barneveld;1,1;1,5;0,4;0,4;0,1;0,2
NL:S:50746001;Lankerenseweg;Voorthuizen;2,0;1,4;0,2;0,2;0,0;0,0
NL:S:50746003;Verbindingsweg;Voorthuizen;4,2;4,2;2,1;2,6;1,0;1,5
NL:S:50746005;Buitenlust;Voorthuizen;8,8;9,4;3,7;4,2;1,8;2,4
NL:S:50746007;De Punt;Voorthuizen;82,7;80,5;35,9;35,6;22,1;20,8
NL:S:50746009;Roelenengweg;Voorthuizen;8,9;9,1;3,9;4,0;2,1;2,7
NL:S:50747002;Struik;Nijkerk;2,9;3,3;0,4;0,9;0,5;0,5
NL:S:50765033;De Pelmolen;Barneveld;0,0;0,0;0,0;0,0;0,0;0,0
NL:S:50765035;De Nieuwe Eshof;Barneveld;0,0;0,0;0,0;0,0;0,0;0,0
NL:S:50765037;De Eshof;Barneveld;0,0;0,0;0,0;0,0;0,0;0,0
NL:S:50765039;Boerderij Veerman;Barneveld;0,0;0,0;0,0;0,0;0,0;0,0
NL:S:50848001;Veenhuizerveldweg;Huinen;9,7;10,4;3,4;5,0;2,7;1,7
NL:S:50848003;Oude Garderenseweg;Huinen;5,6;5,9;2,8;3,3;3,5;1,7
NL:S:54446530;Station;Coevorden;16,3;15,3;0,0;0,0;0,0;0,0
NL:S:55004420;De Markte;Zwolle;0,9;1,6;0,1;0,1;0,0;0,0
NL:S:55007510;Varkensmarkt;Raalte;0,0;0,5;0,0;0,0;0,0;0,0
NL:S:56200230;Krijtenberg;Wijhe;0,0;0,4;0,0;0,0;0,0;0,0
NL:S:60000094;Aalbert Cuyplaan;Apeldoorn;0,8;8,9;1,2;9,6;0,4;4,2
NL:S:60000102;Burg. Roosmale Nepveulaan;Apeldoorn;0,1;0,1;0,2;0,4;0,0;0,0
NL:S:60000111;Edelweisslaan;Apeldoorn;0,3;3,2;0,2;1,9;0,1;0,9
NL:S:60000113;Emmaplein;Apeldoorn;0,5;2,1;0,0;1,4;0,0;0,8
NL:S:60000115;Ferd. Bollaan;Apeldoorn;7,8;1,4;4,8;0,8;2,3;0,7
NL:S:60000125;Het Kasteel;Apeldoorn;3,5;3,0;2,5;3,2;1,5;1,4
NL:S:60000134;Koning Lodewijklaan;Apeldoorn;0,1;0,1;0,3;0,1;0,0;0,0
NL:S:60000142;Lippe Biesterfeldstraat;Apeldoorn;0,1;0,3;0,1;0,1;0,0;0,0
NL:S:60000145;Marechausseekazerne;Apeldoorn;0,0;0,0;0,0;0,0;0,0;0,0
NL:S:60000148;Mauvestraat;Apeldoorn;16,8;1,3;12,9;1,2;6,2;1,0
NL:S:60000149;Marchantstraat;Apeldoorn;29,1;33,0;17,6;19,1;10,1;10,8
NL:S:60000155;Orpheus;Apeldoorn;0,1;0,0;0,1;0,0;0,0;0,0
NL:S:60000158;FizzionParc;Apeldoorn;4,4;6,9;0,0;0,0;0,0;0,0
NL:S:60000159;Paulus Potterlaan;Apeldoorn;5,8;0,4;2,4;0,2;1,3;0,2
NL:S:60000160;Achmea;Apeldoorn;10,3;7,6;0,0;0,0;0,0;0,0
NL:S:60000162;Wkc Anklaar;Apeldoorn;0,9;1,3;0,5;0,9;0,6;0,8
NL:S:60000168;Nederveen Cappelstraat;Ter Apel;20,0;2,2;9,4;1,5;5,4;0,6
NL:S:60000171;Robijnstraat;Apeldoorn;0,2;0,1;0,3;0,1;0,0;0,0
NL:S:60000172;De Savornin Lohmanstraat;Apeldoorn;12,1;15,0;5,1;7,3;1,9;2,7
NL:S:60000186;Talma Borgh;Apeldoorn;6,6;8,5;5,6;8,5;2,1;4,2
NL:S:60000192;Tuinmanslaan;Apeldoorn;0,1;0,0;0,1;0,1;0,0;0,0
NL:S:60000196;Veenhuizerweg;Apeldoorn;1,7;0,1;1,0;0,0;0,6;0,0
NL:S:60000203;Zuster Meyboomlaan;Apeldoorn;2,1;6,0;0,9;3,0;0,2;1,8
NL:S:60001150;Mercatorplein;Apeldoorn;5,2;14,9;3,6;14,0;2,5;8,0
NL:S:60002205;Zanderijweg;Apeldoorn;10,3;0,2;6,8;0,1;3,4;0,1
NL:S:60340270;Wkc Stadsdennen;Harderwijk;0,2;0,1;0,0;0,0;0,0;0,0
NL:S:60530070;J. P. Heijelaan;Harderwijk;0,3;0,0;0,0;0,0;0,0;0,0
NL:S:72820210;Westfalenstraat;Zwolle;0,2;0,2;0,0;0,0;0,0;0,0
NL:S:73210870;Boormolen;Zwolle;4,6;2,9;1,6;0,8;1,3;0,9
NL:S:99990032;Station Barneveld Noord;Barneveld;18,8;14,5;6,7;3,5;5,2;2,3
NL:S:ehs;Siegenstraat;Zwolle;0,1;0,2;0,0;0,0;0,0;0,0
NL:S:49000010;Bouwweg;Lelystad;10,8;12,7;1,4;2,6;0,4;1,8
NL:S:49000020;Atolplaza;Lelystad;15,9;17,1;5,6;5,7;2,9;2,6
NL:S:49000040;Ziekenhuis;Lelystad;22,3;48,1;11,3;22,7;4,9;12,4
NL:S:49000050;Lelycentre;Lelystad;96,3;93,0;53,1;52,7;21,7;19,1
NL:S:49000060;Rotondebrug;Lelystad;18,9;13,1;6,6;4,8;4,2;4,3
NL:S:49000080;Politiebrug;Lelystad;11,0;14,6;4,8;4,9;3,1;4,0
NL:S:49000110;Plantagebrug;Lelystad;20,3;13,2;9,6;7,0;4,6;3,0
NL:S:49000130;Zwembad De Koploper;Lelystad;8,5;9,8;4,8;5,3;1,5;1,6
NL:S:49000150;Oostkaap;Lelystad;15,8;15,4;8,2;9,1;2,9;2,7
NL:S:49000170;Centrumbrug;Lelystad;15,2;20,8;9,3;11,3;7,8;12,3
NL:S:49000180;Oostvaardersbrug;Lelystad;15,9;13,4;9,5;7,5;3,1;2,8
NL:S:49000220;Bingerden;Lelystad;16,7;17,5;4,7;6,1;2,3;3,2
NL:S:49000240;Vecht;Lelystad;18,8;20,6;8,8;11,2;3,9;5,7
NL:S:49000280;Gooisebrug;Lelystad;6,3;19,4;2,2;6,3;1,7;3,7
NL:S:49000290;Schouwbrug;Lelystad;1,8;2,8;1,5;1,1;0,9;0,6
NL:S:49000320;Bongerd;Lelystad;19,6;21,9;9,3;10,5;4,6;4,8
NL:S:49000340;Botterbrug;Lelystad;2,2;3,5;0,6;1,4;0,1;0,6
NL:S:49000370;Reygersbeek;Lelystad;8,1;3,6;4,8;1,5;3,2;1,4
NL:S:49000380;Eaglelaan;Lelystad;0,1;0,1;0,0;0,1;0,0;0,0
NL:S:49000400;Albatroslaan;Lelystad;0,3;0,2;0,2;0,1;0,0;0,0
NL:S:49000440;Val van Urk;Lelystad;29,9;29,0;17,2;17,9;7,9;10,4
NL:S:49000470;Oostrandbrug;Lelystad;0,2;0,3;0,0;0,1;0,0;0,0
NL:S:49000520;Houtribhoogte;Lelystad;0,1;0,1;0,0;0,0;0,0;0,0
NL:S:49000530;Schroefstraat;Lelystad;9,3;9,6;4,2;4,7;2,1;2,8
NL:S:49000550;Langezand;Lelystad;11,9;11,5;6,1;6,3;2,4;2,5
NL:S:49000570;Parkhaven;Lelystad;0,1;0,1;0,0;0,0;0,0;0,0
NL:S:49000600;Werkeiland;Lelystad;8,0;13,7;4,9;7,6;3,3;4,5
NL:S:49000620;Monnickendamstraat;Lelystad-Haven;21,8;27,1;13,0;15,6;5,8;8,2
NL:S:49000630;Lemmerkade;Lelystad-Haven;26,1;13,8;16,0;8,1;8,8;3,9
NL:S:49000670;Ringdijk;Lelystad-Haven;49,9;45,0;32,1;30,0;13,3;12,6
NL:S:49000710;Warande;Lelystad;19,7;15,4;11,5;9,3;4,4;4,5
NL:S:49000730;H. Bekiusschool - De Rede;Lelystad;2,2;2,2;0,0;0,0;0,0;0,0
NL:S:49000750;Vlieterbrug;Lelystad;20,6;22,7;11,6;12,9;7,8;8,1
NL:S:49000830;Golfparkbrug;Lelystad;0,0;0,0;0,0;0,1;0,0;0,0
NL:S:49000870;Houtribsluis;Lelystad;0,0;0,0;0,0;0,0;0,0;0,0
NL:S:49000900;Parlaan;Lelystad;0,1;0,1;0,1;0,1;0,0;0,0
NL:S:49000950;Bronsweg;Lelystad;0,0;0,0;0,0;0,0;0,0;0,0
NL:S:49000970;Beginweg;Lelystad;0,2;0,1;0,0;0,0;0,0;0,0
NL:S:49000990;Jagersveld;Lelystad;0,4;0,7;0,1;0,1;0,0;0,0
NL:S:49001010;Buitenhof;Lelystad;0,3;0,4;0,1;0,0;0,0;0,0
NL:S:49001020;Hondsdraf;Lelystad;0,2;0,1;0,0;0,0;0,0;0,0
NL:S:49001210;Houtribweg;Lelystad;0,5;0,0;0,0;0,0;0,0;0,0
NL:S:49001440;Geulbrug;Lelystad;5,2;2,0;3,0;1,4;1,4;0,4
NL:S:49001540;Gorsbrug;Lelystad;7,4;3,6;1,7;0,6;0,7;0,5
NL:S:49001650;Agora;Lelystad;19,7;29,7;10,2;9,8;5,2;7,6
NL:S:49001680;Salland;Lelystad;9,0;9,9;4,2;4,8;1,2;1,3
NL:S:49001730;Veluwezoom;Lelystad;14,7;12,8;4,8;4,8;1,7;1,5
NL:S:49001750;Baronie;Lelystad;12,4;10,8;6,2;5,6;3,6;2,4
NL:S:49002300;Jol West;Lelystad;9,4;8,8;5,9;4,6;2,3;2,6
NL:S:49002400;Winkelcentrum Jol;Lelystad;45,5;39,6;30,7;27,3;11,7;12,0
NL:S:49002500;Punter Zuid;Lelystad;0,9;10,6;0,4;6,7;0,0;3,2
NL:S:49002600;Punter;Lelystad;30,3;17,3;17,6;9,3;7,3;3,7
NL:S:49002700;Gondel Noord;Lelystad;13,4;10,1;5,8;5,7;2,9;2,4
NL:S:49002900;Winkelcentrum Kempenaar;Lelystad;12,0;15,1;7,2;8,2;0,0;0,0
NL:S:49003000;Kempenaar Midden;Lelystad;14,7;16,5;8,0;8,2;0,0;0,0
NL:S:49003300;De Hoven;Lelystad;10,7;26,8;2,7;10,0;1,0;5,2
NL:S:49003360;'t Laar;Lelystad;2,0;2,9;1,4;1,5;0,6;0,8
NL:S:49003500;Wold;Lelystad;20,3;14,5;10,1;9,7;3,6;5,0
NL:S:49003600;Winkelcentrum Kamp;Lelystad;43,7;42,6;24,4;25,2;9,6;13,6
NL:S:49003700;Horst;Lelystad;21,9;17,5;8,4;8,1;4,1;4,4
NL:S:49003900;Nienoord;Lelystad;29,1;26,5;14,3;12,8;6,1;7,8
NL:S:49004110;Crematorium;Assen;44,0;35,5;23,2;21,1;10,8;10,9
NL:S:49004240;Oostzeestraat;Lelystad;130,9;121,0;84,7;81,1;37,6;42,8
NL:S:49004270;Westhoven;Lelystad;4,1;5,2;0,6;1,4;0,4;0,4
NL:S:49004340;Zwartezeestraat;Lelystad;49,2;49,2;26,3;27,5;13,5;13,9
NL:S:49004500;De Rietlanden;Lelystad;15,9;14,7;2,6;1,8;0,7;1,2
NL:S:49004510;Penitentiaire Inrichting;Lelystad;8,4;4,0;3,2;0,8;1,3;0,2
NL:S:49005010;Station Centrum;Lelystad;1246,1;1143,4;739,8;671,0;398,8;327,6
NL:S:49005150;Vestebrug;Lelystad;6,9;7,1;2,1;2,4;1,1;1,4
NL:S:49005250;Schansbrug;Lelystad;2,5;4,1;1,1;1,9;0,6;0,7
NL:S:49005400;Oostranddreef;Lelystad;0,1;0,2;0,0;0,0;0,0;0,0
NL:S:49005500;Runderweg;Lelystad;0,1;0,1;0,0;0,0;0,0;0,0
NL:S:49005550;Karveelbrug;Lelystad;11,6;12,2;7,2;6,7;6,2;7,5
NL:S:49005650;Kempenaarbrug;Lelystad;18,6;20,1;9,5;12,5;9,1;12,7
NL:S:49005750;Boeierbrug;Lelystad;27,1;28,9;14,0;16,6;9,1;11,1
NL:S:49005850;Bataviahaven;Lelystad;11,0;10,0;11,3;9,3;8,4;5,8
NL:S:49005920;Batavia Stad;Lelystad;112,0;131,1;147,1;167,8;97,3;109,7
NL:S:49006460;Gondel Zuid;Lelystad;14,6;13,8;9,1;9,9;3,1;3,0
NL:S:49007200;Vaartweg;Lelystad;30,4;39,6;8,3;9,2;1,5;1,5
NL:S:49007530;Galjoenbrug;Lelystad;3,9;5,9;2,1;3,4;1,5;1,9
NL:S:49007850;Tjalk/Groenhorst;Lelystad;9,3;10,6;2,8;4,0;1,4;2,0
NL:S:49007870;Winkelcentrum Tjalk;Lelystad;15,6;16,0;9,5;10,2;4,4;4,3
NL:S:49008050;Winkelcentrum Botter;Lelystad;18,9;20,6;10,3;13,3;4,6;5,6
NL:S:49008150;Schoener;Lelystad;11,5;10,9;6,4;5,0;2,8;2,6
NL:S:49008250;Stuwweg;Lelystad;13,7;18,2;2,4;3,5;1,5;1,5
NL:S:49008300;Haagwinde;Lelystad;8,8;5,7;3,3;1,9;1,7;1,0
NL:S:49008310;Klaproos;Lelystad;10,2;13,4;5,1;5,9;2,4;2,5
NL:S:49008330;Hollandse Hout;Lelystad;9,0;11,2;2,9;3,7;1,6;2,1
NL:S:49008830;Palazzo;Lelystad;6,8;9,7;3,0;4,1;3,8;4,0
NL:S:49009090;Duinbeek;Lelystad;33,5;36,2;11,5;12,3;5,4;6,8
NL:S:49110010;Airport Plaza;Lelystad;3,9;5,1;1,6;1,1;0,8;0,9
NL:S:49110030;Aviodrome;Lelystad;2,8;5,1;4,2;6,1;2,9;4,3
NL:S:49110280;Larserpoort;Lelystad;11,8;9,6;1,8;3,0;1,4;3,1
NL:S:49110300;Giant/Pascallaan;Lelystad;5,2;9,6;1,0;0,3;0,1;0,1
NL:S:49110330;Inditex / Mac3;Lelystad;22,5;25,8;7,5;7,7;7,0;8,0
NL:S:49110340;Omroep Flevoland;Lelystad;4,6;5,3;0,8;1,1;0,4;0,7
NL:S:16000010;Station;Meppel;3,4;4,3;0,0;0,0;0,0;0,0
NL:S:16000600;Burg. Knopperslaan;Meppel;0,2;0,2;0,0;0,0;0,0;0,0
NL:S:16000710;Steenwijkerstraatweg;Meppel;0,1;0,1;0,0;0,0;0,0;0,0
NL:S:16001010;Hugo de Grootstraat;Meppel;2,6;3,2;0,0;0,0;0,0;0,0
NL:S:16300010;Gemeentehuis;Steenwijk;6,8;9,1;0,3;0,3;0,3;0,3
NL:S:16300030;Vendelweg;Steenwijk;9,9;8,6;2,7;2,5;1,9;1,1
NL:S:16300050;Matthijs Kiersstraat;Steenwijk;7,3;6,8;1,6;2,3;0,6;0,7
NL:S:16301010;Station;Steenwijk;90,4;88,1;68,8;54,5;41,9;42,8
NL:S:24160500;Sallandlaan;Heerenveen;1,0;1,8;0,0;0,0;0,0;0,0
NL:S:24350010;Spin;De Blesse;0,1;0,1;0,0;0,0;0,0;0,0
NL:S:24350030;Bovenweg;De Blesse;1,1;0,6;0,0;0,0;0,0;0,0
NL:S:24350050;Friese Veldweg;De Blesse;0,5;0,9;0,0;0,0;0,0;0,0
NL:S:24350070;Lagebroekweg;Blesdijke;0,6;0,6;0,0;0,0;0,0;0,0
NL:S:24350600;Noord;De Blesse;8,1;8,8;0,0;0,0;0,0;0,0
NL:S:24450030;Marijenkampen;Marijenkampen;0,3;0,2;0,0;0,0;0,0;0,0
NL:S:24450050;Eikenlaan;Willemsoord;0,2;0,2;0,0;0,0;0,0;0,0
NL:S:24451400;'t Centrum;Steenwijkerwold;7,4;6,4;0,0;0,0;0,0;0,0
NL:S:24451800;Willemsoord;Willemsoord;3,2;3,1;0,0;0,0;0,0;0,0
NL:S:24510020;Frieseweg;Oldemarkt;8,5;8,3;0,0;0,0;0,0;0,0
NL:S:24510040;Koningin Julianaweg;Oldemarkt;5,2;3,9;0,0;0,0;0,0;0,0
NL:S:24510060;Parochiehuis;Oldemarkt;5,9;4,9;0,0;0,0;0,0;0,0
NL:S:24510070;Kruisstraat;Oldemarkt;1,9;2,0;0,0;0,0;0,0;0,0
NL:S:24510090;De Boterberg;Oldemarkt;0,9;0,6;0,0;0,0;0,0;0,0
NL:S:24550030;Zuidveen;Zuidveen;2,7;2,7;0,5;0,6;0,6;0,2
NL:S:24550050;Groot Verlaat;Steenwijk;2,4;3,0;0,2;0,6;0,1;0,1
NL:S:24550160;Dolderbrug;Steenwijk;1,1;1,5;0,0;0,0;0,0;0,0
NL:S:24552310;Gemeentewerken;Tuk;0,8;1,0;0,0;0,0;0,0;0,0
NL:S:24552330;Oldemarktseweg;Tuk;0,6;0,5;0,0;0,0;0,0;0,0
NL:S:24552350;Watertoren;Thij;0,3;0,3;0,0;0,0;0,0;0,0
NL:S:24552370;Thij;Thij;0,1;0,1;0,0;0,0;0,0;0,0
NL:S:24590100;Burchtstraat;Kuinre;6,7;2,4;0,0;0,0;0,0;0,0
NL:S:24610010;Venebosweg;Ossenzijl;1,1;1,4;0,0;0,0;0,0;0,0
NL:S:24610030;Kloosterdijk;Ossenzijl;0,1;0,0;0,0;0,0;0,0;0,0
NL:S:24680010;Uiterdijkenweg;Luttelgeest;0,0;0,0;0,0;0,0;0,0;0,0
NL:S:25000010;Kettingstraat;Emmeloord;1,8;8,2;0,8;1,9;0,2;0,5
NL:S:25000030;Lange Dreef;Emmeloord;0,7;1,1;0,4;0,8;0,2;0,4
NL:S:25000050;Bunschotenlaan;Emmeloord;4,5;6,3;1,3;2,4;2,7;1,3
NL:S:25000070;Emmeloord - Oost;Emmeloord;1,0;1,6;0,2;0,1;0,0;0,0
NL:S:25000100;Diemenlaan;Emmeloord;9,3;9,5;1,4;1,6;1,7;1,2
NL:S:25000130;Ecopark;Emmeloord;0,9;1,9;0,0;0,0;0,0;0,0
NL:S:25000210;Zuyderzee College;Emmeloord;6,4;7,5;3,0;3,5;1,5;2,0
NL:S:25000410;Begraafplaats;Emmeloord;0,0;0,3;0,0;0,0;0,0;0,0
NL:S:25000500;Medisch Centrum;Emmeloord;10,2;9,4;1,3;0,6;0,0;0,0
NL:S:25000600;Antonius Ziekenhuis;Emmeloord;14,6;10,8;1,7;1,1;0,3;0,0
NL:S:25000700;Urkerweg 18;Emmeloord;0,2;0,1;0,0;0,0;0,0;0,0
NL:S:25001400;Smeden;Emmeloord;1,7;6,6;0,9;3,4;1,0;1,5
NL:S:25005010;Busstation;Emmeloord;206,3;247,1;53,1;67,0;54,8;41,9
NL:S:25060010;Brink;Luttelgeest;0,8;1,2;0,0;0,0;0,0;0,0
NL:S:25060030;Luttelgeesterweg;Luttelgeest;0,0;0,0;0,0;0,0;0,0;0,0
NL:S:25060050;Lindeweg;Luttelgeest;0,1;0,1;0,0;0,0;0,0;0,0
NL:S:25060070;Orchideeenhoeve;Luttelgeest;0,5;0,5;0,0;0,0;0,0;0,0
NL:S:25060090;Oosterringweg;Luttelgeest;5,1;3,8;0,0;0,0;0,0;0,0
NL:S:25060110;Schansweg;Luttelgeest;0,0;0,1;0,0;0,0;0,0;0,0
NL:S:25070010;Luttelgeesterweg;Marknesse;0,4;0,4;0,1;0,2;0,1;0,1
NL:S:25070030;H.D. Louwes Hoeve;Emmeloord;0,0;0,0;0,0;0,0;0,0;0,0
NL:S:25070050;Bakovensweg;Bourtange;0,1;0,2;0,2;0,4;0,4;0,2
NL:S:25130100;Sloefweg;Ens;1,2;1,2;0,7;0,7;0,3;0,5
NL:S:25130200;Bomenweg;Emmeloord;0,6;0,7;0,2;0,2;0,4;0,1
NL:S:25130300;Kleiweg;Emmeloord;0,7;0,6;0,1;0,3;0,2;0,1
NL:S:25150100;Urkerweg 34;Tollebeek;0,1;0,1;0,0;0,0;0,0;0,0
NL:S:25150200;Sint Hubertusplaats;Tollebeek;9,4;9,8;2,1;2,2;0,0;0,0
NL:S:25150300;Urkerweg 46;Tollebeek;0,0;0,0;0,0;0,2;0,0;0,0
NL:S:25150400;Urkerdwarspad;Urk;0,6;0,6;0,0;0,1;0,0;0,0
NL:S:25170030;Zwembad Voorst;Kraggenburg;0,1;0,4;0,1;0,1;0,2;0,0
NL:S:25170050;Picknickplaats;Kraggenburg;0,4;0,4;0,0;0,0;0,0;0,0
NL:S:25170070;Mammouthweg;Kraggenburg;0,0;0,1;0,0;0,0;0,0;0,0
NL:S:25170090;Leemringweg/Sloefweg;Marknesse;0,2;0,2;0,0;0,0;0,0;0,1
NL:S:25170211;Busstation;Marknesse;39,5;46,3;3,0;3,9;2,7;4,3
NL:S:25170230;Breestraat;Marknesse;6,7;10,7;1,8;6,3;1,5;3,0
NL:S:25170250;Netl;Kraggenburg;0,5;0,7;0,7;0,5;0,9;0,3
NL:S:25180010;Busstation;Blokzijl;25,6;14,5;0,0;0,0;0,0;0,0
NL:S:25180030;Uiterdijkenweg;Marknesse;0,2;0,4;0,0;0,0;0,0;0,0
NL:S:25180050;Steenwijkerdwarsweg;Marknesse;0,2;0,2;0,0;0,0;0,0;0,0
NL:S:25230030;Ens;Ens;32,3;34,0;10,5;12,6;8,6;5,7
NL:S:25240010;Domineesweg;Nagele;0,0;0,0;0,0;0,0;0,1;0,0
NL:S:25240800;Nagele;Nagele;0,0;0,0;0,0;0,0;0,0;0,0
NL:S:25250010;Singel;Urk;5,5;4,7;1,9;1,4;0,0;0,0
NL:S:25250100;Urkerweg 60;Urk;2,0;2,3;0,4;0,4;0,0;0,0
NL:S:25250210;Ransuil;Urk;12,2;17,9;1,7;1,5;0,0;0,0
NL:S:25250230;Winkelcentrum;Urk;20,3;20,5;2,9;2,1;0,0;0,0
NL:S:25250270;Vlaak;Urk;8,3;14,0;0,5;0,9;0,0;0,0
NL:S:25250300;Rotholm;Urk;8,0;6,4;1,3;0,6;0,0;0,0
NL:S:25250850;Lange Dam;Urk;9,9;11,9;0,5;1,0;0,0;0,0
NL:S:25250950;De Noord;Urk;4,8;7,3;0,4;0,5;0,0;0,0
NL:S:25251000;Gemeentehuis;Urk;10,4;10,5;1,0;1,6;0,0;0,0
NL:S:25270010;Clarenberglaan;Vollenhove;83,2;54,1;19,4;10,8;12,3;6,8
NL:S:25270030;Kraggenburg;Kraggenburg;4,9;6,0;1,5;1,6;0,7;0,9
NL:S:25270110;Vollenhoverweg/NOP;Marknesse;0,2;0,2;0,1;0,2;0,0;0,0
NL:S:25270130;Repelweg;Marknesse;0,1;0,2;0,0;0,1;0,1;0,1
NL:S:25270150;Voorsterweg;Marknesse;1,6;1,7;0,4;0,4;0,1;0,2
NL:S:25270170;Voorstersluis;Marknesse;0,1;0,1;0,1;0,1;0,1;0,2
NL:S:25270190;Paardenweg;Kraggenburg;0,3;0,4;0,0;0,1;0,0;0,0
NL:S:25280010;Boomkwekerij;Scheerwolde;4,1;4,0;0,0;0,0;0,0;0,0
NL:S:25280050;Beenderribben;Wetering;0,9;1,0;0,0;0,0;0,0;0,0
NL:S:25280070;Wetering;Wetering;0,9;0,9;0,0;0,0;0,0;0,0
NL:S:25280090;Veldhuisweg;Baarlo;0,1;0,1;0,0;0,0;0,0;0,0
NL:S:25330300;Zwartemeerweg;Ens;4,3;3,4;1,7;2,3;1,5;0,5
NL:S:25350010;Markeweg;Blesdijke;2,1;1,9;0,0;0,0;0,0;0,0
NL:S:25350030;Dalhoeve;Blesdijke;0,7;0,7;0,0;0,0;0,0;0,0
NL:S:25370010;Heetveld;Heetveld;2,2;2,8;1,1;1,1;0,8;1,1
NL:S:25370070;Prot Chr Basisschool;Heetveld;4,3;4,1;1,1;0,7;0,4;0,6
NL:S:25380010;Jan van Nassauweg;Scheerwolde;1,6;1,4;0,0;0,0;0,0;0,0
NL:S:25380030;Smalleweg;Scheerwolde;0,0;0,0;0,0;0,0;0,0;0,0
NL:S:25430010;Noorderrandweg;Kampereiland;2,1;2,8;0,3;0,7;0,3;0,4
NL:S:25430030;Rechterveldweg;Kampereiland;5,9;4,6;3,4;2,4;1,4;1,4
NL:S:25430050;Natuurbad Seveningen;Kampereiland;0,4;0,5;0,4;0,4;0,2;0,2
NL:S:25430100;Nesweg;Kampereiland;0,0;0,0;0,0;0,0;0,0;0,0
NL:S:25430200;Kampereiland Kerk;Kampereiland;1,8;1,7;0,2;0,2;0,2;0,4
NL:S:25430300;Witte Brug;Kampereiland;1,6;1,6;0,3;0,3;0,0;0,0
NL:S:25450810;Kooystraat;Ossenzijl;4,2;3,3;0,0;0,0;0,0;0,0
NL:S:25470010;De Velde;De Velde;1,9;2,3;1,6;1,5;0,7;1,5
NL:S:25470030;Busstation;Zwartsluis;145,5;138,4;64,7;59,7;31,8;31,7
NL:S:25470050;Bejaardencentrum;Zwartsluis;2,6;2,4;0,4;0,5;0,3;0,2
NL:S:25470070;De Krieger;De Krieger;4,6;5,1;0,5;0,9;0,4;0,6
NL:S:25480010;Chr. Basisschool;Kamperzeedijk;3,8;3,6;0,0;0,0;0,0;0,0
NL:S:25580010;Nieuweweg;Genemuiden;14,8;19,0;0,6;2,4;0,0;0,0
NL:S:25580030;'t TAG;Genemuiden;27,5;30,1;1,6;2,1;0,0;0,0
NL:S:25630010;Koekoeksgemaal;Grafhorst;0,0;0,1;0,0;0,0;0,0;0,0
NL:S:25630030;Vahl;IJsselmuiden;0,6;1,0;0,0;0,0;0,0;0,0
NL:S:25630050;Fuite;IJsselmuiden;0,3;0,4;0,0;0,0;0,0;0,0
NL:S:25630070;Plasweg;IJsselmuiden;0,6;0,8;0,0;0,0;0,0;0,0
NL:S:25630090;Groenendael;IJsselmuiden;1,2;1,1;0,0;0,0;0,0;0,0
NL:S:25630110;R.K. Kerk;IJsselmuiden;1,4;1,6;0,0;0,0;0,0;0,0
NL:S:25670010;H. van Viandenplein;Hasselt;4,0;4,2;0,0;0,0;0,0;0,0
NL:S:25670030;Centrum;Hasselt;222,9;220,0;71,7;77,8;29,2;28,9
NL:S:25680010;Sluis;Beukers;0,1;0,2;0,1;0,1;0,0;0,0
NL:S:25680030;Blauwe Hand;Blauwe Hand;4,3;4,6;3,5;5,1;1,7;1,7
NL:S:25780010;Dominee Hylkemaweg;Giethoorn;22,1;22,3;49,2;54,9;33,6;32,5
NL:S:25780030;Kerkweg;Giethoorn;4,0;4,6;2,2;3,0;1,8;1,9
NL:S:25780050;Hotel Harmonie;Giethoorn;1,1;1,2;1,3;2,2;1,6;1,2
NL:S:25830090;Gemeentehuis;Kampen;0,1;0,1;0,0;0,0;0,0;0,0
NL:S:25830110;Oranjesingel;Kampen;5,5;6,5;0,6;1,5;0,0;0,0
NL:S:25830170;Station Zuid;Kampen;63,8;59,4;7,2;7,0;0,0;0,0
NL:S:25830270;Leeghwaterstraat;Kampen;7,5;5,4;1,3;1,4;0,0;0,0
NL:S:25830280;Beekmanstraat;Kampen;5,1;4,9;1,4;1,6;0,0;0,0
NL:S:25830290;Amandelboom;Kampen;4,2;3,9;0,5;0,6;0,0;0,0
NL:S:25830300;Andoorn;Kampen;3,5;3,2;1,1;0,9;0,0;0,0
NL:S:25830310;Sterrekroos;Kampen;8,3;7,3;1,1;0,8;0,0;0,0
NL:S:25830320;Hilbert v Dijkstraat;Kampen;4,6;4,5;0,7;0,8;0,0;0,0
NL:S:25830330;Doctor Kolfflaan;Kampen;7,7;6,9;0,7;0,9;0,0;0,0
NL:S:25830340;Colijnlaan;Kampen;8,4;6,2;1,6;2,3;0,0;0,0
NL:S:25830360;Hanzelaan;Kampen;3,5;5,7;0,8;1,6;0,0;0,0
NL:S:25830480;Bovenbroeksweg;Kampen;1,3;1,6;0,5;0,5;0,0;0,0
NL:S:25830500;Loriestraat;Kampen;21,6;11,6;0,7;0,7;0,0;0,0
NL:S:25839175;GSG Pieter Zandt;Kampen;0,0;0,0;0,0;0,0;0,0;0,0
NL:S:46000570;Dokter Hengeveldweg;Zwolle;3,4;5,3;0,0;0,0;0,0;0,0
NL:S:46001000;Park de Wezenlanden;Zwolle;5,5;11,3;0,0;0,0;0,0;0,0
NL:S:46001100;Assendorperdijk;Zwolle;4,6;10,1;0,0;0,0;0,0;0,0
NL:S:46001560;Isala ziekenhuis;Zwolle;15,3;22,3;0,0;0,0;0,0;0,0
NL:S:46002960;Blaloweg/Hasselterweg;Zwolle;19,6;27,8;2,1;3,6;1,4;1,3
NL:S:46003240;Herenweg;Zwolle;0,4;0,7;0,0;0,0;0,0;0,0
NL:S:46004007;Station;Zwolle;341,4;290,7;98,5;74,0;63,9;62,2
NL:S:46004530;Stadion;Zwolle;6,7;15,0;0,0;0,0;0,0;0,0
NL:S:46006400;Campus;Zwolle;31,8;28,3;0,0;0,0;0,0;0,0
NL:S:46006600;Blaloweg/Rieteweg;Zwolle;6,9;8,6;0,9;1,6;0,4;0,6
NL:S:46007000;Vrolijkheid;Zwolle;0,8;1,3;0,0;0,0;0,0;0,0
NL:S:46010030;Zwembad/Landstede;Zwolle;3,9;11,3;0,0;0,0;0,0;0,0
NL:S:46100040;Katerdijk;zwolle;89,6;106,8;2,4;2,8;2,1;1,5
NL:S:46100330;Breecamp;Zwolle;10,1;12,9;3,5;4,4;3,1;2,7
NL:S:46104021;Katwolderplein/centrum;Zwolle;110,9;83,1;52,4;51,4;28,1;21,8
NL:S:46120010;Havezatheweg;Genne;0,0;0,0;0,0;0,0;0,0;0,0
NL:S:46120090;Bergkloosterweg;Zwolle;1,0;2,0;0,0;0,0;0,0;0,0
NL:S:46120120;Vechtbrug;Zwolle;0,9;0,1;0,0;0,0;0,0;0,0
NL:S:46120160;Campherbeeklaan;Zwolle;0,2;0,9;0,0;0,0;0,0;0,0
NL:S:46120430;Vechterstrand;Genne;0,0;0,0;0,0;0,0;0,0;0,0
NL:S:46120450;Doornweg/Vechtdijk;Genne;0,0;0,1;0,0;0,0;0,0;0,0
NL:S:46120470;Vijfhoekweg;Genne;0,0;0,0;0,0;0,0;0,0;0,0
NL:S:46120490;Dashorstweg;Genne;0,0;0,0;0,0;0,0;0,0;0,0
NL:S:46120510;Klinkerweg;Genne;0,1;0,1;0,0;0,0;0,0;0,0
NL:S:46120530;Glinthuisweg;Genne;0,0;0,0;0,0;0,0;0,0;0,0
NL:S:46120560;Verkavelingsweg;Genne;0,0;0,0;0,0;0,0;0,0;0,0
NL:S:46301120;Industrieweg;Hasselt;6,1;7,6;1,3;2,2;0,3;0,5
NL:S:46302010;Zandvoortweg;Hasselt;0,0;0,4;0,0;0,0;0,0;0,0
NL:S:46302030;De Baak;Hasselt;2,9;2,2;0,0;0,0;0,0;0,0
NL:S:46302050;Kerspel;Hasselt;2,2;1,8;0,0;0,0;0,0;0,0
NL:S:46302070;Sportvelden;Hasselt;0,7;0,7;0,0;0,0;0,0;0,0
NL:S:46302090;Stadsweg;Hasselt;3,1;2,3;0,9;1,4;0,7;0,9
NL:S:46320010;Het Rode Dak;Genne;0,0;0,0;0,0;0,0;0,0;0,0
NL:S:46320040;Boerderijweg;Genne;0,0;0,0;0,0;0,0;0,0;0,0
NL:S:46403010;Kloosterziel;De Velde;0,2;0,3;0,0;0,1;0,3;0,1
NL:S:46501010;Kranerweerd;Zwartsluis;3,7;5,6;0,8;2,7;0,9;1,7
NL:S:46501030;Nieuwesluis;Zwartsluis;15,9;17,0;6,3;9,3;4,5;5,5
NL:S:46501050;Zomerdijk;Zwartsluis;0,6;0,7;0,0;0,2;0,1;0,1
NL:S:46501070;Westeinde - Rotonde;Zwartsluis;11,5;10,6;3,2;3,2;2,0;2,5
NL:S:46511010;De Noorde;Zwartsluis;2,9;3,5;1,6;1,9;1,4;1,8
NL:S:46511030;Zieltje;Zwartsluis;0,1;0,1;0,1;0,0;0,1;0,0
NL:S:46520010;Flevoweg;St.Jansklooster;16,4;16,3;2,8;3,1;2,4;2,2
NL:S:46520030;Veneweg;St.Jansklooster;17,6;17,9;3,7;3,3;1,4;1,9
NL:S:46522010;Barsbeek;Heetveld;2,4;2,2;0,4;0,5;0,2;0,1
NL:S:46522070;Barsbeek 36;St. Jansklooster;2,1;2,2;0,2;0,3;0,3;0,2
NL:S:46522090;Kadoelen;Kadoelen;0,9;0,9;0,3;0,4;0,1;0,1
NL:S:46522110;Dennenbos;St.Jansklooster;0,7;0,5;0,0;0,0;0,0;0,0
NL:S:46522130;Oldenhof Kadoelerweg;St.Jansklooster;0,1;0,1;0,0;0,0;0,0;0,0
NL:S:46522150;Halleweg;St.Jansklooster;0,4;0,4;0,0;0,0;0,0;0,0
NL:S:46522170;Zuurbeek;St.Jansklooster;0,0;0,0;0,0;0,0;0,0;0,0
NL:S:46531010;Verlengde Duinweg;St.Jansklooster;2,0;2,6;0,6;0,6;0,4;0,4
NL:S:46531030;Weyert;Vollenhove;13,2;13,8;1,6;2,2;0,7;1,2
NL:S:46531050;Zwembad;Vollenhove;6,9;6,5;2,9;2,9;2,9;2,8
NL:S:46541010;Overtoom;Genemuiden;44,4;40,8;6,5;5,3;0,0;0,0
NL:S:46541030;Hervormd Centrum;Genemuiden;27,6;26,1;2,2;1,5;0,0;0,0
NL:S:46541050;De Meente;Genemuiden;27,5;24,0;3,3;2,7;0,0;0,0
NL:S:46552010;Prinsenkeet;Genemuiden;0,2;0,2;0,0;0,0;0,0;0,0
NL:S:46552030;Oude Stoomgemaal;Genemuiden;0,2;0,2;0,0;0,0;0,0;0,0
NL:S:46552050;Kamperzeedijk 21;Kamperzeedijk;0,6;0,6;0,0;0,0;0,0;0,0
NL:S:46560010;Kamperzeedijk/West;Kamperzeedijk;0,7;0,8;0,0;0,0;0,0;0,0
NL:S:46560030;Kamperzeedijk 141;Kamperzeedijk;0,2;0,3;0,0;0,0;0,0;0,0
NL:S:46560050;Nieuwe Gemaal;Kamperzeedijk;0,2;0,2;0,0;0,0;0,0;0,0
NL:S:46560070;Mandjeswaard;Grafhorst;0,1;0,3;0,0;0,0;0,0;0,0
NL:S:46602010;Belterweg;Belt Schutsloot;1,4;1,3;0,2;0,3;0,1;0,2
NL:S:46630110;Strandje;Belt Schutsloot;0,1;0,1;0,2;0,2;0,1;0,2
NL:S:46630130;Giethoorn Zuid;Giethoorn;1,7;1,8;2,4;5,7;2,5;3,0
NL:S:46630150;Hollands Venetië;Giethoorn;3,5;4,0;8,7;12,7;7,0;7,0
NL:S:46630170;Hervormde Kerk;Wanneperveen;0,1;0,1;0,0;0,0;0,0;0,0
NL:S:46630190;Veldweg;Wanneperveen;0,1;0,3;0,0;0,0;0,0;0,0
NL:S:46630210;Hotel Belterwiede;Wanneperveen;0,1;0,1;0,0;0,0;0,0;0,0
NL:S:46630230;Perceel 252;Wanneperveen;0,0;0,0;0,0;0,0;0,0;0,0
NL:S:46641030;Groene Kruis;Giethoorn;4,7;4,6;2,5;2,1;2,1;1,8
NL:S:46650010;Lindehof;Giethoorn;2,1;2,1;1,1;1,3;0,6;0,8
NL:S:46650030;Brug;Giethoorn;0,6;0,5;0,2;0,3;0,1;0,4
NL:S:46650050;Perceel 9;Giethoorn;0,1;0,2;0,2;0,2;0,2;0,1
NL:S:46660030;Nieuwedijk;Dinxterveen;0,0;0,0;0,0;0,0;0,0;0,0
NL:S:46660050;Gasthuisdijk;Dinxterveen;0,5;0,2;0,0;0,0;0,0;0,0
NL:S:46660070;Perceel 44;Dinxterveen;0,0;0,0;0,0;0,0;0,0;0,0
NL:S:46660090;Urkerpad;Wanneperveen;0,0;0,0;0,0;0,0;0,0;0,0
NL:S:46660110;Perceel 80;Wanneperveen;0,0;0,1;0,0;0,0;0,0;0,0
NL:S:46660130;Wethouder Vosstraat;Wanneperveen;0,8;0,6;0,0;0,0;0,0;0,0
NL:S:46660150;Roege Hoeve;Wanneperveen;0,0;0,0;0,0;0,0;0,0;0,0
NL:S:46660170;'t Haagje;Wanneperveen;0,3;0,2;0,0;0,0;0,0;0,0
NL:S:47130010;Hasselterweg;Zwolle;15,6;17,5;6,9;6,8;4,1;4,1
NL:S:47130030;Zwolseweg;Zwolle;0,6;1,0;0,3;0,7;0,1;0,4
NL:S:47130100;Veecaten;'s-Heerenbroek;0,0;0,1;0,0;0,0;0,0;0,0
NL:S:47130200;Bisschopswetering;'s-Heerenbroek;0,9;1,0;0,0;0,0;0,0;0,0
NL:S:47130300;Schoolsteeg;'s-Heerenbroek;0,1;0,1;0,0;0,0;0,0;0,0
NL:S:47130400;Zwolseweg 56;'s-Heerenbroek;0,0;0,0;0,0;0,0;0,0;0,0
NL:S:47140160;Brinkweg;Zalk;0,5;0,1;0,0;0,0;0,0;0,0
NL:S:47150010;Stationslaan;Hattem;0,0;0,1;0,0;0,0;0,0;0,0
NL:S:47150310;Dorpsweg;Hattem;0,1;0,1;0,0;0,0;0,0;0,0
NL:S:47150320;De Bongerd;Hattem;0,2;0,5;0,0;0,0;0,0;0,0
NL:S:47150900;Vechtstraat;Hattem;0,0;0,2;0,0;0,0;0,0;0,0
NL:S:47155005;Centrum;Hattem;0,4;0,2;0,0;0,0;0,0;0,0
NL:S:47155007;Noord;Hattem;0,2;0,0;0,0;0,0;0,0;0,0
NL:S:47155009;IJsselbrug;Hattem;0,4;0,8;0,0;0,0;0,0;0,0
NL:S:47230100;Quarles v. Uffordweg;Wilsum;0,1;0,1;0,0;0,0;0,0;0,0
NL:S:47230130;Dorpsweg;Wilsum;0,0;0,1;0,0;0,0;0,0;0,0
NL:S:47230160;Nieuwstad;Wilsum;0,0;0,0;0,0;0,0;0,0;0,0
NL:S:47230180;Westenbergstraat;Wilsum;0,2;0,2;0,0;0,0;0,0;0,0
NL:S:47230200;Wilsumersteeg;Wilsum;0,0;0,0;0,0;0,0;0,0;0,0
NL:S:47230300;Zwolseweg 44;IJsselmuiden;0,0;0,0;0,0;0,0;0,0;0,0
NL:S:47320070;Koelucht;De Zande;0,0;0,0;0,0;0,0;0,0;0,0
NL:S:47320080;Zalkerdijk;De Zande;0,8;0,4;0,0;0,0;0,0;0,0
NL:S:47320110;Oase;Zalk;0,6;0,6;0,0;0,0;0,0;0,0
NL:S:47330120;Beneluxweg;Kampen;6,0;7,3;1,1;1,6;0,0;0,0
NL:S:47330140;Oosterlandenweg;IJsselmuiden;0,1;0,1;0,0;0,0;0,0;0,0
NL:S:47330150;IJsselbrug;Kampen;16,5;16,6;3,7;2,7;0,0;0,0
NL:S:47330160;Venedijk;Kampen;16,8;15,8;0,0;0,0;0,0;0,0
NL:S:47330250;Van Heutszplein;Kampen;1,6;5,8;0,2;0,3;0,0;0,0
NL:S:47331110;Drostenstraat;IJsselmuiden;0,0;0,1;0,0;0,0;0,0;0,0
NL:S:47331130;Markeresstraat;IJsselmuiden;0,0;0,0;0,0;0,0;0,0;0,0
NL:S:47331160;Slenkstraat;IJsselmuiden;0,1;0,0;0,0;0,0;0,0;0,0
NL:S:47331180;Burg. van Engelenweg;IJsselmuiden;2,1;2,0;0,0;0,0;0,0;0,0
NL:S:47331270;Akelei;Kampen;7,6;6,8;1,1;1,2;0,0;0,0
NL:S:47331310;Vijverhof;Kampen;4,3;5,4;0,0;0,0;0,0;0,0
NL:S:47331900;Bovenhavenstraat;Kampen;0,8;0,9;0,0;0,0;0,0;0,0
NL:S:47332200;Koornmarkt;Kampen;0,8;1,3;0,0;0,0;0,0;0,0
NL:S:47332310;Ravensburgstraat;Zwolle;3,5;3,0;0,0;0,0;0,0;0,0
NL:S:47332600;Verzinkerij;IJsselmuiden;0,3;0,5;0,0;0,0;0,0;0,0
NL:S:47332700;Holwortel;Leeuwarden;1,0;1,2;0,1;0,1;0,1;0,1
NL:S:47333300;Oostzeestraat;Kampen;9,2;9,2;0,3;0,6;0,0;0,0
NL:S:47333410;Almere College;Kampen;10,0;8,2;0,0;0,0;0,0;0,0
NL:S:47333500;Nijverheidsstraat;Kampen;17,7;14,8;0,0;0,0;0,0;0,0
NL:S:47334070;Ereprijs;Kampen;5,6;5,6;0,9;1,1;0,0;0,0
NL:S:47334450;Tormentil;Kampen;4,7;4,2;0,8;0,9;0,0;0,0
NL:S:47334750;Isala Polikliniek;Kampen;0,2;0,2;0,0;0,0;0,0;0,0
NL:S:47335000;Station;Kampen;502,0;479,0;109,7;88,9;50,0;69,1
NL:S:47336000;Kalmoessingel;Kampen;17,2;16,4;0,0;0,0;0,0;0,0
NL:S:47420010;Onderdijks;Kampen;0,1;0,1;0,0;0,0;0,0;0,0
NL:S:47430200;Willem Bestevaerstraat;Kolhorn;79,2;45,1;0,0;0,0;0,0;0,0
NL:S:47430300;Oudebosweg;Dronten;0,3;0,4;0,0;0,0;0,0;0,0
NL:S:47530020;Ketelweg;Dronten;0,3;0,4;0,0;0,0;0,0;0,0
NL:S:49000750;Vlieterbrug;Lelystad;0,0;0,0;0,0;0,0;0,0;0,0
NL:S:49005010;Station Centrum;Lelystad;0,0;0,0;0,0;0,0;0,0;0,0
NL:S:49330050;Rietweg;Dronten;0,0;0,0;0,0;0,0;0,0;0,0
NL:S:49340010;Bloemenwijk;Swifterbant;0,1;0,4;0,0;0,0;0,0;0,0
NL:S:49340040;Industrieweg;Swifterbant;0,0;0,0;0,0;0,0;0,0;0,0
NL:S:49340080;De Lange Streek;Swifterbant;0,1;0,4;0,0;0,0;0,0;0,0
NL:S:49340100;Tarpanweg;Swifterbant;0,0;0,1;0,0;0,0;0,0;0,0
NL:S:49430020;Melisse;Dronten;0,1;0,0;0,0;0,0;0,0;0,0
NL:S:49430070;Langstraat Zuid;Dronten;0,0;0,0;0,0;0,0;0,0;0,0
NL:S:49430110;Manege;Dronten;0,0;0,0;0,0;0,0;0,0;0,0
NL:S:49430130;De Ark;Dronten;0,1;0,0;0,0;0,0;0,0;0,0
NL:S:49430210;Langstraat;Dronten;0,0;0,0;0,0;0,0;0,0;0,0
NL:S:49430310;De Ketting;Dronten;0,0;0,0;0,0;0,0;0,0;0,0
NL:S:49430390;Station;Dronten;27,6;61,7;0,0;0,0;0,0;0,0
NL:S:49430430;Dukaat;Dronten;0,0;0,0;0,0;0,0;0,0;0,0
NL:S:49430450;Het Spaarne;Dronten;0,1;0,2;0,0;0,0;0,0;0,0
NL:S:49430490;Beiersgulden;Dronten;0,2;0,0;0,0;0,0;0,0;0,0
NL:S:49430510;Eurosingel;Dronten;0,0;0,0;0,0;0,0;0,0;0,0
NL:S:49430590;Aeres Hogeschool;Dronten;0,0;0,0;0,0;0,0;0,0;0,0
NL:S:49430620;De Morgen;Dronten;0,0;0,0;0,0;0,0;0,0;0,0
NL:S:49430640;De Barrage;Dronten;0,0;0,1;0,0;0,0;0,0;0,0
NL:S:49430740;Meerpaal;Dronten;0,1;0,0;0,0;0,0;0,0;0,0
NL:S:49430760;Centrum;Dronten;1,5;0,0;0,0;0,0;0,0;0,0
NL:S:49530020;Hanzeweg 17;Dronten;0,1;0,1;0,0;0,0;0,0;0,0
NL:S:49613001;Station;Harderwijk;0,0;0,0;0,0;0,0;0,0;0,0
NL:S:49613010;Selhorstweg;Harderwijk;0,0;0,0;0,0;0,0;0,0;0,0
NL:S:49613077;Dolfinarium;Harderwijk;0,0;0,0;0,0;0,0;0,0;0,0
NL:S:49660010;Plein;Biddinghuizen;0,1;0,0;0,0;0,0;0,0;0,0
NL:S:49660030;Havenweg;Biddinghuizen;0,0;0,0;0,0;0,0;0,0;0,0
NL:S:49660050;Dreef;Biddinghuizen;0,0;0,0;0,0;0,0;0,0;0,0
NL:S:49730010;Alikruikweg;Biddinghuizen;0,0;0,0;0,0;0,0;0,0;0,0
NL:S:60340050;Kwekerije;Kampen;0,0;0,0;0,0;0,0;0,0;0,0
NL:S:60440100;Lange Akker;Kampen;0,0;0,0;0,0;0,0;0,0;0,0
NL:S:61368110;Europa Allee;Kampen;0,0;0,0;0,0;0,0;0,0;0,0
NL:S:61369070;Acacialaan;Kampen;0,0;0,0;0,0;0,0;0,0;0,0
NL:S:63005570;Lovinkstraat;Kampen;0,4;0,5;0,0;0,0;0,0;0,0
DE:S:80000510;Markt;Elten;0,1;0,2;0,0;0,0;0,0;0,0
DE:S:80000530;Neustadt;Elten;0,0;0,1;0,0;0,0;0,0;0,0
DE:S:80000560;Hauberg;Elten;0,1;0,2;0,0;0,0;0,0;0,0
DE:S:80000570;Feldhausener Weg;Elten;0,0;0,0;0,0;0,0;0,0;0,0
NL:S:23180210;Avondrust;Makkum;0,4;0,3;0,0;0,0;0,0;0,0
NL:S:24150600;Dorp;Oldeholtwolde;0,2;0,2;0,0;0,0;0,0;0,0
NL:S:34530150;Teenstrapad;De Cocksdorp;8,5;10,3;3,6;4,2;2,4;3,3
NL:S:40000010;Centraal Station;Arnhem;2529,3;2545,5;1365,9;1267,8;1054,7;929,4
NL:S:40000090;Station Velperpoort;Arnhem;644,4;589,8;317,7;277,8;202,6;190,6
NL:S:40000110;Hoflaan;Arnhem;348,1;372,5;135,1;144,0;86,6;102,5
NL:S:40000130;Raapopseweg;Arnhem;229,0;199,5;89,4;86,0;59,7;63,3
NL:S:40000150;Huyghenslaan;Arnhem;40,0;48,7;32,6;39,8;22,7;26,8
NL:S:40000170;Esperantolaan;Arnhem;32,2;41,9;27,0;32,4;16,1;19,9
NL:S:40000190;Vondellaan;Arnhem;78,8;98,0;29,9;28,9;20,2;17,8
NL:S:40000220;Bronbeek;Arnhem;17,8;21,3;12,9;14,3;8,4;9,5
NL:S:40000310;Dedelstraat;Arnhem;21,2;14,8;8,9;6,8;5,3;3,6
NL:S:40000320;van Speykstraat;Arnhem;11,8;8,2;6,4;4,2;4,1;2,6
NL:S:40000340;Delta;Arnhem;9,3;13,3;0,0;0,0;0,0;0,0
NL:S:40000360;IJsseloord 1;Arnhem;24,0;22,2;7,7;6,2;3,5;3,9
NL:S:40000380;Meander;Arnhem;12,9;14,6;0,0;0,0;0,0;0,0
NL:S:40000510;Museum Arnhem;Arnhem;48,1;34,6;23,3;20,0;20,8;12,8
NL:S:40000530;Zwarteweg;Arnhem;63,0;67,3;36,3;32,9;26,0;23,5
NL:S:40000550;Oranjestraat;Arnhem;117,3;111,2;68,3;69,0;40,3;43,2
NL:S:40000570;Klingelbeekseweg;Arnhem;16,8;25,0;7,7;10,8;3,1;5,5
NL:S:40000600;Arnhems Buiten;Arnhem;68,1;75,6;27,6;29,8;20,9;23,9
NL:S:40000650;tunnel IJsseloord;Arnhem;26,2;31,0;10,0;9,9;7,0;6,0
NL:S:40000670;Blankenweg;Arnhem;35,8;47,6;15,6;19,1;10,1;12,2
NL:S:40000690;Dr. C. Lelyweg Noord;Arnhem;35,4;58,5;14,6;21,3;7,9;12,2
NL:S:40000950;IJsseloord 2;Arnhem;8,8;10,1;0,0;0,0;0,0;0,0
NL:S:40000990;Middachtensingel;Arnhem;0,2;6,4;0,0;0,0;0,0;0,0
NL:S:40001050;Sonsbeekweg;Arnhem;2,9;4,3;2,1;2,8;1,5;2,2
NL:S:40001070;Burgemeestersplein;Arnhem;4,2;6,8;2,7;3,7;2,0;2,8
NL:S:40001090;Burg. Weertsstraat;Arnhem;21,9;22,8;15,6;20,8;11,7;12,4
NL:S:40001110;Izaak Evertslaan;Arnhem;9,8;14,3;5,8;10,5;3,7;6,8
NL:S:40001140;van Ruisdaelstraat;Arnhem;10,7;14,0;2,0;4,1;1,6;2,1
NL:S:40001250;Schelmseweg;Arnhem;6,9;7,9;0,0;0,0;0,0;0,0
NL:S:40001600;Het Venster;Arnhem;5,7;0,4;0,0;0,0;0,0;0,0
NL:S:40001620;Beekdal Lyceum;Arnhem;8,4;4,2;0,0;0,0;0,0;0,0
NL:S:40001670;De Drie Gasthuizen;Arnhem;98,1;114,4;32,5;40,0;20,1;23,9
NL:S:40001690;Bernhardlaan;Arnhem;34,6;35,6;27,3;27,7;19,9;19,8
NL:S:40001710;Louis Davidsstraat;Amsterdam;132,9;118,9;63,6;55,4;41,7;37,7
NL:S:40001730;Middenweg;Arnhem;48,6;49,9;36,8;34,7;22,1;20,1
NL:S:40001750;Marktplein (Geitenkamp);Arnhem;105,0;90,9;70,8;65,9;41,4;36,6
NL:S:40001770;Zaslaan;Arnhem;87,8;100,2;59,3;73,4;35,5;47,8
NL:S:40001790;Schuttersbergplein;Arnhem;85,2;91,9;60,4;60,9;37,9;40,5
NL:S:40001810;Roerdomplaan;Arnhem;34,8;41,6;17,8;25,9;11,1;14,8
NL:S:40002050;Bothaplein;Arnhem;9,3;13,0;6,9;9,1;4,2;4,6
NL:S:40002070;Jacob Cremerstraat;Arnhem;26,4;51,1;13,1;24,1;9,8;20,9
NL:S:40002090;Graaf Ottoplein;Arnhem;58,0;62,0;37,1;43,6;24,7;34,4
NL:S:40002110;Graaf Lodewijkstraat;Arnhem;86,6;81,3;52,5;51,7;34,9;40,1
NL:S:40002130;Sint Antonielaan;Arnhem;16,9;33,5;9,7;17,1;5,9;13,2
NL:S:40002150;Heselbergherweg;Arnhem;9,4;8,7;6,4;5,3;3,7;3,6
NL:S:40002170;Ziekenhuis Rijnstate;Arnhem;329,7;312,1;61,4;54,5;40,1;34,3
NL:S:40002550;Airborneplein;Arnhem;177,4;242,9;78,4;104,9;46,5;62,7
NL:S:40002570;Stadstheater Arnhem;Arnhem;99,5;49,2;72,6;21,5;48,5;15,5
NL:S:40002590;De Monchyplein;Arnhem;508,9;517,8;362,1;350,9;234,3;241,3
NL:S:40002610;Groene Weide;Arnhem;120,5;110,7;73,7;68,7;33,4;33,2
NL:S:40002630;Visserslaan;Arnhem;122,9;127,1;57,6;63,5;35,9;41,2
NL:S:40002660;Biezenlaan;Arnhem;111,3;126,3;68,1;82,9;41,9;48,2
NL:S:40002680;Stadswaardenlaan;Arnhem;194,4;154,9;120,7;98,2;67,8;59,9
NL:S:40002770;Immerloo;Arnhem;36,6;39,0;11,7;14,6;6,3;7,3
NL:S:40002800;Oude Huissenseweg;Arnhem;28,4;48,2;17,5;34,1;17,7;29,4
NL:S:40002901;Monnikensteeg;Arnhem;12,0;4,6;1,6;2,4;0,0;0,0
NL:S:40003030;Rozet;Arnhem;23,5;43,4;12,0;18,4;9,6;11,4
NL:S:40003130;Speenkruidstraat;Arnhem;27,9;25,5;12,1;16,4;4,9;5,3
NL:S:40003170;Rijnhal;Arnhem;102,7;95,7;42,1;41,9;35,6;35,8
NL:S:40003200;Winkelcentrum Kronenburg;Arnhem;1012,4;979,3;569,2;529,1;292,2;265,8
NL:S:40003570;Sonsbeek;Arnhem;4,2;9,6;1,5;5,5;0,0;0,0
NL:S:40003650;Wielewaalstraat/Hoogte80;Arnhem;6,4;4,4;1,5;1,7;0,0;0,0
NL:S:40003670;Dominee Bechtlaan;Arnhem;7,1;8,1;3,1;3,3;0,0;0,0
NL:S:40003730;Sparrenweg;Arnhem;9,6;8,5;3,7;3,7;0,0;0,0
NL:S:40003750;Heideweg;Arnhem;9,2;6,8;4,3;2,4;0,0;0,0
NL:S:40003780;Arnhemse Allee;Arnhem;1,6;1,0;0,5;0,4;0,0;0,0
NL:S:40003810;Dennenweg;Arnhem;5,3;5,6;1,8;1,8;0,0;0,0
NL:S:40004001;Centraal Station;Arnhem;4050,2;3850,5;2023,5;1952,5;1738,6;1355,3
NL:S:40004015;Willemsplein;Arnhem;1496,6;1390,4;988,3;896,6;579,3;506,8
NL:S:40004021;Velperplein;Arnhem;2058,6;1899,3;1483,4;1380,5;891,4;826,9
NL:S:40004030;Rijnstraat;Arnhem;448,8;588,4;423,2;589,9;236,6;317,5
NL:S:40004050;de Praets;Arnhem;11,6;39,2;4,9;23,9;4,5;16,4
NL:S:40004070;Zonnedauwweg;Arnhem;11,5;14,4;9,8;10,7;4,1;5,0
NL:S:40004090;Wilgenlaan;Arnhem;36,7;30,6;23,2;19,4;9,7;9,4
NL:S:40004170;De Grote Koppel;Arnhem;67,4;99,1;34,3;53,6;20,3;30,8
NL:S:40004175;Kronenburg;Arnhem;0,0;0,0;0,1;0,1;0,0;0,0
NL:S:40004230;van Berkumstraat;Arnhem;3,8;7,8;3,2;4,8;1,3;2,5
NL:S:40004590;Rietgrachtstraat;Arnhem;166,7;155,5;99,9;96,9;66,3;65,5
NL:S:40004610;Gr. van Prinstererstraat;Arnhem;271,3;241,6;117,3;106,5;78,2;83,5
NL:S:40004630;Hugo de Grootstraat;Arnhem;56,3;152,8;28,8;92,7;17,2;68,9
NL:S:40004640;Hugo de Grootstraat;Arnhem;160,2;56,8;101,7;33,1;65,3;19,7
NL:S:40004650;Maaslaan;Arnhem;47,1;56,0;31,4;37,6;24,0;27,4
NL:S:40004680;Waalstraat;Arnhem;110,5;125,1;69,6;82,1;44,4;57,1
NL:S:40004690;MFC Presikhaven;Arnhem;13,3;12,7;3,9;6,3;1,1;4,9
NL:S:40004700;Lange Wal;Arnhem;205,4;257,2;132,8;178,3;89,8;126,0
NL:S:40004730;Keulse Slag;Arnhem;544,8;506,3;346,3;268,7;234,4;204,0
NL:S:40004750;Zuilesteinlaan/HTS;Arnhem;9,5;16,4;2,2;6,8;1,0;3,0
NL:S:40004780;Elsweide/HAN;Arnhem;78,2;51,2;17,5;10,5;7,4;5,4
NL:S:40004810;IJssellaan/HAN;Arnhem;80,5;80,2;0,0;0,0;0,0;0,0
NL:S:40005330;Station Presikhaaf;Arnhem;97,4;103,4;6,5;3,7;10,5;8,0
NL:S:40005350;Dongestraat;Arnhem;11,0;15,4;1,0;1,3;2,3;3,2
NL:S:40005370;Kinderkamp;Arnhem;52,4;28,3;16,8;13,1;10,8;11,6
NL:S:40005390;Malsenlaan;Arnhem;36,5;34,6;30,3;30,7;18,5;23,4
NL:S:40005430;Grote Durk;Arnhem;29,2;30,3;22,0;25,5;14,3;16,8
NL:S:40005500;Stadskantoor;Arnhem;27,1;28,4;6,0;5,3;6,0;5,9
NL:S:40006570;Badhuisstraat;Arnhem;15,1;16,3;5,8;7,2;3,4;3,8
NL:S:40006650;Van Oldenbarneveldtstraat;Arnhem;10,1;11,7;1,8;2,9;1,1;2,0
NL:S:40006670;Haven;Arnhem;13,4;17,3;2,5;6,8;1,3;2,4
NL:S:40006710;Kleefse Waard;Arnhem;77,7;63,5;1,3;4,0;1,3;2,6
NL:S:40006731;Bruningweg;Arnhem;32,8;22,2;2,0;3,4;0,6;1,0
NL:S:40006750;P. Calandweg;Arnhem;19,6;12,0;2,5;3,6;2,4;2,9
NL:S:40006770;Slaakweg;Arnhem;11,4;13,8;4,0;5,8;3,3;4,8
NL:S:40007090;Fonteinkruidstraat;Arnhem;133,7;128,6;72,8;73,7;54,0;56,3
NL:S:40007530;St. Laurentiuslaan;Arnhem;129,4;121,9;76,6;72,9;38,9;41,2
NL:S:40007570;Fokke Noordhoffstraat;Arnhem;14,0;26,4;12,3;18,1;7,2;11,9
NL:S:40008550;Centraal Station (Sonsbeek);Arnhem;37,8;61,7;2,5;2,7;1,8;1,5
NL:S:40008570;Burg. Weertsstraat;Arnhem;11,6;25,8;3,3;7,8;2,1;3,7
NL:S:40008590;Brouwerijweg;Arnhem;4,3;7,1;1,2;1,4;1,2;1,1
NL:S:40008610;van Wageningenstraat;Arnhem;0,4;61,0;0,0;1,8;0,0;1,1
NL:S:40008620;van Wageningenstraat;Arnhem;5,9;0,7;0,9;0,2;0,3;0,0
NL:S:40008630;Tormentilstraat;Arnhem;35,9;2,9;1,4;1,0;1,1;1,2
NL:S:40008650;Gentiaanstraat;Arnhem;5,2;7,5;2,3;2,0;1,9;2,1
NL:S:40008670;Callunastraat;Arnhem;9,6;12,6;2,5;3,4;0,8;0,9
NL:S:40008690;Het Dorp;Arnhem;25,9;25,5;4,0;6,2;1,9;4,1
NL:S:40008710;Gelredome;Arnhem;75,6;74,6;69,2;79,5;50,8;52,1
NL:S:40008750;Transferium;Arnhem;14,7;29,5;18,9;34,6;10,1;21,2
NL:S:40008840;Brekelenkampstraat;Arnhem;43,2;40,3;4,3;2,9;5,2;7,4
NL:S:40009012;Eusebiuskerk;Arnhem;38,7;58,8;15,0;26,7;8,7;14,8
NL:S:40009019;Dr. C. Lelyweg Zuid;Arnhem;10,9;14,3;7,4;6,8;3,7;3,5
NL:S:40009550;Kamphuizenlaan;Arnhem;61,6;57,8;50,3;50,0;28,9;31,9
NL:S:40009570;Geitenkamp;Arnhem;163,9;155,4;42,2;42,4;28,1;31,6
NL:S:40009580;CIOS;Arnhem;54,0;56,4;1,3;2,1;0,0;0,0
NL:S:40009590;Het Duifje;Arnhem;128,4;106,7;90,5;75,5;41,7;33,4
NL:S:40009600;Presikhaaf/Cannenburgln;Arnhem;79,1;55,0;44,3;34,3;28,2;21,7
NL:S:40010010;Viaduct Kroonse Wal;Arnhem;67,5;66,5;39,7;36,7;27,0;32,6
NL:S:40013170;Osdorpplein Oost;Amsterdam;13,2;13,0;1,9;2,1;1,2;1,3
NL:S:40013210;Croydonplein;Arnhem;11,6;12,8;7,2;11,0;2,7;3,9
NL:S:40013230;Eldens Viaduct;Arnhem;14,6;14,9;14,0;11,2;5,5;5,4
NL:S:40013250;De Brink;Elden;11,1;12,8;8,3;10,2;4,1;4,1
NL:S:40013270;Mr. Merkxstraat;Elden;8,0;8,7;4,4;5,7;2,6;3,2
NL:S:40013290;Mr.D.U.Stikkerstraat;Elden;28,7;29,7;17,8;18,7;8,6;11,2
NL:S:40013310;Randweg;Arnhem;65,5;61,7;23,4;22,4;14,9;16,6
NL:S:40013330;Batavierenweg;Arnhem;2,7;10,0;1,1;4,4;0,6;7,4
NL:S:40013350;Rotterdamsingel;Arnhem;7,4;5,6;1,8;1,1;0,0;0,0
NL:S:40013390;Kroonse Wal;Arnhem;61,8;64,8;43,9;45,7;24,3;28,9
NL:S:40013410;Woudrichemstraat;Arnhem;77,5;68,2;49,0;47,8;31,5;27,8
NL:S:40013450;Brabantweg;Arnhem;30,7;29,4;21,2;22,2;12,5;12,9
NL:S:40013480;Park Lingezegen;Elst;0,8;1,3;0,3;0,8;0,2;0,4
NL:S:40013550;Hollandweg;Arnhem;43,3;50,7;31,0;37,8;21,7;24,3
NL:S:40013570;Wkc Schuytgraaf;Arnhem;9,0;17,2;6,0;11,3;2,8;5,7
NL:S:40013575;Germanenveld;Arnhem;21,7;24,2;8,7;11,0;5,0;5,7
NL:S:40013590;Station Arnhem Zuid;Arnhem;228,9;215,1;120,8;101,5;58,1;59,5
NL:S:40014230;Rijnpoort;Arnhem;23,1;27,7;10,5;18,5;5,0;12,9
NL:S:40014250;Veendamstraat;Arnhem;14,9;19,7;11,0;12,1;6,8;9,4
NL:S:40014270;Winkelcentrum Vredenburg;Arnhem;33,1;31,2;24,0;20,0;16,0;13,8
NL:S:40014290;Frieslandsingel;Arnhem;26,2;23,8;16,2;14,5;11,2;9,8
NL:S:40014291;Holthuizen;Arnhem;0,0;0,0;0,0;0,1;0,1;0,1
NL:S:40014351;Ezingestraat;Arnhem;13,8;15,5;6,1;7,2;3,6;5,6
NL:S:40014370;Aduardstraat;Arnhem;7,2;9,3;4,4;5,5;3,5;5,2
NL:S:40014390;Slochterenweg;Arnhem;5,6;10,9;2,2;3,9;1,7;3,2
NL:S:40017090;Hagemanswei;Arnhem;89,3;95,3;73,7;80,9;45,4;51,3
NL:S:40017110;Bussumstraat;Arnhem;108,7;112,6;76,5;80,6;45,0;52,5
NL:S:40017130;Winkelcentrum Elderhof;Arnhem;247,2;238,0;177,3;167,4;103,7;105,3
NL:S:40017150;Hillegomweg;Arnhem;78,4;86,2;48,6;63,3;34,5;47,0
NL:S:40018231;Groningensingel;Arnhem;204,2;195,2;84,2;82,6;61,0;64,8
NL:S:40018240;Kronenburgsingel;Arnhem;0,0;0,0;0,0;0,1;0,0;0,0
NL:S:40018250;Mooieweg;Arnhem;62,9;63,0;38,2;38,2;24,0;23,6
NL:S:40018270;Overmaat;Arnhem;46,7;47,7;18,9;17,7;9,4;11,1
NL:S:40018310;Zeelandsingel;Arnhem;9,4;11,1;8,4;9,0;3,1;2,8
NL:S:40018330;Terneuzenstraat;Arnhem;18,9;17,3;19,1;16,5;8,6;6,3
NL:S:40018350;Verlengde Tweede Groenedijk;Emmer-Compascuum;39,4;42,2;27,7;31,9;17,8;20,5
NL:S:40018370;Maastrichtsingel;Arnhem;28,2;29,6;15,9;16,6;9,5;10,6
NL:S:40018390;Sittardstraat;Arnhem;23,6;25,5;14,8;18,0;8,7;11,5
NL:S:40018410;Altweertstraat;Arnhem;11,8;16,0;8,2;11,8;5,1;6,6
NL:S:40018490;Lange Akkers/Limburgsngl;Arnhem;32,4;30,3;25,9;25,9;14,6;15,8
NL:S:40018530;De Pas;Arnhem;18,1;25,9;14,1;19,3;7,3;11,9
NL:S:40018750;Poli Zuid;Arnhem;130,5;133,9;59,4;62,8;32,6;33,4
NL:S:40018780;Rijkerswoerd;Arnhem;136,1;125,7;88,1;78,5;51,4;51,9
NL:S:40018890;Dr. J. den Uylsingel;Arnhem;60,0;71,5;37,2;51,1;22,2;29,8
NL:S:40018910;Otis Reddingplein;Arnhem;60,4;55,3;40,4;38,4;24,6;22,8
NL:S:40018930;Mr. Oudsingel;Arnhem;113,6;118,1;76,2;81,0;48,5;44,0
NL:S:40018935;Gerbrandysingel;Arnhem;84,5;66,3;53,1;40,3;30,6;28,9
NL:S:40019530;De Laar/Bredasingel;Arnhem;66,9;65,0;45,2;42,2;25,0;25,6
NL:S:40019570;Luchtvaart;Arnhem;19,2;16,1;12,4;11,0;6,1;6,6
NL:S:40019590;Ringdijk;Arnhem;3,3;4,9;2,4;3,6;1,2;2,2
NL:S:40019610;Centraalspoor;Arnhem;10,7;10,5;6,6;7,3;3,5;4,1
NL:S:40019630;De Zeis;Arnhem;75,3;67,2;42,4;37,7;26,2;25,3
NL:S:40019650;Koningskers;Arnhem;17,9;20,4;10,0;12,1;5,4;6,1
NL:S:40019670;Pachterwaard;Arnhem;18,6;18,9;10,3;11,5;7,0;7,3
NL:S:40019690;Metamorfosenallee;Arnhem;6,0;6,4;4,2;5,0;3,3;4,2
NL:S:40019710;Herfsttooi;Arnhem;22,1;23,2;8,8;9,9;5,4;7,3
NL:S:40070010;C. van Maasdijklaan;Schaarsbergen;6,5;5,5;0,0;0,0;0,0;0,0
NL:S:40071150;Jacob Marislaan;Arnhem;26,0;28,2;4,6;5,9;3,8;4,5
NL:S:40071170;Mesdaglaan;Arnhem;8,3;11,7;5,8;8,6;3,6;5,1
NL:S:40071191;Schelmseweg;Arnhem;13,1;13,7;9,0;7,2;6,6;5,0
NL:S:40072160;Oremusplein;Arnhem;37,4;56,8;28,9;57,4;18,3;39,4
NL:S:40072180;Beethovenlaan;Arnhem;35,0;20,1;26,2;11,6;13,2;1,2
NL:S:40072210;Chopinstraat;Arnhem;18,4;10,2;14,6;5,0;9,5;2,1
NL:S:40072250;Moscowa;Arnhem;6,6;7,0;4,7;5,0;0,0;0,0
NL:S:40072270;Openluchtmuseum Oost;Arnhem;11,9;20,2;7,3;13,1;0,0;0,0
NL:S:40072300;Openluchtmuseum West;Arnhem;39,7;15,2;51,3;24,5;33,8;17,8
NL:S:40072360;Peter van Anrooylaan;Arnhem;5,6;28,7;1,1;23,4;0,6;15,8
NL:S:40072370;Ravelstraat;Arnhem;5,5;9,0;5,0;9,5;3,3;6,5
NL:S:40078790;Lijnbaan;Schaarsbergen;6,9;6,1;4,7;5,1;2,6;2,9
NL:S:40078810;Warnsborn;Schaarsbergen;5,3;7,1;5,2;7,3;4,0;4,2
NL:S:40078830;Menthenbergseweg;Schaarsbergen;7,8;7,6;3,1;3,4;1,8;1,9
NL:S:40078850;Kemperbergerweg;Schaarsbergen;2,8;3,2;2,3;2,1;1,3;1,3
NL:S:40078870;Casa Nova;Schaarsbergen;3,0;2,6;2,9;2,5;1,6;1,7
NL:S:40078890;Dennenheide;Schaarsbergen;0,2;0,5;0,2;0,4;0,3;0,3
NL:S:40078910;Pannekoekhuis;Schaarsbergen;5,8;5,2;5,6;4,6;4,2;3,1
NL:S:40078930;Museum 40-45;Schaarsbergen;7,6;12,4;5,6;8,2;4,6;5,9
NL:S:40078950;Koningsweg;Schaarsbergen;15,8;15,0;21,7;21,1;15,7;14,0
NL:S:40078990;Kaderschool Luchtmacht;Schaarsbergen;2,0;2,6;0,0;0,0;0,0;0,0
NL:S:40079010;Viersprong;Schaarsbergen;3,6;3,2;0,0;0,0;0,0;0,0
NL:S:40079030;I.P.C.;Schaarsbergen;4,0;5,8;0,0;0,0;0,0;0,0
NL:S:40079510;Burgers' Zoo;Arnhem;59,7;60,5;77,6;79,3;55,1;58,1
NL:S:40079550;Alteveer;Arnhem;2,1;5,8;0,5;2,3;0,0;0,0
NL:S:40100010;Kerklaan;Doorwerth;7,6;11,5;5,6;8,2;5,4;9,4
NL:S:40100020;Wolfhezerweg;Oosterbeek;10,7;10,6;7,3;7,7;4,9;4,6
NL:S:40100040;d'Oude Herbergh;Oosterbeek;25,4;31,9;14,4;18,3;10,3;13,3
NL:S:40100060;Airborne Museum;Oosterbeek;20,7;24,1;16,2;17,6;13,1;15,9
NL:S:40100080;Vogelweg;Oosterbeek;28,2;23,6;16,0;15,2;9,8;7,5
NL:S:40100160;Station Oosterbeek;Oosterbeek;36,3;28,8;29,0;27,4;15,2;13,7
NL:S:40100220;Julianaweg;Oosterbeek;6,4;10,3;4,0;6,0;2,2;3,1
NL:S:40100230;Rechterenborg;Oosterbeek;2,3;2,7;1,9;2,3;0,0;0,0
NL:S:40100250;Parkflat de Valkenburcht;Oosterbeek;0,7;0,6;0,4;0,2;0,0;0,0
NL:S:40100270;Valkenburglaan;Oosterbeek;0,2;0,2;0,1;0,1;0,0;0,0
NL:S:40100290;Bilderberglaan;Oosterbeek;0,0;0,1;0,0;0,1;0,0;0,0
NL:S:40100330;Sonnenberglaan;Oosterbeek;0,1;0,2;0,0;0,2;0,0;0,0
NL:S:40100610;Mariendaal;Oosterbeek;11,1;10,5;7,8;8,2;5,3;5,7
NL:S:40100650;Beukenlaan;Oosterbeek;86,6;102,2;56,2;68,1;44,6;52,1
NL:S:40100670;Weverstraat;Oosterbeek;105,2;104,5;78,0;80,2;47,5;47,2
NL:S:40100700;Gemeentehuis;Oosterbeek;105,8;96,3;73,5;67,3;36,4;33,9
NL:S:40100720;A. Weeninklaan;Oosterbeek;12,2;21,8;8,9;17,6;5,2;9,7
NL:S:40100740;Cronjeweg;Oosterbeek;10,3;18,3;9,6;15,3;3,3;5,8
NL:S:40100790;Gzc De Dennenkamp;Oosterbeek;0,8;1,9;0,2;0,7;0,0;0,0
NL:S:40100810;Tuin de Lage Oorsprong;Oosterbeek;0,3;0,3;0,6;0,7;0,0;0,0
NL:S:40100850;Oude Oosterbeekseweg;Heveadorp;0,6;0,5;0,3;0,3;0,0;0,0
NL:S:40100870;Westerbouwing;Oosterbeek;0,1;0,1;0,2;0,1;0,0;0,0
NL:S:40105670;Van Toulon v.d. Koogweg;Oosterbeek;5,5;5,9;3,4;4,3;1,9;2,0
NL:S:40105690;Oude Kerk;Oosterbeek;6,9;7,1;5,6;6,9;3,3;3,1
NL:S:40105710;Kneppelhoutweg;Oosterbeek;3,2;3,1;2,2;2,4;1,3;1,1
NL:S:40105730;van Borsselenweg;Oosterbeek;0,7;0,8;1,0;0,8;0,5;0,4
NL:S:40105750;Drielse Veer;Oosterbeek;1,7;1,3;1,7;2,2;1,6;1,6
NL:S:40105770;Dunolaan;Heveadorp;3,6;4,1;4,0;4,5;3,6;3,1
NL:S:40105790;Beeklaan;Heveadorp;8,8;6,7;7,2;6,0;3,4;3,0
NL:S:40105810;Wilhelmilaan;Heveadorp;6,4;7,4;5,8;5,2;2,8;3,3
NL:S:40120010;Aansluiting A12;Duiven;14,9;21,6;5,7;7,6;10,1;11,5
NL:S:40120030;Hotel De Roskam;Rheden;3,2;1,4;0,8;0,8;0,6;0,6
NL:S:40120050;Beekhuizenseweg;Velp;58,2;62,5;25,6;29,3;14,4;16,8
NL:S:40120070;A.G. Hofkeslaan;Velp;2,6;3,1;1,9;1,6;2,0;1,7
NL:S:40120110;Gasthuislaan;Velp;25,0;16,3;3,3;0,9;2,4;0,8
NL:S:40120140;Reigerstraat;Velp;0,6;1,1;0,2;1,9;0,6;0,8
NL:S:40120150;Gruttostraat;Velp;93,8;73,7;5,9;4,7;4,3;4,9
NL:S:40120230;Rozenhagelaan;Velp;19,3;25,9;13,8;20,2;9,3;12,3
NL:S:40120250;Nordlaan;Velp;137,9;141,7;45,1;43,0;29,8;36,2
NL:S:40120270;Wilhelminastraat;Velp;147,7;150,7;122,0;127,7;68,5;83,1
NL:S:40120290;Emmastraat;Velp;85,8;92,9;62,2;69,9;39,7;51,3
NL:S:40120310;Hogeweg;Velp;35,8;35,3;24,7;28,4;21,5;21,2
NL:S:40120330;Heemskerklaan;Velp;16,1;9,1;7,6;6,8;7,1;5,3
NL:S:40123750;Rhedens Lyceum;Rozendaal;3,0;4,8;0,4;0,1;0,0;0,0
NL:S:40123790;Kerklaan;Rozendaal;4,8;6,1;2,2;4,2;0,0;0,0
NL:S:40123810;Hertog van Gelrestraat;Rozendaal;1,8;2,4;1,0;0,8;0,0;0,0
NL:S:40123830;Bergweg;Velp;1,9;3,2;0,9;1,2;0,0;0,0
NL:S:40123910;Den Heuvel;Velp;8,6;10,8;3,5;4,4;0,0;0,0
NL:S:40123930;Kerkstraat;Velp;4,9;5,7;2,1;2,1;0,0;0,0
NL:S:40123950;Velperbroek;Velp;45,4;43,8;8,1;6,6;6,9;6,6
NL:S:40123980;Ziekenhuis;Velp;9,2;7,5;2,2;1,7;0,0;0,0
NL:S:40123990;Ziekenhuis/Waterstraat;Velp;79,8;88,5;13,5;10,5;11,8;15,8
NL:S:40124030;Haverland;Velp;13,5;20,2;7,1;7,5;7,5;9,8
NL:S:40124070;Graaf Gerhardstraat;Velp;60,8;60,3;5,6;4,1;7,3;8,1
NL:S:40124820;Rozendaalselaan;Velp;3,2;3,3;0,9;1,2;0,0;0,0
NL:S:40124840;Biesdelselaan;Velp;11,0;13,2;2,0;1,4;0,0;0,0
NL:S:40129183;Graaf Ottostraat;Velp;49,3;42,4;9,7;7,8;11,1;12,6
NL:S:40129193;Oosterwolde;Velp;1,1;1,2;1,0;1,4;1,1;1,2
NL:S:40160070;Maasbergseweg;Arnhem;3,2;7,0;0,0;0,0;0,0;0,0
NL:S:40160080;De Leeren Doedel;Arnhem;0,7;0,7;0,0;0,0;0,0;0,0
NL:S:40160110;De Vijverberg;Arnhem;0,3;0,7;0,0;0,0;0,0;0,0
NL:S:40160130;Klein Warnsborn;Arnhem;5,4;2,9;0,0;0,0;0,0;0,0
NL:S:40160160;Sportcentrum Papendal;Arnhem;77,9;79,2;0,0;0,0;0,0;0,0
NL:S:40160170;v.d. Valk Hotel Arnhem;Arnhem;0,1;6,4;0,0;0,0;0,0;0,0
NL:S:40169091;Van der Valk/Papendal;Arnhem;12,6;0,3;0,0;0,0;0,0;0,0
NL:S:40170030;Hoenderloseweg;Deelen;0,9;0,0;0,0;0,0;0,0;0,0
NL:S:40200010;Heidesteinlaan;Renkum;44,5;42,0;16,5;15,8;13,1;12,6
NL:S:40200020;Patrimoniumweg;Heelsum;30,3;29,5;17,5;17,6;13,2;13,6
NL:S:40200040;Het Beekdal;Heelsum;23,2;26,2;15,2;18,8;13,8;14,4
NL:S:40200060;Doorwerthsestraat;Heelsum;8,2;8,4;7,6;6,6;4,8;4,6
NL:S:40200080;Kievitsdel;Heelsum;2,1;8,9;1,7;9,0;1,8;7,0
NL:S:40200090;Kievitsdel;Doorwerth;5,9;1,8;5,2;1,4;6,3;1,0
NL:S:40200100;Mooiland;Doorwerth;5,9;7,0;2,8;3,9;2,4;3,4
NL:S:40200120;Kasteelweg;Doorwerth;20,2;19,2;8,7;10,1;7,7;10,9
NL:S:40200190;Winkelcentr. De Weerd;Doorwerth;61,5;58,3;50,1;44,8;19,8;16,0
NL:S:40200220;Kievitsdel;Doorwerth;7,2;5,7;7,8;4,5;3,9;3,5
NL:S:40200240;Van Aldenburglaan;Doorwerth;1,8;2,7;1,2;2,2;0,7;0,9
NL:S:40200270;Hackettweg;Heelsum;17,5;16,1;10,7;9,8;4,9;4,7
NL:S:40200290;Dopheidelaan;Heelsum;11,1;14,4;10,5;13,3;4,5;5,4
NL:S:40200310;Rolandseck;Doorwerth;1,8;1,3;2,0;1,4;0,0;0,0
NL:S:40200330;Spechtlaan;Doorwerth;0,9;0,9;0,3;0,2;0,0;0,0
NL:S:40200490;Heidestein;Heelsum;1,7;2,1;0,0;0,0;0,0;0,0
NL:S:40205830;Van der Molenplein;Doorwerth;4,9;12,1;3,9;9,4;2,5;4,8
NL:S:40205850;Berkenlaan;Doorwerth;55,7;48,4;29,5;29,0;16,7;16,1
NL:S:40210030;Hotel  Wolfheze;Wolfheze;0,6;0,6;0,5;0,4;0,0;0,0
NL:S:40210050;Balijeweg;Wolfheze;0,4;0,4;0,3;0,1;0,0;0,0
NL:S:40210070;Station Wolfheze;Wolfheze;2,2;2,9;2,5;2,7;0,0;0,0
NL:S:40210100;Het Schild;Wolfheze;4,4;3,0;2,0;1,7;0,0;0,0
NL:S:40210180;Station/Parallelweg;Wolfheze;2,3;3,1;0,0;0,0;0,0;0,0
NL:S:40210200;Boshoeve;Wolfheze;0,0;0,1;0,0;0,0;0,0;0,0
NL:S:40210220;De Buunderkamp;Wolfheze;0,4;0,5;0,0;0,0;0,0;0,0
NL:S:40220070;Polenplein;Driel;2,1;1,7;0,0;0,0;0,0;0,0
NL:S:40220090;Ausemsstraat;Driel;0,6;0,6;0,0;0,0;0,0;0,0
NL:S:40220110;Cremerstraat;Driel;0,5;0,3;0,0;0,0;0,0;0,0
NL:S:40221020;Grote Breeken;Driel;7,4;6,9;3,1;3,5;2,2;2,6
NL:S:40221190;De Meikers;Driel;30,4;29,5;13,5;13,3;10,1;8,8
NL:S:40221210;Broeksingel;Driel;16,2;14,2;7,4;6,6;5,4;5,1
NL:S:40221310;Vredesteinsestraat;Driel;1,3;1,1;0,4;0,4;0,2;0,1
NL:S:40221330;Noordhoeksestraat;Driel;0,7;0,6;0,4;0,3;0,2;0,2
NL:S:40300040;Bokkedijk;Renkum;1,3;2,8;1,2;2,4;0,5;1,1
NL:S:40300060;Nieuweweg;Renkum;52,0;46,6;39,3;32,6;22,3;22,9
NL:S:40300080;Europalaan;Renkum;66,4;64,3;43,0;44,6;22,1;26,2
NL:S:40300100;Don Boscoweg;Renkum;37,0;36,0;23,7;20,8;15,1;19,9
NL:S:40300120;Groeneweg;Renkum;22,4;22,8;12,2;13,3;10,1;13,3
NL:S:40300170;Telefoonweg;Renkum;11,3;10,8;5,5;7,3;3,3;3,1
NL:S:40300190;Fluitersheuvel;Renkum;15,2;17,5;7,1;8,5;4,7;6,2
NL:S:40300230;Bellevue;Renkum;17,1;17,7;11,7;10,3;6,8;6,3
NL:S:40300270;Doelum;Renkum;16,5;17,1;8,3;9,2;4,9;5,2
NL:S:40300380;Maatweg;Renkum;0,0;0,0;0,0;0,0;0,0;0,0
NL:S:40300410;IJsbaan/Kortenburg;Renkum;0,2;0,2;0,0;0,0;0,0;0,0
NL:S:40300450;Waterweg;Renkum;0,4;0,3;0,0;0,0;0,0;0,0
NL:S:40300480;Nieuwe Keijenbergseweg;Renkum;0,6;0,4;0,0;0,0;0,0;0,0
NL:S:40300490;van Riessenstraat;Renkum;0,3;0,3;0,0;0,0;0,0;0,0
NL:S:40300500;Dorpsstraat;Renkum;0,2;0,4;0,0;0,0;0,0;0,0
NL:S:40300510;Centrum;Renkum;0,6;0,7;0,0;0,0;0,0;0,0
NL:S:40300530;Wilgenpas;Renkum;2,5;2,1;0,0;0,0;0,0;0,0
NL:S:40320070;Poort v. Midden Gld Gr.;Heteren;5,9;24,3;0,0;0,0;0,0;0,0
NL:S:40320130;Nachtegaalstraat;Heteren;0,6;2,1;0,0;0,0;0,0;0,0
NL:S:40320160;Elzenpas;Heteren;6,6;12,4;2,7;6,9;1,2;4,4
NL:S:40320210;Beemdhof;Heteren;24,1;32,1;11,1;17,1;8,3;12,2
NL:S:40320240;Schaapsakker;Heteren;6,2;0,3;2,9;0,1;2,1;0,1
NL:S:40320320;Schoutenkamp;Heteren;3,8;2,1;0,0;0,0;0,0;0,0
NL:S:40320360;Heetveld;Heteren;11,7;12,9;5,8;6,5;3,9;4,2
NL:S:40320380;Onze Lieve Vrouwestraat;Heteren;19,0;6,1;9,3;2,7;4,6;1,7
NL:S:40320390;Polderstraat;Heteren;47,3;29,8;14,3;11,2;5,3;3,5
NL:S:40321330;Uilenburgsestraat;Heteren;1,5;2,2;0,9;1,2;0,6;0,7
NL:S:40321350;Achterstraat/PvMG;Heteren;31,2;45,9;17,4;34,2;2,6;15,0
NL:S:40400080;Arboretumlaan;Wageningen;26,8;25,1;19,6;17,4;12,8;21,5
NL:S:40400100;Diedenweg;Wageningen;38,7;42,2;34,4;29,0;21,9;42,9
NL:S:40400170;Wageningse Berg;Wageningen;31,5;35,7;22,8;29,8;18,4;23,2
NL:S:40405000;Busstation;Wageningen;452,4;395,9;372,6;290,6;201,8;316,0
NL:S:40410030;Oranje Nassau's Oord;Wageningen;0,7;0,9;0,0;0,0;0,0;0,0
NL:S:40410050;Begraafplaats;Wageningen;0,5;0,3;0,0;0,0;0,0;0,0
NL:S:40432001;De Harmonie;Laag-Soeren;1,5;2,9;0,9;1,2;1,1;1,5
NL:S:40433002;'t Veentje;Eerbeek;0,2;0,6;0,2;0,3;0,2;0,6
NL:S:40441001;Harderwijkerweg;Loenen;0,1;0,4;0,0;0,6;0,0;0,3
NL:S:40441003;Bergakkerweg;Loenen;0,1;0,4;0,0;0,2;0,2;0,3
NL:S:40441005;Bruisbeek;Loenen;0,4;1,3;0,2;1,2;0,4;0,9
NL:S:40441007;Leeuwenbergweg;Loenen;0,2;0,5;0,0;0,3;0,2;0,5
NL:S:40441009;Hoge Bergweg;Loenen;0,3;0,8;0,4;0,8;0,6;1,0
NL:S:40451009;Hagenbrug;Beekbergen;0,1;0,0;0,1;0,1;0,1;0,1
NL:S:40451013;De Wipselberg;Beekbergen;0,0;0,1;0,0;0,2;0,2;0,3
NL:S:40451015;Hulleweg;Beekbergen;0,0;0,1;0,1;0,1;0,0;0,2
NL:S:40451017;Zonnehuis;Beekbergen;0,1;0,1;0,1;0,1;0,1;0,0
NL:S:40451019;Kerkweg;Beekbergen;0,1;0,2;0,1;0,1;0,1;0,1
NL:S:40451021;Koningsweg;Beekbergen;0,0;0,2;0,0;0,1;0,0;0,0
NL:S:40451034;Laan van Westenenk;Apeldoorn;0,0;0,1;0,0;0,2;0,0;0,0
NL:S:40451501;Laan van Malkenschoten;Apeldoorn;0,1;0,3;0,0;0,1;0,1;0,2
NL:S:40543003;Coldenhovenseweg;Eerbeek;0,5;1,8;0,4;1,6;0,3;1,2
NL:S:40543005;Loubergweg;Eerbeek;1,0;3,4;0,2;0,9;0,6;0,9
NL:S:40543007;Centrum;Eerbeek;1,1;4,1;0,7;2,1;0,7;2,3
NL:S:40543009;Offenbachstraat;Eerbeek;2,4;8,7;0,9;2,9;1,2;3,4
NL:S:40543011;Ringlaan;Eerbeek;1,5;5,6;0,3;1,2;0,5;1,7
NL:S:40543013;Vondellaan;Eerbeek;1,2;4,0;0,5;0,9;0,6;1,3
NL:S:40551001;Station;Apeldoorn;2,1;3,4;2,6;2,9;2,3;3,5
NL:S:40551019;Hoofdstraat;Apeldoorn;0,6;1,7;1,5;1,3;0,5;1,0
NL:S:40551021;Amaliapark;Apeldoorn;0,2;0,3;0,2;0,6;0,3;0,3
NL:S:40551023;Zichtweg;Apeldoorn;0,1;0,2;0,1;0,2;0,2;0,2
NL:S:40551025;Eendrachtstraat;Apeldoorn;0,1;0,3;0,1;0,2;0,1;0,1
NL:S:40551027;Aluminiumweg;Apeldoorn;0,0;0,1;0,1;0,1;0,1;0,1
NL:S:40551029;Sebastiaanplein;Apeldoorn;0,1;0,2;0,1;0,0;0,0;0,2
NL:S:40551031;Chopinlaan;Apeldoorn;0,1;0,5;0,2;0,2;0,2;0,2
NL:S:41110030;Grevenveld;Huissen;68,0;68,0;44,6;48,6;28,0;29,3
NL:S:41110050;Nielant;Huissen;137,3;138,2;80,1;85,5;51,3;52,1
NL:S:41110070;Heirweg;Huissen;48,0;55,0;32,0;38,1;20,4;26,2
NL:S:41110090;Bredestraat;Huissen;78,2;70,6;46,7;42,1;32,1;31,4
NL:S:41110110;Langekerkstraat;Huissen;79,7;81,4;58,0;57,4;36,3;37,6
NL:S:41110150;Stadswal;Huissen;79,8;80,3;36,7;39,0;23,9;24,8
NL:S:41110170;Binnenveld;Huissen;7,8;8,6;4,6;5,1;2,8;3,4
NL:S:41110210;Valom;Huissen;12,5;15,7;6,6;12,0;5,0;6,2
NL:S:41110230;Florapark;Huissen;39,3;37,7;21,8;19,6;14,2;12,8
NL:S:41110250;Nieuwediep;Huissen;12,4;11,8;5,2;6,1;2,7;4,0
NL:S:41110300;Agropark;Huissen;45,8;49,8;13,9;14,4;7,5;7,9
NL:S:41110310;Bergerden;Huissen;10,0;10,8;0,0;0,0;0,0;0,0
NL:S:41110330;Oosterdiep Westzijde 97;Emmer-Compascuum;0,8;1,7;0,4;1,0;0,2;0,6
NL:S:41110360;Geldersch Oord;Angeren;1,6;1,5;0,8;0,5;0,7;0,4
NL:S:41110370;Hedera;Huissen;2,7;2,8;0,0;0,0;0,0;0,0
NL:S:41110390;Mea Vota;Huissen;48,8;50,1;32,6;31,8;18,0;20,0
NL:S:41150010;Dorpstraat/Hamersetraat;Westervoort;0,2;0,2;0,0;0,0;0,0;0,0
NL:S:41150050;Het Ambacht;Westervoort;4,2;3,5;2,4;1,5;0,5;0,2
NL:S:41150070;Leigraaf;Westervoort;18,3;13,9;13,8;12,3;7,6;6,4
NL:S:41150110;Sonnedach;Westervoort;54,6;63,0;41,3;44,2;25,6;29,7
NL:S:41150130;Sporthal de Pals;Westervoort;8,9;11,7;8,2;11,2;4,6;5,6
NL:S:41150150;Vredenburg;Westervoort;11,4;12,7;9,0;10,3;6,2;6,4
NL:S:41151010;Lange Maat;Westervoort;7,1;8,6;4,7;6,5;2,8;3,4
NL:S:41151030;Ganzenpoel;Westervoort;49,3;40,2;34,5;28,8;20,3;17,1
NL:S:41151050;Nieuwhof;Westervoort;39,6;44,9;23,6;26,5;13,8;16,7
NL:S:41151070;Santacker;Westervoort;38,6;40,1;29,0;31,6;14,8;18,1
NL:S:41151090;Emmerik;Westervoort;26,8;25,8;15,3;17,1;8,8;10,9
NL:S:41151210;Station Westervoort;Westervoort;139,8;153,9;68,6;71,0;32,6;29,3
NL:S:41152090;Heilweg;Westervoort;13,4;12,7;7,2;5,7;4,5;4,0
NL:S:41200040;Platinaweg;Elst;5,9;8,6;0,0;0,0;0,0;0,0
NL:S:41200070;Grote Molenstraat;Elst;1,5;2,8;0,2;0,5;0,1;0,2
NL:S:41200090;Brahmsstraat;Elst;2,2;4,3;0,9;2,3;0,2;0,8
NL:S:41200110;W. de Zwijgerstraat;Elst;14,5;10,3;8,4;5,1;4,8;2,8
NL:S:41200130;Prinsenhof;Elst;29,2;27,7;19,6;19,6;11,6;9,5
NL:S:41200150;Kerkeakkers;Elst;30,5;28,8;18,4;17,8;9,4;10,2
NL:S:41200170;Zwartenhof;Elst;2,3;3,3;1,6;2,3;1,2;1,3
NL:S:41200190;Lange Dreef/Willemsstr.;Elst;14,7;14,5;5,1;6,0;1,9;2,0
NL:S:41200210;de Griend;Elst;29,2;30,2;18,5;21,4;15,9;19,0
NL:S:41200230;Sportpark de Pas;Elst;0,8;1,5;0,7;1,2;0,2;0,6
NL:S:41200250;de Vork;Elst;0,4;0,4;0,4;0,6;0,3;0,2
NL:S:41200270;Sint Maartenstraat;Elst;1,6;0,4;0,0;0,0;0,0;0,0
NL:S:41200290;Europaplein;Elst;1,2;0,8;0,0;0,0;0,0;0,0
NL:S:41200310;Kleipeer;Elst;7,3;7,1;0,0;0,0;0,0;0,0
NL:S:41200330;Vergert;Elst;5,3;6,2;0,0;0,0;0,0;0,0
NL:S:41200350;Dorpsstraat;Elst;30,2;35,9;16,0;17,3;11,4;15,6
NL:S:41200370;Bemmelseweg;Elst;5,6;8,9;0,0;0,0;0,0;0,0
NL:S:41200510;Griegstraat;Elst;2,1;6,2;1,1;5,0;0,6;2,5
NL:S:41200530;De Wuurde;Elst;32,1;28,4;24,0;22,8;12,5;12,2
NL:S:41200600;Sneeuwjacht;Elst;18,1;19,9;10,6;10,6;6,6;7,8
NL:S:41200620;Morgenster;Elst;39,5;39,7;18,4;19,0;14,6;16,2
NL:S:41200730;Station Elst;Elst;172,1;155,5;27,7;24,1;23,5;19,3
NL:S:41210070;Oostervelden;Bemmel;6,6;8,1;2,5;3,1;1,0;1,5
NL:S:41210090;Klappenburgstraat;Bemmel;7,9;7,8;4,5;5,3;1,9;2,7
NL:S:41210110;Sportlaan;Bemmel;17,8;18,3;7,3;7,4;3,7;3,8
NL:S:41210130;Gemeentehuis;Bemmel;16,6;19,7;7,9;9,9;3,5;4,7
NL:S:41210150;Molenwei;Bemmel;4,5;4,8;2,1;3,2;1,3;1,6
NL:S:41210170;Vossenhol;Bemmel;3,2;5,8;2,9;4,5;0,9;2,6
NL:S:41210200;de Pas;Bemmel;0,3;0,3;0,4;0,6;0,2;0,3
NL:S:41210210;De Rosmolen;Bemmel;4,4;4,5;0,0;0,0;0,0;0,0
NL:S:41210230;Loostraat;Bemmel;85,7;84,6;49,0;49,3;34,9;34,8
NL:S:41210270;Dorpsstraat;Bemmel;72,2;74,5;39,9;39,8;27,2;27,2
NL:S:41210490;De Essenpas;Haalderen;5,1;5,4;1,3;1,9;0,7;0,8
NL:S:41210510;Papenstraat;Bemmel;120,6;115,0;52,7;51,4;35,3;33,6
NL:S:41210650;Klein Rome;Bemmel;37,2;37,0;22,2;24,4;13,9;14,9
NL:S:41210680;Kerkenhofstraat;Ressen;5,6;6,2;3,3;3,2;2,6;2,1
NL:S:41210690;Parksingel;Bemmel;43,1;43,7;21,9;22,2;16,8;16,9
NL:S:41220010;Avegoor;Ellecom;2,1;3,3;1,7;2,0;1,7;1,9
NL:S:41220030;Oprijlaan Middachten;De Steeg;0,9;0,6;0,1;0,4;0,2;0,5
NL:S:41220050;Smidsallee;De Steeg;1,2;1,5;0,9;0,8;0,7;0,6
NL:S:41220070;Brantsenpark;De Steeg;8,2;9,9;6,4;5,7;5,6;6,9
NL:S:41220090;Viaduct;De Steeg;0,7;0,7;0,5;0,4;0,2;0,4
NL:S:41220110;Rozenbos;Rheden;0,7;1,0;0,8;0,9;0,6;0,5
NL:S:41220130;Pinkelseweg;Rheden;0,4;0,8;0,4;0,5;0,3;0,9
NL:S:41220150;Groenestraat;Rheden;9,8;9,9;7,1;6,3;8,2;7,0
NL:S:41220170;Holtbankseweg;Rheden;2,3;3,4;1,0;1,3;1,4;2,3
NL:S:41220190;Rhederhof;Rheden;5,6;6,6;4,9;4,2;5,5;5,7
NL:S:41220550;NH Kerk;Rheden;5,3;5,0;0,0;0,0;0,0;0,0
NL:S:41220570;Oranjeweg;Rheden;13,3;8,5;0,0;0,0;0,0;0,0
NL:S:41220590;v. Heerdtplein;Rheden;8,4;7,3;0,0;0,0;0,0;0,0
NL:S:41220650;Overweg;Rheden;1,6;2,7;0,0;0,0;0,0;0,0
NL:S:41230010;Groenestraat;Giesbeek;7,9;8,9;1,5;1,6;2,3;2,5
NL:S:41230030;Kerkstraat;Lathum;8,3;8,5;1,4;1,7;1,8;1,9
NL:S:41230050;Rijderbosweg;Lathum;0,7;1,0;0,1;0,1;0,0;0,2
NL:S:41250010;Helhoek;Duiven;0,1;0,1;0,0;0,1;0,0;0,0
NL:S:41250030;De Plak;Duiven;0,1;0,2;0,2;0,4;0,0;0,0
NL:S:41250050;Vergertlaan;Duiven;12,4;9,7;0,0;0,0;0,0;0,0
NL:S:41250090;Dorp;Duiven;17,2;20,0;12,6;15,8;9,0;9,1
NL:S:41250110;Thuvine;Duiven;3,5;5,6;2,8;4,9;2,1;2,7
NL:S:41250130;van Goyenstraat;Duiven;19,1;19,6;13,7;15,0;9,6;8,7
NL:S:41250150;Maststraat;Duiven;2,5;6,6;6,8;9,9;2,9;4,1
NL:S:41250190;Schapenweide;Duiven;8,9;7,2;3,8;3,3;0,0;0,0
NL:S:41250210;Marketing;Duiven;8,0;9,0;0,0;0,0;0,0;0,0
NL:S:41250490;Alliander;Duiven;2,6;8,4;0,0;0,0;0,0;0,0
NL:S:41250530;IKEA;Duiven;18,7;16,0;0,0;0,0;0,0;0,0
NL:S:41250550;Nieuwgraaf 31;Duiven;5,4;5,9;0,0;0,0;0,0;0,0
NL:S:41250630;Typograaf;Duiven;9,5;10,7;0,0;0,0;0,0;0,0
NL:S:41251110;Station Duiven;Duiven;27,4;25,1;13,9;15,8;8,1;9,5
NL:S:41251130;Bellefleur;Duiven;2,0;2,5;0,0;0,0;0,0;0,0
NL:S:41251370;Centerpoort Noord;Duiven;12,8;15,1;0,0;0,0;0,0;0,0
NL:S:41252010;Talingstraat;Duiven;3,3;3,6;0,0;0,0;0,0;0,0
NL:S:41252070;Grasklokje;Duiven;1,2;1,6;0,7;1,2;0,5;0,5
NL:S:41252090;Eilandplein;Duiven;8,6;7,6;5,7;5,3;3,6;3,6
NL:S:41252110;Schiermonnikoogstraat;Duiven;2,8;4,2;2,0;3,8;0,9;1,9
NL:S:41252130;Klavierstraat;Duiven;12,1;10,5;6,0;5,7;4,0;4,8
NL:S:41252150;Opaal;Duiven;14,4;13,1;10,0;10,7;4,4;4,2
NL:S:41252170;Engelstraat;Duiven;0,2;0,8;0,2;0,6;0,1;0,3
NL:S:41260030;Kamervoort;Angeren;9,6;13,1;4,6;8,1;3,2;4,9
NL:S:41260060;Julianastraat;Angeren;15,0;4,4;8,3;2,1;5,8;0,8
NL:S:41260070;Molenstraat;Angeren;15,3;21,2;7,1;12,8;5,0;8,5
NL:S:41260090;Sterrenberg;Angeren;3,3;2,8;1,0;1,0;1,2;0,9
NL:S:41260110;Boerenhoek;Angeren;1,4;1,6;0,6;0,9;0,5;0,6
NL:S:41260130;Stenen Palen;Doornenburg;1,0;1,0;0,9;1,1;0,7;0,5
NL:S:41260150;de Linge;Doornenburg;0,2;0,3;0,1;0,9;0,0;0,2
NL:S:41260170;Krakkedel;Doornenburg;3,4;4,3;1,3;1,4;1,1;0,9
NL:S:41260190;de Woerd;Doornenburg;0,7;0,7;0,4;0,5;0,3;0,3
NL:S:41260210;Rijnstraat;Doornenburg;9,7;9,5;4,6;5,2;3,4;3,4
NL:S:41260230;van Kol;Doornenburg;35,5;34,6;18,0;16,4;12,5;10,9
NL:S:41260250;Blauwe Hoek;Doornenburg;4,2;4,7;1,8;2,9;1,5;1,8
NL:S:41260280;Molenstraat;Gendt;11,1;10,9;4,8;5,1;3,6;3,5
NL:S:41320070;Doesburgse Dijk;Dieren;14,6;16,6;3,3;1,9;3,0;1,5
NL:S:41320111;Station Dieren;Dieren;168,7;119,7;88,2;65,7;64,9;48,0
NL:S:41320150;Hofstetten;Ellecom;0,5;0,7;0,2;0,6;0,5;0,5
NL:S:41320170;Dorp;Ellecom;5,3;4,0;2,4;2,5;2,5;2,5
NL:S:41320510;Langebrug;Doesburg;0,1;0,2;0,2;0,3;0,1;0,1
NL:S:41321220;Vogelplantsoen;Dieren;0,1;0,2;0,0;0,0;0,0;0,0
NL:S:41321280;Sparrenhof;Dieren;0,8;0,4;0,1;0,0;0,0;0,0
NL:S:41321300;Imboslaan Industrielaan;Dieren;0,2;0,0;0,0;0,0;0,0;0,0
NL:S:41321320;Fazantlaan;Dieren;0,0;0,3;0,0;0,1;0,0;0,0
NL:S:41321400;Julius Rontgenlaan;Dieren;0,1;0,3;0,0;0,0;0,0;0,0
NL:S:41321420;Callunaplein;Dieren;8,2;12,9;3,8;4,7;2,4;2,5
NL:S:41321460;Gelders Hof;Dieren;0,1;0,0;0,0;0,0;0,0;0,0
NL:S:41321500;Tellegenlaan;Dieren;0,4;1,0;0,0;0,1;0,0;0,0
NL:S:41321520;Lindelaan;Dieren;0,1;0,1;0,0;0,0;0,0;0,0
NL:S:41321540;Spankerenseweg;Dieren;0,1;0,1;0,0;0,0;0,0;0,0
NL:S:41321560;Kanaaldijk;Spankeren;0,5;0,3;0,0;0,0;0,0;0,0
NL:S:41321580;Dorpsweg;Spankeren;0,0;0,1;0,0;0,0;0,0;0,0
NL:S:41321600;Schoollaan;Emmer-Compascuum;0,5;0,4;0,0;0,0;0,0;0,0
NL:S:41321620;Loohof;Spankeren;0,2;0,0;0,1;0,1;0,0;0,0
NL:S:41321630;Treubstraat;Dieren;0,0;0,0;0,0;0,0;0,0;0,0
NL:S:41321650;E. van Beinumlaan;Dieren;0,0;0,0;0,0;0,0;0,0;0,0
NL:S:41321720;Imboslaan Industrielaan;Dieren;0,0;0,3;0,0;0,1;0,0;0,0
NL:S:41321730;Abelenlaan;Dieren;0,1;0,2;0,2;0,2;0,0;0,0
NL:S:41321740;Larixhof;Dieren;0,3;0,2;0,1;0,0;0,0;0,0
NL:S:41321760;Olmenhof;Dieren;0,4;0,2;0,0;0,0;0,0;0,0
NL:S:41321850;Zilverakkerweg;Dieren;0,0;0,1;0,0;0,0;0,0;0,0
NL:S:41321860;Willem de Feschlaan;Dieren;0,0;0,0;0,0;0,0;0,0;0,0
NL:S:41321870;Admiraal Helfrichlaan;Dieren;0,3;0,1;0,1;0,0;0,0;0,0
NL:S:41321880;Valeriuslaan;Dieren;0,1;0,0;0,0;0,0;0,0;0,0
NL:S:41321890;van Limburg Stirumstraat;Dieren;0,1;0,3;0,0;0,0;0,0;0,0
NL:S:41321910;Industrielaan;Dieren;0,3;0,6;0,0;0,0;0,0;0,0
NL:S:41321930;Domeinlaan;Dieren;0,1;0,3;0,0;0,1;0,0;0,0
NL:S:41321950;Crematorium Domeinlaan;Dieren;0,4;0,7;0,1;0,2;0,0;0,0
NL:S:41321970;Beverodelaan;Dieren;0,0;0,2;0,0;0,1;0,0;0,0
NL:S:41321980;Hans Brandts Buyslaan;Dieren;0,0;0,0;0,0;0,0;0,0;0,0
NL:S:41322000;Bernard Zweerslaan;Dieren;0,0;0,0;0,0;0,0;0,0;0,0
NL:S:41327005;Rode Kruislaan;Dieren;7,7;5,9;2,2;2,3;1,3;1,7
NL:S:41327007;Geitenbergweg;Dieren;7,3;10,4;4,4;3,5;3,0;4,1
NL:S:41327009;Crematorium;Dieren;1,3;2,9;0,9;1,5;0,9;1,5
NL:S:41327011;Cederlaan;Dieren;4,0;6,8;2,4;3,5;3,4;3,8
NL:S:41330030;Wielbergen;Angerlo;1,3;1,2;0,3;0,3;0,3;0,7
NL:S:41330050;Bingerdenseweg;Angerlo;0,3;0,2;0,1;0,2;0,5;0,1
NL:S:41330070;Tutenburgsestraat;Giesbeek;2,8;2,3;0,4;0,5;0,7;0,8
NL:S:41330090;Zwalmstraat;Giesbeek;35,3;36,7;6,2;6,4;7,9;8,5
NL:S:41330170;Beumerskamp;Doesburg;37,5;38,0;6,6;6,5;8,2;8,1
NL:S:41350090;Oranjelaan;Zevenaar;2,0;2,9;0,8;2,8;0,0;0,0
NL:S:41350112;Station Zevenaar;Zevenaar;119,4;124,5;29,3;34,2;0,0;0,0
NL:S:41350130;Oude Doesburgseweg;Zevenaar;19,1;18,8;13,5;12,8;0,0;0,0
NL:S:41350150;Sportcentrum;Zevenaar;18,0;18,2;9,3;9,2;0,0;0,0
NL:S:41350170;Zwembad;Zevenaar;5,8;6,5;2,8;3,4;0,0;0,0
NL:S:41350190;Rosariumplein;Krommenie;28,5;27,9;11,1;11,2;0,0;0,0
NL:S:41350210;Rosorum;Zevenaar;15,4;13,9;6,1;6,2;0,0;0,0
NL:S:41350250;Schellekrans;Zevenaar;4,6;4,7;1,7;2,5;0,0;0,0
NL:S:41350510;Ringbaan Oost;Zevenaar;0,1;0,2;0,0;0,0;0,0;0,0
NL:S:41350570;De Bem;Zevenaar;0,0;0,2;0,0;0,0;0,0;0,0
NL:S:41350610;Hengelder;Zevenaar;0,0;0,3;0,0;0,0;0,0;0,0
NL:S:41350630;Tol;Zevenaar;0,1;0,1;0,0;0,0;0,0;0,0
NL:S:41350670;7Poort;Zevenaar;0,4;0,5;0,0;0,0;0,0;0,0
NL:S:41351010;Buitenmolen;Zevenaar;0,2;0,4;0,0;0,0;0,0;0,0
NL:S:41351030;Maatjes;Zevenaar;0,1;0,1;0,0;0,0;0,0;0,0
NL:S:41351050;Mozartlaan;Zevenaar;0,1;0,1;0,0;0,0;0,0;0,0
NL:S:41352100;Didamseweg;Zevenaar;0,0;0,0;0,0;0,0;0,0;0,0
NL:S:41353130;Subenhara;Zevenaar;7,4;8,6;6,2;6,1;0,0;0,0
NL:S:41360030;Olyhorststraat;Gendt;3,8;3,2;1,6;1,5;0,8;1,1
NL:S:41360050;Kapelstraat;Gendt;11,7;9,6;3,8;4,2;2,6;2,5
NL:S:41360070;Julianaplein;Gendt;37,1;31,0;19,9;17,0;11,5;7,9
NL:S:41360090;Markt;Gendt;7,1;9,1;3,8;5,0;3,1;2,6
NL:S:41360110;Baron van Gendtlaan;Gendt;11,4;15,9;6,4;8,7;5,2;6,6
NL:S:41360130;Kommerdijk;Gendt;3,0;4,9;2,0;3,1;1,5;1,9
NL:S:41360150;Kruisstraat;Gendt;7,0;8,4;3,1;3,5;2,7;2,4
NL:S:41360170;Industrieterrein;Gendt;7,7;8,0;2,0;2,3;1,2;1,3
NL:S:41360190;Groenestraat;Haalderen;2,1;2,6;1,1;1,3;0,5;0,4
NL:S:41360230;Kerk;Haalderen;14,9;14,1;8,4;7,5;5,2;5,0
NL:S:41360250;Lage Zandsestraat;Haalderen;7,4;6,8;3,5;4,8;1,9;2,3
NL:S:41360510;Dwarsakker;Gendt;45,3;42,1;19,5;18,7;12,6;12,1
NL:S:41420010;NH Kerk;Drempt;2,2;1,3;0,4;0,5;0,5;0,4
NL:S:41420050;Gouden Regenstraat;Doesburg;20,1;15,3;0,0;0,0;0,0;0,0
NL:S:41420070;Hoek Looiersweg;Doesburg;9,1;5,7;0,0;0,0;0,0;0,0
NL:S:41420090;Koppelweg;Doesburg;2,5;2,0;0,0;0,0;0,0;0,0
NL:S:41420110;Beinum;Doesburg;11,9;8,0;1,8;1,4;2,6;1,9
NL:S:41420130;Potsmaat;Doesburg;12,0;12,1;1,6;1,5;2,6;1,9
NL:S:41420150;tunnel Angerlo;Doesburg;20,6;19,8;2,8;2,4;3,6;3,8
NL:S:41420210;Kraakselaan;Doesburg;101,7;59,2;27,1;24,2;24,4;17,8
NL:S:41420230;Meipoort;Doesburg;53,0;53,9;21,5;24,2;17,8;19,2
NL:S:41420250;Karel Doormansingel;Doesburg;30,7;38,5;15,0;15,8;10,4;11,6
NL:S:41420270;Koepoortwal;Doesburg;23,1;25,3;12,8;13,1;9,4;8,9
NL:S:41420290;Haven;Doesburg;3,9;6,0;2,0;3,2;3,9;4,8
NL:S:41450030;Kwartiersedijk;Babberich;0,1;0,9;0,0;0,0;0,0;0,0
NL:S:41450050;Beekseweg;Babberich;0,3;0,6;0,0;0,0;0,0;0,0
NL:S:41450070;Mariahoeve;Babberich;0,0;0,0;0,0;0,0;0,0;0,0
NL:S:41450090;Franciscusstraat;Babberich;5,8;5,2;2,4;2,8;0,0;0,0
NL:S:41450110;Gildestraat;Babberich;0,2;0,2;0,2;0,2;0,0;0,0
NL:S:41450130;Dorpstraat;Babberich;3,7;3,3;1,3;1,0;0,0;0,0
NL:S:41450150;Schutterstent St. Anna;Oud Zevenaar;0,9;1,1;0,3;0,3;0,0;0,0
NL:S:41520010;Manege;Laag Keppel;0,4;0,9;0,0;0,1;0,2;0,1
NL:S:41520030;Gouden Leeuw;Laag Keppel;2,2;2,0;0,3;0,4;0,4;0,5
NL:S:41520210;'t Smaaleke;Laag Keppel;0,2;0,8;0,1;0,2;0,1;0,2
NL:S:41520230;Weg naar Hoog-Keppel;Hoog Keppel;0,4;0,6;0,1;0,0;0,1;0,1
NL:S:41520250;Burg. Vrijlandweg;Hoog Keppel;0,6;1,0;0,1;0,4;0,3;0,6
NL:S:41520270;De Braamberg;Drempt;2,8;3,7;0,9;0,9;0,9;1,0
NL:S:41620010;Den Ooiman;Doetinchem;2,4;6,1;0,1;0,7;0,4;0,7
NL:S:41620030;IJzergieterij;Langerak;0,1;0,7;0,2;0,0;0,1;0,1
NL:S:41650010;Lobede;Tolkamer;26,8;26,8;9,3;7,9;0,0;0,0
NL:S:41650050;Boterdijk/Molen;Lobith;0,1;0,2;0,0;0,0;0,0;0,0
NL:S:41650070;Postkantoor;Tolkamer;5,8;2,0;2,1;0,1;0,0;0,0
NL:S:41650085;Graaf Ottoweg;Lobith;0,6;6,9;0,1;1,1;0,0;0,0
NL:S:41650090;Dorp;Lobith;31,4;23,4;7,8;6,8;0,0;0,0
NL:S:41650110;Graaf Reinaldstraat;Lobith;15,5;12,1;3,7;2,6;0,0;0,0
NL:S:41650130;Anjerstraat;Lobith;5,2;7,2;1,3;1,4;0,0;0,0
NL:S:41650150;De Bijland;Herwen;0,3;0,3;0,2;0,2;0,0;0,0
NL:S:41650200;Willibrordusweg;Spijk;3,2;2,3;0,0;0,0;0,0;0,0
NL:S:41650220;Tengnagelwaard;Spijk;0,2;0,2;0,0;0,0;0,0;0,0
NL:S:41720230;Centrum;Doetinchem;13,6;25,0;2,8;6,4;3,5;6,5
NL:S:41720252;Station;Doetinchem;13,1;22,6;4,5;4,7;4,8;5,6
NL:S:41721110;Gemeentehuis;Doetinchem;2,2;4,9;0,3;1,3;0,4;1,0
NL:S:41721130;2e Loolaan;Doetinchem;11,0;22,7;0,7;2,0;0,8;2,0
NL:S:41750090;Schoolstraat;Aerdt;1,0;0,9;0,0;0,0;0,0;0,0
NL:S:41750110;Kerkweg;Aerdt;2,2;2,0;0,0;0,0;0,0;0,0
NL:S:41750170;Hoogeweg;Pannerden;3,2;3,7;0,0;0,0;0,0;0,0
NL:S:41750210;Aerdtsestraat;Pannerden;5,5;3,6;0,0;0,0;0,0;0,0
NL:S:41750360;Aerdtsedijk;Herwen;0,2;1,1;0,0;0,0;0,0;0,0
NL:S:41750370;Nijverheidstraat;Herwen;0,8;0,8;0,5;0,7;0,0;0,0
NL:S:41750390;Dorpsplein;Pannerden;2,6;3,2;0,0;0,0;0,0;0,0
NL:S:41750410;Heuvelhoek;Aerdt;0,3;0,2;0,0;0,0;0,0;0,0
NL:S:41750430;Molenpad;Herwen;10,6;9,7;2,3;2,2;0,0;0,0
NL:S:46124590;Hazelaarlaan;Zwolle;26,2;30,6;12,2;16,2;4,7;11,4
NL:S:47899005;Pikeursbaan;Deventer;5,1;4,8;4,4;5,5;2,5;2,5
NL:S:47899903;De Scheg;Deventer;0,2;0,4;0,0;0,0;0,0;0,0
NL:S:60000030;Centrum Zuid;Nijmegen;197,1;262,2;172,0;250,2;94,9;141,6
NL:S:60000060;Valkhof;Nijmegen;176,1;190,1;180,1;191,1;78,2;81,6
NL:S:60000070;Hunnerpark;Nijmegen;95,3;119,2;70,3;101,8;41,0;54,9
NL:S:60000080;Neerbosscheweg;Nijmegen;106,9;101,7;59,4;59,5;46,6;53,3
NL:S:60000100;Dennenstraat;Nijmegen;82,5;89,4;43,4;44,5;22,7;37,2
NL:S:60000120;Graafseweg/Wolfskuilseweg;Nijmegen;39,1;51,2;19,8;24,2;12,9;19,4
NL:S:60000130;Rozenstraat;Nijmegen;48,2;62,6;25,2;39,9;14,9;27,5
NL:S:60000180;Gerard Terborghstraat;Haaksbergen;37,9;47,2;30,1;35,9;15,4;22,9
NL:S:60000230;Terwindtstraat;Nijmegen;15,0;7,3;14,0;6,9;8,2;4,0
NL:S:60000250;Waalkade;Nijmegen;87,0;118,4;74,0;100,1;46,9;64,1
NL:S:60000280;Joris Ivensplein;Nijmegen;83,7;78,3;71,7;69,0;32,3;34,9
NL:S:60000330;Groenestraat;Nijmegen;93,2;106,5;52,7;57,1;36,4;48,1
NL:S:60000350;Sint Annamolen;Nijmegen;116,7;135,2;30,5;37,5;19,6;24,4
NL:S:60000370;Voerweg;Nijmegen;36,7;51,5;45,7;74,7;16,4;26,6
NL:S:60000390;Sint Annastraat/Heiweg;Nijmegen;15,9;14,8;3,9;3,6;5,7;7,2
NL:S:60000410;Scheidingsweg;Nijmegen;10,0;10,2;4,9;3,4;5,2;4,6
NL:S:60000430;Hertogplein;Nijmegen;46,1;54,8;39,7;45,4;17,3;23,0
NL:S:60000460;Marienboom;Nijmegen;39,5;32,8;29,9;25,3;20,1;24,0
NL:S:60000480;Van Cranenborchstraat;Nijmegen;49,9;55,3;20,0;21,8;15,5;18,2
NL:S:60000490;Kazerne;Nijmegen;96,0;97,4;53,6;51,3;36,7;41,2
NL:S:60000500;Groenewoudseweg;Nijmegen;40,6;43,2;20,2;19,9;14,1;12,8
NL:S:60000590;Centrum Oost;Nijmegen;217,1;221,9;164,9;171,6;99,2;133,5
NL:S:60000630;Havenweg;Nijmegen;45,5;43,2;31,5;31,9;20,3;23,9
NL:S:60000650;Kronenburgersingel;Nijmegen;120,4;130,4;92,0;107,4;53,2;59,4
NL:S:60000690;Hatertseweg/Grootstalseln;Nijmegen;61,1;60,4;32,0;26,5;20,4;24,5
NL:S:60000720;van Peltlaan;Nijmegen;152,1;144,1;94,1;90,5;61,6;73,5
NL:S:60000740;High Tech Systems Park;Hengelo;79,6;79,9;26,6;23,7;22,2;25,5
NL:S:60000760;Krekelstraat;Nijmegen;91,7;76,7;43,5;36,8;25,8;28,5
NL:S:60000780;Kam. Onnesstraat;Nijmegen;146,4;149,8;33,2;29,1;23,4;27,9
NL:S:60000860;Burg. Daleslaan;Nijmegen;4,4;11,8;0,0;0,0;0,0;0,0
NL:S:60000920;Waterkwartier;Nijmegen;3,3;6,3;3,9;5,1;1,0;1,9
NL:S:60000960;Pompweg;Ubbergen;10,6;9,1;5,6;3,7;3,4;3,1
NL:S:60000970;Sluis Weurt;Nijmegen;11,9;15,5;4,3;5,4;2,8;2,6
NL:S:60001000;Centraal Station;Nijmegen;6960,3;7645,2;3480,6;3149,0;2743,4;2097,7
NL:S:60001013;Centraal Station;Nijmegen;1113,8;79,2;0,0;0,0;0,0;0,0
NL:S:60001020;Spoorkuil;Nijmegen;66,6;52,0;28,6;26,4;22,1;21,9
NL:S:60001040;Sint Maartenskliniek;Nijmegen;66,1;68,6;10,1;11,9;8,4;8,5
NL:S:60001060;Hengstdalseweg/Sophiaweg;Nijmegen;13,3;19,7;12,8;15,8;7,4;10,2
NL:S:60001080;Beukstraat;Nijmegen;25,9;23,2;21,0;17,7;13,0;13,5
NL:S:60001100;Hengstdalseweg/Broerdijk;Nijmegen;44,8;48,3;33,1;34,5;20,7;28,9
NL:S:60001160;Koningshof;Nijmegen;112,5;98,5;88,8;74,5;50,1;49,9
NL:S:60001180;Obrechtstraat;Nijmegen;24,9;31,2;15,2;21,4;10,9;14,7
NL:S:60001200;Smetiusstraat;Nijmegen;134,8;233,1;125,1;217,8;66,7;106,9
NL:S:60001220;Badhuis;Nijmegen;60,4;56,7;49,1;43,0;24,1;29,8
NL:S:60001240;Dominicanenstraat;Nijmegen;48,0;47,6;31,7;28,8;19,6;24,6
NL:S:60001280;Radboudumc;Nijmegen;430,1;404,6;74,4;71,2;50,5;53,1
NL:S:60001390;Energieweg/Wolfskuilsewg;Nijmegen;68,3;84,7;0,0;0,0;0,0;0,0
NL:S:60001410;Dr. de Blecourtstraat;Nijmegen;62,2;60,9;0,0;0,0;0,0;0,0
NL:S:60001430;Station Goffert;Nijmegen;48,2;47,7;0,0;0,0;0,0;0,0
NL:S:60001470;Akkerlaan;Nijmegen;25,7;26,2;20,6;21,4;12,3;20,0
NL:S:60001480;Jan Massinkhal;Nijmegen;20,3;19,9;7,4;7,4;4,5;5,0
NL:S:60001540;Dorpshuisweg;Harkstede;11,6;11,5;0,0;0,0;0,0;0,0
NL:S:60001600;Winkelsteeg;Nijmegen;52,8;53,1;10,3;9,8;6,1;7,0
NL:S:60001630;Station Heyendaal;Nijmegen;1025,7;1205,7;114,5;102,9;80,9;130,2
NL:S:60001670;HAN;Nijmegen;611,2;164,9;3,2;2,9;2,2;2,5
NL:S:60001720;Winkelcentrum Steenbokstraat;Nijmegen;37,9;33,1;19,6;17,3;11,5;9,7
NL:S:60001840;Beemdstraat;Nijmegen;38,5;50,1;36,5;45,7;19,9;29,5
NL:S:60001860;Heidebloemstraat;Nijmegen;111,5;112,4;80,1;74,7;43,2;57,5
NL:S:60001870;Archimedesstraat;Nijmegen;63,4;72,6;46,9;57,0;28,2;38,2
NL:S:60001900;Galvanistraat;Nijmegen;60,1;57,8;56,4;54,7;28,2;31,2
NL:S:60001920;Irene Vorrinkstraat;Nijmegen;54,1;50,6;29,4;29,3;14,6;14,5
NL:S:60001940;Edisonstraat;Nijmegen;65,4;58,2;53,2;45,5;28,2;26,2
NL:S:60001970;Caesarstraat;Nijmegen;50,7;43,6;37,9;38,2;25,0;21,2
NL:S:60002001;Plein 1944;Nijmegen;1023,9;857,3;1015,4;825,1;424,0;359,9
NL:S:60002010;Fransestraat;Nijmegen;51,2;60,2;30,2;32,8;17,5;24,1
NL:S:60002520;Tunnelweg;Nijmegen;120,5;319,3;72,1;185,5;61,1;114,6
NL:S:60003120;Kanunnik Faberstraat;Nijmegen;36,5;15,4;29,0;9,8;18,5;8,2
NL:S:60003140;Kan. Mijllinckstraat;Nijmegen;31,8;37,8;24,1;32,9;15,2;23,2
NL:S:60003220;Kwekerijweg;Nijmegen;7,5;9,5;7,2;8,3;4,6;7,5
NL:S:60003260;Gymnasion;Nijmegen;23,4;24,1;19,5;19,2;14,7;15,7
NL:S:60003280;Huygensgebouw;Nijmegen;190,6;295,8;25,5;24,6;14,7;23,0
NL:S:60003370;Merwedestraat;Nijmegen;38,2;45,9;30,1;38,6;15,6;18,9
NL:S:60003430;Zwaluwstraat;Nijmegen;3,8;8,4;0,0;0,0;0,0;0,0
NL:S:60003450;Vlietstraat;Nijmegen;71,8;67,0;42,3;39,7;20,8;22,0
NL:S:60003490;Biezenstraat;Nijmegen;47,5;71,0;41,4;44,8;18,1;18,8
NL:S:60003840;Kan. van Osstraat;Nijmegen;0,5;5,8;0,5;5,8;0,1;4,6
NL:S:60003880;Industrieweg;Nijmegen;111,8;101,3;28,0;31,0;5,9;6,3
NL:S:60004080;Tollensstraat;Nijmegen;101,5;93,3;70,3;71,4;41,9;40,9
NL:S:60004120;Thijmstraat;Nijmegen;82,5;80,6;51,5;47,9;30,5;35,5
NL:S:60004160;Dobbelmanweg/Groenestr.;Nijmegen;4,4;18,6;2,1;12,2;1,5;12,1
NL:S:60004220;Hertstraat;Nijmegen;24,2;27,2;14,6;15,8;12,2;13,0
NL:S:60004320;Muntweg/Wezenlaan;Nijmegen;55,6;64,9;31,8;38,2;18,4;27,0
NL:S:60004370;Heideparkseweg;Nijmegen;29,8;28,8;23,1;22,6;15,8;18,4
NL:S:60004380;Muntweg/Overweg;Nijmegen;30,7;30,1;20,8;24,0;13,0;16,1
NL:S:60004420;Manningstraat;Nijmegen;11,7;14,3;8,6;13,0;4,4;8,9
NL:S:60004650;Willemsweg/Groenestraat;Nijmegen;37,6;11,0;26,4;5,5;15,4;3,5
NL:S:60004810;CW-ziekenhuis;Nijmegen;181,7;175,9;34,0;30,0;22,7;20,1
NL:S:60004830;Begraafplaats Jonkerbos;Nijmegen;95,6;91,6;45,1;40,7;28,1;34,2
NL:S:60004850;Sanadome;Nijmegen;26,9;35,3;17,1;20,1;11,1;12,7
NL:S:60005160;Vijverhof;Nijmegen;23,9;25,4;18,0;20,1;13,5;14,5
NL:S:60005180;Kwakkenbergweg/Sophiaweg;Nijmegen;51,5;47,3;19,0;18,2;10,8;16,8
NL:S:60005290;Hatert-Centrum;Nijmegen;67,9;48,7;20,0;13,6;17,5;16,7
NL:S:60005320;Broerweg;Nijmegen;87,3;81,4;47,2;46,2;28,7;30,0
NL:S:60005360;Mr. Franckenstraat;Nijmegen;20,3;27,9;15,9;16,0;9,7;10,9
NL:S:60005380;Mesdagstraat;Nijmegen;24,1;24,0;13,2;16,5;10,2;12,2
NL:S:60005410;Hugo de Grootstraat;Nijmegen;45,5;36,0;27,8;21,4;17,0;16,7
NL:S:60008020;Couwenbergstraat;Nijmegen;248,3;250,3;216,2;205,5;110,4;121,5
NL:S:60008030;Hatert-Delsenhof;Nijmegen;29,1;26,0;24,0;21,5;12,9;10,8
NL:S:60008040;Polkastraat;Nijmegen;84,0;69,7;55,1;43,1;32,8;29,0
NL:S:60008050;Hogendorpstraat;Nijmegen;29,0;48,5;20,1;35,1;11,8;23,9
NL:S:60008070;Thorbeckestraat;Nijmegen;175,2;149,4;113,6;100,4;69,4;64,4
NL:S:60008080;Winkelcentrum Notenhout;Nijmegen;131,5;134,2;111,2;107,0;57,9;58,7
NL:S:60008090;Middachtenstraat;Nijmegen;42,6;37,6;29,9;26,7;18,2;18,7
NL:S:60008110;Treubstraat;Nijmegen;64,8;74,9;50,2;50,1;30,5;36,7
NL:S:60008120;Aubadestraat;Nijmegen;64,9;70,8;57,5;60,8;31,9;33,4
NL:S:60008140;v.d.Duyn van Maasdamstr.;Nijmegen;26,7;28,1;22,0;22,2;11,9;12,9
NL:S:60008160;Paul Krugerstraat;Nijmegen;139,7;109,8;107,3;85,6;62,0;61,2
NL:S:60008180;Vuurdoornstraat;Nijmegen;110,6;120,5;83,2;91,6;46,8;61,8
NL:S:60008190;Nocturnestraat;Nijmegen;48,7;37,6;36,8;26,1;23,6;18,7
NL:S:60008220;Molenweg/Wolfskuilseweg;Nijmegen;51,1;65,4;39,2;51,8;21,5;31,7
NL:S:60008240;Fuchsiastraat;Nijmegen;182,2;161,7;147,5;129,2;70,6;61,9
NL:S:60008280;2e Oude Heselaan;Nijmegen;63,6;76,8;46,6;57,1;24,3;29,8
NL:S:60008620;Rosa de Limastraat;Nijmegen;32,2;36,8;25,1;32,1;13,4;15,2
NL:S:60009630;Erasmusgebouw;Nijmegen;591,4;612,6;28,9;29,7;21,0;28,3
NL:S:60009650;Spinozageb/Tandheelkunde;Nijmegen;263,1;279,0;9,0;10,5;7,5;10,5
NL:S:60100010;Sportpark Union;Malden;3,4;4,8;1,8;1,6;2,3;1,8
NL:S:60100020;Rijksweg/Grote Loef;Malden;15,9;16,0;6,0;6,5;7,2;8,2
NL:S:60100030;Grootveldschelaan;Malden;15,7;16,4;8,7;8,8;9,4;10,0
NL:S:60100040;Groesbeekseweg;Malden;27,3;28,4;13,7;13,5;17,8;23,0
NL:S:60100060;Kloosterstraat;Malden;22,9;23,6;11,7;11,4;13,9;13,4
NL:S:60100130;Rijksweg/Nertsstraat;Malden;3,6;5,4;2,7;4,1;2,9;3,8
NL:S:60100160;De Lage Horst;Malden;0,0;0,0;0,0;0,0;0,0;0,0
NL:S:60100180;De Veldschuur;Malden;0,1;0,1;0,0;0,0;0,0;0,0
NL:S:60100250;Vinkenlaan;Malden;0,3;0,3;0,0;0,0;0,0;0,0
NL:S:60100270;Heidezoom;Malden;0,1;0,3;0,0;0,0;0,0;0,0
NL:S:60100910;Plantsoenstraat;Malden;0,3;0,3;0,0;0,0;0,0;0,0
NL:S:60100930;Broekkant/Malderburch;Malden;0,5;0,0;0,0;0,0;0,0;0,0
NL:S:60101030;Zweefvliegveld;Malden;0,3;0,3;0,0;0,0;0,0;0,0
NL:S:60101070;Groesbeekseweg/Bosweg;Malden;0,1;0,2;0,0;0,0;0,0;0,0
NL:S:60101110;Jadestraat;Hengelo;8,3;8,1;0,0;0,0;0,0;0,0
NL:S:60109130;Raadhuisstraat;Malden;0,0;0,7;0,0;0,0;0,0;0,0
NL:S:60110010;Dekkerswald;Groesbeek;39,8;42,6;23,1;23,2;15,4;17,1
NL:S:60110020;Werkenrode;Groesbeek;37,3;40,6;23,4;22,7;14,9;17,6
NL:S:60110150;Sionsweg;Heilig Landstichting;25,5;26,1;25,2;25,4;19,1;20,1
NL:S:60110440;Panovenlaan;Nijmegen;40,9;44,7;17,8;20,2;10,5;11,8
NL:S:60140050;Centrum;Heumen;2,3;1,9;0,0;0,0;0,0;0,0
NL:S:60140090;Worsumseweg;Overasselt;0,1;0,1;0,0;0,0;0,0;0,0
NL:S:60140130;Tempelstraat;Overasselt;0,8;1,0;0,0;0,0;0,0;0,0
NL:S:60140170;Beatrixstraat;Overasselt;1,3;1,1;0,0;0,0;0,0;0,0
NL:S:60140310;Sint Walrick;Overasselt;5,3;5,7;3,8;4,5;6,0;2,8
NL:S:60140330;Schatkuilsestraat;Overasselt;2,3;2,3;1,4;1,1;1,0;0,5
NL:S:60140350;Sleeburgsestraat;Overasselt;2,9;2,6;0,2;0,4;0,2;0,2
NL:S:60140370;Kasteelsestraat;Overasselt;0,1;1,1;0,1;0,7;0,1;0,5
NL:S:60140390;Hoogstraat;Overasselt;27,6;26,3;8,8;10,5;8,8;9,1
NL:S:60140410;Ewijkseweg;Overasselt;1,6;1,7;0,8;0,7;0,5;0,6
NL:S:60140430;Gaasselsedam;Overasselt;0,7;1,1;0,3;0,4;0,2;0,1
NL:S:60150010;Streekweg;Nijmegen;5,2;7,2;2,2;2,3;0,8;2,0
NL:S:60150030;Teersdijk;Alverna;11,0;14,3;5,1;5,3;2,9;3,1
NL:S:60150040;Heumenseweg;Alverna;15,4;14,4;6,0;5,8;4,0;3,1
NL:S:60150050;Havenweg;Alverna;10,9;15,2;8,8;11,6;4,6;6,7
NL:S:60150110;Industriepark;Wijchen;5,3;5,2;3,5;3,3;3,4;2,2
NL:S:60150180;Opaalstraat;Hengelo;0,6;0,8;0,5;0,6;0,6;1,5
NL:S:60150200;Oude Nijmeegseweg;Overasselt;1,2;2,2;1,3;1,6;0,6;1,3
NL:S:60150220;Cornelis Drebbelstraat;Wijchen;3,9;2,9;0,9;0,6;0,6;0,4
NL:S:60150240;Graafsebrug;Nijmegen;37,4;42,6;30,6;36,0;16,5;21,1
NL:S:60150260;Viaductweg;Nijmegen;45,3;64,9;33,0;48,0;16,1;24,7
NL:S:60150280;Kerkenbos;Nijmegen;4,5;7,8;1,1;2,6;0,7;1,2
NL:S:60150490;Spijkerhofweg;Nijmegen;28,0;34,7;15,3;18,3;8,7;11,7
NL:S:60150530;Woonboulevard;Nijmegen;3,3;11,5;3,2;9,1;1,7;5,5
NL:S:60150840;van Boetbergweg/Aldenhof;Nijmegen;12,1;13,0;4,1;4,6;3,8;3,6
NL:S:60150860;van Boetbergweg/Malvert;Nijmegen;52,4;52,4;35,7;40,4;21,0;23,9
NL:S:60151001;Station Dukenburg;Nijmegen;1089,8;1058,9;719,0;676,7;388,4;370,5
NL:S:60151010;Lagelandseweg;Nijmegen;6,1;8,4;0,0;0,0;0,0;0,0
NL:S:60151030;Hogelandseweg;Nijmegen;12,5;11,5;0,0;0,0;0,0;0,0
NL:S:60152000;Aldenhof 50/70 str.;Nijmegen;0,0;0,0;0,0;0,0;0,0;0,0
NL:S:60152010;Aldenhof 52/64 str.;Nijmegen;0,0;0,0;0,0;0,0;0,0;0,0
NL:S:60152020;Aldenhof 53/14 str.;Nijmegen;18,7;16,8;13,2;12,7;6,5;6,5
NL:S:60152030;Aldenhof 13/38 str.;Nijmegen;15,4;11,7;10,6;9,2;4,6;3,9
NL:S:60152040;Aldenhof 12/32 str.;Nijmegen;18,6;15,5;11,1;12,0;5,8;4,9
NL:S:60152050;Weezenhof;Nijmegen;27,8;21,0;19,0;13,6;13,2;12,0
NL:S:60152090;Weezenhof 10e straat;Nijmegen;32,2;24,8;23,6;18,9;12,8;12,3
NL:S:60152150;Winkelcentrum Meijhorst;Nijmegen;0,1;1,1;0,1;1,0;0,3;4,6
NL:S:60152210;Meijhorst-Sporthal;Nijmegen;140,6;140,3;87,0;85,2;45,8;45,9
NL:S:60152230;De Doekenborg;Nijmegen;19,1;21,1;16,0;19,7;11,7;13,6
NL:S:60152250;Meijhorst 13e straat;Nijmegen;96,3;96,2;66,8;65,1;33,9;35,0
NL:S:60152290;Tolhuis 11e straat;Nijmegen;66,6;62,6;47,2;47,5;24,5;28,0
NL:S:60152300;Van Apelterenweg;Nijmegen;51,1;46,2;37,1;31,2;24,0;21,4
NL:S:60152330;Tolhuis 10e straat;Nijmegen;30,4;35,8;18,6;24,0;12,1;14,9
NL:S:60154980;Steve Bikoplein;Nijmegen;22,4;25,3;10,4;10,1;8,3;8,6
NL:S:60155050;Zwanenveld 10e str.;Nijmegen;22,7;27,5;15,9;21,6;10,1;13,2
NL:S:60155090;Zwanenveld 12e str.;Nijmegen;24,3;27,5;15,5;21,0;8,3;12,4
NL:S:60155130;Lankforst 16e str.;Nijmegen;58,7;60,3;50,7;54,4;29,2;31,9
NL:S:60155170;Lankforst 14e str.;Nijmegen;39,9;37,7;26,9;26,5;15,5;16,1
NL:S:60155190;Winkelcentrum Malvert;Nijmegen;86,4;94,2;60,4;67,4;30,9;37,3
NL:S:60155230;Malvert 13e straat;Nijmegen;40,6;37,7;26,7;25,3;13,9;14,8
NL:S:60157050;Horstacker;Nijmegen;85,3;84,4;52,5;51,8;30,3;29,8
NL:S:60157080;Voorstenkamp/Gildekamp;Nijmegen;3,5;3,6;0,2;0,8;0,7;1,6
NL:S:60157090;Meeuwseacker;Nijmegen;29,1;20,3;26,7;17,5;13,2;9,5
NL:S:60157120;Gildekamp/Kluijskamp;Nijmegen;6,5;6,3;0,4;0,2;1,3;1,7
NL:S:60157130;Wellenkamp/Hoefkamp;Nijmegen;9,3;7,2;0,7;0,7;2,2;2,4
NL:S:60157270;IJpenbroekweg;Nijmegen;11,2;19,7;9,5;14,9;7,2;10,5
NL:S:60157290;P+R Nijmegen West;Nijmegen;33,2;31,3;14,5;11,0;7,1;6,3
NL:S:60157310;Poort Neerbosch ;Nijmegen;45,8;42,6;0,0;0,0;0,0;0,0
NL:S:60159070;Zellersacker;Nijmegen;55,9;53,4;36,7;32,6;19,5;19,6
NL:S:60159080;Hegdambroek;Nijmegen;28,5;33,3;13,0;15,2;6,4;8,5
NL:S:60159090;Hillekensacker 10e str.;Nijmegen;49,1;44,1;28,7;29,8;14,0;15,9
NL:S:60159110;Leuvensbroek;Nijmegen;110,8;112,0;61,5;62,4;31,6;31,6
NL:S:60159120;Wedesteinbroek 12e str.;Nijmegen;54,0;62,9;17,5;19,9;9,1;9,4
NL:S:60159130;Wedesteinbroek 22e str.;Nijmegen;20,2;22,3;13,6;15,6;6,7;9,2
NL:S:60190010;Rijksweg;Beek;1,5;4,1;0,8;0,7;0,4;0,6
NL:S:60190015;Sint Hubertusweg;Beek;2,4;1,0;0,0;0,0;0,0;0,0
NL:S:60190020;Werchensestraat;Wercheren;0,0;0,1;0,0;0,0;0,0;0,0
NL:S:60190090;Leuthsestraat;Ooij;2,2;1,9;1,6;2,3;1,5;1,5
NL:S:60190100;Erlecomseweg;Erlecom;0,7;0,4;0,4;0,2;0,2;0,1
NL:S:60190110;De Sprong;Ooij;0,0;1,8;0,0;0,6;0,0;0,6
NL:S:60190120;Steenfabriek;Erlecom;0,6;0,9;0,5;0,7;0,1;0,4
NL:S:60190130;Nassaustraat;Ooij;34,5;35,1;21,3;22,0;14,7;14,0
NL:S:60190140;Erlecomsedam;Ooij;6,2;6,1;2,2;2,2;1,5;1,2
NL:S:60190900;Natte Beek;Ubbergen;6,7;5,5;6,2;4,6;3,4;3,4
NL:S:60190940;Ubbergse Holleweg;Ubbergen;17,6;16,2;5,9;5,4;4,0;3,6
NL:S:60190980;De Refter;Ubbergen;4,3;6,0;5,8;5,8;2,9;2,9
NL:S:60195060;Hamerlaan;Berg en Dal;31,5;6,7;27,2;3,7;22,4;3,2
NL:S:60195080;de Meerberg;Berg en Dal;25,5;27,9;26,1;28,2;15,9;16,9
NL:S:60195120;Prins Alexanderlaan;Berg en Dal;19,2;21,7;17,6;20,8;8,9;10,3
NL:S:60196040;Kwartelstraat;Beek;0,7;1,2;0,0;0,0;0,0;0,0
NL:S:60196060;Lindestraat;Beek;0,4;0,2;0,0;0,0;0,0;0,0
NL:S:60196090;Kulturhus;Beek;0,3;0,4;0,0;0,0;0,0;0,0
NL:S:60196100;Verbindingsweg;Beek;51,9;38,6;32,6;25,4;21,0;14,0
NL:S:60196120;van Randwijckweg;Beek;0,7;1,5;0,0;0,0;0,0;0,0
NL:S:60196150;De Ravenberg;Beek;32,8;42,4;25,7;30,8;16,5;19,6
NL:S:60196500;Attractiepark de Waarbeek;Hengelo;6,7;36,7;5,8;32,5;3,8;26,1
NL:S:60196520;Meidoornstraat;Beek;0,1;0,2;0,0;0,0;0,0;0,0
NL:S:60196610;Kalorama;Beek;0,9;0,8;0,0;0,0;0,0;0,0
NL:S:60200010;Sluisweg;Heumen;6,5;6,4;3,2;3,4;2,2;2,7
NL:S:60200020;Cuijksesteeg;Mook;7,8;5,7;3,0;2,9;3,5;4,1
NL:S:60200030;Rijksweg;Molenhoek;11,3;10,8;5,0;5,9;6,1;6,1
NL:S:60200040;Gemeentehuis;Mook;7,7;8,4;3,1;4,5;5,3;6,0
NL:S:60200050;Rijksweg/Veldweg;Mook;6,4;5,7;3,2;2,4;2,8;3,6
NL:S:60200250;Station Mook Molenhoek;Molenhoek;2,7;4,4;0,0;0,0;0,0;0,0
NL:S:60210010;Stekkenberg;Groesbeek;37,6;44,5;25,1;31,1;15,5;18,8
NL:S:60210021;Hemeltje;Breedeweg;8,3;9,6;2,9;5,4;2,5;2,9
NL:S:60210030;Nieuweweg;Groesbeek;25,5;26,8;18,1;20,1;13,0;15,1
NL:S:60210041;2e Colonjes;Groesbeek;17,0;13,9;9,8;9,4;6,6;6,3
NL:S:60210050;De Oude Molen;Groesbeek;25,7;21,6;20,9;19,4;15,5;13,3
NL:S:60210060;Herwendaal;Groesbeek;16,1;15,2;10,3;9,5;5,3;5,9
NL:S:60210070;Händelstraat;Groesbeek;0,9;32,2;0,9;23,1;0,2;15,1
NL:S:60210080;Zuidmolen;Groesbeek;57,9;68,5;36,2;43,3;23,4;27,6
NL:S:60210090;Centrum;Groesbeek;155,1;130,0;99,9;79,4;63,1;46,2
NL:S:60210191;Kerkplein;Breedeweg;44,2;36,6;18,6;18,1;13,3;11,7
NL:S:60210220;Hoge Horst;De Horst;0,8;1,2;0,3;0,5;0,4;0,4
NL:S:60210240;Kruispunt;Groesbeek;12,7;7,5;4,2;2,7;2,8;1,5
NL:S:60210250;Gooiseweg;Groesbeek;16,8;15,2;8,3;7,6;5,0;5,9
NL:S:60210260;Kloosterstraat;Groesbeek;28,2;26,1;11,9;11,4;6,8;6,8
NL:S:60210330;Kerk;De Horst;27,3;24,8;15,1;15,1;9,9;9,3
NL:S:60210350;De Mallemolen;Groesbeek;0,1;0,1;0,0;0,0;0,0;0,0
NL:S:60210370;Gezondheidscentrum;Groesbeek;0,0;0,0;0,0;0,0;0,0;0,0
NL:S:60211030;De Wolfsberg;Groesbeek;0,3;0,4;0,0;0,0;0,0;0,0
NL:S:60211150;Henry Dunantstraat;Groesbeek;0,0;0,0;0,0;0,0;0,0;0,0
NL:S:60211630;Canadese Begraafplaats;Groesbeek;0,2;0,3;0,0;0,0;0,0;0,0
NL:S:60214050;Spoorzicht;Groesbeek;0,0;0,0;0,0;0,0;0,0;0,0
NL:S:60214090;Burg. Ottenhoffstraat;Groesbeek;0,0;0,0;0,0;0,0;0,0;0,0
NL:S:60214110;Zwembad De Lubert;Groesbeek;0,0;0,0;0,0;0,0;0,0;0,0
NL:S:60214130;Scholen;Groesbeek;0,0;0,0;0,0;0,0;0,0;0,0
NL:S:60214150;Sportpark Zuid;Groesbeek;0,0;0,0;0,0;0,0;0,0;0,0
NL:S:60214270;De Strekel;Groesbeek;0,1;0,0;0,0;0,0;0,0;0,0
NL:S:60250010;Rijdtsestraat;Alverna;2,1;2,2;1,0;1,2;0,7;0,7
NL:S:60250020;Eindsestraat;Nederasselt;7,7;8,0;2,8;3,4;2,6;3,6
NL:S:60250050;Broekstraat;Nederasselt;6,0;5,5;1,3;1,9;1,9;1,9
NL:S:60250070;Kuilstraat;Nederasselt;3,1;3,8;0,7;1,1;0,9;1,2
NL:S:60250310;Oosterweg;Alverna;2,9;3,6;1,6;2,1;0,5;0,8
NL:S:60250330;Huurlingsedam;Alverna;6,2;5,7;2,4;2,6;1,7;1,7
NL:S:60290010;Duffeltdijk;Leuth;0,6;1,1;0,5;1,5;0,4;0,6
NL:S:60290020;Industrieterrein;Leuth;0,4;0,8;0,2;0,3;0,2;0,1
NL:S:60290030;De Hoge Kamp;Leuth;5,5;6,5;4,3;5,1;2,2;2,5
NL:S:60290040;Morgenstraat;Leuth;12,1;10,0;7,3;5,6;5,6;3,6
NL:S:60290050;Klaproosstraat;Leuth;7,2;9,7;4,4;6,2;2,8;3,4
NL:S:60290060;Kerkplein;Leuth;26,0;25,5;8,9;9,5;5,9;7,1
NL:S:60290140;Biesterveld;Leuth;0,1;0,2;0,1;0,2;0,2;0,1
NL:S:60290170;Molen;Kekerdom;0,1;0,1;0,1;0,1;0,0;0,1
NL:S:60290190;Eversberg;Kekerdom;0,5;1,2;0,3;1,4;0,2;0,6
NL:S:60290230;Weverstraat;Kekerdom;15,1;14,1;10,0;10,1;8,3;7,7
NL:S:60300030;Rijksweg/Witteweg;Plasmolen;6,8;6,9;4,7;6,6;7,6;7,8
NL:S:60300110;Helweg;Milsbeek;2,1;2,5;1,2;1,3;1,8;1,3
NL:S:60300130;Milsbeek Zuid;Milsbeek;1,2;1,8;0,4;0,7;0,6;0,5
NL:S:60300140;Oudebaan;Milsbeek;3,8;4,1;1,1;1,6;1,7;2,1
NL:S:60300160;Rijksweg/Kerkstraat;Milsbeek;9,6;7,1;3,6;3,0;4,9;3,6
NL:S:60350010;Busstation;Grave;133,7;118,5;44,3;43,1;30,8;29,8
NL:S:60350020;Binckhof;Velp;4,5;6,0;1,7;2,2;1,1;1,6
NL:S:60350030;Stoofweg;Grave;19,3;18,7;8,5;8,1;5,1;5,7
NL:S:60350040;Generaal de Bonsweg;Grave;16,9;14,0;9,8;8,0;6,8;7,1
NL:S:60350140;Estersveld;Grave;1,2;0,9;0,0;0,0;0,0;0,0
NL:S:60350210;Tijmlaan;Grave;0,3;0,2;0,0;0,0;0,0;0,0
NL:S:60350580;Prins Willem Alexanderplantsoen;Grave;0,0;0,0;0,0;0,0;0,0;0,0
NL:S:60390040;Rembrandtstraat;Millingen;30,6;26,7;13,7;11,9;8,2;9,6
NL:S:60390060;Sportpark;Millingen;15,2;17,4;8,6;9,4;4,9;6,4
NL:S:60390080;Gemeentehuis;Millingen;80,3;80,7;45,2;51,6;28,2;27,3
NL:S:60390090;Molenveld;Millingen;7,9;11,0;3,5;4,4;2,4;2,9
NL:S:60390110;Gezondheidscentrum;Millingen;38,5;38,6;17,8;17,4;11,6;12,5
NL:S:60390210;Grenskantoor;Millingen;13,5;9,6;6,0;4,4;3,5;3,0
NL:S:60400100;Drie Kronen;Ottersum;1,1;0,9;0,1;0,2;0,2;0,2
NL:S:60450500;Mgr. Borretstraat;Reek;0,9;5,9;0,3;2,2;0,1;1,4
NL:S:60500010;Busstation;Gennep;30,8;25,5;11,2;10,6;14,2;14,1
NL:S:60500210;Heijenseweg;Gennep;0,8;0,8;0,3;0,4;0,2;0,0
NL:S:60500250;Niersbrug;Gennep;5,9;4,8;4,9;4,0;5,8;4,1
NL:S:60500270;Stiemensweg;Gennep;1,1;1,4;0,4;0,6;0,2;0,1
NL:S:60500290;Wilhelminaplein;Gennep;9,3;9,7;5,6;4,6;5,8;5,4
NL:S:60500310;Zuid-Oostwal;Gennep;4,0;6,3;3,2;3,0;3,1;3,5
NL:S:60500330;De Groote Heeze;Heijen;1,7;0,6;0,0;0,1;0,0;0,0
NL:S:60500350;Heesweg;Heijen;1,2;1,7;0,5;0,5;0,0;0,2
NL:S:60500370;Heijen Zuid;Heijen;1,8;2,0;1,0;0,4;0,0;0,2
NL:S:60500390;Nieuwwijkstraat;Heijen;2,8;2,3;1,0;0,6;0,1;0,2
NL:S:60500430;Ottersumseweg;Ottersum;16,2;15,0;4,8;6,1;5,6;5,4
NL:S:60550170;Voederheil;Zeeland;8,6;4,3;3,4;1,7;2,5;1,4
NL:S:60550190;Tweehekkenweg;Zeeland;12,8;13,8;3,9;3,4;3,1;2,9
NL:S:60600100;Gening;Afferden;1,7;1,5;0,2;0,3;0,1;0,1
NL:S:60600120;Hengeland;Afferden;0,5;0,7;0,1;0,2;0,0;0,1
NL:S:60600140;Heukelom;Afferden;0,5;0,5;0,2;0,2;0,0;0,0
NL:S:60600160;Veer naar Sambeek;Afferden;2,3;2,4;0,6;1,0;0,1;0,1
NL:S:60600200;Heijense Molen;Heijen;0,3;0,3;0,2;0,1;0,0;0,1
NL:S:60600220;Heiland;Heijen;1,3;2,8;0,3;0,6;0,1;0,1
NL:S:60650250;Wijsthoek;Uden;7,9;8,7;2,1;2,3;2,1;2,2
NL:S:60650400;Busstation;Uden;43,5;47,3;15,0;24,6;15,5;11,3
NL:S:60651160;Hoevenseweg;Uden;3,7;3,8;0,7;1,1;0,9;0,6
NL:S:60700100;Aijerdijk;Aijen;1,2;0,9;0,2;0,1;0,0;0,1
NL:S:60700160;Bergse Heide;Nieuw Bergen;2,3;1,9;0,4;0,4;0,0;0,0
NL:S:60700180;De Flammert;Nieuw Bergen;0,4;1,1;0,0;0,1;0,0;0,0
NL:S:60700200;Gemeentehuis;Nieuw Bergen;7,8;8,6;1,3;2,3;0,2;0,6
NL:S:61120010;Kerkstraat;Weurt;54,1;52,9;32,8;33,4;17,1;15,1
NL:S:61120020;Hommelstraat;Beuningen;5,5;6,4;5,7;5,9;2,4;3,7
NL:S:61120040;Kerk;Beuningen;31,2;34,5;21,9;26,3;10,0;12,9
NL:S:61120050;Distelakkerstraat;Beuningen;9,1;9,4;4,2;5,7;3,3;3,2
NL:S:61120110;Pottenbakker;Beuningen;17,3;21,7;10,3;12,0;5,4;9,3
NL:S:61120120;Haagstraat;Beuningen;10,8;12,3;4,8;7,2;2,9;2,9
NL:S:61120130;Sporthal de Tinnegieter;Beuningen;49,4;42,0;25,6;21,8;14,4;13,8
NL:S:61120150;Centrum;Beuningen;91,2;88,5;69,6;67,3;36,7;30,6
NL:S:61120230;Schacht;Beuningen;53,7;45,9;33,0;29,2;21,4;20,2
NL:S:61120250;Aalsterveld;Beuningen;68,9;61,0;29,8;28,1;17,5;16,9
NL:S:61120270;Wilgenoord;Beuningen;25,2;34,8;11,2;13,3;5,7;8,2
NL:S:61120290;Hadrianussingel;Beuningen;4,9;7,3;3,9;5,6;2,1;3,1
NL:S:61120310;Tiberiuslaan;Beuningen;12,0;12,3;8,3;8,9;5,1;6,0
NL:S:61120370;Lavendelstraat;Beuningen;24,0;30,3;17,6;21,2;10,1;12,2
NL:S:61120470;Gemeentehuis;Beuningen;18,8;21,7;11,8;13,2;7,9;7,4
NL:S:61120490;Beatrixplein;Beuningen;0,8;0,9;0,0;0,0;0,0;0,0
NL:S:61121300;Forelgracht;Beuningen;3,4;2,9;0,0;0,0;0,0;0,0
NL:S:61121320;Snoekgracht;Beuningen;5,3;4,1;0,0;0,0;0,0;0,0
NL:S:61121340;Ganzeneiland;Beuningen;4,5;3,7;0,0;0,0;0,0;0,0
NL:S:61121360;Wolfsbossingel;Beuningen;4,0;3,7;0,0;0,0;0,0;0,0
NL:S:61190030;Het Nevelveld;Doornik;0,3;0,4;0,2;0,2;0,1;0,1
NL:S:61190051;Zandsepad;Doornik;1,9;2,2;1,0;1,0;0,8;0,8
NL:S:61190070;Doornik;Doornik;1,5;1,3;0,7;0,7;0,8;0,7
NL:S:61190090;Bekkersland;Doornik;1,6;1,6;1,1;1,6;0,9;0,7
NL:S:61190110;Laauwikstraat;Lent;0,8;3,7;0,8;3,1;0,2;1,0
NL:S:61190130;Petuniastraat;Lent;10,0;9,3;8,0;7,0;3,9;5,5
NL:S:61190150;Lentseveld;Lent;18,7;12,6;11,8;8,0;6,5;4,3
NL:S:61190190;Citadel College;Lent;14,3;14,0;2,6;2,2;1,8;1,6
NL:S:61190230;Station Lent Laauwikstraat;Lent;64,4;82,6;47,1;56,4;27,5;35,5
NL:S:61190250;Eikenlaan;Lent;9,6;5,4;6,8;3,5;4,8;3,7
NL:S:61190270;Station Lent;Lent;14,7;12,6;10,3;7,7;7,3;6,3
NL:S:61190300;Stationsstraat;Lent;44,9;51,9;18,0;20,5;9,5;10,6
NL:S:61190350;Oude Groenestraat;Oosterhout;40,0;39,1;22,6;24,2;18,8;18,6
NL:S:61190370;Turennesingel;Lent;5,9;6,4;3,4;5,4;1,8;1,8
NL:S:61190390;Dijkstraat;Lent;28,3;26,7;14,8;13,9;6,2;6,9
NL:S:61190410;Kruidenstraat;Oosterhout;7,6;7,1;4,5;4,4;1,9;2,2
NL:S:61190470;Terracottastraat;Oosterhout;58,4;62,3;37,8;40,0;29,4;29,6
NL:S:61190490;Van Boetzelaerstraat;Oosterhout;1,1;1,3;1,1;1,2;0,6;0,6
NL:S:61190710;Jonagoldstraat;Oosterhout;59,1;55,1;34,6;31,9;15,5;18,8
NL:S:61190750;De Klif;Oosterhout;37,1;33,5;21,0;20,5;9,0;12,6
NL:S:61190790;Aquilastraat;Oosterhout;26,6;27,8;17,0;16,4;7,3;10,3
NL:S:61191390;Frankrijkstraat;Lent;51,1;46,8;37,0;32,4;20,3;18,8
NL:S:61191410;De Ster;Lent;44,2;47,1;24,1;27,8;14,0;18,6
NL:S:61191490;Dalidastraat;Lent;0,2;11,1;0,4;8,3;0,1;6,0
NL:S:61191510;Thermion (West);Lent;0,1;11,1;0,0;5,2;0,0;3,2
NL:S:61191520;Thermion (Oost);Lent;30,5;4,3;17,2;2,2;10,1;0,9
NL:S:61191550;Fluitenkruid;Lent;18,6;16,6;12,3;10,7;6,6;7,6
NL:S:61191590;Veur Lent;Lent;1,2;3,1;0,5;1,5;0,4;1,1
NL:S:61192000;P+R Waalsprinter;Ressen;32,1;37,8;24,2;27,3;16,7;19,6
NL:S:61200080;Gansstraat;Oosterhout;6,8;1,0;3,5;0,5;2,0;0,1
NL:S:61200210;Van Woerkomstraat;Oosterhout;5,8;5,0;2,5;2,3;1,8;1,5
NL:S:61200230;Zandstraat;Oosterhout;0,6;2,1;0,1;1,3;0,1;0,8
NL:S:61200250;Vredesplein;Oosterhout;0,6;0,7;0,3;0,4;0,2;0,2
NL:S:61200290;Peperstraat;Oosterhout;2,1;4,6;1,5;2,7;1,5;1,8
NL:S:61220010;Julianastraat;Ewijk;36,8;35,4;23,8;21,6;9,9;8,5
NL:S:61220020;Deijnschestraat;Winssen;1,2;1,3;0,9;1,2;0,5;0,4
NL:S:61220030;Molenweg;Ewijk;1,3;1,8;0,8;1,5;0,4;0,6
NL:S:61220040;Geerstraat;Winssen;3,3;4,4;1,0;1,6;0,6;0,6
NL:S:61220060;Leegstraat;Winssen;14,3;14,0;10,5;10,0;4,5;4,8
NL:S:61220170;Keizershoeve;Ewijk;8,3;9,6;5,8;7,3;2,5;3,3
NL:S:61220190;Plakstraat;Winssen;5,8;7,2;4,3;5,6;2,6;2,0
NL:S:61240010;Nieuweweg;Wijchen;2,8;4,0;1,2;1,6;0,9;1,2
NL:S:61240020;Kraaijenberg 79e straat;Wijchen;0,7;1,1;0,2;0,5;0,3;0,5
NL:S:61240040;Kraaijenberg 86e straat;Wijchen;5,0;3,2;1,3;1,2;1,1;0,8
NL:S:61240050;Aalsburg;Wijchen;0,1;0,1;0,0;0,0;0,0;0,0
NL:S:61240060;Homberg;Wijchen;12,4;12,4;6,0;5,9;4,5;4,6
NL:S:61240070;Buizerdstraat;Wijchen;5,3;5,5;2,3;2,7;1,0;1,6
NL:S:61240080;Heilige Stoel 38/46;Wijchen;4,1;4,5;1,7;1,8;0,9;1,0
NL:S:61240100;Heilige Stoel 38/48;Wijchen;7,9;6,2;3,0;2,8;1,9;1,5
NL:S:61240110;Tunnelweg;Wijchen;6,2;8,2;2,3;4,7;1,0;2,4
NL:S:61240130;Holenbergseweg;Wijchen;3,9;3,2;2,1;1,9;1,0;1,4
NL:S:61240150;Schoenaker;Wijchen;5,3;9,4;1,9;4,8;1,8;3,1
NL:S:61240280;Station Wijchen;Wijchen;58,2;63,0;13,8;19,5;11,7;15,7
NL:S:61240290;Herenstraat;Wijchen;0,5;0,7;0,0;0,0;0,0;0,0
NL:S:61240350;Blauwe Hof 40e straat;Wijchen;0,6;0,2;0,0;0,0;0,0;0,0
NL:S:61240380;Diepvoorde;Wijchen;0,1;0,2;0,1;0,1;0,1;0,2
NL:S:61240390;Huissteden;Wijchen;15,6;8,0;7,9;5,4;3,6;3,7
NL:S:61240610;Zuiderpoort;Wijchen;25,2;27,6;10,6;11,7;6,9;7,0
NL:S:61240630;Kraaijenberg 83e straat;Wijchen;5,9;6,8;1,9;2,8;1,4;1,8
NL:S:61240640;De Ververt;Wijchen;8,2;8,5;3,8;3,9;3,0;2,8
NL:S:61240680;Oud-Ravensteinseweg;Wijchen;0,4;0,5;0,0;0,0;0,0;0,0
NL:S:61240720;Kerkeveld;Wijchen;10,1;10,9;3,9;5,3;2,9;3,0
NL:S:61240880;Bijsterh.22/Wilhelminal.;Wijchen;0,7;2,7;0,0;0,0;0,0;0,0
NL:S:61240910;Palkerplein;Wijchen;14,2;14,9;2,4;2,4;0,8;1,0
NL:S:61240950;Bijsterhuizen 21;Wijchen;9,6;9,6;0,0;0,0;0,0;0,0
NL:S:61240970;Bijsterhuizen 25;Wijchen;11,2;17,5;0,0;0,0;0,0;0,0
NL:S:61240990;Bijsterhuizen 10;Wijchen;2,4;4,3;0,0;0,0;0,0;0,0
NL:S:61241010;Mozaiek;Wijchen;1,8;2,1;0,0;0,0;0,0;0,0
NL:S:61241030;De Meerval;Wijchen;4,5;5,1;0,9;1,9;0,9;1,2
NL:S:61241050;Europaplein;Wijchen;15,2;18,3;7,7;8,6;4,6;6,0
NL:S:61241070;Meerdreef/Oosterweg;Wijchen;8,7;9,3;1,0;1,4;1,0;1,5
NL:S:61241270;Vijverlaan;Wijchen;4,5;4,6;1,1;1,6;1,0;1,1
NL:S:61241430;Kronenland;Wijchen;1,9;2,1;1,1;1,3;0,9;0,7
NL:S:61241470;Sluiskamp;Wijchen;3,6;3,7;1,7;2,2;0,8;0,9
NL:S:61241510;Blauwe Hof 60e straat;Wijchen;1,3;1,1;0,8;0,7;0,7;0,6
NL:S:61242010;Veenhof;Wijchen;7,3;5,0;2,9;2,3;2,7;1,6
NL:S:61242030;Weegbree;Wijchen;1,0;0,7;0,0;0,0;0,0;0,0
NL:S:61301230;Kerkplein;Valburg;17,4;16,4;0,0;0,0;0,0;0,0
NL:S:61301310;Strandpark Noord;Valburg;1,8;2,2;0,0;0,0;0,0;0,0
NL:S:61320020;Klapstraat;Afferden;4,5;4,6;4,7;4,9;2,0;2,0
NL:S:61320031;Koningstraat;Afferden;0,9;1,1;0,8;0,8;0,4;0,2
NL:S:61320041;Pas;Afferden;9,3;9,6;5,2;6,5;2,6;2,6
NL:S:61320080;Grotestraat;Deest;18,2;18,6;9,0;9,9;3,6;3,9
NL:S:61330030;Willibrordusstraat;Batenburg;0,6;0,1;0,0;0,0;0,0;0,0
NL:S:61330070;RK Kerk;Batenburg;1,0;1,4;0,0;0,0;0,0;0,0
NL:S:61340030;Leurseweg;Leur;0,1;0,1;0,0;0,0;0,0;0,0
NL:S:61340070;Broekstraat;Hernen;0,1;0,4;0,0;0,0;0,0;0,0
NL:S:61340090;Smitskampje;Hernen;1,0;0,8;0,0;0,0;0,0;0,0
NL:S:61400010;Lingebrug;Zetten;0,4;0,8;0,0;0,0;0,0;0,0
NL:S:61400030;Molenstraat;Zetten;0,3;0,4;0,0;0,0;0,0;0,0
NL:S:61401001;Station Zetten Andelst;Zetten;9,2;17,1;0,0;0,0;0,0;0,0
NL:S:61401230;Brittanjesingel;Zetten;7,0;7,8;0,0;0,0;0,0;0,0
NL:S:61401270;Stationsstraat;Zetten;4,7;2,6;0,0;0,0;0,0;0,0
NL:S:61401310;Hoofdstraat;Zetten;7,4;4,8;0,0;0,0;0,0;0,0
NL:S:61402230;Wilhelminastraat;Andelst;7,3;6,7;0,0;0,0;0,0;0,0
NL:S:61402270;Monument;Andelst;1,6;1,0;0,0;0,0;0,0;0,0
NL:S:61403230;Campus/Leuvenlaan;Utrecht;5,2;5,5;0,0;0,0;0,0;0,0
NL:S:61403270;UMC/Bolognalaan;Utrecht;9,8;10,0;0,0;0,0;0,0;0,0
NL:S:61403310;De Hoge Hof;Herveld;9,7;8,9;0,0;0,0;0,0;0,0
NL:S:61404230;'t Hoeveslag;Herveld;2,2;2,4;0,0;0,0;0,0;0,0
NL:S:61404310;Lechstraat;Herveld;2,6;3,0;0,0;0,0;0,0;0,0
NL:S:61404350;Molen de Vink;Herveld;3,7;3,3;0,0;0,0;0,0;0,0
NL:S:61410010;Station;Tiel;9,2;4,4;4,9;2,8;3,0;1,8
NL:S:61410030;Veemarkt;Tiel;2,5;1,9;1,6;1,3;0,6;0,4
NL:S:61410640;Laan van Westroijen;Tiel;1,5;0,6;0,8;0,4;0,4;0,4
NL:S:61412150;Predikbroedersweg;Tiel;1,1;1,7;0,6;0,3;0,1;0,1
NL:S:61420010;Pax Christi College;Druten;8,0;10,2;3,2;4,8;1,9;2,1
NL:S:61420030;Hermes Garage;Druten;4,8;4,9;3,9;3,9;1,7;1,7
NL:S:61420050;Markt;Druten;14,0;17,4;12,1;12,4;4,3;6,1
NL:S:61420070;Javaplein;Druten;3,5;3,8;2,4;3,4;0,9;2,0
NL:S:61420160;Gemeentehuis;Druten;6,8;9,1;5,8;8,2;2,8;3,2
NL:S:61420320;Westerhout;Puiflijk;1,7;1,2;0,2;0,6;0,2;0,1
NL:S:61420510;Scharenburg/N322;Druten;28,5;26,1;0,0;0,0;0,0;0,0
NL:S:61421000;Busstation;Druten;343,3;336,1;61,2;59,9;29,9;25,6
NL:S:61440010;Schaarsestraat;Bergharen;0,7;0,5;0,0;0,0;0,0;0,0
NL:S:61440030;De Weem;Bergharen;1,9;1,8;0,0;0,0;0,0;0,0
NL:S:61440070;Grotestraat;Bergharen;1,1;0,6;0,0;0,0;0,0;0,0
NL:S:61520210;Molenstraat;Boven Leeuwen;2,2;2,0;1,0;1,7;0,5;0,4
NL:S:61520230;Akkerstraat;Beneden-Leeuwen;8,2;5,2;5,2;3,7;2,3;1,9
NL:S:61520250;Veesteeg;Beneden Leeuwen;3,5;2,2;0,7;0,7;0,3;0,4
NL:S:61520350;Prins Willem Alexanderbrug;Beneden-Leeuwen;2,5;2,1;0,9;0,9;0,5;0,7
NL:S:63005090;Centrum;Molenhoek;0,5;0,3;0,0;0,0;0,0;0,0
NL:S:63005750;Fazantstraat;Wijchen;0,0;0,0;0,0;0,0;0,0;0,0
NL:S:63005790;Passedwarsstraat;Wijchen;0,2;0,2;0,0;0,0;0,1;0,1
NL:S:63147800;Kerk;Molenhoek;0,3;0,5;0,0;0,0;0,0;0,0
NL:S:64115110;Plein;Plasmolen;0,5;0,3;0,0;0,0;0,0;0,0
NL:S:64320430;Gemeenschapshuis;Middelaar;1,2;0,9;0,0;0,0;0,0;0,0
NL:S:69000160;Hakkesstraat;Venlo;0,2;0,1;0,1;0,0;0,0;0,0
NL:S:69000180;Bisschop Schrijnenstraat;Venlo;0,0;0,0;0,0;0,0;0,0;0,0
NL:S:69000280;Goltziusstraat;Venlo;0,0;0,0;0,0;0,0;0,0;0,0
NL:S:69000340;Heilig Hartkerk;Venlo;0,0;0,0;0,1;0,0;0,0;0,0
NL:S:69000380;Hogeweg;Venlo;0,2;0,2;0,0;0,0;0,0;0,0
NL:S:69000440;Karbindersstraat;Venlo;0,1;0,1;0,0;0,0;0,0;0,0
NL:S:69000610;Maagdenbergplein;Venlo;0,0;0,0;0,0;0,0;0,0;0,0
NL:S:69000660;Mgr. Nolensplein;Venlo;0,0;0,1;0,0;0,0;0,0;0,0
NL:S:69000890;Stalbergweg;Venlo;0,0;0,0;0,0;0,1;0,0;0,0
NL:S:69000900;Station;Venlo;0,4;0,4;0,5;0,6;0,2;0,1
NL:S:69001090;Veldenseweg;Venlo;0,0;0,1;0,0;0,0;0,0;0,0
NL:S:69100100;Hasselt;Velden;0,0;0,0;0,0;0,1;0,0;0,0
NL:S:69100120;Markt;Velden;0,2;0,3;0,2;0,2;0,1;0,1
NL:S:69100140;Taurus;Velden;0,0;0,0;0,0;0,0;0,0;0,0
NL:S:69100160;Velden Zuid;Velden;0,2;0,1;0,0;0,0;0,0;0,0
NL:S:69200100;De Voort;Lomm;0,3;0,0;0,0;0,0;0,0;0,0
NL:S:69200120;Spikweien;Lomm;0,0;0,3;0,0;0,1;0,0;0,0
NL:S:69200140;Veer naar Lottum;Lomm;0,1;0,0;0,0;0,0;0,0;0,0
NL:S:69300100;Koestraat;Arcen;0,3;0,3;0,4;0,3;0,0;0,0
NL:S:69300120;Laakweg;Arcen;1,0;1,0;0,2;0,3;0,0;0,0
NL:S:69300140;Veer naar Broekhuizen;Arcen;0,2;0,2;0,1;0,2;0,0;0,0
NL:S:69400100;Thermaalbad;Arcen;0,4;0,4;0,2;0,1;0,0;0,0
NL:S:69400120;Walbeckerweg;Wellerlooi;0,2;0,2;0,0;0,0;0,0;0,0
NL:S:69500100;Catharinastraat;Wellerlooi;1,3;1,5;0,1;0,1;0,0;0,0
NL:S:69500120;Kruisstraat;Wellerlooi;0,0;0,0;0,0;0,0;0,0;0,0
NL:S:69500140;Wellerlooi Zuid;Wellerlooi;0,1;0,0;0,0;0,0;0,0;0,0
NL:S:69600100;Bosserheide;Well;0,1;0,2;0,0;0,0;0,0;0,0
NL:S:69600120;Kasteellaan;Well;1,6;1,5;0,8;0,5;0,1;0,5
NL:S:69600220;Knikkerdorp;Well;0,0;0,1;0,0;0,0;0,0;0,1
NL:S:69600240;Halve Maan;Well;0,2;0,2;0,0;0,2;0,0;0,0
NL:S:69600280;Leuken;Well;0,1;0,3;0,0;0,1;0,0;0,0
NL:S:72610040;Melkdam;Renkum;2,7;5,4;0,9;1,3;1,4;3,4
NL:S:73006850;Graaf Gerardstraat;Mook;0,0;0,0;0,0;0,0;0,0;0,0
