STOPPLACECODE;NAME;TOWN;INSTAP_WERK;UITSTAP_WERK;INSTAP_ZA;UITSTAP_ZA;INSTAP_ZO;UITSTAP_ZO
NL:S:16000010;Station;Meppel;87,9;78,8;12,7;12,1;0,0;0,0
NL:S:16000260;Medisch Centrum;Meppel;0,5;0,9;0,0;0,1;0,0;0,0
NL:S:16000280;Gemeenteweg;Halfweg;0,0;0,0;0,0;0,0;0,0;0,0
NL:S:16000600;Burg. Knopperslaan;Meppel;0,4;0,8;0,0;0,0;0,0;0,0
NL:S:16000710;Steenwijkerstraatweg;Meppel;0,0;0,1;0,0;0,0;0,0;0,0
NL:S:16000800;De Stouwe;Meppel;12,8;17,7;0,5;0,6;0,0;0,0
NL:S:16000880;Reestplantsoen;Meppel;2,5;3,1;0,1;0,2;0,0;0,0
NL:S:16000910;Leonard Springerlaan;Meppel;0,6;0,5;0,3;0,1;0,0;0,0
NL:S:16001010;Hugo de Grootstraat;Meppel;0,9;0,9;0,0;0,0;0,0;0,0
NL:S:16002610;Prinsengracht;Meppel;0,5;0,3;0,1;0,2;0,0;0,0
NL:S:16110060;Heerenweg;IJhorst;1,3;1,1;0,3;0,5;0,0;0,0
NL:S:16110081;Havixhorst;De Schiphorst;0,0;0,1;0,0;0,0;0,0;0,0
NL:S:16110090;Wiltenweg;De Wijk;0,0;0,4;0,0;0,2;0,0;0,0
NL:S:16110220;Willem Koopsweg;De Wolden;0,1;0,7;0,1;0,0;0,0;0,0
NL:S:16110230;Oosterakker;De Wolden;0,0;0,1;0,0;0,0;0,0;0,0
NL:S:16110240;Verzorgingstehuis;De Wijk;0,5;0,4;0,3;0,0;0,0;0,0
NL:S:16110260;Sparrenlaan;IJhorst;1,1;0,4;0,0;0,0;0,0;0,0
NL:S:16180100;Vlakkenweg;Staphorst;2,9;3,0;0,3;0,4;0,0;0,0
NL:S:16180120;Geerligsland;Staphorst;1,3;1,9;0,0;0,0;0,0;0,0
NL:S:16180140;Jan Arendsland;Staphorst;3,5;4,6;0,4;0,5;0,0;0,0
NL:S:16180160;Snelweg;Staphorst;1,4;1,4;0,4;0,3;0,0;0,0
NL:S:16180180;Achthoevenweg;Staphorst;8,9;10,7;0,7;0,8;0,0;0,0
NL:S:16180200;Hoogeweg;Staphorst;14,4;13,5;1,7;1,4;0,0;0,0
NL:S:16180220;Bergerslag;Staphorst;16,7;18,3;2,3;2,5;0,0;0,0
NL:S:16180240;Gemeentehuis;Staphorst;16,6;17,5;2,3;2,1;0,0;0,0
NL:S:16180260;Lindenlaan;Staphorst;7,5;8,1;0,8;1,3;0,0;0,0
NL:S:16180280;Bejaardenhuis;Staphorst;4,5;3,1;0,9;0,6;0,0;0,0
NL:S:16180300;Prinses Beatrixstraat;Staphorst;7,5;7,4;1,2;1,1;0,0;0,0
NL:S:16180320;Boldewijnhuizen;Staphorst;0,7;0,8;0,1;0,2;0,0;0,0
NL:S:16280100;Oostermenneweg;Rouveen;2,1;1,9;0,5;0,5;0,0;0,0
NL:S:16280120;Zuideindigerweg;Rouveen;2,5;2,0;0,4;0,2;0,0;0,0
NL:S:16280140;Stadsweg;Rouveen;0,2;0,4;0,1;0,1;0,0;0,0
NL:S:16280160;Oude Rijksweg 485;Rouveen;0,2;0,4;0,0;0,1;0,0;0,0
NL:S:16280180;Hervormde Kerk;Rouveen;19,4;17,4;2,9;2,9;0,0;0,0
NL:S:16280200;Oude Rijksweg 415;Rouveen;2,7;2,2;0,2;0,4;0,0;0,0
NL:S:16280220;Oud Gereformeerde Kerk;Rouveen;0,9;1,1;0,1;0,2;0,0;0,0
NL:S:16280240;Conradsweg;Rouveen;1,7;1,5;0,2;0,2;0,0;0,0
NL:S:16280260;Schoolwijksweg;Rouveen;4,1;4,0;0,6;0,3;0,0;0,0
NL:S:16280280;Dekkersweg;Rouveen;3,9;4,3;0,3;0,4;0,0;0,0
NL:S:16301010;Station;Steenwijk;4,1;4,1;0,0;0,0;0,0;0,0
NL:S:16380100;Markteweg;Lichtmis;4,2;6,9;0,2;0,6;0,0;0,0
NL:S:16380120;Steenwetering;Lichtmis;0,3;0,3;0,1;0,2;0,0;0,0
NL:S:16380140;Meeleweg;Lichtmis;1,3;1,5;0,2;0,1;0,0;0,0
NL:S:16380190;Busstation;Lichtmis;49,7;52,1;1,4;1,7;0,0;0,0
NL:S:16580010;Noordeinde;Zwolle;0,7;1,4;0,2;0,2;0,1;0,1
NL:S:16580030;Westeinde;Zwolle;2,0;2,3;0,0;0,2;0,1;0,1
NL:S:16580050;Markteweg;Zwolle;10,1;5,5;0,2;0,4;0,4;1,0
NL:S:16580070;Kleefstraat;Zwolle;43,4;19,3;2,6;2,8;0,9;1,7
NL:S:16680010;Dedemsweg;Ruitenveen;2,0;2,2;0,8;1,1;0,4;0,4
NL:S:16680030;Kuitermansweg;Ruitenveen;1,9;2,1;0,4;0,4;0,2;0,2
NL:S:16680050;Nieuwe Kreuleweg;Ruitenveen;0,5;0,7;0,4;0,4;0,1;0,1
NL:S:16680070;Hoevenweg;Ruitenveen;2,8;2,8;0,8;0,9;0,4;0,8
NL:S:16680090;Middenweg;Ruitenveen;1,3;1,3;0,3;0,1;0,1;0,1
NL:S:16680110;Nieuwendijk;Ruitenveen;0,8;0,9;0,1;0,2;0,1;0,2
NL:S:16780001;Schuilhut;Nieuwleusen;0,1;0,4;0,0;0,1;0,0;0,0
NL:S:16780010;De Vlijt;Nieuwleusen;4,6;5,2;1,1;2,3;0,9;0,9
NL:S:16780030;Oosterhulst;Nieuwleusen;0,7;0,8;0,3;0,3;0,1;0,2
NL:S:16780050;Den Hulst;Nieuwleusen;52,9;55,2;5,4;6,5;2,5;2,7
NL:S:16780070;Bejaardencentrum;Nieuwleusen;13,4;13,8;5,0;6,0;2,8;3,3
NL:S:16780080;Baron van Dedemstraat;Nieuwleusen;4,0;1,0;1,3;0,4;0,3;0,0
NL:S:16780090;Gereformeerde Kerk;Nieuwleusen;21,5;20,6;7,0;6,8;3,6;3,7
NL:S:16780110;Zwembad;Nieuwleusen;20,7;19,6;7,2;6,8;3,2;3,8
NL:S:16780130;Centrum;Nieuwleusen;35,6;39,0;12,1;11,7;6,0;6,0
NL:S:16780150;Westeinde;Nieuwleusen;12,2;12,4;2,6;3,5;1,9;2,0
NL:S:16780170;Bouwhuisweg;Nieuwleusen;5,8;5,3;1,4;1,6;0,9;1,1
NL:S:16780190;Molen;Nieuwleusen;2,8;3,6;1,5;1,4;0,6;0,5
NL:S:16780300;Grote Markt;Nieuwleusen;0,8;0,5;0,3;0,2;0,0;0,0
NL:S:16780560;Rollecater Brug;Nieuwleusen;7,4;8,3;0,0;0,0;0,0;0,0
NL:S:17000010;Station;Hoogeveen;77,4;74,8;15,6;14,8;8,8;12,2
NL:S:17000210;Buizerdlaan;Hoogeveen;25,3;19,0;4,1;3,3;3,1;2,0
NL:S:17000710;Mr. Cramerweg P+R;Hoogeveen;7,1;5,2;1,8;1,3;0,9;0,9
NL:S:17001650;Willemskade;Hoogeveen;1,1;1,6;0,2;0,3;0,1;0,1
NL:S:17003020;Industrieweg;Hoogeveen;3,4;9,4;0,2;0,1;0,1;0,0
NL:S:17003040;Tamboerpassage;Hoogeveen;13,7;14,1;4,1;5,1;1,5;1,2
NL:S:17003120;Wolfsbosstraat;Hoogeveen;3,3;2,8;0,7;0,8;0,1;0,3
NL:S:17003140;Valkenlaan;Hoogeveen;2,4;2,4;0,6;0,8;0,4;0,4
NL:S:17003200;'t Haagje;Hoogeveen;5,0;5,6;1,6;1,7;0,8;0,4
NL:S:17190010;Buitenvaart;Hollandscheveld;4,3;5,0;0,2;0,2;0,0;0,0
NL:S:17190030;Opgaande 71;Hollandscheveld;0,8;1,0;0,1;0,2;0,1;0,1
NL:S:17190050;'t Hoekje;Hollandscheveld;12,0;12,4;1,3;1,9;0,7;0,9
NL:S:17190150;Carstensdijk;Zuideropgaande;2,7;2,8;0,5;0,3;0,2;0,2
NL:S:17190190;Schooldijkje;Zuideropgaande;0,2;0,1;0,0;0,0;0,0;0,0
NL:S:17290010;Riegshoogtendijk;Kerkenveld;0,3;0,3;0,0;0,0;0,0;0,0
NL:S:17290030;Gedempte Wijde Wijk;Kerkenveld;4,7;4,4;0,7;0,4;0,2;0,5
NL:S:17290050;Ritmeesterweg;Kerkenveld;1,1;1,0;0,3;0,1;0,1;0,1
NL:S:17290070;Riegshoogtendijk 3;Kerkenveld;0,1;0,1;0,0;0,0;0,0;0,0
NL:S:17290090;Hoogeveenseweg 33;Kerkenveld;0,2;0,2;0,0;0,1;0,0;0,0
NL:S:17290110;Braambergerweg;Kerkenveld;0,7;1,0;0,1;0,2;0,2;0,1
NL:S:17290130;Hoogeveenseweg 11;Kerkenveld;0,8;0,7;0,3;0,1;0,1;0,1
NL:S:17350030;Riegshoogtendijk;Hollandscheveld;8,2;7,3;1,4;1,8;0,5;0,6
NL:S:17350050;Jan Wintersdijkje;Zuideropgaande;0,6;1,1;0,1;0,1;0,0;0,0
NL:S:17480030;Zwolseweg;Balkbrug;23,1;25,1;5,9;5,9;2,9;2,9
NL:S:17480050;d 'Olde Heerd;Balkbrug;9,6;8,9;2,3;3,4;1,6;1,6
NL:S:17480070;Zelhorstweg;Balkbrug;1,7;1,9;0,8;1,2;0,3;0,4
NL:S:17480090;Nieuweweg (Sluis 4);Balkbrug;3,6;3,3;1,5;1,5;0,7;1,0
NL:S:19000320;Trageldijk;Coevorden;1,3;1,0;0,0;0,0;0,0;0,0
NL:S:19180200;Scheidijk;De Krim;1,9;0,1;0,0;0,0;0,0;0,0
NL:S:19180220;Dommerskanaal;De Krim;1,1;0,8;0,0;0,0;0,0;0,0
NL:S:19180260;Nieuwlandseweg;De Krim;0,7;0,8;0,0;0,0;0,0;0,0
NL:S:19180280;N.H. Kerk;De Krim;3,5;3,3;0,0;0,0;0,0;0,0
NL:S:19180300;Horstra's Wijk;De Krim;2,7;3,0;0,0;0,0;0,0;0,0
NL:S:19180332;Horstra's Wijk/Marsstraat;De Krim;0,3;0,2;0,0;0,0;0,0;0,0
NL:S:19180350;Marsstraat;De Krim;1,2;0,5;0,0;0,0;0,0;0,0
NL:S:19180450;Slagenweg/Lutteresweg;Ane;0,0;0,2;0,0;0,0;0,0;0,0
NL:S:19280010;Molenweg;De Krim;0,2;0,1;0,0;0,0;0,0;0,0
NL:S:19280030;Coevorderweg 171;De Krim;0,1;0,1;0,0;0,0;0,0;0,0
NL:S:19280050;Drukkerij Seinen;De Krim;0,2;0,3;0,0;0,0;0,0;0,0
NL:S:19280070;Coevorderweg 105;De Krim;0,0;0,0;0,0;0,0;0,0;0,0
NL:S:19380010;Schuineslootweg;Slagharen;9,5;9,1;1,0;1,4;0,8;0,6
NL:S:19380030;Herenstraat 108;Slagharen;0,3;0,3;0,1;0,1;0,0;0,0
NL:S:19380050;Witmanweg;Slagharen;1,2;1,9;0,6;0,4;0,1;0,1
NL:S:19380070;Vergouwlaan;Slagharen;18,8;17,2;2,2;1,7;1,5;1,0
NL:S:19380151;Centrum;Lutten;116,5;118,9;17,7;17,9;10,2;10,0
NL:S:19380191;Viaduct;Lutten;6,5;6,4;1,2;1,2;0,5;0,4
NL:S:19380280;Coevorderweg 89;Slagharen;0,4;0,6;0,0;0,0;0,0;0,0
NL:S:19380301;Centrum;Slagharen;32,6;34,7;7,4;9,0;5,1;3,4
NL:S:19380320;Attractiepark;Slagharen;17,2;16,5;10,4;11,4;9,6;6,7
NL:S:19380340;Dedemsvaartseweg 84;Lutten;1,2;1,1;0,3;0,2;0,1;0,2
NL:S:19380360;Coevorderweg;Lutten;1,0;1,2;0,1;0,2;0,3;0,1
NL:S:19380380;Tottenhamstraat/Proatkoele;Lutten;1,4;0,9;0,3;0,2;0,2;0,1
NL:S:19380400;Ongelukkige Wijk;Lutten;2,5;2,6;0,2;0,2;0,2;0,2
NL:S:19480010;Rheezerend 162;Dedemsvaart;0,6;0,8;0,1;0,1;0,2;0,2
NL:S:19480030;Rheezerend;Dedemsvaart;1,7;1,7;0,3;0,5;0,3;0,3
NL:S:19480050;Rheezerend 60;Dedemsvaart;1,2;1,4;0,5;0,1;0,2;0,3
NL:S:19480070;Industrieweg;Dedemsvaart;4,7;5,0;0,3;0,3;0,4;0,2
NL:S:19480090;Celsiusstraat;Dedemsvaart;3,7;3,8;0,3;0,3;0,1;0,2
NL:S:19480110;Van Haeringenstraat;Dedemsvaart;1,5;2,1;0,5;0,5;0,4;0,2
NL:S:19480130;De Magnolia;Dedemsvaart;25,3;22,5;5,5;5,8;2,0;1,7
NL:S:19480150;Hazelaar;Dedemsvaart;24,6;22,8;4,3;3,3;1,4;1,6
NL:S:19480170;Krikkenstraat;Dedemsvaart;8,0;8,8;1,5;2,3;1,1;1,4
NL:S:19480190;Haitjema;Dedemsvaart;33,1;28,5;10,8;8,8;7,0;5,1
NL:S:19480230;Adelaarweg;Dedemsvaart;47,8;43,8;8,6;8,4;5,5;4,5
NL:S:19480250;Sportlaan;Dedemsvaart;25,2;23,4;4,2;4,5;2,9;3,0
NL:S:19480280;Busstation;Dedemsvaart;45,5;49,5;10,4;9,4;6,0;5,9
NL:S:19480300;Hoofdvaart 115;Dedemsvaart;1,3;1,9;0,2;0,2;0,1;0,1
NL:S:19480320;Hoofdvaart 207;Dedemsvaart;1,1;1,3;0,2;0,2;0,1;0,2
NL:S:19480340;Het Rak;Dedemsvaart;1,7;1,5;0,2;0,3;0,2;0,2
NL:S:19480360;De Pol;Dedemsvaart;1,3;1,3;0,3;0,4;0,1;0,3
NL:S:19481990;S.G. van der Capellen;Dedemsvaart;3,3;3,0;0,0;0,0;0,0;0,0
NL:S:19580000;Station;Gramsbergen;0,1;0,0;0,0;0,0;0,0;0,0
NL:S:19580040;Aner Molen;Ane;0,0;0,0;0,0;0,0;0,0;0,0
NL:S:19580060;De Viersprong;Ane;0,0;0,0;0,0;0,0;0,0;0,0
NL:S:19580080;Slagenweg/Haarweg;Ane;0,0;0,0;0,0;0,0;0,0;0,0
NL:S:19580100;Slagenweg/Schansweg;Ane;0,0;0,0;0,0;0,0;0,0;0,0
NL:S:24550090;Onnaseveld;Steenwijk;0,0;0,0;0,0;0,0;0,0;0,0
NL:S:24550122;Bedelaarspad;Steenwijk;0,6;0,4;0,0;0,0;0,0;0,0
NL:S:24550220;Westercluft;Steenwijk;0,7;0,2;0,0;0,0;0,0;0,0
NL:S:24550360;Kallenkoterallee;Steenwijk;0,5;0,4;0,0;0,0;0,0;0,0
NL:S:24550380;Gagelsweg;Steenwijk;0,3;0,1;0,0;0,0;0,0;0,0
NL:S:24550400;Oostercluft;Steenwijk;0,4;0,3;0,0;0,0;0,0;0,0
NL:S:24550420;'t Schar;Steenwijk;0,8;0,5;0,0;0,0;0,0;0,0
NL:S:24650010;Veendijk;Veendijk;0,2;0,1;0,0;0,0;0,0;0,0
NL:S:24650030;Bovenboer;Veendijk;0,2;0,2;0,0;0,0;0,0;0,0
NL:S:24650050;Havelterberg;Havelterberg;0,2;0,2;0,0;0,0;0,0;0,0
NL:S:24650070;Rotonde;Havelterberg;0,1;0,1;0,0;0,0;0,0;0,0
NL:S:24750100;Nijeveenseweg;Meppel;0,4;0,5;0,0;0,0;0,0;0,0
NL:S:24750120;De Schalle;Nijeveen;1,6;1,1;0,0;0,0;0,0;0,0
NL:S:24750140;Molenweg;Nijeveen;2,0;1,2;0,0;0,0;0,0;0,0
NL:S:24750160;Gemeentehuis;Nijeveen;6,0;3,1;0,0;0,0;0,0;0,0
NL:S:24750180;Kerkweg;Nijeveen;0,4;0,3;0,0;0,0;0,0;0,0
NL:S:24750200;Zonneberg;Nijeveen;0,1;0,1;0,0;0,0;0,0;0,0
NL:S:25770020;Mannagras;Zwolle;7,6;0,8;3,9;0,4;1,9;0,4
NL:S:25770030;Klokkengieterlaan;Zwolle;19,3;18,6;9,7;9,3;6,6;6,7
NL:S:25770050;Karveelschipperstraat;Zwolle;12,2;11,9;7,2;6,7;3,5;4,1
NL:S:25770060;Veldbeemdgras;Zwolle;31,8;27,8;15,4;13,8;9,0;9,7
NL:S:25770070;Goudsmidstraat;Zwolle;18,4;15,6;9,0;8,4;5,4;5,2
NL:S:25770110;Fioringras;Zwolle;28,5;21,8;12,5;12,1;9,5;7,8
NL:S:25770230;Bandijklaan;Zwolle;19,7;22,1;9,7;10,4;4,0;5,4
NL:S:42124690;Kerkweg;Zwolle;1,6;2,2;1,2;1,6;1,0;1,2
NL:S:43470010;Rabobank;Lettele;1,7;1,4;0,4;0,4;0,0;0,0
NL:S:43470110;Garderegimentsweg;Schalkhaar;2,3;2,3;1,0;1,3;0,6;1,2
NL:S:43470170;ten Havesweg;Okkenbroek;0,2;0,2;0,0;0,0;0,0;0,0
NL:S:43470190;De Grote Brander;Okkenbroek;0,3;0,3;0,2;0,4;0,0;0,0
NL:S:43479030;Doldermansweg;Lettele;0,0;0,0;0,0;0,0;0,0;0,0
NL:S:43480010;'t Dijkhuis;Bathmen;8,1;8,1;3,6;3,8;2,0;1,9
NL:S:43480050;Bannink;Deventer;0,5;0,5;0,2;0,2;0,1;0,1
NL:S:43480070;Peppelerdijk;Deventer;0,1;0,1;0,0;0,1;0,0;0,0
NL:S:43480100;Enklaan;Bathmen;11,3;11,8;4,3;5,0;2,7;2,5
NL:S:43480150;Gemeentewerken;Bathmen;0,1;0,1;0,0;0,0;0,0;0,0
NL:S:43480180;Oude Molen;Bathmen;0,0;0,0;0,0;0,0;0,0;0,0
NL:S:43480190;Polakstraat;Bathmen;7,7;7,7;2,2;2,2;1,2;1,1
NL:S:43480210;Vegerinkskamp;Bathmen;5,2;10,3;1,8;4,8;1,6;2,7
NL:S:43480230;Looweg Kuiperij;Bathmen;3,2;5,3;1,6;2,2;0,6;1,2
NL:S:43480250;Schipbeeksweg;Bathmen;26,5;16,2;7,6;4,3;4,5;2,5
NL:S:43580050;Java;Bathmen;0,0;0,0;0,0;0,0;0,0;0,0
NL:S:43580100;Wagenvoorde;Bathmen;0,0;0,0;0,0;0,0;0,0;0,0
NL:S:43630530;Driesprong;Bruinehaar;0,5;0,2;0,1;0,0;0,0;0,0
NL:S:43640010;Handelsstraat;Hardenberg;0,0;0,0;0,0;0,1;0,0;0,0
NL:S:43640030;Wavin;Hardenberg;0,0;0,0;0,1;0,0;0,0;0,0
NL:S:43640050;Ziekenhuis;Hardenberg;0,0;0,0;0,0;0,0;0,0;0,0
NL:S:43640070;Station;Hardenberg;91,6;82,1;15,3;15,3;8,8;9,8
NL:S:43640110;Hattemattestraat;Gramsbergen;0,0;0,3;0,0;0,0;0,0;0,0
NL:S:43640130;Welgelegen;Gramsbergen;0,1;0,0;0,0;0,0;0,0;0,0
NL:S:43640190;Clara Feyoenaheem;Hardenberg;2,7;3,4;0,0;0,0;0,0;0,0
NL:S:43640210;Meteoorlaan;Hardenberg;7,5;6,3;0,0;0,0;0,0;0,0
NL:S:43640230;Rheezerweg;Hardenberg;0,8;1,4;0,0;0,0;0,0;0,0
NL:S:43640250;Haarmolen;Heemserveen;27,7;29,1;7,5;6,2;3,4;3,4
NL:S:43640310;Middenweg;Heemserveen;0,4;0,6;0,1;0,2;0,0;0,1
NL:S:43640330;Roelofsmulderweg;Heemserveen;0,1;0,1;0,0;0,0;0,0;0,0
NL:S:43640350;Elfde Wijk;Heemserveen;0,4;0,6;0,0;0,1;0,0;0,0
NL:S:43640370;De Nieuwe Haven;Hardenberg;0,0;0,1;0,0;0,0;0,0;0,0
NL:S:43640390;Waterinkschool;Hardenberg;2,5;1,5;0,6;0,0;0,3;0,0
NL:S:43640397;Centrum;Hardenberg;19,5;8,8;2,0;0,2;0,6;0,0
NL:S:43640450;Morgenroodweg;Ebbenbroek;0,1;0,0;0,0;0,0;0,0;0,0
NL:S:43640520;Dorpshuis;Bruchterveld;0,2;0,4;0,0;0,1;0,0;0,0
NL:S:43640530;Gemeentehuis;Hardenberg;30,2;45,1;5,8;7,3;1,8;2,9
NL:S:43640600;PKN Kerk;Bruchterveld;0,4;0,2;0,0;0,0;0,0;0,0
NL:S:43640690;Parkweg 57;Hardenberg;0,0;0,1;0,0;0,0;0,0;0,0
NL:S:43640710;Molenplein;Hardenberg;4,9;4,0;2,2;2,9;1,8;1,6
NL:S:43641020;Weversdijk;Hardenberg;0,0;0,0;0,0;0,0;0,0;0,0
NL:S:43641040;Moderna;Hardenberg;0,2;0,4;0,0;0,0;0,0;0,0
NL:S:43641050;Broeklanden;Hardenberg;0,0;0,1;0,0;0,0;0,0;0,0
NL:S:43670100;'t Pleintie;Nieuw-Heeten;2,0;1,7;0,2;0,2;0,0;0,0
NL:S:43670120;Bijvanksweg;Nieuw-Heeten;0,1;0,2;0,0;0,0;0,0;0,0
NL:S:43680030;De Smid;Dijkerhoek;0,0;0,1;0,0;0,0;0,0;0,0
NL:S:43680090;Vukking;Dijkerhoek;0,0;0,0;0,0;0,0;0,0;0,0
NL:S:43680120;Aaltinksweg;Holten;0,0;0,0;0,0;0,0;0,0;0,0
NL:S:43770150;Koerselmansweg;Okkenbroek;0,0;0,0;0,0;0,1;0,0;0,0
NL:S:43770170;Okkenbroekerveldweg;Okkenbroek;0,1;0,5;0,0;0,1;0,0;0,0
NL:S:43770210;Oostermaatsdijk;Okkenbroek;0,1;0,1;0,0;0,0;0,0;0,0
NL:S:43770230;Vlessendijk;Nieuw-Heeten;0,1;0,1;0,1;0,0;0,0;0,0
NL:S:43779010;Kerk;Okkenbroek;0,7;0,2;0,2;0,1;0,0;0,0
NL:S:43780090;Scholengemeenschap;Holten;3,6;4,5;0,0;0,0;0,0;0,0
NL:S:43890190;Dorpsstraat;Kloosterhaar;0,4;0,3;0,0;0,0;0,0;0,0
NL:S:43890220;Verlengde Broekdijk;Kloosterhaar;0,0;0,0;0,0;0,0;0,0;0,0
NL:S:43929030;Oude Deventerweg;Holten;0,6;0,0;0,0;0,0;0,0;0,0
NL:S:43990070;Kanaalbrug;Bergentheim;0,0;0,0;0,0;0,0;0,0;0,0
NL:S:43990101;Station;Marienberg;0,0;0,0;0,0;0,0;0,0;0,0
NL:S:43990110;Cafe;Beerzerveld;0,1;0,0;0,0;0,0;0,0;0,0
NL:S:43990130;Schuurmanstraat;Beerzerveld;0,0;0,0;0,0;0,0;0,0;0,0
NL:S:43990190;De Pallegarste;Marienberg;0,0;0,0;0,0;0,0;0,0;0,0
NL:S:43990270;Ringweg;Rheeze;0,0;0,0;0,0;0,0;0,0;0,0
NL:S:43990430;Oud Bergentheim;Bergentheim;0,0;0,0;0,0;0,0;0,0;0,0
NL:S:43990530;Waaijerinkweg;Beerzerhaar;0,0;0,0;0,0;0,0;0,0;0,0
NL:S:43990550;Beerzerpoort;Beerze;0,0;0,0;0,0;0,0;0,0;0,0
NL:S:45871001;Theehuis De Lemelerberg;Lemele;0,1;0,1;0,0;0,0;0,0;0,0
NL:S:45871003;Kerk;Lemele;0,7;0,5;0,0;0,0;0,0;0,0
NL:S:45871005;Imminkhoeve;Lemele;0,1;0,1;0,0;0,0;0,0;0,0
NL:S:45871007;Camping De Lemeler Esch;Lemele;0,0;0,0;0,0;0,0;0,0;0,0
NL:S:45910010;Emtenbroekerdijk;Kloosterhaar;0,0;0,0;0,0;0,0;0,0;0,0
NL:S:45910030;Crullsweg;Kloosterhaar;0,0;0,0;0,0;0,0;0,0;0,0
NL:S:45930010;Kuilenweg;Hardenberg;0,0;0,0;0,0;0,0;0,0;0,0
NL:S:45930030;Kerkweg;Bruchterveld;0,2;0,1;0,1;0,0;0,0;0,0
NL:S:45940500;Beerzerhooiweg;Beerze;0,0;0,0;0,0;0,0;0,0;0,0
NL:S:46000030;Brekken;Zwolle;13,4;15,7;3,2;3,6;2,0;2,0
NL:S:46000050;Händellaan;Zwolle;11,8;9,7;7,2;5,5;3,1;2,5
NL:S:46000070;Diasporalaan;Zwolle;5,0;5,1;2,0;2,2;1,0;1,4
NL:S:46000110;Van der Schuerenmarke;Zwolle;10,7;10,9;6,5;6,6;3,9;4,0
NL:S:46000130;Van Nispensingel;Zwolle;12,2;11,6;7,6;7,0;5,2;5,0
NL:S:46000150;Van Hasseltmarke;Zwolle;4,5;3,4;2,6;2,2;1,8;1,4
NL:S:46000170;Molenweg;Zwolle;186,9;190,4;8,2;10,1;3,0;4,0
NL:S:46000190;Zwartewaterallee;Zwolle;6,8;5,5;0,0;0,0;0,0;0,0
NL:S:46000330;Muijdermanstraat;Zwolle;2,3;2,9;0,9;0,9;0,3;0,4
NL:S:46000430;Hollewandsweg;Zwolle;14,6;13,9;8,8;7,9;4,8;4,9
NL:S:46000570;Dokter Hengeveldweg;Zwolle;82,3;55,1;6,8;4,9;2,9;2,4
NL:S:46000800;Groot Wezenland;Zwolle;0,5;0,3;0,1;0,0;0,2;0,1
NL:S:46000810;Nw. Deventerw./Ittersumall.;Zwolle;8,4;8,9;5,2;5,4;4,1;3,8
NL:S:46000830;Troelstralaan;Zwolle;14,7;12,8;9,1;8,4;5,0;4,5
NL:S:46001000;Park de Wezenlanden;Zwolle;47,9;49,6;6,1;6,4;2,7;3,8
NL:S:46001010;Zuster van de Kolkstraat;Zwolle;0,9;1,2;0,8;0,8;0,3;0,4
NL:S:46001030;Zwarteweg;Zwolle;5,4;5,6;1,1;1,4;1,1;1,2
NL:S:46001070;Volterbeek;Zwolle;16,7;16,6;11,4;12,4;7,8;7,5
NL:S:46001100;Assendorperdijk;Zwolle;49,5;54,7;5,1;4,4;2,3;2,7
NL:S:46001110;Maaslaan;Zwolle;4,6;7,6;3,8;5,4;2,2;4,0
NL:S:46001120;Roelingsbeek;Zwolle;11,4;7,0;9,1;4,2;4,2;2,5
NL:S:46001170;Rijnlaan/Amstel;Zwolle;39,2;41,5;15,1;16,2;8,1;9,0
NL:S:46001200;Ittersumallee;Zwolle;9,4;14,5;0,0;0,0;0,0;0,0
NL:S:46001210;Volkerak;Zwolle;4,3;0,6;2,8;0,3;1,9;0,2
NL:S:46001230;Elsbeek;Zwolle;6,5;4,7;4,3;3,7;3,6;2,7
NL:S:46001290;Wkc De Dobbe;Zwolle;57,0;6,7;30,9;3,8;15,7;1,9
NL:S:46001300;Caspar Fagelstraat;Zwolle;29,2;25,7;14,4;12,2;8,7;8,5
NL:S:46001320;Paulus Buysstraat;Zwolle;14,7;16,1;10,4;10,1;6,1;7,0
NL:S:46001340;Celebesstraat;Zwolle;8,5;8,8;6,9;6,7;4,1;5,6
NL:S:46001360;Thomas a Kempisstraat;Zwolle;28,2;27,9;19,8;18,0;9,1;12,4
NL:S:46001380;Wkc Diezerpoort;Zwolle;85,2;80,2;49,9;44,1;19,5;19,7
NL:S:46001560;Isala ziekenhuis;Zwolle;238,3;193,3;13,2;13,4;5,0;4,5
NL:S:46001610;Dijkstraat;Zwolle;73,9;77,3;41,5;47,1;13,4;15,5
NL:S:46001630;Rodetorenplein;Zwolle;141,4;154,8;82,4;93,6;29,8;33,3
NL:S:46001650;IJsselcentraleweg;Zwolle;13,9;15,9;2,7;3,5;1,9;2,0
NL:S:46001710;van Karnebeektunnel;Zwolle;8,2;10,5;3,4;3,6;1,3;2,0
NL:S:46001750;Provinciehuis;Zwolle;33,9;38,2;16,1;20,1;6,3;6,6
NL:S:46001770;Koggelaan;Zwolle;2,7;4,7;0,5;2,7;0,9;2,0
NL:S:46001790;Burg. van Walsumlaan;Zwolle;76,4;72,2;0,9;1,5;0,2;0,4
NL:S:46001970;Sassenpoort;Zwolle;21,3;31,7;13,8;22,4;6,7;9,0
NL:S:46001990;Kerkbrugje;Zwolle;49,3;47,6;34,6;36,3;11,8;12,4
NL:S:46002560;Kuyerhuislaan;Zwolle;2,1;2,1;0,0;0,0;0,0;0,0
NL:S:46002620;Wkc Zuid;Zwolle;0,3;0,2;0,0;0,0;0,0;0,0
NL:S:46002700;Gedeputeerdenlaan;Zwolle;10,3;18,2;7,2;10,5;4,8;7,2
NL:S:46002960;Blaloweg/Hasselterweg;Zwolle;4,4;6,7;1,2;2,4;0,8;1,5
NL:S:46003000;Otterveld;Zwolle;9,6;9,3;4,5;4,4;2,8;2,9
NL:S:46003110;Wkc Forelkolk;Zwolle;5,9;4,9;3,9;3,7;1,8;1,7
NL:S:46003130;Brasemkolk;Zwolle;1,6;2,8;0,8;1,7;0,6;0,9
NL:S:46003170;Hazenveld;Zwolle;3,4;4,2;1,3;1,6;0,8;1,3
NL:S:46003200;Van Leeuwtemarke;Zwolle;11,1;11,4;6,3;8,5;4,6;5,5
NL:S:46003240;Herenweg;Zwolle;5,7;7,0;0,7;1,5;0,4;0,8
NL:S:46003290;Heerkensmarke;Zwolle;8,2;8,5;5,8;5,2;2,9;3,9
NL:S:46003800;Oldeneelallee;Zwolle;7,3;8,9;0,0;0,0;0,0;0,0
NL:S:46003900;Nieuwe Deventerweg/KWS;Zwolle;6,8;6,1;0,0;0,2;0,0;0,0
NL:S:46004007;Station;Zwolle;3524,8;3474,0;741,8;651,3;473,6;380,8
NL:S:46004180;De Ruyterplein;Zwolle;0,0;0,0;0,0;0,0;0,0;0,0
NL:S:46004190;Corn. Houtmanstraat;Zwolle;4,0;6,5;2,3;3,1;1,0;1,5
NL:S:46004270;Tesselschadestraat;Zwolle;0,1;0,0;0,1;0,0;0,0;0,0
NL:S:46004310;Jacob Catsstraat;Zwolle;0,0;0,0;0,0;0,0;0,0;0,0
NL:S:46004410;Schuurmanstraat;Zwolle;1,3;1,2;0,5;0,3;0,5;0,7
NL:S:46004500;Trompstraat;Zwolle;38,0;32,6;13,3;12,1;4,0;6,1
NL:S:46004530;Stadion;Zwolle;268,0;263,5;20,3;27,3;9,4;11,8
NL:S:46004670;Deltion Campus;Zwolle;1244,2;1138,3;15,5;19,0;9,0;12,4
NL:S:46004720;Hanzelanden Oost;Zwolle;3,0;5,2;1,1;0,8;1,1;0,7
NL:S:46004790;Nieuwe Deventerweg;Zwolle;9,1;8,8;4,0;4,3;3,3;3,9
NL:S:46005335;Klooienberglaan;Zwolle;14,5;13,9;6,8;6,7;5,5;7,1
NL:S:46005410;Frans Halsstraat;Zwolle;19,3;24,4;10,9;13,8;4,2;7,8
NL:S:46005550;Pergolesisstraat;Zwolle;43,5;29,6;14,0;14,6;4,3;6,0
NL:S:46005570;Buxtehudestraat;Zwolle;24,8;18,5;9,2;9,0;5,4;5,8
NL:S:46005590;Bellinistraat;Zwolle;36,7;28,9;20,8;19,3;11,1;11,0
NL:S:46005810;Morra;Zwolle;9,2;3,8;7,8;3,0;2,8;0,8
NL:S:46005850;Bachlaan;Zwolle;14,1;35,5;4,7;11,4;2,0;5,5
NL:S:46005870;Oosterdiep;Zwolle;15,8;15,6;11,1;9,7;6,0;7,5
NL:S:46005890;Welle;Zwolle;7,3;7,5;4,5;5,2;1,5;2,0
NL:S:46005910;Hunzelaan;Zwolle;5,6;6,2;2,7;4,6;1,6;1,8
NL:S:46005990;Zijpe;Zwolle;14,8;7,5;9,5;3,8;5,0;2,9
NL:S:46006030;Dahliastraat;Zwolle;8,0;3,8;0,9;0,7;0,1;0,2
NL:S:46006110;Hortensiastraat;Zwolle;6,5;3,1;1,9;1,2;0,6;0,6
NL:S:46006530;Burgemeester Roelenweg;Zwolle;59,0;115,3;5,5;8,4;3,7;6,3
NL:S:46006600;Blaloweg/Rieteweg;Zwolle;5,7;6,5;0,8;1,5;0,7;1,0
NL:S:46006820;Wkc De Dobbe;Zwolle;8,4;64,0;4,6;35,9;1,2;18,6
NL:S:46006840;De Zoom;Zwolle;3,3;2,9;0,0;0,1;0,1;0,1
NL:S:46007000;Vrolijkheid;Zwolle;37,2;55,3;3,4;5,7;0,8;2,3
NL:S:46007020;Meppelerstraatweg;Zwolle;42,5;33,2;10,1;11,4;4,1;4,2
NL:S:46008050;Wkc Zuid/Democratenlaan;Zwolle;28,9;27,3;20,9;19,0;9,9;9,9
NL:S:46008110;Esdoornstraat;Zwolle;132,0;142,7;6,9;7,9;2,5;4,3
NL:S:46008130;Gombertstraat;Zwolle;38,1;6,6;23,0;4,2;9,4;1,0
NL:S:46008180;Bachplein;Zwolle;139,6;125,1;65,2;57,0;33,7;33,8
NL:S:46008410;Hogenkampsweg;Zwolle;45,2;44,2;24,6;21,9;11,8;13,8
NL:S:46008420;Jofferenlaan;Zwolle;1,0;1,2;0,8;0,6;0,1;0,8
NL:S:46008440;Wkc Zuid/Patriottenlaan;Zwolle;44,6;47,8;30,0;35,5;21,5;23,7
NL:S:46040010;Kasteel Rechteren;Dalfsen;0,0;0,0;0,0;0,0;0,0;0,0
NL:S:46050010;Cafe Restaurant Madrid;Hessum;0,1;0,2;0,0;0,0;0,0;0,0
NL:S:46050030;Huize Vilsteren;Vilsteren;0,3;0,1;0,0;0,0;0,0;0,0
NL:S:46050050;Gasunie;Vilsteren;0,0;0,0;0,0;0,0;0,0;0,0
NL:S:46050070;Kaasboerderij Heileuver;Dalmsholte;0,1;0,1;0,0;0,0;0,0;0,0
NL:S:46050090;De Marshoeve;Dalmsholte;0,1;0,1;0,0;0,0;0,0;0,0
NL:S:46060040;Camping Nieuwe Brug;Nieuwe Brug;0,0;0,0;0,0;0,0;0,0;0,0
NL:S:46100000;Frankhuizerallee;Zwolle;18,3;20,0;11,2;11,5;5,5;6,7
NL:S:46100020;Twistvlietbrug;Zwolle;11,7;12,6;6,8;7,9;3,6;4,2
NL:S:46100040;Katerdijk;zwolle;8,5;12,9;1,6;1,5;1,3;1,0
NL:S:46100060;Belvederelaan;Zwolle;24,8;26,2;13,0;14,9;6,2;8,8
NL:S:46100080;Wkc Stadshagen;Zwolle;36,0;49,0;23,8;28,7;12,4;14,1
NL:S:46100130;Rozentunnel;Zwolle;0,1;0,2;0,0;0,0;0,0;0,2
NL:S:46100135;Station Stadshagen;Zwolle;31,6;2,0;0,0;0,0;0,1;0,0
NL:S:46100150;Havezathentunnel;Zwolle;0,0;0,2;0,0;0,0;0,0;0,1
NL:S:46100170;Nijenhuislaan;Zwolle;12,2;5,5;4,6;2,7;3,3;2,3
NL:S:46100210;Dotterbloem;Zwolle;3,4;13,0;1,4;6,6;0,4;3,9
NL:S:46100230;Bonkenhavestraat;Zwolle;8,2;7,7;3,6;3,6;2,3;2,0
NL:S:46104001;Het Engelse Werk;Zwolle;0,1;0,1;0,1;0,1;0,1;0,2
NL:S:46104003;Oranje Nassaulaan;Zwolle;0,1;0,2;0,0;0,0;0,0;0,0
NL:S:46104005;Koningin Wilhelminastraat;Zwolle;0,3;0,4;0,1;0,1;0,2;0,2
NL:S:46104021;Katwolderplein/centrum;Zwolle;361,7;366,7;121,0;124,7;58,1;62,6
NL:S:46104031;Griegstraat;Zwolle;4,2;31,2;2,3;18,5;0,6;10,5
NL:S:46104033;Waallaan;Zwolle;4,4;15,5;3,3;7,3;0,7;3,9
NL:S:46110100;Kroesenallee;Wijthmen;1,7;2,4;0,0;0,0;0,0;0,0
NL:S:46110400;De Marslanden;Wijthmen;8,2;12,1;0,0;0,0;0,0;0,0
NL:S:46110750;School De Ambelt;Herfte;1,0;0,9;0,0;0,0;0,0;0,0
NL:S:46120050;Bedrijvenpark Hessenpoort;Zwolle;17,5;15,4;0,0;0,0;0,0;0,0
NL:S:46120090;Bergkloosterweg;Zwolle;5,5;5,2;2,6;2,4;1,5;1,9
NL:S:46120100;Bentheimstraat;Zwolle;26,9;34,7;17,1;18,8;9,0;8,8
NL:S:46120120;Vechtbrug;Zwolle;1,7;2,1;0,6;0,9;0,3;0,3
NL:S:46120160;Campherbeeklaan;Zwolle;8,7;7,9;2,0;2,0;0,6;0,6
NL:S:46120270;Nieuwleusenerdijk;Zwolle;16,6;5,8;0,0;0,0;0,0;0,0
NL:S:46124590;Hazelaarlaan;Zwolle;7,1;7,6;4,6;5,5;2,6;3,6
NL:S:46124610;Wkc Berkum;Zwolle;8,6;10,6;5,4;6,4;3,1;3,8
NL:S:46124640;Vossiuslaan;Zwolle;2,8;4,5;1,0;2,1;0,9;1,7
NL:S:46124650;Grotiuslaan;Zwolle;2,1;2,0;2,0;1,8;0,6;0,9
NL:S:46124670;Hugo de Vrieslaan;Zwolle;2,0;2,5;1,9;1,9;1,3;0,9
NL:S:46124710;Erasmuslaan;Zwolle;7,2;3,9;5,8;2,5;3,3;1,2
NL:S:46160660;Station;Ommen;1,3;2,1;0,0;0,0;0,0;0,0
NL:S:46200010;Gorterstraat;Zwolle;8,2;9,4;3,2;4,3;2,5;2,8
NL:S:46200020;Martinetstraat;Zwolle;4,2;3,3;2,0;2,4;1,5;0,9
NL:S:46200030;Koelmansstraat;Lenthe;1,2;1,2;0,0;0,0;0,0;0,0
NL:S:46200050;Jonkman;Heino;4,1;4,2;0,0;0,0;0,0;0,0
NL:S:46200070;Hagenweg;Lenthe;0,9;1,1;0,0;0,0;0,0;0,0
NL:S:46200100;De Gunne;Lenthe;0,1;0,1;0,0;0,0;0,0;0,0
NL:S:46200120;De Jong;Lenthe;0,1;0,1;0,0;0,0;0,0;0,0
NL:S:46204001;Sportlaan;Zwolle;9,8;8,5;4,6;4,3;2,9;3,5
NL:S:46204010;Molenhoek;Hoonhorst;0,1;0,2;0,0;0,0;0,0;0,0
NL:S:46210020;Marsweg;Hoonhorst;0,2;0,7;0,0;0,0;0,0;0,0
NL:S:46210060;Klapvoortweg;Hoonhorst;0,3;0,3;0,0;0,0;0,0;0,0
NL:S:46210080;Oudeweg;Emmen;0,1;0,2;0,0;0,0;0,0;0,0
NL:S:46210110;Emmerweg;Emmen;0,2;0,2;0,0;0,0;0,0;0,0
NL:S:46210130;Overweg NS;Dalfsen;0,1;0,2;0,0;0,0;0,0;0,0
NL:S:46210140;Centrum;Hoonhorst;3,2;2,5;0,0;0,0;0,0;0,0
NL:S:46300050;'t Reelaer;Heino;0,1;0,1;0,0;0,0;0,0;0,0
NL:S:46300110;School;Lierderholthuis;0,1;0,2;0,0;0,0;0,0;0,0
NL:S:46300130;Brug;Lierderholthuis;0,2;0,2;0,0;0,0;0,0;0,0
NL:S:46300150;Kappert;Lierderholthuis;0,0;0,0;0,0;0,0;0,0;0,0
NL:S:46300180;Kastanje;Heino;0,0;0,1;0,0;0,0;0,0;0,0
NL:S:46300200;Wolfkamp;Heino;1,5;0,7;0,0;0,0;0,0;0,0
NL:S:46300210;Station;Heino;2,7;1,4;0,0;0,0;0,0;0,0
NL:S:46300230;Kiezebos;Heino;0,3;0,2;0,0;0,0;0,0;0,0
NL:S:46300270;Brinkzicht;Heino;0,3;0,5;0,0;0,0;0,0;0,0
NL:S:46300300;Klaproos;Heino;2,1;1,8;0,0;0,0;0,0;0,0
NL:S:46300390;Marktplein;Heino;9,0;8,1;0,0;0,0;0,0;0,0
NL:S:46300500;Van der Capellenweg;Heino;2,5;3,0;0,0;0,0;0,0;0,0
NL:S:46300900;Bibliotheek;Heino;0,0;0,8;0,0;0,0;0,0;0,0
NL:S:46301000;Pastorielaan;Heino;0,1;0,1;0,0;0,0;0,0;0,0
NL:S:46310150;Gemeentehuis;Dalfsen;1,2;1,3;0,2;0,1;0,0;0,0
NL:S:46310350;Pleijendal;Dalfsen;1,3;1,2;0,0;0,0;0,0;0,0
NL:S:46310450;De Trefkoele;Dalfsen;2,5;2,5;0,1;0,1;0,0;0,0
NL:S:46310620;De Trefkoele;Dalfsen;0,2;0,6;0,0;0,0;0,0;0,0
NL:S:46310750;Bontekamp;Dalfsen;2,4;1,8;0,0;0,0;0,0;0,0
NL:S:46311005;Station;Dalfsen;27,9;28,6;1,2;0,8;0,0;0,0
NL:S:46311010;Foreco;Dalfsen;0,1;0,2;0,0;0,0;0,0;0,0
NL:S:46311013;Kortersweg;Dalfsen;0,1;0,1;0,0;0,0;0,0;0,0
NL:S:46311050;Polhaarweg;Dalfsen;4,4;4,2;0,2;0,4;0,0;0,0
NL:S:46311130;Haersolteweg;Dalfsen;0,4;0,3;0,1;0,1;0,0;0,0
NL:S:46311150;Gernerslag;Ankum;0,1;0,1;0,0;0,0;0,0;0,0
NL:S:46311155;Huize Gerner;Dalfsen;0,6;0,6;0,2;0,3;0,0;0,0
NL:S:46311170;Langkamp;Dalfsen;0,3;0,5;0,1;0,1;0,0;0,0
NL:S:46311190;WZC Rosengaerde;Dalfsen;0,9;1,5;0,2;0,4;0,0;0,0
NL:S:46311500;Kievitsbloem;Dalfsen;3,6;2,9;0,1;0,1;0,0;0,0
NL:S:46330010;Noorderpark;Nieuwleusen;0,6;0,6;0,2;0,1;0,0;0,0
NL:S:46350360;Centrum;Balkbrug;49,2;46,2;8,3;8,4;4,1;4,6
NL:S:46390010;De Schakel;Gramsbergen;0,0;0,0;0,0;0,0;0,0;0,0
NL:S:46390030;Loozermars/De Lhee;Gramsbergen;0,0;0,1;0,0;0,0;0,0;0,0
NL:S:46400054;Station;Raalte;71,1;62,7;18,7;15,6;12,6;10,1
NL:S:46400152;Kruisstraat;Raalte;10,1;9,2;3,6;3,9;1,6;1,9
NL:S:46400250;Westdorplaan;Raalte;19,7;19,6;6,0;7,4;3,7;3,4
NL:S:46400550;Postkantoor;Raalte;9,9;12,0;3,3;3,9;1,4;1,5
NL:S:46401150;Pauluskerk;Raalte;26,0;26,1;10,1;10,6;6,2;6,7
NL:S:46401250;De Haar;Raalte;3,0;2,1;0,1;0,0;0,0;0,0
NL:S:46401350;Langkampweg;Raalte;3,1;2,7;0,0;0,0;0,0;0,0
NL:S:46401400;De Hoven;Raalte;13,6;14,2;6,6;9,1;5,3;4,3
NL:S:46401470;Carpoolplaats;Raalte;5,5;5,6;0,0;0,0;0,0;0,0
NL:S:46401550;Peelsbos;Raalte;0,0;0,1;0,0;0,0;0,0;0,0
NL:S:46402050;Dumbarstraat;Raalte;5,0;5,2;0,1;0,0;0,0;0,0
NL:S:46410050;Kloosterman;Oudleusen;0,0;0,0;0,0;0,0;0,0;0,0
NL:S:46410150;De Stokte;Oudleusen;0,2;0,4;0,0;0,1;0,0;0,0
NL:S:46410250;Wolfkamp;Oudleusen;0,7;0,2;0,0;0,0;0,0;0,0
NL:S:46410350;Mooirivier;Oudleusen;0,1;0,0;0,0;0,0;0,0;0,0
NL:S:46419005;Dennenkamp;Dalfsen;0,6;0,7;0,1;0,2;0,0;0,0
NL:S:46430150;Doktersbrug;Lemelerveld;1,5;1,3;0,0;0,0;0,0;0,0
NL:S:46430250;Dwarsweg;Lemelerveld;0,8;0,9;0,0;0,0;0,0;0,0
NL:S:46430350;Klipperstraat;Lemelerveld;13,6;13,1;0,0;0,0;0,0;0,0
NL:S:46430450;Posthoornweg;Lemelerveld;0,6;0,7;0,0;0,0;0,0;0,0
NL:S:46430550;Parallelstraat;Lemelerveld;1,9;0,7;0,0;0,0;0,0;0,0
NL:S:46510050;Jutten;Varsen;0,4;0,3;0,0;0,0;0,0;0,0
NL:S:46510150;Hessenweg West;Varsen;0,1;0,1;0,0;0,0;0,0;0,0
NL:S:46510260;Varsenerdijk;Varsen;0,1;0,0;0,0;0,0;0,0;0,0
NL:S:46540050;Pleegsterhalte;Pleegste;0,8;0,7;0,3;0,2;0,1;0,2
NL:S:46540100;De Heuvel;Pleegste;1,2;1,4;0,5;0,6;0,3;0,4
NL:S:46540150;Van Rossum;Pleegste;1,1;1,2;0,4;0,5;0,1;0,3
NL:S:46540200;Hoogspanningsgebouw;Pleegste;1,1;1,1;1,0;0,9;0,6;0,6
NL:S:46540500;Broeklanderweg;Wesepe;2,7;3,0;1,7;1,5;0,9;0,8
NL:S:46600100;Giethemer Kerkpad;Ommen;0,0;0,0;0,0;0,0;0,0;0,0
NL:S:46611200;Markt;Ommen;0,1;0,1;0,0;0,0;0,0;0,0
NL:S:46611250;Chevalleraustraat;Ommen;2,0;1,2;0,0;0,0;0,0;0,0
NL:S:46611350;Strangeweg;Ommen;1,2;0,8;0,0;0,0;0,0;0,0
NL:S:46613020;Danteweg;Ommen;1,0;0,6;0,0;0,0;0,0;0,0
NL:S:46613040;Sogenbosstraat;Ommen;1,1;0,6;0,0;0,0;0,0;0,0
NL:S:46613050;Centrum;Ommen;0,7;0,5;0,0;0,0;0,0;0,0
NL:S:46640050;Boxbergerweg;Wesepe;4,0;3,3;1,8;1,4;0,4;1,0
NL:S:46640100;Velsdijk;Wesepe;8,8;9,0;3,0;3,8;2,8;2,9
NL:S:46640400;Abdij Sion;Schalkhaar;2,1;3,2;1,7;1,8;0,9;1,2
NL:S:46740010;De Wesenberg;Tongeren;0,1;0,8;0,0;0,0;0,0;0,0
NL:S:46740100;Begraafplaats;Schalkhaar;1,1;1,1;0,3;0,9;0,4;0,4
NL:S:46740150;Frieswijk;Schalkhaar;0,1;0,2;0,1;0,1;0,0;0,2
NL:S:46740160;Crematorium;Schalkhaar;1,0;1,2;0,3;0,4;0,2;0,3
NL:S:46740250;Frieswijkerweg;Schalkhaar;0,4;0,6;0,1;1,5;0,1;0,1
NL:S:46776310;Broekland;Broekland;2,2;1,6;0,2;0,1;0,0;0,0
NL:S:46890030;Evenemententerrein;Lemelerveld;7,7;5,9;0,0;0,0;0,0;0,0
NL:S:46890040;Handelsweg;Lemelerveld;0,0;0,1;0,0;0,0;0,0;0,0
NL:S:47132620;Veronicaweg;Zwolle;8,8;12,4;5,1;8,1;2,4;3,2
NL:S:47132750;Petuniaplein;Zwolle;16,8;17,0;12,0;13,0;7,6;7,8
NL:S:47132800;Tesjeslaan;Zwolle;8,8;8,2;6,8;6,2;4,0;3,5
NL:S:47132850;Melissepad;Zwolle;2,6;2,6;2,8;2,2;0,7;1,9
NL:S:47132900;Loggerweg;Zwolle;4,7;5,3;0,7;0,8;0,4;0,4
NL:S:47132950;Vogelmelkweg;Zwolle;8,2;6,7;6,1;5,1;3,8;3,6
NL:S:47133000;Westenholterallee;Zwolle;20,7;10,7;2,3;1,3;0,3;0,2
NL:S:47140010;Staatssecretarislaan;Zwolle;12,0;11,4;5,1;5,8;3,0;3,7
NL:S:47140030;Kamerledenlaan;Zwolle;8,8;8,8;6,8;6,5;4,8;4,1
NL:S:47140050;Herxen;Wijhe;0,8;0,7;0,0;0,0;0,0;0,0
NL:S:47140060;Rommestraat;Zwolle;17,5;19,4;14,6;14,2;7,7;8,0
NL:S:47140100;Zuidberg;Wijhe;0,1;0,1;0,0;0,0;0,0;0,0
NL:S:47140110;Kerk;Laag Zuthem;0,3;0,2;0,0;0,0;0,0;0,0
NL:S:47140150;Herxerenk;Wijhe;0,0;0,1;0,0;0,0;0,0;0,0
NL:S:47140250;Brug;Windesheim;2,1;2,2;0,0;0,0;0,0;0,0
NL:S:47140350;Zuthemerweg;Windesheim;0,3;0,7;0,0;0,0;0,0;0,0
NL:S:47140450;Rommestraat;Zwolle;2,2;1,5;0,0;0,0;0,0;0,0
NL:S:47151001;Centrum;Hattemerbroek;0,3;0,3;0,1;0,0;0,1;0,3
NL:S:47155009;IJsselbrug;Hattem;0,1;0,1;0,0;0,0;0,0;0,0
NL:S:47210003;Cafe Rest. Coelenhage;Wezep;0,5;0,5;0,1;0,1;0,2;0,1
NL:S:47210005;Veluwelaan;Wezep;0,8;0,7;0,1;0,1;0,4;0,6
NL:S:47210007;W. de Zwijgerkazerne;Hattemerbroek;0,4;0,4;0,0;0,0;0,2;0,3
NL:S:47240050;Overweg NS;Wijhe;0,0;0,0;0,0;0,0;0,0;0,0
NL:S:47240100;Oprit Dijk;Wijhe;0,1;0,3;0,0;0,0;0,0;0,0
NL:S:47319001;Rustenburgsweg;Oldebroek;0,3;0,3;0,1;0,1;0,0;0,1
NL:S:47319003;Centrum;Oldebroek;1,1;1,2;0,2;0,2;0,6;0,4
NL:S:47319005;Cafe 't Wissel;Oldebroek;0,3;0,3;0,1;0,0;0,0;0,1
NL:S:47319007;Verlengde Looweg;Oldebroek;0,2;0,2;0,0;0,0;0,1;0,1
NL:S:47319009;Hogenbrinkweg;Oldebroek;0,1;0,1;0,0;0,0;0,0;0,0
NL:S:47319011;De Molen;Oldebroek;0,1;0,1;0,0;0,0;0,0;0,0
NL:S:47340100;Bezoekerscentrum;Den Nul;0,5;0,7;0,0;0,0;0,0;0,0
NL:S:47340510;Langstraat;Wijhe;0,3;0,1;0,2;0,0;0,0;0,0
NL:S:47340650;Raalterweg;Wijhe;4,5;4,0;0,0;0,1;0,0;0,0
NL:S:47340710;De Enk;Wijhe;0,8;1,2;0,0;0,0;0,0;0,0
NL:S:47340730;Zandhuisweg;Wijhe;1,9;1,6;0,0;0,0;0,0;0,0
NL:S:47340750;Boerhaar;Wijhe;1,1;1,1;0,0;0,0;0,0;0,0
NL:S:47340770;Peperkamp;Wijhe;2,8;2,0;0,1;0,0;0,0;0,0
NL:S:47340901;de Lange Slagen;Wijhe;3,7;4,0;0,0;0,0;0,0;0,0
NL:S:47417003;Begraafplaats;Doornspijk;0,0;0,1;0,0;0,0;0,0;0,0
NL:S:47418001;Molendorp;Elburg;0,3;0,3;0,1;0,1;0,1;0,2
NL:S:47418003;Het Nieuwe Feithenhof;Elburg;0,1;0,1;0,0;0,0;0,2;0,1
NL:S:47418005;Centrum;Elburg;0,9;0,8;0,3;0,1;0,2;0,2
NL:S:47418007;Hellenbeekstraat;Elburg;1,0;0,9;0,2;0,2;0,5;0,4
NL:S:47418009;Coragestraat;Elburg;0,7;0,8;0,2;0,2;0,4;0,4
NL:S:47418011;Klaverplein;Elburg;0,4;0,4;0,0;0,0;0,1;0,2
NL:S:47418013;Zilverschoon;Elburg;0,7;0,6;0,1;0,2;0,2;0,2
NL:S:47418021;Eperweg;Elburg;0,1;0,1;0,0;0,0;0,0;0,0
NL:S:47440050;Puinweg 1;Boskamp;0,0;0,0;0,0;0,0;0,0;0,0
NL:S:47440100;Hengforderweg;Boskamp;0,4;0,5;0,0;0,0;0,0;0,0
NL:S:47440150;Puinweg 2;Boskamp;0,3;0,2;0,0;0,0;0,0;0,0
NL:S:47440250;Hoenlo;Boskamp;0,2;0,2;0,0;0,0;0,0;0,0
NL:S:47440550;Jan Hooglandstraat;Olst;1,7;2,1;0,0;0,0;0,0;0,0
NL:S:47440800;Station;Olst;1,0;1,3;0,0;0,0;0,0;0,0
NL:S:47440910;Wethouder A.G. Dekkerlaan;Olst;2,8;3,2;0,0;0,0;0,0;0,0
NL:S:47440930;Veerweg;Olst;1,5;2,2;0,0;0,0;0,0;0,0
NL:S:47440950;Holstweg;Den Nul;1,8;1,7;0,0;0,0;0,0;0,0
NL:S:47441001;Scherpenzeelseweg;Den Nul;0,1;0,1;0,0;0,0;0,0;0,0
NL:S:47441020;Centrum;Olst;5,5;5,4;0,0;0,0;0,0;0,0
NL:S:47441200;Overkempe;Boskamp;2,2;2,4;0,0;0,0;0,0;0,0
NL:S:47516015;Elburgerweg;Nunspeet;0,3;0,3;0,0;0,0;0,1;0,1
NL:S:47517001;Centrum;Doornspijk;0,4;0,5;0,1;0,1;0,1;0,2
NL:S:47540050;Wetermansweg;Diepenveen;5,2;4,9;0,0;0,0;0,0;0,0
NL:S:47540100;Havezatelaan;Deventer;0,1;0,2;0,0;0,0;0,0;0,0
NL:S:47540210;Centrum;Diepenveen;2,7;3,1;0,0;0,0;0,0;0,0
NL:S:47540250;Sallandsweg;Diepenveen;0,8;0,7;0,0;0,0;0,0;0,0
NL:S:47540350;Baerselmansweg;Diepenveen;0,7;0,8;0,0;0,0;0,0;0,0
NL:S:47540450;Molenveldsweg;Diepenveen;0,1;0,2;0,0;0,0;0,0;0,0
NL:S:47540550;Randerstraat;Boskamp;0,7;0,6;0,0;0,0;0,0;0,0
NL:S:47540650;Langedijk;Boskamp;0,2;0,4;0,0;0,0;0,0;0,0
NL:S:47616007;Station;Nunspeet;1,7;1,7;0,3;0,4;0,8;0,8
NL:S:47616009;Centrum;Nunspeet;0,6;0,6;0,1;0,3;0,1;0,1
NL:S:47616013;Oenenburgweg;Nunspeet;0,3;0,4;0,0;0,0;0,1;0,1
NL:S:47616043;Oosterlaan;Nunspeet;0,2;0,2;0,1;0,0;0,0;0,1
NL:S:47616045;De Sparrenhorst;Nunspeet;0,1;0,1;0,0;0,0;0,0;0,0
NL:S:47640030;Saxion Hogeschool;Deventer;31,0;48,2;9,5;14,6;4,8;7,1
NL:S:47640050;Munsterstraat;Deventer;3,2;3,3;0,0;0,0;0,0;0,0
NL:S:47640070;Keulenstraat 1;Deventer;4,6;6,5;0,0;0,0;0,0;0,0
NL:S:47640090;Keulenstraat 2;Deventer;7,3;9,9;0,0;0,0;0,0;0,0
NL:S:47640110;Rigastraat;Deventer;4,8;1,6;0,0;0,0;0,0;0,0
NL:S:47640150;Herfordstraat;Deventer;0,4;0,6;0,0;0,0;0,0;0,0
NL:S:47640190;Dortmundstraat;Deventer;0,8;1,5;0,0;0,0;0,0;0,0
NL:S:47640230;Willem Witsenstraat;Deventer;38,5;36,2;17,6;16,3;11,7;11,8
NL:S:47640290;Cröddenbrug;Deventer;0,3;0,2;0,1;0,1;0,0;0,0
NL:S:47640370;De Bekkumer;Deventer;14,1;15,3;5,4;6,2;2,7;4,2
NL:S:47640410;Snippeling;Deventer;22,7;22,4;6,6;6,9;3,0;3,5
NL:S:47640540;Verpleeghuis P.W. Janssen;Deventer;2,6;2,4;1,0;1,7;1,0;1,7
NL:S:47640550;Rostockstraat;Deventer;2,7;2,9;0,0;0,0;0,0;0,0
NL:S:47640570;Koningsbergenstraat;Deventer;3,2;3,6;0,0;0,0;0,0;0,0
NL:S:47640590;Arnsbergstraat;Deventer;0,1;4,0;0,0;0,0;0,0;0,0
NL:S:47640680;Runshoppingcentre;Deventer;9,3;9,1;3,8;4,5;2,0;2,4
NL:S:47640710;David Wijnveldtweg;Deventer;7,1;6,2;2,8;3,3;1,6;1,8
NL:S:47640730;Albertus van Leusenweg;Deventer;32,7;31,9;14,9;16,7;9,2;9,7
NL:S:47640750;Alphons Diepenbrocklaan;Deventer;66,9;70,3;29,0;32,1;16,5;17,8
NL:S:47640830;De Knoop;Deventer;25,6;30,4;13,9;17,2;6,6;6,9
NL:S:47640900;St. Jozef verpleeghuis;Deventer;12,8;11,6;3,9;2,7;3,2;1,9
NL:S:47640920;Wezenland;Deventer;9,6;11,4;2,8;3,0;3,3;2,4
NL:S:47641000;Station;Deventer;883,8;776,5;399,0;328,9;228,0;185,4
NL:S:47641130;Deltaplein;Deventer;21,0;19,5;13,1;12,4;7,2;7,8
NL:S:47641150;Douwelerwetering;Deventer;7,8;6,8;4,0;3,3;2,4;2,2
NL:S:47641170;Biesboschlaan;Deventer;10,8;8,4;4,1;3,8;2,4;2,2
NL:S:47641190;Amstellaan;Deventer;23,4;25,7;5,3;6,3;2,2;2,5
NL:S:47641240;Kleine Vos;Deventer;1,6;0,9;1,0;0,8;0,6;0,4
NL:S:47641280;Zwaluwenburg;Deventer;11,2;7,8;5,0;4,2;3,4;2,4
NL:S:47641300;Toutenburg;Deventer;4,8;4,6;2,9;3,1;2,2;2,3
NL:S:47641320;Slangenburg;Deventer;1,0;1,0;0,5;0,8;0,3;0,7
NL:S:47641370;Fonteinkruid;Deventer;13,9;8,0;9,4;5,3;3,8;3,5
NL:S:47641410;Dovenetel;Deventer;5,3;4,6;4,0;3,4;1,8;2,2
NL:S:47641430;Wkc Colmschate;Deventer;15,7;13,4;10,0;8,0;4,9;5,3
NL:S:47641450;Roessinksweg;Deventer;1,9;0,6;0,7;0,1;0,3;0,0
NL:S:47641470;Oxersteeg;Deventer;3,5;1,9;2,4;1,3;1,0;0,4
NL:S:47641490;Magnolia;Deventer;5,4;1,9;2,8;1,2;1,0;0,3
NL:S:47641530;Hondsroos;Deventer;1,5;1,9;1,0;1,6;0,4;0,7
NL:S:47641550;Meijersplein;Rotterdam;2,3;2,4;1,1;1,1;0,3;1,0
NL:S:47641610;Bonenkamp;Deventer;2,3;3,4;1,3;2,4;0,6;1,0
NL:S:47641630;Hannie Schaftpad;Deventer;3,0;2,7;2,4;2,1;1,0;1,2
NL:S:47641670;J. Naberstraat;Deventer;9,8;8,0;3,8;3,3;1,8;1,5
NL:S:47641730;Solingenstraat;Deventer;2,0;1,8;0,6;0,8;0,1;0,1
NL:S:47641750;Sallcon;Deventer;1,2;3,0;0,0;0,0;0,0;0,0
NL:S:47641790;Maagdenburg;Deventer;3,1;5,0;0,3;0,6;0,0;0,3
NL:S:47641940;Teugseplein;Deventer;1,3;0,6;0,0;0,0;0,0;0,0
NL:S:47642030;Schurenstraat;Deventer;19,7;20,9;7,7;7,5;2,8;4,0
NL:S:47642050;Oude Begraafplaats;Deventer;0,9;2,3;1,4;1,3;0,2;0,8
NL:S:47642072;IJ. de Schepperstraat;Deventer;7,3;7,2;3,9;4,1;3,2;3,6
NL:S:47642090;Dapperstraat;Deventer;11,9;13,3;5,7;5,0;3,0;2,8
NL:S:47642110;Van Marckelplein;Deventer;6,3;6,1;3,0;3,4;1,2;2,2
NL:S:47642150;Wkc Keizerslanden;Deventer;29,5;28,6;20,5;18,8;8,1;10,0
NL:S:47642170;Balderikstraat;Deventer;28,0;29,4;16,4;18,5;7,7;8,4
NL:S:47642190;Ludgerstraat;Deventer;14,2;16,2;6,2;6,6;3,6;4,0
NL:S:47642210;Beeckestein;Deventer;5,5;6,9;2,8;2,6;1,0;1,2
NL:S:47642230;Wkc Borgele;Deventer;23,9;17,8;17,3;15,4;6,6;6,1
NL:S:47642250;Beugelskamp;Deventer;4,5;3,8;2,4;2,4;1,8;1,9
NL:S:47642270;Het Vlier;Deventer;13,3;11,8;7,2;7,8;5,2;4,2
NL:S:47642290;Thomas Wildey;Deventer;7,6;11,1;4,5;4,5;2,6;2,2
NL:S:47642320;Platvoet;Deventer;21,9;20,4;13,3;16,2;7,6;8,1
NL:S:47643050;Nijverheidstraat;Deventer;1,5;2,5;0,4;0,6;0,2;0,2
NL:S:47643070;Rijsterborgherweg;Deventer;8,4;8,3;3,3;3,4;1,2;2,1
NL:S:47643110;Radstakeweg;Deventer;4,8;4,3;2,5;2,1;1,0;1,1
NL:S:47643150;Erasmusstraat;Deventer;2,1;14,0;0,9;1,5;0,4;0,9
NL:S:47643170;Zamenhofplein;Deventer;22,8;15,7;11,0;9,3;5,1;4,5
NL:S:47643190;Vermeerstraat;Deventer;11,8;10,9;5,0;5,7;2,7;2,8
NL:S:47643210;Moreelsestraat;Deventer;7,6;6,4;5,4;4,9;2,8;2,2
NL:S:47643230;Rubensstraat;Deventer;7,4;6,9;4,9;4,1;2,0;1,6
NL:S:47643250;Sportveldenlaan;Deventer;2,9;2,3;1,5;2,0;1,5;1,7
NL:S:47643270;Verpleeghuis St. Jurrien;Deventer;5,1;4,6;3,8;4,4;1,8;2,4
NL:S:47643290;Joost van de Vondellaan;Deventer;3,6;2,6;1,9;1,9;1,1;1,5
NL:S:47643310;Lookersdijk;Deventer;1,8;1,5;1,4;1,2;0,7;0,9
NL:S:47643960;Beestenmarkt;Deventer;11,4;22,2;4,6;8,5;3,4;4,8
NL:S:47643990;Bleekstraat;Deventer;2,7;0,9;1,3;0,2;1,6;0,3
NL:S:47644000;Veenweg;Deventer;2,4;5,6;0,9;2,3;0,8;2,8
NL:S:47644060;Hunneperweg;Deventer;0,4;4,4;0,5;1,4;0,1;0,5
NL:S:47644080;Fesevurstraat;Deventer;5,6;7,4;2,5;2,6;1,7;2,5
NL:S:47644110;Cornelis Lelylaan;Deventer;30,7;30,5;14,6;14,1;7,4;8,5
NL:S:47644150;Mecklenburgstraat;Deventer;8,3;5,3;4,3;3,5;1,9;1,5
NL:S:47644170;Keizer Karellaan;Deventer;4,4;2,5;1,5;1,2;0,8;0,4
NL:S:47644230;Koningin Wilhelminalaan;Deventer;7,6;8,7;4,7;4,0;2,4;2,1
NL:S:47644290;Europaplein;Deventer;5,3;6,0;2,5;2,0;1,0;0,7
NL:S:47644310;Papenblik;Deventer;1,7;2,0;0,5;0,5;0,3;0,4
NL:S:47644370;Visbystraat;Deventer;3,7;7,8;0,0;0,0;0,0;0,0
NL:S:47645001;Splithofstraat;Deventer;7,0;8,4;2,8;3,5;1,2;1,4
NL:S:47645020;Prinses Margrietstraat;Deventer;4,9;4,1;4,3;4,7;2,1;1,2
NL:S:47645083;Ziekenhuis;Deventer;62,0;61,4;9,6;10,1;8,4;8,5
NL:S:47645090;Prins Bernhardweg;Schalkhaar;3,2;3,0;1,3;1,5;0,9;0,6
NL:S:47645110;Oerdijk;Schalkhaar;1,9;2,6;1,5;1,7;1,0;0,9
NL:S:47645150;Westenberg;Schalkhaar;15,9;16,0;8,1;7,4;3,2;7,2
NL:S:47645170;Kerkweg;Schalkhaar;9,5;6,9;5,2;4,6;4,3;2,9
NL:S:47646030;Industrieweg;Deventer;0,6;0,7;0,0;0,0;0,0;0,0
NL:S:47648050;Schooldijk;Lettele;0,0;0,1;0,1;0,2;0,0;0,0
NL:S:47649001;Rodenrijs;Berkel en Rodenrijs;10,7;14,7;6,2;7,8;3,4;6,4
NL:S:47649010;Westfalenstraat;Deventer;19,1;16,3;2,9;3,7;0,2;0,9
NL:S:47649040;Wijtenhorst;Deventer;6,9;8,0;2,0;3,4;1,9;2,2
NL:S:47831503;Boerhaar;Boerhaar;0,2;0,1;0,0;0,0;0,0;0,0
NL:S:47831611;Station;Wijhe;1,1;1,3;0,4;0,6;0,0;0,0
NL:S:47839001;Havenpoort;Wijhe;0,1;0,0;0,0;0,0;0,0;0,0
NL:S:47890001;Osnabruckstraat;Deventer;0,1;0,2;0,0;0,0;0,0;0,0
NL:S:47892001;Schouwburg/Centrum;Deventer;45,2;64,2;36,7;54,3;14,5;20,7
NL:S:47899001;Keolis/Van Wijnen;Deventer;0,9;1,5;0,0;0,0;0,0;0,0
NL:S:47899901;Cröddendijk;Deventer;0,2;0,1;0,1;0,0;0,0;0,0
NL:S:47899903;De Scheg;Deventer;40,5;66,6;22,4;39,1;10,6;17,5
NL:S:47899909;Huize Salland;Deventer;10,3;12,2;3,9;6,3;2,2;3,0
NL:S:47899913;Brandweerdam;Deventer;7,9;9,6;2,5;3,4;1,3;1,4
NL:S:47909001;Oostriklaan;Deventer;4,3;7,8;1,9;3,5;1,4;3,2
NL:S:54446530;Station;Coevorden;13,0;13,8;0,0;0,0;0,0;0,0
NL:S:40451034;Laan van Westenenk;Apeldoorn;4,1;16,6;0,0;0,0;0,0;0,0
NL:S:40451075;Kapelmeestershoeve;Apeldoorn;7,3;9,2;4,5;6,0;2,8;3,5
NL:S:40451077;De Eglantier;Apeldoorn;43,3;45,8;28,3;33,1;20,2;19,1
NL:S:40451096;Laan van Erica;Apeldoorn;8,0;8,4;5,0;6,2;3,1;3,4
NL:S:40451097;Jaromirgaarde;Apeldoorn;4,0;4,2;2,5;2,5;1,5;1,5
NL:S:40451099;Rademakersdonk;Apeldoorn;8,9;11,5;4,7;8,4;4,4;5,9
NL:S:40451101;Valkeniersdonk;Apeldoorn;8,0;2,1;4,0;1,8;2,7;1,5
NL:S:40451103;Turfstekershoeve;Apeldoorn;11,1;4,3;6,3;3,2;4,0;2,2
NL:S:40451128;Burgersveld;Apeldoorn;2,3;8,8;1,2;4,2;0,8;2,2
NL:S:40451143;Soldeniersveld;Apeldoorn;5,8;4,4;5,1;3,3;2,2;1,6
NL:S:40451145;Schepenenveld;Apeldoorn;3,9;4,3;2,8;2,8;1,1;1,6
NL:S:40451153;Griffiersveld;Apeldoorn;2,1;3,3;1,2;1,6;0,4;1,1
NL:S:40451161;Pottenbakkersdonk;Apeldoorn;8,6;6,6;5,5;5,3;2,5;2,4
NL:S:40451163;Raadsherenveld;Apeldoorn;7,5;8,9;2,3;2,6;1,3;1,9
NL:S:40451165;Rentmeestersveld;Apeldoorn;7,7;6,3;5,8;3,0;2,3;1,7
NL:S:40451169;Zilversmidshoeve;Apeldoorn;3,1;4,2;1,2;2,7;1,0;1,8
NL:S:40451172;Marskramersdonk;Apeldoorn;2,7;6,5;1,5;4,6;0,9;2,9
NL:S:40451181;Ferguutgaarde;Apeldoorn;8,5;3,2;3,4;1,9;2,6;1,8
NL:S:40451182;De Heemgaard;Apeldoorn;11,2;4,1;3,0;1,8;2,3;1,1
NL:S:40451252;Kooikersdreef;Apeldoorn;8,1;6,8;6,3;5,8;3,9;4,2
NL:S:40451259;Parlevinkershoeve;Apeldoorn;3,3;5,2;2,0;3,4;1,8;1,6
NL:S:40451305;Minden;Apeldoorn;2,3;2,8;1,4;1,1;0,2;0,6
NL:S:40451333;Ekro;Apeldoorn;6,8;9,4;0,0;0,0;0,0;0,0
NL:S:40451343;Waagmeestershoeve;Apeldoorn;5,8;6,7;2,9;3,5;2,1;2,5
NL:S:40451347;Boswachtersveld;Apeldoorn;7,7;5,5;3,5;2,4;2,1;2,0
NL:S:40451351;Eglantierlaan;Apeldoorn;6,7;5,4;3,0;4,1;1,7;2,5
NL:S:40471126;Beeklustweg;Apeldoorn;1,6;1,8;1,1;1,6;0,5;0,4
NL:S:40471131;De Ugchelse Kei;Apeldoorn;4,7;1,6;3,1;0,6;1,3;0,9
NL:S:40471152;Randerode;Apeldoorn;8,1;4,4;4,7;3,2;3,3;2,8
NL:S:40471170;Middachten;Apeldoorn;7,1;6,4;3,4;3,2;1,6;2,1
NL:S:40471175;Vlietweg;Apeldoorn;9,5;9,2;4,9;3,4;2,6;1,9
NL:S:40471295;Ugchelse Grensweg;Apeldoorn;5,1;0,6;3,4;0,3;0,9;0,1
NL:S:40471301;Richtersweg;Apeldoorn;1,6;7,4;1,4;4,9;0,3;1,8
NL:S:40471319;Hulkestein;Apeldoorn;0,9;1,9;1,5;1,9;0,1;0,3
NL:S:40471327;G.P. Duuringlaan;Apeldoorn;2,8;4,1;2,9;4,8;1,0;1,8
NL:S:40471338;Derk Kamphuisweg;Apeldoorn;5,6;8,4;3,6;5,1;0,9;2,3
NL:S:40471434;Heidehof;Apeldoorn;1,3;1,5;1,9;2,0;1,1;1,0
NL:S:40471467;Gelre Ziekenhuis;Apeldoorn;77,2;75,4;14,4;14,0;9,6;9,2
NL:S:40551001;Station;Apeldoorn;1338,6;1216,5;584,1;495,4;368,1;310,3
NL:S:40551003;Marktplein;Apeldoorn;124,1;112,9;124,0;108,8;26,5;25,8
NL:S:40551005;Oranjepark;Apeldoorn;7,2;13,5;3,4;4,2;3,4;3,9
NL:S:40551013;De Jagershuizen;Apeldoorn;5,4;5,3;3,6;4,1;2,1;2,6
NL:S:40551019;Hoofdstraat;Apeldoorn;139,3;145,0;117,2;131,4;29,4;31,1
NL:S:40551021;Amaliapark;Apeldoorn;18,3;19,9;8,6;11,6;4,6;5,8
NL:S:40551023;Zichtweg;Apeldoorn;10,5;7,8;4,7;4,0;1,9;2,0
NL:S:40551025;Eendrachtstraat;Apeldoorn;8,4;15,3;2,9;7,8;1,0;3,8
NL:S:40551027;Aluminiumweg;Apeldoorn;12,9;18,9;4,9;9,9;2,0;4,4
NL:S:40551029;Sebastiaanplein;Apeldoorn;0,6;5,5;0,2;2,7;0,3;1,4
NL:S:40551031;Chopinlaan;Apeldoorn;2,6;8,7;0,7;1,0;0,6;1,3
NL:S:40551039;Bosweg;Apeldoorn;0,5;4,3;0,1;2,2;0,2;1,2
NL:S:40551044;Bilderdijklaan;Apeldoorn;2,6;1,6;1,7;0,8;1,3;0,3
NL:S:40551045;Grote Kerk;Apeldoorn;0,9;8,4;0,6;4,9;0,3;1,0
NL:S:40551047;Gedenknaald;Apeldoorn;1,8;5,2;0,8;3,0;0,5;0,9
NL:S:40551051;Oosterlaan;Apeldoorn;1,2;1,4;0,5;1,2;0,6;0,3
NL:S:40551053;Pinksterbloem;Apeldoorn;6,5;7,2;4,5;4,7;2,8;2,4
NL:S:40551057;Fauststraat;Apeldoorn;11,3;11,1;8,9;8,7;6,5;5,8
NL:S:40551063;Brug Deventerstraat;Apeldoorn;4,1;5,1;1,5;1,9;1,0;1,2
NL:S:40551065;Julianakerk;Apeldoorn;2,9;3,6;0,7;1,2;0,3;0,8
NL:S:40551072;GGNet;Apeldoorn;4,5;5,9;0,4;0,2;0,1;1,3
NL:S:40551079;Gijsbrechtgaarde;Apeldoorn;7,9;10,8;5,6;7,7;3,7;5,1
NL:S:40551081;Welgelegenbrug;Apeldoorn;7,5;13,8;4,5;5,0;1,7;2,1
NL:S:40551087;Apenheul;Apeldoorn;17,0;16,1;18,5;15,0;12,7;10,6
NL:S:40551089;J. Fruytierschool;Apeldoorn;59,7;36,1;13,1;11,1;6,3;5,5
NL:S:40551091;Wagenmakershoek;Apeldoorn;7,6;11,5;4,4;4,8;2,6;2,7
NL:S:40551093;Glazeniershorst;Apeldoorn;21,1;26,2;18,3;18,3;12,3;13,1
NL:S:40551109;Balustrade;Apeldoorn;13,2;10,2;4,9;5,1;2,9;4,0
NL:S:40551111;Houttuinen-Noord;Apeldoorn;10,5;10,2;5,2;5,0;3,4;3,6
NL:S:40551113;Belastingkantoor;Apeldoorn;60,1;82,3;3,4;8,5;1,9;4,9
NL:S:40551119;IJsselstraat;Apeldoorn;9,3;7,5;4,0;2,7;2,0;1,6
NL:S:40551120;Aristotelesstraat;Apeldoorn;13,2;18,7;6,7;11,5;3,5;4,8
NL:S:40551124;Bibliotheek;Apeldoorn;7,8;11,8;3,2;6,1;2,3;3,9
NL:S:40551133;Blekersweg;Apeldoorn;3,0;2,9;1,8;1,6;0,9;0,5
NL:S:40551135;Dianalaan;Apeldoorn;2,4;2,6;1,5;1,8;0,4;0,7
NL:S:40551137;Eburonenstraat;Apeldoorn;3,9;8,1;1,8;6,9;1,1;2,5
NL:S:40551139;De Tol;Apeldoorn;14,3;14,4;7,2;8,8;3,7;4,5
NL:S:40551141;Georg Hegelstraat;Apeldoorn;22,2;15,6;13,0;12,0;7,2;7,2
NL:S:40551146;Burg. des Tombeplein;Apeldoorn;4,1;4,8;2,4;2,3;1,3;1,4
NL:S:40551154;Leienplein;Apeldoorn;7,9;10,4;7,2;9,4;2,2;2,6
NL:S:40551156;Oranjerie;Apeldoorn;2,0;3,8;1,0;2,2;0,7;1,4
NL:S:40551158;Politiebureau;Apeldoorn;4,7;4,7;3,4;2,8;1,5;1,0
NL:S:40551162;Staringlaan;Apeldoorn;7,2;1,0;3,7;1,0;1,3;0,1
NL:S:40551166;Schuttersweg;Apeldoorn;12,1;9,3;3,1;3,1;1,6;1,6
NL:S:40551176;Laan van de Mensenrechten;Apeldoorn;3,6;2,7;1,7;0,5;0,4;0,1
NL:S:40551177;Imkersdreef;Apeldoorn;10,5;11,5;5,7;6,8;2,8;3,9
NL:S:40551179;Hoenderparkweg;Apeldoorn;16,5;15,1;10,8;9,4;5,5;5,4
NL:S:40551185;Het Schip;Apeldoorn;4,1;4,3;2,7;2,9;1,0;1,5
NL:S:40551187;Het Firmament;Apeldoorn;7,9;3,9;3,0;1,7;1,5;0,7
NL:S:40551189;Linie;Apeldoorn;15,0;22,6;10,3;14,9;4,2;6,5
NL:S:40551191;Dennenkamp;Apeldoorn;9,3;9,0;4,6;3,4;2,0;1,5
NL:S:40551193;Wildernislaan;Apeldoorn;0,3;0,7;0,2;0,4;0,1;0,1
NL:S:40551195;Zonnewende;Apeldoorn;6,1;5,2;2,5;2,6;1,2;2,1
NL:S:40551197;Top Naeffstraat;Apeldoorn;10,2;11,1;4,6;5,5;2,6;2,9
NL:S:40551200;Ritbroekstraat;Apeldoorn;3,9;5,7;1,2;2,3;0,8;1,4
NL:S:40551204;Pr. W. Alexanderlaan;Apeldoorn;5,6;6,7;1,7;3,1;0,8;1,2
NL:S:40551212;Schopenhauerstraat;Apeldoorn;6,2;5,8;4,5;5,3;2,0;1,3
NL:S:40551213;Mandala/Kazerne;Apeldoorn;29,1;29,9;11,6;14,1;6,9;18,8
NL:S:40551218;Christiaan Geurtsweg;Apeldoorn;1,0;0,2;0,7;0,1;0,1;0,0
NL:S:40551222;Asselsestraat;Apeldoorn;3,3;4,7;1,8;3,4;1,1;1,7
NL:S:40551224;Driehuizerweg;Apeldoorn;10,4;9,7;5,7;7,5;2,6;3,3
NL:S:40551238;Winkelc. De Mheen;Apeldoorn;16,7;19,4;13,4;14,5;5,0;4,8
NL:S:40551240;Kruizemuntstraat;Apeldoorn;4,9;4,9;2,9;4,5;2,3;2,3
NL:S:40551244;Beethovenlaan;Apeldoorn;12,6;8,7;10,2;6,2;4,1;2,6
NL:S:40551246;Condorweg;Apeldoorn;0,6;1,8;0,6;0,8;0,2;0,6
NL:S:40551249;Goeman Borgesiusstraat;Apeldoorn;2,6;1,8;1,7;1,0;1,0;0,7
NL:S:40551257;Maasstraat;Apeldoorn;4,9;3,6;2,3;1,5;1,0;0,6
NL:S:40551266;Ravenweg;Apeldoorn;7,2;4,4;5,6;3,6;1,8;1,7
NL:S:40551267;Salomonszegel;Apeldoorn;21,5;31,2;17,5;22,7;7,4;9,7
NL:S:40551270;Schaperstraat;Apeldoorn;4,0;5,1;1,9;3,1;0,8;1,4
NL:S:40551271;Sporthal Zuiderpark;Apeldoorn;14,3;8,3;6,5;3,8;3,8;1,5
NL:S:40551275;Treubstraat;Apeldoorn;5,4;4,9;3,6;2,7;0,9;1,1
NL:S:40551276;Vaartse Rijn;Apeldoorn;8,3;8,9;5,2;5,7;2,9;3,2
NL:S:40551281;Vonderlaan;Apeldoorn;0,6;3,6;0,4;2,8;0,1;1,1
NL:S:40551284;Zevenhuizenseweg;Apeldoorn;3,0;4,1;1,6;2,9;1,2;2,2
NL:S:40551286;Zonnedauw;Apeldoorn;7,4;6,4;5,3;5,0;2,8;2,7
NL:S:40551288;Wilhelminapark;Apeldoorn;0,4;2,9;0,2;1,0;0,1;1,1
NL:S:40551290;Zwitsal;Apeldoorn;3,8;6,0;0,0;0,0;0,0;0,0
NL:S:40551293;Waltersingel;Apeldoorn;27,7;27,2;4,0;7,9;2,0;4,5
NL:S:40551298;Ruimzichtlaan;Apeldoorn;4,6;4,3;3,8;3,4;1,2;1,2
NL:S:40551302;Prinsenweide;Apeldoorn;3,7;2,1;0,0;0,0;0,0;0,0
NL:S:40551309;Lage Brink;Apeldoorn;0,6;1,3;0,0;0,0;0,0;0,0
NL:S:40551311;Lage Kamp;Apeldoorn;1,5;1,3;0,0;0,0;0,0;0,0
NL:S:40551315;Kathage;Apeldoorn;1,0;2,3;0,0;0,0;0,0;0,0
NL:S:40551317;Johan Steenbergenstraat;Apeldoorn;1,5;2,0;0,0;0,0;0,0;0,0
NL:S:40551320;Jachtlaan;Apeldoorn;6,2;5,2;1,7;1,5;1,6;0,9
NL:S:40551321;Hogekampweg;Apeldoorn;0,6;3,1;0,0;0,0;0,0;0,0
NL:S:40551323;Hezeweg;Apeldoorn;3,6;4,0;2,0;2,9;0,8;1,2
NL:S:40551325;Hattemseweg;Apeldoorn;3,0;3,4;0,7;0,9;0,2;0,2
NL:S:40551330;Erasmusstraat;Apeldoorn;83,7;66,4;0,0;0,0;0,0;0,0
NL:S:40551334;Elleboogweg;Apeldoorn;2,2;2,1;1,4;1,8;1,0;0,9
NL:S:40551336;Einsteinlaan;Apeldoorn;1,7;3,3;0,0;0,0;0,0;0,0
NL:S:40551340;Curiestraat;Apeldoorn;17,5;13,7;4,9;7,9;2,8;4,6
NL:S:40551345;2e Beukenlaan;Apeldoorn;1,0;2,1;0,6;1,9;0,1;0,4
NL:S:40551354;Kraaienweg;Apeldoorn;4,5;3,7;4,0;3,2;1,6;1,1
NL:S:40551362;Auroralaan;Apeldoorn;6,8;6,1;2,8;3,2;1,4;2,2
NL:S:40551370;Kinderboerderij Laag Buurlo;Apeldoorn;12,2;11,9;6,8;7,1;2,9;3,1
NL:S:40551385;Dubbelbeek;Apeldoorn;5,4;4,3;2,8;2,9;2,0;1,9
NL:S:40551388;Ordenplein;Apeldoorn;16,6;24,1;8,3;12,6;3,6;5,9
NL:S:40551422;Tangostraat;Apeldoorn;7,8;7,0;5,5;5,5;2,7;2,0
NL:S:40551424;Citroenvlinder;Apeldoorn;27,9;24,8;10,7;10,4;5,3;5,0
NL:S:40551428;Zuidbroek;Apeldoorn;1,6;2,4;1,0;0,8;0,9;0,8
NL:S:40551430;De Spinozastraat;Apeldoorn;7,9;6,9;4,7;3,5;2,2;1,8
NL:S:40551451;Prinses Beatrixlaan;Apeldoorn;4,9;5,4;1,6;1,2;0,9;0,6
NL:S:40551455;Lekstraat;Apeldoorn;15,7;17,2;9,5;10,2;4,4;5,2
NL:S:40551469;Bartelsweg;Apeldoorn;7,4;9,0;1,2;1,5;0,9;0,8
NL:S:40551473;Aidastraat;Apeldoorn;26,6;22,7;29,6;22,3;14,7;11,2
NL:S:40551476;De Veenkamp;Apeldoorn;21,3;2,7;18,5;1,5;6,4;0,3
NL:S:40551477;Bas Backerlaan;Apeldoorn;4,2;1,3;2,2;0,6;1,3;0,3
NL:S:40551503;De Bovenkruier;Apeldoorn;7,6;8,5;4,7;5,5;2,3;2,9
NL:S:40551505;Wilhelm Tellstraat;Apeldoorn;7,8;8,6;5,2;6,6;3,1;4,0
NL:S:40551509;Hoenderloseweg;Apeldoorn;1,1;1,9;0,7;1,5;0,7;1,2
NL:S:40551513;Oesterzwam;Apeldoorn;13,6;12,5;5,7;6,2;2,4;2,6
NL:S:40551515;Saba;Apeldoorn;6,8;8,1;0,0;0,0;0,0;0,0
NL:S:40551994;Arendsburght;Apeldoorn;3,4;4,9;5,1;8,1;1,0;1,1
NL:S:41601073;Drostendijk;Apeldoorn;0,7;0,6;0,1;0,2;0,0;0,2
NL:S:41607001;Woudweg;Teuge;1,0;1,0;0,0;0,1;0,0;0,0
NL:S:41607003;De Wacht;Teuge;1,8;2,0;0,2;0,3;0,2;0,2
NL:S:41607011;'t Wezeveld;Twello;0,1;0,4;0,0;0,1;0,0;0,1
NL:S:41607013;Rijksstraatweg;Teuge;1,3;1,7;0,5;0,7;0,1;0,3
NL:S:41706001;Station;Twello;1,4;2,7;0,0;0,6;0,0;0,3
NL:S:41706003;Gemeentehuis;Twello;3,5;4,1;0,1;0,2;0,1;0,1
NL:S:41706005;M. de Ruyterstraat;Twello;0,8;0,7;0,1;0,0;0,0;0,0
NL:S:41706007;Piet Heinstraat;Twello;1,8;1,4;0,1;0,0;0,0;0,0
NL:S:41706011;Beethovenlaan;Twello;0,2;0,3;0,0;0,1;0,0;0,0
NL:S:41706014;Bachstraat;Twello;1,6;1,2;0,2;0,0;0,1;0,0
NL:S:41706018;Molenstraat;Twello;1,1;1,1;0,1;0,1;0,0;0,0
NL:S:41706020;Oude Rijksstraatweg;Twello;0,7;0,2;0,0;0,0;0,1;0,0
NL:S:41706027;Stationsstraat;Twello;0,1;1,8;0,0;0,0;0,0;0,0
NL:S:60000094;Aalbert Cuyplaan;Apeldoorn;5,3;11,4;4,5;8,9;1,6;3,8
NL:S:60000102;Burg. Rosmalen Nepveulaan;Apeldoorn;1,8;1,1;1,1;0,7;0,6;0,2
NL:S:60000108;De Cloese;Apeldoorn;5,7;5,7;3,3;2,4;1,5;1,0
NL:S:60000111;Edelweisslaan;Apeldoorn;0,6;3,0;0,3;2,4;0,1;0,8
NL:S:60000113;Emmaplein;Apeldoorn;0,5;4,0;0,2;2,1;0,2;1,1
NL:S:60000115;Ferd. Bollaan;Apeldoorn;7,8;5,4;5,4;3,6;2,0;1,8
NL:S:60000125;Het Kasteel;Apeldoorn;5,5;6,0;3,8;3,6;2,2;2,6
NL:S:60000126;Hoge Dries;Apeldoorn;3,0;11,1;0,6;6,3;0,4;3,4
NL:S:60000134;Koning Lodewijklaan;Apeldoorn;5,7;3,2;3,8;2,0;1,5;1,3
NL:S:60000142;Lippe Biesterfeldstraat;Apeldoorn;8,4;8,4;3,2;4,1;1,7;2,0
NL:S:60000145;Marechausseekazerne;Apeldoorn;3,4;10,3;3,1;2,4;1,4;1,1
NL:S:60000148;Mauvestraat;Apeldoorn;16,5;9,6;12,0;7,2;7,0;4,8
NL:S:60000149;Marchantstraat;Apeldoorn;6,6;12,4;2,4;5,8;1,4;3,0
NL:S:60000153;Orderparkweg;Apeldoorn;4,5;1,6;1,6;1,0;1,0;0,6
NL:S:60000155;Orpheus;Apeldoorn;3,4;0,4;1,9;0,2;0,6;0,0
NL:S:60000158;FizzionParc;Apeldoorn;3,6;6,9;0,0;0,0;0,0;0,0
NL:S:60000159;Paulus Potterlaan;Apeldoorn;10,0;11,4;5,1;7,4;3,1;4,8
NL:S:60000160;Achmea;Apeldoorn;13,6;24,3;0,0;0,0;0,0;0,0
NL:S:60000162;Pythagorasstraat;Apeldoorn;3,4;6,7;1,6;3,2;0,0;0,0
NL:S:60000167;Reigersweg;Apeldoorn;3,0;2,0;2,3;1,7;1,1;0,6
NL:S:60000168;Rembrandtlaan;Apeldoorn;16,7;10,1;9,1;5,9;4,5;2,5
NL:S:60000171;Robijnstraat;Apeldoorn;9,6;5,5;6,1;4,0;4,1;1,5
NL:S:60000172;De Savornin Lohmanstraat;Apeldoorn;5,5;8,0;1,0;4,0;0,2;1,5
NL:S:60000183;Stephensonstraat;Apeldoorn;11,3;26,3;4,1;6,6;2,6;4,1
NL:S:60000185;Talingweg;Apeldoorn;11,3;6,2;8,7;4,7;3,5;1,6
NL:S:60000186;Talma Borgh;Apeldoorn;9,2;16,1;8,0;11,6;3,8;6,6
NL:S:60000191;Treverilaan;Apeldoorn;4,5;2,5;2,5;1,0;1,8;0,4
NL:S:60000192;Tuinmanslaan;Apeldoorn;3,7;3,3;3,4;2,9;1,7;0,9
NL:S:60000195;Valeriuslaan;Apeldoorn;6,2;6,3;3,6;5,2;2,0;3,2
NL:S:60000196;Veenhuizerweg;Apeldoorn;3,2;0,2;2,0;0,1;1,0;0,1
NL:S:60000203;Zuster Meyboomlaan;Apeldoorn;2,1;6,7;1,8;3,3;0,8;1,4
NL:S:60001150;Mercatorplein;Apeldoorn;6,6;21,7;4,1;17,7;2,0;8,2
NL:S:60002204;Wulpenlaan;Apeldoorn;0,5;0,2;0,3;0,3;0,1;0,0
NL:S:60002205;Zanderijweg;Apeldoorn;9,0;2,2;6,5;1,2;3,4;0,6
NL:S:25839175;GSG Pieter Zandt;Kampen;10,0;11,4;0,0;0,0;0,0;0,0
NL:S:40001230;Landgoed Rosorum;Arnhem;3,1;8,9;1,1;2,8;0,4;1,4
NL:S:40001250;Schelmseweg;Arnhem;6,7;11,3;5,1;6,9;2,6;4,7
NL:S:40001260;Amsterdamseweg/Het Dorp;Arnhem;10,1;16,7;3,0;4,0;1,8;2,6
NL:S:40001730;Middenweg;Arnhem;0,3;0,3;0,0;0,0;0,0;0,0
NL:S:40001750;Marktplein (Geitenkamp);Arnhem;2,5;7,0;0,0;0,0;0,0;0,0
NL:S:40002901;Monnikensteeg;Arnhem;0,1;0,1;0,0;0,0;0,0;0,0
NL:S:40003030;Rozet;Arnhem;13,2;18,6;9,3;14,5;3,4;5,0
NL:S:40003570;Sonsbeek;Arnhem;24,6;62,4;10,9;19,9;5,7;12,7
NL:S:40003650;Wielewaalstraat/Hoogte80;Arnhem;0,1;0,1;0,0;0,0;0,0;0,0
NL:S:40003670;Dominee Bechtlaan;Arnhem;0,1;0,2;0,0;0,0;0,0;0,0
NL:S:40004001;Centraal Station;Arnhem;550,5;372,4;229,1;162,7;137,6;118,7
NL:S:40004015;Willemsplein;Arnhem;216,9;225,5;117,2;109,1;59,2;59,8
NL:S:40004700;Lange Wal;Arnhem;6,8;9,6;5,0;4,6;1,0;1,5
NL:S:40004730;Keulse Slag;Arnhem;60,4;38,7;28,0;20,6;8,9;6,2
NL:S:40004750;Zuilesteinlaan/HTS;Arnhem;1,1;6,8;0,0;0,0;0,0;0,0
NL:S:40004780;Elsweide/HAN;Arnhem;3,7;0,1;0,0;0,0;0,0;0,0
NL:S:40005230;Kloosterstraat;Arnhem;2,7;0,1;0,0;0,0;0,0;0,0
NL:S:40005270;Brederostraat;Arnhem;2,0;0,2;0,0;0,0;0,0;0,0
NL:S:40005290;Couperusstraat;Arnhem;0,3;0,4;0,0;0,0;0,0;0,0
NL:S:40005500;Stadskantoor;Arnhem;12,7;12,8;2,8;4,6;1,2;1,9
NL:S:40006570;Badhuisstraat;Arnhem;6,9;7,1;4,1;3,9;0,9;0,6
NL:S:40006650;Van Oldenbarneveldtstraat;Arnhem;4,5;9,9;1,3;1,5;0,5;0,4
NL:S:40006670;Haven;Arnhem;5,9;9,2;2,5;2,7;0,4;0,4
NL:S:40006710;Kleefse Waard;Arnhem;17,6;34,1;1,0;0,8;0,1;0,2
NL:S:40006731;Bruningweg;Arnhem;6,7;7,9;0,9;1,0;0,1;0,2
NL:S:40006750;P. Calandweg;Arnhem;6,2;7,2;2,0;2,1;0,6;0,6
NL:S:40006770;Slaakweg;Arnhem;5,9;8,5;2,8;4,6;0,8;1,5
NL:S:40008550;Centraal Station (Sonsbeek);Arnhem;38,0;42,5;15,4;20,6;11,2;15,3
NL:S:40008570;Burg. Weertsstraat;Arnhem;9,0;17,7;5,9;9,9;3,1;7,4
NL:S:40008840;Brekelenkampstraat;Arnhem;6,8;5,5;3,4;2,7;0,8;0,9
NL:S:40009012;Eusebiuskerk;Arnhem;14,9;28,7;11,5;21,8;2,5;3,9
NL:S:40009019;Dr. C. Lelyweg Zuid;Arnhem;4,0;6,8;3,7;2,3;0,6;0,7
NL:S:40009043;Saksen Weimar Kazerne;Arnhem;0,0;2,7;0,0;0,0;0,0;0,0
NL:S:40009067;De Braamberg;Arnhem;58,2;49,8;8,8;9,5;4,9;6,2
NL:S:40009069;Moscowa;Arnhem;40,8;60,8;10,9;17,1;7,6;10,8
NL:S:40009580;CIOS;Arnhem;1,4;0,1;0,0;0,0;0,0;0,0
NL:S:40059041;Golflinks;Arnhem;11,2;12,1;6,6;7,0;4,1;3,6
NL:S:40120030;Hotel De Roskam;Rheden;1,1;1,3;1,2;1,5;0,4;0,7
NL:S:40120050;Beekhuizenseweg;Velp;13,9;17,3;6,8;6,5;1,5;1,6
NL:S:40120070;A.G. Hofkeslaan;Velp;3,1;2,4;2,4;1,5;0,8;0,6
NL:S:40120110;Gasthuislaan;Velp;4,0;3,0;4,3;0,6;1,6;0,4
NL:S:40120140;Reigerstraat;Velp;1,3;1,9;0,5;2,0;0,2;0,5
NL:S:40120150;Gruttostraat;Velp;25,9;22,6;9,1;7,3;2,0;2,4
NL:S:40123990;Ziekenhuis/Waterstraat;Velp;14,8;12,6;12,3;10,6;3,2;3,1
NL:S:40124030;Haverland;Velp;5,9;6,2;6,3;6,2;1,9;2,3
NL:S:40124070;Graaf Gerhardstraat;Velp;11,3;9,0;4,2;3,0;1,5;1,2
NL:S:40129183;Graaf Ottostraat;Velp;8,4;7,6;7,5;5,3;2,1;2,1
NL:S:40129193;Oosterwolde;Velp;1,4;1,3;1,0;0,8;0,3;0,4
NL:S:40160070;Maasbergseweg;Arnhem;0,4;11,0;0,1;3,0;0,1;1,8
NL:S:40160080;De Leeren Doedel;Arnhem;0,7;1,3;1,2;2,3;0,8;0,9
NL:S:40160110;De Vijverberg;Arnhem;0,2;0,6;0,1;0,3;0,1;0,6
NL:S:40160130;Klein Warnsborn;Arnhem;1,9;2,0;0,7;0,7;0,4;1,0
NL:S:40169091;Van der Valk/Papendal;Arnhem;20,9;30,6;20,6;19,9;10,0;16,2
NL:S:40169093;Revalidatie Centrum BIO;Arnhem;1,8;1,2;0,4;0,4;0,6;0,4
NL:S:40169095;Grijsoord;Arnhem;0,2;0,3;0,0;0,2;0,0;0,2
NL:S:40169098;'s-Koonings Jaght;Arnhem;21,2;25,0;9,3;10,5;6,4;7,3
NL:S:40258001;Schalterdalweg;Woeste Hoeve;4,5;5,0;2,9;4,4;3,6;3,4
NL:S:40269001;Oud Reemsterweg;Oud Reemst;0,9;1,0;0,7;0,6;0,5;0,5
NL:S:40269003;Huize Jeekel;Oud Reemst;0,1;0,2;0,1;0,2;0,0;0,4
NL:S:40300170;Telefoonweg;Renkum;0,0;0,0;0,0;0,0;0,0;0,0
NL:S:40344001;Apeldoornseweg;'s Heeren Loo;14,3;15,0;3,6;4,2;2,5;2,9
NL:S:40351001;Stoppelbergweg;Beekbergen;5,5;6,6;5,0;5,4;3,3;3,9
NL:S:40351003;Vossenfarm;Beekbergen;0,4;1,1;0,4;0,5;0,8;0,2
NL:S:40351006;Berg en Dalweg;Beekbergen;3,6;5,8;2,0;2,8;1,6;3,5
NL:S:40360001;'t Lage Veld;Otterlo;3,6;4,4;3,2;3,6;3,3;2,4
NL:S:40360003;De Zanding;Otterlo;4,9;5,0;3,3;4,5;4,2;2,2
NL:S:40360005;Onderlangs;Otterlo;5,6;7,5;4,9;5,7;3,4;2,8
NL:S:40360007;Centrum;Otterlo;10,1;9,0;11,8;10,0;7,9;6,0
NL:S:40360009;Rotonde;Otterlo;114,3;112,7;76,8;72,1;50,3;42,0
NL:S:40360019;Begraafplaats;Otterlo;0,4;0,4;0,5;0,9;0,4;0,3
NL:S:40361002;Museum Schietkamp;Harskamp;2,1;2,4;0,7;1,0;0,2;0,7
NL:S:40362008;Ingang Otterlo;De Hoge Veluwe;1,2;3,1;3,4;9,4;1,5;4,8
NL:S:40374001;Centrum;Hoenderloo;14,7;12,8;14,6;11,7;8,9;6,8
NL:S:40374005;Krimweg Dorp;Hoenderloo;4,1;5,9;3,4;4,4;2,7;2,4
NL:S:40374011;Hoenderloo Groep;Hoenderloo;7,7;7,3;4,2;5,1;3,5;4,4
NL:S:40374013;Miggelenbergweg;Hoenderloo;11,3;12,5;8,5;9,7;7,7;8,1
NL:S:40400080;Arboretumlaan;Wageningen;8,7;8,3;8,2;6,5;4,8;10,2
NL:S:40402017;Bosweg;Bennekom;5,4;6,0;3,7;5,2;2,2;3,4
NL:S:40405000;Busstation;Wageningen;442,0;421,0;359,2;288,3;206,6;310,2
NL:S:40406007;Dolderstraat;Wageningen;13,8;10,0;11,1;7,8;8,1;10,5
NL:S:40406009;Nobelweg;Wageningen;49,4;33,2;48,7;23,8;24,1;30,3
NL:S:40406011;Mansholtlaan;Wageningen;7,1;7,7;5,0;3,5;2,8;3,6
NL:S:40406013;Buissteeg;Wageningen;3,9;4,4;3,7;3,4;2,3;2,3
NL:S:40406019;Haagsteeg;Wageningen;263,7;238,3;179,1;136,2;94,3;236,1
NL:S:40406021;Business- en Science Park;Wageningen;108,6;98,9;62,8;54,3;41,7;81,5
NL:S:40406023;Dijkgraaf;Wageningen;50,6;54,3;76,6;69,2;45,9;67,2
NL:S:40406025;Bornsesteeg;Wageningen;66,5;63,6;116,2;97,3;61,1;95,0
NL:S:40406027;Hoevestein;Wageningen;86,1;82,2;74,5;82,0;42,7;109,5
NL:S:40406029;Campus/Atlas;Wageningen;173,2;193,1;26,8;28,5;18,9;35,7
NL:S:40406051;Geertjesweg;Wageningen;14,7;9,7;14,1;8,2;7,6;11,2
NL:S:40407021;Mondriaanlaan;Wageningen;60,8;50,0;0,5;0,3;3,2;21,7
NL:S:40407023;Campus/Forum;Wageningen;193,4;171,2;0,9;0,9;3,0;32,8
NL:S:40432001;De Harmonie;Laag-Soeren;7,2;8,0;2,9;3,5;0,7;1,2
NL:S:40433002;'t Veentje;Eerbeek;0,5;1,3;0,5;0,5;0,4;0,1
NL:S:40441001;Harderwijkerweg;Loenen;2,4;2,8;0,6;0,8;0,2;0,2
NL:S:40441003;Bergakkerweg;Loenen;3,6;4,4;2,4;2,2;0,8;0,7
NL:S:40441005;Bruisbeek;Loenen;14,4;12,1;6,6;4,4;1,8;1,3
NL:S:40441007;Leeuwenbergweg;Loenen;8,5;11,3;4,4;4,8;1,6;1,6
NL:S:40441009;Hoge Bergweg;Loenen;8,4;8,7;6,1;6,2;2,0;1,4
NL:S:40441011;Hoofdweg;Lieren;0,2;0,0;0,0;0,0;0,0;0,0
NL:S:40441014;Voorsterweg;Lieren;0,3;0,4;0,0;0,0;0,0;0,0
NL:S:40451007;De Smittenberg;Beekbergen;26,5;30,7;16,7;17,6;12,6;13,0
NL:S:40451009;Hagenbrug;Beekbergen;26,3;28,4;14,1;12,8;8,3;7,9
NL:S:40451013;De Wipselberg;Beekbergen;2,0;2,8;2,8;2,9;1,1;0,6
NL:S:40451015;Hulleweg;Beekbergen;3,9;4,4;4,7;3,0;1,2;0,8
NL:S:40451017;Zonnehuis;Beekbergen;4,0;4,4;1,4;2,6;0,8;0,8
NL:S:40451019;Kerkweg;Beekbergen;9,8;6,6;7,6;7,6;1,2;1,1
NL:S:40451021;Koningsweg;Beekbergen;2,8;1,8;2,0;2,2;0,6;0,7
NL:S:40451034;Laan van Westenenk;Apeldoorn;19,3;16,9;3,1;4,3;1,6;1,6
NL:S:40451075;Kapelmeestershoeve;Apeldoorn;10,6;8,0;1,6;0,8;0,4;0,7
NL:S:40451077;De Eglantier;Apeldoorn;36,2;34,7;12,5;6,4;1,9;1,8
NL:S:40451096;Laan van Erica;Apeldoorn;9,3;9,6;2,0;1,3;0,2;0,4
NL:S:40451097;Jaromirgaarde;Apeldoorn;4,1;3,5;0,6;0,5;0,0;0,0
NL:S:40451099;Rademakersdonk;Apeldoorn;7,7;7,0;2,2;1,4;0,5;0,4
NL:S:40451101;Valkeniersdonk;Apeldoorn;7,8;10,0;1,4;1,6;0,3;0,2
NL:S:40451103;Turfstekershoeve;Apeldoorn;4,5;5,7;1,1;1,2;0,3;0,0
NL:S:40451105;Landdrostlaan;Apeldoorn;17,0;20,4;1,3;2,4;0,0;0,0
NL:S:40451143;Soldeniersveld;Apeldoorn;0,2;0,0;0,0;0,0;0,0;0,0
NL:S:40451181;Ferguutgaarde;Apeldoorn;5,8;3,0;0,1;0,1;0,1;0,3
NL:S:40451182;De Heemgaard;Apeldoorn;19,4;24,3;0,0;0,1;0,3;0,6
NL:S:40451252;Kooikersdreef;Apeldoorn;2,5;1,8;0,0;0,0;0,2;0,2
NL:S:40451259;Parlevinkershoeve;Apeldoorn;6,8;5,9;1,1;0,9;0,0;0,4
NL:S:40451333;Ekro;Apeldoorn;0,3;0,4;0,0;0,0;0,0;0,0
NL:S:40451351;Eglantierlaan;Apeldoorn;0,9;0,6;0,0;0,0;0,2;0,2
NL:S:40451402;Veldbrugweg;Lieren;0,1;0,1;0,0;0,0;0,0;0,0
NL:S:40451404;Tullekensmolenweg;Lieren;0,4;0,3;0,0;0,0;0,0;0,0
NL:S:40451406;Molenberg;Lieren;0,1;0,3;0,0;0,0;0,0;0,0
NL:S:40451408;Dorpshuis;Oosterhuizen;0,4;0,3;0,0;0,0;0,0;0,0
NL:S:40451412;Wittekruisweg;Oosterhuizen;0,1;0,1;0,0;0,0;0,0;0,0
NL:S:40451414;Vinkenkamp;Oosterhuizen;0,0;0,0;0,0;0,0;0,0;0,0
NL:S:40451416;Veendijk;Oosterhuizen;0,1;0,1;0,0;0,0;0,0;0,0
NL:S:40451459;Achterste Kerkweg;Oosterhuizen;0,1;0,0;0,0;0,0;0,0;0,0
NL:S:40451461;Wilmersdorf;Apeldoorn;0,4;0,5;0,0;0,0;0,0;0,0
NL:S:40451501;Laan van Malkenschoten;Apeldoorn;73,5;55,3;6,6;7,5;3,6;4,2
NL:S:40459001;Aventurijn;Loenen;0,4;0,1;0,0;0,0;0,0;0,0
NL:S:40461003;Centrum;Harskamp;6,9;7,5;3,0;3,7;1,5;1,4
NL:S:40461005;De Spil;Harskamp;6,3;6,8;1,4;2,2;0,6;0,8
NL:S:40461007;Kraatsweg;Harskamp;16,4;14,4;5,3;4,7;2,1;1,6
NL:S:40461009;Radioweg;Harskamp;2,9;4,0;1,0;1,0;0,7;0,8
NL:S:40461011;Kraaikamperweg;Harskamp;1,6;0,9;0,4;0,3;0,1;0,2
NL:S:40461013;Hoog Buurloseweg;Harskamp;4,3;3,6;1,4;1,2;1,0;0,4
NL:S:40461015;Westenengerdijk;Harskamp;6,7;5,9;0,5;0,4;0,1;0,2
NL:S:40461017;Harscamp;Harskamp;9,6;8,5;3,2;3,6;1,7;1,0
NL:S:40463001;Hazendonkweg;Stroe;0,9;1,3;0,3;0,5;0,0;0,2
NL:S:40463004;Heetweg;Stroe;3,6;3,2;0,6;1,5;1,1;0,5
NL:S:40471152;Randerode;Apeldoorn;0,4;0,3;0,0;0,0;0,2;0,2
NL:S:40471170;Middachten;Apeldoorn;0,5;0,7;0,4;0,4;0,4;0,6
NL:S:40471175;Vlietweg;Apeldoorn;0,9;0,7;0,6;0,4;0,5;0,4
NL:S:40471228;Laan van Spitsbergen;Apeldoorn;14,8;13,8;6,6;5,9;4,8;4,6
NL:S:40471463;Hoog Buurloseweg;Hoenderloo;2,7;3,3;0,8;1,7;1,2;1,7
NL:S:40471465;Van der Valk/De Cantharel;Apeldoorn;9,2;11,0;7,2;7,7;5,7;5,5
NL:S:40471467;Gelre Ziekenhuis;Apeldoorn;4,1;2,7;1,5;0,7;1,4;1,1
NL:S:40480015;Kronkelweg;Hoenderloo;1,0;1,0;0,3;0,4;0,2;0,3
NL:S:40482003;Bezoekerscentrum;De Hoge Veluwe;3,0;2,6;5,6;3,2;2,5;2,2
NL:S:40482005;Kroller Muller Museum;De Hoge Veluwe;3,7;4,0;7,7;7,3;4,7;4,6
NL:S:40512001;Station Ede-Wageningen;Ede;1846,1;1805,9;993,2;1086,4;1178,6;640,8
NL:S:40512003;Moreelsestraat;Ede;6,7;6,5;2,3;3,2;1,0;0,9
NL:S:40512005;Vossenweg;Bennekom;14,4;12,9;9,2;7,6;5,8;6,4
NL:S:40512007;Ziekenhuis Gelderse Vallei;Ede;291,2;296,4;74,8;77,7;43,3;46,3
NL:S:40512009;Strooyweg;Bennekom;11,0;10,7;8,7;7,6;5,0;5,6
NL:S:40512011;Molenstraat;Bennekom;13,7;11,6;8,6;8,1;3,8;5,9
NL:S:40512013;Hof van Sint Pieter;Bennekom;6,9;6,7;4,3;5,3;3,0;3,6
NL:S:40512015;Bart van Elstplantsoen;Bennekom;21,5;17,5;13,6;12,4;6,7;8,2
NL:S:40512019;Horalaan;Ede;14,8;20,2;3,8;3,3;2,8;3,3
NL:S:40512021;De Reehorst;Ede;8,2;7,7;1,9;3,6;1,0;1,4
NL:S:40512023;Bovenbuurtweg;Ede;215,1;215,2;28,6;32,3;18,8;21,4
NL:S:40512025;Jan Vermeerstraat;Ede;11,9;10,8;3,8;3,4;1,8;2,0
NL:S:40512027;Stadspoort;Ede;92,9;94,8;40,8;42,4;26,5;27,7
NL:S:40512031;Van Steenbergenweg;Ede;1,0;1,4;0,1;0,8;0,0;0,1
NL:S:40512033;Prof. Oudpark;Ede;3,1;3,5;2,6;1,9;0,4;0,6
NL:S:40512035;Coornhertstate;Ede;14,7;15,6;7,3;6,4;2,7;3,1
NL:S:40512037;'t Riet;Ede;10,8;11,0;4,5;6,0;1,9;3,0
NL:S:40512039;Ben Goerionsingel;Ede;4,1;4,1;1,5;1,9;0,4;1,4
NL:S:40512131;Kenniscampus;Ede;115,8;143,0;5,6;5,7;1,6;2,4
NL:S:40512153;De Gelderhorst;Ede;5,6;6,2;3,6;5,2;0,6;1,0
NL:S:40512201;Halderbrink;Bennekom;23,5;27,3;15,8;14,3;10,8;13,2
NL:S:40512203;Hoekelumse Brinkweg;Bennekom;8,3;8,4;4,6;5,0;2,7;3,5
NL:S:40512207;Heidelaan;Bennekom;4,7;8,3;2,8;4,7;1,8;3,1
NL:S:40513003;Mausoleum;Ede;0,0;0,1;0,0;0,1;0,0;0,0
NL:S:40513013;Maanderzand;Ede;0,3;0,3;0,6;0,4;0,0;0,0
NL:S:40513015;Beatrixpark;Ede;0,4;0,2;0,2;0,1;0,0;0,0
NL:S:40513019;Zuiderkroon;Ede;0,2;0,2;0,3;0,3;0,0;0,0
NL:S:40513027;Billitonlaan/Timorlaan;Ede;9,6;9,3;3,9;4,1;4,6;3,8
NL:S:40513029;Kerkweg;Ede;0,1;0,0;0,0;0,0;0,0;0,0
NL:S:40513031;Koekeltse Boslaan;Ede;12,0;12,5;4,9;5,5;3,6;5,0
NL:S:40513039;Belvedere;Ede;0,6;0,5;1,1;0,9;0,0;0,0
NL:S:40522125;La Vendula;Ede;0,5;1,0;0,3;0,7;0,2;0,2
NL:S:40528001;Roekelseweg;Wekerom;2,0;2,0;1,7;1,2;0,5;0,4
NL:S:40528003;Wekeromse Buurtweg;Wekerom;4,7;5,4;1,1;1,9;1,0;1,3
NL:S:40528006;Garage Veldhuizen;De Valk;0,1;0,2;0,0;0,0;0,0;0,0
NL:S:40528007;Kruispunt;Wekerom;17,8;17,4;4,0;3,3;1,0;0,8
NL:S:40528009;A.G. Wijersweg;Wekerom;1,4;0,4;0,0;0,0;0,0;0,0
NL:S:40528011;Dorpsplein;Wekerom;0,1;0,1;0,4;0,3;0,0;0,0
NL:S:40542001;Hallsebrug;Hall;0,0;0,0;0,0;0,0;0,0;0,0
NL:S:40543003;Coldenhovenseweg;Eerbeek;8,1;7,4;3,5;3,4;0,8;0,8
NL:S:40543005;Loubergweg;Eerbeek;9,1;10,3;2,9;3,1;1,2;0,9
NL:S:40543007;Centrum;Eerbeek;14,8;14,8;6,5;6,7;1,8;1,4
NL:S:40543009;Offenbachstraat;Eerbeek;39,5;38,0;15,5;14,0;4,0;3,7
NL:S:40543011;Ringlaan;Eerbeek;35,4;40,6;7,6;8,3;2,7;3,3
NL:S:40543013;Vondellaan;Eerbeek;20,7;18,7;7,5;5,8;2,4;2,1
NL:S:40543015;'t Hungeling;Eerbeek;0,1;0,1;0,0;0,0;0,0;0,0
NL:S:40543020;De Beekwal;Eerbeek;0,0;0,4;0,0;0,2;0,0;0,0
NL:S:40543027;Loenenseweg;Eerbeek;0,1;0,3;0,0;0,0;0,0;0,0
NL:S:40543028;Bijenkorf;Eerbeek;0,3;0,3;0,0;0,0;0,0;0,0
NL:S:40543030;Blekerserf;Eerbeek;0,2;0,1;0,0;0,0;0,0;0,0
NL:S:40543032;Ydinkerf;Eerbeek;0,1;0,1;0,0;0,0;0,0;0,0
NL:S:40543034;Odinkerf;Eerbeek;0,1;0,1;0,0;0,0;0,0;0,0
NL:S:40543051;Landal Coldenhove;Eerbeek;0,7;0,7;0,0;0,0;0,0;0,0
NL:S:40543061;Zwembad;Eerbeek;0,1;0,1;0,0;0,0;0,0;0,0
NL:S:40543077;Kloosterstraat;Eerbeek;0,1;0,0;0,0;0,0;0,0;0,0
NL:S:40543081;Boerhaavelaan;Eerbeek;0,4;0,3;0,2;0,2;0,0;0,0
NL:S:40548076;Dierenseweg;Eerbeek;0,3;0,6;0,0;0,0;0,0;0,0
NL:S:40550001;Van Haeftenkazerne;Apeldoorn;15,1;16,8;9,0;9,8;6,2;5,1
NL:S:40551001;Station;Apeldoorn;990,7;964,6;349,0;330,8;257,8;232,1
NL:S:40551003;Marktplein;Apeldoorn;154,8;150,5;77,6;82,5;28,0;28,3
NL:S:40551005;Oranjepark;Apeldoorn;26,1;30,1;6,8;11,6;4,2;4,8
NL:S:40551019;Hoofdstraat;Apeldoorn;113,4;101,6;84,6;78,2;32,8;28,0
NL:S:40551021;Amaliapark;Apeldoorn;28,7;45,1;15,1;28,3;11,5;16,8
NL:S:40551023;Zichtweg;Apeldoorn;24,6;24,4;11,9;13,1;8,3;6,3
NL:S:40551025;Eendrachtstraat;Apeldoorn;21,9;22,5;13,5;14,7;7,6;5,5
NL:S:40551027;Aluminiumweg;Apeldoorn;25,5;21,9;15,1;13,8;8,3;6,6
NL:S:40551029;Sebastiaanplein;Apeldoorn;14,4;20,3;7,1;8,5;4,8;4,7
NL:S:40551031;Chopinlaan;Apeldoorn;41,9;38,2;9,4;11,3;5,5;7,4
NL:S:40551036;Koningin Julianatoren;Apeldoorn;3,5;4,6;4,1;4,2;1,9;2,2
NL:S:40551037;Paleis Het Loo;Apeldoorn;13,5;7,2;3,6;3,0;2,3;2,1
NL:S:40551039;Bosweg;Apeldoorn;6,2;2,5;1,8;0,7;1,4;0,5
NL:S:40551045;Grote Kerk;Apeldoorn;27,6;22,6;16,6;14,1;9,2;8,8
NL:S:40551047;Gedenknaald;Apeldoorn;32,0;22,2;16,4;13,6;12,8;11,8
NL:S:40551051;Oosterlaan;Apeldoorn;5,6;6,7;0,0;0,0;0,0;0,0
NL:S:40551053;Pinksterbloem;Apeldoorn;18,5;18,0;0,0;0,0;0,0;0,0
NL:S:40551057;Fauststraat;Apeldoorn;29,8;26,3;0,0;0,0;0,0;0,0
NL:S:40551060;Laan van de Dierenriem;Apeldoorn;24,9;28,7;0,0;0,0;0,0;0,0
NL:S:40551061;Laan van de Leeuw;Apeldoorn;19,5;21,3;0,0;0,0;0,0;0,0
NL:S:40551063;Brug Deventerstraat;Apeldoorn;0,1;0,2;0,0;0,0;0,1;0,2
NL:S:40551065;Julianakerk;Apeldoorn;0,1;0,1;0,0;0,0;0,0;0,1
NL:S:40551072;GGNet;Apeldoorn;0,3;0,3;0,0;0,0;0,0;0,0
NL:S:40551079;Gijsbrechtgaarde;Apeldoorn;11,4;11,0;2,9;2,3;0,2;0,4
NL:S:40551081;Welgelegenbrug;Apeldoorn;10,6;8,1;0,6;2,7;0,2;0,2
NL:S:40551087;Apenheul;Apeldoorn;0,1;0,1;0,1;0,1;0,1;0,1
NL:S:40551089;J. Fruytierschool;Apeldoorn;89,4;115,1;0,1;0,0;0,3;0,0
NL:S:40551091;Wagenmakershoek;Apeldoorn;10,1;8,2;1,1;1,3;0,2;0,3
NL:S:40551093;Glazeniershorst;Apeldoorn;20,5;13,6;3,2;2,8;0,8;0,8
NL:S:40551109;Balustrade;Apeldoorn;0,2;0,1;0,0;0,0;0,1;0,1
NL:S:40551111;Houttuinen-Noord;Apeldoorn;0,2;0,1;0,0;0,0;0,2;0,2
NL:S:40551113;Belastingkantoor;Apeldoorn;0,4;1,5;0,0;0,1;0,0;0,4
NL:S:40551124;Bibliotheek;Apeldoorn;0,2;0,2;0,0;0,0;0,0;0,1
NL:S:40551133;Blekersweg;Apeldoorn;0,1;0,0;0,0;0,0;0,1;0,0
NL:S:40551135;Dianalaan;Apeldoorn;0,0;0,1;0,0;0,0;0,0;0,0
NL:S:40551137;Eburonenstraat;Apeldoorn;0,0;0,3;0,0;0,1;0,1;0,5
NL:S:40551139;De Tol;Apeldoorn;0,5;0,5;0,0;0,1;0,4;0,6
NL:S:40551141;Georg Hegelstraat;Apeldoorn;1,5;1,6;0,3;0,3;1,2;1,0
NL:S:40551146;Burg. des Tombeplein;Apeldoorn;0,2;0,3;0,0;0,1;0,3;0,2
NL:S:40551154;Leienplein;Apeldoorn;0,3;0,3;0,1;0,0;0,1;0,1
NL:S:40551156;Oranjerie;Apeldoorn;0,1;0,2;0,0;0,1;0,1;0,1
NL:S:40551158;Politiebureau;Apeldoorn;0,1;0,1;0,1;0,1;0,2;0,0
NL:S:40551166;Schuttersweg;Apeldoorn;0,4;0,3;0,1;0,1;0,2;0,2
NL:S:40551177;Imkersdreef;Apeldoorn;3,9;3,9;0,1;0,1;0,2;0,2
NL:S:40551179;Hoenderparkweg;Apeldoorn;1,0;3,4;0,6;1,7;0,8;1,8
NL:S:40551185;Het Schip;Apeldoorn;0,1;0,1;0,1;0,0;0,0;0,0
NL:S:40551187;Het Firmament;Apeldoorn;0,1;0,1;0,0;0,0;0,0;0,0
NL:S:40551189;Linie;Apeldoorn;0,3;0,3;0,1;0,1;0,1;0,2
NL:S:40551191;Dennenkamp;Apeldoorn;0,2;0,2;0,0;0,1;0,0;0,1
NL:S:40551195;Zonnewende;Apeldoorn;0,1;0,1;0,0;0,0;0,0;0,1
NL:S:40551197;Top Naeffstraat;Apeldoorn;0,3;0,2;0,0;0,0;0,2;0,2
NL:S:40551200;Ritbroekstraat;Apeldoorn;0,0;0,0;0,0;0,0;0,0;0,1
NL:S:40551213;Mandala/Kazerne;Apeldoorn;1,2;1,0;0,1;0,0;0,8;0,8
NL:S:40551218;Christiaan Geurtsweg;Apeldoorn;5,0;5,2;1,5;1,3;1,0;1,4
NL:S:40551226;Jean Monnetpark;Apeldoorn;8,6;8,6;2,6;2,7;1,9;1,7
NL:S:40551234;Schumanpark;Apeldoorn;5,4;7,0;0,7;1,7;0,8;1,0
NL:S:40551238;Winkelc. De Mheen;Apeldoorn;0,6;0,8;0,1;0,2;0,7;0,6
NL:S:40551240;Kruizemuntstraat;Apeldoorn;0,3;0,2;0,0;0,1;0,3;0,4
NL:S:40551246;Condorweg;Apeldoorn;0,1;0,1;0,0;0,0;0,0;0,0
NL:S:40551270;Schaperstraat;Apeldoorn;0,0;0,1;0,0;0,0;0,0;0,0
NL:S:40551288;Wilhelminapark;Apeldoorn;0,0;0,0;0,0;0,0;0,0;0,0
NL:S:40551290;Zwitsal;Apeldoorn;0,1;0,1;0,0;0,0;0,0;0,0
NL:S:40551293;Waltersingel;Apeldoorn;0,2;0,4;0,0;0,0;0,0;0,3
NL:S:40551317;Johan Steenbergenstraat;Apeldoorn;0,0;0,0;0,0;0,0;0,0;0,0
NL:S:40551320;Jachtlaan;Apeldoorn;0,1;0,0;0,0;0,0;0,0;0,0
NL:S:40551330;Erasmusstraat;Apeldoorn;10,7;14,1;0,0;0,0;0,0;0,0
NL:S:40551336;Einsteinlaan;Apeldoorn;0,1;0,1;0,0;0,0;0,0;0,0
NL:S:40551340;Curiestraat;Apeldoorn;0,3;0,3;0,0;0,0;0,0;0,0
NL:S:40551362;Auroralaan;Apeldoorn;0,1;0,1;0,0;0,0;0,0;0,2
NL:S:40551388;Ordenplein;Apeldoorn;0,1;0,5;0,0;0,1;0,1;0,3
NL:S:40551422;Tangostraat;Apeldoorn;0,4;0,8;0,1;0,2;0,5;0,8
NL:S:40551424;Citroenvlinder;Apeldoorn;0,8;0,7;0,1;0,1;0,5;0,5
NL:S:40551428;Zuidbroek;Apeldoorn;0,1;0,1;0,0;0,0;0,0;0,1
NL:S:40551445;Omnisport;Apeldoorn;0,3;0,3;0,0;0,0;0,0;0,0
NL:S:40551451;Prinses Beatrixlaan;Apeldoorn;0,1;0,1;0,0;0,0;0,0;0,0
NL:S:40551455;Lekstraat;Apeldoorn;0,7;0,4;0,0;0,0;0,0;0,0
NL:S:40551469;Bartelsweg;Apeldoorn;0,3;0,3;0,0;0,1;0,1;0,1
NL:S:40551473;Aidastraat;Apeldoorn;61,7;49,4;0,0;0,0;0,0;0,0
NL:S:40551476;De Veenkamp;Apeldoorn;0,4;0,1;0,2;0,0;0,4;0,0
NL:S:40551477;Bas Backerlaan;Apeldoorn;0,1;0,0;0,0;0,0;0,0;0,0
NL:S:40551513;Oesterzwam;Apeldoorn;0,3;0,3;0,0;0,0;0,2;0,2
NL:S:40551515;Saba;Apeldoorn;0,3;0,3;0,0;0,0;0,0;0,0
NL:S:40559001;Lange Amerikaweg;Apeldoorn;0,6;0,8;0,0;0,0;0,0;0,0
NL:S:40559003;Wkc Musketiersveld;Apeldoorn;0,1;0,4;0,0;0,0;0,0;0,0
NL:S:40563005;Topperweg;Stroe;1,8;1,9;0,6;0,6;0,2;0,2
NL:S:40563007;Kootwijkerdijk;Stroe;0,5;0,4;0,0;0,3;0,2;0,1
NL:S:40563009;Ravenweg;Stroe;27,4;27,9;5,6;6,3;2,2;1,9
NL:S:40563011;Centrum;Stroe;5,7;5,2;2,1;1,4;1,5;1,0
NL:S:40563013;De Drie Musketiers;Stroe;2,2;2,2;1,0;1,0;0,6;0,5
NL:S:40563015;Majoor Mulder Kazerne;Stroe;0,3;0,7;0,1;0,2;0,0;0,1
NL:S:40569008;Militair tehuis;Wittenberg;0,2;0,4;0,0;0,1;0,0;0,2
NL:S:40612043;Tolhuislaan;Ede;6,2;11,5;2,2;3,9;1,1;2,2
NL:S:40612045;Ericalaan;Ede;11,2;19,0;3,4;5,5;2,8;4,4
NL:S:40612047;Maanderweg;Ede;7,5;9,8;2,3;5,4;2,9;3,1
NL:S:40612050;Station Ede Centrum;Ede;23,8;20,6;10,7;11,4;8,4;5,5
NL:S:40612051;Jadestraat;Ede;7,9;8,4;3,8;5,6;2,2;2,9
NL:S:40612053;Schaapsweg/Veenderweg;Ede;6,2;5,0;2,0;1,5;2,2;1,9
NL:S:40612055;Ganzeweide;Ede;12,3;9,6;4,3;4,9;4,5;4,2
NL:S:40612059;Mariendaal;Ede;35,6;34,6;14,4;13,3;7,9;7,3
NL:S:40612061;Durendaal;Ede;4,3;8,5;2,5;4,4;1,6;2,2
NL:S:40612063;Middelbeek;Ede;6,6;5,9;2,7;3,1;1,2;1,6
NL:S:40612065;Schoutenhof;Ede;2,3;4,4;1,9;1,8;1,0;1,0
NL:S:40612067;Aalbeek;Ede;29,5;24,1;16,2;14,5;7,7;6,6
NL:S:40612069;Nienhof;Ede;10,5;9,5;5,4;5,0;3,8;3,7
NL:S:40612071;Binnenhof;Ede;10,0;6,3;5,7;4,4;2,8;2,0
NL:S:40612073;Hogerhorst;Ede;34,8;31,6;15,9;14,6;6,7;7,4
NL:S:40612075;Hoekenburg;Ede;21,5;21,3;10,1;9,2;4,8;4,7
NL:S:40612077;Kranenburg;Ede;27,6;22,8;13,1;12,2;6,4;5,5
NL:S:40612079;Proosdijerveldweg;Ede;2,5;3,6;1,7;2,5;0,9;1,2
NL:S:40612081;Cultura;Ede;14,2;22,8;8,2;17,7;1,8;4,0
NL:S:40612083;Grotestraat;Ede;41,3;35,0;36,6;30,7;7,4;7,4
NL:S:40612085;Raadhuis;Ede;57,3;54,7;19,5;17,7;9,6;10,9
NL:S:40612087;Doelenstraat;Ede;46,5;55,9;32,2;39,9;9,8;11,9
NL:S:40612089;Politiebureau;Ede;42,0;41,6;27,2;27,2;8,6;9,9
NL:S:40612092;Hogewoud;Ede;16,8;15,0;4,7;3,9;6,0;3,9
NL:S:40612095;N224/Veldhuizen;Ede;6,7;5,8;1,3;1,9;2,8;1,6
NL:S:40612097;Stakenberg;Ede;16,4;15,1;5,6;5,1;5,0;4,7
NL:S:40612101;Schaapsweg/Molenstraat;Ede;7,6;8,0;4,4;4,6;1,5;1,6
NL:S:40612113;Van Pabstlaan;Ede;0,1;0,1;0,1;0,1;0,0;0,0
NL:S:40612115;Eikenlaan;Ede;0,2;0,2;0,1;0,1;0,0;0,0
NL:S:40612118;De Bosrand;Ede;3,9;5,2;1,8;2,9;1,7;1,9
NL:S:40612119;Schutterweg;Ede;2,8;2,7;1,0;0,8;0,0;0,1
NL:S:40612121;Cannenburgerbos;Ede;3,9;3,3;1,5;1,0;0,7;1,0
NL:S:40612123;Lagewoud;Ede;8,4;8,1;2,5;3,1;1,8;2,1
NL:S:40612125;Dalerveen;Ede;8,9;9,0;3,5;2,6;2,5;3,0
NL:S:40612127;Darwinstraat;Ede;11,9;13,0;0,5;0,8;0,2;0,2
NL:S:40622119;Driesprong;Ede;7,7;9,8;3,0;3,4;1,8;1,6
NL:S:40622121;Hoge Valksedijk;Ede;0,4;0,5;0,2;0,5;0,1;0,2
NL:S:40622123;De Valouwe;Ede;0,2;0,2;0,3;0,1;0,2;0,0
NL:S:40631001;School met de Bijbel;De Valk;2,8;1,8;0,1;0,1;0,0;0,0
NL:S:40631003;Geref. Gemeente;De Valk;1,6;1,0;0,0;0,0;0,0;0,0
NL:S:40631009;Cooperatie;De Valk;0,9;0,2;0,0;0,0;0,0;0,0
NL:S:40643008;Hoeve Oud Milligen;Nieuw Milligen;2,0;2,9;0,9;1,2;2,0;0,5
NL:S:40649001;Busstation;Wittenberg;136,0;134,3;49,5;49,2;18,4;24,2
NL:S:40649011;Tolnegenweg;Wittenberg;1,5;1,5;1,2;0,9;1,1;0,6
NL:S:40650001;Wieselseweg;Wenum;7,7;7,9;3,2;4,2;2,5;2,0
NL:S:40650003;Papegaaiweg;Wenum;10,5;11,8;4,4;4,5;2,8;2,5
NL:S:40650006;De Haere;Wenum;2,9;4,8;1,4;3,6;1,0;1,0
NL:S:40664001;Oosterbrinkweg;Kootwijkerbroek;0,6;0,5;0,7;0,3;0,1;0,1
NL:S:40664003;Garderbroekerweg;Kootwijkerbroek;5,3;4,7;0,6;0,7;0,3;0,4
NL:S:40664007;Kosterijweg;Kootwijkerbroek;8,4;8,7;2,6;2,7;0,7;0,9
NL:S:40664009;Essenerweg;Kootwijkerbroek;14,2;12,8;3,5;3,7;0,5;0,8
NL:S:40664011;Nachtegaalweg;Kootwijkerbroek;1,3;2,6;0,8;1,3;0,1;0,5
NL:S:40664013;Wencopperweg;Kootwijkerbroek;2,8;2,5;0,3;0,2;0,0;0,0
NL:S:40664015;Gereformeerde Kerk;Kootwijkerbroek;1,6;1,7;0,6;0,8;0,2;0,1
NL:S:40665002;Esvelderweg;Barneveld;0,6;0,9;0,2;0,1;0,1;0,1
NL:S:40679006;Echoput;Hoog Soeren;4,0;5,0;4,9;6,9;3,6;4,0
NL:S:40680001;Huis Voorstonden;Voorstonden;0,0;0,2;0,0;0,0;0,0;0,0
NL:S:40680003;Halte de Molen;Voorstonden;0,1;0,1;0,0;0,1;0,0;0,0
NL:S:40682001;School met de Bijbel;Tonden;0,1;0,1;0,0;0,0;0,0;0,0
NL:S:40682003;ABK huis;Hall;0,2;0,3;0,1;0,1;0,0;0,0
NL:S:40682005;Hogestraat;Hall;0,3;0,4;0,1;0,0;0,0;0,0
NL:S:40682007;School;Hall;0,7;0,7;0,0;0,0;0,0;0,0
NL:S:40685001;Buurtweg;Oeken;0,3;0,3;0,0;0,0;0,0;0,0
NL:S:40712009;Pascalstraat;Ede;23,2;24,6;6,0;5,2;2,6;3,3
NL:S:40712011;Lumierestraat;Ede;9,0;9,7;1,4;1,0;0,9;0,8
NL:S:40712013;Niels Bohrstraat;Ede;13,6;13,7;1,4;1,8;0,7;1,2
NL:S:40712019;Pakhuisweg;Ede;3,1;3,6;1,2;1,1;0,4;0,7
NL:S:40712021;Kievitsmeent;Ede;2,5;5,0;0,3;0,3;0,4;0,7
NL:S:40712137;Einsteinstraat;Ede;11,5;14,7;5,6;7,0;2,0;2,3
NL:S:40712159;Amperestraat;Ede;18,2;24,5;1,8;1,9;0,2;0,8
NL:S:40712161;Doornlaan;Ede;0,1;0,1;0,0;0,2;0,0;0,0
NL:S:40715013;Buurtlaan-Oost;Veenendaal;3,8;4,7;0,4;0,9;0,2;0,3
NL:S:40726001;Hooiweg;Garderen;3,5;4,0;2,8;2,6;1,2;1,1
NL:S:40726003;Bakkerstraat;Garderen;28,5;27,5;10,5;10,3;3,6;3,4
NL:S:40726005;West-end;Garderen;2,3;2,8;1,3;1,8;1,0;0,5
NL:S:40726007;Heideheuvel;Garderen;2,4;2,8;1,0;1,4;1,2;0,7
NL:S:40726009;De Hertshoorn;Garderen;1,4;1,1;1,4;1,4;1,0;0,5
NL:S:40726011;Veluw Hul;Garderen;0,5;0,8;0,5;0,9;0,8;0,3
NL:S:40726013;Kastelenhof;Garderen;0,0;0,1;0,0;0,0;0,0;0,0
NL:S:40726015;Houtdorp;Garderen;0,0;0,0;0,0;0,0;0,0;0,0
NL:S:40746011;Bosweg;Voorthuizen;2,3;2,4;0,9;1,2;1,0;0,9
NL:S:40746013;Hunnenweg;Voorthuizen;2,1;2,5;0,6;0,9;0,2;0,3
NL:S:40746015;De Zanderij;Voorthuizen;8,5;8,3;5,3;4,9;3,7;2,8
NL:S:40746017;De IJsvogel;Voorthuizen;3,5;3,8;3,2;3,5;1,3;1,1
NL:S:40750001;Station;Lunteren;3,2;0,6;0,9;0,4;0,0;0,0
NL:S:40750003;Roskammersteeg;Lunteren;0,1;0,1;0,1;0,2;0,0;0,0
NL:S:40750005;Hertenlaan;Lunteren;0,0;0,1;0,0;0,1;0,0;0,0
NL:S:40750007;Everlaan;Lunteren;0,1;0,1;0,0;0,1;0,0;0,0
NL:S:40750009;Viaduct;Lunteren;0,0;0,1;0,0;0,0;0,0;0,0
NL:S:40750013;De Molen;Lunteren;0,1;0,1;0,0;0,0;0,0;0,0
NL:S:40750015;De Wormshoef;Lunteren;5,6;3,6;0,0;0,0;0,0;0,0
NL:S:40751003;Rehoboth;Meulunteren;0,6;0,4;0,0;0,0;0,0;0,0
NL:S:40751005;Bijweg;Meulunteren;0,1;0,1;0,0;0,1;0,0;0,0
NL:S:40751011;Hessenweg;Meulunteren;0,7;0,5;0,1;0,2;0,0;0,0
NL:S:40755075;Schaffelaartheater;Barneveld;0,1;0,2;0,2;0,2;0,0;0,0
NL:S:40765005;Norschoterweg;Barneveld;0,3;0,7;0,1;0,1;0,0;0,2
NL:S:40765007;Praktijkschool Barneveld;Barneveld;30,9;40,7;0,9;1,1;0,4;0,5
NL:S:40765009;Julianaplein;Barneveld;3,6;4,9;1,2;1,2;0,3;0,2
NL:S:40765011;Van Dompselaerstraat;Barneveld;4,4;4,5;0,7;1,7;0,4;0,6
NL:S:40765013;Station Barneveld Centrum;Barneveld;115,4;94,8;34,7;31,3;17,9;18,2
NL:S:40765015;Vliegersvelderlaan;Barneveld;6,2;6,0;0,8;1,2;0,8;0,3
NL:S:40765017;Van Wijnbergenlaan;Barneveld;1,9;2,3;0,7;0,5;0,4;0,4
NL:S:40765023;Torenplein;Barneveld;0,2;0,2;0,1;0,1;0,0;0,0
NL:S:40765029;Narcissenstraat;Barneveld;1,0;0,7;0,1;0,1;0,0;0,0
NL:S:40765031;Begraafplaats De Plantage;Barneveld;0,5;0,5;0,0;0,0;0,0;0,0
NL:S:40765041;Nijkerkerweg;Barneveld;1,0;0,8;0,0;0,0;0,0;0,0
NL:S:40765045;Evenementenhal;Barneveld;0,5;0,7;0,0;0,0;0,0;0,0
NL:S:40765047;Troelstralaan;Barneveld;0,9;1,2;0,0;0,0;0,0;0,0
NL:S:40765055;De Meerwaarde;Barneveld;0,2;0,4;0,0;0,0;0,0;0,0
NL:S:40765061;Churchillstraat;Barneveld;0,1;0,2;0,0;0,2;0,0;0,0
NL:S:40765068;Nieuwe Markt;Barneveld;0,1;0,1;0,2;0,1;0,0;0,0
NL:S:40765073;Vellerselaan;Barneveld;0,1;0,1;0,0;0,0;0,0;0,0
NL:S:40779002;Het Aardhuis;Hoog Soeren;1,5;4,0;0,7;1,5;0,3;0,6
NL:S:40779003;Oranjeoord;Hoog Soeren;0,7;0,7;0,5;0,8;0,3;0,3
NL:S:40783001;Kruispunt;Nieuw Millingen;11,5;13,5;8,6;9,7;6,9;5,7
NL:S:40783003;Kon. Luchtmacht;Nieuw Milligen;1,7;1,7;0,2;0,5;0,2;0,4
NL:S:40783005;Ouwendorperweg;Nieuw Milligen;2,1;1,6;0,4;0,6;0,3;0,1
NL:S:40783010;Bos en Heide;Nieuw Milligen;1,9;1,5;0,0;0,0;0,0;0,0
NL:S:40783011;Meerveld;Nieuw Milligen;2,5;3,5;0,0;0,1;0,0;0,0
NL:S:40800325;Stationsstraat;Veenendaal;0,1;0,4;0,1;0,2;0,0;0,0
NL:S:40800390;De Grote Pekken;Veenendaal;14,5;13,9;3,9;3,6;2,4;2,4
NL:S:40800410;Rembrandtpark;Veenendaal;5,1;4,5;0,9;0,9;0,0;0,0
NL:S:40800430;Rossiniweg;Veenendaal;3,0;2,3;0,3;0,4;0,0;0,0
NL:S:40800440;Jan Vermeerstraat;Veenendaal;1,4;3,1;0,4;0,9;0,0;0,0
NL:S:40800470;Station West;Veenendaal;6,2;5,2;1,6;1,6;0,0;0,0
NL:S:40800490;Boekvink;Veenendaal;5,7;5,0;1,1;0,9;0,0;0,0
NL:S:40800510;Tuinfluiter;Veenendaal;3,4;2,7;0,4;0,3;0,0;0,0
NL:S:40800610;Spitsbergenweg;Veenendaal;10,1;9,8;3,0;2,5;1,4;1,6
NL:S:40800630;De Meent;Veenendaal;10,8;9,9;1,5;1,4;1,0;0,6
NL:S:40800700;'t Kofschip;Veenendaal;3,5;3,0;0,5;0,6;0,0;0,0
NL:S:40800820;Zwaaiplein;Veenendaal;1,0;0,6;0,6;0,6;0,0;0,0
NL:S:40800910;Arsenaal;Veenendaal;1,9;2,2;0,4;0,2;0,0;0,0
NL:S:40800930;Kazemat;Veenendaal;0,7;1,0;0,2;0,2;0,0;0,0
NL:S:40800960;Händellaan;Veenendaal;1,9;1,8;0,4;1,0;0,0;0,0
NL:S:40800980;Smetanadreef;Veenendaal;3,0;2,8;0,6;0,6;0,0;0,0
NL:S:40801300;Landjuweel;Veenendaal;4,0;5,1;1,2;2,4;0,0;0,0
NL:S:40801320;Klovenier;Veenendaal;1,8;2,5;0,2;0,2;0,0;0,0
NL:S:40801350;De Schutterij;Veenendaal;2,6;3,0;0,6;1,0;0,0;0,0
NL:S:40801410;Regge;Veenendaal;4,0;3,2;0,3;0,8;0,0;0,0
NL:S:40801470;Stat. Centrum/Kerkewijk;Veenendaal;5,3;40,1;1,5;7,8;0,0;0,0
NL:S:40801510;Munnikenweg;Veenendaal;7,5;7,1;0,8;0,9;0,0;0,0
NL:S:40801540;Stat. Centrum/Rembrandtlaan;Veenendaal;1,3;1,0;0,1;0,3;0,0;0,0
NL:S:40802001;Heuvelsesteeg;Overberg;0,4;0,4;0,0;0,1;0,0;0,0
NL:S:40802003;Bergweg;Overberg;0,0;0,1;0,0;0,1;0,0;0,0
NL:S:40802005;De Ossenberg;Overberg;0,2;0,1;0,2;0,1;0,0;0,0
NL:S:40802007;Rijksinrichting de Overberg;Overberg;0,0;0,0;0,0;0,0;0,0;0,0
NL:S:40802009;Driesprong;Overberg;0,1;0,1;0,1;0,0;0,0;0,0
NL:S:40802011;Slaperdijk;Overberg;0,0;0,0;0,0;0,0;0,0;0,0
NL:S:40802014;Haarweg School;Overberg;0,1;0,1;0,0;0,0;0,0;0,0
NL:S:40802016;Haspel;Overberg;0,0;0,0;0,0;0,0;0,0;0,0
NL:S:40802018;Overweg;Overberg;0,0;0,0;0,0;0,0;0,0;0,0
NL:S:40805005;Prins Clauslaan;Veenendaal;10,8;9,1;2,6;2,4;2,1;2,7
NL:S:40805007;Sirius;Veenendaal;27,4;23,2;6,0;4,7;4,6;4,3
NL:S:40805015;Van Veldekelaan;Veenendaal;0,1;0,1;0,0;0,0;0,0;0,0
NL:S:40805017;Station West;Veenendaal;0,5;0,6;0,2;0,4;0,0;0,0
NL:S:40805027;Politiebureau;Veenendaal;35,3;38,1;14,3;16,0;7,2;6,7
NL:S:40805037;'t Boveneind;Veenendaal;0,1;0,1;0,0;0,1;0,0;0,0
NL:S:40805120;Stat. Centrum/Plein;Veenendaal;76,0;28,3;15,1;5,1;11,2;8,2
NL:S:40806010;Centrum/ Wolweg;Veenendaal;0,9;0,5;0,3;0,4;0,0;0,0
NL:S:40829001;De Rusthoeve;Koudhoorn;1,3;1,5;0,7;0,5;0,4;0,3
NL:S:40829003;Mooi Veluwe;Koudhoorn;5,5;5,4;4,9;4,4;3,6;2,6
NL:S:40829005;Landgoed Groot Spriel;Koudhoorn;0,1;0,2;0,1;0,2;0,0;0,1
NL:S:40829007;School Schovenhorst;Koudhoorn;0,3;0,3;0,4;0,4;0,2;0,1
NL:S:40829010;Landgoed Schovenhorst;Koudhoorn;0,8;0,7;0,3;0,4;0,4;0,3
NL:S:40885006;Openbare Basisschool;Oeken;0,3;0,3;0,0;0,0;0,0;0,0
NL:S:40887001;Garderenseweg;Uddel;0,5;0,7;0,0;0,0;0,0;0,0
NL:S:40887003;Cafe Uddelermeer;Uddel;2,9;3,4;2,3;2,4;0,7;0,6
NL:S:40887005;Bleeke Hoeve;Uddel;2,2;2,8;0,6;0,9;0,4;0,3
NL:S:40887007;Uttilochweg;Uddel;26,3;23,4;5,1;4,2;0,5;0,3
NL:S:40887009;Markveldweg;Uddel;16,8;14,6;1,9;1,8;0,4;0,3
NL:S:40887012;Noord Riezen;Uddel;0,3;0,4;0,3;0,5;0,0;0,0
NL:S:40982002;Hooiweg/Middenweg;Elspeet;0,6;0,7;0,0;0,0;0,0;0,0
NL:S:40982003;Veenweg;Elspeet;2,7;2,0;0,0;0,0;0,0;0,0
NL:S:40982005;Gerrit Mouwweg;Elspeet;2,5;2,3;0,1;0,0;0,1;0,0
NL:S:40982007;Centrum;Elspeet;35,2;33,2;7,4;6,5;0,5;0,4
NL:S:40982009;Kleine Kolonieweg;Elspeet;3,0;3,1;0,9;0,8;0,2;0,1
NL:S:40982011;Bosrand;Elspeet;0,6;0,9;0,5;0,2;0,0;0,0
NL:S:40982021;Landgoed Noorderheide;Elspeet;0,1;0,1;0,1;0,3;0,0;0,0
NL:S:40982025;Sluiterweg;Elspeet;4,2;4,9;1,1;1,5;0,1;0,1
NL:S:40982027;Vierhouterweg;Elspeet;8,8;8,0;3,2;3,3;0,3;0,5
NL:S:41220010;Avegoor;Ellecom;2,3;3,4;1,5;2,1;0,5;0,6
NL:S:41220030;Oprijlaan Middachten;De Steeg;0,4;0,7;0,2;0,3;0,1;0,1
NL:S:41220050;Smidsallee;De Steeg;1,0;1,1;0,6;0,5;0,3;0,2
NL:S:41220070;Brantsenpark;De Steeg;13,5;12,7;7,1;8,0;2,6;2,3
NL:S:41220090;Viaduct;De Steeg;1,2;1,1;0,3;0,3;0,1;0,1
NL:S:41220110;Rozenbos;Rheden;1,7;1,7;0,9;1,2;0,2;0,2
NL:S:41220130;Pinkelseweg;Rheden;0,6;0,9;0,3;0,6;0,2;0,2
NL:S:41220150;Groenestraat;Rheden;12,4;11,5;8,7;7,8;3,2;2,8
NL:S:41220170;Holtbankseweg;Rheden;2,5;3,8;1,1;2,3;0,6;0,7
NL:S:41220190;Rhederhof;Rheden;7,2;7,5;5,3;6,7;2,5;2,1
NL:S:41320111;Station Dieren;Dieren;69,3;65,3;27,5;26,5;11,0;9,2
NL:S:41320150;Hofstetten;Ellecom;2,3;1,9;1,4;1,7;0,3;0,5
NL:S:41320170;Dorp;Ellecom;7,0;6,5;3,4;4,1;1,7;1,6
NL:S:41321420;Callunaplein;Dieren;15,6;16,2;6,8;7,3;1,5;1,8
NL:S:41327005;Rode Kruislaan;Dieren;11,8;11,8;4,4;4,0;1,3;1,2
NL:S:41327007;Geitenbergweg;Dieren;17,5;15,0;6,8;7,3;2,2;2,9
NL:S:41327009;Crematorium;Dieren;5,4;4,9;2,2;2,1;0,8;0,7
NL:S:41327011;Cederlaan;Dieren;12,3;13,2;6,8;7,3;2,6;2,4
NL:S:41448023;Hazenberg;Brummen;0,0;0,1;0,0;0,0;0,0;0,0
NL:S:41448027;Arnhemsestraat;Leuvenheim;0,4;0,2;0,0;0,1;0,0;0,0
NL:S:41448031;Hoofdstraat;Leuvenheim;0,1;0,1;0,1;0,1;0,0;0,0
NL:S:41448033;School;Leuvenheim;0,0;0,0;0,0;0,0;0,0;0,0
NL:S:41448035;Spankerenseweg;Leuvenheim;0,0;0,0;0,0;0,0;0,0;0,0
NL:S:41448037;Het Bret;Brummen;0,0;0,0;0,0;0,0;0,0;0,0
NL:S:41448039;De Pothof;Brummen;0,0;0,0;0,0;0,0;0,0;0,0
NL:S:41448043;Tolzicht;Brummen;0,0;0,0;0,0;0,0;0,0;0,0
NL:S:41448045;Centrum;Brummen;0,8;0,7;0,2;0,2;0,0;0,0
NL:S:41448047;Cortenoeverseweg;Brummen;0,2;0,1;0,1;0,0;0,0;0,0
NL:S:41448049;Kampweg;Brummen;2,2;1,8;0,7;0,4;0,0;0,0
NL:S:41448051;Meengatstraat;Brummen;0,2;0,3;0,1;0,2;0,0;0,0
NL:S:41448053;Berkelder;Brummen;0,2;0,3;0,1;0,1;0,0;0,0
NL:S:41448055;Elzenbosweg;Brummen;0,9;0,9;0,5;0,5;0,0;0,0
NL:S:41448057;Michaelshoeve;Brummen;0,7;0,7;0,1;0,0;0,0;0,0
NL:S:41448061;Station;Brummen;3,5;2,8;0,2;0,1;0,0;0,0
NL:S:41448066;De Hulsthoeve;Brummen;0,0;0,1;0,0;0,0;0,0;0,0
NL:S:41448072;Plein Vijf;Brummen;0,0;0,1;0,0;0,0;0,0;0,0
NL:S:41448074;Tuinstraat;Brummen;0,0;0,1;0,0;0,0;0,0;0,0
NL:S:41448077;Gemeentehuis;Brummen;0,0;0,0;0,0;0,0;0,0;0,0
NL:S:41448079;Reuvershoeve;Brummen;0,1;0,1;0,0;0,0;0,0;0,0
NL:S:41601073;Drostendijk;Apeldoorn;0,0;0,0;0,0;0,0;0,0;0,0
NL:S:41607001;Woudweg;Teuge;0,0;0,0;0,0;0,0;0,0;0,0
NL:S:41607003;De Wacht;Teuge;0,1;0,1;0,0;0,0;0,0;0,0
NL:S:41607011;'t Wezeveld;Twello;0,0;0,0;0,0;0,0;0,0;0,0
NL:S:41607013;Rijksstraatweg;Teuge;0,0;0,0;0,0;0,0;0,0;0,0
NL:S:41635003;Broekstraat;Klarenbeek;0,1;0,2;0,0;0,0;0,0;0,0
NL:S:41635011;Elsbosweg;Klarenbeek;0,3;0,2;0,1;0,1;0,0;0,0
NL:S:41640170;Busstation;Zutphen;8,8;8,7;2,4;2,5;0,0;0,0
NL:S:41648003;IJsselbrug;Zutphen (Hoven);0,1;0,2;0,0;0,2;0,0;0,0
NL:S:41648005;Achterhoven;Zutphen (Hoven);0,1;0,2;0,0;0,0;0,0;0,0
NL:S:41665001;Station;Klarenbeek;0,8;0,4;0,5;0,2;0,0;0,0
NL:S:41668005;Thermen Bussloo;Bussloo;1,7;1,4;1,6;1,1;1,4;1,5
NL:S:41670002;Ecofactorij;Apeldoorn;0,1;0,1;0,0;0,0;0,0;0,0
NL:S:41676030;IJsseldijk;Apeldoorn;0,2;0,2;0,0;0,0;0,0;0,0
NL:S:41676058;Wilp Achterhoek;Wilp-Achterhoek;0,1;0,2;0,0;0,0;0,0;0,0
NL:S:41706001;Station;Twello;12,3;11,0;1,4;2,1;2,0;1,6
NL:S:41706003;Gemeentehuis;Twello;0,9;0,9;0,0;0,0;0,0;0,0
NL:S:41706005;M. de Ruyterstraat;Twello;0,1;0,1;0,0;0,0;0,0;0,0
NL:S:41706007;Piet Heinstraat;Twello;0,1;0,2;0,0;0,1;0,0;0,0
NL:S:41706009;Troelstralaan;Twello;0,5;0,6;0,1;0,1;0,0;0,0
NL:S:41706011;Beethovenlaan;Twello;0,1;0,1;0,0;0,0;0,0;0,0
NL:S:41706014;Bachstraat;Twello;0,1;0,1;0,0;0,0;0,0;0,0
NL:S:41706018;Molenstraat;Twello;0,0;0,0;0,0;0,0;0,0;0,0
NL:S:41706020;Oude Rijksstraatweg;Twello;0,1;0,0;0,0;0,0;0,0;0,0
NL:S:41706021;Lindelaan;Twello;0,1;0,1;0,0;0,0;0,0;0,0
NL:S:41706023;Overmars;Twello;0,0;0,0;0,0;0,0;0,0;0,0
NL:S:41706025;Terwoldseweg;Twello;0,0;0,1;0,0;0,0;0,0;0,0
NL:S:41706027;Stationsstraat;Twello;0,0;0,1;0,0;0,0;0,0;0,0
NL:S:41706029;Burg. van der Feltzweg;Twello;0,1;0,1;0,0;0,0;0,0;0,0
NL:S:41706031;Oude Binnenweg;Twello;0,1;0,1;0,0;0,0;0,0;0,0
NL:S:41706033;Holthuizerstraat;Twello;0,9;1,1;0,0;0,0;0,0;0,0
NL:S:41706035;Het Grotenhuis;Twello;0,0;0,2;0,0;0,0;0,0;0,0
NL:S:41706037;Derk Brouwerstraat;Twello;0,2;0,2;0,0;0,0;0,0;0,0
NL:S:41706039;Stinzenlaan;Twello;0,1;0,1;0,0;0,0;0,0;0,0
NL:S:41706051;Engelenburgstraat;Twello;0,2;0,5;0,0;0,0;0,0;0,0
NL:S:41706053;Martinushof;Twello;0,2;0,4;0,0;0,1;0,0;0,0
NL:S:41707003;Wilpsedijk;Steenenkamer;0,2;0,3;0,0;0,0;0,0;0,0
NL:S:41710001;Begraafplaats;Wilp;0,1;0,1;0,0;0,0;0,0;0,0
NL:S:41710003;De Lathmer;Wilp;0,6;0,7;0,4;0,3;0,3;0,2
NL:S:41710005;Molenallee;Wilp;1,1;1,2;0,2;0,2;0,1;0,1
NL:S:41710009;Roggencampweg;Wilp;0,3;0,7;0,1;0,3;0,0;0,1
NL:S:41716001;Wilper Korenmolen;Posterenk;0,3;0,3;0,1;0,0;0,0;0,0
NL:S:41718001;Bussloselaan;Bussloo;0,5;0,4;0,0;0,2;0,0;0,0
NL:S:41718002;De Nieuwenhof;Gietelo;0,4;0,4;0,3;0,2;0,0;0,1
NL:S:41761001;Klarenbeekseweg;Voorst;0,0;0,1;0,0;0,1;0,0;0,0
NL:S:41761003;Huize Enkstein;Voorst;1,0;1,3;0,3;0,1;0,0;0,0
NL:S:41761005;Huize de Beele;Voorst;0,2;0,3;0,0;0,0;0,0;0,0
NL:S:41761007;Station Voorst-Empe;Voorst;4,5;3,6;0,9;0,7;0,4;0,4
NL:S:46000170;Molenweg;Zwolle;0,2;0,1;0,0;0,0;0,0;0,0
NL:S:46000570;Dokter Hengeveldweg;Zwolle;0,2;0,0;0,0;0,0;0,0;0,0
NL:S:46001560;Isala ziekenhuis;Zwolle;0,2;0,0;0,0;0,0;0,0;0,0
NL:S:46001710;van Karnebeektunnel;Zwolle;0,0;0,1;0,0;0,0;0,0;0,0
NL:S:46003240;Herenweg;Zwolle;0,0;0,0;0,0;0,0;0,0;0,0
NL:S:46004007;Station;Zwolle;832,8;750,5;195,6;172,9;121,8;127,0
NL:S:46004530;Stadion;Zwolle;0,2;0,1;0,0;0,0;0,0;0,0
NL:S:46004670;Deltion Campus;Zwolle;1,0;16,6;0,0;0,0;0,0;0,0
NL:S:46006110;Hortensiastraat;Zwolle;0,0;0,0;0,0;0,0;0,0;0,0
NL:S:46100040;Katerdijk;zwolle;63,9;130,3;0,0;0,0;0,0;0,0
NL:S:46104001;Het Engelse Werk;Zwolle;8,7;9,3;4,7;5,9;2,9;3,8
NL:S:46104003;Oranje Nassaulaan;Zwolle;16,1;34,4;0,0;0,0;0,0;0,0
NL:S:46104005;Koningin Wilhelminastraat;Zwolle;17,8;19,5;0,0;0,0;0,0;0,0
NL:S:46104021;Katwolderplein/centrum;Zwolle;221,7;172,2;117,1;116,5;58,0;54,3
NL:S:46104027;Voorsterpoort;Zwolle;30,1;32,7;0,0;0,0;0,0;0,0
NL:S:47151001;Centrum;Hattemerbroek;10,6;10,7;3,9;4,1;2,1;2,2
NL:S:47155001;Pompstation;Hattem;6,9;8,4;4,6;4,9;3,2;3,7
NL:S:47155003;Zuid;Hattem;26,3;26,9;11,3;12,6;6,8;8,1
NL:S:47155005;Centrum;Hattem;36,8;38,3;24,9;25,0;13,1;11,0
NL:S:47155007;Noord;Hattem;43,2;43,9;24,4;21,9;14,0;13,4
NL:S:47155009;IJsselbrug;Hattem;4,8;5,6;2,8;2,4;1,1;1,6
NL:S:47155037;Carpoolplaats A50;Hattem;3,5;4,0;0,0;0,0;0,0;0,0
NL:S:47210003;Cafe Rest. Coelenhage;Wezep;18,9;20,7;8,5;8,8;4,1;3,7
NL:S:47210005;Veluwelaan;Wezep;34,3;31,4;11,2;9,9;6,1;6,6
NL:S:47210007;W. de Zwijgerkazerne;Hattemerbroek;14,0;16,0;6,6;6,6;3,3;2,8
NL:S:47210009;A28/IJsselvliedt;Wezep;3,9;4,4;0,0;0,0;0,0;0,0
NL:S:47210011;Begraafplaats;Wezep;0,1;0,2;0,0;0,0;0,0;0,0
NL:S:47210013;Meidoornplein;Wezep;0,4;0,5;0,0;0,0;0,0;0,0
NL:S:47210015;Station;Wezep;3,1;2,9;0,3;0,2;0,0;0,0
NL:S:47254001;Nachtegaalweg;Wapenveld;44,8;43,6;18,7;18,7;12,0;12,5
NL:S:47254003;Molenweg;Wapenveld;34,1;34,2;17,0;15,6;8,3;8,4
NL:S:47254005;Parkweg;Wapenveld;8,8;9,1;4,5;4,4;2,6;2,8
NL:S:47254007;Ir R.R. v/d Zeelaan;Wapenveld;2,7;3,6;0,6;1,4;0,5;0,6
NL:S:47310010;Begraafplaats;Oosterwolde;0,0;0,0;0,0;0,0;0,0;0,0
NL:S:47312001;Mulligenweg;'t Loo;0,0;0,0;0,0;0,0;0,0;0,0
NL:S:47312003;Putstraat;t Loo;0,2;0,3;0,0;0,0;0,0;0,0
NL:S:47312005;Landal Landgoed 't Loo;'t Loo;0,5;0,6;0,0;0,0;0,0;0,0
NL:S:47312008;Harm Aartsweg;'t Loo;0,1;0,1;0,0;0,0;0,0;0,0
NL:S:47312009;Sportlaan;t Loo;0,0;0,0;0,0;0,0;0,0;0,0
NL:S:47312011;D'olde Dreiput;t Loo;0,1;0,1;0,0;0,0;0,0;0,0
NL:S:47319001;Rustenburgsweg;Oldebroek;14,9;14,9;3,4;3,6;1,4;1,8
NL:S:47319003;Centrum;Oldebroek;48,8;48,0;15,5;15,4;7,9;6,9
NL:S:47319005;Cafe 't Wissel;Oldebroek;16,2;17,4;3,7;4,0;1,5;1,8
NL:S:47319007;Verlengde Looweg;Oldebroek;9,5;9,0;2,0;2,2;1,1;0,9
NL:S:47319009;Hogenbrinkweg;Oldebroek;6,9;7,2;2,6;2,9;0,8;0,9
NL:S:47319011;De Molen;Oldebroek;5,6;5,3;1,4;1,0;0,2;0,3
NL:S:47319013;De Hullen;Oldebroek;0,3;0,2;0,0;0,0;0,0;0,0
NL:S:47319015;Gemeentehuis;Oldebroek;0,2;0,2;0,0;0,0;0,0;0,0
NL:S:47319017;Boerderijmuseum;Oldebroek;0,1;0,2;0,0;0,0;0,0;0,0
NL:S:47319173;Schiksweg;Oosterwolde;0,1;0,1;0,0;0,0;0,0;0,0
NL:S:47319990;Centrum;Oosterwolde;0,0;0,0;0,0;0,0;0,0;0,0
NL:S:47350001;Zwolseweg;Heerde;14,3;16,1;5,1;7,0;2,6;3,1
NL:S:47353011;Dreefseweg/Isala;Heerde;17,9;18,8;5,5;6,4;3,2;5,2
NL:S:47366999;Dorp;Vorchten;0,1;0,1;0,0;0,0;0,0;0,0
NL:S:47369001;Kerkstraat;Veessen;0,0;0,3;0,0;0,1;0,0;0,0
NL:S:47369003;IJsseldijk;Veessen;0,0;0,1;0,0;0,0;0,0;0,0
NL:S:47369005;De Zaaier;Veessen;0,2;0,1;0,0;0,0;0,0;0,0
NL:S:47369007;Zijmarsweg;Veessen;0,0;0,0;0,0;0,0;0,0;0,0
NL:S:47369011;Ned. Herv. Kerk;Veessen;0,5;0,1;0,1;0,0;0,0;0,0
NL:S:47369015;Kloosterakkers;Veessen;0,1;0,0;0,0;0,0;0,0;0,0
NL:S:47369020;Veerweg;Veessen;0,0;0,0;0,0;0,0;0,0;0,0
NL:S:47413001;Dorpshuis;Hoge Enk;0,5;0,3;0,0;0,0;0,0;0,0
NL:S:47417003;Begraafplaats;Doornspijk;4,1;4,3;0,8;0,7;0,2;0,3
NL:S:47418001;Molendorp;Elburg;14,2;14,2;4,8;5,2;2,6;2,6
NL:S:47418003;Het Nieuwe Feithenhof;Elburg;7,2;6,2;3,0;2,0;1,4;1,0
NL:S:47418005;Centrum;Elburg;36,0;34,3;17,4;16,6;6,7;5,8
NL:S:47418007;Hellenbeekstraat;Elburg;55,1;48,4;15,5;14,9;6,7;6,7
NL:S:47418009;Coragestraat;Elburg;35,1;37,8;9,5;9,6;3,7;3,9
NL:S:47418011;Klaverplein;Elburg;20,3;21,1;5,4;5,8;3,5;3,4
NL:S:47418013;Zilverschoon;Elburg;42,3;41,0;7,6;8,6;4,2;4,0
NL:S:47418021;Eperweg;Elburg;8,2;8,7;1,5;1,5;0,2;0,2
NL:S:47453003;Wendhorst;Heerde;39,0;38,2;9,7;10,1;7,4;6,1
NL:S:47453005;Brinklaan;Heerde;87,9;82,9;29,3;27,4;15,4;11,8
NL:S:47453007;Centrum Groene Hart;Heerde;0,2;0,2;0,1;0,1;0,0;0,0
NL:S:47453013;Molenkampweg;Heerde;54,2;59,0;18,1;20,0;9,8;11,4
NL:S:47453017;Ingang Wendhorst;Heerde;0,1;0,0;0,0;0,0;0,0;0,0
NL:S:47453020;Keuterstraat;Heerde;0,2;0,2;0,0;0,0;0,0;0,0
NL:S:47453029;Heerderstrand;Heerde;0,0;0,1;0,1;0,0;0,0;0,0
NL:S:47453053;Transferium Horsthoek;Heerde;22,9;23,1;8,0;9,2;6,6;6,3
NL:S:47516015;Elburgerweg;Nunspeet;17,2;17,7;4,6;4,4;2,0;1,5
NL:S:47517001;Centrum;Doornspijk;19,6;19,2;6,4;6,7;2,0;2,4
NL:S:47552005;Centrum;Epe;137,3;118,5;50,2;45,8;28,7;22,6
NL:S:47552009;Diepenweg;Epe;0,1;0,3;0,0;0,0;0,0;0,0
NL:S:47552011;Hammerstraat;Epe;0,0;0,1;0,0;0,0;0,0;0,0
NL:S:47552013;Sportpark;Epe;0,8;0,5;0,0;0,0;0,0;0,0
NL:S:47552015;Apeldoorns Kanaal;Epe;0,3;0,5;0,0;0,0;0,0;0,0
NL:S:47552017;Politiebureau;Epe;12,5;13,8;6,5;7,4;4,6;4,9
NL:S:47552019;Sint Jorisweg;Epe;9,3;27,8;3,3;11,4;2,2;5,3
NL:S:47552021;Lohuizerweg ;Epe;12,5;14,3;3,7;3,4;2,6;2,2
NL:S:47552023;Klaarbeek;Epe;96,6;94,4;30,9;30,2;25,5;20,6
NL:S:47561001;Station;t Harde;3,1;1,7;0,0;0,0;0,0;0,0
NL:S:47561003;Centrum;t Harde;0,1;0,1;0,0;0,0;0,0;0,0
NL:S:47561005;Sportlaan;t Harde;0,4;0,5;0,0;0,0;0,0;0,0
NL:S:47561007;Munnikenweg;t Harde;0,6;0,7;0,0;0,0;0,0;0,0
NL:S:47561009;De Hokseberg;t Harde;0,1;0,5;0,0;0,0;0,0;0,0
NL:S:47616001;Vreeweg;Nunspeet;4,5;3,9;1,4;0,9;0,4;0,4
NL:S:47616005;Berenbosweg;Nunspeet;0,6;0,4;0,2;0,1;0,0;0,0
NL:S:47616007;Station;Nunspeet;127,0;121,8;54,3;44,0;17,6;18,0
NL:S:47616009;Centrum;Nunspeet;22,9;24,3;11,7;15,5;2,6;2,6
NL:S:47616013;Oenenburgweg;Nunspeet;13,1;12,6;3,8;3,2;1,5;1,4
NL:S:47616019;Elspeterweg;Nunspeet;0,9;2,1;0,1;0,5;0,0;0,4
NL:S:47616022;Camping de Tol;Nunspeet;0,3;0,3;0,2;0,2;0,0;0,0
NL:S:47616025;Gemeentehuis;Nunspeet;0,2;1,5;0,1;1,6;0,0;0,1
NL:S:47616027;Verzorgingstehuis Bunterhoek;Nunspeet;1,0;1,6;0,2;0,3;0,1;0,1
NL:S:47616029;De Bunte;Nunspeet;2,7;3,2;0,4;0,2;0,1;0,1
NL:S:47616031;'t Hul;Nunspeet;0,6;0,9;0,1;0,4;0,0;0,2
NL:S:47616041;Waterweg;Nunspeet;4,2;3,6;0,8;0,8;0,4;0,2
NL:S:47616043;Oosterlaan;Nunspeet;8,6;8,9;1,8;2,0;0,7;0,6
NL:S:47616045;De Sparrenhorst;Nunspeet;1,5;1,7;1,3;1,0;0,5;0,6
NL:S:47616047;Gruppendelerweg;Nunspeet;1,0;1,0;0,0;0,2;0,1;0,3
NL:S:47625001;Boshoekerweg;Oene;0,4;0,3;0,0;0,0;0,0;0,0
NL:S:47625003;Dorpsstraat;Oene;4,5;4,4;0,1;0,1;0,1;0,1
NL:S:47625005;Kuiperkampseweg;Oene;0,1;0,1;0,1;0,0;0,0;0,0
NL:S:47641000;Station;Deventer;6,4;6,2;0,0;0,0;0,0;0,0
NL:S:47650001;Vaassen-Zuid;Vaassen;115,0;112,6;52,2;52,9;26,4;28,1
NL:S:47650003;Oosterhof;Vaassen;53,4;53,7;22,8;24,0;12,8;14,0
NL:S:47650006;Centrum;Vaassen;43,0;43,0;21,9;23,5;13,3;12,1
NL:S:47650007;Vaassen-Noord;Vaassen;15,2;13,8;6,6;7,2;5,0;3,7
NL:S:47651001;Handelsebrug;Emst;12,0;13,8;3,3;3,4;1,8;2,0
NL:S:47651003;Hezeplein;Emst;22,2;21,3;7,9;9,0;5,8;4,3
NL:S:47651005;Oranjeweg;Emst;11,2;10,0;3,4;3,8;2,8;2,1
NL:S:47713001;Landgoed Hulshorst;Hulshorst;2,0;1,7;2,7;2,0;1,2;0,7
NL:S:47713003;Oudeweg;Hulshorst;3,2;4,2;2,5;3,9;1,8;2,1
NL:S:47713005;Varelseweg;Hulshorst;3,1;3,1;1,5;1,2;0,6;0,6
NL:S:47713007;School Hulshorst;Hulshorst;1,9;2,2;0,8;0,7;0,6;0,4
NL:S:47713009;Onder de Bos;Hulshorst;2,3;2,5;0,2;0,4;0,2;0,1
NL:S:47724001;Dorpsplein;Nijbroek;1,2;1,3;0,1;0,2;0,0;0,0
NL:S:47730001;Emstermate;Terwolde;0,2;0,2;0,0;0,0;0,0;0,0
NL:S:47730003;Twelloseweg;Terwolde;0,9;0,9;0,1;0,0;0,0;0,0
NL:S:47730005;Molenweg;Terwolde;3,7;3,4;0,1;0,0;0,0;0,1
NL:S:47730007;Molen De Ooievaar;Terwolde;0,5;0,4;0,0;0,0;0,0;0,0
NL:S:47786023;Halfweg;Nunspeet;4,0;5,3;2,0;1,5;0,3;0,3
NL:S:47788004;De Mallejan;Vierhouten;1,1;1,9;1,5;1,9;0,2;0,1
NL:S:47888001;Centrum;Vierhouten;7,4;7,5;4,9;5,8;1,7;0,9
NL:S:47888005;Noordkampen;Vierhouten;0,9;1,5;0,7;0,7;0,0;0,6
NL:S:47888007;'t Frusselt;Vierhouten;0,7;0,9;0,6;0,9;0,2;0,1
NL:S:47888009;Elspeterbosweg;Vierhouten;0,6;0,7;0,3;0,3;0,0;0,0
NL:S:47892001;Schouwburg/Centrum;Deventer;0,3;0,2;0,0;0,0;0,0;0,0
NL:S:47894001;Buitensocieteit;De Worp;0,5;0,5;0,0;0,0;0,0;0,0
NL:S:47894003;Spaarpotstraat;De Worp;0,4;0,6;0,0;0,0;0,0;0,0
NL:S:47899007;Boreelkazerne;Deventer;1,2;2,1;0,0;0,0;0,0;0,0
NL:S:49610015;Fokko Kortlanglaan;Ermelo;4,9;5,5;1,5;1,5;1,0;0,6
NL:S:49610021;Bouw en Infrapark;Harderwijk;1,0;1,7;0,0;0,0;0,0;0,0
NL:S:49610030;Wattstraat;Harderwijk;0,5;1,2;0,1;0,2;0,1;0,1
NL:S:49613001;Station;Harderwijk;227,9;203,4;74,2;59,0;35,8;30,2
NL:S:49613003;Ziekenhuis Sint Jansdal;Harderwijk;14,7;13,9;4,6;4,4;1,5;1,4
NL:S:49613010;Selhorstweg;Harderwijk;11,9;10,9;3,3;3,7;1,9;1,3
NL:S:49613011;Alberdingk Thijmlaan;Harderwijk;2,0;2,5;0,4;0,5;0,0;0,3
NL:S:49613017;Mecklenburglaan;Harderwijk;11,6;14,6;1,1;1,5;0,6;1,0
NL:S:49613019;Voorste Wei;Harderwijk;0,3;0,4;0,0;0,0;0,0;0,0
NL:S:49613021;Stadswei;Harderwijk;1,0;1,3;0,7;1,1;0,4;0,4
NL:S:49613023;Couperuslaan;Harderwijk;1,2;1,6;0,0;0,0;0,0;0,0
NL:S:49613025;RK Kerk;Harderwijk;0,7;1,1;0,0;0,2;0,0;0,1
NL:S:49613027;Deventerweg;Harderwijk;5,0;6,3;0,1;0,1;0,2;0,1
NL:S:49613029;Hotel Van der Valk;Harderwijk;1,5;2,1;0,0;0,0;0,0;0,0
NL:S:49613033;Salentijnerhout;Harderwijk;7,9;7,8;2,6;2,9;1,9;1,4
NL:S:49613035;Triasplein;Harderwijk;21,6;20,6;8,8;9,0;4,0;3,2
NL:S:49613037;Ragtimedreef;Harderwijk;5,8;5,9;2,6;3,2;1,4;1,7
NL:S:49613039;IJsselmeerpad;Harderwijk;3,0;2,7;1,3;1,5;0,4;0,6
NL:S:49613041;De Roef;Harderwijk;4,3;4,7;2,0;2,1;0,4;0,4
NL:S:49613045;Anne Franklaan;Harderwijk;5,0;3,4;1,1;0,7;0,0;0,0
NL:S:49613047;De Aanleg;Harderwijk;0,4;1,0;0,1;0,1;0,0;0,0
NL:S:49613049;De Wittenhagen;Harderwijk;6,8;4,7;1,5;1,7;0,0;0,4
NL:S:49613051;Doornekamp;Harderwijk;0,8;1,0;0,8;0,3;0,3;0,1
NL:S:49613053;Frankenskamp;Harderwijk;1,4;1,7;0,2;0,6;0,0;0,1
NL:S:49613055;Karel Doormanlaan;Harderwijk;1,0;1,5;0,2;0,6;0,0;0,1
NL:S:49613057;Kiekmure;Harderwijk;11,4;8,9;3,1;3,1;0,0;0,5
NL:S:49613059;Lammertkamp;Harderwijk;0,3;0,5;0,1;0,1;0,0;0,0
NL:S:49613061;Hazelaarlaan;Harderwijk;2,7;0,7;0,1;0,2;0,0;0,0
NL:S:49613063;Tinnegieter;Harderwijk;4,1;3,3;2,0;1,6;0,1;0,2
NL:S:49613065;Veldkamp;Harderwijk;0,4;0,2;0,2;0,2;0,0;0,0
NL:S:49613067;Walstein;Harderwijk;3,2;3,3;0,5;1,4;0,1;0,2
NL:S:49613069;Welkoop;Harderwijk;2,7;3,0;1,9;1,8;0,0;0,2
NL:S:49613071;Zuiderzeestraatweg;Harderwijk;1,0;1,2;0,2;0,3;0,0;0,2
NL:S:49613075;Burg. de Meesterstraat;Harderwijk;9,2;6,8;3,3;1,9;1,2;1,7
NL:S:49613077;Dolfinarium;Harderwijk;12,1;11,5;7,8;7,0;3,8;3,3
NL:S:49613405;Plantage;Harderwijk;1,2;2,3;0,1;0,6;0,0;0,0
NL:S:49613407;Centrum;Harderwijk;10,6;17,5;5,6;12,3;0,2;1,5
NL:S:49613501;Westermeenweg;Harderwijk;8,0;12,7;2,1;3,1;0,8;1,7
NL:S:49619001;Buitenbrinkweg;Horst;0,1;0,0;0,0;0,0;0,0;0,0
NL:S:49712001;Grevenhofsweg;Hierden;1,0;1,1;0,4;0,5;0,2;0,2
NL:S:49712003;Molenweg;Hierden;11,3;11,2;6,2;6,4;5,6;5,3
NL:S:49712005;Wijtgraaf;Hierden;2,6;2,6;1,7;1,6;1,4;0,7
NL:S:49713084;Voltastraat;Harderwijk;2,7;3,0;0,6;0,9;0,1;0,1
NL:S:49713086;Celsiusstraat;Harderwijk;9,9;12,4;0,5;0,4;0,6;0,6
NL:S:49713088;Kelvinstraat;Harderwijk;5,4;6,6;0,1;0,4;0,0;0,0
NL:S:49720001;Sonneheerdt;Ermelo;27,0;25,7;1,4;1,7;1,0;0,9
NL:S:49720003;Hamburgerweg;Ermelo;25,8;23,9;9,8;9,1;5,8;5,0
NL:S:49720005;'t Weitje;Ermelo;17,7;17,2;4,6;4,5;3,0;2,9
NL:S:49720007;Eendenparkweg;Ermelo;6,6;7,7;1,9;2,0;0,4;0,4
NL:S:49720009;Nassaulaan;Ermelo;3,1;3,0;1,5;1,5;1,7;0,7
NL:S:49720011;Fazantlaan;Ermelo;1,8;2,1;0,8;0,9;0,6;0,2
NL:S:49720023;Varenhof;Ermelo;0,0;0,0;0,0;0,0;0,0;0,0
NL:S:49720027;Dirk Staalweg;Ermelo;4,0;6,6;1,7;2,6;0,7;1,1
NL:S:49720037;Station;Ermelo;4,0;2,9;0,8;0,5;0,0;0,0
NL:S:49720049;Lange Haeg;Ermelo;1,8;1,7;0,5;0,5;0,4;0,4
NL:S:49720051;Veldwijkerweg;Ermelo;5,2;5,1;1,4;1,8;0,9;1,3
NL:S:49720053;Dr. van Dalelaan;Ermelo;4,1;5,4;1,4;1,8;1,1;1,4
NL:S:49720055;Generaal Spoorkazerne;Ermelo;0,3;0,4;0,0;0,0;0,0;0,0
NL:S:49720057;Triade;Ermelo;0,3;0,1;0,2;0,1;0,0;0,0
NL:S:49720059;Gemeentehuis;Ermelo;0,1;0,1;0,1;0,0;0,0;0,0
NL:S:49720061;De Meerkanten;Ermelo;0,0;0,0;0,0;0,0;0,0;0,0
NL:S:49720150;Kolbaanweg;Ermelo;1,2;2,0;0,3;0,7;0,4;0,7
NL:S:49720170;Molenaarsplein;Ermelo;0,1;0,2;0,1;0,2;0,0;0,0
NL:S:49726005;Horsterhoeve;Horst;0,0;0,0;0,0;0,0;0,0;0,0
NL:S:49726007;Groot Horloo;Horst;0,2;0,2;0,0;0,0;0,0;0,0
NL:S:49726017;Zeeweg;Horst;0,3;0,3;0,2;0,3;0,0;0,0
NL:S:49783031;Sonnevanck;Harderwijk;0,5;0,6;0,1;0,0;0,0;0,0
NL:S:49787007;Ullerberg;Leuvenum;0,9;1,0;0,0;0,0;0,0;0,0
NL:S:49804001;Boshuis;Drie;0,1;0,1;0,0;0,2;0,0;0,0
NL:S:49804003;Schaapskooi;Drie;0,1;0,1;0,1;0,1;0,0;0,0
NL:S:49804005;Paalberg;Drie;0,0;0,0;0,0;0,0;0,0;0,0
NL:S:49805003;Kriemelberg;Drie;0,0;0,1;0,0;0,1;0,0;0,0
NL:S:49808001;Abri;Speuld;0,0;0,0;0,0;0,0;0,0;0,0
NL:S:49808003;Garderenseweg;Speuld;0,2;0,1;0,0;0,0;0,0;0,0
NL:S:49808005;Buurtweg;Speuld;0,1;0,1;0,0;0,0;0,0;0,0
NL:S:49808011;De Bosrand;Speuld;0,1;0,1;0,1;0,1;0,0;0,0
NL:S:49821001;Station;Putten;43,8;38,6;20,4;17,2;17,2;14,1
NL:S:49821003;Stationsstraat;Putten;1,4;1,4;0,6;0,7;0,4;0,3
NL:S:49821005;Oude Rijksweg;Putten;1,2;0,8;0,0;0,0;0,0;0,0
NL:S:49821007;Zuiderveldweg;Putten;4,0;4,6;1,4;1,6;1,6;1,5
NL:S:49821009;Brinkstraat;Putten;20,1;20,8;6,9;7,5;3,8;3,8
NL:S:49821011;Centrum;Putten;62,1;59,4;23,5;23,5;12,9;11,0
NL:S:49821013;Bosrand;Putten;3,6;2,9;1,5;1,3;1,4;0,6
NL:S:49821023;Bijsterenseweg;Putten;9,0;8,1;1,1;1,4;0,5;0,7
NL:S:49821025;Heihaas;Putten;6,1;6,5;3,5;3,2;1,6;0,8
NL:S:49821027;Dorpsstraat;Putten;17,3;17,2;7,1;6,8;3,2;4,0
NL:S:49821029;Kerkstraat;Putten;20,2;21,6;6,5;7,6;2,6;2,2
NL:S:49821037;Welkoop;Putten;15,4;14,4;2,4;2,3;0,7;1,0
NL:S:49887001;School;Leuvenum;0,1;0,1;0,0;0,0;0,0;0,0
NL:S:49887003;De Zwarte Boer;Leuvenum;0,7;0,8;0,1;0,3;0,1;0,1
NL:S:49887005;Het Roode Koper;Leuvenum;0,3;0,4;0,0;0,0;0,1;0,0
NL:S:49889001;Kasteel Staverden;Staverden;0,5;0,8;0,1;0,3;0,2;0,3
NL:S:49889003;Navobi;Staverden;0,4;0,4;0,0;0,0;0,0;0,0
NL:S:50420130;Snouckaertlaan;Amersfoort;0,2;2,0;0,0;0,7;0,0;0,8
NL:S:50420131;Centrum;Amersfoort;21,6;16,8;13,5;13,5;6,9;7,1
NL:S:50420351;Blekerseiland;Amersfoort;8,2;8,0;5,3;4,6;3,2;3,5
NL:S:50420511;Hendrik van Viandenstraat;Amersfoort;5,5;4,8;3,4;2,5;2,2;2,3
NL:S:50420540;De Kei;Amersfoort;12,9;10,6;7,5;8,8;4,9;4,9
NL:S:50420660;Station Schothorst;Amersfoort;44,8;37,0;15,9;13,4;10,0;9,6
NL:S:50420671;Oudegein;Amersfoort;3,1;1,6;0,0;0,0;0,0;0,0
NL:S:50420931;Silverstein;Amersfoort;0,3;0,3;0,0;0,0;0,0;0,0
NL:S:50420960;Paladijnenweg;Amersfoort;7,9;7,2;0,0;0,0;0,0;0,0
NL:S:50421210;Eemplein;Amersfoort;0,0;0,0;0,0;0,0;0,0;0,0
NL:S:50423010;Hoornbeeck/Van Lodenstein;Amersfoort;12,0;24,6;0,0;0,0;0,0;0,0
NL:S:50423020;GSG Arnhemseweg;Amersfoort;0,3;0,5;0,0;0,0;0,0;0,0
NL:S:50423040;GSG Paladijnenweg;Amersfoort;0,8;1,4;0,0;0,0;0,0;0,0
NL:S:50425000;Centraal Station;Amersfoort;70,9;77,0;40,8;41,2;31,9;30,1
NL:S:50428009;Hogeweg;Amersfoort;4,6;4,3;3,1;2,6;2,7;1,8
NL:S:50428011;Amerena;Amersfoort;23,1;16,3;12,2;8,6;7,4;6,5
NL:S:50428014;Barneveldseweg;Amersfoort;11,8;15,5;5,7;7,0;3,6;5,7
NL:S:50428050;De Stuwdam;Amersfoort;6,5;5,9;1,3;1,1;0,4;0,6
NL:S:50450161;Geertrudishof;Leusden;1,0;0,8;0,3;0,3;0,0;0,0
NL:S:50450281;Middenweg;Leusden;0,0;0,6;0,0;0,0;0,0;0,0
NL:S:50450311;Bohemen;Leusden;0,7;0,5;0,3;0,1;0,0;0,0
NL:S:50450360;Beekridder;Leusden;0,0;0,0;0,0;0,0;0,0;0,0
NL:S:50450380;Bosveld;Leusden;0,0;0,0;0,0;0,0;0,0;0,0
NL:S:50450420;Munnikhove;Leusden;0,0;0,0;0,0;0,0;0,0;0,0
NL:S:50450440;Hamershof;Leusden;0,0;0,0;0,0;0,0;0,0;0,0
NL:S:50450530;Rossenberglaan;Leusden;0,1;0,1;0,1;0,1;0,0;0,0
NL:S:50450710;Groene Zoom;Leusden;0,7;0,8;0,2;0,3;0,0;0,0
NL:S:50450740;Industrieweg West;Vorden;0,0;0,0;0,0;0,0;0,0;0,0
NL:S:50456019;Storkstraat;Leusden;1,0;0,9;0,0;0,1;0,0;0,0
NL:S:50456021;Wederik;Leusden;0,3;0,1;0,1;0,0;0,0;0,0
NL:S:50457003;Stoutenburgerlaan;Stoutenburg;0,1;0,0;0,0;0,1;0,0;0,0
NL:S:50457005;Driesprong;Stoutenburg;0,3;0,2;0,5;0,3;0,0;0,0
NL:S:50520110;Rotonde Ikea;Amersfoort;3,7;4,3;2,8;2,9;2,2;1,8
NL:S:50520240;Trompetstraat;Amersfoort;1,6;1,6;0,6;0,6;0,6;0,8
NL:S:50520260;Piccolopad;Amersfoort;0,3;0,5;0,1;0,3;0,0;0,1
NL:S:50520280;Curiestraat;Amersfoort;2,8;4,4;1,0;1,5;0,4;0,6
NL:S:50520310;Hermelijnvlinder;Amersfoort;2,1;2,9;0,7;1,2;0,6;0,5
NL:S:50520320;Apollovlinder;Amersfoort;2,3;2,7;0,7;1,0;0,6;0,7
NL:S:50520340;De Brand;Amersfoort;6,4;7,6;2,6;2,8;2,2;2,5
NL:S:50520450;Danzigweg;Amersfoort;2,5;3,0;0,3;0,7;0,2;0,4
NL:S:50521160;Heideweg ;Amersfoort;7,8;13,5;1,5;1,9;1,3;0,9
NL:S:50529000;Station Vathorst;Amersfoort;0,3;0,5;0,0;0,0;0,0;0,0
NL:S:50531001;Oude Lageweg;Amersfoort;4,1;3,6;1,3;1,7;0,8;1,0
NL:S:50531003;Van Tuyllstraat;Hooglanderveen;0,4;0,6;0,2;0,3;0,1;0,2
NL:S:50531005;Klaarwater;Hoevelaken;0,1;0,2;0,1;0,1;0,0;0,0
NL:S:50531007;Hofweg;Hoevelaken;1,8;1,7;1,1;1,1;0,5;0,7
NL:S:50531009;Julianalaan;Hoevelaken;8,4;7,8;4,1;4,2;2,8;2,4
NL:S:50531011;Gemeentehuis;Hoevelaken;7,6;7,3;7,2;6,4;3,7;3,2
NL:S:50531013;Stoutenburgerlaan;Hoevelaken;2,9;2,8;2,6;2,3;1,4;2,2
NL:S:50531015;Koninginneweg;Hoevelaken;8,3;7,6;1,3;1,5;0,6;0,7
NL:S:50531017;Huize Hoevelaken;Hoevelaken;2,7;1,4;1,4;1,1;1,0;0,9
NL:S:50531021;Bedrijventerrein Hogenbrink;Hoevelaken;0,4;0,5;0,0;0,0;0,0;0,0
NL:S:50531031;Station;Hoevelaken;13,2;15,3;6,2;5,1;3,6;2,6
NL:S:50532002;Ravengoedseweg;Zwartebroek;0,6;0,6;0,2;0,3;0,2;0,5
NL:S:50543003;Peerweg;Driedorp;0,0;0,0;0,0;0,0;0,0;0,0
NL:S:50543005;Slichtenhorsterweg;Driedorp;0,0;0,0;0,0;0,0;0,0;0,0
NL:S:50549001;Appelsestraat;Appel;0,0;0,0;0,0;0,0;0,0;0,0
NL:S:50610040;De Molen;Scherpenzeel;0,0;0,0;0,0;0,0;0,0;0,0
NL:S:50610060;Pluimenweg;Scherpenzeel;0,1;0,1;0,0;0,0;0,0;0,0
NL:S:50610080;Holevoetplein;Scherpenzeel;1,1;0,4;0,3;0,2;0,0;0,0
NL:S:50610100;Kerk;Scherpenzeel;0,4;0,7;0,1;0,2;0,0;0,0
NL:S:50617003;Vijverlaan;Scherpenzeel;0,2;0,2;0,0;0,0;0,0;0,0
NL:S:50617007;Eikenlaan;Scherpenzeel;0,7;0,7;0,1;0,0;0,0;0,0
NL:S:50617009;De Haar;Scherpenzeel;0,0;0,1;0,0;0,1;0,0;0,0
NL:S:50617011;Huigenbosch;Scherpenzeel;0,0;0,0;0,0;0,0;0,0;0,0
NL:S:50630001;Centrum;Nijkerkerveen;3,6;4,0;1,2;1,2;1,0;0,7
NL:S:50630003;Van den Brandhof;Nijkerkerveen;0,1;0,2;0,1;0,1;0,0;0,0
NL:S:50630005;Laakweg;Nijkerkerveen;0,0;0,1;0,0;0,0;0,0;0,0
NL:S:50630007;Dorp;Nijkerkerveen;0,3;0,3;0,1;0,0;0,0;0,0
NL:S:50630009;D. Ruitenbeekstraat;Nijkerkerveen;0,3;0,3;0,1;0,0;0,0;0,0
NL:S:50630280;Berencamperweg;Nijkerk;0,0;0,1;0,0;0,0;0,0;0,0
NL:S:50631016;School Diermen;Putten;0,3;0,4;0,1;0,2;0,2;0,1
NL:S:50637001;De Salentein;Nijkerk;1,7;0,9;0,2;0,4;0,1;0,2
NL:S:50637003;Tinbergenlaan;Nijkerk;6,4;6,6;2,4;2,5;1,6;1,9
NL:S:50637005;Van Rensselaerstraat;Nijkerk;10,5;10,7;4,1;4,2;3,0;2,9
NL:S:50637007;Station;Nijkerk;40,1;31,6;16,3;14,0;7,6;7,1
NL:S:50637011;Zilverschoon;Nijkerk;13,3;12,9;1,8;2,4;1,4;1,2
NL:S:50637013;Sparrenlaan;Nijkerk;0,4;0,6;0,2;0,2;0,0;0,2
NL:S:50637015;Callenbachstraat;Nijkerk;3,6;4,8;0,8;1,3;0,4;1,0
NL:S:50637025;Torenstraat;Nijkerk;0,7;0,9;0,1;0,5;0,0;0,0
NL:S:50637045;Kievitslaan;Nijkerk;0,0;0,0;0,0;0,0;0,0;0,0
NL:S:50637053;Corlaer College;Nijkerk;32,0;31,5;8,4;8,4;4,9;4,8
NL:S:50642003;School;Zwartebroek;5,6;4,5;2,8;2,8;1,6;1,8
NL:S:50642005;Ned. Herv. Kerk;Zwartebroek;0,9;1,0;0,3;0,6;0,4;0,4
NL:S:50645001;De Tolboom;Terschuur;5,7;5,0;5,0;5,2;1,4;1,4
NL:S:50645003;Leemweg;Terschuur;0,3;0,9;0,2;0,2;0,2;0,2
NL:S:50645005;De Palmpol;Terschuur;0,4;0,3;0,1;0,1;0,1;0,1
NL:S:50645007;Van Beek;Terschuur;0,4;0,4;0,1;0,2;0,1;0,2
NL:S:50645010;Oude Ambachten Museum;Terschuur;1,3;1,6;0,9;1,0;0,4;0,7
NL:S:50664001;Helweg;Achterveld;0,2;0,3;0,0;0,2;0,0;0,0
NL:S:50664003;Klettersteeg;Achterveld;0,1;0,1;0,1;0,1;0,0;0,0
NL:S:50664005;Kerkdijk;Achterveld;0,0;0,0;0,0;0,0;0,0;0,0
NL:S:50664007;Huize St. Joseph;Achterveld;0,0;0,0;0,0;0,0;0,0;0,0
NL:S:50664009;De Hessenkar;Achterveld;0,8;0,8;0,1;0,2;0,0;0,0
NL:S:50664019;RK Kerk;Achterveld;0,2;0,2;0,1;0,1;0,0;0,0
NL:S:50664023;Postweg;Achterveld;0,1;0,2;0,1;0,1;0,0;0,0
NL:S:50731017;School Hoef;Putten;2,4;2,7;0,5;0,8;0,2;0,3
NL:S:50731043;Henslare;Putten;1,1;1,2;0,0;0,0;0,1;0,0
NL:S:50745011;Kruispunt Harselaar;Terschuur;0,0;0,0;0,0;0,0;0,0;0,0
NL:S:50745021;Zeumerseweg;Barneveld;1,8;2,6;0,3;0,4;0,1;0,1
NL:S:50746001;Lankerenseweg;Voorthuizen;2,3;1,7;0,1;0,1;0,1;0,0
NL:S:50746003;Verbindingsweg;Voorthuizen;4,6;4,9;0,7;1,0;0,3;0,9
NL:S:50746005;Buitenlust;Voorthuizen;10,5;10,5;3,5;3,0;1,8;1,7
NL:S:50746007;De Punt;Voorthuizen;95,2;92,1;36,1;34,6;21,0;19,1
NL:S:50746009;Roelenengweg;Voorthuizen;8,4;8,1;3,7;4,2;1,6;2,1
NL:S:50747002;Struik;Nijkerk;5,3;4,7;0,8;1,0;0,4;0,6
NL:S:50763001;Licht en Ruimte;De Glind;0,2;0,2;0,1;0,1;0,0;0,0
NL:S:50763003;Prinses Beatrixschool;De Glind;0,0;0,1;0,0;0,0;0,0;0,0
NL:S:50763005;De Glind;De Glind;0,2;0,3;0,2;0,2;0,0;0,0
NL:S:50763007;Schoonderbekerweg;De Glind;1,3;1,4;0,2;0,2;0,0;0,0
NL:S:50765033;De Pelmolen;Barneveld;0,0;0,0;0,0;0,0;0,0;0,0
NL:S:50765035;De Nieuwe Eshof;Barneveld;0,0;0,0;0,0;0,0;0,0;0,0
NL:S:50765037;De Eshof;Barneveld;0,0;0,0;0,0;0,0;0,0;0,0
NL:S:50765039;Boerderij Veerman;Barneveld;0,0;0,0;0,0;0,0;0,0;0,0
NL:S:50765067;Anthonie Fokkerstraat;Barneveld;0,5;0,7;0,0;0,1;0,0;0,0
NL:S:50767013;Kolfschoten;Scherpenzeel;0,0;0,1;0,0;0,0;0,0;0,0
NL:S:50769001;Klein Moorst;De Glind;0,1;0,1;0,1;0,1;0,0;0,0
NL:S:50812001;Industrieweg Zuid;Vorden;77,9;79,9;24,8;25,7;13,2;12,0
NL:S:50814001;Scheivoor;De Klomp;0,0;0,0;0,0;0,0;0,0;0,0
NL:S:50814003;School;Ederveen;0,1;0,2;0,0;0,1;0,0;0,0
NL:S:50814005;Rabobank;Ederveen;0,2;0,4;0,1;0,1;0,0;0,0
NL:S:50814007;Luntersekade;Ederveen;0,1;0,2;0,1;0,1;0,0;0,0
NL:S:50814011;Kruisbeekweg;Ederveen;0,4;0,9;0,0;0,0;0,0;0,0
NL:S:50814013;Drieenhuizerweg;Ederveen;0,0;0,0;0,0;0,0;0,0;0,0
NL:S:50848001;Veenhuizerveldweg;Huinen;8,4;8,6;2,1;3,4;2,4;1,3
NL:S:50848003;Oude Garderenseweg;Huinen;5,8;6,4;1,5;1,6;2,5;1,3
NL:S:60000094;Aalbert Cuyplaan;Apeldoorn;0,0;0,2;0,1;0,0;0,0;0,4
NL:S:60000111;Edelweisslaan;Apeldoorn;0,0;0,0;0,0;0,0;0,0;0,0
NL:S:60000113;Emmaplein;Apeldoorn;0,0;0,1;0,0;0,1;0,0;0,1
NL:S:60000115;Ferd. Bollaan;Apeldoorn;0,2;0,0;0,0;0,0;0,0;0,0
NL:S:60000125;Het Kasteel;Apeldoorn;0,1;0,1;0,0;0,0;0,2;0,0
NL:S:60000148;Mauvestraat;Apeldoorn;0,5;0,1;0,1;0,0;0,6;0,2
NL:S:60000149;Marchantstraat;Apeldoorn;0,4;0,7;0,1;0,2;0,5;0,6
NL:S:60000158;FizzionParc;Apeldoorn;0,1;0,1;0,0;0,0;0,0;0,0
NL:S:60000159;Paulus Potterlaan;Apeldoorn;0,2;0,0;0,0;0,0;0,0;0,0
NL:S:60000160;Achmea;Apeldoorn;0,2;0,1;0,0;0,0;0,0;0,0
NL:S:60000168;Rembrandtlaan;Apeldoorn;0,4;0,0;0,1;0,0;0,2;0,0
NL:S:60000172;De Savornin Lohmanstraat;Apeldoorn;0,2;0,4;0,0;0,0;0,2;0,2
NL:S:60000186;Talma Borgh;Apeldoorn;0,2;0,2;0,1;0,0;0,1;0,1
NL:S:60000196;Veenhuizerweg;Apeldoorn;0,1;0,0;0,0;0,0;0,1;0,0
NL:S:60000203;Zuster Meyboomlaan;Apeldoorn;0,3;0,8;0,2;0,8;0,2;0,6
NL:S:60000224;Roermondsplein;Arnhem;0,0;0,0;0,0;0,0;0,0;0,0
NL:S:60001150;Mercatorplein;Apeldoorn;0,1;0,4;0,1;0,1;0,2;0,4
NL:S:60002205;Zanderijweg;Apeldoorn;0,3;0,0;0,1;0,0;0,2;0,0
NL:S:99990032;Station Barneveld Noord;Barneveld;8,6;8,7;1,8;1,8;1,5;1,0
NL:S:18500010;Noordikslaan;Almelo;2,8;5,1;0,0;0,0;0,0;0,0
NL:S:18500120;Sliepersdijk;Hoge Hexel;0,2;0,1;0,0;0,0;0,0;0,0
NL:S:18500140;Hammerweg;Vriezenveen;0,0;0,0;0,0;0,0;0,0;0,0
NL:S:43000010;Centraal Station;Enschede;2936,7;2885,9;1019,6;941,5;666,5;545,1
NL:S:43000031;Van Heekplein;Enschede;595,5;599,8;447,1;480,8;152,6;176,0
NL:S:43000050;MST Haaksbergerstraat;Enschede;0,7;1,3;0,0;2,0;0,0;0,3
NL:S:43000130;Spinnerplein;Enschede;25,8;20,9;14,2;11,8;6,3;5,2
NL:S:43000195;Wkc Stadsveld;Enschede;38,4;18,2;22,8;10,0;11,8;5,0
NL:S:43000220;Deurningerstraat;Enschede;18,2;22,8;6,6;9,0;3,9;4,6
NL:S:43000240;Station Kennispark;Enschede;64,5;91,0;12,6;29,3;21,4;14,9
NL:S:43000250;Roombeek;Enschede;83,9;88,0;27,9;27,9;12,5;12,9
NL:S:43000270;Hulsmaatstraat;Enschede;68,6;57,9;20,6;17,0;10,9;10,7
NL:S:43000300;Horstlindelaan;Enschede;1,9;3,7;0,8;2,0;0,9;1,2
NL:S:43000320;Handellaan;Enschede;6,1;4,6;3,8;3,0;2,0;2,0
NL:S:43000340;Slagman;Enschede;4,7;5,0;1,0;1,1;0,4;0,6
NL:S:43000350;Stroinksbleekweg;Enschede;33,6;31,4;13,5;11,9;6,6;5,8
NL:S:43000370;Buizerdstraat;Enschede;4,3;25,9;1,1;10,9;0,6;7,0
NL:S:43000380;Spechtstraat;Enschede;26,5;8,5;7,9;4,3;3,8;1,9
NL:S:43000490;G.J. van Heekstraat;Enschede;1,6;8,9;0,6;4,7;0,7;3,6
NL:S:43000510;Van der Duijn van Maasdamlaan;Rotterdam;29,5;30,7;10,4;10,1;4,1;6,1
NL:S:43000530;Volkspark;Enschede;14,7;19,1;7,0;8,0;4,1;4,8
NL:S:43000610;Toekomststraat;Enschede;23,5;15,5;15,1;10,6;7,5;11,2
NL:S:43000630;Weegschaalstraat;Enschede;36,4;37,2;22,3;23,6;13,3;13,1
NL:S:43000650;Wkc Twekkelerveld;Enschede;64,8;60,8;48,7;43,1;26,0;27,4
NL:S:43000670;Olieslagweg;Enschede;10,7;12,1;5,7;8,3;2,9;4,2
NL:S:43000690;Jupiterstraat;Enschede;30,9;26,1;23,5;21,5;10,2;10,7
NL:S:43000711;Capitool;Enschede;8,6;10,3;1,5;1,7;0,4;0,7
NL:S:43000810;Beethovenlaan;Enschede;9,0;5,0;5,4;3,1;2,6;1,8
NL:S:43001050;Boddenkamp;Enschede;21,0;24,1;5,4;9,2;4,3;4,9
NL:S:43001090;Dr. J. van Damstraat;Enschede;5,6;2,8;2,2;1,6;0,9;0,5
NL:S:43001110;Fazantstraat;Enschede;5,1;0,7;2,3;0,4;1,0;0,2
NL:S:43001180;Waalstraat;Enschede;26,7;22,3;14,2;10,9;7,6;7,0
NL:S:43001190;Deppenbroekstraat;Enschede;2,3;8,7;0,9;3,9;0,1;1,5
NL:S:43001200;Het Achtervoort;Enschede;13,3;15,7;4,5;6,3;3,0;4,0
NL:S:43001210;Het Voortman;Enschede;3,6;8,0;3,8;6,6;1,4;2,0
NL:S:43001310;Wkc Deppenbroek;Enschede;26,5;25,6;13,5;11,2;7,2;8,2
NL:S:43001340;Vanekerstraat;Enschede;13,3;10,3;8,9;6,9;4,8;5,1
NL:S:43001360;P.A. van Deldenstraat;Enschede;7,6;8,2;3,2;3,3;2,0;2,4
NL:S:43001430;Sparrendaal;Enschede;23,7;20,8;11,3;9,3;5,2;4,8
NL:S:43001450;Gelderlandstraat;Enschede;33,8;32,3;17,2;18,1;10,6;11,0
NL:S:43001470;Utrechtlaan;Enschede;115,9;116,8;9,4;7,5;3,5;4,3
NL:S:43001490;Zuid Hollandlaan;Enschede;16,1;14,7;6,0;5,5;3,1;3,1
NL:S:43001550;Wkc Boswinkel;Enschede;68,6;69,9;39,7;38,5;19,1;22,8
NL:S:43001570;Tuindorp Broekheurne;Enschede;34,5;32,7;15,9;15,5;7,1;9,0
NL:S:43001600;Het Lang;Enschede;0,1;0,1;0,1;0,1;0,0;0,0
NL:S:43001620;Het Riet;Enschede;0,0;0,1;0,0;0,0;0,0;0,0
NL:S:43001630;Verrijzeniskerk;Enschede;34,7;30,3;11,7;9,5;4,8;5,6
NL:S:43001640;Lintveldebrink;Enschede;13,2;13,3;5,8;5,2;2,7;3,1
NL:S:43001650;Hazendijk;Enschede;1,4;8,6;0,2;4,7;0,1;1,7
NL:S:43001670;Broekheurnerborg;Enschede;0,4;0,3;0,2;0,3;0,0;0,0
NL:S:43001671;Broekheurnerplein;Enschede;0,5;0,3;0,6;0,3;0,0;0,0
NL:S:43001690;De Kiepe;Enschede;4,7;6,2;1,1;1,7;0,6;1,9
NL:S:43001700;Broekheurne-Ring;Enschede;7,1;0,1;2,9;0,1;1,5;0,1
NL:S:43001730;Hertmebrink;Enschede;44,1;35,0;23,4;16,7;10,3;8,4
NL:S:43001750;Wkc Het Bijvank;Enschede;10,0;10,3;4,7;5,2;1,8;1,6
NL:S:43001770;Vlierstraat;Enschede;19,3;21,6;6,0;7,1;4,2;5,4
NL:S:43001790;Het Oosterveld;Enschede;50,5;48,8;22,0;19,3;9,4;9,6
NL:S:43001810;Saasveldbrink;Enschede;0,0;0,0;0,0;0,0;0,0;0,0
NL:S:43001820;Herikebrink;Enschede;28,8;24,5;9,3;8,7;3,8;3,9
NL:S:43001830;Rabobank;Enschede;24,1;32,2;10,6;14,2;4,8;8,1
NL:S:43001850;P+R Zuiderval;Enschede;38,7;42,9;16,3;15,9;7,3;7,3
NL:S:43001870;Het Leunenberg;Enschede;24,4;27,8;15,8;16,4;5,4;5,7
NL:S:43001900;De Posten;Enschede;52,3;46,2;16,6;16,3;7,4;6,1
NL:S:43001910;Wkc Zuid;Enschede;43,6;56,4;24,3;29,6;8,0;12,6
NL:S:43001930;De Reulver;Enschede;22,2;26,2;8,4;10,0;4,1;6,6
NL:S:43001950;Ypelobrink;Enschede;23,8;22,7;13,4;11,7;8,0;9,2
NL:S:43001970;Zunabrink;Enschede;22,5;18,9;9,5;8,2;5,2;5,0
NL:S:43002000;Hengeveldebrink;Enschede;13,6;12,2;6,9;5,0;3,1;2,9
NL:S:43002070;Laaressingel;Enschede;12,2;16,5;3,0;6,2;1,4;3,5
NL:S:43002090;Asterstraat;Enschede;4,9;5,9;3,3;3,5;1,6;1,2
NL:S:43002110;Hyacintstraat;Enschede;6,1;3,1;2,6;1,0;1,1;0,7
NL:S:43002130;Gladiolenstraat;Enschede;9,9;11,4;6,4;7,9;2,0;2,2
NL:S:43002220;Wkc Stroinkslanden;Enschede;7,1;42,0;2,7;21,1;1,3;12,2
NL:S:43002290;Sportpark;Enschede;22,6;21,0;8,7;8,3;5,5;6,0
NL:S:43002310;Mariendaal;Enschede;12,2;12,0;3,5;4,4;1,7;2,5
NL:S:43002500;Bonhoeffer Bruggert;Enschede;10,6;11,2;4,5;4,4;2,8;4,3
NL:S:43002510;Soendastraat;Enschede;11,0;11,3;5,4;5,5;2,3;3,6
NL:S:43002530;Bankastraat;Enschede;14,2;18,3;4,0;5,5;2,4;3,4
NL:S:43002570;Madioenstraat;Enschede;0,5;0,5;0,3;0,1;0,0;0,0
NL:S:43002600;Aquadrome;Enschede;58,0;63,3;13,6;14,0;5,2;6,1
NL:S:43002610;Brinkstraat;Enschede;0,8;0,7;0,3;0,4;0,0;0,0
NL:S:43002630;J.P. Coenstraat;Enschede;0,5;0,6;0,1;0,3;0,0;0,0
NL:S:43002650;Padangstraat;Enschede;0,8;0,7;0,5;0,3;0,0;0,0
NL:S:43002790;Rembrandtlaan;Enschede;1,4;3,5;1,2;2,6;0,4;2,6
NL:S:43002820;De Hatteler;Enschede;8,0;11,0;5,1;6,5;1,9;3,0
NL:S:43002840;Albert Cuypstraat;Enschede;1,7;16,1;1,1;8,5;0,6;6,4
NL:S:43002860;Zuivelstraat;Enschede;28,0;23,9;17,8;14,1;9,0;11,1
NL:S:43003070;Pathmossingel;Enschede;0,0;0,0;0,0;0,0;0,0;0,0
NL:S:43003090;Poolmansweg;Enschede;22,6;24,7;10,9;10,9;5,2;9,1
NL:S:43003110;Lindestraat;Enschede;6,0;5,3;2,8;2,5;1,5;1,8
NL:S:43003180;Bruggertstraat;Enschede;4,4;6,0;0,3;0,5;0,3;0,5
NL:S:43003200;C. Troostlaan;Enschede;4,5;3,5;1,4;1,5;0,8;0,8
NL:S:43003210;E. de Wittestraat;Enschede;4,1;4,2;2,0;1,8;0,7;0,7
NL:S:43003250;Fre Cohenlaan;Enschede;8,8;7,1;3,5;3,5;1,6;1,9
NL:S:43003270;Ferdinand Bolstraat;Enschede;13,2;7,8;5,1;3,3;2,2;1,6
NL:S:43003440;Hanenberglanden;Enschede;38,5;31,6;18,9;14,9;10,2;10,4
NL:S:43003460;Hesselinklanden;Enschede;27,6;18,8;14,8;9,8;6,4;4,2
NL:S:43003480;Auskamplanden;Enschede;21,9;19,8;9,9;8,2;4,9;4,7
NL:S:43003500;Hasmanlanden;Enschede;30,8;32,9;14,2;15,4;7,0;8,7
NL:S:43003530;Tiemeister;Enschede;37,6;37,1;3,0;3,7;1,4;2,0
NL:S:43003570;Schabbinklanden;Enschede;14,0;18,0;6,1;7,9;3,4;3,8
NL:S:43003600;Bekmanlanden;Enschede;12,6;8,1;4,4;2,9;2,8;2,0
NL:S:43003620;Vrielinklanden;Enschede;25,4;19,3;9,7;6,5;3,9;3,4
NL:S:43003640;Verwooldslanden;Enschede;20,0;2,2;8,6;0,4;4,7;0,2
NL:S:43003680;Wkc De Posten;Enschede;0,1;0,1;0,0;0,0;0,0;0,0
NL:S:43003700;Verzorgingshuis De Posten;Enschede;0,2;0,2;0,2;0,1;0,0;0,0
NL:S:43003870;Buurserstraat;Enschede;39,0;30,8;14,3;10,2;7,3;6,5
NL:S:43003900;Stadsdeelkantoor Zuid;Enschede;0,2;0,5;0,1;0,5;0,0;0,0
NL:S:43004010;Borstelweg;Enschede;16,8;16,2;5,5;4,9;3,7;4,2
NL:S:43004050;Lonnekerbrugstraat;Enschede;0,9;1,3;0,0;0,0;0,0;0,0
NL:S:43004090;Orion;Enschede;0,3;0,7;0,0;0,0;0,0;0,0
NL:S:43004170;Twekkeler Es;Enschede;1,8;2,6;0,0;0,0;0,0;0,0
NL:S:43004310;De Hoeveler;Enschede;3,9;4,4;0,0;0,0;0,0;0,0
NL:S:43004340;Scansped;Enschede;0,2;0,3;0,0;0,0;0,0;0,0
NL:S:43004370;Dr. J. Wagenaarstraat;Enschede;4,8;0,0;0,6;0,0;0,0;0,2
NL:S:43004410;Transportcentrum;Enschede;7,1;8,7;0,0;0,0;0,0;0,0
NL:S:43004450;Kanaalstraat;Enschede;0,9;0,9;0,0;0,0;0,0;0,0
NL:S:43004550;Olympialaan;Enschede;1,3;0,7;0,3;0,1;0,0;0,0
NL:S:43004590;Hendrik Smeltweg;Enschede;0,3;1,9;0,1;0,6;0,0;0,0
NL:S:43005030;C.F. Klaarstraat;Enschede;54,2;51,7;26,5;27,8;13,2;16,0
NL:S:43005190;Wooldrik;Enschede;58,1;61,4;19,8;22,1;12,2;12,7
NL:S:43005440;Schuttersveld;Enschede;27,7;34,8;9,2;10,0;3,6;5,1
NL:S:43005530;Goolkatenweg;Enschede;46,0;48,6;9,1;11,1;5,6;6,2
NL:S:43005570;Ledeboerpark;Enschede;37,4;36,8;15,0;12,3;7,8;15,8
NL:S:43005590;Uranusstraat;Enschede;42,0;43,0;11,1;9,5;6,5;12,0
NL:S:43005630;Westerbegraafplaats/UT;Enschede;121,7;131,1;3,6;4,2;3,0;3,4
NL:S:43005710;Kennispark/UT;Enschede;101,7;100,3;24,6;16,8;12,0;14,9
NL:S:43006090;Voortmansweg;Enschede;2,8;4,1;1,3;1,8;0,6;1,4
NL:S:43006120;Driesprong;Lonneker;0,7;1,1;0,1;0,4;0,2;0,1
NL:S:43006160;Kotkampweg;Enschede;18,2;21,0;6,8;5,8;4,7;4,8
NL:S:43006980;Veldkampstraat;Enschede;14,9;16,9;6,8;7,3;3,4;6,3
NL:S:43007120;Getfertsingel;Enschede;11,2;10,7;6,8;6,0;2,6;2,9
NL:S:43007140;Stevenfennestraat;Enschede;26,9;24,6;15,3;12,8;7,9;9,4
NL:S:43007160;Dr. v.d. Zandestraat;Enschede;35,0;32,3;18,8;17,0;9,6;10,4
NL:S:43007180;Borgbos;Enschede;10,8;10,6;5,5;5,7;2,8;3,1
NL:S:43007200;Usseler Esch;Usselo;2,0;2,8;0,6;0,9;0,5;0,7
NL:S:43008030;Floraparkstraat;Enschede;2,7;4,3;0,8;1,5;0,2;0,6
NL:S:43008050;Onlandhorst;Enschede;2,5;2,1;0,5;0,8;0,2;0,2
NL:S:43008070;Wkc Stokhorst;Enschede;9,5;10,0;6,1;6,9;1,5;2,7
NL:S:43008090;Hoge Boekelerweg;Enschede;7,6;5,4;4,1;3,4;2,5;1,4
NL:S:43008110;Wkc 't Ribbelt;Enschede;5,4;4,2;2,3;2,8;1,7;1,4
NL:S:43008130;Dotterbloemstraat;Enschede;9,7;1,1;4,8;1,0;1,3;0,1
NL:S:43008200;Lindenhof;Enschede;43,8;45,3;26,4;26,6;11,9;11,9
NL:S:43008230;Marie de Roodelaan;Enschede;7,4;4,4;3,1;1,5;1,9;1,5
NL:S:43008390;Auke Vleerstraat;Enschede;0,7;0,7;0,0;0,0;0,0;0,0
NL:S:43008410;Usselerrondweg;Enschede;0,2;0,3;0,0;0,0;0,0;0,0
NL:S:43010030;Winterweg;Enschede;12,7;12,6;5,6;5,5;3,1;3,3
NL:S:43010050;Dolphia;Enschede;28,3;29,5;12,2;13,5;6,2;6,5
NL:S:43010070;Esmarkelaan;Enschede;32,7;31,5;12,0;11,8;5,9;5,0
NL:S:43010110;Oikos;Glanerbrug;42,6;38,0;15,5;14,7;8,2;8,2
NL:S:43010140;Schoolstraat;Glanerbrug;44,5;28,4;23,8;13,3;9,0;5,3
NL:S:43010220;Tolstraat;Glanerbrug;24,4;30,0;10,9;12,8;4,7;7,0
NL:S:43010240;Symfoniestraat;Glanerbrug;35,7;34,7;13,0;13,8;7,2;8,3
NL:S:43010330;Ekersdijk;Glanerbrug;6,1;38,4;1,7;17,0;1,0;8,4
NL:S:43010350;Eilermarke;Glanerbrug;28,0;35,8;11,2;15,1;5,8;7,5
NL:S:43010370;Schipholtstraat;Glanerbrug;33,2;39,4;12,0;13,9;4,9;6,7
NL:S:43011120;Zwarteweg;Glanerbrug;35,6;6,0;14,5;2,3;6,6;1,1
NL:S:43021790;Boskamphoek;Enschede;14,9;16,2;9,1;10,1;4,0;4,9
NL:S:43021830;Beekwoudehoek;Enschede;25,3;22,3;11,6;10,7;6,0;7,4
NL:S:43021850;Honinglohoek;Enschede;39,7;35,2;18,8;18,3;10,2;9,9
NL:S:43021870;Wkc Helmerhoek;Enschede;41,5;41,2;19,6;17,2;9,6;9,0
NL:S:43021970;Graeshoek;Enschede;11,7;10,5;6,6;6,0;2,7;2,4
NL:S:43022000;Disselhoek;Enschede;20,1;15,7;10,1;8,4;4,1;3,4
NL:S:43022010;Dubbelinckhoek;Enschede;15,7;15,3;6,2;5,5;3,2;2,7
NL:S:43100070;Tinsteden;Enschede;3,6;5,6;0,0;0,0;0,0;0,0
NL:S:43100120;Ganzebosweg;Boekelo;0,1;0,4;0,0;0,2;0,0;0,0
NL:S:43100350;Windmolenweg/Centrum;Boekelo;1,0;1,0;0,4;0,3;0,0;0,0
NL:S:43100360;Smaragdstraat;Boekelo;0,0;0,3;0,0;0,2;0,0;0,0
NL:S:43100410;R.K. Kerk;Boekelo;0,9;0,6;0,3;0,2;0,0;0,0
NL:S:43100600;De Blekerij;Boekelo;1,9;0,0;0,3;0,0;0,0;0,0
NL:S:43100780;Henry Dunantlaan;Boekelo;0,1;0,6;0,0;0,2;0,0;0,0
NL:S:43100800;Weleweg;Boekelo;0,1;1,0;0,0;0,0;0,0;0,0
NL:S:43100970;Marssteden;Enschede;4,6;3,8;0,0;0,0;0,0;0,0
NL:S:43101010;Kopersteden;Enschede;1,3;1,7;0,0;0,0;0,0;0,0
NL:S:43110010;Oude Grensweg;Hengelo;12,9;13,3;6,2;6,4;3,9;4,4
NL:S:43110070;De Broeierd;Enschede;56,6;60,6;31,2;24,3;15,6;46,3
NL:S:43110120;UT/Drienerbeeklaan;Enschede;7,6;10,2;3,3;4,6;2,3;3,0
NL:S:43110140;UT/Hoofdingang;Enschede;6,1;7,2;0,0;0,0;0,0;0,0
NL:S:43110170;Kettingbrug;Hengelo;3,1;5,2;1,9;2,3;0,7;0,9
NL:S:43110210;UT/De Hems;Enschede;42,0;40,5;41,4;42,7;19,2;31,3
NL:S:43110230;UT/Calslaan;Enschede;0,7;1,7;5,5;7,2;4,7;7,2
NL:S:43110250;UT/Reelaan;Enschede;12,3;12,0;8,4;9,6;3,2;6,8
NL:S:43110270;UT/Langenkampweg;Enschede;25,2;19,9;27,2;21,9;13,1;32,7
NL:S:43110280;UT/Sportcentrum;Enschede;1,7;0,1;0,0;0,0;0,0;0,0
NL:S:43110310;UT/Hallenweg;Enschede;24,3;23,9;0,0;0,0;0,0;0,0
NL:S:43110330;UT/Bastille;Enschede;11,9;13,1;0,0;0,0;0,0;0,0
NL:S:43111290;UT/De Zul;Enschede;19,5;18,3;0,0;0,0;0,0;0,0
NL:S:43130010;Platinastraat;Hengelo;19,0;21,1;3,6;4,0;0,9;1,3
NL:S:43130030;Bellersweg;Beckum;1,0;1,2;0,1;0,1;0,1;0,1
NL:S:43130050;Sluitersdijk;Beckum;0,7;1,0;0,3;0,3;0,1;0,1
NL:S:43130070;Wolfkaterweg;Beckum;6,5;7,1;3,4;4,3;1,9;2,3
NL:S:43130090;R.K. Kerk;Beckum;4,7;3,6;3,5;2,0;1,2;0,9
NL:S:43130140;Bentelerweg;Beckum;0,4;0,4;0,1;0,3;0,1;0,1
NL:S:43150010;Grens;Buurse;0,6;0,7;0,0;0,0;0,0;0,0
NL:S:43150030;Braambrug;Buurse;0,1;0,1;0,0;0,0;0,0;0,0
NL:S:43150050;Garage Den Posten;Buurse;0,3;0,9;0,0;0,0;0,0;0,0
NL:S:43150090;Zendvelderweg;Buurse;0,2;0,3;0,0;0,0;0,0;0,0
NL:S:43150110;Hofweg;Buurse;0,3;0,3;0,0;0,0;0,0;0,0
NL:S:43150130;Koekkoeksbrug;Buurse;0,1;0,2;0,0;0,0;0,0;0,0
NL:S:43150150;Cafe Winkelman;Buurse;2,3;1,5;0,0;0,0;0,0;0,0
NL:S:43160150;Cafe De Witte;Hengevelde;4,8;5,7;0,1;0,2;0,0;0,0
NL:S:43160210;Cafe Roesscher;Hengevelde;0,4;0,2;0,0;0,0;0,0;0,0
NL:S:43160250;Kerk;Hengevelde;20,2;19,4;2,4;2,5;0,0;0,0
NL:S:43160310;Transformatorhuis;Hengevelde;0,3;0,6;0,0;0,0;0,0;0,0
NL:S:43160370;Centrum;St. Isidorushoeve;2,6;2,6;0,3;0,6;0,0;0,0
NL:S:43160390;Weg naar Rietmolen;St. Isidorushoeve;0,6;0,7;0,1;0,1;0,0;0,0
NL:S:43170030;Lonnekermolenweg;Losser;0,2;0,3;0,3;0,7;0,3;0,2
NL:S:43170050;Oude Losserseweg;Losser;0,3;0,3;0,2;0,1;0,0;0,1
NL:S:43170070;Landweerweg;Losser;1,0;0,9;0,4;0,2;0,1;0,1
NL:S:43170100;Pompstation;Losser;0,4;0,5;0,3;0,5;0,1;0,1
NL:S:43180030;Dorpsstraat;Lonneker;2,6;3,7;0,8;1,6;0,4;0,8
NL:S:43180050;Scholten Reimerstraat;Lonneker;11,6;11,3;3,5;2,9;1,7;1,4
NL:S:43180070;Beukerweg;Lonneker;1,1;1,4;1,1;1,2;0,3;0,4
NL:S:43180090;Landweerweg;Lonneker;0,7;1,0;0,3;0,5;0,2;0,2
NL:S:43180110;Prins Bernhardpark;Lonneker;0,9;0,9;0,2;0,2;0,1;0,1
NL:S:43180130;Veendijk;Lonneker;0,8;0,9;0,5;0,5;0,2;0,3
NL:S:43180160;Hanzepoort;Oldenzaal;15,0;16,6;4,4;4,3;2,4;3,0
NL:S:43210020;Berfloplein;Hengelo;6,7;5,9;1,6;1,5;0,0;0,0
NL:S:43210040;Brouwerijstraat;Hengelo;0,9;0,8;0,4;0,4;0,0;0,0
NL:S:43210060;Twekkelerplein;Hengelo;5,0;5,2;2,5;2,5;0,0;0,0
NL:S:43210080;Athenestraat;Hengelo;3,2;3,5;0,8;0,8;0,0;0,0
NL:S:43210110;Berfloweg;Hengelo;1,1;1,9;0,7;1,0;0,0;0,0
NL:S:43210130;Pruisische Veldweg;Hengelo;1,7;2,0;0,3;0,7;0,0;0,0
NL:S:43210150;Vuurdoornplein;Hengelo;23,3;20,7;5,9;5,1;0,0;0,0
NL:S:43210170;Goudenregenstraat;Hengelo;0,7;1,1;0,3;0,7;0,0;0,0
NL:S:43210180;Jasmijnstraat;Hengelo;6,5;4,8;1,2;0,4;0,0;0,0
NL:S:43210190;Heraklesstraat;Hengelo;7,1;4,8;1,6;1,1;0,0;0,0
NL:S:43210290;Gerardus Majella;Hengelo;11,6;13,4;3,1;6,1;2,5;4,2
NL:S:43210380;Wkc Hengelose Es;Hengelo;33,2;33,3;14,8;18,2;3,9;8,0
NL:S:43210430;Achterhoek;Hengelo;7,4;7,7;3,6;3,2;0,8;1,6
NL:S:43210520;Steenmeijerstraat;Hengelo;3,0;1,1;2,6;1,4;0,6;0,2
NL:S:43210580;Pasteurstraat;Hengelo;3,8;4,9;2,0;3,3;0,6;0,7
NL:S:43210590;Twickelcollege;Hengelo;7,0;5,6;2,5;2,1;0,6;0,4
NL:S:43210610;Narcisstraat;Hengelo;0,4;1,2;0,2;0,6;0,1;0,3
NL:S:43210645;Industriestraat;Hengelo;0,8;3,3;0,5;1,9;0,2;0,6
NL:S:43210650;Nijverheidsstraat;Hengelo;1,0;1,9;0,6;1,0;0,3;0,6
NL:S:43210670;Krabbenbosplein;Hengelo;2,2;2,0;2,5;2,8;0,4;0,7
NL:S:43210690;Catharinastraat;Hengelo;2,3;4,3;1,2;2,5;0,5;1,3
NL:S:43210710;Gezinastraat;Hengelo;1,7;2,6;0,5;1,4;0,4;0,3
NL:S:43210730;Laurastraat;Hengelo;1,0;1,4;0,6;1,1;0,1;0,3
NL:S:43210750;Babcockstraat;Hengelo;0,8;2,1;0,8;1,7;0,2;0,9
NL:S:43210770;Zernikestraat;Hengelo;1,5;2,7;0,9;1,5;0,4;0,3
NL:S:43210790;Meijersweg;Hengelo;0,3;1,0;0,2;0,7;0,0;0,1
NL:S:43210820;Willem de Clerqstraat;Hengelo;0,8;1,9;0,4;0,8;0,0;0,2
NL:S:43210850;Lansinkesweg;Hengelo;17,4;30,7;0,5;1,2;0,4;0,6
NL:S:43210890;GOLS-straat;Hengelo;0,1;0,2;0,0;0,1;0,0;0,0
NL:S:43210940;Griegstraat;Hengelo;3,8;4,7;2,8;2,7;0,3;0,6
NL:S:43210960;Kasbah;Hengelo;8,1;7,4;3,2;2,3;0,5;0,6
NL:S:43210980;Paganinistraat;Hengelo;7,6;8,6;5,0;5,7;0,6;1,1
NL:S:43211011;Centraal Station;Hengelo;1266,5;1133,8;426,3;384,9;264,6;184,6
NL:S:43211030;Grundellaan;Hengelo;28,2;30,3;7,0;7,9;3,7;4,9
NL:S:43211060;Staringstraat;Hengelo;3,2;1,5;1,1;0,7;0,3;0,2
NL:S:43211070;Klaverstraat;Hengelo;4,4;5,0;1,4;1,8;0,2;0,5
NL:S:43211090;Van Koetsveldstraat;Hengelo;4,5;4,8;2,4;2,0;0,4;0,4
NL:S:43211110;Rhijnvis Feithstraat;Hengelo;7,6;8,1;3,0;2,7;0,8;0,5
NL:S:43211130;Jan Prinsstraat;Hengelo;10,1;25,2;3,6;10,0;1,3;2,3
NL:S:43211150;Willem de Merodestraat;Hengelo;6,1;2,9;3,4;1,9;0,8;0,4
NL:S:43211170;'t Swafert;Hengelo;4,2;2,8;2,7;1,9;0,7;0,4
NL:S:43211190;Wkc Groot Driene;Hengelo;18,5;5,9;8,8;2,7;2,0;0,2
NL:S:43211200;Boomgaard;Hengelo;12,7;7,5;4,7;3,3;1,2;0,6
NL:S:43211230;Sportlaan Driene;Hengelo;5,7;11,2;2,9;3,8;0,5;0,4
NL:S:43211240;IKEA;Hengelo;21,6;23,2;18,3;19,4;10,8;10,5
NL:S:43211260;Vosboer;Hengelo;10,0;12,7;0,8;1,5;0,5;0,7
NL:S:43211350;Wkc Hasselo;Hengelo;33,0;31,4;16,9;16,8;6,7;7,4
NL:S:43211380;Robert Stolzstraat;Hengelo;0,6;2,5;1,0;1,9;1,6;3,9
NL:S:43211410;Middelhoek;Hengelo;18,8;15,9;6,2;6,0;3,4;2,7
NL:S:43211450;Molendijkhoek;Hengelo;23,3;21,7;8,3;8,5;4,2;4,8
NL:S:43211490;Bovenhoek;Hengelo;45,3;41,8;18,2;16,7;7,3;7,0
NL:S:43211510;Bruninkshoek;Hengelo;26,7;24,9;10,4;9,5;4,4;2,8
NL:S:43211530;Schothorsthoek;Hengelo;9,4;13,2;4,2;8,0;2,4;5,2
NL:S:43211570;Tijertshoek;Hengelo;15,6;13,9;3,7;3,8;0,0;0,0
NL:S:43211590;Plein;Hengelo;4,0;3,9;2,6;1,6;1,2;0,9
NL:S:43211610;Campus West;Hengelo;8,5;9,0;0,6;0,7;0,2;0,4
NL:S:43211630;Holec;Hengelo;9,4;9,6;0,2;0,6;0,1;0,1
NL:S:43211670;Stadskantoor;Hengelo;21,1;24,0;1,6;2,8;0,6;1,4
NL:S:43211710;Roershoek;Hengelo;20,4;20,4;6,8;8,9;3,0;4,1
NL:S:43211730;Kristenbos;Hengelo;18,1;17,1;5,5;7,0;2,1;4,6
NL:S:43211750;Stenendokweg;Amsterdam;19,1;18,6;4,3;6,7;2,0;3,5
NL:S:43211870;Wkc Slangenbeek;Hengelo;48,9;47,4;19,2;18,8;11,1;10,0
NL:S:43212030;Haverweg;Hengelo;40,5;47,1;19,1;21,9;9,7;10,0
NL:S:43212050;Henriette Roland Holststraat;Hengelo;2,3;2,4;0,0;0,0;0,0;0,0
NL:S:43212100;De Brink;Hengelo;12,6;28,5;9,2;26,8;3,7;6,8
NL:S:43212120;Slachthuisweg;Hengelo;9,9;12,4;1,5;2,1;0,9;1,2
NL:S:43212140;Twente Milieu;Hengelo;7,0;8,2;0,3;0,8;0,2;0,2
NL:S:43212180;Expo Westermaat;Hengelo;0,4;0,3;0,1;0,1;0,0;0,0
NL:S:43212260;Thiemsbrug;Hengelo;42,0;44,3;27,4;28,4;9,8;11,9
NL:S:43212270;'t Wilbert West;Hengelo;2,3;2,8;0,5;0,7;0,5;0,5
NL:S:43212290;'t Wilbert Oost;Hengelo;10,3;9,6;2,3;3,3;0,2;2,2
NL:S:43212470;Boldershoekweg;Hengelo;1,0;1,6;0,0;0,0;0,0;0,0
NL:S:43212530;Onyxstraat;Hengelo;1,3;1,7;0,0;0,0;0,0;0,0
NL:S:43212550;Makro;Hengelo;5,9;8,1;0,0;0,0;0,0;0,0
NL:S:43212610;Campus Oost;Hengelo;3,9;4,8;0,4;0,7;0,1;0,4
NL:S:43212750;Europalaan;Hengelo;0,3;0,6;0,0;0,0;0,0;0,0
NL:S:43212810;Buitenweg;Hengelo;3,7;5,1;1,6;2,5;0,8;1,1
NL:S:43212830;Geerdinksweg;Hengelo;3,1;4,7;1,3;2,3;1,1;1,2
NL:S:43212850;IJsselstraat;Hengelo;5,3;5,9;2,5;2,8;1,0;1,2
NL:S:43212870;Vockersweg;Hengelo;10,4;10,9;1,2;1,5;0,3;0,5
NL:S:43212910;Dieselstraat;Hengelo;4,0;3,7;2,9;1,9;1,0;1,7
NL:S:43213010;M.A. de Ruyterstraat;Hengelo;6,1;5,2;0,6;0,3;0,4;0,2
NL:S:43213050;Backenhagenlaan;Hengelo;8,3;7,4;2,0;1,7;1,6;0,4
NL:S:43213070;Hamerstraat;Hengelo;5,4;5,4;2,4;2,4;0,8;1,2
NL:S:43213090;Klaas de Rookstraat;Hengelo;7,5;6,6;3,4;2,4;3,4;1,3
NL:S:43213150;Westelijke Esweg;Hengelo;4,1;3,5;1,1;1,2;0,0;0,0
NL:S:43213300;ZGT Hoofdingang;Hengelo;11,7;8,6;2,4;1,0;0,9;0,4
NL:S:43213320;Aletta Jacobslaan;Hengelo;1,3;1,0;0,5;0,7;0,5;0,4
NL:S:43213340;Sabina Klinkhamerweg;Hengelo;4,0;3,1;1,5;1,0;0,4;0,8
NL:S:43214030;Het Broek;Hengelo;35,7;34,3;7,9;9,5;5,0;6,2
NL:S:43214050;Akzo Poort 1;Hengelo;1,9;2,5;0,0;0,0;0,0;0,0
NL:S:43214070;Willem de Kooningstraat;Hengelo;11,7;13,0;2,3;2,9;0,9;1,7
NL:S:43214990;Station Hengelo Oost;Hengelo;3,8;5,6;0,6;1,0;0,2;0,3
NL:S:43215010;Klein Driene;Hengelo;17,0;17,8;8,2;8,2;5,2;5,6
NL:S:43215030;De Noork;Hengelo;28,9;31,0;12,8;13,3;7,8;11,6
NL:S:43218090;Sabastraat;Hengelo;5,8;3,9;4,9;2,3;1,2;0,6
NL:S:43218110;Balistraat;Hengelo;1,3;0,5;0,3;0,3;0,2;0,0
NL:S:43218130;Mitchamplein;Hengelo;0,9;1,1;0,4;0,8;0,0;0,2
NL:S:43220011;Molkenboer;Oldenzaal;6,3;7,9;2,1;2,8;0,0;0,0
NL:S:43220100;Kalheupinklaan;Oldenzaal;0,1;0,2;0,0;0,0;0,0;0,0
NL:S:43220150;Johanna van Burenlaan;Oldenzaal;8,5;8,7;1,9;2,7;0,0;0,0
NL:S:43220170;Wkc De Thij;Oldenzaal;17,6;18,2;4,6;4,5;0,0;0,0
NL:S:43220190;Cato Elderinklaan;Oldenzaal;15,1;14,7;2,4;2,0;0,0;0,0
NL:S:43220260;Saasvelderlaan;Oldenzaal;6,0;5,3;1,0;1,1;0,0;0,0
NL:S:43220270;Oude Postweg;Oldenzaal;2,2;2,9;0,4;0,9;0,4;1,0
NL:S:43220290;Nardusboer;Oldenzaal;1,8;1,9;1,0;1,1;0,0;0,0
NL:S:43220400;Griekenlandlaan;Oldenzaal;3,9;2,2;0,3;0,5;0,0;0,0
NL:S:43220410;Ziekenhuis;Oldenzaal;15,9;21,0;5,1;7,1;1,8;3,6
NL:S:43220430;Hofmeijerstraat;Oldenzaal;9,3;14,7;3,9;5,5;1,3;2,0
NL:S:43220450;Vos de Waelstraat;Oldenzaal;46,0;42,0;10,2;12,5;3,4;3,5
NL:S:43220470;Richter Bosstraat;Oldenzaal;5,6;8,1;2,4;2,8;1,9;1,6
NL:S:43220490;Thijsniederweg;Oldenzaal;9,1;4,3;1,5;1,1;0,0;0,0
NL:S:43220500;Koksweg;Oldenzaal;0,2;1,2;0,8;0,2;0,0;0,2
NL:S:43220511;Tijgaardenstraat;Oldenzaal;7,9;6,4;1,7;1,9;0,0;0,0
NL:S:43220531;Viaduct Graven Es;Oldenzaal;4,9;5,1;1,0;1,5;0,0;0,0
NL:S:43220551;Engelbertinklaan;Oldenzaal;6,5;6,8;1,5;2,3;0,0;0,0
NL:S:43220570;Hunenveldweg;Oldenzaal;19,5;22,6;2,3;3,3;0,0;0,0
NL:S:43220690;Wkc De Essen;Oldenzaal;5,6;5,1;0,8;1,0;0,0;0,0
NL:S:43220710;Nachtschade;Oldenzaal;3,5;2,5;0,4;0,5;0,0;0,0
NL:S:43220730;Zevenblad;Oldenzaal;4,1;3,4;1,0;0,8;0,0;0,0
NL:S:43220760;Bentheimergraven;Oldenzaal;2,3;1,7;0,6;0,7;0,0;0,0
NL:S:43220790;Thijlaan;Oldenzaal;2,5;3,6;0,3;0,4;0,0;0,0
NL:S:43220840;Station;Oldenzaal;415,0;415,0;113,4;103,1;41,3;41,7
NL:S:43220851;Hyacintstraat;Oldenzaal;5,5;6,7;1,3;1,9;0,0;0,0
NL:S:43221040;Loweg;Oldenzaal;0,8;1,0;0,3;0,3;0,2;0,4
NL:S:43221210;Wkc Zuid Berghuizen;Oldenzaal;38,1;33,1;16,0;12,5;5,4;3,9
NL:S:43221250;Schapendijk;Oldenzaal;8,9;11,0;2,3;4,0;1,7;2,2
NL:S:43221270;Lossersestraat;Oldenzaal;0,7;0,6;0,3;0,2;0,0;0,0
NL:S:43221290;Postweg;Losser;0,6;1,4;0,1;0,5;0,0;0,0
NL:S:43221450;J.H. Nieuwenhuisstraat;Oldenzaal;11,3;13,3;2,7;2,5;1,3;1,0
NL:S:43221470;Elsmors;Oldenzaal;12,2;13,7;1,5;2,2;0,7;1,0
NL:S:43221510;Zandhorstlaan;Oldenzaal;6,6;6,2;1,7;1,7;0,0;0,0
NL:S:43221530;Hunenveldlaan;Oldenzaal;9,1;2,4;2,0;0,5;0,0;0,0
NL:S:43222010;Ganzenmarkt;Oldenzaal;0,2;0,3;0,1;0,1;0,0;0,0
NL:S:43222030;De Molenkamp;Oldenzaal;0,2;0,7;0,0;0,1;0,0;0,0
NL:S:43222060;De Grote Zwaan;De Lutte;0,1;0,2;0,1;0,1;0,0;0,0
NL:S:43222650;Oliemolenstraat;Oldenzaal;16,9;13,8;4,5;4,5;2,9;2,0
NL:S:43230030;Beckummerweg;Stepelo;0,8;0,9;0,6;0,7;0,4;0,2
NL:S:43230050;Deelweg;Stepelo;1,1;1,1;0,4;0,3;0,3;0,3
NL:S:43230070;Hulstweg;Stepelo;0,8;1,0;0,4;0,5;0,1;0,1
NL:S:43230110;Metaalstraat;Haaksbergen;7,2;8,5;0,6;0,9;0,3;0,5
NL:S:43230140;Veldmaterstraat;Haaksbergen;25,2;26,9;9,0;9,7;6,0;6,3
NL:S:43240030;Hanhofweg;De Lutte;0,1;0,1;0,1;0,1;0,0;0,0
NL:S:43240050;R.K. Kerk;De Lutte;1,9;4,5;0,1;0,3;0,0;0,0
NL:S:43240100;Sporthal;De Lutte;0,1;0,0;0,0;0,0;0,0;0,0
NL:S:43250050;Losserhof;Losser;2,6;3,2;1,2;1,5;0,0;0,0
NL:S:43250090;Snippertweg;Losser;1,5;1,9;0,3;0,6;0,0;0,0
NL:S:43250110;Irisstraat;Losser;2,9;2,8;0,5;0,6;0,0;0,0
NL:S:43250130;R.K. Kerk;Losser;33,5;32,6;9,6;8,7;5,2;4,2
NL:S:43250150;Langenkamp;Losser;1,7;3,1;0,7;1,5;0,3;0,8
NL:S:43250170;Arendstraat;Losser;22,3;19,7;7,3;6,4;4,8;4,2
NL:S:43250370;Prins Bernhardstraat;Overdinkel;15,5;14,6;6,1;5,1;2,7;2,8
NL:S:43250390;Tjibbe Knolstraat;Overdinkel;8,7;15,5;2,4;5,7;1,8;2,7
NL:S:43250400;Schoolstraat;Overdinkel;49,6;38,4;16,2;12,5;7,4;6,2
NL:S:43250520;R.K. Kerk;Overdinkel;12,8;9,7;4,0;3,5;2,2;1,5
NL:S:43250530;Kranengoorweg;Losser;0,2;0,8;0,4;2,0;0,0;0,2
NL:S:43250550;Broekhoekweg;Losser;2,3;4,2;2,9;2,7;0,9;1,4
NL:S:43250570;St. Martinusschool;Losser;2,6;3,0;0,8;1,2;0,6;0,8
NL:S:43250590;Dinkelbrug;Losser;0,7;0,7;0,2;0,3;0,0;0,0
NL:S:43250610;Strootsweg;Losser;0,6;0,6;0,1;0,1;0,1;0,0
NL:S:43250630;Kerkhofweg;Overdinkel;2,9;5,9;0,5;1,6;0,4;1,1
NL:S:43250650;Haydnstraat;Losser;77,1;75,1;26,6;27,4;12,0;13,7
NL:S:43251230;De Pol Noord;Losser;25,3;22,2;6,3;5,3;1,9;2,0
NL:S:43259690;Doctor Staringstraat;Losser;34,3;3,1;14,5;1,2;7,4;0,9
NL:S:43259700;Doctor Staringstraat;Losser;2,6;35,0;1,2;14,3;0,4;8,4
NL:S:43310030;Dikkerslaan;Borne;1,8;1,2;1,5;0,8;0,5;0,5
NL:S:43310050;De Bieffel;Borne;3,0;4,6;0,5;0,5;0,2;0,3
NL:S:43310090;Station;Borne;18,8;22,2;3,9;3,8;2,0;3,2
NL:S:43310110;Europastraat;Borne;3,7;2,4;0,9;0,4;0,8;0,6
NL:S:43310130;Grotestraat;Borne;4,4;4,6;1,0;1,1;0,4;0,6
NL:S:43310230;Paardebloem;Borne;0,1;0,1;0,0;0,0;0,0;0,0
NL:S:43310250;Wkc Stroom Esch;Borne;1,0;1,0;0,0;0,0;0,0;0,0
NL:S:43310270;'t Dijkhuis;Borne;0,1;0,2;0,0;0,0;0,0;0,0
NL:S:43310290;Het Witte Huis;Borne;2,2;2,3;1,0;0,9;0,4;0,4
NL:S:43310350;Wkc Letterveld;Borne;0,2;0,0;0,0;0,0;0,0;0,0
NL:S:43310370;Seringenstraat;Borne;0,0;0,0;0,0;0,0;0,0;0,0
NL:S:43310410;Grotestraat;Borne;0,1;0,1;0,0;0,0;0,0;0,0
NL:S:43311010;R.K. Kerk;Hertme;0,0;0,1;0,0;0,0;0,0;0,0
NL:S:43311030;Dorsetplein;Borne;0,1;0,2;0,0;0,0;0,0;0,0
NL:S:43320090;Saron;Beuningen;3,9;4,4;2,4;2,6;1,3;1,1
NL:S:43320140;Beuningen;Beuningen;5,9;5,9;1,2;1,5;0,5;0,6
NL:S:43330010;'t Laantje;Rossum;0,4;0,5;0,0;0,0;0,0;0,0
NL:S:43330030;Paalmaatsdijk;Rossum;0,1;0,1;0,0;0,0;0,0;0,0
NL:S:43330070;Grotestraat;Rossum;13,8;13,0;0,9;1,2;0,4;0,7
NL:S:43330090;De Weeldbaan;Rossum;7,1;6,8;1,6;1,9;0,8;0,6
NL:S:43330110;Tramweg;Rossum;0,7;0,7;0,1;0,3;0,1;0,1
NL:S:43330130;Boschweg;Rossum;1,0;1,0;0,2;0,1;0,0;0,1
NL:S:43330150;Bibliotheek;Rossum;0,0;0,0;0,0;0,0;0,0;0,0
NL:S:43330170;De Hersmole;Rossum;0,0;0,0;0,0;0,0;0,0;0,0
NL:S:43340040;R.K. Kerk;Deurningen;5,2;6,7;1,8;2,2;0,0;0,0
NL:S:43340100;Grootsweg;Gammelke;0,5;0,7;0,1;0,2;0,0;0,0
NL:S:43340120;Wiefferweg;Gammelke;1,2;1,3;0,1;0,1;0,0;0,0
NL:S:43340140;Veldzijde;Deurningen;4,2;2,5;1,4;0,8;0,0;0,0
NL:S:43350010;Bornsestraat;Weerselo;0,7;0,7;0,2;0,3;0,0;0,0
NL:S:43350030;Het Stift;Weerselo;0,0;0,1;0,0;0,0;0,0;0,0
NL:S:43350050;Gemeentehuis;Weerselo;0,6;0,6;0,0;0,0;0,0;0,0
NL:S:43350070;Holtwijkerstraat;Weerselo;1,7;3,6;0,1;1,2;0,0;0,0
NL:S:43350090;Station;Feanwalden;0,6;0,7;0,4;0,3;0,0;0,0
NL:S:43350110;Oude Weerseloseweg;Lemselo;0,5;0,5;0,0;0,1;0,0;0,0
NL:S:43350130;Morsweg;Lemselo;0,3;0,2;0,0;0,0;0,0;0,0
NL:S:43350170;Ittersbergstraat;Weerselo;21,2;19,6;2,7;3,2;0,0;0,0
NL:S:43350190;Het Hoikinck;Weerselo;9,5;7,3;2,5;1,3;0,0;0,0
NL:S:43350210;Sporthal;Weerselo;0,1;0,1;0,0;0,0;0,0;0,0
NL:S:43350230;Cafe Bruins;Saasveld;1,0;1,1;0,0;0,0;0,0;0,0
NL:S:43350250;Echelpoelweg;Gammelke;0,1;0,2;0,0;0,0;0,0;0,0
NL:S:43350270;Gammelkerstraat;Gammelke;0,4;0,4;0,1;0,1;0,0;0,0
NL:S:43350290;Ootmarsumsedijk;Lemselo;2,9;2,9;0,1;0,5;0,0;0,0
NL:S:43350330;Oude Deurningerstraat;Gammelke;0,5;0,5;0,0;0,0;0,0;0,0
NL:S:43350350;Voortmorsstraat;Weerselo;2,7;2,5;2,4;0,5;0,0;0,0
NL:S:43360131;Mozartstraat;Almelo;1,0;0,8;0,3;0,3;0,0;0,0
NL:S:43380010;Hondorp;Gelselaar;3,4;3,7;0,9;0,7;0,0;0,0
NL:S:43380070;School;Geesteren;0,3;0,3;0,0;0,1;0,0;0,0
NL:S:43380110;Baan;Geesteren;4,9;4,9;2,1;1,7;0,0;0,0
NL:S:43380150;Bouwhuis;Geesteren;0,2;0,4;0,1;0,2;0,0;0,0
NL:S:43400010;Kerkweg;Tilligte;0,2;0,2;0,0;0,0;0,0;0,0
NL:S:43400030;Wiemselweg;Tilligte;0,1;0,0;0,0;0,0;0,0;0,0
NL:S:43400090;Dusinksweg;Tilligte;0,0;0,0;0,0;0,0;0,0;0,0
NL:S:43400120;Cafe Arends;Lattrop;0,6;0,8;0,0;0,0;0,0;0,0
NL:S:43400130;R.K. Kerk;Lattrop;0,4;0,1;0,0;0,0;0,0;0,0
NL:S:43400170;Viersprong;Lattrop;0,0;0,1;0,0;0,0;0,0;0,0
NL:S:43400210;Viersprong De Holtweijde;Lattrop;0,2;0,3;0,0;0,0;0,0;0,0
NL:S:43410010;Mastboersweg;Zenderen;0,2;0,2;0,0;0,1;0,0;0,0
NL:S:43410050;Old Coopers Hall;Zenderen;6,1;6,1;2,8;2,4;1,3;1,4
NL:S:43410090;Reefsweg;Zenderen;1,9;1,9;0,3;0,6;0,3;0,6
NL:S:43420030;Dinkeloord;Denekamp;1,5;1,5;1,7;1,0;0,9;0,4
NL:S:43420110;Julianastraat;Denekamp;0,0;0,0;0,0;0,0;0,0;0,0
NL:S:43420150;Churchillstraat;Denekamp;23,6;23,2;7,0;7,6;4,7;4,1
NL:S:43420170;Onder de Linden;Denekamp;56,4;48,7;13,0;11,3;7,7;5,2
NL:S:43420210;Veldkampsweg;Denekamp;28,8;26,6;8,6;7,0;4,1;4,6
NL:S:43420230;St. Nicolaasstichting;Denekamp;0,0;0,1;0,0;0,0;0,0;0,0
NL:S:43420270;De Borghert;Denekamp;7,2;7,4;1,6;2,5;1,1;1,1
NL:S:43420290;De Volharding;Denekamp;9,5;9,2;3,7;4,2;2,1;2,4
NL:S:43420310;Den Alerdink;Denekamp;0,0;0,1;0,0;0,0;0,0;0,0
NL:S:43420330;Israelisch Kerkhof;Denekamp;0,1;0,1;0,0;0,0;0,0;0,0
NL:S:43420370;Oranjestraat;Denekamp;33,5;36,0;13,7;14,4;5,4;5,8
NL:S:43420390;Wilhelminastraat;Denekamp;0,0;0,3;0,0;0,0;0,0;0,0
NL:S:43420400;Gerardus Majella;Denekamp;0,0;0,0;0,0;0,0;0,0;0,0
NL:S:43430010;Oosterveldsweg;Vasse;0,8;1,5;0,2;0,1;0,1;0,1
NL:S:43430030;De Roezenberg;Vasse;0,4;0,5;0,2;0,3;0,2;0,1
NL:S:43430050;Nutterseweg;Ootmarsum;1,0;1,3;0,3;0,1;1,3;0,1
NL:S:43430070;Bielebelt;Ootmarsum;0,7;0,8;0,1;0,1;0,4;0,1
NL:S:43430090;Denekamperstraat;Ootmarsum;31,5;32,5;5,7;6,1;4,4;3,0
NL:S:43430110;Molenstraat;Ootmarsum;0,3;0,7;0,0;0,0;0,0;0,0
NL:S:43430130;Almelosestraat;Ootmarsum;3,0;3,8;1,0;1,4;1,0;1,0
NL:S:43430330;Bovenesweg;Vasse;0,1;0,3;0,3;0,5;0,8;0,1
NL:S:43430350;Vasserweg;Ootmarsum;1,3;1,6;0,4;0,5;0,2;0,8
NL:S:43430510;Laagsestraat;Ootmarsum;2,1;0,2;0,0;0,0;0,0;0,0
NL:S:43430530;Winhofflaan;Ootmarsum;0,1;0,2;0,0;0,0;0,0;0,0
NL:S:43430810;Stobbenkamp;Ootmarsum;9,8;9,4;4,9;4,7;3,8;2,7
NL:S:43430830;Wolfsbree;Ootmarsum;14,8;14,2;1,8;2,2;1,5;1,1
NL:S:43430850;Kleinesweg;Ootmarsum;6,4;6,5;1,1;1,4;1,0;1,0
NL:S:43430870;Enktermorsweg;Ootmarsum;0,2;0,1;0,0;0,0;0,1;0,0
NL:S:43430890;Groot Agelo;Ootmarsum;0,5;0,7;0,0;0,1;0,1;0,6
NL:S:43430910;Voortsweg;Ootmarsum;1,4;1,3;0,2;0,1;0,6;0,2
NL:S:43430930;Agelerbrug;Ootmarsum;0,1;0,1;0,0;0,1;0,0;0,0
NL:S:43430970;Cafe Groot Agelo;Agelo;0,1;0,1;0,0;0,0;0,0;0,0
NL:S:43440070;Businesspark Twente;Almelo;0,7;0,9;0,1;0,0;0,0;0,0
NL:S:43450010;Gemeentehuis;Diepenheim;13,2;12,4;2,4;3,1;0,0;0,0
NL:S:43450030;Warmelo;Diepenheim;0,3;0,7;0,1;0,2;0,0;0,0
NL:S:43450050;Boszicht;Diepenheim;0,3;0,4;0,1;0,1;0,0;0,0
NL:S:43450090;Lindelaan;Diepenheim;6,7;6,5;1,0;1,4;0,0;0,0
NL:S:43450110;Schipbeekbrug;Diepenheim;1,5;1,4;0,6;0,5;0,0;0,0
NL:S:43450130;Roesink;Diepenheim;0,3;0,1;0,1;0,0;0,0;0,0
NL:S:43510010;Centraal Station;Almelo;892,5;826,4;194,7;168,6;107,5;85,3
NL:S:43510031;Centrumplein;Almelo;64,2;70,0;41,5;43,0;7,1;8,0
NL:S:43510051;Boddenstraat;Almelo;20,6;31,7;13,0;19,7;2,8;5,0
NL:S:43510071;Brugstraat;Almelo;4,0;2,2;0,5;0,3;1,1;1,0
NL:S:43510081;Tijhofslaan;Almelo;3,1;6,2;0,3;0,8;0,2;0,4
NL:S:43510091;Vriezebrug;Almelo;5,1;2,8;1,2;1,1;0,9;0,7
NL:S:43510100;Vredeveld;Almelo;25,8;22,8;7,0;6,6;4,4;4,0
NL:S:43510110;De Klokkenbelt;Almelo;10,7;15,9;2,9;5,3;1,8;2,3
NL:S:43510130;Brandersweg;Almelo;3,8;5,5;1,9;2,9;0,2;3,3
NL:S:43510150;St. Josephstraat;Almelo;15,1;15,4;7,5;8,7;1,7;4,3
NL:S:43510190;Baniersweg;Almelo;6,7;7,2;2,3;3,1;0,6;2,0
NL:S:43510210;Bevrijdingslaan;Almelo;8,6;8,9;3,2;3,2;1,7;2,6
NL:S:43510230;Koningshoek;Almelo;19,9;18,9;3,4;4,6;2,4;3,6
NL:S:43510240;Keppel;Almelo;7,9;9,4;2,4;3,1;1,1;2,2
NL:S:43510270;De Eik;Almelo;25,4;25,1;5,8;6,2;2,1;4,3
NL:S:43510290;De Haere;Almelo;24,6;21,1;11,9;10,3;5,1;5,0
NL:S:43510310;Wkc Schelfhorst;Almelo;23,3;26,3;10,0;10,3;3,2;3,9
NL:S:43510330;Wickenburg;Almelo;15,8;15,7;7,8;8,5;3,4;4,8
NL:S:43510350;Sandenburg;Almelo;12,5;10,7;4,5;3,5;1,4;1,6
NL:S:43510370;Blikkenburg;Almelo;8,4;7,4;3,1;2,2;1,8;1,0
NL:S:43510390;Rustweg;Almelo;2,3;3,9;1,2;1,4;0,8;0,4
NL:S:43510410;Heetveldsweg;Almelo;8,0;5,8;3,2;2,1;2,7;0,9
NL:S:43510420;Schelfhorstpark;Almelo;11,2;10,8;7,3;4,4;5,8;1,3
NL:S:43510430;Stadion;Almelo;8,6;9,0;3,3;1,5;2,2;0,2
NL:S:43510470;Ziekenhuisgroep Twente;Almelo;42,0;44,3;9,2;8,8;4,5;3,0
NL:S:43510485;Kalverstraat;Almelo;0,7;0,9;0,0;0,1;0,0;0,0
NL:S:43510750;Sporthal Rembrandtlaan;Almelo;15,8;21,0;5,5;7,9;3,4;6,6
NL:S:43510770;Frederik van Eedenstraat;Almelo;12,6;10,3;3,4;3,1;1,1;1,4
NL:S:43510790;Jacob van Ruysdaelstraat;Almelo;9,6;8,1;2,7;2,4;0,0;0,0
NL:S:43510870;Groot Bokhove;Almelo;4,6;4,0;2,6;2,0;0,7;0,3
NL:S:43510890;De Wingerd;Almelo;10,5;15,5;3,9;4,9;1,5;2,3
NL:S:43510910;De Koppel;Almelo;8,2;9,9;2,8;3,9;1,3;1,3
NL:S:43510970;KSG Canisius;Almelo;2,2;1,7;0,4;0,1;0,0;0,0
NL:S:43511010;Appelstraat;Almelo;0,9;4,9;0,1;0,5;0,0;0,0
NL:S:43511030;Groen van Prinstererstraat;Almelo;0,4;0,2;0,1;0,0;0,0;0,0
NL:S:43511050;Sweelincklaan;Almelo;0,6;0,9;0,2;0,4;0,0;0,0
NL:S:43511070;Obrechtstraat;Almelo;1,1;1,5;0,3;0,2;0,0;0,0
NL:S:43511090;C. van Renneslaan;Almelo;0,5;2,8;0,3;1,0;0,0;0,0
NL:S:43511100;Paganinistraat;Almelo;3,3;2,4;0,6;0,5;0,0;0,0
NL:S:43511120;Tsjaikowskystraat;Almelo;3,3;3,1;0,6;0,5;0,0;0,0
NL:S:43511140;Haydnlaan;Almelo;1,6;1,4;1,1;0,7;0,0;0,0
NL:S:43511160;Hoog Schuilenburg;Almelo;1,5;1,5;0,6;0,4;0,0;0,0
NL:S:43511200;Sibeliusstraat;Almelo;2,2;2,1;0,5;0,4;0,0;0,0
NL:S:43511210;Nico Werkmanlaan;Almelo;4,4;2,3;0,3;0,4;0,0;0,0
NL:S:43511230;Nieuw Witvoet;Almelo;7,7;11,3;1,4;4,4;0,4;4,7
NL:S:43511240;De Taling;Almelo;8,9;7,7;2,8;2,9;0,9;1,5
NL:S:43511270;Vincent van Goghplein;Almelo;23,8;18,0;6,3;6,4;0,0;0,0
NL:S:43511290;ROC De Sumpel;Almelo;45,4;51,6;1,1;1,5;0,0;0,0
NL:S:43511310;De Ara;Almelo;9,8;9,0;2,0;2,3;0,9;1,2
NL:S:43511340;De Boerenzwaluw;Almelo;10,7;10,3;4,1;4,4;2,0;2,7
NL:S:43511360;Wkc Windmolenbroek;Almelo;23,0;24,4;12,8;10,8;4,1;4,2
NL:S:43511380;De Hop;Almelo;18,9;17,0;8,0;8,6;3,3;4,5
NL:S:43511400;De Kolibrie;Almelo;11,4;10,2;4,8;4,3;2,8;3,3
NL:S:43511480;Betuining;Almelo;11,5;13,1;0,5;0,5;0,0;0,0
NL:S:43511500;Grand Canal;Almelo;4,1;3,1;1,3;0,9;0,0;0,0
NL:S:43511530;De Specht;Almelo;4,7;5,8;1,2;1,2;0,5;0,7
NL:S:43511550;De Mees;Almelo;7,4;7,6;2,7;2,7;1,1;2,0
NL:S:43511570;De Putter;Almelo;14,0;13,9;3,5;3,8;1,5;1,7
NL:S:43511591;Buurstede;Almelo;15,8;16,0;4,4;5,5;2,7;3,2
NL:S:43511610;De Patrijs;Almelo;12,4;11,1;2,3;2,6;1,0;1,1
NL:S:43511640;Woonboulevard;Almelo;11,1;22,1;3,2;3,6;1,6;1,0
NL:S:43511670;Zwaluwenstraat;Almelo;0,7;1,1;0,1;0,5;0,0;0,0
NL:S:43511690;Wondestraat;Almelo;1,6;1,9;0,7;0,6;0,0;0,0
NL:S:43511710;Frans Halsstraat;Almelo;8,9;4,8;1,9;1,3;0,0;0,0
NL:S:43511730;Ten Dam;Almelo;4,3;4,4;0,2;0,2;0,0;0,0
NL:S:43511750;Pergola;Almelo;1,5;1,3;0,2;0,4;0,0;0,0
NL:S:43512060;Viaduct;Almelo;4,2;5,4;0,1;0,2;0,0;0,0
NL:S:43512070;Elsboerlaan;Almelo;18,2;19,1;1,6;0,9;0,4;0,5
NL:S:43512090;Meulenbeldlaan;Almelo;2,5;3,4;0,8;1,3;0,4;0,7
NL:S:43512110;Huize Alexandra;Almelo;9,1;6,9;3,0;2,7;1,7;2,2
NL:S:43512130;Het Meulenbelt;Almelo;11,3;11,3;2,1;2,1;1,2;1,8
NL:S:43512160;Oostermaatweg;Vriezenveen;0,6;0,3;0,0;0,2;0,0;0,0
NL:S:43512170;Markgraven;Almelo;5,7;4,6;0,9;0,5;0,4;0,4
NL:S:43512190;Karelskamp;Almelo;8,2;8,9;1,1;0,8;0,5;0,8
NL:S:43512210;Oude Veemarkt;Almelo;3,0;3,8;1,1;1,1;0,8;0,6
NL:S:43512230;Violierstraat;Almelo;8,6;11,9;4,8;6,3;4,4;4,6
NL:S:43512250;De Kei;Almelo;2,9;2,1;0,9;0,5;0,8;0,5
NL:S:43512270;Planthofsweg;Almelo;3,7;4,2;0,1;0,1;0,0;0,1
NL:S:43512310;De Niendure;Almelo;0,2;0,2;0,0;0,0;0,0;0,8
NL:S:43512430;Robbenhaarsweg;Almelo;4,0;3,6;1,1;1,4;0,6;0,7
NL:S:43512450;Mariaparochie;Almelo;1,5;1,8;0,2;0,3;0,2;0,3
NL:S:43512470;Kampkuiper;Harbrinkhoek;6,8;6,4;0,5;1,2;0,6;1,0
NL:S:43512490;Frielinkstraat;Harbrinkhoek;6,4;5,9;0,5;0,4;0,5;0,3
NL:S:43512510;Mariaparochie;Almelo;1,0;1,6;0,1;0,7;0,0;0,0
NL:S:43512540;Mekkelenberg;Albergen;0,7;0,8;0,2;0,1;0,0;0,0
NL:S:43512550;Leuvinksveld;Harbrinkhoek;1,8;1,8;1,1;1,2;0,6;0,6
NL:S:43512610;Bellavistastraat;Almelo;4,3;11,3;0,1;0,3;0,0;0,0
NL:S:43512670;Bavinkelsweg;Almelo;0,5;0,5;0,1;0,0;0,2;0,0
NL:S:43512790;Sluisweg;Almelo;0,8;1,3;0,0;0,1;0,0;0,0
NL:S:43512830;Van Riemsdijkweg;Almelo;0,2;0,4;0,0;0,1;0,0;0,0
NL:S:43512850;Van den Broekeweg;Almelo;10,2;10,7;0,3;0,4;0,0;0,0
NL:S:43512870;Beatrix de Rijkweg;Almelo;1,2;2,5;0,1;0,2;0,0;0,0
NL:S:43512950;Valeriusstraat;Almelo;2,3;2,6;0,2;0,2;0,0;0,0
NL:S:43514010;Egbert ten Catelaan;Almelo;5,7;7,4;0,9;0,6;0,0;0,0
NL:S:43530010;De Viersprong;Tubbergen;1,0;1,6;0,3;0,7;0,2;0,4
NL:S:43530030;Boakenkampsweg;Vasse;0,4;0,3;0,1;0,1;0,1;0,1
NL:S:43530050;Bolscher;Vasse;6,4;5,8;0,9;1,1;1,1;0,9
NL:S:43530070;R.K. Kerk;Vasse;10,0;10,1;2,2;2,4;2,2;1,3
NL:S:43550270;R.K. Kerk;Reutum;0,8;0,5;0,0;0,0;0,0;0,0
NL:S:43550310;Agelerweg;Reutum;0,0;0,0;0,0;0,0;0,0;0,0
NL:S:43560011;Herman Heijermansstraat;Goor;9,3;10,7;1,5;1,7;0,0;0,0
NL:S:43560020;Station;Goor;158,1;151,3;34,7;28,3;0,0;0,0
NL:S:43560050;School;Elsenerbroek;0,1;0,2;0,0;0,0;0,0;0,0
NL:S:43560070;Korte Dijk;Goor;3,0;3,1;0,1;0,3;0,0;0,0
NL:S:43560130;Oad garage;Goor;4,9;5,2;0,5;0,7;0,0;0,0
NL:S:43560210;Hazenkamp;Herikerberg;0,5;0,5;0,2;0,2;0,0;0,0
NL:S:43560230;Jachtlust;Goor;12,0;12,2;0,9;1,1;0,0;0,0
NL:S:43560250;Huishoudschool;Goor;3,6;4,1;0,3;1,0;0,0;0,0
NL:S:43560350;Reggebrug;Elsenerbroek;0,2;0,4;0,0;0,2;0,0;0,0
NL:S:43560370;Zomerweg;Goor;1,9;2,3;0,1;0,2;0,0;0,0
NL:S:43560490;Kevelhamlaan;Goor;0,1;0,1;0,0;0,0;0,0;0,0
NL:S:43560510;Ripperda;Goor;0,1;0,1;0,1;0,2;0,0;0,0
NL:S:43560610;Wiener Bentelerscheidingsweg;Goor;1,3;1,8;0,2;0,4;0,0;0,0
NL:S:43590030;De Zuivering;Vriezenveen;1,0;2,9;0,2;0,5;0,0;0,2
NL:S:43590050;Zuivelfabriek;Vriezenveen;11,0;11,6;1,5;1,2;0,7;0,5
NL:S:43590070;'t Midden;Vriezenveen;21,7;22,1;4,2;3,7;1,6;1,9
NL:S:43590100;Westerveenweg;Vriezenveen;0,1;0,3;0,0;0,1;0,0;0,0
NL:S:43590230;Albardastraat;Aadorp;4,1;4,3;0,3;0,5;0,0;0,0
NL:S:43590250;Berkenlaan;Aadorp;1,1;1,4;0,1;0,3;0,0;0,0
NL:S:43590270;Peppellaan;Aadorp;2,4;2,4;1,4;1,0;0,0;0,0
NL:S:43590300;De Merel;Vriezenveen;4,5;4,1;0,8;0,7;0,0;0,0
NL:S:43590310;Westerweilandweg;Vriezenveen;4,9;3,8;0,9;0,4;0,0;0,0
NL:S:43590330;De Nachtegaal;Vriezenveen;5,9;5,0;1,1;0,8;0,0;0,0
NL:S:43590540;Prinsenweg;Vriezenveen;1,2;0,8;0,1;0,3;0,0;0,0
NL:S:43590700;Nieuwe Daarlerveenseweg;Vriezenveen;3,1;2,5;0,3;0,4;0,0;0,0
NL:S:43590740;Karel Schaapstraat;Vriezenveen;8,1;7,1;1,4;0,8;0,0;0,0
NL:S:43590760;Broekland;Vriezenveen;3,6;2,9;0,9;0,5;0,0;0,0
NL:S:43590800;Petersburgstraat;Vriezenveen;10,4;9,9;1,5;1,6;0,0;0,0
NL:S:43621010;N.H. Kerk;Wierden;1,5;3,6;1,0;1,7;0,0;0,0
NL:S:43621030;Nijstad;Notter;0,3;0,2;0,0;0,0;0,0;0,0
NL:S:43621050;Klokkendijk;Rijssen;0,9;1,1;0,2;0,1;0,0;0,0
NL:S:43621070;Grimberg;Nijstad;0,1;0,2;0,1;0,2;0,0;0,0
NL:S:43621130;Enterweg;Wierden;0,7;0,5;0,2;0,2;0,0;0,0
NL:S:43621170;Smeijerskampstraat;Wierden;2,9;2,9;1,0;1,0;0,0;0,0
NL:S:43621190;Akeleistraat;Wierden;3,0;1,1;1,0;0,2;0,0;0,0
NL:S:43621210;Aadorpsweg;Wierden;3,8;3,3;0,2;0,4;0,0;0,0
NL:S:43630010;Manderveenseweg;Tubbergen;1,1;1,3;0,0;0,1;0,0;0,2
NL:S:43630060;Bruno van Ommenstraat;Tubbergen;11,5;13,1;2,0;2,6;0,8;1,3
NL:S:43630070;Julianastraat;Tubbergen;13,3;13,0;2,5;2,7;1,4;1,4
NL:S:43630090;Binnenveldsweg;Tubbergen;20,5;18,3;3,8;3,6;2,8;2,3
NL:S:43630110;Haarboersweg;Tubbergen;0,4;0,6;0,1;0,4;0,4;0,1
NL:S:43630130;Almeloseweg;Tubbergen;19,9;18,0;5,6;5,4;3,2;2,9
NL:S:43630530;Driesprong;Bruinehaar;0,3;0,3;0,0;0,1;0,0;0,0
NL:S:43630570;Wiekslag;Tubbergen;7,5;7,7;0,6;1,2;0,0;0,0
NL:S:43630710;Nijverheidsstraat;Tubbergen;0,4;0,4;0,7;0,8;0,0;0,0
NL:S:43630720;Marconistraat;Tubbergen;1,4;2,1;0,5;0,7;0,0;0,0
NL:S:43640010;Handelsstraat;Hardenberg;0,6;0,9;0,0;0,0;0,0;0,0
NL:S:43640030;Wavin;Hardenberg;0,4;0,7;0,0;0,0;0,0;0,0
NL:S:43640050;Ziekenhuis;Hardenberg;1,1;2,0;0,0;0,0;0,0;0,0
NL:S:43640070;Station;Hardenberg;50,8;48,7;0,5;0,3;0,0;0,0
NL:S:43640180;Bruchterbeekweg;Hardenberg;0,1;0,2;0,0;0,0;0,0;0,0
NL:S:43640370;De Nieuwe Haven;Hardenberg;1,2;1,7;0,0;0,0;0,0;0,0
NL:S:43650010;Viersprong;Fleringen;17,7;16,5;2,5;2,7;0,0;0,0
NL:S:43650210;Hagveldsweg;Fleringen;2,7;0,9;0,2;0,4;0,0;0,0
NL:S:43650230;Kanaal;Fleringen;0,7;0,8;0,1;0,1;0,0;0,0
NL:S:43650250;Oude Almelosedijk;Fleringen;0,9;0,9;0,3;0,2;0,0;0,0
NL:S:43650290;Herinckhaveweg;Fleringen;1,0;0,8;0,1;0,1;0,0;0,0
NL:S:43660010;Herikerberg;Herikerberg;0,8;0,9;0,2;0,0;0,0;0,0
NL:S:43660030;Burg. de Beaufortplein;Markelo;12,3;11,8;3,7;3,5;0,0;0,0
NL:S:43660050;Hessenheem;Herikerberg;3,8;4,7;1,2;1,5;0,0;0,0
NL:S:43660070;Cafe De Poppe;Markelo;2,1;2,4;0,8;0,7;0,0;0,0
NL:S:43660090;Krabbenbos;Markelo;0,2;0,2;0,0;0,0;0,0;0,0
NL:S:43660110;Larenseweg;Markelo;4,6;5,0;1,0;1,1;0,0;0,0
NL:S:43660130;De Koekoek;Markelo;14,5;14,3;2,2;1,7;0,0;0,0
NL:S:43690450;Haarakkersweg;Langeveen;0,2;0,3;0,0;0,0;0,0;0,0
NL:S:43690480;Dwarsstraat;Langeveen;0,1;0,1;0,0;0,0;0,0;0,0
NL:S:43690500;Cafe Nobbenhuis;Langeveen;0,7;0,5;0,0;0,0;0,0;0,0
NL:S:43690510;R.K. Kerk;Langeveen;0,2;0,3;0,0;0,0;0,0;0,0
NL:S:43720260;Station;Nijverdal;52,9;53,3;6,4;5,8;0,0;0,0
NL:S:43720270;Spoorstraat;Nijverdal;1,6;1,8;0,3;0,4;0,0;0,0
NL:S:43720290;Gemeentehuis;Nijverdal;2,1;1,6;0,5;0,5;0,0;0,0
NL:S:43720310;Molenweg;Nijverdal;0,4;0,7;0,2;0,2;0,0;0,0
NL:S:43720490;Ereprijs;Nijverdal;4,5;3,9;1,4;1,0;0,0;0,0
NL:S:43720570;Helmkruidlaan;Nijverdal;0,9;0,7;0,1;0,2;0,0;0,0
NL:S:43720630;Polhaarweg;Nijverdal;2,6;1,2;0,2;0,1;0,0;0,0
NL:S:43720810;Sporthal;Nijverdal;1,7;1,9;0,1;0,5;0,0;0,0
NL:S:43720830;Helmerink;Nijverdal;6,6;5,7;0,6;0,2;0,0;0,0
NL:S:43720920;Bolink;Nijverdal;0,5;0,9;0,1;0,1;0,0;0,0
NL:S:43720970;Centrum;Nijverdal;0,4;1,4;0,4;0,5;0,0;0,0
NL:S:43721050;Bergleidingweg;Nijverdal;6,9;7,0;0,8;1,1;0,0;0,0
NL:S:43721070;Buitencentrum;Nijverdal;0,0;0,1;0,0;0,0;0,0;0,0
NL:S:43730050;Veeneggeweg;Harbrinkhoek;0,5;0,5;0,0;0,0;0,0;0,0
NL:S:43730070;Landriteweg;Geesteren;0,6;0,7;0,0;0,5;0,0;0,1
NL:S:43730090;Geesterseveldweg;Geesteren;0,9;0,8;0,1;0,1;0,2;0,2
NL:S:43730110;Poolsweg;Geesteren;0,6;0,6;0,0;0,0;0,0;0,0
NL:S:43730130;Lutkeberg;Geesteren;17,4;16,4;1,8;1,7;1,0;0,8
NL:S:43730150;Dorpsstraat;Geesteren;8,2;9,0;0,8;1,0;1,1;1,0
NL:S:43730170;Mensinkkamp;Geesteren;4,4;3,2;0,6;0,5;0,6;0,4
NL:S:43730190;Volmersweg;Geesteren;1,4;1,3;0,1;0,2;0,2;0,2
NL:S:43730210;Knoefbakker;Geesteren;7,2;7,0;0,3;0,4;0,3;0,4
NL:S:43730250;Voshaarweg;Harbrinkhoek;0,5;0,5;0,1;0,1;0,0;0,0
NL:S:43740010;Hammerdijk;Vroomshoop;0,4;0,3;0,1;0,1;0,0;0,0
NL:S:43740020;Pres. Kennedystraat;Vroomshoop;13,7;14,0;0,9;1,6;0,0;0,0
NL:S:43740050;Sallandia;Vroomshoop;0,1;0,2;0,0;0,0;0,0;0,0
NL:S:43740070;Dalvoorderslag;Vroomshoop;1,1;1,1;0,0;0,0;0,0;0,0
NL:S:43740090;Tonnendijk;Vroomshoop;7,9;7,1;0,6;0,7;0,0;0,0
NL:S:43740130;Beatrixstraat;Vroomshoop;7,9;8,5;1,2;1,0;0,0;0,0
NL:S:43740180;Zwembad;Vroomshoop;1,1;1,3;0,0;0,1;0,0;0,0
NL:S:43750030;Hofmaatsweg;Albergen;0,8;0,8;0,0;0,0;0,0;0,0
NL:S:43750050;Gravendijk;Albergen;0,8;1,0;0,5;0,6;0,0;0,0
NL:S:43750070;Assinkshoekweg;Albergen;0,6;0,7;0,0;0,0;0,0;0,0
NL:S:43750090;Van Koersveldweg;Albergen;2,2;2,2;0,4;0,5;0,0;0,0
NL:S:43750130;Zenderseweg;Albergen;19,9;18,0;2,5;2,7;0,0;0,0
NL:S:43750150;Molenbinnenweg;Albergen;1,9;1,9;0,0;0,1;0,0;0,0
NL:S:43750170;Kloosteresweg;Albergen;4,6;4,0;0,5;0,4;0,0;0,0
NL:S:43750190;Brakenweg;Albergen;1,3;1,1;0,2;0,1;0,0;0,0
NL:S:43760010;Handwijzer;Marle;0,1;0,1;0,0;0,0;0,0;0,0
NL:S:43760070;Kerkstraat;Daarlerveen;0,3;0,3;0,0;0,1;0,0;0,0
NL:S:43760080;Station;Daarlerveen;0,1;0,0;0,0;0,0;0,0;0,0
NL:S:43760100;'n Tip;Daarle;1,2;1,0;0,0;0,0;0,0;0,0
NL:S:43780030;Centrum;Holten;1,6;1,5;0,0;0,4;0,0;0,0
NL:S:43780050;Station;Holten;20,1;15,1;4,4;4,4;0,0;0,0
NL:S:43780090;Scholengemeenschap;Holten;3,6;1,4;0,3;0,5;0,0;0,0
NL:S:43780110;Borkeld;Holten;1,5;1,8;0,8;0,7;0,0;0,0
NL:S:43780170;De Driesprong;Holten;1,2;1,0;0,7;0,3;0,0;0,0
NL:S:43780210;Diessenplas;Holten;14,7;28,8;0,3;0,2;0,0;0,0
NL:S:43780230;Kon. Wilhelminastraat;Holten;5,8;1,3;0,6;0,6;0,0;0,0
NL:S:43780310;Kerkhofsweg;Holten;2,4;0,9;0,5;0,9;0,0;0,0
NL:S:43790010;Sluiskade;Westerhaar;6,1;5,6;0,6;0,8;0,8;0,2
NL:S:43790030;De Klaampe;Westerhaar;1,9;2,9;0,3;0,5;0,2;0,4
NL:S:43790050;Leidijk;Westerhaar;1,8;3,5;0,1;1,0;0,1;0,8
NL:S:43790070;Wollegrasstraat;Westerhaar;5,6;6,4;0,5;0,7;0,0;0,0
NL:S:43790100;Schapenweg;Westerhaar;3,5;3,4;0,0;0,0;0,0;0,0
NL:S:43790110;Vroomshoopseweg;Westerhaar;1,0;1,0;0,2;0,1;0,0;0,0
NL:S:43790130;Dalweg;Westerhaar;1,8;1,9;0,3;0,2;0,5;0,6
NL:S:43790150;Busstation;Westerhaar;101,2;96,5;5,8;4,8;3,1;2,8
NL:S:43820070;Schapenmarkt;Hellendoorn;1,3;1,6;0,8;0,9;0,0;0,0
NL:S:43820230;De Blenke;Hellendoorn;0,4;0,6;0,1;0,1;0,0;0,0
NL:S:43820270;Hellendoornsebergweg;Hellendoorn;0,1;0,1;0,0;0,0;0,0;0,0
NL:S:43820310;Looweg;Hellendoorn;0,1;0,1;0,1;0,0;0,0;0,0
NL:S:43820330;Krönnenzommer;Hellendoorn;0,6;0,5;0,4;0,3;0,0;0,0
NL:S:43820410;Reggeweg;Hellendoorn;1,0;1,0;0,4;0,4;0,0;0,0
NL:S:43820450;Schuilenburgerweg;Hellendoorn;0,9;0,9;0,1;0,1;0,0;0,0
NL:S:43820470;Collenstaartweg;Hulsen;0,7;0,9;0,0;0,0;0,0;0,0
NL:S:43840030;De Kooyen;Den Ham;0,8;0,7;0,1;0,2;0,0;0,0
NL:S:43840050;Middenweg;Den Ham;1,5;1,5;0,3;0,3;0,0;0,0
NL:S:43840070;Driesprong;Den Ham;11,8;10,5;2,2;2,6;0,0;0,0
NL:S:43840090;Geref. Kerk;Den Ham;21,7;21,3;3,6;3,0;0,0;0,0
NL:S:43840110;Zuivelfabriek;Den Ham;3,5;3,7;0,3;0,3;0,0;0,0
NL:S:43840130;Smitstraat;Den Ham;13,9;13,7;1,2;1,4;0,0;0,0
NL:S:43840170;Noordmeer;Den Ham;0,3;0,5;0,0;0,0;0,0;0,0
NL:S:43840240;Het Liefferdinck;Den Ham;0,0;0,0;0,0;0,0;0,0;0,0
NL:S:43840260;Brink;Den Ham;0,1;0,2;0,0;0,1;0,0;0,0
NL:S:43860010;Kapoene;Enter;0,7;0,5;0,1;0,2;0,0;0,0
NL:S:43860030;R.K. Kerk;Enter;7,3;6,7;1,5;1,8;0,0;0,0
NL:S:43860070;Rohaan;Enter;4,6;4,7;0,6;0,9;0,0;0,0
NL:S:43860090;Stationsweg;Enter;2,3;2,7;0,3;0,5;0,0;0,0
NL:S:43860110;Brandput;Enter;9,4;8,9;1,5;2,2;0,0;0,0
NL:S:43860130;Braamhaar;Enter;12,8;12,6;1,8;2,8;0,0;0,0
NL:S:43860150;Heerink;Enter;1,0;0,9;0,1;0,1;0,0;0,0
NL:S:43860180;Jagersweg;Enter;0,4;0,4;0,0;0,0;0,0;0,0
NL:S:43870050;Blokkendijk;Zuna;0,7;0,6;0,0;0,2;0,0;0,0
NL:S:43870130;Spoelerstraat;Rijssen;3,5;5,4;0,0;0,2;0,0;0,0
NL:S:43880030;Oude Veemarkt;Rijssen;3,3;4,2;1,5;2,3;0,0;0,0
NL:S:43880070;Station;Rijssen;58,4;56,2;17,0;12,4;0,0;0,0
NL:S:43880120;Waterhoen;Rijssen;5,3;5,3;0,7;0,6;0,0;0,0
NL:S:43880210;Scholengemeenschap;Rijssen;14,0;13,4;1,1;1,1;0,0;0,0
NL:S:43880230;Stationsdwarsweg;Rijssen;0,2;0,3;0,0;0,1;0,0;0,0
NL:S:43880310;Kryptonstraat;Rijssen;2,4;2,7;0,0;0,1;0,0;0,0
NL:S:43880330;Schapendijk;Rijssen;1,0;1,4;0,3;0,4;0,0;0,0
NL:S:43880350;Reggesteyn/Cattelaar;Rijssen;7,7;8,1;0,6;0,5;0,0;0,0
NL:S:43880450;Holterweg/Banisweg;Rijssen;2,0;2,1;0,1;0,4;0,0;0,0
NL:S:43880510;Molenstalweg;Rijssen;0,1;0,3;0,0;0,2;0,0;0,0
NL:S:43880530;Hagslagen;Rijssen;7,7;6,8;0,8;0,8;0,0;0,0
NL:S:43880570;Scholekster;Rijssen;3,1;3,1;0,3;0,2;0,0;0,0
NL:S:43880600;Parkstede;Rijssen;2,0;2,2;0,4;0,5;0,0;0,0
NL:S:43890030;Meijerboersweg;Westerhaar;0,6;0,6;0,0;0,0;0,0;0,0
NL:S:43890050;Driesprong;Sibculo;8,6;8,4;0,0;0,0;0,0;0,0
NL:S:43890070;Bergweg;Sibculo;1,2;1,3;0,0;0,0;0,0;0,0
NL:S:43890090;Schoolstraat;Kloosterhaar;4,6;4,2;0,0;0,0;0,0;0,0
NL:S:43890110;Viersprong;Kloosterhaar;5,3;5,4;0,1;0,1;0,0;0,0
NL:S:43890130;Oude Vaart;Kloosterhaar;0,3;0,2;0,0;0,0;0,0;0,0
NL:S:43890150;Post;Kloosterhaar;0,0;0,0;0,0;0,0;0,0;0,0
NL:S:43890170;Horstra;Kloosterhaar;0,0;0,1;0,0;0,0;0,0;0,0
NL:S:43990030;Pannemansbos;Bergentheim;0,1;0,2;0,0;0,0;0,0;0,0
NL:S:43990070;Kanaalbrug;Bergentheim;3,3;4,6;0,0;0,1;0,0;0,0
NL:S:44100030;Kerk;Usselo;5,2;5,0;2,8;2,5;1,1;1,1
NL:S:44100050;Helmerstraat;Usselo;1,1;1,6;0,3;1,2;0,1;0,8
NL:S:44100070;Crematorium;Usselo;3,4;2,7;2,3;1,8;0,9;0,9
NL:S:44100090;Teesinklanderweg;Usselo;1,5;2,2;0,2;0,1;0,3;0,4
NL:S:44100120;Badweg;Usselo;1,5;1,7;0,8;0,8;0,5;0,7
NL:S:44105010;Usselerhofweg;Enschede;0,2;0,1;0,0;0,1;0,0;0,0
NL:S:44105030;Landsteinerlaan;Boekelo;0,5;0,8;0,1;0,1;0,0;0,0
NL:S:44200030;Zonnebeekweg;Usselo;0,4;0,5;0,1;0,1;0,2;0,2
NL:S:44200050;Rutbeekweg;Usselo;1,6;2,2;1,4;1,7;0,9;1,3
NL:S:44200070;Hazenweg;Usselo;1,2;1,1;0,6;0,9;0,2;0,3
NL:S:44200100;Wittepalenweg;Haaksbergen;0,6;0,8;0,2;0,3;0,2;0,1
NL:S:44220010;Camping Westerholt;Delden;0,6;0,7;0,4;0,8;0,0;0,0
NL:S:44220030;Carelshaven;Delden;0,1;0,1;0,0;0,1;0,0;0,0
NL:S:44220050;Villapark;Delden;0,2;0,2;0,0;0,0;0,0;0,0
NL:S:44220070;Station;Delden;15,5;13,6;1,3;0,8;0,0;0,0
NL:S:44220090;R.K. Kerk;Delden;0,8;1,3;0,5;0,8;0,0;0,0
NL:S:44220110;Europalaan;Delden;0,6;0,6;0,0;0,0;0,0;0,0
NL:S:44220140;Nijlandsweg;Bentelo;0,0;0,0;0,0;0,0;0,0;0,0
NL:S:44220150;S.G. Twickel;Delden;1,0;2,1;0,1;0,3;0,0;0,0
NL:S:44229030;Politiebureau;Delden;1,8;1,0;0,1;0,1;0,0;0,0
NL:S:44230010;'t Schaafje;Bornerbroek;0,5;0,4;0,2;0,3;0,0;0,0
NL:S:44300050;Weg naar Veldmaat;Haaksbergen;26,3;26,9;13,4;13,0;5,3;4,3
NL:S:44300070;Blanckenborgh;Haaksbergen;24,8;23,9;8,7;9,5;5,0;4,8
NL:S:44300090;Fazantstraat;Haaksbergen;15,8;16,7;6,6;7,4;3,9;3,5
NL:S:44300110;Busstation;Haaksbergen;287,1;291,3;148,3;151,5;110,4;78,3
NL:S:44300130;Lansinkstraat;Haaksbergen;11,1;11,4;2,8;4,0;1,4;2,5
NL:S:44300150;Scholtenhage;Haaksbergen;17,6;18,4;6,1;3,9;3,3;3,1
NL:S:44300180;Weerninksweg;Brammelo;1,1;2,6;0,5;0,7;0,7;0,6
NL:S:44300270;Wiedenbroeksingel;Haaksbergen;14,2;15,3;5,7;5,1;3,1;2,2
NL:S:44300310;Mr. Eenhuisstraat;Haaksbergen;12,7;15,6;4,5;7,1;2,9;4,2
NL:S:44300350;Het Wiedenbroek;Haaksbergen;1,0;1,5;0,4;0,5;0,0;0,0
NL:S:44300450;Richterstraat;Haaksbergen;4,9;4,0;0,4;0,3;0,0;0,0
NL:S:44300470;H. v.d. Haarstraat;Haaksbergen;7,7;6,5;0,8;1,3;0,0;0,0
NL:S:44300490;Van Limborgstraat;Haaksbergen;4,0;3,6;0,4;0,4;0,0;0,0
NL:S:44300570;Industriestraat;Haaksbergen;0,7;0,9;0,0;0,0;0,0;0,0
NL:S:44300610;De Volmer;Haaksbergen;5,5;4,3;0,0;0,0;0,0;0,0
NL:S:44300690;Twijnerstraat;Haaksbergen;1,8;1,4;0,0;0,0;0,0;0,0
NL:S:44301030;Eykenhof;Haaksbergen;59,1;59,7;22,8;22,0;13,8;12,8
NL:S:44301080;Huurnerhof;Haaksbergen;0,1;0,6;0,0;0,0;0,0;0,0
NL:S:44330020;Dissel;Bentelo;0,0;0,3;0,0;0,0;0,0;0,0
NL:S:44330030;De Rustende Jager;Bentelo;0,1;0,2;0,0;0,0;0,0;0,0
NL:S:44350010;Groothuis;Hengevelde;0,1;0,0;0,0;0,0;0,0;0,0
NL:S:44350030;Nijhuis;Hengevelde;0,0;0,1;0,0;0,0;0,0;0,0
NL:S:44350050;Scholten;Hengevelde;0,5;0,4;0,0;0,0;0,0;0,0
NL:S:44350070;Ten Dam;Markvelde;0,0;0,0;0,0;0,0;0,0;0,0
NL:S:44390030;Smeenk;Bentelo;0,1;0,1;0,0;0,0;0,0;0,0
NL:S:44390050;Rupert;Bentelo;0,2;0,2;0,0;0,0;0,0;0,0
NL:S:44390070;R.K. Kerk;Bentelo;1,8;1,4;0,0;0,0;0,0;0,0
NL:S:44400030;Poort Diaconie;Brammelo;3,7;2,7;0,9;1,0;0,3;0,4
NL:S:44400050;Kerkweg;Brammelo;0,4;1,5;0,0;0,1;0,0;0,0
NL:S:44400070;Roerink;Brammelo;1,1;1,0;0,1;0,2;0,1;0,3
NL:S:44400100;Vloedsteegweg;Rietmolen;0,9;1,0;0,3;0,8;0,4;0,3
NL:S:44400110;Rietmolen;Rietmolen;10,7;10,0;2,9;2,0;1,3;1,4
NL:S:44490010;De Bonkert;Markvelde;0,0;0,0;0,0;0,0;0,0;0,0
NL:S:44499010;School;Markvelde;0,0;0,0;0,0;0,0;0,0;0,0
NL:S:44500150;Wheemergaarden;Neede;17,7;18,3;6,3;5,3;2,4;2,3
NL:S:44500173;Parallelweg;Neede;23,3;27,5;3,9;4,5;1,4;1,6
NL:S:44500177;Busstation;Neede;86,3;72,6;29,5;25,8;19,4;16,8
NL:S:44500210;De Valkhof;Neede;11,4;15,8;6,4;7,9;3,6;6,2
NL:S:44500230;De Huikert;Neede;16,8;17,1;6,5;6,5;4,8;5,5
NL:S:44500250;Christelijke School;Neede;22,1;20,2;6,3;6,1;4,0;3,4
NL:S:44500310;Diekmaatschool;Neede;7,8;5,1;1,8;1,8;1,2;0,7
NL:S:44500430;Garage Grooters;Eibergen;17,5;19,3;0,0;0,0;0,0;0,0
NL:S:44500450;Viersprong;Eibergen;22,9;20,1;0,0;0,0;0,0;0,0
NL:S:44500530;Industrieweg;Neede;2,5;2,8;0,6;0,6;0,2;0,2
NL:S:44500610;Hilhorst;Neede;0,2;0,2;0,0;0,0;0,0;0,0
NL:S:44500630;'t Roodland;Neede;1,8;1,3;0,0;0,0;0,0;0,0
NL:S:44509010;Lolotte;Neede;0,3;0,2;0,0;0,0;0,0;0,0
NL:S:44610030;Transformator;Neede;2,5;2,7;0,6;0,9;0,4;0,4
NL:S:44710050;Busstation;Borculo;131,6;129,7;42,6;46,9;39,5;28,0
NL:S:44710531;Keizer Ottostraat;Borculo;3,1;2,4;0,6;1,0;0,0;0,0
NL:S:44710541;Nettelhorsterweg;Borculo;6,0;7,8;1,3;1,3;1,8;2,3
NL:S:45110010;Iepweg;Hengelo;0,7;1,1;0,1;0,7;0,1;0,2
NL:S:45120010;Esrein;Hengelo;2,6;3,2;0,0;0,0;0,0;0,0
NL:S:45120030;Ketelmakerij;Hengelo;1,0;3,2;0,0;0,0;0,0;0,0
NL:S:45160030;Eierbaan;Bornerbroek;3,0;2,8;0,3;0,3;0,0;0,0
NL:S:45160050;Goorsedijk;Bornerbroek;1,0;1,1;0,1;0,2;0,0;0,0
NL:S:45169010;R.K. Kerk;Bornerbroek;2,2;1,9;0,1;0,5;0,0;0,0
NL:S:45210011;Boekweit;Borne;0,0;0,1;0,0;0,0;0,0;0,0
NL:S:45210017;Rogge;Borne;0,1;0,1;0,0;0,0;0,0;0,0
NL:S:45210019;Bornsebeek;Borne;0,2;0,2;0,0;0,0;0,0;0,0
NL:S:45210021;Blauwgras;Borne;0,0;0,0;0,0;0,0;0,0;0,0
NL:S:45210023;Hesselerbeek;Borne;0,2;0,0;0,0;0,0;0,0;0,0
NL:S:45210025;De Veste;Borne;0,1;0,2;0,0;0,0;0,0;0,0
NL:S:45210027;Bongerd;Borne;0,0;0,0;0,0;0,0;0,0;0,0
NL:S:45210110;Fleminghof;Borne;0,0;0,1;0,0;0,0;0,0;0,0
NL:S:45210120;De Bleek;Borne;0,1;0,1;0,0;0,0;0,0;0,0
NL:S:45210130;Sancta Maria;Borne;0,0;0,4;0,0;0,0;0,0;0,0
NL:S:45210140;Vedergras;Borne;0,0;0,0;0,0;0,0;0,0;0,0
NL:S:45210160;Hanzestraat;Borne;0,0;0,0;0,0;0,0;0,0;0,0
NL:S:45210170;Het Wooldrik;Borne;0,1;0,1;0,0;0,0;0,0;0,0
NL:S:45210180;Ridderspoor;Borne;0,0;0,0;0,0;0,0;0,0;0,0
NL:S:45331001;Leeuwerikstraat;De Lutte;1,2;0,0;0,1;0,0;0,0;0,0
NL:S:45331003;Spechtstraat;De Lutte;1,3;0,0;0,1;0,0;0,0;0,0
NL:S:45391001;De Hagen;Saasveld;0,5;0,4;0,0;0,0;0,0;0,0
NL:S:45510050;Nieuwland;Almelo;1,8;2,2;0,3;0,3;0,3;0,4
NL:S:45510070;Nijreessingel;Almelo;0,8;1,5;0,1;0,1;0,1;0,0
NL:S:45551001;Paadje;Reutum;0,1;0,3;0,0;0,0;0,0;0,0
NL:S:45570010;Dorp;Tilligte;0,3;0,0;0,0;0,0;0,0;0,0
NL:S:45770001;Gereformeerde Kerk;Daarle;0,8;0,8;0,0;0,0;0,0;0,0
NL:S:45920010;Stationsweg;Bergentheim;10,4;8,6;0,1;0,0;0,0;0,0
NL:S:45980001;'t Kruuspunt;Haarle;3,3;2,9;0,0;0,0;0,0;0,0
NL:S:45980003;Molenweg;Haarle;0,4;0,4;0,0;0,0;0,0;0,0
NL:S:45980005;Stationsweg;Haarle;0,1;0,1;0,0;0,0;0,0;0,0
NL:S:46160660;Station;Ommen;44,8;40,6;7,7;6,3;0,0;0,0
NL:S:46400054;Station;Raalte;3,4;2,8;0,0;0,0;0,0;0,0
NL:S:46400152;Kruisstraat;Raalte;0,0;0,0;0,0;0,0;0,0;0,0
NL:S:46400250;Westdorplaan;Raalte;0,1;0,1;0,0;0,0;0,0;0,0
NL:S:46400550;Postkantoor;Raalte;0,0;0,0;0,0;0,0;0,0;0,0
NL:S:46401150;Pauluskerk;Raalte;0,2;0,1;0,0;0,0;0,0;0,0
NL:S:46402010;Merel;Raalte;0,0;0,0;0,0;0,0;0,0;0,0
NL:S:46409003;Zwolsestraat;Raalte;0,7;1,3;0,0;0,0;0,0;0,0
NL:S:46600100;Giethemer Kerkpad;Ommen;0,6;0,6;0,2;0,2;0,0;0,0
NL:S:46600130;De Groene Jager;Den Ham;1,2;1,3;0,4;0,4;0,0;0,0
NL:S:46600200;Besthmen;Ommen;0,1;0,2;0,0;0,2;0,0;0,0
NL:S:46601010;Kasteel Eerde;Eerde;1,3;1,6;0,3;0,5;0,0;0,0
NL:S:46601050;Steile Oever;Ommen;0,5;0,6;0,2;0,2;0,0;0,0
NL:S:46611350;Strangeweg;Ommen;15,9;16,3;1,5;1,3;0,0;0,0
NL:S:46613050;Centrum;Ommen;4,2;4,5;1,0;2,0;0,0;0,0
NL:S:46851001;Nijverdalseweg;Marienheem;0,1;0,1;0,0;0,0;0,0;0,0
NL:S:73158859;Struisgras;Borne;0,2;0,0;0,0;0,0;0,0;0,0
NL:S:16300010;Gemeentehuis;Steenwijk;0,6;5,9;0,0;0,0;0,0;0,0
NL:S:16300030;Vendelweg;Steenwijk;0,5;1,5;0,0;0,0;0,0;0,0
NL:S:16300050;Matthijs Kiersstraat;Steenwijk;1,1;1,5;0,0;0,0;0,0;0,0
NL:S:16301010;Station;Steenwijk;12,6;21,9;0,0;0,0;0,0;0,0
NL:S:24350010;Spin;De Blesse;0,2;0,1;0,0;0,0;0,0;0,0
NL:S:24350030;Bovenweg;De Blesse;0,4;0,0;0,0;0,0;0,0;0,0
NL:S:24350050;Friese Veldweg;De Blesse;0,0;0,1;0,0;0,0;0,0;0,0
NL:S:24350070;Lagebroekweg;Blesdijke;0,0;0,0;0,0;0,0;0,0;0,0
NL:S:24350600;Noord;De Blesse;0,9;2,3;0,0;0,0;0,0;0,0
NL:S:24450030;Marijenkampen;Marijenkampen;0,2;0,2;0,0;0,0;0,0;0,0
NL:S:24450050;Eikenlaan;Willemsoord;0,0;0,0;0,0;0,0;0,0;0,0
NL:S:24451400;'t Centrum;Steenwijkerwold;0,7;0,6;0,0;0,0;0,0;0,0
NL:S:24451800;Willemsoord;Willemsoord;0,1;0,2;0,0;0,0;0,0;0,0
NL:S:24510020;Frieseweg;Oldemarkt;1,1;1,4;0,0;0,0;0,0;0,0
NL:S:24510040;Koningin Julianaweg;Oldemarkt;1,0;1,0;0,0;0,0;0,0;0,0
NL:S:24510060;Parochiehuis;Oldemarkt;0,2;0,3;0,0;0,0;0,0;0,0
NL:S:24510070;Kruisstraat;Oldemarkt;0,5;0,4;0,0;0,0;0,0;0,0
NL:S:24510090;De Boterberg;Oldemarkt;0,4;0,1;0,0;0,0;0,0;0,0
NL:S:24550030;Zuidveen;Zuidveen;0,8;1,0;0,0;0,0;0,0;0,0
NL:S:24550050;Groot Verlaat;Steenwijk;0,9;1,6;0,0;0,0;0,0;0,0
NL:S:24550160;Dolderbrug;Steenwijk;0,0;0,1;0,0;0,0;0,0;0,0
NL:S:24552310;Gemeentewerken;Tuk;0,1;0,0;0,0;0,0;0,0;0,0
NL:S:24552330;Oldemarktseweg;Tuk;0,0;0,1;0,0;0,0;0,0;0,0
NL:S:24552350;Watertoren;Thij;0,0;0,0;0,0;0,0;0,0;0,0
NL:S:24552370;Thij;Thij;0,0;0,0;0,0;0,0;0,0;0,0
NL:S:24590100;Burchtstraat;Kuinre;6,8;4,3;0,0;0,0;0,0;0,0
NL:S:24610010;Venebosweg;Ossenzijl;0,0;0,3;0,0;0,0;0,0;0,0
NL:S:24610030;Kloosterdijk;Ossenzijl;0,4;0,2;0,0;0,0;0,0;0,0
NL:S:24620010;Busstation;Lemmer;15,0;12,9;0,0;0,0;0,0;0,0
NL:S:24620110;Lemsterweg;Rutten;0,2;0,2;0,0;0,0;0,0;0,0
NL:S:24620130;Houtmolen;Lemmer;4,2;4,0;0,0;0,0;0,0;0,0
NL:S:24680010;Uiterdijkenweg;Luttelgeest;0,4;0,3;0,0;0,0;0,0;0,0
NL:S:24720010;Lemsterpoort;Rutten;12,0;12,3;0,0;0,0;0,0;0,0
NL:S:24720090;Noordermeerweg;Rutten;0,8;0,6;0,0;0,0;0,0;0,0
NL:S:24820030;Wrakkenpad;Creil;2,3;1,1;0,0;0,0;0,0;0,0
NL:S:24820050;IJzerpad;Rutten;0,6;0,3;0,0;0,0;0,0;0,0
NL:S:24820090;Creil;Creil;18,7;18,8;0,0;0,0;0,0;0,0
NL:S:24920030;Weg van Ongenade;Espel;0,1;0,1;0,0;0,0;0,0;0,0
NL:S:24920050;Onderduikerspad;Espel;1,1;0,4;0,0;0,0;0,0;0,0
NL:S:24920070;Noordermiddenweg;Espel;0,8;0,6;0,0;0,0;0,0;0,0
NL:S:24920080;Espelerweg;Emmeloord;0,0;0,0;0,0;0,0;0,0;0,0
NL:S:24920110;Espel;Espel;8,3;8,3;0,0;0,0;0,0;0,0
NL:S:24920130;Klutenpad;Creil;0,7;0,5;0,0;0,0;0,0;0,0
NL:S:25000010;Kettingstraat;Emmeloord;20,8;29,5;5,9;8,1;2,4;3,0
NL:S:25000030;Lange Dreef;Emmeloord;4,7;5,3;1,7;2,6;0,8;1,1
NL:S:25000050;Bunschotenlaan;Emmeloord;6,8;10,1;2,1;3,1;3,4;1,8
NL:S:25000070;Emmeloord - Oost;Emmeloord;5,0;6,7;0,4;0,7;0,0;0,1
NL:S:25000100;Diemenlaan;Emmeloord;6,5;10,4;2,1;3,2;1,7;1,6
NL:S:25000130;Ecopark;Emmeloord;1,6;2,5;0,2;0,5;0,1;0,1
NL:S:25000160;Ondernemersweg;Emmeloord;1,1;2,0;0,0;0,0;0,0;0,0
NL:S:25000180;Produktieweg;Emmeloord;2,3;3,6;0,0;0,0;0,0;0,0
NL:S:25000210;Zuyderzee College;Emmeloord;8,6;11,3;2,1;2,5;2,1;1,5
NL:S:25000410;Begraafplaats;Emmeloord;12,2;19,5;0,0;0,0;0,0;0,0
NL:S:25000430;Dr. W.M. Verhaarlaan;Emmeloord;0,5;0,9;0,0;0,0;0,0;0,0
NL:S:25000450;Schaftweg/Espelerweg;Emmeloord;1,0;1,6;0,0;0,0;0,0;0,0
NL:S:25000500;Medisch Centrum;Emmeloord;42,4;51,0;9,6;10,7;4,5;4,6
NL:S:25000600;Antonius Ziekenhuis;Emmeloord;52,4;53,4;17,4;19,4;7,9;8,4
NL:S:25000700;Urkerweg 18;Emmeloord;0,9;0,7;0,3;0,2;0,0;0,0
NL:S:25001400;Smeden;Emmeloord;4,3;8,2;0,6;3,1;0,8;1,4
NL:S:25005010;Busstation;Emmeloord;659,7;629,6;152,7;163,4;101,6;77,1
NL:S:25060010;Brink;Luttelgeest;6,7;5,4;0,0;0,0;0,0;0,0
NL:S:25060030;Luttelgeesterweg;Luttelgeest;0,6;0,3;0,0;0,0;0,0;0,0
NL:S:25060050;Lindeweg;Luttelgeest;0,5;0,6;0,0;0,0;0,0;0,0
NL:S:25060070;Orchideeenhoeve;Luttelgeest;1,9;1,9;0,0;0,0;0,0;0,0
NL:S:25060090;Oosterringweg;Luttelgeest;15,3;12,2;0,0;0,0;0,0;0,0
NL:S:25060110;Schansweg;Luttelgeest;0,4;0,1;0,0;0,0;0,0;0,0
NL:S:25070010;Luttelgeesterweg;Marknesse;0,9;1,2;0,2;0,2;0,1;0,2
NL:S:25070030;H.D. Louwes Hoeve;Emmeloord;0,0;0,0;0,0;0,0;0,0;0,0
NL:S:25070050;Lindeweg;Emmeloord;0,6;0,8;0,4;0,3;0,3;0,2
NL:S:25130100;Sloefweg;Ens;3,0;1,6;0,7;0,5;0,8;0,6
NL:S:25130200;Bomenweg;Emmeloord;0,7;0,7;0,3;0,4;0,3;0,1
NL:S:25130300;Kleiweg;Emmeloord;1,2;1,0;0,3;0,6;0,2;0,1
NL:S:25140100;Schaftweg/Nagelerweg;Emmeloord;0,1;0,3;0,0;0,0;0,0;0,0
NL:S:25140300;Johannes Postweg;Nagele;0,3;0,1;0,0;0,0;0,0;0,0
NL:S:25150100;Urkerweg 34;Tollebeek;0,8;0,7;0,3;0,2;0,0;0,0
NL:S:25150200;Sint Hubertusplaats;Tollebeek;32,1;32,1;9,0;9,6;0,0;0,0
NL:S:25150300;Urkerweg 46;Tollebeek;0,8;0,2;0,1;0,2;0,0;0,0
NL:S:25150400;Urkerdwarspad;Urk;0,3;0,6;0,1;0,1;0,0;0,0
NL:S:25170030;Zwembad Voorst;Kraggenburg;0,4;0,3;0,1;0,2;0,1;0,0
NL:S:25170050;Picknickplaats;Kraggenburg;0,7;0,6;0,1;0,1;0,2;0,1
NL:S:25170070;Mammouthweg;Kraggenburg;0,7;0,7;0,3;0,3;0,1;0,0
NL:S:25170090;Leemringweg/Sloefweg;Marknesse;0,8;1,1;0,1;0,1;0,1;0,1
NL:S:25170110;Boslaan;Marknesse;0,8;0,6;0,0;0,0;0,0;0,0
NL:S:25170211;Busstation;Marknesse;106,4;104,5;11,6;9,9;7,3;7,1
NL:S:25170230;Breestraat;Marknesse;31,1;32,9;10,4;12,8;4,6;5,4
NL:S:25170250;Netl;Kraggenburg;1,5;1,4;0,6;0,7;1,2;0,4
NL:S:25180010;Busstation;Blokzijl;27,1;10,8;0,0;0,0;0,0;0,0
NL:S:25180030;Uiterdijkenweg;Marknesse;2,0;1,7;0,0;0,0;0,0;0,0
NL:S:25180050;Steenwijkerdwarsweg;Marknesse;1,6;1,8;0,0;0,0;0,0;0,0
NL:S:25230030;Ens;Ens;48,6;46,7;15,7;14,9;8,4;7,0
NL:S:25240010;Domineesweg;Nagele;34,2;36,4;6,4;8,5;7,5;5,0
NL:S:25240150;Professor Brandsmaw.;Nagele;1,4;0,1;0,0;0,0;0,0;0,0
NL:S:25240800;Nagele;Nagele;18,2;16,8;0,0;0,0;0,0;0,0
NL:S:25250010;Singel;Urk;27,9;20,1;10,3;8,4;0,0;0,0
NL:S:25250100;Urkerweg 60;Urk;5,1;6,0;0,8;0,5;0,0;0,0
NL:S:25250210;Ransuil;Urk;35,9;42,0;6,7;6,5;0,0;0,0
NL:S:25250230;Winkelcentrum;Urk;72,9;67,9;15,6;12,4;0,0;0,0
NL:S:25250270;Vlaak;Urk;36,5;43,9;3,4;4,9;0,0;0,0
NL:S:25250300;Rotholm;Urk;40,4;30,3;8,0;3,4;0,0;0,0
NL:S:25250850;Lange Dam;Urk;24,7;32,5;2,8;5,0;0,0;0,0
NL:S:25250950;De Noord;Urk;10,3;16,6;1,7;3,7;0,0;0,0
NL:S:25251000;Gemeentehuis;Urk;36,6;40,1;5,2;7,2;0,0;0,0
NL:S:25251510;Marsdiep;Urk;0,2;0,2;0,0;0,0;0,0;0,0
NL:S:25251530;Griend;Urk;0,8;2,6;0,0;0,0;0,0;0,0
NL:S:25251570;Keteldiep;Urk;0,3;0,7;0,0;0,0;0,0;0,0
NL:S:25270010;Clarenberglaan;Vollenhove;65,4;31,0;19,4;6,9;10,3;3,3
NL:S:25270030;Kraggenburg;Kraggenburg;19,9;19,5;6,2;5,1;2,4;2,6
NL:S:25270110;Vollenhoverweg/NOP;Marknesse;0,3;0,7;0,1;0,4;0,0;0,3
NL:S:25270130;Repelweg;Marknesse;0,3;0,4;0,1;0,4;0,1;0,2
NL:S:25270150;Voorsterweg;Marknesse;1,5;1,8;0,3;0,4;0,2;0,3
NL:S:25270170;Voorstersluis;Marknesse;0,4;1,0;0,1;0,2;0,2;0,2
NL:S:25270190;Paardenweg;Kraggenburg;1,6;1,5;0,3;0,3;0,1;0,1
NL:S:25280010;Boomkwekerij;Scheerwolde;0,7;0,7;0,0;0,0;0,0;0,0
NL:S:25280050;Beenderribben;Wetering;0,0;0,1;0,0;0,0;0,0;0,0
NL:S:25280070;Wetering;Wetering;0,1;0,1;0,0;0,0;0,0;0,0
NL:S:25280090;Veldhuisweg;Baarlo;0,5;0,0;0,0;0,0;0,0;0,0
NL:S:25330300;Zwartemeerweg;Ens;4,2;1,0;1,7;0,6;1,3;0,3
NL:S:25350010;Markeweg;Blesdijke;0,5;0,5;0,0;0,0;0,0;0,0
NL:S:25350030;Dalhoeve;Blesdijke;0,0;0,0;0,0;0,0;0,0;0,0
NL:S:25370010;Heetveld;Heetveld;0,6;0,5;0,1;0,1;0,0;0,0
NL:S:25370070;Prot Chr Basisschool;Heetveld;0,7;0,7;0,2;0,1;0,0;0,0
NL:S:25380010;Jan van Nassauweg;Scheerwolde;1,0;0,9;0,0;0,0;0,0;0,0
NL:S:25380030;Smalleweg;Scheerwolde;0,0;0,0;0,0;0,0;0,0;0,0
NL:S:25430010;Noorderrandweg;Kampereiland;0,6;0,9;0,0;0,0;0,0;0,0
NL:S:25430030;Rechterveldweg;Kampereiland;0,7;1,4;0,1;0,4;0,0;0,4
NL:S:25430050;Natuurbad Seveningen;Kampereiland;0,3;0,2;0,2;0,0;0,0;0,0
NL:S:25430100;Nesweg;Kampereiland;0,0;0,0;0,0;0,0;0,0;0,0
NL:S:25430200;Kampereiland Kerk;Kampereiland;0,3;0,2;0,0;0,1;0,0;0,0
NL:S:25430300;Witte Brug;Kampereiland;0,8;0,9;0,0;0,0;0,0;0,0
NL:S:25430390;Dam-Noorddiep;Kampereiland;0,4;0,0;0,0;0,0;0,0;0,0
NL:S:25440050;Visvijverweg;Swifterbant;1,2;0,7;0,0;0,0;0,0;0,0
NL:S:25450810;Kooystraat;Ossenzijl;1,5;1,4;0,0;0,0;0,0;0,0
NL:S:25470010;De Velde;De Velde;0,2;0,3;0,0;0,1;0,0;0,0
NL:S:25470030;Busstation;Zwartsluis;5,9;12,6;2,3;3,9;0,9;2,0
NL:S:25470070;De Krieger;De Krieger;0,0;0,2;0,0;0,0;0,0;0,0
NL:S:25670030;Centrum;Hasselt;2,5;3,8;1,1;2,6;0,3;0,4
NL:S:25780010;Dominee Hylkemaweg;Giethoorn;0,0;0,0;0,0;0,0;0,0;0,0
NL:S:25830110;Oranjesingel;Kampen;0,5;0,7;0,0;0,0;0,0;0,0
NL:S:25830170;Station Zuid;Kampen;0,0;0,2;0,0;0,0;0,0;0,0
NL:S:25830300;Andoorn;Kampen;0,0;0,0;0,0;0,0;0,0;0,0
NL:S:25830310;Sterrekroos;Kampen;0,0;0,0;0,0;0,0;0,0;0,0
NL:S:25830330;Doctor Kolfflaan;Kampen;0,0;0,0;0,0;0,0;0,0;0,0
NL:S:25830500;Loriestraat;Kampen;0,0;0,0;0,0;0,0;0,0;0,0
NL:S:25839175;GSG Pieter Zandt;Kampen;0,3;0,1;0,0;0,0;0,0;0,0
NL:S:46001000;Park de Wezenlanden;Zwolle;0,0;0,0;0,0;0,0;0,0;0,0
NL:S:46002960;Blaloweg/Hasselterweg;Zwolle;1,7;3,0;0,0;0,1;0,0;0,1
NL:S:46004007;Station;Zwolle;42,9;45,5;10,2;11,6;7,7;10,2
NL:S:46006400;Campus;Zwolle;26,1;26,1;0,0;0,0;0,0;0,0
NL:S:46006600;Blaloweg/Rieteweg;Zwolle;0,2;0,9;0,0;0,0;0,0;0,0
NL:S:46100040;Katerdijk;zwolle;17,8;32,0;0,2;0,3;0,1;0,1
NL:S:46100330;Breecamp;Zwolle;0,3;0,5;0,0;0,0;0,1;0,1
NL:S:46104021;Katwolderplein/centrum;Zwolle;13,1;12,8;3,0;7,2;2,0;4,0
NL:S:46120560;Verkavelingsweg;Genne;0,0;0,0;0,0;0,0;0,0;0,0
NL:S:46301120;Industrieweg;Hasselt;0,2;0,3;0,0;0,0;0,0;0,0
NL:S:46302090;Stadsweg;Hasselt;0,0;0,1;0,0;0,1;0,0;0,1
NL:S:46403010;Kloosterziel;De Velde;0,0;0,0;0,0;0,0;0,0;0,1
NL:S:46501010;Kranerweerd;Zwartsluis;0,1;0,1;0,0;0,1;0,0;0,0
NL:S:46501030;Nieuwesluis;Zwartsluis;0,3;0,3;0,5;0,1;0,6;0,1
NL:S:46501070;Westeinde - Rotonde;Zwartsluis;0,1;0,3;0,0;0,2;0,0;0,1
NL:S:46511010;De Noorde;Zwartsluis;0,9;2,1;0,4;0,8;0,0;0,3
NL:S:46511030;Zieltje;Zwartsluis;0,4;0,1;0,0;0,0;0,0;0,0
NL:S:46520010;Flevoweg;St.Jansklooster;3,3;3,6;0,5;0,5;0,2;0,3
NL:S:46520030;Veneweg;St.Jansklooster;2,4;1,9;0,4;0,5;0,2;0,4
NL:S:46522010;Barsbeek;Heetveld;1,1;0,8;0,1;0,1;0,0;0,0
NL:S:46522070;Barsbeek 36;St. Jansklooster;1,4;1,3;0,1;0,1;0,0;0,0
NL:S:46522090;Kadoelen;Kadoelen;0,2;0,5;0,0;0,0;0,0;0,0
NL:S:46531010;Verlengde Duinweg;St.Jansklooster;0,5;0,8;0,0;0,1;0,0;0,1
NL:S:46531030;Weyert;Vollenhove;4,8;3,9;0,4;0,2;0,1;0,1
NL:S:46531050;Zwembad;Vollenhove;11,2;12,1;4,4;4,5;2,9;2,1
NL:S:47130010;Hasselterweg;Zwolle;0,3;0,8;0,1;0,4;0,0;0,3
NL:S:47130030;Zwolseweg;Zwolle;0,0;0,1;0,0;0,2;0,0;0,0
NL:S:47130100;Veecaten;'s-Heerenbroek;0,0;0,0;0,0;0,0;0,0;0,0
NL:S:47130200;Bisschopswetering;'s-Heerenbroek;0,0;0,1;0,0;0,0;0,0;0,0
NL:S:47230200;Wilsumersteeg;Wilsum;0,1;0,0;0,0;0,0;0,0;0,0
NL:S:47230300;Zwolseweg 44;IJsselmuiden;0,0;0,0;0,0;0,0;0,0;0,0
NL:S:47330120;Beneluxweg;Kampen;0,0;0,0;0,0;0,0;0,0;0,0
NL:S:47330150;IJsselbrug;Kampen;3,3;6,9;0,0;0,0;0,0;0,0
NL:S:47330250;Van Heutszplein;Kampen;0,7;3,6;0,0;0,0;0,0;0,0
NL:S:47331310;Vijverhof;Kampen;1,6;1,6;0,0;0,0;0,0;0,0
NL:S:47332600;Verzinkerij;IJsselmuiden;0,4;0,3;0,0;0,0;0,0;0,0
NL:S:47332700;Grafhorsterweg;IJsselmuiden;2,2;2,7;0,2;0,3;0,0;0,2
NL:S:47333300;Oostzeestraat;Kampen;0,3;1,6;0,0;0,0;0,0;0,0
NL:S:47333410;Almere College;Kampen;2,4;4,7;0,0;0,0;0,0;0,0
NL:S:47333500;Nijverheidsstraat;Kampen;6,7;9,7;0,0;0,0;0,0;0,0
NL:S:47335000;Station;Kampen;272,9;269,6;70,2;60,2;38,4;53,5
NL:S:47336000;Kalmoessingel;Kampen;1,7;8,4;0,0;0,0;0,0;0,0
NL:S:47430200;Roggebotsluis;Dronten;63,3;25,0;0,0;0,0;0,0;0,0
NL:S:47430300;Oudebosweg;Dronten;0,9;0,4;0,0;0,0;0,0;0,0
NL:S:47530020;Ketelweg;Dronten;0,1;0,2;0,0;0,0;0,0;0,0
NL:S:49000050;Lelycentre;Lelystad;21,4;17,6;9,2;4,0;0,0;0,0
NL:S:49000060;Rotondebrug;Lelystad;6,0;5,4;0,5;0,2;0,0;0,0
NL:S:49000170;Centrumbrug;Lelystad;19,8;15,2;4,3;4,8;4,0;4,8
NL:S:49000750;Vlieterbrug;Lelystad;9,9;5,5;3,5;1,4;0,0;0,0
NL:S:49000850;Kwikstraat;Lelystad;2,5;2,8;0,2;0,3;0,0;0,0
NL:S:49001020;Hondsdraf;Lelystad;0,6;0,4;0,0;0,0;0,0;0,0
NL:S:49001210;Houtribweg;Lelystad;7,4;9,5;0,8;0,9;0,7;1,1
NL:S:49003300;De Hoven;Lelystad;6,4;14,1;1,1;1,9;0,6;0,9
NL:S:49004500;De Rietlanden;Lelystad;13,2;17,0;2,6;2,9;1,7;2,3
NL:S:49005010;Station Centrum;Lelystad;383,8;367,7;153,6;134,2;81,2;83,5
NL:S:49005150;Vestebrug;Lelystad;3,3;1,8;0,6;0,7;0,0;0,0
NL:S:49005250;Schansbrug;Lelystad;1,3;1,6;0,1;0,2;0,0;0,0
NL:S:49005400;Oostranddreef;Lelystad;1,3;0,3;0,0;0,0;0,0;0,0
NL:S:49005500;Runderweg;Lelystad;0,4;0,6;0,0;0,0;0,0;0,0
NL:S:49005950;Crematorium;Lelystad;0,8;0,9;1,1;1,3;0,0;0,0
NL:S:49006800;Pekstraat;Lelystad;0,8;2,1;0,3;0,9;0,0;0,0
NL:S:49008810;Palazzo;Lelystad;35,1;44,4;9,8;10,5;6,4;6,0
NL:S:49008850;Larserpoortweg;Lelystad;7,5;12,9;1,0;2,0;1,0;1,4
NL:S:49111010;Natuurpark;Lelystad;3,5;3,7;1,1;0,9;0,7;0,6
NL:S:49130010;Zeeasterpad;Lelystad;0,0;0,1;0,0;0,0;0,0;0,0
NL:S:49140010;Steenstraat;Lelystad;8,1;10,4;0,9;1,0;0,0;0,0
NL:S:49140050;Edelhertweg;Lelystad;0,5;0,1;0,1;0,0;0,0;0,0
NL:S:49210010;Vogelweg;Lelystad;4,3;4,3;0,9;1,0;1,0;0,9
NL:S:49210040;Eendenweg;Lelystad;5,9;5,6;3,8;3,8;1,7;1,4
NL:S:49240010;Proefstation;Lelystad;1,3;1,0;0,2;0,0;0,0;0,0
NL:S:49240030;Klokbekerweg;Lelystad;0,4;0,5;0,0;0,1;0,0;0,0
NL:S:49240050;Vuursteenweg;Swifterbant;0,1;0,1;0,0;0,0;0,0;0,0
NL:S:49310010;Gooiseweg;Zeewolde;0,5;0,7;0,1;0,2;0,1;0,2
NL:S:49330010;Roodbeenweg;Dronten;0,0;0,0;0,0;0,0;0,0;0,0
NL:S:49330030;Lisdoddeweg;Dronten;0,0;0,0;0,0;0,0;0,0;0,0
NL:S:49330050;Rietweg;Dronten;0,6;0,3;0,0;0,0;0,0;0,0
NL:S:49340010;Bloemenwijk;Swifterbant;53,2;48,7;13,3;12,6;7,6;6,2
NL:S:49340040;Industrieweg;Swifterbant;1,0;1,5;0,3;0,4;0,0;0,1
NL:S:49340060;Rivierduinweg;Swifterbant;0,3;0,4;0,5;0,5;0,0;0,0
NL:S:49340080;De Lange Streek;Swifterbant;70,5;65,2;23,6;19,9;9,4;9,7
NL:S:49340100;Tarpanweg;Swifterbant;0,9;1,4;0,3;0,4;0,1;0,0
NL:S:49340140;Het Blazoen;Swifterbant;1,0;0,5;0,0;0,0;0,0;0,0
NL:S:49410010;Sternweg;Zeewolde;1,0;1,9;0,4;1,3;0,2;0,4
NL:S:49430020;Melisse;Dronten;9,7;10,3;3,6;3,2;2,2;3,0
NL:S:49430050;De Haflinger;Dronten;0,7;0,4;0,0;0,0;0,0;0,0
NL:S:49430070;Langstraat Zuid;Dronten;6,0;4,9;1,8;2,1;2,2;1,6
NL:S:49430110;Manege;Dronten;15,0;13,5;0,0;0,0;0,0;0,0
NL:S:49430130;De Ark;Dronten;5,9;21,8;2,2;7,1;1,6;3,4
NL:S:49430150;Baskenstraat;Dronten;1,6;4,0;0,0;0,0;0,0;0,0
NL:S:49430210;Langstraat;Dronten;11,5;11,3;4,4;3,5;2,6;2,3
NL:S:49430250;De Boeg;Dronten;3,6;3,9;0,0;0,0;0,0;0,0
NL:S:49430310;De Ketting;Dronten;17,3;14,1;6,3;5,6;4,2;4,0
NL:S:49430390;Station;Dronten;284,8;245,7;53,7;46,6;34,9;28,4
NL:S:49430430;Dukaat;Dronten;1,8;3,0;0,0;0,0;0,2;0,2
NL:S:49430450;Het Spaarne;Dronten;6,3;9,2;1,2;1,5;0,4;0,3
NL:S:49430470;Rendierweg;Dronten;0,4;0,7;0,1;0,2;0,0;0,1
NL:S:49430490;Beiersgulden;Dronten;3,8;4,5;1,3;1,9;1,0;0,5
NL:S:49430510;Eurosingel;Dronten;6,6;7,1;0,0;0,0;0,2;0,6
NL:S:49430590;Aeres Hogeschool;Dronten;21,1;25,3;0,0;0,0;0,2;5,0
NL:S:49430620;De Morgen;Dronten;5,2;4,8;0,0;0,0;0,0;0,0
NL:S:49430640;De Barrage;Dronten;5,5;5,9;0,0;0,0;0,0;0,0
NL:S:49430740;Meerpaal;Dronten;11,9;12,8;6,0;9,6;1,9;2,6
NL:S:49430760;Centrum;Dronten;51,4;61,7;5,9;9,0;3,3;3,4
NL:S:49440010;Elandweg;Swifterbant;0,1;0,1;0,2;0,1;0,3;0,0
NL:S:49480010;Reigerweg;Zeewolde;0,7;0,6;0,0;0,0;0,0;0,0
NL:S:49490010;Slingerpad;Zeewolde;1,5;1,5;0,1;0,1;0,1;0,0
NL:S:49490030;Nijkerkersluis;Zeewolde;1,1;0,9;0,0;0,0;0,0;0,0
NL:S:49490090;Flevo-Nat/Wielseweg;Zeewolde;1,9;0,4;0,8;0,4;1,2;0,1
NL:S:49510020;Harderhaven;Harderhaven;32,8;34,1;13,8;15,5;7,4;8,3
NL:S:49510040;Harderbroek;Zeewolde;0,7;1,4;0,1;0,4;0,2;0,1
NL:S:49510080;Camping Flevostrand;Biddinghuizen;8,8;8,9;6,7;6,4;4,2;3,0
NL:S:49530020;Hanzeweg 17;Dronten;0,5;0,3;0,0;0,0;0,0;0,0
NL:S:49560010;Palingweg;Biddinghuizen;0,1;0,2;0,0;0,1;0,0;0,1
NL:S:49560030;Garnaalweg;Dronten;0,2;0,1;0,1;0,0;0,0;0,0
NL:S:49560050;Botweg;Biddinghuizen;1,1;0,6;0,3;0,1;0,2;0,1
NL:S:49580010;Dodaarsweg;Zeewolde;0,2;0,2;0,0;0,0;0,0;0,0
NL:S:49590010;Nulderpad;Zeewolde;0,1;0,2;0,0;0,1;0,0;0,1
NL:S:49613001;Station;Harderwijk;510,1;463,6;162,1;138,4;113,4;107,4
NL:S:49613003;Ziekenhuis Sint Jansdal;Harderwijk;6,2;8,0;0,0;0,0;0,0;0,0
NL:S:49613010;Selhorstweg;Harderwijk;27,7;41,2;11,5;15,9;6,3;8,1
NL:S:49613075;Burg. de Meesterstraat;Harderwijk;47,6;48,5;17,0;17,4;11,3;10,3
NL:S:49613077;Dolfinarium;Harderwijk;56,2;57,7;42,6;46,9;20,2;20,0
NL:S:49613405;Plantage;Harderwijk;1,5;1,7;0,0;0,0;0,0;0,0
NL:S:49613407;Centrum;Harderwijk;11,0;11,6;0,0;0,0;0,0;0,0
NL:S:49630020;Bremerbergweg;Biddinghuizen;8,2;9,9;4,5;5,6;2,9;3,8
NL:S:49660010;Plein;Biddinghuizen;78,5;77,3;27,3;23,6;12,2;14,6
NL:S:49660030;Havenweg;Biddinghuizen;17,3;17,7;3,8;3,6;2,3;4,1
NL:S:49660050;Dreef;Biddinghuizen;30,2;33,3;9,7;10,8;7,5;7,6
NL:S:49680010;Gruttoweg;Zeewolde;2,4;1,8;0,0;0,0;0,0;0,0
NL:S:49700010;De Eemhof;Zeewolde;6,1;9,2;3,3;5,1;4,1;1,9
NL:S:49730010;Alikruikweg;Biddinghuizen;4,4;3,5;1,4;1,1;0,8;0,3
NL:S:49790020;Overloop;Zeewolde;39,9;38,5;5,8;6,2;5,3;3,9
NL:S:49790030;Langezand;Zeewolde;16,6;29,3;1,0;17,5;1,3;10,5
NL:S:49790040;Kwartiermakerslaan;Zeewolde;53,7;44,2;18,2;16,8;11,6;10,6
NL:S:49790050;Oostergo;Zeewolde;9,1;9,3;2,2;4,0;1,7;2,7
NL:S:49790060;Naarderweg;Zeewolde;35,4;32,6;7,3;5,7;5,4;3,4
NL:S:49790070;Centrum;Zeewolde;22,9;25,9;9,0;12,5;5,2;5,5
NL:S:49790090;Kluunpad;Zeewolde;21,9;20,3;0,0;0,0;0,0;0,0
NL:S:49790100;NCC;Zeewolde;0,3;0,4;0,2;0,1;0,1;0,1
NL:S:49790110;Horsterweg;Zeewolde;50,2;47,9;6,3;5,1;4,0;3,4
NL:S:49790111;Fluitekruid;Zeewolde;16,3;15,0;4,9;5,9;4,2;3,9
NL:S:49790121;Gildenveld;Zeewolde;1,0;1,5;3,7;2,5;2,0;1,2
NL:S:49790131;De Verbeelding;Zeewolde;20,0;18,2;5,7;6,8;4,1;4,0
NL:S:49790141;Kastanjelaan;Zeewolde;0,8;2,3;2,9;2,5;1,9;2,4
NL:S:49790160;RCN-Dasselaarweg;Zeewolde;0,9;1,3;0,4;0,2;0,2;0,3
NL:S:49790181;RCN-Eikenlaan;Zeewolde;1,2;1,4;0,6;1,6;0,7;0,4
NL:S:49790200;Klein Hoefblad;Zeewolde;56,7;50,2;11,6;5,8;7,3;5,3
NL:S:49790210;Mast;Zeewolde;33,1;34,7;9,3;3,2;5,5;2,3
NL:S:49790250;Bolwerk;Zeewolde;5,7;5,1;0,0;0,0;0,0;0,0
NL:S:49790270;Trekkersveld;Zeewolde;10,2;11,8;0,0;0,0;0,0;0,0
NL:S:49790310;Industrieweg;Zeewolde;12,3;15,1;0,0;0,0;0,0;0,0
NL:S:49790410;Schollevaar;Zeewolde;1,1;0,9;0,0;0,0;0,0;0,0
NL:S:49810010;Walibi Holland;Biddinghuizen;37,5;44,1;35,9;40,6;26,2;27,5
NL:S:50423020;GSG Arnhemseweg;Amersfoort;0,1;0,4;0,0;0,0;0,0;0,0
NL:S:50423040;GSG Paladijnenweg;Amersfoort;0,3;0,5;0,0;0,0;0,0;0,0
NL:S:50630280;Berencamperweg;Nijkerk;4,0;3,3;0,0;0,0;0,0;0,0
NL:S:50637007;Station;Nijkerk;57,4;64,2;0,0;0,0;0,0;0,0
NL:S:50637011;Zilverschoon;Nijkerk;4,9;5,8;0,0;0,0;0,0;0,0
NL:S:53360920;Nieuwlandenlaan;Emmeloord;0,1;0,1;0,0;0,0;0,0;0,0
NL:S:58520010;Busstation 't Oor;Almere Stad;3,9;2,4;2,3;2,5;2,8;2,4
NL:S:58610060;Vogelweg;Almere Hout;5,7;6,9;2,9;3,5;2,4;2,4
NL:S:58610080;Kasteel;Almere Stad;0,3;0,3;0,2;0,3;0,2;0,1
NL:S:58610090;Veluwsekant;Almere Stad;19,4;15,7;1,0;1,4;0,7;0,7
NL:S:58610110;De Kemphaan;Almere Hout;10,7;17,7;3,5;4,3;3,2;3,6
NL:S:58650050;Stedenwijk Zuid;Almere Stad;3,3;1,7;2,7;1,4;3,8;1,7
NL:S:58650150;Stedenwijk Midden;Almere Stad;1,8;1,9;1,4;1,5;2,2;1,6
NL:S:58650330;Greta Garboplantsoen;Almere Stad;9,3;8,7;0,0;0,0;0,0;0,0
NL:S:58650350;Passage;Almere Stad;1,8;2,2;1,3;2,4;1,5;2,0
NL:S:58650370;Flevoziekenhuis;Almere Stad;12,1;15,7;0,0;0,0;0,0;0,0
NL:S:58650430;Stadhuisplein;Almere Stad;18,5;24,5;3,0;3,3;1,7;2,8
NL:S:58650590;Romy Schneiderweg;Almere Stad;1,0;1,0;0,0;0,0;0,0;0,0
NL:S:58650610;Bunuellaan;Almere Stad;3,5;3,6;0,0;0,0;0,0;0,0
NL:S:58650640;Walt Disneyplantsoen;Almere Stad;6,7;6,7;0,0;0,0;0,0;0,0
NL:S:58655000;Station Centrum;Almere Stad;107,6;88,6;15,3;11,5;9,8;14,1
NL:S:58710021;Stichtse Brug;Almere Hout;1,1;0,3;0,4;0,2;0,3;0,2
NL:S:58710040;Paradijsvogelweg;Almere Hout;5,6;5,5;0,0;0,0;0,0;0,0
NL:S:58710100;Nachtegaallaan;Almere Hout;25,7;26,3;0,0;0,0;0,0;0,0
NL:S:58710120;Stichtsekant;Almere Hout;0,0;0,0;0,0;0,0;0,0;0,0
NL:S:49000010;Bouwweg;Lelystad;10,0;10,2;0,7;1,2;0,4;0,4
NL:S:49000020;Atolplaza;Lelystad;13,4;13,3;3,5;3,4;1,7;1,9
NL:S:49000040;Ziekenhuis;Lelystad;17,9;42,0;9,2;22,1;3,3;10,4
NL:S:49000050;Lelycentre;Lelystad;93,7;88,1;49,2;50,9;18,1;18,6
NL:S:49000060;Rotondebrug;Lelystad;20,6;11,9;4,5;4,4;3,7;3,5
NL:S:49000080;Politiebrug;Lelystad;9,2;12,9;3,8;5,1;2,5;3,0
NL:S:49000110;Plantagebrug;Lelystad;14,5;10,1;6,4;4,6;2,6;1,4
NL:S:49000130;Zwembad De Koploper;Lelystad;5,5;5,8;5,6;5,2;1,5;1,5
NL:S:49000150;Oostkaap;Lelystad;11,2;10,7;5,3;5,9;1,6;1,6
NL:S:49000170;Centrumbrug;Lelystad;12,7;19,4;8,6;10,0;5,7;8,5
NL:S:49000180;Oostvaardersbrug;Lelystad;15,1;13,6;9,5;6,7;3,0;3,0
NL:S:49000220;Bingerden;Lelystad;15,0;16,4;3,9;4,3;1,8;2,2
NL:S:49000240;Vecht;Lelystad;18,8;19,2;8,1;8,4;4,2;4,4
NL:S:49000280;Gooisebrug;Lelystad;7,3;25,2;2,8;5,9;1,3;2,8
NL:S:49000290;Schouwbrug;Lelystad;0,9;4,7;0,3;2,0;0,1;1,1
NL:S:49000310;Rijnland;Lelystad;0,2;3,4;0,3;1,3;0,0;0,4
NL:S:49000320;Bongerd;Lelystad;16,0;16,9;8,6;8,2;3,4;3,3
NL:S:49000340;Botterbrug;Lelystad;1,4;2,7;0,5;0,8;0,2;0,5
NL:S:49000370;Reygersbeek;Lelystad;7,8;3,6;5,1;2,6;3,8;1,5
NL:S:49000380;Eaglelaan;Lelystad;0,8;0,5;0,2;0,1;0,0;0,0
NL:S:49000400;Albatroslaan;Lelystad;1,2;0,8;0,2;0,1;0,0;0,0
NL:S:49000440;Val van Urk;Lelystad;27,8;29,2;12,7;13,5;5,9;7,2
NL:S:49000470;Oostrandbrug;Lelystad;0,3;0,6;0,1;0,4;0,0;0,0
NL:S:49000520;Houtribhoogte;Lelystad;0,3;0,3;0,1;0,2;0,0;0,0
NL:S:49000530;Schroefstraat;Lelystad;5,3;7,0;0,9;1,5;0,2;0,9
NL:S:49000550;Langezand;Lelystad;6,6;6,7;3,8;3,9;1,2;1,2
NL:S:49000570;Parkhaven;Lelystad;0,3;0,3;0,0;0,0;0,0;0,0
NL:S:49000600;Werkeiland;Lelystad;7,9;12,7;4,2;7,1;2,8;3,8
NL:S:49000620;Monnickendamstraat;Lelystad-Haven;25,0;31,5;13,6;16,8;5,4;7,8
NL:S:49000630;Lemmerkade;Lelystad-Haven;27,7;14,8;16,9;9,5;9,2;4,7
NL:S:49000670;Ringdijk;Lelystad-Haven;51,6;47,8;34,2;32,7;12,0;12,8
NL:S:49000710;Warande;Lelystad;13,3;12,2;6,1;5,7;2,2;2,2
NL:S:49000730;H. Bekiusschool - De Rede;Lelystad;1,4;1,4;0,0;0,0;0,0;0,0
NL:S:49000750;Vlieterbrug;Lelystad;17,6;19,2;7,3;10,7;6,3;7,1
NL:S:49000830;Golfparkbrug;Lelystad;0,0;0,1;0,0;0,0;0,0;0,0
NL:S:49000870;Houtribsluis;Lelystad;0,0;0,1;0,1;0,0;0,0;0,0
NL:S:49000900;Parlaan;Lelystad;0,1;0,3;0,0;0,1;0,0;0,0
NL:S:49000950;Bronsweg;Lelystad;0,0;0,0;0,0;0,0;0,0;0,0
NL:S:49000970;Beginweg;Lelystad;0,1;0,1;0,0;0,0;0,0;0,0
NL:S:49000990;Jagersveld;Lelystad;0,1;0,1;0,0;0,0;0,0;0,0
NL:S:49001010;Buitenhof;Lelystad;0,8;0,8;0,3;0,4;0,0;0,0
NL:S:49001020;Hondsdraf;Lelystad;0,1;0,1;0,1;0,0;0,0;0,0
NL:S:49001210;Houtribweg;Lelystad;1,3;0,6;0,0;0,0;0,0;0,0
NL:S:49001440;Geulbrug;Lelystad;5,0;1,8;2,0;1,6;1,0;0,7
NL:S:49001540;Gorsbrug;Lelystad;5,6;2,3;0,9;0,7;0,2;0,1
NL:S:49001650;Agora;Lelystad;16,8;30,0;7,4;10,8;4,4;7,6
NL:S:49001680;Salland;Lelystad;5,2;5,1;2,4;2,0;0,8;0,6
NL:S:49001730;Veluwezoom;Lelystad;11,4;12,0;3,4;3,8;1,0;1,1
NL:S:49001750;Baronie;Lelystad;12,1;11,5;6,8;5,8;3,1;2,2
NL:S:49002300;Jol West;Lelystad;8,3;7,9;5,2;4,8;1,3;1,2
NL:S:49002400;Winkelcentrum Jol;Lelystad;45,4;40,8;25,5;26,2;8,7;10,3
NL:S:49002500;Punter Zuid;Lelystad;0,8;10,4;0,5;6,4;0,1;2,4
NL:S:49002600;Punter;Lelystad;27,2;15,9;15,4;8,5;5,2;3,6
NL:S:49002700;Gondel Noord;Lelystad;12,1;10,6;5,1;4,9;2,0;1,8
NL:S:49002900;Winkelcentrum Kempenaar;Lelystad;11,9;13,8;5,0;6,0;0,0;0,0
NL:S:49003000;Kempenaar Midden;Lelystad;8,4;13,5;3,2;5,6;0,0;0,0
NL:S:49003300;De Hoven;Lelystad;8,6;24,4;2,6;8,6;0,7;3,7
NL:S:49003360;'t Laar;Lelystad;2,0;2,4;1,1;1,2;0,3;0,6
NL:S:49003500;Wold;Lelystad;21,2;15,8;8,0;6,8;2,8;4,1
NL:S:49003600;Winkelcentrum Kamp;Lelystad;40,7;38,1;21,1;22,3;9,0;11,8
NL:S:49003700;Horst;Lelystad;15,9;13,5;7,1;6,8;2,3;2,6
NL:S:49003900;Nienoord;Lelystad;26,6;22,5;10,1;10,3;4,7;5,9
NL:S:49004110;Crematorium;Assen;34,3;27,7;17,9;16,5;7,6;7,2
NL:S:49004240;Oostzeestraat;Lelystad;112,8;105,0;66,9;65,9;27,7;29,6
NL:S:49004270;Westhoven;Lelystad;2,4;4,1;0,6;1,4;0,3;0,5
NL:S:49004340;Zwartezeestraat;Lelystad;43,3;43,1;21,6;21,2;9,0;9,6
NL:S:49004500;De Rietlanden;Lelystad;9,8;9,0;1,3;1,3;0,6;0,5
NL:S:49004510;Penitentiaire Inrichting;Lelystad;7,8;3,2;2,3;0,7;0,7;0,2
NL:S:49005010;Station Centrum;Lelystad;1124,8;1018,3;620,4;546,5;303,8;245,5
NL:S:49005150;Vestebrug;Lelystad;9,3;8,5;3,6;2,9;1,8;1,9
NL:S:49005250;Schansbrug;Lelystad;2,1;5,2;1,1;2,1;0,3;0,3
NL:S:49005400;Oostranddreef;Lelystad;0,2;0,2;0,1;0,2;0,0;0,0
NL:S:49005550;Karveelbrug;Lelystad;8,6;10,4;4,2;4,4;3,2;4,5
NL:S:49005650;Kempenaarbrug;Lelystad;16,7;18,4;8,7;10,0;6,5;7,9
NL:S:49005750;Boeierbrug;Lelystad;19,8;20,1;8,2;10,2;4,4;5,4
NL:S:49005850;Bataviahaven;Lelystad;9,7;9,7;9,1;7,8;5,2;4,1
NL:S:49005920;Batavia Stad;Lelystad;106,7;126,7;128,5;148,0;85,2;97,0
NL:S:49006460;Gondel Zuid;Lelystad;15,2;14,5;9,6;8,6;2,5;2,7
NL:S:49007200;Vaartweg;Lelystad;23,9;31,5;5,2;6,4;0,9;1,5
NL:S:49007530;Galjoenbrug;Lelystad;3,9;5,5;1,9;2,5;1,1;1,6
NL:S:49007850;Tjalk/Groenhorst;Lelystad;9,8;12,5;3,4;3,7;1,4;1,9
NL:S:49007870;Winkelcentrum Tjalk;Lelystad;18,2;19,3;11,3;14,3;4,8;5,5
NL:S:49008050;Winkelcentrum Botter;Lelystad;15,5;19,5;9,3;12,2;3,7;5,0
NL:S:49008150;Schoener;Lelystad;15,4;10,9;7,5;5,0;2,8;2,4
NL:S:49008250;Stuwweg;Lelystad;16,0;21,9;3,2;4,3;0,8;1,1
NL:S:49008300;Haagwinde;Lelystad;2,9;4,9;0,9;1,3;0,3;0,4
NL:S:49008310;Klaproos;Lelystad;10,5;8,5;5,0;4,0;2,1;1,7
NL:S:49008330;Hollandse Hout;Lelystad;6,2;7,7;2,3;3,2;0,8;1,1
NL:S:49008830;Palazzo;Lelystad;4,4;6,1;1,4;3,0;2,0;2,3
NL:S:49009090;Duinbeek;Lelystad;37,2;36,2;9,4;10,0;4,8;5,2
NL:S:49110010;Airport Plaza;Lelystad;1,7;2,1;1,2;1,5;0,8;1,0
NL:S:49110030;Aviodrome;Lelystad;2,0;4,0;2,8;3,5;1,5;2,4
NL:S:49110280;Larserpoort;Lelystad;8,5;5,7;0,7;0,6;0,7;0,6
NL:S:49110300;Giant/Pascallaan;Lelystad;5,3;6,7;0,9;0,4;0,2;0,0
NL:S:49110330;Inditex / Mac3;Lelystad;13,2;22,8;2,7;5,0;2,6;5,8
NL:S:49110340;Omroep Flevoland;Lelystad;3,4;2,9;0,5;0,7;0,2;0,2
NL:S:16000010;Station;Meppel;3,2;3,1;0,0;0,0;0,0;0,0
NL:S:16000600;Burg. Knopperslaan;Meppel;0,8;0,8;0,0;0,0;0,0;0,0
NL:S:16000710;Steenwijkerstraatweg;Meppel;0,1;0,5;0,0;0,0;0,0;0,0
NL:S:16001010;Hugo de Grootstraat;Meppel;2,6;2,8;0,0;0,0;0,0;0,0
NL:S:16100010;Perceel 3;Nijeveen;0,1;0,6;0,0;0,0;0,0;0,0
NL:S:16100050;Thijs van Urklaan;Kolderveen;0,0;0,0;0,0;0,0;0,0;0,0
NL:S:16180050;Redder;Staphorst;0,1;0,0;0,0;0,0;0,0;0,0
NL:S:16180070;Reggersweg;Staphorst;0,0;0,0;0,0;0,0;0,0;0,0
NL:S:16180100;Vlakkenweg;Staphorst;0,0;0,0;0,0;0,0;0,0;0,0
NL:S:16180120;Geerligsland;Staphorst;0,0;0,0;0,0;0,0;0,0;0,0
NL:S:16180140;Jan Arendsland;Staphorst;0,0;0,0;0,0;0,0;0,0;0,0
NL:S:16180160;Snelweg;Staphorst;0,0;0,0;0,0;0,0;0,0;0,0
NL:S:16180200;Hoogeweg;Staphorst;0,0;0,0;0,0;0,0;0,0;0,0
NL:S:16180220;Bergerslag;Staphorst;0,0;0,0;0,0;0,0;0,0;0,0
NL:S:16180240;Gemeentehuis;Staphorst;0,0;0,0;0,0;0,0;0,0;0,0
NL:S:16180340;Pieter Zandt College;Staphorst;0,0;0,0;0,0;0,0;0,0;0,0
NL:S:16280240;Conradsweg;Rouveen;0,0;0,0;0,0;0,0;0,0;0,0
NL:S:16280280;Dekkersweg;Rouveen;0,0;0,0;0,0;0,0;0,0;0,0
NL:S:16300010;Gemeentehuis;Steenwijk;7,1;8,8;0,2;0,3;0,2;0,1
NL:S:16300030;Vendelweg;Steenwijk;7,8;7,4;1,7;2,5;1,5;0,7
NL:S:16300050;Matthijs Kiersstraat;Steenwijk;6,4;3,4;2,8;2,1;1,4;0,7
NL:S:16301010;Station;Steenwijk;75,8;76,7;44,1;34,8;24,0;24,1
NL:S:16380190;Busstation;Lichtmis;0,0;0,0;0,0;0,0;0,0;0,0
NL:S:24350010;Spin;De Blesse;0,2;0,2;0,0;0,0;0,0;0,0
NL:S:24350030;Bovenweg;De Blesse;1,0;0,7;0,0;0,0;0,0;0,0
NL:S:24350050;Friese Veldweg;De Blesse;0,4;1,1;0,0;0,0;0,0;0,0
NL:S:24350070;Lagebroekweg;Blesdijke;0,8;0,7;0,0;0,0;0,0;0,0
NL:S:24350600;Noord;De Blesse;6,0;7,0;0,0;0,0;0,0;0,0
NL:S:24450030;Marijenkampen;Marijenkampen;0,8;0,3;0,0;0,0;0,0;0,0
NL:S:24450050;Eikenlaan;Willemsoord;0,1;0,2;0,0;0,0;0,0;0,0
NL:S:24451400;'t Centrum;Steenwijkerwold;7,1;6,2;0,0;0,0;0,0;0,0
NL:S:24451800;Willemsoord;Willemsoord;2,2;2,1;0,0;0,0;0,0;0,0
NL:S:24510020;Frieseweg;Oldemarkt;8,2;7,7;0,0;0,0;0,0;0,0
NL:S:24510040;Koningin Julianaweg;Oldemarkt;3,0;2,3;0,0;0,0;0,0;0,0
NL:S:24510060;Parochiehuis;Oldemarkt;5,8;4,6;0,0;0,0;0,0;0,0
NL:S:24510070;Kruisstraat;Oldemarkt;1,0;0,9;0,0;0,0;0,0;0,0
NL:S:24510090;De Boterberg;Oldemarkt;1,3;0,7;0,0;0,0;0,0;0,0
NL:S:24550030;Zuidveen;Zuidveen;3,5;2,9;0,2;0,6;0,3;0,2
NL:S:24550050;Groot Verlaat;Steenwijk;2,7;3,3;0,1;0,4;0,0;0,0
NL:S:24550160;Dolderbrug;Steenwijk;1,4;1,7;0,0;0,0;0,0;0,0
NL:S:24552310;Gemeentewerken;Tuk;1,3;1,0;0,0;0,0;0,0;0,0
NL:S:24552330;Oldemarktseweg;Tuk;0,5;0,4;0,0;0,0;0,0;0,0
NL:S:24552350;Watertoren;Thij;0,2;0,2;0,0;0,0;0,0;0,0
NL:S:24552370;Thij;Thij;0,2;0,2;0,0;0,0;0,0;0,0
NL:S:24590100;Burchtstraat;Kuinre;5,9;2,3;0,0;0,0;0,0;0,0
NL:S:24610010;Venebosweg;Ossenzijl;0,9;1,3;0,0;0,0;0,0;0,0
NL:S:24610030;Kloosterdijk;Ossenzijl;0,4;0,1;0,0;0,0;0,0;0,0
NL:S:24620010;Busstation;Lemmer;0,0;0,0;0,0;0,0;0,0;0,0
NL:S:24680010;Uiterdijkenweg;Luttelgeest;0,4;0,2;0,0;0,0;0,0;0,0
NL:S:24750010;Zuivelfabriek;Kolderveen;0,0;0,0;0,0;0,0;0,0;0,0
NL:S:24750100;Nijeveenseweg;Meppel;0,0;0,0;0,0;0,0;0,0;0,0
NL:S:24820090;Creil;Creil;0,0;0,0;0,0;0,0;0,0;0,0
NL:S:24920050;Onderduikerspad;Espel;0,0;0,0;0,0;0,0;0,0;0,0
NL:S:24920110;Espel;Espel;0,0;0,0;0,0;0,0;0,0;0,0
NL:S:25000010;Kettingstraat;Emmeloord;2,0;12,2;0,8;2,4;0,4;0,8
NL:S:25000030;Lange Dreef;Emmeloord;0,6;1,7;0,3;0,8;0,1;0,4
NL:S:25000050;Bunschotenlaan;Emmeloord;3,0;5,7;0,9;2,0;2,7;1,3
NL:S:25000070;Emmeloord - Oost;Emmeloord;1,3;2,7;0,1;0,5;0,0;0,0
NL:S:25000100;Diemenlaan;Emmeloord;4,9;7,3;1,4;1,9;1,1;1,2
NL:S:25000130;Ecopark;Emmeloord;0,6;1,2;0,1;0,3;0,0;0,0
NL:S:25000180;Produktieweg;Emmeloord;0,0;0,0;0,0;0,0;0,0;0,0
NL:S:25000210;Zuyderzee College;Emmeloord;4,7;5,6;1,4;1,8;1,8;1,4
NL:S:25000500;Medisch Centrum;Emmeloord;9,0;7,3;0,8;0,3;0,0;0,0
NL:S:25000600;Antonius Ziekenhuis;Emmeloord;12,5;9,0;1,2;0,7;0,1;0,0
NL:S:25000700;Urkerweg 18;Emmeloord;0,5;0,3;0,1;0,0;0,0;0,0
NL:S:25001400;Smeden;Emmeloord;1,1;5,2;0,3;1,9;0,5;1,1
NL:S:25005010;Busstation;Emmeloord;180,5;223,6;43,5;55,5;44,0;35,9
NL:S:25060010;Brink;Luttelgeest;0,4;0,4;0,0;0,0;0,0;0,0
NL:S:25060030;Luttelgeesterweg;Luttelgeest;0,0;0,0;0,0;0,0;0,0;0,0
NL:S:25060050;Lindeweg;Luttelgeest;0,1;0,1;0,0;0,0;0,0;0,0
NL:S:25060070;Orchideeenhoeve;Luttelgeest;0,6;0,4;0,0;0,0;0,0;0,0
NL:S:25060090;Oosterringweg;Luttelgeest;3,3;2,3;0,0;0,0;0,0;0,0
NL:S:25060110;Schansweg;Luttelgeest;0,0;0,1;0,0;0,0;0,0;0,0
NL:S:25070010;Luttelgeesterweg;Marknesse;0,2;0,3;0,1;0,0;0,0;0,0
NL:S:25070030;H.D. Louwes Hoeve;Emmeloord;0,0;0,0;0,0;0,0;0,0;0,0
NL:S:25070050;Lindeweg;Emmeloord;0,2;0,3;0,3;0,2;0,3;0,2
NL:S:25130100;Sloefweg;Ens;2,6;1,3;0,5;0,2;0,6;0,3
NL:S:25130200;Bomenweg;Emmeloord;0,6;0,6;0,2;0,3;0,1;0,0
NL:S:25130300;Kleiweg;Emmeloord;0,3;0,7;0,2;0,2;0,2;0,1
NL:S:25150100;Urkerweg 34;Tollebeek;0,1;0,1;0,0;0,0;0,0;0,0
NL:S:25150200;Sint Hubertusplaats;Tollebeek;9,5;9,3;1,1;1,2;0,0;0,0
NL:S:25150300;Urkerweg 46;Tollebeek;0,3;0,0;0,0;0,0;0,0;0,0
NL:S:25150400;Urkerdwarspad;Urk;0,1;0,3;0,0;0,0;0,0;0,0
NL:S:25170030;Zwembad Voorst;Kraggenburg;0,2;0,2;0,1;0,0;0,1;0,0
NL:S:25170050;Picknickplaats;Kraggenburg;0,2;0,2;0,0;0,1;0,0;0,0
NL:S:25170070;Mammouthweg;Kraggenburg;0,1;0,2;0,0;0,0;0,0;0,0
NL:S:25170090;Leemringweg/Sloefweg;Marknesse;0,2;0,3;0,1;0,1;0,0;0,0
NL:S:25170110;Boslaan;Marknesse;0,0;0,0;0,0;0,0;0,0;0,0
NL:S:25170211;Busstation;Marknesse;32,0;39,6;2,8;2,7;2,2;3,1
NL:S:25170230;Breestraat;Marknesse;9,3;11,8;1,5;4,6;1,1;2,2
NL:S:25170250;Netl;Kraggenburg;0,7;0,7;0,4;0,4;0,8;0,2
NL:S:25180010;Busstation;Blokzijl;27,1;14,9;0,0;0,0;0,0;0,0
NL:S:25180030;Uiterdijkenweg;Marknesse;0,3;0,3;0,0;0,0;0,0;0,0
NL:S:25180050;Steenwijkerdwarsweg;Marknesse;0,6;0,7;0,0;0,0;0,0;0,0
NL:S:25230030;Ens;Ens;25,6;28,1;7,5;8,8;6,0;4,3
NL:S:25240010;Domineesweg;Nagele;0,0;0,0;0,0;0,0;0,0;0,0
NL:S:25250010;Singel;Urk;5,6;5,3;1,5;1,1;0,0;0,0
NL:S:25250100;Urkerweg 60;Urk;0,6;0,7;0,1;0,2;0,0;0,0
NL:S:25250210;Ransuil;Urk;9,5;12,4;1,2;0,9;0,0;0,0
NL:S:25250230;Winkelcentrum;Urk;21,0;20,4;2,4;2,8;0,0;0,0
NL:S:25250270;Vlaak;Urk;11,8;15,6;1,0;1,1;0,0;0,0
NL:S:25250300;Rotholm;Urk;10,3;7,9;0,9;0,5;0,0;0,0
NL:S:25250850;Lange Dam;Urk;8,2;10,4;0,5;0,6;0,0;0,0
NL:S:25250950;De Noord;Urk;4,1;6,5;0,4;0,7;0,0;0,0
NL:S:25251000;Gemeentehuis;Urk;9,1;9,4;1,3;1,4;0,0;0,0
NL:S:25270010;Clarenberglaan;Vollenhove;86,0;52,8;19,5;11,4;10,3;6,0
NL:S:25270030;Kraggenburg;Kraggenburg;5,3;6,4;1,3;1,7;0,8;0,8
NL:S:25270110;Vollenhoverweg/NOP;Marknesse;0,3;0,3;0,1;0,2;0,0;0,2
NL:S:25270130;Repelweg;Marknesse;0,2;0,3;0,1;0,3;0,1;0,2
NL:S:25270150;Voorsterweg;Marknesse;1,1;1,2;0,2;0,2;0,1;0,2
NL:S:25270170;Voorstersluis;Marknesse;0,3;0,1;0,1;0,1;0,1;0,0
NL:S:25270190;Paardenweg;Kraggenburg;0,3;0,3;0,0;0,0;0,0;0,0
NL:S:25280010;Boomkwekerij;Scheerwolde;3,1;3,0;0,0;0,0;0,0;0,0
NL:S:25280050;Beenderribben;Wetering;0,6;0,5;0,0;0,0;0,0;0,0
NL:S:25280070;Wetering;Wetering;0,8;1,0;0,0;0,0;0,0;0,0
NL:S:25280090;Veldhuisweg;Baarlo;0,6;0,3;0,0;0,0;0,0;0,0
NL:S:25330300;Zwartemeerweg;Ens;4,3;2,8;1,7;1,7;1,3;0,6
NL:S:25350010;Markeweg;Blesdijke;2,1;2,0;0,0;0,0;0,0;0,0
NL:S:25350030;Dalhoeve;Blesdijke;0,5;0,5;0,0;0,0;0,0;0,0
NL:S:25370010;Heetveld;Heetveld;2,3;2,5;0,9;0,7;0,7;0,8
NL:S:25370070;Prot Chr Basisschool;Heetveld;3,7;3,5;1,5;1,4;0,5;0,5
NL:S:25380010;Jan van Nassauweg;Scheerwolde;1,2;1,1;0,0;0,0;0,0;0,0
NL:S:25380030;Smalleweg;Scheerwolde;0,1;0,1;0,0;0,0;0,0;0,0
NL:S:25430010;Noorderrandweg;Kampereiland;1,5;2,1;0,4;0,3;0,3;0,3
NL:S:25430030;Rechterveldweg;Kampereiland;3,8;4,1;1,5;1,5;0,6;0,9
NL:S:25430050;Natuurbad Seveningen;Kampereiland;0,5;0,5;0,2;0,2;0,2;0,1
NL:S:25430100;Nesweg;Kampereiland;0,1;0,1;0,0;0,0;0,0;0,0
NL:S:25430200;Kampereiland Kerk;Kampereiland;1,0;0,9;0,1;0,1;0,1;0,0
NL:S:25430300;Witte Brug;Kampereiland;1,0;1,2;0,1;0,1;0,0;0,0
NL:S:25430390;Dam-Noorddiep;Kampereiland;0,5;0,2;0,0;0,0;0,0;0,0
NL:S:25450810;Kooystraat;Ossenzijl;4,1;3,5;0,0;0,0;0,0;0,0
NL:S:25470010;De Velde;De Velde;2,0;2,6;1,3;1,5;0,8;0,9
NL:S:25470030;Busstation;Zwartsluis;129,7;134,3;44,9;47,3;22,9;26,2
NL:S:25470050;Bejaardencentrum;Zwartsluis;4,1;2,0;0,4;0,5;0,2;0,2
NL:S:25470070;De Krieger;De Krieger;3,9;6,3;0,7;0,8;0,4;0,4
NL:S:25480010;Chr. Basisschool;Kamperzeedijk;3,7;3,8;0,0;0,0;0,0;0,0
NL:S:25580010;Nieuweweg;Genemuiden;14,6;13,4;0,8;0,9;0,0;0,0
NL:S:25580030;'t TAG;Genemuiden;35,0;39,8;2,2;1,7;0,0;0,0
NL:S:25630010;Koekoeksgemaal;Grafhorst;0,1;0,0;0,0;0,0;0,0;0,0
NL:S:25630030;Vahl;IJsselmuiden;1,5;2,3;0,0;0,0;0,0;0,0
NL:S:25630050;Fuite;IJsselmuiden;0,1;0,4;0,0;0,0;0,0;0,0
NL:S:25630070;Plasweg;IJsselmuiden;0,4;0,5;0,0;0,0;0,0;0,0
NL:S:25630090;Groenendael;IJsselmuiden;0,8;1,0;0,0;0,0;0,0;0,0
NL:S:25630110;R.K. Kerk;IJsselmuiden;0,9;0,9;0,0;0,0;0,0;0,0
NL:S:25670010;H. van Viandenplein;Hasselt;3,8;4,6;0,0;0,0;0,0;0,0
NL:S:25670030;Centrum;Hasselt;214,5;218,4;63,2;66,5;22,3;22,3
NL:S:25680010;Sluis;Beukers;0,1;0,1;0,2;0,1;0,0;0,0
NL:S:25680030;Blauwe Hand;Blauwe Hand;3,3;3,3;1,9;2,5;1,4;1,1
NL:S:25780010;Dominee Hylkemaweg;Giethoorn;18,2;19,2;33,5;37,8;18,8;20,4
NL:S:25780030;Kerkweg;Giethoorn;3,6;3,8;1,1;2,0;0,6;1,0
NL:S:25780050;Hotel Harmonie;Giethoorn;0,8;1,1;0,9;0,9;1,1;0,6
NL:S:25830110;Oranjesingel;Kampen;5,5;6,6;0,4;1,3;0,0;0,0
NL:S:25830170;Station Zuid;Kampen;43,8;41,4;5,9;5,9;0,0;0,0
NL:S:25830270;Leeghwaterstraat;Kampen;7,0;5,2;1,5;1,3;0,0;0,0
NL:S:25830280;Beekmanstraat;Kampen;6,1;6,3;1,8;1,4;0,0;0,0
NL:S:25830290;Amandelboom;Kampen;5,4;5,0;0,6;0,4;0,0;0,0
NL:S:25830300;Andoorn;Kampen;5,4;4,4;0,9;1,3;0,0;0,0
NL:S:25830310;Sterrekroos;Kampen;7,0;6,8;1,2;1,1;0,0;0,0
NL:S:25830320;Hilbert v Dijkstraat;Kampen;7,3;5,7;0,6;0,7;0,0;0,0
NL:S:25830330;Doctor Kolfflaan;Kampen;6,2;7,0;0,5;0,5;0,0;0,0
NL:S:25830340;Colijnlaan;Kampen;12,1;8,4;1,6;1,4;0,0;0,0
NL:S:25830360;Ommelandsingel;Kampen;3,7;7,0;0,7;1,3;0,0;0,0
NL:S:25830480;Bovenbroeksweg;Kampen;1,2;1,5;0,4;0,5;0,0;0,0
NL:S:25830500;Loriestraat;Kampen;22,0;12,0;0,8;0,4;0,0;0,0
NL:S:25839175;GSG Pieter Zandt;Kampen;0,5;0,3;0,0;0,0;0,0;0,0
NL:S:46000570;Dokter Hengeveldweg;Zwolle;1,6;2,4;0,0;0,0;0,0;0,0
NL:S:46001000;Park de Wezenlanden;Zwolle;2,2;5,4;0,0;0,0;0,0;0,0
NL:S:46001100;Assendorperdijk;Zwolle;4,1;6,9;0,0;0,0;0,0;0,0
NL:S:46001560;Isala ziekenhuis;Zwolle;14,3;16,7;0,0;0,0;0,0;0,0
NL:S:46001750;Provinciehuis;Zwolle;3,4;6,1;0,0;0,0;0,0;0,0
NL:S:46002960;Blaloweg/Hasselterweg;Zwolle;22,5;28,8;1,4;2,1;1,3;1,3
NL:S:46003240;Herenweg;Zwolle;0,1;0,1;0,0;0,0;0,0;0,0
NL:S:46004007;Station;Zwolle;322,8;278,4;76,8;66,5;53,8;49,8
NL:S:46004180;De Ruyterplein;Zwolle;0,0;0,1;0,0;0,0;0,0;0,0
NL:S:46004190;Corn. Houtmanstraat;Zwolle;0,4;0,3;0,0;0,0;0,0;0,0
NL:S:46004500;Trompstraat;Zwolle;1,6;1,5;0,0;0,0;0,0;0,0
NL:S:46004530;Stadion;Zwolle;3,9;8,7;0,0;0,0;0,0;0,0
NL:S:46006400;Campus;Zwolle;34,3;30,0;0,0;0,0;0,0;0,0
NL:S:46006600;Blaloweg/Rieteweg;Zwolle;7,5;8,2;0,6;1,4;0,5;1,2
NL:S:46007000;Vrolijkheid;Zwolle;0,8;1,1;0,0;0,0;0,0;0,0
NL:S:46010030;Zwembad/Landstede;Zwolle;4,1;12,4;0,0;0,0;0,0;0,0
NL:S:46100040;Katerdijk;zwolle;75,1;95,6;2,6;2,4;1,9;1,8
NL:S:46100330;Breecamp;Zwolle;11,2;10,8;4,4;3,5;2,6;2,2
NL:S:46104021;Katwolderplein/centrum;Zwolle;119,2;84,7;53,4;51,6;26,8;22,9
NL:S:46120010;Havezatheweg;Genne;0,0;0,0;0,0;0,0;0,0;0,0
NL:S:46120090;Bergkloosterweg;Zwolle;0,9;1,1;0,0;0,0;0,0;0,0
NL:S:46120120;Vechtbrug;Zwolle;0,5;0,2;0,0;0,0;0,0;0,0
NL:S:46120160;Campherbeeklaan;Zwolle;0,1;1,0;0,0;0,0;0,0;0,0
NL:S:46120430;Vechterstrand;Genne;0,0;0,0;0,0;0,0;0,0;0,0
NL:S:46120450;Doornweg/Vechtdijk;Genne;0,0;0,0;0,0;0,0;0,0;0,0
NL:S:46120470;Vijfhoekweg;Genne;0,0;0,0;0,0;0,0;0,0;0,0
NL:S:46120490;Dashorstweg;Genne;0,0;0,0;0,0;0,0;0,0;0,0
NL:S:46120510;Klinkerweg;Genne;0,1;0,1;0,0;0,0;0,0;0,0
NL:S:46120530;Glinthuisweg;Genne;0,0;0,0;0,0;0,0;0,0;0,0
NL:S:46120560;Verkavelingsweg;Genne;0,1;0,0;0,0;0,0;0,0;0,0
NL:S:46301120;Industrieweg;Hasselt;5,8;7,4;1,7;1,0;0,6;0,6
NL:S:46302010;Zandvoortweg;Hasselt;0,1;0,2;0,0;0,0;0,0;0,0
NL:S:46302030;De Baak;Hasselt;3,6;3,0;0,0;0,0;0,0;0,0
NL:S:46302050;Kerspel;Hasselt;3,5;2,8;0,0;0,0;0,0;0,0
NL:S:46302070;Sportvelden;Hasselt;1,1;1,1;0,0;0,0;0,0;0,0
NL:S:46302090;Stadsweg;Hasselt;2,6;2,2;0,9;1,8;0,3;0,7
NL:S:46320010;Het Rode Dak;Genne;0,0;0,0;0,0;0,0;0,0;0,0
NL:S:46320040;Boerderijweg;Genne;0,0;0,0;0,0;0,0;0,0;0,0
NL:S:46403010;Kloosterziel;De Velde;0,4;0,4;0,3;0,2;0,1;0,2
NL:S:46501010;Kranerweerd;Zwartsluis;3,7;4,6;1,8;2,2;0,8;1,0
NL:S:46501030;Nieuwesluis;Zwartsluis;15,2;16,8;6,9;7,8;5,1;5,6
NL:S:46501050;Zomerdijk;Zwartsluis;0,3;0,3;0,1;0,2;0,1;0,1
NL:S:46501070;Westeinde - Rotonde;Zwartsluis;19,0;10,0;6,8;2,6;4,6;1,7
NL:S:46511010;De Noorde;Zwartsluis;3,0;3,6;0,9;1,3;0,8;1,4
NL:S:46511030;Zieltje;Zwartsluis;0,5;0,1;0,2;0,0;0,0;0,1
NL:S:46520010;Flevoweg;St.Jansklooster;14,4;14,9;3,3;2,7;2,2;2,1
NL:S:46520030;Veneweg;St.Jansklooster;15,4;16,6;3,4;3,5;1,2;1,6
NL:S:46522010;Barsbeek;Heetveld;3,0;3,2;0,6;0,9;0,2;0,1
NL:S:46522070;Barsbeek 36;St. Jansklooster;2,9;3,0;0,1;0,3;0,2;0,1
NL:S:46522090;Kadoelen;Kadoelen;1,6;1,6;0,4;0,4;0,2;0,1
NL:S:46522110;Dennenbos;St.Jansklooster;1,0;0,8;0,0;0,0;0,0;0,0
NL:S:46522130;Oldenhof Kadoelerweg;St.Jansklooster;0,3;0,3;0,0;0,0;0,0;0,0
NL:S:46522150;Halleweg;St.Jansklooster;0,2;0,3;0,0;0,0;0,0;0,0
NL:S:46522170;Zuurbeek;St.Jansklooster;0,0;0,0;0,0;0,0;0,0;0,0
NL:S:46531010;Verlengde Duinweg;St.Jansklooster;3,6;2,7;0,5;0,4;0,3;0,3
NL:S:46531030;Weyert;Vollenhove;14,2;14,3;2,5;2,1;1,1;1,2
NL:S:46531050;Zwembad;Vollenhove;4,6;4,6;1,9;2,2;1,8;1,3
NL:S:46541010;Overtoom;Genemuiden;35,8;33,5;3,6;3,1;0,0;0,0
NL:S:46541030;Hervormd Centrum;Genemuiden;14,5;14,7;0,9;1,1;0,0;0,0
NL:S:46541050;De Meente;Genemuiden;30,1;28,4;3,2;2,9;0,0;0,0
NL:S:46552010;Prinsenkeet;Genemuiden;0,7;0,1;0,0;0,0;0,0;0,0
NL:S:46552030;Oude Stoomgemaal;Genemuiden;0,2;0,2;0,0;0,0;0,0;0,0
NL:S:46552050;Kamperzeedijk 21;Kamperzeedijk;0,6;0,4;0,0;0,0;0,0;0,0
NL:S:46560010;Kamperzeedijk/West;Kamperzeedijk;0,3;0,4;0,0;0,0;0,0;0,0
NL:S:46560030;Kamperzeedijk 141;Kamperzeedijk;0,3;0,3;0,0;0,0;0,0;0,0
NL:S:46560050;Nieuwe Gemaal;Kamperzeedijk;0,1;0,2;0,0;0,0;0,0;0,0
NL:S:46560070;Mandjeswaard;Grafhorst;0,3;0,3;0,0;0,0;0,0;0,0
NL:S:46602010;Belterweg;Belt Schutsloot;1,1;1,1;0,3;0,5;0,2;0,2
NL:S:46630110;Strandje;Belt Schutsloot;0,1;0,1;0,1;0,2;0,0;0,0
NL:S:46630130;Giethoorn Zuid;Giethoorn;1,5;1,5;2,5;3,5;1,3;1,8
NL:S:46630150;Hollands Venetië;Giethoorn;3,5;3,5;3,6;5,2;4,4;5,2
NL:S:46630170;Hervormde Kerk;Wanneperveen;0,2;0,1;0,0;0,0;0,0;0,0
NL:S:46630190;Veldweg;Wanneperveen;0,1;0,1;0,0;0,0;0,0;0,0
NL:S:46630210;Hotel Belterwiede;Wanneperveen;0,2;0,2;0,0;0,0;0,0;0,0
NL:S:46630230;Perceel 252;Wanneperveen;0,0;0,0;0,0;0,0;0,0;0,0
NL:S:46641030;Groene Kruis;Giethoorn;5,3;5,0;1,9;1,9;1,0;0,9
NL:S:46650010;Lindehof;Giethoorn;0,9;1,0;0,5;0,6;0,5;0,4
NL:S:46650030;Brug;Giethoorn;0,6;0,7;0,1;0,3;0,1;0,2
NL:S:46650050;Perceel 9;Giethoorn;0,3;0,1;0,1;0,1;0,1;0,0
NL:S:46660010;Perceel 106;Kolderveen;0,0;0,0;0,0;0,0;0,0;0,0
NL:S:46660030;Nieuwedijk;Dinxterveen;0,0;0,0;0,0;0,0;0,0;0,0
NL:S:46660050;Gasthuisdijk;Dinxterveen;0,4;0,1;0,0;0,0;0,0;0,0
NL:S:46660070;Perceel 44;Dinxterveen;0,0;0,1;0,0;0,0;0,0;0,0
NL:S:46660090;Urkerpad;Wanneperveen;0,0;0,0;0,0;0,0;0,0;0,0
NL:S:46660110;Perceel 80;Wanneperveen;0,0;0,1;0,0;0,0;0,0;0,0
NL:S:46660130;Wethouder Vosstraat;Wanneperveen;0,7;0,5;0,0;0,0;0,0;0,0
NL:S:46660150;Roege Hoeve;Wanneperveen;0,0;0,0;0,0;0,0;0,0;0,0
NL:S:46660170;'t Haagje;Wanneperveen;0,3;0,3;0,0;0,0;0,0;0,0
NL:S:47130010;Hasselterweg;Zwolle;11,2;14,9;4,7;5,5;3,7;4,0
NL:S:47130030;Zwolseweg;Zwolle;0,7;0,9;0,5;0,6;0,3;0,2
NL:S:47130100;Veecaten;'s-Heerenbroek;0,1;0,0;0,0;0,0;0,0;0,0
NL:S:47130200;Bisschopswetering;'s-Heerenbroek;1,0;1,1;0,0;0,0;0,0;0,0
NL:S:47130300;Schoolsteeg;'s-Heerenbroek;0,0;0,0;0,0;0,0;0,0;0,0
NL:S:47130400;Zwolseweg 56;'s-Heerenbroek;0,0;0,0;0,0;0,0;0,0;0,0
NL:S:47140160;Brinkweg;Zalk;0,1;0,0;0,0;0,0;0,0;0,0
NL:S:47150010;Stationslaan;Hattem;0,0;0,0;0,0;0,0;0,0;0,0
NL:S:47150310;Dorpsweg;Hattem;0,0;0,0;0,0;0,0;0,0;0,0
NL:S:47150320;De Bongerd;Hattem;0,0;0,0;0,0;0,0;0,0;0,0
NL:S:47150800;Burg Bijleveldsingel;Hattem;0,0;0,1;0,0;0,0;0,0;0,0
NL:S:47150900;Vechtstraat;Hattem;0,1;0,0;0,0;0,0;0,0;0,0
NL:S:47155005;Centrum;Hattem;0,2;0,2;0,0;0,0;0,0;0,0
NL:S:47155007;Noord;Hattem;0,1;0,0;0,0;0,0;0,0;0,0
NL:S:47155009;IJsselbrug;Hattem;0,2;0,3;0,0;0,0;0,0;0,0
NL:S:47230100;Quarles v. Uffordweg;Wilsum;0,0;0,0;0,0;0,0;0,0;0,0
NL:S:47230130;Dorpsweg;Wilsum;0,0;0,0;0,0;0,0;0,0;0,0
NL:S:47230180;Westenbergstraat;Wilsum;0,0;0,0;0,0;0,0;0,0;0,0
NL:S:47230200;Wilsumersteeg;Wilsum;0,1;0,1;0,0;0,0;0,0;0,0
NL:S:47230300;Zwolseweg 44;IJsselmuiden;0,1;0,1;0,0;0,0;0,0;0,0
NL:S:47320080;Zalkerdijk;De Zande;0,3;0,2;0,0;0,0;0,0;0,0
NL:S:47320110;Oase;Zalk;0,3;0,3;0,0;0,0;0,0;0,0
NL:S:47330120;Beneluxweg;Kampen;7,0;7,8;0,8;0,9;0,0;0,0
NL:S:47330140;Oosterlandenweg;IJsselmuiden;0,2;0,0;0,0;0,0;0,0;0,0
NL:S:47330150;IJsselbrug;Kampen;14,1;15,3;2,3;2,7;0,0;0,0
NL:S:47330160;Venedijk;Kampen;20,2;16,0;0,0;0,0;0,0;0,0
NL:S:47330250;Van Heutszplein;Kampen;1,9;6,0;0,3;0,6;0,0;0,0
NL:S:47331110;Drostenstraat;IJsselmuiden;0,0;0,0;0,0;0,0;0,0;0,0
NL:S:47331130;Markeresstraat;IJsselmuiden;0,0;0,0;0,0;0,0;0,0;0,0
NL:S:47331160;Slenkstraat;IJsselmuiden;0,0;0,0;0,0;0,0;0,0;0,0
NL:S:47331180;Burg. van Engelenweg;IJsselmuiden;0,9;1,2;0,0;0,0;0,0;0,0
NL:S:47331270;Akelei;Kampen;7,7;7,1;0,6;1,1;0,0;0,0
NL:S:47331310;Vijverhof;Kampen;4,1;4,3;0,0;0,0;0,0;0,0
NL:S:47331900;Bovenhavenstraat;Kampen;1,5;1,1;0,0;0,0;0,0;0,0
NL:S:47332200;Koornmarkt;Kampen;0,6;0,6;0,0;0,0;0,0;0,0
NL:S:47332310;Meenteweg;Grafhorst;2,8;2,6;0,0;0,0;0,0;0,0
NL:S:47332600;Verzinkerij;IJsselmuiden;0,6;0,7;0,0;0,0;0,0;0,0
NL:S:47332700;Grafhorsterweg;IJsselmuiden;2,8;3,2;0,2;0,4;0,1;0,3
NL:S:47333300;Oostzeestraat;Kampen;5,1;5,7;0,3;0,5;0,0;0,0
NL:S:47333410;Almere College;Kampen;5,9;5,6;0,0;0,0;0,0;0,0
NL:S:47333500;Nijverheidsstraat;Kampen;14,8;13,2;0,0;0,0;0,0;0,0
NL:S:47334070;Ereprijs;Kampen;5,8;6,2;0,7;1,0;0,0;0,0
NL:S:47334450;Tormentil;Kampen;5,4;4,8;0,7;0,9;0,0;0,0
NL:S:47335000;Station;Kampen;434,5;422,6;86,1;69,6;41,6;54,8
NL:S:47336000;Kalmoessingel;Kampen;12,9;12,0;0,0;0,0;0,0;0,0
NL:S:47420010;Onderdijks;Kampen;0,0;0,1;0,0;0,0;0,0;0,0
NL:S:47430200;Roggebotsluis;Dronten;62,9;36,9;0,0;0,0;0,0;0,0
NL:S:47430300;Oudebosweg;Dronten;0,7;0,2;0,0;0,0;0,0;0,0
NL:S:47530020;Ketelweg;Dronten;0,1;0,1;0,0;0,0;0,0;0,0
NL:S:49000050;Lelycentre;Lelystad;0,0;0,1;0,0;0,0;0,0;0,0
NL:S:49000060;Rotondebrug;Lelystad;0,0;0,0;0,0;0,0;0,0;0,0
NL:S:49001210;Houtribweg;Lelystad;0,0;0,0;0,0;0,0;0,0;0,0
NL:S:49005010;Station Centrum;Lelystad;0,1;0,2;0,0;0,0;0,0;0,0
NL:S:49330050;Rietweg;Dronten;0,0;0,0;0,0;0,0;0,0;0,0
NL:S:49340010;Bloemenwijk;Swifterbant;0,0;0,0;0,0;0,0;0,0;0,0
NL:S:49340080;De Lange Streek;Swifterbant;0,0;0,0;0,0;0,0;0,0;0,0
NL:S:49430110;Manege;Dronten;0,0;0,0;0,0;0,0;0,0;0,0
NL:S:49430150;Baskenstraat;Dronten;0,0;0,0;0,0;0,0;0,0;0,0
NL:S:49430250;De Boeg;Dronten;0,0;0,0;0,0;0,0;0,0;0,0
NL:S:49430390;Station;Dronten;22,0;48,2;0,0;0,0;0,0;0,0
NL:S:49430430;Dukaat;Dronten;0,0;0,0;0,0;0,0;0,0;0,0
NL:S:49430450;Het Spaarne;Dronten;0,0;0,0;0,0;0,0;0,0;0,0
NL:S:49430490;Beiersgulden;Dronten;0,1;0,0;0,0;0,0;0,0;0,0
NL:S:49430510;Eurosingel;Dronten;0,0;0,0;0,0;0,0;0,0;0,0
NL:S:49430590;Aeres Hogeschool;Dronten;0,1;0,0;0,0;0,0;0,0;0,0
NL:S:49430620;De Morgen;Dronten;0,0;0,0;0,0;0,0;0,0;0,0
NL:S:49430640;De Barrage;Dronten;0,0;0,0;0,0;0,0;0,0;0,0
NL:S:49430760;Centrum;Dronten;0,2;0,0;0,0;0,0;0,0;0,0
NL:S:49530020;Hanzeweg 17;Dronten;0,1;0,1;0,0;0,0;0,0;0,0
DE:S:80000510;Markt;Elten;1,4;1,0;0,0;0,0;0,0;0,0
DE:S:80000530;Neustadt;Elten;0,5;0,8;0,0;0,0;0,0;0,0
DE:S:80000560;Hauberg;Elten;0,1;0,1;0,0;0,0;0,0;0,0
DE:S:80000570;Feldhausener Weg;Elten;0,1;0,1;0,0;0,0;0,0;0,0
NL:S:40000010;Centraal Station;Arnhem;2469,1;2395,1;1279,9;1148,6;965,1;806,3
NL:S:40000090;Station Velperpoort;Arnhem;581,3;511,9;296,7;261,5;185,3;173,1
NL:S:40000110;Hoflaan;Arnhem;249,7;251,7;91,7;96,6;61,8;74,2
NL:S:40000130;Raapopseweg;Arnhem;172,9;173,0;75,6;80,6;46,0;52,9
NL:S:40000150;Huyghenslaan;Arnhem;39,9;45,0;30,6;32,6;18,3;22,0
NL:S:40000170;Esperantolaan;Arnhem;32,0;40,2;26,3;30,2;15,1;16,2
NL:S:40000190;Vondellaan;Arnhem;67,7;78,7;28,6;30,0;17,4;16,2
NL:S:40000220;Bronbeek;Arnhem;16,9;17,8;13,6;13,7;9,2;9,5
NL:S:40000310;Dedelstraat;Arnhem;19,8;13,1;9,7;6,9;5,3;3,5
NL:S:40000320;van Speykstraat;Arnhem;12,3;7,1;5,5;3,0;2,6;1,8
NL:S:40000340;Delta;Arnhem;8,9;9,5;0,0;0,0;0,0;0,0
NL:S:40000360;IJsseloord 1;Arnhem;16,7;15,0;6,2;5,1;2,4;2,7
NL:S:40000380;Meander;Arnhem;12,9;16,1;0,0;0,0;0,0;0,0
NL:S:40000510;Museum Arnhem;Arnhem;47,2;35,9;27,8;18,8;20,3;11,4
NL:S:40000530;Zwarteweg;Arnhem;62,6;69,5;37,7;35,5;23,0;21,7
NL:S:40000550;Oranjestraat;Arnhem;99,5;95,8;55,5;59,6;33,6;35,5
NL:S:40000570;Klingelbeekseweg;Arnhem;13,4;22,1;6,5;9,3;2,8;4,8
NL:S:40000600;Arnhems Buiten;Arnhem;75,0;82,5;24,0;27,7;17,6;20,8
NL:S:40000650;tunnel IJsseloord;Arnhem;25,1;30,8;11,2;11,0;7,1;6,4
NL:S:40000670;Blankenweg;Arnhem;29,9;41,0;11,3;17,4;7,3;10,1
NL:S:40000690;Dr. C. Lelyweg Noord;Arnhem;33,0;50,5;12,0;14,7;7,4;10,4
NL:S:40000950;IJsseloord 2;Arnhem;11,2;12,7;0,0;0,0;0,0;0,0
NL:S:40000990;Middachtensingel;Arnhem;0,3;4,0;0,0;0,0;0,0;0,0
NL:S:40001050;Sonsbeekweg;Arnhem;2,9;3,7;2,4;3,0;1,4;2,1
NL:S:40001070;Burgemeestersplein;Arnhem;3,8;9,2;2,8;4,0;2,0;2,8
NL:S:40001090;Burg. Weertsstraat;Arnhem;22,8;24,9;15,9;20,8;9,3;10,4
NL:S:40001110;Izaak Evertslaan;Arnhem;10,7;13,8;7,7;11,3;3,2;5,4
NL:S:40001140;van Ruisdaelstraat;Arnhem;11,9;13,6;2,8;4,5;1,6;2,3
NL:S:40001230;Landgoed Rosorum;Arnhem;0,0;0,8;0,0;0,0;0,0;0,0
NL:S:40001250;Schelmseweg;Arnhem;6,9;6,3;0,0;0,0;0,0;0,0
NL:S:40001260;Amsterdamseweg/Het Dorp;Arnhem;0,3;1,1;0,0;0,0;0,0;0,0
NL:S:40001560;Kazernestraat;Arnhem;3,0;10,9;0,0;0,0;0,0;0,0
NL:S:40001580;Klarendalseweg;Arnhem;15,1;15,4;0,0;0,0;0,0;0,0
NL:S:40001600;Het Venster;Arnhem;4,3;1,3;0,0;0,0;0,0;0,0
NL:S:40001620;Beekdal Lyceum;Arnhem;6,2;5,2;0,0;0,0;0,0;0,0
NL:S:40001670;De Drie Gasthuizen;Arnhem;75,5;81,8;30,0;35,8;18,2;20,5
NL:S:40001690;Bernhardlaan;Arnhem;32,9;35,1;25,3;25,8;16,9;18,5
NL:S:40001710;Louis Davidsstraat;Amsterdam;126,7;112,0;61,0;54,5;37,9;33,8
NL:S:40001730;Middenweg;Arnhem;49,3;44,9;35,5;29,8;19,0;17,8
NL:S:40001750;Marktplein (Geitenkamp);Arnhem;98,7;89,7;71,7;65,6;40,3;38,0
NL:S:40001770;Zaslaan;Arnhem;81,2;94,4;57,7;68,9;31,9;45,5
NL:S:40001790;Schuttersbergplein;Arnhem;84,2;88,5;61,4;61,3;35,6;37,2
NL:S:40001810;Roerdomplaan;Arnhem;42,8;41,2;23,4;27,2;13,2;16,1
NL:S:40002050;Bothaplein;Arnhem;9,0;15,0;5,5;8,9;3,4;5,8
NL:S:40002070;Jacob Cremerstraat;Arnhem;26,9;45,8;13,3;23,9;9,7;16,8
NL:S:40002090;Graaf Ottoplein;Arnhem;55,6;65,6;33,0;44,5;22,9;31,8
NL:S:40002110;Graaf Lodewijkstraat;Arnhem;63,2;60,9;46,0;50,3;31,5;38,0
NL:S:40002130;Sint Antonielaan;Arnhem;22,5;28,0;16,7;20,1;9,6;13,2
NL:S:40002150;Heselbergherweg;Arnhem;5,6;7,6;5,0;5,8;2,7;3,9
NL:S:40002170;Ziekenhuis Rijnstate;Arnhem;303,6;292,5;55,4;54,9;39,0;35,1
NL:S:40002550;Airborneplein;Arnhem;180,2;259,4;74,0;101,5;43,6;55,0
NL:S:40002570;Stadstheater Arnhem;Arnhem;103,3;50,9;73,2;21,4;43,9;15,6
NL:S:40002590;De Monchyplein;Arnhem;483,9;469,3;340,7;323,3;206,7;210,8
NL:S:40002610;Groene Weide;Arnhem;102,6;99,0;60,0;59,1;27,2;29,2
NL:S:40002630;Visserslaan;Arnhem;124,1;123,2;62,9;64,4;37,7;38,8
NL:S:40002660;Biezenlaan;Arnhem;100,4;118,1;60,0;70,4;32,3;41,3
NL:S:40002680;Stadswaardenlaan;Arnhem;192,5;153,4;112,9;96,5;59,2;52,4
NL:S:40002770;Immerloo;Arnhem;34,9;39,3;12,1;14,8;6,5;6,8
NL:S:40002800;Oude Huissenseweg;Arnhem;29,5;45,7;19,9;34,8;13,8;26,9
NL:S:40002901;Monnikensteeg;Arnhem;8,4;4,2;1,5;2,0;0,0;0,0
NL:S:40003030;Rozet;Arnhem;23,7;43,1;12,8;20,7;8,4;13,1
NL:S:40003130;Speenkruidstraat;Arnhem;26,8;24,3;13,6;15,6;9,7;9,7
NL:S:40003170;Rijnhal;Arnhem;77,9;83,0;34,2;37,3;29,4;31,0
NL:S:40003200;Winkelcentrum Kronenburg;Arnhem;977,0;953,5;600,9;557,4;284,4;261,7
NL:S:40003570;Sonsbeek;Arnhem;4,1;22,1;1,1;3,9;0,0;0,0
NL:S:40003650;Wielewaalstraat/Hoogte80;Arnhem;4,7;3,0;0,6;1,5;0,0;0,0
NL:S:40003670;Dominee Bechtlaan;Arnhem;7,8;7,0;3,2;2,6;0,0;0,0
NL:S:40003730;Sparrenweg;Arnhem;8,9;7,6;3,9;2,9;0,0;0,0
NL:S:40003750;Heideweg;Arnhem;8,4;6,3;3,4;1,4;0,0;0,0
NL:S:40003780;Arnhemse Allee;Arnhem;2,0;1,3;0,5;0,4;0,0;0,0
NL:S:40003810;Dennenweg;Arnhem;3,1;3,5;0,7;1,0;0,0;0,0
NL:S:40004001;Centraal Station;Arnhem;3698,0;3523,2;1873,4;1790,7;1546,8;1174,4
NL:S:40004015;Willemsplein;Arnhem;1488,3;1447,1;1084,8;997,4;544,4;513,1
NL:S:40004021;Velperplein;Arnhem;1987,3;1888,5;1441,2;1397,1;820,7;787,9
NL:S:40004030;Rijnstraat;Arnhem;443,0;596,2;401,2;591,3;230,0;307,2
NL:S:40004050;de Praets;Arnhem;10,6;27,9;6,2;22,7;4,3;13,9
NL:S:40004070;Zonnedauwweg;Arnhem;15,5;17,9;11,3;13,4;7,0;11,3
NL:S:40004090;Wilgenlaan;Arnhem;33,5;29,5;21,6;17,2;15,4;14,1
NL:S:40004170;De Grote Koppel;Arnhem;111,8;117,8;48,8;53,6;30,9;36,5
NL:S:40004175;Kronenburg;Arnhem;11,3;6,9;7,5;5,2;5,2;3,0
NL:S:40004230;van Berkumstraat;Arnhem;3,5;4,8;1,8;2,6;1,0;1,8
NL:S:40004590;Rietgrachtstraat;Arnhem;178,3;166,5;87,7;87,9;60,4;60,2
NL:S:40004610;Gr. van Prinstererstraat;Arnhem;265,7;236,1;110,0;100,9;72,4;75,0
NL:S:40004630;Hugo de Grootstraat;Arnhem;52,7;145,5;26,4;85,2;14,1;62,1
NL:S:40004640;Hugo de Grootstraat;Arnhem;152,7;54,0;91,5;27,1;59,0;16,8
NL:S:40004650;Maaslaan;Arnhem;53,4;59,7;33,8;39,3;24,5;27,2
NL:S:40004680;Waalstraat;Arnhem;114,5;128,6;69,9;80,1;46,8;51,6
NL:S:40004690;MFC Presikhaven;Arnhem;11,6;10,4;2,8;6,7;0,7;3,6
NL:S:40004700;Lange Wal;Arnhem;198,0;239,9;115,2;145,9;75,4;97,0
NL:S:40004730;Keulse Slag;Arnhem;498,9;457,9;311,0;242,5;191,0;176,8
NL:S:40004750;Zuilesteinlaan/HTS;Arnhem;17,5;23,9;2,4;7,8;0,8;3,5
NL:S:40004780;Elsweide/HAN;Arnhem;94,6;62,4;18,2;11,6;8,3;5,1
NL:S:40004810;IJssellaan/HAN;Arnhem;58,8;58,9;0,0;0,0;0,0;0,0
NL:S:40005130;Onder de Linden;Arnhem;1,7;7,8;0,0;0,0;0,0;0,0
NL:S:40005190;Kazerneplein;Arnhem;16,7;15,5;0,0;0,0;0,0;0,0
NL:S:40005210;WKC Klarendal;Arnhem;5,7;5,5;0,0;0,0;0,0;0,0
NL:S:40005330;Station Presikhaaf;Arnhem;74,8;74,3;5,2;3,7;8,8;6,7
NL:S:40005350;Dongestraat;Arnhem;9,1;12,3;1,1;1,2;2,2;2,6
NL:S:40005370;Kinderkamp;Arnhem;45,3;29,7;17,2;13,2;10,5;11,2
NL:S:40005390;Malsenlaan;Arnhem;39,6;36,2;28,9;29,0;17,0;20,7
NL:S:40005430;Grote Durk;Arnhem;29,5;32,3;23,1;24,6;13,4;15,6
NL:S:40005450;Oogststraat;Arnhem;2,7;1,9;0,0;0,0;0,0;0,0
NL:S:40005470;Agnietenstraat;Arnhem;1,5;0,5;0,0;0,0;0,0;0,0
NL:S:40005500;Stadskantoor;Arnhem;23,0;21,8;5,0;3,8;4,8;4,7
NL:S:40006570;Badhuisstraat;Arnhem;13,7;14,1;5,6;5,1;2,9;3,0
NL:S:40006650;Van Oldenbarneveldtstraat;Arnhem;13,5;14,7;1,9;3,4;0,9;2,1
NL:S:40006670;Haven;Arnhem;17,6;18,9;3,2;7,7;1,3;2,3
NL:S:40006710;Kleefse Waard;Arnhem;68,3;56,8;1,2;2,9;0,4;1,9
NL:S:40006731;Bruningweg;Arnhem;28,2;20,3;1,6;2,9;0,6;0,9
NL:S:40006750;P. Calandweg;Arnhem;15,9;9,9;2,7;2,6;2,2;2,5
NL:S:40006770;Slaakweg;Arnhem;9,7;11,4;4,2;5,4;2,2;4,8
NL:S:40007090;Fonteinkruidstraat;Arnhem;109,9;105,6;71,1;71,6;44,8;46,6
NL:S:40007530;St. Laurentiuslaan;Arnhem;159,3;167,3;98,9;96,1;46,8;49,0
NL:S:40007570;Fokke Noordhoffstraat;Arnhem;15,7;27,5;12,0;21,1;8,0;13,8
NL:S:40008550;Centraal Station (Sonsbeek);Arnhem;35,4;53,9;1,7;2,1;1,3;1,5
NL:S:40008570;Burg. Weertsstraat;Arnhem;10,6;22,2;3,6;8,5;3,3;3,4
NL:S:40008590;Brouwerijweg;Arnhem;3,9;5,7;1,1;1,4;1,0;1,0
NL:S:40008610;van Wageningenstraat;Arnhem;0,6;32,5;0,0;2,1;0,0;0,9
NL:S:40008620;van Wageningenstraat;Arnhem;3,1;0,8;0,8;0,1;0,4;0,1
NL:S:40008630;Tormentilstraat;Arnhem;18,9;2,7;1,7;0,9;1,1;1,0
NL:S:40008650;Gentiaanstraat;Arnhem;5,6;6,7;2,7;2,5;2,7;2,0
NL:S:40008670;Callunastraat;Arnhem;10,6;13,2;1,5;1,8;1,0;0,9
NL:S:40008690;Het Dorp;Arnhem;23,1;20,5;3,6;6,4;1,9;3,0
NL:S:40008710;Gelredome;Arnhem;60,3;55,7;50,8;53,5;35,5;34,2
NL:S:40008750;Transferium;Arnhem;16,6;28,3;20,5;32,7;9,8;17,7
NL:S:40008840;Brekelenkampstraat;Arnhem;35,0;32,2;5,2;3,4;4,4;5,7
NL:S:40009012;Eusebiuskerk;Arnhem;31,4;50,1;13,0;26,8;7,1;13,6
NL:S:40009019;Dr. C. Lelyweg Zuid;Arnhem;9,9;13,5;5,3;4,8;2,6;2,2
NL:S:40009550;Kamphuizenlaan;Arnhem;62,9;60,9;50,9;48,5;27,0;29,6
NL:S:40009570;Geitenkamp;Arnhem;136,2;130,6;39,3;43,0;24,2;27,6
NL:S:40009580;CIOS;Arnhem;37,9;42,8;1,9;1,8;0,0;0,0
NL:S:40009590;Het Duifje;Arnhem;123,0;105,8;86,4;72,1;43,0;33,0
NL:S:40009600;Presikhaaf/Cannenburgln;Arnhem;76,4;58,3;45,5;34,5;26,0;21,5
NL:S:40010010;Viaduct Kroonse Wal;Arnhem;64,9;64,5;39,2;37,7;25,6;33,7
NL:S:40013170;Osdorpplein Oost;Amsterdam;18,0;18,9;2,4;2,4;1,2;1,0
NL:S:40013210;Croydonplein;Arnhem;20,3;22,8;13,8;16,9;6,7;7,1
NL:S:40013230;Eldens Viaduct;Arnhem;17,7;18,7;13,5;13,1;5,6;6,9
NL:S:40013250;De Brink;Elden;10,8;13,0;9,4;10,9;3,7;4,0
NL:S:40013270;Mr. Merkxstraat;Elden;7,0;7,5;5,7;7,0;2,5;3,1
NL:S:40013290;Mr.D.U.Stikkerstraat;Elden;31,4;34,0;17,3;19,6;9,2;11,2
NL:S:40013310;Randweg;Arnhem;75,0;71,2;24,6;23,5;16,2;15,5
NL:S:40013330;Batavierenweg;Arnhem;4,0;11,1;1,2;4,8;0,6;5,5
NL:S:40013350;Rotterdamsingel;Arnhem;9,9;8,9;1,6;1,5;0,0;0,0
NL:S:40013390;Kroonse Wal;Arnhem;59,3;62,1;46,9;46,9;25,6;28,3
NL:S:40013410;Woudrichemstraat;Arnhem;76,8;66,4;47,7;43,0;30,7;26,3
NL:S:40013450;Brabantweg;Arnhem;34,2;31,0;22,9;21,8;13,0;12,1
NL:S:40013480;Park Lingezegen;Elst;0,7;0,9;0,5;1,0;0,2;0,2
NL:S:40013500;Oude Tol;Elst;0,7;1,1;0,6;0,9;0,3;0,2
NL:S:40013550;Hollandweg;Arnhem;49,5;52,8;35,0;39,9;19,9;22,8
NL:S:40013570;Wkc Schuytgraaf;Arnhem;9,8;14,3;8,2;9,7;4,4;4,7
NL:S:40013575;Germanenveld;Arnhem;17,7;20,6;7,4;9,3;4,3;5,7
NL:S:40013590;Station Arnhem Zuid;Arnhem;216,3;206,3;102,1;92,9;48,2;47,6
NL:S:40014230;Rijnpoort;Arnhem;17,9;28,7;5,8;20,3;4,1;12,1
NL:S:40014250;Veendamstraat;Arnhem;14,7;15,9;8,8;11,2;5,1;8,8
NL:S:40014270;Winkelcentrum Vredenburg;Arnhem;29,2;26,7;18,9;17,4;12,9;11,6
NL:S:40014290;Frieslandsingel;Arnhem;21,0;19,2;12,5;12,1;8,4;8,8
NL:S:40014291;Holthuizen;Arnhem;10,7;10,2;7,7;8,7;5,2;5,1
NL:S:40014351;Ezingestraat;Arnhem;10,1;12,5;5,0;6,2;3,4;4,8
NL:S:40014370;Aduardstraat;Arnhem;4,2;5,1;3,4;4,1;2,0;3,0
NL:S:40014390;Slochterenweg;Arnhem;2,4;2,9;0,7;0,9;0,9;0,6
NL:S:40017090;Hagemanswei;Arnhem;89,6;96,5;72,6;80,9;42,7;49,2
NL:S:40017110;Bussumstraat;Arnhem;110,9;110,8;80,1;81,9;46,6;52,7
NL:S:40017130;Winkelcentrum Elderhof;Arnhem;229,6;224,1;173,1;161,5;94,9;98,1
NL:S:40017150;Hillegomweg;Arnhem;73,7;88,4;47,5;63,5;29,0;39,8
NL:S:40018231;Groningensingel;Arnhem;214,0;208,5;84,7;85,1;57,5;63,2
NL:S:40018240;Kronenburgsingel;Arnhem;1,1;1,3;0,7;1,6;0,5;1,3
NL:S:40018250;Mooieweg;Arnhem;60,3;58,7;36,6;38,2;21,8;23,8
NL:S:40018270;Overmaat;Arnhem;39,0;42,7;14,8;16,0;7,8;8,2
NL:S:40018310;Zeelandsingel;Arnhem;13,7;16,3;9,9;11,7;3,6;4,7
NL:S:40018330;Terneuzenstraat;Arnhem;25,3;25,7;20,3;18,9;10,0;8,9
NL:S:40018350;Echterboschstraat;Arnhem;36,2;36,0;25,1;24,8;14,9;16,5
NL:S:40018370;Maastrichtsingel;Arnhem;23,7;24,9;14,8;16,5;8,7;9,3
NL:S:40018390;Sittardstraat;Arnhem;22,2;22,1;14,2;16,7;8,3;9,2
NL:S:40018410;Altweertstraat;Arnhem;14,1;16,5;10,4;11,0;6,5;7,6
NL:S:40018490;Lange Akkers/Limburgsngl;Arnhem;29,2;29,7;22,4;23,2;13,3;15,1
NL:S:40018530;De Pas;Arnhem;15,2;20,3;10,1;16,3;4,8;7,7
NL:S:40018750;Poli Zuid;Arnhem;125,5;124,5;51,6;53,4;31,1;33,8
NL:S:40018780;Rijkerswoerd;Arnhem;136,3;112,9;84,8;71,9;48,3;43,0
NL:S:40018890;Dr. J. den Uylsingel;Arnhem;58,6;70,2;38,8;49,9;21,4;29,0
NL:S:40018910;Otis Reddingplein;Arnhem;60,8;58,1;40,9;38,4;22,3;23,1
NL:S:40018930;Mr. Oudsingel;Arnhem;113,2;115,0;74,0;77,2;43,3;40,9
NL:S:40018935;Gerbrandysingel;Arnhem;75,3;67,9;48,5;42,5;27,6;28,5
NL:S:40019530;De Laar West/Bredasingel;Arnhem;65,7;62,1;45,1;41,7;25,4;26,2
NL:S:40019570;Luchtvaart;Arnhem;20,4;14,5;12,6;11,5;6,9;6,0
NL:S:40019590;Ringdijk;Arnhem;0,3;3,1;0,1;1,9;0,1;1,1
NL:S:40019610;Centraalspoor;Arnhem;13,4;11,9;7,8;7,0;4,0;5,1
NL:S:40019630;De Zeis;Arnhem;70,6;65,1;39,6;36,7;23,0;22,0
NL:S:40019650;Koningskers;Arnhem;19,6;19,9;12,2;13,5;5,5;6,3
NL:S:40019670;Pachterwaard;Arnhem;15,7;18,2;11,1;13,0;6,9;6,7
NL:S:40019690;Metamorfosenallee;Arnhem;5,9;5,2;4,4;4,0;2,9;3,1
NL:S:40019710;Herfsttooi;Arnhem;14,8;14,7;7,3;7,5;3,9;4,4
NL:S:40070010;C. van Maasdijklaan;Schaarsbergen;4,0;3,6;0,0;0,0;0,0;0,0
NL:S:40071150;Jacob Marislaan;Arnhem;24,7;27,1;7,0;6,9;3,7;4,2
NL:S:40071170;Mesdaglaan;Arnhem;9,8;13,7;9,0;11,7;4,5;7,0
NL:S:40071191;Schelmseweg;Arnhem;10,9;10,5;9,6;7,0;5,6;3,9
NL:S:40072160;Oremusplein;Arnhem;44,7;55,4;33,2;54,8;18,4;33,8
NL:S:40072180;Beethovenlaan;Arnhem;33,6;20,0;26,1;10,3;12,1;1,2
NL:S:40072210;Chopinstraat;Arnhem;16,3;8,3;13,8;5,7;7,6;1,8
NL:S:40072250;Moscowa;Arnhem;6,1;7,1;2,9;3,6;0,0;0,0
NL:S:40072270;Openluchtmuseum Oost;Arnhem;9,5;16,6;7,2;11,5;0,0;0,0
NL:S:40072300;Openluchtmuseum West;Arnhem;37,9;16,8;52,7;28,2;33,0;21,4
NL:S:40072360;Peter van Anrooylaan;Arnhem;4,5;26,2;1,3;24,0;0,7;15,9
NL:S:40072370;Ravelstraat;Arnhem;7,4;9,2;6,8;7,9;4,2;6,3
NL:S:40078790;Lijnbaan;Schaarsbergen;4,7;5,5;3,9;4,9;1,9;2,3
NL:S:40078810;Warnsborn;Schaarsbergen;4,0;6,1;3,3;5,5;2,4;3,5
NL:S:40078830;Menthenbergseweg;Schaarsbergen;7,1;6,9;2,7;2,4;1,7;1,8
NL:S:40078850;Kemperbergerweg;Schaarsbergen;2,1;3,0;2,0;1,9;1,3;1,4
NL:S:40078870;Casa Nova;Schaarsbergen;2,9;2,1;2,8;1,7;1,2;1,0
NL:S:40078890;Dennenheide;Schaarsbergen;0,2;0,6;0,2;0,5;0,2;0,3
NL:S:40078910;Pannekoekhuis;Schaarsbergen;4,3;3,8;3,7;3,7;2,6;1,6
NL:S:40078930;Museum 40-45;Schaarsbergen;9,4;13,8;4,5;7,8;4,2;5,7
NL:S:40078950;Koningsweg;Schaarsbergen;15,4;14,6;19,4;20,2;13,1;15,6
NL:S:40078990;Kaderschool Luchtmacht;Schaarsbergen;3,3;4,2;0,0;0,0;0,0;0,0
NL:S:40079010;Viersprong;Schaarsbergen;3,3;2,8;0,0;0,0;0,0;0,0
NL:S:40079030;I.P.C.;Schaarsbergen;4,4;5,9;0,0;0,0;0,0;0,0
NL:S:40079510;Burgers' Zoo;Arnhem;68,9;69,6;86,9;90,5;56,0;56,5
NL:S:40079550;Alteveer;Arnhem;1,3;3,7;0,4;1,9;0,0;0,0
NL:S:40100010;Kerklaan;Doorwerth;7,8;11,1;6,7;9,7;4,9;8,8
NL:S:40100020;Wolfhezerweg;Oosterbeek;10,8;10,1;7,1;6,6;5,5;4,0
NL:S:40100040;d'Oude Herbergh;Oosterbeek;23,7;30,6;12,5;16,1;8,6;13,6
NL:S:40100060;Airborne Museum;Oosterbeek;19,7;22,5;13,2;15,6;10,5;14,7
NL:S:40100080;Vogelweg;Oosterbeek;24,7;24,0;14,7;12,5;7,4;6,8
NL:S:40100160;Station Oosterbeek;Oosterbeek;32,5;27,7;28,2;26,8;13,0;12,7
NL:S:40100220;Julianaweg;Oosterbeek;8,0;11,1;3,5;7,0;1,4;3,3
NL:S:40100230;Rechterenborg;Oosterbeek;0,7;0,8;0,6;0,7;0,0;0,0
NL:S:40100250;Parkflat de Valkenburcht;Oosterbeek;0,5;0,4;0,5;0,5;0,0;0,0
NL:S:40100270;Valkenburglaan;Oosterbeek;0,1;0,1;0,1;0,1;0,0;0,0
NL:S:40100290;Bilderberglaan;Oosterbeek;0,0;0,0;0,0;0,0;0,0;0,0
NL:S:40100330;Sonnenberglaan;Oosterbeek;0,0;0,0;0,0;0,0;0,0;0,0
NL:S:40100610;Mariendaal;Oosterbeek;12,4;11,7;7,3;6,8;3,4;3,8
NL:S:40100650;Beukenlaan;Oosterbeek;84,9;98,7;57,9;69,4;39,6;47,1
NL:S:40100670;Weverstraat;Oosterbeek;100,5;97,4;75,6;74,4;41,6;42,2
NL:S:40100700;Gemeentehuis;Oosterbeek;95,4;85,6;68,7;59,3;34,4;30,3
NL:S:40100720;A. Weeninklaan;Oosterbeek;12,1;21,0;10,3;16,7;5,7;8,2
NL:S:40100740;Cronjeweg;Oosterbeek;8,8;15,5;6,5;12,3;2,5;4,9
NL:S:40100790;Gzc De Dennenkamp;Oosterbeek;0,5;1,0;0,2;0,5;0,0;0,0
NL:S:40100810;Tuin de Lage Oorsprong;Oosterbeek;0,0;0,1;0,1;0,2;0,0;0,0
NL:S:40100850;Oude Oosterbeekseweg;Heveadorp;0,2;0,2;0,0;0,1;0,0;0,0
NL:S:40100870;Westerbouwing;Oosterbeek;0,1;0,0;0,1;0,0;0,0;0,0
NL:S:40105670;Van Toulon v.d. Koogweg;Oosterbeek;5,0;6,0;3,0;3,4;1,4;1,8
NL:S:40105690;Oude Kerk;Oosterbeek;6,8;7,1;5,7;5,6;3,8;3,1
NL:S:40105710;Kneppelhoutweg;Oosterbeek;3,5;3,1;2,0;1,6;1,4;1,3
NL:S:40105730;van Borsselenweg;Oosterbeek;0,9;0,9;0,8;0,8;0,2;0,4
NL:S:40105750;Drielse Veer;Oosterbeek;1,0;0,8;1,4;0,9;1,1;0,8
NL:S:40105770;Dunolaan;Heveadorp;3,5;4,0;2,7;3,7;2,0;2,1
NL:S:40105790;Beeklaan;Heveadorp;9,0;7,1;5,7;6,0;3,0;2,7
NL:S:40105810;Wilhelmilaan;Heveadorp;6,8;8,0;5,3;6,1;2,3;2,1
NL:S:40120010;Aansluiting A12;Duiven;17,4;20,6;7,5;7,4;10,2;11,2
NL:S:40120030;Hotel De Roskam;Rheden;2,5;2,1;1,2;0,9;0,9;1,0
NL:S:40120050;Beekhuizenseweg;Velp;55,3;56,2;23,0;25,8;11,8;13,2
NL:S:40120070;A.G. Hofkeslaan;Velp;2,4;2,3;1,6;1,7;2,5;1,6
NL:S:40120110;Gasthuislaan;Velp;26,5;14,7;3,5;0,8;2,4;0,6
NL:S:40120140;Reigerstraat;Velp;0,9;1,4;0,4;1,5;0,3;1,0
NL:S:40120150;Gruttostraat;Velp;83,1;66,6;6,2;4,6;3,9;4,6
NL:S:40120230;Rozenhagelaan;Velp;16,1;22,4;12,6;19,6;7,7;12,0
NL:S:40120250;Nordlaan;Velp;108,4;111,0;39,1;39,7;25,6;31,0
NL:S:40120270;Wilhelminastraat;Velp;146,3;148,4;119,1;125,4;64,9;75,8
NL:S:40120290;Emmastraat;Velp;86,0;88,4;66,5;71,2;36,0;48,7
NL:S:40120310;Hogeweg;Velp;31,9;33,4;24,1;26,9;18,5;19,2
NL:S:40120330;Heemskerklaan;Velp;15,3;8,7;8,1;8,3;6,0;4,6
NL:S:40123750;Rhedens Lyceum;Rozendaal;4,3;7,4;0,3;0,2;0,0;0,0
NL:S:40123790;Kerklaan;Rozendaal;3,0;4,2;1,7;2,7;0,0;0,0
NL:S:40123810;Hertog van Gelrestraat;Rozendaal;2,2;2,5;0,9;0,7;0,0;0,0
NL:S:40123830;Bergweg;Velp;3,1;4,1;1,3;1,6;0,0;0,0
NL:S:40123910;Den Heuvel;Velp;9,6;11,9;3,2;4,3;0,0;0,0
NL:S:40123930;Kerkstraat;Velp;5,2;5,7;2,7;2,1;0,0;0,0
NL:S:40123950;Velperbroek;Velp;38,8;38,3;9,0;6,8;5,7;6,6
NL:S:40123980;Ziekenhuis;Velp;10,5;7,3;3,0;1,5;0,0;0,0
NL:S:40123990;Ziekenhuis/Waterstraat;Velp;70,1;81,9;13,8;10,1;11,5;13,7
NL:S:40124030;Haverland;Velp;14,2;18,2;8,1;7,2;8,9;9,9
NL:S:40124070;Graaf Gerhardstraat;Velp;57,3;55,3;5,8;5,0;6,8;7,4
NL:S:40124820;Rozendaalselaan;Velp;3,9;3,4;0,8;1,3;0,0;0,0
NL:S:40124840;Biesdelselaan;Velp;10,1;14,2;1,2;1,6;0,0;0,0
NL:S:40129183;Graaf Ottostraat;Velp;38,1;33,8;8,5;6,8;7,3;9,0
NL:S:40129193;Oosterwolde;Velp;1,6;1,0;1,1;1,0;1,1;0,8
NL:S:40160070;Maasbergseweg;Arnhem;2,9;4,2;0,0;0,0;0,0;0,0
NL:S:40160080;De Leeren Doedel;Arnhem;1,0;0,7;0,0;0,0;0,0;0,0
NL:S:40160110;De Vijverberg;Arnhem;0,2;0,5;0,0;0,0;0,0;0,0
NL:S:40160130;Klein Warnsborn;Arnhem;3,3;1,9;0,0;0,0;0,0;0,0
NL:S:40160160;Sportcentrum Papendal;Arnhem;69,7;64,6;0,0;0,0;0,0;0,0
NL:S:40160170;v.d. Valk Hotel Arnhem;Arnhem;0,6;5,4;0,0;0,0;0,0;0,0
NL:S:40169091;Van der Valk/Papendal;Arnhem;8,3;0,1;0,0;0,0;0,0;0,0
NL:S:40170030;Hoenderloseweg;Deelen;0,5;0,0;0,0;0,0;0,0;0,0
NL:S:40200010;Heidesteinlaan;Renkum;43,2;41,0;16,9;15,7;9,6;11,1
NL:S:40200020;Patrimoniumweg;Heelsum;30,4;28,9;17,0;16,8;12,6;11,8
NL:S:40200040;Het Beekdal;Heelsum;21,8;24,3;16,0;18,2;11,1;14,1
NL:S:40200060;Doorwerthsestraat;Heelsum;8,9;8,6;8,6;7,2;4,1;4,0
NL:S:40200080;Kievitsdel;Heelsum;1,6;8,9;1,3;8,8;1,4;7,7
NL:S:40200090;Kievitsdel;Doorwerth;6,1;2,2;4,8;1,5;5,4;1,1
NL:S:40200100;Mooiland;Doorwerth;6,1;7,2;3,4;3,6;2,2;2,4
NL:S:40200120;Kasteelweg;Doorwerth;21,0;19,9;9,6;11,0;7,0;8,7
NL:S:40200190;Winkelcentr. De Weerd;Doorwerth;59,8;54,7;47,5;43,9;18,0;15,8
NL:S:40200220;Kievitsdel;Doorwerth;7,0;5,1;6,7;4,0;3,2;2,5
NL:S:40200240;Van Aldenburglaan;Doorwerth;1,6;2,6;1,6;2,4;0,7;1,2
NL:S:40200270;Hackettweg;Heelsum;13,4;12,4;10,3;8,3;4,5;3,1
NL:S:40200290;Dopheidelaan;Heelsum;10,9;12,7;10,8;10,9;4,2;4,7
NL:S:40200310;Rolandseck;Doorwerth;0,7;0,8;0,5;0,6;0,0;0,0
NL:S:40200330;Spechtlaan;Doorwerth;0,2;0,3;0,2;0,2;0,0;0,0
NL:S:40200490;Heidestein;Heelsum;0,6;0,6;0,0;0,0;0,0;0,0
NL:S:40205830;Van der Molenplein;Doorwerth;4,8;12,0;4,7;9,2;2,3;5,1
NL:S:40205850;Berkenlaan;Doorwerth;49,0;43,3;30,0;27,0;16,2;17,0
NL:S:40210030;Hotel  Wolfheze;Wolfheze;0,2;0,1;0,1;0,1;0,0;0,0
NL:S:40210050;Balijeweg;Wolfheze;0,0;0,1;0,1;0,2;0,0;0,0
NL:S:40210070;Station Wolfheze;Wolfheze;0,9;0,9;1,0;0,9;0,0;0,0
NL:S:40210100;Het Schild;Wolfheze;1,5;1,2;1,5;1,0;0,0;0,0
NL:S:40210180;Station/Parallelweg;Wolfheze;0,8;1,7;0,0;0,0;0,0;0,0
NL:S:40210200;Boshoeve;Wolfheze;0,0;0,0;0,0;0,0;0,0;0,0
NL:S:40210220;De Buunderkamp;Wolfheze;0,2;0,3;0,0;0,0;0,0;0,0
NL:S:40220070;Polenplein;Driel;0,7;0,8;0,0;0,0;0,0;0,0
NL:S:40220090;Ausemsstraat;Driel;0,1;0,1;0,0;0,0;0,0;0,0
NL:S:40220110;Cremerstraat;Driel;0,1;0,1;0,0;0,0;0,0;0,0
NL:S:40221020;Grote Breeken;Driel;8,1;7,7;3,5;4,9;2,5;2,6
NL:S:40221190;De Meikers;Driel;28,7;28,1;14,8;15,1;8,7;10,0
NL:S:40221210;Broeksingel;Driel;16,0;14,2;7,8;7,3;4,3;3,8
NL:S:40221310;Vredesteinsestraat;Driel;2,2;1,3;0,9;0,7;0,4;0,1
NL:S:40221330;Noordhoeksestraat;Driel;0,9;0,7;0,8;0,6;0,5;0,4
NL:S:40300040;Bokkedijk;Renkum;1,0;2,7;0,8;1,7;0,4;0,9
NL:S:40300060;Nieuweweg;Renkum;53,1;46,6;32,6;27,9;17,2;19,2
NL:S:40300080;Europalaan;Renkum;64,7;62,2;39,7;39,5;22,1;24,2
NL:S:40300100;Don Boscoweg;Renkum;36,8;36,3;21,2;21,6;14,0;18,6
NL:S:40300120;Groeneweg;Renkum;18,4;20,2;12,3;12,5;8,4;11,2
NL:S:40300170;Telefoonweg;Renkum;11,3;11,4;6,5;7,5;2,9;2,7
NL:S:40300190;Fluitersheuvel;Renkum;14,3;16,0;6,2;6,6;3,4;4,9
NL:S:40300230;Bellevue;Renkum;15,8;17,4;11,4;10,6;5,5;5,9
NL:S:40300270;Doelum;Renkum;16,9;16,4;10,3;9,9;5,6;5,5
NL:S:40300380;Maatweg;Renkum;0,0;0,0;0,0;0,0;0,0;0,0
NL:S:40300410;IJsbaan/Kortenburg;Renkum;0,1;0,0;0,0;0,0;0,0;0,0
NL:S:40300450;Waterweg;Renkum;0,1;0,1;0,0;0,0;0,0;0,0
NL:S:40300480;Nieuwe Keijenbergseweg;Renkum;0,2;0,2;0,0;0,0;0,0;0,0
NL:S:40300490;van Riessenstraat;Renkum;0,1;0,1;0,0;0,0;0,0;0,0
NL:S:40300500;Dorpsstraat;Renkum;0,1;0,2;0,0;0,0;0,0;0,0
NL:S:40300510;Centrum;Renkum;0,1;0,2;0,0;0,0;0,0;0,0
NL:S:40300530;Wilgenpas;Renkum;0,6;0,5;0,0;0,0;0,0;0,0
NL:S:40320070;Poort v. Midden Gld Gr.;Heteren;6,4;25,1;0,0;0,0;0,0;0,0
NL:S:40320130;Nachtegaalstraat;Heteren;0,1;0,2;0,0;0,0;0,0;0,0
NL:S:40320160;Elzenpas;Heteren;7,0;12,3;3,2;7,4;1,3;4,5
NL:S:40320210;Beemdhof;Heteren;28,5;29,8;15,9;14,3;9,7;10,9
NL:S:40320240;Schaapsakker;Heteren;10,2;0,9;4,8;0,5;2,4;0,2
NL:S:40320320;Schoutenkamp;Heteren;0,6;0,6;0,0;0,0;0,0;0,0
NL:S:40320360;Heetveld;Heteren;13,7;12,7;6,1;6,5;4,1;3,8
NL:S:40320380;Onze Lieve Vrouwestraat;Heteren;10,5;6,4;4,2;2,5;2,3;1,6
NL:S:40320390;Polderstraat;Heteren;44,8;29,8;21,4;13,8;4,7;3,7
NL:S:40321330;Uilenburgsestraat;Heteren;0,3;1,3;0,2;0,6;0,0;0,6
NL:S:40321350;Achterstraat/PvMG;Heteren;39,3;51,6;24,2;40,4;3,5;16,9
NL:S:40400080;Arboretumlaan;Wageningen;26,2;27,3;17,1;15,8;9,8;19,1
NL:S:40400100;Diedenweg;Wageningen;37,4;40,0;25,3;23,2;15,9;34,0
NL:S:40400170;Wageningse Berg;Wageningen;33,8;40,0;25,6;32,9;16,2;22,3
NL:S:40405000;Busstation;Wageningen;419,6;370,0;338,4;270,1;175,9;271,6
NL:S:40410030;Oranje Nassau's Oord;Wageningen;0,5;0,5;0,0;0,0;0,0;0,0
NL:S:40410050;Begraafplaats;Wageningen;0,1;0,1;0,0;0,0;0,0;0,0
NL:S:40420018;Jansen van Doorn;Randwijk;0,0;0,0;0,0;0,1;0,0;0,0
NL:S:40432001;De Harmonie;Laag-Soeren;1,9;3,3;0,9;1,4;0,9;1,7
NL:S:40433002;'t Veentje;Eerbeek;0,2;0,5;0,2;0,2;0,2;0,3
NL:S:40441001;Harderwijkerweg;Loenen;0,2;0,3;0,1;0,4;0,1;0,2
NL:S:40441003;Bergakkerweg;Loenen;0,2;0,3;0,1;0,4;0,0;0,2
NL:S:40441005;Bruisbeek;Loenen;0,4;1,7;0,4;0,9;0,4;1,0
NL:S:40441007;Leeuwenbergweg;Loenen;0,4;0,6;0,1;0,3;0,1;0,3
NL:S:40441009;Hoge Bergweg;Loenen;0,3;0,5;0,1;0,5;0,0;0,4
NL:S:40451009;Hagenbrug;Beekbergen;0,1;0,1;0,0;0,0;0,0;0,1
NL:S:40451013;De Wipselberg;Beekbergen;0,1;0,1;0,0;0,2;0,1;0,1
NL:S:40451015;Hulleweg;Beekbergen;0,0;0,1;0,1;0,2;0,1;0,1
NL:S:40451017;Zonnehuis;Beekbergen;0,0;0,1;0,0;0,1;0,1;0,1
NL:S:40451019;Kerkweg;Beekbergen;0,1;0,2;0,1;0,1;0,1;0,2
NL:S:40451021;Koningsweg;Beekbergen;0,0;0,1;0,0;0,1;0,0;0,2
NL:S:40451034;Laan van Westenenk;Apeldoorn;0,0;0,1;0,1;0,0;0,1;0,0
NL:S:40451501;Laan van Malkenschoten;Apeldoorn;0,3;0,7;0,1;0,0;0,0;0,0
NL:S:40543003;Coldenhovenseweg;Eerbeek;0,4;1,6;0,2;0,8;0,2;0,6
NL:S:40543005;Loubergweg;Eerbeek;0,6;2,4;0,4;0,6;0,2;0,7
NL:S:40543007;Centrum;Eerbeek;1,3;3,4;0,8;1,7;1,1;2,2
NL:S:40543009;Offenbachstraat;Eerbeek;2,0;8,0;1,1;4,0;1,3;3,2
NL:S:40543011;Ringlaan;Eerbeek;2,2;4,5;0,4;1,4;0,6;1,5
NL:S:40543013;Vondellaan;Eerbeek;1,2;3,6;0,7;0,8;0,6;1,5
NL:S:40551001;Station;Apeldoorn;1,7;2,7;1,9;1,5;2,4;2,2
NL:S:40551019;Hoofdstraat;Apeldoorn;0,6;1,7;1,5;2,4;0,3;0,8
NL:S:40551021;Amaliapark;Apeldoorn;0,1;0,3;0,0;0,5;0,2;0,4
NL:S:40551023;Zichtweg;Apeldoorn;0,1;0,1;0,1;0,2;0,0;0,3
NL:S:40551025;Eendrachtstraat;Apeldoorn;0,1;0,4;0,0;0,2;0,0;0,3
NL:S:40551027;Aluminiumweg;Apeldoorn;0,1;0,3;0,0;0,1;0,1;0,1
NL:S:40551029;Sebastiaanplein;Apeldoorn;0,1;0,1;0,1;0,1;0,1;0,2
NL:S:40551031;Chopinlaan;Apeldoorn;0,1;0,8;0,1;0,0;0,0;0,2
NL:S:41110030;Grevenveld;Huissen;63,3;68,0;43,9;48,3;28,8;30,0
NL:S:41110050;Nielant;Huissen;130,4;129,0;83,0;85,3;49,6;49,0
NL:S:41110070;Heirweg;Huissen;48,1;53,2;30,2;33,5;18,7;21,8
NL:S:41110090;Bredestraat;Huissen;71,5;64,9;47,8;44,6;27,9;28,8
NL:S:41110110;Langekerkstraat;Huissen;78,7;78,9;54,6;55,3;33,2;34,1
NL:S:41110150;Stadswal;Huissen;73,7;75,0;35,5;35,7;22,0;21,5
NL:S:41110170;Binnenveld;Huissen;7,4;9,7;3,8;5,0;2,8;2,8
NL:S:41110210;Valom;Huissen;12,2;18,1;6,0;10,3;3,9;6,8
NL:S:41110230;Florapark;Huissen;34,2;31,2;16,6;14,8;10,8;10,6
NL:S:41110250;Nieuwediep;Huissen;11,9;10,3;5,7;4,6;2,7;2,9
NL:S:41110300;Agropark;Huissen;40,5;44,5;12,0;14,1;6,2;6,3
NL:S:41110310;Bergerden;Huissen;7,9;7,9;0,0;0,0;0,0;0,0
NL:S:41110330;Polseweg;Huissen;1,1;1,6;0,6;0,8;0,2;0,5
NL:S:41110360;Geldersch Oord;Angeren;1,8;1,8;0,9;0,6;0,6;0,6
NL:S:41110370;Hedera;Huissen;3,4;3,5;0,0;0,0;0,0;0,0
NL:S:41110390;Mea Vota;Huissen;46,2;45,3;31,3;30,8;15,8;17,7
NL:S:41150010;Dorpstraat/Hamersetraat;Westervoort;0,1;0,2;0,0;0,0;0,0;0,0
NL:S:41150050;Het Ambacht;Westervoort;2,2;3,0;1,5;1,4;0,2;0,3
NL:S:41150070;Leigraaf;Westervoort;17,4;12,9;11,5;8,3;6,8;6,6
NL:S:41150110;Sonnedach;Westervoort;54,1;61,2;41,0;43,0;24,9;27,8
NL:S:41150130;Sporthal de Pals;Westervoort;10,0;12,4;9,9;12,1;5,3;6,2
NL:S:41150150;Vredenburg;Westervoort;11,6;12,3;8,3;10,1;5,8;6,0
NL:S:41151010;Lange Maat;Westervoort;6,1;7,4;4,4;6,2;2,5;3,1
NL:S:41151030;Ganzenpoel;Westervoort;47,6;38,6;34,0;27,5;19,0;15,3
NL:S:41151050;Nieuwhof;Westervoort;37,8;41,6;24,8;26,3;13,4;15,8
NL:S:41151070;Santacker;Westervoort;38,1;38,9;29,1;30,3;15,7;16,6
NL:S:41151090;Emmerik;Westervoort;28,2;28,2;18,1;18,6;10,8;12,8
NL:S:41151210;Station Westervoort;Westervoort;137,6;146,7;61,7;65,4;28,4;27,8
NL:S:41152090;Heilweg;Westervoort;13,7;11,5;8,2;6,4;4,0;3,4
NL:S:41200040;Platinaweg;Elst;4,8;6,6;0,0;0,0;0,0;0,0
NL:S:41200070;Grote Molenstraat;Elst;3,8;4,3;1,8;2,5;1,2;1,2
NL:S:41200090;Brahmsstraat;Elst;5,5;6,2;4,1;5,9;1,8;2,1
NL:S:41200110;W. de Zwijgerstraat;Elst;14,4;11,6;7,6;6,1;3,8;3,0
NL:S:41200130;Prinsenhof;Elst;30,9;29,5;18,8;19,0;10,9;9,5
NL:S:41200150;Kerkeakkers;Elst;33,5;33,1;19,4;18,2;10,2;10,5
NL:S:41200170;Zwartenhof;Elst;3,1;3,4;1,6;2,2;1,2;1,2
NL:S:41200190;Lange Dreef/Willemsstr.;Elst;15,6;15,9;5,7;6,4;1,9;1,9
NL:S:41200210;de Griend;Elst;26,1;28,5;16,0;16,9;12,4;15,0
NL:S:41200230;Sportpark de Pas;Elst;0,5;1,7;0,4;1,3;0,2;0,4
NL:S:41200250;de Vork;Elst;1,2;0,4;0,7;0,2;0,1;0,0
NL:S:41200270;Sint Maartenstraat;Elst;0,4;0,5;0,0;0,0;0,0;0,0
NL:S:41200290;Europaplein;Elst;0,5;0,4;0,0;0,0;0,0;0,0
NL:S:41200310;Kleipeer;Elst;7,4;6,6;0,0;0,0;0,0;0,0
NL:S:41200330;Vergert;Elst;4,4;4,7;0,0;0,0;0,0;0,0
NL:S:41200350;Dorpsstraat;Elst;28,7;33,0;15,9;18,1;9,8;13,3
NL:S:41200370;Bemmelseweg;Elst;8,3;10,8;0,0;0,0;0,0;0,0
NL:S:41200510;Griegstraat;Elst;4,0;7,6;2,3;4,8;0,8;2,0
NL:S:41200530;De Wuurde;Elst;33,4;31,0;25,3;25,2;12,7;12,2
NL:S:41200600;Sneeuwjacht;Elst;16,3;17,8;9,4;10,5;5,8;6,4
NL:S:41200620;Morgenster;Elst;39,5;36,7;17,8;18,3;12,5;13,2
NL:S:41200680;Mozartstraat;Elst;0,0;0,0;0,0;0,1;0,0;0,0
NL:S:41200730;Station Elst;Elst;141,7;135,3;28,4;26,5;19,9;16,8
NL:S:41210070;Oostervelden;Bemmel;6,1;6,9;1,7;2,8;1,3;1,4
NL:S:41210090;Klappenburgstraat;Bemmel;6,7;6,1;3,6;4,8;1,9;2,2
NL:S:41210110;Sportlaan;Bemmel;17,0;17,4;8,0;7,7;3,4;4,1
NL:S:41210130;Gemeentehuis;Bemmel;11,2;11,6;5,1;5,6;2,2;2,9
NL:S:41210150;Molenwei;Bemmel;2,4;3,5;0,9;2,0;0,3;1,0
NL:S:41210170;Vossenhol;Bemmel;3,7;4,7;3,0;3,7;1,0;1,8
NL:S:41210200;de Pas;Bemmel;1,5;1,1;1,8;1,1;0,3;0,4
NL:S:41210210;De Rosmolen;Bemmel;4,0;4,3;0,0;0,0;0,0;0,0
NL:S:41210230;Loostraat;Bemmel;85,8;81,6;49,3;49,0;30,9;29,4
NL:S:41210270;Dorpsstraat;Bemmel;64,1;65,7;36,4;36,2;21,7;22,0
NL:S:41210490;De Essenpas;Haalderen;4,1;4,7;1,2;1,7;0,7;0,8
NL:S:41210510;Papenstraat;Bemmel;111,1;109,6;45,7;49,4;29,0;30,6
NL:S:41210650;Klein Rome;Bemmel;37,5;37,6;21,9;24,1;12,4;13,7
NL:S:41210680;Kerkenhofstraat;Ressen;6,8;7,2;2,7;2,9;2,0;1,7
NL:S:41210690;Parksingel;Bemmel;41,6;43,8;25,0;25,5;14,7;15,5
NL:S:41220010;Avegoor;Ellecom;2,0;2,2;1,5;1,7;1,2;1,2
NL:S:41220030;Oprijlaan Middachten;De Steeg;0,7;0,3;0,2;0,1;0,1;0,4
NL:S:41220050;Smidsallee;De Steeg;0,9;1,3;0,5;0,4;0,5;0,3
NL:S:41220070;Brantsenpark;De Steeg;9,9;10,5;4,9;4,9;5,1;6,1
NL:S:41220090;Viaduct;De Steeg;0,6;0,6;0,3;0,2;0,4;0,3
NL:S:41220110;Rozenbos;Rheden;1,0;1,6;1,3;1,0;0,8;0,5
NL:S:41220130;Pinkelseweg;Rheden;0,3;0,7;0,1;0,5;0,1;0,7
NL:S:41220150;Groenestraat;Rheden;10,1;9,9;6,5;6,7;6,4;6,4
NL:S:41220170;Holtbankseweg;Rheden;2,5;3,2;1,4;1,8;1,3;1,7
NL:S:41220190;Rhederhof;Rheden;4,9;5,8;4,4;3,9;4,5;5,2
NL:S:41220550;NH Kerk;Rheden;4,5;4,8;0,0;0,0;0,0;0,0
NL:S:41220570;Oranjeweg;Rheden;15,7;11,1;0,0;0,0;0,0;0,0
NL:S:41220590;v. Heerdtplein;Rheden;8,7;7,0;0,0;0,0;0,0;0,0
NL:S:41220650;Overweg;Rheden;1,9;2,4;0,0;0,0;0,0;0,0
NL:S:41230010;Groenestraat;Giesbeek;7,8;8,2;1,7;1,8;2,8;2,9
NL:S:41230030;Kerkstraat;Lathum;6,7;7,5;1,3;1,8;2,4;2,6
NL:S:41230050;Rijderbosweg;Lathum;0,9;0,9;0,1;0,2;0,3;0,1
NL:S:41250010;Helhoek;Duiven;0,1;0,1;0,0;0,0;0,0;0,0
NL:S:41250030;De Plak;Duiven;0,3;0,1;0,3;0,1;0,0;0,0
NL:S:41250050;Vergertlaan;Duiven;8,0;6,8;0,0;0,1;0,0;0,0
NL:S:41250090;Dorp;Duiven;15,4;18,0;14,1;14,8;7,5;8,4
NL:S:41250110;Thuvine;Duiven;3,1;5,9;2,7;5,5;1,8;2,7
NL:S:41250130;van Goyenstraat;Duiven;20,3;20,2;13,9;15,5;8,4;7,4
NL:S:41250150;Maststraat;Duiven;1,7;3,3;4,7;7,1;2,5;3,8
NL:S:41250190;Schapenweide;Duiven;9,5;8,4;3,1;3,1;0,0;0,0
NL:S:41250210;Marketing;Duiven;6,1;6,8;0,0;0,0;0,0;0,0
NL:S:41250490;Alliander;Duiven;5,8;13,5;0,0;0,0;0,0;0,0
NL:S:41250530;IKEA;Duiven;20,1;16,6;0,0;0,0;0,0;0,0
NL:S:41250550;Nieuwgraaf 31;Duiven;3,7;5,7;0,0;0,0;0,0;0,0
NL:S:41250630;Typograaf;Duiven;7,2;9,0;0,0;0,0;0,0;0,0
NL:S:41251110;Station Duiven;Duiven;26,3;24,9;14,1;18,8;9,0;11,5
NL:S:41251130;Bellefleur;Duiven;2,2;2,2;0,0;0,0;0,0;0,0
NL:S:41251370;Centerpoort Noord;Duiven;12,0;16,1;0,0;0,0;0,0;0,0
NL:S:41252010;Talingstraat;Duiven;5,3;4,5;0,0;0,0;0,0;0,0
NL:S:41252070;Grasklokje;Duiven;0,9;1,5;0,8;1,1;0,4;0,6
NL:S:41252090;Eilandplein;Duiven;8,3;8,2;5,4;5,4;3,2;3,5
NL:S:41252110;Schiermonnikoogstraat;Duiven;2,9;5,2;2,3;3,7;0,7;1,9
NL:S:41252130;Klavierstraat;Duiven;10,6;9,8;5,1;5,0;3,0;3,2
NL:S:41252150;Opaal;Duiven;12,7;11,9;10,6;10,9;3,6;4,0
NL:S:41252170;Engelstraat;Duiven;0,2;0,7;0,0;0,3;0,0;0,2
NL:S:41260030;Kamervoort;Angeren;9,1;12,5;4,4;6,5;2,6;4,4
NL:S:41260060;Julianastraat;Angeren;13,3;4,1;6,5;1,5;4,0;1,0
NL:S:41260070;Molenstraat;Angeren;13,8;18,8;7,7;11,6;4,6;6,8
NL:S:41260090;Sterrenberg;Angeren;1,7;2,0;0,5;0,7;0,4;0,3
NL:S:41260110;Boerenhoek;Angeren;1,3;1,3;0,9;0,6;0,6;0,6
NL:S:41260130;Stenen Palen;Doornenburg;1,0;1,3;0,8;0,8;0,6;0,6
NL:S:41260150;de Linge;Doornenburg;0,3;0,6;0,2;0,5;0,1;0,2
NL:S:41260170;Krakkedel;Doornenburg;2,5;3,2;1,2;1,6;0,7;1,1
NL:S:41260190;de Woerd;Doornenburg;1,1;1,2;0,5;0,5;0,4;0,6
NL:S:41260210;Rijnstraat;Doornenburg;8,7;9,4;4,1;4,7;3,0;2,8
NL:S:41260230;van Kol;Doornenburg;32,8;31,1;17,7;17,4;10,2;9,6
NL:S:41260250;Blauwe Hoek;Doornenburg;3,7;3,7;2,5;3,4;1,2;1,4
NL:S:41260280;Molenstraat;Gendt;9,0;8,6;4,1;4,7;3,8;3,0
NL:S:41320070;Doesburgse Dijk;Dieren;14,2;15,2;3,3;1,8;1,5;0,9
NL:S:41320111;Station Dieren;Dieren;150,1;104,4;77,9;62,8;54,1;37,4
NL:S:41320150;Hofstetten;Ellecom;0,8;1,0;0,5;0,9;0,7;0,8
NL:S:41320170;Dorp;Ellecom;5,0;4,6;2,8;2,3;3,4;4,1
NL:S:41320510;Langebrug;Doesburg;0,1;0,1;0,1;0,1;0,1;0,0
NL:S:41321220;Vogelplantsoen;Dieren;0,1;0,1;0,0;0,0;0,0;0,0
NL:S:41321280;Sparrenhof;Dieren;0,4;0,3;0,1;0,0;0,0;0,0
NL:S:41321300;Imboslaan Industrielaan;Dieren;0,1;0,0;0,0;0,0;0,0;0,0
NL:S:41321320;Fazantlaan;Dieren;0,0;0,1;0,0;0,0;0,0;0,0
NL:S:41321400;Julius Rontgenlaan;Dieren;0,1;0,1;0,1;0,1;0,0;0,0
NL:S:41321420;Callunaplein;Dieren;6,9;11,7;3,5;4,1;2,1;2,6
NL:S:41321460;Gelders Hof;Dieren;0,0;0,0;0,0;0,0;0,0;0,0
NL:S:41321500;Tellegenlaan;Dieren;0,3;0,6;0,0;0,2;0,0;0,0
NL:S:41321520;Lindelaan;Dieren;0,0;0,0;0,0;0,0;0,0;0,0
NL:S:41321540;Spankerenseweg;Dieren;0,1;0,0;0,0;0,0;0,0;0,0
NL:S:41321560;Kanaaldijk;Spankeren;0,0;0,1;0,0;0,0;0,0;0,0
NL:S:41321580;Dorpsweg;Spankeren;0,0;0,0;0,0;0,0;0,0;0,0
NL:S:41321600;Kerkweg;Spankeren;0,1;0,1;0,0;0,1;0,0;0,0
NL:S:41321620;Loohof;Spankeren;0,1;0,1;0,1;0,0;0,0;0,0
NL:S:41321630;Treubstraat;Dieren;0,0;0,0;0,0;0,0;0,0;0,0
NL:S:41321650;E. van Beinumlaan;Dieren;0,0;0,0;0,0;0,0;0,0;0,0
NL:S:41321720;Imboslaan Industrielaan;Dieren;0,0;0,2;0,0;0,0;0,0;0,0
NL:S:41321730;Abelenlaan;Dieren;0,1;0,1;0,2;0,1;0,0;0,0
NL:S:41321740;Larixhof;Dieren;0,1;0,1;0,1;0,0;0,0;0,0
NL:S:41321760;Olmenhof;Dieren;0,2;0,1;0,0;0,0;0,0;0,0
NL:S:41321850;Zilverakkerweg;Dieren;0,0;0,0;0,0;0,0;0,0;0,0
NL:S:41321860;Willem de Feschlaan;Dieren;0,0;0,0;0,0;0,0;0,0;0,0
NL:S:41321870;Admiraal Helfrichlaan;Dieren;0,1;0,0;0,0;0,0;0,0;0,0
NL:S:41321880;Valeriuslaan;Dieren;0,0;0,0;0,0;0,0;0,0;0,0
NL:S:41321890;van Limburg Stirumstraat;Dieren;0,1;0,2;0,1;0,0;0,0;0,0
NL:S:41321910;Industrielaan;Dieren;0,1;0,1;0,0;0,0;0,0;0,0
NL:S:41321930;Domeinlaan;Dieren;0,1;0,1;0,0;0,0;0,0;0,0
NL:S:41321950;Crematorium Domeinlaan;Dieren;0,1;0,2;0,0;0,1;0,0;0,0
NL:S:41321970;Beverodelaan;Dieren;0,0;0,1;0,0;0,0;0,0;0,0
NL:S:41322000;Bernard Zweerslaan;Dieren;0,0;0,0;0,0;0,0;0,0;0,0
NL:S:41327005;Rode Kruislaan;Dieren;7,7;5,1;1,9;2,5;1,5;1,6
NL:S:41327007;Geitenbergweg;Dieren;7,2;9,5;3,3;3,5;3,4;4,2
NL:S:41327009;Crematorium;Dieren;1,5;2,0;0,7;1,6;0,6;1,1
NL:S:41327011;Cederlaan;Dieren;4,5;6,9;2,1;3,2;2,4;3,7
NL:S:41330030;Wielbergen;Angerlo;1,7;1,1;0,4;0,3;0,4;0,4
NL:S:41330050;Bingerdenseweg;Angerlo;0,3;0,1;0,1;0,2;0,2;0,2
NL:S:41330070;Tutenburgsestraat;Giesbeek;3,2;2,3;0,2;0,4;0,6;0,4
NL:S:41330090;Zwalmstraat;Giesbeek;31,5;34,5;5,2;5,5;6,5;7,0
NL:S:41330170;Beumerskamp;Doesburg;34,0;35,0;6,2;5,3;8,7;6,3
NL:S:41350090;Oranjelaan;Zevenaar;1,7;3,1;0,8;2,4;0,0;0,0
NL:S:41350112;Station Zevenaar;Zevenaar;99,8;103,5;22,7;23,9;0,0;0,0
NL:S:41350130;Oude Doesburgseweg;Zevenaar;18,1;18,1;9,5;9,1;0,0;0,0
NL:S:41350150;Sportcentrum;Zevenaar;12,3;14,4;4,6;5,9;0,0;0,0
NL:S:41350170;Zwembad;Zevenaar;6,3;5,0;1,7;2,0;0,0;0,0
NL:S:41350190;Ziekenhuis;Zevenaar;27,7;28,2;10,1;10,6;0,0;0,0
NL:S:41350210;Rosorum;Zevenaar;12,9;11,6;4,2;4,1;0,0;0,0
NL:S:41350250;Schellekrans;Zevenaar;4,9;4,0;1,5;2,2;0,0;0,0
NL:S:41350510;Ringbaan Oost;Zevenaar;0,2;0,1;0,0;0,0;0,0;0,0
NL:S:41350570;De Bem;Zevenaar;0,0;0,4;0,0;0,0;0,0;0,0
NL:S:41350610;Hengelder;Zevenaar;0,0;0,5;0,0;0,0;0,0;0,0
NL:S:41350630;Tol;Zevenaar;0,7;0,5;0,0;0,0;0,0;0,0
NL:S:41350670;7Poort;Zevenaar;0,4;0,5;0,0;0,0;0,0;0,0
NL:S:41351010;Buitenmolen;Zevenaar;0,1;0,3;0,0;0,0;0,0;0,0
NL:S:41351030;Maatjes;Zevenaar;0,0;0,1;0,0;0,0;0,0;0,0
NL:S:41351050;Mozartlaan;Zevenaar;0,1;0,1;0,0;0,0;0,0;0,0
NL:S:41352100;Didamseweg;Zevenaar;0,0;0,1;0,0;0,0;0,0;0,0
NL:S:41353130;Subenhara;Zevenaar;7,1;7,7;3,6;3,0;0,0;0,0
NL:S:41360030;Olyhorststraat;Gendt;2,5;1,9;1,1;0,9;0,7;0,7
NL:S:41360050;Kapelstraat;Gendt;8,5;7,5;3,5;3,5;3,0;3,0
NL:S:41360070;Julianaplein;Gendt;41,2;35,3;22,7;20,9;12,3;9,7
NL:S:41360090;Markt;Gendt;4,9;9,2;2,2;5,7;1,5;3,1
NL:S:41360110;Baron van Gendtlaan;Gendt;17,6;17,0;7,7;8,5;5,4;4,1
NL:S:41360130;Kommerdijk;Gendt;3,3;3,6;2,7;3,9;2,2;2,4
NL:S:41360150;Kruisstraat;Gendt;5,3;5,4;2,7;3,2;1,8;1,6
NL:S:41360170;Industrieterrein;Gendt;6,5;7,6;2,0;2,3;1,2;1,2
NL:S:41360190;Groenestraat;Haalderen;1,2;1,6;0,7;0,7;0,2;0,4
NL:S:41360230;Kerk;Haalderen;13,1;12,0;7,5;6,8;5,3;4,2
NL:S:41360250;Lage Zandsestraat;Haalderen;5,3;5,8;4,1;4,8;1,8;2,2
NL:S:41360510;Dwarsakker;Gendt;33,7;33,0;15,6;16,6;9,5;8,6
NL:S:41420010;NH Kerk;Drempt;1,2;1,1;0,4;0,6;0,5;0,4
NL:S:41420050;Gouden Regenstraat;Doesburg;17,4;14,8;0,0;0,0;0,0;0,0
NL:S:41420070;Hoek Looiersweg;Doesburg;8,4;4,9;0,0;0,0;0,0;0,0
NL:S:41420090;Koppelweg;Doesburg;0,2;1,4;0,0;0,0;0,0;0,0
NL:S:41420110;Beinum;Doesburg;8,6;7,3;1,6;1,5;2,5;1,9
NL:S:41420130;Potsmaat;Doesburg;11,0;10,7;1,5;2,0;2,5;1,8
NL:S:41420150;tunnel Angerlo;Doesburg;16,1;17,0;2,4;2,5;3,1;3,6
NL:S:41420210;Kraakselaan;Doesburg;96,1;52,1;27,2;20,0;20,8;13,6
NL:S:41420230;Meipoort;Doesburg;48,7;53,2;21,4;23,8;16,4;17,7
NL:S:41420250;Karel Doormansingel;Doesburg;29,5;33,1;14,0;14,4;8,4;9,1
NL:S:41420270;Koepoortwal;Doesburg;19,7;21,6;11,1;12,5;7,4;6,5
NL:S:41420290;Haven;Doesburg;3,4;5,3;2,7;2,5;3,5;3,7
NL:S:41450030;Kwartiersedijk;Babberich;0,2;0,2;0,0;0,0;0,0;0,0
NL:S:41450050;Beekseweg;Babberich;0,1;0,5;0,0;0,0;0,0;0,0
NL:S:41450070;Mariahoeve;Babberich;0,0;0,0;0,0;0,0;0,0;0,0
NL:S:41450090;Franciscusstraat;Babberich;5,3;4,8;2,1;2,4;0,0;0,0
NL:S:41450110;Gildestraat;Babberich;0,2;0,3;0,1;0,1;0,0;0,0
NL:S:41450130;Dorpstraat;Babberich;2,6;2,7;0,7;0,8;0,0;0,0
NL:S:41450150;Schutterstent St. Anna;Oud Zevenaar;0,7;0,6;0,3;0,3;0,0;0,0
NL:S:41520010;Manege;Laag Keppel;0,5;0,9;0,0;0,1;0,2;0,2
NL:S:41520030;Gouden Leeuw;Laag Keppel;2,4;1,8;0,5;0,3;0,5;0,2
NL:S:41520210;'t Smaaleke;Laag Keppel;0,3;1,0;0,0;0,5;0,1;0,7
NL:S:41520230;Weg naar Hoog-Keppel;Hoog Keppel;0,4;0,3;0,0;0,0;0,1;0,0
NL:S:41520250;Burg. Vrijlandweg;Hoog Keppel;0,4;0,9;0,1;0,2;0,2;0,3
NL:S:41520270;De Braamberg;Drempt;2,6;2,9;0,3;0,4;0,6;0,5
NL:S:41620010;Den Ooiman;Doetinchem;1,8;4,1;0,2;0,4;0,3;0,9
NL:S:41620030;IJzergieterij;Langerak;0,2;0,9;0,0;0,0;0,0;0,0
NL:S:41650010;Lobede;Tolkamer;24,4;27,1;6,9;6,6;0,0;0,0
NL:S:41650050;Boterdijk/Molen;Lobith;0,0;0,1;0,0;0,0;0,0;0,0
NL:S:41650070;Postkantoor;Tolkamer;5,7;0,8;2,1;0,0;0,0;0,0
NL:S:41650085;Graaf Ottoweg;Lobith;0,6;4,1;0,1;0,8;0,0;0,0
NL:S:41650090;Dorp;Lobith;24,2;17,1;5,2;4,3;0,0;0,0
NL:S:41650110;Graaf Reinaldstraat;Lobith;12,1;6,2;2,8;1,3;0,0;0,0
NL:S:41650130;Anjerstraat;Lobith;3,3;9,1;0,8;2,3;0,0;0,0
NL:S:41650150;De Bijland;Herwen;0,5;0,4;0,1;0,2;0,0;0,0
NL:S:41650200;Willibrordusweg;Spijk;0,7;1,1;0,0;0,0;0,0;0,0
NL:S:41720230;Centrum;Doetinchem;13,9;22,5;2,6;5,8;3,4;6,5
NL:S:41720252;Station;Doetinchem;13,8;21,2;4,1;5,5;4,0;6,8
NL:S:41721110;Gemeentehuis;Doetinchem;2,4;6,3;0,4;1,1;0,3;0,8
NL:S:41721130;2e Loolaan;Doetinchem;9,9;19,9;1,1;1,3;1,3;2,0
NL:S:41750090;Schoolstraat;Aerdt;1,1;1,0;0,0;0,0;0,0;0,0
NL:S:41750110;Kerkweg;Aerdt;1,8;1,7;0,0;0,0;0,0;0,0
NL:S:41750170;Hoogeweg;Pannerden;1,4;2,1;0,0;0,0;0,0;0,0
NL:S:41750210;Aerdtsestraat;Pannerden;4,3;2,4;0,0;0,0;0,0;0,0
NL:S:41750360;Aerdtsedijk;Herwen;0,5;0,9;0,0;0,0;0,0;0,0
NL:S:41750370;Nijverheidstraat;Herwen;0,6;1,3;0,3;0,5;0,0;0,0
NL:S:41750390;Dorpsplein;Pannerden;1,0;1,8;0,0;0,0;0,0;0,0
NL:S:41750410;Heuvelhoek;Aerdt;0,2;0,0;0,0;0,0;0,0;0,0
NL:S:41750430;Molenpad;Herwen;8,5;8,3;2,6;2,0;0,0;0,0
NL:S:47899005;Pikeursbaan;Deventer;0,8;1,3;0,6;0,9;0,3;0,4
NL:S:60000030;Nassausingel;Nijmegen;90,7;160,1;81,8;153,9;42,4;77,1
NL:S:60000060;Valkhof;Nijmegen;358,3;397,7;303,6;356,6;124,0;157,9
NL:S:60000070;Hunnerpark;Nijmegen;191,3;204,2;124,6;156,7;66,2;93,5
NL:S:60000080;Neerbosscheweg;Nijmegen;101,8;102,2;61,5;60,0;44,5;48,2
NL:S:60000100;Dennenstraat;Nijmegen;76,5;82,7;41,9;42,3;23,3;36,2
NL:S:60000120;Graafseweg/Wolfskuilseweg;Nijmegen;44,9;46,1;26,6;26,2;14,5;16,8
NL:S:60000130;Rozenstraat;Nijmegen;49,1;54,3;26,2;33,8;16,2;21,5
NL:S:60000180;Prins Hendrikstraat;Nijmegen;28,0;38,8;23,8;31,1;12,1;19,2
NL:S:60000230;Terwindtstraat;Nijmegen;8,3;6,3;7,8;5,0;4,2;3,0
NL:S:60000250;Waalkade;Nijmegen;133,6;120,0;109,3;108,3;69,0;75,0
NL:S:60000280;Joris Ivensplein;Nijmegen;76,7;70,9;63,5;66,8;28,8;30,9
NL:S:60000330;Groenestraat;Nijmegen;77,4;86,5;47,4;51,3;30,4;41,9
NL:S:60000350;Sint Annamolen;Nijmegen;71,9;83,1;28,6;34,7;17,3;22,6
NL:S:60000370;Voerweg;Nijmegen;57,7;91,1;73,3;122,8;27,0;39,8
NL:S:60000390;Sint Annastraat/Heiweg;Nijmegen;12,7;11,8;3,8;3,6;5,0;5,5
NL:S:60000410;Scheidingsweg;Nijmegen;7,9;10,5;2,8;3,0;3,5;3,6
NL:S:60000430;Hertogplein;Nijmegen;68,0;84,3;58,7;67,4;27,9;32,6
NL:S:60000460;Marienboom;Nijmegen;34,4;27,8;23,7;19,9;15,5;20,4
NL:S:60000470;Coehoornstraat;Nijmegen;0,0;0,0;0,0;0,0;0,0;0,0
NL:S:60000480;Van Cranenborchstraat;Nijmegen;47,3;53,8;19,1;20,9;14,2;16,9
NL:S:60000490;Kazerne;Nijmegen;77,5;77,0;45,8;42,6;28,3;34,3
NL:S:60000500;Groenewoudseweg;Nijmegen;32,7;35,7;17,4;19,6;11,1;11,3
NL:S:60000590;Sint Canisiussingel;Nijmegen;56,9;65,5;35,3;41,2;22,5;33,9
NL:S:60000630;Havenweg;Nijmegen;34,6;44,4;25,2;33,5;19,0;25,5
NL:S:60000650;Kronenburgersingel;Nijmegen;184,1;178,2;131,4;150,6;72,0;85,2
NL:S:60000690;Hatertseweg/Grootstalseln;Nijmegen;56,2;56,4;27,2;24,1;19,3;22,8
NL:S:60000720;van Peltlaan;Nijmegen;132,6;127,3;76,6;74,6;51,1;62,6
NL:S:60000740;Meentstraat;Nijmegen;67,4;67,9;22,7;24,0;16,0;19,8
NL:S:60000760;Krekelstraat;Nijmegen;79,1;69,7;38,8;34,9;21,2;23,0
NL:S:60000780;Kam. Onnesstraat;Nijmegen;57,3;57,8;30,4;26,3;19,3;22,0
NL:S:60000860;Burg. Daleslaan;Nijmegen;3,0;9,1;0,0;0,0;0,0;0,0
NL:S:60000920;Waterkwartier;Nijmegen;1,0;6,8;0,7;3,8;0,4;3,6
NL:S:60000960;Pompweg;Ubbergen;11,7;10,3;4,7;4,0;2,8;2,8
NL:S:60000970;Sluis Weurt;Nijmegen;11,7;13,2;4,4;4,5;2,4;3,4
NL:S:60001000;Centraal Station;Nijmegen;6063,4;6602,3;3193,3;2853,2;2432,0;1860,3
NL:S:60001013;Centraal Station;Nijmegen;908,9;64,6;0,0;0,0;0,0;0,0
NL:S:60001020;Spoorkuil;Nijmegen;51,3;47,8;22,8;21,1;19,9;18,9
NL:S:60001040;Sint Maartenskliniek;Nijmegen;65,0;65,7;12,0;12,4;8,8;8,2
NL:S:60001060;Hengstdalseweg/Sophiaweg;Nijmegen;14,6;20,3;11,8;15,5;6,0;9,3
NL:S:60001080;Beukstraat;Nijmegen;33,1;29,3;28,6;24,9;16,6;17,5
NL:S:60001100;Hengstdalseweg/Broerdijk;Nijmegen;43,5;46,6;34,6;37,0;20,2;28,2
NL:S:60001160;Koningshof;Nijmegen;87,0;78,5;66,5;56,7;37,0;37,0
NL:S:60001180;Obrechtstraat;Nijmegen;21,7;27,1;15,7;20,9;10,8;13,9
NL:S:60001200;Smetiusstraat;Nijmegen;151,8;245,6;133,1;223,7;69,8;100,9
NL:S:60001220;Badhuis;Nijmegen;54,7;50,3;46,8;38,8;23,4;25,0
NL:S:60001230;Professorenwijk;Nijmegen;0,0;0,0;0,0;0,1;0,0;0,0
NL:S:60001240;Dominicanenstraat;Nijmegen;43,5;43,1;26,8;26,8;17,7;23,1
NL:S:60001250;Bowlingcentrum;Nijmegen;0,0;0,1;0,0;0,3;0,0;0,0
NL:S:60001280;UMC Sint Radboud;Nijmegen;357,7;331,4;58,1;60,5;40,6;41,7
NL:S:60001300;Oud Burgeren Gasthuis;Nijmegen;0,9;0,4;0,5;0,5;0,3;0,3
NL:S:60001390;Energieweg/Wolfskuilsewg;Nijmegen;31,0;58,8;0,0;0,0;0,0;0,0
NL:S:60001410;Dr. de Blecourtstraat;Nijmegen;74,6;56,4;0,0;0,0;0,0;0,0
NL:S:60001430;Station Goffert;Nijmegen;37,1;39,7;0,0;0,0;0,0;0,0
NL:S:60001470;Akkerlaan;Nijmegen;34,7;34,6;17,2;18,9;11,1;17,4
NL:S:60001480;Jan Massinkhal;Nijmegen;17,4;18,5;5,2;7,1;3,6;4,5
NL:S:60001540;Dorpshuisweg;Harkstede;6,7;7,0;0,0;0,0;0,0;0,0
NL:S:60001600;Winkelsteeg;Nijmegen;56,3;58,2;11,1;10,9;5,4;5,9
NL:S:60001630;Station Heyendaal;Nijmegen;713,8;832,5;89,0;85,3;64,7;101,2
NL:S:60001670;HAN;Nijmegen;472,9;137,6;3,0;2,8;1,6;0,9
NL:S:60001720;Pandastraat;Nijmegen;49,4;35,6;20,3;17,2;11,2;9,8
NL:S:60001840;Beemdstraat;Nijmegen;43,9;51,8;34,2;43,1;18,9;29,0
NL:S:60001860;Heidebloemstraat;Nijmegen;108,7;96,5;76,5;64,0;40,0;46,3
NL:S:60001870;Archimedesstraat;Nijmegen;70,6;72,1;48,1;54,3;24,7;32,9
NL:S:60001900;Galvanistraat;Nijmegen;66,9;58,9;57,7;52,0;30,5;28,3
NL:S:60001920;Irene Vorrinkstraat;Nijmegen;36,5;49,6;16,8;26,2;9,3;14,1
NL:S:60001940;Edisonstraat;Nijmegen;63,5;58,1;52,0;46,6;25,8;25,8
NL:S:60001970;Caesarstraat;Nijmegen;41,9;38,2;29,0;29,3;19,3;17,8
NL:S:60002001;Plein 1944;Nijmegen;1080,1;899,9;1074,1;841,7;391,8;323,8
NL:S:60002010;Fransestraat;Nijmegen;43,7;56,1;25,4;25,7;14,1;19,8
NL:S:60002090;Prins Bernhardstraat;Nijmegen;0,0;0,0;0,0;0,1;0,0;0,0
NL:S:60002520;Tunnelweg;Nijmegen;104,3;275,3;59,7;157,2;54,9;103,9
NL:S:60003120;Kanunnik Faberstraat;Nijmegen;30,8;14,6;23,3;11,4;14,4;8,2
NL:S:60003140;Kan. Mijllinckstraat;Nijmegen;28,9;34,7;24,7;28,6;13,0;18,4
NL:S:60003220;Kwekerijweg;Nijmegen;7,4;8,3;6,1;7,3;3,9;6,1
NL:S:60003260;Gymnasion;Nijmegen;23,7;20,9;20,5;19,1;14,7;15,3
NL:S:60003280;Huygensgebouw;Nijmegen;164,4;255,0;21,3;19,6;12,4;20,3
NL:S:60003370;Merwedestraat;Nijmegen;53,6;51,4;44,2;45,5;21,2;18,2
NL:S:60003430;Zwaluwstraat;Nijmegen;4,2;9,9;0,0;0,0;0,0;0,0
NL:S:60003450;Vlietstraat;Nijmegen;53,7;51,3;36,6;33,6;17,2;17,2
NL:S:60003490;Biezenstraat;Nijmegen;55,5;52,6;42,4;41,8;20,9;19,4
NL:S:60003820;Houtlaan;Nijmegen;0,0;0,0;0,0;0,0;0,0;0,0
NL:S:60003840;Kan. van Osstraat;Nijmegen;0,9;4,8;0,9;4,4;0,5;3,2
NL:S:60003880;Industrieweg;Nijmegen;94,9;81,6;33,2;34,1;6,7;6,5
NL:S:60004080;Tollensstraat;Nijmegen;110,1;111,5;70,8;73,8;40,0;43,7
NL:S:60004120;Thijmstraat;Nijmegen;96,9;94,4;58,4;51,7;31,6;38,7
NL:S:60004160;Dobbelmanweg/Groenestr.;Nijmegen;6,2;17,2;2,3;8,8;1,2;9,7
NL:S:60004220;Hertstraat;Nijmegen;30,2;29,4;11,6;12,4;9,0;11,2
NL:S:60004320;Muntweg/Wezenlaan;Nijmegen;48,7;63,3;32,7;43,0;17,6;28,8
NL:S:60004370;Heideparkseweg;Nijmegen;24,7;27,9;20,9;20,4;13,6;15,5
NL:S:60004380;Muntweg/Overweg;Nijmegen;32,4;34,2;20,8;22,7;11,5;15,9
NL:S:60004420;Manningstraat;Nijmegen;12,4;16,0;9,0;13,7;4,7;9,0
NL:S:60004650;Willemsweg/Groenestraat;Nijmegen;38,9;13,2;25,7;5,4;15,3;3,3
NL:S:60004810;CW-ziekenhuis;Nijmegen;167,9;162,5;32,1;28,6;21,4;19,3
NL:S:60004830;Begraafplaats Jonkerbos;Nijmegen;84,9;84,7;38,5;39,7;22,2;28,6
NL:S:60004850;Sanadome;Nijmegen;30,2;35,1;20,0;21,7;13,6;13,6
NL:S:60005160;Vijverhof;Nijmegen;23,4;24,7;20,8;22,3;12,6;13,1
NL:S:60005180;Kwakkenbergweg/Sophiaweg;Nijmegen;45,4;40,3;17,4;16,0;9,5;14,2
NL:S:60005290;Hatert-Centrum;Nijmegen;53,3;41,4;19,4;13,3;13,5;14,0
NL:S:60005320;Broerweg;Nijmegen;76,2;75,5;38,5;41,1;22,1;26,6
NL:S:60005360;Mr. Franckenstraat;Nijmegen;4,4;7,6;2,4;3,8;2,0;3,2
NL:S:60005380;Mesdagstraat;Nijmegen;20,7;21,8;11,6;15,7;8,9;10,4
NL:S:60005410;Hugo de Grootstraat;Nijmegen;42,3;34,3;24,9;18,4;16,4;16,4
NL:S:60005480;Mariaplein;Nijmegen;10,7;13,7;6,7;7,0;5,0;6,6
NL:S:60008020;Couwenbergstraat;Nijmegen;233,4;230,1;205,0;191,5;96,3;107,4
NL:S:60008030;Hatert-Delsenhof;Nijmegen;32,4;26,3;27,4;21,5;14,7;10,5
NL:S:60008040;Polkastraat;Nijmegen;77,3;62,3;57,7;44,8;31,3;26,8
NL:S:60008050;Hogendorpstraat;Nijmegen;27,6;36,6;19,3;27,9;10,8;17,7
NL:S:60008070;Thorbeckestraat;Nijmegen;154,4;148,1;100,9;100,4;57,2;61,0
NL:S:60008080;Winkelcentrum Notenhout;Nijmegen;121,3;123,6;105,5;100,2;54,0;54,8
NL:S:60008090;Middachtenstraat;Nijmegen;36,8;33,8;25,5;24,1;16,6;17,7
NL:S:60008110;Treubstraat;Nijmegen;53,6;63,3;45,1;45,1;25,3;29,6
NL:S:60008120;Aubadestraat;Nijmegen;59,9;67,4;50,2;53,5;28,1;31,8
NL:S:60008140;v.d.Duyn van Maasdamstr.;Nijmegen;43,9;28,7;35,9;23,6;17,9;13,0
NL:S:60008160;Paul Krugerstraat;Nijmegen;124,3;96,6;96,8;77,8;53,2;49,5
NL:S:60008180;Vuurdoornstraat;Nijmegen;106,7;119,0;80,5;87,4;48,1;61,6
NL:S:60008190;Nocturnestraat;Nijmegen;42,4;32,9;33,5;24,8;18,6;15,7
NL:S:60008220;Molenweg/Wolfskuilseweg;Nijmegen;42,4;57,2;33,2;46,8;17,9;30,6
NL:S:60008240;Fuchsiastraat;Nijmegen;163,0;146,7;138,2;121,8;60,2;54,1
NL:S:60008280;2e Oude Heselaan;Nijmegen;58,1;70,3;42,0;54,0;23,0;26,4
NL:S:60008620;Rosa de Limastraat;Nijmegen;28,5;36,0;20,5;29,0;10,7;15,0
NL:S:60009630;Erasmusgebouw;Nijmegen;461,3;468,9;31,7;32,2;25,7;28,5
NL:S:60009650;Spinozageb/Tandheelkunde;Nijmegen;230,9;260,1;8,5;10,7;6,7;7,7
NL:S:60100010;Sportpark Union;Malden;4,2;5,7;1,2;1,8;1,2;1,2
NL:S:60100020;Rijksweg/Grote Loef;Malden;11,0;10,7;6,2;6,6;6,4;7,2
NL:S:60100030;Grootveldschelaan;Malden;20,4;19,0;7,2;7,3;8,7;8,7
NL:S:60100040;Groesbeekseweg;Malden;20,6;21,9;13,8;13,9;14,8;16,4
NL:S:60100060;Kloosterstraat;Malden;14,5;14,0;11,8;10,2;12,0;10,3
NL:S:60100130;Rijksweg/Nertsstraat;Malden;5,0;6,8;3,1;3,1;2,7;3,2
NL:S:60100150;De Wieken;Malden;10,6;10,0;0,0;0,2;0,0;0,0
NL:S:60100160;De Lage Horst;Malden;6,3;5,3;0,0;0,2;0,0;0,0
NL:S:60100170;De Kruigang;Malden;3,3;3,4;0,0;0,0;0,0;0,0
NL:S:60100180;De Veldschuur;Malden;14,2;11,9;0,0;0,2;0,0;0,0
NL:S:60100250;Vinkenlaan;Malden;7,0;6,2;0,0;0,0;0,0;0,0
NL:S:60100270;Heidezoom;Malden;11,2;8,0;0,0;0,1;0,0;0,0
NL:S:60100910;Plantsoenstraat;Malden;0,2;0,1;0,0;0,0;0,0;0,0
NL:S:60100930;Broekkant/Malderburch;Malden;0,2;0,0;0,0;0,0;0,0;0,0
NL:S:60101030;Zweefvliegveld;Malden;0,1;0,1;0,0;0,0;0,0;0,0
NL:S:60101070;Groesbeekseweg/Bosweg;Malden;0,0;0,1;0,0;0,0;0,0;0,0
NL:S:60101110;Schoolstraat;Malden;2,9;2,5;0,0;0,0;0,0;0,0
NL:S:60109130;Raadhuisstraat;Malden;0,0;0,5;0,0;0,0;0,0;0,0
NL:S:60110010;Dekkerswald;Groesbeek;35,1;37,5;22,6;23,4;15,2;15,3
NL:S:60110020;Werkenrode;Groesbeek;33,1;36,6;17,1;18,6;12,1;13,9
NL:S:60110050;Pro Persona;Nijmegen;0,6;0,3;0,1;0,1;0,2;0,3
NL:S:60110070;De Thermen/MMK;Nijmegen;0,3;0,4;0,2;0,5;0,2;0,4
NL:S:60110110;Museum Orientalis;Heilig Landstichting;0,3;0,3;0,0;0,0;0,2;0,4
NL:S:60110130;Afrika Museum;Berg en Dal;1,9;1,4;1,8;1,8;0,9;0,8
NL:S:60110150;Sionsweg;Heilig Landstichting;20,3;21,1;16,9;17,1;13,5;13,0
NL:S:60110440;Panovenlaan;Nijmegen;31,8;35,5;14,2;16,8;9,5;10,8
NL:S:60140050;Centrum;Heumen;0,7;0,5;0,0;0,0;0,0;0,0
NL:S:60140090;Worsumseweg;Overasselt;0,1;0,0;0,0;0,0;0,0;0,0
NL:S:60140130;Tempelstraat;Overasselt;0,2;0,3;0,0;0,0;0,0;0,0
NL:S:60140170;Beatrixstraat;Overasselt;0,6;0,5;0,0;0,0;0,0;0,0
NL:S:60140310;Sint Walrick;Overasselt;3,4;3,6;3,1;3,2;2,6;1,9
NL:S:60140330;Schatkuilsestraat;Overasselt;1,7;1,6;1,1;1,5;1,1;0,8
NL:S:60140350;Sleeburgsestraat;Overasselt;0,5;0,6;0,2;0,2;0,2;0,2
NL:S:60140370;Kasteelsestraat;Overasselt;0,3;0,7;0,1;0,3;0,0;0,2
NL:S:60140390;Hoogstraat;Overasselt;23,0;22,3;7,4;8,5;6,2;6,6
NL:S:60140410;Ewijkseweg;Overasselt;1,2;1,0;0,5;0,6;0,4;0,2
NL:S:60140430;Gaasselsedam;Overasselt;0,9;0,9;0,3;0,3;0,3;0,2
NL:S:60150010;Streekweg;Nijmegen;4,9;7,0;1,8;2,2;1,6;1,3
NL:S:60150030;Teersdijk;Alverna;7,3;11,0;3,9;4,6;2,6;2,9
NL:S:60150040;Heumenseweg;Alverna;14,3;13,1;6,6;5,7;3,6;3,2
NL:S:60150050;Havenweg;Alverna;2,6;4,5;1,2;2,0;0,7;1,3
NL:S:60150110;Industriepark;Wijchen;2,8;2,4;0,9;1,3;0,9;1,4
NL:S:60150180;Parksesteeg;Overasselt;0,5;0,8;0,5;0,8;0,3;0,6
NL:S:60150200;Oude Nijmeegseweg;Overasselt;1,1;2,1;0,8;1,6;0,7;0,8
NL:S:60150220;Cornelis Drebbelstraat;Wijchen;3,8;2,4;0,7;0,6;0,4;0,3
NL:S:60150240;Graafsebrug;Nijmegen;39,5;44,2;29,6;36,8;17,0;21,6
NL:S:60150260;Viaductweg;Nijmegen;41,9;61,2;30,8;43,8;15,9;25,5
NL:S:60150280;Kerkenbos;Nijmegen;4,0;6,3;1,0;1,4;0,7;1,0
NL:S:60150490;Spijkerhofweg;Nijmegen;31,0;32,8;18,5;18,7;11,0;12,3
NL:S:60150530;Woonboulevard;Nijmegen;4,4;11,2;4,5;9,9;2,8;5,6
NL:S:60150840;van Boetbergweg/Aldenhof;Nijmegen;10,2;11,7;3,3;4,5;3,4;3,0
NL:S:60150860;van Boetbergweg/Malvert;Nijmegen;43,9;44,9;30,2;36,3;16,6;22,0
NL:S:60151001;Station Dukenburg;Nijmegen;1125,1;1101,5;747,5;711,6;358,6;348,2
NL:S:60151010;Lagelandseweg;Nijmegen;5,7;8,5;0,0;0,0;0,0;0,0
NL:S:60151030;Hogelandseweg;Nijmegen;10,8;9,6;0,0;0,0;0,0;0,0
NL:S:60152000;Aldenhof 50/70 str.;Nijmegen;1,0;2,2;0,7;1,4;0,3;1,4
NL:S:60152010;Aldenhof 52/64 str.;Nijmegen;4,2;5,6;3,1;4,5;2,1;3,3
NL:S:60152020;Aldenhof 53/14 str.;Nijmegen;11,4;8,1;8,3;6,8;5,0;4,0
NL:S:60152030;Aldenhof 13/38 str.;Nijmegen;14,5;11,5;11,1;9,0;4,6;4,4
NL:S:60152040;Aldenhof 12/32 str.;Nijmegen;12,1;6,3;9,6;6,4;4,9;3,5
NL:S:60152050;Weezenhof;Nijmegen;38,5;29,8;29,9;23,0;13,5;13,1
NL:S:60152090;Weezenhof 10e straat;Nijmegen;46,4;43,8;36,1;31,1;15,2;15,0
NL:S:60152150;Winkelcentrum Meijhorst;Nijmegen;2,1;9,8;1,5;5,8;0,9;3,4
NL:S:60152210;Meijhorst-Sporthal;Nijmegen;135,4;130,5;88,6;80,7;40,9;42,2
NL:S:60152230;De Doekenborg;Nijmegen;29,2;35,1;23,7;31,0;13,6;16,0
NL:S:60152250;Meijhorst 13e straat;Nijmegen;89,3;88,7;60,5;63,2;30,2;30,9
NL:S:60152290;Tolhuis 11e straat;Nijmegen;63,8;60,7;46,1;45,0;23,6;26,6
NL:S:60152300;Van Apelterenweg;Nijmegen;52,3;48,2;41,2;35,4;20,7;19,0
NL:S:60152330;Tolhuis 10e straat;Nijmegen;29,9;36,3;19,3;23,0;11,8;14,0
NL:S:60154980;Steve Bikoplein;Nijmegen;21,7;23,7;9,2;10,0;8,1;7,8
NL:S:60155050;Zwanenveld 10e str.;Nijmegen;21,0;25,5;15,2;20,9;8,8;11,2
NL:S:60155090;Zwanenveld 12e str.;Nijmegen;23,3;26,5;14,7;20,5;8,2;10,7
NL:S:60155130;Lankforst 16e str.;Nijmegen;61,9;63,3;51,3;54,7;28,5;29,9
NL:S:60155170;Lankforst 14e str.;Nijmegen;34,1;32,1;22,9;22,5;11,8;13,1
NL:S:60155190;Winkelcentrum Malvert;Nijmegen;77,8;81,1;54,4;58,8;28,7;31,1
NL:S:60155230;Malvert 13e straat;Nijmegen;34,7;31,5;29,4;24,4;14,2;15,2
NL:S:60157050;Horstacker;Nijmegen;74,7;74,3;45,8;47,8;25,7;25,6
NL:S:60157080;Voorstenkamp/Gildekamp;Nijmegen;4,9;5,5;3,4;3,5;1,6;1,8
NL:S:60157090;Meeuwseacker;Nijmegen;29,9;27,5;26,7;22,8;14,0;13,0
NL:S:60157120;Gildekamp/Kluijskamp;Nijmegen;4,8;5,2;2,5;2,9;1,0;1,2
NL:S:60157130;Wellenkamp/Hoefkamp;Nijmegen;7,7;6,5;6,5;5,6;2,5;2,7
NL:S:60157270;IJpenbroekweg;Nijmegen;10,9;10,3;2,8;1,7;2,8;1,5
NL:S:60157290;P+R Nijmegen West;Nijmegen;31,0;30,1;14,1;12,2;7,8;8,5
NL:S:60157310;Poort Neerbosch ;Nijmegen;37,4;32,6;0,0;0,0;0,0;0,0
NL:S:60159070;Zellersacker;Nijmegen;49,8;47,0;29,3;29,0;17,0;16,8
NL:S:60159080;Hegdambroek;Nijmegen;25,6;27,8;13,5;15,1;6,1;8,1
NL:S:60159090;Hillekensacker 10e str.;Nijmegen;41,2;37,2;24,3;24,3;12,1;13,2
NL:S:60159110;Leuvensbroek;Nijmegen;107,2;106,3;60,0;58,2;31,2;31,4
NL:S:60159120;Wedesteinbroek 12e str.;Nijmegen;50,4;58,7;14,9;17,6;7,8;8,9
NL:S:60159130;Wedesteinbroek 22e str.;Nijmegen;18,1;20,2;13,1;13,9;6,6;7,8
NL:S:60190010;Rijksweg;Beek;2,1;4,8;0,4;0,6;0,2;0,5
NL:S:60190015;Sint Hubertusweg;Beek;2,3;0,5;0,0;0,0;0,0;0,0
NL:S:60190020;Werchensestraat;Wercheren;0,1;0,1;0,0;0,0;0,0;0,0
NL:S:60190090;Leuthsestraat;Ooij;3,4;2,0;2,0;1,7;1,5;0,9
NL:S:60190100;Erlecomseweg;Erlecom;0,8;0,7;0,3;0,3;0,2;0,1
NL:S:60190110;De Sprong;Ooij;30,4;38,7;21,4;25,7;11,3;13,3
NL:S:60190120;Steenfabriek;Erlecom;1,2;1,5;0,7;0,8;0,2;0,2
NL:S:60190130;Nassaustraat;Ooij;14,0;9,7;8,6;7,0;5,2;3,8
NL:S:60190140;Erlecomsedam;Ooij;6,9;5,7;1,6;1,5;0,9;0,5
NL:S:60190900;Natte Beek;Ubbergen;5,4;5,2;6,0;4,1;2,2;2,4
NL:S:60190940;Ubbergse Holleweg;Ubbergen;17,5;15,7;4,9;4,0;2,9;2,5
NL:S:60190980;De Refter;Ubbergen;4,0;5,9;4,5;5,3;2,4;2,3
NL:S:60195060;Hamerlaan;Berg en Dal;31,1;5,6;26,8;3,6;20,6;3,8
NL:S:60195080;de Meerberg;Berg en Dal;21,8;23,8;21,3;23,3;11,9;13,3
NL:S:60195120;Prins Alexanderlaan;Berg en Dal;18,3;21,0;15,9;20,2;9,3;10,3
NL:S:60196040;Kwartelstraat;Beek;0,3;0,3;0,0;0,0;0,0;0,0
NL:S:60196060;Lindestraat;Beek;0,1;0,1;0,0;0,0;0,0;0,0
NL:S:60196090;Kulturhus;Beek;0,1;0,1;0,0;0,0;0,0;0,0
NL:S:60196100;Verbindingsweg;Beek;48,0;37,0;29,8;20,9;19,2;12,2
NL:S:60196120;van Randwijckweg;Beek;0,2;0,4;0,0;0,4;0,0;0,0
NL:S:60196150;De Ravenberg;Beek;29,8;38,6;21,4;28,2;12,8;18,0
NL:S:60196500;Groot Berg en Dal;Berg en Dal;4,9;33,3;5,2;31,3;2,5;22,7
NL:S:60196520;Meidoornstraat;Beek;0,0;0,1;0,0;0,0;0,0;0,0
NL:S:60196610;Kalorama;Beek;0,3;0,3;0,0;0,0;0,0;0,0
NL:S:60200010;Sluisweg;Heumen;6,4;5,5;3,0;3,9;2,4;2,8
NL:S:60200020;Cuijksesteeg;Mook;6,2;5,3;3,5;2,9;2,9;2,6
NL:S:60200030;Rijksweg;Molenhoek;9,4;8,9;6,1;4,9;5,6;4,6
NL:S:60200040;Gemeentehuis;Mook;4,8;5,5;2,9;3,1;3,5;3,2
NL:S:60200050;Rijksweg/Veldweg;Mook;5,4;4,8;3,6;3,2;3,2;3,5
NL:S:60200110;Rijksweg/Ringbaan;Molenhoek;0,0;0,0;0,0;0,0;0,0;0,0
NL:S:60200130;Esdoornlaan;Molenhoek;0,0;0,0;0,0;0,2;0,0;0,0
NL:S:60200180;Lijsterbeshof;Molenhoek;0,0;0,0;0,0;0,0;0,0;0,0
NL:S:60200250;Station Mook Molenhoek;Molenhoek;0,0;0,0;0,0;0,2;0,0;0,0
NL:S:60200350;'t Zwaantje;Mook;0,0;0,0;0,0;0,3;0,0;0,0
NL:S:60210010;Stekkenberg;Groesbeek;30,2;36,3;19,5;24,4;9,8;13,2
NL:S:60210021;Hemeltje;Breedeweg;6,1;7,6;3,0;4,0;1,9;2,1
NL:S:60210030;Nieuweweg;Groesbeek;23,9;25,7;18,1;19,5;9,3;14,0
NL:S:60210041;2e Colonjes;Groesbeek;13,9;11,8;7,7;8,3;4,8;3,8
NL:S:60210050;De Oude Molen;Groesbeek;23,9;20,3;18,2;15,5;12,9;10,8
NL:S:60210060;Herwendaal;Groesbeek;13,2;13,5;8,1;8,0;4,3;4,2
NL:S:60210070;Händelstraat;Groesbeek;1,0;32,1;0,4;21,5;0,2;13,6
NL:S:60210080;Zuidmolen;Groesbeek;51,3;62,2;31,6;39,0;19,1;23,0
NL:S:60210090;Centrum;Groesbeek;143,7;115,9;89,4;66,5;46,5;34,7
NL:S:60210191;Kerkplein;Breedeweg;41,7;33,7;19,2;17,4;12,1;9,5
NL:S:60210220;Hoge Horst;De Horst;1,1;1,2;0,6;0,7;0,4;0,6
NL:S:60210240;Kruispunt;Groesbeek;10,7;5,8;3,1;2,4;2,3;1,6
NL:S:60210250;Gooiseweg;Groesbeek;13,5;13,1;6,4;6,3;4,0;4,4
NL:S:60210260;Kloosterstraat;Groesbeek;25,0;21,7;11,0;9,6;6,3;5,2
NL:S:60210330;Kerk;De Horst;24,1;21,6;13,3;12,3;8,5;7,4
NL:S:60210510;Cranenburgsestraat;Groesbeek;0,0;0,0;0,0;0,0;0,0;0,0
NL:S:60211030;De Wolfsberg;Groesbeek;0,1;0,1;0,0;0,0;0,0;0,0
NL:S:60211630;Canadese Begraafplaats;Groesbeek;0,0;0,1;0,0;0,0;0,0;0,0
NL:S:60214050;Spoorzicht;Groesbeek;0,0;0,0;0,0;0,0;0,0;0,0
NL:S:60214110;Zwembad De Lubert;Groesbeek;0,0;0,0;0,0;0,0;0,0;0,0
NL:S:60214130;Scholen;Groesbeek;0,0;0,0;0,0;0,0;0,0;0,0
NL:S:60214150;Sportpark Zuid;Groesbeek;0,0;0,0;0,0;0,0;0,0;0,0
NL:S:60250010;Rijdtsestraat;Alverna;3,7;4,2;2,3;2,5;1,2;1,0
NL:S:60250020;Eindsestraat;Nederasselt;8,8;9,7;3,5;3,9;1,8;2,4
NL:S:60250050;Broekstraat;Nederasselt;9,5;10,1;2,1;2,3;2,1;1,8
NL:S:60250070;Kuilstraat;Nederasselt;2,5;3,0;0,7;1,1;0,6;0,9
NL:S:60250310;Oosterweg;Alverna;3,2;3,4;1,7;2,0;0,6;0,6
NL:S:60250330;Huurlingsedam;Alverna;3,9;3,9;1,7;1,8;1,1;1,2
NL:S:60290010;Duffeltdijk;Leuth;0,3;0,8;0,5;0,7;0,3;0,5
NL:S:60290020;Industrieterrein;Leuth;1,7;0,7;0,8;0,3;0,5;0,2
NL:S:60290030;De Hoge Kamp;Leuth;5,5;6,7;4,7;5,2;2,8;2,9
NL:S:60290040;Morgenstraat;Leuth;10,7;9,2;7,0;6,9;4,4;4,4
NL:S:60290050;Klaproosstraat;Leuth;5,5;8,0;3,5;4,7;2,8;3,8
NL:S:60290060;Kerkplein;Leuth;26,8;25,6;11,5;11,5;6,8;6,4
NL:S:60290140;Biesterveld;Leuth;0,2;0,3;0,3;0,4;0,1;0,1
NL:S:60290170;Molen;Kekerdom;0,1;0,1;0,1;0,0;0,1;0,0
NL:S:60290190;Eversberg;Kekerdom;0,4;1,3;0,3;0,8;0,2;0,8
NL:S:60290230;Weverstraat;Kekerdom;12,8;12,3;8,1;8,5;5,2;5,6
NL:S:60300030;Rijksweg/Witteweg;Plasmolen;6,1;6,7;4,5;7,0;5,3;6,6
NL:S:60300110;Helweg;Milsbeek;3,2;2,8;1,2;1,2;1,3;1,3
NL:S:60300130;Milsbeek Zuid;Milsbeek;0,9;1,0;0,2;0,4;0,6;0,4
NL:S:60300140;Oudebaan;Milsbeek;3,5;3,6;1,6;1,7;1,6;2,3
NL:S:60300160;Rijksweg/Kerkstraat;Milsbeek;7,9;5,9;3,2;3,2;4,0;3,8
NL:S:60350010;Busstation;Grave;88,8;83,1;35,7;36,1;25,5;20,6
NL:S:60350020;Binckhof;Velp;3,8;5,1;2,0;1,8;0,9;1,1
NL:S:60350030;Stoofweg;Grave;14,5;15,4;4,9;6,5;3,3;4,2
NL:S:60350040;Generaal de Bonsweg;Grave;14,4;10,3;8,0;6,8;4,6;6,6
NL:S:60390040;Rembrandtstraat;Millingen;29,7;26,0;14,2;13,3;8,6;8,1
NL:S:60390060;Sportpark;Millingen;13,9;16,1;10,5;9,8;4,8;5,8
NL:S:60390080;Gemeentehuis;Millingen;82,6;82,9;43,0;45,1;25,5;24,9
NL:S:60390090;Molenveld;Millingen;9,5;13,5;6,0;7,5;3,3;4,0
NL:S:60390110;Gezondheidscentrum;Millingen;38,0;39,9;15,2;18,9;10,1;10,2
NL:S:60390210;Grenskantoor;Millingen;14,5;10,4;8,1;5,2;4,7;2,1
NL:S:60400100;Drie Kronen;Ottersum;1,4;1,0;0,3;0,1;0,2;0,2
NL:S:60450500;Mgr. Borretstraat;Reek;0,4;5,2;0,3;2,3;0,1;1,2
NL:S:60500010;Busstation;Gennep;22,0;19,3;9,5;9,6;12,3;13,3
NL:S:60500210;Heijenseweg;Gennep;0,6;0,2;0,4;0,3;0,1;0,0
NL:S:60500250;Niersbrug;Gennep;4,9;4,0;4,3;3,7;4,0;4,4
NL:S:60500270;Stiemensweg;Gennep;1,0;0,7;0,3;0,5;0,1;0,0
NL:S:60500290;Wilhelminaplein;Gennep;8,0;7,5;5,0;4,1;4,8;3,9
NL:S:60500310;Zuid-Oostwal;Gennep;3,7;4,6;3,3;4,2;3,0;3,4
NL:S:60500330;De Groote Heeze;Heijen;1,3;0,8;0,0;0,1;0,0;0,0
NL:S:60500350;Heesweg;Heijen;1,1;1,0;0,5;0,5;0,0;0,1
NL:S:60500370;Heijen Zuid;Heijen;1,5;1,3;0,4;0,3;0,0;0,1
NL:S:60500390;Nieuwwijkstraat;Heijen;2,2;1,5;0,5;0,5;0,0;0,1
NL:S:60500430;Ottersumseweg;Ottersum;13,4;11,3;4,2;5,0;4,7;5,1
NL:S:60550170;Voederheil;Zeeland;7,4;3,9;3,2;1,7;2,7;1,8
NL:S:60550190;Tweehekkenweg;Zeeland;9,3;10,7;2,9;3,3;2,8;2,2
NL:S:60600100;Gening;Afferden;2,0;1,2;0,3;0,3;0,0;0,2
NL:S:60600120;Hengeland;Afferden;0,4;0,5;0,2;0,1;0,0;0,0
NL:S:60600140;Heukelom;Afferden;0,1;0,2;0,2;0,0;0,0;0,1
NL:S:60600160;Veer naar Sambeek;Afferden;2,0;1,4;0,4;0,4;0,0;0,2
NL:S:60600200;Heijense Molen;Heijen;0,6;0,6;0,2;0,3;0,0;0,0
NL:S:60650250;Wijsthoek;Uden;7,3;8,0;2,4;2,9;2,0;1,6
NL:S:60650400;Busstation;Uden;34,9;38,0;14,0;21,7;14,1;11,1
NL:S:60651160;Hoevenseweg;Uden;2,0;1,8;0,6;0,9;0,4;0,5
NL:S:60700100;Aijerdijk;Aijen;0,7;0,4;0,1;0,0;0,0;0,0
NL:S:60700160;Bergse Heide;Nieuw Bergen;1,9;1,1;0,3;0,2;0,0;0,2
NL:S:60700180;De Flammert;Nieuw Bergen;0,7;0,4;0,2;0,0;0,0;0,0
NL:S:60700200;Gemeentehuis;Nieuw Bergen;7,6;5,4;1,3;1,5;0,3;0,8
NL:S:61120010;Kerkstraat;Weurt;48,6;47,2;31,6;31,5;16,8;15,5
NL:S:61120020;Hommelstraat;Beuningen;6,6;8,0;5,7;5,7;1,6;2,6
NL:S:61120040;Kerk;Beuningen;29,0;34,1;19,4;24,0;7,1;10,0
NL:S:61120050;Distelakkerstraat;Beuningen;8,0;8,5;4,4;5,5;2,3;2,3
NL:S:61120110;Pottenbakker;Beuningen;16,9;20,4;12,4;14,6;6,3;8,6
NL:S:61120120;Haagstraat;Beuningen;9,7;10,1;5,1;6,0;3,5;3,1
NL:S:61120130;Sporthal de Tinnegieter;Beuningen;54,7;42,4;32,0;25,3;17,6;14,6
NL:S:61120150;Centrum;Beuningen;89,2;91,7;67,6;70,9;29,2;28,2
NL:S:61120230;Schacht;Beuningen;53,4;44,7;35,8;30,8;22,0;21,4
NL:S:61120250;Aalsterveld;Beuningen;67,0;58,2;31,6;29,7;16,0;16,2
NL:S:61120270;Wilgenoord;Beuningen;26,6;37,1;11,0;14,0;4,2;5,6
NL:S:61120290;Hadrianussingel;Beuningen;5,1;7,0;3,3;5,0;2,0;3,5
NL:S:61120310;Tiberiuslaan;Beuningen;11,7;11,9;12,4;9,2;9,4;6,4
NL:S:61120370;Lavendelstraat;Beuningen;22,5;28,0;17,1;20,0;10,8;12,2
NL:S:61120470;Gemeentehuis;Beuningen;17,4;19,7;12,1;11,6;6,8;5,8
NL:S:61120490;Beatrixplein;Beuningen;0,5;0,4;0,0;0,0;0,0;0,0
NL:S:61121300;Forelgracht;Beuningen;2,5;2,3;0,0;0,0;0,0;0,0
NL:S:61121320;Snoekgracht;Beuningen;4,2;3,6;0,0;0,0;0,0;0,0
NL:S:61121340;Ganzeneiland;Beuningen;4,6;3,4;0,0;0,0;0,0;0,0
NL:S:61121360;Wolfsbossingel;Beuningen;3,7;3,8;0,0;0,0;0,0;0,0
NL:S:61190030;Het Nevelveld;Doornik;0,1;0,2;0,2;0,2;0,1;0,1
NL:S:61190051;Zandsepad;Doornik;0,8;1,1;0,5;0,5;0,4;0,2
NL:S:61190070;Doornik;Doornik;0,7;0,8;0,4;0,5;0,3;0,5
NL:S:61190090;Bekkersland;Doornik;1,9;1,1;1,1;0,9;0,5;0,3
NL:S:61190110;Laauwikstraat;Lent;1,0;3,3;0,8;2,0;0,3;1,0
NL:S:61190130;Petuniastraat;Lent;11,5;10,1;7,6;8,1;4,7;4,8
NL:S:61190150;Lentseveld;Lent;18,0;12,2;11,6;6,3;6,0;3,5
NL:S:61190190;Citadel College;Lent;21,7;20,7;2,7;1,9;1,7;1,6
NL:S:61190230;Station Lent Laauwikstraat;Lent;65,6;82,3;46,9;66,2;26,2;38,3
NL:S:61190250;Eikenlaan;Lent;9,5;6,6;6,8;4,7;4,7;3,9
NL:S:61190270;Station Lent;Lent;22,0;22,3;18,7;15,0;9,6;8,2
NL:S:61190300;Stationsstraat;Lent;30,6;37,6;12,6;15,5;7,6;8,9
NL:S:61190350;Oude Groenestraat;Oosterhout;32,7;33,5;18,1;19,6;13,4;13,5
NL:S:61190370;Turennesingel;Lent;3,3;6,5;2,0;8,0;0,9;3,0
NL:S:61190390;Dijkstraat;Lent;20,6;16,0;8,1;6,6;5,1;3,0
NL:S:61190410;Kruidenstraat;Oosterhout;9,2;7,8;5,8;6,0;2,5;2,7
NL:S:61190470;Terracottastraat;Oosterhout;49,6;54,7;34,6;38,1;24,9;26,9
NL:S:61190490;Van Boetzelaerstraat;Oosterhout;1,2;1,4;1,4;0,7;0,4;0,7
NL:S:61190710;Jonagoldstraat;Oosterhout;54,7;48,6;35,2;31,6;15,1;15,4
NL:S:61190750;De Klif;Oosterhout;34,7;30,4;21,2;18,9;10,1;11,3
NL:S:61190790;Aquilastraat;Oosterhout;21,6;23,2;14,0;14,8;6,2;7,4
NL:S:61191390;Frankrijkstraat;Lent;46,0;41,5;35,6;28,6;18,8;16,7
NL:S:61191410;De Ster;Lent;42,1;45,1;24,6;27,8;12,6;16,2
NL:S:61191490;Dalidastraat;Lent;0,4;12,7;0,5;7,9;0,2;5,1
NL:S:61191510;Thermion (West);Lent;0,1;9,8;0,2;4,9;0,4;2,9
NL:S:61191520;Thermion (Oost);Lent;31,6;4,2;20,2;3,6;11,9;1,5
NL:S:61191550;Fluitenkruid;Lent;17,6;16,3;12,1;10,3;6,4;7,9
NL:S:61192000;P+R Waalsprinter;Ressen;25,7;28,9;18,5;22,1;13,5;15,3
NL:S:61200080;Gansstraat;Oosterhout;3,8;0,1;2,1;0,1;1,2;0,0
NL:S:61200210;Van Woerkomstraat;Oosterhout;7,5;7,4;2,8;2,9;1,9;2,0
NL:S:61200230;Zandstraat;Oosterhout;0,0;2,6;0,0;1,8;0,0;1,0
NL:S:61200250;Vredesplein;Oosterhout;0,2;1,1;0,0;0,4;0,0;0,3
NL:S:61200290;Peperstraat;Oosterhout;2,7;1,8;1,9;1,4;1,3;1,1
NL:S:61220010;Julianastraat;Ewijk;35,5;34,1;19,5;20,1;6,8;6,3
NL:S:61220020;Deijnschestraat;Winssen;1,3;1,5;0,8;1,0;0,4;0,2
NL:S:61220030;Molenweg;Ewijk;3,2;1,6;2,4;1,0;0,7;0,7
NL:S:61220040;Geerstraat;Winssen;3,0;3,4;1,2;1,6;0,7;0,5
NL:S:61220060;Leegstraat;Winssen;18,1;15,7;9,9;8,7;3,9;3,4
NL:S:61220170;Keizershoeve;Ewijk;8,3;10,5;5,8;8,1;2,0;2,8
NL:S:61220190;Plakstraat;Winssen;5,6;7,8;3,7;5,5;1,6;1,4
NL:S:61240010;Nieuweweg;Wijchen;3,1;3,5;0,6;1,2;0,5;0,4
NL:S:61240020;Kraaijenberg 79e straat;Wijchen;0,8;0,8;0,5;0,6;0,3;0,4
NL:S:61240040;Kraaijenberg 86e straat;Wijchen;5,0;2,6;1,5;1,5;1,1;1,2
NL:S:61240050;Aalsburg;Wijchen;0,0;0,0;0,0;0,0;0,0;0,0
NL:S:61240060;Homberg;Wijchen;10,3;10,4;5,1;5,3;3,0;3,3
NL:S:61240070;Buizerdstraat;Wijchen;5,2;4,7;1,9;2,1;1,3;1,9
NL:S:61240080;Heilige Stoel 38/46;Wijchen;4,8;4,5;2,0;1,7;1,1;1,2
NL:S:61240100;Heilige Stoel 38/48;Wijchen;7,8;6,7;3,0;2,7;2,4;2,1
NL:S:61240110;Tunnelweg;Wijchen;7,0;8,4;2,1;3,8;1,9;2,9
NL:S:61240130;Holenbergseweg;Wijchen;3,7;3,8;1,8;2,0;1,0;1,1
NL:S:61240150;Schoenaker;Wijchen;1,2;8,7;0,2;4,2;0,0;3,1
NL:S:61240280;Station Wijchen;Wijchen;34,5;44,2;11,6;18,6;12,4;14,1
NL:S:61240290;Herenstraat;Wijchen;0,1;0,2;0,0;0,1;0,0;0,0
NL:S:61240350;Blauwe Hof 40e straat;Wijchen;0,0;0,1;0,0;0,0;0,0;0,0
NL:S:61240390;Huissteden;Wijchen;13,4;6,9;7,8;5,1;3,5;2,9
NL:S:61240610;Zuiderpoort;Wijchen;22,6;23,1;10,2;10,3;6,7;7,6
NL:S:61240630;Kraaijenberg 83e straat;Wijchen;7,2;8,4;4,0;3,8;3,4;2,9
NL:S:61240640;De Ververt;Wijchen;7,7;8,4;3,1;3,6;1,9;1,8
NL:S:61240720;Kerkeveld;Wijchen;10,8;11,1;3,5;3,5;2,5;2,5
NL:S:61240880;Bijsterh.22/Wilhelminal.;Wijchen;0,2;0,6;0,0;0,0;0,0;0,0
NL:S:61240910;Palkerplein;Wijchen;11,1;12,3;1,2;1,0;0,6;0,6
NL:S:61240950;Bijsterhuizen 21;Wijchen;7,3;5,8;0,0;0,0;0,0;0,0
NL:S:61240970;Bijsterhuizen 25;Wijchen;9,2;13,4;0,0;0,0;0,0;0,0
NL:S:61240990;Bijsterhuizen 10;Wijchen;1,9;4,1;0,0;0,0;0,0;0,0
NL:S:61241010;Mozaiek;Wijchen;1,1;1,1;0,0;0,0;0,0;0,0
NL:S:61241030;De Meerval;Wijchen;3,2;3,6;0,7;1,5;0,6;1,4
NL:S:61241050;Europaplein;Wijchen;16,3;19,6;8,8;10,4;4,8;5,3
NL:S:61241070;Meerdreef/Oosterweg;Wijchen;8,2;8,7;1,1;1,4;0,8;1,0
NL:S:61241270;Vijverlaan;Wijchen;3,6;4,3;1,0;1,4;0,7;1,4
NL:S:61241430;Kronenland;Wijchen;2,5;2,2;1,0;1,1;1,0;0,9
NL:S:61241470;Sluiskamp;Wijchen;2,6;3,0;1,6;2,2;1,5;1,3
NL:S:61241510;Blauwe Hof 60e straat;Wijchen;1,7;1,3;0,6;0,6;0,5;0,5
NL:S:61242010;Veenhof;Wijchen;10,9;5,2;4,5;2,4;3,6;1,6
NL:S:61242030;Weegbree;Wijchen;0,5;0,2;0,0;0,0;0,0;0,0
NL:S:61301230;Kerkplein;Valburg;13,6;13,5;0,0;0,0;0,0;0,0
NL:S:61301310;Strandpark Noord;Valburg;1,3;1,8;0,0;0,0;0,0;0,0
NL:S:61320020;Klapstraat;Afferden;4,4;3,9;3,4;3,6;1,4;1,2
NL:S:61320031;Koningstraat;Afferden;2,2;1,5;1,5;1,2;0,5;0,3
NL:S:61320041;Pas;Afferden;9,7;9,6;6,5;6,8;2,4;2,3
NL:S:61320080;Grotestraat;Deest;15,6;15,9;7,7;8,7;3,2;3,1
NL:S:61330030;Willibrordstraat;Batenburg;0,8;0,0;0,0;0,0;0,0;0,0
NL:S:61330070;RK Kerk;Batenburg;0,3;0,9;0,0;0,0;0,0;0,0
NL:S:61340030;Leurseweg;Leur;0,1;0,1;0,0;0,0;0,0;0,0
NL:S:61340070;Broekstraat;Hernen;0,0;0,1;0,0;0,0;0,0;0,0
NL:S:61340090;Smitskampje;Hernen;0,5;0,5;0,0;0,0;0,0;0,0
NL:S:61400010;Lingebrug;Zetten;0,9;1,4;0,0;0,0;0,0;0,0
NL:S:61400030;Molenstraat;Zetten;0,0;0,1;0,0;0,0;0,0;0,0
NL:S:61401001;Station Zetten Andelst;Zetten;7,1;12,0;0,0;0,1;0,0;0,0
NL:S:61401230;Brittanjesingel;Zetten;7,9;8,3;0,0;0,0;0,0;0,0
NL:S:61401270;Stationsstraat;Zetten;4,0;3,4;0,0;0,0;0,0;0,0
NL:S:61401310;Hoofdstraat;Zetten;5,3;3,9;0,0;0,0;0,0;0,0
NL:S:61402230;Wilhelminastraat;Andelst;6,7;5,7;0,0;0,0;0,0;0,0
NL:S:61402270;Monument;Andelst;1,4;1,2;0,0;0,0;0,0;0,0
NL:S:61403230;Planetenlaan;Herveld;4,4;4,2;0,0;0,0;0,0;0,0
NL:S:61403270;Stenenkamerstraat;Herveld;7,3;7,5;0,0;0,0;0,0;0,0
NL:S:61403310;De Hoge Hof;Herveld;7,5;6,8;0,0;0,0;0,0;0,0
NL:S:61404230;'t Hoeveslag;Herveld;1,4;1,4;0,0;0,0;0,0;0,0
NL:S:61404310;Lechstraat;Herveld;2,1;2,5;0,0;0,0;0,0;0,0
NL:S:61404350;Molen de Vink;Herveld;2,5;2,1;0,0;0,0;0,0;0,0
NL:S:61410010;Station;Tiel;10,8;4,9;5,4;2,2;3,2;1,6
NL:S:61410030;Veemarkt;Tiel;3,6;2,3;2,0;1,6;0,6;0,2
NL:S:61410640;Laan van Westroijen;Tiel;1,9;1,4;0,5;0,2;0,1;0,2
NL:S:61412150;Predikbroedersweg;Tiel;0,9;1,0;0,2;0,2;0,1;0,1
NL:S:61420010;Pax Christi College;Druten;10,5;11,9;3,8;5,0;1,5;1,9
NL:S:61420030;Hermes Garage;Druten;4,0;4,6;2,5;3,2;1,2;1,2
NL:S:61420050;Markt;Druten;14,8;17,9;12,8;13,3;5,0;4,6
NL:S:61420070;Javaplein;Druten;5,2;5,2;2,8;4,7;1,2;2,2
NL:S:61420160;Gemeentehuis;Druten;5,6;8,5;4,7;6,3;1,9;2,5
NL:S:61420320;Westerhout;Puiflijk;1,0;0,7;0,4;0,9;0,2;0,2
NL:S:61420510;Scharenburg/N322;Druten;22,6;21,1;0,0;0,0;0,0;0,0
NL:S:61421000;Busstation;Druten;293,4;286,5;60,2;59,9;25,7;21,4
NL:S:61440010;Schaarsestraat;Bergharen;0,2;0,1;0,0;0,0;0,0;0,0
NL:S:61440030;De Weem;Bergharen;1,4;1,3;0,0;0,0;0,0;0,0
NL:S:61440070;Grotestraat;Bergharen;0,4;0,3;0,0;0,0;0,0;0,0
NL:S:61520210;Molenstraat;Boven Leeuwen;1,9;1,3;1,2;0,9;0,2;0,6
NL:S:61520230;Akkerstraat;Beneden-Leeuwen;8,4;5,1;5,6;4,4;2,0;1,9
NL:S:61520250;Veesteeg;Beneden Leeuwen;1,8;1,3;1,0;0,8;0,4;0,3
NL:S:61520350;Prins Willem Alexanderbrug;Beneden-Leeuwen;2,5;1,7;1,2;0,8;0,6;0,4
NL:S:69000160;Hakkesstraat;Venlo;0,0;0,0;0,0;0,0;0,0;0,0
NL:S:69000280;Goltziusstraat;Venlo;0,0;0,0;0,0;0,0;0,0;0,0
NL:S:69000340;Heilig Hartkerk;Venlo;0,0;0,1;0,0;0,0;0,0;0,0
NL:S:69000380;Hogeweg;Venlo;0,1;0,1;0,0;0,0;0,0;0,1
NL:S:69000440;Karbindersstraat;Venlo;0,1;0,1;0,0;0,0;0,0;0,0
NL:S:69000660;Mgr. Nolensplein;Venlo;0,0;0,0;0,0;0,0;0,0;0,0
NL:S:69000900;Station;Venlo;0,5;0,3;0,3;0,4;0,0;0,0
NL:S:69001090;Veldenseweg;Venlo;0,0;0,0;0,0;0,0;0,0;0,0
NL:S:69100100;Hasselt;Velden;0,1;0,0;0,0;0,1;0,0;0,0
NL:S:69100120;Markt;Velden;0,3;0,3;0,1;0,3;0,1;0,1
NL:S:69100140;Taurus;Velden;0,0;0,0;0,0;0,0;0,0;0,0
NL:S:69100160;Velden Zuid;Velden;0,1;0,1;0,1;0,0;0,0;0,0
NL:S:69200100;De Voort;Lomm;0,2;0,0;0,1;0,0;0,0;0,0
NL:S:69200120;Spikweien;Lomm;0,0;0,1;0,0;0,0;0,0;0,0
NL:S:69200140;Veer naar Lottum;Lomm;0,0;0,0;0,0;0,0;0,0;0,0
NL:S:69300100;Koestraat;Arcen;0,3;0,3;0,4;0,5;0,0;0,0
NL:S:69300120;Laakweg;Arcen;0,5;0,5;0,3;0,3;0,1;0,0
NL:S:69300140;Veer naar Broekhuizen;Arcen;0,3;0,3;0,1;0,3;0,2;0,0
NL:S:69400100;Thermaalbad;Arcen;0,4;0,4;0,1;0,2;0,0;0,0
NL:S:69400120;Hotel de Hamert;Wellerlooi;0,1;0,1;0,0;0,0;0,0;0,0
NL:S:69500100;Catharinastraat;Wellerlooi;0,7;0,6;0,2;0,2;0,0;0,0
NL:S:69500120;Kruisstraat;Wellerlooi;0,1;0,1;0,0;0,0;0,0;0,0
NL:S:69500140;Wellerlooi Zuid;Wellerlooi;0,1;0,0;0,0;0,0;0,0;0,0
NL:S:69600100;Bosserheide;Well;0,1;0,2;0,1;0,1;0,0;0,0
NL:S:69600120;Kasteellaan;Well;1,5;0,8;0,4;0,2;0,1;0,3
NL:S:69600220;Knikkerdorp;Well;0,2;0,2;0,1;0,1;0,0;0,1
NL:S:69600240;Halve Maan;Well;0,3;0,2;0,0;0,0;0,0;0,0
NL:S:69600280;Leuken;Well;0,1;0,1;0,0;0,1;0,0;0,0
