STOPPLACECODE;NAME;TOWN;INSTAP_WERK;UITSTAP_WERK;INSTAP_ZA;UITSTAP_ZA;INSTAP_ZO;UITSTAP_ZO
NL:S:16000010;Station;Meppel;196,4;165,3;22,5;17,0;0,0;0,0
NL:S:16000260;Medisch Centrum;Meppel;1,9;2,6;0,4;0,5;0,0;0,0
NL:S:16000280;Gemeenteweg;Halfweg;0,3;0,1;0,1;0,0;0,0;0,0
NL:S:16000600;Burg. Knopperslaan;Meppel;1,6;2,7;0,0;0,0;0,0;0,0
NL:S:16000710;Steenwijkerstraatweg;Meppel;0,6;0,6;0,0;0,0;0,0;0,0
NL:S:16000800;De Stouwe;Meppel;31,2;45,6;0,7;1,1;0,0;0,0
NL:S:16000880;Reestplantsoen;Meppel;4,3;4,6;0,1;0,4;0,0;0,0
NL:S:16000910;Leonard Springerlaan;Meppel;0,3;0,8;0,0;0,1;0,0;0,0
NL:S:16001010;Hugo de Grootstraat;Meppel;2,0;3,3;0,0;0,0;0,0;0,0
NL:S:16002610;Prinsengracht;Meppel;2,1;2,4;0,8;1,2;0,0;0,0
NL:S:16110060;Heerenweg;IJhorst;2,9;3,2;0,7;0,5;0,0;0,0
NL:S:16110081;Havixhorst;De Schiphorst;0,1;0,4;0,1;0,2;0,0;0,0
NL:S:16110090;Wiltenweg;De Wijk;0,2;2,7;0,5;0,9;0,0;0,0
NL:S:16110220;Willem Koopsweg;De Wolden;0,4;1,9;0,1;0,5;0,0;0,0
NL:S:16110230;Oosterakker;De Wolden;0,1;0,3;0,0;0,2;0,0;0,0
NL:S:16110240;Verzorgingstehuis;De Wijk;2,1;1,1;1,2;0,6;0,0;0,0
NL:S:16110260;Sparrenlaan;IJhorst;3,4;0,4;0,6;0,1;0,0;0,0
NL:S:16180100;Vlakkenweg;Staphorst;7,8;7,7;0,6;0,5;0,0;0,0
NL:S:16180120;Geerligsland;Staphorst;4,4;4,3;0,2;0,3;0,0;0,0
NL:S:16180140;Jan Arendsland;Staphorst;6,9;9,2;0,2;1,0;0,0;0,0
NL:S:16180160;Snelweg;Staphorst;2,8;2,2;0,6;0,2;0,0;0,0
NL:S:16180180;Achthoevenweg;Staphorst;17,1;20,2;1,5;1,8;0,0;0,0
NL:S:16180200;Hoogeweg;Staphorst;38,5;37,6;4,4;3,2;0,0;0,0
NL:S:16180220;Bergerslag;Staphorst;38,2;41,0;6,3;6,5;0,0;0,0
NL:S:16180240;Gemeentehuis;Staphorst;35,3;35,2;5,0;3,3;0,0;0,0
NL:S:16180260;Lindenlaan;Staphorst;13,3;14,7;1,5;2,3;0,0;0,0
NL:S:16180280;Bejaardenhuis;Staphorst;10,4;10,3;1,5;1,7;0,0;0,0
NL:S:16180300;Prinses Beatrixstraat;Staphorst;12,2;11,1;3,4;4,1;0,0;0,0
NL:S:16180320;Boldewijnhuizen;Staphorst;1,3;1,3;0,1;0,4;0,0;0,0
NL:S:16280100;Oostermenneweg;Rouveen;3,4;3,6;0,8;0,6;0,0;0,0
NL:S:16280120;Zuideindigerweg;Rouveen;4,3;3,9;0,2;0,4;0,0;0,0
NL:S:16280140;Stadsweg;Rouveen;2,3;2,8;0,1;0,3;0,0;0,0
NL:S:16280160;Oude Rijksweg 485;Rouveen;2,9;3,3;0,3;0,5;0,0;0,0
NL:S:16280180;Hervormde Kerk;Rouveen;42,9;43,1;5,0;4,8;0,0;0,0
NL:S:16280200;Oude Rijksweg 415;Rouveen;4,0;4,1;0,4;0,2;0,0;0,0
NL:S:16280220;Oud Gereformeerde Kerk;Rouveen;1,8;2,2;0,1;0,1;0,0;0,0
NL:S:16280240;Conradsweg;Rouveen;4,2;4,8;0,3;0,2;0,0;0,0
NL:S:16280260;Schoolwijksweg;Rouveen;9,4;9,3;1,5;0,9;0,0;0,0
NL:S:16280280;Dekkersweg;Rouveen;6,2;6,2;0,7;0,4;0,0;0,0
NL:S:16301010;Station;Steenwijk;14,3;10,2;0,0;0,0;0,0;0,0
NL:S:16380100;Markteweg;Lichtmis;2,0;3,1;0,4;0,3;0,0;0,0
NL:S:16380120;Steenwetering;Lichtmis;0,8;1,3;0,3;0,3;0,0;0,0
NL:S:16380140;Meeleweg;Lichtmis;2,5;2,9;0,2;0,5;0,0;0,0
NL:S:16380190;Busstation;Lichtmis;68,5;73,6;2,5;4,1;0,0;0,0
NL:S:16580010;Noordeinde;Zwolle;1,5;1,8;0,4;0,5;0,1;0,2
NL:S:16580030;Westeinde;Zwolle;0,1;0,3;0,1;0,1;0,0;0,1
NL:S:16580050;Markteweg;Zwolle;4,8;8,4;0,8;1,4;0,9;1,6
NL:S:16580070;Kleefstraat;Zwolle;17,8;17,9;2,8;2,9;0,6;0,7
NL:S:16680010;Dedemsweg;Ruitenveen;5,5;5,4;1,5;2,3;0,7;0,7
NL:S:16680030;Kuitermansweg;Ruitenveen;8,0;7,7;1,9;1,5;1,1;1,3
NL:S:16680050;Nieuwe Kreuleweg;Ruitenveen;4,0;4,7;1,0;1,2;0,5;0,8
NL:S:16680070;Hoevenweg;Ruitenveen;5,2;5,5;1,9;1,4;0,7;1,4
NL:S:16680090;Middenweg;Ruitenveen;1,3;1,5;0,7;0,6;0,3;0,1
NL:S:16680110;Nieuwendijk;Ruitenveen;1,3;1,6;0,1;0,2;0,2;0,1
NL:S:16780001;Schuilhut;Nieuwleusen;1,5;1,3;0,3;0,1;0,0;0,0
NL:S:16780010;De Vlijt;Nieuwleusen;9,2;9,4;2,8;2,7;1,5;1,5
NL:S:16780030;Oosterhulst;Nieuwleusen;1,9;2,3;0,8;0,9;0,6;0,4
NL:S:16780050;Den Hulst;Nieuwleusen;86,5;98,8;8,7;11,5;3,9;5,3
NL:S:16780070;Bejaardencentrum;Nieuwleusen;27,7;30,5;11,1;12,0;4,6;5,4
NL:S:16780080;Baron van Dedemstraat;Nieuwleusen;8,7;1,0;3,5;0,2;2,0;0,1
NL:S:16780090;Gereformeerde Kerk;Nieuwleusen;32,6;32,6;11,5;10,4;4,3;5,4
NL:S:16780110;Zwembad;Nieuwleusen;45,0;42,6;10,5;9,7;7,2;5,0
NL:S:16780130;Centrum;Nieuwleusen;75,8;78,8;27,2;23,9;12,0;13,3
NL:S:16780150;Westeinde;Nieuwleusen;25,2;26,2;5,5;5,0;3,0;3,2
NL:S:16780170;Bouwhuisweg;Nieuwleusen;10,9;10,3;3,1;2,8;1,6;1,8
NL:S:16780190;Molen;Nieuwleusen;5,5;6,2;1,7;1,4;0,4;0,8
NL:S:16780300;Grote Markt;Nieuwleusen;3,0;2,1;0,7;0,5;0,0;0,0
NL:S:16780560;Rollecater Brug;Nieuwleusen;14,9;13,1;0,0;0,0;0,0;0,0
NL:S:17000010;Station;Hoogeveen;160,4;138,4;25,3;21,6;17,7;18,3
NL:S:17000210;Buizerdlaan;Hoogeveen;29,4;26,2;4,2;2,7;2,8;3,4
NL:S:17000710;Mr. Cramerweg P+R;Hoogeveen;12,5;9,0;3,2;2,2;1,6;2,3
NL:S:17001650;Willemskade;Hoogeveen;2,1;3,5;0,1;0,4;0,1;0,3
NL:S:17003020;Industrieweg;Hoogeveen;9,7;23,2;0,1;0,2;0,1;0,0
NL:S:17003040;Tamboerpassage;Hoogeveen;22,8;23,3;6,6;5,8;1,8;2,2
NL:S:17003120;Wolfsbosstraat;Hoogeveen;13,5;13,8;2,3;3,4;1,3;1,4
NL:S:17003140;Valkenlaan;Hoogeveen;12,5;10,7;1,3;1,3;0,8;1,0
NL:S:17003200;'t Haagje;Hoogeveen;18,2;23,1;2,9;5,4;1,7;1,8
NL:S:17190010;Buitenvaart;Hollandscheveld;5,0;5,8;0,3;0,4;0,1;0,1
NL:S:17190030;Opgaande 71;Hollandscheveld;2,4;2,6;0,3;0,5;0,4;0,3
NL:S:17190050;'t Hoekje;Hollandscheveld;21,1;21,5;1,8;2,5;0,9;1,1
NL:S:17190150;Carstensdijk;Zuideropgaande;9,5;10,0;1,0;1,0;0,6;0,5
NL:S:17190190;Schooldijkje;Zuideropgaande;0,1;0,3;0,0;0,0;0,0;0,0
NL:S:17290010;Riegshoogtendijk;Kerkenveld;0,3;0,3;0,0;0,0;0,0;0,0
NL:S:17290030;Gedempte Wijde Wijk;Kerkenveld;7,0;7,1;0,9;0,6;0,4;0,3
NL:S:17290050;Ritmeesterweg;Kerkenveld;1,4;1,5;0,1;0,1;0,0;0,0
NL:S:17290070;Riegshoogtendijk 3;Kerkenveld;0,1;0,1;0,0;0,0;0,0;0,0
NL:S:17290090;Hoogeveenseweg 33;Kerkenveld;1,0;0,9;0,0;0,1;0,1;0,0
NL:S:17290110;Braambergerweg;Kerkenveld;2,8;3,0;0,6;0,7;0,4;0,5
NL:S:17290130;Hoogeveenseweg 11;Kerkenveld;1,1;1,2;0,3;0,4;0,1;0,0
NL:S:17350030;Riegshoogtendijk;Hollandscheveld;13,8;12,4;1,7;1,3;0,9;0,6
NL:S:17350050;Jan Wintersdijkje;Zuideropgaande;1,5;1,5;0,2;0,3;0,0;0,1
NL:S:17480030;Zwolseweg;Balkbrug;2,7;3,4;1,4;2,7;0,7;1,0
NL:S:17480050;d 'Olde Heerd;Balkbrug;15,2;14,1;6,7;4,5;2,6;3,5
NL:S:17480070;Zelhorstweg;Balkbrug;3,9;4,7;1,3;1,7;0,9;0,8
NL:S:17480090;Nieuweweg (Sluis 4);Balkbrug;4,3;5,1;0,5;0,5;0,3;0,5
NL:S:19000320;Trageldijk;Coevorden;1,7;2,0;0,0;0,0;0,0;0,0
NL:S:19180200;Scheidijk;De Krim;0,4;0,1;0,0;0,0;0,0;0,0
NL:S:19180220;Dommerskanaal;De Krim;0,6;1,0;0,0;0,0;0,0;0,0
NL:S:19180260;Nieuwlandseweg;De Krim;1,9;1,3;0,0;0,0;0,0;0,0
NL:S:19180280;N.H. Kerk;De Krim;6,8;5,7;0,0;0,0;0,0;0,0
NL:S:19180300;Horstra's Wijk;De Krim;5,8;4,9;0,0;0,0;0,0;0,0
NL:S:19180332;Horstra's Wijk/Marsstraat;De Krim;0,0;0,0;0,0;0,0;0,0;0,0
NL:S:19180350;Marsstraat;De Krim;0,1;0,0;0,0;0,0;0,0;0,0
NL:S:19180450;Slagenweg/Lutteresweg;Ane;0,0;0,0;0,0;0,0;0,0;0,0
NL:S:19280010;Molenweg;De Krim;0,7;0,5;0,0;0,0;0,0;0,0
NL:S:19280030;Coevorderweg 171;De Krim;0,6;0,5;0,0;0,0;0,0;0,0
NL:S:19280050;Drukkerij Seinen;De Krim;0,4;0,4;0,0;0,0;0,0;0,0
NL:S:19280070;Coevorderweg 105;De Krim;0,0;0,0;0,0;0,0;0,0;0,0
NL:S:19380010;Schuineslootweg;Slagharen;14,8;15,0;0,9;1,3;1,5;0,8
NL:S:19380030;Herenstraat 108;Slagharen;0,7;0,8;0,1;0,1;0,0;0,1
NL:S:19380050;Witmanweg;Slagharen;4,0;4,4;0,8;1,1;0,7;0,4
NL:S:19380070;Vergouwlaan;Slagharen;34,9;32,0;4,9;4,0;3,6;2,3
NL:S:19380151;Centrum;Lutten;190,7;194,1;22,1;22,7;10,6;10,8
NL:S:19380191;Viaduct;Lutten;20,1;19,6;2,7;2,8;1,2;1,6
NL:S:19380280;Coevorderweg 89;Slagharen;0,3;0,2;0,0;0,0;0,0;0,0
NL:S:19380301;Centrum;Slagharen;50,8;55,5;11,9;13,0;6,2;4,9
NL:S:19380320;Attractiepark;Slagharen;39,4;39,4;27,2;29,7;27,5;20,0
NL:S:19380340;Dedemsvaartseweg 84;Lutten;1,9;1,7;0,2;0,2;0,1;0,2
NL:S:19380360;Coevorderweg;Lutten;1,5;1,8;0,2;0,3;0,2;0,1
NL:S:19380380;Tottenhamstraat/Proatkoele;Lutten;2,8;2,3;0,5;0,4;0,3;1,6
NL:S:19380400;Ongelukkige Wijk;Lutten;3,9;3,8;0,7;0,5;2,0;0,6
NL:S:19480010;Rheezerend 162;Dedemsvaart;1,9;2,4;0,2;0,3;0,3;0,1
NL:S:19480030;Rheezerend;Dedemsvaart;3,9;3,0;0,2;0,3;0,3;0,2
NL:S:19480050;Rheezerend 60;Dedemsvaart;2,5;3,2;0,5;0,5;0,4;0,3
NL:S:19480070;Industrieweg;Dedemsvaart;5,9;6,6;0,5;0,4;0,3;0,2
NL:S:19480090;Celsiusstraat;Dedemsvaart;6,6;7,6;0,7;0,7;0,8;0,3
NL:S:19480110;Van Haeringenstraat;Dedemsvaart;3,6;4,9;0,8;0,9;0,5;0,6
NL:S:19480130;De Magnolia;Dedemsvaart;47,6;45,6;6,7;9,0;4,0;3,4
NL:S:19480150;Hazelaar;Dedemsvaart;32,7;33,1;5,8;5,2;2,1;2,2
NL:S:19480170;Krikkenstraat;Dedemsvaart;9,9;15,1;3,9;4,2;1,8;2,9
NL:S:19480190;Haitjema;Dedemsvaart;68,2;63,2;16,1;14,6;8,3;6,9
NL:S:19480230;Adelaarweg;Dedemsvaart;92,4;90,0;15,4;13,0;9,1;8,5
NL:S:19480250;Sportlaan;Dedemsvaart;52,1;49,7;8,1;8,6;6,3;6,0
NL:S:19480280;Busstation;Dedemsvaart;91,0;106,4;19,8;18,9;13,2;10,8
NL:S:19480300;Hoofdvaart 115;Dedemsvaart;3,2;2,5;0,3;0,5;0,3;0,2
NL:S:19480320;Hoofdvaart 207;Dedemsvaart;2,1;2,3;0,3;0,4;0,1;0,2
NL:S:19480340;Het Rak;Dedemsvaart;2,9;2,8;0,7;0,8;0,3;0,2
NL:S:19480360;De Pol;Dedemsvaart;1,7;2,1;0,4;0,6;0,3;0,3
NL:S:19481990;S.G. van der Capellen;Dedemsvaart;5,1;5,1;0,0;0,0;0,0;0,0
NL:S:19580000;Station;Gramsbergen;0,0;0,0;0,0;0,0;0,0;0,0
NL:S:19580040;Aner Molen;Ane;0,0;0,0;0,0;0,0;0,0;0,0
NL:S:19580060;De Viersprong;Ane;0,0;0,0;0,0;0,0;0,0;0,0
NL:S:19580080;Slagenweg/Haarweg;Ane;0,0;0,0;0,0;0,0;0,0;0,0
NL:S:19580100;Slagenweg/Schansweg;Ane;0,0;0,0;0,0;0,0;0,0;0,0
NL:S:24550090;Onnaseveld;Steenwijk;0,3;0,0;0,0;0,0;0,0;0,0
NL:S:24550122;Bedelaarspad;Steenwijk;2,1;1,5;0,0;0,0;0,0;0,0
NL:S:24550220;Westercluft;Steenwijk;1,7;0,9;0,0;0,0;0,0;0,0
NL:S:24550360;Kallenkoterallee;Steenwijk;1,2;1,0;0,0;0,0;0,0;0,0
NL:S:24550380;Gagelsweg;Steenwijk;0,9;0,5;0,0;0,0;0,0;0,0
NL:S:24550400;Oostercluft;Steenwijk;1,7;1,2;0,0;0,0;0,0;0,0
NL:S:24550420;'t Schar;Steenwijk;2,2;1,5;0,0;0,0;0,0;0,0
NL:S:24650010;Veendijk;Veendijk;0,4;0,4;0,0;0,0;0,0;0,0
NL:S:24650030;Bovenboer;Veendijk;0,2;0,1;0,0;0,0;0,0;0,0
NL:S:24650050;Havelterberg;Havelterberg;1,2;0,8;0,0;0,0;0,0;0,0
NL:S:24650070;Rotonde;Havelterberg;0,1;0,3;0,0;0,0;0,0;0,0
NL:S:24750100;Nijeveenseweg;Meppel;0,5;1,1;0,0;0,0;0,0;0,0
NL:S:24750120;De Schalle;Nijeveen;5,4;3,1;0,0;0,0;0,0;0,0
NL:S:24750140;Molenweg;Nijeveen;6,9;4,7;0,0;0,0;0,0;0,0
NL:S:24750160;Gemeentehuis;Nijeveen;15,2;8,6;0,0;0,0;0,0;0,0
NL:S:24750180;Kerkweg;Nijeveen;0,7;0,4;0,0;0,0;0,0;0,0
NL:S:24750200;Zonneberg;Nijeveen;0,8;0,2;0,0;0,0;0,0;0,0
NL:S:25770020;Mannagras;Zwolle;26,2;38,0;16,5;20,7;6,8;11,5
NL:S:25770030;Klokkengieterlaan;Zwolle;40,7;22,1;24,5;14,0;15,2;8,6
NL:S:25770050;Karveelschipperstraat;Zwolle;32,1;33,2;17,4;19,3;9,9;13,9
NL:S:25770060;Veldbeemdgras;Zwolle;63,5;20,1;37,0;12,1;17,0;4,6
NL:S:25770070;Goudsmidstraat;Zwolle;41,6;34,9;27,4;19,8;13,2;11,4
NL:S:25770110;Fioringras;Zwolle;69,5;78,2;33,6;44,0;19,4;26,2
NL:S:25770230;Bandijklaan;Zwolle;50,4;49,7;26,7;26,6;10,8;13,7
NL:S:42124690;Kerkweg;Zwolle;4,4;5,5;4,0;5,4;2,8;3,4
NL:S:43470010;Rabobank;Lettele;3,3;2,9;1,2;1,5;0,0;0,0
NL:S:43470030;Heihoeve;Heeten;1,9;2,0;0,0;0,0;0,0;0,0
NL:S:43470050;'t Reterink;Heeten;0,1;0,1;0,0;0,2;0,0;0,0
NL:S:43470070;Zandbelterbrug;Schalkhaar;0,8;1,1;0,1;0,2;0,0;0,0
NL:S:43470090;Spikker;Schalkhaar;0,2;0,4;0,2;0,2;0,0;0,0
NL:S:43470110;Garderegimentsweg;Schalkhaar;2,8;2,9;1,1;2,0;0,6;0,6
NL:S:43470170;ten Havesweg;Okkenbroek;0,4;0,5;0,1;0,1;0,0;0,0
NL:S:43470190;De Grote Brander;Okkenbroek;0,9;0,7;0,3;0,4;0,0;0,0
NL:S:43479030;Doldermansweg;Lettele;0,0;0,1;0,0;0,0;0,0;0,0
NL:S:43480010;'t Dijkhuis;Bathmen;12,2;10,8;6,4;7,5;2,2;3,0
NL:S:43480050;Bannink;Deventer;1,1;1,2;0,6;0,3;0,1;0,1
NL:S:43480070;Peppelerdijk;Deventer;0,1;0,2;0,1;0,2;0,0;0,1
NL:S:43480100;Enklaan;Bathmen;20,2;19,7;9,4;9,0;6,6;6,1
NL:S:43480150;Gemeentewerken;Bathmen;0,4;0,4;0,0;0,0;0,0;0,0
NL:S:43480180;Oude Molen;Bathmen;0,2;0,2;0,0;0,0;0,0;0,0
NL:S:43480190;Polakstraat;Bathmen;7,3;8,2;3,3;3,9;1,3;1,1
NL:S:43480210;Vegerinkskamp;Bathmen;11,7;17,8;5,2;7,8;2,0;2,5
NL:S:43480230;Looweg Kuiperij;Bathmen;3,8;10,6;2,3;5,1;0,8;3,9
NL:S:43480250;Schipbeeksweg;Bathmen;69,0;46,4;21,3;15,9;10,4;7,8
NL:S:43570010;Zonnenbergerdijk;Heeten;1,9;2,0;0,2;0,3;0,0;0,0
NL:S:43570030;Bathmenseweg;Heeten;2,3;2,4;0,1;0,4;0,0;0,0
NL:S:43570050;Militair Complex;Heeten;0,1;0,1;0,1;0,1;0,0;0,0
NL:S:43580030;Wilmink;Bathmen;0,0;0,0;0,0;0,0;0,0;0,0
NL:S:43580100;Wagenvoorde;Bathmen;0,0;0,1;0,0;0,0;0,0;0,0
NL:S:43640010;Handelsstraat;Hardenberg;0,1;0,2;0,0;0,0;0,0;0,0
NL:S:43640030;Wavin;Hardenberg;0,1;0,1;0,0;0,0;0,0;0,0
NL:S:43640050;Ziekenhuis;Hardenberg;0,0;0,0;0,0;0,1;0,0;0,0
NL:S:43640070;Station;Hardenberg;168,9;139,6;25,2;22,7;15,0;16,7
NL:S:43640090;Kanaaldijk;Gramsbergen;0,0;0,0;0,0;0,0;0,0;0,0
NL:S:43640110;Hattemattestraat;Gramsbergen;0,0;0,0;0,0;0,0;0,0;0,0
NL:S:43640130;Welgelegen;Gramsbergen;0,0;0,0;0,0;0,0;0,0;0,0
NL:S:43640150;Ziekenhuis;Hardenberg;0,1;0,1;0,1;0,0;0,0;0,0
NL:S:43640190;Clara Feyoenaheem;Hardenberg;6,0;7,0;0,1;0,1;0,0;0,0
NL:S:43640210;Meteoorlaan;Hardenberg;10,5;10,3;0,1;0,0;0,0;0,0
NL:S:43640230;Rheezerweg;Hardenberg;2,2;3,5;0,0;0,1;0,0;0,0
NL:S:43640250;Haarmolen;Heemserveen;39,7;41,3;8,0;9,5;3,6;4,4
NL:S:43640310;Middenweg;Heemserveen;0,9;1,3;0,1;0,3;0,0;0,1
NL:S:43640330;Roelofsmulderweg;Heemserveen;0,1;0,1;0,0;0,0;0,0;0,0
NL:S:43640350;Elfde Wijk;Heemserveen;0,6;1,4;0,0;0,1;0,0;0,1
NL:S:43640370;De Nieuwe Haven;Hardenberg;0,3;2,2;0,2;0,4;0,0;0,0
NL:S:43640390;Waterinkschool;Hardenberg;5,8;5,3;0,9;0,2;0,6;0,0
NL:S:43640397;Centrum;Hardenberg;41,9;15,9;3,5;0,3;1,0;0,0
NL:S:43640410;Dwarsweg;Bruchterveld;0,1;0,2;0,0;0,0;0,0;0,0
NL:S:43640430;Breeslootdijk;Bruchterveld;0,2;0,1;0,0;0,1;0,0;0,0
NL:S:43640450;School;Ebbenbroek;0,6;0,1;0,0;0,0;0,0;0,0
NL:S:43640520;Dorpshuis;Bruchterveld;0,9;1,1;0,2;0,1;0,0;0,0
NL:S:43640530;Gemeentehuis;Hardenberg;52,0;77,2;8,2;10,9;1,8;2,4
NL:S:43640600;PKN Kerk;Bruchterveld;2,2;0,1;0,1;0,0;0,0;0,0
NL:S:43640670;Broeklanderweg;Bruchterveld;0,1;0,1;0,0;0,0;0,0;0,0
NL:S:43640690;Parkweg 57;Hardenberg;0,1;0,0;0,0;0,0;0,0;0,0
NL:S:43640710;Molenplein;Hardenberg;8,0;5,2;3,7;3,1;2,3;2,1
NL:S:43640750;De Brink;Hardenberg;0,6;0,5;0,1;0,1;0,0;0,0
NL:S:43640760;Merelstraat;Hardenberg;0,0;0,0;0,0;0,0;0,0;0,0
NL:S:43670030;Stellingmolen;Heeten;5,4;5,7;0,6;1,0;0,0;0,0
NL:S:43670100;'t Pleintie;Nieuw-Heeten;4,2;3,3;0,5;0,5;0,0;0,0
NL:S:43670120;Bijvanksweg;Nieuw-Heeten;0,4;0,5;0,1;0,1;0,0;0,0
NL:S:43679030;Centrum;Heeten;10,0;7,5;1,4;1,5;0,0;0,0
NL:S:43679035;Centrum;Heeten;0,3;1,2;0,1;0,2;0,0;0,0
NL:S:43680030;De Smid;Dijkerhoek;0,0;0,0;0,0;0,0;0,0;0,0
NL:S:43680070;Wegstapel;Dijkerhoek;0,0;0,0;0,0;0,0;0,0;0,0
NL:S:43680120;Aaltinksweg;Holten;0,0;0,0;0,0;0,0;0,0;0,0
NL:S:43770150;Koerselmansweg;Okkenbroek;0,1;0,2;0,0;0,0;0,0;0,0
NL:S:43770170;Okkenbroekerveldweg;Okkenbroek;0,1;1,1;0,0;0,5;0,0;0,0
NL:S:43770210;Oostermaatsdijk;Okkenbroek;0,1;0,2;0,1;0,1;0,0;0,0
NL:S:43770230;Vlessendijk;Nieuw-Heeten;0,5;0,2;0,1;0,0;0,0;0,0
NL:S:43779010;Kerk;Okkenbroek;1,3;0,4;0,1;0,2;0,0;0,0
NL:S:43780090;Scholengemeenschap;Holten;6,6;8,9;0,0;0,0;0,0;0,0
NL:S:43890190;Dorpsstraat;Kloosterhaar;0,3;0,1;0,2;0,1;0,0;0,0
NL:S:43890200;Verlengde Broekdijk;Kloosterhaar;1,6;1,1;0,2;0,2;0,0;0,0
NL:S:43929030;Oude Deventerweg;Holten;0,2;0,2;0,0;0,0;0,0;0,0
NL:S:43990001;Stationsweg;Mariënberg;0,0;0,0;0,0;0,0;0,0;0,0
NL:S:43990070;Kanaalbrug;Bergentheim;0,0;0,1;0,0;0,0;0,0;0,0
NL:S:43990101;Station;Marienberg;1,3;0,7;1,0;0,6;0,0;0,0
NL:S:43990110;Cafe;Beerzerveld;0,7;0,4;0,5;0,4;0,0;0,0
NL:S:43990130;Schuurmanstraat;Beerzerveld;0,1;0,1;0,0;0,0;0,0;0,0
NL:S:43990155;Van Alewijkstraat;Beerzerveld;0,0;0,0;0,0;0,0;0,0;0,0
NL:S:43990160;Kloosterdijk;Marienberg;0,0;0,0;0,0;0,0;0,0;0,0
NL:S:43990190;De Pallegarste;Marienberg;0,0;0,0;0,0;0,0;0,0;0,0
NL:S:43990210;Camping Kleine Belties;Rheeze;0,1;0,1;0,0;0,1;0,0;0,0
NL:S:43990230;De Gloepe;Diffelen;0,1;0,1;0,1;0,0;0,0;0,0
NL:S:43990250;Rheezerkamp/Overweg;Rheeze;0,0;0,0;0,0;0,0;0,0;0,0
NL:S:43990270;Ringweg;Rheeze;0,2;0,2;0,1;0,2;0,0;0,0
NL:S:43990290;Haarweg;Bergentheim;0,0;0,0;0,0;0,0;0,0;0,0
NL:S:43990310;J.H.C. Bastingplein;Bergentheim;0,3;0,4;0,2;0,2;0,0;0,0
NL:S:43990350;Kanaalweg West;Bergentheim;0,0;0,0;0,0;0,0;0,0;0,0
NL:S:43990430;Oud Bergentheim;Bergentheim;0,0;0,1;0,0;0,0;0,0;0,0
NL:S:43990530;Waaijerinkweg;Beerzerhaar;0,2;0,1;0,0;0,0;0,0;0,0
NL:S:43990535;Beerzerweg;Beerze;0,1;0,5;0,1;0,2;0,0;0,0
NL:S:43990540;Oude Beerzerweg;Ommen;0,0;0,1;0,0;0,1;0,0;0,0
NL:S:43990550;Beerzerpoort;Ommen;0,1;0,1;0,0;0,1;0,0;0,0
NL:S:43992001;Camping De Oldemeijer;Rheeze;0,1;0,1;0,0;0,2;0,0;0,0
NL:S:43992003;Camp. De Vechtstr./'t Veld;Rheeze;0,4;0,4;0,2;0,2;0,0;0,0
NL:S:43992005;Camping De Zandstuve;Rheeze;0,1;0,1;0,1;0,1;0,0;0,0
NL:S:43992007;Junglecamping;Rheeze;0,1;0,1;0,0;0,0;0,0;0,0
NL:S:45940500;Beerzerhooiweg;Beerze;0,1;0,1;0,0;0,0;0,0;0,0
NL:S:46000030;Brekken;Zwolle;37,2;40,1;11,0;11,5;4,8;5,4
NL:S:46000050;Händellaan;Zwolle;25,0;18,5;16,0;12,0;7,4;4,4
NL:S:46000070;Diasporalaan;Zwolle;13,6;11,3;7,5;6,6;3,1;3,8
NL:S:46000110;Van der Schuerenmarke;Zwolle;27,3;29,7;16,2;16,8;9,1;10,4
NL:S:46000130;Van Nispensingel;Zwolle;39,0;38,2;25,1;26,6;14,8;14,4
NL:S:46000150;Van Hasseltmarke;Zwolle;13,8;13,8;8,9;8,6;6,1;6,8
NL:S:46000170;Molenweg;Zwolle;139,2;139,4;0,0;0,0;0,0;0,0
NL:S:46000190;Zwartewaterallee;Zwolle;17,3;27,6;0,0;0,0;0,0;0,0
NL:S:46000230;Klimopstraat;Zwolle;2,8;4,9;2,3;3,8;0,9;2,4
NL:S:46000240;Lindestraat;Zwolle;1,5;2,6;0,2;0,0;0,2;0,0
NL:S:46000330;Muijdermanstraat;Zwolle;10,9;10,6;3,5;3,6;1,4;1,3
NL:S:46000430;Hollewandsweg;Zwolle;28,1;21,7;14,7;12,5;8,0;7,3
NL:S:46000504;Eekwal/Centrum;Zwolle;163,1;173,0;84,2;91,1;30,4;39,5
NL:S:46000570;Dokter Hengeveldweg;Zwolle;172,5;174,9;10,4;11,3;5,3;8,7
NL:S:46000800;Groot Wezenland;Zwolle;34,3;37,6;13,1;21,3;5,0;4,3
NL:S:46000810;Nw. Deventerw./Ittersumall.;Zwolle;29,0;29,0;16,4;16,2;8,7;9,8
NL:S:46000830;Troelstralaan;Zwolle;44,2;51,3;32,4;36,7;17,6;22,0
NL:S:46000955;Groot Wezenland;Zwolle;1,5;13,7;1,5;4,5;0,3;4,9
NL:S:46001000;Park de Wezenlanden;Zwolle;178,3;200,7;9,1;8,7;2,7;4,7
NL:S:46001010;Zuster van de Kolkstraat;Zwolle;6,6;7,1;4,4;5,8;3,8;3,4
NL:S:46001030;Zwarteweg;Zwolle;14,0;15,1;5,6;6,8;4,4;6,4
NL:S:46001070;Volterbeek;Zwolle;38,5;37,7;25,1;25,5;11,1;15,8
NL:S:46001100;Assendorperdijk;Zwolle;358,4;400,1;15,7;21,5;6,4;7,6
NL:S:46001110;Maaslaan;Zwolle;12,9;18,0;8,6;11,4;4,9;7,1
NL:S:46001120;Roelingsbeek;Zwolle;24,6;10,6;20,3;11,2;7,5;4,9
NL:S:46001170;Eemlaan;Zwolle;77,0;89,3;37,5;42,0;16,2;24,9
NL:S:46001200;Ittersumallee;Zwolle;14,3;20,8;0,0;0,0;0,0;0,0
NL:S:46001210;Volkerak;Zwolle;9,9;1,4;5,5;0,6;2,6;0,4
NL:S:46001230;Elsbeek;Zwolle;14,5;15,5;11,9;11,6;6,2;6,1
NL:S:46001290;Wkc De Dobbe;Zwolle;134,5;8,7;64,2;7,6;31,3;2,4
NL:S:46001300;Caspar Fagelstraat;Zwolle;36,8;43,2;20,6;21,6;13,3;15,9
NL:S:46001320;Paulus Buysstraat;Zwolle;20,9;23,1;15,4;16,6;8,6;13,1
NL:S:46001340;Celebesstraat;Zwolle;15,8;18,0;13,3;14,5;7,8;12,9
NL:S:46001360;Thomas a Kempisstraat;Zwolle;37,9;46,3;26,8;33,3;13,7;24,2
NL:S:46001380;Wkc Diezerpoort;Zwolle;191,3;211,9;110,3;103,0;37,1;47,8
NL:S:46001560;Isala ziekenhuis;Zwolle;643,9;631,2;58,9;67,6;31,0;28,9
NL:S:46001610;Dijkstraat;Zwolle;152,6;178,1;91,5;121,6;30,9;44,2
NL:S:46001630;Rodetorenplein;Zwolle;203,1;256,5;133,5;161,5;46,1;67,9
NL:S:46001650;IJsselcentraleweg;Zwolle;23,0;23,4;6,0;7,0;3,3;2,8
NL:S:46001710;van Karnebeektunnel;Zwolle;18,9;50,7;8,5;14,0;4,5;6,9
NL:S:46001730;Lubeckplein;Zwolle;100,4;282,3;8,5;30,1;4,8;20,6
NL:S:46001750;Provinciehuis;Zwolle;19,9;19,7;8,4;8,3;5,0;4,0
NL:S:46001770;Koggelaan;Zwolle;13,2;24,2;2,1;2,9;0,6;1,7
NL:S:46001790;Burg. van Walsumlaan;Zwolle;472,4;360,7;5,2;6,3;1,0;0,9
NL:S:46001970;Sassenpoort;Zwolle;40,3;66,3;35,1;60,9;14,4;23,1
NL:S:46001990;Kerkbrugje;Zwolle;114,7;132,1;90,6;120,6;24,3;35,6
NL:S:46002560;Kuyerhuislaan;Zwolle;3,9;2,8;0,0;0,0;0,0;0,0
NL:S:46002620;Wkc Zuid;Zwolle;0,8;0,6;0,0;0,0;0,0;0,0
NL:S:46002700;Gedeputeerdenlaan;Zwolle;27,7;33,1;21,3;25,3;14,7;16,6
NL:S:46002960;Blaloweg/Hasselterweg;Zwolle;11,2;17,4;5,5;7,6;1,8;2,9
NL:S:46003000;Otterveld;Zwolle;20,1;19,1;12,6;11,4;5,8;6,0
NL:S:46003110;Wkc Forelkolk;Zwolle;23,7;23,2;13,8;13,4;4,7;4,7
NL:S:46003130;Brasemkolk;Zwolle;7,0;8,7;3,9;5,3;1,4;1,9
NL:S:46003150;Marsweg;Zwolle;1,6;0,6;0,0;0,0;0,0;0,0
NL:S:46003170;Hazenveld;Zwolle;14,8;13,8;7,5;6,7;3,9;3,9
NL:S:46003200;Van Leeuwtemarke;Zwolle;23,7;22,5;18,9;16,2;10,4;8,0
NL:S:46003240;Herenweg;Zwolle;32,4;31,2;10,2;14,6;4,3;6,7
NL:S:46003290;Heerkensmarke;Zwolle;21,4;19,2;13,0;11,0;6,3;5,5
NL:S:46003800;Oldeneelallee;Zwolle;16,2;20,5;0,0;0,0;0,0;0,0
NL:S:46003900;Nieuwe Deventerweg/KWS;Zwolle;7,4;8,3;0,0;0,0;0,0;0,0
NL:S:46004180;De Ruyterplein;Zwolle;0,3;7,5;0,2;5,9;0,1;3,9
NL:S:46004190;Corn. Houtmanstraat;Zwolle;3,3;12,6;2,4;8,4;0,8;5,4
NL:S:46004270;Tesselschadestraat;Zwolle;28,4;14,0;17,4;7,6;10,4;4,8
NL:S:46004310;Jacob Catsstraat;Zwolle;18,1;1,8;8,3;0,9;5,1;0,1
NL:S:46004410;Schuurmanstraat;Zwolle;164,4;156,7;41,7;57,5;14,9;15,0
NL:S:46004500;Trompstraat;Zwolle;53,6;61,5;25,7;25,3;10,2;14,8
NL:S:46004530;Stadion;Zwolle;533,4;489,4;48,4;72,9;25,8;32,9
NL:S:46004670;Deltion Campus;Zwolle;2987,4;2753,1;31,7;41,9;15,4;30,0
NL:S:46004720;Hanzelanden Oost;Zwolle;5,4;12,1;1,3;3,1;1,1;2,4
NL:S:46004790;Nieuwe Deventerweg;Zwolle;29,4;33,0;17,9;22,1;11,2;14,6
NL:S:46005335;Klooienberglaan;Zwolle;26,4;23,9;15,4;14,5;9,7;11,8
NL:S:46005410;Frans Halsstraat;Zwolle;34,8;42,1;19,4;20,3;10,2;12,6
NL:S:46005550;Pergolesisstraat;Zwolle;73,3;47,1;28,1;23,9;12,9;13,1
NL:S:46005570;Buxtehudestraat;Zwolle;45,0;31,7;22,3;15,7;10,8;7,9
NL:S:46005590;Bellinistraat;Zwolle;49,6;39,4;39,6;31,0;21,3;18,6
NL:S:46005810;Morra;Zwolle;21,2;7,3;16,6;6,5;7,5;2,4
NL:S:46005850;Bachlaan;Zwolle;25,4;64,4;7,8;15,0;3,7;7,6
NL:S:46005870;Oosterdiep;Zwolle;36,6;37,8;30,9;30,2;13,5;21,0
NL:S:46005890;Welle;Zwolle;19,0;19,8;13,5;13,6;5,4;6,7
NL:S:46005910;Hunzelaan;Zwolle;11,0;13,0;11,1;19,8;3,6;5,6
NL:S:46005990;Zijpe;Zwolle;31,2;14,1;18,5;8,6;10,7;6,5
NL:S:46006030;Dahliastraat;Zwolle;4,6;2,3;1,5;0,3;0,7;0,1
NL:S:46006110;Hortensiastraat;Zwolle;21,8;13,0;8,2;8,8;5,9;8,6
NL:S:46006150;Irisstraat;Zwolle;3,6;9,6;2,7;6,2;1,3;5,1
NL:S:46006190;Klaasboerstraat;Zwolle;3,3;19,8;1,7;6,9;0,6;2,3
NL:S:46006530;Burgemeester Roelenweg;Zwolle;122,7;258,1;8,8;18,5;4,4;9,4
NL:S:46006600;Blaloweg/Rieteweg;Zwolle;11,8;15,9;2,3;4,7;1,8;5,7
NL:S:46006820;Wkc De Dobbe;Zwolle;22,1;149,5;8,6;78,0;3,6;43,0
NL:S:46006840;De Zoom;Zwolle;12,8;9,3;0,0;0,0;0,0;0,0
NL:S:46007000;Vrolijkheid;Zwolle;73,8;111,7;7,3;8,9;2,9;2,9
NL:S:46007020;Meppelerstraatweg;Zwolle;57,5;50,2;11,4;11,0;7,1;5,9
NL:S:46008050;Wkc Zuid/Democratenlaan;Zwolle;59,1;47,8;42,2;31,3;14,6;9,4
NL:S:46008110;Esdoornstraat;Zwolle;320,7;323,4;16,4;15,5;9,4;7,7
NL:S:46008130;Gombertstraat;Zwolle;75,6;9,4;42,1;5,5;21,5;1,5
NL:S:46008180;Bachplein;Zwolle;312,4;299,7;121,4;125,0;54,9;75,3
NL:S:46008410;Hogenkampsweg;Zwolle;111,0;113,5;62,9;65,6;34,0;43,0
NL:S:46008420;Jofferenlaan;Zwolle;6,8;7,0;3,6;3,6;1,8;2,4
NL:S:46008440;Wkc Zuid/Patriottenlaan;Zwolle;91,4;110,4;90,8;107,7;61,3;69,0
NL:S:46040010;Kasteel Rechteren;Dalfsen;0,0;0,0;0,0;0,0;0,0;0,0
NL:S:46050010;Cafe Restaurant Madrid;Hessum;0,1;0,3;0,0;0,0;0,0;0,0
NL:S:46050030;Huize Vilsteren;Vilsteren;0,2;0,2;0,0;0,0;0,0;0,0
NL:S:46050050;Gasunie;Vilsteren;0,1;0,1;0,0;0,0;0,0;0,0
NL:S:46050070;Kaasboerderij Heileuver;Dalmsholte;0,1;0,1;0,0;0,0;0,0;0,0
NL:S:46050090;De Marshoeve;Dalmsholte;0,2;0,2;0,0;0,0;0,0;0,0
NL:S:46060010;Camping Bergzicht;Giethmen;0,1;0,0;0,0;0,0;0,0;0,0
NL:S:46060040;Camping Nieuwe Brug;Nieuwe Brug;0,0;0,2;0,0;0,0;0,0;0,0
NL:S:46100000;Frankhuizerallee;Zwolle;60,1;63,4;34,0;38,8;18,6;21,4
NL:S:46100020;Twistvlietbrug;Zwolle;27,1;37,1;14,0;21,3;7,3;11,8
NL:S:46100040;Katerdijk;zwolle;11,7;25,8;2,9;2,9;2,7;1,6
NL:S:46100060;Belvederelaan;Zwolle;67,2;127,9;41,2;81,8;21,2;39,5
NL:S:46100080;Wkc Stadshagen;Zwolle;58,5;9,0;41,4;6,1;17,8;2,6
NL:S:46100130;Rozentunnel;Zwolle;9,6;14,3;1,2;7,9;0,3;3,5
NL:S:46100150;Havezathentunnel;Zwolle;30,7;34,4;10,5;18,4;6,3;10,1
NL:S:46100170;Nijenhuislaan;Zwolle;48,6;61,3;21,2;20,7;12,0;13,9
NL:S:46104021;Katwolderplein/centrum;Zwolle;730,1;859,2;254,7;275,7;103,5;106,9
NL:S:46104031;Griegstraat;Zwolle;6,9;52,1;4,2;33,2;1,7;15,1
NL:S:46104033;Waallaan;Zwolle;9,5;30,7;4,3;19,1;1,1;10,3
NL:S:46110200;De Zon;Wijthmen;0,9;0,9;0,0;0,0;0,0;0,0
NL:S:46110400;De Marslanden;Wijthmen;12,0;16,8;0,0;0,0;0,0;0,0
NL:S:46110750;School De Ambelt;Herfte;0,1;5,2;0,0;0,0;0,0;0,0
NL:S:46120050;Bedrijvenpark Hessenpoort;Zwolle;32,5;32,6;0,0;0,0;0,0;0,0
NL:S:46120090;Bergkloosterweg;Zwolle;12,4;8,6;4,9;3,5;2,0;1,7
NL:S:46120100;Bentheimstraat;Zwolle;39,0;48,0;37,4;36,4;12,8;11,9
NL:S:46120120;Vechtbrug;Zwolle;5,0;8,1;1,2;4,8;0,9;1,2
NL:S:46120160;Campherbeeklaan;Zwolle;21,4;19,1;3,9;3,8;1,6;0,8
NL:S:46120270;Nieuwleusenerdijk;Zwolle;5,3;9,8;0,0;0,0;0,0;0,0
NL:S:46124590;Hazelaarlaan;Zwolle;14,4;16,5;11,1;13,8;6,6;7,3
NL:S:46124610;Wkc Berkum;Zwolle;18,2;25,7;13,3;20,2;6,5;11,1
NL:S:46124640;Vossiuslaan;Zwolle;3,8;7,5;2,4;6,2;1,4;3,6
NL:S:46124650;Grotiuslaan;Zwolle;3,2;3,5;3,2;4,1;1,7;1,7
NL:S:46124670;Hugo de Vrieslaan;Zwolle;5,6;6,9;7,1;7,7;3,5;4,1
NL:S:46124710;Erasmuslaan;Zwolle;17,6;8,4;13,4;6,0;8,6;3,4
NL:S:46160660;Station;Ommen;8,1;2,0;0,0;0,0;0,0;0,0
NL:S:46200030;Koelmansstraat;Lenthe;4,1;3,4;0,0;0,0;0,0;0,0
NL:S:46200050;Jonkman;Heino;10,7;12,7;0,0;0,0;0,0;0,0
NL:S:46200070;Hagenweg;Lenthe;1,2;1,4;0,0;0,0;0,0;0,0
NL:S:46200100;De Gunne;Lenthe;0,1;0,1;0,0;0,0;0,0;0,0
NL:S:46200120;De Jong;Lenthe;0,2;0,2;0,0;0,0;0,0;0,0
NL:S:46204010;Molenhoek;Hoonhorst;0,9;0,6;0,0;0,0;0,0;0,0
NL:S:46210020;Marsweg;Hoonhorst;0,5;1,3;0,0;0,0;0,0;0,0
NL:S:46210060;Klapvoortweg;Hoonhorst;0,0;0,1;0,0;0,0;0,0;0,0
NL:S:46210080;Oudeweg;Emmen;0,3;0,2;0,0;0,0;0,0;0,0
NL:S:46210110;Emmerweg;Emmen;0,5;0,5;0,0;0,0;0,0;0,0
NL:S:46210130;Overweg NS;Dalfsen;0,1;0,2;0,0;0,0;0,0;0,0
NL:S:46210140;Centrum;Hoonhorst;5,5;4,9;0,0;0,0;0,0;0,0
NL:S:46291001;Broekdijk;Brucht;0,0;0,1;0,0;0,0;0,0;0,0
NL:S:46300050;'t Reelaer;Heino;0,3;1,3;0,0;0,0;0,0;0,0
NL:S:46300110;School;Lierderholthuis;0,4;0,9;0,0;0,0;0,0;0,0
NL:S:46300130;Brug;Lierderholthuis;0,5;0,6;0,0;0,0;0,0;0,0
NL:S:46300150;Kappert;Lierderholthuis;0,2;0,2;0,0;0,0;0,0;0,0
NL:S:46300180;Kastanje;Heino;0,1;0,4;0,0;0,0;0,0;0,0
NL:S:46300200;Wolfkamp;Heino;2,3;1,8;0,0;0,0;0,0;0,0
NL:S:46300210;Station;Heino;6,5;3,0;0,0;0,0;0,0;0,0
NL:S:46300230;Kiezebos;Heino;0,2;0,3;0,0;0,0;0,0;0,0
NL:S:46300270;Brinkzicht;Heino;0,4;1,3;0,0;0,0;0,0;0,0
NL:S:46300300;Klaproos;Heino;6,3;7,1;0,0;0,0;0,0;0,0
NL:S:46300390;Marktplein;Heino;18,0;18,8;0,0;0,0;0,0;0,0
NL:S:46300500;Van der Capellenweg;Heino;6,5;9,3;0,0;0,0;0,0;0,0
NL:S:46300900;Bibliotheek;Heino;0,5;2,4;0,0;0,0;0,0;0,0
NL:S:46301000;Pastorielaan;Heino;0,3;0,3;0,0;0,0;0,0;0,0
NL:S:46310150;Gemeentehuis;Dalfsen;6,5;6,2;0,6;0,5;0,0;0,0
NL:S:46310350;Pleijendal;Dalfsen;4,0;4,4;0,0;0,0;0,0;0,0
NL:S:46310450;De Trefkoele;Dalfsen;14,9;13,5;0,3;0,5;0,0;0,0
NL:S:46310620;De Trefkoele;Dalfsen;0,7;2,3;0,1;0,3;0,0;0,0
NL:S:46310750;Bontekamp;Dalfsen;9,3;9,0;0,0;0,0;0,0;0,0
NL:S:46311005;Station;Dalfsen;89,9;78,1;5,2;2,6;0,0;0,0
NL:S:46311010;Foreco;Dalfsen;0,2;0,4;0,0;0,0;0,0;0,0
NL:S:46311013;Kortersweg;Dalfsen;0,3;0,4;0,0;0,0;0,0;0,0
NL:S:46311050;Polhaarweg;Dalfsen;17,4;17,8;1,2;1,3;0,0;0,0
NL:S:46311130;Haersolteweg;Dalfsen;0,3;0,5;0,2;0,3;0,0;0,0
NL:S:46311150;Gernerslag;Ankum;0,5;0,5;0,0;0,0;0,0;0,0
NL:S:46311155;Huize Gerner;Dalfsen;1,2;1,7;0,8;0,8;0,0;0,0
NL:S:46311170;Langkamp;Dalfsen;1,2;2,5;0,4;0,7;0,0;0,0
NL:S:46311190;WZC Rosengaerde;Dalfsen;3,4;5,4;0,6;1,8;0,0;0,0
NL:S:46311500;Kievitsbloem;Dalfsen;7,9;7,5;0,2;0,5;0,0;0,0
NL:S:46330010;Noorderpark;Nieuwleusen;3,2;3,3;0,4;0,5;0,0;0,0
NL:S:46350360;Centrum;Balkbrug;165,5;156,2;27,6;25,9;12,8;12,8
NL:S:46400054;Station;Raalte;175,3;166,4;32,6;30,5;23,1;19,3
NL:S:46400152;Kruisstraat;Raalte;15,3;14,9;6,0;6,0;3,4;2,9
NL:S:46400250;Westdorplaan;Raalte;34,9;37,4;10,5;13,0;7,3;8,2
NL:S:46400550;Postkantoor;Raalte;26,8;29,6;6,3;7,2;4,2;4,0
NL:S:46401150;Pauluskerk;Raalte;41,6;40,7;15,2;14,5;11,0;11,6
NL:S:46401250;De Haar;Raalte;7,9;7,3;0,0;0,1;0,0;0,0
NL:S:46401350;Langkampweg;Raalte;4,6;5,7;0,0;0,1;0,0;0,0
NL:S:46401400;De Hoven;Raalte;25,3;24,9;8,7;11,5;9,4;7,2
NL:S:46401470;Carpoolplaats;Raalte;10,6;13,6;0,0;0,0;0,0;0,0
NL:S:46401550;Peelsbos;Raalte;0,2;0,2;0,0;0,0;0,0;0,0
NL:S:46402010;Merel;Raalte;1,4;1,9;0,0;0,0;0,0;0,0
NL:S:46402050;Dumbarstraat;Raalte;7,0;8,4;0,1;0,1;0,0;0,0
NL:S:46410050;Kloosterman;Oudleusen;0,5;0,8;0,0;0,0;0,0;0,0
NL:S:46410150;De Stokte;Oudleusen;2,0;3,7;0,1;0,2;0,0;0,0
NL:S:46410250;Wolfkamp;Oudleusen;4,3;2,4;0,0;0,0;0,0;0,0
NL:S:46410350;Mooirivier;Oudleusen;3,1;3,2;0,0;0,0;0,0;0,0
NL:S:46419005;Dennenkamp;Dalfsen;2,0;3,3;0,4;0,9;0,0;0,0
NL:S:46430150;Doktersbrug;Lemelerveld;1,3;1,3;0,0;0,0;0,0;0,0
NL:S:46430250;Dwarsweg;Lemelerveld;1,8;2,0;0,0;0,0;0,0;0,0
NL:S:46430350;Klipperstraat;Lemelerveld;58,0;50,6;0,0;0,0;0,0;0,0
NL:S:46430450;Posthoornweg;Lemelerveld;3,1;3,4;0,0;0,0;0,0;0,0
NL:S:46430550;Parallelstraat;Lemelerveld;7,6;7,0;0,0;0,0;0,0;0,0
NL:S:46431800;Bekking;Lemelerveld;0,2;0,2;0,0;0,0;0,0;0,0
NL:S:46510050;Jutten;Varsen;2,7;2,7;0,0;0,0;0,0;0,0
NL:S:46510150;Hessenweg West;Varsen;0,3;0,9;0,0;0,0;0,0;0,0
NL:S:46510260;Varsenerdijk;Varsen;1,5;1,5;0,0;0,0;0,0;0,0
NL:S:46530100;Cafe De Posthoorn;Raalte;2,5;2,5;0,0;0,0;0,0;0,0
NL:S:46530200;Dijkman;Raalte;0,2;0,1;0,0;0,0;0,0;0,0
NL:S:46530400;De Hofstee;Raalte;0,0;0,0;0,0;0,0;0,0;0,0
NL:S:46540050;Pleegsterhalte;Pleegste;1,4;1,5;1,9;0,6;0,3;0,5
NL:S:46540100;De Heuvel;Pleegste;3,9;3,9;0,6;0,9;0,6;0,7
NL:S:46540150;Van Rossum;Pleegste;0,4;0,5;0,2;0,3;0,6;0,4
NL:S:46540200;Hoogspanningsgebouw;Pleegste;0,5;0,6;0,1;0,1;0,1;0,2
NL:S:46540500;Broeklanderweg;Wesepe;5,2;5,3;1,9;3,7;1,2;0,9
NL:S:46600100;Giethemer Kerkpad;Ommen;0,0;0,0;0,0;0,0;0,0;0,0
NL:S:46611200;Markt;Ommen;0,1;0,1;0,0;0,0;0,0;0,0
NL:S:46611250;Chevalleraustraat;Ommen;24,1;31,6;0,0;0,0;0,0;0,0
NL:S:46611350;Strangeweg;Ommen;9,5;8,8;0,0;0,0;0,0;0,0
NL:S:46613020;Danteweg;Ommen;8,9;9,6;0,0;0,0;0,0;0,0
NL:S:46613040;Sogenbosstraat;Ommen;7,8;5,8;0,0;0,0;0,0;0,0
NL:S:46613050;Centrum;Ommen;1,0;0,9;0,0;0,0;0,0;0,0
NL:S:46640050;Boxbergerweg;Wesepe;6,6;6,5;2,4;2,4;1,3;1,8
NL:S:46640100;Velsdijk;Wesepe;27,6;26,7;7,7;8,5;4,9;5,7
NL:S:46640400;Abdij Sion;Schalkhaar;4,2;5,7;2,1;2,5;1,7;2,2
NL:S:46740010;De Wesenberg;Tongeren;0,1;1,4;0,0;0,1;0,0;0,0
NL:S:46740100;Begraafplaats;Schalkhaar;1,7;1,7;0,4;0,7;0,5;0,4
NL:S:46740150;Frieswijk;Schalkhaar;0,6;0,7;0,1;0,1;0,1;0,0
NL:S:46740160;Crematorium;Schalkhaar;2,4;2,8;0,6;0,7;0,4;0,4
NL:S:46740250;Frieswijkerweg;Schalkhaar;2,1;1,8;0,5;0,3;0,3;0,5
NL:S:46776310;Broekland;Broekland;4,1;2,5;0,3;0,2;0,0;0,0
NL:S:46780010;Zonnenbergerweg;Wesepe;0,0;0,0;0,0;0,0;0,0;0,0
NL:S:46780030;Kerk;Wesepe;0,1;0,2;0,0;0,0;0,0;0,0
NL:S:46840010;Hartkampweg;Raalte;0,1;0,2;0,1;0,0;0,0;0,0
NL:S:46840030;Gemeentehuis;Raalte;0,0;0,0;0,0;0,0;0,0;0,0
NL:S:46841001;Ceintuurbaan;Raalte;0,4;0,6;0,0;0,0;0,0;0,0
NL:S:46970010;Stevenskamp;Heeten;0,0;0,0;0,0;0,0;0,0;0,0
NL:S:47132620;Veronicaweg;Zwolle;16,3;28,7;9,1;18,1;5,1;12,4
NL:S:47132750;Petuniaplein;Zwolle;41,7;42,6;29,5;26,9;17,4;20,6
NL:S:47132800;Tesjeslaan;Zwolle;23,7;19,6;15,8;16,3;9,1;9,7
NL:S:47132850;Melissepad;Zwolle;6,7;6,3;7,8;6,6;3,5;4,3
NL:S:47132900;Loggerweg;Zwolle;13,2;16,2;1,6;1,3;0,8;0,6
NL:S:47132950;Vogelmelkweg;Zwolle;16,9;14,1;14,3;12,0;6,8;7,1
NL:S:47133000;Westenholterallee;Zwolle;36,7;21,6;1,3;0,6;0,6;0,2
NL:S:47140010;Staatssecretarislaan;Zwolle;36,7;34,3;17,0;17,6;10,2;11,6
NL:S:47140030;Kamerledenlaan;Zwolle;23,3;23,8;18,6;19,1;12,2;11,8
NL:S:47140050;Herxen;Wijhe;0,8;1,2;0,0;0,0;0,0;0,0
NL:S:47140060;Rommestraat;Zwolle;43,7;45,7;26,7;29,5;21,1;18,5
NL:S:47140100;Zuidberg;Wijhe;0,7;0,4;0,0;0,0;0,0;0,0
NL:S:47140110;Kerk;Laag Zuthem;0,9;0,4;0,0;0,0;0,0;0,0
NL:S:47140150;Herxerenk;Wijhe;0,8;0,6;0,0;0,0;0,0;0,0
NL:S:47140250;Brug;Windesheim;5,3;6,2;0,0;0,0;0,0;0,0
NL:S:47140350;Zuthemerweg;Windesheim;0,4;0,8;0,0;0,0;0,0;0,0
NL:S:47140450;Rommestraat;Zwolle;2,8;4,5;0,0;0,0;0,0;0,0
NL:S:47240050;Overweg NS;Wijhe;0,4;0,2;0,0;0,0;0,0;0,0
NL:S:47240100;Oprit Dijk;Wijhe;0,1;0,1;0,0;0,0;0,0;0,0
NL:S:47340100;Bezoekerscentrum;Den Nul;3,1;3,4;0,0;0,0;0,0;0,0
NL:S:47340510;Langstraat;Wijhe;4,4;6,7;0,1;0,0;0,0;0,0
NL:S:47340600;Het Weytendaal;Wijhe;4,3;2,4;0,0;0,0;0,0;0,0
NL:S:47340650;Raalterweg;Wijhe;8,6;6,3;0,0;0,1;0,0;0,0
NL:S:47340710;De Enk;Wijhe;1,7;1,3;0,0;0,0;0,0;0,0
NL:S:47340730;Zandhuisweg;Wijhe;3,7;3,0;0,0;0,0;0,0;0,0
NL:S:47340750;Boerhaar;Wijhe;1,9;2,0;0,0;0,0;0,0;0,0
NL:S:47340770;Peperkamp;Wijhe;8,9;6,5;0,1;0,0;0,0;0,0
NL:S:47340901;de Lange Slagen;Wijhe;12,3;14,9;0,0;0,0;0,0;0,0
NL:S:47440050;Puinweg 1;Boskamp;0,1;0,0;0,0;0,0;0,0;0,0
NL:S:47440100;Hengforderweg;Boskamp;0,4;0,7;0,0;0,0;0,0;0,0
NL:S:47440150;Puinweg 2;Boskamp;0,1;0,1;0,0;0,0;0,0;0,0
NL:S:47440250;Hoenlo;Boskamp;0,5;0,4;0,0;0,0;0,0;0,0
NL:S:47440550;Jan Hooglandstraat;Olst;3,6;4,1;0,0;0,0;0,0;0,0
NL:S:47440800;Station;Olst;2,6;2,4;0,1;0,1;0,0;0,0
NL:S:47440910;Wethouder A.G. Dekkerlaan;Olst;6,6;6,6;0,0;0,0;0,0;0,0
NL:S:47440930;Veerweg;Olst;2,1;3,6;0,0;0,0;0,0;0,0
NL:S:47440950;Holstweg;Den Nul;3,2;3,6;0,0;0,0;0,0;0,0
NL:S:47441001;Scherpenzeelseweg;Den Nul;0,1;0,1;0,0;0,0;0,0;0,0
NL:S:47441020;Centrum;Olst;6,6;8,4;0,0;0,0;0,0;0,0
NL:S:47441200;Overkempe;Boskamp;4,3;5,4;0,0;0,0;0,0;0,0
NL:S:47540050;Wetermansweg;Diepenveen;11,9;10,8;0,0;0,0;0,0;0,0
NL:S:47540210;Centrum;Diepenveen;8,7;7,7;0,0;0,0;0,0;0,0
NL:S:47540250;Sallandsweg;Diepenveen;1,4;1,8;0,0;0,0;0,0;0,0
NL:S:47540350;Baerselmansweg;Diepenveen;2,6;2,2;0,0;0,0;0,0;0,0
NL:S:47540450;Molenveldsweg;Diepenveen;0,5;0,6;0,0;0,0;0,0;0,0
NL:S:47540550;Randerstraat;Boskamp;0,7;0,9;0,0;0,0;0,0;0,0
NL:S:47540650;Langedijk;Boskamp;0,4;0,2;0,0;0,0;0,0;0,0
NL:S:47640030;Saxion Hogeschool;Deventer;113,1;147,7;34,6;47,0;13,0;20,4
NL:S:47640050;Munsterstraat;Deventer;4,9;5,5;0,0;0,0;0,0;0,0
NL:S:47640070;Keulenstraat 1;Deventer;14,7;15,6;0,0;0,0;0,0;0,0
NL:S:47640090;Keulenstraat 2;Deventer;14,9;19,9;0,0;0,0;0,0;0,0
NL:S:47640110;Rigastraat;Deventer;2,3;2,5;0,0;0,0;0,0;0,0
NL:S:47640150;Herfordstraat;Deventer;1,4;1,8;0,0;0,0;0,0;0,0
NL:S:47640190;Dortmundstraat;Deventer;1,4;2,0;0,0;0,0;0,0;0,0
NL:S:47640230;Willem Witsenstraat;Deventer;67,6;60,2;31,6;31,9;15,6;17,8
NL:S:47640290;Cröddenbrug;Deventer;0,2;0,2;0,1;0,0;0,0;0,0
NL:S:47640370;De Bekkumer;Deventer;22,6;24,5;11,5;10,2;4,7;7,2
NL:S:47640410;Snippeling;Deventer;50,1;45,9;13,1;11,0;7,2;6,8
NL:S:47640540;Verpl. P.W. Janssen;Deventer;4,2;4,7;3,6;4,8;1,8;4,8
NL:S:47640550;Rostockstraat;Deventer;1,7;1,6;0,0;0,0;0,0;0,0
NL:S:47640570;Koningsbergenstraat;Deventer;5,1;7,3;0,0;0,0;0,0;0,0
NL:S:47640590;Arnsbergstraat;Deventer;6,5;8,3;0,0;0,0;0,0;0,0
NL:S:47640680;Runshoppingcentre;Deventer;10,5;10,3;6,2;7,6;3,0;4,2
NL:S:47640710;David Wijnveldtweg;Deventer;14,4;14,5;8,1;10,4;4,2;5,4
NL:S:47640730;Albertus van Leusenweg;Deventer;61,0;60,2;26,1;29,5;15,5;17,7
NL:S:47640750;Alphons Diepenbrocklaan;Deventer;132,5;137,9;60,9;67,4;29,2;33,2
NL:S:47640830;De Knoop;Deventer;42,8;52,0;26,4;29,4;13,5;12,7
NL:S:47640900;St. Jozef verpleeghuis;Deventer;19,0;18,8;5,5;5,4;4,9;4,2
NL:S:47640920;Wezenland;Deventer;14,2;19,2;5,5;6,4;5,3;5,0
NL:S:47641000;Station;Deventer;1845,4;1669,5;809,5;690,8;465,8;356,6
NL:S:47641130;Deltaplein;Deventer;31,4;27,6;16,6;14,5;12,3;15,2
NL:S:47641150;Douwelerwetering;Deventer;28,0;22,9;10,2;9,1;6,7;9,1
NL:S:47641170;Biesboschlaan;Deventer;19,1;14,9;8,5;6,4;4,9;6,4
NL:S:47641190;Amstellaan;Deventer;28,9;33,6;5,1;5,9;3,1;3,7
NL:S:47641240;Kleine Vos;Deventer;2,8;1,5;1,7;1,0;2,4;0,8
NL:S:47641280;Zwaluwenburg;Deventer;24,3;15,2;13,4;11,8;6,4;6,1
NL:S:47641300;Toutenburg;Deventer;10,4;9,5;7,2;5,6;2,4;4,7
NL:S:47641320;Slangenburg;Deventer;3,6;2,1;1,4;1,7;0,8;1,7
NL:S:47641370;Fonteinkruid;Deventer;22,8;11,0;16,3;10,0;8,3;6,8
NL:S:47641410;Dovenetel;Deventer;10,6;7,8;8,6;6,3;4,1;4,5
NL:S:47641430;Wkc Colmschate;Deventer;31,7;28,8;24,2;22,4;9,3;14,7
NL:S:47641450;Roessinksweg;Deventer;4,5;1,1;1,5;0,1;0,8;0,0
NL:S:47641470;Oxersteeg;Deventer;7,6;3,4;4,8;2,4;1,5;1,1
NL:S:47641490;Magnolia;Deventer;12,8;4,6;6,3;2,2;3,4;1,6
NL:S:47641530;Hondsroos;Deventer;4,9;5,9;2,3;3,6;0,9;2,2
NL:S:47641550;Siemelinksweg;Deventer;6,2;4,3;4,0;3,0;1,3;2,6
NL:S:47641610;Bonenkamp;Deventer;6,8;7,9;5,3;6,3;2,0;2,3
NL:S:47641630;Hannie Schaftpad;Deventer;10,3;10,0;5,6;6,8;3,2;3,8
NL:S:47641670;J. Naberstraat;Deventer;19,6;17,2;10,6;10,1;4,7;4,2
NL:S:47641730;Solingenstraat;Deventer;7,0;6,8;1,0;0,8;0,2;0,2
NL:S:47641750;Sallcon;Deventer;5,9;8,8;0,0;0,0;0,0;0,0
NL:S:47641790;Maagdenburg;Deventer;6,3;8,7;0,2;0,5;0,2;0,2
NL:S:47641940;Teugseplein;Deventer;2,2;1,3;0,0;0,0;0,0;0,0
NL:S:47642030;Schurenstraat;Deventer;39,1;44,6;10,6;13,3;5,3;5,9
NL:S:47642050;Oude Begraafplaats;Deventer;3,3;3,7;1,1;1,4;0,6;1,3
NL:S:47642072;IJ. de Schepperstraat;Deventer;10,0;10,9;3,9;2,8;1,9;2,4
NL:S:47642090;Dapperstraat;Deventer;18,0;19,2;11,1;10,8;3,7;4,7
NL:S:47642110;Van Marckelplein;Deventer;14,1;9,6;8,3;6,7;2,2;2,2
NL:S:47642150;Wkc Keizerslanden;Deventer;53,4;50,2;34,8;34,0;13,5;15,5
NL:S:47642170;Balderikstraat;Deventer;39,8;34,9;15,9;16,9;11,2;6,8
NL:S:47642190;Ludgerstraat;Deventer;17,8;15,5;6,6;8,8;3,4;3,2
NL:S:47642210;Beeckestein;Deventer;12,7;17,9;6,1;10,2;1,7;3,0
NL:S:47642230;Wkc Borgele;Deventer;44,5;34,7;29,5;20,6;10,6;10,2
NL:S:47642250;Beugelskamp;Deventer;11,2;9,1;8,4;5,4;3,3;3,5
NL:S:47642270;Het Vlier;Deventer;24,7;25,5;15,5;19,1;5,6;7,2
NL:S:47642290;Thomas Wildey;Deventer;4,5;10,2;3,8;10,8;3,1;3,7
NL:S:47642320;Platvoet;Deventer;44,5;44,2;23,5;23,1;11,8;16,4
NL:S:47643050;Nijverheidstraat;Deventer;6,8;5,5;0,9;1,9;0,6;0,8
NL:S:47643070;Rijsterborgherweg;Deventer;11,5;13,8;6,1;8,1;1,3;2,0
NL:S:47643110;Radstakeweg;Deventer;15,2;13,3;6,6;7,1;2,3;3,4
NL:S:47643150;Erasmusstraat;Deventer;4,1;45,9;1,8;4,1;1,2;1,6
NL:S:47643170;Zamenhofplein;Deventer;65,9;31,8;21,7;18,0;8,9;7,8
NL:S:47643190;Vermeerstraat;Deventer;26,2;26,5;13,2;12,5;4,6;6,0
NL:S:47643210;Moreelsestraat;Deventer;16,9;14,1;10,5;10,1;3,8;4,5
NL:S:47643230;Rubensstraat;Deventer;16,3;14,9;11,3;9,5;3,4;3,5
NL:S:47643250;Sportveldenlaan;Deventer;6,3;9,3;3,4;3,8;2,2;2,0
NL:S:47643270;Verpleeghuis St. Jurrien;Deventer;9,9;8,4;7,5;6,2;4,2;3,7
NL:S:47643290;Joost van de Vondellaan;Deventer;8,4;6,8;4,8;4,5;2,4;3,2
NL:S:47643310;Lookersdijk;Deventer;3,0;2,6;2,6;2,8;1,0;1,3
NL:S:47643960;Beestenmarkt;Deventer;12,7;28,1;4,6;8,8;1,9;4,1
NL:S:47643990;Bleekstraat;Deventer;1,7;0,8;0,9;0,3;0,6;0,1
NL:S:47644000;Veenweg;Deventer;6,4;8,4;2,0;3,0;1,1;1,7
NL:S:47644060;Hunneperweg;Deventer;1,1;9,7;0,2;3,2;0,1;0,7
NL:S:47644080;Fesevurstraat;Deventer;13,6;15,7;5,4;7,8;3,9;5,1
NL:S:47644110;Cornelis Lelylaan;Deventer;68,0;68,1;31,4;32,7;15,2;17,2
NL:S:47644150;Mecklenburgstraat;Deventer;12,9;8,7;8,8;5,2;4,3;3,6
NL:S:47644170;Keizer Karellaan;Deventer;8,5;7,5;2,0;2,2;0,9;1,3
NL:S:47644230;Kon. Wilhelminalaan;Deventer;10,4;9,6;4,8;2,9;2,1;2,2
NL:S:47644290;Europaplein;Deventer;8,1;17,7;4,5;3,7;1,7;1,9
NL:S:47644310;Papenblik;Deventer;1,8;2,6;0,8;1,6;0,2;0,4
NL:S:47644370;Visbystraat;Deventer;11,3;11,3;0,0;0,0;0,0;0,0
NL:S:47645001;Splithofstraat;Deventer;11,4;12,9;10,9;11,1;3,6;2,3
NL:S:47645020;Prinses Margrietstraat;Deventer;10,2;8,3;7,8;6,2;3,3;4,0
NL:S:47645083;Ziekenhuis;Deventer;118,0;120,7;19,6;21,8;12,8;16,1
NL:S:47645090;Prins Bernhardweg;Schalkhaar;5,9;5,8;2,7;2,8;1,5;1,7
NL:S:47645110;Oerdijk;Schalkhaar;2,6;2,8;1,8;1,7;0,8;0,8
NL:S:47645150;Westenberg;Schalkhaar;20,9;23,0;11,8;14,1;6,8;11,4
NL:S:47645170;Kerkweg;Schalkhaar;11,5;9,2;7,9;6,2;4,8;3,3
NL:S:47646030;Industrieweg;Deventer;1,6;2,5;0,0;0,0;0,0;0,0
NL:S:47648050;Schooldijk;Lettele;0,2;0,2;0,0;0,1;0,0;0,0
NL:S:47649001;Station Colmschate;Deventer;16,2;20,0;8,1;11,5;5,1;11,1
NL:S:47649010;Westfalenstraat;Deventer;17,9;17,0;1,0;1,9;0,4;0,7
NL:S:47649040;Wijtenhorst;Deventer;10,8;12,3;5,1;6,4;2,8;3,1
NL:S:47649170;Radboudlaan;Deventer;9,1;7,4;2,9;2,2;1,2;0,9
NL:S:47831503;Boerhaar;Boerhaar;0,3;0,1;0,0;0,1;0,0;0,0
NL:S:47831611;Station;Wijhe;2,1;3,1;0,3;0,3;0,0;0,0
NL:S:47839001;Havenpoort;Wijhe;0,2;0,1;0,0;0,0;0,0;0,0
NL:S:47850010;Kerk;Boskamp;0,2;0,2;0,0;0,1;0,0;0,0
NL:S:47850030;Stenen Kruis;Eikelhof;0,0;0,0;0,0;0,0;0,0;0,0
NL:S:47890001;Osnabruckstraat;Deventer;0,1;0,1;0,0;0,0;0,0;0,0
NL:S:47892001;Schouwburg/Centrum;Deventer;25,6;37,5;27,0;43,0;8,0;18,1
NL:S:47899001;Syntus/Van Wijnen;Deventer;3,9;2,6;0,0;0,0;0,0;0,0
NL:S:47899901;Cröddendijk;Deventer;0,2;0,5;0,1;0,1;0,0;0,0
NL:S:47899903;De Scheg;Deventer;74,6;137,6;41,4;79,4;15,4;36,0
NL:S:47899909;Huize Salland;Deventer;28,7;38,3;8,3;14,5;5,4;6,9
NL:S:47899913;Brandweerdam;Deventer;13,9;15,8;2,1;3,4;1,0;1,7
NL:S:47909001;Oostriklaan;Deventer;10,5;17,8;6,8;10,8;3,6;7,9
NL:S:58520010;Busstation 't Oor;Almere Stad;0,0;0,0;0,0;0,0;0,0;0,0
NL:S:58650050;Stedenwijk Zuid;Almere Stad;0,0;0,0;0,0;0,0;0,0;0,0
NL:S:58650350;Passage;Almere Stad;0,0;0,0;0,0;0,0;0,0;0,0
NL:S:58650430;Stadhuisplein;Almere Stad;0,0;0,0;0,0;0,0;0,0;0,0
NL:S:40451034;Laan van Westenenk;Apeldoorn;10,9;49,7;0,0;0,0;0,0;0,0
NL:S:40451075;Kapelmeestershoeve;Apeldoorn;15,0;15,6;9,4;11,3;4,9;8,8
NL:S:40451077;De Eglantier;Apeldoorn;79,6;82,0;70,7;69,6;35,3;34,9
NL:S:40451096;Laan van Erica;Apeldoorn;12,0;11,4;7,0;8,7;4,8;5,9
NL:S:40451097;Jaromirgaarde;Apeldoorn;16,4;18,4;10,7;11,0;4,9;6,6
NL:S:40451099;Rademakersdonk;Apeldoorn;17,0;16,9;11,1;13,9;8,5;9,7
NL:S:40451101;Valkeniersdonk;Apeldoorn;18,2;4,5;7,8;5,0;5,0;3,4
NL:S:40451103;Turfstekershoeve;Apeldoorn;26,5;7,9;12,8;7,7;5,9;3,5
NL:S:40451128;Burgersveld;Apeldoorn;3,0;14,8;1,4;7,6;1,5;4,0
NL:S:40451143;Soldeniersveld;Apeldoorn;9,9;6,9;6,8;6,1;3,8;3,6
NL:S:40451145;Schepenenveld;Apeldoorn;8,6;10,3;5,0;5,8;2,6;3,1
NL:S:40451153;Griffiersveld;Apeldoorn;4,3;6,3;1,7;2,3;1,6;1,6
NL:S:40451161;Pottenbakkersdonk;Apeldoorn;12,3;12,4;6,3;8,4;2,7;4,1
NL:S:40451163;Raadsherenveld;Apeldoorn;10,3;9,9;5,3;5,5;3,3;2,9
NL:S:40451165;Rentmeestersveld;Apeldoorn;13,0;10,0;10,3;7,7;5,6;3,5
NL:S:40451169;Zilversmidshoeve;Apeldoorn;4,8;7,2;2,6;4,5;2,2;2,4
NL:S:40451172;Marskramersdonk;Apeldoorn;3,3;8,7;2,8;6,3;1,4;4,0
NL:S:40451181;Ferguutgaarde;Apeldoorn;16,5;5,4;8,2;4,2;6,4;3,0
NL:S:40451182;De Heemgaard;Apeldoorn;19,2;7,7;4,0;3,6;4,0;2,5
NL:S:40451252;Kooikersdreef;Apeldoorn;17,6;17,1;12,2;11,6;6,2;6,5
NL:S:40451259;Parlevinkershoeve;Apeldoorn;8,5;14,6;6,5;9,4;3,5;4,3
NL:S:40451305;Minden;Apeldoorn;4,1;4,9;2,4;2,8;0,6;1,2
NL:S:40451333;Ekro;Apeldoorn;13,0;14,3;0,0;0,0;0,0;0,0
NL:S:40451343;Waagmeestershoeve;Apeldoorn;8,8;13,6;4,8;7,3;2,9;4,8
NL:S:40451347;Boswachtersveld;Apeldoorn;14,2;12,5;7,2;6,2;4,6;4,2
NL:S:40451351;Eglantierlaan;Apeldoorn;10,7;6,1;6,2;6,8;2,5;3,9
NL:S:40471126;Beeklustweg;Apeldoorn;2,9;3,9;1,4;2,5;0,7;0,8
NL:S:40471131;De Ugchelse Kei;Apeldoorn;11,9;2,9;8,4;2,5;3,0;1,1
NL:S:40471152;Randerode;Apeldoorn;12,8;7,4;6,4;4,2;5,3;4,3
NL:S:40471170;Middachten;Apeldoorn;13,3;11,5;8,3;7,6;3,2;3,6
NL:S:40471175;Vlietweg;Apeldoorn;21,6;18,8;6,8;6,8;4,6;3,3
NL:S:40471295;Ugchelse Grensweg;Apeldoorn;7,8;0,9;5,7;0,6;2,2;0,1
NL:S:40471301;Richtersweg;Apeldoorn;4,7;14,2;2,7;11,9;1,2;3,6
NL:S:40471319;Hulkestein;Apeldoorn;1,9;5,3;2,8;4,3;0,4;1,0
NL:S:40471327;G.P. Duuringlaan;Apeldoorn;6,6;11,3;5,3;9,8;1,9;3,4
NL:S:40471338;Derk Kamphuisweg;Apeldoorn;9,5;12,0;4,9;6,2;1,4;3,3
NL:S:40471434;Heidehof;Apeldoorn;3,3;3,7;3,2;3,8;2,3;2,6
NL:S:40471467;Gelre Ziekenhuis;Apeldoorn;145,3;151,2;23,8;24,3;17,7;17,3
NL:S:40551001;Station;Apeldoorn;2725,5;2575,7;1044,8;936,3;727,7;608,4
NL:S:40551003;Marktplein;Apeldoorn;263,4;257,3;269,5;244,5;57,1;53,4
NL:S:40551005;Oranjepark;Apeldoorn;14,9;25,5;9,4;9,1;4,7;5,6
NL:S:40551013;De Jagershuizen;Apeldoorn;11,8;11,0;9,1;8,0;3,6;3,0
NL:S:40551019;Hoofdstraat;Apeldoorn;279,4;295,0;209,3;246,8;61,8;61,6
NL:S:40551021;Amaliapark;Apeldoorn;42,4;38,1;21,0;23,4;9,8;13,1
NL:S:40551023;Zichtweg;Apeldoorn;24,0;17,5;8,8;8,9;4,4;4,9
NL:S:40551025;Eendrachtstraat;Apeldoorn;11,8;23,7;4,5;9,7;1,5;4,9
NL:S:40551027;Aluminiumweg;Apeldoorn;27,3;35,9;11,2;18,6;2,7;8,9
NL:S:40551029;Sebastiaanplein;Apeldoorn;0,8;15,1;0,5;4,3;0,2;3,1
NL:S:40551031;Chopinlaan;Apeldoorn;3,5;13,6;1,2;2,3;0,6;1,4
NL:S:40551039;Bosweg;Apeldoorn;0,9;10,3;0,7;3,8;0,1;1,5
NL:S:40551044;Bilderdijklaan;Apeldoorn;7,4;4,2;4,1;2,4;3,0;1,2
NL:S:40551045;Grote Kerk;Apeldoorn;1,2;14,6;1,5;9,5;0,2;1,8
NL:S:40551047;Gedenknaald;Apeldoorn;2,3;7,9;1,5;7,4;1,2;2,1
NL:S:40551051;Oosterlaan;Apeldoorn;4,6;3,9;1,6;1,9;1,4;0,8
NL:S:40551053;Pinksterbloem;Apeldoorn;24,9;20,4;14,4;12,9;6,8;6,0
NL:S:40551057;Fauststraat;Apeldoorn;24,1;28,1;22,7;22,3;12,9;11,8
NL:S:40551063;Brug Deventerstraat;Apeldoorn;10,2;12,5;3,2;4,0;2,5;3,2
NL:S:40551065;Julianakerk;Apeldoorn;5,4;8,1;2,1;3,2;1,7;2,7
NL:S:40551072;GGNet;Apeldoorn;8,0;9,9;0,8;0,9;0,9;4,5
NL:S:40551079;Gijsbrechtgaarde;Apeldoorn;14,6;17,6;10,9;13,1;6,6;9,0
NL:S:40551081;Welgelegenbrug;Apeldoorn;20,1;27,4;9,1;10,2;4,2;5,7
NL:S:40551087;Apenheul;Apeldoorn;42,2;40,2;46,1;38,4;40,9;32,7
NL:S:40551089;J. Fruytierschool;Apeldoorn;90,0;45,5;20,4;18,3;9,4;9,3
NL:S:40551091;Wagenmakershoek;Apeldoorn;10,7;16,0;9,9;12,0;4,6;5,7
NL:S:40551093;Glazeniershorst;Apeldoorn;33,3;42,8;33,7;34,2;22,2;22,2
NL:S:40551109;Balustrade;Apeldoorn;29,3;23,8;11,0;10,2;5,6;8,1
NL:S:40551111;Houttuinen Noord;Apeldoorn;24,3;22,1;11,3;12,6;7,2;7,9
NL:S:40551113;Belastingkantoor;Apeldoorn;133,9;195,2;8,5;24,5;4,3;14,6
NL:S:40551119;IJsselstraat;Apeldoorn;22,9;16,0;9,8;7,5;6,1;4,1
NL:S:40551120;Aristotelesstraat;Apeldoorn;22,2;32,9;7,6;15,5;4,0;8,1
NL:S:40551124;Bibliotheek;Apeldoorn;19,9;29,5;8,3;14,6;5,2;10,3
NL:S:40551133;Blekersweg;Apeldoorn;5,6;4,5;2,4;2,0;1,6;1,1
NL:S:40551135;Dianalaan;Apeldoorn;3,2;4,4;1,7;2,5;0,9;1,2
NL:S:40551137;Eburonenstraat;Apeldoorn;6,4;13,6;3,8;11,4;3,3;5,6
NL:S:40551139;De Tol;Apeldoorn;26,0;27,5;13,6;19,8;6,3;8,2
NL:S:40551141;Georg Hegelstraat;Apeldoorn;40,3;27,2;19,7;18,0;12,7;11,5
NL:S:40551146;Burg. des Tombeplein;Apeldoorn;8,9;9,8;4,1;4,3;2,3;2,8
NL:S:40551154;Leienplein;Apeldoorn;19,0;24,8;18,7;22,7;4,2;6,4
NL:S:40551156;Oranjerie;Apeldoorn;5,1;8,7;3,0;5,6;1,9;3,3
NL:S:40551158;Politiebureau;Apeldoorn;12,0;10,8;8,8;6,6;4,3;3,4
NL:S:40551162;Staringlaan;Apeldoorn;15,2;3,4;10,2;5,0;4,1;1,2
NL:S:40551166;Schuttersweg;Apeldoorn;23,8;18,4;6,5;6,8;3,7;3,6
NL:S:40551176;Laan v/d Mensenrechten;Apeldoorn;4,3;2,0;2,2;0,8;1,0;0,7
NL:S:40551177;Imkersdreef;Apeldoorn;21,2;22,2;9,1;9,3;5,1;6,7
NL:S:40551179;Hoenderparkweg;Apeldoorn;31,5;29,5;17,8;17,1;10,3;8,6
NL:S:40551185;Het Schip;Apeldoorn;13,5;11,6;8,0;8,5;2,9;3,4
NL:S:40551187;Het Firmament;Apeldoorn;20,5;9,5;11,1;6,0;4,5;2,7
NL:S:40551189;Linie;Apeldoorn;30,5;46,8;23,3;29,8;8,6;13,3
NL:S:40551191;Dennenkamp;Apeldoorn;25,8;20,2;10,7;8,0;5,2;4,7
NL:S:40551193;Wildernislaan;Apeldoorn;2,0;2,6;1,1;1,2;0,5;0,6
NL:S:40551195;Zonnewende;Apeldoorn;10,7;10,3;4,2;4,2;1,9;1,9
NL:S:40551197;Top Naeffstraat;Apeldoorn;22,7;21,9;10,3;8,8;5,4;6,8
NL:S:40551200;Ritbroekstraat;Apeldoorn;6,2;9,0;1,9;2,9;1,5;1,9
NL:S:40551204;Pr. W. Alexanderlaan;Apeldoorn;9,1;11,3;2,7;4,7;1,5;2,3
NL:S:40551212;Schopenhauerstraat;Apeldoorn;13,9;12,9;7,9;7,9;4,0;4,3
NL:S:40551213;Mandala/Kazerne;Apeldoorn;54,0;55,6;19,8;27,2;13,4;39,0
NL:S:40551218;Christiaan Geurtsweg;Apeldoorn;0,8;0,5;0,4;0,2;0,1;0,3
NL:S:40551222;Asselsestraat;Apeldoorn;8,2;10,8;3,4;6,2;2,5;4,5
NL:S:40551224;Driehuizerweg;Apeldoorn;19,9;12,0;10,9;8,3;5,5;4,7
NL:S:40551238;Winkelc. De Mheen;Apeldoorn;35,4;43,3;23,0;27,8;10,5;11,9
NL:S:40551240;Kruizemuntstraat;Apeldoorn;8,3;9,4;5,0;7,0;3,2;3,7
NL:S:40551244;Beethovenlaan;Apeldoorn;27,0;17,8;14,4;7,7;6,3;4,2
NL:S:40551246;Condorweg;Apeldoorn;1,2;6,5;0,2;0,5;0,2;0,7
NL:S:40551249;Goeman Borgesiusstraat;Apeldoorn;7,2;4,0;2,6;1,5;1,5;0,8
NL:S:40551257;Maasstraat;Apeldoorn;6,9;5,9;3,2;3,6;2,6;2,0
NL:S:40551266;Ravenweg;Apeldoorn;13,1;6,8;10,1;3,6;4,0;2,0
NL:S:40551267;Salomonszegel;Apeldoorn;58,9;71,3;38,5;40,9;14,6;21,6
NL:S:40551270;Schaperstraat;Apeldoorn;3,9;7,1;1,8;2,0;0,9;1,9
NL:S:40551271;Sporthal Zuiderpark;Apeldoorn;30,6;21,8;9,5;4,9;5,5;2,9
NL:S:40551275;Treubstraat;Apeldoorn;12,7;9,6;6,2;4,5;3,4;3,1
NL:S:40551276;Vaartse Rijn;Apeldoorn;14,7;16,1;8,5;8,2;4,0;4,4
NL:S:40551281;Vonderlaan;Apeldoorn;2,2;6,9;1,3;4,4;1,0;3,2
NL:S:40551284;Zevenhuizenseweg;Apeldoorn;7,9;9,3;5,0;6,4;3,3;3,4
NL:S:40551286;Zonnedauw;Apeldoorn;11,8;12,6;9,0;9,9;4,1;5,2
NL:S:40551288;Wilhelminapark;Apeldoorn;0,8;4,4;0,4;1,3;0,3;0,8
NL:S:40551290;Zwitsal;Apeldoorn;6,9;8,6;0,0;0,0;0,0;0,0
NL:S:40551293;Waltersingel;Apeldoorn;76,8;79,5;9,1;26,4;6,1;16,8
NL:S:40551298;Ruimzichtlaan;Apeldoorn;6,4;7,4;5,9;6,5;1,3;2,1
NL:S:40551302;Prinsenweide;Apeldoorn;10,5;9,2;0,0;0,0;0,0;0,0
NL:S:40551309;Lage Brink;Apeldoorn;1,8;2,0;0,0;0,0;0,0;0,0
NL:S:40551311;Lage Kamp;Apeldoorn;9,4;6,2;0,0;0,0;0,0;0,0
NL:S:40551315;Kathage;Apeldoorn;2,2;6,0;0,0;0,0;0,0;0,0
NL:S:40551317;Johan Steenbergenstraat;Apeldoorn;1,7;2,8;0,0;0,0;0,0;0,0
NL:S:40551320;Jachtlaan;Apeldoorn;16,2;13,5;4,2;3,7;4,4;2,8
NL:S:40551321;Hogekampweg;Apeldoorn;1,5;4,2;0,0;0,0;0,0;0,0
NL:S:40551323;Hezeweg;Apeldoorn;6,5;8,6;6,1;7,7;2,4;2,7
NL:S:40551325;Hattemseweg;Apeldoorn;9,6;8,2;0,8;1,0;0,3;0,4
NL:S:40551330;Erasmusstraat;Apeldoorn;187,7;135,1;0,0;0,0;0,0;0,0
NL:S:40551334;Elleboogweg;Apeldoorn;5,4;4,6;2,8;3,6;1,6;1,4
NL:S:40551336;Einsteinlaan;Apeldoorn;5,9;8,2;0,0;0,0;0,0;0,0
NL:S:40551340;Curiestraat;Apeldoorn;31,5;26,4;8,9;14,5;6,2;7,7
NL:S:40551345;2e Beukenlaan;Apeldoorn;2,0;3,4;2,6;3,4;0,6;1,2
NL:S:40551354;Kraaienweg;Apeldoorn;6,9;6,3;4,9;3,9;2,8;2,6
NL:S:40551362;Auroralaan;Apeldoorn;13,6;14,3;6,2;8,1;2,6;3,6
NL:S:40551370;Kinderboerderij Laag Buurlo;Apeldoorn;22,9;24,7;11,0;14,7;5,8;8,3
NL:S:40551385;Dubbelbeek;Apeldoorn;9,6;7,6;5,1;4,4;2,4;3,3
NL:S:40551388;Ordenplein;Apeldoorn;35,7;46,2;17,8;20,7;8,5;9,8
NL:S:40551422;Tangostraat;Apeldoorn;16,0;17,8;11,3;12,6;5,0;7,3
NL:S:40551424;Citroenvlinder;Apeldoorn;52,5;48,0;23,5;23,1;10,5;10,4
NL:S:40551428;Zuidbroek;Apeldoorn;3,2;2,5;4,4;1,7;0,4;0,4
NL:S:40551430;De Spinozastraat;Apeldoorn;22,2;18,9;12,5;10,5;6,9;7,6
NL:S:40551451;Beatrixlaan;Apeldoorn;8,2;8,8;2,0;2,5;0,8;0,9
NL:S:40551455;Lekstraat;Apeldoorn;26,0;26,5;16,2;15,5;8,4;8,8
NL:S:40551469;Bartelsweg;Apeldoorn;9,9;10,1;2,0;3,2;1,9;2,2
NL:S:40551473;Aidastraat;Apeldoorn;34,5;26,8;33,3;26,0;21,4;17,1
NL:S:40551476;De Veenkamp;Apeldoorn;43,3;5,0;33,2;2,5;13,9;0,9
NL:S:40551477;Bas Backerlaan;Apeldoorn;13,0;3,8;5,6;1,7;3,0;0,4
NL:S:40551503;De Bovenkruier;Apeldoorn;16,9;18,2;9,4;11,3;5,8;8,3
NL:S:40551505;Wilhelm Tellstraat;Apeldoorn;12,7;15,6;7,4;9,3;5,4;5,2
NL:S:40551509;Hoenderloseweg;Apeldoorn;4,0;6,4;1,9;3,5;0,9;1,7
NL:S:40551513;Oesterzwam;Apeldoorn;26,8;24,1;15,1;14,2;6,5;7,5
NL:S:40551515;Saba;Apeldoorn;12,8;14,2;0,0;0,0;0,0;0,0
NL:S:40551994;Arendsburght;Apeldoorn;7,2;7,9;8,4;11,2;2,5;2,7
NL:S:41601073;Drostendijk;Apeldoorn;1,1;1,2;0,1;0,1;0,0;0,1
NL:S:41607001;Woudweg;Teuge;1,2;1,3;0,3;0,1;0,0;0,0
NL:S:41607003;De Wacht;Teuge;1,6;2,1;0,7;0,7;0,3;0,2
NL:S:41607011;'t Wezeveld;Twello;0,2;0,6;0,0;0,1;0,0;0,1
NL:S:41607013;Rijksstraatweg;Teuge;3,8;4,5;1,4;1,8;0,4;0,6
NL:S:41706001;Station;Twello;2,3;13,1;0,4;1,9;0,1;0,6
NL:S:41706003;Gemeentehuis;Twello;8,6;9,5;1,0;1,4;0,6;0,7
NL:S:41706005;M. de Ruyterstraat;Twello;2,4;1,7;0,3;0,3;0,1;0,2
NL:S:41706007;Piet Heinstraat;Twello;6,7;6,1;0,1;0,0;0,0;0,0
NL:S:41706011;Beethovenlaan;Twello;0,5;0,3;0,0;0,1;0,0;0,0
NL:S:41706014;Bachstraat;Twello;3,0;2,1;0,2;0,1;0,1;0,1
NL:S:41706018;Molenstraat;Twello;2,8;2,3;0,1;0,0;0,0;0,0
NL:S:41706020;Oude Rijksstraatweg;Twello;1,6;1,1;0,2;0,0;0,0;0,0
NL:S:41706027;Stationsstraat;Twello;0,1;0,6;0,0;0,1;0,0;0,1
NL:S:60000094;Aalbert Cuyplaan;Apeldoorn;16,0;22,3;10,0;15,1;6,1;7,2
NL:S:60000102;Burg. Rosmalen Nepveulaan;Apeldoorn;3,2;3,5;2,5;3,6;1,5;1,9
NL:S:60000108;De Cloese;Apeldoorn;17,7;13,7;8,7;8,6;4,1;3,0
NL:S:60000111;Edelweisslaan;Apeldoorn;1,4;6,9;1,1;4,3;0,4;1,2
NL:S:60000113;Emmaplein;Apeldoorn;1,3;6,9;0,6;3,9;0,7;2,2
NL:S:60000115;Ferd. Bollaan;Apeldoorn;18,4;10,6;10,9;7,4;4,6;3,1
NL:S:60000125;Het Kasteel;Apeldoorn;11,8;15,2;9,2;9,6;3,7;5,2
NL:S:60000126;Hoge Dries;Apeldoorn;3,7;16,7;0,8;6,5;0,8;3,9
NL:S:60000134;Koning Lodewijklaan;Apeldoorn;11,6;6,9;9,2;6,7;3,9;2,1
NL:S:60000142;L. Biesterfeldstraat;Apeldoorn;20,5;20,7;8,5;9,9;2,9;3,6
NL:S:60000145;Marechausseekazerne;Apeldoorn;8,5;24,1;8,2;4,9;5,2;2,4
NL:S:60000148;Mauvestraat;Apeldoorn;32,6;19,9;19,7;12,9;11,0;8,4
NL:S:60000149;Marchantstraat;Apeldoorn;11,0;27,4;5,4;10,0;2,9;7,6
NL:S:60000153;Orderparkweg;Apeldoorn;7,8;3,1;4,2;1,9;2,1;0,6
NL:S:60000155;Orpheus;Apeldoorn;5,9;0,9;3,5;1,5;2,3;0,3
NL:S:60000158;FizzionParc;Apeldoorn;9,6;11,9;0,0;0,0;0,0;0,0
NL:S:60000159;Paulus Potterlaan;Apeldoorn;15,2;21,1;6,2;9,1;2,9;5,8
NL:S:60000160;Achmea;Apeldoorn;82,1;104,8;0,0;0,0;0,0;0,0
NL:S:60000161;Ptolemaeusstraat;Apeldoorn;13,1;9,1;6,3;6,1;0,0;0,0
NL:S:60000162;Pythagorasstraat;Apeldoorn;0,5;14,4;0,3;5,9;0,0;0,0
NL:S:60000167;Reigersweg;Apeldoorn;5,7;2,6;3,8;2,1;1,3;0,7
NL:S:60000168;Rembrandtlaan;Apeldoorn;30,6;25,3;16,4;15,7;8,1;7,8
NL:S:60000171;Robijnstraat;Apeldoorn;17,5;12,2;11,7;10,1;5,5;4,0
NL:S:60000172;De Savornin Lohmanstraat;Apeldoorn;9,9;16,5;1,7;5,8;0,8;3,7
NL:S:60000183;Stephensonstraat;Apeldoorn;19,1;65,2;12,6;16,9;5,7;7,8
NL:S:60000185;Talingweg;Apeldoorn;18,5;9,6;14,6;6,3;6,1;2,8
NL:S:60000186;Talma Borgh;Apeldoorn;16,6;27,1;12,1;17,0;6,2;9,1
NL:S:60000191;Treverilaan;Apeldoorn;7,7;4,1;4,2;2,4;4,2;1,3
NL:S:60000192;Tuinmanslaan;Apeldoorn;7,4;7,1;8,6;9,1;4,6;3,6
NL:S:60000195;Valeriuslaan;Apeldoorn;13,4;12,2;6,2;5,3;4,3;4,7
NL:S:60000196;Veenhuizerweg;Apeldoorn;5,6;0,5;4,5;0,3;1,8;0,0
NL:S:60000203;Zuster Meyboomlaan;Apeldoorn;5,8;14,2;4,9;10,1;2,5;5,9
NL:S:60001150;Mercatorplein;Apeldoorn;11,9;50,8;9,0;37,4;3,5;18,9
NL:S:60002204;Wulpenlaan;Apeldoorn;0,6;0,6;0,4;0,2;0,2;0,1
NL:S:60002205;Zanderijweg;Apeldoorn;16,0;5,0;11,3;3,1;5,3;1,8
NL:S:25839175;GSG Pieter Zandt;Kampen;24,7;30,5;0,0;0,0;0,0;0,0
NL:S:40001230;Landgoed Rosorum;Arnhem;9,4;24,6;2,7;5,1;1,3;3,6
NL:S:40001250;Schelmseweg;Arnhem;14,9;25,3;11,1;10,5;7,0;9,4
NL:S:40001260;Amsterdamseweg/Het Dorp;Arnhem;22,7;38,9;8,2;8,0;5,0;8,9
NL:S:40001730;Middenweg;Arnhem;1,3;0,4;0,0;0,0;0,0;0,0
NL:S:40001750;Marktplein (Geitenkamp);Arnhem;11,0;15,9;0,0;0,0;0,0;0,0
NL:S:40001770;Zaslaan;Arnhem;0,2;0,4;0,0;0,0;0,0;0,0
NL:S:40002901;Monnikensteeg;Arnhem;0,3;0,2;0,0;0,0;0,0;0,0
NL:S:40003030;Rozet;Arnhem;14,8;28,0;11,3;22,5;3,7;7,5
NL:S:40003570;Sonsbeek;Arnhem;123,5;128,1;14,5;28,1;12,7;31,2
NL:S:40003650;Wielewaalstraat/Hoogte80;Arnhem;1,4;0,9;0,0;0,0;0,0;0,0
NL:S:40003670;Dominee Bechtlaan;Arnhem;0,4;0,4;0,0;0,0;0,0;0,0
NL:S:40004001;Centraal Station;Arnhem;1179,3;777,7;373,5;259,1;256,0;182,3
NL:S:40004015;Willemsplein;Arnhem;434,6;477,3;198,8;192,7;119,3;109,6
NL:S:40004700;Lange Wal;Arnhem;11,9;11,6;4,9;6,5;1,1;2,3
NL:S:40004730;Keulse Slag;Arnhem;83,8;66,4;32,1;30,1;8,4;9,6
NL:S:40004750;Zuilesteinlaan/HTS;Arnhem;8,0;28,1;0,0;0,0;0,0;0,0
NL:S:40004780;Elsweide/HAN;Arnhem;11,3;0,2;0,0;0,0;0,0;0,0
NL:S:40005230;Kloosterstraat;Arnhem;2,0;0,4;0,0;0,0;0,0;0,0
NL:S:40005270;Brederostraat;Arnhem;0,6;0,2;0,0;0,0;0,0;0,0
NL:S:40005290;Couperusstraat;Arnhem;0,7;1,8;0,0;0,0;0,0;0,0
NL:S:40005500;Stadskantoor;Arnhem;21,7;24,1;3,8;6,8;1,5;2,3
NL:S:40006570;Badhuisstraat;Arnhem;12,3;10,9;7,0;6,7;1,4;0,9
NL:S:40006650;Van Oldenbarneveldtstraat;Arnhem;9,7;20,6;2,0;1,7;0,8;0,4
NL:S:40006670;Haven;Arnhem;8,1;10,0;2,8;2,8;0,7;1,4
NL:S:40006710;Kleefse Waard;Arnhem;36,6;59,9;2,9;3,0;0,4;1,0
NL:S:40006731;Bruningweg;Arnhem;25,5;33,7;1,1;1,1;0,2;0,2
NL:S:40006750;P. Calandweg;Arnhem;8,4;8,3;3,2;2,7;0,8;0,9
NL:S:40006770;Slaakweg;Arnhem;8,0;9,0;3,1;4,1;0,8;1,6
NL:S:40008550;Centraal Station (Sonsbeek);Arnhem;92,8;98,9;29,6;42,0;25,9;31,3
NL:S:40008570;Burg. Weertsstraat;Arnhem;16,3;30,2;9,7;16,5;4,5;11,9
NL:S:40008840;Brekelenkampstraat;Arnhem;10,8;10,8;5,8;4,8;2,1;2,4
NL:S:40009012;Eusebiuskerk;Arnhem;24,6;54,2;19,4;35,6;6,4;9,3
NL:S:40009019;Dr. C. Lelyweg Zuid;Arnhem;8,5;16,0;4,4;3,5;1,2;0,4
NL:S:40009043;Saksen Weimar Kazerne;Arnhem;0,3;12,6;0,0;0,0;0,0;0,0
NL:S:40009065;Dalweg;Arnhem;22,2;35,7;8,7;13,2;5,7;10,7
NL:S:40009067;De Braamberg;Arnhem;56,8;84,0;10,5;16,5;8,1;14,0
NL:S:40009069;Moscowa;Arnhem;93,7;106,4;20,5;28,0;14,9;20,0
NL:S:40009580;CIOS;Arnhem;3,9;0,2;0,0;0,0;0,0;0,0
NL:S:40059041;Golflinks;Arnhem;26,1;32,3;14,5;16,8;9,4;8,9
NL:S:40120030;Hotel De Roskam;Rheden;4,8;4,6;3,1;6,1;1,6;1,1
NL:S:40120050;Beekhuizenseweg;Velp;30,5;34,1;10,7;13,5;2,9;3,5
NL:S:40120070;A.G. Hofkeslaan;Velp;8,7;5,5;4,3;3,5;1,9;1,8
NL:S:40120110;Gasthuislaan;Velp;7,3;4,7;8,8;1,4;2,7;0,4
NL:S:40120140;Reigerstraat;Velp;1,9;3,7;0,5;3,0;0,3;1,0
NL:S:40120150;Gruttostraat;Velp;45,4;51,5;11,0;9,3;3,6;3,6
NL:S:40123990;Ziekenhuis/Waterstraat;Velp;28,1;22,6;19,3;16,3;5,1;6,6
NL:S:40124030;Haverland;Velp;11,1;7,1;12,6;7,1;3,3;3,1
NL:S:40124070;Graaf Gerhardstraat;Velp;23,6;17,8;9,5;6,3;3,1;2,8
NL:S:40129183;Graaf Ottostraat;Velp;14,5;11,2;15,1;9,0;3,9;4,3
NL:S:40129193;Oosterwolde;Velp;3,6;2,9;2,0;1,3;0,7;0,6
NL:S:40153001;Groenendaal;Terlet;0,0;0,0;0,0;0,1;0,0;0,2
NL:S:40153003;Terlet;Terlet;0,1;0,0;0,0;0,0;0,1;0,0
NL:S:40153004;Terlet;Arnhem;0,0;0,1;0,0;0,0;0,0;0,1
NL:S:40158004;Woeste Hoeve;Woeste Hoeve;0,3;0,3;0,3;0,2;0,4;0,1
NL:S:40160070;Maasbergseweg;Arnhem;0,3;16,4;0,1;5,5;0,1;4,1
NL:S:40160080;De Leeren Doedel;Arnhem;1,6;2,7;2,0;2,1;1,3;1,4
NL:S:40160110;De Vijverberg;Arnhem;0,5;0,6;0,5;0,4;0,4;0,6
NL:S:40160130;Klein Warnsborn;Arnhem;3,2;3,7;1,6;1,8;1,1;2,8
NL:S:40169091;Van der Valk Hotel Arnhem;Arnhem;46,2;94,5;33,6;38,2;16,5;28,3
NL:S:40169093;Revalidatie Centrum BIO;Arnhem;2,8;3,4;1,1;1,8;1,1;1,2
NL:S:40169095;Grijsoord;Arnhem;0,6;0,3;0,7;0,1;0,5;0,1
NL:S:40169098;'s-Koonings Jaght;Arnhem;36,5;46,1;12,3;15,4;8,1;10,0
NL:S:40258001;Schalterdalweg;Woeste Hoeve;7,3;8,7;6,7;8,4;5,8;6,1
NL:S:40269001;Oud Reemsterweg;Oud Reemst;1,9;1,5;1,9;1,2;0,9;0,6
NL:S:40269003;Huize Jeekel;Oud Reemst;0,3;0,2;0,5;0,6;0,1;0,2
NL:S:40300170;Telefoonweg;Renkum;2,4;1,1;0,0;0,0;0,0;0,0
NL:S:40344001;Apeldoornseweg;'s Heeren Loo;24,9;29,5;6,8;8,7;5,9;6,5
NL:S:40351001;Stoppelbergweg;Beekbergen;6,0;7,4;4,8;6,6;4,1;4,7
NL:S:40351003;Vossenfarm;Beekbergen;2,6;3,7;3,1;3,2;1,1;1,3
NL:S:40351006;Berg en Dalweg;Beekbergen;4,5;5,7;2,8;4,5;2,1;3,7
NL:S:40360001;'t Lage Veld;Otterlo;3,3;3,9;3,0;3,4;3,0;2,3
NL:S:40360003;De Zanding;Otterlo;9,3;10,3;4,5;5,3;5,1;3,8
NL:S:40360005;Onderlangs;Otterlo;12,8;13,8;6,4;6,4;4,6;3,7
NL:S:40360007;Centrum;Otterlo;30,5;28,0;30,0;26,5;25,5;21,4
NL:S:40360009;Rotonde;Otterlo;234,6;228,7;130,3;119,6;104,3;87,2
NL:S:40360019;Begraafplaats;Otterlo;0,5;0,4;0,5;0,6;0,6;0,7
NL:S:40361002;Museum Schietkamp;Harskamp;6,2;7,2;1,1;1,2;0,3;1,0
NL:S:40362008;Ingang Otterlo;De Hoge Veluwe;1,6;11,4;2,2;25,7;2,3;21,7
NL:S:40372001;Uitgang Hoenderloo;De Hoge Veluwe;0,1;0,1;0,8;1,2;1,0;0,9
NL:S:40372019;Elisabethweg;Hoenderloo;0,0;0,1;0,0;0,0;0,0;0,1
NL:S:40374001;Centrum;Hoenderloo;31,2;27,0;23,4;20,8;18,5;14,6
NL:S:40374005;Krimweg Dorp;Hoenderloo;6,7;9,9;5,4;6,3;4,6;3,9
NL:S:40374010;Bungalow Park;Hoenderloo;0,1;0,1;0,3;0,4;0,4;0,3
NL:S:40374011;Hoenderloo Groep;Hoenderloo;11,6;8,9;4,3;3,3;3,6;9,9
NL:S:40374013;Miggelenbergweg;Hoenderloo;21,2;22,5;13,6;17,5;11,3;14,3
NL:S:40400080;Arboretumlaan;Wageningen;1,0;10,3;1,5;9,1;2,1;13,9
NL:S:40402017;Bosweg;Bennekom;11,7;11,9;7,7;8,3;5,3;7,2
NL:S:40405000;Busstation;Wageningen;878,5;827,9;663,8;562,3;391,9;586,7
NL:S:40406007;Dolderstraat;Wageningen;28,7;21,4;20,3;14,3;13,2;16,3
NL:S:40406009;Nobelweg;Wageningen;100,5;62,6;75,2;39,4;44,7;78,9
NL:S:40406011;Mansholtlaan;Wageningen;15,8;22,7;8,7;3,8;4,6;8,5
NL:S:40406013;Buissteeg;Wageningen;7,0;7,2;6,8;6,2;5,1;6,4
NL:S:40406019;Haagsteeg;Wageningen;522,7;487,3;318,6;243,0;164,3;444,0
NL:S:40406021;Business- en Science Park;Wageningen;170,1;159,0;86,5;72,5;59,9;97,4
NL:S:40406023;Dijkgraaf;Wageningen;125,9;103,8;161,0;147,9;98,4;151,5
NL:S:40406025;Bornsesteeg;Wageningen;149,1;145,6;227,3;207,1;125,0;205,8
NL:S:40406027;Hoevestein;Wageningen;198,0;182,4;129,6;147,6;76,2;205,4
NL:S:40406029;Campus/Atlas;Wageningen;447,8;507,0;86,7;84,7;41,7;83,0
NL:S:40406051;Geertjesweg;Wageningen;28,3;18,7;19,2;11,4;13,9;13,4
NL:S:40407021;Mondriaanlaan;Wageningen;98,0;99,8;0,0;0,0;4,3;42,2
NL:S:40407023;Campus/Forum;Wageningen;463,9;413,7;0,0;0,0;2,4;62,3
NL:S:40432001;De Harmonie;Laag-Soeren;12,6;13,2;6,5;7,1;2,2;2,7
NL:S:40433002;'t Veentje;Eerbeek;1,3;1,8;0,9;1,1;0,4;0,4
NL:S:40441001;Harderwijkerweg;Loenen;5,3;6,3;6,8;2,4;0,4;0,4
NL:S:40441003;Bergakkerweg;Loenen;8,7;10,5;3,9;2,8;1,3;1,1
NL:S:40441005;Bruisbeek;Loenen;30,5;27,8;12,7;10,0;4,2;3,9
NL:S:40441007;Leeuwenbergweg;Loenen;18,4;21,3;7,0;8,2;2,1;1,9
NL:S:40441009;Hoge Bergweg;Loenen;14,4;16,2;8,4;7,9;4,0;2,0
NL:S:40441011;Hoofdweg;Lieren;0,7;0,1;0,0;0,0;0,0;0,0
NL:S:40441014;Voorsterweg;Lieren;3,4;3,5;0,0;0,0;0,0;0,0
NL:S:40451007;De Smittenberg;Beekbergen;47,7;58,9;28,7;34,3;21,7;28,6
NL:S:40451009;Hagenbrug;Beekbergen;45,6;48,2;22,4;25,0;12,2;13,2
NL:S:40451011;Engelanderweg;Beekbergen;4,2;4,8;1,6;2,0;0,9;1,2
NL:S:40451013;De Wipselberg;Beekbergen;4,1;5,0;4,0;3,9;1,6;1,0
NL:S:40451015;Hulleweg;Beekbergen;4,6;4,5;5,3;4,0;0,9;0,8
NL:S:40451017;Zonnehuis;Beekbergen;6,4;8,6;3,3;3,7;1,2;1,4
NL:S:40451019;Kerkweg;Beekbergen;19,2;11,5;12,8;10,6;3,5;2,2
NL:S:40451021;Koningsweg;Beekbergen;4,0;4,1;2,4;1,9;0,6;0,9
NL:S:40451034;Laan van Westenenk;Apeldoorn;43,5;33,8;3,6;3,8;2,0;2,1
NL:S:40451075;Kapelmeestershoeve;Apeldoorn;21,4;18,6;0,0;0,0;0,0;0,0
NL:S:40451077;De Eglantier;Apeldoorn;69,7;70,4;0,0;0,0;0,0;0,0
NL:S:40451096;Laan van Erica;Apeldoorn;18,1;18,8;0,0;0,0;0,0;0,0
NL:S:40451097;Jaromirgaarde;Apeldoorn;14,7;15,9;0,0;0,0;0,0;0,0
NL:S:40451099;Rademakersdonk;Apeldoorn;11,5;11,4;0,0;0,0;0,0;0,0
NL:S:40451101;Valkeniersdonk;Apeldoorn;15,3;19,2;0,0;0,0;0,0;0,0
NL:S:40451103;Turfstekershoeve;Apeldoorn;8,9;13,6;0,0;0,0;0,0;0,0
NL:S:40451105;Landdrostlaan;Apeldoorn;29,6;39,8;0,0;0,0;0,0;0,0
NL:S:40451143;Soldeniersveld;Apeldoorn;0,9;0,0;0,0;0,0;0,0;0,0
NL:S:40451181;Ferguutgaarde;Apeldoorn;7,1;7,1;0,0;0,0;0,0;0,0
NL:S:40451182;De Heemgaard;Apeldoorn;40,7;53,2;0,0;0,0;0,0;0,0
NL:S:40451252;Kooikersdreef;Apeldoorn;11,6;5,9;0,0;0,0;0,0;0,0
NL:S:40451259;Parlevinkershoeve;Apeldoorn;17,5;13,8;0,0;0,0;0,0;0,0
NL:S:40451351;Eglantierlaan;Apeldoorn;1,5;0,9;0,0;0,0;0,0;0,0
NL:S:40451402;Veldbrugweg;Lieren;1,0;1,2;0,0;0,0;0,0;0,0
NL:S:40451404;Tullekensmolenweg;Lieren;0,8;0,6;0,0;0,0;0,0;0,0
NL:S:40451406;Molenberg;Lieren;0,2;1,1;0,0;0,0;0,0;0,0
NL:S:40451408;Dorpshuis;Oosterhuizen;1,3;0,8;0,0;0,0;0,0;0,0
NL:S:40451412;Wittekruisweg;Oosterhuizen;0,7;0,8;0,0;0,0;0,0;0,0
NL:S:40451414;Vinkenkamp;Oosterhuizen;0,2;0,2;0,0;0,0;0,0;0,0
NL:S:40451416;Veendijk;Oosterhuizen;1,1;1,5;0,0;0,0;0,0;0,0
NL:S:40451418;Camping Bosgraaf;Oosterhuizen;0,1;0,2;0,0;0,0;0,0;0,0
NL:S:40451459;Achterste Kerkweg;Oosterhuizen;0,4;0,0;0,0;0,0;0,0;0,0
NL:S:40451461;Wilmersdorf;Apeldoorn;0,7;1,6;0,0;0,0;0,0;0,0
NL:S:40451501;Laan van Malkenschoten;Apeldoorn;172,8;149,3;15,6;18,3;9,3;7,0
NL:S:40459001;Aventurijn;Loenen;1,0;0,2;0,0;0,0;0,0;0,0
NL:S:40461003;Centrum;Harskamp;11,5;16,3;3,8;4,6;2,0;1,8
NL:S:40461005;De Spil;Harskamp;24,9;20,9;3,9;3,8;1,4;1,3
NL:S:40461007;Kraatsweg;Harskamp;35,9;34,5;8,9;8,8;3,7;4,3
NL:S:40461009;Radioweg;Harskamp;6,6;10,6;0,5;1,3;0,0;0,9
NL:S:40461011;Kraaikamperweg;Harskamp;5,9;1,4;1,9;0,4;0,8;0,3
NL:S:40461013;Hoog Buurloseweg;Harskamp;9,3;9,0;2,0;2,1;1,3;0,9
NL:S:40461015;Westenengerdijk;Harskamp;10,8;19,3;0,5;0,5;0,1;0,1
NL:S:40461017;Harscamp;Harskamp;14,7;14,2;4,5;5,0;2,2;1,2
NL:S:40463001;Hazendonkweg;Stroe;1,3;1,5;0,3;0,5;0,3;0,2
NL:S:40463004;Heetweg;Stroe;9,1;9,4;1,6;2,6;1,9;1,7
NL:S:40471170;Middachten;Apeldoorn;0,3;1,3;0,3;0,6;0,3;0,5
NL:S:40471175;Vlietweg;Apeldoorn;0,8;1,2;0,7;1,1;0,4;0,6
NL:S:40471228;Laan van Spitsbergen;Apeldoorn;24,8;23,3;7,2;7,0;5,1;6,1
NL:S:40471463;Hoog Buurloseweg;Hoenderloo;5,4;6,4;2,9;4,0;2,4;2,4
NL:S:40471465;Van der Valk/De Cantharel;Apeldoorn;12,1;16,5;10,3;11,8;7,9;12,2
NL:S:40471467;Gelre Ziekenhuis;Apeldoorn;2,2;2,4;1,7;1,5;1,5;1,1
NL:S:40480015;Kronkelweg;Hoenderloo;4,1;3,1;1,1;0,3;1,5;1,2
NL:S:40482003;Bezoekerscentrum;De Hoge Veluwe;1,9;1,9;4,0;3,0;3,7;2,8
NL:S:40482005;Krol. Muller Museum;De Hoge Veluwe;16,0;11,6;23,0;15,9;22,3;14,1
NL:S:40512001;Station Ede-Wageningen;Ede;3768,0;3704,0;1826,7;1934,4;2221,8;1163,7
NL:S:40512003;Moreelsestraat;Ede;13,5;12,7;4,7;4,8;1,9;1,1
NL:S:40512005;Vossenweg;Bennekom;30,5;24,1;19,1;15,7;12,4;18,2
NL:S:40512007;Ziekenhuis Gelderse Vallei;Ede;534,6;557,2;125,3;131,4;76,8;87,2
NL:S:40512009;Strooyweg;Bennekom;25,2;25,7;14,4;17,4;8,9;13,7
NL:S:40512011;Molenstraat;Bennekom;31,2;24,2;16,0;14,9;9,8;12,7
NL:S:40512013;Hof van St. Pieter;Bennekom;16,2;14,6;10,2;10,9;7,6;10,2
NL:S:40512015;Bart van Elstplantsoen;Bennekom;28,5;27,1;19,1;17,2;9,9;13,4
NL:S:40512019;Horalaan;Ede;24,7;33,0;5,3;6,2;3,2;4,9
NL:S:40512021;De Reehorst;Ede;11,9;11,3;2,5;4,8;2,1;2,2
NL:S:40512023;Bovenbuurtweg;Ede;392,9;409,7;47,6;47,2;34,8;39,0
NL:S:40512025;Jan Vermeerstraat;Ede;17,6;14,9;5,8;4,5;2,3;3,0
NL:S:40512027;Stadspoort;Ede;167,0;169,7;77,2;80,6;56,3;58,5
NL:S:40512031;Van Steenbergenweg;Ede;0,4;1,1;0,1;0,7;0,1;0,1
NL:S:40512033;Prof. Oudpark;Ede;6,9;5,7;2,8;3,0;1,8;1,7
NL:S:40512035;Coornhertstate;Ede;33,5;33,7;13,3;13,7;4,8;5,4
NL:S:40512037;'t Riet;Ede;50,7;47,7;10,1;10,6;4,1;4,5
NL:S:40512039;Ben Goerionsingel;Ede;6,4;7,6;1,9;3,0;1,2;1,1
NL:S:40512131;Kenniscampus;Ede;201,2;237,3;6,7;7,1;2,0;4,0
NL:S:40512153;De Gelderhorst;Ede;7,6;11,4;3,3;7,2;1,1;2,0
NL:S:40512201;Halderbrink;Bennekom;47,0;55,8;27,2;30,8;16,3;23,6
NL:S:40512203;Hoekelumse Brinkweg;Bennekom;12,0;13,2;7,8;8,0;5,9;6,1
NL:S:40512207;Heidelaan;Bennekom;10,5;16,7;6,3;8,9;3,8;7,7
NL:S:40513001;Cultura;Ede;0,0;0,1;0,0;0,0;0,0;0,0
NL:S:40513003;Mausoleum;Ede;0,0;0,0;0,0;0,0;0,0;0,0
NL:S:40513010;De Klinkenberg;Ede;0,4;0,3;0,1;0,1;0,0;0,0
NL:S:40513012;Bethanie;Ede;0,0;0,2;0,0;0,1;0,0;0,0
NL:S:40513013;Maanderzand;Ede;0,3;0,3;0,3;0,1;0,0;0,0
NL:S:40513015;Beatrixpark;Ede;0,3;0,3;0,0;0,1;0,0;0,0
NL:S:40513019;Zuiderkroon;Ede;0,5;0,3;0,1;0,2;0,0;0,0
NL:S:40513021;Albert Heijn XL;Ede;0,1;0,7;0,0;0,1;0,0;0,0
NL:S:40513027;Billitonlaan/Timorlaan;Ede;24,0;22,0;10,8;10,0;9,7;8,8
NL:S:40513029;Kerkweg;Ede;0,1;0,2;0,0;0,0;0,0;0,0
NL:S:40513031;Koekeltse Boslaan;Ede;25,0;24,5;8,8;9,8;3,4;6,3
NL:S:40513033;Langenberg;Ede;0,1;0,1;0,0;0,0;0,0;0,0
NL:S:40513035;Paasberg;Ede;0,0;0,1;0,0;0,0;0,0;0,0
NL:S:40513039;Belvedere;Ede;0,8;0,5;0,9;0,7;0,0;0,0
NL:S:40522125;La Vendula;Ede;0,8;1,2;0,5;0,4;0,3;0,4
NL:S:40528001;Roekelseweg;Wekerom;7,4;6,8;2,3;2,3;1,0;1,3
NL:S:40528003;Wekeromse Buurtweg;Wekerom;9,0;9,1;1,9;3,2;1,2;1,8
NL:S:40528006;Garage Veldhuizen;De Valk;0,4;0,8;0,0;0,0;0,0;0,0
NL:S:40528007;Kruispunt;Wekerom;34,2;30,8;5,6;4,7;1,7;1,8
NL:S:40528009;A.G. Wijersweg;Wekerom;5,2;1,1;0,0;0,1;0,0;0,0
NL:S:40528011;Dorpsplein;Wekerom;0,5;0,5;0,1;0,0;0,0;0,0
NL:S:40542001;Hallsebrug;Hall;0,8;0,7;0,2;0,0;0,0;0,0
NL:S:40543003;Coldenhovenseweg;Eerbeek;13,7;14,2;3,1;3,6;1,2;1,7
NL:S:40543005;Loubergweg;Eerbeek;24,9;23,2;5,7;4,9;2,6;1,7
NL:S:40543007;Centrum;Eerbeek;38,5;32,5;11,0;9,1;4,6;4,7
NL:S:40543009;Offenbachstraat;Eerbeek;95,4;89,9;28,9;28,4;7,4;8,7
NL:S:40543011;Ringlaan;Eerbeek;64,6;79,8;17,5;21,3;4,4;6,2
NL:S:40543013;Vondellaan;Eerbeek;42,3;36,1;12,1;10,0;3,3;3,3
NL:S:40543015;'t Hungeling;Eerbeek;0,5;0,6;0,0;0,3;0,0;0,0
NL:S:40543020;De Beekwal;Eerbeek;0,2;2,3;0,0;0,7;0,0;0,0
NL:S:40543027;Loenenseweg;Eerbeek;0,5;0,6;0,0;0,0;0,0;0,0
NL:S:40543028;Bijenkorf;Eerbeek;2,4;1,3;0,0;0,0;0,0;0,0
NL:S:40543030;Blekerserf;Eerbeek;0,5;1,1;0,0;0,0;0,0;0,0
NL:S:40543032;Ydinkerf;Eerbeek;0,8;0,7;0,0;0,0;0,0;0,0
NL:S:40543034;Odinkerf;Eerbeek;0,7;0,5;0,0;0,0;0,0;0,0
NL:S:40543051;Landal Coldenhove;Eerbeek;2,9;3,1;0,0;0,0;0,0;0,0
NL:S:40543061;Zwembad;Eerbeek;0,3;0,7;0,0;0,0;0,0;0,0
NL:S:40543077;Kloosterstraat;Eerbeek;0,3;0,1;0,0;0,0;0,0;0,0
NL:S:40543081;Boerhavenlaan;Eerbeek;1,0;1,1;0,5;0,5;0,0;0,0
NL:S:40548076;Dierenseweg;Eerbeek;0,4;1,0;0,0;0,0;0,0;0,0
NL:S:40550001;Van Haeftenkazerne;Apeldoorn;23,9;31,2;11,5;16,3;9,1;9,5
NL:S:40551001;Station;Apeldoorn;2077,3;1952,1;581,9;497,9;421,2;365,5
NL:S:40551003;Marktplein;Apeldoorn;313,2;314,1;127,5;139,4;44,7;47,3
NL:S:40551005;Oranjepark;Apeldoorn;47,0;51,1;11,8;22,3;7,9;10,3
NL:S:40551019;Hoofdstraat;Apeldoorn;211,0;205,8;136,2;143,4;49,4;47,8
NL:S:40551021;Amaliapark;Apeldoorn;57,0;76,8;30,1;37,8;20,5;22,6
NL:S:40551023;Zichtweg;Apeldoorn;41,8;42,3;18,2;18,5;11,3;11,1
NL:S:40551025;Eendrachtstraat;Apeldoorn;37,2;40,1;14,8;19,4;11,4;10,8
NL:S:40551027;Aluminiumweg;Apeldoorn;48,0;43,4;20,7;21,9;14,9;12,9
NL:S:40551029;Sebastiaanplein;Apeldoorn;30,4;46,5;11,0;16,2;8,5;8,4
NL:S:40551031;Chopinlaan;Apeldoorn;92,5;82,0;15,9;19,2;9,3;13,3
NL:S:40551036;Koningin Julianatoren;Apeldoorn;10,1;12,8;18,8;17,8;11,0;10,6
NL:S:40551037;Paleis Het Loo;Apeldoorn;31,1;14,0;7,6;5,7;5,1;3,3
NL:S:40551039;Bosweg;Apeldoorn;12,3;10,1;3,7;1,4;2,4;0,9
NL:S:40551045;Grote Kerk;Apeldoorn;57,4;58,0;29,0;32,8;15,5;20,8
NL:S:40551047;Gedenknaald;Apeldoorn;87,2;63,1;35,4;32,5;27,7;27,0
NL:S:40551051;Oosterlaan;Apeldoorn;13,2;15,8;0,0;0,0;0,0;0,0
NL:S:40551053;Pinksterbloem;Apeldoorn;37,3;37,0;0,0;0,0;0,0;0,0
NL:S:40551057;Fauststraat;Apeldoorn;71,0;68,2;0,0;0,0;0,0;0,0
NL:S:40551060;Laan van de Dierenriem;Apeldoorn;71,6;77,2;0,0;0,0;0,0;0,0
NL:S:40551061;Laan v/d Leeuw;Apeldoorn;36,7;44,6;0,0;0,0;0,0;0,0
NL:S:40551079;Gijsbrechtgaarde;Apeldoorn;21,0;20,3;0,0;0,0;0,0;0,0
NL:S:40551081;Welgelegenbrug;Apeldoorn;27,5;27,6;0,0;0,0;0,0;0,0
NL:S:40551089;J. Fruytierschool;Apeldoorn;215,2;258,8;0,0;0,0;0,0;0,0
NL:S:40551091;Wagenmakershoek;Apeldoorn;18,6;18,5;0,0;0,0;0,0;0,0
NL:S:40551093;Glazeniershorst;Apeldoorn;38,5;28,9;0,0;0,0;0,0;0,0
NL:S:40551177;Imkersdreef;Apeldoorn;14,4;12,6;0,0;0,0;0,0;0,0
NL:S:40551179;Hoenderparkweg;Apeldoorn;1,3;3,2;1,2;2,8;0,9;2,4
NL:S:40551213;Mandala/Kazerne;Apeldoorn;1,0;0,3;0,0;0,0;0,0;0,0
NL:S:40551218;Christiaan Geurtsweg;Apeldoorn;4,7;5,6;1,7;1,8;2,5;0,8
NL:S:40551226;Jean Monnetpark;Apeldoorn;11,5;12,4;2,0;2,5;2,1;1,8
NL:S:40551234;Schumanpark;Apeldoorn;11,3;13,4;0,9;1,1;1,1;1,6
NL:S:40551330;Erasmusstraat;Apeldoorn;20,7;32,3;0,0;0,0;0,0;0,0
NL:S:40551445;Omnisport;Apeldoorn;1,0;1,7;0,0;0,0;0,0;0,0
NL:S:40551473;Aidastraat;Apeldoorn;91,3;73,6;0,0;0,0;0,0;0,0
NL:S:40559001;Lange Amerikaweg;Apeldoorn;1,7;2,0;0,0;0,0;0,0;0,0
NL:S:40559003;Wkc Musketiersveld;Apeldoorn;0,3;1,9;0,0;0,0;0,0;0,0
NL:S:40563005;Topperweg;Stroe;5,9;4,4;1,3;0,8;0,4;0,3
NL:S:40563007;Kootwijkerdijk;Stroe;0,9;1,2;0,3;0,2;0,1;0,2
NL:S:40563009;Ravenweg;Stroe;59,4;61,9;9,0;9,3;4,2;4,3
NL:S:40563011;Centrum;Stroe;15,2;13,5;2,8;2,8;2,1;1,8
NL:S:40563013;De Drie Musketiers;Stroe;2,3;2,0;1,1;1,3;0,4;0,6
NL:S:40563015;Majoor Mulder Kazerne;Stroe;0,3;1,0;0,2;0,2;0,0;0,1
NL:S:40569008;Militair tehuis;Wittenberg;0,3;6,3;0,1;1,5;0,0;1,0
NL:S:40612043;Tolhuislaan;Ede;15,0;14,1;5,3;5,4;2,5;2,9
NL:S:40612045;Ericalaan;Ede;19,9;27,6;5,5;11,7;3,4;5,3
NL:S:40612047;Maanderweg;Ede;15,7;20,8;6,0;9,6;7,1;7,8
NL:S:40612050;Station Ede Centrum;Ede;41,5;41,9;20,4;25,5;13,3;11,5
NL:S:40612051;Jadestraat;Ede;15,5;17,6;8,1;12,5;4,4;5,9
NL:S:40612053;Schaapsweg/Veenderweg;Ede;8,8;8,7;2,8;3,3;2,8;3,3
NL:S:40612055;Ganzeweide;Ede;19,3;17,8;8,1;8,9;7,4;6,6
NL:S:40612059;Mariendaal;Ede;63,6;67,7;27,6;28,5;10,5;13,8
NL:S:40612061;Durendaal;Ede;7,7;10,3;3,3;5,7;2,1;3,3
NL:S:40612063;Middelbeek;Ede;14,8;13,6;8,0;9,5;3,5;4,0
NL:S:40612065;Schoutenhof;Ede;6,9;8,9;4,5;3,2;1,9;2,3
NL:S:40612067;Aalbeek;Ede;41,9;37,6;24,6;23,2;10,8;10,6
NL:S:40612069;Nienhof;Ede;21,1;18,7;11,3;10,3;6,2;6,4
NL:S:40612071;Binnenhof;Ede;25,6;12,0;12,2;8,7;5,2;3,4
NL:S:40612073;Hogerhorst;Ede;44,1;49,0;20,4;22,8;9,3;14,1
NL:S:40612075;Hoekenburg;Ede;37,6;35,9;16,5;12,9;7,1;6,9
NL:S:40612077;Kranenburg;Ede;50,0;43,9;24,1;23,8;12,8;10,7
NL:S:40612079;Proosdijerveldweg;Ede;5,3;10,4;2,8;4,4;1,3;1,8
NL:S:40612081;Piet Heinstraat;Ede;22,2;34,5;13,5;33,7;2,3;4,6
NL:S:40612083;Grotestraat;Ede;74,4;69,2;70,3;53,5;10,9;13,3
NL:S:40612085;Raadhuis;Ede;112,6;107,2;30,5;30,9;17,9;17,8
NL:S:40612087;Doelenstraat;Ede;100,4;110,0;59,2;68,4;17,8;20,9
NL:S:40612089;Politiebureau;Ede;75,1;79,8;47,8;49,2;15,8;17,4
NL:S:40612092;Hogewoud;Ede;33,7;28,8;9,1;6,1;5,5;4,8
NL:S:40612095;N224/Veldhuizen;Ede;15,0;12,4;3,4;5,3;3,7;3,6
NL:S:40612097;Stakenberg;Ede;27,1;28,4;8,9;7,8;8,4;6,5
NL:S:40612101;Schaapsweg/Molenstraat;Ede;15,2;15,1;5,0;6,1;2,6;1,6
NL:S:40612109;Schralenhouw;Ede;0,1;0,1;0,1;0,0;0,0;0,0
NL:S:40612111;Sweelincklaan;Ede;0,1;0,2;0,0;0,3;0,0;0,0
NL:S:40612113;Van Pabstlaan;Ede;0,1;0,1;0,1;0,1;0,0;0,0
NL:S:40612115;Eikenlaan;Ede;0,0;0,0;0,0;0,0;0,0;0,0
NL:S:40612118;De Bosrand;Ede;6,1;6,9;3,2;4,5;3,4;4,0
NL:S:40612119;Schutterweg;Ede;5,2;4,8;1,1;0,3;0,4;0,0
NL:S:40612121;Cannenburgerbos;Ede;9,7;7,7;1,4;2,6;1,2;2,1
NL:S:40612123;Lagewoud;Ede;16,9;16,1;4,5;4,6;4,3;4,3
NL:S:40612125;Dalerveen;Ede;12,5;13,7;3,5;4,4;3,4;3,9
NL:S:40612127;Darwinstraat;Ede;14,2;16,5;0,8;0,9;0,2;0,6
NL:S:40612180;Sijsselt;Ede;0,0;0,1;0,0;0,0;0,0;0,0
NL:S:40622119;Driesprong;Ede;13,9;16,9;4,4;5,5;3,3;4,5
NL:S:40622121;Hoge Valksedijk;Ede;0,6;1,2;0,5;1,2;0,2;0,4
NL:S:40622123;De Valouwe;Ede;0,2;0,3;0,3;0,3;0,3;0,3
NL:S:40631001;School met de Bijbel;De Valk;7,4;6,2;0,2;0,1;0,0;0,0
NL:S:40631003;Geref. Gemeente;De Valk;6,0;4,7;0,0;0,1;0,0;0,0
NL:S:40631009;Cooperatie;De Valk;2,5;1,2;0,0;0,0;0,0;0,0
NL:S:40643008;Hoeve Oud Milligen;Nieuw Milligen;4,5;5,9;2,8;2,0;2,7;0,8
NL:S:40649001;Busstation;Wittenberg;273,6;268,7;82,1;80,2;30,5;32,6
NL:S:40649011;Tolnegenweg;Wittenberg;2,9;3,6;2,1;1,8;1,5;1,0
NL:S:40650001;Wieselseweg;Wenum;18,4;17,2;7,3;8,8;6,2;5,8
NL:S:40650003;Papegaaiweg;Wenum;18,6;21,3;5,7;8,3;5,8;5,4
NL:S:40650006;De Haere;Wenum;5,9;6,4;3,1;4,0;2,3;1,8
NL:S:40664001;Oosterbrinkweg;Kootwijkerbroek;0,7;0,6;0,8;0,9;0,1;0,2
NL:S:40664003;Garderbroekerweg;Kootwijkerbroek;11,0;10,5;1,3;1,8;0,2;0,4
NL:S:40664007;Kosterijweg;Kootwijkerbroek;22,3;22,2;4,5;5,0;1,4;2,0
NL:S:40664009;Essenerweg;Kootwijkerbroek;28,6;29,0;3,1;3,5;0,9;1,4
NL:S:40664011;Nachtegaalweg;Kootwijkerbroek;3,4;5,5;0,7;1,3;0,0;0,1
NL:S:40664013;Wencopperweg;Kootwijkerbroek;4,8;4,4;0,6;0,6;0,1;0,1
NL:S:40664015;Gereformeerde Kerk;Kootwijkerbroek;2,6;2,5;0,6;0,7;0,2;0,4
NL:S:40665002;Esvelderweg;Barneveld;1,2;2,2;0,4;0,5;0,1;0,0
NL:S:40679006;Echoput;Hoog Soeren;5,3;5,8;4,2;4,7;3,4;3,5
NL:S:40680001;Huis Voorstonden;Voorstonden;0,1;0,4;0,0;0,3;0,0;0,0
NL:S:40680003;Halte de Molen;Voorstonden;0,5;1,0;0,1;0,2;0,0;0,0
NL:S:40682001;School met de Bijbel;Tonden;0,2;0,7;0,0;0,1;0,0;0,0
NL:S:40682003;ABK huis;Hall;0,5;0,8;0,5;0,8;0,0;0,0
NL:S:40682005;Hogestraat;Hall;1,8;1,6;0,2;0,2;0,0;0,0
NL:S:40682007;School;Hall;2,8;2,5;0,4;0,2;0,0;0,0
NL:S:40685001;Buurtweg;Oeken;0,6;0,9;0,1;0,3;0,0;0,0
NL:S:40712009;Pascalstraat;Ede;70,0;80,5;16,2;15,7;9,3;9,5
NL:S:40712011;Lumierestraat;Ede;15,0;16,5;2,4;1,5;0,8;1,0
NL:S:40712013;Niels Bohrstraat;Ede;31,6;39,3;1,6;2,6;1,0;1,5
NL:S:40712019;Pakhuisweg;Ede;4,3;5,5;1,2;2,5;0,5;1,9
NL:S:40712021;Kievitsmeent;Ede;7,8;9,0;1,2;1,0;0,3;0,3
NL:S:40712137;Einsteinstraat;Ede;14,4;21,9;7,0;9,0;2,4;2,9
NL:S:40712159;Amperestraat;Ede;31,2;41,7;1,9;3,0;0,3;0,7
NL:S:40715013;Buurtlaan-Oost;Veenendaal;7,9;11,4;0,9;1,2;0,4;0,8
NL:S:40726001;Hooiweg;Garderen;8,0;8,4;7,3;7,2;1,3;1,1
NL:S:40726003;Bakkerstraat;Garderen;55,4;54,2;16,1;19,2;6,7;7,9
NL:S:40726005;West-end;Garderen;9,0;9,1;1,9;2,7;1,8;1,0
NL:S:40726007;Heideheuvel;Garderen;4,0;4,5;1,7;2,7;2,0;0,9
NL:S:40726009;De Hertshoorn;Garderen;2,8;3,0;1,6;2,4;1,1;1,4
NL:S:40726011;Veluw Hul;Garderen;0,7;1,2;0,9;1,0;0,7;0,5
NL:S:40726013;Kastelenhof;Garderen;0,6;0,7;0,2;0,5;0,0;0,0
NL:S:40726015;Houtdorp;Garderen;0,0;0,1;0,2;0,1;0,0;0,0
NL:S:40746011;Bosweg;Voorthuizen;4,4;4,7;3,0;3,4;2,4;1,9
NL:S:40746013;Hunnenweg;Voorthuizen;3,5;3,8;0,8;0,9;0,8;0,3
NL:S:40746015;De Zanderij;Voorthuizen;13,9;13,9;7,1;7,8;4,9;3,6
NL:S:40746017;De IJsvogel;Voorthuizen;7,4;7,6;5,9;6,7;3,0;3,9
NL:S:40750001;Station;Lunteren;15,5;3,1;3,0;0,7;0,0;0,0
NL:S:40750003;Roskammersteeg;Lunteren;0,5;0,7;0,2;0,2;0,0;0,0
NL:S:40750005;Hertenlaan;Lunteren;0,2;0,5;0,1;0,1;0,0;0,0
NL:S:40750007;Everlaan;Lunteren;0,7;0,4;0,1;0,3;0,0;0,0
NL:S:40750009;Viaduct;Lunteren;0,1;0,2;0,0;0,2;0,0;0,0
NL:S:40750013;De Molen;Lunteren;0,3;0,2;0,1;0,1;0,0;0,0
NL:S:40750015;De Wormshoef;Lunteren;13,3;9,3;0,2;0,3;0,0;0,0
NL:S:40751003;Rehoboth;Meulunteren;0,9;0,9;0,0;0,1;0,0;0,0
NL:S:40751005;Bijweg;Meulunteren;0,4;0,3;0,1;0,1;0,0;0,0
NL:S:40751011;Hessenweg;Meulunteren;1,1;1,1;0,2;0,3;0,0;0,0
NL:S:40755075;Schaffelaartheater;Barneveld;0,5;1,0;0,3;0,5;0,0;0,0
NL:S:40765005;Norschoterweg;Barneveld;0,9;0,8;0,0;0,1;0,0;0,1
NL:S:40765007;Praktijkschool Barneveld;Barneveld;90,7;111,6;1,7;1,8;0,9;1,3
NL:S:40765009;Julianaplein;Barneveld;8,0;9,8;0,9;1,2;0,7;0,4
NL:S:40765011;Van Dompselaerstraat;Barneveld;5,3;7,3;1,7;1,9;1,2;0,9
NL:S:40765013;Station Barneveld Centrum;Barneveld;248,4;192,1;73,5;59,8;32,8;27,2
NL:S:40765015;Vliegersvelderlaan;Barneveld;0,0;0,0;0,0;0,0;0,0;0,0
NL:S:40765023;Torenplein;Barneveld;0,7;1,4;0,2;0,6;0,0;0,0
NL:S:40765029;Narcissenstraat;Barneveld;3,9;3,1;0,8;0,7;0,0;0,0
NL:S:40765031;Begraafplaats De Plantage;Barneveld;1,5;1,6;0,4;0,4;0,0;0,0
NL:S:40765041;Nijkerkerweg;Barneveld;11,8;13,1;0,6;0,3;0,0;0,2
NL:S:40765045;Evenementenhal;Barneveld;7,9;9,0;2,7;3,4;1,8;2,6
NL:S:40765047;Troelstralaan;Barneveld;20,7;24,3;2,9;4,6;2,3;1,6
NL:S:40765055;De Meerwaarde;Barneveld;0,3;0,5;0,0;0,0;0,0;0,0
NL:S:40765061;Churchillstraat;Barneveld;0,2;0,4;0,1;0,7;0,0;0,0
NL:S:40765068;Nieuwe Markt;Barneveld;0,5;0,5;0,5;0,5;0,0;0,0
NL:S:40765073;Vellerselaan;Barneveld;0,0;1,0;0,0;0,0;0,0;0,0
NL:S:40779002;Het Aardhuis;Hoog Soeren;2,9;6,4;1,2;0,6;0,7;0,3
NL:S:40779003;Oranjeoord;Hoog Soeren;1,1;1,5;0,7;1,2;0,9;0,9
NL:S:40783001;Kruispunt;Nieuw Millingen;16,6;21,5;9,5;17,0;8,1;7,8
NL:S:40783003;Kon. Luchtmacht;Nieuw Milligen;2,4;2,4;0,4;0,3;0,3;0,4
NL:S:40783005;Ouwendorperweg;Nieuw Milligen;2,9;2,9;0,5;0,6;0,3;0,3
NL:S:40783010;Bos en Heide;Nieuw Milligen;2,1;2,1;0,0;0,0;0,0;0,0
NL:S:40783011;Meerveld;Nieuw Milligen;2,7;3,6;0,0;0,0;0,0;0,0
NL:S:40800325;Stationsstraat;Veenendaal;0,4;1,7;0,1;0,4;0,0;0,0
NL:S:40800390;De Grote Pekken;Veenendaal;34,1;26,9;5,7;5,4;3,4;3,3
NL:S:40800410;Rembrandtpark;Veenendaal;13,6;10,4;3,5;3,5;0,0;0,0
NL:S:40800430;Rossiniweg;Veenendaal;7,3;6,1;0,9;0,9;0,0;0,0
NL:S:40800440;Jan Vermeerstraat;Veenendaal;3,3;4,5;0,5;2,9;0,0;0,0
NL:S:40800470;Station West;Veenendaal;15,6;13,3;3,0;3,9;0,0;0,0
NL:S:40800490;Boekvink;Veenendaal;8,4;7,6;0,8;1,4;0,0;0,0
NL:S:40800510;Tuinfluiter;Veenendaal;9,2;7,0;0,8;0,8;0,0;0,0
NL:S:40800610;Spitsbergenweg;Veenendaal;17,2;16,2;3,1;3,7;2,3;1,7
NL:S:40800630;De Meent;Veenendaal;22,1;20,2;2,0;2,6;2,1;1,6
NL:S:40800700;'t Kofschip;Veenendaal;7,1;6,3;0,8;1,0;0,0;0,0
NL:S:40800820;Zwaaiplein;Veenendaal;1,9;2,2;1,4;1,0;0,0;0,0
NL:S:40800960;Händellaan;Veenendaal;5,3;4,1;0,8;0,8;0,0;0,0
NL:S:40800980;Smetanadreef;Veenendaal;6,1;6,8;0,6;1,1;0,0;0,0
NL:S:40801300;Landjuweel;Veenendaal;10,7;13,2;1,3;2,1;0,0;0,0
NL:S:40801320;Klovenier;Veenendaal;3,4;4,0;0,3;0,8;0,0;0,0
NL:S:40801350;De Schutterij;Veenendaal;4,5;6,6;1,0;1,6;0,0;0,0
NL:S:40801410;Regge;Veenendaal;9,6;8,1;1,6;1,4;0,0;0,0
NL:S:40801470;Stat. Centrum/Kerkew.;Veenendaal;8,3;71,8;2,5;14,5;0,0;0,0
NL:S:40801510;Munnikenweg;Veenendaal;16,5;16,1;1,1;1,6;0,0;0,0
NL:S:40801540;Stat. Centrum/Rembrandtln;Veenendaal;4,4;2,4;0,7;1,1;0,0;0,0
NL:S:40802001;Heuvelsesteeg;Overberg;0,8;0,8;0,1;0,2;0,0;0,0
NL:S:40802003;Bergweg;Overberg;0,1;0,4;0,0;0,3;0,0;0,0
NL:S:40802005;De Ossenberg;Overberg;1,1;0,6;0,9;0,5;0,0;0,0
NL:S:40802007;Rijksinrichting de Overberg;Overberg;0,3;0,1;0,1;0,0;0,0;0,0
NL:S:40802009;Driesprong;Overberg;0,6;0,5;0,6;0,7;0,0;0,0
NL:S:40802011;Slaperdijk;Overberg;0,2;0,0;0,2;0,0;0,0;0,0
NL:S:40802014;Haarweg School;Overberg;0,1;0,1;0,0;0,1;0,0;0,0
NL:S:40802016;Haspel;Overberg;0,0;0,1;0,0;0,0;0,0;0,0
NL:S:40802018;Overweg;Overberg;0,0;0,1;0,0;0,1;0,0;0,0
NL:S:40805005;Prins Clauslaan;Veenendaal;13,9;12,4;2,8;4,2;2,4;2,1
NL:S:40805007;Sirius;Veenendaal;45,4;44,3;9,5;10,4;7,9;7,1
NL:S:40805015;Van Veldekelaan;Veenendaal;0,6;1,0;0,0;0,2;0,0;0,0
NL:S:40805017;Station West;Veenendaal;1,6;2,1;1,3;1,1;0,0;0,0
NL:S:40805027;Politiebureau;Veenendaal;60,5;69,7;19,9;24,6;8,1;11,3
NL:S:40805037;'t Boveneind;Veenendaal;0,3;0,4;0,2;0,2;0,0;0,0
NL:S:40805120;Stat. Centrum/Plein;Veenendaal;148,5;72,1;26,1;8,8;19,2;17,9
NL:S:40806010;Centrum/ Wolweg;Veenendaal;2,0;2,6;1,1;1,8;0,0;0,0
NL:S:40829001;De Rusthoeve;Koudhoorn;3,2;3,0;0,7;0,6;0,4;0,4
NL:S:40829003;Mooi Veluwe;Koudhoorn;7,6;8,0;4,8;4,6;4,2;2,2
NL:S:40829005;Landgoed Groot Spriel;Koudhoorn;0,1;0,3;0,1;0,1;0,0;0,1
NL:S:40829007;School Schovenhorst;Koudhoorn;1,0;1,3;0,4;0,5;1,6;0,4
NL:S:40829010;Landgoed Schovenhorst;Koudhoorn;1,4;1,7;0,6;1,2;1,0;0,6
NL:S:40885006;Openbare Basisschool;Oeken;0,3;0,8;0,1;0,1;0,0;0,0
NL:S:40887001;Garderenseweg;Uddel;0,8;0,8;0,0;0,0;0,0;0,0
NL:S:40887003;Cafe Uddelermeer;Uddel;6,3;7,3;3,5;3,9;0,7;0,7
NL:S:40887005;Bleeke Hoeve;Uddel;3,8;3,9;1,3;1,1;0,3;0,3
NL:S:40887007;Uttilochweg;Uddel;46,9;44,3;8,2;8,7;0,4;0,5
NL:S:40887009;Markveldweg;Uddel;33,4;26,7;4,3;4,3;0,2;0,3
NL:S:40887012;Noord Riezen;Uddel;2,1;3,6;2,0;1,9;0,1;0,2
NL:S:40982002;Hooiweg/Middenweg;Elspeet;2,1;1,7;0,1;0,1;0,0;0,1
NL:S:40982003;Veenweg;Elspeet;7,7;6,5;0,3;0,2;0,0;0,0
NL:S:40982005;Gerrit Mouwweg;Elspeet;6,1;3,8;0,3;0,1;0,0;0,1
NL:S:40982007;Centrum;Elspeet;53,9;53,2;12,3;10,5;1,1;0,8
NL:S:40982009;Kleine Kolonieweg;Elspeet;14,3;16,2;3,1;3,4;0,4;0,3
NL:S:40982011;Bosrand;Elspeet;1,1;1,0;0,5;0,4;0,1;0,1
NL:S:40982021;Landgoed Noorderheide;Elspeet;0,3;0,5;0,2;0,3;0,1;0,1
NL:S:40982025;Sluiterweg;Elspeet;7,1;6,8;2,3;1,8;0,1;0,2
NL:S:40982027;Vierhouterweg;Elspeet;12,7;13,0;3,3;3,9;0,3;0,2
NL:S:41220010;Avegoor;Ellecom;5,5;5,8;3,6;5,4;1,5;1,5
NL:S:41220030;Oprijlaan Middachten;De Steeg;1,5;2,0;0,4;0,9;0,1;0,4
NL:S:41220050;Smidsallee;De Steeg;2,1;1,9;1,2;1,2;0,5;0,4
NL:S:41220070;Brantsenpark;De Steeg;24,2;24,9;9,8;10,7;2,7;3,4
NL:S:41220090;Viaduct;De Steeg;1,9;2,2;1,0;0,7;0,3;0,6
NL:S:41220110;Rozenbos;Rheden;3,3;2,9;1,3;1,5;0,6;0,6
NL:S:41220130;Pinkelseweg;Rheden;0,9;1,2;0,4;0,6;0,1;0,2
NL:S:41220150;Groenestraat;Rheden;27,7;25,3;16,7;15,9;6,0;6,7
NL:S:41220170;Holtbankseweg;Rheden;6,0;8,0;2,2;3,6;1,5;1,9
NL:S:41220190;Rhederhof;Rheden;12,1;14,0;12,5;13,0;5,2;5,6
NL:S:41320111;Station Dieren;Dieren;125,3;128,1;56,8;48,3;19,5;17,1
NL:S:41320150;Hofstetten;Ellecom;4,7;4,9;2,8;3,3;0,9;0,9
NL:S:41320170;Dorp;Ellecom;14,3;13,2;6,4;6,4;2,3;2,8
NL:S:41321420;Callunaplein;Dieren;26,5;31,7;13,4;16,9;2,6;4,0
NL:S:41327005;Rode Kruislaan;Dieren;24,4;21,6;8,0;7,6;2,8;2,7
NL:S:41327007;Geitenbergweg;Dieren;30,5;30,0;13,3;12,7;4,7;5,2
NL:S:41327009;Crematorium;Dieren;8,7;9,5;5,1;7,0;2,1;1,8
NL:S:41327011;Cederlaan;Dieren;25,2;28,0;11,5;11,0;4,4;4,4
NL:S:41448023;Hazenberg;Brummen;0,5;0,5;0,0;0,0;0,0;0,0
NL:S:41448027;Arnhemsestraat;Leuvenheim;1,5;1,2;0,3;0,2;0,0;0,0
NL:S:41448031;Hoofdstraat;Leuvenheim;0,5;0,2;0,1;0,1;0,0;0,0
NL:S:41448033;School;Leuvenheim;0,6;0,3;0,1;0,1;0,0;0,0
NL:S:41448035;Spankerenseweg;Leuvenheim;0,3;0,2;0,4;0,1;0,0;0,0
NL:S:41448037;Het Bret;Brummen;0,3;0,9;0,3;0,3;0,0;0,0
NL:S:41448039;De Pothof;Brummen;0,1;0,1;0,0;0,1;0,0;0,0
NL:S:41448043;Tolzicht;Brummen;0,2;0,1;0,2;0,1;0,0;0,0
NL:S:41448045;Centrum;Brummen;4,0;3,7;1,1;1,1;0,0;0,0
NL:S:41448047;Cortenoeverseweg;Brummen;1,3;0,4;0,4;0,3;0,0;0,0
NL:S:41448049;Kampweg;Brummen;8,8;7,3;3,4;2,1;0,0;0,0
NL:S:41448051;Meengatstraat;Brummen;1,0;1,0;0,5;0,4;0,0;0,0
NL:S:41448053;Berkelder;Brummen;0,8;1,1;0,6;0,4;0,0;0,0
NL:S:41448055;Elzenbosweg;Brummen;4,4;3,9;1,9;1,5;0,0;0,0
NL:S:41448057;Michaelshoeve;Brummen;2,0;2,3;0,2;0,1;0,0;0,0
NL:S:41448061;Station;Brummen;15,9;14,2;0,8;0,5;0,0;0,0
NL:S:41448066;De Hulsthoeve;Brummen;0,0;0,3;0,0;0,0;0,0;0,0
NL:S:41448072;Plein Vijf;Brummen;0,6;1,0;0,0;0,0;0,0;0,0
NL:S:41448074;Tuinstraat;Brummen;0,2;0,5;0,0;0,0;0,0;0,0
NL:S:41448077;Gemeentehuis;Brummen;0,2;0,2;0,0;0,0;0,0;0,0
NL:S:41448079;Reuvershoeve;Brummen;0,2;0,4;0,2;0,3;0,0;0,0
NL:S:41635003;Broekstraat;Klarenbeek;0,3;0,6;0,1;0,0;0,0;0,0
NL:S:41635011;Elsbosweg;Klarenbeek;1,7;1,3;0,6;0,4;0,0;0,0
NL:S:41640170;Busstation;Zutphen;40,6;43,9;12,9;14,2;0,0;0,0
NL:S:41648003;IJsselbrug;Zutphen (Hoven);0,7;1,3;0,1;0,4;0,0;0,0
NL:S:41648005;Achterhoven;Zutphen (Hoven);0,4;0,6;0,2;0,3;0,0;0,0
NL:S:41665001;Station;Klarenbeek;3,6;2,0;4,0;1,5;0,0;0,0
NL:S:41668005;Thermen Bussloo;Bussloo;7,0;9,4;4,6;6,4;3,8;3,3
NL:S:41670002;Ecofactorij;Apeldoorn;1,1;0,4;0,0;0,0;0,0;0,0
NL:S:41676030;IJsseldijk;Apeldoorn;1,3;2,7;0,0;0,0;0,0;0,0
NL:S:41676058;Wilp Achterhoek;Wilp-Achterhoek;0,6;0,7;0,0;0,0;0,0;0,0
NL:S:41706001;Station;Twello;46,0;36,1;9,2;7,5;4,7;5,1
NL:S:41706003;Gemeentehuis;Twello;4,5;4,6;0,4;0,6;0,1;0,2
NL:S:41706005;M. de Ruyterstraat;Twello;0,4;0,3;0,0;0,1;0,0;0,0
NL:S:41706007;Piet Heinstraat;Twello;0,2;0,2;0,0;0,0;0,0;0,0
NL:S:41706009;Troelstralaan;Twello;0,7;0,7;0,1;0,1;0,0;0,0
NL:S:41706011;Beethovenlaan;Twello;0,5;0,9;0,0;0,1;0,0;0,0
NL:S:41706021;Lindelaan;Twello;0,0;0,1;0,0;0,0;0,0;0,0
NL:S:41706023;Overmars;Twello;0,2;0,1;0,0;0,3;0,0;0,1
NL:S:41706025;Terwoldseweg;Twello;0,4;0,4;0,0;0,0;0,0;0,0
NL:S:41706027;Stationsstraat;Twello;0,1;0,3;0,0;0,0;0,0;0,0
NL:S:41706029;Burg. van der Feltzweg;Twello;0,1;0,1;0,0;0,0;0,0;0,0
NL:S:41706031;Oude Binnenweg;Twello;0,9;1,1;0,0;0,0;0,0;0,0
NL:S:41706033;Holthuizerstraat;Twello;1,2;1,5;0,0;0,0;0,0;0,0
NL:S:41706035;Het Grotenhuis;Twello;0,4;1,1;0,0;0,0;0,0;0,0
NL:S:41706037;Derk Brouwerstraat;Twello;0,5;0,7;0,0;0,0;0,0;0,0
NL:S:41706039;Stinzenlaan;Twello;0,6;0,9;0,0;0,0;0,0;0,0
NL:S:41706051;Engelenburgstraat;Twello;1,2;3,3;0,1;0,3;0,0;0,0
NL:S:41706053;Martinushof;Twello;0,6;2,3;0,3;0,7;0,0;0,0
NL:S:41707003;Wilpsedijk;Steenenkamer;2,2;2,2;0,0;0,0;0,0;0,0
NL:S:41710001;Begraafplaats;Wilp;0,3;0,7;0,1;0,1;0,0;0,1
NL:S:41710003;De Lathmer;Wilp;3,8;5,5;1,3;1,3;0,8;0,7
NL:S:41710005;Molenallee;Wilp;6,3;6,2;2,0;1,9;0,4;0,7
NL:S:41710007;Carpoolplaats;Wilp;0,2;0,0;0,0;0,0;0,0;0,0
NL:S:41716001;Wilper Korenmolen;Posterenk;3,9;4,0;1,0;1,5;0,1;0,0
NL:S:41718001;Bussloselaan;Bussloo;2,9;2,8;0,3;0,7;0,1;0,0
NL:S:41718002;De Nieuwenhof;Gietelo;1,6;2,0;0,8;0,7;0,2;0,3
NL:S:41761001;Klarenbeekseweg;Voorst;0,5;0,9;0,1;0,2;0,1;0,0
NL:S:41761003;Huize Enkstein;Voorst;4,9;5,4;1,1;0,6;0,1;0,1
NL:S:41761005;Huize de Beele;Voorst;1,3;1,6;0,3;1,1;0,1;0,0
NL:S:41761007;Station Voorst-Empe;Voorst;22,6;19,2;4,8;4,6;1,4;1,1
NL:S:46000504;Eekwal/Centrum;Zwolle;359,3;230,2;191,0;213,0;64,1;61,3
NL:S:46004670;Deltion Campus;Zwolle;3,2;48,5;0,0;0,0;0,0;0,0
NL:S:46100040;Katerdijk;zwolle;160,9;236,5;0,0;0,0;0,0;0,0
NL:S:46104001;Het Engelse Werk;Zwolle;16,8;17,7;10,3;12,0;8,4;6,3
NL:S:46104003;Oranje Nassaulaan;Zwolle;71,0;133,9;12,7;14,0;7,5;8,4
NL:S:46104005;Koningin Wilhelminastraat;Zwolle;37,3;37,1;12,6;17,0;5,9;8,3
NL:S:46104021;Katwolderplein/centrum;Zwolle;266,5;198,2;11,1;12,1;8,4;8,0
NL:S:46104027;Voorsterpoort;Zwolle;60,5;74,3;0,0;0,0;0,0;0,0
NL:S:47151001;Centrum;Hattemerbroek;23,4;21,5;9,0;8,2;4,6;4,5
NL:S:47155001;Pompstation;Hattem;13,5;15,5;9,8;13,1;6,0;8,6
NL:S:47155003;Zuid;Hattem;47,6;48,2;24,2;23,9;12,2;13,6
NL:S:47155005;Centrum;Hattem;74,6;76,8;50,0;48,2;20,6;21,6
NL:S:47155007;Noord;Hattem;85,4;86,2;47,6;44,7;24,2;27,4
NL:S:47155009;IJsselbrug;Hattem;10,1;11,6;5,9;6,2;2,2;5,3
NL:S:47155037;Carpoolplaats A50;Hattem;23,3;23,2;0,0;0,0;0,0;0,0
NL:S:47210003;Cafe Rest. Coelenhage;Wezep;41,0;42,3;16,4;15,8;5,9;6,1
NL:S:47210005;Veluwelaan;Wezep;63,7;58,3;22,2;17,8;10,3;10,4
NL:S:47210007;W. de Zwijgerkazerne;Hattemerbroek;25,8;29,3;15,7;14,1;6,4;5,8
NL:S:47210009;A28/IJsselvliedt;Wezep;9,4;7,8;0,0;0,0;0,0;0,0
NL:S:47210011;Begraafplaats;Wezep;0,1;1,5;0,0;0,0;0,0;0,0
NL:S:47210013;Meidoornplein;Wezep;0,1;0,1;0,0;0,0;0,0;0,0
NL:S:47210015;Station;Wezep;18,5;14,7;1,9;1,9;0,0;0,0
NL:S:47210030;Cotoneasterstraat;Wezep;1,5;1,4;0,0;0,0;0,0;0,0
NL:S:47210050;Meidoornstraat;Wezep;0,1;0,3;0,0;0,0;0,0;0,0
NL:S:47254001;Nachtegaalweg;Wapenveld;81,1;81,4;28,6;27,7;16,4;16,8
NL:S:47254003;Molenweg;Wapenveld;61,4;61,4;26,5;24,0;12,7;13,8
NL:S:47254005;Parkweg;Wapenveld;17,9;18,4;7,1;6,7;3,9;4,6
NL:S:47254007;Ir R.R. v/d Zeelaan;Wapenveld;6,5;9,6;3,0;3,9;4,3;2,2
NL:S:47310010;Begraafplaats;Oosterwolde;0,2;0,3;0,0;0,0;0,0;0,0
NL:S:47312001;Mullegenweg;'t Loo;0,1;0,3;0,0;0,0;0,0;0,0
NL:S:47312003;Putstraat;t Loo;0,4;0,2;0,0;0,0;0,0;0,0
NL:S:47312005;Landal Landgoed 't Loo;'t Loo;2,9;3,5;0,0;0,0;0,0;0,0
NL:S:47312008;Harm Aartsweg;'t Loo;1,0;0,5;0,0;0,0;0,0;0,0
NL:S:47312009;Sportlaan;t Loo;1,0;0,2;0,0;0,0;0,0;0,0
NL:S:47312011;D'olde Dreiput;t Loo;0,9;1,5;0,0;0,0;0,0;0,0
NL:S:47319001;Rustenburgsweg;Oldebroek;37,6;33,6;6,3;6,4;2,7;3,7
NL:S:47319003;Centrum;Oldebroek;99,1;97,2;29,1;26,8;11,8;10,8
NL:S:47319005;Cafe 't Wissel;Oldebroek;35,7;35,2;7,8;6,8;2,2;2,6
NL:S:47319007;Verlengde Looweg;Oldebroek;15,6;15,1;3,1;3,2;1,2;1,4
NL:S:47319009;Hogenbrinkweg;Oldebroek;13,4;14,0;3,9;3,4;1,7;1,4
NL:S:47319011;De Molen;Oldebroek;10,5;10,4;3,4;2,5;0,8;0,9
NL:S:47319013;De Hullen;Oldebroek;0,5;0,3;0,0;0,0;0,0;0,0
NL:S:47319015;Gemeentehuis;Oldebroek;0,7;0,7;0,0;0,0;0,0;0,0
NL:S:47319017;Boerderijmuseum;Oldebroek;1,2;1,5;0,0;0,0;0,0;0,0
NL:S:47319173;Schiksweg;Oosterwolde;0,8;0,8;0,0;0,0;0,0;0,0
NL:S:47319990;Centrum;Oosterwolde;0,3;0,3;0,0;0,0;0,0;0,0
NL:S:47350001;Zwolseweg;Heerde;29,4;31,3;10,6;11,8;7,5;7,0
NL:S:47353011;Dreefseweg;Heerde;28,4;29,1;8,0;9,0;4,8;8,2
NL:S:47366999;Dorp;Vorchten;0,8;0,7;0,1;0,2;0,0;0,0
NL:S:47369001;Kerkstraat;Veessen;0,1;0,9;0,0;0,2;0,0;0,0
NL:S:47369003;IJsseldijk;Veessen;0,1;0,5;0,1;0,1;0,0;0,0
NL:S:47369005;De Zaaier;Veessen;0,7;0,2;0,0;0,0;0,0;0,0
NL:S:47369007;Zijmarsweg;Veessen;0,0;0,0;0,0;0,0;0,0;0,0
NL:S:47369011;Ned. Herv. Kerk;Veessen;1,4;0,1;0,3;0,0;0,0;0,0
NL:S:47369015;Kloosterakkers;Veessen;0,2;0,2;0,0;0,0;0,0;0,0
NL:S:47369020;Veerweg;Veessen;0,1;0,1;0,0;0,0;0,0;0,0
NL:S:47413001;Dorpshuis;Hoge Enk;1,5;0,7;0,0;0,0;0,0;0,0
NL:S:47417003;Begraafplaats;Doornspijk;10,8;10,2;1,9;1,8;0,8;0,9
NL:S:47418001;Molendorp;Elburg;26,8;25,0;5,9;6,0;2,1;3,1
NL:S:47418003;Het Nieuwe Feithenhof;Elburg;12,1;11,7;3,6;3,0;1,3;1,3
NL:S:47418005;Centrum;Elburg;63,7;61,7;34,8;34,4;15,1;10,5
NL:S:47418007;Hellenbeekstraat;Elburg;100,7;77,9;25,7;23,8;11,5;10,8
NL:S:47418009;Coragestraat;Elburg;78,4;83,5;16,6;18,3;6,9;7,8
NL:S:47418011;Klaverplein;Elburg;42,3;46,0;10,3;10,8;4,8;4,7
NL:S:47418013;Zilverschoon;Elburg;84,4;82,0;17,2;16,8;7,9;7,6
NL:S:47418021;Eperweg;Elburg;16,5;15,9;3,2;3,9;0,5;0,4
NL:S:47453003;Wendhorst;Heerde;81,0;80,9;18,5;19,9;11,3;10,4
NL:S:47453005;Brinklaan;Heerde;187,4;186,7;57,8;58,4;32,3;28,5
NL:S:47453007;Centrum Groene Hart;Heerde;0,4;0,8;0,2;0,2;0,0;0,0
NL:S:47453013;Molenkampweg;Heerde;87,5;95,3;25,2;27,4;13,8;15,1
NL:S:47453017;Ingang Wendhorst;Heerde;0,1;0,1;0,0;0,0;0,0;0,0
NL:S:47453020;Keuterstraat;Heerde;0,6;0,9;0,2;0,1;0,0;0,0
NL:S:47453029;Heerderstrand;Heerde;0,3;0,8;0,2;0,6;0,0;0,0
NL:S:47453053;Transferium Horsthoek;Heerde;76,0;104,0;19,2;40,0;16,5;24,4
NL:S:47516015;Elburgerweg;Nunspeet;21,7;19,4;3,5;3,5;2,3;2,0
NL:S:47517001;Centrum;Doornspijk;58,7;59,9;12,8;13,9;3,8;4,8
NL:S:47552005;Centrum;Epe;80,7;78,9;27,6;25,1;15,4;14,7
NL:S:47552009;Diepenweg;Epe;1,2;1,7;0,0;0,0;0,0;0,0
NL:S:47552011;Hammerstraat;Epe;0,0;0,2;0,0;0,0;0,0;0,0
NL:S:47552013;Sportpark;Epe;1,4;0,9;0,0;0,0;0,0;0,0
NL:S:47552015;Apeldoorns Kanaal;Epe;0,7;0,5;0,0;0,0;0,1;0,0
NL:S:47552017;Politiebureau;Epe;7,4;7,7;3,7;3,8;2,9;3,1
NL:S:47552019;Sint Jorisweg;Epe;7,6;14,4;1,6;6,7;1,5;2,9
NL:S:47552021;Lohuizerweg ;Epe;8,7;8,2;1,9;2,0;1,6;1,3
NL:S:47552023;Klaarbeek;Epe;372,9;314,2;112,8;94,5;78,6;53,9
NL:S:47561001;Station;t Harde;10,4;8,9;0,0;0,0;0,0;0,0
NL:S:47561003;Centrum;t Harde;0,4;0,3;0,0;0,0;0,0;0,0
NL:S:47561005;Sportlaan;t Harde;0,7;0,7;0,0;0,0;0,0;0,0
NL:S:47561007;Munnikenweg;t Harde;1,6;1,4;0,0;0,0;0,0;0,0
NL:S:47561009;De Hokseberg;t Harde;0,6;2,0;0,0;0,0;0,0;0,0
NL:S:47616001;Vreeweg;Nunspeet;14,8;12,5;1,8;2,1;0,8;1,1
NL:S:47616005;Berenbosweg;Nunspeet;0,7;0,9;0,2;0,0;0,2;0,1
NL:S:47616007;Station;Nunspeet;234,6;220,0;96,9;78,8;35,9;36,1
NL:S:47616009;Centrum;Nunspeet;59,0;68,1;25,6;33,0;6,1;6,6
NL:S:47616013;Oenenburgweg;Nunspeet;17,1;16,7;4,2;5,0;2,8;2,0
NL:S:47616019;Elspeterweg;Nunspeet;1,1;1,6;0,3;0,3;0,1;0,2
NL:S:47616022;Camping de Tol;Nunspeet;0,3;0,4;0,2;0,2;0,0;0,0
NL:S:47616025;Gemeentehuis;Nunspeet;0,4;1,1;0,1;1,4;0,1;0,4
NL:S:47616027;Verzorgingstehuis Bunterhoek;Nunspeet;1,2;1,5;0,4;0,6;0,4;0,4
NL:S:47616029;De Bunte;Nunspeet;10,0;8,1;0,5;0,8;0,3;0,6
NL:S:47616031;'t Hul;Nunspeet;4,1;2,4;0,2;0,5;0,2;0,3
NL:S:47616041;Waterweg;Nunspeet;13,0;12,3;1,7;1,7;0,6;0,6
NL:S:47616043;Oosterlaan;Nunspeet;9,0;11,2;2,3;2,6;1,3;0,8
NL:S:47616045;De Sparrenhorst;Nunspeet;2,5;2,5;1,0;1,0;0,5;0,2
NL:S:47616047;Gruppendelerweg;Nunspeet;2,4;1,5;0,1;0,5;0,0;0,1
NL:S:47625001;Boshoekerweg;Oene;0,8;0,9;0,0;0,0;0,0;0,0
NL:S:47625003;Dorpsstraat;Oene;8,8;8,7;0,3;0,4;0,2;0,1
NL:S:47625005;Kuiperkampseweg;Oene;1,3;1,7;0,0;0,2;0,1;0,1
NL:S:47641000;Station;Deventer;27,3;16,0;0,0;0,0;0,0;0,0
NL:S:47650001;Vaassen-Zuid;Vaassen;235,3;226,7;102,0;94,6;50,8;58,8
NL:S:47650003;Oosterhof;Vaassen;103,8;99,6;39,2;39,8;21,9;25,7
NL:S:47650006;Centrum;Vaassen;84,7;85,8;38,1;36,1;22,2;21,3
NL:S:47650007;Vaassen-Noord;Vaassen;40,2;39,4;13,9;12,9;9,5;9,3
NL:S:47651001;Handelsebrug;Emst;20,5;23,4;3,8;4,6;4,1;3,2
NL:S:47651003;Hezeplein;Emst;41,0;39,9;12,4;12,5;10,9;8,1
NL:S:47651005;Oranjeweg;Emst;20,5;32,4;4,8;10,7;4,4;6,4
NL:S:47713001;Landgoed Hulshorst;Hulshorst;6,7;6,3;5,4;4,6;3,5;2,5
NL:S:47713003;Oudeweg;Hulshorst;7,1;7,6;3,6;5,8;3,1;2,6
NL:S:47713005;Varelseweg;Hulshorst;5,7;5,6;2,5;1,5;1,8;1,5
NL:S:47713007;School Hulshorst;Hulshorst;5,9;6,3;2,4;2,4;3,6;0,9
NL:S:47713009;Onder de Bos;Hulshorst;2,6;2,9;1,1;1,1;0,4;0,2
NL:S:47724001;Dorpsplein;Nijbroek;4,0;4,7;0,2;0,3;0,0;0,0
NL:S:47730001;Emstermate;Terwolde;0,6;0,5;0,0;0,0;0,0;0,0
NL:S:47730003;Twelloseweg;Terwolde;0,9;1,6;0,1;0,1;0,0;0,1
NL:S:47730005;Molenweg;Terwolde;8,5;7,9;0,6;0,5;0,2;0,2
NL:S:47730007;Molen De Ooievaar;Terwolde;1,9;1,7;0,1;0,1;0,1;0,0
NL:S:47786023;Halfweg;Nunspeet;6,7;9,2;1,9;2,1;0,3;0,3
NL:S:47788004;De Mallejan;Vierhouten;1,6;2,1;1,3;1,8;0,3;0,5
NL:S:47888001;Centrum;Vierhouten;13,2;13,5;9,0;12,7;2,7;2,4
NL:S:47888005;Noordkampen;Vierhouten;2,2;4,9;1,2;3,0;0,3;0,3
NL:S:47888007;'t Frusselt;Vierhouten;0,6;1,5;1,0;1,1;0,1;0,1
NL:S:47888009;Elspeterbosweg;Vierhouten;1,4;1,7;0,5;0,6;0,0;0,1
NL:S:47892001;Schouwburg/Centrum;Deventer;0,0;0,0;0,0;0,0;0,0;0,0
NL:S:47894001;Buitensocieteit;De Worp;2,8;2,8;0,0;0,0;0,0;0,0
NL:S:47894003;Spaarpotstraat;De Worp;0,0;0,1;0,0;0,0;0,0;0,0
NL:S:47899003;Cultureel Centrum;Deventer;0,2;0,5;0,0;0,0;0,0;0,0
NL:S:47899005;Pikeursbaan;Deventer;0,6;6,2;0,0;0,0;0,0;0,0
NL:S:47899007;Boreelkazerne;Deventer;6,4;11,0;0,0;0,0;0,0;0,0
NL:S:49610015;Fokko Kortlanglaan;Ermelo;5,9;6,3;1,7;2,1;1,3;0,5
NL:S:49610021;Bouw en Infrapark;Harderwijk;7,0;8,7;0,0;0,0;0,0;0,0
NL:S:49613001;Station;Harderwijk;478,3;411,5;140,9;105,9;64,9;58,1
NL:S:49613003;Zkh. Sint Jansdal;Harderwijk;20,6;23,2;8,1;7,9;2,3;3,7
NL:S:49613010;Selhorstweg;Harderwijk;24,7;26,5;6,9;6,4;2,1;2,2
NL:S:49613011;Alberdink Thijmlaan;Harderwijk;3,7;5,2;0,9;2,4;0,1;0,7
NL:S:49613017;Mecklenburglaan;Harderwijk;22,3;30,3;1,2;1,8;1,6;1,3
NL:S:49613019;Voorste Wei;Harderwijk;1,6;1,9;0,0;0,0;0,0;0,0
NL:S:49613021;Stadswei;Harderwijk;2,9;3,2;1,0;1,3;0,8;0,9
NL:S:49613023;Couperuslaan;Harderwijk;3,1;3,8;0,0;0,1;0,1;0,1
NL:S:49613025;RK Kerk;Harderwijk;1,2;2,4;0,2;0,1;0,0;0,1
NL:S:49613027;Deventerweg;Harderwijk;12,2;17,3;0,3;0,1;0,2;0,2
NL:S:49613029;Strokel;Harderwijk;2,6;3,4;0,0;0,1;0,0;0,0
NL:S:49613033;Salentijnerhout;Harderwijk;14,4;15,8;4,7;5,6;2,3;2,8
NL:S:49613035;Triasplein;Harderwijk;40,9;40,9;15,1;15,0;7,1;5,6
NL:S:49613037;Ragtimedreef;Harderwijk;9,5;9,6;4,1;4,6;2,4;3,0
NL:S:49613039;IJsselmeerpad;Harderwijk;6,4;6,8;3,6;4,2;1,4;1,5
NL:S:49613041;De Roef;Harderwijk;8,3;14,0;2,9;2,8;0,9;1,1
NL:S:49613045;Anne Franklaan;Harderwijk;9,6;8,8;2,2;2,5;0,2;0,3
NL:S:49613047;De Aanleg;Harderwijk;2,9;2,3;2,0;1,3;0,0;0,0
NL:S:49613049;De Wittenhagen;Harderwijk;8,8;6,6;3,5;3,2;0,0;0,2
NL:S:49613051;Doornekamp;Harderwijk;1,5;2,4;0,9;0,7;0,1;0,1
NL:S:49613053;Frankenskamp;Harderwijk;2,1;3,4;0,6;1,2;0,0;0,2
NL:S:49613055;Karel Doormanlaan;Harderwijk;0,9;2,0;0,3;1,1;0,0;0,1
NL:S:49613057;Kiekmure;Harderwijk;22,1;18,1;6,7;6,3;0,4;0,8
NL:S:49613059;Lammertkamp;Harderwijk;1,6;2,0;0,5;0,5;0,1;0,1
NL:S:49613061;Hazelaarlaan;Harderwijk;7,4;0,8;0,3;0,2;0,0;0,1
NL:S:49613063;Tinnegieter;Harderwijk;7,0;4,8;3,8;3,9;0,2;0,3
NL:S:49613065;Veldkamp;Harderwijk;1,5;1,1;0,7;0,6;0,0;0,0
NL:S:49613067;Walstein;Harderwijk;4,2;4,5;1,1;1,9;0,1;0,4
NL:S:49613069;Welkoop;Harderwijk;4,0;4,9;1,3;1,5;0,0;0,3
NL:S:49613071;Zuiderzeestraatweg;Harderwijk;2,5;2,7;0,5;0,7;0,0;0,1
NL:S:49613075;Burg. de Meesterstraat;Harderwijk;14,7;16,2;4,5;4,1;3,0;2,3
NL:S:49613077;Dolfinarium;Harderwijk;30,3;25,2;19,6;18,6;12,0;10,5
NL:S:49613405;Plantage;Harderwijk;2,8;7,3;0,7;3,0;0,1;0,3
NL:S:49613407;Centrum;Harderwijk;25,4;41,1;13,8;32,6;0,3;2,1
NL:S:49613501;Westermeenweg;Harderwijk;11,0;17,3;1,5;4,6;1,3;3,6
NL:S:49619001;Buitenbrinkweg;Horst;0,6;0,5;0,2;0,9;0,0;0,0
NL:S:49712001;Grevenhofsweg;Hierden;1,5;1,8;0,5;1,3;0,4;0,6
NL:S:49712003;Molenweg;Hierden;28,8;29,7;17,2;18,6;12,3;12,0
NL:S:49712005;Wijtgraaf;Hierden;5,3;5,1;4,3;2,3;3,8;2,2
NL:S:49713084;Voltastraat;Harderwijk;5,6;6,1;0,8;0,5;0,2;0,1
NL:S:49713086;Celsiusstraat;Harderwijk;13,6;15,6;0,3;0,6;0,1;0,1
NL:S:49713088;Kelvinstraat;Harderwijk;8,8;14,4;1,3;0,5;0,1;0,1
NL:S:49720001;Sonneheerdt;Ermelo;47,3;47,8;1,8;2,1;1,5;1,4
NL:S:49720003;Hamburgerweg;Ermelo;45,4;42,6;16,2;16,0;7,7;7,9
NL:S:49720005;'t Weitje;Ermelo;37,2;40,8;9,7;10,4;3,8;3,5
NL:S:49720007;Eendenparkweg;Ermelo;11,9;14,3;2,8;2,9;1,1;0,7
NL:S:49720009;Nassaulaan;Ermelo;4,9;4,8;2,9;2,0;2,7;1,7
NL:S:49720011;Fazantlaan;Ermelo;4,3;4,5;2,4;2,0;2,0;1,3
NL:S:49720023;Varenhof;Ermelo;0,2;0,2;0,1;0,2;0,0;0,0
NL:S:49720027;Dirk Staalweg;Ermelo;11,4;15,1;4,4;6,0;2,6;2,7
NL:S:49720037;Station;Ermelo;10,4;7,9;5,3;2,8;0,0;0,0
NL:S:49720049;Lange Haeg;Ermelo;4,2;3,9;0,7;0,8;0,2;0,5
NL:S:49720051;Veldwijkerweg;Ermelo;6,4;6,0;2,6;2,5;1,6;1,6
NL:S:49720053;Dr. van Dalelaan;Ermelo;4,6;5,8;2,2;3,0;1,7;1,7
NL:S:49720055;Generaal Spoorkazerne;Ermelo;0,9;1,6;0,0;0,0;0,0;0,0
NL:S:49720057;Triade;Ermelo;0,9;0,7;0,6;0,5;0,0;0,0
NL:S:49720059;Gemeentehuis;Ermelo;0,6;0,7;0,8;0,7;0,0;0,0
NL:S:49720061;De Meerkanten;Ermelo;0,0;0,1;0,0;0,1;0,0;0,0
NL:S:49720150;Kolbaanweg;Ermelo;1,8;1,5;0,3;0,8;0,6;0,4
NL:S:49726005;Horsterhoeve;Horst;0,2;0,4;0,1;0,3;0,0;0,0
NL:S:49726007;Groot Horloo;Horst;0,8;0,6;0,3;0,3;0,0;0,0
NL:S:49726017;Zeeweg;Horst;1,4;1,9;0,7;0,9;0,0;0,0
NL:S:49729001;Burg. Vitringalaan;Ermelo;0,7;0,7;0,7;0,5;0,0;0,0
NL:S:49783031;Sonnevanck;Harderwijk;2,9;2,8;0,1;0,1;0,1;0,1
NL:S:49787007;Ullerberg;Leuvenum;5,7;5,5;0,0;0,0;0,0;0,0
NL:S:49804001;Boshuis;Drie;0,4;1,1;0,8;1,5;0,0;0,0
NL:S:49804003;Schaapskooi;Drie;0,1;0,2;0,2;0,3;0,0;0,0
NL:S:49804005;Paalberg;Drie;0,4;0,2;0,5;0,3;0,0;0,0
NL:S:49805003;Kriemelberg;Drie;0,4;0,9;0,2;0,8;0,0;0,0
NL:S:49808001;Abri;Speuld;0,2;0,4;0,3;0,3;0,0;0,0
NL:S:49808003;Garderenseweg;Speuld;1,0;1,3;0,2;0,3;0,0;0,0
NL:S:49808005;Buurtweg;Speuld;0,1;0,2;0,0;0,1;0,0;0,0
NL:S:49808011;De Bosrand;Speuld;0,5;0,4;0,2;0,2;0,0;0,0
NL:S:49821001;Station;Putten;86,6;79,5;35,4;25,7;23,8;22,0
NL:S:49821003;Stationsstraat;Putten;3,5;3,6;0,5;0,6;0,5;0,2
NL:S:49821005;Oude Rijksweg;Putten;0,6;1,6;0,0;0,0;0,0;0,0
NL:S:49821007;Zuiderveldweg;Putten;8,4;8,5;4,2;4,4;1,9;2,3
NL:S:49821009;Brinkstraat;Putten;33,7;41,3;12,4;11,6;6,4;6,5
NL:S:49821011;Centrum;Putten;128,6;116,4;40,2;37,7;23,2;21,7
NL:S:49821013;Bosrand;Putten;5,6;5,4;1,4;2,2;1,5;1,1
NL:S:49821023;Bijsterenseweg;Putten;15,5;15,2;1,7;2,6;0,9;1,2
NL:S:49821025;Heihaas;Putten;11,3;11,7;7,6;7,6;2,7;1,5
NL:S:49821027;Dorpsstraat;Putten;36,0;33,7;10,6;11,0;4,8;5,3
NL:S:49821029;Kerkstraat;Putten;30,4;31,2;8,6;10,0;5,4;4,2
NL:S:49821037;Welkoop;Putten;31,6;30,2;10,0;5,2;3,5;2,8
NL:S:49887001;School;Leuvenum;0,4;0,3;0,0;0,0;0,0;0,0
NL:S:49887003;De Zwarte Boer;Leuvenum;1,3;1,3;0,4;0,6;0,2;0,3
NL:S:49887005;Het Roode Koper;Leuvenum;0,2;0,5;0,0;0,0;0,0;0,0
NL:S:49889001;Kasteel Staverden;Staverden;0,8;1,1;0,0;0,3;0,2;0,4
NL:S:49889003;Navobi;Staverden;0,3;0,4;0,0;0,0;0,0;0,0
NL:S:50420130;Snouckaertlaan;Amersfoort;0,6;3,0;0,3;1,2;0,1;0,9
NL:S:50420131;Centrum;Amersfoort;54,7;47,6;29,7;25,4;20,5;16,7
NL:S:50420351;Blekerseiland;Amersfoort;20,9;23,1;11,1;12,2;9,7;9,8
NL:S:50420511;Hendrik van Viandenstraat;Amersfoort;12,5;12,1;4,5;5,0;5,8;4,4
NL:S:50420540;De Kei;Amersfoort;31,5;27,2;11,6;16,3;9,0;11,0
NL:S:50420660;Station Schothorst;Amersfoort;70,0;70,5;25,3;19,8;16,6;15,0
NL:S:50420671;Oudegein;Amersfoort;3,5;2,3;0,0;0,0;0,0;0,0
NL:S:50420931;Silverstein;Amersfoort;1,2;1,2;0,0;0,0;0,0;0,0
NL:S:50420960;Paladijnenweg;Amersfoort;20,4;11,3;0,0;0,0;0,0;0,0
NL:S:50421210;Eemplein;Amersfoort;0,5;0,1;0,0;0,0;0,0;0,0
NL:S:50423010;Hoornbeeck/Van Lodenstein;Amersfoort;37,8;62,9;0,0;0,0;0,0;0,0
NL:S:50423020;GSG Arnhemseweg;Amersfoort;0,7;0,3;0,0;0,0;0,0;0,0
NL:S:50423040;GSG Paladijnenweg;Amersfoort;2,1;3,9;0,0;0,0;0,0;0,0
NL:S:50425000;Centraal Station;Amersfoort;189,7;185,8;80,8;66,0;62,4;61,3
NL:S:50428009;Hogeweg;Amersfoort;18,6;32,4;3,7;5,2;2,1;4,3
NL:S:50428011;Amerena;Amersfoort;36,9;32,2;14,6;13,4;10,0;9,1
NL:S:50428014;Barneveldseweg;Amersfoort;14,9;17,4;1,6;3,3;1,2;2,4
NL:S:50428050;De Stuwdam;Amersfoort;11,5;10,8;1,6;2,2;0,5;0,6
NL:S:50450161;Geertrudishof;Leusden;5,3;2,5;1,4;1,0;0,0;0,1
NL:S:50450281;Middenweg;Leusden;0,0;0,2;0,1;0,1;0,0;0,0
NL:S:50450311;Bohemen;Leusden;2,9;1,9;0,7;0,6;0,0;0,1
NL:S:50450360;Beekridder;Leusden;0,3;0,4;0,1;0,2;0,0;0,0
NL:S:50450380;Bosveld;Leusden;0,4;0,2;0,0;0,1;0,0;0,0
NL:S:50450420;Munnikhove;Leusden;0,2;0,1;0,1;0,0;0,0;0,0
NL:S:50450440;Hamershof;Leusden;0,4;0,5;0,1;0,3;0,0;0,0
NL:S:50450530;Rossenberglaan;Leusden;0,4;0,3;0,2;0,1;0,0;0,0
NL:S:50450710;Groene Zoom;Leusden;3,0;2,1;0,7;0,8;0,0;0,0
NL:S:50450740;Walenburg;Leusden;0,6;0,2;0,2;0,0;0,0;0,0
NL:S:50456019;Storkstraat;Leusden;5,1;5,4;0,7;1,0;0,0;0,0
NL:S:50456021;Wederik;Leusden;1,2;4,4;0,2;0,8;0,1;0,0
NL:S:50457003;Stoutenburgerlaan;Stoutenburg;0,1;0,1;0,2;0,2;0,0;0,0
NL:S:50457005;Driesprong;Stoutenburg;0,7;2,1;0,2;0,4;0,0;0,0
NL:S:50520240;Trompetstraat;Amersfoort;3,5;2,5;0,9;0,6;0,4;0,3
NL:S:50520260;Piccolopad;Amersfoort;0,8;1,2;0,2;0,7;0,1;0,2
NL:S:50520280;Curiestraat;Amersfoort;4,7;4,9;0,8;0,8;0,5;0,8
NL:S:50520310;Hermelijnvlinder;Amersfoort;4,1;4,3;0,8;1,1;0,6;1,1
NL:S:50520320;Apollovlinder;Amersfoort;6,5;8,5;2,0;3,3;1,6;1,9
NL:S:50520340;De Brand;Amersfoort;6,3;7,0;2,9;2,4;1,9;1,6
NL:S:50521160;Heideweg ;Amersfoort;10,2;15,1;2,7;3,9;2,0;3,1
NL:S:50529003;Houtrust;Hooglanderveen;1,6;2,8;0,8;1,3;0,6;1,2
NL:S:50529005;Van Zuilenlaan;Hooglanderveen;2,4;3,3;1,6;1,8;0,4;0,6
NL:S:50529007;Van Beeklaan;Hooglanderveen;0,6;1,1;0,3;0,6;0,3;0,4
NL:S:50531001;Oude Lageweg;Amersfoort;16,9;3,8;1,6;2,7;1,2;1,4
NL:S:50531005;Klaarwater;Hoevelaken;0,3;0,6;0,1;0,7;0,1;0,1
NL:S:50531007;Hofweg;Hoevelaken;4,2;4,2;1,2;1,8;1,0;1,2
NL:S:50531009;Julianalaan;Hoevelaken;16,5;15,8;7,0;6,8;3,2;3,4
NL:S:50531011;Gemeentehuis;Hoevelaken;16,0;15,5;10,6;10,3;6,0;5,9
NL:S:50531013;Stoutenburgerlaan;Hoevelaken;7,9;7,8;5,2;5,1;2,9;2,7
NL:S:50531015;Koninginneweg;Hoevelaken;18,5;17,3;2,2;2,7;1,8;1,6
NL:S:50531017;Huize Hoevelaken;Hoevelaken;12,4;3,3;2,5;1,7;0,9;0,6
NL:S:50531021;Bedr. terr. Hogenbrink;Hoevelaken;1,3;1,5;0,4;0,1;0,0;0,0
NL:S:50531031;Station;Hoevelaken;32,1;44,5;9,8;9,2;4,4;4,2
NL:S:50532002;Ravengoedseweg;Zwartebroek;1,3;1,5;0,5;0,6;0,6;0,6
NL:S:50543001;Bulderweg;Driedorp;0,0;0,1;0,0;0,0;0,0;0,0
NL:S:50543003;Peerweg;Driedorp;0,0;0,0;0,0;0,0;0,0;0,0
NL:S:50543005;Slichtenhorsterweg;Driedorp;0,4;0,3;0,0;0,0;0,0;0,0
NL:S:50549001;Appelsestraat;Appel;0,2;0,1;0,0;0,0;0,0;0,0
NL:S:50549003;Akkerweg;Appel;0,0;0,0;0,0;0,0;0,0;0,0
NL:S:50610040;De Molen;Scherpenzeel;0,0;0,0;0,0;0,0;0,0;0,0
NL:S:50610060;Pluimenweg;Scherpenzeel;0,2;0,1;0,0;0,0;0,0;0,0
NL:S:50610080;Holevoetplein;Scherpenzeel;3,6;1,5;1,2;0,6;0,0;0,0
NL:S:50610100;Kerk;Scherpenzeel;0,5;0,4;0,0;0,0;0,0;0,0
NL:S:50617003;Vijverlaan;Scherpenzeel;0,9;0,7;0,3;0,1;0,0;0,0
NL:S:50617005;Kerk;Scherpenzeel;1,7;3,2;1,1;1,0;0,0;0,0
NL:S:50617007;Eikenlaan;Scherpenzeel;2,7;2,5;0,5;0,6;0,0;0,0
NL:S:50617009;De Haar;Scherpenzeel;0,1;0,3;0,1;0,2;0,0;0,0
NL:S:50617011;Huigenbosch;Scherpenzeel;0,5;0,1;0,0;0,0;0,0;0,0
NL:S:50630001;Centrum;Nijkerkerveen;8,8;9,0;2,5;3,4;2,0;1,5
NL:S:50630003;v/d Brandhof;Nijkerkerveen;0,6;0,9;0,3;0,3;0,0;0,0
NL:S:50630005;Laakweg;Nijkerkerveen;0,1;0,2;0,0;0,0;0,0;0,0
NL:S:50630007;Dorp;Nijkerkerveen;0,8;0,7;0,5;0,5;0,0;0,0
NL:S:50630009;D. Ruitenbeekstraat;Nijkerkerveen;2,2;1,6;0,5;0,3;0,0;0,0
NL:S:50630280;Berencamperweg;Nijkerk;0,0;0,1;0,0;0,0;0,0;0,0
NL:S:50631016;School Diermen;Putten;1,7;1,9;0,3;0,3;0,1;0,1
NL:S:50637001;De Salentijn;Nijkerk;1,2;2,8;0,4;1,0;0,4;0,8
NL:S:50637003;Tinbergenlaan;Nijkerk;15,7;14,5;4,0;3,8;2,1;2,7
NL:S:50637005;Van Rensselaerstraat;Nijkerk;19,0;20,4;6,2;7,4;5,1;5,3
NL:S:50637007;Station;Nijkerk;90,8;70,5;31,2;23,3;15,4;15,5
NL:S:50637011;Zilverschoon;Nijkerk;16,1;18,7;3,4;6,2;3,3;4,7
NL:S:50637013;Sparrenlaan;Nijkerk;1,9;1,5;0,7;0,4;0,9;0,6
NL:S:50637015;Callenbachstraat;Nijkerk;8,0;9,8;2,3;2,2;2,0;2,2
NL:S:50637025;Torenstraat;Nijkerk;2,7;3,8;0,4;1,0;0,0;0,0
NL:S:50637045;Kievitslaan;Nijkerk;0,2;0,2;0,0;0,0;0,0;0,0
NL:S:50637053;Corlaer College;Nijkerk;58,4;59,6;14,4;15,7;8,5;9,2
NL:S:50639009;Holleweg;Hooglanderveen;1,6;1,4;0,2;0,3;0,1;0,2
NL:S:50642003;School;Zwartebroek;12,8;13,8;4,2;4,1;2,3;2,1
NL:S:50642005;Ned. Herv. Kerk;Zwartebroek;4,0;2,1;0,9;0,6;0,3;0,3
NL:S:50645001;De Tolboom;Terschuur;13,5;12,6;4,3;5,3;2,6;2,5
NL:S:50645003;Leemweg;Terschuur;1,4;1,7;0,3;0,8;0,3;0,1
NL:S:50645005;De Palmpol;Terschuur;0,9;1,1;0,2;0,3;0,1;0,2
NL:S:50645007;Van Beek;Terschuur;1,5;1,7;0,5;0,8;0,8;0,4
NL:S:50645010;Oude Ambachten Museum;Terschuur;3,8;4,2;2,8;3,1;1,3;1,5
NL:S:50664001;Helweg;Achterveld;0,2;0,2;0,0;0,1;0,0;0,0
NL:S:50664003;Klettersteeg;Achterveld;0,3;0,5;0,0;0,3;0,0;0,0
NL:S:50664005;Kerkdijk;Achterveld;0,5;0,7;0,2;0,1;0,0;0,0
NL:S:50664007;Huize St. Joseph;Achterveld;2,5;2,0;0,5;0,8;0,0;0,0
NL:S:50664009;De Hessenkar;Achterveld;3,0;2,9;0,8;0,5;0,1;0,0
NL:S:50664019;RK Kerk;Achterveld;1,2;1,0;0,8;0,8;0,0;0,0
NL:S:50664023;Postweg;Achterveld;0,3;0,4;0,2;0,3;0,0;0,0
NL:S:50731017;School Hoef;Putten;4,9;4,9;1,1;1,9;1,3;0,8
NL:S:50731043;Henslare;Putten;1,5;2,1;0,2;0,6;0,2;0,3
NL:S:50745011;Kruispunt Harselaar;Terschuur;0,1;0,1;0,0;0,0;0,0;0,0
NL:S:50745021;Zeumerseweg;Barneveld;0,0;0,0;0,0;0,0;0,0;0,0
NL:S:50746001;Lankerenseweg;Voorthuizen;6,8;7,0;0,7;1,1;0,2;0,3
NL:S:50746003;Verbindingsweg;Voorthuizen;5,4;7,1;1,1;1,9;0,8;1,6
NL:S:50746005;Buitenlust;Voorthuizen;21,0;19,2;4,7;6,1;3,0;3,2
NL:S:50746007;De Punt;Voorthuizen;222,2;218,0;61,9;63,8;35,1;32,6
NL:S:50746009;Roelenengweg;Voorthuizen;16,5;16,4;6,9;7,3;5,1;3,2
NL:S:50747002;Struik;Nijkerk;10,3;10,5;1,8;1,9;1,1;1,4
NL:S:50763001;Licht en Ruimte;De Glind;0,0;0,1;0,0;0,0;0,0;0,0
NL:S:50763003;Pr. Beatrixschool;De Glind;0,2;0,3;0,0;0,1;0,0;0,0
NL:S:50763005;De Glind;De Glind;1,5;1,6;0,4;0,4;0,0;0,0
NL:S:50763007;Schoonderbekerweg;De Glind;4,1;4,4;1,4;1,2;0,0;0,0
NL:S:50765033;De Pelmolen;Barneveld;0,0;0,5;0,0;0,1;0,0;0,0
NL:S:50765035;De Nieuwe Eshof;Barneveld;0,0;0,1;0,2;0,0;0,0;0,0
NL:S:50765037;De Eshof;Barneveld;0,0;0,1;0,0;0,3;0,0;0,0
NL:S:50765039;Boerderij Veerman;Barneveld;0,2;0,2;0,1;0,2;0,0;0,0
NL:S:50765067;Anthonie Fokkerstraat;Barneveld;2,3;3,7;0,3;0,5;0,0;0,0
NL:S:50767013;Kolfschoten;Scherpenzeel;0,2;0,5;0,1;0,1;0,0;0,0
NL:S:50769001;Klein Moorst;De Glind;0,5;0,4;0,1;0,1;0,0;0,0
NL:S:50812001;Stat. V'daal-de Klomp;De Klomp;168,0;175,1;44,0;37,6;18,9;23,1
NL:S:50814001;Scheivoor;De Klomp;0,2;0,2;0,1;0,0;0,0;0,0
NL:S:50814003;School;Ederveen;0,6;0,9;0,2;0,3;0,0;0,0
NL:S:50814005;Rabobank;Ederveen;0,9;1,7;0,3;0,5;0,0;0,0
NL:S:50814007;Luntersekade;Ederveen;0,3;0,7;0,0;0,1;0,0;0,0
NL:S:50814011;Kruisbeekweg;Ederveen;3,6;6,7;0,0;0,1;0,0;0,0
NL:S:50814013;Drieenhuizerweg;Ederveen;0,0;0,2;0,0;0,1;0,0;0,0
NL:S:50848001;Veenhuizerveldweg;Huinen;13,1;13,8;5,7;6,4;3,4;3,0
NL:S:50848003;Oude Garderenseweg;Huinen;8,9;9,4;2,5;2,9;2,8;1,5
NL:S:60000203;Zuster Meyboomlaan;Apeldoorn;0,3;1,4;0,2;0,7;0,8;0,6
NL:S:60000224;Roermondsplein;Arnhem;1,9;2,8;1,3;1,1;0,2;0,6
NL:S:60000225;Valkenhuizen;Arnhem;0,4;1,1;0,3;0,6;0,3;0,4
NL:S:18500010;Noordikslaan;Almelo;15,6;26,6;0,0;0,0;0,0;0,0
NL:S:18500120;Sliepersdijk;Hoge Hexel;1,0;0,6;0,0;0,0;0,0;0,0
NL:S:18500140;Hammerweg;Vriezenveen;0,1;0,0;0,0;0,0;0,0;0,0
NL:S:43000010;Centraal Station;Enschede;5824,6;5813,5;1924,6;1866,4;1194,2;954,8
NL:S:43000031;Van Heekplein;Enschede;1043,2;1009,3;937,2;958,8;260,4;292,7
NL:S:43000050;MST Haaksbergerstraat;Enschede;112,2;133,6;43,7;46,0;22,6;30,1
NL:S:43000130;Spinnerplein;Enschede;34,9;31,9;18,9;14,7;10,3;9,9
NL:S:43000150;B.W. ter Kuilestraat;Enschede;4,2;3,5;2,3;1,2;1,2;0,7
NL:S:43000170;Wicher Nijkampstraat;Enschede;5,1;3,8;3,2;1,6;2,0;0,6
NL:S:43000190;Wkc Stadsveld;Enschede;73,4;26,1;45,9;15,5;19,9;4,7
NL:S:43000195;Wkc Stadsveld;Enschede;2,8;1,3;1,0;0,9;0,3;0,4
NL:S:43000220;Deurningerstraat;Enschede;37,9;44,8;18,8;20,8;7,2;10,1
NL:S:43000240;Station Kennispark;Enschede;171,0;217,8;32,1;65,4;22,1;26,2
NL:S:43000250;Roombeek;Enschede;184,7;188,7;62,7;59,6;26,1;30,4
NL:S:43000270;Hulsmaatstraat;Enschede;137,5;131,1;38,8;31,5;15,8;16,8
NL:S:43000300;Horstlindelaan;Enschede;3,9;6,8;3,5;4,1;1,4;2,0
NL:S:43000320;Handellaan;Enschede;11,1;10,3;9,7;9,2;4,2;4,3
NL:S:43000340;Slagman;Enschede;9,3;7,7;3,7;2,1;1,5;1,7
NL:S:43000350;Stroinksbleekweg;Enschede;40,2;59,4;18,3;23,6;8,6;13,4
NL:S:43000370;Buizerdstraat;Enschede;7,9;40,6;3,6;18,3;1,6;10,7
NL:S:43000380;Spechtstraat;Enschede;70,4;25,8;23,4;11,9;8,9;4,0
NL:S:43000490;G.J. van Heekstraat;Enschede;3,1;18,4;1,8;10,9;1,2;12,3
NL:S:43000510;Lambertus Buddestraat;Enschede;51,2;52,1;25,3;19,7;8,6;12,6
NL:S:43000530;Volkspark;Enschede;30,1;46,1;12,7;16,0;8,0;10,2
NL:S:43000610;Toekomststraat;Enschede;53,8;36,5;31,8;18,9;14,4;21,9
NL:S:43000630;Weegschaalstraat;Enschede;64,5;67,6;37,3;41,0;18,1;24,2
NL:S:43000650;Wkc Twekkelerveld;Enschede;108,1;104,0;75,3;69,6;36,4;44,7
NL:S:43000670;Olieslagweg;Enschede;22,2;17,1;14,7;11,3;7,5;9,8
NL:S:43000690;Jupiterstraat;Enschede;53,3;46,1;38,8;42,0;17,8;20,8
NL:S:43000711;Capitool;Enschede;16,1;19,5;1,7;3,7;1,3;2,1
NL:S:43000810;Beethovenlaan;Enschede;14,5;8,4;9,2;3,8;3,3;1,5
NL:S:43001050;Boddenkamp;Enschede;90,4;56,8;24,6;14,4;14,0;7,4
NL:S:43001090;Dr. J. van Damstraat;Enschede;21,0;8,8;9,2;5,1;3,1;2,2
NL:S:43001110;Fazantplein;Enschede;26,6;3,2;11,7;0,9;5,9;0,4
NL:S:43001180;Waalstraat;Enschede;61,9;50,0;30,5;26,5;14,1;15,3
NL:S:43001190;Deppenbroekstraat;Enschede;2,9;17,9;3,5;8,3;0,7;2,4
NL:S:43001200;Het Achtervoort;Enschede;22,2;24,6;9,2;10,8;5,9;8,0
NL:S:43001210;Het Voortman;Enschede;7,0;12,2;7,8;12,2;2,5;4,2
NL:S:43001310;Wkc Deppenbroek;Enschede;53,0;54,9;26,6;28,7;11,9;15,7
NL:S:43001340;Vanekerstraat;Enschede;25,3;18,8;20,0;15,6;8,9;11,2
NL:S:43001360;P.A. van Deldenstraat;Enschede;19,7;19,6;8,8;7,8;4,8;6,4
NL:S:43001430;Sparrendaal;Enschede;46,3;41,6;28,0;23,6;10,1;9,3
NL:S:43001450;Gelderlandstraat;Enschede;61,7;58,9;40,5;37,3;18,5;19,6
NL:S:43001470;Utrechtlaan;Enschede;273,5;289,7;11,9;13,0;5,6;7,5
NL:S:43001490;Zuid Hollandlaan;Enschede;19,0;21,4;6,3;7,7;3,6;5,0
NL:S:43001550;Wkc Boswinkel;Enschede;132,9;129,7;73,3;67,4;31,1;36,9
NL:S:43001570;Tuindorp Broekheurne;Enschede;66,7;63,4;32,4;36,1;12,7;16,3
NL:S:43001600;Het Lang;Enschede;0,2;0,2;0,1;0,2;0,0;0,0
NL:S:43001620;Het Riet;Enschede;0,0;0,1;0,0;0,0;0,0;0,0
NL:S:43001630;Verrijzeniskerk;Enschede;70,4;65,8;29,5;24,7;12,8;13,1
NL:S:43001640;Lintveldebrink;Enschede;24,6;27,0;12,1;18,5;4,9;8,4
NL:S:43001650;Hazendijk;Enschede;0,9;23,1;0,7;11,9;0,2;3,5
NL:S:43001670;Broekheurnerborg;Enschede;0,5;0,5;0,9;0,8;0,0;0,0
NL:S:43001671;Broekheurnerplein;Enschede;0,9;0,6;1,3;1,1;0,0;0,0
NL:S:43001690;De Kiepe;Enschede;9,5;12,8;4,3;5,8;1,4;2,2
NL:S:43001700;Broekheurne-Ring;Enschede;16,4;0,6;8,6;0,1;3,9;0,0
NL:S:43001730;Hertmebrink;Enschede;71,1;52,5;47,3;32,2;20,8;14,5
NL:S:43001750;Wkc Het Bijvank;Enschede;26,4;28,5;11,8;13,5;5,9;6,1
NL:S:43001770;Vlierstraat;Enschede;42,0;59,6;14,6;17,8;7,1;11,3
NL:S:43001790;Het Oosterveld;Enschede;82,4;80,4;36,9;37,3;17,4;16,4
NL:S:43001810;Saasveldbrink;Enschede;0,0;0,1;0,0;0,0;0,0;0,0
NL:S:43001820;Herikebrink;Enschede;43,3;38,1;15,8;15,3;5,0;6,6
NL:S:43001830;Rabobank;Enschede;41,4;47,3;16,8;18,8;5,3;9,2
NL:S:43001850;P+R Zuiderval;Enschede;86,0;92,4;40,7;41,3;13,1;11,4
NL:S:43001870;Het Leunenberg;Enschede;49,8;52,5;30,3;30,5;11,6;10,6
NL:S:43001900;De Posten;Enschede;94,4;73,2;35,2;26,6;17,4;16,6
NL:S:43001910;Wkc Zuid;Enschede;79,2;93,8;53,0;58,2;15,5;17,6
NL:S:43001930;De Reulver;Enschede;38,1;40,3;15,8;16,4;6,8;12,1
NL:S:43001950;Ypelobrink;Enschede;45,1;47,4;17,2;17,3;8,5;10,2
NL:S:43001970;Zunabrink;Enschede;43,0;37,0;19,5;17,8;9,6;7,8
NL:S:43002000;Hengeveldebrink;Enschede;39,1;28,6;16,8;13,7;6,1;5,3
NL:S:43002030;Rozenstraat;Enschede;2,5;2,9;1,0;1,4;0,3;0,7
NL:S:43002050;Ribbeltsweg;Enschede;0,4;10,9;0,2;3,9;0,0;3,4
NL:S:43002070;Laaressingel;Enschede;20,3;15,7;7,2;5,6;2,8;2,2
NL:S:43002090;Asterstraat;Enschede;7,9;14,2;4,6;7,7;1,0;3,5
NL:S:43002110;Hyacintstraat;Enschede;13,0;4,0;6,8;1,6;2,1;0,9
NL:S:43002130;Gladiolenstraat;Enschede;17,4;32,3;8,4;12,6;1,7;3,4
NL:S:43002220;Wkc Stroinkslanden;Enschede;11,7;76,0;7,4;38,6;12,3;27,8
NL:S:43002250;Oosterstraat;Enschede;8,0;9,4;2,3;2,7;0,7;1,6
NL:S:43002290;Sportpark;Enschede;37,9;35,7;12,8;13,7;7,7;7,3
NL:S:43002310;Mariendaal;Enschede;21,2;21,0;7,3;7,9;3,0;4,0
NL:S:43002500;Bonhoeffer Bruggert;Enschede;32,7;33,0;16,4;11,4;8,0;9,6
NL:S:43002510;Soendastraat;Enschede;15,1;15,4;9,3;11,0;5,7;6,2
NL:S:43002530;Bankastraat;Enschede;24,5;28,6;7,4;10,1;3,2;8,5
NL:S:43002570;Madioenstraat;Enschede;0,9;0,7;0,3;0,2;0,0;0,0
NL:S:43002600;Aquadrome;Enschede;74,3;89,0;23,6;27,7;11,3;12,0
NL:S:43002610;Brinkstraat;Enschede;2,0;1,9;0,4;0,3;0,0;0,0
NL:S:43002630;J.P. Coenstraat;Enschede;1,4;1,7;0,4;0,3;0,0;0,0
NL:S:43002650;Padangstraat;Enschede;2,0;1,6;1,0;0,6;0,0;0,0
NL:S:43002790;Rembrandtlaan;Enschede;9,0;10,3;5,1;6,3;2,0;5,4
NL:S:43002820;De Hatteler;Enschede;25,2;31,4;12,9;16,9;4,6;7,7
NL:S:43002840;Albert Cuypstraat;Enschede;12,5;45,8;5,6;21,6;2,5;20,2
NL:S:43002860;Zuivelstraat;Enschede;15,1;64,2;8,2;36,2;3,9;28,1
NL:S:43003070;Pathmossingel;Enschede;0,1;0,2;0,0;0,1;0,0;0,1
NL:S:43003090;Poolmansweg;Enschede;59,4;64,4;28,1;31,0;14,8;26,3
NL:S:43003110;Lindenstraat;Enschede;32,6;15,9;16,3;7,6;6,3;5,8
NL:S:43003180;Bruggertstraat;Enschede;4,8;7,0;1,2;1,3;0,7;0,8
NL:S:43003200;C. Troostlaan;Enschede;9,7;7,0;4,1;3,2;1,5;0,9
NL:S:43003210;E. de Wittestraat;Enschede;12,5;12,0;4,8;5,2;2,6;2,9
NL:S:43003220;Henriette Ronnerlaan;Enschede;1,8;1,6;0,1;0,2;0,0;0,0
NL:S:43003250;Fre Cohenlaan;Enschede;17,3;12,0;7,4;6,2;2,9;2,5
NL:S:43003270;Ferdinand Bolstraat;Enschede;46,8;16,4;26,4;9,7;10,7;4,5
NL:S:43003440;Hanenberglanden;Enschede;58,0;52,8;25,4;21,8;11,9;14,6
NL:S:43003460;Hesselinklanden;Enschede;57,3;37,5;25,3;18,2;10,7;8,3
NL:S:43003480;Auskamplanden;Enschede;42,6;37,3;19,3;16,2;8,9;9,3
NL:S:43003500;Hasmanlanden;Enschede;46,7;47,8;21,8;26,1;10,5;14,3
NL:S:43003530;Tiemeister;Enschede;67,3;61,5;5,1;5,9;1,5;3,1
NL:S:43003570;Schabbinklanden;Enschede;23,1;31,1;14,8;17,9;6,4;9,6
NL:S:43003600;Bekmanlanden;Enschede;24,9;13,8;12,7;6,9;5,4;4,3
NL:S:43003620;Vrielinklanden;Enschede;45,6;33,9;16,7;12,6;8,7;6,1
NL:S:43003640;Verwooldslanden;Enschede;42,2;4,4;21,4;1,1;8,1;0,4
NL:S:43003680;Wkc De Posten;Enschede;0,2;0,2;0,1;0,1;0,0;0,0
NL:S:43003700;Verzorgingshuis De Posten;Enschede;0,4;0,3;0,4;0,5;0,0;0,0
NL:S:43003870;Buurserstraat;Enschede;65,8;52,2;26,9;21,0;13,3;11,8
NL:S:43003900;Stadsdeelkant. Zuid;Enschede;0,4;1,1;0,1;1,7;0,0;0,0
NL:S:43004010;Borstelweg;Enschede;23,5;24,3;9,8;9,5;5,6;7,2
NL:S:43004050;Lonnekerbrugstraat;Enschede;1,0;1,5;0,0;0,0;0,0;0,0
NL:S:43004090;Orion;Enschede;0,1;0,2;0,0;0,0;0,0;0,0
NL:S:43004170;Twekkeler Es;Enschede;7,6;8,4;0,0;0,0;0,0;0,0
NL:S:43004310;De Hoeveler;Enschede;4,5;5,5;0,0;0,0;0,0;0,0
NL:S:43004340;Scansped;Enschede;0,4;1,1;0,0;0,0;0,0;0,0
NL:S:43004370;Dr. J. Wagenaarstraat;Enschede;7,3;0,1;1,4;0,0;0,0;0,0
NL:S:43004410;Transportcentrum;Enschede;7,7;7,9;0,0;0,0;0,0;0,0
NL:S:43004450;Kanaalstraat;Enschede;1,2;1,3;0,0;0,0;0,0;0,0
NL:S:43004550;Olympialaan;Enschede;1,9;1,4;0,5;0,2;0,0;0,0
NL:S:43004590;Hendrik Smeltweg;Enschede;1,1;3,3;0,4;1,1;0,0;0,0
NL:S:43005030;C.F. Klaarstraat;Enschede;103,8;97,2;48,4;44,8;21,1;30,2
NL:S:43005190;Wooldrik;Enschede;110,7;113,6;36,9;38,8;17,9;25,2
NL:S:43005440;Meubelboulevard;Enschede;58,0;70,0;16,6;19,5;3,7;6,4
NL:S:43005530;Goolkatenweg;Enschede;95,8;97,9;25,1;23,3;7,6;10,8
NL:S:43005570;Ledeboerpark;Enschede;59,2;55,1;26,5;19,6;8,7;22,2
NL:S:43005590;Uranusstraat;Enschede;69,2;66,3;23,8;19,9;7,7;13,1
NL:S:43005630;Westerbegraafplaats/UT;Enschede;324,2;339,8;11,6;12,8;3,6;5,6
NL:S:43005710;Kennispark/UT;Enschede;258,3;267,1;55,1;50,0;13,2;10,3
NL:S:43006030;De Klomp;Enschede;12,0;14,8;12,6;17,6;2,6;4,5
NL:S:43006090;Voortmansweg;Enschede;4,2;5,4;1,7;1,9;0,7;1,0
NL:S:43006120;Driesprong;Lonneker;0,4;1,0;0,3;0,2;0,5;0,1
NL:S:43006160;Kotkampweg;Enschede;32,6;45,5;14,5;12,8;7,4;8,1
NL:S:43006980;Veldkampstraat;Enschede;18,3;18,1;12,7;11,8;5,0;7,8
NL:S:43007120;Getfertsingel;Enschede;15,4;16,3;9,1;9,6;2,9;4,7
NL:S:43007140;Stevenfennestraat;Enschede;29,2;26,3;20,1;20,2;10,8;13,6
NL:S:43007160;Dr. v.d. Zandestraat;Enschede;38,5;37,1;26,4;28,6;15,0;17,0
NL:S:43007180;Borgbos;Enschede;11,3;9,7;5,7;6,1;3,9;4,3
NL:S:43007200;Usseler Esch;Usselo;1,1;1,7;0,4;0,6;0,3;0,2
NL:S:43008030;Floraparkstraat;Enschede;5,6;10,3;2,8;5,3;1,7;2,9
NL:S:43008050;Onlandhorst;Enschede;5,3;3,9;2,2;1,7;0,5;0,7
NL:S:43008070;Wkc Stokhorst;Enschede;16,2;18,8;10,9;13,4;2,7;3,8
NL:S:43008090;Hoge Boekelerweg;Enschede;14,2;10,3;7,5;5,1;2,9;2,3
NL:S:43008110;Wkc 't Ribbelt;Enschede;15,4;9,5;6,3;4,4;3,4;2,8
NL:S:43008130;Dotterbloemstraat;Enschede;37,2;8,1;6,4;0,4;2,6;0,2
NL:S:43008200;Lindenhof;Enschede;78,9;78,0;52,5;50,2;15,1;17,4
NL:S:43008230;Marie de Roodelaan;Enschede;14,3;6,7;5,5;1,8;2,5;1,8
NL:S:43008390;Auke Vleerstraat;Enschede;0,4;1,0;0,0;0,0;0,0;0,0
NL:S:43008410;Usselerrondweg;Enschede;0,7;0,6;0,0;0,0;0,0;0,0
NL:S:43010030;Winterweg;Enschede;28,6;28,8;13,4;11,4;4,7;5,3
NL:S:43010050;Dolphia;Enschede;58,6;61,1;21,7;24,5;9,4;11,6
NL:S:43010070;Esmarkelaan;Enschede;62,9;60,7;29,3;28,1;12,2;11,0
NL:S:43010110;Oikos;Glanerbrug;86,0;76,9;36,1;33,5;14,1;14,7
NL:S:43010140;Schoolstraat;Glanerbrug;75,6;49,2;41,2;24,1;14,0;7,4
NL:S:43010220;Tolstraat;Glanerbrug;49,9;55,7;21,8;27,3;9,4;12,0
NL:S:43010240;Symfoniestraat;Glanerbrug;61,4;56,1;22,6;21,5;11,9;12,2
NL:S:43010330;Ekersdijk;Glanerbrug;13,1;80,7;3,9;36,0;6,0;20,1
NL:S:43010350;Eilermarke;Glanerbrug;63,8;76,0;21,5;26,2;9,3;13,7
NL:S:43010370;Schipholtstraat;Glanerbrug;59,1;70,7;21,1;26,2;10,6;13,6
NL:S:43011120;Zwarteweg;Glanerbrug;77,1;13,8;35,3;5,6;17,0;3,9
NL:S:43021790;Boskamphoek;Enschede;23,7;25,2;13,4;14,3;4,3;4,6
NL:S:43021830;Beekwoudehoek;Enschede;41,2;36,7;18,5;17,7;7,6;8,4
NL:S:43021850;Honinglohoek;Enschede;75,5;70,3;40,7;38,0;18,8;19,8
NL:S:43021870;Wkc Helmerhoek;Enschede;70,5;70,2;38,8;36,4;13,7;15,3
NL:S:43021970;Graeshoek;Enschede;28,5;28,1;16,2;18,4;7,2;8,2
NL:S:43022000;Disselhoek;Enschede;44,7;43,6;21,2;20,2;9,4;10,2
NL:S:43022010;Dubbelinckhoek;Enschede;33,2;27,1;12,8;11,5;6,4;6,4
NL:S:43100070;Tinsteden;Enschede;5,8;6,8;0,0;0,0;0,0;0,0
NL:S:43100090;Meester de Wolfstraat;Boekelo;0,0;1,1;0,0;0,6;0,0;0,0
NL:S:43100350;Windmolenweg/Centrum;Boekelo;1,5;0,1;0,8;0,1;0,0;0,0
NL:S:43100360;Smaragdstraat;Boekelo;0,2;0,5;0,0;0,2;0,0;0,0
NL:S:43100410;R.K. Kerk;Boekelo;2,3;2,2;0,3;0,3;0,0;0,0
NL:S:43100600;De Blekerij;Boekelo;2,9;0,1;0,5;0,0;0,0;0,0
NL:S:43100780;Henri Dunantlaan;Boekelo;0,2;0,8;0,0;0,3;0,0;0,0
NL:S:43100800;Weleweg;Boekelo;0,7;2,7;0,2;0,9;0,0;0,0
NL:S:43100970;Marssteden;Enschede;6,5;6,0;0,0;0,0;0,0;0,0
NL:S:43101010;Kopersteden;Enschede;5,5;6,9;0,0;0,0;0,0;0,0
NL:S:43110010;Oude Grensweg;Hengelo;45,9;47,4;19,0;22,6;6,6;6,7
NL:S:43110070;De Broeierd;Enschede;130,1;137,4;79,7;56,8;16,7;28,5
NL:S:43110120;UT/Drienerbeeklaan;Enschede;17,6;23,1;9,7;11,0;10,4;20,2
NL:S:43110140;UT/Hoofdingang;Enschede;14,9;17,3;1,1;0,9;1,2;0,7
NL:S:43110170;Kettingbrug;Hengelo;6,2;7,6;2,3;2,3;0,8;1,7
NL:S:43110210;UT/De Hems;Enschede;78,8;75,4;28,9;25,5;16,8;67,8
NL:S:43110230;UT/Calslaan;Enschede;0,8;5,1;9,9;18,1;9,7;46,0
NL:S:43110250;UT/Reelaan;Enschede;15,4;12,2;8,6;6,4;2,6;10,5
NL:S:43110270;UT/Langenkampweg;Enschede;46,1;33,7;29,4;16,2;8,8;56,3
NL:S:43110280;UT/Sportcentrum;Enschede;5,8;7,5;12,8;21,4;9,6;12,9
NL:S:43110310;UT/Hallenweg;Enschede;61,1;63,7;0,0;0,0;0,0;0,0
NL:S:43110330;UT/Bastille;Enschede;42,3;35,2;12,8;3,6;6,4;3,9
NL:S:43111290;UT/De Zul;Enschede;20,8;23,0;0,0;0,0;0,0;0,0
NL:S:43130010;Platinastraat;Hengelo;56,7;63,1;7,0;7,4;1,6;2,6
NL:S:43130030;Bellersweg;Beckum;4,2;4,3;0,8;1,0;0,3;0,6
NL:S:43130050;Sluitersdijk;Beckum;0,3;0,9;0,1;0,2;0,1;0,2
NL:S:43130070;Wolfkaterweg;Beckum;20,5;20,3;4,6;5,9;2,4;3,7
NL:S:43130090;R.K. Kerk;Beckum;11,6;11,4;7,6;4,5;4,4;3,6
NL:S:43130140;Bentelerweg;Beckum;1,0;1,0;0,3;0,5;0,1;0,4
NL:S:43150010;Grens;Buurse;0,8;0,8;0,0;0,0;0,0;0,0
NL:S:43150030;Braambrug;Buurse;0,6;0,6;0,0;0,0;0,0;0,0
NL:S:43150050;Garage De Posten;Buurse;0,7;0,6;0,0;0,0;0,0;0,0
NL:S:43150090;Zendvelderweg;Buurse;0,4;0,8;0,0;0,0;0,0;0,0
NL:S:43150110;Hofweg;Buurse;0,7;0,1;0,0;0,0;0,0;0,0
NL:S:43150130;Koekkoeksbrug;Buurse;0,1;0,6;0,0;0,0;0,0;0,0
NL:S:43150150;Cafe Winkelman;Buurse;3,8;3,7;0,0;0,0;0,0;0,0
NL:S:43160150;Cafe De Witte;Hengevelde;9,5;10,0;0,3;0,9;0,0;0,0
NL:S:43160210;Cafe Roesscher;Hengevelde;0,9;0,9;0,1;0,0;0,0;0,0
NL:S:43160250;Kerk;Hengevelde;36,1;34,6;3,4;3,7;0,0;0,0
NL:S:43160310;Transformatorhuis;Hengevelde;1,4;1,2;0,0;0,1;0,0;0,0
NL:S:43160370;Centrum;St. Isidorushoeve;5,3;5,0;0,7;1,3;0,0;0,0
NL:S:43160390;Weg naar Rietmolen;St. Isidorushoeve;1,5;1,8;0,2;0,2;0,0;0,0
NL:S:43170030;Lonnekermolenweg;Losser;0,9;1,4;1,1;1,7;0,6;0,6
NL:S:43170050;Oude Losserseweg;Losser;0,1;0,2;0,0;0,1;0,0;0,1
NL:S:43170070;Landweerweg;Losser;2,2;2,0;0,3;0,3;0,4;1,3
NL:S:43170100;Pompstation;Losser;0,8;1,2;0,2;0,2;1,2;0,3
NL:S:43180030;Dorpsstraat;Lonneker;6,5;9,2;2,3;4,3;1,2;2,3
NL:S:43180050;Scholten Reimerstraat;Lonneker;24,3;22,6;9,0;8,3;4,2;4,1
NL:S:43180070;Beukerweg;Lonneker;3,7;3,8;0,9;1,3;0,6;0,8
NL:S:43180090;Landweerweg;Lonneker;1,5;1,8;0,8;0,9;0,3;0,3
NL:S:43180110;Prins Bernhardpark;Lonneker;0,8;0,9;0,3;0,3;0,1;0,1
NL:S:43180130;Veendijk;Lonneker;0,9;1,0;0,4;0,3;0,1;0,1
NL:S:43180160;Hanzepoort;Oldenzaal;21,9;26,2;2,6;3,3;1,6;1,6
NL:S:43210020;Berfloplein;Hengelo;9,5;10,2;2,3;3,2;0,0;0,0
NL:S:43210040;Brouwerijstraat;Hengelo;1,1;2,0;0,9;1,2;0,0;0,0
NL:S:43210060;Twekkelerplein;Hengelo;5,9;6,5;2,5;3,0;0,0;0,0
NL:S:43210080;Athenestraat;Hengelo;2,6;3,4;0,7;0,7;0,0;0,0
NL:S:43210110;Berfloweg;Hengelo;2,8;3,8;1,4;1,7;0,0;0,0
NL:S:43210130;Pruisische Veldweg;Hengelo;3,2;3,1;0,8;1,2;0,0;0,0
NL:S:43210150;Vuurdoornplein;Hengelo;28,8;28,4;6,1;5,4;0,0;0,0
NL:S:43210170;Goudenregenstraat;Hengelo;0,6;2,2;0,3;1,1;0,0;0,0
NL:S:43210180;Jasmijnstraat;Hengelo;11,6;8,6;2,1;1,1;0,0;0,0
NL:S:43210190;Heraklesstraat;Hengelo;12,2;11,7;3,5;2,0;0,0;0,0
NL:S:43210290;Gerardus Majella;Hengelo;21,6;26,3;10,4;13,2;4,4;7,1
NL:S:43210380;Wkc Hengelose Es;Hengelo;68,8;71,8;24,7;30,2;5,7;13,3
NL:S:43210430;Achterhoek;Hengelo;14,7;14,5;3,1;4,1;0,4;2,2
NL:S:43210520;Steenmeijerstraat;Hengelo;6,2;2,1;4,3;2,1;0,8;0,1
NL:S:43210580;Pasteurstraat;Hengelo;7,3;8,1;4,9;5,3;1,1;1,4
NL:S:43210590;Twickelcollege;Hengelo;10,7;7,9;4,6;3,4;1,5;1,3
NL:S:43210610;Narcisstraat;Hengelo;2,7;3,4;1,1;1,5;0,4;0,7
NL:S:43210645;Industriestraat;Hengelo;1,3;5,9;1,0;1,9;0,3;0,7
NL:S:43210650;Nijverheidsstraat;Hengelo;1,2;1,5;0,9;1,2;0,4;0,3
NL:S:43210670;Krabbenbosplein;Hengelo;4,2;5,1;4,1;5,0;1,0;1,1
NL:S:43210690;Catharinastraat;Hengelo;3,7;5,2;2,3;3,7;1,0;1,9
NL:S:43210710;Gezinastraat;Hengelo;3,5;5,4;3,8;4,9;0,5;0,9
NL:S:43210730;Laurastraat;Hengelo;2,0;3,2;1,6;2,9;0,2;0,9
NL:S:43210750;Babcockstraat;Hengelo;1,4;3,6;1,2;2,2;0,3;0,9
NL:S:43210770;Zernikestraat;Hengelo;2,7;5,5;2,4;3,2;0,4;1,0
NL:S:43210790;Meijersweg;Hengelo;0,8;1,7;0,5;1,4;0,2;0,5
NL:S:43210820;Willem de Clerqstraat;Hengelo;15,2;35,5;0,4;2,8;0,1;0,3
NL:S:43210850;Lansinkesweg;Hengelo;50,3;104,4;2,5;3,2;0,8;1,6
NL:S:43210890;GOLS-straat;Hengelo;0,1;1,1;0,1;0,0;0,0;0,0
NL:S:43210940;Griegstraat;Hengelo;4,9;4,4;4,0;3,5;0,5;1,0
NL:S:43210960;Kasbah;Hengelo;11,3;12,3;6,5;6,9;0,8;1,4
NL:S:43210980;Paganinistraat;Hengelo;8,3;9,2;5,7;5,4;0,5;1,0
NL:S:43211011;Centraal Station;Hengelo;2715,2;2368,0;817,0;720,0;501,9;281,1
NL:S:43211030;Grundellaan;Hengelo;57,4;57,9;9,1;10,6;3,1;3,4
NL:S:43211060;Staringstraat;Hengelo;9,1;4,3;3,3;1,7;0,7;0,4
NL:S:43211070;Klaverstraat;Hengelo;4,8;4,8;2,5;3,4;0,4;0,3
NL:S:43211090;Van Koetsveldstraat;Hengelo;6,5;7,2;4,2;5,4;0,7;2,2
NL:S:43211110;Rhijnvis Feithstraat;Hengelo;19,1;18,1;5,5;6,6;1,6;1,7
NL:S:43211130;Jan Prinsstraat;Hengelo;15,5;48,3;7,2;19,3;1,7;4,0
NL:S:43211150;Willem de Merodestraat;Hengelo;12,7;3,7;4,8;2,6;1,3;0,4
NL:S:43211170;'t Swafert;Hengelo;10,3;7,4;7,8;5,1;1,8;1,6
NL:S:43211190;Wkc Groot Driene;Hengelo;36,4;9,8;14,1;2,9;3,6;0,2
NL:S:43211200;Boomgaard;Hengelo;18,7;10,1;8,8;4,8;1,5;1,2
NL:S:43211230;Sportlaan Driene;Hengelo;8,9;19,9;3,6;6,6;1,1;1,3
NL:S:43211240;IKEA;Hengelo;37,8;43,9;28,6;30,0;13,3;12,9
NL:S:43211260;Vosboer;Hengelo;17,9;21,0;1,7;2,9;0,9;1,4
NL:S:43211350;Wkc Hasselo;Hengelo;71,4;73,5;39,8;39,2;16,8;19,3
NL:S:43211380;Robert Stolzstraat;Hengelo;1,1;5,0;1,1;4,5;2,7;6,3
NL:S:43211410;Middelhoek;Hengelo;45,0;40,2;17,2;15,2;8,8;8,7
NL:S:43211450;Molendijkhoek;Hengelo;41,8;38,9;18,9;16,5;7,9;9,9
NL:S:43211490;Bovenhoek;Hengelo;89,8;82,3;38,5;33,8;16,1;15,7
NL:S:43211510;Bruninkshoek;Hengelo;51,4;45,4;16,6;17,1;7,5;4,8
NL:S:43211530;Schothorsthoek;Hengelo;21,7;22,6;8,9;11,1;4,6;6,4
NL:S:43211570;Tijertshoek;Hengelo;35,5;33,8;8,7;9,2;0,0;0,0
NL:S:43211590;Plein;Hengelo;8,1;7,4;5,0;4,9;2,9;1,8
NL:S:43211610;Campus West;Hengelo;23,9;20,0;1,0;0,9;0,5;0,3
NL:S:43211630;Holec;Hengelo;17,7;18,5;1,2;1,0;0,8;0,3
NL:S:43211670;Stadskantoor;Hengelo;46,2;51,1;3,4;4,9;1,7;3,8
NL:S:43211710;Roershoek;Hengelo;48,0;45,7;10,0;13,7;4,6;7,4
NL:S:43211730;Kristenbos;Hengelo;40,1;39,7;13,4;15,7;4,8;6,6
NL:S:43211750;Beekpark;Hengelo;40,7;38,5;9,6;10,7;4,4;6,2
NL:S:43211870;Wkc Slangenbeek;Hengelo;93,0;91,3;32,4;32,3;13,9;14,2
NL:S:43212030;Haverweg;Hengelo;55,9;63,7;19,4;24,1;5,6;6,0
NL:S:43212050;Henriette Roland Holststraat;Hengelo;5,4;4,4;0,0;0,0;0,0;0,0
NL:S:43212100;De Brink;Hengelo;27,2;57,8;17,9;64,3;7,2;15,1
NL:S:43212120;Essent;Hengelo;14,0;19,4;1,5;2,6;0,5;0,5
NL:S:43212140;Twente Milieu;Hengelo;7,0;8,0;0,8;1,3;0,3;0,1
NL:S:43212180;Expo Westermaat;Hengelo;0,5;0,9;0,1;0,2;0,1;0,2
NL:S:43212260;Thiemsbrug;Hengelo;89,3;84,4;63,2;58,5;24,3;26,0
NL:S:43212270;'t Wilbert West;Hengelo;3,4;4,2;1,8;4,0;0,6;0,6
NL:S:43212290;'t Wilbert Oost;Hengelo;20,0;20,2;4,6;8,2;0,4;4,6
NL:S:43212410;'t Loo;Hengelo;1,7;3,1;0,0;0,0;0,0;0,0
NL:S:43212430;Havenstraat;Hengelo;0,0;0,0;0,0;0,0;0,0;0,0
NL:S:43212470;Boldershoekweg;Hengelo;0,1;0,0;0,0;0,0;0,0;0,0
NL:S:43212530;Onyxstraat;Hengelo;0,0;0,0;0,0;0,0;0,0;0,0
NL:S:43212550;Makro;Hengelo;0,3;0,0;0,0;0,0;0,0;0,0
NL:S:43212610;Campus Oost;Hengelo;8,7;12,0;0,5;1,2;0,4;0,8
NL:S:43212750;Europalaan;Hengelo;2,9;2,7;0,0;0,0;0,0;0,0
NL:S:43212810;Buitenweg;Hengelo;10,6;12,5;3,4;3,7;2,5;2,0
NL:S:43212830;Geerdinksweg;Hengelo;8,7;11,8;5,4;6,2;2,6;1,7
NL:S:43212850;IJsselstraat;Hengelo;14,9;21,2;7,0;3,9;1,1;1,4
NL:S:43212870;Vockersweg;Hengelo;39,9;47,2;0,9;4,1;0,4;0,3
NL:S:43212910;Dieselstraat;Hengelo;12,8;8,9;8,5;6,2;3,4;2,9
NL:S:43213010;M.A. de Ruyterstraat;Hengelo;11,3;11,1;0,6;0,7;0,5;0,4
NL:S:43213050;Backenhagenlaan;Hengelo;13,7;14,0;3,7;2,7;2,6;1,0
NL:S:43213070;Hamerstraat;Hengelo;9,5;9,0;2,5;1,3;1,8;0,5
NL:S:43213090;Klaas de Rookstraat;Hengelo;13,1;12,6;4,7;4,1;6,4;3,4
NL:S:43213150;Westelijke Esweg;Hengelo;8,0;9,0;2,3;2,2;0,0;0,0
NL:S:43213300;ZGT Hoofdingang;Hengelo;21,0;15,9;2,8;1,6;1,1;0,8
NL:S:43213320;Aletta Jacobslaan;Hengelo;3,7;3,2;1,7;1,8;0,9;0,9
NL:S:43213340;Sabina Klinkhamerweg;Hengelo;5,1;4,2;2,0;1,8;0,5;0,4
NL:S:43214030;Het Broek;Hengelo;71,5;69,5;16,8;18,5;9,9;9,2
NL:S:43214050;Akzo Poort 1;Hengelo;0,0;0,1;0,0;0,0;0,0;0,0
NL:S:43214070;Willem de Kooningstraat;Hengelo;20,8;21,2;4,0;4,3;0,9;2,0
NL:S:43214990;Station Hengelo Oost;Hengelo;12,3;13,2;2,7;3,4;0,5;0,7
NL:S:43215010;Klein Driene;Hengelo;41,8;42,7;20,0;20,6;10,3;11,2
NL:S:43215030;De Noork;Hengelo;50,7;55,5;21,1;24,2;12,4;18,5
NL:S:43218090;Sabastraat;Hengelo;8,3;5,0;4,1;3,5;0,9;0,3
NL:S:43218110;Balistraat;Hengelo;2,1;0,8;1,2;0,7;0,2;0,2
NL:S:43218130;Mitchamplein;Hengelo;0,9;1,4;0,4;1,0;0,1;1,1
NL:S:43220011;Molkenboer;Oldenzaal;25,6;28,2;4,3;4,6;0,0;0,0
NL:S:43220100;Kalheupinklaan;Oldenzaal;0,1;0,6;0,0;0,1;0,0;0,0
NL:S:43220120;Guido Gezellestraat;Oldenzaal;6,8;5,3;0,0;0,0;0,0;0,0
NL:S:43220150;Johanna van Burenlaan;Oldenzaal;6,1;7,2;2,3;3,3;0,0;0,0
NL:S:43220170;Wkc De Thij;Oldenzaal;81,5;80,2;9,5;9,2;0,0;0,0
NL:S:43220190;Cato Elderinklaan;Oldenzaal;12,5;14,6;3,1;2,7;0,0;0,0
NL:S:43220195;Fr. van Eedenstraat;Oldenzaal;21,1;12,6;0,0;0,0;0,0;0,0
NL:S:43220260;Saasvelderlaan;Oldenzaal;10,8;9,2;2,2;2,6;0,0;0,0
NL:S:43220270;Oude Postweg;Oldenzaal;2,2;5,0;0,8;1,0;0,8;1,0
NL:S:43220290;Nardusboer;Oldenzaal;5,1;4,3;2,1;1,8;0,0;0,0
NL:S:43220400;Griekenlandlaan;Oldenzaal;5,9;3,6;0,8;1,4;0,0;0,0
NL:S:43220410;Ziekenhuis;Oldenzaal;39,1;56,6;10,1;19,2;3,7;8,5
NL:S:43220430;Hofmeijerstraat;Oldenzaal;19,9;32,5;7,5;11,2;2,6;3,5
NL:S:43220450;Vos de Waelstraat;Oldenzaal;82,9;71,6;22,5;24,9;8,7;7,6
NL:S:43220470;Richter Bosstraat;Oldenzaal;9,7;19,8;4,0;9,6;2,2;3,8
NL:S:43220490;Thijsniederweg;Oldenzaal;13,6;5,6;4,5;1,6;0,0;0,0
NL:S:43220500;Koksweg;Oldenzaal;2,0;2,3;0,4;0,5;0,2;0,5
NL:S:43220511;Tijgaardenstraat;Oldenzaal;11,3;11,2;4,5;4,0;0,0;0,0
NL:S:43220531;Viaduct Graven Es;Oldenzaal;10,6;10,0;2,3;2,1;0,0;0,0
NL:S:43220551;Engelbertinklaan;Oldenzaal;14,1;13,9;3,2;4,1;0,0;0,0
NL:S:43220570;Hunenveldweg;Oldenzaal;24,2;28,7;4,0;5,3;0,0;0,0
NL:S:43220690;Wkc De Essen;Oldenzaal;14,8;13,0;1,6;2,7;0,0;0,0
NL:S:43220710;Nachtschade;Oldenzaal;6,7;5,8;0,4;0,6;0,0;0,0
NL:S:43220730;Zevenblad;Oldenzaal;13,1;9,0;1,5;1,8;0,0;0,0
NL:S:43220760;Bentheimergraven;Oldenzaal;6,5;5,4;0,5;0,3;0,0;0,0
NL:S:43220790;Thijlaan;Oldenzaal;3,8;4,4;0,3;0,5;0,0;0,0
NL:S:43220840;Station;Oldenzaal;854,6;869,5;196,9;178,7;60,1;63,6
NL:S:43220851;Hyacintstraat;Oldenzaal;7,2;7,9;1,9;4,0;0,0;0,0
NL:S:43220930;Vondellaan;Oldenzaal;10,1;11,2;0,0;0,0;0,0;0,0
NL:S:43221040;Loweg;Oldenzaal;1,2;2,5;0,9;0,9;0,4;1,3
NL:S:43221210;Wkc Zuid Berghuizen;Oldenzaal;67,8;60,6;27,0;22,3;7,2;5,7
NL:S:43221250;Schapendijk;Oldenzaal;13,1;19,3;3,5;5,9;0,9;2,0
NL:S:43221270;Lossersestraat;Oldenzaal;1,9;3,1;0,3;0,7;0,0;0,0
NL:S:43221290;Postweg;Losser;1,0;1,4;0,2;0,4;0,0;0,0
NL:S:43221450;J.H. Nieuwenhuisstraat;Oldenzaal;34,6;35,1;7,3;8,0;3,6;2,8
NL:S:43221470;Elsmors;Oldenzaal;13,6;14,0;1,5;2,0;0,6;0,4
NL:S:43221510;Zandhorstlaan;Oldenzaal;12,2;10,7;4,1;2,8;0,0;0,0
NL:S:43221530;Hunenveldlaan;Oldenzaal;11,0;3,5;2,1;1,1;0,0;0,0
NL:S:43222010;Ganzenmarkt;Oldenzaal;0,4;0,8;0,2;0,2;0,0;0,0
NL:S:43222030;De Molenkamp;Oldenzaal;0,3;1,0;0,2;0,1;0,0;0,0
NL:S:43222060;De Grote Zwaan;De Lutte;0,4;0,3;0,2;0,1;0,0;0,0
NL:S:43222070;Begraafplaats;Oldenzaal;13,4;10,9;0,0;0,0;0,0;0,0
NL:S:43222650;Oliemolenstraat;Oldenzaal;47,6;36,7;9,8;7,0;4,9;5,6
NL:S:43230030;Beckummerweg;Stepelo;2,3;2,7;0,6;0,6;0,3;0,2
NL:S:43230050;Deelweg;Stepelo;1,6;2,0;0,8;1,0;0,4;0,7
NL:S:43230070;Hulstweg;Stepelo;2,4;2,8;0,2;0,2;0,2;0,4
NL:S:43230110;Metaalstraat;Haaksbergen;11,5;13,7;0,7;1,5;0,4;0,5
NL:S:43230140;Veldmaterstraat;Haaksbergen;48,7;51,5;14,2;14,0;9,8;9,1
NL:S:43240030;Hanhofweg;De Lutte;0,2;1,0;0,0;0,3;0,0;0,0
NL:S:43240050;R.K. Kerk;De Lutte;3,9;8,4;0,4;0,8;0,0;0,0
NL:S:43240100;Sporthal;De Lutte;1,0;0,2;0,1;0,0;0,0;0,0
NL:S:43250050;Losserhof;Losser;5,3;6,5;1,2;1,8;0,0;0,0
NL:S:43250090;Snippertweg;Losser;0,9;1,0;0,5;0,4;0,0;0,0
NL:S:43250110;Irisstraat;Losser;14,0;11,8;2,5;2,4;0,0;0,0
NL:S:43250130;R.K. Kerk;Losser;160,2;163,8;52,2;51,0;22,3;21,7
NL:S:43250150;Langenkamp;Losser;72,7;66,8;26,3;24,5;11,6;11,8
NL:S:43250170;Arendstraat;Losser;74,3;66,9;22,5;20,7;11,3;14,0
NL:S:43250190;Schorfhaar;Losser;0,0;0,2;0,0;0,0;0,0;0,0
NL:S:43250370;Prins Bernhardstraat;Overdinkel;32,9;32,5;11,8;11,0;5,4;5,8
NL:S:43250390;Tjibbe Knolstraat;Overdinkel;15,9;30,7;6,3;11,2;2,9;4,3
NL:S:43250400;Schoolstraat;Overdinkel;95,3;72,0;29,8;19,6;14,1;10,6
NL:S:43250520;R.K. Kerk;Overdinkel;23,8;22,1;9,1;8,1;6,1;5,4
NL:S:43250530;Kranengoorweg;Losser;1,1;1,4;1,0;2,3;0,4;0,5
NL:S:43250550;Broekhoekweg;Losser;3,8;4,7;3,0;2,9;1,3;1,2
NL:S:43250570;St. Martinusschool;Losser;15,9;17,5;6,6;6,8;4,0;4,5
NL:S:43250590;Dinkelbrug;Losser;3,2;3,0;0,6;0,5;0,3;0,2
NL:S:43250610;Strootsweg;Losser;2,4;2,6;1,7;0,2;0,1;0,1
NL:S:43250630;Kerkhofweg;Overdinkel;5,1;5,7;1,4;3,8;0,7;0,8
NL:S:43250650;Haydnstraat;Losser;70,9;71,2;19,9;17,0;10,8;9,4
NL:S:43251230;De Pol Noord;Losser;48,9;47,4;9,5;8,4;4,3;4,7
NL:S:43310030;Dikkerslaan;Borne;2,6;2,5;1,5;0,8;0,3;0,4
NL:S:43310050;De Bieffel;Borne;5,3;6,4;1,2;0,9;0,6;0,1
NL:S:43310090;Station;Borne;38,8;42,6;9,4;9,6;3,7;4,2
NL:S:43310110;Europastraat;Borne;7,0;2,7;1,8;0,4;0,9;0,3
NL:S:43310130;Grotestraat;Borne;10,8;10,5;1,6;2,0;0,8;1,0
NL:S:43310230;Paardebloem;Borne;0,1;0,1;0,0;0,0;0,0;0,0
NL:S:43310250;Wkc Stroom Esch;Borne;1,1;1,8;0,0;0,0;0,0;0,0
NL:S:43310270;'t Dijkhuis;Borne;0,3;0,2;0,0;0,0;0,0;0,0
NL:S:43310290;Het Witte Huis;Borne;2,5;4,3;1,3;1,8;0,4;1,0
NL:S:43310330;Hazelaarstraat;Borne;0,2;0,1;0,1;0,2;0,0;0,0
NL:S:43310350;Wkc Letterveld;Borne;1,0;1,0;0,2;0,1;0,0;0,0
NL:S:43310370;Seringenstraat;Borne;0,6;0,5;0,1;0,1;0,0;0,0
NL:S:43310390;Dreef;Borne;0,6;0,5;0,1;0,1;0,0;0,0
NL:S:43311010;R.K. Kerk;Hertme;0,2;0,8;0,0;0,0;0,0;0,0
NL:S:43311030;Dorsetplein;Borne;0,3;0,4;0,0;0,0;0,0;0,0
NL:S:43320090;Saron;Beuningen;7,1;7,2;2,6;2,6;2,3;1,4
NL:S:43320140;Beuningen;Beuningen;18,2;17,7;3,2;3,5;1,5;1,0
NL:S:43330010;'t Laantje;Rossum;1,1;0,8;0,3;0,0;0,0;0,0
NL:S:43330030;Paalmaatsdijk;Rossum;0,4;0,6;0,1;0,1;0,0;0,0
NL:S:43330070;Grotestraat;Rossum;28,1;26,0;2,1;1,3;1,1;1,1
NL:S:43330090;De Weeldbaan;Rossum;9,8;10,2;1,4;1,0;0,7;0,4
NL:S:43330110;Tramweg;Rossum;2,2;2,4;0,1;0,1;0,0;0,0
NL:S:43330130;Boschweg;Rossum;0,4;0,6;0,1;0,1;0,1;0,0
NL:S:43330150;Bibliotheek;Rossum;0,1;0,1;0,0;0,0;0,0;0,0
NL:S:43330170;De Hersmole;Rossum;0,0;0,0;0,0;0,0;0,0;0,0
NL:S:43340040;R.K. Kerk;Deurningen;11,0;12,4;3,3;2,5;0,0;0,0
NL:S:43340100;Grootsweg;Gammelke;1,1;1,4;0,5;0,7;0,0;0,0
NL:S:43340120;Wiefferweg;Gammelke;4,5;4,4;0,4;0,7;0,0;0,0
NL:S:43340140;Veldzijde;Deurningen;10,4;7,9;2,2;1,0;0,0;0,0
NL:S:43350010;Bornsestraat;Weerselo;0,4;0,8;0,3;0,4;0,0;0,0
NL:S:43350030;Het Stift;Weerselo;0,3;0,0;0,0;0,0;0,0;0,0
NL:S:43350050;Gemeentehuis;Weerselo;0,6;0,5;0,0;0,0;0,0;0,0
NL:S:43350070;Holtwijkerstraat;Weerselo;1,8;2,8;0,3;1,1;0,0;0,0
NL:S:43350090;Deurningerstraat;Weerselo;0,3;0,4;0,0;0,0;0,0;0,0
NL:S:43350110;Oude Weerseloseweg;Lemselo;0,1;0,3;0,2;0,2;0,0;0,0
NL:S:43350130;Morsweg;Lemselo;0,9;0,9;0,3;0,2;0,0;0,0
NL:S:43350170;Ittersbergstraat;Weerselo;40,7;38,5;5,7;5,7;0,0;0,0
NL:S:43350190;Het Hoikinck;Weerselo;30,9;28,7;5,4;4,1;0,0;0,0
NL:S:43350210;Sporthal;Weerselo;0,3;1,2;0,0;0,0;0,0;0,0
NL:S:43350230;Cafe Bruins;Saasveld;3,9;3,9;0,0;0,0;0,0;0,0
NL:S:43350250;Echelpoelweg;Gammelke;0,4;1,2;0,0;0,1;0,0;0,0
NL:S:43350270;Gammelkerstraat;Gammelke;1,4;1,4;0,1;0,1;0,0;0,0
NL:S:43350290;Ootmarsumsedijk;Lemselo;10,2;9,5;0,2;0,3;0,0;0,0
NL:S:43350330;Oude Deurningerstraat;Gammelke;1,0;0,2;0,1;0,0;0,0;0,0
NL:S:43350350;Voortmorsstraat;Weerselo;6,5;6,5;1,1;1,8;0,0;0,0
NL:S:43360131;Mozartstraat;Almelo;1,0;1,1;0,6;0,5;0,0;0,0
NL:S:43380010;Hondorp;Gelselaar;11,0;10,6;1,6;1,6;0,0;0,0
NL:S:43380070;School;Geesteren;0,6;0,7;0,0;0,1;0,0;0,0
NL:S:43380110;Baan;Geesteren;12,3;11,7;0,8;1,2;0,0;0,0
NL:S:43380150;Bouwhuis;Geesteren;0,7;0,3;0,1;0,1;0,0;0,0
NL:S:43400010;Kerkweg;Tilligte;0,1;0,2;0,0;0,0;0,0;0,0
NL:S:43400030;Wiemselweg;Tilligte;0,0;0,0;0,0;0,0;0,0;0,0
NL:S:43400090;Dusinksweg;Tilligte;0,0;0,0;0,0;0,0;0,0;0,0
NL:S:43400120;Cafe Arends;Lattrop;1,1;1,5;0,0;0,0;0,0;0,0
NL:S:43400130;R.K. Kerk;Lattrop;0,8;0,3;0,0;0,0;0,0;0,0
NL:S:43400170;Viersprong;Lattrop;0,2;0,3;0,0;0,0;0,0;0,0
NL:S:43400210;Viersprong De Holtweijde;Lattrop;0,6;0,5;0,0;0,0;0,0;0,0
NL:S:43410010;Mastboersweg;Zenderen;2,6;2,9;0,2;0,1;0,3;0,4
NL:S:43410050;Old Coopers Hall;Zenderen;11,9;11,7;3,6;3,5;1,9;1,8
NL:S:43410090;Reefsweg;Zenderen;6,3;6,1;1,1;2,0;1,3;1,7
NL:S:43420030;Dinkeloord;Denekamp;1,5;2,1;1,6;2,6;1,3;0,7
NL:S:43420110;Julianastraat;Denekamp;0,1;0,0;0,0;0,0;0,0;0,0
NL:S:43420150;Churchillstraat;Denekamp;39,2;39,8;9,2;9,1;5,6;4,8
NL:S:43420170;Onder de Linden;Denekamp;114,0;96,5;15,0;14,2;10,0;7,8
NL:S:43420210;Veldkampsweg;Denekamp;62,2;63,4;14,2;12,3;7,7;6,5
NL:S:43420230;St. Nicolaasstichting;Denekamp;0,1;0,1;0,0;0,0;0,0;0,0
NL:S:43420270;De Borghert;Denekamp;14,4;15,5;2,5;3,3;1,7;2,1
NL:S:43420290;De Volharding;Denekamp;13,6;13,0;5,4;5,0;3,8;3,3
NL:S:43420310;Den Alerdink;Denekamp;0,0;0,0;0,0;0,0;0,0;0,0
NL:S:43420330;Israelisch Kerkhof;Denekamp;0,2;0,2;0,0;0,0;0,0;0,0
NL:S:43420370;Oranjestraat;Denekamp;60,0;65,6;25,1;26,2;12,3;10,4
NL:S:43420390;Wilhelminastraat;Denekamp;0,1;0,2;0,0;0,0;0,0;0,0
NL:S:43420400;Gerardus Majella;Denekamp;0,1;0,2;0,0;0,0;0,0;0,0
NL:S:43430010;Oosterveldsweg;Vasse;1,4;1,7;0,2;0,1;0,1;0,1
NL:S:43430030;De Roezenberg;Vasse;0,4;0,6;0,2;0,3;0,1;0,1
NL:S:43430050;Nutterseweg;Ootmarsum;2,8;3,9;1,1;0,7;4,2;0,1
NL:S:43430070;Bielebelt;Ootmarsum;1,3;1,3;0,2;0,1;0,3;0,1
NL:S:43430090;Denekamperstraat;Ootmarsum;63,0;60,2;11,3;11,5;6,8;5,6
NL:S:43430110;Molenstraat;Ootmarsum;1,1;0,9;0,0;0,0;0,0;0,0
NL:S:43430130;Almelosestraat;Ootmarsum;7,8;10,3;2,5;2,4;1,7;1,5
NL:S:43430330;Bovenesweg;Vasse;0,0;0,3;0,1;0,2;1,2;0,0
NL:S:43430350;Vasserweg;Ootmarsum;2,3;3,9;1,0;1,0;0,7;1,3
NL:S:43430510;Laagsestraat;Ootmarsum;0,2;1,0;0,0;0,0;0,0;0,0
NL:S:43430530;Winhofflaan;Ootmarsum;0,2;0,1;0,0;0,0;0,0;0,0
NL:S:43430810;Stobbenkamp;Ootmarsum;19,5;19,6;6,3;6,5;6,8;4,2
NL:S:43430830;Wolfsbree;Ootmarsum;32,8;33,7;2,3;3,2;2,3;1,3
NL:S:43430850;Kleinesweg;Ootmarsum;12,5;13,0;2,0;2,5;1,1;1,4
NL:S:43430870;Enktermorsweg;Ootmarsum;0,4;0,5;0,0;0,1;0,0;0,1
NL:S:43430890;Groot Agelo;Ootmarsum;1,0;1,1;0,2;0,2;0,2;0,1
NL:S:43430910;Voortsweg;Ootmarsum;1,9;2,0;0,2;0,3;0,1;0,2
NL:S:43430930;Agelerbrug;Ootmarsum;0,3;0,3;0,3;0,2;0,2;0,1
NL:S:43430970;Cafe Groot Agelo;Agelo;0,2;0,1;0,0;0,0;0,0;0,0
NL:S:43440070;Businesspark Twente;Almelo;0,9;1,4;0,0;0,1;0,0;0,0
NL:S:43450010;Gemeentehuis;Diepenheim;32,3;29,7;5,6;5,8;0,0;0,0
NL:S:43450030;Warmelo;Diepenheim;1,2;1,3;0,2;0,3;0,0;0,0
NL:S:43450050;Boszicht;Diepenheim;0,5;0,9;0,1;0,2;0,0;0,0
NL:S:43450090;Lindelaan;Diepenheim;15,9;14,0;2,6;2,5;0,0;0,0
NL:S:43450110;Schipbeekbrug;Diepenheim;1,3;1,4;1,0;0,9;0,0;0,0
NL:S:43450130;Roesink;Diepenheim;1,0;1,0;0,1;0,2;0,0;0,0
NL:S:43510010;Centraal Station;Almelo;1877,5;1740,8;326,1;274,2;174,3;144,5
NL:S:43510031;Centrumplein;Almelo;117,8;133,0;83,6;86,8;13,3;15,8
NL:S:43510051;Boddenstraat;Almelo;39,0;54,1;29,6;40,3;5,3;7,1
NL:S:43510071;Brugstraat;Almelo;5,1;5,6;0,8;0,7;0,3;0,4
NL:S:43510081;Tijhofslaan;Almelo;7,0;8,6;0,8;0,7;1,2;1,3
NL:S:43510091;Vriezebrug;Almelo;5,1;5,1;2,3;1,6;0,8;0,7
NL:S:43510100;Vredeveld;Almelo;54,8;48,3;15,1;13,7;7,2;8,2
NL:S:43510110;De Klokkenbelt;Almelo;24,8;29,5;5,0;6,9;2,6;4,8
NL:S:43510130;Brandersweg;Almelo;7,8;9,8;3,0;4,7;0,4;4,1
NL:S:43510150;St. Josephstraat;Almelo;27,3;28,8;11,8;12,8;2,1;6,1
NL:S:43510190;Baniersweg;Almelo;13,4;14,4;4,9;5,0;1,4;3,0
NL:S:43510210;Bevrijdingslaan;Almelo;17,5;17,0;5,2;6,6;3,5;3,7
NL:S:43510230;Koningshoek;Almelo;35,8;36,6;5,7;7,2;4,0;4,3
NL:S:43510240;Keppel;Almelo;24,8;24,4;4,9;6,4;2,7;3,1
NL:S:43510270;De Eik;Almelo;44,0;41,7;10,9;11,8;4,3;6,4
NL:S:43510290;De Haere;Almelo;51,9;45,3;18,4;17,3;6,3;7,6
NL:S:43510310;Wkc Schelfhorst;Almelo;49,9;49,2;18,0;21,4;8,2;8,3
NL:S:43510330;Wickenburg;Almelo;28,2;29,6;8,4;11,3;3,0;4,3
NL:S:43510350;Sandenburg;Almelo;26,5;22,6;11,9;8,3;4,3;3,3
NL:S:43510370;Blikkenburg;Almelo;14,8;13,3;7,1;5,4;2,2;2,0
NL:S:43510390;Rustweg;Almelo;3,8;9,1;1,6;2,4;1,0;0,4
NL:S:43510410;Heetveldsweg;Almelo;17,8;11,1;5,6;3,5;4,1;1,7
NL:S:43510420;Schelfhorstpark;Almelo;15,9;17,7;7,6;6,0;7,1;2,7
NL:S:43510430;Stadion;Almelo;15,2;18,9;6,9;3,6;7,7;0,3
NL:S:43510470;Ziekenhuisgroep Twente;Almelo;75,1;80,8;13,4;15,7;6,6;5,5
NL:S:43510485;Kalverstraat;Almelo;0,8;1,6;0,0;0,1;0,0;0,0
NL:S:43510750;Sporthal Rembrandtlaan;Almelo;24,5;30,4;9,5;11,8;6,2;11,7
NL:S:43510770;Frederik van Eedenstraat;Almelo;18,6;19,1;4,2;3,8;1,8;1,8
NL:S:43510790;Jacob van Ruysdaelstraat;Almelo;15,9;12,0;4,4;4,7;0,0;0,0
NL:S:43510870;Groot Bokhove;Almelo;8,0;7,2;3,5;2,8;1,6;0,8
NL:S:43510890;De Wingerd;Almelo;15,6;25,1;7,5;7,6;2,9;3,7
NL:S:43510910;De Koppel;Almelo;13,8;15,9;4,7;6,2;1,5;2,4
NL:S:43510970;KSG Canisius;Almelo;5,5;5,1;0,4;0,2;0,0;0,0
NL:S:43511010;Appelstraat;Almelo;2,0;8,8;0,3;1,1;0,0;0,0
NL:S:43511030;Groen v. Prinstererstr.;Almelo;0,4;0,4;0,1;0,0;0,0;0,0
NL:S:43511050;Sweelincklaan;Almelo;0,7;1,3;0,4;0,6;0,0;0,0
NL:S:43511070;Obrechtstraat;Almelo;1,1;1,5;0,5;0,5;0,0;0,0
NL:S:43511090;C. van Renneslaan;Almelo;0,6;5,4;0,3;2,3;0,0;0,0
NL:S:43511100;Paganinistraat;Almelo;4,0;2,2;1,1;0,6;0,0;0,0
NL:S:43511120;Tsjaikowskystraat;Almelo;4,6;4,0;0,9;1,1;0,0;0,0
NL:S:43511140;Haydnlaan;Almelo;4,1;3,5;2,4;1,6;0,0;0,0
NL:S:43511160;Hoog Schuilenburg;Almelo;2,5;2,0;1,6;1,0;0,0;0,0
NL:S:43511200;Sibeliusstraat;Almelo;3,1;2,6;0,8;0,8;0,0;0,0
NL:S:43511210;Nico Werkmanlaan;Almelo;15,9;3,2;1,2;1,1;0,0;0,0
NL:S:43511230;Nieuw Witvoet;Almelo;16,2;22,2;2,5;9,2;0,9;11,2
NL:S:43511240;De Taling;Almelo;18,3;16,5;4,9;5,7;1,8;3,6
NL:S:43511270;Vincent van Goghplein;Almelo;54,5;32,4;10,8;10,9;0,0;0,0
NL:S:43511290;ROC De Sumpel;Almelo;116,8;137,9;1,1;1,3;0,0;0,0
NL:S:43511310;De Ara;Almelo;25,5;20,9;7,9;6,3;3,9;4,1
NL:S:43511340;De Boerenzwaluw;Almelo;29,3;23,4;9,3;7,2;3,6;4,3
NL:S:43511360;Wkc Windmolenbroek;Almelo;44,1;45,9;19,8;19,3;7,3;7,8
NL:S:43511380;De Hop;Almelo;34,4;30,2;13,6;12,8;5,4;6,3
NL:S:43511400;De Kolibrie;Almelo;16,6;15,1;5,6;4,9;3,4;3,7
NL:S:43511480;Betuining;Almelo;31,7;36,7;1,2;1,4;0,0;0,0
NL:S:43511500;Grand Canal;Almelo;6,0;6,4;1,1;1,2;0,0;0,0
NL:S:43511530;De Specht;Almelo;12,4;13,1;2,4;2,2;0,8;0,9
NL:S:43511550;De Mees;Almelo;18,8;16,3;5,1;4,2;1,9;2,7
NL:S:43511570;De Putter;Almelo;24,9;23,7;6,2;6,6;3,5;3,9
NL:S:43511591;Buurstede;Almelo;32,7;33,4;11,9;12,5;6,3;2,4
NL:S:43511610;De Patrijs;Almelo;23,7;20,7;5,8;5,2;1,4;2,1
NL:S:43511640;Woonboulevard;Almelo;25,0;68,6;5,9;6,0;2,9;2,4
NL:S:43511670;Zwaluwenstraat;Almelo;2,4;3,4;0,6;1,5;0,0;0,0
NL:S:43511690;Wondestraat;Almelo;5,6;6,2;1,1;0,9;0,0;0,0
NL:S:43511710;Frans Halsstraat;Almelo;19,7;15,0;5,3;4,3;0,0;0,0
NL:S:43511730;Ten Dam;Almelo;7,9;9,7;0,2;0,6;0,0;0,0
NL:S:43511750;Pergola;Almelo;3,4;3,6;0,4;0,4;0,0;0,0
NL:S:43512060;Viaduct;Almelo;6,2;7,9;0,2;0,7;0,0;0,0
NL:S:43512070;Elsboerlaan;Almelo;32,0;25,7;1,8;1,5;0,6;2,1
NL:S:43512090;Meulenbeldlaan;Almelo;3,6;3,5;1,5;0,9;0,6;1,2
NL:S:43512110;Huize Alexandra;Almelo;13,8;11,5;4,9;2,7;3,0;3,4
NL:S:43512130;Het Meulenbelt;Almelo;19,4;8,5;3,5;1,5;2,4;1,5
NL:S:43512160;Oostermaatweg;Vriezenveen;1,1;12,0;0,1;1,8;0,2;2,6
NL:S:43512170;Markgraven;Almelo;11,9;11,6;1,9;1,9;0,7;0,6
NL:S:43512190;Karelskamp;Almelo;5,8;6,3;0,4;0,2;0,2;1,2
NL:S:43512210;Oude Veemarkt;Almelo;8,1;7,7;2,3;2,7;0,9;1,7
NL:S:43512230;Violierstraat;Almelo;16,9;19,6;8,5;11,0;6,1;9,4
NL:S:43512250;De Kei;Almelo;6,5;5,3;0,8;0,9;0,5;0,5
NL:S:43512270;Planthofsweg;Almelo;3,1;3,6;0,3;0,3;0,1;0,3
NL:S:43512310;De Niendure;Almelo;0,2;0,7;0,0;0,0;0,0;0,3
NL:S:43512430;Robbenhaarsweg;Almelo;7,4;5,9;0,9;1,9;0,8;1,0
NL:S:43512450;Mariaparochie;Almelo;14,1;16,3;1,1;2,4;0,2;0,6
NL:S:43512470;Kampkuiper;Harbrinkhoek;12,4;11,3;1,1;1,5;0,7;0,6
NL:S:43512490;Frielinkstraat;Harbrinkhoek;12,9;11,8;0,5;0,5;0,5;0,3
NL:S:43512540;Mekkelenberg;Albergen;1,9;1,8;0,3;0,4;0,0;0,0
NL:S:43512550;Leuvinksveld;Harbrinkhoek;5,8;5,6;0,2;0,4;0,3;0,3
NL:S:43512610;Bellavistastraat;Almelo;8,7;29,7;0,1;0,6;0,0;0,0
NL:S:43512670;Bavinkelsweg;Almelo;1,0;0,9;0,0;0,0;0,1;0,0
NL:S:43512790;Sluisweg;Almelo;0,9;1,0;0,0;0,0;0,0;0,0
NL:S:43512830;Van Riemsdijkweg;Almelo;0,8;1,0;0,0;0,2;0,0;0,0
NL:S:43512850;Van den Broekeweg;Almelo;17,6;20,0;0,3;0,5;0,0;0,0
NL:S:43512870;Beatrix de Rijkweg;Almelo;6,2;8,8;0,2;0,2;0,0;0,0
NL:S:43512950;Valeriusstraat;Almelo;3,2;1,2;0,2;0,0;0,0;0,0
NL:S:43514010;Egbert ten Catelaan;Almelo;23,4;34,4;1,2;1,1;0,0;0,0
NL:S:43530010;De Viersprong;Tubbergen;2,1;2,3;0,3;1,1;0,2;0,8
NL:S:43530030;Boakenkampsweg;Vasse;1,5;1,6;0,1;0,2;0,2;0,1
NL:S:43530050;Bolscher;Vasse;13,6;12,7;1,6;1,9;1,6;0,7
NL:S:43530070;R.K. Kerk;Vasse;19,1;17,6;3,5;3,9;4,0;2,7
NL:S:43550270;R.K. Kerk;Reutum;1,2;0,9;0,0;0,0;0,0;0,0
NL:S:43550310;Agelerweg;Reutum;0,0;0,2;0,0;0,0;0,0;0,0
NL:S:43560011;Herman Heijermansstraat;Goor;17,6;16,9;1,9;3,7;0,0;0,0
NL:S:43560020;Station;Goor;357,3;341,5;59,4;45,4;0,0;0,0
NL:S:43560050;School;Elsenerbroek;0,6;1,0;0,0;0,0;0,0;0,0
NL:S:43560070;Korte Dijk;Goor;7,7;7,8;0,8;0,5;0,0;0,0
NL:S:43560130;Oad garage;Goor;11,7;12,4;0,8;1,1;0,0;0,0
NL:S:43560150;Gemeentewerken;Goor;0,0;0,0;0,0;0,0;0,0;0,0
NL:S:43560210;Hazenkamp;Herikerberg;1,1;1,3;0,3;0,3;0,0;0,0
NL:S:43560230;Jachtlust;Goor;27,5;28,5;1,6;1,6;0,0;0,0
NL:S:43560250;Huishoudschool;Goor;11,7;13,6;1,3;1,5;0,0;0,0
NL:S:43560270;De Waerdenborch;Goor;0,1;0,1;0,0;0,0;0,0;0,0
NL:S:43560350;Reggebrug;Elsenerbroek;0,3;0,3;0,0;0,0;0,0;0,0
NL:S:43560370;Zomerweg;Goor;3,7;4,0;0,1;0,2;0,0;0,0
NL:S:43560490;Kevelhamlaan;Goor;0,1;0,8;0,5;0,5;0,0;0,0
NL:S:43560510;Ripperda;Goor;0,2;0,2;0,2;0,1;0,0;0,0
NL:S:43560610;Wiener Bentelerscheidingsweg;Goor;2,4;2,6;0,3;0,6;0,0;0,0
NL:S:43560650;Nijverheidsweg;Goor;0,2;0,1;0,0;0,1;0,0;0,0
NL:S:43590030;De Zuivering;Vriezenveen;1,0;1,9;0,7;0,4;0,0;0,0
NL:S:43590050;Zuivelfabriek;Vriezenveen;11,7;15,0;1,6;1,5;0,5;1,2
NL:S:43590070;'t Midden;Vriezenveen;39,0;38,3;4,3;4,3;2,4;3,1
NL:S:43590100;Westerveenweg;Vriezenveen;0,2;1,1;0,0;0,0;0,0;0,0
NL:S:43590230;Albardastraat;Aadorp;10,6;10,1;1,1;0,8;0,0;0,0
NL:S:43590250;Berkenlaan;Aadorp;3,4;3,3;0,4;0,5;0,0;0,0
NL:S:43590270;Peppellaan;Aadorp;6,4;5,1;2,1;1,9;0,0;0,0
NL:S:43590300;De Merel;Vriezenveen;11,9;10,4;1,5;1,4;0,0;0,0
NL:S:43590310;Westerweilandweg;Vriezenveen;10,2;8,9;1,7;1,4;0,0;0,0
NL:S:43590330;De Nachtegaal;Vriezenveen;19,2;15,2;2,8;2,2;0,0;0,0
NL:S:43590540;Prinsenweg;Vriezenveen;4,4;2,8;0,6;0,5;0,0;0,0
NL:S:43590700;Nw. Daarlerveenseweg;Vriezenveen;10,8;8,8;1,5;0,8;0,0;0,0
NL:S:43590740;Karel Schaapstraat;Vriezenveen;20,8;18,1;2,2;1,8;0,0;0,0
NL:S:43590760;Broekland;Vriezenveen;9,3;7,6;1,2;0,7;0,0;0,0
NL:S:43590800;Petersburgstraat;Vriezenveen;20,0;20,7;2,4;3,6;0,0;0,0
NL:S:43621010;N.H. Kerk;Wierden;4,5;9,3;1,8;2,7;0,0;0,0
NL:S:43621030;Nijstad;Notter;1,2;1,0;0,3;0,1;0,0;0,0
NL:S:43621050;Klokkendijk;Rijssen;1,5;5,5;0,4;0,9;0,0;0,0
NL:S:43621070;Grimberg;Nijstad;0,2;0,3;0,3;0,5;0,0;0,0
NL:S:43621130;Enterweg;Wierden;2,2;1,5;0,8;0,7;0,0;0,0
NL:S:43621170;Smeijerskampstraat;Wierden;6,9;7,4;1,2;1,2;0,0;0,0
NL:S:43621190;Akeleistraat;Wierden;6,2;3,5;1,5;0,7;0,0;0,0
NL:S:43621210;Aadorpsweg;Wierden;8,1;7,4;1,0;0,5;0,0;0,0
NL:S:43630010;Manderveenseweg;Tubbergen;3,0;3,7;0,1;0,2;0,6;0,1
NL:S:43630060;Bruno van Ommenstraat;Tubbergen;21,1;23,0;2,6;3,1;1,7;1,5
NL:S:43630070;Julianastraat;Tubbergen;31,9;29,2;5,3;4,6;3,1;2,2
NL:S:43630090;Binnenveldsweg;Tubbergen;36,1;31,5;4,8;4,7;3,7;3,6
NL:S:43630110;Haarboersweg;Tubbergen;1,3;1,4;0,6;0,5;0,9;0,4
NL:S:43630130;Almeloseweg;Tubbergen;43,4;40,2;7,5;6,1;4,4;3,3
NL:S:43630410;Veendijk;Manderveen;0,0;0,1;0,0;0,0;0,0;0,0
NL:S:43630430;Broekdijk;Manderveen;0,0;0,0;0,0;0,0;0,0;0,0
NL:S:43630530;Driesprong;Bruinehaar;0,7;0,4;0,0;0,0;0,0;0,0
NL:S:43630570;Wiekslag;Tubbergen;27,6;27,9;1,6;2,8;0,0;0,0
NL:S:43630690;Slutkeboer;Manderveen;0,1;0,1;0,0;0,0;0,0;0,0
NL:S:43630710;Nijverheidsstraat;Tubbergen;0,3;1,2;0,0;0,2;0,0;0,0
NL:S:43630720;Marconistraat;Tubbergen;0,1;0,2;0,0;0,0;0,0;0,0
NL:S:43640010;Handelsstraat;Hardenberg;5,0;5,5;0,0;0,0;0,0;0,0
NL:S:43640030;Wavin;Hardenberg;0,4;0,7;0,0;0,0;0,0;0,0
NL:S:43640050;Ziekenhuis;Hardenberg;5,8;6,4;0,0;0,0;0,0;0,0
NL:S:43640070;Station;Hardenberg;81,5;66,4;0,0;0,0;0,0;0,0
NL:S:43640180;Bruchterbeekweg;Hardenberg;0,1;0,2;0,0;0,0;0,0;0,0
NL:S:43640370;De Nieuwe Haven;Hardenberg;2,9;3,7;0,0;0,0;0,0;0,0
NL:S:43640390;Waterinkschool;Hardenberg;2,0;2,1;0,0;0,0;0,0;0,0
NL:S:43640397;Centrum;Hardenberg;43,7;43,3;0,0;0,0;0,0;0,0
NL:S:43640530;Gemeentehuis;Hardenberg;0,0;0,1;0,0;0,0;0,0;0,0
NL:S:43650010;Viersprong;Fleringen;50,4;49,1;3,8;5,1;0,0;0,0
NL:S:43650210;Hagveldsweg;Fleringen;0,3;0,4;0,0;0,1;0,0;0,0
NL:S:43650230;Kanaal;Fleringen;2,6;2,4;0,2;0,2;0,0;0,0
NL:S:43650250;Oude Almelosedijk;Fleringen;0,8;0,7;0,5;0,3;0,0;0,0
NL:S:43650290;Herinckhaveweg;Fleringen;0,4;0,5;0,1;0,1;0,0;0,0
NL:S:43660010;Herikerberg;Herikerberg;0,6;1,2;0,9;0,9;0,0;0,0
NL:S:43660030;Burg. de Beaufortplein;Markelo;30,0;31,2;5,5;6,9;0,0;0,0
NL:S:43660050;Hessenheem;Herikerberg;6,7;8,4;1,1;1,9;0,0;0,0
NL:S:43660070;Cafe De Poppe;Markelo;4,4;4,7;2,4;1,9;0,0;0,0
NL:S:43660090;Krabbenbos;Markelo;0,5;0,8;0,2;0,3;0,0;0,0
NL:S:43660110;Larenseweg;Markelo;15,2;14,2;1,5;2,0;0,0;0,0
NL:S:43660130;De Koekoek;Markelo;44,4;42,9;3,9;5,3;0,0;0,0
NL:S:43690450;Haarakkersweg;Langeveen;0,6;0,2;0,0;0,0;0,0;0,0
NL:S:43690480;Dwarsstraat;Langeveen;0,0;0,2;0,0;0,0;0,0;0,0
NL:S:43690500;Cafe Nobbenhuis;Langeveen;1,4;1,4;0,0;0,0;0,0;0,0
NL:S:43690510;R.K. Kerk;Langeveen;2,2;1,1;0,0;0,0;0,0;0,0
NL:S:43720260;Station;Nijverdal;78,9;73,6;11,4;8,4;0,0;0,0
NL:S:43720270;Spoorstraat;Nijverdal;2,7;3,0;0,5;0,8;0,0;0,0
NL:S:43720290;Gemeentehuis;Nijverdal;3,9;3,5;2,3;2,0;0,0;0,0
NL:S:43720310;Molenweg;Nijverdal;1,8;2,3;0,1;0,4;0,0;0,0
NL:S:43720490;Ereprijs;Nijverdal;6,0;5,5;1,5;1,3;0,0;0,0
NL:S:43720570;Helmkruidlaan;Nijverdal;0,3;0,2;0,0;0,2;0,0;0,0
NL:S:43720630;Polhaarweg;Nijverdal;1,7;1,7;0,3;0,1;0,0;0,0
NL:S:43720810;Sporthal;Nijverdal;2,2;2,2;0,2;0,4;0,0;0,0
NL:S:43720830;Helmerink;Nijverdal;9,2;8,9;0,4;0,8;0,0;0,0
NL:S:43720850;Potgieterstraat;Nijverdal;3,8;4,0;0,8;1,1;0,0;0,0
NL:S:43720870;Genestetstraat;Nijverdal;7,6;7,1;1,8;2,1;0,0;0,0
NL:S:43720890;Willem Kloosstraat;Nijverdal;1,6;1,7;0,2;0,2;0,0;0,0
NL:S:43720920;Bolink;Nijverdal;0,6;1,2;0,2;0,2;0,0;0,0
NL:S:43720930;Willem de Clerqstraat;Nijverdal;0,2;0,2;0,0;0,0;0,0;0,0
NL:S:43720950;Meester Ponsteenlaan;Nijverdal;0,0;0,0;0,0;0,0;0,0;0,0
NL:S:43720970;Centrum;Nijverdal;1,0;0,9;0,6;0,5;0,0;0,0
NL:S:43721050;Bergleidingweg;Nijverdal;3,2;2,9;0,5;0,5;0,0;0,0
NL:S:43721070;Buitencentrum;Nijverdal;0,3;0,5;0,0;0,0;0,0;0,0
NL:S:43730050;Veeneggeweg;Harbrinkhoek;1,3;1,4;0,0;0,1;0,0;0,0
NL:S:43730070;Landriteweg;Geesteren;0,5;0,7;0,1;0,4;0,0;0,0
NL:S:43730090;Geesterseveldweg;Geesteren;2,6;2,9;0,1;0,2;0,1;0,2
NL:S:43730110;Poolsweg;Geesteren;1,7;1,6;0,2;0,3;0,3;0,1
NL:S:43730130;Lutkeberg;Geesteren;30,5;31,0;2,5;3,0;2,6;1,4
NL:S:43730150;Dorpsstraat;Geesteren;20,1;21,1;1,7;2,8;2,0;2,2
NL:S:43730170;Mensinkkamp;Geesteren;11,9;10,7;1,5;1,6;1,6;0,8
NL:S:43730190;Volmersweg;Geesteren;4,0;3,9;0,4;0,3;0,2;0,1
NL:S:43730210;Knoefbakker;Geesteren;20,6;21,2;0,9;1,5;0,9;1,1
NL:S:43730250;Voshaarweg;Harbrinkhoek;1,8;1,8;0,3;0,1;0,2;0,3
NL:S:43740010;Hammerdijk;Vroomshoop;0,3;0,1;0,0;0,0;0,0;0,0
NL:S:43740020;Pres. Kennedystraat;Vroomshoop;23,4;22,3;1,5;1,7;0,0;0,0
NL:S:43740050;Sallandia;Vroomshoop;1,1;0,9;0,1;0,0;0,0;0,0
NL:S:43740070;Dalvoorderslag;Vroomshoop;2,2;2,4;0,0;0,0;0,0;0,0
NL:S:43740090;Tonnendijk;Vroomshoop;14,8;14,3;0,5;1,2;0,0;0,0
NL:S:43740130;Beatrixstraat;Vroomshoop;16,6;18,8;1,8;1,8;0,0;0,0
NL:S:43740180;Zwembad;Vroomshoop;0,8;0,8;0,1;0,1;0,0;0,0
NL:S:43750030;Hofmaatsweg;Albergen;0,5;0,4;0,0;0,0;0,0;0,0
NL:S:43750050;Gravendijk;Albergen;2,3;2,2;0,2;0,3;0,0;0,0
NL:S:43750070;Assinkshoekweg;Albergen;1,7;1,8;0,1;0,2;0,0;0,0
NL:S:43750090;Van Koersveldweg;Albergen;3,3;3,4;0,8;0,9;0,0;0,0
NL:S:43750130;Zenderseweg;Albergen;34,2;32,5;2,9;2,8;0,0;0,0
NL:S:43750150;Molenbinnenweg;Albergen;4,3;3,9;0,2;0,4;0,0;0,0
NL:S:43750170;Kloosteresweg;Albergen;6,9;5,3;0,2;0,2;0,0;0,0
NL:S:43750190;Brakenweg;Albergen;1,5;1,6;0,2;0,2;0,0;0,0
NL:S:43760010;Handwijzer;Marle;0,5;0,8;0,0;0,0;0,0;0,0
NL:S:43760070;Kerkstraat;Daarlerveen;1,8;1,1;0,0;0,1;0,0;0,0
NL:S:43760080;Station;Daarlerveen;0,3;0,1;0,0;0,0;0,0;0,0
NL:S:43760100;'n Tip;Daarle;2,0;1,6;0,1;0,4;0,0;0,0
NL:S:43780030;Centrum;Holten;4,3;3,0;0,1;0,6;0,0;0,0
NL:S:43780050;Station;Holten;53,0;42,8;8,7;8,0;0,0;0,0
NL:S:43780090;Scholengemeenschap;Holten;10,0;4,5;0,4;0,6;0,0;0,0
NL:S:43780110;Borkeld;Holten;2,6;2,9;0,7;0,7;0,0;0,0
NL:S:43780170;De Driesprong;Holten;2,1;1,8;0,4;0,2;0,0;0,0
NL:S:43780210;Diessenplas;Holten;32,3;56,3;0,3;0,3;0,0;0,0
NL:S:43780230;Kon. Wilhelminastraat;Holten;7,9;2,3;0,8;0,9;0,0;0,0
NL:S:43780310;Kerkhofsweg;Holten;5,2;2,9;0,8;0,8;0,0;0,0
NL:S:43790010;Sluiskade;Westerhaar;16,6;15,6;1,5;1,0;0,9;1,2
NL:S:43790030;De Klaampe;Westerhaar;3,9;4,8;0,4;0,5;0,4;0,3
NL:S:43790050;Leidijk;Westerhaar;7,0;9,7;0,8;0,9;0,3;1,2
NL:S:43790070;Wollegrasstraat;Westerhaar;15,0;12,2;1,1;1,5;0,0;0,0
NL:S:43790100;Schapenweg;Westerhaar;12,5;10,3;0,0;0,0;0,0;0,0
NL:S:43790110;Vroomshoopseweg;Westerhaar;1,6;1,5;0,5;0,4;0,0;0,0
NL:S:43790130;Dalweg;Westerhaar;7,1;6,5;0,7;0,5;0,3;0,3
NL:S:43790150;Busstation;Westerhaar;127,1;123,3;6,7;5,0;2,8;3,4
NL:S:43820010;Vrugteveensweg;Hellendoorn;0,1;0,1;0,0;0,0;0,0;0,0
NL:S:43820030;Kluversweg;Hellendoorn;0,6;0,6;0,1;0,1;0,0;0,0
NL:S:43820070;Schapenmarkt;Hellendoorn;1,1;1,3;1,0;1,7;0,0;0,0
NL:S:43820230;De Blenke;Hellendoorn;1,0;1,5;1,1;1,8;0,0;0,0
NL:S:43820270;Avonturenpark;Hellendoorn;0,6;0,6;0,1;0,1;0,0;0,0
NL:S:43820310;Looweg;Hellendoorn;0,0;0,0;0,0;0,0;0,0;0,0
NL:S:43820330;Krönnenzommer;Hellendoorn;0,1;0,2;0,2;0,1;0,0;0,0
NL:S:43820410;Reggeweg;Hellendoorn;1,1;1,0;0,4;0,3;0,0;0,0
NL:S:43820450;Schuilenburgweg;Hellendoorn;0,5;0,6;0,1;0,1;0,0;0,0
NL:S:43820470;Collenstaartweg;Hulsen;0,3;0,5;0,2;0,2;0,0;0,0
NL:S:43840030;De Kooyen;Den Ham;2,3;2,4;0,2;0,2;0,0;0,0
NL:S:43840050;Middenweg;Den Ham;4,6;4,4;0,4;0,6;0,0;0,0
NL:S:43840070;Driesprong;Den Ham;20,9;17,9;2,6;1,7;0,0;0,0
NL:S:43840090;Geref. Kerk;Den Ham;29,4;28,4;3,0;2,9;0,0;0,0
NL:S:43840110;Zuivelfabriek;Den Ham;13,2;15,4;1,2;1,5;0,0;0,0
NL:S:43840130;Smitstraat;Den Ham;40,6;39,9;2,3;3,8;0,0;0,0
NL:S:43840170;Noordmeer;Den Ham;0,1;0,1;0,1;0,0;0,0;0,0
NL:S:43840240;Het Liefferdinck;Den Ham;0,0;0,0;0,0;0,0;0,0;0,0
NL:S:43840260;Brink;Den Ham;0,3;0,2;0,0;0,0;0,0;0,0
NL:S:43860010;Kapoene;Enter;1,4;1,5;0,2;0,2;0,0;0,0
NL:S:43860030;R.K. Kerk;Enter;32,6;30,2;2,2;3,0;0,0;0,0
NL:S:43860070;Rohaan;Enter;2,2;3,2;0,1;0,4;0,0;0,0
NL:S:43860090;Stationsweg;Enter;13,6;13,1;1,1;1,3;0,0;0,0
NL:S:43860110;Brandput;Enter;37,4;37,9;3,6;5,3;0,0;0,0
NL:S:43860130;Braamhaar;Enter;21,5;20,7;0,6;1,1;0,0;0,0
NL:S:43860150;Heerink;Enter;2,1;2,0;0,1;0,2;0,0;0,0
NL:S:43860180;Jagersweg;Enter;1,2;0,9;0,0;0,1;0,0;0,0
NL:S:43870050;Blokkendijk;Zuna;2,7;2,6;0,2;0,3;0,0;0,0
NL:S:43870130;Spoelerstraat;Rijssen;4,8;7,1;0,4;0,4;0,0;0,0
NL:S:43880030;Oude Veemarkt;Rijssen;5,3;8,6;1,8;2,5;0,0;0,0
NL:S:43880050;Eltheto;Rijssen;2,4;1,5;0,1;0,3;0,0;0,0
NL:S:43880070;Station;Rijssen;43,4;42,7;9,3;6,8;0,0;0,0
NL:S:43880110;Roelf Bosmastraat;Rijssen;7,9;5,0;0,5;0,2;0,0;0,0
NL:S:43880120;Waterhoen;Rijssen;16,0;13,9;1,1;1,0;0,0;0,0
NL:S:43880130;Huize Maranatha;Rijssen;2,0;1,4;0,2;0,2;0,0;0,0
NL:S:43880150;Koninginneweg;Rijssen;1,1;0,7;0,1;0,2;0,0;0,0
NL:S:43880170;Vermeerstraat;Rijssen;5,1;2,6;0,1;0,4;0,0;0,0
NL:S:43880190;Wellehof;Rijssen;1,9;1,2;0,2;0,1;0,0;0,0
NL:S:43880210;Scholengemeenschap;Rijssen;20,9;17,7;1,6;1,1;0,0;0,0
NL:S:43880230;Stationsdwarsweg;Rijssen;2,0;6,7;0,5;1,0;0,0;0,0
NL:S:43880310;Kryptonstraat;Rijssen;3,8;4,2;0,1;0,1;0,0;0,0
NL:S:43880330;Schapendijk;Rijssen;1,6;1,6;0,6;0,9;0,0;0,0
NL:S:43880350;Reggesteyn/Cattelaar;Rijssen;15,2;15,5;0,9;0,8;0,0;0,0
NL:S:43880430;Overweg;Rijssen;0,1;0,0;0,0;0,0;0,0;0,0
NL:S:43880450;Holterweg/Banisweg;Rijssen;2,5;2,3;0,2;0,3;0,0;0,0
NL:S:43880510;Molenstalweg;Rijssen;0,3;0,1;0,1;0,1;0,0;0,0
NL:S:43880530;Hagslagen;Rijssen;6,2;5,8;0,3;0,5;0,0;0,0
NL:S:43880570;Scholekster;Rijssen;4,7;4,3;0,5;0,6;0,0;0,0
NL:S:43880600;Parkstede;Rijssen;4,6;4,8;1,3;1,8;0,0;0,0
NL:S:43880630;R.K. Kerkhof;Rijssen;0,9;1,0;0,2;0,3;0,0;0,0
NL:S:43890030;Meijerboersweg;Westerhaar;2,4;2,7;0,0;0,0;0,0;0,0
NL:S:43890050;Driesprong;Sibculo;20,9;19,0;0,0;0,0;0,0;0,0
NL:S:43890070;Bergweg;Sibculo;1,8;1,4;0,0;0,0;0,0;0,0
NL:S:43890090;Schoolstraat;Kloosterhaar;9,6;10,1;0,0;0,0;0,0;0,0
NL:S:43890110;Viersprong;Kloosterhaar;12,1;11,9;0,0;0,0;0,0;0,0
NL:S:43890130;Oude Vaart;Kloosterhaar;0,2;0,2;0,0;0,0;0,0;0,0
NL:S:43890150;Post;Kloosterhaar;0,0;0,0;0,0;0,0;0,0;0,0
NL:S:43890170;Horstra;Kloosterhaar;0,6;0,5;0,0;0,0;0,0;0,0
NL:S:43990030;Pannemansbos;Bergentheim;0,0;0,1;0,0;0,0;0,0;0,0
NL:S:43990050;Veenlust;Bergentheim;0,4;0,6;0,0;0,0;0,0;0,0
NL:S:43990070;Kanaalbrug;Bergentheim;5,7;5,0;0,0;0,0;0,0;0,0
NL:S:43990090;Geref. Kerk;Bergentheim;24,7;22,2;0,0;0,0;0,0;0,0
NL:S:44100030;Kerk;Usselo;9,2;12,4;12,8;14,7;2,8;4,6
NL:S:44100050;Helmerstraat;Usselo;0,9;1,5;0,7;1,4;0,1;0,4
NL:S:44100070;Crematorium;Usselo;2,5;2,1;2,2;1,4;1,0;1,0
NL:S:44100090;Teesinklanderweg;Usselo;0,9;0,9;0,9;1,2;0,6;1,1
NL:S:44100120;Badweg;Usselo;2,3;3,0;1,5;1,5;0,7;0,8
NL:S:44105010;Usselerhofweg;Enschede;0,3;0,3;0,0;0,0;0,0;0,0
NL:S:44105030;Landsteinerlaan;Boekelo;1,1;0,9;0,2;0,1;0,0;0,0
NL:S:44200030;Zonnebeekweg;Usselo;0,4;0,4;0,2;0,1;0,1;0,1
NL:S:44200050;Rutbeekweg;Usselo;4,6;4,3;2,1;2,3;1,1;1,3
NL:S:44200070;Hazenweg;Usselo;1,3;2,8;0,7;0,8;0,4;0,5
NL:S:44200100;Wittepalenweg;Haaksbergen;0,5;0,9;0,2;0,7;0,1;0,2
NL:S:44220010;Camping Westerholt;Delden;3,3;3,5;0,8;1,4;0,0;0,0
NL:S:44220030;Carelshaven;Delden;0,3;0,1;0,1;0,0;0,0;0,0
NL:S:44220050;Villapark;Delden;0,3;0,4;0,0;0,1;0,0;0,0
NL:S:44220070;Station;Delden;42,5;40,4;4,4;2,8;0,0;0,0
NL:S:44220090;R.K. Kerk;Delden;3,0;4,4;0,4;0,8;0,0;0,0
NL:S:44220110;Europalaan;Delden;1,1;0,9;0,0;0,0;0,0;0,0
NL:S:44220140;Nijlandsweg;Bentelo;0,1;0,1;0,0;0,0;0,0;0,0
NL:S:44220150;S.G. Twickel;Delden;0,1;1,9;0,0;0,1;0,0;0,0
NL:S:44229030;Politiebureau;Delden;5,8;4,5;0,5;1,0;0,0;0,0
NL:S:44230010;'t Schaafje;Bornerbroek;1,7;0,8;0,1;0,4;0,0;0,0
NL:S:44259010;Spreeuwenstraat;Goor;0,4;0,5;0,2;0,1;0,0;0,0
NL:S:44300050;Weg naar Veldmaat;Haaksbergen;96,5;88,0;53,1;81,3;24,9;38,3
NL:S:44300070;Blanckenborgh;Haaksbergen;26,1;22,0;9,5;9,0;5,5;5,3
NL:S:44300090;Fazantstraat;Haaksbergen;13,3;12,2;6,0;7,3;2,9;3,3
NL:S:44300110;Busstation;Haaksbergen;341,7;317,8;153,4;153,8;115,7;83,6
NL:S:44300130;Lansinkstraat;Haaksbergen;14,5;13,2;4,0;6,4;3,1;4,5
NL:S:44300150;Scholtenhage;Haaksbergen;14,9;15,2;7,0;6,2;3,8;2,5
NL:S:44300180;Weerninksweg;Brammelo;0,9;2,5;0,6;1,2;0,8;0,5
NL:S:44300270;Wiedenbroeksingel;Haaksbergen;35,5;35,1;8,6;8,7;5,7;5,0
NL:S:44300310;Mr. Eenhuisstraat;Haaksbergen;21,0;24,6;8,1;11,7;4,7;5,7
NL:S:44300350;Het Wiedenbroek;Haaksbergen;2,3;3,4;0,8;1,2;0,0;0,0
NL:S:44300450;Richterstraat;Haaksbergen;11,3;9,5;3,3;5,8;2,7;2,6
NL:S:44300470;H. v.d. Haarstraat;Haaksbergen;32,4;29,1;13,4;14,4;6,0;5,3
NL:S:44300490;Van Limborgstraat;Haaksbergen;12,4;12,7;4,6;4,2;1,9;2,2
NL:S:44300570;Industriestraat;Haaksbergen;1,1;1,4;0,0;0,0;0,0;0,0
NL:S:44300610;De Volmer;Haaksbergen;13,8;11,4;0,0;0,0;0,0;0,0
NL:S:44300690;Twijnerstraat;Haaksbergen;2,6;2,1;0,0;0,0;0,0;0,0
NL:S:44301030;Eykenhof;Haaksbergen;114,8;116,4;20,8;19,0;13,0;11,2
NL:S:44301080;Huurnerhof;Haaksbergen;0,0;0,0;0,0;0,0;0,0;0,0
NL:S:44330020;Dissel;Bentelo;0,3;0,0;0,0;0,0;0,0;0,0
NL:S:44330030;De Rustende Jager;Bentelo;0,7;0,7;0,0;0,1;0,0;0,0
NL:S:44350010;Groothuis;Hengevelde;0,0;0,1;0,0;0,0;0,0;0,0
NL:S:44350030;Nijhuis;Hengevelde;0,3;0,6;0,0;0,1;0,0;0,0
NL:S:44350050;Scholten;Hengevelde;1,8;1,1;0,0;0,0;0,0;0,0
NL:S:44350070;Ten Dam;Markvelde;0,4;0,3;0,0;0,0;0,0;0,0
NL:S:44390030;Smeenk;Bentelo;0,4;0,3;0,1;0,0;0,0;0,0
NL:S:44390050;Rupert;Bentelo;0,8;0,7;0,0;0,0;0,0;0,0
NL:S:44390070;R.K. Kerk;Bentelo;10,9;9,6;0,2;0,4;0,0;0,0
NL:S:44400030;Poort Diaconie;Brammelo;34,3;29,6;40,8;11,3;36,7;5,7
NL:S:44400050;Kerkweg;Brammelo;0,9;0,6;0,2;0,1;0,1;0,1
NL:S:44400070;Roerink;Brammelo;3,9;4,4;0,3;0,8;0,3;0,4
NL:S:44400100;Vloedsteegweg;Rietmolen;1,4;1,8;0,6;0,7;0,2;0,3
NL:S:44400110;Rietmolen;Rietmolen;15,4;14,9;3,6;3,6;1,8;1,8
NL:S:44490010;De Bonkert;Markvelde;0,1;0,0;0,0;0,0;0,0;0,0
NL:S:44499010;School;Markvelde;0,2;0,0;0,0;0,0;0,0;0,0
NL:S:44500150;Wheemergaarden;Neede;24,4;23,9;5,3;5,5;3,2;3,8
NL:S:44500173;Parallelweg;Neede;36,5;49,5;3,0;4,4;1,7;1,9
NL:S:44500177;Busstation;Neede;209,1;184,2;67,3;52,1;42,7;33,7
NL:S:44500210;De Valkhof;Neede;18,1;25,1;7,2;11,2;6,3;7,0
NL:S:44500230;De Huikert;Neede;30,4;29,8;10,1;10,4;6,8;7,3
NL:S:44500250;Christelijke School;Neede;39,0;36,1;8,6;8,5;6,2;5,4
NL:S:44500310;Diekmaatschool;Neede;35,0;25,9;3,5;3,2;2,4;2,2
NL:S:44500430;Garage Grooters;Eibergen;1,6;2,2;0,0;0,0;0,0;0,0
NL:S:44500450;Viersprong;Eibergen;2,3;2,0;0,0;0,0;0,0;0,0
NL:S:44500610;Hilhorst;Neede;0,6;0,6;0,1;0,1;0,0;0,0
NL:S:44500630;'t Roodland;Neede;4,1;3,7;0,2;0,1;0,0;0,0
NL:S:44509010;'t Klumpke;Neede;1,8;1,5;0,2;0,2;0,0;0,0
NL:S:44610030;Transformator;Neede;5,3;5,5;1,0;0,8;0,6;0,6
NL:S:44710050;Busstation;Borculo;242,9;248,3;67,9;75,2;67,8;45,4
NL:S:44710531;Keizer Ottostraat;Borculo;6,2;5,4;1,2;1,7;0,0;0,0
NL:S:44710541;Nettelhorsterweg;Borculo;8,9;9,9;1,7;1,8;1,9;2,6
NL:S:45160030;Eierbaan;Bornerbroek;3,8;4,1;0,3;0,4;0,0;0,0
NL:S:45160050;Goorsedijk;Bornerbroek;0,9;1,7;0,1;0,3;0,0;0,0
NL:S:45169010;R.K. Kerk;Bornerbroek;4,1;4,5;0,4;0,5;0,0;0,0
NL:S:45210011;Boekweit;Borne;0,1;0,2;0,0;0,0;0,0;0,0
NL:S:45210017;Rogge;Borne;0,2;0,2;0,0;0,0;0,0;0,0
NL:S:45210019;Bornsebeek;Borne;0,2;0,3;0,0;0,0;0,0;0,0
NL:S:45210021;Blauwgras;Borne;0,4;0,3;0,0;0,0;0,0;0,0
NL:S:45210023;Hesselerbeek;Borne;0,2;0,2;0,0;0,0;0,0;0,0
NL:S:45210025;De Veste;Borne;0,2;0,4;0,0;0,0;0,0;0,0
NL:S:45210027;Bongerd;Borne;0,1;0,2;0,0;0,0;0,0;0,0
NL:S:45210110;Fleminghof;Borne;0,0;0,0;0,0;0,0;0,0;0,0
NL:S:45210130;Sancta Maria;Borne;0,0;0,0;0,0;0,0;0,0;0,0
NL:S:45210140;Vedergras;Borne;0,0;0,0;0,0;0,0;0,0;0,0
NL:S:45210170;Het Wooldrik;Borne;0,0;0,0;0,0;0,0;0,0;0,0
NL:S:45210180;Ridderspoor;Borne;0,0;0,0;0,0;0,0;0,0;0,0
NL:S:45331001;Leeuwerikstraat;De Lutte;3,2;0,0;0,2;0,0;0,0;0,0
NL:S:45331003;Spechtstraat;De Lutte;2,9;0,1;0,1;0,0;0,0;0,0
NL:S:45391001;De Hagen;Saasveld;2,3;2,0;0,0;0,0;0,0;0,0
NL:S:45510050;Nieuwland;Almelo;3,6;7,4;1,5;1,7;0,2;0,5
NL:S:45510070;Nijreessingel;Almelo;3,2;1,6;0,5;0,4;0,3;0,2
NL:S:45551001;Paadje;Reutum;0,1;0,3;0,0;0,0;0,0;0,0
NL:S:45641001;De Amanshoeve;Manderveen;0,0;0,1;0,0;0,0;0,0;0,0
NL:S:45770001;Gereformeerde Kerk;Daarle;7,8;5,1;0,0;0,0;0,0;0,0
NL:S:45801001;Keizerserf;Nijverdal;0,1;0,1;0,0;0,0;0,0;0,0
NL:S:45980001;'t Kruuspunt;Haarle;6,6;5,0;0,0;0,0;0,0;0,0
NL:S:45980003;Molenweg;Haarle;0,6;1,6;0,0;0,0;0,0;0,0
NL:S:45980005;Stationsweg;Haarle;0,0;0,0;0,0;0,0;0,0;0,0
NL:S:46160660;Station;Ommen;106,0;95,7;13,3;11,1;0,0;0,0
NL:S:46290001;Vechtdalcollege;Hardenberg;0,7;6,8;0,0;0,0;0,0;0,0
NL:S:46400054;Station;Raalte;8,1;5,4;0,0;0,0;0,0;0,0
NL:S:46400152;Kruisstraat;Raalte;0,0;0,1;0,0;0,0;0,0;0,0
NL:S:46400250;Westdorplaan;Raalte;0,0;0,1;0,0;0,0;0,0;0,0
NL:S:46400550;Postkantoor;Raalte;0,0;0,1;0,0;0,0;0,0;0,0
NL:S:46401150;Pauluskerk;Raalte;0,3;0,1;0,0;0,0;0,0;0,0
NL:S:46402010;Merel;Raalte;0,1;0,1;0,0;0,0;0,0;0,0
NL:S:46409003;Zwolsestraat;Raalte;1,2;3,6;0,0;0,0;0,0;0,0
NL:S:46600100;Giethemer Kerkpad;Ommen;0,5;0,5;0,1;0,1;0,0;0,0
NL:S:46600130;De Groene Jager;Den Ham;2,2;2,7;0,6;0,7;0,0;0,0
NL:S:46600200;Besthmen;Ommen;0,2;0,2;0,1;0,2;0,0;0,0
NL:S:46601010;Kasteel Eerde;Eerde;3,5;5,8;1,0;1,1;0,0;0,0
NL:S:46601050;Steile Oever;Ommen;0,5;0,4;0,3;0,6;0,0;0,0
NL:S:46611350;Strangeweg;Ommen;7,2;9,6;0,1;0,1;0,0;0,0
NL:S:46613040;Sogenbosstraat;Ommen;4,4;2,9;0,0;0,0;0,0;0,0
NL:S:46613050;Centrum;Ommen;3,3;5,7;0,1;0,1;0,0;0,0
NL:S:46851001;Nijverdalseweg;Marienheem;0,1;0,3;0,0;0,0;0,0;0,0
NL:S:73158859;Struisgras;Borne;0,0;0,0;0,0;0,0;0,0;0,0
NL:S:16300010;Gemeentehuis;Steenwijk;3,2;13,4;0,0;0,0;0,0;0,0
NL:S:16300030;Vendelweg;Steenwijk;0,7;2,0;0,0;0,0;0,0;0,0
NL:S:16300050;Matthijs Kiersstraat;Steenwijk;2,7;2,3;0,0;0,0;0,0;0,0
NL:S:16301010;Station;Steenwijk;25,1;37,5;0,0;0,0;0,0;0,0
NL:S:24350010;Spin;De Blesse;0,2;0,1;0,0;0,0;0,0;0,0
NL:S:24350030;Bovenweg;De Blesse;0,1;0,1;0,0;0,0;0,0;0,0
NL:S:24350050;Friese Veldweg;De Blesse;0,5;0,4;0,0;0,0;0,0;0,0
NL:S:24350070;Lagebroekweg;Blesdijke;0,0;0,0;0,0;0,0;0,0;0,0
NL:S:24350600;Noord;De Blesse;1,7;2,8;0,0;0,0;0,0;0,0
NL:S:24450030;Marijenkampen;Marijenkampen;0,2;0,2;0,0;0,0;0,0;0,0
NL:S:24450050;Eikenlaan;Willemsoord;0,1;0,1;0,0;0,0;0,0;0,0
NL:S:24451400;'t Centrum;Steenwijkerwold;0,8;0,9;0,0;0,0;0,0;0,0
NL:S:24451800;Willemsoord;Willemsoord;1,1;1,1;0,0;0,0;0,0;0,0
NL:S:24510020;Frieseweg;Oldemarkt;1,8;2,4;0,0;0,0;0,0;0,0
NL:S:24510040;Koningin Julianaweg;Oldemarkt;0,6;0,9;0,0;0,0;0,0;0,0
NL:S:24510060;Parochiehuis;Oldemarkt;0,9;0,4;0,0;0,0;0,0;0,0
NL:S:24510070;Kruisstraat;Oldemarkt;0,1;0,2;0,0;0,0;0,0;0,0
NL:S:24510090;De Boterberg;Oldemarkt;0,5;0,2;0,0;0,0;0,0;0,0
NL:S:24550030;Zuidveen;Zuidveen;0,9;1,6;0,0;0,0;0,0;0,0
NL:S:24550050;Groot Verlaat;Steenwijk;0,4;0,6;0,0;0,0;0,0;0,0
NL:S:24550160;Dolderbrug;Steenwijk;0,0;0,1;0,0;0,0;0,0;0,0
NL:S:24552310;Gemeentewerken;Tuk;0,0;0,1;0,0;0,0;0,0;0,0
NL:S:24552330;Oldemarktseweg;Tuk;0,0;0,0;0,0;0,0;0,0;0,0
NL:S:24552350;Watertoren;Thij;0,0;0,1;0,0;0,0;0,0;0,0
NL:S:24552370;Thij;Thij;0,0;0,0;0,0;0,0;0,0;0,0
NL:S:24590100;Burchtstraat;Kuinre;15,5;9,8;0,0;0,0;0,0;0,0
NL:S:24610010;Venebosweg;Ossenzijl;0,0;0,2;0,0;0,0;0,0;0,0
NL:S:24610030;Kloosterdijk;Ossenzijl;0,4;0,6;0,0;0,0;0,0;0,0
NL:S:24620010;Busstation;Lemmer;26,4;24,1;0,0;0,0;0,0;0,0
NL:S:24620110;Lemsterweg;Rutten;0,4;0,2;0,0;0,0;0,0;0,0
NL:S:24620130;Houtmolen;Lemmer;9,4;10,0;0,0;0,0;0,0;0,0
NL:S:24680010;Uiterdijkenweg;Luttelgeest;0,3;0,3;0,0;0,0;0,0;0,0
NL:S:24720010;Lemsterpoort;Rutten;26,8;24,6;0,0;0,0;0,0;0,0
NL:S:24720090;Noordermeerweg;Rutten;0,4;0,6;0,0;0,0;0,0;0,0
NL:S:24820030;Wrakkenpad;Creil;1,8;1,7;0,0;0,0;0,0;0,0
NL:S:24820050;IJzerpad;Rutten;0,3;0,5;0,0;0,0;0,0;0,0
NL:S:24820090;Creil;Creil;32,0;28,7;0,0;0,0;0,0;0,0
NL:S:24920030;Weg van Ongenade;Espel;0,2;0,2;0,0;0,0;0,0;0,0
NL:S:24920050;Onderduikerspad;Espel;0,8;0,9;0,0;0,0;0,0;0,0
NL:S:24920070;Noordermiddenweg;Espel;0,5;0,7;0,0;0,0;0,0;0,0
NL:S:24920080;Espelerweg;Emmeloord;0,0;0,1;0,0;0,0;0,0;0,0
NL:S:24920110;Espel;Espel;11,1;10,6;0,0;0,0;0,0;0,0
NL:S:24920130;Klutenpad;Creil;0,9;0,6;0,0;0,0;0,0;0,0
NL:S:25000010;Kettingstraat;Emmeloord;18,1;23,4;4,0;5,4;1,3;1,3
NL:S:25000030;Lange Dreef;Emmeloord;5,3;5,5;2,2;2,9;0,6;1,3
NL:S:25000050;Bunschotenlaan;Emmeloord;20,2;30,2;5,1;6,2;5,1;4,3
NL:S:25000070;Emmeloord - Oost;Emmeloord;6,5;9,9;0,3;0,6;0,2;0,2
NL:S:25000100;Diemenlaan;Emmeloord;13,7;18,2;3,3;5,6;2,6;2,4
NL:S:25000130;Ecopark;Emmeloord;1,1;1,5;0,0;0,1;0,1;0,1
NL:S:25000160;Ondernemersweg;Emmeloord;0,9;2,0;0,0;0,0;0,0;0,0
NL:S:25000180;Produktieweg;Emmeloord;1,9;2,3;0,0;0,0;0,0;0,0
NL:S:25000210;Zuyderzee College;Emmeloord;18,3;23,0;5,2;5,5;3,4;2,6
NL:S:25000410;Begraafplaats;Emmeloord;19,4;29,2;0,0;0,0;0,0;0,0
NL:S:25000430;Dr. W.M. Verhaarlaan;Emmeloord;1,1;1,7;0,0;0,0;0,0;0,0
NL:S:25000450;Schaftweg/Espelerweg;Emmeloord;1,6;3,2;0,0;0,0;0,0;0,0
NL:S:25000500;Medisch Centrum;Emmeloord;85,0;93,8;12,4;13,7;6,9;7,1
NL:S:25000600;Antonius Ziekenhuis;Emmeloord;75,1;78,9;21,7;24,4;10,9;12,1
NL:S:25000700;Urkerweg 18;Emmeloord;0,4;0,8;0,2;0,1;0,0;0,0
NL:S:25001400;Smeden;Emmeloord;21,8;25,8;2,3;7,3;2,3;2,6
NL:S:25005010;Busstation;Emmeloord;1080,6;1059,6;232,0;243,1;167,9;116,4
NL:S:25060010;Brink;Luttelgeest;11,0;8,1;0,0;0,0;0,0;0,0
NL:S:25060030;Luttelgeesterweg;Luttelgeest;0,1;0,9;0,0;0,0;0,0;0,0
NL:S:25060050;Lindeweg;Luttelgeest;0,7;0,6;0,0;0,0;0,0;0,0
NL:S:25060070;Orchideeenhoeve;Luttelgeest;3,2;3,4;0,0;0,0;0,0;0,0
NL:S:25060090;Oosterringweg;Luttelgeest;17,0;13,3;0,0;0,0;0,0;0,0
NL:S:25060110;Schansweg;Luttelgeest;0,2;0,1;0,0;0,0;0,0;0,0
NL:S:25070010;Luttelgeesterweg;Marknesse;1,1;2,3;0,1;0,4;0,2;0,2
NL:S:25070030;H.D. Louwes Hoeve;Emmeloord;0,0;0,1;0,0;0,0;0,0;0,0
NL:S:25070050;Lindeweg;Emmeloord;0,9;0,9;0,2;0,2;0,4;0,3
NL:S:25130100;Sloefweg;Ens;3,2;2,9;0,9;1,1;0,6;0,7
NL:S:25130200;Bomenweg;Emmeloord;1,4;1,7;0,3;0,4;0,9;0,2
NL:S:25130300;Kleiweg;Emmeloord;1,8;1,2;0,2;0,2;0,3;0,2
NL:S:25140100;Schaftweg/Nagelerweg;Emmeloord;0,4;0,7;0,0;0,0;0,0;0,0
NL:S:25140300;Johannes Postweg;Nagele;0,2;0,1;0,0;0,0;0,0;0,0
NL:S:25150100;Urkerweg 34;Tollebeek;0,9;1,1;0,1;0,3;0,0;0,0
NL:S:25150200;Sint Hubertusplaats;Tollebeek;49,8;51,2;12,4;12,4;0,0;0,0
NL:S:25150300;Urkerweg 46;Tollebeek;0,3;0,7;0,0;0,0;0,0;0,0
NL:S:25150400;Urkerdwarspad;Urk;0,5;1,1;0,1;0,3;0,0;0,0
NL:S:25170030;Zwembad Voorst;Kraggenburg;0,4;0,4;0,3;0,3;0,2;0,2
NL:S:25170050;Picknickplaats;Kraggenburg;1,5;1,1;0,3;1,0;0,5;0,3
NL:S:25170070;Mammouthweg;Kraggenburg;1,0;1,1;0,8;0,9;0,4;0,6
NL:S:25170090;Leemringweg/Sloefweg;Marknesse;0,8;0,9;0,8;0,5;0,2;0,2
NL:S:25170110;Boslaan;Marknesse;0,9;0,7;0,0;0,0;0,0;0,0
NL:S:25170211;Busstation;Marknesse;167,5;162,4;14,6;12,8;9,5;7,7
NL:S:25170230;Breestraat;Marknesse;38,7;41,2;12,5;14,8;6,7;7,6
NL:S:25180010;Busstation;Blokzijl;42,1;16,6;0,0;0,0;0,0;0,0
NL:S:25180030;Uiterdijkenweg;Marknesse;1,6;2,1;0,0;0,0;0,0;0,0
NL:S:25180050;Steenwijkerdwarsweg;Marknesse;2,0;2,4;0,0;0,0;0,0;0,0
NL:S:25230030;Ens;Ens;116,3;117,9;36,6;36,2;19,5;17,9
NL:S:25240010;Domineesweg;Nagele;63,5;70,0;9,2;12,2;11,4;5,6
NL:S:25240150;Professor Brandsmaw.;Nagele;0,1;0,1;0,0;0,0;0,0;0,0
NL:S:25240800;Nagele;Nagele;28,1;24,4;0,0;0,0;0,0;0,0
NL:S:25250010;Singel;Urk;51,1;41,6;17,0;11,2;0,0;0,0
NL:S:25250100;Urkerweg 60;Urk;12,8;12,0;1,5;0,8;0,0;0,0
NL:S:25250210;Ransuil;Urk;49,9;59,1;6,9;7,3;0,0;0,0
NL:S:25250230;Winkelcentrum;Urk;111,5;112,9;19,5;16,9;0,0;0,0
NL:S:25250270;Vlaak;Urk;75,1;85,5;6,3;9,5;0,0;0,0
NL:S:25250300;Rotholm;Urk;64,0;43,8;10,3;5,0;0,0;0,0
NL:S:25250850;Lange Dam;Urk;41,6;49,9;4,2;5,8;0,0;0,0
NL:S:25250950;De Noord;Urk;21,3;35,4;2,3;5,6;0,0;0,0
NL:S:25251000;Gemeentehuis;Urk;74,5;70,1;9,1;10,6;0,0;0,0
NL:S:25251510;Marsdiep;Urk;0,7;1,0;0,0;0,0;0,0;0,0
NL:S:25251530;Griend;Urk;4,4;4,2;0,0;0,0;0,0;0,0
NL:S:25270010;Clarenberglaan;Vollenhove;93,1;37,8;28,9;6,1;17,7;2,5
NL:S:25270030;Kraggenburg;Kraggenburg;27,4;26,5;7,2;7,6;3,8;4,1
NL:S:25270110;Vollenhoverweg/NOP;Marknesse;0,8;1,8;0,3;0,9;0,1;0,5
NL:S:25270130;Repelweg;Marknesse;1,0;1,0;0,5;0,4;0,6;0,5
NL:S:25270150;Voorsterweg;Marknesse;2,4;2,6;0,6;0,7;0,4;0,4
NL:S:25270170;Voorstersluis;Marknesse;0,2;0,3;0,2;0,2;0,3;0,2
NL:S:25270190;Paardenweg;Kraggenburg;1,8;2,0;0,3;0,3;0,2;0,1
NL:S:25280010;Boomkwekerij;Scheerwolde;1,3;1,2;0,0;0,0;0,0;0,0
NL:S:25280050;Beenderribben;Wetering;0,2;0,4;0,0;0,0;0,0;0,0
NL:S:25280070;Wetering;Wetering;0,0;0,4;0,0;0,0;0,0;0,0
NL:S:25280090;Veldhuisweg;Baarlo;0,0;0,0;0,0;0,0;0,0;0,0
NL:S:25330300;Zwartemeerweg;Ens;7,6;2,6;1,7;0,8;2,1;0,4
NL:S:25350010;Markeweg;Blesdijke;0,0;0,0;0,0;0,0;0,0;0,0
NL:S:25350030;Dalhoeve;Blesdijke;0,1;0,1;0,0;0,0;0,0;0,0
NL:S:25370010;Heetveld;Heetveld;0,8;1,1;0,2;0,5;0,1;0,2
NL:S:25370070;Prot Chr Basisschool;Heetveld;2,2;2,3;0,2;0,2;0,0;0,1
NL:S:25380010;Jan van Nassauweg;Scheerwolde;2,3;2,1;0,0;0,0;0,0;0,0
NL:S:25380030;Smalleweg;Scheerwolde;0,0;0,1;0,0;0,0;0,0;0,0
NL:S:25430010;Noorderrandweg;Kampereiland;0,4;0,3;0,1;0,0;0,1;0,1
NL:S:25430030;Rechterveldweg;Kampereiland;1,4;1,3;0,2;0,2;0,0;0,0
NL:S:25430050;Natuurbad Seveningen;Kampereiland;0,7;0,3;0,2;0,1;0,2;0,1
NL:S:25430100;Nesweg;Kampereiland;0,7;0,7;0,0;0,0;0,0;0,0
NL:S:25430200;Kampereiland Kerk;Kampereiland;0,4;0,4;0,1;0,1;0,0;0,0
NL:S:25430300;Witte Brug;Kampereiland;0,7;0,8;0,0;0,0;0,0;0,1
NL:S:25430390;Dam-Noorddiep;Kampereiland;0,0;0,1;0,0;0,0;0,0;0,0
NL:S:25440050;Visvijverweg;Swifterbant;1,5;1,7;0,0;0,0;0,0;0,0
NL:S:25450810;Kooystraat;Ossenzijl;2,2;1,7;0,0;0,0;0,0;0,0
NL:S:25470010;De Velde;De Velde;0,0;0,1;0,0;0,0;0,0;0,0
NL:S:25470030;Busstation;Zwartsluis;9,3;15,8;2,5;5,9;1,5;4,7
NL:S:25470070;De Krieger;De Krieger;0,0;0,1;0,0;0,0;0,0;0,0
NL:S:25580030;'t TAG;Genemuiden;0,0;0,0;0,0;0,0;0,0;0,0
NL:S:25670010;H. van Viandenplein;Hasselt;0,0;0,0;0,0;0,0;0,0;0,0
NL:S:25670030;Scheepswerf;Hasselt;2,7;3,5;2,8;3,5;0,9;1,6
NL:S:25680030;Blauwe Hand;Blauwe Hand;0,0;0,0;0,0;0,0;0,0;0,0
NL:S:25780010;Dominee Hylkemaweg;Giethoorn;0,0;0,0;0,0;0,0;0,0;0,0
NL:S:25780030;Kerkweg;Giethoorn;0,0;0,0;0,0;0,0;0,0;0,0
NL:S:25830090;Gemeentehuis;Kampen;1,7;3,2;0,0;0,0;0,0;0,0
NL:S:25830110;Oranjesingel;Kampen;0,0;0,0;0,0;0,0;0,0;0,0
NL:S:25830170;Station Zuid;Kampen;0,0;0,0;0,0;0,0;0,0;0,0
NL:S:25830270;Leeghwaterstraat;Kampen;0,0;0,0;0,0;0,0;0,0;0,0
NL:S:25830290;Amandelboom;Kampen;0,0;0,0;0,0;0,0;0,0;0,0
NL:S:25830310;Sterrekroos;Kampen;0,0;0,0;0,0;0,0;0,0;0,0
NL:S:25830320;Hilbert v Dijkstraat;Kampen;0,0;0,0;0,0;0,0;0,0;0,0
NL:S:25830330;Doctor Kolfflaan;Kampen;0,0;0,0;0,0;0,0;0,0;0,0
NL:S:25830340;Colijnlaan;Kampen;0,0;0,0;0,0;0,0;0,0;0,0
NL:S:25830360;Ommelandsingel;Kampen;0,0;0,0;0,0;0,0;0,0;0,0
NL:S:25830500;Loriestraat;Kampen;0,0;0,0;0,0;0,0;0,0;0,0
NL:S:25830520;Blauwe Engel;Kampen;0,0;0,4;0,0;0,0;0,0;0,0
NL:S:25839175;GSG Pieter Zandt;Kampen;12,5;14,8;0,0;0,0;0,0;0,0
NL:S:38400120;Florasingel;Bovenkarspel;0,0;0,0;0,0;0,0;0,0;0,0
NL:S:38402010;Streekhof;Bovenkarspel;0,0;0,0;0,0;0,0;0,0;0,0
NL:S:38410050;R.K. Kerk;Wervershoof;0,0;0,0;0,0;0,0;0,0;0,0
NL:S:38500010;Station;Enkhuizen;0,1;0,3;0,0;0,0;0,0;0,0
NL:S:38610040;Kleingouw;Andijk;0,0;0,0;0,0;0,0;0,0;0,0
NL:S:38610060;Sorghvliet;Andijk;0,0;0,0;0,0;0,0;0,0;0,0
NL:S:38610070;Gedeputeerde Laanweg;Andijk;0,0;0,0;0,0;0,0;0,0;0,0
NL:S:46002960;Blaloweg/Hasselterweg;Zwolle;1,8;3,3;0,4;1,0;0,0;0,2
NL:S:46004530;Stadion;Zwolle;0,0;0,0;0,0;0,0;0,0;0,0
NL:S:46006400;Campus;Zwolle;47,9;52,6;0,0;0,0;0,0;0,0
NL:S:46006600;Blaloweg/Rieteweg;Zwolle;0,2;4,2;0,0;0,1;0,0;0,1
NL:S:46010030;Zwembad/Landstede;Zwolle;0,0;0,0;0,0;0,0;0,0;0,0
NL:S:46100040;Katerdijk;zwolle;40,9;77,4;0,2;0,3;0,1;0,3
NL:S:46100330;Breecamp;Zwolle;0,3;0,7;0,1;0,5;0,1;0,6
NL:S:46104021;Katwolderplein/centrum;Zwolle;24,3;17,6;5,3;14,7;2,6;4,2
NL:S:46301120;Industrieweg;Hasselt;0,2;0,4;0,1;0,1;0,0;0,0
NL:S:46302090;Stadsweg;Hasselt;0,1;0,2;0,0;0,3;0,0;0,1
NL:S:46320010;Het Rode Dak;Genne;0,0;0,0;0,0;0,0;0,0;0,0
NL:S:46403010;Kloosterziel;De Velde;0,0;0,0;0,0;0,0;0,0;0,0
NL:S:46501010;Kranerweerd;Zwartsluis;0,2;0,4;0,1;0,4;0,1;0,1
NL:S:46501030;Nieuwesluis;Zwartsluis;0,7;0,8;1,2;0,2;1,1;0,3
NL:S:46501070;Westeinde - Rotonde;Zwartsluis;0,4;0,6;0,2;0,5;0,0;0,2
NL:S:46511010;De Noorde;Zwartsluis;0,9;1,1;0,2;0,5;0,2;0,3
NL:S:46511030;Zieltje;Zwartsluis;0,0;0,0;0,0;0,0;0,0;0,0
NL:S:46520010;Flevoweg;St.Jansklooster;5,6;5,8;0,4;0,7;0,2;0,4
NL:S:46520030;Veneweg;St.Jansklooster;1,8;1,9;0,5;0,5;0,3;0,3
NL:S:46522010;Barsbeek;Heetveld;0,7;1,1;0,1;0,3;0,0;0,1
NL:S:46522070;Barsbeek 36;St. Jansklooster;1,2;1,3;0,0;0,0;0,0;0,1
NL:S:46522090;Kadoelen;Kadoelen;0,7;1,0;0,2;0,7;0,1;0,2
NL:S:46531010;Verlengde Duinweg;St.Jansklooster;0,4;0,7;0,0;0,1;0,0;0,0
NL:S:46531030;Weyert;Vollenhove;11,8;9,2;0,3;0,5;0,1;0,2
NL:S:46531050;Zwembad;Vollenhove;19,4;20,7;8,4;9,6;5,9;5,4
NL:S:46641030;Groene Kruis;Giethoorn;0,0;0,0;0,0;0,0;0,0;0,0
NL:S:46650030;Brug;Giethoorn;0,0;0,0;0,0;0,0;0,0;0,0
NL:S:47130010;Hasselterweg;Zwolle;1,6;1,6;0,5;0,8;0,2;0,4
NL:S:47130030;Zwolseweg;Zwolle;0,3;0,4;0,1;0,1;0,0;0,1
NL:S:47130100;Veecaten;'s-Heerenbroek;0,1;0,0;0,0;0,0;0,0;0,0
NL:S:47130200;Bisschopswetering;'s-Heerenbroek;0,1;0,1;0,0;0,0;0,0;0,0
NL:S:47130300;Schoolsteeg;'s-Heerenbroek;0,0;0,0;0,0;0,0;0,0;0,0
NL:S:47130400;Zwolseweg 56;'s-Heerenbroek;0,0;0,0;0,0;0,0;0,0;0,0
NL:S:47230200;Wilsumersteeg;Wilsum;0,0;0,0;0,0;0,0;0,0;0,0
NL:S:47230300;Zwolseweg 44;IJsselmuiden;0,0;0,0;0,0;0,0;0,0;0,0
NL:S:47330120;Beneluxweg;Kampen;0,0;0,0;0,0;0,0;0,0;0,0
NL:S:47330150;IJsselbrug;Kampen;5,1;9,6;0,0;0,0;0,0;0,0
NL:S:47330160;Venedijk;Kampen;0,0;0,0;0,0;0,0;0,0;0,0
NL:S:47331310;Vijverhof;Kampen;1,5;2,6;0,0;0,0;0,0;0,0
NL:S:47331900;Bovenhavenstraat;Kampen;1,0;0,6;0,0;0,0;0,0;0,0
NL:S:47332200;Koornmarkt;Kampen;2,0;5,0;0,0;0,0;0,0;0,0
NL:S:47332600;Verzinkerij;IJsselmuiden;0,1;0,1;0,0;0,0;0,0;0,0
NL:S:47332700;Grafhorsterweg;IJsselmuiden;2,1;4,5;0,9;0,4;0,1;0,2
NL:S:47333300;Oostzeestraat;Kampen;0,0;0,0;0,0;0,0;0,0;0,0
NL:S:47333410;Almere College;Kampen;2,9;4,1;0,0;0,0;0,0;0,0
NL:S:47333500;Nijverheidsstraat;Kampen;12,9;16,3;0,0;0,0;0,0;0,0
NL:S:47334750;Isala Polikliniek;Kampen;2,0;2,1;0,0;0,0;0,0;0,0
NL:S:47335000;Station;Kampen;513,1;463,6;114,9;102,5;62,8;87,4
NL:S:47336000;Kalmoessingel;Kampen;1,4;5,5;0,0;0,0;0,0;0,0
NL:S:47430200;Roggebotsluis;Dronten;66,4;33,1;0,0;0,0;0,0;0,0
NL:S:47430300;Oudebosweg;Dronten;0,5;0,9;0,0;0,0;0,0;0,0
NL:S:47530020;Ketelweg;Dronten;0,6;0,8;0,0;0,0;0,0;0,0
NL:S:49000050;Lelycentre;Lelystad;32,8;32,8;6,0;6,5;0,0;0,0
NL:S:49000060;Rotondebrug;Lelystad;13,9;16,2;0,6;1,1;0,0;0,0
NL:S:49000170;Centrumbrug;Lelystad;31,9;38,6;5,4;7,9;5,1;7,3
NL:S:49000750;Vlieterbrug;Lelystad;8,0;7,2;3,3;1,9;0,0;0,0
NL:S:49000850;Kwikstraat;Lelystad;2,5;3,1;0,3;0,3;0,0;0,0
NL:S:49001020;Hondsdraf;Lelystad;0,6;0,7;0,0;0,0;0,0;0,0
NL:S:49001210;Houtribweg;Lelystad;6,0;10,9;0,4;1,2;0,5;1,3
NL:S:49003300;De Hoven;Lelystad;8,0;16,3;1,1;1,9;0,9;1,6
NL:S:49004500;De Rietlanden;Lelystad;25,1;31,2;3,7;4,0;2,4;2,8
NL:S:49005010;Station Centrum;Lelystad;638,8;579,1;253,2;196,2;143,4;154,4
NL:S:49005150;Vestebrug;Lelystad;4,0;4,7;0,9;1,1;0,0;0,0
NL:S:49005250;Schansbrug;Lelystad;2,5;3,9;0,3;0,3;0,0;0,0
NL:S:49005400;Oostranddreef;Lelystad;1,0;0,5;0,0;0,0;0,0;0,0
NL:S:49005500;Runderweg;Lelystad;1,3;3,1;0,0;0,0;0,0;0,0
NL:S:49005950;Crematorium;Lelystad;1,2;1,8;1,5;2,2;0,0;0,0
NL:S:49006800;Pekstraat;Lelystad;1,6;2,9;0,3;0,4;0,0;0,0
NL:S:49008850;Larserpoort;Lelystad;20,8;20,9;1,6;3,2;1,3;2,0
NL:S:49111010;Natuurpark;Lelystad;4,3;4,7;1,8;1,6;1,1;1,4
NL:S:49130010;Zeeasterpad;Lelystad;0,7;0,5;0,0;0,0;0,0;0,0
NL:S:49140010;Steenstraat;Lelystad;16,6;21,2;1,9;2,3;0,0;0,0
NL:S:49140050;Edelhertweg;Lelystad;0,6;0,5;0,0;0,0;0,0;0,0
NL:S:49210010;Vogelweg;Lelystad;6,8;8,1;1,1;1,2;0,7;1,0
NL:S:49210040;Eendenweg;Lelystad;14,6;16,6;13,2;14,8;8,5;9,1
NL:S:49230010;Lisdoddepad;Dronten;0,1;0,1;0,0;0,0;0,0;0,0
NL:S:49240010;Proefstation;Lelystad;0,6;0,6;0,0;0,0;0,0;0,0
NL:S:49240030;Klokbekerweg;Lelystad;0,7;0,7;0,2;0,2;0,0;0,0
NL:S:49240050;Vuursteenweg;Swifterbant;0,1;0,0;0,1;0,1;0,0;0,0
NL:S:49310010;Gooiseweg;Zeewolde;1,3;2,1;0,4;0,5;0,3;0,3
NL:S:49330010;Roodbeenweg;Dronten;0,0;0,0;0,0;0,0;0,0;0,0
NL:S:49330030;Lisdoddeweg;Dronten;0,0;0,0;0,0;0,0;0,0;0,0
NL:S:49330050;Rietweg;Dronten;1,6;1,5;0,0;0,0;0,0;0,0
NL:S:49340010;Bloemenwijk;Swifterbant;92,3;85,0;16,8;16,3;10,2;8,8
NL:S:49340040;Industrieweg;Swifterbant;2,9;3,8;0,5;0,8;0,7;0,2
NL:S:49340060;Rivierduinweg;Swifterbant;0,5;1,0;2,6;3,6;0,0;0,0
NL:S:49340080;De Lange Streek;Swifterbant;111,1;105,7;31,1;29,0;11,0;13,5
NL:S:49340100;Tarpanweg;Swifterbant;1,7;1,6;0,8;0,9;1,0;0,1
NL:S:49340140;Het Blazoen;Swifterbant;2,8;1,2;0,0;0,0;0,0;0,0
NL:S:49410010;Sternweg;Zeewolde;0,9;1,8;1,4;2,4;1,0;1,4
NL:S:49430020;Melisse;Dronten;14,2;13,1;5,0;4,3;3,9;3,8
NL:S:49430050;De Haflinger;Dronten;2,9;1,1;0,0;0,0;0,0;0,0
NL:S:49430070;Langstraat Zuid;Dronten;8,6;8,6;4,0;3,4;2,5;2,9
NL:S:49430110;Manege;Dronten;35,3;30,9;0,0;0,0;0,0;0,0
NL:S:49430130;De Ark;Dronten;14,4;12,4;5,4;5,3;3,4;3,8
NL:S:49430150;Baskenstraat;Dronten;3,8;7,3;0,0;0,0;0,0;0,0
NL:S:49430210;Langstraat;Dronten;16,0;16,4;5,8;5,6;4,1;5,1
NL:S:49430250;De Boeg;Dronten;11,8;9,9;0,0;0,0;0,0;0,0
NL:S:49430310;De Ketting;Dronten;21,4;19,3;5,2;4,2;3,5;4,4
NL:S:49430390;Station;Dronten;470,0;417,5;54,3;49,3;48,8;37,3
NL:S:49430430;Dukaat;Dronten;3,2;5,6;0,0;0,0;0,3;0,3
NL:S:49430450;Het Spaarne;Dronten;8,5;12,6;1,4;1,5;1,1;1,1
NL:S:49430470;Rendierweg;Dronten;0,8;1,0;0,5;0,6;0,0;0,2
NL:S:49430490;Beiersgulden;Dronten;8,1;8,1;1,8;2,9;0,6;1,0
NL:S:49430510;Eurosingel;Dronten;14,0;17,2;0,0;0,0;0,2;0,7
NL:S:49430590;Aeres Hogeschool;Dronten;42,3;51,2;0,0;0,0;0,7;6,8
NL:S:49430620;De Morgen;Dronten;10,9;11,3;0,0;0,0;0,0;0,0
NL:S:49430640;De Barrage;Dronten;8,2;13,6;0,0;0,0;0,0;0,0
NL:S:49430740;Meerpaal;Dronten;25,7;25,5;12,2;14,9;4,4;5,1
NL:S:49430760;Centrum;Dronten;112,5;126,2;17,6;19,2;7,2;7,5
NL:S:49440010;Elandweg;Swifterbant;0,0;0,1;0,0;0,1;0,0;0,0
NL:S:49480010;Reigerweg;Zeewolde;1,4;2,0;0,0;0,0;0,0;0,0
NL:S:49490010;Slingerpad;Zeewolde;2,2;2,8;0,0;0,0;0,0;0,0
NL:S:49490030;Nijkerkersluis;Zeewolde;3,2;1,8;0,0;0,0;0,0;0,0
NL:S:49490090;Flevo-Nat/Wielseweg;Zeewolde;0,0;0,0;0,0;0,1;0,0;0,0
NL:S:49510020;Harderhaven;Harderhaven;52,9;54,8;28,5;30,1;14,8;15,3
NL:S:49510040;Harderbroek;Zeewolde;0,6;1,0;0,2;0,3;0,2;0,3
NL:S:49510080;Camping Flevostrand;Biddinghuizen;12,1;13,0;12,6;11,5;9,6;6,8
NL:S:49530020;Hanzeweg 17;Dronten;3,3;0,6;0,0;0,0;0,0;0,0
NL:S:49560010;Palingweg;Biddinghuizen;0,7;0,7;0,1;0,1;0,1;0,1
NL:S:49560030;Garnaalweg;Dronten;0,1;0,1;0,1;0,1;0,2;0,1
NL:S:49560050;Botweg;Biddinghuizen;1,2;1,0;0,2;0,2;0,1;0,1
NL:S:49580010;Dodaarsweg;Zeewolde;1,1;1,1;0,0;0,0;0,0;0,0
NL:S:49590010;Nulderpad;Zeewolde;0,4;0,5;0,0;0,0;0,0;0,0
NL:S:49613001;Station;Harderwijk;880,9;804,0;337,4;283,8;232,4;210,3
NL:S:49613003;Zkh. Sint Jansdal;Harderwijk;8,6;13,6;0,4;0,2;0,2;0,1
NL:S:49613010;Selhorstweg;Harderwijk;49,1;61,6;20,6;24,3;11,3;11,2
NL:S:49613075;Burg. de Meesterstraat;Harderwijk;78,1;74,2;25,3;27,2;18,3;17,4
NL:S:49613077;Dolfinarium;Harderwijk;97,6;94,9;84,3;99,9;49,5;52,8
NL:S:49613405;Plantage;Harderwijk;2,7;3,6;0,0;0,1;0,0;0,1
NL:S:49613407;Centrum;Harderwijk;20,2;17,6;1,3;1,0;0,3;0,2
NL:S:49630020;Bremerbergweg;Biddinghuizen;9,3;12,0;6,8;9,8;6,3;7,2
NL:S:49660010;Plein;Biddinghuizen;106,3;114,1;43,3;38,3;20,4;22,4
NL:S:49660030;Havenweg;Biddinghuizen;45,3;42,1;10,2;8,7;6,8;5,2
NL:S:49660050;Dreef;Biddinghuizen;46,2;53,6;12,6;13,8;7,6;7,5
NL:S:49680010;Gruttoweg;Zeewolde;4,3;4,3;0,0;0,0;0,0;0,0
NL:S:49700010;De Eemhof;Zeewolde;0,2;0,2;0,4;0,4;0,6;0,4
NL:S:49730010;Alikruikweg;Biddinghuizen;7,6;7,3;2,0;1,9;1,2;1,4
NL:S:49790020;Overloop;Zeewolde;78,4;73,8;10,9;10,3;7,5;7,3
NL:S:49790030;Langezand;Zeewolde;20,7;24,1;1,4;12,2;1,1;5,8
NL:S:49790040;Kwartiermakerslaan;Zeewolde;85,6;101,7;24,9;32,2;14,6;20,4
NL:S:49790050;Oostergo;Zeewolde;19,0;21,2;3,6;7,5;3,5;5,6
NL:S:49790060;Naarderweg;Zeewolde;63,5;57,7;11,2;5,0;6,9;3,4
NL:S:49790070;Centrum;Zeewolde;41,0;46,3;12,4;17,6;6,9;9,6
NL:S:49790090;Kluunpad;Zeewolde;45,1;45,1;0,0;0,0;0,0;0,0
NL:S:49790100;NCC;Zeewolde;0,3;0,5;0,0;0,0;0,0;0,0
NL:S:49790110;Horsterweg;Zeewolde;100,9;100,6;9,7;7,6;5,9;6,1
NL:S:49790111;Fluitekruid;Zeewolde;32,0;30,1;8,9;9,3;7,5;6,9
NL:S:49790121;Gildenveld;Zeewolde;0,6;0,9;3,0;1,6;1,8;0,8
NL:S:49790131;De Verbeelding;Zeewolde;37,9;35,5;9,8;9,4;6,9;5,6
NL:S:49790141;Kastanjelaan;Zeewolde;1,0;1,6;3,9;2,5;2,4;2,4
NL:S:49790160;RCN-Dasselaarweg;Zeewolde;1,4;1,9;0,0;0,0;0,1;0,0
NL:S:49790181;RCN-Eikenlaan;Zeewolde;3,9;2,9;0,5;2,2;1,1;1,1
NL:S:49790200;Klein Hoefblad;Zeewolde;120,5;111,6;22,5;11,1;12,2;7,3
NL:S:49790210;Mast;Zeewolde;55,4;51,8;6,5;1,0;4,1;1,1
NL:S:49790250;Bolwerk;Zeewolde;10,8;10,1;0,0;0,0;0,0;0,0
NL:S:49790270;Trekkersveld;Zeewolde;14,0;13,3;0,0;0,0;0,0;0,0
NL:S:49790310;Industrieweg;Zeewolde;9,8;14,3;0,0;0,0;0,0;0,0
NL:S:49790410;Schollevaar;Zeewolde;1,6;1,4;0,0;0,0;0,0;0,0
NL:S:49810010;Walibi Holland;Biddinghuizen;94,7;114,1;105,5;144,3;81,0;95,6
NL:S:50423020;GSG Arnhemseweg;Amersfoort;1,4;4,0;0,0;0,0;0,0;0,0
NL:S:50423040;GSG Paladijnenweg;Amersfoort;3,7;4,2;0,0;0,0;0,0;0,0
NL:S:50630280;Berencamperweg;Nijkerk;1,5;5,5;0,0;0,0;0,0;0,0
NL:S:50637007;Station;Nijkerk;138,3;149,8;0,0;0,0;0,0;0,0
NL:S:50637011;Zilverschoon;Nijkerk;9,2;9,1;0,0;0,0;0,0;0,0
NL:S:58520010;Busstation 't Oor;Almere Stad;0,0;0,0;0,1;0,0;0,1;0,1
NL:S:58610060;Vogelweg;Almere Hout;5,5;5,9;0,2;0,3;0,2;0,2
NL:S:58610080;Kasteel;Almere Stad;0,0;0,0;0,0;0,0;0,0;0,0
NL:S:58610090;Veluwsekant;Almere Stad;23,5;25,1;0,1;0,1;0,1;0,1
NL:S:58610110;De Kemphaan;Almere Hout;15,9;28,9;0,2;0,2;0,2;0,2
NL:S:58650050;Stedenwijk Zuid;Almere Stad;0,0;0,1;0,1;0,1;0,1;0,1
NL:S:58650150;Stedenwijk Midden;Almere Stad;0,0;0,0;0,1;0,0;0,2;0,0
NL:S:58650330;Greta Garboplantsoen;Almere Stad;11,7;11,9;0,0;0,0;0,0;0,0
NL:S:58650350;Passage;Almere Stad;0,0;0,0;0,1;0,2;0,2;0,1
NL:S:58650370;Flevoziekenhuis;Almere Stad;31,4;36,9;0,0;0,0;0,0;0,0
NL:S:58650430;Stadhuisplein;Almere Stad;34,8;42,7;0,3;0,1;0,2;0,3
NL:S:58650590;Romy Schneiderweg;Almere Stad;2,3;2,5;0,0;0,0;0,0;0,0
NL:S:58650610;Bunuellaan;Almere Stad;5,3;5,0;0,0;0,0;0,0;0,0
NL:S:58650640;Walt Disneyplantsoen;Almere Stad;9,0;11,4;0,0;0,0;0,0;0,0
NL:S:58655000;Station Centrum;Almere Stad;151,4;117,8;0,8;0,6;1,2;1,7
NL:S:58710021;Stichtse Brug;Almere Hout;0,0;0,0;0,0;0,0;0,0;0,0
NL:S:58710040;Paradijsvogelweg;Almere Hout;4,7;4,9;0,0;0,0;0,0;0,0
NL:S:58710100;Nachtegaallaan;Almere Hout;33,2;32,9;0,0;0,0;0,0;0,0
NL:S:49000010;Bouwweg;Lelystad;16,2;27,6;2,6;5,9;1,2;1,6
NL:S:49000020;Atolplaza;Lelystad;30,2;31,2;9,8;9,6;5,6;4,8
NL:S:49000040;Ziekenhuis;Lelystad;37,7;68,7;19,2;37,8;6,5;14,8
NL:S:49000050;Lelycentre;Lelystad;170,3;141,1;83,8;73,7;34,1;29,8
NL:S:49000060;Rotondebrug;Lelystad;30,7;14,2;7,8;5,7;6,0;5,1
NL:S:49000080;Politiebrug;Lelystad;11,9;11,6;3,2;3,4;1,6;1,4
NL:S:49000110;Plantagebrug;Lelystad;26,8;23,9;13,8;13,4;5,8;6,0
NL:S:49000130;Zwembad De Koploper;Lelystad;9,4;10,9;11,3;11,0;3,8;2,4
NL:S:49000150;Oostkaap;Lelystad;20,9;18,1;10,0;8,8;4,1;3,4
NL:S:49000170;Centrumbrug;Lelystad;23,2;24,2;14,9;16,0;12,6;14,4
NL:S:49000180;Oostvaardersbrug;Lelystad;27,5;25,8;13,3;12,9;6,9;6,8
NL:S:49000220;Bingerden;Lelystad;19,6;20,1;5,1;7,1;3,5;4,1
NL:S:49000240;Vecht;Lelystad;39,5;41,2;18,0;18,3;8,8;7,9
NL:S:49000280;Gooisebrug;Lelystad;11,4;43,8;3,3;9,6;1,7;5,5
NL:S:49000290;Schouwbrug;Lelystad;1,6;3,5;0,6;1,6;0,2;0,6
NL:S:49000310;Rijnland;Lelystad;2,4;17,8;1,9;6,8;0,5;2,5
NL:S:49000320;Bongerd;Lelystad;34,6;32,5;15,6;15,4;8,3;9,6
NL:S:49000340;Botterbrug;Lelystad;3,9;5,5;1,5;2,4;1,0;2,7
NL:S:49000370;Reygersbeek;Lelystad;10,6;4,1;12,8;6,0;10,1;4,9
NL:S:49000380;Eaglelaan;Lelystad;1,4;1,6;0,4;0,3;0,0;0,0
NL:S:49000400;Albatroslaan;Lelystad;3,0;1,6;0,8;0,5;0,0;0,0
NL:S:49000440;Val van Urk;Lelystad;44,8;46,3;23,8;23,5;10,4;12,6
NL:S:49000470;Oostrandbrug;Lelystad;0,5;0,6;0,3;0,5;0,0;0,0
NL:S:49000520;Houtribhoogte;Lelystad;1,3;1,1;0,4;0,5;0,0;0,0
NL:S:49000530;Schroefstraat;Lelystad;7,9;9,4;2,5;2,6;0,9;1,5
NL:S:49000550;Langezand;Lelystad;16,6;13,5;8,2;8,1;4,3;3,7
NL:S:49000570;Parkhaven;Lelystad;0,6;0,5;0,2;0,2;0,0;0,0
NL:S:49000600;Werkeiland;Lelystad;10,5;21,7;7,7;14,5;5,0;7,8
NL:S:49000620;Monnickendamstraat;Lelystad-Haven;55,8;68,4;25,8;34,0;11,6;15,0
NL:S:49000630;Lemmerkade;Lelystad-Haven;48,0;23,4;29,9;15,6;14,8;6,6
NL:S:49000670;Ringdijk;Lelystad-Haven;90,4;82,7;53,0;51,2;24,7;27,4
NL:S:49000710;Warande;Lelystad;11,6;11,3;6,4;6,2;1,9;2,1
NL:S:49000730;H. Bekiusschool - De Rede;Lelystad;3,9;2,9;0,0;0,0;0,0;0,0
NL:S:49000750;Vlieterbrug;Lelystad;31,4;32,4;15,6;19,6;11,1;14,1
NL:S:49000760;Boterbloemhof;Lelystad;21,5;19,4;9,1;8,1;4,0;4,0
NL:S:49000830;Golfparkbrug;Lelystad;0,2;0,1;0,2;0,2;0,0;0,0
NL:S:49000870;Houtribsluis;Lelystad;0,3;0,3;1,0;0,9;0,0;0,0
NL:S:49000900;Parlaan;Lelystad;0,4;0,9;0,4;0,6;0,0;0,0
NL:S:49000950;Bronsweg;Lelystad;0,2;0,2;0,2;0,0;0,0;0,0
NL:S:49000970;Beginweg;Lelystad;0,0;0,2;0,0;0,1;0,0;0,0
NL:S:49000990;Jagersveld;Lelystad;0,7;0,4;0,1;0,1;0,0;0,0
NL:S:49001010;Buitenhof;Lelystad;2,1;1,7;0,6;0,5;0,0;0,0
NL:S:49001020;Hondsdraf;Lelystad;0,3;0,2;0,2;0,1;0,0;0,0
NL:S:49001210;Houtribweg;Lelystad;3,0;0,5;0,2;0,4;0,0;0,0
NL:S:49001440;Geulbrug;Lelystad;11,1;9,7;4,4;4,5;1,7;2,0
NL:S:49001540;Gorsbrug;Lelystad;9,8;9,4;2,5;2,7;1,2;1,4
NL:S:49001650;Agora;Lelystad;49,6;87,4;16,6;21,6;11,2;14,6
NL:S:49001680;Salland;Lelystad;16,0;0,7;4,8;0,2;2,0;0,3
NL:S:49001730;Veluwezoom;Lelystad;27,2;31,3;9,3;10,5;3,9;4,7
NL:S:49001750;Baronie;Lelystad;27,3;23,4;11,2;10,3;5,3;5,4
NL:S:49001840;Hanzepark;Lelystad;0,0;0,0;0,0;0,0;0,0;0,0
NL:S:49002300;Jol West;Lelystad;15,4;13,9;8,5;8,4;3,3;2,8
NL:S:49002400;Winkelcentrum Jol;Lelystad;91,1;85,5;46,8;43,5;18,2;19,6
NL:S:49002500;Punter Zuid;Lelystad;1,1;21,8;1,0;13,1;0,2;5,3
NL:S:49002600;Punter;Lelystad;48,8;34,0;27,5;17,9;12,3;9,9
NL:S:49002700;Gondel Noord;Lelystad;21,4;22,4;11,1;12,8;3,4;4,8
NL:S:49002900;Winkelcentrum Kempenaar;Lelystad;2,1;3,0;0,0;0,0;0,1;0,0
NL:S:49003000;Kempenaar Midden;Lelystad;2,0;2,1;0,0;0,0;0,0;0,0
NL:S:49003300;De Hoven;Lelystad;12,6;68,4;4,1;27,0;2,1;13,3
NL:S:49003360;'t Laar;Lelystad;3,3;3,5;10,6;2,4;1,6;1,7
NL:S:49003500;Wold;Lelystad;29,7;29,1;15,2;23,6;8,2;9,1
NL:S:49003600;Winkelcentrum Kamp;Lelystad;71,6;71,1;42,8;40,7;20,9;21,1
NL:S:49003700;Horst;Lelystad;22,6;19,4;12,0;11,6;5,4;5,1
NL:S:49003900;Nienoord;Lelystad;40,1;36,8;16,4;17,0;9,8;9,7
NL:S:49004110;Slotenlaan;Lelystad;62,1;52,1;34,7;32,7;14,7;15,9
NL:S:49004240;Oostzeestraat;Lelystad;192,6;172,3;115,1;106,8;55,3;46,6
NL:S:49004270;Westhoven;Lelystad;5,9;5,4;2,4;1,4;1,4;1,2
NL:S:49004340;Zwartezeestraat;Lelystad;69,6;64,6;30,1;28,9;12,3;11,8
NL:S:49004410;Kempenaar Oost;Lelystad;0,0;1,6;0,0;0,0;0,0;0,0
NL:S:49004500;De Rietlanden;Lelystad;25,7;23,2;2,6;3,1;1,1;2,8
NL:S:49004510;Penitentiaire Inrichting;Lelystad;14,7;6,8;5,8;1,7;1,0;0,7
NL:S:49005010;Station Centrum;Lelystad;1789,8;1655,9;1011,0;916,9;549,9;475,2
NL:S:49005150;Vestebrug;Lelystad;16,5;15,6;5,6;6,5;2,6;2,3
NL:S:49005250;Schansbrug;Lelystad;6,8;8,6;1,4;1,9;0,8;1,4
NL:S:49005400;Oostranddreef;Lelystad;0,2;0,5;0,1;0,3;0,0;0,0
NL:S:49005550;Karveelbrug;Lelystad;17,8;18,3;8,4;9,1;5,1;6,4
NL:S:49005650;Kempenaarbrug;Lelystad;39,6;40,6;18,3;20,6;12,2;15,8
NL:S:49005750;Boeierbrug;Lelystad;26,8;14,9;27,3;8,9;23,5;7,3
NL:S:49005850;Bataviahaven;Lelystad;13,9;11,3;14,2;9,0;6,5;4,1
NL:S:49005920;Batavia Stad;Lelystad;140,2;168,6;198,2;249,6;164,4;207,6
NL:S:49006460;Gondel Zuid;Lelystad;31,6;32,3;17,8;17,4;7,0;7,2
NL:S:49007200;Vaartweg;Lelystad;37,7;39,7;9,3;8,8;1,5;2,0
NL:S:49007530;Galjoenbrug;Lelystad;6,3;7,2;2,0;3,6;0,9;1,6
NL:S:49007850;Tjalk/Groenhorst;Lelystad;14,7;17,0;4,4;6,3;1,9;3,3
NL:S:49007870;Winkelcentrum Tjalk;Lelystad;30,4;31,4;21,6;22,9;7,5;7,5
NL:S:49008050;Winkelcentrum Botter;Lelystad;45,6;49,6;23,2;27,4;9,3;10,3
NL:S:49008150;Schoener;Lelystad;27,9;22,1;15,3;12,2;5,1;4,3
NL:S:49008250;Stuwweg;Lelystad;20,9;28,8;3,5;5,0;2,4;2,8
NL:S:49008830;Palazzo;Lelystad;3,2;4,3;0,0;0,0;0,0;0,1
NL:S:49009090;Duinbeek;Lelystad;57,0;57,5;14,3;16,7;6,7;9,0
NL:S:49110010;Airport Plaza;Lelystad;3,3;3,3;0,0;0,0;0,1;0,1
NL:S:49110030;Aviodrome;Lelystad;1,1;1,4;0,0;0,0;0,0;0,0
NL:S:49110280;Larserpoort;Lelystad;3,4;5,0;0,0;0,0;0,0;0,1
NL:S:49110300;Giant/Pascallaan;Lelystad;0,8;4,6;0,0;0,0;0,0;0,1
NL:S:49110330;;;0,0;0,0;0,0;0,0;0,0;0,0
NL:S:49110340;Omroep Flevoland;Lelystad;1,1;1,8;0,0;0,0;0,0;0,0
NL:S:16000010;Station;Meppel;36,8;30,5;0,0;0,0;0,0;0,0
NL:S:16000600;Burg. Knopperslaan;Meppel;2,1;2,5;0,0;0,0;0,0;0,0
NL:S:16000710;Steenwijkerstraatweg;Meppel;1,6;1,6;0,0;0,0;0,0;0,0
NL:S:16001010;Hugo de Grootstraat;Meppel;9,1;10,4;0,0;0,0;0,0;0,0
NL:S:16100010;Perceel 3;Nijeveen;8,1;11,7;0,0;0,0;0,0;0,0
NL:S:16100030;Perceel 56;Kolderveen;0,4;0,3;0,0;0,0;0,0;0,0
NL:S:16100050;Thijs van Urklaan;Kolderveen;0,1;0,1;0,0;0,0;0,0;0,0
NL:S:16180050;Redder;Staphorst;0,3;0,0;0,0;0,0;0,0;0,0
NL:S:16180070;Reggersweg;Staphorst;0,0;0,0;0,0;0,0;0,0;0,0
NL:S:16180100;Vlakkenweg;Staphorst;0,0;0,0;0,0;0,0;0,0;0,0
NL:S:16180120;Geerligsland;Staphorst;0,0;0,0;0,0;0,0;0,0;0,0
NL:S:16180140;Jan Arendsland;Staphorst;0,1;0,0;0,0;0,0;0,0;0,0
NL:S:16180160;Snelweg;Staphorst;0,1;0,0;0,0;0,0;0,0;0,0
NL:S:16180180;Achthoevenweg;Staphorst;0,1;0,0;0,0;0,0;0,0;0,0
NL:S:16180200;Hoogeweg;Staphorst;0,1;0,0;0,0;0,0;0,0;0,0
NL:S:16180220;Bergerslag;Staphorst;0,4;0,0;0,0;0,0;0,0;0,0
NL:S:16180240;Gemeentehuis;Staphorst;0,1;0,0;0,0;0,0;0,0;0,0
NL:S:16280100;Oostermenneweg;Rouveen;0,0;0,0;0,0;0,0;0,0;0,0
NL:S:16280160;Oude Rijksweg 485;Rouveen;0,0;0,0;0,0;0,0;0,0;0,0
NL:S:16280180;Hervormde Kerk;Rouveen;0,0;0,0;0,0;0,0;0,0;0,0
NL:S:16280220;Oud Gereformeerde Kerk;Rouveen;0,0;0,0;0,0;0,0;0,0;0,0
NL:S:16280240;Conradsweg;Rouveen;0,0;0,0;0,0;0,0;0,0;0,0
NL:S:16280260;Schoolwijksweg;Rouveen;0,0;0,0;0,0;0,0;0,0;0,0
NL:S:16280280;Dekkersweg;Rouveen;0,1;0,0;0,0;0,0;0,0;0,0
NL:S:16300010;Gemeentehuis;Steenwijk;14,6;17,3;0,5;0,6;0,2;0,3
NL:S:16300030;Vendelweg;Steenwijk;8,5;8,0;3,2;3,8;1,8;1,7
NL:S:16300050;Matthijs Kiersstraat;Steenwijk;15,2;6,6;3,7;4,5;2,3;3,2
NL:S:16301010;Station;Steenwijk;190,9;180,0;171,5;136,2;144,6;124,4
NL:S:16380190;Busstation;Lichtmis;0,2;0,0;0,0;0,0;0,0;0,0
NL:S:17000010;Station;Hoogeveen;0,0;0,0;0,0;0,0;0,0;0,0
NL:S:17190050;'t Hoekje;Hollandscheveld;0,0;0,0;0,0;0,0;0,0;0,0
NL:S:17310030;Zwarte Dijkje;Noordscheschut;0,0;0,0;0,0;0,0;0,0;0,0
NL:S:24350010;Spin;De Blesse;0,5;0,2;0,0;0,0;0,0;0,0
NL:S:24350030;Bovenweg;De Blesse;0,8;0,9;0,0;0,0;0,0;0,0
NL:S:24350050;Friese Veldweg;De Blesse;1,7;2,1;0,0;0,0;0,0;0,0
NL:S:24350070;Lagebroekweg;Blesdijke;1,2;1,0;0,0;0,0;0,0;0,0
NL:S:24350600;Noord;De Blesse;10,3;11,0;0,0;0,0;0,0;0,0
NL:S:24450030;Marijenkampen;Marijenkampen;0,6;0,5;0,0;0,0;0,0;0,0
NL:S:24450050;Eikenlaan;Willemsoord;0,5;0,4;0,0;0,0;0,0;0,0
NL:S:24451400;'t Centrum;Steenwijkerwold;10,2;8,5;0,0;0,0;0,0;0,0
NL:S:24451800;Willemsoord;Willemsoord;8,2;7,3;0,0;0,0;0,0;0,0
NL:S:24510020;Frieseweg;Oldemarkt;15,5;14,7;0,0;0,0;0,0;0,0
NL:S:24510040;Koningin Julianaweg;Oldemarkt;4,8;4,4;0,0;0,0;0,0;0,0
NL:S:24510060;Parochiehuis;Oldemarkt;9,9;8,1;0,0;0,0;0,0;0,0
NL:S:24510070;Kruisstraat;Oldemarkt;0,8;0,7;0,0;0,0;0,0;0,0
NL:S:24510090;De Boterberg;Oldemarkt;0,9;0,6;0,0;0,0;0,0;0,0
NL:S:24550030;Zuidveen;Zuidveen;7,8;6,5;1,1;0,9;1,3;0,7
NL:S:24550050;Groot Verlaat;Steenwijk;1,5;2,0;0,5;0,6;0,3;0,2
NL:S:24550160;Dolderbrug;Steenwijk;1,4;1,8;0,0;0,0;0,0;0,0
NL:S:24552310;Gemeentewerken;Tuk;0,7;0,9;0,0;0,0;0,0;0,0
NL:S:24552330;Oldemarktseweg;Tuk;0,7;0,7;0,0;0,0;0,0;0,0
NL:S:24552350;Watertoren;Thij;0,3;0,4;0,0;0,0;0,0;0,0
NL:S:24552370;Thij;Thij;0,3;0,3;0,0;0,0;0,0;0,0
NL:S:24590100;Burchtstraat;Kuinre;11,9;3,6;0,0;0,0;0,0;0,0
NL:S:24610010;Venebosweg;Ossenzijl;0,8;1,4;0,0;0,0;0,0;0,0
NL:S:24610030;Kloosterdijk;Ossenzijl;0,4;0,2;0,0;0,0;0,0;0,0
NL:S:24680010;Uiterdijkenweg;Luttelgeest;0,1;0,0;0,0;0,0;0,0;0,0
NL:S:24720010;Lemsterpoort;Rutten;0,0;0,0;0,0;0,0;0,0;0,0
NL:S:24750010;Zuivelfabriek;Kolderveen;0,2;0,2;0,0;0,0;0,0;0,0
NL:S:24750100;Nijeveenseweg;Meppel;1,2;1,1;0,0;0,0;0,0;0,0
NL:S:24820090;Creil;Creil;0,0;0,0;0,0;0,0;0,0;0,0
NL:S:24920110;Espel;Espel;0,0;0,0;0,0;0,0;0,0;0,0
NL:S:24920130;Klutenpad;Creil;0,0;0,0;0,0;0,0;0,0;0,0
NL:S:25000010;Kettingstraat;Emmeloord;1,9;9,5;0,8;1,5;0,2;0,4
NL:S:25000030;Lange Dreef;Emmeloord;0,8;1,6;0,5;1,1;0,1;0,4
NL:S:25000050;Bunschotenlaan;Emmeloord;11,1;20,1;3,4;4,2;4,2;3,2
NL:S:25000070;Emmeloord - Oost;Emmeloord;1,6;2,5;0,0;0,2;0,0;0,2
NL:S:25000100;Diemenlaan;Emmeloord;10,5;12,5;2,2;3,5;1,8;1,8
NL:S:25000130;Ecopark;Emmeloord;0,4;0,5;0,0;0,1;0,0;0,1
NL:S:25000180;Produktieweg;Emmeloord;0,0;0,0;0,0;0,0;0,0;0,0
NL:S:25000210;Zuyderzee College;Emmeloord;8,4;8,3;2,6;2,9;2,5;1,9
NL:S:25000500;Medisch Centrum;Emmeloord;18,5;15,2;1,0;0,9;0,0;0,0
NL:S:25000600;Antonius Ziekenhuis;Emmeloord;21,4;16,0;2,4;1,7;0,1;0,2
NL:S:25000700;Urkerweg 18;Emmeloord;0,2;0,2;0,1;0,0;0,0;0,0
NL:S:25001400;Smeden;Emmeloord;4,7;15,4;1,3;4,8;1,9;2,1
NL:S:25005010;Busstation;Emmeloord;312,3;389,6;72,2;80,8;70,2;50,8
NL:S:25060010;Brink;Luttelgeest;0,5;0,6;0,0;0,0;0,0;0,0
NL:S:25060030;Luttelgeesterweg;Luttelgeest;0,0;0,0;0,0;0,0;0,0;0,0
NL:S:25060050;Lindeweg;Luttelgeest;0,1;0,1;0,0;0,0;0,0;0,0
NL:S:25060070;Orchideeenhoeve;Luttelgeest;1,1;1,1;0,0;0,0;0,0;0,0
NL:S:25060090;Oosterringweg;Luttelgeest;3,6;3,2;0,0;0,0;0,0;0,0
NL:S:25060110;Schansweg;Luttelgeest;0,0;0,1;0,0;0,0;0,0;0,0
NL:S:25070010;Luttelgeesterweg;Marknesse;0,3;1,0;0,1;0,2;0,1;0,1
NL:S:25070030;H.D. Louwes Hoeve;Emmeloord;0,0;0,1;0,0;0,0;0,0;0,0
NL:S:25070050;Lindeweg;Emmeloord;0,6;0,6;0,2;0,2;0,3;0,2
NL:S:25130100;Sloefweg;Ens;1,9;1,9;0,5;0,6;0,4;0,4
NL:S:25130200;Bomenweg;Emmeloord;1,2;1,4;0,2;0,3;0,8;0,2
NL:S:25130300;Kleiweg;Emmeloord;0,6;0,9;0,1;0,2;0,3;0,2
NL:S:25140100;Schaftweg/Nagelerweg;Emmeloord;0,0;0,0;0,0;0,0;0,0;0,0
NL:S:25150100;Urkerweg 34;Tollebeek;0,0;0,1;0,0;0,1;0,0;0,0
NL:S:25150200;Sint Hubertusplaats;Tollebeek;20,1;19,5;1,5;1,8;0,0;0,0
NL:S:25150300;Urkerweg 46;Tollebeek;0,0;0,2;0,0;0,0;0,0;0,0
NL:S:25150400;Urkerdwarspad;Urk;0,3;0,3;0,0;0,1;0,0;0,0
NL:S:25170030;Zwembad Voorst;Kraggenburg;0,1;0,2;0,1;0,1;0,1;0,1
NL:S:25170050;Picknickplaats;Kraggenburg;0,3;0,4;0,2;0,2;0,2;0,1
NL:S:25170070;Mammouthweg;Kraggenburg;0,1;0,2;0,2;0,2;0,1;0,3
NL:S:25170090;Leemringweg/Sloefweg;Marknesse;0,5;0,4;0,5;0,4;0,1;0,1
NL:S:25170110;Boslaan;Marknesse;0,0;0,1;0,0;0,0;0,0;0,0
NL:S:25170211;Busstation;Marknesse;59,9;69,8;4,5;4,2;4,0;3,7
NL:S:25170230;Breestraat;Marknesse;16,0;17,6;2,8;4,7;2,8;3,1
NL:S:25180010;Busstation;Blokzijl;42,1;24,9;0,0;0,0;0,0;0,0
NL:S:25180030;Uiterdijkenweg;Marknesse;0,5;0,5;0,0;0,0;0,0;0,0
NL:S:25180050;Steenwijkerdwarsweg;Marknesse;1,0;1,5;0,0;0,0;0,0;0,0
NL:S:25230030;Ens;Ens;57,5;60,8;17,2;17,9;11,5;10,1
NL:S:25240010;Domineesweg;Nagele;0,0;0,2;0,0;0,0;0,0;0,0
NL:S:25240800;Nagele;Nagele;0,0;0,0;0,0;0,0;0,0;0,0
NL:S:25250010;Singel;Urk;10,0;10,7;3,5;2,4;0,0;0,0
NL:S:25250100;Urkerweg 60;Urk;3,0;2,6;0,3;0,2;0,0;0,0
NL:S:25250210;Ransuil;Urk;13,3;16,9;1,3;2,0;0,0;0,0
NL:S:25250230;Winkelcentrum;Urk;39,5;42,1;4,3;3,8;0,0;0,0
NL:S:25250270;Vlaak;Urk;25,7;31,3;1,6;2,3;0,0;0,0
NL:S:25250300;Rotholm;Urk;20,2;14,9;2,1;1,2;0,0;0,0
NL:S:25250850;Lange Dam;Urk;14,1;17,7;0,8;1,0;0,0;0,0
NL:S:25250950;De Noord;Urk;5,9;10,7;0,2;0,8;0,0;0,0
NL:S:25251000;Gemeentehuis;Urk;20,3;17,6;1,6;1,7;0,0;0,0
NL:S:25270010;Clarenberglaan;Vollenhove;128,5;90,1;29,2;19,2;17,4;9,3
NL:S:25270030;Kraggenburg;Kraggenburg;9,9;10,2;1,9;2,6;1,4;1,7
NL:S:25270110;Vollenhoverweg/NOP;Marknesse;0,7;0,9;0,2;0,5;0,1;0,2
NL:S:25270130;Repelweg;Marknesse;0,6;0,7;0,5;0,3;0,5;0,5
NL:S:25270150;Voorsterweg;Marknesse;1,5;1,8;0,2;0,2;0,2;0,2
NL:S:25270170;Voorstersluis;Marknesse;0,1;0,2;0,2;0,2;0,2;0,1
NL:S:25270190;Paardenweg;Kraggenburg;0,1;0,1;0,2;0,2;0,1;0,0
NL:S:25280010;Boomkwekerij;Scheerwolde;7,9;6,9;0,0;0,0;0,0;0,0
NL:S:25280050;Beenderribben;Wetering;0,5;0,8;0,0;0,0;0,0;0,0
NL:S:25280070;Wetering;Wetering;2,3;2,7;0,0;0,0;0,0;0,0
NL:S:25280090;Veldhuisweg;Baarlo;0,1;0,1;0,0;0,0;0,0;0,0
NL:S:25330300;Zwartemeerweg;Ens;7,7;5,3;1,7;1,6;2,1;1,2
NL:S:25350010;Markeweg;Blesdijke;0,1;0,1;0,0;0,0;0,0;0,0
NL:S:25350030;Dalhoeve;Blesdijke;0,7;0,9;0,0;0,0;0,0;0,0
NL:S:25370010;Heetveld;Heetveld;6,8;10,0;2,2;2,8;0,9;1,2
NL:S:25370070;Prot Chr Basisschool;Heetveld;12,0;11,7;2,2;1,5;1,1;1,2
NL:S:25380010;Jan van Nassauweg;Scheerwolde;3,3;3,0;0,0;0,0;0,0;0,0
NL:S:25380030;Smalleweg;Scheerwolde;0,1;0,1;0,0;0,0;0,0;0,0
NL:S:25430010;Noorderrandweg;Kampereiland;2,4;2,5;0,5;0,7;0,2;0,3
NL:S:25430030;Rechterveldweg;Kampereiland;4,8;4,8;1,5;1,9;0,8;0,8
NL:S:25430050;Natuurbad Seveningen;Kampereiland;1,0;0,8;0,4;0,4;0,4;0,5
NL:S:25430100;Nesweg;Kampereiland;0,7;0,8;0,0;0,0;0,0;0,0
NL:S:25430200;Kampereiland Kerk;Kampereiland;1,2;1,6;0,1;0,2;0,1;0,1
NL:S:25430300;Witte Brug;Kampereiland;1,2;1,3;0,3;0,4;0,0;0,1
NL:S:25430390;Dam-Noorddiep;Kampereiland;0,1;0,6;0,0;0,0;0,0;0,0
NL:S:25450810;Kooystraat;Ossenzijl;5,6;4,7;0,0;0,0;0,0;0,0
NL:S:25470010;De Velde;De Velde;3,4;3,8;1,4;1,5;1,0;0,7
NL:S:25470030;Busstation;Zwartsluis;219,1;233,3;65,8;69,7;39,5;44,6
NL:S:25470050;Bejaardencentrum;Zwartsluis;7,6;2,9;1,2;1,5;0,2;0,5
NL:S:25470070;De Krieger;De Krieger;6,5;7,9;1,1;1,2;0,9;0,3
NL:S:25480010;Chr. Basisschool;Kamperzeedijk;4,8;4,9;0,0;0,0;0,0;0,0
NL:S:25580010;Nieuweweg;Genemuiden;16,7;20,7;1,1;2,1;0,0;0,0
NL:S:25580030;'t TAG;Genemuiden;68,6;76,2;4,6;2,7;0,0;0,0
NL:S:25630010;Koekoeksgemaal;Grafhorst;0,8;0,8;0,0;0,0;0,0;0,0
NL:S:25630030;Vahl;IJsselmuiden;1,9;2,7;0,0;0,0;0,0;0,0
NL:S:25630050;Fuite;IJsselmuiden;0,4;0,6;0,0;0,0;0,0;0,0
NL:S:25630070;Plasweg;IJsselmuiden;0,9;0,9;0,0;0,0;0,0;0,0
NL:S:25630090;Groenendael;IJsselmuiden;1,9;1,9;0,0;0,0;0,0;0,0
NL:S:25630110;R.K. Kerk;IJsselmuiden;1,8;2,1;0,0;0,0;0,0;0,0
NL:S:25670010;H. van Viandenplein;Hasselt;9,8;10,5;0,0;0,0;0,0;0,0
NL:S:25670030;Scheepswerf;Hasselt;358,8;364,4;121,6;119,3;40,6;40,7
NL:S:25680010;Sluis;Beukers;0,1;0,1;0,0;0,1;0,1;0,0
NL:S:25680030;Blauwe Hand;Blauwe Hand;31,5;32,8;2,9;4,3;3,5;3,0
NL:S:25780010;Dominee Hylkemaweg;Giethoorn;74,8;71,3;134,1;139,6;113,0;120,1
NL:S:25780030;Kerkweg;Giethoorn;7,3;8,9;3,7;4,7;2,5;3,5
NL:S:25780050;Hotel Harmonie;Giethoorn;2,3;2,4;1,7;2,4;2,4;1,4
NL:S:25830090;Gemeentehuis;Kampen;4,7;6,5;0,0;0,0;0,0;0,0
NL:S:25830110;Oranjesingel;Kampen;3,6;5,9;0,4;1,2;0,0;0,0
NL:S:25830170;Station Zuid;Kampen;50,1;44,5;12,6;10,3;0,0;0,0
NL:S:25830270;Leeghwaterstraat;Kampen;9,0;7,4;2,1;2,7;0,0;0,0
NL:S:25830280;Beekmanstraat;Kampen;10,8;8,6;1,5;1,9;0,0;0,0
NL:S:25830290;Amandelboom;Kampen;7,2;7,7;1,6;1,7;0,0;0,0
NL:S:25830300;Andoorn;Kampen;10,5;8,2;1,9;1,8;0,0;0,0
NL:S:25830310;Sterrekroos;Kampen;15,5;13,1;3,0;2,9;0,0;0,0
NL:S:25830320;Hilbert v Dijkstraat;Kampen;12,7;12,3;0,9;1,1;0,0;0,0
NL:S:25830330;Doctor Kolfflaan;Kampen;13,0;13,3;0,9;1,3;0,0;0,0
NL:S:25830340;Colijnlaan;Kampen;18,8;15,1;2,6;2,7;0,0;0,0
NL:S:25830360;Ommelandsingel;Kampen;3,6;7,9;0,6;1,5;0,0;0,0
NL:S:25830480;Bovenbroeksweg;Kampen;1,9;2,4;0,5;0,5;0,0;0,0
NL:S:25830500;Loriestraat;Kampen;9,9;10,7;0,8;1,0;0,0;0,0
NL:S:25830520;Blauwe Engel;Kampen;20,5;18,9;0,0;0,0;0,0;0,0
NL:S:25839175;GSG Pieter Zandt;Kampen;22,0;24,7;0,0;0,0;0,0;0,0
NL:S:38400120;Florasingel;Bovenkarspel;0,0;0,0;0,0;0,0;0,0;0,0
NL:S:38402010;Streekhof;Bovenkarspel;0,9;0,8;0,0;0,0;0,0;0,0
NL:S:38410040;Raadhuisplein;Wervershoof;0,0;0,0;0,0;0,0;0,0;0,0
NL:S:38410050;R.K. Kerk;Wervershoof;0,0;0,0;0,0;0,0;0,0;0,0
NL:S:38500010;Station;Enkhuizen;5,9;3,7;0,0;0,0;0,0;0,0
NL:S:38610040;Kleingouw;Andijk;0,0;0,0;0,0;0,0;0,0;0,0
NL:S:38610060;Sorghvliet;Andijk;2,9;0,0;0,0;0,0;0,0;0,0
NL:S:38610070;Gedeputeerde Laanweg;Andijk;0,0;2,5;0,0;0,0;0,0;0,0
NL:S:46000570;Dokter Hengeveldweg;Zwolle;3,5;3,6;0,0;0,0;0,0;0,0
NL:S:46000800;Groot Wezenland;Zwolle;1,2;1,0;0,0;0,0;0,0;0,0
NL:S:46001000;Park de Wezenlanden;Zwolle;5,2;9,1;0,0;0,0;0,0;0,0
NL:S:46001100;Assendorperdijk;Zwolle;11,9;22,2;0,0;0,0;0,0;0,0
NL:S:46001560;Isala ziekenhuis;Zwolle;23,2;28,0;0,0;0,0;0,0;0,0
NL:S:46002960;Blaloweg/Hasselterweg;Zwolle;29,0;38,9;4,5;9,2;2,3;1,7
NL:S:46003240;Herenweg;Zwolle;1,1;1,1;0,0;0,0;0,0;0,0
NL:S:46004410;Schuurmanstraat;Zwolle;8,8;12,3;0,0;0,0;0,0;0,0
NL:S:46004530;Stadion;Zwolle;8,5;17,2;0,0;0,0;0,0;0,0
NL:S:46006400;Campus;Zwolle;61,7;59,5;0,0;0,0;0,0;0,0
NL:S:46006600;Blaloweg/Rieteweg;Zwolle;11,9;16,6;1,3;1,7;1,7;1,1
NL:S:46007000;Vrolijkheid;Zwolle;1,3;2,8;0,0;0,0;0,0;0,0
NL:S:46010030;Zwembad/Landstede;Zwolle;15,6;40,3;0,0;0,0;0,0;0,0
NL:S:46100040;Katerdijk;zwolle;144,9;186,8;3,5;2,9;2,4;2,2
NL:S:46100330;Breecamp;Zwolle;23,9;21,3;10,5;8,6;4,2;5,3
NL:S:46104021;Katwolderplein/centrum;Zwolle;185,0;110,1;84,0;93,2;31,2;25,1
NL:S:46120010;Havezatheweg;Genne;0,3;0,2;0,0;0,0;0,0;0,0
NL:S:46120090;Bergkloosterweg;Zwolle;1,7;2,2;0,0;0,0;0,0;0,0
NL:S:46120120;Vechtbrug;Zwolle;0,4;0,6;0,0;0,0;0,0;0,0
NL:S:46120160;Campherbeeklaan;Zwolle;0,6;1,7;0,0;0,0;0,0;0,0
NL:S:46120430;Vechterstrand;Genne;0,0;0,0;0,0;0,0;0,0;0,0
NL:S:46120450;Doornweg/Vechtdijk;Genne;0,0;0,1;0,0;0,0;0,0;0,0
NL:S:46120470;Vijfhoekweg;Genne;0,0;0,1;0,0;0,0;0,0;0,0
NL:S:46120490;Dashorstweg;Genne;0,0;0,1;0,0;0,0;0,0;0,0
NL:S:46120510;Klinkerweg;Genne;0,9;0,8;0,0;0,0;0,0;0,0
NL:S:46120530;Glinthuisweg;Genne;0,0;0,3;0,0;0,0;0,0;0,0
NL:S:46120560;Verkavelingsweg;Genne;0,1;0,1;0,0;0,0;0,0;0,0
NL:S:46301120;Industrieweg;Hasselt;7,9;10,6;1,6;1,5;0,6;0,6
NL:S:46302010;Zandvoortweg;Hasselt;0,1;0,4;0,0;0,0;0,0;0,0
NL:S:46302030;De Baak;Hasselt;7,4;7,9;0,0;0,0;0,0;0,0
NL:S:46302050;Kerspel;Hasselt;13,5;11,4;0,0;0,0;0,0;0,0
NL:S:46302070;Sportvelden;Hasselt;3,7;2,6;0,0;0,0;0,0;0,0
NL:S:46302090;Stadsweg;Hasselt;4,4;5,0;2,3;2,8;1,0;1,3
NL:S:46302120;Ter Wee;Hasselt;0,0;0,0;0,0;0,0;0,0;0,0
NL:S:46302140;Matenweg;Hasselt;0,0;0,0;0,0;0,0;0,0;0,0
NL:S:46320010;Het Rode Dak;Genne;0,0;0,1;0,0;0,0;0,0;0,0
NL:S:46320040;Boerderijweg;Genne;0,1;0,1;0,0;0,0;0,0;0,0
NL:S:46403010;Kloosterziel;De Velde;0,7;0,7;0,4;0,1;0,1;0,1
NL:S:46501010;Kranerweerd;Zwartsluis;6,2;7,8;3,0;4,3;1,6;2,0
NL:S:46501030;Nieuwesluis;Zwartsluis;29,5;32,3;12,5;13,3;8,9;8,3
NL:S:46501050;Zomerdijk;Zwartsluis;0,1;0,2;0,5;0,0;0,0;0,1
NL:S:46501070;Westeinde - Rotonde;Zwartsluis;32,6;16,1;13,3;4,1;7,1;2,7
NL:S:46511010;De Noorde;Zwartsluis;2,1;2,4;2,2;2,4;1,7;2,7
NL:S:46511030;Zieltje;Zwartsluis;0,2;0,1;0,1;0,1;0,1;0,1
NL:S:46520010;Flevoweg;St.Jansklooster;17,5;19,6;4,2;3,6;2,4;2,5
NL:S:46520030;Veneweg;St.Jansklooster;21,8;26,7;4,8;3,9;2,1;2,4
NL:S:46522010;Barsbeek;Heetveld;4,9;5,5;1,8;1,8;0,4;0,2
NL:S:46522070;Barsbeek 36;St. Jansklooster;5,4;6,6;0,4;0,4;0,4;0,3
NL:S:46522090;Kadoelen;Kadoelen;3,9;4,5;1,8;1,8;1,0;1,2
NL:S:46522110;Dennenbos;St.Jansklooster;2,1;1,6;0,0;0,0;0,0;0,0
NL:S:46522130;Oldenhof Kadoelerweg;St.Jansklooster;0,4;0,1;0,0;0,0;0,0;0,0
NL:S:46522150;Halleweg;St.Jansklooster;0,8;0,6;0,0;0,0;0,0;0,0
NL:S:46522170;Zuurbeek;St.Jansklooster;0,0;0,0;0,0;0,0;0,0;0,0
NL:S:46531010;Verlengde Duinweg;St.Jansklooster;2,6;3,2;0,5;0,6;0,2;0,3
NL:S:46531030;Weyert;Vollenhove;27,9;28,0;2,3;3,4;1,2;1,5
NL:S:46531050;Zwembad;Vollenhove;11,0;9,6;5,3;6,0;4,1;3,6
NL:S:46541010;Overtoom;Genemuiden;54,7;56,3;6,9;5,5;0,0;0,0
NL:S:46541030;Hervormd Centrum;Genemuiden;24,7;27,1;2,5;2,2;0,0;0,0
NL:S:46541050;De Meente;Genemuiden;50,4;49,6;5,3;2,5;0,0;0,0
NL:S:46552010;Prinsenkeet;Genemuiden;0,2;0,1;0,0;0,0;0,0;0,0
NL:S:46552030;Oude Stoomgemaal;Genemuiden;0,2;0,2;0,0;0,0;0,0;0,0
NL:S:46552050;Kamperzeedijk 21;Kamperzeedijk;0,5;0,6;0,0;0,0;0,0;0,0
NL:S:46560010;Kamperzeedijk/West;Kamperzeedijk;0,6;0,4;0,0;0,0;0,0;0,0
NL:S:46560030;Kamperzeedijk 141;Kamperzeedijk;0,3;0,6;0,0;0,0;0,0;0,0
NL:S:46560050;Nieuwe Gemaal;Kamperzeedijk;0,4;0,4;0,0;0,0;0,0;0,0
NL:S:46560070;Mandjeswaard;Grafhorst;0,6;0,6;0,0;0,0;0,0;0,0
NL:S:46602010;Belterweg;Belt Schutsloot;4,4;3,8;0,2;0,5;0,4;0,3
NL:S:46630110;Strandje;Belt Schutsloot;0,1;0,1;0,0;0,2;0,1;0,0
NL:S:46630130;Hotel Giethoorn;Giethoorn;5,1;5,5;6,2;8,1;5,3;4,9
NL:S:46630150;Hollands Venetië;Giethoorn;9,5;8,5;13,0;10,6;12,4;9,0
NL:S:46630170;Hervormde Kerk;Wanneperveen;3,2;2,2;0,0;0,0;0,0;0,0
NL:S:46630190;Veldweg;Wanneperveen;1,2;1,3;0,0;0,0;0,0;0,0
NL:S:46630210;Hotel Belterwiede;Wanneperveen;2,0;2,4;0,0;0,0;0,0;0,0
NL:S:46630230;Perceel 252;Wanneperveen;0,5;0,5;0,0;0,0;0,0;0,0
NL:S:46630250;Pavilj. Belterwiede;Wanneperveen;0,1;0,2;0,0;0,0;0,0;0,0
NL:S:46641030;Groene Kruis;Giethoorn;11,3;7,4;4,2;3,1;3,5;2,1
NL:S:46650010;Lindehof;Giethoorn;2,8;3,0;1,2;1,9;1,1;1,3
NL:S:46650030;Brug;Giethoorn;1,3;1,4;0,1;0,3;0,1;0,3
NL:S:46650050;Perceel 9;Giethoorn;0,3;1,0;0,3;0,4;0,2;0,2
NL:S:46660010;Perceel 106;Kolderveen;0,1;0,1;0,0;0,0;0,0;0,0
NL:S:46660030;Nieuwedijk;Dinxterveen;0,2;0,3;0,0;0,0;0,0;0,0
NL:S:46660050;Gasthuisdijk;Dinxterveen;2,0;1,5;0,0;0,0;0,0;0,0
NL:S:46660070;Perceel 44;Dinxterveen;0,9;0,6;0,0;0,0;0,0;0,0
NL:S:46660090;Urkerpad;Wanneperveen;0,1;0,2;0,0;0,0;0,0;0,0
NL:S:46660110;Perceel 80;Wanneperveen;0,4;0,5;0,0;0,0;0,0;0,0
NL:S:46660130;Wethouder Vosstraat;Wanneperveen;5,0;4,1;0,0;0,0;0,0;0,0
NL:S:46660150;Roege Hoeve;Wanneperveen;0,1;0,1;0,0;0,0;0,0;0,0
NL:S:46660170;'t Haagje;Wanneperveen;2,1;2,1;0,0;0,0;0,0;0,0
NL:S:47130010;Hasselterweg;Zwolle;21,4;18,2;7,8;7,9;5,1;3,9
NL:S:47130030;Zwolseweg;Zwolle;2,3;2,6;0,9;1,0;0,4;0,6
NL:S:47130100;Veecaten;'s-Heerenbroek;0,3;0,4;0,0;0,0;0,0;0,0
NL:S:47130200;Bisschopswetering;'s-Heerenbroek;1,5;1,6;0,0;0,0;0,0;0,0
NL:S:47130300;Schoolsteeg;'s-Heerenbroek;0,2;0,3;0,0;0,0;0,0;0,0
NL:S:47130400;Zwolseweg 56;'s-Heerenbroek;0,0;0,0;0,0;0,0;0,0;0,0
NL:S:47140160;Brinkweg;Zalk;0,2;0,1;0,0;0,0;0,0;0,0
NL:S:47150010;Stationslaan;Hattem;0,2;0,1;0,0;0,0;0,0;0,0
NL:S:47150310;Dorpsweg;Hattem;0,1;0,1;0,0;0,0;0,0;0,0
NL:S:47150320;De Bongerd;Hattem;0,2;0,4;0,0;0,0;0,0;0,0
NL:S:47150800;Burg Bijleveldsingel;Hattem;0,0;0,2;0,0;0,0;0,0;0,0
NL:S:47150900;Vechtstraat;Hattem;0,1;0,1;0,0;0,0;0,0;0,0
NL:S:47155005;Centrum;Hattem;1,7;1,0;0,0;0,0;0,0;0,0
NL:S:47155007;Noord;Hattem;0,3;0,0;0,0;0,0;0,0;0,0
NL:S:47155009;IJsselbrug;Hattem;0,4;0,9;0,0;0,0;0,0;0,0
NL:S:47230100;Quarles v. Uffordweg;Wilsum;0,1;0,2;0,0;0,0;0,0;0,0
NL:S:47230110;Molenbelt;Wilsum;0,1;0,0;0,0;0,0;0,0;0,0
NL:S:47230130;Dorpsweg;Wilsum;0,0;0,1;0,0;0,0;0,0;0,0
NL:S:47230160;Nieuwstad;Wilsum;0,0;0,0;0,0;0,0;0,0;0,0
NL:S:47230180;Westenbergstraat;Wilsum;0,2;0,2;0,0;0,0;0,0;0,0
NL:S:47230200;Wilsumersteeg;Wilsum;0,1;0,1;0,0;0,0;0,0;0,0
NL:S:47230300;Zwolseweg 44;IJsselmuiden;0,1;0,1;0,0;0,0;0,0;0,0
NL:S:47320070;Koelucht;De Zande;0,0;0,0;0,0;0,0;0,0;0,0
NL:S:47320080;Zalkerdijk;De Zande;0,5;0,4;0,0;0,0;0,0;0,0
NL:S:47320110;Oase;Zalk;0,7;0,7;0,0;0,0;0,0;0,0
NL:S:47330120;Beneluxweg;Kampen;14,1;15,7;1,2;1,2;0,0;0,0
NL:S:47330140;Oosterlandenweg;IJsselmuiden;0,1;0,2;0,0;0,0;0,0;0,0
NL:S:47330150;IJsselbrug;Kampen;19,7;27,7;4,2;5,4;0,0;0,0
NL:S:47330160;Venedijk;Kampen;39,8;25,6;0,0;0,0;0,0;0,0
NL:S:47330250;Van Heutszplein;Kampen;0,9;3,1;0,7;0,9;0,0;0,0
NL:S:47331110;Drostenstraat;IJsselmuiden;0,1;0,1;0,0;0,0;0,0;0,0
NL:S:47331130;Markeresstraat;IJsselmuiden;0,1;0,1;0,0;0,0;0,0;0,0
NL:S:47331160;Slenkstraat;IJsselmuiden;0,1;0,1;0,0;0,0;0,0;0,0
NL:S:47331180;Burg. van Engelenweg;IJsselmuiden;2,1;2,7;0,0;0,0;0,0;0,0
NL:S:47331270;Akelei;Kampen;14,1;13,3;1,5;1,7;0,0;0,0
NL:S:47331310;Vijverhof;Kampen;6,4;7,4;0,0;0,0;0,0;0,0
NL:S:47331900;Bovenhavenstraat;Kampen;16,3;6,8;0,0;0,0;0,0;0,0
NL:S:47332200;Koornmarkt;Kampen;6,6;9,2;0,0;0,0;0,0;0,0
NL:S:47332310;Meenteweg;Grafhorst;3,9;3,6;0,0;0,0;0,0;0,0
NL:S:47332600;Verzinkerij;IJsselmuiden;0,3;0,9;0,0;0,0;0,0;0,0
NL:S:47332700;Grafhorsterweg;IJsselmuiden;2,3;4,9;1,1;0,5;0,2;0,3
NL:S:47333300;Oostzeestraat;Kampen;10,1;9,2;0,8;1,7;0,0;0,0
NL:S:47333410;Almere College;Kampen;5,9;5,3;0,0;0,0;0,0;0,0
NL:S:47333500;Nijverheidsstraat;Kampen;21,2;22,7;0,0;0,0;0,0;0,0
NL:S:47334070;Ereprijs;Kampen;7,9;8,9;1,1;1,9;0,0;0,0
NL:S:47334450;Tormentil;Kampen;10,0;8,2;0,8;0,9;0,0;0,0
NL:S:47334750;Isala Polikliniek;Kampen;3,1;4,1;0,0;0,0;0,0;0,0
NL:S:47335000;Station;Kampen;788,5;717,0;138,9;117,4;66,7;88,9
NL:S:47336000;Kalmoessingel;Kampen;10,4;10,9;0,0;0,0;0,0;0,0
NL:S:47420010;Onderdijks;Kampen;0,1;0,4;0,0;0,0;0,0;0,0
NL:S:47430200;Roggebotsluis;Dronten;66,1;32,3;0,0;0,0;0,0;0,0
NL:S:47430300;Oudebosweg;Dronten;0,2;0,6;0,0;0,0;0,0;0,0
NL:S:47530020;Ketelweg;Dronten;0,3;0,4;0,0;0,0;0,0;0,0
NL:S:49000050;Lelycentre;Lelystad;2,3;3,1;0,0;0,0;0,0;0,0
NL:S:49000060;Rotondebrug;Lelystad;0,0;1,1;0,0;0,0;0,0;0,0
NL:S:49005010;Station Centrum;Lelystad;8,9;6,6;0,0;0,0;0,0;0,0
NL:S:49005250;Schansbrug;Lelystad;0,0;0,0;0,0;0,0;0,0;0,0
NL:S:49330050;Rietweg;Dronten;0,7;0,5;0,0;0,0;0,0;0,0
NL:S:49340010;Bloemenwijk;Swifterbant;0,0;0,4;0,0;0,0;0,0;0,0
NL:S:49340040;Industrieweg;Swifterbant;0,0;0,0;0,0;0,0;0,0;0,0
NL:S:49340080;De Lange Streek;Swifterbant;0,0;0,1;0,0;0,0;0,0;0,0
NL:S:49340100;Tarpanweg;Swifterbant;0,0;0,0;0,0;0,0;0,0;0,0
NL:S:49340140;Het Blazoen;Swifterbant;0,0;0,0;0,0;0,0;0,0;0,0
NL:S:49430110;Manege;Dronten;0,1;0,0;0,0;0,0;0,0;0,0
NL:S:49430150;Baskenstraat;Dronten;0,0;0,0;0,0;0,0;0,0;0,0
NL:S:49430250;De Boeg;Dronten;0,0;0,0;0,0;0,0;0,0;0,0
NL:S:49430310;De Ketting;Dronten;0,0;0,0;0,0;0,0;0,0;0,0
NL:S:49430390;Station;Dronten;37,8;69,2;0,0;0,0;0,0;0,0
NL:S:49430430;Dukaat;Dronten;0,0;0,0;0,0;0,0;0,0;0,0
NL:S:49430450;Het Spaarne;Dronten;0,0;0,0;0,0;0,0;0,0;0,0
NL:S:49430490;Beiersgulden;Dronten;0,0;0,3;0,0;0,0;0,0;0,0
NL:S:49430510;Eurosingel;Dronten;0,0;0,0;0,0;0,0;0,0;0,0
NL:S:49430590;Aeres Hogeschool;Dronten;0,3;0,1;0,0;0,0;0,0;0,0
NL:S:49430620;De Morgen;Dronten;0,2;0,0;0,0;0,0;0,0;0,0
NL:S:49430640;De Barrage;Dronten;0,0;0,0;0,0;0,0;0,0;0,0
NL:S:49430740;Meerpaal;Dronten;0,0;0,0;0,0;0,0;0,0;0,0
NL:S:49430760;Centrum;Dronten;0,8;0,1;0,0;0,0;0,0;0,0
NL:S:49530020;Hanzeweg 17;Dronten;0,1;0,4;0,0;0,0;0,0;0,0
NL:S:49613001;Station;Harderwijk;0,0;0,0;0,0;0,0;0,0;0,0
NL:S:49613077;Dolfinarium;Harderwijk;0,0;0,0;0,0;0,0;0,0;0,0
NL:S:49660010;Plein;Biddinghuizen;0,0;0,0;0,0;0,0;0,0;0,0
NL:S:49660050;Dreef;Biddinghuizen;0,0;0,0;0,0;0,0;0,0;0,0
NL:S:49730010;Alikruikweg;Biddinghuizen;0,0;0,0;0,0;0,0;0,0;0,0
NL:S:49790030;Langezand;Zeewolde;0,0;0,0;0,0;0,0;0,0;0,0
DE:S:80000060;Hulsmann;Wyler;1,3;1,0;0,0;0,0;0,0;0,0
DE:S:80000130;Altes Zollamt;Wyler;0,6;0,4;0,0;0,0;0,0;0,0
DE:S:80000170;Muhle;Wyler;0,9;0,8;0,0;0,0;0,0;0,0
DE:S:80000210;Grenzweg;Wyler;0,4;0,3;0,0;0,0;0,0;0,0
DE:S:80000250;Richtersgut;Kranenburg;2,4;1,3;0,0;0,0;0,0;0,0
DE:S:80000300;Kranenburg Mitte;Kranenburg;2,8;0,0;0,0;0,0;0,0;0,0
DE:S:80000330;Burgermeisteramt;Kranenburg;5,8;4,4;0,0;0,0;0,0;0,0
DE:S:80000510;Markt;Elten;7,4;6,9;0,0;0,0;0,0;0,0
DE:S:80000530;Neustadt;Elten;2,7;2,6;0,0;0,0;0,0;0,0
DE:S:80000560;Hauberg;Elten;0,8;0,6;0,0;0,0;0,0;0,0
DE:S:80000570;Feldhausener Weg;Elten;0,0;0,5;0,0;0,0;0,0;0,0
NL:S:40000010;Centraal Station;Arnhem;4824,3;4680,1;0,0;0,0;0,0;0,0
NL:S:40000090;Station Velperpoort;Arnhem;938,4;871,4;0,0;0,0;0,0;0,0
NL:S:40000110;Hoflaan;Arnhem;517,0;495,5;0,0;0,0;0,0;0,0
NL:S:40000130;Raapopseweg;Arnhem;371,7;349,4;0,0;0,0;0,0;0,0
NL:S:40000150;Huyghenslaan;Arnhem;63,3;72,8;0,0;0,0;0,0;0,0
NL:S:40000170;Esperantolaan;Arnhem;46,9;63,2;0,0;0,0;0,0;0,0
NL:S:40000190;Vondellaan;Arnhem;160,3;219,3;0,0;0,0;0,0;0,0
NL:S:40000220;Bronbeek;Arnhem;38,5;42,7;0,0;0,0;0,0;0,0
NL:S:40000310;Dedelstraat;Arnhem;28,3;15,5;0,0;0,0;0,0;0,0
NL:S:40000320;van Speykstraat;Arnhem;15,5;10,5;0,0;0,0;0,0;0,0
NL:S:40000340;Delta;Arnhem;15,7;18,3;0,0;0,0;0,0;0,0
NL:S:40000360;IJsseloord 1;Arnhem;22,7;14,0;0,0;0,0;0,0;0,0
NL:S:40000380;Meander;Arnhem;11,6;14,7;0,0;0,0;0,0;0,0
NL:S:40000510;Museum Arnhem;Arnhem;66,1;116,4;0,0;0,0;0,0;0,0
NL:S:40000530;Zwarteweg;Arnhem;109,9;122,8;0,0;0,0;0,0;0,0
NL:S:40000550;Oranjestraat;Arnhem;181,8;172,9;0,0;0,0;0,0;0,0
NL:S:40000570;Klingelbeekseweg;Arnhem;35,5;54,4;0,0;0,0;0,0;0,0
NL:S:40000600;Arnhems Buiten;Arnhem;141,0;146,5;0,0;0,0;0,0;0,0
NL:S:40000650;tunnel IJsseloord;Arnhem;45,5;49,9;0,0;0,0;0,0;0,0
NL:S:40000670;Blankenweg;Arnhem;35,5;53,0;0,0;0,0;0,0;0,0
NL:S:40000690;Dr. C. Lelyweg Noord;Arnhem;34,8;49,1;0,0;0,0;0,0;0,0
NL:S:40000950;IJsseloord 2;Arnhem;29,9;34,6;0,0;0,0;0,0;0,0
NL:S:40000990;Middachtensingel;Arnhem;0,3;9,7;0,0;0,0;0,0;0,0
NL:S:40001050;Sonsbeekweg;Arnhem;4,2;8,9;0,0;0,0;0,0;0,0
NL:S:40001070;Burgemeestersplein;Arnhem;5,5;14,3;0,0;0,0;0,0;0,0
NL:S:40001090;Burg. Weertsstraat;Arnhem;38,5;44,4;0,0;0,0;0,0;0,0
NL:S:40001110;Izaak Evertslaan;Arnhem;26,0;29,0;0,0;0,0;0,0;0,0
NL:S:40001140;van Ruisdaelstraat;Arnhem;17,0;20,0;0,0;0,0;0,0;0,0
NL:S:40001230;Landgoed Rosorum;Arnhem;0,9;6,2;0,0;0,0;0,0;0,0
NL:S:40001250;Schelmseweg;Arnhem;19,8;15,0;0,0;0,0;0,0;0,0
NL:S:40001260;Amsterdamseweg/Het Dorp;Arnhem;2,3;5,5;0,0;0,0;0,0;0,0
NL:S:40001560;Kazernestraat;Arnhem;7,8;16,6;0,0;0,0;0,0;0,0
NL:S:40001580;Klarendalseweg;Arnhem;20,5;18,5;0,0;0,0;0,0;0,0
NL:S:40001600;Het Venster;Arnhem;6,6;1,7;0,0;0,0;0,0;0,0
NL:S:40001620;Beekdal Lyceum;Arnhem;16,3;12,8;0,0;0,0;0,0;0,0
NL:S:40001670;De Drie Gasthuizen;Arnhem;143,0;163,7;0,0;0,0;0,0;0,0
NL:S:40001690;Bernhardlaan;Arnhem;65,7;74,9;0,0;0,0;0,0;0,0
NL:S:40001710;Dr. Schaepmanlaan;Arnhem;221,1;199,5;0,0;0,0;0,0;0,0
NL:S:40001730;Middenweg;Arnhem;90,1;80,1;0,0;0,0;0,0;0,0
NL:S:40001750;Marktplein (Geitenkamp);Arnhem;152,8;138,2;0,0;0,0;0,0;0,0
NL:S:40001770;Zaslaan;Arnhem;88,5;144,4;0,0;0,0;0,0;0,0
NL:S:40001790;Schuttersbergplein;Arnhem;101,4;113,8;0,0;0,0;0,0;0,0
NL:S:40001810;Roerdomplaan;Arnhem;35,7;65,6;0,0;0,0;0,0;0,0
NL:S:40002050;Bothaplein;Arnhem;17,6;32,2;0,0;0,0;0,0;0,0
NL:S:40002070;Jacob Cremerstraat;Arnhem;51,1;81,0;0,0;0,0;0,0;0,0
NL:S:40002090;Graaf Ottoplein;Arnhem;112,0;116,4;0,0;0,0;0,0;0,0
NL:S:40002110;Graaf Lodewijkstraat;Arnhem;131,0;116,4;0,0;0,0;0,0;0,0
NL:S:40002130;Dalweg;Arnhem;52,6;52,9;0,0;0,0;0,0;0,0
NL:S:40002150;Heselbergherweg;Arnhem;14,0;15,7;0,0;0,0;0,0;0,0
NL:S:40002170;Ziekenhuis Rijnstate;Arnhem;497,6;497,7;0,0;0,0;0,0;0,0
NL:S:40002550;Airborneplein;Arnhem;327,7;463,0;0,0;0,0;0,0;0,0
NL:S:40002570;Stadstheater Arnhem;Arnhem;141,2;98,0;0,0;0,0;0,0;0,0
NL:S:40002590;De Monchyplein;Arnhem;696,3;692,9;0,0;0,0;0,0;0,0
NL:S:40002610;Groene Weide;Arnhem;173,6;162,8;0,0;0,0;0,0;0,0
NL:S:40002630;Visserslaan;Arnhem;53,5;194,2;0,0;0,0;0,0;0,0
NL:S:40002660;Biezenlaan;Arnhem;302,5;172,3;0,0;0,0;0,0;0,0
NL:S:40002680;Stadswaardenlaan;Arnhem;272,6;217,9;0,0;0,0;0,0;0,0
NL:S:40002770;Immerloo;Arnhem;68,1;69,3;0,0;0,0;0,0;0,0
NL:S:40002800;Oude Huissenseweg;Arnhem;40,1;69,4;0,0;0,0;0,0;0,0
NL:S:40002901;Monnikensteeg;Arnhem;14,7;10,8;0,0;0,0;0,0;0,0
NL:S:40003030;Rozet;Arnhem;22,0;62,0;0,0;0,0;0,0;0,0
NL:S:40003130;Speenkruidstraat;Arnhem;38,1;32,4;0,0;0,0;0,0;0,0
NL:S:40003170;Rijnhal;Arnhem;153,7;153,3;0,0;0,0;0,0;0,0
NL:S:40003200;Winkelcentrum Kronenburg;Arnhem;1699,5;1670,3;0,0;0,0;0,0;0,0
NL:S:40003570;Sonsbeek;Arnhem;34,6;57,6;0,0;0,0;0,0;0,0
NL:S:40003650;Wielewaalstraat/Hoogte80;Arnhem;13,0;6,3;0,0;0,0;0,0;0,0
NL:S:40003670;Dominee Bechtlaan;Arnhem;13,0;10,0;0,0;0,0;0,0;0,0
NL:S:40003730;Sparrenweg;Arnhem;14,3;12,4;0,0;0,0;0,0;0,0
NL:S:40003750;Heideweg;Arnhem;12,1;7,8;0,0;0,0;0,0;0,0
NL:S:40003780;Arnhemse Allee;Arnhem;4,0;2,4;0,0;0,0;0,0;0,0
NL:S:40003810;Dennenweg;Arnhem;10,0;10,3;0,0;0,0;0,0;0,0
NL:S:40004001;Centraal Station;Arnhem;6769,2;6261,3;0,0;0,0;0,0;0,0
NL:S:40004015;Willemsplein;Arnhem;2607,4;2721,8;0,0;0,0;0,0;0,0
NL:S:40004021;Velperplein;Arnhem;3266,0;3107,2;0,0;0,0;0,0;0,0
NL:S:40004030;Rijnstraat;Arnhem;809,5;1063,0;0,0;0,0;0,0;0,0
NL:S:40004050;de Praets;Arnhem;15,9;63,9;0,0;0,0;0,0;0,0
NL:S:40004070;Bandijk;Arnhem;21,2;27,8;0,0;0,0;0,0;0,0
NL:S:40004090;Wilgenlaan;Arnhem;56,9;41,1;0,0;0,0;0,0;0,0
NL:S:40004170;De Grote Koppel;Arnhem;148,5;167,1;0,0;0,0;0,0;0,0
NL:S:40004230;van Berkumstraat;Arnhem;6,1;8,6;0,0;0,0;0,0;0,0
NL:S:40004590;Rietgrachtstraat;Arnhem;341,2;316,4;0,0;0,0;0,0;0,0
NL:S:40004610;Gr. van Prinstererstraat;Arnhem;534,3;463,6;0,0;0,0;0,0;0,0
NL:S:40004630;Hugo de Grootstraat;Arnhem;110,1;212,7;0,0;0,0;0,0;0,0
NL:S:40004640;Hugo de Grootstraat;Arnhem;231,2;111,7;0,0;0,0;0,0;0,0
NL:S:40004650;Maaslaan;Arnhem;91,5;102,3;0,0;0,0;0,0;0,0
NL:S:40004680;Waalstraat;Arnhem;185,5;206,8;0,0;0,0;0,0;0,0
NL:S:40004690;MFC Presikhaven;Arnhem;13,9;16,5;0,0;0,0;0,0;0,0
NL:S:40004700;Lange Wal;Arnhem;304,8;367,1;0,0;0,0;0,0;0,0
NL:S:40004730;Keulse Slag;Arnhem;899,9;851,0;0,0;0,0;0,0;0,0
NL:S:40004750;Zuilesteinlaan/HTS;Arnhem;68,3;119,9;0,0;0,0;0,0;0,0
NL:S:40004780;Elsweide/HAN;Arnhem;342,0;185,2;0,0;0,0;0,0;0,0
NL:S:40004810;IJssellaan/HAN;Arnhem;136,0;134,7;0,0;0,0;0,0;0,0
NL:S:40005130;Onder de Linden;Arnhem;4,3;20,8;0,0;0,0;0,0;0,0
NL:S:40005190;Kazerneplein;Arnhem;30,5;28,4;0,0;0,0;0,0;0,0
NL:S:40005210;WKC Klarendal;Arnhem;14,0;13,3;0,0;0,0;0,0;0,0
NL:S:40005330;Station Presikhaaf;Arnhem;216,8;172,5;0,0;0,0;0,0;0,0
NL:S:40005350;Dongestraat;Arnhem;13,5;18,7;0,0;0,0;0,0;0,0
NL:S:40005370;Kinderkamp;Arnhem;124,6;77,5;0,0;0,0;0,0;0,0
NL:S:40005390;Malsenlaan;Arnhem;68,6;61,7;0,0;0,0;0,0;0,0
NL:S:40005430;Grote Durk;Arnhem;39,9;37,8;0,0;0,0;0,0;0,0
NL:S:40005450;Oogststraat;Arnhem;5,2;4,2;0,0;0,0;0,0;0,0
NL:S:40005470;Agnietenstraat;Arnhem;2,2;0,9;0,0;0,0;0,0;0,0
NL:S:40005500;Stadskantoor;Arnhem;36,4;33,1;0,0;0,0;0,0;0,0
NL:S:40006570;Badhuisstraat;Arnhem;19,0;22,9;0,0;0,0;0,0;0,0
NL:S:40006650;Van Oldenbarneveldtstraat;Arnhem;28,6;30,2;0,0;0,0;0,0;0,0
NL:S:40006670;Haven;Arnhem;19,1;24,4;0,0;0,0;0,0;0,0
NL:S:40006710;Kleefse Waard;Arnhem;93,4;76,6;0,0;0,0;0,0;0,0
NL:S:40006731;Bruningweg;Arnhem;50,3;39,3;0,0;0,0;0,0;0,0
NL:S:40006750;P. Calandweg;Arnhem;20,3;11,0;0,0;0,0;0,0;0,0
NL:S:40006770;Slaakweg;Arnhem;8,9;11,5;0,0;0,0;0,0;0,0
NL:S:40007090;Fonteinkruidstraat;Arnhem;179,2;174,6;0,0;0,0;0,0;0,0
NL:S:40007530;St. Laurentiuslaan;Arnhem;224,0;227,6;0,0;0,0;0,0;0,0
NL:S:40007570;Fokke Noordhoffstraat;Arnhem;33,8;20,5;0,0;0,0;0,0;0,0
NL:S:40008550;Centraal Station (Sonsbeek);Arnhem;91,3;146,4;0,0;0,0;0,0;0,0
NL:S:40008570;Burg. Weertsstraat;Arnhem;20,7;38,4;0,0;0,0;0,0;0,0
NL:S:40008590;Brouwerijweg;Arnhem;5,4;15,1;0,0;0,0;0,0;0,0
NL:S:40008610;van Wageningenstraat;Arnhem;1,4;79,1;0,0;0,0;0,0;0,0
NL:S:40008620;van Wageningenstraat;Arnhem;8,3;1,1;0,0;0,0;0,0;0,0
NL:S:40008630;Tormentilstraat;Arnhem;45,7;7,9;0,0;0,0;0,0;0,0
NL:S:40008650;Gentiaanstraat;Arnhem;10,5;12,2;0,0;0,0;0,0;0,0
NL:S:40008670;Callunastraat;Arnhem;17,5;22,2;0,0;0,0;0,0;0,0
NL:S:40008690;Het Dorp;Arnhem;47,2;40,4;0,0;0,0;0,0;0,0
NL:S:40008710;Gelredome;Arnhem;99,4;86,5;0,0;0,0;0,0;0,0
NL:S:40008750;Transferium;Arnhem;30,8;54,4;0,0;0,0;0,0;0,0
NL:S:40008840;Brekelenkampstraat;Arnhem;56,6;60,2;0,0;0,0;0,0;0,0
NL:S:40009012;Eusebiuskerk;Arnhem;49,8;63,5;0,0;0,0;0,0;0,0
NL:S:40009019;Dr. C. Lelyweg Zuid;Arnhem;16,4;21,9;0,0;0,0;0,0;0,0
NL:S:40009550;Kamphuizenlaan;Arnhem;113,2;105,5;0,0;0,0;0,0;0,0
NL:S:40009570;Geitenkamp;Arnhem;347,4;263,0;0,0;0,0;0,0;0,0
NL:S:40009580;CIOS;Arnhem;55,2;107,7;0,0;0,0;0,0;0,0
NL:S:40009590;Het Duifje;Arnhem;162,3;129,7;0,0;0,0;0,0;0,0
NL:S:40009600;Presikhaaf/Cannenburgln;Arnhem;120,3;93,2;0,0;0,0;0,0;0,0
NL:S:40010010;Viaduct Kroonse Wal;Arnhem;111,2;108,5;0,0;0,0;0,0;0,0
NL:S:40013170;Gelderse Poort;Arnhem;36,8;39,3;0,0;0,0;0,0;0,0
NL:S:40013210;Croydonplein;Arnhem;27,8;31,5;0,0;0,0;0,0;0,0
NL:S:40013230;Eldens Viaduct;Arnhem;6,4;12,7;0,0;0,0;0,0;0,0
NL:S:40013250;De Brink;Elden;23,7;27,9;0,0;0,0;0,0;0,0
NL:S:40013270;Mr. Merkxstraat;Elden;15,7;15,3;0,0;0,0;0,0;0,0
NL:S:40013290;Mr.D.U.Stikkerstraat;Elden;44,3;46,8;0,0;0,0;0,0;0,0
NL:S:40013310;Randweg;Arnhem;164,6;153,5;0,0;0,0;0,0;0,0
NL:S:40013330;Batavierenweg;Arnhem;5,6;20,7;0,0;0,0;0,0;0,0
NL:S:40013350;Rotterdamsingel;Arnhem;11,9;10,6;0,0;0,0;0,0;0,0
NL:S:40013390;Kroonse Wal;Arnhem;114,2;110,9;0,0;0,0;0,0;0,0
NL:S:40013410;Woudrichemstraat;Arnhem;111,7;103,2;0,0;0,0;0,0;0,0
NL:S:40013450;Brabantweg;Arnhem;51,6;45,5;0,0;0,0;0,0;0,0
NL:S:40013480;Park Lingezegen;Elst;0,8;1,4;0,0;0,0;0,0;0,0
NL:S:40013500;Oude Tol;Elst;5,2;7,2;0,0;0,0;0,0;0,0
NL:S:40013550;Hollandweg;Arnhem;90,5;96,7;0,0;0,0;0,0;0,0
NL:S:40013570;Wkc Schuytgraaf;Arnhem;13,3;22,2;0,0;0,0;0,0;0,0
NL:S:40013575;Germanenveld;Arnhem;32,7;35,7;0,0;0,0;0,0;0,0
NL:S:40013590;Station Arnhem Zuid;Arnhem;371,0;336,7;0,0;0,0;0,0;0,0
NL:S:40014230;Rijnpoort;Arnhem;46,8;48,5;0,0;0,0;0,0;0,0
NL:S:40014250;Veendamstraat;Arnhem;26,9;31,6;0,0;0,0;0,0;0,0
NL:S:40014270;Winkelcentrum Vredenburg;Arnhem;55,0;47,9;0,0;0,0;0,0;0,0
NL:S:40014290;Frieslandsingel;Arnhem;37,1;31,4;0,0;0,0;0,0;0,0
NL:S:40014291;Holthuizen;Arnhem;20,7;18,5;0,0;0,0;0,0;0,0
NL:S:40014351;Ezingestraat;Arnhem;14,5;18,6;0,0;0,0;0,0;0,0
NL:S:40014370;Aduardstraat;Arnhem;5,9;5,1;0,0;0,0;0,0;0,0
NL:S:40014390;Slochterenweg;Arnhem;2,6;3,1;0,0;0,0;0,0;0,0
NL:S:40017090;Elderveld/Hagemanswei;Arnhem;186,2;207,6;0,0;0,0;0,0;0,0
NL:S:40017110;Bussumstraat;Arnhem;209,6;209,7;0,0;0,0;0,0;0,0
NL:S:40017130;Winkelcentrum Elderhof;Arnhem;359,0;350,8;0,0;0,0;0,0;0,0
NL:S:40017150;Hillegomweg;Arnhem;128,6;151,9;0,0;0,0;0,0;0,0
NL:S:40018231;Groningensingel;Arnhem;282,2;294,4;0,0;0,0;0,0;0,0
NL:S:40018240;Kronenburgsingel;Arnhem;0,6;1,5;0,0;0,0;0,0;0,0
NL:S:40018250;Mooieweg;Arnhem;100,5;86,9;0,0;0,0;0,0;0,0
NL:S:40018270;Overmaat;Arnhem;55,9;61,6;0,0;0,0;0,0;0,0
NL:S:40018310;Zeelandsingel;Arnhem;25,5;31,3;0,0;0,0;0,0;0,0
NL:S:40018330;Terneuzenstraat;Arnhem;37,5;37,8;0,0;0,0;0,0;0,0
NL:S:40018350;Echterboschstraat;Arnhem;48,3;42,7;0,0;0,0;0,0;0,0
NL:S:40018370;Maastrichtsingel;Arnhem;42,8;40,6;0,0;0,0;0,0;0,0
NL:S:40018390;Sittardstraat;Arnhem;33,4;33,7;0,0;0,0;0,0;0,0
NL:S:40018410;Altweertstraat;Arnhem;16,7;24,7;0,0;0,0;0,0;0,0
NL:S:40018490;Lange Akkers/Limburgsngl;Arnhem;51,2;43,9;0,0;0,0;0,0;0,0
NL:S:40018530;De Pas;Arnhem;17,5;29,8;0,0;0,0;0,0;0,0
NL:S:40018750;Poli Zuid;Arnhem;196,0;197,9;0,0;0,0;0,0;0,0
NL:S:40018780;Rijkerswoerd;Arnhem;250,0;214,3;0,0;0,0;0,0;0,0
NL:S:40018890;Dr. J. den Uylsingel;Arnhem;121,3;141,3;0,0;0,0;0,0;0,0
NL:S:40018910;Otis Reddingplein;Arnhem;120,5;107,8;0,0;0,0;0,0;0,0
NL:S:40018930;Mr. Oudsingel;Arnhem;172,1;191,2;0,0;0,0;0,0;0,0
NL:S:40018935;Gerbrandysingel;Arnhem;176,6;137,2;0,0;0,0;0,0;0,0
NL:S:40019530;De Laar West/Bredasingel;Arnhem;103,6;87,1;0,0;0,0;0,0;0,0
NL:S:40019570;Luchtvaart;Arnhem;20,5;19,7;0,0;0,0;0,0;0,0
NL:S:40019590;Ringdijk;Arnhem;0,0;0,2;0,0;0,0;0,0;0,0
NL:S:40019610;Centraalspoor;Arnhem;25,4;25,3;0,0;0,0;0,0;0,0
NL:S:40019630;De Zeis;Arnhem;120,0;115,5;0,0;0,0;0,0;0,0
NL:S:40019650;Koningskers;Arnhem;34,3;36,0;0,0;0,0;0,0;0,0
NL:S:40019670;Pachterwaard;Arnhem;29,4;31,0;0,0;0,0;0,0;0,0
NL:S:40019690;Metamorfosenallee;Arnhem;8,2;7,5;0,0;0,0;0,0;0,0
NL:S:40019710;Herfsttooi;Arnhem;6,0;6,1;0,0;0,0;0,0;0,0
NL:S:40070010;C. van Maasdijklaan;Schaarsbergen;8,4;5,5;0,0;0,0;0,0;0,0
NL:S:40071150;Jacob Marislaan;Arnhem;40,6;45,8;0,0;0,0;0,0;0,0
NL:S:40071170;Mesdaglaan;Arnhem;20,1;24,0;0,0;0,0;0,0;0,0
NL:S:40071191;Schelmseweg;Arnhem;26,2;24,3;0,0;0,0;0,0;0,0
NL:S:40072160;Oremusplein;Arnhem;64,3;94,9;0,0;0,0;0,0;0,0
NL:S:40072180;Beethovenlaan;Arnhem;56,0;30,6;0,0;0,0;0,0;0,0
NL:S:40072210;Chopinstraat;Arnhem;29,1;11,9;0,0;0,0;0,0;0,0
NL:S:40072250;Moscowa;Arnhem;10,8;11,4;0,0;0,0;0,0;0,0
NL:S:40072270;Openluchtmuseum Oost;Arnhem;20,3;34,3;0,0;0,0;0,0;0,0
NL:S:40072300;Openluchtmuseum West;Arnhem;84,2;35,6;0,0;0,0;0,0;0,0
NL:S:40072360;Peter van Anrooylaan;Arnhem;9,4;57,0;0,0;0,0;0,0;0,0
NL:S:40072370;Ravelstraat;Arnhem;12,1;17,3;0,0;0,0;0,0;0,0
NL:S:40078790;Lijnbaan;Schaarsbergen;12,4;12,7;0,0;0,0;0,0;0,0
NL:S:40078810;Warnsborn;Schaarsbergen;8,9;12,2;0,0;0,0;0,0;0,0
NL:S:40078830;Menthenbergseweg;Schaarsbergen;13,5;13,0;0,0;0,0;0,0;0,0
NL:S:40078850;Kemperbergerweg;Schaarsbergen;8,6;8,8;0,0;0,0;0,0;0,0
NL:S:40078870;Casa Nova;Schaarsbergen;4,7;3,9;0,0;0,0;0,0;0,0
NL:S:40078890;Dennenheide;Schaarsbergen;0,3;1,0;0,0;0,0;0,0;0,0
NL:S:40078910;Pannekoekhuis;Schaarsbergen;8,2;6,3;0,0;0,0;0,0;0,0
NL:S:40078930;Museum 40-45;Schaarsbergen;13,9;22,0;0,0;0,0;0,0;0,0
NL:S:40078950;Koningsweg;Schaarsbergen;19,6;16,9;0,0;0,0;0,0;0,0
NL:S:40078990;Kaderschool Luchtmacht;Schaarsbergen;2,2;3,0;0,0;0,0;0,0;0,0
NL:S:40079010;Viersprong;Schaarsbergen;5,9;4,5;0,0;0,0;0,0;0,0
NL:S:40079030;I.P.C.;Schaarsbergen;4,2;5,9;0,0;0,0;0,0;0,0
NL:S:40079510;Burgers' Zoo;Arnhem;120,4;120,7;0,0;0,0;0,0;0,0
NL:S:40079550;Alteveer;Arnhem;3,0;8,3;0,0;0,0;0,0;0,0
NL:S:40100010;Kerklaan;Doorwerth;15,7;21,2;0,0;0,0;0,0;0,0
NL:S:40100020;Wolfhezerweg;Oosterbeek;19,6;18,3;0,0;0,0;0,0;0,0
NL:S:40100040;d'Oude Herbergh;Oosterbeek;43,9;56,2;0,0;0,0;0,0;0,0
NL:S:40100060;Airborne Museum;Oosterbeek;41,7;47,2;0,0;0,0;0,0;0,0
NL:S:40100080;Vogelweg;Oosterbeek;42,6;35,9;0,0;0,0;0,0;0,0
NL:S:40100160;Station Oosterbeek;Oosterbeek;54,7;44,5;0,0;0,0;0,0;0,0
NL:S:40100220;Julianaweg;Oosterbeek;8,2;14,2;0,0;0,0;0,0;0,0
NL:S:40100230;Rechterenborg;Oosterbeek;3,0;3,4;0,0;0,0;0,0;0,0
NL:S:40100250;Parkflat de Valkenburcht;Oosterbeek;2,8;2,7;0,0;0,0;0,0;0,0
NL:S:40100270;Valkenburglaan;Oosterbeek;0,3;0,6;0,0;0,0;0,0;0,0
NL:S:40100290;Bilderberglaan;Oosterbeek;0,0;0,0;0,0;0,0;0,0;0,0
NL:S:40100330;Sonnenberglaan;Oosterbeek;0,7;0,6;0,0;0,0;0,0;0,0
NL:S:40100610;Mariendaal;Oosterbeek;25,6;29,2;0,0;0,0;0,0;0,0
NL:S:40100650;Beukenlaan;Oosterbeek;159,2;177,1;0,0;0,0;0,0;0,0
NL:S:40100670;Weverstraat;Oosterbeek;172,0;168,8;0,0;0,0;0,0;0,0
NL:S:40100700;Gemeentehuis;Oosterbeek;197,0;185,8;0,0;0,0;0,0;0,0
NL:S:40100720;A. Weeninklaan;Oosterbeek;25,8;34,2;0,0;0,0;0,0;0,0
NL:S:40100740;Cronjeweg;Oosterbeek;13,4;25,9;0,0;0,0;0,0;0,0
NL:S:40100790;Gzc De Dennenkamp;Oosterbeek;3,0;5,1;0,0;0,0;0,0;0,0
NL:S:40100810;Tuin de Lage Oorsprong;Oosterbeek;0,0;0,4;0,0;0,0;0,0;0,0
NL:S:40100850;Oude Oosterbeekseweg;Heveadorp;0,9;1,1;0,0;0,0;0,0;0,0
NL:S:40100870;Westerbouwing;Oosterbeek;0,3;0,0;0,0;0,0;0,0;0,0
NL:S:40105670;Van Toulon v.d. Koogweg;Oosterbeek;8,5;9,0;0,0;0,0;0,0;0,0
NL:S:40105690;Oude Kerk;Oosterbeek;11,9;11,8;0,0;0,0;0,0;0,0
NL:S:40105710;Kneppelhoutweg;Oosterbeek;4,7;4,4;0,0;0,0;0,0;0,0
NL:S:40105730;van Borsselenweg;Oosterbeek;1,5;1,7;0,0;0,0;0,0;0,0
NL:S:40105750;Drielse Veer;Oosterbeek;1,6;1,1;0,0;0,0;0,0;0,0
NL:S:40105770;Dunolaan;Heveadorp;4,8;7,2;0,0;0,0;0,0;0,0
NL:S:40105790;Beeklaan;Heveadorp;20,2;17,5;0,0;0,0;0,0;0,0
NL:S:40105810;Wilhelmilaan;Heveadorp;11,0;11,5;0,0;0,0;0,0;0,0
NL:S:40120010;Aansluiting A12;Duiven;24,6;29,2;0,0;0,0;0,0;0,0
NL:S:40120030;Hotel De Roskam;Rheden;5,1;7,7;0,0;0,0;0,0;0,0
NL:S:40120050;Beekhuizenseweg;Velp;129,6;114,6;0,0;0,0;0,0;0,0
NL:S:40120070;A.G. Hofkeslaan;Velp;4,0;3,7;0,0;0,0;0,0;0,0
NL:S:40120110;Gasthuislaan;Velp;66,2;29,6;0,0;0,0;0,0;0,0
NL:S:40120140;Reigerstraat;Velp;1,5;2,9;0,0;0,0;0,0;0,0
NL:S:40120150;Gruttostraat;Velp;199,0;160,1;0,0;0,0;0,0;0,0
NL:S:40120230;Rozenhagelaan;Velp;18,6;33,5;0,0;0,0;0,0;0,0
NL:S:40120250;Nordlaan;Velp;157,5;182,1;0,0;0,0;0,0;0,0
NL:S:40120270;Wilhelminastraat;Velp;239,8;242,5;0,0;0,0;0,0;0,0
NL:S:40120290;Emmastraat;Velp;156,9;157,2;0,0;0,0;0,0;0,0
NL:S:40120310;Hogeweg;Velp;50,8;59,3;0,0;0,0;0,0;0,0
NL:S:40120330;Heemskerklaan;Velp;13,1;17,4;0,0;0,0;0,0;0,0
NL:S:40123750;Rhedens Lyceum;Rozendaal;12,8;22,2;0,0;0,0;0,0;0,0
NL:S:40123790;Kerklaan;Rozendaal;4,6;7,0;0,0;0,0;0,0;0,0
NL:S:40123810;Hertog van Gelrestraat;Rozendaal;3,2;3,2;0,0;0,0;0,0;0,0
NL:S:40123830;Bergweg;Velp;5,0;6,0;0,0;0,0;0,0;0,0
NL:S:40123910;Den Heuvel;Velp;15,1;15,4;0,0;0,0;0,0;0,0
NL:S:40123930;Kerkstraat;Velp;6,9;8,1;0,0;0,0;0,0;0,0
NL:S:40123950;Velperbroek;Velp;58,4;66,8;0,0;0,0;0,0;0,0
NL:S:40123980;Ziekenhuis;Velp;16,1;11,7;0,0;0,0;0,0;0,0
NL:S:40123990;Ziekenhuis/Waterstraat;Velp;119,9;146,7;0,0;0,0;0,0;0,0
NL:S:40124030;Haverland;Velp;18,0;25,4;0,0;0,0;0,0;0,0
NL:S:40124070;Graaf Gerhardstraat;Velp;151,1;132,8;0,0;0,0;0,0;0,0
NL:S:40124820;Rozendaalselaan;Velp;10,2;5,7;0,0;0,0;0,0;0,0
NL:S:40124840;Biesdelselaan;Velp;26,0;31,1;0,0;0,0;0,0;0,0
NL:S:40129183;Graaf Ottostraat;Velp;62,1;50,0;0,0;0,0;0,0;0,0
NL:S:40129193;Oosterwolde;Velp;1,7;2,2;0,0;0,0;0,0;0,0
NL:S:40160070;Maasbergseweg;Arnhem;2,7;5,7;0,0;0,0;0,0;0,0
NL:S:40160080;De Leeren Doedel;Arnhem;1,5;1,6;0,0;0,0;0,0;0,0
NL:S:40160110;De Vijverberg;Arnhem;0,2;0,7;0,0;0,0;0,0;0,0
NL:S:40160130;Klein Warnsborn;Arnhem;4,9;3,0;0,0;0,0;0,0;0,0
NL:S:40160160;Sportcentrum Papendal;Arnhem;189,3;170,8;0,0;0,0;0,0;0,0
NL:S:40169091;Van der Valk Hotel Arnhem;Arnhem;14,7;10,0;0,0;0,0;0,0;0,0
NL:S:40170030;Hoenderloseweg;Deelen;0,9;0,1;0,0;0,0;0,0;0,0
NL:S:40200010;Heidesteinlaan;Renkum;78,8;73,8;0,0;0,0;0,0;0,0
NL:S:40200020;Patrimoniumweg;Heelsum;64,6;63,9;0,0;0,0;0,0;0,0
NL:S:40200040;Het Beekdal;Heelsum;34,6;41,2;0,0;0,0;0,0;0,0
NL:S:40200060;Doorwerthsestraat;Heelsum;15,7;15,1;0,0;0,0;0,0;0,0
NL:S:40200080;Kievitsdel West;Heelsum;2,3;13,7;0,0;0,0;0,0;0,0
NL:S:40200090;Kievitsdel;Doorwerth;10,4;2,6;0,0;0,0;0,0;0,0
NL:S:40200100;Mooiland;Doorwerth;6,8;9,1;0,0;0,0;0,0;0,0
NL:S:40200120;Kasteelweg;Doorwerth;42,5;40,7;0,0;0,0;0,0;0,0
NL:S:40200190;Winkelcentr. De Weerd;Doorwerth;115,1;98,8;0,0;0,0;0,0;0,0
NL:S:40200220;Kievitsdel;Doorwerth;10,4;7,7;0,0;0,0;0,0;0,0
NL:S:40200240;Van Aldenburglaan;Doorwerth;2,6;4,6;0,0;0,0;0,0;0,0
NL:S:40200270;Hackettweg;Heelsum;25,7;20,0;0,0;0,0;0,0;0,0
NL:S:40200290;Dopheidelaan;Heelsum;14,9;18,2;0,0;0,0;0,0;0,0
NL:S:40200310;Rolandseck;Doorwerth;3,4;2,9;0,0;0,0;0,0;0,0
NL:S:40200330;Spechtlaan;Doorwerth;1,5;1,6;0,0;0,0;0,0;0,0
NL:S:40200490;Heidestein;Heelsum;3,1;3,5;0,0;0,0;0,0;0,0
NL:S:40205830;Van der Molenplein;Doorwerth;11,4;22,7;0,0;0,0;0,0;0,0
NL:S:40205850;Berkenlaan;Doorwerth;75,8;69,0;0,0;0,0;0,0;0,0
NL:S:40210030;Hotel  Wolfheze;Wolfheze;0,3;0,3;0,0;0,0;0,0;0,0
NL:S:40210050;Balijeweg;Wolfheze;0,7;0,7;0,0;0,0;0,0;0,0
NL:S:40210070;Station Wolfheze;Wolfheze;2,7;3,6;0,0;0,0;0,0;0,0
NL:S:40210100;Het Schild;Wolfheze;8,5;5,8;0,0;0,0;0,0;0,0
NL:S:40210180;Station/Parallelweg;Wolfheze;3,8;6,6;0,0;0,0;0,0;0,0
NL:S:40210200;Boshoeve;Wolfheze;0,1;0,1;0,0;0,0;0,0;0,0
NL:S:40210220;De Buunderkamp;Wolfheze;0,2;0,5;0,0;0,0;0,0;0,0
NL:S:40220070;Kerkstraat;Driel;0,0;0,0;0,0;0,0;0,0;0,0
NL:S:40220090;Doctor A W Ausemsstraat;Driel;0,0;0,0;0,0;0,0;0,0;0,0
NL:S:40220110;Cremerstraat;Driel;0,1;0,0;0,0;0,0;0,0;0,0
NL:S:40221020;Grote Breeken;Driel;16,1;15,3;0,0;0,0;0,0;0,0
NL:S:40221190;De Meikers;Driel;62,0;58,8;0,0;0,0;0,0;0,0
NL:S:40221210;Broeksingel;Driel;26,1;25,3;0,0;0,0;0,0;0,0
NL:S:40221310;Vredesteinsestraat;Driel;1,8;1,6;0,0;0,0;0,0;0,0
NL:S:40221330;Noordhoeksestraat;Driel;1,2;1,2;0,0;0,0;0,0;0,0
NL:S:40300040;Bokkedijk;Renkum;0,9;2,9;0,0;0,0;0,0;0,0
NL:S:40300060;Nieuweweg;Renkum;75,8;64,2;0,0;0,0;0,0;0,0
NL:S:40300080;Europalaan;Renkum;114,4;112,3;0,0;0,0;0,0;0,0
NL:S:40300100;Don Boscoweg;Renkum;73,5;71,6;0,0;0,0;0,0;0,0
NL:S:40300120;Groeneweg;Renkum;41,0;48,5;0,0;0,0;0,0;0,0
NL:S:40300170;Telefoonweg;Renkum;15,9;16,4;0,0;0,0;0,0;0,0
NL:S:40300190;Fluitersheuvel;Renkum;18,7;19,2;0,0;0,0;0,0;0,0
NL:S:40300210;Mr. van Damweg;Renkum;24,9;21,4;0,0;0,0;0,0;0,0
NL:S:40300230;Bellevue;Renkum;13,5;12,7;0,0;0,0;0,0;0,0
NL:S:40300270;Doelum;Renkum;9,5;14,5;0,0;0,0;0,0;0,0
NL:S:40300380;Maatweg;Renkum;0,1;0,6;0,0;0,0;0,0;0,0
NL:S:40300410;IJsbaan/Kortenburg;Renkum;0,2;0,1;0,0;0,0;0,0;0,0
NL:S:40300450;Waterweg;Renkum;0,8;0,7;0,0;0,0;0,0;0,0
NL:S:40300480;Nieuwe Keijenbergseweg;Renkum;0,1;0,6;0,0;0,0;0,0;0,0
NL:S:40300490;van Riessenstraat;Renkum;1,0;0,5;0,0;0,0;0,0;0,0
NL:S:40300500;Dorpsstraat;Renkum;0,3;0,9;0,0;0,0;0,0;0,0
NL:S:40300510;Centrum;Renkum;0,6;1,2;0,0;0,0;0,0;0,0
NL:S:40300530;Wilgenpas;Renkum;3,7;3,0;0,0;0,0;0,0;0,0
NL:S:40320070;Poort v. Midden Gld Gr.;Heteren;10,4;28,4;0,0;0,0;0,0;0,0
NL:S:40320160;Elzenpas;Heteren;20,3;27,4;0,0;0,0;0,0;0,0
NL:S:40320210;Beemdhof;Heteren;65,4;53,6;0,0;0,0;0,0;0,0
NL:S:40320240;Schaapsakker;Heteren;14,9;4,1;0,0;0,0;0,0;0,0
NL:S:40320320;Schoutenkamp;Heteren;0,0;0,1;0,0;0,0;0,0;0,0
NL:S:40320360;Heetveld;Heteren;28,9;23,5;0,0;0,0;0,0;0,0
NL:S:40320380;Onze Lieve Vrouwestraat;Heteren;18,2;21,5;0,0;0,0;0,0;0,0
NL:S:40320390;Polderstraat;Heteren;67,5;55,5;0,0;0,0;0,0;0,0
NL:S:40321330;Uilenburgsestraat;Heteren;0,3;2,2;0,0;0,0;0,0;0,0
NL:S:40321350;Achterstraat/PvMG;Heteren;44,4;61,2;0,0;0,0;0,0;0,0
NL:S:40400080;Arboretumlaan;Wageningen;45,4;49,0;0,0;0,0;0,0;0,0
NL:S:40400100;Diedenweg;Wageningen;63,1;67,4;0,0;0,0;0,0;0,0
NL:S:40400170;Wageningse Berg;Wageningen;33,0;39,6;0,0;0,0;0,0;0,0
NL:S:40405000;Busstation;Wageningen;726,1;628,9;0,0;0,0;0,0;0,0
NL:S:40410030;Oranje Nassau's Oord;Wageningen;0,9;1,1;0,0;0,0;0,0;0,0
NL:S:40410050;Begraafplaats;Wageningen;1,0;0,8;0,0;0,0;0,0;0,0
NL:S:40420130;Kerk;Indoornik;0,0;0,0;0,0;0,0;0,0;0,0
NL:S:40432001;De Harmonie;Laag-Soeren;3,9;6,3;0,0;0,0;0,0;0,0
NL:S:40433002;'t Veentje;Eerbeek;0,1;0,7;0,0;0,0;0,0;0,0
NL:S:40441001;Harderwijkerweg;Loenen;0,4;0,7;0,0;0,0;0,0;0,0
NL:S:40441003;Bergakkerweg;Loenen;0,2;0,8;0,0;0,0;0,0;0,0
NL:S:40441005;Bruisbeek;Loenen;1,3;3,4;0,0;0,0;0,0;0,0
NL:S:40441007;Leeuwenbergweg;Loenen;0,7;1,9;0,0;0,0;0,0;0,0
NL:S:40441009;Hoge Bergweg;Loenen;0,4;0,9;0,0;0,0;0,0;0,0
NL:S:40451009;Hagenbrug;Beekbergen;0,1;0,1;0,0;0,0;0,0;0,0
NL:S:40451011;Engelanderweg;Beekbergen;0,0;0,0;0,0;0,0;0,0;0,0
NL:S:40451013;De Wipselberg;Beekbergen;0,1;0,1;0,0;0,0;0,0;0,0
NL:S:40451015;Hulleweg;Beekbergen;0,1;0,1;0,0;0,0;0,0;0,0
NL:S:40451017;Zonnehuis;Beekbergen;0,1;0,3;0,0;0,0;0,0;0,0
NL:S:40451019;Kerkweg;Beekbergen;0,4;0,5;0,0;0,0;0,0;0,0
NL:S:40451021;Koningsweg;Beekbergen;0,0;0,2;0,0;0,0;0,0;0,0
NL:S:40451034;Laan van Westenenk;Apeldoorn;0,0;0,1;0,0;0,0;0,0;0,0
NL:S:40451501;Laan van Malkenschoten;Apeldoorn;0,3;1,8;0,0;0,0;0,0;0,0
NL:S:40543003;Coldenhovenseweg;Eerbeek;1,0;3,6;0,0;0,0;0,0;0,0
NL:S:40543005;Loubergweg;Eerbeek;2,1;6,3;0,0;0,0;0,0;0,0
NL:S:40543007;Centrum;Eerbeek;2,5;7,6;0,0;0,0;0,0;0,0
NL:S:40543009;Offenbachstraat;Eerbeek;3,6;15,2;0,0;0,0;0,0;0,0
NL:S:40543011;Ringlaan;Eerbeek;3,1;9,1;0,0;0,0;0,0;0,0
NL:S:40543013;Vondellaan;Eerbeek;2,5;6,7;0,0;0,0;0,0;0,0
NL:S:40551001;Station;Apeldoorn;2,5;5,4;0,0;0,0;0,0;0,0
NL:S:40551019;Hoofdstraat;Apeldoorn;0,8;2,1;0,0;0,0;0,0;0,0
NL:S:40551021;Amaliapark;Apeldoorn;0,6;0,7;0,0;0,0;0,0;0,0
NL:S:40551023;Zichtweg;Apeldoorn;0,1;0,1;0,0;0,0;0,0;0,0
NL:S:40551025;Eendrachtstraat;Apeldoorn;0,3;0,3;0,0;0,0;0,0;0,0
NL:S:40551027;Aluminiumweg;Apeldoorn;0,2;0,3;0,0;0,0;0,0;0,0
NL:S:40551029;Sebastiaanplein;Apeldoorn;0,3;0,3;0,0;0,0;0,0;0,0
NL:S:40551031;Chopinlaan;Apeldoorn;0,3;1,0;0,0;0,0;0,0;0,0
NL:S:41110030;Grevenveld;Huissen;129,8;131,0;0,0;0,0;0,0;0,0
NL:S:41110050;Nielant;Huissen;250,6;246,6;0,0;0,0;0,0;0,0
NL:S:41110070;Heirweg;Huissen;94,6;105,3;0,0;0,0;0,0;0,0
NL:S:41110090;Bredestraat;Huissen;149,8;128,6;0,0;0,0;0,0;0,0
NL:S:41110110;Langekerkstraat;Huissen;121,9;126,4;0,0;0,0;0,0;0,0
NL:S:41110150;Stadswal;Huissen;140,5;132,7;0,0;0,0;0,0;0,0
NL:S:41110170;Binnenveld;Huissen;12,6;15,0;0,0;0,0;0,0;0,0
NL:S:41110210;Valom;Huissen;16,9;31,4;0,0;0,0;0,0;0,0
NL:S:41110230;Florapark;Huissen;69,5;62,6;0,0;0,0;0,0;0,0
NL:S:41110250;Nieuwediep;Huissen;20,8;19,9;0,0;0,0;0,0;0,0
NL:S:41110300;Agropark;Huissen;69,7;75,3;0,0;0,0;0,0;0,0
NL:S:41110310;Bergerden;Huissen;9,0;10,8;0,0;0,0;0,0;0,0
NL:S:41110330;Polseweg;Huissen;1,8;3,0;0,0;0,0;0,0;0,0
NL:S:41110360;Geldersch Oord;Angeren;2,2;2,4;0,0;0,0;0,0;0,0
NL:S:41110370;Hedera;Huissen;5,3;4,0;0,0;0,0;0,0;0,0
NL:S:41110390;Mea Vota;Huissen;84,3;78,4;0,0;0,0;0,0;0,0
NL:S:41150010;Dorpstraat/Hamersetraat;Westervoort;0,7;0,4;0,0;0,0;0,0;0,0
NL:S:41150050;Het Ambacht;Westervoort;4,2;4,3;0,0;0,0;0,0;0,0
NL:S:41150070;Leigraaf;Westervoort;23,5;17,3;0,0;0,0;0,0;0,0
NL:S:41150110;Sonnedach;Westervoort;75,3;83,6;0,0;0,0;0,0;0,0
NL:S:41150130;Sporthal de Pals;Westervoort;14,9;20,6;0,0;0,0;0,0;0,0
NL:S:41150150;Vredenburg;Westervoort;25,2;24,4;0,0;0,0;0,0;0,0
NL:S:41151010;Lange Maat;Westervoort;12,4;13,0;0,0;0,0;0,0;0,0
NL:S:41151030;Ganzenpoel;Westervoort;90,6;73,9;0,0;0,0;0,0;0,0
NL:S:41151050;Nieuwhof;Westervoort;64,5;75,9;0,0;0,0;0,0;0,0
NL:S:41151070;Santacker;Westervoort;64,6;62,5;0,0;0,0;0,0;0,0
NL:S:41151090;Emmerik;Westervoort;45,8;45,2;0,0;0,0;0,0;0,0
NL:S:41151210;Station Westervoort;Westervoort;270,6;274,9;0,0;0,0;0,0;0,0
NL:S:41152090;Heilweg;Westervoort;22,3;19,0;0,0;0,0;0,0;0,0
NL:S:41200040;Platinaweg;Elst;11,0;13,5;0,0;0,0;0,0;0,0
NL:S:41200070;Grote Molenstraat;Elst;17,9;17,4;0,0;0,0;0,0;0,0
NL:S:41200090;Brahmsstraat;Elst;25,7;22,9;0,0;0,0;0,0;0,0
NL:S:41200110;W. de Zwijgerstraat;Elst;19,8;18,8;0,0;0,0;0,0;0,0
NL:S:41200130;Prinsenhof;Elst;55,1;47,7;0,0;0,0;0,0;0,0
NL:S:41200150;Kerkeakkers;Elst;59,0;54,3;0,0;0,0;0,0;0,0
NL:S:41200170;Zwartenhof;Elst;8,4;8,5;0,0;0,0;0,0;0,0
NL:S:41200190;Lange Dreef/Willemsstr.;Elst;31,1;30,9;0,0;0,0;0,0;0,0
NL:S:41200210;de Griend;Elst;48,6;56,1;0,0;0,0;0,0;0,0
NL:S:41200230;Sportpark de Pas;Elst;1,1;4,1;0,0;0,0;0,0;0,0
NL:S:41200250;de Vork;Elst;0,6;0,8;0,0;0,0;0,0;0,0
NL:S:41200270;Sint Maartenstraat;Elst;0,1;0,1;0,0;0,0;0,0;0,0
NL:S:41200310;Kleipeer;Elst;11,2;9,4;0,0;0,0;0,0;0,0
NL:S:41200330;Vergert;Elst;6,0;6,7;0,0;0,0;0,0;0,0
NL:S:41200350;Dorpsstraat;Elst;45,4;57,3;0,0;0,0;0,0;0,0
NL:S:41200370;Bemmelseweg;Elst;14,0;18,7;0,0;0,0;0,0;0,0
NL:S:41200510;Griegstraat;Elst;10,1;12,6;0,0;0,0;0,0;0,0
NL:S:41200530;De Wuurde;Elst;70,1;61,1;0,0;0,0;0,0;0,0
NL:S:41200600;Sneeuwjacht;Elst;32,7;35,8;0,0;0,0;0,0;0,0
NL:S:41200620;Morgenster;Elst;70,0;67,7;0,0;0,0;0,0;0,0
NL:S:41200680;Mozartstraat;Elst;0,0;0,1;0,0;0,0;0,0;0,0
NL:S:41200730;Station Elst;Elst;226,9;229,1;0,0;0,0;0,0;0,0
NL:S:41210070;Oostervelden;Bemmel;7,3;8,7;0,0;0,0;0,0;0,0
NL:S:41210090;Klappenburgstraat;Bemmel;14,2;11,8;0,0;0,0;0,0;0,0
NL:S:41210110;Sportlaan;Bemmel;22,8;21,4;0,0;0,0;0,0;0,0
NL:S:41210130;Gemeentehuis;Bemmel;24,0;25,6;0,0;0,0;0,0;0,0
NL:S:41210150;Molenwei;Bemmel;6,2;6,4;0,0;0,0;0,0;0,0
NL:S:41210170;Vossenhol;Bemmel;4,8;6,6;0,0;0,0;0,0;0,0
NL:S:41210200;de Pas;Bemmel;0,7;0,8;0,0;0,0;0,0;0,0
NL:S:41210210;De Rosmolen;Bemmel;5,0;4,5;0,0;0,0;0,0;0,0
NL:S:41210230;Loostraat;Bemmel;153,8;151,7;0,0;0,0;0,0;0,0
NL:S:41210270;Dorpsstraat;Bemmel;118,3;117,8;0,0;0,0;0,0;0,0
NL:S:41210490;De Essenpas;Haalderen;9,1;8,7;0,0;0,0;0,0;0,0
NL:S:41210510;Papenstraat;Bemmel;240,9;239,5;0,0;0,0;0,0;0,0
NL:S:41210650;Klein Rome;Bemmel;80,8;80,3;0,0;0,0;0,0;0,0
NL:S:41210680;Kerkenhofstraat;Ressen;10,1;10,5;0,0;0,0;0,0;0,0
NL:S:41210690;Parksingel;Bemmel;83,6;87,9;0,0;0,0;0,0;0,0
NL:S:41220010;Avegoor;Ellecom;3,7;4,6;0,0;0,0;0,0;0,0
NL:S:41220030;Oprijlaan Middachten;De Steeg;1,1;1,4;0,0;0,0;0,0;0,0
NL:S:41220050;Smidsallee;De Steeg;1,7;1,9;0,0;0,0;0,0;0,0
NL:S:41220070;Brantsenpark;De Steeg;15,2;15,6;0,0;0,0;0,0;0,0
NL:S:41220090;Viaduct;De Steeg;0,9;1,4;0,0;0,0;0,0;0,0
NL:S:41220110;Rozenbos;Rheden;1,6;2,5;0,0;0,0;0,0;0,0
NL:S:41220130;Pinkelseweg;Rheden;0,5;0,9;0,0;0,0;0,0;0,0
NL:S:41220150;Groenestraat;Rheden;17,3;18,3;0,0;0,0;0,0;0,0
NL:S:41220170;Holtbankseweg;Rheden;4,3;6,5;0,0;0,0;0,0;0,0
NL:S:41220190;Rhederhof;Rheden;7,8;9,7;0,0;0,0;0,0;0,0
NL:S:41220550;NH Kerk;Rheden;10,2;10,3;0,0;0,0;0,0;0,0
NL:S:41220570;Oranjeweg;Rheden;29,3;23,3;0,0;0,0;0,0;0,0
NL:S:41220590;v. Heerdtplein;Rheden;15,5;16,4;0,0;0,0;0,0;0,0
NL:S:41220650;Overweg;Rheden;7,7;7,6;0,0;0,0;0,0;0,0
NL:S:41230010;Groenestraat;Giesbeek;25,1;18,5;0,0;0,0;0,0;0,0
NL:S:41230030;Kerkstraat;Lathum;14,4;14,1;0,0;0,0;0,0;0,0
NL:S:41230050;Rijderbosweg;Lathum;1,2;2,3;0,0;0,0;0,0;0,0
NL:S:41250010;Helhoek;Duiven;0,2;0,2;0,0;0,0;0,0;0,0
NL:S:41250030;De Plak;Duiven;0,2;0,2;0,0;0,0;0,0;0,0
NL:S:41250050;Vergertlaan;Duiven;14,0;11,1;0,0;0,0;0,0;0,0
NL:S:41250090;Dorp;Duiven;22,7;27,6;0,0;0,0;0,0;0,0
NL:S:41250110;Thuvine;Duiven;5,7;10,7;0,0;0,0;0,0;0,0
NL:S:41250130;van Goyenstraat;Duiven;33,3;29,4;0,0;0,0;0,0;0,0
NL:S:41250150;Maststraat;Duiven;2,7;5,2;0,0;0,0;0,0;0,0
NL:S:41250190;Schapenweide;Duiven;17,7;14,5;0,0;0,0;0,0;0,0
NL:S:41250210;Marketing;Duiven;10,7;14,6;0,0;0,0;0,0;0,0
NL:S:41250490;Alliander;Duiven;43,8;66,9;0,0;0,0;0,0;0,0
NL:S:41250530;IKEA;Duiven;35,3;24,1;0,0;0,0;0,0;0,0
NL:S:41250550;Nieuwgraaf 31;Duiven;6,6;9,6;0,0;0,0;0,0;0,0
NL:S:41250610;Graafsingel;Duiven;15,6;18,6;0,0;0,0;0,0;0,0
NL:S:41250630;Typograaf;Duiven;1,2;1,5;0,0;0,0;0,0;0,0
NL:S:41251110;Station Duiven;Duiven;39,6;45,8;0,0;0,0;0,0;0,0
NL:S:41251130;Bellefleur;Duiven;3,0;4,2;0,0;0,0;0,0;0,0
NL:S:41251370;Centerpoort Noord;Duiven;22,1;26,6;0,0;0,0;0,0;0,0
NL:S:41252010;Talingstraat;Duiven;8,4;7,8;0,0;0,0;0,0;0,0
NL:S:41252070;Grasklokje;Duiven;2,3;2,7;0,0;0,0;0,0;0,0
NL:S:41252090;Eilandplein;Duiven;14,2;13,9;0,0;0,0;0,0;0,0
NL:S:41252110;Schiermonnikoogstraat;Duiven;5,7;7,5;0,0;0,0;0,0;0,0
NL:S:41252130;Klavierstraat;Duiven;21,9;20,1;0,0;0,0;0,0;0,0
NL:S:41252150;Opaal;Duiven;26,1;23,8;0,0;0,0;0,0;0,0
NL:S:41252170;Engelstraat;Duiven;0,3;1,6;0,0;0,0;0,0;0,0
NL:S:41260030;Kamervoort;Angeren;16,8;22,7;0,0;0,0;0,0;0,0
NL:S:41260060;Julianastraat;Angeren;22,0;5,0;0,0;0,0;0,0;0,0
NL:S:41260070;Molenstraat;Angeren;18,6;28,6;0,0;0,0;0,0;0,0
NL:S:41260090;Sterrenberg;Angeren;4,1;4,3;0,0;0,0;0,0;0,0
NL:S:41260110;Boerenhoek;Angeren;2,7;2,5;0,0;0,0;0,0;0,0
NL:S:41260130;Stenen Palen;Doornenburg;1,8;1,8;0,0;0,0;0,0;0,0
NL:S:41260150;de Linge;Doornenburg;0,2;0,6;0,0;0,0;0,0;0,0
NL:S:41260170;Krakkedel;Doornenburg;6,8;6,7;0,0;0,0;0,0;0,0
NL:S:41260190;de Woerd;Doornenburg;1,7;1,9;0,0;0,0;0,0;0,0
NL:S:41260210;Rijnstraat;Doornenburg;20,0;22,4;0,0;0,0;0,0;0,0
NL:S:41260230;van Kol;Doornenburg;63,1;57,3;0,0;0,0;0,0;0,0
NL:S:41260250;Blauwe Hoek;Doornenburg;5,5;5,9;0,0;0,0;0,0;0,0
NL:S:41260280;Molenstraat;Gendt;16,8;15,4;0,0;0,0;0,0;0,0
NL:S:41320070;Doesburgse Dijk;Dieren;23,1;23,6;0,0;0,0;0,0;0,0
NL:S:41320111;Station Dieren;Dieren;233,2;181,7;0,0;0,0;0,0;0,0
NL:S:41320150;Hofstetten;Ellecom;14,8;1,4;0,0;0,0;0,0;0,0
NL:S:41320170;Dorp;Ellecom;9,4;9,7;0,0;0,0;0,0;0,0
NL:S:41320510;Langebrug;Doesburg;0,3;0,4;0,0;0,0;0,0;0,0
NL:S:41321220;Vogelplantsoen;Dieren;0,1;0,4;0,0;0,0;0,0;0,0
NL:S:41321280;Sparrenhof;Dieren;0,3;1,4;0,0;0,0;0,0;0,0
NL:S:41321300;Imboslaan Industrielaan;Dieren;0,3;0,1;0,0;0,0;0,0;0,0
NL:S:41321320;Fazantlaan;Dieren;0,2;0,5;0,0;0,0;0,0;0,0
NL:S:41321400;Julius Rontgenlaan;Dieren;0,5;0,9;0,0;0,0;0,0;0,0
NL:S:41321420;Callunaplein;Dieren;25,0;20,8;0,0;0,0;0,0;0,0
NL:S:41321460;Gelders Hof;Dieren;0,0;0,1;0,0;0,0;0,0;0,0
NL:S:41321500;Tellegenlaan;Dieren;1,5;3,2;0,0;0,0;0,0;0,0
NL:S:41321520;Lindelaan;Dieren;0,1;0,4;0,0;0,0;0,0;0,0
NL:S:41321540;Spankerenseweg;Dieren;0,3;0,5;0,0;0,0;0,0;0,0
NL:S:41321560;Kanaaldijk;Spankeren;0,8;0,7;0,0;0,0;0,0;0,0
NL:S:41321580;Dorpsweg;Spankeren;0,2;0,3;0,0;0,0;0,0;0,0
NL:S:41321600;Kerkweg;Spankeren;0,5;0,5;0,0;0,0;0,0;0,0
NL:S:41321620;Loohof;Spankeren;1,1;0,6;0,0;0,0;0,0;0,0
NL:S:41321630;Treubstraat;Dieren;0,0;0,0;0,0;0,0;0,0;0,0
NL:S:41321650;E. van Beinumlaan;Dieren;0,5;0,4;0,0;0,0;0,0;0,0
NL:S:41321720;Imboslaan Industrielaan;Dieren;0,2;0,8;0,0;0,0;0,0;0,0
NL:S:41321730;Abelenlaan;Dieren;0,7;0,9;0,0;0,0;0,0;0,0
NL:S:41321740;Larixhof;Dieren;1,6;0,3;0,0;0,0;0,0;0,0
NL:S:41321760;Olmenhof;Dieren;0,3;0,4;0,0;0,0;0,0;0,0
NL:S:41321850;Zilverakkerweg;Dieren;0,2;0,2;0,0;0,0;0,0;0,0
NL:S:41321860;Willem de Feschlaan;Dieren;0,0;0,0;0,0;0,0;0,0;0,0
NL:S:41321870;Admiraal Helfrichlaan;Dieren;0,3;0,5;0,0;0,0;0,0;0,0
NL:S:41321880;Valeriuslaan;Dieren;0,1;0,1;0,0;0,0;0,0;0,0
NL:S:41321890;van Limburg Stirumstraat;Dieren;0,1;0,7;0,0;0,0;0,0;0,0
NL:S:41321910;Industrielaan;Dieren;0,8;0,8;0,0;0,0;0,0;0,0
NL:S:41321930;Domeinlaan;Dieren;0,3;0,7;0,0;0,0;0,0;0,0
NL:S:41321950;Crematorium Domeinlaan;Dieren;0,5;1,0;0,0;0,0;0,0;0,0
NL:S:41321980;Hans Brandts Buyslaan;Dieren;0,0;0,0;0,0;0,0;0,0;0,0
NL:S:41322000;Bernard Zweerslaan;Dieren;0,2;0,0;0,0;0,0;0,0;0,0
NL:S:41327005;Rode Kruislaan;Dieren;13,4;10,1;0,0;0,0;0,0;0,0
NL:S:41327007;Geitenbergweg;Dieren;16,5;14,7;0,0;0,0;0,0;0,0
NL:S:41327009;Crematorium;Dieren;4,0;4,4;0,0;0,0;0,0;0,0
NL:S:41327011;Cederlaan;Dieren;14,0;15,1;0,0;0,0;0,0;0,0
NL:S:41330030;Wielbergen;Angerlo;1,4;2,2;0,0;0,0;0,0;0,0
NL:S:41330050;Bingerdenseweg;Angerlo;0,7;0,8;0,0;0,0;0,0;0,0
NL:S:41330070;Tutenburgsestraat;Giesbeek;47,7;3,3;0,0;0,0;0,0;0,0
NL:S:41330090;Zwalmstraat;Giesbeek;6,0;63,6;0,0;0,0;0,0;0,0
NL:S:41330170;Beumerskamp;Doesburg;68,1;65,1;0,0;0,0;0,0;0,0
NL:S:41350090;Oranjelaan;Zevenaar;4,6;6,7;0,0;0,0;0,0;0,0
NL:S:41350112;Station Zevenaar;Zevenaar;223,6;232,3;0,0;0,0;0,0;0,0
NL:S:41350130;Oude Doesburgseweg;Zevenaar;31,0;30,1;0,0;0,0;0,0;0,0
NL:S:41350150;Sportcentrum;Zevenaar;22,1;27,2;0,0;0,0;0,0;0,0
NL:S:41350170;Zwembad;Zevenaar;16,1;7,1;0,0;0,0;0,0;0,0
NL:S:41350190;Ziekenhuis;Zevenaar;47,4;51,2;0,0;0,0;0,0;0,0
NL:S:41350210;Rosorum;Zevenaar;20,0;17,6;0,0;0,0;0,0;0,0
NL:S:41350250;Schellekrans;Zevenaar;9,6;9,1;0,0;0,0;0,0;0,0
NL:S:41350510;Ringbaan Oost;Zevenaar;0,5;0,3;0,0;0,0;0,0;0,0
NL:S:41350570;De Bem;Zevenaar;0,0;0,1;0,0;0,0;0,0;0,0
NL:S:41350610;Exa;Zevenaar;1,4;3,8;0,0;0,0;0,0;0,0
NL:S:41350630;Tol;Zevenaar;1,0;0,8;0,0;0,0;0,0;0,0
NL:S:41351010;Buitenmolen;Zevenaar;0,5;0,8;0,0;0,0;0,0;0,0
NL:S:41351030;Maatjes;Zevenaar;0,2;0,2;0,0;0,0;0,0;0,0
NL:S:41351050;Mozartlaan;Zevenaar;1,3;0,7;0,0;0,0;0,0;0,0
NL:S:41352100;Didamseweg;Zevenaar;0,2;0,2;0,0;0,0;0,0;0,0
NL:S:41353130;Subenhara;Zevenaar;13,3;13,7;0,0;0,0;0,0;0,0
NL:S:41360030;Olyhorststraat;Gendt;5,2;4,8;0,0;0,0;0,0;0,0
NL:S:41360050;Kapelstraat;Gendt;16,9;14,4;0,0;0,0;0,0;0,0
NL:S:41360070;Julianaplein;Gendt;73,1;66,6;0,0;0,0;0,0;0,0
NL:S:41360090;Markt;Gendt;13,0;16,2;0,0;0,0;0,0;0,0
NL:S:41360110;Baron van Gendtlaan;Gendt;31,6;29,4;0,0;0,0;0,0;0,0
NL:S:41360130;Kommerdijk;Gendt;4,5;6,0;0,0;0,0;0,0;0,0
NL:S:41360150;Kruisstraat;Gendt;9,2;9,8;0,0;0,0;0,0;0,0
NL:S:41360170;Industrieterrein;Gendt;10,0;10,8;0,0;0,0;0,0;0,0
NL:S:41360190;Groenestraat;Haalderen;1,2;1,5;0,0;0,0;0,0;0,0
NL:S:41360210;Kolkweg;Haalderen;2,4;2,7;0,0;0,0;0,0;0,0
NL:S:41360230;Kerk;Haalderen;15,1;12,2;0,0;0,0;0,0;0,0
NL:S:41360250;Lage Zandsestraat;Haalderen;9,9;10,8;0,0;0,0;0,0;0,0
NL:S:41360510;Dwarsakker;Gendt;66,6;62,9;0,0;0,0;0,0;0,0
NL:S:41420010;NH Kerk;Drempt;2,6;1,8;0,0;0,0;0,0;0,0
NL:S:41420050;Gouden Regenstraat;Doesburg;26,2;21,5;0,0;0,0;0,0;0,0
NL:S:41420070;Hoek Looiersweg;Doesburg;10,2;6,4;0,0;0,0;0,0;0,0
NL:S:41420090;Koppelweg;Doesburg;0,2;5,9;0,0;0,0;0,0;0,0
NL:S:41420110;Beinum;Doesburg;18,4;13,4;0,0;0,0;0,0;0,0
NL:S:41420130;Potsmaat;Doesburg;21,4;18,8;0,0;0,0;0,0;0,0
NL:S:41420150;tunnel Angerlo;Doesburg;29,7;33,1;0,0;0,0;0,0;0,0
NL:S:41420210;Kraakselaan;Doesburg;189,2;104,1;0,0;0,0;0,0;0,0
NL:S:41420230;Meipoort;Doesburg;84,3;85,7;0,0;0,0;0,0;0,0
NL:S:41420250;Karel Doormansingel;Doesburg;51,7;60,1;0,0;0,0;0,0;0,0
NL:S:41420270;Koepoortwal;Doesburg;42,2;42,6;0,0;0,0;0,0;0,0
NL:S:41420290;Haven;Doesburg;3,8;10,3;0,0;0,0;0,0;0,0
NL:S:41450030;Kwartiersedijk;Babberich;0,7;0,1;0,0;0,0;0,0;0,0
NL:S:41450050;Beekseweg;Babberich;0,1;1,3;0,0;0,0;0,0;0,0
NL:S:41450070;Mariahoeve;Babberich;0,0;0,1;0,0;0,0;0,0;0,0
NL:S:41450090;Franciscusstraat;Babberich;6,9;6,8;0,0;0,0;0,0;0,0
NL:S:41450110;Gildestraat;Babberich;0,5;0,3;0,0;0,0;0,0;0,0
NL:S:41450130;Dorpstraat;Babberich;5,8;4,6;0,0;0,0;0,0;0,0
NL:S:41450150;Schutterstent St. Anna;Oud Zevenaar;1,3;1,5;0,0;0,0;0,0;0,0
NL:S:41520010;Manege;Laag Keppel;0,5;0,6;0,0;0,0;0,0;0,0
NL:S:41520030;Gouden Leeuw;Laag Keppel;5,9;5,3;0,0;0,0;0,0;0,0
NL:S:41520210;'t Smaaleke;Laag Keppel;1,0;2,5;0,0;0,0;0,0;0,0
NL:S:41520230;Weg naar Hoog-Keppel;Hoog Keppel;0,8;0,8;0,0;0,0;0,0;0,0
NL:S:41520250;Burg. Vrijlandweg;Hoog Keppel;0,9;2,0;0,0;0,0;0,0;0,0
NL:S:41520270;De Braamberg;Drempt;5,4;6,8;0,0;0,0;0,0;0,0
NL:S:41620010;Den Ooiman;Doetinchem;3,2;8,8;0,0;0,0;0,0;0,0
NL:S:41620030;IJzergieterij;Langerak;0,9;1,1;0,0;0,0;0,0;0,0
NL:S:41650010;Lobede;Tolkamer;52,4;50,2;0,0;0,0;0,0;0,0
NL:S:41650050;Boterdijk/Molen;Lobith;0,1;1,0;0,0;0,0;0,0;0,0
NL:S:41650070;Postkantoor;Tolkamer;10,6;2,2;0,0;0,0;0,0;0,0
NL:S:41650085;Graaf Ottoweg;Lobith;0,6;8,5;0,0;0,0;0,0;0,0
NL:S:41650090;Dorp;Lobith;26,7;27,8;0,0;0,0;0,0;0,0
NL:S:41650110;Graaf Reinaldstraat;Lobith;18,5;24,3;0,0;0,0;0,0;0,0
NL:S:41650130;Anjerstraat;Lobith;27,4;16,7;0,0;0,0;0,0;0,0
NL:S:41650150;De Bijland;Herwen;0,7;0,9;0,0;0,0;0,0;0,0
NL:S:41650200;Willibrordusweg;Spijk;9,2;10,0;0,0;0,0;0,0;0,0
NL:S:41720230;Centrum;Doetinchem;27,3;46,3;0,0;0,0;0,0;0,0
NL:S:41720252;Station;Doetinchem;24,9;38,7;0,0;0,0;0,0;0,0
NL:S:41721110;Gemeentehuis;Doetinchem;5,3;10,1;0,0;0,0;0,0;0,0
NL:S:41721130;2e Loolaan;Doetinchem;14,9;31,5;0,0;0,0;0,0;0,0
NL:S:41750090;Schoolstraat;Aerdt;4,1;2,9;0,0;0,0;0,0;0,0
NL:S:41750110;Kerkweg;Aerdt;10,3;9,1;0,0;0,0;0,0;0,0
NL:S:41750170;Hoogeweg;Pannerden;10,5;13,0;0,0;0,0;0,0;0,0
NL:S:41750210;Aerdtsestraat;Pannerden;21,6;10,3;0,0;0,0;0,0;0,0
NL:S:41750360;Aerdtsedijk;Herwen;2,1;3,3;0,0;0,0;0,0;0,0
NL:S:41750370;Nijverheidstraat;Herwen;1,0;1,0;0,0;0,0;0,0;0,0
NL:S:41750390;Dorpsplein;Pannerden;1,1;8,6;0,0;0,0;0,0;0,0
NL:S:41750410;Heuvelhoek;Aerdt;1,1;0,4;0,0;0,0;0,0;0,0
NL:S:41750430;Molenpad;Herwen;13,4;12,7;0,0;0,0;0,0;0,0
NL:S:60000030;Nassausingel;Nijmegen;153,8;279,5;0,0;0,0;0,0;0,0
NL:S:60000050;Burchtstraat;Nijmegen;589,4;537,6;0,0;0,0;0,0;0,0
NL:S:60000060;Valkhof;Nijmegen;441,3;478,0;0,0;0,0;0,0;0,0
NL:S:60000070;Hunnerpark;Nijmegen;443,1;461,9;0,0;0,0;0,0;0,0
NL:S:60000080;Neerbosscheweg;Nijmegen;209,0;246,6;0,0;0,0;0,0;0,0
NL:S:60000100;Dennenstraat;Nijmegen;155,9;163,9;0,0;0,0;0,0;0,0
NL:S:60000120;Graafseweg/Wolfskuilseweg;Nijmegen;89,1;83,1;0,0;0,0;0,0;0,0
NL:S:60000130;Rozenstraat;Nijmegen;195,2;92,0;0,0;0,0;0,0;0,0
NL:S:60000180;Prins Hendrikstraat;Nijmegen;34,2;81,3;0,0;0,0;0,0;0,0
NL:S:60000224;Roermondsplein;Arnhem;5,6;2,1;0,0;0,0;0,0;0,0
NL:S:60000230;Terwindtstraat;Nijmegen;21,0;14,4;0,0;0,0;0,0;0,0
NL:S:60000250;Waalkade;Nijmegen;61,4;95,4;0,0;0,0;0,0;0,0
NL:S:60000280;Joris Ivensplein;Nijmegen;223,0;247,2;0,0;0,0;0,0;0,0
NL:S:60000330;Groenestraat;Nijmegen;157,7;173,1;0,0;0,0;0,0;0,0
NL:S:60000350;Sint Annamolen;Nijmegen;153,8;178,9;0,0;0,0;0,0;0,0
NL:S:60000370;Voerweg;Nijmegen;15,0;26,2;0,0;0,0;0,0;0,0
NL:S:60000390;Sint Annastraat/Heiweg;Nijmegen;22,7;20,4;0,0;0,0;0,0;0,0
NL:S:60000410;Scheidingsweg;Nijmegen;12,7;18,2;0,0;0,0;0,0;0,0
NL:S:60000430;Hertogplein;Nijmegen;65,4;93,3;0,0;0,0;0,0;0,0
NL:S:60000460;Marienboom;Nijmegen;78,5;63,3;0,0;0,0;0,0;0,0
NL:S:60000470;Coehoornstraat;Nijmegen;0,0;0,0;0,0;0,0;0,0;0,0
NL:S:60000480;Van Cranenborchstraat;Nijmegen;89,9;102,3;0,0;0,0;0,0;0,0
NL:S:60000490;Kazerne;Nijmegen;160,1;149,6;0,0;0,0;0,0;0,0
NL:S:60000500;Groenewoudseweg;Nijmegen;61,8;66,4;0,0;0,0;0,0;0,0
NL:S:60000590;Sint Canisiussingel;Nijmegen;87,8;105,0;0,0;0,0;0,0;0,0
NL:S:60000630;Havenweg;Nijmegen;69,6;83,1;0,0;0,0;0,0;0,0
NL:S:60000690;Hatertseweg/Grootstalseln;Nijmegen;100,7;96,0;0,0;0,0;0,0;0,0
NL:S:60000720;van Peltlaan;Nijmegen;223,6;220,1;0,0;0,0;0,0;0,0
NL:S:60000740;Meentstraat;Nijmegen;131,0;131,2;0,0;0,0;0,0;0,0
NL:S:60000760;Krekelstraat;Nijmegen;152,0;133,0;0,0;0,0;0,0;0,0
NL:S:60000780;Kam. Onnesstraat;Nijmegen;99,1;92,7;0,0;0,0;0,0;0,0
NL:S:60000860;Burg. Daleslaan;Nijmegen;5,8;18,7;0,0;0,0;0,0;0,0
NL:S:60000960;Pompweg;Ubbergen;20,2;19,2;0,0;0,0;0,0;0,0
NL:S:60000970;Sluis Weurt;Nijmegen;18,9;23,6;0,0;0,0;0,0;0,0
NL:S:60001000;Centraal Station;Nijmegen;11836,6;14209,7;0,0;0,0;0,0;0,0
NL:S:60001013;Centraal Station;Nijmegen;2704,5;42,9;0,0;0,0;0,0;0,0
NL:S:60001020;Spoorkuil;Nijmegen;110,0;105,1;0,0;0,0;0,0;0,0
NL:S:60001040;Sint Maartenskliniek;Nijmegen;112,3;113,4;0,0;0,0;0,0;0,0
NL:S:60001060;Hengstdalseweg/Sophiaweg;Nijmegen;27,9;38,1;0,0;0,0;0,0;0,0
NL:S:60001080;Beukstraat;Nijmegen;55,0;45,0;0,0;0,0;0,0;0,0
NL:S:60001100;Hengstdalseweg/Broerdijk;Nijmegen;109,5;91,0;0,0;0,0;0,0;0,0
NL:S:60001160;Koningshof;Nijmegen;174,2;76,4;0,0;0,0;0,0;0,0
NL:S:60001180;Obrechtstraat;Nijmegen;28,6;69,4;0,0;0,0;0,0;0,0
NL:S:60001200;Smetiusstraat;Nijmegen;453,3;736,4;0,0;0,0;0,0;0,0
NL:S:60001210;Heyend.weg/Archipelstraat;Nijmegen;0,0;0,0;0,0;0,0;0,0;0,0
NL:S:60001220;Badhuis;Nijmegen;73,3;69,1;0,0;0,0;0,0;0,0
NL:S:60001230;Professorenwijk;Nijmegen;0,0;0,0;0,0;0,0;0,0;0,0
NL:S:60001240;Dominicanenstraat;Nijmegen;53,0;73,8;0,0;0,0;0,0;0,0
NL:S:60001250;Bowlingcentrum;Nijmegen;0,0;0,2;0,0;0,0;0,0;0,0
NL:S:60001280;UMC Sint Radboud;Nijmegen;971,6;879,8;0,0;0,0;0,0;0,0
NL:S:60001390;Energieweg/Wolfskuilsewg;Nijmegen;13,7;128,9;0,0;0,0;0,0;0,0
NL:S:60001410;Dr. de Blecourtstraat;Nijmegen;210,9;115,3;0,0;0,0;0,0;0,0
NL:S:60001430;Station Goffert;Nijmegen;30,0;80,0;0,0;0,0;0,0;0,0
NL:S:60001470;Akkerlaan;Nijmegen;45,0;52,8;0,0;0,0;0,0;0,0
NL:S:60001480;Jan Massinkhal;Nijmegen;30,6;33,6;0,0;0,0;0,0;0,0
NL:S:60001540;Scheepvaartweg;Nijmegen;10,9;11,4;0,0;0,0;0,0;0,0
NL:S:60001600;Winkelsteeg;Nijmegen;77,6;76,9;0,0;0,0;0,0;0,0
NL:S:60001630;Station Heyendaal;Nijmegen;2294,2;2954,6;0,0;0,0;0,0;0,0
NL:S:60001670;HAN;Nijmegen;1562,0;465,3;0,0;0,0;0,0;0,0
NL:S:60001720;Pandastraat;Nijmegen;106,8;85,7;0,0;0,0;0,0;0,0
NL:S:60001840;Beemdstraat;Nijmegen;72,1;91,6;0,0;0,0;0,0;0,0
NL:S:60001860;Heidebloemstraat;Nijmegen;194,7;172,8;0,0;0,0;0,0;0,0
NL:S:60001870;Archimedesstraat;Nijmegen;108,8;118,1;0,0;0,0;0,0;0,0
NL:S:60001900;Galvanistraat;Nijmegen;100,6;96,1;0,0;0,0;0,0;0,0
NL:S:60001920;Irene Vorrinkstraat;Nijmegen;116,4;109,7;0,0;0,0;0,0;0,0
NL:S:60001940;Edisonstraat;Nijmegen;96,7;83,5;0,0;0,0;0,0;0,0
NL:S:60001970;Caesarstraat;Nijmegen;58,2;61,3;0,0;0,0;0,0;0,0
NL:S:60002001;Plein 1944;Nijmegen;2701,9;2307,0;0,0;0,0;0,0;0,0
NL:S:60002010;Fransestraat;Nijmegen;102,4;115,8;0,0;0,0;0,0;0,0
NL:S:60002090;Prins Bernhardstraat;Nijmegen;0,0;0,0;0,0;0,0;0,0;0,0
NL:S:60002520;Tunnelweg;Nijmegen;188,2;503,2;0,0;0,0;0,0;0,0
NL:S:60003120;Kanunnik Faberstraat;Nijmegen;57,6;38,8;0,0;0,0;0,0;0,0
NL:S:60003140;Kan. Mijllinckstraat;Nijmegen;58,3;58,5;0,0;0,0;0,0;0,0
NL:S:60003220;Kwekerijweg;Nijmegen;14,3;11,5;0,0;0,0;0,0;0,0
NL:S:60003260;Gymnasion;Nijmegen;1700,8;1655,2;0,0;0,0;0,0;0,0
NL:S:60003280;Huygensgebouw;Nijmegen;487,3;711,5;0,0;0,0;0,0;0,0
NL:S:60003370;Merwedestraat;Nijmegen;82,2;75,2;0,0;0,0;0,0;0,0
NL:S:60003430;Zwaluwstraat;Nijmegen;12,2;21,3;0,0;0,0;0,0;0,0
NL:S:60003450;Vlietstraat;Nijmegen;96,9;95,9;0,0;0,0;0,0;0,0
NL:S:60003490;Biezenstraat;Nijmegen;92,5;79,5;0,0;0,0;0,0;0,0
NL:S:60003820;Houtlaan;Nijmegen;0,0;0,0;0,0;0,0;0,0;0,0
NL:S:60003840;Kan. van Osstraat;Nijmegen;1,2;7,6;0,0;0,0;0,0;0,0
NL:S:60003880;Industrieweg;Nijmegen;158,6;138,0;0,0;0,0;0,0;0,0
NL:S:60004080;Tollensstraat;Nijmegen;207,2;190,6;0,0;0,0;0,0;0,0
NL:S:60004120;Thijmstraat;Nijmegen;150,4;153,6;0,0;0,0;0,0;0,0
NL:S:60004160;Dobbelmanweg/Groenestr.;Nijmegen;10,4;30,3;0,0;0,0;0,0;0,0
NL:S:60004220;Hertstraat;Nijmegen;57,3;57,3;0,0;0,0;0,0;0,0
NL:S:60004320;Muntweg/Wezenlaan;Nijmegen;75,9;94,6;0,0;0,0;0,0;0,0
NL:S:60004370;Heideparkseweg;Nijmegen;46,1;48,6;0,0;0,0;0,0;0,0
NL:S:60004380;Muntweg/Overweg;Nijmegen;59,6;64,6;0,0;0,0;0,0;0,0
NL:S:60004420;Manningstraat;Nijmegen;20,4;25,8;0,0;0,0;0,0;0,0
NL:S:60004650;Willemsweg/Groenestraat;Nijmegen;71,4;22,2;0,0;0,0;0,0;0,0
NL:S:60004810;CW-ziekenhuis;Nijmegen;297,0;291,4;0,0;0,0;0,0;0,0
NL:S:60004830;Begraafplaats Jonkerbos;Nijmegen;142,9;134,0;0,0;0,0;0,0;0,0
NL:S:60004850;Sanadome;Nijmegen;43,6;61,1;0,0;0,0;0,0;0,0
NL:S:60005160;Vijverhof;Nijmegen;36,0;36,5;0,0;0,0;0,0;0,0
NL:S:60005180;Kwakkenbergweg/Sophiaweg;Nijmegen;86,7;80,0;0,0;0,0;0,0;0,0
NL:S:60005290;Hatert-Centrum;Nijmegen;96,8;79,1;0,0;0,0;0,0;0,0
NL:S:60005320;Broerweg;Nijmegen;133,8;146,3;0,0;0,0;0,0;0,0
NL:S:60005360;Mr. Franckenstraat;Nijmegen;27,2;49,6;0,0;0,0;0,0;0,0
NL:S:60005380;Mesdagstraat;Nijmegen;42,3;54,0;0,0;0,0;0,0;0,0
NL:S:60005410;Hugo de Grootstraat;Nijmegen;68,9;80,5;0,0;0,0;0,0;0,0
NL:S:60008020;Couwenbergstraat;Nijmegen;374,4;350,5;0,0;0,0;0,0;0,0
NL:S:60008030;Hatert-Delsenhof;Nijmegen;52,8;36,9;0,0;0,0;0,0;0,0
NL:S:60008040;Polkastraat;Nijmegen;108,5;85,0;0,0;0,0;0,0;0,0
NL:S:60008050;Hogendorpstraat;Nijmegen;38,7;37,3;0,0;0,0;0,0;0,0
NL:S:60008070;Thorbeckestraat;Nijmegen;250,3;251,7;0,0;0,0;0,0;0,0
NL:S:60008080;Winkelcentrum Notenhout;Nijmegen;185,2;174,8;0,0;0,0;0,0;0,0
NL:S:60008090;Middachtenstraat;Nijmegen;49,7;44,4;0,0;0,0;0,0;0,0
NL:S:60008110;Treubstraat;Nijmegen;87,2;97,5;0,0;0,0;0,0;0,0
NL:S:60008120;Aubadestraat;Nijmegen;97,8;105,7;0,0;0,0;0,0;0,0
NL:S:60008140;v.d.Duyn van Maasdamstr.;Nijmegen;41,2;39,6;0,0;0,0;0,0;0,0
NL:S:60008160;Paul Krugerstraat;Nijmegen;195,4;147,3;0,0;0,0;0,0;0,0
NL:S:60008180;Vuurdoornstraat;Nijmegen;202,8;215,7;0,0;0,0;0,0;0,0
NL:S:60008190;Nocturnestraat;Nijmegen;55,9;42,5;0,0;0,0;0,0;0,0
NL:S:60008220;Molenweg/Wolfskuilseweg;Nijmegen;98,5;114,8;0,0;0,0;0,0;0,0
NL:S:60008240;Fuchsiastraat;Nijmegen;326,7;239,7;0,0;0,0;0,0;0,0
NL:S:60008280;2e Oude Heselaan;Nijmegen;32,4;119,3;0,0;0,0;0,0;0,0
NL:S:60008620;Rosa de Limastraat;Nijmegen;37,9;45,5;0,0;0,0;0,0;0,0
NL:S:60009650;Spinozageb/Tandheelkunde;Nijmegen;840,8;861,5;0,0;0,0;0,0;0,0
NL:S:60100010;Sportpark Union;Malden;6,6;10,8;0,0;0,0;0,0;0,0
NL:S:60100020;Rijksweg/Grote Loef;Malden;26,8;22,0;0,0;0,0;0,0;0,0
NL:S:60100030;Grootveldschelaan;Malden;42,1;36,3;0,0;0,0;0,0;0,0
NL:S:60100040;Groesbeekseweg;Malden;41,8;40,0;0,0;0,0;0,0;0,0
NL:S:60100060;Kloosterstraat;Malden;27,8;25,4;0,0;0,0;0,0;0,0
NL:S:60100130;Rijksweg/Nertsstraat;Malden;8,1;11,5;0,0;0,0;0,0;0,0
NL:S:60100150;De Wieken;Malden;18,1;18,4;0,0;0,0;0,0;0,0
NL:S:60100160;De Lage Horst;Malden;12,1;11,3;0,0;0,0;0,0;0,0
NL:S:60100170;De Kruigang;Malden;8,1;5,6;0,0;0,0;0,0;0,0
NL:S:60100180;De Veldschuur;Malden;33,1;26,8;0,0;0,0;0,0;0,0
NL:S:60100250;Vinkenlaan;Malden;12,0;11,5;0,0;0,0;0,0;0,0
NL:S:60100270;Heidezoom;Malden;21,2;15,5;0,0;0,0;0,0;0,0
NL:S:60100910;Plantsoenstraat;Malden;0,5;0,5;0,0;0,0;0,0;0,0
NL:S:60100930;Broekkant/Malderburch;Malden;0,5;0,0;0,0;0,0;0,0;0,0
NL:S:60101030;Zweefvliegveld;Malden;0,3;0,3;0,0;0,0;0,0;0,0
NL:S:60101070;Groesbeekseweg/Bosweg;Malden;0,3;0,3;0,0;0,0;0,0;0,0
NL:S:60101110;Schoolstraat;Malden;14,3;12,6;0,0;0,0;0,0;0,0
NL:S:60109130;Raadhuisstraat;Malden;0,1;1,0;0,0;0,0;0,0;0,0
NL:S:60110010;Dekkerswald;Groesbeek;61,0;67,0;0,0;0,0;0,0;0,0
NL:S:60110020;Werkenrode;Groesbeek;60,2;62,6;0,0;0,0;0,0;0,0
NL:S:60110150;Sionsweg;Heilig Landstichting;29,6;32,4;0,0;0,0;0,0;0,0
NL:S:60110440;Panovenlaan;Nijmegen;36,4;44,7;0,0;0,0;0,0;0,0
NL:S:60140050;Centrum;Heumen;2,7;2,4;0,0;0,0;0,0;0,0
NL:S:60140090;Worsumseweg;Overasselt;0,5;0,4;0,0;0,0;0,0;0,0
NL:S:60140130;Tempelstraat;Overasselt;1,4;1,6;0,0;0,0;0,0;0,0
NL:S:60140170;Beatrixstraat;Overasselt;4,7;3,9;0,0;0,0;0,0;0,0
NL:S:60140310;Sint Walrick;Overasselt;7,8;7,5;0,0;0,0;0,0;0,0
NL:S:60140330;Schatkuilsestraat;Overasselt;1,9;2,0;0,0;0,0;0,0;0,0
NL:S:60140350;Sleeburgsestraat;Overasselt;3,1;4,0;0,0;0,0;0,0;0,0
NL:S:60140370;Kasteelsestraat;Overasselt;0,2;1,6;0,0;0,0;0,0;0,0
NL:S:60140390;Hoogstraat;Overasselt;47,8;44,4;0,0;0,0;0,0;0,0
NL:S:60140410;Ewijkseweg;Overasselt;1,7;1,6;0,0;0,0;0,0;0,0
NL:S:60140430;Gaasselsedam;Overasselt;1,3;1,9;0,0;0,0;0,0;0,0
NL:S:60150010;Streekweg;Nijmegen;12,4;16,1;0,0;0,0;0,0;0,0
NL:S:60150030;Teersdijk;Alverna;10,3;14,8;0,0;0,0;0,0;0,0
NL:S:60150040;Heumenseweg;Alverna;28,6;26,5;0,0;0,0;0,0;0,0
NL:S:60150050;Havenweg;Alverna;6,2;12,3;0,0;0,0;0,0;0,0
NL:S:60150110;Industriepark;Wijchen;4,9;5,0;0,0;0,0;0,0;0,0
NL:S:60150180;Parksesteeg;Overasselt;0,9;1,1;0,0;0,0;0,0;0,0
NL:S:60150200;Oude Nijmeegseweg;Overasselt;3,9;5,5;0,0;0,0;0,0;0,0
NL:S:60150220;Cornelis Drebbelstraat;Wijchen;4,8;3,0;0,0;0,0;0,0;0,0
NL:S:60150240;Graafsebrug;Nijmegen;90,3;84,2;0,0;0,0;0,0;0,0
NL:S:60150260;Viaductweg;Nijmegen;82,2;103,5;0,0;0,0;0,0;0,0
NL:S:60150280;Kerkenbos;Nijmegen;0,1;0,2;0,0;0,0;0,0;0,0
NL:S:60150490;Spijkerhofweg;Nijmegen;53,6;51,2;0,0;0,0;0,0;0,0
NL:S:60150530;Woonboulevard;Nijmegen;6,6;20,3;0,0;0,0;0,0;0,0
NL:S:60150840;van Boetbergweg/Aldenhof;Nijmegen;28,6;29,8;0,0;0,0;0,0;0,0
NL:S:60150860;van Boetbergweg/Malvert;Nijmegen;82,5;93,6;0,0;0,0;0,0;0,0
NL:S:60151001;Station Dukenburg;Nijmegen;1739,6;1694,9;0,0;0,0;0,0;0,0
NL:S:60151010;Lagelandseweg;Nijmegen;9,5;15,8;0,0;0,0;0,0;0,0
NL:S:60151030;Hogelandseweg;Nijmegen;25,5;14,4;0,0;0,0;0,0;0,0
NL:S:60152000;Aldenhof 50/70 str.;Nijmegen;2,0;3,2;0,0;0,0;0,0;0,0
NL:S:60152010;Aldenhof 52/64 str.;Nijmegen;3,8;5,5;0,0;0,0;0,0;0,0
NL:S:60152020;Aldenhof 53/14 str.;Nijmegen;15,2;12,5;0,0;0,0;0,0;0,0
NL:S:60152030;Aldenhof 13/38 str.;Nijmegen;14,9;12,1;0,0;0,0;0,0;0,0
NL:S:60152040;Aldenhof 12/32 str.;Nijmegen;10,7;7,5;0,0;0,0;0,0;0,0
NL:S:60152050;Weezenhof;Nijmegen;85,8;69,2;0,0;0,0;0,0;0,0
NL:S:60152090;Weezenhof 10e straat;Nijmegen;81,0;75,8;0,0;0,0;0,0;0,0
NL:S:60152150;Winkelcentrum Meijhorst;Nijmegen;2,6;11,0;0,0;0,0;0,0;0,0
NL:S:60152210;Meijhorst-Sporthal;Nijmegen;199,4;190,1;0,0;0,0;0,0;0,0
NL:S:60152230;De Doekenborg;Nijmegen;51,8;56,6;0,0;0,0;0,0;0,0
NL:S:60152250;Meijhorst 13e straat;Nijmegen;141,7;133,8;0,0;0,0;0,0;0,0
NL:S:60152290;Tolhuis 11e straat;Nijmegen;94,2;95,5;0,0;0,0;0,0;0,0
NL:S:60152300;Van Apelterenweg;Nijmegen;95,1;88,2;0,0;0,0;0,0;0,0
NL:S:60152330;Tolhuis 10e straat;Nijmegen;55,0;62,8;0,0;0,0;0,0;0,0
NL:S:60154980;Steve Bikoplein;Nijmegen;34,4;36,3;0,0;0,0;0,0;0,0
NL:S:60155050;Zwanenveld 10e str.;Nijmegen;30,0;36,3;0,0;0,0;0,0;0,0
NL:S:60155090;Zwanenveld 12e str.;Nijmegen;32,7;38,8;0,0;0,0;0,0;0,0
NL:S:60155130;Lankforst 16e str.;Nijmegen;88,1;90,3;0,0;0,0;0,0;0,0
NL:S:60155170;Lankforst 14e str.;Nijmegen;66,8;60,4;0,0;0,0;0,0;0,0
NL:S:60155190;De Orangerie;Nijmegen;134,7;143,0;0,0;0,0;0,0;0,0
NL:S:60155230;Malvert 13e straat;Nijmegen;53,9;45,3;0,0;0,0;0,0;0,0
NL:S:60157050;Horstacker;Nijmegen;99,2;99,5;0,0;0,0;0,0;0,0
NL:S:60157080;Voorstenkamp/Gildekamp;Nijmegen;3,5;5,1;0,0;0,0;0,0;0,0
NL:S:60157090;Meeuwseacker;Nijmegen;49,6;45,1;0,0;0,0;0,0;0,0
NL:S:60157120;Gildekamp/Kluijskamp;Nijmegen;5,3;5,2;0,0;0,0;0,0;0,0
NL:S:60157130;Wellenkamp/Hoefkamp;Nijmegen;11,3;8,2;0,0;0,0;0,0;0,0
NL:S:60157270;IJpenbroekweg;Nijmegen;12,6;12,8;0,0;0,0;0,0;0,0
NL:S:60157290;Poort Neerbosch P en R;Nijmegen;35,0;32,6;0,0;0,0;0,0;0,0
NL:S:60157310;Poort Neerbosch ;Nijmegen;98,6;65,6;0,0;0,0;0,0;0,0
NL:S:60159070;Zellersacker;Nijmegen;92,5;85,4;0,0;0,0;0,0;0,0
NL:S:60159080;Hegdambroek;Nijmegen;51,1;59,0;0,0;0,0;0,0;0,0
NL:S:60159090;Hillekensacker 10e str.;Nijmegen;64,9;61,3;0,0;0,0;0,0;0,0
NL:S:60159110;Leuvensbroek;Nijmegen;155,4;157,7;0,0;0,0;0,0;0,0
NL:S:60159120;Wedesteinbroek 12e str.;Nijmegen;92,6;106,8;0,0;0,0;0,0;0,0
NL:S:60159130;Wedesteinbroek 22e str.;Nijmegen;31,9;35,3;0,0;0,0;0,0;0,0
NL:S:60190010;Rijksweg;Beek;7,1;19,7;0,0;0,0;0,0;0,0
NL:S:60190020;Werchensestraat;Wercheren;0,3;0,3;0,0;0,0;0,0;0,0
NL:S:60190090;Leuthsestraat;Ooij;3,3;2,6;0,0;0,0;0,0;0,0
NL:S:60190100;Erlecomseweg;Erlecom;3,6;2,6;0,0;0,0;0,0;0,0
NL:S:60190110;De Sprong;Ooij;71,8;75,1;0,0;0,0;0,0;0,0
NL:S:60190120;Steenfabriek;Erlecom;0,9;1,4;0,0;0,0;0,0;0,0
NL:S:60190130;Nassaustraat;Ooij;21,8;18,0;0,0;0,0;0,0;0,0
NL:S:60190140;Erlecomsedam;Ooij;6,6;10,1;0,0;0,0;0,0;0,0
NL:S:60190900;Waterleidingmij;Ubbergen;10,7;9,9;0,0;0,0;0,0;0,0
NL:S:60190940;Ubbergse Holleweg;Ubbergen;32,6;28,3;0,0;0,0;0,0;0,0
NL:S:60190980;De Refter;Ubbergen;8,1;9,8;0,0;0,0;0,0;0,0
NL:S:60195060;Hamerlaan;Berg en Dal;49,5;10,3;0,0;0,0;0,0;0,0
NL:S:60195080;de Meerberg;Berg en Dal;36,7;40,5;0,0;0,0;0,0;0,0
NL:S:60195120;Prins Alexanderlaan;Berg en Dal;31,6;34,8;0,0;0,0;0,0;0,0
NL:S:60196040;Kwartelstraat;Beek;2,2;1,7;0,0;0,0;0,0;0,0
NL:S:60196060;Lindestraat;Beek;0,8;0,4;0,0;0,0;0,0;0,0
NL:S:60196090;Kulturhus;Beek;0,5;0,7;0,0;0,0;0,0;0,0
NL:S:60196100;Verbindingsweg;Beek;97,0;65,9;0,0;0,0;0,0;0,0
NL:S:60196120;van Randwijckweg;Beek;4,8;9,6;0,0;0,0;0,0;0,0
NL:S:60196150;Gemeentehuis;Beek;49,4;60,0;0,0;0,0;0,0;0,0
NL:S:60196500;Groot Berg en Dal;Berg en Dal;12,6;60,5;0,0;0,0;0,0;0,0
NL:S:60196520;Meidoornstraat;Beek;3,3;2,9;0,0;0,0;0,0;0,0
NL:S:60196550;Koningsholster;Beek;2,6;1,7;0,0;0,0;0,0;0,0
NL:S:60196570;Wylerbad;Beek;0,0;0,3;0,0;0,0;0,0;0,0
NL:S:60196610;Kalorama;Beek;4,2;1,8;0,0;0,0;0,0;0,0
NL:S:60200010;Sluisweg;Heumen;11,9;11,5;0,0;0,0;0,0;0,0
NL:S:60200020;Cuijksesteeg;Mook;10,0;8,1;0,0;0,0;0,0;0,0
NL:S:60200030;Rijksweg;Molenhoek;14,5;14,9;0,0;0,0;0,0;0,0
NL:S:60200040;Gemeentehuis;Mook;9,0;9,4;0,0;0,0;0,0;0,0
NL:S:60200050;Rijksweg/Veldweg;Mook;8,7;8,3;0,0;0,0;0,0;0,0
NL:S:60200250;Station Mook Molenhoek;Molenhoek;0,2;0,1;0,0;0,0;0,0;0,0
NL:S:60210010;Stekkenberg;Groesbeek;54,3;63,9;0,0;0,0;0,0;0,0
NL:S:60210021;Hemeltje;Breedeweg;13,4;14,0;0,0;0,0;0,0;0,0
NL:S:60210030;Nieuweweg;Groesbeek;42,0;45,3;0,0;0,0;0,0;0,0
NL:S:60210041;2e Colonjes;Groesbeek;27,4;23,0;0,0;0,0;0,0;0,0
NL:S:60210050;De Oude Molen;Groesbeek;57,7;43,4;0,0;0,0;0,0;0,0
NL:S:60210060;Herwendaal;Groesbeek;25,6;24,7;0,0;0,0;0,0;0,0
NL:S:60210070;Händelstraat;Groesbeek;1,5;64,3;0,0;0,0;0,0;0,0
NL:S:60210080;Zuidmolen;Groesbeek;90,3;114,9;0,0;0,0;0,0;0,0
NL:S:60210090;Centrum;Groesbeek;245,9;211,9;0,0;0,0;0,0;0,0
NL:S:60210191;Kerkplein;Breedeweg;79,5;60,8;0,0;0,0;0,0;0,0
NL:S:60210220;Hoge Horst;De Horst;1,4;2,2;0,0;0,0;0,0;0,0
NL:S:60210240;Kruispunt;Groesbeek;24,2;10,9;0,0;0,0;0,0;0,0
NL:S:60210250;Gooiseweg;Groesbeek;22,3;20,2;0,0;0,0;0,0;0,0
NL:S:60210260;Kloosterstraat;Groesbeek;50,7;43,2;0,0;0,0;0,0;0,0
NL:S:60210330;Kerk;De Horst;50,4;42,4;0,0;0,0;0,0;0,0
NL:S:60210350;De Mallemolen;Groesbeek;0,0;0,0;0,0;0,0;0,0;0,0
NL:S:60210370;Gezondheidscentrum;Groesbeek;0,0;0,0;0,0;0,0;0,0;0,0
NL:S:60211030;De Wolfsberg;Groesbeek;0,4;0,8;0,0;0,0;0,0;0,0
NL:S:60211150;Henry Dunantstraat;Groesbeek;0,0;0,0;0,0;0,0;0,0;0,0
NL:S:60211630;Canadese Begraafplaats;Groesbeek;0,3;0,3;0,0;0,0;0,0;0,0
NL:S:60214050;Spoorzicht;Groesbeek;0,0;0,0;0,0;0,0;0,0;0,0
NL:S:60214070;Winkelc. Margrietstraat;Groesbeek;0,0;0,0;0,0;0,0;0,0;0,0
NL:S:60214090;Centrum;Groesbeek;0,0;0,0;0,0;0,0;0,0;0,0
NL:S:60214110;Zwembad De Lubert;Groesbeek;0,0;0,0;0,0;0,0;0,0;0,0
NL:S:60214130;Scholen;Groesbeek;0,0;0,0;0,0;0,0;0,0;0,0
NL:S:60214150;Sportpark Zuid;Groesbeek;0,0;0,0;0,0;0,0;0,0;0,0
NL:S:60214270;De Strekel;Groesbeek;0,0;0,0;0,0;0,0;0,0;0,0
NL:S:60250010;Rijdtsestraat;Alverna;4,7;5,7;0,0;0,0;0,0;0,0
NL:S:60250020;Eindsestraat;Nederasselt;10,4;12,8;0,0;0,0;0,0;0,0
NL:S:60250050;Broekstraat;Nederasselt;7,8;7,4;0,0;0,0;0,0;0,0
NL:S:60250070;Kuilstraat;Nederasselt;5,2;5,9;0,0;0,0;0,0;0,0
NL:S:60250310;Oosterweg;Alverna;6,1;5,8;0,0;0,0;0,0;0,0
NL:S:60250330;Huurlingsedam;Alverna;8,4;8,6;0,0;0,0;0,0;0,0
NL:S:60290010;Duffeltdijk;Leuth;0,5;0,9;0,0;0,0;0,0;0,0
NL:S:60290020;Industrieterrein;Leuth;0,9;0,6;0,0;0,0;0,0;0,0
NL:S:60290030;De Hoge Kamp;Leuth;8,3;8,9;0,0;0,0;0,0;0,0
NL:S:60290040;Morgenbad;Leuth;15,4;14,1;0,0;0,0;0,0;0,0
NL:S:60290050;Klaproosstraat;Leuth;7,0;10,2;0,0;0,0;0,0;0,0
NL:S:60290060;Kerkplein;Leuth;45,9;44,7;0,0;0,0;0,0;0,0
NL:S:60290140;Biesterveld;Leuth;0,3;0,3;0,0;0,0;0,0;0,0
NL:S:60290170;Molen;Kekerdom;0,2;0,2;0,0;0,0;0,0;0,0
NL:S:60290190;Eversberg;Kekerdom;0,3;1,6;0,0;0,0;0,0;0,0
NL:S:60290230;Weverstraat;Kekerdom;24,4;24,0;0,0;0,0;0,0;0,0
NL:S:60300010;Swaere Noodt;Plasmolen;0,4;0,7;0,0;0,0;0,0;0,0
NL:S:60300030;Rijksweg/Witteweg;Plasmolen;11,7;11,8;0,0;0,0;0,0;0,0
NL:S:60300110;Helweg;Milsbeek;5,3;4,5;0,0;0,0;0,0;0,0
NL:S:60300130;Milsbeek Zuid;Milsbeek;1,8;1,4;0,0;0,0;0,0;0,0
NL:S:60300140;Oudebaan;Milsbeek;7,5;6,7;0,0;0,0;0,0;0,0
NL:S:60300160;Rijksweg/Kerkstraat;Milsbeek;14,4;10,3;0,0;0,0;0,0;0,0
NL:S:60350010;Busstation;Grave;267,9;238,6;0,0;0,0;0,0;0,0
NL:S:60350020;Binckhof;Velp;11,3;12,6;0,0;0,0;0,0;0,0
NL:S:60350030;Stoofweg;Grave;24,4;28,3;0,0;0,0;0,0;0,0
NL:S:60350040;Generaal de Bonsweg;Grave;7,8;6,9;0,0;0,0;0,0;0,0
NL:S:60350080;Heijtmorgen;Velp;0,2;0,4;0,0;0,0;0,0;0,0
NL:S:60390040;Rembrandtstraat;Millingen;47,3;51,0;0,0;0,0;0,0;0,0
NL:S:60390060;Sportpark;Millingen;28,5;25,9;0,0;0,0;0,0;0,0
NL:S:60390080;Gemeentehuis;Millingen;159,1;161,6;0,0;0,0;0,0;0,0
NL:S:60390090;Molenveld;Millingen;14,0;19,1;0,0;0,0;0,0;0,0
NL:S:60390110;Gezondheidscentrum;Millingen;77,3;87,6;0,0;0,0;0,0;0,0
NL:S:60390210;Grenskantoor;Millingen;40,7;21,1;0,0;0,0;0,0;0,0
NL:S:60400100;Drie Kronen;Ottersum;1,9;1,7;0,0;0,0;0,0;0,0
NL:S:60410020;Veerweg;Oeffelt;0,0;0,0;0,0;0,0;0,0;0,0
NL:S:60410030;Hagelkruisstraat;Beugen;0,0;0,0;0,0;0,0;0,0;0,0
NL:S:60410060;Kwekerij;Oeffelt;0,4;0,3;0,0;0,0;0,0;0,0
NL:S:60410080;Oeffeltseweg;Beugen;0,0;0,0;0,0;0,0;0,0;0,0
NL:S:60410210;Maasziekenhuis;Boxmeer;0,1;0,1;0,0;0,0;0,0;0,0
NL:S:60450020;Duifhuis;Zeeland;0,1;0,4;0,0;0,0;0,0;0,0
NL:S:60450060;Rijksweg;Reek;1,4;2,1;0,0;0,0;0,0;0,0
NL:S:60450270;Kreitsberg;Zeeland;1,1;1,6;0,0;0,0;0,0;0,0
NL:S:60450500;Mgr. Borretstraat;Reek;9,4;11,3;0,0;0,0;0,0;0,0
NL:S:60500010;Busstation;Gennep;50,0;42,5;0,0;0,0;0,0;0,0
NL:S:60500080;Brabantweg;Gennep;0,0;0,1;0,0;0,0;0,0;0,0
NL:S:60500210;Heijenseweg;Gennep;0,5;0,5;0,0;0,0;0,0;0,0
NL:S:60500250;Niersbrug;Gennep;9,5;7,1;0,0;0,0;0,0;0,0
NL:S:60500270;Stiemensweg;Gennep;3,0;1,0;0,0;0,0;0,0;0,0
NL:S:60500290;Wilhelminaplein;Gennep;16,3;14,3;0,0;0,0;0,0;0,0
NL:S:60500310;Zuid-Oostwal;Gennep;7,1;8,7;0,0;0,0;0,0;0,0
NL:S:60500330;De Groote Heeze;Heijen;0,4;0,7;0,0;0,0;0,0;0,0
NL:S:60500350;Heesweg;Heijen;1,8;1,7;0,0;0,0;0,0;0,0
NL:S:60500370;Heijen Zuid;Heijen;2,9;1,4;0,0;0,0;0,0;0,0
NL:S:60500390;Nieuwwijkstraat;Heijen;5,3;2,6;0,0;0,0;0,0;0,0
NL:S:60500430;Ottersumseweg;Ottersum;34,6;27,7;0,0;0,0;0,0;0,0
NL:S:60510020;Hoogendijk;Boxmeer;0,1;0,0;0,0;0,0;0,0;0,0
NL:S:60510040;Station;Boxmeer;0,5;0,6;0,0;0,0;0,0;0,0
NL:S:60510060;Bilderbeekstraat;Boxmeer;0,2;0,1;0,0;0,0;0,0;0,0
NL:S:60510210;Beugenseweg;Boxmeer;0,0;0,0;0,0;0,0;0,0;0,0
NL:S:60550030;Peelweg;Zeeland;4,7;6,6;0,0;0,0;0,0;0,0
NL:S:60550040;Udenseweg N265;Zeeland;0,8;2,2;0,0;0,0;0,0;0,0
NL:S:60550080;Eikenhof;Zeeland;4,6;4,9;0,0;0,0;0,0;0,0
NL:S:60550090;Gemeentehuis;Zeeland;8,6;11,2;0,0;0,0;0,0;0,0
NL:S:60550170;Voederheil;Zeeland;0,9;0,6;0,0;0,0;0,0;0,0
NL:S:60550190;Tweehekkenweg;Zeeland;1,1;1,5;0,0;0,0;0,0;0,0
NL:S:60559070;Melkpad;Zeeland;6,7;8,8;0,0;0,0;0,0;0,0
NL:S:60600100;Gening;Afferden;6,0;2,0;0,0;0,0;0,0;0,0
NL:S:60600120;Hengeland;Afferden;0,1;0,2;0,0;0,0;0,0;0,0
NL:S:60600140;Heukelom;Afferden;0,3;0,2;0,0;0,0;0,0;0,0
NL:S:60600160;Veer naar Sambeek;Afferden;4,0;1,9;0,0;0,0;0,0;0,0
NL:S:60600200;Heijense Molen;Heijen;0,5;0,2;0,0;0,0;0,0;0,0
NL:S:60650100;Violierstraat;Uden;7,6;7,0;0,0;0,0;0,0;0,0
NL:S:60650250;Wijsthoek;Uden;8,1;8,7;0,0;0,0;0,0;0,0
NL:S:60650400;Busstation;Uden;57,8;70,6;0,0;0,0;0,0;0,0
NL:S:60651160;Heufkens;Uden;2,3;2,1;0,0;0,0;0,0;0,0
NL:S:60700100;Aijerdijk;Aijen;1,9;1,0;0,0;0,0;0,0;0,0
NL:S:60700160;Bergse Heide;Nieuw Bergen;4,3;2,2;0,0;0,0;0,0;0,0
NL:S:60700180;De Flammert;Nieuw Bergen;0,6;0,1;0,0;0,0;0,0;0,0
NL:S:60700200;Gemeentehuis;Nieuw Bergen;14,8;8,1;0,0;0,0;0,0;0,0
NL:S:61120010;Kerkstraat;Weurt;90,3;86,9;0,0;0,0;0,0;0,0
NL:S:61120020;Hommelstraat;Beuningen;17,6;17,9;0,0;0,0;0,0;0,0
NL:S:61120040;Kerk;Beuningen;48,5;59,3;0,0;0,0;0,0;0,0
NL:S:61120050;Distelakkerstraat;Beuningen;12,7;13,6;0,0;0,0;0,0;0,0
NL:S:61120110;Pottenbakker;Beuningen;40,3;47,3;0,0;0,0;0,0;0,0
NL:S:61120120;Haagstraat;Beuningen;23,9;24,3;0,0;0,0;0,0;0,0
NL:S:61120130;Sporthal de Tinnegieter;Beuningen;107,2;93,3;0,0;0,0;0,0;0,0
NL:S:61120150;Centrum;Beuningen;161,4;154,7;0,0;0,0;0,0;0,0
NL:S:61120230;Schacht;Beuningen;96,6;83,8;0,0;0,0;0,0;0,0
NL:S:61120250;Aalsterveld;Beuningen;130,2;105,1;0,0;0,0;0,0;0,0
NL:S:61120270;Wilgenoord;Beuningen;31,2;43,8;0,0;0,0;0,0;0,0
NL:S:61120290;Hadrianussingel;Beuningen;9,7;15,4;0,0;0,0;0,0;0,0
NL:S:61120310;Tiberiuslaan;Beuningen;26,6;22,4;0,0;0,0;0,0;0,0
NL:S:61120370;Lavendelstraat;Beuningen;49,3;58,9;0,0;0,0;0,0;0,0
NL:S:61120470;Gemeentehuis;Beuningen;35,3;35,2;0,0;0,0;0,0;0,0
NL:S:61120490;Beatrixplein;Beuningen;3,1;4,1;0,0;0,0;0,0;0,0
NL:S:61121300;Forelgracht;Beuningen;5,5;4,6;0,0;0,0;0,0;0,0
NL:S:61121320;Snoekgracht;Beuningen;8,4;6,2;0,0;0,0;0,0;0,0
NL:S:61121340;Ganzeneiland;Beuningen;7,5;7,1;0,0;0,0;0,0;0,0
NL:S:61121360;Wolfsbossingel;Beuningen;7,3;7,1;0,0;0,0;0,0;0,0
NL:S:61190030;Het Nevelveld;Doornik;0,3;0,8;0,0;0,0;0,0;0,0
NL:S:61190051;Zandsepad;Doornik;2,1;1,8;0,0;0,0;0,0;0,0
NL:S:61190070;Doornik;Doornik;1,5;1,7;0,0;0,0;0,0;0,0
NL:S:61190090;Bekkersland;Doornik;1,8;2,3;0,0;0,0;0,0;0,0
NL:S:61190110;Laauwikstraat;Lent;6,8;20,1;0,0;0,0;0,0;0,0
NL:S:61190125;Eikenlaan;Lent;17,4;0,4;0,0;0,0;0,0;0,0
NL:S:61190130;Petuniastraat;Lent;32,3;31,2;0,0;0,0;0,0;0,0
NL:S:61190150;Lentseveld;Lent;40,0;29,9;0,0;0,0;0,0;0,0
NL:S:61190190;Citadel College;Lent;44,8;46,4;0,0;0,0;0,0;0,0
NL:S:61190230;Station Lent Laauwikstr;Lent;153,5;177,7;0,0;0,0;0,0;0,0
NL:S:61190270;Station Lent;Lent;44,3;45,1;0,0;0,0;0,0;0,0
NL:S:61190300;Stationsstraat;Lent;45,8;54,3;0,0;0,0;0,0;0,0
NL:S:61190350;Oude Groenestraat;Oosterhout;25,6;28,2;0,0;0,0;0,0;0,0
NL:S:61190370;Turennesingel;Lent;0,4;0,7;0,0;0,0;0,0;0,0
NL:S:61190390;Dijkstraat;Lent;29,3;25,7;0,0;0,0;0,0;0,0
NL:S:61190410;Kruidenstraat;Oosterhout;29,0;28,6;0,0;0,0;0,0;0,0
NL:S:61190470;Terracottastraat;Oosterhout;32,7;32,8;0,0;0,0;0,0;0,0
NL:S:61190710;Jonagoldstraat;Oosterhout;138,9;129,0;0,0;0,0;0,0;0,0
NL:S:61190750;De Klif;Oosterhout;74,3;70,8;0,0;0,0;0,0;0,0
NL:S:61190790;Aquilastraat;Oosterhout;57,0;60,9;0,0;0,0;0,0;0,0
NL:S:61191390;Frankrijkstraat;Lent;75,3;74,0;0,0;0,0;0,0;0,0
NL:S:61191410;De Ster;Lent;68,7;75,6;0,0;0,0;0,0;0,0
NL:S:61191490;Dalidastraat;Lent;2,4;19,2;0,0;0,0;0,0;0,0
NL:S:61191510;Thermion (West);Lent;0,2;19,3;0,0;0,0;0,0;0,0
NL:S:61191520;Thermion (Oost);Lent;55,1;8,0;0,0;0,0;0,0;0,0
NL:S:61191550;Fluitenkruid;Lent;32,4;27,1;0,0;0,0;0,0;0,0
NL:S:61191590;Veur Lent;Lent;5,1;7,9;0,0;0,0;0,0;0,0
NL:S:61192000;P+R Waalsprinter;Ressen;42,2;42,4;0,0;0,0;0,0;0,0
NL:S:61220010;Julianastraat;Ewijk;80,5;73,8;0,0;0,0;0,0;0,0
NL:S:61220020;Deijnschestraat;Winssen;2,1;2,6;0,0;0,0;0,0;0,0
NL:S:61220030;Molenweg;Ewijk;4,7;4,6;0,0;0,0;0,0;0,0
NL:S:61220040;Geerstraat;Winssen;6,2;6,4;0,0;0,0;0,0;0,0
NL:S:61220060;Leegstraat;Winssen;28,5;27,7;0,0;0,0;0,0;0,0
NL:S:61220170;Keizershoeve;Ewijk;20,7;24,6;0,0;0,0;0,0;0,0
NL:S:61220190;Plakstraat;Winssen;13,6;15,9;0,0;0,0;0,0;0,0
NL:S:61240010;Nieuweweg;Wijchen;4,8;5,9;0,0;0,0;0,0;0,0
NL:S:61240020;Kraaijenberg 79e straat;Wijchen;1,1;1,8;0,0;0,0;0,0;0,0
NL:S:61240040;Kraaijenberg 86e straat;Wijchen;4,2;3,4;0,0;0,0;0,0;0,0
NL:S:61240050;Aalsburg;Wijchen;0,1;0,2;0,0;0,0;0,0;0,0
NL:S:61240060;Homberg;Wijchen;13,6;14,0;0,0;0,0;0,0;0,0
NL:S:61240070;Buizerdstraat;Wijchen;6,5;7,4;0,0;0,0;0,0;0,0
NL:S:61240080;Heilige Stoel 38/46;Wijchen;8,4;7,8;0,0;0,0;0,0;0,0
NL:S:61240100;Heilige Stoel 38/48;Wijchen;11,2;9,9;0,0;0,0;0,0;0,0
NL:S:61240110;Tunnelweg;Wijchen;12,0;13,8;0,0;0,0;0,0;0,0
NL:S:61240130;Holenbergseweg;Wijchen;8,3;7,9;0,0;0,0;0,0;0,0
NL:S:61240150;Schoenaker;Wijchen;1,1;17,6;0,0;0,0;0,0;0,0
NL:S:61240280;Station Wijchen;Wijchen;80,3;100,5;0,0;0,0;0,0;0,0
NL:S:61240290;Herenstraat;Wijchen;1,0;0,9;0,0;0,0;0,0;0,0
NL:S:61240350;Blauwe Hof 40e straat;Wijchen;0,4;0,2;0,0;0,0;0,0;0,0
NL:S:61240380;Diepvoorde;Wijchen;0,0;0,0;0,0;0,0;0,0;0,0
NL:S:61240390;Huissteden;Wijchen;20,1;12,6;0,0;0,0;0,0;0,0
NL:S:61240610;Zuiderpoort;Wijchen;33,5;32,3;0,0;0,0;0,0;0,0
NL:S:61240630;Kraaijenberg 83e straat;Wijchen;16,0;15,5;0,0;0,0;0,0;0,0
NL:S:61240640;De Ververt;Wijchen;10,6;11,0;0,0;0,0;0,0;0,0
NL:S:61240680;Oud-Ravensteinseweg;Wijchen;0,0;0,0;0,0;0,0;0,0;0,0
NL:S:61240720;Kerkeveld;Wijchen;21,4;21,8;0,0;0,0;0,0;0,0
NL:S:61240880;Bijsterh.22/Wilhelminal.;Wijchen;1,0;2,9;0,0;0,0;0,0;0,0
NL:S:61240910;Palkerplein;Wijchen;20,0;20,7;0,0;0,0;0,0;0,0
NL:S:61240950;Bijsterhuizen 21;Wijchen;8,9;10,1;0,0;0,0;0,0;0,0
NL:S:61240970;Bijsterhuizen 25;Wijchen;11,7;14,4;0,0;0,0;0,0;0,0
NL:S:61240990;Bijsterhuizen 10;Wijchen;6,8;12,0;0,0;0,0;0,0;0,0
NL:S:61241010;Mozaiek;Wijchen;5,9;6,0;0,0;0,0;0,0;0,0
NL:S:61241030;De Meerval;Wijchen;7,3;8,6;0,0;0,0;0,0;0,0
NL:S:61241050;Europaplein;Wijchen;30,4;34,0;0,0;0,0;0,0;0,0
NL:S:61241070;Meerdreef/Oosterweg;Wijchen;7,7;9,5;0,0;0,0;0,0;0,0
NL:S:61241270;Vijverlaan;Wijchen;7,3;10,0;0,0;0,0;0,0;0,0
NL:S:61241430;Kronenland;Wijchen;4,1;4,4;0,0;0,0;0,0;0,0
NL:S:61241470;Sluiskamp;Wijchen;7,4;7,2;0,0;0,0;0,0;0,0
NL:S:61241510;Blauwe Hof 60e straat;Wijchen;3,1;3,3;0,0;0,0;0,0;0,0
NL:S:61242010;Veenhof;Wijchen;20,6;8,0;0,0;0,0;0,0;0,0
NL:S:61242030;Weegbree;Wijchen;2,1;1,1;0,0;0,0;0,0;0,0
NL:S:61301230;Kerkplein;Valburg;27,7;27,7;0,0;0,0;0,0;0,0
NL:S:61301270;Tielsestraat;Valburg;1,0;0,8;0,0;0,0;0,0;0,0
NL:S:61301310;Strandpark Noord;Valburg;2,4;3,9;0,0;0,0;0,0;0,0
NL:S:61320020;Klapstraat;Afferden;5,5;4,9;0,0;0,0;0,0;0,0
NL:S:61320031;Koningstraat;Afferden;2,4;3,0;0,0;0,0;0,0;0,0
NL:S:61320041;Pas;Afferden;19,8;20,4;0,0;0,0;0,0;0,0
NL:S:61320080;Grotestraat;Deest;31,6;32,3;0,0;0,0;0,0;0,0
NL:S:61330030;Willibrordstraat;Batenburg;4,6;0,4;0,0;0,0;0,0;0,0
NL:S:61330070;RK Kerk;Batenburg;2,4;5,6;0,0;0,0;0,0;0,0
NL:S:61340030;Leurseweg;Leur;0,0;0,2;0,0;0,0;0,0;0,0
NL:S:61340070;Broekstraat;Hernen;0,2;0,8;0,0;0,0;0,0;0,0
NL:S:61340090;Smitskampje;Hernen;1,4;1,4;0,0;0,0;0,0;0,0
NL:S:61400010;Lingebrug;Zetten;1,1;1,4;0,0;0,0;0,0;0,0
NL:S:61400030;Molenstraat;Zetten;0,2;0,4;0,0;0,0;0,0;0,0
NL:S:61401001;Station Zetten Andelst;Zetten;10,7;13,6;0,0;0,0;0,0;0,0
NL:S:61401230;Brittanjesingel;Zetten;7,6;9,3;0,0;0,0;0,0;0,0
NL:S:61401270;Stationsstraat;Zetten;9,0;9,0;0,0;0,0;0,0;0,0
NL:S:61401310;Hoofdstraat;Zetten;9,3;7,2;0,0;0,0;0,0;0,0
NL:S:61402230;Wilhelminastraat;Andelst;6,3;6,2;0,0;0,0;0,0;0,0
NL:S:61402270;Monument;Andelst;3,8;3,1;0,0;0,0;0,0;0,0
NL:S:61403230;Planetenlaan;Herveld;4,6;6,4;0,0;0,0;0,0;0,0
NL:S:61403270;Stenenkamerstraat;Herveld;13,8;11,1;0,0;0,0;0,0;0,0
NL:S:61403310;De Hoge Hof;Herveld;13,9;12,4;0,0;0,0;0,0;0,0
NL:S:61404230;'t Hoeveslag;Herveld;1,2;1,5;0,0;0,0;0,0;0,0
NL:S:61404270;Kruisstraat;Herveld;1,7;1,7;0,0;0,0;0,0;0,0
NL:S:61404310;Lechstraat;Herveld;1,6;2,2;0,0;0,0;0,0;0,0
NL:S:61404350;Molen de Vink;Herveld;4,6;4,0;0,0;0,0;0,0;0,0
NL:S:61410010;Station;Tiel;19,5;7,7;0,0;0,0;0,0;0,0
NL:S:61410030;Veemarkt;Tiel;5,1;2,9;0,0;0,0;0,0;0,0
NL:S:61410640;Laan van Westroijen;Tiel;2,5;1,4;0,0;0,0;0,0;0,0
NL:S:61412150;Predikbroedersweg;Tiel;1,5;1,5;0,0;0,0;0,0;0,0
NL:S:61420010;Pax Christi College;Druten;18,7;30,2;0,0;0,0;0,0;0,0
NL:S:61420030;Hermes Garage;Druten;7,7;8,3;0,0;0,0;0,0;0,0
NL:S:61420050;Markt;Druten;20,7;22,9;0,0;0,0;0,0;0,0
NL:S:61420070;Javaplein;Druten;6,2;5,6;0,0;0,0;0,0;0,0
NL:S:61420160;Gemeentehuis;Druten;5,7;10,2;0,0;0,0;0,0;0,0
NL:S:61420320;Westerhout;Puiflijk;2,1;1,9;0,0;0,0;0,0;0,0
NL:S:61420510;Scharenburg/N322;Druten;51,6;51,2;0,0;0,0;0,0;0,0
NL:S:61421000;Busstation;Druten;619,7;616,3;0,0;0,0;0,0;0,0
NL:S:61440010;Schaarsestraat;Bergharen;2,2;0,4;0,0;0,0;0,0;0,0
NL:S:61440030;De Weem;Bergharen;7,1;6,7;0,0;0,0;0,0;0,0
NL:S:61440070;Grotestraat;Bergharen;1,6;1,4;0,0;0,0;0,0;0,0
NL:S:61520210;Molenstraat;Boven Leeuwen;6,4;1,7;0,0;0,0;0,0;0,0
NL:S:61520230;Akkerstraat;Beneden-Leeuwen;23,2;8,5;0,0;0,0;0,0;0,0
NL:S:61520250;Veesteeg;Beneden Leeuwen;7,6;1,5;0,0;0,0;0,0;0,0
NL:S:61520350;Prins Willem Alexanderbrug;Beneden-Leeuwen;2,8;1,2;0,0;0,0;0,0;0,0
NL:S:69000160;Hakkesstraat;Venlo;0,1;0,0;0,0;0,0;0,0;0,0
NL:S:69000280;Goltziusstraat;Venlo;0,0;0,0;0,0;0,0;0,0;0,0
NL:S:69000340;Heilig Hartkerk;Venlo;0,1;0,0;0,0;0,0;0,0;0,0
NL:S:69000380;Hogeweg;Venlo;0,0;0,0;0,0;0,0;0,0;0,0
NL:S:69000440;Karbindersstraat;Venlo;0,0;0,0;0,0;0,0;0,0;0,0
NL:S:69000660;Mgr. Nolensplein;Venlo;0,1;0,1;0,0;0,0;0,0;0,0
NL:S:69000900;Station;Venlo;0,8;0,6;0,0;0,0;0,0;0,0
NL:S:69001090;Veldenseweg;Venlo;0,0;0,0;0,0;0,0;0,0;0,0
NL:S:69100100;Hasselt;Velden;0,0;0,0;0,0;0,0;0,0;0,0
NL:S:69100120;Markt;Velden;0,6;0,4;0,0;0,0;0,0;0,0
NL:S:69100140;Taurus;Velden;0,1;0,0;0,0;0,0;0,0;0,0
NL:S:69100160;Velden Zuid;Velden;0,6;0,1;0,0;0,0;0,0;0,0
NL:S:69200100;De Voort;Lomm;0,1;0,0;0,0;0,0;0,0;0,0
NL:S:69200120;Spikweien;Lomm;0,8;0,2;0,0;0,0;0,0;0,0
NL:S:69200140;Veer naar Lottum;Lomm;0,0;0,0;0,0;0,0;0,0;0,0
NL:S:69300100;Koestraat;Arcen;1,2;0,3;0,0;0,0;0,0;0,0
NL:S:69300120;Laakweg;Arcen;2,1;1,0;0,0;0,0;0,0;0,0
NL:S:69300140;Veer naar Broekhuizen;Arcen;0,2;0,1;0,0;0,0;0,0;0,0
NL:S:69400100;Thermaalbad;Arcen;0,3;0,4;0,0;0,0;0,0;0,0
NL:S:69400120;Hotel de Hamert;Wellerlooi;0,3;0,1;0,0;0,0;0,0;0,0
NL:S:69500100;Catharinastraat;Wellerlooi;1,3;0,6;0,0;0,0;0,0;0,0
NL:S:69500120;Kruisstraat;Wellerlooi;0,3;0,2;0,0;0,0;0,0;0,0
NL:S:69500140;Wellerlooi Zuid;Wellerlooi;0,1;0,1;0,0;0,0;0,0;0,0
NL:S:69600100;Bosserheide;Well;0,1;0,1;0,0;0,0;0,0;0,0
NL:S:69600120;Kasteellaan;Well;5,0;1,8;0,0;0,0;0,0;0,0
NL:S:69600220;Knikkerdorp;Well;0,3;0,1;0,0;0,0;0,0;0,0
NL:S:69600240;Halve Maan;Well;0,3;0,2;0,0;0,0;0,0;0,0
NL:S:69600280;Leuken;Well;0,1;0,1;0,0;0,0;0,0;0,0
NL:S:80000020;Landesgrenze;Wyler;0,6;0,0;0,0;0,0;0,0;0,0
